DATE TIME,JDAY,TAIR,TDEW,WIND,PHI,CLOUD,SRO
1/1/2007 0:00,31412,3.89,1.1,0.8,6.09,10,0
1/1/2007 1:00,31412.04,4.44,0.3,0.6,5.95,10,0
1/1/2007 2:00,31412.08,5,-0.1,0.5,0.84,10,0
1/1/2007 3:00,31412.13,4.44,-0.8,0.5,5.92,10,0
1/1/2007 4:00,31412.17,4.44,0.4,1.3,5.48,10,0
1/1/2007 5:00,31412.21,3.89,0.4,1.3,0.12,10,1
1/1/2007 6:00,31412.25,3.33,-0.1,0.9,1.34,10,1
1/1/2007 7:00,31412.29,2.78,-0.1,1.1,0.87,6.8,10
1/1/2007 8:00,31412.34,4.44,0.5,2.4,1.5,10,49
1/1/2007 9:00,31412.38,6.67,1.3,2.5,2.25,10,89
1/1/2007 10:00,31412.42,5.56,2.3,2.2,2.69,10,101
1/1/2007 11:00,31412.46,9.44,3.2,2.4,2.36,9.92,164
1/1/2007 12:00,31412.5,11.67,4.1,2.4,2.34,8.34,249
1/1/2007 13:00,31412.55,11.11,4.3,2.7,2.3,4.89,343
1/1/2007 14:00,31412.59,12.78,4.5,2.5,2.88,4.86,264
1/1/2007 15:00,31412.63,9.44,4.1,2.2,3.6,5.98,137
1/1/2007 16:00,31412.67,7.22,3.6,1.3,3.18,2.54,14
1/1/2007 17:00,31412.71,5.56,2.8,1.3,0.75,10,0
1/1/2007 18:00,31412.76,6.11,1.8,1.1,0.42,10,0
1/1/2007 19:00,31412.8,5.56,2,1.1,0.21,10,0
1/1/2007 20:00,31412.84,6.67,1,1,1.08,10,0
1/1/2007 21:00,31412.88,6.11,1,0.7,5.71,10,0
1/1/2007 22:00,31412.92,5.56,-0.1,0.8,0.33,10,0
1/1/2007 23:00,31412.97,5.56,0,1.3,1.69,10,0
1/2/2007 0:00,31413,5.56,-0.1,1,3.63,10,1
1/2/2007 1:00,31413.04,6.11,-0.8,0.8,1.55,10,1
1/2/2007 2:00,31413.08,5.56,-0.7,1.1,3.91,10,1
1/2/2007 3:00,31413.13,3.33,-1.7,0.9,5.93,10,1
1/2/2007 4:00,31413.17,5.56,-2,0.5,6.25,10,0
1/2/2007 5:00,31413.21,5,-1.6,1.1,1.64,10,0
1/2/2007 6:00,31413.25,4.44,-0.7,1.7,2.08,10,1
1/2/2007 7:00,31413.29,4.44,-1,1.1,5.01,0,22
1/2/2007 8:00,31413.34,5.56,0.6,1.3,0.23,7.25,118
1/2/2007 9:00,31413.38,10.56,3.2,2.3,1.34,4.25,276
1/2/2007 10:00,31413.42,13.33,3.9,3.5,1.95,5.25,334
1/2/2007 11:00,31413.46,11.67,3.9,2.8,2.79,6.99,311
1/2/2007 12:00,31413.5,12.22,3.7,2.6,2.98,7.08,307
1/2/2007 13:00,31413.55,12.78,3.5,2.1,3.32,5.64,323
1/2/2007 14:00,31413.59,12.78,3.6,1.4,4.75,8.92,151
1/2/2007 15:00,31413.63,12.22,3.7,1.3,6.16,4.19,159
1/2/2007 16:00,31413.67,10,3.9,0.8,3.19,0,17
1/2/2007 17:00,31413.71,9.44,3.9,1.1,4.38,10,0
1/2/2007 18:00,31413.76,8.89,3.5,1.6,5.06,10,0
1/2/2007 19:00,31413.8,9.44,3.1,0.9,1.8,10,0
1/2/2007 20:00,31413.84,7.22,2.5,0.6,2.15,10,0
1/2/2007 21:00,31413.88,7.22,2.5,0.9,0.59,10,0
1/2/2007 22:00,31413.92,6.67,1.9,0.7,1.19,10,0
1/2/2007 23:00,31413.97,6.11,1.5,0.7,5.57,10,0
1/3/2007 0:00,31414,6.67,2,0.9,0.8,10,0
1/3/2007 1:00,31414.04,6.67,2.1,0.9,1.78,10,0
1/3/2007 2:00,31414.08,7.78,1.1,0.8,5.46,10,0
1/3/2007 3:00,31414.13,6.67,0.6,0.9,0.63,10,0
1/3/2007 4:00,31414.17,6.11,0.4,0.8,3.84,10,0
1/3/2007 5:00,31414.21,6.11,-0.4,0.7,1.41,10,0
1/3/2007 6:00,31414.25,6.11,-0.7,0.8,0.4,10,0
1/3/2007 7:00,31414.29,6.11,-0.8,0.7,2.06,0,24
1/3/2007 8:00,31414.34,7.22,1.9,0.8,1.68,4.91,152
1/3/2007 9:00,31414.38,16.11,4.1,1.7,2.16,3.76,285
1/3/2007 10:00,31414.42,15,4.6,1,2.36,3.14,382
1/3/2007 11:00,31414.46,16.11,4.8,1.1,2.88,2.58,437
1/3/2007 12:00,31414.5,16.11,4.5,1.1,3.26,2.38,440
1/3/2007 13:00,31414.55,17.22,4.2,0.9,4.78,2.48,392
1/3/2007 14:00,31414.59,18.33,4.1,1.3,4.64,3.51,289
1/3/2007 15:00,31414.63,16.11,4.5,1.8,4.87,3.27,168
1/3/2007 16:00,31414.67,12.22,4.6,1.5,4.97,0,39
1/3/2007 17:00,31414.71,10.56,4.2,0.6,3.94,10,0
1/3/2007 18:00,31414.76,10,4,0.6,4.61,10,0
1/3/2007 19:00,31414.8,8.89,3.9,0.7,0.58,10,0
1/3/2007 20:00,31414.84,7.78,3.3,0.5,1.41,10,0
1/3/2007 21:00,31414.88,8.33,3.2,0.5,1.54,10,0
1/3/2007 22:00,31414.92,8.33,2.5,0.9,0.63,10,0
1/3/2007 23:00,31414.97,6.67,1.7,0.7,0.19,10,0
1/4/2007 0:00,31415,7.78,1.4,0.7,1.38,10,0
1/4/2007 1:00,31415.04,6.67,1,0.8,1.62,10,0
1/4/2007 2:00,31415.08,6.67,1.4,1,0.87,10,0
1/4/2007 3:00,31415.13,7.22,3.1,1.8,1.95,10,0
1/4/2007 4:00,31415.17,7.78,3.6,1.9,1.97,10,0
1/4/2007 5:00,31415.21,7.78,3.9,2.3,1.9,10,0
1/4/2007 6:00,31415.25,9.44,4.1,2.9,1.88,10,0
1/4/2007 7:00,31415.29,8.89,4,3.3,2.23,9.54,7
1/4/2007 8:00,31415.34,7.78,4,3.5,2.11,10,25
1/4/2007 9:00,31415.38,9.44,4.2,3.8,1.8,10,60
1/4/2007 10:00,31415.42,10.56,4.8,4.1,1.92,9.35,177
1/4/2007 11:00,31415.46,10,6,1.9,2.13,10,97
1/4/2007 12:00,31415.5,8.89,6.8,2.9,4.89,10,51
1/4/2007 13:00,31415.55,8.89,6.7,3.6,5.39,10,75
1/4/2007 14:00,31415.59,9.44,6.8,3.5,5.38,10,71
1/4/2007 15:00,31415.63,8.33,6.8,3.3,5.24,9.98,64
1/4/2007 16:00,31415.67,8.33,6.2,4.3,5.11,0,23
1/4/2007 17:00,31415.71,8.33,5.8,2.7,4.78,10,0
1/4/2007 18:00,31415.76,8.33,5.4,1.8,5.03,10,0
1/4/2007 19:00,31415.8,7.78,5.2,2.5,4.96,10,0
1/4/2007 20:00,31415.84,6.67,3.4,3.7,4.97,10,0
1/4/2007 21:00,31415.88,5,3.2,3.1,4.66,10,0
1/4/2007 22:00,31415.92,4.44,2.5,4.6,4.85,10,0
1/4/2007 23:00,31415.97,7.78,1.2,5.3,4.99,10,0
1/5/2007 0:00,31416,2.78,0,5.5,5.04,10,0
1/5/2007 1:00,31416.04,2.22,-1.2,5.4,5.08,10,0
1/5/2007 2:00,31416.08,3.33,-0.9,4.1,5.2,10,0
1/5/2007 3:00,31416.13,0.56,-1,3.3,4.99,10,0
1/5/2007 4:00,31416.17,2.22,-1.7,4.9,5.1,10,0
1/5/2007 5:00,31416.21,1.11,-1.9,3.8,5.25,10,0
1/5/2007 6:00,31416.25,1.11,-2.2,2.5,5.95,10,0
1/5/2007 7:00,31416.29,0.56,-2.3,2.3,6.04,0,33
1/5/2007 8:00,31416.34,2.22,-1.7,3.6,5.13,2.99,172
1/5/2007 9:00,31416.38,3.33,-0.9,2.4,5.52,2.25,306
1/5/2007 10:00,31416.42,8.33,-1.4,2,5.93,0.55,410
1/5/2007 11:00,31416.46,8.33,-1,1.7,0.87,0,468
1/5/2007 12:00,31416.5,7.78,-1.5,1.5,1.64,0,472
1/5/2007 13:00,31416.55,10.56,-2.3,1.5,1.12,0,424
1/5/2007 14:00,31416.59,10.56,-1.5,1.3,2.2,0,325
1/5/2007 15:00,31416.63,9.44,0.8,3.1,2.27,0,190
1/5/2007 16:00,31416.67,6.11,0.3,2.8,1.9,0,47
1/5/2007 17:00,31416.71,5.56,0.3,1.9,2.32,10,0
1/5/2007 18:00,31416.76,4.44,0.5,1.6,2.09,10,0
1/5/2007 19:00,31416.8,5,0.3,1.5,1.9,10,0
1/5/2007 20:00,31416.84,5,-0.2,1.3,1.64,10,0
1/5/2007 21:00,31416.88,4.44,-0.5,0.9,1.27,10,0
1/5/2007 22:00,31416.92,4.44,-1.1,1.6,1.48,10,0
1/5/2007 23:00,31416.97,3.89,-1.4,1.8,1.48,10,0
1/6/2007 0:00,31417,3.89,-1.8,1.1,1.48,10,0
1/6/2007 1:00,31417.04,2.78,-1.8,0.6,0.7,10,0
1/6/2007 2:00,31417.08,3.33,-2.5,1.2,0.77,10,0
1/6/2007 3:00,31417.13,2.22,-2.3,1.1,1.57,10,0
1/6/2007 4:00,31417.17,2.22,-2.2,0.9,1.54,10,0
1/6/2007 5:00,31417.21,2.78,-3.2,0.6,4.76,10,0
1/6/2007 6:00,31417.25,2.22,-3.4,1,4.35,10,0
1/6/2007 7:00,31417.29,2.78,-3.3,0.5,0.72,0,22
1/6/2007 8:00,31417.34,4.44,-1.2,0.6,5.17,4.18,163
1/6/2007 9:00,31417.38,7.22,0.8,0.8,1.33,3.74,289
1/6/2007 10:00,31417.42,12.22,0.9,0.9,3.42,3.13,386
1/6/2007 11:00,31417.46,13.33,0.4,1.3,3,3.11,432
1/6/2007 12:00,31417.5,13.89,0,1.3,4.07,2.39,444
1/6/2007 13:00,31417.55,12.22,0.1,2.2,5.11,2.4,397
1/6/2007 14:00,31417.59,11.67,0.4,2,4.52,3.04,299
1/6/2007 15:00,31417.63,10.56,0.6,2.7,4.66,3.33,171
1/6/2007 16:00,31417.67,7.22,0.6,2.3,4.75,0,39
1/6/2007 17:00,31417.71,6.67,0.7,1.6,4.68,10,0
1/6/2007 18:00,31417.76,6.11,0.7,1.2,4.49,10,0
1/6/2007 19:00,31417.8,5,0.6,0.9,1.69,10,0
1/6/2007 20:00,31417.84,6.11,0.3,1.2,1.62,10,0
1/6/2007 21:00,31417.88,5,-0.1,1.2,1.47,10,0
1/6/2007 22:00,31417.92,4.44,-0.5,0.5,1.33,10,0
1/6/2007 23:00,31417.97,2.78,-0.9,0.6,1.17,10,0
1/7/2007 0:00,31418,3.89,-1.3,1.4,1.75,10,0
1/7/2007 1:00,31418.04,4.44,-1.3,1,1.5,10,0
1/7/2007 2:00,31418.08,3.89,-1.6,1.1,1.62,10,0
1/7/2007 3:00,31418.13,3.33,-1.7,1.3,1.52,10,0
1/7/2007 4:00,31418.17,3.89,-2,0.9,0.63,10,0
1/7/2007 5:00,31418.21,2.78,-2.8,1,0.56,10,0
1/7/2007 6:00,31418.25,3.89,-2.8,0.6,1.26,10,0
1/7/2007 7:00,31418.29,3.89,-2.5,0.6,1.45,0,25
1/7/2007 8:00,31418.34,4.44,-0.7,0.5,4.82,5.78,145
1/7/2007 9:00,31418.38,8.33,1.4,0.8,1.31,4.52,277
1/7/2007 10:00,31418.42,13.89,1.5,1.6,2.04,3.7,377
1/7/2007 11:00,31418.46,13.33,1.3,1.3,2.83,2.74,440
1/7/2007 12:00,31418.5,13.33,1.1,1.4,2.23,2.21,448
1/7/2007 13:00,31418.55,14.44,0.9,1.3,2.86,2.12,402
1/7/2007 14:00,31418.59,15,0.5,1.2,2.18,2.16,310
1/7/2007 15:00,31418.63,13.33,0.2,0.9,2.01,1.98,181
1/7/2007 16:00,31418.67,9.44,0.6,0.9,2.91,0,45
1/7/2007 17:00,31418.71,8.89,1.4,0.7,2.11,10,0
1/7/2007 18:00,31418.76,7.78,1.2,0.7,0.42,10,0
1/7/2007 19:00,31418.8,6.67,1.3,1.3,0.63,10,0
1/7/2007 20:00,31418.84,6.67,1,0.7,0.96,10,0
1/7/2007 21:00,31418.88,5,0.2,0.6,1.27,10,0
1/7/2007 22:00,31418.92,5.56,-0.1,0.7,1.06,10,0
1/7/2007 23:00,31418.97,5,-0.9,0.6,5.72,10,0
1/8/2007 0:00,31419,5,-1.2,0.5,5.32,10,0
1/8/2007 1:00,31419.04,5,-1.3,0.4,4.64,10,0
1/8/2007 2:00,31419.08,3.89,-2,0.5,0.02,10,0
1/8/2007 3:00,31419.13,4.44,-2.2,0.4,3.8,10,0
1/8/2007 4:00,31419.17,3.89,-2.2,0.7,1.59,10,0
1/8/2007 5:00,31419.21,3.33,-2.3,0.7,1.38,10,0
1/8/2007 6:00,31419.25,3.33,-2.9,0.6,0.77,10,0
1/8/2007 7:00,31419.29,2.78,-2.3,0.9,1.61,2.68,21
1/8/2007 8:00,31419.34,5.56,0.2,1,1.64,5.27,153
1/8/2007 9:00,31419.38,11.11,1.7,1.7,1.82,4.04,287
1/8/2007 10:00,31419.42,15,2.2,1.3,2.51,3.25,387
1/8/2007 11:00,31419.46,14.44,2.4,1.1,2.01,2.33,448
1/8/2007 12:00,31419.5,15.56,2.1,1.1,1.03,1.34,459
1/8/2007 13:00,31419.55,15.56,2.6,1.1,0.12,1.58,409
1/8/2007 14:00,31419.59,17.22,2.6,1,4.61,2.22,311
1/8/2007 15:00,31419.63,16.11,2.6,0.9,5.2,2.26,181
1/8/2007 16:00,31419.67,11.11,2.2,0.5,4.35,0,47
1/8/2007 17:00,31419.71,8.89,2.6,0.6,4.15,10,1
1/8/2007 18:00,31419.76,8.89,2.9,0.9,1.59,10,0
1/8/2007 19:00,31419.8,7.78,1.9,0.7,0.09,10,0
1/8/2007 20:00,31419.84,7.22,1.6,0.6,1.03,10,0
1/8/2007 21:00,31419.88,6.11,1.2,0.8,0.61,10,0
1/8/2007 22:00,31419.92,6.11,0.5,0.4,5.92,10,0
1/8/2007 23:00,31419.97,5.56,-0.2,0.6,0.59,10,0
1/9/2007 0:00,31420,6.11,-1.5,0.4,2.01,10,0
1/9/2007 1:00,31420.04,5,-1.8,0.9,0.79,10,0
1/9/2007 2:00,31420.08,5.56,-1.7,0.8,5.48,10,0
1/9/2007 3:00,31420.13,5.56,-2.1,0.8,5.6,10,0
1/9/2007 4:00,31420.17,5,-2.3,0.6,1.1,10,0
1/9/2007 5:00,31420.21,3.89,-2.3,0.9,1.54,10,0
1/9/2007 6:00,31420.25,4.44,-2.9,0.6,1.08,10,0
1/9/2007 7:00,31420.29,5,-2.7,0.5,5.79,4.01,21
1/9/2007 8:00,31420.34,6.11,-0.3,0.4,5.55,6.02,144
1/9/2007 9:00,31420.38,11.67,3.6,0.6,5.04,4.18,286
1/9/2007 10:00,31420.42,14.44,4.1,1.1,5.11,3.11,391
1/9/2007 11:00,31420.46,13.33,3.8,1.5,5.43,2.01,454
1/9/2007 12:00,31420.5,20.56,4.2,1.5,4.97,1.44,460
1/9/2007 13:00,31420.55,18.89,3.9,1.6,5.22,0.97,415
1/9/2007 14:00,31420.59,21.11,3.5,1,5.43,1.2,320
1/9/2007 15:00,31420.63,19.44,3.6,0.9,3.79,0,190
1/9/2007 16:00,31420.67,13.33,3.4,1,4.38,0,50
1/9/2007 17:00,31420.71,11.11,3.8,1.1,4.83,10,1
1/9/2007 18:00,31420.76,8.89,3.6,0.6,3.58,10,0
1/9/2007 19:00,31420.8,8.89,3.4,0.6,1.68,10,0
1/9/2007 20:00,31420.84,8.33,2.6,0.7,1.03,10,0
1/9/2007 21:00,31420.88,9.44,2.3,0.7,1.27,10,0
1/9/2007 22:00,31420.92,6.67,1.9,0.5,1.26,10,0
1/9/2007 23:00,31420.97,5.56,1,0.7,0.23,10,0
1/10/2007 0:00,31421,7.22,-0.3,0.6,5.11,10,0
1/10/2007 1:00,31421.04,6.67,-0.5,0.8,0.79,10,0
1/10/2007 2:00,31421.08,6.11,-0.6,0.8,3.74,10,0
1/10/2007 3:00,31421.13,5.56,-1.2,1,1.52,10,0
1/10/2007 4:00,31421.17,5,-1.4,0.9,1.36,10,0
1/10/2007 5:00,31421.21,5,-1.4,0.9,5.32,10,0
1/10/2007 6:00,31421.25,5.56,-1.9,0.9,5.55,10,0
1/10/2007 7:00,31421.29,5,-1.6,0.8,1.71,6.54,18
1/10/2007 8:00,31421.34,6.67,0.7,1.1,1.94,6.85,132
1/10/2007 9:00,31421.38,12.22,3.8,2.4,1.99,3.11,304
1/10/2007 10:00,31421.42,13.33,4.5,0.9,5.32,6.06,319
1/10/2007 11:00,31421.46,17.22,4.9,1,4.17,3.98,420
1/10/2007 12:00,31421.5,15,4.5,1.2,5.27,2.38,451
1/10/2007 13:00,31421.55,17.78,3.6,1.2,2.34,2.38,404
1/10/2007 14:00,31421.59,16.67,3.2,1.9,2.57,2.65,310
1/10/2007 15:00,31421.63,14.44,3.4,2.1,2.37,8.41,103
1/10/2007 16:00,31421.67,13.33,4.1,2.2,2.01,0,46
1/10/2007 17:00,31421.71,11.67,4,1,1.73,10,1
1/10/2007 18:00,31421.76,10,3.6,0.9,1.85,10,0
1/10/2007 19:00,31421.8,8.89,3.6,0.8,1.17,10,0
1/10/2007 20:00,31421.84,7.78,3.1,1.1,0.72,10,0
1/10/2007 21:00,31421.88,8.33,2.7,1.1,4.89,10,0
1/10/2007 22:00,31421.92,6.67,1.8,2.4,5.11,10,0
1/10/2007 23:00,31421.97,6.11,0.6,2.9,5.11,10,0
1/11/2007 0:00,31422,3.89,0.6,5,5.13,10,0
1/11/2007 1:00,31422.04,3.89,0.6,4.7,5.2,10,0
1/11/2007 2:00,31422.08,3.33,0.3,4.5,5.06,10,0
1/11/2007 3:00,31422.13,2.78,-0.5,5,5.04,10,0
1/11/2007 4:00,31422.17,2.78,-1.1,3.6,4.99,10,0
1/11/2007 5:00,31422.21,2.78,-1.1,3.4,5.04,10,0
1/11/2007 6:00,31422.25,2.78,-1.2,2.9,4.97,10,0
1/11/2007 7:00,31422.29,2.78,-1.2,1.9,4.89,8.17,15
1/11/2007 8:00,31422.34,3.89,-1.1,2.6,4.71,10,56
1/11/2007 9:00,31422.38,5.56,-1.2,3,4.83,7.28,214
1/11/2007 10:00,31422.42,5,-0.9,2.9,4.73,6.92,290
1/11/2007 11:00,31422.46,4.44,-0.5,3.2,4.99,6.91,324
1/11/2007 12:00,31422.5,5,-1.3,3.7,5.1,6,360
1/11/2007 13:00,31422.55,6.11,-2.3,2.9,5.25,3.33,391
1/11/2007 14:00,31422.59,7.22,-3.1,2.4,5.65,5.43,264
1/11/2007 15:00,31422.63,7.22,-4.8,3.7,5.45,0,203
1/11/2007 16:00,31422.67,6.11,-7,3.6,5.38,0,64
1/11/2007 17:00,31422.71,5,-7,2.2,5.17,10,1
1/11/2007 18:00,31422.76,2.78,-7.4,1.3,4.57,10,0
1/11/2007 19:00,31422.8,3.89,-7.8,1.4,4.61,10,0
1/11/2007 20:00,31422.84,2.78,-7.8,1.4,5.06,10,0
1/11/2007 21:00,31422.88,0.56,-6.3,0.8,1.69,10,0
1/11/2007 22:00,31422.92,0.56,-5.9,1.1,1.41,10,0
1/11/2007 23:00,31422.97,6.11,-5.7,1.4,0.94,10,0
1/12/2007 0:00,31423,0.56,-5,0.8,2.11,10,0
1/12/2007 1:00,31423.04,0.56,-5.3,1,0.1,10,0
1/12/2007 2:00,31423.08,1.11,-5.5,0.8,0.75,10,0
1/12/2007 3:00,31423.13,0,-5.6,0.8,0.49,10,0
1/12/2007 4:00,31423.17,0.56,-6.4,0.9,5.31,10,0
1/12/2007 5:00,31423.21,0,-6.6,0.8,5.81,10,0
1/12/2007 6:00,31423.25,-0.56,-6.5,0.6,5.46,10,0
1/12/2007 7:00,31423.29,0,-5.8,1,5.79,6.25,21
1/12/2007 8:00,31423.34,1.67,-3.9,1.3,4.9,7.38,125
1/12/2007 9:00,31423.38,5.56,-3.2,2.4,4.9,4.71,281
1/12/2007 10:00,31423.42,6.11,-3.7,2.5,4.83,2.42,407
1/12/2007 11:00,31423.46,6.67,-3.5,2.1,4.49,0,482
1/12/2007 12:00,31423.5,8.33,-3.8,2.3,4.14,0,488
1/12/2007 13:00,31423.55,9.44,-5,2.4,4.35,0,447
1/12/2007 14:00,31423.59,7.78,-7.7,3.1,4.8,0,350
1/12/2007 15:00,31423.63,9.44,-9.6,3.5,4.99,0,220
1/12/2007 16:00,31423.67,6.11,-10.8,2.8,5.2,0,69
1/12/2007 17:00,31423.71,3.89,-10.2,1.2,2.04,10,1
1/12/2007 18:00,31423.76,2.78,-9.6,1.6,2.78,10,0
1/12/2007 19:00,31423.8,4.44,-6.8,2.2,1.5,10,0
1/12/2007 20:00,31423.84,3.89,-5.5,1.3,2.48,10,0
1/12/2007 21:00,31423.88,2.22,-4.9,1,3.11,10,0
1/12/2007 22:00,31423.92,2.22,-4.3,1.4,1.9,10,0
1/12/2007 23:00,31423.97,0,-4.6,1.4,1.36,10,0
1/13/2007 0:00,31424,0.56,-5.3,1.7,0.89,10,0
1/13/2007 1:00,31424.04,1.67,-5.7,0.9,1.19,10,0
1/13/2007 2:00,31424.08,0.56,-5.9,0.9,5.27,10,0
1/13/2007 3:00,31424.13,1.11,-5.9,0.7,1.06,10,0
1/13/2007 4:00,31424.17,0.56,-7,1,3.16,10,0
1/13/2007 5:00,31424.21,1.11,-7.2,1.7,4.45,10,0
1/13/2007 6:00,31424.25,1.11,-8.5,1.5,4.49,10,0
1/13/2007 7:00,31424.29,0.56,-9.3,0.7,5.88,0,39
1/13/2007 8:00,31424.34,2.22,-7.8,0.5,0.63,3.13,183
1/13/2007 9:00,31424.38,3.33,-8,0.8,2.84,1.96,322
1/13/2007 10:00,31424.42,6.11,-10.8,1.8,2.79,0,431
1/13/2007 11:00,31424.46,7.78,-9.7,1.9,2.57,0,490
1/13/2007 12:00,31424.5,8.33,-9.3,1.6,2.43,0,495
1/13/2007 13:00,31424.55,9.44,-9.4,1.5,4.29,0,438
1/13/2007 14:00,31424.59,8.89,-9.4,1.6,2.78,0,344
1/13/2007 15:00,31424.63,8.33,-10.5,1.4,3.42,0,215
1/13/2007 16:00,31424.67,5,-11.2,1.3,4.8,0,66
1/13/2007 17:00,31424.71,3.33,-10.2,1,4.89,10,1
1/13/2007 18:00,31424.76,2.78,-9.3,0.8,1.34,10,0
1/13/2007 19:00,31424.8,1.67,-7.6,0.5,0.96,10,0
1/13/2007 20:00,31424.84,1.67,-7.6,0.7,1.33,10,0
1/13/2007 21:00,31424.88,1.11,-7.6,0.5,1.22,10,0
1/13/2007 22:00,31424.92,1.11,-7.4,0.6,5.85,10,0
1/13/2007 23:00,31424.97,2.22,-7.2,0.8,1.29,10,0
1/14/2007 0:00,31425,0.56,-7.4,1,1.12,10,0
1/14/2007 1:00,31425.04,0.56,-7.3,0.7,1.22,10,0
1/14/2007 2:00,31425.08,0.56,-7.7,0.6,0.56,10,0
1/14/2007 3:00,31425.13,0.56,-7.4,1.1,1.15,10,0
1/14/2007 4:00,31425.17,0,-8.1,0.7,1.36,10,0
1/14/2007 5:00,31425.21,0,-7.4,1,1.12,10,0
1/14/2007 6:00,31425.25,0,-7.5,0.7,0.45,10,0
1/14/2007 7:00,31425.29,0.56,-7.6,0.5,6,0,35
1/14/2007 8:00,31425.34,1.11,-5.4,0.6,1.38,4.62,170
1/14/2007 9:00,31425.38,6.67,-5.9,1.3,2.02,3.62,304
1/14/2007 10:00,31425.42,7.78,-6.7,1.7,2.6,2.21,414
1/14/2007 11:00,31425.46,7.78,-7.6,1.6,2.46,0.93,474
1/14/2007 12:00,31425.5,8.89,-7.5,1.6,3.23,0,481
1/14/2007 13:00,31425.55,11.67,-8.2,1.5,3.56,0,433
1/14/2007 14:00,31425.59,10.56,-8.2,1.6,4.69,0.62,332
1/14/2007 15:00,31425.63,9.44,-8.4,1.7,5.55,0,205
1/14/2007 16:00,31425.67,5.56,-8.4,1.6,5.2,0,62
1/14/2007 17:00,31425.71,3.33,-8.2,0.9,4.87,10,1
1/14/2007 18:00,31425.76,2.22,-7.6,0.7,4.8,10,0
1/14/2007 19:00,31425.8,3.33,-7,0.8,5.79,10,0
1/14/2007 20:00,31425.84,2.22,-7.2,0.5,0.03,10,0
1/14/2007 21:00,31425.88,1.11,-6.2,0.6,1.47,10,0
1/14/2007 22:00,31425.92,1.11,-6.7,0.8,6.27,10,0
1/14/2007 23:00,31425.97,0,-6.8,0.6,0.66,10,0
1/15/2007 0:00,31426,0.56,-7,0.7,1.55,10,0
1/15/2007 1:00,31426.04,1.11,-7.2,0.6,5.53,10,0
1/15/2007 2:00,31426.08,1.11,-7.4,0.7,4.64,10,0
1/15/2007 3:00,31426.13,1.11,-7.2,0.6,0.33,10,0
1/15/2007 4:00,31426.17,0,-7.3,1,0.99,10,0
1/15/2007 5:00,31426.21,0.56,-7.5,0.9,0.94,10,0
1/15/2007 6:00,31426.25,0,-7.4,0.9,1.52,10,0
1/15/2007 7:00,31426.29,0,-7.1,0.9,1.22,5.04,28
1/15/2007 8:00,31426.34,2.22,-5.3,1.6,1.64,4.6,172
1/15/2007 9:00,31426.38,6.11,-5.3,2.1,1.87,2.76,318
1/15/2007 10:00,31426.42,8.89,-5.3,2.7,2.3,0.81,428
1/15/2007 11:00,31426.46,8.89,-6,1.7,2.58,0,491
1/15/2007 12:00,31426.5,10,-6.7,1.3,3.37,0,496
1/15/2007 13:00,31426.55,10.56,-7.9,1.4,3.54,0,448
1/15/2007 14:00,31426.59,10.56,-8.6,1.2,3.86,0,351
1/15/2007 15:00,31426.63,12.22,-9.4,0.9,4.33,0,216
1/15/2007 16:00,31426.67,8.89,-9.9,0.6,1.24,0,66
1/15/2007 17:00,31426.71,5,-8.3,1.5,5.03,10,1
1/15/2007 18:00,31426.76,5,-7.4,0.7,4.54,10,0
1/15/2007 19:00,31426.8,4.44,-7,0.7,5.36,10,0
1/15/2007 20:00,31426.84,3.33,-6.7,0.6,0.44,10,0
1/15/2007 21:00,31426.88,2.78,-6,0.6,1.62,10,0
1/15/2007 22:00,31426.92,1.67,-6.4,0.6,0.49,10,0
1/15/2007 23:00,31426.97,1.11,-6.3,1.1,0.37,10,0
1/16/2007 0:00,31427,1.11,-6.7,0.6,0.61,10,0
1/16/2007 1:00,31427.04,1.11,-6.5,0.5,0.33,10,0
1/16/2007 2:00,31427.08,0.56,-6.8,0.7,1.52,10,0
1/16/2007 3:00,31427.13,1.67,-7.1,0.9,1.88,10,0
1/16/2007 4:00,31427.17,1.11,-7.5,1,0.35,10,0
1/16/2007 5:00,31427.21,1.11,-8,1,0.45,10,0
1/16/2007 6:00,31427.25,0.56,-8.1,0.7,0.03,10,0
1/16/2007 7:00,31427.29,0,-7.2,0.9,0.86,4.87,30
1/16/2007 8:00,31427.34,2.78,-5.2,0.7,1.43,4.67,173
1/16/2007 9:00,31427.38,5.56,-5.3,1.9,1.83,2.61,322
1/16/2007 10:00,31427.42,10,-5.7,2,2.09,0,434
1/16/2007 11:00,31427.46,11.11,-6.1,1.8,2.67,0,500
1/16/2007 12:00,31427.5,12.78,-7,1.6,3.91,0,505
1/16/2007 13:00,31427.55,14.44,-7.3,1.5,4.19,0,455
1/16/2007 14:00,31427.59,11.67,-7.9,1.3,2.71,0,357
1/16/2007 15:00,31427.63,12.22,-8.4,1.1,3.19,0,217
1/16/2007 16:00,31427.67,10,-9.2,0.5,0.65,0,52
1/16/2007 17:00,31427.71,6.11,-7.7,1,4.8,10,2
1/16/2007 18:00,31427.76,6.67,-6.6,0.8,4.78,10,0
1/16/2007 19:00,31427.8,4.44,-6,0.8,1.1,10,0
1/16/2007 20:00,31427.84,3.33,-5.4,0.9,1.59,10,0
1/16/2007 21:00,31427.88,2.78,-5.8,0.5,2.34,10,0
1/16/2007 22:00,31427.92,3.33,-6,1,0.35,10,0
1/16/2007 23:00,31427.97,2.22,-5.8,0.5,1.55,10,0
1/17/2007 0:00,31428,3.33,-5.4,0.6,0.89,10,0
1/17/2007 1:00,31428.04,2.78,-5.4,0.4,0.44,10,0
1/17/2007 2:00,31428.08,3.33,-5.5,0.4,4.42,10,0
1/17/2007 3:00,31428.13,1.67,-5.5,0.8,1.34,10,0
1/17/2007 4:00,31428.17,0,-5.8,0.9,1.64,10,0
1/17/2007 5:00,31428.21,1.11,-5,1.3,2.22,10,0
1/17/2007 6:00,31428.25,1.67,-5.2,1.4,1.13,10,0
1/17/2007 7:00,31428.29,0.56,-5.3,1.1,2.88,6.24,28
1/17/2007 8:00,31428.34,1.67,-4,2.3,3.05,6.66,145
1/17/2007 9:00,31428.38,3.89,-3.9,1.5,0.4,7.89,202
1/17/2007 10:00,31428.42,5.56,-3,2.1,5.25,6.32,322
1/17/2007 11:00,31428.46,9.44,-1.6,3.4,5.15,3.24,451
1/17/2007 12:00,31428.5,10.56,-2,3.1,5.62,0,485
1/17/2007 13:00,31428.55,15,-4.1,3,6.25,0,443
1/17/2007 14:00,31428.59,13.89,-4.4,2.6,5.79,0,351
1/17/2007 15:00,31428.63,12.22,-4.9,1.2,0.65,0,217
1/17/2007 16:00,31428.67,10,-5.3,0.5,3.72,0,70
1/17/2007 17:00,31428.71,7.22,-4.4,2.1,4.68,10,2
1/17/2007 18:00,31428.76,5.56,-3.1,1.4,4.75,10,0
1/17/2007 19:00,31428.8,5.56,-2.9,1,1.41,10,0
1/17/2007 20:00,31428.84,4.44,-3,0.7,1.33,10,0
1/17/2007 21:00,31428.88,4.44,-3,1.1,1.13,10,0
1/17/2007 22:00,31428.92,2.78,-3.7,0.9,0.79,10,0
1/17/2007 23:00,31428.97,3.33,-4.7,0.7,0.91,10,0
1/18/2007 0:00,31429,3.33,-4.5,1.1,1.29,10,0
1/18/2007 1:00,31429.04,1.67,-4.9,0.8,1.12,10,0
1/18/2007 2:00,31429.08,0.56,-4.8,0.7,0.59,10,0
1/18/2007 3:00,31429.13,1.11,-4.2,1.4,1.76,10,0
1/18/2007 4:00,31429.17,0.56,-4.6,0.9,0.65,10,0
1/18/2007 5:00,31429.21,0.56,-5.2,0.8,1.61,10,0
1/18/2007 6:00,31429.25,0.56,-5.4,0.7,0.59,10,0
1/18/2007 7:00,31429.29,0.56,-5.7,0.5,0.86,4.65,34
1/18/2007 8:00,31429.34,3.33,-3.3,1.3,1.48,5.19,170
1/18/2007 9:00,31429.38,5,-2.2,2.6,2.06,4.12,304
1/18/2007 10:00,31429.42,11.67,-1.9,3.1,2.29,2.74,416
1/18/2007 11:00,31429.46,10.56,-1.7,2.6,2.53,1.21,482
1/18/2007 12:00,31429.5,12.78,-2.4,1.8,2.71,0,492
1/18/2007 13:00,31429.55,12.78,-2.6,1.6,2.46,0,439
1/18/2007 14:00,31429.59,13.89,-3.1,1.2,2.71,0,345
1/18/2007 15:00,31429.63,12.22,-3.8,1,0.91,0,215
1/18/2007 16:00,31429.67,10.56,-3.9,0.5,5.29,0,68
1/18/2007 17:00,31429.71,8.33,-3,0.8,2.18,10,1
1/18/2007 18:00,31429.76,7.22,-3.1,0.8,0.56,10,0
1/18/2007 19:00,31429.8,5.56,-2.8,1,0.05,10,0
1/18/2007 20:00,31429.84,5,-3,0.8,0.42,10,0
1/18/2007 21:00,31429.88,3.89,-2.9,0.8,1.47,10,0
1/18/2007 22:00,31429.92,4.44,-3.3,0.5,1.03,10,0
1/18/2007 23:00,31429.97,2.78,-4.1,0.4,5.43,10,0
1/19/2007 0:00,31430,4.44,-4.2,0.5,0.17,10,0
1/19/2007 1:00,31430.04,2.78,-4.2,1.2,1.29,10,0
1/19/2007 2:00,31430.08,3.33,-5,1.2,0.93,10,0
1/19/2007 3:00,31430.13,2.22,-4.9,1.5,0.33,10,0
1/19/2007 4:00,31430.17,2.22,-5.1,0.7,5.31,10,0
1/19/2007 5:00,31430.21,1.67,-4.7,0.5,1.87,10,0
1/19/2007 6:00,31430.25,1.67,-5,1.2,0.66,10,0
1/19/2007 7:00,31430.29,2.22,-4.8,0.9,0.59,5.67,33
1/19/2007 8:00,31430.34,3.89,-2.8,0.9,6,5.19,172
1/19/2007 9:00,31430.38,8.33,-1.8,1.3,2.02,3.74,313
1/19/2007 10:00,31430.42,12.78,-2,1.5,2.43,2.64,420
1/19/2007 11:00,31430.46,13.33,-1.8,1.7,2.32,0.86,487
1/19/2007 12:00,31430.5,13.89,-2.4,1.9,2.98,0,496
1/19/2007 13:00,31430.55,15,-3.2,1.6,3.3,0,448
1/19/2007 14:00,31430.59,15,-3.6,1.2,3.18,0,345
1/19/2007 15:00,31430.63,13.89,-4,1,4,0,217
1/19/2007 16:00,31430.67,11.67,-4.2,0.6,0.87,0,69
1/19/2007 17:00,31430.71,8.33,-4,0.8,5.48,10,1
1/19/2007 18:00,31430.76,7.22,-3.1,1,3.65,10,0
1/19/2007 19:00,31430.8,7.78,-2.5,1.2,0.79,10,0
1/19/2007 20:00,31430.84,5.56,-2.3,0.7,1.33,10,0
1/19/2007 21:00,31430.88,6.11,-2.4,0.7,0.51,10,0
1/19/2007 22:00,31430.92,5,-2.6,0.6,1.66,10,0
1/19/2007 23:00,31430.97,4.44,-3,0.7,0.17,10,0
1/20/2007 0:00,31431,5,-3.1,0.7,0.19,10,0
1/20/2007 1:00,31431.04,3.89,-3.5,0.8,1.41,10,0
1/20/2007 2:00,31431.08,3.89,-3.5,0.9,1.68,10,0
1/20/2007 3:00,31431.13,2.78,-4.2,0.4,4.66,10,0
1/20/2007 4:00,31431.17,3.33,-4.6,0.8,0.77,10,0
1/20/2007 5:00,31431.21,2.22,-4.4,0.6,1.26,10,0
1/20/2007 6:00,31431.25,2.22,-4.6,0.6,0.99,10,0
1/20/2007 7:00,31431.29,3.33,-3.9,1,1.57,6.47,32
1/20/2007 8:00,31431.34,4.44,-2,1,1.99,5.72,166
1/20/2007 9:00,31431.38,10.56,-1.5,1.9,2.16,4.56,300
1/20/2007 10:00,31431.42,11.67,-1.3,1.7,2.6,3.37,410
1/20/2007 11:00,31431.46,12.78,-1.5,2.2,2.97,2.18,477
1/20/2007 12:00,31431.5,14.44,-2,1.7,2.67,1.01,489
1/20/2007 13:00,31431.55,13.33,-2.1,1.3,2.84,4.68,380
1/20/2007 14:00,31431.59,15,-2.4,1.7,2.76,2.44,334
1/20/2007 15:00,31431.63,14.44,-2.8,1.6,3.18,4.23,187
1/20/2007 16:00,31431.67,11.11,-3.1,0.7,3.44,0,66
1/20/2007 17:00,31431.71,9.44,-2.5,0.7,5.01,10,2
1/20/2007 18:00,31431.76,8.33,-1.7,0.5,1.29,10,0
1/20/2007 19:00,31431.8,6.67,-1.4,0.4,6.13,10,0
1/20/2007 20:00,31431.84,6.11,-1.5,0.7,6.27,10,0
1/20/2007 21:00,31431.88,5.56,-1.9,0.9,1.03,10,0
1/20/2007 22:00,31431.92,5.56,-2,0.9,1.38,10,0
1/20/2007 23:00,31431.97,5,-2.8,0.9,4.4,10,0
1/21/2007 0:00,31432,5,-3.4,0.8,0.17,10,0
1/21/2007 1:00,31432.04,3.89,-3.5,1,0.73,10,0
1/21/2007 2:00,31432.08,3.89,-3.6,0.7,1.36,10,0
1/21/2007 3:00,31432.13,3.89,-3.7,0.8,0.8,10,0
1/21/2007 4:00,31432.17,2.78,-4.2,0.7,6.25,10,0
1/21/2007 5:00,31432.21,3.33,-5.2,0.5,4.49,10,0
1/21/2007 6:00,31432.25,2.22,-5.4,1,0.8,10,0
1/21/2007 7:00,31432.29,2.78,-4.5,1,1.4,6.64,33
1/21/2007 8:00,31432.34,5,-1.9,0.9,1.31,8.51,113
1/21/2007 9:00,31432.38,8.33,-1.1,1,3.19,9.83,130
1/21/2007 10:00,31432.42,12.78,-0.7,2.6,2.53,4.13,396
1/21/2007 11:00,31432.46,13.33,-1.2,3.4,2.51,2.95,467
1/21/2007 12:00,31432.5,13.33,-0.9,2.4,3.37,2.74,471
1/21/2007 13:00,31432.55,14.44,-1.1,2.1,2.44,2.55,427
1/21/2007 14:00,31432.59,15.56,-1.9,1.8,2.15,2.82,332
1/21/2007 15:00,31432.63,14.44,-1.7,1,2.74,3.3,199
1/21/2007 16:00,31432.67,10.56,-1.7,1.3,4.38,0,62
1/21/2007 17:00,31432.71,7.78,-1.3,1.2,4.99,10,2
1/21/2007 18:00,31432.76,7.22,-1.5,1,5.46,10,0
1/21/2007 19:00,31432.8,6.67,-1.9,0.6,6.23,10,0
1/21/2007 20:00,31432.84,6.11,-2,0.5,4.36,10,0
1/21/2007 21:00,31432.88,6.11,-1.9,1,1.03,10,0
1/21/2007 22:00,31432.92,5,-1.9,0.6,1.62,10,0
1/21/2007 23:00,31432.97,4.44,-2.6,0.6,0.86,10,0
1/22/2007 0:00,31433,5.56,-3.4,0.8,1.03,10,0
1/22/2007 1:00,31433.04,5,-4.1,0.5,0.24,10,0
1/22/2007 2:00,31433.08,3.89,-4.2,1,1.87,10,0
1/22/2007 3:00,31433.13,3.89,-4.7,1.4,0.66,10,0
1/22/2007 4:00,31433.17,4.44,-4,1,1.55,10,0
1/22/2007 5:00,31433.21,5.56,-5,0.8,5.31,10,0
1/22/2007 6:00,31433.25,3.89,-4.8,0.9,2.04,10,0
1/22/2007 7:00,31433.29,3.89,-4.1,0.6,0.42,3.82,44
1/22/2007 8:00,31433.34,7.78,-1.8,0.9,0.89,4.54,187
1/22/2007 9:00,31433.38,13.33,-1.8,1.2,1.5,3.93,317
1/22/2007 10:00,31433.42,13.89,-2.4,1.2,2.15,2.95,423
1/22/2007 11:00,31433.46,14.44,-2.4,1.4,2.41,2,485
1/22/2007 12:00,31433.5,15,-2.9,1.4,2.29,0,509
1/22/2007 13:00,31433.55,16.67,-3.1,1.4,2.76,0,467
1/22/2007 14:00,31433.59,16.11,-3.6,1.1,2.58,0,370
1/22/2007 15:00,31433.63,15,-3.6,0.9,5.74,0,233
1/22/2007 16:00,31433.67,13.89,-4.4,0.6,3.87,0,78
1/22/2007 17:00,31433.71,9.44,-3.3,0.9,5.13,10,2
1/22/2007 18:00,31433.76,10,-2.6,0.8,4.9,10,0
1/22/2007 19:00,31433.8,7.78,-2.5,0.5,0.52,10,0
1/22/2007 20:00,31433.84,6.67,-2.2,0.6,1.41,10,0
1/22/2007 21:00,31433.88,6.11,-2.3,0.8,0.86,10,0
1/22/2007 22:00,31433.92,6.67,-2.9,0.6,6.25,10,0
1/22/2007 23:00,31433.97,5,-3.2,0.8,0.49,10,0
1/23/2007 0:00,31434,5,-2.9,0.5,1.34,10,0
1/23/2007 1:00,31434.04,4.44,-3.4,0.6,0.63,10,0
1/23/2007 2:00,31434.08,5.56,-4.4,0.7,0.73,10,0
1/23/2007 3:00,31434.13,4.44,-4.2,1.1,1.1,10,0
1/23/2007 4:00,31434.17,3.89,-5.3,1.1,0.8,10,0
1/23/2007 5:00,31434.21,3.89,-5.4,0.7,0.12,10,0
1/23/2007 6:00,31434.25,3.89,-5.3,0.9,0.45,10,0
1/23/2007 7:00,31434.29,3.89,-4.9,0.6,0.66,4.61,44
1/23/2007 8:00,31434.34,6.11,-2.7,0.8,0.14,5.08,182
1/23/2007 9:00,31434.38,12.78,-1.8,1.4,1.9,3.49,327
1/23/2007 10:00,31434.42,16.11,-1.9,1.5,2.32,1.79,442
1/23/2007 11:00,31434.46,15.56,-2.1,1.3,3.7,0,506
1/23/2007 12:00,31434.5,16.67,-2.2,1.9,4.28,0,515
1/23/2007 13:00,31434.55,18.89,-2.7,2,4.92,0,466
1/23/2007 14:00,31434.59,18.33,-2.7,1.8,4.82,0,374
1/23/2007 15:00,31434.63,16.67,-3.1,2,4.87,0,237
1/23/2007 16:00,31434.67,14.44,-3.5,1.5,4.82,0,86
1/23/2007 17:00,31434.71,11.11,-3.7,0.7,4.61,10,3
1/23/2007 18:00,31434.76,10.56,-2.8,0.5,5.15,10,0
1/23/2007 19:00,31434.8,9.44,-2.2,0.6,5.32,10,0
1/23/2007 20:00,31434.84,8.33,-1.6,0.7,1.13,10,0
1/23/2007 21:00,31434.88,7.22,-1.8,0.9,1.24,10,0
1/23/2007 22:00,31434.92,7.22,-2,0.7,0.58,10,0
1/23/2007 23:00,31434.97,6.11,-1.9,0.6,0.72,10,0
1/24/2007 0:00,31435,6.11,-2.5,0.9,0.7,10,0
1/24/2007 1:00,31435.04,6.11,-2.4,0.9,1.01,10,0
1/24/2007 2:00,31435.08,6.11,-3.3,0.6,0.26,10,0
1/24/2007 3:00,31435.13,5,-3.6,0.9,0.33,10,0
1/24/2007 4:00,31435.17,5.56,-3.8,0.5,0.12,10,0
1/24/2007 5:00,31435.21,5,-3.5,0.5,5.72,10,0
1/24/2007 6:00,31435.25,5,-3.4,0.6,1.99,10,0
1/24/2007 7:00,31435.29,4.44,-3.2,0.6,4.03,5.5,43
1/24/2007 8:00,31435.34,7.78,-0.6,0.8,1.34,5.43,179
1/24/2007 9:00,31435.38,13.33,-0.6,1.1,1.68,3.99,321
1/24/2007 10:00,31435.42,14.44,-0.9,1.2,2.2,2.5,436
1/24/2007 11:00,31435.46,18.89,-1,1.6,2.6,0.81,502
1/24/2007 12:00,31435.5,19.44,-1.2,1.3,3.39,0,510
1/24/2007 13:00,31435.55,20.56,-1.3,1.3,3.87,0,463
1/24/2007 14:00,31435.59,21.67,-2,1,3.14,0,368
1/24/2007 15:00,31435.63,20.56,-2.7,0.7,0.75,0,231
1/24/2007 16:00,31435.67,17.22,-2.2,0.8,4.94,0,80
1/24/2007 17:00,31435.71,12.78,-1.6,1,4.82,10,3
1/24/2007 18:00,31435.76,12.22,-1.1,0.4,1.33,10,0
1/24/2007 19:00,31435.8,11.67,-0.7,0.8,4,10,0
1/24/2007 20:00,31435.84,10,-0.8,0.6,5.95,10,0
1/24/2007 21:00,31435.88,10,-0.4,0.8,6.11,10,0
1/24/2007 22:00,31435.92,8.33,-0.3,0.8,1.47,10,0
1/24/2007 23:00,31435.97,6.11,-0.6,0.6,0.4,10,0
1/25/2007 0:00,31436,8.33,-0.9,0.9,0.45,10,0
1/25/2007 1:00,31436.04,8.33,-1.7,1.1,1.55,10,0
1/25/2007 2:00,31436.08,8.89,-2.3,0.8,0.7,10,0
1/25/2007 3:00,31436.13,6.67,-2.4,1.2,1.01,10,0
1/25/2007 4:00,31436.17,6.67,-2.7,0.8,5.36,10,0
1/25/2007 5:00,31436.21,7.22,-3.1,1.2,0.91,10,0
1/25/2007 6:00,31436.25,6.67,-3,1,1.17,10,0
1/25/2007 7:00,31436.29,6.67,-2,1.1,3.98,6.44,41
1/25/2007 8:00,31436.34,9.44,0.1,1,4.28,5.81,175
1/25/2007 9:00,31436.38,16.11,0.8,1.4,4.19,4.57,312
1/25/2007 10:00,31436.42,16.67,1.3,1.5,5.03,3.36,424
1/25/2007 11:00,31436.46,16.11,1.4,1.2,5.48,2.36,489
1/25/2007 12:00,31436.5,22.22,0.8,1.1,5.17,1.02,504
1/25/2007 13:00,31436.55,17.78,0,1.6,1.48,0,465
1/25/2007 14:00,31436.59,22.22,-2.3,2,1.97,0,373
1/25/2007 15:00,31436.63,22.22,-3.8,1.6,2.18,0,241
1/25/2007 16:00,31436.67,20,-4.5,1.2,3.11,0,86
1/25/2007 17:00,31436.71,15.56,-2.5,0.8,3.94,10,3
1/25/2007 18:00,31436.76,15,-1.7,0.7,5.41,10,0
1/25/2007 19:00,31436.8,12.78,-0.7,0.7,4.99,10,0
1/25/2007 20:00,31436.84,11.11,-0.1,0.4,4.89,10,0
1/25/2007 21:00,31436.88,10,-0.2,0.7,0.73,10,0
1/25/2007 22:00,31436.92,10,-0.9,0.6,6.27,10,0
1/25/2007 23:00,31436.97,9.44,-1.3,0.6,0.75,10,0
1/26/2007 0:00,31437,9.44,-1.4,0.7,1.43,10,0
1/26/2007 1:00,31437.04,8.89,-1.5,1.1,0.91,10,0
1/26/2007 2:00,31437.08,9.44,-2,0.5,0.45,10,0
1/26/2007 3:00,31437.13,10,-2.3,0.5,0.75,10,0
1/26/2007 4:00,31437.17,8.33,-3.1,1,5.52,10,0
1/26/2007 5:00,31437.21,6.67,-2.9,0.9,6.04,10,0
1/26/2007 6:00,31437.25,7.22,-2.9,1.2,0.99,10,0
1/26/2007 7:00,31437.29,6.67,-2.2,0.5,1.94,7.19,39
1/26/2007 8:00,31437.34,9.44,-0.3,0.6,3.11,5.4,184
1/26/2007 9:00,31437.38,13.89,-1.2,1.2,1.87,5.85,283
1/26/2007 10:00,31437.42,16.67,-0.8,1.6,2.64,3.45,425
1/26/2007 11:00,31437.46,18.33,-0.5,1.5,3.3,2.61,488
1/26/2007 12:00,31437.5,17.22,-0.3,1.4,3.74,2.56,489
1/26/2007 13:00,31437.55,17.22,-0.4,1.2,2.01,1.84,451
1/26/2007 14:00,31437.59,20,-1.8,1.2,2.27,1.92,356
1/26/2007 15:00,31437.63,18.33,-2.5,1,2.41,0.78,227
1/26/2007 16:00,31437.67,18.33,-3.8,1.8,3.54,0,76
1/26/2007 17:00,31437.71,13.33,-0.4,2.3,4.69,10,4
1/26/2007 18:00,31437.76,11.11,1.9,1.6,5.25,10,0
1/26/2007 19:00,31437.8,10,2.1,1.1,5.08,10,0
1/26/2007 20:00,31437.84,8.89,2.2,0.5,4.87,10,0
1/26/2007 21:00,31437.88,9.44,1.8,0.6,4.66,10,0
1/26/2007 22:00,31437.92,8.33,1.9,0.8,1.48,10,0
1/26/2007 23:00,31437.97,11.11,1,0.5,4.97,10,0
1/27/2007 0:00,31438,8.33,0.6,1.2,0.52,10,0
1/27/2007 1:00,31438.04,6.67,-0.3,0.8,5.08,10,0
1/27/2007 2:00,31438.08,8.33,-0.5,0.8,1.52,10,0
1/27/2007 3:00,31438.13,7.22,-1.1,1.1,4.68,10,0
1/27/2007 4:00,31438.17,3.33,-0.1,1.4,1.69,10,0
1/27/2007 5:00,31438.21,5.56,0.3,1.1,0.98,10,0
1/27/2007 6:00,31438.25,5.56,-0.2,1.4,1.52,10,0
1/27/2007 7:00,31438.29,7.22,0.2,1.1,1.88,10,14
1/27/2007 8:00,31438.34,7.78,1,2.4,2.11,9.78,87
1/27/2007 9:00,31438.38,10,2.8,2.9,1.9,7.21,243
1/27/2007 10:00,31438.42,15.56,3.6,2.5,2.41,7.57,291
1/27/2007 11:00,31438.46,15.56,4.1,2.5,2.22,5.76,403
1/27/2007 12:00,31438.5,16.11,4,1.7,1.94,2.51,493
1/27/2007 13:00,31438.55,17.78,3.3,1.7,1.87,0.36,464
1/27/2007 14:00,31438.59,16.67,3.4,1.8,4.54,0,374
1/27/2007 15:00,31438.63,16.11,2.4,1.4,2.88,7.34,150
1/27/2007 16:00,31438.67,13.33,3,2.5,3.16,8.52,33
1/27/2007 17:00,31438.71,11.67,6.6,3.7,3.16,10,1
1/27/2007 18:00,31438.76,10,7,1.6,4.73,10,0
1/27/2007 19:00,31438.8,10,7.6,1.5,3.35,10,0
1/27/2007 20:00,31438.84,8.89,7.7,1.5,5.41,10,1
1/27/2007 21:00,31438.88,9.44,7.8,1.6,5.04,10,1
1/27/2007 22:00,31438.92,9.44,7.6,1.1,1.27,10,1
1/27/2007 23:00,31438.97,8.33,7.4,1.6,1.19,10,1
1/28/2007 0:00,31439,9.44,7.3,2.4,0.8,10,1
1/28/2007 1:00,31439.04,8.89,6.7,1.8,1.13,10,1
1/28/2007 2:00,31439.08,10,6.5,1.3,1.43,10,1
1/28/2007 3:00,31439.13,10,6.6,1.2,1.5,10,1
1/28/2007 4:00,31439.17,8.33,6.6,1.5,1.66,10,0
1/28/2007 5:00,31439.21,8.89,6.6,1.9,1.83,10,0
1/28/2007 6:00,31439.25,8.33,6.4,1.5,1.55,10,1
1/28/2007 7:00,31439.29,9.44,6.2,0.8,5.06,10,13
1/28/2007 8:00,31439.34,9.44,6.8,1,0.77,10,38
1/28/2007 9:00,31439.38,9.44,7.1,2.1,4.19,10,43
1/28/2007 10:00,31439.42,11.67,7.5,1.8,5.22,8.69,238
1/28/2007 11:00,31439.46,12.22,8,1.8,5.59,9.68,202
1/28/2007 12:00,31439.5,13.33,8.2,2.1,5.17,8.9,251
1/28/2007 13:00,31439.55,17.22,8,1.7,5.86,7.88,279
1/28/2007 14:00,31439.59,15,7.9,2,6.2,0,384
1/28/2007 15:00,31439.63,17.22,7.1,1.5,5.76,6.48,170
1/28/2007 16:00,31439.67,14.44,7.1,1.2,5.01,0,74
1/28/2007 17:00,31439.71,11.67,7.2,1.1,4.47,10,4
1/28/2007 18:00,31439.76,11.67,7.1,1.1,0.77,10,0
1/28/2007 19:00,31439.8,11.11,7.1,1.8,4.89,10,0
1/28/2007 20:00,31439.84,10,7,2.1,4.76,10,0
1/28/2007 21:00,31439.88,10,6.9,3.3,5.22,10,0
1/28/2007 22:00,31439.92,9.44,6.5,2,4.96,10,0
1/28/2007 23:00,31439.97,9.44,5.7,1.3,4.73,10,0
1/29/2007 0:00,31440,8.89,5.7,1.7,4.94,10,0
1/29/2007 1:00,31440.04,8.89,4.9,1.2,5.55,10,0
1/29/2007 2:00,31440.08,8.89,4.1,0.8,3.19,10,0
1/29/2007 3:00,31440.13,5.56,3.5,0.9,4.76,10,0
1/29/2007 4:00,31440.17,5.56,2.3,1,1.33,10,0
1/29/2007 5:00,31440.21,6.11,2.1,0.8,1.61,10,0
1/29/2007 6:00,31440.25,5.56,3,0.9,1.03,10,1
1/29/2007 7:00,31440.29,6.11,2.6,1.8,1.27,10,23
1/29/2007 8:00,31440.34,7.78,3.2,1.2,2.72,10,57
1/29/2007 9:00,31440.38,8.89,3.8,1.6,2.55,10,65
1/29/2007 10:00,31440.42,8.89,4.7,2.6,2.2,10,119
1/29/2007 11:00,31440.46,14.44,5.9,1.7,2.18,9.75,199
1/29/2007 12:00,31440.5,10.56,8.1,1.5,2.65,4.95,438
1/29/2007 13:00,31440.55,14.44,7.4,1.1,2.62,5.83,367
1/29/2007 14:00,31440.59,16.11,7.2,0.8,0.96,5.85,291
1/29/2007 15:00,31440.63,13.89,6.1,1.1,2.3,0,256
1/29/2007 16:00,31440.67,12.22,5.6,0.7,3.8,6.39,50
1/29/2007 17:00,31440.71,11.11,5.9,0.8,3.07,10,4
1/29/2007 18:00,31440.76,9.44,5.7,0.5,0.66,10,0
1/29/2007 19:00,31440.8,9.44,5.5,0.9,0.89,10,0
1/29/2007 20:00,31440.84,8.89,4.5,0.8,0.72,10,0
1/29/2007 21:00,31440.88,7.78,4.3,0.9,1.57,10,0
1/29/2007 22:00,31440.92,7.78,3.9,1.4,1.61,10,0
1/29/2007 23:00,31440.97,8.89,4.9,1.8,1.94,10,1
1/30/2007 0:00,31441,7.22,4.6,1.3,1.88,10,1
1/30/2007 1:00,31441.04,6.67,4,1.4,1.85,10,2
1/30/2007 2:00,31441.08,5.56,3.6,0.9,1.24,10,2
1/30/2007 3:00,31441.13,6.11,3.9,1.2,0.52,10,2
1/30/2007 4:00,31441.17,5.56,3.9,1.3,1.2,10,2
1/30/2007 5:00,31441.21,5,4.6,1.5,1.73,10,2
1/30/2007 6:00,31441.25,5,3.7,1.3,1.5,10,2
1/30/2007 7:00,31441.29,6.67,3.8,1.2,1.06,10,15
1/30/2007 8:00,31441.34,7.22,3.8,0.6,0.91,10,57
1/30/2007 9:00,31441.38,13.33,6.1,1.8,1.78,9.3,165
1/30/2007 10:00,31441.42,12.78,7.6,2.9,2.13,7.81,286
1/30/2007 11:00,31441.46,12.78,7.6,3.1,2.37,7.17,349
1/30/2007 12:00,31441.5,13.89,7.6,2.4,2.55,7.49,333
1/30/2007 13:00,31441.55,16.11,7.2,1.9,2.91,7.15,317
1/30/2007 14:00,31441.59,16.11,6.8,1.1,2.25,8.65,194
1/30/2007 15:00,31441.63,16.11,6.2,0.8,0.56,8.55,126
1/30/2007 16:00,31441.67,13.89,7.3,1.6,2.36,7.36,46
1/30/2007 17:00,31441.71,11.67,7.3,1.7,2.76,10,4
1/30/2007 18:00,31441.76,11.11,6.9,0.9,2.06,10,0
1/30/2007 19:00,31441.8,10,6.1,0.7,0.91,10,0
1/30/2007 20:00,31441.84,8.89,5.2,0.9,0.44,10,0
1/30/2007 21:00,31441.88,8.89,4.7,0.4,4.75,10,0
1/30/2007 22:00,31441.92,7.78,4.2,0.7,5.86,10,0
1/30/2007 23:00,31441.97,7.78,3.4,0.8,6.04,10,0
1/31/2007 0:00,31442,8.33,3.2,0.4,5.11,10,0
1/31/2007 1:00,31442.04,7.78,2.7,0.5,5.41,10,0
1/31/2007 2:00,31442.08,7.22,2.9,0.6,4.92,10,1
1/31/2007 3:00,31442.13,6.11,3.3,0.6,4.42,10,1
1/31/2007 4:00,31442.17,6.11,2.7,0.6,5.22,10,1
1/31/2007 5:00,31442.21,6.11,2.2,1.9,5.48,10,1
1/31/2007 6:00,31442.25,5,2.3,1.1,5.48,10,1
1/31/2007 7:00,31442.29,5.56,2.4,2,5.24,10,18
1/31/2007 8:00,31442.34,6.11,2.9,2.2,5.45,9.77,92
1/31/2007 9:00,31442.38,7.78,3.7,3,5.2,9.67,149
1/31/2007 10:00,31442.42,10,4.8,4,4.94,8.14,272
1/31/2007 11:00,31442.46,12.78,5.5,4.1,5.03,6.72,373
1/31/2007 12:00,31442.5,13.89,5.5,3.8,5.06,7.63,328
1/31/2007 13:00,31442.55,13.89,5.5,1.9,4.97,8.99,227
1/31/2007 14:00,31442.59,12.78,5.4,1.3,4.57,8.81,189
1/31/2007 15:00,31442.63,12.22,4.9,1,2.76,10,53
1/31/2007 16:00,31442.67,11.67,4.9,1.2,3.4,10,23
1/31/2007 17:00,31442.71,10,5.6,2.5,2.43,10,2
1/31/2007 18:00,31442.76,10.56,5.6,1.6,2.44,10,0
1/31/2007 19:00,31442.8,10,6,1.9,1.76,10,0
1/31/2007 20:00,31442.84,9.44,5.7,1.9,2.3,10,0
1/31/2007 21:00,31442.88,8.33,5.5,0.9,2.34,10,0
1/31/2007 22:00,31442.92,7.78,5.1,0.7,0.96,10,0
1/31/2007 23:00,31442.97,7.78,4.3,0.7,1.75,10,0
2/1/2007 0:00,31443,8.33,4.6,0.7,6.07,10,0
2/1/2007 1:00,31443.04,7.22,5.1,0.6,5.39,10,0
2/1/2007 2:00,31443.08,7.78,5.4,0.4,2.51,10,0
2/1/2007 3:00,31443.13,6.67,4.8,0.9,1.95,10,0
2/1/2007 4:00,31443.17,7.22,5.1,1.1,4.35,10,0
2/1/2007 5:00,31443.21,7.22,4.6,0.7,4.36,10,0
2/1/2007 6:00,31443.25,7.22,4.4,0.7,4.1,10,0
2/1/2007 7:00,31443.29,7.22,4.7,0.8,4.36,10,7
2/1/2007 8:00,31443.34,7.78,4.9,1,4.35,10,33
2/1/2007 9:00,31443.38,10,4.9,1,5.11,10,118
2/1/2007 10:00,31443.42,11.67,5,1.2,4.24,9.52,198
2/1/2007 11:00,31443.46,12.22,5.3,1.9,4.42,7.23,351
2/1/2007 12:00,31443.5,11.67,5.3,2.9,4.92,6.86,369
2/1/2007 13:00,31443.55,13.89,4.6,2.9,4.78,5.35,392
2/1/2007 14:00,31443.59,12.22,4.8,3.4,5.11,4.32,338
2/1/2007 15:00,31443.63,11.67,4.6,3.8,5.03,6.73,174
2/1/2007 16:00,31443.67,11.11,4.4,3.1,4.83,0,87
2/1/2007 17:00,31443.71,8.33,3.9,2,5.08,10,6
2/1/2007 18:00,31443.76,8.33,3.8,1.7,5.01,10,0
2/1/2007 19:00,31443.8,8.33,3.8,2.7,5.36,10,0
2/1/2007 20:00,31443.84,7.78,3.6,2.7,5.27,10,0
2/1/2007 21:00,31443.88,7.78,2.9,1.4,5.24,10,0
2/1/2007 22:00,31443.92,8.33,2.5,0.5,4.54,10,0
2/1/2007 23:00,31443.97,7.22,2.4,0.6,3.28,10,0
2/2/2007 0:00,31444,8.33,1.9,0.5,0.1,10,0
2/2/2007 1:00,31444.04,6.11,2.1,0.8,0.03,10,0
2/2/2007 2:00,31444.08,6.11,2.2,0.7,4.61,10,0
2/2/2007 3:00,31444.13,5.56,2.3,1.6,4.63,10,0
2/2/2007 4:00,31444.17,4.44,2.3,1.6,5.32,10,0
2/2/2007 5:00,31444.21,6.11,2.3,1.9,5.79,10,0
2/2/2007 6:00,31444.25,7.78,1.9,1.2,6.09,10,1
2/2/2007 7:00,31444.29,7.22,1.9,0.7,3.98,9.04,37
2/2/2007 8:00,31444.34,9.44,3.9,0.8,5.41,8.32,137
2/2/2007 9:00,31444.38,11.67,4.1,2.1,5.43,8.81,192
2/2/2007 10:00,31444.42,14.44,3.7,2.9,5.15,5.8,379
2/2/2007 11:00,31444.46,15.56,3.2,2.3,4.69,2.42,515
2/2/2007 12:00,31444.5,17.78,3.1,2.1,4.59,0.66,534
2/2/2007 13:00,31444.55,15,3.1,1.8,0.09,0,486
2/2/2007 14:00,31444.59,16.11,3,1.5,5.59,0,406
2/2/2007 15:00,31444.63,15,2.6,0.9,3.19,4.5,217
2/2/2007 16:00,31444.67,11.67,3.2,2.3,4.26,4.61,69
2/2/2007 17:00,31444.71,10.56,3,1.6,4.57,10,8
2/2/2007 18:00,31444.76,10,2.9,1.2,4.35,10,0
2/2/2007 19:00,31444.8,8.89,2.9,0.9,4.76,10,0
2/2/2007 20:00,31444.84,8.33,2.9,0.6,5.72,10,0
2/2/2007 21:00,31444.88,7.22,2.9,0.4,1.43,10,0
2/2/2007 22:00,31444.92,6.11,2.2,0.6,0.58,10,0
2/2/2007 23:00,31444.97,8.33,1.8,0.5,0.84,10,0
2/3/2007 0:00,31445,5.56,1.4,0.4,6.18,10,0
2/3/2007 1:00,31445.04,5.56,0.7,0.7,6.04,10,0
2/3/2007 2:00,31445.08,5.56,0.3,0.6,0.73,10,0
2/3/2007 3:00,31445.13,5,-0.1,0.4,0.72,10,0
2/3/2007 4:00,31445.17,5.56,-0.7,0.5,1.03,10,0
2/3/2007 5:00,31445.21,5.56,-0.7,0.9,0.61,10,0
2/3/2007 6:00,31445.25,4.44,-0.9,0.7,6.11,10,1
2/3/2007 7:00,31445.29,5.56,-0.9,0.8,1.08,8.22,46
2/3/2007 8:00,31445.34,7.78,2.4,0.8,1.41,6.21,189
2/3/2007 9:00,31445.38,11.11,3.2,1.1,1.97,4.61,337
2/3/2007 10:00,31445.42,14.44,3.9,1.2,3.26,3.16,457
2/3/2007 11:00,31445.46,16.67,4,1.7,4.92,1.7,529
2/3/2007 12:00,31445.5,18.89,4,1.3,5.15,0,542
2/3/2007 13:00,31445.55,18.33,4,1.2,4.33,0,506
2/3/2007 14:00,31445.59,18.89,3.9,1.4,6.04,0,397
2/3/2007 15:00,31445.63,17.22,3.8,1.3,5.03,4.29,223
2/3/2007 16:00,31445.67,15.56,4.2,2,4.85,0,107
2/3/2007 17:00,31445.71,11.67,4.3,1.6,4.94,10,8
2/3/2007 18:00,31445.76,11.67,4.2,0.6,5.39,10,0
2/3/2007 19:00,31445.8,10,4.4,0.5,0.28,10,0
2/3/2007 20:00,31445.84,9.44,4,0.7,4.54,10,0
2/3/2007 21:00,31445.88,9.44,3.8,0.4,1.27,10,0
2/3/2007 22:00,31445.92,8.33,3.6,0.6,1.66,10,0
2/3/2007 23:00,31445.97,6.11,3.3,0.9,0.49,10,0
2/4/2007 0:00,31446,7.78,2.3,0.7,0.96,10,0
2/4/2007 1:00,31446.04,7.22,1.9,0.8,1.19,10,0
2/4/2007 2:00,31446.08,7.22,1.9,0.8,0.94,10,0
2/4/2007 3:00,31446.13,7.22,0.8,0.9,6.28,10,0
2/4/2007 4:00,31446.17,5.56,0.2,0.6,0.93,10,0
2/4/2007 5:00,31446.21,5.56,0,0.4,0.94,10,0
2/4/2007 6:00,31446.25,5,-0.1,0.6,0.54,10,1
2/4/2007 7:00,31446.29,6.67,0.2,0.4,0.84,7.86,51
2/4/2007 8:00,31446.34,7.78,3.8,0.8,1.99,6.14,193
2/4/2007 9:00,31446.38,13.89,4.6,1.6,2.58,4.94,332
2/4/2007 10:00,31446.42,13.89,5,1.1,2.08,2.82,467
2/4/2007 11:00,31446.46,15.56,5.3,1.2,5.38,2.38,523
2/4/2007 12:00,31446.5,20.56,5.3,1.5,6.11,0,545
2/4/2007 13:00,31446.55,20,5,1.3,6.28,1.58,485
2/4/2007 14:00,31446.59,21.11,4.7,1,0.28,5.93,305
2/4/2007 15:00,31446.63,20.56,4.6,0.7,0.99,5.93,198
2/4/2007 16:00,31446.67,17.22,4.8,0.9,2.23,0,94
2/4/2007 17:00,31446.71,15,5.1,1.3,3.61,10,7
2/4/2007 18:00,31446.76,13.89,5.4,0.6,0.14,10,0
2/4/2007 19:00,31446.8,13.33,5.4,0.5,0.87,10,0
2/4/2007 20:00,31446.84,12.22,5.3,0.8,1.13,10,0
2/4/2007 21:00,31446.88,11.11,4.6,0.7,0.91,10,0
2/4/2007 22:00,31446.92,10,4.1,0.4,5.99,10,0
2/4/2007 23:00,31446.97,8.33,3.7,0.4,0.16,10,0
2/5/2007 0:00,31447,8.89,3.2,0.8,0.37,10,0
2/5/2007 1:00,31447.04,8.89,2.7,0.5,5.15,10,0
2/5/2007 2:00,31447.08,8.89,2.4,0.7,2.29,10,0
2/5/2007 3:00,31447.13,7.78,2.4,1.2,1.38,10,0
2/5/2007 4:00,31447.17,8.89,2.2,0.6,0.28,10,0
2/5/2007 5:00,31447.21,7.78,1.4,0.8,5.59,10,0
2/5/2007 6:00,31447.25,8.33,1.7,0.6,5.6,10,1
2/5/2007 7:00,31447.29,8.33,2.1,0.8,2.62,9.55,36
2/5/2007 8:00,31447.34,12.22,4.3,1,1.38,8.16,147
2/5/2007 9:00,31447.38,15,5.2,1.2,2.29,6.38,293
2/5/2007 10:00,31447.42,17.22,5.7,1.8,3.25,6.23,371
2/5/2007 11:00,31447.46,17.78,7.2,3.2,4.17,6.09,415
2/5/2007 12:00,31447.5,18.33,7,2.2,4.78,5.03,457
2/5/2007 13:00,31447.55,17.78,6.8,2.3,0.3,5.75,390
2/5/2007 14:00,31447.59,22.78,6.1,1.5,0.14,5.45,322
2/5/2007 15:00,31447.63,20,6.2,1.4,0.72,7.85,156
2/5/2007 16:00,31447.67,19.44,6.5,1.5,1.36,6.89,62
2/5/2007 17:00,31447.71,18.33,6.5,1,2.41,10,8
2/5/2007 18:00,31447.76,14.44,6.7,1.4,4.82,10,0
2/5/2007 19:00,31447.8,13.89,6.4,0.9,5.69,10,0
2/5/2007 20:00,31447.84,13.89,6.5,1.1,5.34,10,0
2/5/2007 21:00,31447.88,12.78,6.2,1.3,5.57,10,0
2/5/2007 22:00,31447.92,12.78,6.1,1.1,1.78,10,0
2/5/2007 23:00,31447.97,10,5.2,1.1,1.26,10,0
2/6/2007 0:00,31448,12.22,4.7,0.7,0.86,10,0
2/6/2007 1:00,31448.04,11.11,4.6,0.9,1.33,10,0
2/6/2007 2:00,31448.08,13.33,3.5,1.3,1.64,10,0
2/6/2007 3:00,31448.13,12.22,2.9,1.1,1.33,10,0
2/6/2007 4:00,31448.17,13.89,3.3,1.2,2.04,10,0
2/6/2007 5:00,31448.21,10,3,1.4,5.62,10,0
2/6/2007 6:00,31448.25,7.22,3,1.5,5.53,10,1
2/6/2007 7:00,31448.29,10.56,3.6,1.5,6.02,6.7,65
2/6/2007 8:00,31448.34,12.22,5.4,1.2,0.51,6.62,188
2/6/2007 9:00,31448.38,15,7.1,1.1,0.7,3.45,371
2/6/2007 10:00,31448.42,16.67,7.3,1.3,0.26,5.63,397
2/6/2007 11:00,31448.46,19.44,6.7,1.1,4.76,6.68,391
2/6/2007 12:00,31448.5,22.78,6.4,2,4.85,6.14,416
2/6/2007 13:00,31448.55,21.11,8,2.8,4.9,4.98,420
2/6/2007 14:00,31448.59,22.22,8.3,1.6,5.38,5.09,335
2/6/2007 15:00,31448.63,19.44,7.6,1.5,5.46,5.34,215
2/6/2007 16:00,31448.67,16.67,8.2,2,4.73,0,105
2/6/2007 17:00,31448.71,11.67,7.9,3,4.99,10,7
2/6/2007 18:00,31448.76,11.11,7,2.2,5.13,10,0
2/6/2007 19:00,31448.8,11.67,6.7,1.5,5.06,10,0
2/6/2007 20:00,31448.84,12.22,6.4,0.7,6.2,10,0
2/6/2007 21:00,31448.88,11.67,6.2,1.3,5.18,10,0
2/6/2007 22:00,31448.92,11.67,6.1,0.6,0.7,10,0
2/6/2007 23:00,31448.97,12.22,6.2,0.6,3.18,10,0
2/7/2007 0:00,31449,11.11,5.4,1.1,0.47,10,0
2/7/2007 1:00,31449.04,11.11,5.2,1.1,0.87,10,0
2/7/2007 2:00,31449.08,11.67,5,0.8,4.69,10,0
2/7/2007 3:00,31449.13,10,5.3,1,0.87,10,0
2/7/2007 4:00,31449.17,10.56,5.5,1.1,1.06,10,0
2/7/2007 5:00,31449.21,11.11,5.5,0.8,4.19,10,0
2/7/2007 6:00,31449.25,10.56,5.5,1.1,4.97,10,0
2/7/2007 7:00,31449.29,10.56,5.7,0.8,0.94,10,18
2/7/2007 8:00,31449.34,11.67,6.9,1.1,1.2,10,53
2/7/2007 9:00,31449.38,11.11,7.3,1.7,2.32,10,111
2/7/2007 10:00,31449.42,13.33,7.6,1.4,2.53,9.95,180
2/7/2007 11:00,31449.46,13.33,7.9,1.9,2.76,9.89,202
2/7/2007 12:00,31449.5,13.89,7.8,1.5,3.61,10,153
2/7/2007 13:00,31449.55,12.22,8.5,1.3,5.41,10,125
2/7/2007 14:00,31449.59,11.67,9.1,2.2,5.48,10,72
2/7/2007 15:00,31449.63,12.22,9.6,1.8,5.22,10,36
2/7/2007 16:00,31449.67,10.56,9.7,1.6,0.07,10,15
2/7/2007 17:00,31449.71,11.67,8.4,1.2,1.06,10,2
2/7/2007 18:00,31449.76,13.33,8.5,1.3,1.33,10,1
2/7/2007 19:00,31449.8,12.78,8.1,2.8,1.43,10,1
2/7/2007 20:00,31449.84,12.78,7.2,1.6,2.25,10,1
2/7/2007 21:00,31449.88,11.67,7.1,1.6,3.96,10,1
2/7/2007 22:00,31449.92,8.89,7.5,1.4,4.03,10,1
2/7/2007 23:00,31449.97,11.67,6.3,1.6,0.94,10,1
2/8/2007 0:00,31450,10,6.4,1.6,1.01,10,1
2/8/2007 1:00,31450.04,10.56,6.9,0.9,1.55,10,1
2/8/2007 2:00,31450.08,8.89,6.4,1,0.79,10,1
2/8/2007 3:00,31450.13,10,5.7,1.3,1.75,10,1
2/8/2007 4:00,31450.17,9.44,5.3,1.4,1.85,10,1
2/8/2007 5:00,31450.21,8.89,4.9,1,1.43,10,1
2/8/2007 6:00,31450.25,9.44,4.6,1.2,1.87,10,1
2/8/2007 7:00,31450.29,10,5,0.7,1.43,8.24,55
2/8/2007 8:00,31450.34,10,6.7,0.6,1.71,9.61,108
2/8/2007 9:00,31450.38,11.67,7.1,1.7,2.13,9.89,149
2/8/2007 10:00,31450.42,14.44,8.1,2,1.95,9.85,188
2/8/2007 11:00,31450.46,15,8.6,2.5,2.18,10,155
2/8/2007 12:00,31450.5,16.11,8.6,2.4,2.32,10,163
2/8/2007 13:00,31450.55,15,8.5,2.1,2.06,10,104
2/8/2007 14:00,31450.59,14.44,8.8,1.6,1.55,10,58
2/8/2007 15:00,31450.63,13.89,9.1,2.2,1.69,10,58
2/8/2007 16:00,31450.67,13.33,8.9,1.3,3.42,10,18
2/8/2007 17:00,31450.71,13.33,8.7,1,0.68,10,3
2/8/2007 18:00,31450.76,13.89,9.2,1.5,1.2,10,0
2/8/2007 19:00,31450.8,13.33,9.5,2.1,1.71,10,0
2/8/2007 20:00,31450.84,13.89,8.8,1.8,2.53,10,0
2/8/2007 21:00,31450.88,13.33,8.5,1.5,2.98,10,0
2/8/2007 22:00,31450.92,12.78,8,1.3,1.13,10,0
2/8/2007 23:00,31450.97,10,8.2,1.6,1.54,10,0
2/9/2007 0:00,31451,13.89,8,1.5,1.48,10,0
2/9/2007 1:00,31451.04,13.89,7.3,1.2,1.38,10,0
2/9/2007 2:00,31451.08,12.78,7,1.1,1.95,10,0
2/9/2007 3:00,31451.13,11.67,6.6,1.3,0.96,10,0
2/9/2007 4:00,31451.17,12.78,6.5,0.9,1.92,10,0
2/9/2007 5:00,31451.21,12.78,6.3,1.8,1.94,10,0
2/9/2007 6:00,31451.25,11.11,6.5,3,1.87,10,1
2/9/2007 7:00,31451.29,12.22,6.4,2.5,1.88,9.82,38
2/9/2007 8:00,31451.34,13.89,6.6,2.3,2.04,9.94,98
2/9/2007 9:00,31451.38,15.56,6.9,2.8,2.2,10,145
2/9/2007 10:00,31451.42,15.56,7.8,3.3,2.22,9.53,210
2/9/2007 11:00,31451.46,15.56,8.3,2.6,2.04,10,149
2/9/2007 12:00,31451.5,16.11,8.3,2.2,1.85,9.77,214
2/9/2007 13:00,31451.55,16.67,8.5,2.1,2.2,10,178
2/9/2007 14:00,31451.59,15,8.4,2.1,2.2,10,83
2/9/2007 15:00,31451.63,15,9,1.6,1.29,10,68
2/9/2007 16:00,31451.67,14.44,9.7,1.4,0.73,10,23
2/9/2007 17:00,31451.71,13.33,9.7,0.9,0.26,10,3
2/9/2007 18:00,31451.76,13.89,9.9,0.7,5.78,10,0
2/9/2007 19:00,31451.8,12.22,10.1,0.9,6.27,10,0
2/9/2007 20:00,31451.84,12.78,9.9,0.6,0.44,10,0
2/9/2007 21:00,31451.88,13.89,10,1,0.99,10,0
2/9/2007 22:00,31451.92,13.33,10.2,1.2,1.88,10,0
2/9/2007 23:00,31451.97,13.89,9.8,1.6,1.45,10,0
2/10/2007 0:00,31452,13.89,8.7,1.2,1.97,10,0
2/10/2007 1:00,31452.04,12.22,8.5,1.4,1.97,10,0
2/10/2007 2:00,31452.08,12.22,8.3,1.6,1.59,10,0
2/10/2007 3:00,31452.13,12.78,8.6,2.4,1.69,10,0
2/10/2007 4:00,31452.17,12.78,8.3,2.3,1.85,10,0
2/10/2007 5:00,31452.21,12.78,8.2,2.3,2.37,10,0
2/10/2007 6:00,31452.25,12.78,8.1,2.5,1.92,10,0
2/10/2007 7:00,31452.29,12.78,8.6,3.5,1.29,10,7
2/10/2007 8:00,31452.34,14.44,9.4,3.9,1.62,10,32
2/10/2007 9:00,31452.38,13.33,10,2.1,2.3,10,52
2/10/2007 10:00,31452.42,12.78,10.5,2.5,3.63,10,75
2/10/2007 11:00,31452.46,12.78,10.3,2,1.71,10,26
2/10/2007 12:00,31452.5,13.33,10.6,3.6,1.52,10,42
2/10/2007 13:00,31452.55,14.44,11.1,4.5,1.38,10,137
2/10/2007 14:00,31452.59,15.56,11.4,4.6,1.54,7.46,267
2/10/2007 15:00,31452.63,16.67,11,4.1,1.76,8.52,147
2/10/2007 16:00,31452.67,15.56,10.6,4,1.69,7.57,67
2/10/2007 17:00,31452.71,15,10.1,2.5,1.71,10,7
2/10/2007 18:00,31452.76,15.56,10.1,3,2.36,10,0
2/10/2007 19:00,31452.8,13.33,11.6,3.8,2.51,10,1
2/10/2007 20:00,31452.84,13.33,11.6,3.7,2.23,10,1
2/10/2007 21:00,31452.88,12.22,11.4,3.1,1.62,10,1
2/10/2007 22:00,31452.92,13.33,11.4,3.3,2.13,10,1
2/10/2007 23:00,31452.97,12.78,11.3,3.8,2.02,10,1
2/11/2007 0:00,31453,12.78,11,4.4,1.97,10,1
2/11/2007 1:00,31453.04,12.78,10.8,4.2,2.18,10,1
2/11/2007 2:00,31453.08,13.33,11,4.5,2.43,10,1
2/11/2007 3:00,31453.13,12.78,10.7,3.8,2.25,10,1
2/11/2007 4:00,31453.17,12.78,10.4,3.4,2.04,10,1
2/11/2007 5:00,31453.21,13.33,9.9,2.4,2.04,10,1
2/11/2007 6:00,31453.25,12.78,9.5,2.5,2.23,10,2
2/11/2007 7:00,31453.29,13.33,9.9,2.2,2.37,5.56,87
2/11/2007 8:00,31453.34,14.44,10.1,1.9,2.83,10,93
2/11/2007 9:00,31453.38,16.11,10.1,1.4,4.87,9.68,165
2/11/2007 10:00,31453.42,13.89,9.3,3,5.48,5.42,421
2/11/2007 11:00,31453.46,15,9.6,3.3,0.19,5.53,458
2/11/2007 12:00,31453.5,17.78,7.9,2.1,0,6.37,421
2/11/2007 13:00,31453.55,15.56,8,2.8,5.01,10,152
2/11/2007 14:00,31453.59,16.67,9.3,3.5,5.18,0,551
2/11/2007 15:00,31453.63,17.78,8.2,3,5.39,0,303
2/11/2007 16:00,31453.67,15.56,8.4,3.3,5.13,0,137
2/11/2007 17:00,31453.71,13.33,8.5,2.7,5.32,10,15
2/11/2007 18:00,31453.76,12.22,8.3,2.3,5.11,10,0
2/11/2007 19:00,31453.8,11.67,8,1.5,5.08,10,0
2/11/2007 20:00,31453.84,11.67,7.6,1,4.49,10,0
2/11/2007 21:00,31453.88,10.56,6.8,1.5,5.57,10,0
2/11/2007 22:00,31453.92,10,6.4,1.4,4.75,10,0
2/11/2007 23:00,31453.97,12.78,6.2,1.3,5.17,10,0
2/12/2007 0:00,31454,8.89,5.7,1,5.31,10,0
2/12/2007 1:00,31454.04,7.78,5.2,1,4.59,10,0
2/12/2007 2:00,31454.08,7.78,4.6,1,6.11,10,0
2/12/2007 3:00,31454.13,8.33,4.1,0.7,4.9,10,0
2/12/2007 4:00,31454.17,7.78,3.7,0.8,5.62,10,0
2/12/2007 5:00,31454.21,8.33,3.4,0.8,0.33,10,1
2/12/2007 6:00,31454.25,7.78,3.4,0.8,4.31,10,2
2/12/2007 7:00,31454.29,7.78,4.4,0.9,4.54,8.14,64
2/12/2007 8:00,31454.34,8.33,6.2,1.8,5.41,7.74,174
2/12/2007 9:00,31454.38,11.11,6.5,1.8,5.31,7.88,254
2/12/2007 10:00,31454.42,14.44,7,1.2,5.06,5.46,423
2/12/2007 11:00,31454.46,15.56,7.3,1.3,5.48,0,609
2/12/2007 12:00,31454.5,16.11,7.2,1.2,5.65,4.44,502
2/12/2007 13:00,31454.55,17.22,7.2,2.2,4.63,6.43,384
2/12/2007 14:00,31454.59,18.33,6.9,2.9,4.78,2.28,412
2/12/2007 15:00,31454.63,16.11,6.3,3.1,4.73,5.4,232
2/12/2007 16:00,31454.67,13.33,4.8,3.1,4.82,3.65,104
2/12/2007 17:00,31454.71,12.22,4.6,2.1,5.17,10,13
2/12/2007 18:00,31454.76,11.11,4.5,1.6,5.45,10,0
2/12/2007 19:00,31454.8,10,5.1,1,5.32,10,0
2/12/2007 20:00,31454.84,10,5.1,2,5.03,10,0
2/12/2007 21:00,31454.88,10.56,4.7,3.3,5.03,10,0
2/12/2007 22:00,31454.92,10,4.7,2.9,5.24,10,0
2/12/2007 23:00,31454.97,9.44,4.8,2.4,5.39,10,0
2/13/2007 0:00,31455,8.33,4.9,3.9,4.97,10,0
2/13/2007 1:00,31455.04,8.33,5.3,4,5.17,10,0
2/13/2007 2:00,31455.08,7.78,5.5,3.6,5.15,10,0
2/13/2007 3:00,31455.13,8.33,5.9,3.2,4.94,10,0
2/13/2007 4:00,31455.17,7.22,5.8,3,5.01,10,0
2/13/2007 5:00,31455.21,6.11,5.5,3.5,4.89,10,0
2/13/2007 6:00,31455.25,6.67,5.3,3.4,4.85,10,2
2/13/2007 7:00,31455.29,8.89,5.6,3.4,5.06,8.62,60
2/13/2007 8:00,31455.34,10,6.2,4.4,5.13,6.69,205
2/13/2007 9:00,31455.38,10.56,6.4,5.2,5.04,5.79,336
2/13/2007 10:00,31455.42,10,6.7,5.4,4.97,3.57,485
2/13/2007 11:00,31455.46,9.44,6.5,5.4,5.04,6.53,419
2/13/2007 12:00,31455.5,12.22,6,5.3,5.13,7.12,389
2/13/2007 13:00,31455.55,13.89,6,5.1,4.99,0.98,526
2/13/2007 14:00,31455.59,11.67,5.7,5.2,4.85,0,447
2/13/2007 15:00,31455.63,11.11,5,5,4.82,5.5,233
2/13/2007 16:00,31455.67,11.67,4.8,5.2,5.18,9.26,52
2/13/2007 17:00,31455.71,8.89,4.8,5.1,5.25,10,18
2/13/2007 18:00,31455.76,7.78,4.6,3.5,4.99,10,0
2/13/2007 19:00,31455.8,8.33,4.5,2.6,4.96,10,0
2/13/2007 20:00,31455.84,8.89,4.7,0.9,5.11,10,0
2/13/2007 21:00,31455.88,8.33,4.5,1,4.33,10,0
2/13/2007 22:00,31455.92,7.22,5.2,1.6,4.73,10,0
2/13/2007 23:00,31455.97,8.89,5.4,1.9,4.64,10,0
2/14/2007 0:00,31456,7.22,5.4,1.3,5.25,10,0
2/14/2007 1:00,31456.04,8.33,5.5,1,5.64,10,0
2/14/2007 2:00,31456.08,7.78,5.1,0.6,1.19,10,0
2/14/2007 3:00,31456.13,7.22,5,0.9,0.79,10,0
2/14/2007 4:00,31456.17,6.11,4.4,1.1,1.41,10,0
2/14/2007 5:00,31456.21,5.56,3.4,1.6,1.82,10,0
2/14/2007 6:00,31456.25,5.56,3.1,1.3,1.62,10,2
2/14/2007 7:00,31456.29,6.11,4,1.6,1.4,6.39,88
2/14/2007 8:00,31456.34,8.33,5.1,2,2.01,4.91,247
2/14/2007 9:00,31456.38,12.78,5.5,2.6,1.94,3.99,389
2/14/2007 10:00,31456.42,13.33,6.1,2.7,2.29,2.22,516
2/14/2007 11:00,31456.46,13.33,6.1,2.2,2.39,0,600
2/14/2007 12:00,31456.5,15,5.6,2.3,2.41,0,633
2/14/2007 13:00,31456.55,17.22,5.2,1.9,2.79,2.55,511
2/14/2007 14:00,31456.59,16.67,4.4,1.1,4.83,9.02,205
2/14/2007 15:00,31456.63,17.22,4.3,1.3,3.58,0,304
2/14/2007 16:00,31456.67,15,4.5,1.4,4.97,0,147
2/14/2007 17:00,31456.71,11.11,4.7,1.6,5.22,10,13
2/14/2007 18:00,31456.76,11.11,4.8,1,5.01,10,0
2/14/2007 19:00,31456.8,11.11,5.2,0.4,2.18,10,0
2/14/2007 20:00,31456.84,10,4.9,0.4,5.97,10,0
2/14/2007 21:00,31456.88,9.44,4.9,0.6,2.22,10,0
2/14/2007 22:00,31456.92,9.44,4.2,1,5.57,10,0
2/14/2007 23:00,31456.97,7.22,3.7,0.7,0.96,10,0
2/15/2007 0:00,31457,7.78,3.2,0.5,5.59,10,0
2/15/2007 1:00,31457.04,8.33,3.3,0.9,5.39,10,0
2/15/2007 2:00,31457.08,7.22,2.8,1.2,1.34,10,0
2/15/2007 3:00,31457.13,7.78,3,0.9,1.26,10,0
2/15/2007 4:00,31457.17,7.78,2.6,0.7,0.89,10,0
2/15/2007 5:00,31457.21,7.22,2.1,0.5,0.35,10,0
2/15/2007 6:00,31457.25,6.11,1.6,0.5,1.08,10,2
2/15/2007 7:00,31457.29,7.78,2.9,1.8,1.76,7.77,75
2/15/2007 8:00,31457.34,9.44,4.6,2.7,1.95,5.75,233
2/15/2007 9:00,31457.38,16.11,5.2,2.6,2.22,4.15,389
2/15/2007 10:00,31457.42,16.11,5.5,2.1,2.32,2.9,508
2/15/2007 11:00,31457.46,15.56,5.9,2.1,2.84,1.88,575
2/15/2007 12:00,31457.5,16.67,5.7,1.6,3.09,0.85,586
2/15/2007 13:00,31457.55,18.89,5.6,1.7,4.14,0.49,537
2/15/2007 14:00,31457.59,18.89,5.7,1.4,0.87,2.5,421
2/15/2007 15:00,31457.63,16.67,5.5,1.1,4.43,1.76,292
2/15/2007 16:00,31457.67,17.22,5.8,1.3,4.87,0,140
2/15/2007 17:00,31457.71,13.89,6,1.7,5.67,10,13
2/15/2007 18:00,31457.76,11.67,6.3,0.8,5.34,10,0
2/15/2007 19:00,31457.8,12.22,6.5,0.9,1.75,10,0
2/15/2007 20:00,31457.84,11.67,6.3,1.4,1.48,10,0
2/15/2007 21:00,31457.88,11.11,5.6,1.2,0.4,10,0
2/15/2007 22:00,31457.92,10,5.3,0.9,0.14,10,0
2/15/2007 23:00,31457.97,9.44,5,0.7,5.69,10,0
2/16/2007 0:00,31458,8.89,4.7,0.4,1.76,10,0
2/16/2007 1:00,31458.04,8.89,4.6,0.4,1.45,10,0
2/16/2007 2:00,31458.08,8.89,4,0.7,0.4,10,0
2/16/2007 3:00,31458.13,8.33,3.9,1.1,1.01,10,0
2/16/2007 4:00,31458.17,8.89,3.8,0.9,1.47,10,0
2/16/2007 5:00,31458.21,8.89,3.6,0.6,0.72,10,0
2/16/2007 6:00,31458.25,8.33,3.6,0.5,0.63,10,3
2/16/2007 7:00,31458.29,8.33,4.3,0.9,1.29,7.95,75
2/16/2007 8:00,31458.34,10,6.2,1.6,1.52,6.66,214
2/16/2007 9:00,31458.38,15,6.3,1.7,2.34,4.87,374
2/16/2007 10:00,31458.42,18.33,6.7,2.1,2.76,3.52,498
2/16/2007 11:00,31458.46,18.33,7.8,1.7,2.15,2.16,575
2/16/2007 12:00,31458.5,18.33,7.9,1.8,2.44,2.23,574
2/16/2007 13:00,31458.55,20.56,8.3,1.9,2.2,3.29,504
2/16/2007 14:00,31458.59,20,8.3,1.4,2.86,0,451
2/16/2007 15:00,31458.63,20,8.6,1.1,6.18,2.02,294
2/16/2007 16:00,31458.67,19.44,8.6,0.7,1.97,0.9,128
2/16/2007 17:00,31458.71,17.89,8.3,0.6,5.79,10,16
2/16/2007 18:00,31458.76,16.33,8.9,0.9,1.17,10,0
2/16/2007 19:00,31458.8,14.78,9.1,0.7,1.38,10,0
2/16/2007 20:00,31458.84,13.22,8.9,1,1.13,10,0
2/16/2007 21:00,31458.88,11.67,8.2,1.6,1.34,10,0
2/16/2007 22:00,31458.92,10.56,7.8,0.7,1.12,10,0
2/16/2007 23:00,31458.97,10.56,7.9,0.8,1.57,10,0
2/17/2007 0:00,31459,11.11,7.4,0.6,2.69,10,0
2/17/2007 1:00,31459.04,10.67,6.8,0.9,4.42,10,0
2/17/2007 2:00,31459.08,10.22,6.1,0.8,5.62,10,0
2/17/2007 3:00,31459.13,9.78,5.7,0.6,1.33,10,0
2/17/2007 4:00,31459.17,9.33,5.9,0.8,1.92,10,0
2/17/2007 5:00,31459.21,8.89,5.1,1,1.31,10,0
2/17/2007 6:00,31459.25,8.33,4.7,0.9,6.04,10,3
2/17/2007 7:00,31459.29,9.44,5.9,1.1,0.3,7.67,81
2/17/2007 8:00,31459.34,11.67,8,1.4,1.1,5.98,234
2/17/2007 9:00,31459.38,18.33,8.9,1.5,2.01,4.41,390
2/17/2007 10:00,31459.42,21.11,9.3,1.2,3.09,3,514
2/17/2007 11:00,31459.46,22.22,9.3,1.1,3.86,1.63,587
2/17/2007 12:00,31459.5,24.44,9,1.2,3.51,0,602
2/17/2007 13:00,31459.55,23.89,8,1.1,4.38,0,554
2/17/2007 14:00,31459.59,25.56,7.6,1.6,5.62,0,461
2/17/2007 15:00,31459.63,25,6.4,1.1,6.27,2.13,297
2/17/2007 16:00,31459.67,21.67,6,0.9,4.1,0,156
2/17/2007 17:00,31459.71,18.89,5.9,0.4,0.16,10,20
2/17/2007 18:00,31459.76,17.22,8.1,1.4,0.17,10,0
2/17/2007 19:00,31459.8,16.11,8.5,1.1,0.63,10,0
2/17/2007 20:00,31459.84,15,8.4,0.6,6.28,10,0
2/17/2007 21:00,31459.88,15.56,8.2,1.2,4.33,10,0
2/17/2007 22:00,31459.92,12.78,8,0.8,4.31,10,0
2/17/2007 23:00,31459.97,11.67,8,0.9,0.7,10,0
2/18/2007 0:00,31460,15,7.7,1.3,1.92,10,0
2/18/2007 1:00,31460.04,12.78,7.5,1.5,1.01,10,0
2/18/2007 2:00,31460.08,14.44,7.2,0.9,1.17,10,0
2/18/2007 3:00,31460.13,13.33,6.8,1.1,0.17,10,0
2/18/2007 4:00,31460.17,12.78,7.7,1.3,0.86,10,0
2/18/2007 5:00,31460.21,12.78,8.2,1.1,5.13,10,0
2/18/2007 6:00,31460.25,12.78,8.3,1.1,4.05,10,1
2/18/2007 7:00,31460.29,12.22,8.8,1,4.85,10,32
2/18/2007 8:00,31460.34,13.89,9,1.4,0.21,10,58
2/18/2007 9:00,31460.38,13.89,9,1.4,0.19,10,123
2/18/2007 10:00,31460.42,15,9,1.7,4.54,9.88,201
2/18/2007 11:00,31460.46,15,9,2.9,4.94,10,149
2/18/2007 12:00,31460.5,15.56,9.3,1.7,5.17,10,94
2/18/2007 13:00,31460.55,14.44,10,1.9,5.81,10,97
2/18/2007 14:00,31460.59,15,10.6,3,4.87,9.93,162
2/18/2007 15:00,31460.63,15.56,9.9,2.6,5.03,9.21,139
2/18/2007 16:00,31460.67,16.11,8.9,3.1,4.9,0,173
2/18/2007 17:00,31460.71,13.33,8.8,3.1,5.11,10,40
2/18/2007 18:00,31460.76,12.78,9.2,2.9,5.17,10,0
2/18/2007 19:00,31460.8,12.22,9,3.4,5.1,10,0
2/18/2007 20:00,31460.84,11.11,9,3.3,5.08,10,0
2/18/2007 21:00,31460.88,10.56,8.7,3.6,4.9,10,0
2/18/2007 22:00,31460.92,10.56,8.3,3.3,4.97,10,0
2/18/2007 23:00,31460.97,12.78,7.8,3.6,4.8,10,0
2/19/2007 0:00,31461,9.44,7.5,3.9,4.9,10,0
2/19/2007 1:00,31461.04,8.89,7.2,3.9,4.89,10,0
2/19/2007 2:00,31461.08,7.78,6.2,4,4.99,10,0
2/19/2007 3:00,31461.13,7.78,3.4,3.9,4.87,10,0
2/19/2007 4:00,31461.17,5.56,1.5,4.2,4.99,10,0
2/19/2007 5:00,31461.21,4.44,1,3.9,4.82,10,0
2/19/2007 6:00,31461.25,5,0.5,3.8,4.99,10,2
2/19/2007 7:00,31461.29,5,0.8,3.9,4.89,7.72,85
2/19/2007 8:00,31461.34,7.22,1.2,4.2,4.99,6.43,229
2/19/2007 9:00,31461.38,8.89,1.5,4.8,4.92,6.95,312
2/19/2007 10:00,31461.42,8.33,2.2,2.8,5.08,8.54,292
2/19/2007 11:00,31461.46,8.89,3.1,2,0.72,8.84,298
2/19/2007 12:00,31461.5,9.44,4,2.7,1.36,5.25,498
2/19/2007 13:00,31461.55,10.56,4.8,3.2,1.62,0,603
2/19/2007 14:00,31461.59,11.11,4.6,3.4,1.52,0,492
2/19/2007 15:00,31461.63,12.22,4,3.8,1.73,0,346
2/19/2007 16:00,31461.67,11.67,3.5,3.7,1.8,0,179
2/19/2007 17:00,31461.71,10,3.4,2.4,1.76,10,29
2/19/2007 18:00,31461.76,11.11,3.3,1.7,1.1,10,0
2/19/2007 19:00,31461.8,10,3.4,1.5,1.43,10,0
2/19/2007 20:00,31461.84,10,3.6,0.6,1.26,10,0
2/19/2007 21:00,31461.88,8.89,3.5,1.3,0.82,10,0
2/19/2007 22:00,31461.92,8.89,3.1,0.9,4.78,10,0
2/19/2007 23:00,31461.97,8.89,2.9,0.8,0.66,10,0
2/20/2007 0:00,31462,6.67,2.5,0.8,0.65,10,0
2/20/2007 1:00,31462.04,6.67,2.4,0.9,0.59,10,0
2/20/2007 2:00,31462.08,7.22,2.7,0.8,1.34,10,0
2/20/2007 3:00,31462.13,7.22,2.9,0.9,1.54,10,0
2/20/2007 4:00,31462.17,6.67,3.3,1.6,1.59,10,0
2/20/2007 5:00,31462.21,7.78,2.9,0.9,1.5,10,0
2/20/2007 6:00,31462.25,7.78,2.5,0.8,4.08,10,5
2/20/2007 7:00,31462.29,8.89,3.5,0.4,0.07,6.02,109
2/20/2007 8:00,31462.34,10,5.3,1.3,2.16,4.63,273
2/20/2007 9:00,31462.38,16.67,5.3,1.8,2.25,3.18,429
2/20/2007 10:00,31462.42,16.67,4.7,2.2,2.32,1.68,549
2/20/2007 11:00,31462.46,17.22,4.3,2.4,2.98,0,617
2/20/2007 12:00,31462.5,18.33,4.4,1.6,3.49,0,631
2/20/2007 13:00,31462.55,18.89,3.9,1.7,0.09,0,587
2/20/2007 14:00,31462.59,20,3.2,1.6,5.93,0,489
2/20/2007 15:00,31462.63,18.89,2.4,1,0.26,0,343
2/20/2007 16:00,31462.67,18.89,3,1.4,5.83,0,169
2/20/2007 17:00,31462.71,14.44,3.6,1.4,5.93,10,27
2/20/2007 18:00,31462.76,12.22,4.1,1.3,5.53,10,0
2/20/2007 19:00,31462.8,12.22,4.5,0.6,4.94,10,0
2/20/2007 20:00,31462.84,11.67,5.3,2.5,5.08,10,0
2/20/2007 21:00,31462.88,10.56,5.8,3.4,4.99,10,0
2/20/2007 22:00,31462.92,9.44,5.6,1.5,4.69,10,0
2/20/2007 23:00,31462.97,6.67,5.3,0.7,4.64,10,0
2/21/2007 0:00,31463,8.89,4.8,0.6,0.66,10,0
2/21/2007 1:00,31463.04,7.78,4.7,0.9,4.15,10,0
2/21/2007 2:00,31463.08,7.22,3.8,0.6,0.31,10,0
2/21/2007 3:00,31463.13,7.22,3.6,0.4,0.45,10,0
2/21/2007 4:00,31463.17,7.78,2.8,0.4,6.14,10,0
2/21/2007 5:00,31463.21,6.67,2.9,0.4,5.6,10,1
2/21/2007 6:00,31463.25,6.11,2.6,0.5,1.13,10,6
2/21/2007 7:00,31463.29,7.78,4.2,0.5,4.45,6.84,102
2/21/2007 8:00,31463.34,11.11,5.6,0.9,1.4,5.42,260
2/21/2007 9:00,31463.38,13.33,6,2.5,2.01,7.23,306
2/21/2007 10:00,31463.42,16.11,6.1,3.6,2.32,1.62,554
2/21/2007 11:00,31463.46,16.11,6.1,3.4,2.37,0,621
2/21/2007 12:00,31463.5,17.22,6.6,3.1,2.5,0,628
2/21/2007 13:00,31463.55,20,6,2.8,2.81,0,587
2/21/2007 14:00,31463.59,19.44,5.2,2.8,2.43,0,470
2/21/2007 15:00,31463.63,19.44,4.9,2.3,2.46,0,353
2/21/2007 16:00,31463.67,17.22,4.9,2.1,2.23,0,163
2/21/2007 17:00,31463.71,15,4.8,2,2.09,10,30
2/21/2007 18:00,31463.76,13.33,5,1.7,1.43,10,0
2/21/2007 19:00,31463.8,12.22,4.9,1.6,1.31,10,0
2/21/2007 20:00,31463.84,12.22,5.3,1.9,1.64,10,0
2/21/2007 21:00,31463.88,12.22,6,2.3,2.16,10,0
2/21/2007 22:00,31463.92,10,5.7,2.2,2.01,10,0
2/21/2007 23:00,31463.97,8.33,5.5,2.4,1.8,10,0
2/22/2007 0:00,31464,10,5.4,2.8,1.73,10,0
2/22/2007 1:00,31464.04,11.11,5.2,3.1,1.88,10,0
2/22/2007 2:00,31464.08,11.11,5.4,3.2,1.97,10,0
2/22/2007 3:00,31464.13,11.11,5.8,3.6,1.85,10,0
2/22/2007 4:00,31464.17,11.11,5.8,4.5,1.83,10,0
2/22/2007 5:00,31464.21,10.56,5.7,3.9,1.99,10,0
2/22/2007 6:00,31464.25,11.11,5.7,3.6,1.88,10,2
2/22/2007 7:00,31464.29,11.11,5.7,4.7,1.87,10,37
2/22/2007 8:00,31464.34,11.11,5.7,4.6,2.04,10,93
2/22/2007 9:00,31464.38,10,6.3,4,2.13,10,66
2/22/2007 10:00,31464.42,6.11,7.1,3.8,3.68,10,41
2/22/2007 11:00,31464.46,7.22,6.9,2.2,5.04,10,47
2/22/2007 12:00,31464.5,7.22,7.2,1.1,6.11,10,103
2/22/2007 13:00,31464.55,7.22,7.1,1.4,6.23,10,88
2/22/2007 14:00,31464.59,8.89,7.2,2.1,1.06,8.51,248
2/22/2007 15:00,31464.63,9.44,6.9,2.9,1.31,0,367
2/22/2007 16:00,31464.67,8.89,5.5,3.4,2.53,10,41
2/22/2007 17:00,31464.71,6.11,4.2,3.9,0.09,10,48
2/22/2007 18:00,31464.76,5,4.4,3.2,1.03,10,1
2/22/2007 19:00,31464.8,6.11,3.6,3.9,1.05,10,1
2/22/2007 20:00,31464.84,6.11,3.9,3,1.41,10,1
2/22/2007 21:00,31464.88,5.56,3.9,2.1,1.36,10,1
2/22/2007 22:00,31464.92,6.11,4,1.5,1.45,10,1
2/22/2007 23:00,31464.97,10.56,4.3,1.5,0.38,10,1
2/23/2007 0:00,31465,5,4.3,2.2,5.22,10,1
2/23/2007 1:00,31465.04,3.89,3.9,2.5,5.76,10,1
2/23/2007 2:00,31465.08,5,3.1,1,6.23,10,1
2/23/2007 3:00,31465.13,4.44,3.6,0.9,4.12,10,1
2/23/2007 4:00,31465.17,4.44,3.7,0.7,4.69,10,1
2/23/2007 5:00,31465.21,5,4.3,1,4.22,10,1
2/23/2007 6:00,31465.25,5,4,0.7,4.89,10,5
2/23/2007 7:00,31465.29,6.11,3.8,1.5,4.71,9.07,72
2/23/2007 8:00,31465.34,8.33,4.5,2.6,4.71,4.36,289
2/23/2007 9:00,31465.38,8.33,4.3,3.4,4.94,6.29,351
2/23/2007 10:00,31465.42,10,3.2,4.2,5.01,4.71,490
2/23/2007 11:00,31465.46,11.11,2.6,3.9,5.1,7.5,396
2/23/2007 12:00,31465.5,10.56,2.5,4.2,4.8,3.35,579
2/23/2007 13:00,31465.55,12.22,2.4,4.7,4.66,3.33,532
2/23/2007 14:00,31465.59,11.67,2.3,3.7,4.92,4.6,408
2/23/2007 15:00,31465.63,11.67,1.6,4.8,4.94,5.23,272
2/23/2007 16:00,31465.67,11.67,0.9,5.3,4.94,0,199
2/23/2007 17:00,31465.71,7.78,-0.5,4.3,5.06,10,37
2/23/2007 18:00,31465.76,6.67,0.6,2.7,5.11,10,0
2/23/2007 19:00,31465.8,7.22,0.7,3.4,5.18,10,0
2/23/2007 20:00,31465.84,6.67,1,2.7,5.27,10,0
2/23/2007 21:00,31465.88,6.11,0.6,2.7,5.11,10,0
2/23/2007 22:00,31465.92,5.56,0.5,2.2,5.04,10,0
2/23/2007 23:00,31465.97,5,0.1,0.9,0.35,10,0
2/24/2007 0:00,31466,2.78,0,0.8,0.03,10,0
2/24/2007 1:00,31466.04,3.89,0,0.6,1.33,10,0
2/24/2007 2:00,31466.08,3.89,0,0.8,1.55,10,0
2/24/2007 3:00,31466.13,2.78,0,1.1,1.62,10,0
2/24/2007 4:00,31466.17,2.78,-0.3,1.3,1.17,10,0
2/24/2007 5:00,31466.21,2.78,-0.3,0.9,0.91,10,0
2/24/2007 6:00,31466.25,3.33,-0.6,1.2,0.93,10,8
2/24/2007 7:00,31466.29,5,0.5,1.7,1.38,4.98,133
2/24/2007 8:00,31466.34,8.89,2.1,2.7,1.8,4.01,299
2/24/2007 9:00,31466.38,10,2.6,3.5,2.01,2.52,457
2/24/2007 10:00,31466.42,11.11,2.8,3.5,2.2,0,578
2/24/2007 11:00,31466.46,12.22,2.9,3.3,2.23,0,646
2/24/2007 12:00,31466.5,12.78,2.7,3.4,2.32,0,659
2/24/2007 13:00,31466.55,14.44,2.5,2.9,2.27,0,610
2/24/2007 14:00,31466.59,14.44,2.4,2.5,2.16,0,512
2/24/2007 15:00,31466.63,13.33,1,2.6,2.55,0,371
2/24/2007 16:00,31466.67,12.78,0.2,1.8,2.22,0,199
2/24/2007 17:00,31466.71,10,1.2,2.3,1.71,10,39
2/24/2007 18:00,31466.76,10,1.2,1.9,1.36,10,0
2/24/2007 19:00,31466.8,10,1.6,1.6,2.13,10,0
2/24/2007 20:00,31466.84,8.33,2,0.5,0.94,10,0
2/24/2007 21:00,31466.88,8.89,2.5,0.4,1.06,10,0
2/24/2007 22:00,31466.92,8.89,3.1,0.8,1.36,10,0
2/24/2007 23:00,31466.97,4.44,3.4,1.9,1.66,10,0
2/25/2007 0:00,31467,9.44,3.2,1.6,1.8,10,0
2/25/2007 1:00,31467.04,8.89,3.3,2.4,1.99,10,0
2/25/2007 2:00,31467.08,10,3.3,3.3,2.2,10,0
2/25/2007 3:00,31467.13,10,3.3,3.2,1.99,10,0
2/25/2007 4:00,31467.17,8.89,3.8,4,1.82,10,0
2/25/2007 5:00,31467.21,7.78,4.7,3.1,1.83,10,0
2/25/2007 6:00,31467.25,6.11,5.8,2.4,1.87,10,1
2/25/2007 7:00,31467.29,6.11,6.5,3.8,1.64,10,13
2/25/2007 8:00,31467.34,6.67,6.7,4.9,1.75,10,60
2/25/2007 9:00,31467.38,8.33,7.4,3.9,1.64,9.89,175
2/25/2007 10:00,31467.42,8.89,7.9,2.5,1.62,10,158
2/25/2007 11:00,31467.46,10,8.3,2.8,1.71,10,177
2/25/2007 12:00,31467.5,11.11,8.3,3,1.57,10,215
2/25/2007 13:00,31467.55,10,8.4,2.5,1.17,10,152
2/25/2007 14:00,31467.59,10,8.4,2.8,1.03,10,163
2/25/2007 15:00,31467.63,10.56,8.2,3,0.45,10,52
2/25/2007 16:00,31467.67,9.44,8.7,3,6.23,7.75,100
2/25/2007 17:00,31467.71,9.44,8.8,1.5,0.03,10,26
2/25/2007 18:00,31467.76,10,8.4,1,5.69,10,1
2/25/2007 19:00,31467.8,9.44,7.6,1.4,4.83,10,1
2/25/2007 20:00,31467.84,8.89,6.8,1,5.34,10,1
2/25/2007 21:00,31467.88,7.78,6.9,1.1,4.99,10,1
2/25/2007 22:00,31467.92,7.78,6.8,0.7,6.04,10,1
2/25/2007 23:00,31467.97,7.78,6,0.8,0.21,10,1
2/26/2007 0:00,31468,8.33,5.9,0.5,5.29,10,1
2/26/2007 1:00,31468.04,7.22,6,0.7,1.54,10,1
2/26/2007 2:00,31468.08,7.22,5.5,1,1.57,10,1
2/26/2007 3:00,31468.13,8.33,5.5,0.7,6.09,10,1
2/26/2007 4:00,31468.17,7.22,5.4,0.7,4.42,10,1
2/26/2007 5:00,31468.21,7.78,5.3,0.6,3.56,10,1
2/26/2007 6:00,31468.25,7.22,5.1,1.4,1.33,10,5
2/26/2007 7:00,31468.29,7.78,5.7,2.5,2.02,9,79
2/26/2007 8:00,31468.34,12.22,6.7,3.4,1.95,7.3,224
2/26/2007 9:00,31468.38,12.78,7.6,3.8,2.18,7.73,297
2/26/2007 10:00,31468.42,11.11,7.8,3.6,2.36,8.02,341
2/26/2007 11:00,31468.46,11.67,7.7,4.2,2.34,8.42,344
2/26/2007 12:00,31468.5,14.44,7,4.6,2.2,5.71,503
2/26/2007 13:00,31468.55,15.56,6.3,4.7,2.39,3.76,533
2/26/2007 14:00,31468.59,13.33,5.7,4.6,2.36,8.9,236
2/26/2007 15:00,31468.63,13.33,5.4,4.3,2.43,10,108
2/26/2007 16:00,31468.67,12.22,7,4.8,3.12,10,50
2/26/2007 17:00,31468.71,12.22,7.2,3.2,2.81,10,10
2/26/2007 18:00,31468.76,12.22,6.9,3.3,2.69,10,0
2/26/2007 19:00,31468.8,11.11,6.5,3.5,2.74,10,0
2/26/2007 20:00,31468.84,10.56,7,3.9,2.57,10,0
2/26/2007 21:00,31468.88,9.44,8,3.7,2.15,10,1
2/26/2007 22:00,31468.92,8.89,7.8,4.7,2.09,10,1
2/26/2007 23:00,31468.97,8.33,7.1,4.8,4.38,10,1
2/27/2007 0:00,31469,7.22,6.5,2.4,5.25,10,1
2/27/2007 1:00,31469.04,7.22,6.6,1.6,6.07,10,1
2/27/2007 2:00,31469.08,7.22,6,2.2,5.67,10,1
2/27/2007 3:00,31469.13,6.11,5,2.6,5.17,10,1
2/27/2007 4:00,31469.17,5.56,4.2,3.4,4.75,10,0
2/27/2007 5:00,31469.21,5,4.5,3.4,4.92,10,0
2/27/2007 6:00,31469.25,3.89,4.1,3.1,5.08,10,6
2/27/2007 7:00,31469.29,6.67,4,3.6,4.85,5.44,138
2/27/2007 8:00,31469.34,10,3.7,4.3,5.13,3.64,317
2/27/2007 9:00,31469.38,12.22,3.2,4,5.2,1.86,479
2/27/2007 10:00,31469.42,10.56,2.5,3.3,4.99,4.08,527
2/27/2007 11:00,31469.46,11.11,2.2,2.9,4.94,0,658
2/27/2007 12:00,31469.5,13.33,1.4,2.8,4.82,6.15,485
2/27/2007 13:00,31469.55,12.78,1,2.8,4.82,0,693
2/27/2007 14:00,31469.59,13.33,-0.9,2.7,4.12,0,536
2/27/2007 15:00,31469.63,12.78,-1.4,2.8,4.17,0,406
2/27/2007 16:00,31469.67,10.56,-3,1.9,4.36,0,183
2/27/2007 17:00,31469.71,8.33,-2.9,1.1,2.32,10,18
2/27/2007 18:00,31469.76,8.89,-0.7,1.5,1.24,10,0
2/27/2007 19:00,31469.8,8.33,-0.4,2.7,3.04,10,0
2/27/2007 20:00,31469.84,3.89,3,3.4,3.65,10,0
2/27/2007 21:00,31469.88,2.78,4.1,3.1,5.85,10,1
2/27/2007 22:00,31469.92,3.89,3.5,3.4,0.1,10,1
2/27/2007 23:00,31469.97,6.67,3.3,1.1,0.44,10,1
2/28/2007 0:00,31470,3.89,3.6,1,1.8,10,1
2/28/2007 1:00,31470.04,4.44,3.6,1.7,4.15,10,1
2/28/2007 2:00,31470.08,2.78,2.9,1.1,5.48,10,1
2/28/2007 3:00,31470.13,2.78,2,1,0.4,10,1
2/28/2007 4:00,31470.17,2.78,1.7,1,1.13,10,1
2/28/2007 5:00,31470.21,2.78,1.9,0.7,1.15,10,1
2/28/2007 6:00,31470.25,2.78,2.2,0.5,1.13,10,12
2/28/2007 7:00,31470.29,6.11,3.7,0.9,1.48,3.86,158
2/28/2007 8:00,31470.34,8.89,3.8,1.7,2.53,3.81,318
2/28/2007 9:00,31470.38,11.11,3.3,1.2,3.86,3.03,465
2/28/2007 10:00,31470.42,11.11,3,2.1,4.87,4.94,501
2/28/2007 11:00,31470.46,8.33,2.6,2.4,5.17,7.41,416
2/28/2007 12:00,31470.5,11.67,1.9,2.7,5.11,4.71,554
2/28/2007 13:00,31470.55,5.56,2,3.5,4.89,6.26,444
2/28/2007 14:00,31470.59,12.78,1.6,3.2,4.9,3.8,449
2/28/2007 15:00,31470.63,11.67,1.3,3.5,5.15,0,400
2/28/2007 16:00,31470.67,10.56,0.5,4,4.83,0,225
2/28/2007 17:00,31470.71,7.78,0.4,3.4,5.2,10,44
2/28/2007 18:00,31470.76,6.11,0.7,2.5,5.22,10,0
2/28/2007 19:00,31470.8,6.11,0.8,2.5,5.24,10,0
2/28/2007 20:00,31470.84,6.11,1,2.4,4.97,10,0
2/28/2007 21:00,31470.88,5,0.7,2.6,5.13,10,0
2/28/2007 22:00,31470.92,5,0.6,2,5.13,10,0
2/28/2007 23:00,31470.97,4.44,0.5,1.8,5.48,10,0
3/1/2007 0:00,31471,3.89,0.1,0.7,6.16,10,0
3/1/2007 1:00,31471.04,3.89,0.2,1.3,4.29,10,0
3/1/2007 2:00,31471.08,3.89,0,1.2,5.11,10,0
3/1/2007 3:00,31471.13,3.33,-0.1,0.9,4.52,10,0
3/1/2007 4:00,31471.17,3.33,-0.2,1.2,4.96,10,0
3/1/2007 5:00,31471.21,2.22,-0.8,1.1,0.28,10,0
3/1/2007 6:00,31471.25,2.22,-0.9,1,0.94,10,16
3/1/2007 7:00,31471.29,6.11,-0.1,1.3,0.31,4.36,157
3/1/2007 8:00,31471.34,7.78,0.2,0.9,6.04,4.43,310
3/1/2007 9:00,31471.38,8.33,-0.6,0.9,4.26,6.78,350
3/1/2007 10:00,31471.42,11.11,-0.7,1.3,5.32,4.05,536
3/1/2007 11:00,31471.46,11.67,-0.1,1.8,4.85,0,676
3/1/2007 12:00,31471.5,13.33,2.2,2.6,5.04,0,693
3/1/2007 13:00,31471.55,15.56,2.1,3.1,5.01,0,644
3/1/2007 14:00,31471.59,14.44,1.9,3.5,5.2,0,543
3/1/2007 15:00,31471.63,13.89,1.3,3.5,5.25,0,391
3/1/2007 16:00,31471.67,12.22,1.9,3.3,4.94,0,212
3/1/2007 17:00,31471.71,10,2.7,3.2,5.13,10,42
3/1/2007 18:00,31471.76,7.78,3.4,2.4,5.29,10,0
3/1/2007 19:00,31471.8,8.33,3.3,2.8,5.25,10,0
3/1/2007 20:00,31471.84,7.78,3.5,2.4,5.29,10,0
3/1/2007 21:00,31471.88,6.67,3.4,2.5,5.04,10,0
3/1/2007 22:00,31471.92,6.11,3.2,2.6,4.49,10,0
3/1/2007 23:00,31471.97,3.89,3.4,3.6,4.69,10,0
3/2/2007 0:00,31472,4.44,3.4,2.8,4.9,10,0
3/2/2007 1:00,31472.04,3.89,3.2,2,4.64,10,0
3/2/2007 2:00,31472.08,3.33,2.8,1.2,6.25,10,0
3/2/2007 3:00,31472.13,3.89,3.1,2.2,5.25,10,0
3/2/2007 4:00,31472.17,2.78,3.7,3.1,5.15,10,0
3/2/2007 5:00,31472.21,2.78,3.5,1.9,5.29,10,0
3/2/2007 6:00,31472.25,2.22,2.9,1.1,0.16,10,8
3/2/2007 7:00,31472.29,4.44,3.1,1,5.71,9.45,77
3/2/2007 8:00,31472.34,7.78,4.2,1,1.34,5.14,298
3/2/2007 9:00,31472.38,10,4.2,3.2,2.13,3.24,469
3/2/2007 10:00,31472.42,10.56,4.8,3.7,2.2,1.38,597
3/2/2007 11:00,31472.46,12.78,5.7,4,2.22,0,668
3/2/2007 12:00,31472.5,15,5.9,3.8,1.78,0,682
3/2/2007 13:00,31472.55,13.89,5.2,3.6,2.18,0,638
3/2/2007 14:00,31472.59,14.44,4.8,2.4,2.78,0,536
3/2/2007 15:00,31472.63,15,3.6,1.6,3.14,0,377
3/2/2007 16:00,31472.67,15,3.1,1.2,6.02,0,202
3/2/2007 17:00,31472.71,12.22,3.2,1.3,6.27,10,46
3/2/2007 18:00,31472.76,10.56,3.1,1.5,0,10,1
3/2/2007 19:00,31472.8,9.44,3.7,0.6,0.59,10,0
3/2/2007 20:00,31472.84,8.33,4.1,1.4,5.29,10,0
3/2/2007 21:00,31472.88,9.44,4.1,0.8,5.57,10,0
3/2/2007 22:00,31472.92,8.89,3.9,0.8,1.15,10,0
3/2/2007 23:00,31472.97,4.44,3.7,0.9,1.26,10,0
3/3/2007 0:00,31473,6.67,3.3,0.8,0.86,10,0
3/3/2007 1:00,31473.04,7.22,3,1,0.65,10,0
3/3/2007 2:00,31473.08,6.11,2.3,0.9,0.35,10,0
3/3/2007 3:00,31473.13,6.67,2.6,1.2,1.15,10,0
3/3/2007 4:00,31473.17,5.56,1.9,0.6,1.76,10,0
3/3/2007 5:00,31473.21,6.11,2.2,0.7,5.99,10,0
3/3/2007 6:00,31473.25,5.56,2.1,0.6,1.8,10,17
3/3/2007 7:00,31473.29,7.22,3.5,1.1,1.33,5.08,156
3/3/2007 8:00,31473.34,10.56,4.7,2.2,2.16,3.96,327
3/3/2007 9:00,31473.38,15.56,5.1,2.2,2.46,2.39,489
3/3/2007 10:00,31473.42,15,5.8,2.5,1.61,1.43,601
3/3/2007 11:00,31473.46,20,6,2.2,1.52,0,671
3/3/2007 12:00,31473.5,22.78,6.3,1.4,1.59,0,687
3/3/2007 13:00,31473.55,21.11,4.8,1.5,5.57,0,643
3/3/2007 14:00,31473.59,21.67,3,1.4,4.71,0,541
3/3/2007 15:00,31473.63,21.67,2.4,1.8,4.03,0,394
3/3/2007 16:00,31473.67,20,3.5,2.1,4.43,0.17,189
3/3/2007 17:00,31473.71,15,4.9,1.8,5.06,10,42
3/3/2007 18:00,31473.76,13.33,5.2,0.9,4.96,10,0
3/3/2007 19:00,31473.8,13.33,5.4,1.4,0.47,10,0
3/3/2007 20:00,31473.84,12.22,5.3,1.8,0.37,10,0
3/3/2007 21:00,31473.88,11.67,5.1,1.2,5.25,10,0
3/3/2007 22:00,31473.92,11.67,4.7,0.6,1.27,10,0
3/3/2007 23:00,31473.97,6.67,4.7,0.6,1.03,10,0
3/4/2007 0:00,31474,10.56,4.8,0.8,4.9,10,0
3/4/2007 1:00,31474.04,10.22,4.2,1,0.8,10,0
3/4/2007 2:00,31474.08,9.89,3.8,0.8,0.19,10,0
3/4/2007 3:00,31474.13,9.56,3.6,0.8,1.45,10,0
3/4/2007 4:00,31474.17,9.22,3.2,0.9,6.04,10,0
3/4/2007 5:00,31474.21,8.89,2.8,1.2,0.56,10,0
3/4/2007 6:00,31474.25,10.56,2.4,0.7,5.76,10,24
3/4/2007 7:00,31474.29,11.67,4.8,0.5,1.5,7.53,121
3/4/2007 8:00,31474.34,16.11,6.2,0.7,1.38,5.61,293
3/4/2007 9:00,31474.38,19.44,5.6,1.5,2.09,2.82,486
3/4/2007 10:00,31474.42,22.22,5,1.6,1.94,2.9,580
3/4/2007 11:00,31474.46,21.67,4.3,1.4,2.98,1.65,654
3/4/2007 12:00,31474.5,23.33,2.8,1.6,3.94,2.63,636
3/4/2007 13:00,31474.55,21.11,2.1,1.4,3.53,3.25,572
3/4/2007 14:00,31474.59,24.44,1.9,1.4,4.66,2.97,484
3/4/2007 15:00,31474.63,22.78,2.7,2.1,5.55,2.48,355
3/4/2007 16:00,31474.67,18.89,4.6,1.8,5.64,5.59,154
3/4/2007 17:00,31474.71,17.78,5.2,1.2,5.41,10,38
3/4/2007 18:00,31474.76,16.11,5.1,0.6,5.43,10,0
3/4/2007 19:00,31474.8,16.11,6.2,0.6,0.45,10,0
3/4/2007 20:00,31474.84,15.56,6.5,0.7,0.14,10,0
3/4/2007 21:00,31474.88,15,7.1,0.4,5.25,10,0
3/4/2007 22:00,31474.92,13.89,7.2,0.5,5.36,10,0
3/4/2007 23:00,31474.97,11.11,7.4,0.6,4.87,10,0
3/5/2007 0:00,31475,14.44,7.7,1.2,0.56,10,0
3/5/2007 1:00,31475.04,13.33,7.9,1.2,1.08,10,0
3/5/2007 2:00,31475.08,14.44,8.2,1.8,4.97,10,0
3/5/2007 3:00,31475.13,13.33,7.3,1.1,4.83,10,0
3/5/2007 4:00,31475.17,13.33,6.4,1.1,0.19,10,0
3/5/2007 5:00,31475.21,11.11,5.8,1,5.29,10,0
3/5/2007 6:00,31475.25,11.11,5.9,0.9,1.88,10,21
3/5/2007 7:00,31475.29,13.89,7.3,1.3,1.27,5.31,160
3/5/2007 8:00,31475.34,18.33,7.4,0.8,1.85,3.85,337
3/5/2007 9:00,31475.38,20.56,7.4,1.4,2.36,1.8,506
3/5/2007 10:00,31475.42,22.22,7,1.4,3.37,1.88,604
3/5/2007 11:00,31475.46,23.89,5.6,1.4,2.97,0,682
3/5/2007 12:00,31475.5,22.22,4.5,1.3,3.79,0.34,670
3/5/2007 13:00,31475.55,25,4.4,1.7,5.43,2.98,583
3/5/2007 14:00,31475.59,23.33,3.5,2.1,4.99,3.73,471
3/5/2007 15:00,31475.63,23.89,3,1.8,4.9,2.81,355
3/5/2007 16:00,31475.67,23.33,4.3,2,5.24,0,210
3/5/2007 17:00,31475.71,18.33,4.4,1.6,5.04,0,45
3/5/2007 18:00,31475.76,16.67,6,1.3,5.64,10,0
3/5/2007 19:00,31475.8,16.67,7.6,1.4,5.71,10,0
3/5/2007 20:00,31475.84,15.56,7.5,0.9,4.4,10,0
3/5/2007 21:00,31475.88,15,7.9,0.7,0.91,10,0
3/5/2007 22:00,31475.92,15,8.3,0.9,0.63,10,0
3/5/2007 23:00,31475.97,14.44,8.4,0.9,1.06,10,0
3/6/2007 0:00,31476,13.89,8,0.9,0.45,10,0
3/6/2007 1:00,31476.04,13.33,7.2,0.7,5.06,10,0
3/6/2007 2:00,31476.08,12.22,7.2,0.7,5.93,10,0
3/6/2007 3:00,31476.13,11.67,6.8,0.4,2.01,10,0
3/6/2007 4:00,31476.17,12.22,6.6,0.8,1.33,10,0
3/6/2007 5:00,31476.21,11.11,6.1,0.9,5.08,10,0
3/6/2007 6:00,31476.25,11.67,5.8,0.5,5.04,0,22
3/6/2007 7:00,31476.29,15,7.3,0.9,0.73,4.57,173
3/6/2007 8:00,31476.34,17.22,6.9,1.6,1.64,3.63,345
3/6/2007 9:00,31476.38,18.67,7.7,2.1,2.23,2.33,503
3/6/2007 10:00,31476.42,20.11,7.5,2.2,2.6,0,627
3/6/2007 11:00,31476.46,21.56,6.4,1.5,2.09,0,699
3/6/2007 12:00,31476.5,23,4.9,1.5,2.27,0,711
3/6/2007 13:00,31476.55,24.44,4.8,1.8,0.24,0,651
3/6/2007 14:00,31476.59,25.56,4.8,1.6,6.27,0,539
3/6/2007 15:00,31476.63,26.11,4.7,1.4,4.9,0,396
3/6/2007 16:00,31476.67,25,4.8,1.6,5.2,0,226
3/6/2007 17:00,31476.71,20,6.8,2.1,5.46,0,56
3/6/2007 18:00,31476.76,18.33,7.7,1.4,5.45,10,0
3/6/2007 19:00,31476.8,17.22,7.9,0.8,5.38,10,0
3/6/2007 20:00,31476.84,16.11,8,0.7,4.71,10,0
3/6/2007 21:00,31476.88,15,8.5,0.8,0.52,10,0
3/6/2007 22:00,31476.92,14.44,8.5,0.7,6.11,10,0
3/6/2007 23:00,31476.97,14.44,7.7,1.4,0.16,10,0
3/7/2007 0:00,31477,13.89,7.3,1,1.15,10,0
3/7/2007 1:00,31477.04,13.89,7.8,1,2.15,10,0
3/7/2007 2:00,31477.08,14.44,7.6,1,4.89,10,0
3/7/2007 3:00,31477.13,13.89,8.3,1,0.05,10,0
3/7/2007 4:00,31477.17,12.78,8.8,1.6,5.11,10,0
3/7/2007 5:00,31477.21,12.78,8.5,1.7,0.19,10,0
3/7/2007 6:00,31477.25,15,8.3,1.6,6.14,5.68,5
3/7/2007 7:00,31477.29,16.11,8.2,2,2.5,9.98,72
3/7/2007 8:00,31477.34,15.56,8.2,2,3.05,9.99,134
3/7/2007 9:00,31477.38,18.89,8.2,1.7,4.29,7.76,320
3/7/2007 10:00,31477.42,23.33,9,1.7,5.34,5.91,485
3/7/2007 11:00,31477.46,23.33,8.6,1.8,2.76,2.95,641
3/7/2007 12:00,31477.5,23.33,8,1.5,2.74,2.96,641
3/7/2007 13:00,31477.55,23.89,7.9,1.8,5.74,3.2,586
3/7/2007 14:00,31477.59,23.89,6.6,1.4,5.22,0,552
3/7/2007 15:00,31477.63,26.67,6.4,1.3,5.79,0,391
3/7/2007 16:00,31477.67,22.78,7,2.5,4.99,0,211
3/7/2007 17:00,31477.71,20,9.4,3.7,5.24,0,44
3/7/2007 18:00,31477.76,18.33,9.2,4,5.24,10,0
3/7/2007 19:00,31477.8,16.11,2.9,3.5,5.08,10,0
3/7/2007 20:00,31477.84,13.89,6.7,3.3,4.96,10,0
3/7/2007 21:00,31477.88,14.44,8.8,3.1,4.99,10,0
3/7/2007 22:00,31477.92,11.11,9.1,3.4,4.76,10,0
3/7/2007 23:00,31477.97,13.89,8.9,3.3,4.87,10,0
3/8/2007 0:00,31478,10,9,3.4,4.87,10,0
3/8/2007 1:00,31478.04,8.33,9.2,4.1,5.04,10,0
3/8/2007 2:00,31478.08,8.89,9.4,5,5.13,10,0
3/8/2007 3:00,31478.13,8.33,9.3,4.9,5.17,10,0
3/8/2007 4:00,31478.17,8.89,8.9,4.4,5.17,10,0
3/8/2007 5:00,31478.21,8.33,8.6,3.9,5.17,10,0
3/8/2007 6:00,31478.25,9.44,8.5,2.7,5.25,0,23
3/8/2007 7:00,31478.29,11.67,9.1,2.4,5.34,6.05,159
3/8/2007 8:00,31478.34,14.44,9.7,1.5,6.13,4.42,337
3/8/2007 9:00,31478.38,16.67,10,2.2,5.34,3.9,478
3/8/2007 10:00,31478.42,18.89,9.4,2.3,5.76,1.39,624
3/8/2007 11:00,31478.46,20.56,9.8,1.6,5.69,2.02,666
3/8/2007 12:00,31478.5,20.56,9.7,1.9,5.59,0,709
3/8/2007 13:00,31478.55,20,9.4,2.1,5.18,0,645
3/8/2007 14:00,31478.59,21.11,9.3,2.2,5.72,0,534
3/8/2007 15:00,31478.63,19.44,9,2.2,5.55,3.58,355
3/8/2007 16:00,31478.67,18.89,9.2,1.9,5.45,0,223
3/8/2007 17:00,31478.71,15,9.7,2.2,5.88,0,34
3/8/2007 18:00,31478.76,14.44,9.7,2.1,6.02,10,0
3/8/2007 19:00,31478.8,13.33,9.7,2.1,5.88,10,0
3/8/2007 20:00,31478.84,13.33,9.3,1.8,5.95,10,0
3/8/2007 21:00,31478.88,12.78,8.6,1,5.64,10,0
3/8/2007 22:00,31478.92,11.67,8.3,0.4,5.69,10,0
3/8/2007 23:00,31478.97,10.56,7.8,0.7,5.45,10,0
3/9/2007 0:00,31479,10.56,7.2,0.5,6.06,10,0
3/9/2007 1:00,31479.04,10,7.3,2,5.15,10,0
3/9/2007 2:00,31479.08,9.44,7,1.1,5.55,10,0
3/9/2007 3:00,31479.13,10,6.4,1.2,5.92,10,0
3/9/2007 4:00,31479.17,8.89,6,0.9,6.27,10,0
3/9/2007 5:00,31479.21,8.89,5.7,1,5.11,10,0
3/9/2007 6:00,31479.25,9.44,6,0.6,1.48,0,16
3/9/2007 7:00,31479.29,11.11,7,0.7,5.71,8.62,110
3/9/2007 8:00,31479.34,11.11,8.5,1.1,2.46,8.8,194
3/9/2007 9:00,31479.38,13.89,9,1.8,4.97,9.07,249
3/9/2007 10:00,31479.42,17.78,9.1,2.5,5.64,5.64,505
3/9/2007 11:00,31479.46,18.33,10,4.1,5.76,5.7,543
3/9/2007 12:00,31479.5,17.78,10.2,3.3,6.02,4.14,612
3/9/2007 13:00,31479.55,20.56,9.1,1.9,5.88,1.97,621
3/9/2007 14:00,31479.59,21.11,8.9,2.7,5.57,4.63,461
3/9/2007 15:00,31479.63,20.56,8.8,3.5,5.64,1.62,385
3/9/2007 16:00,31479.67,16.67,7.5,4.1,5.6,5.71,169
3/9/2007 17:00,31479.71,15.56,7.9,3.8,5.78,0,51
3/9/2007 18:00,31479.76,13.33,8,3.3,5.95,10,1
3/9/2007 19:00,31479.8,12.22,6.7,3.4,5.95,10,0
3/9/2007 20:00,31479.84,10.56,5.3,2.6,5.81,10,0
3/9/2007 21:00,31479.88,11.11,5.1,1.7,5.55,10,0
3/9/2007 22:00,31479.92,11.11,5,2.4,5.86,10,0
3/9/2007 23:00,31479.97,10.56,5,2.4,5.65,10,0
3/10/2007 0:00,31480,10.56,4.6,2,5.5,10,0
3/10/2007 1:00,31480.04,8.89,4,1.6,5.17,10,0
3/10/2007 2:00,31480.08,7.22,4.1,1.3,5.52,10,0
3/10/2007 3:00,31480.13,8.33,5.2,2.1,5.48,10,0
3/10/2007 4:00,31480.17,7.22,4.9,1.1,5.69,10,0
3/10/2007 5:00,31480.21,7.22,4.8,0.5,5.17,10,0
3/10/2007 6:00,31480.25,6.11,4.6,0.4,1.54,0,25
3/10/2007 7:00,31480.29,8.89,6.5,0.8,6.04,5.46,175
3/10/2007 8:00,31480.34,12.78,7.3,1.1,5.93,4.32,347
3/10/2007 9:00,31480.38,16.67,7.5,2.2,2.25,2.53,517
3/10/2007 10:00,31480.42,16.67,8.3,2.6,2.9,2.13,622
3/10/2007 11:00,31480.46,18.89,8,1.5,3,1.07,688
3/10/2007 12:00,31480.5,21.11,7.9,1.4,1.87,0,712
3/10/2007 13:00,31480.55,21.67,7.8,1.4,2.72,0,662
3/10/2007 14:00,31480.59,21.67,7.4,1.3,5.67,3.86,488
3/10/2007 15:00,31480.63,21.11,7.1,1.5,4.76,6.45,289
3/10/2007 16:00,31480.67,22.22,7.9,1.7,5.36,0,241
3/10/2007 17:00,31480.71,17.78,8.6,2.1,5.5,0,69
3/10/2007 18:00,31480.76,15,9.6,2,5.95,10,1
3/10/2007 19:00,31480.8,16.11,9.9,1,5.76,10,0
3/10/2007 20:00,31480.84,13.89,9.8,0.7,4.73,10,0
3/10/2007 21:00,31480.88,13.33,9.9,1,1.54,10,0
3/10/2007 22:00,31480.92,13.33,9.2,0.9,1.24,10,0
3/10/2007 23:00,31480.97,10,7.9,1,6.25,10,0
3/11/2007 0:00,31481,12.22,7.7,0.8,5.17,10,0
3/11/2007 1:00,31481.04,9,7.7,0.6,1.68,10,0
3/11/2007 2:00,31481.08,11.11,7.9,0.4,5.43,10,0
3/11/2007 3:00,31481.13,11.67,6.9,0.4,0.26,10,0
3/11/2007 4:00,31481.17,10.56,6.5,0.8,6.28,10,0
3/11/2007 5:00,31481.21,10.56,6.1,1.1,1.27,10,0
3/11/2007 6:00,31481.25,10.56,6.5,1.1,1.9,0,34
3/11/2007 7:00,31481.29,10,8.2,0.9,1.29,5.56,177
3/11/2007 8:00,31481.34,12.78,8.9,2.2,2.16,2.34,385
3/11/2007 9:00,31481.38,18.89,9.3,2.7,2.48,1.17,539
3/11/2007 10:00,31481.42,18.89,9.6,2.3,2.32,7.65,400
3/11/2007 11:00,31481.46,20,9.7,1.3,3.33,4.78,594
3/11/2007 12:00,31481.5,23.89,10,1.5,6.02,2.39,672
3/11/2007 13:00,31481.55,25,9.4,1.2,0.31,0,685
3/11/2007 14:00,31481.59,25,8.8,1.1,6,0,579
3/11/2007 15:00,31481.63,26.11,8.6,0.7,0.24,0,419
3/11/2007 16:00,31481.67,25,7.9,0.6,0.44,3.72,203
3/11/2007 17:00,31481.71,22.22,7.4,0.5,6.04,0,64
3/11/2007 18:00,31481.76,22.22,10.6,0.9,6.27,10,1
3/11/2007 19:00,31481.8,17.78,11.1,0.4,5.74,10,0
3/11/2007 20:00,31481.84,16.67,11,0.4,5.69,10,0
3/11/2007 21:00,31481.88,15,10.8,0.4,3.63,10,0
3/11/2007 22:00,31481.92,15,10.8,0.4,4.76,10,0
3/11/2007 23:00,31481.97,12.78,10.6,0.4,1.55,10,0
3/12/2007 0:00,31482,14.44,9.8,0.4,1.43,10,0
3/12/2007 1:00,31482.04,15,8.8,0.4,1.2,10,0
3/12/2007 2:00,31482.08,15,8.5,0.4,1.61,10,0
3/12/2007 3:00,31482.13,12.78,8.7,0.4,1.1,10,0
3/12/2007 4:00,31482.17,12.22,7.9,0.4,0.94,10,0
3/12/2007 5:00,31482.21,12.22,7.4,0.4,0.23,10,0
3/12/2007 6:00,31482.25,12.22,7.2,0.6,1.88,0,34
3/12/2007 7:00,31482.29,12.22,8.9,0.7,2.02,4.86,191
3/12/2007 8:00,31482.34,15,9.9,1.6,2.34,3.88,364
3/12/2007 9:00,31482.38,18.33,10.6,1.9,2.58,2.5,526
3/12/2007 10:00,31482.42,21.11,10.9,1.5,2.79,0.69,648
3/12/2007 11:00,31482.46,26.11,10.4,1.2,5.78,0,729
3/12/2007 12:00,31482.5,25.56,9.3,1.2,0.1,0,741
3/12/2007 13:00,31482.55,28.33,8.3,2,5.76,0,688
3/12/2007 14:00,31482.59,28.33,9.6,2.6,5.45,0,580
3/12/2007 15:00,31482.63,26.67,9.6,3,5.55,0,433
3/12/2007 16:00,31482.67,26.11,12.1,2.8,5.95,2.51,218
3/12/2007 17:00,31482.71,24.44,12.7,2.2,5.9,0,62
3/12/2007 18:00,31482.76,21.11,12.4,2.3,5.99,10,1
3/12/2007 19:00,31482.8,20.56,11,1.2,6.16,10,0
3/12/2007 20:00,31482.84,19.44,10.9,0.8,2.88,10,0
3/12/2007 21:00,31482.88,18.33,10.7,0.6,5.86,10,0
3/12/2007 22:00,31482.92,16.67,10.5,0.4,0.23,10,0
3/12/2007 23:00,31482.97,15,10.7,0.4,6.25,10,0
3/13/2007 0:00,31483,16.11,10.3,0.4,5.81,10,0
3/13/2007 1:00,31483.04,14.44,10.3,0.7,1.4,10,0
3/13/2007 2:00,31483.08,14.44,9,0.6,6.27,10,0
3/13/2007 3:00,31483.13,15,8.7,0.8,0.19,10,0
3/13/2007 4:00,31483.17,14.44,8.6,0.7,0.09,10,1
3/13/2007 5:00,31483.21,13.33,8.1,0.4,1.69,10,1
3/13/2007 6:00,31483.25,13.33,7.9,0.8,0.79,0,34
3/13/2007 7:00,31483.29,11.67,9.8,1.4,1.61,4.97,193
3/13/2007 8:00,31483.34,15.56,9.5,2.2,2.06,3.78,370
3/13/2007 9:00,31483.38,17.78,9.4,2.7,2.23,2.4,532
3/13/2007 10:00,31483.42,25.56,11.3,2.9,2.29,1.03,650
3/13/2007 11:00,31483.46,25,12.9,2.5,2.74,0,713
3/13/2007 12:00,31483.5,27.78,12.2,1.5,0.23,0,721
3/13/2007 13:00,31483.55,27.78,11.5,1.7,6,0,663
3/13/2007 14:00,31483.59,28.89,11.3,1.2,0.05,0,555
3/13/2007 15:00,31483.63,28.33,10.9,1.8,5.86,0,415
3/13/2007 16:00,31483.67,30,12,2.2,5.93,0,240
3/13/2007 17:00,31483.71,28.89,12.2,2,6,0,70
3/13/2007 18:00,31483.76,23.89,10.9,1,6,10,1
3/13/2007 19:00,31483.8,20.56,11.2,0.4,4.15,10,0
3/13/2007 20:00,31483.84,20.56,12.1,0.8,5.76,10,0
3/13/2007 21:00,31483.88,19.44,12.3,0.5,1.5,10,0
3/13/2007 22:00,31483.92,18.33,11.7,0.7,1.27,10,0
3/13/2007 23:00,31483.97,16.11,11.1,0.4,1.17,10,0
3/14/2007 0:00,31484,16.67,10.9,0.5,0.94,10,0
3/14/2007 1:00,31484.04,16.67,10,0.8,0.1,10,0
3/14/2007 2:00,31484.08,16.11,9.6,0.8,6.23,10,0
3/14/2007 3:00,31484.13,16.67,9.9,0.5,0.7,10,0
3/14/2007 4:00,31484.17,15,9.7,0.6,0.82,10,0
3/14/2007 5:00,31484.21,13.89,9.8,0.8,0.73,10,0
3/14/2007 6:00,31484.25,13.89,9.5,0.5,5.32,0,40
3/14/2007 7:00,31484.29,15.56,11.3,0.4,4.22,4.67,201
3/14/2007 8:00,31484.34,20,11.4,0.9,1.64,3.97,370
3/14/2007 9:00,31484.38,23.33,11.4,1.1,5.57,2.69,531
3/14/2007 10:00,31484.42,24.44,11.5,1.2,4.73,1.67,647
3/14/2007 11:00,31484.46,27.22,11.6,1.4,2.22,1.93,694
3/14/2007 12:00,31484.5,27.78,11.1,1.6,6.18,0,720
3/14/2007 13:00,31484.55,28.89,11.9,2.6,5.85,0,662
3/14/2007 14:00,31484.59,28.33,7.4,4.5,5.81,0,585
3/14/2007 15:00,31484.63,27.22,2.6,4.6,5.88,0,454
3/14/2007 16:00,31484.67,26.11,0.8,4.3,5.92,0,275
3/14/2007 17:00,31484.71,24.44,3.4,3.9,5.9,0,92
3/14/2007 18:00,31484.76,20,3.6,3.8,5.72,10,1
3/14/2007 19:00,31484.8,17.22,9.9,3.7,5.78,10,0
3/14/2007 20:00,31484.84,16.11,10.7,3.2,5.9,10,0
3/14/2007 21:00,31484.88,15.56,10.1,2.7,5.62,10,0
3/14/2007 22:00,31484.92,15.56,10,2.5,5.83,10,0
3/14/2007 23:00,31484.97,17.78,9.9,1.9,5.83,10,0
3/15/2007 0:00,31485,13.33,9.8,1.7,5.53,10,0
3/15/2007 1:00,31485.04,12.78,9.3,0.9,5.1,10,0
3/15/2007 2:00,31485.08,12.22,8.9,0.5,5.53,10,0
3/15/2007 3:00,31485.13,11.67,8.9,0.4,1.2,10,0
3/15/2007 4:00,31485.17,12.22,8.3,0.4,5.71,10,0
3/15/2007 5:00,31485.21,11.11,8.1,0.6,0.96,10,0
3/15/2007 6:00,31485.25,11.11,8.2,1.2,1.82,0,43
3/15/2007 7:00,31485.29,11.67,10,2.1,2.08,4.58,206
3/15/2007 8:00,31485.34,16.67,10.9,2.8,2.29,3.92,375
3/15/2007 9:00,31485.38,18.89,11.7,2.5,2.88,2.94,530
3/15/2007 10:00,31485.42,18.89,11.8,1.7,2.25,1.76,650
3/15/2007 11:00,31485.46,22.22,11.9,1.1,0.26,0.76,713
3/15/2007 12:00,31485.5,23.89,11.4,1.4,0.14,0,716
3/15/2007 13:00,31485.55,25,9.9,1.1,0.56,0,670
3/15/2007 14:00,31485.59,26.11,9.2,1.6,6.06,0,569
3/15/2007 15:00,31485.63,24.44,8.5,1.5,5.97,0,428
3/15/2007 16:00,31485.67,27.22,9.9,1.8,5.86,0,254
3/15/2007 17:00,31485.71,27.22,10.7,2.1,5.9,0,75
3/15/2007 18:00,31485.76,22.78,10.1,1,5.97,10,1
3/15/2007 19:00,31485.8,19.44,10.5,0.4,6,10,0
3/15/2007 20:00,31485.84,20.56,10.6,0.4,5.25,10,0
3/15/2007 21:00,31485.88,17.78,11.5,0.4,1.4,10,0
3/15/2007 22:00,31485.92,16.67,11.5,0.4,0.94,10,0
3/15/2007 23:00,31485.97,15,11.1,0.4,1.41,10,0
3/16/2007 0:00,31486,15.56,10.2,0.8,0.3,10,0
3/16/2007 1:00,31486.04,15,10.3,0.4,1.03,10,0
3/16/2007 2:00,31486.08,15.56,10.2,0.6,0.72,10,0
3/16/2007 3:00,31486.13,15.56,9.4,0.8,0.31,10,0
3/16/2007 4:00,31486.17,15,9.3,0.6,0.02,10,0
3/16/2007 5:00,31486.21,14.44,9.1,0.6,0.58,10,0
3/16/2007 6:00,31486.25,13.89,9.3,0.6,6.16,0,44
3/16/2007 7:00,31486.29,13.33,11.1,0.7,0.52,5.02,203
3/16/2007 8:00,31486.34,16.67,11.3,1.8,2.2,4.01,377
3/16/2007 9:00,31486.38,18.89,11.2,1.6,2.69,2.85,536
3/16/2007 10:00,31486.42,26.67,11.2,1.2,4.19,1.72,655
3/16/2007 11:00,31486.46,28.33,10.9,1.4,0.02,0,725
3/16/2007 12:00,31486.5,26.11,10,1.4,0.61,0,731
3/16/2007 13:00,31486.55,28.89,9.5,1.5,6.11,0,685
3/16/2007 14:00,31486.59,31.11,10.8,1.9,5.97,0,576
3/16/2007 15:00,31486.63,30.56,12.1,2.3,6.02,0,431
3/16/2007 16:00,31486.67,30.56,11.5,2.2,5.95,0,259
3/16/2007 17:00,31486.71,28.89,11.6,2.1,5.93,0,79
3/16/2007 18:00,31486.76,25.56,12.3,1.9,5.76,10,1
3/16/2007 19:00,31486.8,22.22,13.4,2.4,5.97,10,0
3/16/2007 20:00,31486.84,19.44,12.7,1.6,5.92,10,0
3/16/2007 21:00,31486.88,20,12.9,1.3,5.78,10,0
3/16/2007 22:00,31486.92,18.89,12.8,0.6,5.11,10,0
3/16/2007 23:00,31486.97,16.11,12.5,0.8,5.71,10,0
3/17/2007 0:00,31487,16.67,12.3,0.8,0.99,10,0
3/17/2007 1:00,31487.04,16.67,11.6,1.1,5.93,10,0
3/17/2007 2:00,31487.08,16.11,10.9,0.9,0.1,10,0
3/17/2007 3:00,31487.13,15,10.7,0.9,0.49,10,0
3/17/2007 4:00,31487.17,16.11,10.6,0.5,0.98,10,0
3/17/2007 5:00,31487.21,15,10.2,0.5,1.66,10,0
3/17/2007 6:00,31487.25,13.89,10,0.6,1.5,4.72,41
3/17/2007 7:00,31487.29,14.44,12.1,0.7,1.36,5.53,198
3/17/2007 8:00,31487.34,17.78,11.8,1.5,2.41,4.43,371
3/17/2007 9:00,31487.38,21.11,11.1,2.1,2.57,3.3,530
3/17/2007 10:00,31487.42,25,11.5,2.2,3.04,2.2,651
3/17/2007 11:00,31487.46,26.67,11.7,1.7,2.55,1.17,718
3/17/2007 12:00,31487.5,26.67,11.5,1.5,2.9,0,727
3/17/2007 13:00,31487.55,28.33,10.8,1.5,0.28,0,673
3/17/2007 14:00,31487.59,30,10.5,1.4,0.4,1.3,565
3/17/2007 15:00,31487.63,30.56,9.6,2.4,5.24,0,429
3/17/2007 16:00,31487.67,31.11,10.8,3.3,5.85,0,249
3/17/2007 17:00,31487.71,27.78,12.2,4,5.95,0,75
3/17/2007 18:00,31487.76,23.89,11.7,3.4,5.93,10,1
3/17/2007 19:00,31487.8,20.56,12.2,3.4,5.99,10,0
3/17/2007 20:00,31487.84,20.56,13.1,2.9,5.85,10,0
3/17/2007 21:00,31487.88,18.89,12.7,2.9,5.6,10,0
3/17/2007 22:00,31487.92,16.67,11.6,3,5.85,10,0
3/17/2007 23:00,31487.97,17.78,11.4,2.6,5.85,10,0
3/18/2007 0:00,31488,16.11,11.2,2.9,5.62,10,0
3/18/2007 1:00,31488.04,14.44,10.6,2.9,5.83,10,0
3/18/2007 2:00,31488.08,15,9.9,2.2,5.79,10,0
3/18/2007 3:00,31488.13,12.78,9.2,1.8,5.97,10,0
3/18/2007 4:00,31488.17,12.22,8.9,2.6,5.9,10,0
3/18/2007 5:00,31488.21,12.22,8.8,2,5.52,10,0
3/18/2007 6:00,31488.25,12.22,8.8,2.8,5.53,5.48,42
3/18/2007 7:00,31488.29,11.11,9.3,2.6,5.83,5.5,202
3/18/2007 8:00,31488.34,13.33,9.9,2.7,5.88,4.22,380
3/18/2007 9:00,31488.38,16.67,10.6,3.3,5.72,3.13,538
3/18/2007 10:00,31488.42,20,10.5,3.3,5.79,2.06,658
3/18/2007 11:00,31488.46,24.44,10.9,2.7,5.71,1.11,723
3/18/2007 12:00,31488.5,24.44,10.6,2.6,5.45,0,733
3/18/2007 13:00,31488.55,27.78,10.1,2.6,5.45,0,685
3/18/2007 14:00,31488.59,25.56,9.9,2.6,5.52,0,584
3/18/2007 15:00,31488.63,26.11,9.4,3.1,5.41,0,439
3/18/2007 16:00,31488.67,26.11,10.3,3,5.72,2.05,246
3/18/2007 17:00,31488.71,24.44,11.8,3.2,5.97,0,78
3/18/2007 18:00,31488.76,20.56,12.5,2.5,5.99,10,2
3/18/2007 19:00,31488.8,17.78,12,2,5.95,10,0
3/18/2007 20:00,31488.84,16.67,12,1.8,5.92,10,0
3/18/2007 21:00,31488.88,15,11.9,1.5,5.34,10,0
3/18/2007 22:00,31488.92,16.11,11.7,1.7,5.59,10,0
3/18/2007 23:00,31488.97,15.56,11,1.9,5.92,10,0
3/19/2007 0:00,31489,13.89,11,1.8,5.81,10,0
3/19/2007 1:00,31489.04,14.44,10.3,1.7,6.07,10,0
3/19/2007 2:00,31489.08,13.33,9.8,1.7,6.02,10,0
3/19/2007 3:00,31489.13,12.22,9.4,2,5.88,10,0
3/19/2007 4:00,31489.17,12.22,9,1.2,5.85,10,0
3/19/2007 5:00,31489.21,12.78,8.6,1.2,5.64,10,0
3/19/2007 6:00,31489.25,11.11,8.7,0.7,6.18,3.46,52
3/19/2007 7:00,31489.29,12.22,10.6,1.3,0.44,3.85,231
3/19/2007 8:00,31489.34,16.67,12,2.5,2.39,2.14,421
3/19/2007 9:00,31489.38,17.78,12.7,3,2.72,4.55,501
3/19/2007 10:00,31489.42,20,13.1,2.8,2.64,3,641
3/19/2007 11:00,31489.46,22.22,13.2,2.3,2.86,2.97,691
3/19/2007 12:00,31489.5,23.33,12.4,2,2.16,0,741
3/19/2007 13:00,31489.55,26.11,11.3,1.6,0.63,6.22,510
3/19/2007 14:00,31489.59,27.22,8.9,1.6,5.5,7.14,388
3/19/2007 15:00,31489.63,24.44,9.9,1.6,5.88,8.35,238
3/19/2007 16:00,31489.67,22.78,10.6,1.3,0.09,0,263
3/19/2007 17:00,31489.71,27.22,10.7,1.8,5.92,6.14,44
3/19/2007 18:00,31489.76,22.22,10.9,2,5.45,10,1
3/19/2007 19:00,31489.8,18.89,9.8,3.6,5.72,10,0
3/19/2007 20:00,31489.84,18.33,9.2,2.9,5.78,10,0
3/19/2007 21:00,31489.88,17.22,10.1,3,5.55,10,0
3/19/2007 22:00,31489.92,13.89,10.9,3.8,5.38,10,0
3/19/2007 23:00,31489.97,15.56,10.3,3.8,5.62,10,0
3/20/2007 0:00,31490,12.22,9.9,2.8,5.72,10,0
3/20/2007 1:00,31490.04,11.11,9.6,3.3,5.6,10,0
3/20/2007 2:00,31490.08,10,9.4,3.5,5.65,10,0
3/20/2007 3:00,31490.13,11.11,9.4,3.1,5.79,10,0
3/20/2007 4:00,31490.17,11.11,9.4,3,5.83,10,0
3/20/2007 5:00,31490.21,10.56,9,3,5.65,10,0
3/20/2007 6:00,31490.25,10,8.8,3.6,5.15,7.57,38
3/20/2007 7:00,31490.29,9.44,9.2,4.1,5.48,10,54
3/20/2007 8:00,31490.34,10.56,9.8,3,6.21,10,83
3/20/2007 9:00,31490.38,12.78,10.4,1.7,6.11,9.88,213
3/20/2007 10:00,31490.42,13.33,10.7,2.1,5.04,7.58,429
3/20/2007 11:00,31490.46,16.11,10.1,4.2,4.85,7.84,443
3/20/2007 12:00,31490.5,17.78,9.5,4.4,4.8,9.33,320
3/20/2007 13:00,31490.55,17.22,10,3.8,5.08,10,134
3/20/2007 14:00,31490.59,14.44,11.5,4,5.46,6.23,437
3/20/2007 15:00,31490.63,15.56,10.9,4,5.43,10,71
3/20/2007 16:00,31490.67,14.44,10.7,4.7,5.29,10,52
3/20/2007 17:00,31490.71,11.67,10.6,3.6,5.69,9.86,23
3/20/2007 18:00,31490.76,11.11,10,2.8,5.93,10,1
3/20/2007 19:00,31490.8,10.56,10.5,2.1,5.74,10,0
3/20/2007 20:00,31490.84,10.56,10.5,2.7,5.31,10,0
3/20/2007 21:00,31490.88,10.56,10.2,2.9,5.53,10,1
3/20/2007 22:00,31490.92,11.11,9.1,2.8,5.24,10,1
3/20/2007 23:00,31490.97,12.78,7.9,1.7,5.27,10,1
3/21/2007 0:00,31491,10,8,2,5.83,10,1
3/21/2007 1:00,31491.04,8.89,7.6,2.5,5.93,10,1
3/21/2007 2:00,31491.08,8.33,7.2,2.1,5.95,10,0
3/21/2007 3:00,31491.13,7.22,7.5,1.4,6.02,10,0
3/21/2007 4:00,31491.17,7.22,7.6,0.8,5.74,10,0
3/21/2007 5:00,31491.21,8.33,7.7,1,5.5,10,1
3/21/2007 6:00,31491.25,7.78,7.7,1.5,4.99,10,14
3/21/2007 7:00,31491.29,7.78,7.8,2.5,5.15,10,73
3/21/2007 8:00,31491.34,8.89,8.3,2.3,4.99,10,150
3/21/2007 9:00,31491.38,10.56,8.9,2.9,5.2,7.65,364
3/21/2007 10:00,31491.42,12.22,9.5,3.6,5.55,7,470
3/21/2007 11:00,31491.46,13.89,9.1,3,5.43,6.74,523
3/21/2007 12:00,31491.5,15.56,8.5,2.6,5.59,10,229
3/21/2007 13:00,31491.55,15,8.9,2.4,5.59,6.37,508
3/21/2007 14:00,31491.59,16.11,8.4,1.8,4.82,3.05,553
3/21/2007 15:00,31491.63,15,8.3,1.6,5.83,6.08,337
3/21/2007 16:00,31491.67,16.67,7.7,1.2,4.07,0,291
3/21/2007 17:00,31491.71,16.11,7.6,1.2,4.96,0,100
3/21/2007 18:00,31491.76,13.89,7.9,1.6,3.37,10,1
3/21/2007 19:00,31491.8,13.33,8.2,1.9,3.05,10,0
3/21/2007 20:00,31491.84,13.33,9.1,3,2.51,10,0
3/21/2007 21:00,31491.88,12.78,9.4,2.1,2.3,10,0
3/21/2007 22:00,31491.92,12.22,9.2,1.4,2.58,10,0
3/21/2007 23:00,31491.97,10.56,9,0.9,1.9,10,0
3/22/2007 0:00,31492,10.56,8.8,1,1.57,10,0
3/22/2007 1:00,31492.04,10,8.1,1.6,1.5,10,0
3/22/2007 2:00,31492.08,10.56,7.5,1.1,1.29,10,0
3/22/2007 3:00,31492.13,9.44,7.2,1.7,1.66,10,0
3/22/2007 4:00,31492.17,10,7.1,1.1,0.79,10,0
3/22/2007 5:00,31492.21,9.44,6.8,0.9,1.64,10,2
3/22/2007 6:00,31492.25,8.89,7.5,0.6,0.4,2.11,67
3/22/2007 7:00,31492.29,10,9.4,1.6,2.65,5.15,222
3/22/2007 8:00,31492.34,15,9.6,2,2.72,3.88,403
3/22/2007 9:00,31492.38,15.56,9.1,1.6,2.95,2.64,565
3/22/2007 10:00,31492.42,18.33,9.2,1.5,4.54,1.68,681
3/22/2007 11:00,31492.46,18.33,9.5,1.4,4.82,0,747
3/22/2007 12:00,31492.5,18.33,9,1.4,1.85,0,752
3/22/2007 13:00,31492.55,21.11,9.2,1.8,1.31,2.59,664
3/22/2007 14:00,31492.59,21.67,9.2,1.8,5.9,1.82,580
3/22/2007 15:00,31492.63,23.33,9.5,1.7,6.07,3.15,419
3/22/2007 16:00,31492.67,21.67,10.1,2.1,5.93,0,270
3/22/2007 17:00,31492.71,22.22,9.3,2.2,5.83,0,99
3/22/2007 18:00,31492.76,19.44,8.8,1.9,5.92,10,2
3/22/2007 19:00,31492.8,16.67,8.9,1.6,5.85,10,0
3/22/2007 20:00,31492.84,15.56,9.3,0.5,1.01,10,0
3/22/2007 21:00,31492.88,14.44,9.7,1,4.64,10,0
3/22/2007 22:00,31492.92,13.33,10.1,0.9,1.69,10,0
3/22/2007 23:00,31492.97,11.11,10,0.8,0.86,10,0
3/23/2007 0:00,31493,13.33,9.4,1.1,1.61,10,0
3/23/2007 1:00,31493.04,13.33,9.1,1.1,1.22,10,0
3/23/2007 2:00,31493.08,12.78,9.5,1.5,2.16,10,0
3/23/2007 3:00,31493.13,12.78,8.8,1.4,0.99,10,0
3/23/2007 4:00,31493.17,11.11,8.5,1.7,1.55,10,0
3/23/2007 5:00,31493.21,11.67,8.5,0.9,1.71,10,1
3/23/2007 6:00,31493.25,11.11,9,0.9,1.17,4.15,65
3/23/2007 7:00,31493.29,12.22,10.1,1.5,1.59,4.78,232
3/23/2007 8:00,31493.34,14.44,10.7,1.6,2.41,4.13,401
3/23/2007 9:00,31493.38,17.22,10.9,1.7,2.6,2.59,570
3/23/2007 10:00,31493.42,21.11,10.5,1.4,5.81,2.2,676
3/23/2007 11:00,31493.46,22.22,10.2,1.6,0.47,1.88,733
3/23/2007 12:00,31493.5,23.89,9.6,1.7,5.69,1.59,738
3/23/2007 13:00,31493.55,23.89,8.6,1.5,5.85,1.45,689
3/23/2007 14:00,31493.59,23.89,7.3,1.5,5.67,2.21,578
3/23/2007 15:00,31493.63,26.11,6.6,1.9,6.02,2.87,428
3/23/2007 16:00,31493.67,27.22,7.2,1.5,5.71,3.52,252
3/23/2007 17:00,31493.71,23.89,7.8,1,0.89,0,78
3/23/2007 18:00,31493.76,21.67,7.6,0.8,0.26,10,2
3/23/2007 19:00,31493.8,18.89,9.5,0.8,1.92,10,0
3/23/2007 20:00,31493.84,18.33,9.5,1.2,0.65,10,0
3/23/2007 21:00,31493.88,17.22,9.7,0.9,0.75,10,0
3/23/2007 22:00,31493.92,16.11,9.7,1,0.77,10,0
3/23/2007 23:00,31493.97,12.78,9.5,1.1,1.55,10,0
3/24/2007 0:00,31494,15,9.1,1,1.27,10,0
3/24/2007 1:00,31494.04,13.89,9,1.1,0.35,10,0
3/24/2007 2:00,31494.08,13.89,8.5,0.6,5.93,10,0
3/24/2007 3:00,31494.13,13.33,8.5,1.3,1.52,10,0
3/24/2007 4:00,31494.17,13.89,9.1,1.3,1.75,10,0
3/24/2007 5:00,31494.21,14.44,8.7,1.6,1.69,10,1
3/24/2007 6:00,31494.25,13.33,8.8,0.7,6.09,4.32,68
3/24/2007 7:00,31494.29,15.56,10.2,1.7,2.08,6.44,202
3/24/2007 8:00,31494.34,17.22,10.5,2.2,2.2,4.58,393
3/24/2007 9:00,31494.38,19.44,10.6,2.9,2.29,3.48,553
3/24/2007 10:00,31494.42,23.89,10.1,2.8,2.43,2.74,668
3/24/2007 11:00,31494.46,25,9.1,2,3.58,1.98,735
3/24/2007 12:00,31494.5,27.22,8.5,1.6,0.31,2.04,734
3/24/2007 13:00,31494.55,28.89,8,1.7,5.86,1.85,687
3/24/2007 14:00,31494.59,27.78,7.2,1.5,6.2,2.03,585
3/24/2007 15:00,31494.63,28.33,7.8,2,5.65,2.92,431
3/24/2007 16:00,31494.67,30,8.8,2,5.95,5.27,228
3/24/2007 17:00,31494.71,26.67,9.8,1.9,5.95,0,86
3/24/2007 18:00,31494.76,23.33,10.1,2.2,5.72,10,2
3/24/2007 19:00,31494.8,20.56,11.3,2.9,5.78,10,0
3/24/2007 20:00,31494.84,17.78,10.5,3,5.71,10,0
3/24/2007 21:00,31494.88,15.56,10.3,3,5.52,10,0
3/24/2007 22:00,31494.92,13.89,10.4,3.3,5.59,10,0
3/24/2007 23:00,31494.97,15.56,10.4,2.9,5.79,10,0
3/25/2007 0:00,31495,12.22,10.1,2.6,5.5,10,0
3/25/2007 1:00,31495.04,11.11,9.5,2,5.79,10,0
3/25/2007 2:00,31495.08,11.67,9.2,2.6,5.79,10,0
3/25/2007 3:00,31495.13,10,8.9,2,5.78,10,0
3/25/2007 4:00,31495.17,11.11,8.8,2.4,5.78,10,0
3/25/2007 5:00,31495.21,9.44,8.4,1.9,5.93,10,2
3/25/2007 6:00,31495.25,10.56,8.7,1.7,5.95,8.19,46
3/25/2007 7:00,31495.29,11.67,9.5,2.5,5.81,4.96,236
3/25/2007 8:00,31495.34,15.56,10.5,1.8,5.92,6.83,320
3/25/2007 9:00,31495.38,14.44,11.3,2.4,5.83,3.76,549
3/25/2007 10:00,31495.42,18.89,11,1.7,5.67,4.79,601
3/25/2007 11:00,31495.46,21.11,11,2.2,5.29,3.64,693
3/25/2007 12:00,31495.5,22.78,12,2.9,5.67,5.15,628
3/25/2007 13:00,31495.55,23.33,11.6,3.8,5.79,5.27,579
3/25/2007 14:00,31495.59,23.33,10.5,3.8,5.71,7.13,405
3/25/2007 15:00,31495.63,21.11,9.8,3.6,5.46,7.7,283
3/25/2007 16:00,31495.67,21.11,8.6,3.7,5.81,6.45,206
3/25/2007 17:00,31495.71,21.11,8.8,3.2,5.85,5.52,67
3/25/2007 18:00,31495.76,18.33,9.9,2.9,5.97,10,1
3/25/2007 19:00,31495.8,16.67,11.6,3.3,5.88,10,0
3/25/2007 20:00,31495.84,15,11.3,2.6,5.93,10,0
3/25/2007 21:00,31495.88,15,10.9,2.6,5.83,10,0
3/25/2007 22:00,31495.92,13.89,10.4,2.7,5.67,10,0
3/25/2007 23:00,31495.97,13.33,10.2,1.9,5.52,10,0
3/26/2007 0:00,31496,13.33,9.9,1.7,5.6,10,0
3/26/2007 1:00,31496.04,13.89,10,2.4,5.36,10,0
3/26/2007 2:00,31496.08,12.22,10,2.5,5.95,10,0
3/26/2007 3:00,31496.13,12.78,9.5,1.9,5.67,10,0
3/26/2007 4:00,31496.17,11.67,9.8,2.4,5.55,10,0
3/26/2007 5:00,31496.21,10,9.5,1.6,6.11,10,1
3/26/2007 6:00,31496.25,12.22,9.6,1.3,5.95,9.54,35
3/26/2007 7:00,31496.29,9.44,10.4,2.1,5.45,9.5,118
3/26/2007 8:00,31496.34,11.11,11.1,3.2,5.74,6.16,349
3/26/2007 9:00,31496.38,15.56,11.3,2.5,5.76,3.5,560
3/26/2007 10:00,31496.42,18.33,11.1,2,5.59,3.14,665
3/26/2007 11:00,31496.46,20.56,10.8,1.8,5.13,1.46,752
3/26/2007 12:00,31496.5,21.67,9.8,2,2.44,3.75,693
3/26/2007 13:00,31496.55,22.78,9.5,2.2,2.71,5.77,557
3/26/2007 14:00,31496.59,22.22,9,2.1,3,2.86,577
3/26/2007 15:00,31496.63,22.78,8.6,2.1,3,7.04,315
3/26/2007 16:00,31496.67,22.22,8.4,2.6,2.69,10,98
3/26/2007 17:00,31496.71,21.11,8.6,4.8,5.45,10,16
3/26/2007 18:00,31496.76,12.22,9.2,7.9,5.86,10,1
3/26/2007 19:00,31496.8,10,8.5,6.9,5.97,10,1
3/26/2007 20:00,31496.84,8.33,7.7,5.9,5.99,10,1
3/26/2007 21:00,31496.88,6.67,5.9,5,6,10,1
3/26/2007 22:00,31496.92,7.78,6,1.9,0.03,10,1
3/26/2007 23:00,31496.97,13.89,6.1,1,4.54,10,1
3/27/2007 0:00,31497,6.67,6,2.5,4.56,10,1
3/27/2007 1:00,31497.04,5.56,6,1.5,4.31,10,1
3/27/2007 2:00,31497.08,6.11,6.1,2.4,5.86,10,1
3/27/2007 3:00,31497.13,5.56,5.2,2.3,0.09,10,1
3/27/2007 4:00,31497.17,5,5,1,0.86,10,1
3/27/2007 5:00,31497.21,6.11,5.3,1.2,6.06,10,1
3/27/2007 6:00,31497.25,5.56,5.6,1.2,6.09,9.96,32
3/27/2007 7:00,31497.29,6.11,5.2,3.6,5.71,10,50
3/27/2007 8:00,31497.34,4.44,5.5,3.6,5.81,6.53,338
3/27/2007 9:00,31497.38,8.33,5.5,4.6,5.72,6.62,438
3/27/2007 10:00,31497.42,11.11,5.6,5.5,5.64,5.42,578
3/27/2007 11:00,31497.46,11.11,4.8,7.7,5.69,4.54,664
3/27/2007 12:00,31497.5,12.22,2.4,8.9,5.64,0.37,766
3/27/2007 13:00,31497.55,12.22,1.1,8.6,5.67,0,730
3/27/2007 14:00,31497.59,12.78,0.9,8.7,5.71,0,623
3/27/2007 15:00,31497.63,12.78,0.6,7.8,5.79,4.68,402
3/27/2007 16:00,31497.67,12.78,0.9,6.8,5.86,6.45,212
3/27/2007 17:00,31497.71,12.78,1.7,5.7,5.76,7.86,55
3/27/2007 18:00,31497.76,11.11,2.9,3.9,5.52,10,3
3/27/2007 19:00,31497.8,10,4,4.1,5.39,10,0
3/27/2007 20:00,31497.84,8.33,4,4.5,5.29,10,0
3/27/2007 21:00,31497.88,7.22,4.3,3.4,5.48,10,0
3/27/2007 22:00,31497.92,7.22,4.3,3.1,5.85,10,0
3/27/2007 23:00,31497.97,8.33,3.2,2.8,5.9,10,0
3/28/2007 0:00,31498,7.22,3.1,4.7,5.65,10,0
3/28/2007 1:00,31498.04,6.67,2.9,2.9,5.83,10,0
3/28/2007 2:00,31498.08,6.11,2,0.9,0.19,10,0
3/28/2007 3:00,31498.13,6.11,2.1,1,4.57,10,0
3/28/2007 4:00,31498.17,3.33,1.9,1,0.3,10,0
3/28/2007 5:00,31498.21,3.89,1.9,0.7,1.55,10,2
3/28/2007 6:00,31498.25,5,2.4,0.7,0.24,1.86,92
3/28/2007 7:00,31498.29,6.11,4.1,0.9,2.6,3.92,264
3/28/2007 8:00,31498.34,7.78,4.2,3.1,2.25,3,444
3/28/2007 9:00,31498.38,11.67,4.6,2.6,2.39,1.85,603
3/28/2007 10:00,31498.42,13.89,4.9,2.1,2.48,0,723
3/28/2007 11:00,31498.46,11.67,4.7,2.1,3.4,0,797
3/28/2007 12:00,31498.5,15.56,3.7,1.8,6.06,0,787
3/28/2007 13:00,31498.55,17.78,3.7,1.8,0.35,0,727
3/28/2007 14:00,31498.59,15,3.9,2.1,1.55,2.71,588
3/28/2007 15:00,31498.63,15.56,4.1,1.8,5.97,1.96,461
3/28/2007 16:00,31498.67,16.67,3.9,1.3,0.98,2.02,287
3/28/2007 17:00,31498.71,17.78,4.4,1.5,1.36,0,105
3/28/2007 18:00,31498.76,15.56,4.8,1.7,1.4,10,4
3/28/2007 19:00,31498.8,12.22,5.1,0.5,1.5,10,0
3/28/2007 20:00,31498.84,12.78,6.2,0.4,1.83,10,0
3/28/2007 21:00,31498.88,11.67,5.8,0.8,1.36,10,0
3/28/2007 22:00,31498.92,10,5.9,1.1,1.47,10,0
3/28/2007 23:00,31498.97,6.67,5.7,1,1.87,10,0
3/29/2007 0:00,31499,8.89,4.9,1.8,1.76,10,0
3/29/2007 1:00,31499.04,8.33,4.7,2,1.54,10,0
3/29/2007 2:00,31499.08,8.33,4.9,1.8,1.87,10,0
3/29/2007 3:00,31499.13,8.33,4.7,1.5,1.59,10,0
3/29/2007 4:00,31499.17,8.33,4.4,1.5,1.61,10,0
3/29/2007 5:00,31499.21,8.33,3.9,1.6,1.36,10,2
3/29/2007 6:00,31499.25,8.89,4.5,1.2,1.83,2.59,94
3/29/2007 7:00,31499.29,9.44,5.5,1.9,2.09,3.83,269
3/29/2007 8:00,31499.34,12.22,5.1,2.7,2.53,2.71,453
3/29/2007 9:00,31499.38,15,5.1,2,2.74,1.55,611
3/29/2007 10:00,31499.42,17.78,4.9,2,3.32,0.31,722
3/29/2007 11:00,31499.46,18.33,4.6,1.8,2.22,0,785
3/29/2007 12:00,31499.5,19.44,4.6,2.1,0.09,0,782
3/29/2007 13:00,31499.55,21.11,4.6,1.6,0.24,0.64,721
3/29/2007 14:00,31499.59,21.11,3.7,1.5,3.05,2.56,595
3/29/2007 15:00,31499.63,21.67,4.4,1.6,0.02,5.04,398
3/29/2007 16:00,31499.67,21.11,4.2,1.5,6.11,5.96,230
3/29/2007 17:00,31499.71,21.11,3.7,1.6,5.78,0,111
3/29/2007 18:00,31499.76,20,5.5,1.6,5.95,10,5
3/29/2007 19:00,31499.8,15,6.3,0.8,4.97,10,0
3/29/2007 20:00,31499.84,15.56,6.7,0.9,5.41,10,0
3/29/2007 21:00,31499.88,13.33,7.1,1.3,1.38,10,0
3/29/2007 22:00,31499.92,13.89,7,0.6,1.52,10,0
3/29/2007 23:00,31499.97,10.56,7,0.7,1.85,10,0
3/30/2007 0:00,31500,12.78,6.6,1,1.64,10,0
3/30/2007 1:00,31500.04,11.67,6.1,1.2,1.05,10,0
3/30/2007 2:00,31500.08,11.11,6.2,1.5,1.41,10,0
3/30/2007 3:00,31500.13,10.56,5.9,1,1.12,10,0
3/30/2007 4:00,31500.17,10.56,5.6,1.1,1.05,10,0
3/30/2007 5:00,31500.21,10,5.4,0.9,1.05,10,2
3/30/2007 6:00,31500.25,10,6.1,0.5,0.07,3.1,96
3/30/2007 7:00,31500.29,11.11,8.5,0.7,5.97,4.19,267
3/30/2007 8:00,31500.34,13.33,7.8,0.7,2.57,3.29,446
3/30/2007 9:00,31500.38,17.22,6.3,1.2,3.44,2.36,602
3/30/2007 10:00,31500.42,22.22,5.4,1.4,6.27,1.75,712
3/30/2007 11:00,31500.46,23.33,6,1.7,5.95,0.93,774
3/30/2007 12:00,31500.5,25,4.9,1.8,1.17,0,784
3/30/2007 13:00,31500.55,25,3.1,1.9,2.95,1.29,719
3/30/2007 14:00,31500.59,25,2.3,1.8,5.99,0.61,624
3/30/2007 15:00,31500.63,26.67,2,1.6,0.1,2.65,459
3/30/2007 16:00,31500.67,27.78,1.3,1.1,1.24,2.67,289
3/30/2007 17:00,31500.71,23.89,3.4,1.5,0.14,3.9,94
3/30/2007 18:00,31500.76,21.11,5.9,1.5,0.4,10,6
3/30/2007 19:00,31500.8,19.44,6.8,0.9,4.49,10,0
3/30/2007 20:00,31500.84,17.78,7.5,0.8,0.07,10,0
3/30/2007 21:00,31500.88,15.56,7.7,1,5.9,10,0
3/30/2007 22:00,31500.92,16.11,8.3,1,1.85,10,0
3/30/2007 23:00,31500.97,12.78,7.1,0.8,0.3,10,0
3/31/2007 0:00,31501,13.89,7.1,0.8,4.64,10,0
3/31/2007 1:00,31501.04,14.44,7.4,0.7,1.4,10,0
3/31/2007 2:00,31501.08,13.33,6.6,1.1,0.09,10,0
3/31/2007 3:00,31501.13,14.44,6.5,0.6,0.16,10,0
3/31/2007 4:00,31501.17,12.22,6.6,0.4,5.53,10,0
3/31/2007 5:00,31501.21,11.67,6.6,0.7,1.97,10,3
3/31/2007 6:00,31501.25,11.67,7.1,1,1.17,3.51,98
3/31/2007 7:00,31501.29,12.78,7.7,0.7,5.71,3.79,277
3/31/2007 8:00,31501.34,16.11,7.4,0.9,5.15,3.18,452
3/31/2007 9:00,31501.38,19.44,6.3,1.8,2.91,3.04,591
3/31/2007 10:00,31501.42,22.22,6,1.5,3.4,1.4,721
3/31/2007 11:00,31501.46,23.33,6.8,1.4,0.72,0,797
3/31/2007 12:00,31501.5,24.44,7.5,1.5,5.88,0,786
3/31/2007 13:00,31501.55,27.78,7.4,2,5.57,1.36,722
3/31/2007 14:00,31501.59,26.67,7.1,1.9,5.45,1.44,621
3/31/2007 15:00,31501.63,27.78,6,2.8,5.29,1.58,477
3/31/2007 16:00,31501.67,27.22,4.5,2.9,5.5,3.17,287
3/31/2007 17:00,31501.71,25.56,5.2,2.5,5.72,4.36,95
3/31/2007 18:00,31501.76,23.89,5.9,1.6,6,10,6
3/31/2007 19:00,31501.8,20.56,7.3,0.5,0.49,10,0
3/31/2007 20:00,31501.84,20,8.2,0.4,0.03,10,0
3/31/2007 21:00,31501.88,18.33,9.2,0.4,0.93,10,0
3/31/2007 22:00,31501.92,16.11,9.6,1.2,6.18,10,0
3/31/2007 23:00,31501.97,15.56,9.2,0.8,5.6,10,0
4/1/2007 0:00,31502,15.56,8.8,0.9,0.03,10,0
4/1/2007 1:00,31502.04,15,9,0.7,0.26,10,0
4/1/2007 2:00,31502.08,13.89,8.8,0.4,0.09,10,0
4/1/2007 3:00,31502.13,14.44,8.5,0.4,1.31,10,0
4/1/2007 4:00,31502.17,13.89,8.2,0.4,5.43,10,0
4/1/2007 5:00,31502.21,12.78,7.6,0.6,0.3,10,3
4/1/2007 6:00,31502.25,12.22,9.1,0.4,0.7,1.51,109
4/1/2007 7:00,31502.29,13.89,10.5,0.6,5.9,5.01,259
4/1/2007 8:00,31502.34,16.11,10.1,0.7,4.19,3.63,446
4/1/2007 9:00,31502.38,21.67,8.9,1.2,3.37,3.74,575
4/1/2007 10:00,31502.42,25,8.3,1.2,0.84,3.31,682
4/1/2007 11:00,31502.46,25,7.9,1.8,6.18,1.53,774
4/1/2007 12:00,31502.5,25.56,8.1,2,5.85,1.83,769
4/1/2007 13:00,31502.55,28.33,6.7,2.6,5.59,1.69,721
4/1/2007 14:00,31502.59,27.78,6.8,3.3,5.29,2.58,606
4/1/2007 15:00,31502.63,27.22,6.2,3.2,5.41,2.79,464
4/1/2007 16:00,31502.67,25.56,8.7,3.4,5.88,8.84,153
4/1/2007 17:00,31502.71,22.22,9.5,3.7,5.93,9.75,43
4/1/2007 18:00,31502.76,20.56,9.2,3.1,5.85,10,4
4/1/2007 19:00,31502.8,18.89,9.8,2.8,5.57,10,0
4/1/2007 20:00,31502.84,17.78,9.5,2.8,5.43,10,0
4/1/2007 21:00,31502.88,16.11,9.4,4.3,5.32,10,0
4/1/2007 22:00,31502.92,14.44,9.1,4.3,5.52,10,0
4/1/2007 23:00,31502.97,15.56,8.5,3.9,5.46,10,0
4/2/2007 0:00,31503,11.67,7.7,4.1,5.59,10,0
4/2/2007 1:00,31503.04,11.11,7,3.4,5.59,10,0
4/2/2007 2:00,31503.08,9.44,6.7,2.3,5.69,10,0
4/2/2007 3:00,31503.13,11.11,6.4,2.4,5.71,10,0
4/2/2007 4:00,31503.17,10,6.2,2.6,5.79,10,0
4/2/2007 5:00,31503.21,11.11,6,2,5.95,10,3
4/2/2007 6:00,31503.25,11.11,6.6,2,5.88,4.13,102
4/2/2007 7:00,31503.29,14.44,7.7,1.2,0.1,4.18,278
4/2/2007 8:00,31503.34,13.89,8.2,1.6,5.85,3.52,452
4/2/2007 9:00,31503.38,17.78,7.9,2.1,5.74,1.93,621
4/2/2007 10:00,31503.42,21.67,7.2,2,5.85,2.04,718
4/2/2007 11:00,31503.46,22.78,6.4,1.9,5.6,2.82,749
4/2/2007 12:00,31503.5,22.78,5.8,2.3,5.34,1.97,770
4/2/2007 13:00,31503.55,24.44,4.6,2.1,5.38,1.79,723
4/2/2007 14:00,31503.59,26.67,4.3,2.3,5.62,2.15,618
4/2/2007 15:00,31503.63,26.67,4.8,2.8,5.27,1.83,482
4/2/2007 16:00,31503.67,27.22,5.4,2.8,5.71,3.5,290
4/2/2007 17:00,31503.71,23.89,5.5,3.2,5.88,4.08,104
4/2/2007 18:00,31503.76,21.11,8.3,2.9,5.99,10,5
4/2/2007 19:00,31503.8,18.33,8.6,3.2,5.74,10,0
4/2/2007 20:00,31503.84,17.78,8.7,2.5,5.83,10,0
4/2/2007 21:00,31503.88,16.67,9,1.8,5.57,10,0
4/2/2007 22:00,31503.92,15.56,9.2,1.4,5.81,10,0
4/2/2007 23:00,31503.97,13.89,9,1.6,5.25,10,0
4/3/2007 0:00,31504,15,8.8,1.7,5.95,10,0
4/3/2007 1:00,31504.04,13.33,8.6,1.4,5.72,10,0
4/3/2007 2:00,31504.08,13.89,8.7,0.9,5.69,10,0
4/3/2007 3:00,31504.13,13.33,8.6,0.6,4.4,10,0
4/3/2007 4:00,31504.17,13.33,8.4,1,0.65,10,0
4/3/2007 5:00,31504.21,12.78,7.9,0.7,5.78,10,5
4/3/2007 6:00,31504.25,11.67,9.1,0.6,0.8,2.22,115
4/3/2007 7:00,31504.29,13.89,9.4,1.4,2.2,4.15,282
4/3/2007 8:00,31504.34,17.78,9.1,2.5,2.67,3.46,457
4/3/2007 9:00,31504.38,22.22,9.2,2.1,3.16,2.78,608
4/3/2007 10:00,31504.42,23.89,8.8,1.6,2.84,2.22,718
4/3/2007 11:00,31504.46,23.89,7.5,1.6,4.5,1.67,779
4/3/2007 12:00,31504.5,26.67,7.5,1.5,5.08,1.79,777
4/3/2007 13:00,31504.55,27.78,7.3,2.3,5.39,2.33,716
4/3/2007 14:00,31504.59,27.78,6.4,2.1,5.9,2.24,620
4/3/2007 15:00,31504.63,28.89,6.3,2.1,5.59,2.87,470
4/3/2007 16:00,31504.67,29.44,5.2,1.8,5.65,3.47,294
4/3/2007 17:00,31504.71,28.89,5.2,1.6,5.79,6.35,89
4/3/2007 18:00,31504.76,25.56,4.9,1.4,5.45,10,6
4/3/2007 19:00,31504.8,21.11,5.4,1.6,5.76,10,0
4/3/2007 20:00,31504.84,20,6.9,2,5.88,10,0
4/3/2007 21:00,31504.88,19.44,7.5,1.6,5.53,10,0
4/3/2007 22:00,31504.92,17.22,8.2,0.5,3.32,10,0
4/3/2007 23:00,31504.97,15,8.1,0.4,4.94,10,0
4/4/2007 0:00,31505,16.11,8.5,0.4,6.02,10,0
4/4/2007 1:00,31505.04,15.56,8.5,0.4,6.2,10,0
4/4/2007 2:00,31505.08,15,8.4,0.4,4.69,10,0
4/4/2007 3:00,31505.13,16.11,8.4,1,1.36,10,0
4/4/2007 4:00,31505.17,13.89,8.3,0.6,4.94,10,0
4/4/2007 5:00,31505.21,14.44,8.3,1.2,5.29,10,4
4/4/2007 6:00,31505.25,14.44,9.2,1.2,0.05,9.08,57
4/4/2007 7:00,31505.29,12.78,10.2,1.3,5.88,8.84,158
4/4/2007 8:00,31505.34,16.11,10.1,1.6,5.29,9.28,220
4/4/2007 9:00,31505.38,17.78,10.9,1,0.98,9.09,298
4/4/2007 10:00,31505.42,18.89,10.8,2.2,2.25,6.48,542
4/4/2007 11:00,31505.46,25,10.2,2,3.28,7.17,531
4/4/2007 12:00,31505.5,25.56,9.2,1.5,3.86,7.65,494
4/4/2007 13:00,31505.55,25.56,7.4,1.1,0.59,7.6,466
4/4/2007 14:00,31505.59,27.22,6.9,1.1,6,9.29,283
4/4/2007 15:00,31505.63,25.56,8.2,1.1,6.13,9,237
4/4/2007 16:00,31505.67,25,8.4,1,6.14,9.46,135
4/4/2007 17:00,31505.71,23.33,7.2,0.8,4.82,9.85,46
4/4/2007 18:00,31505.76,22.22,8.8,1.5,5.18,10,3
4/4/2007 19:00,31505.8,20.56,9.5,1.5,5.57,10,0
4/4/2007 20:00,31505.84,20,10.1,1.7,5.55,10,0
4/4/2007 21:00,31505.88,18.33,10,1.8,5.9,10,0
4/4/2007 22:00,31505.92,17.22,9.8,1.2,5.45,10,0
4/4/2007 23:00,31505.97,17.78,10.1,0.8,5.88,10,0
4/5/2007 0:00,31506,17.22,10.6,1.5,4.99,10,0
4/5/2007 1:00,31506.04,16.11,10.5,1.2,5.69,10,0
4/5/2007 2:00,31506.08,15.56,10.7,1.2,5.45,10,0
4/5/2007 3:00,31506.13,16.11,11,0.9,4.61,10,0
4/5/2007 4:00,31506.17,16.11,11.3,0.9,0.51,10,0
4/5/2007 5:00,31506.21,14.44,11.4,0.9,0.51,10,2
4/5/2007 6:00,31506.25,13.33,11.7,1,5.17,9.53,52
4/5/2007 7:00,31506.29,15.56,11.4,0.8,5.13,5.77,255
4/5/2007 8:00,31506.34,17.78,11.9,0.5,5.97,8.99,239
4/5/2007 9:00,31506.38,19.44,11.7,1.6,3.35,7.51,410
4/5/2007 10:00,31506.42,22.78,10.9,2.5,3.6,6.2,562
4/5/2007 11:00,31506.46,24.44,9.3,2.3,4.19,8.71,406
4/5/2007 12:00,31506.5,25,9.4,1.1,6,8.85,393
4/5/2007 13:00,31506.55,25,10.1,1.4,5.9,8.81,371
4/5/2007 14:00,31506.59,24.44,9.8,0.7,5.57,9.7,252
4/5/2007 15:00,31506.63,26.67,9.9,1.9,5.04,9.59,203
4/5/2007 16:00,31506.67,24.44,9.4,2.2,5.34,6.39,240
4/5/2007 17:00,31506.71,22.78,10.8,2.5,5.18,8.66,66
4/5/2007 18:00,31506.76,21.11,10.5,0.9,5.08,10,3
4/5/2007 19:00,31506.8,20,11.8,0.7,1.06,10,0
4/5/2007 20:00,31506.84,20,12.2,1.5,0.87,10,0
4/5/2007 21:00,31506.88,18.33,12.2,1.3,1.87,10,0
4/5/2007 22:00,31506.92,18.89,12,1.1,0.8,10,0
4/5/2007 23:00,31506.97,17.22,12.1,1.3,0.56,10,0
4/6/2007 0:00,31507,16.67,11.7,1.9,5.97,10,0
4/6/2007 1:00,31507.04,16.11,11.8,1.2,5.57,10,0
4/6/2007 2:00,31507.08,16.67,11.3,0.9,4.78,10,0
4/6/2007 3:00,31507.13,15.56,10.6,0.8,0.72,10,0
4/6/2007 4:00,31507.17,15.56,10.7,1,2.64,10,0
4/6/2007 5:00,31507.21,14.44,10.1,0.9,6.25,10,5
4/6/2007 6:00,31507.25,15,11.8,1,1.29,4.71,112
4/6/2007 7:00,31507.29,18.33,13.1,2,1.68,4.55,285
4/6/2007 8:00,31507.34,17.78,12.9,1.5,2.74,4.26,447
4/6/2007 9:00,31507.38,23.33,11.8,1.2,2.86,3.55,598
4/6/2007 10:00,31507.42,25,9.7,1.8,4.35,2.81,714
4/6/2007 11:00,31507.46,25,8.2,2.5,5.04,2.36,775
4/6/2007 12:00,31507.5,25,8.6,2.3,5.18,2.45,773
4/6/2007 13:00,31507.55,27.22,9.4,1.9,5.43,2.86,713
4/6/2007 14:00,31507.59,30,9.5,1.7,5.81,3.08,612
4/6/2007 15:00,31507.63,28.89,10.1,1.7,5.92,3.61,465
4/6/2007 16:00,31507.67,31.11,9.2,3.4,5.22,4.61,285
4/6/2007 17:00,31507.71,28.89,9.2,4.3,5.65,5.13,110
4/6/2007 18:00,31507.76,25,9.8,3.7,5.86,10,3
4/6/2007 19:00,31507.8,22.78,11.1,3.8,5.52,10,0
4/6/2007 20:00,31507.84,21.11,10.9,4.6,5.32,10,0
4/6/2007 21:00,31507.88,16.67,10.7,4.4,5.5,10,0
4/6/2007 22:00,31507.92,15,10.1,4.3,5.53,10,0
4/6/2007 23:00,31507.97,16.67,9.7,4.4,5.53,10,0
4/7/2007 0:00,31508,12.78,9.3,3.7,5.59,10,0
4/7/2007 1:00,31508.04,14.44,9.1,2.2,5.39,10,0
4/7/2007 2:00,31508.08,13.33,9.3,3.3,5.36,10,0
4/7/2007 3:00,31508.13,12.78,9.8,2.9,5.55,10,0
4/7/2007 4:00,31508.17,12.22,9.9,1.9,5.76,10,0
4/7/2007 5:00,31508.21,11.67,9.8,0.7,5.81,10,3
4/7/2007 6:00,31508.25,11.67,10.4,1.1,6.25,8.73,68
4/7/2007 7:00,31508.29,11.67,11,3,5.81,5.61,265
4/7/2007 8:00,31508.34,16.67,11.4,4.1,5.52,3.62,467
4/7/2007 9:00,31508.38,20.56,11,3.9,5.76,5.5,526
4/7/2007 10:00,31508.42,20,10.2,2.5,6,3.1,709
4/7/2007 11:00,31508.46,24.44,10.2,3.6,5.22,3.51,743
4/7/2007 12:00,31508.5,23.89,10.8,3.5,4.96,4.59,697
4/7/2007 13:00,31508.55,26.11,10.6,3.5,5.48,2.28,731
4/7/2007 14:00,31508.59,27.78,9.3,2.8,5.59,3.01,617
4/7/2007 15:00,31508.63,28.33,6.9,3.1,5.55,4.44,446
4/7/2007 16:00,31508.67,27.22,6.1,3.5,5.64,7.63,208
4/7/2007 17:00,31508.71,24.44,10.1,3.7,5.79,3.12,128
4/7/2007 18:00,31508.76,22.78,11.3,3.2,5.9,10,6
4/7/2007 19:00,31508.8,19.44,12.6,3,5.88,10,0
4/7/2007 20:00,31508.84,18.33,13.1,3.3,5.72,10,0
4/7/2007 21:00,31508.88,17.78,13.1,3.8,5.48,10,0
4/7/2007 22:00,31508.92,16.67,12.6,4.7,5.45,10,0
4/7/2007 23:00,31508.97,13.89,9.8,4.8,5.46,10,0
4/8/2007 0:00,31509,12.78,8,3.8,5.57,10,0
4/8/2007 1:00,31509.04,11.67,6.4,3.7,5.59,10,0
4/8/2007 2:00,31509.08,11.11,6.4,3.8,5.67,10,0
4/8/2007 3:00,31509.13,10,6.8,3.5,5.81,10,0
4/8/2007 4:00,31509.17,11.67,6.2,2.9,5.65,10,0
4/8/2007 5:00,31509.21,10,6.1,2.5,5.43,10,5
4/8/2007 6:00,31509.25,9.44,6.1,2.7,5.83,6.12,105
4/8/2007 7:00,31509.29,12.78,6.2,3.2,5.69,4.68,289
4/8/2007 8:00,31509.34,15,5.6,4.2,5.83,3.72,468
4/8/2007 9:00,31509.38,18.89,4.4,4,5.55,2.92,622
4/8/2007 10:00,31509.42,21.11,5.1,3.9,5.13,2.24,735
4/8/2007 11:00,31509.46,22.78,5.1,3.3,5.17,1.64,797
4/8/2007 12:00,31509.5,24.44,4.1,3,4.92,1.86,793
4/8/2007 13:00,31509.55,25.56,4.3,3.4,5.11,2.3,734
4/8/2007 14:00,31509.59,26.11,3.9,3.5,5.22,2.7,628
4/8/2007 15:00,31509.63,26.67,3.2,3.5,5.59,4.03,461
4/8/2007 16:00,31509.67,26.11,2.1,4.2,5.69,5.02,283
4/8/2007 17:00,31509.71,23.89,5.1,4.9,5.81,3.41,130
4/8/2007 18:00,31509.76,22.22,6.7,3.7,5.62,10,13
4/8/2007 19:00,31509.8,18.89,6.1,3.5,5.55,10,0
4/8/2007 20:00,31509.84,17.78,6.6,4.7,5.5,10,0
4/8/2007 21:00,31509.88,16.11,5.9,4.6,5.52,10,0
4/8/2007 22:00,31509.92,13.89,5.5,4.5,5.5,10,0
4/8/2007 23:00,31509.97,15,6,3.8,5.39,10,0
4/9/2007 0:00,31510,13.33,5.9,4.5,5.43,10,0
4/9/2007 1:00,31510.04,11.11,5.8,4,5.86,10,0
4/9/2007 2:00,31510.08,10.56,5.1,3.8,5.92,10,0
4/9/2007 3:00,31510.13,11.11,5,3.7,5.38,10,0
4/9/2007 4:00,31510.17,10.56,5.5,4.1,5.71,10,0
4/9/2007 5:00,31510.21,8.33,6,2.7,5.79,10,10
4/9/2007 6:00,31510.25,10,6.7,2.5,5.92,4.12,127
4/9/2007 7:00,31510.29,12.78,8.7,3.7,5.76,4.01,305
4/9/2007 8:00,31510.34,15,10.3,4.6,5.72,3.31,481
4/9/2007 9:00,31510.38,21.11,11,4.7,5.6,4.94,557
4/9/2007 10:00,31510.42,21.11,11.2,5.2,5.53,2.88,722
4/9/2007 11:00,31510.46,21.67,10.5,5.1,5.65,1.92,795
4/9/2007 12:00,31510.5,23.33,8.7,5.3,5.71,2.07,792
4/9/2007 13:00,31510.55,23.89,8.4,5,5.5,2.4,735
4/9/2007 14:00,31510.59,25,7.5,5.7,5.57,2.76,630
4/9/2007 15:00,31510.63,23.33,4.6,6.1,5.6,2.98,489
4/9/2007 16:00,31510.67,22.78,2,6.2,5.69,3.68,312
4/9/2007 17:00,31510.71,22.78,1.3,6.1,5.62,4.32,127
4/9/2007 18:00,31510.76,20.56,2.4,4.5,5.59,10,9
4/9/2007 19:00,31510.8,16.11,4.7,4,5.55,10,0
4/9/2007 20:00,31510.84,15,4.8,3.9,5.71,10,0
4/9/2007 21:00,31510.88,14.44,6,3.9,5.48,10,0
4/9/2007 22:00,31510.92,11.67,7.4,4.1,5.48,10,0
4/9/2007 23:00,31510.97,11.67,6.7,3.6,5.32,10,0
4/10/2007 0:00,31511,10.56,6.4,3.4,5.38,10,0
4/10/2007 1:00,31511.04,8.89,6.6,3.6,5.27,10,0
4/10/2007 2:00,31511.08,9.44,6.6,3.2,5.48,10,0
4/10/2007 3:00,31511.13,8.33,6.5,2.4,5.78,10,0
4/10/2007 4:00,31511.17,8.89,6.5,2,5.65,10,0
4/10/2007 5:00,31511.21,6.67,6.2,1.6,5.86,10,10
4/10/2007 6:00,31511.25,7.22,6.1,2,5.69,4.42,128
4/10/2007 7:00,31511.29,10,6,2.6,5.79,3.92,310
4/10/2007 8:00,31511.34,13.33,6.8,1.3,0.07,3.54,479
4/10/2007 9:00,31511.38,16.67,7.5,1.6,2.04,2.66,635
4/10/2007 10:00,31511.42,17.78,7.9,1.6,4.92,2.08,745
4/10/2007 11:00,31511.46,18.89,8.2,2,5.24,1.49,806
4/10/2007 12:00,31511.5,21.67,7.5,3.5,5.59,1.56,805
4/10/2007 13:00,31511.55,23.33,4.6,3.3,5.53,1.55,755
4/10/2007 14:00,31511.59,25.56,1,4,5.62,1.82,652
4/10/2007 15:00,31511.63,25.56,-0.8,5,5.53,2.34,504
4/10/2007 16:00,31511.67,24.44,-1.7,4.9,5.57,3.11,324
4/10/2007 17:00,31511.71,22.78,-2.4,4.4,5.81,3.59,136
4/10/2007 18:00,31511.76,20.56,-2.7,3,5.67,10,10
4/10/2007 19:00,31511.8,17.22,-2.4,2.4,5.53,10,0
4/10/2007 20:00,31511.84,16.11,-0.8,1.4,5.81,10,0
4/10/2007 21:00,31511.88,15.56,0,1.8,5.13,10,0
4/10/2007 22:00,31511.92,15,0.6,2.2,5.22,10,0
4/10/2007 23:00,31511.97,11.11,1.8,2.9,5.57,10,0
4/11/2007 0:00,31512,14.44,2.8,3.4,5.71,10,0
4/11/2007 1:00,31512.04,12.78,3.3,2.7,5.59,10,0
4/11/2007 2:00,31512.08,12.22,3.3,2.4,5.59,10,0
4/11/2007 3:00,31512.13,12.22,3.5,2.7,5.69,10,0
4/11/2007 4:00,31512.17,13.33,4.6,1.9,5.93,10,0
4/11/2007 5:00,31512.21,11.11,4.7,2.5,5.76,10,6
4/11/2007 6:00,31512.25,11.67,4.1,3.9,5.67,9.46,63
4/11/2007 7:00,31512.29,12.22,3.2,4.9,5.74,10,80
4/11/2007 8:00,31512.34,13.89,4.3,3.5,5.78,10,143
4/11/2007 9:00,31512.38,14.44,5.3,4.6,4.96,10,133
4/11/2007 10:00,31512.42,12.78,8.2,3.1,4.78,9.4,328
4/11/2007 11:00,31512.46,14.44,7.6,2.1,4.96,5.6,654
4/11/2007 12:00,31512.5,15,5.7,2,2.98,9.37,353
4/11/2007 13:00,31512.55,16.67,8,1.9,6,8.36,420
4/11/2007 14:00,31512.59,15.56,7.9,2.1,5.74,4.51,581
4/11/2007 15:00,31512.63,16.11,7.6,2.7,5.67,4.05,470
4/11/2007 16:00,31512.67,15.56,6.5,3.6,5.69,8.38,190
4/11/2007 17:00,31512.71,17.22,7.1,3.7,5.72,10,53
4/11/2007 18:00,31512.76,14.44,6.5,2.9,5.06,10,5
4/11/2007 19:00,31512.8,12.22,6.8,3.4,5.71,10,0
4/11/2007 20:00,31512.84,11.67,6.6,4.2,5.74,10,0
4/11/2007 21:00,31512.88,10,6.9,4.4,5.71,10,0
4/11/2007 22:00,31512.92,10,6.8,5.6,5.79,10,0
4/11/2007 23:00,31512.97,15,7,4.8,5.52,10,0
4/12/2007 0:00,31513,10.56,5.6,3.9,5.45,10,0
4/12/2007 1:00,31513.04,10,5.2,3.2,5.41,10,0
4/12/2007 2:00,31513.08,8.89,4.8,2.9,5.43,10,0
4/12/2007 3:00,31513.13,7.78,4.5,2.7,5.59,10,0
4/12/2007 4:00,31513.17,8.33,4,3.8,5.69,10,0
4/12/2007 5:00,31513.21,6.11,3.4,4.4,5.59,10,14
4/12/2007 6:00,31513.25,5,3.7,5.4,5.53,3.65,141
4/12/2007 7:00,31513.29,7.78,3.7,6.7,5.67,3.96,316
4/12/2007 8:00,31513.34,10.56,3.6,6.7,5.64,1.67,519
4/12/2007 9:00,31513.38,11.11,2.3,7.9,5.64,0.74,670
4/12/2007 10:00,31513.42,13.89,1.3,8.3,5.78,3.19,722
4/12/2007 11:00,31513.46,15.56,1.4,8.5,5.69,0,831
4/12/2007 12:00,31513.5,16.67,-0.3,9,5.55,0,826
4/12/2007 13:00,31513.55,16.67,0.2,7.9,5.59,1.14,767
4/12/2007 14:00,31513.59,17.78,0,7.8,5.6,1.92,657
4/12/2007 15:00,31513.63,18.89,-0.2,7.6,5.59,2.44,509
4/12/2007 16:00,31513.67,18.33,0.1,7.3,5.67,3.24,329
4/12/2007 17:00,31513.71,18.33,0.5,6.6,5.64,3.45,144
4/12/2007 18:00,31513.76,16.11,0.2,5.5,5.78,10,12
4/12/2007 19:00,31513.8,13.89,0.3,4.7,5.64,10,0
4/12/2007 20:00,31513.84,12.78,0.9,4.3,5.62,10,0
4/12/2007 21:00,31513.88,12.22,1.5,2.7,5.65,10,0
4/12/2007 22:00,31513.92,10,2,1.8,5.74,10,0
4/12/2007 23:00,31513.97,10.56,1.7,1.9,5.52,10,0
4/13/2007 0:00,31514,8.89,2.2,1.1,0.94,10,0
4/13/2007 1:00,31514.04,7.78,2.4,1,0.94,10,0
4/13/2007 2:00,31514.08,7.78,2.7,1.3,1.47,10,0
4/13/2007 3:00,31514.13,7.78,2.3,1.6,1.83,10,0
4/13/2007 4:00,31514.17,7.78,2.5,1.9,2.16,10,0
4/13/2007 5:00,31514.21,7.22,2.3,1.5,1.73,10,15
4/13/2007 6:00,31514.25,8.89,3.2,2.8,2.11,2.98,149
4/13/2007 7:00,31514.29,10.56,2.6,3.3,2.53,2.97,335
4/13/2007 8:00,31514.34,15,2.5,3.3,2.55,1.43,525
4/13/2007 9:00,31514.38,16.67,2.7,3.4,2.64,0,678
4/13/2007 10:00,31514.42,18.89,2.9,3.7,2.58,0,790
4/13/2007 11:00,31514.46,21.11,3.4,3,2.97,1.75,811
4/13/2007 12:00,31514.5,20.56,3.1,2.6,2.97,2.57,792
4/13/2007 13:00,31514.55,22.22,2.9,2,2.86,3.2,725
4/13/2007 14:00,31514.59,22.22,2.3,1.3,6.11,3.64,618
4/13/2007 15:00,31514.63,22.78,2.5,1.4,0.89,3.09,500
4/13/2007 16:00,31514.67,25,1.7,1.3,5.36,3.2,333
4/13/2007 17:00,31514.71,23.33,1.2,1,0.82,5.88,124
4/13/2007 18:00,31514.76,21.11,1.7,1.2,6,10,8
4/13/2007 19:00,31514.8,17.78,4.2,0.9,6.14,10,0
4/13/2007 20:00,31514.84,17.22,5.5,0.9,5.71,10,0
4/13/2007 21:00,31514.88,15.56,5.2,0.5,1.22,10,0
4/13/2007 22:00,31514.92,14.44,5.5,0.9,1.24,10,0
4/13/2007 23:00,31514.97,9.44,5.6,1.3,1.4,10,0
4/14/2007 0:00,31515,14.44,5.7,1.2,5.41,10,0
4/14/2007 1:00,31515.04,12.22,5.8,1.3,1.05,10,0
4/14/2007 2:00,31515.08,12.22,5,1.5,1.36,10,0
4/14/2007 3:00,31515.13,12.22,5.8,0.9,0.37,10,0
4/14/2007 4:00,31515.17,12.78,6,1.1,5.65,10,0
4/14/2007 5:00,31515.21,11.67,5.9,2.6,5.53,10,6
4/14/2007 6:00,31515.25,10,5.8,3.3,5.76,9.79,61
4/14/2007 7:00,31515.29,11.11,5.2,3.9,5.85,9.82,134
4/14/2007 8:00,31515.34,11.67,5.4,3.6,5.48,9.15,244
4/14/2007 9:00,31515.38,16.67,5.2,4.2,5.43,10,203
4/14/2007 10:00,31515.42,15,5.1,3.8,5.43,10,114
4/14/2007 11:00,31515.46,15.56,6.1,2.7,0.02,10,117
4/14/2007 12:00,31515.5,12.78,7,4.3,0.7,8.09,477
4/14/2007 13:00,31515.55,15.56,6.8,3.4,1.31,10,175
4/14/2007 14:00,31515.59,15.56,8.5,4.4,5.41,10,72
4/14/2007 15:00,31515.63,11.11,9.1,5.2,5.6,10,35
4/14/2007 16:00,31515.67,8.89,8.9,3.8,6.02,10,50
4/14/2007 17:00,31515.71,10,9,2.8,5.93,9.78,62
4/14/2007 18:00,31515.76,10,8.9,1.7,5.97,10,20
4/14/2007 19:00,31515.8,10,9,1.2,5.43,10,1
4/14/2007 20:00,31515.84,11.11,8.7,2.6,5.11,10,1
4/14/2007 21:00,31515.88,9.44,8.2,3.1,5.17,10,0
4/14/2007 22:00,31515.92,8.89,8.1,2.8,5.32,10,0
4/14/2007 23:00,31515.97,13.89,7.7,2.5,5.85,10,0
4/15/2007 0:00,31516,8.33,8,3,5.64,10,0
4/15/2007 1:00,31516.04,7.78,8.1,3,5.5,10,0
4/15/2007 2:00,31516.08,6.67,8.2,2.7,5.65,10,0
4/15/2007 3:00,31516.13,7.22,8.4,3,5.64,10,0
4/15/2007 4:00,31516.17,8.33,8.3,3.5,5.62,10,0
4/15/2007 5:00,31516.21,8.89,8.2,3.6,5.59,10,4
4/15/2007 6:00,31516.25,8.89,8.3,3.7,5.46,10,23
4/15/2007 7:00,31516.29,8.89,8.4,3.8,5.39,10,43
4/15/2007 8:00,31516.34,8.89,7.6,3.8,5.41,10,61
4/15/2007 9:00,31516.38,8.33,7.4,3.6,5.62,10,132
4/15/2007 10:00,31516.42,8.89,7.8,2.9,5.83,10,110
4/15/2007 11:00,31516.46,10.56,8.1,2.3,6.04,10,153
4/15/2007 12:00,31516.5,12.22,8.2,2,6.06,9.94,298
4/15/2007 13:00,31516.55,13.33,8.7,3,6.16,4.84,664
4/15/2007 14:00,31516.59,14.44,8.3,2.6,0.91,5.98,524
4/15/2007 15:00,31516.63,15,8,2.5,1.52,9.71,209
4/15/2007 16:00,31516.67,14.44,7.3,2.6,1.76,6.06,277
4/15/2007 17:00,31516.71,17.22,7.5,2.8,1.99,4.92,141
4/15/2007 18:00,31516.76,15.56,7,2.7,2.06,10,13
4/15/2007 19:00,31516.8,12.78,7.4,2.2,2.15,10,0
4/15/2007 20:00,31516.84,11.67,7.5,1.7,2.15,10,0
4/15/2007 21:00,31516.88,10.56,7.4,1.4,1.76,10,0
4/15/2007 22:00,31516.92,10.56,7.1,1.8,1.43,10,0
4/15/2007 23:00,31516.97,7.78,6.8,1.9,1.45,10,0
4/16/2007 0:00,31517,10,6.4,1.5,1.5,10,0
4/16/2007 1:00,31517.04,10,6.3,1.1,1.05,10,0
4/16/2007 2:00,31517.08,8.89,5.4,1.1,0.3,10,0
4/16/2007 3:00,31517.13,8.89,5.5,0.6,1.03,10,0
4/16/2007 4:00,31517.17,8.89,5,0.7,6.21,10,0
4/16/2007 5:00,31517.21,9.44,4.8,0.9,5.9,10,19
4/16/2007 6:00,31517.25,10,6.9,1,1.03,2.92,160
4/16/2007 7:00,31517.29,10.56,8.3,1,0.66,3.18,342
4/16/2007 8:00,31517.34,13.33,7.7,1.7,3.14,2.2,525
4/16/2007 9:00,31517.38,20.56,7.8,2,3.19,1.45,676
4/16/2007 10:00,31517.42,20,8.1,2,2.95,1.15,779
4/16/2007 11:00,31517.46,20,8.5,2.2,3.23,1.1,830
4/16/2007 12:00,31517.5,23.33,8.3,2.3,3.49,1.7,821
4/16/2007 13:00,31517.55,22.22,8,2.3,3.14,2.39,757
4/16/2007 14:00,31517.59,23.89,8,1.9,3.91,3.03,645
4/16/2007 15:00,31517.63,25.56,6.7,1.9,4,3.49,500
4/16/2007 16:00,31517.67,25.56,7.2,1.6,5.32,4.4,321
4/16/2007 17:00,31517.71,25,7.6,1.1,0.72,5.11,142
4/16/2007 18:00,31517.76,22.22,7.2,1,6.21,10,14
4/16/2007 19:00,31517.8,20,9.2,0.5,4.64,10,0
4/16/2007 20:00,31517.84,16.11,9.3,0.4,0.33,10,0
4/16/2007 21:00,31517.88,17.22,9.2,0.4,6.11,10,0
4/16/2007 22:00,31517.92,15.56,9,0.7,5.25,10,0
4/16/2007 23:00,31517.97,10.56,8.9,0.4,1.31,10,0
4/17/2007 0:00,31518,15,8.5,0.6,1.13,10,0
4/17/2007 1:00,31518.04,14.44,8.3,0.8,1.06,10,0
4/17/2007 2:00,31518.08,13.33,8.2,0.7,0.52,10,0
4/17/2007 3:00,31518.13,12.78,7.9,0.7,0,10,0
4/17/2007 4:00,31518.17,13.33,7.6,0.6,0.21,10,0
4/17/2007 5:00,31518.21,13.33,7.4,0.6,1.17,10,20
4/17/2007 6:00,31518.25,13.33,9.3,1,5.32,3.66,158
4/17/2007 7:00,31518.29,14.44,9.9,1.3,5.03,4,331
4/17/2007 8:00,31518.34,17.78,10,1.4,1.75,3.07,512
4/17/2007 9:00,31518.38,22.22,8.9,1.3,3.05,2.29,665
4/17/2007 10:00,31518.42,25,7.9,1.5,4.5,1.81,772
4/17/2007 11:00,31518.46,25,7,2.6,4.47,1.51,827
4/17/2007 12:00,31518.5,25.56,9.1,3.9,5.41,1.85,821
4/17/2007 13:00,31518.55,26.11,8.8,5.1,5.48,3.28,734
4/17/2007 14:00,31518.59,23.33,7.4,6.6,5.67,3.44,636
4/17/2007 15:00,31518.63,22.78,3.7,6.4,5.64,5.29,447
4/17/2007 16:00,31518.67,20,2.1,7.8,5.74,6.75,261
4/17/2007 17:00,31518.71,18.33,1.7,8.1,5.81,9.56,71
4/17/2007 18:00,31518.76,15.56,1.3,7.4,5.81,10,15
4/17/2007 19:00,31518.8,13.33,1.5,6.7,5.9,10,0
4/17/2007 20:00,31518.84,11.11,1.1,5.8,5.83,10,0
4/17/2007 21:00,31518.88,10.56,1.3,4.8,5.78,10,0
4/17/2007 22:00,31518.92,9.44,0.9,4.3,5.62,10,0
4/17/2007 23:00,31518.97,15,1.2,3.1,5.36,10,0
4/18/2007 0:00,31519,7.22,1.3,3.4,5.41,10,0
4/18/2007 1:00,31519.04,6.11,1.2,3.4,5.45,10,0
4/18/2007 2:00,31519.08,5.56,0.8,2.5,5.36,10,0
4/18/2007 3:00,31519.13,5.56,1,1.9,5.79,10,0
4/18/2007 4:00,31519.17,6.11,1.2,1,6.04,10,0
4/18/2007 5:00,31519.21,3.33,1.1,1.6,5.36,10,22
4/18/2007 6:00,31519.25,6.67,2.4,1.7,5.93,2.22,171
4/18/2007 7:00,31519.29,9.44,2.8,4.3,5.74,2.12,362
4/18/2007 8:00,31519.34,10,2.9,5,5.72,0.67,547
4/18/2007 9:00,31519.38,12.22,2.2,4.8,5.46,1.74,678
4/18/2007 10:00,31519.42,13.33,2,4.8,5.39,1.44,781
4/18/2007 11:00,31519.46,14.44,1.1,5.3,5.27,0,864
4/18/2007 12:00,31519.5,16.11,0.2,5.7,5.48,0,870
4/18/2007 13:00,31519.55,17.22,-0.7,5.6,5.38,0,802
4/18/2007 14:00,31519.59,17.22,-1.7,5.6,5.46,0.52,691
4/18/2007 15:00,31519.63,17.22,-2.2,6,5.59,1.72,539
4/18/2007 16:00,31519.67,16.11,-3.1,6.3,5.69,2.66,357
4/18/2007 17:00,31519.71,16.11,-3.4,5.8,5.69,3.12,167
4/18/2007 18:00,31519.76,14.44,-3.1,4.8,5.76,10,17
4/18/2007 19:00,31519.8,12.22,-3,3.4,5.72,10,0
4/18/2007 20:00,31519.84,10.56,-2.7,3.7,5.79,10,0
4/18/2007 21:00,31519.88,10.56,-1.7,2.9,5.86,10,0
4/18/2007 22:00,31519.92,10.56,-1.3,1.9,5.39,10,0
4/18/2007 23:00,31519.97,7.22,-1.2,2.9,5.57,10,0
4/19/2007 0:00,31520,6.11,0.8,3.4,5.78,10,0
4/19/2007 1:00,31520.04,7.22,1.8,2.4,5.69,10,0
4/19/2007 2:00,31520.08,6.67,1.4,1.8,5.52,10,0
4/19/2007 3:00,31520.13,5.56,0.9,1.6,5.9,10,0
4/19/2007 4:00,31520.17,5.56,0.7,0.8,0.7,10,0
4/19/2007 5:00,31520.21,5.56,0.4,0.9,1.68,10,24
4/19/2007 6:00,31520.25,5.56,2,0.5,0.45,1.9,176
4/19/2007 7:00,31520.29,8.33,1.9,1.5,1.92,5.9,291
4/19/2007 8:00,31520.34,11.11,1.5,1.6,2.04,7.04,374
4/19/2007 9:00,31520.38,13.89,1.4,1.6,1.66,6.02,531
4/19/2007 10:00,31520.42,15.56,1.6,1.6,4.21,7.25,523
4/19/2007 11:00,31520.46,15,1.9,2.6,5.45,9.45,355
4/19/2007 12:00,31520.5,14.44,2.4,2.7,5.78,10,274
4/19/2007 13:00,31520.55,16.11,1.7,1.4,5.9,10,232
4/19/2007 14:00,31520.59,15,1.5,1.9,5.78,10,162
4/19/2007 15:00,31520.63,15.56,-0.7,2.8,4.85,10,130
4/19/2007 16:00,31520.67,13.89,0.7,1.8,3.72,10,78
4/19/2007 17:00,31520.71,12.78,2.1,2.7,2.01,10,30
4/19/2007 18:00,31520.76,12.22,3,1.5,3.49,10,4
4/19/2007 19:00,31520.8,10.56,3.8,1.8,4.1,10,0
4/19/2007 20:00,31520.84,10,4.7,1.5,4.19,10,0
4/19/2007 21:00,31520.88,10,4.8,1.5,2.67,10,0
4/19/2007 22:00,31520.92,8.89,5.8,2,0.84,10,0
4/19/2007 23:00,31520.97,8.33,5.3,2.3,1.62,10,0
4/20/2007 0:00,31521,9.44,4.6,2,2.27,10,0
4/20/2007 1:00,31521.04,10.56,5,1.8,2.64,10,0
4/20/2007 2:00,31521.08,10,5.2,1.9,1.87,10,0
4/20/2007 3:00,31521.13,9.44,4.8,2.1,2.15,10,0
4/20/2007 4:00,31521.17,10,4.7,2,2.16,10,0
4/20/2007 5:00,31521.21,9.44,4.7,2.1,2.34,10,24
4/20/2007 6:00,31521.25,9.44,4.6,2.4,2.39,9.5,76
4/20/2007 7:00,31521.29,11.11,4.9,2.7,2.69,6.51,275
4/20/2007 8:00,31521.34,13.89,6.2,2.6,3.46,4.21,491
4/20/2007 9:00,31521.38,12.78,6,3.1,3.67,7.82,420
4/20/2007 10:00,31521.42,14.44,6.2,2.9,4,0,812
4/20/2007 11:00,31521.46,15,5.6,2.5,3.53,5.57,677
4/20/2007 12:00,31521.5,17.22,5.2,2.8,3.89,9.56,344
4/20/2007 13:00,31521.55,15,5.2,2,3.87,4.72,682
4/20/2007 14:00,31521.59,16.67,5.2,2.4,3.87,4.65,600
4/20/2007 15:00,31521.63,17.78,4.4,1.6,3.19,8.35,304
4/20/2007 16:00,31521.67,17.22,4.7,0.6,0.17,10,81
4/20/2007 17:00,31521.71,16.67,5.1,1.4,5.67,10,51
4/20/2007 18:00,31521.76,15.56,4.9,1.2,5.97,10,12
4/20/2007 19:00,31521.8,12.78,5.2,1.1,5.22,10,0
4/20/2007 20:00,31521.84,11.67,5.4,1.3,5.34,10,0
4/20/2007 21:00,31521.88,10.56,5.5,1.6,5.81,10,0
4/20/2007 22:00,31521.92,12.22,5.4,0.9,5.78,10,0
4/20/2007 23:00,31521.97,8.89,5.4,0.4,1.2,10,0
4/21/2007 0:00,31522,11.11,6,1.2,5.93,10,0
4/21/2007 1:00,31522.04,10.56,6.6,2.3,5.71,10,0
4/21/2007 2:00,31522.08,12.22,6.9,1.2,5.31,10,0
4/21/2007 3:00,31522.13,11.67,6.8,0.9,5.17,10,0
4/21/2007 4:00,31522.17,11.11,6.7,0.4,1.54,10,0
4/21/2007 5:00,31522.21,10,6.5,0.5,1.08,10,31
4/21/2007 6:00,31522.25,10.56,7.5,2,2.09,4.47,163
4/21/2007 7:00,31522.29,13.89,7.3,2.7,2.25,5.41,310
4/21/2007 8:00,31522.34,13.89,7.5,3,2.48,4.95,469
4/21/2007 9:00,31522.38,16.11,7.6,2.8,2.91,2.94,661
4/21/2007 10:00,31522.42,17.78,6.9,2.2,2.72,2.33,772
4/21/2007 11:00,31522.46,19.44,5.7,2,3.02,4.43,742
4/21/2007 12:00,31522.5,22.22,5.7,1.9,4.17,7.83,512
4/21/2007 13:00,31522.55,22.78,5.5,1.9,5.17,7.51,507
4/21/2007 14:00,31522.59,22.22,5.2,1.8,4.89,6.85,487
4/21/2007 15:00,31522.63,22.78,4,1.8,0.05,6.36,412
4/21/2007 16:00,31522.67,21.67,3.5,1.8,4.8,8.97,183
4/21/2007 17:00,31522.71,20,3.6,1.6,5.24,10,47
4/21/2007 18:00,31522.76,18.89,5.5,2,5.95,10,5
4/21/2007 19:00,31522.8,17.22,6,5.9,5.67,10,0
4/21/2007 20:00,31522.84,13.89,8.7,5.8,5.79,10,0
4/21/2007 21:00,31522.88,11.67,9.1,4.4,5.95,10,0
4/21/2007 22:00,31522.92,10.56,9.4,3.1,5.81,10,1
4/21/2007 23:00,31522.97,12.22,9.6,1.2,5.65,10,0
4/22/2007 0:00,31523,11.67,10.4,2,4.85,10,1
4/22/2007 1:00,31523.04,10,10.3,1.8,0.98,10,1
4/22/2007 2:00,31523.08,11.11,10.5,2.4,2.29,10,1
4/22/2007 3:00,31523.13,11.11,10.3,2.9,2.34,10,2
4/22/2007 4:00,31523.17,11.11,10.1,3.2,2.34,10,1
4/22/2007 5:00,31523.21,10.56,9.3,3.6,2.08,10,5
4/22/2007 6:00,31523.25,10,9.4,3,2.13,10,37
4/22/2007 7:00,31523.29,9.44,9.3,4.8,1.97,10,124
4/22/2007 8:00,31523.34,8.89,8.7,3.4,1.9,10,107
4/22/2007 9:00,31523.38,10,8.9,3.3,2.18,10,152
4/22/2007 10:00,31523.42,10.56,9.5,2.5,2.02,10,181
4/22/2007 11:00,31523.46,10.56,10,2,2.37,10,189
4/22/2007 12:00,31523.5,11.11,10.4,1.2,1.75,9.23,381
4/22/2007 13:00,31523.55,15,10.2,1.6,1.68,8.13,458
4/22/2007 14:00,31523.59,15.56,9.9,1.4,5.27,6.54,508
4/22/2007 15:00,31523.63,18.33,9,2.8,5.46,8.07,324
4/22/2007 16:00,31523.67,15.56,9.3,2.6,5.88,8.79,193
4/22/2007 17:00,31523.71,15,8.1,2.8,5.74,5.32,157
4/22/2007 18:00,31523.76,15.56,7.7,2.5,5.45,10,11
4/22/2007 19:00,31523.8,13.33,8.4,3.8,5.48,10,0
4/22/2007 20:00,31523.84,11.11,8.2,3.9,5.36,10,0
4/22/2007 21:00,31523.88,10,8.5,4.3,5.5,10,0
4/22/2007 22:00,31523.92,10,8.4,3.9,5.53,10,0
4/22/2007 23:00,31523.97,12.22,7.7,4,5.57,10,0
4/23/2007 0:00,31524,7.78,7.8,2.9,5.52,10,0
4/23/2007 1:00,31524.04,6.67,7.4,2.6,5.78,10,0
4/23/2007 2:00,31524.08,7.22,7.2,3,5.76,10,0
4/23/2007 3:00,31524.13,7.22,6.4,1.9,5.9,10,0
4/23/2007 4:00,31524.17,6.67,6.4,2,5.22,10,0
4/23/2007 5:00,31524.21,7.22,6.2,1.6,6,10,19
4/23/2007 6:00,31524.25,7.22,7.1,2.2,5.9,2.7,185
4/23/2007 7:00,31524.29,11.11,7.9,2.5,6.11,2.9,368
4/23/2007 8:00,31524.34,11.67,9,3.3,5.79,5.38,458
4/23/2007 9:00,31524.38,14.44,9.3,3.5,5.52,5.03,590
4/23/2007 10:00,31524.42,17.22,9.3,2.4,5.5,1.03,800
4/23/2007 11:00,31524.46,16.67,8.6,1.7,5.79,6.1,649
4/23/2007 12:00,31524.5,18.33,8.4,1.5,1.78,0,906
4/23/2007 13:00,31524.55,17.22,8.2,1.4,0.26,5.66,638
4/23/2007 14:00,31524.59,18.89,8,1.6,0.73,2.94,667
4/23/2007 15:00,31524.63,19.44,7.8,1.5,0.24,4.48,491
4/23/2007 16:00,31524.67,21.67,7.2,1.2,1.5,4.5,339
4/23/2007 17:00,31524.71,20.56,7.6,0.6,4.92,5.73,154
4/23/2007 18:00,31524.76,20,7.8,1.6,3.09,10,23
4/23/2007 19:00,31524.8,17.78,8,1.7,3.02,10,0
4/23/2007 20:00,31524.84,16.11,8.3,1.7,3.02,10,0
4/23/2007 21:00,31524.88,15.56,9.1,1.4,2.62,10,0
4/23/2007 22:00,31524.92,15.56,9.7,0.9,2.3,10,0
4/23/2007 23:00,31524.97,9.44,9.7,1.1,4.54,10,0
4/24/2007 0:00,31525,13.33,9.3,1,2.06,10,0
4/24/2007 1:00,31525.04,13.33,9.2,0.4,1.34,10,0
4/24/2007 2:00,31525.08,13.89,8.9,0.5,1.48,10,0
4/24/2007 3:00,31525.13,12.78,8.3,0.7,0.54,10,0
4/24/2007 4:00,31525.17,12.78,8,0.7,0.51,10,0
4/24/2007 5:00,31525.21,12.22,8.5,0.8,3.6,10,32
4/24/2007 6:00,31525.25,13.33,10.2,1.2,3.07,3.01,186
4/24/2007 7:00,31525.29,15.56,10.3,2.2,2.23,3.28,365
4/24/2007 8:00,31525.34,17.22,9.9,3.2,2.53,2.2,549
4/24/2007 9:00,31525.38,20.56,9.8,3,2.78,1.38,700
4/24/2007 10:00,31525.42,20.56,9.9,2.4,3.09,1.17,801
4/24/2007 11:00,31525.46,22.78,10.3,1.9,4.83,1.29,849
4/24/2007 12:00,31525.5,25,10.2,1.7,6.25,1.43,847
4/24/2007 13:00,31525.55,25.56,10.5,2,0.03,2.45,777
4/24/2007 14:00,31525.59,25,10.1,2,6.13,2.89,671
4/24/2007 15:00,31525.63,25,9.7,2.2,5.93,3.78,515
4/24/2007 16:00,31525.67,27.22,9.7,2.8,5.6,4.78,335
4/24/2007 17:00,31525.71,25,8.9,3.6,5.71,5.43,161
4/24/2007 18:00,31525.76,23.89,8.3,3.1,5.45,10,22
4/24/2007 19:00,31525.8,19.44,8.8,2.4,5.38,10,0
4/24/2007 20:00,31525.84,18.33,9.2,1.4,5.72,10,0
4/24/2007 21:00,31525.88,17.78,9.2,1.3,5.17,10,0
4/24/2007 22:00,31525.92,17.78,9.3,0.7,0.99,10,0
4/24/2007 23:00,31525.97,15.56,10.1,1,5.72,10,0
4/25/2007 0:00,31526,15.56,10.3,1,1.48,10,0
4/25/2007 1:00,31526.04,15.56,9.8,0.8,5.99,10,0
4/25/2007 2:00,31526.08,14.44,10,0.9,1.71,10,0
4/25/2007 3:00,31526.13,13.89,9.9,0.8,6.25,10,0
4/25/2007 4:00,31526.17,13.89,9.7,0.7,4.97,10,0
4/25/2007 5:00,31526.21,14.44,10,0.5,4.42,10,35
4/25/2007 6:00,31526.25,15,11.5,0.7,1.15,4.19,178
4/25/2007 7:00,31526.29,18.33,11.9,0.8,1.27,3.92,356
4/25/2007 8:00,31526.34,18.89,11.8,2,2.67,3.06,535
4/25/2007 9:00,31526.38,23.89,11.5,2.1,3.18,0,631
4/25/2007 10:00,31526.42,23.33,10.8,1.2,2.78,3.99,727
4/25/2007 11:00,31526.46,25.56,11,1.9,5.06,2.42,828
4/25/2007 12:00,31526.5,27.78,10.6,2,5.39,2.57,824
4/25/2007 13:00,31526.55,28.33,10,2.6,5.32,2.95,765
4/25/2007 14:00,31526.59,29.44,8.2,3,5.62,3.19,665
4/25/2007 15:00,31526.63,30,6.7,4.8,5.45,6.39,419
4/25/2007 16:00,31526.67,25.56,6.2,5.4,5.76,8.16,225
4/25/2007 17:00,31526.71,23.89,6.8,5.3,5.86,9.24,90
4/25/2007 18:00,31526.76,22.22,5.1,3.9,5.85,0,22
4/25/2007 19:00,31526.8,20,4.6,3.6,5.48,10,0
4/25/2007 20:00,31526.84,16.11,9.4,5,5.52,10,0
4/25/2007 21:00,31526.88,14.44,8.9,5,5.64,10,0
4/25/2007 22:00,31526.92,13.33,8.6,4.3,5.5,10,0
4/25/2007 23:00,31526.97,17.22,8.1,4,5.55,10,0
4/26/2007 0:00,31527,10,7.8,3.6,5.57,10,0
4/26/2007 1:00,31527.04,10,7.6,3.4,5.6,10,0
4/26/2007 2:00,31527.08,10,7.4,2.5,5.59,10,0
4/26/2007 3:00,31527.13,7.78,7.2,2.8,5.64,10,0
4/26/2007 4:00,31527.17,8.89,7,2.1,5.83,10,0
4/26/2007 5:00,31527.21,7.78,7,1.5,5.9,0,33
4/26/2007 6:00,31527.25,8.33,7.9,1.7,5.9,4.18,181
4/26/2007 7:00,31527.29,14.44,8.6,1.1,5.1,3.65,364
4/26/2007 8:00,31527.34,13.89,9.3,1.1,0.77,3.05,538
4/26/2007 9:00,31527.38,16.67,9.7,1.9,2.93,2.63,682
4/26/2007 10:00,31527.42,18.33,10,1.9,3.23,2.31,785
4/26/2007 11:00,31527.46,20,10,2,3.49,2.32,833
4/26/2007 12:00,31527.5,22.22,9.4,2,3.11,2.4,831
4/26/2007 13:00,31527.55,23.89,8.8,1.9,3.35,2.7,775
4/26/2007 14:00,31527.59,26.11,8.3,1.5,2.13,3.3,664
4/26/2007 15:00,31527.63,27.78,7.9,1.4,0.24,4.06,512
4/26/2007 16:00,31527.67,25.56,7.7,1.2,2.34,4.91,337
4/26/2007 17:00,31527.71,26.67,8.1,1.4,5.41,6.16,155
4/26/2007 18:00,31527.76,25.56,8.8,0.7,5.36,0,19
4/26/2007 19:00,31527.8,21.67,10.4,0.5,2.01,10,0
4/26/2007 20:00,31527.84,20,10.9,0.8,6.06,10,0
4/26/2007 21:00,31527.88,20,11.3,1.2,1.47,10,0
4/26/2007 22:00,31527.92,17.78,10.7,0.9,1.48,10,0
4/26/2007 23:00,31527.97,10.56,10.6,1.2,0.86,10,0
4/27/2007 0:00,31528,16.67,10.5,0.8,0.05,10,0
4/27/2007 1:00,31528.04,17.22,10.7,0.6,0.82,10,0
4/27/2007 2:00,31528.08,16.67,11,0.8,1.87,10,0
4/27/2007 3:00,31528.13,15.56,10.6,1.1,0.52,10,0
4/27/2007 4:00,31528.17,16.11,10.3,0.8,0.42,10,0
4/27/2007 5:00,31528.21,15,10.7,1.1,1.59,0,33
4/27/2007 6:00,31528.25,15,12.5,1.3,1.4,4.68,178
4/27/2007 7:00,31528.29,16.67,12.4,1.8,2.04,4.08,358
4/27/2007 8:00,31528.34,20,12,1.5,2.78,3.4,532
4/27/2007 9:00,31528.38,25.56,11.8,1.5,3.77,2.99,675
4/27/2007 10:00,31528.42,28.89,12.1,1.8,2.57,2.84,773
4/27/2007 11:00,31528.46,30,11.7,1.7,0.07,2.81,821
4/27/2007 12:00,31528.5,31.11,11.8,1.7,1.1,3.03,814
4/27/2007 13:00,31528.55,31.67,12,1.3,0.63,3.42,754
4/27/2007 14:00,31528.59,30.56,11.8,1.5,0.79,3.94,645
4/27/2007 15:00,31528.63,33.89,11.6,1.4,6.11,4.71,493
4/27/2007 16:00,31528.67,33.89,11.4,1.7,5.65,5.27,330
4/27/2007 17:00,31528.71,33.89,11.8,1.9,5.72,5.62,166
4/27/2007 18:00,31528.76,30.56,11.7,1.6,5.11,0,26
4/27/2007 19:00,31528.8,26.67,12.8,1.3,5.52,10,0
4/27/2007 20:00,31528.84,25.56,13.1,2.1,5.55,10,0
4/27/2007 21:00,31528.88,23.89,13.8,2,5.65,10,0
4/27/2007 22:00,31528.92,22.22,13.9,1.4,5.25,10,0
4/27/2007 23:00,31528.97,17.22,14.4,1,0.82,10,0
4/28/2007 0:00,31529,21.11,14.3,1.1,5.45,10,0
4/28/2007 1:00,31529.04,21.11,13.7,1.1,1.31,10,0
4/28/2007 2:00,31529.08,20.56,13.4,1,5.67,10,0
4/28/2007 3:00,31529.13,18.89,13,0.8,0.42,10,0
4/28/2007 4:00,31529.17,18.89,12.8,0.7,5.99,10,0
4/28/2007 5:00,31529.21,18.33,12.7,0.7,2.65,0,36
4/28/2007 6:00,31529.25,19.44,13.4,1.7,2.37,3.89,190
4/28/2007 7:00,31529.29,23.33,13.3,3.1,2.44,4.55,350
4/28/2007 8:00,31529.34,25,13.3,3,2.43,3.65,528
4/28/2007 9:00,31529.38,31.11,14.9,2.9,2.57,3.53,661
4/28/2007 10:00,31529.42,32.22,14.7,2.4,3.09,3.39,757
4/28/2007 11:00,31529.46,31.67,11.9,1.9,3.09,3,817
4/28/2007 12:00,31529.5,35,12.3,1.7,2.16,3,817
4/28/2007 13:00,31529.55,35.56,11.8,1.4,0.42,3.48,754
4/28/2007 14:00,31529.59,36.67,11.4,1.3,6.16,3.63,658
4/28/2007 15:00,31529.63,38.33,8.4,1.4,6.21,4.21,512
4/28/2007 16:00,31529.67,40,6.3,2,5.79,5.46,327
4/28/2007 17:00,31529.71,37.22,8.3,3,5.52,6.15,160
4/28/2007 18:00,31529.76,33.89,9.8,4.5,5.5,0,22
4/28/2007 19:00,31529.8,30,6.5,3.9,5.32,10,0
4/28/2007 20:00,31529.84,27.78,6.9,3.5,5.65,10,0
4/28/2007 21:00,31529.88,25,6.1,3.4,5.53,10,0
4/28/2007 22:00,31529.92,23.33,6.3,2.7,5.76,10,0
4/28/2007 23:00,31529.97,21.67,7,2.3,5.85,10,0
4/29/2007 0:00,31530,21.67,6.1,2.4,5.74,10,0
4/29/2007 1:00,31530.04,21.11,7,2.8,5.76,10,0
4/29/2007 2:00,31530.08,18.89,9,1.2,5.83,10,0
4/29/2007 3:00,31530.13,19.44,9.9,0.7,0.98,10,0
4/29/2007 4:00,31530.17,20.56,10.6,1.1,1.03,10,0
4/29/2007 5:00,31530.21,20.56,11.1,0.9,1.1,0,30
4/29/2007 6:00,31530.25,20,11.9,1.8,2.27,7.09,144
4/29/2007 7:00,31530.29,19.44,11.9,2.3,2.34,5.33,332
4/29/2007 8:00,31530.34,24.44,10.6,3.1,2.62,3.24,541
4/29/2007 9:00,31530.38,30.56,10.4,2.9,2.58,3.85,652
4/29/2007 10:00,31530.42,31.11,10.7,2.6,2.81,1.75,804
4/29/2007 11:00,31530.46,32.78,10.3,2.3,3.11,5.58,694
4/29/2007 12:00,31530.5,31.67,8,1.8,3.32,7.7,535
4/29/2007 13:00,31530.55,34.44,5.6,1.7,2.58,6.3,609
4/29/2007 14:00,31530.59,34.44,4.8,1.7,2.79,3.89,651
4/29/2007 15:00,31530.63,37.22,3.6,1.6,2.71,4.32,511
4/29/2007 16:00,31530.67,36.11,2.7,1.6,2.43,4.36,358
4/29/2007 17:00,31530.71,35,4,1.8,1.8,5.63,171
4/29/2007 18:00,31530.76,32.78,5.5,2.4,5.59,0,26
4/29/2007 19:00,31530.8,27.78,3.1,3.1,5.2,10,0
4/29/2007 20:00,31530.84,24.44,3.6,3.4,5.2,10,0
4/29/2007 21:00,31530.88,21.67,6.8,4.3,5.48,10,0
4/29/2007 22:00,31530.92,20.56,7.1,3.2,5.74,10,0
4/29/2007 23:00,31530.97,22.78,7.6,3.2,5.69,10,0
4/30/2007 0:00,31531,17.78,8.1,1.4,5.27,10,0
4/30/2007 1:00,31531.04,17.22,8.6,1.1,5.97,10,0
4/30/2007 2:00,31531.08,15.56,8.2,1.6,5.93,10,0
4/30/2007 3:00,31531.13,16.11,8.4,0.9,5.69,10,0
4/30/2007 4:00,31531.17,16.11,8.7,0.8,1.2,10,0
4/30/2007 5:00,31531.21,16.11,9.1,0.7,5.2,0,41
4/30/2007 6:00,31531.25,17.22,10.4,0.8,0.3,4.04,194
4/30/2007 7:00,31531.29,20,8.4,2,2.48,3.53,377
4/30/2007 8:00,31531.34,21.67,7.5,2.9,2.25,2.92,551
4/30/2007 9:00,31531.38,24.44,8.2,2.8,2.36,3.1,679
4/30/2007 10:00,31531.42,27.22,8.9,2.8,2.32,3.37,762
4/30/2007 11:00,31531.46,28.89,8.9,2.4,1.94,2.66,832
4/30/2007 12:00,31531.5,31.11,8.7,1.6,0.86,4.12,776
4/30/2007 13:00,31531.55,33.33,8.2,1.2,5.59,5.6,655
4/30/2007 14:00,31531.59,32.78,7.5,1.9,5.79,7.12,486
4/30/2007 15:00,31531.63,32.22,6.4,1.9,5.45,8.28,324
4/30/2007 16:00,31531.67,29.44,5.6,2.3,5.32,8.44,221
4/30/2007 17:00,31531.71,29.44,5.5,2.3,5.29,9.32,95
4/30/2007 18:00,31531.76,27.22,5.7,2.3,5.38,3.81,17
4/30/2007 19:00,31531.8,25.56,8.3,2.3,5.38,10,0
4/30/2007 20:00,31531.84,23.89,8.5,2.7,5.55,10,0
4/30/2007 21:00,31531.88,21.67,7.8,4.2,5.48,10,0
4/30/2007 22:00,31531.92,19.44,7.1,4.8,5.64,10,0
4/30/2007 23:00,31531.97,18.33,7.5,2.9,5.9,10,0
5/1/2007 0:00,31532,18.89,7.6,2.7,5.57,10,0
5/1/2007 1:00,31532.04,17.78,7.5,2.5,5.31,10,0
5/1/2007 2:00,31532.08,15.56,7.2,2.3,5.34,10,0
5/1/2007 3:00,31532.13,15,6.8,2,5.31,10,0
5/1/2007 4:00,31532.17,14.44,7,1.8,5.9,10,0
5/1/2007 5:00,31532.21,12.78,7.2,1.2,5.9,0,42
5/1/2007 6:00,31532.25,14.44,7.4,1.8,5.79,4.18,195
5/1/2007 7:00,31532.29,17.22,8,1.8,5.64,3.71,376
5/1/2007 8:00,31532.34,21.11,9.2,1,4.8,3.11,549
5/1/2007 9:00,31532.38,25.56,8.7,1.6,5.57,2.78,690
5/1/2007 10:00,31532.42,26.11,2.5,2.6,5.01,2.32,796
5/1/2007 11:00,31532.46,28.33,1,3.6,5.08,2.23,846
5/1/2007 12:00,31532.5,30.56,0.3,4,5.15,2.31,844
5/1/2007 13:00,31532.55,31.11,0.2,3,4.96,2.48,792
5/1/2007 14:00,31532.59,32.22,0,2.8,5.31,4.95,611
5/1/2007 15:00,31532.63,30.56,-1,3.6,5.34,3.92,528
5/1/2007 16:00,31532.67,31.67,-1.8,4.8,5.65,4.4,362
5/1/2007 17:00,31532.71,29.44,0.3,4.7,5.69,6.26,165
5/1/2007 18:00,31532.76,26.11,3.6,5.4,5.62,8.79,11
5/1/2007 19:00,31532.8,22.22,7.7,6.9,5.64,10,0
5/1/2007 20:00,31532.84,18.89,8.6,5.9,5.59,10,0
5/1/2007 21:00,31532.88,17.78,8.7,6.3,5.52,10,0
5/1/2007 22:00,31532.92,17.78,8.4,5.3,5.57,10,0
5/1/2007 23:00,31532.97,18.89,8.9,5,5.59,10,0
5/2/2007 0:00,31533,16.11,9.1,5,5.67,10,0
5/2/2007 1:00,31533.04,14.44,9.2,3.7,5.69,10,0
5/2/2007 2:00,31533.08,15,9.5,3.4,5.53,10,0
5/2/2007 3:00,31533.13,14.44,9.6,3.6,5.22,10,0
5/2/2007 4:00,31533.17,13.33,10,3.1,5.65,10,0
5/2/2007 5:00,31533.21,12.78,10.2,1.5,5.72,0,34
5/2/2007 6:00,31533.25,12.78,10.3,2.3,5.31,7.88,133
5/2/2007 7:00,31533.29,15.56,10.5,2.6,5.48,4.25,367
5/2/2007 8:00,31533.34,19.44,10.6,3.7,5.59,3.16,550
5/2/2007 9:00,31533.38,20.56,10.2,3.7,5.39,0,778
5/2/2007 10:00,31533.42,21.11,9,3.4,5.5,7.65,512
5/2/2007 11:00,31533.46,21.67,9.6,4.3,5.62,7.86,524
5/2/2007 12:00,31533.5,21.11,9.8,4,5.83,4.2,776
5/2/2007 13:00,31533.55,23.89,9.1,2.7,5.79,7.4,533
5/2/2007 14:00,31533.59,23.89,9.8,6.1,5.59,6.92,502
5/2/2007 15:00,31533.63,15.56,10.3,5.8,5.67,8.82,291
5/2/2007 16:00,31533.67,18.89,11.1,5.7,5.83,10,87
5/2/2007 17:00,31533.71,15.56,11.3,4.9,5.9,9.74,86
5/2/2007 18:00,31533.76,15.56,9.2,4.1,5.95,3.79,23
5/2/2007 19:00,31533.8,15,8.5,3.9,5.88,10,0
5/2/2007 20:00,31533.84,13.89,4.8,4.7,5.69,10,0
5/2/2007 21:00,31533.88,12.78,3.1,4.5,5.81,10,0
5/2/2007 22:00,31533.92,11.67,3.1,6.3,5.41,10,0
5/2/2007 23:00,31533.97,16.11,4.1,5.8,5.43,10,0
5/3/2007 0:00,31534,10,4.8,5.2,5.74,10,0
5/3/2007 1:00,31534.04,9.44,4.8,4.5,5.76,10,0
5/3/2007 2:00,31534.08,8.33,4.6,3.8,5.9,10,0
5/3/2007 3:00,31534.13,7.78,4.4,3.7,5.88,10,0
5/3/2007 4:00,31534.17,6.67,4.3,3.6,5.74,10,0
5/3/2007 5:00,31534.21,6.11,4.5,3.6,5.78,0,49
5/3/2007 6:00,31534.25,8.89,4.8,4.7,5.83,3.5,208
5/3/2007 7:00,31534.29,12.78,4.9,5.7,5.86,2.99,394
5/3/2007 8:00,31534.34,14.44,4.7,5.3,5.67,2.64,564
5/3/2007 9:00,31534.38,15.56,4.8,4.7,5.45,2.79,694
5/3/2007 10:00,31534.42,18.33,4.4,4,5.38,1.3,820
5/3/2007 11:00,31534.46,18.89,3.1,3.6,5.45,0,898
5/3/2007 12:00,31534.5,19.44,2.3,3.5,5.52,4.4,768
5/3/2007 13:00,31534.55,17.78,2.3,3.7,5.78,7.03,563
5/3/2007 14:00,31534.59,18.33,0.9,3.7,5.76,8.2,412
5/3/2007 15:00,31534.63,17.78,0.7,4.3,5.6,8.6,307
5/3/2007 16:00,31534.67,18.89,-0.5,4.3,5.78,7.12,281
5/3/2007 17:00,31534.71,17.78,-2.5,3.8,5.78,5.84,177
5/3/2007 18:00,31534.76,18.89,-3.3,3.1,5.46,0,30
5/3/2007 19:00,31534.8,13.89,-1.7,2.8,5.41,10,0
5/3/2007 20:00,31534.84,12.22,-1.3,3.2,5.71,10,0
5/3/2007 21:00,31534.88,12.78,0.7,2.3,5.46,10,0
5/3/2007 22:00,31534.92,13.33,3.9,2.5,5.2,10,0
5/3/2007 23:00,31534.97,10,2.8,3.5,5.53,10,0
5/4/2007 0:00,31535,10.56,2.5,2.7,5.39,10,0
5/4/2007 1:00,31535.04,11.11,5.3,2,5.46,10,0
5/4/2007 2:00,31535.08,10.56,7.1,1.8,5.25,10,0
5/4/2007 3:00,31535.13,8.33,7.5,1.4,2.46,10,0
5/4/2007 4:00,31535.17,9.44,7.3,2.5,1.45,10,0
5/4/2007 5:00,31535.21,8.33,8.2,2.1,1.13,9.61,12
5/4/2007 6:00,31535.25,8.89,8.3,2.4,1.2,9.97,81
5/4/2007 7:00,31535.29,10,8.5,1.9,1.1,10,143
5/4/2007 8:00,31535.34,12.22,8.8,2.5,1.71,5.1,493
5/4/2007 9:00,31535.38,13.89,7.9,2.1,2.6,7.9,436
5/4/2007 10:00,31535.42,15,7.6,1.4,3.04,9.85,307
5/4/2007 11:00,31535.46,13.33,8,1.5,5.06,7.28,577
5/4/2007 12:00,31535.5,16.11,8.6,2.1,5.76,7.7,541
5/4/2007 13:00,31535.55,17.78,8.5,3.7,5.62,9.13,381
5/4/2007 14:00,31535.59,18.89,8.4,4.3,5.76,8.56,384
5/4/2007 15:00,31535.63,19.44,8.1,5.3,5.78,8.09,341
5/4/2007 16:00,31535.67,17.78,7.8,5,5.69,6.7,299
5/4/2007 17:00,31535.71,18.33,7.5,5.3,5.79,7.18,153
5/4/2007 18:00,31535.76,16.11,7.5,5.4,5.74,5.29,26
5/4/2007 19:00,31535.8,13.89,7.4,4.5,5.6,10,0
5/4/2007 20:00,31535.84,11.67,6.9,3.7,5.46,10,0
5/4/2007 21:00,31535.88,12.22,6.4,3.5,5.46,10,0
5/4/2007 22:00,31535.92,10.56,6.3,2.8,5.69,10,0
5/4/2007 23:00,31535.97,10.56,6.2,2.4,5.69,10,0
5/5/2007 0:00,31536,8.89,6.5,3.2,5.45,10,0
5/5/2007 1:00,31536.04,9.44,6.6,3.1,5.39,10,0
5/5/2007 2:00,31536.08,7.78,6.5,2.2,5.9,10,0
5/5/2007 3:00,31536.13,7.78,5.9,0.8,5.22,10,0
5/5/2007 4:00,31536.17,6.67,6.1,2.2,5.86,10,1
5/5/2007 5:00,31536.21,6.11,5.9,1.8,5.86,0,58
5/5/2007 6:00,31536.25,10.56,6.8,2.5,5.78,2.55,222
5/5/2007 7:00,31536.29,11.67,7.3,2,5.74,2.14,411
5/5/2007 8:00,31536.34,13.89,7.8,1.5,5.95,2.76,566
5/5/2007 9:00,31536.38,15.56,7.8,2.4,5.36,2.48,706
5/5/2007 10:00,31536.42,17.78,6.9,4.1,5.38,2.65,795
5/5/2007 11:00,31536.46,21.11,5.4,5.1,5.76,2.4,849
5/5/2007 12:00,31536.5,22.78,3,5.7,5.62,2.22,854
5/5/2007 13:00,31536.55,23.89,1.7,5.2,5.36,2.59,797
5/5/2007 14:00,31536.59,23.89,1.8,5.1,5.71,3.02,692
5/5/2007 15:00,31536.63,26.67,1.6,7,5.65,4.07,532
5/5/2007 16:00,31536.67,26.67,1,6.6,5.76,4.49,369
5/5/2007 17:00,31536.71,23.89,0.2,7.1,5.53,5.45,188
5/5/2007 18:00,31536.76,22.78,0.5,5.1,5.5,0,35
5/5/2007 19:00,31536.8,19.44,0.8,5.4,5.43,10,0
5/5/2007 20:00,31536.84,18.89,0.9,4.7,5.65,10,0
5/5/2007 21:00,31536.88,18.89,2.6,2.5,6.04,10,0
5/5/2007 22:00,31536.92,17.22,3.7,1.2,5.76,10,0
5/5/2007 23:00,31536.97,10.56,5.2,1.6,1.55,10,0
5/6/2007 0:00,31537,15.56,5.6,1.9,1.66,10,0
5/6/2007 1:00,31537.04,15,5.9,1.6,1.8,10,0
5/6/2007 2:00,31537.08,13.89,6.2,1.3,0.68,10,0
5/6/2007 3:00,31537.13,13.89,6.3,0.8,1.34,10,0
5/6/2007 4:00,31537.17,12.78,5.6,0.9,5.39,10,1
5/6/2007 5:00,31537.21,13.33,5.2,1.2,2.29,0,56
5/6/2007 6:00,31537.25,13.89,5.8,1.1,1.26,2.76,223
5/6/2007 7:00,31537.29,15.56,5.9,1.3,2.18,2.49,409
5/6/2007 8:00,31537.34,22.22,6.4,2.4,3.07,2.36,576
5/6/2007 9:00,31537.38,22.78,5.9,2.3,3.37,2.79,700
5/6/2007 10:00,31537.42,25,4.7,1.7,3.09,1.97,814
5/6/2007 11:00,31537.46,23.89,2.9,1.9,0.99,1.96,862
5/6/2007 12:00,31537.5,28.89,2.5,1.8,0.35,2.67,843
5/6/2007 13:00,31537.55,27.78,2.3,1.4,0.49,5.38,678
5/6/2007 14:00,31537.59,27.78,2.1,1.4,0.96,4.42,644
5/6/2007 15:00,31537.63,28.33,2.2,2,5.24,3.67,546
5/6/2007 16:00,31537.67,27.78,3.6,2.8,5.6,6.74,301
5/6/2007 17:00,31537.71,27.78,2.9,2.1,5.39,3.32,219
5/6/2007 18:00,31537.76,26.67,4.3,1,5.18,0,40
5/6/2007 19:00,31537.8,22.78,4.6,0.9,3.65,10,0
5/6/2007 20:00,31537.84,21.11,7.2,1.2,0.31,10,0
5/6/2007 21:00,31537.88,20.56,6.7,1.5,5.43,10,0
5/6/2007 22:00,31537.92,18.89,7.1,1,1.2,10,0
5/6/2007 23:00,31537.97,17.78,7.7,1.4,1.33,10,0
5/7/2007 0:00,31538,16.67,6.5,1.6,2.08,10,0
5/7/2007 1:00,31538.04,15.56,6.8,1.9,1.76,10,0
5/7/2007 2:00,31538.08,16.11,6.7,1.7,1.08,10,0
5/7/2007 3:00,31538.13,15,7,1.4,1.05,10,0
5/7/2007 4:00,31538.17,15,6.7,1.4,1.5,10,1
5/7/2007 5:00,31538.21,13.89,7.4,0.9,0.79,0,55
5/7/2007 6:00,31538.25,16.11,9,1,0.63,3.35,220
5/7/2007 7:00,31538.29,17.22,8.3,0.7,1.24,2.91,405
5/7/2007 8:00,31538.34,21.67,5.1,1.2,2.76,2.37,578
5/7/2007 9:00,31538.38,25.56,5.3,1.3,2.41,1.85,723
5/7/2007 10:00,31538.42,31.67,5.4,2,3.35,2.01,815
5/7/2007 11:00,31538.46,31.67,5.5,1.8,3.09,1.94,864
5/7/2007 12:00,31538.5,33.89,3.6,2.1,3.67,2.12,860
5/7/2007 13:00,31538.55,35,0.8,2.1,4.1,2.47,804
5/7/2007 14:00,31538.59,34.44,2.1,2,5.31,2.98,697
5/7/2007 15:00,31538.63,34.44,1.9,2.5,5.5,3.77,545
5/7/2007 16:00,31538.67,36.11,1.5,2.5,5.31,4.58,371
5/7/2007 17:00,31538.71,36.11,2,2,5.34,5.71,188
5/7/2007 18:00,31538.76,31.67,2.9,1.2,5.38,3.36,38
5/7/2007 19:00,31538.8,27.78,5.7,0.7,4.64,10,0
5/7/2007 20:00,31538.84,26.11,6.5,0.7,6.07,10,0
5/7/2007 21:00,31538.88,25,8.1,1.2,0.45,10,0
5/7/2007 22:00,31538.92,22.78,9.1,1.1,5.76,10,0
5/7/2007 23:00,31538.97,18.33,9.1,1.1,6.16,10,0
5/8/2007 0:00,31539,20.56,7.7,1.3,5.31,10,0
5/8/2007 1:00,31539.04,21.11,8.4,1.1,0.52,10,0
5/8/2007 2:00,31539.08,20.56,8.3,1.2,1.61,10,0
5/8/2007 3:00,31539.13,20,8.4,1.2,0.65,10,0
5/8/2007 4:00,31539.17,20,7.3,0.9,1.55,10,1
5/8/2007 5:00,31539.21,20,8.4,0.8,5.62,0,55
5/8/2007 6:00,31539.25,21.11,8.6,0.6,0.54,3.93,216
5/8/2007 7:00,31539.29,23.33,9.5,0.8,0.99,3.33,400
5/8/2007 8:00,31539.34,27.22,5.8,2.2,2.9,2.82,571
5/8/2007 9:00,31539.38,32.78,5.8,2.7,3.18,2.51,711
5/8/2007 10:00,31539.42,31.67,6.3,2.4,3.25,2.34,809
5/8/2007 11:00,31539.46,33.33,6.4,1.7,3.54,2.3,857
5/8/2007 12:00,31539.5,33.89,5.4,2.2,4.92,2.41,854
5/8/2007 13:00,31539.55,36.11,4.4,2.9,5.38,2.64,801
5/8/2007 14:00,31539.59,37.22,3.3,3.2,5.29,2.94,700
5/8/2007 15:00,31539.63,37.78,3.2,3.2,5.5,3.77,547
5/8/2007 16:00,31539.67,37.22,3.2,3.4,5.65,4.66,371
5/8/2007 17:00,31539.71,36.11,2.2,3.1,5.71,5.94,186
5/8/2007 18:00,31539.76,32.78,3.5,1.8,5.45,4.94,37
5/8/2007 19:00,31539.8,28.89,4.8,1.4,5.52,10,0
5/8/2007 20:00,31539.84,27.22,4.6,1.8,5.6,10,0
5/8/2007 21:00,31539.88,25,5.7,2,5.11,10,0
5/8/2007 22:00,31539.92,26.11,7.3,2.4,5.27,10,0
5/8/2007 23:00,31539.97,21.67,8.5,2,5.53,10,0
5/9/2007 0:00,31540,21.67,9.9,1.8,5.81,10,0
5/9/2007 1:00,31540.04,20.56,10.6,1.5,5.83,10,0
5/9/2007 2:00,31540.08,20.56,10.6,1,5.93,10,0
5/9/2007 3:00,31540.13,19.44,10.7,1,5.6,10,0
5/9/2007 4:00,31540.17,19.44,10.4,0.8,0.47,10,1
5/9/2007 5:00,31540.21,17.22,10.4,0.7,0.23,0,57
5/9/2007 6:00,31540.25,20,10.5,0.8,1.73,3.96,218
5/9/2007 7:00,31540.29,23.33,8.1,2.2,2.62,3.49,399
5/9/2007 8:00,31540.34,28.89,7.9,3.7,2.78,3.12,566
5/9/2007 9:00,31540.38,29.44,8.6,3.9,2.55,2.85,704
5/9/2007 10:00,31540.42,30,10.8,3.3,2.67,2.76,799
5/9/2007 11:00,31540.46,32.22,11.1,2.7,2.81,2.83,843
5/9/2007 12:00,31540.5,33.33,10.7,2.3,3.02,2.95,839
5/9/2007 13:00,31540.55,35,8.8,2.3,2.81,2.96,793
5/9/2007 14:00,31540.59,36.67,7.1,1.9,4.29,3.54,683
5/9/2007 15:00,31540.63,38.33,5.9,1.9,3.35,3.97,543
5/9/2007 16:00,31540.67,36.67,3.8,1.6,2.02,4.77,370
5/9/2007 17:00,31540.71,37.22,5,1.9,6.21,6.3,181
5/9/2007 18:00,31540.76,33.89,3,4.9,5.24,6.5,34
5/9/2007 19:00,31540.8,27.22,1.3,4.6,5.24,10,0
5/9/2007 20:00,31540.84,25,5.5,3.8,5.08,10,0
5/9/2007 21:00,31540.88,23.33,7.2,4,5.2,10,0
5/9/2007 22:00,31540.92,20.56,7.6,3.9,5.38,10,0
5/9/2007 23:00,31540.97,22.22,8.3,3.2,5.78,10,0
5/10/2007 0:00,31541,18.89,8.9,1.6,5.81,10,0
5/10/2007 1:00,31541.04,19.44,9.5,1.2,5.83,10,0
5/10/2007 2:00,31541.08,18.33,9.6,0.8,5.52,10,0
5/10/2007 3:00,31541.13,17.22,9.7,0.6,4.12,10,0
5/10/2007 4:00,31541.17,17.78,9.8,0.6,4.1,10,1
5/10/2007 5:00,31541.21,17.22,10.5,0.7,0.09,0,57
5/10/2007 6:00,31541.25,19.44,11.3,0.7,0.14,4.21,217
5/10/2007 7:00,31541.29,20.56,10.9,1.4,2.27,3.6,399
5/10/2007 8:00,31541.34,25,9.6,2.3,2.74,3.12,568
5/10/2007 9:00,31541.38,25.56,9.8,1.7,3.12,2.84,706
5/10/2007 10:00,31541.42,27.78,9.9,2,4.4,2.78,800
5/10/2007 11:00,31541.46,30,8.4,2,5.41,2.52,854
5/10/2007 12:00,31541.5,32.22,8.9,2.8,5.31,2.93,841
5/10/2007 13:00,31541.55,32.78,7.9,2.6,5.13,3.56,773
5/10/2007 14:00,31541.59,32.78,6.9,2.6,5.1,3.35,691
5/10/2007 15:00,31541.63,37.22,7.3,2.9,5.27,4.72,519
5/10/2007 16:00,31541.67,33.89,6.4,3.4,5.46,4.58,377
5/10/2007 17:00,31541.71,32.22,5.8,3.2,5.45,6.39,181
5/10/2007 18:00,31541.76,30,5.8,3,5.29,3.83,45
5/10/2007 19:00,31541.8,26.11,5.4,3.6,5.65,10,0
5/10/2007 20:00,31541.84,23.33,6.5,4,5.69,10,0
5/10/2007 21:00,31541.88,23.33,5.6,4.1,5.72,10,0
5/10/2007 22:00,31541.92,20.56,4.4,3.6,5.59,10,0
5/10/2007 23:00,31541.97,20,5.7,3.1,5.27,10,0
5/11/2007 0:00,31542,17.78,7,2.6,5.39,10,0
5/11/2007 1:00,31542.04,17.78,6.6,2.2,5.53,10,0
5/11/2007 2:00,31542.08,15.56,6,1.7,5.95,10,0
5/11/2007 3:00,31542.13,16.67,6.4,0.9,0.14,10,0
5/11/2007 4:00,31542.17,15.56,7,0.9,1.73,10,1
5/11/2007 5:00,31542.21,16.67,8.1,1.1,1.01,0,61
5/11/2007 6:00,31542.25,19.44,9.4,1.8,1.36,4.08,221
5/11/2007 7:00,31542.29,21.67,9.5,2.8,2.41,3.7,399
5/11/2007 8:00,31542.34,26.11,9.2,3.1,2.58,3.27,566
5/11/2007 9:00,31542.38,25.56,9.5,2.7,2.46,2.94,705
5/11/2007 10:00,31542.42,26.67,10.1,2.4,3,2.93,797
5/11/2007 11:00,31542.46,28.33,9.6,2,3.7,2.67,851
5/11/2007 12:00,31542.5,30.56,9.1,1.5,1.62,3.38,826
5/11/2007 13:00,31542.55,31.67,9.4,1.5,0.68,3.94,759
5/11/2007 14:00,31542.59,33.89,9,2.3,5.01,3.58,685
5/11/2007 15:00,31542.63,35.56,7.7,2.4,5.27,4.35,534
5/11/2007 16:00,31542.67,35.56,6,2.5,5.15,5.32,358
5/11/2007 17:00,31542.71,32.78,5.7,2.9,5.17,6.14,188
5/11/2007 18:00,31542.76,30.56,5.9,3.8,5.55,6.96,36
5/11/2007 19:00,31542.8,26.11,6.1,4,5.71,10,0
5/11/2007 20:00,31542.84,23.89,5.1,4.1,5.74,10,0
5/11/2007 21:00,31542.88,22.78,5.7,4.3,5.59,10,0
5/11/2007 22:00,31542.92,18.89,7.9,4.9,5.46,10,0
5/11/2007 23:00,31542.97,19.44,7.5,5.1,5.5,10,0
5/12/2007 0:00,31543,15,7.1,4.2,5.53,10,0
5/12/2007 1:00,31543.04,13.33,6.3,3.3,5.72,10,0
5/12/2007 2:00,31543.08,12.78,6.1,3,5.76,10,0
5/12/2007 3:00,31543.13,11.67,6.1,2.7,5.48,10,0
5/12/2007 4:00,31543.17,10,5.3,2.6,5.43,10,1
5/12/2007 5:00,31543.21,8.89,5.8,2.6,5.57,4.08,48
5/12/2007 6:00,31543.25,10.56,6.8,3.3,5.67,4.53,217
5/12/2007 7:00,31543.29,13.33,7.1,2.9,5.65,3.88,397
5/12/2007 8:00,31543.34,17.22,7.2,2.3,5.48,3.3,567
5/12/2007 9:00,31543.38,19.44,7.4,2,5.55,2.93,707
5/12/2007 10:00,31543.42,21.67,7.5,1.8,5.13,2.75,804
5/12/2007 11:00,31543.46,23.89,7.6,2.1,5.5,2.81,848
5/12/2007 12:00,31543.5,27.78,7.2,2.7,5.52,2.96,843
5/12/2007 13:00,31543.55,27.78,6.7,3,5.55,3.19,790
5/12/2007 14:00,31543.59,29.44,6.7,3.5,5.41,3.6,686
5/12/2007 15:00,31543.63,30,4.9,3.5,5.43,4.07,545
5/12/2007 16:00,31543.67,29.44,3.4,4.3,5.46,4.76,376
5/12/2007 17:00,31543.71,27.78,1.8,4.8,5.59,5.88,195
5/12/2007 18:00,31543.76,25.56,1.9,4.2,5.41,6.31,41
5/12/2007 19:00,31543.8,22.78,5.1,4,5.53,10,0
5/12/2007 20:00,31543.84,18.89,7.1,4.5,5.78,10,0
5/12/2007 21:00,31543.88,17.78,7.7,4.7,5.43,10,0
5/12/2007 22:00,31543.92,15,7.4,4.6,5.52,10,0
5/12/2007 23:00,31543.97,16.67,6.4,4,5.53,10,0
5/13/2007 0:00,31544,11.11,6.4,3.3,5.62,10,0
5/13/2007 1:00,31544.04,10,6.5,3.4,5.65,10,0
5/13/2007 2:00,31544.08,8.89,6.7,3.2,5.86,10,0
5/13/2007 3:00,31544.13,8.33,6.8,3,5.85,10,0
5/13/2007 4:00,31544.17,10,6.7,2.5,5.67,10,1
5/13/2007 5:00,31544.21,8.33,6.9,2.4,5.88,0,62
5/13/2007 6:00,31544.25,10.56,7.7,1.8,5.69,4.04,226
5/13/2007 7:00,31544.29,13.89,8.4,2.6,5.67,4.1,394
5/13/2007 8:00,31544.34,17.22,8.8,1.9,5.69,3.26,570
5/13/2007 9:00,31544.38,18.89,8.9,2.3,5.32,2.84,711
5/13/2007 10:00,31544.42,22.22,8.8,2.3,5.45,2.63,809
5/13/2007 11:00,31544.46,26.11,8.5,2.5,5.29,2.76,851
5/13/2007 12:00,31544.5,26.67,8.9,2.9,5.11,2.97,844
5/13/2007 13:00,31544.55,28.89,7.2,3.3,5.01,3.26,789
5/13/2007 14:00,31544.59,29.44,6,3.4,5.2,3.7,684
5/13/2007 15:00,31544.63,30,5.7,3.1,5.46,4.18,543
5/13/2007 16:00,31544.67,30.56,4.2,3.2,5.72,5.04,370
5/13/2007 17:00,31544.71,28.33,2.7,3.1,5.39,6.32,188
5/13/2007 18:00,31544.76,26.67,3.9,3.3,5.48,6.31,43
5/13/2007 19:00,31544.8,23.89,4,2.3,5.11,10,0
5/13/2007 20:00,31544.84,22.22,3.9,1.8,4.87,10,0
5/13/2007 21:00,31544.88,21.11,6.3,2.6,5.22,10,0
5/13/2007 22:00,31544.92,18.89,8,2.8,5.39,10,0
5/13/2007 23:00,31544.97,13.33,8.6,1.7,5.39,10,0
5/14/2007 0:00,31545,18.33,8.9,1.5,5.34,10,0
5/14/2007 1:00,31545.04,16.67,9.3,1.3,0.26,10,0
5/14/2007 2:00,31545.08,17.22,8.9,0.7,1.29,10,0
5/14/2007 3:00,31545.13,16.11,9.2,0.7,0.09,10,0
5/14/2007 4:00,31545.17,15.56,8.7,0.8,0.86,10,2
5/14/2007 5:00,31545.21,16.11,9,1,1.05,0.73,59
5/14/2007 6:00,31545.25,16.11,8.9,2.6,2.41,4.98,214
5/14/2007 7:00,31545.29,18.89,8.9,2.2,2.51,4.14,395
5/14/2007 8:00,31545.34,23.33,8.1,1.3,1.03,3.47,566
5/14/2007 9:00,31545.38,25,7.8,1,0.07,3.04,707
5/14/2007 10:00,31545.42,27.22,8.6,1.2,2.81,2.78,806
5/14/2007 11:00,31545.46,30,8,2.1,5.41,2.83,850
5/14/2007 12:00,31545.5,30,7.4,2.4,4.92,2.98,845
5/14/2007 13:00,31545.55,32.78,7.1,1.9,4.94,3.18,793
5/14/2007 14:00,31545.59,33.89,6.7,2.1,4.83,3.63,688
5/14/2007 15:00,31545.63,33.89,6.4,2.5,5.1,4.08,548
5/14/2007 16:00,31545.67,35,7.6,2.8,5.22,5.83,347
5/14/2007 17:00,31545.71,33.33,7.6,2.7,5.5,7.44,164
5/14/2007 18:00,31545.76,30,5.7,2.3,5.45,7.74,37
5/14/2007 19:00,31545.8,27.22,5.2,2.2,5.38,10,0
5/14/2007 20:00,31545.84,24.44,6,2.7,5.72,10,0
5/14/2007 21:00,31545.88,23.89,8.1,1.8,5.62,10,0
5/14/2007 22:00,31545.92,23.33,8.6,2.1,5.25,10,0
5/14/2007 23:00,31545.97,17.78,9,1.8,5.48,10,0
5/15/2007 0:00,31546,20.56,8.8,2.4,5.72,10,0
5/15/2007 1:00,31546.04,18.89,8.8,1.2,5.57,10,0
5/15/2007 2:00,31546.08,19.44,9.1,1.1,6.06,10,0
5/15/2007 3:00,31546.13,18.33,9.4,0.8,5.9,10,0
5/15/2007 4:00,31546.17,18.33,9.6,0.7,5.65,10,1
5/15/2007 5:00,31546.21,17.78,9.4,0.7,3.54,4.12,55
5/15/2007 6:00,31546.25,19.44,11.2,0.7,4.52,6.25,192
5/15/2007 7:00,31546.29,21.67,10.9,1.4,5.38,4.29,393
5/15/2007 8:00,31546.34,26.11,10.7,1.7,3.89,3.83,557
5/15/2007 9:00,31546.38,26.67,10.6,1.7,3.11,3.52,693
5/15/2007 10:00,31546.42,28.89,10.9,1.5,4.21,3.35,788
5/15/2007 11:00,31546.46,32.22,10.7,1.6,5.18,3.39,831
5/15/2007 12:00,31546.5,33.33,10.8,2.8,5.38,3.37,832
5/15/2007 13:00,31546.55,33.89,9.9,3.3,5.34,3.62,778
5/15/2007 14:00,31546.59,35.56,8.2,3.9,5.39,3.91,679
5/15/2007 15:00,31546.63,35,4,4.9,5.46,4.53,534
5/15/2007 16:00,31546.67,33.33,6,5.3,5.48,5.51,359
5/15/2007 17:00,31546.71,31.67,8.2,5.2,5.46,6.84,180
5/15/2007 18:00,31546.76,30,8.2,4.8,5.38,7.52,40
5/15/2007 19:00,31546.8,25.56,7,4,5.24,10,0
5/15/2007 20:00,31546.84,22.78,5.6,4.2,5.5,10,0
5/15/2007 21:00,31546.88,21.67,7.3,4,5.64,10,0
5/15/2007 22:00,31546.92,18.89,8.7,3.1,5.79,10,0
5/15/2007 23:00,31546.97,21.11,8.5,3.1,5.69,10,0
5/16/2007 0:00,31547,16.11,8.4,2.1,5.64,10,0
5/16/2007 1:00,31547.04,17.22,8.3,2.1,5.55,10,0
5/16/2007 2:00,31547.08,16.11,8.2,2.2,5.41,10,0
5/16/2007 3:00,31547.13,13.89,7.9,1.5,5.43,10,0
5/16/2007 4:00,31547.17,12.78,7.9,2.4,5.53,10,2
5/16/2007 5:00,31547.21,12.22,8,2.4,5.69,0.93,64
5/16/2007 6:00,31547.25,12.22,8.6,2.7,5.67,5.32,212
5/16/2007 7:00,31547.29,15.56,9.3,2.3,5.34,4.48,390
5/16/2007 8:00,31547.34,20,10,1.9,5.34,3.88,557
5/16/2007 9:00,31547.38,21.67,10.6,1.4,4.26,3.5,695
5/16/2007 10:00,31547.42,25,11.2,1.7,3.98,3.42,787
5/16/2007 11:00,31547.46,26.67,11.5,1.6,4.94,3.42,831
5/16/2007 12:00,31547.5,29.44,11.3,1.5,4.14,3.5,828
5/16/2007 13:00,31547.55,31.11,11.6,1.7,5.74,3.72,775
5/16/2007 14:00,31547.59,31.11,11.4,2.2,5.65,4.13,672
5/16/2007 15:00,31547.63,33.33,9.9,3.2,5.53,4.49,537
5/16/2007 16:00,31547.67,32.78,6.5,3.4,5.55,5.17,371
5/16/2007 17:00,31547.71,31.11,4.8,3.7,5.43,6.37,192
5/16/2007 18:00,31547.76,29.44,6.9,3.3,5.31,7.29,43
5/16/2007 19:00,31547.8,25,8.7,3.4,5.48,10,0
5/16/2007 20:00,31547.84,22.22,10,3.4,5.69,10,0
5/16/2007 21:00,31547.88,21.67,9.9,3.6,5.32,10,0
5/16/2007 22:00,31547.92,20,8.6,3.9,5.39,10,0
5/16/2007 23:00,31547.97,17.78,6.8,4.2,5.48,10,0
5/17/2007 0:00,31548,16.11,6.2,3.8,5.48,10,0
5/17/2007 1:00,31548.04,14.44,6,3.5,5.67,10,0
5/17/2007 2:00,31548.08,14.44,6,3.1,5.67,10,0
5/17/2007 3:00,31548.13,12.22,6.3,3.1,5.71,10,0
5/17/2007 4:00,31548.17,11.11,6.5,2.8,5.78,10,2
5/17/2007 5:00,31548.21,11.11,6.9,2.7,5.69,0,68
5/17/2007 6:00,31548.25,12.78,7.9,2.3,5.81,4.66,225
5/17/2007 7:00,31548.29,15.56,8.5,2.4,5.36,4.02,403
5/17/2007 8:00,31548.34,20.56,7.8,3.5,5.67,3.53,569
5/17/2007 9:00,31548.38,25,7.1,3.6,5.5,3.24,705
5/17/2007 10:00,31548.42,27.78,7.4,3.3,5.39,3.09,800
5/17/2007 11:00,31548.46,30,7.2,2.7,5.5,3.11,844
5/17/2007 12:00,31548.5,30,6.1,3.4,5.65,3.12,844
5/17/2007 13:00,31548.55,30.56,5.8,3.8,5.76,3.48,786
5/17/2007 14:00,31548.59,32.22,5.5,3.8,5.5,3.83,685
5/17/2007 15:00,31548.63,32.22,4.9,4,5.55,4.48,539
5/17/2007 16:00,31548.67,32.22,5.3,4.1,5.67,5.32,368
5/17/2007 17:00,31548.71,31.67,4.5,4.1,5.6,6.58,189
5/17/2007 18:00,31548.76,28.89,5.7,3.8,5.46,7.69,42
5/17/2007 19:00,31548.8,24.44,7.5,3.1,5.38,10,0
5/17/2007 20:00,31548.84,22.78,9,3.3,5.55,10,0
5/17/2007 21:00,31548.88,21.11,9.9,3.5,5.46,10,0
5/17/2007 22:00,31548.92,18.89,9.7,3.9,5.57,10,0
5/17/2007 23:00,31548.97,17.22,9.1,4,5.48,10,0
5/18/2007 0:00,31549,15.56,7.9,4.2,5.48,10,0
5/18/2007 1:00,31549.04,13.33,7,3.4,5.62,10,0
5/18/2007 2:00,31549.08,13.33,7.2,3,5.69,10,0
5/18/2007 3:00,31549.13,12.22,7.5,2.5,5.55,10,0
5/18/2007 4:00,31549.17,12.78,7.7,2.9,5.57,10,3
5/18/2007 5:00,31549.21,12.22,7.8,2.4,5.81,0,70
5/18/2007 6:00,31549.25,14.44,8.6,1.8,5.88,4.95,222
5/18/2007 7:00,31549.29,15.56,9.4,1.3,5.85,4.09,403
5/18/2007 8:00,31549.34,21.11,9,2.6,5.64,3.59,569
5/18/2007 9:00,31549.38,23.89,7.7,3.4,5.52,3.22,707
5/18/2007 10:00,31549.42,26.67,7.8,3.4,5.41,3.1,801
5/18/2007 11:00,31549.46,30,7.3,3.4,5.59,5.09,750
5/18/2007 12:00,31549.5,30,6.7,3.4,5.45,6.01,690
5/18/2007 13:00,31549.55,30.56,6.6,3.3,5.6,5.22,703
5/18/2007 14:00,31549.59,31.11,6.7,3.8,5.52,4.65,652
5/18/2007 15:00,31549.63,30.56,5.7,4,5.6,5.32,507
5/18/2007 16:00,31549.67,31.67,4.7,4.2,5.5,6.87,314
5/18/2007 17:00,31549.71,28.89,5,4.7,5.45,6.33,196
5/18/2007 18:00,31549.76,28.33,6.5,4.1,5.53,7.32,46
5/18/2007 19:00,31549.8,24.44,8.2,4.3,5.5,10,0
5/18/2007 20:00,31549.84,22.22,9.1,4.9,5.6,10,0
5/18/2007 21:00,31549.88,18.89,8.8,4.3,5.48,10,0
5/18/2007 22:00,31549.92,18.33,8.4,4.8,5.45,10,0
5/18/2007 23:00,31549.97,17.22,8,4.4,5.45,10,0
5/19/2007 0:00,31550,15,7.9,3.8,5.6,10,0
5/19/2007 1:00,31550.04,12.78,7.9,2.6,5.62,10,0
5/19/2007 2:00,31550.08,13.33,7.9,2.2,5.52,10,0
5/19/2007 3:00,31550.13,12.78,7.8,2.1,5.83,10,0
5/19/2007 4:00,31550.17,11.67,8,2.3,5.69,10,1
5/19/2007 5:00,31550.21,12.22,8.2,1.7,5.93,4.31,63
5/19/2007 6:00,31550.25,15.56,9.1,1.2,5.93,4.7,228
5/19/2007 7:00,31550.29,15.56,9.5,1.1,5.93,3.82,411
5/19/2007 8:00,31550.34,23.33,10.5,1.4,5.81,3.24,580
5/19/2007 9:00,31550.38,22.22,10.6,2.1,5.62,3.73,691
5/19/2007 10:00,31550.42,24.44,10.6,1.9,5.38,3.13,801
5/19/2007 11:00,31550.46,28.33,10.9,2.3,5.06,3.15,845
5/19/2007 12:00,31550.5,30.56,10.2,2.5,5.41,3.31,839
5/19/2007 13:00,31550.55,31.11,9.6,2.7,5.52,3.54,786
5/19/2007 14:00,31550.59,32.22,9.1,4.1,5.46,3.92,684
5/19/2007 15:00,31550.63,31.11,9.5,3.6,5.41,4.44,543
5/19/2007 16:00,31550.67,31.67,10,3.4,5.39,5.13,377
5/19/2007 17:00,31550.71,30,8.7,4.1,5.36,6.17,201
5/19/2007 18:00,31550.76,28.89,8.2,4,5.5,7.39,47
5/19/2007 19:00,31550.8,25,8.2,3.2,5.45,10,0
5/19/2007 20:00,31550.84,23.33,7.7,3.1,5.64,10,0
5/19/2007 21:00,31550.88,20.56,8.5,3.8,5.53,10,0
5/19/2007 22:00,31550.92,18.33,8.2,4.1,5.59,10,0
5/19/2007 23:00,31550.97,15.56,8.5,2.9,5.76,10,0
5/20/2007 0:00,31551,18.33,8.2,2.8,5.69,10,0
5/20/2007 1:00,31551.04,16.11,7.6,2.7,5.67,10,0
5/20/2007 2:00,31551.08,15.56,7.8,1.5,5.2,10,0
5/20/2007 3:00,31551.13,16.11,7.3,1.2,5.04,10,0
5/20/2007 4:00,31551.17,15.56,7.2,1.5,4.85,10,2
5/20/2007 5:00,31551.21,11.11,8.1,2.1,5.32,0,89
5/20/2007 6:00,31551.25,16.11,9,2.2,5.57,5.15,222
5/20/2007 7:00,31551.29,17.78,10.4,2.7,5.5,3.98,409
5/20/2007 8:00,31551.34,21.67,9.7,3.2,5.62,3.62,571
5/20/2007 9:00,31551.38,25,8.4,3,5.41,4.05,680
5/20/2007 10:00,31551.42,29.44,8.7,2.7,5.18,3.31,796
5/20/2007 11:00,31551.46,28.89,8.1,2.9,4.99,3.83,818
5/20/2007 12:00,31551.5,28.89,6.5,4,4.9,3.46,834
5/20/2007 13:00,31551.55,29.44,5.8,3.6,5.24,3.57,786
5/20/2007 14:00,31551.59,32.22,6.3,3.6,4.92,4.15,676
5/20/2007 15:00,31551.63,32.22,7.3,3.9,5.6,4.54,541
5/20/2007 16:00,31551.67,31.11,8,4.3,5.72,5.27,374
5/20/2007 17:00,31551.71,30,7.2,4.6,5.59,6.19,202
5/20/2007 18:00,31551.76,28.33,6.5,4.4,5.31,7.32,49
5/20/2007 19:00,31551.8,25.56,7.6,4.6,5.27,10,0
5/20/2007 20:00,31551.84,23.33,9.2,4.4,5.39,10,0
5/20/2007 21:00,31551.88,21.11,9.2,3.7,5.24,10,0
5/20/2007 22:00,31551.92,19.44,9.1,3.8,5.27,10,0
5/20/2007 23:00,31551.97,18.33,9.4,4.4,5.36,10,0
5/21/2007 0:00,31552,16.11,10,4,5.57,10,0
5/21/2007 1:00,31552.04,16.11,10.3,3.4,5.62,10,0
5/21/2007 2:00,31552.08,15.56,10.4,3.5,5.43,10,0
5/21/2007 3:00,31552.13,15,10.6,3.1,5.62,10,0
5/21/2007 4:00,31552.17,14.44,10.6,3,5.71,10,2
5/21/2007 5:00,31552.21,12.78,10.8,2.9,5.65,1.55,75
5/21/2007 6:00,31552.25,15.56,11.4,3.8,5.62,4.84,229
5/21/2007 7:00,31552.29,18.33,11.8,4.8,5.76,4.25,404
5/21/2007 8:00,31552.34,20,12.5,3.1,5.62,3.76,568
5/21/2007 9:00,31552.38,22.22,12.8,2.9,5.36,3.49,702
5/21/2007 10:00,31552.42,25.56,12.9,2.5,5.36,3.34,796
5/21/2007 11:00,31552.46,27.22,13.3,2.7,5.45,3.31,841
5/21/2007 12:00,31552.5,29.44,12.9,3.2,5.5,3.34,840
5/21/2007 13:00,31552.55,29.44,10.6,5,5.48,3.47,791
5/21/2007 14:00,31552.59,30,6,5.3,5.5,3.61,698
5/21/2007 15:00,31552.63,31.11,3.1,5.4,5.38,4.21,554
5/21/2007 16:00,31552.67,31.11,4,5.1,5.32,4.75,391
5/21/2007 17:00,31552.71,30,3.9,5.7,5.38,6.03,207
5/21/2007 18:00,31552.76,27.78,1.8,5.2,5.53,6.52,56
5/21/2007 19:00,31552.8,25,0.1,3.8,5.43,10,1
5/21/2007 20:00,31552.84,23.33,-1.2,3.9,5.62,10,0
5/21/2007 21:00,31552.88,21.67,-0.2,2.9,5.93,10,0
5/21/2007 22:00,31552.92,21.11,-0.2,1.8,6.04,10,0
5/21/2007 23:00,31552.97,18.33,1,2.1,5.88,10,0
5/22/2007 0:00,31553,19.44,2.2,2.8,5.69,10,0
5/22/2007 1:00,31553.04,18.33,2.9,1.9,5.64,10,0
5/22/2007 2:00,31553.08,17.22,3.8,1.6,5.29,10,0
5/22/2007 3:00,31553.13,15.56,4,2.2,4.9,10,0
5/22/2007 4:00,31553.17,14.44,4.6,1.2,5.31,10,3
5/22/2007 5:00,31553.21,13.89,4.7,2.3,5.81,0,79
5/22/2007 6:00,31553.25,16.11,5.1,3.2,5.74,4.06,243
5/22/2007 7:00,31553.29,16.67,5.9,2.7,5.64,4.22,406
5/22/2007 8:00,31553.34,22.22,5.4,1.6,6.27,3.54,576
5/22/2007 9:00,31553.38,22.78,6.1,1.3,5.32,2.96,720
5/22/2007 10:00,31553.42,25,6.1,1.6,5.13,2.81,815
5/22/2007 11:00,31553.46,26.67,7.2,2,5.45,2.81,860
5/22/2007 12:00,31553.5,30,7.2,2.8,5.01,2.87,858
5/22/2007 13:00,31553.55,28.89,6.1,4,5.27,2.97,810
5/22/2007 14:00,31553.59,32.22,2.9,4,5.62,3.2,713
5/22/2007 15:00,31553.63,31.67,0.9,4.9,5.5,3.69,572
5/22/2007 16:00,31553.67,31.11,1.1,5.2,5.48,4.36,403
5/22/2007 17:00,31553.71,29.44,-0.8,5.5,5.41,5.2,225
5/22/2007 18:00,31553.76,28.33,-0.6,4.9,5.48,5.82,62
5/22/2007 19:00,31553.8,25,-1.5,4.4,5.5,10,1
5/22/2007 20:00,31553.84,22.22,-1.4,3.2,5.32,10,0
5/22/2007 21:00,31553.88,21.11,-0.8,2.7,5.53,10,0
5/22/2007 22:00,31553.92,18.89,0.1,2.4,5.18,10,0
5/22/2007 23:00,31553.97,18.89,1.1,1.9,5.18,10,0
5/23/2007 0:00,31554,17.78,2.4,1.2,6.13,10,0
5/23/2007 1:00,31554.04,17.22,4.4,1.2,5.83,10,0
5/23/2007 2:00,31554.08,16.11,4.2,1,2.23,10,0
5/23/2007 3:00,31554.13,15,5.5,1,0.79,10,0
5/23/2007 4:00,31554.17,13.89,5.5,1.1,0.93,10,3
5/23/2007 5:00,31554.21,14.44,4,1.4,2.11,3.24,75
5/23/2007 6:00,31554.25,18.33,2.4,3.1,2.3,5.35,223
5/23/2007 7:00,31554.29,17.78,1.9,3.9,2.27,3.83,417
5/23/2007 8:00,31554.34,23.89,3.3,3.4,2.43,5.1,522
5/23/2007 9:00,31554.38,25.56,4.7,3,2.6,6.96,524
5/23/2007 10:00,31554.42,25.56,5.7,2.6,2.97,8.41,465
5/23/2007 11:00,31554.46,26.67,6.9,2.7,3,2.31,876
5/23/2007 12:00,31554.5,28.89,5.7,2,2.86,2.56,869
5/23/2007 13:00,31554.55,30.56,4,2.1,3.12,3.26,801
5/23/2007 14:00,31554.59,32.22,1.6,2.3,3.4,3.27,712
5/23/2007 15:00,31554.63,31.11,1.2,1.7,3.79,5.68,497
5/23/2007 16:00,31554.67,32.78,0.3,1.5,3.89,4.78,393
5/23/2007 17:00,31554.71,32.78,0.7,0.7,5.45,5.28,225
5/23/2007 18:00,31554.76,31.11,1,0.6,5.04,6.08,62
5/23/2007 19:00,31554.8,27.22,4.4,1.2,0.28,10,1
5/23/2007 20:00,31554.84,23.89,3.7,1.2,5.99,10,0
5/23/2007 21:00,31554.88,23.89,6.1,0.9,5.22,10,0
5/23/2007 22:00,31554.92,23.33,6.8,0.8,4.59,10,0
5/23/2007 23:00,31554.97,17.78,7,1,0.3,10,0
5/24/2007 0:00,31555,19.44,8.2,0.7,0.1,10,0
5/24/2007 1:00,31555.04,20,8.4,0.9,0.4,10,0
5/24/2007 2:00,31555.08,18.33,8.3,1,5.76,10,0
5/24/2007 3:00,31555.13,19.44,7.6,1.1,1.41,10,0
5/24/2007 4:00,31555.17,18.33,7.1,1.1,0.89,10,2
5/24/2007 5:00,31555.21,18.89,7.1,0.8,0.73,1.69,81
5/24/2007 6:00,31555.25,20.56,8.4,1.5,1.48,4.01,247
5/24/2007 7:00,31555.29,24.44,4.5,2.5,2.22,3.71,421
5/24/2007 8:00,31555.34,29.44,4.2,2.9,2.41,3.19,588
5/24/2007 9:00,31555.38,31.11,5.1,2.8,2.64,3.11,718
5/24/2007 10:00,31555.42,30.56,5.8,2.5,3.19,2.88,815
5/24/2007 11:00,31555.46,32.22,5,1.9,2.79,3.26,846
5/24/2007 12:00,31555.5,33.89,4.9,1.7,4.64,3.15,850
5/24/2007 13:00,31555.55,35.56,3.8,1.8,4.76,3.52,792
5/24/2007 14:00,31555.59,35.56,4,2,4.5,4.11,682
5/24/2007 15:00,31555.63,35.56,3.6,2.7,5.52,3.99,565
5/24/2007 16:00,31555.67,37.78,3.8,2,5.15,4.79,394
5/24/2007 17:00,31555.71,35,2.9,2.7,5.36,5.9,214
5/24/2007 18:00,31555.76,31.67,3.2,2.3,5.36,7.13,56
5/24/2007 19:00,31555.8,27.78,3.5,1.8,5.43,10,1
5/24/2007 20:00,31555.84,26.11,3.1,2.5,5.39,10,0
5/24/2007 21:00,31555.88,25,2.9,2.9,5.29,10,0
5/24/2007 22:00,31555.92,21.11,4.1,1.9,5.41,10,0
5/24/2007 23:00,31555.97,20.56,5.7,1.4,5.67,10,0
5/25/2007 0:00,31556,20.56,6.9,0.8,5.01,10,0
5/25/2007 1:00,31556.04,20.56,7.4,0.8,5.79,10,0
5/25/2007 2:00,31556.08,20,8,0.6,6,10,0
5/25/2007 3:00,31556.13,18.89,8.8,0.8,5.81,10,0
5/25/2007 4:00,31556.17,20,8.8,1,0.21,10,3
5/25/2007 5:00,31556.21,19.44,9.4,0.7,1.05,5.96,65
5/25/2007 6:00,31556.25,20.56,8.7,0.6,1.48,5.93,214
5/25/2007 7:00,31556.29,23.33,6.9,1.2,2.53,3.82,420
5/25/2007 8:00,31556.34,30.56,5.2,3,2.76,3.6,578
5/25/2007 9:00,31556.38,31.11,5.6,2.6,2.86,2.98,723
5/25/2007 10:00,31556.42,31.11,6.6,2.1,3.42,2.88,816
5/25/2007 11:00,31556.46,32.22,6.2,1.5,2.9,2.27,879
5/25/2007 12:00,31556.5,35,6.8,2.3,5.48,4.86,770
5/25/2007 13:00,31556.55,33.89,8.1,2.7,5.1,5.75,677
5/25/2007 14:00,31556.59,35.56,5.4,2.7,5.48,5.05,640
5/25/2007 15:00,31556.63,37.22,4.1,2.7,5.57,3.9,569
5/25/2007 16:00,31556.67,37.78,5,2.9,5.41,7.51,294
5/25/2007 17:00,31556.71,36.11,5.9,3,5.22,7.74,170
5/25/2007 18:00,31556.76,32.22,6.5,2.6,5.39,8.75,43
5/25/2007 19:00,31556.8,29.44,7,2.5,5.55,10,1
5/25/2007 20:00,31556.84,27.22,7,2.7,5.55,10,0
5/25/2007 21:00,31556.88,25.56,8.2,2.8,5.43,10,0
5/25/2007 22:00,31556.92,25,8.9,2.9,5.41,10,0
5/25/2007 23:00,31556.97,20,10.1,3.4,5.67,10,0
5/26/2007 0:00,31557,20,11,2.1,5.72,10,0
5/26/2007 1:00,31557.04,20.56,11.1,1.7,5.11,10,0
5/26/2007 2:00,31557.08,20,10.9,1.3,5.6,10,0
5/26/2007 3:00,31557.13,19.44,10.9,0.7,5.46,10,0
5/26/2007 4:00,31557.17,19.44,10.7,0.9,5.9,10,3
5/26/2007 5:00,31557.21,19.44,11.9,0.7,6.25,4.1,77
5/26/2007 6:00,31557.25,20.56,11.6,0.9,0.03,4.88,236
5/26/2007 7:00,31557.29,23.89,11.2,1.6,2.64,4.2,412
5/26/2007 8:00,31557.34,26.67,11,2.1,2.6,3.67,577
5/26/2007 9:00,31557.38,28.33,10.5,1.9,3.04,3.36,712
5/26/2007 10:00,31557.42,29.44,10.6,1.5,3.63,3.23,805
5/26/2007 11:00,31557.46,31.67,10,1.6,4.69,3.17,851
5/26/2007 12:00,31557.5,33.89,10.7,1.8,5.24,3.2,850
5/26/2007 13:00,31557.55,35,10.2,2.3,4.97,3.36,800
5/26/2007 14:00,31557.59,37.22,8.4,2.4,5.43,4.16,682
5/26/2007 15:00,31557.63,37.22,9.7,2.5,5.6,5.44,511
5/26/2007 16:00,31557.67,37.22,9.3,2.8,5.13,4.91,393
5/26/2007 17:00,31557.71,35,9.4,3.1,5.52,6.2,210
5/26/2007 18:00,31557.76,32.22,8.9,3.2,5.59,7.32,57
5/26/2007 19:00,31557.8,28.89,7.4,3.4,5.41,10,1
5/26/2007 20:00,31557.84,25.56,5.7,3.4,5.64,10,0
5/26/2007 21:00,31557.88,23.33,8.6,3,5.62,10,0
5/26/2007 22:00,31557.92,20.56,10.7,2.5,5.6,10,0
5/26/2007 23:00,31557.97,22.78,11,2.8,5.62,10,0
5/27/2007 0:00,31558,18.89,11,2.4,5.45,10,0
5/27/2007 1:00,31558.04,17.22,10.9,2.3,5.67,10,0
5/27/2007 2:00,31558.08,15,10.8,2.4,5.71,10,0
5/27/2007 3:00,31558.13,15,10.6,2.2,5.79,10,0
5/27/2007 4:00,31558.17,13.33,10.5,2,5.78,10,3
5/27/2007 5:00,31558.21,13.89,10.6,2.1,5.88,4.44,77
5/27/2007 6:00,31558.25,15.56,11.3,1.9,5.81,4.95,236
5/27/2007 7:00,31558.29,18.33,11.7,2.2,5.72,4.44,407
5/27/2007 8:00,31558.34,23.89,11.3,2.2,5.57,3.8,574
5/27/2007 9:00,31558.38,25.56,11.5,2.6,5.08,3.47,709
5/27/2007 10:00,31558.42,28.33,11.8,2.1,5.15,3.28,804
5/27/2007 11:00,31558.46,30.56,11.9,2,4.99,3.22,850
5/27/2007 12:00,31558.5,31.67,11.2,2.2,5.48,3.32,846
5/27/2007 13:00,31558.55,32.78,9.4,2,4.99,3.52,795
5/27/2007 14:00,31558.59,34.44,9.8,1.9,5.01,3.86,695
5/27/2007 15:00,31558.63,36.11,8.8,1.9,4.8,4.35,556
5/27/2007 16:00,31558.67,35,8.2,2.1,5.01,5.17,386
5/27/2007 17:00,31558.71,35,8.5,2.7,5.22,6.3,209
5/27/2007 18:00,31558.76,31.67,9.4,3.1,5.62,7.22,59
5/27/2007 19:00,31558.8,27.78,8.3,3.4,5.52,10,1
5/27/2007 20:00,31558.84,24.44,4.9,3.3,5.65,10,0
5/27/2007 21:00,31558.88,21.67,7,3.3,5.72,10,0
5/27/2007 22:00,31558.92,18.89,9.6,2.2,5.6,10,0
5/27/2007 23:00,31558.97,19.44,10.2,2.3,5.64,10,0
5/28/2007 0:00,31559,16.67,10.2,2.6,5.74,10,0
5/28/2007 1:00,31559.04,16.11,10.3,2.2,5.79,10,0
5/28/2007 2:00,31559.08,15,9.9,2.5,5.88,10,0
5/28/2007 3:00,31559.13,15,9.8,1.8,5.78,10,0
5/28/2007 4:00,31559.17,16.11,9.7,1.8,5.81,10,3
5/28/2007 5:00,31559.21,13.33,10.2,1.5,5.83,4.15,80
5/28/2007 6:00,31559.25,17.22,10.7,1.1,5.52,4.63,243
5/28/2007 7:00,31559.29,16.67,11.2,1.3,5.41,4.14,416
5/28/2007 8:00,31559.34,22.78,11.1,1.6,5.13,3.57,582
5/28/2007 9:00,31559.38,25,10.9,1.4,5.25,3.2,719
5/28/2007 10:00,31559.42,26.11,11,1.6,3.94,3.08,812
5/28/2007 11:00,31559.46,29.44,11.2,1.9,4.45,3.13,854
5/28/2007 12:00,31559.5,30.56,11.7,2.3,5.11,3.29,848
5/28/2007 13:00,31559.55,32.22,11.4,2.5,5.34,3.46,798
5/28/2007 14:00,31559.59,33.89,10.4,2.3,4.89,3.75,700
5/28/2007 15:00,31559.63,34.44,10.2,2.3,5.31,4.37,556
5/28/2007 16:00,31559.67,35,9.3,1.7,5.48,4.95,394
5/28/2007 17:00,31559.71,35,9.3,2.1,5.24,5.76,222
5/28/2007 18:00,31559.76,31.11,9,2.4,5.06,6.63,65
5/28/2007 19:00,31559.8,27.22,9.5,1.7,4.9,10,1
5/28/2007 20:00,31559.84,25.56,10.5,1.9,5.06,10,0
5/28/2007 21:00,31559.88,25.56,11.2,2.3,5.45,10,0
5/28/2007 22:00,31559.92,22.78,10.5,2.3,5.43,10,0
5/28/2007 23:00,31559.97,19.44,11.2,2.9,5.64,10,0
5/29/2007 0:00,31560,18.89,11.7,2.1,5.76,10,0
5/29/2007 1:00,31560.04,18.89,11.7,1.9,5.62,10,0
5/29/2007 2:00,31560.08,20,11.2,1.8,5.17,10,0
5/29/2007 3:00,31560.13,18.33,11.1,1.4,5.74,10,0
5/29/2007 4:00,31560.17,16.67,10.9,1.2,5.83,10,4
5/29/2007 5:00,31560.21,16.11,11.2,1.5,5.86,4.81,78
5/29/2007 6:00,31560.25,21.11,11.8,0.9,5.78,4.99,238
5/29/2007 7:00,31560.29,21.11,12,1.1,2.15,4.56,406
5/29/2007 8:00,31560.34,25,12.6,1.8,3.44,4.05,568
5/29/2007 9:00,31560.38,26.11,12.5,1.6,3.49,3.85,697
5/29/2007 10:00,31560.42,27.78,12.4,1.6,4.64,3.48,798
5/29/2007 11:00,31560.46,31.11,11.5,1.9,5.32,3.55,838
5/29/2007 12:00,31560.5,32.78,11.7,2.3,5.03,3.6,836
5/29/2007 13:00,31560.55,33.33,11.7,2.6,5.18,3.8,785
5/29/2007 14:00,31560.59,36.11,11.1,3,5.17,4.05,689
5/29/2007 15:00,31560.63,38.33,10.3,3,5.34,4.48,553
5/29/2007 16:00,31560.67,35.56,10.1,3.1,5.29,5.18,388
5/29/2007 17:00,31560.71,35,9.6,3.4,5.31,6.09,216
5/29/2007 18:00,31560.76,31.67,8,3.3,5.38,7.02,63
5/29/2007 19:00,31560.8,28.89,8.6,3.3,5.46,10,2
5/29/2007 20:00,31560.84,25.56,10.9,2.8,5.45,10,0
5/29/2007 21:00,31560.88,24.44,11.3,3.6,5.57,10,0
5/29/2007 22:00,31560.92,21.67,10,3.6,5.53,10,0
5/29/2007 23:00,31560.97,20.56,10,3,5.67,10,0
5/30/2007 0:00,31561,19.44,9.8,3.6,5.53,10,0
5/30/2007 1:00,31561.04,17.22,9.7,2.8,5.72,10,0
5/30/2007 2:00,31561.08,15,9.7,2.5,5.46,10,0
5/30/2007 3:00,31561.13,14.44,9.3,2.7,5.64,10,0
5/30/2007 4:00,31561.17,13.33,9.1,2.1,5.71,10,4
5/30/2007 5:00,31561.21,13.89,8.9,2.3,5.85,4.88,79
5/30/2007 6:00,31561.25,16.11,8.7,2.8,5.67,5.31,233
5/30/2007 7:00,31561.29,18.89,9.3,2,5.53,4.67,404
5/30/2007 8:00,31561.34,21.11,10.1,2.4,5.13,4.05,569
5/30/2007 9:00,31561.38,22.78,10.7,2.1,5.15,3.25,719
5/30/2007 10:00,31561.42,25,10.7,2.2,5.15,5.68,685
5/30/2007 11:00,31561.46,26.11,11.7,2,4.92,3.47,842
5/30/2007 12:00,31561.5,31.11,11.9,2,5.24,3.4,845
5/30/2007 13:00,31561.55,33.33,12.2,2.1,5.08,3.84,784
5/30/2007 14:00,31561.59,33.89,11.8,2.9,5.03,4.29,680
5/30/2007 15:00,31561.63,35.56,10.7,3.4,5.18,5.11,529
5/30/2007 16:00,31561.67,31.11,10,3.4,5.53,5.33,384
5/30/2007 17:00,31561.71,30.56,10.1,3.4,5.59,9.42,121
5/30/2007 18:00,31561.76,28.33,9.5,3.8,5.53,9.41,40
5/30/2007 19:00,31561.8,27.22,10.7,3.8,5.52,10,1
5/30/2007 20:00,31561.84,25,12.1,3.2,5.17,10,0
5/30/2007 21:00,31561.88,22.22,11.7,3,5.32,10,0
5/30/2007 22:00,31561.92,21.11,11.5,3.4,5.38,10,0
5/30/2007 23:00,31561.97,21.11,10.9,3.3,5.45,10,0
5/31/2007 0:00,31562,17.78,10.4,3,5.72,10,0
5/31/2007 1:00,31562.04,16.11,10.1,2.4,5.65,10,0
5/31/2007 2:00,31562.08,16.11,9.9,2,5.46,10,0
5/31/2007 3:00,31562.13,15,9.4,2.3,5.67,10,0
5/31/2007 4:00,31562.17,15,9.5,2,5.41,10,3
5/31/2007 5:00,31562.21,13.89,9.7,2.2,5.46,5.7,75
5/31/2007 6:00,31562.25,15.56,10,2.3,5.53,5.61,228
5/31/2007 7:00,31562.29,18.33,10.4,2.2,5.64,4.91,398
5/31/2007 8:00,31562.34,21.11,10.6,1.6,5.88,4.33,560
5/31/2007 9:00,31562.38,22.78,10.8,1.5,5.29,3.94,695
5/31/2007 10:00,31562.42,26.11,11.1,1.6,5.5,3.76,788
5/31/2007 11:00,31562.46,27.22,11.8,1.6,2.97,3.79,829
5/31/2007 12:00,31562.5,29.44,12.4,1.9,4.89,3.83,827
5/31/2007 13:00,31562.55,32.22,12.8,2.3,5.45,4.01,777
5/31/2007 14:00,31562.59,32.78,12.3,2.6,5.71,4.35,678
5/31/2007 15:00,31562.63,33.33,11,3.1,5.46,4.86,540
5/31/2007 16:00,31562.67,32.78,10.5,3.2,5.6,5.54,378
5/31/2007 17:00,31562.71,33.33,10,3.2,5.46,6.52,208
5/31/2007 18:00,31562.76,29.44,9.3,3.2,5.62,7.15,64
5/31/2007 19:00,31562.8,26.67,9.7,2.6,5.71,10,1
5/31/2007 20:00,31562.84,25.56,11.9,2.7,5.5,10,0
5/31/2007 21:00,31562.88,23.33,13,2.8,5.46,10,0
5/31/2007 22:00,31562.92,21.67,13,2.5,5.39,10,0
5/31/2007 23:00,31562.97,19.44,13.1,2.3,5.65,10,0
6/1/2007 0:00,31563,20.56,13.2,2.1,5.31,10,0
6/1/2007 1:00,31563.04,18.89,12.4,2.4,5.67,10,0
6/1/2007 2:00,31563.08,18.33,12.1,2.1,5.64,10,0
6/1/2007 3:00,31563.13,18.89,12,1.6,5.45,10,0
6/1/2007 4:00,31563.17,17.22,11.6,2,5.38,10,3
6/1/2007 5:00,31563.21,15.56,11.3,2.4,5.48,8.04,56
6/1/2007 6:00,31563.25,16.67,11,2.5,5.72,8.49,153
6/1/2007 7:00,31563.29,20,11.8,1.8,5.64,5.04,395
6/1/2007 8:00,31563.34,24.44,12,1.3,4.87,5.66,506
6/1/2007 9:00,31563.38,27.78,12.9,1.4,4.54,6.22,579
6/1/2007 10:00,31563.42,28.89,13.4,1.6,4.52,6.77,610
6/1/2007 11:00,31563.46,30.56,13,2.3,4.99,5.01,766
6/1/2007 12:00,31563.5,31.67,11.7,2.6,5.24,4.99,767
6/1/2007 13:00,31563.55,32.78,10.3,2.7,5.06,5.08,723
6/1/2007 14:00,31563.59,35,8.2,2.5,5.62,4.9,653
6/1/2007 15:00,31563.63,36.11,7.9,2.4,5.57,8.7,325
6/1/2007 16:00,31563.67,32.22,6.5,2.6,5.2,8.46,253
6/1/2007 17:00,31563.71,30.56,7.2,3.1,5.11,9.7,112
6/1/2007 18:00,31563.76,29.44,8.7,2.6,5.04,9.35,42
6/1/2007 19:00,31563.8,27.22,10.1,2.6,5.22,10,2
6/1/2007 20:00,31563.84,25,11.4,2.3,5.25,10,0
6/1/2007 21:00,31563.88,23.33,11.2,2.6,5.67,10,0
6/1/2007 22:00,31563.92,21.11,10.7,2.6,5.65,10,0
6/1/2007 23:00,31563.97,21.11,11,2,5.6,10,0
6/2/2007 0:00,31564,20.56,11.2,2.3,5.64,10,0
6/2/2007 1:00,31564.04,18.89,11,1.9,5.72,10,0
6/2/2007 2:00,31564.08,20.56,10.7,1.9,5.18,10,0
6/2/2007 3:00,31564.13,19.44,10.2,1.8,5.57,10,0
6/2/2007 4:00,31564.17,17.22,10.4,1.9,5.69,10,2
6/2/2007 5:00,31564.21,14.44,10.2,2,5.65,4.86,83
6/2/2007 6:00,31564.25,20,10.5,1.4,5.74,4.63,249
6/2/2007 7:00,31564.29,20.56,11.5,1.2,4.82,4.11,422
6/2/2007 8:00,31564.34,25.56,11.7,1.2,4.71,3.66,584
6/2/2007 9:00,31564.38,27.78,12.1,2.1,5.15,3.41,716
6/2/2007 10:00,31564.42,30.56,11.8,1.9,5.24,3.29,808
6/2/2007 11:00,31564.46,32.78,10.8,2.2,5.27,3.22,854
6/2/2007 12:00,31564.5,33.89,9.5,2.4,5.03,3.19,855
6/2/2007 13:00,31564.55,35.56,10,2.8,5.15,3.34,806
6/2/2007 14:00,31564.59,36.11,9.8,2.7,5.01,3.72,705
6/2/2007 15:00,31564.63,37.78,9.1,3.1,5.01,4.36,561
6/2/2007 16:00,31564.67,37.22,9.4,3.1,5.29,5.11,394
6/2/2007 17:00,31564.71,35,8.7,3.1,5.46,6,222
6/2/2007 18:00,31564.76,33.33,7.9,3.3,5.46,6.93,68
6/2/2007 19:00,31564.8,29.44,9.8,3.4,5.48,10,1
6/2/2007 20:00,31564.84,26.11,10.2,4,5.6,10,0
6/2/2007 21:00,31564.88,23.89,11.1,4.1,5.6,10,0
6/2/2007 22:00,31564.92,22.22,12.5,3.6,5.53,10,0
6/2/2007 23:00,31564.97,21.67,13.2,2.2,5.74,10,0
6/3/2007 0:00,31565,19.44,12.6,2.9,5.67,10,0
6/3/2007 1:00,31565.04,18.33,11.7,2.3,5.62,10,0
6/3/2007 2:00,31565.08,17.78,11.4,2.4,5.6,10,0
6/3/2007 3:00,31565.13,16.67,11.3,1.7,5.6,10,0
6/3/2007 4:00,31565.17,17.78,11.5,0.9,5.83,10,4
6/3/2007 5:00,31565.21,16.11,11.9,1.5,5.39,1.49,98
6/3/2007 6:00,31565.25,17.78,12.3,1,5.99,6.28,216
6/3/2007 7:00,31565.29,22.22,12.7,1.7,5.17,4.45,414
6/3/2007 8:00,31565.34,25,13.1,1.2,5.85,4.2,567
6/3/2007 9:00,31565.38,27.78,13.7,1.7,4.99,3.68,707
6/3/2007 10:00,31565.42,30.56,13.2,1.8,5.11,3.66,794
6/3/2007 11:00,31565.46,32.78,12.9,1.7,5.41,3.53,842
6/3/2007 12:00,31565.5,32.78,12.2,2.3,4.97,3.26,853
6/3/2007 13:00,31565.55,35,12.2,2.9,5.39,3.69,793
6/3/2007 14:00,31565.59,36.67,11.2,2.6,5.31,5.17,641
6/3/2007 15:00,31565.63,36.67,10,3,5.25,4.57,554
6/3/2007 16:00,31565.67,37.78,10,3.4,5.55,5.59,379
6/3/2007 17:00,31565.71,35,8.8,3.8,5.65,5.91,225
6/3/2007 18:00,31565.76,33.33,6.5,2.9,5.6,8.69,51
6/3/2007 19:00,31565.8,29.44,5.6,3,5.52,10,1
6/3/2007 20:00,31565.84,27.78,8,3.8,5.53,10,0
6/3/2007 21:00,31565.88,24.44,9.7,3.5,5.5,10,0
6/3/2007 22:00,31565.92,22.22,10.6,3.5,5.46,10,0
6/3/2007 23:00,31565.97,20,10.7,3.1,5.43,10,0
6/4/2007 0:00,31566,20,10.3,2.8,5.65,10,0
6/4/2007 1:00,31566.04,18.33,10.5,2.2,5.72,10,0
6/4/2007 2:00,31566.08,17.78,10.7,1.7,5.71,10,0
6/4/2007 3:00,31566.13,19.44,10.4,1.9,5.45,10,0
6/4/2007 4:00,31566.17,18.89,10.4,2.3,5.78,10,3
6/4/2007 5:00,31566.21,17.78,10.7,2.5,5.57,7.89,60
6/4/2007 6:00,31566.25,18.33,11.2,2.7,5.67,6.27,217
6/4/2007 7:00,31566.29,21.67,11,3.1,5.59,6.38,350
6/4/2007 8:00,31566.34,24.44,11.6,2.6,5.6,6.03,490
6/4/2007 9:00,31566.38,27.78,12.2,3,5.13,6.04,592
6/4/2007 10:00,31566.42,30,11.9,2.3,5.48,3.63,796
6/4/2007 11:00,31566.46,31.11,11.6,1.5,5.18,3.61,839
6/4/2007 12:00,31566.5,32.78,11.1,1.4,6.07,3.42,847
6/4/2007 13:00,31566.55,34.44,9.8,1.9,4.75,3.89,785
6/4/2007 14:00,31566.59,36.11,9.4,2.3,5.11,5.22,639
6/4/2007 15:00,31566.63,37.22,9.5,3.3,5.29,6.69,455
6/4/2007 16:00,31566.67,33.89,8.4,4.3,5.17,7.18,317
6/4/2007 17:00,31566.71,31.67,7.3,4.3,5.59,9.21,131
6/4/2007 18:00,31566.76,30,5.1,4,5.53,6.33,75
6/4/2007 19:00,31566.8,27.22,5.6,3.9,5.6,10,1
6/4/2007 20:00,31566.84,24.44,11.4,3.9,5.55,10,0
6/4/2007 21:00,31566.88,22.22,13.5,4,5.52,10,0
6/4/2007 22:00,31566.92,21.11,13.9,4.3,5.48,10,0
6/4/2007 23:00,31566.97,21.67,13.9,3.9,5.57,10,0
6/5/2007 0:00,31567,18.89,14,3.6,5.52,10,0
6/5/2007 1:00,31567.04,18.89,14,3.3,5.6,10,0
6/5/2007 2:00,31567.08,17.22,13.9,3.1,5.69,10,0
6/5/2007 3:00,31567.13,17.22,13.8,3.6,5.67,10,0
6/5/2007 4:00,31567.17,15.56,13.8,3.6,5.65,10,2
6/5/2007 5:00,31567.21,16.67,14.1,3.7,5.72,7.67,63
6/5/2007 6:00,31567.25,17.22,14.2,3.6,5.48,8.13,167
6/5/2007 7:00,31567.29,20,14.3,4,5.71,6.98,326
6/5/2007 8:00,31567.34,21.67,13.4,4.5,5.5,7.21,425
6/5/2007 9:00,31567.38,22.22,12.6,5.6,5.43,3.41,718
6/5/2007 10:00,31567.42,21.67,11,5,5.57,4.37,763
6/5/2007 11:00,31567.46,24.44,10.7,5.2,5.52,7.82,553
6/5/2007 12:00,31567.5,24.44,8.8,5.2,5.53,6.43,671
6/5/2007 13:00,31567.55,24.44,7.7,4.8,5.6,7.91,517
6/5/2007 14:00,31567.59,24.44,7.2,5.3,5.62,8.38,422
6/5/2007 15:00,31567.63,22.78,6.9,5.1,5.64,5.92,496
6/5/2007 16:00,31567.67,23.33,5.3,5.2,5.6,5.6,380
6/5/2007 17:00,31567.71,22.78,4.8,5.3,5.71,5.43,237
6/5/2007 18:00,31567.76,23.33,4.5,5,5.57,6.78,72
6/5/2007 19:00,31567.8,20.56,4.9,4.8,5.55,10,2
6/5/2007 20:00,31567.84,18.33,4.7,5.9,5.69,10,0
6/5/2007 21:00,31567.88,16.67,5.1,6.1,5.6,10,0
6/5/2007 22:00,31567.92,14.44,5.2,5.5,5.81,10,0
6/5/2007 23:00,31567.97,20,5.4,3.7,5.74,10,0
6/6/2007 0:00,31568,12.78,5.9,3.4,5.72,10,0
6/6/2007 1:00,31568.04,12.78,6.5,2.7,5.36,10,0
6/6/2007 2:00,31568.08,11.11,6.9,2.5,5.6,10,0
6/6/2007 3:00,31568.13,11.67,7.1,1.9,5.74,10,0
6/6/2007 4:00,31568.17,10,6.9,2.2,5.45,10,4
6/6/2007 5:00,31568.21,10,7.3,2.2,5.53,4.09,92
6/6/2007 6:00,31568.25,10.56,7.2,4.2,5.59,4.5,255
6/6/2007 7:00,31568.29,15,6.7,5,5.72,4.01,428
6/6/2007 8:00,31568.34,16.67,7.3,4.5,5.59,3.52,591
6/6/2007 9:00,31568.38,18.89,7.2,4.7,5.41,3.22,725
6/6/2007 10:00,31568.42,19.44,6.9,4.6,5.31,3.05,819
6/6/2007 11:00,31568.46,21.11,6.3,4.7,5.34,3.01,864
6/6/2007 12:00,31568.5,22.78,3.9,4.5,5.36,2.92,867
6/6/2007 13:00,31568.55,23.89,2.1,4.8,5.27,3.08,818
6/6/2007 14:00,31568.59,23.89,1.4,5.1,5.41,3.37,720
6/6/2007 15:00,31568.63,23.89,0.2,5.6,5.55,3.82,582
6/6/2007 16:00,31568.67,24.44,0.3,5.8,5.62,4.47,416
6/6/2007 17:00,31568.71,22.78,-0.3,6.3,5.5,5.12,244
6/6/2007 18:00,31568.76,21.67,1.1,5.3,5.53,5.69,82
6/6/2007 19:00,31568.8,18.89,-0.2,4.4,5.36,10,3
6/6/2007 20:00,31568.84,16.67,-1.9,4,5.39,10,0
6/6/2007 21:00,31568.88,15.56,-0.9,4.1,5.43,10,0
6/6/2007 22:00,31568.92,15,2.7,3.9,5.27,10,0
6/6/2007 23:00,31568.97,14.44,6,4.9,5.46,10,0
6/7/2007 0:00,31569,12.78,6.2,4.2,5.76,10,0
6/7/2007 1:00,31569.04,12.22,6.4,3,5.83,10,0
6/7/2007 2:00,31569.08,11.67,6.7,2.4,5.65,10,0
6/7/2007 3:00,31569.13,10,6.9,2.5,5.43,10,0
6/7/2007 4:00,31569.17,10.56,7.2,2.3,5.86,10,5
6/7/2007 5:00,31569.21,12.78,7.6,1.2,5.97,3.71,95
6/7/2007 6:00,31569.25,13.89,7.8,1,0.52,4.19,261
6/7/2007 7:00,31569.29,15.56,6.6,3.3,2.6,4,429
6/7/2007 8:00,31569.34,17.78,7.4,3.3,2.95,3.41,595
6/7/2007 9:00,31569.38,20,7.7,2.7,3.11,3.21,726
6/7/2007 10:00,31569.42,20.56,6.6,2.1,2.9,3.03,820
6/7/2007 11:00,31569.46,25,5.6,2.1,3.28,2.96,866
6/7/2007 12:00,31569.5,24.44,4.5,2.2,3.87,3.05,863
6/7/2007 13:00,31569.55,28.33,4.1,2.1,2.81,3.28,811
6/7/2007 14:00,31569.59,26.67,3.7,2.1,4.49,3.48,717
6/7/2007 15:00,31569.63,31.11,2.7,1.9,5.67,3.87,581
6/7/2007 16:00,31569.67,30,2.8,2,4.89,4.57,414
6/7/2007 17:00,31569.71,28.89,3.1,1.4,6.27,5.31,241
6/7/2007 18:00,31569.76,26.67,3.5,2.5,5.11,6.28,78
6/7/2007 19:00,31569.8,23.89,3.1,2,5.06,10,3
6/7/2007 20:00,31569.84,21.11,3.5,0.8,4.71,10,0
6/7/2007 21:00,31569.88,20,6.8,1.7,5.27,10,0
6/7/2007 22:00,31569.92,19.44,6.3,3,5.43,10,0
6/7/2007 23:00,31569.97,13.33,5.4,3.1,5.65,10,0
6/8/2007 0:00,31570,16.67,4.8,2.2,5.86,10,0
6/8/2007 1:00,31570.04,16.67,4.8,1.3,5.6,10,0
6/8/2007 2:00,31570.08,16.11,5.1,0.9,0.89,10,0
6/8/2007 3:00,31570.13,16.67,5.9,0.6,1.26,10,0
6/8/2007 4:00,31570.17,15.56,6.5,0.6,6.07,10,4
6/8/2007 5:00,31570.21,15,7.4,0.9,5.13,4.74,90
6/8/2007 6:00,31570.25,15.56,7,1.3,5.52,4.76,252
6/8/2007 7:00,31570.29,18.33,6.7,0.9,1.26,4.18,425
6/8/2007 8:00,31570.34,23.33,6,1.7,1.59,3.73,586
6/8/2007 9:00,31570.38,26.11,5.8,1.4,4.54,3.43,719
6/8/2007 10:00,31570.42,27.78,5.4,1.7,4.69,3.21,814
6/8/2007 11:00,31570.46,29.44,5.6,2.3,4.97,3.16,859
6/8/2007 12:00,31570.5,29.44,6,2.7,5.38,3.29,854
6/8/2007 13:00,31570.55,32.78,5.2,3.3,5.24,3.48,804
6/8/2007 14:00,31570.59,32.78,3.5,2.8,4.97,3.68,710
6/8/2007 15:00,31570.63,33.33,3.9,3.7,5.22,4.16,572
6/8/2007 16:00,31570.67,33.89,3.2,3,5.13,4.69,411
6/8/2007 17:00,31570.71,31.67,2.4,3,5.1,5.4,240
6/8/2007 18:00,31570.76,30,2.1,2.9,5.08,5.51,85
6/8/2007 19:00,31570.8,26.11,3.2,2.6,5.48,10,4
6/8/2007 20:00,31570.84,23.33,3.4,2.9,5.41,10,0
6/8/2007 21:00,31570.88,23.33,5,2.4,5.32,10,0
6/8/2007 22:00,31570.92,21.11,5,3.2,5.36,10,0
6/8/2007 23:00,31570.97,16.11,3.7,2.6,5.43,10,0
6/9/2007 0:00,31571,18.89,5.5,2.4,5.53,10,0
6/9/2007 1:00,31571.04,17.78,6.2,2,5.67,10,0
6/9/2007 2:00,31571.08,18.33,6,1.5,5.45,10,0
6/9/2007 3:00,31571.13,17.78,6.2,1.1,5.41,10,0
6/9/2007 4:00,31571.17,17.78,6.7,0.8,5.79,10,4
6/9/2007 5:00,31571.21,16.11,8.6,0.8,5.34,5.01,89
6/9/2007 6:00,31571.25,18.33,8.4,1.7,5.59,5.01,248
6/9/2007 7:00,31571.29,22.22,7.9,1,6.06,4.24,424
6/9/2007 8:00,31571.34,26.11,6.2,1.5,2.76,3.78,585
6/9/2007 9:00,31571.38,26.11,6.3,1.7,3.04,3.44,719
6/9/2007 10:00,31571.42,28.89,6.3,1.5,5.17,3.36,809
6/9/2007 11:00,31571.46,31.11,7.7,2,4.66,3.45,848
6/9/2007 12:00,31571.5,34.44,8.6,2.3,5.41,3.33,853
6/9/2007 13:00,31571.55,33.89,7.8,3.1,5.31,3.49,804
6/9/2007 14:00,31571.59,35.56,6.7,3.4,5.41,4.56,674
6/9/2007 15:00,31571.63,35.56,5.9,4.1,5.39,1.54,635
6/9/2007 16:00,31571.67,35.56,4.9,4.5,5.38,6.68,341
6/9/2007 17:00,31571.71,34.44,4.9,5,5.43,4.93,250
6/9/2007 18:00,31571.76,32.78,5.2,4.4,5.34,4.62,92
6/9/2007 19:00,31571.8,30.56,5.5,4,5.39,10,3
6/9/2007 20:00,31571.84,26.67,5.8,4.1,5.48,10,0
6/9/2007 21:00,31571.88,25,5.7,4.6,5.45,10,0
6/9/2007 22:00,31571.92,22.78,5.6,3.5,5.36,10,0
6/9/2007 23:00,31571.97,20,4.5,3.1,5.59,10,0
6/10/2007 0:00,31572,20.56,5.1,2.6,5.65,10,0
6/10/2007 1:00,31572.04,20,6.7,1.4,5.74,10,0
6/10/2007 2:00,31572.08,20,7.3,1.1,5.13,10,0
6/10/2007 3:00,31572.13,19.44,7.2,1.1,5.79,10,0
6/10/2007 4:00,31572.17,18.89,8.2,0.9,0.56,10,4
6/10/2007 5:00,31572.21,18.33,9.4,0.8,5.85,5.25,88
6/10/2007 6:00,31572.25,20,8.5,1,5.1,4.68,255
6/10/2007 7:00,31572.29,22.78,8.2,1.4,5.1,4.83,408
6/10/2007 8:00,31572.34,25.56,8.5,2,2.78,6.2,484
6/10/2007 9:00,31572.38,28.33,8.4,1.5,3.02,5.25,640
6/10/2007 10:00,31572.42,30.56,9.1,1.5,4.73,5.32,713
6/10/2007 11:00,31572.46,31.11,9.6,2.7,5.24,3.65,840
6/10/2007 12:00,31572.5,33.33,9.3,2.5,5.29,4.66,790
6/10/2007 13:00,31572.55,36.11,7.7,2.5,5.64,3.24,814
6/10/2007 14:00,31572.59,36.11,8.5,2.9,5.32,3.78,707
6/10/2007 15:00,31572.63,36.67,8.6,3.5,5.52,7.1,434
6/10/2007 16:00,31572.67,36.67,6.3,3.5,5.67,3.71,438
6/10/2007 17:00,31572.71,35,8.4,4.3,5.57,7.14,199
6/10/2007 18:00,31572.76,31.67,12.8,4.4,5.6,6.18,81
6/10/2007 19:00,31572.8,29.44,13.9,4,5.57,10,4
6/10/2007 20:00,31572.84,26.67,11.4,4.3,5.48,10,0
6/10/2007 21:00,31572.88,23.89,5.7,4.3,5.41,10,0
6/10/2007 22:00,31572.92,21.67,2.6,4.7,5.57,10,0
6/10/2007 23:00,31572.97,20.56,0.1,4,5.55,10,0
6/11/2007 0:00,31573,19.44,0.1,3.7,5.34,10,0
6/11/2007 1:00,31573.04,18.89,0.6,3.3,5.65,10,0
6/11/2007 2:00,31573.08,17.22,2,2.9,5.59,10,0
6/11/2007 3:00,31573.13,16.11,3.4,2.3,5.79,10,0
6/11/2007 4:00,31573.17,15.56,4.2,2.1,5.72,10,5
6/11/2007 5:00,31573.21,15.56,5.6,1.8,5.29,5.48,87
6/11/2007 6:00,31573.25,16.67,7.2,2.5,5.55,5.92,230
6/11/2007 7:00,31573.29,20,8.3,2.2,5.83,5.38,391
6/11/2007 8:00,31573.34,25.56,9.2,2.1,5.72,4.28,569
6/11/2007 9:00,31573.38,26.11,9.6,1.9,5.64,3.9,703
6/11/2007 10:00,31573.42,28.33,10,2,4.99,3.68,797
6/11/2007 11:00,31573.46,31.11,10.2,2.4,4.89,3.63,841
6/11/2007 12:00,31573.5,32.22,9.8,2.7,5.5,3.59,843
6/11/2007 13:00,31573.55,33.33,8.9,3.1,5.31,3.68,797
6/11/2007 14:00,31573.59,34.44,8.1,3.1,5.08,3.82,706
6/11/2007 15:00,31573.63,35.56,9.3,3,4.97,4.25,570
6/11/2007 16:00,31573.67,36.11,10,3.3,5.43,4.95,405
6/11/2007 17:00,31573.71,35,9.9,3.3,5.46,5.85,232
6/11/2007 18:00,31573.76,32.22,9.4,3.4,5.57,6.13,82
6/11/2007 19:00,31573.8,30,10.1,3.3,5.46,10,3
6/11/2007 20:00,31573.84,26.67,11,3.2,5.36,10,0
6/11/2007 21:00,31573.88,25,10.4,3.9,5.38,10,0
6/11/2007 22:00,31573.92,23.89,7.2,4,5.29,10,0
6/11/2007 23:00,31573.97,21.11,4.3,3.6,5.53,10,0
6/12/2007 0:00,31574,19.44,3.9,3.1,5.65,10,0
6/12/2007 1:00,31574.04,18.89,4.7,1.8,5.65,10,0
6/12/2007 2:00,31574.08,19.44,5.4,1,5.64,10,0
6/12/2007 3:00,31574.13,18.33,5.5,1.1,5.72,10,0
6/12/2007 4:00,31574.17,18.89,6.2,0.8,5.36,10,4
6/12/2007 5:00,31574.21,18.33,6.3,2.1,5.71,6.16,82
6/12/2007 6:00,31574.25,21.11,6.7,1.6,5.62,5.3,244
6/12/2007 7:00,31574.29,21.11,7,1.6,5.24,4.59,416
6/12/2007 8:00,31574.34,26.67,8.2,2,5.36,4.12,575
6/12/2007 9:00,31574.38,28.89,9.4,2,5.17,3.78,708
6/12/2007 10:00,31574.42,30.56,9.5,2.3,4.99,3.64,799
6/12/2007 11:00,31574.46,32.78,10.4,2.4,5.39,3.57,844
6/12/2007 12:00,31574.5,33.89,10.5,3.1,5.52,3.62,842
6/12/2007 13:00,31574.55,35,9.3,2.6,5.31,3.66,798
6/12/2007 14:00,31574.59,37.22,8.9,2.7,5.11,4.01,699
6/12/2007 15:00,31574.63,36.67,8.8,3.2,5.45,4.54,560
6/12/2007 16:00,31574.67,36.67,7.8,3.5,5.01,5.06,402
6/12/2007 17:00,31574.71,36.11,6.7,3.2,5.03,5.78,234
6/12/2007 18:00,31574.76,35,6.2,2.5,5.01,6.63,78
6/12/2007 19:00,31574.8,30.56,7.3,1.8,5.03,10,3
6/12/2007 20:00,31574.84,28.33,8.5,1.8,5.53,10,0
6/12/2007 21:00,31574.88,27.22,9.2,1,5.78,10,0
6/12/2007 22:00,31574.92,26.11,9.3,1.9,4.96,10,0
6/12/2007 23:00,31574.97,22.22,9.4,1.3,5.2,10,0
6/13/2007 0:00,31575,24.44,10.9,1.2,5.79,10,0
6/13/2007 1:00,31575.04,23.33,11.8,0.7,0.52,10,0
6/13/2007 2:00,31575.08,23.89,12.1,0.9,5.08,10,0
6/13/2007 3:00,31575.13,23.33,12.4,0.8,0.7,10,0
6/13/2007 4:00,31575.17,22.78,13,0.8,0.1,10,5
6/13/2007 5:00,31575.21,22.78,13,0.6,2.36,6.1,83
6/13/2007 6:00,31575.25,23.33,12.8,0.6,0.58,5.52,240
6/13/2007 7:00,31575.29,27.22,11.1,1.1,3.89,4.94,406
6/13/2007 8:00,31575.34,31.11,11,2.1,3.44,4.41,565
6/13/2007 9:00,31575.38,32.78,11,1.9,3.21,4.04,698
6/13/2007 10:00,31575.42,33.33,10.6,1.9,4.03,3.83,791
6/13/2007 11:00,31575.46,37.22,9.6,2.2,4.4,3.69,839
6/13/2007 12:00,31575.5,36.11,11.2,3,5.39,3.82,833
6/13/2007 13:00,31575.55,37.78,9.2,3,4.85,3.83,791
6/13/2007 14:00,31575.59,39.44,10,3.2,5.22,4.25,689
6/13/2007 15:00,31575.63,40,9.8,3.3,5.04,4.85,548
6/13/2007 16:00,31575.67,39.44,9.9,3.3,5.24,5.32,394
6/13/2007 17:00,31575.71,37.22,9.9,2.8,5.36,6.23,224
6/13/2007 18:00,31575.76,35.56,8.2,2.7,5.36,6.68,78
6/13/2007 19:00,31575.8,32.78,9.1,2.4,5.31,10,4
6/13/2007 20:00,31575.84,30.56,11.2,1.6,5.31,10,0
6/13/2007 21:00,31575.88,28.89,12.9,1.5,4.96,10,0
6/13/2007 22:00,31575.92,27.22,13.6,1.6,4.87,10,0
6/13/2007 23:00,31575.97,25,14.7,1.1,5.59,10,0
6/14/2007 0:00,31576,26.11,14.7,1.1,0.05,10,0
6/14/2007 1:00,31576.04,25,15.3,1,0.99,10,0
6/14/2007 2:00,31576.08,25,15.5,0.9,0.24,10,0
6/14/2007 3:00,31576.13,25,15,0.6,6.21,10,0
6/14/2007 4:00,31576.17,24.44,14.8,0.8,1.08,10,4
6/14/2007 5:00,31576.21,23.89,15.1,0.6,5.53,6.16,83
6/14/2007 6:00,31576.25,25,13.8,1.1,5.2,5.63,238
6/14/2007 7:00,31576.29,29.44,13.3,1.4,4.28,4.98,405
6/14/2007 8:00,31576.34,31.67,13,1.8,3.61,4.5,562
6/14/2007 9:00,31576.38,33.33,12.6,2,3.44,4.14,694
6/14/2007 10:00,31576.42,36.11,12.8,1.6,3.68,3.97,785
6/14/2007 11:00,31576.46,36.11,13,2.4,4.82,3.83,833
6/14/2007 12:00,31576.5,38.33,12.8,2.4,5.22,3.76,836
6/14/2007 13:00,31576.55,39.44,11.8,2.9,5.34,3.79,793
6/14/2007 14:00,31576.59,40.56,11,2.9,5.15,4.07,697
6/14/2007 15:00,31576.63,42.78,11.1,2.7,5.25,4.58,559
6/14/2007 16:00,31576.67,41.67,9.3,2.5,5.48,4.99,405
6/14/2007 17:00,31576.71,40,9.1,2.7,5.48,5.95,231
6/14/2007 18:00,31576.76,38.89,10.1,2.9,5.24,6.83,77
6/14/2007 19:00,31576.8,35,10.6,3,5.38,10,3
6/14/2007 20:00,31576.84,31.67,10.9,3,5.34,10,0
6/14/2007 21:00,31576.88,30.56,11.7,2,5.46,10,0
6/14/2007 22:00,31576.92,28.89,12,2.7,5.08,10,0
6/14/2007 23:00,31576.97,27.78,11.8,2.8,5.39,10,0
6/15/2007 0:00,31577,25.56,13.8,1.3,5.93,10,0
6/15/2007 1:00,31577.04,26.67,13.8,1,5.06,10,0
6/15/2007 2:00,31577.08,24.44,13.8,1.4,6.07,10,0
6/15/2007 3:00,31577.13,24.44,14,0.6,2.08,10,0
6/15/2007 4:00,31577.17,24.44,14.3,0.7,1.52,10,4
6/15/2007 5:00,31577.21,25.56,14.9,0.7,1.48,6.42,81
6/15/2007 6:00,31577.25,27.78,15,1.5,2.32,5.82,234
6/15/2007 7:00,31577.29,29.44,13.9,2.8,2.3,5.09,402
6/15/2007 8:00,31577.34,33.33,14.2,3,2.36,4.61,558
6/15/2007 9:00,31577.38,35,13.8,2.7,2.95,4.24,690
6/15/2007 10:00,31577.42,36.11,14.3,1.6,3.63,3.98,785
6/15/2007 11:00,31577.46,38.89,13.1,1.5,5.2,3.81,834
6/15/2007 12:00,31577.5,41.11,9.9,2.1,5.04,3.75,837
6/15/2007 13:00,31577.55,42.22,9.2,1.8,5.06,3.91,788
6/15/2007 14:00,31577.59,42.78,10.2,2.3,5.1,4.33,686
6/15/2007 15:00,31577.63,42.78,9.5,2.8,5.04,4.71,554
6/15/2007 16:00,31577.67,41.67,10.4,3.1,5.39,5.48,389
6/15/2007 17:00,31577.71,40.56,11,3.3,5.24,6.5,218
6/15/2007 18:00,31577.76,38.33,11.7,2.6,5.48,7.44,71
6/15/2007 19:00,31577.8,35,12.6,2.9,5.2,10,5
6/15/2007 20:00,31577.84,31.67,12.5,3.7,5.25,10,0
6/15/2007 21:00,31577.88,28.89,12.5,3.8,5.6,10,0
6/15/2007 22:00,31577.92,25,12.4,3.7,5.6,10,0
6/15/2007 23:00,31577.97,26.67,12,4,5.6,10,0
6/16/2007 0:00,31578,22.22,12.2,2.6,5.81,10,0
6/16/2007 1:00,31578.04,21.11,12,2.2,5.79,10,0
6/16/2007 2:00,31578.08,21.11,11.9,1.9,5.83,10,0
6/16/2007 3:00,31578.13,20.56,11.4,2,5.81,10,0
6/16/2007 4:00,31578.17,19.44,11.2,1.5,5.88,10,3
6/16/2007 5:00,31578.21,18.89,11.9,0.8,6.25,6.88,77
6/16/2007 6:00,31578.25,21.11,11.4,1.4,5.83,5.75,236
6/16/2007 7:00,31578.29,22.78,11.5,1.6,5.76,4.91,408
6/16/2007 8:00,31578.34,30,11.9,1.1,0.52,4.33,569
6/16/2007 9:00,31578.38,31.11,11.9,1.5,6.13,3.91,704
6/16/2007 10:00,31578.42,31.67,9.4,2.8,5.06,3.61,801
6/16/2007 11:00,31578.46,32.78,9.3,2.9,5.32,3.57,845
6/16/2007 12:00,31578.5,36.11,7.6,2.4,5.18,3.42,851
6/16/2007 13:00,31578.55,37.22,7.8,2.3,4.35,3.46,807
6/16/2007 14:00,31578.59,37.78,8.1,2.5,5.08,3.73,711
6/16/2007 15:00,31578.63,38.89,7.7,2.7,5.43,4.13,576
6/16/2007 16:00,31578.67,38.33,7.9,3.7,5.43,4.71,414
6/16/2007 17:00,31578.71,35.56,5,4.8,5.52,5.58,240
6/16/2007 18:00,31578.76,33.33,3.3,4.2,5.32,6.37,82
6/16/2007 19:00,31578.8,30,4.4,3,5.31,10,3
6/16/2007 20:00,31578.84,26.11,7.7,2.8,5.52,10,0
6/16/2007 21:00,31578.88,24.44,10,3.2,5.38,10,0
6/16/2007 22:00,31578.92,21.67,10.6,2.7,5.43,10,0
6/16/2007 23:00,31578.97,23.89,10.8,3,5.69,10,0
6/17/2007 0:00,31579,17.78,11,2.9,5.71,10,0
6/17/2007 1:00,31579.04,17.78,11,2.5,5.83,10,0
6/17/2007 2:00,31579.08,17.78,10.8,2.5,5.71,10,0
6/17/2007 3:00,31579.13,16.11,10.7,1.6,5.69,10,0
6/17/2007 4:00,31579.17,16.67,10.9,0.6,0,10,5
6/17/2007 5:00,31579.21,16.11,11.4,1.4,4.99,5.82,87
6/17/2007 6:00,31579.25,18.33,11.7,1.7,5.81,5.4,244
6/17/2007 7:00,31579.29,20,11.9,1.4,5.86,4.51,420
6/17/2007 8:00,31579.34,24.44,11.9,1.3,6.13,3.96,582
6/17/2007 9:00,31579.38,27.22,12,1.5,5.85,3.62,715
6/17/2007 10:00,31579.42,28.33,12.1,2.3,4.99,3.47,807
6/17/2007 11:00,31579.46,31.11,11.3,2.7,4.82,3.35,854
6/17/2007 12:00,31579.5,33.33,10.2,2.5,5.43,3.28,857
6/17/2007 13:00,31579.55,35,9.5,2.6,5.45,3.44,808
6/17/2007 14:00,31579.59,35,9.1,2.6,5.15,3.62,715
6/17/2007 15:00,31579.63,36.11,8.4,2.7,5.24,4.05,579
6/17/2007 16:00,31579.67,37.22,7,2.7,5.13,4.58,418
6/17/2007 17:00,31579.71,36.11,8.6,2.9,5.08,5.4,244
6/17/2007 18:00,31579.76,33.89,8.6,2.3,5.01,6.29,83
6/17/2007 19:00,31579.8,29.44,10.1,1.6,5.01,10,4
6/17/2007 20:00,31579.84,28.33,10.9,1.4,5.22,10,0
6/17/2007 21:00,31579.88,26.11,11.8,0.8,0.02,10,0
6/17/2007 22:00,31579.92,26.11,12.7,1,0.12,10,0
6/17/2007 23:00,31579.97,20,13.4,1,0.91,10,0
6/18/2007 0:00,31580,23.89,12.8,1.6,5.27,10,0
6/18/2007 1:00,31580.04,23.33,12.5,0.8,0.52,10,0
6/18/2007 2:00,31580.08,23.33,12.5,1.1,0.37,10,0
6/18/2007 3:00,31580.13,22.78,12.7,0.8,1.55,10,0
6/18/2007 4:00,31580.17,22.22,12.1,0.7,1.47,10,4
6/18/2007 5:00,31580.21,21.67,13.5,0.6,6.14,5.85,87
6/18/2007 6:00,31580.25,23.89,13.3,0.9,0.82,5.22,248
6/18/2007 7:00,31580.29,28.33,12.2,2.5,2.01,4.86,410
6/18/2007 8:00,31580.34,32.78,12.1,2.9,2.27,4.22,573
6/18/2007 9:00,31580.38,33.89,12,2.1,2.62,3.84,707
6/18/2007 10:00,31580.42,34.44,11.8,1.5,3.02,3.54,804
6/18/2007 11:00,31580.46,35,10.9,1.4,4.5,3.55,846
6/18/2007 12:00,31580.5,36.67,9.3,2,4.35,3.55,846
6/18/2007 13:00,31580.55,37.22,8.2,2.2,4.14,3.62,801
6/18/2007 14:00,31580.59,39.44,1.8,2.5,4.8,3.4,723
6/18/2007 15:00,31580.63,41.11,3.4,2.8,5.03,4.05,579
6/18/2007 16:00,31580.67,41.11,3.4,2.7,5.24,4.79,412
6/18/2007 17:00,31580.71,40,4.6,2.7,5.08,5.82,235
6/18/2007 18:00,31580.76,38.33,6.2,2.2,4.87,7.23,74
6/18/2007 19:00,31580.8,32.78,7.1,1.8,4.87,10,3
6/18/2007 20:00,31580.84,30,8.1,1,4.76,10,0
6/18/2007 21:00,31580.88,29.44,10.2,1.4,5.5,10,0
6/18/2007 22:00,31580.92,27.78,10.8,1.5,5.64,10,0
6/18/2007 23:00,31580.97,25,10.7,1.4,5.64,10,0
6/19/2007 0:00,31581,25.56,10.8,1.2,5.57,10,0
6/19/2007 1:00,31581.04,25,11.4,0.9,2.2,10,0
6/19/2007 2:00,31581.08,22.78,12,1,1.62,10,0
6/19/2007 3:00,31581.13,23.33,12.2,0.9,3.16,10,0
6/19/2007 4:00,31581.17,22.78,12.8,1.1,0.86,10,4
6/19/2007 5:00,31581.21,22.22,14,1.2,1.31,7.05,76
6/19/2007 6:00,31581.25,23.89,12.5,2.2,2.3,6,231
6/19/2007 7:00,31581.29,28.89,11.9,2.8,2.5,5.12,402
6/19/2007 8:00,31581.34,31.11,12.1,2.9,2.74,4.53,562
6/19/2007 9:00,31581.38,30.56,12.7,2.3,3.37,4.28,689
6/19/2007 10:00,31581.42,32.22,10.8,2.1,4,3.81,793
6/19/2007 11:00,31581.46,34.44,8.5,1.8,4.26,3.62,843
6/19/2007 12:00,31581.5,37.22,7.6,2.7,3.86,3.65,842
6/19/2007 13:00,31581.55,37.78,9,2.8,3.75,3.83,792
6/19/2007 14:00,31581.59,39.44,8.3,2.8,3.94,4.09,697
6/19/2007 15:00,31581.63,39.44,7.7,2.5,3.54,4.45,565
6/19/2007 16:00,31581.67,40.56,4.2,2.4,4.01,5.02,405
6/19/2007 17:00,31581.71,38.89,1.8,2.4,4,5.83,235
6/19/2007 18:00,31581.76,37.22,1.5,2.1,3.61,6.76,79
6/19/2007 19:00,31581.8,33.89,-0.1,2.2,3.49,10,4
6/19/2007 20:00,31581.84,31.11,-1.5,2.4,3.25,10,0
6/19/2007 21:00,31581.88,30,1.3,1.5,4.92,10,0
6/19/2007 22:00,31581.92,27.78,5.3,1.5,5.52,10,0
6/19/2007 23:00,31581.97,25.56,12.8,2.9,5.32,10,0
6/20/2007 0:00,31582,20,12.5,2.9,5.81,10,0
6/20/2007 1:00,31582.04,19.44,11.8,1.7,5.79,10,0
6/20/2007 2:00,31582.08,22.22,11.2,1.1,4.66,10,0
6/20/2007 3:00,31582.13,22.22,11.2,1.1,4.8,10,0
6/20/2007 4:00,31582.17,17.78,11.6,1.3,4.66,10,4
6/20/2007 5:00,31582.21,15.56,12.3,2.2,5.27,6.76,79
6/20/2007 6:00,31582.25,18.89,12.5,2,5.76,5.7,238
6/20/2007 7:00,31582.29,21.11,12.7,1.3,5.78,4.7,415
6/20/2007 8:00,31582.34,24.44,12.7,1.6,4.24,4.06,579
6/20/2007 9:00,31582.38,27.78,12.9,1.5,4.59,3.63,715
6/20/2007 10:00,31582.42,31.11,12.1,1.6,5.2,3.4,810
6/20/2007 11:00,31582.46,32.78,8.9,1.3,0.17,3.23,859
6/20/2007 12:00,31582.5,35.56,5,1.8,4.05,3.29,857
6/20/2007 13:00,31582.55,35.56,4,2.6,4.03,3.4,810
6/20/2007 14:00,31582.59,38.33,3.7,2.6,4.35,3.52,719
6/20/2007 15:00,31582.63,38.89,6,2.8,4.89,4.09,578
6/20/2007 16:00,31582.67,38.89,6,3.2,5.29,4.73,414
6/20/2007 17:00,31582.71,36.67,6.5,3.7,5.46,5.74,237
6/20/2007 18:00,31582.76,34.11,3.6,3.5,5.62,7.06,76
6/20/2007 19:00,31582.8,31.56,5.8,3.5,5.52,10,3
6/20/2007 20:00,31582.84,29,7.6,3.3,5.72,10,0
6/20/2007 21:00,31582.88,26.44,10,3.9,5.69,10,0
6/20/2007 22:00,31582.92,23.89,11,3.9,5.41,10,0
6/20/2007 23:00,31582.97,25,11.2,4.3,5.39,10,0
6/21/2007 0:00,31583,19.44,11.9,3.6,5.67,10,0
6/21/2007 1:00,31583.04,18.33,11.7,3.5,5.45,10,0
6/21/2007 2:00,31583.08,16.11,11.2,3.2,5.69,10,0
6/21/2007 3:00,31583.13,15,10.9,2.4,5.67,10,0
6/21/2007 4:00,31583.17,16.11,10.6,2.4,5.53,10,4
6/21/2007 5:00,31583.21,16.67,10.9,1.8,5.74,6.67,80
6/21/2007 6:00,31583.25,17.78,11,1,5.25,5.61,240
6/21/2007 7:00,31583.29,20.56,11.1,1.1,5.85,4.67,416
6/21/2007 8:00,31583.34,25.56,10.7,1.9,5.34,4.12,577
6/21/2007 9:00,31583.38,27.78,10.6,2.1,5.5,3.69,713
6/21/2007 10:00,31583.42,29.44,11,2.4,5.15,3.5,806
6/21/2007 11:00,31583.46,31.67,10.9,2.4,5.1,3.41,852
6/21/2007 12:00,31583.5,35.56,10.7,2.2,5.25,3.36,854
6/21/2007 13:00,31583.55,35,9.8,2.6,4.9,3.42,809
6/21/2007 14:00,31583.59,36.11,10.3,2.8,5.25,3.74,711
6/21/2007 15:00,31583.63,37.78,8.3,3.5,4.99,4.18,575
6/21/2007 16:00,31583.67,38.33,3.5,4.2,5.59,4.46,422
6/21/2007 17:00,31583.71,36.11,3.8,4.6,5.39,5.43,244
6/21/2007 18:00,31583.76,33.89,8,4.2,5.39,6.97,77
6/21/2007 19:00,31583.8,30.56,8.6,3.8,5.43,10,4
6/21/2007 20:00,31583.84,27.78,7.8,3.6,5.6,10,0
6/21/2007 21:00,31583.88,26.11,7.7,3.7,5.57,10,0
6/21/2007 22:00,31583.92,24.44,7.7,3.1,5.46,10,0
6/21/2007 23:00,31583.97,22.22,6.9,2.8,5.43,10,0
6/22/2007 0:00,31584,22.22,6.7,2.5,5.64,10,0
6/22/2007 1:00,31584.04,20,6.9,1.7,5.48,10,0
6/22/2007 2:00,31584.08,21.11,7.3,1.3,5.71,10,0
6/22/2007 3:00,31584.13,20.56,7.6,1.6,5.6,10,0
6/22/2007 4:00,31584.17,18.89,7.8,1.4,5.92,10,4
6/22/2007 5:00,31584.21,20,8.1,1.5,5.41,6.77,79
6/22/2007 6:00,31584.25,22.22,7.9,2.1,5.6,5.61,240
6/22/2007 7:00,31584.29,25,8.2,2.1,5.78,4.74,414
6/22/2007 8:00,31584.34,27.22,7.6,2.9,5.46,4.45,565
6/22/2007 9:00,31584.38,29.44,7.6,2.6,5.38,3.9,705
6/22/2007 10:00,31584.42,33.33,8,2.3,5.08,3.37,811
6/22/2007 11:00,31584.46,34.44,8.6,1.9,5.11,3.36,854
6/22/2007 12:00,31584.5,34.44,10.4,2.9,5.29,3.44,851
6/22/2007 13:00,31584.55,37.22,9,2.6,5.04,3.55,804
6/22/2007 14:00,31584.59,37.78,7.3,3.6,5.15,3.66,714
6/22/2007 15:00,31584.63,38.33,5.7,3.8,5.29,4.15,576
6/22/2007 16:00,31584.67,38.89,1.5,4.4,5.43,4.53,420
6/22/2007 17:00,31584.71,36.67,1.8,5.1,5.41,5.57,241
6/22/2007 18:00,31584.76,36.11,3.2,4.1,5.32,6.87,78
6/22/2007 19:00,31584.8,32.22,5.1,3.8,5.38,10,4
6/22/2007 20:00,31584.84,28.33,6.8,4.2,5.53,10,0
6/22/2007 21:00,31584.88,26.67,6.8,4,5.53,10,0
6/22/2007 22:00,31584.92,23.89,5.6,3.4,5.48,10,0
6/22/2007 23:00,31584.97,23.33,5.4,3.5,5.43,10,0
6/23/2007 0:00,31585,21.67,6.2,2.8,5.72,10,0
6/23/2007 1:00,31585.04,20.56,6.8,2,5.55,10,0
6/23/2007 2:00,31585.08,21.11,7,1.2,5.41,10,0
6/23/2007 3:00,31585.13,20,7.6,0.9,5.52,10,0
6/23/2007 4:00,31585.17,17.78,7.6,1.5,5.6,10,3
6/23/2007 5:00,31585.21,17.78,8.1,1.3,5.62,8.64,58
6/23/2007 6:00,31585.25,22.78,8.9,1.9,5.76,5.52,242
6/23/2007 7:00,31585.29,21.67,8.8,1.1,5.69,4.63,417
6/23/2007 8:00,31585.34,27.22,8.4,1.1,0.75,4.03,580
6/23/2007 9:00,31585.38,29.44,7.3,2,5.52,3.63,715
6/23/2007 10:00,31585.42,31.11,7.4,2.6,5.71,3.37,811
6/23/2007 11:00,31585.46,34.44,6.4,2.9,5.43,2.79,875
6/23/2007 12:00,31585.5,36.11,3.8,3.4,5.2,4.39,806
6/23/2007 13:00,31585.55,36.67,2.6,3.5,5.41,2.99,825
6/23/2007 14:00,31585.59,37.22,0.7,3.9,5.55,3.35,725
6/23/2007 15:00,31585.63,37.78,-1.1,3.8,5.62,3.76,589
6/23/2007 16:00,31585.67,36.67,-0.3,4.3,5.45,4.46,422
6/23/2007 17:00,31585.71,36.67,-0.7,3.9,5.38,5.52,242
6/23/2007 18:00,31585.76,34.44,3.2,4.3,5.36,7.07,76
6/23/2007 19:00,31585.8,31.11,3.8,3.7,5.2,10,4
6/23/2007 20:00,31585.84,27.22,4.9,4.6,5.39,10,0
6/23/2007 21:00,31585.88,23.89,4,4.7,5.39,10,0
6/23/2007 22:00,31585.92,22.22,2.8,4.5,5.59,10,0
6/23/2007 23:00,31585.97,22.22,3.1,3.8,5.6,10,0
6/24/2007 0:00,31586,20,2.6,3.2,5.5,10,0
6/24/2007 1:00,31586.04,17.78,2.5,4.2,5.31,10,0
6/24/2007 2:00,31586.08,15.56,3.6,3.8,5.46,10,0
6/24/2007 3:00,31586.13,16.67,4.1,2.7,5.46,10,0
6/24/2007 4:00,31586.17,13.33,4.9,3,5.5,10,3
6/24/2007 5:00,31586.21,12.78,5.4,3,5.72,6.97,77
6/24/2007 6:00,31586.25,15,6.1,2.3,5.79,5.7,238
6/24/2007 7:00,31586.29,17.78,5.6,2.5,5.45,4.73,414
6/24/2007 8:00,31586.34,22.78,4,3.5,5.55,4.06,579
6/24/2007 9:00,31586.38,26.67,2.6,4.1,5.57,3.55,718
6/24/2007 10:00,31586.42,30,2.2,3.9,5.64,3.29,814
6/24/2007 11:00,31586.46,31.11,3.3,3.6,5.39,3.31,856
6/24/2007 12:00,31586.5,31.67,1.8,4,5.01,3.16,862
6/24/2007 13:00,31586.55,32.78,0.3,4,5.04,3.21,817
6/24/2007 14:00,31586.59,33.89,1.1,3.9,5.11,3.52,719
6/24/2007 15:00,31586.63,35,0.9,4.4,5.39,3.97,582
6/24/2007 16:00,31586.67,34.44,-0.3,4.4,5.5,4.49,421
6/24/2007 17:00,31586.71,33.33,1.1,4.9,5.53,5.23,248
6/24/2007 18:00,31586.76,30.56,4.1,4.6,5.52,5.78,88
6/24/2007 19:00,31586.8,27.78,5,4,5.45,10,4
6/24/2007 20:00,31586.84,25,5.4,4.2,5.41,10,0
6/24/2007 21:00,31586.88,22.78,7.5,3.8,5.41,10,0
6/24/2007 22:00,31586.92,21.11,8.5,3.7,5.25,10,0
6/24/2007 23:00,31586.97,21.67,8,3.7,5.41,10,0
6/25/2007 0:00,31587,17.78,7.5,3.4,5.31,10,0
6/25/2007 1:00,31587.04,17.22,7.6,2.5,5.62,10,0
6/25/2007 2:00,31587.08,16.11,7.7,2.4,5.39,10,0
6/25/2007 3:00,31587.13,15.56,7.6,1.9,5.46,10,0
6/25/2007 4:00,31587.17,13.89,7.9,2.2,5.81,10,3
6/25/2007 5:00,31587.21,14.44,8.8,1.1,6.06,7.15,75
6/25/2007 6:00,31587.25,16.67,9.1,1.6,5.27,5.91,233
6/25/2007 7:00,31587.29,19.44,9.4,1.2,6.06,4.99,406
6/25/2007 8:00,31587.34,23.33,9.5,1.3,0.84,4.34,569
6/25/2007 9:00,31587.38,25,9,1.8,4.76,4.11,696
6/25/2007 10:00,31587.42,26.67,8.4,1.7,4.24,3.04,823
6/25/2007 11:00,31587.46,30.56,8.8,1.8,4.64,2.96,869
6/25/2007 12:00,31587.5,32.78,8.4,2.1,4.54,3.05,866
6/25/2007 13:00,31587.55,32.78,6.2,2,4.73,2.92,827
6/25/2007 14:00,31587.59,35.56,6.5,2.7,5.27,3.2,730
6/25/2007 15:00,31587.63,35,4.6,2.3,5.5,3.52,596
6/25/2007 16:00,31587.67,36.11,5.9,2.6,5.22,4.12,431
6/25/2007 17:00,31587.71,35.56,7.6,2.9,4.99,4.92,254
6/25/2007 18:00,31587.76,32.78,7.9,2.6,5.03,5.13,93
6/25/2007 19:00,31587.8,30,8.5,1.6,4.92,10,5
6/25/2007 20:00,31587.84,27.78,9.6,1.1,4.69,10,0
6/25/2007 21:00,31587.88,26.11,10.6,0.5,4.96,10,0
6/25/2007 22:00,31587.92,26.11,12.5,0.6,5.9,10,0
6/25/2007 23:00,31587.97,18.33,12.1,0.8,6.27,10,0
6/26/2007 0:00,31588,22.78,11.6,0.7,6.25,10,0
6/26/2007 1:00,31588.04,22.78,12,0.9,1.1,10,0
6/26/2007 2:00,31588.08,21.67,12.7,0.8,0.77,10,0
6/26/2007 3:00,31588.13,21.11,12.8,1.2,1.05,10,0
6/26/2007 4:00,31588.17,21.11,11.7,1.4,1.27,10,4
6/26/2007 5:00,31588.21,20.56,11.4,1.5,1.61,6.64,80
6/26/2007 6:00,31588.25,21.67,10.2,2.4,1.95,5.64,239
6/26/2007 7:00,31588.29,24.44,9.7,3,2.16,4.86,410
6/26/2007 8:00,31588.34,29.44,9.4,3,2.29,4.31,570
6/26/2007 9:00,31588.38,31.11,10.3,2.7,2.58,3.68,713
6/26/2007 10:00,31588.42,31.67,10,2.2,3.26,3.42,809
6/26/2007 11:00,31588.46,33.89,7.9,2,3.91,3.41,852
6/26/2007 12:00,31588.5,36.67,6,1.9,4.28,3.07,865
6/26/2007 13:00,31588.55,38.33,4.5,2,4.57,2.95,826
6/26/2007 14:00,31588.59,40,3.3,1.9,0.23,3.07,734
6/26/2007 15:00,31588.63,40,0.5,2.1,5.46,3.31,602
6/26/2007 16:00,31588.67,40,0.8,2.4,5.29,3.83,438
6/26/2007 17:00,31588.71,38.89,2.9,4.1,5.39,4.53,261
6/26/2007 18:00,31588.76,35.56,5.6,3.9,5.31,5.23,92
6/26/2007 19:00,31588.8,32.22,2.8,3.2,5.31,10,5
6/26/2007 20:00,31588.84,28.33,3.1,2.6,5.76,10,0
6/26/2007 21:00,31588.88,25.56,5.4,3.3,5.65,10,0
6/26/2007 22:00,31588.92,22.22,9.2,3.6,5.45,10,0
6/26/2007 23:00,31588.97,24.44,10,2.3,5.57,10,0
6/27/2007 0:00,31589,20,10.2,2.2,5.38,10,0
6/27/2007 1:00,31589.04,17.78,10.3,2.5,5.72,10,0
6/27/2007 2:00,31589.08,17.22,10.2,2.4,5.78,10,0
6/27/2007 3:00,31589.13,17.78,10.1,2,5.85,10,0
6/27/2007 4:00,31589.17,18.33,10.1,1.6,5.78,10,3
6/27/2007 5:00,31589.21,17.22,10.2,1.7,5.83,5.84,87
6/27/2007 6:00,31589.25,21.11,10.4,1.8,5.72,5.26,247
6/27/2007 7:00,31589.29,23.33,10.6,1.2,5.79,4.58,418
6/27/2007 8:00,31589.34,26.67,10.3,1.2,3.77,4.16,575
6/27/2007 9:00,31589.38,28.89,9.4,1.5,4.36,3.76,710
6/27/2007 10:00,31589.42,30.56,8.9,2,5.31,3.44,808
6/27/2007 11:00,31589.46,33.33,8.2,2.5,5.43,3.28,857
6/27/2007 12:00,31589.5,34.44,8.2,3,5.11,3.28,857
6/27/2007 13:00,31589.55,36.67,8.1,3.3,5.06,3.34,812
6/27/2007 14:00,31589.59,37.22,6.2,3.5,5.06,3.4,723
6/27/2007 15:00,31589.63,38.33,5.2,3.4,5.27,3.68,591
6/27/2007 16:00,31589.67,37.78,5.1,4.2,5.6,4.06,432
6/27/2007 17:00,31589.71,36.67,5.6,4.6,5.46,4.52,261
6/27/2007 18:00,31589.76,35,6.3,4.4,5.55,4.33,98
6/27/2007 19:00,31589.8,31.67,8.2,4.2,5.46,10,4
6/27/2007 20:00,31589.84,28.33,9,3.7,5.46,10,0
6/27/2007 21:00,31589.88,26.11,8.5,3.6,5.39,10,0
6/27/2007 22:00,31589.92,23.89,8.7,4.9,5.41,10,0
6/27/2007 23:00,31589.97,20.56,8.7,4.9,5.43,10,0
6/28/2007 0:00,31590,20.56,8.8,4.7,5.38,10,0
6/28/2007 1:00,31590.04,18.89,9.2,3.9,5.39,10,0
6/28/2007 2:00,31590.08,17.78,9.3,4.1,5.46,10,0
6/28/2007 3:00,31590.13,16.11,9.4,3.2,5.43,10,0
6/28/2007 4:00,31590.17,15.56,9.5,2.9,5.39,10,3
6/28/2007 5:00,31590.21,13.89,10,2.2,5.88,5.44,90
6/28/2007 6:00,31590.25,16.67,10.3,2.1,5.81,5.1,250
6/28/2007 7:00,31590.29,21.11,10,2.9,5.76,4.47,421
6/28/2007 8:00,31590.34,22.78,9.6,2.8,5.64,4.01,580
6/28/2007 9:00,31590.38,26.67,9.2,2.7,5.74,3.62,715
6/28/2007 10:00,31590.42,30,9.2,3.1,5.1,3.41,809
6/28/2007 11:00,31590.46,30.56,9,3,5.46,3.25,858
6/28/2007 12:00,31590.5,35.56,8.2,3,5.5,3.14,862
6/28/2007 13:00,31590.55,34.44,8.6,3.6,5.62,3.23,816
6/28/2007 14:00,31590.59,35,8.3,3.7,5.57,3.33,725
6/28/2007 15:00,31590.63,35.56,6.8,3.9,5.57,3.57,594
6/28/2007 16:00,31590.67,35.56,5.5,4,5.45,3.97,434
6/28/2007 17:00,31590.71,33.89,6.5,4.9,5.5,4.56,260
6/28/2007 18:00,31590.76,33.33,11.2,4.8,5.62,4.43,97
6/28/2007 19:00,31590.8,29.44,13,3.6,5.57,10,4
6/28/2007 20:00,31590.84,27.22,13.9,3.5,5.55,10,0
6/28/2007 21:00,31590.88,25,13.5,3.9,5.46,10,0
6/28/2007 22:00,31590.92,23.33,13.1,4,5.34,10,0
6/28/2007 23:00,31590.97,21.67,12.8,4,5.46,10,0
6/29/2007 0:00,31591,20,11.6,3.6,5.76,10,0
6/29/2007 1:00,31591.04,18.89,11.3,3.4,5.71,10,0
6/29/2007 2:00,31591.08,19.44,11.6,3.3,5.78,10,0
6/29/2007 3:00,31591.13,18.89,11.9,3.6,5.67,10,0
6/29/2007 4:00,31591.17,16.67,12.3,3.5,5.65,10,3
6/29/2007 5:00,31591.21,16.67,12.6,4.3,5.6,5.26,91
6/29/2007 6:00,31591.25,17.22,13.1,4.1,5.57,5.92,232
6/29/2007 7:00,31591.29,21.11,13.5,4.3,5.48,4.93,407
6/29/2007 8:00,31591.34,23.89,13.6,3.7,5.45,4.46,564
6/29/2007 9:00,31591.38,27.22,13.7,2.9,5.5,4.24,690
6/29/2007 10:00,31591.42,30,13.5,2.5,5.74,3.8,793
6/29/2007 11:00,31591.46,31.11,13.2,1.9,5.65,3.7,839
6/29/2007 12:00,31591.5,31.67,13.4,2.5,4.85,3.61,843
6/29/2007 13:00,31591.55,33.89,12.3,2.7,5.04,3.75,795
6/29/2007 14:00,31591.59,34.44,12.4,3,5.18,3.82,707
6/29/2007 15:00,31591.63,35.56,12.3,3.5,5.55,4.15,575
6/29/2007 16:00,31591.67,36.67,11.7,3.4,5.5,4.73,413
6/29/2007 17:00,31591.71,35.56,10.7,3.4,5.43,4.71,257
6/29/2007 18:00,31591.76,32.22,11.4,4.2,5.5,5.86,86
6/29/2007 19:00,31591.8,30.56,12.1,4.2,5.46,10,6
6/29/2007 20:00,31591.84,26.67,13.6,4.6,5.6,10,0
6/29/2007 21:00,31591.88,24.44,12.6,4.6,5.67,10,0
6/29/2007 22:00,31591.92,22.78,11.5,3.8,5.55,10,0
6/29/2007 23:00,31591.97,21.11,11.3,4.1,5.43,10,0
6/30/2007 0:00,31592,20,11.8,3.5,5.57,10,0
6/30/2007 1:00,31592.04,17.78,11.5,3.1,5.65,10,0
6/30/2007 2:00,31592.08,17.78,11.1,3,5.74,10,0
6/30/2007 3:00,31592.13,16.11,10.7,2.3,5.72,10,0
6/30/2007 4:00,31592.17,15.56,10.3,2.3,5.78,10,3
6/30/2007 5:00,31592.21,16.11,10,2.4,5.57,5.84,86
6/30/2007 6:00,31592.25,18.89,9.9,2.6,5.74,5.4,243
6/30/2007 7:00,31592.29,22.22,10,2.5,5.69,4.76,412
6/30/2007 8:00,31592.34,25,10.2,1.5,5.72,4.26,571
6/30/2007 9:00,31592.38,26.67,10.9,1.6,5.52,3.87,705
6/30/2007 10:00,31592.42,28.89,10.9,1.9,4.96,3.67,798
6/30/2007 11:00,31592.46,31.67,11.6,2.1,5.06,3.58,844
6/30/2007 12:00,31592.5,33.89,12,2.9,5.13,3.63,842
6/30/2007 13:00,31592.55,36.11,12.7,3.2,5.15,3.65,799
6/30/2007 14:00,31592.59,35.56,12.7,3.4,5.2,3.89,704
6/30/2007 15:00,31592.63,35.56,12.3,3.6,5.46,5.14,536
6/30/2007 16:00,31592.67,35.56,10.7,4,5.45,6.93,332
6/30/2007 17:00,31592.71,33.33,10.3,4.2,5.55,5.9,232
6/30/2007 18:00,31592.76,31.67,8.4,3.9,5.34,7.67,68
6/30/2007 19:00,31592.8,29.44,6.4,4.3,5.52,10,7
6/30/2007 20:00,31592.84,26.11,8.6,4.2,5.48,10,0
6/30/2007 21:00,31592.88,24.44,10.3,4.3,5.59,10,0
6/30/2007 22:00,31592.92,21.67,8.8,3.5,5.53,10,0
6/30/2007 23:00,31592.97,21.11,7,3.8,5.45,10,0
7/1/2007 0:00,31593,18.33,5.8,3.3,5.57,10,0
7/1/2007 1:00,31593.04,17.22,5.8,2.9,5.62,10,0
7/1/2007 2:00,31593.08,15.56,6.5,2.3,5.69,10,0
7/1/2007 3:00,31593.13,16.11,6.8,2.2,5.64,10,0
7/1/2007 4:00,31593.17,16.11,6.9,2.4,5.79,10,3
7/1/2007 5:00,31593.21,16.11,7.6,1.5,5.74,7.28,72
7/1/2007 6:00,31593.25,17.78,7.2,1.8,5.38,5.19,247
7/1/2007 7:00,31593.29,20,7.9,0.9,5.04,4.78,411
7/1/2007 8:00,31593.34,25,8.2,1.4,5.55,3.55,594
7/1/2007 9:00,31593.38,27.22,7.9,1.6,5.59,3.65,713
7/1/2007 10:00,31593.42,30,8.2,1.7,5.53,3.64,799
7/1/2007 11:00,31593.46,31.11,9.1,1.9,4.94,2.79,874
7/1/2007 12:00,31593.5,33.89,8.3,2.4,4.61,3.07,864
7/1/2007 13:00,31593.55,35.56,7.5,3.3,5.04,4.97,734
7/1/2007 14:00,31593.59,36.11,6.3,3.2,5.32,5.09,649
7/1/2007 15:00,31593.63,36.11,4.1,3.8,5.48,3.41,598
7/1/2007 16:00,31593.67,37.78,1.3,3.8,5.45,3.22,450
7/1/2007 17:00,31593.71,36.11,0.5,4.2,5.36,3.6,274
7/1/2007 18:00,31593.76,34.44,2.8,3.5,5.36,2.23,106
7/1/2007 19:00,31593.8,31.11,5.2,2.8,5.18,10,5
7/1/2007 20:00,31593.84,26.67,6.5,3.7,5.34,10,0
7/1/2007 21:00,31593.88,25,7.2,3.2,5.52,10,0
7/1/2007 22:00,31593.92,21.67,5.8,3.4,5.45,10,0
7/1/2007 23:00,31593.97,19.44,4.9,3.5,5.55,10,0
7/2/2007 0:00,31594,18.89,5.4,3.2,5.57,10,0
7/2/2007 1:00,31594.04,17.78,6.5,1.4,5.83,10,0
7/2/2007 2:00,31594.08,17.78,7.1,1.8,5.59,10,0
7/2/2007 3:00,31594.13,17.22,6.7,2,5.62,10,0
7/2/2007 4:00,31594.17,17.22,7.4,1.1,5.71,10,3
7/2/2007 5:00,31594.21,17.22,7.6,1.6,5.55,4.92,92
7/2/2007 6:00,31594.25,20,6.9,1.8,5.5,4.81,254
7/2/2007 7:00,31594.29,23.89,6.7,1.4,5.22,4.2,427
7/2/2007 8:00,31594.34,25,6.5,1,6.27,3.79,586
7/2/2007 9:00,31594.38,27.78,6.8,1.2,4.61,3.42,721
7/2/2007 10:00,31594.42,30,7.3,1.5,0.73,3.2,816
7/2/2007 11:00,31594.46,33.89,7.2,1.7,0.17,3.04,865
7/2/2007 12:00,31594.5,35.56,7.2,2.6,5.29,3.07,864
7/2/2007 13:00,31594.55,36.67,6.2,3.6,5.5,3.06,821
7/2/2007 14:00,31594.59,37.22,6.2,3.7,5.62,3.24,727
7/2/2007 15:00,31594.63,38.33,7.6,4,5.55,3.56,593
7/2/2007 16:00,31594.67,37.22,5.9,4.1,5.57,3.75,438
7/2/2007 17:00,31594.71,36.67,6.7,4.1,5.29,4.28,263
7/2/2007 18:00,31594.76,34.44,7.2,4,5.32,3.73,99
7/2/2007 19:00,31594.8,32.22,8.5,4.1,5.36,10,5
7/2/2007 20:00,31594.84,28.89,9.2,3.4,5.46,10,0
7/2/2007 21:00,31594.88,26.11,9.9,3.1,5.64,10,0
7/2/2007 22:00,31594.92,25.56,9.4,3.3,5.62,10,0
7/2/2007 23:00,31594.97,21.11,9.4,3.5,5.59,10,0
7/3/2007 0:00,31595,23.33,10,3.2,5.46,10,0
7/3/2007 1:00,31595.04,21.11,10.5,2.2,5.55,10,0
7/3/2007 2:00,31595.08,21.67,11.5,2.1,5.25,10,0
7/3/2007 3:00,31595.13,20,11.5,1.5,5.95,10,0
7/3/2007 4:00,31595.17,20.56,11.6,1.2,5.71,10,2
7/3/2007 5:00,31595.21,19.44,12,1.7,5.95,5.65,86
7/3/2007 6:00,31595.25,21.67,12.3,2.1,5.92,5.14,247
7/3/2007 7:00,31595.29,25,12.5,1.6,5.71,4.51,418
7/3/2007 8:00,31595.34,30,12.3,2.1,5.36,4,579
7/3/2007 9:00,31595.38,28.89,11.7,2.4,5.38,3.58,715
7/3/2007 10:00,31595.42,31.11,11.6,2,5.13,3.3,812
7/3/2007 11:00,31595.46,35.56,12,2.2,4.89,3.19,859
7/3/2007 12:00,31595.5,36.11,12.3,2.4,5.08,3.14,861
7/3/2007 13:00,31595.55,37.22,10.9,2.7,5.45,3.11,819
7/3/2007 14:00,31595.59,37.78,9.8,3.4,5.39,3.26,726
7/3/2007 15:00,31595.63,38.33,10.6,3.3,5.22,3.68,589
7/3/2007 16:00,31595.67,37.78,11.3,4.4,4.94,4.13,428
7/3/2007 17:00,31595.71,37.22,10.2,4.2,5.2,4.6,257
7/3/2007 18:00,31595.76,35.56,8.9,3.5,5.24,4.31,95
7/3/2007 19:00,31595.8,32.78,10.4,2,5.13,10,5
7/3/2007 20:00,31595.84,29.44,11.3,2,5.27,10,0
7/3/2007 21:00,31595.88,27.78,11.6,2.1,5.18,10,0
7/3/2007 22:00,31595.92,26.11,13,2.1,5.27,10,0
7/3/2007 23:00,31595.97,23.89,13.5,1.8,5.34,10,0
7/4/2007 0:00,31596,25,13.7,1.8,5.78,10,0
7/4/2007 1:00,31596.04,23.89,14.1,1.2,5.65,10,0
7/4/2007 2:00,31596.08,23.89,14.3,0.7,2.27,10,0
7/4/2007 3:00,31596.13,23.89,15,0.7,0.02,10,0
7/4/2007 4:00,31596.17,23.89,14.8,0.7,5.65,10,2
7/4/2007 5:00,31596.21,23.89,15.7,0.6,0.28,6.51,78
7/4/2007 6:00,31596.25,25.56,15.5,0.6,6.06,5.64,236
7/4/2007 7:00,31596.29,27.78,14.2,1.2,1.59,4.83,408
7/4/2007 8:00,31596.34,31.67,13.2,2.6,2.18,4.27,569
7/4/2007 9:00,31596.38,33.89,13.5,2.2,2.6,3.89,703
7/4/2007 10:00,31596.42,34.44,13.4,2.1,3.46,3.57,801
7/4/2007 11:00,31596.46,36.67,13.3,1.7,3.35,3.41,850
7/4/2007 12:00,31596.5,37.78,13.5,1.7,4.89,3.53,845
7/4/2007 13:00,31596.55,40.56,13.9,2.5,5.06,3.52,803
7/4/2007 14:00,31596.59,40.56,12.4,2.6,5.15,3.54,716
7/4/2007 15:00,31596.63,41.67,12.3,2.8,5.17,3.86,583
7/4/2007 16:00,31596.67,42.78,11.5,2.8,5.01,4.26,424
7/4/2007 17:00,31596.71,40.56,12.2,2.8,5.01,4.78,253
7/4/2007 18:00,31596.76,38.89,12.8,2.5,5.01,4.83,91
7/4/2007 19:00,31596.8,35.56,13.6,1.4,4.82,10,5
7/4/2007 20:00,31596.84,32.78,14,1,4.83,10,0
7/4/2007 21:00,31596.88,31.67,16,1.1,1.66,10,0
7/4/2007 22:00,31596.92,29.44,16.1,0.6,0.31,10,0
7/4/2007 23:00,31596.97,25.56,17.3,0.9,1.03,10,0
7/5/2007 0:00,31597,28.33,17.9,0.7,1.34,10,0
7/5/2007 1:00,31597.04,28.89,17.5,1.3,1.26,10,0
7/5/2007 2:00,31597.08,28.33,17,1.1,1.12,10,0
7/5/2007 3:00,31597.13,26.67,16,0.9,0.93,10,0
7/5/2007 4:00,31597.17,26.67,16.3,0.8,6.23,10,2
7/5/2007 5:00,31597.21,25.56,16.7,0.5,6.23,7.08,72
7/5/2007 6:00,31597.25,26.67,16.5,0.8,3.65,6.02,227
7/5/2007 7:00,31597.29,31.11,13.6,1.7,2.67,5.2,396
7/5/2007 8:00,31597.34,35.56,14.8,2,3.18,4.61,556
7/5/2007 9:00,31597.38,36.11,16.2,1.9,3.23,4.38,682
7/5/2007 10:00,31597.42,38.33,15.6,1.8,3.12,3.96,784
7/5/2007 11:00,31597.46,42.22,14.4,1.7,5.01,3.82,832
7/5/2007 12:00,31597.5,42.78,13.9,1.4,0.05,3.69,838
7/5/2007 13:00,31597.55,43.33,13.8,1.7,4.63,4.34,766
7/5/2007 14:00,31597.59,45,13,1.5,4.52,3.87,703
7/5/2007 15:00,31597.63,45,11.8,1.4,5.13,4.42,563
7/5/2007 16:00,31597.67,50.56,11.3,1.1,5.76,4.53,416
7/5/2007 17:00,31597.71,45.56,9.8,1,4.71,4.47,258
7/5/2007 18:00,31597.76,45,13.8,1.9,5.11,3.87,96
7/5/2007 19:00,31597.8,40.56,15.1,1.6,5.04,10,4
7/5/2007 20:00,31597.84,36.11,15.9,0.9,4.54,10,0
7/5/2007 21:00,31597.88,35.56,18.1,0.8,6.25,10,0
7/5/2007 22:00,31597.92,33.89,18.1,0.9,6.25,10,0
7/5/2007 23:00,31597.97,29.44,17.6,1.7,4.89,10,0
7/6/2007 0:00,31598,30.56,16.4,1.4,5.78,10,0
7/6/2007 1:00,31598.04,28.89,16.6,1.3,0.12,10,0
7/6/2007 2:00,31598.08,31.11,17.4,1.1,0.49,10,0
7/6/2007 3:00,31598.13,30,17.9,1.3,4.94,10,0
7/6/2007 4:00,31598.17,28.89,18.7,0.7,0.37,10,2
7/6/2007 5:00,31598.21,27.22,19.2,1,0.21,7.89,63
7/6/2007 6:00,31598.25,27.22,18.9,0.9,6.16,6.57,213
7/6/2007 7:00,31598.29,32.78,17.6,1.3,2.41,5.33,391
7/6/2007 8:00,31598.34,36.67,18.1,2.6,2.41,5.16,533
7/6/2007 9:00,31598.38,37.78,18.4,2.7,2.44,4.57,673
7/6/2007 10:00,31598.42,40,17.3,2.8,2.84,4.59,753
7/6/2007 11:00,31598.46,41.11,14.9,2.3,2.97,6.56,662
7/6/2007 12:00,31598.5,42.78,15.6,2.2,3.54,4.07,820
7/6/2007 13:00,31598.55,43.89,10.2,3.2,3.87,3.82,790
7/6/2007 14:00,31598.59,45,6.3,3.5,3.8,3.68,710
7/6/2007 15:00,31598.63,45.56,5.7,3.2,3.75,4.07,575
7/6/2007 16:00,31598.67,45.56,6.8,3,3.98,4.48,417
7/6/2007 17:00,31598.71,45,6.1,2.2,4.49,4.87,250
7/6/2007 18:00,31598.76,42.22,5.6,2.3,4.01,4.74,90
7/6/2007 19:00,31598.8,38.33,8.1,2.3,5.06,10,4
7/6/2007 20:00,31598.84,32.22,9.8,2.4,5.6,10,0
7/6/2007 21:00,31598.88,31.11,13.7,2.4,5.62,10,0
7/6/2007 22:00,31598.92,29.44,13.3,2.5,5.64,10,0
7/6/2007 23:00,31598.97,32.22,12.9,2.4,5.5,10,0
7/7/2007 0:00,31599,23.33,12.9,1.8,5.64,10,0
7/7/2007 1:00,31599.04,23.33,13,1.7,5.85,10,0
7/7/2007 2:00,31599.08,22.22,12.9,1.6,6.04,10,0
7/7/2007 3:00,31599.13,23.33,13.3,0.8,5.9,10,0
7/7/2007 4:00,31599.17,23.89,13,0.8,4.05,10,2
7/7/2007 5:00,31599.21,22.78,14,0.7,5.32,7.55,66
7/7/2007 6:00,31599.25,22.22,14.3,1,5.34,6.38,217
7/7/2007 7:00,31599.29,25.56,14.1,1.2,4.31,5.32,391
7/7/2007 8:00,31599.34,29.44,14,1.1,3.4,4.58,556
7/7/2007 9:00,31599.38,32.22,13.6,1.6,3.42,4.1,693
7/7/2007 10:00,31599.42,33.89,12.8,1.7,4.1,3.81,790
7/7/2007 11:00,31599.46,35.56,11.9,2.1,4.07,3.67,838
7/7/2007 12:00,31599.5,37.78,11.6,2.2,4.59,3.58,842
7/7/2007 13:00,31599.55,38.89,10.4,2.1,4.33,3.62,798
7/7/2007 14:00,31599.59,40,10.3,2.3,5.01,3.69,709
7/7/2007 15:00,31599.63,40.56,11,2.4,5.5,3.99,577
7/7/2007 16:00,31599.67,41.67,7.5,2.2,5.31,4.34,420
7/7/2007 17:00,31599.71,38.89,10.5,3.1,5.27,4.88,249
7/7/2007 18:00,31599.76,37.22,11.3,3.3,5.62,4.26,92
7/7/2007 19:00,31599.8,32.22,12.9,2.7,5.57,10,5
7/7/2007 20:00,31599.84,28.89,15.5,3.3,5.45,10,0
7/7/2007 21:00,31599.88,26.67,15.5,3.2,5.29,10,0
7/7/2007 22:00,31599.92,25.56,14.8,2.9,5.53,10,0
7/7/2007 23:00,31599.97,25.56,14.6,3.1,5.69,10,0
7/8/2007 0:00,31600,21.11,14.4,2.6,5.78,10,0
7/8/2007 1:00,31600.04,19.44,14.3,2.7,5.71,10,0
7/8/2007 2:00,31600.08,20,13.9,2.4,5.64,10,0
7/8/2007 3:00,31600.13,20,13.5,1.5,5.65,10,0
7/8/2007 4:00,31600.17,18.89,13.4,1.2,5.88,10,2
7/8/2007 5:00,31600.21,18.89,13.8,0.7,4.82,7.87,62
7/8/2007 6:00,31600.25,17.78,14,0.8,5.78,6.75,207
7/8/2007 7:00,31600.29,22.22,14.4,1,6.11,5.73,376
7/8/2007 8:00,31600.34,27.78,14.5,1.2,4.38,5.36,523
7/8/2007 9:00,31600.38,28.33,15,1.3,3.47,4.96,653
7/8/2007 10:00,31600.42,31.11,14.8,1.6,4.75,4.42,761
7/8/2007 11:00,31600.46,33.33,13.8,1.9,3.75,4.09,818
7/8/2007 12:00,31600.5,35.56,12.9,1.8,3.19,3.82,831
7/8/2007 13:00,31600.55,37.22,11.8,1.8,4.05,3.72,793
7/8/2007 14:00,31600.59,38.33,11.3,1.8,3.68,3.86,702
7/8/2007 15:00,31600.63,40,10.3,1.3,5.69,4.23,568
7/8/2007 16:00,31600.67,40.56,10.4,1.3,0.07,4.81,406
7/8/2007 17:00,31600.71,41.67,12.9,2.2,5.22,5.64,233
7/8/2007 18:00,31600.76,37.78,13.1,2.1,5.13,5.88,80
7/8/2007 19:00,31600.8,33.89,12.4,1.6,4.99,10,4
7/8/2007 20:00,31600.84,30,14.7,1.1,5.41,10,0
7/8/2007 21:00,31600.88,30,16.2,0.6,5.31,10,0
7/8/2007 22:00,31600.92,28.33,16.2,1,5.6,10,0
7/8/2007 23:00,31600.97,22.78,15.4,1.5,5.67,10,0
7/9/2007 0:00,31601,27.78,14.5,1.6,5.83,10,0
7/9/2007 1:00,31601.04,25.56,14.6,1.3,5.03,10,0
7/9/2007 2:00,31601.08,25.56,14.3,1,4.75,10,0
7/9/2007 3:00,31601.13,23.89,15,0.6,5.55,10,0
7/9/2007 4:00,31601.17,25,15.1,0.6,4.5,10,2
7/9/2007 5:00,31601.21,23.89,15.6,0.7,6.07,7.1,69
7/9/2007 6:00,31601.25,23.89,15.1,1.2,1.69,5.98,225
7/9/2007 7:00,31601.29,27.22,12.5,1.8,2.3,5.27,391
7/9/2007 8:00,31601.34,31.11,13.8,1.7,3.05,4.75,548
7/9/2007 9:00,31601.38,33.33,14.8,2.1,3.12,4.31,683
7/9/2007 10:00,31601.42,33.89,15.2,2.1,3.21,4.16,773
7/9/2007 11:00,31601.46,35.56,14.9,1.9,3.96,4.06,819
7/9/2007 12:00,31601.5,37.22,14.2,2.3,4.35,3.69,836
7/9/2007 13:00,31601.55,39.44,13.1,2.4,4.61,3.74,792
7/9/2007 14:00,31601.59,39.44,13.4,2.5,4.12,3.92,699
7/9/2007 15:00,31601.63,40,12.3,2.4,4.82,4.27,566
7/9/2007 16:00,31601.67,41.11,11.4,2.4,5.08,4.68,409
7/9/2007 17:00,31601.71,40.56,12.5,2.2,5.34,5.11,243
7/9/2007 18:00,31601.76,38.33,13.1,2.4,5.29,5.21,84
7/9/2007 19:00,31601.8,35,14.6,3.2,5.55,10,4
7/9/2007 20:00,31601.84,31.11,15.2,4,5.67,10,0
7/9/2007 21:00,31601.88,28.89,13.7,3.3,5.67,10,0
7/9/2007 22:00,31601.92,27.22,12,3.2,5.25,10,0
7/9/2007 23:00,31601.97,28.33,12.1,3.1,5.32,10,0
7/10/2007 0:00,31602,22.78,13.8,2.5,5.62,10,0
7/10/2007 1:00,31602.04,21.67,12.8,2.4,5.55,10,0
7/10/2007 2:00,31602.08,22.22,12.5,2,5.6,10,0
7/10/2007 3:00,31602.13,21.11,12,1.8,5.53,10,0
7/10/2007 4:00,31602.17,22.22,12,1.7,5.5,10,1
7/10/2007 5:00,31602.21,21.11,12.2,1.3,5.38,8.92,49
7/10/2007 6:00,31602.25,22.78,12.4,1.5,5.78,7.79,177
7/10/2007 7:00,31602.29,26.67,12.9,1.9,4.21,7.31,311
7/10/2007 8:00,31602.34,25.56,13.4,1.7,3.53,5.2,529
7/10/2007 9:00,31602.38,29.44,13.4,2.4,3.67,7.32,506
7/10/2007 10:00,31602.42,30.56,12.7,1.8,4.21,8.11,498
7/10/2007 11:00,31602.46,30.56,10.9,1.5,4.82,8.06,530
7/10/2007 12:00,31602.5,31.11,10.9,1.6,5.52,8.53,483
7/10/2007 13:00,31602.55,33.33,10.9,2,5.22,7.08,587
7/10/2007 14:00,31602.59,33.33,10.1,2.2,5.06,8.58,405
7/10/2007 15:00,31602.63,36.11,12.4,2.7,4.69,10,163
7/10/2007 16:00,31602.67,32.78,13.6,4.5,5.15,10,132
7/10/2007 17:00,31602.71,30,14.6,3.9,5.57,10,65
7/10/2007 18:00,31602.76,30,13.2,3.7,4.89,10,20
7/10/2007 19:00,31602.8,28.33,14,2.5,5.03,10,1
7/10/2007 20:00,31602.84,26.67,15.5,1.5,6.25,10,0
7/10/2007 21:00,31602.88,26.11,15.3,1,4.75,10,0
7/10/2007 22:00,31602.92,26.11,15.3,1.8,4.96,10,0
7/10/2007 23:00,31602.97,25,15.3,2.1,5.46,10,0
7/11/2007 0:00,31603,23.89,15.9,2.1,5.24,10,0
7/11/2007 1:00,31603.04,23.89,15,2.3,5.22,10,0
7/11/2007 2:00,31603.08,22.78,14.1,2.5,5.34,10,0
7/11/2007 3:00,31603.13,21.67,14,1.9,5.25,10,0
7/11/2007 4:00,31603.17,20,13.9,2.4,5.57,10,1
7/11/2007 5:00,31603.21,20.56,13.2,2.7,5.52,9.93,36
7/11/2007 6:00,31603.25,21.67,13.5,2.4,5.88,7.42,187
7/11/2007 7:00,31603.29,23.33,13.7,2.8,5.79,5.87,369
7/11/2007 8:00,31603.34,25.56,13.5,2.9,5.6,5.25,526
7/11/2007 9:00,31603.38,27.78,13.8,2.8,5.17,4.75,662
7/11/2007 10:00,31603.42,30,13.9,2.8,5.06,4.43,759
7/11/2007 11:00,31603.46,31.11,13.6,2.6,4.97,4.26,808
7/11/2007 12:00,31603.5,33.89,13.3,2.6,4.75,4.16,813
7/11/2007 13:00,31603.55,33.89,13,3,5.04,4.14,773
7/11/2007 14:00,31603.59,34.44,13.1,2.8,5.29,4.26,684
7/11/2007 15:00,31603.63,35.56,12,2.2,5.48,4.4,560
7/11/2007 16:00,31603.67,35.56,11.4,2.5,5.13,4.66,408
7/11/2007 17:00,31603.71,34.44,12.1,3.6,5.27,5.17,240
7/11/2007 18:00,31603.76,31.67,12.2,4,5.38,4.56,86
7/11/2007 19:00,31603.8,28.33,13.8,4.2,5.6,10,4
7/11/2007 20:00,31603.84,25.56,14.3,3.9,5.53,10,0
7/11/2007 21:00,31603.88,23.33,13.7,3.6,5.67,10,0
7/11/2007 22:00,31603.92,21.67,13.4,3.8,5.52,10,0
7/11/2007 23:00,31603.97,24.44,13.1,3.2,5.69,10,0
7/12/2007 0:00,31604,18.33,12.5,3.4,5.64,10,0
7/12/2007 1:00,31604.04,17.78,12.1,2.9,5.55,10,0
7/12/2007 2:00,31604.08,16.11,12,2.9,5.59,10,0
7/12/2007 3:00,31604.13,16.11,11.8,2.3,5.67,10,0
7/12/2007 4:00,31604.17,15.56,11.8,2.3,5.59,10,7
7/12/2007 5:00,31604.21,16.11,11.9,2.5,5.6,9.07,46
7/12/2007 6:00,31604.25,16.11,12.2,2.5,5.59,6.3,215
7/12/2007 7:00,31604.29,21.11,12.6,1.7,5.27,5.39,385
7/12/2007 8:00,31604.34,23.33,13.1,1.5,4.87,4.78,545
7/12/2007 9:00,31604.38,24.44,13.5,1.6,5.38,4.36,679
7/12/2007 10:00,31604.42,26.67,13.8,1.6,5.03,4.06,776
7/12/2007 11:00,31604.46,30,13.7,1.6,5.01,3.86,827
7/12/2007 12:00,31604.5,31.11,13.1,1.8,4.35,3.84,828
7/12/2007 13:00,31604.55,33.33,13.6,2.4,4.76,3.9,783
7/12/2007 14:00,31604.59,35.56,13.3,2.5,5.39,4.05,692
7/12/2007 15:00,31604.63,37.22,12.9,2.4,5.25,4.29,563
7/12/2007 16:00,31604.67,36.67,13,3,5.39,5.19,391
7/12/2007 17:00,31604.71,35,13.5,3.3,5.15,5.66,229
7/12/2007 18:00,31604.76,32.78,13,3.2,5.52,4.35,86
7/12/2007 19:00,31604.8,29.44,14.4,2.7,5.2,10,4
7/12/2007 20:00,31604.84,26.67,14.2,3.4,5.52,10,0
7/12/2007 21:00,31604.88,25,14.1,4.1,5.6,10,0
7/12/2007 22:00,31604.92,23.33,13.1,4,5.55,10,0
7/12/2007 23:00,31604.97,20.56,11.8,4,5.64,10,0
7/13/2007 0:00,31605,20.56,10.9,3.4,5.55,10,0
7/13/2007 1:00,31605.04,18.33,10.9,3.5,5.46,10,0
7/13/2007 2:00,31605.08,18.33,11.2,3.2,5.52,10,0
7/13/2007 3:00,31605.13,16.67,11.2,3,5.5,10,0
7/13/2007 4:00,31605.17,16.11,11.2,2.7,5.67,10,2
7/13/2007 5:00,31605.21,15.56,11.2,2.7,5.69,7.04,66
7/13/2007 6:00,31605.25,17.78,11.5,3.4,5.6,6.05,220
7/13/2007 7:00,31605.29,20.56,12,3,5.79,5.39,384
7/13/2007 8:00,31605.34,24.44,12.6,1.9,5.78,4.78,544
7/13/2007 9:00,31605.38,26.67,13.1,1.4,6.18,4.28,682
7/13/2007 10:00,31605.42,28.89,13.4,1.6,5.52,4.03,777
7/13/2007 11:00,31605.46,30.56,13.4,2.2,5.45,3.93,823
7/13/2007 12:00,31605.5,32.22,13.6,2.2,5.13,3.89,825
7/13/2007 13:00,31605.55,33.33,13.4,2.6,5.11,3.96,780
7/13/2007 14:00,31605.59,35,13.1,2.4,5.2,4.03,692
7/13/2007 15:00,31605.63,36.67,12.6,3,5.18,4.47,556
7/13/2007 16:00,31605.67,36.11,13.1,3.2,5.24,4.77,403
7/13/2007 17:00,31605.71,35.56,13,3.2,5.18,5.07,240
7/13/2007 18:00,31605.76,35,12.2,3.1,5.32,3.91,87
7/13/2007 19:00,31605.8,31.11,12.5,2.2,5.17,10,3
7/13/2007 20:00,31605.84,27.78,12.3,2.3,5.2,10,0
7/13/2007 21:00,31605.88,27.22,12.3,2.5,5.5,10,0
7/13/2007 22:00,31605.92,25.56,12.7,2,5.6,10,0
7/13/2007 23:00,31605.97,22.22,12.7,2.5,5.34,10,0
7/14/2007 0:00,31606,24.44,13.5,2.6,5.46,10,0
7/14/2007 1:00,31606.04,22.78,13.6,2.3,5.72,10,0
7/14/2007 2:00,31606.08,22.22,13.8,2.1,5.52,10,0
7/14/2007 3:00,31606.13,21.11,13.9,1.9,5.38,10,0
7/14/2007 4:00,31606.17,20,13.6,2.1,5.6,10,1
7/14/2007 5:00,31606.21,20,13.4,2.3,5.78,8.1,55
7/14/2007 6:00,31606.25,22.22,13.4,1.9,5.83,6.68,204
7/14/2007 7:00,31606.29,23.89,13.5,1.5,5.65,5.8,369
7/14/2007 8:00,31606.34,27.22,14.1,1.3,5.71,5.58,509
7/14/2007 9:00,31606.38,30,14.3,1.3,3.93,5.13,641
7/14/2007 10:00,31606.42,32.22,13.8,1.6,4.45,4.55,751
7/14/2007 11:00,31606.46,33.89,12.6,1.8,5.22,4.15,812
7/14/2007 12:00,31606.5,35.56,12.2,2.4,5.18,4.65,786
7/14/2007 13:00,31606.55,37.78,11.9,3.3,5.03,4.01,777
7/14/2007 14:00,31606.59,37.78,11.8,3.6,5.03,8.82,382
7/14/2007 15:00,31606.63,36.67,10.9,3.1,5.1,9.01,301
7/14/2007 16:00,31606.67,35.56,10.1,3,5.71,9.8,177
7/14/2007 17:00,31606.71,35,8.8,3,5.52,10,98
7/14/2007 18:00,31606.76,32.78,9.4,2.7,5.22,8.73,48
7/14/2007 19:00,31606.8,32.78,11,3.1,5.29,10,9
7/14/2007 20:00,31606.84,31.11,11.5,3.5,5.34,10,0
7/14/2007 21:00,31606.88,28.33,12.9,3.7,5.45,10,0
7/14/2007 22:00,31606.92,27.22,14,3.1,5.43,10,0
7/14/2007 23:00,31606.97,24.44,12.6,3,5.5,10,0
7/15/2007 0:00,31607,24.44,11.1,2.6,5.45,10,0
7/15/2007 1:00,31607.04,23.89,10.7,2.4,5.41,10,0
7/15/2007 2:00,31607.08,22.22,11.1,3,5.39,10,0
7/15/2007 3:00,31607.13,21.11,11.3,1.8,5.74,10,0
7/15/2007 4:00,31607.17,21.11,10.6,3.3,5.64,10,1
7/15/2007 5:00,31607.21,21.11,11.1,2.7,5.57,7.7,58
7/15/2007 6:00,31607.25,21.67,11.5,3.2,5.57,6.96,196
7/15/2007 7:00,31607.29,25,10.5,3.8,5.78,6.72,333
7/15/2007 8:00,31607.34,29.44,11,2.1,5.97,5.94,491
7/15/2007 9:00,31607.38,29.44,10.5,2.4,5.18,5.04,645
7/15/2007 10:00,31607.42,32.22,11.4,2.8,5.22,4.38,759
7/15/2007 11:00,31607.46,33.89,11.3,2.3,5.18,4.26,806
7/15/2007 12:00,31607.5,36.67,11.2,2.7,5.59,4.2,809
7/15/2007 13:00,31607.55,37.22,8.9,3.2,5.6,4.75,740
7/15/2007 14:00,31607.59,37.22,9.6,3.3,5.6,4.49,671
7/15/2007 15:00,31607.63,38.33,8.7,3.6,5.41,5.38,517
7/15/2007 16:00,31607.67,37.78,6.3,3.9,5.5,5.2,388
7/15/2007 17:00,31607.71,37.78,4.4,4.4,5.43,5.56,228
7/15/2007 18:00,31607.76,36.11,7.5,4.3,5.43,5.51,75
7/15/2007 19:00,31607.8,32.78,8.6,3.7,5.32,10,3
7/15/2007 20:00,31607.84,30.56,10.7,4,5.41,10,0
7/15/2007 21:00,31607.88,28.33,12.6,4.4,5.45,10,0
7/15/2007 22:00,31607.92,26.67,13.6,4.2,5.48,10,0
7/15/2007 23:00,31607.97,25.56,14.5,4.1,5.6,10,0
7/16/2007 0:00,31608,22.78,13.9,3.7,5.55,10,0
7/16/2007 1:00,31608.04,22.78,13.5,3,5.67,10,0
7/16/2007 2:00,31608.08,22.78,13.6,2.4,5.6,10,0
7/16/2007 3:00,31608.13,21.67,13.7,2.2,5.52,10,0
7/16/2007 4:00,31608.17,21.11,14,2.5,5.43,10,1
7/16/2007 5:00,31608.21,20.56,14.1,2.7,5.69,9.17,42
7/16/2007 6:00,31608.25,21.67,14.4,2.4,5.74,6.68,202
7/16/2007 7:00,31608.29,23.33,14.6,2.3,5.78,5.72,370
7/16/2007 8:00,31608.34,28.33,14.3,2.3,5.67,5.04,531
7/16/2007 9:00,31608.38,30,12.7,2.1,5.53,4.56,667
7/16/2007 10:00,31608.42,31.67,11.9,1.8,5.27,4.26,764
7/16/2007 11:00,31608.46,35.56,11.9,2.2,4.96,4.08,814
7/16/2007 12:00,31608.5,35,11.4,2.7,5.38,3.98,819
7/16/2007 13:00,31608.55,36.67,9.2,3.3,5.45,3.96,778
7/16/2007 14:00,31608.59,37.78,9.7,3.3,5.78,4.17,684
7/16/2007 15:00,31608.63,38.89,11.4,3.8,5.53,4.47,553
7/16/2007 16:00,31608.67,37.78,10.3,4.4,5.45,4.84,398
7/16/2007 17:00,31608.71,36.11,8.6,5.1,5.34,5.3,232
7/16/2007 18:00,31608.76,34.44,8.8,4.8,5.41,4.81,78
7/16/2007 19:00,31608.8,31.11,10,4.6,5.29,10,3
7/16/2007 20:00,31608.84,27.78,10.1,4.7,5.5,10,0
7/16/2007 21:00,31608.88,26.11,8.2,5.4,5.52,10,0
7/16/2007 22:00,31608.92,22.78,8.2,4.9,5.6,10,0
7/16/2007 23:00,31608.97,25.56,8.3,4.2,5.62,10,0
7/17/2007 0:00,31609,20,9.6,4,5.48,10,0
7/17/2007 1:00,31609.04,18.33,10.2,3.8,5.69,10,0
7/17/2007 2:00,31609.08,17.78,9.3,3,5.6,10,0
7/17/2007 3:00,31609.13,16.67,9.5,3.6,5.55,10,0
7/17/2007 4:00,31609.17,16.67,10.3,3,5.86,10,1
7/17/2007 5:00,31609.21,16.11,10.8,2.8,5.36,7.47,58
7/17/2007 6:00,31609.25,17.78,11.1,3.2,5.52,6.39,208
7/17/2007 7:00,31609.29,21.11,11.2,3.4,5.57,5.66,371
7/17/2007 8:00,31609.34,22.78,11.1,3.3,5.76,4.95,534
7/17/2007 9:00,31609.38,25.56,10.9,3,5.41,4.46,671
7/17/2007 10:00,31609.42,27.78,10.8,2.5,5.6,4.18,767
7/17/2007 11:00,31609.46,32.22,10.4,2.4,5.03,3.98,818
7/17/2007 12:00,31609.5,32.22,10.5,2.6,5.34,3.9,822
7/17/2007 13:00,31609.55,32.78,10.2,2.7,4.97,3.87,781
7/17/2007 14:00,31609.59,34.44,10.6,3.2,5.1,4.05,688
7/17/2007 15:00,31609.63,34.44,9.7,3.2,5.03,4.31,558
7/17/2007 16:00,31609.67,36.11,9.4,3.2,5.41,4.77,399
7/17/2007 17:00,31609.71,33.89,8.8,2.9,5.48,5.08,235
7/17/2007 18:00,31609.76,32.22,8.9,3.2,5.5,3.72,82
7/17/2007 19:00,31609.8,29.44,7.9,2.9,5.32,10,3
7/17/2007 20:00,31609.84,26.11,7.5,3.2,5.45,10,0
7/17/2007 21:00,31609.88,24.44,10.4,3.2,5.45,10,0
7/17/2007 22:00,31609.92,23.89,12.8,3.9,5.45,10,0
7/17/2007 23:00,31609.97,20.56,12.9,4.3,5.52,10,0
7/18/2007 0:00,31610,20,13.2,4.1,5.5,10,0
7/18/2007 1:00,31610.04,19.44,13.6,3.9,5.59,10,0
7/18/2007 2:00,31610.08,17.78,13.9,3.6,5.71,10,0
7/18/2007 3:00,31610.13,17.22,14.1,2.8,5.65,10,0
7/18/2007 4:00,31610.17,17.22,14.3,2.5,5.52,10,1
7/18/2007 5:00,31610.21,17.78,14.7,3.1,5.57,7.1,60
7/18/2007 6:00,31610.25,19.44,15.2,2.9,5.52,6.38,207
7/18/2007 7:00,31610.29,21.11,15.3,2.9,5.53,5.63,371
7/18/2007 8:00,31610.34,23.89,15.6,3.2,5.64,5.12,526
7/18/2007 9:00,31610.38,27.78,15.4,3.1,5.46,4.66,661
7/18/2007 10:00,31610.42,29.44,15,3.2,5.25,4.35,758
7/18/2007 11:00,31610.46,30.56,13.5,3.2,5.08,4.16,809
7/18/2007 12:00,31610.5,32.22,12.7,3.4,5.5,4.09,812
7/18/2007 13:00,31610.55,33.33,11.9,3.5,5.38,4.14,768
7/18/2007 14:00,31610.59,34.44,11.6,3.1,5.22,4.2,681
7/18/2007 15:00,31610.63,34.44,13.1,4.2,5.41,4.5,550
7/18/2007 16:00,31610.67,33.33,13.6,4.4,5.46,4.8,397
7/18/2007 17:00,31610.71,32.22,14.1,4.6,5.45,4.9,237
7/18/2007 18:00,31610.76,30.56,15,4.5,5.52,3.31,82
7/18/2007 19:00,31610.8,27.22,15.3,4.5,5.45,10,3
7/18/2007 20:00,31610.84,26.11,15.4,4.9,5.45,10,0
7/18/2007 21:00,31610.88,24.44,15,5.4,5.62,10,0
7/18/2007 22:00,31610.92,22.22,12.6,5.9,5.62,10,0
7/18/2007 23:00,31610.97,21.67,11.8,5.6,5.65,10,0
7/19/2007 0:00,31611,20.56,11.5,5.4,5.64,10,0
7/19/2007 1:00,31611.04,19.44,11.5,4.8,5.53,10,0
7/19/2007 2:00,31611.08,18.33,11.7,4.6,5.65,10,0
7/19/2007 3:00,31611.13,16.67,11.7,4,5.67,10,0
7/19/2007 4:00,31611.17,16.11,11.9,3.8,5.85,10,1
7/19/2007 5:00,31611.21,16.11,12,3.7,5.69,7.08,59
7/19/2007 6:00,31611.25,16.67,12.4,3.5,5.71,6.07,213
7/19/2007 7:00,31611.29,21.11,12.7,3.5,5.64,5.39,378
7/19/2007 8:00,31611.34,23.33,12.9,3,5.5,4.82,537
7/19/2007 9:00,31611.38,26.11,12.9,2.7,5.83,4.37,673
7/19/2007 10:00,31611.42,28.33,12.3,2.5,5.34,4.02,773
7/19/2007 11:00,31611.46,30,11.9,2.5,5.48,3.78,826
7/19/2007 12:00,31611.5,30.56,12,2.5,4.97,3.71,829
7/19/2007 13:00,31611.55,32.78,11.9,3.5,5.04,3.76,784
7/19/2007 14:00,31611.59,32.78,11.4,4,5.2,3.86,694
7/19/2007 15:00,31611.63,32.78,10.6,3.9,5.18,4.08,564
7/19/2007 16:00,31611.67,34.44,10.7,3.7,5.59,4.39,407
7/19/2007 17:00,31611.71,33.89,10.2,4.3,5.55,4.76,238
7/19/2007 18:00,31611.76,31.67,8.6,4.5,5.53,2.48,83
7/19/2007 19:00,31611.8,29.44,8.5,3.4,5.48,10,3
7/19/2007 20:00,31611.84,26.67,10.2,3,5.36,10,0
7/19/2007 21:00,31611.88,23.89,9.4,3.8,5.45,10,0
7/19/2007 22:00,31611.92,22.78,10,3.8,5.38,10,0
7/19/2007 23:00,31611.97,21.11,10.9,4.2,5.36,10,0
7/20/2007 0:00,31612,20,10.7,3.9,5.45,10,0
7/20/2007 1:00,31612.04,19.44,11.1,3.1,5.67,10,0
7/20/2007 2:00,31612.08,18.33,11.5,1.5,5.85,10,0
7/20/2007 3:00,31612.13,17.22,11.3,1.4,5.62,10,0
7/20/2007 4:00,31612.17,18.33,11.1,1.7,5.9,10,1
7/20/2007 5:00,31612.21,18.33,10.9,2,5.9,6.78,60
7/20/2007 6:00,31612.25,18.89,11,2.4,5.9,5.82,217
7/20/2007 7:00,31612.29,21.67,10.8,2.7,5.74,5.1,386
7/20/2007 8:00,31612.34,25.56,11,2.6,5.62,4.54,547
7/20/2007 9:00,31612.38,28.89,11.3,2.6,5.41,4.16,681
7/20/2007 10:00,31612.42,30.56,10.7,2.6,5.38,3.86,779
7/20/2007 11:00,31612.46,33.89,8.8,2.9,5.64,3.6,833
7/20/2007 12:00,31612.5,34.44,7.4,3,5.15,3.48,838
7/20/2007 13:00,31612.55,35.56,8.5,3.4,5.36,3.69,786
7/20/2007 14:00,31612.59,35.56,8.4,3.7,5.15,3.75,697
7/20/2007 15:00,31612.63,35.56,8.4,3.7,5.24,4.04,564
7/20/2007 16:00,31612.67,36.11,8.5,3.9,5.2,4.42,405
7/20/2007 17:00,31612.71,35,8,3.9,5.5,4.62,239
7/20/2007 18:00,31612.76,32.78,7.5,4,5.52,2.14,82
7/20/2007 19:00,31612.8,30,8.1,4.5,5.5,10,3
7/20/2007 20:00,31612.84,26.67,9.7,3.6,5.55,10,0
7/20/2007 21:00,31612.88,25,11.8,4,5.48,10,0
7/20/2007 22:00,31612.92,23.89,13.4,4.1,5.41,10,0
7/20/2007 23:00,31612.97,21.11,14.5,3.4,5.5,10,0
7/21/2007 0:00,31613,21.11,14.7,3.2,5.45,10,0
7/21/2007 1:00,31613.04,18.89,14.4,1.9,5.76,10,0
7/21/2007 2:00,31613.08,18.89,14.2,1.4,5.78,10,0
7/21/2007 3:00,31613.13,18.89,14.1,1.1,5.85,10,0
7/21/2007 4:00,31613.17,19.44,13.9,1.1,5.83,10,1
7/21/2007 5:00,31613.21,19.44,14.1,1.4,5.65,6.16,63
7/21/2007 6:00,31613.25,22.22,13.9,1.2,5.99,5.85,215
7/21/2007 7:00,31613.29,23.89,12.6,2.2,5.76,5.22,381
7/21/2007 8:00,31613.34,27.22,12.1,2.6,5.69,4.66,541
7/21/2007 9:00,31613.38,29.44,11.6,1.9,4.85,4.23,677
7/21/2007 10:00,31613.42,32.78,11.2,1.5,5.6,3.91,776
7/21/2007 11:00,31613.46,33.89,11.6,2.1,5.31,3.79,824
7/21/2007 12:00,31613.5,34.44,10.1,1.9,5.48,3.67,829
7/21/2007 13:00,31613.55,36.67,9.6,2.3,5.52,3.65,787
7/21/2007 14:00,31613.59,36.11,9.9,2.7,5.25,3.75,696
7/21/2007 15:00,31613.63,37.78,10.3,2.8,5.31,4.01,564
7/21/2007 16:00,31613.67,37.22,11.3,3.6,5.27,4.37,405
7/21/2007 17:00,31613.71,36.11,9.6,3.6,5.55,4.47,240
7/21/2007 18:00,31613.76,34.44,10.2,3.7,5.57,1,82
7/21/2007 19:00,31613.8,31.67,10.2,3.2,5.55,10,2
7/21/2007 20:00,31613.84,30,11.3,2.8,5.36,10,0
7/21/2007 21:00,31613.88,27.78,13.1,3.7,5.34,10,0
7/21/2007 22:00,31613.92,25,13.8,3.6,5.24,10,0
7/21/2007 23:00,31613.97,21.11,13.2,2.9,5.24,10,0
7/22/2007 0:00,31614,23.33,14.3,2.5,5.24,10,0
7/22/2007 1:00,31614.04,21.11,14.3,1.8,5.59,10,0
7/22/2007 2:00,31614.08,20.56,14.2,1.4,5.41,10,0
7/22/2007 3:00,31614.13,21.11,14.1,1.5,5.65,10,0
7/22/2007 4:00,31614.17,20,13.9,1.3,5.93,10,1
7/22/2007 5:00,31614.21,20.56,13.8,1.3,5.72,6.38,60
7/22/2007 6:00,31614.25,22.22,13.9,2,5.81,5.83,214
7/22/2007 7:00,31614.29,26.11,13.8,1.6,5.46,5.21,380
7/22/2007 8:00,31614.34,27.78,14.2,1.2,4.31,4.63,541
7/22/2007 9:00,31614.38,30.56,14.2,1.4,4.12,4.26,675
7/22/2007 10:00,31614.42,31.11,14.3,2.1,4.42,3.89,776
7/22/2007 11:00,31614.46,33.89,14.1,2.6,5.03,3.7,827
7/22/2007 12:00,31614.5,36.67,13.6,2.7,5.13,3.67,828
7/22/2007 13:00,31614.55,37.22,13.4,3.6,5.11,3.74,782
7/22/2007 14:00,31614.59,38.33,11.7,3.5,5.11,3.85,691
7/22/2007 15:00,31614.63,38.89,10.3,3.7,5.13,4.09,560
7/22/2007 16:00,31614.67,38.89,10.4,3.7,5.62,4.47,401
7/22/2007 17:00,31614.71,37.22,10.4,3.8,5.52,4.74,234
7/22/2007 18:00,31614.76,35.56,9.4,3.6,5.46,0,81
7/22/2007 19:00,31614.8,32.78,11.2,3,5.48,10,3
7/22/2007 20:00,31614.84,29.44,13.8,3.1,5.5,10,0
7/22/2007 21:00,31614.88,28.33,14.3,3.3,5.53,10,0
7/22/2007 22:00,31614.92,27.22,14.8,3.7,5.41,10,0
7/22/2007 23:00,31614.97,24.44,14.8,3.6,5.38,10,0
7/23/2007 0:00,31615,23.33,14.8,2.8,5.53,10,0
7/23/2007 1:00,31615.04,22.22,14.6,2.5,5.62,10,0
7/23/2007 2:00,31615.08,22.22,14.3,1.8,5.5,10,0
7/23/2007 3:00,31615.13,21.67,14.4,1.6,5.72,10,0
7/23/2007 4:00,31615.17,21.67,14.6,1,5.71,10,0
7/23/2007 5:00,31615.21,22.22,14.9,1.6,5.43,10,18
7/23/2007 6:00,31615.25,22.78,15.3,1.8,5.9,9.35,118
7/23/2007 7:00,31615.29,23.89,15.2,1.8,5.81,7.54,290
7/23/2007 8:00,31615.34,26.11,15.5,2.2,5.65,4.94,528
7/23/2007 9:00,31615.38,31.11,15.2,2.8,5.46,8.1,438
7/23/2007 10:00,31615.42,32.78,15.2,2.8,4.97,6.97,588
7/23/2007 11:00,31615.46,34.44,15.4,2.9,5.34,3.36,840
7/23/2007 12:00,31615.5,35.56,14.4,2.2,4.94,7.28,594
7/23/2007 13:00,31615.55,37.78,14,3.1,4.97,5.57,686
7/23/2007 14:00,31615.59,37.22,14.1,3.7,5.25,6.13,577
7/23/2007 15:00,31615.63,36.11,14,3.7,5.24,4.54,543
7/23/2007 16:00,31615.67,34.44,14.7,3.5,5.03,8.95,220
7/23/2007 17:00,31615.71,35,14.6,3,4.99,8.71,138
7/23/2007 18:00,31615.76,34.44,16.2,2.5,4.97,8.33,43
7/23/2007 19:00,31615.8,30,16,2.5,5.13,10,1
7/23/2007 20:00,31615.84,29.44,16.8,3.4,5.34,10,0
7/23/2007 21:00,31615.88,27.78,16.6,2.6,5.65,10,0
7/23/2007 22:00,31615.92,28.33,17.8,2.1,5.86,10,0
7/23/2007 23:00,31615.97,25.56,18.2,1.3,4.36,10,0
7/24/2007 0:00,31616,28.33,18,2,4.87,10,0
7/24/2007 1:00,31616.04,26.67,18.6,1.2,6.16,10,0
7/24/2007 2:00,31616.08,26.11,16.6,2.2,5.72,10,0
7/24/2007 3:00,31616.13,25,16.6,1.1,6.07,10,0
7/24/2007 4:00,31616.17,24.44,16.8,1,4.83,10,0
7/24/2007 5:00,31616.21,23.89,16.5,1,4.92,7.9,46
7/24/2007 6:00,31616.25,25,16.7,1.5,5.76,5.98,208
7/24/2007 7:00,31616.29,27.78,16.5,1.7,5.74,5.92,354
7/24/2007 8:00,31616.34,31.67,17.2,0.9,0.45,5.25,514
7/24/2007 9:00,31616.38,33.89,17.2,1.6,5.01,4.87,645
7/24/2007 10:00,31616.42,33.89,17.2,2.2,4.94,4.52,744
7/24/2007 11:00,31616.46,35.56,14.4,2.8,4.83,4.23,800
7/24/2007 12:00,31616.5,36.11,13.5,2.9,5.22,4.13,805
7/24/2007 13:00,31616.55,39.44,12.2,2.3,5.55,4.21,759
7/24/2007 14:00,31616.59,39.44,12.4,2.7,5.32,5.47,614
7/24/2007 15:00,31616.63,40,12.3,4.2,5.18,4.95,526
7/24/2007 16:00,31616.67,38.89,11.7,4.8,5.52,5.14,379
7/24/2007 17:00,31616.71,36.67,12.1,4.4,5.6,5.66,214
7/24/2007 18:00,31616.76,36.11,10.6,4.2,5.6,4.07,68
7/24/2007 19:00,31616.8,32.78,9.1,3.4,5.64,10,2
7/24/2007 20:00,31616.84,31.11,12.6,2.8,5.62,10,0
7/24/2007 21:00,31616.88,28.89,15.1,2.9,5.45,10,0
7/24/2007 22:00,31616.92,28.33,15.6,2.7,5.5,10,0
7/24/2007 23:00,31616.97,28.33,14.3,2.9,5.43,10,0
7/25/2007 0:00,31617,25.56,14.2,3,5.36,10,0
7/25/2007 1:00,31617.04,23.89,13.7,2.3,5.59,10,0
7/25/2007 2:00,31617.08,22.78,13.8,1.4,5.79,10,0
7/25/2007 3:00,31617.13,22.78,13.7,1.9,5.55,10,0
7/25/2007 4:00,31617.17,21.67,13.5,1.7,5.65,10,1
7/25/2007 5:00,31617.21,22.22,13.8,1.3,5.95,9.83,28
7/25/2007 6:00,31617.25,21.67,13.7,1.8,5.53,6.81,188
7/25/2007 7:00,31617.29,25.56,14.2,1.7,5.81,5.82,356
7/25/2007 8:00,31617.34,30,12.7,2.1,5.65,5.15,517
7/25/2007 9:00,31617.38,32.22,11.7,1.8,4.85,4.66,654
7/25/2007 10:00,31617.42,34.44,11.9,2.2,4.61,4.36,751
7/25/2007 11:00,31617.46,36.67,11.6,2.6,4.64,4.19,801
7/25/2007 12:00,31617.5,37.78,12.5,2.4,4.94,4.03,809
7/25/2007 13:00,31617.55,38.89,13,2.6,5.24,3.99,768
7/25/2007 14:00,31617.59,38.33,13,2.7,5.27,4.05,680
7/25/2007 15:00,31617.63,40,13.4,3.4,5.6,4.39,546
7/25/2007 16:00,31617.67,39.44,12.4,4.2,5.48,4.57,394
7/25/2007 17:00,31617.71,38.33,10,4,5.6,4.56,232
7/25/2007 18:00,31617.76,37.22,8.1,4.1,5.53,0,74
7/25/2007 19:00,31617.8,33.89,8.9,4,5.46,10,2
7/25/2007 20:00,31617.84,29.44,12.3,4.2,5.45,10,0
7/25/2007 21:00,31617.88,27.22,13.6,3.7,5.59,10,0
7/25/2007 22:00,31617.92,25,13.3,3.1,5.57,10,0
7/25/2007 23:00,31617.97,26.11,14,3.5,5.5,10,0
7/26/2007 0:00,31618,21.67,14,3.5,5.48,10,0
7/26/2007 1:00,31618.04,20.56,13.5,2,5.59,10,0
7/26/2007 2:00,31618.08,20.56,12.9,1.8,5.34,10,0
7/26/2007 3:00,31618.13,19.44,12.7,1.4,5.78,10,0
7/26/2007 4:00,31618.17,19.44,12.7,1.5,5.27,10,1
7/26/2007 5:00,31618.21,21.11,12.8,1.5,5.86,7.1,49
7/26/2007 6:00,31618.25,19.44,12.8,1.4,5.81,6.4,196
7/26/2007 7:00,31618.29,22.78,13.2,1.5,4.9,5.69,359
7/26/2007 8:00,31618.34,25.56,13.7,1.3,4.66,5.12,517
7/26/2007 9:00,31618.38,28.33,13.3,1.4,4.89,4.61,655
7/26/2007 10:00,31618.42,31.11,12.3,1.7,4.57,4.24,756
7/26/2007 11:00,31618.46,33.33,10.7,2.2,4.76,4.01,809
7/26/2007 12:00,31618.5,35.56,10.3,2.3,5.25,3.92,813
7/26/2007 13:00,31618.55,37.78,10.6,2.2,5.45,3.83,774
7/26/2007 14:00,31618.59,37.78,10.3,2.1,5.32,3.91,684
7/26/2007 15:00,31618.63,41.11,10.6,2.5,5.45,4.2,551
7/26/2007 16:00,31618.67,40,11.4,3.3,5.36,4.55,393
7/26/2007 17:00,31618.71,38.89,10.9,3.4,5.48,4.7,228
7/26/2007 18:00,31618.76,36.67,11.2,3.4,5.62,0,74
7/26/2007 19:00,31618.8,33.33,11.2,3.4,5.41,10,2
7/26/2007 20:00,31618.84,30.56,12.5,3.3,5.48,10,0
7/26/2007 21:00,31618.88,28.33,13.6,3.6,5.48,10,0
7/26/2007 22:00,31618.92,25.56,13.8,2.7,5.69,10,0
7/26/2007 23:00,31618.97,23.33,14,2.2,5.55,10,0
7/27/2007 0:00,31619,22.78,13.9,2,5.18,10,0
7/27/2007 1:00,31619.04,25,14.2,2,5.69,10,0
7/27/2007 2:00,31619.08,22.78,13.9,1.8,5.38,10,0
7/27/2007 3:00,31619.13,22.22,14.1,1.1,5.39,10,0
7/27/2007 4:00,31619.17,20.56,14.1,1.4,5.99,10,0
7/27/2007 5:00,31619.21,21.67,14.4,1,5.79,7.01,48
7/27/2007 6:00,31619.25,22.78,14.5,1.1,5.69,6.14,200
7/27/2007 7:00,31619.29,23.89,14.6,1,6.13,5.21,373
7/27/2007 8:00,31619.34,27.78,14.7,1.7,3.16,4.57,537
7/27/2007 9:00,31619.38,30.56,14.7,1.9,3.33,4.09,676
7/27/2007 10:00,31619.42,32.78,14.3,1.6,3.82,3.81,774
7/27/2007 11:00,31619.46,35.56,14.1,1.9,4.69,3.53,829
7/27/2007 12:00,31619.5,36.11,13.7,2,5.08,3.43,833
7/27/2007 13:00,31619.55,38.33,11.5,2.5,4.92,3.27,795
7/27/2007 14:00,31619.59,39.44,10.4,2.3,5.6,3.22,707
7/27/2007 15:00,31619.63,40,11.6,1.9,5.69,3.37,575
7/27/2007 16:00,31619.67,41.11,11.6,2.6,5.72,3.7,412
7/27/2007 17:00,31619.71,40,10.3,3.1,5.57,4.04,236
7/27/2007 18:00,31619.76,37.78,9.6,2.9,5.5,0,72
7/27/2007 19:00,31619.8,33.33,9.6,2.2,5.25,10,2
7/27/2007 20:00,31619.84,31.11,11.6,2.6,5.64,10,0
7/27/2007 21:00,31619.88,28.33,13.4,1.9,5.46,10,0
7/27/2007 22:00,31619.92,26.11,12.2,3,5.25,10,0
7/27/2007 23:00,31619.97,24.44,13.3,2.3,5.71,10,0
7/28/2007 0:00,31620,24.44,13.5,1.8,5.62,10,0
7/28/2007 1:00,31620.04,25,13.1,1.4,5.81,10,0
7/28/2007 2:00,31620.08,23.89,13.2,0.8,5.29,10,0
7/28/2007 3:00,31620.13,23.33,12.8,0.8,5.08,10,0
7/28/2007 4:00,31620.17,23.33,13.7,0.9,5.92,10,0
7/28/2007 5:00,31620.21,22.22,14.1,0.6,0.09,6.23,51
7/28/2007 6:00,31620.25,23.89,14.9,0.6,0.94,5.87,204
7/28/2007 7:00,31620.29,26.11,14,2.1,2.32,4.96,379
7/28/2007 8:00,31620.34,29.44,14,2.6,2.65,4.34,544
7/28/2007 9:00,31620.38,31.11,13,1.8,3.28,3.75,688
7/28/2007 10:00,31620.42,32.78,12.4,1.7,4.12,3.43,788
7/28/2007 11:00,31620.46,35,12.3,1.9,5.03,3.17,842
7/28/2007 12:00,31620.5,37.22,10.7,2.6,5.31,3.03,847
7/28/2007 13:00,31620.55,38.89,8.3,3.2,5.2,2.94,805
7/28/2007 14:00,31620.59,39.44,9.3,3.1,5.15,3.15,708
7/28/2007 15:00,31620.63,41.11,9.2,3.6,5.15,3.46,571
7/28/2007 16:00,31620.67,40.56,7.1,3.6,5.41,3.76,409
7/28/2007 17:00,31620.71,40,6.9,4,5.55,4.46,228
7/28/2007 18:00,31620.76,37.78,7.9,3,5.57,0,68
7/28/2007 19:00,31620.8,33.89,8,3,5.38,10,1
7/28/2007 20:00,31620.84,31.11,9.8,4,5.43,10,0
7/28/2007 21:00,31620.88,27.78,12.5,4.2,5.43,10,0
7/28/2007 22:00,31620.92,25.56,13.5,3.9,5.38,10,0
7/28/2007 23:00,31620.97,25,11.8,3.7,5.6,10,0
7/29/2007 0:00,31621,23.33,8.8,2.9,5.74,10,0
7/29/2007 1:00,31621.04,21.67,8.9,1.8,5.9,10,0
7/29/2007 2:00,31621.08,22.22,8.4,1.8,5.78,10,0
7/29/2007 3:00,31621.13,20,9.3,1.3,5.85,10,0
7/29/2007 4:00,31621.17,21.67,10.1,1,5.67,10,0
7/29/2007 5:00,31621.21,21.11,9.4,1.4,5.1,6.62,47
7/29/2007 6:00,31621.25,22.78,9.2,2.1,5.83,5.73,205
7/29/2007 7:00,31621.29,23.89,9.8,1.2,6.09,5.04,375
7/29/2007 8:00,31621.34,29.44,9.6,1.5,5.83,4.29,544
7/29/2007 9:00,31621.38,30.56,8.9,1.5,5.43,3.71,688
7/29/2007 10:00,31621.42,33.89,8.4,2,4.92,3.42,787
7/29/2007 11:00,31621.46,36.11,7.8,2,4.82,3.22,839
7/29/2007 12:00,31621.5,36.11,8.4,2,5.48,3.14,842
7/29/2007 13:00,31621.55,38.33,8.5,2.5,5.25,3.14,797
7/29/2007 14:00,31621.59,39.44,5.4,2.7,5.29,3.45,697
7/29/2007 15:00,31621.63,39.44,6.9,3.3,5.22,3.85,558
7/29/2007 16:00,31621.67,40,7.1,3.2,5.29,4.36,393
7/29/2007 17:00,31621.71,38.33,8.8,3.1,5.6,4.73,222
7/29/2007 18:00,31621.76,36.11,7.8,3.1,5.39,0,74
7/29/2007 19:00,31621.8,32.78,9.1,2.1,5.22,10,1
7/29/2007 20:00,31621.84,28.89,10.3,2.4,5.31,10,0
7/29/2007 21:00,31621.88,27.78,11.9,2.6,5.53,10,0
7/29/2007 22:00,31621.92,25.56,14,2.3,5.48,10,0
7/29/2007 23:00,31621.97,24.44,14,2.2,5.55,10,0
7/30/2007 0:00,31622,22.22,14.2,1.7,5.6,10,0
7/30/2007 1:00,31622.04,22.22,14.4,1.4,5.85,10,0
7/30/2007 2:00,31622.08,22.78,13.8,1.6,5.41,10,0
7/30/2007 3:00,31622.13,22.22,13.4,1.6,5.85,10,0
7/30/2007 4:00,31622.17,22.78,13,1.2,5.78,10,0
7/30/2007 5:00,31622.21,21.67,13,0.8,5.17,6.84,44
7/30/2007 6:00,31622.25,23.89,13.5,0.8,5.81,5.8,202
7/30/2007 7:00,31622.29,25.56,12.1,0.9,0.14,4.81,380
7/30/2007 8:00,31622.34,30,11,1.3,5.85,4.07,550
7/30/2007 9:00,31622.38,30.56,10.8,1.3,0.19,3.53,693
7/30/2007 10:00,31622.42,33.33,11.4,1.6,5.39,3.25,792
7/30/2007 11:00,31622.46,35,11.4,1.9,5.57,3.02,845
7/30/2007 12:00,31622.5,37.22,11.7,2.1,4.94,3.02,845
7/30/2007 13:00,31622.55,38.89,10.6,2.3,4.73,2.92,803
7/30/2007 14:00,31622.59,40.56,8.8,2.4,5.27,3.02,709
7/30/2007 15:00,31622.63,40.56,7.5,2.9,5.25,3.19,575
7/30/2007 16:00,31622.67,40.56,8.8,3.1,5.1,3.64,408
7/30/2007 17:00,31622.71,39.44,9.5,3,5.32,4.34,226
7/30/2007 18:00,31622.76,36.67,8.8,2.6,5.52,0,65
7/30/2007 19:00,31622.8,33.89,9.2,1.6,5.24,10,1
7/30/2007 20:00,31622.84,32.22,10.4,2,5.13,10,0
7/30/2007 21:00,31622.88,28.89,12.1,1.8,5.39,10,0
7/30/2007 22:00,31622.92,28.33,13,1.5,5.29,10,0
7/30/2007 23:00,31622.97,23.33,14.1,2.2,5.31,10,0
7/31/2007 0:00,31623,25,14.7,1.2,5.85,10,0
7/31/2007 1:00,31623.04,25.56,14.7,1.1,5.38,10,0
7/31/2007 2:00,31623.08,25.56,14.7,1,0.17,10,0
7/31/2007 3:00,31623.13,25,14.7,0.7,5.59,10,0
7/31/2007 4:00,31623.17,23.89,14.8,0.7,6.02,10,0
7/31/2007 5:00,31623.21,24.44,15,0.6,0.42,5.88,47
7/31/2007 6:00,31623.25,23.89,15.5,0.8,1.19,5.86,199
7/31/2007 7:00,31623.29,27.78,13,1.7,1.99,5.16,368
7/31/2007 8:00,31623.34,33.89,12.8,2.4,2.62,4.46,535
7/31/2007 9:00,31623.38,33.33,13.8,2.9,2.72,4,674
7/31/2007 10:00,31623.42,36.11,13.8,2.3,3.05,3.66,775
7/31/2007 11:00,31623.46,36.11,12.8,1.8,3.75,3.68,818
7/31/2007 12:00,31623.5,38.89,10.5,2.3,4.15,3.49,826
7/31/2007 13:00,31623.55,40.56,10,2.3,4.68,3.37,786
7/31/2007 14:00,31623.59,40.56,8.5,2.2,5.13,3.42,695
7/31/2007 15:00,31623.63,43.33,11,2.1,5.64,3.88,554
7/31/2007 16:00,31623.67,42.22,9.2,2.2,5.1,4.42,388
7/31/2007 17:00,31623.71,40.56,9.1,2.9,5.36,5.04,213
7/31/2007 18:00,31623.76,38.33,10.4,2.7,5.29,0.73,59
7/31/2007 19:00,31623.8,35,11.6,2.5,5.52,10,1
7/31/2007 20:00,31623.84,32.78,12,2.5,5.52,10,0
7/31/2007 21:00,31623.88,30.56,13.8,3,5.57,10,0
7/31/2007 22:00,31623.92,29.44,14.9,3.1,5.52,10,0
7/31/2007 23:00,31623.97,26.67,14.6,2.3,5.71,10,0
8/1/2007 0:00,31624,27.22,13.9,1.9,5.29,10,0
8/1/2007 1:00,31624.04,26.67,13.4,1.8,5.27,10,0
8/1/2007 2:00,31624.08,26.11,13.5,2,5.67,10,0
8/1/2007 3:00,31624.13,24.44,13.5,1.7,5.64,10,0
8/1/2007 4:00,31624.17,23.89,13.5,0.8,5.45,10,0
8/1/2007 5:00,31624.21,24.44,14.6,0.8,2.34,3.99,52
8/1/2007 6:00,31624.25,26.67,14.4,0.8,5.57,5.97,195
8/1/2007 7:00,31624.29,24.44,14.5,0.8,0.68,5.47,357
8/1/2007 8:00,31624.34,30.56,14.9,2.6,2.72,4.75,523
8/1/2007 9:00,31624.38,30.56,14.3,2.6,2.69,4.29,661
8/1/2007 10:00,31624.42,33.89,14.2,1.7,3.51,3.7,772
8/1/2007 11:00,31624.46,36.11,13.2,1.6,4.66,6.04,683
8/1/2007 12:00,31624.5,37.78,11.8,2.1,5.29,6.13,677
8/1/2007 13:00,31624.55,40,11.7,1.9,4.99,2.67,808
8/1/2007 14:00,31624.59,40.56,11.3,2.2,5.62,3.52,690
8/1/2007 15:00,31624.63,42.22,9.9,2,5.64,4.11,545
8/1/2007 16:00,31624.67,41.11,9.4,2.7,5.24,4.66,380
8/1/2007 17:00,31624.71,41.11,11.4,3,5.22,5.04,211
8/1/2007 18:00,31624.76,38.89,10.7,2.8,5.06,0,68
8/1/2007 19:00,31624.8,33.89,11.3,2.3,5.06,10,1
8/1/2007 20:00,31624.84,31.11,12,2.8,5.2,10,0
8/1/2007 21:00,31624.88,28.89,11.9,3,5.31,10,0
8/1/2007 22:00,31624.92,27.78,11.8,2.6,5.29,10,0
8/1/2007 23:00,31624.97,26.67,11.5,2.7,5.41,10,0
8/2/2007 0:00,31625,25.56,12.1,1.9,5.5,10,0
8/2/2007 1:00,31625.04,23.89,12.3,1.7,5.45,10,0
8/2/2007 2:00,31625.08,24.44,12.3,1.6,5.92,10,0
8/2/2007 3:00,31625.13,23.33,12.8,1.2,5.67,10,0
8/2/2007 4:00,31625.17,22.78,12.8,1,0.02,10,0
8/2/2007 5:00,31625.21,22.78,12.6,0.9,3.33,7.14,37
8/2/2007 6:00,31625.25,25.56,13.4,0.8,4.49,6.23,188
8/2/2007 7:00,31625.29,29.44,11.7,1.2,2.93,5.48,355
8/2/2007 8:00,31625.34,30,11.1,1.2,3.56,4.62,526
8/2/2007 9:00,31625.38,32.22,10.4,1.8,5.52,4.13,666
8/2/2007 10:00,31625.42,35,9.2,2.7,5.52,3.79,767
8/2/2007 11:00,31625.46,36.11,7.3,3.3,5.1,3.59,819
8/2/2007 12:00,31625.5,38.89,6.2,3,4.85,3.52,822
8/2/2007 13:00,31625.55,40,7.8,3.1,5.22,3.68,771
8/2/2007 14:00,31625.59,40,7.7,3.3,5.31,3.79,679
8/2/2007 15:00,31625.63,41.11,6.9,3.5,5.13,4.12,543
8/2/2007 16:00,31625.67,40,7.4,3.5,5.29,4.47,383
8/2/2007 17:00,31625.71,38.33,9.4,3.6,5.43,4.72,214
8/2/2007 18:00,31625.76,36.11,10.2,2.7,5.62,0,61
8/2/2007 19:00,31625.8,33.33,12.4,1.8,5.65,10,1
8/2/2007 20:00,31625.84,30,13.5,1.7,5.55,10,0
8/2/2007 21:00,31625.88,27.78,13.3,2.5,5.6,10,0
8/2/2007 22:00,31625.92,27.22,13.2,2.4,5.6,10,0
8/2/2007 23:00,31625.97,27.22,12.1,2.1,5.71,10,0
8/3/2007 0:00,31626,26.67,11.5,1.2,5.65,10,0
8/3/2007 1:00,31626.04,26.11,12.7,1.1,5.39,10,0
8/3/2007 2:00,31626.08,25,13.4,0.9,5.6,10,0
8/3/2007 3:00,31626.13,24.44,12.7,0.9,6.07,10,0
8/3/2007 4:00,31626.17,23.89,12.6,0.6,4.36,10,0
8/3/2007 5:00,31626.21,24.44,12.2,0.5,1.45,9.14,24
8/3/2007 6:00,31626.25,24.44,12.5,0.7,5.1,9.17,113
8/3/2007 7:00,31626.29,26.11,12.5,0.9,5.65,5.86,341
8/3/2007 8:00,31626.34,30.56,12.8,1,0.1,4.87,515
8/3/2007 9:00,31626.38,31.67,12.5,1.3,4.4,4.29,658
8/3/2007 10:00,31626.42,33.33,13.3,1.3,0.02,3.94,759
8/3/2007 11:00,31626.46,36.67,11.3,2.2,4.59,3.68,814
8/3/2007 12:00,31626.5,37.22,11.4,2.6,4.47,3.7,813
8/3/2007 13:00,31626.55,39.44,10.7,2.5,4.83,3.55,775
8/3/2007 14:00,31626.59,40.56,11.2,2,5.27,3.6,684
8/3/2007 15:00,31626.63,41.67,11,2.9,5.67,3.87,549
8/3/2007 16:00,31626.67,42.22,7.5,4.4,5.43,4.27,386
8/3/2007 17:00,31626.71,40.56,6.5,4.4,5.52,4.45,216
8/3/2007 18:00,31626.76,38.89,7.5,3.6,5.46,0,56
8/3/2007 19:00,31626.8,35,8.2,3,5.6,10,1
8/3/2007 20:00,31626.84,32.78,10.1,2.3,5.79,10,0
8/3/2007 21:00,31626.88,33.33,10.6,1.2,5.1,10,0
8/3/2007 22:00,31626.92,30.56,12.7,1.2,5.46,10,0
8/3/2007 23:00,31626.97,25.56,13.4,1.1,6.28,10,0
8/4/2007 0:00,31627,30,13.9,0.7,0.26,10,0
8/4/2007 1:00,31627.04,28.33,14.5,0.9,0,10,0
8/4/2007 2:00,31627.08,28.33,14.4,1.2,1.05,10,0
8/4/2007 3:00,31627.13,26.67,13.9,0.7,0.52,10,0
8/4/2007 4:00,31627.17,26.11,14.5,1,5.24,10,0
8/4/2007 5:00,31627.21,25.56,14.7,0.6,5.11,6.52,36
8/4/2007 6:00,31627.25,26.11,15.7,1,4.99,6.95,169
8/4/2007 7:00,31627.29,27.22,15.8,0.9,5.9,6.19,328
8/4/2007 8:00,31627.34,34.44,13,1.3,5.01,5.6,483
8/4/2007 9:00,31627.38,35,12.1,2,4.59,4.8,634
8/4/2007 10:00,31627.42,36.11,12.5,2.3,4.4,4.39,737
8/4/2007 11:00,31627.46,36.67,11.2,2.7,4.35,3.94,801
8/4/2007 12:00,31627.5,38.89,8.3,3.3,5.04,3.83,806
8/4/2007 13:00,31627.55,41.11,6,4.1,5.04,3.9,759
8/4/2007 14:00,31627.59,42.22,6.7,4,5.24,3.99,668
8/4/2007 15:00,31627.63,43.33,4.1,4.2,5.08,4.04,542
8/4/2007 16:00,31627.67,41.67,4.6,3.8,5.34,4.47,379
8/4/2007 17:00,31627.71,41.11,4.5,3.8,5.55,4.64,211
8/4/2007 18:00,31627.76,38.89,4.1,3,5.38,0,59
8/4/2007 19:00,31627.8,36.11,6.1,2.6,5.29,10,1
8/4/2007 20:00,31627.84,33.89,7.6,2.2,5.55,10,0
8/4/2007 21:00,31627.88,31.11,6.5,2.2,5.41,10,0
8/4/2007 22:00,31627.92,30,5.5,3.1,5.2,10,0
8/4/2007 23:00,31627.97,30.56,5.7,2.7,5.48,10,0
8/5/2007 0:00,31628,23.89,6.9,1.5,5.85,10,0
8/5/2007 1:00,31628.04,25.56,7.7,1.3,5.08,10,0
8/5/2007 2:00,31628.08,22.78,7.1,1.2,5.59,10,0
8/5/2007 3:00,31628.13,23.33,6.7,1.4,5.65,10,0
8/5/2007 4:00,31628.17,21.11,5.2,1.4,5.99,10,0
8/5/2007 5:00,31628.21,21.11,7.1,1.3,1.59,4.4,41
8/5/2007 6:00,31628.25,24.44,7.1,1.7,2.53,5.88,189
8/5/2007 7:00,31628.29,28.89,10.4,2.6,2.74,5.2,358
8/5/2007 8:00,31628.34,28.33,10.3,1.9,3.39,4.45,527
8/5/2007 9:00,31628.38,30,7.3,1.7,4.89,3.82,673
8/5/2007 10:00,31628.42,32.78,5,2.2,5.57,3.34,780
8/5/2007 11:00,31628.46,35,2.4,2.5,5.29,3.01,837
8/5/2007 12:00,31628.5,35.56,4.9,3.4,5.55,3.06,835
8/5/2007 13:00,31628.55,36.11,3.3,3.2,5.39,3.07,789
8/5/2007 14:00,31628.59,36.67,1.4,3.7,5.38,3.13,696
8/5/2007 15:00,31628.63,37.78,3.7,4.2,5.48,3.43,558
8/5/2007 16:00,31628.67,36.67,2.5,4.4,5.53,3.83,392
8/5/2007 17:00,31628.71,35,4.4,4,5.57,4.19,215
8/5/2007 18:00,31628.76,32.22,7.3,4.5,5.41,0,54
8/5/2007 19:00,31628.8,26.67,8.5,4.5,5.32,10,1
8/5/2007 20:00,31628.84,24.44,9.2,5,5.59,10,0
8/5/2007 21:00,31628.88,21.67,11.2,4.9,5.55,10,0
8/5/2007 22:00,31628.92,18.89,11.3,4.8,5.48,10,0
8/5/2007 23:00,31628.97,27.78,11.3,4,5.59,10,0
8/6/2007 0:00,31629,15.56,11.6,3.7,5.55,10,0
8/6/2007 1:00,31629.04,15,11.8,3.3,5.6,10,0
8/6/2007 2:00,31629.08,13.33,11.7,2.8,5.64,10,0
8/6/2007 3:00,31629.13,12.78,11.3,2.1,5.48,10,0
8/6/2007 4:00,31629.17,12.78,11.1,1.7,5.9,10,0
8/6/2007 5:00,31629.21,13.33,11.2,1.3,5.9,4.94,37
8/6/2007 6:00,31629.25,15.56,11.6,2.2,5.85,5.94,186
8/6/2007 7:00,31629.29,16.67,11.5,2.8,5.79,5.17,357
8/6/2007 8:00,31629.34,20,11.3,3.1,5.55,4.48,524
8/6/2007 9:00,31629.38,22.78,11.1,2.2,5.5,4.02,664
8/6/2007 10:00,31629.42,25,10.6,2.2,5.22,3.73,763
8/6/2007 11:00,31629.46,26.67,10.4,2.3,5.1,3.62,812
8/6/2007 12:00,31629.5,28.33,10.2,2.1,5.43,3.57,814
8/6/2007 13:00,31629.55,30,9.4,2.1,5.41,3.58,769
8/6/2007 14:00,31629.59,30,7.6,2.5,4.89,3.65,677
8/6/2007 15:00,31629.63,31.67,7.4,2.7,5.08,4.02,539
8/6/2007 16:00,31629.67,31.67,6.8,3.2,5.1,4.31,379
8/6/2007 17:00,31629.71,30,8.7,3.7,5.57,4.67,206
8/6/2007 18:00,31629.76,28.89,9.2,3.2,5.57,0,51
8/6/2007 19:00,31629.8,25.56,10,4,5.6,10,0
8/6/2007 20:00,31629.84,22.78,10.6,3.6,5.48,10,0
8/6/2007 21:00,31629.88,21.67,11.7,4,5.6,10,0
8/6/2007 22:00,31629.92,20,11.6,4,5.52,10,0
8/6/2007 23:00,31629.97,16.67,11.2,3.9,5.5,10,0
8/7/2007 0:00,31630,16.67,10.6,3.7,5.53,10,0
8/7/2007 1:00,31630.04,14.44,10.2,3.5,5.72,10,0
8/7/2007 2:00,31630.08,14.44,10.2,2.9,5.74,10,0
8/7/2007 3:00,31630.13,12.78,10.2,2.9,5.78,10,0
8/7/2007 4:00,31630.17,13.33,10.2,2.3,5.78,10,0
8/7/2007 5:00,31630.21,13.33,10.3,2.2,5.69,3.87,37
8/7/2007 6:00,31630.25,14.44,10.9,2.8,5.64,5.93,184
8/7/2007 7:00,31630.29,16.67,11.5,2.7,5.55,5.3,351
8/7/2007 8:00,31630.34,20,12,2.3,5.5,4.71,514
8/7/2007 9:00,31630.38,22.22,12.2,1.9,5.24,4.22,654
8/7/2007 10:00,31630.42,26.11,12.2,2,4.9,3.93,753
8/7/2007 11:00,31630.46,26.11,12.1,2.3,5.45,3.77,804
8/7/2007 12:00,31630.5,28.33,11,2.4,4.99,3.67,808
8/7/2007 13:00,31630.55,30,10.6,2.8,4.75,3.69,763
8/7/2007 14:00,31630.59,30.56,10.4,2.7,5.2,3.85,668
8/7/2007 15:00,31630.63,32.78,10.3,3.2,5.1,4.14,533
8/7/2007 16:00,31630.67,32.22,9.9,3.4,5.11,4.43,374
8/7/2007 17:00,31630.71,31.11,9.9,3.2,5.46,4.79,202
8/7/2007 18:00,31630.76,29.44,10.1,2.9,5.55,0,50
8/7/2007 19:00,31630.8,25.56,10.6,2.5,5.25,10,0
8/7/2007 20:00,31630.84,24.44,10.4,2.6,5.52,10,0
8/7/2007 21:00,31630.88,23.33,11.2,2.8,5.53,10,0
8/7/2007 22:00,31630.92,21.67,12.3,2.8,5.39,10,0
8/7/2007 23:00,31630.97,18.33,13.1,2.9,5.34,10,0
8/8/2007 0:00,31631,17.78,12.8,2.9,5.53,10,0
8/8/2007 1:00,31631.04,17.22,12.2,2.5,5.64,10,0
8/8/2007 2:00,31631.08,16.11,11.5,2.4,5.5,10,0
8/8/2007 3:00,31631.13,16.11,11.2,2.1,5.6,10,0
8/8/2007 4:00,31631.17,15.56,11,2.1,5.69,10,0
8/8/2007 5:00,31631.21,15,11.3,1.9,5.74,4.01,34
8/8/2007 6:00,31631.25,16.67,11.4,2.1,5.72,6.04,180
8/8/2007 7:00,31631.29,22.78,11.9,1.8,5.41,5.23,351
8/8/2007 8:00,31631.34,21.67,12.4,2.2,5.27,4.66,514
8/8/2007 9:00,31631.38,25.56,12.3,2.5,5.2,4.2,653
8/8/2007 10:00,31631.42,27.22,11.2,2.2,4.92,3.82,756
8/8/2007 11:00,31631.46,30,10.5,2.3,4.64,3.64,808
8/8/2007 12:00,31631.5,30.56,10.1,2.6,4.99,3.54,812
8/8/2007 13:00,31631.55,32.78,9.4,2.7,5.59,3.54,767
8/8/2007 14:00,31631.59,33.89,7.9,2.3,5.17,3.61,675
8/8/2007 15:00,31631.63,35.56,8,2.8,5.06,3.82,541
8/8/2007 16:00,31631.67,35,7.9,2.8,5.34,4.21,377
8/8/2007 17:00,31631.71,33.89,7.5,3.1,5.22,4.55,203
8/8/2007 18:00,31631.76,31.67,8.6,3,5.2,0,48
8/8/2007 19:00,31631.8,28.33,8.8,2,5.22,10,0
8/8/2007 20:00,31631.84,26.11,9.4,1.8,5.65,10,0
8/8/2007 21:00,31631.88,25,10.8,1.7,5.59,10,0
8/8/2007 22:00,31631.92,24.44,11.9,2.8,5.32,10,0
8/8/2007 23:00,31631.97,19.44,13,2.6,5.39,10,0
8/9/2007 0:00,31632,21.11,12.9,2.2,5.69,10,0
8/9/2007 1:00,31632.04,20,12.9,1.9,5.69,10,0
8/9/2007 2:00,31632.08,20,12.8,1.9,5.64,10,0
8/9/2007 3:00,31632.13,20,12.8,1.9,5.65,10,0
8/9/2007 4:00,31632.17,20.56,12.6,1.6,5.83,10,0
8/9/2007 5:00,31632.21,19.44,12.6,0.7,5.76,0,35
8/9/2007 6:00,31632.25,20,13,0.7,5.65,5.75,183
8/9/2007 7:00,31632.29,22.78,12.2,1.3,5.34,5.13,352
8/9/2007 8:00,31632.34,25.56,10.9,1,4.56,4.49,518
8/9/2007 9:00,31632.38,28.33,10.3,1.5,3.98,4.01,659
8/9/2007 10:00,31632.42,30.56,9.8,1.4,4.24,3.58,764
8/9/2007 11:00,31632.46,32.22,9.6,1.9,5.17,3.37,817
8/9/2007 12:00,31632.5,33.89,6.9,2.7,4.96,3.29,820
8/9/2007 13:00,31632.55,35.56,7,2.6,5.1,3.36,772
8/9/2007 14:00,31632.59,37.22,7.8,2.8,5.08,3.61,673
8/9/2007 15:00,31632.63,36.67,7.8,2.6,5.53,3.85,538
8/9/2007 16:00,31632.67,36.67,7,2.8,5.31,4.33,372
8/9/2007 17:00,31632.71,35.56,7,3.1,5.57,4.94,195
8/9/2007 18:00,31632.76,33.89,6.3,2.5,5.39,0,46
8/9/2007 19:00,31632.8,30,6.2,2.8,5.45,10,0
8/9/2007 20:00,31632.84,27.22,6.2,2.3,5.52,10,0
8/9/2007 21:00,31632.88,27.78,8.5,2.5,5.6,10,0
8/9/2007 22:00,31632.92,25,10.4,2.3,5.29,10,0
8/9/2007 23:00,31632.97,21.67,11.8,2,5.45,10,0
8/10/2007 0:00,31633,23.89,12.9,1.6,5.85,10,0
8/10/2007 1:00,31633.04,23.33,12.6,1.8,5.76,10,0
8/10/2007 2:00,31633.08,21.11,12.3,1.6,5.62,10,0
8/10/2007 3:00,31633.13,21.11,12.1,1.1,5.72,10,0
8/10/2007 4:00,31633.17,20.56,12.2,1,0.1,10,0
8/10/2007 5:00,31633.21,21.11,11.7,1.1,0.54,0,34
8/10/2007 6:00,31633.25,22.78,11.1,0.7,0.49,5.68,182
8/10/2007 7:00,31633.29,25,8.7,1.2,2.86,5.09,351
8/10/2007 8:00,31633.34,32.22,9.3,2.8,2.69,4.57,513
8/10/2007 9:00,31633.38,30,10.4,2.8,2.98,4.19,650
8/10/2007 10:00,31633.42,32.78,10.2,2.1,3.68,3.81,753
8/10/2007 11:00,31633.46,34.44,10.5,1.6,0.91,3.6,806
8/10/2007 12:00,31633.5,37.22,8.8,2,5.17,3.38,815
8/10/2007 13:00,31633.55,37.78,8.8,2.8,4.8,3.42,768
8/10/2007 14:00,31633.59,38.33,8.3,2.6,5.2,3.61,671
8/10/2007 15:00,31633.63,39.44,7.4,2.3,4.8,3.75,539
8/10/2007 16:00,31633.67,38.89,8.1,2.6,5.46,4.14,374
8/10/2007 17:00,31633.71,38.33,8.7,3.5,5.32,4.63,197
8/10/2007 18:00,31633.76,35.56,8.1,3.1,5.52,0,44
8/10/2007 19:00,31633.8,31.67,7.6,3.4,5.48,10,0
8/10/2007 20:00,31633.84,28.89,7.5,3.4,5.53,10,0
8/10/2007 21:00,31633.88,26.67,8.4,3.2,5.52,10,0
8/10/2007 22:00,31633.92,26.11,9.7,2.9,5.39,10,0
8/10/2007 23:00,31633.97,23.89,9.9,3,5.29,10,0
8/11/2007 0:00,31634,21.67,9.6,3.1,5.65,10,0
8/11/2007 1:00,31634.04,20.56,9.8,2.2,5.71,10,0
8/11/2007 2:00,31634.08,21.11,9.5,1.5,5.67,10,0
8/11/2007 3:00,31634.13,21.67,9.7,1.5,5.57,10,0
8/11/2007 4:00,31634.17,21.11,9.9,1,6.02,10,0
8/11/2007 5:00,31634.21,21.11,10,1.3,5.59,0,29
8/11/2007 6:00,31634.25,21.67,10.2,1.8,5.83,6.34,168
8/11/2007 7:00,31634.29,26.11,10,1.2,5.99,5.56,335
8/11/2007 8:00,31634.34,25.56,9.5,1.4,1.61,4.96,497
8/11/2007 9:00,31634.38,28.89,10.3,2.2,2.44,4.48,636
8/11/2007 10:00,31634.42,31.11,11.1,2.2,2.98,4.12,738
8/11/2007 11:00,31634.46,32.78,11.3,1.5,6.27,3.89,792
8/11/2007 12:00,31634.5,35,10.3,2.4,5.18,3.8,796
8/11/2007 13:00,31634.55,36.67,8.6,3.1,5.41,4.74,708
8/11/2007 14:00,31634.59,36.67,8.7,4.1,5.6,4.66,628
8/11/2007 15:00,31634.63,36.11,8,4.3,5.65,5.1,491
8/11/2007 16:00,31634.67,36.11,6.3,4.5,5.62,6.2,314
8/11/2007 17:00,31634.71,34.44,4.7,4.7,5.5,7.1,152
8/11/2007 18:00,31634.76,33.33,5.6,4,5.46,0,32
8/11/2007 19:00,31634.8,29.44,7.8,4,5.48,10,0
8/11/2007 20:00,31634.84,26.11,9,4.5,5.48,10,0
8/11/2007 21:00,31634.88,23.89,8.7,4,5.64,10,0
8/11/2007 22:00,31634.92,22.22,9,3.3,5.53,10,0
8/11/2007 23:00,31634.97,23.33,8.7,3.6,5.55,10,0
8/12/2007 0:00,31635,19.44,9.1,2.7,5.59,10,0
8/12/2007 1:00,31635.04,17.78,9.4,2.5,5.62,10,0
8/12/2007 2:00,31635.08,19.44,9.7,2.1,5.67,10,0
8/12/2007 3:00,31635.13,17.78,9.8,1.4,5.88,10,0
8/12/2007 4:00,31635.17,18.89,9.7,1.3,5.64,10,0
8/12/2007 5:00,31635.21,17.22,10.2,0.9,5.99,0,31
8/12/2007 6:00,31635.25,20,10.6,0.8,4.21,6.16,169
8/12/2007 7:00,31635.29,19.44,10.5,0.9,5.11,5.42,337
8/12/2007 8:00,31635.34,22.22,10.6,1.5,3.4,4.77,502
8/12/2007 9:00,31635.38,25.56,10.7,2.1,2.81,4.29,642
8/12/2007 10:00,31635.42,28.89,10.7,2.1,3.63,3.91,745
8/12/2007 11:00,31635.46,31.11,10.2,1.6,3.39,3.64,801
8/12/2007 12:00,31635.5,32.22,10.6,1.7,5.13,3.61,802
8/12/2007 13:00,31635.55,35,9.8,2.2,5.27,3.63,756
8/12/2007 14:00,31635.59,36.67,9.9,2.8,5.65,3.81,660
8/12/2007 15:00,31635.63,37.78,8.6,3.4,5.5,4.07,525
8/12/2007 16:00,31635.67,36.67,8.3,3.8,5.52,4.54,360
8/12/2007 17:00,31635.71,35.56,7.8,3.9,5.59,4.07,199
8/12/2007 18:00,31635.76,32.78,7,3,5.53,0,51
8/12/2007 19:00,31635.8,29.44,6.5,3.2,5.5,10,0
8/12/2007 20:00,31635.84,26.67,7.5,3.4,5.62,10,0
8/12/2007 21:00,31635.88,24.44,6.8,3.2,5.52,10,0
8/12/2007 22:00,31635.92,22.78,6.4,2.8,5.38,10,0
8/12/2007 23:00,31635.97,20.56,5.7,2.8,5.29,10,0
8/13/2007 0:00,31636,21.11,6.6,2.7,5.52,10,0
8/13/2007 1:00,31636.04,20.56,7.9,2.2,5.67,10,0
8/13/2007 2:00,31636.08,19.44,8.3,2.5,5.69,10,0
8/13/2007 3:00,31636.13,18.89,8.8,1.7,5.88,10,0
8/13/2007 4:00,31636.17,20,8.9,1.1,5.86,10,0
8/13/2007 5:00,31636.21,20,8.9,1,5.81,0,28
8/13/2007 6:00,31636.25,21.11,9.6,1.3,5.88,6.53,160
8/13/2007 7:00,31636.29,22.78,8.1,1.4,5.76,5.69,327
8/13/2007 8:00,31636.34,23.89,8.1,1.1,6.23,4.98,492
8/13/2007 9:00,31636.38,27.78,8.3,1.9,3.16,4.48,632
8/13/2007 10:00,31636.42,30,8.4,2.2,3.58,4.17,732
8/13/2007 11:00,31636.46,31.67,9,1.6,4.78,3.96,785
8/13/2007 12:00,31636.5,34.44,9,2.1,4.76,3.94,786
8/13/2007 13:00,31636.55,35.56,9.1,2.7,4.92,4.07,736
8/13/2007 14:00,31636.59,37.22,9,2.8,5.48,4.25,641
8/13/2007 15:00,31636.63,38.33,8.7,2.7,5.43,4.63,504
8/13/2007 16:00,31636.67,37.22,8.5,3,5.5,5.21,340
8/13/2007 17:00,31636.71,35.56,8.2,3,5.45,5.79,172
8/13/2007 18:00,31636.76,35,8.2,1.8,5.45,0,37
8/13/2007 19:00,31636.8,30.56,8.8,2,5.25,10,0
8/13/2007 20:00,31636.84,29.44,8.8,2.9,5.46,10,0
8/13/2007 21:00,31636.88,27.22,8.4,3.3,5.48,10,0
8/13/2007 22:00,31636.92,25.56,7.9,2.7,5.46,10,0
8/13/2007 23:00,31636.97,23.33,8.1,2.9,5.59,10,0
8/14/2007 0:00,31637,22.78,8.7,2.3,5.46,10,0
8/14/2007 1:00,31637.04,22.78,9.6,1.9,5.69,10,0
8/14/2007 2:00,31637.08,20.56,9.7,1.6,5.5,10,0
8/14/2007 3:00,31637.13,20.56,10.1,1.1,5.67,10,0
8/14/2007 4:00,31637.17,20.56,10.2,0.8,4.89,10,0
8/14/2007 5:00,31637.21,21.67,10.5,1,4.94,0,22
8/14/2007 6:00,31637.25,19.44,11,1.1,5.67,6.41,160
8/14/2007 7:00,31637.29,22.22,10.5,0.8,5.92,5.75,323
8/14/2007 8:00,31637.34,27.78,10.6,1.3,2.15,5.18,482
8/14/2007 9:00,31637.38,31.11,10.8,1.8,3.28,4.64,623
8/14/2007 10:00,31637.42,31.11,10.8,1.8,2.64,4.32,723
8/14/2007 11:00,31637.46,33.33,10.6,1.8,3.18,4.29,768
8/14/2007 12:00,31637.5,35.56,10.3,1.5,4.59,4.01,781
8/14/2007 13:00,31637.55,36.67,9.8,1.9,5.55,3.93,740
8/14/2007 14:00,31637.59,38.33,9,2.2,5.27,4.13,644
8/14/2007 15:00,31637.63,39.44,7.7,3.3,5.48,4.37,511
8/14/2007 16:00,31637.67,37.78,6.8,3.4,5.6,4.75,350
8/14/2007 17:00,31637.71,37.22,6.8,3.1,5.45,4.91,183
8/14/2007 18:00,31637.76,35.56,7.9,2.4,5.1,0,36
8/14/2007 19:00,31637.8,31.11,9.1,1.7,4.9,10,0
8/14/2007 20:00,31637.84,30,9.6,2,5.04,10,0
8/14/2007 21:00,31637.88,26.67,8.8,2.4,5.29,10,0
8/14/2007 22:00,31637.92,25,9,2.6,5.36,10,0
8/14/2007 23:00,31637.97,23.33,10.3,1.7,5.69,10,0
8/15/2007 0:00,31638,23.89,10.6,1.4,5.79,10,0
8/15/2007 1:00,31638.04,22.78,10.2,1.2,5.01,10,0
8/15/2007 2:00,31638.08,22.78,9.4,1.2,5.08,10,0
8/15/2007 3:00,31638.13,22.22,10.4,0.8,5.9,10,0
8/15/2007 4:00,31638.17,21.67,10.3,0.7,5.25,10,0
8/15/2007 5:00,31638.21,21.67,10.4,0.5,1.01,0,19
8/15/2007 6:00,31638.25,22.22,11.3,0.6,6.13,8.25,120
8/15/2007 7:00,31638.29,23.33,10.3,1.1,5.71,7.01,278
8/15/2007 8:00,31638.34,28.89,10.5,1,5.32,6.73,410
8/15/2007 9:00,31638.38,30,11.5,1.5,5.78,5.79,565
8/15/2007 10:00,31638.42,31.67,10.6,1.3,3.82,4.3,722
8/15/2007 11:00,31638.46,34.44,10.6,1.4,0.24,4.25,768
8/15/2007 12:00,31638.5,35.56,10.1,1.9,4.83,4.37,762
8/15/2007 13:00,31638.55,38.33,10.1,2,5.41,4.16,728
8/15/2007 14:00,31638.59,38.89,10.1,3.2,5.32,4.25,637
8/15/2007 15:00,31638.63,39.44,8.5,3.4,5.52,4.48,505
8/15/2007 16:00,31638.67,38.89,8,3.5,5.52,4.73,348
8/15/2007 17:00,31638.71,37.78,7.4,3.7,5.39,4.94,180
8/15/2007 18:00,31638.76,35.56,8,3.8,5.43,0,34
8/15/2007 19:00,31638.8,31.67,8.4,4.2,5.41,10,0
8/15/2007 20:00,31638.84,28.89,9.6,3.7,5.6,10,0
8/15/2007 21:00,31638.88,26.11,9.6,3.3,5.46,10,0
8/15/2007 22:00,31638.92,24.44,9,3.9,5.5,10,0
8/15/2007 23:00,31638.97,23.89,9.4,3.9,5.48,10,0
8/16/2007 0:00,31639,22.22,9.6,3.7,5.55,10,0
8/16/2007 1:00,31639.04,20.56,9.3,2.8,5.72,10,0
8/16/2007 2:00,31639.08,18.89,9.3,2.5,5.45,10,0
8/16/2007 3:00,31639.13,18.89,9.1,3.1,5.6,10,0
8/16/2007 4:00,31639.17,17.78,9.6,3.3,5.62,10,0
8/16/2007 5:00,31639.21,17.22,10.2,2.6,5.74,0,18
8/16/2007 6:00,31639.25,17.22,10.6,2.7,5.67,8.04,123
8/16/2007 7:00,31639.29,19.44,10.5,3.6,5.71,7.01,276
8/16/2007 8:00,31639.34,22.78,9.7,4.6,5.74,5.78,453
8/16/2007 9:00,31639.38,27.22,10.2,3.8,5.6,5.62,572
8/16/2007 10:00,31639.42,28.33,10.7,3.1,5.5,5.89,634
8/16/2007 11:00,31639.46,31.11,10.6,2.8,5.43,5.55,694
8/16/2007 12:00,31639.5,32.78,10.2,2.3,5.53,5.37,705
8/16/2007 13:00,31639.55,31.67,10.7,2.2,5.71,4.53,709
8/16/2007 14:00,31639.59,33.89,11,2.5,5.55,4.88,608
8/16/2007 15:00,31639.63,36.11,9.4,2.6,5.5,4.59,499
8/16/2007 16:00,31639.67,36.67,8,2.7,5.67,4.42,353
8/16/2007 17:00,31639.71,35,7.7,3.1,5.5,4.89,178
8/16/2007 18:00,31639.76,32.78,6.7,2.7,5.45,0,33
8/16/2007 19:00,31639.8,29.44,6.9,2.8,5.39,10,0
8/16/2007 20:00,31639.84,26.11,9.2,3.5,5.53,10,0
8/16/2007 21:00,31639.88,24.44,9.9,3.4,5.5,10,0
8/16/2007 22:00,31639.92,21.67,8.5,3.7,5.45,10,0
8/16/2007 23:00,31639.97,22.78,8.2,3.2,5.65,10,0
8/17/2007 0:00,31640,18.89,8.4,1.8,5.38,10,0
8/17/2007 1:00,31640.04,18.89,8.6,2.1,5.71,10,0
8/17/2007 2:00,31640.08,17.78,9.1,2,5.39,10,0
8/17/2007 3:00,31640.13,17.78,9.2,1.5,5.74,10,0
8/17/2007 4:00,31640.17,17.78,9.2,1.6,5.53,10,0
8/17/2007 5:00,31640.21,16.11,9.4,1.8,5.55,0,21
8/17/2007 6:00,31640.25,18.33,9.9,2.5,5.81,6.24,156
8/17/2007 7:00,31640.29,22.22,10,2.5,5.83,5.27,330
8/17/2007 8:00,31640.34,23.33,10,2.1,5.71,4.6,497
8/17/2007 9:00,31640.38,27.78,9.8,1.7,3.84,4.07,640
8/17/2007 10:00,31640.42,30,10.5,2,3.7,3.81,739
8/17/2007 11:00,31640.46,31.11,10.6,1.8,5.81,3.62,792
8/17/2007 12:00,31640.5,33.33,10.2,2.5,5.43,3.49,797
8/17/2007 13:00,31640.55,33.89,9.8,2.7,5.27,3.52,750
8/17/2007 14:00,31640.59,36.11,8.9,3.2,5.57,3.7,653
8/17/2007 15:00,31640.63,36.67,7.5,3.8,5.48,4.08,513
8/17/2007 16:00,31640.67,36.11,6.2,3.8,5.39,5.05,335
8/17/2007 17:00,31640.71,35,4.2,3.5,5.32,4.83,176
8/17/2007 18:00,31640.76,32.22,5,3,5.25,0,40
8/17/2007 19:00,31640.8,29.44,6.3,2.3,5.22,10,0
8/17/2007 20:00,31640.84,26.11,7.9,2.2,5.55,10,0
8/17/2007 21:00,31640.88,25,9.2,1.7,5.17,10,0
8/17/2007 22:00,31640.92,23.33,10,1.7,5.2,10,0
8/17/2007 23:00,31640.97,21.11,10.5,1.4,5.22,10,0
8/18/2007 0:00,31641,21.67,10.4,2.4,5.76,10,0
8/18/2007 1:00,31641.04,22.22,10.2,2,5.65,10,0
8/18/2007 2:00,31641.08,21.11,10.3,1.6,5.78,10,0
8/18/2007 3:00,31641.13,20.56,10.6,1.2,5.92,10,0
8/18/2007 4:00,31641.17,20,10.6,1.1,5.88,10,0
8/18/2007 5:00,31641.21,20.56,10.4,0.8,5.76,0,20
8/18/2007 6:00,31641.25,20,11.1,1.6,5.76,5.85,160
8/18/2007 7:00,31641.29,23.33,10.7,1.7,5.76,5.14,331
8/18/2007 8:00,31641.34,28.33,10,1.9,5.43,4.53,497
8/18/2007 9:00,31641.38,28.89,9.7,2.6,5.22,4.04,639
8/18/2007 10:00,31641.42,30,9.2,2.4,5.29,3.57,746
8/18/2007 11:00,31641.46,31.67,8.5,2.3,5.18,3.33,801
8/18/2007 12:00,31641.5,35,7.7,2.2,4.66,3.22,805
8/18/2007 13:00,31641.55,36.11,6.2,2.5,4.89,3.23,758
8/18/2007 14:00,31641.59,36.67,4.9,3.1,5.06,3.45,659
8/18/2007 15:00,31641.63,37.78,5.4,3.4,5.48,3.93,515
8/18/2007 16:00,31641.67,36.67,5.6,3.5,5.5,4.24,352
8/18/2007 17:00,31641.71,36.11,4.5,3.5,5.52,3.6,187
8/18/2007 18:00,31641.76,33.89,4.7,2.6,5.6,0,33
8/18/2007 19:00,31641.8,29.44,5.8,1.4,5.22,10,0
8/18/2007 20:00,31641.84,27.78,6.7,2.9,5.45,10,0
8/18/2007 21:00,31641.88,25.56,9.2,3.4,5.41,10,0
8/18/2007 22:00,31641.92,22.78,9,3.6,5.36,10,0
8/18/2007 23:00,31641.97,22.78,8,3.2,5.45,10,0
8/19/2007 0:00,31642,19.44,8.3,2.5,5.67,10,0
8/19/2007 1:00,31642.04,18.33,9.1,2.2,5.53,10,0
8/19/2007 2:00,31642.08,17.22,9.6,2.2,5.74,10,0
8/19/2007 3:00,31642.13,16.67,9.7,1.9,5.71,10,0
8/19/2007 4:00,31642.17,17.78,9.8,1.4,5.67,10,0
8/19/2007 5:00,31642.21,14.44,10.2,2.3,5.69,0,21
8/19/2007 6:00,31642.25,17.78,10.4,2.6,5.62,5.88,157
8/19/2007 7:00,31642.29,19.44,10.6,2.3,5.6,5.27,325
8/19/2007 8:00,31642.34,22.78,10.8,1.3,5.83,4.6,492
8/19/2007 9:00,31642.38,26.67,10.7,1.1,0.16,4.08,635
8/19/2007 10:00,31642.42,28.33,10.2,1.4,4.57,3.85,733
8/19/2007 11:00,31642.46,30,10.5,1.6,4.71,3.63,787
8/19/2007 12:00,31642.5,32.22,9.4,1.7,4.76,3.5,792
8/19/2007 13:00,31642.55,35.56,9.7,2.4,5.17,3.61,742
8/19/2007 14:00,31642.59,36.67,8.4,3.4,5.13,3.88,642
8/19/2007 15:00,31642.63,36.11,7.9,3.6,5.5,4.31,501
8/19/2007 16:00,31642.67,35,8.3,3.6,5.46,4.97,332
8/19/2007 17:00,31642.71,33.89,8.1,3.4,5.59,5.53,161
8/19/2007 18:00,31642.76,32.22,7.1,3.2,5.5,10,26
8/19/2007 19:00,31642.8,28.89,6.3,2.3,5.48,10,0
8/19/2007 20:00,31642.84,27.22,6.6,2.7,5.55,10,0
8/19/2007 21:00,31642.88,25,8.7,2.5,5.25,10,0
8/19/2007 22:00,31642.92,24.44,11,2.6,5.48,10,0
8/19/2007 23:00,31642.97,20.56,12.6,2.2,5.6,10,0
8/20/2007 0:00,31643,21.67,13.6,2,5.62,10,0
8/20/2007 1:00,31643.04,22.22,14,1.4,5.74,10,0
8/20/2007 2:00,31643.08,21.67,14,1.3,5.48,10,0
8/20/2007 3:00,31643.13,20,13.9,0.7,5.03,10,0
8/20/2007 4:00,31643.17,20,13.8,0.7,0.7,10,0
8/20/2007 5:00,31643.21,19.44,13.5,0.7,0.35,10,20
8/20/2007 6:00,31643.25,20,12.9,0.5,5.92,6.22,149
8/20/2007 7:00,31643.29,22.22,12.4,1.5,1.69,5.47,317
8/20/2007 8:00,31643.34,28.89,12.4,2.2,2.69,4.88,480
8/20/2007 9:00,31643.38,30,12.6,2.1,2.9,4.43,619
8/20/2007 10:00,31643.42,30,12.5,2.2,3.19,4.13,719
8/20/2007 11:00,31643.46,32.22,12,1.8,4.22,3.98,770
8/20/2007 12:00,31643.5,35,10.1,1.8,4.68,3.77,779
8/20/2007 13:00,31643.55,36.67,10.1,2.1,5.27,3.83,731
8/20/2007 14:00,31643.59,36.33,9.3,2.3,5.43,4.06,633
8/20/2007 15:00,31643.63,36,9,2.3,5.38,4.48,493
8/20/2007 16:00,31643.67,35.67,9.3,2.4,5.52,4.91,331
8/20/2007 17:00,31643.71,35.33,8.9,2.8,5.62,5.04,165
8/20/2007 18:00,31643.76,35,9.8,1.9,5.45,10,26
8/20/2007 19:00,31643.8,30.56,10.4,1.7,4.92,10,0
8/20/2007 20:00,31643.84,30,11.8,2.3,5.31,10,0
8/20/2007 21:00,31643.88,28.33,13.8,2.7,5.6,10,0
8/20/2007 22:00,31643.92,25.56,14.5,2.4,5.41,10,0
8/20/2007 23:00,31643.97,23.33,15,2.2,5.64,10,0
8/21/2007 0:00,31644,25,15.2,1.6,5.88,10,0
8/21/2007 1:00,31644.04,23.33,15.2,1,5.93,10,0
8/21/2007 2:00,31644.08,22.78,15.1,1.2,5.78,10,0
8/21/2007 3:00,31644.13,22.78,15.1,0.5,6.16,10,0
8/21/2007 4:00,31644.17,22.78,14.9,0.9,1.19,10,0
8/21/2007 5:00,31644.21,23.33,14.6,0.9,5.53,10,19
8/21/2007 6:00,31644.25,23.89,15.1,0.7,0.19,6,150
8/21/2007 7:00,31644.29,25,14,1.9,2.39,5.49,314
8/21/2007 8:00,31644.34,31.11,12.6,2.7,2.27,4.92,476
8/21/2007 9:00,31644.38,30.56,13.2,2.3,2.46,4.47,615
8/21/2007 10:00,31644.42,32.78,13.6,1.7,3.3,4.14,716
8/21/2007 11:00,31644.46,36.11,13.3,1.6,3.39,4,767
8/21/2007 12:00,31644.5,38.33,12.6,2.2,5.36,3.88,772
8/21/2007 13:00,31644.55,37.78,13.2,2.4,4.97,4.02,721
8/21/2007 14:00,31644.59,37.44,12.7,2.9,4.94,4.2,625
8/21/2007 15:00,31644.63,37.11,11.7,3.2,5.13,4.49,490
8/21/2007 16:00,31644.67,36.78,12.4,2.9,5.57,4.92,328
8/21/2007 17:00,31644.71,36.44,12.5,2.8,5.64,4.97,163
8/21/2007 18:00,31644.76,36.11,13,2.3,5.72,10,24
8/21/2007 19:00,31644.8,32.78,13.3,2,5.65,10,0
8/21/2007 20:00,31644.84,31.11,13.6,1.8,5.55,10,0
8/21/2007 21:00,31644.88,30.56,13.9,1.5,5.04,10,0
8/21/2007 22:00,31644.92,27.78,14.3,2.1,5.01,10,0
8/21/2007 23:00,31644.97,25.56,15.1,2.1,5.5,10,0
8/22/2007 0:00,31645,25.56,15.4,1.8,5.79,10,0
8/22/2007 1:00,31645.04,25,15.5,1,5.93,10,0
8/22/2007 2:00,31645.08,25,15.9,0.8,0.45,10,0
8/22/2007 3:00,31645.13,25,15.7,0.7,0.09,10,0
8/22/2007 4:00,31645.17,22.22,15.6,0.7,1.83,10,0
8/22/2007 5:00,31645.21,23.89,15.8,0.7,1.27,10,19
8/22/2007 6:00,31645.25,25,16.3,1,2.39,5.68,152
8/22/2007 7:00,31645.29,30,15.8,2.3,2.83,5.43,313
8/22/2007 8:00,31645.34,31.11,15.8,1.7,2.97,4.96,472
8/22/2007 9:00,31645.38,33.33,15.6,1.4,3.23,4.55,609
8/22/2007 10:00,31645.42,32.78,15,1.7,3.09,4.23,710
8/22/2007 11:00,31645.46,36.11,14.3,2,4.47,4.06,762
8/22/2007 12:00,31645.5,38.33,14.7,2.1,4.69,4.01,764
8/22/2007 13:00,31645.55,38.89,14.5,2.4,5.17,4.1,715
8/22/2007 14:00,31645.59,38.89,13.8,2.2,5.32,4.24,621
8/22/2007 15:00,31645.63,40.56,12.1,2.3,4.68,4.56,485
8/22/2007 16:00,31645.67,40.56,11.6,2.6,5.25,5.01,323
8/22/2007 17:00,31645.71,38.89,13.3,3.1,5.1,5.45,154
8/22/2007 18:00,31645.76,36.11,13,2.1,5.06,10,21
8/22/2007 19:00,31645.8,32.78,12.6,2,5.13,10,0
8/22/2007 20:00,31645.84,31.11,13.8,1.9,5.57,10,0
8/22/2007 21:00,31645.88,29.44,15.7,1.3,5.43,10,0
8/22/2007 22:00,31645.92,29.44,16.4,1.7,5.15,10,0
8/22/2007 23:00,31645.97,27.78,16.1,1.7,5.43,10,0
8/23/2007 0:00,31646,26.11,16.4,1.1,6.09,10,0
8/23/2007 1:00,31646.04,24.44,16.5,1,0.42,10,0
8/23/2007 2:00,31646.08,23.89,16.8,1.4,5.97,10,0
8/23/2007 3:00,31646.13,24.44,16.2,1.2,3.46,10,0
8/23/2007 4:00,31646.17,25,16.6,0.9,0.63,10,0
8/23/2007 5:00,31646.21,22.78,16.8,0.7,0.37,10,18
8/23/2007 6:00,31646.25,23.33,17.5,0.6,3.12,6.05,144
8/23/2007 7:00,31646.29,28.33,17.1,1.2,2.46,5.7,303
8/23/2007 8:00,31646.34,30.56,16.6,2.4,2.5,5.06,466
8/23/2007 9:00,31646.38,32.22,16.4,1.9,3.16,4.57,606
8/23/2007 10:00,31646.42,33.89,15.9,1.8,4.42,4.37,701
8/23/2007 11:00,31646.46,33.89,14.4,2,3.86,4.03,761
8/23/2007 12:00,31646.5,36.67,13.9,2.1,4.19,4,762
8/23/2007 13:00,31646.55,37.78,13.8,2.4,4.82,4.19,709
8/23/2007 14:00,31646.59,38.33,13.8,2.7,4.96,4.43,611
8/23/2007 15:00,31646.63,39.44,13.4,2.5,5.15,4.87,472
8/23/2007 16:00,31646.67,39.44,12.7,2.7,5.17,5.41,310
8/23/2007 17:00,31646.71,37.78,12.3,2.6,5.43,5.61,149
8/23/2007 18:00,31646.76,35.56,12.2,1.6,5.25,10,20
8/23/2007 19:00,31646.8,32.78,14.1,1.2,5.34,10,0
8/23/2007 20:00,31646.84,31.11,14.4,1.7,5.6,10,0
8/23/2007 21:00,31646.88,29.44,14.2,2.1,5.41,10,0
8/23/2007 22:00,31646.92,26.67,14.3,2.4,5.22,10,0
8/23/2007 23:00,31646.97,26.67,14.5,1.9,5.65,10,0
8/24/2007 0:00,31647,24.44,14.7,1.8,5.78,10,0
8/24/2007 1:00,31647.04,23.89,14.8,1.2,5.72,10,0
8/24/2007 2:00,31647.08,23.89,15.4,0.9,0.91,10,0
8/24/2007 3:00,31647.13,24.44,15.9,1,1.17,10,0
8/24/2007 4:00,31647.17,23.89,14.7,1,1.36,10,0
8/24/2007 5:00,31647.21,22.78,12.4,1.3,1.8,10,16
8/24/2007 6:00,31647.25,23.33,10.5,2,2.11,6.34,137
8/24/2007 7:00,31647.29,25.56,10.1,2.4,2.32,5.92,294
8/24/2007 8:00,31647.34,28.89,10.4,3.2,2.34,5.36,452
8/24/2007 9:00,31647.38,31.11,11.7,2.8,2.71,4.88,590
8/24/2007 10:00,31647.42,32.78,12.1,2,3.07,4.54,691
8/24/2007 11:00,31647.46,33.33,13.8,1.8,3.54,4.36,743
8/24/2007 12:00,31647.5,36.67,14.7,1.7,4.33,4.34,744
8/24/2007 13:00,31647.55,38.89,14.6,1.9,5.18,4.4,697
8/24/2007 14:00,31647.59,40,13.7,2.4,5.08,4.57,603
8/24/2007 15:00,31647.63,41.11,13,2.7,5.39,4.88,469
8/24/2007 16:00,31647.67,40,13.1,2.9,5.17,5.35,309
8/24/2007 17:00,31647.71,39.44,13.7,2,5.39,6.83,128
8/24/2007 18:00,31647.76,35,13.7,1.7,5.25,10,19
8/24/2007 19:00,31647.8,32.78,13.8,2.1,5.22,10,0
8/24/2007 20:00,31647.84,30.56,14.9,3,5.67,10,0
8/24/2007 21:00,31647.88,27.78,15.4,2.6,5.59,10,0
8/24/2007 22:00,31647.92,27.78,15.2,2.5,5.36,10,0
8/24/2007 23:00,31647.97,25,15.3,2.2,5.41,10,0
8/25/2007 0:00,31648,25,15.9,1.9,5.22,10,0
8/25/2007 1:00,31648.04,23.89,15.4,1.3,5.39,10,0
8/25/2007 2:00,31648.08,23.33,14.9,1.4,5.62,10,0
8/25/2007 3:00,31648.13,22.78,14.8,0.9,5.59,10,0
8/25/2007 4:00,31648.17,23.89,14.6,1,5.52,10,0
8/25/2007 5:00,31648.21,23.89,14.4,0.8,5.62,10,14
8/25/2007 6:00,31648.25,24.44,14.5,0.7,3.77,6.5,132
8/25/2007 7:00,31648.29,26.67,14,1.1,5.03,6.07,287
8/25/2007 8:00,31648.34,25.56,14.7,1.3,3.89,5.55,442
8/25/2007 9:00,31648.38,30.56,14.9,1.4,4.05,5.14,576
8/25/2007 10:00,31648.42,32.78,15,1.8,3.63,4.9,671
8/25/2007 11:00,31648.46,35,14,1.9,4.22,4.66,726
8/25/2007 12:00,31648.5,35.56,13.2,2.1,4.52,4.7,724
8/25/2007 13:00,31648.55,37.78,13.1,2.4,4.89,4.95,668
8/25/2007 14:00,31648.59,38.33,13.3,2.1,4.8,5.36,565
8/25/2007 15:00,31648.63,40,13.1,1.7,5.34,5.78,432
8/25/2007 16:00,31648.67,39.44,13.2,2.1,5.06,6.14,284
8/25/2007 17:00,31648.71,37.78,14.7,2.1,5.13,7.11,121
8/25/2007 18:00,31648.76,35,15,2.2,5.1,10,11
8/25/2007 19:00,31648.8,31.67,15.1,2.1,5.38,10,0
8/25/2007 20:00,31648.84,30,14.6,2.9,5.48,10,0
8/25/2007 21:00,31648.88,28.33,14.4,3,5.46,10,0
8/25/2007 22:00,31648.92,25.56,14,3.3,5.6,10,0
8/25/2007 23:00,31648.97,26.67,13.8,3.7,5.41,10,0
8/26/2007 0:00,31649,23.89,12.9,3.5,5.62,10,0
8/26/2007 1:00,31649.04,22.78,12.6,3,5.64,10,0
8/26/2007 2:00,31649.08,22.78,11.9,2.5,5.62,10,0
8/26/2007 3:00,31649.13,22.22,10.9,2,5.34,10,0
8/26/2007 4:00,31649.17,21.11,10.4,1.8,5.74,10,0
8/26/2007 5:00,31649.21,20.56,11,1.5,5.69,10,4
8/26/2007 6:00,31649.25,21.67,12.1,2,4.69,10,49
8/26/2007 7:00,31649.29,21.11,12.5,1.5,5.39,7.34,243
8/26/2007 8:00,31649.34,23.33,12.6,0.9,4.43,9.88,201
8/26/2007 9:00,31649.38,26.67,13,1.7,3.46,7.11,465
8/26/2007 10:00,31649.42,28.33,13.2,2,2.83,5.73,623
8/26/2007 11:00,31649.46,29.44,13.8,2.3,3.19,4.61,726
8/26/2007 12:00,31649.5,31.67,13,1.5,2.55,6.17,634
8/26/2007 13:00,31649.55,33.89,12.8,1.2,0.17,5.52,635
8/26/2007 14:00,31649.59,36.11,13,1.8,4.05,3.04,650
8/26/2007 15:00,31649.63,38.33,12.8,2.1,2.98,5.01,459
8/26/2007 16:00,31649.67,37.22,12.5,2.2,2.65,6.79,261
8/26/2007 17:00,31649.71,34.44,10.8,1.9,3.35,7.39,114
8/26/2007 18:00,31649.76,33.11,12.5,1.4,4.76,10,19
8/26/2007 19:00,31649.8,31.78,14.9,1.1,5.17,10,0
8/26/2007 20:00,31649.84,30.44,16,1.3,5.85,10,0
8/26/2007 21:00,31649.88,29.11,15,1.4,3.56,10,0
8/26/2007 22:00,31649.92,27.78,16.1,1.1,2.02,10,0
8/26/2007 23:00,31649.97,25,14,1.4,1.66,10,0
8/27/2007 0:00,31650,26.67,16.4,0.8,5.2,10,0
8/27/2007 1:00,31650.04,26.11,16.5,0.9,5.85,10,0
8/27/2007 2:00,31650.08,25.56,16.6,0.7,5.17,10,0
8/27/2007 3:00,31650.13,25,17,1.1,5.43,10,0
8/27/2007 4:00,31650.17,25.56,16.4,1.1,5.32,10,0
8/27/2007 5:00,31650.21,22.22,15.5,1.4,5.65,10,11
8/27/2007 6:00,31650.25,23.89,14.7,2.1,5.5,6.41,128
8/27/2007 7:00,31650.29,23.33,14.6,1.6,5.72,5.82,289
8/27/2007 8:00,31650.34,26.11,13.6,1,5.85,5.21,450
8/27/2007 9:00,31650.38,31.67,11,2,3.46,4.82,585
8/27/2007 10:00,31650.42,33.33,9.4,2.4,3.4,4.31,694
8/27/2007 11:00,31650.46,35,9.1,2,3.26,4.56,726
8/27/2007 12:00,31650.5,36.11,10.9,1.8,4.78,4.5,729
8/27/2007 13:00,31650.55,37.78,12.3,2.1,4.19,4.69,676
8/27/2007 14:00,31650.59,37.78,13,1.7,3.75,4.9,581
8/27/2007 15:00,31650.63,39.44,12.9,1.8,4.87,6.53,394
8/27/2007 16:00,31650.67,39.44,12.7,2.5,5.52,6.81,258
8/27/2007 17:00,31650.71,37.78,12.5,3.1,5.24,6.4,127
8/27/2007 18:00,31650.76,36.11,12.5,2.9,5.5,10,13
8/27/2007 19:00,31650.8,32.78,13.5,3,5.39,10,0
8/27/2007 20:00,31650.84,30,14.2,3.3,5.31,10,0
8/27/2007 21:00,31650.88,29.44,13.5,3.4,5.43,10,0
8/27/2007 22:00,31650.92,26.67,12.4,2.7,5.64,10,0
8/27/2007 23:00,31650.97,26.67,12.8,2,5.72,10,0
8/28/2007 0:00,31651,25,13.8,1.6,5.78,10,0
8/28/2007 1:00,31651.04,26.11,14,1.5,5.32,10,0
8/28/2007 2:00,31651.08,25.56,13.3,1.3,5.39,10,0
8/28/2007 3:00,31651.13,24.44,13.6,0.9,5.04,10,0
8/28/2007 4:00,31651.17,23.89,12.4,0.8,0.03,10,0
8/28/2007 5:00,31651.21,24.44,12.7,0.6,0.75,10,7
8/28/2007 6:00,31651.25,23.33,13.5,0.9,0.49,6.71,121
8/28/2007 7:00,31651.29,27.78,12.8,0.9,1.17,6.01,281
8/28/2007 8:00,31651.34,29.44,14.9,2.6,2.53,5.53,435
8/28/2007 9:00,31651.38,32.78,14.1,2.2,3.02,5.03,573
8/28/2007 10:00,31651.42,33.89,13.9,1.9,3.37,4.83,667
8/28/2007 11:00,31651.46,35.56,13.2,1.9,4.17,4.63,720
8/28/2007 12:00,31651.5,36.11,13,2,4.15,4.53,725
8/28/2007 13:00,31651.55,38.33,13.4,2.6,5.29,4.7,673
8/28/2007 14:00,31651.59,39.44,13,2.7,5.29,4.98,575
8/28/2007 15:00,31651.63,40,12.6,3.3,5.39,5.54,434
8/28/2007 16:00,31651.67,39.44,12.5,2.9,5.5,6.15,276
8/28/2007 17:00,31651.71,38.89,12.5,2.4,5.43,6.63,121
8/28/2007 18:00,31651.76,36.11,13.3,1.6,5.31,10,11
8/28/2007 19:00,31651.8,33.33,14.5,1.4,5.38,10,0
8/28/2007 20:00,31651.84,32.22,14.8,1.9,5.43,10,0
8/28/2007 21:00,31651.88,31.11,14.5,2.3,5.17,10,0
8/28/2007 22:00,31651.92,28.89,15.3,1.7,5.11,10,0
8/28/2007 23:00,31651.97,25.56,16.7,1.2,0.24,10,0
8/29/2007 0:00,31652,27.78,16.9,0.8,4.99,10,0
8/29/2007 1:00,31652.04,27.22,16.7,0.7,0.91,10,0
8/29/2007 2:00,31652.08,27.78,16.9,0.8,6.21,10,0
8/29/2007 3:00,31652.13,25.56,17.5,0.7,6.2,10,0
8/29/2007 4:00,31652.17,25.56,17.2,0.8,1.41,10,0
8/29/2007 5:00,31652.21,25.56,16.9,0.8,0.51,10,12
8/29/2007 6:00,31652.25,25,18.2,1,0.61,6.6,120
8/29/2007 7:00,31652.29,27.78,17.1,1.7,2.02,6.06,277
8/29/2007 8:00,31652.34,33.33,15.1,2.4,2.48,5.39,438
8/29/2007 9:00,31652.38,35.56,15.1,2.6,2.91,4.93,575
8/29/2007 10:00,31652.42,37.78,15.9,2.3,3.51,4.61,675
8/29/2007 11:00,31652.46,37.78,15.7,1.9,4.29,4.54,722
8/29/2007 12:00,31652.5,39.44,14.5,1.7,4.68,4.48,725
8/29/2007 13:00,31652.55,43.33,14.8,1.7,5.17,4.62,674
8/29/2007 14:00,31652.59,42.78,13.5,2.2,4.89,4.87,577
8/29/2007 15:00,31652.63,43.33,12.5,2.1,4.82,5.36,438
8/29/2007 16:00,31652.67,43.33,13.4,2.3,5.46,5.95,279
8/29/2007 17:00,31652.71,42.78,14.9,2.1,5.39,6.37,122
8/29/2007 18:00,31652.76,39.44,15.3,1.5,5.53,10,10
8/29/2007 19:00,31652.8,36.11,15.4,1.3,5.55,10,0
8/29/2007 20:00,31652.84,33.89,15.2,1.7,5.71,10,0
8/29/2007 21:00,31652.88,33.33,15.6,1.4,5.53,10,0
8/29/2007 22:00,31652.92,33.33,16.1,1.4,5.11,10,0
8/29/2007 23:00,31652.97,29.44,16.6,2.2,5.22,10,0
8/30/2007 0:00,31653,29.44,17.1,2.9,5.53,10,0
8/30/2007 1:00,31653.04,28.89,16.6,3,0.03,10,0
8/30/2007 2:00,31653.08,32.22,17.1,4.5,4.03,10,0
8/30/2007 3:00,31653.13,22.22,17.8,2.9,5.9,10,0
8/30/2007 4:00,31653.17,28.33,18.7,2.9,5.69,10,0
8/30/2007 5:00,31653.21,30,16.4,4.3,6.25,10,5
8/30/2007 6:00,31653.25,30,17.1,2.9,5.92,10,14
8/30/2007 7:00,31653.29,31.11,19.6,2.1,0.26,10,36
8/30/2007 8:00,31653.34,28.89,19.2,2.2,0.07,10,36
8/30/2007 9:00,31653.38,30,17.8,3.5,0.63,10,26
8/30/2007 10:00,31653.42,31.11,17.3,3.8,1.22,10,116
8/30/2007 11:00,31653.46,30,18,2.6,0.51,10,201
8/30/2007 12:00,31653.5,30.56,19.9,2.6,2.57,10,107
8/30/2007 13:00,31653.55,30.56,19.3,2.6,5.99,10,169
8/30/2007 14:00,31653.59,31.11,20.4,2.7,5.43,8.01,396
8/30/2007 15:00,31653.63,34.44,19.4,1.7,5.76,7.81,323
8/30/2007 16:00,31653.67,36.67,19.3,1.7,0.21,4.94,302
8/30/2007 17:00,31653.71,36.11,18.5,1.7,1.38,6.89,112
8/30/2007 18:00,31653.76,36.67,17.9,1.4,0.02,10,12
8/30/2007 19:00,31653.8,33.33,18.9,1.4,4.92,10,0
8/30/2007 20:00,31653.84,32.22,21,1,5.41,10,0
8/30/2007 21:00,31653.88,29.44,20.8,1.2,5.67,10,0
8/30/2007 22:00,31653.92,29.44,20.6,0.9,5.57,10,0
8/30/2007 23:00,31653.97,31.67,20.2,0.8,5.55,10,0
8/31/2007 0:00,31654,27.78,19.4,1.1,1.9,10,0
8/31/2007 1:00,31654.04,29.44,19.1,1.2,5.22,10,0
8/31/2007 2:00,31654.08,27.22,19.1,0.9,5.22,10,0
8/31/2007 3:00,31654.13,29.44,19.3,1,1.54,10,0
8/31/2007 4:00,31654.17,27.78,19.1,0.9,5.62,10,0
8/31/2007 5:00,31654.21,27.22,19,0.8,1.13,10,9
8/31/2007 6:00,31654.25,26.67,19.5,0.7,5.25,3.78,145
8/31/2007 7:00,31654.29,26.11,19.3,1,1.08,3.87,322
8/31/2007 8:00,31654.34,31.67,19.9,2.2,2.11,4.9,450
8/31/2007 9:00,31654.38,34.44,19.2,2.3,3,4.51,587
8/31/2007 10:00,31654.42,37.78,18,2.1,3.14,4.26,685
8/31/2007 11:00,31654.46,38.33,16.7,2,3.37,4.13,736
8/31/2007 12:00,31654.5,40.56,16.1,1.5,4.4,4.1,737
8/31/2007 13:00,31654.55,41.67,15,1.8,5.5,4.11,691
8/31/2007 14:00,31654.59,42.78,14.7,2.1,5.36,4.42,590
8/31/2007 15:00,31654.63,43.89,14.5,2.4,5.17,4.87,450
8/31/2007 16:00,31654.67,43.89,14.4,3,5.53,5.52,285
8/31/2007 17:00,31654.71,40.56,14.3,3.3,5.6,6.63,113
8/31/2007 18:00,31654.76,37.78,14.8,2.2,5.41,10,7
8/31/2007 19:00,31654.8,35.56,15.6,3,5.57,10,0
8/31/2007 20:00,31654.84,33.33,16.5,3.3,5.55,10,0
8/31/2007 21:00,31654.88,32.22,16.4,3.6,5.5,10,0
8/31/2007 22:00,31654.92,29.44,16.1,3.5,5.55,10,0
8/31/2007 23:00,31654.97,26.67,15.4,3.4,5.55,10,0
9/1/2007 0:00,31655,28.33,15.1,2.5,5.64,10,0
9/1/2007 1:00,31655.04,26.67,14.7,2.3,5.41,10,0
9/1/2007 2:00,31655.08,27.22,14.9,1.8,5.71,10,0
9/1/2007 3:00,31655.13,25.56,15.6,1.5,5.86,10,0
9/1/2007 4:00,31655.17,26.11,15.6,1.2,5.59,10,0
9/1/2007 5:00,31655.21,25,15.7,0.6,5.36,10,11
9/1/2007 6:00,31655.25,27.22,16.7,0.8,5.59,5.35,127
9/1/2007 7:00,31655.29,31.67,15.9,0.8,6.23,5.24,290
9/1/2007 8:00,31655.34,31.11,16.4,1.2,3.65,4.87,448
9/1/2007 9:00,31655.38,33.89,16.6,1.5,3.58,4.38,589
9/1/2007 10:00,31655.42,35,16.3,1.4,4.22,4.1,689
9/1/2007 11:00,31655.46,37.22,16.2,1.7,4.89,3.99,739
9/1/2007 12:00,31655.5,39.44,15.9,2.7,5.43,4.04,737
9/1/2007 13:00,31655.55,40.56,15.9,3.4,5.71,4.19,685
9/1/2007 14:00,31655.59,41.67,14.5,4,5.2,4.52,583
9/1/2007 15:00,31655.63,42.22,14.6,4,5.79,4.93,445
9/1/2007 16:00,31655.67,41.11,13.7,4.5,5.67,5.52,282
9/1/2007 17:00,31655.71,40.56,13.7,4.1,5.65,6.02,118
9/1/2007 18:00,31655.76,37.78,11.9,4.1,5.46,10,8
9/1/2007 19:00,31655.8,35,8.7,4,5.57,10,0
9/1/2007 20:00,31655.84,32.22,5.7,3.5,5.48,10,0
9/1/2007 21:00,31655.88,32.78,5.6,3.3,5.5,10,0
9/1/2007 22:00,31655.92,30.56,4.4,2.8,5.72,10,0
9/1/2007 23:00,31655.97,28.33,2.6,3.7,5.53,10,0
9/2/2007 0:00,31656,28.33,2.6,3.1,5.53,10,0
9/2/2007 1:00,31656.04,25.56,3.7,2.5,5.46,10,0
9/2/2007 2:00,31656.08,26.11,3.6,3,5.43,10,0
9/2/2007 3:00,31656.13,26.11,5.2,2,5.81,10,0
9/2/2007 4:00,31656.17,25,7.1,1.3,5.57,10,0
9/2/2007 5:00,31656.21,25.56,8.7,0.8,5.74,10,10
9/2/2007 6:00,31656.25,25,10.3,1,5.81,4.52,132
9/2/2007 7:00,31656.29,28.89,8.5,1.1,5.76,4.85,296
9/2/2007 8:00,31656.34,27.78,10.6,1.2,5.9,4.4,460
9/2/2007 9:00,31656.38,34.44,11.5,2,3.33,4,600
9/2/2007 10:00,31656.42,35.56,12.1,1.9,3.84,3.77,699
9/2/2007 11:00,31656.46,36.67,11,2.1,4.85,3.6,752
9/2/2007 12:00,31656.5,39.44,8.8,3.3,5.46,3.52,755
9/2/2007 13:00,31656.55,40.56,5.5,4.6,5.69,3.65,703
9/2/2007 14:00,31656.59,41.11,6,4.6,5.65,3.95,601
9/2/2007 15:00,31656.63,40.56,4.3,5.2,5.5,4.43,458
9/2/2007 16:00,31656.67,41.11,5.8,4.6,5.5,4.98,292
9/2/2007 17:00,31656.71,38.89,4.7,4.3,5.48,5.3,123
9/2/2007 18:00,31656.76,37.78,6.7,2.3,5.5,10,8
9/2/2007 19:00,31656.8,33.33,7.8,2.3,5.59,10,0
9/2/2007 20:00,31656.84,31.67,9.1,2.4,5.67,10,0
9/2/2007 21:00,31656.88,30.56,10,1.5,5.43,10,0
9/2/2007 22:00,31656.92,30,9.9,1.6,5.04,10,0
9/2/2007 23:00,31656.97,29.44,12.1,1.3,5.93,10,0
9/3/2007 0:00,31657,27.22,12.7,1,6.09,10,0
9/3/2007 1:00,31657.04,26.67,12.9,0.9,0.02,10,0
9/3/2007 2:00,31657.08,26.67,12.9,0.8,5.95,10,0
9/3/2007 3:00,31657.13,26.11,13.8,0.9,0.4,10,0
9/3/2007 4:00,31657.17,25.56,13.9,0.7,1.05,10,0
9/3/2007 5:00,31657.21,26.11,13.8,0.7,5.92,10,10
9/3/2007 6:00,31657.25,25.56,14.9,0.8,5.71,4,133
9/3/2007 7:00,31657.29,27.78,12.5,0.7,5.92,5.03,289
9/3/2007 8:00,31657.34,32.22,10.2,1.5,4.07,4.39,457
9/3/2007 9:00,31657.38,35,10.3,2,3.61,4.11,593
9/3/2007 10:00,31657.42,35,10.8,1.9,3.94,4.41,670
9/3/2007 11:00,31657.46,37.22,9.9,1.9,4.66,3.58,750
9/3/2007 12:00,31657.5,38.33,9,2.3,5.53,3.52,752
9/3/2007 13:00,31657.55,40.56,8.3,2.4,5.65,3.76,696
9/3/2007 14:00,31657.59,41.67,9.5,3.2,5.38,4.21,589
9/3/2007 15:00,31657.63,42.22,9.7,3.9,5.45,4.72,446
9/3/2007 16:00,31657.67,40.56,9,4.2,5.57,5.32,281
9/3/2007 17:00,31657.71,39.44,7.9,4.6,5.48,5.67,116
9/3/2007 18:00,31657.76,36.11,7.6,3.9,5.39,10,7
9/3/2007 19:00,31657.8,32.78,9.5,4.5,5.52,10,0
9/3/2007 20:00,31657.84,31.11,10.3,4.7,5.5,10,0
9/3/2007 21:00,31657.88,28.89,10.6,4.6,5.36,10,0
9/3/2007 22:00,31657.92,26.67,10.9,5.2,5.29,10,0
9/3/2007 23:00,31657.97,28.89,10.5,4.8,5.55,10,0
9/4/2007 0:00,31658,22.78,10.4,4.2,5.5,10,0
9/4/2007 1:00,31658.04,21.67,10.6,3.6,5.71,10,0
9/4/2007 2:00,31658.08,21.11,11,3.5,5.64,10,0
9/4/2007 3:00,31658.13,21.67,11.3,3.8,5.52,10,0
9/4/2007 4:00,31658.17,18.89,11.5,4.2,5.43,10,0
9/4/2007 5:00,31658.21,18.33,11.8,3.1,5.55,10,9
9/4/2007 6:00,31658.25,18.33,12.3,3.6,5.57,6.4,106
9/4/2007 7:00,31658.29,18.89,13,3.9,5.69,5.24,281
9/4/2007 8:00,31658.34,25,13.4,4.8,5.65,4.75,443
9/4/2007 9:00,31658.38,27.22,13.1,4.8,5.64,3.82,600
9/4/2007 10:00,31658.42,28.89,13,4.4,5.45,3.16,714
9/4/2007 11:00,31658.46,31.11,12.2,4.8,5.55,2.84,772
9/4/2007 12:00,31658.5,31.11,11.6,4.6,5.64,2.96,768
9/4/2007 13:00,31658.55,33.33,11.4,4,5.41,3.36,707
9/4/2007 14:00,31658.59,33.89,11.4,4.2,5.71,3.8,600
9/4/2007 15:00,31658.63,34.44,11.1,4.3,5.74,4.36,454
9/4/2007 16:00,31658.67,33.89,10.9,4.2,5.65,5.06,284
9/4/2007 17:00,31658.71,33.33,10.8,3.6,5.57,6.38,105
9/4/2007 18:00,31658.76,30,10.4,3.7,5.53,10,4
9/4/2007 19:00,31658.8,26.11,10.7,3.3,5.62,10,0
9/4/2007 20:00,31658.84,25.56,10.5,3.5,5.6,10,0
9/4/2007 21:00,31658.88,24.44,11.4,3.6,5.36,10,0
9/4/2007 22:00,31658.92,20.56,11.5,3.5,5.53,10,0
9/4/2007 23:00,31658.97,25,11.4,3,5.27,10,0
9/5/2007 0:00,31659,18.33,11.6,2.6,5.39,10,0
9/5/2007 1:00,31659.04,17.22,11.5,2.1,5.74,10,0
9/5/2007 2:00,31659.08,16.11,11.6,2.1,5.74,10,0
9/5/2007 3:00,31659.13,16.67,11.7,1.9,5.72,10,0
9/5/2007 4:00,31659.17,16.67,11.7,1.4,5.99,10,0
9/5/2007 5:00,31659.21,17.22,11.7,1,5.97,10,8
9/5/2007 6:00,31659.25,16.67,12.5,1.8,5.76,5.4,114
9/5/2007 7:00,31659.29,17.22,13.4,1.8,5.81,5.02,283
9/5/2007 8:00,31659.34,21.11,13.7,1.7,5.31,3.8,467
9/5/2007 9:00,31659.38,23.89,13.7,1.4,4.94,3.56,605
9/5/2007 10:00,31659.42,25.56,13.4,1.3,4.26,3.46,701
9/5/2007 11:00,31659.46,27.22,13.5,1.4,2.9,3.3,754
9/5/2007 12:00,31659.5,29.44,12.5,1.7,5.24,3.08,761
9/5/2007 13:00,31659.55,32.22,11.7,1.7,5.59,3.33,705
9/5/2007 14:00,31659.59,34.44,10.9,1.6,4.24,3.64,602
9/5/2007 15:00,31659.63,33.33,8.5,1.8,5.65,4.03,460
9/5/2007 16:00,31659.67,33.89,9.6,1.8,5.53,4.82,286
9/5/2007 17:00,31659.71,33.89,9.3,2,5.79,4.92,117
9/5/2007 18:00,31659.76,30.56,8.9,1.3,5.5,10,5
9/5/2007 19:00,31659.8,27.78,10.7,0.9,5.25,10,0
9/5/2007 20:00,31659.84,26.67,11.5,0.8,5.18,10,0
9/5/2007 21:00,31659.88,24.44,11.8,1.1,5.04,10,0
9/5/2007 22:00,31659.92,24.44,12.6,0.7,4.76,10,0
9/5/2007 23:00,31659.97,18.89,13.2,1,1.59,10,0
9/6/2007 0:00,31660,22.78,13.2,0.7,5.46,10,0
9/6/2007 1:00,31660.04,21.67,13.2,0.9,1.27,10,0
9/6/2007 2:00,31660.08,21.67,13,0.9,0.63,10,0
9/6/2007 3:00,31660.13,22.22,12.7,0.5,0.3,10,0
9/6/2007 4:00,31660.17,21.67,12.4,0.7,1.13,10,0
9/6/2007 5:00,31660.21,21.67,12.1,0.8,5.57,10,8
9/6/2007 6:00,31660.25,21.11,13.1,0.5,1.57,5.88,106
9/6/2007 7:00,31660.29,24.44,13.1,0.9,1.94,5.53,268
9/6/2007 8:00,31660.34,27.22,11.3,1.9,2.25,4.71,438
9/6/2007 9:00,31660.38,33.89,11.2,1.9,2.53,4.07,585
9/6/2007 10:00,31660.42,31.67,10.9,1.9,3.33,3.57,694
9/6/2007 11:00,31660.46,33.89,10.9,1.8,3.32,3.49,744
9/6/2007 12:00,31660.5,35,11.7,1.4,0.47,3.8,732
9/6/2007 13:00,31660.55,37.78,11.2,1.4,3.89,3.99,678
9/6/2007 14:00,31660.59,38.33,10.4,1.5,4.96,4.55,567
9/6/2007 15:00,31660.63,37.78,9.4,1.3,5.36,5.25,419
9/6/2007 16:00,31660.67,38.33,8.7,1.9,5.25,6.12,252
9/6/2007 17:00,31660.71,36.67,8.2,1.8,5.06,7.23,89
9/6/2007 18:00,31660.76,33.33,8.7,2.2,5.11,10,3
9/6/2007 19:00,31660.8,30,9.3,2.3,5.17,10,0
9/6/2007 20:00,31660.84,27.78,12,2.3,5.17,10,0
9/6/2007 21:00,31660.88,26.11,12.3,2.9,5.59,10,0
9/6/2007 22:00,31660.92,22.78,12,3,5.78,10,0
9/6/2007 23:00,31660.97,23.33,12.8,2.9,5.74,10,0
9/7/2007 0:00,31661,20,13,2.5,5.81,10,0
9/7/2007 1:00,31661.04,20,12.8,2.6,5.67,10,0
9/7/2007 2:00,31661.08,18.33,12.7,2.1,5.79,10,0
9/7/2007 3:00,31661.13,18.89,12.6,1.5,5.99,10,0
9/7/2007 4:00,31661.17,18.33,12.3,1.4,5.57,10,0
9/7/2007 5:00,31661.21,18.89,12.2,0.9,5.24,10,6
9/7/2007 6:00,31661.25,17.78,12.9,1.1,4.8,7.36,86
9/7/2007 7:00,31661.29,21.11,13,1.6,5.69,6.81,231
9/7/2007 8:00,31661.34,22.22,13.1,1.2,4.85,6.13,384
9/7/2007 9:00,31661.38,26.67,13.5,1.2,3.89,5.43,527
9/7/2007 10:00,31661.42,26.67,13.6,1.5,4.52,4.65,647
9/7/2007 11:00,31661.46,28.89,13.4,2,4.24,4.27,709
9/7/2007 12:00,31661.5,30.56,13.2,2.3,4.68,4.2,712
9/7/2007 13:00,31661.55,31.67,12.6,2.2,4.99,4.44,656
9/7/2007 14:00,31661.59,35,12.9,2.7,5.22,4.72,557
9/7/2007 15:00,31661.63,35,12.5,2.8,5.52,5.25,416
9/7/2007 16:00,31661.67,35,11.8,3.3,5.36,5.97,253
9/7/2007 17:00,31661.71,33.33,11.8,3.7,5.41,7.02,89
9/7/2007 18:00,31661.76,30,12.4,3.4,5.52,10,3
9/7/2007 19:00,31661.8,26.11,13.2,4.1,5.52,10,0
9/7/2007 20:00,31661.84,25,13.7,3.6,5.55,10,0
9/7/2007 21:00,31661.88,22.22,13.7,2.7,5.71,10,0
9/7/2007 22:00,31661.92,22.22,13.5,2.2,5.43,10,0
9/7/2007 23:00,31661.97,21.67,13.6,1.9,5.32,10,0
9/8/2007 0:00,31662,20,13.5,1.8,5.18,10,0
9/8/2007 1:00,31662.04,18.33,13.2,1.3,5.11,10,0
9/8/2007 2:00,31662.08,17.78,13.2,1.1,5.79,10,0
9/8/2007 3:00,31662.13,17.78,13,0.9,5.64,10,0
9/8/2007 4:00,31662.17,17.22,12.9,0.6,5.29,10,0
9/8/2007 5:00,31662.21,19.44,12.6,0.9,4.92,10,7
9/8/2007 6:00,31662.25,17.22,13.4,1.3,5.34,5.21,106
9/8/2007 7:00,31662.29,17.22,13.7,1.7,5.64,5.26,268
9/8/2007 8:00,31662.34,21.11,13.7,1.2,4.66,4.69,432
9/8/2007 9:00,31662.38,25.56,14,1.5,4.36,4.2,574
9/8/2007 10:00,31662.42,27.22,14.4,1.6,4.1,3.96,673
9/8/2007 11:00,31662.46,30,13.9,1.8,4.17,3.92,721
9/8/2007 12:00,31662.5,32.22,14,1.8,4.92,4.03,716
9/8/2007 13:00,31662.55,35.56,12.6,1.8,5.1,4.1,667
9/8/2007 14:00,31662.59,35,12.7,2,5.46,4.54,561
9/8/2007 15:00,31662.63,35.56,12.1,2.3,5.36,5.04,420
9/8/2007 16:00,31662.67,35.56,11.8,2.3,5.04,5.81,254
9/8/2007 17:00,31662.71,33.89,12,2.1,5.03,6.78,89
9/8/2007 18:00,31662.76,30.56,12.2,2.1,4.99,10,3
9/8/2007 19:00,31662.8,27.78,13.2,1.7,5.11,10,0
9/8/2007 20:00,31662.84,26.67,14.2,2.1,5.48,10,0
9/8/2007 21:00,31662.88,25,14.8,1.7,5.65,10,0
9/8/2007 22:00,31662.92,25,15.1,1.6,5.18,10,0
9/8/2007 23:00,31662.97,21.11,15.3,1.4,5.17,10,0
9/9/2007 0:00,31663,23.33,15,1.1,5.48,10,0
9/9/2007 1:00,31663.04,21.67,14.9,1,5.1,10,0
9/9/2007 2:00,31663.08,21.11,14.6,0.8,5.03,10,0
9/9/2007 3:00,31663.13,21.67,14.4,1.3,5.1,10,0
9/9/2007 4:00,31663.17,18.89,14.2,1.4,5.25,10,0
9/9/2007 5:00,31663.21,18.89,13.9,1,5.18,10,6
9/9/2007 6:00,31663.25,18.89,14.2,1.9,5.53,5.41,101
9/9/2007 7:00,31663.29,18.89,14.3,1.9,5.74,5.52,259
9/9/2007 8:00,31663.34,23.33,14.5,1.7,5.5,4.78,426
9/9/2007 9:00,31663.38,26.67,14.5,2.1,5.24,4.33,566
9/9/2007 10:00,31663.42,29.44,14,2.3,4.89,4.06,666
9/9/2007 11:00,31663.46,30.56,13.7,2.6,4.94,3.98,715
9/9/2007 12:00,31663.5,33.89,12.7,2.8,5.15,4.1,710
9/9/2007 13:00,31663.55,34.44,12.5,2.7,5.08,4.37,653
9/9/2007 14:00,31663.59,35.56,11.6,3.1,5.18,4.84,546
9/9/2007 15:00,31663.63,36.11,11.8,3.3,5.18,5.48,402
9/9/2007 16:00,31663.67,35,11.7,3.3,5.36,6.51,233
9/9/2007 17:00,31663.71,33.89,11.3,3.3,5.52,7.58,77
9/9/2007 18:00,31663.76,30.56,12,3.1,5.38,10,3
9/9/2007 19:00,31663.8,28.33,13.6,2.1,5.39,10,0
9/9/2007 20:00,31663.84,25.56,14.7,2.4,5.29,10,0
9/9/2007 21:00,31663.88,24.44,14.3,2.9,5.36,10,0
9/9/2007 22:00,31663.92,22.78,14,3.2,5.45,10,0
9/9/2007 23:00,31663.97,23.89,13.7,3,5.65,10,0
9/10/2007 0:00,31664,21.11,13.5,2.4,5.53,10,0
9/10/2007 1:00,31664.04,20,13.2,2,5.25,10,0
9/10/2007 2:00,31664.08,19.44,13.1,1.8,5.39,10,0
9/10/2007 3:00,31664.13,18.33,12.7,1.9,5.5,10,0
9/10/2007 4:00,31664.17,18.33,12.5,1.7,5.2,10,0
9/10/2007 5:00,31664.21,16.67,12.2,1.5,5.57,10,5
9/10/2007 6:00,31664.25,17.22,12.4,1.6,5.38,5.72,95
9/10/2007 7:00,31664.29,17.78,12.4,1.7,5.46,5.64,253
9/10/2007 8:00,31664.34,22.78,12.7,1.1,4.57,5.12,412
9/10/2007 9:00,31664.38,25.56,13.4,1.6,4.83,4.67,550
9/10/2007 10:00,31664.42,27.78,14,1.6,5.31,4.35,651
9/10/2007 11:00,31664.46,28.89,13.5,1.7,4.97,4.3,698
9/10/2007 12:00,31664.5,30.56,13.2,1.9,4.57,4.43,692
9/10/2007 13:00,31664.55,32.78,12.6,1.7,5.32,4.64,638
9/10/2007 14:00,31664.59,34.44,12.2,1.9,5.29,5.17,529
9/10/2007 15:00,31664.63,35,12.2,1.9,5.38,5.86,385
9/10/2007 16:00,31664.67,35.56,11.9,2.1,5.64,6.8,222
9/10/2007 17:00,31664.71,33.33,11.5,2.4,5.25,7.87,71
9/10/2007 18:00,31664.76,30.56,12.1,1.7,5.15,10,2
9/10/2007 19:00,31664.8,28.33,13.2,1.5,4.85,10,0
9/10/2007 20:00,31664.84,27.22,14.3,1.2,5.32,10,0
9/10/2007 21:00,31664.88,26.11,14.6,1.5,5.6,10,0
9/10/2007 22:00,31664.92,25,14.6,1.4,5.72,10,0
9/10/2007 23:00,31664.97,21.11,14.7,1.3,5.92,10,0
9/11/2007 0:00,31665,24.44,14.8,1.4,5.78,10,0
9/11/2007 1:00,31665.04,23.33,14.8,1.5,5.36,10,0
9/11/2007 2:00,31665.08,22.78,14.5,2.3,5.27,10,0
9/11/2007 3:00,31665.13,21.11,13.9,2.6,5.36,10,0
9/11/2007 4:00,31665.17,18.89,13.9,2.3,5.43,10,0
9/11/2007 5:00,31665.21,18.33,13.5,1.5,5.59,10,5
9/11/2007 6:00,31665.25,18.89,13.7,2,5.08,4.82,99
9/11/2007 7:00,31665.29,19.44,13.9,2.2,5.52,5.28,258
9/11/2007 8:00,31665.34,22.78,14.2,1.8,5.41,4.76,420
9/11/2007 9:00,31665.38,26.67,14.5,1.4,5.13,4.29,561
9/11/2007 10:00,31665.42,28.89,14.4,1.5,4.5,4.02,661
9/11/2007 11:00,31665.46,31.11,14.3,1.9,4.76,3.94,710
9/11/2007 12:00,31665.5,33.33,14.3,2,4.8,3.84,714
9/11/2007 13:00,31665.55,35,12.8,2.1,5.11,4.03,660
9/11/2007 14:00,31665.59,35.56,13.1,2.3,5.38,4.54,551
9/11/2007 15:00,31665.63,35.56,12.7,1.6,5.64,5.11,408
9/11/2007 16:00,31665.67,36.11,12.3,1.5,5.57,5.93,242
9/11/2007 17:00,31665.71,33.89,12.1,1.6,5.6,6.82,80
9/11/2007 18:00,31665.76,31.11,12,1.2,5.41,10,2
9/11/2007 19:00,31665.8,28.89,13,2,5.72,10,0
9/11/2007 20:00,31665.84,27.78,13,2.5,5.67,10,0
9/11/2007 21:00,31665.88,25,13.6,2,5.65,10,0
9/11/2007 22:00,31665.92,23.33,13.8,1.5,5.71,10,0
9/11/2007 23:00,31665.97,23.33,14,1.6,5.92,10,0
9/12/2007 0:00,31666,22.78,14,1.9,5.64,10,0
9/12/2007 1:00,31666.04,22.78,13.9,1.8,5.46,10,0
9/12/2007 2:00,31666.08,22.78,13.8,1.8,5.65,10,0
9/12/2007 3:00,31666.13,21.11,13.6,1.4,5.22,10,0
9/12/2007 4:00,31666.17,20.56,13.4,1.8,5.65,10,0
9/12/2007 5:00,31666.21,18.33,13.2,1.7,5.85,10,5
9/12/2007 6:00,31666.25,17.78,13.6,1.7,5.93,4.14,100
9/12/2007 7:00,31666.29,21.11,14,1.1,5.48,4.72,266
9/12/2007 8:00,31666.34,24.44,14.3,1.3,4.07,4.37,428
9/12/2007 9:00,31666.38,28.89,14.6,1.8,4.14,3.92,570
9/12/2007 10:00,31666.42,29.44,14.7,1.6,3.6,3.68,670
9/12/2007 11:00,31666.46,31.11,14.2,1.8,4.47,3.57,721
9/12/2007 12:00,31666.5,32.22,13.3,1.8,4.5,3.75,714
9/12/2007 13:00,31666.55,33.89,13.6,1.9,4.57,3.83,664
9/12/2007 14:00,31666.59,35,13.1,1.8,4.66,4.2,560
9/12/2007 15:00,31666.63,36.11,13.1,3.2,5.08,5.23,401
9/12/2007 16:00,31666.67,34.44,14.2,5.1,5.27,6.17,233
9/12/2007 17:00,31666.71,30.56,14.2,5,5.48,7.14,74
9/12/2007 18:00,31666.76,27.22,13.9,4.9,5.57,10,2
9/12/2007 19:00,31666.8,24.44,11.7,5.5,5.45,10,0
9/12/2007 20:00,31666.84,22.78,11.9,4.9,5.55,10,0
9/12/2007 21:00,31666.88,21.11,12.5,4.7,5.6,10,0
9/12/2007 22:00,31666.92,19.44,11.9,5.6,5.64,10,0
9/12/2007 23:00,31666.97,25,10.9,5.5,5.76,10,0
9/13/2007 0:00,31667,16.11,11,4.9,5.64,10,0
9/13/2007 1:00,31667.04,15.56,11.3,4.3,5.74,10,0
9/13/2007 2:00,31667.08,15.56,11.2,4,5.74,10,0
9/13/2007 3:00,31667.13,15,11.2,4.1,5.74,10,0
9/13/2007 4:00,31667.17,15,11.2,4,5.78,10,0
9/13/2007 5:00,31667.21,15,10.9,3.7,5.76,10,3
9/13/2007 6:00,31667.25,13.89,11.1,3.6,5.71,7.85,65
9/13/2007 7:00,31667.29,15.56,11.4,3.4,5.46,8.58,160
9/13/2007 8:00,31667.34,16.67,11.3,4,5.6,4.5,421
9/13/2007 9:00,31667.38,22.22,11,4,5.5,3.14,589
9/13/2007 10:00,31667.42,23.33,11,3.7,5.5,3.24,681
9/13/2007 11:00,31667.46,23.89,10.8,3.1,5.38,3.24,729
9/13/2007 12:00,31667.5,26.67,10.2,3.2,5.2,3.44,722
9/13/2007 13:00,31667.55,27.22,9.7,3.4,5.41,3.82,661
9/13/2007 14:00,31667.59,27.78,9.3,3.5,5.62,4.36,551
9/13/2007 15:00,31667.63,27.78,8.1,3.8,5.5,5,405
9/13/2007 16:00,31667.67,28.33,7.4,4.1,5.55,6.13,231
9/13/2007 17:00,31667.71,26.11,6.4,3.7,5.46,7.16,71
9/13/2007 18:00,31667.76,23.89,7.2,3,5.52,10,1
9/13/2007 19:00,31667.8,22.22,8.1,3.1,5.52,10,0
9/13/2007 20:00,31667.84,20,8.6,3.3,5.62,10,0
9/13/2007 21:00,31667.88,19.44,8.7,3,5.62,10,0
9/13/2007 22:00,31667.92,19.44,9.3,2.9,5.38,10,0
9/13/2007 23:00,31667.97,17.78,10,3.1,5.52,10,0
9/14/2007 0:00,31668,16.11,10.4,2.4,5.6,10,0
9/14/2007 1:00,31668.04,16.11,10.6,1.9,5.69,10,0
9/14/2007 2:00,31668.08,16.11,10.8,2.4,5.79,10,0
9/14/2007 3:00,31668.13,16.11,10.9,1.5,5.9,10,0
9/14/2007 4:00,31668.17,15.56,10.6,1.2,5.52,10,0
9/14/2007 5:00,31668.21,14.44,10.7,1.1,5.53,10,5
9/14/2007 6:00,31668.25,15,11.7,1.9,5.78,0,105
9/14/2007 7:00,31668.29,17.78,11.7,2.3,5.81,3.7,276
9/14/2007 8:00,31668.34,22.22,11.4,2.5,5.81,3.43,444
9/14/2007 9:00,31668.38,23.89,12.1,2.8,5.48,3.31,581
9/14/2007 10:00,31668.42,25.56,12.2,2.6,5.53,3.15,680
9/14/2007 11:00,31668.46,27.78,10.6,2.8,5.45,3.13,729
9/14/2007 12:00,31668.5,28.89,10.8,2.8,4.89,3.37,721
9/14/2007 13:00,31668.55,29.44,9.7,2.4,4.92,3.86,656
9/14/2007 14:00,31668.59,29.44,9.2,2.7,4.73,4.23,552
9/14/2007 15:00,31668.63,30.56,7.6,2.5,4.99,4.83,407
9/14/2007 16:00,31668.67,28.89,7.4,2.7,5.53,5.65,239
9/14/2007 17:00,31668.71,27.78,7.5,2.9,5.6,6.76,72
9/14/2007 18:00,31668.76,26.22,7.8,2.1,5.57,10,1
9/14/2007 19:00,31668.8,24.67,8.6,1.8,5.79,10,0
9/14/2007 20:00,31668.84,23.11,9.2,1.8,5.74,10,0
9/14/2007 21:00,31668.88,21.56,9.3,1.5,5.71,10,0
9/14/2007 22:00,31668.92,20,9.9,2.9,5.48,10,0
9/14/2007 23:00,31668.97,17.22,10.8,3.1,5.5,10,0
9/15/2007 0:00,31669,16.67,11,2.9,5.55,10,0
9/15/2007 1:00,31669.04,16.67,10.9,2.9,5.43,10,0
9/15/2007 2:00,31669.08,15.56,10.7,2.1,5.71,10,0
9/15/2007 3:00,31669.13,15,10.4,1.9,5.57,10,0
9/15/2007 4:00,31669.17,15.56,10.1,1.9,5.74,10,0
9/15/2007 5:00,31669.21,15.56,9.9,1.3,5.71,10,4
9/15/2007 6:00,31669.25,13.89,10.4,2,5.9,0,106
9/15/2007 7:00,31669.29,16.67,10.7,2.6,5.79,3.65,273
9/15/2007 8:00,31669.34,22.22,11,1.8,5.69,3.63,436
9/15/2007 9:00,31669.38,25,11,1.2,5.55,3.36,576
9/15/2007 10:00,31669.42,26.11,11.2,1.9,5.24,3.23,674
9/15/2007 11:00,31669.46,27.22,10.8,1.9,4.75,3.23,722
9/15/2007 12:00,31669.5,29.44,11.2,2,5.31,3.66,707
9/15/2007 13:00,31669.55,30.56,10.9,1.8,5.08,3.79,655
9/15/2007 14:00,31669.59,31.11,10.3,2,5.25,4.25,548
9/15/2007 15:00,31669.63,30.56,9.5,1.6,5.86,4.88,402
9/15/2007 16:00,31669.67,31.67,9.4,1.8,5.5,5.82,232
9/15/2007 17:00,31669.71,30,9.3,1.7,5.85,6.77,69
9/15/2007 18:00,31669.76,26.11,10.6,1.6,5.55,10,1
9/15/2007 19:00,31669.8,24.44,11.1,1.7,5.57,10,0
9/15/2007 20:00,31669.84,23.89,11.3,2.2,5.72,10,0
9/15/2007 21:00,31669.88,21.67,10.8,4,5.59,10,0
9/15/2007 22:00,31669.92,18.89,10.3,3.7,5.52,10,0
9/15/2007 23:00,31669.97,17.78,10,3.4,5.48,10,0
9/16/2007 0:00,31670,16.67,10,3.4,5.45,10,0
9/16/2007 1:00,31670.04,15,10.2,3.1,5.48,10,0
9/16/2007 2:00,31670.08,13.89,10.5,2.7,5.62,10,0
9/16/2007 3:00,31670.13,13.33,10.7,2.3,5.81,10,0
9/16/2007 4:00,31670.17,12.78,10.6,2.1,5.74,10,0
9/16/2007 5:00,31670.21,12.78,10.6,1.9,5.86,10,4
9/16/2007 6:00,31670.25,12.78,10.9,2.5,5.71,0,102
9/16/2007 7:00,31670.29,12.78,11.3,3.5,5.76,3.81,267
9/16/2007 8:00,31670.34,18.33,11.6,2.9,5.78,3.69,431
9/16/2007 9:00,31670.38,25,11.4,1.8,5.74,3.48,569
9/16/2007 10:00,31670.42,23.89,12,1.8,5.59,3.33,667
9/16/2007 11:00,31670.46,26.67,12.3,2.5,5.32,4.01,690
9/16/2007 12:00,31670.5,27.78,12.6,2.6,5.48,3.91,694
9/16/2007 13:00,31670.55,29.44,12.3,3.4,5.31,4.15,638
9/16/2007 14:00,31670.59,29.44,12,3.8,5.11,4.46,537
9/16/2007 15:00,31670.63,29.44,11.4,4,5.55,5.16,390
9/16/2007 16:00,31670.67,29.44,11,4.2,5.67,6.03,224
9/16/2007 17:00,31670.71,27.78,10.5,3.8,5.62,7.25,62
9/16/2007 18:00,31670.76,25,9.5,3.6,5.55,10,1
9/16/2007 19:00,31670.8,21.67,9.8,3.7,5.55,10,0
9/16/2007 20:00,31670.84,21.11,10.3,2.8,5.65,10,0
9/16/2007 21:00,31670.88,20.56,10.8,2.7,5.39,10,0
9/16/2007 22:00,31670.92,18.33,11.6,3.2,5.27,10,0
9/16/2007 23:00,31670.97,17.22,11.5,3.2,5.43,10,0
9/17/2007 0:00,31671,15,11.4,1.8,5.59,10,0
9/17/2007 1:00,31671.04,15.56,11.3,1.1,5.76,10,0
9/17/2007 2:00,31671.08,15,11.1,1,6.18,10,0
9/17/2007 3:00,31671.13,13.89,11.1,0.9,5.93,10,0
9/17/2007 4:00,31671.17,13.89,11,0.5,5.06,10,0
9/17/2007 5:00,31671.21,15,10.7,0.7,4.31,10,4
9/17/2007 6:00,31671.25,15.56,11.8,1,0.93,0,108
9/17/2007 7:00,31671.29,16.67,11.7,1.6,1.94,3.62,266
9/17/2007 8:00,31671.34,23.33,11.6,1.8,3.18,3.61,429
9/17/2007 9:00,31671.38,24.44,12.5,2.2,4.12,3.73,558
9/17/2007 10:00,31671.42,25,12.4,1.9,5.08,3.34,663
9/17/2007 11:00,31671.46,27.22,11.1,2.8,5.32,3.25,714
9/17/2007 12:00,31671.5,28.33,10.6,2.7,5.22,3.71,698
9/17/2007 13:00,31671.55,30.56,9.3,3.2,4.97,3.78,648
9/17/2007 14:00,31671.59,29.44,8.1,3.6,5.24,4.39,536
9/17/2007 15:00,31671.63,30,8.1,3.6,5.71,5.15,387
9/17/2007 16:00,31671.67,30,7.5,3.6,5.59,5.98,222
9/17/2007 17:00,31671.71,28.89,7.8,3.2,5.45,7.28,59
9/17/2007 18:00,31671.76,25,8.9,2.6,5.57,10,1
9/17/2007 19:00,31671.8,23.33,9.6,2.2,5.86,10,0
9/17/2007 20:00,31671.84,21.67,10.1,2.1,5.81,10,0
9/17/2007 21:00,31671.88,21.11,10.3,1.4,5.01,10,0
9/17/2007 22:00,31671.92,20,10.9,2.1,4.64,10,0
9/17/2007 23:00,31671.97,16.11,11,1.9,5.01,10,0
9/18/2007 0:00,31672,17.78,11.2,2,5.71,10,0
9/18/2007 1:00,31672.04,17.22,11.2,1,0.33,10,0
9/18/2007 2:00,31672.08,18.33,11,0.9,6.06,10,0
9/18/2007 3:00,31672.13,17.78,10.8,1,1.03,10,0
9/18/2007 4:00,31672.17,17.78,10.4,0.9,4.68,10,0
9/18/2007 5:00,31672.21,18.33,10.2,1,1.2,10,3
9/18/2007 6:00,31672.25,17.78,11.3,0.7,0.96,0,93
9/18/2007 7:00,31672.29,20,12.1,0.8,0.86,3.99,257
9/18/2007 8:00,31672.34,23.33,11.9,2.4,2.15,3.71,423
9/18/2007 9:00,31672.38,26.67,12,2.3,2.55,3.35,565
9/18/2007 10:00,31672.42,27.78,11.8,2,3.54,3.12,666
9/18/2007 11:00,31672.46,28.89,11.2,1.7,3.47,3.32,708
9/18/2007 12:00,31672.5,28.89,10.1,1.8,4.57,3.52,701
9/18/2007 13:00,31672.55,31.11,8.6,1.9,4.1,3.56,652
9/18/2007 14:00,31672.59,32.22,8.4,2,4.57,4.04,544
9/18/2007 15:00,31672.63,33.33,7.3,2.1,4.78,4.8,394
9/18/2007 16:00,31672.67,32.22,6.1,1.8,5.15,5.74,224
9/18/2007 17:00,31672.71,32.22,5.5,1.7,5.45,7.06,58
9/18/2007 18:00,31672.76,27.78,6.3,1.9,5.43,10,1
9/18/2007 19:00,31672.8,25,2.6,2.8,5.59,10,0
9/18/2007 20:00,31672.84,23.89,1.4,2.5,5.83,10,0
9/18/2007 21:00,31672.88,21.11,6.9,3.9,5.62,10,0
9/18/2007 22:00,31672.92,18.33,8.3,3.9,5.74,10,0
9/18/2007 23:00,31672.97,18.33,8.3,3.3,5.83,10,0
9/19/2007 0:00,31673,16.11,8.3,2.7,5.83,10,0
9/19/2007 1:00,31673.04,15.56,7.6,1.2,5.71,10,0
9/19/2007 2:00,31673.08,17.22,6.7,1.6,5.74,10,0
9/19/2007 3:00,31673.13,16.11,7,3.8,5.86,10,0
9/19/2007 4:00,31673.17,15.56,6.9,2.4,5.85,10,0
9/19/2007 5:00,31673.21,13.89,7.2,3.7,5.97,10,3
9/19/2007 6:00,31673.25,12.78,7.8,3,5.92,0,97
9/19/2007 7:00,31673.29,15.56,8.3,3.5,5.88,5.74,222
9/19/2007 8:00,31673.34,18.33,8.4,3.8,5.88,6.75,324
9/19/2007 9:00,31673.38,18.33,8,3.9,5.81,0,611
9/19/2007 10:00,31673.42,19.44,7.2,3.8,5.81,9.36,304
9/19/2007 11:00,31673.46,17.78,7.1,3.3,5.39,9.26,336
9/19/2007 12:00,31673.5,17.22,7.5,3.5,5.32,8.48,404
9/19/2007 13:00,31673.55,20.56,6.9,3.7,5.46,8.85,347
9/19/2007 14:00,31673.59,21.67,6.8,3.6,5.32,8.77,302
9/19/2007 15:00,31673.63,21.67,6.5,3.3,5.24,6.63,328
9/19/2007 16:00,31673.67,21.67,6.3,3.3,5.36,9.67,110
9/19/2007 17:00,31673.71,20,5.5,2.8,5.17,6.95,56
9/19/2007 18:00,31673.76,18.33,6.2,3.1,5.22,10,0
9/19/2007 19:00,31673.8,17.22,6.7,3.1,5.2,10,0
9/19/2007 20:00,31673.84,15,6.6,3.2,5.17,10,0
9/19/2007 21:00,31673.88,13.33,6.2,2.8,5.34,10,0
9/19/2007 22:00,31673.92,13.33,5.8,2.4,5.38,10,0
9/19/2007 23:00,31673.97,16.11,5.7,1.9,5.55,10,0
9/20/2007 0:00,31674,12.22,5.8,2.4,5.64,10,0
9/20/2007 1:00,31674.04,11.11,5.7,1.7,5.24,10,0
9/20/2007 2:00,31674.08,9.44,5.5,0.9,5.32,10,0
9/20/2007 3:00,31674.13,8.89,5.6,0.8,4.89,10,0
9/20/2007 4:00,31674.17,9.44,6,1.2,0.94,10,0
9/20/2007 5:00,31674.21,10.56,6.3,0.8,1.03,10,1
9/20/2007 6:00,31674.25,10.56,7.4,0.9,0.54,8.28,44
9/20/2007 7:00,31674.29,11.11,7.4,0.9,4.07,10,96
9/20/2007 8:00,31674.34,16.11,7.9,1.3,5.79,6.63,326
9/20/2007 9:00,31674.38,16.67,8.1,1.5,3.58,3.08,564
9/20/2007 10:00,31674.42,20,7,1.4,4.38,6.48,511
9/20/2007 11:00,31674.46,20.56,6.5,1.8,4.45,3.18,705
9/20/2007 12:00,31674.5,22.78,7,2.2,5.92,3.17,705
9/20/2007 13:00,31674.55,23.33,5.6,1.8,5.74,4.19,622
9/20/2007 14:00,31674.59,23.89,4.8,1.8,4.82,4.12,534
9/20/2007 15:00,31674.63,25.56,3.7,1.7,5.34,4.62,392
9/20/2007 16:00,31674.67,23.33,3.4,2,4.96,6.57,199
9/20/2007 17:00,31674.71,22.22,3.6,1.9,5.06,4.32,68
9/20/2007 18:00,31674.76,18.89,4.2,2.4,5.38,10,0
9/20/2007 19:00,31674.8,18.33,5.3,2.5,5.1,10,0
9/20/2007 20:00,31674.84,16.67,6.2,2.2,5.01,10,0
9/20/2007 21:00,31674.88,16.11,6.3,3.1,5.52,10,0
9/20/2007 22:00,31674.92,15,6.5,2.8,5.32,10,0
9/20/2007 23:00,31674.97,12.78,6.8,2.5,5.15,10,0
9/21/2007 0:00,31675,14.44,6.8,1.8,5.55,10,0
9/21/2007 1:00,31675.04,12.78,7.2,1.2,4.92,10,0
9/21/2007 2:00,31675.08,13.89,7.5,1.2,1.24,10,0
9/21/2007 3:00,31675.13,12.22,7.2,1,0.63,10,0
9/21/2007 4:00,31675.17,11.67,7.1,0.9,6.11,10,0
9/21/2007 5:00,31675.21,12.78,7.3,1.2,1.48,10,3
9/21/2007 6:00,31675.25,13.33,8.5,1.7,1.82,0,100
9/21/2007 7:00,31675.29,16.11,9.1,2.1,2.15,3.36,254
9/21/2007 8:00,31675.34,19.44,8.9,2.1,2.71,5.98,347
9/21/2007 9:00,31675.38,20.56,8.8,2.2,3.19,3.9,538
9/21/2007 10:00,31675.42,21.67,8.8,1.8,3.87,3.46,644
9/21/2007 11:00,31675.46,23.89,8.5,1.7,5.1,3.05,705
9/21/2007 12:00,31675.5,25,6.4,1.5,4.28,9.29,329
9/21/2007 13:00,31675.55,25,6.9,2.4,5.74,6.19,524
9/21/2007 14:00,31675.59,27.78,6.2,3.1,5.29,7.1,401
9/21/2007 15:00,31675.63,28.33,5.9,3.3,5.1,9.01,213
9/21/2007 16:00,31675.67,25.56,5.8,2.9,4.85,9.13,125
9/21/2007 17:00,31675.71,23.33,5.2,2.3,4.57,10,6
9/21/2007 18:00,31675.76,22.22,6.4,2.1,4.45,10,0
9/21/2007 19:00,31675.8,20.56,7.7,3.3,3.93,10,0
9/21/2007 20:00,31675.84,21.11,9.6,3.6,3.26,10,0
9/21/2007 21:00,31675.88,20,10.5,2.4,3.02,10,0
9/21/2007 22:00,31675.92,18.33,10.3,1.2,2.18,10,0
9/21/2007 23:00,31675.97,15.56,10.7,1.4,0.79,10,0
9/22/2007 0:00,31676,16.11,11.1,1.2,2.76,10,0
9/22/2007 1:00,31676.04,16.67,11.5,2.4,2.43,10,0
9/22/2007 2:00,31676.08,16.67,12,2.4,3.32,10,0
9/22/2007 3:00,31676.13,15,12.6,2.1,2.04,10,0
9/22/2007 4:00,31676.17,13.89,12.6,1.6,0.99,10,0
9/22/2007 5:00,31676.21,13.89,11.9,1.2,5.67,10,1
9/22/2007 6:00,31676.25,15,12.5,1.5,4.94,10,18
9/22/2007 7:00,31676.29,15,13.2,2.4,4.9,10,68
9/22/2007 8:00,31676.34,15.56,13.7,2.3,5.55,4.38,392
9/22/2007 9:00,31676.38,20,12.4,1.8,5.83,8.03,344
9/22/2007 10:00,31676.42,20.56,12,1.4,6.06,4.5,603
9/22/2007 11:00,31676.46,22.78,10.9,1.7,5.25,5.84,581
9/22/2007 12:00,31676.5,23.33,9.7,2.3,3.58,6.26,556
9/22/2007 13:00,31676.55,25,9.2,2.1,3.53,6.19,521
9/22/2007 14:00,31676.59,23.89,8,2.1,3.96,9.98,209
9/22/2007 15:00,31676.63,24.44,9.3,2.8,4.49,10,127
9/22/2007 16:00,31676.67,21.67,13.2,3.6,4.96,8.48,143
9/22/2007 17:00,31676.71,19.44,11.9,3.8,5.34,8.96,33
9/22/2007 18:00,31676.76,17.22,11.2,2.2,5.53,10,0
9/22/2007 19:00,31676.8,16.11,10.8,2.6,5.5,10,0
9/22/2007 20:00,31676.84,16.67,10.9,1.7,6.21,10,0
9/22/2007 21:00,31676.88,16.67,11,2.4,1.88,10,0
9/22/2007 22:00,31676.92,13.89,9.8,2.1,1.9,10,0
9/22/2007 23:00,31676.97,16.67,9.9,1,1.82,10,0
9/23/2007 0:00,31677,13.89,9.9,0.8,4.31,10,0
9/23/2007 1:00,31677.04,14.44,9.8,0.9,5.65,10,0
9/23/2007 2:00,31677.08,14.44,10.7,0.6,2.64,10,0
9/23/2007 3:00,31677.13,14.44,10.9,0.6,5.27,10,0
9/23/2007 4:00,31677.17,13.89,10.4,0.5,5.69,10,0
9/23/2007 5:00,31677.21,14.44,10.6,0.6,1.29,10,2
9/23/2007 6:00,31677.25,14.44,11.8,0.5,1.13,0,97
9/23/2007 7:00,31677.29,15.56,11.2,0.8,0.31,2.81,252
9/23/2007 8:00,31677.34,19.44,11.5,1.1,6.07,3.32,412
9/23/2007 9:00,31677.38,21.67,11.7,1.7,4.76,5.05,491
9/23/2007 10:00,31677.42,22.22,11.6,1.8,5.25,6.58,496
9/23/2007 11:00,31677.46,22.78,11,2,5.04,5.25,609
9/23/2007 12:00,31677.5,23.89,10.5,2.4,4.94,6.7,525
9/23/2007 13:00,31677.55,24.44,10.4,2.3,5.15,3.29,641
9/23/2007 14:00,31677.59,26.11,9.5,2.5,5.29,5.06,490
9/23/2007 15:00,31677.63,25.56,8.6,3.5,5.2,5.55,354
9/23/2007 16:00,31677.67,23.89,8.5,3.6,5.24,6.48,192
9/23/2007 17:00,31677.71,23.33,8.3,3.4,5.27,7.36,42
9/23/2007 18:00,31677.76,20.56,9,2.8,5.31,10,0
9/23/2007 19:00,31677.8,18.89,9.6,2.7,5.38,10,0
9/23/2007 20:00,31677.84,17.22,9.9,2.5,5.41,10,0
9/23/2007 21:00,31677.88,16.67,10.4,2.2,5.15,10,0
9/23/2007 22:00,31677.92,16.11,10.6,2.8,5.36,10,0
9/23/2007 23:00,31677.97,13.89,10.9,1.7,5.6,10,0
9/24/2007 0:00,31678,13.89,10.6,1.5,5.78,10,0
9/24/2007 1:00,31678.04,14.44,10.7,1.9,5.31,10,0
9/24/2007 2:00,31678.08,15,10.7,1.7,5.65,10,0
9/24/2007 3:00,31678.13,13.89,10.5,1.5,5.48,10,0
9/24/2007 4:00,31678.17,14.44,10,1.1,5.64,10,0
9/24/2007 5:00,31678.21,12.78,9.7,1.1,5.03,10,2
9/24/2007 6:00,31678.25,13.33,10.7,0.7,5.08,0,93
9/24/2007 7:00,31678.29,15.56,11.3,1.3,5.5,2.09,254
9/24/2007 8:00,31678.34,18.33,11.4,1,2.69,2.93,415
9/24/2007 9:00,31678.38,20.56,11.3,1.4,2.37,3,550
9/24/2007 10:00,31678.42,22.78,10.6,1.5,4.33,2.79,651
9/24/2007 11:00,31678.46,25,11,1.8,6.06,3.12,691
9/24/2007 12:00,31678.5,25,10.1,2.1,5.24,3.21,688
9/24/2007 13:00,31678.55,26.67,9.5,2.4,5.34,3.74,623
9/24/2007 14:00,31678.59,28.33,8.6,2.5,5.48,4.21,516
9/24/2007 15:00,31678.63,29.44,7.8,2.7,5.55,4.93,369
9/24/2007 16:00,31678.67,28.33,7.6,2.7,5.5,5.9,201
9/24/2007 17:00,31678.71,26.67,8.2,2.5,5.5,6.68,43
9/24/2007 18:00,31678.76,23.33,9.4,1.9,4.92,10,0
9/24/2007 19:00,31678.8,20.56,9.9,2.1,5.1,10,0
9/24/2007 20:00,31678.84,19.44,9.6,1.8,5.2,10,0
9/24/2007 21:00,31678.88,19.44,9.3,0.9,5.59,10,0
9/24/2007 22:00,31678.92,18.89,9.5,1.1,5.53,10,0
9/24/2007 23:00,31678.97,14.44,9.4,1.1,5.38,10,0
9/25/2007 0:00,31679,17.22,9.6,0.8,4.69,10,0
9/25/2007 1:00,31679.04,17.78,9.1,1.1,0.87,10,0
9/25/2007 2:00,31679.08,17.22,8.8,0.9,0.99,10,0
9/25/2007 3:00,31679.13,16.11,9,0.6,0.33,10,0
9/25/2007 4:00,31679.17,15.56,9.1,0.7,0.51,10,0
9/25/2007 5:00,31679.21,16.11,9.4,0.5,0.45,10,2
9/25/2007 6:00,31679.25,15.56,10.5,0.7,0.33,0,90
9/25/2007 7:00,31679.29,16.67,11.2,1.1,1.4,2.47,247
9/25/2007 8:00,31679.34,21.11,11.9,2.7,2.65,3.16,407
9/25/2007 9:00,31679.38,25,11.9,2.5,2.58,3.17,542
9/25/2007 10:00,31679.42,26.11,11.6,1.9,3.79,3.02,641
9/25/2007 11:00,31679.46,26.67,10.9,1.6,3.67,3.38,679
9/25/2007 12:00,31679.5,28.89,9.1,2.2,4.42,3.49,675
9/25/2007 13:00,31679.55,30.56,7.9,2.3,4.68,3.62,623
9/25/2007 14:00,31679.59,32.22,6.6,2.5,4.59,4.28,510
9/25/2007 15:00,31679.63,31.11,5.8,2.6,4.83,5.01,363
9/25/2007 16:00,31679.67,31.67,5.6,2.2,5.41,5.94,197
9/25/2007 17:00,31679.71,29.44,6.2,1.5,5.39,6.68,40
9/25/2007 18:00,31679.76,25.56,7.9,0.8,5.01,10,0
9/25/2007 19:00,31679.8,24.44,8.8,0.6,5.39,10,0
9/25/2007 20:00,31679.84,25,9.9,0.5,5.08,10,0
9/25/2007 21:00,31679.88,22.78,10.8,0.7,5.27,10,0
9/25/2007 22:00,31679.92,22.22,9.9,0.7,5.99,10,0
9/25/2007 23:00,31679.97,17.78,10.2,0.9,5.27,10,0
9/26/2007 0:00,31680,20.56,9.5,0.7,4.89,10,0
9/26/2007 1:00,31680.04,20,9.5,0.8,5.1,10,0
9/26/2007 2:00,31680.08,18.33,8.9,0.9,1.06,10,0
9/26/2007 3:00,31680.13,19.44,9.1,0.8,5.76,10,0
9/26/2007 4:00,31680.17,18.89,9.3,0.8,1.01,10,0
9/26/2007 5:00,31680.21,19.44,9.2,0.6,0.37,10,2
9/26/2007 6:00,31680.25,18.33,10.4,0.6,0.82,0,87
9/26/2007 7:00,31680.29,21.11,11.1,1.9,2.16,1.33,250
9/26/2007 8:00,31680.34,24.44,10.1,2.4,2.27,2.38,415
9/26/2007 9:00,31680.38,27.78,9.7,2.6,2.39,2.51,552
9/26/2007 10:00,31680.42,27.78,9.2,1.9,2.91,2.78,643
9/26/2007 11:00,31680.46,29.44,9.2,1.6,3.98,2.91,689
9/26/2007 12:00,31680.5,32.22,8.8,1.8,4.71,2.94,688
9/26/2007 13:00,31680.55,32.78,8.6,2,5.38,3.55,621
9/26/2007 14:00,31680.59,33.89,5.6,1.9,5.62,4.35,504
9/26/2007 15:00,31680.63,33.33,4.1,2.1,4.61,4.92,362
9/26/2007 16:00,31680.67,34.44,4,1.7,5.13,5.92,194
9/26/2007 17:00,31680.71,31.67,5.5,1.4,5.29,6.46,38
9/26/2007 18:00,31680.76,28.33,7.8,1.1,5.27,10,0
9/26/2007 19:00,31680.8,26.11,8.9,1,1.31,10,0
9/26/2007 20:00,31680.84,25.56,9.4,0.7,4.56,10,0
9/26/2007 21:00,31680.88,23.33,10.7,0.7,1.33,10,0
9/26/2007 22:00,31680.92,22.78,10.3,0.7,5.32,10,0
9/26/2007 23:00,31680.97,20.56,10,1,1.66,10,0
9/27/2007 0:00,31681,20.56,9.8,0.8,6.21,10,0
9/27/2007 1:00,31681.04,21.11,9.7,0.7,5.95,10,0
9/27/2007 2:00,31681.08,20,9.8,0.7,0.23,10,0
9/27/2007 3:00,31681.13,20,9,0.8,6.27,10,0
9/27/2007 4:00,31681.17,20.56,9.1,0.5,2.39,10,0
9/27/2007 5:00,31681.21,20,8.9,0.6,0.37,10,2
9/27/2007 6:00,31681.25,18.89,9.9,0.6,0.65,0,102
9/27/2007 7:00,31681.29,20,9.8,1.1,2.32,0,257
9/27/2007 8:00,31681.34,25,9.3,2.8,2.36,2.44,410
9/27/2007 9:00,31681.38,28.89,9,3.3,2.44,2.56,547
9/27/2007 10:00,31681.42,29.44,8.4,2.5,2.64,3.27,626
9/27/2007 11:00,31681.46,30.56,8.2,2.1,3.25,4.91,611
9/27/2007 12:00,31681.5,31.11,7.7,2,2.9,5.38,588
9/27/2007 13:00,31681.55,31.67,6.8,1.8,3.16,7.83,404
9/27/2007 14:00,31681.59,32.78,5.5,1.4,4.5,7.83,343
9/27/2007 15:00,31681.63,33.33,6.7,1,0.63,6.87,295
9/27/2007 16:00,31681.67,32.78,6.2,0.9,1.66,9.31,108
9/27/2007 17:00,31681.71,30,8.1,1.1,3.96,8,28
9/27/2007 18:00,31681.76,27.22,8.8,1,4.42,10,0
9/27/2007 19:00,31681.8,26.11,9.5,1.8,5.34,10,0
9/27/2007 20:00,31681.84,23.33,8.7,1.6,5.88,10,0
9/27/2007 21:00,31681.88,22.22,8.7,1.8,5.92,10,0
9/27/2007 22:00,31681.92,21.67,7.4,2.7,5.86,10,0
9/27/2007 23:00,31681.97,22.22,7.4,1.7,5.53,10,0
9/28/2007 0:00,31682,21.11,7.9,1.5,5.43,10,0
9/28/2007 1:00,31682.04,18.89,8.2,2,5.6,10,0
9/28/2007 2:00,31682.08,18.33,8.5,1.8,5.72,10,0
9/28/2007 3:00,31682.13,16.11,8.6,2.3,5.62,10,0
9/28/2007 4:00,31682.17,14.44,8.8,3.8,5.64,10,0
9/28/2007 5:00,31682.21,13.33,8.9,3.7,5.65,10,1
9/28/2007 6:00,31682.25,11.67,9.3,4.2,5.65,0,67
9/28/2007 7:00,31682.29,12.78,10,5.5,5.79,3.58,224
9/28/2007 8:00,31682.34,17.22,10.2,5.4,5.74,3.43,390
9/28/2007 9:00,31682.38,20.56,10.3,4.7,5.55,2.94,535
9/28/2007 10:00,31682.42,21.11,10.2,4.7,5.55,3.37,619
9/28/2007 11:00,31682.46,21.67,10,4.6,5.62,3.82,652
9/28/2007 12:00,31682.5,22.78,9.8,4.4,5.69,5.61,573
9/28/2007 13:00,31682.55,23.89,9.3,3.9,5.74,7,455
9/28/2007 14:00,31682.59,22.78,9.2,3.9,5.57,6.17,426
9/28/2007 15:00,31682.63,24.44,8.3,3.7,5.34,5.37,342
9/28/2007 16:00,31682.67,23.33,8.1,4.4,5.64,6.84,169
9/28/2007 17:00,31682.71,21.67,8,4.3,5.36,7.68,27
9/28/2007 18:00,31682.76,18.33,8,2.9,5.38,10,0
9/28/2007 19:00,31682.8,16.11,8.7,2.9,5.53,10,0
9/28/2007 20:00,31682.84,16.67,9.1,2.3,5.78,10,0
9/28/2007 21:00,31682.88,15.56,9.2,2,5.29,10,0
9/28/2007 22:00,31682.92,13.33,9.7,3.1,5.32,10,0
9/28/2007 23:00,31682.97,21.11,10,3.5,5.53,10,0
9/29/2007 0:00,31683,13.33,10.2,3.1,5.52,10,0
9/29/2007 1:00,31683.04,12.22,10.3,2.7,5.41,10,0
9/29/2007 2:00,31683.08,12.78,10.4,3.3,5.43,10,0
9/29/2007 3:00,31683.13,12.22,8.4,3.3,5.6,10,0
9/29/2007 4:00,31683.17,12.22,6.8,3.1,5.52,10,0
9/29/2007 5:00,31683.21,11.11,7.2,3.9,5.52,10,1
9/29/2007 6:00,31683.25,10,7.9,3.8,5.62,0,68
9/29/2007 7:00,31683.29,10,8.1,4.1,5.71,1.63,236
9/29/2007 8:00,31683.34,14.44,7.8,4,5.62,2.49,401
9/29/2007 9:00,31683.38,17.78,8.2,4.2,5.32,2.48,540
9/29/2007 10:00,31683.42,20,7.8,3.8,5.48,2.5,637
9/29/2007 11:00,31683.46,21.67,7,3.8,5.41,2.74,681
9/29/2007 12:00,31683.5,22.22,5.4,3.7,5.03,3.2,668
9/29/2007 13:00,31683.55,23.89,4.5,3.1,5.2,3.8,601
9/29/2007 14:00,31683.59,25,4,2.5,5.01,4.52,487
9/29/2007 15:00,31683.63,25.56,4.1,2,5.01,5.35,339
9/29/2007 16:00,31683.67,25.56,3.5,1.7,4.83,6.55,172
9/29/2007 17:00,31683.71,23.89,2.6,1.8,5.1,7.26,26
9/29/2007 18:00,31683.76,18.89,2.5,1.7,5.15,10,0
9/29/2007 19:00,31683.8,17.78,3.2,1.5,5.11,10,0
9/29/2007 20:00,31683.84,16.67,4,0.7,6.13,10,0
9/29/2007 21:00,31683.88,17.78,4.4,0.7,3.33,10,0
9/29/2007 22:00,31683.92,16.67,4.9,0.8,4.52,10,0
9/29/2007 23:00,31683.97,13.33,5.5,0.8,5.9,10,0
9/30/2007 0:00,31684,14.44,5.7,0.7,4.99,10,0
9/30/2007 1:00,31684.04,15,5.6,0.6,1.27,10,0
9/30/2007 2:00,31684.08,13.89,5.5,0.8,1.26,10,0
9/30/2007 3:00,31684.13,13.33,5.5,0.8,1.34,10,0
9/30/2007 4:00,31684.17,13.33,5.4,0.6,0.8,10,0
9/30/2007 5:00,31684.21,12.78,5.5,0.6,0.72,10,1
9/30/2007 6:00,31684.25,13.33,6.5,0.9,1.31,0,77
9/30/2007 7:00,31684.29,13.89,8,2.2,2.53,0,240
9/30/2007 8:00,31684.34,21.11,8.9,2.4,3.09,1.98,403
9/30/2007 9:00,31684.38,23.89,8.2,2,3.04,2.1,542
9/30/2007 10:00,31684.42,23.89,6.2,1.7,3.18,2.24,638
9/30/2007 11:00,31684.46,25.56,6.2,1.7,3.56,2.61,680
9/30/2007 12:00,31684.5,28.33,6.2,1.7,2.84,2.99,670
9/30/2007 13:00,31684.55,28.89,5.5,1.3,0.14,3.48,607
9/30/2007 14:00,31684.59,30.56,4.6,1.2,2.71,4.18,494
9/30/2007 15:00,31684.63,32.22,4.2,1.2,6.23,5.08,343
9/30/2007 16:00,31684.67,30.56,3,0.7,5.62,6.39,172
9/30/2007 17:00,31684.71,29.44,4.2,0.7,5.08,6.38,26
9/30/2007 18:00,31684.76,26.11,7.4,1.3,4.49,10,0
9/30/2007 19:00,31684.8,23.33,8,1,0.7,10,0
9/30/2007 20:00,31684.84,22.22,7.8,1.1,5.79,10,0
9/30/2007 21:00,31684.88,21.11,6.7,0.9,5.38,10,0
9/30/2007 22:00,31684.92,18.89,5.9,0.8,5.72,10,0
9/30/2007 23:00,31684.97,15,5.6,2.4,5.46,10,0
10/1/2007 0:00,31685,17.22,4.1,2.4,5.65,10,0
10/1/2007 1:00,31685.04,16.11,3.5,1.8,5.69,10,0
10/1/2007 2:00,31685.08,14.44,4.1,2.9,5.6,10,0
10/1/2007 3:00,31685.13,15,4.8,3.1,5.65,10,0
10/1/2007 4:00,31685.17,12.78,6.2,2.3,5.71,10,0
10/1/2007 5:00,31685.21,12.78,8,3.2,5.52,10,1
10/1/2007 6:00,31685.25,12.78,9.3,3,5.5,0,34
10/1/2007 7:00,31685.29,13.89,10,3.5,5.71,7.18,154
10/1/2007 8:00,31685.34,16.67,10.7,3.9,5.62,3.2,382
10/1/2007 9:00,31685.38,23.33,10.7,4.4,5.72,3.6,507
10/1/2007 10:00,31685.42,26.11,11,3.8,5.55,2.66,625
10/1/2007 11:00,31685.46,25.56,10.6,3.4,5.36,2.87,669
10/1/2007 12:00,31685.5,26.67,8.2,2.2,5.18,3.09,663
10/1/2007 13:00,31685.55,27.78,7.5,2.9,5.1,3.64,598
10/1/2007 14:00,31685.59,28.33,8.1,3.1,5.03,4.34,485
10/1/2007 15:00,31685.63,28.33,7.6,3.3,5.29,5.24,335
10/1/2007 16:00,31685.67,27.22,7.9,4.1,5.5,6.59,165
10/1/2007 17:00,31685.71,25,10,4.3,5.62,6.73,22
10/1/2007 18:00,31685.76,21.67,10.9,3,5.46,10,0
10/1/2007 19:00,31685.8,20,11.1,3.3,5.45,10,0
10/1/2007 20:00,31685.84,18.89,10.6,3.5,5.57,10,0
10/1/2007 21:00,31685.88,17.78,10.4,2.8,5.39,10,0
10/1/2007 22:00,31685.92,16.67,10.3,2.3,5.06,10,0
10/1/2007 23:00,31685.97,17.78,10.2,1.4,4.87,10,0
10/2/2007 0:00,31686,15,10.1,0.9,4.96,10,0
10/2/2007 1:00,31686.04,13.89,9.8,1.1,5.53,10,0
10/2/2007 2:00,31686.08,13.89,9.7,0.7,5.88,10,0
10/2/2007 3:00,31686.13,13.33,9.4,0.6,0.68,10,0
10/2/2007 4:00,31686.17,13.89,9.2,0.6,4.29,10,0
10/2/2007 5:00,31686.21,12.78,9.5,1.2,1.47,10,1
10/2/2007 6:00,31686.25,13.89,10.1,0.7,1.1,0,75
10/2/2007 7:00,31686.29,15,11,1.2,1.55,0,231
10/2/2007 8:00,31686.34,18.33,11.2,1,1.73,2.45,389
10/2/2007 9:00,31686.38,25,11.4,1.9,2.09,2.55,526
10/2/2007 10:00,31686.42,25.56,11.5,2.7,2.55,2.6,622
10/2/2007 11:00,31686.46,26.11,11.5,2.1,3.56,2.82,666
10/2/2007 12:00,31686.5,26.11,10.4,1.6,4.94,3.22,655
10/2/2007 13:00,31686.55,28.89,10.2,1.7,2.83,3.95,584
10/2/2007 14:00,31686.59,30,9.4,2,5.11,4.44,478
10/2/2007 15:00,31686.63,30,9.3,2.4,5.71,5.3,330
10/2/2007 16:00,31686.67,30,8.5,2.6,5.41,6.48,164
10/2/2007 17:00,31686.71,27.22,8.6,1.7,5.39,5.34,22
10/2/2007 18:00,31686.76,23.33,9.9,0.9,4.96,10,0
10/2/2007 19:00,31686.8,21.67,9.8,0.6,1.47,10,0
10/2/2007 20:00,31686.84,22.22,10.3,0.8,0.44,10,0
10/2/2007 21:00,31686.88,19.44,10.8,0.5,0.93,10,0
10/2/2007 22:00,31686.92,18.89,10.8,0.7,0.96,10,0
10/2/2007 23:00,31686.97,15,10.6,0.5,2.67,10,0
10/3/2007 0:00,31687,18.33,10,0.7,0.66,10,0
10/3/2007 1:00,31687.04,17.22,9.5,0.9,0.49,10,0
10/3/2007 2:00,31687.08,16.67,9.7,0.5,2.01,10,0
10/3/2007 3:00,31687.13,17.22,9.4,0.8,0.23,10,0
10/3/2007 4:00,31687.17,17.22,9.1,0.9,1.03,10,0
10/3/2007 5:00,31687.21,17.22,9.1,1.3,1.38,10,1
10/3/2007 6:00,31687.25,15.56,9.8,1,1.34,0,66
10/3/2007 7:00,31687.29,18.33,10.8,2.4,2.18,0,228
10/3/2007 8:00,31687.34,21.11,10.6,2.6,2.25,2,390
10/3/2007 9:00,31687.38,26.11,10.2,2.4,2.69,2.36,525
10/3/2007 10:00,31687.42,26.67,8.4,1.8,3.7,3.38,598
10/3/2007 11:00,31687.46,28.33,8,2,4.56,2.93,659
10/3/2007 12:00,31687.5,28.89,7.6,1.9,5.32,3.44,644
10/3/2007 13:00,31687.55,31.67,7.4,2.3,5.03,3.95,580
10/3/2007 14:00,31687.59,31.11,6.5,2.5,4.87,4.51,472
10/3/2007 15:00,31687.63,32.78,5,3.1,5.2,5.45,322
10/3/2007 16:00,31687.67,30,3.6,3.4,5.67,7.14,148
10/3/2007 17:00,31687.71,28.33,1.9,2.3,5.6,5.09,19
10/3/2007 18:00,31687.76,25,5.3,0.9,5.06,10,0
10/3/2007 19:00,31687.8,23.33,4.5,2.5,5.52,10,0
10/3/2007 20:00,31687.84,22.78,3.5,2.3,5.65,10,0
10/3/2007 21:00,31687.88,20,5.7,2.8,5.18,10,0
10/3/2007 22:00,31687.92,18.33,6.2,3.9,5.53,10,0
10/3/2007 23:00,31687.97,18.89,3.7,4.4,5.57,10,0
10/4/2007 0:00,31688,14.44,1.6,3.5,5.71,10,0
10/4/2007 1:00,31688.04,13.89,3.2,3.5,5.65,10,0
10/4/2007 2:00,31688.08,12.78,5.4,3.4,5.59,10,0
10/4/2007 3:00,31688.13,12.22,7,4.1,5.46,10,0
10/4/2007 4:00,31688.17,10.56,7.2,3.7,5.52,10,0
10/4/2007 5:00,31688.21,10,7.4,3.1,5.39,10,1
10/4/2007 6:00,31688.25,10,7.3,3.4,5.57,0,64
10/4/2007 7:00,31688.29,10.56,6.9,5,5.67,0,222
10/4/2007 8:00,31688.34,15.56,6.4,5,5.74,1.98,386
10/4/2007 9:00,31688.38,20,5.7,4.3,5.43,1.87,528
10/4/2007 10:00,31688.42,21.11,5.3,4.2,5.62,2.27,620
10/4/2007 11:00,31688.46,21.11,4.4,4.6,5.55,2.6,663
10/4/2007 12:00,31688.5,22.78,3.8,4.2,5.62,3.06,651
10/4/2007 13:00,31688.55,22.78,4.1,4,5.34,3.63,586
10/4/2007 14:00,31688.59,23.33,4.1,4,5.41,4.45,470
10/4/2007 15:00,31688.63,22.78,2.6,4.4,5.39,5.29,323
10/4/2007 16:00,31688.67,22.22,1.3,4.2,5.67,6.64,155
10/4/2007 17:00,31688.71,20.56,1.6,3,5.69,3.73,17
10/4/2007 18:00,31688.76,17.22,3,3.2,5.67,10,0
10/4/2007 19:00,31688.8,16.67,4.3,4.8,5.69,10,0
10/4/2007 20:00,31688.84,15.56,4.1,4.3,5.81,10,0
10/4/2007 21:00,31688.88,15,3.7,5.9,5.71,10,0
10/4/2007 22:00,31688.92,13.89,4.8,5.4,5.72,10,0
10/4/2007 23:00,31688.97,15.56,5.7,5.4,5.69,10,0
10/5/2007 0:00,31689,13.33,5.8,4.9,5.59,10,0
10/5/2007 1:00,31689.04,11.67,5.9,4,5.48,10,0
10/5/2007 2:00,31689.08,10,6,3,5.46,10,0
10/5/2007 3:00,31689.13,8.89,6,2.9,5.41,10,0
10/5/2007 4:00,31689.17,9.44,5.9,2.2,5.39,10,0
10/5/2007 5:00,31689.21,8.89,5.7,2.2,5.01,10,1
10/5/2007 6:00,31689.25,7.78,5.8,2.1,5.01,0,29
10/5/2007 7:00,31689.29,8.89,6.1,2.8,5.11,6.13,162
10/5/2007 8:00,31689.34,10.56,6.1,3.7,5.22,0,403
10/5/2007 9:00,31689.38,17.22,5.5,3,5.29,6.62,383
10/5/2007 10:00,31689.42,16.67,5.5,2.5,4.63,7.12,427
10/5/2007 11:00,31689.46,15.56,4.5,2.9,5.22,8.91,333
10/5/2007 12:00,31689.5,16.67,3.5,3.6,5.18,7.29,451
10/5/2007 13:00,31689.55,17.22,3,4.1,4.99,5.35,518
10/5/2007 14:00,31689.59,20,2.4,4.4,5.6,3.94,481
10/5/2007 15:00,31689.63,14.44,4.4,5.3,0.09,9.04,183
10/5/2007 16:00,31689.67,13.33,4.4,4,0.23,9.11,98
10/5/2007 17:00,31689.71,13.89,4.3,1.9,0.37,9.51,6
10/5/2007 18:00,31689.76,13.33,4.9,1,4.78,10,0
10/5/2007 19:00,31689.8,13.33,5.4,1.5,4.76,10,0
10/5/2007 20:00,31689.84,11.67,5.2,0.8,5.31,10,0
10/5/2007 21:00,31689.88,11.11,5.2,0.8,5.69,10,0
10/5/2007 22:00,31689.92,11.67,5.2,1,0.8,10,0
10/5/2007 23:00,31689.97,13.89,4.8,0.9,6.16,10,0
10/6/2007 0:00,31690,10,4.5,1,0.54,10,0
10/6/2007 1:00,31690.04,9.44,4.2,0.7,0.94,10,0
10/6/2007 2:00,31690.08,9.44,3.6,0.8,0.17,10,0
10/6/2007 3:00,31690.13,9.44,3.6,0.6,5.39,10,0
10/6/2007 4:00,31690.17,9.44,3.6,0.5,2.78,10,0
10/6/2007 5:00,31690.21,8.89,3.3,0.8,0.1,10,1
10/6/2007 6:00,31690.25,7.78,4.1,0.8,1.13,0,73
10/6/2007 7:00,31690.29,8.89,5,1.7,1.71,0,242
10/6/2007 8:00,31690.34,12.78,4.6,2,2.39,0,397
10/6/2007 9:00,31690.38,15.56,4.8,1.4,1.88,0,532
10/6/2007 10:00,31690.42,18.33,4.8,1.6,5.65,1.43,624
10/6/2007 11:00,31690.46,18.33,3.8,1.8,1.55,1.97,667
10/6/2007 12:00,31690.5,20,3.8,1.9,2.46,2.89,647
10/6/2007 13:00,31690.55,20.56,3.6,1.9,1.54,3.62,578
10/6/2007 14:00,31690.59,22.22,2.6,1.6,5.52,4.36,465
10/6/2007 15:00,31690.63,21.67,1.7,1.8,4.69,5.43,312
10/6/2007 16:00,31690.67,20.56,1.8,1.2,5.29,6.63,149
10/6/2007 17:00,31690.71,20.56,3.1,0.8,5.57,0,15
10/6/2007 18:00,31690.76,17.22,5.1,0.9,5.85,10,0
10/6/2007 19:00,31690.8,15.56,5.9,0.6,5.86,10,0
10/6/2007 20:00,31690.84,16.11,6.2,0.8,0.1,10,0
10/6/2007 21:00,31690.88,13.89,5.8,0.8,1.33,10,0
10/6/2007 22:00,31690.92,13.89,5.1,1.1,1.01,10,0
10/6/2007 23:00,31690.97,11.11,4.6,1.1,5.6,10,0
10/7/2007 0:00,31691,12.78,4.4,1.1,1.55,10,0
10/7/2007 1:00,31691.04,12.22,4.5,1.5,1.78,10,0
10/7/2007 2:00,31691.08,11.11,3.9,1.2,1.41,10,0
10/7/2007 3:00,31691.13,11.67,3.6,1.5,1.29,10,0
10/7/2007 4:00,31691.17,11.11,3.4,1.1,1.52,10,0
10/7/2007 5:00,31691.21,10.56,4,1,0.49,10,1
10/7/2007 6:00,31691.25,11.11,4.2,1.1,2.18,0,63
10/7/2007 7:00,31691.29,12.22,5.1,1.4,1.83,0,225
10/7/2007 8:00,31691.34,15,4.7,2.2,2.25,0,387
10/7/2007 9:00,31691.38,20,4,1.5,2.76,0.91,524
10/7/2007 10:00,31691.42,22.22,2.8,1.6,3.23,1.48,619
10/7/2007 11:00,31691.46,26.67,1.5,1.5,5.27,2,662
10/7/2007 12:00,31691.5,23.33,2.6,1.8,1.75,3.07,638
10/7/2007 13:00,31691.55,25,2.1,1.7,4.5,3.41,580
10/7/2007 14:00,31691.59,26.67,1.7,2.2,5.15,4.12,468
10/7/2007 15:00,31691.63,26.11,1.5,1.9,5.46,5.18,315
10/7/2007 16:00,31691.67,25,1.8,1.3,4.45,6.51,148
10/7/2007 17:00,31691.71,25,3.3,1,5.38,0,14
10/7/2007 18:00,31691.76,21.11,5,0.7,5.1,10,0
10/7/2007 19:00,31691.8,17.78,6.1,0.6,5.64,10,0
10/7/2007 20:00,31691.84,17.22,6.4,0.7,6.23,10,0
10/7/2007 21:00,31691.88,16.67,5.6,0.5,0.21,10,0
10/7/2007 22:00,31691.92,16.11,6.3,0.6,0.61,10,0
10/7/2007 23:00,31691.97,13.33,5.9,0.6,0.42,10,0
10/8/2007 0:00,31692,14.44,6,0.7,1.73,10,0
10/8/2007 1:00,31692.04,13.89,5.4,0.8,1.29,10,0
10/8/2007 2:00,31692.08,13.33,5.4,1.1,1.33,10,0
10/8/2007 3:00,31692.13,12.78,4.5,1.2,0.8,10,0
10/8/2007 4:00,31692.17,12.22,3.6,0.7,5.52,10,0
10/8/2007 5:00,31692.21,12.78,3.6,0.6,0.03,10,1
10/8/2007 6:00,31692.25,13.89,5,0.7,4.61,0,73
10/8/2007 7:00,31692.29,15,6.7,0.7,1.36,0,208
10/8/2007 8:00,31692.34,18.33,4.5,1.3,2.18,0.46,378
10/8/2007 9:00,31692.38,22.78,3.3,1.7,3.19,0,528
10/8/2007 10:00,31692.42,25.56,3.5,1.5,3.72,2.07,606
10/8/2007 11:00,31692.46,28.33,3.8,1.7,2.88,2.14,655
10/8/2007 12:00,31692.5,27.22,3,1.8,2.9,2.61,645
10/8/2007 13:00,31692.55,30,2,1.4,3.3,3.4,576
10/8/2007 14:00,31692.59,30,0.7,1.8,3.53,4.33,458
10/8/2007 15:00,31692.63,30,-0.3,1.4,3.02,5.35,307
10/8/2007 16:00,31692.67,29.44,0.8,0.7,5.83,6.63,143
10/8/2007 17:00,31692.71,27.78,3.5,0.7,6.06,0,13
10/8/2007 18:00,31692.76,22.78,6.1,0.8,1.01,10,0
10/8/2007 19:00,31692.8,22.22,6.5,0.8,0.26,10,0
10/8/2007 20:00,31692.84,21.11,7.1,1.2,4.59,10,0
10/8/2007 21:00,31692.88,21.11,6.6,1,0.73,10,0
10/8/2007 22:00,31692.92,20,6.7,0.8,6.25,10,0
10/8/2007 23:00,31692.97,15,5.9,0.9,1.2,10,0
10/9/2007 0:00,31693,18.33,5.8,1,1.05,10,0
10/9/2007 1:00,31693.04,16.67,5,0.7,1.06,10,0
10/9/2007 2:00,31693.08,17.22,4.4,0.8,6.04,10,0
10/9/2007 3:00,31693.13,17.78,5,0.8,1.24,10,0
10/9/2007 4:00,31693.17,17.22,4.6,1.2,1.43,10,0
10/9/2007 5:00,31693.21,16.11,4,1.3,1.54,10,1
10/9/2007 6:00,31693.25,15,4,1,2.11,0,59
10/9/2007 7:00,31693.29,18.89,4.3,1.5,2.18,0,221
10/9/2007 8:00,31693.34,20.56,2.1,3.2,2.55,0,388
10/9/2007 9:00,31693.38,26.11,2.3,3.2,2.41,0,527
10/9/2007 10:00,31693.42,26.67,-0.9,2.3,2.79,0,621
10/9/2007 11:00,31693.46,29.44,-2.5,2.6,2.62,1.22,664
10/9/2007 12:00,31693.5,28.89,-2.9,3.3,2.95,2.21,649
10/9/2007 13:00,31693.55,29.44,-2.7,3.2,3.42,3.04,581
10/9/2007 14:00,31693.59,30,-2,2.6,3.61,4.56,447
10/9/2007 15:00,31693.63,29.44,-3.2,3.6,3.89,6.76,262
10/9/2007 16:00,31693.67,30,-2.1,3.3,3.98,9.46,82
10/9/2007 17:00,31693.71,26.11,-2.3,3.2,3.77,10,7
10/9/2007 18:00,31693.76,22.78,-1.5,2,3.75,10,0
10/9/2007 19:00,31693.8,20.56,2,1.2,6.2,10,0
10/9/2007 20:00,31693.84,20,4.2,1,2.72,10,0
10/9/2007 21:00,31693.88,21.11,3.2,1.2,3.7,10,0
10/9/2007 22:00,31693.92,18.89,-0.3,3.3,2.22,10,0
10/9/2007 23:00,31693.97,18.33,-1,3.4,2.48,10,0
10/10/2007 0:00,31694,18.89,0.2,2.5,2.53,10,0
10/10/2007 1:00,31694.04,18.33,2.5,3.4,1.83,10,0
10/10/2007 2:00,31694.08,17.78,3.6,4.1,2.27,10,0
10/10/2007 3:00,31694.13,18.33,4,4,2.41,10,0
10/10/2007 4:00,31694.17,17.22,5.6,2.5,2.62,10,0
10/10/2007 5:00,31694.21,15,8.3,1.9,2.08,10,0
10/10/2007 6:00,31694.25,14.44,10.2,1.4,0.26,10,10
10/10/2007 7:00,31694.29,12.78,10.6,1.4,1.17,10,63
10/10/2007 8:00,31694.34,15,10.7,0.9,4.71,9.03,174
10/10/2007 9:00,31694.38,15.56,11.3,2.6,4.63,7.43,329
10/10/2007 10:00,31694.42,20,10.7,2.8,5.43,2.84,582
10/10/2007 11:00,31694.46,23.89,9.9,3.2,5.31,3.46,614
10/10/2007 12:00,31694.5,22.78,9.5,3.2,5.46,7.29,436
10/10/2007 13:00,31694.55,22.78,9.3,4,5.46,4.58,530
10/10/2007 14:00,31694.59,24.44,8.7,4.2,5.53,7.5,325
10/10/2007 15:00,31694.63,22.78,7.7,4.9,5.5,5.76,289
10/10/2007 16:00,31694.67,21.67,6.8,4.8,5.45,8.2,108
10/10/2007 17:00,31694.71,19.44,7.1,4,5.5,10,13
10/10/2007 18:00,31694.76,18.33,7.5,3.3,5.53,10,0
10/10/2007 19:00,31694.8,16.67,8.2,3,5.64,10,0
10/10/2007 20:00,31694.84,15,8.4,2.4,5.34,10,0
10/10/2007 21:00,31694.88,14.44,8.2,2.4,5.2,10,0
10/10/2007 22:00,31694.92,13.33,7.9,2.1,5.27,10,0
10/10/2007 23:00,31694.97,18.89,7.9,2.3,5.74,10,0
10/11/2007 0:00,31695,11.67,7.7,1.7,5.69,10,0
10/11/2007 1:00,31695.04,12.78,7.8,1.7,5.52,10,0
10/11/2007 2:00,31695.08,12.22,8,0.9,5.59,10,0
10/11/2007 3:00,31695.13,11.11,8,1.2,5.86,10,0
10/11/2007 4:00,31695.17,11.11,7.3,0.9,5.69,10,0
10/11/2007 5:00,31695.21,10,7.3,0.8,1.45,10,0
10/11/2007 6:00,31695.25,8.89,7.9,0.9,0.68,10,56
10/11/2007 7:00,31695.29,13.33,8.7,1.1,0.47,0,199
10/11/2007 8:00,31695.34,15.56,8.9,1.6,2.46,0,375
10/11/2007 9:00,31695.38,20.56,9.1,1.8,2.98,1.44,502
10/11/2007 10:00,31695.42,20.56,9,1.5,3.19,2.87,577
10/11/2007 11:00,31695.46,22.22,9.1,2,4.22,3.1,620
10/11/2007 12:00,31695.5,22.78,8,2.2,4.57,3.45,610
10/11/2007 13:00,31695.55,23.89,7.1,1.9,4.92,4.02,545
10/11/2007 14:00,31695.59,25.56,6.5,1.8,5.34,4.83,431
10/11/2007 15:00,31695.63,25.56,6.6,1.5,5.06,7.09,245
10/11/2007 16:00,31695.67,23.89,7.3,1.4,5.74,8.85,92
10/11/2007 17:00,31695.71,21.11,7.7,1.1,0.14,10,12
10/11/2007 18:00,31695.76,19.44,9.3,1.2,4.36,10,0
10/11/2007 19:00,31695.8,17.78,9.2,1.5,4.63,10,0
10/11/2007 20:00,31695.84,16.67,8.7,1.1,0.51,10,0
10/11/2007 21:00,31695.88,17.22,8.6,1.3,1.57,10,0
10/11/2007 22:00,31695.92,16.67,8.5,0.8,1.62,10,0
10/11/2007 23:00,31695.97,13.33,9,0.8,5.65,10,0
10/12/2007 0:00,31696,16.11,9.5,1.3,5.5,10,0
10/12/2007 1:00,31696.04,16.67,9.2,1,1.71,10,0
10/12/2007 2:00,31696.08,15.56,9.2,1.4,1.54,10,0
10/12/2007 3:00,31696.13,15.56,9.4,1.3,4.68,10,0
10/12/2007 4:00,31696.17,15,9.3,1.7,5.34,10,0
10/12/2007 5:00,31696.21,13.89,9.1,1.7,5.72,10,0
10/12/2007 6:00,31696.25,15,9.4,1.8,5.65,10,38
10/12/2007 7:00,31696.29,14.44,9.8,2.1,5.53,7.46,118
10/12/2007 8:00,31696.34,15,10,1.8,0.23,10,88
10/12/2007 9:00,31696.38,16.11,10.1,2.7,2.16,8.11,289
10/12/2007 10:00,31696.42,20.56,10.5,3.5,2.72,8.86,296
10/12/2007 11:00,31696.46,20,10.1,3.7,3.25,9.68,257
10/12/2007 12:00,31696.5,20.56,11.2,3.5,3.77,10,212
10/12/2007 13:00,31696.55,17.78,11.6,2.6,3.98,9.78,229
10/12/2007 14:00,31696.59,20,9.8,3.3,3.98,10,52
10/12/2007 15:00,31696.63,16.67,10.9,2.4,3.61,10,55
10/12/2007 16:00,31696.67,12.78,10.6,2.9,2.44,10,19
10/12/2007 17:00,31696.71,11.67,11,3.5,1.59,10,1
10/12/2007 18:00,31696.76,11.11,11.4,2.4,1.55,10,1
10/12/2007 19:00,31696.8,12.78,11.7,0.8,1.34,10,1
10/12/2007 20:00,31696.84,14.44,11.9,1,0.28,10,1
10/12/2007 21:00,31696.88,12.78,11.4,1.1,6.13,10,1
10/12/2007 22:00,31696.92,14.44,11.9,2.2,6.23,10,1
10/12/2007 23:00,31696.97,16.67,12,2.2,0.19,10,1
10/13/2007 0:00,31697,12.78,12.1,2.9,0.51,10,1
10/13/2007 1:00,31697.04,13.33,12.3,2.3,0.3,10,1
10/13/2007 2:00,31697.08,12.78,12.3,2.3,0.44,10,1
10/13/2007 3:00,31697.13,12.78,12.5,1.4,6.02,10,1
10/13/2007 4:00,31697.17,13.89,12.3,2.2,6.2,10,1
10/13/2007 5:00,31697.21,13.33,11.6,2.1,0.12,10,1
10/13/2007 6:00,31697.25,12.22,11.5,2.3,0.54,10,15
10/13/2007 7:00,31697.29,13.33,11.8,2.9,0.68,10,41
10/13/2007 8:00,31697.34,13.33,11.8,2.6,0.49,10,80
10/13/2007 9:00,31697.38,13.33,12.1,1.4,0.03,10,166
10/13/2007 10:00,31697.42,15.56,12.4,1.3,5.15,8.18,339
10/13/2007 11:00,31697.46,15.56,12.8,1.4,5.46,3.64,596
10/13/2007 12:00,31697.5,17.78,12.7,1.6,5.18,3.85,589
10/13/2007 13:00,31697.55,20.56,12.4,1.8,4.54,4.69,514
10/13/2007 14:00,31697.59,22.78,11.8,1.6,4.52,5.93,385
10/13/2007 15:00,31697.63,21.67,11.4,1.2,4.83,8.71,180
10/13/2007 16:00,31697.67,21.67,11.1,1,5.39,7.3,117
10/13/2007 17:00,31697.71,20,12,1.2,5.41,10,7
10/13/2007 18:00,31697.76,17.22,12.2,0.9,5.24,10,0
10/13/2007 19:00,31697.8,17.78,12.1,0.8,2.46,10,0
10/13/2007 20:00,31697.84,17.22,11.8,0.8,1.27,10,0
10/13/2007 21:00,31697.88,17.78,11.7,0.5,1.26,10,0
10/13/2007 22:00,31697.92,17.22,11.2,1.1,1.31,10,0
10/13/2007 23:00,31697.97,12.78,11.2,0.7,0.72,10,0
10/14/2007 0:00,31698,15,11.3,1.3,1.41,10,0
10/14/2007 1:00,31698.04,13.89,10.8,0.8,1.19,10,0
10/14/2007 2:00,31698.08,14.44,10.4,0.6,0.44,10,0
10/14/2007 3:00,31698.13,13.33,9.9,0.8,0.66,10,0
10/14/2007 4:00,31698.17,12.78,9.7,0.8,1.55,10,0
10/14/2007 5:00,31698.21,13.33,9.6,0.6,5.97,10,1
10/14/2007 6:00,31698.25,13.33,9.8,0.7,1.22,10,41
10/14/2007 7:00,31698.29,13.89,12,1.3,2.01,0,191
10/14/2007 8:00,31698.34,16.11,12.4,2.3,2.44,1.79,345
10/14/2007 9:00,31698.38,19.44,12.7,1.9,2.88,2.12,481
10/14/2007 10:00,31698.42,22.22,12.4,1.5,3.23,2.15,578
10/14/2007 11:00,31698.46,24.44,12,1.5,3.09,2.65,618
10/14/2007 12:00,31698.5,23.89,11.7,1.5,5.85,3.06,608
10/14/2007 13:00,31698.55,24.44,11.6,1.6,4.96,4.05,532
10/14/2007 14:00,31698.59,26.67,11.7,1.7,5.38,4.97,415
10/14/2007 15:00,31698.63,27.22,11.4,1.9,5.36,6.03,268
10/14/2007 16:00,31698.67,26.67,11.3,1.9,5.67,7.56,110
10/14/2007 17:00,31698.71,23.89,12,1.1,5.5,10,6
10/14/2007 18:00,31698.76,21.11,12.6,0.8,5.43,10,0
10/14/2007 19:00,31698.8,18.89,12.7,0.7,5.27,10,0
10/14/2007 20:00,31698.84,18.89,12.2,0.6,4.54,10,0
10/14/2007 21:00,31698.88,16.67,12.1,0.8,0.26,10,0
10/14/2007 22:00,31698.92,16.67,11.9,0.8,1.01,10,0
10/14/2007 23:00,31698.97,15,11.6,1,1.43,10,0
10/15/2007 0:00,31699,15.56,10.8,0.6,6.11,10,0
10/15/2007 1:00,31699.04,15,10.1,0.9,0.02,10,0
10/15/2007 2:00,31699.08,15,10.1,0.8,0.54,10,0
10/15/2007 3:00,31699.13,13.89,9.9,0.8,0.17,10,0
10/15/2007 4:00,31699.17,14.44,9.9,1,0.07,10,0
10/15/2007 5:00,31699.21,12.78,9.9,0.7,1.87,10,1
10/15/2007 6:00,31699.25,12.78,9.9,1,1.62,10,42
10/15/2007 7:00,31699.29,14.44,11.5,1.8,4.96,0,185
10/15/2007 8:00,31699.34,16.11,11.8,2.7,5.06,6.02,266
10/15/2007 9:00,31699.38,17.78,11.9,3.5,5.57,9.25,218
10/15/2007 10:00,31699.42,19.07,12.3,2.8,5.67,7.86,354
10/15/2007 11:00,31699.46,20.37,11.9,4.1,5.45,4.71,550
10/15/2007 12:00,31699.5,21.67,11.2,4.2,5.6,6.67,457
10/15/2007 13:00,31699.55,22.22,11.2,2.8,5.69,7.09,398
10/15/2007 14:00,31699.59,22.78,11.3,3.7,5.27,7.24,323
10/15/2007 15:00,31699.63,21.11,11.2,3.7,5.45,6.48,252
10/15/2007 16:00,31699.67,22.78,10.8,3.4,5.57,7.76,104
10/15/2007 17:00,31699.71,20,9.4,2.2,5.24,10,5
10/15/2007 18:00,31699.76,17.22,9.9,2.5,5.45,10,0
10/15/2007 19:00,31699.8,16.11,10.5,2.6,5.48,10,0
10/15/2007 20:00,31699.84,16.11,10.8,3.1,5.48,10,0
10/15/2007 21:00,31699.88,13.89,11.2,3.4,5.6,10,0
10/15/2007 22:00,31699.92,12.22,11.8,3.6,5.45,10,0
10/15/2007 23:00,31699.97,16.11,11.5,3.8,5.72,10,0
10/16/2007 0:00,31700,12.22,10.9,4.2,5.78,10,0
10/16/2007 1:00,31700.04,12.22,10.1,4.2,5.83,10,0
10/16/2007 2:00,31700.08,11.11,9.8,3.1,5.79,10,0
10/16/2007 3:00,31700.13,11.11,9.8,3,5.64,10,0
10/16/2007 4:00,31700.17,10.56,10.1,4.1,5.48,10,0
10/16/2007 5:00,31700.21,11.11,9.9,4.3,5.53,10,0
10/16/2007 6:00,31700.25,11.67,9.1,4.1,5.74,10,16
10/16/2007 7:00,31700.29,11.11,9.1,4,5.67,7.84,101
10/16/2007 8:00,31700.34,15.56,9.5,4.7,5.59,0,354
10/16/2007 9:00,31700.38,17.78,7.5,5.6,5.57,0,491
10/16/2007 10:00,31700.42,18.33,5.1,4.4,5.62,2.1,570
10/16/2007 11:00,31700.46,20.56,4.2,4.2,5.2,1.79,625
10/16/2007 12:00,31700.5,21.11,4.5,3.7,5.18,5.71,503
10/16/2007 13:00,31700.55,20,5,3.5,4.92,8.33,322
10/16/2007 14:00,31700.59,18.89,5.1,2.3,5.27,8.71,246
10/16/2007 15:00,31700.63,20,4.6,1.5,0.21,6.75,241
10/16/2007 16:00,31700.67,18.89,4.3,0.7,0.66,7.55,105
10/16/2007 17:00,31700.71,19.44,5.7,1.2,1.47,10,3
10/16/2007 18:00,31700.76,17.22,7.3,1.2,1.88,10,0
10/16/2007 19:00,31700.8,16.11,8.4,1.2,3.86,10,0
10/16/2007 20:00,31700.84,16.67,8.9,1.5,2.93,10,0
10/16/2007 21:00,31700.88,15.56,10.2,1.8,4.47,10,0
10/16/2007 22:00,31700.92,13.33,11.2,1.8,0.59,10,1
10/16/2007 23:00,31700.97,11.67,10.5,1.2,3.04,10,0
10/17/2007 0:00,31701,14.44,9.9,0.8,2.97,10,0
10/17/2007 1:00,31701.04,13.89,10.9,1,4.63,10,0
10/17/2007 2:00,31701.08,13.89,11.2,1.2,1.05,10,0
10/17/2007 3:00,31701.13,13.33,11.4,1.1,6.2,10,1
10/17/2007 4:00,31701.17,13.33,11,1.2,6.2,10,0
10/17/2007 5:00,31701.21,12.78,10.9,1.4,5.79,10,1
10/17/2007 6:00,31701.25,13.33,10.7,1.8,5.72,10,10
10/17/2007 7:00,31701.29,13.89,10.8,2.3,5.78,9.39,70
10/17/2007 8:00,31701.34,15,11.3,2.6,5.32,8.17,192
10/17/2007 9:00,31701.38,16.11,11.3,3.2,5.6,2.4,464
10/17/2007 10:00,31701.42,22.22,10.2,3.7,5.57,3.18,544
10/17/2007 11:00,31701.46,20.56,8.8,3.9,5.5,4.11,564
10/17/2007 12:00,31701.5,19.44,9.1,4.3,5.64,2.54,607
10/17/2007 13:00,31701.55,24.44,8.2,3.9,5.46,4.01,521
10/17/2007 14:00,31701.59,21.67,6.2,4.6,5.6,4.7,412
10/17/2007 15:00,31701.63,21.67,6.8,4.6,5.5,5.85,263
10/17/2007 16:00,31701.67,21.11,6.3,4.7,5.55,7.45,104
10/17/2007 17:00,31701.71,18.33,5.7,4.2,5.57,10,4
10/17/2007 18:00,31701.76,17.22,5.9,3.1,5.69,10,0
10/17/2007 19:00,31701.8,15,5.3,3.5,5.67,10,0
10/17/2007 20:00,31701.84,15,5.4,2.4,5.88,10,0
10/17/2007 21:00,31701.88,13.89,5.6,1.6,5.41,10,0
10/17/2007 22:00,31701.92,13.33,5.9,1.8,5.22,10,0
10/17/2007 23:00,31701.97,14.44,6.1,2.5,5.69,10,0
10/18/2007 0:00,31702,11.67,6.2,2.8,5.71,10,0
10/18/2007 1:00,31702.04,11.11,6.3,1.5,5.71,10,0
10/18/2007 2:00,31702.08,11.11,6.9,1.3,5.79,10,0
10/18/2007 3:00,31702.13,11.11,6.6,1.1,5.59,10,0
10/18/2007 4:00,31702.17,11.11,6.6,1,5.65,10,0
10/18/2007 5:00,31702.21,11.67,6.4,1,0.05,10,0
10/18/2007 6:00,31702.25,11.11,6.5,0.7,5.27,10,46
10/18/2007 7:00,31702.29,11.11,7.6,0.9,1.83,0,190
10/18/2007 8:00,31702.34,13.89,7.2,2,2.18,0,344
10/18/2007 9:00,31702.38,17.22,7.6,2.9,2.57,1.22,473
10/18/2007 10:00,31702.42,17.22,7.8,2.3,2.97,2.11,561
10/18/2007 11:00,31702.46,19.44,7.4,1.9,2.76,2.67,600
10/18/2007 12:00,31702.5,21.67,6.8,1.5,1.2,3.31,584
10/18/2007 13:00,31702.55,22.78,6.4,1.4,0.03,4.04,516
10/18/2007 14:00,31702.59,22.78,5.8,1.5,0.37,4.61,411
10/18/2007 15:00,31702.63,22.22,5.3,1.2,2.84,6.18,251
10/18/2007 16:00,31702.67,23.33,5.3,0.6,3.28,8.22,89
10/18/2007 17:00,31702.71,21.11,6.5,0.7,2.78,10,5
10/18/2007 18:00,31702.76,18.89,8,0.8,6.28,10,0
10/18/2007 19:00,31702.8,16.67,8.7,1,1.36,10,0
10/18/2007 20:00,31702.84,17.22,8.6,0.8,1.45,10,0
10/18/2007 21:00,31702.88,16.67,8.9,0.9,1.36,10,0
10/18/2007 22:00,31702.92,15.56,8.1,0.5,1.8,10,0
10/18/2007 23:00,31702.97,12.22,8.2,0.6,0.26,10,0
10/19/2007 0:00,31703,13.89,8.4,0.7,2.22,10,0
10/19/2007 1:00,31703.04,13.33,7.8,0.8,2.06,10,0
10/19/2007 2:00,31703.08,13.89,7.5,0.9,0.05,10,0
10/19/2007 3:00,31703.13,12.78,7.4,0.8,1.36,10,0
10/19/2007 4:00,31703.17,12.22,7.6,0.9,1.5,10,0
10/19/2007 5:00,31703.21,12.22,7.2,1,0.98,10,0
10/19/2007 6:00,31703.25,11.67,7.6,0.8,0.84,10,38
10/19/2007 7:00,31703.29,12.22,8.9,1.3,1.48,0,179
10/19/2007 8:00,31703.34,15.56,8.4,2.2,2.53,0,335
10/19/2007 9:00,31703.38,18.89,8.2,1.7,2.36,1.42,467
10/19/2007 10:00,31703.42,23.89,7.3,1.6,3.47,2.09,557
10/19/2007 11:00,31703.46,23.89,8,1.4,5.41,2.83,592
10/19/2007 12:00,31703.5,27.78,8.5,1.8,5.6,3.38,578
10/19/2007 13:00,31703.55,26.11,9.5,2.1,5.39,4.14,509
10/19/2007 14:00,31703.59,27.78,9.8,2.6,5.48,4.99,396
10/19/2007 15:00,31703.63,26.67,9.5,2.4,5.31,6.1,250
10/19/2007 16:00,31703.67,25.56,9.8,1.9,5.22,7.89,92
10/19/2007 17:00,31703.71,23.89,10.3,1.4,5.32,10,3
10/19/2007 18:00,31703.76,20,10.8,1.4,5.2,10,0
10/19/2007 19:00,31703.8,19.44,10.4,0.9,5.36,10,0
10/19/2007 20:00,31703.84,18.33,10.5,1,5.03,10,0
10/19/2007 21:00,31703.88,17.78,11.2,2,5.18,10,0
10/19/2007 22:00,31703.92,15.56,12.3,1.9,5.62,10,0
10/19/2007 23:00,31703.97,14.44,12.4,2.3,6,10,0
10/20/2007 0:00,31704,16.11,11.9,1.3,5.88,10,0
10/20/2007 1:00,31704.04,15,13.2,3.8,5.79,10,0
10/20/2007 2:00,31704.08,17.22,13.8,6,5.85,10,0
10/20/2007 3:00,31704.13,15,10.6,6.2,5.79,10,0
10/20/2007 4:00,31704.17,14.44,8.9,4.7,5.65,10,0
10/20/2007 5:00,31704.21,15,9.3,4.2,5.48,10,0
10/20/2007 6:00,31704.25,12.78,8.3,4.6,5.57,10,24
10/20/2007 7:00,31704.29,12.22,8.1,5.3,5.67,5.33,124
10/20/2007 8:00,31704.34,13.89,8.3,6.4,5.74,6.2,245
10/20/2007 9:00,31704.38,16.11,8.4,7.1,5.86,2.61,448
10/20/2007 10:00,31704.42,17.78,8.2,6.5,5.78,0,584
10/20/2007 11:00,31704.46,18.89,6.5,6.9,5.59,2.05,603
10/20/2007 12:00,31704.5,20,4.9,7.1,5.6,2.22,600
10/20/2007 13:00,31704.55,21.11,3.8,7.5,5.57,3.04,534
10/20/2007 14:00,31704.59,21.11,3.6,5.9,5.67,4.13,416
10/20/2007 15:00,31704.63,20,3.8,6,5.57,5.56,260
10/20/2007 16:00,31704.67,18.89,4.1,7.4,5.57,7.54,95
10/20/2007 17:00,31704.71,18.33,3.2,5.3,5.59,10,3
10/20/2007 18:00,31704.76,16.11,2.8,4.6,5.48,10,0
10/20/2007 19:00,31704.8,15.56,3.4,5,5.46,10,0
10/20/2007 20:00,31704.84,13.33,2.7,4.6,5.52,10,0
10/20/2007 21:00,31704.88,12.22,2,3.3,5.71,10,0
10/20/2007 22:00,31704.92,10.56,1.9,2.8,5.15,10,0
10/20/2007 23:00,31704.97,15.56,2.6,1.5,4.96,10,0
10/21/2007 0:00,31705,8.89,2.5,1.3,5.29,10,0
10/21/2007 1:00,31705.04,8.89,2.7,0.9,1.88,10,0
10/21/2007 2:00,31705.08,8.89,3,0.5,0.52,10,0
10/21/2007 3:00,31705.13,8.89,3.3,0.8,0.31,10,0
10/21/2007 4:00,31705.17,8.89,3.2,0.8,0.84,10,0
10/21/2007 5:00,31705.21,8.89,3,0.8,1.27,10,0
10/21/2007 6:00,31705.25,8.89,3.1,0.9,1.59,10,41
10/21/2007 7:00,31705.29,9.44,5,1.1,2.22,0,190
10/21/2007 8:00,31705.34,13.89,4.7,1.8,2.83,0,341
10/21/2007 9:00,31705.38,17.78,4.8,2.2,2.98,0,473
10/21/2007 10:00,31705.42,17.78,4.7,2,2.88,0.58,563
10/21/2007 11:00,31705.46,18.33,4.7,1.9,2.58,1.83,602
10/21/2007 12:00,31705.5,20,4.4,2,2.58,2.61,588
10/21/2007 13:00,31705.55,21.67,3.9,2,3.26,3.41,521
10/21/2007 14:00,31705.59,23.89,3.7,1.5,2.69,4.45,404
10/21/2007 15:00,31705.63,22.78,3.4,1,5.11,5.72,253
10/21/2007 16:00,31705.67,22.78,3.6,1,5.1,7.57,92
10/21/2007 17:00,31705.71,21.11,5.8,1.2,5.2,10,3
10/21/2007 18:00,31705.76,16.67,6.5,0.7,4.99,10,0
10/21/2007 19:00,31705.8,16.11,6.3,0.8,5.76,10,0
10/21/2007 20:00,31705.84,15.56,6.4,0.8,4.31,10,0
10/21/2007 21:00,31705.88,14.44,6.4,1,5.43,10,0
10/21/2007 22:00,31705.92,15.56,6.3,0.9,4.8,10,0
10/21/2007 23:00,31705.97,9.44,6.3,0.8,1.08,10,0
10/22/2007 0:00,31706,13.89,5.4,0.9,6.09,10,0
10/22/2007 1:00,31706.04,13.89,5.2,0.9,5.95,10,0
10/22/2007 2:00,31706.08,13.33,5.2,0.9,1.88,10,0
10/22/2007 3:00,31706.13,12.22,4.6,0.9,0.23,10,0
10/22/2007 4:00,31706.17,11.67,4.6,0.9,1.43,10,0
10/22/2007 5:00,31706.21,12.22,4.3,0.8,0.61,10,0
10/22/2007 6:00,31706.25,12.22,4.7,0.7,0.09,10,40
10/22/2007 7:00,31706.29,12.22,7,0.6,0.79,0,195
10/22/2007 8:00,31706.34,15.56,5,0.9,2.13,0,342
10/22/2007 9:00,31706.38,21.11,4.2,0.9,4.96,0,474
10/22/2007 10:00,31706.42,25.56,3.7,1.1,4.36,0,566
10/22/2007 11:00,31706.46,25,0,2.1,4.15,1.41,603
10/22/2007 12:00,31706.5,27.22,-1.5,1.8,4.26,2.34,589
10/22/2007 13:00,31706.55,28.33,-1.8,2.1,4.52,3.28,520
10/22/2007 14:00,31706.59,27.78,-2.1,1.6,4.57,4.57,397
10/22/2007 15:00,31706.63,28.89,-1.7,1.4,5.53,6.12,240
10/22/2007 16:00,31706.67,28.33,-0.7,1.3,5.45,7.39,92
10/22/2007 17:00,31706.71,25.56,2.9,0.8,5.88,10,2
10/22/2007 18:00,31706.76,21.67,4.3,0.8,1.4,10,0
10/22/2007 19:00,31706.8,20.56,4.6,1,1.73,10,0
10/22/2007 20:00,31706.84,18.89,5.8,0.9,0.4,10,0
10/22/2007 21:00,31706.88,17.78,5.1,0.9,1.69,10,0
10/22/2007 22:00,31706.92,17.78,4.4,0.8,4.85,10,0
10/22/2007 23:00,31706.97,14.44,4.6,0.8,1.13,10,0
10/23/2007 0:00,31707,16.11,4.3,0.9,4.19,10,0
10/23/2007 1:00,31707.04,15.56,4.5,0.9,0.24,10,0
10/23/2007 2:00,31707.08,16.11,4.7,1.1,0.47,10,0
10/23/2007 3:00,31707.13,15,3.8,1.1,0.35,10,0
10/23/2007 4:00,31707.17,15.56,3.7,0.9,5.52,10,0
10/23/2007 5:00,31707.21,15,3.9,0.7,3.05,10,0
10/23/2007 6:00,31707.25,15,4.3,0.6,6.23,10,34
10/23/2007 7:00,31707.29,16.11,5.1,0.6,2.2,0,182
10/23/2007 8:00,31707.34,17.78,2.7,1.4,4.49,0,338
10/23/2007 9:00,31707.38,26.67,1.2,2.3,4.99,0,470
10/23/2007 10:00,31707.42,25.56,2.1,2.4,5.29,0,560
10/23/2007 11:00,31707.46,29.44,2.6,2,5.04,1.46,598
10/23/2007 12:00,31707.5,28.89,1.5,2,4.99,2.43,583
10/23/2007 13:00,31707.55,30,-0.3,1.5,5.25,3.32,515
10/23/2007 14:00,31707.59,31.11,-0.2,1.3,5.57,4.31,400
10/23/2007 15:00,31707.63,31.67,0.5,1,5.01,5.61,249
10/23/2007 16:00,31707.67,31.11,2.1,1.6,5.38,7.5,88
10/23/2007 17:00,31707.71,27.78,4.2,1,5.15,10,2
10/23/2007 18:00,31707.76,23.89,6.4,0.7,5.45,10,0
10/23/2007 19:00,31707.8,22.78,7.1,0.8,6.23,10,0
10/23/2007 20:00,31707.84,20.56,7.6,0.7,4.73,10,0
10/23/2007 21:00,31707.88,20.56,7.8,1,5.95,10,0
10/23/2007 22:00,31707.92,18.89,7.1,0.9,2.79,10,0
10/23/2007 23:00,31707.97,16.67,6.2,0.8,1.1,10,0
10/24/2007 0:00,31708,20,6.3,1,1.54,10,0
10/24/2007 1:00,31708.04,18.33,6.1,1.1,1.13,10,0
10/24/2007 2:00,31708.08,17.78,5.4,1.4,1.4,10,0
10/24/2007 3:00,31708.13,17.22,5.3,0.9,1.38,10,0
10/24/2007 4:00,31708.17,16.67,5.3,0.6,6.2,10,0
10/24/2007 5:00,31708.21,16.11,5.4,1,1.36,10,0
10/24/2007 6:00,31708.25,16.11,5.2,1,1.24,10,31
10/24/2007 7:00,31708.29,16.67,6.9,1,6.25,0,176
10/24/2007 8:00,31708.34,19.44,5.6,0.8,0.8,0,333
10/24/2007 9:00,31708.38,23.33,3.7,1.2,2.57,0,466
10/24/2007 10:00,31708.42,30,3.5,1.6,3.35,0,556
10/24/2007 11:00,31708.46,30,3.5,1.6,3.68,1.51,593
10/24/2007 12:00,31708.5,31.11,3.8,1.3,3.93,2.57,576
10/24/2007 13:00,31708.55,32.78,3.9,1.6,5.25,3.64,503
10/24/2007 14:00,31708.59,34.44,2.8,1.5,5.39,4.44,393
10/24/2007 15:00,31708.63,33.89,3.3,1.4,5.83,5.64,245
10/24/2007 16:00,31708.67,33.89,4.4,1.2,5.2,7.47,86
10/24/2007 17:00,31708.71,31.11,6.3,1,4.9,10,2
10/24/2007 18:00,31708.76,27.22,7.5,0.9,4.99,10,0
10/24/2007 19:00,31708.8,25,7.9,0.9,4.54,10,0
10/24/2007 20:00,31708.84,22.78,8.9,0.8,1.05,10,0
10/24/2007 21:00,31708.88,21.67,9.1,0.9,0.72,10,0
10/24/2007 22:00,31708.92,21.11,9.4,0.7,0.8,10,0
10/24/2007 23:00,31708.97,19.44,8.4,0.7,3.14,10,0
10/25/2007 0:00,31709,20,7.8,0.7,3.46,10,0
10/25/2007 1:00,31709.04,20,7.3,1.1,0.96,10,0
10/25/2007 2:00,31709.08,20,7.3,0.7,0.42,10,0
10/25/2007 3:00,31709.13,18.89,7,0.8,0.8,10,0
10/25/2007 4:00,31709.17,18.33,6.9,0.6,0.44,10,0
10/25/2007 5:00,31709.21,17.22,7,0.6,0.93,10,0
10/25/2007 6:00,31709.25,17.22,7.2,0.7,1.05,10,36
10/25/2007 7:00,31709.29,20,8.2,0.6,0.21,0,168
10/25/2007 8:00,31709.34,22.78,6,1.1,2.91,1.74,300
10/25/2007 9:00,31709.38,26.11,5.7,1.4,2.95,3.77,406
10/25/2007 10:00,31709.42,27.78,6.5,1.2,2.78,3.81,495
10/25/2007 11:00,31709.46,29.44,6.3,1.3,3.68,4.11,532
10/25/2007 12:00,31709.5,29.44,6.4,1.4,4.14,4.63,514
10/25/2007 13:00,31709.55,30.56,5.7,1.3,4.52,5.52,438
10/25/2007 14:00,31709.59,31.67,5.2,1,4.15,6.28,332
10/25/2007 15:00,31709.63,31.11,6.5,1.4,5.11,7.55,192
10/25/2007 16:00,31709.67,31.11,8.2,1.4,5.2,9.45,55
10/25/2007 17:00,31709.71,26.67,9.1,1,5.25,10,1
10/25/2007 18:00,31709.76,23.89,9.8,0.7,5.08,10,0
10/25/2007 19:00,31709.8,22.22,9.8,0.6,6.2,10,0
10/25/2007 20:00,31709.84,22.22,9.7,0.6,4.45,10,0
10/25/2007 21:00,31709.88,20,9.7,0.7,6.25,10,0
10/25/2007 22:00,31709.92,20,9.6,0.8,5.67,10,0
10/25/2007 23:00,31709.97,20.56,9.6,0.7,0,10,0
10/26/2007 0:00,31710,17.78,9.3,0.8,0,10,0
10/26/2007 1:00,31710.04,16.67,8.8,0.8,6.02,10,0
10/26/2007 2:00,31710.08,17.78,8.5,0.7,0.79,10,0
10/26/2007 3:00,31710.13,16.67,8.1,0.7,5.03,10,0
10/26/2007 4:00,31710.17,16.67,7.9,0.7,3.79,10,0
10/26/2007 5:00,31710.21,16.67,7.7,0.6,4.97,10,0
10/26/2007 6:00,31710.25,15.56,7.4,0.7,5.95,10,22
10/26/2007 7:00,31710.29,15.56,8.4,0.6,0.68,0,145
10/26/2007 8:00,31710.34,17.22,8.1,0.6,3.14,2.47,290
10/26/2007 9:00,31710.38,23.89,7.6,1.7,2.72,2.64,423
10/26/2007 10:00,31710.42,25,8,2.3,3.02,3.02,510
10/26/2007 11:00,31710.46,26.11,8.1,2,3.33,3.64,542
10/26/2007 12:00,31710.5,26.67,8.3,2.1,3.35,4.78,505
10/26/2007 13:00,31710.55,28.89,8.8,1.8,3.37,5.48,436
10/26/2007 14:00,31710.59,29.44,7.8,1.3,2.62,6.3,328
10/26/2007 15:00,31710.63,29.44,7.1,1.1,3.47,7.7,185
10/26/2007 16:00,31710.67,27.78,8.1,1.3,4.68,9.08,59
10/26/2007 17:00,31710.71,24.44,9.3,1.8,4.96,10,1
10/26/2007 18:00,31710.76,21.11,9.6,1.8,5.59,10,0
10/26/2007 19:00,31710.8,20,9.8,1.5,5.46,10,0
10/26/2007 20:00,31710.84,20.56,9.7,2,4.9,10,0
10/26/2007 21:00,31710.88,18.89,9.8,2.3,5.48,10,0
10/26/2007 22:00,31710.92,18.33,9.9,2,5.79,10,0
10/26/2007 23:00,31710.97,19.44,9.8,1.4,5.13,10,0
10/27/2007 0:00,31711,18.89,9.7,1,5.97,10,0
10/27/2007 1:00,31711.04,17.22,10,1,4.97,10,0
10/27/2007 2:00,31711.08,16.67,9.9,1.2,5.06,10,0
10/27/2007 3:00,31711.13,16.67,9.8,1.2,5.62,10,0
10/27/2007 4:00,31711.17,16.67,9.7,1.1,5.67,10,0
10/27/2007 5:00,31711.21,16.11,9.6,0.9,5.52,10,0
10/27/2007 6:00,31711.25,16.11,9.8,1,5.04,10,8
10/27/2007 7:00,31711.29,16.67,9.8,1.9,5.15,7.1,84
10/27/2007 8:00,31711.34,15.56,9.8,2.3,5.24,9.06,139
10/27/2007 9:00,31711.38,16.11,9.9,1.4,5.01,8.43,236
10/27/2007 10:00,31711.42,17.78,10.1,2.4,1.41,5.07,448
10/27/2007 11:00,31711.46,23.33,10.3,3.2,1.83,7.15,393
10/27/2007 12:00,31711.5,26.67,9.6,3,2.2,4.97,494
10/27/2007 13:00,31711.55,30.56,8,2.9,2.64,5.8,420
10/27/2007 14:00,31711.59,28.89,7.8,2.7,2.81,10,134
10/27/2007 15:00,31711.63,27.22,8.7,2.9,3.07,10,89
10/27/2007 16:00,31711.67,25,10.3,2.9,2.79,10,8
10/27/2007 17:00,31711.71,23.33,12,2.3,2.79,10,0
10/27/2007 18:00,31711.76,20.56,13.6,1.8,3.12,10,0
10/27/2007 19:00,31711.8,20,13.8,1.7,4.1,10,0
10/27/2007 20:00,31711.84,19.44,14.4,2.2,6.14,10,0
10/27/2007 21:00,31711.88,17.22,14.3,1.5,0.44,10,0
10/27/2007 22:00,31711.92,17.78,14.3,1.1,5.86,10,0
10/27/2007 23:00,31711.97,18.89,13.9,1.1,5.34,10,0
10/28/2007 0:00,31712,18.33,13.8,1.8,4.56,10,0
10/28/2007 1:00,31712.04,19.44,13.8,1.5,4.92,10,0
10/28/2007 2:00,31712.08,16.11,13.3,1.1,1.1,10,0
10/28/2007 3:00,31712.13,14.44,12.4,0.8,0.65,10,0
10/28/2007 4:00,31712.17,14.44,12.8,1,2.44,10,0
10/28/2007 5:00,31712.21,13.89,12.8,1,1.13,10,0
10/28/2007 6:00,31712.25,15,12.3,0.8,0.56,10,19
10/28/2007 7:00,31712.29,15.56,13.7,1.1,2.88,0,133
10/28/2007 8:00,31712.34,14.44,14.7,1.5,4.99,4.28,259
10/28/2007 9:00,31712.38,18.33,15.2,1.3,4.92,2.95,410
10/28/2007 10:00,31712.42,21.67,14.5,1.4,5.2,3.16,499
10/28/2007 11:00,31712.46,24.44,14,1.8,5.08,3.38,541
10/28/2007 12:00,31712.5,26.11,14.1,2.6,5.15,3.95,525
10/28/2007 13:00,31712.55,27.78,14.4,2.7,5.2,4.65,458
10/28/2007 14:00,31712.59,27.78,14.3,2.7,5.43,5.42,351
10/28/2007 15:00,31712.63,27.22,13.5,2.9,5.67,6.64,209
10/28/2007 16:00,31712.67,27.78,13.2,2.2,5.22,8.98,57
10/28/2007 17:00,31712.71,23.89,13.3,1.1,4.19,10,1
10/28/2007 18:00,31712.76,21.67,14.1,1.3,4.03,10,0
10/28/2007 19:00,31712.8,21.11,14.5,1,3.26,10,0
10/28/2007 20:00,31712.84,19.44,14.9,1.2,1.66,10,0
10/28/2007 21:00,31712.88,20,14.9,1.2,1.27,10,0
10/28/2007 22:00,31712.92,20.56,14.4,0.5,5.83,10,0
10/28/2007 23:00,31712.97,18.33,13.8,0.8,4.64,10,0
10/29/2007 0:00,31713,18.33,13.6,0.9,1.66,10,0
10/29/2007 1:00,31713.04,18.89,13.2,0.8,1.64,10,0
10/29/2007 2:00,31713.08,17.22,12.8,1,0.66,10,0
10/29/2007 3:00,31713.13,17.78,12.6,0.9,1.01,10,0
10/29/2007 4:00,31713.17,17.22,12.3,1.1,0.86,10,0
10/29/2007 5:00,31713.21,16.11,12.4,1.2,1.15,10,0
10/29/2007 6:00,31713.25,16.11,12.8,1.1,1.06,10,11
10/29/2007 7:00,31713.29,16.11,13.7,1.3,1.61,6.52,85
10/29/2007 8:00,31713.34,16.67,14.1,1.3,2.55,8.34,159
10/29/2007 9:00,31713.38,17.78,14.6,1.3,2.25,5.96,331
10/29/2007 10:00,31713.42,20.56,15.1,1.2,1.69,5.29,433
10/29/2007 11:00,31713.46,24.44,15,1.4,2.64,8.4,314
10/29/2007 12:00,31713.5,22.78,15.3,1.7,1.2,8.41,313
10/29/2007 13:00,31713.55,23.89,14.9,1.2,1.08,5.2,436
10/29/2007 14:00,31713.59,29.44,14.3,1.5,4.92,6.3,319
10/29/2007 15:00,31713.63,27.22,14.1,2.2,5.86,8.94,139
10/29/2007 16:00,31713.67,23.89,13.7,3.6,5.22,10,11
10/29/2007 17:00,31713.71,22.78,12.5,5.7,5.27,10,0
10/29/2007 18:00,31713.76,16.11,12.7,3.1,6.16,10,0
10/29/2007 19:00,31713.8,17.22,12,3.7,1.06,10,0
10/29/2007 20:00,31713.84,18.89,11.9,2.1,3.84,10,0
10/29/2007 21:00,31713.88,17.22,12.9,2.2,4.24,10,0
10/29/2007 22:00,31713.92,15.56,12.7,3.2,5.45,10,0
10/29/2007 23:00,31713.97,18.89,12.8,3.6,5.92,10,0
10/30/2007 0:00,31714,15,13,2.9,5.78,10,0
10/30/2007 1:00,31714.04,13.33,12.1,2.9,5.57,10,0
10/30/2007 2:00,31714.08,12.22,10.8,3.1,5.79,10,0
10/30/2007 3:00,31714.13,11.67,10.3,2.2,5.57,10,0
10/30/2007 4:00,31714.17,13.89,10,0.8,1.17,10,0
10/30/2007 5:00,31714.21,11.67,9.6,1.5,4.82,10,0
10/30/2007 6:00,31714.25,10,9.8,2.8,4.83,10,9
10/30/2007 7:00,31714.29,10,9.9,3.2,5.43,8.29,63
10/30/2007 8:00,31714.34,10.56,10.7,3.9,5.79,3.75,260
10/30/2007 9:00,31714.38,13.33,11.1,3,5.83,6.73,301
10/30/2007 10:00,31714.42,14.44,11.6,2.9,5.65,3.16,491
10/30/2007 11:00,31714.46,18.33,11.7,2.2,5.43,4.1,513
10/30/2007 12:00,31714.5,17.22,11.9,1.6,5.04,3.92,518
10/30/2007 13:00,31714.55,19.44,11.8,1.6,4.12,5.38,426
10/30/2007 14:00,31714.59,22.22,11.7,1.4,3.72,5.43,344
10/30/2007 15:00,31714.63,20.56,11.7,1.3,3.19,9.66,112
10/30/2007 16:00,31714.67,21.67,12,1.3,3.61,9.1,52
10/30/2007 17:00,31714.71,18.89,12.4,1.3,2.32,10,1
10/30/2007 18:00,31714.76,17.22,12.5,1.7,3.07,10,0
10/30/2007 19:00,31714.8,16.67,12.3,1.4,3.7,10,0
10/30/2007 20:00,31714.84,15,12,1.2,4.8,10,0
10/30/2007 21:00,31714.88,15,12.9,1.6,4.43,10,0
10/30/2007 22:00,31714.92,15,12.9,1.2,4.21,10,0
10/30/2007 23:00,31714.97,16.67,12.2,1,1.66,10,0
10/31/2007 0:00,31715,15,11.8,0.7,1.76,10,0
10/31/2007 1:00,31715.04,13.89,10.8,0.5,5.5,10,0
10/31/2007 2:00,31715.08,13.33,10.2,0.8,4.73,10,0
10/31/2007 3:00,31715.13,13.33,10,0.7,0.24,10,0
10/31/2007 4:00,31715.17,12.22,9.3,0.5,5.85,10,0
10/31/2007 5:00,31715.21,13.89,10,0.5,2.6,10,0
10/31/2007 6:00,31715.25,13.33,11.5,0.6,1.66,10,7
10/31/2007 7:00,31715.29,13.89,12.3,0.8,3.93,10,36
10/31/2007 8:00,31715.34,13.89,12.7,1,5.67,10,68
10/31/2007 9:00,31715.38,14.44,12.4,2.1,5.62,10,121
10/31/2007 10:00,31715.42,20,12.1,2.4,5.78,9.06,243
10/31/2007 11:00,31715.46,21.67,11.8,2.4,5.1,5.45,461
10/31/2007 12:00,31715.5,18.89,11.8,2.5,5.38,4.07,510
10/31/2007 13:00,31715.55,23.33,11.6,2.6,5.69,4.75,444
10/31/2007 14:00,31715.59,23.89,11.4,2.6,5.6,5.62,335
10/31/2007 15:00,31715.63,23.89,11.4,2.4,5.41,6.99,192
10/31/2007 16:00,31715.67,22.78,11.8,2.2,4.87,9.12,50
10/31/2007 17:00,31715.71,18.89,12.2,2,4.94,10,1
10/31/2007 18:00,31715.76,16.67,12.2,1.4,4.83,10,0
10/31/2007 19:00,31715.8,15.56,11.9,1.1,5.38,10,0
10/31/2007 20:00,31715.84,15.56,11.5,0.9,5.97,10,0
10/31/2007 21:00,31715.88,14.44,11.3,0.6,5.76,10,0
10/31/2007 22:00,31715.92,15,10.7,0.9,1.06,10,0
10/31/2007 23:00,31715.97,15.56,10.6,0.9,1.36,10,0
11/1/2007 0:00,31716,13.89,9.8,0.8,4.03,10,0
11/1/2007 1:00,31716.04,13.33,9.4,0.6,4.49,10,0
11/1/2007 2:00,31716.08,12.22,9.4,1,5.43,10,0
11/1/2007 3:00,31716.13,11.67,9,0.6,3.65,10,0
11/1/2007 4:00,31716.17,12.78,8.3,0.6,0.44,10,0
11/1/2007 5:00,31716.21,11.67,8.6,1,2.11,10,0
11/1/2007 6:00,31716.25,11.11,8.7,0.8,0.12,10,14
11/1/2007 7:00,31716.29,12.22,10.6,1.4,2.22,0,122
11/1/2007 8:00,31716.34,14.44,11.4,1.1,4.15,3.45,257
11/1/2007 9:00,31716.38,17.22,12.2,1.4,5.24,4.79,356
11/1/2007 10:00,31716.42,20,12.5,1.5,5.13,4.18,458
11/1/2007 11:00,31716.46,20.56,12.6,2,5.27,4.01,508
11/1/2007 12:00,31716.5,22.78,12.7,1.9,5.11,4.24,501
11/1/2007 13:00,31716.55,23.89,12.1,1.9,4.8,4.92,435
11/1/2007 14:00,31716.59,23.33,11.8,2.1,5.13,5.87,324
11/1/2007 15:00,31716.63,23.33,11.9,2.2,5.25,7.31,181
11/1/2007 16:00,31716.67,22.78,12,2.2,5.08,9.31,46
11/1/2007 17:00,31716.71,19.44,12,1.5,4.99,10,1
11/1/2007 18:00,31716.76,17.22,12,1.1,4.78,10,0
11/1/2007 19:00,31716.8,16.67,11.7,1,4.9,10,0
11/1/2007 20:00,31716.84,15.56,11.6,1.2,1.31,10,0
11/1/2007 21:00,31716.88,14.44,11.2,0.9,1.55,10,0
11/1/2007 22:00,31716.92,14.44,11.1,1,1.31,10,0
11/1/2007 23:00,31716.97,13.89,10.5,0.8,1.03,10,0
11/2/2007 0:00,31717,14.44,9.3,0.7,0.14,10,0
11/2/2007 1:00,31717.04,14.44,8.9,0.6,4.94,10,0
11/2/2007 2:00,31717.08,13.89,8,0.6,0.12,10,0
11/2/2007 3:00,31717.13,13.33,8.2,1,0.42,10,0
11/2/2007 4:00,31717.17,12.22,8.8,0.9,1.03,10,0
11/2/2007 5:00,31717.21,11.67,8,0.8,5.79,10,0
11/2/2007 6:00,31717.25,11.67,8,0.7,0.23,10,10
11/2/2007 7:00,31717.29,11.11,9.7,0.5,2.65,0,107
11/2/2007 8:00,31717.34,12.78,11.8,1.1,2.18,4.15,244
11/2/2007 9:00,31717.38,15.56,12.2,1.3,2.65,3.52,381
11/2/2007 10:00,31717.42,22.78,12.2,1.1,5.65,3.23,478
11/2/2007 11:00,31717.46,22.78,12.4,1.5,4.83,3.47,519
11/2/2007 12:00,31717.5,23.89,12.2,2.3,5.38,4.25,497
11/2/2007 13:00,31717.55,25,11.9,2.1,5.13,4.88,433
11/2/2007 14:00,31717.59,26.11,11.4,2.2,5.38,5.77,324
11/2/2007 15:00,31717.63,25.56,11.6,2,5.32,7.18,182
11/2/2007 16:00,31717.67,23.89,11.6,1.9,5.08,9.35,44
11/2/2007 17:00,31717.71,21.11,11.7,1.6,5.17,10,1
11/2/2007 18:00,31717.76,18.33,11.2,1,5.25,10,0
11/2/2007 19:00,31717.8,17.78,10.6,0.9,5.69,10,0
11/2/2007 20:00,31717.84,16.67,10.7,0.6,5.9,10,0
11/2/2007 21:00,31717.88,17.22,10,0.9,5.95,10,0
11/2/2007 22:00,31717.92,15.56,9.6,0.9,1.17,10,0
11/2/2007 23:00,31717.97,15,9.7,1.1,1.47,10,0
11/3/2007 0:00,31718,13.89,9,0.9,0.77,10,0
11/3/2007 1:00,31718.04,13.33,8.9,0.7,1.01,10,0
11/3/2007 2:00,31718.08,13.33,8.5,0.9,0.87,10,0
11/3/2007 3:00,31718.13,12.78,8.6,0.9,0.86,10,0
11/3/2007 4:00,31718.17,13.33,8,0.7,0.77,10,0
11/3/2007 5:00,31718.21,11.67,8,0.9,0.86,10,0
11/3/2007 6:00,31718.25,11.67,7.7,0.7,0.73,10,13
11/3/2007 7:00,31718.29,11.67,9.4,0.8,0.26,0,130
11/3/2007 8:00,31718.34,13.33,10,1,2.5,0,282
11/3/2007 9:00,31718.38,19.44,11.7,1.8,3.05,0.45,410
11/3/2007 10:00,31718.42,23.33,12.2,1.4,3.02,1.79,498
11/3/2007 11:00,31718.46,23.33,11.7,1.3,2.76,2.57,535
11/3/2007 12:00,31718.5,24.44,11,1.2,1.1,3.74,508
11/3/2007 13:00,31718.55,25.56,10.4,1.1,3.47,4.44,443
11/3/2007 14:00,31718.59,27.78,9.5,1.4,5.25,5.51,329
11/3/2007 15:00,31718.63,28.33,8.9,1.6,5.32,6.71,191
11/3/2007 16:00,31718.67,27.22,10,1.6,4.9,8.97,47
11/3/2007 17:00,31718.71,23.33,10.5,0.7,4.03,10,0
11/3/2007 18:00,31718.76,20,10.6,0.6,1.48,10,0
11/3/2007 19:00,31718.8,20,10,0.8,0.56,10,0
11/3/2007 20:00,31718.84,17.78,9.8,0.7,0.35,10,0
11/3/2007 21:00,31718.88,15.56,9.3,1,1.22,10,0
11/3/2007 22:00,31718.92,15,9,0.8,0.87,10,0
11/3/2007 23:00,31718.97,14.44,7.9,1,6.06,10,0
11/4/2007 0:00,31719,15,7.1,0.9,5.48,10,0
11/4/2007 1:00,31719.04,14.44,6.5,0.8,0.17,10,0
11/4/2007 2:00,31719.08,13.89,6.8,0.8,0.91,10,0
11/4/2007 3:00,31719.13,14.44,6.4,0.8,0.14,10,0
11/4/2007 4:00,31719.17,13.89,6.2,0.8,0.93,10,0
11/4/2007 5:00,31719.21,12.78,5.8,0.9,1.26,10,0
11/4/2007 6:00,31719.25,13.33,6.5,1,1.12,10,8
11/4/2007 7:00,31719.29,12.78,8.4,1.1,1.55,0,139
11/4/2007 8:00,31719.34,21.11,10,2.3,2.36,0,283
11/4/2007 9:00,31719.38,21.11,10.9,2,2.29,0,407
11/4/2007 10:00,31719.42,27.78,10.4,1.3,1.78,0,534
11/4/2007 11:00,31719.46,23.89,9.5,1.6,4.43,5.42,449
11/4/2007 12:00,31719.5,27.78,8.3,2,5.31,3.6,508
11/4/2007 13:00,31719.55,27.22,7.1,2.1,5.34,3.59,462
11/4/2007 14:00,31719.59,27.22,7.7,2,5.43,5.15,336
11/4/2007 15:00,31719.63,26.11,6.8,1.7,5.72,6.69,189
11/4/2007 16:00,31719.67,22.78,7.6,1.1,5.03,9,45
11/4/2007 17:00,31719.71,20,8.7,0.7,5.85,10,0
11/4/2007 18:00,31719.76,18.89,8.8,0.6,0.61,10,0
11/4/2007 19:00,31719.8,17.22,8.8,0.7,0.4,10,0
11/4/2007 20:00,31719.84,16.67,8.5,0.6,0.68,10,0
11/4/2007 21:00,31719.88,15.56,8,0.8,1.2,10,0
11/4/2007 22:00,31719.92,15,7.7,0.7,0.68,10,0
11/4/2007 23:00,31719.97,15,7.5,0.6,0.05,10,0
11/5/2007 0:00,31720,15,6.7,0.7,6.06,10,0
11/5/2007 1:00,31720.04,13.89,6.7,0.7,0.59,10,0
11/5/2007 2:00,31720.08,13.89,6.1,0.6,0.94,10,0
11/5/2007 3:00,31720.13,13.89,5.6,0.9,1.69,10,0
11/5/2007 4:00,31720.17,13.33,5.4,0.6,1.13,10,0
11/5/2007 5:00,31720.21,12.22,5.2,0.6,0.54,10,0
11/5/2007 6:00,31720.25,12.22,5.1,0.7,0.14,10,13
11/5/2007 7:00,31720.29,13.89,6.9,0.7,1.75,0,135
11/5/2007 8:00,31720.34,21.11,8.3,2.1,2.02,0,277
11/5/2007 9:00,31720.38,23.33,9.5,1.9,2.41,0.57,402
11/5/2007 10:00,31720.42,24.44,9.7,1.7,3.05,1.9,489
11/5/2007 11:00,31720.46,25.56,8.4,1.4,4.12,2.59,527
11/5/2007 12:00,31720.5,27.22,7.4,1.6,5.45,3.62,504
11/5/2007 13:00,31720.55,27.78,6.7,1.7,5.34,4.37,438
11/5/2007 14:00,31720.59,27.78,5.9,2.1,5.69,5.36,327
11/5/2007 15:00,31720.63,27.22,5.2,2.1,4.92,6.79,184
11/5/2007 16:00,31720.67,22.22,5.6,1.6,4.61,8.95,44
11/5/2007 17:00,31720.71,21.11,7.1,1,4.33,10,0
11/5/2007 18:00,31720.76,19.44,7.2,0.6,5.81,10,0
11/5/2007 19:00,31720.8,18.33,7.8,1.2,1.34,10,0
11/5/2007 20:00,31720.84,17.78,7.9,1.2,1.27,10,0
11/5/2007 21:00,31720.88,16.11,8,0.6,0.02,10,0
11/5/2007 22:00,31720.92,15,7.7,0.6,0.02,10,0
11/5/2007 23:00,31720.97,14.44,7.3,0.8,4.96,10,0
11/6/2007 0:00,31721,14.44,7.1,0.7,0.61,10,0
11/6/2007 1:00,31721.04,15,6.6,0.6,5.85,10,0
11/6/2007 2:00,31721.08,13.33,6.5,0.8,0.23,10,0
11/6/2007 3:00,31721.13,13.89,6.3,0.8,0.63,10,0
11/6/2007 4:00,31721.17,13.33,5.9,0.7,1.15,10,0
11/6/2007 5:00,31721.21,15.06,5.8,0.8,1.66,10,0
11/6/2007 6:00,31721.25,16.79,5.6,0.8,0.45,10,18
11/6/2007 7:00,31721.29,18.52,8,0.6,5.83,0,135
11/6/2007 8:00,31721.34,20.25,9.3,1.1,1.59,0,268
11/6/2007 9:00,31721.38,21.98,9.1,1.6,2.67,1.26,395
11/6/2007 10:00,31721.42,23.7,8.8,1.1,3.35,2.35,479
11/6/2007 11:00,31721.46,25.43,8.7,2,5.55,3.05,514
11/6/2007 12:00,31721.5,27.16,7.5,0.45,4.24,3.51,579
11/6/2007 13:00,31721.55,28.89,6,0.45,5.29,4.22,520
11/6/2007 14:00,31721.59,28.33,5.5,1.34,3.72,5.29,388
11/6/2007 15:00,31721.63,26.11,5.5,0.89,3.74,6.73,209
11/6/2007 16:00,31721.67,21.67,6.7,0.45,3.82,8.99,27
11/6/2007 17:00,31721.71,19.44,7.8,0.45,4.19,10,3
11/6/2007 18:00,31721.76,19.44,8.7,0.45,4.38,10,3
11/6/2007 19:00,31721.8,17.78,8.8,0.89,0.96,10,3
11/6/2007 20:00,31721.84,17.22,9,1.34,0.96,10,3
11/6/2007 21:00,31721.88,16.11,8.6,2.68,1.29,10,3
11/6/2007 22:00,31721.92,16.11,8.6,2.68,1.08,10,3
11/6/2007 23:00,31721.97,15,8.6,0.9,1.43,10,0
11/7/2007 0:00,31722,15,8,2.68,1.2,10,3
11/7/2007 1:00,31722.04,15,8.1,3.13,1.1,10,3
11/7/2007 2:00,31722.08,15,7.6,2.24,0.98,10,3
11/7/2007 3:00,31722.13,15.56,7.4,1.79,1.08,10,3
11/7/2007 4:00,31722.17,13.33,7.2,2.24,1.13,10,3
11/7/2007 5:00,31722.21,13.33,7,1.34,1.45,10,3
11/7/2007 6:00,31722.25,13.33,6.8,2.68,0.99,10,21
11/7/2007 7:00,31722.29,16.67,8.3,1.34,1.05,0,157
11/7/2007 8:00,31722.34,18.33,9.5,1.79,0.66,1.5,308
11/7/2007 9:00,31722.38,23.89,9.7,0.89,4.96,2.68,457
11/7/2007 10:00,31722.42,26.11,9.8,0.89,4.59,3.01,561
11/7/2007 11:00,31722.46,25,9.1,0.89,4.1,3.37,606
11/7/2007 12:00,31722.5,28.89,7.8,0.45,5.97,3.08,566
11/7/2007 13:00,31722.55,27.78,7.5,0.45,6.04,3.43,508
11/7/2007 14:00,31722.59,28.33,7.1,1.34,3.72,5.24,367
11/7/2007 15:00,31722.63,26.11,6.2,0.89,4.54,5.28,195
11/7/2007 16:00,31722.67,23.33,7.2,1.34,4.36,5.32,31
11/7/2007 17:00,31722.71,20.56,9.1,1.34,5.81,5.36,3
11/7/2007 18:00,31722.76,20,9.4,0.89,1.66,5.4,3
11/7/2007 19:00,31722.8,18.33,9.2,0.89,0.7,5.44,3
11/7/2007 20:00,31722.84,17.78,9.2,1.79,1.26,5.48,3
11/7/2007 21:00,31722.88,16.67,9.5,2.24,0.98,5.52,3
11/7/2007 22:00,31722.92,16.11,8.9,2.68,1.15,5.57,3
11/7/2007 23:00,31722.97,15,8.3,3.13,1.15,10,3
11/8/2007 0:00,31723,15,5.7,4.02,1.19,5.65,3
11/8/2007 1:00,31723.04,14.44,5.71,3.13,1.36,5.69,3
11/8/2007 2:00,31723.08,15.56,5.38,3.13,1.22,5.73,3
11/8/2007 3:00,31723.13,13.89,5.18,1.79,0.98,5.77,3
11/8/2007 4:00,31723.17,14.44,5.44,1.79,0.87,5.81,3
11/8/2007 5:00,31723.21,14.44,4.63,2.24,1.47,5.85,3
11/8/2007 6:00,31723.25,12.78,4.14,2.68,1.12,5.89,13
11/8/2007 7:00,31723.29,13.89,4.12,2.68,1.19,5.93,119
11/8/2007 8:00,31723.34,20.56,7.14,0.89,5.53,5.97,288
11/8/2007 9:00,31723.38,25,12.89,0.89,5.88,6.01,409
11/8/2007 10:00,31723.42,22.78,8.44,0.45,4.03,6.05,526
11/8/2007 11:00,31723.46,23.89,9.07,0.45,4.89,6.09,552
11/8/2007 12:00,31723.5,25.56,8.52,0.89,4.36,6.13,453
11/8/2007 13:00,31723.55,25,8.03,0.89,1.29,6.95,375
11/8/2007 14:00,31723.59,22.78,7.29,0.45,4.21,8.11,254
11/8/2007 15:00,31723.63,21.11,7.65,1.34,4.38,8.09,111
11/8/2007 16:00,31723.67,18.89,8.18,0.45,5.08,8.07,23
11/8/2007 17:00,31723.71,17.78,8.83,0.89,4.42,8.04,3
11/8/2007 18:00,31723.76,17.78,9.86,0.45,5.41,8.02,3
11/8/2007 19:00,31723.8,15.56,8.72,0.45,5.99,8,3
11/8/2007 20:00,31723.84,15.56,9.63,1.34,3.82,7.98,3
11/8/2007 21:00,31723.88,15.56,9.84,0.89,3.02,7.96,3
11/8/2007 22:00,31723.92,13.89,9.29,0.45,4.49,7.94,3
11/8/2007 23:00,31723.97,15.56,5.94,3.58,1.13,5.61,3
11/9/2007 0:00,31724,12.78,9.38,0.89,0.24,7.9,3
11/9/2007 1:00,31724.04,12.22,8.65,0.89,3.87,7.88,3
11/9/2007 2:00,31724.08,13.89,9.89,0.89,4.35,7.86,3
11/9/2007 3:00,31724.13,11.67,8.3,0.89,3.53,7.84,3
11/9/2007 4:00,31724.17,12.22,9.57,0.45,2.29,7.82,3
11/9/2007 5:00,31724.21,12.22,9.21,0.89,1.95,7.8,3
11/9/2007 6:00,31724.25,12.22,9.39,1.79,3.63,7.78,7
11/9/2007 7:00,31724.29,11.11,8.83,0.45,2.64,7.76,41
11/9/2007 8:00,31724.34,15,10.97,1.79,1.05,7.74,225
11/9/2007 9:00,31724.38,17.78,10.35,1.79,3.54,7.72,389
11/9/2007 10:00,31724.42,18.33,9.35,1.34,3.94,7.7,474
11/9/2007 11:00,31724.46,19.44,7.78,1.34,4.31,7.67,530
11/9/2007 12:00,31724.5,20,7.97,0.45,5.9,7.65,369
11/9/2007 13:00,31724.55,18.89,7.58,0.45,3.7,8.38,295
11/9/2007 14:00,31724.59,17.78,6.86,0.45,2.2,10,113
11/9/2007 15:00,31724.63,18.33,7.37,0.45,4.28,9.72,81
11/9/2007 16:00,31724.67,16.67,7.52,1.34,3.77,9.44,27
11/9/2007 17:00,31724.71,15.56,8.01,0.45,4.54,9.16,3
11/9/2007 18:00,31724.76,14.44,6.95,1.79,5.81,8.88,3
11/9/2007 19:00,31724.8,14.44,6.95,0.45,4.19,8.6,3
11/9/2007 20:00,31724.84,13.89,7.13,0.89,4.43,8.33,3
11/9/2007 21:00,31724.88,13.33,8.14,1.34,4.05,8.05,3
11/9/2007 22:00,31724.92,12.22,8.84,0.45,5.62,7.77,3
11/9/2007 23:00,31724.97,12.22,8.65,0.89,4.24,7.92,3
11/10/2007 0:00,31725,11.67,7.73,0.45,2.01,7.21,3
11/10/2007 1:00,31725.04,10.56,7.58,0.45,0.49,6.93,3
11/10/2007 2:00,31725.08,10,7.39,0.45,3.77,6.65,3
11/10/2007 3:00,31725.13,9.44,6.67,1.79,4.21,6.37,3
11/10/2007 4:00,31725.17,10,7.91,0.89,2.08,6.09,3
11/10/2007 5:00,31725.21,10,7.91,1.79,1.36,5.81,3
11/10/2007 6:00,31725.25,10,7.91,0.45,2.62,5.54,10
11/10/2007 7:00,31725.29,11.11,7.76,0.89,2.22,5.26,106
11/10/2007 8:00,31725.34,15.56,10.49,0.45,3.77,4.98,270
11/10/2007 9:00,31725.38,15.56,9.18,0.89,3.53,4.7,422
11/10/2007 10:00,31725.42,17.22,8.83,2.24,3.51,4.42,531
11/10/2007 11:00,31725.46,18.33,9.08,1.34,3.6,4.14,577
11/10/2007 12:00,31725.5,20,8.91,0.89,2.58,3.86,535
11/10/2007 13:00,31725.55,18.89,7.27,0.45,2.78,6.99,368
11/10/2007 14:00,31725.59,18.89,8.48,0.89,0.94,9.44,184
11/10/2007 15:00,31725.63,18.89,7.27,0.45,5.99,9.46,167
11/10/2007 16:00,31725.67,16.67,6.13,0.45,2.6,9.49,43
11/10/2007 17:00,31725.71,16.67,6.7,0.45,1.85,9.51,3
11/10/2007 18:00,31725.76,16.11,5.9,0.89,1.08,9.54,3
11/10/2007 19:00,31725.8,16.67,6.7,0.89,1.34,9.56,3
11/10/2007 20:00,31725.84,16.11,7.78,1.79,1.52,9.59,3
11/10/2007 21:00,31725.88,14.44,6.95,1.34,3.91,9.62,3
11/10/2007 22:00,31725.92,15,6.99,1.79,1.66,9.64,3
11/10/2007 23:00,31725.97,12.78,9.19,0.89,6,7.49,3
11/11/2007 0:00,31726,15,7.24,0.89,1.94,9.69,3
11/11/2007 1:00,31726.04,15,6.99,1.79,2.01,9.72,3
11/11/2007 2:00,31726.08,13.89,8.46,0.45,5.29,9.74,3
11/11/2007 3:00,31726.13,13.33,10.11,1.79,5.69,9.77,1
11/11/2007 4:00,31726.17,12.22,10.44,2.24,0.73,9.79,1
11/11/2007 5:00,31726.21,11.67,10.56,1.34,1.69,9.82,0
11/11/2007 6:00,31726.25,12.78,11.66,0.45,4.03,9.85,1
11/11/2007 7:00,31726.29,12.22,11.11,0.45,4.05,9.87,26
11/11/2007 8:00,31726.34,13.89,12.76,0.89,0.52,9.9,89
11/11/2007 9:00,31726.38,15.56,12.09,0.45,4.92,9.92,208
11/11/2007 10:00,31726.42,13.89,11.74,0.89,4.26,9.95,134
11/11/2007 11:00,31726.46,12.78,10.99,0.89,4.92,9.97,56
11/11/2007 12:00,31726.5,13.89,13.42,0.89,4.68,10,69
11/11/2007 13:00,31726.55,16.11,13.2,1.79,5.93,9.67,210
11/11/2007 14:00,31726.59,16.11,12.44,0.45,5.57,10,102
11/11/2007 15:00,31726.63,15,10.36,1.34,4.75,9.69,44
11/11/2007 16:00,31726.67,15,10.57,1.34,5.18,9.38,14
11/11/2007 17:00,31726.71,12.78,9.38,0.89,3.79,9.07,3
11/11/2007 18:00,31726.76,12.78,10.29,1.79,4.29,8.76,3
11/11/2007 19:00,31726.8,11.67,9.03,1.79,1.48,8.45,3
11/11/2007 20:00,31726.84,10.56,8.8,0.45,5.86,8.14,3
11/11/2007 21:00,31726.88,11.11,9.51,1.79,1.08,7.83,3
11/11/2007 22:00,31726.92,10.56,8.97,1.34,2.23,7.52,3
11/11/2007 23:00,31726.97,15,6.99,1.34,2.06,9.67,3
11/12/2007 0:00,31727,10.56,10.25,1.34,1.82,6.9,2
11/12/2007 1:00,31727.04,11.11,10.17,1.34,1.76,6.59,0
11/12/2007 2:00,31727.08,10.56,9.78,1.34,1.43,6.28,0
11/12/2007 3:00,31727.13,10,8.58,1.79,1.97,5.97,0
11/12/2007 4:00,31727.17,10,9.07,0.45,5.2,5.66,0
11/12/2007 5:00,31727.21,10,8.42,2.24,1.08,5.35,0
11/12/2007 6:00,31727.25,10,8.42,2.68,0.99,5.04,10
11/12/2007 7:00,31727.29,10.56,8.8,2.24,1.19,4.73,134
11/12/2007 8:00,31727.34,13.89,10.27,2.24,0.68,4.42,295
11/12/2007 9:00,31727.38,14.44,10.03,1.79,0.93,4.11,408
11/12/2007 10:00,31727.42,20,13.18,0.89,4.61,3.8,549
11/12/2007 11:00,31727.46,20,12.21,0.45,2.02,3.49,598
11/12/2007 12:00,31727.5,21.11,11.4,1.79,3.91,3.18,547
11/12/2007 13:00,31727.55,21.11,10.54,0.89,5.81,3.56,489
11/12/2007 14:00,31727.59,21.11,9.94,0.89,5.01,5.22,354
11/12/2007 15:00,31727.63,20.56,10.31,0.89,4.15,5.16,185
11/12/2007 16:00,31727.67,17.78,10.11,0.45,4.63,5.09,28
11/12/2007 17:00,31727.71,16.67,9.54,0.89,0.87,5.03,3
11/12/2007 18:00,31727.76,15.56,10.49,0.45,5.41,4.96,3
11/12/2007 19:00,31727.8,13.89,9.09,0.89,5.32,4.9,3
11/12/2007 20:00,31727.84,13.89,9.89,1.34,1.19,4.83,3
11/12/2007 21:00,31727.88,13.89,10.46,1.79,1.2,4.77,3
11/12/2007 22:00,31727.92,13.33,10.66,2.68,1.06,4.7,3
11/12/2007 23:00,31727.97,10.56,9.3,0.45,4.07,7.21,3
11/13/2007 0:00,31728,12.78,10.12,2.68,1.24,4.57,3
11/13/2007 1:00,31728.04,12.22,10.1,2.68,1.29,4.51,3
11/13/2007 2:00,31728.08,11.11,9.18,2.68,1.06,4.44,3
11/13/2007 3:00,31728.13,11.67,9.38,2.68,1.33,4.37,3
11/13/2007 4:00,31728.17,10.56,8.29,2.68,1.06,4.31,3
11/13/2007 5:00,31728.21,11.11,8.83,1.79,1.54,4.24,3
11/13/2007 6:00,31728.25,11.11,8.66,2.68,1.38,4.18,10
11/13/2007 7:00,31728.29,12.22,9.02,2.24,1.33,4.11,122
11/13/2007 8:00,31728.34,17.22,11.44,0.89,5.5,4.05,292
11/13/2007 9:00,31728.38,20,13.18,0.89,0.63,3.98,433
11/13/2007 10:00,31728.42,23.33,13.76,0.89,5.36,3.92,532
11/13/2007 11:00,31728.46,21.67,10.75,2.68,3.75,3.85,569
11/13/2007 12:00,31728.5,22.78,11.16,0.45,4.21,3.79,528
11/13/2007 13:00,31728.55,23.33,10.7,0.89,4.07,4.09,472
11/13/2007 14:00,31728.59,23.89,11.21,0.89,4.29,5.38,347
11/13/2007 15:00,31728.63,22.22,10.01,0.89,4.01,5.31,187
11/13/2007 16:00,31728.67,19.44,9.28,0.45,4.49,5.25,30
11/13/2007 17:00,31728.71,17.22,9.83,0.89,3.61,5.19,3
11/13/2007 18:00,31728.76,16.67,9.78,0.45,2.09,5.12,3
11/13/2007 19:00,31728.8,16.11,9.71,0.89,2.04,5.06,3
11/13/2007 20:00,31728.84,15.56,10.7,2.68,1.06,5,3
11/13/2007 21:00,31728.88,13.89,9.49,2.24,1.19,4.94,3
11/13/2007 22:00,31728.92,13.33,9.54,2.68,1.31,4.87,3
11/13/2007 23:00,31728.97,12.22,9.57,3.13,1.38,4.64,3
11/14/2007 0:00,31729,12.22,9.39,2.24,1.03,4.75,3
11/14/2007 1:00,31729.04,12.22,9.57,3.13,1.27,4.68,3
11/14/2007 2:00,31729.08,12.78,9.93,3.58,1.31,4.62,3
11/14/2007 3:00,31729.13,11.67,9.03,2.68,1.22,4.56,3
11/14/2007 4:00,31729.17,12.22,10.1,2.24,0.91,4.49,3
11/14/2007 5:00,31729.21,11.67,9.2,2.24,1.17,4.43,3
11/14/2007 6:00,31729.25,12.78,9.93,2.68,1.15,4.37,5
11/14/2007 7:00,31729.29,12.78,9.38,2.24,1.38,4.31,53
11/14/2007 8:00,31729.34,15,10.36,2.68,0.89,4.24,251
11/14/2007 9:00,31729.38,18.89,12.36,0.45,5.6,4.18,409
11/14/2007 10:00,31729.42,22.78,12.67,0.89,2.09,4.12,516
11/14/2007 11:00,31729.46,21.67,11.92,0.45,2.29,4.05,561
11/14/2007 12:00,31729.5,23.33,12.6,0.45,5.55,3.99,519
11/14/2007 13:00,31729.55,22.78,11.47,0.45,5.32,4.34,462
11/14/2007 14:00,31729.59,22.78,11.47,0.45,4.22,5.75,333
11/14/2007 15:00,31729.63,22.22,11.57,0,1.5,5.63,176
11/14/2007 16:00,31729.67,20,11.7,0.45,4.03,5.51,32
11/14/2007 17:00,31729.71,17.78,11.98,0.45,4.54,5.39,3
11/14/2007 18:00,31729.76,15.56,12.28,0.89,5.78,5.28,3
11/14/2007 19:00,31729.8,16.11,11.44,1.34,0.52,5.16,3
11/14/2007 20:00,31729.84,15,10.97,1.79,0.86,5.04,3
11/14/2007 21:00,31729.88,15,11.55,2.68,1.08,4.92,3
11/14/2007 22:00,31729.92,14.44,11.38,3.13,1.15,4.8,3
11/14/2007 23:00,31729.97,12.78,9.38,2.68,1.22,4.81,3
11/15/2007 0:00,31730,12.78,10.12,2.68,1.15,4.56,3
11/15/2007 1:00,31730.04,13.33,10.84,2.68,1.38,4.44,3
11/15/2007 2:00,31730.08,12.22,9.75,1.79,0.98,4.32,3
11/15/2007 3:00,31730.13,12.22,9.21,1.79,1.17,4.2,3
11/15/2007 4:00,31730.17,12.78,9.75,2.24,0.7,4.09,3
11/15/2007 5:00,31730.21,12.22,9.75,2.68,1.12,3.97,3
11/15/2007 6:00,31730.25,11.67,9.03,1.34,0.82,3.85,8
11/15/2007 7:00,31730.29,13.33,9.92,1.79,0.75,3.73,118
11/15/2007 8:00,31730.34,18.89,13.48,0.89,5.48,3.61,280
11/15/2007 9:00,31730.38,21.11,12.75,0.45,3,3.49,405
11/15/2007 10:00,31730.42,22.22,12.44,0.45,3.86,3.37,489
11/15/2007 11:00,31730.46,23.33,11.67,0.89,4.56,3.25,497
11/15/2007 12:00,31730.5,26.67,12.32,0.45,5.92,3.13,539
11/15/2007 13:00,31730.55,28.33,13.83,0.89,5.2,3.65,478
11/15/2007 14:00,31730.59,27.22,10.44,0.45,5.34,5.1,350
11/15/2007 15:00,31730.63,26.11,10.28,0.45,3.75,5.29,181
11/15/2007 16:00,31730.67,22.22,10.65,0.45,4.54,5.48,33
11/15/2007 17:00,31730.71,20,10.64,0.45,4.76,5.68,3
11/15/2007 18:00,31730.76,18.33,9.08,0.45,5.22,5.87,3
11/15/2007 19:00,31730.8,17.78,10.59,1.79,6.27,6.06,3
11/15/2007 20:00,31730.84,17.22,11.44,1.34,1.43,6.25,3
11/15/2007 21:00,31730.88,17.22,9.83,0.89,4,6.44,3
11/15/2007 22:00,31730.92,14.44,9.42,0.45,0.52,6.64,3
11/15/2007 23:00,31730.97,14.44,11.38,3.13,1.13,4.68,3
11/16/2007 0:00,31731,13.89,8.67,2.24,1.61,7.02,3
11/16/2007 1:00,31731.04,15,9.09,1.34,3.8,7.21,3
11/16/2007 2:00,31731.08,13.33,9.92,0.89,3.75,7.4,3
11/16/2007 3:00,31731.13,13.89,9.69,0.45,1.38,7.6,3
11/16/2007 4:00,31731.17,13.33,10.3,0.45,0.51,7.79,3
11/16/2007 5:00,31731.21,12.78,9,2.24,1.62,7.98,3
11/16/2007 6:00,31731.25,13.89,9.49,1.79,0.56,8.17,10
11/16/2007 7:00,31731.29,13.89,8.67,0.45,0.79,8.36,102
11/16/2007 8:00,31731.34,16.67,10.91,0.89,1.19,8.56,214
11/16/2007 9:00,31731.38,20.56,12.23,0.45,2.93,8.75,401
11/16/2007 10:00,31731.42,18.33,11.36,0.45,3.67,8.94,293
11/16/2007 11:00,31731.46,21.67,12.47,0.45,3.19,9.13,429
11/16/2007 12:00,31731.5,20,11.96,0.89,4.35,9.32,249
11/16/2007 13:00,31731.55,20.56,11.16,0.45,4.57,8.69,265
11/16/2007 14:00,31731.59,22.22,11.86,1.79,5.97,7.8,253
11/16/2007 15:00,31731.63,20,10.91,0.45,4.35,7.65,109
11/16/2007 16:00,31731.67,18.33,11.83,0.89,4.38,7.5,19
11/16/2007 17:00,31731.71,16.67,11.34,0.45,5.15,7.36,3
11/16/2007 18:00,31731.76,16.11,11.02,0.89,4.17,7.21,3
11/16/2007 19:00,31731.8,15.56,12.09,1.34,0.96,7.06,3
11/16/2007 20:00,31731.84,15.56,11.7,0.45,4.49,6.92,3
11/16/2007 21:00,31731.88,13.89,10.46,0.45,1.99,6.77,3
11/16/2007 22:00,31731.92,13.33,10.3,0.89,3.44,6.63,3
11/16/2007 23:00,31731.97,13.89,9.69,2.24,0.7,6.83,3
11/17/2007 0:00,31732,12.78,9.93,2.24,1.15,6.33,3
11/17/2007 1:00,31732.04,13.33,10.11,1.79,1.19,6.19,3
11/17/2007 2:00,31732.08,11.67,9.03,1.79,1.71,6.04,3
11/17/2007 3:00,31732.13,11.67,8.67,1.79,0.58,5.89,3
11/17/2007 4:00,31732.17,12.22,8.46,2.24,1.08,5.75,3
11/17/2007 5:00,31732.21,11.11,6.6,0.45,0.33,5.6,3
11/17/2007 6:00,31732.25,11.67,7.54,2.68,1.31,5.45,6
11/17/2007 7:00,31732.29,12.22,7.68,2.24,1.06,5.31,75
11/17/2007 8:00,31732.34,13.33,8.75,0.89,4.15,5.16,215
11/17/2007 9:00,31732.38,16.67,11.13,0.45,3.84,5.02,367
11/17/2007 10:00,31732.42,19.44,12.18,0.89,3.84,4.87,478
11/17/2007 11:00,31732.46,20,11.7,1.79,3.7,4.72,524
11/17/2007 12:00,31732.5,21.11,12.22,0.45,5.72,4.58,492
11/17/2007 13:00,31732.55,21.11,12.49,0.45,3.6,5.57,413
11/17/2007 14:00,31732.59,21.11,12.22,0.89,3.44,6.98,284
11/17/2007 15:00,31732.63,20,11.44,0.89,4.24,6.89,145
11/17/2007 16:00,31732.67,17.78,11.07,0.45,3.49,6.8,38
11/17/2007 17:00,31732.71,16.11,10.81,0.45,2.37,6.71,3
11/17/2007 18:00,31732.76,16.11,11.85,0.45,4.43,6.62,3
11/17/2007 19:00,31732.8,16.11,11.85,0.45,1.62,6.54,3
11/17/2007 20:00,31732.84,15,11.55,2.24,0.99,6.45,3
11/17/2007 21:00,31732.88,13.33,10.66,2.68,1.27,6.36,3
11/17/2007 22:00,31732.92,13.89,11.2,3.13,1.27,6.27,3
11/17/2007 23:00,31732.97,12.78,9.93,0.45,2.86,6.48,3
11/18/2007 0:00,31733,12.22,10.1,3.58,1.2,6.1,3
11/18/2007 1:00,31733.04,12.78,10.65,3.13,1.22,6.01,3
11/18/2007 2:00,31733.08,11.67,9.55,3.13,1.34,5.92,3
11/18/2007 3:00,31733.13,12.22,10.1,2.68,1.26,5.83,3
11/18/2007 4:00,31733.17,11.11,9.51,2.68,1.2,5.74,3
11/18/2007 5:00,31733.21,10.56,8.63,3.13,1.31,5.66,3
11/18/2007 6:00,31733.25,11.11,9.01,3.58,1.06,5.57,5
11/18/2007 7:00,31733.29,11.11,8.48,1.79,1.5,5.48,74
11/18/2007 8:00,31733.34,13.89,10.08,2.68,0.8,5.39,215
11/18/2007 9:00,31733.38,16.11,10.6,1.34,6.07,5.3,358
11/18/2007 10:00,31733.42,20.56,13.71,0.89,5.92,5.22,440
11/18/2007 11:00,31733.46,20.56,11.7,1.79,3.79,5.13,516
11/18/2007 12:00,31733.5,21.67,11.63,0.89,4.35,5.04,473
11/18/2007 13:00,31733.55,24.44,14.8,0,5.88,5.22,423
11/18/2007 14:00,31733.59,22.22,10.96,0.45,3.91,6.68,293
11/18/2007 15:00,31733.63,20.56,9.72,0.45,4.42,6.59,143
11/18/2007 16:00,31733.67,18.89,10.14,0.45,4.24,6.5,28
11/18/2007 17:00,31733.71,16.11,8.29,0.89,6.27,6.41,3
11/18/2007 18:00,31733.76,16.11,10.6,0.89,0.77,6.32,3
11/18/2007 19:00,31733.8,15.56,10.49,1.34,0.91,6.23,3
11/18/2007 20:00,31733.84,13.89,9.29,2.24,1.01,6.14,3
11/18/2007 21:00,31733.88,13.33,9.54,1.34,0.87,6.05,3
11/18/2007 22:00,31733.92,12.78,9.57,3.58,1.24,5.97,3
11/18/2007 23:00,31733.97,13.33,11.02,2.68,1.38,6.18,3
11/19/2007 0:00,31734,12.78,9.93,3.13,0.75,5.79,3
11/19/2007 1:00,31734.04,11.67,9.2,2.68,0.99,5.7,3
11/19/2007 2:00,31734.08,12.22,9.39,2.24,1.33,5.61,3
11/19/2007 3:00,31734.13,11.11,8.48,2.24,1.01,5.52,3
11/19/2007 4:00,31734.17,10.56,7.94,3.13,1.33,5.43,3
11/19/2007 5:00,31734.21,11.11,8.83,1.79,0.99,5.34,3
11/19/2007 6:00,31734.25,10,7.39,2.68,1.2,5.25,7
11/19/2007 7:00,31734.29,10.56,7.76,1.79,1.08,5.16,82
11/19/2007 8:00,31734.34,12.78,9.38,1.79,4.14,5.08,233
11/19/2007 9:00,31734.38,16.67,10.47,1.34,4,4.99,378
11/19/2007 10:00,31734.42,18.33,10.88,0.45,4.94,4.9,482
11/19/2007 11:00,31734.46,20.56,11.16,0.45,4.52,4.81,529
11/19/2007 12:00,31734.5,21.11,11.12,0.45,3.93,4.72,482
11/19/2007 13:00,31734.55,21.11,11.4,0.89,1.47,5.84,398
11/19/2007 14:00,31734.59,21.11,10.83,0.45,1.66,5.94,316
11/19/2007 15:00,31734.63,20,10.08,0.45,4.28,5.83,160
11/19/2007 16:00,31734.67,17.78,10.83,0.89,4.47,5.72,22
11/19/2007 17:00,31734.71,15.56,10.06,0.45,4.33,5.61,3
11/19/2007 18:00,31734.76,15.56,10.7,0.89,4.36,5.5,3
11/19/2007 19:00,31734.8,14.44,9.42,1.34,3.7,5.39,3
11/19/2007 20:00,31734.84,13.89,10.08,0.89,2.11,5.28,3
11/19/2007 21:00,31734.88,12.78,9.31,0.45,2.57,5.17,3
11/19/2007 22:00,31734.92,12.78,9.6,1.34,1.69,5.06,3
11/19/2007 23:00,31734.97,13.33,10.48,3.58,1.26,5.88,3
11/20/2007 0:00,31735,11.67,9.1,0.89,0.87,4.85,3
11/20/2007 1:00,31735.04,11.67,9.38,0.45,4.99,4.74,3
11/20/2007 2:00,31735.08,12.78,10.29,0.89,1.75,4.63,3
11/20/2007 3:00,31735.13,10.56,9.3,0.89,4.43,4.52,3
11/20/2007 4:00,31735.17,11.67,9.38,0.45,3.47,4.41,3
11/20/2007 5:00,31735.21,8.89,8.43,1.34,4.05,4.3,3
11/20/2007 6:00,31735.25,8.33,8.03,0.45,3.42,4.19,3
11/20/2007 7:00,31735.29,8.89,8.59,0.45,4.12,4.09,39
11/20/2007 8:00,31735.34,10.56,8.97,0.89,4.57,3.98,121
11/20/2007 9:00,31735.38,12.22,9.02,0.45,4.21,3.87,210
11/20/2007 10:00,31735.42,11.11,8.66,0.45,5.03,3.76,193
11/20/2007 11:00,31735.46,14.44,9.42,0.89,5.46,3.65,367
11/20/2007 12:00,31735.5,17.78,10.35,0.45,0.84,3.54,515
11/20/2007 13:00,31735.55,18.89,9.6,0.89,4.28,3.37,471
11/20/2007 14:00,31735.59,18.33,8.25,1.34,4.33,5.22,335
11/20/2007 15:00,31735.63,17.22,7.77,0.89,4.85,5.18,170
11/20/2007 16:00,31735.67,13.89,6.9,0.45,5.46,5.14,31
11/20/2007 17:00,31735.71,13.89,6.67,0.45,5.32,5.1,3
11/20/2007 18:00,31735.76,12.78,3.08,0.89,4.38,5.07,3
11/20/2007 19:00,31735.8,12.78,3.36,0.89,4.36,5.03,3
11/20/2007 20:00,31735.84,12.22,3.1,0.45,4.07,4.99,3
11/20/2007 21:00,31735.88,11.11,2.33,0,0.65,4.95,3
11/20/2007 22:00,31735.92,11.11,3.08,0.45,4.36,4.91,3
11/20/2007 23:00,31735.97,12.78,9.9,0.45,4.57,4.96,3
11/21/2007 0:00,31736,8.89,2.6,0.89,3.6,4.83,3
11/21/2007 1:00,31736.04,8.89,3.03,0.45,2.23,4.79,3
11/21/2007 2:00,31736.08,8.33,2.71,0.89,4.1,4.75,3
11/21/2007 3:00,31736.13,8.33,2.71,0.45,3.82,4.71,4
11/21/2007 4:00,31736.17,7.78,1.75,0.45,4.22,4.67,4
11/21/2007 5:00,31736.21,6.67,1.52,0.89,4,4.63,3
11/21/2007 6:00,31736.25,5.56,1.61,1.34,4.49,4.59,7
11/21/2007 7:00,31736.29,7.78,2.59,0.89,4.31,4.56,64
11/21/2007 8:00,31736.34,10.56,3.28,0.45,3.74,4.52,235
11/21/2007 9:00,31736.38,13.89,4.39,0.45,3.7,4.48,386
11/21/2007 10:00,31736.42,16.11,4.72,0.45,3.44,4.44,486
11/21/2007 11:00,31736.46,17.22,6.64,0.45,5.25,4.4,531
11/21/2007 12:00,31736.5,20,7.32,0.89,3.58,4.36,489
11/21/2007 13:00,31736.55,20.56,6.79,0.45,4.57,3.89,456
11/21/2007 14:00,31736.59,20.56,6.07,0.89,3.26,5.33,330
11/21/2007 15:00,31736.63,18.89,3.81,0.45,3.77,5.24,171
11/21/2007 16:00,31736.67,16.11,4.41,0.45,4.19,5.15,27
11/21/2007 17:00,31736.71,13.33,3.87,0,6.16,5.07,3
11/21/2007 18:00,31736.76,12.78,3.62,0.45,3.77,4.98,3
11/21/2007 19:00,31736.8,12.22,6.22,0.89,6.07,4.89,3
11/21/2007 20:00,31736.84,11.11,4.72,2.24,1.4,4.81,3
11/21/2007 21:00,31736.88,11.11,5.58,2.24,1.1,4.72,3
11/21/2007 22:00,31736.92,10,4.52,2.24,1.31,4.63,3
11/21/2007 23:00,31736.97,10,2.98,0.45,3.7,4.87,3
11/22/2007 0:00,31737,9.44,5.38,3.13,1.27,4.46,3
11/22/2007 1:00,31737.04,8.89,4.26,1.79,1.41,4.37,3
11/22/2007 2:00,31737.08,8.33,3.92,3.13,1.13,4.29,3
11/22/2007 3:00,31737.13,7.78,2.99,3.13,1.12,4.2,3
11/22/2007 4:00,31737.17,8.33,3.72,3.13,1.06,4.11,3
11/22/2007 5:00,31737.21,7.22,2.45,3.13,1.41,4.03,3
11/22/2007 6:00,31737.25,6.67,2.87,2.24,1.26,3.94,6
11/22/2007 7:00,31737.29,8.33,2.29,0.89,1.38,3.85,94
11/22/2007 8:00,31737.34,11.67,3.85,0.89,0.98,3.77,255
11/22/2007 9:00,31737.38,15.56,4.51,0.89,5.18,3.68,402
11/22/2007 10:00,31737.42,16.67,4.92,0.89,4.47,3.59,502
11/22/2007 11:00,31737.46,19.44,5.43,1.34,4.59,3.51,551
11/22/2007 12:00,31737.5,20.56,4.51,0.89,4.87,3.42,513
11/22/2007 13:00,31737.55,20.56,4.09,1.34,4.31,3.71,458
11/22/2007 14:00,31737.59,20,3.6,1.34,4.35,5.5,323
11/22/2007 15:00,31737.63,18.33,4.43,0.89,4.14,5.43,164
11/22/2007 16:00,31737.67,13.89,3.56,0.45,4.49,5.37,28
11/22/2007 17:00,31737.71,12.22,3.62,0.45,4.83,5.3,3
11/22/2007 18:00,31737.76,11.67,4.33,0.89,5.31,5.23,3
11/22/2007 19:00,31737.8,11.11,4.72,0.45,4.69,5.17,3
11/22/2007 20:00,31737.84,11.11,5.15,0.89,1.76,5.1,3
11/22/2007 21:00,31737.88,10,3.88,1.34,1.57,5.03,3
11/22/2007 22:00,31737.92,10,4.09,0.89,1.47,4.97,3
11/22/2007 23:00,31737.97,9.44,4.8,3.58,1.19,4.55,3
11/23/2007 0:00,31738,8.33,3.53,1.79,1.4,4.84,3
11/23/2007 1:00,31738.04,7.78,2.38,1.79,1.88,4.77,3
11/23/2007 2:00,31738.08,7.22,3.23,2.24,1.1,4.7,3
11/23/2007 3:00,31738.13,7.22,2.84,1.34,1.68,4.64,3
11/23/2007 4:00,31738.17,6.67,2.5,2.24,1.01,4.57,4
11/23/2007 5:00,31738.21,6.67,2.87,0.89,1.68,4.5,3
11/23/2007 6:00,31738.25,6.11,2.7,0.89,1.2,4.44,6
11/23/2007 7:00,31738.29,6.67,2.5,1.79,1.08,4.37,86
11/23/2007 8:00,31738.34,10,3.88,1.34,1.15,4.3,246
11/23/2007 9:00,31738.38,12.78,4.4,1.34,4.12,4.24,388
11/23/2007 10:00,31738.42,14.44,4.35,1.34,4.24,4.17,492
11/23/2007 11:00,31738.46,17.78,5.29,1.79,3.46,4.1,539
11/23/2007 12:00,31738.5,19.44,5.06,0.89,2.48,4.04,494
11/23/2007 13:00,31738.55,18.89,3.02,0.45,2.62,3.98,449
11/23/2007 14:00,31738.59,18.33,2.53,0.89,2.97,5.5,321
11/23/2007 15:00,31738.63,16.11,1.33,0.45,4.35,5.4,159
11/23/2007 16:00,31738.67,13.89,0.42,1.34,3.79,5.3,29
11/23/2007 17:00,31738.71,11.67,1.78,0.89,3.98,5.2,3
11/23/2007 18:00,31738.76,10.56,1.29,0.45,3.37,5.1,3
11/23/2007 19:00,31738.8,11.11,3.08,1.79,0.73,5,3
11/23/2007 20:00,31738.84,9.44,1.99,2.68,1.43,4.9,3
11/23/2007 21:00,31738.88,9.44,2.68,3.13,1.38,4.8,3
11/23/2007 22:00,31738.92,8.89,2.15,3.13,1.13,4.7,3
11/23/2007 23:00,31738.97,8.33,2.71,0.45,4.07,4.9,3
11/24/2007 0:00,31739,7.78,1.75,4.47,1.17,4.5,3
11/24/2007 1:00,31739.04,7.78,1.75,3.58,1.45,4.4,3
11/24/2007 2:00,31739.08,7.78,2.79,2.24,1.08,4.3,3
11/24/2007 3:00,31739.13,6.67,1.52,1.34,1.26,4.2,4
11/24/2007 4:00,31739.17,6.11,1.77,3.13,1.13,4.1,3
11/24/2007 5:00,31739.21,6.11,1.77,4.02,1.15,4,3
11/24/2007 6:00,31739.25,6.11,0.99,2.68,1.41,3.9,5
11/24/2007 7:00,31739.29,6.67,1.52,3.58,1.12,3.8,83
11/24/2007 8:00,31739.34,8.89,2.15,2.68,0.94,3.7,244
11/24/2007 9:00,31739.38,11.67,2.85,2.24,0.87,3.6,395
11/24/2007 10:00,31739.42,17.78,3.2,0.45,4.15,3.5,506
11/24/2007 11:00,31739.46,19.44,3.52,0.45,4.26,3.4,547
11/24/2007 12:00,31739.5,18.89,3.02,0.45,4.31,3.3,511
11/24/2007 13:00,31739.55,20,2.74,0.45,4.5,3.04,468
11/24/2007 14:00,31739.59,18.89,3.02,0.45,3.77,7.16,265
11/24/2007 15:00,31739.63,16.11,2.77,0.45,3.8,7.18,114
11/24/2007 16:00,31739.67,14.44,2.25,0.45,4.43,7.19,18
11/24/2007 17:00,31739.71,12.78,1.66,0.45,5.69,7.21,3
11/24/2007 18:00,31739.76,13.33,5.9,0.89,0.24,7.23,3
11/24/2007 19:00,31739.8,11.67,2.32,2.68,1.31,7.25,3
11/24/2007 20:00,31739.84,10.56,2.56,2.24,1.31,7.27,3
11/24/2007 21:00,31739.88,10,2.75,3.13,0.89,7.29,3
11/24/2007 22:00,31739.92,10,2.28,2.24,1.38,7.31,3
11/24/2007 23:00,31739.97,7.78,1.54,3.13,1.41,4.6,3
11/25/2007 0:00,31740,8.89,2.15,3.13,1.01,7.35,3
11/25/2007 1:00,31740.04,8.89,1.93,3.13,1.26,7.37,3
11/25/2007 2:00,31740.08,8.89,1.23,3.13,1.33,7.39,3
11/25/2007 3:00,31740.13,9.44,1.99,3.58,1.05,7.41,3
11/25/2007 4:00,31740.17,9.44,1.99,1.79,1.4,7.43,3
11/25/2007 5:00,31740.21,8.89,1.47,3.13,0.94,7.45,3
11/25/2007 6:00,31740.25,8.89,0.99,3.13,1.1,7.46,4
11/25/2007 7:00,31740.29,8.33,-0.02,2.24,1.19,7.48,53
11/25/2007 8:00,31740.34,10.56,0.75,3.58,1.31,7.5,97
11/25/2007 9:00,31740.38,13.33,1.86,0.45,3.96,7.52,207
11/25/2007 10:00,31740.42,15.56,2.27,1.79,3.51,7.54,294
11/25/2007 11:00,31740.46,17.78,2.43,0.45,2.71,7.56,397
11/25/2007 12:00,31740.5,17.22,2.32,1.34,3.42,7.58,343
11/25/2007 13:00,31740.55,17.22,1.54,0.89,4.43,8.75,249
11/25/2007 14:00,31740.59,17.22,-0.14,0.45,5.5,8.6,205
11/25/2007 15:00,31740.63,15.56,0.06,0.45,4.24,8.21,91
11/25/2007 16:00,31740.67,13.89,-0.29,0.45,4.29,7.82,18
11/25/2007 17:00,31740.71,13.33,-0.44,0.89,4.4,7.43,3
11/25/2007 18:00,31740.76,11.11,0.42,0.45,4.45,7.04,3
11/25/2007 19:00,31740.8,10.56,0.75,0.45,4.28,6.65,3
11/25/2007 20:00,31740.84,10,1.03,1.79,1.68,6.26,3
11/25/2007 21:00,31740.88,10,2.04,1.79,0.68,5.86,3
11/25/2007 22:00,31740.92,10,1.79,1.34,1.38,5.47,3
11/25/2007 23:00,31740.97,10,2.75,2.24,0.91,7.33,3
11/26/2007 0:00,31741,8.33,1.4,2.68,1.13,4.69,3
11/26/2007 1:00,31741.04,8.89,1.47,1.79,1.47,4.3,3
11/26/2007 2:00,31741.08,7.78,1.1,1.34,0.75,3.91,3
11/26/2007 3:00,31741.13,6.67,0.48,2.24,1.15,3.52,3
11/26/2007 4:00,31741.17,6.11,0.37,2.68,1.26,3.13,3
11/26/2007 5:00,31741.21,6.11,0.16,3.58,1.1,2.74,3
11/26/2007 6:00,31741.25,6.11,-0.48,3.58,1.31,2.35,5
11/26/2007 7:00,31741.29,7.22,-0.82,3.58,1.24,1.95,80
11/26/2007 8:00,31741.34,10.56,-0.1,3.13,1.12,1.56,235
11/26/2007 9:00,31741.38,14.44,0.92,0.89,3.25,1.17,446
11/26/2007 10:00,31741.42,17.22,3.06,0.45,2.74,0.78,529
11/26/2007 11:00,31741.46,20,4.41,0.45,5.6,0.39,551
11/26/2007 12:00,31741.5,20,2.74,0.45,3.56,0,548
11/26/2007 13:00,31741.55,19.44,2.25,0.45,2.37,3.5,454
11/26/2007 14:00,31741.59,20,0.88,1.34,5.92,5.41,318
11/26/2007 15:00,31741.63,18.89,1.32,0.45,3.94,5.3,160
11/26/2007 16:00,31741.67,15.56,0.45,0.45,3.68,5.19,22
11/26/2007 17:00,31741.71,14.56,0.67,1.07,3.17,5.07,18.2
11/26/2007 18:00,31741.76,13.56,0.89,1.7,2.66,4.96,14.4
11/26/2007 19:00,31741.8,12.56,1.11,2.32,2.14,4.85,10.6
11/26/2007 20:00,31741.84,11.56,1.33,2.95,1.63,4.74,6.8
11/26/2007 21:00,31741.88,10.56,1.55,3.58,1.12,4.63,3
11/26/2007 22:00,31741.92,10,1.54,2.24,0.96,4.52,3
11/26/2007 23:00,31741.97,10,2.28,1.79,0.79,5.08,3
11/27/2007 0:00,31742,8.33,0.47,2.68,1.01,4.29,3
11/27/2007 1:00,31742.04,7.78,0.18,3.13,1.27,4.18,3
11/27/2007 2:00,31742.08,7.78,1.54,4.02,1.05,4.07,3
11/27/2007 3:00,31742.13,7.78,-1.56,1.79,6.18,3.96,3
11/27/2007 4:00,31742.17,7.78,-1.04,0.89,2.57,3.85,4
11/27/2007 5:00,31742.21,7.78,0.65,2.24,2.01,3.73,4
11/27/2007 6:00,31742.25,8.33,1.17,2.68,0.94,3.62,5
11/27/2007 7:00,31742.29,7.78,1.1,2.24,0.89,3.51,65
11/27/2007 8:00,31742.34,10.56,1.29,2.24,0.52,3.4,207
11/27/2007 9:00,31742.38,12.22,0.54,0.89,1.57,3.29,252
11/27/2007 10:00,31742.42,17.78,2.04,1.34,4.24,3.18,310
11/27/2007 11:00,31742.46,18.33,0.83,0.45,4.14,3.06,535
11/27/2007 12:00,31742.5,19.44,1.81,2.24,3.63,2.95,512
11/27/2007 13:00,31742.55,18.89,1.76,1.34,4.97,6.81,343
11/27/2007 14:00,31742.59,19.44,1.35,0.89,4.33,5.49,314
11/27/2007 15:00,31742.63,16.67,-0.19,0.89,4.64,5.46,161
11/27/2007 16:00,31742.67,13.89,1.75,0.45,5.15,5.43,26
11/27/2007 17:00,31742.71,12.78,3.08,0.89,3.79,5.39,3
11/27/2007 18:00,31742.76,12.22,3.37,0.45,3.98,5.36,3
11/27/2007 19:00,31742.8,10.56,2.31,0.89,3.28,5.33,3
11/27/2007 20:00,31742.84,10,2.28,0.89,2.5,5.3,3
11/27/2007 21:00,31742.88,10.56,2.06,1.79,1.68,5.27,3
11/27/2007 22:00,31742.92,8.89,2.82,2.24,0.89,5.23,3
11/27/2007 23:00,31742.97,8.89,1.47,3.58,1.13,4.4,3
11/28/2007 0:00,31743,7.78,2.59,1.79,1.13,5.17,3
11/28/2007 1:00,31743.04,8.33,2.92,2.68,0.61,5.14,3
11/28/2007 2:00,31743.08,7.78,2.38,3.13,1.36,5.11,3
11/28/2007 3:00,31743.13,7.22,1.01,0.45,4.28,5.08,4
11/28/2007 4:00,31743.17,6.11,0.79,0.45,1.06,5.04,4
11/28/2007 5:00,31743.21,6.67,3.42,0.89,0.07,5.01,4
11/28/2007 6:00,31743.25,6.11,1.19,0.89,1.76,4.98,4
11/28/2007 7:00,31743.29,6.11,0.99,1.79,1.4,4.95,48
11/28/2007 8:00,31743.34,8.33,2.29,0.45,0.23,4.92,191
11/28/2007 9:00,31743.38,13.89,3.56,0.45,2.79,4.88,329
11/28/2007 10:00,31743.42,16.67,3.62,0.45,1.57,4.85,441
11/28/2007 11:00,31743.46,15.56,1.92,0.89,2.32,4.82,489
11/28/2007 12:00,31743.5,18.33,3.69,0.89,1.55,4.79,460
11/28/2007 13:00,31743.55,18.89,2.2,1.79,3.58,4.82,415
11/28/2007 14:00,31743.59,18.89,3.81,0.45,4.07,6.18,292
11/28/2007 15:00,31743.63,17.22,3.42,0.45,4.52,6.11,146
11/28/2007 16:00,31743.67,13.89,3.84,0.89,5.71,6.04,26
11/28/2007 17:00,31743.71,11.67,2.05,1.34,4.31,5.97,3
11/28/2007 18:00,31743.76,11.11,2.83,1.34,0,5.9,3
11/28/2007 19:00,31743.8,11.11,2.83,1.34,3.42,5.83,3
11/28/2007 20:00,31743.84,7.78,1.97,1.34,2.2,5.76,3
11/28/2007 21:00,31743.88,8.33,1.4,1.79,2.04,5.69,3
11/28/2007 22:00,31743.92,8.89,3.45,2.68,1.33,5.62,3
11/28/2007 23:00,31743.97,8.89,2.82,0.89,1.47,5.2,4
11/29/2007 0:00,31744,7.78,1.97,4.02,1.08,5.48,3
11/29/2007 1:00,31744.04,9.44,2.45,3.58,1.41,5.41,3
11/29/2007 2:00,31744.08,8.89,2.15,3.58,1.41,5.34,3
11/29/2007 3:00,31744.13,8.33,1.85,2.24,1.1,5.27,3
11/29/2007 4:00,31744.17,8.33,1.63,2.24,0.98,5.2,3
11/29/2007 5:00,31744.21,7.22,0.12,3.13,1.1,5.13,3
11/29/2007 6:00,31744.25,7.22,0.57,1.79,1.12,5.06,5
11/29/2007 7:00,31744.29,7.22,0.79,0.89,1.97,4.99,58
11/29/2007 8:00,31744.34,8.89,0.75,1.79,1.2,4.92,216
11/29/2007 9:00,31744.38,13.33,3.32,0.45,4.59,4.85,361
11/29/2007 10:00,31744.42,17.22,5.43,0,6.25,4.78,477
11/29/2007 11:00,31744.46,17.78,3.93,0.89,4.49,4.71,518
11/29/2007 12:00,31744.5,18.89,3.42,0.89,5.29,4.64,463
11/29/2007 13:00,31744.55,19.44,2.69,0.89,4.05,4.89,411
11/29/2007 14:00,31744.59,18.33,2.12,1.34,3.96,6.13,292
11/29/2007 15:00,31744.63,17.78,2.43,0.45,0.93,6.31,142
11/29/2007 16:00,31744.67,14.44,2.25,0.45,4.07,6.48,21
11/29/2007 17:00,31744.71,11.67,0.33,1.34,0,6.65,3
11/29/2007 18:00,31744.76,12.78,4.65,1.34,0.52,6.82,3
11/29/2007 19:00,31744.8,12.22,2.57,0.89,1.97,7,3
11/29/2007 20:00,31744.84,11.11,2.33,0.45,0.47,7.17,3
11/29/2007 21:00,31744.88,10,3.21,2.24,1.13,7.34,3
11/29/2007 22:00,31744.92,8.89,2.15,3.13,1.22,7.52,3
11/29/2007 23:00,31744.97,7.78,2.59,2.24,0.79,5.55,3
11/30/2007 0:00,31745,7.22,1.65,1.79,3.6,7.86,3
11/30/2007 1:00,31745.04,8.33,1.17,2.24,0.96,8.04,3
11/30/2007 2:00,31745.08,8.89,2.15,1.34,1.22,8.21,3
11/30/2007 3:00,31745.13,8.89,1.93,2.24,0.91,8.38,3
11/30/2007 4:00,31745.17,7.78,1.97,1.34,0.61,8.55,3
11/30/2007 5:00,31745.21,7.22,1.01,0.89,0,8.73,4
11/30/2007 6:00,31745.25,7.78,1.32,0.45,5.52,8.9,4
11/30/2007 7:00,31745.29,8.89,2.82,0.45,0.84,9.07,50
11/30/2007 8:00,31745.34,7.22,2.45,0.89,4.45,9.25,84
11/30/2007 9:00,31745.38,9.44,2.91,1.79,0.86,9.42,147
11/30/2007 10:00,31745.42,12.22,2.29,1.34,4.42,9.59,241
11/30/2007 11:00,31745.46,9.44,-1.12,0.89,4.4,9.77,184
11/30/2007 12:00,31745.5,10.56,-0.99,2.24,4.05,9.94,192
11/30/2007 13:00,31745.55,11.67,-0.92,1.79,4.92,8.5,257
11/30/2007 14:00,31745.59,12.78,-1.29,1.79,5.22,9.6,154
11/30/2007 15:00,31745.63,11.67,-4.6,2.24,5.45,9.33,81
11/30/2007 16:00,31745.67,10.56,-4.77,0.45,2.69,9.05,34
11/30/2007 17:00,31745.71,9.44,-4.64,0.89,4.94,8.77,3
11/30/2007 18:00,31745.76,7.78,-4.77,0.45,4.35,8.49,3
11/30/2007 19:00,31745.8,7.78,-4.45,0.45,4.12,8.21,3
11/30/2007 20:00,31745.84,7.22,-4.34,1.34,3.49,7.94,4
11/30/2007 21:00,31745.88,5,-4.67,0.89,3.87,7.66,4
11/30/2007 22:00,31745.92,3.89,-2.38,1.79,1.64,7.38,4
11/30/2007 23:00,31745.97,9.44,1.51,2.24,1.13,7.69,3
12/1/2007 0:00,31746,4.44,-0.42,2.68,1.38,6.82,4
12/1/2007 1:00,31746.04,2.22,-1.62,0.89,2.06,6.55,4
12/1/2007 2:00,31746.08,2.78,-0.9,0.89,1.54,6.27,4
12/1/2007 3:00,31746.13,2.78,0.31,3.13,1.29,5.99,4
12/1/2007 4:00,31746.17,2.78,-0.37,1.79,1.5,5.71,4
12/1/2007 5:00,31746.21,3.33,-0.73,2.24,1.19,5.44,4
12/1/2007 6:00,31746.25,2.78,-0.2,1.34,1.31,5.16,5
12/1/2007 7:00,31746.29,2.78,-1.08,2.24,1.15,4.88,82
12/1/2007 8:00,31746.34,5,-0.28,2.24,1.06,4.6,223
12/1/2007 9:00,31746.38,10.56,1.02,0.89,0.52,4.32,381
12/1/2007 10:00,31746.42,15,1.76,0.45,3.14,4.05,488
12/1/2007 11:00,31746.46,15,1.06,1.79,6.02,3.77,540
12/1/2007 12:00,31746.5,15,-1.66,0.89,2.48,3.49,492
12/1/2007 13:00,31746.55,13.33,-3.13,1.79,3.72,3.33,448
12/1/2007 14:00,31746.59,13.89,-3.51,0.89,4.07,4.98,321
12/1/2007 15:00,31746.63,11.67,-5.02,1.79,3.77,4.92,169
12/1/2007 16:00,31746.67,8.89,-5.14,0.45,3.47,4.85,26
12/1/2007 17:00,31746.71,8.33,-5.63,0.89,2.11,4.79,3
12/1/2007 18:00,31746.76,7.78,-4.14,1.79,1.27,4.73,3
12/1/2007 19:00,31746.8,7.78,-2.94,3.13,1.08,4.66,3
12/1/2007 20:00,31746.84,6.11,-2.85,3.13,0.98,4.6,4
12/1/2007 21:00,31746.88,5.56,-3.12,2.68,1.1,4.54,3
12/1/2007 22:00,31746.92,6.11,-2.6,3.58,1.27,4.47,3
12/1/2007 23:00,31746.97,3.33,-4.71,0.45,2.08,7.1,4
12/2/2007 0:00,31747,5,-3.89,3.13,0.93,4.34,3
12/2/2007 1:00,31747.04,5,-4.14,3.13,1.12,4.28,3
12/2/2007 2:00,31747.08,5,-3.89,3.58,1.06,4.22,3
12/2/2007 3:00,31747.13,5.56,-3.63,3.58,1.38,4.15,3
12/2/2007 4:00,31747.17,5,-5.21,3.58,1.22,4.09,3
12/2/2007 5:00,31747.21,5,-5.78,4.02,1.29,4.03,3
12/2/2007 6:00,31747.25,4.44,-4.66,3.13,0.93,3.96,6
12/2/2007 7:00,31747.29,5,-4.94,3.58,1.13,3.9,64
12/2/2007 8:00,31747.34,7.78,-4.45,3.13,0.86,3.84,202
12/2/2007 9:00,31747.38,11.67,-5.89,1.34,2.22,3.77,226
12/2/2007 10:00,31747.42,12.78,-5.87,0.89,2.39,3.71,280
12/2/2007 11:00,31747.46,15.56,-3.47,1.34,4.29,3.65,491
12/2/2007 12:00,31747.5,15.56,-3.47,0.89,3.65,3.58,488
12/2/2007 13:00,31747.55,17.22,-4.76,0.45,5.2,3.24,448
12/2/2007 14:00,31747.59,15.56,-5.03,2.24,3.35,4.54,330
12/2/2007 15:00,31747.63,16.11,-2.99,0.45,2.84,4.45,174
12/2/2007 16:00,31747.67,12.22,-4.53,0.45,5.74,4.37,28
12/2/2007 17:00,31747.71,12.22,-4.11,1.34,0.91,4.29,3
12/2/2007 18:00,31747.76,11.11,-2.44,1.79,1.1,4.21,3
12/2/2007 19:00,31747.8,10,-3.44,3.13,1.27,4.12,3
12/2/2007 20:00,31747.84,8.33,-4.6,2.68,1.34,4.04,3
12/2/2007 21:00,31747.88,8.89,-4.78,2.68,0.86,3.96,3
12/2/2007 22:00,31747.92,7.22,-5.6,3.13,1.31,3.88,3
12/2/2007 23:00,31747.97,5,-3.14,3.58,0.96,4.41,3
12/3/2007 0:00,31748,7.78,-5.44,4.92,0.94,3.71,3
12/3/2007 1:00,31748.04,6.67,-6.78,4.92,1.17,3.63,3
12/3/2007 2:00,31748.08,7.22,-6.63,4.92,1.01,3.55,3
12/3/2007 3:00,31748.13,6.11,-7.62,4.92,0.96,3.47,3
12/3/2007 4:00,31748.17,5.56,-7.11,4.47,1.19,3.38,3
12/3/2007 5:00,31748.21,5.56,-7.44,3.58,1.05,3.3,3
12/3/2007 6:00,31748.25,5.56,-7.44,3.58,0.96,3.22,4
12/3/2007 7:00,31748.29,7.78,-8.85,1.79,1.15,3.14,79
12/3/2007 8:00,31748.34,10.56,-6.86,1.34,1.13,3.05,246
12/3/2007 9:00,31748.38,13.89,-4.43,1.79,0.63,2.97,394
12/3/2007 10:00,31748.42,18.89,-4.62,1.34,3.79,2.89,492
12/3/2007 11:00,31748.46,20.56,-3.23,0.45,2.67,2.81,542
12/3/2007 12:00,31748.5,23.33,-0.9,0.45,5.53,2.72,505
12/3/2007 13:00,31748.55,21.67,-2.3,0.45,4.99,2.41,461
12/3/2007 14:00,31748.59,22.78,-2.06,0.89,4.36,4.19,336
12/3/2007 15:00,31748.63,20.56,-3.23,0.45,4.54,4.2,163
12/3/2007 16:00,31748.67,16.11,-3.49,0.89,4.28,4.21,31
12/3/2007 17:00,31748.71,13.33,-2.31,0.45,5.86,4.22,3
12/3/2007 18:00,31748.76,13.33,-1.53,0.89,5.57,4.23,3
12/3/2007 19:00,31748.8,11.67,-2.29,2.68,0.79,4.24,3
12/3/2007 20:00,31748.84,11.67,-1.59,0.89,0.31,4.25,3
12/3/2007 21:00,31748.88,10.56,-1.93,3.13,0.99,4.26,3
12/3/2007 22:00,31748.92,11.11,-2.79,2.24,1.12,4.27,3
12/3/2007 23:00,31748.97,8.33,-5.63,4.92,1.1,3.79,3
12/4/2007 0:00,31749,8.89,-2.51,2.68,1.15,4.29,3
12/4/2007 1:00,31749.04,9.44,-5.37,0.45,3.89,4.3,3
12/4/2007 2:00,31749.08,7.78,-4.45,2.68,1.1,4.31,3
12/4/2007 3:00,31749.13,8.89,-4.78,4.02,0.94,4.32,3
12/4/2007 4:00,31749.17,8.33,-4.6,3.58,1.15,4.33,3
12/4/2007 5:00,31749.21,8.89,-5.14,1.34,0.86,4.34,3
12/4/2007 6:00,31749.25,7.22,-5.94,2.24,1.26,4.35,4
12/4/2007 7:00,31749.29,8.89,-6.25,1.34,1.27,4.36,76
12/4/2007 8:00,31749.34,11.11,-4.68,1.34,0.61,4.37,249
12/4/2007 9:00,31749.38,16.11,-1.12,0.45,0.1,4.38,377
12/4/2007 10:00,31749.42,18.89,-2.19,1.34,4.19,4.39,414
12/4/2007 11:00,31749.46,20.56,0.33,1.79,3.87,4.4,473
12/4/2007 12:00,31749.5,22.22,2.29,0.45,5.06,4.41,462
12/4/2007 13:00,31749.55,22.22,1.22,1.34,4.33,3.61,437
12/4/2007 14:00,31749.59,21.11,1.33,0.45,4.19,5.94,291
12/4/2007 15:00,31749.63,18.33,1.7,0.89,4.43,5.88,94
12/4/2007 16:00,31749.67,15.56,-1.17,0.89,3.96,5.81,16
12/4/2007 17:00,31749.71,14.44,2.88,0.45,4.59,5.74,3
12/4/2007 18:00,31749.76,13.33,4.92,0.45,4.47,5.67,3
12/4/2007 19:00,31749.8,12.78,5.85,0.89,4.57,5.61,3
12/4/2007 20:00,31749.84,12.22,7.48,0.45,4.07,5.54,3
12/4/2007 21:00,31749.88,10.56,8.29,0.45,4.31,5.47,3
12/4/2007 22:00,31749.92,10.56,9.78,0.45,3.96,5.4,2
12/4/2007 23:00,31749.97,10,-4.14,3.13,0.84,4.28,3
12/5/2007 0:00,31750,10,9.38,0.45,3.93,5.27,0
12/5/2007 1:00,31750.04,10.56,10.25,0,5.27,5.2,0
12/5/2007 2:00,31750.08,10,9.69,0.89,4.36,5.14,0
12/5/2007 3:00,31750.13,9.44,9.29,0.89,1.57,5.07,0
12/5/2007 4:00,31750.17,8.89,6.65,3.13,1.24,5,1
12/5/2007 5:00,31750.21,9.44,6.49,0.89,3.93,4.93,2
12/5/2007 6:00,31750.25,7.78,7.48,1.34,0.26,4.87,1
12/5/2007 7:00,31750.29,10,5.92,1.34,1.94,4.8,56
12/5/2007 8:00,31750.34,11.67,8.67,1.34,3.89,4.73,209
12/5/2007 9:00,31750.38,14.44,10.23,0.45,5.67,4.66,329
12/5/2007 10:00,31750.42,16.67,10.24,0.45,1.19,4.6,447
12/5/2007 11:00,31750.46,17.78,9.86,0.45,3.74,4.53,497
12/5/2007 12:00,31750.5,18.33,10.13,0.89,5.38,4.46,459
12/5/2007 13:00,31750.55,17.22,9.83,0.45,1.95,4.65,409
12/5/2007 14:00,31750.59,16.11,9.25,0.45,3.58,6.17,283
12/5/2007 15:00,31750.63,16.11,9.71,0.45,3.93,6.35,143
12/5/2007 16:00,31750.67,12.22,8.65,0.45,3.56,6.52,22
12/5/2007 17:00,31750.71,12.22,9.39,0.45,3.98,6.7,3
12/5/2007 18:00,31750.76,11.11,8.83,1.34,0.73,6.87,3
12/5/2007 19:00,31750.8,11.67,9.03,1.79,1.27,7.04,3
12/5/2007 20:00,31750.84,10.56,8.29,2.24,1.34,7.22,3
12/5/2007 21:00,31750.88,10,7.91,2.24,1.13,7.39,3
12/5/2007 22:00,31750.92,8.89,6.99,0.45,4.89,7.56,3
12/5/2007 23:00,31750.97,11.11,10.49,0.89,6.02,5.34,1
12/6/2007 0:00,31751,8.89,7.15,2.24,1.15,7.91,3
12/6/2007 1:00,31751.04,8.33,6.1,2.24,1.26,8.09,3
12/6/2007 2:00,31751.08,8.89,6.48,2.68,1.22,8.26,3
12/6/2007 3:00,31751.13,7.78,5.89,2.24,1.01,8.43,3
12/6/2007 4:00,31751.17,8.33,5.93,3.58,1.08,8.61,3
12/6/2007 5:00,31751.21,9.11,6.36,2.95,0.96,8.78,25.6
12/6/2007 6:00,31751.25,9.89,6.79,2.32,0.84,8.96,48.2
12/6/2007 7:00,31751.29,10.67,7.22,1.7,0.73,9.13,70.8
12/6/2007 8:00,31751.34,11.44,7.65,1.07,0.61,9.3,93.4
12/6/2007 9:00,31751.38,12.22,8.07,0.45,0.49,9.48,116
12/6/2007 10:00,31751.42,12.22,8.07,0.45,0.42,9.65,104
12/6/2007 11:00,31751.46,12.22,8.27,1.34,1.06,9.83,97
12/6/2007 12:00,31751.5,12.78,8.22,0.89,2.76,10,86
12/6/2007 13:00,31751.55,12.22,8.46,0.45,1.48,10,42
12/6/2007 14:00,31751.59,11.11,9.35,0.89,2.01,10,20
12/6/2007 15:00,31751.63,10.56,9.62,3.58,0.35,10,2
12/6/2007 16:00,31751.67,10.56,9.13,3.58,1.06,10,0
12/6/2007 17:00,31751.71,10.56,9.13,4.47,0.99,10,0
12/6/2007 18:00,31751.76,10.56,9.46,2.68,1.8,10,0
12/6/2007 19:00,31751.8,10,9.07,4.47,1.59,10,0
12/6/2007 20:00,31751.84,10.56,9.3,3.13,1.57,10,0
12/6/2007 21:00,31751.88,11.11,9.68,2.24,1.85,10,0
12/6/2007 22:00,31751.92,10.56,9.46,3.58,2.22,10,0
12/6/2007 23:00,31751.97,9.44,7.36,1.79,1.17,7.74,3
12/7/2007 0:00,31752,12.78,9.75,1.79,2.06,10,0
12/7/2007 1:00,31752.04,13.89,11.02,2.24,3.37,10,0
12/7/2007 2:00,31752.08,12.22,9.93,3.13,2.62,10,0
12/7/2007 3:00,31752.13,12.22,9.75,1.79,2.22,10,1
12/7/2007 4:00,31752.17,11.67,7.92,0.89,2.13,10,3
12/7/2007 5:00,31752.21,10,6.67,1.79,2.37,10,2
12/7/2007 6:00,31752.25,10.56,7.94,2.68,1.9,10,3
12/7/2007 7:00,31752.29,10,7.74,3.13,1.99,10,34
12/7/2007 8:00,31752.34,11.11,8.83,0.89,2.39,10,69
12/7/2007 9:00,31752.38,11.11,9.18,1.79,3.37,10,117
12/7/2007 10:00,31752.42,10.56,9.62,0.45,4.26,10,103
12/7/2007 11:00,31752.46,9.44,8.52,0.89,4.83,10,105
12/7/2007 12:00,31752.5,8.89,8.28,0.89,4.82,10,62
12/7/2007 13:00,31752.55,8.89,8.12,0.89,3.68,10,55
12/7/2007 14:00,31752.59,9.44,8.52,0.89,3.86,10,45
12/7/2007 15:00,31752.63,9.44,8.36,0.89,3.91,10,14
12/7/2007 16:00,31752.67,10,8.25,0.45,3.98,10,3
12/7/2007 17:00,31752.71,8.89,7.15,0.45,3.82,10,0
12/7/2007 18:00,31752.76,8.33,6.77,0.45,3.53,10,0
12/7/2007 19:00,31752.8,8.89,7.96,0.89,4.07,10,0
12/7/2007 20:00,31752.84,8.33,6.93,1.34,0.54,10,0
12/7/2007 21:00,31752.88,8.89,7.81,0.45,1.47,10,0
12/7/2007 22:00,31752.92,8.33,6.61,1.34,1.01,9.99,0
12/7/2007 23:00,31752.97,11.67,9.72,1.79,2.08,10,0
12/8/2007 0:00,31753,8.33,7.88,0.45,3.11,9.99,0
12/8/2007 1:00,31753.04,8.33,8.03,0.45,2.5,9.99,0
12/8/2007 2:00,31753.08,6.67,6.37,0.45,3.98,9.99,0
12/8/2007 3:00,31753.13,6.11,5.81,0.45,3.6,9.99,0
12/8/2007 4:00,31753.17,5.56,5.41,0.45,3.84,9.99,0
12/8/2007 5:00,31753.21,5,4.71,1.34,4.42,9.99,0
12/8/2007 6:00,31753.25,5.56,5.26,0.89,3.84,9.99,0
12/8/2007 7:00,31753.29,5,4.85,0.45,4.33,9.99,17
12/8/2007 8:00,31753.34,5.56,5.41,0.45,3.63,9.99,44
12/8/2007 9:00,31753.38,8.33,6.44,0.45,4.05,9.99,131
12/8/2007 10:00,31753.42,8.33,4.86,0.45,5.79,9.99,175
12/8/2007 11:00,31753.46,12.22,7.48,0.89,0.14,9.99,480
12/8/2007 12:00,31753.5,10,4.93,0.89,5.46,9.99,184
12/8/2007 13:00,31753.55,12.22,5.09,0.89,5.45,7.03,320
12/8/2007 14:00,31753.59,11.67,4.56,0.45,5.06,7.91,221
12/8/2007 15:00,31753.63,11.11,2.83,0.89,4.12,7.71,154
12/8/2007 16:00,31753.67,7.78,1.54,0.45,4.85,7.51,22
12/8/2007 17:00,31753.71,7.22,2.45,1.79,6.09,7.31,4
12/8/2007 18:00,31753.76,6.67,3.42,1.79,0.72,7.11,4
12/8/2007 19:00,31753.8,6.67,4.12,2.68,1.13,6.91,4
12/8/2007 20:00,31753.84,6.11,3.92,2.68,1.01,6.72,4
12/8/2007 21:00,31753.88,4.44,2.44,3.13,1.06,6.52,4
12/8/2007 22:00,31753.92,5,3.32,2.24,1.36,6.32,3
12/8/2007 23:00,31753.97,7.78,7.33,0.45,3.86,9.99,0
12/9/2007 0:00,31754,3.89,2.85,1.79,1.88,5.92,3
12/9/2007 1:00,31754.04,4.44,2.77,2.68,1.12,5.73,3
12/9/2007 2:00,31754.08,3.89,1.73,2.24,1.78,5.53,3
12/9/2007 3:00,31754.13,2.78,0.8,2.24,1.61,5.33,3
12/9/2007 4:00,31754.17,2.78,1.44,3.13,1.36,5.13,3
12/9/2007 5:00,31754.21,1.67,1.24,1.34,1.94,4.93,3
12/9/2007 6:00,31754.25,1.67,0.64,2.68,1.26,4.74,1
12/9/2007 7:00,31754.29,2.78,0.64,1.79,1.88,4.54,62
12/9/2007 8:00,31754.34,6.11,2.15,0.89,3.91,4.34,222
12/9/2007 9:00,31754.38,8.89,4.65,0.89,2.25,4.14,367
12/9/2007 10:00,31754.42,11.11,4.72,1.34,2.01,3.94,468
12/9/2007 11:00,31754.46,12.22,4.61,0.45,2.74,3.74,521
12/9/2007 12:00,31754.5,12.22,4.61,0.45,1.54,3.55,479
12/9/2007 13:00,31754.55,11.11,3.32,0.89,3.61,3.31,437
12/9/2007 14:00,31754.59,11.67,3.85,1.79,3.86,4.78,316
12/9/2007 15:00,31754.63,11.11,3.32,0.45,4.43,4.71,164
12/9/2007 16:00,31754.67,8.89,3.24,0.45,3.26,4.63,34
12/9/2007 17:00,31754.71,8.33,3.33,0.89,3.21,4.56,4
12/9/2007 18:00,31754.76,6.67,2.69,0.45,4.43,4.49,4
12/9/2007 19:00,31754.8,6.67,2.69,1.79,1.43,4.42,4
12/9/2007 20:00,31754.84,6.11,2.33,1.34,1.88,4.35,4
12/9/2007 21:00,31754.88,6.11,3.06,1.34,1.36,4.27,4
12/9/2007 22:00,31754.92,6.67,4.12,1.79,1.33,4.2,4
12/9/2007 23:00,31754.97,4.44,3.08,2.24,1.5,6.12,3
12/10/2007 0:00,31755,5,3.32,2.68,1.33,4.06,4
12/10/2007 1:00,31755.04,5.56,3.86,1.34,1.34,3.98,4
12/10/2007 2:00,31755.08,4.44,2.44,0.89,2.18,3.91,3
12/10/2007 3:00,31755.13,4.44,3.24,1.79,0.94,3.84,3
12/10/2007 4:00,31755.17,3.33,2.29,2.68,1.24,3.77,2
12/10/2007 5:00,31755.21,2.78,2.05,2.68,1.24,3.7,2
12/10/2007 6:00,31755.25,3.89,2.38,3.58,1.27,3.62,3
12/10/2007 7:00,31755.29,3.33,1.67,4.02,1.17,3.55,57
12/10/2007 8:00,31755.34,5.56,3.03,3.13,1.2,3.48,219
12/10/2007 9:00,31755.38,11.11,4.72,0.89,5.57,3.41,366
12/10/2007 10:00,31755.42,15,4.58,0.45,4.66,3.34,476
12/10/2007 11:00,31755.46,14.44,3.49,1.34,2.67,3.26,527
12/10/2007 12:00,31755.5,15,3.7,0.45,4.29,3.19,486
12/10/2007 13:00,31755.55,16.11,4.72,0.45,4.49,2.94,443
12/10/2007 14:00,31755.59,13.89,2.37,0.89,3.26,4.51,321
12/10/2007 15:00,31755.63,12.78,3.62,1.34,4.1,4.48,163
12/10/2007 16:00,31755.67,8.89,4.65,0.89,4.22,4.44,21
12/10/2007 17:00,31755.71,6.67,4.12,0.45,3.44,4.41,4
12/10/2007 18:00,31755.76,6.11,2.88,0.45,5.06,4.37,3
12/10/2007 19:00,31755.8,6.11,3.58,0.45,1.54,4.34,3
12/10/2007 20:00,31755.84,5.56,3.54,0.89,1.87,4.3,3
12/10/2007 21:00,31755.88,6.11,4.25,0.45,1.75,4.27,3
12/10/2007 22:00,31755.92,5.56,4.02,2.68,1.17,4.23,2
12/10/2007 23:00,31755.97,5.56,2.86,1.79,1.64,4.13,4
12/11/2007 0:00,31756,3.89,2.54,2.68,0.75,4.16,3
12/11/2007 1:00,31756.04,2.78,0.8,0.89,4.12,4.13,3
12/11/2007 2:00,31756.08,2.78,1.28,1.34,2.25,4.1,3
12/11/2007 3:00,31756.13,3.33,1.02,2.24,4.35,4.06,3
12/11/2007 4:00,31756.17,1.67,0.79,0.45,5.01,4.03,2
12/11/2007 5:00,31756.21,2.78,0.48,1.79,4.14,3.99,2
12/11/2007 6:00,31756.25,2.22,1.04,0.89,3.94,3.96,4
12/11/2007 7:00,31756.29,2.22,0.57,0.89,4.17,3.92,70
12/11/2007 8:00,31756.34,2.78,1.59,0.89,4.68,3.89,216
12/11/2007 9:00,31756.38,5.56,3.03,0.89,1.13,3.85,356
12/11/2007 10:00,31756.42,10.56,6.46,1.34,6.06,3.82,455
12/11/2007 11:00,31756.46,11.11,5.58,0.45,4.87,3.78,515
12/11/2007 12:00,31756.5,16.11,8.53,1.34,5.69,3.75,472
12/11/2007 13:00,31756.55,13.33,5.42,0.89,4.24,3.9,422
12/11/2007 14:00,31756.59,13.33,4.66,1.34,3.79,5.32,301
12/11/2007 15:00,31756.63,12.78,3.62,1.34,3.53,5.4,150
12/11/2007 16:00,31756.67,9.44,1.99,0.45,2.37,5.48,21
12/11/2007 17:00,31756.71,8.33,2.5,1.79,0.61,5.57,4
12/11/2007 18:00,31756.76,8.33,4.3,0.89,1.48,5.65,3
12/11/2007 19:00,31756.8,6.67,3.42,3.13,1.5,5.73,4
12/11/2007 20:00,31756.84,7.22,3.78,2.68,1.15,5.81,4
12/11/2007 21:00,31756.88,6.67,3.42,3.13,1.26,5.89,4
12/11/2007 22:00,31756.92,6.11,3.41,3.13,1.27,5.97,4
12/11/2007 23:00,31756.97,5,3.32,2.24,1.4,4.2,3
12/12/2007 0:00,31757,5,1.26,3.58,1.24,6.13,4
12/12/2007 1:00,31757.04,4.44,1.25,3.58,1.08,6.21,4
12/12/2007 2:00,31757.08,5.56,1.23,2.24,1.33,6.29,4
12/12/2007 3:00,31757.13,5,-0.08,0.45,3.16,6.37,4
12/12/2007 4:00,31757.17,4.44,0.16,2.68,1.13,6.45,4
12/12/2007 5:00,31757.21,5.56,0.05,2.68,1.15,6.53,4
12/12/2007 6:00,31757.25,4.44,-0.42,3.13,1.01,6.61,4
12/12/2007 7:00,31757.29,5,-1.32,2.24,1.12,6.69,49
12/12/2007 8:00,31757.34,5.56,-0.16,1.34,3.8,6.77,201
12/12/2007 9:00,31757.38,7.78,2.38,0.89,3.79,6.85,321
12/12/2007 10:00,31757.42,9.44,1.51,1.34,3.68,6.93,370
12/12/2007 11:00,31757.46,12.22,2.84,0.45,2.34,7.01,411
12/12/2007 12:00,31757.5,13.89,3.56,0.45,3.98,7.09,349
12/12/2007 13:00,31757.55,14.44,4.35,0.45,3.19,6.72,330
12/12/2007 14:00,31757.59,15.56,3.9,0.89,1.19,6,282
12/12/2007 15:00,31757.63,13.33,2.76,1.34,4.29,5.97,167
12/12/2007 16:00,31757.67,8.89,1.93,0.45,5.1,5.95,22
12/12/2007 17:00,31757.71,7.78,1.1,0.89,4.73,5.93,3
12/12/2007 18:00,31757.76,8.33,2.5,0.89,0.72,5.9,4
12/12/2007 19:00,31757.8,7.22,1.65,1.79,0.86,5.88,4
12/12/2007 20:00,31757.84,7.22,2.45,1.34,1.24,5.85,4
12/12/2007 21:00,31757.88,5.56,1.61,2.24,1.17,5.83,4
12/12/2007 22:00,31757.92,6.11,2.52,2.24,1.38,5.81,4
12/12/2007 23:00,31757.97,6.11,2.7,2.68,1.24,6.05,4
12/13/2007 0:00,31758,4.44,0.9,1.79,1.1,5.76,4
12/13/2007 1:00,31758.04,5,1.44,3.13,1.41,5.73,4
12/13/2007 2:00,31758.08,5.56,0.65,3.58,1.13,5.71,4
12/13/2007 3:00,31758.13,5,0.31,3.13,1.34,5.68,4
12/13/2007 4:00,31758.17,3.33,-0.36,3.58,1.27,5.66,4
12/13/2007 5:00,31758.21,3.89,-0.19,1.79,1.05,5.64,4
12/13/2007 6:00,31758.25,3.33,-0.73,0.89,1.92,5.61,4
12/13/2007 7:00,31758.29,2.78,-0.37,0.89,2.08,5.59,45
12/13/2007 8:00,31758.34,5,-0.08,0.89,0.75,5.56,183
12/13/2007 9:00,31758.38,9.44,4.19,0.89,0.82,5.54,330
12/13/2007 10:00,31758.42,11.11,4.03,0.45,2.43,5.52,393
12/13/2007 11:00,31758.46,13.33,4.4,0.89,3.58,5.49,480
12/13/2007 12:00,31758.5,11.67,3.35,0.45,3.77,5.47,417
12/13/2007 13:00,31758.55,13.33,3.87,0.89,4.99,5.37,379
12/13/2007 14:00,31758.59,13.33,4.14,0.45,1.45,6.18,276
12/13/2007 15:00,31758.63,11.11,2.33,0.45,3.93,6.12,135
12/13/2007 16:00,31758.67,8.33,1.63,0.89,4.35,6.06,20
12/13/2007 17:00,31758.71,7.22,0.35,0.45,4.57,5.99,4
12/13/2007 18:00,31758.76,7.78,3.19,1.34,0.66,5.93,4
12/13/2007 19:00,31758.8,6.67,3.06,2.24,1.41,5.86,4
12/13/2007 20:00,31758.84,5.56,1.79,1.34,1.29,5.8,4
12/13/2007 21:00,31758.88,4.44,1.94,3.13,1.33,5.74,3
12/13/2007 22:00,31758.92,4.44,1.6,1.79,1.38,5.67,3
12/13/2007 23:00,31758.97,4.44,1.25,3.58,1.29,5.78,4
12/14/2007 0:00,31759,4.44,2.28,2.68,1.19,5.55,4
12/14/2007 1:00,31759.04,3.89,1.9,3.13,1.13,5.48,3
12/14/2007 2:00,31759.08,2.78,0.96,3.13,1.34,5.42,3
12/14/2007 3:00,31759.13,2.78,0.8,3.13,1.13,5.35,3
12/14/2007 4:00,31759.17,2.78,0.48,3.13,0.8,5.29,3
12/14/2007 5:00,31759.21,3.33,1.19,3.13,1.31,5.23,3
12/14/2007 6:00,31759.25,3.33,1.02,4.02,1.13,5.16,4
12/14/2007 7:00,31759.29,3.33,0.17,3.58,1.12,5.1,42
12/14/2007 8:00,31759.34,5,1.26,2.24,1.38,5.04,140
12/14/2007 9:00,31759.38,7.78,1.32,0.45,1.19,4.97,311
12/14/2007 10:00,31759.42,13.33,4.14,1.34,4,4.91,426
12/14/2007 11:00,31759.46,12.78,3.36,0.45,3.53,4.84,466
12/14/2007 12:00,31759.5,15,3.39,0.45,3.6,4.78,440
12/14/2007 13:00,31759.55,16.67,3.95,0,2.18,4.69,399
12/14/2007 14:00,31759.59,15.56,3.27,0.89,1.34,5.52,294
12/14/2007 15:00,31759.63,13.33,2.17,0.45,3.46,5.46,124
12/14/2007 16:00,31759.67,10.56,1.55,0.45,4.22,5.4,22
12/14/2007 17:00,31759.71,8.89,0.75,0.45,6.14,5.33,3
12/14/2007 18:00,31759.76,8.33,3.12,0.89,0.12,5.27,3
12/14/2007 19:00,31759.8,7.78,2.38,1.79,1.08,5.21,3
12/14/2007 20:00,31759.84,7.22,3.04,1.79,1.15,5.15,4
12/14/2007 21:00,31759.88,6.11,2.7,2.68,1.36,5.09,3
12/14/2007 22:00,31759.92,6.11,2.7,3.58,0.96,5.03,3
12/14/2007 23:00,31759.97,3.89,1.4,2.68,1.19,5.61,3
12/15/2007 0:00,31760,5.56,2.34,2.68,1.36,4.9,3
12/15/2007 1:00,31760.04,5.56,1.98,2.68,1.13,4.84,3
12/15/2007 2:00,31760.08,4.44,1.08,2.68,1.12,4.78,3
12/15/2007 3:00,31760.13,5,1.07,3.58,1.19,4.72,3
12/15/2007 4:00,31760.17,5,1.44,2.24,1.36,4.66,3
12/15/2007 5:00,31760.21,3.89,0.18,2.68,1.17,4.59,3
12/15/2007 6:00,31760.25,3.89,0.18,2.68,1.31,4.53,4
12/15/2007 7:00,31760.29,3.89,0.36,1.79,0.8,4.47,43
12/15/2007 8:00,31760.34,6.11,1.19,1.34,1.27,4.41,186
12/15/2007 9:00,31760.38,13.33,5.66,0.89,5.67,4.35,328
12/15/2007 10:00,31760.42,13.89,3.84,0.89,5.15,4.28,436
12/15/2007 11:00,31760.46,14.44,3.49,1.79,3.56,4.22,491
12/15/2007 12:00,31760.5,17.78,5.62,0.45,5.39,4.16,458
12/15/2007 13:00,31760.55,17.78,3.2,0,3.42,3.99,417
12/15/2007 14:00,31760.59,16.11,1.33,0.45,4.33,5.42,296
12/15/2007 15:00,31760.63,14.44,2.25,0.45,4.28,5.43,142
12/15/2007 16:00,31760.67,10.56,3.28,0.45,4.28,5.44,20
12/15/2007 17:00,31760.71,9.44,2.68,0.89,5.5,5.44,3
12/15/2007 18:00,31760.76,7.78,2.79,1.34,5.83,5.45,3
12/15/2007 19:00,31760.8,7.22,1.85,0.45,1.64,5.46,3
12/15/2007 20:00,31760.84,6.67,1.92,2.24,0.98,5.47,4
12/15/2007 21:00,31760.88,6.11,1.58,2.68,0.94,5.47,4
12/15/2007 22:00,31760.92,5.56,1.23,1.34,1.24,5.48,3
12/15/2007 23:00,31760.97,5,1.62,3.13,1.26,4.96,3
12/16/2007 0:00,31761,5,0.7,3.58,1.27,5.5,3
12/16/2007 1:00,31761.04,4.44,0.53,3.13,1.31,5.5,3
12/16/2007 2:00,31761.08,4.44,0.35,3.13,1.36,5.51,4
12/16/2007 3:00,31761.13,3.89,-0.19,3.13,1.22,5.52,4
12/16/2007 4:00,31761.17,4.44,0.16,2.68,1.38,5.53,3
12/16/2007 5:00,31761.21,3.89,0.36,2.68,1.33,5.53,4
12/16/2007 6:00,31761.25,3.89,0.54,3.13,1.22,5.54,4
12/16/2007 7:00,31761.29,3.89,-0.57,1.79,1.2,5.55,47
12/16/2007 8:00,31761.34,7.22,1.22,0.45,0.68,5.56,190
12/16/2007 9:00,31761.38,9.44,3.35,1.34,0.28,5.56,340
12/16/2007 10:00,31761.42,13.89,4.92,0.45,1.22,5.57,435
12/16/2007 11:00,31761.46,15,3.7,0.45,4.14,5.58,467
12/16/2007 12:00,31761.5,15,2.76,0.89,3.68,5.58,411
12/16/2007 13:00,31761.55,15.56,1.92,0.89,4.28,4.76,396
12/16/2007 14:00,31761.59,15.56,1.92,1.79,1.31,7.27,240
12/16/2007 15:00,31761.63,13.89,1.09,1.79,3.39,7.38,105
12/16/2007 16:00,31761.67,11.11,1.54,0.45,3.91,7.5,27
12/16/2007 17:00,31761.71,8.33,2.07,0.45,5.04,7.61,3
12/16/2007 18:00,31761.76,7.78,1.75,0.45,1.82,7.73,3
12/16/2007 19:00,31761.8,9.44,1.75,1.34,1.03,7.84,3
12/16/2007 20:00,31761.84,7.78,2.99,2.24,1.12,7.96,4
12/16/2007 21:00,31761.88,7.22,1.22,2.24,1.22,8.08,3
12/16/2007 22:00,31761.92,6.67,1.52,2.24,1.01,8.19,4
12/16/2007 23:00,31761.97,5.56,1.79,3.13,1.36,5.49,4
12/17/2007 0:00,31762,6.67,0.69,0.45,2.09,8.42,4
12/17/2007 1:00,31762.04,6.67,0.26,1.79,1.87,8.54,4
12/17/2007 2:00,31762.08,8.89,1.7,1.34,1.69,8.65,4
12/17/2007 3:00,31762.13,7.22,1.44,1.79,3.68,8.77,4
12/17/2007 4:00,31762.17,7.22,1.22,1.34,1.47,8.88,4
12/17/2007 5:00,31762.21,7.22,3.04,2.68,1.94,9,4
12/17/2007 6:00,31762.25,8.33,2.92,2.24,1.99,9.11,4
12/17/2007 7:00,31762.29,7.78,2.59,0.89,2.15,9.23,34
12/17/2007 8:00,31762.34,9.44,4.39,1.79,3.12,9.35,98
12/17/2007 9:00,31762.38,11.11,5.58,0.89,2.5,9.46,147
12/17/2007 10:00,31762.42,11.11,6.4,0.89,2.2,9.58,196
12/17/2007 11:00,31762.46,13.33,6.61,1.34,2.09,9.69,316
12/17/2007 12:00,31762.5,12.22,6.22,0.89,4.12,9.81,193
12/17/2007 13:00,31762.55,11.67,6.11,0.89,2.88,10,131
12/17/2007 14:00,31762.59,12.78,6.08,1.34,1.78,10,76
12/17/2007 15:00,31762.63,11.67,6.11,0.89,0.68,10,30
12/17/2007 16:00,31762.67,11.11,6.2,1.34,1.4,10,8
12/17/2007 17:00,31762.71,11.67,6.33,0.89,1.1,10,3
12/17/2007 18:00,31762.76,10.56,6.65,1.79,0.98,10,3
12/17/2007 19:00,31762.8,10.56,6.26,2.24,1.27,10,3
12/17/2007 20:00,31762.84,11.67,6.53,2.24,1.82,10,3
12/17/2007 21:00,31762.88,11.11,6.2,0.89,4.92,10,3
12/17/2007 22:00,31762.92,10.56,6.26,0.89,1.78,10,3
12/17/2007 23:00,31762.97,7.78,0.88,1.79,1.61,8.31,4
12/18/2007 0:00,31763,11.67,6.53,2.68,1.73,10,3
12/18/2007 1:00,31763.04,11.11,6.2,3.13,1.52,10,3
12/18/2007 2:00,31763.08,10.56,6.07,0.89,2.04,10,3
12/18/2007 3:00,31763.13,10.56,7.21,1.34,1.29,10,0
12/18/2007 4:00,31763.17,9.44,7.87,3.13,0.8,10,0
12/18/2007 5:00,31763.21,10,7.91,2.24,1.48,10,0
12/18/2007 6:00,31763.25,10.56,6.65,3.13,1.62,10,0
12/18/2007 7:00,31763.29,10.56,5.67,0.89,2.79,10,6
12/18/2007 8:00,31763.34,10.56,6.07,3.13,1.78,10,29
12/18/2007 9:00,31763.38,10.56,9.62,1.34,2.29,10,15
12/18/2007 10:00,31763.42,10.56,9.46,2.68,1.48,10,37
12/18/2007 11:00,31763.46,11.67,10.4,1.34,1.71,10,65
12/18/2007 12:00,31763.5,11.11,10.33,1.34,2.71,10,51
12/18/2007 13:00,31763.55,12.22,11.44,0.45,3.19,10,41
12/18/2007 14:00,31763.59,11.11,10.17,1.34,2.37,10,34
12/18/2007 15:00,31763.63,11.11,10.49,2.24,2.46,9.87,5
12/18/2007 16:00,31763.67,11.11,10.33,2.68,2.01,9.74,0
12/18/2007 17:00,31763.71,11.67,10.88,1.79,2.09,9.61,0
12/18/2007 18:00,31763.76,10.56,8.29,4.02,1.01,9.48,0
12/18/2007 19:00,31763.8,11.11,7.94,3.58,1.19,9.35,0
12/18/2007 20:00,31763.84,9.44,6.85,2.24,1.71,9.23,0
12/18/2007 21:00,31763.88,8.89,7.64,2.68,1.34,9.1,0
12/18/2007 22:00,31763.92,8.89,7.81,2.68,1.52,8.97,0
12/18/2007 23:00,31763.97,10.56,5.87,1.34,1.99,10,3
12/19/2007 0:00,31764,8.89,7.64,1.79,1.71,8.71,0
12/19/2007 1:00,31764.04,8.89,7.48,0.45,2.09,8.58,0
12/19/2007 2:00,31764.08,8.89,7.81,2.68,0.93,8.45,0
12/19/2007 3:00,31764.13,8.89,7.15,0.89,6.11,8.32,0
12/19/2007 4:00,31764.17,9.44,7.19,1.79,0.79,8.19,0
12/19/2007 5:00,31764.21,10,8.25,2.24,0.86,8.06,0
12/19/2007 6:00,31764.25,10,8.42,0.45,2.74,7.93,0
12/19/2007 7:00,31764.29,10,8.58,0,4.47,7.8,20
12/19/2007 8:00,31764.34,10.56,8.29,0.45,4.63,7.68,138
12/19/2007 9:00,31764.38,12.78,10.12,0.45,3.49,7.55,326
12/19/2007 10:00,31764.42,16.11,11.23,0.89,3.47,7.42,443
12/19/2007 11:00,31764.46,13.33,10.66,0.89,4.1,7.29,324
12/19/2007 12:00,31764.5,15,11.36,0,3.44,7.16,343
12/19/2007 13:00,31764.55,13.89,10.08,0.89,4.14,8.53,244
12/19/2007 14:00,31764.59,12.78,9.38,1.34,3.23,8.85,179
12/19/2007 15:00,31764.63,13.89,10.46,0.45,2.95,8.9,107
12/19/2007 16:00,31764.67,11.11,9.01,0.45,5.25,8.95,29
12/19/2007 17:00,31764.71,10,8.42,0.45,2.84,9,1
12/19/2007 18:00,31764.76,10,9.07,1.34,0.94,9.06,2
12/19/2007 19:00,31764.8,10,8.58,0.89,2.13,9.11,2
12/19/2007 20:00,31764.84,11.11,9.85,0.45,2.11,9.16,3
12/19/2007 21:00,31764.88,11.11,10.01,0.89,3.05,9.21,3
12/19/2007 22:00,31764.92,11.11,10.01,0.89,2.29,9.27,3
12/19/2007 23:00,31764.97,10,8.58,1.34,1.31,8.84,0
12/20/2007 0:00,31765,10,8.42,1.34,2.06,9.37,2
12/20/2007 1:00,31765.04,10,7.91,2.24,1.78,9.42,2
12/20/2007 2:00,31765.08,11.11,8.48,1.79,1.95,9.48,2
12/20/2007 3:00,31765.13,10.56,7.58,2.24,2.04,9.53,3
12/20/2007 4:00,31765.17,10,7.57,2.24,1.71,9.58,1
12/20/2007 5:00,31765.21,10,7.57,1.34,2.11,9.63,0
12/20/2007 6:00,31765.25,10,7.91,0.89,2.41,9.69,0
12/20/2007 7:00,31765.29,8.89,7.32,0.89,4.66,9.74,2
12/20/2007 8:00,31765.34,8.33,7.25,1.34,2.55,9.79,23
12/20/2007 9:00,31765.38,8.33,7.73,1.79,2.5,9.84,40
12/20/2007 10:00,31765.42,9.44,8.99,1.79,2.32,9.9,41
12/20/2007 11:00,31765.46,9.44,8.99,2.24,3.12,9.95,66
12/20/2007 12:00,31765.5,8.89,8.28,1.34,3.51,10,56
12/20/2007 13:00,31765.55,13.33,7.71,3.58,5.39,8.89,225
12/20/2007 14:00,31765.59,13.33,5.66,1.79,5.13,6.37,268
12/20/2007 15:00,31765.63,11.67,5.24,0.89,5.15,6.54,165
12/20/2007 16:00,31765.67,9.44,4.8,1.79,5.34,6.7,20
12/20/2007 17:00,31765.71,7.78,2.99,0.45,5.13,6.87,3
12/20/2007 18:00,31765.76,7.78,2.99,0.45,4.63,7.03,3
12/20/2007 19:00,31765.8,6.67,2.31,0.45,5.32,7.2,4
12/20/2007 20:00,31765.84,6.11,3.23,1.34,4.21,7.36,4
12/20/2007 21:00,31765.88,5.56,3.7,0.89,3.91,7.53,4
12/20/2007 22:00,31765.92,5.56,3.37,0.89,4.28,7.69,3
12/20/2007 23:00,31765.97,10,8.58,0.45,1.94,9.32,3
12/21/2007 0:00,31766,3.89,2.06,0.89,3.53,8.02,3
12/21/2007 1:00,31766.04,3.33,1.99,0.45,1.85,8.19,3
12/21/2007 2:00,31766.08,2.78,1.28,2.24,1.26,8.35,1
12/21/2007 3:00,31766.13,3.33,1.67,2.68,1.52,8.52,2
12/21/2007 4:00,31766.17,1.67,0.64,1.34,1.9,8.68,2
12/21/2007 5:00,31766.21,1.67,0.34,0.89,1.66,8.85,1
12/21/2007 6:00,31766.25,2.22,1.19,1.34,1.59,9.01,2
12/21/2007 7:00,31766.29,3.33,1.35,2.24,1.26,9.18,18
12/21/2007 8:00,31766.34,3.89,2.06,0.45,1.82,9.34,101
12/21/2007 9:00,31766.38,8.33,4.86,0.89,2.22,9.51,281
12/21/2007 10:00,31766.42,7.78,4.14,0.89,3.75,9.67,261
12/21/2007 11:00,31766.46,7.22,2.65,3.13,3.54,9.84,247
12/21/2007 12:00,31766.5,7.78,2.99,0.89,3.72,10,161
12/21/2007 13:00,31766.55,9.44,4.6,1.34,5.36,6.26,345
12/21/2007 14:00,31766.59,10,4.72,0.45,3.74,8.38,198
12/21/2007 15:00,31766.63,10,4.52,0,5.52,8.15,140
12/21/2007 16:00,31766.67,7.22,3.6,0.89,0.03,7.92,20
12/21/2007 17:00,31766.71,6.67,2.69,1.79,0.99,7.7,4
12/21/2007 18:00,31766.76,5,2.15,1.34,3.65,7.47,4
12/21/2007 19:00,31766.8,5,2.32,0.89,0.28,7.24,4
12/21/2007 20:00,31766.84,4.44,2.61,1.79,1.61,7.01,3
12/21/2007 21:00,31766.88,5,3.48,2.24,1.24,6.79,2
12/21/2007 22:00,31766.92,5,3.15,3.13,1.2,6.56,2
12/21/2007 23:00,31766.97,3.89,2.06,0.89,5.57,7.86,4
12/22/2007 0:00,31767,3.33,1.83,1.79,1.26,6.1,3
12/22/2007 1:00,31767.04,2.78,1.59,2.68,1.08,5.88,3
12/22/2007 2:00,31767.08,1.67,1.09,1.34,4.15,5.65,3
12/22/2007 3:00,31767.13,2.22,1.04,3.13,1.31,5.42,2
12/22/2007 4:00,31767.17,2.22,0.57,2.68,1.43,5.19,3
12/22/2007 5:00,31767.21,1.67,0.64,2.24,1.17,4.97,3
12/22/2007 6:00,31767.25,1.67,0.34,3.13,1.29,4.74,3
12/22/2007 7:00,31767.29,2.22,0.42,1.34,0.56,4.51,43
12/22/2007 8:00,31767.34,4.44,2.11,2.24,1.26,4.28,198
12/22/2007 9:00,31767.38,6.67,1.92,0.89,0.59,4.06,346
12/22/2007 10:00,31767.42,10,4.72,0.45,3.89,3.83,453
12/22/2007 11:00,31767.46,11.11,5.15,1.34,4.59,3.6,506
12/22/2007 12:00,31767.5,12.78,5.38,0.89,4.49,3.37,476
12/22/2007 13:00,31767.55,13.89,6.19,0.45,3.16,4.2,410
12/22/2007 14:00,31767.59,12.22,5.55,0.45,4.19,7.27,239
12/22/2007 15:00,31767.63,9.44,4.6,0.45,4.21,7.21,71
12/22/2007 16:00,31767.67,7.78,4.14,0.45,4.24,7.15,26
12/22/2007 17:00,31767.71,6.11,4.41,0.45,4.29,7.09,4
12/22/2007 18:00,31767.76,6.67,4.46,0.89,3.84,7.03,4
12/22/2007 19:00,31767.8,6.11,3.41,0.89,3.63,6.97,4
12/22/2007 20:00,31767.84,5,3.63,0.89,4.24,6.91,4
12/22/2007 21:00,31767.88,5,3.48,0.45,2.23,6.85,3
12/22/2007 22:00,31767.92,4.44,3.4,0.45,2.04,6.79,3
12/22/2007 23:00,31767.97,4.44,2.93,3.13,1.05,6.33,3
12/23/2007 0:00,31768,2.78,2.49,0.89,3.87,6.67,0
12/23/2007 1:00,31768.04,3.33,3.19,0.89,0.94,6.61,0
12/23/2007 2:00,31768.08,3.89,3.74,0.45,3.56,6.55,0
12/23/2007 3:00,31768.13,3.33,3.19,0.89,1.92,6.49,0
12/23/2007 4:00,31768.17,2.78,2.78,0.89,2.6,6.43,0
12/23/2007 5:00,31768.21,2.22,2.22,1.34,1.43,6.37,0
12/23/2007 6:00,31768.25,2.22,2.22,1.34,1.85,6.31,0
12/23/2007 7:00,31768.29,2.78,2.78,0.89,2.06,6.25,11
12/23/2007 8:00,31768.34,2.78,2.78,0.45,1.43,6.19,56
12/23/2007 9:00,31768.38,3.89,3.89,0.45,0.61,6.13,122
12/23/2007 10:00,31768.42,5.56,5.56,0,4.28,6.07,169
12/23/2007 11:00,31768.46,7.22,5.83,0.89,1.22,6.01,218
12/23/2007 12:00,31768.5,12.78,10.12,0.45,5.76,5.95,396
12/23/2007 13:00,31768.55,12.22,6.43,1.34,3.47,4.51,402
12/23/2007 14:00,31768.59,11.67,5.69,0.45,1.01,6.41,267
12/23/2007 15:00,31768.63,10.56,5.67,0,4.94,6.57,141
12/23/2007 16:00,31768.67,7.78,4.86,0.45,3.87,6.73,30
12/23/2007 17:00,31768.71,6.11,3.58,0.89,3.53,6.9,4
12/23/2007 18:00,31768.76,6.11,4.57,0.89,1.83,7.06,4
12/23/2007 19:00,31768.8,5.56,4.5,1.34,1.94,7.22,2
12/23/2007 20:00,31768.84,5,4.26,1.34,4.05,7.39,0
12/23/2007 21:00,31768.88,5.56,4.81,1.79,0.58,7.55,0
12/23/2007 22:00,31768.92,5,4.41,1.79,1.73,7.71,0
12/23/2007 23:00,31768.97,3.33,2.6,0.45,3.96,6.73,0
12/24/2007 0:00,31769,4.44,4,2.24,1.22,8.04,0
12/24/2007 1:00,31769.04,4.44,4,2.68,1.03,8.2,0
12/24/2007 2:00,31769.08,4.44,3.85,2.68,1.22,8.37,0
12/24/2007 3:00,31769.13,4.44,3.7,0.89,1.66,8.53,0
12/24/2007 4:00,31769.17,3.33,2.75,1.79,1.57,8.69,0
12/24/2007 5:00,31769.21,3.33,2.9,1.34,0.72,8.86,0
12/24/2007 6:00,31769.25,2.78,2.49,2.24,0.96,9.02,0
12/24/2007 7:00,31769.29,2.78,2.49,3.13,1.2,9.18,26
12/24/2007 8:00,31769.34,5,3.95,0.89,5.6,9.35,170
12/24/2007 9:00,31769.38,7.22,5.51,0.45,4.43,9.51,295
12/24/2007 10:00,31769.42,11.11,7.57,0.45,4.57,9.67,404
12/24/2007 11:00,31769.46,8.89,5.03,1.79,3.74,9.84,247
12/24/2007 12:00,31769.5,8.33,6.1,0.45,3.89,10,129
12/24/2007 13:00,31769.55,6.11,4.73,0.45,2.76,10,44
12/24/2007 14:00,31769.59,6.11,5.81,0.89,4.21,10,26
12/24/2007 15:00,31769.63,6.11,5.96,0.45,0.14,9.82,16
12/24/2007 16:00,31769.67,6.11,5.96,0.45,1.95,9.65,1
12/24/2007 17:00,31769.71,5.56,5.41,0,1.26,9.47,0
12/24/2007 18:00,31769.76,5,4.71,1.34,3.87,9.29,0
12/24/2007 19:00,31769.8,5,4.85,1.34,3.84,9.11,0
12/24/2007 20:00,31769.84,5,4.85,0.89,4.68,8.94,0
12/24/2007 21:00,31769.88,4.44,4.44,0.89,3.98,8.76,0
12/24/2007 22:00,31769.92,5,5,0.89,3.7,8.58,0
12/24/2007 23:00,31769.97,5,4.41,1.79,0.96,7.88,0
12/25/2007 0:00,31770,3.89,3.89,0.45,3.96,8.23,0
12/25/2007 1:00,31770.04,3.89,3.89,0.45,3.82,8.05,0
12/25/2007 2:00,31770.08,4.44,4.44,0.45,3.75,7.87,0
12/25/2007 3:00,31770.13,3.89,3.89,1.34,3.86,7.7,0
12/25/2007 4:00,31770.17,5,5,0.45,0.94,7.52,0
12/25/2007 5:00,31770.21,4.44,4.44,0.45,2.71,7.34,0
12/25/2007 6:00,31770.25,4.44,4.44,0.89,3.86,7.17,0
12/25/2007 7:00,31770.29,5.56,5.56,2.24,6,6.99,3
12/25/2007 8:00,31770.34,6.11,6.11,0.89,3.79,6.81,61
12/25/2007 9:00,31770.38,7.22,6.92,0.45,3.77,6.64,155
12/25/2007 10:00,31770.42,8.33,7.09,0.45,4.12,6.46,215
12/25/2007 11:00,31770.46,10.56,7.4,0.89,2.72,6.28,364
12/25/2007 12:00,31770.5,10.56,5.87,1.79,3.7,6.1,390
12/25/2007 13:00,31770.55,11.67,6.11,1.79,3.68,4.94,390
12/25/2007 14:00,31770.59,12.78,6.3,0.89,3.23,5.34,297
12/25/2007 15:00,31770.63,10.56,3.74,2.68,3.51,5.56,159
12/25/2007 16:00,31770.67,8.89,4.06,0.89,4.14,5.77,20
12/25/2007 17:00,31770.71,6.67,4.12,0.89,1.27,5.98,4
12/25/2007 18:00,31770.76,6.11,3.06,0.45,5.97,6.19,4
12/25/2007 19:00,31770.8,5.56,3.2,0.45,0.73,6.4,4
12/25/2007 20:00,31770.84,5.56,3.7,1.34,1.38,6.61,4
12/25/2007 21:00,31770.88,5.56,3.37,1.79,1.66,6.83,3
12/25/2007 22:00,31770.92,6.11,3.75,0.89,6.09,7.04,4
12/25/2007 23:00,31770.97,5,5,0.45,2.41,8.41,0
12/26/2007 0:00,31771,6.11,4.41,0.89,0.96,7.46,4
12/26/2007 1:00,31771.04,6.11,3.41,2.24,1.03,7.67,3
12/26/2007 2:00,31771.08,4.44,1.77,0.89,2.57,7.88,4
12/26/2007 3:00,31771.13,5.56,2.51,1.34,1.69,8.1,4
12/26/2007 4:00,31771.17,3.89,3,0.89,4.07,8.31,4
12/26/2007 5:00,31771.21,3.89,2.85,0.45,4.78,8.52,2
12/26/2007 6:00,31771.25,3.89,2.69,1.79,0.24,8.73,2
12/26/2007 7:00,31771.29,2.78,1.74,0.89,3.86,8.94,21
12/26/2007 8:00,31771.34,3.89,3.15,0.89,3.26,9.15,33
12/26/2007 9:00,31771.38,4.44,3.85,0.45,1.24,9.37,115
12/26/2007 10:00,31771.42,5,4.26,0.45,3.25,9.58,79
12/26/2007 11:00,31771.46,5.56,4.02,0,2.97,9.79,78
12/26/2007 12:00,31771.5,6.11,4.89,1.79,5.59,10,60
12/26/2007 13:00,31771.55,7.78,4.86,1.34,4.99,10,126
12/26/2007 14:00,31771.59,10,1.29,3.58,5.46,7.08,246
12/26/2007 15:00,31771.63,8.89,-2.21,2.68,5.18,7.09,190
12/26/2007 16:00,31771.67,7.78,-2.94,1.79,4.63,7.1,23
12/26/2007 17:00,31771.71,6.11,-4.19,1.34,5.15,7.12,4
12/26/2007 18:00,31771.76,3.89,-4.67,0.45,4.35,7.13,4
12/26/2007 19:00,31771.8,5,-3.64,0.45,5.62,7.14,4
12/26/2007 20:00,31771.84,3.33,-3.12,0.89,4.45,7.15,4
12/26/2007 21:00,31771.88,3.33,-4.24,0.45,3.07,7.16,4
12/26/2007 22:00,31771.92,1.67,-2.9,0.89,1.87,7.17,4
12/26/2007 23:00,31771.97,5,3.79,0.45,4.07,7.25,4
12/27/2007 0:00,31772,0.56,-2.2,1.79,1.41,7.19,4
12/27/2007 1:00,31772.04,0.56,-2.37,2.68,1.2,7.2,4
12/27/2007 2:00,31772.08,1.11,-1.49,2.24,1.31,7.21,4
12/27/2007 3:00,31772.13,0,-2.09,2.68,1.24,7.22,4
12/27/2007 4:00,31772.17,0.56,-1.71,1.79,1.48,7.23,4
12/27/2007 5:00,31772.21,0.56,-1.71,0.89,4,7.24,4
12/27/2007 6:00,31772.25,0,-1.78,1.79,1.29,7.26,4
12/27/2007 7:00,31772.29,0.56,-1.23,3.13,1.12,7.27,34
12/27/2007 8:00,31772.34,1.67,-1.46,0.89,1.13,7.28,186
12/27/2007 9:00,31772.38,5.56,-0.16,0.89,6.18,7.29,328
12/27/2007 10:00,31772.42,6.67,-0.18,1.34,3.61,7.3,418
12/27/2007 11:00,31772.46,8.89,-0.01,1.34,1.87,7.31,409
12/27/2007 12:00,31772.5,6.67,-1.83,1.34,3,7.32,336
12/27/2007 13:00,31772.55,8.89,-1.07,0.89,4.08,4.33,408
12/27/2007 14:00,31772.59,7.78,-1.83,0.45,5.04,6.31,271
12/27/2007 15:00,31772.63,6.11,-2.1,0.89,3.77,6.48,109
12/27/2007 16:00,31772.67,5.56,-1.23,1.34,3.54,6.64,25
12/27/2007 17:00,31772.71,4.44,-2.51,0.45,3.11,6.81,4
12/27/2007 18:00,31772.76,4.44,-2.51,0.89,1.22,6.98,4
12/27/2007 19:00,31772.8,5,-1.11,0.89,1.68,7.15,4
12/27/2007 20:00,31772.84,5,0.12,1.79,1.01,7.31,4
12/27/2007 21:00,31772.88,3.89,-0.38,1.34,1.83,7.48,4
12/27/2007 22:00,31772.92,3.89,-0.95,1.79,1.33,7.65,4
12/27/2007 23:00,31772.97,2.22,-1.99,1.34,1.64,7.18,4
12/28/2007 0:00,31773,5,-1.54,1.79,1.45,7.99,4
12/28/2007 1:00,31773.04,5,-0.9,0.89,1.95,8.15,4
12/28/2007 2:00,31773.08,3.33,-1.1,0.45,1.78,8.32,4
12/28/2007 3:00,31773.13,3.89,0.18,0.89,0.33,8.49,3
12/28/2007 4:00,31773.17,3.33,0.34,1.79,3.32,8.66,4
12/28/2007 5:00,31773.21,2.22,-0.57,0.45,1.61,8.83,3
12/28/2007 6:00,31773.25,2.78,-0.03,1.79,1.57,8.99,3
12/28/2007 7:00,31773.29,2.78,-0.9,1.79,1.64,9.16,23
12/28/2007 8:00,31773.34,4.44,0.35,2.68,1.29,9.33,87
12/28/2007 9:00,31773.38,7.22,1.22,1.79,1.48,9.5,235
12/28/2007 10:00,31773.42,7.78,1.32,0.45,2.43,9.66,242
12/28/2007 11:00,31773.46,7.78,0.42,1.34,3.26,9.83,207
12/28/2007 12:00,31773.5,7.78,-0.3,0.89,3.65,10,157
12/28/2007 13:00,31773.55,8.89,1.47,0.45,5.57,10,158
12/28/2007 14:00,31773.59,7.78,-0.3,0.89,3.72,9.68,143
12/28/2007 15:00,31773.63,7.22,0.12,0.45,4.22,9.51,85
12/28/2007 16:00,31773.67,7.22,0.57,0.45,5.99,9.34,16
12/28/2007 17:00,31773.71,5.56,-0.16,0.45,4.63,9.17,4
12/28/2007 18:00,31773.76,5,0.12,0.45,3.8,9,4
12/28/2007 19:00,31773.8,6.11,0.99,0.89,3.54,8.83,4
12/28/2007 20:00,31773.84,4.44,-0.42,0.89,3.6,8.66,4
12/28/2007 21:00,31773.88,5,1.44,0.45,5.06,8.49,4
12/28/2007 22:00,31773.92,5.56,1.23,0.89,6.27,8.31,4
12/28/2007 23:00,31773.97,5,-0.28,1.34,1.36,7.82,4
12/29/2007 0:00,31774,5.56,2.16,0.89,1.92,7.97,4
12/29/2007 1:00,31774.04,5.56,2.51,0.89,3.75,7.8,4
12/29/2007 2:00,31774.08,5,2.49,1.34,4.35,7.63,4
12/29/2007 3:00,31774.13,6.11,3.58,1.34,1.38,7.46,4
12/29/2007 4:00,31774.17,5,1.44,0.45,2.95,7.29,4
12/29/2007 5:00,31774.21,6.11,2.52,0.45,2.25,7.12,4
12/29/2007 6:00,31774.25,6.11,3.58,0.89,1.47,6.95,4
12/29/2007 7:00,31774.29,5.56,1.98,0.45,4.08,6.78,26
12/29/2007 8:00,31774.34,6.67,2.69,0.45,5.45,6.61,126
12/29/2007 9:00,31774.38,8.33,3.12,0.45,1.22,6.43,257
12/29/2007 10:00,31774.42,12.78,6.3,0.89,5.53,6.26,352
12/29/2007 11:00,31774.46,14.44,5.18,0.89,1.69,6.09,422
12/29/2007 12:00,31774.5,13.33,4.66,0.89,3.91,5.92,399
12/29/2007 13:00,31774.55,12.78,3.89,0.89,3.39,7.64,289
12/29/2007 14:00,31774.59,12.22,4.13,0.89,4.03,9.49,152
12/29/2007 15:00,31774.63,11.67,3.85,0.45,5.46,9.51,120
12/29/2007 16:00,31774.67,10,4.31,0.45,5.81,9.54,26
12/29/2007 17:00,31774.71,9.44,5.19,0.89,0.66,9.56,4
12/29/2007 18:00,31774.76,9.44,4.99,1.34,0.31,9.58,4
12/29/2007 19:00,31774.8,7.78,3.76,1.79,0.75,9.61,4
12/29/2007 20:00,31774.84,7.22,4.14,2.24,1.17,9.63,4
12/29/2007 21:00,31774.88,6.67,3.78,2.24,1.31,9.65,3
12/29/2007 22:00,31774.92,6.11,3.75,2.24,1.24,9.68,3
12/29/2007 23:00,31774.97,6.11,2.33,1.34,1.57,8.14,4
12/30/2007 0:00,31775,6.11,4.25,1.79,1.33,9.72,4
12/30/2007 1:00,31775.04,5.56,3.54,1.34,1.59,9.75,4
12/30/2007 2:00,31775.08,7.22,4.67,1.34,1.29,9.77,4
12/30/2007 3:00,31775.13,6.11,3.58,1.34,1.15,9.79,4
12/30/2007 4:00,31775.17,6.11,3.58,0.89,1.61,9.81,4
12/30/2007 5:00,31775.21,5.56,3.54,1.79,1.26,9.84,4
12/30/2007 6:00,31775.25,6.67,4.29,1.34,1.03,9.86,4
12/30/2007 7:00,31775.29,6.11,3.92,1.34,1.2,9.88,14
12/30/2007 8:00,31775.34,8.33,5.23,0.89,0.33,9.91,58
12/30/2007 9:00,31775.38,8.89,5.59,0.45,5.5,9.93,110
12/30/2007 10:00,31775.42,8.89,6.13,0.45,4.21,9.95,120
12/30/2007 11:00,31775.46,8.89,7.15,0.45,4.35,9.98,107
12/30/2007 12:00,31775.5,9.44,7.53,0.89,5.13,10,124
12/30/2007 13:00,31775.55,10.56,9.13,1.79,5.59,9.96,166
12/30/2007 14:00,31775.59,10.56,7.94,1.34,5.57,9.65,145
12/30/2007 15:00,31775.63,10,8.25,0.45,4.22,9.53,76
12/30/2007 16:00,31775.67,7.78,6.7,0.45,4.03,9.42,14
12/30/2007 17:00,31775.71,7.22,6.62,0.45,4.85,9.3,3
12/30/2007 18:00,31775.76,6.67,6.22,0.89,4.24,9.18,3
12/30/2007 19:00,31775.8,7.78,7.33,2.24,5.57,9.06,3
12/30/2007 20:00,31775.84,6.67,5.76,1.79,5.43,8.95,3
12/30/2007 21:00,31775.88,6.67,5.76,0.89,4.26,8.83,3
12/30/2007 22:00,31775.92,6.11,5.36,1.34,3.63,8.71,3
12/30/2007 23:00,31775.97,5.56,3.37,1.34,1.36,9.7,4
12/31/2007 0:00,31776,5.56,4.96,0.89,3.74,8.48,3
12/31/2007 1:00,31776.04,5.56,4.96,0.45,4.59,8.36,3
12/31/2007 2:00,31776.08,5,4.56,0.45,3.05,8.24,3
12/31/2007 3:00,31776.13,5.56,5.26,0.45,4.08,8.13,3
12/31/2007 4:00,31776.17,6.11,5.81,0.45,4.45,8.01,3
12/31/2007 5:00,31776.21,4.44,4,0.45,4.83,7.89,3
12/31/2007 6:00,31776.25,5,4.85,0.45,3.87,7.77,2
12/31/2007 7:00,31776.29,5,4.85,0.45,4.1,7.66,3
12/31/2007 8:00,31776.34,5,4.85,0.45,3.79,7.54,42
12/31/2007 9:00,31776.38,6.11,5.81,0.45,4.42,7.42,73
12/31/2007 10:00,31776.42,7.78,6.54,0.89,5.74,7.31,147
12/31/2007 11:00,31776.46,10,6.85,1.34,3.74,7.19,283
12/31/2007 12:00,31776.5,10,7.04,0.45,3.89,7.07,350
12/31/2007 13:00,31776.55,11.67,7.54,1.79,3.74,6.89,323
12/31/2007 14:00,31776.59,11.67,6.94,0.45,0.91,4.25,325
12/31/2007 15:00,31776.63,13.33,9.35,0.45,5.52,4.18,177
12/31/2007 16:00,31776.67,8.33,5.93,0.45,5.38,4.1,31
12/31/2007 17:00,31776.71,6.67,4.46,0.45,6.06,4.03,4
12/31/2007 18:00,31776.76,7.22,5.67,1.34,1.59,3.96,1
12/31/2007 19:00,31776.8,6.11,4.41,1.34,1.27,3.88,0
12/31/2007 20:00,31776.84,6.11,4.73,0.89,1.94,3.81,0
12/31/2007 21:00,31776.88,4.44,3.7,0.89,4.08,3.74,0
12/31/2007 22:00,31776.92,5,4.41,0.45,3.94,3.66,0
12/31/2007 23:00,31776.97,6.11,5.36,0.45,3.72,8.6,3
