DATE TIME,JDAY,TAIR,TDEW,WIND,PHI,CLOUD,SRO
1/1/2009 0:00,32143,3.89,3.45,0.89,0.58,10,0
1/1/2009 1:00,32143.04,5,4.56,1.79,3.14,10,0
1/1/2009 2:00,32143.08,5,4.41,0.45,2.39,10,0
1/1/2009 3:00,32143.13,5,4.26,0.45,3.35,10,0
1/1/2009 4:00,32143.17,5,4.26,0.45,4.08,10,0
1/1/2009 5:00,32143.21,5,4.26,0.89,3.8,10,0
1/1/2009 6:00,32143.25,3.89,3.15,0.89,1.99,10,0
1/1/2009 7:00,32143.29,3.89,3.3,0.89,2.36,10,1
1/1/2009 8:00,32143.34,4.44,3.7,0,3.93,10,20
1/1/2009 9:00,32143.38,4.44,3.4,0.45,1.83,10,46
1/1/2009 10:00,32143.42,5,3.79,0.45,1.36,10,44
1/1/2009 11:00,32143.46,5,3.95,0.89,4.05,10,51
1/1/2009 12:00,32143.5,6.11,4.73,0.45,5.92,10,60
1/1/2009 13:00,32143.55,6.67,5.12,0.45,4,10,76
1/1/2009 14:00,32143.59,6.11,4.57,0.45,2.91,10,53
1/1/2009 15:00,32143.63,5,3.79,0.89,3.19,9.93,26
1/1/2009 16:00,32143.67,5.56,4.34,0.45,3.79,9.85,7
1/1/2009 17:00,32143.71,5.56,4.34,0.45,2.25,9.78,3
1/1/2009 18:00,32143.76,5.56,4.34,0.45,2.97,9.71,3
1/1/2009 19:00,32143.8,5,3.79,0.45,2.15,9.64,3
1/1/2009 20:00,32143.84,5.56,4.34,0.45,4.21,9.56,3
1/1/2009 21:00,32143.88,5.56,4.5,0.45,3.89,9.49,3
1/1/2009 22:00,32143.92,4.44,3.4,0.89,2.32,9.42,3
1/1/2009 23:00,32143.97,3.89,3.6,0.89,1.19,10,0
1/2/2009 0:00,32144,5,4.1,0.45,4.14,9.27,3
1/2/2009 1:00,32144.04,5,3.95,0.45,5.71,9.2,3
1/2/2009 2:00,32144.08,5,4.1,0.45,1.64,9.13,3
1/2/2009 3:00,32144.13,5,4.1,0.89,3.65,9.05,3
1/2/2009 4:00,32144.17,3.89,3.15,0.45,0.82,8.98,3
1/2/2009 5:00,32144.21,3.89,3.15,1.34,1.26,8.91,3
1/2/2009 6:00,32144.25,3.89,3,2.24,1.62,8.83,3
1/2/2009 7:00,32144.29,3.89,3.15,1.34,2.71,8.76,17
1/2/2009 8:00,32144.34,5,3.79,0.45,4.43,8.69,61
1/2/2009 9:00,32144.38,4.44,3.7,0.45,3.94,8.62,46
1/2/2009 10:00,32144.42,5.56,4.5,0.89,3.44,8.54,82
1/2/2009 11:00,32144.46,6.11,4.73,0.89,2.43,8.47,111
1/2/2009 12:00,32144.5,8.33,5.58,0.89,4.15,8.4,282
1/2/2009 13:00,32144.55,10,6.49,1.34,3.65,6.9,324
1/2/2009 14:00,32144.59,7.78,6.22,0.89,3.84,9.37,159
1/2/2009 15:00,32144.63,6.11,5.36,0,4.78,9.4,18
1/2/2009 16:00,32144.67,6.11,5.51,1.34,1.31,9.43,2
1/2/2009 17:00,32144.71,6.11,5.66,0.89,4.26,9.45,0
1/2/2009 18:00,32144.76,6.67,6.22,0.89,4,9.48,0
1/2/2009 19:00,32144.8,6.11,5.66,0.89,5.78,9.51,0
1/2/2009 20:00,32144.84,6.11,5.66,0,2.98,9.54,0
1/2/2009 21:00,32144.88,7.22,6.77,1.34,4.38,9.57,0
1/2/2009 22:00,32144.92,7.22,6.77,0.89,4.83,9.6,0
1/2/2009 23:00,32144.97,5,4.1,1.34,1.69,9.34,3
1/3/2009 0:00,32145,6.11,5.66,0.89,4.35,9.66,0
1/3/2009 1:00,32145.04,6.11,5.66,1.34,4.03,9.68,0
1/3/2009 2:00,32145.08,7.22,6.77,0.89,3.87,9.71,0
1/3/2009 3:00,32145.13,7.22,6.77,0.89,4.43,9.74,0
1/3/2009 4:00,32145.17,6.11,5.66,0.89,4.36,9.77,0
1/3/2009 5:00,32145.21,6.11,5.66,0.45,4.15,9.8,0
1/3/2009 6:00,32145.25,6.11,5.66,0.45,5.93,9.83,0
1/3/2009 7:00,32145.29,6.11,5.66,0.45,5.06,9.86,0
1/3/2009 8:00,32145.34,5.56,5.11,0.89,4.28,9.89,8
1/3/2009 9:00,32145.38,5,4.56,0.45,3.63,9.91,39
1/3/2009 10:00,32145.42,5,4.56,0.45,4.24,9.94,63
1/3/2009 11:00,32145.46,6.11,5.66,1.34,4.21,9.97,82
1/3/2009 12:00,32145.5,5.56,4.81,0.45,5.24,10,79
1/3/2009 13:00,32145.55,5.56,4.65,0.45,4.85,10,65
1/3/2009 14:00,32145.59,6.11,5.21,0.89,5.52,10,68
1/3/2009 15:00,32145.63,5.56,4.18,0.45,3.49,9.99,41
1/3/2009 16:00,32145.67,6.11,4.73,0.45,4.43,9.98,5
1/3/2009 17:00,32145.71,5.56,4.34,0.45,4.14,9.97,0
1/3/2009 18:00,32145.76,5.56,4.81,0.45,3.91,9.96,0
1/3/2009 19:00,32145.8,5,3.95,0.45,5.15,9.95,0
1/3/2009 20:00,32145.84,5,4.1,0.45,4.03,9.94,0
1/3/2009 21:00,32145.88,5,3.95,2.24,1.71,9.92,0
1/3/2009 22:00,32145.92,5,4.26,0.89,3.86,9.91,0
1/3/2009 23:00,32145.97,6.11,5.66,0.89,4,9.63,0
1/4/2009 0:00,32146,4.44,3.85,1.34,0.79,9.89,0
1/4/2009 1:00,32146.04,2.78,2.2,0.45,1.73,9.88,0
1/4/2009 2:00,32146.08,3.33,2.75,1.34,1.4,9.87,0
1/4/2009 3:00,32146.13,2.78,1.9,1.79,1.48,9.86,0
1/4/2009 4:00,32146.17,3.33,2.29,2.68,1.29,9.85,0
1/4/2009 5:00,32146.21,2.22,1.04,1.79,1.64,9.84,0
1/4/2009 6:00,32146.25,2.22,0.25,2.24,1.4,9.83,0
1/4/2009 7:00,32146.29,2.78,0.14,1.34,1.54,9.82,37
1/4/2009 8:00,32146.34,0.56,-0.92,1.79,4.19,9.81,196
1/4/2009 9:00,32146.38,1.67,1.09,2.24,4.05,9.79,284
1/4/2009 10:00,32146.42,4.44,3.85,0.89,3.79,9.78,279
1/4/2009 11:00,32146.46,4.44,3.7,0.89,3.56,9.77,216
1/4/2009 12:00,32146.5,5,4.1,1.34,3.75,9.76,199
1/4/2009 13:00,32146.55,6.67,4.8,0.45,4.01,8.25,263
1/4/2009 14:00,32146.59,6.67,4.96,0.45,4.21,7.64,231
1/4/2009 15:00,32146.63,7.78,5.21,0,1.12,7.75,167
1/4/2009 16:00,32146.67,6.11,4.08,0.89,1.85,7.86,38
1/4/2009 17:00,32146.71,3.89,2.85,0.45,3.14,7.97,4
1/4/2009 18:00,32146.76,3.89,2.69,0.45,1.22,8.07,4
1/4/2009 19:00,32146.8,5,4.1,1.34,0.84,8.18,3
1/4/2009 20:00,32146.84,4.44,3.4,1.79,1.08,8.29,1
1/4/2009 21:00,32146.88,5.56,4.18,1.34,1.55,8.39,1
1/4/2009 22:00,32146.92,5,3.48,1.34,1.06,8.5,2
1/4/2009 23:00,32146.97,4.44,3.7,0.45,4.31,9.9,0
1/5/2009 0:00,32147,5,3.48,0.45,1.36,8.71,3
1/5/2009 1:00,32147.04,3.33,2.6,0,5.34,8.82,3
1/5/2009 2:00,32147.08,3.89,2.54,0.45,4.8,8.93,3
1/5/2009 3:00,32147.13,3.89,2.85,0,4.52,9.04,3
1/5/2009 4:00,32147.17,5,3.95,0,1.64,9.14,3
1/5/2009 5:00,32147.21,5,4.1,0.45,3.75,9.25,3
1/5/2009 6:00,32147.25,4.44,3.55,0.45,1.9,9.36,3
1/5/2009 7:00,32147.29,5,3.79,0.45,4.15,9.46,10
1/5/2009 8:00,32147.34,5,3.48,0.45,2.09,9.57,51
1/5/2009 9:00,32147.38,6.11,4.57,0,3.18,9.68,86
1/5/2009 10:00,32147.42,6.11,4.08,1.34,2.32,9.79,150
1/5/2009 11:00,32147.46,6.67,4.12,0.45,3.33,9.89,181
1/5/2009 12:00,32147.5,6.67,5.12,0.45,3.94,10,144
1/5/2009 13:00,32147.55,6.67,5.28,0.45,4.17,10,133
1/5/2009 14:00,32147.59,7.22,5.99,0.45,3.77,10,122
1/5/2009 15:00,32147.63,6.11,5.21,0.89,4.21,10,47
1/5/2009 16:00,32147.67,5.56,4.5,0.89,4.12,10,13
1/5/2009 17:00,32147.71,5.56,4.5,0.45,3.87,10,1
1/5/2009 18:00,32147.76,5.56,4.65,0.89,5.48,10,1
1/5/2009 19:00,32147.8,5.56,4.65,1.34,6.11,10,1
1/5/2009 20:00,32147.84,6.67,5.91,0.45,4.47,10,1
1/5/2009 21:00,32147.88,5.56,4.96,0.45,4.12,10,1
1/5/2009 22:00,32147.92,5.56,4.96,0.45,4.33,10,1
1/5/2009 23:00,32147.97,5,3.32,0.89,1.87,8.61,2
1/6/2009 0:00,32148,5.56,4.96,0.45,5.62,10,1
1/6/2009 1:00,32148.04,5.56,4.96,0.89,4.22,10,2
1/6/2009 2:00,32148.08,5.56,4.96,0.89,3.96,10,2
1/6/2009 3:00,32148.13,6.11,5.66,0.89,3.89,10,2
1/6/2009 4:00,32148.17,6.11,5.66,0,4.92,10,1
1/6/2009 5:00,32148.21,6.11,5.66,0.45,4.82,10,1
1/6/2009 6:00,32148.25,6.11,5.66,0.45,3.89,10,0
1/6/2009 7:00,32148.29,6.11,5.66,0.45,4.4,10,3
1/6/2009 8:00,32148.34,5.56,5.11,0.45,4.22,10,20
1/6/2009 9:00,32148.38,6.67,6.22,0.45,3.46,10,41
1/6/2009 10:00,32148.42,6.11,5.66,0.45,4.68,10,65
1/6/2009 11:00,32148.46,6.67,6.22,0.89,4.19,10,110
1/6/2009 12:00,32148.5,8.33,6.77,0.89,3.65,10,184
1/6/2009 13:00,32148.55,7.22,5.34,0.45,3.89,10,136
1/6/2009 14:00,32148.59,7.22,5.51,0.45,3.7,10,60
1/6/2009 15:00,32148.63,7.22,5.01,0.45,2.64,10,37
1/6/2009 16:00,32148.67,7.78,5.72,0,2.39,10,12
1/6/2009 17:00,32148.71,6.67,4.96,1.34,1.22,10,4
1/6/2009 18:00,32148.76,6.67,4.96,1.79,1.17,10,4
1/6/2009 19:00,32148.8,6.67,5.12,0.45,2.29,10,4
1/6/2009 20:00,32148.84,6.67,4.96,0.45,0.98,10,4
1/6/2009 21:00,32148.88,6.67,5.12,1.34,1.5,10,4
1/6/2009 22:00,32148.92,6.67,5.28,0.45,4.92,10,4
1/6/2009 23:00,32148.97,6.11,5.51,0,6.2,10,1
1/7/2009 0:00,32149,7.78,6.22,0.45,1.4,10,4
1/7/2009 1:00,32149.04,7.78,6.22,0.89,1.62,10,4
1/7/2009 2:00,32149.08,6.11,4.73,0.45,2.84,10,4
1/7/2009 3:00,32149.13,6.67,3.95,1.79,1.36,10,4
1/7/2009 4:00,32149.17,6.67,3.95,1.79,0.86,10,4
1/7/2009 5:00,32149.21,5.56,3.86,1.34,1.27,10,4
1/7/2009 6:00,32149.25,5.56,4.02,1.79,0.96,10,4
1/7/2009 7:00,32149.29,5.56,4.02,1.79,1.13,10,17
1/7/2009 8:00,32149.34,6.67,4.63,0.45,1.38,10,73
1/7/2009 9:00,32149.38,7.22,5.01,1.79,0.96,10,149
1/7/2009 10:00,32149.42,8.89,5.03,0.45,1.73,10,169
1/7/2009 11:00,32149.46,8.89,4.65,0.45,4.21,10,169
1/7/2009 12:00,32149.5,9.44,5.76,0.89,6.14,10,160
1/7/2009 13:00,32149.55,10,6.11,0.45,0.14,10,143
1/7/2009 14:00,32149.59,10.56,5.87,0.89,5.69,9.32,164
1/7/2009 15:00,32149.63,8.89,5.03,0.89,3.46,9.35,102
1/7/2009 16:00,32149.67,7.22,4.49,0.45,3.75,9.38,32
1/7/2009 17:00,32149.71,7.78,5.56,0.89,3.23,9.41,4
1/7/2009 18:00,32149.76,7.22,4.84,0.45,3.79,9.44,4
1/7/2009 19:00,32149.8,7.78,5.56,0.89,2.9,9.47,4
1/7/2009 20:00,32149.84,6.67,4.8,0.45,2.18,9.5,4
1/7/2009 21:00,32149.88,7.22,5.51,0.89,2.62,9.54,4
1/7/2009 22:00,32149.92,6.11,4.41,0.45,1.88,9.57,4
1/7/2009 23:00,32149.97,7.78,6.22,0.89,1.85,10,4
1/8/2009 0:00,32150,6.67,5.28,0.45,1.17,9.63,4
1/8/2009 1:00,32150.04,6.67,5.28,0.89,2.23,9.66,4
1/8/2009 2:00,32150.08,5.56,4.34,0.45,2.36,9.69,4
1/8/2009 3:00,32150.13,5.56,4.5,0,1.9,9.72,4
1/8/2009 4:00,32150.17,6.11,5.21,1.34,3.7,9.75,4
1/8/2009 5:00,32150.21,6.11,5.36,1.34,0.1,9.78,4
1/8/2009 6:00,32150.25,5,4.41,2.24,0.21,9.81,4
1/8/2009 7:00,32150.29,5.56,4.96,0.89,4.12,9.85,12
1/8/2009 8:00,32150.34,5,4.1,1.79,5.53,9.88,52
1/8/2009 9:00,32150.38,5.56,4.34,1.79,5.93,9.91,91
1/8/2009 10:00,32150.42,7.22,5.83,0.45,4.69,9.94,90
1/8/2009 11:00,32150.46,6.67,5.44,0.89,4.15,9.97,73
1/8/2009 12:00,32150.5,6.11,5.05,0.89,4.78,10,71
1/8/2009 13:00,32150.55,6.67,5.6,0.89,4.29,10,66
1/8/2009 14:00,32150.59,6.11,4.89,0.45,4.71,10,56
1/8/2009 15:00,32150.63,5.56,4.81,0.45,4.21,10,24
1/8/2009 16:00,32150.67,6.11,5.51,0.45,3.87,10,10
1/8/2009 17:00,32150.71,6.11,5.66,0.45,3.79,10,4
1/8/2009 18:00,32150.76,6.11,5.66,0.89,3.58,10,4
1/8/2009 19:00,32150.8,5.56,5.11,0.89,3.44,10,4
1/8/2009 20:00,32150.84,5.56,5.11,0.45,1.55,10,4
1/8/2009 21:00,32150.88,5.56,5.11,0.89,3.6,10,4
1/8/2009 22:00,32150.92,5.56,5.11,0.89,2.25,10,4
1/8/2009 23:00,32150.97,6.11,4.57,0.89,2.11,9.6,4
1/9/2009 0:00,32151,6.11,5.66,0.45,2.64,10,4
1/9/2009 1:00,32151.04,6.11,5.66,0.45,2.27,10,4
1/9/2009 2:00,32151.08,6.11,5.66,0.45,1.68,10,4
1/9/2009 3:00,32151.13,6.11,5.51,0.45,2.25,10,4
1/9/2009 4:00,32151.17,6.11,5.36,0.45,2.25,10,4
1/9/2009 5:00,32151.21,6.11,5.36,0.89,4.19,10,4
1/9/2009 6:00,32151.25,6.11,5.66,0.45,4.1,10,4
1/9/2009 7:00,32151.29,6.11,5.66,0.45,4.21,10,15
1/9/2009 8:00,32151.34,6.11,5.66,0.45,3.39,10,59
1/9/2009 9:00,32151.38,6.67,5.6,0.89,1.8,10,82
1/9/2009 10:00,32151.42,7.78,5.21,0.45,2.27,10,86
1/9/2009 11:00,32151.46,8.33,4.68,0.89,3.07,10,101
1/9/2009 12:00,32151.5,7.78,3.95,0.45,1.8,10,139
1/9/2009 13:00,32151.55,8.89,4.84,0.45,2.95,10,139
1/9/2009 14:00,32151.59,8.33,4.68,0.45,1.24,10,114
1/9/2009 15:00,32151.63,8.89,5.22,0.45,4.01,9.66,79
1/9/2009 16:00,32151.67,6.11,3.41,0.45,4.68,9.32,26
1/9/2009 17:00,32151.71,5,2.99,0,0.54,8.98,5
1/9/2009 18:00,32151.76,6.11,4.57,1.79,5.88,8.65,4
1/9/2009 19:00,32151.8,5,3.63,1.79,0.91,8.31,4
1/9/2009 20:00,32151.84,4.44,3.08,3.13,1.15,7.97,4
1/9/2009 21:00,32151.88,5,3.95,1.79,0.63,7.63,4
1/9/2009 22:00,32151.92,4.44,3.4,3.13,1.01,7.29,4
1/9/2009 23:00,32151.97,5.56,5.11,1.34,3.68,10,4
1/10/2009 0:00,32152,3.89,3,2.68,0.94,6.61,4
1/10/2009 1:00,32152.04,2.78,1.9,3.13,1.05,6.27,4
1/10/2009 2:00,32152.08,3.33,2.45,2.24,1.12,5.94,4
1/10/2009 3:00,32152.13,3.33,2.45,2.68,0.82,5.6,4
1/10/2009 4:00,32152.17,3.33,2.14,1.79,1.27,5.26,4
1/10/2009 5:00,32152.21,3.33,1.51,4.02,1.06,4.92,4
1/10/2009 6:00,32152.25,1.67,0.18,2.24,1.27,4.58,4
1/10/2009 7:00,32152.29,3.33,1.19,3.13,1.17,4.24,41
1/10/2009 8:00,32152.34,5,2.15,0.45,5.99,3.9,197
1/10/2009 9:00,32152.38,7.78,2.18,0.89,4.26,3.56,353
1/10/2009 10:00,32152.42,11.67,5.69,0.45,4.36,3.23,469
1/10/2009 11:00,32152.46,15,9.09,0.45,5.27,2.89,533
1/10/2009 12:00,32152.5,15.56,8.01,1.34,2.97,2.55,510
1/10/2009 13:00,32152.55,16.11,7.78,0.45,4.12,0,482
1/10/2009 14:00,32152.59,18.89,10.66,0.45,4.01,2.4,367
1/10/2009 15:00,32152.63,15.56,6.48,0.89,3.75,2.44,218
1/10/2009 16:00,32152.67,12.78,6.97,0.45,4.12,2.47,50
1/10/2009 17:00,32152.71,9.44,6.13,0.89,0.94,2.5,4
1/10/2009 18:00,32152.76,8.33,5.93,1.34,0.54,2.54,4
1/10/2009 19:00,32152.8,8.89,5.77,1.34,1.06,2.57,4
1/10/2009 20:00,32152.84,8.33,5.76,2.24,1.06,2.61,4
1/10/2009 21:00,32152.88,6.11,4.41,1.79,1.41,2.64,3
1/10/2009 22:00,32152.92,5.56,4.18,2.68,1.22,2.67,3
1/10/2009 23:00,32152.97,3.89,3.15,3.13,1.43,6.95,4
1/11/2009 0:00,32153,5.56,4.18,2.24,1.41,2.74,3
1/11/2009 1:00,32153.04,4.44,2.93,3.13,0.84,2.77,3
1/11/2009 2:00,32153.08,5,3.32,2.68,1.43,2.81,3
1/11/2009 3:00,32153.13,3.89,2.38,3.13,1.36,2.84,3
1/11/2009 4:00,32153.17,3.89,2.22,2.68,1.22,2.88,3
1/11/2009 5:00,32153.21,5,2.66,2.24,1.47,2.91,3
1/11/2009 6:00,32153.25,4.44,2.77,3.13,1.13,2.94,4
1/11/2009 7:00,32153.29,4.44,2.44,2.24,0.98,2.98,40
1/11/2009 8:00,32153.34,5,2.49,1.79,1.38,3.01,171
1/11/2009 9:00,32153.38,9.44,5.76,0.45,5.65,3.04,325
1/11/2009 10:00,32153.42,11.67,7.14,0.45,4.63,3.08,448
1/11/2009 11:00,32153.46,13.33,7.93,0.45,2.53,3.11,515
1/11/2009 12:00,32153.5,15,8.42,0.89,3.74,3.15,500
1/11/2009 13:00,32153.55,18.89,11.41,0.89,5.67,1.87,472
1/11/2009 14:00,32153.59,16.11,8.53,0.45,1.75,3.36,355
1/11/2009 15:00,32153.63,14.44,6.22,0,3.05,3.33,205
1/11/2009 16:00,32153.67,12.22,7.07,0.45,4.07,3.31,50
1/11/2009 17:00,32153.71,10,5.53,0.45,5.41,3.28,5
1/11/2009 18:00,32153.76,8.89,5.4,0.45,2.5,3.26,4
1/11/2009 19:00,32153.8,8.33,5.05,1.79,1.38,3.23,4
1/11/2009 20:00,32153.84,7.22,5.18,2.68,1.33,3.21,4
1/11/2009 21:00,32153.88,7.22,5.18,2.68,0.91,3.18,3
1/11/2009 22:00,32153.92,6.67,4.96,2.68,1.2,3.16,3
1/11/2009 23:00,32153.97,5.56,3.7,1.79,1.01,2.71,3
1/12/2009 0:00,32154,7.22,5.67,3.58,1.36,3.11,3
1/12/2009 1:00,32154.04,5.56,4.02,2.68,0.99,3.08,3
1/12/2009 2:00,32154.08,6.67,4.96,2.24,1.03,3.05,3
1/12/2009 3:00,32154.13,5.56,3.7,3.13,1.05,3.03,3
1/12/2009 4:00,32154.17,6.11,4.41,4.47,1.08,3,3
1/12/2009 5:00,32154.21,5,3.32,3.13,1.13,2.98,3
1/12/2009 6:00,32154.25,5.56,3.7,2.68,1.06,2.95,3
1/12/2009 7:00,32154.29,5,2.82,3.13,0.99,2.93,37
1/12/2009 8:00,32154.34,6.67,3.78,1.79,0.82,2.9,213
1/12/2009 9:00,32154.38,11.11,6.6,0.45,4.01,2.88,370
1/12/2009 10:00,32154.42,13.89,7.81,0.89,1.03,2.85,438
1/12/2009 11:00,32154.46,15,8.65,0.89,0.91,2.83,520
1/12/2009 12:00,32154.5,19.44,11.69,1.34,5.78,2.8,509
1/12/2009 13:00,32154.55,19.44,8.99,0.45,5.88,0,485
1/12/2009 14:00,32154.59,18.89,8.48,1.34,4.08,2.18,373
1/12/2009 15:00,32154.63,18.33,8.25,0.45,4.22,2.19,221
1/12/2009 16:00,32154.67,14.44,8.12,0.45,4.05,2.2,50
1/12/2009 17:00,32154.71,11.11,5.79,0.45,2.11,2.21,4
1/12/2009 18:00,32154.76,10.56,6.26,0.45,0.4,2.22,3
1/12/2009 19:00,32154.8,11.11,7.57,1.79,1.15,2.22,4
1/12/2009 20:00,32154.84,8.89,6.65,2.68,0.91,2.23,4
1/12/2009 21:00,32154.88,9.44,6.31,2.68,1.45,2.24,3
1/12/2009 22:00,32154.92,8.89,5.59,1.79,1.66,2.25,4
1/12/2009 23:00,32154.97,6.67,4.96,2.68,0.75,3.13,3
1/13/2009 0:00,32155,8.33,5.23,2.68,1.03,2.26,4
1/13/2009 1:00,32155.04,7.22,3.41,2.68,1.31,2.27,4
1/13/2009 2:00,32155.08,7.78,3.76,2.24,0.96,2.28,4
1/13/2009 3:00,32155.13,6.67,2.5,2.24,1.08,2.29,4
1/13/2009 4:00,32155.17,5.56,2.16,3.13,0.93,2.29,4
1/13/2009 5:00,32155.21,6.11,2.88,2.68,1.24,2.3,4
1/13/2009 6:00,32155.25,5.56,1.42,3.13,1.31,2.31,4
1/13/2009 7:00,32155.29,6.67,1.52,2.24,0.87,2.32,39
1/13/2009 8:00,32155.34,8.33,3.12,2.24,1.27,2.33,198
1/13/2009 9:00,32155.38,10.56,3.51,1.79,0.77,2.33,357
1/13/2009 10:00,32155.42,17.78,9.09,0.89,5.92,2.34,478
1/13/2009 11:00,32155.46,17.22,8.31,0.45,4.68,2.35,545
1/13/2009 12:00,32155.5,20.56,11.43,0.89,0.09,2.36,519
1/13/2009 13:00,32155.55,21.67,11.35,0.45,5.5,0,501
1/13/2009 14:00,32155.59,20,8.29,0.89,1.62,0,388
1/13/2009 15:00,32155.63,19.44,8.99,0.45,4.5,0.1,230
1/13/2009 16:00,32155.67,15.56,7.76,0.45,4.59,0.2,55
1/13/2009 17:00,32155.71,13.89,7.59,0.45,6.13,0.3,4
1/13/2009 18:00,32155.76,12.78,8.22,1.34,0.82,0.4,3
1/13/2009 19:00,32155.8,11.67,8.11,2.68,0.84,0.49,3
1/13/2009 20:00,32155.84,10,7.39,3.13,0.87,0.59,3
1/13/2009 21:00,32155.88,10.56,7.21,2.68,0.86,0.69,3
1/13/2009 22:00,32155.92,8.89,6.13,3.58,1.1,0.79,4
1/13/2009 23:00,32155.97,8.33,5.41,1.34,1.34,2.25,4
1/14/2009 0:00,32156,8.89,5.22,2.24,0.84,0.99,3
1/14/2009 1:00,32156.04,7.78,4.5,3.13,1.08,1.09,4
1/14/2009 2:00,32156.08,7.22,4.14,3.58,1.06,1.19,4
1/14/2009 3:00,32156.13,7.22,3.6,2.68,1.55,1.28,3
1/14/2009 4:00,32156.17,6.67,3.06,3.13,0.91,1.38,4
1/14/2009 5:00,32156.21,7.22,3.6,4.02,1.12,1.48,4
1/14/2009 6:00,32156.25,6.67,3.6,3.13,1.1,1.58,3
1/14/2009 7:00,32156.29,6.11,2.52,2.68,1.19,1.68,37
1/14/2009 8:00,32156.34,8.33,3.92,2.68,1.19,1.78,190
1/14/2009 9:00,32156.38,11.11,4.94,1.34,1.03,1.88,349
1/14/2009 10:00,32156.42,16.11,8.29,0.45,4.85,1.98,473
1/14/2009 11:00,32156.46,18.89,9.05,0.89,3.12,2.08,544
1/14/2009 12:00,32156.5,21.67,12.74,0.45,5.64,2.17,524
1/14/2009 13:00,32156.55,20.56,8.8,0.89,3.87,1.38,483
1/14/2009 14:00,32156.59,21.67,9.82,0.89,4.26,3.71,354
1/14/2009 15:00,32156.63,20,8.6,0.89,5.59,3.66,202
1/14/2009 16:00,32156.67,16.11,8.77,0.45,4.75,3.6,50
1/14/2009 17:00,32156.71,13.33,7.93,0.89,5.65,3.55,4
1/14/2009 18:00,32156.76,13.33,8.95,0.89,0.49,3.49,3
1/14/2009 19:00,32156.8,12.22,8.46,1.79,0.86,3.44,3
1/14/2009 20:00,32156.84,10.56,7.21,3.13,1.06,3.38,3
1/14/2009 21:00,32156.88,10,7.04,2.68,0.94,3.32,3
1/14/2009 22:00,32156.92,10,7.04,3.13,1.12,3.27,3
1/14/2009 23:00,32156.97,8.89,5.77,4.02,1.13,0.89,3
1/15/2009 0:00,32157,8.89,5.22,2.24,1.01,3.16,4
1/15/2009 1:00,32157.04,8.33,4.3,2.24,1.1,3.1,3
1/15/2009 2:00,32157.08,7.78,3.95,3.13,1.22,3.05,4
1/15/2009 3:00,32157.13,7.22,3.23,2.68,0.75,2.99,4
1/15/2009 4:00,32157.17,6.67,2.69,3.13,0.94,2.93,4
1/15/2009 5:00,32157.21,7.22,3.23,2.68,0.68,2.88,4
1/15/2009 6:00,32157.25,6.11,2.15,3.58,1.43,2.82,4
1/15/2009 7:00,32157.29,6.11,2.7,2.68,0.86,2.77,36
1/15/2009 8:00,32157.34,8.89,2.6,0.45,6.18,2.71,188
1/15/2009 9:00,32157.38,13.33,7.06,0.45,5.38,2.66,339
1/15/2009 10:00,32157.42,18.33,10.38,0.45,5.71,2.6,463
1/15/2009 11:00,32157.46,17.22,10.07,0.45,1.15,2.54,539
1/15/2009 12:00,32157.5,19.44,10.39,0.45,0.33,2.49,521
1/15/2009 13:00,32157.55,21.67,11.35,0,4.17,0,495
1/15/2009 14:00,32157.59,23.33,12.6,0.45,5.52,1.66,384
1/15/2009 15:00,32157.63,20,9.51,0.45,3.56,1.67,228
1/15/2009 16:00,32157.67,16.11,9.25,0.45,4.82,1.68,54
1/15/2009 17:00,32157.71,13.33,7.5,0.89,0.09,1.69,5
1/15/2009 18:00,32157.76,12.78,8.01,1.34,0.35,1.71,3
1/15/2009 19:00,32157.8,12.22,8.46,1.79,1.13,1.72,3
1/15/2009 20:00,32157.84,10.56,7.21,1.79,0.7,1.73,3
1/15/2009 21:00,32157.88,10.56,7.76,3.13,0.98,1.74,3
1/15/2009 22:00,32157.92,10,6.3,3.13,1.1,1.75,3
1/15/2009 23:00,32157.97,10,6.67,3.58,0.96,3.21,3
1/16/2009 0:00,32158,10,2.75,4.02,1.24,1.78,3
1/16/2009 1:00,32158.04,9.44,0.77,4.02,1.41,1.79,3
1/16/2009 2:00,32158.08,8.89,-0.27,4.02,0.84,1.8,3
1/16/2009 3:00,32158.13,8.89,-1.07,3.58,0.82,1.82,3
1/16/2009 4:00,32158.17,8.33,-0.53,1.34,3.7,1.83,3
1/16/2009 5:00,32158.21,7.78,-0.06,1.79,0.82,1.84,4
1/16/2009 6:00,32158.25,7.22,0.79,3.13,0.82,1.85,4
1/16/2009 7:00,32158.29,7.78,-1.83,2.68,1.12,1.87,43
1/16/2009 8:00,32158.34,10,-0.04,0.89,1.06,1.88,201
1/16/2009 9:00,32158.38,11.67,3.85,0.45,0.33,1.89,352
1/16/2009 10:00,32158.42,20,8.29,0,5.48,1.9,480
1/16/2009 11:00,32158.46,19.44,6.81,1.34,3.96,1.92,554
1/16/2009 12:00,32158.5,19.44,7.14,0.89,0.91,1.93,532
1/16/2009 13:00,32158.55,20.56,6.79,0.89,0.42,0,509
1/16/2009 14:00,32158.59,24.44,5.23,0.45,4.19,0,400
1/16/2009 15:00,32158.63,22.22,1.77,0.89,6.13,0.04,247
1/16/2009 16:00,32158.67,20.56,2.32,0.45,5.5,0.08,61
1/16/2009 17:00,32158.71,15.56,0.83,1.79,0.19,0.12,4
1/16/2009 18:00,32158.76,14.44,-0.16,3.58,1.19,0.16,3
1/16/2009 19:00,32158.8,12.78,-0.59,4.02,1.26,0.19,3
1/16/2009 20:00,32158.84,11.11,-0.79,3.58,1.27,0.23,3
1/16/2009 21:00,32158.88,11.11,-1.43,4.02,1.41,0.27,3
1/16/2009 22:00,32158.92,10.56,-0.68,4.02,1.24,0.31,3
1/16/2009 23:00,32158.97,8.89,3.45,3.58,1.03,1.77,3
1/17/2009 0:00,32159,11.11,-1.76,4.02,1.55,0.39,3
1/17/2009 1:00,32159.04,10.56,-0.68,3.58,1.41,0.43,3
1/17/2009 2:00,32159.08,9.44,-1.41,4.47,1.03,0.47,3
1/17/2009 3:00,32159.13,9.44,-1.41,4.92,0.84,0.51,3
1/17/2009 4:00,32159.17,9.44,-2.31,2.24,1.27,0.54,4
1/17/2009 5:00,32159.21,8.89,-0.8,1.79,1.12,0.58,3
1/17/2009 6:00,32159.25,7.78,-2.37,2.68,1.27,0.62,4
1/17/2009 7:00,32159.29,8.33,0.71,0.89,5.43,0.66,45
1/17/2009 8:00,32159.34,12.22,1.73,0.45,5.45,0.7,211
1/17/2009 9:00,32159.38,15,4.29,0.45,3.67,0.74,372
1/17/2009 10:00,32159.42,17.22,3.78,0.45,4.07,0.78,499
1/17/2009 11:00,32159.46,21.67,6.3,0.45,5.46,0.82,568
1/17/2009 12:00,32159.5,20,3.6,0.89,4.22,0.85,545
1/17/2009 13:00,32159.55,21.11,4.58,0.45,3.21,0,519
1/17/2009 14:00,32159.59,22.78,6.89,0.45,3.35,0,407
1/17/2009 15:00,32159.63,21.11,4.58,0.89,3.91,0,261
1/17/2009 16:00,32159.67,18.33,5.13,0.45,5.01,0,72
1/17/2009 17:00,32159.71,15,4,0.89,0.21,0,5
1/17/2009 18:00,32159.76,12.78,4.14,1.34,0.96,0,3
1/17/2009 19:00,32159.8,11.67,3.6,2.68,1.26,0,3
1/17/2009 20:00,32159.84,10.56,3.74,3.13,1.45,0,3
1/17/2009 21:00,32159.88,10,3.66,3.13,1.22,0,3
1/17/2009 22:00,32159.92,11.11,4.03,3.58,1.17,0,3
1/17/2009 23:00,32159.97,10.56,-0.99,4.92,1.24,0.35,3
1/18/2009 0:00,32160,10.56,2.8,4.47,1.19,0,3
1/18/2009 1:00,32160.04,10.56,2.06,3.58,1.12,0,3
1/18/2009 2:00,32160.08,10.56,1.02,3.58,1.5,0,3
1/18/2009 3:00,32160.13,10.56,0.47,3.58,0.98,0,3
1/18/2009 4:00,32160.17,9.44,0.51,3.13,1.1,0,4
1/18/2009 5:00,32160.21,8.33,-0.53,2.24,1.43,0,3
1/18/2009 6:00,32160.25,9.44,-1.41,1.79,1.01,0,4
1/18/2009 7:00,32160.29,8.33,-2.14,1.79,1.17,0,46
1/18/2009 8:00,32160.34,11.11,1.8,1.79,6.2,0,210
1/18/2009 9:00,32160.38,17.78,4.62,0.89,5.76,0,372
1/18/2009 10:00,32160.42,20.56,5.69,0,5.71,0,500
1/18/2009 11:00,32160.46,22.22,4.7,0.89,0.65,0,572
1/18/2009 12:00,32160.5,21.11,6.19,0.45,0.12,0,551
1/18/2009 13:00,32160.55,24.44,8.78,0.45,4.38,0,525
1/18/2009 14:00,32160.59,23.33,6.98,0.45,3.51,0,416
1/18/2009 15:00,32160.63,20.56,6.79,0.45,5.41,0.1,260
1/18/2009 16:00,32160.67,17.78,7.15,0.89,4.21,0.2,66
1/18/2009 17:00,32160.71,14.44,5.96,0.45,5.41,0.3,5
1/18/2009 18:00,32160.76,12.78,6.08,1.34,5.85,0.4,3
1/18/2009 19:00,32160.8,11.67,5.9,1.34,1.15,0.5,3
1/18/2009 20:00,32160.84,11.67,4.33,3.58,1.15,0.6,3
1/18/2009 21:00,32160.88,11.11,4.03,3.58,1.41,0.71,3
1/18/2009 22:00,32160.92,11.11,2.83,2.68,0.98,0.81,3
1/18/2009 23:00,32160.97,10.56,3.51,4.47,1.15,0,3
1/19/2009 0:00,32161,10,1.03,4.02,0.98,1.01,3
1/19/2009 1:00,32161.04,10.56,0.47,3.58,1.17,1.11,3
1/19/2009 2:00,32161.08,8.89,-0.53,3.13,1.47,1.21,3
1/19/2009 3:00,32161.13,8.89,0.5,2.68,1.38,1.31,3
1/19/2009 4:00,32161.17,8.89,-1.63,2.68,1.31,1.41,3
1/19/2009 5:00,32161.21,8.89,-1.07,3.13,0.86,1.51,3
1/19/2009 6:00,32161.25,8.89,-2.51,2.24,1.1,1.61,4
1/19/2009 7:00,32161.29,8.89,-1.07,1.79,0.98,1.71,41
1/19/2009 8:00,32161.34,10,1.29,2.24,0.72,1.81,216
1/19/2009 9:00,32161.38,13.89,2.37,0.89,0.66,1.91,377
1/19/2009 10:00,32161.42,21.11,6.19,0.45,0.14,2.02,507
1/19/2009 11:00,32161.46,22.22,6.4,0.45,1.94,2.12,586
1/19/2009 12:00,32161.5,21.67,4.21,0.89,0.86,2.22,535
1/19/2009 13:00,32161.55,25,6.21,0.45,5.45,0,543
1/19/2009 14:00,32161.59,24.44,4.21,0.45,5.52,0,421
1/19/2009 15:00,32161.63,21.11,3.27,0,3.11,0.04,264
1/19/2009 16:00,32161.67,18.89,4.19,0.45,5.03,0.09,61
1/19/2009 17:00,32161.71,16.11,3.77,1.34,0.77,0.13,5
1/19/2009 18:00,32161.76,15,3.7,2.24,1.13,0.17,3
1/19/2009 19:00,32161.8,12.22,4.13,3.13,0.56,0.22,3
1/19/2009 20:00,32161.84,12.78,4.65,2.24,1.06,0.26,3
1/19/2009 21:00,32161.88,11.11,4.72,2.24,0.87,0.3,3
1/19/2009 22:00,32161.92,11.11,3.56,3.13,1.05,0.35,3
1/19/2009 23:00,32161.97,10,1.29,2.68,1.12,0.91,3
1/20/2009 0:00,32162,8.89,1.7,3.58,1.29,0.44,3
1/20/2009 1:00,32162.04,10,1.29,1.79,0.63,0.48,3
1/20/2009 2:00,32162.08,8.89,0.99,3.13,1.2,0.52,3
1/20/2009 3:00,32162.13,9.44,0.51,2.24,0.77,0.57,3
1/20/2009 4:00,32162.17,8.33,0.22,2.24,0.99,0.61,3
1/20/2009 5:00,32162.21,7.22,-0.58,3.13,1.05,0.65,4
1/20/2009 6:00,32162.25,6.67,-0.18,3.13,1.48,0.7,4
1/20/2009 7:00,32162.29,6.67,0.04,2.68,1.06,0.74,39
1/20/2009 8:00,32162.34,11.11,1.26,1.34,1.2,0.78,215
1/20/2009 9:00,32162.38,16.67,5.23,0.89,5.79,0.83,376
1/20/2009 10:00,32162.42,17.78,7.73,0.89,3.47,0.87,499
1/20/2009 11:00,32162.46,17.78,7.45,0.89,6.25,0.91,571
1/20/2009 12:00,32162.5,21.11,5.8,0.45,4.08,0.96,552
1/20/2009 13:00,32162.55,22.22,6.8,0.89,0.23,0,528
1/20/2009 14:00,32162.59,22.22,7.57,0.89,5.57,2.1,391
1/20/2009 15:00,32162.63,20,6.64,0.45,4.71,2.46,194
1/20/2009 16:00,32162.67,18.33,6.13,0.45,4.21,2.82,78
1/20/2009 17:00,32162.71,14.44,4.07,1.34,0.16,3.18,5
1/20/2009 18:00,32162.76,15,5.43,0.89,2.76,3.54,3
1/20/2009 19:00,32162.8,12.22,5.32,1.79,0.66,3.9,3
1/20/2009 20:00,32162.84,12.22,6,2.68,0.66,4.26,3
1/20/2009 21:00,32162.88,11.11,6.2,2.24,0.66,4.62,3
1/20/2009 22:00,32162.92,12.22,4.85,2.24,1.06,4.97,3
1/20/2009 23:00,32162.97,10,3.21,3.58,0.98,0.39,3
1/21/2009 0:00,32163,11.67,4.79,2.24,0.66,5.69,3
1/21/2009 1:00,32163.04,11.11,3.56,2.68,1.03,6.05,3
1/21/2009 2:00,32163.08,11.11,3.08,3.13,1.24,6.41,3
1/21/2009 3:00,32163.13,11.67,4.33,1.79,0.8,6.77,3
1/21/2009 4:00,32163.17,11.11,3.08,3.13,1.15,7.13,3
1/21/2009 5:00,32163.21,10.56,2.8,2.24,0.72,7.49,3
1/21/2009 6:00,32163.25,11.67,3.85,3.58,1.1,7.85,4
1/21/2009 7:00,32163.29,11.67,4.09,1.79,3.75,8.21,23
1/21/2009 8:00,32163.34,11.11,5.37,1.79,0.98,8.56,83
1/21/2009 9:00,32163.38,13.33,5.9,0.45,5.74,8.92,106
1/21/2009 10:00,32163.42,13.33,7.06,0.45,0.72,9.28,149
1/21/2009 11:00,32163.46,14.44,6.22,1.34,3.84,9.64,117
1/21/2009 12:00,32163.5,15.56,7.51,0.45,5.27,10,139
1/21/2009 13:00,32163.55,17.22,7.49,0.45,3.49,9.9,184
1/21/2009 14:00,32163.59,15.56,7.26,2.24,0.77,10,136
1/21/2009 15:00,32163.63,15.56,8.48,0.89,4.19,10,80
1/21/2009 16:00,32163.67,14.44,8.56,0.45,4.07,10,29
1/21/2009 17:00,32163.71,13.33,8.34,0.45,1.41,10,4
1/21/2009 18:00,32163.76,12.22,7.88,0.45,5.25,10,3
1/21/2009 19:00,32163.8,12.78,9,0.89,0.28,10,3
1/21/2009 20:00,32163.84,12.78,8.42,1.79,0.75,10,3
1/21/2009 21:00,32163.88,13.33,8.14,2.68,1.31,10,3
1/21/2009 22:00,32163.92,11.11,8.83,1.34,3.91,10,3
1/21/2009 23:00,32163.97,11.67,4.79,1.79,1.05,5.33,3
1/22/2009 0:00,32164,9.44,8.36,0.45,2.48,10,4
1/22/2009 1:00,32164.04,9.44,8.36,2.68,0.38,10,3
1/22/2009 2:00,32164.08,10.56,8.29,1.34,1.4,10,4
1/22/2009 3:00,32164.13,10.56,8.8,0.89,4.29,10,4
1/22/2009 4:00,32164.17,11.11,9.85,2.24,1.13,10,4
1/22/2009 5:00,32164.21,10.56,9.46,0.89,4.01,10,4
1/22/2009 6:00,32164.25,10,9.07,1.79,1.38,10,4
1/22/2009 7:00,32164.29,11.11,10.17,0.45,4.49,10,9
1/22/2009 8:00,32164.34,10.56,9.78,0.45,3.82,10,20
1/22/2009 9:00,32164.38,11.67,10.56,0.89,3.98,10,87
1/22/2009 10:00,32164.42,11.11,10.17,0.89,5.81,10,74
1/22/2009 11:00,32164.46,12.78,11.66,0.45,4.24,10,151
1/22/2009 12:00,32164.5,11.67,10.4,1.79,1.5,10,107
1/22/2009 13:00,32164.55,12.78,11.66,0.45,4.19,10,108
1/22/2009 14:00,32164.59,13.89,12.76,0.89,4.08,10,128
1/22/2009 15:00,32164.63,13.33,12.54,0.89,3.14,10,34
1/22/2009 16:00,32164.67,12.78,12.15,0.45,5.45,10,22
1/22/2009 17:00,32164.71,12.78,12.15,0.89,4.15,10,5
1/22/2009 18:00,32164.76,12.78,12.15,0.45,3.7,10,4
1/22/2009 19:00,32164.8,11.67,11.04,1.79,1.38,10,4
1/22/2009 20:00,32164.84,11.67,11.2,0.89,4.21,10,4
1/22/2009 21:00,32164.88,11.67,11.2,0.89,0.72,10,3
1/22/2009 22:00,32164.92,11.67,11.2,0.89,0.52,10,3
1/22/2009 23:00,32164.97,10,8.25,0.45,4.4,10,3
1/23/2009 0:00,32165,12.22,11.75,0.45,3.8,10,4
1/23/2009 1:00,32165.04,11.11,10.65,0.45,1.88,10,4
1/23/2009 2:00,32165.08,11.11,10.65,1.34,0.02,10,4
1/23/2009 3:00,32165.13,11.67,11.2,0.89,3.98,10,4
1/23/2009 4:00,32165.17,11.67,11.2,0.45,3.26,10,4
1/23/2009 5:00,32165.21,11.11,10.65,0.45,4.05,10,4
1/23/2009 6:00,32165.25,11.67,11.2,0.45,3.91,10,4
1/23/2009 7:00,32165.29,11.11,10.65,1.79,0.07,10,14
1/23/2009 8:00,32165.34,12.78,12.31,1.34,5.36,10,82
1/23/2009 9:00,32165.38,13.33,12.86,0.89,3.26,10,177
1/23/2009 10:00,32165.42,12.22,11.6,0.45,1.64,10,67
1/23/2009 11:00,32165.46,12.78,12.15,0.45,2.2,10,76
1/23/2009 12:00,32165.5,12.78,11.66,0.89,0.77,10,142
1/23/2009 13:00,32165.55,15,13.36,0.45,5.17,9.77,194
1/23/2009 14:00,32165.59,13.33,12.21,0.45,5.78,10,60
1/23/2009 15:00,32165.63,13.89,12.93,2.24,1.08,10,43
1/23/2009 16:00,32165.67,13.33,12.38,1.34,0.63,10,13
1/23/2009 17:00,32165.71,13.89,13.26,0.89,4.1,10,4
1/23/2009 18:00,32165.76,12.78,12.15,0.45,4.05,10,4
1/23/2009 19:00,32165.8,13.33,12.7,2.68,1.41,10,4
1/23/2009 20:00,32165.84,12.78,12.15,2.68,1.54,10,4
1/23/2009 21:00,32165.88,12.78,11.66,0.89,2.15,10,4
1/23/2009 22:00,32165.92,13.89,12.6,0.45,2.67,10,4
1/23/2009 23:00,32165.97,12.22,11.75,1.34,6.14,10,4
1/24/2009 0:00,32166,12.22,11.6,0.89,4.1,10,4
1/24/2009 1:00,32166.04,12.22,11.75,1.79,0.98,10,4
1/24/2009 2:00,32166.08,12.22,11.75,2.68,1.43,10,4
1/24/2009 3:00,32166.13,12.78,12.31,1.34,2.53,10,4
1/24/2009 4:00,32166.17,13.33,12.86,0.89,2.41,10,3
1/24/2009 5:00,32166.21,13.33,12.7,0.89,3.49,10,4
1/24/2009 6:00,32166.25,13.33,12.7,2.68,3.4,10,4
1/24/2009 7:00,32166.29,13.33,12.7,0.45,3.28,10,9
1/24/2009 8:00,32166.34,13.33,12.7,0.45,2.58,10,39
1/24/2009 9:00,32166.38,13.89,12.93,0.89,1.82,10,108
1/24/2009 10:00,32166.42,15,12.29,2.24,3.56,10,166
1/24/2009 11:00,32166.46,12.78,11.16,0.89,4.42,10,113
1/24/2009 12:00,32166.5,15,11.93,1.34,5.38,10,182
1/24/2009 13:00,32166.55,14.44,10.43,1.34,5.57,9.51,212
1/24/2009 14:00,32166.59,15.56,10.9,0.45,5.1,8.48,220
1/24/2009 15:00,32166.63,13.89,9.69,0.89,5.5,8.55,94
1/24/2009 16:00,32166.67,13.89,10.27,0.45,4.36,8.62,26
1/24/2009 17:00,32166.71,12.22,9.39,0.89,5.11,8.69,5
1/24/2009 18:00,32166.76,12.22,9.57,0.89,4.28,8.76,4
1/24/2009 19:00,32166.8,10.56,7.58,0.89,4.92,8.83,4
1/24/2009 20:00,32166.84,11.11,7.76,0.89,4.71,8.9,4
1/24/2009 21:00,32166.88,9.44,7.19,0.89,5.32,8.96,4
1/24/2009 22:00,32166.92,8.89,7.32,0.89,4.03,9.03,4
1/24/2009 23:00,32166.97,12.22,11.6,0.45,3.72,10,4
1/25/2009 0:00,32167,8.89,7.32,0.45,5.03,9.17,4
1/25/2009 1:00,32167.04,9.44,8.36,0.45,4.24,9.24,4
1/25/2009 2:00,32167.08,8.89,6.82,1.79,5.65,9.31,4
1/25/2009 3:00,32167.13,9.44,7.02,0.45,4.29,9.38,4
1/25/2009 4:00,32167.17,7.78,6.06,0.89,3.87,9.45,4
1/25/2009 5:00,32167.21,7.78,6.7,0.45,3.84,9.52,4
1/25/2009 6:00,32167.25,7.22,5.18,1.34,4.12,9.59,4
1/25/2009 7:00,32167.29,6.67,4.46,0.89,0.07,9.65,30
1/25/2009 8:00,32167.34,7.78,5.21,0.89,5.55,9.72,76
1/25/2009 9:00,32167.38,10,5.33,0.45,4.63,9.79,185
1/25/2009 10:00,32167.42,8.89,4.46,0.45,3.54,9.86,199
1/25/2009 11:00,32167.46,8.89,4.84,0.45,3.79,9.93,87
1/25/2009 12:00,32167.5,10,4.93,0.89,3.93,10,186
1/25/2009 13:00,32167.55,11.11,5.58,0.89,5.32,9.67,203
1/25/2009 14:00,32167.59,11.67,4.79,0.45,3.91,8.45,223
1/25/2009 15:00,32167.63,11.11,3.56,0.45,4.52,8.47,220
1/25/2009 16:00,32167.67,10,4.31,0.45,4.26,8.5,73
1/25/2009 17:00,32167.71,7.78,3.38,0.45,2.5,8.52,6
1/25/2009 18:00,32167.76,7.22,4.32,1.34,2.2,8.54,4
1/25/2009 19:00,32167.8,8.33,5.23,2.68,0.8,8.57,4
1/25/2009 20:00,32167.84,6.11,4.57,0.89,4.24,8.59,4
1/25/2009 21:00,32167.88,5.56,4.34,0.45,0.33,8.62,4
1/25/2009 22:00,32167.92,5.56,4.02,0.89,1.88,8.64,4
1/25/2009 23:00,32167.97,9.44,8.36,0.45,4.24,9.1,4
1/26/2009 0:00,32168,5.56,3.7,0.45,2.15,8.69,4
1/26/2009 1:00,32168.04,5.56,4.5,0.45,3.67,8.71,4
1/26/2009 2:00,32168.08,5,3.79,0.89,1.61,8.73,4
1/26/2009 3:00,32168.13,6.11,4.57,1.79,1.41,8.76,4
1/26/2009 4:00,32168.17,5,3.95,0.89,4.26,8.78,4
1/26/2009 5:00,32168.21,5.56,4.5,0.89,3.6,8.81,4
1/26/2009 6:00,32168.25,5.56,4.34,0.45,2.11,8.83,4
1/26/2009 7:00,32168.29,5,3.63,0.89,1.4,8.85,25
1/26/2009 8:00,32168.34,7.22,5.51,0.89,2.01,8.88,101
1/26/2009 9:00,32168.38,7.22,4.67,0.89,1.59,8.9,180
1/26/2009 10:00,32168.42,8.33,5.23,0.45,3.77,8.93,205
1/26/2009 11:00,32168.46,10.56,5.05,0.45,5.5,8.95,332
1/26/2009 12:00,32168.5,9.44,3.98,0.45,5.15,8.97,273
1/26/2009 13:00,32168.55,10.56,5.05,0.89,4.73,7.12,349
1/26/2009 14:00,32168.59,10,4.72,1.34,4.85,5.71,330
1/26/2009 15:00,32168.63,10,3.88,1.34,4.5,5.66,226
1/26/2009 16:00,32168.67,9.44,3.56,0.45,4.73,5.62,57
1/26/2009 17:00,32168.71,7.78,3.38,0.45,4.61,5.57,7
1/26/2009 18:00,32168.76,7.78,2.79,0.89,0.07,5.52,4
1/26/2009 19:00,32168.8,6.67,2.31,0.89,6.23,5.47,4
1/26/2009 20:00,32168.84,6.67,2.5,0.89,2.06,5.42,4
1/26/2009 21:00,32168.88,6.11,3.41,1.34,1.64,5.37,4
1/26/2009 22:00,32168.92,5,2.82,1.79,1.4,5.33,4
1/26/2009 23:00,32168.97,6.11,4.25,0.89,2.39,8.66,4
1/27/2009 0:00,32169,5,3.15,0.89,1.05,5.23,4
1/27/2009 1:00,32169.04,3.89,1.9,2.68,1.54,5.18,4
1/27/2009 2:00,32169.08,4.44,2.11,1.79,1.85,5.13,4
1/27/2009 3:00,32169.13,2.22,0.89,0.45,2.97,5.08,4
1/27/2009 4:00,32169.17,2.78,2.2,2.24,1.06,5.04,4
1/27/2009 5:00,32169.21,2.78,-0.03,2.68,1.48,4.99,4
1/27/2009 6:00,32169.25,2.78,-1.45,2.68,1.13,4.94,4
1/27/2009 7:00,32169.29,3.33,-0.91,0.89,3.96,4.89,58
1/27/2009 8:00,32169.34,5.56,0.85,0.45,3.04,4.84,224
1/27/2009 9:00,32169.38,8.33,2.92,0.89,3.87,4.79,386
1/27/2009 10:00,32169.42,10,3.43,1.34,2.93,4.75,510
1/27/2009 11:00,32169.46,10.56,3.51,2.68,2.65,4.7,581
1/27/2009 12:00,32169.5,11.11,5.15,1.34,3.94,4.65,495
1/27/2009 13:00,32169.55,11.11,3.8,1.34,3.42,0.68,522
1/27/2009 14:00,32169.59,12.78,5.14,0.89,1.66,0,423
1/27/2009 15:00,32169.63,12.22,3.37,0.89,3.12,0.08,271
1/27/2009 16:00,32169.67,10.56,3.51,0.45,3.93,0.16,61
1/27/2009 17:00,32169.71,8.89,3.66,0.45,4.01,0.23,7
1/27/2009 18:00,32169.76,8.89,4.46,0.89,0.66,0.31,4
1/27/2009 19:00,32169.8,7.78,5.04,1.79,1.03,0.39,4
1/27/2009 20:00,32169.84,6.67,3.6,1.79,0.91,0.47,4
1/27/2009 21:00,32169.88,6.11,3.41,1.79,1.5,0.55,4
1/27/2009 22:00,32169.92,5.56,3.03,2.24,1.27,0.62,4
1/27/2009 23:00,32169.97,5,3.32,2.68,1.38,5.28,4
1/28/2009 0:00,32170,5.56,3.54,3.13,1.13,0.78,4
1/28/2009 1:00,32170.04,5,2.82,3.13,1.06,0.86,4
1/28/2009 2:00,32170.08,5,2.99,4.02,1.22,0.94,4
1/28/2009 3:00,32170.13,3.89,2.06,4.02,0.82,1.01,4
1/28/2009 4:00,32170.17,3.89,1.9,4.02,1.12,1.09,4
1/28/2009 5:00,32170.21,3.33,1.67,2.68,1.15,1.17,4
1/28/2009 6:00,32170.25,3.33,1.19,1.79,1.22,1.25,4
1/28/2009 7:00,32170.29,3.33,1.35,2.68,1.03,1.33,51
1/28/2009 8:00,32170.34,5.56,3.03,0.89,2.08,1.41,211
1/28/2009 9:00,32170.38,10.56,5.05,0.45,5.52,1.48,377
1/28/2009 10:00,32170.42,10.56,4.84,1.34,3.77,1.56,504
1/28/2009 11:00,32170.46,12.22,6.22,0.45,4.19,1.64,550
1/28/2009 12:00,32170.5,13.33,5.42,0.45,5.31,1.72,568
1/28/2009 13:00,32170.55,12.22,4.85,0.89,5.13,6.11,399
1/28/2009 14:00,32170.59,15,6.48,0.45,5.24,3.89,383
1/28/2009 15:00,32170.63,12.78,5.14,0,3.23,3.71,272
1/28/2009 16:00,32170.67,10.56,3.96,0.45,4.47,3.54,68
1/28/2009 17:00,32170.71,9.44,4.39,0.45,4.12,3.36,8
1/28/2009 18:00,32170.76,8.33,4.3,0.45,1.27,3.18,4
1/28/2009 19:00,32170.8,7.78,3.76,0.45,5.53,3.01,4
1/28/2009 20:00,32170.84,8.33,5.41,1.34,0.73,2.83,4
1/28/2009 21:00,32170.88,6.67,3.95,2.68,1.34,2.65,4
1/28/2009 22:00,32170.92,6.11,3.75,2.68,1.27,2.48,4
1/28/2009 23:00,32170.97,5,2.99,2.68,1.52,0.7,4
1/29/2009 0:00,32171,6.11,4.08,3.13,1.34,2.12,4
1/29/2009 1:00,32171.04,5,2.99,3.13,1.33,1.95,4
1/29/2009 2:00,32171.08,4.44,3.08,2.24,1.5,1.77,4
1/29/2009 3:00,32171.13,5,3.32,2.68,1.38,1.59,4
1/29/2009 4:00,32171.17,5,3.48,3.13,1.2,1.41,4
1/29/2009 5:00,32171.21,3.89,2.38,2.68,1.29,1.24,4
1/29/2009 6:00,32171.25,3.89,2.22,3.13,0.91,1.06,4
1/29/2009 7:00,32171.29,3.89,2.22,3.58,1.15,0.88,55
1/29/2009 8:00,32171.34,7.22,4.67,2.24,1.22,0.71,224
1/29/2009 9:00,32171.38,11.11,6.2,0.45,3.3,0.53,393
1/29/2009 10:00,32171.42,13.89,7.81,0.89,3.4,0.35,525
1/29/2009 11:00,32171.46,14.44,7.19,0.45,3.04,0.18,598
1/29/2009 12:00,32171.5,17.22,8.83,0.45,5.18,0,583
1/29/2009 13:00,32171.55,15.56,7.51,0.45,1.31,0,556
1/29/2009 14:00,32171.59,16.67,8.05,0.45,1.31,0,446
1/29/2009 15:00,32171.63,16.11,7,0.45,1.71,0,287
1/29/2009 16:00,32171.67,14.44,7.19,0.45,4.59,0,57
1/29/2009 17:00,32171.71,11.11,6.8,0.45,5.72,0,8
1/29/2009 18:00,32171.76,10.56,7.76,1.34,0.26,0,3
1/29/2009 19:00,32171.8,10,6.67,2.24,0.93,0,4
1/29/2009 20:00,32171.84,8.89,6.3,1.79,1.13,0,4
1/29/2009 21:00,32171.88,8.33,6.1,2.68,1.34,0,4
1/29/2009 22:00,32171.92,7.78,6.06,4.02,1.15,0,4
1/29/2009 23:00,32171.97,5.56,3.37,2.68,1.4,2.3,4
1/30/2009 0:00,32172,7.78,5.72,3.13,1.22,0,4
1/30/2009 1:00,32172.04,6.67,4.46,3.13,1.27,0,4
1/30/2009 2:00,32172.08,7.22,4.84,2.68,1.34,0,4
1/30/2009 3:00,32172.13,5.56,3.7,2.68,1.15,0,4
1/30/2009 4:00,32172.17,5.56,3.03,3.58,1.17,0,4
1/30/2009 5:00,32172.21,5.56,3.2,2.68,1.45,0,4
1/30/2009 6:00,32172.25,5.56,3.2,3.58,1.22,0,4
1/30/2009 7:00,32172.29,5.56,2.51,2.68,1.27,0,59
1/30/2009 8:00,32172.34,7.78,3.38,1.34,1.2,0,231
1/30/2009 9:00,32172.38,12.22,6.43,0.45,0.73,0,404
1/30/2009 10:00,32172.42,17.78,10.83,0.45,5.06,0,531
1/30/2009 11:00,32172.46,17.22,9.58,0.89,4.61,0,607
1/30/2009 12:00,32172.5,18.89,10.4,0.45,5.41,0,589
1/30/2009 13:00,32172.55,20,11.44,0.89,5.53,0,563
1/30/2009 14:00,32172.59,20,10.08,0.45,5.31,0,454
1/30/2009 15:00,32172.63,18.33,9.35,0.89,4.1,0.02,297
1/30/2009 16:00,32172.67,16.11,8.53,0.45,4.71,0.05,64
1/30/2009 17:00,32172.71,13.33,8.95,0.45,4.52,0.07,8
1/30/2009 18:00,32172.76,11.67,7.54,1.34,5.95,0.1,3
1/30/2009 19:00,32172.8,10.56,7.94,1.34,0.56,0.12,3
1/30/2009 20:00,32172.84,10.56,8.29,1.79,1.2,0.15,3
1/30/2009 21:00,32172.88,10,7.91,2.24,0.99,0.17,3
1/30/2009 22:00,32172.92,9.44,7.36,1.79,0.7,0.2,3
1/30/2009 23:00,32172.97,7.78,6.06,4.02,0.84,0,4
1/31/2009 0:00,32173,7.78,5.38,2.24,1.08,0.25,4
1/31/2009 1:00,32173.04,8.33,5.41,1.79,1.06,0.27,4
1/31/2009 2:00,32173.08,7.78,4.86,2.24,1.06,0.29,4
1/31/2009 3:00,32173.13,6.67,3.42,1.79,1.31,0.32,4
1/31/2009 4:00,32173.17,6.67,3.95,2.68,1.06,0.34,4
1/31/2009 5:00,32173.21,6.11,2.52,1.79,0.72,0.37,4
1/31/2009 6:00,32173.25,6.11,2.88,2.24,1.03,0.39,4
1/31/2009 7:00,32173.29,5.56,1.98,2.24,1.54,0.42,58
1/31/2009 8:00,32173.34,7.78,2.79,2.24,0.61,0.44,229
1/31/2009 9:00,32173.38,12.78,7.39,0.45,2.95,0.47,401
1/31/2009 10:00,32173.42,14.44,8.99,1.79,3.6,0.49,527
1/31/2009 11:00,32173.46,16.67,10.91,1.34,3.61,0.51,596
1/31/2009 12:00,32173.5,17.78,11.3,0.45,3.82,0.54,588
1/31/2009 13:00,32173.55,20,11.96,0.45,5.01,0,560
1/31/2009 14:00,32173.59,18.33,8.81,1.34,3.67,0,452
1/31/2009 15:00,32173.63,17.22,8.04,1.34,3.56,0.08,295
1/31/2009 16:00,32173.67,16.11,8.29,0.89,4.31,0.16,66
1/31/2009 17:00,32173.71,12.78,7.18,0.45,4.78,0.24,8
1/31/2009 18:00,32173.76,11.67,6.74,2.68,1.19,0.32,3
1/31/2009 19:00,32173.8,10.56,6.46,1.79,0.73,0.39,3
1/31/2009 20:00,32173.84,9.44,6.31,0.89,2.13,0.47,3
1/31/2009 21:00,32173.88,8.89,6.3,1.79,0.86,0.55,4
1/31/2009 22:00,32173.92,8.89,6.48,2.24,0.75,0.63,4
1/31/2009 23:00,32173.97,8.89,5.59,2.24,1.19,0.22,4
2/1/2009 0:00,32174,8.33,6.77,2.24,1.38,0.79,3
2/1/2009 1:00,32174.04,8.33,6.93,3.13,1.17,0.87,3
2/1/2009 2:00,32174.08,7.78,6.22,3.13,1.12,0.95,3
2/1/2009 3:00,32174.13,7.78,5.72,3.13,0.94,1.02,3
2/1/2009 4:00,32174.17,7.22,5.18,3.13,1.06,1.1,3
2/1/2009 5:00,32174.21,7.22,5.01,4.02,1.08,1.18,3
2/1/2009 6:00,32174.25,6.67,4.63,4.47,1.06,1.26,3
2/1/2009 7:00,32174.29,7.22,4.84,4.02,1.19,1.34,51
2/1/2009 8:00,32174.34,8.33,5.05,0.89,0.89,1.42,205
2/1/2009 9:00,32174.38,12.78,8.01,1.34,1.06,1.5,370
2/1/2009 10:00,32174.42,16.67,10.24,0.45,3.28,1.58,503
2/1/2009 11:00,32174.46,18.33,11.83,0,2.34,1.65,578
2/1/2009 12:00,32174.5,18.33,9.87,0.45,0.07,1.73,581
2/1/2009 13:00,32174.55,20,11.44,0.45,2.9,0,556
2/1/2009 14:00,32174.59,20.56,11.43,0.89,5.86,0,444
2/1/2009 15:00,32174.63,17.78,9.09,0.89,4.22,0,276
2/1/2009 16:00,32174.67,16.67,9.06,0.45,5.01,0,64
2/1/2009 17:00,32174.71,12.22,7.88,0.45,5.9,0,9
2/1/2009 18:00,32174.76,12.22,7.68,0.45,0.16,0,3
2/1/2009 19:00,32174.8,11.67,8.48,1.34,0.65,0,3
2/1/2009 20:00,32174.84,10.56,8.46,1.79,0.17,0,3
2/1/2009 21:00,32174.88,8.89,6.99,2.68,1.2,0,4
2/1/2009 22:00,32174.92,9.44,7.53,3.58,1.05,0,4
2/1/2009 23:00,32174.97,8.33,6.27,3.13,1.2,0.71,3
2/2/2009 0:00,32175,8.33,6.1,2.68,0.87,0,4
2/2/2009 1:00,32175.04,7.78,5.72,2.68,1.22,0,4
2/2/2009 2:00,32175.08,7.78,4.68,3.13,1.1,0,4
2/2/2009 3:00,32175.13,7.22,4.32,4.02,1.01,0,4
2/2/2009 4:00,32175.17,7.78,3.38,2.24,1.33,0,4
2/2/2009 5:00,32175.21,6.67,2.69,3.13,1.31,0,4
2/2/2009 6:00,32175.25,7.22,2.26,3.13,1.01,0,4
2/2/2009 7:00,32175.29,10,3.21,1.34,0.86,0,68
2/2/2009 8:00,32175.34,13.33,4.92,1.34,6.11,0,244
2/2/2009 9:00,32175.38,15.56,7.76,0.45,3.74,0,414
2/2/2009 10:00,32175.42,17.78,8.29,0.45,4.17,0,549
2/2/2009 11:00,32175.46,18.89,9.6,1.34,3.89,0,620
2/2/2009 12:00,32175.5,22.22,12.44,0.45,2.83,0,606
2/2/2009 13:00,32175.55,22.22,11.86,0.89,5.55,0,577
2/2/2009 14:00,32175.59,23.33,11.67,0.45,4.94,0,461
2/2/2009 15:00,32175.63,21.11,10.24,0.45,5.11,0,298
2/2/2009 16:00,32175.67,19.44,11.18,0.45,5.36,0,69
2/2/2009 17:00,32175.71,14.44,8.12,1.79,0.59,0,9
2/2/2009 18:00,32175.76,13.89,8.46,0.45,0.94,0,3
2/2/2009 19:00,32175.8,12.22,8.46,2.24,1.24,0,3
2/2/2009 20:00,32175.84,11.67,8.3,2.68,1.29,0,3
2/2/2009 21:00,32175.88,11.11,7.76,4.02,1.06,0,3
2/2/2009 22:00,32175.92,10.56,7.03,2.24,0.75,0,3
2/2/2009 23:00,32175.97,8.33,6.44,4.02,1.01,0,4
2/3/2009 0:00,32176,10.56,5.87,2.68,1.52,0,3
2/3/2009 1:00,32176.04,9.44,4.19,3.13,1.27,0,4
2/3/2009 2:00,32176.08,8.89,3.86,3.58,1.19,0,4
2/3/2009 3:00,32176.13,8.89,3.03,3.13,1.17,0,4
2/3/2009 4:00,32176.17,8.89,3.45,2.24,1.38,0,4
2/3/2009 5:00,32176.21,9.44,3.13,1.79,0.77,0,4
2/3/2009 6:00,32176.25,7.78,2.99,3.58,1.41,0,4
2/3/2009 7:00,32176.29,9.44,2.45,2.24,1.17,0,71
2/3/2009 8:00,32176.34,10.56,4.19,2.68,0.7,0,246
2/3/2009 9:00,32176.38,13.89,4.92,0.89,5.85,0,415
2/3/2009 10:00,32176.42,20,9.21,0.45,3.68,0,551
2/3/2009 11:00,32176.46,21.11,10.54,0.89,1.06,0,629
2/3/2009 12:00,32176.5,22.78,10.84,0.45,4.19,0,618
2/3/2009 13:00,32176.55,25,10.44,0,4.94,0,592
2/3/2009 14:00,32176.59,25,3.02,1.34,4.15,0,483
2/3/2009 15:00,32176.63,23.89,1.48,0.45,3.42,0.25,321
2/3/2009 16:00,32176.67,21.67,-0.4,0.45,0.7,0.49,74
2/3/2009 17:00,32176.71,17.78,0.79,1.79,0.61,0.74,9
2/3/2009 18:00,32176.76,17.22,2.32,2.24,0.86,0.98,3
2/3/2009 19:00,32176.8,15.56,3.27,3.13,1.24,1.23,3
2/3/2009 20:00,32176.84,13.33,3.32,3.58,1.15,1.47,3
2/3/2009 21:00,32176.88,13.33,3.32,3.58,1.05,1.72,3
2/3/2009 22:00,32176.92,12.78,3.62,3.58,1.22,1.96,3
2/3/2009 23:00,32176.97,10,6.11,3.13,1.06,0,3
2/4/2009 0:00,32177,12.22,3.1,3.13,1.27,2.45,3
2/4/2009 1:00,32177.04,11.11,2.58,3.13,0.84,2.7,4
2/4/2009 2:00,32177.08,11.11,2.33,2.24,0.73,2.94,3
2/4/2009 3:00,32177.13,11.67,0.93,3.58,1.06,3.19,3
2/4/2009 4:00,32177.17,12.22,0.84,2.68,1.15,3.44,3
2/4/2009 5:00,32177.21,11.11,0.42,3.58,1.2,3.68,3
2/4/2009 6:00,32177.25,13.33,0.59,1.34,0.05,3.93,4
2/4/2009 7:00,32177.29,14.44,0.2,1.79,1.45,4.17,65
2/4/2009 8:00,32177.34,14.44,2.25,3.58,1.45,4.42,249
2/4/2009 9:00,32177.38,16.11,5.02,1.34,3.75,4.66,426
2/4/2009 10:00,32177.42,20.56,9.42,1.34,4.29,4.91,555
2/4/2009 11:00,32177.46,21.11,9.63,1.34,0.72,5.15,602
2/4/2009 12:00,32177.5,22.78,2.77,1.34,3.35,5.4,489
2/4/2009 13:00,32177.55,23.89,4.75,0.45,6.11,5.8,430
2/4/2009 14:00,32177.59,25.56,4.63,0.45,5.1,1.1,444
2/4/2009 15:00,32177.63,20.56,4.91,0.45,4.64,1.5,204
2/4/2009 16:00,32177.67,18.89,4.19,0.45,4.71,1.91,71
2/4/2009 17:00,32177.71,18.33,3.69,0.89,4.29,2.31,7
2/4/2009 18:00,32177.76,16.11,4.09,1.79,0.26,2.72,3
2/4/2009 19:00,32177.8,16.11,3.45,3.58,1.27,3.12,3
2/4/2009 20:00,32177.84,15.56,3.59,1.34,0.86,3.53,3
2/4/2009 21:00,32177.88,17.78,2.04,2.24,1.36,3.93,3
2/4/2009 22:00,32177.92,13.89,4.12,1.79,0.98,4.33,3
2/4/2009 23:00,32177.97,11.67,3.85,3.58,1.27,2.21,3
2/5/2009 0:00,32178,16.11,2.06,2.24,1.9,5.14,3
2/5/2009 1:00,32178.04,16.11,0.15,1.34,1.97,5.55,3
2/5/2009 2:00,32178.08,13.89,2.68,1.34,0.61,5.95,3
2/5/2009 3:00,32178.13,15,0.7,1.79,1.4,6.36,3
2/5/2009 4:00,32178.17,11.67,2.85,1.79,4.22,6.76,3
2/5/2009 5:00,32178.21,12.78,-0.94,2.24,5.65,7.17,3
2/5/2009 6:00,32178.25,12.78,-2.03,0.89,5.17,7.57,4
2/5/2009 7:00,32178.29,10.56,4.19,0.45,3.79,7.98,38
2/5/2009 8:00,32178.34,12.22,3.1,1.34,0.38,8.38,51
2/5/2009 9:00,32178.38,12.78,3.89,0.45,1.4,8.79,88
2/5/2009 10:00,32178.42,12.78,4.9,0.45,5.67,9.19,121
2/5/2009 11:00,32178.46,11.67,6.33,0.89,3.91,9.6,89
2/5/2009 12:00,32178.5,11.11,6.4,1.79,0.79,10,134
2/5/2009 13:00,32178.55,11.11,6.2,2.68,0.86,10,81
2/5/2009 14:00,32178.59,11.67,5.9,1.79,0.86,10,145
2/5/2009 15:00,32178.63,13.33,6.61,0.89,0.73,9.89,155
2/5/2009 16:00,32178.67,12.22,6.86,2.24,1.05,9.78,59
2/5/2009 17:00,32178.71,12.22,5.77,1.34,0.86,9.67,7
2/5/2009 18:00,32178.76,10.56,5.67,2.68,0.98,9.56,3
2/5/2009 19:00,32178.8,11.11,7,2.24,1.05,9.45,4
2/5/2009 20:00,32178.84,10,6.49,2.24,0.8,9.34,3
2/5/2009 21:00,32178.88,10,5.92,1.79,1.34,9.23,4
2/5/2009 22:00,32178.92,11.11,6.4,0.89,0.89,9.12,4
2/5/2009 23:00,32178.97,13.89,3.56,2.24,1.48,4.74,3
2/6/2009 0:00,32179,10.56,7.21,1.79,1.87,8.9,4
2/6/2009 1:00,32179.04,10,6.67,3.58,1.12,8.79,4
2/6/2009 2:00,32179.08,11.11,7.19,4.47,0.72,8.69,4
2/6/2009 3:00,32179.13,11.67,6.74,3.13,1.5,8.58,4
2/6/2009 4:00,32179.17,12.22,7.07,3.13,0.89,8.47,4
2/6/2009 5:00,32179.21,11.67,7.14,2.24,1.24,8.36,3
2/6/2009 6:00,32179.25,10,8.08,1.34,4.17,8.25,4
2/6/2009 7:00,32179.29,10,8.58,1.34,1.62,8.14,8
2/6/2009 8:00,32179.34,8.89,7.96,4.92,0.61,8.03,22
2/6/2009 9:00,32179.38,11.11,9.18,4.47,0.93,7.92,161
2/6/2009 10:00,32179.42,13.89,9.29,2.68,1.82,7.81,601
2/6/2009 11:00,32179.46,16.11,9.01,1.34,2.53,7.7,616
2/6/2009 12:00,32179.5,15.56,8.48,0.45,2.46,7.59,382
2/6/2009 13:00,32179.55,15,7.48,0.45,5.08,9.49,231
2/6/2009 14:00,32179.59,12.78,8.81,0.89,2.08,10,74
2/6/2009 15:00,32179.63,10.56,9.62,1.34,3.56,9.84,13
2/6/2009 16:00,32179.67,8.89,8.12,5.36,0.72,9.67,8
2/6/2009 17:00,32179.71,9.44,6.67,2.24,1.66,9.51,6
2/6/2009 18:00,32179.76,11.11,6.4,4.47,1.68,9.34,4
2/6/2009 19:00,32179.8,9.44,5.38,5.36,1.4,9.18,4
2/6/2009 20:00,32179.84,10,4.31,4.02,1.75,9.02,4
2/6/2009 21:00,32179.88,9.44,3.98,2.68,1.92,8.85,4
2/6/2009 22:00,32179.92,8.89,3.86,3.58,1.4,8.69,4
2/6/2009 23:00,32179.97,11.11,5.79,0.45,2.08,9.01,4
2/7/2009 0:00,32180,9.44,5.57,1.34,1.06,8.36,4
2/7/2009 1:00,32180.04,7.78,4.86,2.68,1.45,8.2,4
2/7/2009 2:00,32180.08,7.22,4.32,4.02,1.36,8.03,4
2/7/2009 3:00,32180.13,7.22,3.96,3.13,1.1,7.87,4
2/7/2009 4:00,32180.17,7.78,4.5,2.68,0.45,7.71,4
2/7/2009 5:00,32180.21,7.78,3.76,2.68,1.24,7.54,4
2/7/2009 6:00,32180.25,6.67,2.69,3.13,0.73,7.38,4
2/7/2009 7:00,32180.29,7.22,3.41,3.13,1.43,7.22,23
2/7/2009 8:00,32180.34,10,4.72,1.34,4.35,7.05,219
2/7/2009 9:00,32180.38,8.89,4.06,0.89,0.93,6.89,203
2/7/2009 10:00,32180.42,11.11,6.4,0.45,4.24,6.72,259
2/7/2009 11:00,32180.46,15.56,7.26,0.45,4.8,6.56,482
2/7/2009 12:00,32180.5,15.56,8.95,0,3.54,6.4,451
2/7/2009 13:00,32180.55,13.89,8.25,0.89,4.15,8.98,267
2/7/2009 14:00,32180.59,12.78,7.6,0.45,4.5,9.09,212
2/7/2009 15:00,32180.63,12.78,8.42,0.45,4.92,9.01,140
2/7/2009 16:00,32180.67,11.11,7.19,0.45,1.97,8.93,59
2/7/2009 17:00,32180.71,11.11,7.76,0.89,5.88,8.85,10
2/7/2009 18:00,32180.76,10,7.21,2.24,1.41,8.77,3
2/7/2009 19:00,32180.8,10,6.67,1.34,1.15,8.68,3
2/7/2009 20:00,32180.84,10,7.04,1.34,2.37,8.6,4
2/7/2009 21:00,32180.88,9.44,6.49,1.79,1.82,8.52,4
2/7/2009 22:00,32180.92,10,6.49,0.89,2.22,8.44,4
2/7/2009 23:00,32180.97,10,4.52,1.79,1.13,8.53,4
2/8/2009 0:00,32181,10.56,6.84,1.79,2.04,8.28,4
2/8/2009 1:00,32181.04,10,6.49,1.34,2.16,8.2,3
2/8/2009 2:00,32181.08,10,6.67,1.79,1.75,8.11,3
2/8/2009 3:00,32181.13,8.89,5.4,3.13,1.33,8.03,3
2/8/2009 4:00,32181.17,8.89,5.22,3.58,0.72,7.95,3
2/8/2009 5:00,32181.21,8.89,5.03,3.13,1.69,7.87,3
2/8/2009 6:00,32181.25,9.44,5.76,1.34,1.64,7.79,4
2/8/2009 7:00,32181.29,10,6.3,1.34,1.69,7.71,21
2/8/2009 8:00,32181.34,10.56,6.65,0.45,6.21,7.63,51
2/8/2009 9:00,32181.38,10.56,6.26,0.45,3.35,7.55,81
2/8/2009 10:00,32181.42,11.67,6.74,0.89,0.52,7.46,147
2/8/2009 11:00,32181.46,11.11,6,2.24,1.06,7.38,99
2/8/2009 12:00,32181.5,12.78,6.53,1.34,1.8,7.3,404
2/8/2009 13:00,32181.55,14.44,6.71,0.89,3.84,7,385
2/8/2009 14:00,32181.59,13.89,7.59,0.45,2.6,7.5,293
2/8/2009 15:00,32181.63,14.44,6.71,0.89,2.34,7.48,354
2/8/2009 16:00,32181.67,12.22,6.86,1.34,1.69,7.47,98
2/8/2009 17:00,32181.71,11.11,7,1.34,1.76,7.45,9
2/8/2009 18:00,32181.76,11.11,6.8,2.68,1.99,7.43,3
2/8/2009 19:00,32181.8,10.56,6.26,1.34,3.77,7.42,4
2/8/2009 20:00,32181.84,10.56,7.03,1.34,3.11,7.4,3
2/8/2009 21:00,32181.88,10,5.92,0.89,2.69,7.39,4
2/8/2009 22:00,32181.92,8.89,6.99,0.45,2.44,7.37,4
2/8/2009 23:00,32181.97,10.56,7.03,1.34,1.55,8.36,4
2/9/2009 0:00,32182,5.56,4.5,0.45,2.23,7.34,4
2/9/2009 1:00,32182.04,5.56,4.5,0.45,4.14,7.33,4
2/9/2009 2:00,32182.08,5.56,4.18,0.45,1.94,7.31,4
2/9/2009 3:00,32182.13,6.11,4.73,0.45,3.98,7.3,4
2/9/2009 4:00,32182.17,5,3.63,0.89,0.03,7.28,4
2/9/2009 5:00,32182.21,5,3.79,0.45,3.14,7.26,4
2/9/2009 6:00,32182.25,5,4.41,0.45,2.43,7.25,5
2/9/2009 7:00,32182.29,5.56,4.65,0.89,1.73,7.23,37
2/9/2009 8:00,32182.34,6.11,4.41,1.79,0.58,7.22,138
2/9/2009 9:00,32182.38,8.89,5.4,1.79,5.99,7.2,384
2/9/2009 10:00,32182.42,10,3.88,0.45,3.37,7.19,429
2/9/2009 11:00,32182.46,11.11,4.03,0.89,0.77,7.17,515
2/9/2009 12:00,32182.5,7.78,2.18,0.45,4.85,7.16,415
2/9/2009 13:00,32182.55,12.22,3.1,2.24,5.74,3.2,531
2/9/2009 14:00,32182.59,10.56,1.02,1.34,4.66,0,486
2/9/2009 15:00,32182.63,12.22,2.01,1.34,5.17,0.17,448
2/9/2009 16:00,32182.67,7.22,1.44,3.58,6.04,0.34,149
2/9/2009 17:00,32182.71,6.67,1.52,3.58,5.97,0.51,15
2/9/2009 18:00,32182.76,5.56,0.45,3.58,0.03,0.69,4
2/9/2009 19:00,32182.8,6.11,0.79,3.58,6.04,0.86,4
2/9/2009 20:00,32182.84,5,0.89,0.89,3.47,1.03,4
2/9/2009 21:00,32182.88,3.89,-0.76,2.24,6.21,1.2,4
2/9/2009 22:00,32182.92,3.89,0.89,0.45,4.12,1.37,4
2/9/2009 23:00,32182.97,8.33,7.25,0.89,3.7,7.36,4
2/10/2009 0:00,32183,3.33,-0.18,1.34,0.63,1.72,4
2/10/2009 1:00,32183.04,3.33,0.52,2.24,1.4,1.89,4
2/10/2009 2:00,32183.08,2.78,0.31,1.79,1.45,2.06,4
2/10/2009 3:00,32183.13,1.67,-0.78,1.79,1.41,2.23,4
2/10/2009 4:00,32183.17,1.67,-3.48,1.34,1.52,2.4,4
2/10/2009 5:00,32183.21,2.22,-1.62,0.89,2.48,2.57,4
2/10/2009 6:00,32183.25,1.67,-1.63,1.79,1.52,2.74,5
2/10/2009 7:00,32183.29,3.89,-1.15,2.24,1.59,2.92,93
2/10/2009 8:00,32183.34,6.11,-1.39,0.45,4.35,3.09,282
2/10/2009 9:00,32183.38,8.89,-0.53,0.45,3.18,3.26,459
2/10/2009 10:00,32183.42,10,2.04,1.34,2.74,3.43,590
2/10/2009 11:00,32183.46,10,2.52,0.89,3.82,3.6,667
2/10/2009 12:00,32183.5,10.56,1.81,0.89,2.84,3.77,568
2/10/2009 13:00,32183.55,11.11,2.33,0.89,3.49,0,618
2/10/2009 14:00,32183.59,12.78,2.53,0.45,2.04,0,508
2/10/2009 15:00,32183.63,11.11,0.12,0.89,3.65,0.2,346
2/10/2009 16:00,32183.67,9.44,1.75,0.89,2.44,0.41,106
2/10/2009 17:00,32183.71,7.22,-0.34,0.89,1.97,0.61,14
2/10/2009 18:00,32183.76,7.22,0.35,1.79,1.34,0.82,4
2/10/2009 19:00,32183.8,6.11,1.96,2.24,0.96,1.02,4
2/10/2009 20:00,32183.84,5.56,1.04,2.68,1.24,1.23,4
2/10/2009 21:00,32183.88,5,1.62,3.13,1.13,1.43,4
2/10/2009 22:00,32183.92,5.56,2.34,3.13,1.05,1.64,4
2/10/2009 23:00,32183.97,4.44,-0.03,1.34,0.7,1.54,4
2/11/2009 0:00,32184,6.11,1.96,1.34,1.95,2.04,4
2/11/2009 1:00,32184.04,7.22,2.06,0.89,1.27,2.25,4
2/11/2009 2:00,32184.08,6.67,2.87,3.13,1.13,2.45,4
2/11/2009 3:00,32184.13,6.67,1.11,4.92,0.99,2.66,4
2/11/2009 4:00,32184.17,6.11,1.58,2.68,1.95,2.86,4
2/11/2009 5:00,32184.21,6.11,1.58,2.68,1.57,3.07,4
2/11/2009 6:00,32184.25,6.11,1.96,2.24,1.76,3.27,4
2/11/2009 7:00,32184.29,7.22,3.04,1.34,1.73,3.48,39
2/11/2009 8:00,32184.34,8.33,3.53,1.79,1.01,3.68,118
2/11/2009 9:00,32184.38,10,2.28,2.68,3.47,3.89,271
2/11/2009 10:00,32184.42,10,1.54,1.34,3.21,4.09,504
2/11/2009 11:00,32184.46,11.67,2.05,1.79,4.26,4.29,569
2/11/2009 12:00,32184.5,12.78,3.36,2.68,3.35,4.5,547
2/11/2009 13:00,32184.55,12.22,4.13,0.45,2.58,1.1,572
2/11/2009 14:00,32184.59,13.89,4.66,1.34,1.97,6.69,335
2/11/2009 15:00,32184.63,12.78,3.89,0.45,4.07,6.39,306
2/11/2009 16:00,32184.67,10.56,3.04,0.45,2.18,6.08,110
2/11/2009 17:00,32184.71,8.33,2.07,0.89,3.44,5.78,10
2/11/2009 18:00,32184.76,6.67,1.52,0.89,1.71,5.48,4
2/11/2009 19:00,32184.8,8.33,2.71,0.89,1.99,5.17,4
2/11/2009 20:00,32184.84,7.78,3.19,0.45,2.34,4.87,4
2/11/2009 21:00,32184.88,7.22,4.84,0.89,4.08,4.56,4
2/11/2009 22:00,32184.92,5,4.26,1.34,6.16,4.26,4
2/11/2009 23:00,32184.97,5,1.8,3.58,1.01,1.84,4
2/12/2009 0:00,32185,5,2.32,4.02,0.68,3.65,4
2/12/2009 1:00,32185.04,4.44,2.11,2.24,1.13,3.35,4
2/12/2009 2:00,32185.08,3.89,2.06,1.79,1.36,3.04,4
2/12/2009 3:00,32185.13,3.33,1.83,1.79,1.43,2.74,4
2/12/2009 4:00,32185.17,4.44,2.93,3.58,1.05,2.43,4
2/12/2009 5:00,32185.21,3.89,2.06,3.58,0.99,2.13,4
2/12/2009 6:00,32185.25,3.89,1.9,4.02,1.12,1.83,5
2/12/2009 7:00,32185.29,6.11,3.41,1.34,3.65,1.52,101
2/12/2009 8:00,32185.34,7.22,4.32,0.89,4.03,1.22,283
2/12/2009 9:00,32185.38,8.89,5.4,0.89,5.88,0.91,429
2/12/2009 10:00,32185.42,11.11,5.37,0.89,3.6,0.61,461
2/12/2009 11:00,32185.46,11.67,5.02,0.89,3.49,0.3,742
2/12/2009 12:00,32185.5,13.89,5.44,0.45,3.75,0,678
2/12/2009 13:00,32185.55,17.22,6.64,0.45,4.45,0,771
2/12/2009 14:00,32185.59,15,4.87,0.89,1.08,0,480
2/12/2009 15:00,32185.63,13.33,3.04,0.45,3.25,0.44,393
2/12/2009 16:00,32185.67,11.67,2.85,0.45,3.68,0.87,104
2/12/2009 17:00,32185.71,7.78,2.18,0.45,6.13,1.31,11
2/12/2009 18:00,32185.76,7.78,2.79,2.24,1.38,1.74,3
2/12/2009 19:00,32185.8,7.78,3.57,2.24,1.13,2.18,3
2/12/2009 20:00,32185.84,7.78,3.76,2.24,0.96,2.62,4
2/12/2009 21:00,32185.88,6.67,3.24,2.68,1.27,3.05,4
2/12/2009 22:00,32185.92,7.22,3.78,1.79,1.12,3.49,4
2/12/2009 23:00,32185.97,6.11,3.58,1.79,0,3.96,4
2/13/2009 0:00,32186,6.67,2.87,2.24,1.36,4.36,4
2/13/2009 1:00,32186.04,7.22,3.41,2.24,1.2,4.8,4
2/13/2009 2:00,32186.08,6.11,2.7,2.68,1.36,5.23,4
2/13/2009 3:00,32186.13,6.11,1.77,1.34,1.8,5.67,4
2/13/2009 4:00,32186.17,7.22,2.65,0.89,2.23,6.11,4
2/13/2009 5:00,32186.21,7.78,2.18,2.68,1.87,6.54,4
2/13/2009 6:00,32186.25,7.78,2.18,1.34,1.59,6.98,4
2/13/2009 7:00,32186.29,6.11,3.06,0.45,5.78,7.42,9
2/13/2009 8:00,32186.34,6.11,4.57,0.89,2.06,7.85,16
2/13/2009 9:00,32186.38,3.89,2.06,4.02,3.54,8.29,19
2/13/2009 10:00,32186.42,3.89,2.38,3.58,1.47,8.72,32
2/13/2009 11:00,32186.46,4.44,2.61,4.02,1.55,9.16,170
2/13/2009 12:00,32186.5,5,2.82,3.13,1.17,9.6,256
2/13/2009 13:00,32186.55,7.78,4.14,2.68,1.48,7.41,376
2/13/2009 14:00,32186.59,8.33,4.3,3.13,1.71,0,536
2/13/2009 15:00,32186.63,8.33,3.12,2.68,1.45,0.19,363
2/13/2009 16:00,32186.67,7.22,2.45,1.34,2.02,0.38,78
2/13/2009 17:00,32186.71,6.11,1.58,1.34,1.68,0.57,12
2/13/2009 18:00,32186.76,5.56,1.42,1.79,1.62,0.76,4
2/13/2009 19:00,32186.8,5.56,1.42,1.79,1.27,0.95,4
2/13/2009 20:00,32186.84,6.11,1.38,0.89,2.18,1.14,4
2/13/2009 21:00,32186.88,5.56,0.85,1.34,2.01,1.33,4
2/13/2009 22:00,32186.92,5.56,3.2,0.89,2.23,1.52,4
2/13/2009 23:00,32186.97,5.56,1.61,1.34,1.68,3.93,4
2/14/2009 0:00,32187,5,2.49,3.13,1.15,1.9,4
2/14/2009 1:00,32187.04,5,2.66,4.02,0.94,2.09,4
2/14/2009 2:00,32187.08,5,2.49,3.58,0.84,2.28,4
2/14/2009 3:00,32187.13,5,1.8,2.24,1.47,2.47,4
2/14/2009 4:00,32187.17,5.56,1.04,1.34,2.02,2.66,4
2/14/2009 5:00,32187.21,3.89,-0.01,1.34,1.85,2.85,4
2/14/2009 6:00,32187.25,5,0.89,1.79,1.52,3.04,6
2/14/2009 7:00,32187.29,6.11,2.7,2.24,1.38,3.23,100
2/14/2009 8:00,32187.34,8.33,2.92,2.24,2.02,3.42,290
2/14/2009 9:00,32187.38,10,4.31,0.89,2.46,3.61,470
2/14/2009 10:00,32187.42,12.22,4.37,1.34,2.76,3.8,605
2/14/2009 11:00,32187.46,12.22,4.37,0.45,1.2,3.99,667
2/14/2009 12:00,32187.5,12.22,3.88,1.79,3.46,4.18,569
2/14/2009 13:00,32187.55,12.22,2.57,0.45,0.33,1.38,581
2/14/2009 14:00,32187.59,11.67,2.59,0.45,2.11,6.12,366
2/14/2009 15:00,32187.63,11.11,2.07,0.89,1.17,6.28,228
2/14/2009 16:00,32187.67,10.56,3.04,0.89,2.78,6.44,100
2/14/2009 17:00,32187.71,8.33,1.63,1.79,1.83,6.6,16
2/14/2009 18:00,32187.76,9.44,2.22,2.68,1.61,6.76,3
2/14/2009 19:00,32187.8,10,1.79,2.68,1.69,6.92,3
2/14/2009 20:00,32187.84,8.89,0.99,3.13,1.75,7.08,3
2/14/2009 21:00,32187.88,8.89,1.23,2.24,1.92,7.24,4
2/14/2009 22:00,32187.92,9.44,1.99,2.24,2.18,7.4,4
2/14/2009 23:00,32187.97,5,2.99,2.24,1.45,1.71,4
2/15/2009 0:00,32188,8.89,2.38,0.89,1.05,7.72,4
2/15/2009 1:00,32188.04,8.89,2.38,0.89,2.32,7.88,4
2/15/2009 2:00,32188.08,8.33,2.5,1.79,1.85,8.04,4
2/15/2009 3:00,32188.13,8.33,2.07,1.79,2.79,8.2,4
2/15/2009 4:00,32188.17,8.33,2.07,1.34,2.32,8.36,4
2/15/2009 5:00,32188.21,8.33,2.29,1.79,2.01,8.52,4
2/15/2009 6:00,32188.25,8.33,2.29,3.13,1.73,8.68,4
2/15/2009 7:00,32188.29,8.89,2.15,1.79,1.8,8.84,22
2/15/2009 8:00,32188.34,9.44,-0.56,3.13,1.73,9,60
2/15/2009 9:00,32188.38,10,-0.61,5.36,1.57,9.16,125
2/15/2009 10:00,32188.42,10.56,-1.61,3.13,1.94,9.32,115
2/15/2009 11:00,32188.46,11.67,-2.29,4.92,1.71,9.48,131
2/15/2009 12:00,32188.5,12.78,-2.03,2.68,1.68,9.64,256
2/15/2009 13:00,32188.55,14.44,-2.58,0.89,5.93,7.44,379
2/15/2009 14:00,32188.59,14.44,0.56,0.89,0.96,8.64,251
2/15/2009 15:00,32188.63,14.44,0.92,2.24,1.64,8.7,203
2/15/2009 16:00,32188.67,13.33,2.17,3.13,1.68,8.77,106
2/15/2009 17:00,32188.71,12.78,-0.25,2.68,1.69,8.83,13
2/15/2009 18:00,32188.76,11.67,1.22,1.34,3.96,8.89,3
2/15/2009 19:00,32188.8,11.11,2.07,2.68,1.61,8.95,3
2/15/2009 20:00,32188.84,10.56,0.75,2.24,1.54,9.01,3
2/15/2009 21:00,32188.88,10,1.54,2.68,0.77,9.07,3
2/15/2009 22:00,32188.92,8.89,1.7,3.58,1.08,9.14,4
2/15/2009 23:00,32188.97,9.44,1.51,1.34,2.22,7.56,4
2/16/2009 0:00,32189,8.89,0.25,2.68,1.15,9.26,4
2/16/2009 1:00,32189.04,9.44,2.45,2.68,1.36,9.32,4
2/16/2009 2:00,32189.08,11.11,-0.48,2.68,1.88,9.38,4
2/16/2009 3:00,32189.13,11.11,-1.1,1.34,2.18,9.44,4
2/16/2009 4:00,32189.17,11.11,0.42,2.24,2.29,9.51,3
2/16/2009 5:00,32189.21,9.44,1.99,4.47,1.8,9.57,4
2/16/2009 6:00,32189.25,8.33,2.5,3.58,1.54,9.63,5
2/16/2009 7:00,32189.29,8.33,4.3,0.89,3.89,9.69,19
2/16/2009 8:00,32189.34,8.89,4.65,1.79,1.59,9.75,27
2/16/2009 9:00,32189.38,8.89,5.22,0.89,3.33,9.81,46
2/16/2009 10:00,32189.42,7.22,5.18,2.24,3.61,9.88,42
2/16/2009 11:00,32189.46,8.33,7.09,1.79,2.06,9.94,91
2/16/2009 12:00,32189.5,7.78,6.06,2.24,1.9,10,123
2/16/2009 13:00,32189.55,7.78,6.06,0.89,2.41,10,88
2/16/2009 14:00,32189.59,9.44,7.19,3.13,1.9,10,171
2/16/2009 15:00,32189.63,9.44,6.31,3.58,1.83,10,126
2/16/2009 16:00,32189.67,8.89,5.77,2.68,1.64,10,76
2/16/2009 17:00,32189.71,8.33,5.23,3.58,1.69,10,21
2/16/2009 18:00,32189.76,8.33,4.68,5.36,1.73,10,4
2/16/2009 19:00,32189.8,7.78,4.5,1.79,2.11,10,4
2/16/2009 20:00,32189.84,7.78,4.68,2.24,1.87,10,4
2/16/2009 21:00,32189.88,7.78,4.32,2.68,2.48,10,4
2/16/2009 22:00,32189.92,8.33,4.86,2.24,2.06,10,4
2/16/2009 23:00,32189.97,9.44,2.22,2.24,1.66,9.2,4
2/17/2009 0:00,32190,6.11,4.73,3.13,1.75,10,4
2/17/2009 1:00,32190.04,5.56,3.54,5.81,1.68,10,4
2/17/2009 2:00,32190.08,5.56,2.86,3.58,1.69,10,4
2/17/2009 3:00,32190.13,7.22,3.96,4.02,2.04,10,4
2/17/2009 4:00,32190.17,7.22,3.78,1.79,1.83,10,4
2/17/2009 5:00,32190.21,7.22,3.6,1.79,2.16,10,4
2/17/2009 6:00,32190.25,7.22,3.23,1.79,2.22,10,6
2/17/2009 7:00,32190.29,8.33,3.92,1.34,2.51,10,46
2/17/2009 8:00,32190.34,8.33,3.72,0.89,1.06,10,70
2/17/2009 9:00,32190.38,9.44,5.57,2.68,1.83,10,136
2/17/2009 10:00,32190.42,8.89,5.03,3.58,1.36,10,96
2/17/2009 11:00,32190.46,9.44,4.99,2.68,1.75,10,185
2/17/2009 12:00,32190.5,7.78,4.68,2.68,1.47,10,126
2/17/2009 13:00,32190.55,8.33,5.93,4.47,0.93,10,70
2/17/2009 14:00,32190.59,6.67,4.63,4.92,1.19,10,50
2/17/2009 15:00,32190.63,7.78,4.68,4.92,1.26,9.55,70
2/17/2009 16:00,32190.67,7.22,3.04,5.81,1.57,9.09,79
2/17/2009 17:00,32190.71,7.78,4.14,4.92,1.55,8.64,20
2/17/2009 18:00,32190.76,7.78,3.38,4.92,1.73,8.18,4
2/17/2009 19:00,32190.8,8.33,3.72,3.58,1.59,7.73,4
2/17/2009 20:00,32190.84,8.89,3.86,2.24,1.43,7.27,4
2/17/2009 21:00,32190.88,9.44,3.98,2.24,0.93,6.82,4
2/17/2009 22:00,32190.92,8.89,3.03,2.68,1.68,6.36,4
2/17/2009 23:00,32190.97,7.78,5.38,2.68,1.85,10,4
2/18/2009 0:00,32191,8.89,4.46,2.24,1.26,5.45,4
2/18/2009 1:00,32191.04,8.33,4.49,2.24,1.27,5,4
2/18/2009 2:00,32191.08,7.78,4.5,2.24,1.48,4.55,4
2/18/2009 3:00,32191.13,6.11,3.58,2.68,1.15,4.09,4
2/18/2009 4:00,32191.17,5.56,3.2,2.68,1.13,3.64,4
2/18/2009 5:00,32191.21,6.11,3.58,3.58,1.06,3.18,4
2/18/2009 6:00,32191.25,5.56,3.03,4.02,0.91,2.73,7
2/18/2009 7:00,32191.29,6.67,2.5,5.36,0.98,2.27,114
2/18/2009 8:00,32191.34,9.44,3.77,3.58,0.82,1.82,306
2/18/2009 9:00,32191.38,11.11,2.58,1.79,0.79,1.36,466
2/18/2009 10:00,32191.42,15.56,6.21,0.89,3.37,0.91,609
2/18/2009 11:00,32191.46,15.56,5.38,0.45,2.34,0.45,700
2/18/2009 12:00,32191.5,15.56,4.21,0.45,3.39,0,679
2/18/2009 13:00,32191.55,17.78,6.56,0.45,3.09,0,668
2/18/2009 14:00,32191.59,17.78,5.94,0.45,0.19,0,534
2/18/2009 15:00,32191.63,16.11,4.09,0.45,4.01,0,358
2/18/2009 16:00,32191.67,14.44,3.49,0.45,3.42,0,131
2/18/2009 17:00,32191.71,12.22,4.61,0.45,5.48,0,23
2/18/2009 18:00,32191.76,10.56,5.67,1.34,0.66,0,3
2/18/2009 19:00,32191.8,10.56,5.46,3.13,1.01,0,3
2/18/2009 20:00,32191.84,9.44,5.38,2.68,1.13,0,3
2/18/2009 21:00,32191.88,8.89,5.4,3.58,1.12,0,3
2/18/2009 22:00,32191.92,8.33,5.05,3.58,1.22,0,4
2/18/2009 23:00,32191.97,9.44,4.8,2.24,1.03,5.91,4
2/19/2009 0:00,32192,7.22,2.26,3.13,1.13,0,4
2/19/2009 1:00,32192.04,8.33,2.71,2.68,1.26,0,4
2/19/2009 2:00,32192.08,8.33,0.94,3.58,1.17,0,4
2/19/2009 3:00,32192.13,7.78,-0.3,3.58,1.29,0,4
2/19/2009 4:00,32192.17,8.89,-0.8,3.58,1.05,0,4
2/19/2009 5:00,32192.21,8.89,-1.35,2.24,1.38,0,4
2/19/2009 6:00,32192.25,7.78,-2.37,3.58,0.98,0,8
2/19/2009 7:00,32192.29,10,-0.61,2.68,1.24,0,122
2/19/2009 8:00,32192.34,11.67,1.5,2.68,0.79,0,316
2/19/2009 9:00,32192.38,15.56,0.45,0.89,0.7,0,501
2/19/2009 10:00,32192.42,17.78,4.96,1.34,4.4,0,640
2/19/2009 11:00,32192.46,20,5.93,1.79,5.72,0,721
2/19/2009 12:00,32192.5,19.44,3.11,0.89,4.21,0,722
2/19/2009 13:00,32192.55,18.89,3.42,1.34,4.22,0,678
2/19/2009 14:00,32192.59,19.44,5.06,0.45,1.31,0,562
2/19/2009 15:00,32192.63,20.56,6.43,0.45,5.18,0.09,391
2/19/2009 16:00,32192.67,17.78,5.29,0.45,4.03,0.18,140
2/19/2009 17:00,32192.71,14.44,5.18,0.89,0.09,0.27,17
2/19/2009 18:00,32192.76,12.78,4.4,1.34,0.96,0.36,3
2/19/2009 19:00,32192.8,11.67,3.85,3.13,1.27,0.44,3
2/19/2009 20:00,32192.84,11.11,4.49,4.02,1.06,0.53,3
2/19/2009 21:00,32192.88,10.56,3.74,3.58,1.34,0.62,3
2/19/2009 22:00,32192.92,10.56,4.62,3.13,1.33,0.71,3
2/19/2009 23:00,32192.97,8.33,3.92,3.13,1.17,0,4
2/20/2009 0:00,32193,9.44,1.99,3.58,1.64,0.89,3
2/20/2009 1:00,32193.04,10,1.79,3.13,1.12,0.98,3
2/20/2009 2:00,32193.08,8.89,1.7,3.58,1.05,1.07,3
2/20/2009 3:00,32193.13,8.89,-0.01,3.13,0.82,1.15,4
2/20/2009 4:00,32193.17,9.44,-0.01,3.58,1.31,1.24,3
2/20/2009 5:00,32193.21,8.33,0.47,3.58,1.24,1.33,3
2/20/2009 6:00,32193.25,7.22,0.12,4.02,1.13,1.42,9
2/20/2009 7:00,32193.29,8.89,-1.35,1.79,0.77,1.51,88
2/20/2009 8:00,32193.34,11.67,0.63,1.34,4.07,1.6,206
2/20/2009 9:00,32193.38,13.33,5.42,0.89,4.64,1.69,393
2/20/2009 10:00,32193.42,15.56,5.38,0.45,3.8,1.78,563
2/20/2009 11:00,32193.46,16.11,5.32,0.89,3.14,1.87,626
2/20/2009 12:00,32193.5,18.33,5.8,1.34,5.93,1.95,650
2/20/2009 13:00,32193.55,18.33,7.37,1.34,1.12,4.24,541
2/20/2009 14:00,32193.59,16.11,5.9,1.34,0.4,1.51,500
2/20/2009 15:00,32193.63,18.33,5.8,0.45,4.43,1.8,321
2/20/2009 16:00,32193.67,16.11,5.9,0.45,4.17,2.08,123
2/20/2009 17:00,32193.71,13.89,5.18,0.89,0.45,2.36,23
2/20/2009 18:00,32193.76,13.33,5.42,1.34,0.93,2.64,3
2/20/2009 19:00,32193.8,11.67,4.79,1.34,1.22,2.93,3
2/20/2009 20:00,32193.84,11.11,6.2,2.24,0.66,3.21,3
2/20/2009 21:00,32193.88,9.44,5.19,2.24,1.22,3.49,3
2/20/2009 22:00,32193.92,8.89,5.22,1.79,1.26,3.78,3
2/20/2009 23:00,32193.97,10,3.88,4.47,0.99,0.8,3
2/21/2009 0:00,32194,7.78,4.5,3.13,1.17,4.34,4
2/21/2009 1:00,32194.04,7.78,4.14,4.02,1.12,4.62,4
2/21/2009 2:00,32194.08,7.78,3.57,3.13,1.15,4.91,4
2/21/2009 3:00,32194.13,7.78,3.38,3.58,1.36,5.19,4
2/21/2009 4:00,32194.17,6.67,2.31,3.58,1.08,5.47,4
2/21/2009 5:00,32194.21,7.22,2.45,2.68,1.41,5.75,4
2/21/2009 6:00,32194.25,6.11,2.15,2.24,1.24,6.04,8
2/21/2009 7:00,32194.29,7.78,2.38,4.02,1.41,6.32,78
2/21/2009 8:00,32194.34,10,4.09,0.89,1.87,6.6,184
2/21/2009 9:00,32194.38,10.56,4.19,1.34,0.52,6.89,281
2/21/2009 10:00,32194.42,15.56,7.26,0.89,4.08,7.17,356
2/21/2009 11:00,32194.46,15.56,5.38,0.89,2.15,7.45,382
2/21/2009 12:00,32194.5,17.22,8.83,0.89,3.39,7.73,410
2/21/2009 13:00,32194.55,17.22,9.34,0.45,0.66,7.92,365
2/21/2009 14:00,32194.59,16.67,7.25,1.34,0.84,9,242
2/21/2009 15:00,32194.63,15.56,5.94,1.34,0.93,9.03,149
2/21/2009 16:00,32194.67,16.11,1.7,2.68,1.45,9.07,76
2/21/2009 17:00,32194.71,14.44,7.89,0.89,4.12,9.1,16
2/21/2009 18:00,32194.76,13.33,7.71,0.89,3.98,9.13,3
2/21/2009 19:00,32194.8,11.67,7.34,0.89,6.11,9.16,3
2/21/2009 20:00,32194.84,13.33,6.61,0.45,3.75,9.19,3
2/21/2009 21:00,32194.88,12.22,6.65,1.34,1.43,9.22,3
2/21/2009 22:00,32194.92,12.22,7.07,0.89,0.63,9.25,3
2/21/2009 23:00,32194.97,8.33,4.86,3.13,1.26,4.06,3
2/22/2009 0:00,32195,12.22,6.43,3.13,1.17,9.31,3
2/22/2009 1:00,32195.04,12.78,4.65,0.89,0.03,9.34,3
2/22/2009 2:00,32195.08,11.11,7.57,2.24,1.36,9.37,4
2/22/2009 3:00,32195.13,12.22,5.77,0.89,2.43,9.4,4
2/22/2009 4:00,32195.17,11.11,8.48,0.89,4.24,9.43,3
2/22/2009 5:00,32195.21,10,8.08,2.68,1.61,9.46,4
2/22/2009 6:00,32195.25,10.56,8.29,3.13,1.69,9.49,4
2/22/2009 7:00,32195.29,10,7.57,3.13,1.73,9.52,17
2/22/2009 8:00,32195.34,10.56,6.84,5.36,1.03,9.56,56
2/22/2009 9:00,32195.38,11.11,7.94,5.36,0.8,9.59,95
2/22/2009 10:00,32195.42,13.33,9.15,4.92,1.13,9.62,136
2/22/2009 11:00,32195.46,15.56,10.28,2.24,3.26,9.65,219
2/22/2009 12:00,32195.5,16.67,9.78,1.34,2.13,9.68,264
2/22/2009 13:00,32195.55,16.67,11.56,1.34,3.46,9.72,240
2/22/2009 14:00,32195.59,15,11.74,0.89,2.62,10,115
2/22/2009 15:00,32195.63,14.44,11.38,0.45,4.22,9.99,76
2/22/2009 16:00,32195.67,15,11.93,2.24,1.45,9.97,39
2/22/2009 17:00,32195.71,14.44,11.38,0.45,4.75,9.96,9
2/22/2009 18:00,32195.76,13.33,11.02,2.24,1.43,9.95,3
2/22/2009 19:00,32195.8,14.44,10.43,2.24,1.54,9.93,3
2/22/2009 20:00,32195.84,14.44,8.56,4.02,1.8,9.92,3
2/22/2009 21:00,32195.88,15.56,8.95,3.58,1.61,9.9,3
2/22/2009 22:00,32195.92,16.11,8.53,4.47,1.4,9.89,3
2/22/2009 23:00,32195.97,12.22,6.43,2.68,1.06,9.28,3
2/23/2009 0:00,32196,16.11,8.29,2.24,1.94,9.86,3
2/23/2009 1:00,32196.04,15.56,7.01,3.13,1.47,9.85,3
2/23/2009 2:00,32196.08,15,6.99,3.13,1.69,9.84,3
2/23/2009 3:00,32196.13,15,7.24,1.79,4.22,9.82,3
2/23/2009 4:00,32196.17,13.33,9.15,2.68,1.43,9.81,3
2/23/2009 5:00,32196.21,13.89,9.29,3.13,1.33,9.79,3
2/23/2009 6:00,32196.25,15,9.09,2.68,1.62,9.78,5
2/23/2009 7:00,32196.29,16.11,9.01,3.13,1.68,9.77,25
2/23/2009 8:00,32196.34,13.89,9.29,3.13,1.08,9.75,44
2/23/2009 9:00,32196.38,15,10.36,1.79,1.19,9.74,208
2/23/2009 10:00,32196.42,16.67,10.47,0.45,1.05,9.73,232
2/23/2009 11:00,32196.46,18.89,12.59,1.34,3.53,9.71,281
2/23/2009 12:00,32196.5,16.67,10.69,1.79,3.67,9.7,264
2/23/2009 13:00,32196.55,17.78,13.26,0.45,6.27,9.32,272
2/23/2009 14:00,32196.59,18.33,12.06,4.92,1.54,5.88,403
2/23/2009 15:00,32196.63,18.33,11.6,4.92,1.5,5.61,310
2/23/2009 16:00,32196.67,17.78,10.59,1.79,1.36,5.34,79
2/23/2009 17:00,32196.71,16.11,10.16,0.89,2.08,5.08,20
2/23/2009 18:00,32196.76,15.56,8.95,2.68,1.8,4.81,3
2/23/2009 19:00,32196.8,16.11,9.01,1.79,1.52,4.54,3
2/23/2009 20:00,32196.84,15.56,9.18,1.79,1.2,4.27,3
2/23/2009 21:00,32196.88,13.33,8.34,3.13,0.93,4.01,3
2/23/2009 22:00,32196.92,12.78,8.01,2.68,1.24,3.74,3
2/23/2009 23:00,32196.97,16.11,8.53,4.92,1.71,9.88,3
2/24/2009 0:00,32197,12.22,7.48,4.02,1.2,3.21,3
2/24/2009 1:00,32197.04,12.22,7.07,3.58,0.94,2.94,3
2/24/2009 2:00,32197.08,11.67,6.74,2.68,1.31,2.67,4
2/24/2009 3:00,32197.13,10.56,5.67,4.02,0.93,2.4,4
2/24/2009 4:00,32197.17,10.56,5.46,3.58,1.03,2.14,3
2/24/2009 5:00,32197.21,10.56,5.46,0.89,3.6,1.87,4
2/24/2009 6:00,32197.25,9.44,6.49,2.68,0.91,1.6,10
2/24/2009 7:00,32197.29,10.56,5.26,2.68,1.24,1.34,142
2/24/2009 8:00,32197.34,13.89,6.9,1.79,0.91,1.07,342
2/24/2009 9:00,32197.38,17.22,10.3,0.45,4.59,0.8,522
2/24/2009 10:00,32197.42,18.33,10.13,0.89,4.03,0.53,658
2/24/2009 11:00,32197.46,19.44,10.92,0.45,3.18,0.27,736
2/24/2009 12:00,32197.5,18.89,8.18,1.34,3.49,0,749
2/24/2009 13:00,32197.55,21.11,11.95,0.45,5.03,0,690
2/24/2009 14:00,32197.59,20.56,11.43,0.45,3.32,0,574
2/24/2009 15:00,32197.63,20,10.36,0.45,4.54,0.3,427
2/24/2009 16:00,32197.67,18.89,11.41,0.89,5.1,0.6,138
2/24/2009 17:00,32197.71,15,8.87,0.45,5.11,0.9,19
2/24/2009 18:00,32197.76,13.89,9.29,0.45,5.2,1.2,3
2/24/2009 19:00,32197.8,13.33,9.54,1.34,5.78,1.5,3
2/24/2009 20:00,32197.84,12.78,9.75,1.79,0.98,1.8,3
2/24/2009 21:00,32197.88,12.22,9.57,2.24,1.01,2.1,3
2/24/2009 22:00,32197.92,11.11,8.83,3.13,0.99,2.4,3
2/24/2009 23:00,32197.97,12.78,8.01,4.47,1.06,3.47,3
2/25/2009 0:00,32198,11.11,8.48,2.24,1.06,3,3
2/25/2009 1:00,32198.04,11.11,8.66,1.34,0.84,3.3,3
2/25/2009 2:00,32198.08,11.11,8.3,3.13,1.05,3.6,3
2/25/2009 3:00,32198.13,11.11,7.94,2.24,1.36,3.9,3
2/25/2009 4:00,32198.17,10,8.58,1.34,4.21,4.2,4
2/25/2009 5:00,32198.21,8.89,7.15,0.45,4.68,4.5,4
2/25/2009 6:00,32198.25,9.44,7.19,0.89,4.17,4.8,6
2/25/2009 7:00,32198.29,10,7.57,0.89,4.17,5.1,17
2/25/2009 8:00,32198.34,10.56,7.4,0.89,4.38,5.4,114
2/25/2009 9:00,32198.38,13.33,7.71,1.79,0.16,5.7,339
2/25/2009 10:00,32198.42,15.56,7.26,1.34,5.59,6,367
2/25/2009 11:00,32198.46,16.67,8.81,2.24,5.86,6.3,403
2/25/2009 12:00,32198.5,17.78,9.35,0.45,4.33,6.6,493
2/25/2009 13:00,32198.55,19.44,9.84,1.34,4.14,0,722
2/25/2009 14:00,32198.59,17.78,6.25,0.45,5.13,0,530
2/25/2009 15:00,32198.63,18.33,6.13,0.45,4.17,0.09,487
2/25/2009 16:00,32198.67,17.78,6.56,0.45,4.49,0.18,153
2/25/2009 17:00,32198.71,13.33,5.42,0.45,5.06,0.26,29
2/25/2009 18:00,32198.76,12.78,6.75,0.45,1.29,0.35,3
2/25/2009 19:00,32198.8,12.22,5.32,1.34,0.84,0.44,3
2/25/2009 20:00,32198.84,10.56,6.26,2.68,1.15,0.53,3
2/25/2009 21:00,32198.88,10.56,6.84,2.68,1.26,0.62,3
2/25/2009 22:00,32198.92,8.89,6.13,2.68,1.36,0.7,3
2/25/2009 23:00,32198.97,11.11,8.48,2.24,0.99,2.7,4
2/26/2009 0:00,32199,9.44,7.02,2.68,1.43,0.88,3
2/26/2009 1:00,32199.04,9.44,6.31,3.58,0.89,0.97,4
2/26/2009 2:00,32199.08,8.89,5.95,4.02,1.12,1.05,3
2/26/2009 3:00,32199.13,7.78,4.68,2.68,1.1,1.14,4
2/26/2009 4:00,32199.17,7.78,4.68,3.13,1.12,1.23,4
2/26/2009 5:00,32199.21,8.33,4.68,2.68,1.08,1.32,4
2/26/2009 6:00,32199.25,8.89,5.22,3.58,0.96,1.41,12
2/26/2009 7:00,32199.29,10,5.73,3.13,1.19,1.49,134
2/26/2009 8:00,32199.34,11.67,5.47,1.79,1.13,1.58,322
2/26/2009 9:00,32199.38,17.78,9.35,0.45,5.1,1.67,509
2/26/2009 10:00,32199.42,18.33,8.81,1.79,3.58,1.76,665
2/26/2009 11:00,32199.46,17.78,7.73,0.45,4.14,1.85,714
2/26/2009 12:00,32199.5,18.89,8.48,0.89,4.54,1.93,675
2/26/2009 13:00,32199.55,19.44,9.28,0.89,4.85,1.68,626
2/26/2009 14:00,32199.59,18.89,8.48,2.68,5.64,0,572
2/26/2009 15:00,32199.63,18.89,9.05,1.79,5.5,0,417
2/26/2009 16:00,32199.67,17.22,10.07,0.45,4.49,0,149
2/26/2009 17:00,32199.71,15,9.09,0.89,4.8,0,19
2/26/2009 18:00,32199.76,12.78,7.6,1.79,0.56,0,3
2/26/2009 19:00,32199.8,12.78,7.6,1.34,0.28,0,3
2/26/2009 20:00,32199.84,12.22,7.88,0.89,0.75,0,3
2/26/2009 21:00,32199.88,10.56,7.4,2.68,1.15,0,3
2/26/2009 22:00,32199.92,10.56,6.84,1.34,1.4,0,4
2/26/2009 23:00,32199.97,8.89,6.3,2.68,1.36,0.79,3
2/27/2009 0:00,32200,8.89,6.48,1.79,1.36,0,4
2/27/2009 1:00,32200.04,8.33,6.93,0.45,4.49,0,4
2/27/2009 2:00,32200.08,7.78,6.06,0.89,5.99,0,4
2/27/2009 3:00,32200.13,7.22,5.18,1.79,1.68,0,4
2/27/2009 4:00,32200.17,6.11,4.73,0.45,1.2,0,4
2/27/2009 5:00,32200.21,6.67,5.28,0.89,1.24,0,4
2/27/2009 6:00,32200.25,6.67,5.12,2.24,1.1,0,14
2/27/2009 7:00,32200.29,7.78,5.72,0.45,3.98,0,167
2/27/2009 8:00,32200.34,10.56,8.11,0.89,3.84,0,360
2/27/2009 9:00,32200.38,12.22,8.65,0.45,3.75,0,511
2/27/2009 10:00,32200.42,14.44,9.83,0.89,3.42,0,459
2/27/2009 11:00,32200.46,15.56,7.26,1.34,3.72,0,749
2/27/2009 12:00,32200.5,16.67,7.52,0.89,4.22,0,772
2/27/2009 13:00,32200.55,18.89,7.58,1.79,3.46,0,726
2/27/2009 14:00,32200.59,17.78,8.01,0.89,5.43,2.93,506
2/27/2009 15:00,32200.63,18.89,9.6,0.89,5.53,3.03,410
2/27/2009 16:00,32200.67,17.22,7.77,0.89,3.87,3.13,143
2/27/2009 17:00,32200.71,13.33,5.66,1.79,4.33,3.22,17
2/27/2009 18:00,32200.76,11.67,3.35,1.34,6.27,3.32,3
2/27/2009 19:00,32200.8,11.67,5.69,2.24,1.22,3.42,3
2/27/2009 20:00,32200.84,11.67,6.11,2.24,1.36,3.52,3
2/27/2009 21:00,32200.88,11.11,7,2.68,1.12,3.61,3
2/27/2009 22:00,32200.92,10,6.11,1.79,1.29,3.71,3
2/27/2009 23:00,32200.97,10,6.85,1.34,1.48,0,3
2/28/2009 0:00,32201,10,7.04,3.13,0.99,3.91,4
2/28/2009 1:00,32201.04,8.33,5.76,3.13,1.43,4,4
2/28/2009 2:00,32201.08,9.44,6.31,3.13,1.34,4.1,4
2/28/2009 3:00,32201.13,8.89,5.4,4.02,1.19,4.2,4
2/28/2009 4:00,32201.17,8.89,5.03,4.47,1.22,4.3,4
2/28/2009 5:00,32201.21,9.44,5.57,1.79,1.97,4.39,4
2/28/2009 6:00,32201.25,8.33,5.05,1.79,1.41,4.49,15
2/28/2009 7:00,32201.29,10,5.73,2.68,1.24,4.59,109
2/28/2009 8:00,32201.34,11.67,6.94,1.79,0.44,4.69,204
2/28/2009 9:00,32201.38,11.67,5.9,2.24,0.75,4.78,308
2/28/2009 10:00,32201.42,15,7.72,0.89,0.54,4.88,330
2/28/2009 11:00,32201.46,18.89,11.65,0.89,6.18,4.98,590
2/28/2009 12:00,32201.5,19.44,10.92,0.89,2.95,5.08,583
2/28/2009 13:00,32201.55,20,9.51,0.45,3.75,7.14,432
2/28/2009 14:00,32201.59,17.78,9.09,1.34,0.82,7.95,318
2/28/2009 15:00,32201.63,17.78,4.28,1.34,1.01,8.03,190
2/28/2009 16:00,32201.67,17.22,3.78,0.45,1.03,8.11,73
2/28/2009 17:00,32201.71,16.11,6.46,0.45,3.63,8.19,13
2/28/2009 18:00,32201.76,16.11,8.29,0.89,0.82,8.27,3
2/28/2009 19:00,32201.8,14.44,7.19,1.79,1.03,8.34,3
2/28/2009 20:00,32201.84,14.44,7.19,2.24,1.33,8.42,3
2/28/2009 21:00,32201.88,15,7.24,3.13,1.22,8.5,3
2/28/2009 22:00,32201.92,16.11,5.9,1.34,1.01,8.58,3
2/28/2009 23:00,32201.97,10,6.85,3.13,1.22,3.81,3
3/1/2009 0:00,32202,15,5.96,3.13,1.1,8.74,3
3/1/2009 1:00,32202.04,15.56,4.81,4.02,1.2,8.81,3
3/1/2009 2:00,32202.08,16.67,4.92,3.58,1.31,8.89,3
3/1/2009 3:00,32202.13,16.11,3.11,2.68,1.12,8.97,3
3/1/2009 4:00,32202.17,15.56,3.27,3.13,1.4,9.05,3
3/1/2009 5:00,32202.21,15,3.7,2.68,1.03,9.13,3
3/1/2009 6:00,32202.25,14.44,4.63,3.13,1.41,9.2,6
3/1/2009 7:00,32202.29,14.44,4.63,3.58,1.15,9.28,33
3/1/2009 8:00,32202.34,15,4.29,3.58,1.19,9.36,67
3/1/2009 9:00,32202.38,16.67,6.13,2.24,0.75,9.44,153
3/1/2009 10:00,32202.42,16.67,6.41,1.79,0.8,9.52,243
3/1/2009 11:00,32202.46,16.11,9.93,0.89,4.35,9.6,231
3/1/2009 12:00,32202.5,16.67,8.56,2.24,0.93,9.67,276
3/1/2009 13:00,32202.55,20,10.91,0.45,5.53,10,217
3/1/2009 14:00,32202.59,20,12.21,0.45,4.92,8.99,258
3/1/2009 15:00,32202.63,16.67,12.58,0.45,4.03,9,130
3/1/2009 16:00,32202.67,16.67,10.91,0.89,0.31,9,37
3/1/2009 17:00,32202.71,11.67,9.9,0.89,4.42,9,7
3/1/2009 18:00,32202.76,12.22,9.93,0.89,0.65,9,3
3/1/2009 19:00,32202.8,12.78,10.47,1.79,0.26,9,3
3/1/2009 20:00,32202.84,15,7.48,5.36,6.23,9,3
3/1/2009 21:00,32202.88,15,8.87,8.05,0.79,9,3
3/1/2009 22:00,32202.92,15.56,8.01,9.39,0.93,9,3
3/1/2009 23:00,32202.97,15,6.48,0.89,4.08,8.66,3
3/2/2009 0:00,32203,13.89,10.08,4.02,1.34,9,3
3/2/2009 1:00,32203.04,13.33,9.54,5.36,0.79,9,3
3/2/2009 2:00,32203.08,15,8.19,2.68,1.34,9,3
3/2/2009 3:00,32203.13,14.44,8.56,2.68,0.94,9,3
3/2/2009 4:00,32203.17,13.89,9.09,1.34,3.61,9,3
3/2/2009 5:00,32203.21,13.89,9.69,1.79,1.95,9,3
3/2/2009 6:00,32203.25,13.33,8.75,0.89,3.37,9,6
3/2/2009 7:00,32203.29,12.78,9.38,3.58,1.01,9,20
3/2/2009 8:00,32203.34,13.33,9.15,3.13,1.2,9,36
3/2/2009 9:00,32203.38,13.89,9.09,3.58,1.13,9.01,82
3/2/2009 10:00,32203.42,16.11,9.48,2.68,1.8,9.01,144
3/2/2009 11:00,32203.46,17.78,9.35,1.79,2.09,9.01,182
3/2/2009 12:00,32203.5,19.44,10.12,3.58,2.3,9.01,335
3/2/2009 13:00,32203.55,20,10.91,0.89,0.19,5.56,523
3/2/2009 14:00,32203.59,19.44,11.43,0.45,3.8,8.9,266
3/2/2009 15:00,32203.63,18.89,11.89,0.45,3.87,8.87,134
3/2/2009 16:00,32203.67,18.33,10.88,1.79,3,8.83,87
3/2/2009 17:00,32203.71,17.22,9.58,0.89,4.94,8.8,36
3/2/2009 18:00,32203.76,16.11,9.25,1.79,3.63,8.76,4
3/2/2009 19:00,32203.8,15.56,9.84,0.89,3.54,8.73,3
3/2/2009 20:00,32203.84,13.89,7.59,1.79,3.11,8.69,3
3/2/2009 21:00,32203.88,13.89,9.09,1.79,2.41,8.66,3
3/2/2009 22:00,32203.92,12.22,7.88,1.34,2.18,8.62,3
3/2/2009 23:00,32203.97,14.44,8.78,3.58,1.17,9,4
3/3/2009 0:00,32204,12.22,7.88,1.34,2.27,8.55,3
3/3/2009 1:00,32204.04,11.67,6.94,1.79,1.94,8.52,3
3/3/2009 2:00,32204.08,12.22,6.86,0.89,2.25,8.48,4
3/3/2009 3:00,32204.13,11.67,6.94,1.79,1.99,8.45,4
3/3/2009 4:00,32204.17,11.11,5.58,3.58,1.69,8.42,4
3/3/2009 5:00,32204.21,10.56,5.05,1.79,1.95,8.38,4
3/3/2009 6:00,32204.25,11.11,5.37,1.79,2.29,8.35,12
3/3/2009 7:00,32204.29,12.78,6.53,1.34,1.75,8.31,101
3/3/2009 8:00,32204.34,15.56,7.76,1.34,1.03,8.28,272
3/3/2009 9:00,32204.38,16.67,7.79,0.89,4.68,8.24,523
3/3/2009 10:00,32204.42,16.11,8.29,0.89,1.75,8.21,485
3/3/2009 11:00,32204.46,17.22,5.74,1.79,2.98,8.17,397
3/3/2009 12:00,32204.5,16.67,5.83,0.89,2.44,8.14,406
3/3/2009 13:00,32204.55,16.11,4.72,1.34,4.12,10,225
3/3/2009 14:00,32204.59,16.11,3.77,3.13,3.35,9.36,238
3/3/2009 15:00,32204.63,16.11,4.72,2.68,3.4,8.93,96
3/3/2009 16:00,32204.67,15,5.15,3.58,3.4,8.51,66
3/3/2009 17:00,32204.71,14.44,6.22,1.79,3.72,8.08,13
3/3/2009 18:00,32204.76,11.67,6.33,0.89,3.3,7.66,3
3/3/2009 19:00,32204.8,10.56,7.21,2.24,1.13,7.23,3
3/3/2009 20:00,32204.84,10.56,6.65,1.79,1.24,6.81,4
3/3/2009 21:00,32204.88,10.56,8.11,2.68,1.87,6.38,4
3/3/2009 22:00,32204.92,10,6.67,2.68,2.18,5.95,4
3/3/2009 23:00,32204.97,13.33,8.14,1.34,1.62,8.59,3
3/4/2009 0:00,32205,10.56,6.84,1.79,2.41,5.1,4
3/4/2009 1:00,32205.04,9.44,8.03,1.79,2.23,4.68,4
3/4/2009 2:00,32205.08,8.89,6.82,1.79,2.43,4.25,4
3/4/2009 3:00,32205.13,9.44,7.53,1.79,2.71,3.83,4
3/4/2009 4:00,32205.17,10,7.39,2.24,2.18,3.4,4
3/4/2009 5:00,32205.21,10,7.21,1.34,3.67,2.98,4
3/4/2009 6:00,32205.25,6.67,4.63,0.89,5.41,2.55,7
3/4/2009 7:00,32205.29,8.33,4.49,1.34,6,2.13,41
3/4/2009 8:00,32205.34,9.44,4.99,2.24,0.45,1.7,150
3/4/2009 9:00,32205.38,10,5.33,2.24,1.54,1.28,265
3/4/2009 10:00,32205.42,10,4.72,3.13,0.8,0.85,432
3/4/2009 11:00,32205.46,11.11,4.03,3.13,0.77,0.43,505
3/4/2009 12:00,32205.5,12.78,5.61,2.24,0.77,0,842
3/4/2009 13:00,32205.55,13.33,4.92,1.34,1.05,3.26,617
3/4/2009 14:00,32205.59,13.89,5.18,0.45,4.59,7.59,348
3/4/2009 15:00,32205.63,15,4.29,0.45,4.14,7.25,390
3/4/2009 16:00,32205.67,12.22,2.57,0.89,5.24,6.9,137
3/4/2009 17:00,32205.71,11.11,4.72,0.89,4.5,6.56,23
3/4/2009 18:00,32205.76,8.89,3.45,0.45,4.33,6.21,4
3/4/2009 19:00,32205.8,8.33,3.72,0.45,4.83,5.87,3
3/4/2009 20:00,32205.84,8.89,5.03,1.34,1.13,5.52,4
3/4/2009 21:00,32205.88,7.22,3.96,1.79,1.45,5.18,4
3/4/2009 22:00,32205.92,6.11,1.96,0.45,2.36,4.83,4
3/4/2009 23:00,32205.97,10,6.3,2.68,2.23,5.53,4
3/5/2009 0:00,32206,6.11,3.58,2.24,1.24,4.14,4
3/5/2009 1:00,32206.04,6.67,3.78,2.68,1.26,3.8,4
3/5/2009 2:00,32206.08,5.56,2.69,2.68,1.2,3.45,4
3/5/2009 3:00,32206.13,5,2.15,3.13,1.45,3.11,4
3/5/2009 4:00,32206.17,5,0.31,2.68,1.24,2.76,4
3/5/2009 5:00,32206.21,5.56,1.61,2.68,1.4,2.42,4
3/5/2009 6:00,32206.25,6.11,0.58,2.24,1.2,2.07,17
3/5/2009 7:00,32206.29,8.89,1.7,1.79,1.12,1.73,190
3/5/2009 8:00,32206.34,11.11,0.42,0.89,6.13,1.38,398
3/5/2009 9:00,32206.38,15.56,1.92,0.45,0.45,1.04,579
3/5/2009 10:00,32206.42,13.33,2.76,1.34,3.96,0.69,718
3/5/2009 11:00,32206.46,15,3.39,0.45,5.24,0.35,794
3/5/2009 12:00,32206.5,15.56,1.92,1.34,0.75,0,811
3/5/2009 13:00,32206.55,16.11,2.77,1.34,6.13,0,743
3/5/2009 14:00,32206.59,16.11,0.95,0.89,4.69,0,579
3/5/2009 15:00,32206.63,15.56,1.2,0.45,3.84,0,396
3/5/2009 16:00,32206.67,15,1.42,0.45,3.96,0,175
3/5/2009 17:00,32206.71,12.22,2.57,0.45,5.31,0,22
3/5/2009 18:00,32206.76,10,2.04,1.34,5.36,0,4
3/5/2009 19:00,32206.8,10,2.98,1.34,5.59,0,3
3/5/2009 20:00,32206.84,10,3.43,2.24,0.8,0,4
3/5/2009 21:00,32206.88,8.89,4.06,1.34,0.91,0,4
3/5/2009 22:00,32206.92,7.22,2.84,1.79,5.85,0,4
3/5/2009 23:00,32206.97,6.11,3.58,2.24,1.45,4.49,4
3/6/2009 0:00,32207,6.67,3.24,1.79,1.27,0,4
3/6/2009 1:00,32207.04,6.11,3.23,0.89,4.29,0,4
3/6/2009 2:00,32207.08,5.56,2.34,1.79,1.29,0,4
3/6/2009 3:00,32207.13,6.11,2.7,0.89,4.36,0,4
3/6/2009 4:00,32207.17,6.11,2.52,1.79,1.59,0,4
3/6/2009 5:00,32207.21,6.11,2.15,1.34,1.47,0,4
3/6/2009 6:00,32207.25,6.67,2.5,1.79,1.06,0,15
3/6/2009 7:00,32207.29,7.22,4.14,0.45,4.17,0,75
3/6/2009 8:00,32207.34,11.11,3.56,0.45,4.43,0,364
3/6/2009 9:00,32207.38,11.67,3.1,0.45,4.26,0,494
3/6/2009 10:00,32207.42,13.33,5.42,1.34,3.58,0,700
3/6/2009 11:00,32207.46,14.44,5.18,0.89,3.87,0,796
3/6/2009 12:00,32207.5,16.11,3.45,1.79,3.98,0,818
3/6/2009 13:00,32207.55,16.11,3.11,1.34,4.49,0,767
3/6/2009 14:00,32207.59,14.44,1.6,1.79,5.08,0,593
3/6/2009 15:00,32207.63,15,1.06,0.89,4.19,0,430
3/6/2009 16:00,32207.67,13.89,2.37,1.34,5.31,0,150
3/6/2009 17:00,32207.71,11.11,3.32,0.89,5.03,0,24
3/6/2009 18:00,32207.76,10,3.43,0.45,5.39,0,4
3/6/2009 19:00,32207.8,8.89,2.6,0.89,6.25,0,4
3/6/2009 20:00,32207.84,8.89,2.82,1.34,1.69,0,4
3/6/2009 21:00,32207.88,7.22,2.26,0.45,4.63,0,4
3/6/2009 22:00,32207.92,6.67,2.31,0.45,2.11,0,4
3/6/2009 23:00,32207.97,6.67,3.06,2.24,1.1,0,4
3/7/2009 0:00,32208,5.56,2.86,2.24,1.61,0,4
3/7/2009 1:00,32208.04,5,2.49,2.68,1.33,0,4
3/7/2009 2:00,32208.08,4.44,1.6,1.79,1.68,0,4
3/7/2009 3:00,32208.13,5,2.99,2.24,1.4,0,4
3/7/2009 4:00,32208.17,4.44,1.77,2.24,1.2,0,4
3/7/2009 5:00,32208.21,3.33,1.02,1.34,1.66,0,4
3/7/2009 6:00,32208.25,4.44,1.43,2.24,1.33,0,18
3/7/2009 7:00,32208.29,7.78,2.79,0.89,0.8,0,194
3/7/2009 8:00,32208.34,10,4.31,0.45,4.22,0,398
3/7/2009 9:00,32208.38,13.33,6.37,0.89,4.9,0,581
3/7/2009 10:00,32208.42,12.78,4.65,0.89,4.66,0,717
3/7/2009 11:00,32208.46,13.89,3.84,1.34,3.32,0,794
3/7/2009 12:00,32208.5,15.56,6.48,0.89,3.84,0,787
3/7/2009 13:00,32208.55,17.78,4.96,0.89,3.51,0,754
3/7/2009 14:00,32208.59,17.78,6.25,0.45,3.82,0,627
3/7/2009 15:00,32208.63,16.67,4.92,0.89,5.5,0,454
3/7/2009 16:00,32208.67,16.11,2.77,0.89,4.17,0,166
3/7/2009 17:00,32208.71,12.22,3.62,0.45,4.82,0,22
3/7/2009 18:00,32208.76,10.56,3.74,0.89,0.73,0,4
3/7/2009 19:00,32208.8,10.56,6.26,0.89,0.93,0,3
3/7/2009 20:00,32208.84,8.89,3.66,2.24,1.24,0,3
3/7/2009 21:00,32208.88,8.89,4.65,3.13,1.34,0,3
3/7/2009 22:00,32208.92,8.33,4.68,3.58,1.45,0,3
3/7/2009 23:00,32208.97,6.11,3.06,2.24,1.08,0,4
3/8/2009 0:00,32209,7.22,3.6,3.58,0.96,0,4
3/8/2009 1:00,32209.04,4.2,2.9,0.4,5.52,0,4
3/8/2009 2:00,32209.08,5.71,3.61,3.58,3.27,0,4
3/8/2009 3:00,32209.13,7.22,4.32,3.58,1.03,0,4
3/8/2009 4:00,32209.17,7.22,3.41,4.02,0.99,0,4
3/8/2009 5:00,32209.21,6.11,2.52,3.13,1.22,0,4
3/8/2009 6:00,32209.25,5.56,2.34,2.24,1.55,0,4
3/8/2009 7:00,32209.29,5.56,2.86,2.68,1.48,0,20
3/8/2009 8:00,32209.34,8.33,3.72,2.68,1.2,0,195
3/8/2009 9:00,32209.38,10.56,4.84,1.34,1.03,0,398
3/8/2009 10:00,32209.42,14.44,5.96,0.89,3.82,0,581
3/8/2009 11:00,32209.46,15,4.58,0.45,3.18,0,719
3/8/2009 12:00,32209.5,16.67,4.6,2.24,3.72,0,798
3/8/2009 13:00,32209.55,17.78,5.62,1.34,4.14,0,806
3/8/2009 14:00,32209.59,18.33,4.78,2.24,3.63,0,748
3/8/2009 15:00,32209.63,17.78,4.62,0.45,2.2,0,622
3/8/2009 16:00,32209.67,18.33,3.69,1.79,3.61,0,450
3/8/2009 17:00,32209.71,17.78,5.29,0.89,6.18,0,168
3/8/2009 18:00,32209.76,13.89,4.39,0.45,4.4,0,26
3/8/2009 19:00,32209.8,11.67,3.85,1.34,0.17,0,4
3/8/2009 20:00,32209.84,12.22,5.55,2.68,1.12,0,3
3/8/2009 21:00,32209.88,11.11,5.37,3.13,1.33,0,3
3/8/2009 22:00,32209.92,9.44,4.39,0.45,4.42,0,3
3/8/2009 23:00,32209.97,7.78,4.5,2.68,1.17,0,4
3/9/2009 0:00,32210,8.33,4.49,0.45,1.01,0,3
3/9/2009 1:00,32210.04,6.67,3.95,0.45,1.48,0,4
3/9/2009 2:00,32210.08,5.56,3.37,0.89,5.55,0,4
3/9/2009 3:00,32210.13,6.11,4.41,0.45,1.03,0,4
3/9/2009 4:00,32210.17,5.56,3.7,0.45,5.43,0,4
3/9/2009 5:00,32210.21,5,3.15,0.45,5.03,0,4
3/9/2009 6:00,32210.25,5,2.66,0.89,4.54,0,4
3/9/2009 7:00,32210.29,5.56,1.98,0.89,4.47,0,19
3/9/2009 8:00,32210.34,7.78,1.75,0.45,4.9,0,178
3/9/2009 9:00,32210.38,8.89,1.7,0.89,4.57,0,461
3/9/2009 10:00,32210.42,9.44,2.45,0.89,4.33,0,557
3/9/2009 11:00,32210.46,10.56,2.31,1.34,4.87,0,749
3/9/2009 12:00,32210.5,11.67,2.85,0.89,4.85,0,839
3/9/2009 13:00,32210.55,11.67,-0.28,1.34,3.94,0,834
3/9/2009 14:00,32210.59,12.78,-1.29,1.79,4.97,0,775
3/9/2009 15:00,32210.63,13.33,-1.16,0.89,5.29,0,656
3/9/2009 16:00,32210.67,12.22,-2.15,1.34,5.36,0,480
3/9/2009 17:00,32210.71,11.11,-1.43,0.89,4.17,0,174
3/9/2009 18:00,32210.76,8.33,-2.14,0.45,4.96,0,25
3/9/2009 19:00,32210.8,6.67,-2.86,0.45,4.56,0,4
3/9/2009 20:00,32210.84,6.11,-3.64,0.89,4.12,0,3
3/9/2009 21:00,32210.88,5.56,-3.63,0.89,4.38,0,4
3/9/2009 22:00,32210.92,5,-2.67,0.89,4.21,0,4
3/9/2009 23:00,32210.97,9.44,4.6,0.89,1.57,0,3
3/10/2009 0:00,32211,4.44,0.16,3.13,1.17,0,4
3/10/2009 1:00,32211.04,3.89,-0.57,2.24,1.4,0,4
3/10/2009 2:00,32211.08,3.33,-0.01,0.89,2.09,0,4
3/10/2009 3:00,32211.13,3.33,0.34,1.79,1.48,0,4
3/10/2009 4:00,32211.17,3.89,1.4,2.24,1.31,0,4
3/10/2009 5:00,32211.21,3.33,0.34,2.24,1.4,0,4
3/10/2009 6:00,32211.25,2.78,0.48,2.68,1.27,0,4
3/10/2009 7:00,32211.29,3.89,0.89,2.24,1.47,0,23
3/10/2009 8:00,32211.34,7.78,1.75,0.45,1.95,0,214
3/10/2009 9:00,32211.38,9.44,2.68,0.45,3.84,0,426
3/10/2009 10:00,32211.42,11.11,3.08,1.34,3.84,0,612
3/10/2009 11:00,32211.46,12.78,1.35,0.89,4.17,0,750
3/10/2009 12:00,32211.5,13.89,0.42,1.34,3.7,0,829
3/10/2009 13:00,32211.55,16.11,3.77,0.45,4.64,0,835
3/10/2009 14:00,32211.59,17.22,4.79,0.89,0.63,0,771
3/10/2009 15:00,32211.63,16.11,3.77,0.45,5.52,0.2,649
3/10/2009 16:00,32211.67,15.56,1.92,0.45,4.87,0.41,473
3/10/2009 17:00,32211.71,14.44,1.26,0.45,4.22,0.61,182
3/10/2009 18:00,32211.76,10.56,2.06,0.45,4.66,0.82,26
3/10/2009 19:00,32211.8,8.89,0.75,0.45,4.29,1.02,4
3/10/2009 20:00,32211.84,8.89,0.75,0.89,0.28,1.23,3
3/10/2009 21:00,32211.88,8.89,3.86,1.79,0.72,1.43,3
3/10/2009 22:00,32211.92,7.78,3.38,2.24,1.08,1.64,3
3/10/2009 23:00,32211.97,4.44,-3.67,1.79,1.5,0,4
3/11/2009 0:00,32212,7.22,3.6,3.58,0.84,2.05,4
3/11/2009 1:00,32212.04,6.11,2.52,3.58,1.4,2.25,4
3/11/2009 2:00,32212.08,5.56,2.34,3.58,1.13,2.46,4
3/11/2009 3:00,32212.13,5.56,1.98,3.13,1.13,2.66,4
3/11/2009 4:00,32212.17,5.56,1.61,3.13,1.17,2.87,4
3/11/2009 5:00,32212.21,5,1.62,3.58,1.45,3.07,4
3/11/2009 6:00,32212.25,6.11,2.15,3.58,1.17,3.28,4
3/11/2009 7:00,32212.29,5,1.44,1.79,1.62,3.48,25
3/11/2009 8:00,32212.34,7.22,2.65,0.89,3.93,3.69,174
3/11/2009 9:00,32212.38,9.44,2.45,0.45,4.24,3.89,396
3/11/2009 10:00,32212.42,14.44,5.96,0.45,2.97,4.09,585
3/11/2009 11:00,32212.46,13.33,3.6,0.45,2.27,4.3,699
3/11/2009 12:00,32212.5,15.56,1.92,0.45,4.75,4.5,648
3/11/2009 13:00,32212.55,16.11,4.41,0.45,4.15,3.77,628
3/11/2009 14:00,32212.59,16.11,2.42,0.89,3.75,0,591
3/11/2009 15:00,32212.63,18.33,3.69,1.79,4.94,0,644
3/11/2009 16:00,32212.67,17.22,3.06,0.89,4.03,0,466
3/11/2009 17:00,32212.71,14.44,3.19,0.89,4.26,0,147
3/11/2009 18:00,32212.76,12.22,3.1,0.45,4.01,0,37
3/11/2009 19:00,32212.8,10.56,3.74,2.24,5.85,0,4
3/11/2009 20:00,32212.84,10,5.13,0.45,0.3,0,3
3/11/2009 21:00,32212.88,9.44,4.6,1.34,1.62,0,3
3/11/2009 22:00,32212.92,9.44,5.38,1.79,0.82,0,3
3/11/2009 23:00,32212.97,6.67,2.31,2.68,1.19,1.84,4
3/12/2009 0:00,32213,7.78,4.14,3.58,1.41,0,3
3/12/2009 1:00,32213.04,8.33,4.3,3.13,1.17,0,4
3/12/2009 2:00,32213.08,7.78,4.14,2.68,1.4,0,4
3/12/2009 3:00,32213.13,6.67,3.42,2.24,1.5,0,4
3/12/2009 4:00,32213.17,6.11,3.06,2.68,1.38,0,4
3/12/2009 5:00,32213.21,5.56,2.86,1.79,1.62,0,4
3/12/2009 6:00,32213.25,5,2.15,1.79,1.41,0,4
3/12/2009 7:00,32213.29,6.11,3.58,1.34,1.27,0,27
3/12/2009 8:00,32213.34,8.89,4.84,0.89,1.95,0,208
3/12/2009 9:00,32213.38,11.11,5.37,0.45,3.28,0,412
3/12/2009 10:00,32213.42,14.44,6.22,0.89,3.11,0,595
3/12/2009 11:00,32213.46,15,4.87,2.68,3.58,0,729
3/12/2009 12:00,32213.5,16.67,5.53,0.45,4.03,0,805
3/12/2009 13:00,32213.55,18.89,6.96,0.45,3.11,0,814
3/12/2009 14:00,32213.59,20,8.91,0.89,5.52,0,755
3/12/2009 15:00,32213.63,17.22,6.93,1.34,6.07,0,623
3/12/2009 16:00,32213.67,19.44,7.78,0.89,3.3,0,456
3/12/2009 17:00,32213.71,17.78,5.29,0.89,4.61,0,182
3/12/2009 18:00,32213.76,14.44,4.63,0.45,4.38,0,27
3/12/2009 19:00,32213.8,13.33,6.37,0.89,1.36,0,4
3/12/2009 20:00,32213.84,12.22,6.86,0.89,0.79,0,3
3/12/2009 21:00,32213.88,11.11,4.72,1.79,1.41,0,3
3/12/2009 22:00,32213.92,10.56,6.46,2.68,1.41,0,3
3/12/2009 23:00,32213.97,7.78,4.68,2.24,1.33,0,3
3/13/2009 0:00,32214,8.89,5.4,3.58,1.2,0,4
3/13/2009 1:00,32214.04,9.44,5.76,1.34,1.61,0,4
3/13/2009 2:00,32214.08,7.78,5.38,3.13,1.48,0,4
3/13/2009 3:00,32214.13,7.78,5.04,4.47,1.19,0,4
3/13/2009 4:00,32214.17,7.78,4.5,3.58,1.36,0,4
3/13/2009 5:00,32214.21,7.78,4.68,2.68,1.2,0,4
3/13/2009 6:00,32214.25,7.78,4.14,4.02,1.19,0,4
3/13/2009 7:00,32214.29,8.89,4.84,3.13,1.01,0,30
3/13/2009 8:00,32214.34,10,4.09,2.68,0.89,0,219
3/13/2009 9:00,32214.38,15.56,6.75,0.45,4.82,0,426
3/13/2009 10:00,32214.42,16.11,7,1.34,3.74,0,607
3/13/2009 11:00,32214.46,17.22,6.64,0.89,4.85,0,743
3/13/2009 12:00,32214.5,20,7.32,0.45,0.58,0,825
3/13/2009 13:00,32214.55,17.22,7.77,1.34,0.4,0,829
3/13/2009 14:00,32214.59,21.11,10.24,0.89,0.07,0,766
3/13/2009 15:00,32214.63,22.22,7.18,0.45,4.12,0,650
3/13/2009 16:00,32214.67,22.22,9.35,0,5.2,0,485
3/13/2009 17:00,32214.71,20.56,7.83,0.89,4.14,0,182
3/13/2009 18:00,32214.76,16.11,6.73,0.89,4.19,0,25
3/13/2009 19:00,32214.8,13.89,6.43,0.89,0.63,0,4
3/13/2009 20:00,32214.84,13.89,7.13,1.34,0.47,0,3
3/13/2009 21:00,32214.88,12.22,6.65,2.68,1.05,0,3
3/13/2009 22:00,32214.92,11.67,6.74,2.68,1.2,0,3
3/13/2009 23:00,32214.97,10,6.11,4.02,1.43,0,3
3/14/2009 0:00,32215,10,6.49,3.58,1.03,0,3
3/14/2009 1:00,32215.04,10,6.3,3.13,1.2,0,3
3/14/2009 2:00,32215.08,9.44,5.95,3.13,1.15,0,3
3/14/2009 3:00,32215.13,8.89,5.59,2.24,0.91,0,4
3/14/2009 4:00,32215.17,9.44,6.49,3.13,1.43,0,4
3/14/2009 5:00,32215.21,8.33,5.05,2.68,1.24,0,4
3/14/2009 6:00,32215.25,8.89,5.59,3.13,0.75,0,4
3/14/2009 7:00,32215.29,8.33,5.05,2.24,1.06,0,43
3/14/2009 8:00,32215.34,11.11,5.58,0.89,6.18,0,165
3/14/2009 9:00,32215.38,12.78,7.39,1.34,1.17,0,421
3/14/2009 10:00,32215.42,16.11,8.04,1.79,3.54,0,572
3/14/2009 11:00,32215.46,18.33,8.53,0.89,3.4,0,742
3/14/2009 12:00,32215.5,18.89,8.76,0.89,4.56,0,784
3/14/2009 13:00,32215.55,20,9.51,0.45,4.26,0,829
3/14/2009 14:00,32215.59,20.56,9.42,0.45,4.38,0,772
3/14/2009 15:00,32215.63,19.44,7.78,0.89,4.35,0,638
3/14/2009 16:00,32215.67,18.89,8.48,0.89,1.57,0,428
3/14/2009 17:00,32215.71,16.11,7.27,1.79,4.19,0,212
3/14/2009 18:00,32215.76,13.89,6.9,0.89,5.13,0,53
3/14/2009 19:00,32215.8,12.22,5.09,1.34,5.48,0,4
3/14/2009 20:00,32215.84,10,6.67,1.79,4.31,0,3
3/14/2009 21:00,32215.88,9.44,6.13,0.45,5.62,0,3
3/14/2009 22:00,32215.92,7.78,5.72,0.89,4.15,0,4
3/14/2009 23:00,32215.97,11.67,7.54,3.58,1.13,0,3
3/15/2009 0:00,32216,5.56,4.02,0.45,3.4,0,4
3/15/2009 1:00,32216.04,6.11,4.73,0.45,4.63,0,4
3/15/2009 2:00,32216.08,5,4.1,0.45,4.45,0,4
3/15/2009 3:00,32216.13,6.11,4.89,1.34,3.79,0,4
3/15/2009 4:00,32216.17,5,3.95,0.45,4.36,0,4
3/15/2009 5:00,32216.21,3.89,3.15,0.45,4.33,0,4
3/15/2009 6:00,32216.25,3.89,2.85,0.89,3.65,0,4
3/15/2009 7:00,32216.29,5.56,4.5,0.89,3.25,0,21
3/15/2009 8:00,32216.34,8.89,5.95,0.45,3,0,201
3/15/2009 9:00,32216.38,9.44,5.19,1.34,3.28,0,417
3/15/2009 10:00,32216.42,13.33,7.28,1.79,2.34,0,571
3/15/2009 11:00,32216.46,15,7.48,1.34,2.53,0,755
3/15/2009 12:00,32216.5,16.67,8.05,0.45,3.12,0,829
3/15/2009 13:00,32216.55,17.22,7.49,0.89,3.91,0,834
3/15/2009 14:00,32216.59,20,7.97,0.89,3.65,0,774
3/15/2009 15:00,32216.63,19.44,5.06,1.34,3.65,0,657
3/15/2009 16:00,32216.67,19.44,4.69,0.89,3.47,0,482
3/15/2009 17:00,32216.71,19.44,6.48,1.79,5.74,0,178
3/15/2009 18:00,32216.76,15,6.23,1.79,5.81,0,36
3/15/2009 19:00,32216.8,13.89,7.59,1.34,0.59,0,4
3/15/2009 20:00,32216.84,12.22,6.22,2.24,1.33,0,3
3/15/2009 21:00,32216.88,12.78,5.61,2.68,1.15,0,3
3/15/2009 22:00,32216.92,11.11,7,0.89,4.96,0,3
3/15/2009 23:00,32216.97,7.78,5.89,1.34,4.36,0,4
3/16/2009 0:00,32217,9.44,5.76,2.68,1.54,0,3
3/16/2009 1:00,32217.04,9.44,5.57,3.13,1.55,0,4
3/16/2009 2:00,32217.08,10,5.73,1.34,1.66,0,4
3/16/2009 3:00,32217.13,10,6.3,2.68,1.24,0,4
3/16/2009 4:00,32217.17,8.89,5.77,2.24,1.29,0,4
3/16/2009 5:00,32217.21,9.44,6.49,1.79,1.22,0,4
3/16/2009 6:00,32217.25,8.33,5.23,0.89,4.24,0,4
3/16/2009 7:00,32217.29,8.33,5.93,0.89,1.13,0,40
3/16/2009 8:00,32217.34,11.11,7.38,1.79,0.72,0,226
3/16/2009 9:00,32217.38,16.11,7.53,0.45,1.62,0,429
3/16/2009 10:00,32217.42,18.33,8.25,0.45,4.1,0,611
3/16/2009 11:00,32217.46,18.89,8.18,0.45,4.9,0,746
3/16/2009 12:00,32217.5,20.56,10.88,1.34,5.39,0,820
3/16/2009 13:00,32217.55,21.11,10.83,0.89,4.47,0,830
3/16/2009 14:00,32217.59,22.22,11.27,0.89,4.22,0,752
3/16/2009 15:00,32217.63,21.11,9.63,0.45,4.19,0,648
3/16/2009 16:00,32217.67,21.67,10.75,0.45,3.96,0,471
3/16/2009 17:00,32217.71,20,10.36,0.89,4.92,0,182
3/16/2009 18:00,32217.76,17.22,10.54,0.45,5.65,0,39
3/16/2009 19:00,32217.8,15.56,9.4,0.45,4.82,0,4
3/16/2009 20:00,32217.84,14.44,8.56,0.45,5.04,0,3
3/16/2009 21:00,32217.88,13.89,8.67,0.45,4.17,0,3
3/16/2009 22:00,32217.92,13.33,10.48,0.45,0.02,0,3
3/16/2009 23:00,32217.97,11.11,6.6,1.34,0.45,0,3
3/17/2009 0:00,32218,11.67,9.03,0.89,0.72,0,3
3/17/2009 1:00,32218.04,11.11,9.68,0.89,3.56,0,3
3/17/2009 2:00,32218.08,10,8.08,0.45,3.8,0,4
3/17/2009 3:00,32218.13,10,8.42,1.79,1.55,0,3
3/17/2009 4:00,32218.17,10,9.07,0.89,1.34,0,4
3/17/2009 5:00,32218.21,8.33,7.09,0.89,4,0,4
3/17/2009 6:00,32218.25,8.33,7.57,0.45,3.3,0,4
3/17/2009 7:00,32218.29,10,9.07,0.45,5.99,0,51
3/17/2009 8:00,32218.34,11.11,8.66,0.89,3.89,0,227
3/17/2009 9:00,32218.38,15.56,11.11,0.45,5.29,0,332
3/17/2009 10:00,32218.42,18.89,13.26,0.89,4.21,0,624
3/17/2009 11:00,32218.46,17.78,11.07,0.89,4.17,0,738
3/17/2009 12:00,32218.5,20.56,11.7,0.89,3.3,0,794
3/17/2009 13:00,32218.55,20.56,11.97,0.45,3.07,5.88,555
3/17/2009 14:00,32218.59,21.67,12.74,0.45,4.64,2.46,585
3/17/2009 15:00,32218.63,21.67,10.45,0.89,4.28,2.35,629
3/17/2009 16:00,32218.67,21.67,10.45,0.89,4.28,2.24,481
3/17/2009 17:00,32218.71,20.56,9.42,0.45,4.07,2.13,196
3/17/2009 18:00,32218.76,17.22,10.54,0.89,5.25,2.01,41
3/17/2009 19:00,32218.8,15,8.87,0.45,5.06,1.9,4
3/17/2009 20:00,32218.84,14.44,10.23,0.45,0.35,1.79,3
3/17/2009 21:00,32218.88,13.89,9.49,1.79,1.01,1.68,3
3/17/2009 22:00,32218.92,12.78,9.57,1.79,0.63,1.57,3
3/17/2009 23:00,32218.97,12.22,9.75,1.79,0.56,0,3
3/18/2009 0:00,32219,12.22,10.27,1.79,0.58,1.34,3
3/18/2009 1:00,32219.04,10,8.25,0.45,4.08,1.23,3
3/18/2009 2:00,32219.08,10,8.42,1.34,1.12,1.12,4
3/18/2009 3:00,32219.13,10,8.58,0.45,4.45,1.01,4
3/18/2009 4:00,32219.17,8.89,7.81,0.89,3.82,0.9,4
3/18/2009 5:00,32219.21,8.89,8.12,0.45,4.26,0.78,4
3/18/2009 6:00,32219.25,10,9.07,2.24,1.22,0.67,4
3/18/2009 7:00,32219.29,10.56,8.46,2.68,1.2,0.56,57
3/18/2009 8:00,32219.34,13.33,11.02,1.34,0.66,0.45,211
3/18/2009 9:00,32219.38,16.67,11.77,0.45,3.93,0.34,438
3/18/2009 10:00,32219.42,18.33,11.36,1.34,4.17,0.22,611
3/18/2009 11:00,32219.46,20,11.96,0.45,3.61,0.11,750
3/18/2009 12:00,32219.5,20,10.64,1.34,3.4,0,826
3/18/2009 13:00,32219.55,23.33,12.29,0.89,0.12,0,827
3/18/2009 14:00,32219.59,23.89,11.54,0.45,3.93,0,779
3/18/2009 15:00,32219.63,23.89,12.81,1.79,5.83,0.21,614
3/18/2009 16:00,32219.67,23.89,14.56,0.89,5.53,0.42,455
3/18/2009 17:00,32219.71,21.67,11.05,0.45,4.4,0.64,200
3/18/2009 18:00,32219.76,18.33,11.83,0.45,4.4,0.85,39
3/18/2009 19:00,32219.8,16.67,11.56,0.45,5.52,1.06,4
3/18/2009 20:00,32219.84,15.56,10.28,0.45,5.06,1.27,3
3/18/2009 21:00,32219.88,15.56,11.7,0.45,0.03,1.49,3
3/18/2009 22:00,32219.92,15.56,11.31,1.34,0.99,1.7,3
3/18/2009 23:00,32219.97,11.67,9.2,1.79,1.13,1.45,3
3/19/2009 0:00,32220,13.33,10.84,2.24,1.26,2.12,3
3/19/2009 1:00,32220.04,13.89,11.56,1.79,1.27,2.34,3
3/19/2009 2:00,32220.08,12.78,10.47,2.24,1.31,2.55,3
3/19/2009 3:00,32220.13,12.78,10.29,2.24,1.1,2.76,3
3/19/2009 4:00,32220.17,13.33,10.66,2.24,1.52,2.97,3
3/19/2009 5:00,32220.21,12.22,9.75,2.68,1.13,3.19,3
3/19/2009 6:00,32220.25,13.33,10.3,3.13,1.27,3.4,4
3/19/2009 7:00,32220.29,13.33,10.3,2.24,1.26,3.61,40
3/19/2009 8:00,32220.34,14.44,9.83,3.13,1.41,3.82,142
3/19/2009 9:00,32220.38,17.22,10.54,0.89,0.94,4.03,322
3/19/2009 10:00,32220.42,21.67,13.79,0.45,4.45,4.25,511
3/19/2009 11:00,32220.46,20.56,12.74,0.89,3.54,4.46,613
3/19/2009 12:00,32220.5,21.67,11.63,2.24,3.7,4.67,668
3/19/2009 13:00,32220.55,23.33,11.36,1.34,4.17,0,837
3/19/2009 14:00,32220.59,24.44,13.01,0.89,5.85,0,784
3/19/2009 15:00,32220.63,23.89,12.19,1.79,0.45,0,660
3/19/2009 16:00,32220.67,23.33,11.36,0.89,0.65,0,476
3/19/2009 17:00,32220.71,24.44,13.63,0.45,5.43,0,183
3/19/2009 18:00,32220.76,21.11,12.22,0.45,4.52,0,39
3/19/2009 19:00,32220.8,17.78,10.83,1.79,0.4,0,5
3/19/2009 20:00,32220.84,18.89,11.65,1.79,1.12,0,3
3/19/2009 21:00,32220.88,16.67,10.69,1.79,1.5,0,3
3/19/2009 22:00,32220.92,16.11,12.82,1.79,1.19,0,3
3/19/2009 23:00,32220.97,14.44,11.75,1.79,0.99,1.91,3
3/20/2009 0:00,32221,15.56,11.9,4.02,1.24,0,3
3/20/2009 1:00,32221.04,14.44,10.62,4.02,1.22,0,3
3/20/2009 2:00,32221.08,15,10.36,2.68,1.43,0,3
3/20/2009 3:00,32221.13,13.89,10.27,2.68,1.03,0,3
3/20/2009 4:00,32221.17,13.33,8.34,2.68,1.4,0,3
3/20/2009 5:00,32221.21,13.33,7.06,0.89,1.26,0,3
3/20/2009 6:00,32221.25,12.22,7.68,2.68,1.03,0,4
3/20/2009 7:00,32221.29,13.89,8.03,2.24,1.5,0,51
3/20/2009 8:00,32221.34,16.11,8.53,2.24,1.36,0,252
3/20/2009 9:00,32221.38,19.44,10.12,1.34,4.24,0,458
3/20/2009 10:00,32221.42,21.67,8.84,0.89,3.67,0,638
3/20/2009 11:00,32221.46,22.22,9.35,0.45,2.09,0,779
3/20/2009 12:00,32221.5,25,11.18,0.89,3.51,0,854
3/20/2009 13:00,32221.55,25.56,13.07,0.89,5.22,0,847
3/20/2009 14:00,32221.59,26.67,13.05,0.89,4.71,0,794
3/20/2009 15:00,32221.63,25.56,12.39,0.89,4.28,0.28,661
3/20/2009 16:00,32221.67,25,9.28,0.89,5.18,0.56,501
3/20/2009 17:00,32221.71,23.33,8.94,0.45,4.03,0.84,174
3/20/2009 18:00,32221.76,20,9.21,0.45,4.38,1.12,48
3/20/2009 19:00,32221.8,17.78,10.83,0.89,0.91,1.4,5
3/20/2009 20:00,32221.84,17.22,10.07,0.89,0.1,1.68,3
3/20/2009 21:00,32221.88,16.67,10.24,1.34,0.4,1.96,3
3/20/2009 22:00,32221.92,15.56,10.49,3.13,1.1,2.24,3
3/20/2009 23:00,32221.97,15,10.97,3.13,1.12,0,3
3/21/2009 0:00,32222,13.89,9.69,2.24,0.86,2.79,3
3/21/2009 1:00,32222.04,12.78,9.19,1.34,1.34,3.07,3
3/21/2009 2:00,32222.08,12.78,9.19,3.13,1.26,3.35,3
3/21/2009 3:00,32222.13,12.78,9.19,2.68,1.54,3.63,3
3/21/2009 4:00,32222.17,12.78,8.22,2.68,0.91,3.91,3
3/21/2009 5:00,32222.21,12.78,8.22,2.68,1.38,4.19,3
3/21/2009 6:00,32222.25,12.78,8.81,0.45,1.03,4.47,4
3/21/2009 7:00,32222.29,12.78,9.57,0.89,0.84,4.75,43
3/21/2009 8:00,32222.34,12.22,8.84,0.45,3.82,5.03,120
3/21/2009 9:00,32222.38,13.89,9.69,0.45,5.15,5.31,305
3/21/2009 10:00,32222.42,17.78,10.59,0.89,4.28,5.59,581
3/21/2009 11:00,32222.46,18.33,11.36,0.45,4.26,5.87,598
3/21/2009 12:00,32222.5,19.44,10.66,0.45,4.8,6.15,593
3/21/2009 13:00,32222.55,21.11,11.12,0.45,3.65,1.75,717
3/21/2009 14:00,32222.59,23.33,8.18,1.34,4.63,0,800
3/21/2009 15:00,32222.63,21.11,8.67,0.89,4.87,0,597
3/21/2009 16:00,32222.67,20,9.21,1.34,5.46,0,309
3/21/2009 17:00,32222.71,17.78,8.56,0.89,5.27,0,129
3/21/2009 18:00,32222.76,15,8.65,1.34,4.97,0,42
3/21/2009 19:00,32222.8,13.89,9.49,1.34,4.97,0,4
3/21/2009 20:00,32222.84,11.11,9.18,0.89,4.63,0,3
3/21/2009 21:00,32222.88,11.67,9.38,0.89,5.27,0,4
3/21/2009 22:00,32222.92,10.56,8.11,1.79,0.44,0,4
3/21/2009 23:00,32222.97,15,9.74,3.58,1.43,2.51,3
3/22/2009 0:00,32223,10.56,6.84,0.45,4.82,0,4
3/22/2009 1:00,32223.04,11.11,8.66,0.45,3.61,0,4
3/22/2009 2:00,32223.08,10.56,7.4,0.89,2.39,0,4
3/22/2009 3:00,32223.13,10,6.49,0.89,0.72,0,4
3/22/2009 4:00,32223.17,11.11,6.6,1.79,3.12,0,4
3/22/2009 5:00,32223.21,10,7.04,2.24,3.56,0,4
3/22/2009 6:00,32223.25,6.67,5.6,1.79,4.33,0,4
3/22/2009 7:00,32223.29,5.56,3.37,4.02,5.6,0,16
3/22/2009 8:00,32223.34,5.56,1.98,4.47,5.86,0,107
3/22/2009 9:00,32223.38,7.22,2.65,1.34,5.25,0,205
3/22/2009 10:00,32223.42,10,2.52,1.79,5.25,0,527
3/22/2009 11:00,32223.46,11.11,1.26,2.24,5.5,0,772
3/22/2009 12:00,32223.5,12.22,0.84,1.79,5.55,0,893
3/22/2009 13:00,32223.55,11.11,-0.17,1.34,4.63,3.08,690
3/22/2009 14:00,32223.59,12.22,1.44,0.45,3.84,0,673
3/22/2009 15:00,32223.63,8.33,2.29,0.89,6.04,0,336
3/22/2009 16:00,32223.67,10,1.29,2.24,5.74,0,405
3/22/2009 17:00,32223.71,11.67,1.22,0.89,4.99,0,158
3/22/2009 18:00,32223.76,10,1.03,0.89,5.04,0,40
3/22/2009 19:00,32223.8,7.78,0.42,1.79,5.97,0,6
3/22/2009 20:00,32223.84,7.78,0.65,1.79,6.04,0,4
3/22/2009 21:00,32223.88,6.11,-0.7,0.45,5.29,0,4
3/22/2009 22:00,32223.92,6.11,-0.93,1.79,5.88,0,4
3/22/2009 23:00,32223.97,11.67,8.85,0.45,4.07,0,4
3/23/2009 0:00,32224,5,0.89,0.45,4.83,0,4
3/23/2009 1:00,32224.04,5,-1.11,0.45,4.89,0,4
3/23/2009 2:00,32224.08,2.78,0.14,0.45,4.43,0,4
3/23/2009 3:00,32224.13,2.78,-0.55,1.34,3.65,0,4
3/23/2009 4:00,32224.17,1.67,-0.95,0.45,4.08,0,4
3/23/2009 5:00,32224.21,2.78,0.48,0.89,4.17,0,4
3/23/2009 6:00,32224.25,1.67,-0.29,0.89,3.61,0,5
3/23/2009 7:00,32224.29,2.78,-0.03,0.89,3.86,0,74
3/23/2009 8:00,32224.34,4.44,1.08,1.34,4.1,0,280
3/23/2009 9:00,32224.38,8.33,2.71,0.89,3.84,0,493
3/23/2009 10:00,32224.42,10.56,3.74,2.68,3.56,0,673
3/23/2009 11:00,32224.46,11.11,3.08,0.89,4.28,0,802
3/23/2009 12:00,32224.5,13.89,3.84,0.89,0.93,0,901
3/23/2009 13:00,32224.55,15,4.29,0.89,4.03,0,870
3/23/2009 14:00,32224.59,16.11,2.77,1.34,5.6,0,835
3/23/2009 15:00,32224.63,15.56,1.2,1.34,4.17,0,758
3/23/2009 16:00,32224.67,15,1.06,0.45,4.28,0,529
3/23/2009 17:00,32224.71,15.56,1.2,0.45,4.76,0,152
3/23/2009 18:00,32224.76,11.67,-0.28,0.45,4.28,0,44
3/23/2009 19:00,32224.8,10.56,-1.61,0.45,2.46,0,5
3/23/2009 20:00,32224.84,9.44,2.22,0.45,2.25,0,3
3/23/2009 21:00,32224.88,9.44,4.19,1.34,1.43,0,3
3/23/2009 22:00,32224.92,8.89,4.06,3.13,1.12,0,4
3/23/2009 23:00,32224.97,5.56,-0.79,2.24,6.2,0,4
3/24/2009 0:00,32225,8.33,4.11,3.13,1.15,0,4
3/24/2009 1:00,32225.04,8.33,4.11,3.13,0.93,0,4
3/24/2009 2:00,32225.08,7.78,3.95,3.13,1.45,0,4
3/24/2009 3:00,32225.13,6.67,2.87,4.47,1.38,0,4
3/24/2009 4:00,32225.17,7.22,4.14,3.13,1.5,0,4
3/24/2009 5:00,32225.21,6.11,2.7,3.13,1.43,0,4
3/24/2009 6:00,32225.25,6.67,3.6,3.13,1.15,0,5
3/24/2009 7:00,32225.29,6.67,2.69,2.68,1.36,0,71
3/24/2009 8:00,32225.34,9.44,3.13,0.89,1.06,0,275
3/24/2009 9:00,32225.38,13.33,3.87,1.34,4.42,0,485
3/24/2009 10:00,32225.42,15.56,5.1,1.34,3.39,0,665
3/24/2009 11:00,32225.46,16.67,4.28,0.45,1.17,0,797
3/24/2009 12:00,32225.5,18.33,4.43,0.89,3.61,0,871
3/24/2009 13:00,32225.55,17.78,2.82,2.24,3.65,0,877
3/24/2009 14:00,32225.59,17.78,2.43,0.89,3.77,0,815
3/24/2009 15:00,32225.63,18.89,3.81,0.89,5.31,0,686
3/24/2009 16:00,32225.67,20.56,8.16,1.34,5.81,0,496
3/24/2009 17:00,32225.71,18.89,7.88,0.45,4.52,0,117
3/24/2009 18:00,32225.76,16.11,6.46,0.45,4.43,0,45
3/24/2009 19:00,32225.8,12.78,6.75,0.89,5.72,0,6
3/24/2009 20:00,32225.84,12.22,5.77,2.24,1.29,0,3
3/24/2009 21:00,32225.88,12.22,6.22,3.13,1.4,0,3
3/24/2009 22:00,32225.92,11.11,6,3.13,1.01,0,3
3/24/2009 23:00,32225.97,7.78,3.76,3.58,1.03,0,4
3/25/2009 0:00,32226,11.67,6.53,4.92,1.1,0,4
3/25/2009 1:00,32226.04,10,5.73,2.68,1.27,0,4
3/25/2009 2:00,32226.08,10,5.92,1.79,1.87,0,3
3/25/2009 3:00,32226.13,8.89,5.4,2.24,1.34,0,4
3/25/2009 4:00,32226.17,8.89,5.4,3.58,1.22,0,4
3/25/2009 5:00,32226.21,8.89,4.84,4.47,1.38,0,4
3/25/2009 6:00,32226.25,9.44,5.57,3.58,1.08,0,5
3/25/2009 7:00,32226.29,9.44,4.8,3.13,1.19,0,68
3/25/2009 8:00,32226.34,11.11,5.37,2.24,0.99,0,272
3/25/2009 9:00,32226.38,13.89,6.19,1.79,0.86,0,468
3/25/2009 10:00,32226.42,18.33,6.76,0.45,4.45,0,649
3/25/2009 11:00,32226.46,18.89,4.56,1.34,3.7,0,789
3/25/2009 12:00,32226.5,20,5.57,1.34,3.89,0,862
3/25/2009 13:00,32226.55,17.78,6.25,2.24,0.56,0,857
3/25/2009 14:00,32226.59,21.11,8.33,1.34,5.64,0,800
3/25/2009 15:00,32226.63,22.22,9.35,0.45,5.41,0,657
3/25/2009 16:00,32226.67,21.11,8.33,0.45,5.43,0,427
3/25/2009 17:00,32226.71,20,9.8,0.45,3.96,0,185
3/25/2009 18:00,32226.76,16.67,8.05,0.45,4.76,0,57
3/25/2009 19:00,32226.8,16.11,7,0.45,5.08,0,5
3/25/2009 20:00,32226.84,13.89,6.43,0.45,0.19,0,3
3/25/2009 21:00,32226.88,13.33,8.75,1.34,1.27,0,3
3/25/2009 22:00,32226.92,13.33,9.54,2.24,0.86,0,3
3/25/2009 23:00,32226.97,10.56,5.46,3.58,1.15,0,3
3/26/2009 0:00,32227,11.67,8.11,0.89,4.47,0,3
3/26/2009 1:00,32227.04,11.11,8.12,2.24,1.26,0,3
3/26/2009 2:00,32227.08,10.56,7.4,2.68,1.17,0,3
3/26/2009 3:00,32227.13,10,7.04,0.89,2.09,0,4
3/26/2009 4:00,32227.17,10.56,8.63,2.68,1.08,0,4
3/26/2009 5:00,32227.21,10,8.08,1.34,1.38,0,4
3/26/2009 6:00,32227.25,8.89,6.99,0.89,4.14,0,5
3/26/2009 7:00,32227.29,10,7.74,0.89,2.04,0,68
3/26/2009 8:00,32227.34,13.33,8.95,0.45,1.94,0,270
3/26/2009 9:00,32227.38,15.56,9.63,0.89,3.6,0,485
3/26/2009 10:00,32227.42,17.78,8.56,0.45,2.22,0,669
3/26/2009 11:00,32227.46,18.33,8.25,0.45,3.51,0,797
3/26/2009 12:00,32227.5,19.44,8.4,0.45,3.16,0,864
3/26/2009 13:00,32227.55,21.67,10.45,0.89,3.4,0,872
3/26/2009 14:00,32227.59,20,10.08,1.79,0.59,0,806
3/26/2009 15:00,32227.63,20,9.21,1.79,0.93,0,686
3/26/2009 16:00,32227.67,21.11,10.24,1.34,0.58,0,514
3/26/2009 17:00,32227.71,21.67,9.5,0.45,3.19,0,121
3/26/2009 18:00,32227.76,19.44,9.28,0.89,2.25,0,37
3/26/2009 19:00,32227.8,17.22,8.31,1.79,1.9,0,6
3/26/2009 20:00,32227.84,16.67,7.52,2.24,1.62,0,3
3/26/2009 21:00,32227.88,16.67,7.79,2.24,1.55,0,3
3/26/2009 22:00,32227.92,16.11,8.29,2.24,1.76,0,3
3/26/2009 23:00,32227.97,13.33,9.54,1.79,0.93,0,3
3/27/2009 0:00,32228,15.56,8.48,2.24,1.31,0,3
3/27/2009 1:00,32228.04,14.44,7.66,1.79,1.66,0,3
3/27/2009 2:00,32228.08,13.89,9.29,2.24,1.08,0,3
3/27/2009 3:00,32228.13,13.89,9.09,3.58,1.06,0,3
3/27/2009 4:00,32228.17,13.89,8.46,3.58,0.89,0,3
3/27/2009 5:00,32228.21,13.89,8.25,2.68,1.1,0,3
3/27/2009 6:00,32228.25,13.33,7.71,2.68,1.19,0,5
3/27/2009 7:00,32228.29,13.89,7.36,2.68,0.8,0,73
3/27/2009 8:00,32228.34,16.11,7.53,1.79,1.24,0,274
3/27/2009 9:00,32228.38,21.11,9.31,1.34,2.29,0,485
3/27/2009 10:00,32228.42,23.33,5.68,1.34,2.15,0,670
3/27/2009 11:00,32228.46,23.33,6.12,0.89,2.51,0,804
3/27/2009 12:00,32228.5,26.11,6.69,0.45,3.56,0,872
3/27/2009 13:00,32228.55,25,5.72,1.34,3.61,0,876
3/27/2009 14:00,32228.59,25,5.72,1.79,2.23,0,819
3/27/2009 15:00,32228.63,25,8.03,1.34,3.84,0,689
3/27/2009 16:00,32228.67,23.89,7.05,2.24,1.43,0,509
3/27/2009 17:00,32228.71,22.78,7.68,1.34,2.27,0,151
3/27/2009 18:00,32228.76,20.56,6.43,1.34,1.92,0,44
3/27/2009 19:00,32228.8,17.78,8.56,1.34,0.58,0,6
3/27/2009 20:00,32228.84,17.78,7.73,2.24,1.12,0,3
3/27/2009 21:00,32228.88,16.67,8.81,3.13,1.03,0,3
3/27/2009 22:00,32228.92,16.11,8.77,2.24,1.68,0,3
3/27/2009 23:00,32228.97,15,7.24,0.89,2.13,0,3
3/28/2009 0:00,32229,15,7.96,3.58,1.54,0,3
3/28/2009 1:00,32229.04,14.44,7.43,3.58,1.47,0,3
3/28/2009 2:00,32229.08,13.89,7.81,3.58,1.47,0,3
3/28/2009 3:00,32229.13,14.44,7.19,2.68,1.34,0,3
3/28/2009 4:00,32229.17,12.78,6.3,2.24,1.31,0,3
3/28/2009 5:00,32229.21,12.22,7.07,2.68,1.36,0,3
3/28/2009 6:00,32229.25,13.33,7.71,3.58,0.99,0,5
3/28/2009 7:00,32229.29,14.44,7.43,3.58,1.22,0,93
3/28/2009 8:00,32229.34,16.67,6.98,3.58,1.31,0,296
3/28/2009 9:00,32229.38,21.11,9.63,0.89,1.06,0,505
3/28/2009 10:00,32229.42,24.44,11.03,0.45,5.43,0,687
3/28/2009 11:00,32229.46,24.44,7.54,0.89,4.61,0,818
3/28/2009 12:00,32229.5,25.56,9.78,0.45,3.54,0,888
3/28/2009 13:00,32229.55,27.22,8.63,0.45,4,0,895
3/28/2009 14:00,32229.59,27.22,7.14,0.89,0.8,0,833
3/28/2009 15:00,32229.63,27.78,9.59,0.89,5.29,0,697
3/28/2009 16:00,32229.67,28.33,9.12,2.24,5.86,0,514
3/28/2009 17:00,32229.71,27.22,7.65,0.45,1.4,0,103
3/28/2009 18:00,32229.76,22.22,6.4,0.45,4.9,0,34
3/28/2009 19:00,32229.8,18.89,7.58,1.79,5.93,0,5
3/28/2009 20:00,32229.84,19.44,8.7,1.79,0.89,0,3
3/28/2009 21:00,32229.88,18.33,9.61,2.24,1.36,0,3
3/28/2009 22:00,32229.92,17.22,8.57,3.58,1.17,0,3
3/28/2009 23:00,32229.97,15,6.99,3.58,1.12,0,3
3/29/2009 0:00,32230,15.56,7.01,2.68,1.38,0,3
3/29/2009 1:00,32230.04,14.44,7.66,1.34,0.93,0,3
3/29/2009 2:00,32230.08,14.44,8.99,0.45,1.19,0,3
3/29/2009 3:00,32230.13,13.89,6.43,2.68,1.52,0,3
3/29/2009 4:00,32230.17,10.56,7.03,0.89,4.97,0,3
3/29/2009 5:00,32230.21,11.11,8.3,0.45,4.4,0,3
3/29/2009 6:00,32230.25,9.44,7.53,0.45,4.45,0,5
3/29/2009 7:00,32230.29,11.11,7.76,0.45,4.15,0,97
3/29/2009 8:00,32230.34,12.78,6.3,0.89,4.54,0,292
3/29/2009 9:00,32230.38,13.89,7.36,1.79,5.1,0,500
3/29/2009 10:00,32230.42,15.56,7.51,1.34,4.61,0,679
3/29/2009 11:00,32230.46,16.67,7.79,1.79,4.57,0,812
3/29/2009 12:00,32230.5,19.44,8.09,1.34,4.85,0,886
3/29/2009 13:00,32230.55,20,5.19,0.89,4.87,0,898
3/29/2009 14:00,32230.59,18.89,1.76,1.79,4.96,0,843
3/29/2009 15:00,32230.63,18.89,-2.19,2.24,4.99,0,720
3/29/2009 16:00,32230.67,18.89,-0.09,1.34,4.71,0,539
3/29/2009 17:00,32230.71,17.78,-0.57,1.34,4.61,0,172
3/29/2009 18:00,32230.76,15.56,-1.6,0.45,6.23,0,47
3/29/2009 19:00,32230.8,11.67,-3.02,0.45,5.38,0,7
3/29/2009 20:00,32230.84,10.56,-1.29,0.45,4.31,0,3
3/29/2009 21:00,32230.88,9.44,-1.41,0.45,3.72,0,3
3/29/2009 22:00,32230.92,7.22,-1.56,0.89,3.86,0,3
3/29/2009 23:00,32230.97,17.22,8.04,4.47,1.19,0,3
3/30/2009 0:00,32231,6.67,-1.58,0.89,5.67,0,4
3/30/2009 1:00,32231.04,5.56,-2.15,0.45,4.19,0,4
3/30/2009 2:00,32231.08,5.56,-1.68,0.45,2.69,0,4
3/30/2009 3:00,32231.13,3.33,-1.68,0.45,2.25,0,4
3/30/2009 4:00,32231.17,4.44,-0.81,0.45,1.95,0,4
3/30/2009 5:00,32231.21,4.44,-2.28,0.45,4.19,0,4
3/30/2009 6:00,32231.25,5,-2.21,0.45,2.2,0,6
3/30/2009 7:00,32231.29,8.33,-0.78,0.45,2.25,0,99
3/30/2009 8:00,32231.34,9.44,-0.01,2.24,3.65,0,305
3/30/2009 9:00,32231.38,12.22,-1.79,1.34,3.26,0,515
3/30/2009 10:00,32231.42,15,-2.09,2.24,3.35,0,697
3/30/2009 11:00,32231.46,17.78,-0.57,1.34,3.14,0,826
3/30/2009 12:00,32231.5,17.78,-2.59,0.45,3.86,0,898
3/30/2009 13:00,32231.55,19.44,-3.51,1.79,3.14,0,904
3/30/2009 14:00,32231.59,19.44,-2.89,0.89,3.33,0,839
3/30/2009 15:00,32231.63,21.11,-1.48,0.45,1.43,0,712
3/30/2009 16:00,32231.67,20,-2.42,0.45,2.76,0,525
3/30/2009 17:00,32231.71,20,-1.82,0.89,1.97,0,119
3/30/2009 18:00,32231.76,17.22,-1.06,0.45,2.53,0,50
3/30/2009 19:00,32231.8,15,1.06,1.79,0.66,0,7
3/30/2009 20:00,32231.84,13.89,3.27,1.79,1.22,0,3
3/30/2009 21:00,32231.88,12.22,2.29,2.68,1.4,0,3
3/30/2009 22:00,32231.92,11.11,1.26,2.24,1.48,0,3
3/30/2009 23:00,32231.97,7.78,-1.3,0.89,4.12,0,4
3/31/2009 0:00,32232,11.67,3.6,3.58,1.38,0,3
3/31/2009 1:00,32232.04,11.11,2.83,3.13,1.17,0,3
3/31/2009 2:00,32232.08,11.11,3.8,2.68,1.01,0,3
3/31/2009 3:00,32232.13,10,2.75,4.47,1.03,0,3
3/31/2009 4:00,32232.17,8.89,2.38,3.58,1.34,0,3
3/31/2009 5:00,32232.21,8.89,3.24,0.89,2.97,0,4
3/31/2009 6:00,32232.25,7.78,3.19,2.68,1.31,0,7
3/31/2009 7:00,32232.29,9.44,3.13,2.68,0.94,0,102
3/31/2009 8:00,32232.34,11.67,4.09,2.68,0.91,0,300
3/31/2009 9:00,32232.38,15,4.87,1.34,0.49,0,514
3/31/2009 10:00,32232.42,19.44,4.31,0.45,6.27,0,697
3/31/2009 11:00,32232.46,20,1.84,0.45,5.03,0,823
3/31/2009 12:00,32232.5,22.22,3.3,1.79,0.07,0,881
3/31/2009 13:00,32232.55,22.78,2.77,1.79,5.83,0,817
3/31/2009 14:00,32232.59,23.89,3.2,1.34,5.13,0,790
3/31/2009 15:00,32232.63,24.44,4.21,0.89,5.31,0,695
3/31/2009 16:00,32232.67,22.22,2.29,0.89,4.96,0,489
3/31/2009 17:00,32232.71,21.11,3.27,1.34,4.94,0,204
3/31/2009 18:00,32232.76,18.89,3.42,1.34,5.59,0,76
3/31/2009 19:00,32232.8,15.56,3.27,0.89,5.34,0,7
3/31/2009 20:00,32232.84,16.11,5.02,1.79,0.31,0,3
3/31/2009 21:00,32232.88,15.56,7.26,1.79,0.28,0,3
3/31/2009 22:00,32232.92,14.44,6.71,3.13,0.93,0,3
3/31/2009 23:00,32232.97,11.67,4.09,2.24,0.68,0,3
4/1/2009 0:00,32233,12.78,6.3,3.13,1.47,0,3
4/1/2009 1:00,32233.04,12.22,5.32,0.89,3.86,0,3
4/1/2009 2:00,32233.08,10.56,6.07,0.89,0.63,0,3
4/1/2009 3:00,32233.13,10.56,6.46,3.13,1.13,0,3
4/1/2009 4:00,32233.17,10.56,6.07,1.34,1.55,0,3
4/1/2009 5:00,32233.21,9.44,6.31,2.24,1.43,0,3
4/1/2009 6:00,32233.25,9.44,6.31,1.34,1.94,0,6
4/1/2009 7:00,32233.29,12.22,7.07,0.45,2.16,0,115
4/1/2009 8:00,32233.34,13.33,7.5,0.89,1.64,0,318
4/1/2009 9:00,32233.38,16.11,6.46,0.89,3.84,0,527
4/1/2009 10:00,32233.42,16.67,6.98,0.45,4.29,0,683
4/1/2009 11:00,32233.46,19.44,7.47,0.45,3.84,0,827
4/1/2009 12:00,32233.5,21.67,7.8,0.89,0.3,0,897
4/1/2009 13:00,32233.55,21.67,8.5,0.89,0.1,0,892
4/1/2009 14:00,32233.59,21.11,7.65,1.34,6.23,0,826
4/1/2009 15:00,32233.63,21.67,7.44,2.24,0.63,0,697
4/1/2009 16:00,32233.67,21.67,7.07,1.79,1.54,0,520
4/1/2009 17:00,32233.71,22.22,8.3,0.89,5.69,0,158
4/1/2009 18:00,32233.76,21.67,8.5,0.45,3.47,0,40
4/1/2009 19:00,32233.8,19.44,7.47,0,5.53,0,7
4/1/2009 20:00,32233.84,16.67,7.79,1.34,1.48,0,3
4/1/2009 21:00,32233.88,16.67,9.3,1.79,1.2,0,3
4/1/2009 22:00,32233.92,15,8.19,0.45,1.68,0,3
4/1/2009 23:00,32233.97,12.78,5.14,2.68,1.71,0,3
4/2/2009 0:00,32234,13.89,8.67,1.79,1.13,0,3
4/2/2009 1:00,32234.04,14.44,8.99,3.13,1.01,0,3
4/2/2009 2:00,32234.08,13.89,9.09,2.68,1.1,0,3
4/2/2009 3:00,32234.13,12.78,8.22,3.13,1.15,0,3
4/2/2009 4:00,32234.17,13.89,8.88,4.02,1.17,0,3
4/2/2009 5:00,32234.21,12.78,9,3.13,1.22,0,3
4/2/2009 6:00,32234.25,11.67,8.11,2.68,1.26,0,7
4/2/2009 7:00,32234.29,12.78,7.81,3.58,1.1,0,102
4/2/2009 8:00,32234.34,16.67,8.56,0.45,4.03,0,310
4/2/2009 9:00,32234.38,20.56,7.83,0.89,4.15,0,523
4/2/2009 10:00,32234.42,21.11,6.19,0.89,2.79,0,700
4/2/2009 11:00,32234.46,22.78,8.07,0.89,2.53,0,828
4/2/2009 12:00,32234.5,24.44,7.54,3.13,4.36,0,894
4/2/2009 13:00,32234.55,23.89,7.47,1.34,4.94,0,904
4/2/2009 14:00,32234.59,23.89,5.24,1.79,6.13,0,841
4/2/2009 15:00,32234.63,25,4.16,0.89,5.65,0,726
4/2/2009 16:00,32234.67,22.78,5.19,1.34,4.69,0,549
4/2/2009 17:00,32234.71,20,5.19,0.89,5.03,0,193
4/2/2009 18:00,32234.76,17.78,5.94,1.34,5.5,0,47
4/2/2009 19:00,32234.8,16.11,7.27,1.34,5.71,0,7
4/2/2009 20:00,32234.84,12.78,6.3,1.34,4.69,0,3
4/2/2009 21:00,32234.88,11.67,5.69,1.34,4.56,0,3
4/2/2009 22:00,32234.92,10,5.33,0.89,4.35,0,3
4/2/2009 23:00,32234.97,13.89,9.49,1.79,0.47,0,3
4/3/2009 0:00,32235,7.22,3.78,1.34,4.12,0,3
4/3/2009 1:00,32235.04,7.22,4.49,0.89,4.69,0,4
4/3/2009 2:00,32235.08,5.56,3.37,1.34,4.21,0,4
4/3/2009 3:00,32235.13,6.11,4.25,1.34,4.5,0,4
4/3/2009 4:00,32235.17,5,3.48,1.34,4.38,0,4
4/3/2009 5:00,32235.21,5.56,4.18,0.45,4.66,0,4
4/3/2009 6:00,32235.25,5,3.79,0.45,5.25,0,7
4/3/2009 7:00,32235.29,7.78,4.68,0,2.09,0,122
4/3/2009 8:00,32235.34,10.56,3.74,0.89,4.36,0,319
4/3/2009 9:00,32235.38,11.11,1.54,1.34,4.52,0,550
4/3/2009 10:00,32235.42,12.22,1.44,0.89,4.5,0,726
4/3/2009 11:00,32235.46,15,2.43,1.34,4.61,0,854
4/3/2009 12:00,32235.5,16.11,0.95,1.34,4.49,0,923
4/3/2009 13:00,32235.55,17.22,-0.59,1.79,5.41,0,891
4/3/2009 14:00,32235.59,18.33,-4.44,1.34,4.57,0,864
4/3/2009 15:00,32235.63,17.78,-5.55,1.34,4.82,0,734
4/3/2009 16:00,32235.67,17.78,-4.29,1.79,5.18,0,552
4/3/2009 17:00,32235.71,16.67,-7.14,1.34,4.66,0,191
4/3/2009 18:00,32235.76,15.56,-5.59,0.89,4.89,0,58
4/3/2009 19:00,32235.8,11.67,-5.89,0.89,4.42,0,8
4/3/2009 20:00,32235.84,10.56,-5.99,0.45,4.24,0,3
4/3/2009 21:00,32235.88,10.56,-5.17,0.45,4.38,0,3
4/3/2009 22:00,32235.92,11.11,-6.84,0.89,5.22,0,3
4/3/2009 23:00,32235.97,8.89,4.84,0.89,4.61,0,3
4/4/2009 0:00,32236,7.78,-1.83,0.45,3.74,0,3
4/4/2009 1:00,32236.04,7.78,-1.04,0.89,0.73,0,3
4/4/2009 2:00,32236.08,7.78,-0.06,2.24,1.03,0,4
4/4/2009 3:00,32236.13,6.11,-4.76,0.89,3.77,0,4
4/4/2009 4:00,32236.17,6.11,-1.86,1.34,0.82,0,4
4/4/2009 5:00,32236.21,7.22,2.06,1.79,1.15,0,4
4/4/2009 6:00,32236.25,6.11,0.37,1.79,1.01,0,9
4/4/2009 7:00,32236.29,8.89,1.23,1.34,1.24,0,129
4/4/2009 8:00,32236.34,12.22,1.14,0.45,0.82,0,344
4/4/2009 9:00,32236.38,14.44,-0.93,1.34,4.83,0,557
4/4/2009 10:00,32236.42,16.67,-0.19,1.34,3.91,0,737
4/4/2009 11:00,32236.46,17.78,-0.57,0.89,3.42,0,864
4/4/2009 12:00,32236.5,19.44,-2.29,1.34,3.44,0,932
4/4/2009 13:00,32236.55,19.44,-2.89,1.34,3.75,0,933
4/4/2009 14:00,32236.59,20,-3.69,1.79,3.26,0,867
4/4/2009 15:00,32236.63,21.67,-2.3,0.89,3.46,0,738
4/4/2009 16:00,32236.67,20,-4.37,0.45,1.48,0,555
4/4/2009 17:00,32236.71,18.89,-2.76,0.89,1.03,0,220
4/4/2009 18:00,32236.76,17.22,-4.18,0.45,2.16,0,44
4/4/2009 19:00,32236.8,15,-5.5,0.45,2.2,0,8
4/4/2009 20:00,32236.84,14.44,1.26,2.24,1.1,0,3
4/4/2009 21:00,32236.88,13.33,2.76,3.13,1.13,0,3
4/4/2009 22:00,32236.92,11.67,1.78,3.13,1.1,0,3
4/4/2009 23:00,32236.97,10,1.03,2.24,1.1,0,3
4/5/2009 0:00,32237,10.56,2.31,4.02,1.17,0,3
4/5/2009 1:00,32237.04,10.56,2.8,3.13,1.26,0,3
4/5/2009 2:00,32237.08,10.56,1.81,4.92,1.08,0,3
4/5/2009 3:00,32237.13,11.67,1.5,4.02,1.19,0,3
4/5/2009 4:00,32237.17,10,1.79,3.58,1.2,0,3
4/5/2009 5:00,32237.21,10,1.29,1.79,1.76,0,3
4/5/2009 6:00,32237.25,12.78,-0.25,4.02,0.98,0,9
4/5/2009 7:00,32237.29,13.89,0.06,2.68,0.89,0,133
4/5/2009 8:00,32237.34,16.67,0.65,2.68,0.65,0,351
4/5/2009 9:00,32237.38,20,-0.68,1.34,1.48,0,565
4/5/2009 10:00,32237.42,25,1.16,2.24,5.86,0,749
4/5/2009 11:00,32237.46,25,-0.21,1.79,5.85,0,875
4/5/2009 12:00,32237.5,25.56,-1.27,0.89,5.43,0,947
4/5/2009 13:00,32237.55,23.33,-0.9,1.79,0.09,0,948
4/5/2009 14:00,32237.59,23.33,-1.6,2.68,0.47,0,879
4/5/2009 15:00,32237.63,25,1.16,0.89,5.59,0,750
4/5/2009 16:00,32237.67,23.33,2.17,1.34,0.77,0,567
4/5/2009 17:00,32237.71,23.89,-2.63,1.79,1.27,0,223
4/5/2009 18:00,32237.76,22.78,-1.37,1.34,0.03,0,40
4/5/2009 19:00,32237.8,19.44,1.81,2.24,0.75,0,8
4/5/2009 20:00,32237.84,18.33,2.93,5.36,0.99,0,3
4/5/2009 21:00,32237.88,16.67,3.95,4.47,0.77,0,3
4/5/2009 22:00,32237.92,17.22,3.06,4.92,0.86,0,3
4/5/2009 23:00,32237.97,12.22,3.1,3.58,1.59,0,3
4/6/2009 0:00,32238,16.67,3.27,4.02,0.66,0,3
4/6/2009 1:00,32238.04,16.67,1.82,4.92,0.86,0,3
4/6/2009 2:00,32238.08,15,-1.24,1.34,3.96,0,3
4/6/2009 3:00,32238.13,13.89,-2.64,1.79,3.61,0,3
4/6/2009 4:00,32238.17,12.22,4.61,1.79,0.75,0,3
4/6/2009 5:00,32238.21,11.67,4.56,3.13,0.79,0,3
4/6/2009 6:00,32238.25,13.89,-1.04,3.13,1.48,0,10
4/6/2009 7:00,32238.29,15.56,0.83,3.58,1.13,0,144
4/6/2009 8:00,32238.34,18.89,1.32,3.13,1.5,0,358
4/6/2009 9:00,32238.38,22.22,0.07,1.34,0.89,0,571
4/6/2009 10:00,32238.42,27.22,0.1,0.45,5.11,0,752
4/6/2009 11:00,32238.46,27.22,0.89,0.89,5.31,0,884
4/6/2009 12:00,32238.5,27.78,1.35,0.45,4.92,0,948
4/6/2009 13:00,32238.55,30,-0.29,0.89,5.5,0,948
4/6/2009 14:00,32238.59,30,-2.36,0.45,0.44,0,883
4/6/2009 15:00,32238.63,30,-4.76,0.45,1.64,0,741
4/6/2009 16:00,32238.67,30,1.54,2.24,5.79,0,572
4/6/2009 17:00,32238.71,26.11,2.75,1.79,0.07,0,243
4/6/2009 18:00,32238.76,23.89,-1.14,1.34,0.14,0,76
4/6/2009 19:00,32238.8,21.67,0.18,2.24,0.91,0,8
4/6/2009 20:00,32238.84,20,2.3,4.47,1.15,0,3
4/6/2009 21:00,32238.88,20,1.36,4.47,1.41,0,3
4/6/2009 22:00,32238.92,20,0.88,3.13,0.82,0,3
4/6/2009 23:00,32238.97,16.67,1.44,5.81,0.73,0,3
4/7/2009 0:00,32239,17.22,5.43,2.68,1.24,0,3
4/7/2009 1:00,32239.04,16.67,3.27,4.02,0.72,0,3
4/7/2009 2:00,32239.08,14.44,-0.93,0.89,2.65,0,3
4/7/2009 3:00,32239.13,15,-0.83,0.89,3.25,0,3
4/7/2009 4:00,32239.17,15,0.33,1.79,1.8,0,3
4/7/2009 5:00,32239.21,13.89,2.37,3.13,1.64,0,3
4/7/2009 6:00,32239.25,13.89,4.39,0.45,1.38,0,11
4/7/2009 7:00,32239.29,14.44,5.44,2.24,0.96,0,143
4/7/2009 8:00,32239.34,18.33,3.69,0.45,3.53,0,353
4/7/2009 9:00,32239.38,20.56,-1.35,0.89,3.98,0,578
4/7/2009 10:00,32239.42,22.22,-2.52,1.34,3.54,0,697
4/7/2009 11:00,32239.46,22.22,-5.65,3.58,3.67,0,604
4/7/2009 12:00,32239.5,25.56,-3.86,1.79,2.53,0,870
4/7/2009 13:00,32239.55,23.33,3.25,2.24,3.61,0,883
4/7/2009 14:00,32239.59,20,5.93,0.89,3.93,9.29,300
4/7/2009 15:00,32239.63,18.89,6.31,1.34,0.79,9.1,230
4/7/2009 16:00,32239.67,15.56,6.48,0.89,4.96,8.9,103
4/7/2009 17:00,32239.71,11.67,9.2,1.34,5.53,8.71,24
4/7/2009 18:00,32239.76,12.22,9.57,3.58,0.77,8.52,9
4/7/2009 19:00,32239.8,11.67,7.92,4.02,1.47,8.32,4
4/7/2009 20:00,32239.84,12.78,8.42,5.81,0.86,8.13,3
4/7/2009 21:00,32239.88,11.11,8.3,1.34,4.43,7.93,3
4/7/2009 22:00,32239.92,9.44,7.7,2.68,0.63,7.74,4
4/7/2009 23:00,32239.97,17.78,-0.11,1.79,3.93,0,3
4/8/2009 0:00,32240,10.56,7.76,6.26,0.93,7.35,4
4/8/2009 1:00,32240.04,9.44,5.57,3.13,1.19,7.15,4
4/8/2009 2:00,32240.08,8.33,5.41,2.68,2.04,6.96,4
4/8/2009 3:00,32240.13,9.44,5.76,4.47,1.03,6.76,4
4/8/2009 4:00,32240.17,9.44,4.6,2.24,1.61,6.57,4
4/8/2009 5:00,32240.21,8.89,4.46,0.45,3.21,6.37,4
4/8/2009 6:00,32240.25,9.44,5.38,0.89,2.11,6.18,10
4/8/2009 7:00,32240.29,8.89,7.32,0.89,2.08,5.98,51
4/8/2009 8:00,32240.34,11.11,8.66,0.45,2.13,5.79,143
4/8/2009 9:00,32240.38,11.11,8.66,0.45,2.55,5.59,151
4/8/2009 10:00,32240.42,12.78,8.42,1.79,5.99,5.4,415
4/8/2009 11:00,32240.46,12.22,6.65,2.24,0.51,5.21,434
4/8/2009 12:00,32240.5,13.89,6.9,2.68,1.05,5.01,709
4/8/2009 13:00,32240.55,16.11,8.04,2.24,0.58,0,928
4/8/2009 14:00,32240.59,15.56,4.51,0.89,0.44,0,879
4/8/2009 15:00,32240.63,18.33,5.8,2.24,6.14,0.36,671
4/8/2009 16:00,32240.67,20,5.57,0.45,3.94,0.72,477
4/8/2009 17:00,32240.71,18.89,4.19,0.45,4.57,1.08,220
4/8/2009 18:00,32240.76,16.67,3.62,1.34,3.89,1.45,45
4/8/2009 19:00,32240.8,13.33,4.14,0.45,4.64,1.81,10
4/8/2009 20:00,32240.84,12.22,4.37,1.79,5.99,2.17,3
4/8/2009 21:00,32240.88,12.78,6.75,1.79,1.75,2.53,3
4/8/2009 22:00,32240.92,12.22,7.27,2.24,1.19,2.89,3
4/8/2009 23:00,32240.97,9.44,7.19,6.26,0.8,7.54,4
4/9/2009 0:00,32241,8.89,4.84,1.34,1.27,3.61,3
4/9/2009 1:00,32241.04,10,6.85,2.68,1.41,3.97,4
4/9/2009 2:00,32241.08,10.56,6.07,2.24,1.26,4.34,3
4/9/2009 3:00,32241.13,10,4.93,1.34,1.2,4.7,3
4/9/2009 4:00,32241.17,10,6.11,1.79,0.96,5.06,3
4/9/2009 5:00,32241.21,10,6.3,2.68,1.24,5.42,4
4/9/2009 6:00,32241.25,8.89,5.77,1.79,4.03,5.78,8
4/9/2009 7:00,32241.29,11.67,7.54,0.45,4.15,6.14,103
4/9/2009 8:00,32241.34,12.22,6,0.89,0.66,6.5,317
4/9/2009 9:00,32241.38,16.67,8.05,0.45,3.79,6.87,508
4/9/2009 10:00,32241.42,16.67,6.41,1.79,3.6,7.23,647
4/9/2009 11:00,32241.46,18.33,7.96,1.34,6.27,7.59,649
4/9/2009 12:00,32241.5,16.67,5.83,1.34,3.6,7.95,501
4/9/2009 13:00,32241.55,17.78,5.29,0.89,2.62,7.99,466
4/9/2009 14:00,32241.59,20,6.98,0.45,6.06,7.07,466
4/9/2009 15:00,32241.63,17.78,4.96,0.45,5.13,6.75,307
4/9/2009 16:00,32241.67,17.22,5.74,2.24,6.27,6.43,285
4/9/2009 17:00,32241.71,16.67,6.13,0.45,4.19,6.11,138
4/9/2009 18:00,32241.76,13.33,6.83,0.45,4.31,5.78,38
4/9/2009 19:00,32241.8,12.78,6.75,2.68,0.07,5.46,7
4/9/2009 20:00,32241.84,14.44,7.19,2.24,0.09,5.14,3
4/9/2009 21:00,32241.88,13.89,6.19,3.13,6,4.82,3
4/9/2009 22:00,32241.92,13.89,5.44,1.79,5.95,4.5,3
4/9/2009 23:00,32241.97,10.56,5.87,1.34,1.03,3.25,3
4/10/2009 0:00,32242,13.89,3.56,1.79,0.16,3.86,3
4/10/2009 1:00,32242.04,12.22,6.65,1.34,4.26,3.54,3
4/10/2009 2:00,32242.08,10.56,8.11,0.45,3.42,3.21,3
4/10/2009 3:00,32242.13,9.44,7.36,0.45,4.35,2.89,3
4/10/2009 4:00,32242.17,9.44,7.7,0.45,5.45,2.57,3
4/10/2009 5:00,32242.21,11.11,7,2.68,6.2,2.25,3
4/10/2009 6:00,32242.25,11.67,4.79,3.58,5.93,1.93,7
4/10/2009 7:00,32242.29,11.11,7,0.89,3.98,1.61,55
4/10/2009 8:00,32242.34,13.89,7.36,0.45,5.36,1.29,147
4/10/2009 9:00,32242.38,15,6.99,0.45,3.54,0.96,225
4/10/2009 10:00,32242.42,17.78,9.35,0.45,3.96,0.64,378
4/10/2009 11:00,32242.46,17.22,8.83,0.89,3.68,0.32,602
4/10/2009 12:00,32242.5,18.89,5.28,1.34,4.63,0,958
4/10/2009 13:00,32242.55,17.78,5.29,2.68,5.69,6.3,593
4/10/2009 14:00,32242.59,17.78,7.15,1.34,5.08,6.55,500
4/10/2009 15:00,32242.63,17.78,6.86,1.34,5.17,6.5,437
4/10/2009 16:00,32242.67,18.33,6.45,1.34,4.69,6.46,598
4/10/2009 17:00,32242.71,17.22,6.05,0.89,5.01,6.41,218
4/10/2009 18:00,32242.76,15.56,7.01,1.34,5.22,6.36,55
4/10/2009 19:00,32242.8,13.33,6.83,0.45,4.63,6.32,12
4/10/2009 20:00,32242.84,11.67,6.53,1.34,5.5,6.27,3
4/10/2009 21:00,32242.88,12.22,7.07,0.45,4.78,6.22,3
4/10/2009 22:00,32242.92,9.44,6.49,0.45,4.26,6.18,3
4/10/2009 23:00,32242.97,14.44,5.18,2.24,1.48,4.18,3
4/11/2009 0:00,32243,8.89,6.99,0.89,4.19,6.08,4
4/11/2009 1:00,32243.04,7.22,5.99,0.45,4.69,6.04,3
4/11/2009 2:00,32243.08,6.67,5.76,0.45,3.8,5.99,4
4/11/2009 3:00,32243.13,5.56,4.81,1.34,4.05,5.94,4
4/11/2009 4:00,32243.17,5.56,4.65,0.89,4.1,5.9,4
4/11/2009 5:00,32243.21,6.67,5.76,0.45,4.28,5.85,4
4/11/2009 6:00,32243.25,7.22,6.31,0.45,3.82,5.8,11
4/11/2009 7:00,32243.29,7.78,7.02,0.89,4.38,5.76,60
4/11/2009 8:00,32243.34,9.44,7.7,0.89,4.31,5.71,204
4/11/2009 9:00,32243.38,13.33,9.15,0.89,4.54,5.67,333
4/11/2009 10:00,32243.42,16.11,8.53,0.45,3.58,5.62,572
4/11/2009 11:00,32243.46,17.22,8.31,1.34,0.61,5.57,667
4/11/2009 12:00,32243.5,18.33,7.07,1.79,3.89,5.53,686
4/11/2009 13:00,32243.55,19.44,7.14,1.34,5.57,5.72,632
4/11/2009 14:00,32243.59,21.11,6.93,0.45,4.07,0,702
4/11/2009 15:00,32243.63,20.56,6.79,0.45,4.73,0,802
4/11/2009 16:00,32243.67,21.11,6.93,0.89,5.08,0,529
4/11/2009 17:00,32243.71,20,5.93,0.89,4.85,0,288
4/11/2009 18:00,32243.76,17.22,5.43,0.89,4.45,0,55
4/11/2009 19:00,32243.8,15,5.7,0.45,4.43,0,8
4/11/2009 20:00,32243.84,13.89,5.94,0.89,5.15,0,3
4/11/2009 21:00,32243.88,15,6.23,0.45,4.45,0,3
4/11/2009 22:00,32243.92,11.11,5.58,0.89,4.33,0,3
4/11/2009 23:00,32243.97,8.89,7.15,0,4.59,6.13,3
4/12/2009 0:00,32244,10,6.85,1.34,1.33,0,3
4/12/2009 1:00,32244.04,9.44,6.49,0.89,4.24,0,3
4/12/2009 2:00,32244.08,8.89,6.48,0.45,2.57,0,4
4/12/2009 3:00,32244.13,9.44,7.36,0.45,2.74,0,4
4/12/2009 4:00,32244.17,9.44,7.7,2.24,1.26,0,4
4/12/2009 5:00,32244.21,9.44,7.19,1.79,1.54,0,4
4/12/2009 6:00,32244.25,10.56,8.46,1.79,1.47,0,16
4/12/2009 7:00,32244.29,12.22,8.65,1.34,1.4,0,162
4/12/2009 8:00,32244.34,13.33,8.55,2.24,0.93,0,368
4/12/2009 9:00,32244.38,17.22,9.34,0.89,3.47,0,572
4/12/2009 10:00,32244.42,20.56,8.8,0.89,1.88,0,747
4/12/2009 11:00,32244.46,21.67,8.84,0.89,3.19,0,871
4/12/2009 12:00,32244.5,21.67,8.15,0.89,3.72,0,938
4/12/2009 13:00,32244.55,22.78,7.68,0.45,2.04,0,940
4/12/2009 14:00,32244.59,23.33,8.57,1.34,5.9,0,875
4/12/2009 15:00,32244.63,21.67,8.15,1.34,0.61,0.15,752
4/12/2009 16:00,32244.67,21.67,7.44,0.89,0.59,0.3,565
4/12/2009 17:00,32244.71,24.44,9.94,0.45,5.85,0.45,217
4/12/2009 18:00,32244.76,21.11,10.24,0.45,4.78,0.61,33
4/12/2009 19:00,32244.8,17.78,8.56,0.45,4.71,0.76,7
4/12/2009 20:00,32244.84,17.22,10.07,0.89,5.5,0.91,3
4/12/2009 21:00,32244.88,17.22,9.34,1.34,5.95,1.06,3
4/12/2009 22:00,32244.92,15.56,10.49,1.79,1.05,1.21,3
4/12/2009 23:00,32244.97,10,6.3,0.45,4.17,0,3
4/13/2009 0:00,32245,14.44,10.82,0.89,3.75,1.52,3
4/13/2009 1:00,32245.04,12.78,10.12,2.24,0.63,1.67,3
4/13/2009 2:00,32245.08,13.33,8.95,4.02,0.96,1.82,3
4/13/2009 3:00,32245.13,13.33,9.54,2.24,1.43,1.97,3
4/13/2009 4:00,32245.17,12.78,9.38,2.68,1.4,2.12,3
4/13/2009 5:00,32245.21,10.56,8.29,1.79,1.38,2.27,3
4/13/2009 6:00,32245.25,11.67,8.48,2.24,1.24,2.43,21
4/13/2009 7:00,32245.29,14.44,10.23,0.45,2.74,2.58,119
4/13/2009 8:00,32245.34,15,9.95,0.89,0.77,2.73,260
4/13/2009 9:00,32245.38,17.78,10.83,1.34,0.28,2.88,450
4/13/2009 10:00,32245.42,22.22,12.15,0.45,3.47,3.03,604
4/13/2009 11:00,32245.46,21.11,9.63,1.34,3.87,3.18,713
4/13/2009 12:00,32245.5,22.22,10.33,0.89,2.04,3.34,799
4/13/2009 13:00,32245.55,22.22,12.44,1.79,0.16,3.68,737
4/13/2009 14:00,32245.59,23.89,10.87,1.34,4.26,5.7,554
4/13/2009 15:00,32245.63,24.44,10.67,0.89,5.41,5.57,505
4/13/2009 16:00,32245.67,22.22,10.01,0.45,4,5.44,342
4/13/2009 17:00,32245.71,22.22,11.57,0.45,4.56,5.31,187
4/13/2009 18:00,32245.76,20,10.08,0.45,4.82,5.18,97
4/13/2009 19:00,32245.8,18.89,10.4,0.45,4.61,5.05,10
4/13/2009 20:00,32245.84,16.67,9.78,0.45,4.57,4.92,3
4/13/2009 21:00,32245.88,16.11,9.93,0.45,4.28,4.79,3
4/13/2009 22:00,32245.92,16.11,11.02,0.45,3.96,4.66,3
4/13/2009 23:00,32245.97,15,10.77,1.79,1.41,1.36,3
4/14/2009 0:00,32246,11.67,8.48,0.89,4.43,4.41,3
4/14/2009 1:00,32246.04,10.56,7.03,0.89,3.91,4.28,3
4/14/2009 2:00,32246.08,10,6.67,0.89,4.19,4.15,3
4/14/2009 3:00,32246.13,9.44,6.67,0.45,3.82,4.02,3
4/14/2009 4:00,32246.17,7.78,5.21,1.34,4.17,3.89,4
4/14/2009 5:00,32246.21,9.44,5.38,0.89,4.19,3.76,4
4/14/2009 6:00,32246.25,8.33,5.05,0.45,4.35,3.63,16
4/14/2009 7:00,32246.29,8.33,4.3,0.89,4.03,3.5,117
4/14/2009 8:00,32246.34,9.44,4.99,1.34,4.73,3.38,270
4/14/2009 9:00,32246.38,11.67,2.59,0.89,4.47,3.25,549
4/14/2009 10:00,32246.42,13.33,0.26,0.45,0.99,3.12,790
4/14/2009 11:00,32246.46,12.78,-3.62,2.68,4.5,2.99,705
4/14/2009 12:00,32246.5,13.33,-3.55,2.24,5.11,2.86,818
4/14/2009 13:00,32246.55,13.33,-3.13,2.68,5.03,0,898
4/14/2009 14:00,32246.59,14.44,-7.11,2.24,5.43,0,844
4/14/2009 15:00,32246.63,14.44,-4.93,1.79,5.1,0,750
4/14/2009 16:00,32246.67,12.78,-6.36,3.13,5.31,0,403
4/14/2009 17:00,32246.71,12.22,-4.96,3.58,5.38,0,246
4/14/2009 18:00,32246.76,11.67,-5.89,0.89,5.11,0,45
4/14/2009 19:00,32246.8,9.44,-1.12,1.34,4.47,0,8
4/14/2009 20:00,32246.84,6.11,-0.48,0.89,4.71,0,3
4/14/2009 21:00,32246.88,7.78,0.18,1.79,5.83,0,4
4/14/2009 22:00,32246.92,7.22,1.01,1.34,5.2,0,3
4/14/2009 23:00,32246.97,13.89,10.84,0.89,4.14,4.54,3
4/15/2009 0:00,32247,5,0.7,0.45,5.08,0,4
4/15/2009 1:00,32247.04,3.89,0.89,0.45,5.65,0,4
4/15/2009 2:00,32247.08,3.89,1.57,0.45,3.51,0,4
4/15/2009 3:00,32247.13,3.33,1.35,0.45,4.42,0,4
4/15/2009 4:00,32247.17,3.33,1.02,0.45,4.73,0,4
4/15/2009 5:00,32247.21,3.33,0.17,0.89,4.07,0,4
4/15/2009 6:00,32247.25,3.33,-0.73,1.34,3.74,0,24
4/15/2009 7:00,32247.29,7.78,0.65,0.45,4.21,0,190
4/15/2009 8:00,32247.34,7.78,-0.54,0.45,3.39,0,402
4/15/2009 9:00,32247.38,11.67,-0.28,0.45,3.87,0,610
4/15/2009 10:00,32247.42,12.78,0.73,1.79,6.13,0,780
4/15/2009 11:00,32247.46,13.33,-1.92,0.89,5.5,0,908
4/15/2009 12:00,32247.5,15.56,-3.97,1.79,4.56,0,979
4/15/2009 13:00,32247.55,14.44,-3.94,0.89,5.04,3.44,751
4/15/2009 14:00,32247.59,14.44,-5.44,1.34,4.66,7.28,464
4/15/2009 15:00,32247.63,17.22,-3.61,0.89,5.13,6.95,738
4/15/2009 16:00,32247.67,17.22,-3.06,0.89,4.87,6.62,600
4/15/2009 17:00,32247.71,16.67,-3.54,0.89,5.01,6.29,235
4/15/2009 18:00,32247.76,15,-3.95,0.89,5.27,5.95,75
4/15/2009 19:00,32247.8,11.67,-4.6,0.45,5.27,5.62,14
4/15/2009 20:00,32247.84,10.56,-2.94,1.34,6.2,5.29,3
4/15/2009 21:00,32247.88,10.56,-2.94,1.34,4.03,4.96,3
4/15/2009 22:00,32247.92,8.89,-0.8,0.45,4.19,4.63,3
4/15/2009 23:00,32247.97,5.56,0.45,1.34,4.87,0,4
4/16/2009 0:00,32248,7.22,0.12,0.89,1.31,3.97,4
4/16/2009 1:00,32248.04,7.22,1.65,3.13,1.45,3.64,4
4/16/2009 2:00,32248.08,7.22,1.65,3.13,0.73,3.31,4
4/16/2009 3:00,32248.13,7.78,1.75,3.13,1.08,2.98,4
4/16/2009 4:00,32248.17,5.56,-1.01,1.34,3.93,2.65,4
4/16/2009 5:00,32248.21,5.56,1.23,0.89,1.75,2.32,4
4/16/2009 6:00,32248.25,6.67,1.32,2.68,1.15,1.98,23
4/16/2009 7:00,32248.29,9.44,1.99,2.24,1.48,1.65,183
4/16/2009 8:00,32248.34,11.67,0.63,1.34,3.8,1.32,399
4/16/2009 9:00,32248.38,13.89,1.42,0.89,3.35,0.99,607
4/16/2009 10:00,32248.42,16.67,2.2,1.34,3.67,0.66,781
4/16/2009 11:00,32248.46,15,3.08,2.68,0.56,0.33,901
4/16/2009 12:00,32248.5,16.11,2.77,2.68,0.73,0,956
4/16/2009 13:00,32248.55,18.89,4.19,2.68,0,0,956
4/16/2009 14:00,32248.59,17.78,3.56,1.34,1.05,0,816
4/16/2009 15:00,32248.63,18.89,4.19,0.45,2.5,0,680
4/16/2009 16:00,32248.67,21.11,5.8,0,0.73,0,575
4/16/2009 17:00,32248.71,19.44,4.69,0.89,0.07,0,240
4/16/2009 18:00,32248.76,18.89,2.62,0.45,3.56,0,47
4/16/2009 19:00,32248.8,15.56,2.61,0.45,4.9,0,12
4/16/2009 20:00,32248.84,16.11,3.11,0.89,1.94,0,3
4/16/2009 21:00,32248.88,13.89,4.92,0.45,2.11,0,3
4/16/2009 22:00,32248.92,13.33,7.5,2.24,1.01,0,3
4/16/2009 23:00,32248.97,8.33,0.22,0.45,3.75,4.3,3
4/17/2009 0:00,32249,11.11,6,2.24,1.36,0,3
4/17/2009 1:00,32249.04,11.11,5.79,2.24,1.12,0,3
4/17/2009 2:00,32249.08,10.56,5.87,3.58,0.91,0,3
4/17/2009 3:00,32249.13,10.56,5.67,3.13,1.12,0,3
4/17/2009 4:00,32249.17,10.56,5.67,2.24,1.33,0,3
4/17/2009 5:00,32249.21,11.11,6.2,3.13,1.59,0,3
4/17/2009 6:00,32249.25,11.11,6.4,2.68,1.45,0,23
4/17/2009 7:00,32249.29,12.78,5.85,3.13,0.99,0,182
4/17/2009 8:00,32249.34,13.89,4.92,2.24,0.79,0,392
4/17/2009 9:00,32249.38,18.33,4.43,0.89,4.12,0,599
4/17/2009 10:00,32249.42,18.89,3.02,2.24,3.91,0,772
4/17/2009 11:00,32249.46,22.22,5.57,0.89,5.43,0,895
4/17/2009 12:00,32249.5,20.56,4.91,2.68,0.93,0,955
4/17/2009 13:00,32249.55,23.33,4.75,1.79,0.77,0,944
4/17/2009 14:00,32249.59,23.33,5.22,1.79,0.65,0,880
4/17/2009 15:00,32249.63,24.44,5.72,0.89,4.61,0,753
4/17/2009 16:00,32249.67,26.67,6.66,0.45,3.84,0,577
4/17/2009 17:00,32249.71,26.11,5.11,0.89,4.1,0,226
4/17/2009 18:00,32249.76,23.33,5.68,0.45,3.93,0,47
4/17/2009 19:00,32249.8,20,4.81,0.89,4.15,0,11
4/17/2009 20:00,32249.84,18.33,3.69,0.89,0.37,0,3
4/17/2009 21:00,32249.88,17.22,7.77,1.79,0.96,0,3
4/17/2009 22:00,32249.92,16.11,6.46,3.58,1.03,0,3
4/17/2009 23:00,32249.97,12.78,6.53,1.34,1.26,0,3
4/18/2009 0:00,32250,15.56,8.25,2.24,1.47,0,3
4/18/2009 1:00,32250.04,14.44,8.99,2.24,1.47,0,3
4/18/2009 2:00,32250.08,14.44,8.56,3.13,1.17,0,3
4/18/2009 3:00,32250.13,14.44,8.78,3.58,1.41,0,3
4/18/2009 4:00,32250.17,13.89,9.29,4.02,0.79,0,3
4/18/2009 5:00,32250.21,13.33,7.93,4.92,1.27,0,3
4/18/2009 6:00,32250.25,13.89,7.59,3.13,0.91,0,25
4/18/2009 7:00,32250.29,16.11,8.04,4.02,1.31,0,187
4/18/2009 8:00,32250.34,17.78,8.29,2.24,1.03,0,397
4/18/2009 9:00,32250.38,24.44,9.94,1.79,5.88,0,602
4/18/2009 10:00,32250.42,23.33,5.68,0.45,0.21,0,774
4/18/2009 11:00,32250.46,27.78,9.12,0.89,5.46,0,898
4/18/2009 12:00,32250.5,28.89,9.11,1.79,0.31,0,956
4/18/2009 13:00,32250.55,26.67,8.61,2.68,0.44,0,955
4/18/2009 14:00,32250.59,30,7.88,0.45,4.9,0,892
4/18/2009 15:00,32250.63,31.11,6.97,0.45,3.16,0,769
4/18/2009 16:00,32250.67,31.11,6.97,0.45,0,0,589
4/18/2009 17:00,32250.71,27.78,7.09,0.89,0.63,0,235
4/18/2009 18:00,32250.76,26.67,5.59,0.45,1.55,0,43
4/18/2009 19:00,32250.8,23.89,7.88,0,4.38,0,11
4/18/2009 20:00,32250.84,22.22,6.8,1.34,0.12,0,3
4/18/2009 21:00,32250.88,19.44,8.7,3.13,1.27,0,3
4/18/2009 22:00,32250.92,17.78,9.09,3.13,1.26,0,3
4/18/2009 23:00,32250.97,15,7.48,4.02,1.1,0,3
4/19/2009 0:00,32251,17.22,9.08,3.13,1.41,0,3
4/19/2009 1:00,32251.04,16.67,7.25,3.58,1.41,0,3
4/19/2009 2:00,32251.08,16.67,6.98,4.47,1.15,0,3
4/19/2009 3:00,32251.13,16.11,7.27,3.58,1.13,0,3
4/19/2009 4:00,32251.17,16.11,6.46,2.68,1.47,0,3
4/19/2009 5:00,32251.21,15.56,6.21,2.68,1.31,0,3
4/19/2009 6:00,32251.25,16.11,6.18,3.13,1.12,0,28
4/19/2009 7:00,32251.29,19.44,5.43,2.24,1.2,0,196
4/19/2009 8:00,32251.34,21.67,6.3,0.89,0.82,0,410
4/19/2009 9:00,32251.38,28.89,9.61,0.89,5.76,0,617
4/19/2009 10:00,32251.42,28.89,6.34,1.79,3.65,0,792
4/19/2009 11:00,32251.46,29.44,6.2,0.45,5.74,0,914
4/19/2009 12:00,32251.5,32.22,7.91,0.89,0.47,0,976
4/19/2009 13:00,32251.55,30,7.88,1.79,0.75,0,971
4/19/2009 14:00,32251.59,33.33,6.71,0.89,2.15,0,905
4/19/2009 15:00,32251.63,35.56,6.07,0.89,0.59,0,781
4/19/2009 16:00,32251.67,36.11,3.58,0.89,5.03,0,604
4/19/2009 17:00,32251.71,33.89,3.8,1.34,5.46,0,263
4/19/2009 18:00,32251.76,30.56,3.64,0.89,5.34,0,48
4/19/2009 19:00,32251.8,26.11,6.69,1.79,1.62,0,11
4/19/2009 20:00,32251.84,25,5.21,3.58,0.93,0,3
4/19/2009 21:00,32251.88,24.44,5.72,3.13,0.75,0,3
4/19/2009 22:00,32251.92,23.89,7.05,4.02,0.86,0,3
4/19/2009 23:00,32251.97,18.33,9.08,3.13,1.31,0,3
4/20/2009 0:00,32252,21.11,4.16,1.34,0.91,0,3
4/20/2009 1:00,32252.04,18.89,10.4,2.24,0.58,0,3
4/20/2009 2:00,32252.08,21.67,6.69,3.13,0.93,0,3
4/20/2009 3:00,32252.13,21.11,5.8,2.68,1.22,0,3
4/20/2009 4:00,32252.17,20.56,5.69,2.68,1.34,0,3
4/20/2009 5:00,32252.21,19.44,5.43,2.24,1.03,0,3
4/20/2009 6:00,32252.25,18.89,6.96,2.24,0.87,0,31
4/20/2009 7:00,32252.29,21.11,5.8,2.68,1.29,0,203
4/20/2009 8:00,32252.34,25,5.21,1.79,1.15,0,417
4/20/2009 9:00,32252.38,26.67,5.03,0.89,0.45,0,622
4/20/2009 10:00,32252.42,32.78,7.7,0.45,5.08,0,796
4/20/2009 11:00,32252.46,33.89,7.18,0.89,3.37,0,917
4/20/2009 12:00,32252.5,34.44,7.64,0.45,3.87,0,978
4/20/2009 13:00,32252.55,33.89,8.63,0.45,5.03,0,978
4/20/2009 14:00,32252.59,35,7.31,1.34,0.49,0,908
4/20/2009 15:00,32252.63,38.33,8.34,1.34,5.71,0.16,780
4/20/2009 16:00,32252.67,37.78,7.89,0.89,5.17,0.32,603
4/20/2009 17:00,32252.71,35,8.1,0.45,4.33,0.49,264
4/20/2009 18:00,32252.76,32.78,8.38,0.45,1.22,0.65,61
4/20/2009 19:00,32252.8,26.67,9.07,1.79,0.66,0.81,12
4/20/2009 20:00,32252.84,26.67,9.07,2.68,1.31,0.97,3
4/20/2009 21:00,32252.88,25.56,9.78,4.47,1.06,1.13,3
4/20/2009 22:00,32252.92,25.56,9.37,4.02,0.89,1.3,3
4/20/2009 23:00,32252.97,21.67,4.21,1.34,4.14,0,3
4/21/2009 0:00,32253,22.78,9.16,1.34,0.84,1.62,3
4/21/2009 1:00,32253.04,22.22,7.57,2.24,1.03,1.78,3
4/21/2009 2:00,32253.08,23.33,3.25,2.68,0.89,1.95,3
4/21/2009 3:00,32253.13,23.33,2.72,0.89,2.18,2.11,3
4/21/2009 4:00,32253.17,21.67,7.44,0.45,1.08,2.27,3
4/21/2009 5:00,32253.21,20,8.29,1.79,0.68,2.43,3
4/21/2009 6:00,32253.25,21.11,6.19,2.68,0.89,2.59,38
4/21/2009 7:00,32253.29,25,4.16,0.45,1.17,2.76,198
4/21/2009 8:00,32253.34,26.11,7.18,1.34,3.77,2.92,377
4/21/2009 9:00,32253.38,30,4.67,0.89,3.84,3.08,662
4/21/2009 10:00,32253.42,33.33,5.12,0.89,4.22,3.24,792
4/21/2009 11:00,32253.46,34.44,7.64,0.45,5.1,3.4,878
4/21/2009 12:00,32253.5,33.89,6.4,0.89,3.86,3.57,808
4/21/2009 13:00,32253.55,32.78,7.7,0.89,3.94,7.07,559
4/21/2009 14:00,32253.59,32.22,5.79,1.34,0.52,3.52,665
4/21/2009 15:00,32253.63,35.56,8.56,2.24,1.12,3.36,886
4/21/2009 16:00,32253.67,35,7.31,1.34,0.72,3.2,693
4/21/2009 17:00,32253.71,37.22,5.52,0.89,4.45,3.04,303
4/21/2009 18:00,32253.76,33.33,7.46,0.89,5.32,2.88,85
4/21/2009 19:00,32253.8,29.44,7.98,2.24,0.8,2.72,14
4/21/2009 20:00,32253.84,27.22,10.86,2.24,0.94,2.56,3
4/21/2009 21:00,32253.88,25.56,9.37,3.13,1.43,2.4,3
4/21/2009 22:00,32253.92,23.33,11.99,1.79,0.99,2.24,3
4/21/2009 23:00,32253.97,25.56,5.7,1.34,1.8,1.46,3
4/22/2009 0:00,32254,22.22,7.57,5.36,1.22,1.92,3
4/22/2009 1:00,32254.04,22.22,8.3,3.13,1.38,1.76,3
4/22/2009 2:00,32254.08,20,6.98,1.79,4.17,1.6,3
4/22/2009 3:00,32254.13,19.44,8.4,2.24,0.98,1.44,3
4/22/2009 4:00,32254.17,22.22,2.29,0.89,1.41,1.28,3
4/22/2009 5:00,32254.21,19.44,6.14,0.45,0.05,1.12,3
4/22/2009 6:00,32254.25,20.56,4.51,0.89,1.55,0.96,34
4/22/2009 7:00,32254.29,25,9.28,0.89,1.1,0.8,210
4/22/2009 8:00,32254.34,26.67,8.15,0.45,3.87,0.64,424
4/22/2009 9:00,32254.38,30,6.03,0.89,4.61,0.48,630
4/22/2009 10:00,32254.42,31.67,6.77,0.89,0.37,0.32,802
4/22/2009 11:00,32254.46,34.44,6.03,0.89,3.77,0.16,921
4/22/2009 12:00,32254.5,35,7.31,1.34,5.88,0,977
4/22/2009 13:00,32254.55,36.11,7.4,1.34,5.41,0,966
4/22/2009 14:00,32254.59,37.22,7.43,0.45,3.18,0,907
4/22/2009 15:00,32254.63,37.78,6.95,0.89,5.46,0,776
4/22/2009 16:00,32254.67,36.11,5.6,0.89,4.31,0,596
4/22/2009 17:00,32254.71,35.56,4.18,1.34,4.35,0,254
4/22/2009 18:00,32254.76,32.22,7.23,1.34,5.34,0,60
4/22/2009 19:00,32254.8,29.44,4.2,0.45,4.69,0,12
4/22/2009 20:00,32254.84,25.56,3.5,0.89,4.36,0,2
4/22/2009 21:00,32254.88,23.33,5.22,0.45,3.86,0,3
4/22/2009 22:00,32254.92,21.11,4.16,0.89,4.49,0,3
4/22/2009 23:00,32254.97,22.22,10.65,2.68,1.34,2.08,3
4/23/2009 0:00,32255,17.78,6.56,0.89,4.05,0,3
4/23/2009 1:00,32255.04,17.22,4.12,0.89,5.55,0,3
4/23/2009 2:00,32255.08,17.78,8.83,0.89,0.45,0,3
4/23/2009 3:00,32255.13,16.67,8.81,2.68,1.31,0,3
4/23/2009 4:00,32255.17,15.56,6.48,0.89,2.88,0,3
4/23/2009 5:00,32255.21,15.56,7.76,0.45,1.99,0,3
4/23/2009 6:00,32255.25,13.33,7.28,0.89,4.08,0,20
4/23/2009 7:00,32255.29,17.78,8.01,0.45,4.26,0,200
4/23/2009 8:00,32255.34,20,7.97,0.45,3.37,0,419
4/23/2009 9:00,32255.38,23.33,8.57,0.45,4.22,0,622
4/23/2009 10:00,32255.42,25.56,8.09,0.89,2.71,0,795
4/23/2009 11:00,32255.46,27.78,7.09,1.34,5.38,0,921
4/23/2009 12:00,32255.5,27.22,3.69,0.89,4.28,0,986
4/23/2009 13:00,32255.55,28.89,3.74,0.89,4.03,0,979
4/23/2009 14:00,32255.59,28.89,3.74,0.45,5.99,0,892
4/23/2009 15:00,32255.63,29.44,4.2,0.89,4.59,0,785
4/23/2009 16:00,32255.67,29.44,2.72,1.34,4.35,0,598
4/23/2009 17:00,32255.71,27.22,4.31,0.45,5.86,0,263
4/23/2009 18:00,32255.76,24.44,5.23,0.89,5.15,0,66
4/23/2009 19:00,32255.8,21.67,5.08,0.45,4.63,0,14
4/23/2009 20:00,32255.84,19.44,5.79,0.89,4.19,0,3
4/23/2009 21:00,32255.88,17.78,5.94,0.45,3.98,0,3
4/23/2009 22:00,32255.92,17.78,4.96,0.45,5.53,0,3
4/23/2009 23:00,32255.97,20,6.29,0.45,4.38,0,3
4/24/2009 0:00,32256,15.56,2.61,0.45,4.14,0,3
4/24/2009 1:00,32256.04,15,1.42,0.45,4.07,0,3
4/24/2009 2:00,32256.08,15,1.06,0.45,4.24,0,3
4/24/2009 3:00,32256.13,13.33,-1.53,0.89,4.15,0,3
4/24/2009 4:00,32256.17,13.33,-0.79,0.45,4.07,0,3
4/24/2009 5:00,32256.21,13.33,-1.53,0.45,4.43,0,3
4/24/2009 6:00,32256.25,12.78,-3.62,0.89,4.1,0,13
4/24/2009 7:00,32256.29,15,-2.99,0.89,5.78,0,115
4/24/2009 8:00,32256.34,17.22,-6.01,0.45,3.53,0,386
4/24/2009 9:00,32256.38,19.44,-4.15,0.45,6.07,0,529
4/24/2009 10:00,32256.42,18.89,-5.29,0.45,3.46,0,498
4/24/2009 11:00,32256.46,20.56,-6.16,0.45,4.87,0,695
4/24/2009 12:00,32256.5,23.33,-3.09,0.89,4.85,0,930
4/24/2009 13:00,32256.55,22.78,-0.71,0.89,0.35,0,909
4/24/2009 14:00,32256.59,18.89,-1.64,0.89,4.45,5.77,572
4/24/2009 15:00,32256.63,17.78,-1.55,0.89,4.47,5.51,219
4/24/2009 16:00,32256.67,17.78,-0.11,2.24,5.79,5.25,165
4/24/2009 17:00,32256.71,17.78,1.63,2.68,6.02,4.99,187
4/24/2009 18:00,32256.76,18.33,-3.23,1.79,5.34,4.72,95
4/24/2009 19:00,32256.8,15.56,0.83,3.13,5.88,4.46,14
4/24/2009 20:00,32256.84,12.78,-2.03,0.89,4.05,4.2,3
4/24/2009 21:00,32256.88,11.11,-3.15,0.45,4.97,3.94,3
4/24/2009 22:00,32256.92,11.67,-3.02,0.45,4.56,3.67,3
4/24/2009 23:00,32256.97,17.78,4.96,0.45,4.26,0,3
4/25/2009 0:00,32257,6.11,-0.26,0.45,2.95,3.15,3
4/25/2009 1:00,32257.04,6.67,1.32,0.45,4.28,2.89,3
4/25/2009 2:00,32257.08,5,1.26,0.45,4.08,2.62,4
4/25/2009 3:00,32257.13,4.44,1.6,0.89,4.14,2.36,4
4/25/2009 4:00,32257.17,4.44,2.11,0.45,5.67,2.1,4
4/25/2009 5:00,32257.21,3.89,0.89,0.89,3.89,1.84,4
4/25/2009 6:00,32257.25,5.56,1.61,0.89,2.23,1.57,40
4/25/2009 7:00,32257.29,10,2.75,0.45,3.67,1.31,217
4/25/2009 8:00,32257.34,11.67,2.32,1.34,1.94,1.05,428
4/25/2009 9:00,32257.38,13.89,2.37,0.45,4.14,0.79,634
4/25/2009 10:00,32257.42,16.67,1.44,0.45,0.14,0.52,805
4/25/2009 11:00,32257.46,17.22,1.14,0.89,4,0.26,922
4/25/2009 12:00,32257.5,20.56,2.78,0,3.39,0,962
4/25/2009 13:00,32257.55,21.67,2.32,2.68,4.15,0,1022
4/25/2009 14:00,32257.59,21.67,3.29,0.45,4.63,0,784
4/25/2009 15:00,32257.63,24.44,3.68,0.45,4.68,0,767
4/25/2009 16:00,32257.67,23.33,1.01,1.34,4.14,0,667
4/25/2009 17:00,32257.71,23.33,1.6,0.89,5.22,0,252
4/25/2009 18:00,32257.76,20,0.88,1.34,5.55,0,72
4/25/2009 19:00,32257.8,18.33,1.27,0.89,4.76,0,16
4/25/2009 20:00,32257.84,16.11,2.06,0.45,4.54,0,3
4/25/2009 21:00,32257.88,13.33,4.92,0.45,4.38,0,3
4/25/2009 22:00,32257.92,12.78,3.89,0.45,4.66,0,3
4/25/2009 23:00,32257.97,9.44,-3.94,0.45,3.91,3.41,3
4/26/2009 0:00,32258,8.89,2.6,0.89,3.54,0,3
4/26/2009 1:00,32258.04,8.33,2.07,0.89,4.26,0,3
4/26/2009 2:00,32258.08,8.33,2.5,0.45,2.57,0,3
4/26/2009 3:00,32258.13,7.78,1.75,1.34,4.1,0,3
4/26/2009 4:00,32258.17,7.22,2.65,0.45,3.87,0,3
4/26/2009 5:00,32258.21,7.22,2.84,0.45,4,0,4
4/26/2009 6:00,32258.25,9.44,1.99,0.89,4.15,0,38
4/26/2009 7:00,32258.29,11.11,4.26,0.89,4.05,0,212
4/26/2009 8:00,32258.34,15.56,6.21,0.89,5.39,0,422
4/26/2009 9:00,32258.38,17.78,4.62,0.89,3.04,0,625
4/26/2009 10:00,32258.42,18.89,4.56,0.89,2.72,0,796
4/26/2009 11:00,32258.46,21.11,4.58,0.45,4.52,0,918
4/26/2009 12:00,32258.5,23.33,4.27,1.34,4.78,0,978
4/26/2009 13:00,32258.55,22.78,1.13,0.45,4.47,0,977
4/26/2009 14:00,32258.59,23.33,0.4,1.34,4.08,0,910
4/26/2009 15:00,32258.63,24.44,1.34,0.45,5.18,0,784
4/26/2009 16:00,32258.67,25,0.49,0.89,3.4,0,602
4/26/2009 17:00,32258.71,23.89,-0.44,0.89,4.14,0,275
4/26/2009 18:00,32258.76,21.67,-1.01,0.45,3.7,0,71
4/26/2009 19:00,32258.8,18.89,-1.1,0,3.86,0,15
4/26/2009 20:00,32258.84,16.67,-0.19,0.45,4.26,0,3
4/26/2009 21:00,32258.88,15,-0.05,0.45,5.57,0,3
4/26/2009 22:00,32258.92,15,2.43,1.34,6.27,0,3
4/26/2009 23:00,32258.97,11.11,1.26,1.34,3.93,0,3
4/27/2009 0:00,32259,11.11,0.99,0.89,4.03,0,3
4/27/2009 1:00,32259.04,12.22,5.77,2.24,1.24,0,3
4/27/2009 2:00,32259.08,12.22,4.61,0.45,2.18,0,3
4/27/2009 3:00,32259.13,10,2.75,1.34,4.24,0,3
4/27/2009 4:00,32259.17,9.44,2.45,0.45,4.56,0,3
4/27/2009 5:00,32259.21,10,5.33,0.89,1.69,0,3
4/27/2009 6:00,32259.25,9.44,2.22,0.45,4.05,0,41
4/27/2009 7:00,32259.29,11.11,3.56,0.45,3.98,0,214
4/27/2009 8:00,32259.34,15.56,4.21,0.45,3.75,0,429
4/27/2009 9:00,32259.38,16.67,3.95,1.79,3.98,0,632
4/27/2009 10:00,32259.42,18.89,3.42,0.45,6.14,0,800
4/27/2009 11:00,32259.46,22.22,3.78,0.45,4.71,0,920
4/27/2009 12:00,32259.5,23.33,4.27,0.45,3.89,0,972
4/27/2009 13:00,32259.55,24.44,4.21,0.45,4.49,0,971
4/27/2009 14:00,32259.59,24.44,3.12,1.79,3.58,0,902
4/27/2009 15:00,32259.63,25,4.16,1.34,2.67,0,769
4/27/2009 16:00,32259.67,22.78,3.29,2.24,3.79,0,586
4/27/2009 17:00,32259.71,20,3.18,1.34,4.8,0,236
4/27/2009 18:00,32259.76,16.67,2.56,1.34,4.99,0,76
4/27/2009 19:00,32259.8,14.44,3.78,0.89,4.96,0,18
4/27/2009 20:00,32259.84,12.22,3.62,0.89,4.76,0,3
4/27/2009 21:00,32259.88,10,2.75,0.45,5.97,0,3
4/27/2009 22:00,32259.92,9.44,3.77,0.89,4,0,3
4/27/2009 23:00,32259.97,13.89,0.76,0.89,3.79,0,3
4/28/2009 0:00,32260,7.78,2.59,0.45,4.33,0,3
4/28/2009 1:00,32260.04,7.22,2.84,0.89,4.26,0,3
4/28/2009 2:00,32260.08,6.67,2.87,0.89,3.75,0,4
4/28/2009 3:00,32260.13,6.11,2.52,0.89,4.03,0,4
4/28/2009 4:00,32260.17,5,1.97,0.89,4.24,0,4
4/28/2009 5:00,32260.21,6.11,2.33,0.45,6.18,0,4
4/28/2009 6:00,32260.25,7.22,1.44,0,6.13,0,36
4/28/2009 7:00,32260.29,9.44,2.91,0.45,4.19,0,199
4/28/2009 8:00,32260.34,12.22,1.14,0.45,4.1,0,412
4/28/2009 9:00,32260.38,13.89,0.42,1.79,3.8,0,623
4/28/2009 10:00,32260.42,15.56,0.06,1.34,4,0,799
4/28/2009 11:00,32260.46,16.67,0.23,0.89,4.4,0,923
4/28/2009 12:00,32260.5,18.89,0.4,0.89,3.96,0,985
4/28/2009 13:00,32260.55,21.11,1.33,1.34,5.39,0,983
4/28/2009 14:00,32260.59,21.11,1.84,0.89,1.85,0,915
4/28/2009 15:00,32260.63,21.11,1.84,0.45,4.76,0,784
4/28/2009 16:00,32260.67,21.11,1.84,0.89,5.25,0,598
4/28/2009 17:00,32260.71,19.44,1.81,0.89,3.82,0,273
4/28/2009 18:00,32260.76,17.22,1.94,0.45,4.96,0,79
4/28/2009 19:00,32260.8,13.89,0.76,0.45,5.22,0,19
4/28/2009 20:00,32260.84,12.78,1.35,0.45,4.71,0,3
4/28/2009 21:00,32260.88,12.78,1.35,0.45,4.31,0,3
4/28/2009 22:00,32260.92,11.67,1.22,0.45,4.21,0,3
4/28/2009 23:00,32260.97,7.78,2.18,0.89,4.17,0,3
4/29/2009 0:00,32261,7.22,0.79,0.45,2.13,0,3
4/29/2009 1:00,32261.04,6.67,1.72,0.45,4.1,0,3
4/29/2009 2:00,32261.08,6.11,2.15,0.45,4.49,0,4
4/29/2009 3:00,32261.13,5.56,1.98,0.89,3.89,0,4
4/29/2009 4:00,32261.17,4.44,1.25,0.45,4.29,0,4
4/29/2009 5:00,32261.21,5,1.8,0.45,4.22,0,4
4/29/2009 6:00,32261.25,7.78,3.57,0.45,3.79,0,45
4/29/2009 7:00,32261.29,8.89,3.24,0.45,3.54,0,216
4/29/2009 8:00,32261.34,13.89,4.39,0,3.63,0,434
4/29/2009 9:00,32261.38,16.11,2.06,0.89,4.35,0,641
4/29/2009 10:00,32261.42,17.78,2.43,0.89,4.01,0,813
4/29/2009 11:00,32261.46,20,2.74,0.89,4.78,0,931
4/29/2009 12:00,32261.5,22.22,4.25,0.89,5.39,0,988
4/29/2009 13:00,32261.55,23.33,2.72,0.89,3.07,0,994
4/29/2009 14:00,32261.59,23.89,0.87,1.34,2.5,0,932
4/29/2009 15:00,32261.63,23.33,-0.9,0.45,0.84,0,808
4/29/2009 16:00,32261.67,25,-0.21,1.34,4.05,0,629
4/29/2009 17:00,32261.71,22.78,-0.71,0.89,4.12,0,283
4/29/2009 18:00,32261.76,20,0.37,0.45,3.26,0,68
4/29/2009 19:00,32261.8,17.22,0.3,0.45,5.88,0,16
4/29/2009 20:00,32261.84,14.44,-0.16,0.45,1.69,0,3
4/29/2009 21:00,32261.88,13.89,-0.29,0.45,4.68,0,3
4/29/2009 22:00,32261.92,12.78,1.95,0.45,4.33,0,3
4/29/2009 23:00,32261.97,8.33,0.47,0.45,3.75,0,3
4/30/2009 0:00,32262,8.89,1.93,1.34,3.98,0,3
4/30/2009 1:00,32262.04,8.33,3.12,1.34,4.33,0,3
4/30/2009 2:00,32262.08,8.89,4.26,0.89,1.5,0,3
4/30/2009 3:00,32262.13,7.22,2.65,0.45,4.12,0,3
4/30/2009 4:00,32262.17,7.78,2.99,0.45,4.89,0,3
4/30/2009 5:00,32262.21,5.56,2.51,0,3.75,0,4
4/30/2009 6:00,32262.25,9.44,4.99,1.79,1.54,0,49
4/30/2009 7:00,32262.29,9.44,3.13,1.34,3.98,0,232
4/30/2009 8:00,32262.34,13.89,4.66,0.89,0.47,0,442
4/30/2009 9:00,32262.38,18.89,3.42,1.34,3.93,0,635
4/30/2009 10:00,32262.42,21.11,2.81,0.89,3.07,0,807
4/30/2009 11:00,32262.46,21.67,1.81,0.45,4.78,0,905
4/30/2009 12:00,32262.5,23.89,2.65,0.45,0.31,0,955
4/30/2009 13:00,32262.55,26.67,3.22,0.45,4.07,0,971
4/30/2009 14:00,32262.59,26.67,2.56,0.89,5.38,0,898
4/30/2009 15:00,32262.63,28.33,2.56,0.89,4.14,0,771
4/30/2009 16:00,32262.67,26.67,1.17,0.89,3.86,0,557
4/30/2009 17:00,32262.71,25.56,0.95,0.89,3.72,0,280
4/30/2009 18:00,32262.76,22.78,2.24,0.89,3.7,0,87
4/30/2009 19:00,32262.8,20,0.88,0.45,5.31,0,21
4/30/2009 20:00,32262.84,19.44,0.88,0,4.49,0,3
4/30/2009 21:00,32262.88,17.78,3.56,0.89,5.78,0,3
4/30/2009 22:00,32262.92,18.33,6.76,1.79,0.99,0,3
4/30/2009 23:00,32262.97,12.22,1.44,0.45,3.89,0,3
5/1/2009 0:00,32263,18.33,4.43,0.45,1.05,0,3
5/1/2009 1:00,32263.04,18.33,6.76,0.89,0.99,0,3
5/1/2009 2:00,32263.08,18.33,7.07,2.24,1.01,0,3
5/1/2009 3:00,32263.13,16.11,3.77,0.89,3.75,0,3
5/1/2009 4:00,32263.17,15,4.58,1.34,0.09,0,3
5/1/2009 5:00,32263.21,16.67,7.52,4.47,0.79,0,3
5/1/2009 6:00,32263.25,17.22,5.11,1.34,3.54,0,14
5/1/2009 7:00,32263.29,16.67,5.23,0.45,2.43,0,95
5/1/2009 8:00,32263.34,21.11,5.41,0.89,2.79,0,385
5/1/2009 9:00,32263.38,21.11,7.65,2.24,1.66,0,596
5/1/2009 10:00,32263.42,26.11,3.97,1.79,3.26,0,745
5/1/2009 11:00,32263.46,26.11,3.37,2.68,3.54,0,892
5/1/2009 12:00,32263.5,27.22,3.03,2.24,3.67,0,928
5/1/2009 13:00,32263.55,25,3.02,1.79,3.82,7.4,547
5/1/2009 14:00,32263.59,22.22,6.8,0.89,4.5,10,135
5/1/2009 15:00,32263.63,18.89,9.6,2.24,5.85,9.9,124
5/1/2009 16:00,32263.67,16.11,12.05,4.02,0.8,9.79,45
5/1/2009 17:00,32263.71,15,12.11,2.68,1.54,9.69,31
5/1/2009 18:00,32263.76,15,11.74,4.47,1.15,9.59,21
5/1/2009 19:00,32263.8,15,12.29,3.58,1.05,9.48,6
5/1/2009 20:00,32263.84,14.44,12.46,2.68,1.73,9.38,3
5/1/2009 21:00,32263.88,15.56,13.2,3.13,1.03,9.28,3
5/1/2009 22:00,32263.92,14.44,11.93,1.34,2.29,9.17,3
5/1/2009 23:00,32263.97,18.33,6.76,2.24,0.82,0,3
5/2/2009 0:00,32264,14.44,12.64,2.24,1.29,8.97,3
5/2/2009 1:00,32264.04,14.44,12.98,0.45,4.68,8.86,3
5/2/2009 2:00,32264.08,14.44,12.11,3.13,0.93,8.76,3
5/2/2009 3:00,32264.13,15.56,12.84,2.68,1.87,8.66,3
5/2/2009 4:00,32264.17,15,11.16,1.79,1.54,8.55,3
5/2/2009 5:00,32264.21,15.56,12.28,0.89,2.37,8.45,4
5/2/2009 6:00,32264.25,15,12.29,0.45,3.86,8.35,21
5/2/2009 7:00,32264.29,15.56,13.02,0.89,4.03,8.24,81
5/2/2009 8:00,32264.34,16.11,13.93,0.45,3.6,8.14,79
5/2/2009 9:00,32264.38,19.44,15.08,1.34,5.83,8.04,291
5/2/2009 10:00,32264.42,20,14.33,1.79,0.52,7.93,643
5/2/2009 11:00,32264.46,21.67,14.04,1.79,0.56,7.83,651
5/2/2009 12:00,32264.5,22.22,13.8,0.45,0.38,7.73,552
5/2/2009 13:00,32264.55,21.67,11.63,0.45,4.29,7.99,498
5/2/2009 14:00,32264.59,24.44,11.72,0.45,3.54,0,782
5/2/2009 15:00,32264.63,25.56,11.32,0.89,5.34,0.36,522
5/2/2009 16:00,32264.67,23.33,10.02,0.89,4.01,0.72,447
5/2/2009 17:00,32264.71,22.22,9.68,0.45,4.9,1.08,166
5/2/2009 18:00,32264.76,20.56,7.83,0.45,4.96,1.44,63
5/2/2009 19:00,32264.8,20,12.46,0.45,5.69,1.8,15
5/2/2009 20:00,32264.84,18.33,10.88,0,0.03,2.16,3
5/2/2009 21:00,32264.88,17.78,11.75,0.45,4.5,2.52,3
5/2/2009 22:00,32264.92,18.89,11.89,1.79,5.97,2.88,3
5/2/2009 23:00,32264.97,15.56,11.9,0.45,2.15,9.07,3
5/3/2009 0:00,32265,16.67,12.58,0.45,4.63,3.6,3
5/3/2009 1:00,32265.04,16.11,11.44,0.45,5.59,3.96,3
5/3/2009 2:00,32265.08,17.22,13.32,0.45,3.18,4.32,3
5/3/2009 3:00,32265.13,15.56,10.9,0.45,4.99,4.67,3
5/3/2009 4:00,32265.17,15.56,11.31,0.45,4.1,5.03,3
5/3/2009 5:00,32265.21,15,11.93,0.89,4,5.39,4
5/3/2009 6:00,32265.25,16.11,12.05,0,4.52,5.75,50
5/3/2009 7:00,32265.29,17.78,11.53,0.45,5.06,6.11,203
5/3/2009 8:00,32265.34,21.67,10.75,0.89,5.45,6.47,457
5/3/2009 9:00,32265.38,21.67,11.63,0.89,6.06,6.83,374
5/3/2009 10:00,32265.42,20.56,13.47,0.45,4.29,7.19,509
5/3/2009 11:00,32265.46,22.22,12.44,1.79,0.3,7.55,485
5/3/2009 12:00,32265.5,22.78,13.79,1.79,5.88,7.91,536
5/3/2009 13:00,32265.55,25.56,15.26,0.89,5.5,7.62,531
5/3/2009 14:00,32265.59,25.56,13.72,0.45,5.2,8.47,400
5/3/2009 15:00,32265.63,25.56,12.39,0.45,5.67,8.25,406
5/3/2009 16:00,32265.67,22.78,11.16,0.45,4.54,8.03,232
5/3/2009 17:00,32265.71,22.78,12.08,0.89,4.57,7.81,193
5/3/2009 18:00,32265.76,20.56,10.6,0.89,4.75,7.59,88
5/3/2009 19:00,32265.8,18.89,11.89,0.45,4.15,7.37,16
5/3/2009 20:00,32265.84,18.33,12.95,0.89,5.95,7.15,3
5/3/2009 21:00,32265.88,17.22,12.92,0.45,3.18,6.93,3
5/3/2009 22:00,32265.92,16.11,11.85,0.89,4.28,6.71,3
5/3/2009 23:00,32265.97,18.33,11.36,0.89,4.56,3.24,3
5/4/2009 0:00,32266,16.11,13.2,1.79,0.86,6.27,3
5/4/2009 1:00,32266.04,15,12.11,0.89,6.18,6.06,3
5/4/2009 2:00,32266.08,13.89,10.46,0.89,3.94,5.84,3
5/4/2009 3:00,32266.13,12.78,11.5,0.45,2.98,5.62,3
5/4/2009 4:00,32266.17,12.22,11.44,0.89,4.42,5.4,3
5/4/2009 5:00,32266.21,11.11,10.33,0.89,4.07,5.18,4
5/4/2009 6:00,32266.25,12.22,11.44,0.89,1.95,4.96,39
5/4/2009 7:00,32266.29,13.89,11.92,0.45,3.75,4.74,189
5/4/2009 8:00,32266.34,17.78,13.26,1.79,1.1,4.52,435
5/4/2009 9:00,32266.38,22.78,12.96,0.45,3.84,4.3,601
5/4/2009 10:00,32266.42,23.33,11.36,0.45,5.79,4.08,780
5/4/2009 11:00,32266.46,25,12.22,0.45,2.37,3.86,770
5/4/2009 12:00,32266.5,26.67,11.95,0.45,4.15,3.65,827
5/4/2009 13:00,32266.55,25.56,9.78,0.45,5.32,2.33,824
5/4/2009 14:00,32266.59,26.11,9.45,0.45,2.23,6.59,539
5/4/2009 15:00,32266.63,28.89,10.1,0.89,2.57,6.29,676
5/4/2009 16:00,32266.67,25.56,8.09,0.89,0.1,5.99,541
5/4/2009 17:00,32266.71,27.78,7.62,0.89,0.42,5.69,275
5/4/2009 18:00,32266.76,25,6.21,0.45,5.15,5.39,73
5/4/2009 19:00,32266.8,21.67,-0.4,0.45,6.2,5.09,23
5/4/2009 20:00,32266.84,20.56,10.31,0.45,3.65,4.79,3
5/4/2009 21:00,32266.88,18.89,10.91,0.45,3.98,4.49,3
5/4/2009 22:00,32266.92,17.78,11.53,0,4.26,4.19,3
5/4/2009 23:00,32266.97,16.11,12.24,1.79,1.05,6.49,3
5/5/2009 0:00,32267,18.89,12.13,2.24,6.18,3.59,3
5/5/2009 1:00,32267.04,18.89,12.36,0.45,1.47,3.29,3
5/5/2009 2:00,32267.08,17.78,10.59,0.89,5.57,2.99,3
5/5/2009 3:00,32267.13,17.22,10.77,0.45,4.73,2.69,3
5/5/2009 4:00,32267.17,17.22,11,0,4.35,2.39,3
5/5/2009 5:00,32267.21,16.11,10.16,0.45,5.69,2.1,4
5/5/2009 6:00,32267.25,17.78,11.3,0.89,4.24,1.8,54
5/5/2009 7:00,32267.29,21.11,12.75,0.45,3.35,1.5,230
5/5/2009 8:00,32267.34,22.78,11.78,0.45,4.99,1.2,424
5/5/2009 9:00,32267.38,23.89,10.52,0.89,4.15,0.9,629
5/5/2009 10:00,32267.42,26.11,11.82,0.45,4.19,0.6,814
5/5/2009 11:00,32267.46,27.78,10.05,0.45,4.12,0.3,926
5/5/2009 12:00,32267.5,28.89,9.61,0.89,4.49,0,981
5/5/2009 13:00,32267.55,29.44,10.09,0.45,3.33,0,976
5/5/2009 14:00,32267.59,28.89,10.57,1.34,4.4,0,911
5/5/2009 15:00,32267.63,31.11,11.55,0.89,4.61,0,788
5/5/2009 16:00,32267.67,29.44,10.58,1.34,4.5,0,614
5/5/2009 17:00,32267.71,27.78,11.35,0.89,4.63,0,234
5/5/2009 18:00,32267.76,26.11,12.9,1.34,4.82,0,62
5/5/2009 19:00,32267.8,23.33,12.6,0.89,5.25,0,16
5/5/2009 20:00,32267.84,22.22,12.72,0.45,4.89,0,3
5/5/2009 21:00,32267.88,20.56,12.99,0.45,3.7,0,3
5/5/2009 22:00,32267.92,19.44,12.66,0.45,4.94,0,3
5/5/2009 23:00,32267.97,17.78,10.35,1.79,6.25,3.89,3
5/6/2009 0:00,32268,16.67,12.38,0.45,5.01,0,3
5/6/2009 1:00,32268.04,15.56,12.28,0.45,3.89,0,3
5/6/2009 2:00,32268.08,15,11.74,0.45,3.8,0,3
5/6/2009 3:00,32268.13,13.33,10.84,0.89,4.05,0,3
5/6/2009 4:00,32268.17,13.89,11.56,0.45,4.69,0,3
5/6/2009 5:00,32268.21,12.78,11.5,0.45,3.65,0,4
5/6/2009 6:00,32268.25,13.89,11.56,0.89,5.2,0,70
5/6/2009 7:00,32268.29,17.22,13.72,1.79,1.43,0,253
5/6/2009 8:00,32268.34,20,13.42,0.45,2.3,0,465
5/6/2009 9:00,32268.38,22.78,12.08,0.45,4,0,663
5/6/2009 10:00,32268.42,26.67,12.32,0.89,5.38,0,825
5/6/2009 11:00,32268.46,29.44,13.26,0.89,5.13,0,936
5/6/2009 12:00,32268.5,28.89,8.05,0.89,4.36,0,993
5/6/2009 13:00,32268.55,30.56,5.83,0.89,4.29,0,994
5/6/2009 14:00,32268.59,30,1.54,1.79,4.14,0,931
5/6/2009 15:00,32268.63,32.22,4.21,1.79,4.85,0,805
5/6/2009 16:00,32268.67,30.56,12.5,2.24,5.29,0,624
5/6/2009 17:00,32268.71,30,13.34,2.24,5.36,0,229
5/6/2009 18:00,32268.76,27.78,10.93,0.45,4.9,0,59
5/6/2009 19:00,32268.8,25,11.88,0.45,5.48,0,15
5/6/2009 20:00,32268.84,22.78,13.51,0.45,4.47,0,3
5/6/2009 21:00,32268.88,20,13.18,0.45,1.92,0,3
5/6/2009 22:00,32268.92,20,14.55,0.89,0.37,0,3
5/6/2009 23:00,32268.97,18.33,13.16,0.45,3.86,0,3
5/7/2009 0:00,32269,16.67,13.93,0.45,4.71,0,3
5/7/2009 1:00,32269.04,15.56,13.56,0.45,4,0,3
5/7/2009 2:00,32269.08,15.56,13.73,0.45,2.91,0,3
5/7/2009 3:00,32269.13,13.89,12.6,0.45,4.05,0,3
5/7/2009 4:00,32269.17,14.44,13.48,0.45,4.63,0,3
5/7/2009 5:00,32269.21,13.33,12.38,0.89,4,0,4
5/7/2009 6:00,32269.25,13.33,11.19,0.45,3.94,0,74
5/7/2009 7:00,32269.29,16.11,12.63,0.45,3.86,0,254
5/7/2009 8:00,32269.34,18.33,13.59,0.89,3.67,0,373
5/7/2009 9:00,32269.38,21.67,13.01,0.45,3.7,0,662
5/7/2009 10:00,32269.42,23.89,11.21,0.45,5.59,0,831
5/7/2009 11:00,32269.46,26.11,11.82,0.89,4.47,0,949
5/7/2009 12:00,32269.5,27.22,8.15,1.34,3.87,0,1005
5/7/2009 13:00,32269.55,28.89,8.05,0.45,0,0,1004
5/7/2009 14:00,32269.59,28.89,6.34,0.89,4.07,0,941
5/7/2009 15:00,32269.63,29.44,4.9,0.89,4.28,0,814
5/7/2009 16:00,32269.67,30,4.67,1.34,2.98,0,640
5/7/2009 17:00,32269.71,27.78,5.98,0.89,5.43,0,205
5/7/2009 18:00,32269.76,25.56,4.08,0.89,3.35,0,52
5/7/2009 19:00,32269.8,23.33,4.27,0.45,3.8,0,18
5/7/2009 20:00,32269.84,21.11,2.81,0.45,2.16,0,3
5/7/2009 21:00,32269.88,18.89,2.62,0.45,4.14,0,3
5/7/2009 22:00,32269.92,18.33,3.32,0.45,4.75,0,3
5/7/2009 23:00,32269.97,17.78,14.26,0.89,4.08,0,3
5/8/2009 0:00,32270,15,4,0.45,4.05,0,3
5/8/2009 1:00,32270.04,13.33,3.32,0.45,2.18,0,3
5/8/2009 2:00,32270.08,14.44,4.63,0.89,1.99,0,3
5/8/2009 3:00,32270.13,13.33,4.66,1.34,4.05,0,3
5/8/2009 4:00,32270.17,13.89,7.59,2.68,0.98,0,3
5/8/2009 5:00,32270.21,11.67,7.92,1.34,3.53,0,4
5/8/2009 6:00,32270.25,15,7.72,1.34,1.08,0,66
5/8/2009 7:00,32270.29,18.33,12.06,1.79,1.22,0,252
5/8/2009 8:00,32270.34,23.89,10.52,0.45,4.64,0,464
5/8/2009 9:00,32270.38,24.44,7.54,0.45,2.97,0,661
5/8/2009 10:00,32270.42,25.56,7.17,0.89,3.16,0,823
5/8/2009 11:00,32270.46,27.78,7.62,1.34,4.01,0,937
5/8/2009 12:00,32270.5,27.78,7.09,0.89,4.35,0,993
5/8/2009 13:00,32270.55,30.56,8.36,0.89,4.96,0,987
5/8/2009 14:00,32270.59,30.56,7.14,0.45,4.64,0,926
5/8/2009 15:00,32270.63,33.33,8.85,0.89,4.22,0,806
5/8/2009 16:00,32270.67,30.56,3.64,0.45,3.7,0,628
5/8/2009 17:00,32270.71,30.56,2.84,1.34,4.4,0,234
5/8/2009 18:00,32270.76,27.78,2.1,1.34,4.69,0,54
5/8/2009 19:00,32270.8,25,3.6,0.45,4.1,0,17
5/8/2009 20:00,32270.84,21.67,3.76,0.45,3.86,0,3
5/8/2009 21:00,32270.88,21.11,4.58,0.89,4.15,0,3
5/8/2009 22:00,32270.92,20,4.81,0.45,3.51,0,3
5/8/2009 23:00,32270.97,16.11,5.32,0.45,4.22,0,3
5/9/2009 0:00,32271,17.78,9.09,0.89,1.33,0,3
5/9/2009 1:00,32271.04,16.67,9.06,1.79,1.54,0,3
5/9/2009 2:00,32271.08,17.22,11.22,1.34,1.43,0,3
5/9/2009 3:00,32271.13,17.22,11.22,2.68,1.24,0,3
5/9/2009 4:00,32271.17,16.67,11.13,4.47,1.15,0,3
5/9/2009 5:00,32271.21,17.22,11.66,4.47,1.36,0,4
5/9/2009 6:00,32271.25,17.22,11.44,1.79,1.17,0,66
5/9/2009 7:00,32271.29,20.56,11.16,0.89,4.24,0,254
5/9/2009 8:00,32271.34,22.78,8.8,0.45,3.51,0,464
5/9/2009 9:00,32271.38,26.67,9.51,0.45,0.49,0,661
5/9/2009 10:00,32271.42,25,11.18,2.24,0.49,0,823
5/9/2009 11:00,32271.46,29.44,8.53,1.79,3.11,0,934
5/9/2009 12:00,32271.5,30.56,6.5,0.45,5.55,0,985
5/9/2009 13:00,32271.55,31.11,8.24,0.89,3.65,0,985
5/9/2009 14:00,32271.59,33.33,8.17,0.89,1.92,0,922
5/9/2009 15:00,32271.63,34.44,7.64,0.89,4.15,0,803
5/9/2009 16:00,32271.67,33.89,3.8,0.89,3.87,0,631
5/9/2009 17:00,32271.71,32.22,3.36,0.89,3.72,0,246
5/9/2009 18:00,32271.76,30,2.38,0.89,3.98,0,63
5/9/2009 19:00,32271.8,26.11,1.42,0.45,4.38,0,19
5/9/2009 20:00,32271.84,22.78,2.77,0.89,4.05,0,3
5/9/2009 21:00,32271.88,22.78,3.78,0.45,4.22,0,3
5/9/2009 22:00,32271.92,21.11,3.72,0.89,3.94,0,3
5/9/2009 23:00,32271.97,17.78,4.62,0.89,0.82,0,3
5/10/2009 0:00,32272,19.44,5.06,0.45,3.86,0,3
5/10/2009 1:00,32272.04,18.33,8.81,1.79,1.24,0,3
5/10/2009 2:00,32272.08,17.78,10.35,1.34,1.34,0,3
5/10/2009 3:00,32272.13,16.67,10.47,0.89,1.61,0,3
5/10/2009 4:00,32272.17,16.67,10.91,0.45,3.98,0,3
5/10/2009 5:00,32272.21,16.67,11.98,1.79,1.57,0,4
5/10/2009 6:00,32272.25,16.11,7.53,0.89,3.87,0,68
5/10/2009 7:00,32272.29,20,8.6,0.89,4.28,0,254
5/10/2009 8:00,32272.34,22.22,8.66,0.89,4.26,0,466
5/10/2009 9:00,32272.38,25.56,8.52,0.89,3.18,0,659
5/10/2009 10:00,32272.42,27.22,8.63,0.89,1.61,0,827
5/10/2009 11:00,32272.46,30,10.58,1.34,6.25,0,938
5/10/2009 12:00,32272.5,31.67,8.71,1.34,2.6,0,990
5/10/2009 13:00,32272.55,31.11,9.97,0.45,3.05,0,987
5/10/2009 14:00,32272.59,33.89,8.63,0.89,2.81,0,922
5/10/2009 15:00,32272.63,35.56,7.77,0.45,4.82,0,798
5/10/2009 16:00,32272.67,35,4.7,1.34,5.71,0,628
5/10/2009 17:00,32272.71,32.78,1.95,0.45,4.68,0,285
5/10/2009 18:00,32272.76,31.11,-0.4,1.34,4.03,0,63
5/10/2009 19:00,32272.8,26.11,3.37,0.45,3.82,0,18
5/10/2009 20:00,32272.84,23.33,3.25,0.45,3.32,0,3
5/10/2009 21:00,32272.88,22.22,3.3,0.45,3.67,0,3
5/10/2009 22:00,32272.92,21.67,4.65,1.34,0.07,0,3
5/10/2009 23:00,32272.97,19.44,5.06,0.45,4.64,0,3
5/11/2009 0:00,32273,18.89,7.27,0.45,2.11,0,3
5/11/2009 1:00,32273.04,18.89,9.33,1.79,1.31,0,3
5/11/2009 2:00,32273.08,18.89,10.4,1.79,1.75,0,3
5/11/2009 3:00,32273.13,16.67,9.78,0.89,1.68,0,3
5/11/2009 4:00,32273.17,15.56,9.4,2.68,1.5,0,3
5/11/2009 5:00,32273.21,16.11,11.64,2.68,1.26,0,4
5/11/2009 6:00,32273.25,17.22,11,1.79,1.43,0,71
5/11/2009 7:00,32273.29,20.56,10.31,0.89,1.03,0,265
5/11/2009 8:00,32273.34,25,8.88,0.45,4.22,0,476
5/11/2009 9:00,32273.38,27.22,6.61,0.89,4.45,0,675
5/11/2009 10:00,32273.42,26.67,5.03,1.34,3.35,0,836
5/11/2009 11:00,32273.46,28.89,5.73,1.34,2.16,0,948
5/11/2009 12:00,32273.5,30.56,5.83,0.89,4.07,0,997
5/11/2009 13:00,32273.55,32.22,7.23,0.89,1.69,0,995
5/11/2009 14:00,32273.59,32.78,6.99,0.45,3.68,0,915
5/11/2009 15:00,32273.63,32.22,5.79,0.89,3.86,0,789
5/11/2009 16:00,32273.67,32.78,6.99,0.89,2.06,0,543
5/11/2009 17:00,32273.71,31.11,5.6,0.89,2.9,0,235
5/11/2009 18:00,32273.76,28.33,4.62,0.89,4.24,0,67
5/11/2009 19:00,32273.8,25.56,3.5,0.89,4.29,0,23
5/11/2009 20:00,32273.84,23.89,2.08,0.89,4.4,0,3
5/11/2009 21:00,32273.88,20,3.6,0.45,3.84,0,3
5/11/2009 22:00,32273.92,18.33,3.69,0.45,5.55,0,3
5/11/2009 23:00,32273.97,20,6.29,0.89,1.43,0,3
5/12/2009 0:00,32274,16.11,4.72,0.45,4.07,0,3
5/12/2009 1:00,32274.04,15,5.15,1.34,4.12,0,3
5/12/2009 2:00,32274.08,13.33,4.66,0.89,4.17,0,3
5/12/2009 3:00,32274.13,11.11,3.56,0.89,4.14,0,3
5/12/2009 4:00,32274.17,10.56,3.96,0.45,4.22,0,3
5/12/2009 5:00,32274.21,11.11,4.26,0.45,5.62,0,5
5/12/2009 6:00,32274.25,11.67,3.1,0.89,4.22,0,73
5/12/2009 7:00,32274.29,15.56,4.81,0.45,2.91,0,264
5/12/2009 8:00,32274.34,20,5.93,0.45,0.65,0,451
5/12/2009 9:00,32274.38,22.22,4.7,0.45,2.91,0,667
5/12/2009 10:00,32274.42,26.11,4.55,0.89,5.29,0,835
5/12/2009 11:00,32274.46,26.67,1.17,0.89,2.5,0,953
5/12/2009 12:00,32274.5,27.22,0.89,0.89,4.19,0,1004
5/12/2009 13:00,32274.55,28.89,1.47,1.34,4.33,0,1005
5/12/2009 14:00,32274.59,28.89,1.47,1.34,4.76,0,940
5/12/2009 15:00,32274.63,30.56,3.64,1.34,5.52,0,810
5/12/2009 16:00,32274.67,30.56,2,0.45,2.83,0,645
5/12/2009 17:00,32274.71,29.44,-1.73,1.34,5.36,0,215
5/12/2009 18:00,32274.76,25.56,-2.08,0.89,3.82,0,57
5/12/2009 19:00,32274.8,22.78,-1.37,0.89,5.03,0,22
5/12/2009 20:00,32274.84,20.56,-0.77,0.45,4.17,0,3
5/12/2009 21:00,32274.88,18.89,-0.59,0.45,2.25,0,3
5/12/2009 22:00,32274.92,19.44,0.39,0.45,4.47,0,3
5/12/2009 23:00,32274.97,17.78,5.29,0.45,4.35,0,3
5/13/2009 0:00,32275,15,2.76,0.45,4.4,0,3
5/13/2009 1:00,32275.04,14.44,4.35,0.45,1.88,0,3
5/13/2009 2:00,32275.08,13.89,2.68,0.89,2.29,0,3
5/13/2009 3:00,32275.13,14.44,4.35,1.79,1.61,0,3
5/13/2009 4:00,32275.17,12.78,5.14,0.45,4.45,0,3
5/13/2009 5:00,32275.21,12.78,5.85,0.89,3.7,0,5
5/13/2009 6:00,32275.25,15.56,7.51,0.45,1.88,0,75
5/13/2009 7:00,32275.29,16.11,4.41,1.34,3.79,0,260
5/13/2009 8:00,32275.34,20.56,4.51,1.34,3.33,0,461
5/13/2009 9:00,32275.38,20.56,2.78,0.89,3.26,0,672
5/13/2009 10:00,32275.42,25,6.21,0.89,3.35,0,800
5/13/2009 11:00,32275.46,27.22,4.92,1.79,1.55,0,905
5/13/2009 12:00,32275.5,26.67,5.03,2.24,1.15,0,919
5/13/2009 13:00,32275.55,28.89,3.74,0.45,5.36,0,874
5/13/2009 14:00,32275.59,30,0.65,0.89,4.59,0,944
5/13/2009 15:00,32275.63,30,3.18,1.34,5.57,0,776
5/13/2009 16:00,32275.67,29.44,0.2,0.89,4.42,0,534
5/13/2009 17:00,32275.71,28.89,0.64,0.89,3.89,0,208
5/13/2009 18:00,32275.76,27.22,0.89,0.45,4.94,0,64
5/13/2009 19:00,32275.8,24.44,0.7,0.89,4.76,0,20
5/13/2009 20:00,32275.84,23.89,3.2,0.45,4.26,0,3
5/13/2009 21:00,32275.88,21.11,3.27,0.45,4.69,0,3
5/13/2009 22:00,32275.92,20.56,4.91,0.45,0.33,0,3
5/13/2009 23:00,32275.97,17.22,3.78,0.89,4.21,0,3
5/14/2009 0:00,32276,18.33,5.47,0.45,5.97,0,3
5/14/2009 1:00,32276.04,17.22,5.11,0.45,4.1,0,3
5/14/2009 2:00,32276.08,16.11,6.18,0.89,0.96,0,3
5/14/2009 3:00,32276.13,17.22,9.34,2.24,1.43,0,3
5/14/2009 4:00,32276.17,16.67,8.81,1.34,1.57,0,3
5/14/2009 5:00,32276.21,15.56,8.72,1.34,1.38,0,4
5/14/2009 6:00,32276.25,15.56,5.38,0.89,3.7,0,76
5/14/2009 7:00,32276.29,17.78,6.25,0.45,3.16,0,254
5/14/2009 8:00,32276.34,22.22,7.57,0.45,5.15,0,470
5/14/2009 9:00,32276.38,23.33,6.12,0.45,4.21,0,666
5/14/2009 10:00,32276.42,25,6.68,0.45,5.39,0,825
5/14/2009 11:00,32276.46,28.89,9.11,0.89,6.04,0,936
5/14/2009 12:00,32276.5,28.89,6.93,0.45,5.03,0,986
5/14/2009 13:00,32276.55,31.11,5.6,0.89,5.08,0,981
5/14/2009 14:00,32276.59,32.22,5.79,0.89,4.47,0,912
5/14/2009 15:00,32276.63,32.22,6.53,0.89,4.14,0,796
5/14/2009 16:00,32276.67,31.11,6.3,0.89,4.36,0,617
5/14/2009 17:00,32276.71,29.44,7.41,1.34,4.96,0,210
5/14/2009 18:00,32276.76,28.33,8.62,1.34,4.73,0,63
5/14/2009 19:00,32276.8,24.44,8.38,1.34,5.15,0,22
5/14/2009 20:00,32276.84,23.33,10.02,0.45,4.83,0,3
5/14/2009 21:00,32276.88,21.11,9.31,0.45,4.59,0,3
5/14/2009 22:00,32276.92,19.44,11.18,1.34,4.08,0,3
5/14/2009 23:00,32276.97,18.89,4.93,0.45,3.93,0,3
5/15/2009 0:00,32277,17.22,11.44,0.45,4.61,0,3
5/15/2009 1:00,32277.04,16.11,11.23,0.45,3.87,0,3
5/15/2009 2:00,32277.08,15,11.16,0.45,5.34,0,3
5/15/2009 3:00,32277.13,14.44,11.01,0.45,4.05,0,3
5/15/2009 4:00,32277.17,15,11.74,0.45,3.12,0,3
5/15/2009 5:00,32277.21,15.56,12.09,0.89,1.94,0,5
5/15/2009 6:00,32277.25,17.22,11.44,2.24,1.19,0,70
5/15/2009 7:00,32277.29,18.33,11.12,0.89,4.08,0,255
5/15/2009 8:00,32277.34,21.67,10.75,0.89,4.4,0,463
5/15/2009 9:00,32277.38,25.56,12.73,0.89,1.9,0,642
5/15/2009 10:00,32277.42,26.11,10.28,0.89,4.4,0,814
5/15/2009 11:00,32277.46,28.33,13.07,1.34,0.44,0,925
5/15/2009 12:00,32277.5,31.67,13.02,0.45,3.25,0,974
5/15/2009 13:00,32277.55,32.78,10.26,0.45,5.11,0,977
5/15/2009 14:00,32277.59,34.44,11.69,0.89,3.39,0,915
5/15/2009 15:00,32277.63,35.56,12.03,0.89,4.76,0,791
5/15/2009 16:00,32277.67,34.44,11.08,1.34,3.6,0,621
5/15/2009 17:00,32277.71,32.22,10.37,0.89,3.75,0,259
5/15/2009 18:00,32277.76,30.56,11.56,0.45,4.75,0,62
5/15/2009 19:00,32277.8,26.67,10.77,0.45,2.43,0,23
5/15/2009 20:00,32277.84,25.56,12.04,0.45,3.74,0,3
5/15/2009 21:00,32277.88,24.44,11.38,0.45,5.04,0,3
5/15/2009 22:00,32277.92,22.78,11.16,1.34,1.78,0,3
5/15/2009 23:00,32277.97,18.89,12.13,0.45,4.99,0,3
5/16/2009 0:00,32278,21.11,13.51,2.24,1.31,0,3
5/16/2009 1:00,32278.04,21.11,13.26,2.68,1.31,0,3
5/16/2009 2:00,32278.08,21.11,14.71,2.24,1.5,0,3
5/16/2009 3:00,32278.13,20.56,12.99,3.13,1.12,0,3
5/16/2009 4:00,32278.17,20.56,13.71,1.79,1.48,0,3
5/16/2009 5:00,32278.21,19.44,12.66,2.24,1.4,0,5
5/16/2009 6:00,32278.25,21.11,12.75,3.13,1.61,0,80
5/16/2009 7:00,32278.29,23.33,11.03,2.68,1.55,0,261
5/16/2009 8:00,32278.34,26.11,14.87,1.34,1.1,0,471
5/16/2009 9:00,32278.38,30,12.46,0.45,0.87,0,665
5/16/2009 10:00,32278.42,33.89,11.81,0.45,2.93,0,826
5/16/2009 11:00,32278.46,36.67,13.6,0.45,0.28,0,936
5/16/2009 12:00,32278.5,37.22,14.67,1.34,5.95,0,989
5/16/2009 13:00,32278.55,38.33,13.07,0.45,1.97,0,986
5/16/2009 14:00,32278.59,38.89,11.33,0.45,4.52,0,927
5/16/2009 15:00,32278.63,40.56,12.72,0.45,1.68,0,802
5/16/2009 16:00,32278.67,40,11.45,0.45,3.67,0,626
5/16/2009 17:00,32278.71,39.44,10.99,0.89,0.56,0,259
5/16/2009 18:00,32278.76,36.11,11.19,0.89,2.27,0,54
5/16/2009 19:00,32278.8,32.22,10.93,0.45,4.49,0,22
5/16/2009 20:00,32278.84,30.56,11.06,0.89,0.07,0,3
5/16/2009 21:00,32278.88,30,11.55,0.89,3.86,0,2
5/16/2009 22:00,32278.92,27.78,15.77,2.68,0.94,0,2
5/16/2009 23:00,32278.97,22.78,14.58,0.89,1.31,0,3
5/17/2009 0:00,32279,26.11,10.28,1.34,1.27,0,3
5/17/2009 1:00,32279.04,23.89,13.41,1.79,1.4,0,3
5/17/2009 2:00,32279.08,23.89,13.11,0.89,1.87,0,3
5/17/2009 3:00,32279.13,23.33,12.29,1.34,1.26,0,3
5/17/2009 4:00,32279.17,23.89,9.81,1.79,0.84,0,3
5/17/2009 5:00,32279.21,22.78,9.85,1.79,1.57,0,5
5/17/2009 6:00,32279.25,23.89,11.21,2.68,1.4,0,81
5/17/2009 7:00,32279.29,28.33,9.61,1.34,1.57,0,266
5/17/2009 8:00,32279.34,33.33,11.33,0.45,4.75,0,477
5/17/2009 9:00,32279.38,35,8.85,0.45,2.53,0,673
5/17/2009 10:00,32279.42,37.78,13.28,0,5.34,0,834
5/17/2009 11:00,32279.46,37.78,11.17,0.45,2.74,0,942
5/17/2009 12:00,32279.5,39.44,11.79,0.45,3.86,0,993
5/17/2009 13:00,32279.55,40.56,11.05,0.45,1.99,0,992
5/17/2009 14:00,32279.59,42.22,11.51,0.89,4.75,0,930
5/17/2009 15:00,32279.63,42.78,11,0.45,3.75,0,807
5/17/2009 16:00,32279.67,42.78,9.98,0.45,3,0,630
5/17/2009 17:00,32279.71,41.11,9.65,0.45,3.39,0,297
5/17/2009 18:00,32279.76,39.44,10.14,0.45,5.15,0,55
5/17/2009 19:00,32279.8,35.56,10.73,0,4.76,0,23
5/17/2009 20:00,32279.84,31.67,8.71,0.45,6.04,0,3
5/17/2009 21:00,32279.88,31.67,12.04,1.79,0.66,0,2
5/17/2009 22:00,32279.92,28.33,14.57,2.24,1.24,0,2
5/17/2009 23:00,32279.97,26.67,12.69,4.02,0.98,0,3
5/18/2009 0:00,32280,26.67,14.09,2.24,1.2,0,3
5/18/2009 1:00,32280.04,25,10.07,1.79,4,0,3
5/18/2009 2:00,32280.08,23.89,13.41,1.34,0.72,0,3
5/18/2009 3:00,32280.13,24.44,17.66,1.34,0.63,0,3
5/18/2009 4:00,32280.17,25,14.74,2.24,0.77,0,3
5/18/2009 5:00,32280.21,25,10.82,2.24,1.17,0,5
5/18/2009 6:00,32280.25,25.56,10.95,2.68,1.19,0,31
5/18/2009 7:00,32280.29,26.11,11.45,1.34,4.35,0,240
5/18/2009 8:00,32280.34,30.56,10.56,0.45,4.01,0,475
5/18/2009 9:00,32280.38,33.89,11.22,0.45,3.86,0,645
5/18/2009 10:00,32280.42,35.56,9.31,1.34,3.65,0,832
5/18/2009 11:00,32280.46,37.22,10.71,0.89,3.91,0,895
5/18/2009 12:00,32280.5,36.11,9.78,1.79,2.9,0,939
5/18/2009 13:00,32280.55,36.67,8.69,2.68,2.32,0,955
5/18/2009 14:00,32280.59,33.89,8.63,3.58,3.56,9.08,358
5/18/2009 15:00,32280.63,36.67,9.48,0.45,4.28,8.66,370
5/18/2009 16:00,32280.67,33.89,11.81,0.89,2.62,8.25,330
5/18/2009 17:00,32280.71,32.22,12.01,0.45,2.64,7.84,111
5/18/2009 18:00,32280.76,30,12.91,2.68,1.31,7.43,64
5/18/2009 19:00,32280.8,32.22,9.19,2.68,3.54,7.01,17
5/18/2009 20:00,32280.84,30.56,6.5,1.34,3.58,6.6,3
5/18/2009 21:00,32280.88,29.44,13.67,1.79,1.34,6.19,2
5/18/2009 22:00,32280.92,26.67,10.77,0.45,5.78,5.78,2
5/18/2009 23:00,32280.97,27.78,12.57,1.34,1.45,0,2
5/19/2009 0:00,32281,26.11,10.28,0.89,3.58,4.95,3
5/19/2009 1:00,32281.04,23.33,9.67,0.45,2.3,4.54,3
5/19/2009 2:00,32281.08,23.33,10.7,0.45,5.72,4.13,3
5/19/2009 3:00,32281.13,23.89,10.52,0.45,2.64,3.71,3
5/19/2009 4:00,32281.17,22.78,10.84,0.45,4,3.3,3
5/19/2009 5:00,32281.21,21.67,11.35,0.89,0.75,2.89,3
5/19/2009 6:00,32281.25,23.89,7.47,0.45,4.83,2.48,38
5/19/2009 7:00,32281.29,22.78,10.52,0.45,3.42,2.06,134
5/19/2009 8:00,32281.34,27.78,12.17,1.34,5.95,1.65,327
5/19/2009 9:00,32281.38,29.44,9.59,0.89,3.21,1.24,652
5/19/2009 10:00,32281.42,31.11,9.42,0.45,4.47,0.83,809
5/19/2009 11:00,32281.46,32.78,8.38,0.89,3.51,0.41,919
5/19/2009 12:00,32281.5,33.89,8.63,0.89,5.76,0,980
5/19/2009 13:00,32281.55,36.67,9.48,0.89,3.58,0,980
5/19/2009 14:00,32281.59,36.11,8.23,0.45,3.75,0,925
5/19/2009 15:00,32281.63,37.22,7.43,0.45,2.62,0,814
5/19/2009 16:00,32281.67,37.22,7.43,0.89,2.36,0,647
5/19/2009 17:00,32281.71,33.89,6.4,0.45,2.67,0,328
5/19/2009 18:00,32281.76,31.11,6.97,0.89,4.22,0,58
5/19/2009 19:00,32281.8,28.33,7.02,0.45,4.89,0,21
5/19/2009 20:00,32281.84,26.11,7.66,0,4.64,0,3
5/19/2009 21:00,32281.88,23.89,6.17,0.45,4.71,0,3
5/19/2009 22:00,32281.92,22.78,6.89,0.89,4.26,0,3
5/19/2009 23:00,32281.97,27.22,12.45,3.13,1.64,5.36,2
5/20/2009 0:00,32282,18.89,5.97,0.45,4.78,0,3
5/20/2009 1:00,32282.04,17.78,6.25,0.89,4.08,0,3
5/20/2009 2:00,32282.08,16.67,5.23,0.89,4.21,0,3
5/20/2009 3:00,32282.13,16.67,6.13,0.45,3.84,0,3
5/20/2009 4:00,32282.17,16.67,6.13,0.89,3.68,0,3
5/20/2009 5:00,32282.21,15.56,5.1,0.45,3.89,0,5
5/20/2009 6:00,32282.25,20,9.21,0.45,1.33,0,87
5/20/2009 7:00,32282.29,18.89,6.31,0.89,4.1,0,276
5/20/2009 8:00,32282.34,24.44,6.66,0.45,2.39,0,490
5/20/2009 9:00,32282.38,25.56,6.2,1.79,3.49,0,686
5/20/2009 10:00,32282.42,28.33,7.02,0.89,5.88,0,852
5/20/2009 11:00,32282.46,30.56,8.36,1.79,3.93,0,873
5/20/2009 12:00,32282.5,31.67,8.09,0.45,5.1,0,1026
5/20/2009 13:00,32282.55,36.11,9.02,1.34,6.09,0,1009
5/20/2009 14:00,32282.59,35,6.49,1.79,4.19,0,955
5/20/2009 15:00,32282.63,37.22,5.52,0.89,4.63,0,839
5/20/2009 16:00,32282.67,35,5.62,0.89,4.19,0,640
5/20/2009 17:00,32282.71,34.44,2.25,0.45,6.23,0,339
5/20/2009 18:00,32282.76,32.22,2.45,1.34,4.66,0,76
5/20/2009 19:00,32282.8,27.22,0.1,0.89,2.27,0,25
5/20/2009 20:00,32282.84,25,1.16,0.45,3.7,0,3
5/20/2009 21:00,32282.88,22.78,1.7,0.45,3.7,0,3
5/20/2009 22:00,32282.92,21.11,3.27,0.45,4.01,0,3
5/20/2009 23:00,32282.97,20.56,8.48,0.89,3.58,0,3
5/21/2009 0:00,32283,17.78,3.2,0.89,4.33,0,3
5/21/2009 1:00,32283.04,16.67,3.27,1.34,4.21,0,3
5/21/2009 2:00,32283.08,17.78,3.93,0.89,3.74,0,3
5/21/2009 3:00,32283.13,17.22,4.12,0.89,3.96,0,3
5/21/2009 4:00,32283.17,16.67,5.83,0.45,2.57,0,3
5/21/2009 5:00,32283.21,17.22,9.08,1.34,1.31,0,5
5/21/2009 6:00,32283.25,20.56,10.31,2.24,1.47,0,89
5/21/2009 7:00,32283.29,20,6.29,0.89,3.74,0,279
5/21/2009 8:00,32283.34,25,6.21,1.34,3.77,0,488
5/21/2009 9:00,32283.38,27.22,7.14,2.68,3.61,0,680
5/21/2009 10:00,32283.42,27.78,5.39,1.79,3.6,0,841
5/21/2009 11:00,32283.46,30.56,7.14,2.24,3.04,0,949
5/21/2009 12:00,32283.5,31.11,5.6,0.89,4.08,0,1003
5/21/2009 13:00,32283.55,35,5.62,1.79,4.15,0,1000
5/21/2009 14:00,32283.59,35,4.7,0.45,3.11,0,944
5/21/2009 15:00,32283.63,35.56,5.15,0.89,2.43,0,825
5/21/2009 16:00,32283.67,35.56,5.15,0.45,4.21,0,651
5/21/2009 17:00,32283.71,35,4.7,0.45,3.21,0,314
5/21/2009 18:00,32283.76,32.78,6.25,0.45,4.12,0,59
5/21/2009 19:00,32283.8,29.44,5.56,0.45,2.58,0,23
5/21/2009 20:00,32283.84,26.11,5.65,0.45,3.11,0,3
5/21/2009 21:00,32283.88,22.22,4.7,0.45,4.52,0,3
5/21/2009 22:00,32283.92,21.11,6.19,0.45,4.52,0,3
5/21/2009 23:00,32283.97,19.44,3.11,0.89,4.12,0,3
5/22/2009 0:00,32284,19.44,4.31,0.89,4.03,0,3
5/22/2009 1:00,32284.04,18.89,6.31,1.34,1.69,0,3
5/22/2009 2:00,32284.08,18.89,3.81,0.89,3.91,0,3
5/22/2009 3:00,32284.13,17.78,4.62,0.45,1.62,0,3
5/22/2009 4:00,32284.17,19.44,11.93,1.34,1.33,0,3
5/22/2009 5:00,32284.21,17.78,8.01,0.45,1.78,0,5
5/22/2009 6:00,32284.25,18.33,5.8,0.89,3.75,0,83
5/22/2009 7:00,32284.29,20,4.81,0.89,4.1,0,271
5/22/2009 8:00,32284.34,26.11,2.75,1.34,3.87,0,479
5/22/2009 9:00,32284.38,26.11,0.71,2.24,3.86,0,673
5/22/2009 10:00,32284.42,28.33,1.8,0.89,3.82,0,833
5/22/2009 11:00,32284.46,29.44,3.48,0.45,3.6,0,941
5/22/2009 12:00,32284.5,32.22,5.02,0.89,3.79,0,991
5/22/2009 13:00,32284.55,33.89,3.8,0,3.7,0,991
5/22/2009 14:00,32284.59,35.56,6.95,0.89,4.69,0,931
5/22/2009 15:00,32284.63,37.78,5.97,1.34,4.03,0,812
5/22/2009 16:00,32284.67,35.56,6.07,0.45,0.16,0,641
5/22/2009 17:00,32284.71,34.44,4.25,0.45,5.53,0,305
5/22/2009 18:00,32284.76,31.11,4.1,0.89,4.07,0,59
5/22/2009 19:00,32284.8,28.89,5.09,0.45,5.55,0,23
5/22/2009 20:00,32284.84,25.56,5.17,0.45,4.07,0,3
5/22/2009 21:00,32284.88,22.22,4.7,0.45,4.57,0,3
5/22/2009 22:00,32284.92,21.11,6.19,0.45,3.51,0,3
5/22/2009 23:00,32284.97,21.11,5.8,0.45,3.87,0,3
5/23/2009 0:00,32285,18.89,6.31,1.34,3.8,0,3
5/23/2009 1:00,32285.04,17.78,7.15,0.45,5.43,0,3
5/23/2009 2:00,32285.08,16.67,7.25,0.89,4.07,0,3
5/23/2009 3:00,32285.13,17.78,8.01,1.34,4.14,0,3
5/23/2009 4:00,32285.17,15.56,7.26,0.89,3.98,0,3
5/23/2009 5:00,32285.21,15.56,7.26,0.89,3.87,0,5
5/23/2009 6:00,32285.25,16.11,6.73,0.89,3.72,0,83
5/23/2009 7:00,32285.29,17.78,7.73,0.89,4.08,0,272
5/23/2009 8:00,32285.34,23.33,8.18,0.45,0.33,0,478
5/23/2009 9:00,32285.38,26.11,2.75,1.34,4.05,0,671
5/23/2009 10:00,32285.42,27.78,3.5,1.34,3.82,0,830
5/23/2009 11:00,32285.46,31.11,5.6,0.89,3.84,0,941
5/23/2009 12:00,32285.5,31.11,4.1,0.45,4.85,0,993
5/23/2009 13:00,32285.55,33.89,7.92,0.45,3.11,0,990
5/23/2009 14:00,32285.59,34.44,5.17,0.45,4.35,0,936
5/23/2009 15:00,32285.63,33.89,3.8,0.89,2.39,0,820
5/23/2009 16:00,32285.67,33.33,3.35,0.89,5.45,0,645
5/23/2009 17:00,32285.71,31.67,2.9,0.89,5.24,0,257
5/23/2009 18:00,32285.76,30,3.18,0.45,3.77,0,55
5/23/2009 19:00,32285.8,26.67,3.22,0.45,4.43,0,24
5/23/2009 20:00,32285.84,23.33,6.12,0.45,3.8,0,4
5/23/2009 21:00,32285.88,19.44,6.81,0.89,4.14,0,3
5/23/2009 22:00,32285.92,17.78,8.01,0.45,4.85,0,3
5/23/2009 23:00,32285.97,18.89,6.63,0.45,4.94,0,3
5/24/2009 0:00,32286,14.44,8.56,0.45,4.66,0,3
5/24/2009 1:00,32286.04,13.33,8.55,0.45,3.89,0,3
5/24/2009 2:00,32286.08,12.22,8.27,0.89,3.63,0,3
5/24/2009 3:00,32286.13,11.11,7.57,0.89,3.98,0,3
5/24/2009 4:00,32286.17,10.56,7.94,0.45,3.96,0,3
5/24/2009 5:00,32286.21,11.11,8.3,0.89,4.1,0,6
5/24/2009 6:00,32286.25,12.22,7.68,1.34,4.1,0,95
5/24/2009 7:00,32286.29,16.11,8.04,0.89,3.54,0,283
5/24/2009 8:00,32286.34,18.89,8.18,1.79,3.84,0,492
5/24/2009 9:00,32286.38,21.11,8,1.79,3.72,0,686
5/24/2009 10:00,32286.42,23.89,9.07,2.68,3.47,0,846
5/24/2009 11:00,32286.46,26.67,7.66,0.89,2.79,0,958
5/24/2009 12:00,32286.5,28.33,8.62,0.89,3.44,0,1013
5/24/2009 13:00,32286.55,31.11,8.24,0.45,4.26,0,1011
5/24/2009 14:00,32286.59,30.56,5.83,0.89,4.03,0,952
5/24/2009 15:00,32286.63,31.11,6.3,0.45,3.32,0,832
5/24/2009 16:00,32286.67,32.22,6.53,0.45,3.6,0,659
5/24/2009 17:00,32286.71,30.56,2.84,0.89,4.17,0,298
5/24/2009 18:00,32286.76,28.33,4.62,0.89,3.89,0,58
5/24/2009 19:00,32286.8,25,4.69,0.89,4.28,0,22
5/24/2009 20:00,32286.84,22.78,5.19,0.45,4.35,0,4
5/24/2009 21:00,32286.88,20.56,7.14,0.89,3.68,0,3
5/24/2009 22:00,32286.92,17.22,8.04,0.89,3.86,0,3
5/24/2009 23:00,32286.97,15.56,8.48,0.45,5.08,0,3
5/25/2009 0:00,32287,14.44,9.83,0.45,4.07,0,3
5/25/2009 1:00,32287.04,13.33,9.35,0.45,1.22,0,3
5/25/2009 2:00,32287.08,11.11,8.12,0.45,3.96,0,3
5/25/2009 3:00,32287.13,11.67,9.38,0.45,0.99,0,3
5/25/2009 4:00,32287.17,10,7.21,0.45,4.12,0,3
5/25/2009 5:00,32287.21,10,7.74,1.34,3.75,0,6
5/25/2009 6:00,32287.25,13.89,9.29,0.45,5.41,0,101
5/25/2009 7:00,32287.29,16.67,8.31,0,3.58,0,287
5/25/2009 8:00,32287.34,19.44,9.84,0.89,3.7,0,496
5/25/2009 9:00,32287.38,22.22,9.01,0.89,4.19,0,689
5/25/2009 10:00,32287.42,23.89,8.68,0.89,3.61,0,850
5/25/2009 11:00,32287.46,27.22,8.15,0.89,4.29,0,961
5/25/2009 12:00,32287.5,28.89,6.34,0.89,3.74,0,1013
5/25/2009 13:00,32287.55,30,7.29,0.45,2.27,0,1011
5/25/2009 14:00,32287.59,31.11,5.6,0.45,3.46,0,949
5/25/2009 15:00,32287.63,31.67,6.06,0.45,4.85,0,831
5/25/2009 16:00,32287.67,31.67,6.06,0.45,3.91,0,656
5/25/2009 17:00,32287.71,32.22,6.53,0.45,3.8,0,304
5/25/2009 18:00,32287.76,28.89,5.73,0.45,5.18,0,59
5/25/2009 19:00,32287.8,26.11,5.65,0.45,4.21,0,25
5/25/2009 20:00,32287.84,24.44,7.1,0.45,3.96,0,4
5/25/2009 21:00,32287.88,22.22,7.57,0.45,4.73,0,3
5/25/2009 22:00,32287.92,21.67,8.84,0.45,5.43,0,3
5/25/2009 23:00,32287.97,15,8.65,0.45,4.26,0,3
5/26/2009 0:00,32288,20,7.97,0.45,3.75,0,3
5/26/2009 1:00,32288.04,19.44,9.84,1.34,1.55,0,3
5/26/2009 2:00,32288.08,20.56,10.6,2.68,1.2,0,3
5/26/2009 3:00,32288.13,19.44,10.92,2.24,1.5,0,3
5/26/2009 4:00,32288.17,20,10.91,0.45,1.99,0,3
5/26/2009 5:00,32288.21,20,10.36,2.24,1.19,0,6
5/26/2009 6:00,32288.25,21.11,11.4,1.34,1.52,0,90
5/26/2009 7:00,32288.29,22.22,9.35,1.79,1.2,0,275
5/26/2009 8:00,32288.34,26.67,10.77,0.89,5.64,0,479
5/26/2009 9:00,32288.38,28.89,7.5,0.45,3.72,0,671
5/26/2009 10:00,32288.42,29.44,7.98,0.45,4.78,0,829
5/26/2009 11:00,32288.46,33.89,11.22,0.45,4.8,0,942
5/26/2009 12:00,32288.5,35,10.92,0.89,3.25,0,999
5/26/2009 13:00,32288.55,34.44,7.64,1.34,4.47,0,996
5/26/2009 14:00,32288.59,35.56,6.95,0.89,3.47,0,938
5/26/2009 15:00,32288.63,35.56,7.77,0.89,4.63,0,815
5/26/2009 16:00,32288.67,36.67,9.48,1.34,4.63,0,701
5/26/2009 17:00,32288.71,34.44,9.1,0.89,4.17,0,390
5/26/2009 18:00,32288.76,31.67,9.89,0.45,5.24,0,86
5/26/2009 19:00,32288.8,29.44,10.58,0.45,3.68,0,35
5/26/2009 20:00,32288.84,28.33,11.42,0.45,4.21,0,5
5/26/2009 21:00,32288.88,26.11,11.07,0.45,5.38,0,2
5/26/2009 22:00,32288.92,25.56,10.57,0.45,0.3,0,3
5/26/2009 23:00,32288.97,21.11,7.3,0.45,3.54,0,3
5/27/2009 0:00,32289,22.78,10.52,0.89,1.82,0,3
5/27/2009 1:00,32289.04,22.22,10.65,0.45,2.36,0,3
5/27/2009 2:00,32289.08,22.78,14.32,2.24,1.24,0,3
5/27/2009 3:00,32289.13,22.78,13.24,2.24,1.08,0,3
5/27/2009 4:00,32289.17,21.11,13.01,2.24,1.38,0,3
5/27/2009 5:00,32289.21,21.67,13.53,2.24,1.4,0,6
5/27/2009 6:00,32289.25,22.78,12.08,1.79,1.34,0,92
5/27/2009 7:00,32289.29,27.22,11.27,0.89,2.51,0,273
5/27/2009 8:00,32289.34,29.44,9.07,0.45,2.71,0,475
5/27/2009 9:00,32289.38,31.11,9.42,0.89,3.51,0,664
5/27/2009 10:00,32289.42,33.33,10.74,1.79,2.88,0,818
5/27/2009 11:00,32289.46,35.56,11.39,0.45,2.78,0,931
5/27/2009 12:00,32289.5,36.67,11.66,0.45,4.36,0,984
5/27/2009 13:00,32289.55,38.33,13.07,1.34,0.51,0,988
5/27/2009 14:00,32289.59,38.89,11.33,1.34,0.65,0,942
5/27/2009 15:00,32289.63,39.44,10.99,1.79,6,0,832
5/27/2009 16:00,32289.67,40.56,9.2,0.89,3.84,0,724
5/27/2009 17:00,32289.71,32.22,10.37,6.26,0.66,0,543
5/27/2009 18:00,32289.76,30.56,10.03,5.81,0.8,0,191
5/27/2009 19:00,32289.8,30.56,14.25,4.02,1.03,0,45
5/27/2009 20:00,32289.84,30,9.01,3.58,1.19,0,4
5/27/2009 21:00,32289.88,30,8.46,1.34,0.82,0,2
5/27/2009 22:00,32289.92,27.78,12.57,3.13,0.77,0,2
5/27/2009 23:00,32289.97,24.44,14.51,0.89,1.33,0,3
5/28/2009 0:00,32290,25.56,9.78,1.79,5.78,0,3
5/28/2009 1:00,32290.04,25,9.68,3.13,5.97,0,3
5/28/2009 2:00,32290.08,25,10.82,1.79,0.99,0,3
5/28/2009 3:00,32290.13,26.11,7.66,2.68,1.4,0,3
5/28/2009 4:00,32290.17,22.78,6.48,0.89,4.01,0,3
5/28/2009 5:00,32290.21,22.22,5.99,0.45,3.61,0,6
5/28/2009 6:00,32290.25,25.56,6.69,0.45,3.72,0,99
5/28/2009 7:00,32290.29,26.67,6.66,1.79,3.42,0,284
5/28/2009 8:00,32290.34,30,9.01,0.45,3.47,0,484
5/28/2009 9:00,32290.38,32.22,9.19,0.45,3.93,0,672
5/28/2009 10:00,32290.42,34.44,9.1,0.89,3,0,802
5/28/2009 11:00,32290.46,36.11,9.02,0.45,3.47,0,909
5/28/2009 12:00,32290.5,35.56,9.31,0.89,2.55,0,990
5/28/2009 13:00,32290.55,40,12.26,0.45,1.06,0,991
5/28/2009 14:00,32290.59,40,10.6,0.45,3.02,0,872
5/28/2009 15:00,32290.63,41.11,9.65,0.45,4.14,0.19,815
5/28/2009 16:00,32290.67,40.56,11.9,0.89,4.8,0.38,669
5/28/2009 17:00,32290.71,35.56,10.03,2.24,0.05,0.57,257
5/28/2009 18:00,32290.76,30.56,14.25,1.34,0.03,0.76,68
5/28/2009 19:00,32290.8,30,12.01,3.13,0.82,0.94,23
5/28/2009 20:00,32290.84,29.44,6.2,2.24,6.27,1.13,4
5/28/2009 21:00,32290.88,28.89,8.05,1.79,2.41,1.32,2
5/28/2009 22:00,32290.92,28.33,13.07,4.47,1.1,1.51,3
5/28/2009 23:00,32290.97,27.22,7.65,0.89,4.35,0,3
5/29/2009 0:00,32291,26.67,14.09,3.58,0.56,1.89,3
5/29/2009 1:00,32291.04,28.33,11.42,6.26,0.87,2.08,3
5/29/2009 2:00,32291.08,26.11,9.87,1.79,3.72,2.27,3
5/29/2009 3:00,32291.13,23.33,10.36,0.45,5.45,2.46,3
5/29/2009 4:00,32291.17,21.11,8.67,0.45,0.35,2.65,3
5/29/2009 5:00,32291.21,24.44,14.22,2.24,0.91,2.83,5
5/29/2009 6:00,32291.25,24.44,9.57,0.89,3.02,3.02,89
5/29/2009 7:00,32291.29,22.78,9.16,0.89,3.68,3.21,263
5/29/2009 8:00,32291.34,27.22,10.44,0.89,4.73,3.4,463
5/29/2009 9:00,32291.38,29.44,9.59,0.89,4.4,3.59,669
5/29/2009 10:00,32291.42,32.22,10.37,0.45,4.5,3.78,799
5/29/2009 11:00,32291.46,35,10.26,0.89,0.3,3.97,929
5/29/2009 12:00,32291.5,35,9.57,0.45,4.68,4.16,826
5/29/2009 13:00,32291.55,35,10.26,1.34,0.37,4.72,754
5/29/2009 14:00,32291.59,34.44,9.79,1.34,0.51,6.7,553
5/29/2009 15:00,32291.63,36.67,10.97,0.45,5.13,6.55,567
5/29/2009 16:00,32291.67,35,9.57,0.45,4,6.4,325
5/29/2009 17:00,32291.71,33.89,11.22,0.45,4.8,6.24,166
5/29/2009 18:00,32291.76,33.33,9.5,0.89,4.05,6.09,140
5/29/2009 19:00,32291.8,31.11,11.04,0.45,5.99,5.94,61
5/29/2009 20:00,32291.84,27.22,12.83,0.89,3.56,5.78,4
5/29/2009 21:00,32291.88,25,11.88,0.45,3.39,5.63,3
5/29/2009 22:00,32291.92,23.33,13.47,0.45,5.57,5.48,3
5/29/2009 23:00,32291.97,27.78,11.77,3.58,0.75,1.7,3
5/30/2009 0:00,32292,22.22,10.33,0.45,4.47,5.17,3
5/30/2009 1:00,32292.04,20,9.51,0,4.05,5.02,3
5/30/2009 2:00,32292.08,19.44,9.84,0.45,6.07,4.86,3
5/30/2009 3:00,32292.13,18.33,8.81,0.45,5.04,4.71,3
5/30/2009 4:00,32292.17,17.78,8.83,0.45,3.75,4.56,3
5/30/2009 5:00,32292.21,16.67,8.56,0,4.89,4.4,4
5/30/2009 6:00,32292.25,18.33,9.35,0.89,4.17,4.25,49
5/30/2009 7:00,32292.29,20,8.6,1.34,3.54,4.1,220
5/30/2009 8:00,32292.34,23.33,10.36,0.89,4.28,3.94,432
5/30/2009 9:00,32292.38,23.89,9.81,0.89,3.18,3.79,561
5/30/2009 10:00,32292.42,26.11,10.67,1.34,3.56,3.64,495
5/30/2009 11:00,32292.46,27.22,12.83,1.79,0.65,3.48,823
5/30/2009 12:00,32292.5,31.67,12.04,3.13,3.75,3.33,864
5/30/2009 13:00,32292.55,31.11,11.04,0.45,6.14,3.55,810
5/30/2009 14:00,32292.59,29.44,12.41,0.45,2.5,10,253
5/30/2009 15:00,32292.63,30,12.01,0.45,5.46,9.55,159
5/30/2009 16:00,32292.67,32.22,13.02,0.45,5.79,9.09,304
5/30/2009 17:00,32292.71,29.44,11.52,0.45,5.6,8.64,205
5/30/2009 18:00,32292.76,28.33,12.26,0.89,5.39,8.18,88
5/30/2009 19:00,32292.8,28.33,12.26,0.45,3.96,7.73,35
5/30/2009 20:00,32292.84,26.67,12.69,0,4.07,7.27,5
5/30/2009 21:00,32292.88,23.89,11.21,0.45,3.91,6.82,3
5/30/2009 22:00,32292.92,23.33,12.89,0.45,4.97,6.36,3
5/30/2009 23:00,32292.97,22.78,11.47,0.89,4.05,5.32,3
5/31/2009 0:00,32293,21.11,12.22,0.45,5.06,5.45,3
5/31/2009 1:00,32293.04,20.56,12.48,0.45,4.42,5,3
5/31/2009 2:00,32293.08,17.78,10.11,0.45,4.22,4.55,3
5/31/2009 3:00,32293.13,17.22,10.07,0.89,3.75,4.09,3
5/31/2009 4:00,32293.17,16.67,10.01,0.45,5.11,3.64,3
5/31/2009 5:00,32293.21,15,9.53,0,4.26,3.18,6
5/31/2009 6:00,32293.25,17.22,8.31,0.45,4,2.73,85
5/31/2009 7:00,32293.29,20,10.08,1.34,4.05,2.27,271
5/31/2009 8:00,32293.34,25,11.88,0.45,0.93,1.82,466
5/31/2009 9:00,32293.38,27.22,12.45,1.79,3.14,1.36,650
5/31/2009 10:00,32293.42,30,13.34,0.89,4.64,0.91,785
5/31/2009 11:00,32293.46,30.56,11.56,0.45,4.05,0.45,889
5/31/2009 12:00,32293.5,32.78,10.85,0.45,3.23,0,980
5/31/2009 13:00,32293.55,32.78,10.85,0.45,3.91,0,989
5/31/2009 14:00,32293.59,35,10.92,0.45,3.79,0,916
5/31/2009 15:00,32293.63,36.67,11.66,0.45,3.56,0,810
5/31/2009 16:00,32293.67,35.56,8.56,0.45,2.36,0,641
5/31/2009 17:00,32293.71,35,8.1,0.45,3.8,0,310
5/31/2009 18:00,32293.76,31.67,9.31,0.89,4.42,0,77
5/31/2009 19:00,32293.8,29.44,9.07,0.45,3.96,0,43
5/31/2009 20:00,32293.84,26.11,8.58,0.45,4.24,0,4
5/31/2009 21:00,32293.88,23.89,7.88,0.45,4.92,0,3
5/31/2009 22:00,32293.92,23.33,8.94,0.45,5.69,0,3
5/31/2009 23:00,32293.97,21.67,11.35,0.89,4.21,5.91,3
6/1/2009 0:00,32294,19.44,8.99,0.45,2.9,0,3
6/1/2009 1:00,32294.04,18.89,9.6,0.45,2.32,0,3
6/1/2009 2:00,32294.08,17.78,9.09,0.89,3.89,0,3
6/1/2009 3:00,32294.13,16.67,9.54,0.45,2.27,0,3
6/1/2009 4:00,32294.17,16.11,9.71,0.89,4.29,0,3
6/1/2009 5:00,32294.21,15,8.87,0.45,3.58,0,6
6/1/2009 6:00,32294.25,17.78,9.61,0.45,3.33,0,70
6/1/2009 7:00,32294.29,21.11,9.63,0.89,3.61,0,278
6/1/2009 8:00,32294.34,23.33,10.7,0.45,3.82,0,488
6/1/2009 9:00,32294.38,23.89,11.54,1.79,3.61,0,534
6/1/2009 10:00,32294.42,26.11,11.07,0.45,3.96,0,514
6/1/2009 11:00,32294.46,29.44,14.46,1.34,0.21,0,686
6/1/2009 12:00,32294.5,30.56,10.03,0.45,4.85,0,955
6/1/2009 13:00,32294.55,32.22,9.79,0.89,4.4,0,951
6/1/2009 14:00,32294.59,31.67,8.09,0.45,3.32,0,907
6/1/2009 15:00,32294.63,32.78,7.7,0.45,4.52,0.35,833
6/1/2009 16:00,32294.67,32.22,5.79,1.79,4.05,0.69,611
6/1/2009 17:00,32294.71,30,6.03,0.89,4.21,1.04,316
6/1/2009 18:00,32294.76,29.44,6.82,0.45,4.15,1.39,104
6/1/2009 19:00,32294.8,26.67,8.61,0.89,4.12,1.74,46
6/1/2009 20:00,32294.84,23.89,10.17,0.45,4.54,2.08,4
6/1/2009 21:00,32294.88,23.33,11.67,0.45,4.26,2.43,3
6/1/2009 22:00,32294.92,21.11,11.4,0.89,4.12,2.78,3
6/1/2009 23:00,32294.97,21.11,8.67,0.45,4.83,0,3
6/2/2009 0:00,32295,18.33,10.88,0,2.6,3.47,3
6/2/2009 1:00,32295.04,17.22,10.77,0.45,4.22,3.82,3
6/2/2009 2:00,32295.08,16.11,10.81,0.89,4.12,4.17,3
6/2/2009 3:00,32295.13,15,9.95,1.34,3.86,4.51,3
6/2/2009 4:00,32295.17,14.44,10.43,0.45,4.71,4.86,3
6/2/2009 5:00,32295.21,15,10.97,0.45,5.11,5.21,7
6/2/2009 6:00,32295.25,16.67,9.78,0.45,3.72,5.55,91
6/2/2009 7:00,32295.29,18.89,11.16,1.34,1.36,5.9,195
6/2/2009 8:00,32295.34,22.22,10.96,0.89,2.57,6.25,419
6/2/2009 9:00,32295.38,23.89,12.5,0.89,1.66,6.6,583
6/2/2009 10:00,32295.42,25,10.82,0.89,1.92,6.94,443
6/2/2009 11:00,32295.46,28.33,11.42,0.89,3.23,7.29,766
6/2/2009 12:00,32295.5,27.78,9.12,0.45,0.8,7.64,579
6/2/2009 13:00,32295.55,28.89,8.59,2.24,4.29,5.56,706
6/2/2009 14:00,32295.59,30.56,8.36,0.45,5.67,4,702
6/2/2009 15:00,32295.63,33.89,11.81,0.89,5.57,4.24,752
6/2/2009 16:00,32295.67,33.33,9.5,1.34,3.8,4.48,617
6/2/2009 17:00,32295.71,26.67,8.61,0.45,5.18,4.72,293
6/2/2009 18:00,32295.76,26.67,8.61,0.45,4.22,4.96,105
6/2/2009 19:00,32295.8,25.56,8.09,0,0.68,5.2,47
6/2/2009 20:00,32295.84,23.33,9.67,0.45,4.36,5.43,5
6/2/2009 21:00,32295.88,21.67,9.17,0.45,5.71,5.67,3
6/2/2009 22:00,32295.92,22.22,9.01,1.79,5.99,5.91,3
6/2/2009 23:00,32295.97,19.44,11.18,0.45,4.52,3.12,3
6/3/2009 0:00,32296,18.33,10.63,0.45,3.79,6.39,3
6/3/2009 1:00,32296.04,16.67,9.78,0,3.58,6.63,3
6/3/2009 2:00,32296.08,16.67,9.54,0.89,4,6.87,3
6/3/2009 3:00,32296.13,16.67,9.3,0.45,3.68,7.1,3
6/3/2009 4:00,32296.17,17.22,10.07,0,0.21,7.34,3
6/3/2009 5:00,32296.21,16.11,9.71,0.45,3.07,7.58,4
6/3/2009 6:00,32296.25,17.78,10.35,0.45,3.8,7.82,24
6/3/2009 7:00,32296.29,17.78,11.07,0.89,3.67,8.06,62
6/3/2009 8:00,32296.34,17.78,9.86,0,4.76,8.3,105
6/3/2009 9:00,32296.38,21.11,11.68,3.58,1.59,8.54,223
6/3/2009 10:00,32296.42,21.67,10.75,0.45,3.18,8.77,293
6/3/2009 11:00,32296.46,22.78,11.47,3.13,1.69,9.01,282
6/3/2009 12:00,32296.5,23.89,11.21,1.79,2.79,9.25,414
6/3/2009 13:00,32296.55,26.67,7.66,3.58,1.68,9.34,383
6/3/2009 14:00,32296.59,28.89,4.43,3.58,1.61,7.51,497
6/3/2009 15:00,32296.63,31.11,10.52,1.79,4.21,7.16,767
6/3/2009 16:00,32296.67,31.11,6.97,4.02,1.48,6.82,746
6/3/2009 17:00,32296.71,28.89,6.34,0.89,4.56,6.48,228
6/3/2009 18:00,32296.76,25,8.46,0.45,4.17,6.14,106
6/3/2009 19:00,32296.8,24.44,9.57,0.45,3.68,5.8,24
6/3/2009 20:00,32296.84,22.78,9.16,0.45,4.07,5.46,3
6/3/2009 21:00,32296.88,22.78,10.84,0.89,0.8,5.12,3
6/3/2009 22:00,32296.92,20,9.51,0.45,2.01,4.78,3
6/3/2009 23:00,32296.97,20,8.91,0.89,4.01,6.15,3
6/4/2009 0:00,32297,16.11,9.48,0.45,2.97,4.09,3
6/4/2009 1:00,32297.04,15,9.31,0.45,4.35,3.75,3
6/4/2009 2:00,32297.08,15,9.95,0.89,3.56,3.41,3
6/4/2009 3:00,32297.13,14.44,9.83,0.45,2.5,3.07,3
6/4/2009 4:00,32297.17,12.78,9.19,0,0.38,2.73,3
6/4/2009 5:00,32297.21,13.33,9.92,0.89,3.07,2.39,6
6/4/2009 6:00,32297.25,16.11,9.71,0.45,2.46,2.05,96
6/4/2009 7:00,32297.29,20,9.51,0.89,2.79,1.71,269
6/4/2009 8:00,32297.34,20.56,9.12,1.79,3.89,1.36,478
6/4/2009 9:00,32297.38,22.78,9.85,1.34,3.75,1.02,668
6/4/2009 10:00,32297.42,25,8.46,0.89,3.51,0.68,830
6/4/2009 11:00,32297.46,26.11,8.58,0.45,5.34,0.34,944
6/4/2009 12:00,32297.5,26.67,8.61,0.89,4.21,0,1026
6/4/2009 13:00,32297.55,27.22,8.15,0.45,3.91,0,898
6/4/2009 14:00,32297.59,30.56,8.94,0.89,3.89,0,972
6/4/2009 15:00,32297.63,30,7.88,0.45,2.2,0.4,855
6/4/2009 16:00,32297.67,30,7.29,0.89,5.04,0.8,659
6/4/2009 17:00,32297.71,29.44,6.82,1.34,3.68,1.2,382
6/4/2009 18:00,32297.76,27.22,6.07,0.45,5.01,1.6,52
6/4/2009 19:00,32297.8,22.78,6.06,0.45,4.12,2,26
6/4/2009 20:00,32297.84,21.11,6.93,0.89,3.82,2.4,4
6/4/2009 21:00,32297.88,18.33,7.07,0.45,3.65,2.8,3
6/4/2009 22:00,32297.92,17.22,8.31,0.45,5.18,3.2,3
6/4/2009 23:00,32297.97,17.22,9.08,1.34,3.47,4.44,3
6/5/2009 0:00,32298,16.67,8.81,0.45,4.31,4,3
6/5/2009 1:00,32298.04,15,7.96,0.89,4.64,4.4,3
6/5/2009 2:00,32298.08,15,9.31,0.45,4.54,4.8,3
6/5/2009 3:00,32298.13,14.44,11.19,3.58,1.08,5.2,3
6/5/2009 4:00,32298.17,12.78,11.33,1.34,3.68,5.6,3
6/5/2009 5:00,32298.21,13.33,12.05,0.45,0.59,6,3
6/5/2009 6:00,32298.25,13.33,12.21,0.45,3.56,6.4,7
6/5/2009 7:00,32298.29,13.33,11.71,1.79,1.68,6.8,29
6/5/2009 8:00,32298.34,15.56,12.09,0.89,3.86,7.2,247
6/5/2009 9:00,32298.38,17.78,11.3,0.45,6.11,7.6,441
6/5/2009 10:00,32298.42,20,12.7,0.89,3.56,8,517
6/5/2009 11:00,32298.46,20.56,11.7,0.45,5.32,8.4,661
6/5/2009 12:00,32298.5,20,11.7,0.45,3.44,8.8,464
6/5/2009 13:00,32298.55,22.22,11.86,0.45,3.98,9.7,344
6/5/2009 14:00,32298.59,24.44,12.7,0,5.99,2.94,741
6/5/2009 15:00,32298.63,27.78,13.7,0.45,5.46,2.81,858
6/5/2009 16:00,32298.67,23.89,10.17,0.45,4.94,2.68,449
6/5/2009 17:00,32298.71,26.11,9.02,0.89,4.22,2.54,449
6/5/2009 18:00,32298.76,21.67,10.45,3.13,0.51,2.41,75
6/5/2009 19:00,32298.8,20,9.51,1.34,5.55,2.27,23
6/5/2009 20:00,32298.84,18.33,9.61,0.45,4.64,2.14,4
6/5/2009 21:00,32298.88,17.78,10.59,0.45,4.19,2.01,3
6/5/2009 22:00,32298.92,16.11,9.93,0,0.86,1.87,3
6/5/2009 23:00,32298.97,17.22,8.04,0.45,4.05,3.6,3
6/6/2009 0:00,32299,14.44,12.46,0.89,3.6,1.61,3
6/6/2009 1:00,32299.04,12.78,10.82,0.89,3.87,1.47,3
6/6/2009 2:00,32299.08,12.78,11.5,0.45,3.79,1.34,3
6/6/2009 3:00,32299.13,11.67,10.72,1.34,3.68,1.2,3
6/6/2009 4:00,32299.17,11.11,10.33,0.45,2.93,1.07,3
6/6/2009 5:00,32299.21,12.22,11.27,0.89,4.05,0.94,6
6/6/2009 6:00,32299.25,13.33,11.71,0.45,4.38,0.8,88
6/6/2009 7:00,32299.29,16.11,12.24,0.45,1.61,0.67,237
6/6/2009 8:00,32299.34,20,11.96,0.45,2.29,0.54,494
6/6/2009 9:00,32299.38,21.67,11.63,0.89,3.68,0.4,681
6/6/2009 10:00,32299.42,24.44,9.57,1.34,5.39,0.27,855
6/6/2009 11:00,32299.46,23.89,7.88,0.89,4.83,0.13,949
6/6/2009 12:00,32299.5,25,7.59,1.34,4.87,0,978
6/6/2009 13:00,32299.55,23.89,7.47,0.89,4.14,4.71,758
6/6/2009 14:00,32299.59,26.11,8.58,0.45,4.49,6.32,582
6/6/2009 15:00,32299.63,27.22,7.14,0.45,2.76,6.03,660
6/6/2009 16:00,32299.67,27.22,7.65,0.45,4.96,5.74,517
6/6/2009 17:00,32299.71,23.33,6.55,0.89,4.07,5.45,194
6/6/2009 18:00,32299.76,21.67,10.75,3.58,0.52,5.17,91
6/6/2009 19:00,32299.8,22.22,10.96,3.58,0.44,4.88,37
6/6/2009 20:00,32299.84,21.11,9.63,2.68,0.51,4.59,5
6/6/2009 21:00,32299.88,20.56,10.6,2.68,0.49,4.31,3
6/6/2009 22:00,32299.92,18.89,10.4,1.79,1.61,4.02,3
6/6/2009 23:00,32299.97,15.56,12.28,0.45,3.94,1.74,3
6/7/2009 0:00,32300,17.22,9.08,0.45,5.62,3.44,3
6/7/2009 1:00,32300.04,16.11,10.16,0.89,4,3.16,3
6/7/2009 2:00,32300.08,14.44,10.23,0.45,3.86,2.87,3
6/7/2009 3:00,32300.13,12.78,9.19,0.89,4.22,2.58,3
6/7/2009 4:00,32300.17,12.78,9,0.89,3.53,2.3,3
6/7/2009 5:00,32300.21,14.44,10.43,0.89,1.12,2.01,8
6/7/2009 6:00,32300.25,15,8.65,0.89,4.21,1.72,106
6/7/2009 7:00,32300.29,16.67,10.01,0.89,3.8,1.44,285
6/7/2009 8:00,32300.34,21.11,10.54,0.45,5.2,1.15,485
6/7/2009 9:00,32300.38,22.78,9.51,0.45,3.67,0.86,672
6/7/2009 10:00,32300.42,25.56,9.37,0.89,3.91,0.57,832
6/7/2009 11:00,32300.46,26.11,6.69,0.89,4.47,0.29,946
6/7/2009 12:00,32300.5,28.33,7.02,0.89,4.56,0,1002
6/7/2009 13:00,32300.55,28.33,7.02,0.45,3.32,0,998
6/7/2009 14:00,32300.59,30,7.29,0.45,4.29,0,942
6/7/2009 15:00,32300.63,30,5.36,0.89,3.91,0,828
6/7/2009 16:00,32300.67,31.67,6.77,0.89,4.66,0,661
6/7/2009 17:00,32300.71,29.44,5.56,0.45,3.46,0,385
6/7/2009 18:00,32300.76,27.78,6.55,0.45,0.73,0,62
6/7/2009 19:00,32300.8,23.89,5.71,0.45,3.94,0,31
6/7/2009 20:00,32300.84,22.78,7.68,0.89,3.84,0,5
6/7/2009 21:00,32300.88,21.67,7.8,1.34,5.22,0,3
6/7/2009 22:00,32300.92,21.11,10.24,0.45,4.38,0,3
6/7/2009 23:00,32300.97,17.78,10.11,0.45,5.18,3.73,3
6/8/2009 0:00,32301,17.22,11.22,0.45,3.82,0,3
6/8/2009 1:00,32301.04,15.56,9.84,1.79,4.21,0,3
6/8/2009 2:00,32301.08,15.56,10.28,0.45,3.67,0,3
6/8/2009 3:00,32301.13,15,10.36,0.89,4,0,3
6/8/2009 4:00,32301.17,14.44,10.43,0.45,4.97,0,3
6/8/2009 5:00,32301.21,13.89,10.65,0.45,4.24,0,7
6/8/2009 6:00,32301.25,16.11,9.48,0.89,4.21,0,97
6/8/2009 7:00,32301.29,17.78,10.35,0.89,3.51,0,280
6/8/2009 8:00,32301.34,22.78,11.16,0.45,3.74,0,478
6/8/2009 9:00,32301.38,25.56,10.57,0.45,3.65,0,667
6/8/2009 10:00,32301.42,27.22,10,1.79,4.05,0,828
6/8/2009 11:00,32301.46,28.33,9.61,1.79,4.26,0,941
6/8/2009 12:00,32301.5,28.89,7.5,1.79,4.17,0,995
6/8/2009 13:00,32301.55,31.11,8.24,0.89,2.67,0,995
6/8/2009 14:00,32301.59,31.11,8.24,1.79,4.1,0,940
6/8/2009 15:00,32301.63,33.33,10.74,0.89,5.57,0,825
6/8/2009 16:00,32301.67,31.11,8.24,0.45,4.78,0,654
6/8/2009 17:00,32301.71,30.56,7.76,0.45,3.7,0,373
6/8/2009 18:00,32301.76,28.33,7.57,0.89,4.07,0,73
6/8/2009 19:00,32301.8,25.56,4.63,1.34,3.91,0,32
6/8/2009 20:00,32301.84,23.33,5.68,0.45,4.69,0,5
6/8/2009 21:00,32301.88,21.67,6.69,0.45,3.96,0,3
6/8/2009 22:00,32301.92,19.44,7.47,0.89,4.69,0,3
6/8/2009 23:00,32301.97,17.78,10.11,0.45,3.6,0,3
6/9/2009 0:00,32302,16.67,8.81,0.89,3.68,0,3
6/9/2009 1:00,32302.04,15,9.31,0.89,3.68,0,3
6/9/2009 2:00,32302.08,13.89,9.49,0.45,4.24,0,3
6/9/2009 3:00,32302.13,13.33,9.35,0.45,3.8,0,3
6/9/2009 4:00,32302.17,12.22,8.27,0.89,3.72,0,3
6/9/2009 5:00,32302.21,11.67,7.92,0.45,3.61,0,7
6/9/2009 6:00,32302.25,14.44,8.12,0.45,3.89,0,95
6/9/2009 7:00,32302.29,15.56,8.95,0.45,1.57,0,199
6/9/2009 8:00,32302.34,18.33,9.87,1.34,1.17,0,430
6/9/2009 9:00,32302.38,21.67,9.82,0.89,2.74,0,650
6/9/2009 10:00,32302.42,23.89,8.68,0.45,4.14,0,825
6/9/2009 11:00,32302.46,26.11,9.02,0.45,4.89,0,937
6/9/2009 12:00,32302.5,27.78,6.55,1.34,3.84,0,997
6/9/2009 13:00,32302.55,27.22,6.61,0.89,3.89,0,982
6/9/2009 14:00,32302.59,28.89,5.73,0.45,5.88,0,942
6/9/2009 15:00,32302.63,30.56,4.4,0.45,4.36,0,797
6/9/2009 16:00,32302.67,29.44,1.93,0.45,5.62,0,636
6/9/2009 17:00,32302.71,28.33,1.8,0.89,3.91,0,351
6/9/2009 18:00,32302.76,27.22,0.1,0.89,4.31,0,133
6/9/2009 19:00,32302.8,23.89,3.2,0.45,4.85,0,41
6/9/2009 20:00,32302.84,21.67,10.14,0.45,5.34,0,5
6/9/2009 21:00,32302.88,20,10.91,0.45,4.07,0,3
6/9/2009 22:00,32302.92,18.33,8.81,0.45,3.28,0,3
6/9/2009 23:00,32302.97,17.78,7.45,0.45,4.66,0,3
6/10/2009 0:00,32303,17.22,10.07,0.45,4.1,0,3
6/10/2009 1:00,32303.04,16.11,10.38,0.45,4.36,0,3
6/10/2009 2:00,32303.08,15,9.74,0.89,4.17,0,3
6/10/2009 3:00,32303.13,15,10.36,0.45,4.03,0,3
6/10/2009 4:00,32303.17,15,10.36,0.45,4.15,0,3
6/10/2009 5:00,32303.21,14.44,9.83,0.45,3.84,0,6
6/10/2009 6:00,32303.25,16.11,10.16,0.45,1.17,0,65
6/10/2009 7:00,32303.29,17.22,9.83,0.45,4.08,0,136
6/10/2009 8:00,32303.34,18.33,10.63,0.89,0.94,0,233
6/10/2009 9:00,32303.38,19.44,10.12,0.89,1.34,0,570
6/10/2009 10:00,32303.42,22.22,8.66,0.89,4.85,0,652
6/10/2009 11:00,32303.46,25,8.46,0.89,3.87,0,875
6/10/2009 12:00,32303.5,27.22,8.63,0.45,4.61,0,993
6/10/2009 13:00,32303.55,26.67,8.15,1.34,4.29,0,995
6/10/2009 14:00,32303.59,28.89,8.05,0.45,1.94,0,938
6/10/2009 15:00,32303.63,28.89,7.5,0.45,3.47,0,827
6/10/2009 16:00,32303.67,28.89,6.93,0.45,3.91,0,662
6/10/2009 17:00,32303.71,27.22,7.14,0.45,4.66,0,372
6/10/2009 18:00,32303.76,26.11,8.58,0.89,3.4,0,68
6/10/2009 19:00,32303.8,23.89,7.05,0.45,5.76,0,30
6/10/2009 20:00,32303.84,21.67,9.82,0.45,5.69,0,5
6/10/2009 21:00,32303.88,20,9.8,0.45,4.47,0,3
6/10/2009 22:00,32303.92,19.44,10.66,0.45,3.84,0,3
6/10/2009 23:00,32303.97,17.22,9.34,0.45,4.99,0,3
6/11/2009 0:00,32304,15.56,8.72,0.45,4.56,0,3
6/11/2009 1:00,32304.04,15,9.95,0.45,4.36,0,3
6/11/2009 2:00,32304.08,13.33,9.35,1.34,3.54,0,3
6/11/2009 3:00,32304.13,13.33,9.92,0.89,3.84,0,3
6/11/2009 4:00,32304.17,11.67,9.03,0.45,4.61,0,3
6/11/2009 5:00,32304.21,12.22,9.75,0.45,5.25,0,8
6/11/2009 6:00,32304.25,13.89,8.03,0.45,3,0,107
6/11/2009 7:00,32304.29,17.22,10.07,0.45,4.08,0,286
6/11/2009 8:00,32304.34,20.56,11.43,0.45,2.86,0,485
6/11/2009 9:00,32304.38,23.33,10.7,0.89,3.96,0,672
6/11/2009 10:00,32304.42,25.56,10.95,0.45,3.42,0,831
6/11/2009 11:00,32304.46,25.56,8.95,0.45,3.96,0,941
6/11/2009 12:00,32304.5,27.78,9.59,0.89,4.08,0,995
6/11/2009 13:00,32304.55,29.44,9.59,1.34,5.85,0,996
6/11/2009 14:00,32304.59,31.11,9.97,0.45,1.1,0,938
6/11/2009 15:00,32304.63,30,8.46,0.45,5.6,0.15,827
6/11/2009 16:00,32304.67,30.56,7.76,0.45,3.96,0.3,667
6/11/2009 17:00,32304.71,28.89,7.5,0.89,4.07,0.45,322
6/11/2009 18:00,32304.76,26.11,7.18,0.89,3.94,0.59,107
6/11/2009 19:00,32304.8,25,8.88,0.45,4.5,0.74,58
6/11/2009 20:00,32304.84,23.33,9.31,0.45,4.89,0.89,7
6/11/2009 21:00,32304.88,21.11,8.67,0.45,4.14,1.04,3
6/11/2009 22:00,32304.92,19.44,9.56,0,2.98,1.19,3
6/11/2009 23:00,32304.97,17.78,10.35,0.45,4.31,0,3
6/12/2009 0:00,32305,16.67,7.79,0.45,3.77,1.48,3
6/12/2009 1:00,32305.04,16.11,8.29,0.89,4.08,1.63,3
6/12/2009 2:00,32305.08,15,8.42,0.89,4.31,1.78,3
6/12/2009 3:00,32305.13,13.33,7.93,0.89,3.87,1.93,3
6/12/2009 4:00,32305.17,13.89,8.67,0.89,4.05,2.08,3
6/12/2009 5:00,32305.21,12.78,8.22,0.45,3.77,2.23,6
6/12/2009 6:00,32305.25,14.44,8.78,0.89,3.91,2.37,72
6/12/2009 7:00,32305.29,17.22,8.57,0.45,4.28,2.52,214
6/12/2009 8:00,32305.34,20.56,9.72,0.45,3.4,2.67,413
6/12/2009 9:00,32305.38,22.78,9.85,0.45,3.89,2.82,463
6/12/2009 10:00,32305.42,25,10.82,0.45,6.2,2.97,544
6/12/2009 11:00,32305.46,26.11,8.12,0.45,3.16,3.12,810
6/12/2009 12:00,32305.5,26.67,7.66,0.45,4.12,3.26,871
6/12/2009 13:00,32305.55,28.89,8.05,1.34,3.94,1.14,880
6/12/2009 14:00,32305.59,28.89,8.05,2.24,3.42,0,847
6/12/2009 15:00,32305.63,32.78,10.26,0.45,3.53,0,824
6/12/2009 16:00,32305.67,31.67,9.31,0.89,5.29,0,740
6/12/2009 17:00,32305.71,28.89,7.5,0.89,3.82,0,421
6/12/2009 18:00,32305.76,25.56,7.17,0.89,3.93,0,106
6/12/2009 19:00,32305.8,22.78,6.89,0.89,4.03,0,43
6/12/2009 20:00,32305.84,22.22,5.99,0.89,4.35,0,5
6/12/2009 21:00,32305.88,21.67,6.69,0.45,5.24,0,3
6/12/2009 22:00,32305.92,20,7.65,0.45,4.07,0,3
6/12/2009 23:00,32305.97,18.33,8.53,0.45,3.54,1.34,3
6/13/2009 0:00,32306,16.67,8.31,0.45,5.29,0,3
6/13/2009 1:00,32306.04,16.11,8.77,0.45,5.04,0,3
6/13/2009 2:00,32306.08,15.56,8.72,0.45,4.24,0,3
6/13/2009 3:00,32306.13,15,8.87,0.45,3.72,0,3
6/13/2009 4:00,32306.17,14.44,8.78,0.89,3.94,0,3
6/13/2009 5:00,32306.21,13.33,9.35,0.45,3.96,0,6
6/13/2009 6:00,32306.25,13.33,8.75,1.34,4.15,0,64
6/13/2009 7:00,32306.29,17.22,10.07,0.89,4.01,0,212
6/13/2009 8:00,32306.34,21.67,12.2,0.89,0.45,0,457
6/13/2009 9:00,32306.38,21.11,9.94,1.34,1.08,0,678
6/13/2009 10:00,32306.42,22.22,9.01,2.68,1.22,0,782
6/13/2009 11:00,32306.46,25.56,10.95,0.89,1.83,0,967
6/13/2009 12:00,32306.5,26.67,9.51,0.45,5.01,0,1033
6/13/2009 13:00,32306.55,28.89,9.11,0.89,3.87,0,999
6/13/2009 14:00,32306.59,30,9.55,1.34,3.84,0,972
6/13/2009 15:00,32306.63,28.89,8.59,0.45,4.73,0,818
6/13/2009 16:00,32306.67,29.44,10.09,0.45,4.52,0,650
6/13/2009 17:00,32306.71,27.22,8.63,0.45,4.01,0,366
6/13/2009 18:00,32306.76,26.67,10.36,0.45,3.75,0,103
6/13/2009 19:00,32306.8,23.33,10.02,0.45,5.99,0,26
6/13/2009 20:00,32306.84,21.67,8.15,0.45,4.54,0,6
6/13/2009 21:00,32306.88,20.56,10.02,0.89,4.01,0,3
6/13/2009 22:00,32306.92,18.89,10.4,0,3.3,0,3
6/13/2009 23:00,32306.97,18.33,8.53,0.89,4.01,0,3
6/14/2009 0:00,32307,17.22,10.07,0.45,4.14,0,3
6/14/2009 1:00,32307.04,15,9.31,0.45,3.75,0,3
6/14/2009 2:00,32307.08,15,9.95,0.45,3.72,0,3
6/14/2009 3:00,32307.13,13.33,9.15,0.45,3.61,0,3
6/14/2009 4:00,32307.17,13.89,10.08,0.89,4.5,0,3
6/14/2009 5:00,32307.21,12.22,9.02,0.45,4.17,0,8
6/14/2009 6:00,32307.25,15,8.65,0,4.28,0,113
6/14/2009 7:00,32307.29,18.33,9.61,0.89,3.89,0,284
6/14/2009 8:00,32307.34,18.89,9.33,0.89,3.87,0,400
6/14/2009 9:00,32307.38,23.89,10.17,0,2.64,0,675
6/14/2009 10:00,32307.42,25.56,9.37,1.34,3.84,0,833
6/14/2009 11:00,32307.46,26.67,9.07,1.79,4.07,0,945
6/14/2009 12:00,32307.5,26.11,8.58,1.34,2.57,0,971
6/14/2009 13:00,32307.55,28.33,9.61,0.45,3.68,0,943
6/14/2009 14:00,32307.59,28.89,8.59,0.89,6.18,0,949
6/14/2009 15:00,32307.63,30,9.01,1.34,2.93,0.27,835
6/14/2009 16:00,32307.67,29.44,7.98,0.45,1.82,0.55,670
6/14/2009 17:00,32307.71,28.89,6.93,0.45,3.58,0.82,402
6/14/2009 18:00,32307.76,27.78,7.09,0.45,1.38,1.1,61
6/14/2009 19:00,32307.8,24.44,8.38,0.45,3.28,1.37,35
6/14/2009 20:00,32307.84,21.67,6.69,0.45,3.37,1.65,6
6/14/2009 21:00,32307.88,20.56,7.14,0.45,3.96,1.92,3
6/14/2009 22:00,32307.92,18.33,7.37,0.45,3.75,2.2,3
6/14/2009 23:00,32307.97,18.33,9.35,0.89,3.84,0,3
6/15/2009 0:00,32308,16.67,9.3,0,0.35,2.75,3
6/15/2009 1:00,32308.04,15.56,9.63,0.45,3.56,3.02,3
6/15/2009 2:00,32308.08,13.33,8.34,0.45,4.4,3.3,3
6/15/2009 3:00,32308.13,13.33,8.95,0.89,4.15,3.57,3
6/15/2009 4:00,32308.17,13.89,10.08,0.45,2.69,3.85,3
6/15/2009 5:00,32308.21,12.78,8.22,0.89,3.94,4.12,7
6/15/2009 6:00,32308.25,16.67,9.06,0.45,1.62,4.4,93
6/15/2009 7:00,32308.29,16.67,8.31,0.45,3.96,4.67,271
6/15/2009 8:00,32308.34,21.11,8.99,0,4.1,4.95,481
6/15/2009 9:00,32308.38,26.11,9.45,0.89,4.47,5.22,673
6/15/2009 10:00,32308.42,26.67,7.17,0.45,3.33,5.5,753
6/15/2009 11:00,32308.46,25.56,6.2,0.89,3.86,5.77,735
6/15/2009 12:00,32308.5,27.22,7.65,0.45,1.2,6.04,714
6/15/2009 13:00,32308.55,28.33,7.02,0.45,0.94,5.41,719
6/15/2009 14:00,32308.59,27.78,7.09,0.89,3.96,6.59,566
6/15/2009 15:00,32308.63,26.67,5.59,0.45,3.47,6.29,424
6/15/2009 16:00,32308.67,27.78,4.79,1.34,3.8,5.99,458
6/15/2009 17:00,32308.71,28.33,4.62,0.89,1.45,5.69,306
6/15/2009 18:00,32308.76,25,5.21,0.45,4.19,5.39,171
6/15/2009 19:00,32308.8,24.44,5.72,0.45,5.74,5.09,42
6/15/2009 20:00,32308.84,23.33,6.98,0.45,4.92,4.79,4
6/15/2009 21:00,32308.88,22.22,5.99,0.89,4.05,4.49,3
6/15/2009 22:00,32308.92,20,6.98,0.45,3.93,4.19,3
6/15/2009 23:00,32308.97,17.78,9.09,0.45,3.18,2.47,3
6/16/2009 0:00,32309,17.78,8.29,0.45,3.07,3.59,3
6/16/2009 1:00,32309.04,17.22,9.34,0,3.93,3.29,3
6/16/2009 2:00,32309.08,16.67,9.54,0.45,3.72,3,3
6/16/2009 3:00,32309.13,15,9.09,0.45,4.33,2.7,3
6/16/2009 4:00,32309.17,15.56,11.11,0.45,5.65,2.4,3
6/16/2009 5:00,32309.21,15,9.09,0.45,4.05,2.1,5
6/16/2009 6:00,32309.25,16.67,9.06,0.89,3.65,1.8,111
6/16/2009 7:00,32309.29,18.89,9.6,0.89,3.25,1.5,287
6/16/2009 8:00,32309.34,21.67,9.82,0.89,3.7,1.2,483
6/16/2009 9:00,32309.38,25.56,10.95,0.89,3.6,0.9,669
6/16/2009 10:00,32309.42,26.67,9.51,0.45,4.66,0.6,828
6/16/2009 11:00,32309.46,29.44,8.53,1.79,5.9,0.3,939
6/16/2009 12:00,32309.5,28.89,6.34,0.45,2.62,0,971
6/16/2009 13:00,32309.55,31.67,7.44,0.45,3.63,0,1002
6/16/2009 14:00,32309.59,32.22,5.79,0.89,3.74,0,944
6/16/2009 15:00,32309.63,33.33,6.71,1.79,4.42,0,805
6/16/2009 16:00,32309.67,31.67,6.06,0.45,1.88,0,605
6/16/2009 17:00,32309.71,30.56,6.5,1.34,5.27,0,401
6/16/2009 18:00,32309.76,28.33,5.87,0.89,4,0,159
6/16/2009 19:00,32309.8,27.22,6.07,0.89,4.94,0,57
6/16/2009 20:00,32309.84,25.56,5.17,0.45,4.73,0,6
6/16/2009 21:00,32309.88,23.89,7.47,0.45,4.99,0,3
6/16/2009 22:00,32309.92,22.78,8.07,1.34,6.21,0,3
6/16/2009 23:00,32309.97,20,9.8,0.45,0.94,3.89,3
6/17/2009 0:00,32310,21.11,9.63,0.45,0.12,0,3
6/17/2009 1:00,32310.04,19.44,9.28,0.45,3.67,0,3
6/17/2009 2:00,32310.08,17.78,8.83,1.34,4.21,0,3
6/17/2009 3:00,32310.13,17.78,9.61,0.89,4.31,0,3
6/17/2009 4:00,32310.17,16.67,9.54,0.45,4.66,0,3
6/17/2009 5:00,32310.21,16.67,9.06,0.45,0.58,0,5
6/17/2009 6:00,32310.25,16.67,9.06,0.89,4.05,0,72
6/17/2009 7:00,32310.29,20.56,9.72,0.89,3.94,0,264
6/17/2009 8:00,32310.34,26.11,10.67,0.89,4.76,0,478
6/17/2009 9:00,32310.38,27.22,9.56,1.34,3.63,0,650
6/17/2009 10:00,32310.42,30,11.55,0.89,6.13,0,817
6/17/2009 11:00,32310.46,30,8.46,1.34,3.44,0,928
6/17/2009 12:00,32310.5,31.67,9.31,1.79,3.96,0,988
6/17/2009 13:00,32310.55,32.22,8.56,1.79,3.42,0,991
6/17/2009 14:00,32310.59,34.44,7.64,1.34,4.24,0,941
6/17/2009 15:00,32310.63,33.89,6.4,1.34,4.01,0,832
6/17/2009 16:00,32310.67,33.33,5.94,1.34,4.63,0,672
6/17/2009 17:00,32310.71,33.89,7.18,0.45,4.69,0,481
6/17/2009 18:00,32310.76,31.67,6.77,1.79,3.86,0,197
6/17/2009 19:00,32310.8,28.89,7.5,0.89,4.69,0,29
6/17/2009 20:00,32310.84,25.56,8.52,0.89,4.83,0,6
6/17/2009 21:00,32310.88,23.89,10.52,0.45,2.2,0,3
6/17/2009 22:00,32310.92,23.33,11.36,0.45,4.12,0,3
6/17/2009 23:00,32310.97,23.33,8.18,0.45,4.14,0,3
6/18/2009 0:00,32311,20,12.21,0.45,5.31,0,3
6/18/2009 1:00,32311.04,17.78,10.83,0.45,4.17,0,3
6/18/2009 2:00,32311.08,17.78,11.07,0.89,4.22,0,3
6/18/2009 3:00,32311.13,17.22,10.54,0.89,2.16,0,3
6/18/2009 4:00,32311.17,17.78,11.07,0.45,4.12,0,3
6/18/2009 5:00,32311.21,17.22,10.3,0.45,3.67,0,7
6/18/2009 6:00,32311.25,20,12.46,0.89,1.31,0,101
6/18/2009 7:00,32311.29,23.89,11.54,0.45,3.91,0,281
6/18/2009 8:00,32311.34,26.11,11.07,0.45,3.28,0,479
6/18/2009 9:00,32311.38,28.33,10.99,1.34,3.32,0,663
6/18/2009 10:00,32311.42,30.56,11.06,1.34,3.84,0,818
6/18/2009 11:00,32311.46,32.78,10.85,0.45,3.42,0,927
6/18/2009 12:00,32311.5,33.33,10.13,1.79,3.84,0,986
6/18/2009 13:00,32311.55,33.89,10.61,1.34,4.89,0,989
6/18/2009 14:00,32311.59,35.56,10.03,1.34,3.98,0,935
6/18/2009 15:00,32311.63,37.22,10.71,0.45,4.21,0,824
6/18/2009 16:00,32311.67,37.78,11.9,1.34,4.92,0,660
6/18/2009 17:00,32311.71,37.22,12.8,0.45,3.35,0,469
6/18/2009 18:00,32311.76,34.44,12.28,0.45,4.19,0,194
6/18/2009 19:00,32311.8,30,12.46,0.45,5.34,0,30
6/18/2009 20:00,32311.84,29.44,13.26,0,4.4,0,6
6/18/2009 21:00,32311.88,27.78,12.57,0.45,4.43,0,2
6/18/2009 22:00,32311.92,26.11,11.45,0.45,3.56,0,3
6/18/2009 23:00,32311.97,20.56,11.7,0.45,4.1,0,3
6/19/2009 0:00,32312,23.89,12.19,0.89,1.27,0,3
6/19/2009 1:00,32312.04,23.33,14.58,1.34,1.08,0,3
6/19/2009 2:00,32312.08,22.78,14.84,1.79,1.4,0,3
6/19/2009 3:00,32312.13,22.78,14.58,1.79,1.43,0,3
6/19/2009 4:00,32312.17,22.78,14.84,2.68,1.48,0,3
6/19/2009 5:00,32312.21,22.78,13.79,2.68,1.29,0,6
6/19/2009 6:00,32312.25,23.89,15.1,1.79,1.36,0,94
6/19/2009 7:00,32312.29,26.11,14.23,2.24,1.17,0,276
6/19/2009 8:00,32312.34,30.56,11.56,0.89,4.96,0,477
6/19/2009 9:00,32312.38,32.78,13.01,2.24,3.93,0,668
6/19/2009 10:00,32312.42,33.89,11.81,1.79,3.72,0,826
6/19/2009 11:00,32312.46,35.56,10.73,2.24,3.89,0,942
6/19/2009 12:00,32312.5,37.22,10.71,0.89,4.24,0,1006
6/19/2009 13:00,32312.55,37.22,6.5,0.89,4.14,0,1012
6/19/2009 14:00,32312.59,38.89,6.86,0.89,5.17,0,968
6/19/2009 15:00,32312.63,40,5.54,0.45,0.4,0,847
6/19/2009 16:00,32312.67,36.67,6.98,0.89,4.28,0,619
6/19/2009 17:00,32312.71,35,7.31,1.34,4.14,0,444
6/19/2009 18:00,32312.76,33.33,10.74,0.89,5.43,0,131
6/19/2009 19:00,32312.8,31.11,10.52,0.89,5.03,0,63
6/19/2009 20:00,32312.84,28.33,10.99,0.89,4.66,0,6
6/19/2009 21:00,32312.88,23.89,6.61,1.34,4.78,0,3
6/19/2009 22:00,32312.92,20.56,6.07,2.24,4.57,0,3
6/19/2009 23:00,32312.97,25.56,11.68,0.45,4.07,0,3
6/20/2009 0:00,32313,17.22,5.74,0.45,1.85,0,3
6/20/2009 1:00,32313.04,16.11,5.61,0.45,4.43,0,3
6/20/2009 2:00,32313.08,15,5.7,0.45,4.15,0,3
6/20/2009 3:00,32313.13,13.89,5.44,1.79,4.31,0,3
6/20/2009 4:00,32313.17,12.78,5.38,0.45,4.03,0,3
6/20/2009 5:00,32313.21,12.78,5.61,0.89,3.82,0,7
6/20/2009 6:00,32313.25,15,5.7,0.45,4.14,0,107
6/20/2009 7:00,32313.29,17.78,5.29,0.89,4.38,0,298
6/20/2009 8:00,32313.34,19.44,7.78,1.34,0.38,0,501
6/20/2009 9:00,32313.38,25,7.59,1.34,4.24,0,696
6/20/2009 10:00,32313.42,26.11,5.11,0.89,3.87,0,860
6/20/2009 11:00,32313.46,28.33,4.62,0.45,2.3,0,975
6/20/2009 12:00,32313.5,28.89,1.47,0.45,4.35,0,1031
6/20/2009 13:00,32313.55,32.78,2.9,0.45,5.03,0,1036
6/20/2009 14:00,32313.59,32.22,0.48,0.45,4.83,0,892
6/20/2009 15:00,32313.63,29.44,-0.73,0.45,0.47,0,649
6/20/2009 16:00,32313.67,33.89,1.81,0,5.32,0,643
6/20/2009 17:00,32313.71,30.56,3.64,0.89,4.35,0,436
6/20/2009 18:00,32313.76,30,7.88,0.45,4.38,0,163
6/20/2009 19:00,32313.8,24.44,7.54,0.89,4.19,0,29
6/20/2009 20:00,32313.84,20,9.21,1.34,4.07,0,6
6/20/2009 21:00,32313.88,17.78,8.83,1.34,4.66,0,3
6/20/2009 22:00,32313.92,16.11,9.01,1.34,4.87,0,3
6/20/2009 23:00,32313.97,19.44,6.48,0.89,3.19,0,3
6/21/2009 0:00,32314,13.89,8.25,0.89,5.06,0,3
6/21/2009 1:00,32314.04,13.33,8.14,0.45,5.46,0,3
6/21/2009 2:00,32314.08,12.78,6.97,0.45,4.71,0,3
6/21/2009 3:00,32314.13,12.22,7.27,0.45,3.77,0,3
6/21/2009 4:00,32314.17,11.67,7.34,0.45,4.31,0,3
6/21/2009 5:00,32314.21,10.56,6.46,0,3.39,0,7
6/21/2009 6:00,32314.25,12.22,5.77,1.34,3.67,0,88
6/21/2009 7:00,32314.29,15.56,5.38,0.45,3.63,0,273
6/21/2009 8:00,32314.34,20,7.65,0.45,3.6,0,482
6/21/2009 9:00,32314.38,22.22,8.3,0.45,1.66,0,676
6/21/2009 10:00,32314.42,22.78,6.89,0.45,4.05,0,841
6/21/2009 11:00,32314.46,26.11,5.65,0,2.57,0,957
6/21/2009 12:00,32314.5,27.22,6.07,0.45,5.18,0,1013
6/21/2009 13:00,32314.55,27.22,5.5,1.34,4.08,0,1014
6/21/2009 14:00,32314.59,29.44,6.2,0.45,4.87,0,964
6/21/2009 15:00,32314.63,30,6.03,0.45,4.54,0,855
6/21/2009 16:00,32314.67,30,5.36,0.89,4.29,0,694
6/21/2009 17:00,32314.71,27.78,4.79,1.79,4.03,0,499
6/21/2009 18:00,32314.76,26.67,6.66,0.89,4.07,0,207
6/21/2009 19:00,32314.8,24.44,7.1,0.89,4.01,0,28
6/21/2009 20:00,32314.84,22.22,7.94,0.45,3.8,0,6
6/21/2009 21:00,32314.88,21.11,8,0.45,4.47,0,3
6/21/2009 22:00,32314.92,20,7.65,0.45,2.83,0,3
6/21/2009 23:00,32314.97,13.89,7.59,1.79,5.11,0,3
6/22/2009 0:00,32315,16.67,8.56,0.89,4.15,0,3
6/22/2009 1:00,32315.04,15.56,8.95,0.45,4.14,0,3
6/22/2009 2:00,32315.08,15.56,9.4,0.45,4.31,0,3
6/22/2009 3:00,32315.13,15.56,9.84,0.89,1.95,0,3
6/22/2009 4:00,32315.17,16.67,9.06,2.24,1.48,0,3
6/22/2009 5:00,32315.21,15,7.72,0.45,3.56,0,7
6/22/2009 6:00,32315.25,17.22,8.04,0.45,3.91,0,100
6/22/2009 7:00,32315.29,21.11,10.54,0.45,4.03,0,286
6/22/2009 8:00,32315.34,23.33,7.79,0.45,4.42,0,488
6/22/2009 9:00,32315.38,23.89,7.88,2.24,3.4,0,675
6/22/2009 10:00,32315.42,26.67,8.61,0.45,3.91,0,832
6/22/2009 11:00,32315.46,28.89,8.05,1.79,3.7,0,948
6/22/2009 12:00,32315.5,31.11,9.97,0.45,2.13,0,1005
6/22/2009 13:00,32315.55,31.67,8.09,0.89,2.37,0,1003
6/22/2009 14:00,32315.59,32.78,6.99,0.45,4.38,0,954
6/22/2009 15:00,32315.63,33.89,6.4,1.34,4.45,0,844
6/22/2009 16:00,32315.67,32.78,6.25,0.45,5.43,0,683
6/22/2009 17:00,32315.71,32.78,5.48,0.45,4.76,0,489
6/22/2009 18:00,32315.76,30,5.36,0.89,4.92,0,209
6/22/2009 19:00,32315.8,27.22,4.31,0.45,6.18,0,29
6/22/2009 20:00,32315.84,25,5.72,0.45,3.6,0,6
6/22/2009 21:00,32315.88,24.44,5.72,0.45,3.74,0,3
6/22/2009 22:00,32315.92,23.89,5.24,0.89,4.38,0,3
6/22/2009 23:00,32315.97,18.89,7.88,0.45,3.98,0,3
6/23/2009 0:00,32316,22.22,9.35,3.13,1.24,0,3
6/23/2009 1:00,32316.04,20.56,9.12,1.34,0.99,0,3
6/23/2009 2:00,32316.08,21.11,11.68,2.24,1.34,0,3
6/23/2009 3:00,32316.13,20,9.8,2.68,0.99,0,3
6/23/2009 4:00,32316.17,20,10.08,3.13,1.1,0,3
6/23/2009 5:00,32316.21,20,10.91,3.13,1.41,0,7
6/23/2009 6:00,32316.25,22.22,11.27,1.34,1.47,0,100
6/23/2009 7:00,32316.29,23.89,8.29,0.45,3.89,0,283
6/23/2009 8:00,32316.34,27.22,10,1.34,5.99,0,484
6/23/2009 9:00,32316.38,30,7.29,0.89,2.93,0,674
6/23/2009 10:00,32316.42,31.67,7.44,0.89,3.16,0,835
6/23/2009 11:00,32316.46,33.33,6.71,0.89,3.18,0,949
6/23/2009 12:00,32316.5,35,6.49,0.45,5.29,0,1006
6/23/2009 13:00,32316.55,33.89,7.18,1.34,0.63,0,1007
6/23/2009 14:00,32316.59,33.89,7.92,0.45,5.31,0,952
6/23/2009 15:00,32316.63,39.44,7.31,0.89,4.14,0,845
6/23/2009 16:00,32316.67,37.78,6.95,0.89,3.18,0,685
6/23/2009 17:00,32316.71,38.89,5.8,1.34,3.91,0,490
6/23/2009 18:00,32316.76,37.22,7.43,0.45,4.35,0,202
6/23/2009 19:00,32316.8,31.11,6.3,0,2.72,0,28
6/23/2009 20:00,32316.84,29.44,6.2,0.45,4.49,0,6
6/23/2009 21:00,32316.88,27.22,4.92,0.45,2.44,0,2
6/23/2009 22:00,32316.92,26.11,6.18,0.45,5.93,0,3
6/23/2009 23:00,32316.97,21.67,4.21,0.45,3.7,0,3
6/24/2009 0:00,32317,23.89,9.44,2.24,1.45,0,3
6/24/2009 1:00,32317.04,23.89,12.19,1.79,1.38,0,3
6/24/2009 2:00,32317.08,23.33,11.36,0.89,1.4,0,3
6/24/2009 3:00,32317.13,22.22,10.96,3.13,1.5,0,3
6/24/2009 4:00,32317.17,22.78,10.84,1.34,1.76,0,3
6/24/2009 5:00,32317.21,22.78,10.84,1.79,1.61,0,7
6/24/2009 6:00,32317.25,22.78,11.16,2.24,1.29,0,101
6/24/2009 7:00,32317.29,26.11,10.67,1.34,0.91,0,285
6/24/2009 8:00,32317.34,30,8.46,1.34,3.98,0,487
6/24/2009 9:00,32317.38,32.78,7.7,0.45,3.05,0,679
6/24/2009 10:00,32317.42,34.44,9.1,0.45,3.35,0,840
6/24/2009 11:00,32317.46,35,8.1,0.89,3.91,0,947
6/24/2009 12:00,32317.5,37.22,9.15,0.89,1.73,0,998
6/24/2009 13:00,32317.55,38.33,8.34,0.89,5.48,0,995
6/24/2009 14:00,32317.59,40,8.75,0.45,4.61,0,946
6/24/2009 15:00,32317.63,41.11,6.42,0.45,3.54,0,842
6/24/2009 16:00,32317.67,41.11,6.42,0.45,5.25,0,686
6/24/2009 17:00,32317.71,40,7.75,0,5.64,0,489
6/24/2009 18:00,32317.76,36.11,8.23,2.68,4,0,204
6/24/2009 19:00,32317.8,32.78,6.99,0.89,4.96,0,32
6/24/2009 20:00,32317.84,30,7.88,0.45,4.38,0,6
6/24/2009 21:00,32317.88,28.33,8.11,0.45,4.26,0,2
6/24/2009 22:00,32317.92,25,7.59,1.34,4.47,0,3
6/24/2009 23:00,32317.97,25,10.44,1.79,1.15,0,3
6/25/2009 0:00,32318,22.22,8.66,0.89,4.87,0,3
6/25/2009 1:00,32318.04,20.56,7.49,0.89,4.07,0,3
6/25/2009 2:00,32318.08,20,6.64,0.45,2.37,0,3
6/25/2009 3:00,32318.13,20,8.6,0.89,4.03,0,3
6/25/2009 4:00,32318.17,19.44,8.99,0.89,3.54,0,3
6/25/2009 5:00,32318.21,17.78,8.56,0.45,3.94,0,7
6/25/2009 6:00,32318.25,22.22,11.57,2.68,1.78,0,90
6/25/2009 7:00,32318.29,24.44,10.67,2.24,1.61,0,262
6/25/2009 8:00,32318.34,27.22,8.63,1.34,3.89,0,462
6/25/2009 9:00,32318.38,27.78,8.64,0.45,5.83,0,651
6/25/2009 10:00,32318.42,28.89,8.59,3.13,3.72,0,811
6/25/2009 11:00,32318.46,30.56,9.49,0.89,0.12,0,923
6/25/2009 12:00,32318.5,31.11,9.42,1.79,3.77,0,979
6/25/2009 13:00,32318.55,33.89,9.97,1.34,4.26,0,983
6/25/2009 14:00,32318.59,36.67,10.97,0.89,6.07,0,934
6/25/2009 15:00,32318.63,35.56,12.03,0.89,5.71,0,824
6/25/2009 16:00,32318.67,38.89,12.1,0.45,3.07,0,659
6/25/2009 17:00,32318.71,35.56,8.56,1.34,4.1,0,465
6/25/2009 18:00,32318.76,33.89,8.63,2.24,3.94,0,204
6/25/2009 19:00,32318.8,31.11,7.62,0.89,3.74,0,36
6/25/2009 20:00,32318.84,28.89,7.5,0.89,4.45,0,7
6/25/2009 21:00,32318.88,26.11,7.66,0.45,4.38,0,2
6/25/2009 22:00,32318.92,23.89,10.17,0.45,3.61,0,3
6/25/2009 23:00,32318.97,23.33,8.94,0.45,4.68,0,3
6/26/2009 0:00,32319,21.67,7.8,0.89,3.87,0,3
6/26/2009 1:00,32319.04,19.44,5.43,0.89,4.28,0,3
6/26/2009 2:00,32319.08,18.89,2.62,0.45,5.08,0,3
6/26/2009 3:00,32319.13,19.44,9.28,0.45,1.83,0,3
6/26/2009 4:00,32319.17,20.56,11.7,1.79,1.43,0,3
6/26/2009 5:00,32319.21,18.89,6.96,0.45,3.3,0,6
6/26/2009 6:00,32319.25,23.33,10.36,0.89,1.82,0,92
6/26/2009 7:00,32319.29,26.11,8.12,0.45,2.58,0,274
6/26/2009 8:00,32319.34,27.78,10.05,0.45,2.98,0,473
6/26/2009 9:00,32319.38,30.56,9.49,0.89,3.79,0,665
6/26/2009 10:00,32319.42,31.11,9.97,2.68,3.47,0,826
6/26/2009 11:00,32319.46,34.44,10.45,0.89,4.01,0,940
6/26/2009 12:00,32319.5,35,8.1,0.45,4.73,0,1005
6/26/2009 13:00,32319.55,38.33,8.34,0.45,3.4,0,1011
6/26/2009 14:00,32319.59,39.44,5.1,1.34,4.89,0,961
6/26/2009 15:00,32319.63,38.89,0.68,0.89,4.75,0,860
6/26/2009 16:00,32319.67,38.89,-0.91,0.89,4,0,698
6/26/2009 17:00,32319.71,36.67,0.4,0.45,3.3,0,499
6/26/2009 18:00,32319.76,35,3.73,0.45,3.61,0,216
6/26/2009 19:00,32319.8,31.67,3.75,0.45,3.37,0,31
6/26/2009 20:00,32319.84,27.78,2.81,0.45,4.82,0,6
6/26/2009 21:00,32319.88,27.78,4.15,0,3.51,0,2
6/26/2009 22:00,32319.92,25,4.69,0.45,4.14,0,3
6/26/2009 23:00,32319.97,22.78,8.8,0.45,3.42,0,3
6/27/2009 0:00,32320,24.44,7.1,0.89,1.43,0,3
6/27/2009 1:00,32320.04,22.22,5.99,0.89,1.38,0,3
6/27/2009 2:00,32320.08,22.22,9.01,0.45,1.94,0,3
6/27/2009 3:00,32320.13,22.78,9.51,2.68,1.34,0,3
6/27/2009 4:00,32320.17,22.78,4.73,0.89,1.69,0,3
6/27/2009 5:00,32320.21,22.78,10.19,1.79,1.43,0,6
6/27/2009 6:00,32320.25,23.89,10.87,2.24,1.36,0,97
6/27/2009 7:00,32320.29,28.33,10.08,0.89,1.61,0,279
6/27/2009 8:00,32320.34,32.22,6.53,0.45,4.07,0,481
6/27/2009 9:00,32320.38,33.33,5.94,0.45,4.29,0,675
6/27/2009 10:00,32320.42,34.44,6.85,0.89,3.91,0,837
6/27/2009 11:00,32320.46,36.11,7.4,0.45,3.46,0,948
6/27/2009 12:00,32320.5,40,8.75,0,1.83,0,1002
6/27/2009 13:00,32320.55,38.89,7.85,0.45,1.47,0,1002
6/27/2009 14:00,32320.59,40.56,7.13,1.34,5.06,0,952
6/27/2009 15:00,32320.63,42.22,7.3,1.34,4.47,0,843
6/27/2009 16:00,32320.67,42.78,7.74,0.89,4.26,0,681
6/27/2009 17:00,32320.71,41.11,8.65,1.34,3.84,0,488
6/27/2009 18:00,32320.76,40.56,7.13,0.45,4.83,0,204
6/27/2009 19:00,32320.8,37.22,7.43,0.45,4.33,0,31
6/27/2009 20:00,32320.84,32.78,8.38,0.89,3.96,0,7
6/27/2009 21:00,32320.88,29.44,11.06,0.89,4.01,0,2
6/27/2009 22:00,32320.92,28.33,10.54,1.34,1.47,0,2
6/27/2009 23:00,32320.97,24.44,5.23,0.45,1.43,0,3
6/28/2009 0:00,32321,28.33,9.61,0,1.99,0,3
6/28/2009 1:00,32321.04,26.67,13.75,0.89,0.38,0,3
6/28/2009 2:00,32321.08,27.22,10.44,0.45,1.29,0,3
6/28/2009 3:00,32321.13,25,13.53,1.79,1.17,0,3
6/28/2009 4:00,32321.17,24.44,12.05,2.24,1.43,0,3
6/28/2009 5:00,32321.21,24.44,11.03,2.24,1.29,0,6
6/28/2009 6:00,32321.25,27.22,10.86,1.34,1.62,0,92
6/28/2009 7:00,32321.29,27.78,11.35,1.34,0.79,0,272
6/28/2009 8:00,32321.34,33.89,9.32,0.45,3.3,0,470
6/28/2009 9:00,32321.38,36.11,9.78,0.89,1.62,0,662
6/28/2009 10:00,32321.42,37.78,10.41,0.45,4.31,0,820
6/28/2009 11:00,32321.46,39.44,10.14,1.34,2.72,0,933
6/28/2009 12:00,32321.5,41.11,10.61,0.45,1.68,0,992
6/28/2009 13:00,32321.55,43.33,10.43,0.45,5.18,0,993
6/28/2009 14:00,32321.59,43.33,10.43,1.34,3.77,0,941
6/28/2009 15:00,32321.63,44.44,11.32,0.89,3.82,0,831
6/28/2009 16:00,32321.67,43.33,12.42,0.45,5.83,0,665
6/28/2009 17:00,32321.71,43.89,11.9,0,5.1,0,477
6/28/2009 18:00,32321.76,41.11,13.18,0.45,4.5,0,208
6/28/2009 19:00,32321.8,36.67,13.6,0,2.97,0,33
6/28/2009 20:00,32321.84,34.44,8.38,0.45,5.04,0,6
6/28/2009 21:00,32321.88,32.78,9.66,0.45,3.61,0,2
6/28/2009 22:00,32321.92,30.56,10.56,0.45,2.9,0,2
6/28/2009 23:00,32321.97,27.78,11.77,0.89,1.54,0,2
6/29/2009 0:00,32322,28.33,13.45,0.89,1.38,0,2
6/29/2009 1:00,32322.04,28.89,12.34,1.34,1.68,0,3
6/29/2009 2:00,32322.08,27.22,14.6,2.24,1.47,0,3
6/29/2009 3:00,32322.13,28.33,13.07,1.34,1.05,0,3
6/29/2009 4:00,32322.17,27.22,13.19,3.13,1.52,0,3
6/29/2009 5:00,32322.21,26.11,13.58,2.68,1.52,0,5
6/29/2009 6:00,32322.25,28.33,13.45,0.89,1.73,0,83
6/29/2009 7:00,32322.29,31.11,11.04,0.45,4.05,0,262
6/29/2009 8:00,32322.34,33.33,11.33,0.45,5.52,0,458
6/29/2009 9:00,32322.38,35.56,10.03,0.89,3.3,0,651
6/29/2009 10:00,32322.42,37.78,11.17,0.89,3.72,0,812
6/29/2009 11:00,32322.46,39.44,9.25,0.89,3.53,0,925
6/29/2009 12:00,32322.5,38.33,7.4,1.79,3.82,0,975
6/29/2009 13:00,32322.55,40.56,9.2,1.34,3.7,0,980
6/29/2009 14:00,32322.59,41.67,9.09,0.45,2.32,0,928
6/29/2009 15:00,32322.63,42.78,7.74,1.34,4.1,0,818
6/29/2009 16:00,32322.67,45,10.67,0.45,5.72,0,655
6/29/2009 17:00,32322.71,41.67,11.06,1.79,4.08,0,457
6/29/2009 18:00,32322.76,40,10.6,0.45,0.99,0,205
6/29/2009 19:00,32322.8,36.11,3.58,0.45,3.74,0,39
6/29/2009 20:00,32322.84,34.44,6.85,0.45,5.08,0,6
6/29/2009 21:00,32322.88,31.11,8.24,0.45,3.51,0,2
6/29/2009 22:00,32322.92,29.44,10.09,0.89,4.83,0,2
6/29/2009 23:00,32322.97,30,13.34,0.45,3.14,0,2
6/30/2009 0:00,32323,25,8.03,0.45,3.3,0,3
6/30/2009 1:00,32323.04,23.33,8.94,0.45,3.87,0,3
6/30/2009 2:00,32323.08,23.33,10.02,1.34,1.48,0,3
6/30/2009 3:00,32323.13,25,14.14,2.24,1.47,0,3
6/30/2009 4:00,32323.17,23.89,12.81,0.89,1.29,0,3
6/30/2009 5:00,32323.21,23.33,10.7,0.45,3.23,0,5
6/30/2009 6:00,32323.25,25,13.53,0.89,1.57,0,57
6/30/2009 7:00,32323.29,23.89,9.81,0.45,3.7,0,80
6/30/2009 8:00,32323.34,25,8.88,2.24,1.5,0,63
6/30/2009 9:00,32323.38,26.11,11.82,0.45,1.71,0,93
6/30/2009 10:00,32323.42,31.11,8.84,1.79,3.94,0,657
6/30/2009 11:00,32323.46,37.22,8.31,0.89,3.05,0,1010
6/30/2009 12:00,32323.5,36.67,8.69,0.89,4.08,0,1000
6/30/2009 13:00,32323.55,38.89,9.68,0.45,3.65,0,996
6/30/2009 14:00,32323.59,40,8.75,0.89,0.23,0,941
6/30/2009 15:00,32323.63,40.56,9.2,0.45,1.83,0,834
6/30/2009 16:00,32323.67,40,8.75,0.89,4.26,0,679
6/30/2009 17:00,32323.71,40.56,10.15,0.45,5.78,0,488
6/30/2009 18:00,32323.76,37.78,11.17,0.89,4.07,0,212
6/30/2009 19:00,32323.8,32.78,11.41,0.45,4.22,0,26
6/30/2009 20:00,32323.84,31.11,9.42,0.45,2.71,0,6
6/30/2009 21:00,32323.88,29.44,9.07,0.45,3.79,0,2
6/30/2009 22:00,32323.92,27.78,9.12,0.45,3.37,0,2
6/30/2009 23:00,32323.97,27.22,9.1,0.45,3.7,0,2
7/1/2009 0:00,32324,23.89,9.44,0.45,4,0,3
7/1/2009 1:00,32324.04,22.78,10.19,0.89,3.6,0,3
7/1/2009 2:00,32324.08,23.89,12.81,1.34,1.38,0,3
7/1/2009 3:00,32324.13,21.67,10.14,0.45,3.87,0,3
7/1/2009 4:00,32324.17,22.78,11.16,0.45,2.11,0,3
7/1/2009 5:00,32324.21,22.22,11.57,0.45,1.57,0,5
7/1/2009 6:00,32324.25,23.89,10.17,0.89,3.6,0,92
7/1/2009 7:00,32324.29,25,10.07,0.45,3.91,0,269
7/1/2009 8:00,32324.34,28.89,6.34,1.34,4.36,0,468
7/1/2009 9:00,32324.38,31.67,7.44,0.45,3.42,0,660
7/1/2009 10:00,32324.42,32.78,10.85,0.45,2.3,0,818
7/1/2009 11:00,32324.46,36.11,9.02,0.45,3.28,0,932
7/1/2009 12:00,32324.5,36.67,10.97,0.89,3.61,0,988
7/1/2009 13:00,32324.55,38.33,10.07,1.34,4.21,0,991
7/1/2009 14:00,32324.59,39.44,9.25,0.45,1.48,0,944
7/1/2009 15:00,32324.63,40,10.6,0.45,2.55,0,837
7/1/2009 16:00,32324.67,40.56,11.05,1.34,3.49,0,676
7/1/2009 17:00,32324.71,39.44,11.79,1.34,3.93,0,477
7/1/2009 18:00,32324.76,36.67,12.98,0.45,4.73,0,209
7/1/2009 19:00,32324.8,32.78,10.85,0.89,5.24,0,29
7/1/2009 20:00,32324.84,30.56,12.04,0.45,3.39,0,6
7/1/2009 21:00,32324.88,28.33,11.42,0.45,4.45,0,2
7/1/2009 22:00,32324.92,27.22,10.44,0.45,4,0,2
7/1/2009 23:00,32324.97,26.67,9.51,0.45,3.96,0,2
7/2/2009 0:00,32325,22.78,9.51,0.45,4.1,0,3
7/2/2009 1:00,32325.04,22.78,9.85,0.45,4.05,0,3
7/2/2009 2:00,32325.08,23.33,10.02,1.79,1.47,0,3
7/2/2009 3:00,32325.13,23.33,13.76,1.34,1.47,0,3
7/2/2009 4:00,32325.17,23.89,12.81,1.34,1.57,0,3
7/2/2009 5:00,32325.21,22.78,14.58,1.34,1.17,0,5
7/2/2009 6:00,32325.25,24.44,15.08,1.79,0.93,0,61
7/2/2009 7:00,32325.29,26.11,10.67,0.89,4.24,0,272
7/2/2009 8:00,32325.34,28.89,10.57,0.45,5.57,0,442
7/2/2009 9:00,32325.38,31.11,12.05,1.34,3.86,0,601
7/2/2009 10:00,32325.42,32.22,10.93,1.34,3.33,0,790
7/2/2009 11:00,32325.46,35,10.92,2.68,3.42,0,911
7/2/2009 12:00,32325.5,37.22,9.95,1.34,4.24,0,977
7/2/2009 13:00,32325.55,38.89,10.53,0.45,4.21,0,980
7/2/2009 14:00,32325.59,39.44,7.31,1.79,4.05,0,935
7/2/2009 15:00,32325.63,40,6.68,0.89,4.42,0,829
7/2/2009 16:00,32325.67,41.11,6.42,0.45,4.26,0,670
7/2/2009 17:00,32325.71,40.56,7.13,0.45,0.05,0,479
7/2/2009 18:00,32325.76,38.33,7.4,0.45,3.8,0,213
7/2/2009 19:00,32325.8,33.33,7.46,1.34,4.89,0,29
7/2/2009 20:00,32325.84,31.67,8.71,0.45,3.86,0,6
7/2/2009 21:00,32325.88,30.56,5.83,1.34,6.07,0,2
7/2/2009 22:00,32325.92,28.89,5.73,1.34,4.33,0,2
7/2/2009 23:00,32325.97,25.56,10.95,0.45,4.12,0,3
7/3/2009 0:00,32326,27.22,10.86,1.34,1.27,0,3
7/3/2009 1:00,32326.04,24.44,7.96,1.79,4.45,0,3
7/3/2009 2:00,32326.08,21.11,10.54,0.45,3.56,0,3
7/3/2009 3:00,32326.13,21.11,9.94,0.89,0.8,0,3
7/3/2009 4:00,32326.17,23.33,13.76,0.45,5.78,0,3
7/3/2009 5:00,32326.21,22.78,12.67,0.89,1.19,0,5
7/3/2009 6:00,32326.25,26.11,11.82,0.89,1.85,0,89
7/3/2009 7:00,32326.29,25,10.07,0.89,3.44,0,264
7/3/2009 8:00,32326.34,31.11,9.42,0.45,3.28,0,461
7/3/2009 9:00,32326.38,32.22,12.52,1.79,4.05,0,647
7/3/2009 10:00,32326.42,34.44,11.08,0.89,1.99,0,806
7/3/2009 11:00,32326.46,36.67,10.24,0.89,4.54,0,924
7/3/2009 12:00,32326.5,38.33,10.87,0.89,3.16,0,983
7/3/2009 13:00,32326.55,40,12.26,0.89,3.26,0,994
7/3/2009 14:00,32326.59,40.56,10.15,0.45,1.52,0,953
7/3/2009 15:00,32326.63,41.11,3.85,1.79,0.51,0,849
7/3/2009 16:00,32326.67,43.89,7.36,0.89,3.02,0,675
7/3/2009 17:00,32326.71,41.67,2.81,0.45,3.84,0,492
7/3/2009 18:00,32326.76,37.78,7.89,1.34,4.19,0,215
7/3/2009 19:00,32326.8,34.44,9.79,0.45,4.71,0,28
7/3/2009 20:00,32326.84,30,11.07,0.45,4.69,0,6
7/3/2009 21:00,32326.88,28.33,10.99,0.45,4.05,0,2
7/3/2009 22:00,32326.92,27.22,10.44,0.89,4.05,0,2
7/3/2009 23:00,32326.97,27.22,7.65,0.45,0.05,0,2
7/4/2009 0:00,32327,23.33,8.94,0.89,4.12,0,3
7/4/2009 1:00,32327.04,22.22,8.66,0.89,3.91,0,3
7/4/2009 2:00,32327.08,21.67,8.15,0.45,3.35,0,3
7/4/2009 3:00,32327.13,20.56,7.14,0.45,3.79,0,3
7/4/2009 4:00,32327.17,20,6.29,1.34,3.93,0,3
7/4/2009 5:00,32327.21,18.89,7.58,0.45,3.67,0,5
7/4/2009 6:00,32327.25,21.11,8,0.89,3.67,0,88
7/4/2009 7:00,32327.29,25,9.28,0.45,4.01,0,264
7/4/2009 8:00,32327.34,27.78,10.49,1.34,2.97,0,465
7/4/2009 9:00,32327.38,29.44,9.07,1.34,5.46,0,657
7/4/2009 10:00,32327.42,32.78,5.48,0.89,3.53,0,826
7/4/2009 11:00,32327.46,35.56,6.95,1.34,2.91,0,945
7/4/2009 12:00,32327.5,37.22,5.52,1.34,4.08,0,1007
7/4/2009 13:00,32327.55,38.89,4.66,0.89,5.38,0,1012
7/4/2009 14:00,32327.59,40,4.31,0.89,4.69,0,961
7/4/2009 15:00,32327.63,41.67,2.81,0.45,4.61,0,856
7/4/2009 16:00,32327.67,41.11,3.85,0.45,4.22,0,699
7/4/2009 17:00,32327.71,40,4.31,0.45,3.7,0,508
7/4/2009 18:00,32327.76,37.22,3.35,0.45,4.22,0,224
7/4/2009 19:00,32327.8,33.33,8.17,0.89,4.57,0,25
7/4/2009 20:00,32327.84,30,7.88,0.45,4.59,0,6
7/4/2009 21:00,32327.88,26.67,9.07,0.89,5.43,0,2
7/4/2009 22:00,32327.92,25.56,10.95,0.89,4.33,0,2
7/4/2009 23:00,32327.97,25,9.28,0,4.12,0,3
7/5/2009 0:00,32328,22.22,11.57,0.89,3.98,0,3
7/5/2009 1:00,32328.04,20.56,11.43,0.45,4.15,0,3
7/5/2009 2:00,32328.08,20,10.91,0.89,4.05,0,3
7/5/2009 3:00,32328.13,20.56,12.74,0.89,1.52,0,3
7/5/2009 4:00,32328.17,21.11,11.68,1.34,1.76,0,3
7/5/2009 5:00,32328.21,22.22,12.44,1.79,1.27,0,5
7/5/2009 6:00,32328.25,22.22,9.01,0.89,3.96,0,94
7/5/2009 7:00,32328.29,21.67,9.5,1.34,4,0,273
7/5/2009 8:00,32328.34,25.56,10.57,1.79,3.86,0,470
7/5/2009 9:00,32328.38,28.33,11.42,1.79,3.42,0,658
7/5/2009 10:00,32328.42,30.56,10.56,1.79,3.32,0,820
7/5/2009 11:00,32328.46,32.78,10.85,0.89,3.4,0,936
7/5/2009 12:00,32328.5,36.11,10.5,0.89,4.19,0,1002
7/5/2009 13:00,32328.55,36.67,7.86,1.34,1.47,0,1012
7/5/2009 14:00,32328.59,36.67,6.98,0.89,4.03,0,960
7/5/2009 15:00,32328.63,38.33,8.34,0.89,4.17,0,851
7/5/2009 16:00,32328.67,37.22,7.43,0.45,3.19,0,692
7/5/2009 17:00,32328.71,36.11,7.4,0.89,3.82,0,500
7/5/2009 18:00,32328.76,33.33,9.5,1.34,4.54,0,221
7/5/2009 19:00,32328.8,31.11,9.97,0.89,4.29,0,25
7/5/2009 20:00,32328.84,27.78,9.12,1.34,5.04,0,6
7/5/2009 21:00,32328.88,25.56,9.78,0.45,4.5,0,2
7/5/2009 22:00,32328.92,23.89,8.29,1.79,4.33,0,3
7/5/2009 23:00,32328.97,23.33,10.36,0.45,4.26,0,3
7/6/2009 0:00,32329,21.11,9.94,0.45,4.35,0,3
7/6/2009 1:00,32329.04,18.89,8.76,0.89,4.07,0,3
7/6/2009 2:00,32329.08,17.22,8.57,0.45,4.43,0,3
7/6/2009 3:00,32329.13,16.67,9.78,0.45,4.56,0,3
7/6/2009 4:00,32329.17,14.44,9.21,0.89,4.24,0,3
7/6/2009 5:00,32329.21,14.44,9.83,0.89,3.89,0,5
7/6/2009 6:00,32329.25,15.56,8.25,0.89,4.17,0,89
7/6/2009 7:00,32329.29,18.89,8.76,0.89,3.77,0,269
7/6/2009 8:00,32329.34,24.44,11.03,0.45,5.31,0,467
7/6/2009 9:00,32329.38,25,10.44,1.79,3.74,0,655
7/6/2009 10:00,32329.42,27.22,11.27,2.24,3.86,0,814
7/6/2009 11:00,32329.46,30,10.58,0.45,3.68,0,931
7/6/2009 12:00,32329.5,32.22,9.79,0.89,5.76,0,997
7/6/2009 13:00,32329.55,34.44,3.29,1.34,4.14,0,1014
7/6/2009 14:00,32329.59,35.56,0.83,1.79,4.12,0,972
7/6/2009 15:00,32329.63,36.11,1.27,1.34,4.29,0,865
7/6/2009 16:00,32329.67,35,-0.89,1.79,4.12,0,707
7/6/2009 17:00,32329.71,34.44,-0.04,1.34,4.57,0,513
7/6/2009 18:00,32329.76,33.89,0.71,1.79,4.82,0,228
7/6/2009 19:00,32329.8,30.56,1.1,0.89,4.75,0,21
7/6/2009 20:00,32329.84,26.67,1.17,0.89,4.29,0,6
7/6/2009 21:00,32329.88,23.89,1.48,0.89,4.57,0,2
7/6/2009 22:00,32329.92,22.78,3.29,0.45,4.01,0,3
7/6/2009 23:00,32329.97,21.67,8.15,1.34,4.64,0,3
7/7/2009 0:00,32330,18.89,3.02,1.34,4.21,0,3
7/7/2009 1:00,32330.04,19.44,3.11,0.89,4.1,0,3
7/7/2009 2:00,32330.08,17.22,2.7,0.45,4.19,0,3
7/7/2009 3:00,32330.13,17.22,2.32,0.89,4.17,0,3
7/7/2009 4:00,32330.17,17.22,3.06,0.89,3.96,0,3
7/7/2009 5:00,32330.21,16.11,1.7,0.89,4.01,0,5
7/7/2009 6:00,32330.25,18.33,2.12,1.34,4.15,0,94
7/7/2009 7:00,32330.29,20,2.74,1.34,4.19,0,278
7/7/2009 8:00,32330.34,25.56,4.08,0.89,3.87,0,479
7/7/2009 9:00,32330.38,26.67,6.13,0.89,3.63,0,666
7/7/2009 10:00,32330.42,29.44,6.2,0.45,3.63,0,829
7/7/2009 11:00,32330.46,31.11,4.1,0.89,4.4,0,949
7/7/2009 12:00,32330.5,32.78,3.81,1.34,3.75,0,1013
7/7/2009 13:00,32330.55,34.44,3.29,1.34,5.92,0,1016
7/7/2009 14:00,32330.59,35,1.59,0.45,4.71,0,968
7/7/2009 15:00,32330.63,35.56,0.83,0.89,1.03,0,864
7/7/2009 16:00,32330.67,37.22,0.83,0.45,5.32,0,704
7/7/2009 17:00,32330.71,35,0.4,0.45,3.86,0,514
7/7/2009 18:00,32330.76,32.78,-0.17,0.89,4.38,0,229
7/7/2009 19:00,32330.8,30,-1.29,0.89,4.71,0,23
7/7/2009 20:00,32330.84,26.11,-0.03,0.89,4.14,0,6
7/7/2009 21:00,32330.88,26.11,3.97,0.45,5.41,0,3
7/7/2009 22:00,32330.92,25,5.21,0.45,5.59,0,3
7/7/2009 23:00,32330.97,20.56,1.85,0.89,3.72,0,3
7/8/2009 0:00,32331,18.33,5.47,0.45,4.21,0,3
7/8/2009 1:00,32331.04,18.33,6.45,0.89,4.33,0,3
7/8/2009 2:00,32331.08,17.78,6.25,0.89,3.94,0,3
7/8/2009 3:00,32331.13,17.22,4.46,1.34,1.62,0,3
7/8/2009 4:00,32331.17,18.33,7.07,1.34,1.29,0,3
7/8/2009 5:00,32331.21,18.33,6.76,0.89,3.75,0,5
7/8/2009 6:00,32331.25,18.33,4.78,0.89,3.68,0,90
7/8/2009 7:00,32331.29,20.56,4.51,0.89,3.74,0,275
7/8/2009 8:00,32331.34,25,4.69,0.89,4.01,0,477
7/8/2009 9:00,32331.38,27.78,2.81,0.89,3.05,0,665
7/8/2009 10:00,32331.42,31.11,5.6,0.45,4.78,0,832
7/8/2009 11:00,32331.46,32.22,5.02,1.34,3.58,0,946
7/8/2009 12:00,32331.5,32.78,4.66,0.89,4.69,0,1010
7/8/2009 13:00,32331.55,33.89,2.84,0.89,4.43,0,1020
7/8/2009 14:00,32331.59,33.89,1.81,1.79,4.17,0,958
7/8/2009 15:00,32331.63,35,1.59,1.34,4.28,0,776
7/8/2009 16:00,32331.67,35,0.4,0.89,4.31,0,645
7/8/2009 17:00,32331.71,35,-0.89,0.45,4.8,0,518
7/8/2009 18:00,32331.76,32.78,3.81,0.89,4.29,0,242
7/8/2009 19:00,32331.8,28.89,4.43,0.45,4.56,0,31
7/8/2009 20:00,32331.84,25.56,4.08,0.45,4.78,0,7
7/8/2009 21:00,32331.88,25,6.68,0.45,4.31,0,2
7/8/2009 22:00,32331.92,23.33,6.55,0.45,5.38,0,3
7/8/2009 23:00,32331.97,20.56,3.23,0.89,4.87,0,3
7/9/2009 0:00,32332,18.89,6.31,0.45,4.07,0,3
7/9/2009 1:00,32332.04,18.89,6.31,0.45,4.49,0,3
7/9/2009 2:00,32332.08,18.89,5.63,0.45,4.03,0,3
7/9/2009 3:00,32332.13,18.33,4.78,0.45,4.47,0,3
7/9/2009 4:00,32332.17,18.89,8.18,1.34,3.6,0,3
7/9/2009 5:00,32332.21,17.78,5.94,0.45,3.39,0,5
7/9/2009 6:00,32332.25,21.11,9.94,0.89,0.86,0,85
7/9/2009 7:00,32332.29,20.56,4.91,0.89,4.43,0,270
7/9/2009 8:00,32332.34,26.11,6.18,0.45,3.47,0,471
7/9/2009 9:00,32332.38,29.44,5.56,0.45,5.24,0,664
7/9/2009 10:00,32332.42,30,5.36,0.89,3.51,0,829
7/9/2009 11:00,32332.46,32.78,4.66,0.89,4.73,0,947
7/9/2009 12:00,32332.5,34.44,5.17,0.89,4.22,0,1010
7/9/2009 13:00,32332.55,35.56,4.18,1.34,3.7,0,1017
7/9/2009 14:00,32332.59,36.11,2.47,0.45,1.27,0,969
7/9/2009 15:00,32332.63,37.78,2.57,0.45,2.5,0,862
7/9/2009 16:00,32332.67,35.56,0.83,0.45,4.17,0,699
7/9/2009 17:00,32332.71,36.67,0.4,0.89,3.46,0,503
7/9/2009 18:00,32332.76,33.89,1.81,0.89,4.21,0,233
7/9/2009 19:00,32332.8,30,1.54,0.45,5.99,0,28
7/9/2009 20:00,32332.84,26.11,3.97,0.89,5.03,0,6
7/9/2009 21:00,32332.88,23.89,4.75,0.89,4.47,0,3
7/9/2009 22:00,32332.92,23.89,5.24,0.45,4.26,0,3
7/9/2009 23:00,32332.97,20.56,6.79,0.45,4.49,0,3
7/10/2009 0:00,32333,20.56,5.69,0.89,3.58,0,3
7/10/2009 1:00,32333.04,20,6.29,1.34,3.67,0,3
7/10/2009 2:00,32333.08,17.78,6.86,0.45,4.52,0,3
7/10/2009 3:00,32333.13,17.78,5.62,0.89,3.89,0,3
7/10/2009 4:00,32333.17,17.78,7.15,0.45,1.68,0,3
7/10/2009 5:00,32333.21,17.78,8.56,0.45,2.58,0,5
7/10/2009 6:00,32333.25,22.22,9.01,1.34,0.93,0,86
7/10/2009 7:00,32333.29,24.44,9.18,1.34,1.34,0,267
7/10/2009 8:00,32333.34,26.11,5.11,0.89,4.42,0,472
7/10/2009 9:00,32333.38,28.89,5.09,1.34,3.91,0,662
7/10/2009 10:00,32333.42,30.56,7.76,1.34,3.32,0,825
7/10/2009 11:00,32333.46,31.67,6.77,0.45,3.75,0,939
7/10/2009 12:00,32333.5,34.44,7.64,0.45,4.31,0,1001
7/10/2009 13:00,32333.55,34.44,7.64,1.79,0.91,0,1006
7/10/2009 14:00,32333.59,37.78,5.97,0.45,3.67,0,954
7/10/2009 15:00,32333.63,38.33,5.36,0.45,1.75,0,848
7/10/2009 16:00,32333.67,38.33,6.41,0.45,5.43,0,622
7/10/2009 17:00,32333.71,36.11,4.63,0.45,4.12,0,447
7/10/2009 18:00,32333.76,32.78,5.48,1.79,4.21,0,278
7/10/2009 19:00,32333.8,31.11,5.6,0.89,4.87,0,57
7/10/2009 20:00,32333.84,27.78,5.39,1.34,4.96,0,6
7/10/2009 21:00,32333.88,26.11,4.55,0.45,4,0,2
7/10/2009 22:00,32333.92,25.56,5.17,0.45,4.17,0,3
7/10/2009 23:00,32333.97,21.67,6.3,0.45,5.78,0,3
7/11/2009 0:00,32334,22.22,4.7,1.34,4.29,0,3
7/11/2009 1:00,32334.04,22.22,4.7,0.45,3.86,0,3
7/11/2009 2:00,32334.08,20.56,3.23,0.45,4.54,0,3
7/11/2009 3:00,32334.13,20.56,6.07,0,3.49,0,3
7/11/2009 4:00,32334.17,20.56,8.48,1.34,1.12,0,3
7/11/2009 5:00,32334.21,21.11,10.54,1.79,1.45,0,4
7/11/2009 6:00,32334.25,23.33,10.7,1.34,1.59,0,77
7/11/2009 7:00,32334.29,25.56,10.57,0.89,1.22,0,254
7/11/2009 8:00,32334.34,28.89,6.34,0.89,3.91,0,449
7/11/2009 9:00,32334.38,30,7.88,0.45,2.58,0,639
7/11/2009 10:00,32334.42,31.67,8.09,0.45,2.44,0,798
7/11/2009 11:00,32334.46,33.89,8.63,0.89,4.15,0,872
7/11/2009 12:00,32334.5,37.22,7.43,0.45,0.35,0,970
7/11/2009 13:00,32334.55,36.67,6.05,1.34,3.8,0,981
7/11/2009 14:00,32334.59,38.33,5.36,0.45,5.04,0,930
7/11/2009 15:00,32334.63,38.89,6.86,1.34,2.5,0,784
7/11/2009 16:00,32334.67,38.89,5.8,1.34,4,0,665
7/11/2009 17:00,32334.71,38.33,5.36,1.79,4.22,0,477
7/11/2009 18:00,32334.76,33.89,7.92,4.02,4.59,0,220
7/11/2009 19:00,32334.8,30.56,7.14,1.34,4.66,0,26
7/11/2009 20:00,32334.84,27.78,7.62,0.89,4.31,0,5
7/11/2009 21:00,32334.88,25.56,7.63,0.89,4.24,0,2
7/11/2009 22:00,32334.92,23.89,6.61,0.45,4.78,0,3
7/11/2009 23:00,32334.97,23.33,5.22,0.45,3.56,0,3
7/12/2009 0:00,32335,21.67,6.69,0.89,3.7,0,3
7/12/2009 1:00,32335.04,20.56,5.3,0.45,5.46,0,3
7/12/2009 2:00,32335.08,20,5.57,0.89,4.42,0,3
7/12/2009 3:00,32335.13,19.44,6.81,1.34,1.54,0,3
7/12/2009 4:00,32335.17,20.56,7.83,1.34,1.94,0,3
7/12/2009 5:00,32335.21,19.44,6.48,0.89,3.89,0,4
7/12/2009 6:00,32335.25,22.22,6.4,0.45,3.53,0,75
7/12/2009 7:00,32335.29,26.67,9.07,0.89,2.93,0,249
7/12/2009 8:00,32335.34,26.11,9.02,1.34,3.28,0,445
7/12/2009 9:00,32335.38,27.78,8.64,0.45,4.1,0,634
7/12/2009 10:00,32335.42,30.56,9.49,2.24,3.47,0,793
7/12/2009 11:00,32335.46,33.33,10.13,2.24,3.89,0,911
7/12/2009 12:00,32335.5,35.56,10.03,1.34,4.94,0,976
7/12/2009 13:00,32335.55,37.78,8.77,0.89,4.35,0,982
7/12/2009 14:00,32335.59,37.22,3.35,1.34,4.22,0,942
7/12/2009 15:00,32335.63,37.78,3.79,1.79,4.21,0,837
7/12/2009 16:00,32335.67,37.78,2.57,0.89,4.73,0,679
7/12/2009 17:00,32335.71,36.67,4.03,0.89,4.36,0,489
7/12/2009 18:00,32335.76,32.78,0.93,1.34,4.89,0,191
7/12/2009 19:00,32335.8,30,-0.29,0.89,5.9,0,23
7/12/2009 20:00,32335.84,28.89,1.47,0.45,4.42,0,5
7/12/2009 21:00,32335.88,26.67,1.88,0.45,4.36,0,2
7/12/2009 22:00,32335.92,25,1.81,0.89,4.03,0,3
7/12/2009 23:00,32335.97,23.33,7.39,0.45,4.28,0,3
7/13/2009 0:00,32336,22.78,-0.07,0.45,4.31,0,3
7/13/2009 1:00,32336.04,21.67,0.18,1.34,3.77,0,3
7/13/2009 2:00,32336.08,20,0.37,0.45,4.45,0,3
7/13/2009 3:00,32336.13,18.89,1.32,0.89,4.15,0,3
7/13/2009 4:00,32336.17,19.44,2.69,0.89,3.4,0,3
7/13/2009 5:00,32336.21,19.44,2.69,0.89,4.05,0,5
7/13/2009 6:00,32336.25,20.56,2.78,1.34,4.01,0,79
7/13/2009 7:00,32336.29,22.22,3.3,0.45,3.67,0,252
7/13/2009 8:00,32336.34,26.11,4.55,2.68,3.49,0,448
7/13/2009 9:00,32336.38,28.33,7.02,0.89,3.3,0,633
7/13/2009 10:00,32336.42,30.56,7.14,0.89,3.61,0,793
7/13/2009 11:00,32336.46,32.78,6.99,1.79,3.56,0,915
7/13/2009 12:00,32336.5,33.89,6.4,1.34,4.38,0,974
7/13/2009 13:00,32336.55,36.67,7.86,0.89,0.26,0,983
7/13/2009 14:00,32336.59,37.22,6.5,0.45,1.2,0,935
7/13/2009 15:00,32336.63,37.22,6.5,1.34,4.14,0,825
7/13/2009 16:00,32336.67,36.67,5.07,0.89,5.11,0,669
7/13/2009 17:00,32336.71,35.56,5.15,2.24,4.26,0,479
7/13/2009 18:00,32336.76,34.44,5.17,1.34,4.1,0,224
7/13/2009 19:00,32336.8,31.11,5.6,0.45,3.86,0,29
7/13/2009 20:00,32336.84,29.44,5.56,0,4.42,0,6
7/13/2009 21:00,32336.88,27.22,3.69,0.45,5.29,0,2
7/13/2009 22:00,32336.92,26.11,3.97,0.45,3.98,0,3
7/13/2009 23:00,32336.97,23.89,1.48,0.45,4.31,0,3
7/14/2009 0:00,32337,23.89,7.47,1.79,1.75,0,3
7/14/2009 1:00,32337.04,24.44,11.03,1.79,1.19,0,3
7/14/2009 2:00,32337.08,21.67,8.84,0.89,3.93,0,3
7/14/2009 3:00,32337.13,23.33,11.36,1.79,1.26,0,3
7/14/2009 4:00,32337.17,23.33,11.99,2.24,1.45,0,3
7/14/2009 5:00,32337.21,23.33,11.99,2.68,1.68,0,4
7/14/2009 6:00,32337.25,24.44,12.05,1.79,1.22,0,74
7/14/2009 7:00,32337.29,27.22,10.44,1.34,1.06,0,249
7/14/2009 8:00,32337.34,31.67,9.89,0.45,3.75,0,450
7/14/2009 9:00,32337.38,31.11,8.24,0.89,3.82,0,644
7/14/2009 10:00,32337.42,32.78,7.7,0.89,3.75,0,810
7/14/2009 11:00,32337.46,35,6.49,3.13,3.53,0,932
7/14/2009 12:00,32337.5,36.67,6.05,1.79,3.53,0,995
7/14/2009 13:00,32337.55,38.89,5.8,0.45,5.13,0,1005
7/14/2009 14:00,32337.59,39.44,8.3,0.89,0.47,0,946
7/14/2009 15:00,32337.63,41.67,8.01,1.34,4.29,0,837
7/14/2009 16:00,32337.67,42.22,7.3,1.34,3.84,0,678
7/14/2009 17:00,32337.71,39.44,5.1,0.89,4.38,0,486
7/14/2009 18:00,32337.76,38.33,5.36,0.45,4.56,0,225
7/14/2009 19:00,32337.8,35.56,4.18,0.89,4.29,0,25
7/14/2009 20:00,32337.84,31.67,2,0.45,5.74,0,5
7/14/2009 21:00,32337.88,31.67,3.75,0.45,6.04,0,2
7/14/2009 22:00,32337.92,30,1.54,0.45,4.96,0,2
7/14/2009 23:00,32337.97,26.11,5.11,0.45,3.6,0,3
7/15/2009 0:00,32338,26.67,9.51,1.34,1.31,0,3
7/15/2009 1:00,32338.04,26.11,6.69,1.79,1.29,0,3
7/15/2009 2:00,32338.08,25,12.22,2.24,1.41,0,3
7/15/2009 3:00,32338.13,25.56,10.95,2.68,1.41,0,3
7/15/2009 4:00,32338.17,25,10.07,2.68,1.36,0,3
7/15/2009 5:00,32338.21,25.56,7.17,0.45,3.07,0,4
7/15/2009 6:00,32338.25,25.56,9.78,2.68,1.43,0,76
7/15/2009 7:00,32338.29,28.33,9.61,1.34,1.64,0,254
7/15/2009 8:00,32338.34,33.89,9.97,0.45,5.27,0,454
7/15/2009 9:00,32338.38,35.56,6.95,0.45,3.77,0,650
7/15/2009 10:00,32338.42,37.22,9.15,0.89,3.82,0,816
7/15/2009 11:00,32338.46,37.78,8.77,0,5.85,0,932
7/15/2009 12:00,32338.5,40,8.75,2.24,3.44,0,992
7/15/2009 13:00,32338.55,42.22,9.54,1.34,0.87,0,998
7/15/2009 14:00,32338.59,41.11,7.57,0.45,5.55,0,946
7/15/2009 15:00,32338.63,42.78,7.74,0.89,5.65,0,836
7/15/2009 16:00,32338.67,43.89,6,0.89,3.37,0,679
7/15/2009 17:00,32338.71,42.22,7.3,0.89,4.66,0,488
7/15/2009 18:00,32338.76,40.56,7.13,0.89,3.96,0,226
7/15/2009 19:00,32338.8,36.11,7.4,0.45,3.96,0,27
7/15/2009 20:00,32338.84,33.33,6.71,0.89,4.82,0,5
7/15/2009 21:00,32338.88,31.67,6.06,0.89,2.97,0,2
7/15/2009 22:00,32338.92,31.11,5.6,0.45,4.43,0,2
7/15/2009 23:00,32338.97,27.78,2.81,0.45,4.82,0,2
7/16/2009 0:00,32339,28.89,10.57,1.79,1.34,0,2
7/16/2009 1:00,32339.04,26.67,11.57,0.89,1.57,0,3
7/16/2009 2:00,32339.08,26.67,7.17,0.45,2.23,0,3
7/16/2009 3:00,32339.13,25.56,8.09,0.45,3.56,0,3
7/16/2009 4:00,32339.17,25.56,15.83,1.34,0.75,0,3
7/16/2009 5:00,32339.21,25.56,12.39,1.79,1.13,0,4
7/16/2009 6:00,32339.25,28.33,14.57,0.89,0.96,0,75
7/16/2009 7:00,32339.29,28.33,11.85,1.34,0.91,0,257
7/16/2009 8:00,32339.34,33.33,8.85,0.45,3.6,0,459
7/16/2009 9:00,32339.38,35,9.57,0.45,4.31,0,650
7/16/2009 10:00,32339.42,36.67,7.86,0.89,3.6,0,816
7/16/2009 11:00,32339.46,39.44,9.25,1.34,3.3,0,935
7/16/2009 12:00,32339.5,41.67,9.09,0.89,4.36,0,994
7/16/2009 13:00,32339.55,41.67,9.09,0.45,4.64,0,994
7/16/2009 14:00,32339.59,42.78,8.9,1.34,4.76,0,935
7/16/2009 15:00,32339.63,44.44,9.06,0.45,5.93,0,827
7/16/2009 16:00,32339.67,42.78,7.74,1.79,4.22,0,662
7/16/2009 17:00,32339.71,42.22,6.05,1.79,4.22,0,473
7/16/2009 18:00,32339.76,40,5.54,2.24,4.68,0,223
7/16/2009 19:00,32339.8,37.78,4.91,0.45,4.75,0,26
7/16/2009 20:00,32339.84,33.33,6.71,1.34,4.64,0,5
7/16/2009 21:00,32339.88,32.22,6.53,0.45,4.78,0,2
7/16/2009 22:00,32339.92,30,6.03,0.45,4.31,0,2
7/16/2009 23:00,32339.97,28.89,5.09,0,5.34,0,2
7/17/2009 0:00,32340,28.33,7.57,1.79,1.41,0,2
7/17/2009 1:00,32340.04,27.22,10,0.89,1.24,0,2
7/17/2009 2:00,32340.08,26.11,12.9,2.24,1.2,0,3
7/17/2009 3:00,32340.13,26.67,12.69,1.34,1.57,0,3
7/17/2009 4:00,32340.17,24.44,6.66,0.45,2.3,0,3
7/17/2009 5:00,32340.21,25,12.89,1.79,1.19,0,4
7/17/2009 6:00,32340.25,26.67,11.95,1.79,0.96,0,67
7/17/2009 7:00,32340.29,30,13.34,0.89,0.79,0,239
7/17/2009 8:00,32340.34,33.89,10.61,0.45,3.7,0,440
7/17/2009 9:00,32340.38,33.33,11.89,0.45,4.15,0,628
7/17/2009 10:00,32340.42,37.22,12.13,1.34,3.65,0,786
7/17/2009 11:00,32340.46,38.89,10.53,0.89,3.93,0,905
7/17/2009 12:00,32340.5,40.56,11.05,1.34,3.79,0,969
7/17/2009 13:00,32340.55,42.22,10.55,1.34,3.96,0,981
7/17/2009 14:00,32340.59,42.22,9.54,2.24,3.82,0,923
7/17/2009 15:00,32340.63,42.78,6.49,1.79,4.24,0,813
7/17/2009 16:00,32340.67,42.78,5.14,3.13,4.42,0,658
7/17/2009 17:00,32340.71,42.22,8.46,1.34,3.84,0,466
7/17/2009 18:00,32340.76,40.56,9.2,0.89,4.26,0,216
7/17/2009 19:00,32340.8,37.78,6.95,1.34,5.03,0,30
7/17/2009 20:00,32340.84,34.44,6.03,0.45,4.5,0,5
7/17/2009 21:00,32340.88,32.78,6.99,0.45,4.49,0,2
7/17/2009 22:00,32340.92,31.11,6.97,0.89,4.08,0,2
7/17/2009 23:00,32340.97,29.44,6.82,0.89,3.79,0,2
7/18/2009 0:00,32341,27.78,9.59,0,3.89,0,2
7/18/2009 1:00,32341.04,27.78,10.05,2.24,1.61,0,2
7/18/2009 2:00,32341.08,27.22,10.44,0.45,1.66,0,3
7/18/2009 3:00,32341.13,27.22,14.26,1.79,1.2,0,3
7/18/2009 4:00,32341.17,27.22,11.67,2.68,1.43,0,2
7/18/2009 5:00,32341.21,26.11,13.58,1.79,1.48,0,4
7/18/2009 6:00,32341.25,29.44,7.98,0.45,1.82,0,62
7/18/2009 7:00,32341.29,32.78,7.7,0.45,0.93,0,214
7/18/2009 8:00,32341.34,34.44,10.45,0.89,5.48,0,426
7/18/2009 9:00,32341.38,35.56,12.03,0.45,1.75,0,618
7/18/2009 10:00,32341.42,36.67,11.66,2.68,3.49,0,784
7/18/2009 11:00,32341.46,38.33,10.87,2.24,3.39,0,862
7/18/2009 12:00,32341.5,39.44,9.25,1.34,3.47,0,961
7/18/2009 13:00,32341.55,43.33,11.45,0.45,4.15,0,967
7/18/2009 14:00,32341.59,41.11,10.61,0.45,2.09,0,914
7/18/2009 15:00,32341.63,45.56,13.25,1.79,0.23,0,803
7/18/2009 16:00,32341.67,44.44,4.94,0.89,4.4,0,652
7/18/2009 17:00,32341.71,42.78,3.66,0.89,4.56,0,464
7/18/2009 18:00,32341.76,41.67,2.81,1.34,4.52,0,218
7/18/2009 19:00,32341.8,37.78,-0.17,0.89,4.83,0,29
7/18/2009 20:00,32341.84,34.44,6.03,0.45,4.05,0,5
7/18/2009 21:00,32341.88,32.78,3.81,0.89,4.19,0,2
7/18/2009 22:00,32341.92,30.56,2,0.89,4.26,0,2
7/18/2009 23:00,32341.97,28.89,7.5,0.45,5.17,0,2
7/19/2009 0:00,32342,30.56,7.76,1.79,1.15,0,2
7/19/2009 1:00,32342.04,28.33,10.54,1.34,1.13,0,2
7/19/2009 2:00,32342.08,28.33,12.26,1.79,1.24,0,3
7/19/2009 3:00,32342.13,27.22,10,1.34,1.41,0,2
7/19/2009 4:00,32342.17,27.22,11.67,2.68,1.4,0,3
7/19/2009 5:00,32342.21,27.22,12.83,3.13,1.36,0,4
7/19/2009 6:00,32342.25,28.33,14.2,2.24,1.31,0,59
7/19/2009 7:00,32342.29,30.56,11.56,2.68,1.24,0,234
7/19/2009 8:00,32342.34,35.56,10.03,0.45,3.77,0,430
7/19/2009 9:00,32342.38,36.11,11.19,0.89,2.46,0,619
7/19/2009 10:00,32342.42,38.89,11.33,0.89,4.69,0,777
7/19/2009 11:00,32342.46,41.11,10.61,0.89,4.22,0,893
7/19/2009 12:00,32342.5,43.33,10.43,0.45,3.8,0,961
7/19/2009 13:00,32342.55,43.89,9.79,1.79,3.96,0,983
7/19/2009 14:00,32342.59,46.11,9.1,0.89,2.5,0,922
7/19/2009 15:00,32342.63,46.67,4.97,1.79,4.29,0,805
7/19/2009 16:00,32342.67,46.11,6.21,0.45,4.19,0,648
7/19/2009 17:00,32342.71,44.44,7.79,1.34,4.22,0,453
7/19/2009 18:00,32342.76,42.78,3.66,3.58,4.94,0,211
7/19/2009 19:00,32342.8,40,1.53,0.89,4.71,0,31
7/19/2009 20:00,32342.84,36.11,9.78,0.45,4.36,0,5
7/19/2009 21:00,32342.88,34.44,9.79,0.45,3.54,0,2
7/19/2009 22:00,32342.92,32.22,7.91,0.45,3.94,0,2
7/19/2009 23:00,32342.97,30,2.38,1.34,1.45,0,2
7/20/2009 0:00,32343,27.78,10.05,0.89,1.76,0,2
7/20/2009 1:00,32343.04,27.78,8.64,1.34,1.88,0,3
7/20/2009 2:00,32343.08,28.33,12.67,1.34,1.05,0,3
7/20/2009 3:00,32343.13,27.78,12.57,1.79,1.31,0,3
7/20/2009 4:00,32343.17,25.56,11.68,0.89,1.88,0,3
7/20/2009 5:00,32343.21,25,10.07,0.45,4.19,0,3
7/20/2009 6:00,32343.25,27.22,13.91,0.89,1.17,0,52
7/20/2009 7:00,32343.29,30,15.72,0.89,1.12,0,223
7/20/2009 8:00,32343.34,33.89,11.81,0.45,3.39,0,426
7/20/2009 9:00,32343.38,35,10.92,0.45,4.01,0,618
7/20/2009 10:00,32343.42,38.33,10.07,0.45,4.59,0,782
7/20/2009 11:00,32343.46,40,7.75,0.45,5.97,0,907
7/20/2009 12:00,32343.5,41.67,4.28,0.89,1.57,0,972
7/20/2009 13:00,32343.55,43.33,2.45,0.89,3.84,0,985
7/20/2009 14:00,32343.59,43.33,-3.83,1.34,4.29,0,936
7/20/2009 15:00,32343.63,42.22,-7.47,1.79,4.68,0,831
7/20/2009 16:00,32343.67,42.22,-4.63,2.24,4.22,0,672
7/20/2009 17:00,32343.71,41.11,-3.07,2.68,4.97,0,479
7/20/2009 18:00,32343.76,40,-0.07,1.34,4.85,0,221
7/20/2009 19:00,32343.8,35.56,4.18,0.89,3.91,0,25
7/20/2009 20:00,32343.84,31.67,2,0.45,4.31,0,5
7/20/2009 21:00,32343.88,29.44,3.48,0.45,3.61,0,2
7/20/2009 22:00,32343.92,29.44,3.48,0.45,3.94,0,2
7/20/2009 23:00,32343.97,28.89,9.11,0.89,4.12,0,2
7/21/2009 0:00,32344,26.11,-0.03,0.89,4.49,0,3
7/21/2009 1:00,32344.04,25.56,9.78,2.68,1.2,0,3
7/21/2009 2:00,32344.08,25.56,10.18,2.24,1.59,0,3
7/21/2009 3:00,32344.13,24.44,8.38,1.34,1.78,0,3
7/21/2009 4:00,32344.17,24.44,8.78,1.79,1.69,0,3
7/21/2009 5:00,32344.21,23.33,9.31,0.89,1.61,0,3
7/21/2009 6:00,32344.25,22.22,4.7,0.89,2.41,0,50
7/21/2009 7:00,32344.29,26.67,6.66,0.45,2.74,0,229
7/21/2009 8:00,32344.34,32.22,10.37,0.45,4.36,0,437
7/21/2009 9:00,32344.38,32.78,9.66,1.34,3.74,0,633
7/21/2009 10:00,32344.42,33.33,8.17,0.89,3,0,797
7/21/2009 11:00,32344.46,36.11,7.4,1.34,4.28,0,916
7/21/2009 12:00,32344.5,37.78,5.97,0.89,4.52,0,979
7/21/2009 13:00,32344.55,38.89,7.85,1.79,0.56,0,982
7/21/2009 14:00,32344.59,41.11,2.38,0.89,2.48,0,936
7/21/2009 15:00,32344.63,41.11,0.77,1.79,4.8,0,836
7/21/2009 16:00,32344.67,40.56,1.96,0.45,5.86,0,676
7/21/2009 17:00,32344.71,40,2.98,0.45,5.01,0,482
7/21/2009 18:00,32344.76,37.78,-0.17,3.13,4.42,0,222
7/21/2009 19:00,32344.8,34.44,-0.04,0.89,4.47,0,23
7/21/2009 20:00,32344.84,30.56,7.76,0.89,4.28,0,4
7/21/2009 21:00,32344.88,27.78,7.09,0.45,3.86,0,2
7/21/2009 22:00,32344.92,26.11,7.66,0.45,3.35,0,2
7/21/2009 23:00,32344.97,27.22,0.89,0.89,4.19,0,2
7/22/2009 0:00,32345,24.44,9.18,0.45,3.98,0,3
7/22/2009 1:00,32345.04,24.44,9.18,0.89,3.51,0,3
7/22/2009 2:00,32345.08,22.78,8.44,1.34,3.86,0,3
7/22/2009 3:00,32345.13,22.22,8.66,0.89,3.98,0,3
7/22/2009 4:00,32345.17,21.67,10.45,0.45,2.02,0,3
7/22/2009 5:00,32345.21,20.56,9.12,1.34,2.04,0,4
7/22/2009 6:00,32345.25,23.33,7.79,0.45,3.7,0,52
7/22/2009 7:00,32345.29,22.78,7.29,0.45,3.93,0,232
7/22/2009 8:00,32345.34,28.89,9.11,0.89,4.33,0,437
7/22/2009 9:00,32345.38,30,9.01,1.34,2.84,0,629
7/22/2009 10:00,32345.42,32.22,10.37,0.89,2.88,0,791
7/22/2009 11:00,32345.46,35,9.57,0.45,1.47,0,907
7/22/2009 12:00,32345.5,38.33,11.64,0.45,2.22,0,970
7/22/2009 13:00,32345.55,40,9.7,0.45,5.27,0,981
7/22/2009 14:00,32345.59,38.89,5.8,1.79,3.67,0,915
7/22/2009 15:00,32345.63,39.44,5.1,0.89,1.87,0,823
7/22/2009 16:00,32345.67,40,5.54,1.34,4.89,0,676
7/22/2009 17:00,32345.71,37.78,2.57,1.79,4.96,0,459
7/22/2009 18:00,32345.76,36.67,1.7,1.34,4.05,0,232
7/22/2009 19:00,32345.8,34.44,3.29,0.45,5.64,0,31
7/22/2009 20:00,32345.84,31.11,3.3,0.45,4.01,0,6
7/22/2009 21:00,32345.88,30.56,5.13,1.34,4.78,0,2
7/22/2009 22:00,32345.92,29.44,11.52,0.89,4.52,0,2
7/22/2009 23:00,32345.97,25.56,9.78,1.34,4.24,0,2
7/23/2009 0:00,32346,26.11,12.19,0.45,5.39,0,3
7/23/2009 1:00,32346.04,23.89,12.19,0.45,3.7,0,3
7/23/2009 2:00,32346.08,22.78,11.47,0.45,4.22,0,3
7/23/2009 3:00,32346.13,22.22,10.96,0.89,4.45,0,3
7/23/2009 4:00,32346.17,22.78,13.24,1.34,1.4,0,3
7/23/2009 5:00,32346.21,23.33,13.19,0.89,4.01,0,3
7/23/2009 6:00,32346.25,22.78,11.47,0.89,4.03,0,30
7/23/2009 7:00,32346.29,25,11.18,0.89,3.6,0,219
7/23/2009 8:00,32346.34,29.44,11.52,0.89,3.96,0,433
7/23/2009 9:00,32346.38,32.22,10.93,0.89,3.54,0,635
7/23/2009 10:00,32346.42,34.44,10.45,0.89,4.66,0,778
7/23/2009 11:00,32346.46,37.78,9.61,0.45,4.43,0,900
7/23/2009 12:00,32346.5,38.33,6.41,0.45,2.36,0,974
7/23/2009 13:00,32346.55,39.44,3.88,1.34,4.17,0,982
7/23/2009 14:00,32346.59,40.56,0.35,1.79,4.22,0,932
7/23/2009 15:00,32346.63,41.11,5.18,0.89,4.61,0,818
7/23/2009 16:00,32346.67,40,5.54,1.34,3.89,0,654
7/23/2009 17:00,32346.71,38.33,5.36,1.34,3.93,0,459
7/23/2009 18:00,32346.76,37.78,1.26,0.89,4.33,0,208
7/23/2009 19:00,32346.8,34.44,4.25,0.89,5.18,0,25
7/23/2009 20:00,32346.84,31.67,3.75,0.89,4.83,0,4
7/23/2009 21:00,32346.88,28.89,8.05,0.89,4.07,0,2
7/23/2009 22:00,32346.92,26.67,9.51,0.45,3.65,0,2
7/23/2009 23:00,32346.97,27.78,12.57,0.89,3.94,0,2
7/24/2009 0:00,32347,22.78,11.78,0.45,4.63,0,3
7/24/2009 1:00,32347.04,21.11,13.01,0.45,4.28,0,3
7/24/2009 2:00,32347.08,21.11,13.01,0.89,4.21,0,3
7/24/2009 3:00,32347.13,20,12.21,1.34,4.26,0,3
7/24/2009 4:00,32347.17,21.67,14.29,0.45,6.23,0,3
7/24/2009 5:00,32347.21,20,10.91,0.89,4.05,0,3
7/24/2009 6:00,32347.25,20.56,10.02,1.34,4.24,0,47
7/24/2009 7:00,32347.29,27.22,12.45,0.45,3.68,0,233
7/24/2009 8:00,32347.34,26.67,10.77,0.45,2.51,0,435
7/24/2009 9:00,32347.38,30,10.58,0.89,3.84,0,624
7/24/2009 10:00,32347.42,31.67,11,0.45,0.8,0,785
7/24/2009 11:00,32347.46,34.44,10.45,0.45,4.14,0,911
7/24/2009 12:00,32347.5,37.78,9.61,0.45,2.65,0,967
7/24/2009 13:00,32347.55,37.78,6.95,1.34,4.14,0,989
7/24/2009 14:00,32347.59,38.89,5.8,2.68,4.1,0,938
7/24/2009 15:00,32347.63,38.89,4.66,1.34,4.4,0.11,827
7/24/2009 16:00,32347.67,38.33,5.36,1.34,4.29,0.22,663
7/24/2009 17:00,32347.71,37.78,3.79,1.34,3.98,0.33,468
7/24/2009 18:00,32347.76,35.56,3.14,0.45,1.05,0.44,213
7/24/2009 19:00,32347.8,32.22,5.79,0.89,4.29,0.55,25
7/24/2009 20:00,32347.84,28.33,10.54,1.34,4.52,0.66,4
7/24/2009 21:00,32347.88,25.56,11.32,0.89,4.56,0.77,2
7/24/2009 22:00,32347.92,23.89,11.87,1.34,4.14,0.88,3
7/24/2009 23:00,32347.97,26.11,10.28,0.45,4.35,0,2
7/25/2009 0:00,32348,20.56,12.23,0.89,4.15,1.1,3
7/25/2009 1:00,32348.04,19.44,12.66,1.34,4.22,1.21,3
7/25/2009 2:00,32348.08,19.44,12.66,1.34,4.19,1.32,3
7/25/2009 3:00,32348.13,20,12.7,0.45,4,1.43,3
7/25/2009 4:00,32348.17,18.89,12.36,0.89,3.74,1.54,3
7/25/2009 5:00,32348.21,18.33,12.06,0.45,3.53,1.65,4
7/25/2009 6:00,32348.25,18.89,11.65,0.45,3.89,1.76,51
7/25/2009 7:00,32348.29,21.11,11.68,0.89,4.07,1.87,230
7/25/2009 8:00,32348.34,24.44,12.05,0.45,3.46,1.98,431
7/25/2009 9:00,32348.38,26.67,11.95,0.45,4.49,2.09,623
7/25/2009 10:00,32348.42,30,12.01,0.89,4.89,2.2,722
7/25/2009 11:00,32348.46,30.56,12.5,0.45,5.03,2.31,706
7/25/2009 12:00,32348.5,33.89,11.81,0.89,3.96,2.42,889
7/25/2009 13:00,32348.55,35.56,9.31,1.34,3.86,1.06,868
7/25/2009 14:00,32348.59,38.33,9.23,0.89,4.24,0,901
7/25/2009 15:00,32348.63,39.44,9.25,0.45,1.38,0,828
7/25/2009 16:00,32348.67,39.44,9.25,0.89,4.38,0,665
7/25/2009 17:00,32348.71,37.22,6.5,1.79,4.01,0,471
7/25/2009 18:00,32348.76,35,7.31,0.89,6.27,0,222
7/25/2009 19:00,32348.8,32.78,8.38,0.45,4.1,0,23
7/25/2009 20:00,32348.84,28.89,8.05,0.89,4.29,0,4
7/25/2009 21:00,32348.88,28.33,9.61,0.45,4.29,0,2
7/25/2009 22:00,32348.92,27.22,10,0.89,3.89,0,3
7/25/2009 23:00,32348.97,23.33,12.89,0.45,4.12,0.99,3
7/26/2009 0:00,32349,25,10.82,0.89,1.54,0,3
7/26/2009 1:00,32349.04,24.44,9.57,1.34,1.48,0,3
7/26/2009 2:00,32349.08,25.56,12.04,2.68,1.34,0,3
7/26/2009 3:00,32349.13,23.89,10.87,1.79,1.5,0,3
7/26/2009 4:00,32349.17,23.89,12.19,2.24,1.13,0,3
7/26/2009 5:00,32349.21,23.89,11.87,1.79,1.33,0,3
7/26/2009 6:00,32349.25,25.56,12.39,2.68,1.29,0,46
7/26/2009 7:00,32349.29,27.78,10.05,2.24,1.15,0,223
7/26/2009 8:00,32349.34,31.67,9.89,0.89,3.46,0,426
7/26/2009 9:00,32349.38,32.22,9.79,0.45,3.54,0,620
7/26/2009 10:00,32349.42,35.56,11.39,0.89,4.15,0,788
7/26/2009 11:00,32349.46,37.22,11.43,0.89,2.25,0,909
7/26/2009 12:00,32349.5,37.78,9.61,0.45,5.59,0,974
7/26/2009 13:00,32349.55,40,7.75,0.45,5.04,0,978
7/26/2009 14:00,32349.59,41.11,6.42,0.89,4.4,0,927
7/26/2009 15:00,32349.63,41.67,2.81,0.89,4.45,0,819
7/26/2009 16:00,32349.67,41.67,1.19,1.34,4.29,0,658
7/26/2009 17:00,32349.71,41.11,-1.03,1.34,3.82,0,453
7/26/2009 18:00,32349.76,37.78,4.91,0.89,4.1,0,213
7/26/2009 19:00,32349.8,33.89,7.92,0.45,3.11,0,29
7/26/2009 20:00,32349.84,31.67,4.56,0.45,4.69,0,5
7/26/2009 21:00,32349.88,30.56,6.5,0.45,4.14,0,2
7/26/2009 22:00,32349.92,28.33,7.02,0.89,3.77,0,2
7/26/2009 23:00,32349.97,26.11,10.28,0.89,1.54,0,3
7/27/2009 0:00,32350,27.22,9.1,0.89,1.59,0,3
7/27/2009 1:00,32350.04,25.56,9.78,1.34,1.68,0,3
7/27/2009 2:00,32350.08,26.67,11.57,1.79,1.52,0,3
7/27/2009 3:00,32350.13,25,11.18,0.45,2.13,0,3
7/27/2009 4:00,32350.17,25,13.53,1.79,0.89,0,3
7/27/2009 5:00,32350.21,25.56,10.18,3.13,1.22,0,3
7/27/2009 6:00,32350.25,26.67,11.95,4.02,1.24,0,44
7/27/2009 7:00,32350.29,30,12.01,1.34,1.19,0,199
7/27/2009 8:00,32350.34,32.22,9.79,0.45,0.02,0,423
7/27/2009 9:00,32350.38,33.89,8.63,0.89,3.67,0,611
7/27/2009 10:00,32350.42,36.11,9.78,1.34,4.36,0,765
7/27/2009 11:00,32350.46,37.78,10.41,1.34,4.31,0,863
7/27/2009 12:00,32350.5,40,10.6,0.89,2.79,0,934
7/27/2009 13:00,32350.55,40,6.68,0.89,4.26,0,950
7/27/2009 14:00,32350.59,41.67,6.86,1.34,4.22,0,901
7/27/2009 15:00,32350.63,42.22,3.23,0.45,3.44,0,802
7/27/2009 16:00,32350.67,41.67,4.28,1.79,4.14,0,642
7/27/2009 17:00,32350.71,40.56,4.75,0.89,4.89,0,441
7/27/2009 18:00,32350.76,38.33,3.01,1.34,4.17,0,208
7/27/2009 19:00,32350.8,35.56,3.14,1.79,4.66,0,31
7/27/2009 20:00,32350.84,33.89,4.71,1.34,5.04,0,4
7/27/2009 21:00,32350.88,31.11,5.6,0.45,3.6,0,2
7/27/2009 22:00,32350.92,31.67,8.71,0.89,5.6,0,2
7/27/2009 23:00,32350.97,28.33,9.12,0.89,3.47,0,2
7/28/2009 0:00,32351,28.89,9.11,1.34,1.62,0,2
7/28/2009 1:00,32351.04,27.78,11.35,2.24,1.43,0,2
7/28/2009 2:00,32351.08,28.33,11.42,2.68,1.27,0,3
7/28/2009 3:00,32351.13,26.67,7.17,0.89,2.97,0,3
7/28/2009 4:00,32351.17,25.56,7.17,0.45,0.96,0,3
7/28/2009 5:00,32351.21,25.56,12.73,0.89,1.26,0,3
7/28/2009 6:00,32351.25,26.67,11.95,2.68,1.52,0,35
7/28/2009 7:00,32351.29,27.78,12.17,2.24,1.17,0,112
7/28/2009 8:00,32351.34,32.78,10.26,0.45,3.74,0,377
7/28/2009 9:00,32351.38,34.44,10.45,0.45,3.44,0,644
7/28/2009 10:00,32351.42,35.56,9.31,1.34,3.86,0,774
7/28/2009 11:00,32351.46,37.78,8.77,1.34,3.3,0,896
7/28/2009 12:00,32351.5,40,10.6,1.34,4.17,0,975
7/28/2009 13:00,32351.55,41.11,9.65,0.89,4,0,969
7/28/2009 14:00,32351.59,41.11,7.57,0.89,3.84,0,925
7/28/2009 15:00,32351.63,41.67,5.62,0.45,1.26,0,824
7/28/2009 16:00,32351.67,42.22,6.05,1.79,3.93,0,661
7/28/2009 17:00,32351.71,42.22,6.05,0.45,4.26,0,463
7/28/2009 18:00,32351.76,38.89,7.85,0.89,4.71,0,216
7/28/2009 19:00,32351.8,34.44,11.69,0.45,4.66,0,26
7/28/2009 20:00,32351.84,31.11,12.05,0.89,4.19,0,4
7/28/2009 21:00,32351.88,28.89,12.34,0.89,4.5,0,2
7/28/2009 22:00,32351.92,26.67,14.09,1.34,5.83,0,2
7/28/2009 23:00,32351.97,29.44,13.26,1.79,1.31,0,2
7/29/2009 0:00,32352,24.44,15.35,0.89,4.03,0,3
7/29/2009 1:00,32352.04,22.78,16.07,0.45,4.54,0,3
7/29/2009 2:00,32352.08,21.11,15.4,0.89,3.77,0,3
7/29/2009 3:00,32352.13,20.56,14.18,0.45,3,0,3
7/29/2009 4:00,32352.17,20.56,14.18,0.45,1.34,0,3
7/29/2009 5:00,32352.21,20,13.65,0.89,4.17,0,3
7/29/2009 6:00,32352.25,21.11,13.26,0.89,3.91,0,38
7/29/2009 7:00,32352.29,23.89,14.28,0.89,4.45,0,220
7/29/2009 8:00,32352.34,27.22,14.6,0.45,5.74,0,456
7/29/2009 9:00,32352.38,28.33,14.57,1.34,3.7,0,566
7/29/2009 10:00,32352.42,28.89,14.71,0.89,3.6,0,589
7/29/2009 11:00,32352.46,33.33,14.48,0.45,5.41,0,817
7/29/2009 12:00,32352.5,35.56,14.37,0.89,4.57,0,941
7/29/2009 13:00,32352.55,36.67,12.33,0.89,4.14,0,958
7/29/2009 14:00,32352.59,38.33,11.64,0.45,5.46,0,907
7/29/2009 15:00,32352.63,40.56,10.15,0.89,4.29,0,800
7/29/2009 16:00,32352.67,40,10.6,0.89,4.8,0,642
7/29/2009 17:00,32352.71,37.78,11.17,1.34,4.5,0,444
7/29/2009 18:00,32352.76,35,11.55,1.79,4.38,0,200
7/29/2009 19:00,32352.8,31.67,13.48,0.89,4.8,0,26
7/29/2009 20:00,32352.84,29.44,15.21,1.34,4.17,0,4
7/29/2009 21:00,32352.88,27.22,14.93,0.45,4.07,0,2
7/29/2009 22:00,32352.92,26.67,15.38,0.45,3.28,0,2
7/29/2009 23:00,32352.97,25,15.03,0.89,4.14,0,2
7/30/2009 0:00,32353,24.44,15.62,0.89,4.24,0,3
7/30/2009 1:00,32353.04,22.78,16.31,0.89,4.12,0,3
7/30/2009 2:00,32353.08,20.56,15.09,0.89,4.14,0,3
7/30/2009 3:00,32353.13,20,14.99,0.45,3.74,0,3
7/30/2009 4:00,32353.17,22.22,16.91,0.89,1.62,0,3
7/30/2009 5:00,32353.21,20,15.62,0.45,4.26,0,3
7/30/2009 6:00,32353.25,20,14.77,1.34,3.98,0,36
7/30/2009 7:00,32353.29,23.89,15.1,0.89,4.26,0,195
7/30/2009 8:00,32353.34,27.78,15.77,0.89,4.21,0,396
7/30/2009 9:00,32353.38,28.89,14.71,1.79,4.43,0,577
7/30/2009 10:00,32353.42,31.11,13.89,0.89,4,0,742
7/30/2009 11:00,32353.46,32.78,13.51,0,0.54,0,872
7/30/2009 12:00,32353.5,35,13.34,1.34,4.15,0,949
7/30/2009 13:00,32353.55,37.22,12.13,1.34,4.35,0,961
7/30/2009 14:00,32353.59,38.89,12.84,0.45,5.08,0,909
7/30/2009 15:00,32353.63,38.89,12.1,0.89,4.12,0,796
7/30/2009 16:00,32353.67,40,12.26,0.45,4.9,0,637
7/30/2009 17:00,32353.71,37.78,13.28,1.34,4.57,0,444
7/30/2009 18:00,32353.76,35,13.34,1.79,4.14,0,203
7/30/2009 19:00,32353.8,31.11,14.75,0.89,4.12,0,26
7/30/2009 20:00,32353.84,28.89,14.33,0.89,4.49,0,4
7/30/2009 21:00,32353.88,26.67,15.38,0.89,4.31,0,2
7/30/2009 22:00,32353.92,25,15.32,0.89,4.42,0,3
7/30/2009 23:00,32353.97,25,14.74,0.45,4.52,0,3
7/31/2009 0:00,32354,22.22,15.3,0.89,4.4,0,3
7/31/2009 1:00,32354.04,22.78,15.83,0.45,4.63,0,3
7/31/2009 2:00,32354.08,21.67,15.01,0,0.1,0,3
7/31/2009 3:00,32354.13,20.56,13.71,0.89,3.87,0,3
7/31/2009 4:00,32354.17,20,13.65,0.89,4.35,0,3
7/31/2009 5:00,32354.21,20,14.11,0.45,4.57,0,3
7/31/2009 6:00,32354.25,21.11,13.26,0.89,4.08,0,38
7/31/2009 7:00,32354.29,24.44,14.22,0.45,3.86,0,189
7/31/2009 8:00,32354.34,27.78,15.1,1.34,3.44,0,382
7/31/2009 9:00,32354.38,30.56,14.25,0.89,4.83,0,586
7/31/2009 10:00,32354.42,32.78,13.01,1.34,4.5,0,753
7/31/2009 11:00,32354.46,35,13.34,0.45,3.32,0,874
7/31/2009 12:00,32354.5,35.56,12.64,0.89,4.26,0,940
7/31/2009 13:00,32354.55,35.56,11.39,0.45,3.86,0,952
7/31/2009 14:00,32354.59,36.67,9.48,0.89,4.4,0,907
7/31/2009 15:00,32354.63,39.44,10.14,0.89,3.33,0,793
7/31/2009 16:00,32354.67,37.78,9.61,0.89,3.72,0,625
7/31/2009 17:00,32354.71,37.78,9.61,1.34,4.33,0,431
7/31/2009 18:00,32354.76,35,9.57,1.34,4.15,0,198
7/31/2009 19:00,32354.8,32.22,9.19,0.45,1.87,0,27
7/31/2009 20:00,32354.84,30.56,11.06,0.45,3.89,0,3
7/31/2009 21:00,32354.88,27.78,10.93,0.89,4.08,0,2
7/31/2009 22:00,32354.92,26.67,11.95,0.45,4.96,0,2
7/31/2009 23:00,32354.97,23.89,15.1,0.45,5.52,0,3
8/1/2009 0:00,32355,24.44,10.31,0.89,4.35,0,3
8/1/2009 1:00,32355.04,23.89,10.17,1.34,4,0,3
8/1/2009 2:00,32355.08,22.22,10.96,0.45,0.7,0,3
8/1/2009 3:00,32355.13,20.56,11.43,0.45,4.42,0,3
8/1/2009 4:00,32355.17,20,10.08,0.89,2.3,0,3
8/1/2009 5:00,32355.21,20.56,10.88,1.34,3.8,0,3
8/1/2009 6:00,32355.25,23.89,14.28,1.34,1.06,0,39
8/1/2009 7:00,32355.29,26.11,15.17,0.45,1.76,0,196
8/1/2009 8:00,32355.34,29.44,13.26,0.89,5.64,0,391
8/1/2009 9:00,32355.38,31.11,12.99,2.24,3.87,0,581
8/1/2009 10:00,32355.42,32.22,13.02,1.34,3.33,0,746
8/1/2009 11:00,32355.46,35,12.17,1.34,3.96,0,870
8/1/2009 12:00,32355.5,37.22,12.8,0.89,2.79,0,933
8/1/2009 13:00,32355.55,37.78,10.41,0.45,4,0,946
8/1/2009 14:00,32355.59,38.89,8.79,0.89,3.21,0,892
8/1/2009 15:00,32355.63,40,8.75,0.45,1.9,0,780
8/1/2009 16:00,32355.67,38.89,8.79,0.89,4.26,0,617
8/1/2009 17:00,32355.71,36.11,7.4,0.45,2.62,0,341
8/1/2009 18:00,32355.76,36.11,8.23,0.45,4.17,0,151
8/1/2009 19:00,32355.8,31.67,9.31,1.34,4.54,0,32
8/1/2009 20:00,32355.84,28.89,9.61,1.34,4.19,0,4
8/1/2009 21:00,32355.88,28.33,10.08,0.45,4.36,0,2
8/1/2009 22:00,32355.92,26.11,9.02,0.45,3.94,0,2
8/1/2009 23:00,32355.97,25,10.44,0.45,3.87,0,3
8/2/2009 0:00,32356,23.33,8.18,0.45,4.21,0,3
8/2/2009 1:00,32356.04,21.11,7.3,0.45,4.42,0,3
8/2/2009 2:00,32356.08,20.56,6.79,0.45,4.22,0,3
8/2/2009 3:00,32356.13,19.44,8.99,0.89,4.1,0,3
8/2/2009 4:00,32356.17,18.89,8.18,1.34,2.16,0,3
8/2/2009 5:00,32356.21,18.33,7.67,0.89,3.93,0,3
8/2/2009 6:00,32356.25,20.56,8.16,1.34,4.1,0,40
8/2/2009 7:00,32356.29,21.11,8,1.34,3.49,0,202
8/2/2009 8:00,32356.34,24.44,8.78,0.89,4.52,0,400
8/2/2009 9:00,32356.38,27.22,10,1.34,3.82,0,595
8/2/2009 10:00,32356.42,28.33,9.61,1.79,3.98,0,763
8/2/2009 11:00,32356.46,31.67,9.31,1.34,3,0,887
8/2/2009 12:00,32356.5,33.33,9.5,0.45,0.51,0,952
8/2/2009 13:00,32356.55,34.44,8.38,0.89,4.69,0,961
8/2/2009 14:00,32356.59,36.67,7.86,0.89,4.59,0,909
8/2/2009 15:00,32356.63,37.78,5.97,1.34,3.26,0,798
8/2/2009 16:00,32356.67,36.67,5.07,1.34,4.33,0,638
8/2/2009 17:00,32356.71,37.22,6.5,0.45,3.96,0,442
8/2/2009 18:00,32356.76,35,6.49,0.89,4.21,0,201
8/2/2009 19:00,32356.8,30.56,9.49,0.45,4.08,0,23
8/2/2009 20:00,32356.84,27.22,9.56,0.89,4.31,0,3
8/2/2009 21:00,32356.88,25.56,9.78,1.34,5.1,0,3
8/2/2009 22:00,32356.92,23.89,10.17,0.89,4.14,0,3
8/2/2009 23:00,32356.97,23.89,8.29,0.89,3.84,0,3
8/3/2009 0:00,32357,21.67,11.35,0.89,3.94,0,3
8/3/2009 1:00,32357.04,20,10.91,0.89,4.14,0,3
8/3/2009 2:00,32357.08,19.44,10.92,0.89,3.8,0,3
8/3/2009 3:00,32357.13,19.44,11.18,0.45,2.6,0,3
8/3/2009 4:00,32357.17,18.89,10.4,0.89,4.03,0,3
8/3/2009 5:00,32357.21,17.78,10.11,0.45,4.08,0,3
8/3/2009 6:00,32357.25,18.33,9.08,0.45,4.07,0,40
8/3/2009 7:00,32357.29,21.67,9.5,0,0.44,0,207
8/3/2009 8:00,32357.34,25,10.82,0.89,3.56,0,411
8/3/2009 9:00,32357.38,25.56,10.57,2.68,3.63,0,586
8/3/2009 10:00,32357.42,28.33,11.42,0.89,3.96,0,772
8/3/2009 11:00,32357.46,31.11,11.04,1.79,3.67,0,881
8/3/2009 12:00,32357.5,33.33,10.13,0.89,3.32,0,916
8/3/2009 13:00,32357.55,34.44,8.38,0.45,3.47,0,903
8/3/2009 14:00,32357.59,35.56,8.56,0.89,4.31,0,820
8/3/2009 15:00,32357.63,35.56,7.77,1.34,4.49,0.11,671
8/3/2009 16:00,32357.67,38.89,10.53,0.89,1.27,0.22,695
8/3/2009 17:00,32357.71,35.56,7.77,1.79,3.91,0.33,455
8/3/2009 18:00,32357.76,33.89,4.71,0.89,4.03,0.44,224
8/3/2009 19:00,32357.8,32.22,5.02,1.34,3.63,0.55,33
8/3/2009 20:00,32357.84,28.33,9.61,0.45,4.87,0.66,3
8/3/2009 21:00,32357.88,26.11,10.28,0.45,4.12,0.77,2
8/3/2009 22:00,32357.92,25.56,10.95,2.24,1.4,0.88,3
8/3/2009 23:00,32357.97,22.78,10.19,0.89,4.22,0,3
8/4/2009 0:00,32358,21.11,11.12,0.89,4.42,1.1,3
8/4/2009 1:00,32358.04,18.89,9.87,0.45,3.93,1.21,3
8/4/2009 2:00,32358.08,18.33,10.13,0.89,4.21,1.32,3
8/4/2009 3:00,32358.13,18.89,10.66,0.45,4.36,1.43,3
8/4/2009 4:00,32358.17,17.78,10.11,0.45,3.87,1.53,3
8/4/2009 5:00,32358.21,18.33,10.88,0.45,4.43,1.64,3
8/4/2009 6:00,32358.25,17.78,9.86,0.89,3.53,1.75,24
8/4/2009 7:00,32358.29,19.44,10.12,0.89,4.33,1.86,122
8/4/2009 8:00,32358.34,24.44,11.38,0.45,3.51,1.97,267
8/4/2009 9:00,32358.38,26.67,10.36,0,3.79,2.08,593
8/4/2009 10:00,32358.42,28.89,10.1,0.45,3.75,2.19,766
8/4/2009 11:00,32358.46,32.78,10.85,0.45,5.38,2.3,742
8/4/2009 12:00,32358.5,32.78,9.66,0.89,3.39,2.41,879
8/4/2009 13:00,32358.55,35.56,9.31,0.45,3.67,3.98,774
8/4/2009 14:00,32358.59,34.44,8.38,0.45,0.14,2.63,726
8/4/2009 15:00,32358.63,36.11,8.23,0.89,4.87,2.65,542
8/4/2009 16:00,32358.67,37.22,7.43,1.34,4.08,2.68,649
8/4/2009 17:00,32358.71,37.22,6.5,0.89,5.65,2.7,475
8/4/2009 18:00,32358.76,34.44,6.03,0.45,3.96,2.73,229
8/4/2009 19:00,32358.8,30,7.88,0.89,4.14,2.75,22
8/4/2009 20:00,32358.84,27.22,7.14,0.89,4.42,2.78,3
8/4/2009 21:00,32358.88,26.11,6.18,0.89,4.26,2.8,2
8/4/2009 22:00,32358.92,24.44,4.21,0.45,4.35,2.83,3
8/4/2009 23:00,32358.97,22.22,9.35,0.89,4.56,0.99,3
8/5/2009 0:00,32359,21.67,7.07,1.34,4.21,2.88,3
8/5/2009 1:00,32359.04,20.56,7.49,0.45,5.24,2.91,3
8/5/2009 2:00,32359.08,18.89,9.33,0.89,4.15,2.93,3
8/5/2009 3:00,32359.13,17.78,9.61,1.34,4.19,2.96,3
8/5/2009 4:00,32359.17,17.78,9.09,0.45,4.07,2.98,3
8/5/2009 5:00,32359.21,18.33,9.87,0.89,3.94,3.01,3
8/5/2009 6:00,32359.25,18.33,8.81,0.89,4.24,3.03,36
8/5/2009 7:00,32359.29,18.89,9.33,0.89,1.99,3.06,87
8/5/2009 8:00,32359.34,22.22,10.01,0.89,4.15,3.09,298
8/5/2009 9:00,32359.38,25,9.68,1.79,3.51,3.11,454
8/5/2009 10:00,32359.42,28.89,9.11,0.45,5.57,3.14,669
8/5/2009 11:00,32359.46,32.22,9.19,0.89,3.35,3.16,831
8/5/2009 12:00,32359.5,33.33,8.17,0.45,4.12,3.19,852
8/5/2009 13:00,32359.55,36.11,7.4,0.89,5.93,0,943
8/5/2009 14:00,32359.59,35,7.31,0.45,5.38,0,806
8/5/2009 15:00,32359.63,35,7.31,0.89,3.49,0,523
8/5/2009 16:00,32359.67,38.33,7.4,0.89,3.98,0,633
8/5/2009 17:00,32359.71,35.56,7.77,1.79,0.75,0,359
8/5/2009 18:00,32359.76,35,8.1,0.89,4.24,0,245
8/5/2009 19:00,32359.8,30,8.46,1.34,4.52,0,23
8/5/2009 20:00,32359.84,23.89,10.17,1.79,4.21,0,3
8/5/2009 21:00,32359.88,22.22,10.96,0.45,5.27,0,3
8/5/2009 22:00,32359.92,20,10.91,0.89,4.1,0,3
8/5/2009 23:00,32359.97,23.89,5.24,1.34,4.1,2.86,3
8/6/2009 0:00,32360,18.89,11.41,0.45,4.57,0,3
8/6/2009 1:00,32360.04,17.78,11.75,2.24,4.73,0,3
8/6/2009 2:00,32360.08,16.67,11.77,0.89,4.22,0,3
8/6/2009 3:00,32360.13,15,11.16,0.45,5.48,0,3
8/6/2009 4:00,32360.17,15,11.55,0.45,4.17,0,3
8/6/2009 5:00,32360.21,15.56,11.31,0.89,4.26,0,3
8/6/2009 6:00,32360.25,15,10.57,0.45,4.26,0,36
8/6/2009 7:00,32360.29,20.56,11.97,0.89,4.35,0,221
8/6/2009 8:00,32360.34,21.11,11.12,0.45,4.49,0,331
8/6/2009 9:00,32360.38,23.33,10.02,0.45,4.07,0,593
8/6/2009 10:00,32360.42,25,9.68,1.34,3.96,0,780
8/6/2009 11:00,32360.46,27.78,11.77,0.89,5.67,0,770
8/6/2009 12:00,32360.5,27.22,8.15,1.34,0.24,0,962
8/6/2009 13:00,32360.55,27.78,7.62,0.45,4.12,0,922
8/6/2009 14:00,32360.59,29.44,7.98,1.34,4.59,0,934
8/6/2009 15:00,32360.63,28.89,8.05,0.45,4.35,0,805
8/6/2009 16:00,32360.67,28.89,8.59,0.89,4.24,0,629
8/6/2009 17:00,32360.71,28.33,8.62,0.45,6.11,0,431
8/6/2009 18:00,32360.76,26.11,7.66,0.89,5.22,0,197
8/6/2009 19:00,32360.8,24.44,8.38,1.79,4.61,0,24
8/6/2009 20:00,32360.84,21.67,8.5,0.89,3.82,0,3
8/6/2009 21:00,32360.88,21.67,10.14,0.89,5.43,0,3
8/6/2009 22:00,32360.92,20,9.8,0.45,4.63,0,3
8/6/2009 23:00,32360.97,18.89,10.91,0.89,4.35,0,3
8/7/2009 0:00,32361,17.22,9.58,1.34,4.29,0,3
8/7/2009 1:00,32361.04,16.67,10.24,0.45,4.38,0,3
8/7/2009 2:00,32361.08,15,9.53,1.34,4.07,0,3
8/7/2009 3:00,32361.13,14.44,9.42,0.89,4.28,0,3
8/7/2009 4:00,32361.17,13.89,9.89,0.89,4.07,0,3
8/7/2009 5:00,32361.21,13.33,9.92,0.89,3.8,0,3
8/7/2009 6:00,32361.25,13.89,10.08,0.45,4.22,0,37
8/7/2009 7:00,32361.29,16.11,9.71,0.45,3.68,0,196
8/7/2009 8:00,32361.34,18.89,9.33,0.45,4.56,0,388
8/7/2009 9:00,32361.38,22.22,9.35,0.45,2.76,0,586
8/7/2009 10:00,32361.42,24.44,8.38,1.34,3.98,0,754
8/7/2009 11:00,32361.46,26.67,8.61,1.34,3.96,0,881
8/7/2009 12:00,32361.5,27.78,8.64,0.45,4.9,0,948
8/7/2009 13:00,32361.55,29.44,7.98,0.45,2.46,0,952
8/7/2009 14:00,32361.59,30.56,8.36,0.45,0.02,0,896
8/7/2009 15:00,32361.63,31.67,7.44,0.45,4.83,0,782
8/7/2009 16:00,32361.67,31.11,6.3,1.34,4.99,0,619
8/7/2009 17:00,32361.71,28.89,5.09,0.89,4.92,0,420
8/7/2009 18:00,32361.76,28.33,7.02,1.79,4.68,0,187
8/7/2009 19:00,32361.8,26.11,6.69,0.89,4.99,0,24
8/7/2009 20:00,32361.84,24.44,7.96,0.45,3.72,0,3
8/7/2009 21:00,32361.88,22.78,9.51,0.45,4.82,0,3
8/7/2009 22:00,32361.92,21.11,9.31,0.45,3.8,0,3
8/7/2009 23:00,32361.97,18.89,10.4,1.34,4.29,0,3
8/8/2009 0:00,32362,20.56,9.72,0.89,4.21,0,3
8/8/2009 1:00,32362.04,18.89,9.33,0.45,3.91,0,3
8/8/2009 2:00,32362.08,18.89,9.6,0.45,4.08,0,3
8/8/2009 3:00,32362.13,18.33,9.35,0.45,2.16,0,3
8/8/2009 4:00,32362.17,17.78,9.61,0.45,2.22,0,3
8/8/2009 5:00,32362.21,17.78,9.35,0.89,3.86,0,3
8/8/2009 6:00,32362.25,16.67,8.81,0.89,3.93,0,34
8/8/2009 7:00,32362.29,21.11,9.94,0.89,3.93,0,191
8/8/2009 8:00,32362.34,22.78,9.85,1.34,3.49,0,388
8/8/2009 9:00,32362.38,23.89,8.68,2.68,3.56,0,580
8/8/2009 10:00,32362.42,26.67,10.36,0.89,4.73,0,741
8/8/2009 11:00,32362.46,27.78,9.59,3.58,3.46,0,866
8/8/2009 12:00,32362.5,30.56,10.03,0.89,2.62,0,936
8/8/2009 13:00,32362.55,31.67,9.89,0.89,1.01,0,942
8/8/2009 14:00,32362.59,35,10.26,1.34,3.77,0,889
8/8/2009 15:00,32362.63,34.44,11.69,0.45,1.97,0,772
8/8/2009 16:00,32362.67,35,10.26,0.45,2.65,0,606
8/8/2009 17:00,32362.71,32.78,9.66,0.45,4.38,0,404
8/8/2009 18:00,32362.76,30.56,10.56,1.34,3.98,0,180
8/8/2009 19:00,32362.8,28.33,11.42,0.45,4.52,0,23
8/8/2009 20:00,32362.84,26.67,9.94,1.34,4.61,0,3
8/8/2009 21:00,32362.88,26.11,10.67,1.34,4.17,0,2
8/8/2009 22:00,32362.92,25,10.82,0.45,4.33,0,3
8/8/2009 23:00,32362.97,21.11,9.63,0.45,4.07,0,3
8/9/2009 0:00,32363,23.89,13.11,1.34,1.47,0,3
8/9/2009 1:00,32363.04,23.33,12.6,1.34,1.34,0,3
8/9/2009 2:00,32363.08,22.22,11.57,0.45,1.29,0,3
8/9/2009 3:00,32363.13,22.22,13.8,2.24,1.4,0,3
8/9/2009 4:00,32363.17,22.22,12.44,1.79,1.29,0,3
8/9/2009 5:00,32363.21,22.22,13.27,1.79,1.43,0,3
8/9/2009 6:00,32363.25,23.33,13.19,2.24,1.2,0,31
8/9/2009 7:00,32363.29,25,11.53,1.34,1.29,0,180
8/9/2009 8:00,32363.34,27.78,10.49,0.45,5.48,0,377
8/9/2009 9:00,32363.38,31.11,10.52,0.45,4.12,0,574
8/9/2009 10:00,32363.42,32.78,10.26,0.89,4.26,0,743
8/9/2009 11:00,32363.46,34.44,10.45,0.89,4.29,0,868
8/9/2009 12:00,32363.5,35,10.92,1.34,4.38,0,932
8/9/2009 13:00,32363.55,37.78,9.61,0.45,5.67,0,938
8/9/2009 14:00,32363.59,37.78,8.77,0.45,4.17,0,885
8/9/2009 15:00,32363.63,38.33,9.23,0.89,4.14,0,772
8/9/2009 16:00,32363.67,37.22,9.15,0.45,5.76,0,604
8/9/2009 17:00,32363.71,36.67,8.69,0.89,5.15,0,405
8/9/2009 18:00,32363.76,34.44,7.64,0.89,4.24,0,184
8/9/2009 19:00,32363.8,30.56,9.49,0.45,3.6,0,23
8/9/2009 20:00,32363.84,29.44,9.59,0,3.19,0,3
8/9/2009 21:00,32363.88,28.33,8.62,0.45,3.98,0,2
8/9/2009 22:00,32363.92,26.67,8.15,0.45,5.29,0,3
8/9/2009 23:00,32363.97,23.89,12.81,0.89,1.69,0,3
8/10/2009 0:00,32364,24.44,8.38,1.34,1.47,0,3
8/10/2009 1:00,32364.04,25,12.56,1.79,1.41,0,3
8/10/2009 2:00,32364.08,24.44,13.01,1.79,1.61,0,3
8/10/2009 3:00,32364.13,23.89,11.54,2.68,1.31,0,3
8/10/2009 4:00,32364.17,24.44,8.78,1.79,1.45,0,3
8/10/2009 5:00,32364.21,23.33,9.31,0.89,3.7,0,3
8/10/2009 6:00,32364.25,25.56,8.09,0.45,3.33,0,31
8/10/2009 7:00,32364.29,27.78,12.57,0.45,0.09,0,182
8/10/2009 8:00,32364.34,31.11,9.42,0.89,4.05,0,381
8/10/2009 9:00,32364.38,31.67,8.71,1.34,3.28,0,580
8/10/2009 10:00,32364.42,33.89,10.61,0.89,3.07,0,748
8/10/2009 11:00,32364.46,36.11,10.5,1.34,4.12,0,870
8/10/2009 12:00,32364.5,38.33,10.87,1.34,3.58,0,935
8/10/2009 13:00,32364.55,39.44,9.25,1.34,4.24,0,940
8/10/2009 14:00,32364.59,40,7.75,0.45,4.56,0,892
8/10/2009 15:00,32364.63,40,9.7,0.89,3.98,0,754
8/10/2009 16:00,32364.67,38.33,8.34,2.24,4.15,0,566
8/10/2009 17:00,32364.71,38.33,8.34,0.89,4.89,0,370
8/10/2009 18:00,32364.76,35.56,6.07,1.34,4.29,0,158
8/10/2009 19:00,32364.8,32.78,7.7,0.89,3.86,0,26
8/10/2009 20:00,32364.84,30,9.55,0.89,4.03,0,3
8/10/2009 21:00,32364.88,29.44,11.52,0.45,4.4,0,2
8/10/2009 22:00,32364.92,27.22,11.27,0.45,4.15,0,2
8/10/2009 23:00,32364.97,25.56,8.09,0.45,3.44,0,3
8/11/2009 0:00,32365,25,9.68,0.45,3.18,0,3
8/11/2009 1:00,32365.04,25,12.22,1.34,1.2,0,3
8/11/2009 2:00,32365.08,25,11.18,2.24,1.13,0,3
8/11/2009 3:00,32365.13,25,12.22,3.13,1.48,0,3
8/11/2009 4:00,32365.17,23.89,9.44,1.34,3.58,0,3
8/11/2009 5:00,32365.21,23.33,11.36,2.24,1.24,0,3
8/11/2009 6:00,32365.25,23.89,10.52,1.79,1.29,0,28
8/11/2009 7:00,32365.29,26.11,10.67,1.79,1.41,0,172
8/11/2009 8:00,32365.34,30,9.01,0.45,4.21,0,369
8/11/2009 9:00,32365.38,32.78,9.03,0,4.1,0,567
8/11/2009 10:00,32365.42,35,10.26,2.24,4.15,0,737
8/11/2009 11:00,32365.46,36.67,10.24,2.24,4.03,0,862
8/11/2009 12:00,32365.5,37.78,9.61,0.45,5.04,0,929
8/11/2009 13:00,32365.55,39.44,9.25,0.45,5.03,0,934
8/11/2009 14:00,32365.59,40,9.7,2.24,4.07,0,877
8/11/2009 15:00,32365.63,40.56,8.2,0.89,4.97,0.06,764
8/11/2009 16:00,32365.67,40,8.75,0.45,3.37,0.11,598
8/11/2009 17:00,32365.71,38.89,6.86,1.79,4.8,0.17,397
8/11/2009 18:00,32365.76,35.56,5.15,0.89,4.82,0.22,175
8/11/2009 19:00,32365.8,32.78,0.93,0.45,4.73,0.28,21
8/11/2009 20:00,32365.84,31.11,3.3,0.45,3.7,0.34,2
8/11/2009 21:00,32365.88,28.89,9.11,0.89,4.36,0.39,2
8/11/2009 22:00,32365.92,25.56,10.57,0.45,4.22,0.45,3
8/11/2009 23:00,32365.97,25.56,10.18,1.34,3.33,0,3
8/12/2009 0:00,32366,24.44,11.72,0.45,2.53,0.56,3
8/12/2009 1:00,32366.04,24.44,11.38,1.34,1.54,0.62,3
8/12/2009 2:00,32366.08,22.78,9.16,0.45,1.68,0.67,3
8/12/2009 3:00,32366.13,22.78,10.84,0.45,4.8,0.73,3
8/12/2009 4:00,32366.17,22.78,11.47,0.89,0.3,0.79,3
8/12/2009 5:00,32366.21,22.78,11.47,1.79,0.91,0.84,3
8/12/2009 6:00,32366.25,24.44,10.67,0.45,4.61,0.9,31
8/12/2009 7:00,32366.29,25,7.59,0,4.29,0.96,179
8/12/2009 8:00,32366.34,26.11,8.58,0.89,4.36,1.01,344
8/12/2009 9:00,32366.38,28.89,11.92,0.89,4.26,1.07,502
8/12/2009 10:00,32366.42,31.67,13.02,0.89,4.05,1.12,662
8/12/2009 11:00,32366.46,33.89,12.37,0.45,5.31,1.18,825
8/12/2009 12:00,32366.5,36.11,11.86,0.45,3.44,1.24,893
8/12/2009 13:00,32366.55,36.67,10.97,1.34,3.56,0,933
8/12/2009 14:00,32366.59,37.78,8.77,0.89,3.93,0,877
8/12/2009 15:00,32366.63,39.44,8.3,1.34,3.39,0,745
8/12/2009 16:00,32366.67,39.44,9.25,0.89,4.68,0,586
8/12/2009 17:00,32366.71,36.67,8.69,1.79,4.49,0,399
8/12/2009 18:00,32366.76,36.11,8.23,1.34,4.42,0,177
8/12/2009 19:00,32366.8,32.22,10.93,0.89,4.15,0,23
8/12/2009 20:00,32366.84,29.44,12.41,0.45,4.43,0,2
8/12/2009 21:00,32366.88,27.78,12.17,0.89,4.03,0,2
8/12/2009 22:00,32366.92,25.56,10.95,0.89,5.9,0,3
8/12/2009 23:00,32366.97,25.56,10.95,0.45,4.68,0.51,3
8/13/2009 0:00,32367,25,11.53,0.89,1.08,0,3
8/13/2009 1:00,32367.04,24.44,11.38,3.13,1.26,0,3
8/13/2009 2:00,32367.08,21.67,10.14,0.89,3.91,0,3
8/13/2009 3:00,32367.13,23.33,11.03,1.34,1.52,0,3
8/13/2009 4:00,32367.17,23.33,12.89,1.34,1.13,0,3
8/13/2009 5:00,32367.21,21.67,11.92,2.24,1.12,0,3
8/13/2009 6:00,32367.25,22.22,9.68,0.45,3.68,0,32
8/13/2009 7:00,32367.29,25.56,10.95,0.45,3.12,0,166
8/13/2009 8:00,32367.34,27.78,11.35,1.34,1.06,0,382
8/13/2009 9:00,32367.38,31.11,9.97,1.79,3,0,585
8/13/2009 10:00,32367.42,32.22,9.79,0.45,3.07,0,757
8/13/2009 11:00,32367.46,35,10.26,0.89,4.59,0,885
8/13/2009 12:00,32367.5,36.11,8.23,3.13,4.35,0,958
8/13/2009 13:00,32367.55,36.67,9.48,2.24,4.17,0,963
8/13/2009 14:00,32367.59,37.78,9.61,0.89,3.12,0,907
8/13/2009 15:00,32367.63,38.33,6.41,0.89,5.08,0,793
8/13/2009 16:00,32367.67,37.78,8.77,0.89,4.15,0,624
8/13/2009 17:00,32367.71,36.67,9.48,1.79,5.1,0,419
8/13/2009 18:00,32367.76,33.89,7.92,1.79,4.5,0,178
8/13/2009 19:00,32367.8,30.56,8.94,0.89,4.64,0,15
8/13/2009 20:00,32367.84,28.33,10.08,0.89,4.89,0,3
8/13/2009 21:00,32367.88,26.67,9.94,0.45,3.7,0,2
8/13/2009 22:00,32367.92,25.56,10.57,0.45,4.35,0,3
8/13/2009 23:00,32367.97,24.44,13.93,0.89,0,0,3
8/14/2009 0:00,32368,22.22,10.01,0.45,5.53,0,3
8/14/2009 1:00,32368.04,21.11,10.54,0.89,4.33,0,3
8/14/2009 2:00,32368.08,20,10.64,0.89,4.33,0,3
8/14/2009 3:00,32368.13,19.44,9.56,1.34,4.28,0,3
8/14/2009 4:00,32368.17,18.33,10.13,0.89,4.19,0,3
8/14/2009 5:00,32368.21,18.89,11.41,1.34,0.98,0,3
8/14/2009 6:00,32368.25,20,11.18,0.89,1.78,0,31
8/14/2009 7:00,32368.29,20,9.51,0.45,4.64,0,197
8/14/2009 8:00,32368.34,24.44,5.72,0.89,3.53,0,394
8/14/2009 9:00,32368.38,27.78,4.15,0.89,4.33,0,591
8/14/2009 10:00,32368.42,30.56,1.1,2.24,4.19,0,749
8/14/2009 11:00,32368.46,32.78,3.81,0.89,1.61,0,880
8/14/2009 12:00,32368.5,33.33,4.26,0.89,4.54,0,939
8/14/2009 13:00,32368.55,33.89,2.84,0.89,3.77,0,941
8/14/2009 14:00,32368.59,34.44,4.25,1.79,4.12,0,888
8/14/2009 15:00,32368.63,36.67,4.03,1.34,4.14,0,783
8/14/2009 16:00,32368.67,35,1.59,1.34,4.22,0,617
8/14/2009 17:00,32368.71,33.89,-0.47,1.34,4.24,0,410
8/14/2009 18:00,32368.76,31.67,-3.47,0.89,4.05,0,172
8/14/2009 19:00,32368.8,28.33,1.8,0.89,4.21,0,19
8/14/2009 20:00,32368.84,25,2.43,0.89,4.08,0,3
8/14/2009 21:00,32368.88,23.89,5.71,0.89,5.53,0,3
8/14/2009 22:00,32368.92,20,7.97,0.89,4.66,0,3
8/14/2009 23:00,32368.97,23.33,10.02,0.45,4.47,0,3
8/15/2009 0:00,32369,17.22,7.49,0.89,3.98,0,3
8/15/2009 1:00,32369.04,17.22,7.49,0.89,4.08,0,3
8/15/2009 2:00,32369.08,17.22,7.49,0.89,3.54,0,3
8/15/2009 3:00,32369.13,16.11,7,0.89,3.61,0,3
8/15/2009 4:00,32369.17,16.67,8.81,0.45,2.39,0,3
8/15/2009 5:00,32369.21,16.67,7.52,0.89,3.63,0,3
8/15/2009 6:00,32369.25,17.22,6.35,0.89,3,0,28
8/15/2009 7:00,32369.29,18.89,5.28,0.89,3.93,0,186
8/15/2009 8:00,32369.34,20.56,4.51,0.89,3.82,0,391
8/15/2009 9:00,32369.38,23.89,5.71,1.79,3.49,0,592
8/15/2009 10:00,32369.42,26.11,5.11,0.89,4.31,0,761
8/15/2009 11:00,32369.46,30,6.67,0.89,3.82,0,892
8/15/2009 12:00,32369.5,30.56,6.5,0.89,5.03,0,960
8/15/2009 13:00,32369.55,32.78,5.48,0.89,3.93,0,962
8/15/2009 14:00,32369.59,32.22,5.02,1.34,3.65,0,906
8/15/2009 15:00,32369.63,35,4.7,0.89,5.53,0,789
8/15/2009 16:00,32369.67,35,1.59,1.34,4.54,0,624
8/15/2009 17:00,32369.71,33.33,2.39,0.45,4.22,0,415
8/15/2009 18:00,32369.76,30.56,6.5,0.89,3.89,0,163
8/15/2009 19:00,32369.8,28.33,5.26,0.45,4.54,0,20
8/15/2009 20:00,32369.84,26.11,6.69,0.45,3.96,0,3
8/15/2009 21:00,32369.88,25,7.59,0.89,0.14,0,3
8/15/2009 22:00,32369.92,24.44,12.05,0.89,6.04,0,3
8/15/2009 23:00,32369.97,19.44,8.99,0.89,4.05,0,3
8/16/2009 0:00,32370,22.22,9.35,1.34,1.43,0,3
8/16/2009 1:00,32370.04,21.67,9.5,2.68,1.38,0,3
8/16/2009 2:00,32370.08,21.67,9.17,2.68,1.26,0,3
8/16/2009 3:00,32370.13,22.22,9.01,2.24,1.38,0,3
8/16/2009 4:00,32370.17,20.56,8.48,2.24,1.41,0,3
8/16/2009 5:00,32370.21,20.56,9.12,2.68,1.41,0,3
8/16/2009 6:00,32370.25,21.67,8.15,1.34,2.06,0,25
8/16/2009 7:00,32370.29,22.78,7.29,2.68,1.05,0,175
8/16/2009 8:00,32370.34,26.11,8.12,0.45,1.85,0,378
8/16/2009 9:00,32370.38,30,4.67,0.89,3.35,0,578
8/16/2009 10:00,32370.42,30,4.67,1.34,1.41,0,752
8/16/2009 11:00,32370.46,33.33,6.71,0.89,4.31,0,876
8/16/2009 12:00,32370.5,34.44,6.85,1.79,3.51,0,946
8/16/2009 13:00,32370.55,36.11,5.6,0.89,4.15,0,949
8/16/2009 14:00,32370.59,36.11,3.58,1.34,4.63,0,893
8/16/2009 15:00,32370.63,36.67,5.07,0.45,4.45,0,774
8/16/2009 16:00,32370.67,36.11,4.63,0.89,4.75,0,603
8/16/2009 17:00,32370.71,34.44,4.25,0.89,4.15,0,401
8/16/2009 18:00,32370.76,32.22,4.21,0.89,4.31,0,161
8/16/2009 19:00,32370.8,30,5.36,0.45,3.91,0,18
8/16/2009 20:00,32370.84,27.78,4.79,0.45,4.31,0,2
8/16/2009 21:00,32370.88,27.22,7.14,1.34,6.06,0,2
8/16/2009 22:00,32370.92,25.56,8.52,2.24,1.45,0,3
8/16/2009 23:00,32370.97,23.33,9.31,1.79,1.5,0,3
8/17/2009 0:00,32371,24.44,9.57,2.24,1.13,0,3
8/17/2009 1:00,32371.04,23.89,9.07,2.68,1.26,0,3
8/17/2009 2:00,32371.08,22.78,9.16,2.68,1.33,0,3
8/17/2009 3:00,32371.13,23.33,8.94,3.13,1.34,0,3
8/17/2009 4:00,32371.17,21.67,6.69,0.89,3.53,0,3
8/17/2009 5:00,32371.21,21.67,7.44,1.34,1.75,0,3
8/17/2009 6:00,32371.25,22.78,8.44,3.58,1.24,0,25
8/17/2009 7:00,32371.29,23.89,8.29,3.13,1.17,0,175
8/17/2009 8:00,32371.34,28.89,8.59,0.45,5.74,0,381
8/17/2009 9:00,32371.38,31.67,6.06,0,1.45,0,583
8/17/2009 10:00,32371.42,32.22,5.79,1.79,3.53,0,756
8/17/2009 11:00,32371.46,33.89,6.4,0.45,4.94,0,879
8/17/2009 12:00,32371.5,36.11,6.53,1.34,3.3,0,946
8/17/2009 13:00,32371.55,36.67,6.05,0.45,4.68,0,947
8/17/2009 14:00,32371.59,38.33,4.23,2.24,4.1,0,890
8/17/2009 15:00,32371.63,39.44,6.24,1.34,4.14,0,771
8/17/2009 16:00,32371.67,38.33,5.36,0.89,3.35,0,597
8/17/2009 17:00,32371.71,37.22,5.52,0.45,3.86,0,397
8/17/2009 18:00,32371.76,33.89,5.58,0.89,3.4,0,154
8/17/2009 19:00,32371.8,31.67,6.06,0.45,4.87,0,17
8/17/2009 20:00,32371.84,30,6.03,0.45,4.68,0,2
8/17/2009 21:00,32371.88,27.78,3.5,0.89,5.67,0,2
8/17/2009 22:00,32371.92,27.22,7.14,0.89,0.89,0,3
8/17/2009 23:00,32371.97,25,10.07,1.34,1.24,0,3
8/18/2009 0:00,32372,24.44,7.54,0.45,2.41,0,3
8/18/2009 1:00,32372.04,23.89,9.07,2.24,0.91,0,3
8/18/2009 2:00,32372.08,23.33,8.18,1.79,1.43,0,3
8/18/2009 3:00,32372.13,23.33,9.31,3.13,1.12,0,3
8/18/2009 4:00,32372.17,23.33,8.57,3.13,1.31,0,3
8/18/2009 5:00,32372.21,22.78,9.16,2.68,1.38,0,3
8/18/2009 6:00,32372.25,23.89,9.07,2.68,1.36,0,23
8/18/2009 7:00,32372.29,26.11,10.28,1.34,1.66,0,166
8/18/2009 8:00,32372.34,27.78,8.14,0.89,3.94,0,369
8/18/2009 9:00,32372.38,30.56,6.5,0.89,3.49,0,569
8/18/2009 10:00,32372.42,33.89,6.4,0.45,4.52,0,741
8/18/2009 11:00,32372.46,35,8.1,1.34,3.94,0,867
8/18/2009 12:00,32372.5,40,8.75,0.89,6.27,0,932
8/18/2009 13:00,32372.55,38.89,7.85,0.45,0.87,0,934
8/18/2009 14:00,32372.59,39.44,6.24,0.45,3.93,0,879
8/18/2009 15:00,32372.63,39.44,6.24,0.89,4.43,0,759
8/18/2009 16:00,32372.67,40,5.54,0.89,3.86,0,590
8/18/2009 17:00,32372.71,37.78,4.91,2.68,4.87,0,384
8/18/2009 18:00,32372.76,36.11,7.4,0.89,2.43,0,150
8/18/2009 19:00,32372.8,31.67,6.77,0.89,4.22,0,19
8/18/2009 20:00,32372.84,30,8.46,0.45,4.15,0,2
8/18/2009 21:00,32372.88,27.22,10.44,0.89,3.56,0,2
8/18/2009 22:00,32372.92,25.56,11.32,0.45,5.1,0,3
8/18/2009 23:00,32372.97,26.11,8.12,0.45,3.47,0,3
8/19/2009 0:00,32373,23.89,11.21,0.89,1.85,0,3
8/19/2009 1:00,32373.04,23.33,11.36,0.45,5.25,0,3
8/19/2009 2:00,32373.08,24.44,12.05,2.68,0.98,0,3
8/19/2009 3:00,32373.13,24.44,10.67,2.24,1.27,0,3
8/19/2009 4:00,32373.17,23.33,9.67,1.79,1.38,0,3
8/19/2009 5:00,32373.21,22.22,7.18,0.89,1.71,0,3
8/19/2009 6:00,32373.25,23.33,11.03,0.45,0.66,0,23
8/19/2009 7:00,32373.29,25.56,11.32,0.89,0.35,0,166
8/19/2009 8:00,32373.34,29.44,11.97,0.45,5.64,0,360
8/19/2009 9:00,32373.38,33.89,12.93,0.45,4.73,0,557
8/19/2009 10:00,32373.42,33.33,10.74,1.34,2.65,0,726
8/19/2009 11:00,32373.46,33.33,11.89,0.89,3.84,0,852
8/19/2009 12:00,32373.5,35.56,12.03,2.68,3.35,0,906
8/19/2009 13:00,32373.55,37.78,13.28,0.89,3.49,0,902
8/19/2009 14:00,32373.59,38.89,11.33,1.79,4.42,0,858
8/19/2009 15:00,32373.63,40.56,11.05,0.89,3.4,0,741
8/19/2009 16:00,32373.67,40.56,11.05,0.45,3.35,0,566
8/19/2009 17:00,32373.71,39.44,10.14,0.45,4.43,0,363
8/19/2009 18:00,32373.76,35.56,10.73,0.89,3.98,0,138
8/19/2009 19:00,32373.8,32.22,13.02,0.89,4.14,0,17
8/19/2009 20:00,32373.84,29.44,12.41,0.45,4.29,0,2
8/19/2009 21:00,32373.88,28.33,14.2,1.34,4.03,0,2
8/19/2009 22:00,32373.92,26.11,14.23,0.45,3.63,0,3
8/19/2009 23:00,32373.97,24.44,12.38,0.89,3.35,0,3
8/20/2009 0:00,32374,22.78,12.38,0.89,3.87,0,3
8/20/2009 1:00,32374.04,23.33,13.19,0.45,3.42,0,3
8/20/2009 2:00,32374.08,22.22,11.86,0.89,3.67,0,3
8/20/2009 3:00,32374.13,20.56,11.97,1.34,3.35,0,3
8/20/2009 4:00,32374.17,21.11,13.01,0.89,3.96,0,3
8/20/2009 5:00,32374.21,20.56,14.18,0.89,0.79,0,3
8/20/2009 6:00,32374.25,20.56,11.97,0.89,3.89,0,20
8/20/2009 7:00,32374.29,21.11,12.22,1.34,3.91,0,151
8/20/2009 8:00,32374.34,24.44,12.38,1.34,3.42,0,347
8/20/2009 9:00,32374.38,27.78,12.57,0.45,4,0,545
8/20/2009 10:00,32374.42,29.44,13.26,0.89,3.86,0,711
8/20/2009 11:00,32374.46,32.78,13.51,1.34,4.43,0,837
8/20/2009 12:00,32374.5,34.44,11.69,0.45,4.94,0,906
8/20/2009 13:00,32374.55,36.67,10.97,0.89,3.25,0,912
8/20/2009 14:00,32374.59,37.78,7.89,0.89,4.5,0,856
8/20/2009 15:00,32374.63,38.89,9.68,1.34,4.07,0,738
8/20/2009 16:00,32374.67,37.22,8.31,1.34,4.14,0,567
8/20/2009 17:00,32374.71,36.67,7.86,2.24,4.24,0,368
8/20/2009 18:00,32374.76,35,10.26,1.79,4.57,0,139
8/20/2009 19:00,32374.8,30,11.07,0.89,4.33,0,16
8/20/2009 20:00,32374.84,28.89,11.03,0.89,4.89,0,2
8/20/2009 21:00,32374.88,26.11,10.67,1.34,4.29,0,2
8/20/2009 22:00,32374.92,24.44,11.38,0.89,4.22,0,3
8/20/2009 23:00,32374.97,24.44,13.93,0,2.72,0,3
8/21/2009 0:00,32375,22.22,12.15,0.89,4.21,0,3
8/21/2009 1:00,32375.04,22.22,12.99,1.34,4.26,0,3
8/21/2009 2:00,32375.08,22.78,12.67,1.34,1.71,0,3
8/21/2009 3:00,32375.13,20,11.7,1.34,4.07,0,3
8/21/2009 4:00,32375.17,20,11.44,0.45,3.75,0,3
8/21/2009 5:00,32375.21,20.56,13.47,0.89,3.51,0,3
8/21/2009 6:00,32375.25,22.78,14.32,1.79,1.08,0,20
8/21/2009 7:00,32375.29,25,12.89,1.34,4.12,0,158
8/21/2009 8:00,32375.34,23.89,13.11,1.34,3.63,0,352
8/21/2009 9:00,32375.38,28.89,13.95,0.45,4.69,0,546
8/21/2009 10:00,32375.42,32.22,13.5,0.45,5.41,0,716
8/21/2009 11:00,32375.46,33.89,13.98,1.34,3.56,0,839
8/21/2009 12:00,32375.5,35,12.17,1.79,4.03,0,904
8/21/2009 13:00,32375.55,37.22,12.13,0.89,3.86,0,914
8/21/2009 14:00,32375.59,38.89,12.1,0.45,2.76,0,822
8/21/2009 15:00,32375.63,40.56,11.9,0.89,4.17,0.42,722
8/21/2009 16:00,32375.67,40,11.45,2.24,4.17,0.85,558
8/21/2009 17:00,32375.71,37.78,12.6,0.45,4.03,1.27,309
8/21/2009 18:00,32375.76,35.56,12.03,0.89,3.16,1.7,126
8/21/2009 19:00,32375.8,33.33,11.33,0.89,3.98,2.12,16
8/21/2009 20:00,32375.84,30.56,10.56,0.45,5.04,2.55,2
8/21/2009 21:00,32375.88,29.44,11.06,0.45,4.69,2.97,2
8/21/2009 22:00,32375.92,28.33,12.26,0.45,6.14,3.4,2
8/21/2009 23:00,32375.97,23.33,11.36,0.45,4.28,0,3
8/22/2009 0:00,32376,27.22,12.07,0.89,1.62,4.25,3
8/22/2009 1:00,32376.04,26.67,11.17,0.45,1.57,4.67,3
8/22/2009 2:00,32376.08,26.11,13.58,0.89,1.59,5.1,3
8/22/2009 3:00,32376.13,25,14.14,1.79,1.08,5.52,3
8/22/2009 4:00,32376.17,26.11,13.58,1.34,2.84,5.95,3
8/22/2009 5:00,32376.21,24.44,13.01,0.89,2.3,6.37,3
8/22/2009 6:00,32376.25,24.44,12.7,2.24,1.71,6.79,9
8/22/2009 7:00,32376.29,27.22,12.83,1.34,2.13,7.22,77
8/22/2009 8:00,32376.34,28.33,10.08,1.34,1.8,7.64,159
8/22/2009 9:00,32376.38,30.56,8.36,1.34,3.84,8.07,440
8/22/2009 10:00,32376.42,33.89,9.97,0.89,3.32,8.49,674
8/22/2009 11:00,32376.46,35.56,7.77,0.89,3.54,8.92,665
8/22/2009 12:00,32376.5,35,7.31,0.45,2.88,9.34,382
8/22/2009 13:00,32376.55,37.22,8.31,1.34,5.92,8.63,428
8/22/2009 14:00,32376.59,35,8.85,2.24,3.72,8.92,350
8/22/2009 15:00,32376.63,32.78,11.96,4.47,3.56,8.97,240
8/22/2009 16:00,32376.67,33.33,9.5,1.34,2.62,9.02,175
8/22/2009 17:00,32376.71,32.78,7.7,0.89,1.57,9.07,113
8/22/2009 18:00,32376.76,31.11,4.1,0.45,2.25,9.12,24
8/22/2009 19:00,32376.8,30.56,5.13,1.34,1.54,9.17,7
8/22/2009 20:00,32376.84,30,4.67,0.89,2.15,9.22,2
8/22/2009 21:00,32376.88,30.56,3.64,1.34,1.62,9.26,2
8/22/2009 22:00,32376.92,28.89,5.73,0.89,3.94,9.31,2
8/22/2009 23:00,32376.97,26.11,16.35,0.45,2.53,3.82,3
8/23/2009 0:00,32377,26.67,13.4,0.89,1.88,9.41,3
8/23/2009 1:00,32377.04,27.78,7.09,0.45,3.89,9.46,3
8/23/2009 2:00,32377.08,26.67,9.51,4.47,1.61,9.51,3
8/23/2009 3:00,32377.13,25.56,14.35,7.15,0.79,9.56,3
8/23/2009 4:00,32377.17,25,13.84,8.05,0.8,9.61,3
8/23/2009 5:00,32377.21,26.11,15.17,9.39,0.56,9.66,3
8/23/2009 6:00,32377.25,26.11,15.48,8.05,0.54,9.71,6
8/23/2009 7:00,32377.29,26.67,13.05,2.68,1.05,9.75,30
8/23/2009 8:00,32377.34,27.78,14.06,4.02,1.05,9.8,110
8/23/2009 9:00,32377.38,26.67,14.74,3.58,0.65,9.85,140
8/23/2009 10:00,32377.42,27.78,11.77,3.58,1.48,9.9,124
8/23/2009 11:00,32377.46,28.33,14.92,2.24,0.37,9.95,180
8/23/2009 12:00,32377.5,27.22,14.26,5.81,0.87,10,192
8/23/2009 13:00,32377.55,28.33,11.85,4.92,1.61,10,158
8/23/2009 14:00,32377.59,28.89,14.71,1.79,6.07,10,223
8/23/2009 15:00,32377.63,30.56,12.96,0.89,0.68,9.55,356
8/23/2009 16:00,32377.67,31.11,10.52,1.34,5.69,9.09,367
8/23/2009 17:00,32377.71,33.89,12.37,0.89,5.53,8.64,208
8/23/2009 18:00,32377.76,33.89,9.97,0.45,0.87,8.18,132
8/23/2009 19:00,32377.8,29.44,11.97,0.89,0.91,7.73,12
8/23/2009 20:00,32377.84,27.22,10,0.89,0.52,7.27,2
8/23/2009 21:00,32377.88,26.11,9.02,0.45,6.06,6.82,3
8/23/2009 22:00,32377.92,26.11,12.9,1.79,1.29,6.36,3
8/23/2009 23:00,32377.97,27.78,5.39,0.45,2.81,9.36,2
8/24/2009 0:00,32378,21.11,9.94,1.34,4.22,5.45,3
8/24/2009 1:00,32378.04,19.44,8.09,0.45,4.52,5,3
8/24/2009 2:00,32378.08,20,8.91,0.45,4.07,4.55,3
8/24/2009 3:00,32378.13,18.89,8.76,0.89,4.78,4.09,3
8/24/2009 4:00,32378.17,20,11.18,1.79,1.17,3.64,3
8/24/2009 5:00,32378.21,20,14.11,1.79,1.26,3.18,3
8/24/2009 6:00,32378.25,22.78,8.44,0.89,2.29,2.73,20
8/24/2009 7:00,32378.29,24.44,8.38,0.45,3.77,2.27,167
8/24/2009 8:00,32378.34,26.11,5.65,0.45,4.85,1.82,372
8/24/2009 9:00,32378.38,28.33,8.11,2.24,3.53,1.36,570
8/24/2009 10:00,32378.42,29.44,7.41,2.24,4.15,0.91,739
8/24/2009 11:00,32378.46,32.78,7.7,0.89,4.78,0.45,861
8/24/2009 12:00,32378.5,32.78,9.03,0.89,4.4,0,925
8/24/2009 13:00,32378.55,35,8.85,0.89,4.12,0,924
8/24/2009 14:00,32378.59,36.11,7.4,2.68,3.82,0,865
8/24/2009 15:00,32378.63,36.11,6.53,1.79,4.01,0,747
8/24/2009 16:00,32378.67,37.22,6.5,0.89,4.08,0,570
8/24/2009 17:00,32378.71,35.56,6.07,0.45,4.14,0,367
8/24/2009 18:00,32378.76,32.78,6.25,1.34,3.89,0,117
8/24/2009 19:00,32378.8,28.89,6.93,1.34,4.57,0,14
8/24/2009 20:00,32378.84,27.78,4.79,0.89,4.96,0,2
8/24/2009 21:00,32378.88,26.67,5.03,0.45,3.68,0,3
8/24/2009 22:00,32378.92,23.89,3.73,0.89,4.1,0,3
8/24/2009 23:00,32378.97,22.22,9.01,0.89,5.03,5.91,3
8/25/2009 0:00,32379,21.67,5.08,0.45,4.12,0,3
8/25/2009 1:00,32379.04,22.22,10.33,2.24,1.17,0,3
8/25/2009 2:00,32379.08,18.89,5.97,1.34,4.01,0,3
8/25/2009 3:00,32379.13,18.33,5.8,0.45,5.15,0,3
8/25/2009 4:00,32379.17,20,8.29,1.34,0.96,0,3
8/25/2009 5:00,32379.21,20.56,12.48,1.34,0.8,0,3
8/25/2009 6:00,32379.25,21.11,11.68,0.89,1.52,0,20
8/25/2009 7:00,32379.29,23.89,10.87,1.79,1.31,0,166
8/25/2009 8:00,32379.34,26.11,8.58,0.89,4.24,0,370
8/25/2009 9:00,32379.38,28.89,8.59,1.34,3.77,0,571
8/25/2009 10:00,32379.42,31.67,8.09,1.34,3.75,0,743
8/25/2009 11:00,32379.46,32.78,6.99,0.45,4.19,0,870
8/25/2009 12:00,32379.5,32.78,7.7,0.89,3.56,0,934
8/25/2009 13:00,32379.55,35.56,7.77,0.89,4.31,0,934
8/25/2009 14:00,32379.59,36.67,7.86,0.45,4.07,0,872
8/25/2009 15:00,32379.63,38.33,5.36,1.34,4.43,0,753
8/25/2009 16:00,32379.67,37.22,3.35,0.45,0.84,0,583
8/25/2009 17:00,32379.71,36.67,2.91,0.45,4.07,0,380
8/25/2009 18:00,32379.76,35.56,5.15,0,0.4,0,121
8/25/2009 19:00,32379.8,30,4.67,0.45,4.31,0,13
8/25/2009 20:00,32379.84,27.78,4.79,0.45,5.6,0,2
8/25/2009 21:00,32379.88,27.22,7.65,1.79,1.08,0,3
8/25/2009 22:00,32379.92,26.11,8.12,3.13,1.15,0,3
8/25/2009 23:00,32379.97,22.78,3.78,0.89,3.87,0,3
8/26/2009 0:00,32380,25,6.21,2.24,1.2,0,3
8/26/2009 1:00,32380.04,25,8.03,2.68,1.29,0,3
8/26/2009 2:00,32380.08,23.33,5.22,0.45,3.42,0,3
8/26/2009 3:00,32380.13,22.78,8.8,1.79,1.17,0,3
8/26/2009 4:00,32380.17,22.78,9.51,2.68,1.38,0,3
8/26/2009 5:00,32380.21,22.78,6.48,0.45,1.94,0,3
8/26/2009 6:00,32380.25,22.78,4.73,0.45,2.23,0,19
8/26/2009 7:00,32380.29,25.56,10.95,0.89,0.42,0,171
8/26/2009 8:00,32380.34,27.22,4.31,0.89,4.26,0,379
8/26/2009 9:00,32380.38,33.33,5.94,0.45,3.07,0,584
8/26/2009 10:00,32380.42,32.78,-0.17,1.79,3.75,0,756
8/26/2009 11:00,32380.46,33.89,0.71,1.34,3.63,0,882
8/26/2009 12:00,32380.5,36.67,0.4,2.24,3.68,0,952
8/26/2009 13:00,32380.55,37.78,1.26,0.89,5.78,0,951
8/26/2009 14:00,32380.59,38.89,-0.91,1.34,4.42,0,885
8/26/2009 15:00,32380.63,38.89,-0.91,0.45,0.87,0,764
8/26/2009 16:00,32380.67,40.56,1.96,0.89,5.34,0,589
8/26/2009 17:00,32380.71,39.44,1.11,0.89,3.91,0,379
8/26/2009 18:00,32380.76,36.67,5.07,0.89,3.77,0,124
8/26/2009 19:00,32380.8,31.11,0.61,0.45,3.72,0,11
8/26/2009 20:00,32380.84,29.44,6.2,0.89,5.55,0,2
8/26/2009 21:00,32380.88,28.89,3.74,0.45,4.47,0,2
8/26/2009 22:00,32380.92,26.67,6.66,2.24,1.01,0,3
8/26/2009 23:00,32380.97,25,6.68,3.13,1.17,0,3
8/27/2009 0:00,32381,25,6.21,3.13,1.17,0,3
8/27/2009 1:00,32381.04,23.89,3.73,0.89,4.33,0,3
8/27/2009 2:00,32381.08,24.44,8.38,2.68,1.01,0,3
8/27/2009 3:00,32381.13,23.89,6.61,2.68,1.31,0,3
8/27/2009 4:00,32381.17,23.89,5.24,3.13,1.38,0,3
8/27/2009 5:00,32381.21,17.78,2.04,1.79,3.86,0,3
8/27/2009 6:00,32381.25,22.22,1.77,1.34,1.33,0,19
8/27/2009 7:00,32381.29,25.56,7.17,0.45,2.39,0,175
8/27/2009 8:00,32381.34,24.44,5.72,0.89,4.05,0,379
8/27/2009 9:00,32381.38,30,3.18,1.79,4.07,0,581
8/27/2009 10:00,32381.42,33.89,5.58,0.45,5.45,0,754
8/27/2009 11:00,32381.46,36.11,5.6,0.45,2.09,0,882
8/27/2009 12:00,32381.5,37.22,3.35,0.45,5.03,0,947
8/27/2009 13:00,32381.55,37.22,5.52,0.89,4.01,0,947
8/27/2009 14:00,32381.59,39.44,3.88,0.45,5.55,0,878
8/27/2009 15:00,32381.63,40.56,3.41,0.89,4.31,0,746
8/27/2009 16:00,32381.67,39.44,1.11,0.45,3.25,0,570
8/27/2009 17:00,32381.71,37.78,1.26,0.89,4.36,0,354
8/27/2009 18:00,32381.76,33.89,3.8,1.34,4.05,0,112
8/27/2009 19:00,32381.8,31.11,4.87,0.45,5.45,0,8
8/27/2009 20:00,32381.84,30,3.94,0.45,5.46,0,2
8/27/2009 21:00,32381.88,28.89,6.34,0.89,0.24,0,2
8/27/2009 22:00,32381.92,27.22,6.61,0.89,1.31,0,2
8/27/2009 23:00,32381.97,25.56,4.08,2.68,1.08,0,3
8/28/2009 0:00,32382,25,7.59,1.79,1.24,0,3
8/28/2009 1:00,32382.04,24.44,6.66,1.34,1.13,0,3
8/28/2009 2:00,32382.08,23.89,7.47,1.79,1.17,0,3
8/28/2009 3:00,32382.13,24.44,9.18,2.24,1.13,0,3
8/28/2009 4:00,32382.17,23.89,7.88,2.24,1.45,0,3
8/28/2009 5:00,32382.21,23.33,8.57,1.34,0.98,0,3
8/28/2009 6:00,32382.25,24.44,9.18,2.24,1.24,0,26
8/28/2009 7:00,32382.29,24.44,8.38,2.24,1.26,0,126
8/28/2009 8:00,32382.34,27.22,7.14,0.45,4.07,0,192
8/28/2009 9:00,32382.38,32.22,8.56,0.45,5.64,0,434
8/28/2009 10:00,32382.42,33.33,6.71,0.89,4.63,0,569
8/28/2009 11:00,32382.46,35.56,6.95,1.34,4.03,0,692
8/28/2009 12:00,32382.5,38.89,6.86,1.79,4.85,0,888
8/28/2009 13:00,32382.55,37.22,7.43,1.34,4.08,0,821
8/28/2009 14:00,32382.59,36.11,5.6,0.45,4.21,6.07,540
8/28/2009 15:00,32382.63,37.22,5.52,1.79,3.7,5.79,653
8/28/2009 16:00,32382.67,35,8.1,0.89,4,5.52,368
8/28/2009 17:00,32382.71,34.44,9.1,0.45,5.48,5.24,212
8/28/2009 18:00,32382.76,32.78,9.03,0.45,4.24,4.96,101
8/28/2009 19:00,32382.8,30.56,8.94,0.45,1.01,4.69,14
8/28/2009 20:00,32382.84,30,7.88,0.89,4.28,4.41,2
8/28/2009 21:00,32382.88,27.78,6.55,0.89,3.21,4.14,2
8/28/2009 22:00,32382.92,27.22,6.07,0.89,3.82,3.86,2
8/28/2009 23:00,32382.97,25.56,4.08,0.89,1.76,0,3
8/29/2009 0:00,32383,25.56,12.04,0.45,3.14,3.31,3
8/29/2009 1:00,32383.04,25.56,10.18,2.68,1.26,3.03,3
8/29/2009 2:00,32383.08,25,10.07,2.24,1.38,2.76,3
8/29/2009 3:00,32383.13,25.56,8.52,3.13,1.26,2.48,3
8/29/2009 4:00,32383.17,24.44,9.18,3.13,1.36,2.21,3
8/29/2009 5:00,32383.21,24.44,8.38,2.24,1.2,1.93,3
8/29/2009 6:00,32383.25,23.33,9.67,1.34,1.71,1.65,13
8/29/2009 7:00,32383.29,26.67,6.66,0.89,2.25,1.38,145
8/29/2009 8:00,32383.34,30.56,10.56,0.45,5.92,1.1,342
8/29/2009 9:00,32383.38,31.11,8.24,0.89,3.89,0.83,539
8/29/2009 10:00,32383.42,33.89,7.92,1.34,3.61,0.55,717
8/29/2009 11:00,32383.46,35.56,7.77,1.79,3.82,0.28,826
8/29/2009 12:00,32383.5,37.78,6.95,2.24,3.79,0,870
8/29/2009 13:00,32383.55,38.89,8.79,0.45,4.43,0,851
8/29/2009 14:00,32383.59,39.44,9.25,1.34,3.56,0,834
8/29/2009 15:00,32383.63,39.44,7.31,0.89,4.03,0,697
8/29/2009 16:00,32383.67,39.44,10.14,1.34,4.12,0,516
8/29/2009 17:00,32383.71,37.22,9.95,0.45,3.77,0,309
8/29/2009 18:00,32383.76,35,10.92,0.45,4.89,0,96
8/29/2009 19:00,32383.8,31.67,8.71,0.45,3.91,0,11
8/29/2009 20:00,32383.84,31.11,11.55,0.45,4.28,0,2
8/29/2009 21:00,32383.88,30,11.55,0.45,3.02,0,2
8/29/2009 22:00,32383.92,28.89,10.1,0.45,2.01,0,2
8/29/2009 23:00,32383.97,26.67,11.57,0.89,0.68,3.59,3
8/30/2009 0:00,32384,26.67,12.32,2.68,0.89,0,3
8/30/2009 1:00,32384.04,25.56,12.39,3.58,1.13,0,3
8/30/2009 2:00,32384.08,26.67,11.57,3.13,0.99,0,3
8/30/2009 3:00,32384.13,25,11.53,2.68,1.17,0,3
8/30/2009 4:00,32384.17,26.11,11.07,3.13,1.13,0,3
8/30/2009 5:00,32384.21,25,10.07,2.68,1.12,0,3
8/30/2009 6:00,32384.25,25,8.88,1.34,1.34,0,12
8/30/2009 7:00,32384.29,26.67,9.94,1.79,1.52,0,145
8/30/2009 8:00,32384.34,31.67,9.89,0.89,5.36,0,345
8/30/2009 9:00,32384.38,33.89,9.32,0.45,3.54,0,544
8/30/2009 10:00,32384.42,35.56,7.77,0.89,4.19,0,712
8/30/2009 11:00,32384.46,38.33,8.34,1.79,3.35,0,834
8/30/2009 12:00,32384.5,38.33,10.07,1.79,0.84,0,900
8/30/2009 13:00,32384.55,40.56,11.9,1.79,5.92,0,903
8/30/2009 14:00,32384.59,42.78,8.9,0.89,5.08,0,842
8/30/2009 15:00,32384.63,41.11,6.42,1.34,4.38,0,719
8/30/2009 16:00,32384.67,40.56,5.98,1.34,3.94,0,548
8/30/2009 17:00,32384.71,40.56,7.13,2.24,5.25,0,349
8/30/2009 18:00,32384.76,38.33,7.4,0.45,2.06,0,99
8/30/2009 19:00,32384.8,33.33,7.46,0.45,4.43,0,9
8/30/2009 20:00,32384.84,31.67,7.44,0.45,5.53,0,2
8/30/2009 21:00,32384.88,30.56,6.5,1.79,0.7,0,2
8/30/2009 22:00,32384.92,27.78,7.62,0.89,4.9,0,2
8/30/2009 23:00,32384.97,27.78,14.76,1.79,0.66,0,2
8/31/2009 0:00,32385,26.11,7.66,1.79,3.8,0,3
8/31/2009 1:00,32385.04,23.89,5.24,1.34,4.03,0,3
8/31/2009 2:00,32385.08,23.33,7.39,0.45,1.05,0,3
8/31/2009 3:00,32385.13,23.89,10.17,0.45,1.31,0,3
8/31/2009 4:00,32385.17,21.11,5,0.89,4.4,0,3
8/31/2009 5:00,32385.21,22.78,6.06,0.89,3.82,0,3
8/31/2009 6:00,32385.25,22.22,9.35,0.45,0.84,0,17
8/31/2009 7:00,32385.29,23.33,6.98,0.89,3.23,0,154
8/31/2009 8:00,32385.34,26.11,9.45,0.89,3.77,0,346
8/31/2009 9:00,32385.38,30.56,10.03,0.89,4.15,0,544
8/31/2009 10:00,32385.42,33.89,10.61,0.45,3.28,0,631
8/31/2009 11:00,32385.46,34.44,11.08,3.13,3.51,0,797
8/31/2009 12:00,32385.5,35.56,10.73,2.68,3.79,0,869
8/31/2009 13:00,32385.55,36.67,8.69,1.79,3.54,2.53,774
8/31/2009 14:00,32385.59,38.89,9.68,1.34,5.46,0,784
8/31/2009 15:00,32385.63,40.56,8.2,0.89,3.47,0,768
8/31/2009 16:00,32385.67,38.33,6.41,0.89,4.01,0,511
8/31/2009 17:00,32385.71,35,5.62,1.34,5.34,0,297
8/31/2009 18:00,32385.76,33.89,6.4,1.34,4.73,0,102
8/31/2009 19:00,32385.8,31.11,5.6,0.45,3.49,0,12
8/31/2009 20:00,32385.84,30,6.67,0.45,4.05,0,2
8/31/2009 21:00,32385.88,28.33,9.12,0.45,4.47,0,2
8/31/2009 22:00,32385.92,25.56,9.37,0.45,4.22,0,3
8/31/2009 23:00,32385.97,26.67,11.17,0.45,5.32,0,2
9/1/2009 0:00,32386,23.33,9.31,0.89,4.28,0,3
9/1/2009 1:00,32386.04,22.22,9.35,0.45,3.98,0,3
9/1/2009 2:00,32386.08,21.11,9.31,0.45,4.07,0,3
9/1/2009 3:00,32386.13,20,8.6,0,5.53,0,3
9/1/2009 4:00,32386.17,20,9.51,0.45,4.21,0,3
9/1/2009 5:00,32386.21,20,9.21,0.89,4.12,0,3
9/1/2009 6:00,32386.25,18.89,8.76,1.34,4.29,0,11
9/1/2009 7:00,32386.29,23.33,10.02,0.89,3.39,0,147
9/1/2009 8:00,32386.34,24.44,9.94,0.45,3.96,0,344
9/1/2009 9:00,32386.38,28.33,10.99,0.89,2.55,0,542
9/1/2009 10:00,32386.42,31.67,11,0.45,2.95,0,708
9/1/2009 11:00,32386.46,34.44,11.69,0.45,3.42,0,829
9/1/2009 12:00,32386.5,35,9.57,0.45,1.83,0,894
9/1/2009 13:00,32386.55,37.22,11.43,0.45,3.6,0,892
9/1/2009 14:00,32386.59,37.78,8.77,1.34,3.75,0,831
9/1/2009 15:00,32386.63,38.33,10.07,1.34,4.21,0.05,706
9/1/2009 16:00,32386.67,39.44,10.99,0.45,4.87,0.1,533
9/1/2009 17:00,32386.71,38.89,8.79,0.45,4.59,0.15,331
9/1/2009 18:00,32386.76,35,11.55,0.45,5.01,0.2,88
9/1/2009 19:00,32386.8,32.22,10.93,1.34,3.84,0.25,8
9/1/2009 20:00,32386.84,31.11,10.52,0.45,4.26,0.3,2
9/1/2009 21:00,32386.88,30.56,11.06,0.89,1.29,0.35,2
9/1/2009 22:00,32386.92,27.78,12.57,1.79,1.15,0.4,2
9/1/2009 23:00,32386.97,23.89,8.29,0.45,4.4,0,3
9/2/2009 0:00,32387,25,9.28,0.45,6.27,0.5,3
9/2/2009 1:00,32387.04,24.44,11.72,1.34,1.36,0.55,3
9/2/2009 2:00,32387.08,24.44,13.32,1.79,0.63,0.6,3
9/2/2009 3:00,32387.13,24.44,10.31,1.79,1.05,0.65,3
9/2/2009 4:00,32387.17,22.78,10.84,0.89,3.91,0.7,3
9/2/2009 5:00,32387.21,23.89,12.5,1.34,1.29,0.75,3
9/2/2009 6:00,32387.25,23.89,6.17,0.45,2.18,0.8,11
9/2/2009 7:00,32387.29,25.56,8.95,0.45,3.09,0.85,126
9/2/2009 8:00,32387.34,28.89,13.17,0.45,0.73,0.9,317
9/2/2009 9:00,32387.38,32.78,13.51,0.45,0.77,0.95,505
9/2/2009 10:00,32387.42,32.78,11.96,1.34,3.93,1,605
9/2/2009 11:00,32387.46,35.56,10.03,1.34,3.02,1.05,824
9/2/2009 12:00,32387.5,38.89,10.53,0.45,4.47,1.1,849
9/2/2009 13:00,32387.55,39.44,10.14,1.79,3.75,0,815
9/2/2009 14:00,32387.59,39.44,10.99,0.45,4.08,1.3,688
9/2/2009 15:00,32387.63,38.89,10.53,1.79,4.1,1.37,630
9/2/2009 16:00,32387.67,38.89,9.68,0.89,4.28,1.44,409
9/2/2009 17:00,32387.71,38.89,5.8,0.45,4.35,1.51,267
9/2/2009 18:00,32387.76,34.44,7.64,0.45,4.63,1.58,71
9/2/2009 19:00,32387.8,31.11,11.55,0.45,4.83,1.65,9
9/2/2009 20:00,32387.84,29.44,11.97,1.34,4.08,1.71,2
9/2/2009 21:00,32387.88,28.89,12.76,0.89,4,1.78,2
9/2/2009 22:00,32387.92,27.78,11.77,0.45,2.48,1.85,2
9/2/2009 23:00,32387.97,26.11,11.07,0.89,3.84,0.45,3
9/3/2009 0:00,32388,26.11,9.02,1.79,1.85,1.99,3
9/3/2009 1:00,32388.04,25,12.56,1.34,4.29,2.06,3
9/3/2009 2:00,32388.08,24.44,11.72,1.34,1.13,2.13,3
9/3/2009 3:00,32388.13,25,11.18,3.58,1.17,2.2,3
9/3/2009 4:00,32388.17,25,10.07,2.68,1.2,2.26,3
9/3/2009 5:00,32388.21,25.56,11.32,1.34,1.01,2.33,3
9/3/2009 6:00,32388.25,23.89,12.5,3.13,1.12,2.4,10
9/3/2009 7:00,32388.29,25.56,10.95,2.24,1.29,2.47,114
9/3/2009 8:00,32388.34,30,12.46,0.45,2.86,2.54,297
9/3/2009 9:00,32388.38,32.78,12.49,0.89,2.65,2.61,489
9/3/2009 10:00,32388.42,34.44,12.86,2.24,4.17,2.68,644
9/3/2009 11:00,32388.46,35,10.92,1.34,2.97,2.75,728
9/3/2009 12:00,32388.5,37.78,11.17,0.89,4.24,2.81,809
9/3/2009 13:00,32388.55,38.89,12.1,0.89,4.15,0,830
9/3/2009 14:00,32388.59,38.33,10.87,1.79,3.16,0,768
9/3/2009 15:00,32388.63,40.56,9.2,1.34,0.84,0,637
9/3/2009 16:00,32388.67,38.89,5.8,2.68,5.32,0,489
9/3/2009 17:00,32388.71,38.33,6.41,1.34,4.97,0,285
9/3/2009 18:00,32388.76,36.11,6.53,1.34,4.66,0,87
9/3/2009 19:00,32388.8,32.22,5.79,0.89,5.18,0,8
9/3/2009 20:00,32388.84,31.11,5.6,0.45,4.66,0,2
9/3/2009 21:00,32388.88,30,5.36,0.89,4.1,0,2
9/3/2009 22:00,32388.92,28.33,3.96,1.34,4.17,0,2
9/3/2009 23:00,32388.97,27.22,12.83,0.45,2.72,1.92,3
9/4/2009 0:00,32389,26.11,4.55,0.89,1.19,0,2
9/4/2009 1:00,32389.04,26.11,12.19,2.24,0.93,0,3
9/4/2009 2:00,32389.08,25,8.03,1.34,1.87,0,3
9/4/2009 3:00,32389.13,25.56,8.95,2.68,1.54,0,3
9/4/2009 4:00,32389.17,22.22,5.14,0.89,4.43,0,3
9/4/2009 5:00,32389.21,22.78,9.16,2.68,1.61,0,3
9/4/2009 6:00,32389.25,20.56,4.51,0.89,3.8,0,11
9/4/2009 7:00,32389.29,23.89,13.41,1.34,0.8,0,92
9/4/2009 8:00,32389.34,27.22,10.44,1.79,1.29,0,246
9/4/2009 9:00,32389.38,31.67,9.31,0.89,4.21,0,504
9/4/2009 10:00,32389.42,32.78,9.66,1.79,3.3,0,668
9/4/2009 11:00,32389.46,35,8.85,1.79,3.79,0,779
9/4/2009 12:00,32389.5,34.44,9.1,0.89,3.04,0,861
9/4/2009 13:00,32389.55,35.56,8.56,0.89,4.01,0,868
9/4/2009 14:00,32389.59,37.78,11.9,0.89,0.51,0,807
9/4/2009 15:00,32389.63,37.78,8.77,0.45,4.64,0,680
9/4/2009 16:00,32389.67,37.78,2.57,0.89,4.15,0,506
9/4/2009 17:00,32389.71,36.67,1.7,0.89,4.52,0,314
9/4/2009 18:00,32389.76,35,4.7,0.89,4.9,0,101
9/4/2009 19:00,32389.8,31.11,1.55,0.89,5.04,0,8
9/4/2009 20:00,32389.84,28.89,3.02,0.45,4,0,2
9/4/2009 21:00,32389.88,25.56,2.9,0.89,4.4,0,3
9/4/2009 22:00,32389.92,23.89,3.73,0.89,4.21,0,3
9/4/2009 23:00,32389.97,26.67,3.84,0.45,4.29,0,2
9/5/2009 0:00,32390,20.56,1.85,0.89,4.43,0,3
9/5/2009 1:00,32390.04,19.44,1.81,0.89,4.33,0,3
9/5/2009 2:00,32390.08,20.56,7.14,0.89,1.47,0,3
9/5/2009 3:00,32390.13,18.33,2.53,1.34,3.72,0,3
9/5/2009 4:00,32390.17,18.33,2.53,1.34,3.61,0,3
9/5/2009 5:00,32390.21,18.89,5.63,0.45,3.84,0,3
9/5/2009 6:00,32390.25,15.56,2.61,0.45,4.17,0,11
9/5/2009 7:00,32390.29,20,4.41,0.89,4.19,0,135
9/5/2009 8:00,32390.34,22.22,4.7,0.89,4.49,0,338
9/5/2009 9:00,32390.38,25,5.21,1.34,3.74,0,539
9/5/2009 10:00,32390.42,28.33,5.87,1.34,3.53,0,709
9/5/2009 11:00,32390.46,31.11,4.1,1.34,4.45,0,833
9/5/2009 12:00,32390.5,32.22,2.45,1.79,4.17,0,898
9/5/2009 13:00,32390.55,32.22,1.5,1.79,4.64,0,897
9/5/2009 14:00,32390.59,34.44,3.29,0.45,1.78,0,817
9/5/2009 15:00,32390.63,33.33,2.39,1.34,4.61,0,696
9/5/2009 16:00,32390.67,33.33,2.39,0.45,3.6,0,521
9/5/2009 17:00,32390.71,31.67,3.75,1.79,4.28,0,318
9/5/2009 18:00,32390.76,30,6.67,1.34,4.42,0,101
9/5/2009 19:00,32390.8,25.56,7.63,0.45,4.1,0,7
9/5/2009 20:00,32390.84,25,11.53,0.45,3.98,0,3
9/5/2009 21:00,32390.88,22.78,12.08,0.45,4.43,0,3
9/5/2009 22:00,32390.92,22.22,12.99,0.89,4.68,0,3
9/5/2009 23:00,32390.97,21.11,0.27,0.89,4.28,0,3
9/6/2009 0:00,32391,20.56,13.23,0.89,5.39,0,3
9/6/2009 1:00,32391.04,18.89,12.59,0.45,5.27,0,3
9/6/2009 2:00,32391.08,17.78,11.53,0.45,2.79,0,3
9/6/2009 3:00,32391.13,17.22,11.22,0.45,3.65,0,3
9/6/2009 4:00,32391.17,16.67,10.91,1.34,4.1,0,3
9/6/2009 5:00,32391.21,15.56,10.9,0.45,5.57,0,3
9/6/2009 6:00,32391.25,15.56,9.63,0.89,4.07,0,11
9/6/2009 7:00,32391.29,20,11.18,0.45,4.26,0,139
9/6/2009 8:00,32391.34,22.78,9.51,0.89,3.93,0,337
9/6/2009 9:00,32391.38,26.11,8.58,0.45,4.29,0,533
9/6/2009 10:00,32391.42,27.78,7.62,0.45,3.49,0,695
9/6/2009 11:00,32391.46,28.89,6.34,0.89,4.05,0,821
9/6/2009 12:00,32391.5,30,7.29,0.89,3.96,0,880
9/6/2009 13:00,32391.55,30.56,7.14,0.89,2.98,0,878
9/6/2009 14:00,32391.59,31.11,8.24,0.45,3.89,0,809
9/6/2009 15:00,32391.63,30.56,7.14,0.45,3.61,0,682
9/6/2009 16:00,32391.67,30,6.67,0.89,5.03,0,509
9/6/2009 17:00,32391.71,28.89,3.74,0.89,4.29,0,311
9/6/2009 18:00,32391.76,27.78,4.79,0.45,6.18,0,101
9/6/2009 19:00,32391.8,23.89,2.65,0.89,4.73,0,6
9/6/2009 20:00,32391.84,22.22,4.7,0.89,4.17,0,3
9/6/2009 21:00,32391.88,21.11,6.93,0.89,3.8,0,3
9/6/2009 22:00,32391.92,20,6.64,0.89,4.31,0,3
9/6/2009 23:00,32391.97,20.56,12.48,0.89,4.1,0,3
9/7/2009 0:00,32392,18.33,9.35,1.34,4.14,0,3
9/7/2009 1:00,32392.04,17.22,9.34,0.45,4.28,0,3
9/7/2009 2:00,32392.08,16.11,8.53,0.89,4,0,3
9/7/2009 3:00,32392.13,16.67,8.56,0.45,4.28,0,3
9/7/2009 4:00,32392.17,17.22,9.34,0.45,3.11,0,3
9/7/2009 5:00,32392.21,15.56,6.48,1.34,3.86,0,3
9/7/2009 6:00,32392.25,16.67,8.31,0.89,3.94,0,11
9/7/2009 7:00,32392.29,18.33,7.37,1.34,4.01,0,142
9/7/2009 8:00,32392.34,20,7.97,0.45,4.4,0,340
9/7/2009 9:00,32392.38,23.89,8.68,0.45,3.19,0,535
9/7/2009 10:00,32392.42,26.67,9.07,1.34,3.37,0,704
9/7/2009 11:00,32392.46,27.78,7.62,0.45,4.42,0,825
9/7/2009 12:00,32392.5,30,7.29,0.89,4.57,0,885
9/7/2009 13:00,32392.55,31.11,6.97,0.89,4.38,0,878
9/7/2009 14:00,32392.59,32.22,5.79,0.89,3.93,0,810
9/7/2009 15:00,32392.63,31.67,6.06,0.89,4.4,0,676
9/7/2009 16:00,32392.67,32.78,4.66,1.34,4.1,0,498
9/7/2009 17:00,32392.71,30.56,4.4,0.89,3.84,0,302
9/7/2009 18:00,32392.76,27.78,4.79,0.89,4.33,0,95
9/7/2009 19:00,32392.8,25,4.16,0.89,5.03,0,6
9/7/2009 20:00,32392.84,23.89,4.75,0.45,6.07,0,3
9/7/2009 21:00,32392.88,23.33,6.12,0.45,1.85,0,3
9/7/2009 22:00,32392.92,22.22,5.99,0.45,4.87,0,3
9/7/2009 23:00,32392.97,19.44,8.4,0.89,4.21,0,3
9/8/2009 0:00,32393,19.44,6.48,0.89,4.31,0,3
9/8/2009 1:00,32393.04,19.44,6.14,2.24,1.55,0,3
9/8/2009 2:00,32393.08,20,9.51,1.34,1.66,0,3
9/8/2009 3:00,32393.13,18.89,8.18,0.45,3.02,0,3
9/8/2009 4:00,32393.17,18.89,10.14,2.24,1.15,0,3
9/8/2009 5:00,32393.21,18.89,8.18,3.13,1.13,0,3
9/8/2009 6:00,32393.25,18.89,9.05,2.24,1.19,0,10
9/8/2009 7:00,32393.29,21.11,9.63,1.79,1.66,0,133
9/8/2009 8:00,32393.34,25.56,7.17,0.45,3.58,0,332
9/8/2009 9:00,32393.38,27.22,6.61,0.89,4.08,0,529
9/8/2009 10:00,32393.42,28.33,7.02,1.79,3.65,0,694
9/8/2009 11:00,32393.46,30.56,8.36,0.45,5.74,0,812
9/8/2009 12:00,32393.5,32.78,5.48,1.34,3.02,0,872
9/8/2009 13:00,32393.55,34.44,5.17,0.45,0.09,0,874
9/8/2009 14:00,32393.59,33.89,5.58,0.89,3.04,0,804
9/8/2009 15:00,32393.63,35,6.49,2.24,3.32,0,674
9/8/2009 16:00,32393.67,35,6.49,0.45,4.57,0,496
9/8/2009 17:00,32393.71,32.78,6.25,0,5.17,0,293
9/8/2009 18:00,32393.76,31.11,6.3,0.45,4.49,0,92
9/8/2009 19:00,32393.8,27.78,4.79,0.45,4.24,0,5
9/8/2009 20:00,32393.84,26.67,6.13,0.45,5.29,0,2
9/8/2009 21:00,32393.88,25.56,5.7,1.79,6.06,0,3
9/8/2009 22:00,32393.92,24.44,8.38,1.79,1.5,0,3
9/8/2009 23:00,32393.97,21.67,5.9,0.89,4.12,0,3
9/9/2009 0:00,32394,23.89,9.44,3.58,1.26,0,3
9/9/2009 1:00,32394.04,22.22,9.35,1.79,1.29,0,3
9/9/2009 2:00,32394.08,22.22,8.66,1.79,1.95,0,3
9/9/2009 3:00,32394.13,22.22,9.35,1.79,1.41,0,3
9/9/2009 4:00,32394.17,21.11,9.94,2.68,1.57,0,3
9/9/2009 5:00,32394.21,21.11,9.63,2.68,1.36,0,3
9/9/2009 6:00,32394.25,21.67,9.5,3.13,1.27,0,9
9/9/2009 7:00,32394.29,21.11,8.33,0.45,3.72,0,128
9/9/2009 8:00,32394.34,25,6.68,0,3.96,0,323
9/9/2009 9:00,32394.38,28.33,8.62,1.34,0.86,0,521
9/9/2009 10:00,32394.42,31.11,6.3,0.89,3.51,0,688
9/9/2009 11:00,32394.46,32.78,6.25,0.45,3.28,0,813
9/9/2009 12:00,32394.5,35,6.49,1.34,5.92,0,873
9/9/2009 13:00,32394.55,35.56,6.95,0.89,1.03,0,868
9/9/2009 14:00,32394.59,36.11,5.6,1.34,4.01,0,795
9/9/2009 15:00,32394.63,36.11,5.6,1.34,4.57,0,667
9/9/2009 16:00,32394.67,36.11,5.6,0.45,4.21,0,491
9/9/2009 17:00,32394.71,35,5.62,1.34,3.94,0,290
9/9/2009 18:00,32394.76,31.11,6.3,0.45,4.43,0,81
9/9/2009 19:00,32394.8,28.33,6.46,1.34,4.66,0,5
9/9/2009 20:00,32394.84,27.78,5.39,0.45,3.04,0,2
9/9/2009 21:00,32394.88,27.22,6.07,0.45,4.36,0,2
9/9/2009 22:00,32394.92,24.44,5.23,0.45,6.13,0,3
9/9/2009 23:00,32394.97,23.89,8.68,3.13,1.24,0,3
9/10/2009 0:00,32395,23.89,7.05,1.79,1.61,0,3
9/10/2009 1:00,32395.04,21.67,7.44,0.45,0.37,0,3
9/10/2009 2:00,32395.08,22.22,9.01,2.68,1.13,0,3
9/10/2009 3:00,32395.13,23.33,10.02,3.13,1.22,0,3
9/10/2009 4:00,32395.17,22.22,8.3,3.13,1.27,0,3
9/10/2009 5:00,32395.21,22.22,8.3,1.34,2.04,0,3
9/10/2009 6:00,32395.25,21.67,9.82,1.79,1.26,0,10
9/10/2009 7:00,32395.29,23.89,8.29,0.89,5.81,0,126
9/10/2009 8:00,32395.34,27.78,10.05,0.45,6.14,0,303
9/10/2009 9:00,32395.38,29.44,8.53,0.89,3.74,0,518
9/10/2009 10:00,32395.42,32.78,9.03,0.45,4.36,0,687
9/10/2009 11:00,32395.46,34.44,9.1,0.89,3.72,0,810
9/10/2009 12:00,32395.5,35,8.85,0.45,3.61,0,868
9/10/2009 13:00,32395.55,36.11,8.23,0.89,3.68,0,862
9/10/2009 14:00,32395.59,40,9.7,0.45,2.08,0,802
9/10/2009 15:00,32395.63,38.89,8.79,1.34,3.82,0.07,669
9/10/2009 16:00,32395.67,38.33,8.34,0.45,4.05,0.14,485
9/10/2009 17:00,32395.71,35.56,8.56,0.45,3.84,0.21,242
9/10/2009 18:00,32395.76,33.33,8.85,0.89,4.24,0.28,88
9/10/2009 19:00,32395.8,31.11,7.62,0.45,6.04,0.35,5
9/10/2009 20:00,32395.84,29.44,6.2,0.89,3.75,0.42,2
9/10/2009 21:00,32395.88,27.78,7.62,0.45,0.77,0.49,2
9/10/2009 22:00,32395.92,26.67,9.07,0.89,0.87,0.55,3
9/10/2009 23:00,32395.97,24.44,7.1,1.79,1.52,0,3
9/11/2009 0:00,32396,25,8.88,0.89,1.47,0.69,3
9/11/2009 1:00,32396.04,25,11.18,2.24,1.71,0.76,3
9/11/2009 2:00,32396.08,25.56,9.37,2.68,0.82,0.83,3
9/11/2009 3:00,32396.13,23.89,9.81,3.58,1.13,0.9,3
9/11/2009 4:00,32396.17,25,9.28,3.13,1.05,0.97,3
9/11/2009 5:00,32396.21,22.78,6.48,1.34,1.41,1.04,3
9/11/2009 6:00,32396.25,22.78,9.51,0.89,0.35,1.11,8
9/11/2009 7:00,32396.29,26.11,8.58,0.45,5.99,1.18,122
9/11/2009 8:00,32396.34,27.78,11.77,0.45,5.65,1.25,314
9/11/2009 9:00,32396.38,30.56,8.36,1.79,4.01,1.32,510
9/11/2009 10:00,32396.42,34.44,9.1,1.79,3.32,1.39,676
9/11/2009 11:00,32396.46,34.44,9.1,3.13,3.67,1.46,798
9/11/2009 12:00,32396.5,36.11,10.5,1.34,4.5,1.52,816
9/11/2009 13:00,32396.55,38.33,10.07,1.79,3.04,4.79,659
9/11/2009 14:00,32396.59,38.89,9.68,0.89,4.29,2.21,646
9/11/2009 15:00,32396.63,37.22,11.43,0.89,3.93,2.11,443
9/11/2009 16:00,32396.67,36.67,10.97,0.89,3.63,2.01,309
9/11/2009 17:00,32396.71,36.11,11.19,0.45,4.47,1.91,176
9/11/2009 18:00,32396.76,33.33,11.89,0.45,3.8,1.81,54
9/11/2009 19:00,32396.8,31.67,9.31,0.45,3.6,1.7,4
9/11/2009 20:00,32396.84,30.56,9.49,0.89,3.7,1.6,2
9/11/2009 21:00,32396.88,29.44,10.58,1.34,1.34,1.5,2
9/11/2009 22:00,32396.92,28.89,10.57,0.89,3.42,1.4,3
9/11/2009 23:00,32396.97,26.11,9.02,0.89,2.09,0.62,3
9/12/2009 0:00,32397,25.56,12.04,2.24,1.43,1.2,3
9/12/2009 1:00,32397.04,25.56,10.95,1.34,0.93,1.1,3
9/12/2009 2:00,32397.08,25.56,13.4,2.24,1.34,1,3
9/12/2009 3:00,32397.13,25,11.18,2.24,1.17,0.9,3
9/12/2009 4:00,32397.17,24.44,11.72,1.34,4.1,0.8,3
9/12/2009 5:00,32397.21,23.89,10.52,2.24,1.34,0.7,3
9/12/2009 6:00,32397.25,23.33,12.6,2.24,0.65,0.6,8
9/12/2009 7:00,32397.29,24.44,10.31,3.58,1.08,0.5,108
9/12/2009 8:00,32397.34,27.22,9.1,2.24,1.06,0.4,258
9/12/2009 9:00,32397.38,30,11.07,1.34,3.46,0.3,367
9/12/2009 10:00,32397.42,32.78,9.03,0.89,2.93,0.2,563
9/12/2009 11:00,32397.46,33.33,8.85,1.79,3.68,0.1,754
9/12/2009 12:00,32397.5,35.56,9.31,0.45,3.16,0,835
9/12/2009 13:00,32397.55,37.78,9.61,0.45,4.54,0,838
9/12/2009 14:00,32397.59,39.44,10.14,0.89,3.11,0,765
9/12/2009 15:00,32397.63,37.78,4.91,0.89,5.03,0,639
9/12/2009 16:00,32397.67,37.78,4.91,1.34,4.29,0,467
9/12/2009 17:00,32397.71,36.67,5.07,0.89,3.67,0,272
9/12/2009 18:00,32397.76,32.78,5.48,0.45,4.9,0,65
9/12/2009 19:00,32397.8,29.44,4.9,0.89,3.79,0,4
9/12/2009 20:00,32397.84,27.78,4.79,0.89,4.45,0,2
9/12/2009 21:00,32397.88,24.44,8.78,0.45,4.73,0,2
9/12/2009 22:00,32397.92,23.33,12.29,0.45,4.4,0,3
9/12/2009 23:00,32397.97,26.67,14.42,0.45,1.41,1.3,2
9/13/2009 0:00,32398,20.56,12.99,0.89,4.36,0,3
9/13/2009 1:00,32398.04,18.89,11.16,1.34,4.22,0,3
9/13/2009 2:00,32398.08,18.33,11.6,1.34,4,0,3
9/13/2009 3:00,32398.13,16.11,10.38,0.89,3.7,0,3
9/13/2009 4:00,32398.17,16.67,11.13,0.45,3.94,0,3
9/13/2009 5:00,32398.21,15.56,10.28,0.89,4.22,0,3
9/13/2009 6:00,32398.25,16.11,10.38,0.89,2.84,0,6
9/13/2009 7:00,32398.29,17.78,10.59,1.34,4.19,0,108
9/13/2009 8:00,32398.34,22.22,11.86,0.45,3.49,0,297
9/13/2009 9:00,32398.38,23.89,11.87,0.89,3.61,0,494
9/13/2009 10:00,32398.42,26.11,11.82,1.79,3.58,0,661
9/13/2009 11:00,32398.46,28.89,10.1,0.45,3.82,0,780
9/13/2009 12:00,32398.5,30.56,7.76,1.79,4.15,0,841
9/13/2009 13:00,32398.55,32.22,7.23,0.89,3.77,0,849
9/13/2009 14:00,32398.59,31.11,6.3,1.34,4.61,0,743
9/13/2009 15:00,32398.63,31.11,6.97,0.89,4.15,0,605
9/13/2009 16:00,32398.67,27.78,8.64,1.34,4.5,0,345
9/13/2009 17:00,32398.71,26.67,8.15,0.45,1.88,0,129
9/13/2009 18:00,32398.76,26.11,6.18,0.45,4.12,0,89
9/13/2009 19:00,32398.8,22.78,9.16,0.89,4.21,0,4
9/13/2009 20:00,32398.84,21.11,8.99,0,6.16,0,3
9/13/2009 21:00,32398.88,21.11,8.99,0.45,3.93,0,3
9/13/2009 22:00,32398.92,21.11,9.94,0.45,3.7,0,3
9/13/2009 23:00,32398.97,21.11,12.49,0.45,4.14,0,3
9/14/2009 0:00,32399,19.44,12.42,1.34,4.56,0,3
9/14/2009 1:00,32399.04,18.33,12.51,0.45,4.4,0,3
9/14/2009 2:00,32399.08,18.33,13.79,0.89,4.28,0,3
9/14/2009 3:00,32399.13,18.33,13.59,0.89,4.24,0,3
9/14/2009 4:00,32399.17,16.67,13.74,2.24,3.93,0,3
9/14/2009 5:00,32399.21,16.11,14.63,0.89,5.36,0,3
9/14/2009 6:00,32399.25,16.11,14.97,0.89,4.49,0,4
9/14/2009 7:00,32399.29,16.67,15.35,0.89,4.5,0,42
9/14/2009 8:00,32399.34,16.67,14.65,0.89,4.28,0,150
9/14/2009 9:00,32399.38,16.11,13.2,0.89,5.18,0,90
9/14/2009 10:00,32399.42,15.56,12.84,1.79,4.71,0,101
9/14/2009 11:00,32399.46,19.44,13.35,0.89,4.31,0,381
9/14/2009 12:00,32399.5,23.33,12.29,0.45,3.77,0,840
9/14/2009 13:00,32399.55,26.67,12.69,0.45,3.46,0,831
9/14/2009 14:00,32399.59,27.78,12.95,1.34,5.32,0,755
9/14/2009 15:00,32399.63,26.67,10.77,1.34,5.01,0,649
9/14/2009 16:00,32399.67,26.11,9.02,1.79,4.1,0,452
9/14/2009 17:00,32399.71,24.44,8.38,1.79,4.28,0,266
9/14/2009 18:00,32399.76,23.33,9.67,1.79,4.24,0,64
9/14/2009 19:00,32399.8,20.56,8.8,0.89,5.36,0,4
9/14/2009 20:00,32399.84,19.44,8.99,0.89,4.76,0,3
9/14/2009 21:00,32399.88,18.33,9.35,0.45,5.25,0,3
9/14/2009 22:00,32399.92,17.78,9.35,0.89,4.28,0,3
9/14/2009 23:00,32399.97,19.44,9.28,0.89,4.15,0,3
9/15/2009 0:00,32400,16.11,11.44,0.45,4.47,0,3
9/15/2009 1:00,32400.04,15.56,11.11,0.45,4.64,0,3
9/15/2009 2:00,32400.08,16.11,11.85,0.45,2.36,0,3
9/15/2009 3:00,32400.13,15.56,11.11,1.34,3.51,0,3
9/15/2009 4:00,32400.17,15.56,11.7,0.89,4.49,0,3
9/15/2009 5:00,32400.21,14.44,10.82,0.45,6.23,0,3
9/15/2009 6:00,32400.25,15.56,11.51,1.34,1.76,0,7
9/15/2009 7:00,32400.29,18.89,11.89,2.24,1.06,0,113
9/15/2009 8:00,32400.34,21.11,11.12,0.45,3.4,0,305
9/15/2009 9:00,32400.38,23.33,11.03,0.89,3.23,0,497
9/15/2009 10:00,32400.42,26.67,11.17,0.89,3.58,0,662
9/15/2009 11:00,32400.46,26.11,10.28,0.89,2.86,0,780
9/15/2009 12:00,32400.5,28.89,10.57,1.34,4.24,0,837
9/15/2009 13:00,32400.55,30,11.07,0.45,5.81,0,830
9/15/2009 14:00,32400.59,30.56,11.56,0.45,5.45,0,759
9/15/2009 15:00,32400.63,31.11,11.55,1.34,3.4,0,629
9/15/2009 16:00,32400.67,30.56,11.06,0.45,0.58,0,457
9/15/2009 17:00,32400.71,30.56,11.56,0.89,4.49,0,255
9/15/2009 18:00,32400.76,26.11,11.07,0.89,4.29,0,54
9/15/2009 19:00,32400.8,23.89,11.21,0.45,4.01,0,4
9/15/2009 20:00,32400.84,23.89,11.87,0.45,3.21,0,3
9/15/2009 21:00,32400.88,22.22,10.96,0.45,5.2,0,3
9/15/2009 22:00,32400.92,21.67,11.05,0.45,3.82,0,3
9/15/2009 23:00,32400.97,17.78,10.59,0.45,3.74,0,3
9/16/2009 0:00,32401,21.67,13.27,2.24,1.54,0,3
9/16/2009 1:00,32401.04,20.56,11.16,2.24,1.5,0,3
9/16/2009 2:00,32401.08,20.56,12.74,3.13,1.26,0,3
9/16/2009 3:00,32401.13,21.11,13.01,2.68,0.93,0,3
9/16/2009 4:00,32401.17,20.56,13.23,3.13,1.4,0,3
9/16/2009 5:00,32401.21,20,12.21,1.79,1.38,0,3
9/16/2009 6:00,32401.25,18.89,10.91,1.79,4.12,0,7
9/16/2009 7:00,32401.29,21.11,11.68,0.89,1.69,0,110
9/16/2009 8:00,32401.34,23.33,13.47,1.79,0.37,0,304
9/16/2009 9:00,32401.38,28.33,13.83,0.89,3.46,0,497
9/16/2009 10:00,32401.42,29.44,12.84,0.89,4.14,0,661
9/16/2009 11:00,32401.46,31.11,12.53,0.89,4.12,0,776
9/16/2009 12:00,32401.5,31.67,12.53,0.89,2.41,0,834
9/16/2009 13:00,32401.55,33.33,11.89,0.45,6.06,0,826
9/16/2009 14:00,32401.59,33.33,8.85,1.79,4.54,0,761
9/16/2009 15:00,32401.63,33.33,8.17,2.68,4.26,0,634
9/16/2009 16:00,32401.67,32.78,8.38,0.89,4.5,0,458
9/16/2009 17:00,32401.71,32.22,9.19,0.89,4.69,0,255
9/16/2009 18:00,32401.76,29.44,9.59,0.45,5.86,0,50
9/16/2009 19:00,32401.8,25.56,10.18,0.89,3.89,0,3
9/16/2009 20:00,32401.84,23.89,10.17,0.45,4.33,0,3
9/16/2009 21:00,32401.88,23.89,10.52,0.45,4.33,0,3
9/16/2009 22:00,32401.92,22.78,9.51,0.89,3.56,0,3
9/16/2009 23:00,32401.97,21.11,12.49,1.79,1.12,0,3
9/17/2009 0:00,32402,21.11,11.4,0.89,1.69,0,3
9/17/2009 1:00,32402.04,21.67,13.79,1.34,1.45,0,3
9/17/2009 2:00,32402.08,20.56,11.43,2.68,1.24,0,3
9/17/2009 3:00,32402.13,22.22,12.72,3.13,0.82,0,3
9/17/2009 4:00,32402.17,21.11,11.4,2.24,1.24,0,3
9/17/2009 5:00,32402.21,21.11,11.95,2.24,1.43,0,3
9/17/2009 6:00,32402.25,21.11,11.95,2.24,0.89,0,7
9/17/2009 7:00,32402.29,23.33,10.02,0.45,4.56,0,104
9/17/2009 8:00,32402.34,24.44,12.38,1.34,1.4,0,300
9/17/2009 9:00,32402.38,29.44,11.52,0.45,4.28,0,490
9/17/2009 10:00,32402.42,30,11.07,0.89,4.26,0,656
9/17/2009 11:00,32402.46,31.11,11.55,1.79,4.08,0,771
9/17/2009 12:00,32402.5,34.44,12.28,1.34,4.05,0,833
9/17/2009 13:00,32402.55,36.11,12.5,0.45,5.67,0,819
9/17/2009 14:00,32402.59,35,10.92,0.89,4.57,0,653
9/17/2009 15:00,32402.63,36.11,11.19,0.45,3.74,0,562
9/17/2009 16:00,32402.67,34.44,11.08,0.45,5.15,0,361
9/17/2009 17:00,32402.71,33.33,11.33,0.89,3.89,0,221
9/17/2009 18:00,32402.76,29.44,12.41,0.89,4.36,0,42
9/17/2009 19:00,32402.8,28.33,13.07,0.45,4.49,0,3
9/17/2009 20:00,32402.84,26.11,11.45,0.45,5.04,0,2
9/17/2009 21:00,32402.88,25.56,14.04,0.45,4.56,0,3
9/17/2009 22:00,32402.92,25,11.88,0.45,2.69,0,3
9/17/2009 23:00,32402.97,22.22,10.65,0.45,4.22,0,3
9/18/2009 0:00,32403,23.89,13.99,2.68,1.34,0,3
9/18/2009 1:00,32403.04,22.78,12.96,2.24,1.12,0,3
9/18/2009 2:00,32403.08,22.78,12.08,2.68,1.45,0,3
9/18/2009 3:00,32403.13,22.78,14.06,2.24,1.4,0,3
9/18/2009 4:00,32403.17,23.33,12.89,3.13,1.41,0,3
9/18/2009 5:00,32403.21,21.67,11.63,2.68,1.22,0,3
9/18/2009 6:00,32403.25,22.22,12.99,2.68,1.31,0,6
9/18/2009 7:00,32403.29,23.89,11.87,3.13,1.24,0,102
9/18/2009 8:00,32403.34,27.78,11.35,1.79,1.34,0,289
9/18/2009 9:00,32403.38,32.78,14.47,1.34,0.51,0,487
9/18/2009 10:00,32403.42,33.33,12.44,1.79,3.67,0,651
9/18/2009 11:00,32403.46,36.67,12.98,0.89,4.36,0,770
9/18/2009 12:00,32403.5,36.67,11.66,1.34,4.52,0,823
9/18/2009 13:00,32403.55,36.67,11.66,0.89,4.17,0,815
9/18/2009 14:00,32403.59,39.44,11.79,1.79,3.93,0,744
9/18/2009 15:00,32403.63,40,11.45,1.34,5.71,0.2,612
9/18/2009 16:00,32403.67,40,10.6,0.45,4,0.4,435
9/18/2009 17:00,32403.71,38.89,9.68,0.45,3.32,0.59,238
9/18/2009 18:00,32403.76,34.44,9.79,0.89,4.03,0.79,39
9/18/2009 19:00,32403.8,32.78,10.26,0.45,5.71,0.99,3
9/18/2009 20:00,32403.84,31.11,12.05,0.89,5.64,1.19,2
9/18/2009 21:00,32403.88,30.56,10.56,0.45,6.02,1.39,2
9/18/2009 22:00,32403.92,27.78,10.93,1.79,1.12,1.58,2
9/18/2009 23:00,32403.97,24.44,12.05,0.89,1.75,0,3
9/19/2009 0:00,32404,27.22,10.44,2.68,1.52,1.98,3
9/19/2009 1:00,32404.04,25.56,8.95,1.34,1.9,2.18,3
9/19/2009 2:00,32404.08,25,10.44,3.13,1.15,2.38,3
9/19/2009 3:00,32404.13,25.56,12.04,3.58,1.41,2.58,3
9/19/2009 4:00,32404.17,25,9.68,4.02,1.45,2.77,3
9/19/2009 5:00,32404.21,26.11,9.87,3.58,1.22,2.97,3
9/19/2009 6:00,32404.25,22.78,8.07,0.89,4.76,3.17,6
9/19/2009 7:00,32404.29,25,12.89,0.45,2.02,3.37,90
9/19/2009 8:00,32404.34,30,14.96,1.34,0.73,3.57,285
9/19/2009 9:00,32404.38,32.78,8.38,2.68,3.42,3.76,479
9/19/2009 10:00,32404.42,34.44,8.38,0.45,2.86,3.96,653
9/19/2009 11:00,32404.46,35,9.57,0.45,3.93,4.16,564
9/19/2009 12:00,32404.5,36.67,9.48,0.45,3.3,4.36,702
9/19/2009 13:00,32404.55,38.33,8.34,0.89,4.29,0,762
9/19/2009 14:00,32404.59,38.89,7.85,0.45,4.45,2.24,618
9/19/2009 15:00,32404.63,37.78,10.41,1.34,3.28,2.13,572
9/19/2009 16:00,32404.67,38.89,8.79,0.45,5.25,2.03,416
9/19/2009 17:00,32404.71,36.11,7.4,0.89,4.01,1.93,223
9/19/2009 18:00,32404.76,32.22,4.21,0.89,5.22,1.83,39
9/19/2009 19:00,32404.8,30.56,2.84,0.89,4.8,1.73,3
9/19/2009 20:00,32404.84,30,-0.29,0.45,4.26,1.63,2
9/19/2009 21:00,32404.88,26.11,4.55,0.45,3.61,1.52,2
9/19/2009 22:00,32404.92,23.89,6.17,0.45,4.19,1.42,3
9/19/2009 23:00,32404.97,26.67,10.77,3.58,1.36,1.78,3
9/20/2009 0:00,32405,22.22,7.94,0.45,4.99,1.22,3
9/20/2009 1:00,32405.04,21.11,9.31,0.45,6.27,1.12,3
9/20/2009 2:00,32405.08,22.22,10.65,1.79,1.2,1.02,3
9/20/2009 3:00,32405.13,21.11,6.93,1.34,3.87,0.91,3
9/20/2009 4:00,32405.17,20,7.65,0.45,3.75,0.81,3
9/20/2009 5:00,32405.21,20.56,10.31,1.79,1.05,0.71,3
9/20/2009 6:00,32405.25,21.11,6.19,0.89,2.09,0.61,6
9/20/2009 7:00,32405.29,21.67,7.07,0.45,3.51,0.51,94
9/20/2009 8:00,32405.34,27.78,9.59,0.45,4.45,0.41,294
9/20/2009 9:00,32405.38,27.22,8.15,1.34,3.68,0.3,489
9/20/2009 10:00,32405.42,28.89,8.59,3.13,3.37,0.2,654
9/20/2009 11:00,32405.46,31.11,8.84,0.89,3.89,0.1,769
9/20/2009 12:00,32405.5,33.33,9.5,2.24,3.44,0,825
9/20/2009 13:00,32405.55,35,10.92,1.34,4.96,0,816
9/20/2009 14:00,32405.59,35,8.1,0.89,3.42,0,747
9/20/2009 15:00,32405.63,37.22,7.43,0.89,4.36,0,615
9/20/2009 16:00,32405.67,36.67,7.86,1.34,3.96,0,440
9/20/2009 17:00,32405.71,33.89,7.92,0.89,4.26,0,234
9/20/2009 18:00,32405.76,30.56,10.03,0.89,4.26,0,36
9/20/2009 19:00,32405.8,27.78,9.12,0.45,3.96,0,3
9/20/2009 20:00,32405.84,27.22,8.63,0.45,4.97,0,2
9/20/2009 21:00,32405.88,26.11,8.58,0.45,4.15,0,2
9/20/2009 22:00,32405.92,25,10.44,2.24,1.24,0,3
9/20/2009 23:00,32405.97,23.33,8.18,0.45,4.07,1.32,3
9/21/2009 0:00,32406,23.89,11.21,0.45,1.85,0,3
9/21/2009 1:00,32406.04,22.78,10.84,1.79,1.26,0,3
9/21/2009 2:00,32406.08,22.78,10.19,2.68,1.12,0,3
9/21/2009 3:00,32406.13,23.33,11.03,3.13,1.27,0,3
9/21/2009 4:00,32406.17,22.22,10.01,2.68,1.19,0,3
9/21/2009 5:00,32406.21,22.78,10.52,2.24,1.38,0,3
9/21/2009 6:00,32406.25,22.22,11.27,1.79,1.45,0,5
9/21/2009 7:00,32406.29,23.89,11.21,2.24,1.1,0,90
9/21/2009 8:00,32406.34,27.22,12.45,1.79,0.66,0,290
9/21/2009 9:00,32406.38,30,7.88,0.89,4.35,0,481
9/21/2009 10:00,32406.42,32.22,9.19,0.45,3.98,0,643
9/21/2009 11:00,32406.46,33.89,9.32,0.89,3.93,0,758
9/21/2009 12:00,32406.5,35.56,10.03,1.79,4.26,0,814
9/21/2009 13:00,32406.55,36.67,10.24,2.24,3.46,0,807
9/21/2009 14:00,32406.59,37.22,9.15,0.89,4.56,0,731
9/21/2009 15:00,32406.63,38.89,9.68,0.89,4.45,0,600
9/21/2009 16:00,32406.67,38.33,8.34,1.34,4.4,0,422
9/21/2009 17:00,32406.71,35.56,8.56,0.89,3.65,0,215
9/21/2009 18:00,32406.76,32.22,9.79,0.45,4.19,0,29
9/21/2009 19:00,32406.8,30.56,8.94,0.45,5.06,0,3
9/21/2009 20:00,32406.84,29.44,9.07,0.45,5.15,0,2
9/21/2009 21:00,32406.88,28.33,11.42,1.79,1.08,0,3
9/21/2009 22:00,32406.92,27.78,10.05,2.24,1.19,0,3
9/21/2009 23:00,32406.97,24.44,10.67,2.24,1.62,0,3
9/22/2009 0:00,32407,25,8.88,1.79,1.34,0,3
9/22/2009 1:00,32407.04,25,7.59,0.89,2.71,0,3
9/22/2009 2:00,32407.08,23.89,10.87,2.68,1.2,0,3
9/22/2009 3:00,32407.13,23.89,10.87,1.79,1.26,0,3
9/22/2009 4:00,32407.17,23.89,9.44,4.02,1.05,0,3
9/22/2009 5:00,32407.21,22.78,9.51,3.58,1.03,0,3
9/22/2009 6:00,32407.25,22.78,6.89,0.89,0.94,0,5
9/22/2009 7:00,32407.29,25.56,12.73,0.89,1.01,0,90
9/22/2009 8:00,32407.34,28.89,9.61,0.89,3.67,0,292
9/22/2009 9:00,32407.38,31.11,6.97,0.89,3.56,0,486
9/22/2009 10:00,32407.42,33.89,9.97,0.89,2.08,0,649
9/22/2009 11:00,32407.46,34.44,10.45,0.89,4.03,0,762
9/22/2009 12:00,32407.5,36.11,11.86,1.79,3.79,0,813
9/22/2009 13:00,32407.55,37.78,11.9,0.45,4.94,0,803
9/22/2009 14:00,32407.59,37.78,10.41,0.45,2.71,0,734
9/22/2009 15:00,32407.63,40,12.26,0.89,4.36,0,595
9/22/2009 16:00,32407.67,38.33,7.4,0.89,1.71,0,417
9/22/2009 17:00,32407.71,37.22,6.5,0.45,5.32,0,216
9/22/2009 18:00,32407.76,33.33,7.46,0.45,3.98,0,28
9/22/2009 19:00,32407.8,30.56,7.14,1.34,5.83,0,3
9/22/2009 20:00,32407.84,29.44,8.53,0.89,0.52,0,2
9/22/2009 21:00,32407.88,29.44,10.09,1.79,1.27,0,2
9/22/2009 22:00,32407.92,27.78,10.05,3.58,1.1,0,3
9/22/2009 23:00,32407.97,26.11,11.45,2.68,1.4,0,3
9/23/2009 0:00,32408,26.11,9.87,3.13,0.99,0,3
9/23/2009 1:00,32408.04,26.11,9.87,2.68,1.15,0,3
9/23/2009 2:00,32408.08,25.56,9.78,2.68,1.26,0,3
9/23/2009 3:00,32408.13,26.11,9.45,2.24,1.17,0,3
9/23/2009 4:00,32408.17,25,8.03,0.45,2.97,0,3
9/23/2009 5:00,32408.21,23.89,8.68,3.58,1.15,0,3
9/23/2009 6:00,32408.25,23.33,9.31,4.47,1.38,0,5
9/23/2009 7:00,32408.29,26.11,9.45,1.34,0.75,0,84
9/23/2009 8:00,32408.34,28.33,8.62,0.45,3.96,0,281
9/23/2009 9:00,32408.38,31.11,7.62,0.45,5.15,0,475
9/23/2009 10:00,32408.42,36.11,6.53,0.45,0.3,0,640
9/23/2009 11:00,32408.46,36.11,8.23,1.34,3.74,0,756
9/23/2009 12:00,32408.5,37.78,8.77,0.89,3.75,0,805
9/23/2009 13:00,32408.55,38.89,7.85,0.89,2.32,0,790
9/23/2009 14:00,32408.59,40.56,9.2,0.89,1.73,0,718
9/23/2009 15:00,32408.63,40,5.54,0.89,5.08,0,582
9/23/2009 16:00,32408.67,39.44,8.3,0.45,4.17,0,405
9/23/2009 17:00,32408.71,37.22,8.31,0.45,4.33,0,198
9/23/2009 18:00,32408.76,33.33,5.12,0.89,4.22,0,28
9/23/2009 19:00,32408.8,30.56,5.13,0.45,2.36,0,2
9/23/2009 20:00,32408.84,29.44,4.9,0,1.4,0,2
9/23/2009 21:00,32408.88,28.33,6.46,1.79,1.15,0,2
9/23/2009 22:00,32408.92,27.22,6.61,3.58,1.12,0,3
9/23/2009 23:00,32408.97,26.67,8.61,3.58,1.13,0,3
9/24/2009 0:00,32409,25,7.14,1.79,1.24,0,3
9/24/2009 1:00,32409.04,25,10.44,3.13,1.15,0,3
9/24/2009 2:00,32409.08,23.89,9.44,2.68,1.4,0,3
9/24/2009 3:00,32409.13,25,7.14,0.89,3.68,0,3
9/24/2009 4:00,32409.17,22.78,10.19,3.58,1.03,0,3
9/24/2009 5:00,32409.21,22.78,8.8,3.58,1.45,0,3
9/24/2009 6:00,32409.25,23.33,6.55,2.24,1.1,0,5
9/24/2009 7:00,32409.29,25,11.53,1.79,1.26,0,81
9/24/2009 8:00,32409.34,28.89,9.61,0.45,3.77,0,282
9/24/2009 9:00,32409.38,31.11,6.97,1.34,3.4,0,476
9/24/2009 10:00,32409.42,33.33,4.26,0.89,3.8,0,638
9/24/2009 11:00,32409.46,35.56,5.15,1.79,3.79,0,754
9/24/2009 12:00,32409.5,37.22,5.52,0.45,2.22,0,806
9/24/2009 13:00,32409.55,37.78,4.91,0.45,3.46,0,797
9/24/2009 14:00,32409.59,38.33,6.41,0,4.83,0,723
9/24/2009 15:00,32409.63,38.89,4.66,0.45,3.87,0,586
9/24/2009 16:00,32409.67,38.33,3.01,0.45,4.36,0,409
9/24/2009 17:00,32409.71,37.22,0.83,0.89,3.98,0,205
9/24/2009 18:00,32409.76,32.78,2.9,0.45,4.35,0,23
9/24/2009 19:00,32409.8,30.56,4.4,0.45,2.09,0,2
9/24/2009 20:00,32409.84,30.56,2,1.34,0.03,0,2
9/24/2009 21:00,32409.88,28.33,4.62,2.68,1.19,0,2
9/24/2009 22:00,32409.92,26.67,3.84,1.79,1.78,0,2
9/24/2009 23:00,32409.97,26.67,5.03,0.89,3.82,0,3
9/25/2009 0:00,32410,25.56,6.2,3.13,1.2,0,3
9/25/2009 1:00,32410.04,24.44,6.66,3.13,1.26,0,3
9/25/2009 2:00,32410.08,25.56,4.08,1.34,1.99,0,3
9/25/2009 3:00,32410.13,25,5.72,2.24,1.1,0,3
9/25/2009 4:00,32410.17,23.33,8.57,2.68,1.34,0,3
9/25/2009 5:00,32410.21,23.33,6.55,2.24,1.41,0,3
9/25/2009 6:00,32410.25,23.89,8.29,2.68,1.03,0,5
9/25/2009 7:00,32410.29,25.56,8.52,2.68,1.17,0,80
9/25/2009 8:00,32410.34,30,7.29,0.45,3.6,0,278
9/25/2009 9:00,32410.38,30.56,6.5,0.45,3.21,0,470
9/25/2009 10:00,32410.42,32.78,5.48,1.34,4.14,0,635
9/25/2009 11:00,32410.46,36.67,6.98,1.79,3.87,0,751
9/25/2009 12:00,32410.5,37.22,6.5,0.89,3.39,0,806
9/25/2009 13:00,32410.55,38.89,6.86,0.89,4.33,0,797
9/25/2009 14:00,32410.59,39.44,6.24,1.34,3.51,0,723
9/25/2009 15:00,32410.63,39.44,3.88,0.89,4.47,0,583
9/25/2009 16:00,32410.67,38.89,4.66,1.34,3.8,0,408
9/25/2009 17:00,32410.71,36.11,1.27,0.89,4.28,0,198
9/25/2009 18:00,32410.76,32.78,3.81,0.45,3.79,0,21
9/25/2009 19:00,32410.8,31.11,4.1,0.45,3.35,0,2
9/25/2009 20:00,32410.84,30,3.94,0.45,4.36,0,2
9/25/2009 21:00,32410.88,27.22,8.15,1.79,0.96,0,2
9/25/2009 22:00,32410.92,26.67,6.13,2.24,1.26,0,3
9/25/2009 23:00,32410.97,26.11,3.97,1.34,1.38,0,3
9/26/2009 0:00,32411,26.11,6.69,3.13,1.26,0,3
9/26/2009 1:00,32411.04,26.67,5.03,1.79,1.59,0,3
9/26/2009 2:00,32411.08,25.56,4.08,1.34,1.73,0,3
9/26/2009 3:00,32411.13,23.33,10.7,2.68,0.7,0,3
9/26/2009 4:00,32411.17,23.33,7.39,2.68,1.34,0,3
9/26/2009 5:00,32411.21,24.44,7.1,3.58,1.22,0,3
9/26/2009 6:00,32411.25,22.78,5.63,0.89,0.87,0,4
9/26/2009 7:00,32411.29,23.89,7.47,2.24,1.34,0,79
9/26/2009 8:00,32411.34,26.11,6.18,0.89,4.21,0,279
9/26/2009 9:00,32411.38,32.78,6.99,0.45,4.73,0,472
9/26/2009 10:00,32411.42,37.22,9.95,1.34,5.74,0,632
9/26/2009 11:00,32411.46,37.22,5.52,2.68,3.74,0,748
9/26/2009 12:00,32411.5,38.33,5.36,0.89,3.42,0,808
9/26/2009 13:00,32411.55,38.89,7.85,0.89,3.44,0,792
9/26/2009 14:00,32411.59,39.44,9.25,0.89,3.11,0,712
9/26/2009 15:00,32411.63,40,6.68,0.45,5.43,0,575
9/26/2009 16:00,32411.67,40,7.75,0.89,4.42,0,396
9/26/2009 17:00,32411.71,38.33,8.34,0.45,3.35,0,182
9/26/2009 18:00,32411.76,32.78,9.03,0.45,3.86,0,20
9/26/2009 19:00,32411.8,31.67,8.71,1.34,0.17,0,2
9/26/2009 20:00,32411.84,30,9.01,1.34,1.17,0,2
9/26/2009 21:00,32411.88,28.33,9.12,2.24,0.98,0,2
9/26/2009 22:00,32411.92,27.78,10.05,4.47,1.03,0,2
9/26/2009 23:00,32411.97,25.56,5.7,3.58,1.03,0,3
9/27/2009 0:00,32412,26.11,8.58,3.13,1.27,0,3
9/27/2009 1:00,32412.04,26.11,7.18,3.58,1.38,0,3
9/27/2009 2:00,32412.08,25,5.21,3.13,1.38,0,3
9/27/2009 3:00,32412.13,26.11,7.18,3.13,1.34,0,3
9/27/2009 4:00,32412.17,23.89,2.65,0.89,3.14,0,3
9/27/2009 5:00,32412.21,23.89,7.05,1.79,1.36,0,3
9/27/2009 6:00,32412.25,23.89,5.71,2.68,1.15,0,5
9/27/2009 7:00,32412.29,26.11,4.55,1.34,1.61,0,80
9/27/2009 8:00,32412.34,30.56,5.13,0.45,3.51,0,277
9/27/2009 9:00,32412.38,34.44,6.85,0,4.43,0,472
9/27/2009 10:00,32412.42,35.56,4.18,0.89,4.8,0,639
9/27/2009 11:00,32412.46,37.22,4.47,0.45,4.54,0,752
9/27/2009 12:00,32412.5,38.89,6.86,0.89,3.96,0,805
9/27/2009 13:00,32412.55,40,6.68,0.89,1.27,0,795
9/27/2009 14:00,32412.59,39.44,7.31,0.45,3.46,0,711
9/27/2009 15:00,32412.63,40,6.68,0.45,5.79,0.11,573
9/27/2009 16:00,32412.67,40,6.68,0.45,3.56,0.22,384
9/27/2009 17:00,32412.71,37.78,7.89,0.45,3.47,0.34,139
9/27/2009 18:00,32412.76,33.33,7.46,0.45,4.96,0.45,21
9/27/2009 19:00,32412.8,31.11,7.62,0.45,6.23,0.56,2
9/27/2009 20:00,32412.84,30,10.58,1.79,1.38,0.67,2
9/27/2009 21:00,32412.88,28.33,8.11,3.58,1.06,0.79,2
9/27/2009 22:00,32412.92,27.78,8.64,4.02,1.59,0.9,3
9/27/2009 23:00,32412.97,25.56,9.37,3.58,1.26,0,3
9/28/2009 0:00,32413,26.11,7.66,3.13,1.17,1.12,3
9/28/2009 1:00,32413.04,26.11,5.65,1.79,1.38,1.24,3
9/28/2009 2:00,32413.08,25,7.59,2.24,1.34,1.35,3
9/28/2009 3:00,32413.13,25,8.03,2.24,0.91,1.46,3
9/28/2009 4:00,32413.17,24.44,5.72,3.13,1.03,1.57,3
9/28/2009 5:00,32413.21,25,6.21,2.68,1.06,1.69,3
9/28/2009 6:00,32413.25,24.44,4.21,2.24,1.47,1.8,4
9/28/2009 7:00,32413.29,25,5.21,1.34,1.03,1.91,72
9/28/2009 8:00,32413.34,29.44,7.98,0.45,5.69,2.02,259
9/28/2009 9:00,32413.38,31.67,6.06,0.45,4.26,2.14,452
9/28/2009 10:00,32413.42,33.33,4.26,0.89,3.51,2.25,609
9/28/2009 11:00,32413.46,35,4.7,0.89,4.08,2.36,722
9/28/2009 12:00,32413.5,37.78,6.95,0.45,4.28,2.47,736
9/28/2009 13:00,32413.55,37.22,5.52,0.45,3.39,0,784
9/28/2009 14:00,32413.59,36.11,4.63,0.45,5.41,5.27,495
9/28/2009 15:00,32413.63,35.56,4.18,0.45,5.11,5.48,387
9/28/2009 16:00,32413.67,36.67,6.05,0.89,3.68,5.69,310
9/28/2009 17:00,32413.71,32.78,0.93,0.89,4.9,5.9,116
9/28/2009 18:00,32413.76,28.89,1.47,0.45,4.82,6.11,15
9/28/2009 19:00,32413.8,26.67,6.13,0.89,4.1,6.32,2
9/28/2009 20:00,32413.84,25,7.59,0.89,3.91,6.52,3
9/28/2009 21:00,32413.88,23.33,6.98,0.45,6.07,6.73,3
9/28/2009 22:00,32413.92,21.11,4.58,0.45,4.75,6.94,3
9/28/2009 23:00,32413.97,27.78,8.14,3.58,1.36,1.01,3
9/29/2009 0:00,32414,17.78,1.63,0.45,4.15,7.36,3
9/29/2009 1:00,32414.04,16.67,1.05,0.45,4.07,7.57,3
9/29/2009 2:00,32414.08,17.22,1.14,0.89,3.65,7.77,3
9/29/2009 3:00,32414.13,17.22,2.7,0.45,4.38,7.98,3
9/29/2009 4:00,32414.17,16.67,3.27,0.89,3.79,8.19,3
9/29/2009 5:00,32414.21,15,2.76,0.45,4,8.4,3
9/29/2009 6:00,32414.25,15.56,4.21,0.45,4.78,8.61,5
9/29/2009 7:00,32414.29,17.22,3.42,0.89,4.1,8.82,65
9/29/2009 8:00,32414.34,18.89,3.02,0.89,4.28,9.02,230
9/29/2009 9:00,32414.38,20,1.84,0.45,4.61,9.23,288
9/29/2009 10:00,32414.42,25.56,2.9,1.34,4.14,9.44,477
9/29/2009 11:00,32414.46,22.78,3.29,2.24,4.5,9.65,519
9/29/2009 12:00,32414.5,21.67,2.82,1.34,4.94,9.86,281
9/29/2009 13:00,32414.55,22.22,3.3,1.34,5.34,8.79,352
9/29/2009 14:00,32414.59,21.11,5,1.34,5.06,9.56,244
9/29/2009 15:00,32414.63,18.89,2.2,4.02,5.52,9.12,175
9/29/2009 16:00,32414.67,20.56,2.32,0.89,3.74,8.69,170
9/29/2009 17:00,32414.71,21.11,0.81,1.79,4.17,8.25,180
9/29/2009 18:00,32414.76,18.89,1.76,1.34,4.85,7.82,18
9/29/2009 19:00,32414.8,17.78,2.82,0.89,5.04,7.38,3
9/29/2009 20:00,32414.84,16.67,2.56,0.45,5.15,6.95,3
9/29/2009 21:00,32414.88,14.44,1.93,1.34,4.54,6.52,3
9/29/2009 22:00,32414.92,12.78,1.05,1.34,4.21,6.08,3
9/29/2009 23:00,32414.97,20,5.57,0.89,5.93,7.15,3
9/30/2009 0:00,32415,11.11,1.54,0.89,4.78,5.21,3
9/30/2009 1:00,32415.04,11.11,2.07,0.45,4.96,4.78,3
9/30/2009 2:00,32415.08,11.67,2.32,0.89,3.96,4.34,3
9/30/2009 3:00,32415.13,9.44,1.75,0.89,4.01,3.91,3
9/30/2009 4:00,32415.17,8.89,1.7,1.34,3.87,3.47,3
9/30/2009 5:00,32415.21,10.56,3.28,0.45,2.32,3.04,3
9/30/2009 6:00,32415.25,9.44,2.45,0.89,3.89,2.61,5
9/30/2009 7:00,32415.29,12.22,1.14,0.45,3.77,2.17,75
9/30/2009 8:00,32415.34,13.89,2.37,1.34,4.73,1.74,279
9/30/2009 9:00,32415.38,17.78,2.04,1.34,3.37,1.3,474
9/30/2009 10:00,32415.42,19.44,2.25,3.13,3.61,0.87,637
9/30/2009 11:00,32415.46,22.78,1.7,1.79,4.19,0.43,751
9/30/2009 12:00,32415.5,23.89,1.48,2.24,4.97,0,801
9/30/2009 13:00,32415.55,25,-0.21,1.34,4.47,0,787
9/30/2009 14:00,32415.59,25,-0.95,0.89,4.42,0,709
9/30/2009 15:00,32415.63,24.44,-0.68,1.79,3.4,0,568
9/30/2009 16:00,32415.67,23.89,0.87,2.24,5.06,0,388
9/30/2009 17:00,32415.71,23.33,1.6,1.34,4.9,0,147
9/30/2009 18:00,32415.76,20.56,-0.77,0.45,5.01,0,16
9/30/2009 19:00,32415.8,17.78,-1.05,0.45,5.74,0,3
9/30/2009 20:00,32415.84,17.78,-0.57,0.45,4.4,0,3
9/30/2009 21:00,32415.88,15.56,-0.75,0.45,5.06,0,3
9/30/2009 22:00,32415.92,15.56,-2.05,0.45,2.29,0,3
9/30/2009 23:00,32415.97,11.67,0.93,1.34,4.15,5.65,3
10/1/2009 0:00,32416,15.56,1.2,0.45,1.82,0,3
10/1/2009 1:00,32416.04,13.89,-0.29,0.89,3.7,0,3
10/1/2009 2:00,32416.08,13.89,2.97,1.79,1.5,0,3
10/1/2009 3:00,32416.13,14.44,4.35,2.24,1.38,0,3
10/1/2009 4:00,32416.17,13.33,3.04,1.79,1.57,0,3
10/1/2009 5:00,32416.21,13.89,5.18,3.13,1.36,0,3
10/1/2009 6:00,32416.25,14.44,4.63,2.24,1.15,0,4
10/1/2009 7:00,32416.29,16.67,3.27,3.58,0.84,0,69
10/1/2009 8:00,32416.34,19.44,3.52,0.89,2.48,0,272
10/1/2009 9:00,32416.38,20,1.36,1.34,4.4,0,465
10/1/2009 10:00,32416.42,22.78,1.7,0.45,3.65,0,628
10/1/2009 11:00,32416.46,25.56,2.28,0.45,3.56,0,741
10/1/2009 12:00,32416.5,27.78,2.81,1.34,3.56,0,793
10/1/2009 13:00,32416.55,27.22,0.89,0.45,3.61,0,779
10/1/2009 14:00,32416.59,28.33,0.18,0.45,4.12,0,704
10/1/2009 15:00,32416.63,28.33,-1.63,0.45,5.31,0,570
10/1/2009 16:00,32416.67,28.33,-1.63,2.24,3.53,0,391
10/1/2009 17:00,32416.71,25.56,-2.08,0.89,4.26,0,139
10/1/2009 18:00,32416.76,21.67,-1.01,0.45,4,0,14
10/1/2009 19:00,32416.8,21.11,-0.87,0.89,5.86,0,3
10/1/2009 20:00,32416.84,20.56,7.83,0.89,0.31,0,3
10/1/2009 21:00,32416.88,20,2.74,2.68,1.34,0,3
10/1/2009 22:00,32416.92,18.89,3.81,2.68,1.36,0,3
10/1/2009 23:00,32416.97,14.44,-1.32,0.45,2.34,0,3
10/2/2009 0:00,32417,17.22,2.7,2.68,1.4,0,3
10/2/2009 1:00,32417.04,17.22,3.78,3.13,1.41,0,3
10/2/2009 2:00,32417.08,16.67,1.82,4.47,1.08,0,3
10/2/2009 3:00,32417.13,16.11,3.11,3.58,1.31,0,3
10/2/2009 4:00,32417.17,16.11,2.42,3.13,0.99,0,3
10/2/2009 5:00,32417.21,16.11,2.77,3.58,1.38,0,3
10/2/2009 6:00,32417.25,16.11,2.06,2.68,1.34,0,4
10/2/2009 7:00,32417.29,17.78,4.62,2.24,1.12,0,68
10/2/2009 8:00,32417.34,21.67,2.82,0.45,5.08,0,272
10/2/2009 9:00,32417.38,24.44,-0.68,2.24,3.67,0,464
10/2/2009 10:00,32417.42,26.67,-0.35,2.24,1.45,0,610
10/2/2009 11:00,32417.46,29.44,1.93,0.45,3.37,0,736
10/2/2009 12:00,32417.5,29.44,0.2,1.34,3.77,0,790
10/2/2009 13:00,32417.55,30.56,1.1,0.45,4.03,0,775
10/2/2009 14:00,32417.59,31.11,1.55,0.89,3.7,0,699
10/2/2009 15:00,32417.63,31.11,-2.65,1.79,3.77,0,562
10/2/2009 16:00,32417.67,31.11,-2.65,0.45,4.01,0,378
10/2/2009 17:00,32417.71,29.44,-1.73,0,6.02,0,137
10/2/2009 18:00,32417.76,23.89,-1.14,0,4.61,0,14
10/2/2009 19:00,32417.8,23.33,-0.9,0.89,5.03,0,3
10/2/2009 20:00,32417.84,22.22,10.01,0.89,1.01,0,3
10/2/2009 21:00,32417.88,21.11,2.81,2.24,1.41,0,3
10/2/2009 22:00,32417.92,19.44,3.52,3.13,1.17,0,3
10/2/2009 23:00,32417.97,18.33,2.93,3.13,1.05,0,3
10/3/2009 0:00,32418,18.33,2.53,3.58,1.27,0,3
10/3/2009 1:00,32418.04,18.89,2.62,3.58,1.47,0,3
10/3/2009 2:00,32418.08,17.22,3.06,2.24,1.31,0,3
10/3/2009 3:00,32418.13,18.33,2.93,3.13,1.29,0,3
10/3/2009 4:00,32418.17,17.78,2.43,2.68,1.61,0,3
10/3/2009 5:00,32418.21,17.22,3.42,1.79,1.22,0,3
10/3/2009 6:00,32418.25,16.11,2.42,1.34,1.87,0,3
10/3/2009 7:00,32418.29,18.89,-0.09,0.45,4.22,0,58
10/3/2009 8:00,32418.34,22.22,0.66,0.89,3.67,0,251
10/3/2009 9:00,32418.38,23.33,-0.9,1.34,1.4,0,451
10/3/2009 10:00,32418.42,23.89,-1.87,1.79,3.68,0,614
10/3/2009 11:00,32418.46,26.67,1.88,0.45,3.32,0,717
10/3/2009 12:00,32418.5,26.11,0.71,0.45,4.07,0,774
10/3/2009 13:00,32418.55,27.78,0.56,0.89,4.03,0,765
10/3/2009 14:00,32418.59,27.22,-1.6,0.45,3.46,0,688
10/3/2009 15:00,32418.63,26.67,-0.35,0.45,4.1,0,459
10/3/2009 16:00,32418.67,25.56,-2.08,1.34,4.21,0,301
10/3/2009 17:00,32418.71,25,-0.21,0.45,3.67,0,134
10/3/2009 18:00,32418.76,20,0.37,0.45,3.37,0,14
10/3/2009 19:00,32418.8,17.22,5.74,1.34,5.15,0,3
10/3/2009 20:00,32418.84,15,2.1,1.34,0.1,0,3
10/3/2009 21:00,32418.88,13.89,1.75,0.45,4.47,0,3
10/3/2009 22:00,32418.92,11.67,0.63,0.89,5.22,0,3
10/3/2009 23:00,32418.97,19.44,1.81,3.58,1.2,0,3
10/4/2009 0:00,32419,10.56,0.75,0.89,4.26,0,3
10/4/2009 1:00,32419.04,10.56,1.81,1.34,5.85,0,3
10/4/2009 2:00,32419.08,9.44,0.77,0.45,3.67,0,3
10/4/2009 3:00,32419.13,10,2.04,0.45,4.69,0,3
10/4/2009 4:00,32419.17,10,1.54,0.89,2.88,0,3
10/4/2009 5:00,32419.21,8.33,0.71,0.89,2.04,0,3
10/4/2009 6:00,32419.25,8.33,0.47,0.89,2.43,0,4
10/4/2009 7:00,32419.29,10.56,0.75,1.34,3.7,0,76
10/4/2009 8:00,32419.34,12.22,2.01,1.34,3.72,0,233
10/4/2009 9:00,32419.38,16.67,3.62,0.45,5.15,0,420
10/4/2009 10:00,32419.42,16.67,2.2,0.89,3.6,0,608
10/4/2009 11:00,32419.46,17.78,3.56,0.89,4.19,0,686
10/4/2009 12:00,32419.5,21.11,3.72,1.34,5.86,0,780
10/4/2009 13:00,32419.55,20.56,0.33,1.34,3.42,0,768
10/4/2009 14:00,32419.59,21.11,-0.87,1.34,4.4,0,685
10/4/2009 15:00,32419.63,20.56,-1.35,1.34,4.54,0,548
10/4/2009 16:00,32419.67,20,-0.15,1.79,4.87,0,369
10/4/2009 17:00,32419.71,17.78,-1.55,0.45,4.56,0,129
10/4/2009 18:00,32419.76,15,-2.53,0.89,4.36,0,13
10/4/2009 19:00,32419.8,13.89,-2.22,0.89,5.25,0,3
10/4/2009 20:00,32419.84,14.44,-0.93,0.45,5.45,0,3
10/4/2009 21:00,32419.88,12.78,2.24,1.79,5.57,0,3
10/4/2009 22:00,32419.92,11.67,1.22,0.45,5.81,0,3
10/4/2009 23:00,32419.97,11.11,1.26,0.45,5.83,0,3
10/5/2009 0:00,32420,10,-0.04,0.89,4.17,0,3
10/5/2009 1:00,32420.04,9.44,2.68,0.89,5.97,0,3
10/5/2009 2:00,32420.08,10.56,2.06,2.24,1.24,0,3
10/5/2009 3:00,32420.13,7.78,-1.56,1.34,4.17,0,3
10/5/2009 4:00,32420.17,8.89,1.93,0.45,5.39,0,3
10/5/2009 5:00,32420.21,10,3.43,1.79,1.26,0,3
10/5/2009 6:00,32420.25,10,2.98,1.79,1.43,0,4
10/5/2009 7:00,32420.29,13.33,2.46,3.13,0.79,0,65
10/5/2009 8:00,32420.34,13.33,1.24,1.34,3.79,0,257
10/5/2009 9:00,32420.38,16.67,0.65,1.34,4.21,0,446
10/5/2009 10:00,32420.42,18.89,0.87,2.24,3.82,0,605
10/5/2009 11:00,32420.46,20.56,-0.21,0.45,3.89,0,719
10/5/2009 12:00,32420.5,22.78,-0.71,0.89,4.56,0,771
10/5/2009 13:00,32420.55,23.33,0.4,0.89,4.68,0,755
10/5/2009 14:00,32420.59,23.33,-3.09,0.45,4.59,0,677
10/5/2009 15:00,32420.63,23.33,-3.9,0.89,3.56,0,541
10/5/2009 16:00,32420.67,23.33,-3.09,0.89,4.14,0,358
10/5/2009 17:00,32420.71,20,-3.69,0.89,3.61,0,128
10/5/2009 18:00,32420.76,16.67,-3.01,0.89,4.1,0,13
10/5/2009 19:00,32420.8,16.11,-1.56,0.89,4.82,0,3
10/5/2009 20:00,32420.84,15,-2.09,1.79,6.06,0,3
10/5/2009 21:00,32420.88,15.56,-0.75,1.34,6.13,0,3
10/5/2009 22:00,32420.92,16.11,0.95,0.89,0.12,0,3
10/5/2009 23:00,32420.97,10.56,1.02,0.45,5.62,0,3
10/6/2009 0:00,32421,13.33,1.55,2.68,1.03,0,3
10/6/2009 1:00,32421.04,13.33,1.55,2.68,1.13,0,3
10/6/2009 2:00,32421.08,13.89,1.09,3.13,0.75,0,3
10/6/2009 3:00,32421.13,12.22,2.01,2.68,1.38,0,3
10/6/2009 4:00,32421.17,11.67,2.05,3.13,1.45,0,3
10/6/2009 5:00,32421.21,10.56,-0.1,0.89,3.91,0,3
10/6/2009 6:00,32421.25,11.67,1.5,2.24,1.31,0,4
10/6/2009 7:00,32421.29,13.33,3.04,2.24,1.12,0,62
10/6/2009 8:00,32421.34,14.44,1.26,1.79,1.61,0,250
10/6/2009 9:00,32421.38,20,-0.15,0.89,3.72,0,437
10/6/2009 10:00,32421.42,20.56,-1.35,0.45,3.96,0,599
10/6/2009 11:00,32421.46,22.78,-0.07,0.89,2.83,0,711
10/6/2009 12:00,32421.5,23.89,0.23,0.45,4.5,0,762
10/6/2009 13:00,32421.55,25.56,0.25,1.34,5.03,0,747
10/6/2009 14:00,32421.59,25.56,-0.49,1.34,4.5,0,668
10/6/2009 15:00,32421.63,25.56,-0.49,0.89,4.43,0,527
10/6/2009 16:00,32421.67,25,-0.21,0.45,4.47,0,344
10/6/2009 17:00,32421.71,22.78,-0.71,1.79,5.06,0,121
10/6/2009 18:00,32421.76,20,-1.24,0.89,5.39,0,13
10/6/2009 19:00,32421.8,18.33,0.83,1.34,5.83,0,3
10/6/2009 20:00,32421.84,20,-1.24,2.24,6.21,0,3
10/6/2009 21:00,32421.88,18.33,1.7,1.79,1.24,0,3
10/6/2009 22:00,32421.92,16.67,-1.08,1.34,1.5,0,3
10/6/2009 23:00,32421.97,13.89,1.42,3.13,1.45,0,3
10/7/2009 0:00,32422,16.11,3.11,0.89,0.86,0,3
10/7/2009 1:00,32422.04,15,3.39,3.13,1.4,0,3
10/7/2009 2:00,32422.08,14.44,1.93,3.13,1.26,0,3
10/7/2009 3:00,32422.13,13.33,2.17,1.79,1.47,0,3
10/7/2009 4:00,32422.17,13.89,2.68,2.68,1.29,0,3
10/7/2009 5:00,32422.21,11.67,0.03,0.45,2.48,0,3
10/7/2009 6:00,32422.25,12.78,2.81,1.34,1.71,0,4
10/7/2009 7:00,32422.29,13.33,3.04,1.79,0.99,0,58
10/7/2009 8:00,32422.34,16.67,3.27,1.79,1.19,0,236
10/7/2009 9:00,32422.38,18.89,-0.59,0.89,4,0,426
10/7/2009 10:00,32422.42,20.56,0.33,2.24,3.74,0,586
10/7/2009 11:00,32422.46,22.78,1.7,1.79,3.63,0,698
10/7/2009 12:00,32422.5,25.56,1.63,0.89,4.19,0,748
10/7/2009 13:00,32422.55,26.67,1.88,0.89,3.6,0,736
10/7/2009 14:00,32422.59,26.67,-0.35,0.89,4.14,0,655
10/7/2009 15:00,32422.63,27.22,0.1,1.34,4.52,0,519
10/7/2009 16:00,32422.67,26.11,-0.81,0.89,4.05,0,342
10/7/2009 17:00,32422.71,25,-0.21,0.89,4.56,0,112
10/7/2009 18:00,32422.76,20.56,-0.21,0.45,4.35,0,11
10/7/2009 19:00,32422.8,19.44,2.69,0.89,1.31,0,3
10/7/2009 20:00,32422.84,20,4.81,1.34,1.29,0,3
10/7/2009 21:00,32422.88,15.56,-0.34,0.89,4.69,0,3
10/7/2009 22:00,32422.92,17.78,3.56,1.79,0.98,0,3
10/7/2009 23:00,32422.97,16.67,2.56,1.34,1.34,0,3
10/8/2009 0:00,32423,16.11,4.09,2.24,1.38,0,3
10/8/2009 1:00,32423.04,15,3.7,2.68,1.41,0,3
10/8/2009 2:00,32423.08,16.11,3.77,3.58,1.36,0,3
10/8/2009 3:00,32423.13,15.56,3.27,2.68,1.43,0,3
10/8/2009 4:00,32423.17,16.11,1.33,2.68,1.08,0,3
10/8/2009 5:00,32423.21,13.89,0.76,1.34,1.87,0,3
10/8/2009 6:00,32423.25,13.89,3.56,2.68,1.2,0,4
10/8/2009 7:00,32423.29,15,4,2.68,1.38,0,57
10/8/2009 8:00,32423.34,18.33,2.12,1.34,4.1,0,246
10/8/2009 9:00,32423.38,21.11,1.84,0.89,2.74,0,433
10/8/2009 10:00,32423.42,23.89,1.48,0.89,4.43,0,591
10/8/2009 11:00,32423.46,25,1.81,0.89,4.15,0,698
10/8/2009 12:00,32423.5,26.67,1.88,1.34,4.12,0,748
10/8/2009 13:00,32423.55,27.78,2.1,1.79,4.59,0,731
10/8/2009 14:00,32423.59,28.89,1.47,0.45,5.13,0,654
10/8/2009 15:00,32423.63,27.78,0.56,0.45,3.19,0,513
10/8/2009 16:00,32423.67,27.78,1.35,0.45,4.35,0,332
10/8/2009 17:00,32423.71,25.56,0.95,0.45,4.43,0,108
10/8/2009 18:00,32423.76,22.22,0.07,0,3.51,0,11
10/8/2009 19:00,32423.8,20,1.84,0.45,0.8,0,3
10/8/2009 20:00,32423.84,18.33,2.12,0.45,4.83,0,3
10/8/2009 21:00,32423.88,18.33,4.06,2.24,1.27,0,3
10/8/2009 22:00,32423.92,17.78,4.62,2.68,1.48,0,3
10/8/2009 23:00,32423.97,16.67,3.27,2.24,1.33,0,3
10/9/2009 0:00,32424,17.78,4.62,2.68,1.15,0,3
10/9/2009 1:00,32424.04,17.22,4.46,3.13,1.15,0,3
10/9/2009 2:00,32424.08,17.22,5.74,4.02,1.08,0,3
10/9/2009 3:00,32424.13,15.56,4.21,3.58,1.4,0,3
10/9/2009 4:00,32424.17,15.56,3.9,3.13,1.38,0,3
10/9/2009 5:00,32424.21,16.11,5.61,3.58,1.15,0,3
10/9/2009 6:00,32424.25,15.56,3.59,0.45,3.7,0,4
10/9/2009 7:00,32424.29,15,2.43,0.89,3.72,0,59
10/9/2009 8:00,32424.34,20,5.19,0.45,5.41,0,234
10/9/2009 9:00,32424.38,22.22,3.3,1.34,4.03,0,420
10/9/2009 10:00,32424.42,23.33,1.6,1.34,3.63,0,578
10/9/2009 11:00,32424.46,25.56,2.9,0.45,3.84,0,686
10/9/2009 12:00,32424.5,26.67,3.22,0.89,3.68,0,736
10/9/2009 13:00,32424.55,28.33,3.28,0.45,2.51,0,718
10/9/2009 14:00,32424.59,28.89,3.02,0.45,5.53,0,637
10/9/2009 15:00,32424.63,28.89,2.26,0.89,3.63,0,502
10/9/2009 16:00,32424.67,28.33,3.28,0.89,4.9,0,327
10/9/2009 17:00,32424.71,25,2.43,0.45,3.53,0,105
10/9/2009 18:00,32424.76,22.22,4.25,0.45,4.08,0,10
10/9/2009 19:00,32424.8,21.11,5,0.45,5.45,0,3
10/9/2009 20:00,32424.84,20.56,5.3,0.45,4.9,0,3
10/9/2009 21:00,32424.88,19.44,4.69,0.45,5.55,0,3
10/9/2009 22:00,32424.92,17.22,3.78,1.34,1.5,0,3
10/9/2009 23:00,32424.97,17.78,4.96,3.13,1.1,0,3
10/10/2009 0:00,32425,17.22,6.64,2.68,1.52,0,3
10/10/2009 1:00,32425.04,17.22,6.05,1.79,1.71,0,3
10/10/2009 2:00,32425.08,17.22,6.64,3.13,1.26,0,3
10/10/2009 3:00,32425.13,16.11,5.9,3.13,0.82,0,3
10/10/2009 4:00,32425.17,16.67,6.13,4.02,0.96,0,3
10/10/2009 5:00,32425.21,15,3.08,0.89,1.9,0,3
10/10/2009 6:00,32425.25,15,5.96,2.68,1.34,0,3
10/10/2009 7:00,32425.29,15.56,5.94,3.13,1.06,0,53
10/10/2009 8:00,32425.34,17.78,4.96,1.79,1.1,0,227
10/10/2009 9:00,32425.38,21.67,3.76,0.89,4.22,0,412
10/10/2009 10:00,32425.42,24.44,3.68,0.89,3.61,0,568
10/10/2009 11:00,32425.46,25.56,4.08,0.89,3.79,0,674
10/10/2009 12:00,32425.5,26.67,3.84,2.68,3.7,0,725
10/10/2009 13:00,32425.55,28.33,3.96,0.89,2.64,0,712
10/10/2009 14:00,32425.59,29.44,4.2,0.45,6.07,0,633
10/10/2009 15:00,32425.63,30,4.67,0.45,1.83,0,494
10/10/2009 16:00,32425.67,27.78,3.5,0.45,3.46,0,318
10/10/2009 17:00,32425.71,25.56,5.17,0.89,4.54,0,103
10/10/2009 18:00,32425.76,21.67,4.21,0.45,3.94,0,9
10/10/2009 19:00,32425.8,20.56,4.91,0.89,5.27,0,3
10/10/2009 20:00,32425.84,19.44,3.52,0.45,5.39,0,3
10/10/2009 21:00,32425.88,18.89,8.18,0.89,0.86,0,3
10/10/2009 22:00,32425.92,18.33,6.13,2.24,1.41,0,3
10/10/2009 23:00,32425.97,17.22,7.77,2.24,1.43,0,3
10/11/2009 0:00,32426,16.67,5.53,2.68,0.77,0,3
10/11/2009 1:00,32426.04,17.22,6.93,3.13,1.08,0,3
10/11/2009 2:00,32426.08,16.67,6.41,2.24,1.33,0,3
10/11/2009 3:00,32426.13,15.56,4.81,3.13,1.26,0,3
10/11/2009 4:00,32426.17,15,5.7,1.79,1.19,0,3
10/11/2009 5:00,32426.21,15,4.29,1.34,1.43,0,3
10/11/2009 6:00,32426.25,15.56,5.94,2.68,1.5,0,3
10/11/2009 7:00,32426.29,16.11,5.9,3.13,1.15,0,51
10/11/2009 8:00,32426.34,18.33,4.78,2.24,1.01,0,218
10/11/2009 9:00,32426.38,22.22,3.78,1.34,3.84,0,401
10/11/2009 10:00,32426.42,23.33,4.27,1.79,3.68,0,558
10/11/2009 11:00,32426.46,25,5.21,1.34,3.56,0,668
10/11/2009 12:00,32426.5,26.67,4.45,2.24,4.01,0,715
10/11/2009 13:00,32426.55,28.33,5.87,0.45,5.52,0,700
10/11/2009 14:00,32426.59,28.89,6.34,1.34,4.01,0,617
10/11/2009 15:00,32426.63,28.33,5.26,1.34,4.24,0.24,460
10/11/2009 16:00,32426.67,26.11,5.11,1.79,4.49,0.48,293
10/11/2009 17:00,32426.71,23.89,6.17,1.34,4.05,0.71,93
10/11/2009 18:00,32426.76,20.56,7.14,0.45,4.83,0.95,11
10/11/2009 19:00,32426.8,18.33,6.45,0.45,3.72,1.19,3
10/11/2009 20:00,32426.84,17.22,7.21,0.45,4.17,1.43,3
10/11/2009 21:00,32426.88,16.67,8.56,0.89,0.09,1.67,3
10/11/2009 22:00,32426.92,16.11,7.27,0.89,4.28,1.91,3
10/11/2009 23:00,32426.97,17.22,6.05,2.24,1.12,0,3
10/12/2009 0:00,32427,13.89,6.9,0.89,4,2.38,3
10/12/2009 1:00,32427.04,12.78,6.08,0.89,3.91,2.62,3
10/12/2009 2:00,32427.08,10.56,5.05,0.89,4.33,2.86,3
10/12/2009 3:00,32427.13,8.89,5.77,0.89,4.59,3.1,3
10/12/2009 4:00,32427.17,8.89,6.13,0.45,4.75,3.34,3
10/12/2009 5:00,32427.21,10,6.3,0.45,4.31,3.57,3
10/12/2009 6:00,32427.25,11.11,7,1.79,1.41,3.81,4
10/12/2009 7:00,32427.29,10,6.11,1.34,3.79,4.05,31
10/12/2009 8:00,32427.34,12.78,8.42,1.79,1.29,4.29,149
10/12/2009 9:00,32427.38,16.11,7.78,0.89,1.22,4.53,348
10/12/2009 10:00,32427.42,17.22,8.31,0.89,3.84,4.77,355
10/12/2009 11:00,32427.46,18.89,8.76,0.45,1.71,5,521
10/12/2009 12:00,32427.5,21.11,9.31,0.89,3.7,5.24,582
10/12/2009 13:00,32427.55,19.44,8.09,1.34,3.58,8.07,377
10/12/2009 14:00,32427.59,17.78,7.15,0.45,4.01,10,162
10/12/2009 15:00,32427.63,17.78,8.01,2.24,1.76,10,78
10/12/2009 16:00,32427.67,17.22,7.21,0.89,2.51,10,49
10/12/2009 17:00,32427.71,17.22,6.64,1.34,2.43,10,32
10/12/2009 18:00,32427.76,16.67,6.41,1.34,3.7,10,10
10/12/2009 19:00,32427.8,17.22,8.04,2.24,1.85,10,3
10/12/2009 20:00,32427.84,16.67,6.41,3.13,1.62,10,3
10/12/2009 21:00,32427.88,17.22,6.93,1.79,1.71,10,3
10/12/2009 22:00,32427.92,17.22,6.93,0.45,1.26,10,3
10/12/2009 23:00,32427.97,15,6.74,0.45,3.49,2.14,3
10/13/2009 0:00,32428,17.22,6.64,1.79,1.8,10,3
10/13/2009 1:00,32428.04,16.67,6.13,0.89,1.41,10,3
10/13/2009 2:00,32428.08,16.67,6.7,4.02,1.75,10,3
10/13/2009 3:00,32428.13,15.56,5.38,1.79,1.97,10,3
10/13/2009 4:00,32428.17,15.56,5.38,2.68,1.66,10,3
10/13/2009 5:00,32428.21,17.22,6.05,3.58,1.75,10,3
10/13/2009 6:00,32428.25,16.67,5.83,3.13,1.9,10,3
10/13/2009 7:00,32428.29,13.33,9.73,3.58,2.13,10,6
10/13/2009 8:00,32428.34,12.78,8.42,5.81,1.59,10,16
10/13/2009 9:00,32428.38,13.89,9.09,4.92,1.55,10,44
10/13/2009 10:00,32428.42,13.89,9.09,4.02,1.92,10,90
10/13/2009 11:00,32428.46,15.56,10.49,6.26,1.78,10,84
10/13/2009 12:00,32428.5,14.44,10.82,7.6,1.5,10,57
10/13/2009 13:00,32428.55,14.44,11.75,4.02,2.08,10,62
10/13/2009 14:00,32428.59,15,11.74,4.47,2.34,10,75
10/13/2009 15:00,32428.63,14.44,12.81,3.13,1.88,9.79,24
10/13/2009 16:00,32428.67,15,13.87,2.68,2.64,9.58,17
10/13/2009 17:00,32428.71,14.44,12.81,7.15,1.78,9.37,11
10/13/2009 18:00,32428.76,15.56,14.25,7.6,1.82,9.15,4
10/13/2009 19:00,32428.8,15.56,14.25,3.58,2.16,8.94,3
10/13/2009 20:00,32428.84,15.56,13.38,1.79,2.39,8.73,3
10/13/2009 21:00,32428.88,15,13.53,3.58,2.2,8.52,3
10/13/2009 22:00,32428.92,15,13.19,4.47,1.92,8.31,3
10/13/2009 23:00,32428.97,16.67,6.13,2.24,1.64,10,3
10/14/2009 0:00,32429,16.11,14.8,1.34,2.15,7.89,3
10/14/2009 1:00,32429.04,16.11,14.8,0.89,6.07,7.67,3
10/14/2009 2:00,32429.08,16.11,14.97,2.68,2.3,7.46,3
10/14/2009 3:00,32429.13,16.67,15.01,1.79,3.16,7.25,3
10/14/2009 4:00,32429.17,16.67,14.83,1.79,2.13,7.04,3
10/14/2009 5:00,32429.21,16.67,14.48,3.13,1.73,6.83,3
10/14/2009 6:00,32429.25,17.78,15.39,1.79,2.29,6.62,4
10/14/2009 7:00,32429.29,18.33,15.56,0.89,2.65,6.4,40
10/14/2009 8:00,32429.34,20,16.62,0.45,1.41,6.19,131
10/14/2009 9:00,32429.38,21.67,16.38,1.79,3.56,5.98,357
10/14/2009 10:00,32429.42,23.33,18.2,0.89,2.11,5.77,432
10/14/2009 11:00,32429.46,23.89,15.63,0.89,5.97,5.56,577
10/14/2009 12:00,32429.5,23.89,15.37,1.79,3.87,5.35,570
10/14/2009 13:00,32429.55,26.11,14.87,0.89,3.35,4.24,570
10/14/2009 14:00,32429.59,25.56,13.07,1.79,3.46,1.71,529
10/14/2009 15:00,32429.63,23.89,13.99,1.79,3.91,1.63,302
10/14/2009 16:00,32429.67,23.33,15.11,2.24,3.33,1.55,193
10/14/2009 17:00,32429.71,22.22,15.06,0.45,2.02,1.47,93
10/14/2009 18:00,32429.76,20.56,14.64,0.45,2.37,1.4,7
10/14/2009 19:00,32429.8,20.56,14.18,1.34,1.47,1.32,3
10/14/2009 20:00,32429.84,20.56,15.52,1.79,1.2,1.24,3
10/14/2009 21:00,32429.88,20.56,15.95,1.79,1.52,1.16,3
10/14/2009 22:00,32429.92,20.56,15.52,1.34,1.55,1.09,3
10/14/2009 23:00,32429.97,16.67,14.29,1.79,2.34,8.1,3
10/15/2009 0:00,32430,20,16.23,2.24,1.15,0.93,3
10/15/2009 1:00,32430.04,18.89,15.54,2.24,1.41,0.85,3
10/15/2009 2:00,32430.08,18.89,15.14,1.34,0.89,0.78,3
10/15/2009 3:00,32430.13,18.89,15.92,1.79,1.41,0.7,3
10/15/2009 4:00,32430.17,18.33,14.99,2.24,0.91,0.62,3
10/15/2009 5:00,32430.21,17.78,15.02,1.79,1.5,0.54,3
10/15/2009 6:00,32430.25,18.33,15.37,2.68,1.38,0.47,3
10/15/2009 7:00,32430.29,18.33,14.6,1.79,1.43,0.39,45
10/15/2009 8:00,32430.34,20,14.99,2.24,1.17,0.31,223
10/15/2009 9:00,32430.38,25,15.87,0.45,1.48,0.23,406
10/15/2009 10:00,32430.42,25.56,15.26,0.45,2.15,0.16,561
10/15/2009 11:00,32430.46,26.67,15.06,0.89,3.96,0.08,666
10/15/2009 12:00,32430.5,27.78,15.44,0.45,4.38,0,714
10/15/2009 13:00,32430.55,28.89,15.78,0.45,4.05,0,691
10/15/2009 14:00,32430.59,28.33,14.57,1.34,3.98,0,612
10/15/2009 15:00,32430.63,27.78,15.1,0.45,5.67,0.19,469
10/15/2009 16:00,32430.67,26.67,15.38,0.45,4.28,0.39,293
10/15/2009 17:00,32430.71,25,15.32,0.89,3.91,0.58,89
10/15/2009 18:00,32430.76,23.33,16.84,0.45,0.86,0.77,7
10/15/2009 19:00,32430.8,22.22,17.13,0.45,4.17,0.97,3
10/15/2009 20:00,32430.84,20.56,16.36,0.89,4.08,1.16,3
10/15/2009 21:00,32430.88,19.44,16.46,0.45,6.07,1.36,3
10/15/2009 22:00,32430.92,19.44,17.39,0.45,3.79,1.55,3
10/15/2009 23:00,32430.97,19.44,15.08,2.24,1.73,1.01,3
10/16/2009 0:00,32431,18.33,17.17,0.89,3.84,1.94,3
10/16/2009 1:00,32431.04,17.78,16.79,0.45,4.12,2.13,3
10/16/2009 2:00,32431.08,16.67,15.69,0.45,4.69,2.32,3
10/16/2009 3:00,32431.13,16.67,15.69,0.45,4.69,2.52,3
10/16/2009 4:00,32431.17,17.22,16.24,0.45,5.55,2.71,3
10/16/2009 5:00,32431.21,17.22,16.41,0.45,0.86,2.91,3
10/16/2009 6:00,32431.25,17.22,16.41,0,3.32,3.1,3
10/16/2009 7:00,32431.29,17.22,16.41,0.89,0.65,3.29,14
10/16/2009 8:00,32431.34,16.67,15.85,0.45,1.17,3.49,58
10/16/2009 9:00,32431.38,18.33,17.34,0.45,2.27,3.68,153
10/16/2009 10:00,32431.42,20,17.2,0.45,3.94,3.87,178
10/16/2009 11:00,32431.46,22.22,17.98,0.45,4.85,4.07,315
10/16/2009 12:00,32431.5,26.11,19.97,0.45,5.59,4.26,610
10/16/2009 13:00,32431.55,25,18.19,0.89,4.59,2.65,608
10/16/2009 14:00,32431.59,26.11,18.51,0.45,3.25,0,544
10/16/2009 15:00,32431.63,27.22,19.04,0.45,4.01,0,465
10/16/2009 16:00,32431.67,25.56,17.2,0.89,3.93,0,287
10/16/2009 17:00,32431.71,23.33,17.53,0.45,4.1,0,79
10/16/2009 18:00,32431.76,21.11,17.9,0.45,4.24,0,8
10/16/2009 19:00,32431.8,20,17.76,0,5.92,0,3
10/16/2009 20:00,32431.84,18.89,17.02,0.45,4.12,0,3
10/16/2009 21:00,32431.88,19.44,18.1,0.89,1.54,0,3
10/16/2009 22:00,32431.92,19.44,17.21,1.34,1.87,0,3
10/16/2009 23:00,32431.97,17.78,16.1,0.45,4,1.74,3
10/17/2009 0:00,32432,18.33,17,0.89,2.11,0,3
10/17/2009 1:00,32432.04,17.78,16.45,2.24,1.4,0,3
10/17/2009 2:00,32432.08,18.33,17.34,0.45,2.48,0,3
10/17/2009 3:00,32432.13,17.22,16.07,1.79,1.17,0,3
10/17/2009 4:00,32432.17,18.33,17,3.13,0.89,0,3
10/17/2009 5:00,32432.21,18.33,17,3.13,1.12,0,3
10/17/2009 6:00,32432.25,17.22,15.73,2.24,1.22,0,3
10/17/2009 7:00,32432.29,18.89,17.2,2.68,0.87,0,36
10/17/2009 8:00,32432.34,19.44,17.57,3.58,0.91,0,190
10/17/2009 9:00,32432.38,21.11,17.9,1.79,0.86,0,375
10/17/2009 10:00,32432.42,23.89,17.84,1.34,3.6,0,533
10/17/2009 11:00,32432.46,26.67,19.29,0.89,3.68,0,585
10/17/2009 12:00,32432.5,26.67,17.99,0.89,4.12,0,689
10/17/2009 13:00,32432.55,28.89,19.24,0.89,5.31,3.27,589
10/17/2009 14:00,32432.59,28.89,19.24,0.89,5.03,0,580
10/17/2009 15:00,32432.63,30,20.57,0.45,0.33,0.21,450
10/17/2009 16:00,32432.67,28.33,17.84,0.45,4.31,0.42,283
10/17/2009 17:00,32432.71,26.11,17.73,0.45,4.56,0.63,81
10/17/2009 18:00,32432.76,23.33,18.2,0.45,4.24,0.85,5
10/17/2009 19:00,32432.8,21.11,17.71,0.45,3.89,1.06,3
10/17/2009 20:00,32432.84,20.56,18.12,0.45,4.5,1.27,3
10/17/2009 21:00,32432.88,21.11,18.48,0.89,0.75,1.48,3
10/17/2009 22:00,32432.92,20,17.57,1.79,1.48,1.69,3
10/17/2009 23:00,32432.97,17.78,16.1,0.45,2.65,0,3
10/18/2009 0:00,32433,19.44,17.93,1.34,4.01,2.12,3
10/18/2009 1:00,32433.04,19.44,18.1,0.45,1.57,2.33,3
10/18/2009 2:00,32433.08,19.44,17.93,0.89,1.54,2.54,3
10/18/2009 3:00,32433.13,19.44,17.75,0.89,4.1,2.75,3
10/18/2009 4:00,32433.17,19.44,17.75,0.89,0.24,2.96,3
10/18/2009 5:00,32433.21,19.44,15.68,2.68,1.33,3.17,3
10/18/2009 6:00,32433.25,18.33,15.18,1.79,0.98,3.38,3
10/18/2009 7:00,32433.29,18.89,15.92,2.68,1.22,3.6,30
10/18/2009 8:00,32433.34,20,15.41,2.24,1.29,3.81,100
10/18/2009 9:00,32433.38,22.22,16.69,1.34,1.52,4.02,258
10/18/2009 10:00,32433.42,26.11,19.25,1.34,3.32,4.23,387
10/18/2009 11:00,32433.46,26.67,18.78,0.45,5.43,4.44,645
10/18/2009 12:00,32433.5,26.11,17.46,0.45,4.19,4.65,587
10/18/2009 13:00,32433.55,29.44,17.95,0.89,3.02,0,634
10/18/2009 14:00,32433.59,27.78,16.72,0.45,3.32,0.5,522
10/18/2009 15:00,32433.63,27.22,15.26,0.89,4.31,0.87,284
10/18/2009 16:00,32433.67,25,17.45,1.34,4.21,1.23,130
10/18/2009 17:00,32433.71,22.78,16.31,0.45,3.96,1.59,37
10/18/2009 18:00,32433.76,21.67,15.93,0.89,4.97,1.96,8
10/18/2009 19:00,32433.8,20,14.55,0.89,4.75,2.32,3
10/18/2009 20:00,32433.84,18.89,12.59,0.89,4,2.68,3
10/18/2009 21:00,32433.88,17.22,11.22,0.45,4.71,3.05,3
10/18/2009 22:00,32433.92,16.11,9.25,0.45,4.73,3.41,3
10/18/2009 23:00,32433.97,19.44,17.21,0.89,1.45,1.9,3
10/19/2009 0:00,32434,16.11,7,1.34,3.96,4.14,3
10/19/2009 1:00,32434.04,15,6.99,0.89,4.19,4.5,3
10/19/2009 2:00,32434.08,13.33,9.15,0.89,4.21,4.86,3
10/19/2009 3:00,32434.13,11.67,8.85,0.45,3.63,5.23,3
10/19/2009 4:00,32434.17,11.11,9.01,0.89,4.59,5.59,4
10/19/2009 5:00,32434.21,11.11,9.51,0.89,4,5.95,3
10/19/2009 6:00,32434.25,10,8.75,0.89,3.56,6.32,4
10/19/2009 7:00,32434.29,11.67,10.06,0.89,3.47,6.68,42
10/19/2009 8:00,32434.34,13.89,10.08,0.89,3.86,7.04,218
10/19/2009 9:00,32434.38,18.33,12.95,0.45,5.38,7.4,404
10/19/2009 10:00,32434.42,18.89,11.91,0.56,5.13,7.77,389.5
10/19/2009 11:00,32434.46,19.44,10.88,0.67,4.89,8.13,375
10/19/2009 12:00,32434.5,20,9.84,0.78,4.64,8.49,360.5
10/19/2009 13:00,32434.55,20.56,8.8,0.89,4.4,8.28,346
10/19/2009 14:00,32434.59,15.56,9.18,1.34,5.38,9.75,198
10/19/2009 15:00,32434.63,15.56,8.01,2.24,5.25,9.76,147
10/19/2009 16:00,32434.67,15.56,7.01,3.58,0.96,9.78,84
10/19/2009 17:00,32434.71,16.67,8.81,0.89,3.65,9.79,74
10/19/2009 18:00,32434.76,13.89,9.49,0.45,4.35,9.8,6
10/19/2009 19:00,32434.8,13.33,8.14,1.79,6.2,9.81,3
10/19/2009 20:00,32434.84,13.33,9.35,1.79,6.02,9.82,3
10/19/2009 21:00,32434.88,13.33,7.71,2.24,0.02,9.83,3
10/19/2009 22:00,32434.92,12.22,8.46,0.45,4.42,9.84,3
10/19/2009 23:00,32434.97,15.56,8.48,0.89,5.34,3.77,3
10/20/2009 0:00,32435,10.56,7.76,0.45,3.72,9.87,4
10/20/2009 1:00,32435.04,11.11,8.48,0.89,1.26,9.88,4
10/20/2009 2:00,32435.08,10,8.42,0.89,3.89,9.89,4
10/20/2009 3:00,32435.13,10,8.42,0.89,4.17,9.9,4
10/20/2009 4:00,32435.17,8.89,7.64,0.89,3.65,9.91,4
10/20/2009 5:00,32435.21,8.33,7.57,0.89,4.85,9.92,4
10/20/2009 6:00,32435.25,8.89,8.12,0.45,3.87,9.93,4
10/20/2009 7:00,32435.29,10,9.23,0.45,3.44,9.94,25
10/20/2009 8:00,32435.34,10,9.23,0.45,3.23,9.96,90
10/20/2009 9:00,32435.38,11.11,9.35,0.45,3.98,9.97,132
10/20/2009 10:00,32435.42,12.22,9.75,0.45,2.15,9.98,142
10/20/2009 11:00,32435.46,15,10.57,0.45,3.6,9.99,239
10/20/2009 12:00,32435.5,14.44,9.83,0.89,2.29,10,216
10/20/2009 13:00,32435.55,14.44,9.21,2.68,3.53,9.09,287
10/20/2009 14:00,32435.59,16.67,10.24,1.34,3.89,5.96,396
10/20/2009 15:00,32435.63,16.67,10.47,1.34,0.24,5.85,355
10/20/2009 16:00,32435.67,17.78,11.53,0.89,5.76,5.74,276
10/20/2009 17:00,32435.71,15.56,10.06,1.34,0.37,5.64,77
10/20/2009 18:00,32435.76,13.89,10.08,0.89,4.24,5.53,6
10/20/2009 19:00,32435.8,13.33,9.92,0.45,4.66,5.42,3
10/20/2009 20:00,32435.84,12.78,9,0.45,0.26,5.32,3
10/20/2009 21:00,32435.88,13.89,9.09,0.89,1.66,5.21,3
10/20/2009 22:00,32435.92,13.89,9.09,0.45,0.24,5.1,3
10/20/2009 23:00,32435.97,11.67,9.03,0.89,4.21,9.85,3
10/21/2009 0:00,32436,15,9.95,0.45,3.67,4.89,3
10/21/2009 1:00,32436.04,15,10.77,0.89,1.4,4.78,3
10/21/2009 2:00,32436.08,14.44,11.38,0.45,4.21,4.67,3
10/21/2009 3:00,32436.13,12.78,9.93,0.89,3.77,4.57,3
10/21/2009 4:00,32436.17,11.67,9.55,1.34,3.49,4.46,3
10/21/2009 5:00,32436.21,11.11,9.35,0.89,5.9,4.35,3
10/21/2009 6:00,32436.25,13.33,11.02,1.79,1.57,4.24,4
10/21/2009 7:00,32436.29,13.33,10.48,1.79,1.55,4.14,50
10/21/2009 8:00,32436.34,15,10.77,2.24,1.01,4.03,197
10/21/2009 9:00,32436.38,20,13.88,0.45,2.51,3.92,352
10/21/2009 10:00,32436.42,21.67,12.74,1.34,3.56,3.82,549
10/21/2009 11:00,32436.46,22.78,11.47,1.79,3.82,3.71,645
10/21/2009 12:00,32436.5,22.22,11.27,1.79,5.62,3.6,614
10/21/2009 13:00,32436.55,23.89,12.19,0.89,4.64,2.08,599
10/21/2009 14:00,32436.59,25.56,13.07,0.45,5.38,0,588
10/21/2009 15:00,32436.63,23.89,10.87,0.45,3.93,0.09,452
10/21/2009 16:00,32436.67,22.78,10.52,0.89,3.35,0.18,274
10/21/2009 17:00,32436.71,20,9.51,0.45,4.05,0.27,69
10/21/2009 18:00,32436.76,18.33,10.38,0.45,4.76,0.36,6
10/21/2009 19:00,32436.8,16.67,10.01,0.45,1.1,0.46,3
10/21/2009 20:00,32436.84,16.67,11.56,0.89,1.45,0.55,3
10/21/2009 21:00,32436.88,16.67,11.98,1.79,1.36,0.64,3
10/21/2009 22:00,32436.92,16.11,12.44,2.68,1.47,0.73,3
10/21/2009 23:00,32436.97,14.44,10.62,1.79,1.27,4.99,3
10/22/2009 0:00,32437,15,10.97,3.58,1.12,0.91,3
10/22/2009 1:00,32437.04,14.44,11.01,2.24,1.47,1,3
10/22/2009 2:00,32437.08,13.89,10.84,1.34,1.55,1.09,3
10/22/2009 3:00,32437.13,13.89,10.84,3.13,0.89,1.18,3
10/22/2009 4:00,32437.17,13.89,9.89,3.13,1.26,1.27,3
10/22/2009 5:00,32437.21,13.89,10.65,2.24,1.13,1.37,3
10/22/2009 6:00,32437.25,13.89,10.65,3.58,1.45,1.46,3
10/22/2009 7:00,32437.29,15,11.55,2.24,1.43,1.55,33
10/22/2009 8:00,32437.34,16.11,11.23,1.79,1.4,1.64,197
10/22/2009 9:00,32437.38,19.44,12.18,0.89,0.94,1.73,374
10/22/2009 10:00,32437.42,22.78,13.79,0.45,4.52,1.82,528
10/22/2009 11:00,32437.46,23.33,13.47,1.34,3.79,1.91,625
10/22/2009 12:00,32437.5,24.44,13.93,0.45,4.8,2,649
10/22/2009 13:00,32437.55,25.56,13.72,0.45,4.12,0,632
10/22/2009 14:00,32437.59,25.56,14.35,0.89,5.76,0,570
10/22/2009 15:00,32437.63,24.44,12.7,0.89,4.99,0.11,432
10/22/2009 16:00,32437.67,24.44,13.01,0.89,3.4,0.22,265
10/22/2009 17:00,32437.71,21.67,13.01,0.45,4.05,0.34,68
10/22/2009 18:00,32437.76,18.89,13.04,0.45,4.69,0.45,5
10/22/2009 19:00,32437.8,18.33,12.51,0.45,6,0.56,3
10/22/2009 20:00,32437.84,17.78,11.98,0.89,1.4,0.67,3
10/22/2009 21:00,32437.88,17.78,13.86,1.79,1.17,0.79,3
10/22/2009 22:00,32437.92,16.67,13.17,2.24,1.05,0.9,3
10/22/2009 23:00,32437.97,15,11.16,3.58,1.45,0.82,3
10/23/2009 0:00,32438,16.11,12.63,2.68,0.98,1.12,3
10/23/2009 1:00,32438.04,16.11,12.63,2.68,0.99,1.23,3
10/23/2009 2:00,32438.08,16.11,12.24,3.13,1.55,1.35,3
10/23/2009 3:00,32438.13,15,11.93,3.58,1.54,1.46,3
10/23/2009 4:00,32438.17,14.44,11.75,0.89,1.83,1.57,3
10/23/2009 5:00,32438.21,15.56,12.28,2.68,1.15,1.68,3
10/23/2009 6:00,32438.25,15.56,11.9,3.13,1.24,1.79,3
10/23/2009 7:00,32438.29,15,11.16,3.58,0.94,1.91,36
10/23/2009 8:00,32438.34,16.11,11.64,2.24,0.99,2.02,130
10/23/2009 9:00,32438.38,18.89,12.36,1.79,0.79,2.13,362
10/23/2009 10:00,32438.42,23.33,14.58,0.89,4.29,2.24,519
10/23/2009 11:00,32438.46,25.56,14.96,0.89,3.54,2.36,612
10/23/2009 12:00,32438.5,25.56,14.35,0.89,5.88,2.47,636
10/23/2009 13:00,32438.55,27.22,14.93,0.45,5.08,0,617
10/23/2009 14:00,32438.59,26.67,13.4,1.79,4.17,0,561
10/23/2009 15:00,32438.63,27.22,13.91,0.89,4.08,0.11,426
10/23/2009 16:00,32438.67,25.56,12.73,0.89,4.14,0.23,263
10/23/2009 17:00,32438.71,23.89,13.41,0.89,5.48,0.34,73
10/23/2009 18:00,32438.76,20.56,12.23,0.45,5.52,0.46,7
10/23/2009 19:00,32438.8,20.56,13.23,0.89,0.66,0.57,3
10/23/2009 20:00,32438.84,19.44,15.28,1.34,0.66,0.69,3
10/23/2009 21:00,32438.88,18.89,14.74,1.79,1.29,0.8,3
10/23/2009 22:00,32438.92,18.33,14.2,2.24,1.33,0.91,3
10/23/2009 23:00,32438.97,17.22,13.52,2.24,1.5,1.01,3
10/24/2009 0:00,32439,16.67,13.17,2.24,1.45,1.14,3
10/24/2009 1:00,32439.04,16.67,13.74,2.68,1.34,1.26,3
10/24/2009 2:00,32439.08,17.22,14.29,2.24,1.29,1.37,3
10/24/2009 3:00,32439.13,16.11,13.38,2.68,1.4,1.49,3
10/24/2009 4:00,32439.17,16.11,13.2,3.58,0.94,1.6,3
10/24/2009 5:00,32439.21,15.56,12.47,3.13,1.24,1.71,3
10/24/2009 6:00,32439.25,15.56,12.47,2.24,1.34,1.83,3
10/24/2009 7:00,32439.29,16.11,12.05,3.13,1.36,1.94,27
10/24/2009 8:00,32439.34,17.22,12.3,2.24,1.43,2.06,174
10/24/2009 9:00,32439.38,20.56,14.41,0.45,1.8,2.17,354
10/24/2009 10:00,32439.42,26.67,18.78,0.89,5.76,2.29,507
10/24/2009 11:00,32439.46,26.11,15.48,0.45,4.14,2.4,609
10/24/2009 12:00,32439.5,26.11,13.91,0.89,3.67,2.51,631
10/24/2009 13:00,32439.55,28.33,15.95,1.34,0.98,2.31,583
10/24/2009 14:00,32439.59,28.33,16.6,0.45,2.15,0,504
10/24/2009 15:00,32439.63,27.78,14.76,0.45,5.25,0.15,414
10/24/2009 16:00,32439.67,25.56,14.04,1.34,5.24,0.31,249
10/24/2009 17:00,32439.71,23.89,14.28,0.45,5.29,0.46,65
10/24/2009 18:00,32439.76,21.11,14.24,0.45,5.85,0.62,6
10/24/2009 19:00,32439.8,20.56,13.47,0.45,4.64,0.77,3
10/24/2009 20:00,32439.84,18.89,12.59,0.45,4.24,0.93,3
10/24/2009 21:00,32439.88,18.89,13.7,1.79,1.62,1.08,3
10/24/2009 22:00,32439.92,18.33,13.38,0.89,1.06,1.23,3
10/24/2009 23:00,32439.97,18.33,14.6,3.13,1.26,1.03,3
10/25/2009 0:00,32440,14.44,12.11,0.45,0.82,1.54,3
10/25/2009 1:00,32440.04,16.11,13.75,2.24,1.45,1.7,3
10/25/2009 2:00,32440.08,14.44,12.98,1.34,4,1.85,3
10/25/2009 3:00,32440.13,14.44,12.64,0.45,1.62,2,3
10/25/2009 4:00,32440.17,16.11,13.93,2.68,1.13,2.16,3
10/25/2009 5:00,32440.21,16.11,13.75,0.89,3.65,2.31,3
10/25/2009 6:00,32440.25,14.44,12.11,0.89,3.82,2.47,3
10/25/2009 7:00,32440.29,12.78,11.66,0.89,3.86,2.62,25
10/25/2009 8:00,32440.34,16.11,13.93,1.34,1.31,2.78,159
10/25/2009 9:00,32440.38,20.56,15.09,1.34,0.56,2.93,330
10/25/2009 10:00,32440.42,23.33,15.11,0.45,3.19,3.08,485
10/25/2009 11:00,32440.46,25.56,15.26,1.34,3.68,3.24,595
10/25/2009 12:00,32440.5,24.44,13.63,2.24,3.65,3.39,605
10/25/2009 13:00,32440.55,25.56,12.73,2.68,3.26,3.24,559
10/25/2009 14:00,32440.59,26.11,12.54,0.45,2.97,0,536
10/25/2009 15:00,32440.63,25.56,12.39,1.34,3.12,0.12,373
10/25/2009 16:00,32440.67,26.11,13.24,0.45,4.5,0.25,218
10/25/2009 17:00,32440.71,22.78,11.78,0.45,5.34,0.37,48
10/25/2009 18:00,32440.76,21.11,12.75,0.45,5.69,0.5,5
10/25/2009 19:00,32440.8,20,13.88,0.89,0.12,0.62,3
10/25/2009 20:00,32440.84,18.89,12.82,1.79,0.99,0.75,3
10/25/2009 21:00,32440.88,18.89,14.12,2.68,1.36,0.87,3
10/25/2009 22:00,32440.92,17.78,13.05,3.13,1.66,1,3
10/25/2009 23:00,32440.97,17.22,13.12,0.89,3.07,1.39,3
10/26/2009 0:00,32441,17.22,12.92,3.13,1.12,1.25,3
10/26/2009 1:00,32441.04,17.22,12.72,4.02,1.19,1.37,3
10/26/2009 2:00,32441.08,16.67,12.38,3.13,1.22,1.5,3
10/26/2009 3:00,32441.13,17.78,11.98,4.02,0.94,1.62,3
10/26/2009 4:00,32441.17,16.67,11.13,3.58,1.03,1.75,3
10/26/2009 5:00,32441.21,16.67,10.69,3.58,1.4,1.87,3
10/26/2009 6:00,32441.25,15.56,10.49,2.24,1.43,2,3
10/26/2009 7:00,32441.29,16.11,9.25,2.68,1.06,2.12,42
10/26/2009 8:00,32441.34,17.22,8.57,3.58,1.48,2.25,164
10/26/2009 9:00,32441.38,20.56,11.97,0.89,4.45,2.37,271
10/26/2009 10:00,32441.42,24.44,14.51,1.34,4.1,2.5,507
10/26/2009 11:00,32441.46,27.78,14.76,0.45,1.48,2.62,616
10/26/2009 12:00,32441.5,27.78,14.76,0.45,5.72,2.74,618
10/26/2009 13:00,32441.55,30,13.76,0.45,5.39,1.59,586
10/26/2009 14:00,32441.59,30,10.07,0.89,4.54,0,574
10/26/2009 15:00,32441.63,30,10.58,0.45,4.94,0.31,433
10/26/2009 16:00,32441.67,28.33,10.08,0.45,4.24,0.63,250
10/26/2009 17:00,32441.71,23.89,10.17,0.45,4.22,0.94,62
10/26/2009 18:00,32441.76,21.11,11.12,0.45,4.99,1.25,4
10/26/2009 19:00,32441.8,21.11,12.22,1.34,5.76,1.56,3
10/26/2009 20:00,32441.84,19.44,13.58,2.24,0.79,1.88,3
10/26/2009 21:00,32441.88,18.89,10.4,1.34,1.47,2.19,3
10/26/2009 22:00,32441.92,17.78,10.11,2.24,1.29,2.5,3
10/26/2009 23:00,32441.97,17.22,13.32,4.02,1.48,1.12,3
10/27/2009 0:00,32442,16.11,10.81,0.89,4.17,3.13,3
10/27/2009 1:00,32442.04,16.67,10.24,2.68,5.65,3.44,3
10/27/2009 2:00,32442.08,15,10.97,1.34,4.38,3.75,3
10/27/2009 3:00,32442.13,13.89,11.56,1.34,5.55,4.07,3
10/27/2009 4:00,32442.17,12.22,8.84,1.34,3.93,4.38,3
10/27/2009 5:00,32442.21,12.22,4.37,0.45,5.04,4.69,3
10/27/2009 6:00,32442.25,10.56,1.29,1.79,4.64,5,3
10/27/2009 7:00,32442.29,10,1.03,0.89,4.05,5.32,17
10/27/2009 8:00,32442.34,11.11,1.26,0.89,4.82,5.63,121
10/27/2009 9:00,32442.38,13.33,2.46,1.34,4.71,5.94,284
10/27/2009 10:00,32442.42,13.89,2.37,2.24,5.24,6.26,436
10/27/2009 11:00,32442.46,15.56,3.59,1.34,5.43,6.57,461
10/27/2009 12:00,32442.5,15.56,2.61,0.89,5.08,6.88,447
10/27/2009 13:00,32442.55,16.67,3.95,4.47,0.45,2.78,562
10/27/2009 14:00,32442.59,17.78,4.28,4.47,0.24,0,569
10/27/2009 15:00,32442.63,17.78,4.62,1.79,3.58,0.08,377
10/27/2009 16:00,32442.67,17.22,3.42,1.79,1.31,0.16,191
10/27/2009 17:00,32442.71,13.89,3.84,2.24,1.76,0.24,59
10/27/2009 18:00,32442.76,12.78,4.4,0.45,3.05,0.32,4
10/27/2009 19:00,32442.8,11.67,3.6,0.89,2.22,0.4,3
10/27/2009 20:00,32442.84,11.67,5.69,2.24,0.58,0.48,3
10/27/2009 21:00,32442.88,11.67,2.59,2.24,0.47,0.55,3
10/27/2009 22:00,32442.92,12.22,-4.53,3.13,5.83,0.63,3
10/27/2009 23:00,32442.97,15.56,10.06,0.45,2.41,2.81,3
10/28/2009 0:00,32443,10,-6.48,1.34,4.26,0.79,4
10/28/2009 1:00,32443.04,8.33,-5.63,1.34,4.08,0.87,4
10/28/2009 2:00,32443.08,9.44,-5,0.89,5.5,0.95,4
10/28/2009 3:00,32443.13,11.67,-4.19,1.79,5.88,1.03,4
10/28/2009 4:00,32443.17,11.11,-5.93,2.24,6.2,1.11,3
10/28/2009 5:00,32443.21,10.56,-5.99,1.34,5.46,1.19,3
10/28/2009 6:00,32443.25,8.89,-8.31,0.89,4.45,1.27,4
10/28/2009 7:00,32443.29,11.11,-5.5,4.47,5.62,1.35,31
10/28/2009 8:00,32443.34,12.78,-5.87,2.24,3.53,1.43,199
10/28/2009 9:00,32443.38,14.44,-4.43,2.24,3.54,1.51,385
10/28/2009 10:00,32443.42,14.44,-3.02,1.79,3.23,1.59,537
10/28/2009 11:00,32443.46,15,-1.66,2.68,1.55,1.66,630
10/28/2009 12:00,32443.5,18.33,-5.08,0.89,4.64,1.74,629
10/28/2009 13:00,32443.55,20,-7.45,0.89,4.9,0.47,587
10/28/2009 14:00,32443.59,19.44,-7.07,2.24,5.1,0,588
10/28/2009 15:00,32443.63,18.89,-6.74,1.79,4.97,0.14,445
10/28/2009 16:00,32443.67,18.33,-3.23,2.68,5.38,0.28,263
10/28/2009 17:00,32443.71,15,-4.97,1.79,5.17,0.42,43
10/28/2009 18:00,32443.76,13.33,-3.13,1.34,5.31,0.56,5
10/28/2009 19:00,32443.8,11.67,-3.79,0.45,4.64,0.7,3
10/28/2009 20:00,32443.84,10,-3.09,0.45,5.2,0.84,3
10/28/2009 21:00,32443.88,9.44,-3.26,0.89,3.94,0.98,3
10/28/2009 22:00,32443.92,7.78,-3.53,0.45,1.76,1.12,4
10/28/2009 23:00,32443.97,12.78,-4.48,2.24,6.25,0.71,3
10/29/2009 0:00,32444,8.33,-2.43,2.24,1.71,1.41,4
10/29/2009 1:00,32444.04,7.78,1.1,2.24,1.55,1.55,4
10/29/2009 2:00,32444.08,8.33,1.4,3.13,1.33,1.69,4
10/29/2009 3:00,32444.13,8.33,1.85,3.58,1.19,1.83,4
10/29/2009 4:00,32444.17,7.78,0.65,2.68,1.27,1.97,4
10/29/2009 5:00,32444.21,8.33,0.71,4.02,1.12,2.11,4
10/29/2009 6:00,32444.25,8.33,0.22,2.68,1.34,2.25,4
10/29/2009 7:00,32444.29,8.33,1.63,2.68,1.41,2.39,28
10/29/2009 8:00,32444.34,9.44,-0.56,2.24,1.36,2.53,167
10/29/2009 9:00,32444.38,13.33,-1.53,1.79,2.41,2.67,299
10/29/2009 10:00,32444.42,17.22,-0.59,0.89,2.51,2.81,463
10/29/2009 11:00,32444.46,17.22,-0.59,1.79,2.39,2.95,616
10/29/2009 12:00,32444.5,16.67,-2.51,1.34,4.33,3.09,598
10/29/2009 13:00,32444.55,17.78,-2.59,1.79,3.74,2.56,559
10/29/2009 14:00,32444.59,18.33,-3.23,0.45,3.7,0,552
10/29/2009 15:00,32444.63,18.33,-2.11,0.45,2.29,0.08,415
10/29/2009 16:00,32444.67,19.44,-1.71,0,2.98,0.15,240
10/29/2009 17:00,32444.71,15.56,-2.05,0.45,4.1,0.23,40
10/29/2009 18:00,32444.76,13.89,-2.64,0.45,4.45,0.31,4
10/29/2009 19:00,32444.8,12.78,-2.41,0.45,4.31,0.38,3
10/29/2009 20:00,32444.84,13.33,-0.44,1.34,1.59,0.46,3
10/29/2009 21:00,32444.88,12.22,2.01,3.58,1.06,0.54,3
10/29/2009 22:00,32444.92,11.67,1.78,4.02,0.8,0.61,3
10/29/2009 23:00,32444.97,7.78,-3.53,0.89,2.2,1.27,4
10/30/2009 0:00,32445,12.22,3.37,4.47,0.89,0.76,3
10/30/2009 1:00,32445.04,10.56,2.06,2.24,1.52,0.84,3
10/30/2009 2:00,32445.08,11.11,2.33,3.58,1.47,0.92,3
10/30/2009 3:00,32445.13,10.56,2.56,3.58,1.43,0.99,3
10/30/2009 4:00,32445.17,10.56,1.55,4.02,1.22,1.07,3
10/30/2009 5:00,32445.21,10,2.98,2.68,1.34,1.15,3
10/30/2009 6:00,32445.25,11.11,3.32,3.58,0.86,1.22,4
10/30/2009 7:00,32445.29,10,2.52,4.47,0.77,1.3,18
10/30/2009 8:00,32445.34,11.67,1.5,3.13,0.79,1.38,165
10/30/2009 9:00,32445.38,13.89,4.12,2.24,0.89,1.45,359
10/30/2009 10:00,32445.42,20.56,3.67,0.45,1.57,1.53,514
10/30/2009 11:00,32445.46,22.78,3.29,0.89,5.65,1.61,620
10/30/2009 12:00,32445.5,20,0.37,1.79,0.4,1.68,622
10/30/2009 13:00,32445.55,23.33,-0.9,1.34,0.31,0,590
10/30/2009 14:00,32445.59,22.78,-2.79,0.89,3.72,0,570
10/30/2009 15:00,32445.63,23.89,-2.63,0.89,3.82,0.06,433
10/30/2009 16:00,32445.67,23.33,-0.9,0.45,4.24,0.12,251
10/30/2009 17:00,32445.71,20,-1.82,0.89,4.47,0.17,39
10/30/2009 18:00,32445.76,17.22,-1.53,0.89,4.14,0.23,4
10/30/2009 19:00,32445.8,16.67,-1.54,1.79,5.78,0.29,3
10/30/2009 20:00,32445.84,15,2.43,1.34,1.05,0.35,3
10/30/2009 21:00,32445.88,13.33,3.32,2.68,1.24,0.41,3
10/30/2009 22:00,32445.92,12.78,3.62,3.13,1.43,0.47,3
10/30/2009 23:00,32445.97,12.22,5.09,4.02,0.93,0.69,3
10/31/2009 0:00,32446,12.78,3.62,4.47,1.24,0.58,3
10/31/2009 1:00,32446.04,12.78,4.65,4.02,1.41,0.64,3
10/31/2009 2:00,32446.08,12.22,5.32,2.24,1.47,0.7,3
10/31/2009 3:00,32446.13,12.22,4.85,3.58,1.06,0.76,3
10/31/2009 4:00,32446.17,11.67,4.79,4.02,0.94,0.81,3
10/31/2009 5:00,32446.21,11.67,5.69,4.02,1.48,0.87,3
10/31/2009 6:00,32446.25,11.67,5.47,3.13,1.47,0.93,3
10/31/2009 7:00,32446.29,11.67,6.11,4.02,1.26,0.99,24
10/31/2009 8:00,32446.34,13.33,6.37,3.58,0.98,1.05,178
10/31/2009 9:00,32446.38,16.11,5.32,1.34,1.17,1.11,357
10/31/2009 10:00,32446.42,24.44,7.1,0.45,5.01,1.16,513
10/31/2009 11:00,32446.46,23.89,3.73,0.45,2.5,1.22,620
10/31/2009 12:00,32446.5,23.33,3.25,0.45,5.13,1.28,623
10/31/2009 13:00,32446.55,25.56,4.63,0.89,3.53,0,586
10/31/2009 14:00,32446.59,26.11,3.37,0.45,3.65,0,560
10/31/2009 15:00,32446.63,24.44,1.96,0.89,4.01,0.16,419
10/31/2009 16:00,32446.67,23.33,2.72,0.89,4.57,0.31,242
10/31/2009 17:00,32446.71,20,3.18,0.45,4.03,0.47,40
10/31/2009 18:00,32446.76,18.33,3.69,0.45,5.67,0.62,4
10/31/2009 19:00,32446.8,17.22,8.57,1.34,0.17,0.78,3
10/31/2009 20:00,32446.84,17.22,5.43,0.89,1.17,0.93,3
10/31/2009 21:00,32446.88,15,6.99,2.68,1.29,1.09,3
10/31/2009 22:00,32446.92,13.33,6.61,3.13,1.15,1.25,3
10/31/2009 23:00,32446.97,13.33,3.32,3.58,1.17,0.52,3
11/1/2009 0:00,32447,12.78,6.97,2.68,1.34,1.56,3
11/1/2009 1:00,32447.04,13.33,7.5,4.02,1.47,1.71,3
11/1/2009 2:00,32447.08,12.22,6.43,2.68,1.64,1.87,3
11/1/2009 3:00,32447.13,11.67,7.14,2.68,1.19,2.03,3
11/1/2009 4:00,32447.17,12.22,7.88,3.58,1.15,2.18,3
11/1/2009 5:00,32447.21,12.22,7.48,3.13,1.26,2.34,3
11/1/2009 6:00,32447.25,11.67,6.94,3.13,1.45,2.49,22
11/1/2009 7:00,32447.29,13.89,7.59,2.68,1.34,2.65,167
11/1/2009 8:00,32447.34,17.22,8.04,1.34,1.2,2.8,344
11/1/2009 9:00,32447.38,22.22,7.57,0.45,4,2.96,499
11/1/2009 10:00,32447.42,23.33,6.98,0.89,3.8,3.12,598
11/1/2009 11:00,32447.46,24.44,7.54,0.45,0.93,3.27,612
11/1/2009 12:00,32447.5,28.33,9.12,0.89,5.29,3.43,578
11/1/2009 13:00,32447.55,27.22,6.07,0.45,5.67,2.65,546
11/1/2009 14:00,32447.59,25.56,5.17,1.34,3.8,4.33,411
11/1/2009 15:00,32447.63,25.56,6.2,0.45,3.72,4.31,237
11/1/2009 16:00,32447.67,21.11,6.19,0.45,4.21,4.29,42
11/1/2009 17:00,32447.71,19.44,7.78,0.89,4.8,4.27,4
11/1/2009 18:00,32447.76,17.22,9.58,0.89,0.82,4.25,3
11/1/2009 19:00,32447.8,17.22,8.83,2.24,1.26,4.22,3
11/1/2009 20:00,32447.84,16.11,9.71,1.79,1.24,4.2,3
11/1/2009 21:00,32447.88,15.56,9.4,2.68,1.29,4.18,3
11/1/2009 22:00,32447.92,14.44,8.34,3.58,1.45,4.16,3
11/1/2009 23:00,32447.97,13.33,7.28,3.13,1.31,1.4,3
11/2/2009 0:00,32448,13.89,8.03,2.68,1.33,4.11,3
11/2/2009 1:00,32448.04,13.89,8.88,2.24,1.13,4.09,3
11/2/2009 2:00,32448.08,13.89,8.88,3.13,1.2,4.07,3
11/2/2009 3:00,32448.13,12.78,7.6,3.13,1.48,4.05,3
11/2/2009 4:00,32448.17,13.33,7.93,3.58,1.29,4.03,3
11/2/2009 5:00,32448.21,13.33,7.71,3.13,1.22,4,3
11/2/2009 6:00,32448.25,12.78,6.75,4.02,1.12,3.98,21
11/2/2009 7:00,32448.29,14.44,7.66,4.02,1.01,3.96,162
11/2/2009 8:00,32448.34,17.78,8.83,0.89,1.33,3.94,339
11/2/2009 9:00,32448.38,23.33,12.29,1.34,6.06,3.92,493
11/2/2009 10:00,32448.42,26.11,10.28,0.89,4.15,3.89,599
11/2/2009 11:00,32448.46,25.56,9.37,0.45,1.1,3.87,606
11/2/2009 12:00,32448.5,27.78,9.59,0.89,3.23,3.85,562
11/2/2009 13:00,32448.55,27.22,10.44,0.45,0.66,2.77,540
11/2/2009 14:00,32448.59,27.78,10.05,0.45,4.08,4.55,402
11/2/2009 15:00,32448.63,26.11,9.02,0.45,3.05,4.53,228
11/2/2009 16:00,32448.67,22.22,8.3,0.45,4.17,4.52,44
11/2/2009 17:00,32448.71,20,9.51,0.89,0.44,4.5,3
11/2/2009 18:00,32448.76,19.44,10.12,0.89,0.86,4.49,3
11/2/2009 19:00,32448.8,17.22,9.34,2.24,0.75,4.47,3
11/2/2009 20:00,32448.84,17.22,9.83,3.58,1.17,4.46,3
11/2/2009 21:00,32448.88,16.11,10.16,2.68,1.2,4.44,3
11/2/2009 22:00,32448.92,15,9.74,3.13,1.13,4.42,3
11/2/2009 23:00,32448.97,14.44,7.89,3.58,1.36,4.14,3
11/3/2009 0:00,32449,14.44,9.42,3.13,0.96,4.39,3
11/3/2009 1:00,32449.04,14.44,9.83,2.68,1.41,4.38,3
11/3/2009 2:00,32449.08,14.44,9.62,3.13,1.06,4.36,3
11/3/2009 3:00,32449.13,13.89,8.88,3.13,1.17,4.35,3
11/3/2009 4:00,32449.17,12.78,8.01,2.24,1.24,4.33,3
11/3/2009 5:00,32449.21,13.33,8.14,3.58,1.13,4.31,3
11/3/2009 6:00,32449.25,12.78,7.18,2.68,1.24,4.3,20
11/3/2009 7:00,32449.29,14.44,8.12,1.79,1.34,4.28,162
11/3/2009 8:00,32449.34,17.22,9.58,1.79,1.01,4.27,338
11/3/2009 9:00,32449.38,20.56,10.88,0.89,1.03,4.25,493
11/3/2009 10:00,32449.42,25.56,12.73,0.89,5.52,4.24,596
11/3/2009 11:00,32449.46,25.56,11.68,1.79,0.82,4.22,605
11/3/2009 12:00,32449.5,28.89,13.57,0.89,5.38,4.21,547
11/3/2009 13:00,32449.55,28.33,12.26,0.45,0.24,2.19,547
11/3/2009 14:00,32449.59,30.56,10.03,0,3.86,4,413
11/3/2009 15:00,32449.63,28.89,7.5,0.45,3.65,3.99,232
11/3/2009 16:00,32449.67,25,7.59,0.45,4.29,3.98,30
11/3/2009 17:00,32449.71,21.67,7.44,0.45,5.25,3.97,3
11/3/2009 18:00,32449.76,20.56,7.14,1.34,6.11,3.96,3
11/3/2009 19:00,32449.8,18.33,9.08,0.89,1.17,3.95,3
11/3/2009 20:00,32449.84,17.78,9.61,1.34,1.41,3.94,3
11/3/2009 21:00,32449.88,17.22,9.58,1.79,1.24,3.93,3
11/3/2009 22:00,32449.92,15.56,8.01,3.13,1.24,3.92,3
11/3/2009 23:00,32449.97,15.56,9.84,3.58,1.33,4.41,3
11/4/2009 0:00,32450,16.11,7,3.13,1.1,3.9,3
11/4/2009 1:00,32450.04,15.56,5.38,3.13,1.1,3.89,3
11/4/2009 2:00,32450.08,15,5.7,2.24,1.29,3.88,3
11/4/2009 3:00,32450.13,13.89,4.66,2.24,1.43,3.87,3
11/4/2009 4:00,32450.17,13.89,3.56,2.68,1.27,3.86,3
11/4/2009 5:00,32450.21,13.33,3.6,2.24,1.22,3.85,3
11/4/2009 6:00,32450.25,13.89,4.92,2.68,1.06,3.84,19
11/4/2009 7:00,32450.29,15.56,4.51,3.13,1.38,3.83,160
11/4/2009 8:00,32450.34,20.56,5.3,1.79,4.01,3.82,338
11/4/2009 9:00,32450.38,25.56,8.09,0.89,5.65,3.82,490
11/4/2009 10:00,32450.42,28.33,7.57,0.89,3.84,3.81,594
11/4/2009 11:00,32450.46,28.89,6.93,0.89,3.14,3.8,606
11/4/2009 12:00,32450.5,30,10.58,0.89,0.93,3.79,557
11/4/2009 13:00,32450.55,30.56,1.1,1.79,3.51,2.28,542
11/4/2009 14:00,32450.59,30,2.38,1.79,3.32,4.47,398
11/4/2009 15:00,32450.63,30,3.94,0.45,4.15,4.58,213
11/4/2009 16:00,32450.67,25.56,2.28,0.45,4.15,4.69,44
11/4/2009 17:00,32450.71,24.44,3.68,1.34,0.61,4.8,3
11/4/2009 18:00,32450.76,21.11,3.27,1.34,0.84,4.91,3
11/4/2009 19:00,32450.8,18.89,5.63,3.13,1.12,5.02,3
11/4/2009 20:00,32450.84,16.11,5.9,1.79,4.05,5.13,3
11/4/2009 21:00,32450.88,15,8.19,0.89,4.01,5.24,3
11/4/2009 22:00,32450.92,14.44,6.47,1.34,1.55,5.35,3
11/4/2009 23:00,32450.97,15.56,6.75,3.58,1.05,3.91,3
11/5/2009 0:00,32451,11.67,8.85,2.24,1.57,5.58,3
11/5/2009 1:00,32451.04,14.44,6.95,4.02,1.06,5.69,3
11/5/2009 2:00,32451.08,13.33,5.66,1.79,1.17,5.8,3
11/5/2009 3:00,32451.13,10.56,7.94,0.89,3.63,5.91,3
11/5/2009 4:00,32451.17,11.67,7.73,2.24,1.4,6.02,3
11/5/2009 5:00,32451.21,11.67,6.11,0.45,4.56,6.13,3
11/5/2009 6:00,32451.25,12.22,6.43,0.45,3.79,6.24,26
11/5/2009 7:00,32451.29,10.56,7.76,1.34,4.14,6.35,129
11/5/2009 8:00,32451.34,14.44,8.99,0.45,1.78,6.47,245
11/5/2009 9:00,32451.38,18.89,9.05,0.89,3.47,6.58,435
11/5/2009 10:00,32451.42,18.89,8.76,1.34,3.61,6.69,451
11/5/2009 11:00,32451.46,20.56,10.31,0.89,5.41,6.8,397
11/5/2009 12:00,32451.5,22.78,10.52,0.45,1.17,6.91,421
11/5/2009 13:00,32451.55,22.78,8.8,1.34,2.16,3.33,517
11/5/2009 14:00,32451.59,22.22,7.18,0.89,3.42,6.63,324
11/5/2009 15:00,32451.63,22.22,7.18,0.89,3.94,6.55,199
11/5/2009 16:00,32451.67,19.44,7.47,1.34,3.79,6.47,39
11/5/2009 17:00,32451.71,16.67,6.13,0.89,2.09,6.38,3
11/5/2009 18:00,32451.76,15.56,8.48,0.45,6.2,6.3,3
11/5/2009 19:00,32451.8,15.56,9.4,1.34,0.8,6.22,3
11/5/2009 20:00,32451.84,15,8.42,1.79,1.43,6.13,3
11/5/2009 21:00,32451.88,13.33,7.06,2.24,1.48,6.05,3
11/5/2009 22:00,32451.92,12.78,7.81,3.13,1.41,5.97,3
11/5/2009 23:00,32451.97,12.78,8.22,1.79,4.14,5.47,3
11/6/2009 0:00,32452,12.78,8.01,3.13,1.17,5.8,3
11/6/2009 1:00,32452.04,12.78,8.22,2.68,1.1,5.71,3
11/6/2009 2:00,32452.08,11.67,6.94,2.68,1.15,5.63,3
11/6/2009 3:00,32452.13,12.22,7.48,1.34,0.82,5.55,3
11/6/2009 4:00,32452.17,11.67,7.14,2.68,1.05,5.46,3
11/6/2009 5:00,32452.21,11.11,7,2.68,1.15,5.38,4
11/6/2009 6:00,32452.25,10.56,6.07,1.79,1.55,5.3,15
11/6/2009 7:00,32452.29,12.78,7.18,2.24,1.43,5.21,142
11/6/2009 8:00,32452.34,14.44,6.71,1.34,0.82,5.13,312
11/6/2009 9:00,32452.38,19.44,9.28,0.45,3.4,5.05,460
11/6/2009 10:00,32452.42,20.56,8.48,1.34,3.51,4.96,564
11/6/2009 11:00,32452.46,22.78,9.51,0.45,2.93,4.88,584
11/6/2009 12:00,32452.5,24.44,10.31,0.45,1.82,4.8,516
11/6/2009 13:00,32452.55,23.89,8.29,1.34,4.68,3.32,514
11/6/2009 14:00,32452.59,23.33,8.57,1.34,4.31,4.86,381
11/6/2009 15:00,32452.63,21.67,8.15,0.45,4.36,4.89,211
11/6/2009 16:00,32452.67,18.33,7.67,0.45,4.01,4.92,33
11/6/2009 17:00,32452.71,16.67,8.05,0.45,4.42,4.95,3
11/6/2009 18:00,32452.76,16.11,9.25,0.89,1.73,4.97,3
11/6/2009 19:00,32452.8,15,10.36,0.45,5.78,5,3
11/6/2009 20:00,32452.84,14.44,9.42,1.34,0.89,5.03,3
11/6/2009 21:00,32452.88,14.44,9.83,2.68,1.36,5.06,3
11/6/2009 22:00,32452.92,13.89,9.69,3.13,1.17,5.08,3
11/6/2009 23:00,32452.97,13.33,8.34,4.02,1.1,5.88,3
11/7/2009 0:00,32453,12.78,9.19,1.34,1.64,5.14,3
11/7/2009 1:00,32453.04,10,7.04,0.89,4.22,5.16,3
11/7/2009 2:00,32453.08,11.67,8.85,0.89,1.62,5.19,3
11/7/2009 3:00,32453.13,12.22,9.21,1.34,1.22,5.22,4
11/7/2009 4:00,32453.17,11.11,8.48,0.89,1.48,5.25,4
11/7/2009 5:00,32453.21,10.56,7.76,0.45,2.69,5.27,4
11/7/2009 6:00,32453.25,10.56,7.58,0.89,1.87,5.3,14
11/7/2009 7:00,32453.29,12.78,9.57,1.34,1.29,5.33,135
11/7/2009 8:00,32453.34,14.44,10.03,0.89,3.75,5.36,282
11/7/2009 9:00,32453.38,16.11,9.01,0.45,4.96,5.38,284
11/7/2009 10:00,32453.42,20,10.64,0.89,3.86,5.41,453
11/7/2009 11:00,32453.46,20,7.65,1.79,4.92,5.44,552
11/7/2009 12:00,32453.5,20.56,7.49,1.34,4.38,5.47,486
11/7/2009 13:00,32453.55,21.11,7.3,1.34,5.08,4.36,482
11/7/2009 14:00,32453.59,20,6.29,1.79,4,4.69,383
11/7/2009 15:00,32453.63,18.89,7.58,0.89,4.26,4.74,214
11/7/2009 16:00,32453.67,16.11,7.53,0.89,3.72,4.79,32
11/7/2009 17:00,32453.71,13.89,7.13,0.45,4.21,4.84,4
11/7/2009 18:00,32453.76,13.89,7.13,0.45,4.01,4.89,3
11/7/2009 19:00,32453.8,12.22,6,1.34,4.12,4.94,3
11/7/2009 20:00,32453.84,11.11,5.79,0.45,5.18,4.99,3
11/7/2009 21:00,32453.88,10,5.92,0.89,4.14,5.04,4
11/7/2009 22:00,32453.92,11.67,8.3,1.34,1.24,5.09,3
11/7/2009 23:00,32453.97,12.78,8.81,2.24,1.17,5.11,3
11/8/2009 0:00,32454,8.89,5.77,1.79,3.56,5.2,4
11/8/2009 1:00,32454.04,9.44,6.85,2.24,1.45,5.25,4
11/8/2009 2:00,32454.08,10,7.91,1.79,1.24,5.3,4
11/8/2009 3:00,32454.13,6.67,4.96,1.34,1.19,5.35,4
11/8/2009 4:00,32454.17,8.33,6.27,1.79,1.34,5.4,4
11/8/2009 5:00,32454.21,10,7.39,1.79,1.57,5.45,4
11/8/2009 6:00,32454.25,7.78,4.86,1.34,3.96,5.5,12
11/8/2009 7:00,32454.29,9.44,6.49,0.89,4.01,5.55,141
11/8/2009 8:00,32454.34,10.56,7.4,1.34,3.18,5.61,156
11/8/2009 9:00,32454.38,13.33,7.06,1.79,3.54,5.66,354
11/8/2009 10:00,32454.42,15.56,8.72,2.68,5.92,5.71,317
11/8/2009 11:00,32454.46,16.11,7,1.34,3.65,5.76,310
11/8/2009 12:00,32454.5,19.44,8.09,0.45,3.61,5.81,468
11/8/2009 13:00,32454.55,20,7.97,0.45,2.83,5.42,442
11/8/2009 14:00,32454.59,20,6.98,0,3.54,4.69,380
11/8/2009 15:00,32454.63,19.44,7.14,0.89,4.21,4.85,203
11/8/2009 16:00,32454.67,16.11,6.73,0.45,0.63,5.01,29
11/8/2009 17:00,32454.71,14.44,6.47,0.89,4.29,5.16,3
11/8/2009 18:00,32454.76,14.44,6.47,0.89,0.89,5.32,3
11/8/2009 19:00,32454.8,13.33,8.34,2.24,1.1,5.48,3
11/8/2009 20:00,32454.84,11.67,7.14,3.13,1.45,5.64,4
11/8/2009 21:00,32454.88,11.11,7.57,3.13,1.29,5.79,3
11/8/2009 22:00,32454.92,11.67,7.73,2.68,1.47,5.95,4
11/8/2009 23:00,32454.97,9.44,5.95,1.34,3.44,5.15,4
11/9/2009 0:00,32455,10.56,6.26,3.58,1.29,6.27,4
11/9/2009 1:00,32455.04,10.56,5.87,4.02,1.33,6.43,4
11/9/2009 2:00,32455.08,11.11,5.79,3.58,1.19,6.58,4
11/9/2009 3:00,32455.13,10.56,5.46,3.58,1.29,6.74,4
11/9/2009 4:00,32455.17,9.44,3.56,2.68,1.4,6.9,4
11/9/2009 5:00,32455.21,8.89,4.06,4.02,1.22,7.06,4
11/9/2009 6:00,32455.25,8.89,3.45,4.02,1.47,7.21,16
11/9/2009 7:00,32455.29,10.56,3.96,3.13,1.38,7.37,134
11/9/2009 8:00,32455.34,12.78,4.9,1.34,1.1,7.53,283
11/9/2009 9:00,32455.38,16.11,8.04,1.34,1.03,7.69,429
11/9/2009 10:00,32455.42,20.56,11.16,0.89,5.71,7.84,492
11/9/2009 11:00,32455.46,20.56,8.48,0.89,5.88,8,430
11/9/2009 12:00,32455.5,21.67,8.15,0.45,4.42,8.16,338
11/9/2009 13:00,32455.55,20.56,7.49,0.45,3.79,7.98,318
11/9/2009 14:00,32455.59,20.56,6.07,0.45,0.26,7.57,276
11/9/2009 15:00,32455.63,20.56,6.43,0.45,4.35,7.58,164
11/9/2009 16:00,32455.67,15.56,5.67,0.89,3.58,7.59,23
11/9/2009 17:00,32455.71,15,6.74,0.89,4.94,7.6,3
11/9/2009 18:00,32455.76,14.44,6.71,0.45,3.28,7.61,3
11/9/2009 19:00,32455.8,13.33,6.37,0.45,4.99,7.62,3
11/9/2009 20:00,32455.84,12.22,6.86,2.68,1.29,7.63,3
11/9/2009 21:00,32455.88,11.11,7,2.24,1.54,7.64,3
11/9/2009 22:00,32455.92,11.67,7.34,3.13,0.66,7.65,3
11/9/2009 23:00,32455.97,11.67,7.73,3.13,1.36,6.11,4
11/10/2009 0:00,32456,10,5.73,0.89,5.72,7.67,4
11/10/2009 1:00,32456.04,11.67,6.53,1.79,1.24,7.68,4
11/10/2009 2:00,32456.08,10,5.53,0.45,3.21,7.69,4
11/10/2009 3:00,32456.13,10.56,5.05,3.13,1.1,7.7,4
11/10/2009 4:00,32456.17,10,5.92,4.02,1.45,7.71,4
11/10/2009 5:00,32456.21,8.89,3.86,1.79,1.45,7.72,4
11/10/2009 6:00,32456.25,6.11,2.33,1.34,4.19,7.73,12
11/10/2009 7:00,32456.29,9.44,4.6,0.89,1.43,7.74,81
11/10/2009 8:00,32456.34,11.67,5.24,0.89,0.8,7.75,234
11/10/2009 9:00,32456.38,15,6.74,0.89,4.52,7.76,278
11/10/2009 10:00,32456.42,17.78,9.35,0.89,0.56,7.77,419
11/10/2009 11:00,32456.46,16.11,7,0.89,0.61,7.78,395
11/10/2009 12:00,32456.5,20.56,7.83,0.89,3.32,7.79,359
11/10/2009 13:00,32456.55,18.89,7.27,0.45,3.35,8.77,270
11/10/2009 14:00,32456.59,17.78,6.86,0,4.12,9.77,166
11/10/2009 15:00,32456.63,17.22,7.21,0.45,3.18,9.69,96
11/10/2009 16:00,32456.67,15.56,6.75,0.45,3.75,9.61,20
11/10/2009 17:00,32456.71,14.44,6.95,0.45,4.05,9.53,3
11/10/2009 18:00,32456.76,13.33,6.61,0.89,3.65,9.46,3
11/10/2009 19:00,32456.8,14.44,7.89,1.34,1.85,9.38,3
11/10/2009 20:00,32456.84,12.78,6.3,0.89,3.35,9.3,4
11/10/2009 21:00,32456.88,12.78,7.6,1.34,1.03,9.22,4
11/10/2009 22:00,32456.92,12.78,8.22,2.24,1.17,9.15,4
11/10/2009 23:00,32456.97,11.11,6.4,1.34,4.29,7.66,4
11/11/2009 0:00,32457,11.11,7.94,2.24,1.17,8.99,4
11/11/2009 1:00,32457.04,10.56,7.03,3.13,1.15,8.92,4
11/11/2009 2:00,32457.08,10.56,6.84,3.58,1.24,8.84,4
11/11/2009 3:00,32457.13,11.67,7.73,3.13,1.05,8.76,4
11/11/2009 4:00,32457.17,10.56,7.21,2.68,1.17,8.68,4
11/11/2009 5:00,32457.21,11.11,7,1.79,1.52,8.61,4
11/11/2009 6:00,32457.25,10,6.67,1.34,1.17,8.53,9
11/11/2009 7:00,32457.29,11.67,7.54,1.34,1.69,8.45,74
11/11/2009 8:00,32457.34,13.33,8.14,1.34,1.29,8.37,144
11/11/2009 9:00,32457.38,13.89,8.03,2.24,1.05,8.3,213
11/11/2009 10:00,32457.42,15.56,8.72,0.45,5.08,8.22,203
11/11/2009 11:00,32457.46,16.11,8.77,1.79,1.1,8.14,263
11/11/2009 12:00,32457.5,18.33,8.25,0.89,4.33,8.06,340
11/11/2009 13:00,32457.55,18.89,8.76,0.45,0.1,8.4,290
11/11/2009 14:00,32457.59,17.78,6.86,0.45,2.48,8.95,208
11/11/2009 15:00,32457.63,17.22,7.49,0,3.63,8.99,109
11/11/2009 16:00,32457.67,15.56,7.76,0.45,4.35,9.04,22
11/11/2009 17:00,32457.71,14.44,7.89,0.89,4.07,9.09,4
11/11/2009 18:00,32457.76,13.33,7.71,0.45,5.27,9.14,3
11/11/2009 19:00,32457.8,12.78,7.18,1.34,1.83,9.19,4
11/11/2009 20:00,32457.84,11.67,6.94,0.45,2.43,9.23,4
11/11/2009 21:00,32457.88,12.22,7.68,0.45,4.68,9.28,4
11/11/2009 22:00,32457.92,12.22,8.46,0.89,0.98,9.33,4
11/11/2009 23:00,32457.97,12.22,8.27,3.13,1.41,9.07,4
11/12/2009 0:00,32458,11.11,7.94,3.58,1.1,9.43,4
11/12/2009 1:00,32458.04,11.11,8.12,2.24,1.83,9.47,4
11/12/2009 2:00,32458.08,9.44,6.13,0.89,4.19,9.52,4
11/12/2009 3:00,32458.13,9.44,6.67,1.79,6.07,9.57,4
11/12/2009 4:00,32458.17,11.11,8.48,3.13,1.05,9.62,4
11/12/2009 5:00,32458.21,10,7.57,0.89,4.26,9.66,4
11/12/2009 6:00,32458.25,10.56,7.58,0.89,4.21,9.71,19
11/12/2009 7:00,32458.29,10,7.21,0.45,1.57,9.76,47
11/12/2009 8:00,32458.34,10.56,7.94,0.45,4.05,9.81,76
11/12/2009 9:00,32458.38,10.56,7.94,0.45,3.49,9.86,75
11/12/2009 10:00,32458.42,11.11,9.35,0.45,4,9.9,75
11/12/2009 11:00,32458.46,11.11,10.01,0.45,3.82,9.95,92
11/12/2009 12:00,32458.5,11.11,9.85,0.45,3.87,10,78
11/12/2009 13:00,32458.55,11.11,10.01,0.45,4.87,10,58
11/12/2009 14:00,32458.59,11.67,10.56,0.89,4.45,10,51
11/12/2009 15:00,32458.63,11.11,10.01,0.45,4.69,9.9,66
11/12/2009 16:00,32458.67,11.11,10.01,0.45,3.96,9.8,31
11/12/2009 17:00,32458.71,11.11,9.18,0.45,3.89,9.69,4
11/12/2009 18:00,32458.76,11.11,9.68,0.45,4.68,9.59,4
11/12/2009 19:00,32458.8,11.67,8.67,0.89,5.65,9.49,4
11/12/2009 20:00,32458.84,10,8.58,0.89,3.74,9.39,4
11/12/2009 21:00,32458.88,9.44,8.36,0.45,5.48,9.28,4
11/12/2009 22:00,32458.92,8.89,7.64,0.45,3.87,9.18,4
11/12/2009 23:00,32458.97,12.22,9.02,1.79,1.08,9.38,4
11/13/2009 0:00,32459,8.33,7.41,0.45,4.05,8.98,4
11/13/2009 1:00,32459.04,7.78,6.86,0.89,3.84,8.87,4
11/13/2009 2:00,32459.08,8.89,8.12,1.34,5.99,8.77,4
11/13/2009 3:00,32459.13,8.33,7.57,2.24,1.2,8.67,4
11/13/2009 4:00,32459.17,7.78,6.86,0.45,3,8.57,4
11/13/2009 5:00,32459.21,7.22,6.46,0.45,4.26,8.47,4
11/13/2009 6:00,32459.25,6.11,5.36,0.45,4.15,8.36,6
11/13/2009 7:00,32459.29,7.22,6.46,0.89,1.52,8.26,57
11/13/2009 8:00,32459.34,8.89,7.96,0.45,4.03,8.16,195
11/13/2009 9:00,32459.38,9.44,7.19,0.45,5.45,8.06,280
11/13/2009 10:00,32459.42,9.44,7.7,0.45,3.61,7.95,196
11/13/2009 11:00,32459.46,10,7.91,0.45,3.84,7.85,215
11/13/2009 12:00,32459.5,13.33,9.15,0.45,3.68,7.75,355
11/13/2009 13:00,32459.55,13.89,8.25,1.34,1.12,4.12,471
11/13/2009 14:00,32459.59,12.78,7.39,0.89,0.58,5.47,344
11/13/2009 15:00,32459.63,14.44,8.78,0.45,2.2,5.4,182
11/13/2009 16:00,32459.67,10.56,6.84,0.89,3.32,5.32,25
11/13/2009 17:00,32459.71,10.56,7.21,0.89,4.29,5.25,4
11/13/2009 18:00,32459.76,10.56,3.96,0.45,2.98,5.17,4
11/13/2009 19:00,32459.8,10,5.13,0.89,3.82,5.1,4
11/13/2009 20:00,32459.84,8.33,3.53,0.89,4.36,5.02,4
11/13/2009 21:00,32459.88,8.33,5.41,0.45,4.17,4.95,4
11/13/2009 22:00,32459.92,7.78,5.38,0.45,2.23,4.87,4
11/13/2009 23:00,32459.97,7.78,6.54,0.89,3.7,9.08,4
11/14/2009 0:00,32460,7.78,5.72,1.79,1.17,4.72,4
11/14/2009 1:00,32460.04,6.11,4.41,0.89,2.06,4.65,4
11/14/2009 2:00,32460.08,7.22,4.49,3.13,1.31,4.57,4
11/14/2009 3:00,32460.13,7.22,5.34,2.24,1.2,4.5,4
11/14/2009 4:00,32460.17,6.11,4.25,1.34,1.34,4.42,4
11/14/2009 5:00,32460.21,6.67,4.96,2.24,1.38,4.35,4
11/14/2009 6:00,32460.25,6.67,4.8,2.68,1.36,4.27,11
11/14/2009 7:00,32460.29,7.22,4.32,1.34,1.54,4.2,111
11/14/2009 8:00,32460.34,12.22,7.27,0.45,4.61,4.12,278
11/14/2009 9:00,32460.38,13.89,8.88,0.45,4.22,4.05,423
11/14/2009 10:00,32460.42,14.44,8.12,0.89,3.82,3.97,518
11/14/2009 11:00,32460.46,15,6.99,0.89,3.19,3.9,549
11/14/2009 12:00,32460.5,16.11,6.18,0.45,4.99,3.82,524
11/14/2009 13:00,32460.55,17.78,6.56,0.89,3.44,4.06,470
11/14/2009 14:00,32460.59,16.67,4.28,0.45,3.11,5.39,344
11/14/2009 15:00,32460.63,16.11,4.09,0.45,4.56,5.32,183
11/14/2009 16:00,32460.67,13.33,3.6,0.89,3.6,5.24,41
11/14/2009 17:00,32460.71,12.22,3.1,0.45,3.94,5.17,4
11/14/2009 18:00,32460.76,11.11,2.58,0.89,6.11,5.09,4
11/14/2009 19:00,32460.8,10,1.79,0.89,5.46,5.02,4
11/14/2009 20:00,32460.84,10.56,3.96,0.89,3.6,4.95,4
11/14/2009 21:00,32460.88,8.89,3.86,1.79,1.33,4.87,4
11/14/2009 22:00,32460.92,7.78,2.99,1.79,1.59,4.8,4
11/14/2009 23:00,32460.97,6.67,4.96,2.68,1.47,4.8,4
11/15/2009 0:00,32461,8.33,5.76,2.24,1.41,4.65,4
11/15/2009 1:00,32461.04,7.22,5.18,3.13,1.45,4.57,4
11/15/2009 2:00,32461.08,7.22,5.34,3.58,1.22,4.5,4
11/15/2009 3:00,32461.13,8.33,5.58,4.02,1.13,4.42,4
11/15/2009 4:00,32461.17,7.78,5.56,4.02,1.2,4.35,4
11/15/2009 5:00,32461.21,7.22,4.49,3.58,1.29,4.28,4
11/15/2009 6:00,32461.25,7.78,4.86,2.68,1.41,4.2,10
11/15/2009 7:00,32461.29,8.89,5.22,1.79,1.34,4.13,106
11/15/2009 8:00,32461.34,12.78,7.39,0.89,0.94,4.05,270
11/15/2009 9:00,32461.38,15,7.72,0.45,3.82,3.98,417
11/15/2009 10:00,32461.42,17.22,6.64,1.34,2.41,3.9,520
11/15/2009 11:00,32461.46,17.78,5.29,1.34,3.42,3.83,559
11/15/2009 12:00,32461.5,19.44,6.14,0.45,1.05,3.75,523
11/15/2009 13:00,32461.55,19.44,5.43,1.79,4.12,3.88,472
11/15/2009 14:00,32461.59,20.56,7.14,0.45,3.82,5.28,345
11/15/2009 15:00,32461.63,17.78,4.62,0.45,3.18,5.15,187
11/15/2009 16:00,32461.67,13.89,3.56,0.89,3.67,5.03,25
11/15/2009 17:00,32461.71,13.33,4.92,0.45,5.78,4.91,4
11/15/2009 18:00,32461.76,12.78,6.53,1.79,0.82,4.79,4
11/15/2009 19:00,32461.8,12.22,5.77,2.24,0.82,4.67,4
11/15/2009 20:00,32461.84,11.11,6,3.13,1.43,4.55,4
11/15/2009 21:00,32461.88,10,6.3,2.68,1.33,4.43,4
11/15/2009 22:00,32461.92,8.89,5.03,2.68,1.34,4.31,4
11/15/2009 23:00,32461.97,8.33,5.05,1.34,1.59,4.72,4
11/16/2009 0:00,32462,8.33,5.05,4.02,1.31,4.07,4
11/16/2009 1:00,32462.04,8.89,5.03,2.68,1.27,3.95,4
11/16/2009 2:00,32462.08,7.78,3.38,3.58,1.5,3.83,4
11/16/2009 3:00,32462.13,8.33,4.3,3.58,1.19,3.71,4
11/16/2009 4:00,32462.17,7.22,3.41,3.58,1.19,3.59,4
11/16/2009 5:00,32462.21,7.22,2.26,3.58,1.43,3.47,4
11/16/2009 6:00,32462.25,8.33,2.71,2.68,1.26,3.35,10
11/16/2009 7:00,32462.29,8.89,3.66,2.24,1.55,3.23,118
11/16/2009 8:00,32462.34,11.11,3.8,2.24,1.48,3.11,289
11/16/2009 9:00,32462.38,20,9.51,0.45,5.65,2.98,441
11/16/2009 10:00,32462.42,19.44,6.48,0.89,3.96,2.86,547
11/16/2009 11:00,32462.46,19.44,3.52,0.45,2.67,2.74,588
11/16/2009 12:00,32462.5,22.78,4.26,1.34,4.01,2.62,547
11/16/2009 13:00,32462.55,22.78,2.77,0.89,4.64,2.88,492
11/16/2009 14:00,32462.59,22.22,3.3,0.89,3.82,4.75,357
11/16/2009 15:00,32462.63,20.56,1.85,0.89,3.53,4.65,191
11/16/2009 16:00,32462.67,17.22,1.54,0.45,4.56,4.56,24
11/16/2009 17:00,32462.71,15.56,1.92,0.89,0.91,4.47,4
11/16/2009 18:00,32462.76,14.44,5.18,1.79,0.91,4.38,4
11/16/2009 19:00,32462.8,13.33,3.87,1.79,1.24,4.29,4
11/16/2009 20:00,32462.84,11.67,3.1,2.24,1.34,4.2,4
11/16/2009 21:00,32462.88,10.56,3.96,3.58,1.15,4.1,4
11/16/2009 22:00,32462.92,10.56,4.84,3.58,1.26,4.01,4
11/16/2009 23:00,32462.97,9.44,5.95,3.58,1.27,4.19,4
11/17/2009 0:00,32463,10.56,4.62,4.02,1.22,3.83,4
11/17/2009 1:00,32463.04,9.44,3.56,4.02,1.1,3.74,4
11/17/2009 2:00,32463.08,10,3.88,3.58,1.17,3.65,4
11/17/2009 3:00,32463.13,8.33,3.33,2.24,1.29,3.55,4
11/17/2009 4:00,32463.17,8.89,4.06,2.24,1.36,3.46,4
11/17/2009 5:00,32463.21,8.89,3.45,2.68,1.36,3.37,4
11/17/2009 6:00,32463.25,9.44,2.68,0.89,1.33,3.28,9
11/17/2009 7:00,32463.29,8.89,3.03,2.24,1.19,3.19,119
11/17/2009 8:00,32463.34,12.78,4.14,1.34,1.03,3.09,288
11/17/2009 9:00,32463.38,17.78,5.29,0.89,3.93,3,439
11/17/2009 10:00,32463.42,20,5.19,0.45,4.19,2.91,542
11/17/2009 11:00,32463.46,22.22,5.57,0.45,0.19,2.82,585
11/17/2009 12:00,32463.5,21.11,4.16,0.89,0.98,2.73,542
11/17/2009 13:00,32463.55,24.44,4.21,0.45,5.72,2.79,491
11/17/2009 14:00,32463.59,24.44,2.55,0,3.79,4.57,359
11/17/2009 15:00,32463.63,22.78,2.24,0.45,3.93,4.82,191
11/17/2009 16:00,32463.67,17.78,2.82,0.45,4.47,5.06,26
11/17/2009 17:00,32463.71,15,1.76,0.89,5.57,5.31,3
11/17/2009 18:00,32463.76,13.33,1.55,0.45,5.55,5.56,3
11/17/2009 19:00,32463.8,12.78,4.4,1.79,1.01,5.8,4
11/17/2009 20:00,32463.84,11.67,3.85,0.89,1.34,6.05,4
11/17/2009 21:00,32463.88,11.67,4.56,1.79,1.26,6.3,4
11/17/2009 22:00,32463.92,9.44,2.22,1.34,4.52,6.54,4
11/17/2009 23:00,32463.97,10.56,5.05,3.58,1.13,3.92,4
11/18/2009 0:00,32464,9.44,4.8,3.58,1.12,7.04,4
11/18/2009 1:00,32464.04,7.78,3.76,2.24,1.43,7.28,4
11/18/2009 2:00,32464.08,6.67,1.52,1.34,4.26,7.53,4
11/18/2009 3:00,32464.13,6.67,2.69,0.45,4.63,7.78,4
11/18/2009 4:00,32464.17,7.22,3.96,0.45,5.85,8.03,4
11/18/2009 5:00,32464.21,9.44,6.31,1.34,1.05,8.27,4
11/18/2009 6:00,32464.25,7.78,4.32,1.79,0.94,8.52,8
11/18/2009 7:00,32464.29,10,7.21,0.45,3.8,8.77,23
11/18/2009 8:00,32464.34,9.44,7.7,1.34,5.27,9.01,30
11/18/2009 9:00,32464.38,10,8.08,1.79,5.13,9.26,66
11/18/2009 10:00,32464.42,10.56,8.46,0.89,4.66,9.51,80
11/18/2009 11:00,32464.46,11.67,7.54,0.89,4.83,9.75,138
11/18/2009 12:00,32464.5,10.56,7.21,0.45,3.94,10,89
11/18/2009 13:00,32464.55,13.33,8.95,0.45,5.31,10,146
11/18/2009 14:00,32464.59,13.33,8.34,2.24,0.94,6.18,310
11/18/2009 15:00,32464.63,12.78,7.39,1.34,1.43,6.11,169
11/18/2009 16:00,32464.67,11.11,6.4,0.89,2.09,6.03,34
11/18/2009 17:00,32464.71,10.56,1.81,1.34,4.12,5.95,4
11/18/2009 18:00,32464.76,10.56,1.02,1.34,3.09,5.88,4
11/18/2009 19:00,32464.8,8.89,-0.01,2.68,3.33,5.8,4
11/18/2009 20:00,32464.84,8.33,4.86,0.89,2.32,5.72,4
11/18/2009 21:00,32464.88,7.78,5.89,1.79,1.64,5.64,4
11/18/2009 22:00,32464.92,8.33,6.61,0.89,2.06,5.57,4
11/18/2009 23:00,32464.97,8.89,3.45,1.79,1.47,6.79,4
11/19/2009 0:00,32465,6.67,5.12,0.89,3.46,5.41,4
11/19/2009 1:00,32465.04,6.67,5.28,0.45,1.76,5.33,4
11/19/2009 2:00,32465.08,7.78,6.06,3.13,1.66,5.26,4
11/19/2009 3:00,32465.13,6.11,4.41,0.89,4.14,5.18,4
11/19/2009 4:00,32465.17,5,4.1,0.89,1.95,5.1,4
11/19/2009 5:00,32465.21,4.44,3.24,0.45,3.86,5.02,4
11/19/2009 6:00,32465.25,5,4.1,0.89,1.55,4.95,8
11/19/2009 7:00,32465.29,7.22,5.83,1.79,1.31,4.87,79
11/19/2009 8:00,32465.34,8.89,5.95,0.89,0.73,4.79,240
11/19/2009 9:00,32465.38,15.56,10.28,0.45,4.07,4.71,385
11/19/2009 10:00,32465.42,16.11,9.25,1.34,1.66,4.64,450
11/19/2009 11:00,32465.46,18.89,10.4,0.45,3.67,4.56,554
11/19/2009 12:00,32465.5,18.33,8.81,0,5.97,4.48,490
11/19/2009 13:00,32465.55,15.56,5.94,1.34,1.15,4.26,451
11/19/2009 14:00,32465.59,15.56,6.48,0.45,0.99,5.54,328
11/19/2009 15:00,32465.63,16.67,6.7,0.45,4.19,5.55,169
11/19/2009 16:00,32465.67,13.33,5.9,1.34,3.39,5.57,28
11/19/2009 17:00,32465.71,12.22,5.77,0.89,0.59,5.58,4
11/19/2009 18:00,32465.76,11.67,5.69,1.34,1.48,5.59,4
11/19/2009 19:00,32465.8,11.11,7.19,1.79,1.19,5.6,4
11/19/2009 20:00,32465.84,9.44,5.38,1.34,1.71,5.61,4
11/19/2009 21:00,32465.88,9.44,6.85,2.68,1.15,5.63,4
11/19/2009 22:00,32465.92,8.89,6.65,4.02,0.91,5.64,4
11/19/2009 23:00,32465.97,8.33,6.44,3.13,1.54,5.49,4
11/20/2009 0:00,32466,8.33,5.41,2.24,0.7,5.66,4
11/20/2009 1:00,32466.04,8.33,3.53,1.79,0.84,5.67,4
11/20/2009 2:00,32466.08,9.44,4.99,1.79,1.15,5.68,4
11/20/2009 3:00,32466.13,9.44,3.13,0.89,0.99,5.7,4
11/20/2009 4:00,32466.17,11.11,-1.43,0.89,3.46,5.71,4
11/20/2009 5:00,32466.21,10,-0.61,1.34,1.34,5.72,4
11/20/2009 6:00,32466.25,10.56,-0.99,0.89,1.99,5.73,9
11/20/2009 7:00,32466.29,12.78,2.24,2.24,1.15,5.74,93
11/20/2009 8:00,32466.34,15,0.7,2.68,1.19,5.76,207
11/20/2009 9:00,32466.38,21.67,-1.64,2.68,2.08,5.77,383
11/20/2009 10:00,32466.42,21.11,-4.16,2.24,3.56,5.78,323
11/20/2009 11:00,32466.46,21.11,-2.76,2.24,3.46,5.79,515
11/20/2009 12:00,32466.5,20.56,-1.35,1.34,4.42,5.8,438
11/20/2009 13:00,32466.55,20,-1.82,1.34,2.04,9,241
11/20/2009 14:00,32466.59,18.89,-3.97,1.79,2.22,9.84,151
11/20/2009 15:00,32466.63,18.89,-3.36,2.24,3.33,9.58,68
11/20/2009 16:00,32466.67,17.22,-0.14,1.34,5.38,9.33,19
11/20/2009 17:00,32466.71,12.78,8.42,3.13,5.22,9.07,3
11/20/2009 18:00,32466.76,10.56,8.29,1.34,4.94,8.81,4
11/20/2009 19:00,32466.8,11.11,8.83,0.89,4.33,8.56,4
11/20/2009 20:00,32466.84,11.11,9.18,0.45,5.08,8.3,4
11/20/2009 21:00,32466.88,10,7.91,0.45,3.77,8.04,4
11/20/2009 22:00,32466.92,10.56,9.46,0.89,4.03,7.79,4
11/20/2009 23:00,32466.97,8.89,5.77,1.79,1.06,5.65,4
11/21/2009 0:00,32467,9.44,8.36,0.45,4.4,7.27,4
11/21/2009 1:00,32467.04,9.44,8.36,0.45,3.96,7.02,4
11/21/2009 2:00,32467.08,7.78,6.38,0.89,4.01,6.76,4
11/21/2009 3:00,32467.13,7.78,6.54,0.89,4.15,6.51,4
11/21/2009 4:00,32467.17,7.78,6.38,0.89,4.54,6.25,4
11/21/2009 5:00,32467.21,5.56,4.34,0.89,3.6,5.99,4
11/21/2009 6:00,32467.25,4.44,3.55,0.89,4.14,5.74,8
11/21/2009 7:00,32467.29,6.11,5.05,0.89,3.82,5.48,78
11/21/2009 8:00,32467.34,10.56,7.58,0.45,4.29,5.22,205
11/21/2009 9:00,32467.38,15,9.09,0,0,4.97,398
11/21/2009 10:00,32467.42,12.78,6.75,1.79,4.94,4.71,415
11/21/2009 11:00,32467.46,15,7.48,1.34,5.53,4.45,521
11/21/2009 12:00,32467.5,13.89,7.13,1.34,0.52,4.2,494
11/21/2009 13:00,32467.55,17.22,7.49,0.89,0.45,2.69,482
11/21/2009 14:00,32467.59,15,4.29,1.79,4.01,4.8,344
11/21/2009 15:00,32467.63,13.33,5.17,0.45,5.29,4.77,178
11/21/2009 16:00,32467.67,10,5.53,1.34,4.01,4.75,23
11/21/2009 17:00,32467.71,8.33,5.23,0.45,3.96,4.72,4
11/21/2009 18:00,32467.76,8.33,5.93,0.89,4.76,4.69,4
11/21/2009 19:00,32467.8,7.78,5.72,0.89,4.31,4.67,4
11/21/2009 20:00,32467.84,6.11,4.89,0.45,4.22,4.64,4
11/21/2009 21:00,32467.88,8.33,6.61,1.79,1.13,4.61,4
11/21/2009 22:00,32467.92,7.22,5.51,0.89,1.78,4.59,4
11/21/2009 23:00,32467.97,10.56,9.62,0.89,4.49,7.53,4
11/22/2009 0:00,32468,5.56,4.5,0.89,4.05,4.54,4
11/22/2009 1:00,32468.04,5.56,4.65,0.89,2.06,4.51,4
11/22/2009 2:00,32468.08,5.56,4.5,0.89,2.43,4.48,4
11/22/2009 3:00,32468.13,5.56,4.18,0.89,1.71,4.46,4
11/22/2009 4:00,32468.17,5.56,4.18,2.24,1.4,4.43,4
11/22/2009 5:00,32468.21,5.56,4.18,2.68,1.43,4.4,4
11/22/2009 6:00,32468.25,5.56,4.02,3.13,1.5,4.38,7
11/22/2009 7:00,32468.29,7.78,5.21,3.13,1.38,4.35,97
11/22/2009 8:00,32468.34,10.56,6.84,1.34,1.24,4.32,265
11/22/2009 9:00,32468.38,14.44,7.66,0.45,2.06,4.3,387
11/22/2009 10:00,32468.42,15.56,7.26,2.24,3.47,4.27,491
11/22/2009 11:00,32468.46,16.11,6.46,1.34,3.61,4.24,535
11/22/2009 12:00,32468.5,16.67,5.83,2.68,4,4.22,491
11/22/2009 13:00,32468.55,17.78,5.94,1.34,4.97,4.36,441
11/22/2009 14:00,32468.59,16.67,5.53,0.45,5.08,5.77,315
11/22/2009 15:00,32468.63,16.11,4.72,0.45,4.22,5.7,169
11/22/2009 16:00,32468.67,12.78,3.62,0.89,3.51,5.63,25
11/22/2009 17:00,32468.71,12.78,4.65,0.45,3.67,5.56,4
11/22/2009 18:00,32468.76,12.22,4.13,0.89,1.41,5.49,4
11/22/2009 19:00,32468.8,11.11,4.26,0.45,3.04,5.42,4
11/22/2009 20:00,32468.84,11.67,5.02,0.89,1.27,5.35,4
11/22/2009 21:00,32468.88,10.56,4.62,0.45,2.48,5.28,4
11/22/2009 22:00,32468.92,10.56,4.62,0.45,1.57,5.21,4
11/22/2009 23:00,32468.97,7.78,6.06,1.34,1.33,4.56,4
11/23/2009 0:00,32469,8.33,3.72,0.89,4.03,5.08,4
11/23/2009 1:00,32469.04,6.11,4.08,0.45,5.08,5.01,4
11/23/2009 2:00,32469.08,5,3.79,1.79,4.19,4.94,4
11/23/2009 3:00,32469.13,5,4.1,1.34,4.1,4.87,4
11/23/2009 4:00,32469.17,5.56,4.81,0.89,4.28,4.8,4
11/23/2009 5:00,32469.21,6.11,5.36,0.89,0.51,4.73,4
11/23/2009 6:00,32469.25,6.67,5.91,0.45,2.64,4.66,5
11/23/2009 7:00,32469.29,5.56,4.81,1.34,3.47,4.59,24
11/23/2009 8:00,32469.34,7.78,7.02,0.89,2.71,4.52,104
11/23/2009 9:00,32469.38,9.44,8.03,0.45,4.52,4.45,240
11/23/2009 10:00,32469.42,11.67,7.73,0.89,5.59,4.38,362
11/23/2009 11:00,32469.46,15.56,8.95,0.45,4.49,4.31,513
11/23/2009 12:00,32469.5,16.67,9.3,0.45,4.08,4.24,488
11/23/2009 13:00,32469.55,16.67,6.98,1.79,3.93,4.31,440
11/23/2009 14:00,32469.59,17.22,7.49,0.89,3.65,5.71,315
11/23/2009 15:00,32469.63,16.11,7,0.45,4.5,5.62,158
11/23/2009 16:00,32469.67,11.11,6.2,0.89,4.19,5.52,25
11/23/2009 17:00,32469.71,10.56,7.03,0.89,4.54,5.43,4
11/23/2009 18:00,32469.76,10,7.21,1.34,0.49,5.34,4
11/23/2009 19:00,32469.8,10.56,7.21,1.79,1.27,5.25,4
11/23/2009 20:00,32469.84,8.89,5.95,2.68,1.31,5.16,4
11/23/2009 21:00,32469.88,8.89,5.77,3.13,1.41,5.07,4
11/23/2009 22:00,32469.92,9.44,6.49,4.47,1.36,4.98,4
11/23/2009 23:00,32469.97,10,4.31,1.34,1.88,5.14,4
11/24/2009 0:00,32470,8.89,5.95,4.02,1.19,4.8,4
11/24/2009 1:00,32470.04,8.33,5.76,3.58,1.13,4.7,4
11/24/2009 2:00,32470.08,7.78,4.14,4.02,1.4,4.61,4
11/24/2009 3:00,32470.13,8.33,4.86,3.58,1.12,4.52,4
11/24/2009 4:00,32470.17,7.78,4.14,3.13,1.12,4.43,4
11/24/2009 5:00,32470.21,7.22,3.6,1.79,1.12,4.34,4
11/24/2009 6:00,32470.25,7.22,3.78,1.34,1.01,4.25,7
11/24/2009 7:00,32470.29,6.67,2.87,0.89,1.29,4.16,89
11/24/2009 8:00,32470.34,8.89,3.66,1.79,1.15,4.07,248
11/24/2009 9:00,32470.38,17.22,8.31,0.89,5.67,3.98,395
11/24/2009 10:00,32470.42,17.78,8.01,0,2.04,3.88,497
11/24/2009 11:00,32470.46,19.44,7.78,0.89,5.85,3.79,542
11/24/2009 12:00,32470.5,20,8.29,0.45,4.38,3.7,501
11/24/2009 13:00,32470.55,21.67,8.15,0.45,5.36,3.77,452
11/24/2009 14:00,32470.59,20.56,6.43,0,4.33,5.29,325
11/24/2009 15:00,32470.63,18.89,4.93,0.45,3.4,5.21,169
11/24/2009 16:00,32470.67,15,4.87,0.45,4.17,5.13,27
11/24/2009 17:00,32470.71,13.33,5.42,0.89,6.21,5.05,4
11/24/2009 18:00,32470.76,13.89,5.69,0.89,0.89,4.97,4
11/24/2009 19:00,32470.8,11.67,5.02,1.79,0.8,4.89,4
11/24/2009 20:00,32470.84,10.56,4.84,3.58,1.43,4.81,4
11/24/2009 21:00,32470.88,10,4.52,2.68,0.99,4.73,4
11/24/2009 22:00,32470.92,10,4.31,2.68,1.24,4.65,4
11/24/2009 23:00,32470.97,8.33,5.41,4.02,1.29,4.89,4
11/25/2009 0:00,32471,8.89,3.66,2.24,1.17,4.49,4
11/25/2009 1:00,32471.04,9.44,4.19,3.13,1.27,4.41,4
11/25/2009 2:00,32471.08,9.44,3.77,3.13,1.12,4.33,4
11/25/2009 3:00,32471.13,8.89,4.06,3.58,1.1,4.25,4
11/25/2009 4:00,32471.17,7.78,2.38,3.58,1.1,4.17,4
11/25/2009 5:00,32471.21,7.22,2.26,2.68,1.33,4.09,4
11/25/2009 6:00,32471.25,7.78,1.75,2.24,1.24,4.01,6
11/25/2009 7:00,32471.29,8.89,2.6,1.34,1.41,3.93,91
11/25/2009 8:00,32471.34,11.67,3.35,0.89,3.75,3.85,254
11/25/2009 9:00,32471.38,13.89,3.56,0.89,0.79,3.78,400
11/25/2009 10:00,32471.42,18.89,5.63,1.79,3.35,3.7,503
11/25/2009 11:00,32471.46,19.44,5.43,0.89,2.9,3.62,550
11/25/2009 12:00,32471.5,21.67,5.49,0.45,1.38,3.54,503
11/25/2009 13:00,32471.55,21.67,5.08,0.45,6.25,3.46,457
11/25/2009 14:00,32471.59,21.67,3.76,0.89,4.29,4.95,332
11/25/2009 15:00,32471.63,20.56,4.09,0.45,4.24,4.86,169
11/25/2009 16:00,32471.67,16.11,3.45,0.45,4.07,4.78,26
11/25/2009 17:00,32471.71,13.33,3.87,0.45,5.99,4.69,4
11/25/2009 18:00,32471.76,13.89,7.13,0.89,0.87,4.61,4
11/25/2009 19:00,32471.8,12.78,4.65,2.24,1.13,4.52,4
11/25/2009 20:00,32471.84,11.11,4.26,2.68,1.17,4.43,4
11/25/2009 21:00,32471.88,10.56,3.96,4.02,1.15,4.35,4
11/25/2009 22:00,32471.92,11.11,4.72,3.58,1.19,4.26,4
11/25/2009 23:00,32471.97,10,4.52,2.68,1.22,4.57,4
11/26/2009 0:00,32472,10.56,4.62,3.58,1.12,4.09,4
11/26/2009 1:00,32472.04,9.44,3.56,4.02,1.03,4,4
11/26/2009 2:00,32472.08,10.56,3.28,4.02,1.4,3.92,4
11/26/2009 3:00,32472.13,11.11,3.08,2.68,1.54,3.83,4
11/26/2009 4:00,32472.17,10.56,3.04,2.24,1.1,3.75,4
11/26/2009 5:00,32472.21,10,2.04,1.79,0.87,3.66,4
11/26/2009 6:00,32472.25,9.44,1.75,1.79,1.05,3.57,6
11/26/2009 7:00,32472.29,10,1.03,1.34,0.84,3.49,92
11/26/2009 8:00,32472.34,12.78,2.81,0.45,5.43,3.4,260
11/26/2009 9:00,32472.38,16.11,6.46,0.89,0.68,3.31,407
11/26/2009 10:00,32472.42,20,9.8,0.45,5.22,3.23,507
11/26/2009 11:00,32472.46,21.67,3.29,0.45,3.49,3.14,556
11/26/2009 12:00,32472.5,21.67,5.08,0.89,0.51,3.06,512
11/26/2009 13:00,32472.55,24.44,3.68,0.89,5.41,3.8,447
11/26/2009 14:00,32472.59,24.44,4.21,0.45,5.06,5.45,317
11/26/2009 15:00,32472.63,22.78,2.24,0.45,4.76,5.58,183
11/26/2009 16:00,32472.67,18.89,3.02,0.45,0.77,5.72,26
11/26/2009 17:00,32472.71,16.67,5.23,1.79,6.25,5.86,3
11/26/2009 18:00,32472.76,14.44,2.88,2.68,1.13,6,3
11/26/2009 19:00,32472.8,14.44,3.19,3.58,1.41,6.14,4
11/26/2009 20:00,32472.84,12.78,3.08,3.13,1.33,6.27,4
11/26/2009 21:00,32472.88,12.22,4.13,3.13,1.43,6.41,4
11/26/2009 22:00,32472.92,12.22,2.29,2.24,1.05,6.55,4
11/26/2009 23:00,32472.97,11.11,4.49,3.13,1.36,4.18,4
11/27/2009 0:00,32473,12.78,3.08,2.24,0.49,6.83,4
11/27/2009 1:00,32473.04,11.67,1.22,0.89,3.98,6.96,4
11/27/2009 2:00,32473.08,12.78,1.95,1.79,0.68,7.1,4
11/27/2009 3:00,32473.13,11.11,2.83,2.24,0.99,7.24,4
11/27/2009 4:00,32473.17,11.11,2.07,2.68,0.84,7.38,4
11/27/2009 5:00,32473.21,10,1.29,4.02,1.13,7.52,4
11/27/2009 6:00,32473.25,9.44,0.25,1.34,5.55,7.65,5
11/27/2009 7:00,32473.29,11.11,2.83,1.79,6.25,7.79,76
11/27/2009 8:00,32473.34,11.67,2.32,0.89,0.35,7.93,136
11/27/2009 9:00,32473.38,12.78,4.4,0.89,0.87,8.07,190
11/27/2009 10:00,32473.42,16.11,5.02,1.34,3.87,8.21,381
11/27/2009 11:00,32473.46,15,4.87,0.89,4.47,8.34,297
11/27/2009 12:00,32473.5,15,7.96,3.13,4.85,8.48,289
11/27/2009 13:00,32473.55,14.44,6.71,1.34,5.06,8.99,233
11/27/2009 14:00,32473.59,13.33,6.61,1.79,5.38,10,85
11/27/2009 15:00,32473.63,13.33,4.66,1.79,5.57,10,48
11/27/2009 16:00,32473.67,10.56,5.67,0.45,5.41,10,14
11/27/2009 17:00,32473.71,11.11,6.2,0.45,4.12,9.99,4
11/27/2009 18:00,32473.76,8.89,4.84,1.34,0.12,9.99,4
11/27/2009 19:00,32473.8,9.44,6.31,0.89,1.05,9.99,4
11/27/2009 20:00,32473.84,8.89,5.77,0.45,4.22,9.99,4
11/27/2009 21:00,32473.88,8.33,5.76,0.89,3.93,9.98,4
11/27/2009 22:00,32473.92,7.78,5.72,0.45,4.24,9.98,4
11/27/2009 23:00,32473.97,12.22,3.62,3.13,1.08,6.69,4
11/28/2009 0:00,32474,7.22,5.99,0.45,4.96,9.98,4
11/28/2009 1:00,32474.04,6.11,5.21,0.45,3.61,9.97,4
11/28/2009 2:00,32474.08,6.11,5.21,0.45,4.75,9.97,4
11/28/2009 3:00,32474.13,7.22,6.31,0.89,5.85,9.97,4
11/28/2009 4:00,32474.17,6.67,5.44,1.34,6.27,9.97,4
11/28/2009 5:00,32474.21,7.22,5.67,0.45,4.42,9.96,4
11/28/2009 6:00,32474.25,6.11,4.89,0.45,4.73,9.96,4
11/28/2009 7:00,32474.29,6.67,5.6,0.45,4.1,9.96,21
11/28/2009 8:00,32474.34,7.78,6.38,0.89,3.7,9.96,63
11/28/2009 9:00,32474.38,8.89,6.3,0.45,4.96,9.95,101
11/28/2009 10:00,32474.42,9.44,5.95,0.89,3.7,9.95,167
11/28/2009 11:00,32474.46,11.11,4.94,0.89,3.91,9.95,305
11/28/2009 12:00,32474.5,10.56,4.62,0.89,3.79,9.95,193
11/28/2009 13:00,32474.55,11.67,5.24,1.79,1.57,9.63,194
11/28/2009 14:00,32474.59,13.33,4.4,0.45,2.29,6.91,268
11/28/2009 15:00,32474.63,11.67,3.85,1.34,2.67,6.75,163
11/28/2009 16:00,32474.67,10,4.52,0.45,3.56,6.6,25
11/28/2009 17:00,32474.71,8.33,4.11,0.89,3.75,6.45,4
11/28/2009 18:00,32474.76,8.89,5.59,0.89,6.23,6.29,4
11/28/2009 19:00,32474.8,7.22,4.32,1.79,1.36,6.14,4
11/28/2009 20:00,32474.84,6.67,4.46,2.24,0.94,5.98,4
11/28/2009 21:00,32474.88,7.22,5.01,2.24,1.13,5.83,4
11/28/2009 22:00,32474.92,7.22,5.18,2.68,1.24,5.68,4
11/28/2009 23:00,32474.97,7.78,5.56,0.89,4.08,9.98,4
11/29/2009 0:00,32475,6.11,4.57,2.68,1.19,5.37,4
11/29/2009 1:00,32475.04,5,3.48,2.24,0.94,5.21,4
11/29/2009 2:00,32475.08,5,3.32,2.68,1.34,5.06,4
11/29/2009 3:00,32475.13,5.56,3.86,3.58,1.4,4.91,4
11/29/2009 4:00,32475.17,5.56,4.02,2.24,1.19,4.75,4
11/29/2009 5:00,32475.21,4.44,2.93,0.89,5.08,4.6,4
11/29/2009 6:00,32475.25,5.56,3.86,1.34,0.93,4.44,6
11/29/2009 7:00,32475.29,5,3.15,4.02,0.96,4.29,98
11/29/2009 8:00,32475.34,7.22,4.67,3.58,0.84,4.14,243
11/29/2009 9:00,32475.38,13.33,5.17,0.45,1.99,3.98,367
11/29/2009 10:00,32475.42,14.44,4.35,0.89,3.11,3.83,438
11/29/2009 11:00,32475.46,18.33,5.8,0.45,1.75,3.67,511
11/29/2009 12:00,32475.5,16.67,4.92,1.79,1.64,3.52,495
11/29/2009 13:00,32475.55,16.67,3.95,0.45,3.25,3.01,458
11/29/2009 14:00,32475.59,16.67,4.6,1.79,3.56,4.82,328
11/29/2009 15:00,32475.63,14.44,3.19,1.34,4,4.76,169
11/29/2009 16:00,32475.67,11.67,3.1,0.45,4.26,4.69,25
11/29/2009 17:00,32475.71,10.56,4.19,1.34,0.93,4.62,4
11/29/2009 18:00,32475.76,10,3.88,0.89,0.68,4.55,4
11/29/2009 19:00,32475.8,8.89,3.66,2.24,1.29,4.48,4
11/29/2009 20:00,32475.84,7.78,3.95,3.13,1.27,4.41,4
11/29/2009 21:00,32475.88,7.78,3.95,3.58,1.29,4.34,4
11/29/2009 22:00,32475.92,7.78,3.57,2.68,1.34,4.28,4
11/29/2009 23:00,32475.97,6.67,4.63,1.79,1.08,5.52,4
11/30/2009 0:00,32476,7.78,4.14,4.47,1.33,4.14,4
11/30/2009 1:00,32476.04,6.67,3.24,4.92,0.73,4.07,4
11/30/2009 2:00,32476.08,6.67,2.69,5.36,1.36,4,4
11/30/2009 3:00,32476.13,7.22,3.23,4.92,1.19,3.93,4
11/30/2009 4:00,32476.17,5.56,1.98,3.13,1.05,3.86,4
11/30/2009 5:00,32476.21,5.56,1.42,3.58,1.29,3.79,4
11/30/2009 6:00,32476.25,5.56,1.04,1.79,1.64,3.73,6
11/30/2009 7:00,32476.29,5.56,0.45,2.24,1.24,3.66,81
11/30/2009 8:00,32476.34,8.89,3.45,1.34,0.72,3.59,243
11/30/2009 9:00,32476.38,12.22,4.61,2.24,0.52,3.52,390
11/30/2009 10:00,32476.42,17.78,8.29,1.34,5.99,3.45,495
11/30/2009 11:00,32476.46,18.89,6.63,1.34,0.75,3.38,542
11/30/2009 12:00,32476.5,17.22,4.79,1.34,5.95,3.31,498
11/30/2009 13:00,32476.55,20,5.19,1.34,0.42,3.07,455
11/30/2009 14:00,32476.59,20,3.6,1.34,5.97,4.63,331
11/30/2009 15:00,32476.63,20.56,2.32,0.45,5.62,4.59,173
11/30/2009 16:00,32476.67,15,1.76,0.45,4.15,4.56,26
11/30/2009 17:00,32476.71,13.33,1.55,0.45,4.35,4.52,4
11/30/2009 18:00,32476.76,12.78,5.14,0.89,0.86,4.49,4
11/30/2009 19:00,32476.8,11.67,1.22,0.89,1.73,4.45,4
11/30/2009 20:00,32476.84,9.44,1.51,0.45,3.75,4.41,4
11/30/2009 21:00,32476.88,8.89,2.15,2.24,1.12,4.38,4
11/30/2009 22:00,32476.92,8.33,2.07,2.24,0.98,4.34,4
11/30/2009 23:00,32476.97,8.33,4.3,2.68,1.26,4.21,4
12/1/2009 0:00,32477,8.33,1.4,2.68,1.13,4.27,4
12/1/2009 1:00,32477.04,7.22,1.22,3.13,1.05,4.24,4
12/1/2009 2:00,32477.08,8.33,1.4,2.68,0.91,4.2,4
12/1/2009 3:00,32477.13,7.78,0.18,2.24,1.54,4.16,4
12/1/2009 4:00,32477.17,7.78,0.88,1.79,1.13,4.13,4
12/1/2009 5:00,32477.21,6.11,0.16,1.79,1.05,4.09,4
12/1/2009 6:00,32477.25,6.67,0.48,1.34,1.54,4.06,6
12/1/2009 7:00,32477.29,6.67,1.52,2.24,1.34,4.02,76
12/1/2009 8:00,32477.34,10,2.04,1.34,1.03,3.99,232
12/1/2009 9:00,32477.38,15,3.39,0.89,3.47,3.95,388
12/1/2009 10:00,32477.42,18.89,6.31,0.45,3.19,3.91,484
12/1/2009 11:00,32477.46,18.33,4.43,0.89,3.96,3.88,526
12/1/2009 12:00,32477.5,18.89,4.93,0.89,4.19,3.84,483
12/1/2009 13:00,32477.55,18.33,4.43,0.89,3.58,3.78,438
12/1/2009 14:00,32477.59,18.33,4.06,0.45,1.13,5.55,306
12/1/2009 15:00,32477.63,15,2.76,0.45,3.67,5.5,121
12/1/2009 16:00,32477.67,12.78,2.53,0.89,3.58,5.46,14
12/1/2009 17:00,32477.71,11.11,5.58,0.45,5.52,5.41,4
12/1/2009 18:00,32477.76,11.11,4.26,0.89,0.4,5.36,4
12/1/2009 19:00,32477.8,11.11,4.03,1.79,0.86,5.31,4
12/1/2009 20:00,32477.84,9.44,3.56,3.13,1.05,5.26,4
12/1/2009 21:00,32477.88,8.89,4.26,3.13,1.15,5.21,4
12/1/2009 22:00,32477.92,7.78,3.19,2.68,1.1,5.16,4
12/1/2009 23:00,32477.97,8.33,2.5,3.13,1.29,4.31,4
12/2/2009 0:00,32478,6.67,2.69,4.47,0.99,5.06,4
12/2/2009 1:00,32478.04,6.67,2.5,3.58,1.45,5.02,4
12/2/2009 2:00,32478.08,7.22,3.41,3.13,1.05,4.97,4
12/2/2009 3:00,32478.13,6.11,1.77,3.13,1.48,4.92,4
12/2/2009 4:00,32478.17,5.56,1.79,2.68,1.2,4.87,4
12/2/2009 5:00,32478.21,6.11,2.33,3.13,1.08,4.82,4
12/2/2009 6:00,32478.25,5.56,2.34,3.13,1.17,4.77,5
12/2/2009 7:00,32478.29,5.56,1.04,2.24,0.98,4.72,64
12/2/2009 8:00,32478.34,8.33,2.71,1.34,1.05,4.67,210
12/2/2009 9:00,32478.38,15,6.99,0.45,5.57,4.62,354
12/2/2009 10:00,32478.42,20.56,10.88,0.89,5.81,4.58,462
12/2/2009 11:00,32478.46,17.78,5.62,1.34,4.19,4.53,505
12/2/2009 12:00,32478.5,17.22,4.79,1.34,3.51,4.48,463
12/2/2009 13:00,32478.55,19.44,5.79,0.89,3.16,4.73,411
12/2/2009 14:00,32478.59,17.78,3.56,1.34,3.4,5.99,292
12/2/2009 15:00,32478.63,16.11,3.77,0.45,4.01,5.93,142
12/2/2009 16:00,32478.67,13.33,4.14,0.45,4.07,5.87,23
12/2/2009 17:00,32478.71,11.67,3.85,1.34,1.43,5.81,4
12/2/2009 18:00,32478.76,10,3.88,0.89,0.26,5.75,4
12/2/2009 19:00,32478.8,10.56,4.41,2.24,1.03,5.69,4
12/2/2009 20:00,32478.84,9.44,4.39,1.79,1.33,5.63,4
12/2/2009 21:00,32478.88,8.89,4.06,2.24,1.55,5.57,4
12/2/2009 22:00,32478.92,7.78,3.95,2.24,1.4,5.51,4
12/2/2009 23:00,32478.97,7.78,3.57,4.47,1.17,5.11,4
12/3/2009 0:00,32479,7.78,4.14,3.58,0.96,5.38,4
12/3/2009 1:00,32479.04,6.67,3.06,3.13,1.22,5.32,4
12/3/2009 2:00,32479.08,6.11,2.88,2.68,1.24,5.26,4
12/3/2009 3:00,32479.13,6.11,2.52,4.02,0.93,5.2,4
12/3/2009 4:00,32479.17,6.67,3.24,1.79,1.33,5.14,4
12/3/2009 5:00,32479.21,6.11,3.23,3.13,1.15,5.08,4
12/3/2009 6:00,32479.25,6.11,2.7,2.68,1.22,5.02,5
12/3/2009 7:00,32479.29,5.56,1.79,3.13,1.24,4.96,55
12/3/2009 8:00,32479.34,8.33,3.72,1.79,1.36,4.89,196
12/3/2009 9:00,32479.38,13.33,5.9,0.45,5.74,4.83,333
12/3/2009 10:00,32479.42,15,6.48,0.89,3.28,4.77,434
12/3/2009 11:00,32479.46,16.67,5.53,0.89,3,4.71,485
12/3/2009 12:00,32479.5,18.33,6.76,0.89,4.49,4.65,456
12/3/2009 13:00,32479.55,18.89,5.63,0.45,5.03,4.78,408
12/3/2009 14:00,32479.59,18.33,6.13,0.45,3.79,6.15,286
12/3/2009 15:00,32479.63,16.11,4.41,0.45,4.87,6.05,136
12/3/2009 16:00,32479.67,12.22,3.37,0.45,4.5,5.95,22
12/3/2009 17:00,32479.71,11.67,3.85,0.45,5.27,5.85,4
12/3/2009 18:00,32479.76,11.11,4.03,1.34,1.26,5.75,4
12/3/2009 19:00,32479.8,9.44,3.56,0.45,4.94,5.65,4
12/3/2009 20:00,32479.84,8.33,4.11,2.68,1.13,5.55,4
12/3/2009 21:00,32479.88,7.78,3.57,1.79,1.31,5.45,4
12/3/2009 22:00,32479.92,7.22,3.6,2.68,1.08,5.35,4
12/3/2009 23:00,32479.97,7.78,3.95,2.68,1.38,5.44,4
12/4/2009 0:00,32480,7.22,4.14,3.58,0.98,5.15,4
12/4/2009 1:00,32480.04,7.22,3.6,3.58,1.41,5.06,4
12/4/2009 2:00,32480.08,6.11,2.88,2.68,1.29,4.96,4
12/4/2009 3:00,32480.13,7.22,2.84,2.24,1.26,4.86,4
12/4/2009 4:00,32480.17,6.67,1.92,3.13,1.15,4.76,4
12/4/2009 5:00,32480.21,6.11,1.96,3.13,1.12,4.66,4
12/4/2009 6:00,32480.25,5,0.51,3.13,1.38,4.56,6
12/4/2009 7:00,32480.29,5.56,1.04,3.58,1.24,4.46,60
12/4/2009 8:00,32480.34,8.89,1.7,0.89,3.87,4.36,198
12/4/2009 9:00,32480.38,16.11,6.18,0.45,0.09,4.26,319
12/4/2009 10:00,32480.42,16.67,5.23,0.45,3.74,4.16,468
12/4/2009 11:00,32480.46,17.22,4.12,1.34,3.63,4.06,518
12/4/2009 12:00,32480.5,17.78,2.82,1.34,2.98,3.96,475
12/4/2009 13:00,32480.55,17.78,1.63,0.89,3.63,4.23,422
12/4/2009 14:00,32480.59,19.44,3.52,0.89,3.87,5.91,292
12/4/2009 15:00,32480.63,16.67,2.2,0.45,3.33,5.86,149
12/4/2009 16:00,32480.67,13.33,1.55,0.89,3.96,5.81,25
12/4/2009 17:00,32480.71,11.11,2.07,0.45,6.21,5.76,4
12/4/2009 18:00,32480.76,12.22,3.62,1.34,0.7,5.71,4
12/4/2009 19:00,32480.8,10.56,3.28,2.68,1.47,5.66,4
12/4/2009 20:00,32480.84,10,3.21,2.68,1.24,5.61,4
12/4/2009 21:00,32480.88,8.33,1.63,3.13,1.17,5.56,4
12/4/2009 22:00,32480.92,8.33,1.63,3.58,1.08,5.51,4
12/4/2009 23:00,32480.97,6.67,3.42,3.13,1.36,5.25,4
12/5/2009 0:00,32481,8.89,1.47,3.58,1.31,5.41,4
12/5/2009 1:00,32481.04,8.33,0.94,3.58,1.31,5.36,4
12/5/2009 2:00,32481.08,8.89,0.99,1.34,1.82,5.31,4
12/5/2009 3:00,32481.13,8.33,0.47,1.34,0.96,5.26,4
12/5/2009 4:00,32481.17,7.78,0.42,1.79,1.33,5.21,4
12/5/2009 5:00,32481.21,8.33,0.71,0.89,1.29,5.16,4
12/5/2009 6:00,32481.25,7.78,0.65,0.45,2.11,5.11,5
12/5/2009 7:00,32481.29,6.11,0.58,1.79,1.5,5.06,56
12/5/2009 8:00,32481.34,10.56,1.55,0.89,5.99,5.01,201
12/5/2009 9:00,32481.38,15.56,5.1,0.45,5.48,4.96,348
12/5/2009 10:00,32481.42,16.11,4.09,0.89,4,4.91,451
12/5/2009 11:00,32481.46,17.22,3.78,0.45,5.25,4.86,493
12/5/2009 12:00,32481.5,17.22,3.06,1.79,4.14,4.81,448
12/5/2009 13:00,32481.55,16.67,2.2,0.89,5.1,4.92,401
12/5/2009 14:00,32481.59,13.89,4.92,1.34,4.85,6.74,265
12/5/2009 15:00,32481.63,11.11,3.56,2.68,4.87,6.62,137
12/5/2009 16:00,32481.67,7.78,2.18,0.89,4.99,6.5,22
12/5/2009 17:00,32481.71,6.11,3.06,0.89,3.89,6.37,4
12/5/2009 18:00,32481.76,3.33,2.14,0.45,4.14,6.25,4
12/5/2009 19:00,32481.8,3.33,2.45,0.45,4.24,6.13,4
12/5/2009 20:00,32481.84,3.89,3.15,0.45,4.26,6.01,4
12/5/2009 21:00,32481.88,5,4.1,1.79,1.55,5.88,4
12/5/2009 22:00,32481.92,3.89,2.85,0.45,3.68,5.76,4
12/5/2009 23:00,32481.97,8.89,1.93,2.68,1.06,5.46,4
12/6/2009 0:00,32482,4.44,3.7,1.34,1.22,5.51,4
12/6/2009 1:00,32482.04,3.33,2.6,1.79,3.56,5.39,4
12/6/2009 2:00,32482.08,2.22,1.49,1.79,1.5,5.27,4
12/6/2009 3:00,32482.13,3.33,2.75,1.79,1.34,5.14,4
12/6/2009 4:00,32482.17,2.78,2.2,1.79,1.31,5.02,4
12/6/2009 5:00,32482.21,2.78,2.2,2.68,1.55,4.9,4
12/6/2009 6:00,32482.25,3.89,3.3,1.34,2.27,4.78,4
12/6/2009 7:00,32482.29,3.89,3.3,1.34,1.95,4.65,18
12/6/2009 8:00,32482.34,4.44,3.7,1.79,1.99,4.53,58
12/6/2009 9:00,32482.38,10.56,5.05,0.89,3.04,4.41,321
12/6/2009 10:00,32482.42,11.67,1.5,0.45,2.02,4.28,359
12/6/2009 11:00,32482.46,12.22,0.23,1.79,3.16,4.16,504
12/6/2009 12:00,32482.5,13.33,-0.09,1.34,4.33,4.04,470
12/6/2009 13:00,32482.55,11.67,-1.25,0.89,1.94,5.44,383
12/6/2009 14:00,32482.59,12.22,-1.79,0.89,3.89,7.41,241
12/6/2009 15:00,32482.63,10.56,-0.39,0.89,4.56,7.53,107
12/6/2009 16:00,32482.67,8.33,-1.31,1.79,1.45,7.65,12
12/6/2009 17:00,32482.71,9.44,-0.01,1.79,1.52,7.76,4
12/6/2009 18:00,32482.76,8.89,-1.92,1.79,1.8,7.88,4
12/6/2009 19:00,32482.8,8.33,-2.72,1.34,2.04,8,4
12/6/2009 20:00,32482.84,8.89,-1.63,1.79,1.64,8.12,4
12/6/2009 21:00,32482.88,7.78,-0.79,1.34,2.43,8.23,4
12/6/2009 22:00,32482.92,8.33,1.4,1.34,2.04,8.35,4
12/6/2009 23:00,32482.97,4.44,3.55,0.89,1.73,5.64,4
12/7/2009 0:00,32483,7.78,0.65,1.34,2.32,8.59,4
12/7/2009 1:00,32483.04,7.78,0.65,1.79,2.22,8.71,4
12/7/2009 2:00,32483.08,7.78,2.99,3.13,1.76,8.82,4
12/7/2009 3:00,32483.13,6.11,2.33,3.58,2.01,8.94,4
12/7/2009 4:00,32483.17,6.67,2.69,4.02,1.69,9.06,4
12/7/2009 5:00,32483.21,6.11,3.23,3.13,2.11,9.18,4
12/7/2009 6:00,32483.25,5.56,3.54,2.24,1.9,9.29,4
12/7/2009 7:00,32483.29,6.67,4.29,2.24,1.94,9.41,10
12/7/2009 8:00,32483.34,7.22,4.32,1.34,2.71,9.53,66
12/7/2009 9:00,32483.38,6.11,4.08,1.79,1.61,9.65,54
12/7/2009 10:00,32483.42,7.22,5.67,0.45,1.4,9.76,43
12/7/2009 11:00,32483.46,3.89,2.54,1.79,5.13,9.88,43
12/7/2009 12:00,32483.5,2.78,1.28,2.24,6.21,10,43
12/7/2009 13:00,32483.55,4.44,3.08,0.89,5.03,10,86
12/7/2009 14:00,32483.59,3.89,2.22,3.58,4.66,9.36,161
12/7/2009 15:00,32483.63,2.22,0.09,2.24,5.27,9.18,53
12/7/2009 16:00,32483.67,2.78,-0.72,1.79,5.39,9.01,12
12/7/2009 17:00,32483.71,1.11,-2.17,0.89,4.33,8.84,5
12/7/2009 18:00,32483.76,1.11,-1.32,1.34,4.1,8.67,4
12/7/2009 19:00,32483.8,0,-1.31,0.89,4.1,8.5,5
12/7/2009 20:00,32483.84,0,-1.62,0.89,4.33,8.33,5
12/7/2009 21:00,32483.88,0.56,-0.76,1.34,3.72,8.15,5
12/7/2009 22:00,32483.92,0,-1.01,0.45,4.36,7.98,5
12/7/2009 23:00,32483.97,8.33,1.63,0.89,2.23,8.47,4
12/8/2009 0:00,32484,0,-1.31,0.89,2.16,7.64,5
12/8/2009 1:00,32484.04,0,-1.31,2.24,1.33,7.47,5
12/8/2009 2:00,32484.08,0,-1.31,1.79,1.71,7.3,5
12/8/2009 3:00,32484.13,0.56,-0.76,1.34,1.8,7.13,5
12/8/2009 4:00,32484.17,0.56,-0.76,1.79,1.52,6.95,5
12/8/2009 5:00,32484.21,0,-1.31,1.79,1.62,6.78,5
12/8/2009 6:00,32484.25,0.56,-1.23,2.24,1.1,6.61,6
12/8/2009 7:00,32484.29,0.56,-1.55,1.34,1.61,6.44,77
12/8/2009 8:00,32484.34,1.11,-3.06,0.45,1.06,6.27,243
12/8/2009 9:00,32484.38,6.11,0.58,0.45,1.54,6.1,377
12/8/2009 10:00,32484.42,5,0.12,0.89,2.06,5.93,341
12/8/2009 11:00,32484.46,8.33,1.17,0.45,4.03,5.75,506
12/8/2009 12:00,32484.5,8.33,0.94,0.45,1.2,5.58,417
12/8/2009 13:00,32484.55,8.33,-1.31,0.89,4.71,3.94,424
12/8/2009 14:00,32484.59,6.67,-2.34,0.45,5.86,9.28,164
12/8/2009 15:00,32484.63,7.22,-1.82,0.45,3.86,9.09,111
12/8/2009 16:00,32484.67,3.89,-2.59,0.89,3.67,8.9,22
12/8/2009 17:00,32484.71,3.33,-2.49,0.45,4.28,8.71,4
12/8/2009 18:00,32484.76,3.89,-1.96,1.34,1.59,8.51,4
12/8/2009 19:00,32484.8,2.22,-3.14,1.34,1.71,8.32,5
12/8/2009 20:00,32484.84,2.78,-0.37,2.24,1.41,8.13,5
12/8/2009 21:00,32484.88,2.78,-0.72,2.24,1.34,7.94,5
12/8/2009 22:00,32484.92,1.67,-1.11,2.68,1.12,7.75,5
12/8/2009 23:00,32484.97,0,-1.01,1.79,1.85,7.81,5
12/9/2009 0:00,32485,0.56,-1.71,2.68,1.34,7.37,5
12/9/2009 1:00,32485.04,0.56,-1.55,2.68,1.47,7.18,5
12/9/2009 2:00,32485.08,0.56,-1.71,2.24,1.06,6.99,5
12/9/2009 3:00,32485.13,1.11,-1.66,4.02,1.41,6.8,5
12/9/2009 4:00,32485.17,0,-2.41,3.58,1.17,6.61,5
12/9/2009 5:00,32485.21,0.56,-1.71,3.58,1.27,6.42,5
12/9/2009 6:00,32485.25,0.56,-2.2,4.02,1.17,6.23,5
12/9/2009 7:00,32485.29,0.56,-2.54,2.68,1.31,6.04,60
12/9/2009 8:00,32485.34,1.67,-2.53,2.68,1.13,5.85,217
12/9/2009 9:00,32485.38,5.56,-0.79,1.34,0.87,5.66,366
12/9/2009 10:00,32485.42,7.78,0.18,0.45,2.51,5.47,478
12/9/2009 11:00,32485.46,8.89,-0.53,0.89,3.8,5.27,523
12/9/2009 12:00,32485.5,9.44,-0.01,0.89,0.31,5.08,434
12/9/2009 13:00,32485.55,8.89,-0.01,0.45,3.77,6.51,341
12/9/2009 14:00,32485.59,10,0.5,1.34,5.88,5.83,289
12/9/2009 15:00,32485.63,7.78,-0.79,0.45,3.68,5.88,170
12/9/2009 16:00,32485.67,5,-0.9,0.45,4.73,5.93,17
12/9/2009 17:00,32485.71,3.33,-1.88,0.45,5.24,5.97,4
12/9/2009 18:00,32485.76,3.89,-0.01,1.79,0.52,6.02,4
12/9/2009 19:00,32485.8,3.89,-0.01,1.79,1.31,6.07,4
12/9/2009 20:00,32485.84,3.33,-0.01,1.34,1.31,6.11,4
12/9/2009 21:00,32485.88,3.33,0.34,1.79,1.52,6.16,4
12/9/2009 22:00,32485.92,2.78,-0.37,2.24,1.38,6.21,4
12/9/2009 23:00,32485.97,1.67,-0.29,2.24,1.43,7.56,5
12/10/2009 0:00,32486,3.89,0.71,2.24,1.41,6.3,4
12/10/2009 1:00,32486.04,3.33,-0.18,1.79,1.45,6.35,4
12/10/2009 2:00,32486.08,3.89,0.18,3.13,0.79,6.4,4
12/10/2009 3:00,32486.13,3.89,-0.38,1.79,1.36,6.44,4
12/10/2009 4:00,32486.17,3.89,-0.38,2.68,1.48,6.49,4
12/10/2009 5:00,32486.21,4.44,-0.03,0.89,4.01,6.54,4
12/10/2009 6:00,32486.25,3.89,-0.57,1.79,1.22,6.58,5
12/10/2009 7:00,32486.29,4.44,0.16,2.68,1.33,6.63,26
12/10/2009 8:00,32486.34,6.67,1.11,1.79,1.24,6.68,133
12/10/2009 9:00,32486.38,10,2.04,0.45,1.62,6.72,261
12/10/2009 10:00,32486.42,10.56,2.06,1.34,3.63,6.77,372
12/10/2009 11:00,32486.46,10.56,0.75,0.45,4.26,6.82,362
12/10/2009 12:00,32486.5,11.67,0.63,0,4,6.87,361
12/10/2009 13:00,32486.55,11.11,-0.17,1.79,1.01,9.36,202
12/10/2009 14:00,32486.59,10.56,0.75,0.45,3,10,93
12/10/2009 15:00,32486.63,10.56,1.55,0.45,4.19,10,63
12/10/2009 16:00,32486.67,9.44,0.51,0.45,3.72,10,12
12/10/2009 17:00,32486.71,8.89,0.75,1.34,3.46,10,4
12/10/2009 18:00,32486.76,9.44,1.75,2.68,1.64,10,4
12/10/2009 19:00,32486.8,8.89,2.6,0.45,2.27,10,4
12/10/2009 20:00,32486.84,6.67,2.87,1.79,1.55,10,4
12/10/2009 21:00,32486.88,6.67,3.24,1.34,3.6,10,4
12/10/2009 22:00,32486.92,7.22,4.84,2.68,0.99,10,4
12/10/2009 23:00,32486.97,2.78,-0.2,1.79,1.45,6.26,4
12/11/2009 0:00,32487,6.11,5.05,2.68,0.45,10,4
12/11/2009 1:00,32487.04,7.78,6.22,2.24,0.49,10,4
12/11/2009 2:00,32487.08,10,7.74,3.13,1.73,10,4
12/11/2009 3:00,32487.13,10.56,8.63,1.79,2.13,10,4
12/11/2009 4:00,32487.17,11.11,9.01,2.24,1.24,10,4
12/11/2009 5:00,32487.21,10.56,9.13,1.79,1.68,10,4
12/11/2009 6:00,32487.25,10.56,9.46,1.34,2.01,10,4
12/11/2009 7:00,32487.29,11.11,8.12,4.47,1.27,10,10
12/11/2009 8:00,32487.34,10.56,7.03,2.68,1.38,10,47
12/11/2009 9:00,32487.38,12.22,8.65,4.92,1.66,10,79
12/11/2009 10:00,32487.42,13.33,9.15,2.68,1.97,10,160
12/11/2009 11:00,32487.46,11.67,9.2,1.34,2.08,10,122
12/11/2009 12:00,32487.5,11.67,9.9,2.24,1.73,10,85
12/11/2009 13:00,32487.55,11.67,9.72,2.68,1.69,10,112
12/11/2009 14:00,32487.59,13.89,10.08,4.47,1.59,9.92,133
12/11/2009 15:00,32487.63,13.33,9.73,3.13,1.88,9.92,58
12/11/2009 16:00,32487.67,12.22,8.65,2.24,2.02,9.93,10
12/11/2009 17:00,32487.71,12.22,8.07,3.13,1.68,9.93,4
12/11/2009 18:00,32487.76,11.67,9.2,1.79,2.02,9.93,4
12/11/2009 19:00,32487.8,12.22,8.46,3.13,1.69,9.94,4
12/11/2009 20:00,32487.84,11.67,7.73,1.79,1.57,9.94,4
12/11/2009 21:00,32487.88,11.67,9.03,0.89,2.25,9.95,4
12/11/2009 22:00,32487.92,11.11,9.51,2.68,1.78,9.95,4
12/11/2009 23:00,32487.97,6.11,4.57,0.89,4.07,10,4
12/12/2009 0:00,32488,11.11,9.51,3.58,1.64,9.96,4
12/12/2009 1:00,32488.04,10.56,7.94,4.02,1.59,9.96,4
12/12/2009 2:00,32488.08,11.11,7.94,2.24,2.18,9.96,4
12/12/2009 3:00,32488.13,12.22,9.02,4.02,1.85,9.97,4
12/12/2009 4:00,32488.17,12.22,8.84,3.13,1.54,9.97,4
12/12/2009 5:00,32488.21,12.78,8.61,3.58,1.69,9.97,4
12/12/2009 6:00,32488.25,11.67,7.73,3.13,1.94,9.98,4
12/12/2009 7:00,32488.29,12.22,7.88,3.58,1.85,9.98,28
12/12/2009 8:00,32488.34,13.33,8.55,0.89,2.84,9.99,23
12/12/2009 9:00,32488.38,10.56,9.3,1.34,3.49,9.99,31
12/12/2009 10:00,32488.42,11.11,9.51,2.24,1.73,9.99,21
12/12/2009 11:00,32488.46,10.56,8.8,3.58,1.59,10,36
12/12/2009 12:00,32488.5,11.11,9.01,2.68,1.83,10,86
12/12/2009 13:00,32488.55,11.67,8.48,4.47,1.59,10,74
12/12/2009 14:00,32488.59,12.78,9.75,4.02,1.82,10,76
12/12/2009 15:00,32488.63,11.67,9.38,3.13,2.46,9.92,21
12/12/2009 16:00,32488.67,12.22,9.93,4.02,2.06,9.84,11
12/12/2009 17:00,32488.71,12.22,10.61,0.89,3.72,9.76,4
12/12/2009 18:00,32488.76,11.67,9.72,1.34,3.44,9.68,4
12/12/2009 19:00,32488.8,12.22,10.78,2.24,3.39,9.6,4
12/12/2009 20:00,32488.84,9.44,8.2,0.89,1.92,9.52,4
12/12/2009 21:00,32488.88,10,7.91,3.13,1.08,9.44,4
12/12/2009 22:00,32488.92,9.44,7.87,0.45,0.19,9.35,4
12/12/2009 23:00,32488.97,11.11,9.85,1.34,2.43,9.95,4
12/13/2009 0:00,32489,8.89,6.48,2.24,2.46,9.19,4
12/13/2009 1:00,32489.04,8.89,5.95,1.79,2.6,9.11,4
12/13/2009 2:00,32489.08,10,6.49,4.02,1.9,9.03,4
12/13/2009 3:00,32489.13,10,6.49,1.79,2.44,8.95,4
12/13/2009 4:00,32489.17,8.89,5.59,1.34,2.58,8.87,4
12/13/2009 5:00,32489.21,9.44,6.67,1.79,1.97,8.79,4
12/13/2009 6:00,32489.25,8.89,6.48,0.89,2.55,8.71,5
12/13/2009 7:00,32489.29,9.44,7.7,1.79,2.48,8.63,12
12/13/2009 8:00,32489.34,10,8.08,1.79,2.46,8.55,47
12/13/2009 9:00,32489.38,10.56,8.11,1.79,2.37,8.47,72
12/13/2009 10:00,32489.42,11.11,8.48,3.13,1.95,8.39,128
12/13/2009 11:00,32489.46,11.67,7.54,4.47,1.66,8.31,319
12/13/2009 12:00,32489.5,13.33,8.14,2.24,2.23,8.22,290
12/13/2009 13:00,32489.55,12.78,7.18,4.92,1.73,5.67,369
12/13/2009 14:00,32489.59,13.33,7.5,4.47,1.47,5.94,283
12/13/2009 15:00,32489.63,11.67,6.33,2.24,1.68,5.84,132
12/13/2009 16:00,32489.67,12.22,6.86,0.89,0.21,5.73,16
12/13/2009 17:00,32489.71,10.56,6.46,2.24,0.98,5.62,4
12/13/2009 18:00,32489.76,10,6.3,1.79,0.99,5.52,4
12/13/2009 19:00,32489.8,8.89,6.3,2.24,1.19,5.41,4
12/13/2009 20:00,32489.84,9.44,7.02,3.13,1.27,5.31,4
12/13/2009 21:00,32489.88,8.33,5.76,3.58,1.33,5.2,4
12/13/2009 22:00,32489.92,8.89,5.59,1.34,0.51,5.09,5
12/13/2009 23:00,32489.97,10,8.25,1.79,2.27,9.27,4
12/14/2009 0:00,32490,8.89,5.95,2.24,1.43,4.88,4
12/14/2009 1:00,32490.04,8.89,5.95,2.24,1.41,4.78,4
12/14/2009 2:00,32490.08,8.33,5.41,4.02,1.26,4.67,4
12/14/2009 3:00,32490.13,8.33,5.41,3.58,1.33,4.56,4
12/14/2009 4:00,32490.17,7.78,3.19,4.02,0.8,4.46,4
12/14/2009 5:00,32490.21,8.89,3.24,2.68,1.33,4.35,4
12/14/2009 6:00,32490.25,8.89,4.26,1.34,1.22,4.25,5
12/14/2009 7:00,32490.29,8.89,3.66,0.45,4.07,4.14,51
12/14/2009 8:00,32490.34,11.11,2.58,0.45,3.86,4.03,207
12/14/2009 9:00,32490.38,15,4.58,0.45,4.12,3.93,354
12/14/2009 10:00,32490.42,18.33,7.07,0.45,3.47,3.82,449
12/14/2009 11:00,32490.46,16.67,5.23,1.34,3.26,3.72,500
12/14/2009 12:00,32490.5,16.67,6.13,0.45,5.1,3.61,473
12/14/2009 13:00,32490.55,17.22,6.05,1.79,4.21,2.35,449
12/14/2009 14:00,32490.59,18.33,8.53,0.89,3.65,6.81,256
12/14/2009 15:00,32490.63,16.11,6.73,0.45,4.17,6.87,162
12/14/2009 16:00,32490.67,11.67,5.69,0.89,4.21,6.93,24
12/14/2009 17:00,32490.71,10.56,7.03,1.34,6.23,6.99,4
12/14/2009 18:00,32490.76,10.56,5.67,1.79,1.27,7.05,4
12/14/2009 19:00,32490.8,8.89,5.77,2.24,0.98,7.11,4
12/14/2009 20:00,32490.84,8.33,5.05,3.13,1.33,7.17,4
12/14/2009 21:00,32490.88,8.89,4.84,2.68,0.99,7.23,4
12/14/2009 22:00,32490.92,7.78,3.95,3.13,0.99,7.29,4
12/14/2009 23:00,32490.97,9.44,6.31,1.34,1.43,4.99,5
12/15/2009 0:00,32491,7.78,3.95,3.58,1.13,7.41,4
12/15/2009 1:00,32491.04,6.67,3.24,2.24,1.27,7.47,4
12/15/2009 2:00,32491.08,6.67,2.31,4.02,1.17,7.52,4
12/15/2009 3:00,32491.13,8.33,1.85,1.79,1.24,7.58,4
12/15/2009 4:00,32491.17,6.67,1.32,2.68,1.34,7.64,4
12/15/2009 5:00,32491.21,7.78,2.18,0.45,2.32,7.7,4
12/15/2009 6:00,32491.25,6.67,-0.86,0.89,1.33,7.76,5
12/15/2009 7:00,32491.29,8.33,0.22,2.24,1.05,7.82,43
12/15/2009 8:00,32491.34,10,2.52,0.45,0.02,7.88,124
12/15/2009 9:00,32491.38,12.22,4.13,0,3.14,7.94,220
12/15/2009 10:00,32491.42,13.89,4.92,0.89,4.1,8,337
12/15/2009 11:00,32491.46,14.44,6.47,1.34,3.84,8.06,255
12/15/2009 12:00,32491.5,16.11,5.9,0.45,3.86,8.12,295
12/15/2009 13:00,32491.55,14.44,6.47,1.34,0.99,7.91,276
12/15/2009 14:00,32491.59,15.56,5.1,0.45,4.56,9.03,172
12/15/2009 15:00,32491.63,13.33,5.17,1.34,3.72,8.76,93
12/15/2009 16:00,32491.67,12.78,6.75,1.34,0.98,8.49,15
12/15/2009 17:00,32491.71,12.22,4.61,3.13,1.29,8.22,4
12/15/2009 18:00,32491.76,12.78,5.38,0.89,6.14,7.95,4
12/15/2009 19:00,32491.8,10.56,5.05,0.45,1.75,7.67,4
12/15/2009 20:00,32491.84,10.56,4.84,1.34,1.43,7.4,4
12/15/2009 21:00,32491.88,10.56,5.26,2.24,1.17,7.13,4
12/15/2009 22:00,32491.92,10,4.52,3.13,0.89,6.86,4
12/15/2009 23:00,32491.97,8.33,4.49,3.58,1.26,7.35,4
12/16/2009 0:00,32492,8.89,4.06,0.89,1.4,6.32,4
12/16/2009 1:00,32492.04,9.44,4.39,2.24,0.91,6.05,4
12/16/2009 2:00,32492.08,8.33,2.29,1.34,0.75,5.78,4
12/16/2009 3:00,32492.13,8.89,2.38,1.79,1.24,5.51,4
12/16/2009 4:00,32492.17,9.44,1.51,2.24,1.05,5.23,4
12/16/2009 5:00,32492.21,8.33,2.07,1.79,0.99,4.96,4
12/16/2009 6:00,32492.25,7.78,0.65,1.79,1.27,4.69,4
12/16/2009 7:00,32492.29,7.22,0.35,1.79,0.99,4.42,51
12/16/2009 8:00,32492.34,9.44,1.27,1.79,1.41,4.15,223
12/16/2009 9:00,32492.38,13.89,5.94,0.89,1.01,3.88,359
12/16/2009 10:00,32492.42,15.56,6.21,1.79,4.26,3.61,374
12/16/2009 11:00,32492.46,17.78,7.45,0.89,6.07,3.34,482
12/16/2009 12:00,32492.5,17.78,5.29,0.89,3.96,3.07,484
12/16/2009 13:00,32492.55,19.44,7.47,0.45,5.22,5.85,361
12/16/2009 14:00,32492.59,17.22,6.64,0.45,3.54,6.97,250
12/16/2009 15:00,32492.63,14.44,6.47,0.89,4.31,7,131
12/16/2009 16:00,32492.67,12.78,9.19,0.45,3.89,7.02,20
12/16/2009 17:00,32492.71,12.22,9.02,0.89,0.51,7.04,4
12/16/2009 18:00,32492.76,11.11,9.18,0.45,4,7.07,4
12/16/2009 19:00,32492.8,10.56,8.29,0.45,2.32,7.09,4
12/16/2009 20:00,32492.84,8.89,7.64,0.45,4.57,7.12,4
12/16/2009 21:00,32492.88,9.44,6.85,2.24,1.38,7.14,4
12/16/2009 22:00,32492.92,8.33,6.1,2.24,1.33,7.17,4
12/16/2009 23:00,32492.97,9.44,2.91,0.89,4.54,6.59,4
12/17/2009 0:00,32493,7.78,5.21,1.34,1.2,7.22,4
12/17/2009 1:00,32493.04,8.33,5.76,2.68,1.2,7.24,4
12/17/2009 2:00,32493.08,6.67,4.29,2.24,0.99,7.27,4
12/17/2009 3:00,32493.13,7.22,5.18,1.79,1.41,7.29,4
12/17/2009 4:00,32493.17,6.11,4.08,1.34,1.73,7.32,4
12/17/2009 5:00,32493.21,3.33,2.14,1.34,3.84,7.34,4
12/17/2009 6:00,32493.25,3.89,2.85,1.34,4.03,7.37,5
12/17/2009 7:00,32493.29,5,3.15,1.34,2.01,7.39,45
12/17/2009 8:00,32493.34,3.89,3,1.79,3.49,7.42,150
12/17/2009 9:00,32493.38,6.67,5.6,0.89,3.32,7.44,217
12/17/2009 10:00,32493.42,7.78,6.54,1.34,3.77,7.46,253
12/17/2009 11:00,32493.46,9.44,7.53,1.34,3.23,7.49,228
12/17/2009 12:00,32493.5,11.67,7.92,1.34,4.22,7.51,326
12/17/2009 13:00,32493.55,10,7.57,1.34,4.28,7,316
12/17/2009 14:00,32493.59,9.44,7.53,0.45,0.05,10,109
12/17/2009 15:00,32493.63,8.89,7.15,0.45,1.8,10,81
12/17/2009 16:00,32493.67,8.33,6.93,0.45,2.55,10,17
12/17/2009 17:00,32493.71,7.78,6.7,0.89,3.91,10,4
12/17/2009 18:00,32493.76,7.22,6.31,1.34,1.94,10,4
12/17/2009 19:00,32493.8,7.78,6.86,0.89,2.18,10,4
12/17/2009 20:00,32493.84,7.78,6.86,0.89,3.35,10,4
12/17/2009 21:00,32493.88,7.78,7.02,2.24,1.69,10,4
12/17/2009 22:00,32493.92,7.78,7.02,3.13,1.57,10,4
12/17/2009 23:00,32493.97,7.78,5.04,2.68,1.2,7.19,4
12/18/2009 0:00,32494,7.22,6.46,2.24,0.91,10,4
12/18/2009 1:00,32494.04,7.78,7.02,1.79,1.55,10,4
12/18/2009 2:00,32494.08,7.78,6.86,3.13,0.87,10,4
12/18/2009 3:00,32494.13,7.78,6.7,1.79,1.69,10,4
12/18/2009 4:00,32494.17,6.67,5.6,2.68,0.45,10,4
12/18/2009 5:00,32494.21,6.67,5.6,1.79,1.22,10,4
12/18/2009 6:00,32494.25,6.67,5.6,0.45,5.52,10,4
12/18/2009 7:00,32494.29,6.67,5.6,2.68,0.68,10,9
12/18/2009 8:00,32494.34,6.67,5.44,1.34,0.19,10,28
12/18/2009 9:00,32494.38,7.22,5.67,1.34,1.64,10,58
12/18/2009 10:00,32494.42,7.78,6.06,0.89,2.11,10,69
12/18/2009 11:00,32494.46,7.78,6.06,3.13,0.98,10,78
12/18/2009 12:00,32494.5,8.33,5.93,0.45,3.61,10,76
12/18/2009 13:00,32494.55,8.33,5.76,0.89,1.54,10,54
12/18/2009 14:00,32494.59,8.33,5.41,1.34,2.08,10,32
12/18/2009 15:00,32494.63,8.89,6.13,0.89,2.34,9.79,18
12/18/2009 16:00,32494.67,8.89,5.77,0.45,2.29,9.58,7
12/18/2009 17:00,32494.71,8.89,6.13,0.45,3.86,9.36,4
12/18/2009 18:00,32494.76,8.89,5.95,1.34,2.27,9.15,4
12/18/2009 19:00,32494.8,8.33,5.58,1.34,1.99,8.94,4
12/18/2009 20:00,32494.84,7.78,5.21,1.34,1.85,8.73,4
12/18/2009 21:00,32494.88,7.78,5.21,0.89,2.34,8.52,4
12/18/2009 22:00,32494.92,7.78,5.04,2.24,1.97,8.31,4
12/18/2009 23:00,32494.97,6.67,5.91,2.24,1.47,10,4
12/19/2009 0:00,32495,7.78,5.04,1.79,1.48,7.88,4
12/19/2009 1:00,32495.04,7.78,4.86,0.45,2.06,7.67,4
12/19/2009 2:00,32495.08,7.78,4.86,1.79,1.43,7.46,4
12/19/2009 3:00,32495.13,8.33,5.58,0.45,2.29,7.25,4
12/19/2009 4:00,32495.17,8.33,5.58,2.24,1.48,7.03,4
12/19/2009 5:00,32495.21,7.78,5.21,1.34,1.54,6.82,4
12/19/2009 6:00,32495.25,6.67,4.46,0.45,2.29,6.61,4
12/19/2009 7:00,32495.29,6.67,4.46,1.79,1.71,6.4,17
12/19/2009 8:00,32495.34,7.22,5.01,2.24,0.58,6.19,59
12/19/2009 9:00,32495.38,8.33,5.76,0.89,0.68,5.98,146
12/19/2009 10:00,32495.42,8.33,5.58,0.89,0.49,5.76,199
12/19/2009 11:00,32495.46,13.89,8.88,1.34,5.83,5.55,453
12/19/2009 12:00,32495.5,15.56,10.28,1.34,5.71,5.34,419
12/19/2009 13:00,32495.55,15,8.87,0.45,4.07,5.68,366
12/19/2009 14:00,32495.59,15,8.65,0.45,5.72,6.28,271
12/19/2009 15:00,32495.63,13.33,7.93,0.45,4.07,6.39,138
12/19/2009 16:00,32495.67,9.44,6.31,0.45,3.61,6.5,18
12/19/2009 17:00,32495.71,9.44,7.02,0.45,1.17,6.61,4
12/19/2009 18:00,32495.76,9.44,7.53,1.34,0.87,6.72,4
12/19/2009 19:00,32495.8,8.33,6.27,0.89,1.27,6.83,4
12/19/2009 20:00,32495.84,8.33,6.61,1.79,1.24,6.94,4
12/19/2009 21:00,32495.88,6.67,4.96,0.89,4.19,7.05,4
12/19/2009 22:00,32495.92,7.78,6.7,2.24,1.12,7.16,4
12/19/2009 23:00,32495.97,7.78,5.04,0.89,1.83,8.09,4
12/20/2009 0:00,32496,7.78,6.38,2.24,1.24,7.38,4
12/20/2009 1:00,32496.04,7.78,6.22,0.89,1.1,7.49,4
12/20/2009 2:00,32496.08,6.67,5.28,3.13,0.99,7.6,4
12/20/2009 3:00,32496.13,7.22,4.84,0.89,4.69,7.71,4
12/20/2009 4:00,32496.17,7.22,6.15,0.45,5.43,7.82,4
12/20/2009 5:00,32496.21,7.22,5.51,2.24,1.4,7.93,4
12/20/2009 6:00,32496.25,7.78,4.68,0.89,2.27,8.04,4
12/20/2009 7:00,32496.29,6.67,4.8,0,2.2,8.15,23
12/20/2009 8:00,32496.34,7.78,5.56,0.45,4.73,8.26,82
12/20/2009 9:00,32496.38,8.33,6.27,0.45,3.84,8.37,137
12/20/2009 10:00,32496.42,10,7.21,2.68,0.84,8.48,220
12/20/2009 11:00,32496.46,12.22,5.55,0.89,1.92,8.59,250
12/20/2009 12:00,32496.5,14.44,9.62,1.34,3.67,8.7,261
12/20/2009 13:00,32496.55,17.78,10.35,1.34,5.67,4.96,389
12/20/2009 14:00,32496.59,20.56,12.99,0.45,6.06,4.74,311
12/20/2009 15:00,32496.63,16.11,10.16,0.45,2.58,4.97,162
12/20/2009 16:00,32496.67,13.33,8.55,0.45,0.75,5.2,20
12/20/2009 17:00,32496.71,12.22,9.02,0.89,0.37,5.43,4
12/20/2009 18:00,32496.76,11.67,6.74,2.24,1.08,5.66,4
12/20/2009 19:00,32496.8,12.22,6.22,0.45,0.73,5.89,4
12/20/2009 20:00,32496.84,10.56,4.84,1.79,1.27,6.12,4
12/20/2009 21:00,32496.88,10.56,4.84,2.24,1.13,6.36,4
12/20/2009 22:00,32496.92,10.56,3.96,2.24,1.26,6.59,4
12/20/2009 23:00,32496.97,7.78,6.38,2.68,1.33,7.27,4
12/21/2009 0:00,32497,9.44,3.98,1.34,0.31,7.05,4
12/21/2009 1:00,32497.04,10,2.98,0.89,1.01,7.28,4
12/21/2009 2:00,32497.08,8.89,1.7,1.34,0.54,7.51,4
12/21/2009 3:00,32497.13,8.89,2.15,0.45,5.95,7.74,4
12/21/2009 4:00,32497.17,8.89,2.15,2.24,0.16,7.97,4
12/21/2009 5:00,32497.21,8.89,2.82,2.24,1.01,8.2,4
12/21/2009 6:00,32497.25,8.33,1.17,3.13,1.24,8.43,4
12/21/2009 7:00,32497.29,10.56,0.47,0.89,3.02,8.66,23
12/21/2009 8:00,32497.34,10,2.98,0.45,4.85,8.89,92
12/21/2009 9:00,32497.38,11.11,5.15,1.34,1.05,9.13,178
12/21/2009 10:00,32497.42,13.89,5.69,0.45,3.96,9.36,251
12/21/2009 11:00,32497.46,13.33,6.37,0.45,4.97,9.59,274
12/21/2009 12:00,32497.5,14.44,7.66,1.34,0.45,9.82,192
12/21/2009 13:00,32497.55,15,6.48,0.45,3.82,9.58,187
12/21/2009 14:00,32497.59,13.33,5.9,0.45,5.76,10,89
12/21/2009 15:00,32497.63,13.33,7.71,0.45,3.93,9.68,81
12/21/2009 16:00,32497.67,12.22,9.21,1.34,2.32,9.36,13
12/21/2009 17:00,32497.71,10.56,7.58,3.13,1.71,9.04,4
12/21/2009 18:00,32497.76,11.67,8.3,3.13,1.31,8.72,4
12/21/2009 19:00,32497.8,11.67,7.54,5.81,1.61,8.4,4
12/21/2009 20:00,32497.84,10.56,8.63,2.68,4.12,8.08,4
12/21/2009 21:00,32497.88,9.44,8.36,0.45,4.66,7.76,4
12/21/2009 22:00,32497.92,9.44,8.52,0.89,3.86,7.44,4
12/21/2009 23:00,32497.97,10,4.09,2.24,0.94,6.82,4
12/22/2009 0:00,32498,7.78,5.72,2.68,5.38,6.79,4
12/22/2009 1:00,32498.04,6.11,3.58,0.89,5.52,6.47,4
12/22/2009 2:00,32498.08,6.67,2.31,1.34,5.38,6.15,4
12/22/2009 3:00,32498.13,5,2.32,0.45,4.1,5.83,4
12/22/2009 4:00,32498.17,5,3.32,0.89,5.48,5.51,4
12/22/2009 5:00,32498.21,5.56,3.03,1.34,5.11,5.19,4
12/22/2009 6:00,32498.25,4.44,2.61,0.45,4,4.87,5
12/22/2009 7:00,32498.29,3.33,1.83,0.89,4.97,4.55,19
12/22/2009 8:00,32498.34,6.11,1.58,0.89,4.99,4.23,135
12/22/2009 9:00,32498.38,7.22,1.85,1.34,5.08,3.91,353
12/22/2009 10:00,32498.42,8.33,0.47,3.13,4.45,3.59,436
12/22/2009 11:00,32498.46,9.44,1.02,2.24,4.87,3.27,496
12/22/2009 12:00,32498.5,8.89,0.99,2.24,5.13,2.95,485
12/22/2009 13:00,32498.55,10,1.54,1.79,5.15,0.82,461
12/22/2009 14:00,32498.59,11.11,2.33,2.24,5.29,0,376
12/22/2009 15:00,32498.63,11.11,2.58,2.68,6.16,0.16,178
12/22/2009 16:00,32498.67,10,-0.32,4.92,5.32,0.31,29
12/22/2009 17:00,32498.71,8.33,-1.86,2.24,4.97,0.47,4
12/22/2009 18:00,32498.76,7.78,-1.56,1.79,5.71,0.62,4
12/22/2009 19:00,32498.8,6.67,-2.08,3.13,0.19,0.78,4
12/22/2009 20:00,32498.84,6.11,-0.05,0.89,4.85,0.93,4
12/22/2009 21:00,32498.88,5.56,-5.56,4.02,0.02,1.09,4
12/22/2009 22:00,32498.92,5,-3.89,2.24,3.53,1.24,4
12/22/2009 23:00,32498.97,8.89,6.48,0.89,4.78,7.12,4
12/23/2009 0:00,32499,4.44,-1.43,4.02,1.47,1.56,5
12/23/2009 1:00,32499.04,3.33,-1.88,1.34,2.06,1.71,5
12/23/2009 2:00,32499.08,2.78,-1.64,1.79,1.12,1.87,5
12/23/2009 3:00,32499.13,3.33,-0.91,2.68,1.41,2.02,5
12/23/2009 4:00,32499.17,1.67,-2.71,0.89,1.36,2.18,5
12/23/2009 5:00,32499.21,1.11,-2,2.68,1.54,2.33,5
12/23/2009 6:00,32499.25,1.11,-2.52,3.13,1.41,2.49,5
12/23/2009 7:00,32499.29,2.22,-2.18,2.24,1.52,2.64,44
12/23/2009 8:00,32499.34,5,-0.28,0.45,3.86,2.8,197
12/23/2009 9:00,32499.38,9.44,1.99,1.34,2.39,2.96,344
12/23/2009 10:00,32499.42,10,1.79,1.34,3.37,3.11,452
12/23/2009 11:00,32499.46,11.11,2.07,0.45,2.18,3.27,496
12/23/2009 12:00,32499.5,10.56,2.31,1.34,3.74,3.42,475
12/23/2009 13:00,32499.55,11.67,2.85,0.89,2.78,2.71,441
12/23/2009 14:00,32499.59,12.78,3.89,0.45,0.19,3.86,329
12/23/2009 15:00,32499.63,10.56,2.31,0.45,3.68,3.85,178
12/23/2009 16:00,32499.67,7.22,1.44,0.45,3.26,3.83,22
12/23/2009 17:00,32499.71,6.67,0.69,0.89,1.62,3.82,4
12/23/2009 18:00,32499.76,6.11,1.19,0.89,2.01,3.81,4
12/23/2009 19:00,32499.8,6.11,2.33,1.79,1.2,3.8,4
12/23/2009 20:00,32499.84,4.44,1.43,2.68,1.13,3.79,4
12/23/2009 21:00,32499.88,5,1.97,2.68,1.29,3.78,4
12/23/2009 22:00,32499.92,4.44,1.94,3.58,1.06,3.76,4
12/23/2009 23:00,32499.97,4.44,-2.96,2.24,1.27,1.4,5
12/24/2009 0:00,32500,3.89,1.4,3.58,1.4,3.74,4
12/24/2009 1:00,32500.04,4.44,1.77,4.02,0.98,3.73,4
12/24/2009 2:00,32500.08,2.78,0.64,2.68,1.26,3.72,5
12/24/2009 3:00,32500.13,2.78,0.48,3.13,1.4,3.71,5
12/24/2009 4:00,32500.17,2.78,0.31,3.13,1.06,3.69,5
12/24/2009 5:00,32500.21,2.22,0.09,3.13,1.05,3.68,5
12/24/2009 6:00,32500.25,2.78,0.64,2.24,1.19,3.67,5
12/24/2009 7:00,32500.29,2.22,-0.07,2.24,1.12,3.66,42
12/24/2009 8:00,32500.34,5.56,2.16,0.45,6.25,3.65,195
12/24/2009 9:00,32500.38,9.44,4.39,0.89,3.67,3.64,340
12/24/2009 10:00,32500.42,10.56,3.96,1.34,3.89,3.62,458
12/24/2009 11:00,32500.46,12.78,3.89,0.45,2.67,3.61,495
12/24/2009 12:00,32500.5,15,6.48,0.89,5.52,3.6,471
12/24/2009 13:00,32500.55,17.22,7.21,0.45,4.49,2.26,448
12/24/2009 14:00,32500.59,13.89,3.84,0.89,4.29,5.05,304
12/24/2009 15:00,32500.63,12.78,4.65,0.45,4.17,4.96,139
12/24/2009 16:00,32500.67,9.44,3.77,0.45,3.68,4.88,22
12/24/2009 17:00,32500.71,7.22,2.45,0.89,6.04,4.79,4
12/24/2009 18:00,32500.76,7.78,3.95,1.34,1.03,4.71,4
12/24/2009 19:00,32500.8,6.67,2.87,1.79,1.36,4.62,4
12/24/2009 20:00,32500.84,6.11,3.06,0.45,2.44,4.54,4
12/24/2009 21:00,32500.88,5,2.99,2.24,1.13,4.45,4
12/24/2009 22:00,32500.92,5.56,3.37,2.68,1.15,4.37,4
12/24/2009 23:00,32500.97,3.89,1.4,1.79,1.34,3.75,4
12/25/2009 0:00,32501,5,2.66,3.13,1.03,4.2,4
12/25/2009 1:00,32501.04,5,1.97,3.58,1.52,4.11,4
12/25/2009 2:00,32501.08,3.89,1.23,2.68,1.38,4.03,4
12/25/2009 3:00,32501.13,3.89,1.06,2.24,1.1,3.94,4
12/25/2009 4:00,32501.17,3.89,0.71,2.68,1.12,3.85,4
12/25/2009 5:00,32501.21,4.44,-0.03,2.24,1.4,3.77,4
12/25/2009 6:00,32501.25,3.89,0.89,2.24,1.12,3.68,5
12/25/2009 7:00,32501.29,4.44,1.25,1.34,1.36,3.6,31
12/25/2009 8:00,32501.34,6.11,1.58,0.89,0.7,3.51,191
12/25/2009 9:00,32501.38,9.44,4.6,0.89,4.15,3.43,338
12/25/2009 10:00,32501.42,12.22,5.55,0.45,3.86,3.34,451
12/25/2009 11:00,32501.46,12.78,5.14,0.45,5.6,3.26,499
12/25/2009 12:00,32501.5,14.44,6.71,0.89,1.01,3.17,481
12/25/2009 13:00,32501.55,16.67,6.7,0.45,1.12,2.2,449
12/25/2009 14:00,32501.59,16.67,6.98,0.45,5.32,3.6,334
12/25/2009 15:00,32501.63,15,5.15,0.45,3.09,3.89,184
12/25/2009 16:00,32501.67,10.56,3.74,0.45,3.77,4.18,22
12/25/2009 17:00,32501.71,9.44,3.77,0.45,5.46,4.47,4
12/25/2009 18:00,32501.76,8.89,4.65,0.45,2.25,4.76,4
12/25/2009 19:00,32501.8,7.22,3.6,2.24,1.05,5.05,4
12/25/2009 20:00,32501.84,7.22,4.14,2.24,1.47,5.34,4
12/25/2009 21:00,32501.88,6.67,4.12,2.24,1.59,5.63,4
12/25/2009 22:00,32501.92,6.11,3.92,2.68,1.43,5.93,4
12/25/2009 23:00,32501.97,4.44,2.11,3.13,1.1,4.28,4
12/26/2009 0:00,32502,5,2.15,3.13,1.24,6.51,4
12/26/2009 1:00,32502.04,5,1.62,5.36,1.2,6.8,4
12/26/2009 2:00,32502.08,6.11,2.33,2.68,1.5,7.09,4
12/26/2009 3:00,32502.13,5,2.32,2.24,1.29,7.38,4
12/26/2009 4:00,32502.17,5.56,2.34,3.58,0.84,7.67,4
12/26/2009 5:00,32502.21,5.56,0.25,3.13,1.38,7.96,4
12/26/2009 6:00,32502.25,6.11,0.79,1.79,1.27,8.25,4
12/26/2009 7:00,32502.29,6.11,0.16,1.79,1.01,8.54,27
12/26/2009 8:00,32502.34,6.67,1.11,1.34,0.72,8.84,71
12/26/2009 9:00,32502.38,7.78,2.99,1.34,3.67,9.13,170
12/26/2009 10:00,32502.42,9.44,1.51,2.24,1.5,9.42,202
12/26/2009 11:00,32502.46,10.56,4.62,1.34,3.42,9.71,204
12/26/2009 12:00,32502.5,9.44,3.35,0.89,1.15,10,157
12/26/2009 13:00,32502.55,10.56,5.26,2.24,1.06,10,115
12/26/2009 14:00,32502.59,13.33,1.24,0.89,1.9,10,111
12/26/2009 15:00,32502.63,12.78,3.08,0.45,1.82,9.85,78
12/26/2009 16:00,32502.67,11.11,0.7,1.79,2.43,9.71,27
12/26/2009 17:00,32502.71,11.67,1.5,1.34,2.02,9.56,4
12/26/2009 18:00,32502.76,10.56,0.19,2.68,1.95,9.42,4
12/26/2009 19:00,32502.8,10.56,-0.68,2.24,1.9,9.27,4
12/26/2009 20:00,32502.84,10,1.03,0.89,4.1,9.12,4
12/26/2009 21:00,32502.88,7.78,3.76,0.45,4.89,8.98,4
12/26/2009 22:00,32502.92,7.22,4.67,3.13,1.26,8.83,4
12/26/2009 23:00,32502.97,5.56,2.86,2.68,1.19,6.22,4
12/27/2009 0:00,32503,8.33,4.86,0.89,3.19,8.54,4
12/27/2009 1:00,32503.04,9.44,4.19,2.68,1.48,8.4,4
12/27/2009 2:00,32503.08,10,4.31,0.89,1.9,8.25,4
12/27/2009 3:00,32503.13,8.89,5.22,1.79,0.99,8.1,4
12/27/2009 4:00,32503.17,8.89,4.26,1.34,1.31,7.96,4
12/27/2009 5:00,32503.21,8.33,3.92,0.45,3.98,7.81,4
12/27/2009 6:00,32503.25,6.67,4.96,0.45,0.37,7.67,4
12/27/2009 7:00,32503.29,7.78,5.38,1.79,1.24,7.52,27
12/27/2009 8:00,32503.34,9.44,5.95,1.79,0.56,7.37,110
12/27/2009 9:00,32503.38,10.56,6.46,2.68,0.93,7.23,255
12/27/2009 10:00,32503.42,12.22,5.77,1.79,0.77,7.08,460
12/27/2009 11:00,32503.46,16.11,7.27,0.45,3.33,6.94,347
12/27/2009 12:00,32503.5,16.67,7.52,0,6,6.79,361
12/27/2009 13:00,32503.55,15.56,6.75,0.89,2.55,5.2,383
12/27/2009 14:00,32503.59,16.11,8.04,0.89,4.28,6.1,277
12/27/2009 15:00,32503.63,13.89,7.36,0.45,4.07,6.22,128
12/27/2009 16:00,32503.67,11.11,6.2,0.45,4.4,6.34,28
12/27/2009 17:00,32503.71,10,7.21,0.45,4.17,6.47,4
12/27/2009 18:00,32503.76,10,7.91,0.89,4.15,6.59,4
12/27/2009 19:00,32503.8,8.89,6.99,0.89,1.33,6.71,4
12/27/2009 20:00,32503.84,9.44,7.53,0.89,0.21,6.83,4
12/27/2009 21:00,32503.88,7.78,5.89,3.13,1.13,6.95,4
12/27/2009 22:00,32503.92,8.33,6.61,4.02,1.03,7.07,4
12/27/2009 23:00,32503.97,7.78,5.04,3.13,1.47,8.69,4
12/28/2009 0:00,32504,7.78,6.06,0.45,3.05,7.31,4
12/28/2009 1:00,32504.04,5.56,4.5,0.89,4.14,7.43,4
12/28/2009 2:00,32504.08,5.56,4.81,0.45,0.16,7.55,5
12/28/2009 3:00,32504.13,6.11,5.36,2.24,1.55,7.67,5
12/28/2009 4:00,32504.17,5,4.26,0.89,3.63,7.79,4
12/28/2009 5:00,32504.21,5.56,4.96,0.45,2.97,7.91,4
12/28/2009 6:00,32504.25,5,4.41,0.89,3.89,8.03,5
12/28/2009 7:00,32504.29,5.56,4.96,0.45,6.09,8.15,21
12/28/2009 8:00,32504.34,5.56,4.96,0.45,3.3,8.27,91
12/28/2009 9:00,32504.38,6.11,5.36,1.34,0.42,8.39,115
12/28/2009 10:00,32504.42,6.67,5.91,0.89,0.72,8.51,118
12/28/2009 11:00,32504.46,11.67,10.56,0.45,6.21,8.63,327
12/28/2009 12:00,32504.5,9.44,7.53,0.45,4.35,8.75,259
12/28/2009 13:00,32504.55,11.11,8.12,0.45,2.27,6.98,318
12/28/2009 14:00,32504.59,10.56,7.4,0.89,4.71,9.31,160
12/28/2009 15:00,32504.63,9.44,7.19,0.45,4.19,9.3,77
12/28/2009 16:00,32504.67,7.78,6.22,0.45,4.14,9.3,17
12/28/2009 17:00,32504.71,7.22,5.83,0.89,5.34,9.3,4
12/28/2009 18:00,32504.76,7.78,6.54,0.89,4.54,9.3,4
12/28/2009 19:00,32504.8,7.78,6.7,0.45,3.93,9.3,4
12/28/2009 20:00,32504.84,7.78,6.7,0,5.48,9.3,4
12/28/2009 21:00,32504.88,6.67,5.76,0,6.16,9.3,4
12/28/2009 22:00,32504.92,6.67,5.76,0.45,3.94,9.29,4
12/28/2009 23:00,32504.97,8.33,6.1,1.34,0.58,7.19,4
12/29/2009 0:00,32505,7.78,6.86,3.13,0.37,9.29,4
12/29/2009 1:00,32505.04,8.33,6.61,4.92,0.91,9.29,4
12/29/2009 2:00,32505.08,7.78,5.56,4.47,0.75,9.29,4
12/29/2009 3:00,32505.13,8.89,6.13,0.89,3.94,9.29,4
12/29/2009 4:00,32505.17,6.67,5.76,0.89,3.75,9.28,4
12/29/2009 5:00,32505.21,6.67,5.76,0.45,4.38,9.28,4
12/29/2009 6:00,32505.25,7.22,6.46,0.45,4.21,9.28,4
12/29/2009 7:00,32505.29,6.67,5.91,0,5.17,9.28,10
12/29/2009 8:00,32505.34,7.22,6.46,0.45,0.49,9.28,53
12/29/2009 9:00,32505.38,8.33,7.41,1.34,3.26,9.28,111
12/29/2009 10:00,32505.42,8.33,7.41,0.45,5.43,9.28,145
12/29/2009 11:00,32505.46,8.89,7.48,0.45,3.53,9.27,111
12/29/2009 12:00,32505.5,10.56,7.76,0.89,2.98,9.27,228
12/29/2009 13:00,32505.55,9.44,5.95,1.34,3.47,9.61,186
12/29/2009 14:00,32505.59,8.89,5.59,0.45,2.55,10,50
12/29/2009 15:00,32505.63,8.89,4.65,0.45,2.34,9.8,24
12/29/2009 16:00,32505.67,8.89,4.84,0.89,1.85,9.59,10
12/29/2009 17:00,32505.71,8.89,5.95,0.89,2.22,9.39,4
12/29/2009 18:00,32505.76,8.33,5.41,1.34,1.69,9.19,4
12/29/2009 19:00,32505.8,8.89,6.3,0.45,1.85,8.98,4
12/29/2009 20:00,32505.84,8.89,6.65,0.89,1.95,8.78,4
12/29/2009 21:00,32505.88,7.78,5.56,0.45,3.93,8.58,4
12/29/2009 22:00,32505.92,7.78,5.89,0.45,1.69,8.37,4
12/29/2009 23:00,32505.97,6.67,5.76,0.45,5.34,9.29,4
12/30/2009 0:00,32506,7.22,5.51,0.45,1.83,7.96,4
12/30/2009 1:00,32506.04,7.22,5.99,0.45,3.75,7.76,4
12/30/2009 2:00,32506.08,7.78,6.38,1.34,1.97,7.56,4
12/30/2009 3:00,32506.13,7.22,5.34,1.79,1.29,7.35,4
12/30/2009 4:00,32506.17,8.33,6.61,0.45,3.63,7.15,4
12/30/2009 5:00,32506.21,7.22,5.34,1.79,1.73,6.95,4
12/30/2009 6:00,32506.25,7.22,5.51,0.89,1.92,6.74,4
12/30/2009 7:00,32506.29,8.33,6.44,0.89,1.61,6.54,12
12/30/2009 8:00,32506.34,7.78,6.06,0.45,0.02,6.34,42
12/30/2009 9:00,32506.38,8.89,6.48,0.89,2.51,6.13,96
12/30/2009 10:00,32506.42,11.11,7.76,0.89,1.97,5.93,190
12/30/2009 11:00,32506.46,11.11,7.19,0.45,0.54,5.73,314
12/30/2009 12:00,32506.5,15.56,8.95,0,6.04,5.52,415
12/30/2009 13:00,32506.55,15,8.42,0.45,4.01,0,468
12/30/2009 14:00,32506.59,12.78,6.97,0.89,4.14,6.71,260
12/30/2009 15:00,32506.63,13.89,6.43,1.34,5.62,6.52,186
12/30/2009 16:00,32506.67,9.44,6.13,0.45,5.59,6.34,28
12/30/2009 17:00,32506.71,9.44,6.13,0.45,5.57,6.15,4
12/30/2009 18:00,32506.76,8.89,6.13,0.45,5.34,5.97,4
12/30/2009 19:00,32506.8,8.89,6.13,0.45,5.62,5.78,4
12/30/2009 20:00,32506.84,8.33,6.1,2.24,1.19,5.6,4
12/30/2009 21:00,32506.88,6.67,4.8,2.68,1.38,5.41,4
12/30/2009 22:00,32506.92,6.67,4.8,2.68,1.27,5.23,4
12/30/2009 23:00,32506.97,8.33,6.1,1.79,1.76,8.17,4
12/31/2009 0:00,32507,7.78,5.89,1.34,1.75,4.86,4
12/31/2009 1:00,32507.04,7.22,5.18,0.89,2.06,4.67,4
12/31/2009 2:00,32507.08,7.22,5.18,1.79,1.66,4.49,4
12/31/2009 3:00,32507.13,7.22,5.18,0.45,1.94,4.3,4
12/31/2009 4:00,32507.17,7.22,5.34,1.34,3.65,4.12,4
12/31/2009 5:00,32507.21,7.78,5.89,1.34,0.94,3.93,4
12/31/2009 6:00,32507.25,8.89,6.65,1.79,1.38,3.75,4
12/31/2009 7:00,32507.29,8.89,6.65,0.89,0.75,3.56,18
12/31/2009 8:00,32507.34,9.44,7.02,2.68,0.98,3.38,122
12/31/2009 9:00,32507.38,10.56,6.84,1.79,0.65,3.19,291
12/31/2009 10:00,32507.42,16.11,10.38,0.45,4.07,3.01,440
12/31/2009 11:00,32507.46,17.22,8.83,0.45,3.23,2.82,487
12/31/2009 12:00,32507.5,16.11,7.27,0.89,3.02,2.64,495
12/31/2009 13:00,32507.55,16.11,6.46,1.34,4.07,3.46,431
12/31/2009 14:00,32507.59,16.67,7.25,0.45,4.29,5.14,305
12/31/2009 15:00,32507.63,16.11,6.18,0.45,4.14,5.29,174
12/31/2009 16:00,32507.67,12.22,5.32,0.45,4.24,5.44,28
12/31/2009 17:00,32507.71,11.67,6.33,1.34,0.8,5.59,4
12/31/2009 18:00,32507.76,11.11,6.4,0.89,0.68,5.74,4
12/31/2009 19:00,32507.8,10,6.3,2.24,1.17,5.89,4
12/31/2009 20:00,32507.84,8.89,5.77,3.13,1.03,6.05,4
12/31/2009 21:00,32507.88,8.89,6.3,2.68,1.01,6.2,4
12/31/2009 22:00,32507.92,8.89,5.95,2.24,1.48,6.35,4
12/31/2009 23:00,32507.97,7.22,5.51,1.79,1.73,5.04,4
