DATE TIME,JDAY,TAIR,TDEW,WIND,PHI,CLOUD,SRO
1/1/2011 0:00,32873,7.22,-0.34,2.68,1.59,7.17,2
1/1/2011 1:00,32873.04,6.11,-1.39,2.24,1.95,7.4,2
1/1/2011 2:00,32873.08,5.56,-1.91,2.24,1.8,7.64,2
1/1/2011 3:00,32873.13,6.11,-1.86,3.58,1.66,7.87,3
1/1/2011 4:00,32873.17,7.78,-2.94,4.47,1.54,8.11,2
1/1/2011 5:00,32873.21,7.78,-4.45,2.68,0.33,8.35,2
1/1/2011 6:00,32873.25,7.78,-1.83,0.89,2.04,8.58,2
1/1/2011 7:00,32873.29,7.22,-2.61,0.89,2.9,8.82,9
1/1/2011 8:00,32873.34,8.33,0.71,0.89,3.7,9.06,56
1/1/2011 9:00,32873.38,6.67,0.48,1.79,1.99,9.29,104
1/1/2011 10:00,32873.42,7.22,1.85,4.02,1.22,9.53,111
1/1/2011 11:00,32873.46,8.33,3.92,5.36,0.94,9.76,105
1/1/2011 12:00,32873.5,8.33,4.86,4.92,1.47,10,61
1/1/2011 13:00,32873.55,8.89,5.59,4.02,1.19,10,70
1/1/2011 14:00,32873.59,8.89,5.77,3.58,1.62,10,59
1/1/2011 15:00,32873.63,8.89,5.95,4.47,1.5,10,30
1/1/2011 16:00,32873.67,8.89,5.77,3.13,1.69,10,6
1/1/2011 17:00,32873.71,8.89,6.65,3.13,1.66,10,1
1/1/2011 18:00,32873.76,8.89,6.48,3.58,1.45,10,0
1/1/2011 19:00,32873.8,9.44,7.02,2.68,1.69,10,0
1/1/2011 20:00,32873.84,10,6.49,3.58,1.59,10,0
1/1/2011 21:00,32873.88,8.89,5.95,3.13,1.47,10,1
1/1/2011 22:00,32873.92,7.78,6.54,0.45,2.39,10,0
1/1/2011 23:00,32873.97,6.11,-0.48,2.24,1.54,6.93,2
1/2/2011 0:00,32874,8.89,7.32,4.02,0.77,10,0
1/2/2011 1:00,32874.04,8.89,6.99,5.36,0.98,10,0
1/2/2011 2:00,32874.08,8.89,6.99,4.92,0.65,10,0
1/2/2011 3:00,32874.13,8.33,7.25,2.24,0.54,10,0
1/2/2011 4:00,32874.17,8.89,7.48,1.34,3.82,10,0
1/2/2011 5:00,32874.21,8.89,7.81,4.92,1.52,10,0
1/2/2011 6:00,32874.25,8.89,6.3,4.47,1.59,10,0
1/2/2011 7:00,32874.29,10,6.85,5.81,1.62,10,2
1/2/2011 8:00,32874.34,9.44,5.57,3.58,1.5,10,13
1/2/2011 9:00,32874.38,10,5.92,3.58,1.52,10,34
1/2/2011 10:00,32874.42,10,6.11,4.47,1.27,10,56
1/2/2011 11:00,32874.46,11.11,7.76,2.24,3.82,10,106
1/2/2011 12:00,32874.5,7.22,5.01,3.58,3.42,10,44
1/2/2011 13:00,32874.55,7.22,5.34,5.81,0.91,10,46
1/2/2011 14:00,32874.59,8.33,4.11,4.92,1.54,10,94
1/2/2011 15:00,32874.63,8.33,5.41,4.02,1.66,9.69,24
1/2/2011 16:00,32874.67,8.33,5.23,3.13,1.66,9.38,7
1/2/2011 17:00,32874.71,7.22,4.14,1.34,2.2,9.07,1
1/2/2011 18:00,32874.76,7.22,4.49,1.79,1.64,8.76,1
1/2/2011 19:00,32874.8,7.22,4.14,2.68,1.4,8.45,1
1/2/2011 20:00,32874.84,7.78,5.56,1.79,0.98,8.15,1
1/2/2011 21:00,32874.88,7.78,5.72,1.34,1.4,7.84,1
1/2/2011 22:00,32874.92,6.67,4.8,1.34,1.27,7.53,1
1/2/2011 23:00,32874.97,7.78,6.54,2.24,1.9,10,0
1/3/2011 0:00,32875,7.22,6.15,0,2.58,6.91,1
1/3/2011 1:00,32875.04,7.22,6.15,0.45,2.93,6.6,1
1/3/2011 2:00,32875.08,7.78,5.38,1.79,1.22,6.29,1
1/3/2011 3:00,32875.13,7.22,5.01,1.79,1.08,5.98,1
1/3/2011 4:00,32875.17,6.67,4.8,1.79,1.55,5.67,1
1/3/2011 5:00,32875.21,5.56,4.18,0.45,5.36,5.36,1
1/3/2011 6:00,32875.25,5.56,4.34,1.79,4.19,5.05,1
1/3/2011 7:00,32875.29,6.67,5.6,0.45,3.16,4.74,9
1/3/2011 8:00,32875.34,7.78,6.38,0.45,4.69,4.44,76
1/3/2011 9:00,32875.38,10.56,7.94,1.34,0.73,4.13,243
1/3/2011 10:00,32875.42,10,6.11,1.34,1.38,3.82,450
1/3/2011 11:00,32875.46,11.11,3.08,1.34,0.86,3.51,514
1/3/2011 12:00,32875.5,18.33,8.53,0.89,5.1,3.2,487
1/3/2011 13:00,32875.55,15,5.7,1.34,4.05,1.46,464
1/3/2011 14:00,32875.59,14.44,4.91,0.45,3.79,3.17,347
1/3/2011 15:00,32875.63,12.22,4.13,0.89,4.12,3.16,190
1/3/2011 16:00,32875.67,10.56,4.62,0.89,4.07,3.15,31
1/3/2011 17:00,32875.71,7.78,3.57,0.45,3.94,3.14,1
1/3/2011 18:00,32875.76,8.89,4.46,1.34,5.85,3.13,1
1/3/2011 19:00,32875.8,8.89,5.22,0.89,0.98,3.13,1
1/3/2011 20:00,32875.84,7.78,5.04,2.68,0.91,3.12,1
1/3/2011 21:00,32875.88,6.67,4.29,2.68,1.57,3.11,1
1/3/2011 22:00,32875.92,7.22,4.49,4.02,1.34,3.1,1
1/3/2011 23:00,32875.97,7.22,5.99,0.45,3.39,7.22,1
1/4/2011 0:00,32876,5.56,3.03,2.68,1.68,3.08,2
1/4/2011 1:00,32876.04,6.67,3.6,2.24,1.2,3.07,2
1/4/2011 2:00,32876.08,5.56,3.37,1.79,1.29,3.06,2
1/4/2011 3:00,32876.13,5.56,3.03,2.68,1.45,3.05,2
1/4/2011 4:00,32876.17,4.44,1.6,2.24,1.47,3.04,2
1/4/2011 5:00,32876.21,4.44,1.6,3.13,1.19,3.03,2
1/4/2011 6:00,32876.25,5,1.8,2.68,1.4,3.02,3
1/4/2011 7:00,32876.29,5,1.44,4.02,1.05,3.01,37
1/4/2011 8:00,32876.34,6.67,2.5,2.68,1.03,3.01,190
1/4/2011 9:00,32876.38,10.56,4.19,0.45,2.71,3,341
1/4/2011 10:00,32876.42,12.22,4.37,0.89,3.39,2.99,458
1/4/2011 11:00,32876.46,13.89,4.39,0.45,4.61,2.98,520
1/4/2011 12:00,32876.5,14.44,6.47,1.34,0.79,2.97,493
1/4/2011 13:00,32876.55,16.11,6.73,0.45,5.41,1.49,465
1/4/2011 14:00,32876.59,14.44,5.18,1.34,3.77,2.83,353
1/4/2011 15:00,32876.63,12.22,4.13,1.79,4.19,3.04,188
1/4/2011 16:00,32876.67,10,4.31,0.45,4.42,3.25,35
1/4/2011 17:00,32876.71,7.78,4.14,0.45,5.29,3.45,2
1/4/2011 18:00,32876.76,7.78,3.38,1.79,6.18,3.66,1
1/4/2011 19:00,32876.8,8.33,5.41,2.24,1.2,3.87,1
1/4/2011 20:00,32876.84,8.33,5.05,3.58,0.75,4.07,1
1/4/2011 21:00,32876.88,6.67,3.95,3.13,1.41,4.28,1
1/4/2011 22:00,32876.92,7.22,4.84,3.13,1.12,4.49,1
1/4/2011 23:00,32876.97,6.11,3.75,2.68,1.1,3.09,2
1/5/2011 0:00,32877,6.67,3.95,2.68,1.61,4.9,1
1/5/2011 1:00,32877.04,5,2.99,3.13,1.15,5.1,1
1/5/2011 2:00,32877.08,5,2.66,3.13,1.69,5.31,1
1/5/2011 3:00,32877.13,6.11,2.7,3.13,1.43,5.52,1
1/5/2011 4:00,32877.17,5,2.82,3.13,1.03,5.72,1
1/5/2011 5:00,32877.21,5,2.49,3.13,1.43,5.93,1
1/5/2011 6:00,32877.25,1.11,-1,1.79,3.82,6.14,2
1/5/2011 7:00,32877.29,1.67,0.18,0.89,3.61,6.34,45
1/5/2011 8:00,32877.34,0,-1.62,1.34,3.87,6.55,193
1/5/2011 9:00,32877.38,3.89,2.22,1.34,3.87,6.75,338
1/5/2011 10:00,32877.42,6.11,4.73,1.34,3.79,6.96,412
1/5/2011 11:00,32877.46,6.11,4.25,1.34,3.77,7.17,402
1/5/2011 12:00,32877.5,6.67,4.46,1.34,3.91,7.37,339
1/5/2011 13:00,32877.55,5.56,3.7,0.45,2.64,10,157
1/5/2011 14:00,32877.59,5.56,4.18,0.89,3.7,10,101
1/5/2011 15:00,32877.63,6.11,4.57,0.89,4.26,10,49
1/5/2011 16:00,32877.67,5,3.32,0.45,3.98,10,15
1/5/2011 17:00,32877.71,5.56,4.18,0.89,3.96,10,1
1/5/2011 18:00,32877.76,4.44,2.93,0.45,4.15,10,1
1/5/2011 19:00,32877.8,4.44,3.08,0.45,5.99,10,1
1/5/2011 20:00,32877.84,5,3.63,0,3.98,10,1
1/5/2011 21:00,32877.88,4.44,3.4,0.45,3.82,10,1
1/5/2011 22:00,32877.92,4.44,3.4,1.79,3.53,10,1
1/5/2011 23:00,32877.97,5.56,3.54,2.68,1.4,4.69,1
1/6/2011 0:00,32878,4.44,3.55,0.45,4.05,10,1
1/6/2011 1:00,32878.04,4.44,3.55,0.89,3.79,10,1
1/6/2011 2:00,32878.08,3.33,2.45,0.89,3.96,10,0
1/6/2011 3:00,32878.13,3.89,3,0.89,3.72,10,0
1/6/2011 4:00,32878.17,3.89,3,0.89,2.32,10,0
1/6/2011 5:00,32878.21,3.89,3,0.89,2.23,10,0
1/6/2011 6:00,32878.25,2.78,1.9,1.79,3.54,10,1
1/6/2011 7:00,32878.29,3.33,2.6,0.45,3.96,10,5
1/6/2011 8:00,32878.34,2.78,1.9,0.89,3.61,10,26
1/6/2011 9:00,32878.38,4.44,3.55,0.45,2.11,10,79
1/6/2011 10:00,32878.42,4.44,3.55,0.45,2.51,10,85
1/6/2011 11:00,32878.46,5,3.95,0.45,1.2,10,110
1/6/2011 12:00,32878.5,5,3.79,0.45,0.82,10,89
1/6/2011 13:00,32878.55,4.44,2.93,1.34,1.43,10,80
1/6/2011 14:00,32878.59,4.44,2.44,0.89,3.61,10,52
1/6/2011 15:00,32878.63,5,2.99,0.45,4.26,10,46
1/6/2011 16:00,32878.67,5,3.32,0.89,3.93,10,15
1/6/2011 17:00,32878.71,4.44,3.08,0.89,3.47,10,1
1/6/2011 18:00,32878.76,3.89,2.54,0.89,3.77,10,1
1/6/2011 19:00,32878.8,3.89,2.54,0.45,3.96,10,1
1/6/2011 20:00,32878.84,4.44,3.24,0.45,4.05,10,1
1/6/2011 21:00,32878.88,3.33,2.29,1.34,4.21,10,1
1/6/2011 22:00,32878.92,3.33,2.45,0.89,3.47,10,1
1/6/2011 23:00,32878.97,4.44,3.55,0.45,4.12,10,1
1/7/2011 0:00,32879,3.89,3,1.79,3.4,10,1
1/7/2011 1:00,32879.04,3.89,3,0.89,1.8,10,1
1/7/2011 2:00,32879.08,3.89,3,0.89,2.55,10,1
1/7/2011 3:00,32879.13,3.89,3,0.89,2.53,10,1
1/7/2011 4:00,32879.17,3.89,3,0.89,4.1,10,1
1/7/2011 5:00,32879.21,3.89,3,0.45,4.22,10,1
1/7/2011 6:00,32879.25,3.33,2.45,2.68,5.95,10,1
1/7/2011 7:00,32879.29,3.33,2.45,0.45,0.35,10,8
1/7/2011 8:00,32879.34,2.78,1.9,1.34,4.33,10,26
1/7/2011 9:00,32879.38,3.89,3,1.34,4.07,10,79
1/7/2011 10:00,32879.42,3.33,2.45,0.89,3.74,10,93
1/7/2011 11:00,32879.46,4.44,3.4,0.89,4.21,10,90
1/7/2011 12:00,32879.5,3.89,2.69,0.89,2.93,10,102
1/7/2011 13:00,32879.55,4.44,2.77,0.45,4,10,96
1/7/2011 14:00,32879.59,5,3.32,0.45,2.25,10,75
1/7/2011 15:00,32879.63,4.44,2.61,0.45,5.1,10,43
1/7/2011 16:00,32879.67,3.33,1.83,0,3.02,10,10
1/7/2011 17:00,32879.71,3.89,2.54,0.45,3.89,10,2
1/7/2011 18:00,32879.76,3.89,2.69,0.89,4.31,10,1
1/7/2011 19:00,32879.8,2.78,1.59,0.45,2.97,10,1
1/7/2011 20:00,32879.84,2.78,1.59,0.45,4.15,10,1
1/7/2011 21:00,32879.88,3.33,2.29,1.34,4.22,10,1
1/7/2011 22:00,32879.92,3.33,2.45,0.89,3.82,10,1
1/7/2011 23:00,32879.97,3.89,3,1.34,3.68,10,1
1/8/2011 0:00,32880,2.22,1.19,0.89,2.67,10,1
1/8/2011 1:00,32880.04,2.22,1.19,0.45,3.11,10,1
1/8/2011 2:00,32880.08,2.22,1.19,0.45,1.47,10,1
1/8/2011 3:00,32880.13,2.22,1.19,1.34,1.94,10,1
1/8/2011 4:00,32880.17,2.22,1.19,1.34,3.91,10,1
1/8/2011 5:00,32880.21,2.22,1.19,0.89,3.87,10,1
1/8/2011 6:00,32880.25,2.78,1.74,1.79,3.67,10,1
1/8/2011 7:00,32880.29,2.22,1.19,1.34,3.07,10,5
1/8/2011 8:00,32880.34,3.33,2.14,1.34,1.83,10,29
1/8/2011 9:00,32880.38,3.33,1.99,0.89,3.68,10,42
1/8/2011 10:00,32880.42,2.78,1.44,0.45,4.03,10,47
1/8/2011 11:00,32880.46,3.33,1.67,0.45,3.04,10,68
1/8/2011 12:00,32880.5,3.89,2.06,0.45,4.31,10,73
1/8/2011 13:00,32880.55,4.44,2.44,0.45,2.83,10,73
1/8/2011 14:00,32880.59,3.89,2.06,0.89,3.54,10,57
1/8/2011 15:00,32880.63,3.89,2.06,0.89,3.72,10,26
1/8/2011 16:00,32880.67,3.89,2.06,1.34,3.32,10,9
1/8/2011 17:00,32880.71,3.89,2.06,1.34,3.63,10,2
1/8/2011 18:00,32880.76,2.78,1.28,0.89,3.51,10,1
1/8/2011 19:00,32880.8,2.78,1.44,0.89,3.67,10,1
1/8/2011 20:00,32880.84,2.78,1.44,0.45,3.98,10,1
1/8/2011 21:00,32880.88,2.78,1.12,0.45,4.21,10,1
1/8/2011 22:00,32880.92,2.78,1.12,0.45,2.65,10,1
1/8/2011 23:00,32880.97,3.33,2.45,0.89,3.47,10,1
1/9/2011 0:00,32881,2.78,0.96,0.45,4.12,10,1
1/9/2011 1:00,32881.04,2.78,0.8,0.89,3.54,10,1
1/9/2011 2:00,32881.08,2.78,0.48,0.45,2.83,10,1
1/9/2011 3:00,32881.13,2.78,0.48,0.45,6.14,10,1
1/9/2011 4:00,32881.17,2.78,0.64,0.45,3.86,10,1
1/9/2011 5:00,32881.21,2.78,0.64,0.45,4.03,10,1
1/9/2011 6:00,32881.25,2.78,0.8,1.34,4,10,1
1/9/2011 7:00,32881.29,2.78,0.64,0.45,4.05,10,4
1/9/2011 8:00,32881.34,3.89,1.4,0.89,5.52,10,15
1/9/2011 9:00,32881.38,3.33,0.85,0.89,4.97,10,33
1/9/2011 10:00,32881.42,4.44,1.6,0.89,4.8,10,50
1/9/2011 11:00,32881.46,4.44,1.25,0.89,4.22,10,67
1/9/2011 12:00,32881.5,4.44,0.9,0.89,4.05,10,72
1/9/2011 13:00,32881.55,4.44,1.25,0.45,5.03,10,43
1/9/2011 14:00,32881.59,3.89,0.54,0.45,3.79,10,46
1/9/2011 15:00,32881.63,4.44,1.25,0.89,4.12,9.92,27
1/9/2011 16:00,32881.67,2.78,1.44,0.45,4.01,9.84,8
1/9/2011 17:00,32881.71,3.33,2.29,0.45,3.8,9.76,0
1/9/2011 18:00,32881.76,3.33,2.29,0.45,6.09,9.68,0
1/9/2011 19:00,32881.8,3.33,2.29,0.45,3.98,9.61,1
1/9/2011 20:00,32881.84,3.33,2.29,0.45,5.17,9.53,1
1/9/2011 21:00,32881.88,3.33,1.83,0.89,4.22,9.45,1
1/9/2011 22:00,32881.92,3.33,2.14,0.89,4.26,9.37,1
1/9/2011 23:00,32881.97,2.78,0.96,0.45,3.6,10,1
1/10/2011 0:00,32882,2.22,1.19,0.45,4.19,9.21,1
1/10/2011 1:00,32882.04,2.78,1.74,0.45,3.98,9.13,1
1/10/2011 2:00,32882.08,2.78,1.74,0.45,3.75,9.05,1
1/10/2011 3:00,32882.13,2.78,1.9,0.45,4.85,8.98,1
1/10/2011 4:00,32882.17,2.78,1.9,0.89,3.87,8.9,1
1/10/2011 5:00,32882.21,2.78,1.9,0.89,4.19,8.82,1
1/10/2011 6:00,32882.25,2.22,1.34,0.89,5.48,8.74,1
1/10/2011 7:00,32882.29,4.44,1.08,1.34,0.1,8.66,13
1/10/2011 8:00,32882.34,5,2.49,1.34,4.15,8.58,87
1/10/2011 9:00,32882.38,6.11,1.19,0.45,3.72,8.5,152
1/10/2011 10:00,32882.42,6.11,-0.05,1.34,3.7,8.42,225
1/10/2011 11:00,32882.46,7.22,0.12,0.89,4.29,8.34,280
1/10/2011 12:00,32882.5,9.44,1.99,0.45,5.59,8.27,296
1/10/2011 13:00,32882.55,10.56,2.06,0.45,3.87,0,486
1/10/2011 14:00,32882.59,8.33,0.47,0.89,6.04,5.87,296
1/10/2011 15:00,32882.63,7.78,0.18,0.45,6.16,6.04,175
1/10/2011 16:00,32882.67,6.11,0.16,0.45,4.83,6.21,50
1/10/2011 17:00,32882.71,6.11,-0.05,0.89,3.82,6.38,1
1/10/2011 18:00,32882.76,5.56,-0.16,0.45,1.29,6.56,1
1/10/2011 19:00,32882.8,5,1.62,1.79,0.68,6.73,1
1/10/2011 20:00,32882.84,3.89,0.36,1.34,1.47,6.9,1
1/10/2011 21:00,32882.88,2.78,-0.55,1.34,3.65,7.07,1
1/10/2011 22:00,32882.92,3.33,0.52,1.34,1.08,7.25,1
1/10/2011 23:00,32882.97,2.22,1.04,0.45,3.98,9.29,1
1/11/2011 0:00,32883,3.89,1.23,1.34,1.64,7.59,1
1/11/2011 1:00,32883.04,4.44,1.6,2.24,1.15,7.77,1
1/11/2011 2:00,32883.08,5.56,1.61,3.58,0.99,7.94,1
1/11/2011 3:00,32883.13,4.44,0.35,4.47,0.98,8.11,1
1/11/2011 4:00,32883.17,5.56,1.04,5.36,1.26,8.28,1
1/11/2011 5:00,32883.21,6.67,0.04,0.89,1.95,8.46,1
1/11/2011 6:00,32883.25,6.11,1.38,0.89,3.67,8.63,1
1/11/2011 7:00,32883.29,5,1.44,0.89,4.21,8.8,6
1/11/2011 8:00,32883.34,6.11,2.52,2.24,3.67,8.97,48
1/11/2011 9:00,32883.38,7.22,2.26,2.24,1.99,9.15,142
1/11/2011 10:00,32883.42,10,2.28,1.34,1.4,9.32,231
1/11/2011 11:00,32883.46,11.11,2.07,0.45,0.23,9.49,210
1/11/2011 12:00,32883.5,10.56,2.56,0.89,2.29,9.66,210
1/11/2011 13:00,32883.55,10.56,4.62,2.68,0.89,9.56,196
1/11/2011 14:00,32883.59,10.56,2.31,1.79,0.35,10,94
1/11/2011 15:00,32883.63,10.56,1.81,4.02,0.84,9.71,38
1/11/2011 16:00,32883.67,10.56,0.47,2.24,1.27,9.42,13
1/11/2011 17:00,32883.71,10,2.98,1.34,4.1,9.12,1
1/11/2011 18:00,32883.76,9.44,3.56,0.89,5.85,8.83,1
1/11/2011 19:00,32883.8,8.89,3.45,1.34,3.61,8.54,1
1/11/2011 20:00,32883.84,7.22,4.14,0.89,4.22,8.25,1
1/11/2011 21:00,32883.88,7.78,4.86,1.34,6.06,7.95,1
1/11/2011 22:00,32883.92,7.22,5.18,0.89,1.05,7.66,1
1/11/2011 23:00,32883.97,3.89,1.4,1.79,1.24,7.42,1
1/12/2011 0:00,32884,7.78,5.21,0.89,4.19,7.08,1
1/12/2011 1:00,32884.04,8.33,5.76,0.45,5.95,6.78,1
1/12/2011 2:00,32884.08,6.67,4.29,0.89,0.19,6.49,1
1/12/2011 3:00,32884.13,7.22,4.32,2.68,1.17,6.2,1
1/12/2011 4:00,32884.17,7.78,4.14,0.89,3.33,5.91,1
1/12/2011 5:00,32884.21,7.22,3.78,0.45,2.95,5.61,1
1/12/2011 6:00,32884.25,6.67,3.6,2.68,1.45,5.32,1
1/12/2011 7:00,32884.29,7.78,4.86,3.58,1.2,5.03,39
1/12/2011 8:00,32884.34,7.78,3.57,0.89,4.12,4.74,170
1/12/2011 9:00,32884.38,13.33,6.61,0.45,5.62,4.44,331
1/12/2011 10:00,32884.42,15.56,8.01,0,4.66,4.15,445
1/12/2011 11:00,32884.46,17.78,7.15,0.89,4.42,3.86,512
1/12/2011 12:00,32884.5,15.56,5.67,0.89,4.01,3.57,492
1/12/2011 13:00,32884.55,15.56,5.94,1.34,0.94,2.81,460
1/12/2011 14:00,32884.59,17.22,6.64,0.45,5.62,3.46,355
1/12/2011 15:00,32884.63,15.56,6.21,0.45,4.66,3.49,199
1/12/2011 16:00,32884.67,12.22,5.55,0.45,4.97,3.52,52
1/12/2011 17:00,32884.71,10.56,4.84,0.45,4.57,3.55,1
1/12/2011 18:00,32884.76,9.44,5.19,0.45,5.71,3.59,1
1/12/2011 19:00,32884.8,10,7.04,1.34,0.93,3.62,1
1/12/2011 20:00,32884.84,8.89,5.77,3.13,1.15,3.65,1
1/12/2011 21:00,32884.88,9.44,6.67,3.13,1.24,3.68,1
1/12/2011 22:00,32884.92,9.44,5.95,2.24,1.61,3.71,1
1/12/2011 23:00,32884.97,7.78,4.86,1.79,1.01,7.37,1
1/13/2011 0:00,32885,8.33,5.76,2.68,1.41,3.78,1
1/13/2011 1:00,32885.04,7.78,5.72,2.68,1.12,3.81,1
1/13/2011 2:00,32885.08,7.78,5.38,3.13,1.48,3.84,1
1/13/2011 3:00,32885.13,6.67,4.46,2.68,1.36,3.87,1
1/13/2011 4:00,32885.17,7.22,5.18,2.68,1.15,3.9,1
1/13/2011 5:00,32885.21,7.22,4.84,2.68,1.36,3.93,1
1/13/2011 6:00,32885.25,7.22,4.84,2.24,1.06,3.97,1
1/13/2011 7:00,32885.29,7.22,4.49,3.58,1.45,4,35
1/13/2011 8:00,32885.34,9.44,5.76,0.89,2.09,4.03,155
1/13/2011 9:00,32885.38,9.44,5.57,2.24,1.19,4.06,173
1/13/2011 10:00,32885.42,10.56,5.87,0.89,3.98,4.09,221
1/13/2011 11:00,32885.46,15,8.19,0.89,4.33,4.12,406
1/13/2011 12:00,32885.5,13.89,5.69,1.79,0.84,4.16,478
1/13/2011 13:00,32885.55,15,6.48,0.89,4.21,8.52,257
1/13/2011 14:00,32885.59,15,6.74,0.89,5.78,9.14,177
1/13/2011 15:00,32885.63,14.44,5.71,0.45,4.12,9.08,137
1/13/2011 16:00,32885.67,12.78,6.3,0.45,4.45,9.02,49
1/13/2011 17:00,32885.71,10.56,5.26,1.34,1.17,8.97,1
1/13/2011 18:00,32885.76,11.11,5.37,0.45,4.24,8.91,1
1/13/2011 19:00,32885.8,8.89,5.77,0.89,0.58,8.86,1
1/13/2011 20:00,32885.84,9.44,6.67,1.79,1.19,8.8,1
1/13/2011 21:00,32885.88,7.78,5.38,1.79,1.59,8.74,1
1/13/2011 22:00,32885.92,8.33,6.27,1.79,1.41,8.69,0
1/13/2011 23:00,32885.97,7.78,5.04,2.68,1.36,3.74,1
1/14/2011 0:00,32886,7.78,5.56,2.24,1.29,8.58,1
1/14/2011 1:00,32886.04,8.33,6.1,1.79,1.27,8.52,0
1/14/2011 2:00,32886.08,6.67,4.63,1.79,1.5,8.46,1
1/14/2011 3:00,32886.13,6.67,4.8,2.24,1.33,8.41,1
1/14/2011 4:00,32886.17,7.22,5.51,1.79,1.29,8.35,1
1/14/2011 5:00,32886.21,6.67,4.8,2.24,1.45,8.3,1
1/14/2011 6:00,32886.25,6.67,4.46,2.68,1.73,8.24,1
1/14/2011 7:00,32886.29,7.78,5.04,2.68,0.94,8.19,6
1/14/2011 8:00,32886.34,7.78,5.04,1.79,1.31,8.13,29
1/14/2011 9:00,32886.38,8.89,5.77,1.79,1.17,8.07,76
1/14/2011 10:00,32886.42,10.56,6.65,0.89,5.83,8.02,179
1/14/2011 11:00,32886.46,10.56,7.76,1.34,4,7.96,206
1/14/2011 12:00,32886.5,12.22,8.07,2.68,3.56,7.91,321
1/14/2011 13:00,32886.55,13.89,8.67,0.89,3.82,5.38,397
1/14/2011 14:00,32886.59,13.89,8.67,0.89,5.41,6.65,277
1/14/2011 15:00,32886.63,11.11,7.19,1.34,4.33,6.8,123
1/14/2011 16:00,32886.67,10.56,8.11,0.45,3.87,6.96,23
1/14/2011 17:00,32886.71,9.44,7.19,0.45,3.49,7.11,1
1/14/2011 18:00,32886.76,10,7.91,0.45,3.75,7.26,1
1/14/2011 19:00,32886.8,8.89,6.99,0.89,0.52,7.41,1
1/14/2011 20:00,32886.84,10,8.08,1.34,0.52,7.57,1
1/14/2011 21:00,32886.88,9.44,7.36,1.79,1.31,7.72,1
1/14/2011 22:00,32886.92,10,7.74,1.34,2.08,7.87,1
1/14/2011 23:00,32886.97,7.78,5.38,1.79,1.26,8.63,1
1/15/2011 0:00,32887,8.89,6.99,2.68,1.12,8.17,1
1/15/2011 1:00,32887.04,8.89,6.99,3.13,0.79,8.33,1
1/15/2011 2:00,32887.08,9.44,7.53,3.13,0.91,8.48,1
1/15/2011 3:00,32887.13,9.44,7.7,1.34,1.27,8.63,1
1/15/2011 4:00,32887.17,8.33,6.61,2.24,1.12,8.78,0
1/15/2011 5:00,32887.21,9.44,7.53,2.68,0.75,8.93,1
1/15/2011 6:00,32887.25,8.33,6.44,1.79,0.82,9.09,1
1/15/2011 7:00,32887.29,9.44,7.19,1.79,0.99,9.24,9
1/15/2011 8:00,32887.34,9.44,7.36,2.24,0.89,9.39,27
1/15/2011 9:00,32887.38,8.89,6.65,2.24,0.96,9.54,80
1/15/2011 10:00,32887.42,10,6.67,0.45,2.57,9.7,104
1/15/2011 11:00,32887.46,10,6.85,1.34,0.51,9.85,118
1/15/2011 12:00,32887.5,10,6.85,1.79,0.73,10,152
1/15/2011 13:00,32887.55,10.56,6.84,0.89,3.84,10,157
1/15/2011 14:00,32887.59,12.22,7.68,0.45,3.84,6.98,267
1/15/2011 15:00,32887.63,12.22,7.88,0.45,4.15,7.1,163
1/15/2011 16:00,32887.67,9.44,6.49,0.45,4.19,7.21,42
1/15/2011 17:00,32887.71,9.44,7.36,0.89,0.79,7.33,1
1/15/2011 18:00,32887.76,10,7.91,0.45,4.75,7.44,1
1/15/2011 19:00,32887.8,9.44,7.02,0.45,4.17,7.56,1
1/15/2011 20:00,32887.84,10.56,7.94,0.89,3.33,7.67,1
1/15/2011 21:00,32887.88,10,7.57,0.45,2.01,7.79,1
1/15/2011 22:00,32887.92,10,7.39,0.89,1.13,7.9,1
1/15/2011 23:00,32887.97,10,7.91,1.79,1.27,8.02,1
1/16/2011 0:00,32888,8.89,6.82,0.45,2.43,8.13,1
1/16/2011 1:00,32888.04,8.89,6.99,0,3.19,8.24,1
1/16/2011 2:00,32888.08,8.89,6.99,1.79,1.26,8.36,1
1/16/2011 3:00,32888.13,8.89,6.82,1.79,0.89,8.47,1
1/16/2011 4:00,32888.17,9.44,7.53,1.34,0.86,8.59,1
1/16/2011 5:00,32888.21,8.33,6.44,0.89,0.21,8.7,1
1/16/2011 6:00,32888.25,7.78,6.06,1.79,0.54,8.82,1
1/16/2011 7:00,32888.29,8.89,7.15,2.68,0.8,8.93,9
1/16/2011 8:00,32888.34,8.33,6.44,2.24,0.45,9.05,41
1/16/2011 9:00,32888.38,8.89,6.82,2.24,0.89,9.16,83
1/16/2011 10:00,32888.42,10.56,8.11,1.34,0.65,9.28,144
1/16/2011 11:00,32888.46,10,7.21,1.34,0.49,9.39,194
1/16/2011 12:00,32888.5,13.89,10.27,0.89,5.79,9.51,225
1/16/2011 13:00,32888.55,11.67,8.11,0,3.28,9.89,180
1/16/2011 14:00,32888.59,13.89,9.69,0.45,5.71,3.55,361
1/16/2011 15:00,32888.63,13.33,8.55,0.45,4.14,3.84,193
1/16/2011 16:00,32888.67,11.11,7.57,0.45,3.4,4.13,50
1/16/2011 17:00,32888.71,9.44,6.85,0.89,3.6,4.43,2
1/16/2011 18:00,32888.76,9.44,7.53,0.45,4.63,4.72,1
1/16/2011 19:00,32888.8,9.44,7.7,0.45,0.68,5.01,1
1/16/2011 20:00,32888.84,9.44,7.87,0.45,5.5,5.31,1
1/16/2011 21:00,32888.88,9.44,7.7,0.45,4.15,5.6,1
1/16/2011 22:00,32888.92,8.89,7.15,0.45,3.32,5.89,1
1/16/2011 23:00,32888.97,10,7.57,0.45,1.38,8.02,1
1/17/2011 0:00,32889,8.89,6.99,0.45,1.29,6.48,1
1/17/2011 1:00,32889.04,10,8.25,0.45,4.31,6.77,1
1/17/2011 2:00,32889.08,8.89,6.99,0.89,1.9,7.07,1
1/17/2011 3:00,32889.13,8.89,7.15,0,1.27,7.36,1
1/17/2011 4:00,32889.17,8.89,7.32,0.89,5.5,7.65,1
1/17/2011 5:00,32889.21,9.44,8.03,0.89,5.81,7.95,1
1/17/2011 6:00,32889.25,8.33,6.93,0.45,1.9,8.24,1
1/17/2011 7:00,32889.29,9.44,8.2,0.89,1.95,8.53,3
1/17/2011 8:00,32889.34,8.33,7.09,1.34,1.2,8.83,17
1/17/2011 9:00,32889.38,9.44,8.03,0.45,1.13,9.12,36
1/17/2011 10:00,32889.42,9.44,7.36,0,5.06,9.41,64
1/17/2011 11:00,32889.46,10,8.08,0,4.36,9.71,59
1/17/2011 12:00,32889.5,9.44,7.53,0.45,5.38,10,59
1/17/2011 13:00,32889.55,10,8.42,0.89,5.93,10,53
1/17/2011 14:00,32889.59,9.44,7.19,0.45,6.07,10,53
1/17/2011 15:00,32889.63,10,7.91,0.45,4.28,10,33
1/17/2011 16:00,32889.67,9.44,7.53,0.45,4.26,10,8
1/17/2011 17:00,32889.71,9.44,7.53,0.89,3.75,10,1
1/17/2011 18:00,32889.76,9.44,7.53,0,3.26,10,1
1/17/2011 19:00,32889.8,9.44,7.36,0.45,3.28,10,1
1/17/2011 20:00,32889.84,9.44,7.36,0.45,1.97,10,1
1/17/2011 21:00,32889.88,8.33,6.44,0.89,2.69,10,1
1/17/2011 22:00,32889.92,8.89,7.15,0.45,1.38,10,1
1/17/2011 23:00,32889.97,8.89,7.15,0.45,2.06,6.19,1
1/18/2011 0:00,32890,8.89,6.99,0.45,4.01,10,1
1/18/2011 1:00,32890.04,7.78,5.89,0.89,3.68,10,1
1/18/2011 2:00,32890.08,7.78,5.89,0.89,3.61,10,1
1/18/2011 3:00,32890.13,7.78,5.89,0.45,4.07,10,1
1/18/2011 4:00,32890.17,8.33,6.61,0.89,1.82,10,1
1/18/2011 5:00,32890.21,8.33,6.77,0.45,2.3,10,0
1/18/2011 6:00,32890.25,8.33,6.61,0.45,2.29,10,0
1/18/2011 7:00,32890.29,8.33,6.77,0,2.04,10,6
1/18/2011 8:00,32890.34,7.78,6.22,0.45,3.11,10,24
1/18/2011 9:00,32890.38,8.89,7.32,0.45,1.1,10,66
1/18/2011 10:00,32890.42,8.33,6.44,0.45,2.78,10,58
1/18/2011 11:00,32890.46,8.89,6.48,0.45,0.66,10,80
1/18/2011 12:00,32890.5,9.44,7.19,1.34,1.1,10,73
1/18/2011 13:00,32890.55,9.44,7.02,0.45,1.2,10,80
1/18/2011 14:00,32890.59,9.44,7.02,0.89,5.31,10,55
1/18/2011 15:00,32890.63,9.44,7.19,0.89,5.39,10,30
1/18/2011 16:00,32890.67,8.89,6.65,0.45,3.21,10,8
1/18/2011 17:00,32890.71,7.78,5.72,0.45,3.89,10,1
1/18/2011 18:00,32890.76,7.78,5.72,0.89,1.43,10,1
1/18/2011 19:00,32890.8,8.33,6.44,1.34,1.57,10,1
1/18/2011 20:00,32890.84,7.78,5.89,0.89,2.13,10,1
1/18/2011 21:00,32890.88,7.78,6.06,1.34,2.16,10,1
1/18/2011 22:00,32890.92,7.78,6.06,1.34,1.66,10,1
1/18/2011 23:00,32890.97,8.89,6.82,0.45,3.7,10,1
1/19/2011 0:00,32891,8.89,6.99,1.79,1.5,10,0
1/19/2011 1:00,32891.04,8.33,6.1,2.68,1.13,10,1
1/19/2011 2:00,32891.08,8.33,5.76,1.34,1.71,10,1
1/19/2011 3:00,32891.13,8.33,5.76,1.79,1.64,10,1
1/19/2011 4:00,32891.17,8.89,6.48,2.24,1.5,10,1
1/19/2011 5:00,32891.21,8.89,6.3,3.13,1.05,10,0
1/19/2011 6:00,32891.25,8.33,5.76,1.34,1.55,10,1
1/19/2011 7:00,32891.29,8.33,5.76,1.79,1.62,10,11
1/19/2011 8:00,32891.34,9.44,6.67,1.79,0.96,10,68
1/19/2011 9:00,32891.38,10,6.49,0.89,0.37,10,136
1/19/2011 10:00,32891.42,10.56,6.84,0.89,5.65,10,142
1/19/2011 11:00,32891.46,10.56,5.67,1.34,5.1,10,162
1/19/2011 12:00,32891.5,10.56,6.26,0.45,3.94,10,154
1/19/2011 13:00,32891.55,10.56,6.65,0.89,4.14,10,94
1/19/2011 14:00,32891.59,10,5.92,0.45,4.43,10,66
1/19/2011 15:00,32891.63,10.56,6.65,0.45,4.43,9.69,37
1/19/2011 16:00,32891.67,9.44,5.76,0.45,3.53,9.37,11
1/19/2011 17:00,32891.71,10,6.11,0.45,3.77,9.06,1
1/19/2011 18:00,32891.76,10,6.11,0.45,1.66,8.74,1
1/19/2011 19:00,32891.8,10,6.11,0.89,1.45,8.43,1
1/19/2011 20:00,32891.84,10,6.3,0.45,1.99,8.11,1
1/19/2011 21:00,32891.88,10,6.3,0.45,0.07,7.8,1
1/19/2011 22:00,32891.92,9.44,6.13,0.45,4.22,7.48,1
1/19/2011 23:00,32891.97,7.78,5.72,0.89,1.68,10,0
1/20/2011 0:00,32892,8.89,5.95,1.79,1.26,6.86,1
1/20/2011 1:00,32892.04,7.78,4.86,0.89,1.88,6.54,1
1/20/2011 2:00,32892.08,9.44,6.49,1.34,1.54,6.23,1
1/20/2011 3:00,32892.13,7.78,5.21,1.79,1.26,5.91,1
1/20/2011 4:00,32892.17,7.78,5.56,2.68,1.15,5.6,1
1/20/2011 5:00,32892.21,7.22,4.67,4.02,1.08,5.28,1
1/20/2011 6:00,32892.25,6.67,4.12,3.58,1.43,4.97,1
1/20/2011 7:00,32892.29,6.67,3.95,3.58,1.15,4.66,36
1/20/2011 8:00,32892.34,7.78,4.86,2.24,1.43,4.34,171
1/20/2011 9:00,32892.38,11.67,7.34,1.34,0.75,4.03,340
1/20/2011 10:00,32892.42,16.11,10.6,0.45,5.78,3.71,450
1/20/2011 11:00,32892.46,14.44,8.78,0.89,1.01,3.4,528
1/20/2011 12:00,32892.5,16.11,8.53,1.34,1.57,3.08,521
1/20/2011 13:00,32892.55,18.89,9.6,0.45,5.25,1.02,500
1/20/2011 14:00,32892.59,17.78,8.01,1.79,3.47,2.1,391
1/20/2011 15:00,32892.63,18.33,8.53,0.45,4.9,2.15,230
1/20/2011 16:00,32892.67,16.11,8.04,0.45,5.69,2.21,69
1/20/2011 17:00,32892.71,11.67,6.11,0.89,0.44,2.26,2
1/20/2011 18:00,32892.76,11.11,6,1.79,1.24,2.31,1
1/20/2011 19:00,32892.8,11.11,6.6,2.24,0.72,2.36,1
1/20/2011 20:00,32892.84,10,6.3,3.13,1.17,2.41,1
1/20/2011 21:00,32892.88,9.44,5.76,3.13,1.38,2.46,1
1/20/2011 22:00,32892.92,8.33,4.49,2.68,1.27,2.52,1
1/20/2011 23:00,32892.97,8.89,5.95,0.45,4.52,7.17,1
1/21/2011 0:00,32893,7.78,4.68,3.58,1.12,2.62,1
1/21/2011 1:00,32893.04,7.22,3.96,3.58,1.38,2.67,1
1/21/2011 2:00,32893.08,7.22,3.6,3.13,1.36,2.72,1
1/21/2011 3:00,32893.13,6.67,3.06,3.58,1.03,2.77,1
1/21/2011 4:00,32893.17,7.22,4.14,3.13,1.29,2.83,1
1/21/2011 5:00,32893.21,6.67,3.95,2.68,1.22,2.88,1
1/21/2011 6:00,32893.25,5.56,2.86,1.79,1.13,2.93,1
1/21/2011 7:00,32893.29,6.67,3.42,1.79,1.1,2.98,39
1/21/2011 8:00,32893.34,8.89,4.06,1.34,1.43,3.03,193
1/21/2011 9:00,32893.38,11.11,7,0.89,3.82,3.08,349
1/21/2011 10:00,32893.42,11.67,8.11,1.34,3.67,3.13,465
1/21/2011 11:00,32893.46,13.33,8.55,0.89,4.14,3.19,534
1/21/2011 12:00,32893.5,13.89,8.03,0.89,4.01,3.24,520
1/21/2011 13:00,32893.55,16.11,8.77,0.45,3.98,2.14,491
1/21/2011 14:00,32893.59,16.67,9.3,0.45,2.18,2.96,382
1/21/2011 15:00,32893.63,17.22,9.34,0.89,4.26,2.96,234
1/21/2011 16:00,32893.67,13.33,8.14,0.45,4.28,2.95,70
1/21/2011 17:00,32893.71,11.11,8.3,0.45,1.12,2.95,3
1/21/2011 18:00,32893.76,11.11,8.3,0.89,1.68,2.94,1
1/21/2011 19:00,32893.8,9.44,7.7,0.89,0.77,2.94,1
1/21/2011 20:00,32893.84,8.89,6.99,1.79,1.41,2.93,1
1/21/2011 21:00,32893.88,8.33,6.77,2.68,1.22,2.93,1
1/21/2011 22:00,32893.92,8.89,7.32,3.13,1.52,2.93,0
1/21/2011 23:00,32893.97,8.89,5.03,2.24,1.24,2.57,0
1/22/2011 0:00,32894,8.33,6.93,2.24,1.17,2.92,1
1/22/2011 1:00,32894.04,7.22,5.67,3.13,1.27,2.91,1
1/22/2011 2:00,32894.08,7.78,5.89,3.13,1.15,2.91,1
1/22/2011 3:00,32894.13,6.67,4.63,3.13,1.48,2.9,1
1/22/2011 4:00,32894.17,7.22,5.34,3.58,1.45,2.9,1
1/22/2011 5:00,32894.21,7.22,5.51,2.24,1.24,2.89,1
1/22/2011 6:00,32894.25,6.11,4.08,2.24,1.12,2.89,1
1/22/2011 7:00,32894.29,6.11,4.08,2.24,1.06,2.88,36
1/22/2011 8:00,32894.34,7.78,4.68,3.13,1.45,2.88,177
1/22/2011 9:00,32894.38,11.67,8.67,0.89,3.96,2.87,336
1/22/2011 10:00,32894.42,12.78,9.19,0.45,3.75,2.87,453
1/22/2011 11:00,32894.46,14.44,9.83,0.89,3.75,2.87,517
1/22/2011 12:00,32894.5,17.78,12.41,0.89,5.55,2.86,531
1/22/2011 13:00,32894.55,17.22,12.3,0.45,5.04,3.96,457
1/22/2011 14:00,32894.59,16.11,9.71,0.45,5.03,4.83,346
1/22/2011 15:00,32894.63,16.11,9.71,0.45,5.13,4.84,222
1/22/2011 16:00,32894.67,11.67,7.92,0.89,3.77,4.86,62
1/22/2011 17:00,32894.71,10.56,7.94,0.45,5.38,4.88,2
1/22/2011 18:00,32894.76,9.44,7.36,1.34,0.1,4.9,1
1/22/2011 19:00,32894.8,10,8.08,0.89,0.58,4.91,1
1/22/2011 20:00,32894.84,9.44,7.87,0.89,3.98,4.93,1
1/22/2011 21:00,32894.88,8.89,7.48,2.68,1.19,4.95,1
1/22/2011 22:00,32894.92,7.78,6.54,3.58,1.27,4.97,0
1/22/2011 23:00,32894.97,7.78,6.22,1.79,0.93,2.92,0
1/23/2011 0:00,32895,7.22,6.15,4.47,1.33,5,0
1/23/2011 1:00,32895.04,7.78,6.7,1.79,1.27,5.02,0
1/23/2011 2:00,32895.08,7.22,6.31,2.68,1.06,5.04,0
1/23/2011 3:00,32895.13,6.67,5.76,4.92,1.17,5.06,1
1/23/2011 4:00,32895.17,7.22,6.15,4.02,1.13,5.07,0
1/23/2011 5:00,32895.21,7.22,5.51,3.58,1.38,5.09,0
1/23/2011 6:00,32895.25,6.11,4.57,4.02,1.29,5.11,1
1/23/2011 7:00,32895.29,6.11,4.57,2.68,1.26,5.13,38
1/23/2011 8:00,32895.34,8.33,5.76,2.68,1.2,5.15,192
1/23/2011 9:00,32895.38,9.44,6.85,1.34,1.03,5.16,333
1/23/2011 10:00,32895.42,14.44,9.62,0.89,4.24,5.18,473
1/23/2011 11:00,32895.46,15.56,11.31,0.89,3.89,5.2,551
1/23/2011 12:00,32895.5,15.56,9.63,1.79,3.72,5.22,464
1/23/2011 13:00,32895.55,15.56,10.28,0.45,1.47,7.16,341
1/23/2011 14:00,32895.59,18.89,12.36,0.45,5.9,4.22,363
1/23/2011 15:00,32895.63,16.67,9.3,0.45,1.5,4.17,256
1/23/2011 16:00,32895.67,16.67,10.01,0.45,3.7,4.13,87
1/23/2011 17:00,32895.71,13.89,9.29,0.45,5.46,4.09,5
1/23/2011 18:00,32895.76,12.22,7.68,0.89,0.28,4.05,1
1/23/2011 19:00,32895.8,11.67,7.73,1.79,1.41,4,1
1/23/2011 20:00,32895.84,10.56,7.4,1.79,1.05,3.96,1
1/23/2011 21:00,32895.88,8.89,5.59,2.68,0.73,3.92,1
1/23/2011 22:00,32895.92,9.44,5.57,2.68,1.31,3.88,1
1/23/2011 23:00,32895.97,8.33,7.25,3.13,1.17,4.99,0
1/24/2011 0:00,32896,7.78,4.32,3.13,1.31,3.79,1
1/24/2011 1:00,32896.04,7.78,3.76,3.58,1.19,3.75,1
1/24/2011 2:00,32896.08,8.33,4.49,2.68,1.47,3.71,1
1/24/2011 3:00,32896.13,7.78,4.14,2.24,1.45,3.66,1
1/24/2011 4:00,32896.17,6.67,2.5,2.24,1.62,3.62,1
1/24/2011 5:00,32896.21,6.11,3.06,2.24,1.24,3.58,1
1/24/2011 6:00,32896.25,6.11,2.52,2.68,1.17,3.54,1
1/24/2011 7:00,32896.29,6.11,2.88,1.79,1.33,3.49,43
1/24/2011 8:00,32896.34,6.67,3.06,0.89,4.29,3.45,211
1/24/2011 9:00,32896.38,9.44,5.19,1.79,3.79,3.41,332
1/24/2011 10:00,32896.42,12.78,8.42,0.89,3.51,3.37,473
1/24/2011 11:00,32896.46,13.89,8.67,1.79,4.19,3.32,546
1/24/2011 12:00,32896.5,15,7.72,1.79,4.14,3.28,527
1/24/2011 13:00,32896.55,15.56,8.72,1.34,3.91,2.29,497
1/24/2011 14:00,32896.59,15.56,8.72,1.79,3.7,3.29,384
1/24/2011 15:00,32896.63,15.56,8.95,0.45,3.11,3.58,231
1/24/2011 16:00,32896.67,12.78,8.22,0.45,3.86,3.86,75
1/24/2011 17:00,32896.71,10.56,7.4,0.45,1.08,4.14,4
1/24/2011 18:00,32896.76,9.44,7.7,0.45,0.3,4.43,1
1/24/2011 19:00,32896.8,9.44,7.36,0.89,3.75,4.71,1
1/24/2011 20:00,32896.84,9.44,7.87,0.45,3.02,4.99,1
1/24/2011 21:00,32896.88,7.78,6.38,0.45,3.3,5.28,1
1/24/2011 22:00,32896.92,8.33,6.93,1.79,1.68,5.56,0
1/24/2011 23:00,32896.97,8.89,5.4,3.13,1.31,3.83,1
1/25/2011 0:00,32897,6.11,5.21,2.24,1.22,6.12,1
1/25/2011 1:00,32897.04,7.22,6.31,2.24,1.24,6.41,0
1/25/2011 2:00,32897.08,7.22,5.67,3.13,1.31,6.69,1
1/25/2011 3:00,32897.13,6.67,4.63,2.68,1.13,6.97,1
1/25/2011 4:00,32897.17,6.11,3.92,1.34,2.04,7.26,1
1/25/2011 5:00,32897.21,6.11,4.08,3.58,1.19,7.54,1
1/25/2011 6:00,32897.25,6.11,4.41,2.24,1.75,7.82,1
1/25/2011 7:00,32897.29,5.56,3.54,2.24,1.26,8.11,46
1/25/2011 8:00,32897.34,3.89,2.54,1.79,3.75,8.39,198
1/25/2011 9:00,32897.38,6.11,4.89,1.34,4.33,8.67,327
1/25/2011 10:00,32897.42,6.67,5.12,0.89,4.29,8.96,382
1/25/2011 11:00,32897.46,8.33,6.77,0.45,3.72,9.24,273
1/25/2011 12:00,32897.5,10,7.91,0.45,3.67,9.52,234
1/25/2011 13:00,32897.55,11.11,8.3,0.45,5.85,9.23,231
1/25/2011 14:00,32897.59,13.33,9.54,0.89,3.32,5.01,348
1/25/2011 15:00,32897.63,10.56,7.58,0.89,4.28,4.99,220
1/25/2011 16:00,32897.67,9.44,7.87,0.45,4.38,4.97,53
1/25/2011 17:00,32897.71,7.78,6.54,0.45,0.66,4.94,2
1/25/2011 18:00,32897.76,7.78,6.7,0,5.48,4.92,1
1/25/2011 19:00,32897.8,8.33,7.25,0.45,1.57,4.89,1
1/25/2011 20:00,32897.84,7.22,6.31,1.34,1.78,4.87,0
1/25/2011 21:00,32897.88,7.78,6.86,2.24,0.93,4.84,0
1/25/2011 22:00,32897.92,6.67,5.76,0.89,4,4.82,1
1/25/2011 23:00,32897.97,6.11,5.05,1.34,4.24,5.84,1
1/26/2011 0:00,32898,7.22,6.31,3.13,1.47,4.77,1
1/26/2011 1:00,32898.04,6.11,5.36,3.58,1.48,4.75,1
1/26/2011 2:00,32898.08,5,4.26,0.89,4.1,4.72,1
1/26/2011 3:00,32898.13,6.11,5.36,0.89,4.33,4.7,1
1/26/2011 4:00,32898.17,5,4.26,0.45,2.58,4.67,1
1/26/2011 5:00,32898.21,5.56,4.81,0.89,3.65,4.65,1
1/26/2011 6:00,32898.25,5,4.26,0.89,3.74,4.63,1
1/26/2011 7:00,32898.29,3.89,3.15,1.34,3.14,4.6,15
1/26/2011 8:00,32898.34,4.44,3.7,0.45,6.14,4.58,92
1/26/2011 9:00,32898.38,5.56,4.65,0.45,3.79,4.55,251
1/26/2011 10:00,32898.42,8.33,7.41,0.45,4.03,4.53,306
1/26/2011 11:00,32898.46,8.89,7.96,0.89,3.94,4.5,313
1/26/2011 12:00,32898.5,12.78,10.99,0.45,3.72,4.48,498
1/26/2011 13:00,32898.55,13.33,10.48,0.45,3.93,1.27,515
1/26/2011 14:00,32898.59,15.56,11.11,0.45,3.79,0.56,418
1/26/2011 15:00,32898.63,13.89,9.49,0.45,5.17,0.93,258
1/26/2011 16:00,32898.67,10,7.57,0.89,4.21,1.3,70
1/26/2011 17:00,32898.71,8.89,7.81,0.45,3.8,1.67,3
1/26/2011 18:00,32898.76,8.89,7.81,0.45,4.07,2.05,1
1/26/2011 19:00,32898.8,7.78,6.86,1.79,6,2.42,1
1/26/2011 20:00,32898.84,8.33,7.41,0.45,0.86,2.79,1
1/26/2011 21:00,32898.88,7.78,6.86,0.89,5.78,3.16,1
1/26/2011 22:00,32898.92,6.67,5.76,1.79,0.63,3.53,1
1/26/2011 23:00,32898.97,6.67,5.76,2.24,1.2,4.8,1
1/27/2011 0:00,32899,5.56,4.65,4.47,5.13,4.28,1
1/27/2011 1:00,32899.04,5.56,4.81,1.79,5.11,4.65,1
1/27/2011 2:00,32899.08,5.56,4.81,1.34,5.55,5.02,1
1/27/2011 3:00,32899.13,5.56,4.81,1.79,1.92,5.39,1
1/27/2011 4:00,32899.17,4.44,3.7,2.24,4.36,5.76,1
1/27/2011 5:00,32899.21,5,4.26,0.45,2.36,6.14,1
1/27/2011 6:00,32899.25,4.44,3.7,0.45,3.3,6.51,1
1/27/2011 7:00,32899.29,3.33,2.6,0.45,3.53,6.88,40
1/27/2011 8:00,32899.34,4.44,3.7,0.45,3.33,7.25,101
1/27/2011 9:00,32899.38,5.56,4.81,0.45,3.93,7.62,174
1/27/2011 10:00,32899.42,6.67,5.76,0.45,3.63,8,178
1/27/2011 11:00,32899.46,7.78,6.86,0.45,2.16,8.37,232
1/27/2011 12:00,32899.5,8.33,7.41,0.45,3.67,8.74,290
1/27/2011 13:00,32899.55,11.67,10.06,1.34,4.07,6.72,370
1/27/2011 14:00,32899.59,13.89,10.84,0.89,4.52,0.54,421
1/27/2011 15:00,32899.63,12.78,9.19,0.45,0.8,0.8,265
1/27/2011 16:00,32899.67,8.89,6.13,0.45,3.84,1.06,89
1/27/2011 17:00,32899.71,7.22,5.99,0.45,4.26,1.32,4
1/27/2011 18:00,32899.76,7.22,6.15,0.45,4.1,1.58,1
1/27/2011 19:00,32899.8,6.11,5.21,0,2.67,1.84,1
1/27/2011 20:00,32899.84,6.11,5.21,0,4.54,2.1,1
1/27/2011 21:00,32899.88,5.56,4.65,0.89,0.94,2.36,1
1/27/2011 22:00,32899.92,6.67,5.76,1.34,1.54,2.62,1
1/27/2011 23:00,32899.97,6.11,5.21,4.02,5.97,3.91,1
1/28/2011 0:00,32900,5,4.26,1.79,4.01,3.15,1
1/28/2011 1:00,32900.04,3.89,3.15,2.24,3.16,3.41,1
1/28/2011 2:00,32900.08,4.44,3.7,1.34,0.86,3.67,2
1/28/2011 3:00,32900.13,3.33,2.6,1.79,4.08,3.93,2
1/28/2011 4:00,32900.17,1.67,0.94,0.45,4.12,4.19,2
1/28/2011 5:00,32900.21,2.78,2.05,0.45,1.13,4.45,2
1/28/2011 6:00,32900.25,2.78,2.05,1.79,4.05,4.71,2
1/28/2011 7:00,32900.29,2.78,2.05,0.89,1.99,4.97,29
1/28/2011 8:00,32900.34,5,4.26,0.89,1.17,5.23,174
1/28/2011 9:00,32900.38,6.11,5.21,0.89,3.49,5.49,350
1/28/2011 10:00,32900.42,6.11,5.21,0.89,3.82,5.75,337
1/28/2011 11:00,32900.46,7.78,6.86,0.89,4.08,6.01,320
1/28/2011 12:00,32900.5,10,8.58,0.89,4.1,6.27,431
1/28/2011 13:00,32900.55,12.78,9.57,0.45,3.94,0,539
1/28/2011 14:00,32900.59,15,7.72,0.89,4.24,0,428
1/28/2011 15:00,32900.63,15,7.96,0.45,4.31,0.45,270
1/28/2011 16:00,32900.67,11.11,7.38,0.45,4.22,0.91,89
1/28/2011 17:00,32900.71,7.78,6.06,0.45,3.49,1.36,4
1/28/2011 18:00,32900.76,6.11,4.89,0.45,0.49,1.82,1
1/28/2011 19:00,32900.8,5.56,4.65,0.45,4.14,2.27,1
1/28/2011 20:00,32900.84,6.11,5.21,0,3.63,2.73,1
1/28/2011 21:00,32900.88,6.67,5.76,0.45,2.27,3.18,1
1/28/2011 22:00,32900.92,5,4.1,0.89,2.88,3.64,1
1/28/2011 23:00,32900.97,4.44,3.7,0.89,4.43,2.88,1
1/29/2011 0:00,32901,5.56,4.81,0.45,4.82,4.55,2
1/29/2011 1:00,32901.04,5,4.26,0.45,4.24,5,1
1/29/2011 2:00,32901.08,4.44,3.7,0.45,4.15,5.45,2
1/29/2011 3:00,32901.13,2.78,2.05,1.34,5.31,5.91,2
1/29/2011 4:00,32901.17,4.44,3.7,0.45,2.23,6.36,2
1/29/2011 5:00,32901.21,3.33,2.6,0.89,4.21,6.82,2
1/29/2011 6:00,32901.25,3.33,2.6,0.45,4.92,7.27,2
1/29/2011 7:00,32901.29,3.89,3.15,0.89,4.38,7.73,14
1/29/2011 8:00,32901.34,4.44,3.7,0.45,5.39,8.18,57
1/29/2011 9:00,32901.38,4.44,3.7,0.45,3.84,8.64,92
1/29/2011 10:00,32901.42,5.56,4.81,1.34,1.54,9.09,135
1/29/2011 11:00,32901.46,6.11,5.21,0.45,2.48,9.55,218
1/29/2011 12:00,32901.5,5.56,4.65,0.45,4.24,10,157
1/29/2011 13:00,32901.55,6.67,5.76,0.89,3.65,10,132
1/29/2011 14:00,32901.59,6.67,5.76,1.34,1.52,10,77
1/29/2011 15:00,32901.63,5.56,4.65,0.89,4.05,9.96,54
1/29/2011 16:00,32901.67,5.56,4.65,0.45,4.1,9.92,21
1/29/2011 17:00,32901.71,5.56,4.65,0.89,2.53,9.89,3
1/29/2011 18:00,32901.76,6.11,5.21,0.45,3.54,9.85,1
1/29/2011 19:00,32901.8,5,4.1,1.79,1.85,9.81,1
1/29/2011 20:00,32901.84,5,4.1,1.34,2.62,9.77,2
1/29/2011 21:00,32901.88,5,4.1,1.79,1.78,9.73,1
1/29/2011 22:00,32901.92,5,4.1,2.68,1.76,9.7,1
1/29/2011 23:00,32901.97,5,4.26,0.45,3.87,4.09,1
1/30/2011 0:00,32902,6.11,4.57,2.68,2.01,9.62,1
1/30/2011 1:00,32902.04,6.11,4.57,2.24,1.78,9.58,1
1/30/2011 2:00,32902.08,6.11,4.57,0.89,2.57,9.54,1
1/30/2011 3:00,32902.13,6.11,4.08,1.79,1.41,9.51,1
1/30/2011 4:00,32902.17,6.11,4.41,2.24,1.83,9.47,1
1/30/2011 5:00,32902.21,5.56,3.54,2.24,1.8,9.43,2
1/30/2011 6:00,32902.25,7.22,5.51,0.45,5.22,9.39,2
1/30/2011 7:00,32902.29,6.67,5.12,2.68,1.36,9.35,6
1/30/2011 8:00,32902.34,8.33,6.61,2.68,1.13,9.32,36
1/30/2011 9:00,32902.38,8.33,5.76,3.13,1.8,9.28,136
1/30/2011 10:00,32902.42,7.78,5.89,0.45,2.74,9.24,57
1/30/2011 11:00,32902.46,7.78,5.38,1.79,0.3,9.2,46
1/30/2011 12:00,32902.5,8.89,6.3,4.02,0.82,9.16,266
1/30/2011 13:00,32902.55,10,6.11,0.89,5.95,9.6,214
1/30/2011 14:00,32902.59,10.56,6.26,2.24,0.79,10,113
1/30/2011 15:00,32902.63,11.67,6.33,0.89,0.35,10,267
1/30/2011 16:00,32902.67,13.33,6.14,0.45,4.17,10,178
1/30/2011 17:00,32902.71,10,5.92,0.45,4.52,10,8
1/30/2011 18:00,32902.76,8.89,5.95,0.89,4.31,10,1
1/30/2011 19:00,32902.8,7.78,5.04,1.34,0.79,10,1
1/30/2011 20:00,32902.84,7.78,5.56,0.89,0.26,10,1
1/30/2011 21:00,32902.88,7.78,4.68,1.34,1.12,10,1
1/30/2011 22:00,32902.92,7.22,5.18,0.89,1.2,10,1
1/30/2011 23:00,32902.97,6.11,4.89,3.58,1.52,9.66,2
1/31/2011 0:00,32903,5,3.95,0.45,4.56,10,1
1/31/2011 1:00,32903.04,5.56,4.65,0.45,5.6,10,1
1/31/2011 2:00,32903.08,6.11,5.21,4.02,0.98,10,1
1/31/2011 3:00,32903.13,6.11,5.21,3.13,1.15,10,1
1/31/2011 4:00,32903.17,6.11,4.73,3.13,1.06,10,1
1/31/2011 5:00,32903.21,6.11,4.41,2.24,0.82,10,1
1/31/2011 6:00,32903.25,6.11,4.41,2.68,1.08,10,2
1/31/2011 7:00,32903.29,5.56,3.86,4.02,0.93,10,21
1/31/2011 8:00,32903.34,6.67,4.63,2.68,1.24,10,51
1/31/2011 9:00,32903.38,6.67,4.63,1.34,1.12,10,118
1/31/2011 10:00,32903.42,8.89,5.4,0.45,5.13,10,189
1/31/2011 11:00,32903.46,9.44,5.57,2.24,3.79,10,178
1/31/2011 12:00,32903.5,10.56,6.07,0.89,3.94,10,205
1/31/2011 13:00,32903.55,11.11,6.6,0.89,3.94,9.94,192
1/31/2011 14:00,32903.59,11.11,5.15,0.89,4.17,3.05,408
1/31/2011 15:00,32903.63,11.11,5.37,0.45,3.02,2.91,184
1/31/2011 16:00,32903.67,10.56,5.87,0.89,3.39,2.77,111
1/31/2011 17:00,32903.71,7.78,4.32,0.89,2.36,2.63,7
1/31/2011 18:00,32903.76,8.89,5.4,1.34,1.99,2.49,1
1/31/2011 19:00,32903.8,8.33,4.49,0.45,1.61,2.35,1
1/31/2011 20:00,32903.84,9.44,5.38,1.34,1.43,2.22,1
1/31/2011 21:00,32903.88,8.89,5.77,0.89,0.99,2.08,1
1/31/2011 22:00,32903.92,8.33,5.05,0.45,2.81,1.94,1
1/31/2011 23:00,32903.97,6.11,4.08,2.68,1.17,10,1
2/1/2011 0:00,32904,8.89,5.77,0.45,5.6,1.66,1
2/1/2011 1:00,32904.04,7.78,4.86,0.45,3.86,1.52,1
2/1/2011 2:00,32904.08,7.78,5.56,0.45,3.56,1.38,2
2/1/2011 3:00,32904.13,7.22,5.51,1.34,1.13,1.25,1
2/1/2011 4:00,32904.17,6.67,5.12,0.89,0.72,1.11,1
2/1/2011 5:00,32904.21,6.11,4.73,0.45,3.37,0.97,1
2/1/2011 6:00,32904.25,5.56,4.34,1.79,1.08,0.83,2
2/1/2011 7:00,32904.29,6.67,5.44,2.24,1.05,0.69,28
2/1/2011 8:00,32904.34,8.89,6.65,1.79,1.03,0.55,170
2/1/2011 9:00,32904.38,13.89,9.69,0.45,2.64,0.42,383
2/1/2011 10:00,32904.42,10.56,6.26,1.34,3.93,0.28,315
2/1/2011 11:00,32904.46,13.89,6.9,0.89,4.01,0.14,501
2/1/2011 12:00,32904.5,16.11,8.04,0.89,1.34,0,609
2/1/2011 13:00,32904.55,13.33,6.37,0.45,5.38,8.99,256
2/1/2011 14:00,32904.59,12.78,6.08,0.89,3.89,9.53,179
2/1/2011 15:00,32904.63,12.22,6,0.89,3.47,9.3,108
2/1/2011 16:00,32904.67,11.67,5.9,0.45,5.13,9.06,48
2/1/2011 17:00,32904.71,10,5.53,0.45,5.38,8.83,5
2/1/2011 18:00,32904.76,8.33,5.58,1.34,6.09,8.59,1
2/1/2011 19:00,32904.8,7.78,5.04,1.34,0.03,8.35,1
2/1/2011 20:00,32904.84,7.78,5.56,2.24,1.17,8.12,1
2/1/2011 21:00,32904.88,6.67,4.63,2.68,1.29,7.88,1
2/1/2011 22:00,32904.92,7.78,5.56,4.02,1.34,7.65,1
2/1/2011 23:00,32904.97,7.78,5.04,0.89,4.22,1.8,1
2/2/2011 0:00,32905,7.22,4.84,3.13,0.93,7.17,1
2/2/2011 1:00,32905.04,6.11,3.75,3.58,0.96,6.94,1
2/2/2011 2:00,32905.08,5.56,3.2,4.02,1.06,6.7,1
2/2/2011 3:00,32905.13,6.11,3.75,4.92,0.82,6.47,1
2/2/2011 4:00,32905.17,6.11,3.58,4.02,0.87,6.23,1
2/2/2011 5:00,32905.21,5,1.97,4.02,1.47,5.99,1
2/2/2011 6:00,32905.25,5.56,2.51,3.58,1.34,5.76,2
2/2/2011 7:00,32905.29,5,1.26,3.58,1.33,5.52,58
2/2/2011 8:00,32905.34,6.67,1.92,2.24,1.27,5.29,227
2/2/2011 9:00,32905.38,11.11,5.58,0.89,1.2,5.05,391
2/2/2011 10:00,32905.42,14.44,7.66,0.89,3.49,4.81,519
2/2/2011 11:00,32905.46,16.11,7.53,0.89,5.9,4.58,595
2/2/2011 12:00,32905.5,17.22,9.08,1.34,3.54,4.34,523
2/2/2011 13:00,32905.55,15,4.87,0.89,4.14,0,549
2/2/2011 14:00,32905.59,15,4.29,0.89,3.98,0,450
2/2/2011 15:00,32905.63,15.56,5.1,0.45,4.07,0.23,290
2/2/2011 16:00,32905.67,15,5.7,0.45,5.22,0.45,109
2/2/2011 17:00,32905.71,10,3.21,0.45,4.1,0.68,7
2/2/2011 18:00,32905.76,9.44,2.68,1.34,6.16,0.91,1
2/2/2011 19:00,32905.8,9.44,4.8,0.89,0.98,1.13,1
2/2/2011 20:00,32905.84,8.89,4.46,1.79,1.12,1.36,1
2/2/2011 21:00,32905.88,7.78,4.68,2.68,1.19,1.58,1
2/2/2011 22:00,32905.92,6.67,3.6,3.13,1.2,1.81,1
2/2/2011 23:00,32905.97,6.67,4.12,3.58,1.24,7.41,1
2/3/2011 0:00,32906,7.22,3.96,3.13,1.41,2.26,1
2/3/2011 1:00,32906.04,7.22,4.14,4.47,1.17,2.49,1
2/3/2011 2:00,32906.08,6.11,2.52,4.47,0.98,2.72,1
2/3/2011 3:00,32906.13,6.11,2.15,3.58,0.86,2.94,1
2/3/2011 4:00,32906.17,6.11,2.52,3.13,1.27,3.17,2
2/3/2011 5:00,32906.21,6.67,2.11,5.36,1.01,3.4,2
2/3/2011 6:00,32906.25,5,1.07,4.02,1.08,3.62,2
2/3/2011 7:00,32906.29,6.11,0.99,3.58,1.4,3.85,58
2/3/2011 8:00,32906.34,8.33,2.71,3.13,1.06,4.07,220
2/3/2011 9:00,32906.38,11.67,4.79,0.89,0.12,4.3,382
2/3/2011 10:00,32906.42,13.33,4.92,0.89,0.79,4.53,519
2/3/2011 11:00,32906.46,18.33,7.96,0.89,0.02,4.75,604
2/3/2011 12:00,32906.5,16.67,6.41,0.89,3.84,4.98,503
2/3/2011 13:00,32906.55,16.67,4.28,0.45,4.85,5.48,440
2/3/2011 14:00,32906.59,18.89,5.97,0.45,5.01,0,486
2/3/2011 15:00,32906.63,16.67,4.28,0.45,3.65,0.18,253
2/3/2011 16:00,32906.67,13.89,3.27,0,2.95,0.35,119
2/3/2011 17:00,32906.71,11.11,3.8,0,6.25,0.53,6
2/3/2011 18:00,32906.76,10,2.75,0.89,0.24,0.7,1
2/3/2011 19:00,32906.8,9.44,3.77,1.79,0.77,0.88,1
2/3/2011 20:00,32906.84,8.89,4.26,2.68,1.57,1.05,2
2/3/2011 21:00,32906.88,7.22,3.41,2.24,1.57,1.23,2
2/3/2011 22:00,32906.92,7.78,3.95,3.13,1.19,1.4,2
2/3/2011 23:00,32906.97,7.22,3.96,3.13,1.26,2.04,1
2/4/2011 0:00,32907,7.22,2.84,3.58,0.93,1.75,2
2/4/2011 1:00,32907.04,6.67,2.69,4.47,0.82,1.93,2
2/4/2011 2:00,32907.08,6.67,2.87,4.92,0.87,2.1,2
2/4/2011 3:00,32907.13,6.11,2.52,4.02,1.47,2.28,2
2/4/2011 4:00,32907.17,6.67,3.24,4.02,1.36,2.45,2
2/4/2011 5:00,32907.21,5.56,2.16,2.68,1.45,2.63,2
2/4/2011 6:00,32907.25,6.11,2.15,2.68,1.12,2.8,3
2/4/2011 7:00,32907.29,6.67,3.06,2.24,1.48,2.98,47
2/4/2011 8:00,32907.34,8.33,3.92,2.68,0.77,3.15,165
2/4/2011 9:00,32907.38,12.22,6,1.34,0.58,3.33,406
2/4/2011 10:00,32907.42,13.89,5.69,0.89,3.4,3.5,423
2/4/2011 11:00,32907.46,16.67,7.79,0.45,5.04,3.68,611
2/4/2011 12:00,32907.5,16.67,6.41,0.45,1.8,3.85,545
2/4/2011 13:00,32907.55,15.56,5.1,0.45,4.4,6.4,404
2/4/2011 14:00,32907.59,16.67,4.92,0.45,5.24,5.79,350
2/4/2011 15:00,32907.63,16.11,5.61,0.45,0.73,5.74,266
2/4/2011 16:00,32907.67,13.89,4.92,0,3.79,5.69,116
2/4/2011 17:00,32907.71,11.11,4.49,0.45,4.21,5.63,7
2/4/2011 18:00,32907.76,11.11,5.58,1.79,1.45,5.58,1
2/4/2011 19:00,32907.8,9.44,3.56,1.79,1.66,5.53,2
2/4/2011 20:00,32907.84,9.44,6.13,2.68,1.34,5.48,2
2/4/2011 21:00,32907.88,8.33,5.58,2.24,0.99,5.42,2
2/4/2011 22:00,32907.92,7.78,4.68,2.68,1.2,5.37,2
2/4/2011 23:00,32907.97,7.78,3.57,3.58,1.47,1.58,2
2/5/2011 0:00,32908,7.22,4.49,4.02,1.12,5.27,2
2/5/2011 1:00,32908.04,6.67,4.12,2.68,1.2,5.21,2
2/5/2011 2:00,32908.08,7.78,5.21,2.24,1.43,5.16,2
2/5/2011 3:00,32908.13,7.22,4.84,4.02,1.15,5.11,2
2/5/2011 4:00,32908.17,7.22,4.84,2.24,1.55,5.06,2
2/5/2011 5:00,32908.21,6.67,4.46,3.13,1.47,5.01,2
2/5/2011 6:00,32908.25,6.11,3.75,3.13,1.43,4.95,2
2/5/2011 7:00,32908.29,6.11,3.41,3.13,1.22,4.9,41
2/5/2011 8:00,32908.34,8.33,5.05,2.24,1.4,4.85,182
2/5/2011 9:00,32908.38,10,5.73,1.34,0.68,4.8,334
2/5/2011 10:00,32908.42,15,8.42,0.89,4.28,4.74,512
2/5/2011 11:00,32908.46,18.33,9.87,0.89,5.6,4.69,544
2/5/2011 12:00,32908.5,17.78,8.01,0.45,0.42,4.64,522
2/5/2011 13:00,32908.55,17.22,4.12,0.89,3.84,0,579
2/5/2011 14:00,32908.59,17.22,5.43,0.89,5.38,3.03,424
2/5/2011 15:00,32908.63,16.11,6.73,0.45,5.1,3.11,178
2/5/2011 16:00,32908.67,13.89,5.18,0.45,0.84,3.19,72
2/5/2011 17:00,32908.71,11.67,5.47,0.45,0.91,3.27,11
2/5/2011 18:00,32908.76,12.22,6.22,1.79,0.86,3.35,2
2/5/2011 19:00,32908.8,10.56,5.87,3.13,1.19,3.42,2
2/5/2011 20:00,32908.84,10,5.53,2.68,1.45,3.5,2
2/5/2011 21:00,32908.88,9.44,5.38,3.58,1.08,3.58,2
2/5/2011 22:00,32908.92,9.44,5.38,2.68,1.26,3.66,2
2/5/2011 23:00,32908.97,8.33,5.41,4.02,1.27,5.32,2
2/6/2011 0:00,32909,9.44,6.31,3.13,1.19,3.81,2
2/6/2011 1:00,32909.04,9.44,6.31,4.02,1.1,3.89,2
2/6/2011 2:00,32909.08,8.89,5.95,4.02,1.33,3.97,2
2/6/2011 3:00,32909.13,7.78,4.86,2.68,1.29,4.05,2
2/6/2011 4:00,32909.17,7.78,4.86,2.68,1.05,4.13,2
2/6/2011 5:00,32909.21,7.78,4.68,3.58,1.26,4.21,2
2/6/2011 6:00,32909.25,7.22,4.49,4.02,1.43,4.28,2
2/6/2011 7:00,32909.29,8.33,5.23,4.02,1.12,4.36,52
2/6/2011 8:00,32909.34,10,5.92,4.02,0.94,4.44,212
2/6/2011 9:00,32909.38,12.22,6.65,1.79,1.27,4.52,377
2/6/2011 10:00,32909.42,16.67,7.79,0.89,0.79,4.6,513
2/6/2011 11:00,32909.46,21.67,10.14,1.34,5.97,4.67,595
2/6/2011 12:00,32909.5,20,9.21,0.45,1.1,4.75,521
2/6/2011 13:00,32909.55,19.44,7.47,2.68,3.53,0,566
2/6/2011 14:00,32909.59,21.11,7.3,0.89,2.93,0.91,452
2/6/2011 15:00,32909.63,21.67,8.84,0.45,4.64,1.08,312
2/6/2011 16:00,32909.67,18.89,6.96,0.45,4.07,1.25,114
2/6/2011 17:00,32909.71,15,6.48,0.45,4.05,1.43,9
2/6/2011 18:00,32909.76,13.89,6.67,0.89,1.12,1.6,1
2/6/2011 19:00,32909.8,12.78,6.08,1.34,1.19,1.77,2
2/6/2011 20:00,32909.84,12.22,6.86,2.68,1.2,1.94,2
2/6/2011 21:00,32909.88,12.22,7.27,2.24,1.22,2.11,2
2/6/2011 22:00,32909.92,11.11,7.19,2.24,1.03,2.28,2
2/6/2011 23:00,32909.97,10,6.3,2.24,0.82,3.74,2
2/7/2011 0:00,32910,10.56,6.65,2.24,1.29,2.62,2
2/7/2011 1:00,32910.04,9.44,5.57,3.13,0.87,2.8,2
2/7/2011 2:00,32910.08,8.89,5.59,2.24,1.61,2.97,2
2/7/2011 3:00,32910.13,9.44,5.57,3.13,1.24,3.14,2
2/7/2011 4:00,32910.17,8.33,4.68,3.58,0.94,3.31,2
2/7/2011 5:00,32910.21,8.89,5.03,3.13,1.27,3.48,2
2/7/2011 6:00,32910.25,8.89,4.46,4.02,1.06,3.65,3
2/7/2011 7:00,32910.29,8.89,3.86,3.13,1.26,3.82,71
2/7/2011 8:00,32910.34,11.11,4.72,2.24,1.5,3.99,242
2/7/2011 9:00,32910.38,17.78,7.73,0.89,5.78,4.16,421
2/7/2011 10:00,32910.42,21.11,10.24,0.45,5.76,4.34,500
2/7/2011 11:00,32910.46,19.44,8.7,1.79,4.17,4.51,582
2/7/2011 12:00,32910.5,21.11,9.31,1.79,3.68,4.68,527
2/7/2011 13:00,32910.55,22.22,10.01,1.34,3.19,0,584
2/7/2011 14:00,32910.59,23.33,11.03,0.89,5.5,0,473
2/7/2011 15:00,32910.63,21.67,10.75,0.45,4.61,0.34,315
2/7/2011 16:00,32910.67,18.33,7.67,0.89,3.94,0.69,120
2/7/2011 17:00,32910.71,16.11,9.48,0.45,3.72,1.03,10
2/7/2011 18:00,32910.76,14.44,8.78,0.89,6.23,1.38,1
2/7/2011 19:00,32910.8,12.78,7.81,1.34,0.73,1.72,1
2/7/2011 20:00,32910.84,12.22,8.65,2.68,1.08,2.06,2
2/7/2011 21:00,32910.88,11.11,7.57,2.68,1.13,2.41,2
2/7/2011 22:00,32910.92,10.56,6.84,2.68,1.19,2.75,2
2/7/2011 23:00,32910.97,10,6.11,4.02,0.99,2.45,2
2/8/2011 0:00,32911,8.89,5.95,0.89,4.08,3.44,2
2/8/2011 1:00,32911.04,7.22,5.67,0.89,4.15,3.78,2
2/8/2011 2:00,32911.08,7.22,5.83,1.79,4.71,4.13,2
2/8/2011 3:00,32911.13,5.56,1.61,1.34,3.84,4.47,2
2/8/2011 4:00,32911.17,6.11,0.58,0.89,5.06,4.82,2
2/8/2011 5:00,32911.21,5,-1.54,0.89,3.35,5.16,2
2/8/2011 6:00,32911.25,4.44,-1.64,0.89,3.65,5.5,3
2/8/2011 7:00,32911.29,5.56,-0.37,0.89,4.17,5.85,12
2/8/2011 8:00,32911.34,5.56,-0.37,0.45,4.29,6.19,40
2/8/2011 9:00,32911.38,6.11,0.37,0.45,2.74,6.54,96
2/8/2011 10:00,32911.42,8.33,1.85,0.89,0.51,6.88,222
2/8/2011 11:00,32911.46,10,1.03,1.34,3.42,7.22,514
2/8/2011 12:00,32911.5,11.11,1.26,1.34,3.63,7.57,388
2/8/2011 13:00,32911.55,12.78,2.53,1.34,4.03,3.8,512
2/8/2011 14:00,32911.59,12.78,1.66,0.89,2.34,0,468
2/8/2011 15:00,32911.63,13.33,1.86,0.45,3.87,0.17,312
2/8/2011 16:00,32911.67,12.22,3.1,0.89,5.45,0.34,126
2/8/2011 17:00,32911.71,10.56,2.06,0.89,1.92,0.5,10
2/8/2011 18:00,32911.76,10,2.52,2.24,1.05,0.67,2
2/8/2011 19:00,32911.8,9.44,2.91,2.68,1.08,0.84,2
2/8/2011 20:00,32911.84,8.33,3.72,2.68,1.13,1.01,2
2/8/2011 21:00,32911.88,7.78,3.38,3.13,1.43,1.17,2
2/8/2011 22:00,32911.92,7.78,4.14,2.24,1.19,1.34,2
2/8/2011 23:00,32911.97,10,6.85,1.79,0.86,3.1,2
2/9/2011 0:00,32912,6.11,2.88,1.79,1.82,1.68,3
2/9/2011 1:00,32912.04,6.67,3.95,3.58,1.41,1.85,3
2/9/2011 2:00,32912.08,5.56,2.86,4.47,1.26,2.01,2
2/9/2011 3:00,32912.13,5.56,2.69,3.58,1.15,2.18,3
2/9/2011 4:00,32912.17,5.56,1.98,4.02,1.15,2.35,2
2/9/2011 5:00,32912.21,5,1.97,0.89,1.66,2.52,2
2/9/2011 6:00,32912.25,3.89,1.23,0.45,2.16,2.68,4
2/9/2011 7:00,32912.29,5,1.07,4.02,1.05,2.85,80
2/9/2011 8:00,32912.34,8.89,3.45,1.79,0.98,3.02,261
2/9/2011 9:00,32912.38,12.78,4.9,0.45,3.6,3.19,431
2/9/2011 10:00,32912.42,12.22,3.37,2.68,3.51,3.35,562
2/9/2011 11:00,32912.46,15,4.29,1.79,4.19,3.52,639
2/9/2011 12:00,32912.5,15.56,3.59,0.45,4.08,3.69,567
2/9/2011 13:00,32912.55,16.11,5.32,0.89,5.83,0,594
2/9/2011 14:00,32912.59,17.78,3.93,1.34,5.15,0,486
2/9/2011 15:00,32912.63,16.11,2.06,1.34,5.1,0.18,333
2/9/2011 16:00,32912.67,14.44,0.92,0.45,3.74,0.36,125
2/9/2011 17:00,32912.71,11.11,1.26,0.45,0.31,0.54,11
2/9/2011 18:00,32912.76,10,2.04,1.34,0.87,0.73,2
2/9/2011 19:00,32912.8,10,3.66,1.79,1.24,0.91,2
2/9/2011 20:00,32912.84,8.89,3.24,2.24,1.34,1.09,3
2/9/2011 21:00,32912.88,7.78,2.18,3.13,1.4,1.27,3
2/9/2011 22:00,32912.92,8.33,3.12,2.68,1.27,1.45,3
2/9/2011 23:00,32912.97,7.22,3.96,3.13,1.13,1.51,3
2/10/2011 0:00,32913,6.67,1.11,3.58,1.52,1.82,3
2/10/2011 1:00,32913.04,7.22,1.85,4.02,1.33,2,3
2/10/2011 2:00,32913.08,6.67,1.72,4.47,1.48,2.18,3
2/10/2011 3:00,32913.13,6.11,0.99,4.47,1.01,2.36,3
2/10/2011 4:00,32913.17,6.11,0.99,4.47,1.26,2.54,3
2/10/2011 5:00,32913.21,5.56,0.05,4.02,1.17,2.72,3
2/10/2011 6:00,32913.25,5.56,0.05,4.02,1.13,2.91,4
2/10/2011 7:00,32913.29,6.11,0.37,2.68,0.99,3.09,87
2/10/2011 8:00,32913.34,8.33,0.22,2.24,1.15,3.27,268
2/10/2011 9:00,32913.38,14.44,4.35,0.45,3.63,3.45,441
2/10/2011 10:00,32913.42,15,2.1,1.34,3.89,3.63,576
2/10/2011 11:00,32913.46,16.67,3.62,0.89,4.69,3.81,650
2/10/2011 12:00,32913.5,18.89,4.19,0.45,2.98,4,561
2/10/2011 13:00,32913.55,18.33,3.69,0.45,3.68,0,614
2/10/2011 14:00,32913.59,20,4.01,0.89,4.78,0,501
2/10/2011 15:00,32913.63,17.78,1.21,0.45,4.71,0.19,339
2/10/2011 16:00,32913.67,16.11,2.06,0.45,5.22,0.38,127
2/10/2011 17:00,32913.71,12.22,1.73,0.89,5.48,0.56,13
2/10/2011 18:00,32913.76,11.67,1.22,1.34,0.65,0.75,2
2/10/2011 19:00,32913.8,10,1.54,1.79,0.91,0.94,3
2/10/2011 20:00,32913.84,9.44,2.91,2.68,1.45,1.13,3
2/10/2011 21:00,32913.88,7.78,2.38,2.24,1.41,1.31,3
2/10/2011 22:00,32913.92,8.33,2.29,3.58,1.05,1.5,3
2/10/2011 23:00,32913.97,6.67,1.72,4.02,1.41,1.63,3
2/11/2011 0:00,32914,7.22,1.85,4.47,1.15,1.88,3
2/11/2011 1:00,32914.04,7.78,1.54,3.58,1.33,2.07,3
2/11/2011 2:00,32914.08,8.33,1.63,4.47,1.03,2.25,3
2/11/2011 3:00,32914.13,6.67,1.52,4.47,1.33,2.44,3
2/11/2011 4:00,32914.17,6.11,0.79,4.02,1.5,2.63,3
2/11/2011 5:00,32914.21,6.11,0.58,3.58,1.41,2.82,3
2/11/2011 6:00,32914.25,6.11,1.58,3.13,1.19,3,5
2/11/2011 7:00,32914.29,7.22,1.22,2.68,1.1,3.19,94
2/11/2011 8:00,32914.34,8.89,2.15,1.79,1.59,3.38,279
2/11/2011 9:00,32914.38,13.33,3.32,0.45,0.8,3.57,453
2/11/2011 10:00,32914.42,17.78,4.62,0.45,3.21,3.76,585
2/11/2011 11:00,32914.46,17.78,3.2,0.45,3.8,3.94,662
2/11/2011 12:00,32914.5,20,5.93,0.45,1.03,4.13,560
2/11/2011 13:00,32914.55,21.67,6.69,0.89,5.69,0,614
2/11/2011 14:00,32914.59,22.22,5.57,1.34,5.57,0,489
2/11/2011 15:00,32914.63,21.11,4.16,0.89,4.36,0.22,337
2/11/2011 16:00,32914.67,18.33,4.78,0.45,3.75,0.44,159
2/11/2011 17:00,32914.71,13.33,4.66,0.45,0.77,0.66,15
2/11/2011 18:00,32914.76,13.33,3.87,1.34,0.91,0.88,2
2/11/2011 19:00,32914.8,11.11,4.49,2.68,1.55,1.1,3
2/11/2011 20:00,32914.84,10.56,3.96,3.58,1.55,1.32,3
2/11/2011 21:00,32914.88,10.56,4.19,3.13,1.15,1.53,3
2/11/2011 22:00,32914.92,10,4.09,3.13,1.38,1.75,3
2/11/2011 23:00,32914.97,7.78,2.18,4.47,1.03,1.69,3
2/12/2011 0:00,32915,9.44,3.77,3.13,1.36,2.19,3
2/12/2011 1:00,32915.04,9.44,2.91,3.13,1.27,2.41,3
2/12/2011 2:00,32915.08,8.33,1.63,4.02,1.17,2.63,3
2/12/2011 3:00,32915.13,8.89,2.38,3.13,1.47,2.85,3
2/12/2011 4:00,32915.17,8.89,1.23,2.24,1.34,3.07,3
2/12/2011 5:00,32915.21,8.33,1.63,1.79,1.22,3.29,3
2/12/2011 6:00,32915.25,7.78,1.1,3.13,1.17,3.51,6
2/12/2011 7:00,32915.29,8.33,-0.27,3.13,1.12,3.73,95
2/12/2011 8:00,32915.34,12.22,2.84,1.34,1.19,3.95,275
2/12/2011 9:00,32915.38,13.89,3.56,0.45,0.37,4.17,446
2/12/2011 10:00,32915.42,20,7.65,0.45,3.68,4.38,585
2/12/2011 11:00,32915.46,22.78,7.68,0.45,4.24,4.6,668
2/12/2011 12:00,32915.5,23.89,4.25,1.34,3.39,4.82,538
2/12/2011 13:00,32915.55,25,0.49,0.45,3.56,0,640
2/12/2011 14:00,32915.59,26.67,5.03,0.45,5.72,0,527
2/12/2011 15:00,32915.63,24.44,2.55,0.45,3.8,0.2,365
2/12/2011 16:00,32915.67,23.89,3.73,0.89,5.43,0.39,133
2/12/2011 17:00,32915.71,17.22,4.12,1.34,0.17,0.59,14
2/12/2011 18:00,32915.76,15.56,4.51,2.68,1.34,0.79,3
2/12/2011 19:00,32915.8,14.44,3.19,3.58,1.13,0.98,3
2/12/2011 20:00,32915.84,12.22,2.57,3.58,1.1,1.18,3
2/12/2011 21:00,32915.88,11.67,1.22,3.58,0.94,1.38,3
2/12/2011 22:00,32915.92,11.67,0.33,4.02,1.22,1.58,3
2/12/2011 23:00,32915.97,10,3.88,3.13,1.47,1.97,3
2/13/2011 0:00,32916,10.56,-0.39,3.13,1.29,1.97,3
2/13/2011 1:00,32916.04,10,-0.9,2.24,0.63,2.17,3
2/13/2011 2:00,32916.08,8.89,-1.63,3.58,1.26,2.36,3
2/13/2011 3:00,32916.13,10,-2.76,1.79,0.45,2.56,3
2/13/2011 4:00,32916.17,8.33,-0.53,2.24,1.27,2.76,3
2/13/2011 5:00,32916.21,8.33,-1.05,2.68,1.24,2.95,3
2/13/2011 6:00,32916.25,7.78,-0.3,2.24,0.87,3.15,5
2/13/2011 7:00,32916.29,8.89,-1.35,3.13,1.06,3.35,104
2/13/2011 8:00,32916.34,13.33,3.6,1.34,0.98,3.54,302
2/13/2011 9:00,32916.38,15,3.08,0.89,3.54,3.74,470
2/13/2011 10:00,32916.42,20,4.41,1.79,3.21,3.94,609
2/13/2011 11:00,32916.46,20,5.19,0.89,3.35,4.14,681
2/13/2011 12:00,32916.5,20.56,5.69,2.24,3.54,4.33,560
2/13/2011 13:00,32916.55,22.22,5.57,0.45,4.45,0,636
2/13/2011 14:00,32916.59,23.33,4.75,0.89,2.6,0,530
2/13/2011 15:00,32916.63,20.56,4.09,1.79,1.97,0.43,299
2/13/2011 16:00,32916.67,18.33,1.7,1.34,1.8,0.85,147
2/13/2011 17:00,32916.71,16.67,2.2,2.68,1.4,1.28,21
2/13/2011 18:00,32916.76,15,4,1.79,0.63,1.7,3
2/13/2011 19:00,32916.8,13.89,1.09,2.68,1.22,2.13,3
2/13/2011 20:00,32916.84,15,5.43,0.45,0.47,2.55,3
2/13/2011 21:00,32916.88,14.44,5.18,1.79,1.94,2.98,3
2/13/2011 22:00,32916.92,13.89,3.84,3.13,1.66,3.4,3
2/13/2011 23:00,32916.97,11.67,0.93,3.13,1.52,1.77,3
2/14/2011 0:00,32917,13.33,1.86,2.68,1.94,4.25,3
2/14/2011 1:00,32917.04,12.22,0.23,1.34,1.76,4.68,3
2/14/2011 2:00,32917.08,9.44,3.56,1.79,1.52,5.1,3
2/14/2011 3:00,32917.13,11.11,1.54,1.34,3,5.53,3
2/14/2011 4:00,32917.17,10.56,-1.93,2.68,2.04,5.95,3
2/14/2011 5:00,32917.21,10,-1.19,3.13,2.27,6.38,3
2/14/2011 6:00,32917.25,10,0.77,0.89,2.67,6.8,4
2/14/2011 7:00,32917.29,11.67,0.63,0.89,4.42,7.23,25
2/14/2011 8:00,32917.34,10,2.75,3.13,1.43,7.65,93
2/14/2011 9:00,32917.38,12.22,3.1,0.89,4.01,8.08,148
2/14/2011 10:00,32917.42,15,6.23,1.79,2.29,8.5,343
2/14/2011 11:00,32917.46,13.89,5.18,1.79,3.63,8.93,293
2/14/2011 12:00,32917.5,15.56,6.21,0.89,3.54,9.35,277
2/14/2011 13:00,32917.55,17.22,7.21,0.89,2.48,5.4,477
2/14/2011 14:00,32917.59,17.78,4.96,2.24,3.6,0,505
2/14/2011 15:00,32917.63,16.11,5.9,2.68,3.58,0.22,296
2/14/2011 16:00,32917.67,16.11,6.18,1.79,3.51,0.45,90
2/14/2011 17:00,32917.71,13.33,5.66,0.89,2.23,0.67,13
2/14/2011 18:00,32917.76,12.22,5.09,0.89,2.06,0.89,3
2/14/2011 19:00,32917.8,11.67,5.69,2.68,1.38,1.11,3
2/14/2011 20:00,32917.84,12.78,3.62,1.34,1.13,1.34,3
2/14/2011 21:00,32917.88,10.56,4.19,3.13,1.03,1.56,3
2/14/2011 22:00,32917.92,12.22,4.37,2.68,1.36,1.78,3
2/14/2011 23:00,32917.97,12.78,1.05,2.24,1.88,3.83,3
2/15/2011 0:00,32918,13.89,4.12,1.34,1.82,2.23,3
2/15/2011 1:00,32918.04,12.78,3.08,2.68,1.55,2.45,3
2/15/2011 2:00,32918.08,12.78,3.89,1.79,2.01,2.67,3
2/15/2011 3:00,32918.13,13.89,6.19,1.79,1.52,2.9,3
2/15/2011 4:00,32918.17,12.78,5.38,0.89,2.25,3.12,3
2/15/2011 5:00,32918.21,12.78,5.14,1.34,1.76,3.34,3
2/15/2011 6:00,32918.25,13.33,5.9,1.34,2.11,3.57,5
2/15/2011 7:00,32918.29,13.33,5.66,0.45,3.42,3.79,68
2/15/2011 8:00,32918.34,16.11,8.04,0.89,3.53,4.01,271
2/15/2011 9:00,32918.38,16.11,8.04,1.34,4.35,4.23,339
2/15/2011 10:00,32918.42,17.22,7.21,0.89,3.58,4.46,547
2/15/2011 11:00,32918.46,18.89,7.88,0.89,4.28,4.68,658
2/15/2011 12:00,32918.5,18.33,7.67,0.45,3.16,4.9,545
2/15/2011 13:00,32918.55,20.56,8.16,0.89,1.22,1.64,582
2/15/2011 14:00,32918.59,18.33,7.07,0.89,3.4,7.36,316
2/15/2011 15:00,32918.63,17.78,6.86,0.89,3.58,7.47,269
2/15/2011 16:00,32918.67,17.22,7.21,1.79,3.54,7.59,147
2/15/2011 17:00,32918.71,15,7.24,1.34,3.61,7.7,24
2/15/2011 18:00,32918.76,13.89,5.69,1.79,3.6,7.81,3
2/15/2011 19:00,32918.8,12.22,4.13,0.89,1.95,7.93,3
2/15/2011 20:00,32918.84,12.78,3.89,0.45,3.35,8.04,3
2/15/2011 21:00,32918.88,11.67,2.85,2.24,2.15,8.15,3
2/15/2011 22:00,32918.92,11.67,2.85,0.89,1.82,8.27,3
2/15/2011 23:00,32918.97,13.33,3.32,2.68,1.76,2.01,3
2/16/2011 0:00,32919,12.22,3.88,4.47,2.08,8.49,3
2/16/2011 1:00,32919.04,12.22,3.1,3.58,1.95,8.61,3
2/16/2011 2:00,32919.08,13.33,3.6,3.13,2.13,8.72,3
2/16/2011 3:00,32919.13,12.78,3.08,1.79,2.57,8.83,3
2/16/2011 4:00,32919.17,11.11,6.2,4.02,3.63,8.95,3
2/16/2011 5:00,32919.21,11.11,6.8,2.24,2.84,9.06,2
2/16/2011 6:00,32919.25,11.67,7.14,4.02,3.32,9.17,3
2/16/2011 7:00,32919.29,10,8.08,2.68,4.14,9.29,17
2/16/2011 8:00,32919.34,8.33,6.44,3.13,4.36,9.4,53
2/16/2011 9:00,32919.38,7.78,4.86,0.45,4.78,9.51,96
2/16/2011 10:00,32919.42,10,6.85,0.89,0.3,9.62,143
2/16/2011 11:00,32919.46,10,4.93,1.79,1.38,9.74,223
2/16/2011 12:00,32919.5,9.44,4.39,2.68,1.1,9.85,240
2/16/2011 13:00,32919.55,10.56,4.41,2.68,1.47,3.31,554
2/16/2011 14:00,32919.59,10.56,3.28,1.34,0.54,8.7,250
2/16/2011 15:00,32919.63,13.33,1.86,1.34,3.93,8.68,390
2/16/2011 16:00,32919.67,9.44,4.99,0.45,2.2,8.65,119
2/16/2011 17:00,32919.71,7.78,4.32,4.02,3.56,8.63,15
2/16/2011 18:00,32919.76,6.67,2.69,1.34,3.77,8.61,3
2/16/2011 19:00,32919.8,6.67,2.5,1.34,2.04,8.59,3
2/16/2011 20:00,32919.84,6.67,2.31,2.24,1.2,8.57,3
2/16/2011 21:00,32919.88,6.67,4.12,0.89,2.18,8.55,3
2/16/2011 22:00,32919.92,5.56,1.79,1.79,1.73,8.53,3
2/16/2011 23:00,32919.97,12.78,4.14,1.79,2.09,8.38,3
2/17/2011 0:00,32920,5.56,2.51,2.68,1.66,8.49,3
2/17/2011 1:00,32920.04,6.67,2.69,2.24,1.2,8.46,3
2/17/2011 2:00,32920.08,6.67,3.24,2.24,1.15,8.44,3
2/17/2011 3:00,32920.13,5.56,2.16,1.79,1.5,8.42,3
2/17/2011 4:00,32920.17,4.44,0.35,1.34,1.99,8.4,3
2/17/2011 5:00,32920.21,5.56,1.79,1.79,1.83,8.38,3
2/17/2011 6:00,32920.25,5.56,1.42,0.45,3.6,8.36,6
2/17/2011 7:00,32920.29,7.22,2.26,0.89,2.74,8.34,53
2/17/2011 8:00,32920.34,9.44,2.45,1.34,2.9,8.32,207
2/17/2011 9:00,32920.38,11.11,2.83,2.24,3.32,8.3,462
2/17/2011 10:00,32920.42,11.11,2.07,0.89,2.71,8.27,495
2/17/2011 11:00,32920.46,11.11,2.07,1.34,3.16,8.25,320
2/17/2011 12:00,32920.5,11.67,1.78,0.89,0.31,8.23,366
2/17/2011 13:00,32920.55,12.22,0.84,2.68,3.33,10,206
2/17/2011 14:00,32920.59,12.22,0.84,2.68,2.55,10,137
2/17/2011 15:00,32920.63,11.67,-0.28,3.13,2.02,10,41
2/17/2011 16:00,32920.67,11.11,-0.48,1.34,2.36,10,24
2/17/2011 17:00,32920.71,11.11,2.83,3.58,3.28,10,5
2/17/2011 18:00,32920.76,9.44,3.77,0.89,3.4,10,3
2/17/2011 19:00,32920.8,8.89,5.22,0.89,3.98,10,3
2/17/2011 20:00,32920.84,8.33,5.23,1.79,1.88,10,3
2/17/2011 21:00,32920.88,7.78,4.68,4.02,1.83,10,3
2/17/2011 22:00,32920.92,8.33,4.49,2.68,2.09,10,3
2/17/2011 23:00,32920.97,5.56,2.16,1.79,1.75,8.51,3
2/18/2011 0:00,32921,8.89,3.86,4.02,1.31,10,3
2/18/2011 1:00,32921.04,7.78,3.38,3.13,1.76,10,3
2/18/2011 2:00,32921.08,8.33,4.68,3.13,1.34,10,2
2/18/2011 3:00,32921.13,7.78,4.86,4.47,0.87,10,3
2/18/2011 4:00,32921.17,8.33,5.23,4.92,0.75,10,3
2/18/2011 5:00,32921.21,8.89,4.84,6.71,0.72,10,3
2/18/2011 6:00,32921.25,8.33,4.11,4.47,0.77,10,7
2/18/2011 7:00,32921.29,9.44,5.19,1.34,0.38,10,49
2/18/2011 8:00,32921.34,10.56,5.05,3.13,1.2,10,257
2/18/2011 9:00,32921.38,11.67,6.11,3.13,0.99,10,342
2/18/2011 10:00,32921.42,13.89,2.06,1.79,3.53,10,399
2/18/2011 11:00,32921.46,13.33,2.17,4.92,3.6,10,314
2/18/2011 12:00,32921.5,12.78,4.14,0.89,2.74,10,157
2/18/2011 13:00,32921.55,11.11,5.79,2.68,0.28,10,117
2/18/2011 14:00,32921.59,11.67,6.33,1.34,3.53,8.57,261
2/18/2011 15:00,32921.63,10,7.21,0.89,3.4,8.35,75
2/18/2011 16:00,32921.67,9.44,7.19,2.24,1.4,8.14,29
2/18/2011 17:00,32921.71,10.56,7.4,4.02,0.89,7.92,6
2/18/2011 18:00,32921.76,8.89,6.3,0.45,5.86,7.7,2
2/18/2011 19:00,32921.8,8.89,7.15,0.45,4.1,7.48,2
2/18/2011 20:00,32921.84,8.89,7.48,0.45,2.65,7.26,2
2/18/2011 21:00,32921.88,8.89,6.65,3.13,1.48,7.05,2
2/18/2011 22:00,32921.92,8.89,7.15,0.89,2.09,6.83,2
2/18/2011 23:00,32921.97,7.78,3.19,2.68,1.68,10,3
2/19/2011 0:00,32922,8.33,6.61,2.24,1.62,6.39,2
2/19/2011 1:00,32922.04,9.44,7.19,2.24,3.63,6.17,3
2/19/2011 2:00,32922.08,7.78,5.89,2.68,3.53,5.96,3
2/19/2011 3:00,32922.13,6.11,4.73,1.79,4.17,5.74,3
2/19/2011 4:00,32922.17,5,3.95,0.89,2.2,5.52,3
2/19/2011 5:00,32922.21,5.56,4.34,1.34,1.5,5.3,3
2/19/2011 6:00,32922.25,4.44,2.77,1.79,5.97,5.08,3
2/19/2011 7:00,32922.29,5,2.82,2.24,0.87,4.87,42
2/19/2011 8:00,32922.34,7.22,4.32,3.58,0.86,4.65,200
2/19/2011 9:00,32922.38,7.22,2.65,2.24,0.94,4.43,345
2/19/2011 10:00,32922.42,10.56,3.28,0.45,2.04,4.21,628
2/19/2011 11:00,32922.46,10,2.75,1.79,1.59,3.99,384
2/19/2011 12:00,32922.5,12.22,4.37,2.24,2.97,3.78,601
2/19/2011 13:00,32922.55,13.33,3.32,1.34,2.39,1.29,602
2/19/2011 14:00,32922.59,11.11,1.54,0.45,4.21,5.32,411
2/19/2011 15:00,32922.63,11.11,1.8,1.34,3.07,5.33,201
2/19/2011 16:00,32922.67,10,2.28,0.89,3.74,5.34,69
2/19/2011 17:00,32922.71,8.33,3.12,1.79,3.93,5.36,11
2/19/2011 18:00,32922.76,7.78,3.57,0.45,3.6,5.37,3
2/19/2011 19:00,32922.8,6.67,1.72,0.45,1.66,5.39,3
2/19/2011 20:00,32922.84,6.67,3.24,0.45,3.75,5.4,3
2/19/2011 21:00,32922.88,5.56,3.86,0.89,4.28,5.41,3
2/19/2011 22:00,32922.92,6.11,4.57,0.45,3.94,5.43,3
2/19/2011 23:00,32922.97,8.33,6.61,1.34,2.22,6.61,2
2/20/2011 0:00,32923,5.56,2.69,3.58,0.72,5.45,3
2/20/2011 1:00,32923.04,5,2.32,2.24,6.27,5.47,3
2/20/2011 2:00,32923.08,5.56,2.51,2.68,6.02,5.48,3
2/20/2011 3:00,32923.13,5.56,2.69,1.34,0.47,5.49,3
2/20/2011 4:00,32923.17,5.56,3.2,3.13,0.75,5.51,3
2/20/2011 5:00,32923.21,5,2.49,0.89,5.64,5.52,3
2/20/2011 6:00,32923.25,4.44,2.77,0.45,3.79,5.53,6
2/20/2011 7:00,32923.29,6.11,3.75,1.34,1.34,5.55,109
2/20/2011 8:00,32923.34,7.78,4.14,1.34,3.72,5.56,211
2/20/2011 9:00,32923.38,10.56,5.46,0.89,4.28,5.57,501
2/20/2011 10:00,32923.42,10,5.13,0.89,3.6,5.59,578
2/20/2011 11:00,32923.46,11.11,5.15,2.24,3.56,5.6,651
2/20/2011 12:00,32923.5,11.11,3.56,0.45,3.56,5.61,530
2/20/2011 13:00,32923.55,14.44,4.35,1.34,3.82,0,633
2/20/2011 14:00,32923.59,13.33,3.32,1.34,4.29,6.34,375
2/20/2011 15:00,32923.63,13.33,3.04,0.45,4.64,6.28,416
2/20/2011 16:00,32923.67,12.22,2.84,0.89,4.14,6.22,183
2/20/2011 17:00,32923.71,8.33,1.17,0.45,4.33,6.16,19
2/20/2011 18:00,32923.76,8.33,0.22,1.34,5.6,6.1,2
2/20/2011 19:00,32923.8,8.89,1.7,1.79,6.2,6.04,3
2/20/2011 20:00,32923.84,7.78,0.65,1.34,1.54,5.98,3
2/20/2011 21:00,32923.88,7.78,2.38,1.34,1.62,5.92,3
2/20/2011 22:00,32923.92,7.22,1.85,1.34,2.18,5.86,3
2/20/2011 23:00,32923.97,6.11,3.06,3.13,1.41,5.44,3
2/21/2011 0:00,32924,7.22,2.26,1.34,1.68,5.74,3
2/21/2011 1:00,32924.04,5.56,3.03,1.34,1.87,5.68,3
2/21/2011 2:00,32924.08,5.56,3.03,1.34,1.43,5.62,3
2/21/2011 3:00,32924.13,5,2.99,1.79,1.33,5.56,3
2/21/2011 4:00,32924.17,5.56,3.7,1.79,1.31,5.5,3
2/21/2011 5:00,32924.21,5.56,3.86,1.79,1.1,5.44,3
2/21/2011 6:00,32924.25,4.44,2.61,1.79,1.29,5.38,5
2/21/2011 7:00,32924.29,5,2.15,1.34,1.73,5.32,43
2/21/2011 8:00,32924.34,7.78,2.38,0.45,3.96,5.26,240
2/21/2011 9:00,32924.38,10,3.43,0.89,3.94,5.2,466
2/21/2011 10:00,32924.42,11.11,2.58,2.68,3.67,5.14,535
2/21/2011 11:00,32924.46,11.67,4.79,0.45,0.3,5.08,454
2/21/2011 12:00,32924.5,13.89,4.12,0.45,0,5.02,561
2/21/2011 13:00,32924.55,12.78,2.81,0.89,4.36,7.37,399
2/21/2011 14:00,32924.59,12.22,2.01,1.34,3.93,6.15,386
2/21/2011 15:00,32924.63,11.67,0.63,1.34,3.23,5.87,256
2/21/2011 16:00,32924.67,11.67,2.32,0.45,2.46,5.59,119
2/21/2011 17:00,32924.71,10,2.04,1.34,1.54,5.31,18
2/21/2011 18:00,32924.76,8.89,2.38,1.34,1.15,5.03,2
2/21/2011 19:00,32924.8,8.89,2.82,1.34,1.03,4.75,2
2/21/2011 20:00,32924.84,8.89,4.65,2.24,1.13,4.47,3
2/21/2011 21:00,32924.88,7.22,3.23,2.24,1.29,4.19,3
2/21/2011 22:00,32924.92,7.78,3.76,2.68,1.19,3.91,3
2/21/2011 23:00,32924.97,7.78,2.59,0.89,1.43,5.8,3
2/22/2011 0:00,32925,6.11,2.15,3.58,1.05,3.35,3
2/22/2011 1:00,32925.04,7.22,3.23,2.68,1.1,3.07,3
2/22/2011 2:00,32925.08,7.22,2.26,3.13,1.05,2.79,3
2/22/2011 3:00,32925.13,6.11,0.99,3.13,1.34,2.51,3
2/22/2011 4:00,32925.17,6.67,1.32,3.13,1.17,2.23,3
2/22/2011 5:00,32925.21,6.11,1.58,3.58,0.72,1.96,3
2/22/2011 6:00,32925.25,6.67,1.92,3.13,0.96,1.68,7
2/22/2011 7:00,32925.29,7.22,1.44,1.79,0.93,1.4,125
2/22/2011 8:00,32925.34,9.44,2.91,0.89,4.26,1.12,318
2/22/2011 9:00,32925.38,12.22,5.09,1.79,3.89,0.84,496
2/22/2011 10:00,32925.42,12.78,4.14,0.45,4.22,0.56,629
2/22/2011 11:00,32925.46,13.89,2.97,1.34,4.28,0.28,706
2/22/2011 12:00,32925.5,14.44,3.19,1.34,4.36,0,720
2/22/2011 13:00,32925.55,15.56,2.27,1.79,5.41,0,666
2/22/2011 14:00,32925.59,14.44,0.92,1.79,3.96,0,552
2/22/2011 15:00,32925.63,15,2.43,0.89,3.65,0,387
2/22/2011 16:00,32925.67,14.44,2.25,0.89,3.86,0,182
2/22/2011 17:00,32925.71,10.56,2.31,0.45,4.68,0,27
2/22/2011 18:00,32925.76,9.44,1.75,0.45,5.1,0,2
2/22/2011 19:00,32925.8,8.33,2.71,0.45,0.38,0,3
2/22/2011 20:00,32925.84,8.89,4.06,1.34,1.48,0,3
2/22/2011 21:00,32925.88,8.33,3.53,1.79,1.36,0,3
2/22/2011 22:00,32925.92,7.22,3.23,1.34,1.01,0,3
2/22/2011 23:00,32925.97,7.22,3.96,3.58,0.86,3.63,3
2/23/2011 0:00,32926,8.33,3.53,1.79,1.06,0,3
2/23/2011 1:00,32926.04,5,1.97,0.45,2.58,0,3
2/23/2011 2:00,32926.08,6.67,4.29,1.79,1.03,0,3
2/23/2011 3:00,32926.13,6.11,3.23,3.13,1.2,0,3
2/23/2011 4:00,32926.17,5.56,2.69,2.24,1.31,0,3
2/23/2011 5:00,32926.21,6.11,3.41,2.68,1.4,0,3
2/23/2011 6:00,32926.25,5,2.49,2.68,1.24,0,9
2/23/2011 7:00,32926.29,6.67,2.87,1.79,1.33,0,109
2/23/2011 8:00,32926.34,8.89,4.65,0.89,3.67,0,309
2/23/2011 9:00,32926.38,9.44,4.99,1.79,4.03,0,351
2/23/2011 10:00,32926.42,11.67,3.35,1.79,4.15,0,607
2/23/2011 11:00,32926.46,13.33,4.4,1.34,4.24,0,701
2/23/2011 12:00,32926.5,15,4.58,0.45,5.88,0,733
2/23/2011 13:00,32926.55,15.56,2.94,0.89,5.36,4.63,538
2/23/2011 14:00,32926.59,15.56,4.21,1.79,5.85,0,541
2/23/2011 15:00,32926.63,15,3.08,1.34,5.29,0.3,383
2/23/2011 16:00,32926.67,13.89,2.97,0.45,0.65,0.6,184
2/23/2011 17:00,32926.71,11.11,3.32,0.45,4.08,0.91,29
2/23/2011 18:00,32926.76,8.33,2.71,0.45,5.64,1.21,2
2/23/2011 19:00,32926.8,8.33,3.53,0.45,3.23,1.51,3
2/23/2011 20:00,32926.84,7.78,1.54,1.79,6.18,1.81,3
2/23/2011 21:00,32926.88,8.33,4.3,1.34,0.59,2.12,3
2/23/2011 22:00,32926.92,6.67,2.69,0.45,3.77,2.42,3
2/23/2011 23:00,32926.97,7.78,3.76,1.79,1.43,0,3
2/24/2011 0:00,32927,6.11,1.58,1.34,0.19,3.02,3
2/24/2011 1:00,32927.04,6.11,3.06,2.24,1.1,3.32,3
2/24/2011 2:00,32927.08,5,2.82,0.45,1.27,3.63,3
2/24/2011 3:00,32927.13,4.44,2.44,0.45,3.89,3.93,3
2/24/2011 4:00,32927.17,3.89,1.73,0,5.39,4.23,3
2/24/2011 5:00,32927.21,5.56,2.69,1.34,1.47,4.53,3
2/24/2011 6:00,32927.25,3.89,2.22,1.79,1.1,4.84,10
2/24/2011 7:00,32927.29,5,1.62,0.89,3.8,5.14,118
2/24/2011 8:00,32927.34,8.89,4.46,1.34,3.47,5.44,261
2/24/2011 9:00,32927.38,9.44,4.39,0.89,5.71,5.74,364
2/24/2011 10:00,32927.42,12.22,3.62,0.45,4.14,6.04,432
2/24/2011 11:00,32927.46,16.11,5.32,0.89,5.64,6.35,668
2/24/2011 12:00,32927.5,12.22,0.54,1.34,4.21,6.65,487
2/24/2011 13:00,32927.55,12.22,1.44,0.89,4.01,8.45,337
2/24/2011 14:00,32927.59,12.22,2.01,0.45,4.12,7.87,313
2/24/2011 15:00,32927.63,11.67,0.33,0.45,3.68,7.96,208
2/24/2011 16:00,32927.67,10.56,1.02,0,5.18,8.06,82
2/24/2011 17:00,32927.71,10,1.29,0.45,4.19,8.16,13
2/24/2011 18:00,32927.76,9.44,1.99,0.89,1.54,8.26,3
2/24/2011 19:00,32927.8,8.89,0.99,0.89,2.39,8.35,3
2/24/2011 20:00,32927.84,8.89,1.23,0.89,2.11,8.45,3
2/24/2011 21:00,32927.88,9.44,2.22,0.89,3.58,8.55,3
2/24/2011 22:00,32927.92,8.89,2.82,0.45,1.9,8.64,3
2/24/2011 23:00,32927.97,5.56,2.16,1.79,0.14,2.72,3
2/25/2011 0:00,32928,7.22,3.04,1.79,2.18,8.84,3
2/25/2011 1:00,32928.04,6.67,3.6,1.34,1.94,8.93,2
2/25/2011 2:00,32928.08,6.11,4.08,2.68,1.88,9.03,2
2/25/2011 3:00,32928.13,7.22,4.67,5.81,1.73,9.13,2
2/25/2011 4:00,32928.17,6.11,3.75,2.24,1.82,9.22,2
2/25/2011 5:00,32928.21,6.11,3.58,1.79,1.75,9.32,2
2/25/2011 6:00,32928.25,6.67,3.6,5.81,1.66,9.42,3
2/25/2011 7:00,32928.29,7.22,3.78,2.24,2.15,9.52,15
2/25/2011 8:00,32928.34,9.44,4.6,0.89,3.02,9.61,86
2/25/2011 9:00,32928.38,10,4.31,2.68,2.67,9.71,99
2/25/2011 10:00,32928.42,9.44,3.13,2.24,2.84,9.81,114
2/25/2011 11:00,32928.46,9.44,6.13,2.68,2.43,9.9,150
2/25/2011 12:00,32928.5,9.44,6.31,1.34,4.28,10,136
2/25/2011 13:00,32928.55,8.89,5.95,2.24,3.39,10,167
2/25/2011 14:00,32928.59,9.44,7.7,1.34,4.19,10,111
2/25/2011 15:00,32928.63,8.89,7.48,2.68,3.94,9.55,46
2/25/2011 16:00,32928.67,6.67,3.42,5.36,5.95,9.09,40
2/25/2011 17:00,32928.71,6.67,1.92,2.68,6.27,8.64,13
2/25/2011 18:00,32928.76,6.11,2.15,0.45,3.44,8.18,3
2/25/2011 19:00,32928.8,6.67,3.06,0.45,4.35,7.73,3
2/25/2011 20:00,32928.84,6.11,4.08,0.89,4.19,7.27,3
2/25/2011 21:00,32928.88,5,1.8,0.45,4.26,6.82,3
2/25/2011 22:00,32928.92,4.44,-1.64,1.34,5.27,6.36,3
2/25/2011 23:00,32928.97,8.33,2.71,0.89,2.18,8.74,3
2/26/2011 0:00,32929,4.44,-1.22,0.89,6.02,5.45,3
2/26/2011 1:00,32929.04,4.44,-1.22,0.89,5.9,5,3
2/26/2011 2:00,32929.08,2.78,-0.9,0.45,4.59,4.55,3
2/26/2011 3:00,32929.13,2.22,-2.18,0.45,4.36,4.09,3
2/26/2011 4:00,32929.17,2.22,-0.74,0,1.95,3.64,3
2/26/2011 5:00,32929.21,0.56,-2.37,0,4.08,3.18,3
2/26/2011 6:00,32929.25,1.11,-2.52,0.45,2.88,2.73,7
2/26/2011 7:00,32929.29,3.33,-2.49,1.34,3.94,2.27,143
2/26/2011 8:00,32929.34,6.11,-1.86,0.89,4.14,1.82,353
2/26/2011 9:00,32929.38,8.89,-1.35,0.89,4.15,1.36,529
2/26/2011 10:00,32929.42,8.33,-1.31,0.89,4.12,0.91,663
2/26/2011 11:00,32929.46,8.33,-1.86,0.45,4.15,0.45,754
2/26/2011 12:00,32929.5,10.56,-2.59,2.24,3.79,0,737
2/26/2011 13:00,32929.55,10.56,-2.59,2.24,4.05,6.45,465
2/26/2011 14:00,32929.59,10,-3.44,0.89,5.17,0,667
2/26/2011 15:00,32929.63,7.78,-0.54,3.58,1.17,0,489
2/26/2011 16:00,32929.67,8.33,-0.53,4.02,6.04,0,251
2/26/2011 17:00,32929.71,6.11,-0.7,1.34,5.06,0,44
2/26/2011 18:00,32929.76,4.44,-1.02,0.45,5.17,0,3
2/26/2011 19:00,32929.8,3.33,-0.73,0.89,4.12,0,3
2/26/2011 20:00,32929.84,2.22,-2.56,1.79,6.07,0,3
2/26/2011 21:00,32929.88,2.22,-1.8,0.45,3.91,0,3
2/26/2011 22:00,32929.92,1.11,-2.17,0.89,3.86,0,3
2/26/2011 23:00,32929.97,5,-0.28,0.45,1.9,5.91,3
2/27/2011 0:00,32930,0,-2.58,1.34,4.08,0,3
2/27/2011 1:00,32930.04,0.56,-1.55,1.79,1.52,0,3
2/27/2011 2:00,32930.08,1.11,-1.16,1.79,1.82,0,3
2/27/2011 3:00,32930.13,2.22,-0.91,3.58,1.17,0,3
2/27/2011 4:00,32930.17,0,-2.41,1.34,3.87,0,3
2/27/2011 5:00,32930.21,1.11,-1.83,3.13,1.19,0,3
2/27/2011 6:00,32930.25,1.67,-3.48,3.13,1.29,0,11
2/27/2011 7:00,32930.29,5.56,-2.15,0.89,3.49,0,157
2/27/2011 8:00,32930.34,7.78,-0.79,0.45,3.02,0,354
2/27/2011 9:00,32930.38,8.33,0.47,2.24,3.4,0,529
2/27/2011 10:00,32930.42,10.56,1.29,1.79,2.16,0,660
2/27/2011 11:00,32930.46,9.44,-0.84,3.13,3.61,0,737
2/27/2011 12:00,32930.5,12.22,0.54,0.89,3.84,0,752
2/27/2011 13:00,32930.55,12.22,0.23,0.45,4.82,0,698
2/27/2011 14:00,32930.59,11.67,-1.59,0.45,3.05,0,584
2/27/2011 15:00,32930.63,12.22,0.23,0.89,3.68,0,419
2/27/2011 16:00,32930.67,11.67,-1.25,0.45,3.58,0,219
2/27/2011 17:00,32930.71,9.44,-1.41,0.45,3.11,0,37
2/27/2011 18:00,32930.76,7.78,-2.37,0.89,1.8,0,3
2/27/2011 19:00,32930.8,7.78,-0.3,1.34,1.27,0,3
2/27/2011 20:00,32930.84,6.11,0.79,2.68,1.68,0,3
2/27/2011 21:00,32930.88,6.11,0.79,2.24,1.13,0,3
2/27/2011 22:00,32930.92,6.11,1.58,2.68,1.05,0,3
2/27/2011 23:00,32930.97,0.56,-2.2,2.24,1.83,0,3
2/28/2011 0:00,32931,5,0.31,4.02,0.98,0,3
2/28/2011 1:00,32931.04,4.44,0.35,4.02,1.17,0,3
2/28/2011 2:00,32931.08,5,1.62,3.58,0.86,0,3
2/28/2011 3:00,32931.13,3.89,-0.01,4.92,1.13,0,3
2/28/2011 4:00,32931.17,5,0.7,3.13,1.26,0,3
2/28/2011 5:00,32931.21,4.44,0.53,4.02,1.03,0,3
2/28/2011 6:00,32931.25,5,0.31,5.81,1.08,0,11
2/28/2011 7:00,32931.29,5.56,-0.37,4.47,0.87,0,168
2/28/2011 8:00,32931.34,10,2.52,1.34,0.38,0,368
2/28/2011 9:00,32931.38,12.78,0.41,1.79,3.87,0,550
2/28/2011 10:00,32931.42,14.44,-2.15,1.34,3.75,0,684
2/28/2011 11:00,32931.46,15.56,-2.05,0.89,3.14,0,763
2/28/2011 12:00,32931.5,15.56,0.45,1.34,1.2,0,774
2/28/2011 13:00,32931.55,16.11,-0.68,0.45,0.52,0,714
2/28/2011 14:00,32931.59,20,1.36,0.45,2.83,0,598
2/28/2011 15:00,32931.63,18.33,-0.09,0.89,4,0.28,428
2/28/2011 16:00,32931.67,17.22,1.54,0.45,5.65,0.56,229
2/28/2011 17:00,32931.71,12.78,-2.41,0.45,5.13,0.84,35
2/28/2011 18:00,32931.76,12.22,0.54,1.79,0.98,1.13,3
2/28/2011 19:00,32931.8,9.44,-0.01,2.68,1.38,1.41,3
2/28/2011 20:00,32931.84,9.44,-0.01,2.24,1.17,1.69,3
2/28/2011 21:00,32931.88,8.89,0.5,3.13,1.01,1.97,3
2/28/2011 22:00,32931.92,8.33,0.94,3.58,1.38,2.25,3
2/28/2011 23:00,32931.97,5,0.51,2.68,1.34,0,3
3/1/2011 0:00,32932,7.22,0.79,2.24,1.26,2.81,3
3/1/2011 1:00,32932.04,5.56,0.65,4.02,1.4,3.1,3
3/1/2011 2:00,32932.08,5.56,0.45,3.58,1.48,3.38,3
3/1/2011 3:00,32932.13,5,0.51,3.13,1.4,3.66,3
3/1/2011 4:00,32932.17,6.11,0.58,4.02,1.52,3.94,3
3/1/2011 5:00,32932.21,4.44,0.35,2.24,1.24,4.22,3
3/1/2011 6:00,32932.25,5,-0.9,3.58,1.54,4.5,16
3/1/2011 7:00,32932.29,6.67,0.04,2.68,1.43,4.78,176
3/1/2011 8:00,32932.34,8.89,2.82,1.34,3.89,5.07,336
3/1/2011 9:00,32932.38,12.22,3.62,0.45,3.05,5.35,482
3/1/2011 10:00,32932.42,12.78,3.62,0.45,3.18,5.63,542
3/1/2011 11:00,32932.46,12.22,3.1,1.34,3.75,5.91,514
3/1/2011 12:00,32932.5,15,3.08,0.89,4.43,6.19,529
3/1/2011 13:00,32932.55,15,3.39,2.24,0.8,6.16,490
3/1/2011 14:00,32932.59,12.78,1.95,1.34,0.98,8.87,266
3/1/2011 15:00,32932.63,12.78,2.81,0.45,1.87,8.66,155
3/1/2011 16:00,32932.67,11.67,3.35,4.02,1.48,8.46,36
3/1/2011 17:00,32932.71,11.67,4.56,1.34,3.84,8.25,16
3/1/2011 18:00,32932.76,10.56,3.28,0.89,1.08,8.05,3
3/1/2011 19:00,32932.8,10.56,3.74,2.24,1.05,7.84,3
3/1/2011 20:00,32932.84,10.56,3.28,0.89,2.43,7.64,3
3/1/2011 21:00,32932.88,11.11,4.03,1.34,1.97,7.44,3
3/1/2011 22:00,32932.92,10.56,3.51,0.89,2.79,7.23,3
3/1/2011 23:00,32932.97,7.22,0.57,4.47,1.06,2.53,3
3/2/2011 0:00,32933,11.67,4.33,2.24,0.96,6.82,3
3/2/2011 1:00,32933.04,10.56,4.62,4.47,1.01,6.62,3
3/2/2011 2:00,32933.08,10.56,3.28,3.13,3.39,6.41,3
3/2/2011 3:00,32933.13,8.89,2.82,0.89,2.62,6.21,3
3/2/2011 4:00,32933.17,8.89,3.66,1.79,2.15,6,3
3/2/2011 5:00,32933.21,8.33,5.41,1.34,1.71,5.8,2
3/2/2011 6:00,32933.25,8.89,6.13,2.68,1.26,5.59,6
3/2/2011 7:00,32933.29,8.89,5.22,3.13,1.55,5.39,24
3/2/2011 8:00,32933.34,11.11,6.8,3.58,1.68,5.18,79
3/2/2011 9:00,32933.38,12.78,8.42,1.34,2.37,4.98,166
3/2/2011 10:00,32933.42,15,9.31,0.89,2.02,4.77,239
3/2/2011 11:00,32933.46,17.78,9.09,1.79,2.98,4.57,490
3/2/2011 12:00,32933.5,20,10.91,1.34,2.3,4.36,621
3/2/2011 13:00,32933.55,19.44,9.28,1.79,3.87,4.16,581
3/2/2011 14:00,32933.59,18.33,7.67,3.58,3.65,2.77,521
3/2/2011 15:00,32933.63,18.33,9.35,3.13,3.56,2.64,423
3/2/2011 16:00,32933.67,17.22,8.83,1.79,3.6,2.51,219
3/2/2011 17:00,32933.71,15.56,9.18,2.24,3.39,2.39,31
3/2/2011 18:00,32933.76,13.89,9.09,0.45,1.69,2.26,3
3/2/2011 19:00,32933.8,12.78,8.81,0.89,1.29,2.14,3
3/2/2011 20:00,32933.84,12.78,8.81,1.34,1.73,2.01,3
3/2/2011 21:00,32933.88,13.33,9.92,1.79,1.69,1.89,3
3/2/2011 22:00,32933.92,12.78,9.75,0.89,2.37,1.76,3
3/2/2011 23:00,32933.97,10.56,3.51,3.13,1.68,7.03,3
3/3/2011 0:00,32934,12.22,9.39,0.89,2.23,1.51,3
3/3/2011 1:00,32934.04,13.33,10.3,0.45,2.23,1.38,3
3/3/2011 2:00,32934.08,12.22,9.93,0.89,4.24,1.26,3
3/3/2011 3:00,32934.13,11.11,9.51,0.45,4.15,1.13,3
3/3/2011 4:00,32934.17,12.22,10.27,0.45,4.31,1.01,3
3/3/2011 5:00,32934.21,12.22,8.65,1.34,0.89,0.88,3
3/3/2011 6:00,32934.25,11.11,8.12,0.45,5.45,0.75,12
3/3/2011 7:00,32934.29,13.89,9.09,1.79,0,0.63,118
3/3/2011 8:00,32934.34,15,10.16,0.45,2.97,0.5,137
3/3/2011 9:00,32934.38,20,13.65,0.89,5.74,0.38,370
3/3/2011 10:00,32934.42,18.33,10.13,0.45,1.13,0.25,660
3/3/2011 11:00,32934.46,20,9.21,1.79,4.21,0.13,590
3/3/2011 12:00,32934.5,20.56,9.12,0.89,4.12,0,776
3/3/2011 13:00,32934.55,22.78,11.16,0.45,4.66,0.79,656
3/3/2011 14:00,32934.59,20,7.97,0.89,4.87,0,586
3/3/2011 15:00,32934.63,20,7.65,2.24,5.53,0,424
3/3/2011 16:00,32934.67,18.89,8.48,0.45,1.05,0,225
3/3/2011 17:00,32934.71,14.44,6.47,0.45,4.05,0,39
3/3/2011 18:00,32934.76,12.78,4.9,1.79,6.16,0,3
3/3/2011 19:00,32934.8,13.33,4.92,1.34,5.6,0,3
3/3/2011 20:00,32934.84,13.33,5.42,0.45,1.85,0,3
3/3/2011 21:00,32934.88,11.67,6.33,1.79,1.08,0,3
3/3/2011 22:00,32934.92,11.67,5.9,2.24,1.06,0,3
3/3/2011 23:00,32934.97,11.67,9.2,0.45,2.62,1.63,3
3/4/2011 0:00,32935,10,4.52,1.79,1.06,0,3
3/4/2011 1:00,32935.04,9.44,3.77,1.79,1.5,0,3
3/4/2011 2:00,32935.08,10,3.43,1.34,1.68,0,3
3/4/2011 3:00,32935.13,8.89,1.93,0.89,1.01,0,3
3/4/2011 4:00,32935.17,7.78,2.79,2.68,1.13,0,3
3/4/2011 5:00,32935.21,8.33,3.72,2.24,1.19,0,3
3/4/2011 6:00,32935.25,8.33,2.92,1.79,1.4,0,17
3/4/2011 7:00,32935.29,11.11,5.15,1.79,1.19,0,174
3/4/2011 8:00,32935.34,12.78,3.36,0.89,0.84,0,372
3/4/2011 9:00,32935.38,16.11,7.78,0.45,4.45,0,552
3/4/2011 10:00,32935.42,16.67,7.25,0.89,3.67,0,681
3/4/2011 11:00,32935.46,18.89,8.18,0.89,3.61,0,755
3/4/2011 12:00,32935.5,19.44,8.09,0.45,3.4,0,761
3/4/2011 13:00,32935.55,20.56,8.16,0.45,4.05,0,666
3/4/2011 14:00,32935.59,21.67,10.14,1.34,5.76,3.26,518
3/4/2011 15:00,32935.63,20,8.29,0.89,4.96,3.11,333
3/4/2011 16:00,32935.67,16.11,5.32,0.89,4.17,2.96,152
3/4/2011 17:00,32935.71,15,5.7,0.45,4.71,2.82,37
3/4/2011 18:00,32935.76,13.33,5.42,1.79,0.59,2.67,3
3/4/2011 19:00,32935.8,13.33,5.66,1.79,0.54,2.52,3
3/4/2011 20:00,32935.84,12.22,5.09,0.89,5.11,2.37,3
3/4/2011 21:00,32935.88,12.22,7.68,1.79,0.98,2.22,3
3/4/2011 22:00,32935.92,10.56,6.65,2.24,1.13,2.08,3
3/4/2011 23:00,32935.97,10,4.93,2.68,1.13,0,3
3/5/2011 0:00,32936,11.11,7,3.58,1.17,1.78,3
3/5/2011 1:00,32936.04,10.56,6.46,3.58,1.19,1.63,3
3/5/2011 2:00,32936.08,10,5.73,1.79,1.66,1.48,3
3/5/2011 3:00,32936.13,8.89,4.84,2.68,1.48,1.33,3
3/5/2011 4:00,32936.17,9.44,4.8,4.47,1.24,1.19,3
3/5/2011 5:00,32936.21,9.44,3.35,4.02,1.19,1.04,3
3/5/2011 6:00,32936.25,9.44,3.98,2.24,1.1,0.89,11
3/5/2011 7:00,32936.29,10.56,4.41,1.34,1.26,0.74,157
3/5/2011 8:00,32936.34,12.78,5.61,0.89,1.17,0.59,336
3/5/2011 9:00,32936.38,20,9.8,0.45,5.08,0.44,533
3/5/2011 10:00,32936.42,18.33,7.67,0.45,4.19,0.3,656
3/5/2011 11:00,32936.46,18.33,8.81,0.89,0.23,0.15,743
3/5/2011 12:00,32936.5,21.11,9.63,1.34,3.44,0,746
3/5/2011 13:00,32936.55,22.78,8.44,1.34,4.73,0,699
3/5/2011 14:00,32936.59,20.56,10.02,1.34,5.9,0,574
3/5/2011 15:00,32936.63,21.11,8.33,0.89,4.94,0.41,373
3/5/2011 16:00,32936.67,18.89,5.97,0.89,5.52,0.83,149
3/5/2011 17:00,32936.71,16.67,7.25,0,0.47,1.24,45
3/5/2011 18:00,32936.76,14.44,5.71,0.45,4.61,1.66,3
3/5/2011 19:00,32936.8,14.44,6.95,0.89,0.68,2.07,3
3/5/2011 20:00,32936.84,14.44,8.78,1.34,1.08,2.49,3
3/5/2011 21:00,32936.88,13.89,6.9,1.34,1.48,2.9,3
3/5/2011 22:00,32936.92,13.89,8.25,3.13,1.29,3.31,3
3/5/2011 23:00,32936.97,11.11,7.19,2.68,1.13,1.93,3
3/6/2011 0:00,32937,12.78,8.42,2.68,1.12,4.14,3
3/6/2011 1:00,32937.04,13.89,8.03,2.24,1.29,4.56,3
3/6/2011 2:00,32937.08,13.89,8.25,0.89,4.26,4.97,3
3/6/2011 3:00,32937.13,12.22,7.88,1.34,1.54,5.38,3
3/6/2011 4:00,32937.17,13.33,9.15,0.89,5.86,5.8,3
3/6/2011 5:00,32937.21,12.22,7.68,0.45,2.32,6.21,3
3/6/2011 6:00,32937.25,12.22,8.07,0.45,4.01,6.63,6
3/6/2011 7:00,32937.29,11.67,8.67,0.45,4.33,7.04,34
3/6/2011 8:00,32937.34,13.33,10.11,1.34,1.12,7.46,74
3/6/2011 9:00,32937.38,12.78,9,1.34,0.86,7.87,109
3/6/2011 10:00,32937.42,13.33,10.66,2.68,0.82,8.28,143
3/6/2011 11:00,32937.46,13.89,10.84,2.24,1.2,8.7,213
3/6/2011 12:00,32937.5,15,10.57,4.92,0.63,9.11,334
3/6/2011 13:00,32937.55,15.56,8.48,3.13,1.62,10,170
3/6/2011 14:00,32937.59,16.11,7.27,1.34,2.09,9.48,235
3/6/2011 15:00,32937.63,16.11,7.27,1.34,2.11,9.05,172
3/6/2011 16:00,32937.67,16.11,9.48,2.68,3.53,8.62,89
3/6/2011 17:00,32937.71,14.44,8.78,0.45,3.21,8.18,16
3/6/2011 18:00,32937.76,14.44,8.99,1.34,2.9,7.75,3
3/6/2011 19:00,32937.8,13.89,8.88,1.34,2.04,7.32,3
3/6/2011 20:00,32937.84,14.44,9.21,1.34,2.65,6.89,3
3/6/2011 21:00,32937.88,13.33,8.55,1.79,2.25,6.46,3
3/6/2011 22:00,32937.92,13.89,9.29,1.79,2.04,6.03,3
3/6/2011 23:00,32937.97,13.89,8.25,0.89,4.15,3.73,3
3/7/2011 0:00,32938,12.22,10.61,0.89,3.65,5.17,3
3/7/2011 1:00,32938.04,11.11,9.85,0,5.22,4.74,2
3/7/2011 2:00,32938.08,10.56,9.3,1.79,5.15,4.31,2
3/7/2011 3:00,32938.13,11.11,9.35,0.89,4.15,3.88,2
3/7/2011 4:00,32938.17,10,6.67,0.89,4.38,3.45,3
3/7/2011 5:00,32938.21,10,5.53,2.68,5.29,3.02,3
3/7/2011 6:00,32938.25,8.89,6.82,0.89,4.08,2.58,21
3/7/2011 7:00,32938.29,9.44,4.19,3.13,4.75,2.15,79
3/7/2011 8:00,32938.34,10.56,5.67,1.79,5.29,1.72,183
3/7/2011 9:00,32938.38,10,4.72,1.34,5.29,1.29,277
3/7/2011 10:00,32938.42,13.33,7.06,3.13,4.57,0.86,589
3/7/2011 11:00,32938.46,13.33,6.37,1.34,4.85,0.43,592
3/7/2011 12:00,32938.5,15.56,6.48,4.47,5.39,0,743
3/7/2011 13:00,32938.55,15,4.58,3.13,5.45,0,690
3/7/2011 14:00,32938.59,15.56,5.1,1.79,4.75,0,587
3/7/2011 15:00,32938.63,14.44,4.63,1.34,5.5,0,393
3/7/2011 16:00,32938.67,13.33,2.17,1.79,5.29,0,227
3/7/2011 17:00,32938.71,11.11,2.07,0.89,4.64,0,46
3/7/2011 18:00,32938.76,11.11,2.07,2.68,5.99,0,3
3/7/2011 19:00,32938.8,11.11,3.56,1.79,5.48,0,3
3/7/2011 20:00,32938.84,10.56,3.51,0.89,5.48,0,3
3/7/2011 21:00,32938.88,10,4.31,0.89,5.15,0,3
3/7/2011 22:00,32938.92,8.33,3.33,0.89,4.92,0,3
3/7/2011 23:00,32938.97,12.78,9,1.79,3.93,5.6,3
3/8/2011 0:00,32939,6.67,3.42,0.89,4.05,0,3
3/8/2011 1:00,32939.04,7.22,3.96,0.45,3.82,0,3
3/8/2011 2:00,32939.08,7.22,4.67,1.34,1.38,0,3
3/8/2011 3:00,32939.13,6.11,2.88,1.79,1.31,0,3
3/8/2011 4:00,32939.17,5.56,2.86,1.79,1.36,0,3
3/8/2011 5:00,32939.21,5.56,2.69,1.79,1.54,0,3
3/8/2011 6:00,32939.25,6.11,3.23,0.45,2.48,0,18
3/8/2011 7:00,32939.29,9.44,4.99,0.89,1.69,0,190
3/8/2011 8:00,32939.34,12.78,6.97,0.89,4.47,0,384
3/8/2011 9:00,32939.38,15,7.24,0.89,2.29,0,561
3/8/2011 10:00,32939.42,14.44,6.22,2.24,3.47,0,706
3/8/2011 11:00,32939.46,16.11,5.9,0.89,1.9,0,767
3/8/2011 12:00,32939.5,17.78,6.86,0.89,3.44,0,774
3/8/2011 13:00,32939.55,16.67,4.28,1.79,0.87,0,718
3/8/2011 14:00,32939.59,19.44,7.14,0.89,3.58,0,600
3/8/2011 15:00,32939.63,16.11,4.41,1.34,0.93,0,436
3/8/2011 16:00,32939.67,17.78,6.86,0.89,0.52,0,243
3/8/2011 17:00,32939.71,14.44,5.96,0.45,4.03,0,40
3/8/2011 18:00,32939.76,14.44,6.22,0.45,5.5,0,3
3/8/2011 19:00,32939.8,14.44,6.22,1.34,1.36,0,3
3/8/2011 20:00,32939.84,14.44,6.22,1.34,1.54,0,3
3/8/2011 21:00,32939.88,13.33,6.14,0.89,1.05,0,3
3/8/2011 22:00,32939.92,13.89,7.59,0.89,1.12,0,3
3/8/2011 23:00,32939.97,8.33,4.11,0.89,3.94,0,3
3/9/2011 0:00,32940,12.22,5.55,0.89,1.83,0,3
3/9/2011 1:00,32940.04,11.11,6.6,1.79,1.45,0,3
3/9/2011 2:00,32940.08,10.56,7.03,1.79,1.34,0,3
3/9/2011 3:00,32940.13,10.56,6.26,3.13,1.08,0,3
3/9/2011 4:00,32940.17,10,6.11,3.13,1.43,0,3
3/9/2011 5:00,32940.21,9.44,5.57,2.68,1.12,0,3
3/9/2011 6:00,32940.25,10.56,7.03,3.13,0.89,0,26
3/9/2011 7:00,32940.29,10.56,6.07,3.58,1.08,0,160
3/9/2011 8:00,32940.34,15.56,7.26,0.45,3.63,0,385
3/9/2011 9:00,32940.38,20,10.36,0.45,0.93,0,570
3/9/2011 10:00,32940.42,21.11,10.24,1.34,1.61,0,700
3/9/2011 11:00,32940.46,23.89,14.28,0.89,5.5,0,772
3/9/2011 12:00,32940.5,23.89,13.11,1.34,5.76,0,781
3/9/2011 13:00,32940.55,25,14.44,0.45,4.01,0,736
3/9/2011 14:00,32940.59,23.89,11.54,0.45,5.34,0,612
3/9/2011 15:00,32940.63,23.89,13.41,0.89,5.22,0,441
3/9/2011 16:00,32940.67,21.11,11.4,0.45,4.35,0,236
3/9/2011 17:00,32940.71,17.22,11.22,0.45,4.1,0,37
3/9/2011 18:00,32940.76,16.11,10.6,1.34,0.79,0,3
3/9/2011 19:00,32940.8,15,10.36,1.34,1.47,0,3
3/9/2011 20:00,32940.84,14.44,11.19,1.34,0.75,0,3
3/9/2011 21:00,32940.88,12.78,9.93,2.24,1.22,0,3
3/9/2011 22:00,32940.92,13.33,10.66,2.68,1.5,0,3
3/9/2011 23:00,32940.97,13.33,7.28,2.24,1.95,0,3
3/10/2011 0:00,32941,12.78,8.81,4.02,1.26,0,3
3/10/2011 1:00,32941.04,11.67,6.94,3.13,1.5,0,3
3/10/2011 2:00,32941.08,11.11,6,3.13,1.48,0,3
3/10/2011 3:00,32941.13,11.67,6.74,3.13,1.34,0,3
3/10/2011 4:00,32941.17,11.67,6.11,1.79,1.55,0,3
3/10/2011 5:00,32941.21,11.11,5.79,2.24,1.27,0,3
3/10/2011 6:00,32941.25,11.11,5.37,2.68,1.19,0,20
3/10/2011 7:00,32941.29,13.33,5.42,2.68,1.1,0,194
3/10/2011 8:00,32941.34,16.11,9.25,0.89,4.17,0,396
3/10/2011 9:00,32941.38,18.89,11.41,1.79,4.22,0,568
3/10/2011 10:00,32941.42,20,8.91,1.34,4.4,0,696
3/10/2011 11:00,32941.46,23.89,12.81,0.45,3.8,0,765
3/10/2011 12:00,32941.5,25.56,14.96,1.79,0.03,0,767
3/10/2011 13:00,32941.55,25.56,14.66,0.89,5.85,1.55,677
3/10/2011 14:00,32941.59,23.89,10.87,1.34,5.01,0,602
3/10/2011 15:00,32941.63,22.78,12.96,2.24,5.34,0,440
3/10/2011 16:00,32941.67,22.22,11.57,1.34,5.85,0,249
3/10/2011 17:00,32941.71,16.67,8.81,0.45,5.59,0,38
3/10/2011 18:00,32941.76,15.56,8.95,0.45,4.42,0,3
3/10/2011 19:00,32941.8,12.78,9.19,0.45,4.45,0,3
3/10/2011 20:00,32941.84,12.78,8.42,0.89,5.83,0,3
3/10/2011 21:00,32941.88,12.22,7.68,0.45,3.35,0,3
3/10/2011 22:00,32941.92,11.11,8.66,0.89,4.24,0,3
3/10/2011 23:00,32941.97,12.78,9.57,3.58,0.96,0,3
3/11/2011 0:00,32942,11.11,8.3,1.34,1.88,0,3
3/11/2011 1:00,32942.04,8.89,7.48,0.89,2.78,0,3
3/11/2011 2:00,32942.08,10.56,8.8,1.79,1.12,0,3
3/11/2011 3:00,32942.13,7.78,6.54,0.89,3.49,0,3
3/11/2011 4:00,32942.17,8.89,7.81,0.45,4.28,0,3
3/11/2011 5:00,32942.21,8.33,7.25,0.45,3.89,0,3
3/11/2011 6:00,32942.25,8.33,7.25,0.45,3.61,0,21
3/11/2011 7:00,32942.29,8.89,7.81,1.79,1.08,0,95
3/11/2011 8:00,32942.34,10,8.91,0.45,4.73,0,152
3/11/2011 9:00,32942.38,12.22,9.75,0.89,3.98,0,170
3/11/2011 10:00,32942.42,13.33,10.48,0.45,1.19,0,181
3/11/2011 11:00,32942.46,14.44,10.23,2.68,0.84,0,584
3/11/2011 12:00,32942.5,13.89,9.29,2.68,1.33,0,796
3/11/2011 13:00,32942.55,17.22,6.35,0.45,5.6,4.78,589
3/11/2011 14:00,32942.59,15.56,4.81,0.45,3.16,7.25,385
3/11/2011 15:00,32942.63,15.56,5.94,0.45,3.94,6.92,155
3/11/2011 16:00,32942.67,18.89,7.58,1.34,5.9,6.59,216
3/11/2011 17:00,32942.71,13.33,5.17,0.45,5.76,6.26,47
3/11/2011 18:00,32942.76,11.67,3.6,0.45,5.65,5.93,3
3/11/2011 19:00,32942.8,11.67,5.47,1.79,0.86,5.6,3
3/11/2011 20:00,32942.84,10.56,5.26,4.02,0.86,5.27,3
3/11/2011 21:00,32942.88,10,3.88,0.45,5.52,4.95,3
3/11/2011 22:00,32942.92,10.56,4.62,1.79,6.18,4.62,3
3/11/2011 23:00,32942.97,10.56,8.29,1.79,1.41,0,3
3/12/2011 0:00,32943,10,5.92,1.79,1.82,3.96,3
3/12/2011 1:00,32943.04,8.89,5.77,2.24,1.01,3.63,3
3/12/2011 2:00,32943.08,8.33,5.23,0.89,4.07,3.3,3
3/12/2011 3:00,32943.13,7.78,5.21,0.45,1.76,2.97,3
3/12/2011 4:00,32943.17,7.78,3.95,0.45,0.79,2.64,3
3/12/2011 5:00,32943.21,8.33,6.1,0.89,0.86,2.31,3
3/12/2011 6:00,32943.25,8.89,6.48,2.68,1.05,1.98,25
3/12/2011 7:00,32943.29,10,6.49,0.89,1.26,1.65,120
3/12/2011 8:00,32943.34,11.11,7.19,1.34,3.7,1.32,340
3/12/2011 9:00,32943.38,15.56,8.95,0.45,3.91,0.99,561
3/12/2011 10:00,32943.42,15.56,7.76,0.45,5.39,0.66,495
3/12/2011 11:00,32943.46,17.22,8.57,0.89,3.75,0.33,490
3/12/2011 12:00,32943.5,23.33,10.7,1.34,5.67,0,806
3/12/2011 13:00,32943.55,21.11,8,1.34,4.66,0,752
3/12/2011 14:00,32943.59,20,6.98,0.45,2.01,0,617
3/12/2011 15:00,32943.63,18.89,4.93,1.79,4.14,0.42,451
3/12/2011 16:00,32943.67,18.33,6.45,0.89,4.75,0.85,242
3/12/2011 17:00,32943.71,15,5.15,0.45,5.03,1.27,53
3/12/2011 18:00,32943.76,13.33,4.92,0,4.82,1.69,3
3/12/2011 19:00,32943.8,12.78,5.14,1.34,0.05,2.11,3
3/12/2011 20:00,32943.84,11.67,6.53,1.34,1.29,2.54,3
3/12/2011 21:00,32943.88,11.11,6.2,3.13,1.43,2.96,3
3/12/2011 22:00,32943.92,10,5.92,0.45,3.39,3.38,3
3/12/2011 23:00,32943.97,9.44,5.57,3.13,1.26,4.29,3
3/13/2011 0:00,32944,10.56,6.46,2.24,1.43,4.23,3
3/13/2011 1:00,32944.04,8.6,5.7,0.7,3.54,4.65,0
3/13/2011 2:00,32944.08,9.58,6.55,2.46,2.49,5.07,3
3/13/2011 3:00,32944.13,10.56,7.4,2.68,1.43,5.5,3
3/13/2011 4:00,32944.17,10,6.49,0.89,1.34,5.92,3
3/13/2011 5:00,32944.21,10,7.39,2.68,0.75,6.34,3
3/13/2011 6:00,32944.25,10,5.92,1.79,1.55,6.77,3
3/13/2011 7:00,32944.29,10,7.04,3.13,1.26,7.19,29
3/13/2011 8:00,32944.34,12.78,7.6,2.24,1.52,7.61,184
3/13/2011 9:00,32944.38,14.44,6.95,0.89,3.63,8.04,256
3/13/2011 10:00,32944.42,16.67,7.52,1.79,3.58,8.46,420
3/13/2011 11:00,32944.46,17.22,5.11,0.89,3.28,8.88,481
3/13/2011 12:00,32944.5,17.78,5.62,0.45,2.04,9.3,330
3/13/2011 13:00,32944.55,18.33,6.45,0.89,4.07,5.76,549
3/13/2011 14:00,32944.59,21.67,8.15,0.89,5.88,5.22,488
3/13/2011 15:00,32944.63,20,8.29,0.45,5.72,5.07,319
3/13/2011 16:00,32944.67,19.44,7.47,0.89,4.64,4.92,237
3/13/2011 17:00,32944.71,16.67,6.41,0.89,5.62,4.77,97
3/13/2011 18:00,32944.76,16.11,7,1.79,5.93,4.63,21
3/13/2011 19:00,32944.8,15,6.74,2.24,1.2,4.48,3
3/13/2011 20:00,32944.84,15.56,7.51,1.34,1.47,4.33,3
3/13/2011 21:00,32944.88,14.44,7.19,0.45,0.3,4.18,3
3/13/2011 22:00,32944.92,13.33,6.14,2.24,1.4,4.03,3
3/13/2011 23:00,32944.97,11.11,7.94,3.13,1.12,3.81,3
3/14/2011 0:00,32945,13.89,6.67,3.13,0.96,3.73,3
3/14/2011 1:00,32945.04,13.89,7.13,3.58,1.22,3.58,3
3/14/2011 2:00,32945.08,12.78,7.39,1.34,4.19,3.43,3
3/14/2011 3:00,32945.13,12.78,7.6,0.89,4.19,3.29,3
3/14/2011 4:00,32945.17,11.11,6.8,0.45,4.69,3.14,3
3/14/2011 5:00,32945.21,11.67,6.94,0.45,5.59,2.99,3
3/14/2011 6:00,32945.25,11.67,6.33,0.45,5.11,2.84,3
3/14/2011 7:00,32945.29,12.78,7.81,0.45,2.01,2.69,31
3/14/2011 8:00,32945.34,17.22,9.08,1.34,3.65,2.54,216
3/14/2011 9:00,32945.38,16.11,8.53,1.34,3.65,2.39,390
3/14/2011 10:00,32945.42,19.44,9.84,0.45,3.89,2.24,581
3/14/2011 11:00,32945.46,20.56,9.12,0.45,2.41,2.09,678
3/14/2011 12:00,32945.5,23.89,12.19,0.89,4.99,1.94,740
3/14/2011 13:00,32945.55,21.67,10.75,1.34,4.1,0.95,700
3/14/2011 14:00,32945.59,26.11,15.77,1.34,5.34,4.06,533
3/14/2011 15:00,32945.63,25,13.53,0.45,4.12,4.03,548
3/14/2011 16:00,32945.67,23.89,11.21,0.89,5.34,3.99,386
3/14/2011 17:00,32945.71,23.33,12.6,0.89,5.27,3.95,191
3/14/2011 18:00,32945.76,17.78,10.11,0.89,5.69,3.91,31
3/14/2011 19:00,32945.8,17.22,9.34,1.34,5.48,3.87,3
3/14/2011 20:00,32945.84,17.22,9.83,1.34,1.34,3.84,3
3/14/2011 21:00,32945.88,15,10.77,0.89,6.21,3.8,3
3/14/2011 22:00,32945.92,15,10.36,1.79,1.34,3.76,3
3/14/2011 23:00,32945.97,12.78,8.81,3.58,1.01,3.88,3
3/15/2011 0:00,32946,13.33,9.54,2.68,0.86,3.68,3
3/15/2011 1:00,32946.04,12.78,9.75,1.34,0.94,3.65,3
3/15/2011 2:00,32946.08,11.67,9.03,0.45,2.25,3.61,3
3/15/2011 3:00,32946.13,12.78,9.57,2.24,1.4,3.57,3
3/15/2011 4:00,32946.17,11.67,9.55,0.89,4.29,3.53,3
3/15/2011 5:00,32946.21,11.11,7.94,0.89,1.2,3.49,3
3/15/2011 6:00,32946.25,11.67,7.54,1.79,1.1,3.46,3
3/15/2011 7:00,32946.29,11.67,7.54,2.68,1.24,3.42,22
3/15/2011 8:00,32946.34,12.78,8.01,1.79,1.08,3.38,128
3/15/2011 9:00,32946.38,16.67,10.24,0.89,1.73,3.34,219
3/15/2011 10:00,32946.42,20,11.7,2.24,2.36,3.3,463
3/15/2011 11:00,32946.46,20,10.91,1.34,3.75,3.27,710
3/15/2011 12:00,32946.5,22.78,12.67,0.89,4.01,3.23,711
3/15/2011 13:00,32946.55,20,11.44,1.34,0.75,0,709
3/15/2011 14:00,32946.59,20.56,11.7,1.79,0.52,0,637
3/15/2011 15:00,32946.63,21.67,12.47,1.34,0.37,0.32,549
3/15/2011 16:00,32946.67,21.67,12.47,1.79,0.99,0.64,425
3/15/2011 17:00,32946.71,20.56,11.7,0.89,0.86,0.97,190
3/15/2011 18:00,32946.76,18.89,10.14,0.89,5.69,1.29,30
3/15/2011 19:00,32946.8,17.78,10.59,1.79,0.56,1.61,3
3/15/2011 20:00,32946.84,18.33,10.13,1.79,5.24,1.93,3
3/15/2011 21:00,32946.88,17.22,11.22,1.79,5.39,2.25,3
3/15/2011 22:00,32946.92,16.67,10.69,2.68,5.86,2.57,3
3/15/2011 23:00,32946.97,13.89,9.89,2.68,0.99,3.72,3
3/16/2011 0:00,32947,16.11,11.44,1.34,4.05,3.22,3
3/16/2011 1:00,32947.04,15,10.77,1.34,1.24,3.54,3
3/16/2011 2:00,32947.08,16.11,11.02,1.34,3.61,3.86,3
3/16/2011 3:00,32947.13,13.89,11.39,0.45,4.07,4.18,3
3/16/2011 4:00,32947.17,14.44,12.11,0.89,4.19,4.5,3
3/16/2011 5:00,32947.21,14.44,12.29,0,3.21,4.83,3
3/16/2011 6:00,32947.25,13.33,11.37,0.45,0.87,5.15,3
3/16/2011 7:00,32947.29,13.89,11.92,1.79,5.22,5.47,7
3/16/2011 8:00,32947.34,12.78,10.99,0.89,5.08,5.79,20
3/16/2011 9:00,32947.38,12.78,9.93,1.79,4.01,6.11,92
3/16/2011 10:00,32947.42,12.22,8.27,2.68,5.6,6.43,79
3/16/2011 11:00,32947.46,16.11,10.16,2.24,5.43,6.76,283
3/16/2011 12:00,32947.5,16.67,9.3,2.24,5.76,7.08,517
3/16/2011 13:00,32947.55,13.89,6.9,1.34,4.14,9.81,267
3/16/2011 14:00,32947.59,15,8.19,1.79,5.31,9.04,284
3/16/2011 15:00,32947.63,16.67,9.3,2.24,4.42,8.62,386
3/16/2011 16:00,32947.67,15.56,9.18,0.45,4.26,8.21,308
3/16/2011 17:00,32947.71,12.78,6.97,0.89,5.08,7.8,162
3/16/2011 18:00,32947.76,12.22,7.07,0.45,5.53,7.39,45
3/16/2011 19:00,32947.8,10,6.49,0.45,4.24,6.98,4
3/16/2011 20:00,32947.84,9.44,6.31,0.45,5.71,6.57,3
3/16/2011 21:00,32947.88,9.44,5.76,0.45,4.94,6.16,3
3/16/2011 22:00,32947.92,8.89,5.77,0.45,5.9,5.75,3
3/16/2011 23:00,32947.97,16.11,10.38,1.34,5.62,2.9,3
3/17/2011 0:00,32948,8.89,4.46,0.45,5.85,4.93,3
3/17/2011 1:00,32948.04,7.78,4.86,0.89,1.5,4.52,3
3/17/2011 2:00,32948.08,7.22,4.84,0.45,3.09,4.11,3
3/17/2011 3:00,32948.13,8.89,6.65,1.34,1.27,3.7,3
3/17/2011 4:00,32948.17,6.67,5.12,2.24,1.68,3.29,3
3/17/2011 5:00,32948.21,7.78,5.56,1.34,1.2,2.87,3
3/17/2011 6:00,32948.25,8.33,5.41,1.34,4.07,2.46,3
3/17/2011 7:00,32948.29,5.56,4.02,0.45,6.11,2.05,32
3/17/2011 8:00,32948.34,9.44,6.67,0.89,0.63,1.64,200
3/17/2011 9:00,32948.38,12.78,6.53,0.45,1.01,1.23,411
3/17/2011 10:00,32948.42,13.89,7.81,1.34,4.19,0.82,561
3/17/2011 11:00,32948.46,15,5.96,1.34,3.98,0.41,721
3/17/2011 12:00,32948.5,17.22,8.04,0.89,4.05,0,792
3/17/2011 13:00,32948.55,17.22,7.49,0.89,4.19,0,801
3/17/2011 14:00,32948.59,18.89,8.18,0.45,5.52,0,735
3/17/2011 15:00,32948.63,20.56,9.12,1.34,0.65,0.43,617
3/17/2011 16:00,32948.67,19.44,5.06,1.34,5.06,0.87,449
3/17/2011 17:00,32948.71,19.44,6.14,0.89,5.59,1.3,262
3/17/2011 18:00,32948.76,13.89,0.06,0.89,0.07,1.74,61
3/17/2011 19:00,32948.8,13.33,6.61,1.34,0.37,2.17,4
3/17/2011 20:00,32948.84,11.67,4.79,2.68,1.05,2.61,3
3/17/2011 21:00,32948.88,10.56,4.62,3.13,1.29,3.04,3
3/17/2011 22:00,32948.92,11.11,5.79,3.58,1.36,3.47,3
3/17/2011 23:00,32948.97,8.33,5.58,0.45,4.47,5.34,3
3/18/2011 0:00,32949,10,5.13,3.13,1.03,4.34,3
3/18/2011 1:00,32949.04,10,4.72,3.58,1.17,4.78,3
3/18/2011 2:00,32949.08,10.56,5.26,4.02,1.17,5.21,3
3/18/2011 3:00,32949.13,10,4.93,3.13,1.1,5.65,3
3/18/2011 4:00,32949.17,9.44,4.99,3.13,1.12,6.08,3
3/18/2011 5:00,32949.21,8.89,3.45,3.13,1.15,6.51,3
3/18/2011 6:00,32949.25,8.33,3.92,2.24,1.33,6.95,4
3/18/2011 7:00,32949.29,9.44,4.39,2.24,1.15,7.38,42
3/18/2011 8:00,32949.34,10,3.88,1.79,1.19,7.82,152
3/18/2011 9:00,32949.38,12.78,4.4,0.45,4.66,8.25,229
3/18/2011 10:00,32949.42,14.44,3.49,1.79,1.88,8.69,330
3/18/2011 11:00,32949.46,14.44,3.19,1.34,3.23,9.12,414
3/18/2011 12:00,32949.5,14.44,1.26,1.34,2.64,9.55,315
3/18/2011 13:00,32949.55,15.56,2.94,0.89,5.67,9.72,278
3/18/2011 14:00,32949.59,15.56,2.61,1.34,2.78,9.17,278
3/18/2011 15:00,32949.63,15.56,2.27,1.79,2.43,9.12,197
3/18/2011 16:00,32949.67,15,1.76,1.34,2.55,9.07,201
3/18/2011 17:00,32949.71,15,3.39,2.68,4.36,9.02,75
3/18/2011 18:00,32949.76,8.89,6.13,2.68,5.04,8.97,16
3/18/2011 19:00,32949.8,8.33,5.23,0.89,5.04,8.92,4
3/18/2011 20:00,32949.84,7.22,3.6,2.24,6.25,8.88,3
3/18/2011 21:00,32949.88,6.67,4.63,4.47,0.65,8.83,3
3/18/2011 22:00,32949.92,6.67,5.12,7.15,0.87,8.78,3
3/18/2011 23:00,32949.97,10.56,5.46,3.13,1.05,3.91,3
3/19/2011 0:00,32950,6.67,3.42,3.13,1.13,8.68,4
3/19/2011 1:00,32950.04,6.67,3.78,2.68,1.17,8.63,4
3/19/2011 2:00,32950.08,7.22,4.49,1.79,1.01,8.58,4
3/19/2011 3:00,32950.13,6.11,3.75,1.79,1.22,8.53,4
3/19/2011 4:00,32950.17,6.11,3.41,1.79,1.73,8.48,4
3/19/2011 5:00,32950.21,5.56,3.03,0.89,2.51,8.44,4
3/19/2011 6:00,32950.25,6.67,3.78,2.68,2.16,8.39,4
3/19/2011 7:00,32950.29,7.22,4.67,3.58,1.85,8.34,25
3/19/2011 8:00,32950.34,7.78,4.32,3.58,1.87,8.29,119
3/19/2011 9:00,32950.38,8.89,4.46,2.68,1.41,8.24,201
3/19/2011 10:00,32950.42,11.67,5.69,1.34,2.53,8.19,312
3/19/2011 11:00,32950.46,12.78,4.65,1.34,2.83,8.14,517
3/19/2011 12:00,32950.5,11.67,4.09,1.34,2.36,8.09,447
3/19/2011 13:00,32950.55,11.11,3.32,2.24,3.87,9.28,319
3/19/2011 14:00,32950.59,12.78,3.36,0.89,3.61,7.78,374
3/19/2011 15:00,32950.63,11.67,4.09,2.24,3.4,7.88,322
3/19/2011 16:00,32950.67,12.22,4.13,1.34,3.94,7.98,259
3/19/2011 17:00,32950.71,10.56,4.62,2.24,1.99,8.08,67
3/19/2011 18:00,32950.76,8.89,3.66,4.92,1.75,8.19,22
3/19/2011 19:00,32950.8,10.56,4.19,4.02,2.02,8.29,3
3/19/2011 20:00,32950.84,10,3.43,6.26,1.76,8.39,3
3/19/2011 21:00,32950.88,10.56,3.28,8.05,1.61,8.49,3
3/19/2011 22:00,32950.92,12.22,3.1,2.24,2.44,8.59,3
3/19/2011 23:00,32950.97,7.22,3.6,3.13,0.84,8.73,4
3/20/2011 0:00,32951,11.11,3.8,2.24,3.28,8.79,3
3/20/2011 1:00,32951.04,10.56,5.46,4.92,1.95,8.89,3
3/20/2011 2:00,32951.08,9.44,5.57,2.68,2.41,8.99,3
3/20/2011 3:00,32951.13,8.89,4.84,1.79,2.93,9.09,4
3/20/2011 4:00,32951.17,8.89,6.3,1.34,2.86,9.19,3
3/20/2011 5:00,32951.21,8.89,6.82,4.02,2.01,9.29,3
3/20/2011 6:00,32951.25,8.89,7.32,2.68,2.51,9.4,3
3/20/2011 7:00,32951.29,7.78,6.38,3.13,1.87,9.5,6
3/20/2011 8:00,32951.34,8.89,7.48,1.79,2.9,9.6,20
3/20/2011 9:00,32951.38,8.89,7.48,1.79,2.34,9.7,34
3/20/2011 10:00,32951.42,8.89,7.48,1.34,1.97,9.8,55
3/20/2011 11:00,32951.46,8.33,6.77,1.34,3.51,9.9,66
3/20/2011 12:00,32951.5,8.33,6.93,0.89,3.79,10,56
3/20/2011 13:00,32951.55,9.44,8.03,1.79,1.92,10,93
3/20/2011 14:00,32951.59,9.44,8.03,1.79,1.88,10,81
3/20/2011 15:00,32951.63,8.89,7.32,2.24,2.88,9.81,52
3/20/2011 16:00,32951.67,8.89,7.32,0.89,3.46,9.62,56
3/20/2011 17:00,32951.71,8.89,7.48,1.79,3.37,9.43,38
3/20/2011 18:00,32951.76,6.11,4.89,1.34,5.17,9.24,6
3/20/2011 19:00,32951.8,6.11,4.41,2.68,5.92,9.05,3
3/20/2011 20:00,32951.84,6.11,3.92,3.13,0.09,8.86,3
3/20/2011 21:00,32951.88,5.56,3.37,4.92,0.79,8.67,3
3/20/2011 22:00,32951.92,5.56,3.54,3.58,1.52,8.48,3
3/20/2011 23:00,32951.97,12.78,1.35,1.34,1.99,8.69,3
3/21/2011 0:00,32952,5.56,3.7,4.02,1.66,8.1,3
3/21/2011 1:00,32952.04,5,2.82,1.34,2.5,7.91,3
3/21/2011 2:00,32952.08,5.56,3.2,2.24,1.83,7.72,3
3/21/2011 3:00,32952.13,4.44,2.77,1.34,2.04,7.53,3
3/21/2011 4:00,32952.17,4.44,2.44,1.79,1.48,7.34,3
3/21/2011 5:00,32952.21,5,2.49,2.68,1.73,7.15,3
3/21/2011 6:00,32952.25,5.56,2.86,1.79,1.48,6.96,3
3/21/2011 7:00,32952.29,5.56,3.2,1.79,0.68,6.77,10
3/21/2011 8:00,32952.34,7.22,4.49,3.13,1.34,6.58,92
3/21/2011 9:00,32952.38,7.78,4.5,1.34,1.54,6.39,242
3/21/2011 10:00,32952.42,6.11,3.06,3.13,0.33,6.2,76
3/21/2011 11:00,32952.46,6.67,3.6,1.79,1.22,6.01,162
3/21/2011 12:00,32952.5,9.44,4.99,1.79,1.45,5.82,613
3/21/2011 13:00,32952.55,11.67,5.9,2.24,1.97,0,865
3/21/2011 14:00,32952.59,12.78,5.38,1.79,2.65,0,743
3/21/2011 15:00,32952.63,12.22,4.13,1.79,1.78,0,674
3/21/2011 16:00,32952.67,12.78,4.65,1.34,3.6,0,289
3/21/2011 17:00,32952.71,11.11,4.26,1.34,3.54,0,94
3/21/2011 18:00,32952.76,7.22,5.01,0.45,5.59,0,22
3/21/2011 19:00,32952.8,7.22,3.96,1.79,5.93,0,4
3/21/2011 20:00,32952.84,8.89,4.65,3.58,0.7,0,3
3/21/2011 21:00,32952.88,7.22,3.23,1.34,1.64,0,3
3/21/2011 22:00,32952.92,7.78,5.04,0.45,3.91,0,3
3/21/2011 23:00,32952.97,6.11,3.92,4.02,1.19,8.29,3
3/22/2011 0:00,32953,8.33,5.41,2.24,0.14,0,3
3/22/2011 1:00,32953.04,7.78,4.5,0.89,1.1,0,3
3/22/2011 2:00,32953.08,8.33,5.93,4.47,0.84,0,3
3/22/2011 3:00,32953.13,7.78,5.56,1.34,1.66,0,3
3/22/2011 4:00,32953.17,7.22,5.01,1.79,1.38,0,3
3/22/2011 5:00,32953.21,7.22,5.18,1.34,1.31,0,3
3/22/2011 6:00,32953.25,6.67,4.12,2.24,1.54,0,3
3/22/2011 7:00,32953.29,8.33,5.23,2.24,1.05,0,61
3/22/2011 8:00,32953.34,10,4.72,0.89,1.47,0,227
3/22/2011 9:00,32953.38,12.22,3.37,0.45,5.92,0,462
3/22/2011 10:00,32953.42,13.89,2.68,1.79,3.79,0,638
3/22/2011 11:00,32953.46,13.89,4.12,0.45,1.92,0,777
3/22/2011 12:00,32953.5,14.44,3.78,1.34,3.63,0,885
3/22/2011 13:00,32953.55,16.11,5.32,0.89,3.91,0,805
3/22/2011 14:00,32953.59,16.67,3.62,1.79,3.84,0,738
3/22/2011 15:00,32953.63,16.11,1.7,1.79,3.39,0.45,686
3/22/2011 16:00,32953.67,15.56,1.92,0.89,1.5,0.91,474
3/22/2011 17:00,32953.71,13.89,1.75,0.89,3.65,1.36,259
3/22/2011 18:00,32953.76,11.67,1.78,1.34,3.91,1.82,44
3/22/2011 19:00,32953.8,11.11,2.07,0.89,2.22,2.27,4
3/22/2011 20:00,32953.84,11.11,3.32,2.68,1.55,2.73,3
3/22/2011 21:00,32953.88,10,2.98,2.24,1.88,3.18,3
3/22/2011 22:00,32953.92,10.56,3.28,2.68,1.9,3.64,3
3/22/2011 23:00,32953.97,7.22,3.6,1.34,0.37,0,3
3/23/2011 0:00,32954,9.44,4.39,3.13,3.65,4.55,3
3/23/2011 1:00,32954.04,8.33,5.41,0.89,2.83,5,3
3/23/2011 2:00,32954.08,8.33,6.1,2.68,1.62,5.45,3
3/23/2011 3:00,32954.13,8.33,5.76,2.24,2.02,5.91,3
3/23/2011 4:00,32954.17,7.78,5.04,3.13,1.06,6.36,3
3/23/2011 5:00,32954.21,9.44,4.6,6.26,1.76,6.82,3
3/23/2011 6:00,32954.25,10,4.31,2.68,2.04,7.27,3
3/23/2011 7:00,32954.29,10,3.88,1.79,2.15,7.73,8
3/23/2011 8:00,32954.34,10.56,3.74,3.58,1.73,8.18,23
3/23/2011 9:00,32954.38,10.56,5.46,4.02,1.71,8.64,45
3/23/2011 10:00,32954.42,10.56,6.65,2.68,1.88,9.09,65
3/23/2011 11:00,32954.46,10,6.11,3.13,1.5,9.55,109
3/23/2011 12:00,32954.5,10.56,6.84,3.13,1.55,10,108
3/23/2011 13:00,32954.55,10,7.39,1.79,1.92,10,86
3/23/2011 14:00,32954.59,8.89,6.3,2.68,2.11,10,93
3/23/2011 15:00,32954.63,9.44,7.53,2.68,1.88,10,57
3/23/2011 16:00,32954.67,8.89,6.13,4.47,1.83,10,65
3/23/2011 17:00,32954.71,8.33,4.68,3.13,1.66,10,74
3/23/2011 18:00,32954.76,5.56,3.7,1.79,1.01,10,7
3/23/2011 19:00,32954.8,6.67,5.12,5.81,0.63,10,3
3/23/2011 20:00,32954.84,6.11,4.08,5.81,0.73,10,3
3/23/2011 21:00,32954.88,7.22,3.41,4.92,1.2,10,3
3/23/2011 22:00,32954.92,6.67,3.24,3.58,0.94,10,3
3/23/2011 23:00,32954.97,11.11,4.49,2.68,3.46,4.09,3
3/24/2011 0:00,32955,7.78,4.14,4.47,0.8,10,3
3/24/2011 1:00,32955.04,7.22,3.23,3.58,0.86,10,3
3/24/2011 2:00,32955.08,7.78,3.95,2.68,1.73,10,3
3/24/2011 3:00,32955.13,7.22,3.78,1.79,1.95,10,3
3/24/2011 4:00,32955.17,7.78,4.5,0.89,2.65,10,3
3/24/2011 5:00,32955.21,7.78,4.5,2.24,1.94,10,3
3/24/2011 6:00,32955.25,7.78,4.5,3.58,1.78,10,3
3/24/2011 7:00,32955.29,7.78,3.95,1.79,2.09,10,21
3/24/2011 8:00,32955.34,8.33,3.92,1.79,2.74,10,48
3/24/2011 9:00,32955.38,7.78,5.38,1.79,1.87,10,99
3/24/2011 10:00,32955.42,11.11,6.2,2.24,2.79,10,285
3/24/2011 11:00,32955.46,11.11,6.2,4.47,2.2,10,319
3/24/2011 12:00,32955.5,9.44,4.6,3.13,2.53,10,237
3/24/2011 13:00,32955.55,9.44,4.19,2.24,2.09,10,141
3/24/2011 14:00,32955.59,10.56,3.51,2.68,1.99,10,113
3/24/2011 15:00,32955.63,11.11,3.32,2.24,2.78,9.55,160
3/24/2011 16:00,32955.67,10,2.28,2.24,2.34,9.09,53
3/24/2011 17:00,32955.71,10,3.21,1.79,1.03,8.64,47
3/24/2011 18:00,32955.76,8.33,5.76,4.02,1.9,8.18,13
3/24/2011 19:00,32955.8,7.22,5.51,3.58,2.06,7.73,3
3/24/2011 20:00,32955.84,7.78,6.06,2.24,1.83,7.27,3
3/24/2011 21:00,32955.88,8.89,7.32,1.34,2.44,6.82,3
3/24/2011 22:00,32955.92,8.89,7.32,4.92,3.63,6.36,3
3/24/2011 23:00,32955.97,7.22,4.14,4.92,1.08,10,3
3/25/2011 0:00,32956,7.78,6.22,1.34,6.11,5.45,2
3/25/2011 1:00,32956.04,7.78,5.72,4.02,0.75,5,3
3/25/2011 2:00,32956.08,8.33,4.68,5.36,0.66,4.55,3
3/25/2011 3:00,32956.13,6.67,2.87,4.02,0.86,4.09,3
3/25/2011 4:00,32956.17,6.67,2.69,3.58,0.77,3.64,3
3/25/2011 5:00,32956.21,7.22,3.41,4.47,0.72,3.18,3
3/25/2011 6:00,32956.25,6.11,3.06,4.02,0.82,2.73,4
3/25/2011 7:00,32956.29,6.67,2.5,4.92,0.96,2.27,78
3/25/2011 8:00,32956.34,8.89,3.86,4.47,0.77,1.82,280
3/25/2011 9:00,32956.38,12.22,5.77,0.45,3.7,1.36,481
3/25/2011 10:00,32956.42,14.44,5.44,1.34,3.94,0.91,627
3/25/2011 11:00,32956.46,16.67,5.23,0.45,3,0.45,763
3/25/2011 12:00,32956.5,17.22,5.43,0.89,0.72,0,817
3/25/2011 13:00,32956.55,18.33,4.78,0.45,4.82,0,839
3/25/2011 14:00,32956.59,18.33,4.06,0.89,2.43,0,818
3/25/2011 15:00,32956.63,16.11,2.42,0.45,4.54,0.45,607
3/25/2011 16:00,32956.67,17.78,4.62,0.45,3.86,0.91,492
3/25/2011 17:00,32956.71,17.22,4.79,0.89,5.45,1.36,296
3/25/2011 18:00,32956.76,13.89,4.92,0.45,5.55,1.82,87
3/25/2011 19:00,32956.8,12.22,4.61,0.89,0.8,2.27,4
3/25/2011 20:00,32956.84,12.22,3.62,0.89,1.88,2.73,2
3/25/2011 21:00,32956.88,10.56,5.26,1.79,1.87,3.18,2
3/25/2011 22:00,32956.92,8.89,4.46,1.34,0.33,3.64,3
3/25/2011 23:00,32956.97,8.33,7.09,0.89,4.49,5.91,3
3/26/2011 0:00,32957,10,5.33,2.24,1.19,4.55,3
3/26/2011 1:00,32957.04,9.44,4.39,0.89,2.13,5,3
3/26/2011 2:00,32957.08,10,5.33,2.68,1.03,5.45,3
3/26/2011 3:00,32957.13,9.44,6.67,5.81,0.87,5.91,3
3/26/2011 4:00,32957.17,8.89,3.86,3.13,1.52,6.36,3
3/26/2011 5:00,32957.21,7.78,3.76,2.24,1.66,6.82,3
3/26/2011 6:00,32957.25,8.33,5.76,4.02,1.24,7.27,3
3/26/2011 7:00,32957.29,8.33,5.41,4.92,1.57,7.73,13
3/26/2011 8:00,32957.34,8.33,4.86,4.47,1.52,8.18,46
3/26/2011 9:00,32957.38,8.33,5.05,4.92,1.82,8.64,108
3/26/2011 10:00,32957.42,8.33,4.86,4.92,1.69,9.09,177
3/26/2011 11:00,32957.46,8.89,5.59,5.81,1.64,9.55,264
3/26/2011 12:00,32957.5,10.56,6.46,7.6,1.71,10,255
3/26/2011 13:00,32957.55,10.56,5.87,5.81,1.61,10,248
3/26/2011 14:00,32957.59,11.11,5.79,3.58,1.5,10,178
3/26/2011 15:00,32957.63,13.33,6.14,2.68,2.04,9.91,249
3/26/2011 16:00,32957.67,13.33,5.9,2.24,2.13,9.82,144
3/26/2011 17:00,32957.71,12.22,5.32,4.02,1.2,9.73,84
3/26/2011 18:00,32957.76,12.78,6.3,3.58,1.69,9.64,28
3/26/2011 19:00,32957.8,11.67,5.9,4.02,1.62,9.55,5
3/26/2011 20:00,32957.84,11.11,6,1.79,1.76,9.46,2
3/26/2011 21:00,32957.88,11.11,6.8,1.79,1.62,9.37,3
3/26/2011 22:00,32957.92,12.22,7.88,2.24,1.62,9.29,3
3/26/2011 23:00,32957.97,9.44,4.6,3.13,1.13,4.09,3
3/27/2011 0:00,32958,11.67,8.11,0.45,3.84,9.11,3
3/27/2011 1:00,32958.04,10,8.08,0.45,3.51,9.02,3
3/27/2011 2:00,32958.08,10.56,8.8,0.45,3.82,8.93,3
3/27/2011 3:00,32958.13,9.44,8.2,0.45,4.05,8.84,3
3/27/2011 4:00,32958.17,9.44,8.36,0.45,3.74,8.75,3
3/27/2011 5:00,32958.21,8.89,7.81,0.89,3.96,8.66,3
3/27/2011 6:00,32958.25,8.33,7.25,0.45,4.57,8.57,3
3/27/2011 7:00,32958.29,8.33,7.25,0.45,3.74,8.48,34
3/27/2011 8:00,32958.34,10.56,9.13,0.45,4.87,8.39,129
3/27/2011 9:00,32958.38,13.89,10.46,0.45,5.1,8.3,267
3/27/2011 10:00,32958.42,13.33,9.73,2.24,3.72,8.21,332
3/27/2011 11:00,32958.46,13.89,9.29,0.89,3.98,8.12,442
3/27/2011 12:00,32958.5,16.11,8.77,0.89,4.92,8.04,469
3/27/2011 13:00,32958.55,17.78,10.83,0.45,2.15,1.1,748
3/27/2011 14:00,32958.59,19.44,9.28,0.45,5.13,0,747
3/27/2011 15:00,32958.63,18.89,9.05,0.89,4.59,0,678
3/27/2011 16:00,32958.67,19.44,8.4,0.45,3.65,0,436
3/27/2011 17:00,32958.71,16.67,7.25,0.45,3.61,0,277
3/27/2011 18:00,32958.76,13.89,7.13,0.89,5.6,0,81
3/27/2011 19:00,32958.8,12.78,7.39,0.45,4.33,0,4
3/27/2011 20:00,32958.84,11.67,6.33,0.89,0.02,0,2
3/27/2011 21:00,32958.88,12.22,7.07,1.34,0.82,0,2
3/27/2011 22:00,32958.92,10,7.39,0.89,0.51,0,2
3/27/2011 23:00,32958.97,11.11,6.8,1.34,1.82,9.2,3
3/28/2011 0:00,32959,9.44,7.02,0.45,0.24,0,3
3/28/2011 1:00,32959.04,10.56,7.58,2.24,0.33,0,3
3/28/2011 2:00,32959.08,10,8.08,0.89,5.57,0,3
3/28/2011 3:00,32959.13,8.89,7.32,0.45,1.8,0,3
3/28/2011 4:00,32959.17,8.89,6.99,0.89,1.61,0,3
3/28/2011 5:00,32959.21,7.22,5.34,0.89,4,0,3
3/28/2011 6:00,32959.25,7.78,6.06,1.34,1.88,0,5
3/28/2011 7:00,32959.29,8.89,6.82,0.89,1.61,0,102
3/28/2011 8:00,32959.34,10.56,7.4,0.89,3.94,0,294
3/28/2011 9:00,32959.38,13.89,7.81,0.89,3.12,0,496
3/28/2011 10:00,32959.42,16.11,8.53,0.89,4.24,0,666
3/28/2011 11:00,32959.46,16.11,8.53,0.45,0.12,0,616
3/28/2011 12:00,32959.5,17.22,6.93,1.34,4.07,0,821
3/28/2011 13:00,32959.55,17.22,7.49,0.45,5.43,0,873
3/28/2011 14:00,32959.59,18.89,8.18,1.34,4.9,0,809
3/28/2011 15:00,32959.63,17.78,6.56,1.79,3.61,0.09,676
3/28/2011 16:00,32959.67,17.78,7.15,1.34,3.82,0.17,515
3/28/2011 17:00,32959.71,15.56,6.75,2.24,5.27,0.26,237
3/28/2011 18:00,32959.76,15,7.48,0.89,4.75,0.35,50
3/28/2011 19:00,32959.8,13.89,7.36,1.34,5.32,0.43,4
3/28/2011 20:00,32959.84,12.22,6.65,0.45,4.35,0.52,2
3/28/2011 21:00,32959.88,11.11,7,0.45,4.24,0.61,3
3/28/2011 22:00,32959.92,11.67,7.73,0.89,4.14,0.69,3
3/28/2011 23:00,32959.97,11.11,8.48,1.79,1.19,0,3
3/29/2011 0:00,32960,9.44,6.67,0.89,3.46,0.87,3
3/29/2011 1:00,32960.04,8.89,7.15,0.45,2.06,0.95,3
3/29/2011 2:00,32960.08,8.89,7.32,1.34,1.43,1.04,3
3/29/2011 3:00,32960.13,10,8.42,2.68,1.1,1.13,4
3/29/2011 4:00,32960.17,10,8.08,3.58,1.12,1.21,4
3/29/2011 5:00,32960.21,7.78,6.54,0.89,4.03,1.3,3
3/29/2011 6:00,32960.25,7.22,5.99,0.45,2.37,1.38,5
3/29/2011 7:00,32960.29,8.89,6.82,0,3.25,1.47,86
3/29/2011 8:00,32960.34,11.67,8.3,0.45,6.04,1.56,240
3/29/2011 9:00,32960.38,16.67,10.47,0.45,5.5,1.64,463
3/29/2011 10:00,32960.42,16.11,9.48,0.89,4,1.73,628
3/29/2011 11:00,32960.46,16.67,8.56,2.68,3.6,1.82,768
3/29/2011 12:00,32960.5,18.33,8.81,0.45,5.79,1.9,796
3/29/2011 13:00,32960.55,20,10.08,0.45,5.1,0,802
3/29/2011 14:00,32960.59,21.11,10.83,0.89,4.38,1.08,649
3/29/2011 15:00,32960.63,20,8.6,0.45,4.12,1.21,535
3/29/2011 16:00,32960.67,19.44,7.78,0.89,5.29,1.33,382
3/29/2011 17:00,32960.71,18.89,6.31,0.45,4.71,1.46,286
3/29/2011 18:00,32960.76,17.22,7.21,0.89,4.19,1.58,98
3/29/2011 19:00,32960.8,13.89,6.43,0,3.49,1.71,6
3/29/2011 20:00,32960.84,13.89,6.19,0.45,4.96,1.84,3
3/29/2011 21:00,32960.88,12.22,6.22,0.45,3.04,1.96,3
3/29/2011 22:00,32960.92,12.22,7.48,1.34,1.27,2.09,3
3/29/2011 23:00,32960.97,11.11,7.94,0.45,3.63,0.78,3
3/30/2011 0:00,32961,11.11,8.12,2.68,1.27,2.34,3
3/30/2011 1:00,32961.04,11.11,7.94,3.13,1.61,2.46,3
3/30/2011 2:00,32961.08,11.67,8.48,1.79,1.4,2.59,3
3/30/2011 3:00,32961.13,10.56,7.94,2.68,1.19,2.71,3
3/30/2011 4:00,32961.17,10.56,8.11,3.13,1.12,2.84,3
3/30/2011 5:00,32961.21,11.67,8.67,2.68,1.17,2.97,3
3/30/2011 6:00,32961.25,11.11,7.76,2.68,0.82,3.09,5
3/30/2011 7:00,32961.29,11.67,8.11,2.24,0.87,3.22,70
3/30/2011 8:00,32961.34,13.33,8.55,1.79,0.89,3.34,255
3/30/2011 9:00,32961.38,18.33,11.12,0.89,5.46,3.47,485
3/30/2011 10:00,32961.42,18.89,9.87,0.89,3.82,3.59,672
3/30/2011 11:00,32961.46,20,10.08,0.45,1.61,3.72,594
3/30/2011 12:00,32961.5,20.56,10.6,0.89,3.89,3.84,740
3/30/2011 13:00,32961.55,22.22,10.96,1.34,4.24,0,852
3/30/2011 14:00,32961.59,23.33,11.36,1.79,2.43,0,701
3/30/2011 15:00,32961.63,24.44,13.01,0.89,5.62,0,545
3/30/2011 16:00,32961.67,22.78,12.38,0.89,5.04,0,321
3/30/2011 17:00,32961.71,20,11.18,0.45,5.78,0,173
3/30/2011 18:00,32961.76,18.33,11.12,0.45,4.49,0,59
3/30/2011 19:00,32961.8,16.11,10.6,0.89,5.46,0,8
3/30/2011 20:00,32961.84,16.67,10.47,1.34,0.52,0,3
3/30/2011 21:00,32961.88,15.56,11.51,1.79,1.54,0,3
3/30/2011 22:00,32961.92,14.44,11.01,2.68,1.26,0,3
3/30/2011 23:00,32961.97,11.67,7.14,1.79,1.57,2.21,3
3/31/2011 0:00,32962,13.89,10.84,3.13,1.31,0,3
3/31/2011 1:00,32962.04,14.44,11.01,3.58,1.27,0,3
3/31/2011 2:00,32962.08,13.33,9.73,3.13,1.5,0,3
3/31/2011 3:00,32962.13,12.78,8.81,3.13,1.43,0,3
3/31/2011 4:00,32962.17,13.33,8.75,3.13,1.13,0,3
3/31/2011 5:00,32962.21,12.78,8.81,3.13,1.34,0,3
3/31/2011 6:00,32962.25,11.11,7.76,3.13,1.45,0,5
3/31/2011 7:00,32962.29,12.78,8.01,2.24,1.12,0,103
3/31/2011 8:00,32962.34,14.44,8.12,1.79,1.19,0,302
3/31/2011 9:00,32962.38,20,11.96,0.89,4.08,0,499
3/31/2011 10:00,32962.42,20,12.46,0.89,0.87,0,675
3/31/2011 11:00,32962.46,25.56,14.96,0.89,6.09,0,798
3/31/2011 12:00,32962.5,22.22,10.96,1.34,1.03,0,865
3/31/2011 13:00,32962.55,25.56,14.35,0.45,3.09,0,865
3/31/2011 14:00,32962.59,27.78,14.06,0.45,3.75,0,816
3/31/2011 15:00,32962.63,28.33,14.2,1.34,3.87,0,673
3/31/2011 16:00,32962.67,26.11,12.9,0.45,3.28,0,519
3/31/2011 17:00,32962.71,26.11,13.24,0.89,4.22,0,314
3/31/2011 18:00,32962.76,23.33,14.03,0.45,4.99,0,109
3/31/2011 19:00,32962.8,20,13.42,0.89,1.03,0,9
3/31/2011 20:00,32962.84,18.89,13.04,2.24,0.73,0,2
3/31/2011 21:00,32962.88,17.78,12.84,2.24,1.4,0,3
3/31/2011 22:00,32962.92,17.78,13.86,2.24,1.41,0,3
3/31/2011 23:00,32962.97,14.44,11.01,4.02,1.27,0,3
4/1/2011 0:00,32963,16.11,12.82,2.68,1.17,0,3
4/1/2011 1:00,32963.04,16.67,12.58,3.58,1.01,0,3
4/1/2011 2:00,32963.08,15.56,10.9,3.13,1.26,0,3
4/1/2011 3:00,32963.13,15.56,11.11,3.13,1.15,0,3
4/1/2011 4:00,32963.17,15,10.36,2.68,1.31,0,3
4/1/2011 5:00,32963.21,14.44,9.42,3.13,1.1,0,3
4/1/2011 6:00,32963.25,13.89,9.29,3.13,1.19,0,6
4/1/2011 7:00,32963.29,14.44,8.12,4.02,1.36,0,104
4/1/2011 8:00,32963.34,16.67,9.54,2.24,1.55,0,307
4/1/2011 9:00,32963.38,22.78,12.38,1.34,3.98,0,511
4/1/2011 10:00,32963.42,25.56,14.35,0.45,4.69,0,675
4/1/2011 11:00,32963.46,28.89,17.12,0.89,5.34,0,795
4/1/2011 12:00,32963.5,25.56,14.66,1.34,0.37,0,860
4/1/2011 13:00,32963.55,30.56,16.59,1.34,5.74,0,874
4/1/2011 14:00,32963.59,29.44,15.94,1.79,0.54,0,813
4/1/2011 15:00,32963.63,27.78,15.1,0.45,1.62,0.27,696
4/1/2011 16:00,32963.67,30,16.08,0,2.64,0.54,532
4/1/2011 17:00,32963.71,28.89,12.76,0.45,3.98,0.81,327
4/1/2011 18:00,32963.76,25.56,14.96,0.45,4.71,1.08,114
4/1/2011 19:00,32963.8,22.78,15.59,1.34,1.1,1.36,5
4/1/2011 20:00,32963.84,22.78,14.58,1.79,0.91,1.63,3
4/1/2011 21:00,32963.88,20,14.33,3.58,1.54,1.9,3
4/1/2011 22:00,32963.92,19.44,14.66,4.02,1.43,2.17,3
4/1/2011 23:00,32963.97,17.22,13.72,3.13,1.2,0,3
4/2/2011 0:00,32964,19.44,11.18,3.13,1.33,2.71,3
4/2/2011 1:00,32964.04,19.44,9.56,1.79,1.17,2.98,3
4/2/2011 2:00,32964.08,18.89,10.4,3.58,0.89,3.25,3
4/2/2011 3:00,32964.13,17.78,9.35,3.13,1.1,3.52,3
4/2/2011 4:00,32964.17,17.22,9.34,2.24,1.1,3.8,3
4/2/2011 5:00,32964.21,17.22,9.83,3.58,0.72,4.07,3
4/2/2011 6:00,32964.25,17.22,9.08,3.58,1.15,4.34,7
4/2/2011 7:00,32964.29,17.22,8.31,2.24,1.29,4.61,85
4/2/2011 8:00,32964.34,19.44,8.99,0.89,4.08,4.88,216
4/2/2011 9:00,32964.38,24.44,13.01,0,4.1,5.15,437
4/2/2011 10:00,32964.42,25,14.44,0.45,5.13,5.42,663
4/2/2011 11:00,32964.46,26.11,12.54,1.34,0.23,5.69,681
4/2/2011 12:00,32964.5,25.56,12.39,0.45,3.49,5.97,637
4/2/2011 13:00,32964.55,24.44,13.63,0.89,4.75,6.8,542
4/2/2011 14:00,32964.59,23.89,11.54,1.34,4.49,2.71,636
4/2/2011 15:00,32964.63,23.33,12.29,0.89,3.79,2.99,638
4/2/2011 16:00,32964.67,20.56,12.74,2.24,4.61,3.27,310
4/2/2011 17:00,32964.71,18.89,11.16,1.34,4.9,3.54,112
4/2/2011 18:00,32964.76,18.89,11.65,0.45,3.58,3.82,35
4/2/2011 19:00,32964.8,17.22,13.52,0.89,4.26,4.1,4
4/2/2011 20:00,32964.84,16.67,13.17,1.34,5.38,4.38,3
4/2/2011 21:00,32964.88,15.56,12.65,2.68,4.24,4.66,3
4/2/2011 22:00,32964.92,13.89,10.46,0.89,4.87,4.94,3
4/2/2011 23:00,32964.97,19.44,12.89,4.02,0.77,2.44,3
4/3/2011 0:00,32965,12.22,9.02,0.45,4.21,5.5,3
4/3/2011 1:00,32965.04,10,8.25,0.89,4.15,5.78,3
4/3/2011 2:00,32965.08,9.44,7.87,0.89,4.35,6.06,3
4/3/2011 3:00,32965.13,8.89,7.64,1.34,4.08,6.34,4
4/3/2011 4:00,32965.17,9.44,7.7,0.89,4.12,6.62,4
4/3/2011 5:00,32965.21,7.78,5.56,0.45,3.51,6.9,4
4/3/2011 6:00,32965.25,7.78,4.14,0.89,4.28,7.18,4
4/3/2011 7:00,32965.29,7.78,4.68,0.45,3.63,7.46,30
4/3/2011 8:00,32965.34,7.78,5.89,0.45,4.43,7.74,76
4/3/2011 9:00,32965.38,8.89,6.13,0.89,4.78,8.02,123
4/3/2011 10:00,32965.42,11.11,7.76,0.45,5.08,8.3,176
4/3/2011 11:00,32965.46,10.56,7.4,1.79,1.06,8.57,263
4/3/2011 12:00,32965.5,13.89,8.67,0.45,3.11,8.85,408
4/3/2011 13:00,32965.55,15,8.65,1.79,0.8,5.81,607
4/3/2011 14:00,32965.59,16.11,9.71,1.34,0.87,0,713
4/3/2011 15:00,32965.63,16.67,9.06,1.34,0.8,0,704
4/3/2011 16:00,32965.67,17.78,10.35,1.34,1.12,0,523
4/3/2011 17:00,32965.71,20.56,8.48,0.45,4.35,0,326
4/3/2011 18:00,32965.76,16.11,6.18,0.45,4.73,0,123
4/3/2011 19:00,32965.8,14.44,5.96,0.45,4.14,0,6
4/3/2011 20:00,32965.84,12.78,4.65,0.89,5.32,0,3
4/3/2011 21:00,32965.88,13.33,4.92,1.79,6.25,0,3
4/3/2011 22:00,32965.92,14.44,4.91,0.45,2.41,0,3
4/3/2011 23:00,32965.97,13.33,9.92,1.34,4.85,5.22,3
4/4/2011 0:00,32966,11.67,6.53,1.34,1.2,0,3
4/4/2011 1:00,32966.04,12.22,8.46,2.68,1.4,0,3
4/4/2011 2:00,32966.08,11.11,7.94,1.34,1.45,0,3
4/4/2011 3:00,32966.13,11.67,8.85,1.34,0.59,0,3
4/4/2011 4:00,32966.17,11.67,9.2,2.24,1.22,0,3
4/4/2011 5:00,32966.21,11.67,8.85,2.68,1.17,0,3
4/4/2011 6:00,32966.25,12.22,7.88,3.13,1.08,0,8
4/4/2011 7:00,32966.29,12.78,8.01,2.68,0.93,0,117
4/4/2011 8:00,32966.34,14.44,8.34,2.24,1.15,0,324
4/4/2011 9:00,32966.38,20,10.64,1.34,6.06,0,515
4/4/2011 10:00,32966.42,21.67,12.2,0.89,4.31,0,696
4/4/2011 11:00,32966.46,21.67,10.75,1.79,4.21,0,812
4/4/2011 12:00,32966.5,24.44,10.67,1.34,4.99,0,876
4/4/2011 13:00,32966.55,24.44,11.03,1.34,4.07,0,879
4/4/2011 14:00,32966.59,25.56,10.95,0.89,5.55,0,815
4/4/2011 15:00,32966.63,26.67,10.77,1.34,4.75,0,695
4/4/2011 16:00,32966.67,27.22,12.07,0.89,4.87,0,527
4/4/2011 17:00,32966.71,26.11,11.07,0.89,5.25,0,327
4/4/2011 18:00,32966.76,23.89,10.87,0.89,5.39,0,120
4/4/2011 19:00,32966.8,18.89,10.14,1.34,1.15,0,8
4/4/2011 20:00,32966.84,18.33,10.13,1.79,0.99,0,3
4/4/2011 21:00,32966.88,17.22,9.34,3.58,1.27,0,3
4/4/2011 22:00,32966.92,16.67,10.01,3.13,1.17,0,3
4/4/2011 23:00,32966.97,12.78,6.97,1.34,1.59,0,3
4/5/2011 0:00,32967,15,9.09,3.58,0.84,0,3
4/5/2011 1:00,32967.04,15.56,9.4,4.02,0.93,0,3
4/5/2011 2:00,32967.08,15,8.65,4.02,1.24,0,3
4/5/2011 3:00,32967.13,14.44,7.43,1.79,1.62,0,3
4/5/2011 4:00,32967.17,13.89,8.46,0.45,2.15,0,3
4/5/2011 5:00,32967.21,12.22,7.88,2.24,1.24,0,3
4/5/2011 6:00,32967.25,12.22,7.88,1.79,0.93,0,8
4/5/2011 7:00,32967.29,13.89,7.59,3.13,1.22,0,127
4/5/2011 8:00,32967.34,17.22,8.31,2.24,1.33,0,328
4/5/2011 9:00,32967.38,22.78,11.47,0.45,2.02,0,529
4/5/2011 10:00,32967.42,22.78,11.16,0.45,5.29,0,699
4/5/2011 11:00,32967.46,25.56,10.95,1.34,3.65,0,818
4/5/2011 12:00,32967.5,25,6.68,0.45,3.94,0,870
4/5/2011 13:00,32967.55,27.22,7.65,1.79,4.68,0,897
4/5/2011 14:00,32967.59,27.78,10.05,1.79,5.25,0,831
4/5/2011 15:00,32967.63,26.67,10.36,0.89,5.48,0,692
4/5/2011 16:00,32967.67,27.78,10.49,0.89,4.42,0,529
4/5/2011 17:00,32967.71,23.89,7.47,0.45,3.94,0,332
4/5/2011 18:00,32967.76,21.67,8.5,0.45,5.86,0,123
4/5/2011 19:00,32967.8,18.33,6.45,1.79,5.17,0,6
4/5/2011 20:00,32967.84,16.67,5.23,0.45,5.18,0,3
4/5/2011 21:00,32967.88,15.56,6.21,0.89,3.51,0,3
4/5/2011 22:00,32967.92,13.33,8.34,1.79,4.87,0,3
4/5/2011 23:00,32967.97,15.56,9.18,2.68,1.17,0,3
4/6/2011 0:00,32968,13.33,10.66,0.45,4.01,0,3
4/6/2011 1:00,32968.04,11.11,9.18,0.45,3.87,0,3
4/6/2011 2:00,32968.08,11.11,9.18,0.45,4.17,0,3
4/6/2011 3:00,32968.13,10,8.58,0.45,4.03,0,3
4/6/2011 4:00,32968.17,10,8.58,0.45,4.36,0,4
4/6/2011 5:00,32968.21,10,8.75,0.89,3.82,0,4
4/6/2011 6:00,32968.25,9.44,8.2,0.89,4.01,0,7
4/6/2011 7:00,32968.29,10.56,8.8,0.89,3.63,0,132
4/6/2011 8:00,32968.34,12.78,9.93,1.34,3.46,0,342
4/6/2011 9:00,32968.38,15,9.74,0.45,5.31,0,539
4/6/2011 10:00,32968.42,17.78,11.3,1.79,3.46,0,697
4/6/2011 11:00,32968.46,18.89,10.4,1.34,3.91,0,819
4/6/2011 12:00,32968.5,21.67,11.63,0.89,3.79,0,885
4/6/2011 13:00,32968.55,23.33,11.03,0.89,0.8,0,890
4/6/2011 14:00,32968.59,25,12.56,0.89,4.54,0,833
4/6/2011 15:00,32968.63,23.89,7.88,1.34,4.78,0.4,712
4/6/2011 16:00,32968.67,23.33,4.27,1.34,4.4,0.8,550
4/6/2011 17:00,32968.71,22.78,6.06,1.34,5.27,1.19,345
4/6/2011 18:00,32968.76,21.11,6.19,0.45,4.54,1.59,121
4/6/2011 19:00,32968.8,17.22,5.11,0.45,3.37,1.99,7
4/6/2011 20:00,32968.84,15.56,4.51,0.45,5.06,2.39,3
4/6/2011 21:00,32968.88,13.33,7.71,1.79,4.19,2.78,3
4/6/2011 22:00,32968.92,11.67,5.47,2.24,4.43,3.18,3
4/6/2011 23:00,32968.97,14.44,9.21,0.45,3.19,0,3
4/7/2011 0:00,32969,10,3.21,1.79,5.43,3.98,3
4/7/2011 1:00,32969.04,10.56,3.96,2.24,5.04,4.38,3
4/7/2011 2:00,32969.08,9.44,1.75,2.68,5.22,4.77,4
4/7/2011 3:00,32969.13,8.89,1.47,0.89,5.53,5.17,3
4/7/2011 4:00,32969.17,9.44,2.22,3.13,5.25,5.57,3
4/7/2011 5:00,32969.21,9.44,2.45,0.89,5.39,5.97,3
4/7/2011 6:00,32969.25,8.89,0.99,1.34,5.62,6.36,4
4/7/2011 7:00,32969.29,8.89,4.26,1.34,4.05,6.76,24
4/7/2011 8:00,32969.34,8.33,3.72,0.89,4.29,7.16,74
4/7/2011 9:00,32969.38,7.78,5.21,0.45,5.57,7.56,78
4/7/2011 10:00,32969.42,5.56,3.86,1.79,5.13,7.96,81
4/7/2011 11:00,32969.46,6.11,3.06,2.24,0.49,8.35,178
4/7/2011 12:00,32969.5,9.44,3.56,4.02,6.09,8.75,424
4/7/2011 13:00,32969.55,10,2.52,3.58,0.98,3.76,718
4/7/2011 14:00,32969.59,13.33,3.87,2.68,1.03,0,763
4/7/2011 15:00,32969.63,10.56,1.02,0.45,4.73,0.07,317
4/7/2011 16:00,32969.67,10,1.29,1.79,4.21,0.15,351
4/7/2011 17:00,32969.71,10,0.23,2.68,5.18,0.22,225
4/7/2011 18:00,32969.76,6.67,0.69,2.24,5.69,0.29,68
4/7/2011 19:00,32969.8,6.11,0.37,1.34,5.43,0.37,7
4/7/2011 20:00,32969.84,6.11,0.99,1.79,5.43,0.44,3
4/7/2011 21:00,32969.88,5,2.66,0.89,4.52,0.51,4
4/7/2011 22:00,32969.92,5,1.07,1.79,5.78,0.59,4
4/7/2011 23:00,32969.97,11.67,5.47,0.89,4.49,3.58,3
4/8/2011 0:00,32970,5.56,1.23,1.34,1.99,0.73,4
4/8/2011 1:00,32970.04,3.89,1.9,0.45,2.83,0.8,4
4/8/2011 2:00,32970.08,5,2.66,0.89,3.82,0.88,4
4/8/2011 3:00,32970.13,3.89,1.4,2.68,3.63,0.95,4
4/8/2011 4:00,32970.17,4.44,2.61,0.89,5.41,1.02,4
4/8/2011 5:00,32970.21,4.44,1.94,0.89,2.48,1.1,4
4/8/2011 6:00,32970.25,4.44,2.28,0.89,2.51,1.17,8
4/8/2011 7:00,32970.29,4.44,1.77,1.34,2.04,1.24,64
4/8/2011 8:00,32970.34,6.67,2.87,0.45,0.77,1.32,137
4/8/2011 9:00,32970.38,7.22,3.23,0.89,1.34,1.39,235
4/8/2011 10:00,32970.42,6.67,1.11,1.79,0.65,1.46,298
4/8/2011 11:00,32970.46,8.33,1.4,1.34,3.25,1.54,636
4/8/2011 12:00,32970.5,12.78,1.35,1.34,0.84,1.61,833
4/8/2011 13:00,32970.55,9.44,0.25,4.47,0.68,6.8,555
4/8/2011 14:00,32970.59,11.67,2.05,4.47,6.02,0,892
4/8/2011 15:00,32970.63,10.56,0.47,5.81,0.75,0.19,571
4/8/2011 16:00,32970.67,11.11,-1.1,3.58,6.21,0.39,463
4/8/2011 17:00,32970.71,12.78,-0.94,0.89,5.45,0.58,286
4/8/2011 18:00,32970.76,9.44,0.51,1.79,5.81,0.77,75
4/8/2011 19:00,32970.8,8.33,0.71,1.34,5.78,0.96,8
4/8/2011 20:00,32970.84,6.67,-0.18,3.58,6.23,1.16,3
4/8/2011 21:00,32970.88,7.22,1.01,1.79,0.59,1.35,3
4/8/2011 22:00,32970.92,6.67,0.91,3.58,0.75,1.54,3
4/8/2011 23:00,32970.97,5,0.89,4.02,0.96,0.66,4
4/9/2011 0:00,32971,5.56,0.25,0.89,3.67,1.93,4
4/9/2011 1:00,32971.04,5.56,0.65,2.24,1.36,2.12,4
4/9/2011 2:00,32971.08,4.44,-1.02,2.24,1.95,2.31,4
4/9/2011 3:00,32971.13,5,1.44,2.24,1.48,2.5,4
4/9/2011 4:00,32971.17,5,1.44,3.58,0.99,2.7,4
4/9/2011 5:00,32971.21,5,1.07,2.68,0.99,2.89,4
4/9/2011 6:00,32971.25,5,1.44,2.24,1.24,3.08,12
4/9/2011 7:00,32971.29,7.22,1.85,2.24,1.45,3.27,149
4/9/2011 8:00,32971.34,9.44,2.22,0.45,1.69,3.47,337
4/9/2011 9:00,32971.38,10.56,2.06,1.79,3.07,3.66,548
4/9/2011 10:00,32971.42,11.11,3.08,0.45,1.05,3.85,596
4/9/2011 11:00,32971.46,13.89,3.27,0.45,2.83,4.04,827
4/9/2011 12:00,32971.5,13.89,2.68,0.89,3.82,4.24,751
4/9/2011 13:00,32971.55,16.11,0.95,0.45,2.74,0,850
4/9/2011 14:00,32971.59,15,2.1,3.13,0.38,0,853
4/9/2011 15:00,32971.63,16.67,1.82,0.89,5.78,0,745
4/9/2011 16:00,32971.67,16.67,1.44,1.34,5.03,0,550
4/9/2011 17:00,32971.71,18.33,3.32,0.89,5.67,0,349
4/9/2011 18:00,32971.76,11.67,3.1,4.92,0.82,0,96
4/9/2011 19:00,32971.8,11.11,2.07,4.47,0.91,0,8
4/9/2011 20:00,32971.84,10.56,2.31,2.68,0.79,0,3
4/9/2011 21:00,32971.88,10,2.98,2.68,0.75,0,3
4/9/2011 22:00,32971.92,10,4.09,3.58,1.08,0,3
4/9/2011 23:00,32971.97,6.11,0.99,3.13,0.82,1.73,3
4/10/2011 0:00,32972,7.22,3.6,0.89,3.98,0,3
4/10/2011 1:00,32972.04,7.22,3.96,0.45,2.67,0,3
4/10/2011 2:00,32972.08,7.22,3.6,0.89,1.31,0,4
4/10/2011 3:00,32972.13,7.22,2.84,4.02,1.05,0,4
4/10/2011 4:00,32972.17,5.56,2.16,0.89,3.79,0,4
4/10/2011 5:00,32972.21,5.56,2.34,0.45,4.5,0,4
4/10/2011 6:00,32972.25,7.78,3.38,2.24,1.31,0,14
4/10/2011 7:00,32972.29,9.44,0.51,3.58,0.93,0,144
4/10/2011 8:00,32972.34,11.11,0.7,2.68,1.01,0,345
4/10/2011 9:00,32972.38,17.22,2.7,1.79,3.65,0,545
4/10/2011 10:00,32972.42,16.11,1.7,3.13,3.58,0,717
4/10/2011 11:00,32972.46,17.22,4.12,0.89,1.4,0,837
4/10/2011 12:00,32972.5,18.89,4.93,0.45,0.75,0,908
4/10/2011 13:00,32972.55,22.22,5.99,0.89,5.81,0,949
4/10/2011 14:00,32972.59,20.56,4.91,0.89,5.55,0,832
4/10/2011 15:00,32972.63,20,4.41,0.45,3.6,0.16,711
4/10/2011 16:00,32972.67,21.11,4.16,0.89,4.28,0.32,545
4/10/2011 17:00,32972.71,20.56,5.3,0.45,3.61,0.49,340
4/10/2011 18:00,32972.76,17.22,4.79,0.89,3.6,0.65,96
4/10/2011 19:00,32972.8,15,4.58,1.34,5.41,0.81,10
4/10/2011 20:00,32972.84,13.89,5.18,1.79,0.05,0.97,3
4/10/2011 21:00,32972.88,12.78,6.97,1.79,0.33,1.14,3
4/10/2011 22:00,32972.92,12.22,6.43,2.68,1.47,1.3,3
4/10/2011 23:00,32972.97,9.44,3.35,1.79,6.11,0,3
4/11/2011 0:00,32973,10.56,5.87,2.24,0.82,1.62,3
4/11/2011 1:00,32973.04,10.56,6.07,2.68,1.03,1.78,3
4/11/2011 2:00,32973.08,9.44,5.95,0.89,3.77,1.95,3
4/11/2011 3:00,32973.13,7.22,4.67,0.89,3.93,2.11,3
4/11/2011 4:00,32973.17,7.22,5.01,0.45,6.13,2.27,4
4/11/2011 5:00,32973.21,8.89,6.13,0.45,4.1,2.43,4
4/11/2011 6:00,32973.25,7.78,5.21,0.89,1.59,2.6,9
4/11/2011 7:00,32973.29,11.67,7.54,0.45,4.03,2.76,118
4/11/2011 8:00,32973.34,12.78,8.01,0.45,4.31,2.92,225
4/11/2011 9:00,32973.38,13.33,7.71,0.89,4.33,3.08,374
4/11/2011 10:00,32973.42,17.22,8.31,0.89,5.9,3.24,566
4/11/2011 11:00,32973.46,17.22,6.93,0.89,4.24,3.41,717
4/11/2011 12:00,32973.5,20.56,10.02,0.89,4.17,3.57,785
4/11/2011 13:00,32973.55,20.56,9.12,1.34,5.85,1.61,789
4/11/2011 14:00,32973.59,21.67,8.15,0.89,4.15,0,827
4/11/2011 15:00,32973.63,20.56,5.3,0.89,4.69,0,694
4/11/2011 16:00,32973.67,20.56,6.07,0.89,5.43,0,542
4/11/2011 17:00,32973.71,18.89,6.31,1.79,5.39,0,319
4/11/2011 18:00,32973.76,16.11,6.73,0.45,3.46,0,93
4/11/2011 19:00,32973.8,13.89,5.18,0.45,4.15,0,13
4/11/2011 20:00,32973.84,12.78,4.9,0.89,5.46,0,3
4/11/2011 21:00,32973.88,11.67,4.56,0.89,0.26,0,3
4/11/2011 22:00,32973.92,12.78,6.53,0.89,0.65,0,3
4/11/2011 23:00,32973.97,11.67,6.53,2.24,1.13,1.46,3
4/12/2011 0:00,32974,10,5.53,0.89,4.07,0,3
4/12/2011 1:00,32974.04,10,7.21,0.45,1.8,0,3
4/12/2011 2:00,32974.08,7.78,5.56,0.89,3.84,0,3
4/12/2011 3:00,32974.13,8.89,5.22,0.89,4.29,0,3
4/12/2011 4:00,32974.17,7.78,6.22,0.45,4.4,0,4
4/12/2011 5:00,32974.21,5.56,3.7,1.79,4.31,0,4
4/12/2011 6:00,32974.25,8.33,6.61,1.34,1.15,0,11
4/12/2011 7:00,32974.29,10.56,7.4,2.24,0.99,0,128
4/12/2011 8:00,32974.34,11.11,7.76,1.34,4.12,0,344
4/12/2011 9:00,32974.38,14.44,8.34,0.45,4.15,0,529
4/12/2011 10:00,32974.42,20.56,10.88,0.89,6.09,0,724
4/12/2011 11:00,32974.46,18.89,7.58,0.89,2.04,0,849
4/12/2011 12:00,32974.5,20.56,6.79,0.89,4.22,0,913
4/12/2011 13:00,32974.55,21.67,6.69,0.89,3.86,0,911
4/12/2011 14:00,32974.59,21.67,7.44,0.89,4.24,0,837
4/12/2011 15:00,32974.63,22.78,7.68,0.45,4.94,0,719
4/12/2011 16:00,32974.67,23.33,8.18,0.45,3.84,0,545
4/12/2011 17:00,32974.71,22.22,7.18,0.45,3.84,0,342
4/12/2011 18:00,32974.76,18.89,6.31,0.45,4.38,0,103
4/12/2011 19:00,32974.8,15,4.87,0.45,5.38,0,10
4/12/2011 20:00,32974.84,13.33,4.4,0.45,4.69,0,3
4/12/2011 21:00,32974.88,14.44,6.95,1.79,6.23,0,3
4/12/2011 22:00,32974.92,10,5.13,0.45,3.56,0,3
4/12/2011 23:00,32974.97,11.67,6.33,0.89,1.83,0,3
4/13/2011 0:00,32975,8.33,5.58,1.34,4.38,0,3
4/13/2011 1:00,32975.04,7.78,5.38,0.45,3.67,0,4
4/13/2011 2:00,32975.08,6.11,4.08,1.34,4.5,0,3
4/13/2011 3:00,32975.13,5.56,3.86,0.89,4.43,0,4
4/13/2011 4:00,32975.17,6.11,4.25,0.89,4.56,0,4
4/13/2011 5:00,32975.21,6.11,2.52,1.34,4.12,0,4
4/13/2011 6:00,32975.25,6.67,2.69,1.79,5.5,0,13
4/13/2011 7:00,32975.29,7.78,2.38,0.89,4.19,0,68
4/13/2011 8:00,32975.34,11.67,2.32,1.79,5.36,0,320
4/13/2011 9:00,32975.38,13.33,2.46,3.13,5.18,0,612
4/13/2011 10:00,32975.42,15,3.08,1.34,4.96,0,644
4/13/2011 11:00,32975.46,15,1.42,1.34,1.62,0,843
4/13/2011 12:00,32975.5,15.56,2.27,2.24,4.61,0,902
4/13/2011 13:00,32975.55,17.22,3.78,0.45,3.51,0,843
4/13/2011 14:00,32975.59,16.67,3.62,3.13,5.43,0,714
4/13/2011 15:00,32975.63,17.22,3.78,2.68,5.18,0,717
4/13/2011 16:00,32975.67,17.78,3.93,2.24,5.17,0,486
4/13/2011 17:00,32975.71,16.11,1.7,0.89,4.8,0,317
4/13/2011 18:00,32975.76,13.33,3.32,0.45,4.94,0,99
4/13/2011 19:00,32975.8,10,2.75,0.45,5.01,0,10
4/13/2011 20:00,32975.84,10,2.52,0.89,4.71,0,3
4/13/2011 21:00,32975.88,9.44,2.22,2.24,5.95,0,3
4/13/2011 22:00,32975.92,10,1.29,2.68,6.06,0,3
4/13/2011 23:00,32975.97,10,6.3,0.89,4.14,0,3
4/14/2011 0:00,32976,6.67,2.69,0.89,4.15,0,3
4/14/2011 1:00,32976.04,6.67,1.32,0.45,3.91,0,4
4/14/2011 2:00,32976.08,7.22,2.06,0.89,1.1,0,4
4/14/2011 3:00,32976.13,5.56,1.04,0.45,4.68,0,4
4/14/2011 4:00,32976.17,6.11,1.58,3.13,0.94,0,4
4/14/2011 5:00,32976.21,6.11,1.77,1.34,1.75,0,4
4/14/2011 6:00,32976.25,4.44,-0.03,0.89,3.32,0,21
4/14/2011 7:00,32976.29,8.89,3.86,1.79,1.57,0,152
4/14/2011 8:00,32976.34,11.67,2.85,0.45,2.34,0,318
4/14/2011 9:00,32976.38,15,4.58,0.89,3.42,0,560
4/14/2011 10:00,32976.42,14.44,4.63,0.89,3.47,0,720
4/14/2011 11:00,32976.46,15.56,2.94,1.79,3.77,0,821
4/14/2011 12:00,32976.5,18.33,5.13,1.34,0.45,0,879
4/14/2011 13:00,32976.55,18.89,3.81,1.79,5.25,0,879
4/14/2011 14:00,32976.59,21.11,4.16,1.34,5.38,0,830
4/14/2011 15:00,32976.63,20.56,3.23,2.24,4.08,0,706
4/14/2011 16:00,32976.67,20.56,3.67,0.89,5.29,0,535
4/14/2011 17:00,32976.71,18.89,0.4,2.24,4.59,0,331
4/14/2011 18:00,32976.76,16.67,2.56,0.89,6.06,0,108
4/14/2011 19:00,32976.8,12.78,1.66,0.89,3.89,0,9
4/14/2011 20:00,32976.84,13.33,1.55,0.45,3.65,0,3
4/14/2011 21:00,32976.88,12.22,2.57,0.45,2.01,0,3
4/14/2011 22:00,32976.92,11.67,5.47,1.79,1.31,0,3
4/14/2011 23:00,32976.97,9.44,1.75,1.79,6.14,0,3
4/15/2011 0:00,32977,11.11,5.37,2.68,0.94,0,3
4/15/2011 1:00,32977.04,11.11,4.94,3.13,1.33,0,3
4/15/2011 2:00,32977.08,10,5.13,3.58,1.41,0,3
4/15/2011 3:00,32977.13,8.89,5.4,3.13,1.43,0,3
4/15/2011 4:00,32977.17,8.89,4.46,1.79,0.56,0,3
4/15/2011 5:00,32977.21,9.44,5.76,2.24,1.54,0,3
4/15/2011 6:00,32977.25,9.44,5.19,3.13,1.47,0,18
4/15/2011 7:00,32977.29,11.11,4.72,1.34,4.01,0,162
4/15/2011 8:00,32977.34,10.56,5.87,0.89,3.93,0,361
4/15/2011 9:00,32977.38,15,5.7,1.79,3.53,0,559
4/15/2011 10:00,32977.42,18.33,5.8,1.79,3.58,0,723
4/15/2011 11:00,32977.46,20,2.74,0.89,4.5,0,843
4/15/2011 12:00,32977.5,20,4.01,0.45,0.03,0,897
4/15/2011 13:00,32977.55,20.56,5.69,1.34,0.44,0,890
4/15/2011 14:00,32977.59,24.44,5.72,0.45,3.63,0,835
4/15/2011 15:00,32977.63,24.44,5.72,0.45,3.49,0,722
4/15/2011 16:00,32977.67,25,7.59,0.45,3.19,0,550
4/15/2011 17:00,32977.71,22.78,8.8,1.34,4.82,0,348
4/15/2011 18:00,32977.76,21.11,8.99,0.89,3.89,0,101
4/15/2011 19:00,32977.8,17.22,8.57,0.45,4.35,0,11
4/15/2011 20:00,32977.84,16.67,9.3,0,4.31,0,3
4/15/2011 21:00,32977.88,15,8.42,0.45,2.81,0,3
4/15/2011 22:00,32977.92,15,9.09,0.89,0.61,0,3
4/15/2011 23:00,32977.97,11.11,4.72,2.68,1.33,0,3
4/16/2011 0:00,32978,14.44,9.83,1.79,1.45,0,3
4/16/2011 1:00,32978.04,12.78,8.81,2.24,1.29,0,3
4/16/2011 2:00,32978.08,13.33,9.35,2.24,1.24,0,3
4/16/2011 3:00,32978.13,12.22,8.27,2.68,1.06,0,3
4/16/2011 4:00,32978.17,11.67,7.73,2.68,1.08,0,3
4/16/2011 5:00,32978.21,12.22,8.07,2.24,1.4,0,3
4/16/2011 6:00,32978.25,11.67,8.11,2.68,1.17,0,18
4/16/2011 7:00,32978.29,14.44,9.83,1.34,1.29,0,169
4/16/2011 8:00,32978.34,17.22,10.07,0.45,3.51,0,349
4/16/2011 9:00,32978.38,21.67,12.47,0.45,5.65,0,549
4/16/2011 10:00,32978.42,21.67,10.75,0.89,1.9,0,712
4/16/2011 11:00,32978.46,22.78,11.16,0.89,4.56,0,816
4/16/2011 12:00,32978.5,23.33,8.57,1.34,3.56,0,926
4/16/2011 13:00,32978.55,25,10.82,0.89,5.67,0,884
4/16/2011 14:00,32978.59,26.67,11.95,1.34,5.29,0,798
4/16/2011 15:00,32978.63,26.67,12.69,0.45,4.5,0,679
4/16/2011 16:00,32978.67,25,12.22,0.89,4.12,0,407
4/16/2011 17:00,32978.71,25,13.21,0.45,3.74,0,294
4/16/2011 18:00,32978.76,22.78,12.96,1.34,5.01,0,104
4/16/2011 19:00,32978.8,18.33,11.83,0.45,0.99,0,12
4/16/2011 20:00,32978.84,17.78,10.83,0,5.71,0,3
4/16/2011 21:00,32978.88,18.33,12.29,0.89,1.68,0,3
4/16/2011 22:00,32978.92,17.22,12.09,0.45,4.57,0,3
4/16/2011 23:00,32978.97,14.44,8.99,0.89,0.47,0,3
4/17/2011 0:00,32979,15,12.11,1.34,1.2,0,3
4/17/2011 1:00,32979.04,15.56,12.84,1.79,1.45,0,3
4/17/2011 2:00,32979.08,14.44,12.29,0.45,3.98,0,3
4/17/2011 3:00,32979.13,13.89,11.56,2.24,0.54,0,3
4/17/2011 4:00,32979.17,13.33,11.02,2.68,1.47,0,3
4/17/2011 5:00,32979.21,13.89,11.56,1.34,1.62,0,4
4/17/2011 6:00,32979.25,12.78,11.33,0,4.08,0,20
4/17/2011 7:00,32979.29,15,11.93,1.34,1.05,0,158
4/17/2011 8:00,32979.34,17.78,11.07,0.89,1.27,0,357
4/17/2011 9:00,32979.38,23.33,14.03,0.89,4.35,0,547
4/17/2011 10:00,32979.42,22.22,12.99,0.89,3.42,0,716
4/17/2011 11:00,32979.46,23.89,12.81,0.45,4.12,0,839
4/17/2011 12:00,32979.5,25,13.21,0.89,3.39,0,893
4/17/2011 13:00,32979.55,26.11,13.58,0.45,3.32,0,832
4/17/2011 14:00,32979.59,29.44,17.3,1.34,5.34,0,844
4/17/2011 15:00,32979.63,26.67,13.75,1.34,3.18,0.06,651
4/17/2011 16:00,32979.67,27.78,14.76,0.89,4.19,0.13,569
4/17/2011 17:00,32979.71,26.67,12.69,0.89,5.15,0.19,353
4/17/2011 18:00,32979.76,23.89,13.41,0.45,4.14,0.25,101
4/17/2011 19:00,32979.8,20.56,12.48,0.45,4.17,0.32,10
4/17/2011 20:00,32979.84,18.89,11.65,0.89,4.03,0.38,3
4/17/2011 21:00,32979.88,18.33,12.95,1.34,4.05,0.44,3
4/17/2011 22:00,32979.92,15.56,11.7,0.89,3.6,0.5,3
4/17/2011 23:00,32979.97,16.11,13.01,1.79,1.34,0,3
4/18/2011 0:00,32980,13.89,11.02,0.89,4.31,0.63,3
4/18/2011 1:00,32980.04,13.33,10.84,0.89,4.43,0.69,3
4/18/2011 2:00,32980.08,12.78,10.82,0.45,3.98,0.76,3
4/18/2011 3:00,32980.13,12.22,10.27,0.45,3.21,0.82,3
4/18/2011 4:00,32980.17,11.67,10.23,0.45,4.92,0.88,4
4/18/2011 5:00,32980.21,11.67,10.23,0,3.4,0.95,3
4/18/2011 6:00,32980.25,12.78,11.16,0.45,0.75,1.01,13
4/18/2011 7:00,32980.29,13.33,11.02,0.45,4.05,1.07,62
4/18/2011 8:00,32980.34,17.22,11.66,0.45,3.89,1.13,278
4/18/2011 9:00,32980.38,19.44,11.18,0.45,2.64,1.2,535
4/18/2011 10:00,32980.42,21.67,10.14,1.79,5.39,1.26,707
4/18/2011 11:00,32980.46,22.78,9.51,1.34,4.19,1.32,847
4/18/2011 12:00,32980.5,24.44,9.94,1.34,4.76,1.39,863
4/18/2011 13:00,32980.55,25,9.28,0.45,4.01,0,829
4/18/2011 14:00,32980.59,26.67,8.15,0.89,4.38,0,869
4/18/2011 15:00,32980.63,25.56,7.63,1.79,5.27,0.39,661
4/18/2011 16:00,32980.67,26.11,8.58,1.34,5.43,0.77,434
4/18/2011 17:00,32980.71,22.78,9.51,1.34,5.18,1.16,233
4/18/2011 18:00,32980.76,20.56,9.42,0.45,6.25,1.54,99
4/18/2011 19:00,32980.8,18.33,8.81,0.45,3.61,1.93,16
4/18/2011 20:00,32980.84,16.11,9.71,0.45,5.15,2.31,3
4/18/2011 21:00,32980.88,14.44,10.23,0.89,3.72,2.7,3
4/18/2011 22:00,32980.92,13.89,11.2,0.89,3.98,3.08,3
4/18/2011 23:00,32980.97,16.11,12.82,0.45,0.63,0.57,3
4/19/2011 0:00,32981,13.89,11.2,0.45,0.56,3.85,3
4/19/2011 1:00,32981.04,11.67,9.38,0.45,3.67,4.24,3
4/19/2011 2:00,32981.08,13.33,9.73,1.34,1.41,4.62,3
4/19/2011 3:00,32981.13,12.22,9.02,0.89,6.06,5.01,3
4/19/2011 4:00,32981.17,11.11,8.12,0.45,1.31,5.39,3
4/19/2011 5:00,32981.21,10,7.57,0.89,4.19,5.78,3
4/19/2011 6:00,32981.25,10.56,9.3,0.45,3.84,6.16,25
4/19/2011 7:00,32981.29,13.89,10.65,0.89,3.58,6.55,185
4/19/2011 8:00,32981.34,17.78,11.3,0.89,3.39,6.94,383
4/19/2011 9:00,32981.38,19.44,12.18,1.34,3.77,7.32,578
4/19/2011 10:00,32981.42,21.11,13.01,0.45,3.23,7.71,617
4/19/2011 11:00,32981.46,23.33,13.47,0.45,1.41,8.09,588
4/19/2011 12:00,32981.5,21.11,11.4,0.45,5.29,8.48,467
4/19/2011 13:00,32981.55,22.78,11.47,1.34,4.61,5.9,637
4/19/2011 14:00,32981.59,24.44,12.7,0.45,3.67,0,735
4/19/2011 15:00,32981.63,25,11.88,0.45,3.72,0.22,632
4/19/2011 16:00,32981.67,25.56,12.04,1.34,4.15,0.44,529
4/19/2011 17:00,32981.71,24.44,11.38,0.45,5.52,0.67,350
4/19/2011 18:00,32981.76,21.67,11.92,0.45,4.19,0.89,112
4/19/2011 19:00,32981.8,17.78,10.59,1.34,5.48,1.11,14
4/19/2011 20:00,32981.84,17.22,11.44,0.45,3.94,1.33,3
4/19/2011 21:00,32981.88,16.67,10.47,1.34,0.3,1.56,3
4/19/2011 22:00,32981.92,16.11,11.02,1.79,0.75,1.78,3
4/19/2011 23:00,32981.97,12.22,10.1,0.45,6.11,3.47,3
4/20/2011 0:00,32982,15.56,12.28,1.34,0.54,2.22,3
4/20/2011 1:00,32982.04,14.44,11.01,1.79,1.12,2.45,3
4/20/2011 2:00,32982.08,14.44,10.82,2.68,1.55,2.67,3
4/20/2011 3:00,32982.13,14.44,10.82,2.24,1.33,2.89,3
4/20/2011 4:00,32982.17,13.89,10.27,1.34,1.34,3.11,3
4/20/2011 5:00,32982.21,13.89,10.46,2.24,1.47,3.33,3
4/20/2011 6:00,32982.25,15,10.77,0.89,4.01,3.56,20
4/20/2011 7:00,32982.29,16.67,12.18,0.45,4.28,3.78,100
4/20/2011 8:00,32982.34,16.67,11.34,0.89,4.38,4,205
4/20/2011 9:00,32982.38,17.22,12.92,0.45,3.19,4.22,154
4/20/2011 10:00,32982.42,18.89,13.26,0.45,0.63,4.45,237
4/20/2011 11:00,32982.46,21.67,13.01,1.34,3.74,4.67,511
4/20/2011 12:00,32982.5,25,14.14,0.45,4.85,4.89,742
4/20/2011 13:00,32982.55,21.67,8.5,0.89,3.72,8.07,476
4/20/2011 14:00,32982.59,24.44,10.67,0.89,4.33,5.77,565
4/20/2011 15:00,32982.63,25,8.46,0.89,3.8,5.5,606
4/20/2011 16:00,32982.67,26.11,9.87,0.89,4.07,5.24,392
4/20/2011 17:00,32982.71,23.89,7.05,1.79,4.31,4.98,338
4/20/2011 18:00,32982.76,22.22,7.57,0.45,1.75,4.72,146
4/20/2011 19:00,32982.8,20,8.29,0.45,3.84,4.46,12
4/20/2011 20:00,32982.84,17.78,6.86,0.45,2.23,4.19,3
4/20/2011 21:00,32982.88,17.78,7.73,0.89,3.63,3.93,3
4/20/2011 22:00,32982.92,15,10.36,0.45,3.82,3.67,3
4/20/2011 23:00,32982.97,15,10.97,1.34,1.87,2,3
4/21/2011 0:00,32983,14.44,10.62,1.34,1.24,3.15,3
4/21/2011 1:00,32983.04,15.56,10.28,1.34,5.46,2.88,3
4/21/2011 2:00,32983.08,15,9.95,0.89,6.13,2.62,3
4/21/2011 3:00,32983.13,15,9.31,2.68,6.11,2.36,3
4/21/2011 4:00,32983.17,15.56,8.95,0.89,0.42,2.1,3
4/21/2011 5:00,32983.21,15.56,8.72,0.89,0.19,1.83,3
4/21/2011 6:00,32983.25,13.89,9.69,2.68,1.75,1.57,12
4/21/2011 7:00,32983.29,16.11,9.93,1.79,0.68,1.31,64
4/21/2011 8:00,32983.34,16.11,9.01,2.24,1.03,1.05,219
4/21/2011 9:00,32983.38,20,10.64,0.45,3.84,0.79,395
4/21/2011 10:00,32983.42,21.11,8.99,0.45,2.83,0.52,655
4/21/2011 11:00,32983.46,22.78,10.19,1.34,4.87,0.26,649
4/21/2011 12:00,32983.5,23.33,9.31,0.45,3.63,0,980
4/21/2011 13:00,32983.55,23.89,10.17,0.45,6.11,0,846
4/21/2011 14:00,32983.59,24.44,8.38,0.89,3.28,0,840
4/21/2011 15:00,32983.63,25,8.46,1.79,4.31,0,747
4/21/2011 16:00,32983.67,23.89,7.88,0.45,1.62,0,574
4/21/2011 17:00,32983.71,22.78,8.07,1.34,5.18,0,373
4/21/2011 18:00,32983.76,20.56,8.48,0.89,5.62,0,137
4/21/2011 19:00,32983.8,15.56,6.21,0.45,4,0,13
4/21/2011 20:00,32983.84,15,6.74,0.45,4.5,0,3
4/21/2011 21:00,32983.88,12.78,5.85,0.45,3.8,0,3
4/21/2011 22:00,32983.92,11.67,6.11,0.45,4.05,0,3
4/21/2011 23:00,32983.97,15,11.36,0.45,3.87,3.41,3
4/22/2011 0:00,32984,10,6.85,1.34,4.19,0,3
4/22/2011 1:00,32984.04,8.89,6.13,0.89,3.93,0,3
4/22/2011 2:00,32984.08,8.89,6.65,0.89,3.82,0,4
4/22/2011 3:00,32984.13,8.33,5.93,0.45,3.18,0,4
4/22/2011 4:00,32984.17,8.89,6.65,0.45,2.29,0,4
4/22/2011 5:00,32984.21,8.33,6.61,1.34,3.68,0,4
4/22/2011 6:00,32984.25,8.33,5.93,1.34,3.72,0,34
4/22/2011 7:00,32984.29,12.78,8.22,0.89,3.98,0,200
4/22/2011 8:00,32984.34,14.44,9.42,0.45,3.91,0,399
4/22/2011 9:00,32984.38,17.22,8.57,0.45,4.36,0,591
4/22/2011 10:00,32984.42,19.44,8.99,0.89,4.35,0,762
4/22/2011 11:00,32984.46,20.56,7.49,0.45,3.18,0,877
4/22/2011 12:00,32984.5,22.22,7.18,0.45,3.02,0,934
4/22/2011 13:00,32984.55,23.89,7.88,0.45,3.49,5.49,668
4/22/2011 14:00,32984.59,23.89,9.07,0.45,4.49,7.16,484
4/22/2011 15:00,32984.63,21.11,6.93,1.34,5.6,6.97,291
4/22/2011 16:00,32984.67,19.44,6.14,0.89,4.42,6.79,231
4/22/2011 17:00,32984.71,17.78,6.86,1.79,5.72,6.6,78
4/22/2011 18:00,32984.76,18.33,2.93,1.79,5.34,6.41,47
4/22/2011 19:00,32984.8,16.11,2.77,5.81,6,6.23,17
4/22/2011 20:00,32984.84,15,4,1.79,5.38,6.04,3
4/22/2011 21:00,32984.88,15.56,3.27,3.58,6.11,5.86,3
4/22/2011 22:00,32984.92,15.56,3.59,2.68,6.18,5.67,3
4/22/2011 23:00,32984.97,10,5.92,0.89,5.11,0,3
4/23/2011 0:00,32985,15,4.29,2.68,0.93,5.3,3
4/23/2011 1:00,32985.04,13.89,4.66,1.34,3.11,5.11,3
4/23/2011 2:00,32985.08,11.11,4.72,0.89,4.19,4.93,3
4/23/2011 3:00,32985.13,12.22,5.55,0.89,4.19,4.74,3
4/23/2011 4:00,32985.17,13.33,5.9,1.34,1.31,4.56,3
4/23/2011 5:00,32985.21,10.56,6.46,0.89,3.7,4.37,3
4/23/2011 6:00,32985.25,9.44,5.57,0.89,4.05,4.18,23
4/23/2011 7:00,32985.29,10.56,5.87,0.89,4.21,4,119
4/23/2011 8:00,32985.34,14.44,7.66,0.89,3.65,3.81,258
4/23/2011 9:00,32985.38,17.22,7.21,0.89,3.04,3.63,511
4/23/2011 10:00,32985.42,19.44,8.09,0.89,1.08,3.44,721
4/23/2011 11:00,32985.46,23.33,7.39,0.89,3.39,3.25,830
4/23/2011 12:00,32985.5,21.67,3.29,0,2.65,3.07,831
4/23/2011 13:00,32985.55,23.89,3.73,0.89,3.65,0,935
4/23/2011 14:00,32985.59,24.44,5.23,0.45,3.53,0,772
4/23/2011 15:00,32985.63,23.89,4.75,0.89,3.87,0.3,610
4/23/2011 16:00,32985.67,23.89,4.25,0.89,3.72,0.61,462
4/23/2011 17:00,32985.71,21.67,4.21,1.34,0.03,0.91,297
4/23/2011 18:00,32985.76,21.11,5,0.45,4.69,1.22,97
4/23/2011 19:00,32985.8,18.89,6.96,1.34,0.17,1.52,15
4/23/2011 20:00,32985.84,18.89,7.58,1.34,0.61,1.83,3
4/23/2011 21:00,32985.88,18.33,7.67,1.79,1.34,2.13,3
4/23/2011 22:00,32985.92,17.22,7.21,2.24,1.03,2.43,3
4/23/2011 23:00,32985.97,16.11,4.41,4.02,0.72,5.48,3
4/24/2011 0:00,32986,15,8.19,0.89,3.94,3.04,3
4/24/2011 1:00,32986.04,15,8.19,1.34,1.45,3.35,3
4/24/2011 2:00,32986.08,12.78,6.53,2.24,1.83,3.65,3
4/24/2011 3:00,32986.13,12.78,8.42,1.34,3.68,3.95,3
4/24/2011 4:00,32986.17,12.78,9.19,1.34,2.32,4.26,3
4/24/2011 5:00,32986.21,11.11,7.94,2.24,1.47,4.56,3
4/24/2011 6:00,32986.25,12.22,9.02,2.24,1.15,4.87,35
4/24/2011 7:00,32986.29,13.33,9.73,0.45,4.31,5.17,96
4/24/2011 8:00,32986.34,13.33,9.35,0.45,3.96,5.48,69
4/24/2011 9:00,32986.38,15,10.57,0,0.45,5.78,102
4/24/2011 10:00,32986.42,17.78,10.83,1.79,1.33,6.08,307
4/24/2011 11:00,32986.46,19.44,10.12,1.34,5.08,6.39,335
4/24/2011 12:00,32986.5,20.56,10.02,1.79,5.17,6.69,629
4/24/2011 13:00,32986.55,22.22,11.86,1.79,5.59,5.65,662
4/24/2011 14:00,32986.59,23.89,11.21,0.89,5.55,0,848
4/24/2011 15:00,32986.63,23.33,6.98,0.89,3.68,0.34,734
4/24/2011 16:00,32986.67,23.89,7.47,0.89,4.75,0.68,611
4/24/2011 17:00,32986.71,22.78,8.07,0.89,5.11,1.02,381
4/24/2011 18:00,32986.76,20.56,7.49,0.45,5.59,1.36,143
4/24/2011 19:00,32986.8,16.11,6.46,0.89,5.32,1.7,14
4/24/2011 20:00,32986.84,16.11,7,1.79,5.39,2.04,3
4/24/2011 21:00,32986.88,14.44,7.66,0.89,4.43,2.38,3
4/24/2011 22:00,32986.92,13.33,7.93,0.45,4.75,2.72,3
4/24/2011 23:00,32986.97,16.11,7.53,0.45,3.79,2.74,3
4/25/2011 0:00,32987,9.44,6.67,0.45,4.12,3.39,3
4/25/2011 1:00,32987.04,8.89,6.82,0.89,4.21,3.73,3
4/25/2011 2:00,32987.08,10,7.57,0.45,4.19,4.07,3
4/25/2011 3:00,32987.13,10.56,8.11,0.45,2.16,4.41,3
4/25/2011 4:00,32987.17,10,7.74,0.89,3.84,4.75,3
4/25/2011 5:00,32987.21,9.44,7.19,0.45,3.37,5.09,3
4/25/2011 6:00,32987.25,10.56,8.46,0,3.28,5.43,15
4/25/2011 7:00,32987.29,12.78,9.38,0,5.22,5.77,85
4/25/2011 8:00,32987.34,14.44,9.62,1.34,0.94,6.11,177
4/25/2011 9:00,32987.38,17.22,9.08,0.45,1.94,6.45,430
4/25/2011 10:00,32987.42,17.78,8.56,0.45,3.68,6.79,476
4/25/2011 11:00,32987.46,20,6.98,0.45,4.14,7.13,558
4/25/2011 12:00,32987.5,22.78,7.29,0.89,5.69,7.47,567
4/25/2011 13:00,32987.55,23.89,6.17,0.45,1.9,5.18,691
4/25/2011 14:00,32987.59,25,7.59,0.45,3.94,6.26,546
4/25/2011 15:00,32987.63,24.44,7.96,0.45,0.8,5.97,667
4/25/2011 16:00,32987.67,23.89,9.44,0.45,2.43,5.69,576
4/25/2011 17:00,32987.71,23.33,10.7,1.79,5.11,5.41,363
4/25/2011 18:00,32987.76,20.56,7.83,0.89,3.67,5.12,148
4/25/2011 19:00,32987.8,16.67,7.52,0.45,2.76,4.84,15
4/25/2011 20:00,32987.84,15.56,8.72,1.79,4.54,4.55,3
4/25/2011 21:00,32987.88,13.33,7.06,0.45,5.01,4.27,3
4/25/2011 22:00,32987.92,11.67,5.24,0.89,4.45,3.98,3
4/25/2011 23:00,32987.97,11.67,6.53,0.89,4.26,3.05,3
4/26/2011 0:00,32988,10,5.92,0.89,4.24,3.41,3
4/26/2011 1:00,32988.04,8.33,5.23,0.45,4.22,3.13,3
4/26/2011 2:00,32988.08,8.89,6.13,0.45,3.67,2.85,4
4/26/2011 3:00,32988.13,8.33,6.1,0.45,4.14,2.56,3
4/26/2011 4:00,32988.17,6.67,5.12,0.45,3.84,2.28,4
4/26/2011 5:00,32988.21,6.11,4.25,0.45,4.38,1.99,4
4/26/2011 6:00,32988.25,7.78,5.38,0.45,4.96,1.71,46
4/26/2011 7:00,32988.29,12.22,8.07,1.34,5.15,1.42,223
4/26/2011 8:00,32988.34,14.44,6.47,0.45,4.5,1.14,427
4/26/2011 9:00,32988.38,17.22,7.49,0.45,4.61,0.85,625
4/26/2011 10:00,32988.42,17.78,5.62,0.45,4.21,0.57,790
4/26/2011 11:00,32988.46,18.89,4.56,0.89,4.52,0.28,901
4/26/2011 12:00,32988.5,21.11,5.41,0.89,4.24,0,955
4/26/2011 13:00,32988.55,22.22,3.78,0.89,3.75,0,953
4/26/2011 14:00,32988.59,23.89,4.75,0.89,4.61,0,889
4/26/2011 15:00,32988.63,23.33,1.6,1.34,4.17,0,765
4/26/2011 16:00,32988.67,22.78,-0.07,2.68,4.87,0,598
4/26/2011 17:00,32988.71,22.22,0.66,2.24,5.34,0,392
4/26/2011 18:00,32988.76,19.44,-0.62,2.24,5.53,0,138
4/26/2011 19:00,32988.8,16.11,-2.5,0.89,4.03,0,13
4/26/2011 20:00,32988.84,15,-1.66,0.89,5.18,0,3
4/26/2011 21:00,32988.88,13.89,-2.64,0.45,4.97,0,3
4/26/2011 22:00,32988.92,13.89,-3.07,0.45,5.55,0,3
4/26/2011 23:00,32988.97,10.56,4.84,0.45,5.27,3.7,3
4/27/2011 0:00,32989,11.11,2.83,3.13,1.31,0,3
4/27/2011 1:00,32989.04,9.44,1.99,0.89,0.86,0,3
4/27/2011 2:00,32989.08,10,4.09,0.89,0.94,0,3
4/27/2011 3:00,32989.13,10,3.66,3.13,1.41,0,3
4/27/2011 4:00,32989.17,7.78,1.32,1.34,3.42,0,3
4/27/2011 5:00,32989.21,8.33,3.53,1.79,1.45,0,4
4/27/2011 6:00,32989.25,10.56,5.26,2.24,1.24,0,43
4/27/2011 7:00,32989.29,9.44,3.13,1.34,4.03,0,216
4/27/2011 8:00,32989.34,15,5.15,0.45,5.79,0,420
4/27/2011 9:00,32989.38,18.33,3.69,1.34,3.02,0,617
4/27/2011 10:00,32989.42,19.44,2.69,0.89,3.98,0,780
4/27/2011 11:00,32989.46,22.22,3.78,1.34,3.65,0,897
4/27/2011 12:00,32989.5,23.89,3.73,2.24,3.77,0,953
4/27/2011 13:00,32989.55,25,4.16,1.79,1.17,0,944
4/27/2011 14:00,32989.59,26.67,5.03,0.89,5.83,0,893
4/27/2011 15:00,32989.63,27.22,3.69,0.89,5.59,0,754
4/27/2011 16:00,32989.67,27.22,3.03,0.45,3.72,0,599
4/27/2011 17:00,32989.71,24.44,-0.68,0.45,3.75,0,387
4/27/2011 18:00,32989.76,22.78,-0.07,0.89,4.47,0,148
4/27/2011 19:00,32989.8,19.44,0.39,0.89,4.03,0,15
4/27/2011 20:00,32989.84,18.33,0.38,1.79,0.03,0,3
4/27/2011 21:00,32989.88,17.78,4.28,1.79,0.12,0,3
4/27/2011 22:00,32989.92,15.56,5.38,2.68,0.77,0,3
4/27/2011 23:00,32989.97,12.22,1.44,0.89,2.15,0,3
4/28/2011 0:00,32990,15,4.87,0.89,1.71,0,3
4/28/2011 1:00,32990.04,13.33,3.6,2.24,1.45,0,3
4/28/2011 2:00,32990.08,13.33,4.4,2.24,1.43,0,3
4/28/2011 3:00,32990.13,13.33,5.17,1.79,1.4,0,3
4/28/2011 4:00,32990.17,12.78,5.85,2.24,1.17,0,3
4/28/2011 5:00,32990.21,11.67,5.24,3.58,1.38,0,3
4/28/2011 6:00,32990.25,14.44,6.47,0.45,3.79,0,44
4/28/2011 7:00,32990.29,15.56,6.75,0.45,2.84,0,188
4/28/2011 8:00,32990.34,17.78,6.25,1.34,4.14,0,415
4/28/2011 9:00,32990.38,21.67,8.5,1.34,0.4,0,613
4/28/2011 10:00,32990.42,22.22,4.25,1.34,3.68,0,779
4/28/2011 11:00,32990.46,23.89,4.75,1.34,4.21,0,898
4/28/2011 12:00,32990.5,24.44,5.23,0.89,4.29,0,951
4/28/2011 13:00,32990.55,25.56,7.17,0.45,5.41,0,945
4/28/2011 14:00,32990.59,26.11,8.12,0.89,4.1,0,881
4/28/2011 15:00,32990.63,26.11,9.02,0.89,4.05,0,760
4/28/2011 16:00,32990.67,27.22,9.1,2.24,5.29,0,592
4/28/2011 17:00,32990.71,25,7.59,2.24,5.25,0,390
4/28/2011 18:00,32990.76,21.11,4.58,2.24,5.34,0,151
4/28/2011 19:00,32990.8,17.78,4.28,0.89,4.15,0,15
4/28/2011 20:00,32990.84,15,4,0.45,5.83,0,3
4/28/2011 21:00,32990.88,12.78,4.65,0.45,4.28,0,3
4/28/2011 22:00,32990.92,12.22,5.09,0.45,3.82,0,3
4/28/2011 23:00,32990.97,15,4.29,3.13,0.84,0,3
4/29/2011 0:00,32991,8.33,2.92,1.34,5.11,0,3
4/29/2011 1:00,32991.04,8.89,2.82,2.24,4.75,0,3
4/29/2011 2:00,32991.08,6.67,2.31,0.89,3.82,0,3
4/29/2011 3:00,32991.13,5.56,2.51,0.45,2.98,0,4
4/29/2011 4:00,32991.17,5,2.49,0.45,3.98,0,4
4/29/2011 5:00,32991.21,5,3.15,0.89,3.51,0,4
4/29/2011 6:00,32991.25,5.56,3.2,0.45,4.8,0,49
4/29/2011 7:00,32991.29,7.78,1.97,0.89,4.08,0,227
4/29/2011 8:00,32991.34,11.11,2.07,1.34,4.36,0,438
4/29/2011 9:00,32991.38,13.33,3.32,1.79,1.31,0,634
4/29/2011 10:00,32991.42,13.33,3.04,3.13,1.19,0,796
4/29/2011 11:00,32991.46,15,3.39,4.02,0.4,0,904
4/29/2011 12:00,32991.5,17.22,3.42,1.34,3.42,0,952
4/29/2011 13:00,32991.55,21.11,2.33,2.24,0.8,0,952
4/29/2011 14:00,32991.59,22.22,-3.25,2.24,3.51,0,897
4/29/2011 15:00,32991.63,22.78,-0.71,3.58,5.92,0,776
4/29/2011 16:00,32991.67,23.33,-2.33,2.24,5.08,0,604
4/29/2011 17:00,32991.71,21.11,-2.76,1.34,5.03,0,400
4/29/2011 18:00,32991.76,19.44,-2.89,1.79,5.22,0,154
4/29/2011 19:00,32991.8,15.56,-3.47,0.45,4.56,0,16
4/29/2011 20:00,32991.84,12.78,-3.62,0.89,5.38,0,3
4/29/2011 21:00,32991.88,11.67,-3.02,0.89,4.01,0,3
4/29/2011 22:00,32991.92,10,-1.8,0.45,4.71,0,3
4/29/2011 23:00,32991.97,10.56,2.06,0.89,4.97,0,3
4/30/2011 0:00,32992,9.44,-1.12,0.45,4.59,0,3
4/30/2011 1:00,32992.04,9.44,1.27,1.79,1.8,0,3
4/30/2011 2:00,32992.08,7.78,-0.54,0.45,2.09,0,3
4/30/2011 3:00,32992.13,7.78,-0.54,0.89,3.61,0,3
4/30/2011 4:00,32992.17,7.78,-0.54,0.89,1.8,0,3
4/30/2011 5:00,32992.21,8.33,0.71,0.45,3.84,0,4
4/30/2011 6:00,32992.25,9.44,3.35,2.24,1.52,0,43
4/30/2011 7:00,32992.29,11.11,3.56,0.89,4.36,0,226
4/30/2011 8:00,32992.34,15.56,1.56,0.45,4.42,0,440
4/30/2011 9:00,32992.38,17.78,1.21,0.89,2.76,0,642
4/30/2011 10:00,32992.42,21.11,2.33,0.45,2.48,0,806
4/30/2011 11:00,32992.46,20.56,-0.77,2.24,4.07,0,918
4/30/2011 12:00,32992.5,22.22,-0.54,0.89,4.29,0,973
4/30/2011 13:00,32992.55,23.33,-0.9,0.89,3.98,0,967
4/30/2011 14:00,32992.59,23.89,-1.14,0.45,4.68,0,902
4/30/2011 15:00,32992.63,25,-0.95,1.34,5.13,0,778
4/30/2011 16:00,32992.67,24.44,-2.99,0.89,4.36,0,606
4/30/2011 17:00,32992.71,25,-0.21,0.45,4.71,0,403
4/30/2011 18:00,32992.76,21.67,-1.64,0.45,3.96,0,158
4/30/2011 19:00,32992.8,18.89,-2.76,0.45,4.14,0,16
4/30/2011 20:00,32992.84,17.22,-3.06,0.45,3.26,0,3
4/30/2011 21:00,32992.88,15.56,3.59,1.34,0.63,0,3
4/30/2011 22:00,32992.92,14.44,2.25,2.68,1.43,0,3
4/30/2011 23:00,32992.97,10.56,-0.99,0.89,1.78,0,3
5/1/2011 0:00,32993,12.22,0.84,0.89,1.17,0,3
5/1/2011 1:00,32993.04,12.22,1.73,2.24,1.36,0,3
5/1/2011 2:00,32993.08,11.11,1.8,2.68,1.27,0,3
5/1/2011 3:00,32993.13,10,1.79,4.02,1.24,0,3
5/1/2011 4:00,32993.17,10.56,2.56,2.24,0.65,0,3
5/1/2011 5:00,32993.21,9.44,-0.01,0.45,5.17,0,4
5/1/2011 6:00,32993.25,10.56,2.8,2.68,1.19,0,53
5/1/2011 7:00,32993.29,13.33,0.26,1.34,1.5,0,236
5/1/2011 8:00,32993.34,21.11,4.16,0.45,5.24,0,445
5/1/2011 9:00,32993.38,22.78,3.78,0.45,3.51,0,644
5/1/2011 10:00,32993.42,21.11,1.33,1.34,3.46,0,804
5/1/2011 11:00,32993.46,22.78,-0.07,2.68,3.75,0,919
5/1/2011 12:00,32993.5,23.89,-0.44,0.89,2.51,0,980
5/1/2011 13:00,32993.55,25.56,-2.08,0.89,1.71,0,978
5/1/2011 14:00,32993.59,27.22,0.1,0.89,1.54,0,910
5/1/2011 15:00,32993.63,27.78,0.56,1.34,5.08,0,785
5/1/2011 16:00,32993.67,30,0.65,0.45,3.28,0,611
5/1/2011 17:00,32993.71,26.67,-1.18,1.34,3.68,0,402
5/1/2011 18:00,32993.76,24.44,-1.41,1.79,3.94,0,158
5/1/2011 19:00,32993.8,21.11,0.27,0.45,3.86,0,15
5/1/2011 20:00,32993.84,17.78,-1.05,1.34,6.09,0,3
5/1/2011 21:00,32993.88,17.22,6.35,2.68,0.73,0,3
5/1/2011 22:00,32993.92,16.67,3.62,5.81,1.69,0,3
5/1/2011 23:00,32993.97,13.33,0.26,0.89,1.73,0,3
5/2/2011 0:00,32994,16.67,3.62,4.02,1.24,0,3
5/2/2011 1:00,32994.04,16.11,3.45,4.47,1.24,0,3
5/2/2011 2:00,32994.08,16.11,3.45,3.58,0.8,0,3
5/2/2011 3:00,32994.13,14.44,4.07,2.68,1.17,0,3
5/2/2011 4:00,32994.17,14.44,3.78,3.13,1.33,0,3
5/2/2011 5:00,32994.21,13.89,3.84,3.13,1.08,0,3
5/2/2011 6:00,32994.25,13.89,4.39,3.58,1.15,0,28
5/2/2011 7:00,32994.29,17.22,3.42,3.13,0.99,0,201
5/2/2011 8:00,32994.34,19.44,2.69,2.24,1.19,0,433
5/2/2011 9:00,32994.38,27.22,5.5,0.45,5.74,0,631
5/2/2011 10:00,32994.42,27.78,3.5,0.89,0.77,0,799
5/2/2011 11:00,32994.46,29.44,3.48,0.89,4.21,0,917
5/2/2011 12:00,32994.5,29.44,0.2,0.89,2.15,0,972
5/2/2011 13:00,32994.55,28.89,0.64,1.34,1.48,0,969
5/2/2011 14:00,32994.59,30.56,1.1,0.89,1.66,0,904
5/2/2011 15:00,32994.63,32.78,1.95,0.45,0.37,0,782
5/2/2011 16:00,32994.67,31.67,-1.04,0.45,5.2,0,610
5/2/2011 17:00,32994.71,29.44,2.72,0.89,4.87,0,397
5/2/2011 18:00,32994.76,28.33,3.96,0.45,2.88,0,155
5/2/2011 19:00,32994.8,23.33,2.72,0.45,6.07,0,18
5/2/2011 20:00,32994.84,21.67,5.49,0.89,1.01,0,3
5/2/2011 21:00,32994.88,21.11,5.41,1.79,0.73,0,3
5/2/2011 22:00,32994.92,19.44,5.43,3.58,1.31,0,3
5/2/2011 23:00,32994.97,17.22,3.78,4.02,1.52,0,3
5/3/2011 0:00,32995,17.78,4.28,4.02,1.27,0,3
5/3/2011 1:00,32995.04,17.78,4.62,2.68,1.47,0,3
5/3/2011 2:00,32995.08,16.67,3.95,2.68,0.91,0,3
5/3/2011 3:00,32995.13,15.56,3.9,1.34,0.03,0,3
5/3/2011 4:00,32995.17,14.44,4.35,0.89,3.84,0,3
5/3/2011 5:00,32995.21,13.89,4.12,1.79,1.38,0,4
5/3/2011 6:00,32995.25,16.11,6.18,0.45,3.05,0,55
5/3/2011 7:00,32995.29,17.22,6.93,0.89,4.01,0,235
5/3/2011 8:00,32995.34,18.89,5.97,0.89,4.07,0,442
5/3/2011 9:00,32995.38,22.78,4.73,0.45,4.19,0,639
5/3/2011 10:00,32995.42,25.56,3.5,2.68,4.17,0,803
5/3/2011 11:00,32995.46,26.67,3.22,1.34,4.19,0,917
5/3/2011 12:00,32995.5,27.78,2.81,2.24,3.54,0,972
5/3/2011 13:00,32995.55,29.44,1.09,0.89,5.52,0,970
5/3/2011 14:00,32995.59,30,1.54,1.79,5.18,0,906
5/3/2011 15:00,32995.63,31.11,3.3,0.89,4.01,0,780
5/3/2011 16:00,32995.67,31.11,4.87,1.34,3.98,0,606
5/3/2011 17:00,32995.71,28.89,5.09,1.34,5.1,0,403
5/3/2011 18:00,32995.76,26.67,2.56,1.34,4.45,0,160
5/3/2011 19:00,32995.8,22.22,3.3,0.89,4.73,0,17
5/3/2011 20:00,32995.84,20,4.01,0.89,4.26,0,3
5/3/2011 21:00,32995.88,17.78,3.93,0.45,3.26,0,3
5/3/2011 22:00,32995.92,18.33,5.13,1.34,1.38,0,3
5/3/2011 23:00,32995.97,17.78,6.25,3.13,1.24,0,3
5/4/2011 0:00,32996,15.56,4.81,0.89,3.68,0,3
5/4/2011 1:00,32996.04,15.56,5.38,0.89,2.3,0,3
5/4/2011 2:00,32996.08,15.56,6.48,1.34,1.27,0,3
5/4/2011 3:00,32996.13,15,6.99,1.79,1.26,0,3
5/4/2011 4:00,32996.17,13.89,5.94,2.24,1.26,0,3
5/4/2011 5:00,32996.21,15,6.74,2.24,0.65,0,4
5/4/2011 6:00,32996.25,15.56,7.26,2.68,1.19,0,56
5/4/2011 7:00,32996.29,17.22,6.64,0.89,3.75,0,233
5/4/2011 8:00,32996.34,20.56,6.79,0.89,3.4,0,438
5/4/2011 9:00,32996.38,25,7.59,1.34,3.98,0,634
5/4/2011 10:00,32996.42,25.56,6.69,0.89,3.23,0,794
5/4/2011 11:00,32996.46,26.67,5.59,1.79,3.61,0,907
5/4/2011 12:00,32996.5,28.33,5.26,2.68,3.77,0,964
5/4/2011 13:00,32996.55,31.11,5.6,0.89,3.77,0,963
5/4/2011 14:00,32996.59,32.78,9.66,0.45,4.35,0,895
5/4/2011 15:00,32996.63,34.44,9.1,0.45,5.74,0,774
5/4/2011 16:00,32996.67,32.78,5.48,0.45,6.06,0,605
5/4/2011 17:00,32996.71,33.33,7.46,0.45,5.81,0,401
5/4/2011 18:00,32996.76,30,7.29,0.45,4.01,0,161
5/4/2011 19:00,32996.8,26.67,7.66,0.89,4.61,0,18
5/4/2011 20:00,32996.84,22.78,7.68,0.89,5.57,0,3
5/4/2011 21:00,32996.88,23.89,9.81,1.79,1.55,0,3
5/4/2011 22:00,32996.92,20.56,10.02,2.68,1.17,0,3
5/4/2011 23:00,32996.97,17.22,6.05,2.24,1.17,0,3
5/5/2011 0:00,32997,18.89,11.41,0.89,5.74,0,3
5/5/2011 1:00,32997.04,19.44,7.14,2.24,1.06,0,3
5/5/2011 2:00,32997.08,20,7.97,1.34,1.22,0,3
5/5/2011 3:00,32997.13,18.33,8.53,1.79,1.2,0,3
5/5/2011 4:00,32997.17,18.33,7.67,2.68,1.13,0,3
5/5/2011 5:00,32997.21,19.44,6.14,1.34,0.72,0,3
5/5/2011 6:00,32997.25,20,6.64,0.89,1.26,0,57
5/5/2011 7:00,32997.29,20,10.08,1.34,1.12,0,233
5/5/2011 8:00,32997.34,26.11,9.02,0.45,3.77,0,441
5/5/2011 9:00,32997.38,28.89,9.11,1.34,3.37,0,635
5/5/2011 10:00,32997.42,32.78,11.41,0.45,0.23,0,797
5/5/2011 11:00,32997.46,32.22,9.19,0.45,3.42,0,909
5/5/2011 12:00,32997.5,35,10.92,0.89,0.82,0,960
5/5/2011 13:00,32997.55,35,8.85,0.45,0.54,0,956
5/5/2011 14:00,32997.59,36.11,6.53,0.89,4.19,0,895
5/5/2011 15:00,32997.63,37.78,8.77,0.89,4.47,0,770
5/5/2011 16:00,32997.67,37.78,5.97,1.79,5.53,0,597
5/5/2011 17:00,32997.71,37.22,5.52,0.45,4.17,0,399
5/5/2011 18:00,32997.76,32.78,4.66,0.45,5.48,0,162
5/5/2011 19:00,32997.8,28.33,3.96,0.89,5.08,0,19
5/5/2011 20:00,32997.84,26.67,4.45,2.24,6.07,0,2
5/5/2011 21:00,32997.88,26.11,5.11,1.34,1.24,0,3
5/5/2011 22:00,32997.92,25,6.21,0.89,0.33,0,3
5/5/2011 23:00,32997.97,22.22,9.01,2.24,1.54,0,3
5/6/2011 0:00,32998,22.78,6.48,4.02,1.13,0,3
5/6/2011 1:00,32998.04,21.11,5.41,3.13,1.36,0,3
5/6/2011 2:00,32998.08,19.44,4.31,1.34,1.64,0,3
5/6/2011 3:00,32998.13,19.44,8.99,2.68,0.84,0,3
5/6/2011 4:00,32998.17,20.56,5.69,3.13,1.06,0,3
5/6/2011 5:00,32998.21,18.89,2.62,1.79,1.55,0,3
5/6/2011 6:00,32998.25,21.11,3.72,1.79,1.88,0,61
5/6/2011 7:00,32998.29,23.89,7.05,0.89,4.07,0,240
5/6/2011 8:00,32998.34,26.67,8.61,0,4.12,0,451
5/6/2011 9:00,32998.38,26.67,8.15,0.89,3.6,0,646
5/6/2011 10:00,32998.42,30,7.29,0.89,4,0,805
5/6/2011 11:00,32998.46,31.11,8.24,0.89,3.56,0,915
5/6/2011 12:00,32998.5,34.44,5.17,0.45,4.15,0,971
5/6/2011 13:00,32998.55,32.78,5.48,1.34,4.29,0,970
5/6/2011 14:00,32998.59,34.44,4.25,0.45,5.11,0,906
5/6/2011 15:00,32998.63,35,3.73,0.89,4.12,0,786
5/6/2011 16:00,32998.67,33.33,2.39,0.89,3.74,0,615
5/6/2011 17:00,32998.71,32.78,4.66,1.34,3.75,0,409
5/6/2011 18:00,32998.76,29.44,6.2,0.45,3.75,0,162
5/6/2011 19:00,32998.8,24.44,4.21,0.89,5.04,0,19
5/6/2011 20:00,32998.84,21.67,8.84,1.34,4.36,0,3
5/6/2011 21:00,32998.88,19.44,7.47,0.89,3.8,0,3
5/6/2011 22:00,32998.92,16.67,3.95,0.45,1.1,0,3
5/6/2011 23:00,32998.97,21.67,7.8,2.68,0.99,0,3
5/7/2011 0:00,32999,13.33,2.46,0.45,4.14,0,3
5/7/2011 1:00,32999.04,12.78,3.62,1.34,4.28,0,3
5/7/2011 2:00,32999.08,11.11,4.03,2.24,3.96,0,3
5/7/2011 3:00,32999.13,9.44,3.77,1.34,4.1,0,3
5/7/2011 4:00,32999.17,10,5.13,0.89,4.05,0,3
5/7/2011 5:00,32999.21,10,4.72,0.89,1.59,0,4
5/7/2011 6:00,32999.25,11.11,5.37,0.89,3.79,0,57
5/7/2011 7:00,32999.29,12.78,5.38,0.45,3.89,0,227
5/7/2011 8:00,32999.34,17.78,7.45,0.45,5.2,0,428
5/7/2011 9:00,32999.38,19.44,4.69,1.34,2.78,0,620
5/7/2011 10:00,32999.42,22.78,5.19,2.24,3.23,0,781
5/7/2011 11:00,32999.46,25.56,7.17,0.89,4.97,0,894
5/7/2011 12:00,32999.5,27.78,7.62,0,0.77,0,953
5/7/2011 13:00,32999.55,27.78,8.64,0.45,0.89,0,872
5/7/2011 14:00,32999.59,27.22,3.69,1.34,3.67,1.25,748
5/7/2011 15:00,32999.63,27.78,3.5,1.34,4.35,1.42,719
5/7/2011 16:00,32999.67,30.56,7.76,1.79,4.73,1.59,576
5/7/2011 17:00,32999.71,27.78,8.64,1.79,5.36,1.76,401
5/7/2011 18:00,32999.76,23.89,8.29,1.79,5.31,1.93,127
5/7/2011 19:00,32999.8,20.56,6.79,0.45,4.8,2.1,18
5/7/2011 20:00,32999.84,18.89,8.18,0.89,1.38,2.27,3
5/7/2011 21:00,32999.88,17.22,8.83,1.34,3.89,2.44,3
5/7/2011 22:00,32999.92,15,8.19,1.79,5.41,2.61,3
5/7/2011 23:00,32999.97,15,2.76,0.45,3.7,0,3
5/8/2011 0:00,33000,12.78,7.18,0.45,0.89,2.95,3
5/8/2011 1:00,33000.04,13.33,7.5,0.89,4.64,3.12,3
5/8/2011 2:00,33000.08,12.22,6.86,0.89,4.85,3.29,3
5/8/2011 3:00,33000.13,12.78,7.18,0.45,4.12,3.46,3
5/8/2011 4:00,33000.17,12.78,6.53,0.89,4.97,3.63,3
5/8/2011 5:00,33000.21,11.67,5.24,0.45,0.99,3.79,3
5/8/2011 6:00,33000.25,11.67,4.79,0.45,4.05,3.96,22
5/8/2011 7:00,33000.29,13.33,5.17,0.89,3.56,4.13,105
5/8/2011 8:00,33000.34,13.89,5.69,0.89,4.42,4.3,146
5/8/2011 9:00,33000.38,14.44,4.63,0.89,3.51,4.47,271
5/8/2011 10:00,33000.42,16.11,6.73,0.89,3.18,4.64,335
5/8/2011 11:00,33000.46,18.89,7.88,1.79,5.39,4.81,601
5/8/2011 12:00,33000.5,20,7.65,0.89,3.56,4.98,764
5/8/2011 13:00,33000.55,21.11,6.19,0.89,3.19,5.17,711
5/8/2011 14:00,33000.59,21.67,6.69,0.89,4.01,5.69,598
5/8/2011 15:00,33000.63,20,4.01,0.45,4.97,5.83,473
5/8/2011 16:00,33000.67,21.11,3.27,1.34,4.1,5.96,425
5/8/2011 17:00,33000.71,20,4.81,0.89,4.24,6.1,317
5/8/2011 18:00,33000.76,17.78,4.62,0.89,4.47,6.24,167
5/8/2011 19:00,33000.8,14.44,3.49,0.89,3.37,6.37,24
5/8/2011 20:00,33000.84,12.78,4.65,0.45,5.53,6.51,3
5/8/2011 21:00,33000.88,11.67,4.79,0.89,3.98,6.65,3
5/8/2011 22:00,33000.92,9.44,4.19,0.89,3.77,6.79,3
5/8/2011 23:00,33000.97,12.78,7.18,0.89,3.58,2.78,3
5/9/2011 0:00,33001,8.33,4.11,0.89,4.01,7.06,3
5/9/2011 1:00,33001.04,6.67,2.5,0.89,3.54,7.2,3
5/9/2011 2:00,33001.08,7.22,3.04,0.89,4.08,7.33,3
5/9/2011 3:00,33001.13,6.11,2.88,0.45,3.89,7.47,4
5/9/2011 4:00,33001.17,6.11,2.7,0.45,3.02,7.61,3
5/9/2011 5:00,33001.21,5.56,2.51,0.89,3.14,7.74,4
5/9/2011 6:00,33001.25,7.78,3.95,0.45,1.82,7.88,32
5/9/2011 7:00,33001.29,9.44,4.8,0.89,3.49,8.02,124
5/9/2011 8:00,33001.34,15,6.74,0,3.72,8.16,470
5/9/2011 9:00,33001.38,15.56,4.81,1.79,3.21,8.29,587
5/9/2011 10:00,33001.42,15.56,4.81,0.45,4.61,8.43,441
5/9/2011 11:00,33001.46,18.89,6.31,1.34,5.64,8.57,472
5/9/2011 12:00,33001.5,15.56,3.9,1.34,5.22,8.7,463
5/9/2011 13:00,33001.55,16.67,4.92,0.89,3.47,9.84,319
5/9/2011 14:00,33001.59,20.56,6.07,0.89,4,3.97,681
5/9/2011 15:00,33001.63,12.22,4.61,2.24,5.52,3.79,468
5/9/2011 16:00,33001.67,9.44,5.57,4.92,6.23,3.61,26
5/9/2011 17:00,33001.71,12.22,5.77,3.13,0.87,3.43,214
5/9/2011 18:00,33001.76,13.89,6.9,0.89,0.63,3.25,147
5/9/2011 19:00,33001.8,11.11,6,0.89,3.87,3.07,16
5/9/2011 20:00,33001.84,10.56,6.07,1.34,1.45,2.89,3
5/9/2011 21:00,33001.88,11.11,7,1.34,1.54,2.71,3
5/9/2011 22:00,33001.92,9.44,6.31,1.79,1.69,2.53,3
5/9/2011 23:00,33001.97,8.89,4.65,0.89,3.87,6.92,3
5/10/2011 0:00,33002,9.44,5.19,1.34,0.99,2.17,3
5/10/2011 1:00,33002.04,10,5.92,3.58,1.27,1.99,3
5/10/2011 2:00,33002.08,8.89,4.65,2.68,1.12,1.81,3
5/10/2011 3:00,33002.13,8.33,4.11,3.58,1.29,1.63,3
5/10/2011 4:00,33002.17,8.33,4.3,3.13,1.03,1.44,3
5/10/2011 5:00,33002.21,8.33,3.33,2.24,1.31,1.26,4
5/10/2011 6:00,33002.25,8.89,4.26,4.47,1.2,1.08,75
5/10/2011 7:00,33002.29,10.56,4.62,4.47,0.79,0.9,263
5/10/2011 8:00,33002.34,13.89,5.18,1.79,0.65,0.72,470
5/10/2011 9:00,33002.38,18.33,4.78,1.34,1.95,0.54,664
5/10/2011 10:00,33002.42,19.44,5.79,0.45,5.03,0.36,820
5/10/2011 11:00,33002.46,18.89,3.02,0.89,3.6,0.18,927
5/10/2011 12:00,33002.5,20.56,4.91,1.79,1.38,0,974
5/10/2011 13:00,33002.55,22.22,4.25,1.34,3.61,0,966
5/10/2011 14:00,33002.59,22.78,4.26,1.34,4.45,0,906
5/10/2011 15:00,33002.63,25,4.69,0.89,1.29,0,787
5/10/2011 16:00,33002.67,26.11,5.65,0.89,4.73,0,618
5/10/2011 17:00,33002.71,23.89,3.2,1.34,3.51,0,416
5/10/2011 18:00,33002.76,23.33,4.75,1.34,4.03,0,151
5/10/2011 19:00,33002.8,20,3.6,0.89,3.96,0,20
5/10/2011 20:00,33002.84,18.89,3.81,0.89,1.4,0,3
5/10/2011 21:00,33002.88,18.33,5.13,0.89,0.54,0,3
5/10/2011 22:00,33002.92,15.56,5.38,0.45,3.93,0,3
5/10/2011 23:00,33002.97,8.33,4.3,1.34,2.34,2.35,3
5/11/2011 0:00,33003,12.78,4.65,2.24,1.38,0,3
5/11/2011 1:00,33003.04,13.89,6.9,1.79,1.55,0,3
5/11/2011 2:00,33003.08,12.22,4.37,0.89,2.91,0,3
5/11/2011 3:00,33003.13,13.33,6.37,2.24,1.06,0,3
5/11/2011 4:00,33003.17,13.33,6.61,2.24,1.29,0,3
5/11/2011 5:00,33003.21,12.78,6.75,2.24,1.27,0,4
5/11/2011 6:00,33003.25,13.89,7.36,3.13,1.08,0,71
5/11/2011 7:00,33003.29,15.56,6.48,3.13,0.99,0,253
5/11/2011 8:00,33003.34,20.56,8.8,1.34,0.16,0,456
5/11/2011 9:00,33003.38,21.67,5.9,0.45,3.89,0,648
5/11/2011 10:00,33003.42,25,4.69,0.45,3.44,0,808
5/11/2011 11:00,33003.46,26.11,4.55,0.89,4.03,0,918
5/11/2011 12:00,33003.5,28.33,5.87,0.45,4.05,0,970
5/11/2011 13:00,33003.55,28.89,7.5,0.45,0.12,0,963
5/11/2011 14:00,33003.59,28.89,4.43,0.45,3.18,0,897
5/11/2011 15:00,33003.63,31.67,7.44,0.45,3.49,0,776
5/11/2011 16:00,33003.67,30,5.36,0.89,4.01,0,609
5/11/2011 17:00,33003.71,28.33,5.87,0.45,3.42,0,410
5/11/2011 18:00,33003.76,25.56,5.7,0.45,3.98,0,141
5/11/2011 19:00,33003.8,23.33,6.55,0.45,4.63,0,20
5/11/2011 20:00,33003.84,21.67,5.9,0.89,2.93,0,3
5/11/2011 21:00,33003.88,20,5.57,1.34,0.26,0,3
5/11/2011 22:00,33003.92,17.78,7.15,0.89,4.24,0,3
5/11/2011 23:00,33003.97,15,5.7,0.45,2.98,0,3
5/12/2011 0:00,33004,13.89,7.81,0.89,4.01,0,3
5/12/2011 1:00,33004.04,12.78,7.6,0.89,3.98,0,3
5/12/2011 2:00,33004.08,12.78,8.22,0.89,0.3,0,3
5/12/2011 3:00,33004.13,11.67,7.34,0.89,3.47,0,3
5/12/2011 4:00,33004.17,12.22,8.07,0.89,3.79,0,3
5/12/2011 5:00,33004.21,11.11,7.19,1.34,3.67,0,4
5/12/2011 6:00,33004.25,11.11,7.19,0.89,3.82,0,71
5/12/2011 7:00,33004.29,13.89,8.46,0.89,3.91,0,251
5/12/2011 8:00,33004.34,17.78,8.83,0.89,3.7,0,454
5/12/2011 9:00,33004.38,21.11,9.31,0.89,4.05,0,645
5/12/2011 10:00,33004.42,22.78,8.8,1.34,4.03,0,801
5/12/2011 11:00,33004.46,26.11,9.45,0.89,4.08,0,910
5/12/2011 12:00,33004.5,29.44,8.53,0.45,5.08,0,969
5/12/2011 13:00,33004.55,30,5.36,1.34,4.19,0,968
5/12/2011 14:00,33004.59,30,5.36,1.34,3.68,0,909
5/12/2011 15:00,33004.63,30.56,5.13,0.89,4.82,0,790
5/12/2011 16:00,33004.67,30.56,6.5,0.45,3.49,0,621
5/12/2011 17:00,33004.71,29.44,4.9,0.89,1.88,0,422
5/12/2011 18:00,33004.76,27.78,5.39,0.45,4.03,0,145
5/12/2011 19:00,33004.8,23.89,4.25,0.89,3.56,0,19
5/12/2011 20:00,33004.84,22.22,3.78,0.45,4.1,0,3
5/12/2011 21:00,33004.88,20,2.74,0.45,4.92,0,3
5/12/2011 22:00,33004.92,19.44,6.14,1.79,1.36,0,3
5/12/2011 23:00,33004.97,15.56,8.01,0.45,2.57,0,3
5/13/2011 0:00,33005,15.56,5.67,0.45,5.69,0,3
5/13/2011 1:00,33005.04,16.11,7.27,1.34,1.31,0,3
5/13/2011 2:00,33005.08,15,8.19,0.89,1.12,0,3
5/13/2011 3:00,33005.13,13.89,6.43,0.45,4.07,0,3
5/13/2011 4:00,33005.17,14.44,8.34,0.89,1.38,0,3
5/13/2011 5:00,33005.21,13.89,7.81,1.34,1.47,0,4
5/13/2011 6:00,33005.25,16.11,8.53,1.79,1.4,0,75
5/13/2011 7:00,33005.29,16.11,8.53,1.34,4.21,0,255
5/13/2011 8:00,33005.34,20.56,8.8,1.34,4.14,0,459
5/13/2011 9:00,33005.38,25,8.46,0.45,3.65,0,655
5/13/2011 10:00,33005.42,26.67,8.61,0.89,3.72,0,826
5/13/2011 11:00,33005.46,27.78,9.12,1.79,3.75,0,933
5/13/2011 12:00,33005.5,30,8.46,0.89,4.71,0,948
5/13/2011 13:00,33005.55,30.56,8.36,0.89,5.22,0,958
5/13/2011 14:00,33005.59,31.11,6.3,0.89,3.82,0,887
5/13/2011 15:00,33005.63,32.78,6.25,0.89,5.6,0.14,788
5/13/2011 16:00,33005.67,32.78,6.99,0.89,4.56,0.28,627
5/13/2011 17:00,33005.71,31.11,6.97,1.34,4.01,0.42,468
5/13/2011 18:00,33005.76,27.78,6.55,1.34,4.78,0.56,179
5/13/2011 19:00,33005.8,23.33,5.68,0.45,2.78,0.7,27
5/13/2011 20:00,33005.84,22.78,6.48,0.45,4.42,0.84,3
5/13/2011 21:00,33005.88,20,5.57,0.89,4.38,0.98,3
5/13/2011 22:00,33005.92,17.78,3.2,0.45,3.87,1.12,3
5/13/2011 23:00,33005.97,17.78,6.25,1.34,1.54,0,3
5/14/2011 0:00,33006,13.89,1.09,0.45,4.63,1.4,3
5/14/2011 1:00,33006.04,13.33,2.46,0.89,4,1.54,3
5/14/2011 2:00,33006.08,11.11,1.8,0.45,2.27,1.68,3
5/14/2011 3:00,33006.13,10.56,2.8,0.45,4.24,1.81,3
5/14/2011 4:00,33006.17,10,3.21,0.45,3.09,1.95,3
5/14/2011 5:00,33006.21,9.44,2.68,0.45,2.86,2.09,4
5/14/2011 6:00,33006.25,10.56,3.04,0.89,5.01,2.23,56
5/14/2011 7:00,33006.29,12.78,3.89,1.79,4.52,2.37,164
5/14/2011 8:00,33006.34,12.78,2.53,0.89,5.15,2.51,218
5/14/2011 9:00,33006.38,17.22,4.12,0.89,5.13,2.65,486
5/14/2011 10:00,33006.42,20,2.3,0.89,3.4,2.79,666
5/14/2011 11:00,33006.46,18.89,0.4,0.89,1.75,2.93,874
5/14/2011 12:00,33006.5,20,-0.15,1.79,3.19,3.07,862
5/14/2011 13:00,33006.55,21.11,1.84,0.89,4.42,7.63,540
5/14/2011 14:00,33006.59,22.78,1.7,1.34,4.35,5.58,611
5/14/2011 15:00,33006.63,20.56,1.36,0.89,3.89,5.5,527
5/14/2011 16:00,33006.67,20,1.84,0.89,3.75,5.42,438
5/14/2011 17:00,33006.71,18.33,2.53,0.89,5.53,5.34,218
5/14/2011 18:00,33006.76,17.78,3.56,0.89,5.41,5.26,122
5/14/2011 19:00,33006.8,16.11,3.11,4.02,0.89,5.18,34
5/14/2011 20:00,33006.84,14.44,3.19,0.89,3.91,5.09,3
5/14/2011 21:00,33006.88,13.33,1.55,0.45,4.03,5.01,3
5/14/2011 22:00,33006.92,12.78,2.53,1.34,3.98,4.93,3
5/14/2011 23:00,33006.97,15.56,1.56,0.45,4.28,1.26,3
5/15/2011 0:00,33007,11.11,3.8,0.45,4.07,4.77,3
5/15/2011 1:00,33007.04,9.44,6.49,0.45,2.43,4.69,3
5/15/2011 2:00,33007.08,8.89,6.48,1.34,2.9,4.61,3
5/15/2011 3:00,33007.13,8.89,6.48,2.68,2.32,4.53,3
5/15/2011 4:00,33007.17,9.44,7.7,4.02,3.54,4.45,3
5/15/2011 5:00,33007.21,8.89,6.65,1.34,2.72,4.37,4
5/15/2011 6:00,33007.25,8.33,6.1,0.45,4.01,4.29,17
5/15/2011 7:00,33007.29,8.33,5.23,0,0.1,4.21,32
5/15/2011 8:00,33007.34,11.67,6.11,2.68,0.68,4.12,395
5/15/2011 9:00,33007.38,13.33,5.17,0.89,5.48,4.04,729
5/15/2011 10:00,33007.42,13.89,3.84,1.34,0.3,3.96,519
5/15/2011 11:00,33007.46,13.89,2.68,0.89,5.71,3.88,804
5/15/2011 12:00,33007.5,13.89,3.56,3.13,0.7,3.8,833
5/15/2011 13:00,33007.55,16.11,2.77,1.34,5.53,6.27,647
5/15/2011 14:00,33007.59,12.22,1.14,0.89,3.8,10,195
5/15/2011 15:00,33007.63,11.67,4.33,2.68,2.08,9.89,211
5/15/2011 16:00,33007.67,15,0.7,4.02,1.54,9.77,550
5/15/2011 17:00,33007.71,15,2.43,2.24,1.76,9.66,339
5/15/2011 18:00,33007.76,11.67,5.69,1.79,2.97,9.55,53
5/15/2011 19:00,33007.8,10.56,4.41,1.34,2.74,9.43,22
5/15/2011 20:00,33007.84,9.44,3.13,0.89,3.49,9.32,4
5/15/2011 21:00,33007.88,11.11,5.15,0.89,1.08,9.2,4
5/15/2011 22:00,33007.92,10,4.52,0.89,0.87,9.09,4
5/15/2011 23:00,33007.97,12.78,4.65,0.45,3.67,4.85,3
5/16/2011 0:00,33008,8.33,4.3,0.89,1.76,8.86,4
5/16/2011 1:00,33008.04,7.22,2.84,0.45,4.97,8.75,4
5/16/2011 2:00,33008.08,7.22,2.65,1.34,5.86,8.64,4
5/16/2011 3:00,33008.13,7.78,3.95,1.34,0.47,8.52,4
5/16/2011 4:00,33008.17,7.78,3.57,2.24,0.98,8.41,4
5/16/2011 5:00,33008.21,7.22,3.96,2.24,1.06,8.29,5
5/16/2011 6:00,33008.25,7.78,3.76,3.13,1.26,8.18,63
5/16/2011 7:00,33008.29,11.11,4.26,1.34,4.56,8.07,248
5/16/2011 8:00,33008.34,12.22,4.85,1.79,3.58,7.95,447
5/16/2011 9:00,33008.38,15,5.7,0.45,3.12,7.84,656
5/16/2011 10:00,33008.42,16.11,3.77,0.89,4.71,7.73,826
5/16/2011 11:00,33008.46,17.78,3.93,0.89,3.46,7.61,761
5/16/2011 12:00,33008.5,16.11,3.77,3.13,3.63,7.5,584
5/16/2011 13:00,33008.55,16.11,3.11,1.79,3.72,6.96,596
5/16/2011 14:00,33008.59,16.11,3.11,0.89,5.93,6.55,554
5/16/2011 15:00,33008.63,16.11,2.77,2.24,3.72,6.71,584
5/16/2011 16:00,33008.67,16.11,2.77,1.79,2.32,6.87,309
5/16/2011 17:00,33008.71,15.56,1.92,1.34,4.29,7.02,163
5/16/2011 18:00,33008.76,15,1.76,1.34,3.09,7.18,86
5/16/2011 19:00,33008.8,12.78,1.95,3.58,3.23,7.34,22
5/16/2011 20:00,33008.84,11.67,5.02,2.68,3.28,7.49,3
5/16/2011 21:00,33008.88,9.44,5.76,0.89,3.47,7.65,4
5/16/2011 22:00,33008.92,8.89,5.4,2.68,1.55,7.81,4
5/16/2011 23:00,33008.97,7.78,3.19,1.34,4.15,8.98,4
5/17/2011 0:00,33009,8.89,5.03,2.24,1.36,8.12,4
5/17/2011 1:00,33009.04,10,4.31,4.92,1.33,8.28,4
5/17/2011 2:00,33009.08,10.56,5.05,2.24,1.06,8.43,4
5/17/2011 3:00,33009.13,11.11,5.58,0.89,3.25,8.59,3
5/17/2011 4:00,33009.17,10,6.67,0.45,2.15,8.75,3
5/17/2011 5:00,33009.21,10.56,7.58,2.24,1.55,8.9,4
5/17/2011 6:00,33009.25,10.56,7.76,0.89,2.02,9.06,45
5/17/2011 7:00,33009.29,13.33,8.95,1.34,2.6,9.22,164
5/17/2011 8:00,33009.34,14.44,8.12,1.79,2.25,9.37,330
5/17/2011 9:00,33009.38,15.56,7.26,1.34,2.51,9.53,478
5/17/2011 10:00,33009.42,13.89,6.19,1.79,3.33,9.69,256
5/17/2011 11:00,33009.46,16.11,7.53,1.34,3.98,9.84,261
5/17/2011 12:00,33009.5,16.11,6.18,0.89,4,10,278
5/17/2011 13:00,33009.55,16.67,7.25,0.89,3.16,10,224
5/17/2011 14:00,33009.59,15.56,8.01,2.24,1.85,10,149
5/17/2011 15:00,33009.63,16.11,8.04,0.45,3.61,9.86,171
5/17/2011 16:00,33009.67,16.67,5.53,2.24,3.6,9.72,159
5/17/2011 17:00,33009.71,14.44,6.95,1.79,3.77,9.58,119
5/17/2011 18:00,33009.76,13.89,7.36,1.34,1.97,9.44,28
5/17/2011 19:00,33009.8,12.78,6.97,2.24,3.47,9.3,9
5/17/2011 20:00,33009.84,11.11,7.94,0.89,3.7,9.16,3
5/17/2011 21:00,33009.88,10.56,7.4,1.79,2.02,9.02,4
5/17/2011 22:00,33009.92,11.11,8.66,1.34,3.4,8.88,4
5/17/2011 23:00,33009.97,10,6.3,3.13,1.4,7.96,3
5/18/2011 0:00,33010,10.56,7.76,0.89,4.05,8.6,3
5/18/2011 1:00,33010.04,11.11,7.76,0.89,3.58,8.46,4
5/18/2011 2:00,33010.08,10,7.04,1.34,2.16,8.32,4
5/18/2011 3:00,33010.13,9.44,7.02,0.89,3.54,8.17,4
5/18/2011 4:00,33010.17,8.89,6.13,0.45,2.01,8.03,4
5/18/2011 5:00,33010.21,9.44,6.67,1.79,1.59,7.89,5
5/18/2011 6:00,33010.25,12.22,8.46,1.34,0.89,7.75,68
5/18/2011 7:00,33010.29,13.89,9.69,0.89,1.15,7.61,316
5/18/2011 8:00,33010.34,13.89,7.36,0.89,4.15,7.47,508
5/18/2011 9:00,33010.38,14.44,7.89,0.45,3.72,7.33,254
5/18/2011 10:00,33010.42,15.56,7.26,1.34,4.31,7.19,482
5/18/2011 11:00,33010.46,17.78,6.86,1.34,4.08,7.05,577
5/18/2011 12:00,33010.5,17.78,6.86,0.89,4.57,6.91,636
5/18/2011 13:00,33010.55,18.33,6.76,0.89,3.4,7.15,583
5/18/2011 14:00,33010.59,17.22,6.05,0.89,0.07,10,238
5/18/2011 15:00,33010.63,18.89,8.18,0.45,4.54,9.55,299
5/18/2011 16:00,33010.67,21.11,8.33,0.45,5.36,9.09,490
5/18/2011 17:00,33010.71,20.56,7.83,1.34,5.03,8.64,432
5/18/2011 18:00,33010.76,17.78,6.86,2.24,5.03,8.18,176
5/18/2011 19:00,33010.8,16.11,6.46,0.89,4.61,7.73,31
5/18/2011 20:00,33010.84,13.89,6.19,1.34,5.85,7.27,4
5/18/2011 21:00,33010.88,12.22,5.77,0.45,4.49,6.82,3
5/18/2011 22:00,33010.92,12.22,7.27,0.89,0.96,6.36,3
5/18/2011 23:00,33010.97,10.56,7.58,1.79,2.11,8.74,3
5/19/2011 0:00,33011,11.11,7.76,3.13,0.63,5.45,3
5/19/2011 1:00,33011.04,10.56,7.76,0.89,2.48,5,3
5/19/2011 2:00,33011.08,10.56,8.29,1.79,1.62,4.55,3
5/19/2011 3:00,33011.13,10,7.74,2.24,1.27,4.09,4
5/19/2011 4:00,33011.17,10,7.39,2.68,1.38,3.64,4
5/19/2011 5:00,33011.21,8.89,6.48,3.13,1.27,3.18,5
5/19/2011 6:00,33011.25,10.56,6.46,1.79,1.62,2.73,91
5/19/2011 7:00,33011.29,12.22,6.22,2.68,0.77,2.27,277
5/19/2011 8:00,33011.34,16.67,8.81,1.34,3.79,1.82,478
5/19/2011 9:00,33011.38,17.78,7.73,1.79,3.51,1.36,676
5/19/2011 10:00,33011.42,20.56,8.8,1.79,3.74,0.91,767
5/19/2011 11:00,33011.46,20,7.32,0.89,3.72,0.45,737
5/19/2011 12:00,33011.5,23.33,8.57,0.89,3.42,0,992
5/19/2011 13:00,33011.55,22.22,7.57,0.45,5.41,4.83,741
5/19/2011 14:00,33011.59,25.56,8.09,0.45,3.21,0,900
5/19/2011 15:00,33011.63,26.11,8.58,0.45,1.75,0,808
5/19/2011 16:00,33011.67,25,7.59,1.34,4.01,0,526
5/19/2011 17:00,33011.71,24.44,7.96,1.34,3.75,0,394
5/19/2011 18:00,33011.76,22.78,7.29,0.89,5.22,0,183
5/19/2011 19:00,33011.8,20,6.64,0.45,4.35,0,29
5/19/2011 20:00,33011.84,19.44,7.47,0.89,1.24,0,4
5/19/2011 21:00,33011.88,17.78,8.83,0.45,0.47,0,3
5/19/2011 22:00,33011.92,16.67,8.31,0.89,4.12,0,3
5/19/2011 23:00,33011.97,11.11,7.19,0.89,0.86,5.91,3
5/20/2011 0:00,33012,14.44,8.78,2.24,1.13,0,3
5/20/2011 1:00,33012.04,15,8.87,1.34,1.45,0,3
5/20/2011 2:00,33012.08,13.89,8.46,2.68,1.47,0,3
5/20/2011 3:00,33012.13,13.89,8.46,3.13,1.08,0,3
5/20/2011 4:00,33012.17,14.44,8.34,2.68,1.54,0,3
5/20/2011 5:00,33012.21,13.33,7.93,3.13,1.08,0,5
5/20/2011 6:00,33012.25,15.56,8.25,3.13,0.86,0,88
5/20/2011 7:00,33012.29,18.89,8.48,1.79,1.01,0,273
5/20/2011 8:00,33012.34,21.67,9.17,0.45,6.11,0,474
5/20/2011 9:00,33012.38,22.78,8.07,0.45,3.84,0,661
5/20/2011 10:00,33012.42,23.89,7.05,0.89,3.3,0,815
5/20/2011 11:00,33012.46,28.89,10.1,1.79,5.79,0,927
5/20/2011 12:00,33012.5,28.33,6.46,0.45,3.3,0,979
5/20/2011 13:00,33012.55,27.78,7.09,0.89,4.35,0,976
5/20/2011 14:00,33012.59,29.44,6.2,0.89,4.01,0,913
5/20/2011 15:00,33012.63,30,6.67,1.79,3.65,0.21,794
5/20/2011 16:00,33012.67,30,7.88,1.79,4.08,0.42,626
5/20/2011 17:00,33012.71,28.89,6.34,0.89,3.74,0.63,431
5/20/2011 18:00,33012.76,27.22,6.61,0.89,4.29,0.85,157
5/20/2011 19:00,33012.8,24.44,6.66,1.34,5.03,1.06,20
5/20/2011 20:00,33012.84,22.22,5.99,0.45,4.56,1.27,3
5/20/2011 21:00,33012.88,21.11,5.8,0.45,5.79,1.48,3
5/20/2011 22:00,33012.92,17.78,6.56,0.45,4.61,1.69,3
5/20/2011 23:00,33012.97,16.11,9.01,0.89,5.74,0,3
5/21/2011 0:00,33013,14.44,8.34,0.45,3.87,2.11,3
5/21/2011 1:00,33013.04,14.44,8.78,0.45,5.31,2.32,3
5/21/2011 2:00,33013.08,13.89,8.67,2.24,1.22,2.54,3
5/21/2011 3:00,33013.13,13.89,8.88,0.45,3.8,2.75,3
5/21/2011 4:00,33013.17,12.78,8.22,0.45,4.63,2.96,3
5/21/2011 5:00,33013.21,13.89,8.67,0.45,5.53,3.17,5
5/21/2011 6:00,33013.25,13.89,9.89,1.79,0.87,3.38,45
5/21/2011 7:00,33013.29,16.11,10.38,0.89,4.75,3.59,114
5/21/2011 8:00,33013.34,19.44,11.18,1.34,0.89,3.8,424
5/21/2011 9:00,33013.38,22.22,9.35,0.89,3.8,4.02,489
5/21/2011 10:00,33013.42,25,9.68,0.45,1.85,4.23,642
5/21/2011 11:00,33013.46,26.67,7.17,1.34,3.7,4.44,799
5/21/2011 12:00,33013.5,28.89,6.34,1.34,4.26,4.65,795
5/21/2011 13:00,33013.55,28.33,1.8,0.45,0.23,0,1010
5/21/2011 14:00,33013.59,31.11,1.55,0.89,4.78,0,907
5/21/2011 15:00,33013.63,31.11,1.55,0.45,5.45,0.15,808
5/21/2011 16:00,33013.67,30.56,2.84,1.34,5.53,0.3,640
5/21/2011 17:00,33013.71,29.44,2.72,1.34,4.35,0.44,432
5/21/2011 18:00,33013.76,26.67,4.45,1.79,5.27,0.59,162
5/21/2011 19:00,33013.8,23.33,5.68,1.79,5.53,0.74,27
5/21/2011 20:00,33013.84,19.44,8.7,0.45,1.29,0.89,3
5/21/2011 21:00,33013.88,17.22,8.57,0.89,4.22,1.04,3
5/21/2011 22:00,33013.92,15.56,8.95,1.34,3.54,1.18,3
5/21/2011 23:00,33013.97,16.11,7.78,0.45,3.49,1.9,3
5/22/2011 0:00,33014,12.78,7.6,0.45,3.21,1.48,3
5/22/2011 1:00,33014.04,12.22,7.48,0,3.09,1.63,3
5/22/2011 2:00,33014.08,11.11,7.19,0.45,3.72,1.78,3
5/22/2011 3:00,33014.13,10,7.04,0.45,3.54,1.92,3
5/22/2011 4:00,33014.17,10,7.04,0.89,1.55,2.07,3
5/22/2011 5:00,33014.21,10,7.57,0.45,1.17,2.22,6
5/22/2011 6:00,33014.25,13.33,8.55,0.45,3.19,2.37,89
5/22/2011 7:00,33014.29,17.78,9.61,0.89,1.82,2.52,271
5/22/2011 8:00,33014.34,18.89,9.87,0.89,4.24,2.66,473
5/22/2011 9:00,33014.38,20,8.91,0.89,3.37,2.81,670
5/22/2011 10:00,33014.42,21.67,7.44,2.24,4.07,2.96,795
5/22/2011 11:00,33014.46,26.11,9.45,0.89,3.63,3.11,911
5/22/2011 12:00,33014.5,26.11,6.69,1.34,4.66,3.26,862
5/22/2011 13:00,33014.55,26.67,5.59,1.34,4.03,4.8,745
5/22/2011 14:00,33014.59,27.22,6.07,0.45,3.89,3.62,709
5/22/2011 15:00,33014.63,26.11,3.97,1.79,4.07,3.46,602
5/22/2011 16:00,33014.67,26.11,5.11,0.89,5.67,3.29,394
5/22/2011 17:00,33014.71,25,3.6,0.89,3.98,3.13,343
5/22/2011 18:00,33014.76,21.67,8.84,1.34,5.48,2.96,140
5/22/2011 19:00,33014.8,17.78,7.15,0.89,5.17,2.8,28
5/22/2011 20:00,33014.84,15.56,6.48,0.89,4.43,2.63,4
5/22/2011 21:00,33014.88,15,6.99,1.34,4.92,2.47,3
5/22/2011 22:00,33014.92,13.33,6.14,0.45,5.34,2.3,3
5/22/2011 23:00,33014.97,13.89,8.46,0.45,5.1,1.33,3
5/23/2011 0:00,33015,11.11,5.58,1.79,3.6,1.98,3
5/23/2011 1:00,33015.04,9.44,4.6,0.45,3.67,1.81,3
5/23/2011 2:00,33015.08,8.89,4.65,0.45,3.98,1.65,3
5/23/2011 3:00,33015.13,8.33,4.3,0.45,3.79,1.48,3
5/23/2011 4:00,33015.17,8.89,5.03,0.45,5.6,1.32,3
5/23/2011 5:00,33015.21,8.33,3.92,0.45,4.47,1.15,7
5/23/2011 6:00,33015.25,11.67,5.24,0.89,5.59,0.99,91
5/23/2011 7:00,33015.29,13.89,6.19,0.45,5.06,0.82,231
5/23/2011 8:00,33015.34,17.22,6.35,1.34,4.61,0.66,475
5/23/2011 9:00,33015.38,18.89,6.63,1.34,5.79,0.49,670
5/23/2011 10:00,33015.42,19.44,5.43,1.34,3.23,0.33,833
5/23/2011 11:00,33015.46,20,4.41,0.89,3.7,0.16,937
5/23/2011 12:00,33015.5,20.56,4.09,0.45,3.26,0,954
5/23/2011 13:00,33015.55,22.22,3.78,0.45,3.75,0,996
5/23/2011 14:00,33015.59,22.22,5.14,0.45,3.7,3.56,712
5/23/2011 15:00,33015.63,25,4.69,0.89,3.75,3.4,826
5/23/2011 16:00,33015.67,24.44,3.12,1.34,3.14,3.24,640
5/23/2011 17:00,33015.71,24.44,3.68,0.89,3.89,3.08,438
5/23/2011 18:00,33015.76,22.22,2.8,1.34,5.76,2.92,165
5/23/2011 19:00,33015.8,18.89,3.02,0.45,3.6,2.75,28
5/23/2011 20:00,33015.84,16.67,6.41,0.45,2.11,2.59,4
5/23/2011 21:00,33015.88,15.56,8.25,0.45,4.19,2.43,3
5/23/2011 22:00,33015.92,14.44,7.89,0.45,3.6,2.27,3
5/23/2011 23:00,33015.97,11.67,5.9,0.89,3.02,2.14,3
5/24/2011 0:00,33016,11.11,5.79,0.45,1.73,1.94,3
5/24/2011 1:00,33016.04,10.56,5.05,1.34,5.99,1.78,3
5/24/2011 2:00,33016.08,10.56,6.26,0.89,4.24,1.62,3
5/24/2011 3:00,33016.13,8.33,4.49,0.89,4.01,1.46,3
5/24/2011 4:00,33016.17,7.78,5.04,0.89,3.68,1.3,3
5/24/2011 5:00,33016.21,7.78,4.68,0.89,3.79,1.13,7
5/24/2011 6:00,33016.25,9.44,5.38,0.45,4.1,0.97,92
5/24/2011 7:00,33016.29,12.22,5.09,1.34,4.52,0.81,272
5/24/2011 8:00,33016.34,16.67,6.13,0.45,2.34,0.65,474
5/24/2011 9:00,33016.38,18.89,6.31,1.34,3.91,0.49,664
5/24/2011 10:00,33016.42,21.11,5.8,2.24,3.7,0.32,820
5/24/2011 11:00,33016.46,23.33,4.75,0.89,2.11,0.16,930
5/24/2011 12:00,33016.5,24.44,4.73,0.89,3.79,0,984
5/24/2011 13:00,33016.55,26.11,3.97,0.89,3.68,0,984
5/24/2011 14:00,33016.59,25.56,1.63,1.34,3.79,0,924
5/24/2011 15:00,33016.63,26.11,2.1,0.45,3.82,0.25,801
5/24/2011 16:00,33016.67,27.78,1.35,0.89,3.91,0.5,633
5/24/2011 17:00,33016.71,28.33,1.01,0.89,1.71,0.75,436
5/24/2011 18:00,33016.76,25,-0.95,0.89,3.93,1,166
5/24/2011 19:00,33016.8,21.67,-0.4,0.45,3.8,1.24,27
5/24/2011 20:00,33016.84,19.44,1.81,0.45,1.27,1.49,4
5/24/2011 21:00,33016.88,17.78,2.82,0.45,6.11,1.74,3
5/24/2011 22:00,33016.92,17.22,3.78,2.68,0.91,1.99,3
5/24/2011 23:00,33016.97,12.78,7.18,0.89,3.72,2.11,3
5/25/2011 0:00,33017,16.11,4.72,3.58,1.15,2.49,3
5/25/2011 1:00,33017.04,15.56,5.38,2.68,1.38,2.74,3
5/25/2011 2:00,33017.08,14.44,4.91,2.68,1.55,2.99,3
5/25/2011 3:00,33017.13,14.44,5.18,3.13,1.08,3.24,3
5/25/2011 4:00,33017.17,13.89,5.69,3.58,1.36,3.49,3
5/25/2011 5:00,33017.21,13.33,4.92,0.89,2.36,3.73,6
5/25/2011 6:00,33017.25,15,8.19,2.24,0.96,3.98,92
5/25/2011 7:00,33017.29,17.22,6.35,0.89,4.12,4.23,277
5/25/2011 8:00,33017.34,22.22,7.57,0.89,5.9,4.48,412
5/25/2011 9:00,33017.38,23.89,8.68,0.45,3.49,4.73,534
5/25/2011 10:00,33017.42,24.44,4.21,0.45,2.23,4.98,741
5/25/2011 11:00,33017.46,25,-0.21,1.34,3.44,5.23,795
5/25/2011 12:00,33017.5,27.78,2.1,1.34,3.68,5.48,747
5/25/2011 13:00,33017.55,28.33,3.28,1.34,4.29,3.52,808
5/25/2011 14:00,33017.59,28.89,2.26,1.34,4.22,3.44,718
5/25/2011 15:00,33017.63,27.78,5.39,2.68,4.4,3.28,770
5/25/2011 16:00,33017.67,22.22,7.57,2.68,5.36,3.13,445
5/25/2011 17:00,33017.71,21.67,9.17,2.68,5.52,2.97,311
5/25/2011 18:00,33017.76,20,8.6,3.13,5.01,2.82,121
5/25/2011 19:00,33017.8,18.33,7.37,1.79,4.92,2.66,32
5/25/2011 20:00,33017.84,16.67,6.7,0.89,4.07,2.5,4
5/25/2011 21:00,33017.88,13.89,7.59,0.45,4.01,2.35,3
5/25/2011 22:00,33017.92,12.78,5.38,0.45,1.62,2.19,3
5/25/2011 23:00,33017.97,16.11,3.77,3.13,1.41,2.24,3
5/26/2011 0:00,33018,11.11,5.58,1.34,3.35,1.88,3
5/26/2011 1:00,33018.04,10,5.33,0.89,3.07,1.72,3
5/26/2011 2:00,33018.08,9.44,5.57,0.45,0.7,1.56,3
5/26/2011 3:00,33018.13,7.78,4.86,0.45,4.52,1.41,3
5/26/2011 4:00,33018.17,7.22,4.84,0.45,3.72,1.25,4
5/26/2011 5:00,33018.21,7.22,5.18,0.89,2.58,1.09,6
5/26/2011 6:00,33018.25,9.44,5.76,0.89,3.47,0.94,111
5/26/2011 7:00,33018.29,13.89,7.36,0.89,5.9,0.78,286
5/26/2011 8:00,33018.34,16.11,7.53,0.89,5.43,0.63,468
5/26/2011 9:00,33018.38,18.33,5.47,1.34,5.06,0.47,663
5/26/2011 10:00,33018.42,20.56,5.3,1.79,5.88,0.31,827
5/26/2011 11:00,33018.46,22.78,4.73,1.79,3.94,0.16,909
5/26/2011 12:00,33018.5,22.78,1.13,1.34,5.22,0,984
5/26/2011 13:00,33018.55,23.89,-0.44,3.13,3.65,0,973
5/26/2011 14:00,33018.59,24.44,-1.41,1.79,3.93,0,922
5/26/2011 15:00,33018.63,25,-3.4,1.34,3.86,0,809
5/26/2011 16:00,33018.67,25,-3.4,1.79,4.99,0,651
5/26/2011 17:00,33018.71,24.44,0.03,1.34,4.43,0,461
5/26/2011 18:00,33018.76,21.67,0.74,1.79,4.8,0,142
5/26/2011 19:00,33018.8,19.44,0.39,0.45,5.39,0,21
5/26/2011 20:00,33018.84,17.22,1.54,0.45,5.1,0,4
5/26/2011 21:00,33018.88,15,1.06,0.45,0.77,0,3
5/26/2011 22:00,33018.92,13.89,1.75,0.89,3.28,0,3
5/26/2011 23:00,33018.97,11.67,4.09,0.89,4.17,2.03,3
5/27/2011 0:00,33019,11.67,2.85,0.89,4.03,0,3
5/27/2011 1:00,33019.04,11.11,5.79,1.34,3.56,0,3
5/27/2011 2:00,33019.08,9.44,5.19,0.45,3.35,0,3
5/27/2011 3:00,33019.13,8.89,5.22,0.89,4,0,3
5/27/2011 4:00,33019.17,9.44,5.76,0.45,2.16,0,4
5/27/2011 5:00,33019.21,8.89,5.03,0.89,3.63,0,6
5/27/2011 6:00,33019.25,13.33,6.14,0.89,4.03,0,102
5/27/2011 7:00,33019.29,13.89,6.19,0.45,4.01,0,285
5/27/2011 8:00,33019.34,18.89,8.48,0.45,3.54,0,484
5/27/2011 9:00,33019.38,18.89,5.63,0.89,3.89,0,669
5/27/2011 10:00,33019.42,22.22,5.99,2.68,6.09,0,820
5/27/2011 11:00,33019.46,22.78,5.19,1.34,5.1,0,924
5/27/2011 12:00,33019.5,25,5.72,0.89,3.79,0,975
5/27/2011 13:00,33019.55,25.56,5.17,0.45,1.24,0,970
5/27/2011 14:00,33019.59,27.78,5.98,1.34,2.57,0,911
5/27/2011 15:00,33019.63,26.67,5.03,0.45,3.23,0.08,797
5/27/2011 16:00,33019.67,27.22,5.5,0.89,5.29,0.16,637
5/27/2011 17:00,33019.71,26.67,7.17,2.24,5.11,0.24,445
5/27/2011 18:00,33019.76,23.89,7.47,1.34,4.85,0.32,156
5/27/2011 19:00,33019.8,21.11,7.65,0.89,5.08,0.4,20
5/27/2011 20:00,33019.84,19.44,8.4,0.89,4.45,0.48,4
5/27/2011 21:00,33019.88,17.22,7.49,1.34,4.01,0.56,3
5/27/2011 22:00,33019.92,15,5.7,0.89,4.08,0.64,3
5/27/2011 23:00,33019.97,13.33,3.04,0.89,4.22,0,3
5/28/2011 0:00,33020,12.22,6.22,0.89,4.35,0.8,3
5/28/2011 1:00,33020.04,11.11,6.2,0.89,5.53,0.88,3
5/28/2011 2:00,33020.08,10.56,6.46,0.45,4.05,0.97,3
5/28/2011 3:00,33020.13,10.56,6.84,0.89,4.03,1.05,3
5/28/2011 4:00,33020.17,8.89,5.95,0.89,3.77,1.13,3
5/28/2011 5:00,33020.21,8.33,5.58,0.45,4.82,1.21,6
5/28/2011 6:00,33020.25,10.56,5.46,0.45,4.19,1.29,95
5/28/2011 7:00,33020.29,15,5.96,1.79,5.17,1.37,281
5/28/2011 8:00,33020.34,18.89,3.81,0.89,1.82,1.45,482
5/28/2011 9:00,33020.38,19.44,0.39,0.89,4.1,1.53,672
5/28/2011 10:00,33020.42,21.11,1.33,0.89,4.31,1.61,830
5/28/2011 11:00,33020.46,21.67,-0.4,1.34,4.9,1.69,941
5/28/2011 12:00,33020.5,21.67,-2.3,1.34,3.68,1.77,911
5/28/2011 13:00,33020.55,24.44,-2.99,1.79,3.89,0,956
5/28/2011 14:00,33020.59,25,1.16,0.89,4.24,0,817
5/28/2011 15:00,33020.63,24.44,1.34,0.89,1.76,0,585
5/28/2011 16:00,33020.67,26.67,3.84,0.45,4.1,0,590
5/28/2011 17:00,33020.71,23.33,2.72,0.89,4.5,0,451
5/28/2011 18:00,33020.76,20,3.6,1.79,5.22,0,114
5/28/2011 19:00,33020.8,17.22,6.93,2.24,6.11,0,20
5/28/2011 20:00,33020.84,15.56,5.94,0.89,3.98,0,4
5/28/2011 21:00,33020.88,13.33,8.75,1.34,4.57,0,3
5/28/2011 22:00,33020.92,11.67,8.48,1.79,5.24,0,4
5/28/2011 23:00,33020.97,14.44,6.47,0.89,4,0.72,3
5/29/2011 0:00,33021,11.11,7.19,0.89,5.03,0,4
5/29/2011 1:00,33021.04,8.89,5.59,0.45,0.17,0,4
5/29/2011 2:00,33021.08,10,7.04,0.89,4.63,0,4
5/29/2011 3:00,33021.13,8.89,5.95,1.34,5.65,0,4
5/29/2011 4:00,33021.17,7.78,5.72,0.89,3.84,0,4
5/29/2011 5:00,33021.21,7.78,5.21,0.89,5.27,0,4
5/29/2011 6:00,33021.25,9.44,6.85,0.45,5.71,0,21
5/29/2011 7:00,33021.29,10,6.49,0.89,4.69,0,54
5/29/2011 8:00,33021.34,12.78,6.3,0.89,0,0,410
5/29/2011 9:00,33021.38,14.44,5.96,1.79,5.34,0,538
5/29/2011 10:00,33021.42,16.67,4.28,1.79,4.99,0,755
5/29/2011 11:00,33021.46,17.78,4.28,0.45,1.69,0,710
5/29/2011 12:00,33021.5,18.89,3.02,2.24,5.22,0,940
5/29/2011 13:00,33021.55,20.56,3.23,1.79,4.07,0,943
5/29/2011 14:00,33021.59,21.11,3.72,1.34,5.25,0,836
5/29/2011 15:00,33021.63,16.67,5.53,6.71,0.45,0,766
5/29/2011 16:00,33021.67,17.22,5.11,3.58,0.96,0,255
5/29/2011 17:00,33021.71,18.33,3.69,1.79,0.99,0,216
5/29/2011 18:00,33021.76,18.33,6.76,4.02,0.73,0,167
5/29/2011 19:00,33021.8,16.67,4.28,0.89,2.48,0,27
5/29/2011 20:00,33021.84,16.11,4.41,0.89,5.95,0,4
5/29/2011 21:00,33021.88,15,3.39,0.45,3.16,0,3
5/29/2011 22:00,33021.92,13.89,3.84,0.45,4.1,0,3
5/29/2011 23:00,33021.97,11.11,8.3,0.89,5.31,0,3
5/30/2011 0:00,33022,11.67,3.6,1.34,1.5,0,3
5/30/2011 1:00,33022.04,12.22,6.65,1.79,1.47,0,3
5/30/2011 2:00,33022.08,11.11,6.4,2.68,1.33,0,3
5/30/2011 3:00,33022.13,12.22,6.65,2.68,1.38,0,3
5/30/2011 4:00,33022.17,11.11,5.79,2.24,1.45,0,3
5/30/2011 5:00,33022.21,11.11,6,2.24,1.17,0,7
5/30/2011 6:00,33022.25,12.22,6.43,1.79,1.22,0,98
5/30/2011 7:00,33022.29,15,5.15,2.24,0.8,0,278
5/30/2011 8:00,33022.34,20,5.19,1.79,2.29,0,481
5/30/2011 9:00,33022.38,20.56,4.09,0.89,3.82,0,672
5/30/2011 10:00,33022.42,21.67,3.76,0.45,4.38,0,830
5/30/2011 11:00,33022.46,23.89,3.2,1.34,4.01,0,938
5/30/2011 12:00,33022.5,23.89,3.2,0.89,4.21,0,974
5/30/2011 13:00,33022.55,26.11,3.37,0.89,5.2,0,981
5/30/2011 14:00,33022.59,26.67,2.56,0.45,4.15,0,929
5/30/2011 15:00,33022.63,27.22,1.63,1.34,3.51,0,818
5/30/2011 16:00,33022.67,28.33,3.96,0.45,4.01,0,647
5/30/2011 17:00,33022.71,27.22,3.69,0.89,4.15,0,453
5/30/2011 18:00,33022.76,25,1.81,0.45,4.45,0,165
5/30/2011 19:00,33022.8,21.67,1.81,0.45,3.98,0,24
5/30/2011 20:00,33022.84,20,0.88,0.45,5.99,0,4
5/30/2011 21:00,33022.88,18.89,4.19,2.24,1.13,0,3
5/30/2011 22:00,33022.92,16.11,1.7,0.89,4.08,0,3
5/30/2011 23:00,33022.97,12.78,3.36,1.34,3.49,0,3
5/31/2011 0:00,33023,12.22,3.37,0.89,1.83,0,3
5/31/2011 1:00,33023.04,10.56,3.28,0.45,3.87,0,3
5/31/2011 2:00,33023.08,9.44,3.13,0.45,4.71,0,3
5/31/2011 3:00,33023.13,10,4.09,0.89,2.98,0,3
5/31/2011 4:00,33023.17,9.44,4.6,0.89,3.67,0,3
5/31/2011 5:00,33023.21,8.89,4.26,0.45,2.34,0,7
5/31/2011 6:00,33023.25,11.11,3.8,1.34,4.08,0,98
5/31/2011 7:00,33023.29,14.44,6.22,0.45,4.52,0,282
5/31/2011 8:00,33023.34,18.33,7.96,0.45,3.79,0,484
5/31/2011 9:00,33023.38,20,5.19,0.89,3.33,0,673
5/31/2011 10:00,33023.42,22.78,3.78,0.45,5.24,0,843
5/31/2011 11:00,33023.46,23.33,2.72,1.79,3.87,0,933
5/31/2011 12:00,33023.5,24.44,2.55,0.45,6.2,0,963
5/31/2011 13:00,33023.55,26.11,2.1,0.89,3.09,0,975
5/31/2011 14:00,33023.59,26.67,2.56,0.45,1.55,0,868
5/31/2011 15:00,33023.63,26.11,-2.5,2.68,3.44,0.23,807
5/31/2011 16:00,33023.67,25.56,-1.27,2.68,3.21,0.46,644
5/31/2011 17:00,33023.71,26.11,0.71,1.34,3.98,0.69,485
5/31/2011 18:00,33023.76,25,-0.21,1.34,2.27,0.92,244
5/31/2011 19:00,33023.8,18.33,6.13,1.79,3.87,1.15,42
5/31/2011 20:00,33023.84,16.11,6.18,0.89,0.19,1.38,5
5/31/2011 21:00,33023.88,15,8.65,0.45,3.8,1.6,3
5/31/2011 22:00,33023.92,13.33,7.93,0.45,3.98,1.83,3
5/31/2011 23:00,33023.97,13.89,3.27,1.34,4.57,0,3
6/1/2011 0:00,33024,11.11,6.2,0.89,3.82,2.29,3
6/1/2011 1:00,33024.04,11.11,6.6,0.45,3.26,2.52,3
6/1/2011 2:00,33024.08,10.56,6.84,0.45,2.93,2.75,3
6/1/2011 3:00,33024.13,10.56,5.87,0.45,5.52,2.98,3
6/1/2011 4:00,33024.17,11.11,7,0.89,3.93,3.21,3
6/1/2011 5:00,33024.21,10.56,7.03,0.45,5.57,3.44,5
6/1/2011 6:00,33024.25,11.11,6.6,0.45,3.72,3.67,35
6/1/2011 7:00,33024.29,16.11,7.53,0,5.62,3.9,272
6/1/2011 8:00,33024.34,15.56,5.38,0.89,3.6,4.13,286
6/1/2011 9:00,33024.38,17.78,5.94,0.89,4,4.36,269
6/1/2011 10:00,33024.42,18.89,4.93,0.45,4.83,4.58,475
6/1/2011 11:00,33024.46,19.44,4.69,0.89,4.47,4.81,569
6/1/2011 12:00,33024.5,20,4.41,0.45,3.84,5.04,778
6/1/2011 13:00,33024.55,22.78,3.29,0.45,5.81,1.73,866
6/1/2011 14:00,33024.59,23.89,2.08,1.34,4.38,0,914
6/1/2011 15:00,33024.63,21.67,-0.4,0.89,3.68,0,547
6/1/2011 16:00,33024.67,22.78,0.54,0.45,1.9,0,534
6/1/2011 17:00,33024.71,22.78,3.78,0.89,5.15,0,436
6/1/2011 18:00,33024.76,20,3.18,1.79,3.79,0,154
6/1/2011 19:00,33024.8,16.11,1.33,0.89,5.06,0,25
6/1/2011 20:00,33024.84,13.89,2.68,0.89,5.39,0,5
6/1/2011 21:00,33024.88,12.78,3.36,1.34,4.35,0,3
6/1/2011 22:00,33024.92,11.11,3.8,0.45,5.88,0,3
6/1/2011 23:00,33024.97,12.22,7.48,0.45,4.15,2.06,3
6/2/2011 0:00,33025,10.56,2.56,0.89,5.36,0,3
6/2/2011 1:00,33025.04,8.89,2.82,0.45,3.89,0,3
6/2/2011 2:00,33025.08,8.33,3.33,0.45,5.01,0,3
6/2/2011 3:00,33025.13,7.78,3.19,0.45,3.16,0,3
6/2/2011 4:00,33025.17,9.44,5.19,0.89,0.28,0,3
6/2/2011 5:00,33025.21,8.33,3.33,0.89,4.43,0,7
6/2/2011 6:00,33025.25,11.11,4.94,0.89,1.38,0,108
6/2/2011 7:00,33025.29,12.22,4.61,0.45,2.78,0,296
6/2/2011 8:00,33025.34,17.22,4.79,0.89,4.26,0,498
6/2/2011 9:00,33025.38,18.89,4.19,0.89,3.04,0,686
6/2/2011 10:00,33025.42,20.56,2.78,1.34,4.05,0,842
6/2/2011 11:00,33025.46,21.11,1.84,1.34,2.34,0,952
6/2/2011 12:00,33025.5,22.78,-0.07,1.34,5.22,0,1003
6/2/2011 13:00,33025.55,25,-0.21,1.34,4.17,0,999
6/2/2011 14:00,33025.59,24.44,0.03,1.34,4.56,0,941
6/2/2011 15:00,33025.63,24.44,1.34,0.89,4.07,0.13,828
6/2/2011 16:00,33025.67,24.44,1.34,1.34,4.28,0.26,654
6/2/2011 17:00,33025.71,22.22,1.77,1.79,3.8,0.4,467
6/2/2011 18:00,33025.76,21.11,1.33,1.79,4.56,0.53,166
6/2/2011 19:00,33025.8,18.33,1.7,0.89,4.94,0.66,23
6/2/2011 20:00,33025.84,17.22,2.7,0.45,4.42,0.79,4
6/2/2011 21:00,33025.88,15.56,2.94,0.45,5.67,0.92,3
6/2/2011 22:00,33025.92,13.33,1.86,0.45,5.48,1.05,3
6/2/2011 23:00,33025.97,10,3.66,0.45,4.75,0,3
6/3/2011 0:00,33026,11.67,2.05,0.45,3.46,1.32,3
6/3/2011 1:00,33026.04,10.56,2.56,0.45,2.34,1.45,3
6/3/2011 2:00,33026.08,11.11,3.32,0.45,2.74,1.58,3
6/3/2011 3:00,33026.13,10.56,4.62,0.89,3.61,1.71,3
6/3/2011 4:00,33026.17,10,4.52,0.45,2.43,1.85,3
6/3/2011 5:00,33026.21,10,5.13,0.45,3.44,1.98,7
6/3/2011 6:00,33026.25,11.11,3.8,0.89,3.82,2.11,113
6/3/2011 7:00,33026.29,12.78,4.65,0.89,3.91,2.24,281
6/3/2011 8:00,33026.34,17.78,4.28,0.45,4.01,2.37,470
6/3/2011 9:00,33026.38,20,4.01,1.79,3.42,2.5,575
6/3/2011 10:00,33026.42,20,4.41,0.89,3.75,2.64,603
6/3/2011 11:00,33026.46,21.67,4.21,3.58,3.51,2.77,675
6/3/2011 12:00,33026.5,24.44,3.68,1.34,1.57,2.9,882
6/3/2011 13:00,33026.55,23.89,3.73,0.45,0.49,8.03,514
6/3/2011 14:00,33026.59,25,5.21,0.89,5.83,7.95,462
6/3/2011 15:00,33026.63,22.78,4.26,2.24,0.47,8.04,343
6/3/2011 16:00,33026.67,23.89,5.24,0.45,5.62,8.14,263
6/3/2011 17:00,33026.71,22.22,3.78,0.45,4.69,8.23,142
6/3/2011 18:00,33026.76,20.56,3.23,0.89,4.43,8.32,72
6/3/2011 19:00,33026.8,20,3.6,0.45,5.67,8.42,26
6/3/2011 20:00,33026.84,19.44,3.11,0.45,3.65,8.51,3
6/3/2011 21:00,33026.88,18.89,4.56,0.45,4.07,8.6,3
6/3/2011 22:00,33026.92,17.78,6.56,2.24,0.93,8.7,3
6/3/2011 23:00,33026.97,12.78,2.53,0.45,3.75,1.19,3
6/4/2011 0:00,33027,17.78,4.96,1.34,1.55,8.88,3
6/4/2011 1:00,33027.04,18.33,5.8,1.79,3.39,8.98,3
6/4/2011 2:00,33027.08,16.67,3.95,1.79,2.15,9.07,3
6/4/2011 3:00,33027.13,17.22,2.32,0.45,3.37,9.16,3
6/4/2011 4:00,33027.17,16.11,-0.26,0.89,1.75,9.25,3
6/4/2011 5:00,33027.21,16.11,0.15,0.45,1.27,9.35,3
6/4/2011 6:00,33027.25,15.56,0.83,0.45,3.63,9.44,17
6/4/2011 7:00,33027.29,14.44,6.71,0.89,5.39,9.53,31
6/4/2011 8:00,33027.34,13.89,10.46,1.34,5.2,9.63,69
6/4/2011 9:00,33027.38,14.44,10.43,0.45,3.23,9.72,131
6/4/2011 10:00,33027.42,13.89,9.49,2.68,0.09,9.81,146
6/4/2011 11:00,33027.46,15,10.57,3.58,0.42,9.91,158
6/4/2011 12:00,33027.5,16.67,11.56,2.68,0.99,10,234
6/4/2011 13:00,33027.55,15.56,9.84,0.45,5.85,10,168
6/4/2011 14:00,33027.59,16.11,9.48,1.34,1.19,10,159
6/4/2011 15:00,33027.63,16.11,11.44,3.58,0.79,9.73,138
6/4/2011 16:00,33027.67,17.22,12.3,4.02,0.51,9.45,181
6/4/2011 17:00,33027.71,17.22,10.07,0.89,4.29,9.18,101
6/4/2011 18:00,33027.76,17.22,10.3,0.89,1.47,8.9,35
6/4/2011 19:00,33027.8,15.56,11.11,4.02,0.94,8.63,21
6/4/2011 20:00,33027.84,15.56,10.7,3.58,1.01,8.36,5
6/4/2011 21:00,33027.88,15.56,10.49,1.79,1.52,8.08,3
6/4/2011 22:00,33027.92,16.11,10.16,0.89,1.55,7.81,3
6/4/2011 23:00,33027.97,17.78,4.96,1.79,1.68,8.79,3
6/5/2011 0:00,33028,16.11,8.04,3.58,1.38,7.26,3
6/5/2011 1:00,33028.04,13.89,9.29,5.36,1.26,6.99,3
6/5/2011 2:00,33028.08,13.89,9.69,2.68,1.06,6.71,3
6/5/2011 3:00,33028.13,13.89,10.46,2.24,0.91,6.44,4
6/5/2011 4:00,33028.17,14.44,11.57,0.89,3.56,6.16,4
6/5/2011 5:00,33028.21,13.89,10.65,1.79,1.22,5.89,5
6/5/2011 6:00,33028.25,14.44,10.82,0.45,3.98,5.62,30
6/5/2011 7:00,33028.29,16.11,11.64,0.45,5.65,5.34,121
6/5/2011 8:00,33028.34,17.78,9.86,0.89,4.42,5.07,223
6/5/2011 9:00,33028.38,21.11,11.12,0.45,0.54,4.79,525
6/5/2011 10:00,33028.42,23.89,10.52,0.89,5.69,4.52,757
6/5/2011 11:00,33028.46,22.78,8.44,2.68,0.54,4.25,846
6/5/2011 12:00,33028.5,22.22,5.57,2.24,0.8,3.97,838
6/5/2011 13:00,33028.55,27.22,8.15,1.34,2.74,0,995
6/5/2011 14:00,33028.59,25,8.46,1.79,3.87,0,926
6/5/2011 15:00,33028.63,25.56,10.18,1.34,3.87,0,694
6/5/2011 16:00,33028.67,25.56,10.57,0.45,4.05,0,635
6/5/2011 17:00,33028.71,21.67,9.17,1.34,3.75,0,318
6/5/2011 18:00,33028.76,20,10.08,2.68,3.47,0,96
6/5/2011 19:00,33028.8,18.33,11.12,0.89,3.86,0,21
6/5/2011 20:00,33028.84,15.56,12.65,0.89,3.65,0,3
6/5/2011 21:00,33028.88,13.89,11.92,1.79,0.24,0,3
6/5/2011 22:00,33028.92,13.33,11.71,0.89,4.82,0,3
6/5/2011 23:00,33028.97,15.56,8.48,0.89,0.91,7.53,3
6/6/2011 0:00,33029,12.78,9.57,2.24,0.79,0,3
6/6/2011 1:00,33029.04,11.67,8.85,2.68,1.75,0,4
6/6/2011 2:00,33029.08,12.78,9.75,6.26,0.79,0,4
6/6/2011 3:00,33029.13,12.22,9.93,3.13,3.44,0,4
6/6/2011 4:00,33029.17,12.22,9.57,1.34,3.51,0,4
6/6/2011 5:00,33029.21,11.67,10.23,0.89,3.74,0,5
6/6/2011 6:00,33029.25,12.22,10.61,0.89,2.55,0,38
6/6/2011 7:00,33029.29,13.89,11.2,0.45,4.26,0,202
6/6/2011 8:00,33029.34,13.89,9.09,0.89,1.8,0,241
6/6/2011 9:00,33029.38,15.56,9.84,1.79,0.14,0,412
6/6/2011 10:00,33029.42,17.78,11.3,2.24,0.75,0,870
6/6/2011 11:00,33029.46,19.44,9.28,0.89,3.75,0,885
6/6/2011 12:00,33029.5,20.56,8.16,1.34,4.5,0,957
6/6/2011 13:00,33029.55,22.78,9.51,0.89,3.79,0,1001
6/6/2011 14:00,33029.59,22.78,8.8,1.34,3.8,0,966
6/6/2011 15:00,33029.63,22.22,8.66,1.34,5.17,0,676
6/6/2011 16:00,33029.67,22.78,8.07,0.89,3.74,0,372
6/6/2011 17:00,33029.71,21.11,8.67,0.89,4.26,0,105
6/6/2011 18:00,33029.76,21.67,8.5,0.45,4.05,0,72
6/6/2011 19:00,33029.8,19.44,8.7,0.45,3.35,0,45
6/6/2011 20:00,33029.84,17.22,9.08,0.45,3.58,0,6
6/6/2011 21:00,33029.88,16.11,7.78,0.89,5.17,0,3
6/6/2011 22:00,33029.92,16.67,9.06,0.89,5.81,0,3
6/6/2011 23:00,33029.97,11.11,9.01,1.34,5.32,0,3
6/7/2011 0:00,33030,12.78,9.93,0.45,3.87,0,3
6/7/2011 1:00,33030.04,11.67,9.9,0.89,3.32,0,3
6/7/2011 2:00,33030.08,11.67,10.23,0.45,3.35,0,3
6/7/2011 3:00,33030.13,11.11,9.85,1.34,3.96,0,3
6/7/2011 4:00,33030.17,10,8.91,0.89,3.89,0,3
6/7/2011 5:00,33030.21,11.11,10.01,0.89,4.05,0,5
6/7/2011 6:00,33030.25,11.11,10.01,0.89,3.61,0,31
6/7/2011 7:00,33030.29,11.67,10.4,0.89,5.45,0,85
6/7/2011 8:00,33030.34,14.44,11.93,0.45,0.98,0,176
6/7/2011 9:00,33030.38,16.67,11.13,0.89,2.72,0,466
6/7/2011 10:00,33030.42,20.56,11.97,0.89,3.8,0,822
6/7/2011 11:00,33030.46,22.78,12.38,0.89,2.55,0,931
6/7/2011 12:00,33030.5,23.89,9.81,1.34,3.26,0,986
6/7/2011 13:00,33030.55,25.56,9.78,0.89,3.44,0,990
6/7/2011 14:00,33030.59,26.67,10.77,0.89,2.53,0,928
6/7/2011 15:00,33030.63,26.11,10.67,2.24,3.09,0,579
6/7/2011 16:00,33030.67,25.56,9.78,0.89,3.77,0,331
6/7/2011 17:00,33030.71,24.44,10.67,1.34,5.29,0,242
6/7/2011 18:00,33030.76,24.44,10.67,0.89,3.51,0,172
6/7/2011 19:00,33030.8,21.11,9.31,0.45,3.74,0,52
6/7/2011 20:00,33030.84,20.56,10.02,0.45,5.18,0,6
6/7/2011 21:00,33030.88,20,11.44,0.45,3.26,0,3
6/7/2011 22:00,33030.92,18.89,10.66,0.45,4.31,0,3
6/7/2011 23:00,33030.97,15.56,9.84,0.89,4,0,3
6/8/2011 0:00,33031,17.78,11.98,0.45,4.24,0,3
6/8/2011 1:00,33031.04,17.22,12.3,0.45,3.67,0,3
6/8/2011 2:00,33031.08,15.56,11.31,0.89,3.49,0,3
6/8/2011 3:00,33031.13,15,11.36,0.45,4.05,0,3
6/8/2011 4:00,33031.17,14.44,12.46,0.45,3.75,0,3
6/8/2011 5:00,33031.21,14.44,11.93,0.89,1.41,0,6
6/8/2011 6:00,33031.25,14.44,11.57,0.89,3.93,0,79
6/8/2011 7:00,33031.29,19.44,13.35,0.45,5.71,0,280
6/8/2011 8:00,33031.34,22.78,12.96,0,2.15,0,477
6/8/2011 9:00,33031.38,25,12.89,0.45,4.01,0,662
6/8/2011 10:00,33031.42,26.11,11.82,0.45,4.5,0,819
6/8/2011 11:00,33031.46,26.67,11.17,0.89,4.15,0,898
6/8/2011 12:00,33031.5,27.78,11.77,0.89,5.5,0,1005
6/8/2011 13:00,33031.55,29.44,11.52,1.34,5.67,0,995
6/8/2011 14:00,33031.59,31.67,11.52,2.24,5.29,0,928
6/8/2011 15:00,33031.63,31.11,11.55,0.45,4.21,0,813
6/8/2011 16:00,33031.67,30,15.34,0.45,3.94,0,649
6/8/2011 17:00,33031.71,29.44,11.52,0.89,4.56,0,458
6/8/2011 18:00,33031.76,26.67,10.36,0.89,4.1,0,164
6/8/2011 19:00,33031.8,25.56,9.78,0.45,4.28,0,28
6/8/2011 20:00,33031.84,22.22,9.68,0.45,3.96,0,6
6/8/2011 21:00,33031.88,22.22,10.01,0.45,0.51,0,3
6/8/2011 22:00,33031.92,20,10.64,0.45,5.34,0,3
6/8/2011 23:00,33031.97,18.89,12.36,0,3.68,0,3
6/9/2011 0:00,33032,17.78,11.07,0.89,3.54,0,3
6/9/2011 1:00,33032.04,17.22,11.66,0.89,1.71,0,3
6/9/2011 2:00,33032.08,16.11,11.23,0.45,3.04,0,3
6/9/2011 3:00,33032.13,16.11,11.85,0.45,4.87,0,3
6/9/2011 4:00,33032.17,14.44,11.19,0.45,4.36,0,3
6/9/2011 5:00,33032.21,13.89,10.65,0,2.95,0,7
6/9/2011 6:00,33032.25,17.22,12.51,1.34,0.94,0,103
6/9/2011 7:00,33032.29,17.78,13.26,0.89,3.49,0,287
6/9/2011 8:00,33032.34,23.33,13.76,1.34,3.86,0,487
6/9/2011 9:00,33032.38,25,12.56,1.34,4.42,0,675
6/9/2011 10:00,33032.42,27.22,16.81,0.89,4.66,0,828
6/9/2011 11:00,33032.46,28.33,15.95,1.79,4.07,0,934
6/9/2011 12:00,33032.5,28.33,12.26,0.89,3.54,0,987
6/9/2011 13:00,33032.55,30.56,12.5,0.89,2.95,0,981
6/9/2011 14:00,33032.59,31.67,12.04,1.34,4.75,0,920
6/9/2011 15:00,33032.63,35.56,13.24,0.45,4.28,0,810
6/9/2011 16:00,33032.67,32.22,10.37,1.34,4.92,0,653
6/9/2011 17:00,33032.71,31.11,9.97,0.45,5.27,0,467
6/9/2011 18:00,33032.76,29.44,9.07,0.89,3.23,0,170
6/9/2011 19:00,33032.8,26.11,9.02,0.89,5.74,0,26
6/9/2011 20:00,33032.84,24.44,11.38,0.45,4.56,0,5
6/9/2011 21:00,33032.88,22.22,10.96,0.45,3.6,0,3
6/9/2011 22:00,33032.92,21.67,10.45,0.45,5.01,0,3
6/9/2011 23:00,33032.97,17.78,11.07,0.45,3.87,0,3
6/10/2011 0:00,33033,21.11,13.01,0.89,0.87,0,3
6/10/2011 1:00,33033.04,18.33,11.36,0.45,0.61,0,3
6/10/2011 2:00,33033.08,18.89,12.59,2.68,1.17,0,3
6/10/2011 3:00,33033.13,18.89,12.82,2.24,1.38,0,3
6/10/2011 4:00,33033.17,17.78,11.75,1.79,1.54,0,3
6/10/2011 5:00,33033.21,16.67,12.18,1.34,3.4,0,7
6/10/2011 6:00,33033.25,19.44,12.89,0.45,2.27,0,100
6/10/2011 7:00,33033.29,21.67,14.77,0.89,3.74,0,290
6/10/2011 8:00,33033.34,23.89,11.87,0.45,4.03,0,490
6/10/2011 9:00,33033.38,29.44,14.07,0.89,5.72,0,680
6/10/2011 10:00,33033.42,28.89,12.76,1.34,3.42,0,837
6/10/2011 11:00,33033.46,31.11,12.05,0.45,1.78,0,943
6/10/2011 12:00,33033.5,30.56,6.5,0.45,4.31,0,993
6/10/2011 13:00,33033.55,32.78,6.25,1.34,1.59,0,991
6/10/2011 14:00,33033.59,33.89,7.18,0.89,0.14,0,938
6/10/2011 15:00,33033.63,33.33,8.85,1.34,4.03,0.08,826
6/10/2011 16:00,33033.67,32.78,6.25,1.34,4.26,0.16,665
6/10/2011 17:00,33033.71,31.11,4.87,1.79,3.94,0.24,474
6/10/2011 18:00,33033.76,30.56,8.36,1.79,5.13,0.32,165
6/10/2011 19:00,33033.8,26.11,6.69,0.89,6.09,0.4,28
6/10/2011 20:00,33033.84,22.78,7.29,0.89,5.46,0.48,6
6/10/2011 21:00,33033.88,19.44,10.39,0.89,3.58,0.56,3
6/10/2011 22:00,33033.92,16.67,9.54,0.45,3.82,0.64,3
6/10/2011 23:00,33033.97,21.11,12.49,0.89,1.17,0,3
6/11/2011 0:00,33034,13.89,9.29,0.89,3.84,0.8,3
6/11/2011 1:00,33034.04,12.78,8.81,0.45,3.42,0.87,3
6/11/2011 2:00,33034.08,12.78,9.57,0.45,4.33,0.95,3
6/11/2011 3:00,33034.13,12.22,9.39,0.45,4.89,1.03,3
6/11/2011 4:00,33034.17,11.11,8.83,0.45,3.11,1.11,3
6/11/2011 5:00,33034.21,11.11,9.01,0.45,3.49,1.19,8
6/11/2011 6:00,33034.25,13.89,10.84,0.45,3.53,1.27,107
6/11/2011 7:00,33034.29,15.56,10.06,1.34,3.96,1.35,284
6/11/2011 8:00,33034.34,18.89,11.65,0.45,3.89,1.43,438
6/11/2011 9:00,33034.38,20.56,11.43,0.89,2.9,1.51,626
6/11/2011 10:00,33034.42,22.78,11.16,2.68,3.53,1.59,711
6/11/2011 11:00,33034.46,24.44,10.31,0.89,3.6,1.67,766
6/11/2011 12:00,33034.5,25.56,9.78,0.89,4.64,1.75,917
6/11/2011 13:00,33034.55,28.33,9.12,0.89,3.86,0,977
6/11/2011 14:00,33034.59,26.67,9.51,1.79,4.19,5.3,644
6/11/2011 15:00,33034.63,26.11,7.66,0.45,5.52,5.06,687
6/11/2011 16:00,33034.67,28.89,8.59,1.79,4.21,4.81,575
6/11/2011 17:00,33034.71,26.67,7.66,0.45,5.88,4.57,344
6/11/2011 18:00,33034.76,25.56,6.2,0.89,2.84,4.33,176
6/11/2011 19:00,33034.8,22.78,7.68,1.34,3.89,4.09,36
6/11/2011 20:00,33034.84,20,9.8,0.45,1.69,3.85,6
6/11/2011 21:00,33034.88,17.22,9.58,0.45,3.26,3.61,3
6/11/2011 22:00,33034.92,16.11,9.93,0.89,4.49,3.37,3
6/11/2011 23:00,33034.97,15,9.31,0.89,4.03,0.72,3
6/12/2011 0:00,33035,14.44,10.03,0.45,3.12,2.89,3
6/12/2011 1:00,33035.04,13.33,10.11,0.89,3.44,2.65,3
6/12/2011 2:00,33035.08,11.67,9.03,0.45,4.03,2.41,3
6/12/2011 3:00,33035.13,11.11,9.01,0.45,4.14,2.17,3
6/12/2011 4:00,33035.17,10.56,8.8,1.34,3.98,1.93,3
6/12/2011 5:00,33035.21,10.56,8.8,1.34,3.74,1.69,7
6/12/2011 6:00,33035.25,12.78,10.12,1.34,4.33,1.44,96
6/12/2011 7:00,33035.29,16.11,11.64,0.89,3.75,1.2,283
6/12/2011 8:00,33035.34,17.78,11.3,0.89,3.49,0.96,478
6/12/2011 9:00,33035.38,21.11,12.22,0.45,5.71,0.72,656
6/12/2011 10:00,33035.42,23.89,11.54,0.89,3.72,0.48,816
6/12/2011 11:00,33035.46,25,10.44,0.89,4.52,0.24,928
6/12/2011 12:00,33035.5,27.78,10.93,0.45,6.13,0,977
6/12/2011 13:00,33035.55,28.33,10.99,0.89,0.66,0,973
6/12/2011 14:00,33035.59,28.33,12.26,0.45,5.76,0,917
6/12/2011 15:00,33035.63,31.11,11.55,1.79,3.75,0,793
6/12/2011 16:00,33035.67,30.56,10.56,0.89,4.47,0,650
6/12/2011 17:00,33035.71,30,9.55,0.89,2.88,0,462
6/12/2011 18:00,33035.76,27.78,9.59,0.45,5.71,0,162
6/12/2011 19:00,33035.8,25.56,9.78,0.45,2.97,0,27
6/12/2011 20:00,33035.84,23.33,9.67,0.89,5.2,0,5
6/12/2011 21:00,33035.88,22.22,9.68,0.89,5.86,0,3
6/12/2011 22:00,33035.92,22.22,9.68,0.45,4.61,0,3
6/12/2011 23:00,33035.97,15.56,10.06,1.34,4.99,3.13,3
6/13/2011 0:00,33036,18.89,11.89,0.89,1.75,0,3
6/13/2011 1:00,33036.04,19.44,12.18,0.89,1.27,0,3
6/13/2011 2:00,33036.08,18.33,12.51,1.79,0.91,0,3
6/13/2011 3:00,33036.13,17.78,11.53,2.24,1.61,0,3
6/13/2011 4:00,33036.17,16.11,10.38,1.34,3.77,0,3
6/13/2011 5:00,33036.21,17.78,12.41,1.79,1.59,0,7
6/13/2011 6:00,33036.25,19.44,12.42,0.45,4.59,0,101
6/13/2011 7:00,33036.29,22.78,14.06,0.45,4.49,0,282
6/13/2011 8:00,33036.34,25.56,13.4,0.45,4.33,0,481
6/13/2011 9:00,33036.38,27.22,12.45,2.24,3.39,0,668
6/13/2011 10:00,33036.42,27.78,12.17,0.89,3.7,0,820
6/13/2011 11:00,33036.46,30.56,12.96,0.45,3.86,0,923
6/13/2011 12:00,33036.5,32.22,13.5,0.89,4.28,0,972
6/13/2011 13:00,33036.55,31.67,12.04,1.34,3.72,0,973
6/13/2011 14:00,33036.59,32.78,10.85,1.34,4.05,0,917
6/13/2011 15:00,33036.63,33.33,10.74,0.89,4.31,0,807
6/13/2011 16:00,33036.67,32.78,10.26,2.24,4.21,0,650
6/13/2011 17:00,33036.71,33.33,11.89,1.34,5.69,0,462
6/13/2011 18:00,33036.76,31.67,12.53,1.79,5.13,0,161
6/13/2011 19:00,33036.8,28.33,11.42,0.89,5.45,0,26
6/13/2011 20:00,33036.84,26.11,12.54,0.45,3.82,0,6
6/13/2011 21:00,33036.88,23.89,11.87,0.45,1.57,0,3
6/13/2011 22:00,33036.92,24.44,13.63,0.89,4.28,0,3
6/13/2011 23:00,33036.97,20,11.44,0.89,3.56,0,3
6/14/2011 0:00,33037,20,13.42,0,3.37,0,3
6/14/2011 1:00,33037.04,18.89,13.91,0.89,4.08,0,3
6/14/2011 2:00,33037.08,18.89,14.12,0.45,2.2,0,3
6/14/2011 3:00,33037.13,20,14.77,2.68,1.12,0,3
6/14/2011 4:00,33037.17,20,14.11,1.79,1.4,0,3
6/14/2011 5:00,33037.21,19.44,14.66,0.45,4.22,0,7
6/14/2011 6:00,33037.25,21.11,14.48,1.34,0.21,0,103
6/14/2011 7:00,33037.29,23.33,14.84,0.89,4.08,0,282
6/14/2011 8:00,33037.34,27.22,14.6,0.89,4.14,0,479
6/14/2011 9:00,33037.38,27.78,13.33,1.79,3.6,0,663
6/14/2011 10:00,33037.42,30.56,14.25,0.89,2.39,0,815
6/14/2011 11:00,33037.46,31.67,14.82,0.45,3.47,0,920
6/14/2011 12:00,33037.5,34.44,15.46,1.79,3.87,0,972
6/14/2011 13:00,33037.55,33.89,14.48,0.45,2.37,0,971
6/14/2011 14:00,33037.59,36.67,14.78,0.45,4.35,0,918
6/14/2011 15:00,33037.63,37.22,17.91,0.89,3.61,0,806
6/14/2011 16:00,33037.67,36.67,17.9,1.34,3.98,0,651
6/14/2011 17:00,33037.71,35,14.43,0.89,5.34,0,466
6/14/2011 18:00,33037.76,33.33,12.44,0.45,3.67,0,170
6/14/2011 19:00,33037.8,30.56,12.96,0.89,3.16,0,24
6/14/2011 20:00,33037.84,27.78,10.93,0.45,4.94,0,5
6/14/2011 21:00,33037.88,27.22,10,0.89,5.08,0,3
6/14/2011 22:00,33037.92,26.11,10.28,0.89,4.4,0,3
6/14/2011 23:00,33037.97,22.22,13.8,0.45,4.24,0,3
6/15/2011 0:00,33038,23.89,12.19,1.34,1.01,0,3
6/15/2011 1:00,33038.04,22.78,14.32,2.24,1.03,0,3
6/15/2011 2:00,33038.08,23.33,14.84,2.68,1.13,0,3
6/15/2011 3:00,33038.13,22.78,14.58,3.13,1.29,0,3
6/15/2011 4:00,33038.17,22.22,14.06,3.13,1.41,0,3
6/15/2011 5:00,33038.21,21.67,13.27,3.13,1.33,0,7
6/15/2011 6:00,33038.25,25.56,14.96,0.45,3,0,103
6/15/2011 7:00,33038.29,25,14.74,0.45,4.17,0,284
6/15/2011 8:00,33038.34,28.33,15.27,0.45,2.97,0,481
6/15/2011 9:00,33038.38,30.56,16.22,0.45,4.12,0,664
6/15/2011 10:00,33038.42,32.78,20.37,0.89,3.49,0,815
6/15/2011 11:00,33038.46,36.11,19.65,0.45,5.27,0,927
6/15/2011 12:00,33038.5,33.89,13.46,0.45,2.15,0,977
6/15/2011 13:00,33038.55,36.67,13.6,1.34,3.11,0,977
6/15/2011 14:00,33038.59,37.22,13.45,1.34,4.29,0,924
6/15/2011 15:00,33038.63,37.22,13.45,1.34,3.54,0,811
6/15/2011 16:00,33038.67,37.22,12.8,1.34,3.86,0,652
6/15/2011 17:00,33038.71,35,10.26,0.89,4.59,0,468
6/15/2011 18:00,33038.76,33.89,12.93,1.34,3.8,0,168
6/15/2011 19:00,33038.8,31.11,12.99,0.45,4.1,0,26
6/15/2011 20:00,33038.84,27.22,12.45,0.45,3.89,0,6
6/15/2011 21:00,33038.88,25.56,10.57,0.89,4.22,0,2
6/15/2011 22:00,33038.92,25.56,12.73,1.34,0.94,0,3
6/15/2011 23:00,33038.97,25,10.82,0.45,2.67,0,3
6/16/2011 0:00,33039,23.33,8.57,1.34,1.54,0,3
6/16/2011 1:00,33039.04,22.78,12.96,1.79,1.34,0,3
6/16/2011 2:00,33039.08,21.67,13.53,2.24,1.33,0,3
6/16/2011 3:00,33039.13,20.56,13.47,2.68,1.5,0,3
6/16/2011 4:00,33039.17,21.11,13.76,0.89,3.94,0,3
6/16/2011 5:00,33039.21,20,12.95,2.68,1.45,0,7
6/16/2011 6:00,33039.25,21.67,13.53,0.89,3.65,0,106
6/16/2011 7:00,33039.29,23.33,14.84,0.89,0.4,0,289
6/16/2011 8:00,33039.34,26.67,14.09,1.34,3.67,0,485
6/16/2011 9:00,33039.38,29.44,12.41,0.45,2.39,0,673
6/16/2011 10:00,33039.42,31.11,11.04,1.34,3.91,0,836
6/16/2011 11:00,33039.46,31.11,10.52,0.89,4.08,0,933
6/16/2011 12:00,33039.5,32.78,10.85,0.89,4.15,0,976
6/16/2011 13:00,33039.55,32.78,6.99,1.34,4.94,0,988
6/16/2011 14:00,33039.59,34.44,8.38,1.79,3.54,0,940
6/16/2011 15:00,33039.63,35,6.49,1.34,4.01,0,832
6/16/2011 16:00,33039.67,33.89,5.58,0.89,4.33,0,672
6/16/2011 17:00,33039.71,32.78,5.48,0.45,2.2,0,466
6/16/2011 18:00,33039.76,29.44,6.2,0.45,2.78,0,149
6/16/2011 19:00,33039.8,27.78,5.39,1.34,4.99,0,60
6/16/2011 20:00,33039.84,23.89,6.17,0.89,0.44,0,7
6/16/2011 21:00,33039.88,21.11,8,0.89,3.91,0,3
6/16/2011 22:00,33039.92,19.44,8.09,1.34,3.61,0,3
6/16/2011 23:00,33039.97,25,11.18,0.45,5.31,0,3
6/17/2011 0:00,33040,17.78,9.35,0.45,3.77,0,3
6/17/2011 1:00,33040.04,16.67,8.56,0.89,4.17,0,3
6/17/2011 2:00,33040.08,17.78,10.83,0.45,2.18,0,3
6/17/2011 3:00,33040.13,16.11,9.25,0.45,2.2,0,3
6/17/2011 4:00,33040.17,16.11,9.71,1.34,1.17,0,3
6/17/2011 5:00,33040.21,16.67,10.47,1.79,1.4,0,7
6/17/2011 6:00,33040.25,20.56,11.7,1.34,1.75,0,97
6/17/2011 7:00,33040.29,22.22,10.65,1.34,2.6,0,278
6/17/2011 8:00,33040.34,23.33,9.31,0.45,4.47,0,477
6/17/2011 9:00,33040.38,26.11,10.67,1.34,4.15,0,663
6/17/2011 10:00,33040.42,28.89,11.03,0.89,1.8,0,813
6/17/2011 11:00,33040.46,29.44,10.09,0.45,4.56,0,924
6/17/2011 12:00,33040.5,31.67,11.52,0.45,3.05,0,978
6/17/2011 13:00,33040.55,32.22,9.79,0.45,3.14,0,981
6/17/2011 14:00,33040.59,34.44,8.38,2.68,4.31,0,928
6/17/2011 15:00,33040.63,34.44,6.03,1.34,3.8,0,822
6/17/2011 16:00,33040.67,35.56,11.39,0.45,1.2,0,665
6/17/2011 17:00,33040.71,33.89,12.37,0.45,4.69,0,472
6/17/2011 18:00,33040.76,31.11,8.84,1.34,4.63,0,173
6/17/2011 19:00,33040.8,27.78,8.14,0.45,2.36,0,29
6/17/2011 20:00,33040.84,26.11,8.58,0.89,4.63,0,6
6/17/2011 21:00,33040.88,23.33,10.02,0.45,6,0,3
6/17/2011 22:00,33040.92,20.56,9.72,0.89,2.13,0,3
6/17/2011 23:00,33040.97,17.78,8.29,0.89,3.32,0,3
6/18/2011 0:00,33041,18.33,9.87,0.45,4.17,0,3
6/18/2011 1:00,33041.04,17.22,9.58,0.45,6,0,3
6/18/2011 2:00,33041.08,18.89,12.13,2.68,0.87,0,3
6/18/2011 3:00,33041.13,19.44,11.93,0.89,1.48,0,3
6/18/2011 4:00,33041.17,18.33,10.63,0.89,3.75,0,3
6/18/2011 5:00,33041.21,18.89,11.16,0.45,0.77,0,7
6/18/2011 6:00,33041.25,20.56,12.23,0.45,4.52,0,96
6/18/2011 7:00,33041.29,22.78,13.51,0.45,3.25,0,204
6/18/2011 8:00,33041.34,26.11,14.23,1.34,4.31,0,471
6/18/2011 9:00,33041.38,27.78,12.17,0.89,3.75,0,652
6/18/2011 10:00,33041.42,30.56,12.96,0.89,3.37,0,805
6/18/2011 11:00,33041.46,31.11,12.05,0.45,1.29,0,907
6/18/2011 12:00,33041.5,33.89,20.71,0.45,5.06,0,966
6/18/2011 13:00,33041.55,32.78,15.81,2.24,3.54,0,965
6/18/2011 14:00,33041.59,35,13.89,0.45,5.97,0,829
6/18/2011 15:00,33041.63,35.56,12.64,0.45,0.8,0,713
6/18/2011 16:00,33041.67,33.89,9.97,1.79,3.72,0,551
6/18/2011 17:00,33041.71,30.56,7.76,0.89,5.95,0,295
6/18/2011 18:00,33041.76,28.89,6.93,0.45,1.61,0,107
6/18/2011 19:00,33041.8,28.33,8.11,0.45,1.66,0,43
6/18/2011 20:00,33041.84,26.11,9.02,0.45,3.02,0,6
6/18/2011 21:00,33041.88,24.44,8.38,0.45,5.85,0,3
6/18/2011 22:00,33041.92,23.33,8.57,0.45,4.36,0,3
6/18/2011 23:00,33041.97,19.44,9.84,0.45,2.53,0,3
6/19/2011 0:00,33042,18.33,9.61,0.45,4.01,0,3
6/19/2011 1:00,33042.04,17.78,10.59,0,1.17,0,3
6/19/2011 2:00,33042.08,16.11,10.16,0.45,4.33,0,3
6/19/2011 3:00,33042.13,16.67,11.13,0.45,1.88,0,3
6/19/2011 4:00,33042.17,16.11,11.23,0,2.22,0,3
6/19/2011 5:00,33042.21,16.67,11.56,0.89,3.94,0,7
6/19/2011 6:00,33042.25,17.22,11.66,0.45,4.68,0,99
6/19/2011 7:00,33042.29,20.56,13.23,0.45,4.71,0,281
6/19/2011 8:00,33042.34,23.33,13.47,1.79,3.98,0,482
6/19/2011 9:00,33042.38,26.11,13.58,0.45,1.4,0,667
6/19/2011 10:00,33042.42,27.22,12.83,1.79,4.08,0,823
6/19/2011 11:00,33042.46,28.89,12.76,0.45,4.15,0,929
6/19/2011 12:00,33042.5,31.67,12.53,0.89,4.33,0,981
6/19/2011 13:00,33042.55,32.22,13.5,0.89,5.43,0,977
6/19/2011 14:00,33042.59,36.11,14.3,1.34,3.61,0,924
6/19/2011 15:00,33042.63,34.44,11.69,1.34,3.67,0,810
6/19/2011 16:00,33042.67,33.33,8.85,1.79,4.28,0,655
6/19/2011 17:00,33042.71,33.33,8.17,2.24,4.12,0,468
6/19/2011 18:00,33042.76,31.11,5.6,1.79,3.7,0,173
6/19/2011 19:00,33042.8,28.33,5.87,0.89,3.58,0,26
6/19/2011 20:00,33042.84,26.11,6.18,0.89,3.91,0,6
6/19/2011 21:00,33042.88,25,7.14,1.34,4.1,0,3
6/19/2011 22:00,33042.92,24.44,8.38,0.45,3.65,0,3
6/19/2011 23:00,33042.97,22.22,9.68,0.45,3.58,0,3
6/20/2011 0:00,33043,22.22,9.35,1.79,1.48,0,3
6/20/2011 1:00,33043.04,22.22,11.57,3.13,1.5,0,3
6/20/2011 2:00,33043.08,22.22,11.57,2.24,1.26,0,3
6/20/2011 3:00,33043.13,20.56,9.72,1.79,1.34,0,3
6/20/2011 4:00,33043.17,21.11,12.22,3.13,1.26,0,3
6/20/2011 5:00,33043.21,20,10.91,0.89,3.98,0,7
6/20/2011 6:00,33043.25,22.22,13.27,2.24,1.06,0,100
6/20/2011 7:00,33043.29,25,13.84,1.34,1.5,0,281
6/20/2011 8:00,33043.34,27.78,12.95,1.79,3.65,0,478
6/20/2011 9:00,33043.38,29.44,11.97,0.89,3.35,0,658
6/20/2011 10:00,33043.42,32.78,12.49,0.89,4.35,0,811
6/20/2011 11:00,33043.46,33.89,11.22,0.89,3.77,0,920
6/20/2011 12:00,33043.5,35.56,11.39,0.45,3.47,0,974
6/20/2011 13:00,33043.55,36.11,11.19,0.45,4.49,0,972
6/20/2011 14:00,33043.59,35.56,10.73,1.34,0.58,0,921
6/20/2011 15:00,33043.63,36.67,12.33,0.89,0.05,0,809
6/20/2011 16:00,33043.67,38.33,12.37,1.34,3.8,0,657
6/20/2011 17:00,33043.71,37.22,12.8,0.45,4.49,0,467
6/20/2011 18:00,33043.76,35.56,12.03,0.45,2.97,0,175
6/20/2011 19:00,33043.8,32.78,11.41,0.45,3.91,0,30
6/20/2011 20:00,33043.84,30.56,11.06,0.45,3.89,0,6
6/20/2011 21:00,33043.88,28.89,10.57,0.45,5.93,0,2
6/20/2011 22:00,33043.92,27.78,11.77,0.89,1.17,0,2
6/20/2011 23:00,33043.97,23.89,9.81,0.89,1.73,0,3
6/21/2011 0:00,33044,26.67,13.4,1.34,0.45,0,3
6/21/2011 1:00,33044.04,25,12.89,0.45,1.52,0,3
6/21/2011 2:00,33044.08,24.44,13.63,0.45,1.27,0,3
6/21/2011 3:00,33044.13,24.44,14.8,3.13,1.13,0,3
6/21/2011 4:00,33044.17,24.44,14.51,3.58,1.33,0,3
6/21/2011 5:00,33044.21,25,13.84,3.13,1.29,0,6
6/21/2011 6:00,33044.25,26.11,13.58,1.34,1.66,0,99
6/21/2011 7:00,33044.29,28.33,14.92,0.45,4.17,0,277
6/21/2011 8:00,33044.34,31.67,15.25,0.45,4.45,0,472
6/21/2011 9:00,33044.38,36.11,15.92,0.89,4.8,0,657
6/21/2011 10:00,33044.42,35,12.17,1.34,3.72,0,813
6/21/2011 11:00,33044.46,37.22,12.8,0.89,4.26,0,923
6/21/2011 12:00,33044.5,38.89,13.54,0.45,3.28,0,972
6/21/2011 13:00,33044.55,40,14.48,0.45,4.45,0,975
6/21/2011 14:00,33044.59,40,13.03,0.45,3.35,0,924
6/21/2011 15:00,33044.63,41.11,18.02,0.45,3.28,0,813
6/21/2011 16:00,33044.67,40.56,22.75,1.34,4.42,0,656
6/21/2011 17:00,33044.71,41.11,18.02,0.89,4.5,0,469
6/21/2011 18:00,33044.76,38.89,14.22,0.89,4.24,0,173
6/21/2011 19:00,33044.8,34.44,10.45,0.45,4.22,0,26
6/21/2011 20:00,33044.84,32.78,9.66,0.45,6.2,0,6
6/21/2011 21:00,33044.88,30,8.46,0.45,5.41,0,2
6/21/2011 22:00,33044.92,30,11.07,0.89,0.94,0,2
6/21/2011 23:00,33044.97,27.22,13.91,2.24,1.34,0,2
6/22/2011 0:00,33045,27.22,13.91,2.24,1.01,0,2
6/22/2011 1:00,33045.04,26.67,13.75,1.79,1.08,0,2
6/22/2011 2:00,33045.08,26.11,12.54,1.34,3.93,0,3
6/22/2011 3:00,33045.13,23.89,12.5,0.45,4.07,0,3
6/22/2011 4:00,33045.17,25,15.03,1.34,1.12,0,3
6/22/2011 5:00,33045.21,24.44,15.08,1.79,0.58,0,6
6/22/2011 6:00,33045.25,26.67,15.38,1.79,1.01,0,99
6/22/2011 7:00,33045.29,30.56,14.66,0.45,3.6,0,282
6/22/2011 8:00,33045.34,32.22,13.98,0.89,4.31,0,479
6/22/2011 9:00,33045.38,35,13.89,0.89,3.86,0,664
6/22/2011 10:00,33045.42,36.67,12.33,0.89,3.68,0,819
6/22/2011 11:00,33045.46,37.78,13.92,0.89,0.94,0,921
6/22/2011 12:00,33045.5,40,13.77,1.79,3.86,0,975
6/22/2011 13:00,33045.55,41.67,21.31,0.45,5.43,0,978
6/22/2011 14:00,33045.59,43.89,24.78,1.79,3.77,0,924
6/22/2011 15:00,33045.63,42.78,18.19,0.89,3.25,0,818
6/22/2011 16:00,33045.67,43.33,12.42,0.89,3.72,0,668
6/22/2011 17:00,33045.71,41.67,10.1,1.34,4.4,0,479
6/22/2011 18:00,33045.76,38.89,12.1,1.34,3.05,0,179
6/22/2011 19:00,33045.8,33.33,8.85,1.34,4.14,0,24
6/22/2011 20:00,33045.84,30.56,8.36,0,1.88,0,6
6/22/2011 21:00,33045.88,30,10.07,1.34,0.07,0,2
6/22/2011 22:00,33045.92,28.33,10.54,0.45,5.17,0,2
6/22/2011 23:00,33045.97,26.67,12.69,0.89,0.72,0,2
6/23/2011 0:00,33046,22.78,10.52,0.45,3.67,0,3
6/23/2011 1:00,33046.04,22.22,10.65,0.45,3.44,0,3
6/23/2011 2:00,33046.08,23.33,13.47,0.45,1.76,0,3
6/23/2011 3:00,33046.13,21.67,11.92,0.45,1.2,0,3
6/23/2011 4:00,33046.17,20.56,11.16,0.45,3.79,0,3
6/23/2011 5:00,33046.21,21.67,11.92,0.45,2.64,0,6
6/23/2011 6:00,33046.25,21.67,11.63,0.89,4.05,0,97
6/23/2011 7:00,33046.29,27.22,15.89,0.45,1.27,0,277
6/23/2011 8:00,33046.34,30.56,14.66,0.45,4.22,0,474
6/23/2011 9:00,33046.38,34.44,14.46,0.45,4.33,0,655
6/23/2011 10:00,33046.42,35.56,13.82,1.34,4.01,0,810
6/23/2011 11:00,33046.46,35.56,14.37,1.34,5.93,0,920
6/23/2011 12:00,33046.5,36.11,12.5,1.34,3.58,0,975
6/23/2011 13:00,33046.55,38.33,9.23,0.89,3.51,0,992
6/23/2011 14:00,33046.59,38.89,6.86,1.34,4.85,0,949
6/23/2011 15:00,33046.63,39.44,5.1,0.89,4.54,0,848
6/23/2011 16:00,33046.67,39.44,3.88,0.45,1.92,0,691
6/23/2011 17:00,33046.71,38.89,3.44,0.89,3.63,0,505
6/23/2011 18:00,33046.76,36.11,3.58,1.34,3.56,0,187
6/23/2011 19:00,33046.8,31.11,4.1,0.45,3.63,0,21
6/23/2011 20:00,33046.84,27.22,4.31,0.89,0.58,0,6
6/23/2011 21:00,33046.88,26.11,5.11,0.45,0.05,0,2
6/23/2011 22:00,33046.92,25,5.72,1.79,4.1,0,2
6/23/2011 23:00,33046.97,24.44,11.03,0.89,3.75,0,2
6/24/2011 0:00,33047,19.44,5.06,1.34,3.93,0,3
6/24/2011 1:00,33047.04,19.44,4.31,0.45,4.94,0,3
6/24/2011 2:00,33047.08,17.78,2.43,1.34,4.21,0,3
6/24/2011 3:00,33047.13,17.78,2.82,0.89,3.53,0,3
6/24/2011 4:00,33047.17,17.78,3.93,0.89,3.67,0,3
6/24/2011 5:00,33047.21,17.22,4.12,0.89,3.37,0,7
6/24/2011 6:00,33047.25,21.67,9.82,1.34,1.55,0,104
6/24/2011 7:00,33047.29,21.11,8,1.34,4.31,0,283
6/24/2011 8:00,33047.34,26.67,9.07,0.89,3.74,0,482
6/24/2011 9:00,33047.38,28.33,8.62,0.89,3,0,668
6/24/2011 10:00,33047.42,30.56,8.94,0.89,3.23,0,828
6/24/2011 11:00,33047.46,32.78,8.38,0.89,4.28,0,942
6/24/2011 12:00,33047.5,33.33,6.71,1.34,4.64,0,1002
6/24/2011 13:00,33047.55,35,2.7,1.34,3.77,0,1008
6/24/2011 14:00,33047.59,35,0.4,1.34,5.78,0,959
6/24/2011 15:00,33047.63,37.22,2.14,1.34,3.28,0,851
6/24/2011 16:00,33047.67,36.11,-0.03,0.89,4.38,0,691
6/24/2011 17:00,33047.71,35.56,-0.46,0.45,4.14,0,501
6/24/2011 18:00,33047.76,32.78,-0.17,0.89,3.65,0,187
6/24/2011 19:00,33047.8,28.89,0.64,1.34,4.89,0,24
6/24/2011 20:00,33047.84,26.11,-0.81,0.45,3.14,0,6
6/24/2011 21:00,33047.88,25.56,0.25,0.45,3.4,0,2
6/24/2011 22:00,33047.92,23.89,2.08,0.45,3.09,0,3
6/24/2011 23:00,33047.97,20.56,6.07,0.89,3.47,0,3
6/25/2011 0:00,33048,18.33,5.47,0.89,4.38,0,3
6/25/2011 1:00,33048.04,17.78,6.56,0.89,4.24,0,3
6/25/2011 2:00,33048.08,18.33,6.45,0.45,1.29,0,3
6/25/2011 3:00,33048.13,18.89,9.05,0.45,3.68,0,3
6/25/2011 4:00,33048.17,17.78,8.01,1.79,1.33,0,3
6/25/2011 5:00,33048.21,19.44,10.12,1.34,1.4,0,7
6/25/2011 6:00,33048.25,18.89,8.18,0.89,4.35,0,104
6/25/2011 7:00,33048.29,23.33,10.36,0.45,3.53,0,288
6/25/2011 8:00,33048.34,25,9.28,0.89,3.67,0,486
6/25/2011 9:00,33048.38,27.22,10,0.89,4.47,0,669
6/25/2011 10:00,33048.42,29.44,9.59,0.89,3.42,0,825
6/25/2011 11:00,33048.46,32.78,10.85,0.45,4.42,0,935
6/25/2011 12:00,33048.5,35,9.57,1.34,3.3,0,992
6/25/2011 13:00,33048.55,35,8.85,2.24,4.31,0,995
6/25/2011 14:00,33048.59,36.11,7.4,0.89,3.46,0,948
6/25/2011 15:00,33048.63,35.56,6.95,1.79,4.14,0,842
6/25/2011 16:00,33048.67,36.67,4.03,0.89,1.92,0,686
6/25/2011 17:00,33048.71,34.44,4.25,1.34,3.58,0,492
6/25/2011 18:00,33048.76,32.78,1.95,0.89,4.29,0,187
6/25/2011 19:00,33048.8,28.89,2.26,0.45,3.58,0,26
6/25/2011 20:00,33048.84,26.11,3.37,0.45,5.22,0,6
6/25/2011 21:00,33048.88,25,3.6,0.45,4,0,2
6/25/2011 22:00,33048.92,21.11,4.16,0.45,4,0,3
6/25/2011 23:00,33048.97,19.44,4.69,0.45,4.21,0,3
6/26/2011 0:00,33049,18.33,9.08,0.45,3.32,0,3
6/26/2011 1:00,33049.04,17.22,9.34,0.89,4,0,3
6/26/2011 2:00,33049.08,17.22,10.07,0.45,0.07,0,3
6/26/2011 3:00,33049.13,18.89,11.65,0.89,1.29,0,3
6/26/2011 4:00,33049.17,17.78,10.11,0.89,3.54,0,3
6/26/2011 5:00,33049.21,16.11,8.29,0.89,4.14,0,6
6/26/2011 6:00,33049.25,20,10.08,0.45,3.96,0,103
6/26/2011 7:00,33049.29,20,10.08,0.45,3.68,0,287
6/26/2011 8:00,33049.34,25.56,12.39,0.45,4.4,0,486
6/26/2011 9:00,33049.38,28.89,11.48,1.34,3.63,0,672
6/26/2011 10:00,33049.42,31.11,10.52,0.89,3.98,0,828
6/26/2011 11:00,33049.46,32.22,10.37,0.45,3.07,0,936
6/26/2011 12:00,33049.5,34.44,9.79,0.45,2.11,0,993
6/26/2011 13:00,33049.55,33.89,7.92,0.45,3.16,0,995
6/26/2011 14:00,33049.59,36.67,8.69,0.45,1.36,0,938
6/26/2011 15:00,33049.63,36.11,6.53,0.89,3.93,0,831
6/26/2011 16:00,33049.67,36.67,6.05,0.89,3.82,0,675
6/26/2011 17:00,33049.71,35,4.7,0.45,3.67,0,487
6/26/2011 18:00,33049.76,32.78,4.66,0.45,4.03,0,185
6/26/2011 19:00,33049.8,29.44,4.9,0.45,5.85,0,25
6/26/2011 20:00,33049.84,27.22,5.5,0.89,4.52,0,6
6/26/2011 21:00,33049.88,25.56,6.2,0.45,3.67,0,2
6/26/2011 22:00,33049.92,23.89,7.05,0.45,5.43,0,3
6/26/2011 23:00,33049.97,18.89,7.27,0.45,3.02,0,3
6/27/2011 0:00,33050,23.33,9.67,1.79,1.5,0,3
6/27/2011 1:00,33050.04,22.78,10.84,1.79,1.34,0,3
6/27/2011 2:00,33050.08,22.22,11.27,1.34,1.08,0,3
6/27/2011 3:00,33050.13,20.56,9.12,0.45,3.91,0,3
6/27/2011 4:00,33050.17,21.11,11.4,1.34,1.29,0,3
6/27/2011 5:00,33050.21,18.89,10.14,0.89,0.54,0,6
6/27/2011 6:00,33050.25,21.67,11.92,2.24,1.33,0,99
6/27/2011 7:00,33050.29,26.11,13.58,0.45,2.9,0,282
6/27/2011 8:00,33050.34,27.78,12.57,0.89,3.93,0,480
6/27/2011 9:00,33050.38,31.67,11.52,0.45,6.18,0,667
6/27/2011 10:00,33050.42,32.22,10.37,1.34,3.82,0,821
6/27/2011 11:00,33050.46,34.44,11.08,0.89,3.53,0,930
6/27/2011 12:00,33050.5,35.56,10.73,0.45,5.85,0,984
6/27/2011 13:00,33050.55,36.11,9.02,2.24,3.46,0,988
6/27/2011 14:00,33050.59,38.33,9.23,0.89,3.54,0,934
6/27/2011 15:00,33050.63,37.78,7.89,0.89,3.33,0,827
6/27/2011 16:00,33050.67,38.89,8.79,1.79,4.14,0,672
6/27/2011 17:00,33050.71,37.78,7.89,0.45,3.18,0,485
6/27/2011 18:00,33050.76,35.56,7.77,0.45,3.63,0,182
6/27/2011 19:00,33050.8,31.11,7.62,0.89,3.72,0,25
6/27/2011 20:00,33050.84,28.33,7.57,0.45,5.62,0,6
6/27/2011 21:00,33050.88,27.22,8.63,0.45,3.84,0,2
6/27/2011 22:00,33050.92,23.33,7.79,0.89,4.49,0,3
6/27/2011 23:00,33050.97,24.44,10.67,0.89,1.52,0,3
6/28/2011 0:00,33051,20,8.91,0.45,3.53,0,3
6/28/2011 1:00,33051.04,19.44,9.84,0,4.28,0,3
6/28/2011 2:00,33051.08,18.89,10.14,0.45,3.79,0,3
6/28/2011 3:00,33051.13,18.33,9.87,0.45,4.42,0,3
6/28/2011 4:00,33051.17,17.78,10.35,0.45,3.98,0,3
6/28/2011 5:00,33051.21,16.67,10.01,0.45,4.68,0,6
6/28/2011 6:00,33051.25,20,12.46,0.89,1.57,0,94
6/28/2011 7:00,33051.29,23.89,13.7,0.45,2.16,0,269
6/28/2011 8:00,33051.34,27.22,14.6,0.89,1.38,0,463
6/28/2011 9:00,33051.38,26.67,12.69,0.89,3.72,0,647
6/28/2011 10:00,33051.42,28.89,13.57,1.34,3.6,0,801
6/28/2011 11:00,33051.46,31.67,13.02,0.45,3.79,0,911
6/28/2011 12:00,33051.5,31.11,13.89,1.79,0.37,0,963
6/28/2011 13:00,33051.55,33.89,11.81,2.68,3.44,0,983
6/28/2011 14:00,33051.59,33.33,10.74,2.24,4.15,0,804
6/28/2011 15:00,33051.63,32.22,9.79,0.89,3.42,0.29,485
6/28/2011 16:00,33051.67,30.56,11.06,0.45,4.35,0.58,329
6/28/2011 17:00,33051.71,29.44,11.06,0.45,5.27,0.87,209
6/28/2011 18:00,33051.76,30,12.01,0.89,3.07,1.16,163
6/28/2011 19:00,33051.8,22.22,9.35,2.24,4.07,1.45,46
6/28/2011 20:00,33051.84,19.44,11.18,1.34,4.63,1.74,5
6/28/2011 21:00,33051.88,19.44,10.66,1.79,5.38,2.02,3
6/28/2011 22:00,33051.92,19.44,10.92,0.45,3.98,2.31,3
6/28/2011 23:00,33051.97,22.22,9.01,0.45,0.12,0,3
6/29/2011 0:00,33052,18.89,12.36,0.45,3.77,2.89,3
6/29/2011 1:00,33052.04,16.11,12.24,1.34,4.57,3.18,3
6/29/2011 2:00,33052.08,15.56,12.28,0.45,4.38,3.47,2
6/29/2011 3:00,33052.13,16.11,13.2,0.45,2.81,3.76,2
6/29/2011 4:00,33052.17,15,12.48,1.79,4.28,4.05,2
6/29/2011 5:00,33052.21,15,12.66,0.45,4.31,4.34,3
6/29/2011 6:00,33052.25,14.44,12.29,0.45,3.68,4.63,16
6/29/2011 7:00,33052.29,12.78,10.82,0.89,3.21,4.92,52
6/29/2011 8:00,33052.34,14.44,12.29,0.45,4.24,5.21,140
6/29/2011 9:00,33052.38,16.67,14.11,0.89,5.43,5.49,280
6/29/2011 10:00,33052.42,20,15.62,0.89,4.26,5.78,507
6/29/2011 11:00,33052.46,22.22,16.47,0.89,6,6.07,569
6/29/2011 12:00,33052.5,22.78,15.09,0.89,4.4,6.36,690
6/29/2011 13:00,33052.55,23.89,14.28,1.34,5.11,7.05,601
6/29/2011 14:00,33052.59,25,13.53,1.34,5.36,0,915
6/29/2011 15:00,33052.63,25.56,13.4,0.89,4.63,0,625
6/29/2011 16:00,33052.67,26.67,12.32,0.45,4.35,0,574
6/29/2011 17:00,33052.71,25.56,11.32,0.89,3.12,0,484
6/29/2011 18:00,33052.76,21.67,9.17,1.34,4.14,0,189
6/29/2011 19:00,33052.8,20,8.6,2.24,4.57,0,28
6/29/2011 20:00,33052.84,17.78,8.29,0.45,3.67,0,7
6/29/2011 21:00,33052.88,17.78,9.35,0.45,3.49,0,3
6/29/2011 22:00,33052.92,16.11,9.01,1.34,4.12,0,3
6/29/2011 23:00,33052.97,18.33,11.36,0.45,4.57,2.6,3
6/30/2011 0:00,33053,15,9.31,0.45,6.11,0,3
6/30/2011 1:00,33053.04,15.56,10.28,1.34,3.56,0,3
6/30/2011 2:00,33053.08,14.44,10.03,0.45,5.76,0,3
6/30/2011 3:00,33053.13,12.78,9.19,0.45,2.3,0,3
6/30/2011 4:00,33053.17,13.89,10.27,0.45,3.93,0,3
6/30/2011 5:00,33053.21,13.89,10.84,0.45,1.38,0,6
6/30/2011 6:00,33053.25,17.22,13.32,2.24,1.01,0,99
6/30/2011 7:00,33053.29,17.78,13.26,0.45,5.9,0,275
6/30/2011 8:00,33053.34,20.56,13.71,0.45,4.15,0,471
6/30/2011 9:00,33053.38,21.11,12.75,1.34,3.44,0,652
6/30/2011 10:00,33053.42,23.33,13.47,0.45,5.83,0,806
6/30/2011 11:00,33053.46,25.56,13.4,1.79,3.39,0,916
6/30/2011 12:00,33053.5,28.33,14.2,0.89,3.77,0,972
6/30/2011 13:00,33053.55,27.22,12.83,0.89,5.86,0,972
6/30/2011 14:00,33053.59,27.78,12.57,1.34,0.47,0,920
6/30/2011 15:00,33053.63,28.33,12.26,1.79,0.65,0,813
6/30/2011 16:00,33053.67,32.78,14.47,1.34,1.05,0,658
6/30/2011 17:00,33053.71,30.56,13.4,1.34,3.63,0,472
6/30/2011 18:00,33053.76,28.33,11.85,0.89,5.13,0,185
6/30/2011 19:00,33053.8,26.67,13.05,0.45,1.15,0,26
6/30/2011 20:00,33053.84,23.33,12.29,0.45,4.38,0,6
6/30/2011 21:00,33053.88,23.33,13.19,0.45,4.03,0,3
6/30/2011 22:00,33053.92,21.67,12.47,0.45,4.08,0,3
6/30/2011 23:00,33053.97,16.11,9.71,0.45,5.24,0,3
7/1/2011 0:00,33054,21.11,13.26,1.34,1.13,0,3
7/1/2011 1:00,33054.04,21.11,14.95,1.79,1.43,0,3
7/1/2011 2:00,33054.08,20,14.33,2.24,1.45,0,3
7/1/2011 3:00,33054.13,19.44,14.02,0.89,1.45,0,3
7/1/2011 4:00,33054.17,18.89,14.12,2.24,1.47,0,3
7/1/2011 5:00,33054.21,20,15.41,2.24,0.99,0,6
7/1/2011 6:00,33054.25,20.56,15.31,3.58,1.03,0,91
7/1/2011 7:00,33054.29,22.22,15.78,2.24,1.24,0,267
7/1/2011 8:00,33054.34,29.44,20.33,0.89,5.64,0,464
7/1/2011 9:00,33054.38,28.89,17.12,1.79,1.43,0,650
7/1/2011 10:00,33054.42,30,16.08,0.89,2.72,0,804
7/1/2011 11:00,33054.46,33.33,17.16,0.89,4.05,0,911
7/1/2011 12:00,33054.5,34.44,16.86,0.89,2.74,0,967
7/1/2011 13:00,33054.55,32.78,15.38,0.45,5.65,0,968
7/1/2011 14:00,33054.59,34.44,15.94,0.45,5.93,0,914
7/1/2011 15:00,33054.63,36.67,16.41,1.34,3.07,0,811
7/1/2011 16:00,33054.67,36.67,16.41,0.89,3.6,0,658
7/1/2011 17:00,33054.71,35,15.95,1.79,3.82,0,475
7/1/2011 18:00,33054.76,33.33,15.42,1.34,4.12,0,186
7/1/2011 19:00,33054.8,30,12.91,0.45,1.55,0,25
7/1/2011 20:00,33054.84,27.22,12.07,0.45,4,0,6
7/1/2011 21:00,33054.88,26.11,11.45,0.45,5.01,0,3
7/1/2011 22:00,33054.92,24.44,10.67,0.89,1.73,0,3
7/1/2011 23:00,33054.97,20.56,11.7,0.89,1.75,0,3
7/2/2011 0:00,33055,24.44,15.08,2.24,1.38,0,3
7/2/2011 1:00,33055.04,23.89,15.89,1.34,1.47,0,3
7/2/2011 2:00,33055.08,23.89,15.63,1.34,1.15,0,3
7/2/2011 3:00,33055.13,22.22,15.06,1.79,1.34,0,3
7/2/2011 4:00,33055.17,23.33,16.36,2.68,0.98,0,3
7/2/2011 5:00,33055.21,22.78,15.59,2.68,1.26,0,5
7/2/2011 6:00,33055.25,23.33,15.11,3.13,1.33,0,92
7/2/2011 7:00,33055.29,25,15.32,3.13,1.13,0,269
7/2/2011 8:00,33055.34,27.78,16.09,2.24,0.63,0,465
7/2/2011 9:00,33055.38,35.56,21.51,0.45,5.83,0,649
7/2/2011 10:00,33055.42,35,18.23,0.45,0.12,0,804
7/2/2011 11:00,33055.46,35,17.35,0.89,5.93,0,910
7/2/2011 12:00,33055.5,39.44,18.84,0.45,1.43,0,966
7/2/2011 13:00,33055.55,38.33,16.78,0.45,3.87,0,966
7/2/2011 14:00,33055.59,38.33,15.63,1.79,3.98,0,916
7/2/2011 15:00,33055.63,39.44,16.59,2.68,4.54,0,807
7/2/2011 16:00,33055.67,41.67,17.24,0.45,5.71,0,656
7/2/2011 17:00,33055.71,38.33,13.75,0.89,5.88,0,476
7/2/2011 18:00,33055.76,37.78,13.92,2.24,4.12,0,187
7/2/2011 19:00,33055.8,32.78,11.96,0.89,3.93,0,25
7/2/2011 20:00,33055.84,29.44,11.52,0.45,3.53,0,6
7/2/2011 21:00,33055.88,29.44,11.06,0.45,4.89,0,2
7/2/2011 22:00,33055.92,27.78,11.35,1.34,1.31,0,2
7/2/2011 23:00,33055.97,24.44,13.32,1.34,1.13,0,3
7/3/2011 0:00,33056,26.67,15.99,1.34,1.2,0,3
7/3/2011 1:00,33056.04,25,15.6,1.34,0.93,0,3
7/3/2011 2:00,33056.08,25.56,16.4,1.34,0.94,0,3
7/3/2011 3:00,33056.13,25,16.42,1.79,1.47,0,3
7/3/2011 4:00,33056.17,23.89,14.83,2.68,1.19,0,3
7/3/2011 5:00,33056.21,24.44,15.35,1.79,1.33,0,5
7/3/2011 6:00,33056.25,26.67,15.69,0.45,4.17,0,91
7/3/2011 7:00,33056.29,26.67,16.29,0.89,0.63,0,269
7/3/2011 8:00,33056.34,31.67,17.96,0.45,6,0,463
7/3/2011 9:00,33056.38,33.89,17.24,0.45,4.66,0,647
7/3/2011 10:00,33056.42,35.56,16.92,0.45,3.68,0,800
7/3/2011 11:00,33056.46,36.11,16.93,0.89,4.69,0,906
7/3/2011 12:00,33056.5,37.22,16.36,0.45,3.23,0,958
7/3/2011 13:00,33056.55,39.44,17.18,0.89,3.72,0,962
7/3/2011 14:00,33056.59,40,16.45,1.79,4.1,0,912
7/3/2011 15:00,33056.63,41.67,15.89,0.89,3.94,0,811
7/3/2011 16:00,33056.67,40,15.82,1.34,3.74,0,653
7/3/2011 17:00,33056.71,39.44,15.35,1.34,3.75,0,468
7/3/2011 18:00,33056.76,37.78,12.6,0.45,4.71,0,184
7/3/2011 19:00,33056.8,34.44,13.41,0.45,2.79,0,27
7/3/2011 20:00,33056.84,31.11,12.99,0.45,4.03,0,6
7/3/2011 21:00,33056.88,29.44,11.97,0.45,4.96,0,2
7/3/2011 22:00,33056.92,29.44,13.26,0.45,3.94,0,2
7/3/2011 23:00,33056.97,27.78,15.1,2.24,1.27,0,2
7/4/2011 0:00,33057,27.78,15.44,0.45,1.8,0,3
7/4/2011 1:00,33057.04,27.22,16.2,1.34,1.33,0,2
7/4/2011 2:00,33057.08,26.11,15.48,0.45,5.38,0,3
7/4/2011 3:00,33057.13,26.11,16.92,1.79,0.91,0,3
7/4/2011 4:00,33057.17,26.11,16.92,2.68,1.38,0,3
7/4/2011 5:00,33057.21,25,15.32,2.68,1.31,0,5
7/4/2011 6:00,33057.25,27.22,15.58,3.13,1.29,0,80
7/4/2011 7:00,33057.29,31.11,17.81,0.45,1.26,0,258
7/4/2011 8:00,33057.34,32.22,16.57,1.34,4.24,0,453
7/4/2011 9:00,33057.38,35,15.95,1.34,4.03,0,636
7/4/2011 10:00,33057.42,36.11,16.43,0.45,2.13,0,790
7/4/2011 11:00,33057.46,38.89,18.35,0.45,2.93,0,896
7/4/2011 12:00,33057.5,41.11,18.62,0.89,4.87,0,953
7/4/2011 13:00,33057.55,40.56,16.29,0.45,3.21,0,957
7/4/2011 14:00,33057.59,42.22,17.05,0.89,4.87,0,915
7/4/2011 15:00,33057.63,41.67,15.17,1.79,4.28,0.45,804
7/4/2011 16:00,33057.67,42.22,13.28,0.89,4,0.91,653
7/4/2011 17:00,33057.71,41.67,11.96,0.45,5.46,1.36,476
7/4/2011 18:00,33057.76,39.44,11.79,0.45,1.31,1.82,190
7/4/2011 19:00,33057.8,34.44,11.69,0.89,5.72,2.27,30
7/4/2011 20:00,33057.84,32.78,10.85,0.89,4.35,2.73,8
7/4/2011 21:00,33057.88,30.56,9.49,0.45,5.53,3.18,2
7/4/2011 22:00,33057.92,29.44,9.59,0.89,4.21,3.64,2
7/4/2011 23:00,33057.97,28.89,14.71,1.34,1.64,0,2
7/5/2011 0:00,33058,27.78,12.17,0,3.68,4.55,2
7/5/2011 1:00,33058.04,26.67,12.69,1.34,0.93,5,2
7/5/2011 2:00,33058.08,26.67,16.87,1.34,1.41,5.45,3
7/5/2011 3:00,33058.13,25.56,16.12,1.79,1.08,5.91,3
7/5/2011 4:00,33058.17,25.56,16.67,3.13,1.29,6.36,3
7/5/2011 5:00,33058.21,26.11,15.77,2.68,1.33,6.82,4
7/5/2011 6:00,33058.25,25.56,15.26,0.89,3.84,7.27,71
7/5/2011 7:00,33058.29,27.78,18.76,1.34,1.01,7.73,243
7/5/2011 8:00,33058.34,32.78,19.69,0.89,0.75,8.18,377
7/5/2011 9:00,33058.38,34.44,17.73,0.89,4.64,8.64,555
7/5/2011 10:00,33058.42,33.33,15.87,1.34,3.23,9.09,441
7/5/2011 11:00,33058.46,32.22,15.32,1.79,3.32,9.55,285
7/5/2011 12:00,33058.5,31.67,14.82,0.45,3.8,10,183
7/5/2011 13:00,33058.55,37.78,18.88,0,4,8.65,455
7/5/2011 14:00,33058.59,41.11,18.62,0.89,0.3,2.11,764
7/5/2011 15:00,33058.63,40,14.48,0.89,5.32,2.02,698
7/5/2011 16:00,33058.67,38.89,12.84,0.45,5.93,1.92,481
7/5/2011 17:00,33058.71,38.89,14.22,0.89,5.46,1.83,263
7/5/2011 18:00,33058.76,36.67,15.34,1.79,6.04,1.73,192
7/5/2011 19:00,33058.8,35,13.89,2.24,6.14,1.63,35
7/5/2011 20:00,33058.84,31.67,13.48,0.89,5.22,1.54,5
7/5/2011 21:00,33058.88,30,12.91,0.45,2.53,1.44,2
7/5/2011 22:00,33058.92,30.56,15.46,0.45,4.97,1.35,2
7/5/2011 23:00,33058.97,27.78,11.77,0.45,3.75,4.09,2
7/6/2011 0:00,33059,27.78,15.44,0.45,1.43,1.15,2
7/6/2011 1:00,33059.04,26.67,17.44,0.89,0.72,1.06,2
7/6/2011 2:00,33059.08,25.56,16.4,0.89,3.53,0.96,3
7/6/2011 3:00,33059.13,25.56,16.67,1.79,0.99,0.86,3
7/6/2011 4:00,33059.17,25,17.45,1.34,1.47,0.77,3
7/6/2011 5:00,33059.21,26.11,17.99,1.79,1.47,0.67,5
7/6/2011 6:00,33059.25,26.11,17.99,2.24,0.98,0.58,77
7/6/2011 7:00,33059.29,28.89,18.36,0.45,4.21,0.48,249
7/6/2011 8:00,33059.34,32.78,18.24,0.45,3.56,0.38,433
7/6/2011 9:00,33059.38,37.22,18.39,1.34,4.08,0.29,615
7/6/2011 10:00,33059.42,36.67,16.41,0.89,4.15,0.19,721
7/6/2011 11:00,33059.46,37.78,16.3,0.89,2.81,0.1,895
7/6/2011 12:00,33059.5,39.44,17.18,0.45,4.31,0,944
7/6/2011 13:00,33059.55,41.67,17.24,1.79,0.84,0,940
7/6/2011 14:00,33059.59,41.67,15.17,1.34,3.79,0,882
7/6/2011 15:00,33059.63,40.56,12.72,1.34,3.35,0,792
7/6/2011 16:00,33059.67,41.11,12.36,1.34,3.68,0,639
7/6/2011 17:00,33059.71,41.11,12.36,0.45,4.47,0,454
7/6/2011 18:00,33059.76,39.44,11.79,0.89,3.56,0,184
7/6/2011 19:00,33059.8,35,9.57,0.45,3.96,0,32
7/6/2011 20:00,33059.84,32.22,10.93,0.89,4.9,0,6
7/6/2011 21:00,33059.88,30.56,11.06,1.34,4.59,0,2
7/6/2011 22:00,33059.92,27.78,8.14,1.34,3.19,0,2
7/6/2011 23:00,33059.97,28.89,15.43,0.45,4.05,1.25,2
7/7/2011 0:00,33060,26.11,10.67,0.45,3.58,0,3
7/7/2011 1:00,33060.04,25.56,10.95,0.45,1.69,0,3
7/7/2011 2:00,33060.08,25.56,15.55,2.24,0.84,0,3
7/7/2011 3:00,33060.13,25.56,14.96,1.34,1.83,0,3
7/7/2011 4:00,33060.17,25,13.84,0.89,3.68,0,3
7/7/2011 5:00,33060.21,23.89,13.11,1.34,1.38,0,5
7/7/2011 6:00,33060.25,26.11,13.91,0.89,3.86,0,74
7/7/2011 7:00,33060.29,30.56,15.84,1.34,1.26,0,240
7/7/2011 8:00,33060.34,31.67,19.01,0.45,5.43,0,428
7/7/2011 9:00,33060.38,33.89,15.45,1.79,4.24,0,607
7/7/2011 10:00,33060.42,35.56,14.37,0.89,4.28,0,764
7/7/2011 11:00,33060.46,37.78,14.55,0.45,2.76,0,876
7/7/2011 12:00,33060.5,38.89,12.1,0.45,4.15,0,935
7/7/2011 13:00,33060.55,39.44,10.14,0.89,3.21,0,942
7/7/2011 14:00,33060.59,41.11,9.65,0.45,4.1,0,899
7/7/2011 15:00,33060.63,40.56,11.05,2.68,3.68,0,791
7/7/2011 16:00,33060.67,41.67,12.82,0.89,3.56,0,636
7/7/2011 17:00,33060.71,38.89,11.33,0.89,2.44,0,452
7/7/2011 18:00,33060.76,38.33,10.07,1.34,4.59,0,187
7/7/2011 19:00,33060.8,35,9.57,0.45,3.75,0,29
7/7/2011 20:00,33060.84,31.11,8.84,0.45,4.71,0,6
7/7/2011 21:00,33060.88,30.56,9.49,0.45,2.76,0,2
7/7/2011 22:00,33060.92,28.89,9.61,1.79,4.1,0,2
7/7/2011 23:00,33060.97,25.56,10.18,0.89,3.23,0,2
7/8/2011 0:00,33061,26.67,11.17,0.89,3.74,0,3
7/8/2011 1:00,33061.04,26.67,11.57,0.45,3.74,0,3
7/8/2011 2:00,33061.08,23.89,11.54,0.89,3.84,0,3
7/8/2011 3:00,33061.13,25,11.88,1.34,1.68,0,3
7/8/2011 4:00,33061.17,23.33,12.29,0.89,4.29,0,3
7/8/2011 5:00,33061.21,23.89,13.99,1.34,0.99,0,5
7/8/2011 6:00,33061.25,28.33,17.23,0.45,2.83,0,80
7/8/2011 7:00,33061.29,26.67,14.74,1.34,3.93,0,250
7/8/2011 8:00,33061.34,31.11,15.96,2.24,3.65,0,441
7/8/2011 9:00,33061.38,35,16.9,0.45,4.99,0,623
7/8/2011 10:00,33061.42,34.44,14.46,0.45,3.84,0,780
7/8/2011 11:00,33061.46,36.67,15.34,1.34,3.26,0,890
7/8/2011 12:00,33061.5,38.33,15.63,0.89,3.54,0,946
7/8/2011 13:00,33061.55,40.56,15.63,0.89,4.89,0,955
7/8/2011 14:00,33061.59,40,13.77,0.89,3.89,0,902
7/8/2011 15:00,33061.63,41.11,13.96,1.34,3.65,0,800
7/8/2011 16:00,33061.67,40.56,12.72,1.79,3.58,0,650
7/8/2011 17:00,33061.71,38.89,11.33,0.89,4.57,0,470
7/8/2011 18:00,33061.76,37.22,10.71,0.45,4.82,0,194
7/8/2011 19:00,33061.8,32.78,7.7,1.34,3.65,0,24
7/8/2011 20:00,33061.84,30,6.67,0.45,3.56,0,6
7/8/2011 21:00,33061.88,28.89,6.34,0.45,3.54,0,2
7/8/2011 22:00,33061.92,27.22,7.14,0.89,4.01,0,2
7/8/2011 23:00,33061.97,26.11,11.07,1.79,4.15,0,3
7/9/2011 0:00,33062,22.78,8.8,0.89,3.98,0,3
7/9/2011 1:00,33062.04,23.89,10.17,0.45,3.02,0,3
7/9/2011 2:00,33062.08,23.33,11.67,0.45,3.35,0,3
7/9/2011 3:00,33062.13,23.33,13.19,0.45,1.45,0,3
7/9/2011 4:00,33062.17,23.89,15.37,1.79,1.4,0,3
7/9/2011 5:00,33062.21,23.33,14.84,2.68,1.29,0,5
7/9/2011 6:00,33062.25,25.56,16.4,1.79,1.57,0,85
7/9/2011 7:00,33062.29,23.89,13.41,1.34,4.15,0,260
7/9/2011 8:00,33062.34,29.44,16.29,0.45,4.5,0,460
7/9/2011 9:00,33062.38,31.11,14.75,1.34,3.77,0,647
7/9/2011 10:00,33062.42,33.89,14.97,1.79,3.82,0,801
7/9/2011 11:00,33062.46,35,14.43,0.89,4.29,0,910
7/9/2011 12:00,33062.5,38.33,14.4,0.89,4.56,0,976
7/9/2011 13:00,33062.55,38.33,12.37,1.34,2.15,0,982
7/9/2011 14:00,33062.59,38.89,7.85,1.79,3.91,0,938
7/9/2011 15:00,33062.63,39.44,6.24,0.89,4.83,0,842
7/9/2011 16:00,33062.67,38.89,2.12,1.34,4.69,0,692
7/9/2011 17:00,33062.71,37.22,0.83,1.34,3.89,0,511
7/9/2011 18:00,33062.76,36.11,1.27,0.89,3.75,0,210
7/9/2011 19:00,33062.8,31.67,2.9,0.45,1.9,0,21
7/9/2011 20:00,33062.84,28.33,5.87,0.45,6.04,0,6
7/9/2011 21:00,33062.88,25.56,7.17,0.45,0.79,0,2
7/9/2011 22:00,33062.92,21.67,9.82,0,2.83,0,3
7/9/2011 23:00,33062.97,25,8.88,1.34,3.63,0,2
7/10/2011 0:00,33063,19.44,11.93,0.45,2.69,0,3
7/10/2011 1:00,33063.04,18.33,11.6,0.89,3.91,0,3
7/10/2011 2:00,33063.08,18.89,12.36,0.89,4.17,0,3
7/10/2011 3:00,33063.13,18.33,11.83,1.34,4.15,0,3
7/10/2011 4:00,33063.17,18.33,11.83,0.89,4.03,0,3
7/10/2011 5:00,33063.21,18.33,12.06,0.45,3.37,0,5
7/10/2011 6:00,33063.25,22.22,13.27,0.45,1.61,0,86
7/10/2011 7:00,33063.29,23.89,13.11,0.45,3.75,0,260
7/10/2011 8:00,33063.34,27.22,14.93,0.45,3.77,0,464
7/10/2011 9:00,33063.38,27.22,12.83,1.79,3.61,0,650
7/10/2011 10:00,33063.42,29.44,13.26,1.34,3.47,0,811
7/10/2011 11:00,33063.46,31.67,12.53,0.45,4.52,0,927
7/10/2011 12:00,33063.5,35,12.76,0.89,4.54,0,988
7/10/2011 13:00,33063.55,36.11,10.5,0.45,4.17,0,998
7/10/2011 14:00,33063.59,38.33,9.23,0.45,3.63,0,946
7/10/2011 15:00,33063.63,38.33,6.41,1.79,3.68,0,836
7/10/2011 16:00,33063.67,37.78,3.79,1.79,3.63,0,682
7/10/2011 17:00,33063.71,37.78,1.26,1.34,3.63,0,501
7/10/2011 18:00,33063.76,34.44,2.25,0.89,4.24,0,210
7/10/2011 19:00,33063.8,30.56,4.4,0.89,2.53,0,22
7/10/2011 20:00,33063.84,27.22,4.92,0.89,2.04,0,6
7/10/2011 21:00,33063.88,25.56,4.08,0.45,3.32,0,2
7/10/2011 22:00,33063.92,20.56,7.49,1.79,3.63,0,3
7/10/2011 23:00,33063.97,21.11,11.95,0.89,4.24,0,3
7/11/2011 0:00,33064,17.22,9.08,0.45,3.39,0,3
7/11/2011 1:00,33064.04,17.22,10.07,0.89,4.14,0,3
7/11/2011 2:00,33064.08,16.11,9.93,0.45,4.01,0,3
7/11/2011 3:00,33064.13,16.11,9.93,0.45,4.01,0,3
7/11/2011 4:00,33064.17,16.67,10.69,0.45,1.94,0,3
7/11/2011 5:00,33064.21,16.11,10.38,0.89,3.86,0,5
7/11/2011 6:00,33064.25,18.33,11.6,0.45,3.91,0,84
7/11/2011 7:00,33064.29,18.89,11.89,0.45,3.72,0,262
7/11/2011 8:00,33064.34,22.78,12.67,1.34,4.42,0,462
7/11/2011 9:00,33064.38,25.56,13.07,1.79,3.65,0,649
7/11/2011 10:00,33064.42,28.89,13.95,0.89,0.28,0,806
7/11/2011 11:00,33064.46,29.44,11.52,0.45,3.75,0,918
7/11/2011 12:00,33064.5,32.22,11.48,1.34,3.23,0,980
7/11/2011 13:00,33064.55,33.33,10.74,1.34,3.68,0,983
7/11/2011 14:00,33064.59,34.44,9.79,2.24,3.79,0,935
7/11/2011 15:00,33064.63,35,8.85,0.89,3.96,0,829
7/11/2011 16:00,33064.67,36.11,9.02,0.45,3.58,0,675
7/11/2011 17:00,33064.71,33.33,8.17,0.89,3.74,0,486
7/11/2011 18:00,33064.76,31.67,9.31,1.34,3.51,0,207
7/11/2011 19:00,33064.8,27.78,8.14,0.89,3.42,0,24
7/11/2011 20:00,33064.84,25.56,9.37,1.34,6.18,0,6
7/11/2011 21:00,33064.88,23.33,10.02,0.89,4.56,0,3
7/11/2011 22:00,33064.92,20.56,9.12,0.89,3.8,0,3
7/11/2011 23:00,33064.97,19.44,9.56,0.45,2.09,0,3
7/12/2011 0:00,33065,16.67,7.52,0.89,3.91,0,3
7/12/2011 1:00,33065.04,15.56,7.01,1.34,4.15,0,3
7/12/2011 2:00,33065.08,15.56,7.76,0.45,4.17,0,3
7/12/2011 3:00,33065.13,13.89,7.13,0.45,3.86,0,3
7/12/2011 4:00,33065.17,15,8.19,0.45,4.15,0,3
7/12/2011 5:00,33065.21,13.89,7.59,0.89,4,0,5
7/12/2011 6:00,33065.25,15,8.65,0.89,4.24,0,80
7/12/2011 7:00,33065.29,18.33,10.88,0.45,3.94,0,259
7/12/2011 8:00,33065.34,21.67,11.63,0.89,4.69,0,454
7/12/2011 9:00,33065.38,23.89,11.54,1.34,3.4,0,640
7/12/2011 10:00,33065.42,26.67,12.69,0.45,3.61,0,799
7/12/2011 11:00,33065.46,28.89,11.92,1.34,4.01,0,914
7/12/2011 12:00,33065.5,30,10.58,0.89,3.86,0,974
7/12/2011 13:00,33065.55,32.22,10.37,0.89,0.49,0,978
7/12/2011 14:00,33065.59,33.33,9.5,0.45,3.28,0,929
7/12/2011 15:00,33065.63,33.89,9.32,2.24,3.91,0,823
7/12/2011 16:00,33065.67,34.44,8.38,1.34,4.17,0,670
7/12/2011 17:00,33065.71,33.33,7.46,1.79,3.87,0,487
7/12/2011 18:00,33065.76,30,7.29,1.79,3.82,0,207
7/12/2011 19:00,33065.8,27.78,8.64,0.45,5.1,0,23
7/12/2011 20:00,33065.84,23.89,7.88,0.45,5.48,0,6
7/12/2011 21:00,33065.88,22.78,8.44,0.45,3.67,0,3
7/12/2011 22:00,33065.92,21.67,10.45,0.45,3.72,0,3
7/12/2011 23:00,33065.97,19.44,8.99,0.45,4.99,0,3
7/13/2011 0:00,33066,17.78,10.59,1.34,4.12,0,3
7/13/2011 1:00,33066.04,15.56,9.84,1.79,4.12,0,3
7/13/2011 2:00,33066.08,15.56,10.7,0.89,4.14,0,3
7/13/2011 3:00,33066.13,13.89,9.69,1.79,4.08,0,3
7/13/2011 4:00,33066.17,13.89,10.27,0.89,3.68,0,3
7/13/2011 5:00,33066.21,13.89,10.65,0.45,3.65,0,5
7/13/2011 6:00,33066.25,15.56,11.7,0.45,4.08,0,81
7/13/2011 7:00,33066.29,17.78,13.05,0.45,3.86,0,254
7/13/2011 8:00,33066.34,22.78,15.34,0.45,0.98,0,449
7/13/2011 9:00,33066.38,23.89,14.28,1.79,3.26,0,632
7/13/2011 10:00,33066.42,26.11,14.23,1.34,3.09,0,787
7/13/2011 11:00,33066.46,29.44,15.58,1.79,3.35,0,897
7/13/2011 12:00,33066.5,31.67,15.25,1.34,4.17,0,955
7/13/2011 13:00,33066.55,30,12.46,0.89,3.93,0,959
7/13/2011 14:00,33066.59,31.11,12.99,1.79,4.1,0,909
7/13/2011 15:00,33066.63,33.33,12.98,2.24,4.08,0,805
7/13/2011 16:00,33066.67,32.22,11.48,0.45,1.78,0,650
7/13/2011 17:00,33066.71,32.22,12.01,0.45,4.38,0,468
7/13/2011 18:00,33066.76,29.44,11.52,1.34,3.44,0,199
7/13/2011 19:00,33066.8,26.67,11.57,1.34,3.23,0,24
7/13/2011 20:00,33066.84,23.33,10.02,0.45,1.15,0,6
7/13/2011 21:00,33066.88,20.56,10.02,0.89,1.71,0,3
7/13/2011 22:00,33066.92,19.44,7.78,1.34,4.4,0,3
7/13/2011 23:00,33066.97,18.89,9.87,0.89,3.53,0,3
7/14/2011 0:00,33067,16.67,6.41,0,5.92,0,3
7/14/2011 1:00,33067.04,15.56,7.01,0.45,4.83,0,3
7/14/2011 2:00,33067.08,14.44,7.19,0.89,3.82,0,3
7/14/2011 3:00,33067.13,13.33,7.06,0.89,3.94,0,3
7/14/2011 4:00,33067.17,13.33,8.14,0.89,2.64,0,3
7/14/2011 5:00,33067.21,11.67,7.14,0.89,3.49,0,5
7/14/2011 6:00,33067.25,13.89,8.88,0.89,3.86,0,71
7/14/2011 7:00,33067.29,17.78,10.83,0.45,3.61,0,268
7/14/2011 8:00,33067.34,20,11.18,0.89,4.12,0,412
7/14/2011 9:00,33067.38,22.22,11.27,1.34,3.3,0,597
7/14/2011 10:00,33067.42,23.89,10.52,1.79,3.37,0,785
7/14/2011 11:00,33067.46,26.11,10.28,1.79,3.77,0,898
7/14/2011 12:00,33067.5,28.33,10.99,1.79,3.47,0,953
7/14/2011 13:00,33067.55,30.56,11.06,1.34,0.45,0,959
7/14/2011 14:00,33067.59,31.11,9.97,0.89,5.03,0,912
7/14/2011 15:00,33067.63,32.22,9.19,0.89,2.97,0,806
7/14/2011 16:00,33067.67,30.56,7.76,1.34,3.72,0,653
7/14/2011 17:00,33067.71,30.56,8.36,0.89,1.64,0,463
7/14/2011 18:00,33067.76,28.89,7.5,0.45,0.98,0,195
7/14/2011 19:00,33067.8,25.56,6.69,0.45,0.96,0,31
7/14/2011 20:00,33067.84,22.22,5.57,0.45,4.49,0,6
7/14/2011 21:00,33067.88,19.44,8.4,0.45,1.48,0,3
7/14/2011 22:00,33067.92,18.89,9.87,0.89,3.79,0,3
7/14/2011 23:00,33067.97,18.33,6.45,0.45,5.08,0,3
7/15/2011 0:00,33068,15.56,8.48,0.89,3.67,0,3
7/15/2011 1:00,33068.04,15,8.65,0.45,0.58,0,3
7/15/2011 2:00,33068.08,13.33,7.71,0.89,4.14,0,3
7/15/2011 3:00,33068.13,13.89,8.25,0.89,4.07,0,3
7/15/2011 4:00,33068.17,13.33,8.34,0.89,3.47,0,3
7/15/2011 5:00,33068.21,12.22,7.88,0.45,4.33,0,5
7/15/2011 6:00,33068.25,14.44,9.62,0.45,2.83,0,56
7/15/2011 7:00,33068.29,16.11,10.38,0.89,3.86,0,242
7/15/2011 8:00,33068.34,20,11.96,0.89,3.96,0,379
7/15/2011 9:00,33068.38,23.89,13.41,0.89,4,0,603
7/15/2011 10:00,33068.42,25,12.22,0.45,3.84,0,789
7/15/2011 11:00,33068.46,27.22,11.27,0.45,1.1,0,903
7/15/2011 12:00,33068.5,30.56,12.96,1.34,2.67,0,962
7/15/2011 13:00,33068.55,30.56,11.06,0.45,2.51,0,961
7/15/2011 14:00,33068.59,30.56,9.49,0.89,4.17,0,913
7/15/2011 15:00,33068.63,30.56,9.49,1.34,4.64,0,807
7/15/2011 16:00,33068.67,31.11,8.84,0.89,3.75,0,653
7/15/2011 17:00,33068.71,30.56,8.36,1.79,3.63,0,463
7/15/2011 18:00,33068.76,30,8.46,0.89,4.68,0,194
7/15/2011 19:00,33068.8,26.11,7.18,0.89,3.7,0,55
7/15/2011 20:00,33068.84,23.33,6.55,0.45,5.83,0,9
7/15/2011 21:00,33068.88,22.22,7.94,0.45,4.01,0,3
7/15/2011 22:00,33068.92,18.89,9.33,0.45,1.2,0,3
7/15/2011 23:00,33068.97,17.22,9.34,1.34,3.87,0,3
7/16/2011 0:00,33069,17.22,9.83,0.45,5.2,0,3
7/16/2011 1:00,33069.04,16.11,9.01,0.45,4.01,0,3
7/16/2011 2:00,33069.08,13.89,7.81,0.89,4.07,0,3
7/16/2011 3:00,33069.13,13.89,8.88,0.45,3.86,0,3
7/16/2011 4:00,33069.17,13.33,8.75,0.89,3.75,0,3
7/16/2011 5:00,33069.21,13.33,9.15,0.45,0.82,0,5
7/16/2011 6:00,33069.25,13.89,9.49,0.89,3.79,0,69
7/16/2011 7:00,33069.29,17.78,12.41,0.45,4.45,0,240
7/16/2011 8:00,33069.34,21.11,13.26,0.45,5.64,0,442
7/16/2011 9:00,33069.38,25,14.14,0.89,4.05,0,633
7/16/2011 10:00,33069.42,26.67,13.05,1.34,3.82,0,791
7/16/2011 11:00,33069.46,28.89,12.76,1.34,3.32,0,905
7/16/2011 12:00,33069.5,28.89,11.03,0.89,3.33,0,963
7/16/2011 13:00,33069.55,31.67,11.52,1.34,2.86,0,964
7/16/2011 14:00,33069.59,32.78,11.41,0.45,1.34,0,914
7/16/2011 15:00,33069.63,32.22,10.37,0.45,3.33,0,807
7/16/2011 16:00,33069.67,32.22,9.79,0.89,3.82,0,653
7/16/2011 17:00,33069.71,32.78,9.66,0.45,4.21,0,467
7/16/2011 18:00,33069.76,30,7.88,0.89,3.58,0,199
7/16/2011 19:00,33069.8,25.56,7.63,1.34,3.94,0,26
7/16/2011 20:00,33069.84,23.89,8.29,0.45,2.22,0,5
7/16/2011 21:00,33069.88,21.67,7.07,0.89,2.72,0,3
7/16/2011 22:00,33069.92,20.56,9.72,0.89,4.38,0,3
7/16/2011 23:00,33069.97,18.33,10.63,0.89,3.94,0,3
7/17/2011 0:00,33070,17.78,10.35,0.45,4.47,0,3
7/17/2011 1:00,33070.04,16.67,10.01,0.89,4.05,0,3
7/17/2011 2:00,33070.08,15.56,9.63,0.89,4.21,0,3
7/17/2011 3:00,33070.13,15.56,10.28,0.89,3.44,0,3
7/17/2011 4:00,33070.17,16.11,11.02,1.34,4.21,0,3
7/17/2011 5:00,33070.21,16.11,11.64,1.34,1.47,0,5
7/17/2011 6:00,33070.25,17.22,12.09,0.89,3.75,0,72
7/17/2011 7:00,33070.29,20,13.65,1.34,4.19,0,246
7/17/2011 8:00,33070.34,23.89,15.37,0.89,1.34,0,443
7/17/2011 9:00,33070.38,26.11,14.55,0.45,2.39,0,629
7/17/2011 10:00,33070.42,27.22,13.91,0.89,3.37,0,787
7/17/2011 11:00,33070.46,29.44,13.26,0.89,3.61,0,902
7/17/2011 12:00,33070.5,31.67,13.48,1.34,3.72,0,960
7/17/2011 13:00,33070.55,32.78,13.01,1.79,3.94,0,964
7/17/2011 14:00,33070.59,32.78,11.96,0.89,3.79,0,916
7/17/2011 15:00,33070.63,33.89,11.81,0.45,4.61,0,809
7/17/2011 16:00,33070.67,34.44,11.69,1.34,3.94,0,656
7/17/2011 17:00,33070.71,35.56,12.03,1.34,3.84,0,471
7/17/2011 18:00,33070.76,32.78,9.66,0.89,3.93,0,204
7/17/2011 19:00,33070.8,28.33,8.11,0.45,3.98,0,23
7/17/2011 20:00,33070.84,25,9.68,0.89,4.31,0,5
7/17/2011 21:00,33070.88,23.89,10.17,1.34,3.72,0,3
7/17/2011 22:00,33070.92,22.22,10.33,0.89,4,0,3
7/17/2011 23:00,33070.97,20,11.18,0.89,3,0,3
7/18/2011 0:00,33071,18.33,10.13,0.89,3.96,0,3
7/18/2011 1:00,33071.04,17.78,10.35,0.45,4.1,0,3
7/18/2011 2:00,33071.08,18.33,11.12,0.45,4.01,0,3
7/18/2011 3:00,33071.13,16.11,9.71,0.45,4.1,0,3
7/18/2011 4:00,33071.17,16.11,10.16,0.45,4.03,0,3
7/18/2011 5:00,33071.21,16.11,10.6,0.45,2.93,0,4
7/18/2011 6:00,33071.25,15.56,9.84,1.34,4.08,0,70
7/18/2011 7:00,33071.29,19.44,12.42,0.45,3.93,0,245
7/18/2011 8:00,33071.34,23.33,13.76,0.89,3.94,0,440
7/18/2011 9:00,33071.38,26.67,14.42,0.89,4.07,0,628
7/18/2011 10:00,33071.42,28.33,14.2,0.89,3.02,0,785
7/18/2011 11:00,33071.46,30.56,14.25,0.45,3,0,898
7/18/2011 12:00,33071.5,31.67,13.02,0.45,4.24,0,960
7/18/2011 13:00,33071.55,35,13.89,0.89,2.9,0,971
7/18/2011 14:00,33071.59,36.67,12.33,0.45,3.68,0,925
7/18/2011 15:00,33071.63,36.11,11.86,0.45,2.69,0,821
7/18/2011 16:00,33071.67,36.11,11.19,1.79,4.05,0,662
7/18/2011 17:00,33071.71,35,10.26,1.79,3.6,0,473
7/18/2011 18:00,33071.76,33.89,10.61,0.45,3.98,0,208
7/18/2011 19:00,33071.8,30,10.58,1.34,4.29,0,23
7/18/2011 20:00,33071.84,25.56,9.37,0.89,4.59,0,5
7/18/2011 21:00,33071.88,25,9.68,0.89,4,0,3
7/18/2011 22:00,33071.92,23.33,11.03,0.89,3.77,0,3
7/18/2011 23:00,33071.97,20.56,11.16,0.45,3.7,0,3
7/19/2011 0:00,33072,19.44,11.43,0.89,3.96,0,3
7/19/2011 1:00,33072.04,18.89,11.89,0.89,4.05,0,3
7/19/2011 2:00,33072.08,17.22,11.22,0.45,4.22,0,3
7/19/2011 3:00,33072.13,17.22,11.44,0.45,3.54,0,3
7/19/2011 4:00,33072.17,15.56,10.28,0.45,1.52,0,3
7/19/2011 5:00,33072.21,15,10.16,0.45,3.74,0,4
7/19/2011 6:00,33072.25,17.22,11.88,0.45,4.03,0,68
7/19/2011 7:00,33072.29,20.56,13.95,0.89,3.44,0,240
7/19/2011 8:00,33072.34,22.78,14.06,0.89,4.57,0,435
7/19/2011 9:00,33072.38,25.56,14.35,0.89,2.98,0,623
7/19/2011 10:00,33072.42,28.33,15.27,0.45,5.93,0,776
7/19/2011 11:00,33072.46,27.22,15.26,2.68,0.38,0,888
7/19/2011 12:00,33072.5,31.67,15.25,1.79,3.91,0,948
7/19/2011 13:00,33072.55,32.78,14.47,2.24,1.54,0,955
7/19/2011 14:00,33072.59,35,14.95,1.79,3.4,0,906
7/19/2011 15:00,33072.63,36.11,14.3,0.45,4.22,0,806
7/19/2011 16:00,33072.67,35,12.76,0.89,3.65,0,654
7/19/2011 17:00,33072.71,33.33,11.89,1.79,3.51,0,468
7/19/2011 18:00,33072.76,32.78,11.96,0.89,3.96,0,212
7/19/2011 19:00,33072.8,28.33,10.99,0.45,4.15,0,22
7/19/2011 20:00,33072.84,26.67,11.57,0.89,4.38,0,5
7/19/2011 21:00,33072.88,23.89,11.21,0.45,5.25,0,3
7/19/2011 22:00,33072.92,23.33,11.99,0,4.07,0,3
7/19/2011 23:00,33072.97,20.56,10.88,0.89,4.5,0,3
7/20/2011 0:00,33073,22.22,12.15,0.89,2.62,0,3
7/20/2011 1:00,33073.04,21.11,11.68,0.89,2.01,0,3
7/20/2011 2:00,33073.08,20.56,11.97,0.89,1.95,0,3
7/20/2011 3:00,33073.13,21.11,13.26,0.45,1.94,0,3
7/20/2011 4:00,33073.17,21.11,13.76,1.79,1.24,0,3
7/20/2011 5:00,33073.21,21.67,14.77,2.68,1.34,0,4
7/20/2011 6:00,33073.25,23.33,15.11,2.24,1.26,0,68
7/20/2011 7:00,33073.29,26.11,15.17,1.79,1.17,0,242
7/20/2011 8:00,33073.34,26.67,13.75,1.34,0.61,0,436
7/20/2011 9:00,33073.38,32.22,17.35,0.45,5.48,0,624
7/20/2011 10:00,33073.42,33.33,16.74,0.89,3.67,0,783
7/20/2011 11:00,33073.46,35,15.46,0.45,4.63,0,899
7/20/2011 12:00,33073.5,36.67,15.34,0.45,4.78,0,960
7/20/2011 13:00,33073.55,36.67,13.6,1.79,4.29,0,965
7/20/2011 14:00,33073.59,37.22,12.8,2.24,3.47,0,910
7/20/2011 15:00,33073.63,36.67,10.97,1.79,4,0,810
7/20/2011 16:00,33073.67,37.78,11.17,1.34,3.8,0,659
7/20/2011 17:00,33073.71,37.78,10.41,0.89,2.62,0,475
7/20/2011 18:00,33073.76,33.89,8.63,0.89,3.89,0,218
7/20/2011 19:00,33073.8,31.11,8.24,1.34,3.63,0,21
7/20/2011 20:00,33073.84,28.33,8.11,0.45,3.82,0,4
7/20/2011 21:00,33073.88,26.11,6.69,0.45,4.59,0,2
7/20/2011 22:00,33073.92,27.22,6.61,0.89,6,0,3
7/20/2011 23:00,33073.97,23.33,12.6,0.89,4.12,0,3
7/21/2011 0:00,33074,22.78,6.89,0.89,1.55,0,3
7/21/2011 1:00,33074.04,23.89,11.54,0.89,1.31,0,3
7/21/2011 2:00,33074.08,21.67,8.84,1.34,1.54,0,3
7/21/2011 3:00,33074.13,21.67,11.92,1.34,1.31,0,3
7/21/2011 4:00,33074.17,21.11,11.95,1.34,1.59,0,3
7/21/2011 5:00,33074.21,21.11,11.95,1.79,1.54,0,4
7/21/2011 6:00,33074.25,23.89,14.83,2.24,1.05,0,68
7/21/2011 7:00,33074.29,26.11,14.23,2.24,1.12,0,248
7/21/2011 8:00,33074.34,27.78,15.44,1.34,0.93,0,445
7/21/2011 9:00,33074.38,33.33,14.48,1.34,3.25,0,634
7/21/2011 10:00,33074.42,35,13.89,1.34,4.21,0,793
7/21/2011 11:00,33074.46,35.56,12.64,0.89,3.47,0,904
7/21/2011 12:00,33074.5,36.67,11.66,0.45,3.6,0,973
7/21/2011 13:00,33074.55,37.78,11.17,1.34,4.03,0,973
7/21/2011 14:00,33074.59,38.33,10.87,0.89,3.4,0,916
7/21/2011 15:00,33074.63,37.78,7.89,1.34,3.93,0,812
7/21/2011 16:00,33074.67,38.89,7.85,1.34,3.93,0,660
7/21/2011 17:00,33074.71,37.22,5.52,1.79,4.05,0,472
7/21/2011 18:00,33074.76,35.56,5.15,0.89,5.62,0,213
7/21/2011 19:00,33074.8,31.11,6.97,0.45,3.49,0,23
7/21/2011 20:00,33074.84,28.33,5.26,0.45,3.49,0,5
7/21/2011 21:00,33074.88,26.67,5.03,0.45,4.28,0,2
7/21/2011 22:00,33074.92,25.56,4.08,0.45,3.67,0,3
7/21/2011 23:00,33074.97,25,12.22,0.45,2.9,0,3
7/22/2011 0:00,33075,22.22,6.4,2.24,1.88,0,3
7/22/2011 1:00,33075.04,23.33,11.67,1.79,1.1,0,3
7/22/2011 2:00,33075.08,23.33,11.67,0.89,3.93,0,3
7/22/2011 3:00,33075.13,22.78,9.51,0.45,3.02,0,3
7/22/2011 4:00,33075.17,22.78,12.96,1.34,1.45,0,3
7/22/2011 5:00,33075.21,22.22,13.27,2.24,1.15,0,4
7/22/2011 6:00,33075.25,23.89,13.41,1.79,1.17,0,64
7/22/2011 7:00,33075.29,26.67,13.4,0.89,3.53,0,236
7/22/2011 8:00,33075.34,28.89,13.17,0.89,3.86,0,432
7/22/2011 9:00,33075.38,30,12.01,1.34,3.7,0,620
7/22/2011 10:00,33075.42,31.11,11.55,1.34,3.44,0,777
7/22/2011 11:00,33075.46,34.44,12.86,0.89,3.74,0,887
7/22/2011 12:00,33075.5,36.11,12.5,0.89,3.25,0,946
7/22/2011 13:00,33075.55,37.78,11.9,0.45,3.67,0,952
7/22/2011 14:00,33075.59,37.22,9.95,0.45,0.14,0,906
7/22/2011 15:00,33075.63,37.78,9.61,0.45,4.61,0,800
7/22/2011 16:00,33075.67,36.67,8.69,1.34,4.1,0,642
7/22/2011 17:00,33075.71,35,8.1,1.79,4.07,0,456
7/22/2011 18:00,33075.76,35,9.57,0.45,3.14,0,206
7/22/2011 19:00,33075.8,31.11,9.42,0.45,4.24,0,25
7/22/2011 20:00,33075.84,28.89,10.57,0.45,3.39,0,4
7/22/2011 21:00,33075.88,27.22,9.56,0.45,4.08,0,2
7/22/2011 22:00,33075.92,26.11,11.45,0.45,4.28,0,3
7/22/2011 23:00,33075.97,23.89,6.17,0.45,5.52,0,3
7/23/2011 0:00,33076,22.78,13.51,0.89,1.87,0,3
7/23/2011 1:00,33076.04,22.78,14.06,1.34,1.38,0,3
7/23/2011 2:00,33076.08,22.22,13.8,0.89,3.84,0,3
7/23/2011 3:00,33076.13,22.22,12.44,0.89,4.36,0,3
7/23/2011 4:00,33076.17,21.11,12.75,0.45,1.48,0,3
7/23/2011 5:00,33076.21,21.67,14.29,1.79,1.13,0,4
7/23/2011 6:00,33076.25,23.89,15.63,1.79,0.82,0,54
7/23/2011 7:00,33076.29,28.33,16.92,0.89,1.59,0,220
7/23/2011 8:00,33076.34,27.78,14.06,0.89,4.28,0,422
7/23/2011 9:00,33076.38,28.89,13.95,0.89,3.26,0,608
7/23/2011 10:00,33076.42,29.44,11.52,1.79,3.65,0,770
7/23/2011 11:00,33076.46,33.89,13.98,0.45,4.29,0,884
7/23/2011 12:00,33076.5,35.56,13.82,0.89,1.34,0,942
7/23/2011 13:00,33076.55,38.33,14.4,0.45,2.91,0,955
7/23/2011 14:00,33076.59,38.33,13.07,0.45,2.5,0,900
7/23/2011 15:00,33076.63,39.44,12.56,1.79,4.19,0,790
7/23/2011 16:00,33076.67,41.67,13.64,0.45,4.1,0,638
7/23/2011 17:00,33076.71,38.89,11.33,0.45,3.96,0,452
7/23/2011 18:00,33076.76,36.11,10.5,1.34,3.89,0,206
7/23/2011 19:00,33076.8,31.67,11,0.45,4.69,0,27
7/23/2011 20:00,33076.84,30,11.55,0.45,3.21,0,5
7/23/2011 21:00,33076.88,26.67,12.32,0.45,0.31,0,2
7/23/2011 22:00,33076.92,25,12.56,0.45,3.87,0,3
7/23/2011 23:00,33076.97,23.33,12.6,0,5.5,0,3
7/24/2011 0:00,33077,22.78,12.38,0.45,3.8,0,3
7/24/2011 1:00,33077.04,21.11,11.4,0.45,3.11,0,3
7/24/2011 2:00,33077.08,20,11.18,0.45,4.92,0,3
7/24/2011 3:00,33077.13,20,11.44,0.45,3.26,0,3
7/24/2011 4:00,33077.17,20.56,12.48,0.45,3.47,0,3
7/24/2011 5:00,33077.21,18.89,11.41,0.89,4.17,0,3
7/24/2011 6:00,33077.25,21.67,13.27,0.45,3.94,0,56
7/24/2011 7:00,33077.29,25,15.6,0.45,4.19,0,221
7/24/2011 8:00,33077.34,27.22,15.58,0.45,4.31,0,417
7/24/2011 9:00,33077.38,28.89,13.17,0.89,4.14,0,605
7/24/2011 10:00,33077.42,30,14.17,0.89,4.21,0,765
7/24/2011 11:00,33077.46,32.78,14.47,1.34,3.04,0,884
7/24/2011 12:00,33077.5,33.89,14.48,0.45,3.7,0,946
7/24/2011 13:00,33077.55,36.11,14.3,0.89,4.73,0,957
7/24/2011 14:00,33077.59,37.22,13.45,0.89,3.74,0,910
7/24/2011 15:00,33077.63,38.33,13.75,1.34,3.98,0,807
7/24/2011 16:00,33077.67,38.89,13.54,0.89,4.07,0,656
7/24/2011 17:00,33077.71,37.78,12.6,0.89,4.1,0,466
7/24/2011 18:00,33077.76,34.44,12.28,0.45,6.14,0,211
7/24/2011 19:00,33077.8,32.22,12.52,0.89,4.17,0,22
7/24/2011 20:00,33077.84,27.78,11.35,0.45,4.73,0,4
7/24/2011 21:00,33077.88,26.67,12.32,0.89,4.12,0,2
7/24/2011 22:00,33077.92,25,11.18,0.45,5.46,0,3
7/24/2011 23:00,33077.97,24.44,13.32,0.89,4.05,0,3
7/25/2011 0:00,33078,21.67,11.35,1.34,3.49,0,3
7/25/2011 1:00,33078.04,19.44,10.39,1.34,4.21,0,3
7/25/2011 2:00,33078.08,20,11.7,0.45,1.97,0,3
7/25/2011 3:00,33078.13,20,11.7,0.89,3.87,0,3
7/25/2011 4:00,33078.17,18.33,10.63,0.89,4.26,0,3
7/25/2011 5:00,33078.21,17.78,10.35,0.89,4.08,0,4
7/25/2011 6:00,33078.25,17.78,10.11,0.89,4.26,0,59
7/25/2011 7:00,33078.29,22.22,12.15,0.89,4.03,0,231
7/25/2011 8:00,33078.34,25.56,14.35,0.89,3.86,0,424
7/25/2011 9:00,33078.38,27.78,14.42,2.68,3.87,0,611
7/25/2011 10:00,33078.42,29.44,14.46,0.45,3.09,0,769
7/25/2011 11:00,33078.46,32.78,14.93,0.89,3.72,0,885
7/25/2011 12:00,33078.5,33.89,14.48,0.89,3.75,0,948
7/25/2011 13:00,33078.55,35.56,13.82,1.34,1.2,0,954
7/25/2011 14:00,33078.59,37.22,12.8,0.89,2.71,0,908
7/25/2011 15:00,33078.63,37.22,10.71,1.34,3.16,0,804
7/25/2011 16:00,33078.67,36.67,7.86,0.89,4.78,0,652
7/25/2011 17:00,33078.71,36.67,8.69,1.34,4.14,0,464
7/25/2011 18:00,33078.76,33.89,7.18,1.34,4.61,0,210
7/25/2011 19:00,33078.8,31.11,6.97,0.89,5.86,0,21
7/25/2011 20:00,33078.84,26.67,5.03,0.89,4.87,0,4
7/25/2011 21:00,33078.88,25.56,6.2,0.89,3.87,0,3
7/25/2011 22:00,33078.92,23.89,5.24,0.45,4.96,0,3
7/25/2011 23:00,33078.97,22.78,11.16,0.45,3.65,0,3
7/26/2011 0:00,33079,21.11,6.19,1.34,4.1,0,3
7/26/2011 1:00,33079.04,20,6.29,1.34,3.63,0,3
7/26/2011 2:00,33079.08,20.56,6.79,0.45,3.56,0,3
7/26/2011 3:00,33079.13,20,6.64,1.34,3.77,0,3
7/26/2011 4:00,33079.17,18.89,6.63,0.89,4.17,0,3
7/26/2011 5:00,33079.21,18.33,7.07,0.89,1.43,0,3
7/26/2011 6:00,33079.25,22.22,12.15,1.34,0.91,0,59
7/26/2011 7:00,33079.29,23.33,11.03,1.34,4.17,0,231
7/26/2011 8:00,33079.34,26.11,12.54,0.89,4.01,0,426
7/26/2011 9:00,33079.38,29.44,12.84,0.45,3.65,0,615
7/26/2011 10:00,33079.42,29.44,11.97,2.24,3.77,0,776
7/26/2011 11:00,33079.46,31.67,11.52,1.34,2.84,0,894
7/26/2011 12:00,33079.5,34.44,12.28,0.89,5.36,0,958
7/26/2011 13:00,33079.55,36.11,11.86,0.45,4.38,0,965
7/26/2011 14:00,33079.59,36.67,10.24,1.34,4.4,0,917
7/26/2011 15:00,33079.63,37.22,9.15,2.24,4.01,0,813
7/26/2011 16:00,33079.67,38.33,8.34,1.34,4.36,0,658
7/26/2011 17:00,33079.71,36.11,6.53,0.89,3.89,0,468
7/26/2011 18:00,33079.76,35,7.31,0.45,4.07,0,211
7/26/2011 19:00,33079.8,31.11,7.62,0.45,4.52,0,21
7/26/2011 20:00,33079.84,27.78,7.09,0.45,3.54,0,4
7/26/2011 21:00,33079.88,26.11,4.55,0,2.83,0,2
7/26/2011 22:00,33079.92,26.11,6.69,1.79,6.06,0,3
7/26/2011 23:00,33079.97,22.22,5.14,0.89,4.12,0,3
7/27/2011 0:00,33080,23.89,8.68,0.89,1.94,0,3
7/27/2011 1:00,33080.04,22.78,7.68,0.89,1.55,0,3
7/27/2011 2:00,33080.08,23.89,12.19,2.24,1.22,0,3
7/27/2011 3:00,33080.13,23.33,11.03,0.45,3.42,0,3
7/27/2011 4:00,33080.17,21.67,8.5,0.89,0.89,0,3
7/27/2011 5:00,33080.21,21.67,10.75,0.89,1.48,0,3
7/27/2011 6:00,33080.25,23.33,12.6,1.34,1.29,0,46
7/27/2011 7:00,33080.29,26.67,13.75,0.45,1.27,0,221
7/27/2011 8:00,33080.34,28.89,11.92,0.89,4.22,0,423
7/27/2011 9:00,33080.38,30.56,12.5,2.24,3.35,0,614
7/27/2011 10:00,33080.42,32.22,12.52,0.89,3.58,0,776
7/27/2011 11:00,33080.46,33.89,12.37,0.45,1.34,0,898
7/27/2011 12:00,33080.5,35.56,11.39,0.89,3.77,0,959
7/27/2011 13:00,33080.55,38.89,8.79,0.89,3.96,0,978
7/27/2011 14:00,33080.59,39.44,10.14,1.34,4.05,0,920
7/27/2011 15:00,33080.63,38.89,7.85,0.45,3.21,0.08,810
7/27/2011 16:00,33080.67,38.89,7.85,1.34,3.67,0.15,654
7/27/2011 17:00,33080.71,38.33,7.4,0.89,2.22,0.23,462
7/27/2011 18:00,33080.76,35.56,6.07,0.45,4.24,0.31,203
7/27/2011 19:00,33080.8,31.67,8.09,1.79,4.31,0.39,22
7/27/2011 20:00,33080.84,28.89,6.34,0.45,0.84,0.46,4
7/27/2011 21:00,33080.88,27.78,4.79,0,2.65,0.54,2
7/27/2011 22:00,33080.92,26.67,5.03,0.45,3.63,0.62,2
7/27/2011 23:00,33080.97,26.11,12.54,1.34,0.77,0,3
7/28/2011 0:00,33081,25.56,11.32,0.45,2.08,0.77,3
7/28/2011 1:00,33081.04,24.44,11.03,0.89,1.75,0.85,3
7/28/2011 2:00,33081.08,23.89,10.87,1.79,1.22,0.93,3
7/28/2011 3:00,33081.13,23.33,10.36,0.45,3.53,1.01,3
7/28/2011 4:00,33081.17,21.67,7.8,0.89,3.8,1.08,3
7/28/2011 5:00,33081.21,22.22,11.27,1.34,1.64,1.16,3
7/28/2011 6:00,33081.25,23.89,13.41,1.79,1.1,1.24,38
7/28/2011 7:00,33081.29,26.11,13.24,0.45,0.82,1.32,205
7/28/2011 8:00,33081.34,31.11,15.57,0.45,4.17,1.39,413
7/28/2011 9:00,33081.38,30.56,12.5,0.89,4.56,1.47,574
7/28/2011 10:00,33081.42,32.22,12.52,1.34,3.46,1.55,754
7/28/2011 11:00,33081.46,33.89,12.93,0.89,3.89,1.62,861
7/28/2011 12:00,33081.5,35.56,12.64,0.89,5.25,1.7,904
7/28/2011 13:00,33081.55,37.78,13.28,0.89,4.08,0,900
7/28/2011 14:00,33081.59,35.56,9.31,1.34,3.94,0,841
7/28/2011 15:00,33081.63,38.89,12.1,0.45,3.61,0.07,748
7/28/2011 16:00,33081.67,38.89,11.33,0.89,3.72,0.15,601
7/28/2011 17:00,33081.71,37.78,10.41,1.79,3.72,0.22,434
7/28/2011 18:00,33081.76,34.44,9.79,2.24,3.72,0.29,187
7/28/2011 19:00,33081.8,32.78,9.66,1.34,3.44,0.36,40
7/28/2011 20:00,33081.84,30,10.58,0.45,3.58,0.44,4
7/28/2011 21:00,33081.88,28.33,10.99,0.89,5.29,0.51,2
7/28/2011 22:00,33081.92,27.22,10.44,1.79,4.26,0.58,2
7/28/2011 23:00,33081.97,27.22,9.1,0.89,1.4,0.7,2
7/29/2011 0:00,33082,25,9.68,0.89,4.1,0.73,2
7/29/2011 1:00,33082.04,25,10.44,0.45,3.87,0.8,3
7/29/2011 2:00,33082.08,25,10.82,1.34,1.5,0.87,3
7/29/2011 3:00,33082.13,24.44,14.22,1.34,1.29,0.95,3
7/29/2011 4:00,33082.17,23.89,13.41,0.89,0.72,1.02,3
7/29/2011 5:00,33082.21,23.33,13.47,0.45,2.39,1.09,3
7/29/2011 6:00,33082.25,25,14.74,1.79,1.34,1.17,44
7/29/2011 7:00,33082.29,25,14.44,0.89,3.58,1.24,194
7/29/2011 8:00,33082.34,28.89,14.71,0.89,3.26,1.31,382
7/29/2011 9:00,33082.38,31.11,14.33,1.34,3.86,1.38,572
7/29/2011 10:00,33082.42,33.89,14.97,0.45,5.67,1.46,728
7/29/2011 11:00,33082.46,33.89,13.46,0.89,3.86,1.53,838
7/29/2011 12:00,33082.5,36.11,13.12,0.45,2.81,1.6,905
7/29/2011 13:00,33082.55,37.78,13.28,0.45,1.08,0,915
7/29/2011 14:00,33082.59,38.33,12.37,0.89,4.05,0,866
7/29/2011 15:00,33082.63,38.33,12.37,0.45,5.81,0.11,760
7/29/2011 16:00,33082.67,40.56,14.24,1.79,4.03,0.22,605
7/29/2011 17:00,33082.71,39.44,12.56,0.45,3.33,0.34,425
7/29/2011 18:00,33082.76,35.56,10.03,1.34,4.52,0.45,185
7/29/2011 19:00,33082.8,32.78,10.26,0.45,4.01,0.56,23
7/29/2011 20:00,33082.84,30,11.07,0.45,2.67,0.67,4
7/29/2011 21:00,33082.88,28.89,12.34,1.34,4.85,0.78,2
7/29/2011 22:00,33082.92,26.67,11.95,0.45,1.82,0.9,2
7/29/2011 23:00,33082.97,26.67,9.94,0.45,4.05,0.66,3
7/30/2011 0:00,33083,23.89,12.5,0.89,3.8,1.12,3
7/30/2011 1:00,33083.04,24.44,13.01,0.45,3.74,1.23,3
7/30/2011 2:00,33083.08,23.33,13.76,0.89,3.46,1.34,3
7/30/2011 3:00,33083.13,21.67,13.27,0.89,4.03,1.46,3
7/30/2011 4:00,33083.17,20.56,12.48,0.45,6.21,1.57,3
7/30/2011 5:00,33083.21,20.56,12.48,0.89,4,1.68,3
7/30/2011 6:00,33083.25,20,12.95,0.89,3.47,1.79,19
7/30/2011 7:00,33083.29,24.44,15.89,0.45,3.72,1.91,150
7/30/2011 8:00,33083.34,26.67,15.69,0.89,4.22,2.02,306
7/30/2011 9:00,33083.38,30,16.8,0.89,5.67,2.13,474
7/30/2011 10:00,33083.42,28.33,16.28,1.79,0.77,2.24,610
7/30/2011 11:00,33083.46,35,16.9,1.34,4.12,2.35,841
7/30/2011 12:00,33083.5,35,14.43,0.45,3.96,2.47,883
7/30/2011 13:00,33083.55,38.33,15.02,1.79,4.14,0,902
7/30/2011 14:00,33083.59,38.89,13.54,0.89,3,0,855
7/30/2011 15:00,33083.63,38.89,12.84,1.34,3.49,0.23,752
7/30/2011 16:00,33083.67,38.89,14.87,0.89,3.96,0.46,598
7/30/2011 17:00,33083.71,37.78,15.15,0.89,3.98,0.69,417
7/30/2011 18:00,33083.76,35,14.43,1.34,3.7,0.92,183
7/30/2011 19:00,33083.8,31.67,13.48,0.89,3.91,1.16,36
7/30/2011 20:00,33083.84,29.44,13.26,0.45,3.75,1.39,4
7/30/2011 21:00,33083.88,27.22,13.19,0.45,3.74,1.62,2
7/30/2011 22:00,33083.92,26.67,14.09,0.45,4.14,1.85,3
7/30/2011 23:00,33083.97,25,12.22,0.45,3.54,1.01,3
7/31/2011 0:00,33084,25,13.53,0.89,3.58,2.31,3
7/31/2011 1:00,33084.04,23.33,12.89,0.45,5.29,2.54,3
7/31/2011 2:00,33084.08,23.33,13.76,0.45,4.64,2.77,3
7/31/2011 3:00,33084.13,22.22,12.99,0.89,4.14,3,3
7/31/2011 4:00,33084.17,21.67,13.01,0.45,3.98,3.24,3
7/31/2011 5:00,33084.21,20,11.7,0.45,4.15,3.47,3
7/31/2011 6:00,33084.25,21.11,12.75,0.45,3.93,3.7,23
7/31/2011 7:00,33084.29,21.67,12.74,0.45,5.1,3.93,102
7/31/2011 8:00,33084.34,25.56,14.96,0.89,0.54,4.16,239
7/31/2011 9:00,33084.38,22.22,13.27,0.89,4.03,4.39,73
7/31/2011 10:00,33084.42,25,16.94,1.79,1.45,4.62,227
7/31/2011 11:00,33084.46,30.56,19.61,3.13,1.34,4.85,642
7/31/2011 12:00,33084.5,31.11,18.16,1.79,1.19,5.08,764
7/31/2011 13:00,33084.55,34.44,18.15,2.68,1.5,4.19,769
7/31/2011 14:00,33084.59,40,20.85,1.34,5.81,0,870
7/31/2011 15:00,33084.63,38.33,17.86,0.89,3.63,0.17,737
7/31/2011 16:00,33084.67,38.33,17.33,2.68,3.35,0.34,530
7/31/2011 17:00,33084.71,38.33,15.02,1.79,3.94,0.5,412
7/31/2011 18:00,33084.76,35.56,13.82,0.89,4.68,0.67,164
7/31/2011 19:00,33084.8,32.78,13.01,0.45,3.68,0.84,26
7/31/2011 20:00,33084.84,29.44,15.58,0.45,3.53,1.01,4
7/31/2011 21:00,33084.88,28.89,15.78,0.45,1.62,1.17,2
7/31/2011 22:00,33084.92,28.89,16.46,0.89,1.87,1.34,2
7/31/2011 23:00,33084.97,25,13.21,0.45,4.15,2.08,3
8/1/2011 0:00,33085,25,15.6,0.89,3.8,1.68,3
8/1/2011 1:00,33085.04,21.67,13.01,0.45,3.37,1.84,3
8/1/2011 2:00,33085.08,21.11,13.01,1.34,4.12,2.01,3
8/1/2011 3:00,33085.13,20,12.46,1.34,4.19,2.18,3
8/1/2011 4:00,33085.17,19.44,12.89,0.45,3.89,2.35,3
8/1/2011 5:00,33085.21,18.89,12.59,0.45,5.67,2.52,3
8/1/2011 6:00,33085.25,19.44,12.66,0.89,3.68,2.68,27
8/1/2011 7:00,33085.29,19.44,13.12,1.34,3.63,2.85,116
8/1/2011 8:00,33085.34,25,15.87,1.34,3.79,3.02,384
8/1/2011 9:00,33085.38,29.44,16.97,2.24,4.15,3.19,583
8/1/2011 10:00,33085.42,32.22,16.57,0.89,1.95,3.35,738
8/1/2011 11:00,33085.46,33.89,15.91,0.89,2.57,3.52,846
8/1/2011 12:00,33085.5,36.67,15.88,0.89,3.89,3.69,836
8/1/2011 13:00,33085.55,36.11,14.3,0.89,2.9,5.62,689
8/1/2011 14:00,33085.59,38.89,14.22,1.79,5.41,0,917
8/1/2011 15:00,33085.63,40,15.16,0.89,3.63,0,772
8/1/2011 16:00,33085.67,40.56,15.63,1.34,4.54,0,613
8/1/2011 17:00,33085.71,39.44,14.01,0.45,3.33,0,439
8/1/2011 18:00,33085.76,37.78,10.41,0.89,3.75,0,188
8/1/2011 19:00,33085.8,33.33,13.49,0.89,3.89,0,19
8/1/2011 20:00,33085.84,30,14.57,0.45,3.94,0,3
8/1/2011 21:00,33085.88,27.22,13.91,1.34,4.12,0,2
8/1/2011 22:00,33085.92,26.11,14.23,0.89,5.43,0,2
8/1/2011 23:00,33085.97,25.56,15.55,0.45,3.91,1.51,2
8/2/2011 0:00,33086,23.89,13.99,0.45,3.93,0,3
8/2/2011 1:00,33086.04,21.67,13.01,1.34,4.14,0,3
8/2/2011 2:00,33086.08,22.78,15.34,0.89,1.31,0,3
8/2/2011 3:00,33086.13,20.56,13.23,1.34,3.79,0,3
8/2/2011 4:00,33086.17,21.11,14,0.45,1.87,0,3
8/2/2011 5:00,33086.21,18.89,12.13,1.79,4.12,0,3
8/2/2011 6:00,33086.25,20.56,13.95,0.89,3.61,0,46
8/2/2011 7:00,33086.29,22.22,14.57,0.89,4.17,0,214
8/2/2011 8:00,33086.34,26.67,15.69,0.45,3.7,0,409
8/2/2011 9:00,33086.38,30,14.17,1.79,3.35,0,599
8/2/2011 10:00,33086.42,34.44,14.46,1.34,4.68,0,761
8/2/2011 11:00,33086.46,33.33,13.99,0.89,4.08,0,874
8/2/2011 12:00,33086.5,35,13.89,0.89,3.89,0,935
8/2/2011 13:00,33086.55,36.67,12.98,0.45,4.35,0,939
8/2/2011 14:00,33086.59,39.44,10.14,0.89,2.34,0,896
8/2/2011 15:00,33086.63,40,8.75,0.45,4.12,0,787
8/2/2011 16:00,33086.67,40,8.75,0.89,4.29,0,631
8/2/2011 17:00,33086.71,41.67,11.06,0.89,4.15,0,445
8/2/2011 18:00,33086.76,38.89,7.85,0.45,1.45,0,186
8/2/2011 19:00,33086.8,33.89,7.18,0.45,3.8,0,18
8/2/2011 20:00,33086.84,31.11,6.97,0.45,5.72,0,3
8/2/2011 21:00,33086.88,28.33,6.46,1.34,3.84,0,2
8/2/2011 22:00,33086.92,26.67,7.66,1.79,1.5,0,2
8/2/2011 23:00,33086.97,25,14.44,1.34,1.57,0,3
8/3/2011 0:00,33087,25.56,12.73,1.34,1.31,0,3
8/3/2011 1:00,33087.04,23.89,10.17,0.89,4.19,0,3
8/3/2011 2:00,33087.08,24.44,9.57,0.89,3.58,0,3
8/3/2011 3:00,33087.13,23.33,10.02,0.89,4.73,0,3
8/3/2011 4:00,33087.17,22.22,10.01,0.45,5.65,0,3
8/3/2011 5:00,33087.21,22.78,13.24,0.45,1.83,0,3
8/3/2011 6:00,33087.25,24.44,15.08,0.89,1.75,0,48
8/3/2011 7:00,33087.29,27.78,13.33,0.89,1.47,0,216
8/3/2011 8:00,33087.34,26.67,13.75,0.89,4.15,0,410
8/3/2011 9:00,33087.38,30,13.76,1.34,3.93,0,600
8/3/2011 10:00,33087.42,32.78,14.93,1.34,3.79,0,759
8/3/2011 11:00,33087.46,35.56,14.37,0.45,3.75,0,878
8/3/2011 12:00,33087.5,36.11,12.5,0.89,3.75,0,939
8/3/2011 13:00,33087.55,38.33,12.37,0.45,3.46,0,947
8/3/2011 14:00,33087.59,37.78,11.17,0.45,3.46,0,897
8/3/2011 15:00,33087.63,39.44,9.25,0.45,3.37,0,795
8/3/2011 16:00,33087.67,38.89,8.79,0.45,1.75,0,640
8/3/2011 17:00,33087.71,37.78,5.97,0.89,3.74,0,444
8/3/2011 18:00,33087.76,35.56,10.73,0.89,3.94,0,187
8/3/2011 19:00,33087.8,30,10.07,0.45,2.62,0,21
8/3/2011 20:00,33087.84,27.22,8.63,0.45,3.51,0,3
8/3/2011 21:00,33087.88,23.89,7.88,1.34,3.68,0,2
8/3/2011 22:00,33087.92,22.78,9.16,0.89,4.42,0,3
8/3/2011 23:00,33087.97,27.22,11.27,0.89,0.61,0,3
8/4/2011 0:00,33088,18.33,8.81,0.45,4.42,0,3
8/4/2011 1:00,33088.04,17.78,9.86,0.89,4.14,0,3
8/4/2011 2:00,33088.08,16.67,9.54,0.45,3.65,0,3
8/4/2011 3:00,33088.13,16.67,10.47,0.89,3.86,0,3
8/4/2011 4:00,33088.17,16.11,10.38,1.34,4.26,0,3
8/4/2011 5:00,33088.21,16.67,10.91,0.45,3.91,0,3
8/4/2011 6:00,33088.25,16.11,10.6,0.89,3.75,0,43
8/4/2011 7:00,33088.29,18.33,11.83,0.89,3.89,0,207
8/4/2011 8:00,33088.34,22.22,13.27,0.89,4.17,0,405
8/4/2011 9:00,33088.38,25.56,12.39,0.89,3.89,0,596
8/4/2011 10:00,33088.42,27.78,11.77,0.89,4.28,0,757
8/4/2011 11:00,33088.46,30.56,12.96,1.34,3.23,0,871
8/4/2011 12:00,33088.5,33.89,12.93,0.89,5.15,0,938
8/4/2011 13:00,33088.55,34.44,11.69,0.45,3.23,0,945
8/4/2011 14:00,33088.59,34.44,10.45,0.89,4.07,0,895
8/4/2011 15:00,33088.63,36.11,9.78,0.89,4.52,0,788
8/4/2011 16:00,33088.67,36.11,8.23,1.79,3.56,0,630
8/4/2011 17:00,33088.71,34.44,6.85,1.34,3.75,0,442
8/4/2011 18:00,33088.76,31.67,8.71,1.79,3.96,0,190
8/4/2011 19:00,33088.8,29.44,7.98,0.89,4.43,0,19
8/4/2011 20:00,33088.84,26.67,7.66,0.45,3.04,0,3
8/4/2011 21:00,33088.88,24.44,7.54,0.45,4.28,0,3
8/4/2011 22:00,33088.92,21.67,7.8,0.45,5.29,0,3
8/4/2011 23:00,33088.97,20,8.6,0.89,3.93,0,3
8/5/2011 0:00,33089,18.89,10.4,1.34,4.07,0,3
8/5/2011 1:00,33089.04,18.89,11.41,0.45,3.93,0,3
8/5/2011 2:00,33089.08,18.33,11.6,0.89,4.29,0,3
8/5/2011 3:00,33089.13,17.22,11,0.89,4.03,0,3
8/5/2011 4:00,33089.17,17.78,10.83,0.89,3.91,0,3
8/5/2011 5:00,33089.21,18.89,11.41,0.89,4,0,3
8/5/2011 6:00,33089.25,21.11,13.76,0.45,3.61,0,44
8/5/2011 7:00,33089.29,18.89,11.89,0.89,3.89,0,207
8/5/2011 8:00,33089.34,24.44,14.51,1.34,4.36,0,399
8/5/2011 9:00,33089.38,26.67,13.75,1.79,3.7,0,587
8/5/2011 10:00,33089.42,30.56,14.66,1.79,4.21,0,749
8/5/2011 11:00,33089.46,32.22,13.98,2.24,3.44,0,863
8/5/2011 12:00,33089.5,34.44,13.41,0.45,0.56,0,927
8/5/2011 13:00,33089.55,35,12.76,0.89,4.08,0,936
8/5/2011 14:00,33089.59,35.56,11.39,0.45,2.53,0,881
8/5/2011 15:00,33089.63,37.22,10.71,1.79,4.45,0,777
8/5/2011 16:00,33089.67,36.67,10.24,2.24,4.15,0,618
8/5/2011 17:00,33089.71,36.11,9.02,0.45,5.78,0,429
8/5/2011 18:00,33089.76,33.33,7.46,0.89,3.79,0,188
8/5/2011 19:00,33089.8,30,9.55,0.89,3.47,0,20
8/5/2011 20:00,33089.84,26.67,8.61,0.45,4.15,0,3
8/5/2011 21:00,33089.88,25.56,10.18,0.89,5.93,0,2
8/5/2011 22:00,33089.92,26.11,9.87,1.34,4.24,0,3
8/5/2011 23:00,33089.97,20.56,9.12,0.45,3.74,0,3
8/6/2011 0:00,33090,22.78,8.8,0.45,4.05,0,3
8/6/2011 1:00,33090.04,21.11,8.99,0.89,3.72,0,3
8/6/2011 2:00,33090.08,21.11,10.54,0.89,2.16,0,3
8/6/2011 3:00,33090.13,22.78,13.51,2.24,1.36,0,3
8/6/2011 4:00,33090.17,22.78,13.51,2.68,1.13,0,3
8/6/2011 5:00,33090.21,22.22,12.72,1.34,1.87,0,3
8/6/2011 6:00,33090.25,20.56,10.88,0.45,3.72,0,42
8/6/2011 7:00,33090.29,25.56,14.35,0.89,0.56,0,205
8/6/2011 8:00,33090.34,27.78,15.44,0.89,0.49,0,401
8/6/2011 9:00,33090.38,31.67,14.39,0.89,4.08,0,592
8/6/2011 10:00,33090.42,33.89,13.98,0.45,1.27,0,755
8/6/2011 11:00,33090.46,34.44,12.86,0.89,4.05,0,868
8/6/2011 12:00,33090.5,36.11,13.12,0.89,3.51,0,927
8/6/2011 13:00,33090.55,36.11,11.19,0.45,3.58,0,938
8/6/2011 14:00,33090.59,36.67,11.66,0.89,2.64,0,884
8/6/2011 15:00,33090.63,37.78,11.17,1.34,4.15,0,770
8/6/2011 16:00,33090.67,37.78,9.61,0.45,2.09,0,614
8/6/2011 17:00,33090.71,37.22,8.31,0.45,4.08,0,426
8/6/2011 18:00,33090.76,34.44,9.1,0.45,3.7,0,192
8/6/2011 19:00,33090.8,29.44,8.53,0.45,6.2,0,20
8/6/2011 20:00,33090.84,27.22,7.65,0.45,2.83,0,3
8/6/2011 21:00,33090.88,26.11,5.65,0.45,2.51,0,2
8/6/2011 22:00,33090.92,25,6.68,0.89,3.21,0,3
8/6/2011 23:00,33090.97,24.44,9.94,0.89,3.61,0,3
8/7/2011 0:00,33091,20,8.91,0.89,4.14,0,3
8/7/2011 1:00,33091.04,20.56,9.72,0.89,3.79,0,3
8/7/2011 2:00,33091.08,20,10.36,0.89,6.2,0,3
8/7/2011 3:00,33091.13,21.67,13.53,0.45,1.75,0,3
8/7/2011 4:00,33091.17,21.11,11.95,0.45,0.28,0,3
8/7/2011 5:00,33091.21,19.44,10.12,1.34,3.8,0,3
8/7/2011 6:00,33091.25,21.11,10.83,0.45,3.96,0,40
8/7/2011 7:00,33091.29,23.89,13.41,0.45,4.28,0,208
8/7/2011 8:00,33091.34,25.56,13.72,0.45,4.14,0,402
8/7/2011 9:00,33091.38,28.89,13.17,0.89,3.14,0,591
8/7/2011 10:00,33091.42,30.56,13.4,0.89,4.14,0,751
8/7/2011 11:00,33091.46,32.78,13.01,0.45,6.16,0,869
8/7/2011 12:00,33091.5,35.56,13.24,0.89,3.37,0,933
8/7/2011 13:00,33091.55,35.56,12.03,2.24,3.7,0,937
8/7/2011 14:00,33091.59,36.11,10.5,0.89,4.22,0,885
8/7/2011 15:00,33091.63,37.78,11.17,0.45,3.42,0,777
8/7/2011 16:00,33091.67,36.67,8.69,0.89,1.78,0,621
8/7/2011 17:00,33091.71,36.11,9.02,1.34,3.8,0,433
8/7/2011 18:00,33091.76,33.33,8.85,1.34,4.19,0,193
8/7/2011 19:00,33091.8,29.44,7.98,0.45,3.67,0,17
8/7/2011 20:00,33091.84,26.67,8.15,0.45,2.65,0,3
8/7/2011 21:00,33091.88,25.56,8.95,0.89,4.24,0,2
8/7/2011 22:00,33091.92,24.44,10.31,0.45,4.19,0,3
8/7/2011 23:00,33091.97,21.11,9.31,0.45,3.42,0,3
8/8/2011 0:00,33092,21.11,10.54,1.34,4.07,0,3
8/8/2011 1:00,33092.04,19.44,10.12,1.34,4,0,3
8/8/2011 2:00,33092.08,19.44,11.18,0.89,3.86,0,3
8/8/2011 3:00,33092.13,18.33,10.63,1.34,4.28,0,3
8/8/2011 4:00,33092.17,18.33,10.63,0.89,3.89,0,3
8/8/2011 5:00,33092.21,20,12.95,1.34,1.19,0,3
8/8/2011 6:00,33092.25,22.22,14.06,1.79,1.12,0,40
8/8/2011 7:00,33092.29,22.22,12.99,0.89,3.75,0,207
8/8/2011 8:00,33092.34,27.22,14.6,0.45,4.21,0,403
8/8/2011 9:00,33092.38,30,14.17,1.79,3.54,0,592
8/8/2011 10:00,33092.42,31.11,14.33,0.89,4.15,0,754
8/8/2011 11:00,33092.46,32.78,13.99,1.79,3.79,0,871
8/8/2011 12:00,33092.5,33.89,13.46,0.45,2.88,0,934
8/8/2011 13:00,33092.55,35.56,12.03,0.89,3.89,0,945
8/8/2011 14:00,33092.59,36.67,10.24,2.24,4.03,0,890
8/8/2011 15:00,33092.63,38.33,7.4,1.34,3.79,0,781
8/8/2011 16:00,33092.67,38.33,7.4,1.34,4.05,0,622
8/8/2011 17:00,33092.71,36.11,6.53,1.34,4.83,0,433
8/8/2011 18:00,33092.76,35,7.31,0.45,5.38,0,195
8/8/2011 19:00,33092.8,30,6.03,0.89,3.77,0,17
8/8/2011 20:00,33092.84,27.78,6.55,0.45,3.58,0,3
8/8/2011 21:00,33092.88,27.22,7.14,1.34,1.66,0,2
8/8/2011 22:00,33092.92,27.22,9.56,1.34,0.51,0,3
8/8/2011 23:00,33092.97,23.33,10.02,0.89,4,0,3
8/9/2011 0:00,33093,22.22,5.99,1.34,4.24,0,3
8/9/2011 1:00,33093.04,20.56,7.83,0.89,4.36,0,3
8/9/2011 2:00,33093.08,21.11,8.67,0.45,3.7,0,3
8/9/2011 3:00,33093.13,22.22,11.57,1.79,1.01,0,3
8/9/2011 4:00,33093.17,21.11,11.4,0.89,1.29,0,3
8/9/2011 5:00,33093.21,21.11,9.63,1.34,4.14,0,3
8/9/2011 6:00,33093.25,23.33,13.19,1.34,0.89,0,39
8/9/2011 7:00,33093.29,24.44,12.38,1.79,1.12,0,206
8/9/2011 8:00,33093.34,28.89,13.57,0.45,3.72,0,404
8/9/2011 9:00,33093.38,31.11,12.53,1.34,4.05,0,595
8/9/2011 10:00,33093.42,31.11,12.05,1.34,3.33,0,755
8/9/2011 11:00,33093.46,32.78,11.96,0.89,3.74,0,872
8/9/2011 12:00,33093.5,37.22,12.8,0.45,4.57,0,939
8/9/2011 13:00,33093.55,36.67,8.69,0.45,5.08,0,946
8/9/2011 14:00,33093.59,36.67,5.07,1.34,3.87,0,898
8/9/2011 15:00,33093.63,38.33,5.36,0.45,5.24,0,791
8/9/2011 16:00,33093.67,37.22,3.35,1.34,4.01,0,630
8/9/2011 17:00,33093.71,37.22,3.35,0.45,3.39,0,437
8/9/2011 18:00,33093.76,35.56,4.18,0.89,3.86,0,197
8/9/2011 19:00,33093.8,30,4.67,0.89,5.18,0,16
8/9/2011 20:00,33093.84,27.78,4.79,0.45,3.79,0,3
8/9/2011 21:00,33093.88,27.22,5.5,0.45,5.04,0,2
8/9/2011 22:00,33093.92,26.11,5.11,0.45,5.13,0,2
8/9/2011 23:00,33093.97,23.89,6.17,0.89,4.21,0,3
8/10/2011 0:00,33094,23.33,6.12,0.45,4.24,0,3
8/10/2011 1:00,33094.04,22.78,8.8,0.89,1.99,0,3
8/10/2011 2:00,33094.08,21.67,8.15,0.45,1.48,0,3
8/10/2011 3:00,33094.13,21.67,9.17,1.34,1.36,0,3
8/10/2011 4:00,33094.17,21.67,11.35,3.58,0.94,0,3
8/10/2011 5:00,33094.21,22.78,11.78,2.68,1.43,0,3
8/10/2011 6:00,33094.25,22.78,10.52,0.89,4.38,0,39
8/10/2011 7:00,33094.29,27.22,12.83,1.79,1.45,0,207
8/10/2011 8:00,33094.34,30.56,12.96,0.45,4.56,0,404
8/10/2011 9:00,33094.38,30,9.55,0.45,5.92,0,595
8/10/2011 10:00,33094.42,32.78,11.41,2.24,4.17,0,757
8/10/2011 11:00,33094.46,34.44,11.08,1.34,3.7,0,873
8/10/2011 12:00,33094.5,36.11,10.5,2.68,4.22,0,936
8/10/2011 13:00,33094.55,37.22,7.43,0.45,3.14,0,950
8/10/2011 14:00,33094.59,38.33,8.34,0.45,2.44,0,892
8/10/2011 15:00,33094.63,37.78,7.89,0.89,4.66,0,774
8/10/2011 16:00,33094.67,38.89,6.86,1.34,4.92,0,616
8/10/2011 17:00,33094.71,36.67,5.07,0.89,1.19,0,423
8/10/2011 18:00,33094.76,34.44,4.25,1.79,4.56,0,186
8/10/2011 19:00,33094.8,31.11,5.6,0.45,5.81,0,17
8/10/2011 20:00,33094.84,27.78,8.64,0.45,3.61,0,3
8/10/2011 21:00,33094.88,24.44,9.18,0.89,4.08,0,2
8/10/2011 22:00,33094.92,22.78,8.8,0.45,5.83,0,3
8/10/2011 23:00,33094.97,25,7.14,0.45,1.94,0,3
8/11/2011 0:00,33095,20.56,8.8,0.89,4.17,0,3
8/11/2011 1:00,33095.04,18.89,8.76,0.45,3.72,0,3
8/11/2011 2:00,33095.08,20,10.36,1.34,1.33,0,3
8/11/2011 3:00,33095.13,18.89,9.33,1.34,3.86,0,3
8/11/2011 4:00,33095.17,19.44,10.92,1.34,1.9,0,3
8/11/2011 5:00,33095.21,18.89,9.05,0.89,3.72,0,3
8/11/2011 6:00,33095.25,19.44,9.56,0.89,3.94,0,35
8/11/2011 7:00,33095.29,25.56,14.04,1.34,0.93,0,198
8/11/2011 8:00,33095.34,26.11,11.82,0.89,3.75,0,396
8/11/2011 9:00,33095.38,27.78,11.35,0.89,3.33,0,588
8/11/2011 10:00,33095.42,30,11.55,2.68,4.12,0,752
8/11/2011 11:00,33095.46,32.22,12.52,3.58,3.54,0,868
8/11/2011 12:00,33095.5,33.89,11.81,0.89,2.95,0,929
8/11/2011 13:00,33095.55,35.56,12.03,1.34,4.33,0,932
8/11/2011 14:00,33095.59,35.56,10.73,3.13,3.7,0,876
8/11/2011 15:00,33095.63,36.67,10.24,0.89,3.21,0.11,761
8/11/2011 16:00,33095.67,36.67,10.24,0.45,2.76,0.22,598
8/11/2011 17:00,33095.71,35.56,9.31,1.34,2.86,0.33,400
8/11/2011 18:00,33095.76,33.89,9.32,1.79,4.19,0.44,177
8/11/2011 19:00,33095.8,30.56,8.36,0.89,4.54,0.55,18
8/11/2011 20:00,33095.84,26.67,9.51,0.89,3.61,0.67,3
8/11/2011 21:00,33095.88,25.56,11.32,0.89,3.61,0.78,3
8/11/2011 22:00,33095.92,22.78,12.38,0,4.31,0.89,3
8/11/2011 23:00,33095.97,21.67,9.17,0.89,4.12,0,3
8/12/2011 0:00,33096,20.56,12.99,0.89,3.39,1.11,3
8/12/2011 1:00,33096.04,20,12.21,0.89,4.54,1.22,3
8/12/2011 2:00,33096.08,18.89,11.16,0.89,4.01,1.33,3
8/12/2011 3:00,33096.13,18.89,11.16,0.45,3.91,1.44,3
8/12/2011 4:00,33096.17,18.33,11.12,0.89,4.05,1.55,3
8/12/2011 5:00,33096.21,18.89,12.36,0.45,3.07,1.66,3
8/12/2011 6:00,33096.25,20,12.21,0.45,4.08,1.78,33
8/12/2011 7:00,33096.29,26.11,14.87,0.45,1.76,1.89,191
8/12/2011 8:00,33096.34,27.22,14.93,0.45,3.75,2,387
8/12/2011 9:00,33096.38,29.44,14.84,1.34,4.21,2.11,582
8/12/2011 10:00,33096.42,31.11,14.33,2.68,3.61,2.22,704
8/12/2011 11:00,33096.46,31.11,12.99,0.45,1.9,2.33,812
8/12/2011 12:00,33096.5,33.89,13.98,0.45,3.58,2.44,867
8/12/2011 13:00,33096.55,35,12.76,0.89,3.33,0,857
8/12/2011 14:00,33096.59,37.22,14.67,0.89,3.82,0,826
8/12/2011 15:00,33096.63,37.78,13.28,1.34,3.7,0.21,771
8/12/2011 16:00,33096.67,37.22,9.95,2.24,3.72,0.41,575
8/12/2011 17:00,33096.71,35,8.1,1.34,3.63,0.62,411
8/12/2011 18:00,33096.76,31.67,8.09,1.79,4.08,0.82,155
8/12/2011 19:00,33096.8,28.33,9.61,0.45,4.59,1.03,21
8/12/2011 20:00,33096.84,26.11,9.45,0.45,2.57,1.23,3
8/12/2011 21:00,33096.88,25,9.68,0.45,4.05,1.44,3
8/12/2011 22:00,33096.92,24.44,9.18,0.89,3.53,1.64,3
8/12/2011 23:00,33096.97,20.56,12.23,0.45,4.26,1,3
8/13/2011 0:00,33097,22.78,9.85,0.45,2.55,2.05,3
8/13/2011 1:00,33097.04,23.33,11.03,0.89,3.58,2.26,3
8/13/2011 2:00,33097.08,23.33,12.29,1.34,0.89,2.46,3
8/13/2011 3:00,33097.13,23.33,13.47,2.24,1.34,2.67,3
8/13/2011 4:00,33097.17,23.33,14.03,1.79,1.26,2.87,3
8/13/2011 5:00,33097.21,23.33,13.76,2.68,1.1,3.08,3
8/13/2011 6:00,33097.25,23.89,13.7,2.68,1.24,3.28,34
8/13/2011 7:00,33097.29,26.11,14.55,1.34,1.01,3.49,154
8/13/2011 8:00,33097.34,27.78,14.06,0.45,3.16,3.69,297
8/13/2011 9:00,33097.38,33.33,15.87,0.89,3.89,3.9,600
8/13/2011 10:00,33097.42,31.67,12.53,1.79,3.47,4.1,745
8/13/2011 11:00,33097.46,33.33,13.49,1.34,3.98,4.31,811
8/13/2011 12:00,33097.5,35.56,14.37,0.89,3.39,4.52,781
8/13/2011 13:00,33097.55,38.33,10.87,0.45,3.39,0,878
8/13/2011 14:00,33097.59,37.78,9.61,0.45,4.47,0,896
8/13/2011 15:00,33097.63,40.56,11.9,0.89,3.68,0,764
8/13/2011 16:00,33097.67,39.44,10.99,0.45,3.54,0,596
8/13/2011 17:00,33097.71,37.78,8.77,0.89,3.63,0,403
8/13/2011 18:00,33097.76,35.56,8.56,0.45,3.23,0,173
8/13/2011 19:00,33097.8,32.22,8.56,0.45,3.37,0,16
8/13/2011 20:00,33097.84,29.44,6.82,0.45,3.8,0,2
8/13/2011 21:00,33097.88,28.89,7.5,0.89,4.38,0,2
8/13/2011 22:00,33097.92,26.67,6.66,0.45,4.14,0,2
8/13/2011 23:00,33097.97,24.44,9.94,0.45,2.04,1.85,3
8/14/2011 0:00,33098,23.33,8.18,0.89,2.67,0,3
8/14/2011 1:00,33098.04,22.22,8.66,0.45,4.57,0,3
8/14/2011 2:00,33098.08,23.89,11.54,0.45,2.48,0,3
8/14/2011 3:00,33098.13,20,9.8,1.34,6.07,0,3
8/14/2011 4:00,33098.17,23.33,14.03,1.79,1.52,0,3
8/14/2011 5:00,33098.21,22.78,13.24,3.13,1.33,0,3
8/14/2011 6:00,33098.25,22.78,12.67,0.45,1.62,0,28
8/14/2011 7:00,33098.29,23.33,12.29,0.45,5.65,0,177
8/14/2011 8:00,33098.34,30,15.34,0.45,3.79,0,368
8/14/2011 9:00,33098.38,30.56,12.96,1.34,4.29,0,556
8/14/2011 10:00,33098.42,33.89,12.37,0.89,3.8,0,724
8/14/2011 11:00,33098.46,35,10.92,1.34,4.43,0,846
8/14/2011 12:00,33098.5,36.67,10.97,0.89,5.1,0,907
8/14/2011 13:00,33098.55,37.78,8.77,1.79,3.82,0,915
8/14/2011 14:00,33098.59,37.78,4.91,1.79,3.91,0,871
8/14/2011 15:00,33098.63,37.78,3.79,0.89,5.18,0,757
8/14/2011 16:00,33098.67,37.22,3.35,1.34,4.03,0,596
8/14/2011 17:00,33098.71,36.11,1.27,1.79,1.17,0,399
8/14/2011 18:00,33098.76,33.89,0.71,2.68,4.59,0,171
8/14/2011 19:00,33098.8,30.56,-3.08,0.45,3.61,0,16
8/14/2011 20:00,33098.84,27.78,2.81,0.45,3.05,0,3
8/14/2011 21:00,33098.88,26.11,3.97,0.45,4.54,0,3
8/14/2011 22:00,33098.92,25.56,4.08,1.79,4.14,0,2
8/14/2011 23:00,33098.97,25.56,8.52,1.34,4.21,0,2
8/15/2011 0:00,33099,21.11,5.41,0.45,0.56,0,3
8/15/2011 1:00,33099.04,23.33,9.31,1.79,1.43,0,3
8/15/2011 2:00,33099.08,22.22,5.57,2.24,1.47,0,3
8/15/2011 3:00,33099.13,21.67,8.84,1.34,1.48,0,3
8/15/2011 4:00,33099.17,21.11,9.63,2.24,0.96,0,3
8/15/2011 5:00,33099.21,20.56,9.72,1.79,1.41,0,3
8/15/2011 6:00,33099.25,21.67,9.82,1.34,1.95,0,32
8/15/2011 7:00,33099.29,21.67,7.8,0.45,4.42,0,195
8/15/2011 8:00,33099.34,24.44,8.38,0.45,3.93,0,393
8/15/2011 9:00,33099.38,27.22,8.15,2.24,3.79,0,586
8/15/2011 10:00,33099.42,30,9.01,0.89,2.88,0,752
8/15/2011 11:00,33099.46,32.22,8.56,0.89,3.58,0,872
8/15/2011 12:00,33099.5,35.56,8.56,0.45,0.99,0,937
8/15/2011 13:00,33099.55,35,8.1,1.34,4.52,0,939
8/15/2011 14:00,33099.59,37.22,5.52,1.34,3.67,0,885
8/15/2011 15:00,33099.63,38.33,3.01,0.45,3.35,0,779
8/15/2011 16:00,33099.67,38.33,1.69,1.34,4.21,0,617
8/15/2011 17:00,33099.71,36.67,0.4,1.34,4.12,0,421
8/15/2011 18:00,33099.76,34.44,-1.32,0.89,4.24,0,178
8/15/2011 19:00,33099.8,30.56,0.16,0.89,4.59,0,13
8/15/2011 20:00,33099.84,27.22,-1.6,0.45,3.16,0,2
8/15/2011 21:00,33099.88,26.67,1.88,0.45,4.92,0,2
8/15/2011 22:00,33099.92,25,1.16,0.45,4.83,0,3
8/15/2011 23:00,33099.97,23.33,3.25,0.89,4.22,0,3
8/16/2011 0:00,33100,22.78,4.26,0.89,3.32,0,3
8/16/2011 1:00,33100.04,21.11,3.72,0.45,3.65,0,3
8/16/2011 2:00,33100.08,19.44,3.11,0.89,4.26,0,3
8/16/2011 3:00,33100.13,21.67,8.84,1.79,1.17,0,3
8/16/2011 4:00,33100.17,21.67,9.5,2.24,1.27,0,3
8/16/2011 5:00,33100.21,20.56,8.48,2.24,1.41,0,3
8/16/2011 6:00,33100.25,21.67,9.17,3.13,1.03,0,32
8/16/2011 7:00,33100.29,23.89,9.44,2.24,1.06,0,197
8/16/2011 8:00,33100.34,26.11,8.58,0.89,3.56,0,395
8/16/2011 9:00,33100.38,30.56,9.49,0.89,3.6,0,589
8/16/2011 10:00,33100.42,31.11,9.97,1.34,3.6,0,750
8/16/2011 11:00,33100.46,32.22,9.19,1.34,4,0,867
8/16/2011 12:00,33100.5,35,9.57,0.45,2.53,0,930
8/16/2011 13:00,33100.55,35.56,6.95,1.34,3.7,0,939
8/16/2011 14:00,33100.59,37.22,5.52,1.79,4.24,0,884
8/16/2011 15:00,33100.63,37.78,5.97,1.34,4.82,0.24,769
8/16/2011 16:00,33100.67,38.33,6.41,0.89,3.3,0.48,603
8/16/2011 17:00,33100.71,36.11,4.63,0.45,2.25,0.72,407
8/16/2011 18:00,33100.76,33.89,4.71,0.45,2.69,0.95,172
8/16/2011 19:00,33100.8,30,4.67,0.45,4.26,1.19,15
8/16/2011 20:00,33100.84,28.33,5.26,0.45,3.74,1.43,2
8/16/2011 21:00,33100.88,26.11,4.55,0.45,4.89,1.67,2
8/16/2011 22:00,33100.92,25.56,4.08,0.45,4.01,1.91,3
8/16/2011 23:00,33100.97,24.44,5.72,1.79,1.43,0,3
8/17/2011 0:00,33101,24.44,9.94,1.79,1.13,2.39,3
8/17/2011 1:00,33101.04,23.89,11.21,1.34,1.99,2.63,3
8/17/2011 2:00,33101.08,22.22,9.01,1.34,1.68,2.86,3
8/17/2011 3:00,33101.13,21.67,9.5,0.89,1.85,3.1,3
8/17/2011 4:00,33101.17,21.67,9.17,0.89,1.78,3.34,3
8/17/2011 5:00,33101.21,21.67,10.14,1.79,1.12,3.58,3
8/17/2011 6:00,33101.25,22.78,11.47,1.34,0.82,3.82,24
8/17/2011 7:00,33101.29,25.56,12.73,1.79,1.45,4.06,193
8/17/2011 8:00,33101.34,28.33,12.26,0.89,4.03,4.3,390
8/17/2011 9:00,33101.38,30.56,10.56,1.79,3.89,4.54,577
8/17/2011 10:00,33101.42,32.78,10.85,0.89,4.1,4.77,723
8/17/2011 11:00,33101.46,33.89,10.61,1.34,3.93,5.01,776
8/17/2011 12:00,33101.5,34.44,9.79,1.79,4.24,5.25,733
8/17/2011 13:00,33101.55,37.22,9.15,1.79,3.79,2.01,819
8/17/2011 14:00,33101.59,36.67,6.98,0.45,2.32,0,800
8/17/2011 15:00,33101.63,37.78,6.95,0.89,3.89,0,569
8/17/2011 16:00,33101.67,37.22,6.5,1.34,3.86,0,603
8/17/2011 17:00,33101.71,34.44,4.25,1.79,4.49,0,367
8/17/2011 18:00,33101.76,31.11,6.97,0.45,4.82,0,66
8/17/2011 19:00,33101.8,30,9.55,0.45,3.96,0,18
8/17/2011 20:00,33101.84,27.22,8.15,0.45,1.01,0,2
8/17/2011 21:00,33101.88,26.11,9.87,0.45,3.77,0,3
8/17/2011 22:00,33101.92,26.11,13.58,1.34,1.33,0,2
8/17/2011 23:00,33101.97,24.44,6.66,0.45,2.16,2.15,3
8/18/2011 0:00,33102,23.89,10.52,0,5.39,0,3
8/18/2011 1:00,33102.04,23.89,11.21,1.79,1.57,0,3
8/18/2011 2:00,33102.08,22.78,11.78,1.79,1.19,0,3
8/18/2011 3:00,33102.13,22.22,11.86,1.79,1.24,0,3
8/18/2011 4:00,33102.17,22.22,10.96,3.13,1.5,0,3
8/18/2011 5:00,33102.21,21.67,9.82,1.34,1.99,0,3
8/18/2011 6:00,33102.25,21.67,11.63,3.13,1.03,0,27
8/18/2011 7:00,33102.29,24.44,12.38,2.24,1.61,0,181
8/18/2011 8:00,33102.34,27.22,12.83,1.34,3.77,0,378
8/18/2011 9:00,33102.38,30,12.01,0.89,3.4,0,569
8/18/2011 10:00,33102.42,31.67,12.04,2.24,3.8,0,727
8/18/2011 11:00,33102.46,33.89,12.37,0.89,5.39,0,840
8/18/2011 12:00,33102.5,36.11,11.19,0.45,5.36,0,905
8/18/2011 13:00,33102.55,37.78,10.41,1.34,3.75,0,912
8/18/2011 14:00,33102.59,36.67,8.69,0.45,2.58,0,858
8/18/2011 15:00,33102.63,37.78,8.77,0.89,3.93,0,743
8/18/2011 16:00,33102.67,37.22,9.95,0.45,3.42,0,576
8/18/2011 17:00,33102.71,35.56,8.56,0.89,3.84,0,379
8/18/2011 18:00,33102.76,34.44,6.85,0.45,3.19,0,157
8/18/2011 19:00,33102.8,30,6.67,0.89,3.46,0,16
8/18/2011 20:00,33102.84,28.33,5.87,0.45,5.62,0,2
8/18/2011 21:00,33102.88,27.78,6.55,0.45,3.14,0,2
8/18/2011 22:00,33102.92,25.56,7.63,0.45,4.43,0,3
8/18/2011 23:00,33102.97,24.44,10.67,0.89,1.08,0,3
8/19/2011 0:00,33103,23.33,10.02,0.89,3.89,0,3
8/19/2011 1:00,33103.04,20.56,10.02,0.89,4.08,0,3
8/19/2011 2:00,33103.08,20,10.36,0.89,4.21,0,3
8/19/2011 3:00,33103.13,20,10.36,0.45,5.13,0,3
8/19/2011 4:00,33103.17,21.11,12.49,1.79,1.52,0,3
8/19/2011 5:00,33103.21,21.67,12.74,2.68,0.82,0,3
8/19/2011 6:00,33103.25,22.22,12.44,1.34,1.13,0,24
8/19/2011 7:00,33103.29,25,13.21,1.34,1.52,0,180
8/19/2011 8:00,33103.34,25.56,12.04,0.45,3.96,0,376
8/19/2011 9:00,33103.38,28.89,11.48,0.45,5.1,0,568
8/19/2011 10:00,33103.42,32.22,12.52,0.89,0.21,0,732
8/19/2011 11:00,33103.46,32.78,10.85,0.45,5.27,0,854
8/19/2011 12:00,33103.5,35.56,10.03,0.45,3.6,0,922
8/19/2011 13:00,33103.55,36.11,9.02,0.89,3.67,0,928
8/19/2011 14:00,33103.59,36.11,5.6,1.34,4.31,0,872
8/19/2011 15:00,33103.63,37.22,5.52,0.45,3.49,0,759
8/19/2011 16:00,33103.67,37.22,3.35,0.45,4.08,0,594
8/19/2011 17:00,33103.71,35.56,3.14,0.45,2.46,0,396
8/19/2011 18:00,33103.76,33.89,3.8,0.89,4.07,0,166
8/19/2011 19:00,33103.8,28.89,3.74,0.89,4.99,0,15
8/19/2011 20:00,33103.84,27.78,5.39,0.45,5.04,0,2
8/19/2011 21:00,33103.88,25.56,4.63,0.45,5.72,0,2
8/19/2011 22:00,33103.92,25.56,5.7,0.89,3.72,0,3
8/19/2011 23:00,33103.97,22.78,8.44,0.89,3.42,0,3
8/20/2011 0:00,33104,21.67,5.49,0.89,3.89,0,3
8/20/2011 1:00,33104.04,21.11,7.65,0.45,1.92,0,3
8/20/2011 2:00,33104.08,20.56,8.48,1.34,1.52,0,3
8/20/2011 3:00,33104.13,21.11,9.63,0.45,1.99,0,3
8/20/2011 4:00,33104.17,17.78,7.15,0.89,3.94,0,3
8/20/2011 5:00,33104.21,16.67,8.05,0.89,4.22,0,3
8/20/2011 6:00,33104.25,20,10.64,1.79,4.07,0,26
8/20/2011 7:00,33104.29,21.67,11.35,0.89,3.84,0,179
8/20/2011 8:00,33104.34,23.89,11.87,0.89,3.72,0,375
8/20/2011 9:00,33104.38,26.67,11.17,3.58,3.39,0,567
8/20/2011 10:00,33104.42,27.78,10.93,1.34,3.91,0,730
8/20/2011 11:00,33104.46,31.11,12.53,0.45,3.16,0,846
8/20/2011 12:00,33104.5,31.67,11,0.89,4.47,0,911
8/20/2011 13:00,33104.55,34.44,11.08,0.45,4.68,0,914
8/20/2011 14:00,33104.59,33.89,9.32,0.89,3.6,0,858
8/20/2011 15:00,33104.63,36.67,10.24,1.79,3.35,0,747
8/20/2011 16:00,33104.67,35,9.57,1.34,4.43,0,581
8/20/2011 17:00,33104.71,35,9.57,1.34,4.4,0,380
8/20/2011 18:00,33104.76,32.22,9.79,0.89,4.1,0,153
8/20/2011 19:00,33104.8,28.33,9.12,0.89,4.36,0,14
8/20/2011 20:00,33104.84,26.67,9.07,0.45,4.57,0,2
8/20/2011 21:00,33104.88,22.78,9.85,0.45,3.68,0,3
8/20/2011 22:00,33104.92,20.56,9.42,0,4.89,0,3
8/20/2011 23:00,33104.97,23.89,6.61,0.45,0.51,0,3
8/21/2011 0:00,33105,22.22,13.27,0.89,0.8,0,3
8/21/2011 1:00,33105.04,18.33,9.61,0.89,4.92,0,3
8/21/2011 2:00,33105.08,18.89,10.66,0.89,4.01,0,3
8/21/2011 3:00,33105.13,16.11,9.71,1.34,4.05,0,3
8/21/2011 4:00,33105.17,16.11,10.38,0.89,4.07,0,3
8/21/2011 5:00,33105.21,16.11,11.02,0.45,0.37,0,3
8/21/2011 6:00,33105.25,16.11,11.23,0.89,3.96,0,23
8/21/2011 7:00,33105.29,20,13.65,0.89,3.39,0,168
8/21/2011 8:00,33105.34,21.67,13.79,0.89,4,0,364
8/21/2011 9:00,33105.38,25,13.21,1.34,3.3,0,557
8/21/2011 10:00,33105.42,26.67,12.69,0.89,3.77,0,721
8/21/2011 11:00,33105.46,30.56,12.96,1.34,3.75,0,838
8/21/2011 12:00,33105.5,31.11,12.05,3.58,4.33,0,900
8/21/2011 13:00,33105.55,33.89,12.37,1.79,1.4,0,901
8/21/2011 14:00,33105.59,34.44,11.69,0.89,4.43,0,850
8/21/2011 15:00,33105.63,35,10.92,0.45,2.84,0.19,736
8/21/2011 16:00,33105.67,36.11,11.86,0.45,5.67,0.38,572
8/21/2011 17:00,33105.71,34.44,9.79,1.34,4.01,0.57,379
8/21/2011 18:00,33105.76,32.22,9.19,0.45,3.04,0.76,149
8/21/2011 19:00,33105.8,27.78,8.64,0.45,3.67,0.95,13
8/21/2011 20:00,33105.84,26.67,9.94,0.45,3.77,1.14,2
8/21/2011 21:00,33105.88,25,8.88,0.89,4.1,1.33,2
8/21/2011 22:00,33105.92,24.44,9.94,0.45,5.72,1.53,3
8/21/2011 23:00,33105.97,20,10.36,0.45,5.48,0,3
8/22/2011 0:00,33106,23.89,12.5,2.68,1.45,1.91,3
8/22/2011 1:00,33106.04,22.22,11.27,0.89,3.87,2.1,3
8/22/2011 2:00,33106.08,21.11,9.63,0.89,4.07,2.29,3
8/22/2011 3:00,33106.13,19.44,9.84,0.89,4,2.48,3
8/22/2011 4:00,33106.17,18.89,10.14,0.45,4.19,2.67,3
8/22/2011 5:00,33106.21,16.67,9.3,1.34,4.15,2.86,3
8/22/2011 6:00,33106.25,18.89,10.91,1.34,4.21,3.05,21
8/22/2011 7:00,33106.29,18.89,11.65,0.89,4.03,3.24,174
8/22/2011 8:00,33106.34,23.33,14.03,1.34,3.75,3.43,347
8/22/2011 9:00,33106.38,26.67,14.09,0.89,3.75,3.62,468
8/22/2011 10:00,33106.42,30,14.17,1.34,3.8,3.81,690
8/22/2011 11:00,33106.46,31.11,13.45,2.24,3.51,4,840
8/22/2011 12:00,33106.5,33.89,13.46,1.34,4.1,4.19,782
8/22/2011 13:00,33106.55,35.56,12.03,1.34,3.87,0,916
8/22/2011 14:00,33106.59,34.44,9.1,1.34,1.82,0,786
8/22/2011 15:00,33106.63,35.56,10.03,0.89,4.24,0,620
8/22/2011 16:00,33106.67,36.11,10.5,0.45,4.4,0,573
8/22/2011 17:00,33106.71,33.89,8.63,0.89,4.56,0,401
8/22/2011 18:00,33106.76,33.33,8.17,0.89,4.5,0,131
8/22/2011 19:00,33106.8,29.44,6.82,0.89,5.53,0,12
8/22/2011 20:00,33106.84,26.67,6.66,0.89,5.31,0,2
8/22/2011 21:00,33106.88,24.44,5.72,0.45,0.21,0,3
8/22/2011 22:00,33106.92,26.11,11.45,1.34,0.16,0,3
8/22/2011 23:00,33106.97,23.89,11.21,1.34,1.13,1.72,3
8/23/2011 0:00,33107,24.44,11.38,1.34,1.03,0,3
8/23/2011 1:00,33107.04,23.33,11.03,2.24,1.48,0,3
8/23/2011 2:00,33107.08,23.89,11.87,2.24,1.06,0,3
8/23/2011 3:00,33107.13,23.33,11.99,1.34,1.57,0,3
8/23/2011 4:00,33107.17,20.56,8.8,1.34,3.47,0,3
8/23/2011 5:00,33107.21,21.67,11.63,1.34,1.19,0,3
8/23/2011 6:00,33107.25,22.22,12.15,2.24,1.34,0,22
8/23/2011 7:00,33107.29,24.44,12.05,2.24,0.79,0,168
8/23/2011 8:00,33107.34,27.78,13.33,0.45,4.57,0,360
8/23/2011 9:00,33107.38,31.11,12.05,0.45,5.15,0,552
8/23/2011 10:00,33107.42,33.33,12.98,0.45,2.83,0,711
8/23/2011 11:00,33107.46,35,12.76,0.45,3.4,0,826
8/23/2011 12:00,33107.5,35.56,11.39,0.89,3.84,0,885
8/23/2011 13:00,33107.55,36.11,12.5,1.34,0.31,0,888
8/23/2011 14:00,33107.59,37.22,12.13,0.45,3.39,0,833
8/23/2011 15:00,33107.63,39.44,11.79,1.34,4.01,0,719
8/23/2011 16:00,33107.67,39.44,10.14,0.45,3.84,0,556
8/23/2011 17:00,33107.71,37.22,8.31,1.34,3.94,0,364
8/23/2011 18:00,33107.76,33.89,8.63,1.34,3.82,0,125
8/23/2011 19:00,33107.8,31.11,8.24,0.45,3.72,0,14
8/23/2011 20:00,33107.84,29.44,9.07,0,5.36,0,2
8/23/2011 21:00,33107.88,28.89,9.11,0.45,4.76,0,2
8/23/2011 22:00,33107.92,28.33,8.11,0.45,5.55,0,2
8/23/2011 23:00,33107.97,24.44,10.67,0.89,1.41,0,3
8/24/2011 0:00,33108,27.22,12.83,1.79,1.03,0,3
8/24/2011 1:00,33108.04,24.44,11.38,0.89,3.77,0,3
8/24/2011 2:00,33108.08,23.89,10.17,0.89,6.13,0,3
8/24/2011 3:00,33108.13,25,13.53,1.79,1.06,0,3
8/24/2011 4:00,33108.17,23.89,12.81,2.24,1.03,0,3
8/24/2011 5:00,33108.21,24.44,13.32,2.24,1.19,0,3
8/24/2011 6:00,33108.25,24.44,13.63,2.68,1.08,0,19
8/24/2011 7:00,33108.29,26.67,14.42,2.24,1.41,0,161
8/24/2011 8:00,33108.34,28.89,13.57,0.89,4.14,0,352
8/24/2011 9:00,33108.38,32.78,15.81,0.45,5.27,0,542
8/24/2011 10:00,33108.42,35,14.43,1.79,3.16,0,703
8/24/2011 11:00,33108.46,36.11,12.5,1.34,4.05,0,821
8/24/2011 12:00,33108.5,36.67,10.97,0.45,5.03,0,885
8/24/2011 13:00,33108.55,39.44,11.79,0.45,2.06,0,881
8/24/2011 14:00,33108.59,38.89,8.79,1.34,4.75,0,828
8/24/2011 15:00,33108.63,40,6.68,0.45,3.05,0,717
8/24/2011 16:00,33108.67,40.56,9.2,1.34,3.65,0,552
8/24/2011 17:00,33108.71,37.78,7.89,1.34,4.78,0,354
8/24/2011 18:00,33108.76,36.11,9.02,0.89,3.11,0,115
8/24/2011 19:00,33108.8,32.22,8.56,0.89,5.31,0,11
8/24/2011 20:00,33108.84,30,7.88,0.89,3.74,0,2
8/24/2011 21:00,33108.88,27.22,8.15,0.89,3.46,0,2
8/24/2011 22:00,33108.92,25.56,7.17,0.45,0.8,0,3
8/24/2011 23:00,33108.97,26.67,10.77,1.79,1.19,0,3
8/25/2011 0:00,33109,23.33,5.68,0.45,4.35,0,3
8/25/2011 1:00,33109.04,22.78,6.06,0.45,4.22,0,3
8/25/2011 2:00,33109.08,21.67,5.08,1.34,3.51,0,3
8/25/2011 3:00,33109.13,22.78,7.68,0.89,1.76,0,3
8/25/2011 4:00,33109.17,22.78,8.8,0.89,3.77,0,3
8/25/2011 5:00,33109.21,21.67,8.5,0.45,3.87,0,3
8/25/2011 6:00,33109.25,22.78,11.47,0.89,1.2,0,19
8/25/2011 7:00,33109.29,25,13.53,1.34,1.87,0,160
8/25/2011 8:00,33109.34,27.78,11.35,1.79,4.31,0,355
8/25/2011 9:00,33109.38,30,11.55,0.89,3.02,0,547
8/25/2011 10:00,33109.42,32.22,13.02,0.89,3.89,0,709
8/25/2011 11:00,33109.46,32.78,11.96,3.13,3.61,0,824
8/25/2011 12:00,33109.5,35.56,13.24,1.34,4.15,0,886
8/25/2011 13:00,33109.55,36.67,11.66,1.34,3.58,0,891
8/25/2011 14:00,33109.59,37.78,11.17,2.24,3.89,0,832
8/25/2011 15:00,33109.63,41.67,12.82,0.45,5.34,0.07,718
8/25/2011 16:00,33109.67,38.89,10.53,1.34,4.01,0.14,552
8/25/2011 17:00,33109.71,37.78,11.17,1.79,4.54,0.2,356
8/25/2011 18:00,33109.76,35,10.92,0.45,0.54,0.27,110
8/25/2011 19:00,33109.8,30.56,8.94,0.45,3.47,0.34,11
8/25/2011 20:00,33109.84,28.33,8.62,0.45,3.75,0.41,2
8/25/2011 21:00,33109.88,26.67,9.07,0.45,4.36,0.48,2
8/25/2011 22:00,33109.92,26.67,10.77,0.45,0.73,0.55,2
8/25/2011 23:00,33109.97,25.56,8.09,0.45,4,0,3
8/26/2011 0:00,33110,23.89,11.21,0.45,1.62,0.68,3
8/26/2011 1:00,33110.04,25,14.14,2.24,1.34,0.75,3
8/26/2011 2:00,33110.08,22.78,11.78,0.89,4.12,0.82,3
8/26/2011 3:00,33110.13,22.78,12.38,0.45,5.79,0.89,3
8/26/2011 4:00,33110.17,22.78,13.51,0.45,1.57,0.96,3
8/26/2011 5:00,33110.21,24.44,14.51,2.24,1.06,1.02,3
8/26/2011 6:00,33110.25,24.44,13.32,2.24,1.17,1.09,18
8/26/2011 7:00,33110.29,25.56,13.4,2.24,1.1,1.16,162
8/26/2011 8:00,33110.34,30,14.96,0.89,3.47,1.23,355
8/26/2011 9:00,33110.38,31.11,14.33,1.34,3.67,1.3,547
8/26/2011 10:00,33110.42,34.44,13.94,2.68,3.54,1.37,703
8/26/2011 11:00,33110.46,34.44,13.41,1.34,3.63,1.43,754
8/26/2011 12:00,33110.5,37.22,14.07,1.79,3.65,1.5,861
8/26/2011 13:00,33110.55,38.89,14.22,0.89,3.14,0,853
8/26/2011 14:00,33110.59,38.89,13.54,0.45,3.74,0,758
8/26/2011 15:00,33110.63,38.89,12.1,1.34,3.46,0.04,553
8/26/2011 16:00,33110.67,41.67,13.64,0.45,3.89,0.08,458
8/26/2011 17:00,33110.71,37.22,10.71,0,3.61,0.12,249
8/26/2011 18:00,33110.76,35.56,13.24,0.45,3.84,0.16,86
8/26/2011 19:00,33110.8,32.78,13.01,0.45,3.86,0.2,13
8/26/2011 20:00,33110.84,30.56,12.5,1.34,5.48,0.24,2
8/26/2011 21:00,33110.88,30.56,13.4,0.89,4.29,0.28,2
8/26/2011 22:00,33110.92,28.89,12.34,0.45,5.93,0.32,2
8/26/2011 23:00,33110.97,25,10.07,0.45,4.08,0.61,2
8/27/2011 0:00,33111,27.22,12.45,0.89,4.12,0.4,2
8/27/2011 1:00,33111.04,27.22,13.56,0.89,3.86,0.44,2
8/27/2011 2:00,33111.08,27.22,15.89,1.79,1.36,0.48,2
8/27/2011 3:00,33111.13,25,14.14,0.45,2.27,0.52,2
8/27/2011 4:00,33111.17,25,14.14,0.89,4.07,0.56,3
8/27/2011 5:00,33111.21,23.89,12.81,0.89,3.94,0.6,3
8/27/2011 6:00,33111.25,24.44,12.7,1.34,3.51,0.64,16
8/27/2011 7:00,33111.29,27.22,13.91,0.45,0.82,0.68,152
8/27/2011 8:00,33111.34,28.89,13.57,0.45,3.75,0.72,334
8/27/2011 9:00,33111.38,32.78,15.81,0.45,4.66,0.76,524
8/27/2011 10:00,33111.42,34.44,15.46,0.89,3.98,0.8,685
8/27/2011 11:00,33111.46,35.56,13.82,0.45,2.91,0.84,803
8/27/2011 12:00,33111.5,38.33,14.4,0.89,1.5,0.88,867
8/27/2011 13:00,33111.55,39.44,13.3,0.89,3.58,0,869
8/27/2011 14:00,33111.59,41.11,12.36,0.45,3.89,0,812
8/27/2011 15:00,33111.63,42.22,11.51,0.89,0.89,0,700
8/27/2011 16:00,33111.67,42.22,10.55,0.89,3.77,0,538
8/27/2011 17:00,33111.71,40,10.6,0.89,3.86,0,344
8/27/2011 18:00,33111.76,38.33,11.64,0.45,3.33,0,108
8/27/2011 19:00,33111.8,32.78,11.41,0.89,3.96,0,10
8/27/2011 20:00,33111.84,30,10.07,0.45,3.98,0,2
8/27/2011 21:00,33111.88,28.89,10.57,1.34,4.24,0,2
8/27/2011 22:00,33111.92,27.22,10,0.45,2.81,0,2
8/27/2011 23:00,33111.97,28.89,13.17,0.89,3.96,0.36,2
8/28/2011 0:00,33112,26.67,11.17,0.45,3.96,0,3
8/28/2011 1:00,33112.04,25,11.18,0.89,1.03,0,3
8/28/2011 2:00,33112.08,24.44,12.05,0.89,4.24,0,3
8/28/2011 3:00,33112.13,25.56,15.26,1.34,1.1,0,3
8/28/2011 4:00,33112.17,23.33,12.6,0.89,3.75,0,3
8/28/2011 5:00,33112.21,22.78,12.38,0.45,3.91,0,3
8/28/2011 6:00,33112.25,23.89,15.89,1.34,1.03,0,16
8/28/2011 7:00,33112.29,27.78,17.33,0.45,1.01,0,155
8/28/2011 8:00,33112.34,28.89,15.07,0.89,4.07,0,349
8/28/2011 9:00,33112.38,32.78,16.24,1.34,4.1,0,539
8/28/2011 10:00,33112.42,33.89,15.45,0.89,3.79,0,700
8/28/2011 11:00,33112.46,35.56,14.91,1.34,3.46,0,818
8/28/2011 12:00,33112.5,37.78,13.92,0.45,4.12,0,883
8/28/2011 13:00,33112.55,38.33,12.37,0.89,3.56,0,887
8/28/2011 14:00,33112.59,40.56,11.9,1.34,3.87,0,828
8/28/2011 15:00,33112.63,41.11,10.61,0.89,3.94,0,713
8/28/2011 16:00,33112.67,40.56,10.15,0.89,2.65,0,547
8/28/2011 17:00,33112.71,38.33,9.23,1.34,4.07,0,352
8/28/2011 18:00,33112.76,36.11,10.5,0.89,4.19,0,102
8/28/2011 19:00,33112.8,31.11,6.97,0.45,2.67,0,9
8/28/2011 20:00,33112.84,28.89,5.73,0.89,5.53,0,2
8/28/2011 21:00,33112.88,27.78,5.98,0.89,3.87,0,2
8/28/2011 22:00,33112.92,26.11,6.18,0.45,5.15,0,2
8/28/2011 23:00,33112.97,26.67,9.94,0.89,3.77,0,3
8/29/2011 0:00,33113,23.89,7.88,0.45,3.84,0,3
8/29/2011 1:00,33113.04,22.78,8.44,0.45,6.06,0,3
8/29/2011 2:00,33113.08,23.33,8.94,0.89,3.98,0,3
8/29/2011 3:00,33113.13,23.89,11.87,2.24,1.31,0,3
8/29/2011 4:00,33113.17,23.33,13.47,1.34,1.34,0,3
8/29/2011 5:00,33113.21,23.89,13.99,2.68,1.2,0,3
8/29/2011 6:00,33113.25,24.44,14.22,1.79,1.47,0,16
8/29/2011 7:00,33113.29,27.22,15.26,1.34,1.4,0,156
8/29/2011 8:00,33113.34,28.33,13.45,1.34,4.14,0,353
8/29/2011 9:00,33113.38,31.11,14.33,0.45,3.05,0,546
8/29/2011 10:00,33113.42,33.33,14.48,1.79,4.08,0,709
8/29/2011 11:00,33113.46,35.56,14.91,0.45,3.65,0,828
8/29/2011 12:00,33113.5,37.22,14.07,1.34,3.7,0,887
8/29/2011 13:00,33113.55,37.78,11.17,1.34,3.39,0,897
8/29/2011 14:00,33113.59,39.44,10.14,0.45,2.51,0,839
8/29/2011 15:00,33113.63,40.56,9.2,1.34,3,0,720
8/29/2011 16:00,33113.67,38.89,6.86,2.24,4.03,0,555
8/29/2011 17:00,33113.71,37.78,6.95,1.79,3.93,0,359
8/29/2011 18:00,33113.76,34.44,7.64,1.34,3.6,0,97
8/29/2011 19:00,33113.8,29.44,7.98,0.45,5.04,0,9
8/29/2011 20:00,33113.84,28.89,8.05,0.45,3.7,0,2
8/29/2011 21:00,33113.88,26.67,6.66,0.45,4.87,0,2
8/29/2011 22:00,33113.92,26.11,7.66,0.89,3.96,0,3
8/29/2011 23:00,33113.97,26.11,7.18,0.89,3.87,0,2
8/30/2011 0:00,33114,21.67,9.82,1.34,4.21,0,3
8/30/2011 1:00,33114.04,21.11,10.24,0.89,3.65,0,3
8/30/2011 2:00,33114.08,21.11,10.83,0.89,1.99,0,3
8/30/2011 3:00,33114.13,21.11,11.68,0.45,2.64,0,3
8/30/2011 4:00,33114.17,21.67,11.92,1.34,1.31,0,3
8/30/2011 5:00,33114.21,22.22,12.44,0.45,2.29,0,3
8/30/2011 6:00,33114.25,20,10.36,0,2.98,0,16
8/30/2011 7:00,33114.29,25,15.6,1.79,1.22,0,156
8/30/2011 8:00,33114.34,28.33,13.83,0.89,4.21,0,353
8/30/2011 9:00,33114.38,30,12.91,0.89,3.49,0,548
8/30/2011 10:00,33114.42,32.22,13.02,0.89,3.93,0,714
8/30/2011 11:00,33114.46,32.78,11.96,1.34,3.91,0,833
8/30/2011 12:00,33114.5,35,12.76,0.45,2.93,0,893
8/30/2011 13:00,33114.55,36.67,10.97,2.24,3.98,0,899
8/30/2011 14:00,33114.59,36.67,7.86,1.34,3.67,0,836
8/30/2011 15:00,33114.63,38.33,8.34,1.34,3.47,0,717
8/30/2011 16:00,33114.67,37.78,8.77,0.45,3.35,0,544
8/30/2011 17:00,33114.71,35.56,7.77,0.45,3.98,0,345
8/30/2011 18:00,33114.76,33.33,8.17,0.45,3.87,0,91
8/30/2011 19:00,33114.8,29.44,9.07,0.89,4,0,9
8/30/2011 20:00,33114.84,27.22,7.65,0.45,5.41,0,2
8/30/2011 21:00,33114.88,25,7.14,1.34,5.57,0,3
8/30/2011 22:00,33114.92,25,8.46,0.89,3.74,0,2
8/30/2011 23:00,33114.97,23.33,8.57,0.89,3.96,0,3
8/31/2011 0:00,33115,21.11,7.3,0.89,3.7,0,3
8/31/2011 1:00,33115.04,20,7.65,0.45,4.45,0,3
8/31/2011 2:00,33115.08,22.78,12.96,1.79,0.86,0,3
8/31/2011 3:00,33115.13,21.11,9.31,1.79,4.07,0,3
8/31/2011 4:00,33115.17,21.11,9.31,0.89,1.29,0,3
8/31/2011 5:00,33115.21,20.56,10.31,0.89,3.12,0,3
8/31/2011 6:00,33115.25,18.89,9.05,0.89,3.75,0,15
8/31/2011 7:00,33115.29,22.78,11.78,0.45,3.56,0,151
8/31/2011 8:00,33115.34,26.11,10.28,0.45,3.04,0,349
8/31/2011 9:00,33115.38,27.78,10.49,0.89,3.7,0,542
8/31/2011 10:00,33115.42,30,10.58,0.89,3.58,0,705
8/31/2011 11:00,33115.46,31.11,9.97,1.34,3.86,0,820
8/31/2011 12:00,33115.5,33.33,9.5,1.34,3.74,0,880
8/31/2011 13:00,33115.55,34.44,7.64,0.89,4.14,0,884
8/31/2011 14:00,33115.59,35,7.31,1.34,4.1,0,819
8/31/2011 15:00,33115.63,37.22,8.31,0.89,2.78,0,703
8/31/2011 16:00,33115.67,36.67,6.05,1.34,3.91,0,539
8/31/2011 17:00,33115.71,35,5.62,1.34,3.54,0,340
8/31/2011 18:00,33115.76,32.78,7.7,0.89,4.24,0,88
8/31/2011 19:00,33115.8,28.33,7.02,0.45,3.54,0,9
8/31/2011 20:00,33115.84,27.22,8.15,0.45,3.72,0,2
8/31/2011 21:00,33115.88,26.11,7.66,0.45,4.21,0,2
8/31/2011 22:00,33115.92,25.56,10.18,0.45,3.4,0,3
8/31/2011 23:00,33115.97,21.11,6.19,0.89,4.21,0,3
9/1/2011 0:00,33116,23.89,11.54,2.24,1.55,0,3
9/1/2011 1:00,33116.04,23.89,11.54,1.79,1.34,0,3
9/1/2011 2:00,33116.08,22.22,10.65,2.24,1.36,0,3
9/1/2011 3:00,33116.13,22.78,10.84,2.24,1.26,0,3
9/1/2011 4:00,33116.17,21.11,8.99,0.89,2.84,0,3
9/1/2011 5:00,33116.21,22.22,10.33,1.79,1.27,0,3
9/1/2011 6:00,33116.25,20,8.91,1.34,4.07,0,14
9/1/2011 7:00,33116.29,23.33,11.03,0.89,3.93,0,145
9/1/2011 8:00,33116.34,27.22,11.27,1.34,3.26,0,342
9/1/2011 9:00,33116.38,31.11,11.04,0.89,4.1,0,536
9/1/2011 10:00,33116.42,31.11,9.97,1.34,3.87,0,699
9/1/2011 11:00,33116.46,32.78,9.03,0.89,3.63,0,817
9/1/2011 12:00,33116.5,33.89,8.63,1.34,3.6,0,883
9/1/2011 13:00,33116.55,36.11,11.19,1.34,3.84,0,878
9/1/2011 14:00,33116.59,36.67,10.24,0.89,4.01,0,817
9/1/2011 15:00,33116.63,36.11,9.78,0.89,4.36,0,694
9/1/2011 16:00,33116.67,36.11,9.02,0.45,5.5,0,524
9/1/2011 17:00,33116.71,36.67,10.24,0.89,5.32,0,327
9/1/2011 18:00,33116.76,32.78,9.66,0.89,4.08,0,85
9/1/2011 19:00,33116.8,29.44,9.59,0.45,5.31,0,9
9/1/2011 20:00,33116.84,26.67,8.15,0.45,1.73,0,2
9/1/2011 21:00,33116.88,25.56,8.09,0.89,4.14,0,3
9/1/2011 22:00,33116.92,25,8.46,0.89,4.52,0,3
9/1/2011 23:00,33116.97,24.44,10.67,2.24,1.47,0,3
9/2/2011 0:00,33117,24.44,12.05,0.45,1.27,0,3
9/2/2011 1:00,33117.04,22.78,9.16,1.34,1.54,0,3
9/2/2011 2:00,33117.08,23.33,12.29,1.79,1.47,0,3
9/2/2011 3:00,33117.13,22.22,10.65,0.89,1.13,0,3
9/2/2011 4:00,33117.17,22.78,12.38,1.79,1.29,0,3
9/2/2011 5:00,33117.21,22.78,12.96,1.79,1.29,0,3
9/2/2011 6:00,33117.25,23.33,12.6,2.68,1.06,0,13
9/2/2011 7:00,33117.29,24.44,11.38,2.24,1.05,0,145
9/2/2011 8:00,33117.34,28.33,13.45,0.45,4.49,0,342
9/2/2011 9:00,33117.38,31.11,12.53,0.45,4.57,0,540
9/2/2011 10:00,33117.42,33.33,12.44,0.45,3.35,0,708
9/2/2011 11:00,33117.46,34.44,11.08,0.89,3.91,0,825
9/2/2011 12:00,33117.5,36.11,11.19,1.34,3.84,0,883
9/2/2011 13:00,33117.55,38.33,11.64,0.89,2.79,0,882
9/2/2011 14:00,33117.59,38.33,10.87,0.89,2.91,0,820
9/2/2011 15:00,33117.63,38.33,9.23,0.89,3.75,0,693
9/2/2011 16:00,33117.67,38.33,8.34,1.34,3.47,0,526
9/2/2011 17:00,33117.71,36.67,7.86,0.45,3.96,0,326
9/2/2011 18:00,33117.76,33.33,8.17,0.89,3.86,0,90
9/2/2011 19:00,33117.8,30.56,7.76,0.45,4.89,0,8
9/2/2011 20:00,33117.84,29.44,6.2,0.45,5.31,0,2
9/2/2011 21:00,33117.88,27.78,9.59,0.45,0.84,0,2
9/2/2011 22:00,33117.92,27.22,9.56,0.89,1.19,0,2
9/2/2011 23:00,33117.97,25,11.18,1.79,1.36,0,3
9/3/2011 0:00,33118,23.89,7.88,0.45,2.97,0,3
9/3/2011 1:00,33118.04,25,12.22,2.24,1.06,0,3
9/3/2011 2:00,33118.08,25,12.56,3.13,1.29,0,3
9/3/2011 3:00,33118.13,24.44,12.05,1.79,1.27,0,3
9/3/2011 4:00,33118.17,22.78,9.16,0.89,1.31,0,3
9/3/2011 5:00,33118.21,22.78,11.47,1.79,0.82,0,3
9/3/2011 6:00,33118.25,23.33,10.7,0.89,1.19,0,12
9/3/2011 7:00,33118.29,26.67,14.09,0.89,1.87,0,137
9/3/2011 8:00,33118.34,28.89,12.76,1.34,0.99,0,334
9/3/2011 9:00,33118.38,31.11,12.05,0.45,3.94,0,527
9/3/2011 10:00,33118.42,34.44,11.69,2.24,1.69,0,689
9/3/2011 11:00,33118.46,34.44,9.79,1.79,3.33,0,798
9/3/2011 12:00,33118.5,36.11,9.02,0.89,4.78,0,864
9/3/2011 13:00,33118.55,37.22,8.31,1.79,4.35,0,858
9/3/2011 14:00,33118.59,39.44,10.14,0.89,4.1,0,801
9/3/2011 15:00,33118.63,38.89,9.68,1.79,3.63,0,676
9/3/2011 16:00,33118.67,38.33,8.34,0.45,5.22,0,513
9/3/2011 17:00,33118.71,37.78,7.89,0.45,3.93,0,318
9/3/2011 18:00,33118.76,35,8.1,0.45,4.15,0,94
9/3/2011 19:00,33118.8,31.67,8.09,0.45,3.61,0,7
9/3/2011 20:00,33118.84,28.89,6.34,0.45,4.78,0,2
9/3/2011 21:00,33118.88,27.22,11.67,1.34,1.57,0,2
9/3/2011 22:00,33118.92,27.78,11.77,1.79,1.43,0,3
9/3/2011 23:00,33118.97,25.56,8.95,0.45,2.48,0,3
9/4/2011 0:00,33119,27.22,13.91,2.68,0.94,0,3
9/4/2011 1:00,33119.04,26.11,10.28,2.68,1.41,0,3
9/4/2011 2:00,33119.08,24.44,10.31,0.45,2.93,0,3
9/4/2011 3:00,33119.13,23.33,8.57,0.89,3.94,0,3
9/4/2011 4:00,33119.17,22.78,8.8,0.89,0.99,0,3
9/4/2011 5:00,33119.21,22.78,11.78,1.79,1.15,0,3
9/4/2011 6:00,33119.25,22.78,11.47,1.79,1.52,0,13
9/4/2011 7:00,33119.29,27.78,14.42,0.45,0.58,0,148
9/4/2011 8:00,33119.34,26.67,10.36,0.45,4.05,0,347
9/4/2011 9:00,33119.38,32.78,10.85,0.89,5.97,0,543
9/4/2011 10:00,33119.42,33.89,9.97,1.34,3.72,0,705
9/4/2011 11:00,33119.46,35,8.1,0.45,3.39,0,829
9/4/2011 12:00,33119.5,36.67,7.86,1.79,4.12,0,889
9/4/2011 13:00,33119.55,38.33,9.23,0.89,4.12,0,888
9/4/2011 14:00,33119.59,37.22,9.95,1.34,3.72,0,814
9/4/2011 15:00,33119.63,39.44,9.25,1.79,3.8,0,692
9/4/2011 16:00,33119.67,37.78,5.97,0.89,3.84,0,519
9/4/2011 17:00,33119.71,37.22,5.52,0.45,3.7,0,319
9/4/2011 18:00,33119.76,34.44,5.17,0.89,3.23,0,96
9/4/2011 19:00,33119.8,30,5.36,0.45,5.81,0,7
9/4/2011 20:00,33119.84,26.67,7.17,0.45,3.61,0,2
9/4/2011 21:00,33119.88,26.11,9.45,1.34,5.6,0,2
9/4/2011 22:00,33119.92,25.56,10.18,0.45,1.66,0,3
9/4/2011 23:00,33119.97,25.56,11.32,2.24,1.33,0,3
9/5/2011 0:00,33120,22.78,9.16,0.89,3.63,0,3
9/5/2011 1:00,33120.04,21.67,9.82,0.89,3.87,0,3
9/5/2011 2:00,33120.08,19.44,10.66,0.45,3.05,0,3
9/5/2011 3:00,33120.13,18.89,9.87,0.89,3.46,0,3
9/5/2011 4:00,33120.17,20,12.46,2.24,0.77,0,3
9/5/2011 5:00,33120.21,21.67,13.79,2.68,1.38,0,3
9/5/2011 6:00,33120.25,22.78,13.51,3.13,1.1,0,12
9/5/2011 7:00,33120.29,21.67,11.05,1.34,4.1,0,136
9/5/2011 8:00,33120.34,26.11,12.19,0.89,4.08,0,331
9/5/2011 9:00,33120.38,28.33,12.67,1.34,4.05,0,528
9/5/2011 10:00,33120.42,30.56,12.96,0.89,3.44,0,675
9/5/2011 11:00,33120.46,33.33,12.98,0.45,2.5,0,801
9/5/2011 12:00,33120.5,34.44,12.28,0.89,3.04,0,856
9/5/2011 13:00,33120.55,36.67,11.66,1.34,4.14,0,864
9/5/2011 14:00,33120.59,36.67,10.97,0.89,3.74,0,799
9/5/2011 15:00,33120.63,37.78,10.41,1.34,3.87,0,675
9/5/2011 16:00,33120.67,37.22,8.31,0.89,3.14,0,507
9/5/2011 17:00,33120.71,36.67,8.69,2.24,4.69,0,309
9/5/2011 18:00,33120.76,33.33,8.85,0.89,3.94,0,103
9/5/2011 19:00,33120.8,29.44,9.07,0.89,3.67,0,7
9/5/2011 20:00,33120.84,27.22,8.63,0.89,3.94,0,2
9/5/2011 21:00,33120.88,25,6.68,0.45,0.66,0,3
9/5/2011 22:00,33120.92,23.89,7.47,0.89,4.31,0,3
9/5/2011 23:00,33120.97,24.44,10.31,1.34,3.6,0,3
9/6/2011 0:00,33121,22.22,7.94,0.45,1.68,0,3
9/6/2011 1:00,33121.04,23.33,11.67,0.45,0.96,0,3
9/6/2011 2:00,33121.08,21.67,9.5,0.45,2.9,0,3
9/6/2011 3:00,33121.13,22.22,11.86,1.79,0.68,0,3
9/6/2011 4:00,33121.17,22.22,12.44,1.79,0.96,0,3
9/6/2011 5:00,33121.21,21.67,11.92,2.24,1.43,0,3
9/6/2011 6:00,33121.25,22.22,11.57,1.79,1.29,0,10
9/6/2011 7:00,33121.29,25.56,13.07,0.45,3.91,0,131
9/6/2011 8:00,33121.34,26.67,11.95,0.89,4.17,0,325
9/6/2011 9:00,33121.38,30,12.91,0.89,4.31,0,516
9/6/2011 10:00,33121.42,31.67,13.02,0.89,4.35,0,676
9/6/2011 11:00,33121.46,33.89,12.93,0.45,4.21,0,786
9/6/2011 12:00,33121.5,35.56,12.03,0.89,3.54,0,847
9/6/2011 13:00,33121.55,36.67,10.24,0.45,1.88,0,847
9/6/2011 14:00,33121.59,38.33,10.07,2.68,3.39,0,778
9/6/2011 15:00,33121.63,37.78,9.61,0.89,4.36,0.02,651
9/6/2011 16:00,33121.67,37.22,10.71,0.89,0.16,0.04,474
9/6/2011 17:00,33121.71,36.11,10.5,1.34,3.84,0.06,279
9/6/2011 18:00,33121.76,33.33,9.5,0.45,4.78,0.08,93
9/6/2011 19:00,33121.8,30,7.88,0.89,3.82,0.1,6
9/6/2011 20:00,33121.84,28.33,7.02,0.89,1.03,0.13,2
9/6/2011 21:00,33121.88,27.22,13.19,1.34,0.94,0.15,2
9/6/2011 22:00,33121.92,26.67,9.94,1.79,1.26,0.17,3
9/6/2011 23:00,33121.97,23.33,7.79,0.89,4.05,0,3
9/7/2011 0:00,33122,26.11,11.82,2.68,1.2,0.21,3
9/7/2011 1:00,33122.04,24.44,8.78,0.45,2.46,0.23,3
9/7/2011 2:00,33122.08,24.44,12.05,0.89,3.89,0.25,3
9/7/2011 3:00,33122.13,24.44,13.01,1.34,1.06,0.27,3
9/7/2011 4:00,33122.17,23.33,12.6,2.68,1.01,0.29,3
9/7/2011 5:00,33122.21,23.33,10.36,3.58,1.19,0.31,3
9/7/2011 6:00,33122.25,24.44,11.03,3.58,1.36,0.33,10
9/7/2011 7:00,33122.29,26.11,11.45,1.34,1.19,0.35,126
9/7/2011 8:00,33122.34,30,12.46,0.45,1.95,0.38,317
9/7/2011 9:00,33122.38,31.11,12.05,0.45,0.72,0.4,508
9/7/2011 10:00,33122.42,33.89,11.81,0.45,4.01,0.42,669
9/7/2011 11:00,33122.46,36.11,11.19,1.34,3.96,0.44,787
9/7/2011 12:00,33122.5,38.89,12.1,2.24,0.51,0.46,840
9/7/2011 13:00,33122.55,39.44,10.99,0.45,3.93,0,839
9/7/2011 14:00,33122.59,40,9.7,0.89,3.98,0,775
9/7/2011 15:00,33122.63,39.44,10.99,0.89,3.51,0,646
9/7/2011 16:00,33122.67,38.89,11.33,0.45,5.97,0,471
9/7/2011 17:00,33122.71,37.22,6.5,1.79,4.68,0,286
9/7/2011 18:00,33122.76,34.44,3.29,1.79,5.13,0,96
9/7/2011 19:00,33122.8,30.56,0.16,0.89,3.18,0,5
9/7/2011 20:00,33122.84,29.44,1.09,0.45,1.71,0,2
9/7/2011 21:00,33122.88,28.33,1.8,0.89,4.15,0,2
9/7/2011 22:00,33122.92,26.67,2.56,0.89,3.98,0,3
9/7/2011 23:00,33122.97,25,8.03,0.45,0.58,0.19,3
9/8/2011 0:00,33123,24.44,4.73,0.89,0.93,0,3
9/8/2011 1:00,33123.04,23.33,5.22,1.79,1.1,0,3
9/8/2011 2:00,33123.08,24.44,11.38,3.13,1.27,0,3
9/8/2011 3:00,33123.13,22.22,8.3,1.34,4.1,0,3
9/8/2011 4:00,33123.17,24.44,10.67,1.34,1.12,0,3
9/8/2011 5:00,33123.21,23.89,12.81,1.79,1.36,0,3
9/8/2011 6:00,33123.25,23.33,12.29,1.34,1.95,0,9
9/8/2011 7:00,33123.29,26.11,12.9,0.89,0.93,0,119
9/8/2011 8:00,33123.34,31.11,13.45,0.89,3.54,0,311
9/8/2011 9:00,33123.38,31.11,11.55,0.45,3.46,0,504
9/8/2011 10:00,33123.42,31.67,9.31,0.45,0.66,0,670
9/8/2011 11:00,33123.46,33.33,7.46,1.79,4.07,0,789
9/8/2011 12:00,33123.5,34.44,7.64,1.34,4.12,0,849
9/8/2011 13:00,33123.55,36.11,8.23,1.79,3.56,0,848
9/8/2011 14:00,33123.59,37.78,7.89,0.45,4.21,0,783
9/8/2011 15:00,33123.63,37.78,6.95,1.34,4.03,0,654
9/8/2011 16:00,33123.67,37.22,5.52,1.79,4.1,0,489
9/8/2011 17:00,33123.71,35,4.7,0.45,4.85,0,290
9/8/2011 18:00,33123.76,32.22,3.36,0.89,3.82,0,96
9/8/2011 19:00,33123.8,30,4.67,0.45,3.77,0,6
9/8/2011 20:00,33123.84,28.33,4.62,1.34,4.08,0,2
9/8/2011 21:00,33123.88,26.67,4.45,0.45,4.73,0,2
9/8/2011 22:00,33123.92,25.56,5.7,0.45,5.34,0,3
9/8/2011 23:00,33123.97,25,2.43,2.68,3.56,0,3
9/9/2011 0:00,33124,23.89,4.25,1.34,1.66,0,3
9/9/2011 1:00,33124.04,24.44,9.18,3.58,0.91,0,3
9/9/2011 2:00,33124.08,25,11.18,1.34,1.45,0,3
9/9/2011 3:00,33124.13,23.33,10.7,2.68,1.43,0,3
9/9/2011 4:00,33124.17,23.33,11.36,3.13,1.15,0,3
9/9/2011 5:00,33124.21,21.67,9.5,0.89,4.12,0,3
9/9/2011 6:00,33124.25,21.67,10.45,1.34,0.68,0,9
9/9/2011 7:00,33124.29,23.89,11.54,0.45,4.17,0,123
9/9/2011 8:00,33124.34,27.22,12.07,0.45,4.24,0,313
9/9/2011 9:00,33124.38,30.56,12.04,0.89,3.54,0,505
9/9/2011 10:00,33124.42,31.11,10.52,0.45,1.13,0,663
9/9/2011 11:00,33124.46,33.89,10.61,2.24,1.68,0,775
9/9/2011 12:00,33124.5,34.44,9.1,1.79,3.7,0,836
9/9/2011 13:00,33124.55,35.56,9.31,1.79,3.25,0,838
9/9/2011 14:00,33124.59,37.78,9.61,0.89,3.46,0,789
9/9/2011 15:00,33124.63,37.22,9.15,1.34,3.6,0,621
9/9/2011 16:00,33124.67,36.11,9.02,0.89,3.23,0,300
9/9/2011 17:00,33124.71,37.78,10.41,0.45,0.54,0,324
9/9/2011 18:00,33124.76,33.89,7.92,2.68,1.12,0,111
9/9/2011 19:00,33124.8,33.33,6.71,1.34,1.45,0,6
9/9/2011 20:00,33124.84,31.67,9.31,4.92,0.42,0,2
9/9/2011 21:00,33124.88,31.11,7.62,3.58,1.29,0,2
9/9/2011 22:00,33124.92,30,7.29,3.13,6.11,0,2
9/9/2011 23:00,33124.97,24.44,5.23,0.89,3.68,0,3
9/10/2011 0:00,33125,29.44,9.07,3.58,0.99,0,2
9/10/2011 1:00,33125.04,29.44,9.59,4.47,0.89,0,2
9/10/2011 2:00,33125.08,27.22,7.65,3.13,3.56,0,2
9/10/2011 3:00,33125.13,26.11,9.45,1.34,3.32,0,2
9/10/2011 4:00,33125.17,26.67,11.57,2.24,3.32,0,3
9/10/2011 5:00,33125.21,25,12.56,4.92,0.98,0,3
9/10/2011 6:00,33125.25,27.22,11.27,2.24,1.82,0,6
9/10/2011 7:00,33125.29,27.22,10.86,0.89,1.57,0,54
9/10/2011 8:00,33125.34,25.56,12.04,2.24,3.6,0,161
9/10/2011 9:00,33125.38,28.89,13.95,1.34,3.86,0,373
9/10/2011 10:00,33125.42,33.89,14.97,1.79,3.68,0,602
9/10/2011 11:00,33125.46,33.33,12.98,3.58,3.67,0,553
9/10/2011 12:00,33125.5,37.22,11.43,0.45,3.67,0,834
9/10/2011 13:00,33125.55,37.22,9.15,1.79,3.67,0,824
9/10/2011 14:00,33125.59,38.33,10.07,1.34,3.8,0,693
9/10/2011 15:00,33125.63,35,8.1,0.45,3.44,0.45,247
9/10/2011 16:00,33125.67,36.67,8.69,0.45,4.73,0.91,323
9/10/2011 17:00,33125.71,35,8.1,0.89,3.75,1.36,195
9/10/2011 18:00,33125.76,31.11,11.55,3.58,1.15,1.82,60
9/10/2011 19:00,33125.8,29.44,13.26,1.34,5.67,2.27,5
9/10/2011 20:00,33125.84,30,12.46,3.13,0.98,2.73,2
9/10/2011 21:00,33125.88,28.89,11.92,3.58,1.05,3.18,2
9/10/2011 22:00,33125.92,27.78,10.05,2.68,3.16,3.64,2
9/10/2011 23:00,33125.97,29.44,9.07,3.58,0.87,0,2
9/11/2011 0:00,33126,26.11,11.45,3.13,1.92,4.55,3
9/11/2011 1:00,33126.04,26.11,10.67,2.24,1.55,5,3
9/11/2011 2:00,33126.08,26.67,13.05,3.13,0.7,5.45,3
9/11/2011 3:00,33126.13,26.67,13.4,3.13,0.91,5.91,3
9/11/2011 4:00,33126.17,25,10.44,0.89,3.91,6.36,3
9/11/2011 5:00,33126.21,23.33,11.03,0.89,4.19,6.82,3
9/11/2011 6:00,33126.25,22.78,11.16,0.89,1.66,7.27,4
9/11/2011 7:00,33126.29,23.33,12.6,0.45,3.98,7.73,17
9/11/2011 8:00,33126.34,21.67,12.74,0.89,3.32,8.18,41
9/11/2011 9:00,33126.38,23.33,14.31,0.89,3.37,8.64,85
9/11/2011 10:00,33126.42,27.78,17.02,0.89,5.65,9.09,238
9/11/2011 11:00,33126.46,26.11,14.55,1.34,5.99,9.55,115
9/11/2011 12:00,33126.5,25.56,17.72,0.89,4.36,10,215
9/11/2011 13:00,33126.55,28.89,16.12,0.89,3.35,8.22,434
9/11/2011 14:00,33126.59,31.67,13.48,2.24,3.94,0,669
9/11/2011 15:00,33126.63,31.11,12.99,1.34,3.7,0.11,428
9/11/2011 16:00,33126.67,31.67,12.53,0.89,3.84,0.22,405
9/11/2011 17:00,33126.71,31.67,13.48,0.45,5.39,0.32,250
9/11/2011 18:00,33126.76,28.33,10.54,0.89,3.4,0.43,33
9/11/2011 19:00,33126.8,25.56,9.78,0.45,4.05,0.54,4
9/11/2011 20:00,33126.84,25,10.82,0.45,1.68,0.65,2
9/11/2011 21:00,33126.88,24.44,11.72,1.79,0.37,0.76,3
9/11/2011 22:00,33126.92,22.78,10.52,1.34,4.29,0.86,3
9/11/2011 23:00,33126.97,26.11,12.19,2.68,1.99,4.09,2
9/12/2011 0:00,33127,20.56,12.74,1.34,3.82,1.08,3
9/12/2011 1:00,33127.04,18.89,12.13,0.89,4.28,1.19,3
9/12/2011 2:00,33127.08,20,13.42,0.45,2.72,1.29,3
9/12/2011 3:00,33127.13,18.89,12.82,0.89,3.84,1.4,3
9/12/2011 4:00,33127.17,18.33,12.73,0.45,3.51,1.51,3
9/12/2011 5:00,33127.21,18.33,13.16,0.89,3.39,1.62,3
9/12/2011 6:00,33127.25,17.78,13.05,0.89,3.75,1.73,11
9/12/2011 7:00,33127.29,21.67,15.25,0.89,4,1.83,153
9/12/2011 8:00,33127.34,25.56,16.67,0.45,3.7,1.94,349
9/12/2011 9:00,33127.38,25.56,15.83,1.34,3.65,2.05,500
9/12/2011 10:00,33127.42,28.33,16.28,1.79,3.72,2.16,686
9/12/2011 11:00,33127.46,29.44,15.94,1.34,3.25,2.27,800
9/12/2011 12:00,33127.5,30.56,15.84,1.34,3.46,2.37,795
9/12/2011 13:00,33127.55,32.78,15.38,0.89,2.37,0,787
9/12/2011 14:00,33127.59,35,15.46,0.45,5.55,0,733
9/12/2011 15:00,33127.63,35.56,15.94,0.89,4.22,0.08,607
9/12/2011 16:00,33127.67,33.89,12.93,0.45,3.53,0.15,446
9/12/2011 17:00,33127.71,32.78,11.96,1.34,3.86,0.23,258
9/12/2011 18:00,33127.76,28.89,11.48,0.89,3.89,0.3,78
9/12/2011 19:00,33127.8,26.67,11.57,0.89,3.44,0.38,4
9/12/2011 20:00,33127.84,26.11,11.82,0.89,5.57,0.46,3
9/12/2011 21:00,33127.88,24.44,11.03,0.45,3.02,0.53,2
9/12/2011 22:00,33127.92,24.44,13.01,1.34,0.96,0.61,3
9/12/2011 23:00,33127.97,21.11,10.54,0.89,3.8,0.97,3
9/13/2011 0:00,33128,23.33,12.6,1.34,1.69,0.76,3
9/13/2011 1:00,33128.04,23.33,13.47,1.34,1.34,0.83,3
9/13/2011 2:00,33128.08,21.67,12.2,1.79,1.69,0.91,3
9/13/2011 3:00,33128.13,22.78,14.84,2.24,1.22,0.99,3
9/13/2011 4:00,33128.17,22.22,13.8,2.24,1.54,1.06,3
9/13/2011 5:00,33128.21,22.22,13.53,2.24,1.29,1.14,3
9/13/2011 6:00,33128.25,21.11,12.75,1.79,1.27,1.21,8
9/13/2011 7:00,33128.29,23.89,13.7,0.45,3.74,1.29,113
9/13/2011 8:00,33128.34,27.22,15.58,0.89,5.72,1.37,299
9/13/2011 9:00,33128.38,27.78,13.33,0.89,4.89,1.44,475
9/13/2011 10:00,33128.42,30,13.76,0.89,3.94,1.52,643
9/13/2011 11:00,33128.46,32.78,13.99,1.34,3.44,1.59,761
9/13/2011 12:00,33128.5,33.33,13.99,0.45,3.14,1.67,807
9/13/2011 13:00,33128.55,34.44,13.94,0.89,4.07,0,799
9/13/2011 14:00,33128.59,35,13.89,0.89,3.67,0,732
9/13/2011 15:00,33128.63,34.44,12.28,0.89,4.85,0.07,608
9/13/2011 16:00,33128.67,36.11,14.3,0.45,1.68,0.14,445
9/13/2011 17:00,33128.71,32.22,12.01,0.89,0.73,0.21,240
9/13/2011 18:00,33128.76,27.22,12.45,7.15,1.05,0.28,48
9/13/2011 19:00,33128.8,26.67,12.32,7.6,0.68,0.35,5
9/13/2011 20:00,33128.84,26.67,11.95,6.71,0.89,0.42,3
9/13/2011 21:00,33128.88,27.22,12.45,4.02,0.91,0.49,2
9/13/2011 22:00,33128.92,26.11,11.82,2.68,0.4,0.56,2
9/13/2011 23:00,33128.97,23.33,12.89,0.45,5.32,0.68,3
9/14/2011 0:00,33129,25.56,11.32,4.02,0.52,0.7,3
9/14/2011 1:00,33129.04,25,11.18,4.92,0.73,0.77,3
9/14/2011 2:00,33129.08,24.44,11.38,4.02,0.87,0.84,3
9/14/2011 3:00,33129.13,25,11.53,2.68,0.93,0.91,3
9/14/2011 4:00,33129.17,23.89,10.52,2.68,0.86,0.98,3
9/14/2011 5:00,33129.21,24.44,11.38,1.79,0.94,1.05,3
9/14/2011 6:00,33129.25,23.89,10.17,1.79,1.27,1.12,7
9/14/2011 7:00,33129.29,25,11.53,1.79,1.17,1.18,111
9/14/2011 8:00,33129.34,26.67,11.57,0.89,1.17,1.25,294
9/14/2011 9:00,33129.38,32.22,13.02,0.45,5.03,1.32,480
9/14/2011 10:00,33129.42,33.89,12.37,0,1.57,1.39,641
9/14/2011 11:00,33129.46,33.33,11.33,1.34,5.25,1.46,754
9/14/2011 12:00,33129.5,33.89,11.22,0.45,3.96,1.53,806
9/14/2011 13:00,33129.55,35.56,12.03,0.89,4,0,799
9/14/2011 14:00,33129.59,35.56,11.39,1.34,5.59,0,732
9/14/2011 15:00,33129.63,35.56,10.03,1.34,5.74,0.08,607
9/14/2011 16:00,33129.67,36.11,10.5,0.89,3.09,0.16,437
9/14/2011 17:00,33129.71,34.44,9.79,0.89,3.8,0.24,255
9/14/2011 18:00,33129.76,30.56,9.49,0.45,3.74,0.33,82
9/14/2011 19:00,33129.8,29.44,9.59,0.45,3.82,0.41,6
9/14/2011 20:00,33129.84,28.33,9.61,1.34,0.37,0.49,2
9/14/2011 21:00,33129.88,27.22,12.45,3.13,0.72,0.57,2
9/14/2011 22:00,33129.92,27.78,14.06,2.24,0.63,0.65,3
9/14/2011 23:00,33129.97,25.56,11.32,3.13,0.51,0.63,3
9/15/2011 0:00,33130,25.56,11.32,0.45,5.97,0.82,3
9/15/2011 1:00,33130.04,23.89,10.87,0.89,4.17,0.9,3
9/15/2011 2:00,33130.08,23.89,11.21,0.89,4.1,0.98,3
9/15/2011 3:00,33130.13,21.67,10.14,0.45,3.67,1.06,3
9/15/2011 4:00,33130.17,22.78,10.84,0.45,0.4,1.14,3
9/15/2011 5:00,33130.21,22.78,12.08,0.89,1.73,1.22,3
9/15/2011 6:00,33130.25,18.89,9.87,0.45,4.61,1.31,7
9/15/2011 7:00,33130.29,22.78,11.78,0.45,2.01,1.39,106
9/15/2011 8:00,33130.34,27.78,14.06,0.45,3.77,1.47,294
9/15/2011 9:00,33130.38,30.56,12.96,0.89,3.87,1.55,481
9/15/2011 10:00,33130.42,31.67,13.02,1.79,3.6,1.63,638
9/15/2011 11:00,33130.46,32.22,12.01,1.34,3.8,1.71,748
9/15/2011 12:00,33130.5,35,13.89,0.45,3.56,1.8,798
9/15/2011 13:00,33130.55,35,12.17,0,5.88,0,794
9/15/2011 14:00,33130.59,36.11,11.86,1.34,3.93,0,722
9/15/2011 15:00,33130.63,35,10.26,2.24,4.12,0.07,597
9/15/2011 16:00,33130.67,35.56,11.39,1.79,4.08,0.13,423
9/15/2011 17:00,33130.71,33.89,10.61,0.89,3.91,0.2,238
9/15/2011 18:00,33130.76,29.44,9.59,0.89,3.84,0.27,66
9/15/2011 19:00,33130.8,26.67,8.15,0.89,5.17,0.34,3
9/15/2011 20:00,33130.84,23.89,5.24,0.45,4.21,0.4,2
9/15/2011 21:00,33130.88,22.22,4.7,0.89,4.36,0.47,3
9/15/2011 22:00,33130.92,20,5.93,0.45,3.96,0.54,3
9/15/2011 23:00,33130.97,26.11,11.45,0.89,3.8,0.73,3
9/16/2011 0:00,33131,17.22,8.83,1.34,3.98,0.67,3
9/16/2011 1:00,33131.04,17.22,9.58,0.89,3.77,0.74,3
9/16/2011 2:00,33131.08,16.11,8.77,0.89,4.05,0.81,3
9/16/2011 3:00,33131.13,16.11,9.01,0.89,3.79,0.88,3
9/16/2011 4:00,33131.17,15,8.42,1.34,3.91,0.94,3
9/16/2011 5:00,33131.21,15,8.87,0.45,5.45,1.01,3
9/16/2011 6:00,33131.25,16.11,10.38,1.79,1.48,1.08,6
9/16/2011 7:00,33131.29,20.56,12.23,1.79,3.89,1.15,91
9/16/2011 8:00,33131.34,20.56,11.7,1.34,3.93,1.21,277
9/16/2011 9:00,33131.38,23.89,12.81,0.89,4.47,1.28,467
9/16/2011 10:00,33131.42,26.67,13.05,0.45,4.1,1.35,631
9/16/2011 11:00,33131.46,27.22,10.86,1.34,3.04,1.42,742
9/16/2011 12:00,33131.5,30,10.07,0.45,0.65,1.48,800
9/16/2011 13:00,33131.55,30.56,7.14,1.34,3.93,0,793
9/16/2011 14:00,33131.59,30.56,7.14,1.34,4.15,0,730
9/16/2011 15:00,33131.63,30.56,7.14,0.89,4.36,0,602
9/16/2011 16:00,33131.67,30.56,5.83,0.89,4.35,0,446
9/16/2011 17:00,33131.71,28.89,5.73,0.89,3.56,0,257
9/16/2011 18:00,33131.76,25,4.16,0.45,3.21,0,68
9/16/2011 19:00,33131.8,23.33,6.98,0.45,4.1,0,4
9/16/2011 20:00,33131.84,22.78,6.89,0.45,1.87,0,3
9/16/2011 21:00,33131.88,20.56,9.12,0.89,3.86,0,3
9/16/2011 22:00,33131.92,17.78,8.83,1.34,3.8,0,3
9/16/2011 23:00,33131.97,18.33,7.96,0.45,4.14,0.61,3
9/17/2011 0:00,33132,15.56,8.25,0.89,4.15,0,3
9/17/2011 1:00,33132.04,15,8.19,0.89,3.86,0,3
9/17/2011 2:00,33132.08,15.56,8.72,0.89,3.28,0,3
9/17/2011 3:00,33132.13,16.67,10.24,0.89,1.52,0,3
9/17/2011 4:00,33132.17,15,8.65,0.89,3.68,0,3
9/17/2011 5:00,33132.21,13.89,7.81,0.89,3.84,0,3
9/17/2011 6:00,33132.25,14.44,8.99,2.24,1.33,0,6
9/17/2011 7:00,33132.29,17.78,10.83,0.89,3.6,0,96
9/17/2011 8:00,33132.34,19.44,10.92,1.79,3.6,0,294
9/17/2011 9:00,33132.38,23.33,11.99,2.24,3.72,0,477
9/17/2011 10:00,33132.42,25.56,12.39,0.89,4.52,0,644
9/17/2011 11:00,33132.46,26.67,11.17,0.89,3.67,0,753
9/17/2011 12:00,33132.5,29.44,11.97,0.45,3.42,0,810
9/17/2011 13:00,33132.55,30.56,10.56,0.45,5.65,0,798
9/17/2011 14:00,33132.59,30.56,8.94,0.45,5.29,0,727
9/17/2011 15:00,33132.63,32.22,9.79,1.34,3.75,0,606
9/17/2011 16:00,33132.67,31.67,9.31,0.89,3.09,0,432
9/17/2011 17:00,33132.71,28.89,8.05,1.79,3.86,0,238
9/17/2011 18:00,33132.76,26.67,7.66,0.89,4.94,0,57
9/17/2011 19:00,33132.8,23.89,6.61,0.45,3.89,0,3
9/17/2011 20:00,33132.84,22.78,7.68,1.34,5.6,0,3
9/17/2011 21:00,33132.88,23.33,7.79,0.45,2.97,0,3
9/17/2011 22:00,33132.92,22.78,10.19,2.24,1.29,0,3
9/17/2011 23:00,33132.97,16.67,8.81,0.45,4.24,0,3
9/18/2011 0:00,33133,21.11,9.94,0.89,1.66,0,3
9/18/2011 1:00,33133.04,19.44,9.28,0.45,1.99,0,3
9/18/2011 2:00,33133.08,20,10.64,4.02,1.15,0,3
9/18/2011 3:00,33133.13,20,10.64,2.68,1.24,0,3
9/18/2011 4:00,33133.17,19.44,10.39,0.45,3.61,0,3
9/18/2011 5:00,33133.21,18.89,10.66,1.79,1.2,0,3
9/18/2011 6:00,33133.25,18.89,11.65,2.24,1.12,0,6
9/18/2011 7:00,33133.29,20.56,12.23,1.79,1.48,0,99
9/18/2011 8:00,33133.34,25.56,14.04,0.45,5.29,0,295
9/18/2011 9:00,33133.38,30,14.17,1.34,6.14,0,484
9/18/2011 10:00,33133.42,29.44,11.52,2.68,3.67,0,644
9/18/2011 11:00,33133.46,31.11,11.04,0.89,5.62,0,742
9/18/2011 12:00,33133.5,32.78,10.85,0.89,2.37,0,808
9/18/2011 13:00,33133.55,33.89,10.61,0.89,2.71,0,802
9/18/2011 14:00,33133.59,34.44,10.45,0.89,4.08,0,735
9/18/2011 15:00,33133.63,35.56,10.03,0.45,5.18,0,607
9/18/2011 16:00,33133.67,35,10.26,0.45,2.76,0,435
9/18/2011 17:00,33133.71,32.78,10.26,0.89,4.14,0,240
9/18/2011 18:00,33133.76,28.89,10.1,0.89,1.76,0,57
9/18/2011 19:00,33133.8,26.11,9.87,0.45,4.78,0,3
9/18/2011 20:00,33133.84,25,8.46,0.45,4.07,0,3
9/18/2011 21:00,33133.88,25,9.68,0.45,3.28,0,3
9/18/2011 22:00,33133.92,24.44,12.05,1.79,1.4,0,3
9/18/2011 23:00,33133.97,22.22,10.96,0.89,1.48,0,3
9/19/2011 0:00,33134,22.78,10.52,0.89,3.54,0,3
9/19/2011 1:00,33134.04,22.22,12.15,2.68,1.12,0,3
9/19/2011 2:00,33134.08,22.22,12.15,2.68,1.33,0,3
9/19/2011 3:00,33134.13,21.11,11.4,2.68,1.2,0,3
9/19/2011 4:00,33134.17,21.11,11.4,1.79,0.72,0,3
9/19/2011 5:00,33134.21,20.56,11.16,1.79,1.47,0,3
9/19/2011 6:00,33134.25,20.56,11.43,1.79,1.31,0,6
9/19/2011 7:00,33134.29,22.22,10.96,1.79,1.34,0,97
9/19/2011 8:00,33134.34,26.11,12.9,1.34,0.07,0,292
9/19/2011 9:00,33134.38,32.22,14.43,0.89,4.24,0,482
9/19/2011 10:00,33134.42,33.89,12.93,0.89,3.58,0,640
9/19/2011 11:00,33134.46,32.78,11.41,0.89,3.84,0,752
9/19/2011 12:00,33134.5,33.89,11.22,0.89,3.98,0,806
9/19/2011 13:00,33134.55,36.11,11.86,1.79,3.79,0,796
9/19/2011 14:00,33134.59,36.67,10.24,1.79,4.01,0,726
9/19/2011 15:00,33134.63,37.78,10.41,1.79,3.89,0,599
9/19/2011 16:00,33134.67,35.56,9.31,0.89,4,0,426
9/19/2011 17:00,33134.71,35,9.57,0.89,4.28,0,235
9/19/2011 18:00,33134.76,31.67,8.71,0.45,4.22,0,53
9/19/2011 19:00,33134.8,30,8.46,0.45,5.06,0,3
9/19/2011 20:00,33134.84,26.67,8.15,0.45,6.11,0,2
9/19/2011 21:00,33134.88,25.56,10.95,0.89,1.71,0,3
9/19/2011 22:00,33134.92,25,10.82,1.79,1.52,0,3
9/19/2011 23:00,33134.97,23.33,12.6,2.68,1.34,0,3
9/20/2011 0:00,33135,25,10.07,0.89,1.41,0,3
9/20/2011 1:00,33135.04,23.33,10.7,2.68,1.13,0,3
9/20/2011 2:00,33135.08,23.89,11.54,2.68,1.41,0,3
9/20/2011 3:00,33135.13,23.33,10.02,0.89,1.88,0,3
9/20/2011 4:00,33135.17,23.33,11.36,1.34,1.08,0,3
9/20/2011 5:00,33135.21,21.67,11.35,2.68,1.12,0,3
9/20/2011 6:00,33135.25,22.78,11.47,2.68,1.33,0,6
9/20/2011 7:00,33135.29,25.56,11.68,0.89,1.48,0,96
9/20/2011 8:00,33135.34,30,16.08,0.45,0.63,0,288
9/20/2011 9:00,33135.38,33.89,15.91,0.45,3.39,0,478
9/20/2011 10:00,33135.42,34.44,12.86,1.34,3.94,0,639
9/20/2011 11:00,33135.46,35,12.17,0.89,3.74,0,750
9/20/2011 12:00,33135.5,36.11,11.19,1.79,4.07,0,802
9/20/2011 13:00,33135.55,37.22,12.13,0.89,3.72,0,793
9/20/2011 14:00,33135.59,37.22,9.95,0.45,4.4,0,722
9/20/2011 15:00,33135.63,37.22,9.95,1.34,3.93,0.01,597
9/20/2011 16:00,33135.67,36.67,10.97,1.34,3.94,0.03,419
9/20/2011 17:00,33135.71,36.11,11.86,0.89,3.68,0.04,225
9/20/2011 18:00,33135.76,32.22,10.93,0.89,4.54,0.06,51
9/20/2011 19:00,33135.8,29.44,9.59,1.34,5.27,0.07,3
9/20/2011 20:00,33135.84,29.44,11.06,1.34,0.12,0.09,2
9/20/2011 21:00,33135.88,27.78,10.49,0.45,5.04,0.1,2
9/20/2011 22:00,33135.92,26.67,11.57,1.34,0.56,0.11,3
9/20/2011 23:00,33135.97,25.56,10.95,2.68,1.33,0,3
9/21/2011 0:00,33136,25,10.44,1.34,1.99,0.14,3
9/21/2011 1:00,33136.04,24.44,11.72,1.79,0.93,0.16,3
9/21/2011 2:00,33136.08,24.44,11.38,2.24,1.22,0.17,3
9/21/2011 3:00,33136.13,23.89,10.52,1.79,1.2,0.18,3
9/21/2011 4:00,33136.17,22.78,11.16,3.13,1.13,0.2,3
9/21/2011 5:00,33136.21,22.78,11.16,2.24,1.06,0.21,3
9/21/2011 6:00,33136.25,22.78,10.19,2.68,1.48,0.23,5
9/21/2011 7:00,33136.29,25,11.53,1.34,1.57,0.24,88
9/21/2011 8:00,33136.34,28.33,13.07,0.45,3.75,0.26,283
9/21/2011 9:00,33136.38,35,14.43,0,4.85,0.27,472
9/21/2011 10:00,33136.42,35,13.34,1.34,3.96,0.28,629
9/21/2011 11:00,33136.46,35,12.17,1.34,3.58,0.3,740
9/21/2011 12:00,33136.5,35.56,12.03,0.45,4.1,0.31,793
9/21/2011 13:00,33136.55,38.33,11.64,0.45,4.75,0,787
9/21/2011 14:00,33136.59,38.89,12.1,0.89,4.24,0,718
9/21/2011 15:00,33136.63,37.78,11.9,0.89,2.83,0,592
9/21/2011 16:00,33136.67,37.22,10.71,1.34,4.14,0,327
9/21/2011 17:00,33136.71,35,10.26,0.89,3.72,0,141
9/21/2011 18:00,33136.76,31.67,8.71,0.89,4.12,0,39
9/21/2011 19:00,33136.8,30,7.88,0.45,4.21,0,3
9/21/2011 20:00,33136.84,28.89,7.5,0.45,3.47,0,2
9/21/2011 21:00,33136.88,27.78,9.59,1.34,1.2,0,2
9/21/2011 22:00,33136.92,27.78,11.35,2.68,1.47,0,2
9/21/2011 23:00,33136.97,26.67,11.95,1.79,1.19,0.13,3
9/22/2011 0:00,33137,25.56,9.37,0.89,3.25,0,3
9/22/2011 1:00,33137.04,24.44,11.72,0.89,1.24,0,3
9/22/2011 2:00,33137.08,24.44,9.57,0.89,0.96,0,3
9/22/2011 3:00,33137.13,25,10.44,2.24,1.27,0,3
9/22/2011 4:00,33137.17,24.44,8.78,1.79,1.08,0,3
9/22/2011 5:00,33137.21,23.89,9.44,1.34,1.54,0,3
9/22/2011 6:00,33137.25,22.78,10.52,1.34,0.84,0,5
9/22/2011 7:00,33137.29,23.89,11.21,0.89,1.4,0,86
9/22/2011 8:00,33137.34,27.22,11.67,1.34,1.27,0,283
9/22/2011 9:00,33137.38,35,13.34,0.45,4,0,472
9/22/2011 10:00,33137.42,35,10.92,0.89,4.21,0,633
9/22/2011 11:00,33137.46,35,10.92,0.45,3.72,0,743
9/22/2011 12:00,33137.5,36.11,11.86,0.89,2.64,0,792
9/22/2011 13:00,33137.55,39.44,11.79,1.79,3.7,0,785
9/22/2011 14:00,33137.59,38.89,11.33,1.34,3.67,0,712
9/22/2011 15:00,33137.63,38.89,12.1,0.89,4.01,0,576
9/22/2011 16:00,33137.67,37.78,11.17,0.45,3.8,0,403
9/22/2011 17:00,33137.71,37.22,11.43,0.89,3.91,0,211
9/22/2011 18:00,33137.76,33.33,9.5,0.89,3.16,0,43
9/22/2011 19:00,33137.8,30.56,9.49,0.89,6.11,0,3
9/22/2011 20:00,33137.84,31.11,10.52,0.89,0.49,0,2
9/22/2011 21:00,33137.88,28.89,11.92,2.68,0.72,0,2
9/22/2011 22:00,33137.92,27.78,13.7,2.68,0.8,0,2
9/22/2011 23:00,33137.97,26.67,12.69,1.34,0.26,0,3
9/23/2011 0:00,33138,27.78,11.35,1.34,1.69,0,3
9/23/2011 1:00,33138.04,25.56,12.04,0.89,6.16,0,3
9/23/2011 2:00,33138.08,26.11,9.87,1.34,3.6,0,3
9/23/2011 3:00,33138.13,25.56,11.32,0.89,0.1,0,3
9/23/2011 4:00,33138.17,25.56,12.39,0.89,0.38,0,3
9/23/2011 5:00,33138.21,24.44,11.03,2.24,1.5,0,3
9/23/2011 6:00,33138.25,25.56,7.17,1.34,1.57,0,5
9/23/2011 7:00,33138.29,25.56,8.52,0.89,3.75,0,69
9/23/2011 8:00,33138.34,30,12.91,1.34,6.02,0,285
9/23/2011 9:00,33138.38,31.11,12.05,1.34,3.77,0,475
9/23/2011 10:00,33138.42,35,10.92,0.45,4.08,0,635
9/23/2011 11:00,33138.46,35,9.57,0.89,3.61,0,745
9/23/2011 12:00,33138.5,35.56,10.03,1.34,3.93,0,791
9/23/2011 13:00,33138.55,38.89,10.53,0.89,4.54,0,780
9/23/2011 14:00,33138.59,39.44,10.14,1.79,4.05,0,706
9/23/2011 15:00,33138.63,39.44,10.14,0.89,3.11,0,576
9/23/2011 16:00,33138.67,40.56,11.05,1.34,3.96,0,404
9/23/2011 17:00,33138.71,36.67,9.48,0.89,4.35,0,198
9/23/2011 18:00,33138.76,34.44,9.79,0.45,1.01,0,44
9/23/2011 19:00,33138.8,31.11,9.42,0.45,4.33,0,2
9/23/2011 20:00,33138.84,31.11,9.42,1.34,0.51,0,2
9/23/2011 21:00,33138.88,30.56,10.03,0.89,2.71,0,2
9/23/2011 22:00,33138.92,30,11.07,0.89,4,0,2
9/23/2011 23:00,33138.97,28.33,12.67,2.68,1.22,0,3
9/24/2011 0:00,33139,30.56,12.04,1.79,0.65,0,2
9/24/2011 1:00,33139.04,27.78,10.93,2.24,4.01,0,3
9/24/2011 2:00,33139.08,26.11,11.82,2.24,0.12,0,2
9/24/2011 3:00,33139.13,25.56,13.72,3.13,0.94,0,3
9/24/2011 4:00,33139.17,25.56,13.4,4.02,0.79,0,3
9/24/2011 5:00,33139.21,26.67,13.4,3.58,0.93,0,3
9/24/2011 6:00,33139.25,26.11,11.07,3.13,1.45,0,5
9/24/2011 7:00,33139.29,26.11,10.67,0.89,4.42,0,73
9/24/2011 8:00,33139.34,28.89,12.34,0.45,3.11,0,239
9/24/2011 9:00,33139.38,26.67,11.95,0.89,5.69,0,174
9/24/2011 10:00,33139.42,33.33,12.44,1.34,2.65,0,632
9/24/2011 11:00,33139.46,35,10.92,1.34,3.79,0,730
9/24/2011 12:00,33139.5,36.11,11.19,1.79,3.33,0,784
9/24/2011 13:00,33139.55,37.22,10.71,1.34,3.77,0,746
9/24/2011 14:00,33139.59,36.67,10.24,2.68,3.77,0,680
9/24/2011 15:00,33139.63,36.67,8.69,1.34,4.12,0.14,561
9/24/2011 16:00,33139.67,36.11,9.02,0.89,3.65,0.29,413
9/24/2011 17:00,33139.71,33.89,7.18,1.34,5.62,0.43,201
9/24/2011 18:00,33139.76,30,7.88,0.45,3.14,0.57,46
9/24/2011 19:00,33139.8,26.11,8.12,0.89,4.75,0.72,3
9/24/2011 20:00,33139.84,23.89,6.61,0.45,5.32,0.86,2
9/24/2011 21:00,33139.88,21.67,5.9,1.34,3.79,1,3
9/24/2011 22:00,33139.92,20,6.98,2.68,4.42,1.15,3
9/24/2011 23:00,33139.97,31.11,10.52,1.79,1.95,0,2
9/25/2011 0:00,33140,17.22,7.77,0.89,4.28,1.43,3
9/25/2011 1:00,33140.04,15.56,7.76,0.89,3.87,1.58,3
9/25/2011 2:00,33140.08,15.56,9.18,0.45,3.8,1.72,3
9/25/2011 3:00,33140.13,15,9.09,0.89,4.22,1.86,3
9/25/2011 4:00,33140.17,14.44,9.21,0.45,4.07,2.01,3
9/25/2011 5:00,33140.21,13.89,9.29,0.89,3.72,2.15,3
9/25/2011 6:00,33140.25,13.89,9.49,0.45,2.86,2.29,5
9/25/2011 7:00,33140.29,17.22,11.88,0.45,3.98,2.44,82
9/25/2011 8:00,33140.34,20.56,12.48,0.89,3.37,2.58,275
9/25/2011 9:00,33140.38,22.78,12.67,1.34,3.47,2.72,446
9/25/2011 10:00,33140.42,25,13.53,0.89,3.77,2.87,612
9/25/2011 11:00,33140.46,23.33,11.36,1.79,1.38,3.01,711
9/25/2011 12:00,33140.5,26.67,11.95,2.24,0.77,3.15,728
9/25/2011 13:00,33140.55,25,9.68,1.34,3.98,6.06,551
9/25/2011 14:00,33140.59,28.33,10.99,0.45,3.82,2.74,586
9/25/2011 15:00,33140.63,27.78,10.05,2.68,4.22,2.66,498
9/25/2011 16:00,33140.67,25.56,9.78,1.34,5.03,2.57,320
9/25/2011 17:00,33140.71,23.33,11.03,1.34,4.24,2.49,101
9/25/2011 18:00,33140.76,21.67,10.75,0.89,4.14,2.41,55
9/25/2011 19:00,33140.8,19.44,10.92,0.45,4.85,2.33,3
9/25/2011 20:00,33140.84,18.89,11.41,0.89,4.12,2.25,3
9/25/2011 21:00,33140.88,17.78,11.3,0.89,3.39,2.16,3
9/25/2011 22:00,33140.92,17.78,12.2,0.45,4.05,2.08,3
9/25/2011 23:00,33140.97,18.89,8.48,0.89,4.29,1.29,3
9/26/2011 0:00,33141,17.22,12.51,0.89,3.93,1.92,3
9/26/2011 1:00,33141.04,16.11,11.23,0.89,3.56,1.84,3
9/26/2011 2:00,33141.08,15.56,11.31,0.89,3.72,1.75,3
9/26/2011 3:00,33141.13,15,10.97,0.89,3.8,1.67,3
9/26/2011 4:00,33141.17,13.89,10.46,0.89,4.08,1.59,3
9/26/2011 5:00,33141.21,15,11.74,1.34,0.21,1.51,3
9/26/2011 6:00,33141.25,13.89,10.46,1.34,4.07,1.43,5
9/26/2011 7:00,33141.29,15,11.36,1.34,3.91,1.34,78
9/26/2011 8:00,33141.34,18.89,13.7,0.89,3.94,1.26,276
9/26/2011 9:00,33141.38,23.33,15.87,1.34,3.53,1.18,457
9/26/2011 10:00,33141.42,24.44,15.08,0.89,3.67,1.1,611
9/26/2011 11:00,33141.46,26.67,14.74,0.89,4.1,1.02,718
9/26/2011 12:00,33141.5,26.67,13.05,0.89,5.46,0.93,770
9/26/2011 13:00,33141.55,28.33,12.67,1.34,3.79,0,760
9/26/2011 14:00,33141.59,30,12.46,0.89,4.71,0,685
9/26/2011 15:00,33141.63,30,12.01,1.79,4.15,0.07,556
9/26/2011 16:00,33141.67,28.89,11.48,0.45,4.97,0.13,385
9/26/2011 17:00,33141.71,27.78,12.17,1.34,3.67,0.2,193
9/26/2011 18:00,33141.76,23.89,11.21,0.89,3.7,0.26,31
9/26/2011 19:00,33141.8,22.22,10.65,0.89,4.01,0.33,3
9/26/2011 20:00,33141.84,21.67,10.45,0.45,3.68,0.39,3
9/26/2011 21:00,33141.88,21.11,10.24,0.45,5.72,0.46,3
9/26/2011 22:00,33141.92,20.56,10.31,0.89,1.43,0.53,3
9/26/2011 23:00,33141.97,16.67,11.77,0.45,3.46,2,3
9/27/2011 0:00,33142,21.11,13.51,1.34,1.41,0.66,3
9/27/2011 1:00,33142.04,18.89,11.41,0.89,3.7,0.72,3
9/27/2011 2:00,33142.08,18.33,11.6,1.79,1.75,0.79,3
9/27/2011 3:00,33142.13,19.44,12.66,2.68,1.13,0.85,3
9/27/2011 4:00,33142.17,18.89,12.59,2.68,1.38,0.92,3
9/27/2011 5:00,33142.21,18.89,12.59,2.68,1.48,0.99,3
9/27/2011 6:00,33142.25,17.78,11.53,0.89,4.63,1.05,5
9/27/2011 7:00,33142.29,20,13.18,0.89,4.08,1.12,76
9/27/2011 8:00,33142.34,23.89,15.37,0.45,5.38,1.18,270
9/27/2011 9:00,33142.38,31.11,20.12,0.45,3.93,1.25,453
9/27/2011 10:00,33142.42,29.44,15.94,0.45,3.67,1.31,605
9/27/2011 11:00,33142.46,29.44,14.07,1.79,3.6,1.38,714
9/27/2011 12:00,33142.5,30.56,13.83,1.34,3.93,1.45,760
9/27/2011 13:00,33142.55,32.22,13.98,0.45,6.13,0,750
9/27/2011 14:00,33142.59,33.33,13.99,1.34,4.31,0,675
9/27/2011 15:00,33142.63,32.78,12.49,1.34,4.21,0.17,548
9/27/2011 16:00,33142.67,32.78,11.96,1.79,4.12,0.34,375
9/27/2011 17:00,33142.71,30.56,11.06,1.34,3.4,0.52,188
9/27/2011 18:00,33142.76,26.67,10.36,0.89,3.7,0.69,29
9/27/2011 19:00,33142.8,26.11,11.45,0.45,3.51,0.86,3
9/27/2011 20:00,33142.84,25.56,11.32,0.45,3.79,1.03,3
9/27/2011 21:00,33142.88,23.33,10.36,0.45,5.43,1.21,3
9/27/2011 22:00,33142.92,23.33,12.29,1.79,1.2,1.38,3
9/27/2011 23:00,33142.97,20.56,12.23,2.24,1.41,0.59,3
9/28/2011 0:00,33143,21.67,13.01,2.24,1.54,1.72,3
9/28/2011 1:00,33143.04,22.22,13.53,2.68,1.22,1.89,3
9/28/2011 2:00,33143.08,21.11,13.26,2.68,1.34,2.07,3
9/28/2011 3:00,33143.13,21.67,13.79,1.79,1.36,2.24,3
9/28/2011 4:00,33143.17,21.11,14,2.24,1.27,2.41,3
9/28/2011 5:00,33143.21,20,13.18,2.68,1.29,2.58,3
9/28/2011 6:00,33143.25,20.56,13.47,2.68,1.12,2.76,4
9/28/2011 7:00,33143.29,21.67,12.74,3.58,1.15,2.93,74
9/28/2011 8:00,33143.34,23.89,13.7,1.79,1.13,3.1,258
9/28/2011 9:00,33143.38,31.67,18.67,0.89,5.71,3.27,444
9/28/2011 10:00,33143.42,32.78,15.81,0.45,2.71,3.44,622
9/28/2011 11:00,33143.46,32.78,14.47,1.34,3.86,3.62,750
9/28/2011 12:00,33143.5,34.44,14.46,1.34,5.88,3.79,695
9/28/2011 13:00,33143.55,35.56,13.82,1.34,3.53,0,716
9/28/2011 14:00,33143.59,35,11.55,0.89,4,0,605
9/28/2011 15:00,33143.63,35,12.17,0.45,1.69,0.08,340
9/28/2011 16:00,33143.67,34.44,10.45,0.89,4,0.16,355
9/28/2011 17:00,33143.71,35.56,11.39,0.89,3.74,0.23,216
9/28/2011 18:00,33143.76,30.56,9.49,0.45,3.82,0.31,37
9/28/2011 19:00,33143.8,29.44,10.58,0.45,0.8,0.39,2
9/28/2011 20:00,33143.84,28.33,10.99,0.89,5.62,0.47,2
9/28/2011 21:00,33143.88,26.11,12.9,0.45,5.5,0.54,3
9/28/2011 22:00,33143.92,25.56,12.39,1.79,0.91,0.62,3
9/28/2011 23:00,33143.97,22.78,11.78,0.89,1.95,1.55,3
9/29/2011 0:00,33144,23.89,12.19,1.79,1.41,0.78,3
9/29/2011 1:00,33144.04,24.44,11.72,0.89,1.36,0.86,3
9/29/2011 2:00,33144.08,22.78,10.84,0.89,3.63,0.93,3
9/29/2011 3:00,33144.13,22.22,12.44,2.24,0.98,1.01,3
9/29/2011 4:00,33144.17,23.33,11.99,0.89,3.49,1.09,3
9/29/2011 5:00,33144.21,21.67,11.05,0.45,3.39,1.17,3
9/29/2011 6:00,33144.25,21.67,10.75,0.45,3.09,1.24,7
9/29/2011 7:00,33144.29,24.44,13.93,0.89,1.83,1.32,113
9/29/2011 8:00,33144.34,30.56,17.65,0.89,5.78,1.4,340
9/29/2011 9:00,33144.38,35,17.35,0.89,3.74,1.48,525
9/29/2011 10:00,33144.42,32.78,13.99,1.34,3.72,1.56,664
9/29/2011 11:00,33144.46,33.89,13.46,0.45,3.35,1.63,737
9/29/2011 12:00,33144.5,34.44,12.86,0.45,3.63,1.71,748
9/29/2011 13:00,33144.55,35.56,12.64,1.79,3.8,0,732
9/29/2011 14:00,33144.59,38.33,13.07,1.34,3.93,0,670
9/29/2011 15:00,33144.63,38.33,13.07,0.89,5.81,0.1,537
9/29/2011 16:00,33144.67,38.89,13.54,0.45,3.63,0.2,365
9/29/2011 17:00,33144.71,35.56,11.39,0.45,4.76,0.3,173
9/29/2011 18:00,33144.76,30.56,11.06,0.89,4.71,0.4,22
9/29/2011 19:00,33144.8,29.44,11.06,0.89,5.11,0.5,2
9/29/2011 20:00,33144.84,28.33,10.08,0.89,5.81,0.6,3
9/29/2011 21:00,33144.88,26.67,11.17,0.89,4.08,0.69,3
9/29/2011 22:00,33144.92,23.33,11.67,0.89,4.17,0.79,3
9/29/2011 23:00,33144.97,23.89,12.81,2.24,1.43,0.7,3
9/30/2011 0:00,33145,22.78,12.96,1.34,0.89,0.99,3
9/30/2011 1:00,33145.04,22.22,12.99,0.89,4.14,1.09,3
9/30/2011 2:00,33145.08,22.22,13.27,1.79,1.45,1.19,3
9/30/2011 3:00,33145.13,22.22,13.27,1.79,1.2,1.29,3
9/30/2011 4:00,33145.17,22.22,12.72,1.79,1.06,1.39,3
9/30/2011 5:00,33145.21,22.78,12.67,1.79,1.33,1.49,3
9/30/2011 6:00,33145.25,20.56,11.97,0.45,2.65,1.59,4
9/30/2011 7:00,33145.29,21.11,12.75,0.89,4.05,1.69,62
9/30/2011 8:00,33145.34,25.56,15.26,0.45,2.95,1.79,236
9/30/2011 9:00,33145.38,31.11,16.35,0.89,3.6,1.89,419
9/30/2011 10:00,33145.42,30,13.76,1.34,3.84,1.98,576
9/30/2011 11:00,33145.46,30.56,14.25,1.34,1.55,2.08,683
9/30/2011 12:00,33145.5,32.22,13.98,0.89,3.79,2.18,735
9/30/2011 13:00,33145.55,31.11,13.89,1.34,5.95,0,728
9/30/2011 14:00,33145.59,34.44,13.94,0.89,4.05,0,651
9/30/2011 15:00,33145.63,33.89,12.37,1.79,3.7,0,529
9/30/2011 16:00,33145.67,33.89,11.22,0.45,4.56,0,359
9/30/2011 17:00,33145.71,31.11,10.52,0.89,3.56,0,170
9/30/2011 18:00,33145.76,26.67,10.36,0.89,3.8,0,26
9/30/2011 19:00,33145.8,25,10.82,0.89,3.96,0,3
9/30/2011 20:00,33145.84,22.78,10.52,1.34,4.01,0,3
9/30/2011 21:00,33145.88,21.67,10.75,0.89,3.94,0,3
9/30/2011 22:00,33145.92,20,10.91,0.45,4.83,0,3
9/30/2011 23:00,33145.97,21.67,11.63,0.89,4.21,0.89,3
10/1/2011 0:00,33146,16.67,9.78,0.89,4.05,0,3
10/1/2011 1:00,33146.04,16.67,10.47,0.89,3.89,0,3
10/1/2011 2:00,33146.08,15,9.74,0.45,2.69,0,3
10/1/2011 3:00,33146.13,13.89,9.49,0.45,4.52,0,3
10/1/2011 4:00,33146.17,15.56,10.7,0.89,3.8,0,3
10/1/2011 5:00,33146.21,13.89,9.69,0.89,3.51,0,3
10/1/2011 6:00,33146.25,13.89,9.89,0.45,3.72,0,4
10/1/2011 7:00,33146.29,15,10.77,0.89,4.05,0,64
10/1/2011 8:00,33146.34,20.56,14.18,0.89,4.05,0,253
10/1/2011 9:00,33146.38,25.56,16.4,0.45,4.19,0,440
10/1/2011 10:00,33146.42,27.22,14.93,1.79,3.72,0,600
10/1/2011 11:00,33146.46,28.33,12.67,2.68,3.35,0,710
10/1/2011 12:00,33146.5,28.33,11.42,1.79,3.93,0,757
10/1/2011 13:00,33146.55,30,11.07,0.89,3.58,0,740
10/1/2011 14:00,33146.59,30.56,10.03,0.89,4.14,0,668
10/1/2011 15:00,33146.63,32.22,10.93,1.79,4.14,0.11,537
10/1/2011 16:00,33146.67,31.11,8.84,1.79,3.6,0.21,388
10/1/2011 17:00,33146.71,28.33,8.11,0.45,3.35,0.32,146
10/1/2011 18:00,33146.76,26.11,8.58,0.45,3.19,0.42,15
10/1/2011 19:00,33146.8,24.44,9.18,0.45,3.8,0.53,3
10/1/2011 20:00,33146.84,22.78,9.16,0.45,3.28,0.63,3
10/1/2011 21:00,33146.88,20.56,8.16,0.45,3.74,0.74,3
10/1/2011 22:00,33146.92,19.44,8.09,0.89,3.89,0.85,3
10/1/2011 23:00,33146.97,18.33,10.38,0.45,3.82,0,3
10/2/2011 0:00,33147,17.78,9.61,0.89,3.68,1.06,3
10/2/2011 1:00,33147.04,16.11,8.77,0.45,4.05,1.16,3
10/2/2011 2:00,33147.08,15.56,8.95,0.45,5.45,1.27,3
10/2/2011 3:00,33147.13,15,8.65,1.34,4.03,1.37,3
10/2/2011 4:00,33147.17,15.56,9.84,0.45,4.08,1.48,3
10/2/2011 5:00,33147.21,14.44,9.62,1.34,3.61,1.59,3
10/2/2011 6:00,33147.25,14.44,9.83,0.45,2.9,1.69,4
10/2/2011 7:00,33147.29,15,10.57,1.34,4,1.8,57
10/2/2011 8:00,33147.34,20.56,13.95,0.89,5.43,1.9,240
10/2/2011 9:00,33147.38,22.78,13.79,1.34,4.19,2.01,414
10/2/2011 10:00,33147.42,24.44,13.32,1.34,3.93,2.11,564
10/2/2011 11:00,33147.46,25.56,12.73,1.79,3.54,2.22,670
10/2/2011 12:00,33147.5,27.78,12.57,2.24,3.49,2.33,724
10/2/2011 13:00,33147.55,30,12.46,1.79,4.26,0,711
10/2/2011 14:00,33147.59,32.22,13.98,0.89,5.03,0,640
10/2/2011 15:00,33147.63,31.11,12.53,0.89,3.93,0.07,516
10/2/2011 16:00,33147.67,30,11.55,0.45,2.93,0.14,350
10/2/2011 17:00,33147.71,28.33,11.42,0.45,4.26,0.21,150
10/2/2011 18:00,33147.76,25,10.82,0.45,2.55,0.28,17
10/2/2011 19:00,33147.8,23.33,10.36,0.45,0.14,0.35,3
10/2/2011 20:00,33147.84,22.22,9.68,0.45,3.25,0.42,3
10/2/2011 21:00,33147.88,21.11,9.94,0.45,3.75,0.48,3
10/2/2011 22:00,33147.92,19.44,9.28,0.89,4.22,0.55,3
10/2/2011 23:00,33147.97,18.33,8.81,0.89,3.61,0.95,3
10/3/2011 0:00,33148,16.67,8.81,0.89,3.77,0.69,3
10/3/2011 1:00,33148.04,15,7.48,0.89,3.82,0.76,3
10/3/2011 2:00,33148.08,14.44,7.19,0.89,4.45,0.83,3
10/3/2011 3:00,33148.13,13.33,7.06,0.89,3.96,0.9,3
10/3/2011 4:00,33148.17,12.78,7.39,0.89,3.54,0.97,3
10/3/2011 5:00,33148.21,13.33,8.55,0.89,3.96,1.04,3
10/3/2011 6:00,33148.25,12.78,8.61,0.45,3.8,1.11,4
10/3/2011 7:00,33148.29,15.56,10.7,0.45,2.6,1.18,58
10/3/2011 8:00,33148.34,17.22,11,0.89,3.79,1.25,234
10/3/2011 9:00,33148.38,21.11,12.49,0.89,4.01,1.32,417
10/3/2011 10:00,33148.42,22.96,12.05,1.04,3.82,1.39,523
10/3/2011 11:00,33148.46,24.81,11.61,1.19,3.62,1.45,629
10/3/2011 12:00,33148.5,26.67,11.17,1.34,3.42,1.52,735
10/3/2011 13:00,33148.55,27.78,10.49,1.34,3.91,0,716
10/3/2011 14:00,33148.59,28.33,10.54,1.79,4.38,0,618
10/3/2011 15:00,33148.63,25,8.03,0.89,3.56,0.34,239
10/3/2011 16:00,33148.67,23.89,8.68,0.89,5.1,0.69,158
10/3/2011 17:00,33148.71,21.11,6.93,0.89,4.71,1.03,68
10/3/2011 18:00,33148.76,20,3.6,1.34,5.46,1.38,15
10/3/2011 19:00,33148.8,18.33,2.53,0.45,4,1.72,3
10/3/2011 20:00,33148.84,18.33,4.06,0.45,3.4,2.07,3
10/3/2011 21:00,33148.88,17.22,4.12,0.89,4.24,2.41,3
10/3/2011 22:00,33148.92,17.78,4.28,0.45,4.69,2.76,3
10/3/2011 23:00,33148.97,17.78,9.09,0.89,4.24,0.62,3
10/4/2011 0:00,33149,17.22,6.35,0.89,4.21,3.45,3
10/4/2011 1:00,33149.04,16.11,6.18,1.34,3.89,3.79,3
10/4/2011 2:00,33149.08,15,6.99,0.89,3.6,4.13,3
10/4/2011 3:00,33149.13,14.44,7.19,1.34,3.67,4.48,3
10/4/2011 4:00,33149.17,15,8.19,0.45,3.47,4.82,3
10/4/2011 5:00,33149.21,15,9.53,1.34,3.86,5.17,3
10/4/2011 6:00,33149.25,13.89,7.59,0.45,3.49,5.51,4
10/4/2011 7:00,33149.29,16.11,9.71,0.45,2.51,5.86,64
10/4/2011 8:00,33149.34,17.22,10.3,0.45,3.7,6.2,131
10/4/2011 9:00,33149.38,19.44,10.92,0.89,4.01,6.55,259
10/4/2011 10:00,33149.42,20.56,11.43,0.89,0.58,6.89,358
10/4/2011 11:00,33149.46,23.89,12.5,1.34,3.33,7.24,405
10/4/2011 12:00,33149.5,21.67,9.17,0.45,0.16,7.58,465
10/4/2011 13:00,33149.55,22.22,9.01,0.45,3.23,7.78,417
10/4/2011 14:00,33149.59,21.67,9.17,0.45,3.94,9.33,252
10/4/2011 15:00,33149.63,22.22,9.35,0.89,0.51,9.24,187
10/4/2011 16:00,33149.67,22.78,9.51,0.45,4.28,9.15,181
10/4/2011 17:00,33149.71,21.11,8.99,0.45,3.44,9.05,26
10/4/2011 18:00,33149.76,20.56,9.12,0.45,3.44,8.96,6
10/4/2011 19:00,33149.8,20,9.51,0.45,3.77,8.87,3
10/4/2011 20:00,33149.84,19.44,9.28,0.45,3.51,8.78,3
10/4/2011 21:00,33149.88,18.33,8.53,1.34,1.8,8.69,3
10/4/2011 22:00,33149.92,18.89,8.76,0.45,2.62,8.6,3
10/4/2011 23:00,33149.97,17.78,5.29,0.45,4.21,3.1,3
10/5/2011 0:00,33150,16.11,9.71,1.79,2.44,8.42,3
10/5/2011 1:00,33150.04,15,9.74,4.02,3.56,8.32,3
10/5/2011 2:00,33150.08,12.78,9,1.34,2.67,8.23,2
10/5/2011 3:00,33150.13,12.22,9.39,4.47,1.69,8.14,1
10/5/2011 4:00,33150.17,11.67,9.2,5.81,1.73,8.05,2
10/5/2011 5:00,33150.21,11.11,9.01,2.24,3.63,7.96,3
10/5/2011 6:00,33150.25,12.78,10.82,1.34,2.76,7.87,3
10/5/2011 7:00,33150.29,12.78,10.82,0.45,1.9,7.78,4
10/5/2011 8:00,33150.34,13.33,11.54,0.89,3.86,7.68,24
10/5/2011 9:00,33150.38,13.33,11.37,0.89,3.89,7.59,77
10/5/2011 10:00,33150.42,16.11,13.38,0.89,4.38,7.5,330
10/5/2011 11:00,33150.46,17.22,11.22,1.79,5.43,7.41,627
10/5/2011 12:00,33150.5,15,9.31,2.24,4.03,7.32,481
10/5/2011 13:00,33150.55,17.22,8.83,0.45,3.53,7.97,401
10/5/2011 14:00,33150.59,21.11,10.83,1.34,5.64,1.8,564
10/5/2011 15:00,33150.63,20,8.6,1.34,5.72,2.09,514
10/5/2011 16:00,33150.67,16.11,5.61,1.34,3.86,2.38,128
10/5/2011 17:00,33150.71,13.89,5.94,1.34,5.27,2.68,91
10/5/2011 18:00,33150.76,13.33,4.4,1.79,5.85,2.97,11
10/5/2011 19:00,33150.8,12.22,5.32,0.89,4.97,3.26,3
10/5/2011 20:00,33150.84,11.67,6.33,4.02,6.25,3.56,3
10/5/2011 21:00,33150.88,11.67,6.33,4.92,0.59,3.85,3
10/5/2011 22:00,33150.92,12.78,7.18,2.68,0.86,4.14,4
10/5/2011 23:00,33150.97,18.89,9.87,0.89,2.15,8.51,3
10/6/2011 0:00,33151,11.67,6.53,2.68,0.72,4.73,5
10/6/2011 1:00,33151.04,12.22,7.48,0.45,3.4,5.02,7
10/6/2011 2:00,33151.08,11.11,7.19,0.89,3.98,5.32,8
10/6/2011 3:00,33151.13,11.11,7,0.45,3.96,5.61,8
10/6/2011 4:00,33151.17,11.11,7.38,0.45,3.68,5.9,9
10/6/2011 5:00,33151.21,11.11,6.8,4.02,0.66,6.2,9
10/6/2011 6:00,33151.25,11.11,7,0.89,1.22,6.49,10
10/6/2011 7:00,33151.29,11.11,7.19,0.45,4.03,6.79,34
10/6/2011 8:00,33151.34,14.44,9.62,0.45,3.68,7.08,202
10/6/2011 9:00,33151.38,15,8.42,1.79,0.86,7.37,402
10/6/2011 10:00,33151.42,17.78,9.09,1.34,3.63,7.67,537
10/6/2011 11:00,33151.46,18.89,8.76,0.45,3.91,7.96,449
10/6/2011 12:00,33151.5,17.78,7.73,0.45,6.16,8.25,409
10/6/2011 13:00,33151.55,16.67,4.92,1.34,3.77,7.42,436
10/6/2011 14:00,33151.59,18.33,9.08,2.68,5.79,6.56,412
10/6/2011 15:00,33151.63,16.11,6.18,3.13,0.82,6.26,639
10/6/2011 16:00,33151.67,17.78,6.56,1.34,0.21,5.96,294
10/6/2011 17:00,33151.71,15,4.87,2.24,6.07,5.67,102
10/6/2011 18:00,33151.76,13.89,4.66,2.68,6.02,5.37,16
10/6/2011 19:00,33151.8,12.22,3.62,0.45,2.25,5.07,5
10/6/2011 20:00,33151.84,12.78,4.65,1.79,0.07,4.77,5
10/6/2011 21:00,33151.88,13.33,5.9,1.34,5.95,4.47,5
10/6/2011 22:00,33151.92,12.22,6,2.68,0.87,4.17,6
10/6/2011 23:00,33151.97,12.22,7.07,2.68,0.91,4.44,5
10/7/2011 0:00,33152,10,5.33,1.79,1.66,3.58,7
10/7/2011 1:00,33152.04,9.44,5.19,0.89,2.25,3.28,7
10/7/2011 2:00,33152.08,8.33,4.68,0.45,3.98,2.98,8
10/7/2011 3:00,33152.13,8.89,5.4,0.89,1.78,2.68,9
10/7/2011 4:00,33152.17,8.33,5.23,0.89,3.94,2.39,9
10/7/2011 5:00,33152.21,7.22,4.32,0.45,3.26,2.09,9
10/7/2011 6:00,33152.25,10,6.67,0.89,1.82,1.79,10
10/7/2011 7:00,33152.29,10.56,6.07,1.79,4.14,1.49,67
10/7/2011 8:00,33152.34,13.89,8.25,1.79,0.72,1.19,250
10/7/2011 9:00,33152.38,16.11,9.25,1.34,2.67,0.89,440
10/7/2011 10:00,33152.42,18.33,10.13,2.68,3.68,0.6,602
10/7/2011 11:00,33152.46,17.22,8.57,1.34,4.12,0.3,693
10/7/2011 12:00,33152.5,17.78,9.09,0.89,5.92,0,768
10/7/2011 13:00,33152.55,19.44,8.99,2.68,3.53,0,675
10/7/2011 14:00,33152.59,20.56,8.48,0.89,3.14,0,635
10/7/2011 15:00,33152.63,20.56,7.14,0.89,0.42,0,520
10/7/2011 16:00,33152.67,20.56,7.14,0.45,3.94,0,353
10/7/2011 17:00,33152.71,20,6.98,1.34,3.4,0,151
10/7/2011 18:00,33152.76,17.78,6.25,0.45,4.08,0,19
10/7/2011 19:00,33152.8,17.22,6.93,0.45,4.07,0,4
10/7/2011 20:00,33152.84,16.67,6.98,0.45,3.49,0,5
10/7/2011 21:00,33152.88,16.11,6.73,0.45,3.8,0,5
10/7/2011 22:00,33152.92,14.44,5.18,0.45,1.95,0,5
10/7/2011 23:00,33152.97,11.11,5.37,0.89,1.76,3.88,6
10/8/2011 0:00,33153,15,6.74,0.45,3.42,0,5
10/8/2011 1:00,33153.04,15,6.99,0.45,2.93,0,5
10/8/2011 2:00,33153.08,15,8.65,1.79,1.4,0,5
10/8/2011 3:00,33153.13,13.89,8.25,1.79,1.4,0,5
10/8/2011 4:00,33153.17,14.44,9.42,2.24,1.33,0,6
10/8/2011 5:00,33153.21,13.33,8.55,2.68,1.01,0,7
10/8/2011 6:00,33153.25,13.33,8.55,1.79,1.2,0,8
10/8/2011 7:00,33153.29,15,9.53,0.45,3.84,0,61
10/8/2011 8:00,33153.34,16.67,10.24,0.45,4,0,246
10/8/2011 9:00,33153.38,18.89,10.4,0.45,4.66,0,433
10/8/2011 10:00,33153.42,20.56,10.6,1.34,6,0,588
10/8/2011 11:00,33153.46,21.67,9.82,0.89,1.8,0,695
10/8/2011 12:00,33153.5,23.33,10.36,0.45,2.97,0,748
10/8/2011 13:00,33153.55,25.56,10.18,0.89,4.19,0,731
10/8/2011 14:00,33153.59,25.56,9.37,0.45,3.28,0,653
10/8/2011 15:00,33153.63,25,8.46,0.89,3.84,0,520
10/8/2011 16:00,33153.67,25,8.88,0.45,3.14,0,345
10/8/2011 17:00,33153.71,22.78,8.07,0.45,4.42,0,136
10/8/2011 18:00,33153.76,19.44,7.78,0.45,3.8,0,13
10/8/2011 19:00,33153.8,17.22,7.21,0,5.57,0,3
10/8/2011 20:00,33153.84,16.67,7.25,0.45,5.95,0,4
10/8/2011 21:00,33153.88,17.22,8.04,0.89,5.53,0,4
10/8/2011 22:00,33153.92,16.11,9.48,2.68,1.34,0,4
10/8/2011 23:00,33153.97,15,6.23,0.45,4.03,0,5
10/9/2011 0:00,33154,16.11,10.81,3.58,1.06,0,4
10/9/2011 1:00,33154.04,16.11,10.81,3.13,1.34,0,4
10/9/2011 2:00,33154.08,15,9.53,3.13,1.29,0,4
10/9/2011 3:00,33154.13,15,9.53,3.58,1.15,0,5
10/9/2011 4:00,33154.17,14.44,9.62,1.79,1.99,0,5
10/9/2011 5:00,33154.21,15,9.95,3.13,0.91,0,5
10/9/2011 6:00,33154.25,13.89,9.29,3.13,0.86,0,6
10/9/2011 7:00,33154.29,14.44,9.21,3.58,1.13,0,59
10/9/2011 8:00,33154.34,16.11,10.16,2.68,1.34,0,242
10/9/2011 9:00,33154.38,20,11.96,1.34,0.61,0,427
10/9/2011 10:00,33154.42,25,13.53,0.89,5.57,0,580
10/9/2011 11:00,33154.46,25,11.53,0.45,3.25,0,692
10/9/2011 12:00,33154.5,27.22,12.07,0.45,0.96,0,740
10/9/2011 13:00,33154.55,27.22,11.67,0.89,3.86,0,719
10/9/2011 14:00,33154.59,27.22,10,1.79,3.72,0,642
10/9/2011 15:00,33154.63,26.67,9.07,0.45,2.43,0.06,508
10/9/2011 16:00,33154.67,25.56,8.09,0.45,3.32,0.11,329
10/9/2011 17:00,33154.71,24.44,7.54,0.45,2.67,0.17,125
10/9/2011 18:00,33154.76,21.67,7.8,0.45,3.63,0.22,12
10/9/2011 19:00,33154.8,18.89,7.58,0.45,4.12,0.28,3
10/9/2011 20:00,33154.84,19.44,8.7,0.45,4.47,0.34,3
10/9/2011 21:00,33154.88,17.78,9.09,0.89,1.8,0.39,3
10/9/2011 22:00,33154.92,17.78,10.35,2.68,1.26,0.45,3
10/9/2011 23:00,33154.97,15.56,9.63,2.24,1.36,0,4
10/10/2011 0:00,33155,16.11,9.93,2.68,1.05,0.56,4
10/10/2011 1:00,33155.04,16.11,10.6,2.68,1.05,0.62,4
10/10/2011 2:00,33155.08,16.11,10.6,2.24,1.55,0.67,4
10/10/2011 3:00,33155.13,16.11,10.81,2.24,1.34,0.73,4
10/10/2011 4:00,33155.17,15,9.74,1.79,1.52,0.78,4
10/10/2011 5:00,33155.21,14.44,9.62,1.34,1.15,0.84,5
10/10/2011 6:00,33155.25,14.44,9.83,1.79,1.36,0.89,5
10/10/2011 7:00,33155.29,15,9.53,1.79,4.21,0.95,48
10/10/2011 8:00,33155.34,16.67,10.47,1.79,1.06,1.01,153
10/10/2011 9:00,33155.38,20,12.7,0.45,3.51,1.06,336
10/10/2011 10:00,33155.42,22.78,12.38,0.89,3.63,1.12,412
10/10/2011 11:00,33155.46,23.33,11.36,1.79,3.32,1.17,635
10/10/2011 12:00,33155.5,27.22,13.56,0.45,1.94,1.23,710
10/10/2011 13:00,33155.55,26.67,11.95,0.45,3.51,3.49,610
10/10/2011 14:00,33155.59,26.67,10.36,0.89,4.33,4.13,494
10/10/2011 15:00,33155.63,26.67,9.94,0.89,3.72,3.94,424
10/10/2011 16:00,33155.67,24.44,9.57,0.89,3.23,3.76,139
10/10/2011 17:00,33155.71,23.89,10.17,0.89,5.27,3.57,53
10/10/2011 18:00,33155.76,22.22,9.35,0.89,5.36,3.38,10
10/10/2011 19:00,33155.8,20.56,9.12,1.34,5.52,3.19,3
10/10/2011 20:00,33155.84,21.67,9.82,1.79,6.16,3,3
10/10/2011 21:00,33155.88,21.11,9.94,0.45,4.78,2.82,3
10/10/2011 22:00,33155.92,20.56,10.02,0,4.47,2.63,3
10/10/2011 23:00,33155.97,17.22,10.54,3.13,1.05,0.5,4
10/11/2011 0:00,33156,17.78,11.07,0.45,1.06,2.25,4
10/11/2011 1:00,33156.04,18.89,12.59,2.24,0.8,2.07,4
10/11/2011 2:00,33156.08,17.78,11.75,1.34,0.45,1.88,4
10/11/2011 3:00,33156.13,18.33,12.51,2.24,0.73,1.69,4
10/11/2011 4:00,33156.17,17.22,11.88,1.79,1.03,1.5,4
10/11/2011 5:00,33156.21,16.67,11.56,1.34,1.15,1.31,4
10/11/2011 6:00,33156.25,17.78,12.63,2.24,1.2,1.13,5
10/11/2011 7:00,33156.29,18.89,13.48,2.24,1.41,0.94,58
10/11/2011 8:00,33156.34,20,13.65,0.45,4.1,0.75,236
10/11/2011 9:00,33156.38,23.33,15.11,1.79,4.07,0.56,414
10/11/2011 10:00,33156.42,26.11,15.77,0.45,5.69,0.38,565
10/11/2011 11:00,33156.46,28.89,17.75,0.45,3.21,0.19,670
10/11/2011 12:00,33156.5,27.78,15.44,0.89,4.57,0,716
10/11/2011 13:00,33156.55,29.44,16.29,1.34,4.87,0,698
10/11/2011 14:00,33156.59,29.44,15.21,1.79,4.42,0,621
10/11/2011 15:00,33156.63,28.33,14.57,1.34,5.04,0.05,493
10/11/2011 16:00,33156.67,27.22,13.19,2.24,4.76,0.11,323
10/11/2011 17:00,33156.71,26.11,13.91,1.34,4.08,0.16,122
10/11/2011 18:00,33156.76,22.78,13.24,0.45,4.54,0.22,9
10/11/2011 19:00,33156.8,20,12.21,0.45,5.64,0.27,3
10/11/2011 20:00,33156.84,20,13.18,0.45,3.77,0.33,3
10/11/2011 21:00,33156.88,17.78,11.98,0.45,3.35,0.38,3
10/11/2011 22:00,33156.92,17.78,12.63,0.89,4.24,0.44,4
10/11/2011 23:00,33156.97,18.89,10.4,0.45,4.17,2.44,3
10/12/2011 0:00,33157,16.11,12.05,1.34,1.97,0.54,4
10/12/2011 1:00,33157.04,16.11,12.05,0.89,3.37,0.6,4
10/12/2011 2:00,33157.08,16.11,12.63,0.89,3.68,0.65,4
10/12/2011 3:00,33157.13,16.11,12.82,0.89,3.94,0.71,4
10/12/2011 4:00,33157.17,15,12.29,0.45,2.83,0.76,4
10/12/2011 5:00,33157.21,16.11,13.57,1.34,1.31,0.82,3
10/12/2011 6:00,33157.25,16.11,13.2,2.68,1.15,0.87,4
10/12/2011 7:00,33157.29,18.33,14.99,1.79,1.19,0.93,58
10/12/2011 8:00,33157.34,18.89,14.54,1.34,3.79,0.98,233
10/12/2011 9:00,33157.38,21.11,16.48,0.89,4.4,1.03,398
10/12/2011 10:00,33157.42,23.89,16.89,0.89,3.96,1.09,562
10/12/2011 11:00,33157.46,25.56,16.94,0.45,3.04,1.14,663
10/12/2011 12:00,33157.5,28.33,17.84,0.45,6.14,1.2,702
10/12/2011 13:00,33157.55,29.44,17.95,0.45,5.41,0,685
10/12/2011 14:00,33157.59,30,17.14,0.45,5.13,0,608
10/12/2011 15:00,33157.63,29.44,15.94,0.89,4.31,0,480
10/12/2011 16:00,33157.67,28.89,15.43,1.34,4.1,0,315
10/12/2011 17:00,33157.71,27.22,14.6,0.89,3.63,0,117
10/12/2011 18:00,33157.76,23.33,13.19,0.89,3.67,0,8
10/12/2011 19:00,33157.8,22.78,13.79,0.45,3.84,0,3
10/12/2011 20:00,33157.84,20.56,12.48,0.89,6.09,0,3
10/12/2011 21:00,33157.88,20.56,14.41,2.24,1.13,0,3
10/12/2011 22:00,33157.92,20,14.33,3.13,1.22,0,3
10/12/2011 23:00,33157.97,16.67,12.18,0.89,4.1,0.49,4
10/13/2011 0:00,33158,20,14.99,3.13,1.5,0,3
10/13/2011 1:00,33158.04,20,15.2,2.68,0.98,0,3
10/13/2011 2:00,33158.08,19.44,14.87,2.68,1.12,0,4
10/13/2011 3:00,33158.13,18.89,14.74,2.24,1.52,0,4
10/13/2011 4:00,33158.17,17.78,14.06,2.24,1.08,0,4
10/13/2011 5:00,33158.21,17.22,13.32,3.13,0.98,0,4
10/13/2011 6:00,33158.25,17.78,14.26,2.24,1.08,0,5
10/13/2011 7:00,33158.29,17.78,13.66,3.13,1.06,0,54
10/13/2011 8:00,33158.34,19.44,14.45,1.34,1.01,0,232
10/13/2011 9:00,33158.38,23.89,17.13,1.79,0.49,0,409
10/13/2011 10:00,33158.42,27.22,19.04,2.24,6.09,0,563
10/13/2011 11:00,33158.46,28.33,17.54,0.45,6.27,0,669
10/13/2011 12:00,33158.5,30,17.81,1.79,6.18,0,716
10/13/2011 13:00,33158.55,31.67,17.96,1.34,3.8,0,694
10/13/2011 14:00,33158.59,32.22,17.35,0.89,4.15,0,614
10/13/2011 15:00,33158.63,31.11,15.16,1.34,4.15,0.28,483
10/13/2011 16:00,33158.67,30.56,13.83,0.89,4.8,0.56,310
10/13/2011 17:00,33158.71,27.78,12.95,0.89,4.05,0.84,115
10/13/2011 18:00,33158.76,24.44,12.38,0.45,4.19,1.12,8
10/13/2011 19:00,33158.8,22.78,12.08,0.45,5.67,1.4,3
10/13/2011 20:00,33158.84,22.78,12.96,0.45,3.74,1.68,3
10/13/2011 21:00,33158.88,22.22,14.31,3.13,1.36,1.96,3
10/13/2011 22:00,33158.92,20.56,13.95,2.68,1.52,2.24,3
10/13/2011 23:00,33158.97,19.44,14.02,2.68,1.45,0,3
10/14/2011 0:00,33159,20,14.55,2.68,1.06,2.8,3
10/14/2011 1:00,33159.04,20.56,15.09,2.24,1.17,3.08,3
10/14/2011 2:00,33159.08,20,14.99,3.58,1.15,3.36,3
10/14/2011 3:00,33159.13,19.44,14.45,2.68,1.36,3.64,4
10/14/2011 4:00,33159.17,18.33,12.95,3.13,1.1,3.93,3
10/14/2011 5:00,33159.21,17.78,12.41,3.13,1.1,4.21,4
10/14/2011 6:00,33159.25,17.22,12.09,3.58,1.08,4.49,4
10/14/2011 7:00,33159.29,17.78,12.84,2.68,0.96,4.77,50
10/14/2011 8:00,33159.34,20.56,13.71,2.68,1.31,5.05,228
10/14/2011 9:00,33159.38,26.11,16.35,1.34,6.04,5.33,407
10/14/2011 10:00,33159.42,25.56,16.67,0.89,1.08,5.61,495
10/14/2011 11:00,33159.46,30,18.46,0.89,5.79,5.89,669
10/14/2011 12:00,33159.5,29.44,16.63,0.89,4.26,6.17,527
10/14/2011 13:00,33159.55,30.56,17.3,1.79,0.49,0.92,642
10/14/2011 14:00,33159.59,32.78,18.24,0.45,4,4.38,472
10/14/2011 15:00,33159.63,31.11,16.35,0.89,4.08,4.4,348
10/14/2011 16:00,33159.67,30,15.72,0.45,2.53,4.43,185
10/14/2011 17:00,33159.71,27.22,14.6,0.45,4.92,4.46,78
10/14/2011 18:00,33159.76,25,14.44,0.89,6.09,4.48,8
10/14/2011 19:00,33159.8,23.89,13.99,0.89,0.05,4.51,3
10/14/2011 20:00,33159.84,22.22,15.06,0.89,0.94,4.53,3
10/14/2011 21:00,33159.88,22.22,15.3,3.13,1.08,4.56,3
10/14/2011 22:00,33159.92,22.22,16.01,3.58,1.13,4.59,3
10/14/2011 23:00,33159.97,21.11,15.17,2.68,1.12,2.52,3
10/15/2011 0:00,33160,21.11,15.17,3.58,1.47,4.64,3
10/15/2011 1:00,33160.04,21.11,14.24,4.02,1.12,4.66,3
10/15/2011 2:00,33160.08,20.56,13.71,3.58,1.19,4.69,3
10/15/2011 3:00,33160.13,19.44,11.43,4.02,1.13,4.72,3
10/15/2011 4:00,33160.17,19.44,10.39,3.58,1.1,4.74,3
10/15/2011 5:00,33160.21,19.44,11.69,3.13,1.12,4.77,3
10/15/2011 6:00,33160.25,19.44,11.69,2.24,1.12,4.8,4
10/15/2011 7:00,33160.29,20,10.36,0.89,3.39,4.82,49
10/15/2011 8:00,33160.34,21.67,11.63,1.34,1.41,4.85,229
10/15/2011 9:00,33160.38,26.67,13.05,0.89,3.84,4.87,314
10/15/2011 10:00,33160.42,29.44,15.58,1.34,0.77,4.9,609
10/15/2011 11:00,33160.46,27.78,14.42,1.34,4.54,4.93,521
10/15/2011 12:00,33160.5,29.44,14.07,0.89,1.87,4.95,585
10/15/2011 13:00,33160.55,32.78,17.46,0.45,3.93,3.71,584
10/15/2011 14:00,33160.59,31.11,15.57,0.45,4.19,5.8,418
10/15/2011 15:00,33160.63,32.78,15.81,0.45,5.13,5.61,343
10/15/2011 16:00,33160.67,31.11,13.89,0.45,2.48,5.41,264
10/15/2011 17:00,33160.71,30,12.91,0.45,6.02,5.22,114
10/15/2011 18:00,33160.76,26.11,12.9,1.34,0.82,5.03,7
10/15/2011 19:00,33160.8,25.56,13.4,1.79,0.93,4.83,3
10/15/2011 20:00,33160.84,23.89,15.37,2.24,0.91,4.64,3
10/15/2011 21:00,33160.88,23.89,14.83,2.24,1.1,4.45,3
10/15/2011 22:00,33160.92,22.22,14.06,3.58,1.2,4.25,3
10/15/2011 23:00,33160.97,21.11,15.17,3.13,1.29,4.61,3
10/16/2011 0:00,33161,22.78,13.79,4.47,0.98,3.86,3
10/16/2011 1:00,33161.04,20,11.96,1.79,4.26,3.67,3
10/16/2011 2:00,33161.08,17.22,11.88,1.34,0.3,3.48,3
10/16/2011 3:00,33161.13,17.78,12.84,0.89,4.83,3.28,3
10/16/2011 4:00,33161.17,18.89,13.91,0.45,3.96,3.09,3
10/16/2011 5:00,33161.21,16.67,12.98,0.45,3.39,2.9,3
10/16/2011 6:00,33161.25,17.78,14.06,2.24,1.15,2.7,4
10/16/2011 7:00,33161.29,18.89,13.48,1.34,0.94,2.51,43
10/16/2011 8:00,33161.34,17.22,13.52,1.34,3.91,2.31,209
10/16/2011 9:00,33161.38,22.78,16.54,0.89,5.18,2.12,388
10/16/2011 10:00,33161.42,25,16.15,0.89,4.17,1.93,538
10/16/2011 11:00,33161.46,27.22,15.89,1.79,3.46,1.73,638
10/16/2011 12:00,33161.5,27.78,14.06,1.79,4.14,1.54,681
10/16/2011 13:00,33161.55,30.56,14.66,0.45,3.75,0,665
10/16/2011 14:00,33161.59,31.67,14.82,0.45,4.12,0,584
10/16/2011 15:00,33161.63,30.56,12.96,0.45,3.54,0,432
10/16/2011 16:00,33161.67,30,12.91,0.89,4.29,0,287
10/16/2011 17:00,33161.71,26.11,11.07,1.34,3.44,0,102
10/16/2011 18:00,33161.76,22.78,11.16,0.45,3.7,0,8
10/16/2011 19:00,33161.8,21.11,11.95,0.89,4.35,0,3
10/16/2011 20:00,33161.84,20.56,12.74,0.45,2.76,0,3
10/16/2011 21:00,33161.88,19.44,12.42,0.89,3.61,0,3
10/16/2011 22:00,33161.92,19.44,12.89,0.89,3.67,0,3
10/16/2011 23:00,33161.97,22.78,14.58,3.13,1.2,4.06,3
10/17/2011 0:00,33162,18.33,12.95,0.45,3.86,0,3
10/17/2011 1:00,33162.04,17.78,12.84,0.45,1.94,0,3
10/17/2011 2:00,33162.08,16.67,12.18,0.89,3.67,0,3
10/17/2011 3:00,33162.13,15.56,11.7,0.45,5.52,0,3
10/17/2011 4:00,33162.17,17.78,14.06,2.24,1.06,0,3
10/17/2011 5:00,33162.21,17.78,13.86,2.68,1.1,0,3
10/17/2011 6:00,33162.25,16.67,12.78,1.79,1.24,0,3
10/17/2011 7:00,33162.29,16.11,12.44,0.89,3.67,0,33
10/17/2011 8:00,33162.34,18.89,14.12,1.34,4.33,0,206
10/17/2011 9:00,33162.38,20.56,15.09,1.79,3.79,0,382
10/17/2011 10:00,33162.42,25,16.94,1.79,3.6,0,539
10/17/2011 11:00,33162.46,25.56,16.12,0.45,3.58,0,645
10/17/2011 12:00,33162.5,27.22,15.26,2.68,3.47,0,688
10/17/2011 13:00,33162.55,30,16.8,0.89,5.81,0,671
10/17/2011 14:00,33162.59,31.67,16.46,1.79,4.12,0,594
10/17/2011 15:00,33162.63,30.56,14.66,0.89,1.64,0.07,457
10/17/2011 16:00,33162.67,29.44,12.84,0.45,3.61,0.14,287
10/17/2011 17:00,33162.71,27.78,12.17,0.45,3.75,0.21,106
10/17/2011 18:00,33162.76,23.89,11.54,0.45,3.54,0.28,7
10/17/2011 19:00,33162.8,23.33,13.76,0.45,0.3,0.34,3
10/17/2011 20:00,33162.84,21.67,13.01,1.79,1.1,0.41,3
10/17/2011 21:00,33162.88,20.56,13.23,2.68,1.43,0.48,3
10/17/2011 22:00,33162.92,20,13.18,3.58,1.33,0.55,3
10/17/2011 23:00,33162.97,18.89,12.82,0.45,3.82,0,3
10/18/2011 0:00,33163,18.89,13.04,4.02,1.19,0.69,3
10/18/2011 1:00,33163.04,19.44,13.8,2.24,1.4,0.76,3
10/18/2011 2:00,33163.08,18.89,13.26,2.24,1.36,0.83,3
10/18/2011 3:00,33163.13,17.78,12.2,2.68,1.36,0.89,3
10/18/2011 4:00,33163.17,17.22,11.66,2.24,1.29,0.96,3
10/18/2011 5:00,33163.21,16.67,10.69,3.58,1.22,1.03,3
10/18/2011 6:00,33163.25,16.67,10.69,2.68,1.13,1.1,3
10/18/2011 7:00,33163.29,17.78,11.98,2.68,1.31,1.17,41
10/18/2011 8:00,33163.34,18.89,11.65,1.79,1.15,1.24,209
10/18/2011 9:00,33163.38,23.33,14.03,1.34,0.89,1.31,390
10/18/2011 10:00,33163.42,26.67,15.69,0.45,6,1.38,513
10/18/2011 11:00,33163.46,25.56,14.04,1.79,0.44,1.45,623
10/18/2011 12:00,33163.5,29.44,14.07,1.79,0.12,1.51,673
10/18/2011 13:00,33163.55,30,12.91,1.34,0.77,0,668
10/18/2011 14:00,33163.59,33.89,15.45,0.89,5.64,0,593
10/18/2011 15:00,33163.63,33.33,13.49,0.45,5.78,0.07,464
10/18/2011 16:00,33163.67,33.33,12.44,0.45,5.69,0.14,291
10/18/2011 17:00,33163.71,30,10.58,0.89,4.21,0.21,104
10/18/2011 18:00,33163.76,26.11,10.28,0.89,6,0.29,6
10/18/2011 19:00,33163.8,23.89,10.87,0.89,5.69,0.36,3
10/18/2011 20:00,33163.84,23.33,11.36,0.45,1.19,0.43,3
10/18/2011 21:00,33163.88,22.78,10.52,1.79,1.27,0.5,3
10/18/2011 22:00,33163.92,20.56,10.88,3.13,0.7,0.57,3
10/18/2011 23:00,33163.97,19.44,13.12,3.58,1.12,0.62,3
10/19/2011 0:00,33164,17.78,10.11,1.34,6.14,0.72,3
10/19/2011 1:00,33164.04,18.89,10.14,4.02,1.03,0.79,3
10/19/2011 2:00,33164.08,15.56,9.63,0.89,3.67,0.86,3
10/19/2011 3:00,33164.13,13.89,10.08,0.89,3.63,0.93,3
10/19/2011 4:00,33164.17,13.33,10.11,0.45,1.27,1,3
10/19/2011 5:00,33164.21,14.44,10.62,1.79,4.19,1.07,3
10/19/2011 6:00,33164.25,13.33,10.66,0.45,5.81,1.15,3
10/19/2011 7:00,33164.29,14.44,11.19,1.34,4.14,1.22,36
10/19/2011 8:00,33164.34,16.11,12.44,0.89,4.21,1.29,194
10/19/2011 9:00,33164.38,20.56,15.52,0.45,4.82,1.36,367
10/19/2011 10:00,33164.42,22.78,15.59,0.45,4.07,1.43,519
10/19/2011 11:00,33164.46,25,15.03,0.89,3.35,1.5,624
10/19/2011 12:00,33164.5,26.11,14.23,0.89,3.82,1.58,668
10/19/2011 13:00,33164.55,27.22,13.56,0.89,3.87,0,655
10/19/2011 14:00,33164.59,27.78,12.95,0.89,4.9,0,574
10/19/2011 15:00,33164.63,28.33,13.07,0.45,4.1,0.09,444
10/19/2011 16:00,33164.67,26.67,11.95,0.45,3.86,0.18,276
10/19/2011 17:00,33164.71,23.89,10.87,0.45,3.42,0.27,95
10/19/2011 18:00,33164.76,20,9.8,0.45,3.6,0.37,6
10/19/2011 19:00,33164.8,18.89,9.87,0.45,3.28,0.46,3
10/19/2011 20:00,33164.84,18.89,10.66,0.45,5.18,0.55,3
10/19/2011 21:00,33164.88,18.33,11.12,0.45,4.1,0.64,3
10/19/2011 22:00,33164.92,17.78,11.53,1.34,3.72,0.73,3
10/19/2011 23:00,33164.97,20.56,10.6,3.58,0.87,0.64,3
10/20/2011 0:00,33165,16.67,11.77,1.79,1.34,0.91,3
10/20/2011 1:00,33165.04,17.22,12.51,2.68,1.41,1.01,3
10/20/2011 2:00,33165.08,16.11,11.44,1.34,4.15,1.1,3
10/20/2011 3:00,33165.13,16.11,11.85,0.45,2.41,1.19,3
10/20/2011 4:00,33165.17,15,11.55,1.34,1.52,1.28,3
10/20/2011 5:00,33165.21,16.67,12.98,2.68,0.89,1.37,3
10/20/2011 6:00,33165.25,16.67,12.78,2.68,1.29,1.46,3
10/20/2011 7:00,33165.29,17.22,13.32,1.34,1.27,1.55,33
10/20/2011 8:00,33165.34,18.89,14.12,0.89,1.69,1.65,180
10/20/2011 9:00,33165.38,20.56,14.64,1.34,3.93,1.74,360
10/20/2011 10:00,33165.42,23.89,15.89,1.34,4.17,1.83,510
10/20/2011 11:00,33165.46,25.56,15.26,2.24,4.01,1.92,614
10/20/2011 12:00,33165.5,26.67,14.74,1.34,2.2,2.01,657
10/20/2011 13:00,33165.55,30,16.44,0.89,2.81,0,642
10/20/2011 14:00,33165.59,31.11,17.46,1.79,0.61,0,564
10/20/2011 15:00,33165.63,28.89,13.95,0.89,2.67,0.11,432
10/20/2011 16:00,33165.67,27.78,12.57,0.89,3.72,0.21,269
10/20/2011 17:00,33165.71,24.44,11.38,0.45,3.63,0.32,89
10/20/2011 18:00,33165.76,21.67,11.35,0.89,3.33,0.42,6
10/20/2011 19:00,33165.8,20.56,11.43,0.45,2.36,0.53,3
10/20/2011 20:00,33165.84,21.11,12.49,0.45,3.82,0.63,3
10/20/2011 21:00,33165.88,19.44,11.93,1.79,1.41,0.74,3
10/20/2011 22:00,33165.92,18.89,11.89,0.89,3.44,0.85,3
10/20/2011 23:00,33165.97,16.67,11.13,0.45,3.75,0.82,3
10/21/2011 0:00,33166,18.33,12.73,1.79,1.73,1.06,3
10/21/2011 1:00,33166.04,17.22,11.66,0.45,4.52,1.16,3
10/21/2011 2:00,33166.08,17.22,12.09,3.13,1.38,1.27,3
10/21/2011 3:00,33166.13,17.78,11.98,3.13,0.93,1.37,3
10/21/2011 4:00,33166.17,16.67,10.47,3.13,1.34,1.48,3
10/21/2011 5:00,33166.21,17.22,11.22,2.68,1.13,1.58,3
10/21/2011 6:00,33166.25,16.11,10.38,2.24,1.4,1.69,3
10/21/2011 7:00,33166.29,16.11,10.16,3.13,1.05,1.8,34
10/21/2011 8:00,33166.34,17.78,10.83,2.24,0.89,1.9,187
10/21/2011 9:00,33166.38,22.78,14.06,0.89,0.72,2.01,361
10/21/2011 10:00,33166.42,26.11,16.07,0.45,4.03,2.11,512
10/21/2011 11:00,33166.46,25,13.84,1.79,3.49,2.22,614
10/21/2011 12:00,33166.5,25.56,13.72,1.34,3.91,2.32,647
10/21/2011 13:00,33166.55,28.89,15.78,1.34,4.45,0,624
10/21/2011 14:00,33166.59,31.11,17.09,0.45,0.75,0,552
10/21/2011 15:00,33166.63,28.89,14.33,0.45,4.63,0,417
10/21/2011 16:00,33166.67,27.22,12.45,0.89,4.03,0,259
10/21/2011 17:00,33166.71,25,11.88,0.89,4.1,0,87
10/21/2011 18:00,33166.76,22.78,12.38,0.45,3.84,0,6
10/21/2011 19:00,33166.8,21.11,11.4,0.45,4.89,0,3
10/21/2011 20:00,33166.84,20,11.44,1.34,6.11,0,3
10/21/2011 21:00,33166.88,20.56,13.47,2.68,0.99,0,3
10/21/2011 22:00,33166.92,18.89,12.82,2.68,1.48,0,3
10/21/2011 23:00,33166.97,18.33,12.51,2.68,1.17,0.95,3
10/22/2011 0:00,33167,18.89,13.7,2.68,1.12,0,3
10/22/2011 1:00,33167.04,18.33,13.38,2.24,1.13,0,3
10/22/2011 2:00,33167.08,17.22,12.51,3.13,1.45,0,3
10/22/2011 3:00,33167.13,18.33,13.59,2.68,1.24,0,3
10/22/2011 4:00,33167.17,17.22,12.51,3.58,1.1,0,3
10/22/2011 5:00,33167.21,16.67,11.56,3.13,1.2,0,3
10/22/2011 6:00,33167.25,17.22,11.88,3.13,1.38,0,3
10/22/2011 7:00,33167.29,16.67,11.13,3.13,1.19,0,37
10/22/2011 8:00,33167.34,20,13.42,0.89,1.05,0,190
10/22/2011 9:00,33167.38,22.22,14.31,0.89,4.12,0,350
10/22/2011 10:00,33167.42,25,14.44,0.89,3.74,0,518
10/22/2011 11:00,33167.46,28.89,16.79,1.34,6.11,0,624
10/22/2011 12:00,33167.5,27.22,13.91,0.89,0.58,0,670
10/22/2011 13:00,33167.55,31.11,15.57,0.89,2.74,0,632
10/22/2011 14:00,33167.59,31.11,14.33,0.45,5.45,0,575
10/22/2011 15:00,33167.63,30,12.46,0.89,3.63,0.06,442
10/22/2011 16:00,33167.67,29.44,11.97,0.89,4.19,0.13,268
10/22/2011 17:00,33167.71,27.22,12.07,0.89,5.39,0.19,88
10/22/2011 18:00,33167.76,23.89,11.54,0.45,5.15,0.25,5
10/22/2011 19:00,33167.8,23.33,11.67,1.79,6.21,0.31,3
10/22/2011 20:00,33167.84,20.56,11.7,0.89,0.98,0.38,3
10/22/2011 21:00,33167.88,20,12.21,2.24,1.26,0.44,3
10/22/2011 22:00,33167.92,18.89,12.36,3.58,1.22,0.5,3
10/22/2011 23:00,33167.97,19.44,13.8,1.79,0.84,0,3
10/23/2011 0:00,33168,17.78,11.98,3.13,1.1,0.63,3
10/23/2011 1:00,33168.04,18.33,12.06,3.58,1.13,0.69,3
10/23/2011 2:00,33168.08,17.78,11.07,4.02,1.22,0.75,3
10/23/2011 3:00,33168.13,17.78,10.11,3.58,1.43,0.82,3
10/23/2011 4:00,33168.17,16.67,8.56,3.58,1.15,0.88,3
10/23/2011 5:00,33168.21,16.67,9.06,2.24,1.17,0.94,3
10/23/2011 6:00,33168.25,15.56,7.51,2.24,1.22,1,3
10/23/2011 7:00,33168.29,15.56,7.51,2.68,1.15,1.07,36
10/23/2011 8:00,33168.34,17.22,8.57,2.24,1.01,1.13,200
10/23/2011 9:00,33168.38,22.78,11.78,1.34,0.89,1.19,378
10/23/2011 10:00,33168.42,26.11,13.24,1.34,0.07,1.25,527
10/23/2011 11:00,33168.46,29.44,15.94,0.45,2.27,1.32,622
10/23/2011 12:00,33168.5,28.33,12.67,1.34,0.98,1.38,654
10/23/2011 13:00,33168.55,31.67,13.48,0.45,5.03,0,626
10/23/2011 14:00,33168.59,32.22,12.52,0.45,4.71,0,571
10/23/2011 15:00,33168.63,32.22,12.52,0.45,3.32,0.11,436
10/23/2011 16:00,33168.67,31.67,11,0,4.03,0.22,267
10/23/2011 17:00,33168.71,27.78,9.12,0.89,3.98,0.32,86
10/23/2011 18:00,33168.76,25,10.82,0.89,0.89,0.43,4
10/23/2011 19:00,33168.8,22.78,9.51,0.45,5.74,0.54,3
10/23/2011 20:00,33168.84,21.67,10.45,2.24,1.08,0.65,3
10/23/2011 21:00,33168.88,20.56,10.88,1.79,1.22,0.75,3
10/23/2011 22:00,33168.92,20.56,11.43,2.68,1.34,0.86,3
10/23/2011 23:00,33168.97,18.33,12.29,2.24,1.36,0.56,3
10/24/2011 0:00,33169,18.89,10.14,4.02,1.1,1.08,3
10/24/2011 1:00,33169.04,20,9.51,3.13,1.4,1.19,3
10/24/2011 2:00,33169.08,19.44,7.78,0.89,4.03,1.29,3
10/24/2011 3:00,33169.13,18.33,9.08,2.24,1.22,1.4,3
10/24/2011 4:00,33169.17,17.22,7.49,3.13,0.91,1.51,3
10/24/2011 5:00,33169.21,18.89,6.96,2.24,1.41,1.62,3
10/24/2011 6:00,33169.25,17.78,7.15,2.68,1.22,1.72,3
10/24/2011 7:00,33169.29,17.78,6.86,4.02,1.38,1.83,25
10/24/2011 8:00,33169.34,19.44,7.47,2.68,1.15,1.94,112
10/24/2011 9:00,33169.38,23.89,9.81,0.45,3.84,2.05,309
10/24/2011 10:00,33169.42,25.56,9.78,0.45,4.24,2.16,499
10/24/2011 11:00,33169.46,27.78,10.49,1.34,3.87,2.26,569
10/24/2011 12:00,33169.5,28.33,10.54,2.24,4.01,2.37,634
10/24/2011 13:00,33169.55,31.11,12.05,2.24,3.75,1.82,591
10/24/2011 14:00,33169.59,32.78,12.49,0.45,0.52,0,520
10/24/2011 15:00,33169.63,28.89,10.57,0,3.75,0.28,290
10/24/2011 16:00,33169.67,27.78,10.49,0.45,3.96,0.56,184
10/24/2011 17:00,33169.71,26.11,10.28,0.89,4.45,0.84,73
10/24/2011 18:00,33169.76,24.44,10.31,0.45,0.52,1.12,6
10/24/2011 19:00,33169.8,21.67,11.05,0.45,0.56,1.4,3
10/24/2011 20:00,33169.84,21.11,9.63,1.34,1.66,1.68,3
10/24/2011 21:00,33169.88,20.56,10.6,0.45,5.43,1.96,3
10/24/2011 22:00,33169.92,18.89,10.91,1.34,1.45,2.24,3
10/24/2011 23:00,33169.97,20,11.18,2.68,1.48,0.97,3
10/25/2011 0:00,33170,17.78,10.11,1.34,1.75,2.81,3
10/25/2011 1:00,33170.04,15.56,9.18,0.45,3.65,3.09,3
10/25/2011 2:00,33170.08,14.44,8.99,0.89,4.12,3.37,3
10/25/2011 3:00,33170.13,15.56,10.06,1.34,1.27,3.65,3
10/25/2011 4:00,33170.17,13.89,9.29,0.89,1.83,3.93,3
10/25/2011 5:00,33170.21,13.89,9.09,0.89,4.01,4.21,3
10/25/2011 6:00,33170.25,14.44,9.62,0.89,3.67,4.49,3
10/25/2011 7:00,33170.29,12.78,8.81,0.89,4.14,4.77,21
10/25/2011 8:00,33170.34,13.89,9.89,0.45,4,5.05,140
10/25/2011 9:00,33170.38,16.67,10.91,0.45,1.94,5.33,323
10/25/2011 10:00,33170.42,20,11.7,0.89,3.8,5.61,466
10/25/2011 11:00,33170.46,21.67,11.35,0.45,4.61,5.89,442
10/25/2011 12:00,33170.5,23.89,11.54,1.79,3.98,6.17,492
10/25/2011 13:00,33170.55,25,10.44,0.89,3.94,2.72,571
10/25/2011 14:00,33170.59,25,9.68,0.89,3.04,6.13,374
10/25/2011 15:00,33170.63,23.89,7.47,0.45,3.89,6.02,414
10/25/2011 16:00,33170.67,23.33,7.39,0.89,3.93,5.92,240
10/25/2011 17:00,33170.71,20,5.93,0.89,2.58,5.82,74
10/25/2011 18:00,33170.76,17.22,6.05,0.45,4.03,5.71,5
10/25/2011 19:00,33170.8,17.22,8.04,0.45,0.87,5.61,3
10/25/2011 20:00,33170.84,16.11,8.53,0.45,5.08,5.5,3
10/25/2011 21:00,33170.88,15.56,8.48,1.79,1.41,5.4,3
10/25/2011 22:00,33170.92,14.44,8.56,1.34,6.25,5.29,3
10/25/2011 23:00,33170.97,19.44,11.43,0.45,1.78,2.52,3
10/26/2011 0:00,33171,12.22,7.48,1.34,3.93,5.08,3
10/26/2011 1:00,33171.04,12.78,8.61,0.89,3.68,4.98,3
10/26/2011 2:00,33171.08,11.67,7.73,0.89,4.14,4.87,3
10/26/2011 3:00,33171.13,10.56,7.21,0.45,3.7,4.77,3
10/26/2011 4:00,33171.17,10.56,7.58,1.34,4.22,4.66,3
10/26/2011 5:00,33171.21,10,7.04,0.89,3.86,4.56,3
10/26/2011 6:00,33171.25,8.89,6.3,1.79,3.65,4.45,3
10/26/2011 7:00,33171.29,10,7.57,0.89,3.54,4.35,27
10/26/2011 8:00,33171.34,12.22,8.65,1.34,3.84,4.24,166
10/26/2011 9:00,33171.38,16.11,11.23,0.45,3.32,4.14,334
10/26/2011 10:00,33171.42,18.89,11.89,0.45,5.88,4.04,487
10/26/2011 11:00,33171.46,19.44,10.92,1.79,3.56,3.93,590
10/26/2011 12:00,33171.5,19.44,9.84,0.89,5.24,3.83,588
10/26/2011 13:00,33171.55,21.11,10.24,1.79,3.33,3.36,552
10/26/2011 14:00,33171.59,21.67,8.84,0.89,3.98,0,529
10/26/2011 15:00,33171.63,22.22,7.94,0.45,4.22,0.15,400
10/26/2011 16:00,33171.67,21.11,6.19,1.79,3.54,0.31,232
10/26/2011 17:00,33171.71,18.89,5.28,0.45,3.56,0.46,72
10/26/2011 18:00,33171.76,17.22,4.79,0.45,4,0.62,5
10/26/2011 19:00,33171.8,17.78,6.86,1.34,1.12,0.77,3
10/26/2011 20:00,33171.84,17.22,8.57,1.79,1.59,0.93,3
10/26/2011 21:00,33171.88,16.67,8.05,2.68,0.91,1.08,3
10/26/2011 22:00,33171.92,15,6.74,1.79,1.5,1.24,3
10/26/2011 23:00,33171.97,13.89,8.46,1.34,3.74,5.19,3
10/27/2011 0:00,33172,14.44,7.19,0.89,1.87,1.55,3
10/27/2011 1:00,33172.04,13.89,8.25,1.79,1.01,1.7,3
10/27/2011 2:00,33172.08,13.33,7.93,1.34,1.61,1.86,3
10/27/2011 3:00,33172.13,12.78,7.81,2.68,1.4,2.01,3
10/27/2011 4:00,33172.17,12.78,8.01,2.68,1.24,2.17,3
10/27/2011 5:00,33172.21,12.78,7.39,3.13,1.27,2.32,3
10/27/2011 6:00,33172.25,12.78,7.18,3.13,1.43,2.48,3
10/27/2011 7:00,33172.29,12.78,6.97,3.13,1.1,2.63,25
10/27/2011 8:00,33172.34,13.89,6.9,2.24,0.89,2.79,172
10/27/2011 9:00,33172.38,19.44,10.39,0.45,2.72,2.94,351
10/27/2011 10:00,33172.42,22.78,10.52,0.45,3.72,3.1,495
10/27/2011 11:00,33172.46,21.67,8.15,0.45,5.18,3.25,575
10/27/2011 12:00,33172.5,22.22,6.4,0.89,4.07,3.41,597
10/27/2011 13:00,33172.55,24.44,5.72,0.89,3.46,2.74,563
10/27/2011 14:00,33172.59,24.44,4.21,1.34,0.47,0,551
10/27/2011 15:00,33172.63,24.44,3.12,0.89,5.59,0.13,411
10/27/2011 16:00,33172.67,24.44,1.34,0.45,3.8,0.27,248
10/27/2011 17:00,33172.71,22.22,-1.17,0.45,4.12,0.4,75
10/27/2011 18:00,33172.76,18.89,-2.19,0.45,6.18,0.54,4
10/27/2011 19:00,33172.8,18.33,3.32,1.34,0.68,0.67,3
10/27/2011 20:00,33172.84,16.67,1.82,2.68,0.86,0.81,3
10/27/2011 21:00,33172.88,16.11,3.11,2.68,1.26,0.94,3
10/27/2011 22:00,33172.92,15,3.7,2.68,1.1,1.08,3
10/27/2011 23:00,33172.97,14.44,6.71,1.79,1.71,1.39,3
10/28/2011 0:00,33173,14.44,4.35,4.47,1.08,1.35,3
10/28/2011 1:00,33173.04,13.89,3.84,4.92,0.89,1.48,3
10/28/2011 2:00,33173.08,13.33,4.4,3.13,1.22,1.62,3
10/28/2011 3:00,33173.13,13.89,5.18,3.58,1.31,1.75,3
10/28/2011 4:00,33173.17,13.89,4.92,3.58,1.12,1.89,3
10/28/2011 5:00,33173.21,13.33,4.4,3.13,1.33,2.02,3
10/28/2011 6:00,33173.25,12.22,3.88,3.13,1.45,2.16,3
10/28/2011 7:00,33173.29,12.78,4.65,3.13,1.31,2.29,28
10/28/2011 8:00,33173.34,16.11,6.18,0.45,2.84,2.43,183
10/28/2011 9:00,33173.38,17.78,6.56,1.34,0.94,2.56,357
10/28/2011 10:00,33173.42,21.11,5.41,1.34,4.26,2.7,508
10/28/2011 11:00,33173.46,23.33,4.75,0.89,3.6,2.83,608
10/28/2011 12:00,33173.5,25,4.69,1.34,4.17,2.97,605
10/28/2011 13:00,33173.55,27.78,5.39,0.45,3.8,2.6,562
10/28/2011 14:00,33173.59,27.78,4.15,0.89,3.96,0,552
10/28/2011 15:00,33173.63,27.78,3.5,1.34,4.22,0.17,419
10/28/2011 16:00,33173.67,25,2.43,0.89,3.84,0.34,245
10/28/2011 17:00,33173.71,22.22,3.78,0.45,3.53,0.5,72
10/28/2011 18:00,33173.76,19.44,3.92,0.89,0.63,0.67,4
10/28/2011 19:00,33173.8,18.33,4.78,0.45,0.93,0.84,3
10/28/2011 20:00,33173.84,17.22,5.43,0.89,1.76,1.01,3
10/28/2011 21:00,33173.88,16.11,5.32,2.24,1.26,1.18,3
10/28/2011 22:00,33173.92,15,5.15,3.58,1.1,1.34,3
10/28/2011 23:00,33173.97,13.89,3.56,4.02,1.03,1.21,3
10/29/2011 0:00,33174,15,5.43,2.68,1.26,1.68,3
10/29/2011 1:00,33174.04,13.33,4.66,1.79,1.26,1.85,3
10/29/2011 2:00,33174.08,13.89,4.92,1.79,1.52,2.02,3
10/29/2011 3:00,33174.13,12.78,4.65,2.24,1.43,2.18,3
10/29/2011 4:00,33174.17,13.33,5.42,2.68,1.29,2.35,3
10/29/2011 5:00,33174.21,12.78,5.14,3.13,0.99,2.52,3
10/29/2011 6:00,33174.25,12.78,5.14,4.02,1.19,2.69,3
10/29/2011 7:00,33174.29,12.22,4.85,1.79,1.76,2.86,26
10/29/2011 8:00,33174.34,16.67,6.98,0.45,0.31,3.03,175
10/29/2011 9:00,33174.38,16.67,5.83,1.34,4.17,3.19,348
10/29/2011 10:00,33174.42,21.11,7.3,0.45,3.98,3.36,495
10/29/2011 11:00,33174.46,22.78,6.06,2.24,3.35,3.53,595
10/29/2011 12:00,33174.5,23.33,6.12,1.79,2.95,3.7,581
10/29/2011 13:00,33174.55,25.56,7.63,1.79,3.53,3.63,534
10/29/2011 14:00,33174.59,26.11,6.18,1.79,3.79,0,535
10/29/2011 15:00,33174.63,26.11,6.18,0.89,3.84,0.15,400
10/29/2011 16:00,33174.67,24.44,5.23,0.45,4.56,0.3,230
10/29/2011 17:00,33174.71,21.11,5.41,0.45,4.17,0.45,64
10/29/2011 18:00,33174.76,18.89,5.63,0.89,0.8,0.6,4
10/29/2011 19:00,33174.8,18.89,7.58,1.34,0.99,0.75,3
10/29/2011 20:00,33174.84,17.78,7.45,3.13,1.24,0.9,3
10/29/2011 21:00,33174.88,16.11,6.73,3.58,1.08,1.05,3
10/29/2011 22:00,33174.92,16.11,7.27,4.02,1.1,1.2,3
10/29/2011 23:00,33174.97,14.44,4.91,3.58,1.12,1.51,3
10/30/2011 0:00,33175,15.56,7.26,4.02,1.19,1.5,3
10/30/2011 1:00,33175.04,15.56,7.51,4.02,1.17,1.65,3
10/30/2011 2:00,33175.08,15,7.24,4.02,1.29,1.8,3
10/30/2011 3:00,33175.13,13.33,6.37,2.68,1.27,1.95,3
10/30/2011 4:00,33175.17,12.78,6.08,3.13,1.24,2.1,3
10/30/2011 5:00,33175.21,13.33,6.83,3.13,1.13,2.25,3
10/30/2011 6:00,33175.25,12.78,6.75,4.02,1.15,2.39,3
10/30/2011 7:00,33175.29,13.33,7.28,4.02,1.05,2.54,24
10/30/2011 8:00,33175.34,13.89,6.9,3.13,0.86,2.69,166
10/30/2011 9:00,33175.38,17.22,8.31,1.34,1.08,2.84,339
10/30/2011 10:00,33175.42,22.22,11.27,0.89,5.65,2.99,493
10/30/2011 11:00,33175.46,26.11,11.07,0.89,3.75,3.14,599
10/30/2011 12:00,33175.5,26.11,8.12,0.89,5.79,3.29,589
10/30/2011 13:00,33175.55,29.44,7.98,0.45,2.27,2.3,560
10/30/2011 14:00,33175.59,30,8.46,0.45,4.66,0,545
10/30/2011 15:00,33175.63,29.44,6.82,0.45,1.59,0.15,411
10/30/2011 16:00,33175.67,27.22,6.07,0.45,3.89,0.29,239
10/30/2011 17:00,33175.71,23.33,4.27,0.45,4.36,0.44,67
10/30/2011 18:00,33175.76,21.11,4.58,0.45,3.67,0.58,4
10/30/2011 19:00,33175.8,20,4.41,0.89,6,0.73,3
10/30/2011 20:00,33175.84,18.33,5.8,2.68,1.13,0.87,3
10/30/2011 21:00,33175.88,16.67,6.41,3.58,1.19,1.02,3
10/30/2011 22:00,33175.92,17.22,7.21,2.24,1.1,1.16,3
10/30/2011 23:00,33175.97,15,6.99,3.13,1.34,1.35,3
10/31/2011 0:00,33176,16.11,7,1.79,1.08,1.45,3
10/31/2011 1:00,33176.04,15,6.23,2.68,1.29,1.6,3
10/31/2011 2:00,33176.08,15,6.23,3.13,1.48,1.74,3
10/31/2011 3:00,33176.13,13.89,4.66,3.13,1.19,1.89,3
10/31/2011 4:00,33176.17,13.89,4.39,3.13,1.06,2.03,3
10/31/2011 5:00,33176.21,12.78,4.4,2.68,1.52,2.18,3
10/31/2011 6:00,33176.25,12.78,4.14,2.68,0.98,2.32,3
10/31/2011 7:00,33176.29,12.78,4.14,2.68,0.93,2.47,22
10/31/2011 8:00,33176.34,15,4.29,1.79,0.77,2.61,164
10/31/2011 9:00,33176.38,19.44,7.47,0.89,5.78,2.76,339
10/31/2011 10:00,33176.42,22.22,9.35,0.89,5.83,2.9,481
10/31/2011 11:00,33176.46,26.11,10.28,0.89,3.42,3.05,582
10/31/2011 12:00,33176.5,25.56,8.09,0.89,3.72,3.19,588
10/31/2011 13:00,33176.55,27.22,8.63,1.34,4.21,3.02,542
10/31/2011 14:00,33176.59,28.89,8.05,0.89,3.72,0,527
10/31/2011 15:00,33176.63,28.89,7.5,1.34,4.17,0.13,395
10/31/2011 16:00,33176.67,26.11,5.65,0.89,3.96,0.27,221
10/31/2011 17:00,33176.71,23.33,6.12,0.89,3.09,0.4,61
10/31/2011 18:00,33176.76,19.44,5.79,0.45,5.9,0.53,4
10/31/2011 19:00,33176.8,19.44,7.47,0.89,0.52,0.66,3
10/31/2011 20:00,33176.84,18.33,7.07,2.68,1.12,0.8,3
10/31/2011 21:00,33176.88,17.22,6.93,3.13,1.1,0.93,3
10/31/2011 22:00,33176.92,17.22,7.77,3.58,1.29,1.06,3
10/31/2011 23:00,33176.97,15.56,6.48,1.79,1.12,1.31,3
11/1/2011 0:00,33177,16.67,7.52,2.24,1.15,1.33,3
11/1/2011 1:00,33177.04,15.56,6.21,3.13,1.38,1.46,3
11/1/2011 2:00,33177.08,15,5.96,0.89,0.79,1.6,3
11/1/2011 3:00,33177.13,15,6.48,2.68,1.1,1.73,3
11/1/2011 4:00,33177.17,15,6.48,1.79,1.19,1.86,3
11/1/2011 5:00,33177.21,13.89,5.18,0.89,5.65,1.99,3
11/1/2011 6:00,33177.25,13.89,6.67,1.79,1.47,2.13,3
11/1/2011 7:00,33177.29,12.22,5.55,0.45,2.02,2.26,19
11/1/2011 8:00,33177.34,14.44,7.19,0.45,3.91,2.39,159
11/1/2011 9:00,33177.38,15.56,7.76,0.89,3.94,2.53,330
11/1/2011 10:00,33177.42,19.44,9.56,0.89,3.94,2.66,474
11/1/2011 11:00,33177.46,20.56,7.83,1.34,3.65,2.79,581
11/1/2011 12:00,33177.5,22.22,7.18,0.45,5.24,2.92,591
11/1/2011 13:00,33177.55,22.78,6.06,0.89,4.4,2.5,549
11/1/2011 14:00,33177.59,23.89,6.17,0.45,1.62,0,526
11/1/2011 15:00,33177.63,23.89,5.24,1.34,3.39,0.11,393
11/1/2011 16:00,33177.67,21.67,3.29,1.79,3.68,0.22,220
11/1/2011 17:00,33177.71,18.89,1.76,1.34,3.67,0.33,57
11/1/2011 18:00,33177.76,18.33,2.12,0.45,3.94,0.44,4
11/1/2011 19:00,33177.8,16.67,4.6,1.34,0.68,0.55,3
11/1/2011 20:00,33177.84,15.56,3.9,0.89,1.33,0.66,3
11/1/2011 21:00,33177.88,15.56,5.1,2.24,1.05,0.77,3
11/1/2011 22:00,33177.92,15,5.7,2.68,1.05,0.88,3
11/1/2011 23:00,33177.97,16.11,7.27,4.02,1.27,1.2,3
11/2/2011 0:00,33178,14.44,5.71,4.92,1.15,1.11,3
11/2/2011 1:00,33178.04,13.33,5.9,3.58,1.12,1.22,3
11/2/2011 2:00,33178.08,12.22,5.09,3.58,1.12,1.33,3
11/2/2011 3:00,33178.13,12.22,5.32,3.13,1.08,1.44,3
11/2/2011 4:00,33178.17,12.78,6.08,2.68,1.17,1.55,3
11/2/2011 5:00,33178.21,11.67,5.69,2.68,1.13,1.66,3
11/2/2011 6:00,33178.25,11.11,5.79,2.24,0.98,1.77,3
11/2/2011 7:00,33178.29,12.22,7.07,3.58,1.4,1.88,19
11/2/2011 8:00,33178.34,14.44,8.56,1.34,1.45,1.99,146
11/2/2011 9:00,33178.38,16.11,8.53,1.34,0.91,2.1,331
11/2/2011 10:00,33178.42,21.11,11.12,0.89,2.06,2.21,480
11/2/2011 11:00,33178.46,21.11,2.33,1.79,3.4,2.32,582
11/2/2011 12:00,33178.5,22.22,0.66,2.24,3.46,2.43,598
11/2/2011 13:00,33178.55,23.33,-0.9,0.89,3.68,2.96,536
11/2/2011 14:00,33178.59,26.11,-0.03,1.34,4.1,0,529
11/2/2011 15:00,33178.63,25,-0.95,0.45,4.15,0.12,380
11/2/2011 16:00,33178.67,21.67,-1.64,0.89,1.29,0.23,212
11/2/2011 17:00,33178.71,20.56,-1.95,0.45,3.44,0.35,53
11/2/2011 18:00,33178.76,17.78,1.63,1.34,0.73,0.46,4
11/2/2011 19:00,33178.8,16.11,-0.68,0.89,0.84,0.58,3
11/2/2011 20:00,33178.84,15,-2.53,2.24,1.45,0.69,3
11/2/2011 21:00,33178.88,15,1.42,3.13,1.26,0.81,3
11/2/2011 22:00,33178.92,16.11,3.11,3.13,1.33,0.93,3
11/2/2011 23:00,33178.97,14.44,5.44,4.02,1.34,0.99,3
11/3/2011 0:00,33179,15,2.76,4.92,1.22,1.16,3
11/3/2011 1:00,33179.04,15,4,3.13,1.36,1.27,3
11/3/2011 2:00,33179.08,15,2.76,3.58,1.22,1.39,3
11/3/2011 3:00,33179.13,13.89,0.42,0.89,2.64,1.5,3
11/3/2011 4:00,33179.17,12.78,-0.59,0.45,1.94,1.62,3
11/3/2011 5:00,33179.21,12.22,2.01,1.34,0.89,1.74,3
11/3/2011 6:00,33179.25,12.22,-1.44,0.89,3.23,1.85,3
11/3/2011 7:00,33179.29,12.22,0.84,1.79,1.22,1.97,20
11/3/2011 8:00,33179.34,15,2.1,0.89,0.82,2.08,163
11/3/2011 9:00,33179.38,20.56,3.23,0,3.89,2.2,325
11/3/2011 10:00,33179.42,20.56,-0.21,2.68,3.6,2.32,413
11/3/2011 11:00,33179.46,22.78,-0.71,0.89,3.93,2.43,586
11/3/2011 12:00,33179.5,23.33,-2.33,0.89,2.83,2.55,592
11/3/2011 13:00,33179.55,23.89,-4.3,2.68,3.54,4.36,495
11/3/2011 14:00,33179.59,25,-3.4,2.68,3.96,4.12,410
11/3/2011 15:00,33179.63,23.33,-3.9,3.58,3.72,4.31,355
11/3/2011 16:00,33179.67,22.78,-2.79,1.34,4.85,4.49,189
11/3/2011 17:00,33179.71,18.33,0.83,0.89,4.56,4.68,42
11/3/2011 18:00,33179.76,15.56,1.56,1.34,5.6,4.87,3
11/3/2011 19:00,33179.8,13.33,2.76,0.89,3.91,5.05,3
11/3/2011 20:00,33179.84,13.89,4.39,0.45,4.66,5.24,3
11/3/2011 21:00,33179.88,13.33,3.6,2.24,4.94,5.43,3
11/3/2011 22:00,33179.92,9.44,2.45,2.24,5.31,5.61,3
11/3/2011 23:00,33179.97,16.11,3.11,5.81,1.01,1.04,3
11/4/2011 0:00,33180,7.78,2.99,6.71,0.49,5.99,3
11/4/2011 1:00,33180.04,8.33,3.53,4.92,0.72,6.17,4
11/4/2011 2:00,33180.08,6.11,1.96,0.89,3.19,6.36,4
11/4/2011 3:00,33180.13,6.67,2.69,1.79,1.61,6.55,4
11/4/2011 4:00,33180.17,7.78,3.76,2.24,1.31,6.73,4
11/4/2011 5:00,33180.21,6.67,2.87,0.89,4.14,6.92,4
11/4/2011 6:00,33180.25,6.67,3.06,0.45,3.49,7.11,4
11/4/2011 7:00,33180.29,7.22,3.78,0.45,1.85,7.29,26
11/4/2011 8:00,33180.34,8.89,5.22,0.45,4.76,7.48,154
11/4/2011 9:00,33180.38,9.44,5.57,0.89,3.96,7.67,175
11/4/2011 10:00,33180.42,11.11,6.2,1.34,6,7.85,241
11/4/2011 11:00,33180.46,12.22,6.22,0.89,2.48,8.04,294
11/4/2011 12:00,33180.5,13.89,6.9,0.45,3.96,8.23,344
11/4/2011 13:00,33180.55,17.22,7.77,1.79,5.5,6.08,426
11/4/2011 14:00,33180.59,16.11,5.02,1.79,4.14,0,473
11/4/2011 15:00,33180.63,15.56,4.21,0.89,5.2,0.38,384
11/4/2011 16:00,33180.67,13.89,2.37,2.24,5.01,0.76,239
11/4/2011 17:00,33180.71,11.67,1.22,0.89,4.01,1.14,75
11/4/2011 18:00,33180.76,10,0.77,0.89,3.8,1.52,4
11/4/2011 19:00,33180.8,7.78,-0.06,0.45,4.36,1.9,3
11/4/2011 20:00,33180.84,7.22,0.12,0.45,3.67,2.28,3
11/4/2011 21:00,33180.88,7.78,1.1,0.89,3.8,2.67,4
11/4/2011 22:00,33180.92,6.67,0.91,0.45,3.47,3.05,4
11/4/2011 23:00,33180.97,7.78,3.19,4.02,0.02,5.8,2
11/5/2011 0:00,33181,5,0.12,1.34,3.63,3.81,4
11/5/2011 1:00,33181.04,4.44,0.16,0.89,3.19,4.19,4
11/5/2011 2:00,33181.08,6.11,2.33,1.79,1.5,4.57,4
11/5/2011 3:00,33181.13,3.89,0.71,0.45,5.99,4.95,4
11/5/2011 4:00,33181.17,6.11,3.06,2.68,1.52,5.33,4
11/5/2011 5:00,33181.21,6.11,2.52,3.13,1.05,5.71,4
11/5/2011 6:00,33181.25,5,1.8,0.89,2.22,6.09,4
11/5/2011 7:00,33181.29,5.56,2.34,2.24,1.52,6.47,19
11/5/2011 8:00,33181.34,7.78,3.76,0.45,3.42,6.85,91
11/5/2011 9:00,33181.38,8.33,3.72,0.45,3.72,7.24,172
11/5/2011 10:00,33181.42,10,4.72,0,6.27,7.62,223
11/5/2011 11:00,33181.46,11.67,5.02,0.45,3.93,8,407
11/5/2011 12:00,33181.5,12.78,5.61,0.45,2.48,8.38,332
11/5/2011 13:00,33181.55,11.67,3.85,1.79,3.68,9.5,230
11/5/2011 14:00,33181.59,13.89,4.66,1.34,1.78,7.15,303
11/5/2011 15:00,33181.63,13.89,4.39,0.89,3.7,7,267
11/5/2011 16:00,33181.67,11.67,2.32,1.79,3.51,6.86,123
11/5/2011 17:00,33181.71,11.11,2.07,0.89,3.8,6.71,24
11/5/2011 18:00,33181.76,10.56,1.81,0.45,2.76,6.57,4
11/5/2011 19:00,33181.8,10,1.79,1.34,2.08,6.42,3
11/5/2011 20:00,33181.84,10,2.52,0.45,2.18,6.28,3
11/5/2011 21:00,33181.88,10,2.52,1.79,1.73,6.13,3
11/5/2011 22:00,33181.92,10.56,3.74,0.89,3.61,5.99,3
11/5/2011 23:00,33181.97,6.11,0.99,1.34,3.82,3.43,4
11/6/2011 0:00,33182,7.78,3.76,4.02,1.43,5.7,3
11/6/2011 1:00,33182.04,6.11,2.33,3.58,1.5,5.55,3
11/6/2011 2:00,33182.08,5.56,2.34,1.34,1.83,5.41,2
11/6/2011 3:00,33182.13,6.11,3.06,0.45,0.12,5.26,2
11/6/2011 4:00,33182.17,7.22,3.96,1.34,1.2,5.12,2
11/6/2011 5:00,33182.21,7.22,3.41,1.79,1.17,4.97,3
11/6/2011 6:00,33182.25,7.22,3.78,0.89,1.73,4.83,10
11/6/2011 7:00,33182.29,8.89,4.46,0.89,1.69,4.68,149
11/6/2011 8:00,33182.34,11.67,5.69,1.79,1.71,4.54,258
11/6/2011 9:00,33182.38,12.78,6.3,0.45,4.12,4.39,467
11/6/2011 10:00,33182.42,16.11,8.04,0.89,5.83,4.25,568
11/6/2011 11:00,33182.46,15.56,7.26,0.45,2.46,4.1,443
11/6/2011 12:00,33182.5,17.78,8.29,0.89,3.7,3.96,545
11/6/2011 13:00,33182.55,14.44,5.18,0.89,5.5,6.43,405
11/6/2011 14:00,33182.59,12.22,4.61,4.02,1.19,9.06,210
11/6/2011 15:00,33182.63,11.11,3.32,1.79,0.33,8.89,80
11/6/2011 16:00,33182.67,10.56,2.8,0.89,1.83,8.72,20
11/6/2011 17:00,33182.71,10,3.21,1.34,1.43,8.55,4
11/6/2011 18:00,33182.76,10,3.88,0.89,4.15,8.38,3
11/6/2011 19:00,33182.8,7.78,2.38,1.34,2.02,8.21,3
11/6/2011 20:00,33182.84,8.89,4.65,3.13,1.47,8.04,3
11/6/2011 21:00,33182.88,7.78,3.95,2.68,1.34,7.87,4
11/6/2011 22:00,33182.92,8.33,4.49,2.68,0.87,7.7,3
11/6/2011 23:00,33182.97,8.33,3.53,0.45,2.43,5.84,3
11/7/2011 0:00,33183,7.78,4.14,3.58,0.75,7.36,4
11/7/2011 1:00,33183.04,6.67,2.87,2.24,0.94,7.19,4
11/7/2011 2:00,33183.08,6.11,2.7,3.13,1.08,7.02,4
11/7/2011 3:00,33183.13,5.56,2.34,2.68,1.45,6.85,4
11/7/2011 4:00,33183.17,5.56,2.34,2.68,1.22,6.68,4
11/7/2011 5:00,33183.21,5.56,2.34,2.68,1.36,6.51,4
11/7/2011 6:00,33183.25,5,1.8,1.34,3.58,6.34,17
11/7/2011 7:00,33183.29,5.56,2.34,0.45,3.7,6.17,142
11/7/2011 8:00,33183.34,10,5.53,0.89,4.03,6,314
11/7/2011 9:00,33183.38,11.67,5.47,0.45,4.38,5.83,461
11/7/2011 10:00,33183.42,13.89,6.9,0.45,3.68,5.66,560
11/7/2011 11:00,33183.46,14.44,5.96,0.45,4.82,5.49,556
11/7/2011 12:00,33183.5,16.67,6.7,0.89,3.96,5.32,492
11/7/2011 13:00,33183.55,14.44,5.18,0.89,4.8,6.01,421
11/7/2011 14:00,33183.59,15,4.87,0.89,3.75,5.07,372
11/7/2011 15:00,33183.63,13.89,3.84,0.45,6,5.08,208
11/7/2011 16:00,33183.67,11.11,2.58,0.45,4.47,5.08,50
11/7/2011 17:00,33183.71,10.56,3.04,0.45,3.94,5.08,4
11/7/2011 18:00,33183.76,10,2.98,0.45,3.84,5.08,3
11/7/2011 19:00,33183.8,8.89,2.15,0.45,3.67,5.09,3
11/7/2011 20:00,33183.84,9.44,3.98,2.24,1.36,5.09,3
11/7/2011 21:00,33183.88,10.56,5.05,3.13,0.93,5.09,3
11/7/2011 22:00,33183.92,10,5.13,2.68,1.27,5.09,3
11/7/2011 23:00,33183.97,6.67,3.06,2.68,1.15,7.53,4
11/8/2011 0:00,33184,8.33,4.11,4.02,1.1,5.1,4
11/8/2011 1:00,33184.04,8.89,4.84,3.13,1.31,5.1,3
11/8/2011 2:00,33184.08,7.78,3.76,2.68,1.2,5.1,3
11/8/2011 3:00,33184.13,7.78,3.38,3.58,1.05,5.11,4
11/8/2011 4:00,33184.17,7.78,2.99,3.13,0.8,5.11,4
11/8/2011 5:00,33184.21,7.78,2.99,2.68,1.31,5.11,4
11/8/2011 6:00,33184.25,7.78,2.38,2.24,1.36,5.11,15
11/8/2011 7:00,33184.29,8.89,2.15,1.79,1.52,5.12,142
11/8/2011 8:00,33184.34,10.56,4.19,1.34,4.05,5.12,314
11/8/2011 9:00,33184.38,15,6.48,0.45,2.98,5.12,466
11/8/2011 10:00,33184.42,17.22,7.21,0.89,3.82,5.12,563
11/8/2011 11:00,33184.46,17.22,6.05,0.89,4.12,5.13,569
11/8/2011 12:00,33184.5,18.89,6.63,0.45,4.5,5.13,497
11/8/2011 13:00,33184.55,18.89,5.28,1.34,6.11,3.54,502
11/8/2011 14:00,33184.59,18.89,4.93,0.89,4.15,5.01,371
11/8/2011 15:00,33184.63,17.22,3.42,1.34,3.79,5.02,207
11/8/2011 16:00,33184.67,13.89,2.37,0.89,5.74,5.03,47
11/8/2011 17:00,33184.71,12.22,2.57,0.45,3.86,5.04,3
11/8/2011 18:00,33184.76,10.56,2.31,1.34,6.27,5.04,3
11/8/2011 19:00,33184.8,11.11,4.26,1.79,0.59,5.05,3
11/8/2011 20:00,33184.84,10.56,4.41,2.24,1.55,5.06,3
11/8/2011 21:00,33184.88,10,4.72,3.13,1.05,5.07,3
11/8/2011 22:00,33184.92,9.44,4.6,2.24,1.41,5.07,3
11/8/2011 23:00,33184.97,8.33,3.92,2.68,1.15,5.1,4
11/9/2011 0:00,33185,8.33,3.72,4.02,1.24,5.09,3
11/9/2011 1:00,33185.04,8.89,4.26,2.24,1.1,5.1,3
11/9/2011 2:00,33185.08,8.33,4.11,2.24,1.45,5.1,3
11/9/2011 3:00,33185.13,7.78,2.99,3.58,1.2,5.11,4
11/9/2011 4:00,33185.17,8.33,3.33,3.58,1.47,5.12,4
11/9/2011 5:00,33185.21,6.67,2.31,2.68,1.19,5.13,4
11/9/2011 6:00,33185.25,7.22,2.45,3.13,1.24,5.13,15
11/9/2011 7:00,33185.29,8.89,3.24,2.24,1.26,5.14,151
11/9/2011 8:00,33185.34,12.78,5.61,0.89,4.14,5.15,328
11/9/2011 9:00,33185.38,14.44,5.96,1.34,3.84,5.16,445
11/9/2011 10:00,33185.42,18.33,7.96,0.45,4.28,5.16,558
11/9/2011 11:00,33185.46,19.44,6.81,0,2.02,5.17,568
11/9/2011 12:00,33185.5,20.56,6.43,0.45,4.01,5.18,492
11/9/2011 13:00,33185.55,18.89,3.42,0.45,3.61,5.48,437
11/9/2011 14:00,33185.59,18.33,2.53,0.45,4.24,6.61,315
11/9/2011 15:00,33185.63,17.22,2.32,0.45,5.43,6.67,171
11/9/2011 16:00,33185.67,14.44,1.93,0.89,5.99,6.73,37
11/9/2011 17:00,33185.71,13.33,3.04,0.89,6.21,6.79,4
11/9/2011 18:00,33185.76,13.33,4.4,2.68,1.05,6.84,3
11/9/2011 19:00,33185.8,12.78,3.89,4.47,1.12,6.9,3
11/9/2011 20:00,33185.84,14.44,5.18,6.26,1.1,6.96,3
11/9/2011 21:00,33185.88,13.33,3.87,6.26,0.79,7.02,3
11/9/2011 22:00,33185.92,13.33,3.6,4.47,0.89,7.08,3
11/9/2011 23:00,33185.97,8.33,3.53,1.79,1.48,5.08,3
11/10/2011 0:00,33186,11.67,1.78,4.47,0.84,7.19,3
11/10/2011 1:00,33186.04,12.22,2.01,3.13,1.31,7.25,3
11/10/2011 2:00,33186.08,12.22,2.01,4.47,1.08,7.31,3
11/10/2011 3:00,33186.13,11.11,0.42,3.58,1.2,7.36,3
11/10/2011 4:00,33186.17,10.56,0.75,4.47,0.7,7.42,3
11/10/2011 5:00,33186.21,10.56,0.19,4.47,1.45,7.48,3
11/10/2011 6:00,33186.25,11.11,0.12,4.02,0.82,7.54,14
11/10/2011 7:00,33186.29,11.11,0.12,2.68,1.22,7.6,139
11/10/2011 8:00,33186.34,15,1.42,2.24,1.08,7.65,277
11/10/2011 9:00,33186.38,18.33,3.69,0.89,0.73,7.71,455
11/10/2011 10:00,33186.42,21.67,1.81,1.79,4.22,7.77,528
11/10/2011 11:00,33186.46,20,0.37,0.89,4.12,7.83,298
11/10/2011 12:00,33186.5,20,-0.68,0.89,0.68,7.89,353
11/10/2011 13:00,33186.55,23.33,2.17,1.34,3.35,6.19,405
11/10/2011 14:00,33186.59,22.78,0.54,0.89,3.53,4.27,385
11/10/2011 15:00,33186.63,23.33,-0.24,0.45,2.93,4.53,229
11/10/2011 16:00,33186.67,18.33,-2.66,1.79,0.96,4.79,50
11/10/2011 17:00,33186.71,16.11,2.06,2.24,0.79,5.05,3
11/10/2011 18:00,33186.76,16.11,0.95,2.68,1.36,5.31,3
11/10/2011 19:00,33186.8,15.56,0.83,3.13,0.99,5.57,3
11/10/2011 20:00,33186.84,15,1.76,4.02,0.96,5.83,3
11/10/2011 21:00,33186.88,13.89,1.42,2.68,1.29,6.09,3
11/10/2011 22:00,33186.92,13.89,2.06,3.13,1.34,6.35,3
11/10/2011 23:00,33186.97,13.33,3.32,4.47,0.93,7.13,3
11/11/2011 0:00,33187,14.44,2.25,3.13,1.33,6.87,3
11/11/2011 1:00,33187.04,13.89,1.75,3.58,0.93,7.14,3
11/11/2011 2:00,33187.08,14.44,2.25,3.58,1.34,7.4,3
11/11/2011 3:00,33187.13,13.89,0.42,4.47,1.29,7.66,3
11/11/2011 4:00,33187.17,15,2.1,7.15,0.75,7.92,3
11/11/2011 5:00,33187.21,13.33,-0.79,1.34,3.8,8.18,3
11/11/2011 6:00,33187.25,13.89,-1.42,0.45,4.97,8.44,4
11/11/2011 7:00,33187.29,13.89,0.06,2.68,1.78,8.7,13
11/11/2011 8:00,33187.34,17.78,0.35,1.34,2.57,8.96,36
11/11/2011 9:00,33187.38,18.89,1.76,5.36,0.79,9.22,102
11/11/2011 10:00,33187.42,21.67,5.08,1.79,3.18,9.48,366
11/11/2011 11:00,33187.46,16.67,1.44,0.45,5.03,9.74,128
11/11/2011 12:00,33187.5,16.11,2.06,1.79,4.28,10,73
11/11/2011 13:00,33187.55,16.11,1.33,0.89,5.25,10,95
11/11/2011 14:00,33187.59,16.11,0.55,0.89,5.1,10,56
11/11/2011 15:00,33187.63,15,2.43,1.79,5.32,10,28
11/11/2011 16:00,33187.67,12.78,3.89,1.34,5.81,10,6
11/11/2011 17:00,33187.71,10.56,4.41,2.24,1.13,10,2
11/11/2011 18:00,33187.76,12.22,7.27,5.81,1.64,10,3
11/11/2011 19:00,33187.8,13.33,8.14,7.6,1.69,10,2
11/11/2011 20:00,33187.84,12.22,7.48,4.47,1.75,10,3
11/11/2011 21:00,33187.88,12.22,6.86,4.92,1.75,10,3
11/11/2011 22:00,33187.92,12.78,6.53,3.13,1.76,10,3
11/11/2011 23:00,33187.97,14.44,1.6,2.24,1.36,6.61,3
11/12/2011 0:00,33188,13.33,6.37,2.68,1.4,10,3
11/12/2011 1:00,33188.04,12.22,5.55,2.24,3.67,10,3
11/12/2011 2:00,33188.08,11.67,5.9,0.45,2.44,10,3
11/12/2011 3:00,33188.13,11.67,6.74,1.34,5.93,10,3
11/12/2011 4:00,33188.17,11.11,7,0.89,4.29,10,3
11/12/2011 5:00,33188.21,10,6.49,0.45,0.26,10,2
11/12/2011 6:00,33188.25,11.11,7.38,1.34,5.74,10,6
11/12/2011 7:00,33188.29,12.22,8.27,1.79,0.94,10,32
11/12/2011 8:00,33188.34,13.33,9.35,0.89,5.52,10,181
11/12/2011 9:00,33188.38,16.11,10.81,0.89,4.61,10,391
11/12/2011 10:00,33188.42,17.78,10.11,1.34,3.63,10,574
11/12/2011 11:00,33188.46,15.56,8.72,0.89,3.56,10,219
11/12/2011 12:00,33188.5,16.11,8.77,1.34,5.25,10,128
11/12/2011 13:00,33188.55,20.56,11.97,0.89,5.04,5.34,434
11/12/2011 14:00,33188.59,18.33,8.81,1.34,3.42,5.22,354
11/12/2011 15:00,33188.63,18.33,8.81,0.45,5.29,5.25,192
11/12/2011 16:00,33188.67,15,6.99,0.45,3.65,5.27,42
11/12/2011 17:00,33188.71,12.78,6.08,0.45,3.89,5.3,3
11/12/2011 18:00,33188.76,11.67,6.11,0.89,4.07,5.32,3
11/12/2011 19:00,33188.8,10.56,6.26,0.45,4.24,5.35,3
11/12/2011 20:00,33188.84,10.56,7.03,0.89,5.55,5.37,3
11/12/2011 21:00,33188.88,10.56,7.4,1.34,1.41,5.4,3
11/12/2011 22:00,33188.92,11.11,7.94,1.34,0.66,5.43,3
11/12/2011 23:00,33188.97,12.22,5.77,2.24,1.9,10,3
11/13/2011 0:00,33189,10.56,7.4,0.45,2.08,5.48,3
11/13/2011 1:00,33189.04,10,7.57,0.89,1.08,5.5,3
11/13/2011 2:00,33189.08,10,7.39,1.34,3.54,5.53,4
11/13/2011 3:00,33189.13,9.44,7.02,0.89,2.37,5.55,4
11/13/2011 4:00,33189.17,8.89,6.82,0.45,2.43,5.58,4
11/13/2011 5:00,33189.21,9.44,7.36,0.89,3.35,5.6,4
11/13/2011 6:00,33189.25,8.89,6.82,0.89,4.31,5.63,7
11/13/2011 7:00,33189.29,10,8.08,0,3,5.65,64
11/13/2011 8:00,33189.34,12.22,9.57,1.34,4.03,5.68,257
11/13/2011 9:00,33189.38,16.11,12.24,0.45,3.79,5.7,388
11/13/2011 10:00,33189.42,15.56,10.7,1.79,3.94,5.73,426
11/13/2011 11:00,33189.46,16.11,10.16,1.79,2.65,5.75,526
11/13/2011 12:00,33189.5,17.78,10.83,1.34,3.67,5.78,456
11/13/2011 13:00,33189.55,18.33,10.88,0.89,4.42,6.5,384
11/13/2011 14:00,33189.59,17.78,9.86,0.89,3,7,291
11/13/2011 15:00,33189.63,17.22,9.34,0.45,4.01,7.08,146
11/13/2011 16:00,33189.67,15,8.19,0.45,3.44,7.16,43
11/13/2011 17:00,33189.71,14.44,8.12,0.89,2.43,7.24,3
11/13/2011 18:00,33189.76,15,9.09,0.89,2.37,7.32,3
11/13/2011 19:00,33189.8,15,9.53,0.45,5.38,7.4,3
11/13/2011 20:00,33189.84,14.44,9.21,0.89,1.4,7.48,3
11/13/2011 21:00,33189.88,14.44,9.42,0.89,1.24,7.55,3
11/13/2011 22:00,33189.92,14.44,9.21,1.34,1.94,7.63,3
11/13/2011 23:00,33189.97,10.56,7.58,0.89,3.6,5.45,3
11/14/2011 0:00,33190,13.89,9.09,0.45,3.65,7.79,3
11/14/2011 1:00,33190.04,12.78,8.42,0.45,6.06,7.87,3
11/14/2011 2:00,33190.08,13.89,9.49,0.89,1.59,7.95,3
11/14/2011 3:00,33190.13,12.22,8.27,0.89,3.61,8.03,3
11/14/2011 4:00,33190.17,12.22,8.65,0.89,2.84,8.1,3
11/14/2011 5:00,33190.21,11.67,8.48,0.89,2.06,8.18,3
11/14/2011 6:00,33190.25,11.67,8.48,0.45,3.05,8.26,7
11/14/2011 7:00,33190.29,10.56,7.76,0.89,3.96,8.34,96
11/14/2011 8:00,33190.34,13.89,10.27,0.45,3.94,8.42,224
11/14/2011 9:00,33190.38,17.22,11.88,1.34,3.49,8.5,348
11/14/2011 10:00,33190.42,17.22,11.22,0.45,4.85,8.58,378
11/14/2011 11:00,33190.46,17.78,11.75,1.34,5.17,8.65,198
11/14/2011 12:00,33190.5,18.89,11.65,0.89,4.08,8.73,292
11/14/2011 13:00,33190.55,21.11,12.75,1.79,3.32,7.24,347
11/14/2011 14:00,33190.59,20,10.64,0.89,3.44,6.18,319
11/14/2011 15:00,33190.63,17.78,8.83,0.45,4.57,6.11,167
11/14/2011 16:00,33190.67,15.56,8.01,0.45,4.43,6.05,38
11/14/2011 17:00,33190.71,14.44,8.12,0,4.83,5.99,3
11/14/2011 18:00,33190.76,12.78,7.6,0.89,3.82,5.93,3
11/14/2011 19:00,33190.8,11.67,6.94,0.45,3.75,5.87,3
11/14/2011 20:00,33190.84,12.22,7.88,0.45,4.03,5.81,3
11/14/2011 21:00,33190.88,12.22,8.07,1.34,3.8,5.74,3
11/14/2011 22:00,33190.92,11.11,7.38,0.45,3.87,5.68,3
11/14/2011 23:00,33190.97,13.89,8.88,0.45,1.85,7.71,3
11/15/2011 0:00,33191,9.44,6.49,0.45,3.47,5.56,3
11/15/2011 1:00,33191.04,9.44,6.67,0.89,3.7,5.5,3
11/15/2011 2:00,33191.08,10,7.21,0.45,3.67,5.43,3
11/15/2011 3:00,33191.13,10,7.21,1.34,1.4,5.37,4
11/15/2011 4:00,33191.17,11.11,8.66,1.34,1.24,5.31,4
11/15/2011 5:00,33191.21,11.11,8.83,1.34,1.13,5.25,4
11/15/2011 6:00,33191.25,10.56,8.29,1.34,1.78,5.19,9
11/15/2011 7:00,33191.29,11.67,9.03,0.89,3.35,5.12,101
11/15/2011 8:00,33191.34,13.89,10.08,1.34,4,5.06,263
11/15/2011 9:00,33191.38,16.67,12.18,1.34,3.65,5,397
11/15/2011 10:00,33191.42,16.67,10.91,2.24,3.54,4.94,495
11/15/2011 11:00,33191.46,17.22,11,0.89,2.95,4.88,520
11/15/2011 12:00,33191.5,19.44,11.69,1.34,3.3,4.81,489
11/15/2011 13:00,33191.55,17.78,11.07,1.34,1.06,5.45,422
11/15/2011 14:00,33191.59,18.89,11.41,0.45,5.9,6.49,306
11/15/2011 15:00,33191.63,18.89,10.14,0.45,4.05,6.41,176
11/15/2011 16:00,33191.67,16.11,8.77,0.45,4.52,6.34,40
11/15/2011 17:00,33191.71,15,8.19,0.45,4.26,6.27,3
11/15/2011 18:00,33191.76,15,7.72,0.45,4.5,6.19,3
11/15/2011 19:00,33191.8,13.33,6.61,0.89,3.79,6.12,3
11/15/2011 20:00,33191.84,12.78,6.75,0.45,3.32,6.05,3
11/15/2011 21:00,33191.88,11.67,5.9,1.34,2.55,5.98,3
11/15/2011 22:00,33191.92,12.22,6.86,0.89,3.53,5.9,3
11/15/2011 23:00,33191.97,11.11,7.57,0.45,3.74,5.62,3
11/16/2011 0:00,33192,11.67,7.73,0.45,3.05,5.76,3
11/16/2011 1:00,33192.04,11.67,8.3,1.79,1.5,5.68,3
11/16/2011 2:00,33192.08,11.11,8.12,2.24,1.19,5.61,3
11/16/2011 3:00,33192.13,11.11,8.12,2.68,1.45,5.54,4
11/16/2011 4:00,33192.17,11.11,7.94,0.45,2.2,5.46,4
11/16/2011 5:00,33192.21,11.11,7.94,1.79,1.34,5.39,3
11/16/2011 6:00,33192.25,11.11,7.94,1.34,1.68,5.32,8
11/16/2011 7:00,33192.29,11.67,7.92,0.45,3.82,5.24,91
11/16/2011 8:00,33192.34,13.89,9.89,1.34,4.03,5.17,247
11/16/2011 9:00,33192.38,17.22,12.51,0.89,3.8,5.1,385
11/16/2011 10:00,33192.42,17.78,11.75,1.79,3.61,5.03,475
11/16/2011 11:00,33192.46,19.44,11.69,3.13,3.42,4.95,513
11/16/2011 12:00,33192.5,20,11.18,0.89,3.8,4.88,484
11/16/2011 13:00,33192.55,20.56,10.6,0.89,4.07,4.99,436
11/16/2011 14:00,33192.59,20.56,10.02,0.89,2.04,6.4,307
11/16/2011 15:00,33192.63,18.89,8.48,0.45,3.8,6.28,154
11/16/2011 16:00,33192.67,16.11,7,0.45,3.7,6.17,31
11/16/2011 17:00,33192.71,15,6.48,0.45,5.55,6.06,3
11/16/2011 18:00,33192.76,14.44,8.12,1.34,0.73,5.94,3
11/16/2011 19:00,33192.8,14.44,8.78,2.68,1.22,5.83,3
11/16/2011 20:00,33192.84,13.89,8.88,2.68,1.1,5.72,3
11/16/2011 21:00,33192.88,12.78,8.01,2.24,1.29,5.61,3
11/16/2011 22:00,33192.92,13.33,8.75,3.13,1.45,5.49,3
11/16/2011 23:00,33192.97,11.11,6.8,0.89,1.43,5.83,3
11/17/2011 0:00,33193,11.67,7.73,3.58,1.17,5.27,3
11/17/2011 1:00,33193.04,11.11,7.76,2.68,1.36,5.15,3
11/17/2011 2:00,33193.08,11.11,7.76,3.13,1.38,5.04,3
11/17/2011 3:00,33193.13,11.67,8.3,3.13,1.34,4.93,3
11/17/2011 4:00,33193.17,11.11,7.94,3.58,1.27,4.81,3
11/17/2011 5:00,33193.21,10.56,6.84,3.58,0.75,4.7,3
11/17/2011 6:00,33193.25,10,6.49,4.02,1.12,4.59,8
11/17/2011 7:00,33193.29,10.56,6.65,3.13,1.12,4.47,94
11/17/2011 8:00,33193.34,13.33,8.34,1.34,1.1,4.36,262
11/17/2011 9:00,33193.38,17.22,11.22,1.34,4.36,4.25,400
11/17/2011 10:00,33193.42,19.44,11.18,0.45,2.74,4.13,497
11/17/2011 11:00,33193.46,20,10.91,0.89,3.87,4.02,532
11/17/2011 12:00,33193.5,22.22,11.86,1.34,5.69,3.91,513
11/17/2011 13:00,33193.55,22.22,11.27,0.45,4.69,5.37,420
11/17/2011 14:00,33193.59,21.67,10.45,0.45,4.05,7.13,278
11/17/2011 15:00,33193.63,20,9.21,0.45,4.47,7.26,157
11/17/2011 16:00,33193.67,16.11,7.27,0.45,4.49,7.39,29
11/17/2011 17:00,33193.71,15,7.48,0.89,1.26,7.52,3
11/17/2011 18:00,33193.76,15,9.53,1.34,0.24,7.65,3
11/17/2011 19:00,33193.8,14.44,8.99,1.34,1.29,7.78,3
11/17/2011 20:00,33193.84,13.89,8.88,1.79,1.01,7.92,3
11/17/2011 21:00,33193.88,12.78,8.61,1.34,1.13,8.05,3
11/17/2011 22:00,33193.92,11.67,7.92,2.68,1.31,8.18,3
11/17/2011 23:00,33193.97,12.22,7.88,4.02,1.15,5.38,3
11/18/2011 0:00,33194,10,7.04,0.89,3.94,8.44,3
11/18/2011 1:00,33194.04,11.11,8.12,1.34,1.36,8.57,4
11/18/2011 2:00,33194.08,10.56,7.4,1.34,1.29,8.7,4
11/18/2011 3:00,33194.13,8.33,5.58,0.45,5.92,8.83,4
11/18/2011 4:00,33194.17,9.44,6.67,1.34,1.36,8.96,4
11/18/2011 5:00,33194.21,7.22,4.49,1.34,3.86,9.09,4
11/18/2011 6:00,33194.25,8.33,6.1,0.89,3.58,9.22,7
11/18/2011 7:00,33194.29,10,7.21,1.79,1.08,9.35,86
11/18/2011 8:00,33194.34,10.56,7.4,1.34,0.94,9.48,123
11/18/2011 9:00,33194.38,12.22,8.84,0.89,3.6,9.61,137
11/18/2011 10:00,33194.42,13.33,8.55,0.45,2.57,9.74,139
11/18/2011 11:00,33194.46,13.89,7.36,0.45,3.16,9.87,185
11/18/2011 12:00,33194.5,13.89,6.9,1.34,5.78,10,145
11/18/2011 13:00,33194.55,14.44,5.96,0.45,4.83,10,150
11/18/2011 14:00,33194.59,13.89,5.18,0.45,5.41,10,106
11/18/2011 15:00,33194.63,13.33,4.4,0.45,3.53,9.71,51
11/18/2011 16:00,33194.67,13.33,4.4,0.45,4.43,9.42,16
11/18/2011 17:00,33194.71,11.11,2.58,0.45,4.92,9.13,3
11/18/2011 18:00,33194.76,11.11,3.32,0,6.23,8.84,3
11/18/2011 19:00,33194.8,11.11,3.56,0.45,6.18,8.55,3
11/18/2011 20:00,33194.84,8.89,2.38,0.45,3.75,8.27,3
11/18/2011 21:00,33194.88,8.89,2.6,0.89,4.24,7.98,3
11/18/2011 22:00,33194.92,8.89,3.03,1.34,4.14,7.69,3
11/18/2011 23:00,33194.97,11.11,7.57,2.68,1.59,8.31,3
11/19/2011 0:00,33195,6.67,2.5,0.45,4.68,7.11,4
11/19/2011 1:00,33195.04,7.78,3.38,0.89,3.68,6.82,4
11/19/2011 2:00,33195.08,6.11,2.33,0.45,5.67,6.53,4
11/19/2011 3:00,33195.13,5.56,1.79,0.89,4.28,6.24,4
11/19/2011 4:00,33195.17,5,1.8,0.45,4.82,5.95,4
11/19/2011 5:00,33195.21,5,1.97,0.45,3.79,5.66,4
11/19/2011 6:00,33195.25,5.56,2.86,0.89,2.18,5.38,8
11/19/2011 7:00,33195.29,6.11,2.88,0.89,3.68,5.09,100
11/19/2011 8:00,33195.34,9.44,5.76,0.45,4.45,4.8,283
11/19/2011 9:00,33195.38,13.89,8.25,0.89,3.65,4.51,426
11/19/2011 10:00,33195.42,13.33,4.66,0.89,3.67,4.22,424
11/19/2011 11:00,33195.46,15,3.7,0.45,2.43,3.93,468
11/19/2011 12:00,33195.5,16.67,3.95,1.34,4.35,3.64,515
11/19/2011 13:00,33195.55,16.67,2.56,0.89,2.71,3.26,476
11/19/2011 14:00,33195.59,16.67,2.56,0.45,3.63,4.9,346
11/19/2011 15:00,33195.63,15.56,1.56,1.34,3.68,5.13,185
11/19/2011 16:00,33195.67,12.22,0.23,0.89,4.01,5.36,30
11/19/2011 17:00,33195.71,10,-0.32,0.89,3.12,5.59,3
11/19/2011 18:00,33195.76,10,0.5,0.89,2.48,5.82,3
11/19/2011 19:00,33195.8,10,1.29,1.79,1.94,6.06,3
11/19/2011 20:00,33195.84,9.44,1.02,3.13,1.57,6.29,3
11/19/2011 21:00,33195.88,10,2.04,0.89,3.63,6.52,3
11/19/2011 22:00,33195.92,10,2.28,1.79,2.44,6.75,3
11/19/2011 23:00,33195.97,7.22,2.45,1.79,4.01,7.4,3
11/20/2011 0:00,33196,10,2.28,0.89,2.09,7.22,3
11/20/2011 1:00,33196.04,9.44,1.99,2.68,2.15,7.45,3
11/20/2011 2:00,33196.08,8.89,1.93,1.79,2.5,7.68,3
11/20/2011 3:00,33196.13,8.89,2.82,2.24,3.56,7.91,3
11/20/2011 4:00,33196.17,7.78,3.38,1.79,1.4,8.14,3
11/20/2011 5:00,33196.21,7.78,4.14,0.89,2.3,8.38,2
11/20/2011 6:00,33196.25,8.33,4.68,3.13,1.87,8.61,3
11/20/2011 7:00,33196.29,8.33,4.49,3.13,1.69,8.84,9
11/20/2011 8:00,33196.34,8.33,5.05,1.79,1.2,9.07,18
11/20/2011 9:00,33196.38,8.89,5.95,2.68,1.71,9.3,65
11/20/2011 10:00,33196.42,9.44,6.67,2.24,1.69,9.54,83
11/20/2011 11:00,33196.46,10,6.67,2.68,1.62,9.77,156
11/20/2011 12:00,33196.5,11.11,7,2.68,1.71,10,182
11/20/2011 13:00,33196.55,11.11,6,3.58,1.52,8.02,296
11/20/2011 14:00,33196.59,12.22,6.43,3.13,1.62,9.76,155
11/20/2011 15:00,33196.63,11.67,5.69,0.89,2.69,9.5,97
11/20/2011 16:00,33196.67,10.56,5.05,1.34,1.88,9.24,18
11/20/2011 17:00,33196.71,10.56,5.26,1.79,1.55,8.98,4
11/20/2011 18:00,33196.76,10,4.93,2.68,1.4,8.73,3
11/20/2011 19:00,33196.8,8.89,3.66,1.34,1.78,8.47,3
11/20/2011 20:00,33196.84,10,5.13,1.79,1.54,8.21,4
11/20/2011 21:00,33196.88,8.33,3.72,1.79,1.59,7.95,3
11/20/2011 22:00,33196.92,9.44,5.57,2.24,0.77,7.69,3
11/20/2011 23:00,33196.97,10,2.04,1.79,2.55,6.98,3
11/21/2011 0:00,33197,7.78,4.14,2.68,1.52,7.17,3
11/21/2011 1:00,33197.04,7.78,4.14,2.68,1.06,6.91,4
11/21/2011 2:00,33197.08,8.33,4.86,1.79,1.57,6.65,4
11/21/2011 3:00,33197.13,8.33,4.68,2.68,1.29,6.4,4
11/21/2011 4:00,33197.17,7.22,3.78,1.79,1.48,6.14,4
11/21/2011 5:00,33197.21,5,2.66,0.89,3.96,5.88,4
11/21/2011 6:00,33197.25,5,2.82,1.34,1.5,5.62,7
11/21/2011 7:00,33197.29,6.67,3.6,1.79,1.4,5.36,112
11/21/2011 8:00,33197.34,11.11,6.6,0.89,0.7,5.1,271
11/21/2011 9:00,33197.38,15,9.74,0.89,3.51,4.84,413
11/21/2011 10:00,33197.42,15,8.87,0.45,3.82,4.58,509
11/21/2011 11:00,33197.46,15,7.72,0.89,3.67,4.32,553
11/21/2011 12:00,33197.5,17.22,9.34,0.89,4.96,4.06,498
11/21/2011 13:00,33197.55,16.11,7.78,0.89,4.12,3.89,456
11/21/2011 14:00,33197.59,16.11,7.78,1.34,4.19,5.43,327
11/21/2011 15:00,33197.63,14.44,6.95,0.45,3.89,5.4,176
11/21/2011 16:00,33197.67,12.22,6.22,0.45,3.58,5.38,35
11/21/2011 17:00,33197.71,10.56,5.46,0.89,4.21,5.35,3
11/21/2011 18:00,33197.76,8.89,4.84,0.45,3.96,5.32,3
11/21/2011 19:00,33197.8,8.33,4.86,0.89,3.49,5.29,3
11/21/2011 20:00,33197.84,8.89,5.77,0.89,1.29,5.27,4
11/21/2011 21:00,33197.88,8.33,5.41,2.68,1.47,5.24,4
11/21/2011 22:00,33197.92,8.33,5.76,1.79,1.15,5.21,4
11/21/2011 23:00,33197.97,8.33,4.49,4.02,1.13,7.43,3
11/22/2011 0:00,33198,7.78,5.04,3.13,1.22,5.16,4
11/22/2011 1:00,33198.04,7.78,4.86,4.02,1.12,5.13,4
11/22/2011 2:00,33198.08,7.78,4.32,3.13,1.27,5.1,4
11/22/2011 3:00,33198.13,7.78,4.68,4.47,1.29,5.08,4
11/22/2011 4:00,33198.17,7.78,4.5,4.47,1.27,5.05,4
11/22/2011 5:00,33198.21,7.78,4.32,3.13,1.06,5.02,4
11/22/2011 6:00,33198.25,6.67,3.24,4.47,1.27,4.99,7
11/22/2011 7:00,33198.29,7.22,3.41,4.47,1.17,4.97,93
11/22/2011 8:00,33198.34,10.56,6.26,0.89,1.57,4.94,236
11/22/2011 9:00,33198.38,15,9.74,1.34,6.04,4.91,399
11/22/2011 10:00,33198.42,15.56,9.4,0.89,2.27,4.88,491
11/22/2011 11:00,33198.46,16.11,8.04,0.45,2.57,4.86,518
11/22/2011 12:00,33198.5,19.44,10.39,0.89,3.94,4.83,471
11/22/2011 13:00,33198.55,17.22,7.49,0.89,3.05,5.25,413
11/22/2011 14:00,33198.59,16.67,6.98,1.34,3.91,7.16,268
11/22/2011 15:00,33198.63,16.11,6.46,1.34,3.44,7.03,156
11/22/2011 16:00,33198.67,12.22,4.37,0.45,3.93,6.89,27
11/22/2011 17:00,33198.71,12.78,5.38,0.45,3,6.75,3
11/22/2011 18:00,33198.76,11.11,5.15,1.34,1.1,6.62,3
11/22/2011 19:00,33198.8,11.11,6.4,3.58,1.41,6.48,3
11/22/2011 20:00,33198.84,10.56,6.65,3.13,1.2,6.35,3
11/22/2011 21:00,33198.88,10,6.3,3.58,1.43,6.21,4
11/22/2011 22:00,33198.92,9.44,5.95,2.68,1.31,6.08,4
11/22/2011 23:00,33198.97,8.33,5.23,3.58,1.13,5.19,4
11/23/2011 0:00,33199,8.33,4.86,4.02,0.99,5.8,4
11/23/2011 1:00,33199.04,7.78,4.14,3.13,1.36,5.67,4
11/23/2011 2:00,33199.08,7.78,3.95,3.13,1.4,5.53,4
11/23/2011 3:00,33199.13,8.33,4.3,0.89,1.06,5.4,4
11/23/2011 4:00,33199.17,7.78,3.76,2.24,1.19,5.26,4
11/23/2011 5:00,33199.21,7.78,3.57,4.02,1.15,5.12,4
11/23/2011 6:00,33199.25,6.67,2.69,3.13,1.22,4.99,7
11/23/2011 7:00,33199.29,9.44,3.98,1.79,1.4,4.85,136
11/23/2011 8:00,33199.34,13.33,6.37,0.89,1.31,4.72,266
11/23/2011 9:00,33199.38,17.22,9.58,1.79,4.17,4.58,450
11/23/2011 10:00,33199.42,19.44,9.84,0.89,3.96,4.45,557
11/23/2011 11:00,33199.46,20,8.6,2.24,0.37,4.31,547
11/23/2011 12:00,33199.5,21.11,9.31,0.89,2.95,4.17,490
11/23/2011 13:00,33199.55,19.44,7.47,0.45,0.73,4.69,429
11/23/2011 14:00,33199.59,20,6.29,0.89,1.54,7.66,247
11/23/2011 15:00,33199.63,17.22,4.12,0.89,3.16,7.56,97
11/23/2011 16:00,33199.67,15.56,4.51,0.45,4.12,7.45,18
11/23/2011 17:00,33199.71,13.33,5.42,0.89,5.92,7.35,3
11/23/2011 18:00,33199.76,11.67,5.69,0.89,4.15,7.24,3
11/23/2011 19:00,33199.8,11.67,5.24,0.89,4.14,7.14,3
11/23/2011 20:00,33199.84,12.22,6.43,2.68,1.2,7.03,3
11/23/2011 21:00,33199.88,12.22,6.43,2.24,1.33,6.93,3
11/23/2011 22:00,33199.92,11.67,6.11,1.79,1.24,6.82,3
11/23/2011 23:00,33199.97,9.44,6.13,3.58,1.1,5.94,4
11/24/2011 0:00,33200,10.56,5.26,1.79,1.48,6.61,3
11/24/2011 1:00,33200.04,12.22,6,2.24,1.41,6.5,3
11/24/2011 2:00,33200.08,12.22,5.09,1.79,1.47,6.4,3
11/24/2011 3:00,33200.13,11.11,5.58,2.68,1.45,6.29,3
11/24/2011 4:00,33200.17,10.56,5.46,2.24,1.13,6.19,3
11/24/2011 5:00,33200.21,9.44,4.39,4.47,0.89,6.08,4
11/24/2011 6:00,33200.25,8.89,3.86,3.58,1.06,5.97,6
11/24/2011 7:00,33200.29,9.44,4.19,4.02,1.19,5.87,92
11/24/2011 8:00,33200.34,12.78,5.38,1.34,3.86,5.76,249
11/24/2011 9:00,33200.38,14.44,7.43,2.24,0.8,5.66,344
11/24/2011 10:00,33200.42,17.78,8.56,1.34,3.49,5.55,480
11/24/2011 11:00,33200.46,18.33,7.67,1.34,4.21,5.45,525
11/24/2011 12:00,33200.5,20,8.6,1.34,3.61,5.34,448
11/24/2011 13:00,33200.55,20,7.97,0.89,3.68,3.85,450
11/24/2011 14:00,33200.59,16.67,5.53,1.79,5.06,7.5,252
11/24/2011 15:00,33200.63,16.11,6.46,0.89,4.5,7.35,121
11/24/2011 16:00,33200.67,12.78,4.65,1.34,4.22,7.2,15
11/24/2011 17:00,33200.71,11.67,5.24,0.89,4.14,7.05,3
11/24/2011 18:00,33200.76,11.11,5.58,0,2.95,6.9,3
11/24/2011 19:00,33200.8,11.67,6.11,1.34,5.41,6.75,3
11/24/2011 20:00,33200.84,11.11,6,0.89,4.8,6.6,3
11/24/2011 21:00,33200.88,11.11,6.4,0.45,5.06,6.45,3
11/24/2011 22:00,33200.92,10.56,6.46,0.45,4.19,6.3,4
11/24/2011 23:00,33200.97,10.56,4.62,1.34,1.87,6.71,3
11/25/2011 0:00,33201,9.44,6.13,1.34,1.48,6,4
11/25/2011 1:00,33201.04,7.22,3.96,1.34,4.12,5.85,4
11/25/2011 2:00,33201.08,7.78,5.38,1.34,5.78,5.69,4
11/25/2011 3:00,33201.13,7.78,4.68,2.24,1.22,5.54,4
11/25/2011 4:00,33201.17,6.67,4.12,0.89,4.22,5.39,4
11/25/2011 5:00,33201.21,5,2.99,0.45,4.96,5.24,4
11/25/2011 6:00,33201.25,5.56,3.54,0.45,3.91,5.09,6
11/25/2011 7:00,33201.29,6.67,4.46,0.45,3.6,4.94,97
11/25/2011 8:00,33201.34,9.44,6.67,0.89,3.56,4.79,242
11/25/2011 9:00,33201.38,11.11,8.3,1.34,3.56,4.64,284
11/25/2011 10:00,33201.42,12.78,9.38,0.45,4.52,4.49,432
11/25/2011 11:00,33201.46,14.44,9.83,0.45,4.24,4.34,534
11/25/2011 12:00,33201.5,15.56,9.84,0.89,3.65,4.19,485
11/25/2011 13:00,33201.55,18.33,11.36,0.45,5.04,4.12,441
11/25/2011 14:00,33201.59,17.78,9.86,0.45,3.53,5.54,316
11/25/2011 15:00,33201.63,16.11,8.29,0.45,2.16,5.47,164
11/25/2011 16:00,33201.67,12.22,6.22,0.45,2.98,5.4,26
11/25/2011 17:00,33201.71,11.67,6.74,1.79,1.95,5.33,3
11/25/2011 18:00,33201.76,10,5.92,0.45,4.22,5.25,3
11/25/2011 19:00,33201.8,10,6.85,0.45,3.77,5.18,3
11/25/2011 20:00,33201.84,8.89,6.13,0.45,3.63,5.11,4
11/25/2011 21:00,33201.88,10,7.04,0.89,1.9,5.03,4
11/25/2011 22:00,33201.92,10.56,7.4,1.79,0.94,4.96,3
11/25/2011 23:00,33201.97,8.89,5.59,1.34,0.54,6.15,3
11/26/2011 0:00,33202,10,6.85,1.34,0.93,4.82,3
11/26/2011 1:00,33202.04,10,7.21,1.34,1.22,4.74,4
11/26/2011 2:00,33202.08,10,7.39,0.89,1.01,4.67,4
11/26/2011 3:00,33202.13,9.44,7.02,1.34,1.54,4.6,4
11/26/2011 4:00,33202.17,8.33,6.1,2.24,1.12,4.53,4
11/26/2011 5:00,33202.21,7.78,5.56,1.34,1.52,4.45,4
11/26/2011 6:00,33202.25,7.22,5.18,1.79,1.31,4.38,6
11/26/2011 7:00,33202.29,8.33,5.76,3.13,1.1,4.31,92
11/26/2011 8:00,33202.34,10.56,7.58,1.34,1.47,4.23,240
11/26/2011 9:00,33202.38,13.33,9.54,0.89,1.01,4.16,379
11/26/2011 10:00,33202.42,17.78,12.2,0.45,0.58,4.09,480
11/26/2011 11:00,33202.46,18.33,11.6,0.45,3,4.02,528
11/26/2011 12:00,33202.5,17.78,10.83,0.45,2.2,3.94,490
11/26/2011 13:00,33202.55,20,11.44,1.34,3.4,3.76,448
11/26/2011 14:00,33202.59,19.44,10.66,0.45,5.41,7.48,250
11/26/2011 15:00,33202.63,16.67,9.06,0.89,3.44,7.37,84
11/26/2011 16:00,33202.67,15,8.19,0.89,4.03,7.27,31
11/26/2011 17:00,33202.71,12.22,6.86,0.45,5.88,7.16,3
11/26/2011 18:00,33202.76,12.78,8.22,0.45,1.19,7.06,3
11/26/2011 19:00,33202.8,11.67,7.54,0.89,1.08,6.96,3
11/26/2011 20:00,33202.84,11.11,7.57,1.79,0.94,6.85,3
11/26/2011 21:00,33202.88,10.56,7.21,1.79,0.98,6.75,4
11/26/2011 22:00,33202.92,10,7.04,2.68,1.15,6.64,4
11/26/2011 23:00,33202.97,10.56,7.4,0.89,3.77,4.89,3
11/27/2011 0:00,33203,9.44,6.67,2.68,1.19,6.43,4
11/27/2011 1:00,33203.04,10.56,7.58,2.68,1.15,6.33,4
11/27/2011 2:00,33203.08,8.89,5.95,4.02,1.2,6.23,4
11/27/2011 3:00,33203.13,8.89,5.59,3.13,1.31,6.12,4
11/27/2011 4:00,33203.17,9.44,6.31,3.13,0.75,6.02,4
11/27/2011 5:00,33203.21,8.33,4.68,2.24,1.24,5.91,4
11/27/2011 6:00,33203.25,7.78,4.5,2.24,1.34,5.81,5
11/27/2011 7:00,33203.29,8.89,4.65,1.79,1.34,5.7,87
11/27/2011 8:00,33203.34,12.78,7.39,0.45,3.68,5.6,253
11/27/2011 9:00,33203.38,15,9.74,0.89,3.7,5.5,382
11/27/2011 10:00,33203.42,16.11,9.93,0.89,4,5.39,439
11/27/2011 11:00,33203.46,18.33,10.88,0.89,4.03,5.29,481
11/27/2011 12:00,33203.5,21.11,12.22,0.89,5.85,5.18,448
11/27/2011 13:00,33203.55,20,11.7,0.45,5.48,1.25,486
11/27/2011 14:00,33203.59,20.56,11.16,0,4.64,7.39,252
11/27/2011 15:00,33203.63,19.44,9.84,0.45,4.03,7.42,147
11/27/2011 16:00,33203.67,14.44,6.95,1.34,3.77,7.45,22
11/27/2011 17:00,33203.71,13.89,8.03,0.89,0.35,7.48,3
11/27/2011 18:00,33203.76,11.67,6.74,0.45,3.75,7.52,3
11/27/2011 19:00,33203.8,12.78,8.22,1.79,1.29,7.55,3
11/27/2011 20:00,33203.84,11.11,7.57,1.79,1.33,7.58,4
11/27/2011 21:00,33203.88,11.67,8.3,0.89,0.47,7.61,3
11/27/2011 22:00,33203.92,11.11,7.94,1.34,1.43,7.65,3
11/27/2011 23:00,33203.97,10.56,7.94,2.24,1.15,6.54,4
11/28/2011 0:00,33204,8.89,5.95,0.89,2.02,7.71,4
11/28/2011 1:00,33204.04,8.89,6.13,0.89,4.14,7.74,4
11/28/2011 2:00,33204.08,10,7.21,1.79,1.34,7.78,4
11/28/2011 3:00,33204.13,7.78,5.38,0.89,1.2,7.81,4
11/28/2011 4:00,33204.17,8.33,5.23,1.34,4.21,7.84,4
11/28/2011 5:00,33204.21,6.67,3.6,1.34,3.93,7.87,4
11/28/2011 6:00,33204.25,6.11,3.92,0.89,3.96,7.91,5
11/28/2011 7:00,33204.29,5,3.15,0.89,3.75,7.94,56
11/28/2011 8:00,33204.34,5,3.15,0.89,3.77,7.97,130
11/28/2011 9:00,33204.38,6.67,4.8,1.34,3.75,8,184
11/28/2011 10:00,33204.42,8.33,6.44,0.89,4.28,8.04,234
11/28/2011 11:00,33204.46,10,7.91,0.89,3.79,8.07,255
11/28/2011 12:00,33204.5,11.67,8.67,0.89,4.15,8.1,310
11/28/2011 13:00,33204.55,15.56,11.11,0.89,0.44,5.69,386
11/28/2011 14:00,33204.59,14.44,10.23,0.45,3.53,8.91,188
11/28/2011 15:00,33204.63,12.22,8.65,0.45,4.54,8.96,83
11/28/2011 16:00,33204.67,9.44,6.67,0.45,3.94,9.01,15
11/28/2011 17:00,33204.71,8.33,6.1,0.89,4.08,9.06,4
11/28/2011 18:00,33204.76,8.89,6.82,0.45,6,9.11,4
11/28/2011 19:00,33204.8,8.89,6.99,0.45,3.93,9.16,3
11/28/2011 20:00,33204.84,7.78,6.06,0.45,3.93,9.21,3
11/28/2011 21:00,33204.88,7.78,6.22,0.45,2.39,9.26,3
11/28/2011 22:00,33204.92,7.78,6.22,0.45,2.04,9.31,3
11/28/2011 23:00,33204.97,10,7.04,2.68,1.31,7.68,4
11/29/2011 0:00,33205,8.33,6.93,1.34,3.42,9.41,3
11/29/2011 1:00,33205.04,8.33,7.09,0.45,1.62,9.46,3
11/29/2011 2:00,33205.08,8.33,7.09,1.34,4.05,9.5,3
11/29/2011 3:00,33205.13,8.33,7.09,1.79,5.22,9.55,3
11/29/2011 4:00,33205.17,7.78,6.54,1.34,1.82,9.6,3
11/29/2011 5:00,33205.21,6.67,5.44,1.79,5.57,9.65,2
11/29/2011 6:00,33205.25,6.67,5.44,4.02,0.56,9.7,3
11/29/2011 7:00,33205.29,7.22,6.15,2.68,6.13,9.75,32
11/29/2011 8:00,33205.34,7.78,6.7,2.68,5.67,9.8,57
11/29/2011 9:00,33205.38,8.33,7.25,2.68,0.77,9.85,95
11/29/2011 10:00,33205.42,8.33,7.09,1.34,5.18,9.9,150
11/29/2011 11:00,33205.46,8.33,7.09,0.45,4.33,9.95,126
11/29/2011 12:00,33205.5,10,8.91,0.89,5.85,10,113
11/29/2011 13:00,33205.55,10,8.75,0.45,3.77,10,91
11/29/2011 14:00,33205.59,8.89,7.64,0.45,5.17,10,58
11/29/2011 15:00,33205.63,8.33,7.25,0.45,1.92,10,34
11/29/2011 16:00,33205.67,8.89,7.81,0.45,4.08,10,8
11/29/2011 17:00,33205.71,7.78,6.7,0.45,3.44,10,4
11/29/2011 18:00,33205.76,7.78,6.7,0,2.86,10,4
11/29/2011 19:00,33205.8,7.78,6.7,1.79,1.73,10,4
11/29/2011 20:00,33205.84,8.33,7.41,0.89,4.76,10,3
11/29/2011 21:00,33205.88,7.22,6.31,0.45,2.98,10,3
11/29/2011 22:00,33205.92,7.22,6.31,0.89,4.43,10,3
11/29/2011 23:00,33205.97,8.89,7.48,1.79,1.69,9.36,3
11/30/2011 0:00,33206,7.78,6.86,1.34,2.22,10,3
11/30/2011 1:00,33206.04,7.78,6.86,0.45,3.74,10,3
11/30/2011 2:00,33206.08,7.22,6.31,0.89,3.89,10,3
11/30/2011 3:00,33206.13,6.67,5.76,0.89,3.68,10,3
11/30/2011 4:00,33206.17,6.67,5.76,1.34,4.69,10,3
11/30/2011 5:00,33206.21,6.67,5.76,1.34,3.93,10,3
11/30/2011 6:00,33206.25,7.22,6.31,0.89,4.43,10,3
11/30/2011 7:00,33206.29,7.22,6.31,1.34,5.5,10,10
11/30/2011 8:00,33206.34,6.67,5.76,0.89,3.94,10,23
11/30/2011 9:00,33206.38,7.78,6.86,0.89,4.49,10,51
11/30/2011 10:00,33206.42,8.33,7.09,0.45,3.56,10,88
11/30/2011 11:00,33206.46,6.67,5.6,0.89,3.82,10,49
11/30/2011 12:00,33206.5,7.22,6.15,0.89,5.1,10,48
11/30/2011 13:00,33206.55,7.22,6.15,1.34,3.87,10,73
11/30/2011 14:00,33206.59,7.22,5.83,2.24,0.24,10,77
11/30/2011 15:00,33206.63,7.78,6.22,5.81,0.79,9.69,93
11/30/2011 16:00,33206.67,6.67,4.96,1.34,0.16,9.38,30
11/30/2011 17:00,33206.71,6.11,4.89,0.89,2.58,9.08,4
11/30/2011 18:00,33206.76,6.11,4.89,1.34,5.45,8.77,4
11/30/2011 19:00,33206.8,5.56,3.86,0.45,0.49,8.46,4
11/30/2011 20:00,33206.84,7.22,3.04,2.24,5.27,8.15,4
11/30/2011 21:00,33206.88,11.11,4.03,0.45,4.15,7.85,4
11/30/2011 22:00,33206.92,10.56,2.8,0.89,1.82,7.54,4
11/30/2011 23:00,33206.97,7.78,6.86,1.34,5.1,10,3
12/1/2011 0:00,33207,10.56,2.31,4.47,0.35,6.92,3
12/1/2011 1:00,33207.04,11.11,-0.17,3.13,5.45,6.62,3
12/1/2011 2:00,33207.08,13.89,-0.29,8.94,0.28,6.31,3
12/1/2011 3:00,33207.13,14.44,-0.54,9.39,0.51,6,3
12/1/2011 4:00,33207.17,14.44,-1.73,7.6,0.35,5.69,3
12/1/2011 5:00,33207.21,14.44,-3.94,9.83,0.31,5.39,3
12/1/2011 6:00,33207.25,15,-4.45,11.18,0.45,5.08,4
12/1/2011 7:00,33207.29,15.56,-5.59,12.52,0.37,4.77,74
12/1/2011 8:00,33207.34,16.11,-6.31,13.41,0.42,4.46,243
12/1/2011 9:00,33207.38,16.67,-6.48,13.86,0.31,4.16,395
12/1/2011 10:00,33207.42,17.22,-6.68,24.14,0.45,3.85,497
12/1/2011 11:00,33207.46,17.78,-6.22,23.25,0.4,3.54,544
12/1/2011 12:00,33207.5,18.33,-6.46,20.12,0.38,3.23,498
12/1/2011 13:00,33207.55,17.78,-7.65,14.75,0.35,3.13,452
12/1/2011 14:00,33207.59,17.22,-8.11,10.73,0.19,4.86,324
12/1/2011 15:00,33207.63,16.67,-7.84,13.86,0.51,4.87,167
12/1/2011 16:00,33207.67,17.22,-6.01,14.31,0.59,4.88,27
12/1/2011 17:00,33207.71,17.22,-6.68,10.28,0.47,4.9,3
12/1/2011 18:00,33207.76,12.78,-6.87,3.58,3.94,4.91,3
12/1/2011 19:00,33207.8,12.78,-6.36,3.58,1.31,4.92,4
12/1/2011 20:00,33207.84,10,-3.44,3.13,3.61,4.93,4
12/1/2011 21:00,33207.88,10.56,-5.57,4.92,6.14,4.95,4
12/1/2011 22:00,33207.92,15.56,-6.17,2.68,4.52,4.96,4
12/1/2011 23:00,33207.97,10.56,2.06,2.68,1.54,7.23,4
12/2/2011 0:00,33208,7.78,-2.1,0.89,4,4.99,4
12/2/2011 1:00,33208.04,6.11,-2.35,0.45,1.87,5,4
12/2/2011 2:00,33208.08,3.89,-3.03,0.45,2.37,5.01,4
12/2/2011 3:00,33208.13,5.56,-2.15,2.68,1.76,5.02,4
12/2/2011 4:00,33208.17,6.67,-1.58,4.47,1.31,5.04,4
12/2/2011 5:00,33208.21,8.33,-1.58,4.47,1.52,5.05,4
12/2/2011 6:00,33208.25,6.67,-2.86,1.79,3.87,5.06,5
12/2/2011 7:00,33208.29,6.67,-1.83,0.45,2.08,5.08,69
12/2/2011 8:00,33208.34,9.44,0.51,2.24,1.26,5.09,166
12/2/2011 9:00,33208.38,10,-0.04,2.24,1.69,5.1,94
12/2/2011 10:00,33208.42,8.89,0.75,1.34,4.12,5.11,191
12/2/2011 11:00,33208.46,13.33,2.76,0.89,3.93,5.13,306
12/2/2011 12:00,33208.5,16.67,2.92,0.45,1.75,5.14,441
12/2/2011 13:00,33208.55,16.11,0.95,1.79,3.49,4.3,423
12/2/2011 14:00,33208.59,15.56,0.06,1.34,3.26,5.68,301
12/2/2011 15:00,33208.63,15,-0.05,0.89,3.93,5.63,151
12/2/2011 16:00,33208.67,12.22,-1.79,0.45,2.65,5.57,24
12/2/2011 17:00,33208.71,10.56,0.19,1.34,0.82,5.51,4
12/2/2011 18:00,33208.76,9.44,-0.28,2.68,1.22,5.45,4
12/2/2011 19:00,33208.8,8.33,-0.02,3.13,0.82,5.4,4
12/2/2011 20:00,33208.84,8.89,1.23,3.58,1.29,5.34,4
12/2/2011 21:00,33208.88,7.78,0.65,3.13,0.86,5.28,4
12/2/2011 22:00,33208.92,7.22,0.35,3.58,1.52,5.23,4
12/2/2011 23:00,33208.97,6.67,-4.25,3.13,3.68,4.97,4
12/3/2011 0:00,33209,7.22,0.79,2.68,0.84,5.11,4
12/3/2011 1:00,33209.04,6.11,-0.05,3.13,1.29,5.05,4
12/3/2011 2:00,33209.08,6.11,0.16,3.58,1.12,5,4
12/3/2011 3:00,33209.13,6.11,0.37,3.58,1.22,4.94,4
12/3/2011 4:00,33209.17,5.56,-0.37,4.02,1.55,4.88,4
12/3/2011 5:00,33209.21,5,-0.28,3.13,1.27,4.83,4
12/3/2011 6:00,33209.25,5,-0.08,3.58,1.33,4.77,5
12/3/2011 7:00,33209.29,5.56,-0.16,4.02,1.15,4.71,69
12/3/2011 8:00,33209.34,6.67,-0.18,2.68,1.47,4.66,225
12/3/2011 9:00,33209.38,12.78,4.4,0.89,4.56,4.6,370
12/3/2011 10:00,33209.42,14.44,4.07,0.89,3.3,4.54,466
12/3/2011 11:00,33209.46,15,3.39,0.89,4.14,4.48,507
12/3/2011 12:00,33209.5,15.56,3.27,1.34,3.56,4.43,463
12/3/2011 13:00,33209.55,16.11,2.77,1.34,4.12,4.39,419
12/3/2011 14:00,33209.59,16.67,1.82,0.89,3.46,5.71,299
12/3/2011 15:00,33209.63,14.44,0.2,0.45,3.72,5.76,148
12/3/2011 16:00,33209.67,11.67,-1.25,1.79,3.37,5.82,25
12/3/2011 17:00,33209.71,10.56,-0.39,1.34,0.82,5.87,4
12/3/2011 18:00,33209.76,8.89,0.25,2.68,1.19,5.93,4
12/3/2011 19:00,33209.8,7.78,-0.06,3.58,1.45,5.98,4
12/3/2011 20:00,33209.84,7.22,0.12,3.13,1.4,6.04,4
12/3/2011 21:00,33209.88,7.22,0.35,3.13,1.26,6.09,4
12/3/2011 22:00,33209.92,7.78,0.42,3.58,1.38,6.15,4
12/3/2011 23:00,33209.97,6.67,0.26,3.13,1.59,5.17,4
12/4/2011 0:00,33210,6.11,-0.7,3.58,1.19,6.26,4
12/4/2011 1:00,33210.04,6.67,0.04,3.58,1.15,6.32,4
12/4/2011 2:00,33210.08,5.56,-1.01,4.02,1.33,6.37,4
12/4/2011 3:00,33210.13,5.56,-1.68,4.92,0.99,6.43,4
12/4/2011 4:00,33210.17,5,-1.11,2.24,1.34,6.48,4
12/4/2011 5:00,33210.21,5,-1.32,4.47,1.2,6.54,4
12/4/2011 6:00,33210.25,5,-0.9,2.68,1.29,6.59,6
12/4/2011 7:00,33210.29,5.56,-1.23,3.13,1.54,6.65,63
12/4/2011 8:00,33210.34,7.22,-0.82,2.24,1.33,6.7,216
12/4/2011 9:00,33210.38,13.89,2.97,1.34,4.08,6.76,358
12/4/2011 10:00,33210.42,12.78,1.05,0.89,4.29,6.81,323
12/4/2011 11:00,33210.46,12.22,-0.75,0.45,3.58,6.87,400
12/4/2011 12:00,33210.5,13.33,-0.09,1.34,3.49,6.93,364
12/4/2011 13:00,33210.55,14.44,-0.93,0.89,1.78,4.34,419
12/4/2011 14:00,33210.59,15,-1.24,0.89,3.47,5.59,301
12/4/2011 15:00,33210.63,12.78,-2.8,0.89,3.74,5.53,153
12/4/2011 16:00,33210.67,10,-4.14,0.45,3.82,5.47,25
12/4/2011 17:00,33210.71,9.44,-0.84,1.34,0.14,5.4,4
12/4/2011 18:00,33210.76,8.89,-0.27,1.34,1.2,5.34,4
12/4/2011 19:00,33210.8,7.78,-0.54,3.13,1.19,5.28,4
12/4/2011 20:00,33210.84,6.11,-1.16,2.68,1.29,5.22,4
12/4/2011 21:00,33210.88,5.56,-1.45,4.47,1.17,5.16,4
12/4/2011 22:00,33210.92,5.56,-1.45,5.36,1.13,5.09,4
12/4/2011 23:00,33210.97,6.11,-0.48,3.58,1.52,6.21,4
12/5/2011 0:00,33211,5,-1.98,4.02,1.29,4.97,4
12/5/2011 1:00,33211.04,5.56,-1.23,3.13,0.94,4.91,4
12/5/2011 2:00,33211.08,5.56,-0.58,4.47,1.2,4.85,4
12/5/2011 3:00,33211.13,5,-1.76,4.02,0.61,4.78,4
12/5/2011 4:00,33211.17,2.78,-4.08,0.89,4.15,4.72,4
12/5/2011 5:00,33211.21,3.89,-2.17,1.79,1.47,4.66,4
12/5/2011 6:00,33211.25,4.44,-1.64,3.13,1.59,4.6,6
12/5/2011 7:00,33211.29,5,-1.54,5.36,0.84,4.54,42
12/5/2011 8:00,33211.34,6.11,-1.16,3.58,1.17,4.48,224
12/5/2011 9:00,33211.38,9.44,0.25,3.13,0.98,4.41,364
12/5/2011 10:00,33211.42,12.22,0.84,1.79,0.91,4.35,459
12/5/2011 11:00,33211.46,17.78,3.93,1.34,5.48,4.29,504
12/5/2011 12:00,33211.5,17.78,2.82,0.89,5.88,4.23,466
12/5/2011 13:00,33211.55,17.78,-1.05,2.24,3.56,3.93,428
12/5/2011 14:00,33211.59,16.11,-2.99,0.45,2.3,5.28,308
12/5/2011 15:00,33211.63,14.44,-4.93,0.89,3.23,5.22,154
12/5/2011 16:00,33211.67,12.22,-5.41,0.45,4.52,5.15,24
12/5/2011 17:00,33211.71,10.56,-2.59,1.79,0.75,5.09,4
12/5/2011 18:00,33211.76,9.44,-2.31,3.13,1.41,5.03,4
12/5/2011 19:00,33211.8,9.44,-2.31,3.13,1.62,4.96,4
12/5/2011 20:00,33211.84,8.33,-1.86,4.47,1.17,4.9,4
12/5/2011 21:00,33211.88,7.78,-1.83,3.58,1.27,4.84,4
12/5/2011 22:00,33211.92,7.78,-2.37,4.02,1.31,4.78,4
12/5/2011 23:00,33211.97,6.11,-0.7,4.02,1.22,5.03,4
12/6/2011 0:00,33212,7.22,-2.34,4.47,1.41,4.65,4
12/6/2011 1:00,33212.04,6.11,-2.85,3.58,1.06,4.59,4
12/6/2011 2:00,33212.08,6.11,-3.11,4.02,1.5,4.52,4
12/6/2011 3:00,33212.13,6.11,-2.85,4.02,1.4,4.46,4
12/6/2011 4:00,33212.17,6.11,-2.6,3.58,1.43,4.4,4
12/6/2011 5:00,33212.21,6.11,-2.6,3.58,1.27,4.33,4
12/6/2011 6:00,33212.25,5,-2.9,2.68,1.27,4.27,5
12/6/2011 7:00,33212.29,5.56,-3.37,2.68,0.7,4.21,68
12/6/2011 8:00,33212.34,8.89,-0.8,0.89,3.67,4.14,219
12/6/2011 9:00,33212.38,11.11,-0.17,0.89,4.05,4.08,363
12/6/2011 10:00,33212.42,13.33,-0.44,2.24,4.07,4.02,465
12/6/2011 11:00,33212.46,15,-0.43,0.89,3.72,3.95,512
12/6/2011 12:00,33212.5,16.11,-1.12,0.45,3.44,3.89,474
12/6/2011 13:00,33212.55,16.11,-2.02,1.34,4.47,3.66,433
12/6/2011 14:00,33212.59,17.78,-1.05,0.45,5.62,4.19,332
12/6/2011 15:00,33212.63,16.11,-2.5,0.45,4.05,4.18,172
12/6/2011 16:00,33212.67,12.22,-3.7,0.89,4.12,4.17,26
12/6/2011 17:00,33212.71,10,-2.43,0.89,6.25,4.16,4
12/6/2011 18:00,33212.76,9.44,-0.84,1.79,0.99,4.15,4
12/6/2011 19:00,33212.8,8.89,-0.53,2.68,1.41,4.14,4
12/6/2011 20:00,33212.84,7.22,-1.06,4.02,1.27,4.14,4
12/6/2011 21:00,33212.88,6.67,-1.1,3.58,1.61,4.13,4
12/6/2011 22:00,33212.92,7.22,-0.58,4.02,1.45,4.12,4
12/6/2011 23:00,33212.97,7.78,-2.1,3.58,1.15,4.71,4
12/7/2011 0:00,33213,5.56,-1.91,4.47,1.31,4.1,4
12/7/2011 1:00,33213.04,5.56,-1.68,3.58,1.17,4.09,4
12/7/2011 2:00,33213.08,6.11,-1.16,3.58,1.41,4.08,4
12/7/2011 3:00,33213.13,5,-2.21,3.58,1.45,4.07,4
12/7/2011 4:00,33213.17,5,-1.98,4.02,1.05,4.06,4
12/7/2011 5:00,33213.21,5,-1.76,2.68,1.33,4.05,4
12/7/2011 6:00,33213.25,3.89,-2.17,3.13,1.4,4.04,5
12/7/2011 7:00,33213.29,5,-0.9,2.24,1.22,4.04,65
12/7/2011 8:00,33213.34,7.22,0.35,1.79,1.26,4.03,217
12/7/2011 9:00,33213.38,12.78,3.36,0.89,1.03,4.02,357
12/7/2011 10:00,33213.42,15,3.08,0.45,4.1,4.01,459
12/7/2011 11:00,33213.46,15.56,1.56,1.34,4.38,4,509
12/7/2011 12:00,33213.5,18.33,2.53,0.89,5.32,3.99,470
12/7/2011 13:00,33213.55,17.78,1.21,0.89,1.87,3.87,427
12/7/2011 14:00,33213.59,17.78,0.35,0.89,5.13,5.23,307
12/7/2011 15:00,33213.63,15.56,-1.6,0.45,4.75,5.18,156
12/7/2011 16:00,33213.67,10.56,-3.64,0.45,4.15,5.14,23
12/7/2011 17:00,33213.71,10.56,-1.93,0.89,0.73,5.09,4
12/7/2011 18:00,33213.76,10,-0.04,1.34,1.08,5.04,4
12/7/2011 19:00,33213.8,7.78,-0.79,2.24,1.17,5,4
12/7/2011 20:00,33213.84,6.67,-0.86,2.24,1.57,4.95,4
12/7/2011 21:00,33213.88,6.67,-0.18,1.79,1.31,4.9,4
12/7/2011 22:00,33213.92,5.56,-0.58,2.68,1.5,4.86,4
12/7/2011 23:00,33213.97,6.11,-1.62,4.02,1.54,4.11,4
12/8/2011 0:00,33214,6.11,0.16,2.68,1.33,4.76,4
12/8/2011 1:00,33214.04,5.56,0.25,3.13,1.19,4.72,4
12/8/2011 2:00,33214.08,5,-0.9,3.58,1.38,4.67,4
12/8/2011 3:00,33214.13,5,-0.28,3.13,1.31,4.62,4
12/8/2011 4:00,33214.17,3.89,-1.55,3.13,1.41,4.57,4
12/8/2011 5:00,33214.21,4.44,-1.02,3.13,1.47,4.53,4
12/8/2011 6:00,33214.25,4.44,-1.02,3.13,1.34,4.48,5
12/8/2011 7:00,33214.29,3.89,-1.15,1.34,0.68,4.43,58
12/8/2011 8:00,33214.34,6.11,-0.26,2.24,1.22,4.39,201
12/8/2011 9:00,33214.38,12.78,4.4,0.45,4.38,4.34,348
12/8/2011 10:00,33214.42,16.11,6.18,0.89,5.76,4.29,451
12/8/2011 11:00,33214.46,16.67,5.53,0.89,1.95,4.25,497
12/8/2011 12:00,33214.5,17.78,3.93,0.45,2.08,4.2,463
12/8/2011 13:00,33214.55,16.67,1.82,0,3.94,3.98,423
12/8/2011 14:00,33214.59,16.67,1.05,0.45,5.36,5.46,300
12/8/2011 15:00,33214.63,15,-0.05,0.45,4.66,5.4,136
12/8/2011 16:00,33214.67,11.11,-2.09,0.45,3.84,5.33,23
12/8/2011 17:00,33214.71,8.89,-2.21,0.45,5.67,5.26,4
12/8/2011 18:00,33214.76,9.44,-0.01,0.89,6.02,5.19,4
12/8/2011 19:00,33214.8,8.89,0.5,1.79,1.2,5.13,4
12/8/2011 20:00,33214.84,7.78,0.65,3.58,1.2,5.06,4
12/8/2011 21:00,33214.88,7.22,0.79,2.24,1.57,4.99,4
12/8/2011 22:00,33214.92,6.11,0.16,3.13,1.34,4.92,4
12/8/2011 23:00,33214.97,6.11,-0.05,4.92,1.24,4.81,4
12/9/2011 0:00,33215,6.11,0.99,3.13,1.24,4.79,4
12/9/2011 1:00,33215.04,6.11,0.99,4.02,1.26,4.72,4
12/9/2011 2:00,33215.08,5.56,-0.16,4.92,1.24,4.65,4
12/9/2011 3:00,33215.13,5,-0.9,4.92,1.24,4.59,4
12/9/2011 4:00,33215.17,5,-0.69,4.47,1.54,4.52,4
12/9/2011 5:00,33215.21,5,-1.11,4.47,1.2,4.45,4
12/9/2011 6:00,33215.25,5,-0.28,3.58,1.15,4.38,5
12/9/2011 7:00,33215.29,4.44,-0.61,2.68,1.2,4.32,55
12/9/2011 8:00,33215.34,7.22,0.79,3.13,1.13,4.25,205
12/9/2011 9:00,33215.38,13.89,4.92,0.89,4.36,4.18,350
12/9/2011 10:00,33215.42,15,4,0.45,3.79,4.11,453
12/9/2011 11:00,33215.46,16.67,5.23,0.89,4.14,4.05,500
12/9/2011 12:00,33215.5,16.11,3.45,1.79,0.99,3.98,468
12/9/2011 13:00,33215.55,17.22,3.06,1.34,4.05,3.77,427
12/9/2011 14:00,33215.59,18.33,2.12,0.45,3.67,5.19,306
12/9/2011 15:00,33215.63,16.67,0.23,0.45,4.1,5.18,154
12/9/2011 16:00,33215.67,13.33,-0.44,0.45,4.08,5.16,23
12/9/2011 17:00,33215.71,10.56,0.47,1.79,0.02,5.14,4
12/9/2011 18:00,33215.76,11.11,1.26,2.24,0.89,5.12,4
12/9/2011 19:00,33215.8,8.89,0.5,3.13,1.5,5.11,4
12/9/2011 20:00,33215.84,8.89,1.23,2.24,1.17,5.09,4
12/9/2011 21:00,33215.88,7.22,0.57,3.13,1.34,5.07,4
12/9/2011 22:00,33215.92,6.67,0.26,2.68,1.29,5.06,4
12/9/2011 23:00,33215.97,6.11,0.58,3.13,1.47,4.86,4
12/10/2011 0:00,33216,6.67,0.91,4.47,1.5,5.02,4
12/10/2011 1:00,33216.04,6.67,0.91,3.13,1.26,5,4
12/10/2011 2:00,33216.08,6.11,0.16,3.13,1.47,4.99,4
12/10/2011 3:00,33216.13,5.56,-1.01,3.58,1.4,4.97,4
12/10/2011 4:00,33216.17,5.56,-1.45,4.02,1.2,4.95,4
12/10/2011 5:00,33216.21,6.11,-0.93,3.13,1.22,4.94,4
12/10/2011 6:00,33216.25,5.56,-1.91,4.02,1.19,4.92,5
12/10/2011 7:00,33216.29,6.11,-0.93,0.45,4.75,4.9,44
12/10/2011 8:00,33216.34,7.78,-0.54,0.45,2.5,4.88,118
12/10/2011 9:00,33216.38,9.44,0.77,0.89,3.91,4.87,206
12/10/2011 10:00,33216.42,11.11,2.83,0.89,3.94,4.85,312
12/10/2011 11:00,33216.46,16.11,5.32,0.89,5.59,4.83,452
12/10/2011 12:00,33216.5,17.78,4.96,1.34,0.33,4.82,442
12/10/2011 13:00,33216.55,18.33,4.06,0.89,5.76,5.41,380
12/10/2011 14:00,33216.59,15.56,1.92,0.45,3.47,7.44,237
12/10/2011 15:00,33216.63,17.78,3.2,0.45,5.55,7.32,211
12/10/2011 16:00,33216.67,11.11,-1.1,0.45,5.72,7.2,20
12/10/2011 17:00,33216.71,11.11,1.8,1.34,0.51,7.08,4
12/10/2011 18:00,33216.76,9.44,0.77,3.58,1.15,6.96,4
12/10/2011 19:00,33216.8,10,1.03,2.68,1.19,6.84,4
12/10/2011 20:00,33216.84,8.89,-0.01,0.89,1.94,6.72,4
12/10/2011 21:00,33216.88,7.78,-0.3,2.24,1.36,6.6,4
12/10/2011 22:00,33216.92,8.33,-0.02,2.24,1.29,6.48,4
12/10/2011 23:00,33216.97,6.11,0.16,2.68,1.48,5.04,4
12/11/2011 0:00,33217,6.67,-1.58,3.13,1.34,6.25,4
12/11/2011 1:00,33217.04,6.67,-2.6,3.13,1.27,6.13,4
12/11/2011 2:00,33217.08,6.67,-2.34,2.68,1.38,6.01,4
12/11/2011 3:00,33217.13,7.22,-1.82,1.79,6.23,5.89,4
12/11/2011 4:00,33217.17,6.67,-2.34,2.24,1.13,5.77,4
12/11/2011 5:00,33217.21,7.22,-1.56,1.34,0.91,5.65,4
12/11/2011 6:00,33217.25,6.11,-2.1,0.89,2.78,5.53,4
12/11/2011 7:00,33217.29,6.11,-1.62,1.34,1.24,5.41,27
12/11/2011 8:00,33217.34,8.33,-0.27,1.79,1.03,5.29,212
12/11/2011 9:00,33217.38,12.22,0.84,0.45,4.35,5.18,361
12/11/2011 10:00,33217.42,13.89,1.42,1.34,3.49,5.06,423
12/11/2011 11:00,33217.46,14.44,1.6,0.89,3.94,4.94,481
12/11/2011 12:00,33217.5,16.11,2.42,2.24,3.39,4.82,441
12/11/2011 13:00,33217.55,16.67,2.56,1.34,4.17,4.94,394
12/11/2011 14:00,33217.59,15,1.06,0.89,3.74,6.36,272
12/11/2011 15:00,33217.63,12.78,0.09,0.89,4.26,6.41,126
12/11/2011 16:00,33217.67,10,-0.61,0.45,3.84,6.47,20
12/11/2011 17:00,33217.71,9.44,0.77,0.45,4.57,6.53,4
12/11/2011 18:00,33217.76,7.78,0.42,0.45,0.99,6.58,4
12/11/2011 19:00,33217.8,7.22,0.79,2.68,1.45,6.64,4
12/11/2011 20:00,33217.84,7.22,1.44,2.68,1.52,6.69,4
12/11/2011 21:00,33217.88,6.11,0.37,3.58,1.22,6.75,4
12/11/2011 22:00,33217.92,7.22,1.44,3.58,1.31,6.8,4
12/11/2011 23:00,33217.97,7.22,-0.11,3.13,1.13,6.37,4
12/12/2011 0:00,33218,5.56,0.05,3.58,1.31,6.91,4
12/12/2011 1:00,33218.04,6.11,0.58,4.02,1.26,6.97,4
12/12/2011 2:00,33218.08,6.11,-0.05,3.13,1.43,7.02,4
12/12/2011 3:00,33218.13,6.67,0.48,4.47,0.91,7.08,4
12/12/2011 4:00,33218.17,6.11,-0.48,3.13,1.1,7.13,4
12/12/2011 5:00,33218.21,6.11,-0.26,3.58,1.4,7.19,4
12/12/2011 6:00,33218.25,6.11,-0.48,3.58,1.17,7.24,4
12/12/2011 7:00,33218.29,7.22,0.12,4.02,1.2,7.3,26
12/12/2011 8:00,33218.34,8.33,0.71,2.24,1.64,7.36,65
12/12/2011 9:00,33218.38,9.44,1.51,0.45,3.51,7.41,118
12/12/2011 10:00,33218.42,15,4.58,0.89,4.08,7.47,360
12/12/2011 11:00,33218.46,15,3.39,0.45,3.14,7.52,339
12/12/2011 12:00,33218.5,15,2.76,0.89,5.46,7.58,325
12/12/2011 13:00,33218.55,13.89,2.37,0.45,4.52,9.45,196
12/12/2011 14:00,33218.59,12.78,1.66,0.89,3.54,9.21,165
12/12/2011 15:00,33218.63,12.22,1.73,0.45,3.65,9.04,98
12/12/2011 16:00,33218.67,10,1.03,0.89,4.76,8.86,13
12/12/2011 17:00,33218.71,8.33,0.47,0.89,4.42,8.68,4
12/12/2011 18:00,33218.76,7.22,0.35,0.89,5.34,8.5,4
12/12/2011 19:00,33218.8,8.89,3.24,1.79,0.54,8.32,4
12/12/2011 20:00,33218.84,8.33,2.71,1.79,1.61,8.15,4
12/12/2011 21:00,33218.88,7.78,2.59,3.13,0.93,7.97,4
12/12/2011 22:00,33218.92,7.22,2.06,2.24,1.41,7.79,4
12/12/2011 23:00,33218.97,6.11,0.37,4.02,0.98,6.86,4
12/13/2011 0:00,33219,6.67,1.72,0.89,0.58,7.44,4
12/13/2011 1:00,33219.04,7.22,1.65,2.68,1.71,7.26,4
12/13/2011 2:00,33219.08,7.22,1.85,1.34,6.2,7.08,4
12/13/2011 3:00,33219.13,6.11,0.79,2.24,1.1,6.9,4
12/13/2011 4:00,33219.17,6.67,1.32,2.68,1.5,6.72,4
12/13/2011 5:00,33219.21,6.11,0.79,2.68,1.52,6.55,4
12/13/2011 6:00,33219.25,5,0.31,2.68,1.34,6.37,5
12/13/2011 7:00,33219.29,6.11,1.19,0.89,1.36,6.19,52
12/13/2011 8:00,33219.34,7.78,1.54,0.89,3.98,6.01,148
12/13/2011 9:00,33219.38,13.33,5.66,1.34,1.57,5.84,320
12/13/2011 10:00,33219.42,15,6.74,0.89,2.44,5.66,405
12/13/2011 11:00,33219.46,13.89,4.66,0.89,3.84,5.48,434
12/13/2011 12:00,33219.5,14.44,4.07,0.89,4.29,5.3,423
12/13/2011 13:00,33219.55,16.11,4.09,0.45,3.49,5.12,387
12/13/2011 14:00,33219.59,16.11,3.11,0.45,4.21,5.87,285
12/13/2011 15:00,33219.63,13.89,0.76,0.89,3.91,5.83,142
12/13/2011 16:00,33219.67,11.67,0.33,0.45,3.91,5.78,21
12/13/2011 17:00,33219.71,11.11,2.58,1.34,0.94,5.74,4
12/13/2011 18:00,33219.76,10,2.04,1.34,0.98,5.69,4
12/13/2011 19:00,33219.8,7.78,1.1,2.24,1.13,5.64,4
12/13/2011 20:00,33219.84,7.22,1.01,2.68,1.54,5.6,4
12/13/2011 21:00,33219.88,7.22,1.65,2.68,1.22,5.55,4
12/13/2011 22:00,33219.92,7.22,1.85,3.13,1.48,5.51,4
12/13/2011 23:00,33219.97,7.22,2.06,3.13,1.01,7.61,4
12/14/2011 0:00,33220,6.11,1.19,2.24,1.54,5.42,4
12/14/2011 1:00,33220.04,6.11,1.38,4.02,1.2,5.37,4
12/14/2011 2:00,33220.08,6.11,1.58,3.13,1.54,5.33,4
12/14/2011 3:00,33220.13,5.56,1.42,4.02,1.26,5.28,4
12/14/2011 4:00,33220.17,5.56,1.42,3.13,1.24,5.24,4
12/14/2011 5:00,33220.21,5,0.89,3.13,0.98,5.19,4
12/14/2011 6:00,33220.25,3.89,-0.01,2.68,1.52,5.15,5
12/14/2011 7:00,33220.29,5,1.07,3.58,1.22,5.1,41
12/14/2011 8:00,33220.34,6.11,1.19,3.13,1.08,5.05,173
12/14/2011 9:00,33220.38,9.44,3.56,1.34,0.93,5.01,312
12/14/2011 10:00,33220.42,13.33,5.17,0.89,3.87,4.96,418
12/14/2011 11:00,33220.46,15.56,6.21,1.79,3.96,4.92,466
12/14/2011 12:00,33220.5,16.11,5.61,0.89,5.93,4.87,437
12/14/2011 13:00,33220.55,15.56,3.27,0.89,4.31,4.76,397
12/14/2011 14:00,33220.59,16.67,3.95,0.89,5.48,5.82,286
12/14/2011 15:00,33220.63,15,2.1,0.45,4.01,5.87,142
12/14/2011 16:00,33220.67,10,-0.9,0.45,3.61,5.92,20
12/14/2011 17:00,33220.71,9.44,0.25,0.89,6.23,5.97,4
12/14/2011 18:00,33220.76,8.89,1.23,2.24,1.15,6.02,4
12/14/2011 19:00,33220.8,7.78,1.1,3.13,1.17,6.07,4
12/14/2011 20:00,33220.84,7.78,1.54,2.68,1.26,6.12,4
12/14/2011 21:00,33220.88,7.78,1.97,3.58,1.31,6.17,4
12/14/2011 22:00,33220.92,7.22,2.06,4.02,1.61,6.22,4
12/14/2011 23:00,33220.97,6.67,1.52,3.13,1.48,5.46,4
12/15/2011 0:00,33221,6.67,1.11,3.13,1.38,6.32,4
12/15/2011 1:00,33221.04,6.67,1.11,1.34,0.59,6.37,4
12/15/2011 2:00,33221.08,7.22,1.22,4.02,0.96,6.42,4
12/15/2011 3:00,33221.13,6.67,0.91,2.24,1.38,6.47,4
12/15/2011 4:00,33221.17,7.22,1.65,1.34,0.66,6.52,4
12/15/2011 5:00,33221.21,6.67,1.32,1.79,1.27,6.58,4
12/15/2011 6:00,33221.25,6.67,1.11,1.79,1.03,6.63,4
12/15/2011 7:00,33221.29,7.78,1.97,1.79,1.47,6.68,34
12/15/2011 8:00,33221.34,10.56,3.96,0.89,5.5,6.73,178
12/15/2011 9:00,33221.38,10.56,3.04,0.89,4.19,6.78,184
12/15/2011 10:00,33221.42,13.89,5.18,1.34,5.99,6.83,354
12/15/2011 11:00,33221.46,14.44,4.91,0.89,3.84,6.88,460
12/15/2011 12:00,33221.5,13.33,3.6,1.34,3.77,6.93,355
12/15/2011 13:00,33221.55,14.44,4.07,1.34,3.8,7,317
12/15/2011 14:00,33221.59,12.78,3.08,2.24,4.47,7.16,244
12/15/2011 15:00,33221.63,10.56,2.31,1.34,4.45,7.07,130
12/15/2011 16:00,33221.67,9.44,2.45,0.89,4.68,6.98,15
12/15/2011 17:00,33221.71,8.33,2.5,0.45,4.38,6.89,4
12/15/2011 18:00,33221.76,6.67,1.92,0.45,4.01,6.8,4
12/15/2011 19:00,33221.8,6.67,2.87,1.34,4.28,6.71,4
12/15/2011 20:00,33221.84,5,1.8,0.45,4.08,6.62,4
12/15/2011 21:00,33221.88,4.44,1.77,0.89,4.05,6.54,4
12/15/2011 22:00,33221.92,5.56,3.03,0.89,1.06,6.45,4
12/15/2011 23:00,33221.97,7.22,2.06,4.47,1.08,6.27,4
12/16/2011 0:00,33222,5.56,3.2,2.24,1.31,6.27,3
12/16/2011 1:00,33222.04,5,2.49,3.58,1.5,6.18,3
12/16/2011 2:00,33222.08,5,2.32,2.24,1.13,6.09,3
12/16/2011 3:00,33222.13,4.44,1.77,2.24,1.48,6,4
12/16/2011 4:00,33222.17,5.56,2.51,2.68,1.59,5.91,4
12/16/2011 5:00,33222.21,5,2.32,2.68,1.5,5.82,4
12/16/2011 6:00,33222.25,3.89,1.23,2.68,1.47,5.73,5
12/16/2011 7:00,33222.29,3.89,1.06,2.24,1.57,5.64,36
12/16/2011 8:00,33222.34,2.78,-0.37,2.24,4.01,5.55,170
12/16/2011 9:00,33222.38,7.22,4.14,0.89,3.58,5.46,312
12/16/2011 10:00,33222.42,8.89,5.4,0.89,4.17,5.38,401
12/16/2011 11:00,33222.46,9.44,5.19,0.89,3.8,5.29,437
12/16/2011 12:00,33222.5,11.67,6.53,0.45,4,5.2,425
12/16/2011 13:00,33222.55,12.78,6.53,0.45,3.77,4.97,390
12/16/2011 14:00,33222.59,13.33,6.37,0.45,3.65,5.75,287
12/16/2011 15:00,33222.63,11.11,4.26,0.45,3.42,5.68,143
12/16/2011 16:00,33222.67,8.89,3.45,0.45,3.79,5.62,22
12/16/2011 17:00,33222.71,7.22,2.45,0.89,4.92,5.55,4
12/16/2011 18:00,33222.76,7.22,3.04,0.89,3.58,5.49,4
12/16/2011 19:00,33222.8,6.11,2.15,0.89,1.92,5.43,4
12/16/2011 20:00,33222.84,5,1.8,2.68,1.47,5.36,4
12/16/2011 21:00,33222.88,5,2.15,3.58,1.57,5.3,4
12/16/2011 22:00,33222.92,5.56,2.86,2.68,1.61,5.23,4
12/16/2011 23:00,33222.97,5.56,3.03,0.45,2.36,6.36,3
12/17/2011 0:00,33223,5.56,2.86,2.68,1.36,5.11,4
12/17/2011 1:00,33223.04,4.44,1.94,2.24,1.45,5.04,4
12/17/2011 2:00,33223.08,4.44,1.94,4.47,0.99,4.98,4
12/17/2011 3:00,33223.13,4.44,1.77,6.26,1.1,4.91,4
12/17/2011 4:00,33223.17,4.44,1.6,5.36,1.13,4.85,4
12/17/2011 5:00,33223.21,3.89,1.06,3.13,1.52,4.79,4
12/17/2011 6:00,33223.25,3.89,0.89,3.58,1.55,4.72,5
12/17/2011 7:00,33223.29,4.44,1.25,3.13,1.24,4.66,43
12/17/2011 8:00,33223.34,6.11,2.15,2.68,1.15,4.59,184
12/17/2011 9:00,33223.38,11.11,6,0.45,6.06,4.53,323
12/17/2011 10:00,33223.42,15,8.19,0.45,4.68,4.47,432
12/17/2011 11:00,33223.46,15.56,7.51,0.89,3.93,4.4,486
12/17/2011 12:00,33223.5,16.11,6.73,0.45,2.9,4.34,452
12/17/2011 13:00,33223.55,19.44,8.7,0,3.7,3.9,418
12/17/2011 14:00,33223.59,17.78,5.62,0.45,6.09,4.9,308
12/17/2011 15:00,33223.63,15,2.76,0.45,3.53,4.87,157
12/17/2011 16:00,33223.67,11.67,2.05,0.89,4.4,4.85,21
12/17/2011 17:00,33223.71,10,2.04,0.45,4.26,4.82,4
12/17/2011 18:00,33223.76,9.44,2.22,0.45,4.59,4.79,4
12/17/2011 19:00,33223.8,9.44,2.45,0.89,3.47,4.76,4
12/17/2011 20:00,33223.84,6.67,1.11,1.79,1.94,4.73,4
12/17/2011 21:00,33223.88,7.22,2.45,2.68,1.54,4.71,4
12/17/2011 22:00,33223.92,7.22,2.45,3.58,1.22,4.68,4
12/17/2011 23:00,33223.97,5.56,3.03,3.13,1.29,5.17,4
12/18/2011 0:00,33224,7.22,2.65,5.36,0.84,4.62,4
12/18/2011 1:00,33224.04,7.78,2.38,3.13,1.27,4.6,4
12/18/2011 2:00,33224.08,8.89,2.6,3.13,0.96,4.57,4
12/18/2011 3:00,33224.13,9.44,2.22,3.58,1.15,4.54,4
12/18/2011 4:00,33224.17,7.78,0.18,3.58,1.13,4.51,4
12/18/2011 5:00,33224.21,8.33,0.71,3.13,1.03,4.49,4
12/18/2011 6:00,33224.25,7.22,-0.34,2.24,0.93,4.46,4
12/18/2011 7:00,33224.29,6.67,-2.08,0.45,3.77,4.43,46
12/18/2011 8:00,33224.34,7.78,-0.79,0.45,1.55,4.4,195
12/18/2011 9:00,33224.38,12.78,2.81,0.89,3.86,4.38,336
12/18/2011 10:00,33224.42,13.33,2.46,0.45,0.23,4.35,441
12/18/2011 11:00,33224.46,17.78,3.2,0.89,4.17,4.32,493
12/18/2011 12:00,33224.5,17.78,2.82,1.34,3.42,4.29,453
12/18/2011 13:00,33224.55,18.89,3.02,1.34,3.68,4.14,412
12/18/2011 14:00,33224.59,17.22,1.14,1.34,4.21,5.18,301
12/18/2011 15:00,33224.63,15.56,1.56,0,5.11,5.18,152
12/18/2011 16:00,33224.67,12.22,1.14,0.89,3.77,5.17,21
12/18/2011 17:00,33224.71,9.44,0.77,0.89,5.78,5.16,4
12/18/2011 18:00,33224.76,8.89,0.5,0.45,4.29,5.16,4
12/18/2011 19:00,33224.8,9.44,2.22,1.79,1.33,5.15,4
12/18/2011 20:00,33224.84,8.33,2.5,3.13,1.08,5.15,4
12/18/2011 21:00,33224.88,5.56,-0.58,1.79,3.91,5.14,4
12/18/2011 22:00,33224.92,5.56,1.04,2.68,0.59,5.13,4
12/18/2011 23:00,33224.97,6.67,2.31,3.58,1.26,4.65,4
12/19/2011 0:00,33225,6.11,0.58,2.68,1.17,5.12,4
12/19/2011 1:00,33225.04,6.11,1.19,2.68,1.29,5.12,4
12/19/2011 2:00,33225.08,5,-0.08,1.79,1.38,5.11,4
12/19/2011 3:00,33225.13,5,0.31,2.24,1.22,5.1,4
12/19/2011 4:00,33225.17,5,0.31,2.68,1.2,5.1,4
12/19/2011 5:00,33225.21,5,0.31,1.79,1.12,5.09,4
12/19/2011 6:00,33225.25,3.89,-0.57,2.68,0.94,5.09,5
12/19/2011 7:00,33225.29,3.89,-0.76,3.13,1.41,5.08,37
12/19/2011 8:00,33225.34,5.56,0.25,1.34,1.08,5.08,170
12/19/2011 9:00,33225.38,10,3.66,0.89,4.22,5.07,304
12/19/2011 10:00,33225.42,12.22,4.13,2.24,3.86,5.06,410
12/19/2011 11:00,33225.46,14.44,4.91,0.45,4.07,5.06,457
12/19/2011 12:00,33225.5,14.44,4.07,0.45,4.29,5.05,429
12/19/2011 13:00,33225.55,16.11,4.72,0.45,3.4,5,388
12/19/2011 14:00,33225.59,15.56,3.9,0.45,1.85,6,279
12/19/2011 15:00,33225.63,12.78,1.95,0,2.88,5.96,136
12/19/2011 16:00,33225.67,8.89,1.23,0.45,2.69,5.91,22
12/19/2011 17:00,33225.71,7.78,2.59,0.89,5.5,5.86,4
12/19/2011 18:00,33225.76,8.33,3.92,1.34,0.96,5.82,4
12/19/2011 19:00,33225.8,7.78,3.57,1.79,1.76,5.77,4
12/19/2011 20:00,33225.84,6.11,1.77,3.13,1.85,5.73,4
12/19/2011 21:00,33225.88,5.56,1.61,0.89,3.33,5.68,4
12/19/2011 22:00,33225.92,3.89,0.54,0.89,2.2,5.63,4
12/19/2011 23:00,33225.97,6.11,0.79,3.58,1.29,5.13,4
12/20/2011 0:00,33226,5.56,2.34,2.24,0.94,5.54,4
12/20/2011 1:00,33226.04,5,1.8,4.02,1.22,5.5,4
12/20/2011 2:00,33226.08,3.89,0.89,3.13,1.47,5.45,4
12/20/2011 3:00,33226.13,3.89,0.71,4.02,1.36,5.4,4
12/20/2011 4:00,33226.17,3.33,0.17,3.13,1.15,5.36,4
12/20/2011 5:00,33226.21,3.33,0.17,3.13,1.55,5.31,4
12/20/2011 6:00,33226.25,4.44,1.25,4.02,1.01,5.26,5
12/20/2011 7:00,33226.29,4.44,0.72,4.47,0.89,5.22,34
12/20/2011 8:00,33226.34,5.56,1.79,3.58,1.17,5.17,160
12/20/2011 9:00,33226.38,10,4.93,0.89,2.43,5.13,305
12/20/2011 10:00,33226.42,13.33,6.83,0.45,3.84,5.08,411
12/20/2011 11:00,33226.46,13.33,5.9,0.45,3.28,5.03,458
12/20/2011 12:00,33226.5,15.56,6.75,0.89,5.53,4.99,431
12/20/2011 13:00,33226.55,16.11,7.27,0,2.27,4.89,391
12/20/2011 14:00,33226.59,13.89,4.66,0.45,5.15,7.21,241
12/20/2011 15:00,33226.63,13.89,4.66,0.45,0.12,7.09,118
12/20/2011 16:00,33226.67,10,2.28,0.45,3.93,6.97,35
12/20/2011 17:00,33226.71,8.89,2.6,0.89,4.83,6.85,4
12/20/2011 18:00,33226.76,8.33,2.5,1.34,0.63,6.73,4
12/20/2011 19:00,33226.8,8.89,3.45,2.68,1.1,6.61,4
12/20/2011 20:00,33226.84,7.78,2.79,2.68,1.55,6.49,4
12/20/2011 21:00,33226.88,6.67,2.31,0.89,1.95,6.38,4
12/20/2011 22:00,33226.92,6.67,2.69,1.79,1.64,6.26,4
12/20/2011 23:00,33226.97,5,1.97,1.34,1.41,5.59,4
12/21/2011 0:00,33227,6.67,2.69,2.68,1.08,6.02,4
12/21/2011 1:00,33227.04,6.11,2.15,3.58,1.4,5.9,4
12/21/2011 2:00,33227.08,5,1.07,4.02,1.15,5.78,4
12/21/2011 3:00,33227.13,5,0.31,4.02,1.43,5.66,4
12/21/2011 4:00,33227.17,6.11,0.99,4.02,1.2,5.54,4
12/21/2011 5:00,33227.21,5.56,0.85,3.58,1.4,5.42,4
12/21/2011 6:00,33227.25,4.44,-0.42,3.58,1.55,5.3,5
12/21/2011 7:00,33227.29,4.44,-0.61,4.02,1.47,5.18,37
12/21/2011 8:00,33227.34,6.11,0.37,2.68,0.89,5.06,175
12/21/2011 9:00,33227.38,12.78,5.14,0.45,0,4.94,313
12/21/2011 10:00,33227.42,15.56,6.48,0.45,4.75,4.82,421
12/21/2011 11:00,33227.46,16.67,6.41,0.45,2.11,4.7,462
12/21/2011 12:00,33227.5,17.22,5.43,1.34,3.75,4.58,444
12/21/2011 13:00,33227.55,16.67,4.28,0.45,1.36,4.54,401
12/21/2011 14:00,33227.59,15.56,3.27,0.89,3.96,5.6,290
12/21/2011 15:00,33227.63,13.89,2.97,1.34,3.54,5.58,149
12/21/2011 16:00,33227.67,10.56,1.81,0.89,4.01,5.56,24
12/21/2011 17:00,33227.71,8.33,1.17,0.89,5.36,5.54,4
12/21/2011 18:00,33227.76,7.78,0.88,0.45,4.28,5.53,4
12/21/2011 19:00,33227.8,6.67,0.48,0.45,5.5,5.51,4
12/21/2011 20:00,33227.84,6.67,1.72,2.68,1.08,5.49,4
12/21/2011 21:00,33227.88,6.11,1.58,2.24,1.54,5.48,4
12/21/2011 22:00,33227.92,5.56,1.23,1.34,3.84,5.46,4
12/21/2011 23:00,33227.97,6.67,2.87,2.68,1.4,6.14,4
12/22/2011 0:00,33228,5.56,1.98,3.13,1.57,5.42,4
12/22/2011 1:00,33228.04,4.44,1.08,2.68,1.34,5.41,4
12/22/2011 2:00,33228.08,4.44,1.25,2.68,1.47,5.39,4
12/22/2011 3:00,33228.13,5,1.62,2.68,1.1,5.37,4
12/22/2011 4:00,33228.17,3.89,0.54,4.02,1.22,5.36,4
12/22/2011 5:00,33228.21,4.44,0.9,3.13,1.41,5.34,4
12/22/2011 6:00,33228.25,2.78,-0.37,2.68,1.59,5.32,5
12/22/2011 7:00,33228.29,4.44,0.9,3.13,1.29,5.31,29
12/22/2011 8:00,33228.34,5.56,1.79,1.79,1.4,5.29,141
12/22/2011 9:00,33228.38,7.78,3.19,0.89,0.94,5.27,279
12/22/2011 10:00,33228.42,12.78,6.3,0.45,4.82,5.25,396
12/22/2011 11:00,33228.46,13.89,5.94,0,1.88,5.24,443
12/22/2011 12:00,33228.5,16.11,7.53,0.45,5.31,5.22,423
12/22/2011 13:00,33228.55,13.89,4.12,0.45,1.06,4.89,391
12/22/2011 14:00,33228.59,15.56,3.9,0.89,4.01,6,279
12/22/2011 15:00,33228.63,12.78,2.24,0.45,3.4,5.98,135
12/22/2011 16:00,33228.67,9.44,1.27,0.89,4.4,5.97,24
12/22/2011 17:00,33228.71,9.44,2.68,1.79,1.43,5.95,4
12/22/2011 18:00,33228.76,8.33,2.5,1.79,1.01,5.94,4
12/22/2011 19:00,33228.8,8.33,2.92,2.24,1.59,5.93,4
12/22/2011 20:00,33228.84,7.22,2.26,2.68,1.17,5.91,4
12/22/2011 21:00,33228.88,6.11,1.38,4.02,1.06,5.9,4
12/22/2011 22:00,33228.92,6.67,1.92,3.13,1.22,5.88,4
12/22/2011 23:00,33228.97,5,1.26,2.24,1.31,5.44,4
12/23/2011 0:00,33229,5,0.51,3.13,1.57,5.86,4
12/23/2011 1:00,33229.04,5.56,1.04,3.13,1.15,5.84,4
12/23/2011 2:00,33229.08,5,0.51,2.68,1.12,5.83,4
12/23/2011 3:00,33229.13,5,0.31,3.13,1.31,5.81,4
12/23/2011 4:00,33229.17,4.44,-0.61,3.13,1.17,5.8,4
12/23/2011 5:00,33229.21,3.33,-1.29,3.58,1.03,5.79,4
12/23/2011 6:00,33229.25,2.78,-1.64,2.68,1.36,5.77,5
12/23/2011 7:00,33229.29,4.44,-0.22,3.58,1.33,5.76,33
12/23/2011 8:00,33229.34,5.56,0.25,2.68,1.55,5.74,168
12/23/2011 9:00,33229.38,7.78,1.54,1.34,1.26,5.73,300
12/23/2011 10:00,33229.42,12.78,3.62,1.34,3.32,5.72,406
12/23/2011 11:00,33229.46,13.33,2.76,0.89,4.03,5.7,434
12/23/2011 12:00,33229.5,15,3.39,0.89,3.65,5.69,406
12/23/2011 13:00,33229.55,14.44,1.93,0.89,1.1,4.9,391
12/23/2011 14:00,33229.59,13.33,0.59,0.89,5.74,6.7,258
12/23/2011 15:00,33229.63,12.78,0.41,0.89,4.14,6.59,120
12/23/2011 16:00,33229.67,9.44,-1.41,0.89,3.75,6.48,26
12/23/2011 17:00,33229.71,8.89,-0.53,0.45,5.52,6.37,4
12/23/2011 18:00,33229.76,8.33,0.47,1.34,0.98,6.26,4
12/23/2011 19:00,33229.8,7.78,0.42,1.34,1.38,6.15,4
12/23/2011 20:00,33229.84,6.67,0.04,2.24,1.54,6.04,4
12/23/2011 21:00,33229.88,6.11,-0.05,1.79,1.33,5.93,4
12/23/2011 22:00,33229.92,6.11,0.58,2.68,1.48,5.82,4
12/23/2011 23:00,33229.97,5,0.31,2.24,1.1,5.87,4
12/24/2011 0:00,33230,5,-0.28,3.58,0.98,5.6,4
12/24/2011 1:00,33230.04,5.56,-0.16,3.13,1.64,5.49,4
12/24/2011 2:00,33230.08,5,-0.28,4.47,1.26,5.38,4
12/24/2011 3:00,33230.13,3.33,-1.68,3.58,1.4,5.27,4
12/24/2011 4:00,33230.17,4.44,-1.43,5.36,1.15,5.16,4
12/24/2011 5:00,33230.21,2.78,-2.61,2.24,1.24,5.05,4
12/24/2011 6:00,33230.25,3.33,-1.68,2.68,1.45,4.94,5
12/24/2011 7:00,33230.29,2.78,-2.41,2.68,1.43,4.83,37
12/24/2011 8:00,33230.34,5,-1.32,2.68,1.29,4.72,174
12/24/2011 9:00,33230.38,10.56,2.31,0.89,0.44,4.61,318
12/24/2011 10:00,33230.42,16.11,6.73,0.45,5.46,4.5,431
12/24/2011 11:00,33230.46,14.44,4.35,0.89,3.28,4.39,483
12/24/2011 12:00,33230.5,15,3.08,1.79,4.12,4.28,453
12/24/2011 13:00,33230.55,16.11,2.77,1.34,3.56,3.96,416
12/24/2011 14:00,33230.59,15.56,1.2,0.45,6.14,4.97,306
12/24/2011 15:00,33230.63,14.44,-0.16,0.89,3.63,4.91,157
12/24/2011 16:00,33230.67,10.56,-2.59,0.45,3.87,4.86,24
12/24/2011 17:00,33230.71,8.89,-0.27,0.45,5.74,4.81,4
12/24/2011 18:00,33230.76,8.89,0.99,1.34,0.54,4.76,4
12/24/2011 19:00,33230.8,8.33,0.71,1.79,0.93,4.7,4
12/24/2011 20:00,33230.84,6.67,0.26,3.13,1.57,4.65,4
12/24/2011 21:00,33230.88,5.56,-0.37,3.13,1.03,4.6,4
12/24/2011 22:00,33230.92,5,-0.48,3.58,1.47,4.55,4
12/24/2011 23:00,33230.97,5,-0.48,3.13,1.57,5.71,4
12/25/2011 0:00,33231,4.44,-0.81,3.58,1.17,4.44,4
12/25/2011 1:00,33231.04,5,-0.08,3.13,1.13,4.39,4
12/25/2011 2:00,33231.08,3.89,-1.15,3.13,1.31,4.34,4
12/25/2011 3:00,33231.13,3.33,-1.49,3.13,0.82,4.28,4
12/25/2011 4:00,33231.17,3.89,-1.35,3.58,1.19,4.23,4
12/25/2011 5:00,33231.21,3.89,-1.55,4.47,0.87,4.18,4
12/25/2011 6:00,33231.25,3.33,-2.49,4.47,1.15,4.13,4
12/25/2011 7:00,33231.29,5,-1.76,2.24,1.26,4.07,41
12/25/2011 8:00,33231.34,5.56,-2.15,0.89,1.62,4.02,181
12/25/2011 9:00,33231.38,12.78,3.62,0.45,5.76,3.97,325
12/25/2011 10:00,33231.42,16.67,5.23,0.89,4.03,3.92,430
12/25/2011 11:00,33231.46,16.11,2.42,0.89,5.55,3.87,489
12/25/2011 12:00,33231.5,16.67,2.2,0.89,5.53,3.81,466
12/25/2011 13:00,33231.55,18.89,1.76,1.34,4.14,3.63,424
12/25/2011 14:00,33231.59,16.11,-0.68,0.89,5.06,5.54,292
12/25/2011 15:00,33231.63,15,-0.43,0.45,1.12,5.48,152
12/25/2011 16:00,33231.67,11.11,-2.09,0.89,4.12,5.42,23
12/25/2011 17:00,33231.71,8.89,-2.51,0.45,5.57,5.36,4
12/25/2011 18:00,33231.76,8.89,-1.35,0.45,4.8,5.3,4
12/25/2011 19:00,33231.8,8.33,0.22,3.13,1.06,5.24,4
12/25/2011 20:00,33231.84,7.78,-0.06,4.47,1.06,5.18,4
12/25/2011 21:00,33231.88,7.22,-0.34,4.02,1.48,5.12,4
12/25/2011 22:00,33231.92,6.67,-1.34,2.24,1.61,5.06,4
12/25/2011 23:00,33231.97,5.56,0.05,2.24,1.4,4.49,4
12/26/2011 0:00,33232,6.11,-0.7,1.79,1.43,4.95,4
12/26/2011 1:00,33232.04,5.56,-1.01,2.68,1.24,4.89,4
12/26/2011 2:00,33232.08,5,-1.11,2.68,1.36,4.83,4
12/26/2011 3:00,33232.13,4.44,-1.85,2.24,1.26,4.77,4
12/26/2011 4:00,33232.17,5,-1.32,2.24,1.34,4.71,4
12/26/2011 5:00,33232.21,4.44,-1.85,3.13,1.54,4.65,4
12/26/2011 6:00,33232.25,3.89,-1.96,2.24,1.4,4.59,4
12/26/2011 7:00,33232.29,4.44,-1.43,3.58,1.43,4.53,34
12/26/2011 8:00,33232.34,5.56,-1.68,3.13,1.03,4.47,166
12/26/2011 9:00,33232.38,10,1.03,1.34,0.68,4.41,310
12/26/2011 10:00,33232.42,15.56,4.21,0.89,3.54,4.35,423
12/26/2011 11:00,33232.46,16.67,3.27,0.45,3.28,4.29,481
12/26/2011 12:00,33232.5,17.22,2.7,0.45,3.89,4.23,455
12/26/2011 13:00,33232.55,18.33,2.93,1.34,3.82,3.73,422
12/26/2011 14:00,33232.59,16.67,0.23,0.45,4.03,4.99,306
12/26/2011 15:00,33232.63,15.56,-0.75,0.89,4.03,4.98,160
12/26/2011 16:00,33232.67,12.22,-1.79,0.45,4.05,4.97,25
12/26/2011 17:00,33232.71,8.89,-3.13,0.89,5.13,4.96,4
12/26/2011 18:00,33232.76,8.89,-0.01,0.89,0.19,4.95,4
12/26/2011 19:00,33232.8,8.89,-0.01,1.79,1.26,4.94,4
12/26/2011 20:00,33232.84,7.22,-0.82,3.13,1.08,4.93,4
12/26/2011 21:00,33232.88,6.11,-1.16,3.13,1.27,4.92,4
12/26/2011 22:00,33232.92,5.56,-0.37,2.24,0.77,4.91,4
12/26/2011 23:00,33232.97,6.11,-1.39,1.79,1.33,5,4
12/27/2011 0:00,33233,6.11,-0.26,4.02,1.06,4.89,4
12/27/2011 1:00,33233.04,5.56,-0.58,1.79,0.94,4.88,4
12/27/2011 2:00,33233.08,3.33,-2.7,0.89,1.2,4.87,4
12/27/2011 3:00,33233.13,3.89,-1.35,3.13,1.08,4.86,4
12/27/2011 4:00,33233.17,3.89,-1.75,3.13,1.55,4.86,4
12/27/2011 5:00,33233.21,4.44,-1.43,2.24,1.5,4.85,4
12/27/2011 6:00,33233.25,0.56,-3.78,0.89,3.96,4.84,4
12/27/2011 7:00,33233.29,3.33,-1.49,1.34,1.57,4.83,32
12/27/2011 8:00,33233.34,2.22,-2.56,0.89,4.12,4.82,160
12/27/2011 9:00,33233.38,5.56,0.05,1.34,0.8,4.81,297
12/27/2011 10:00,33233.42,12.22,3.62,1.34,3.63,4.8,406
12/27/2011 11:00,33233.46,12.22,2.57,1.34,3.68,4.79,461
12/27/2011 12:00,33233.5,15.56,3.59,0.45,2.23,4.78,439
12/27/2011 13:00,33233.55,12.78,0.73,4.02,3.4,4.44,405
12/27/2011 14:00,33233.59,13.89,0.76,1.34,3.94,5.52,293
12/27/2011 15:00,33233.63,13.33,0.26,0.89,3.54,5.52,146
12/27/2011 16:00,33233.67,11.11,-0.48,0.89,3.56,5.51,25
12/27/2011 17:00,33233.71,9.44,-1.12,0.45,4.85,5.51,4
12/27/2011 18:00,33233.76,8.89,0.75,1.79,1.47,5.5,4
12/27/2011 19:00,33233.8,7.78,0.65,3.13,1.47,5.49,4
12/27/2011 20:00,33233.84,6.11,-0.05,2.68,1.54,5.49,4
12/27/2011 21:00,33233.88,5.56,-0.16,3.58,1.54,5.48,4
12/27/2011 22:00,33233.92,6.11,0.58,3.13,1.57,5.47,4
12/27/2011 23:00,33233.97,6.11,-0.05,3.58,1.4,4.9,4
12/28/2011 0:00,33234,5,-0.08,3.58,0.94,5.46,4
12/28/2011 1:00,33234.04,4.44,-0.22,2.68,1.4,5.45,4
12/28/2011 2:00,33234.08,4.44,-0.03,3.13,1.19,5.45,4
12/28/2011 3:00,33234.13,5.56,0.85,3.13,1.43,5.44,4
12/28/2011 4:00,33234.17,4.44,-0.22,3.13,1.2,5.43,4
12/28/2011 5:00,33234.21,5,0.51,1.79,1.52,5.43,4
12/28/2011 6:00,33234.25,5,0.51,1.79,1.78,5.42,4
12/28/2011 7:00,33234.29,5,0.89,2.68,1.06,5.41,26
12/28/2011 8:00,33234.34,6.67,1.72,2.24,1.5,5.41,146
12/28/2011 9:00,33234.38,11.11,4.72,0.89,0.03,5.4,283
12/28/2011 10:00,33234.42,13.89,4.92,1.34,3.91,5.39,387
12/28/2011 11:00,33234.46,13.89,4.12,1.79,0.61,5.39,443
12/28/2011 12:00,33234.5,15.56,4.81,0.89,5.69,5.38,419
12/28/2011 13:00,33234.55,17.78,3.93,0.89,3.89,5.24,382
12/28/2011 14:00,33234.59,17.22,2.32,0.89,3.79,6.15,276
12/28/2011 15:00,33234.63,15.56,1.2,0.89,4.26,6.25,143
12/28/2011 16:00,33234.67,11.67,-0.92,0.45,3.77,6.35,25
12/28/2011 17:00,33234.71,10,-0.32,0.89,5.45,6.45,4
12/28/2011 18:00,33234.76,10,0.23,0.89,5.86,6.54,4
12/28/2011 19:00,33234.8,8.89,1.23,0.45,1.1,6.64,4
12/28/2011 20:00,33234.84,9.44,2.22,2.24,1.38,6.74,4
12/28/2011 21:00,33234.88,8.89,1.7,2.68,1.29,6.84,4
12/28/2011 22:00,33234.92,8.89,1.93,3.58,1.24,6.94,4
12/28/2011 23:00,33234.97,6.11,0.79,3.58,1.47,5.47,4
12/29/2011 0:00,33235,7.78,1.1,2.68,0.72,7.13,4
12/29/2011 1:00,33235.04,7.78,1.75,2.68,0.99,7.23,4
12/29/2011 2:00,33235.08,7.22,1.22,2.68,1.54,7.33,4
12/29/2011 3:00,33235.13,6.67,0.91,4.02,0.87,7.43,4
12/29/2011 4:00,33235.17,6.67,1.11,2.68,1.45,7.52,4
12/29/2011 5:00,33235.21,7.22,1.85,2.68,1.34,7.62,4
12/29/2011 6:00,33235.25,7.22,2.06,2.68,1.64,7.72,4
12/29/2011 7:00,33235.29,7.22,2.26,2.24,1.47,7.82,20
12/29/2011 8:00,33235.34,8.33,2.5,2.68,1.54,7.92,121
12/29/2011 9:00,33235.38,12.78,5.38,0.89,3.77,8.01,258
12/29/2011 10:00,33235.42,13.89,4.39,0.45,4.47,8.11,353
12/29/2011 11:00,33235.46,16.67,5.53,0.45,5.2,8.21,413
12/29/2011 12:00,33235.5,16.11,3.45,0.89,5.53,8.31,285
12/29/2011 13:00,33235.55,15.56,1.92,0.45,2.93,8.12,266
12/29/2011 14:00,33235.59,16.11,2.42,0.45,4.69,8.49,195
12/29/2011 15:00,33235.63,15.56,2.27,0.45,4.97,8.39,105
12/29/2011 16:00,33235.67,12.78,1.05,0.45,3.44,8.3,27
12/29/2011 17:00,33235.71,10.56,1.29,0.89,0.49,8.2,4
12/29/2011 18:00,33235.76,10.56,2.31,0.89,0.38,8.1,4
12/29/2011 19:00,33235.8,10,2.52,2.24,1.47,8.01,4
12/29/2011 20:00,33235.84,8.33,1.4,2.24,1.24,7.91,4
12/29/2011 21:00,33235.88,8.33,2.07,4.02,1.12,7.81,4
12/29/2011 22:00,33235.92,7.78,1.54,3.58,1.1,7.72,4
12/29/2011 23:00,33235.97,7.78,1.54,2.24,0.52,7.03,4
12/30/2011 0:00,33236,7.22,1.44,3.13,1.19,7.53,4
12/30/2011 1:00,33236.04,6.67,1.32,3.58,1.31,7.43,4
12/30/2011 2:00,33236.08,7.78,2.38,3.58,0.94,7.33,4
12/30/2011 3:00,33236.13,6.11,0.99,4.47,1.47,7.24,4
12/30/2011 4:00,33236.17,6.67,1.92,3.13,1.13,7.14,4
12/30/2011 5:00,33236.21,6.11,1.19,3.58,1.41,7.04,4
12/30/2011 6:00,33236.25,5.56,1.04,2.68,1.08,6.95,4
12/30/2011 7:00,33236.29,6.11,1.77,2.24,1.41,6.85,27
12/30/2011 8:00,33236.34,7.78,2.79,1.79,1.43,6.76,168
12/30/2011 9:00,33236.38,11.11,4.72,1.34,0.58,6.66,218
12/30/2011 10:00,33236.42,17.78,9.09,0.45,5.6,6.56,447
12/30/2011 11:00,33236.46,14.44,4.63,1.34,1.41,6.47,331
12/30/2011 12:00,33236.5,17.22,5.11,0.89,4.31,6.37,381
12/30/2011 13:00,33236.55,15.56,3.59,0.45,4.07,8.98,222
12/30/2011 14:00,33236.59,16.67,4.6,0.89,3.89,8.25,205
12/30/2011 15:00,33236.63,14.44,3.49,0.45,5.06,8.17,133
12/30/2011 16:00,33236.67,12.78,3.62,1.34,4.29,8.09,26
12/30/2011 17:00,33236.71,10.56,2.8,0.45,3.77,8.01,4
12/30/2011 18:00,33236.76,9.44,2.45,0.45,1.99,7.93,4
12/30/2011 19:00,33236.8,8.89,3.24,1.34,1.01,7.85,4
12/30/2011 20:00,33236.84,8.33,2.92,2.24,1.24,7.76,4
12/30/2011 21:00,33236.88,8.33,3.72,4.47,1.41,7.68,4
12/30/2011 22:00,33236.92,8.33,3.72,3.13,1.34,7.6,4
12/30/2011 23:00,33236.97,7.78,1.75,3.13,1.43,7.62,4
12/31/2011 0:00,33237,7.78,3.57,3.58,0.86,7.44,4
12/31/2011 1:00,33237.04,6.67,2.11,4.92,1.27,7.36,4
12/31/2011 2:00,33237.08,6.67,2.11,2.24,1.13,7.28,4
12/31/2011 3:00,33237.13,7.78,2.79,3.13,1.34,7.2,4
12/31/2011 4:00,33237.17,7.78,2.79,3.13,1.27,7.12,4
12/31/2011 5:00,33237.21,6.67,1.92,2.68,1.2,7.04,4
12/31/2011 6:00,33237.25,6.67,2.31,4.02,1.01,6.96,4
12/31/2011 7:00,33237.29,6.11,1.58,3.58,1.31,6.88,16
12/31/2011 8:00,33237.34,7.22,2.06,2.24,1.43,6.8,74
12/31/2011 9:00,33237.38,8.89,3.45,0.45,0.49,6.72,79
12/31/2011 10:00,33237.42,10.56,4.19,1.79,3.44,6.64,173
12/31/2011 11:00,33237.46,11.67,4.56,0.45,2.79,6.56,271
12/31/2011 12:00,33237.5,16.11,8.53,0.45,5.08,6.48,377
12/31/2011 13:00,33237.55,13.89,6.9,0.89,1.1,5.81,365
12/31/2011 14:00,33237.59,13.89,6.9,0.45,4.19,8.36,201
12/31/2011 15:00,33237.63,13.89,6.67,0.45,4.36,8.17,136
12/31/2011 16:00,33237.67,11.11,5.15,0.45,3.68,7.97,35
12/31/2011 17:00,33237.71,9.44,4.8,1.34,0.58,7.78,4
12/31/2011 18:00,33237.76,9.44,5.19,2.24,1.24,7.59,4
12/31/2011 19:00,33237.8,7.78,3.95,2.68,1.19,7.4,4
12/31/2011 20:00,33237.84,7.22,3.6,2.24,1.5,7.2,4
12/31/2011 21:00,33237.88,7.22,3.6,3.13,1.57,7.01,4
12/31/2011 22:00,33237.92,7.22,3.96,3.58,1.27,6.82,4
12/31/2011 23:00,33237.97,7.22,2.84,1.79,0.96,7.52,4
