DATE TIME,JDAY,TAIR,TDEW,WIND,PHI,CLOUD,SRO
1/1/2019 0:00,35795,3.89,0.54,2.68,1.54,5.56,8
1/1/2019 1:00,35795.04,3.33,0.17,1.79,1.87,5.58,8
1/1/2019 2:00,35795.08,4.44,1.25,2.68,1.5,5.59,8
1/1/2019 3:00,35795.13,3.89,0.54,2.24,1.9,5.6,8
1/1/2019 4:00,35795.17,2.78,-0.37,3.13,1.9,5.61,8
1/1/2019 5:00,35795.21,2.78,-0.2,2.68,1.83,5.62,8
1/1/2019 6:00,35795.25,3.89,0.89,3.58,1.99,5.63,8
1/1/2019 7:00,35795.29,2.78,-0.2,0.89,2.62,5.64,26
1/1/2019 8:00,35795.34,5,1.8,0.45,4.89,5.65,114
1/1/2019 9:00,35795.38,7.22,3.41,0.45,6.27,5.66,263
1/1/2019 10:00,35795.42,8.33,3.92,0.45,4.87,5.67,347
1/1/2019 11:00,35795.46,10,5.33,1.34,3.93,5.68,390
1/1/2019 12:00,35795.5,10.56,5.26,1.34,4,5.69,410
1/1/2019 13:00,35795.55,11.11,5.37,0.89,3.93,5.23,385
1/1/2019 14:00,35795.59,10,4.31,0.89,2.44,7.51,234
1/1/2019 15:00,35795.63,8.89,3.66,0.45,5.5,7.37,124
1/1/2019 16:00,35795.67,6.67,1.92,0.45,4.52,7.24,48
1/1/2019 17:00,35795.71,5.56,1.23,0.45,0.93,7.1,9
1/1/2019 18:00,35795.76,6.11,2.15,1.34,0.1,6.97,8
1/1/2019 19:00,35795.8,5.56,1.98,1.34,1.48,6.83,8
1/1/2019 20:00,35795.84,6.11,2.88,1.79,1.78,6.69,8
1/1/2019 21:00,35795.88,3.89,0.71,1.79,2.27,6.56,8
1/1/2019 22:00,35795.92,4.44,1.6,2.24,1.99,6.42,8
1/1/2019 23:00,35795.97,4.44,1.08,1.34,1.52,5.55,8
1/2/2019 0:00,35796,5,1.97,2.68,2.04,6.15,8
1/2/2019 1:00,35796.04,5,2.15,3.13,1.55,6.02,8
1/2/2019 2:00,35796.08,3.89,1.06,2.24,1.24,5.88,8
1/2/2019 3:00,35796.13,4.44,1.77,2.68,1.62,5.75,8
1/2/2019 4:00,35796.17,2.78,-0.03,2.24,1.64,5.61,8
1/2/2019 5:00,35796.21,3.33,0.52,1.79,1.88,5.48,8
1/2/2019 6:00,35796.25,2.78,-0.03,2.24,1.92,5.34,8
1/2/2019 7:00,35796.29,2.78,-0.2,1.79,1.83,5.21,31
1/2/2019 8:00,35796.34,5,1.44,1.79,1.99,5.07,157
1/2/2019 9:00,35796.38,8.89,4.26,1.79,2.04,4.94,296
1/2/2019 10:00,35796.42,11.11,5.58,0.89,3.7,4.8,407
1/2/2019 11:00,35796.46,12.78,6.3,0.45,3.7,4.67,469
1/2/2019 12:00,35796.5,13.33,4.4,0.89,3.94,4.53,451
1/2/2019 13:00,35796.55,15.56,5.67,0.89,1.29,3.45,433
1/2/2019 14:00,35796.59,15,4.29,0.45,1.64,3.71,337
1/2/2019 15:00,35796.63,15,4,0.45,2.36,3.76,200
1/2/2019 16:00,35796.67,8.33,-1.05,0.45,4.56,3.8,53
1/2/2019 17:00,35796.71,7.78,-0.54,1.34,0.23,3.84,9
1/2/2019 18:00,35796.76,7.22,0.12,1.79,1.59,3.88,8
1/2/2019 19:00,35796.8,6.11,-0.26,1.79,1.85,3.92,8
1/2/2019 20:00,35796.84,5.56,0.05,2.24,1.61,3.96,8
1/2/2019 21:00,35796.88,6.11,0.79,3.13,1.71,4.01,8
1/2/2019 22:00,35796.92,5,0.31,3.13,1.62,4.05,8
1/2/2019 23:00,35796.97,5.56,2.69,2.68,1.36,6.29,8
1/3/2019 0:00,35797,5,-0.28,3.13,1.66,4.13,8
1/3/2019 1:00,35797.04,5,-0.28,2.68,1.71,4.17,8
1/3/2019 2:00,35797.08,5,-0.48,3.58,1.8,4.21,8
1/3/2019 3:00,35797.13,5,-0.08,4.02,1.73,4.26,8
1/3/2019 4:00,35797.17,4.44,-0.22,2.68,1.66,4.3,8
1/3/2019 5:00,35797.21,4.44,-0.42,3.13,1.85,4.34,8
1/3/2019 6:00,35797.25,4.44,-0.42,2.68,1.76,4.38,8
1/3/2019 7:00,35797.29,3.89,-0.95,2.68,1.85,4.42,35
1/3/2019 8:00,35797.34,6.67,0.69,1.79,1.66,4.46,160
1/3/2019 9:00,35797.38,10,2.28,1.79,1.61,4.51,304
1/3/2019 10:00,35797.42,13.89,4.66,0.89,1.97,4.55,415
1/3/2019 11:00,35797.46,16.11,6.18,0.45,4.68,4.59,477
1/3/2019 12:00,35797.5,16.11,5.32,0.89,3.86,4.63,449
1/3/2019 13:00,35797.55,17.78,5.94,0.89,5.92,3.41,435
1/3/2019 14:00,35797.59,16.11,3.77,0.89,5.67,3.66,339
1/3/2019 15:00,35797.63,17.22,4.12,0.45,4.54,3.7,202
1/3/2019 16:00,35797.67,10.56,0.47,0.45,4.12,3.73,45
1/3/2019 17:00,35797.71,8.89,-0.01,2.68,6.23,3.77,8
1/3/2019 18:00,35797.76,8.89,-0.01,1.34,1.64,3.81,7
1/3/2019 19:00,35797.8,8.89,1.23,0.45,1.59,3.85,7
1/3/2019 20:00,35797.84,6.67,-0.63,0.45,4.03,3.89,7
1/3/2019 21:00,35797.88,7.22,1.44,1.79,1.64,3.93,7
1/3/2019 22:00,35797.92,6.11,0.99,2.68,1.8,3.97,8
1/3/2019 23:00,35797.97,5.56,0.85,3.13,1.73,4.09,8
1/4/2019 0:00,35798,7.22,1.85,3.58,1.57,4.04,8
1/4/2019 1:00,35798.04,6.11,0.79,3.13,1.68,4.08,7
1/4/2019 2:00,35798.08,5.56,0.25,4.02,1.68,4.12,7
1/4/2019 3:00,35798.13,5,0.12,3.13,1.88,4.16,7
1/4/2019 4:00,35798.17,6.11,0.79,3.13,1.47,4.2,7
1/4/2019 5:00,35798.21,5.56,0.65,2.68,1.9,4.23,7
1/4/2019 6:00,35798.25,5.56,0.45,2.68,1.64,4.27,8
1/4/2019 7:00,35798.29,6.11,1.19,2.24,1.66,4.31,46
1/4/2019 8:00,35798.34,7.78,1.54,0.89,6.09,4.35,174
1/4/2019 9:00,35798.38,12.78,4.65,0.45,1.26,4.39,316
1/4/2019 10:00,35798.42,13.89,5.18,0.89,4.05,4.43,405
1/4/2019 11:00,35798.46,15.56,5.94,1.34,4.07,4.47,485
1/4/2019 12:00,35798.5,17.78,6.86,1.34,3.77,4.5,454
1/4/2019 13:00,35798.55,18.89,6.96,0.89,1.59,3.06,443
1/4/2019 14:00,35798.59,16.67,5.23,0.89,1.05,4.04,333
1/4/2019 15:00,35798.63,20,6.98,0.45,2.79,4.31,202
1/4/2019 16:00,35798.67,13.89,1.42,1.79,2.11,4.58,57
1/4/2019 17:00,35798.71,12.78,1.66,1.34,3.87,4.85,10
1/4/2019 18:00,35798.76,11.67,1.78,2.68,1.95,5.12,11
1/4/2019 19:00,35798.8,10,0.77,2.68,1.62,5.39,10
1/4/2019 20:00,35798.84,8.89,1.23,1.79,1.59,5.66,12
1/4/2019 21:00,35798.88,9.44,1.75,2.24,1.99,5.93,8
1/4/2019 22:00,35798.92,9.44,1.75,2.68,1.71,6.21,7
1/4/2019 23:00,35798.97,6.67,1.72,2.68,1.87,4,8
1/5/2019 0:00,35799,8.33,1.4,3.13,1.15,6.75,7
1/5/2019 1:00,35799.04,8.89,1.93,4.02,1.94,7.02,7
1/5/2019 2:00,35799.08,8.33,1.63,3.58,1.71,7.29,7
1/5/2019 3:00,35799.13,8.33,1.63,4.02,1.62,7.56,7
1/5/2019 4:00,35799.17,7.78,0.88,2.24,1.82,7.83,7
1/5/2019 5:00,35799.21,8.33,1.4,1.79,1.55,8.1,7
1/5/2019 6:00,35799.25,9.44,0.51,1.79,4.63,8.37,7
1/5/2019 7:00,35799.29,8.89,1.7,2.68,1.8,8.64,13
1/5/2019 8:00,35799.34,9.44,1.75,0.89,4.38,8.92,44
1/5/2019 9:00,35799.38,9.44,2.22,1.79,1.8,9.19,78
1/5/2019 10:00,35799.42,10.56,2.56,3.58,1.57,9.46,120
1/5/2019 11:00,35799.46,12.78,2.81,3.13,2.23,9.73,115
1/5/2019 12:00,35799.5,12.78,2.24,3.58,2.15,10,107
1/5/2019 13:00,35799.55,13.89,1.75,0.89,2.46,10,104
1/5/2019 14:00,35799.59,10,2.75,0.89,2.51,10,30
1/5/2019 15:00,35799.63,8.89,4.26,5.36,2.2,10,16
1/5/2019 16:00,35799.67,7.78,3.38,12.52,2.01,10,10
1/5/2019 17:00,35799.71,7.78,2.59,9.39,2.18,10,7
1/5/2019 18:00,35799.76,8.33,3.53,7.15,1.99,10,6
1/5/2019 19:00,35799.8,7.22,2.84,0.89,4.78,10,6
1/5/2019 20:00,35799.84,9.44,4.6,2.68,2.43,10,7
1/5/2019 21:00,35799.88,8.33,3.72,3.13,2.43,10,7
1/5/2019 22:00,35799.92,8.89,5.03,1.34,2.5,10,7
1/5/2019 23:00,35799.97,9.44,1.51,2.24,1.36,6.48,7
1/6/2019 0:00,35800,8.89,5.95,1.34,1.9,10,6
1/6/2019 1:00,35800.04,7.78,5.04,1.79,2.16,10,6
1/6/2019 2:00,35800.08,8.33,5.58,2.68,1.92,10,6
1/6/2019 3:00,35800.13,7.22,4.14,0.89,1.99,10,6
1/6/2019 4:00,35800.17,6.11,3.06,1.34,4.49,10,7
1/6/2019 5:00,35800.21,6.11,3.58,0.89,1.61,10,7
1/6/2019 6:00,35800.25,7.22,4.84,1.79,2.2,10,7
1/6/2019 7:00,35800.29,7.78,5.21,1.34,1.97,10,21
1/6/2019 8:00,35800.34,8.33,5.41,0.89,3.91,10,101
1/6/2019 9:00,35800.38,12.22,8.46,1.34,4.14,10,217
1/6/2019 10:00,35800.42,11.67,7.54,1.79,2.97,10,320
1/6/2019 11:00,35800.46,11.67,7.34,6.26,2.43,10,237
1/6/2019 12:00,35800.5,11.11,6.6,4.92,2.32,10,148
1/6/2019 13:00,35800.55,11.11,6.8,1.34,2.6,10,65
1/6/2019 14:00,35800.59,8.89,5.59,3.58,2.3,10,30
1/6/2019 15:00,35800.63,8.89,5.22,4.47,2.27,9.87,17
1/6/2019 16:00,35800.67,7.78,4.32,4.92,2.71,9.75,9
1/6/2019 17:00,35800.71,7.78,4.32,6.71,2.36,9.62,7
1/6/2019 18:00,35800.76,7.78,4.32,10.73,2.01,9.5,7
1/6/2019 19:00,35800.8,7.78,4.68,8.94,2.18,9.37,7
1/6/2019 20:00,35800.84,8.89,6.13,8.49,2.15,9.25,7
1/6/2019 21:00,35800.88,8.33,5.76,6.71,2.36,9.12,7
1/6/2019 22:00,35800.92,10,7.21,2.24,2.71,8.99,7
1/6/2019 23:00,35800.97,8.89,5.59,1.34,1.52,10,6
1/7/2019 0:00,35801,11.11,7.94,2.68,2.57,8.74,7
1/7/2019 1:00,35801.04,10.56,7.76,1.79,2.69,8.62,7
1/7/2019 2:00,35801.08,12.22,8.84,1.79,2.67,8.49,8
1/7/2019 3:00,35801.13,12.22,9.02,3.58,2.5,8.36,8
1/7/2019 4:00,35801.17,11.67,8.3,3.13,1.99,8.24,8
1/7/2019 5:00,35801.21,12.22,8.46,2.24,1.97,8.11,8
1/7/2019 6:00,35801.25,12.22,8.84,3.13,1.55,7.99,8
1/7/2019 7:00,35801.29,12.22,9.02,2.68,1.57,7.86,41
1/7/2019 8:00,35801.34,12.78,9.57,2.24,1.54,7.74,173
1/7/2019 9:00,35801.38,14.44,10.23,2.68,2.46,7.61,185
1/7/2019 10:00,35801.42,16.11,11.44,1.34,2.46,7.48,205
1/7/2019 11:00,35801.46,15.56,10.49,0.45,5.71,7.36,206
1/7/2019 12:00,35801.5,17.78,11.98,0.45,2.3,7.23,348
1/7/2019 13:00,35801.55,17.78,11.3,0.89,3.74,7.15,318
1/7/2019 14:00,35801.59,17.22,10.3,1.34,3.04,6.99,257
1/7/2019 15:00,35801.63,16.11,9.48,0.45,2.41,7.06,164
1/7/2019 16:00,35801.67,13.89,8.25,0.89,1.2,7.13,41
1/7/2019 17:00,35801.71,14.44,9.21,1.34,1.66,7.2,8
1/7/2019 18:00,35801.76,14.44,9.42,1.34,1.94,7.26,8
1/7/2019 19:00,35801.8,13.89,8.46,0.89,1.61,7.33,8
1/7/2019 20:00,35801.84,13.33,8.95,1.79,1.38,7.4,8
1/7/2019 21:00,35801.88,13.33,9.15,1.79,1.4,7.47,8
1/7/2019 22:00,35801.92,13.33,9.15,2.24,1.76,7.54,8
1/7/2019 23:00,35801.97,10.56,7.94,4.92,2.39,8.87,7
1/8/2019 0:00,35802,13.33,7.5,1.34,1.94,7.68,8
1/8/2019 1:00,35802.04,12.78,8.01,1.79,1.57,7.75,8
1/8/2019 2:00,35802.08,12.22,7.27,2.24,1.64,7.82,8
1/8/2019 3:00,35802.13,12.78,7.6,1.79,1.97,7.89,8
1/8/2019 4:00,35802.17,11.11,6.6,3.13,1.78,7.96,8
1/8/2019 5:00,35802.21,12.22,7.48,4.02,1.54,8.03,8
1/8/2019 6:00,35802.25,11.11,6.8,4.47,1.34,8.09,8
1/8/2019 7:00,35802.29,12.22,6.65,2.68,1.55,8.16,20
1/8/2019 8:00,35802.34,15.56,8.25,2.68,2.15,8.23,93
1/8/2019 9:00,35802.38,16.11,8.53,0.89,3.35,8.3,157
1/8/2019 10:00,35802.42,17.22,10.3,0.45,3.67,8.37,268
1/8/2019 11:00,35802.46,17.78,10.11,1.34,2.23,8.44,333
1/8/2019 12:00,35802.5,18.33,10.13,0.45,3.61,8.51,280
1/8/2019 13:00,35802.55,19.44,10.12,0.89,4.35,8.43,257
1/8/2019 14:00,35802.59,18.89,9.05,0.89,2.5,8.49,201
1/8/2019 15:00,35802.63,16.11,7.53,1.79,2.46,8.56,116
1/8/2019 16:00,35802.67,16.11,8.04,2.24,3.77,8.63,26
1/8/2019 17:00,35802.71,13.89,6.9,1.34,0.42,8.69,8
1/8/2019 18:00,35802.76,13.33,7.06,2.68,1.36,8.76,8
1/8/2019 19:00,35802.8,14.44,7.89,2.24,1.78,8.83,8
1/8/2019 20:00,35802.84,15,7.48,1.79,1.87,8.9,8
1/8/2019 21:00,35802.88,13.89,5.44,1.79,2.48,8.97,8
1/8/2019 22:00,35802.92,14.44,5.44,2.24,2.6,9.04,8
1/8/2019 23:00,35802.97,13.33,8.95,2.24,1.75,7.61,8
1/9/2019 0:00,35803,12.78,6.3,0.89,2.97,9.18,8
1/9/2019 1:00,35803.04,12.78,6.08,0.45,2.41,9.24,8
1/9/2019 2:00,35803.08,13.89,7.36,0.89,2.04,9.31,8
1/9/2019 3:00,35803.13,13.33,7.71,3.13,1.64,9.38,7
1/9/2019 4:00,35803.17,11.67,7.14,3.58,1.52,9.45,5
1/9/2019 5:00,35803.21,12.78,8.22,3.13,2.02,9.52,6
1/9/2019 6:00,35803.25,12.78,8.61,3.58,1.92,9.59,6
1/9/2019 7:00,35803.29,12.78,8.61,4.47,1.33,9.66,16
1/9/2019 8:00,35803.34,13.89,9.09,2.24,1.33,9.73,48
1/9/2019 9:00,35803.38,14.44,9.42,2.24,1.52,9.79,101
1/9/2019 10:00,35803.42,15.56,10.06,1.34,1.61,9.86,139
1/9/2019 11:00,35803.46,16.11,9.93,0.89,2.64,9.93,138
1/9/2019 12:00,35803.5,15,9.09,0.45,4.57,10,88
1/9/2019 13:00,35803.55,13.89,8.88,0.45,2.5,10,45
1/9/2019 14:00,35803.59,11.67,7.34,0.45,5.48,10,30
1/9/2019 15:00,35803.63,11.67,8.11,0.89,2.72,9.89,17
1/9/2019 16:00,35803.67,12.22,9.39,1.34,1.92,9.78,25
1/9/2019 17:00,35803.71,12.22,9.57,0.45,3.18,9.67,7
1/9/2019 18:00,35803.76,12.22,9.75,2.24,1.61,9.56,7
1/9/2019 19:00,35803.8,11.11,8.66,1.79,0.45,9.45,7
1/9/2019 20:00,35803.84,12.22,9.93,1.79,1.36,9.34,6
1/9/2019 21:00,35803.88,12.22,9.93,1.79,1.4,9.23,6
1/9/2019 22:00,35803.92,12.22,9.75,2.24,1.54,9.12,6
1/9/2019 23:00,35803.97,13.89,6.67,1.34,3.94,9.11,8
1/10/2019 0:00,35804,11.11,8.66,2.24,1.85,8.91,7
1/10/2019 1:00,35804.04,10.56,7.94,1.34,4.89,8.8,7
1/10/2019 2:00,35804.08,11.11,8.48,1.34,1.4,8.69,7
1/10/2019 3:00,35804.13,10.56,8.11,1.79,1.41,8.58,7
1/10/2019 4:00,35804.17,10,7.74,1.79,1.92,8.47,7
1/10/2019 5:00,35804.21,8.89,6.65,1.79,1.75,8.36,8
1/10/2019 6:00,35804.25,8.33,6.1,3.13,1.88,8.25,8
1/10/2019 7:00,35804.29,9.44,7.19,1.34,2.09,8.14,33
1/10/2019 8:00,35804.34,11.67,8.85,0.45,2.91,8.03,169
1/10/2019 9:00,35804.38,13.33,9.73,0.89,5.9,7.92,308
1/10/2019 10:00,35804.42,15,11.36,1.34,4.63,7.81,423
1/10/2019 11:00,35804.46,14.44,11.01,0.45,4.14,7.7,411
1/10/2019 12:00,35804.5,13.89,10.46,1.34,4.87,7.59,333
1/10/2019 13:00,35804.55,17.22,13.12,0.89,4.21,6.09,365
1/10/2019 14:00,35804.59,17.22,12.3,1.34,3.58,4.68,327
1/10/2019 15:00,35804.63,17.78,13.05,0.45,3.04,4.85,204
1/10/2019 16:00,35804.67,12.78,9,0.45,3.49,5.02,68
1/10/2019 17:00,35804.71,11.11,8.12,0.45,4.63,5.19,8
1/10/2019 18:00,35804.76,10.56,8.11,0.89,0.1,5.36,7
1/10/2019 19:00,35804.8,10.56,8.46,0.45,3.14,5.54,7
1/10/2019 20:00,35804.84,10.56,8.63,0.89,4.43,5.71,7
1/10/2019 21:00,35804.88,8.89,7.15,1.79,2.02,5.88,7
1/10/2019 22:00,35804.92,10,8.42,2.68,1.57,6.05,7
1/10/2019 23:00,35804.97,12.22,9.75,1.79,1.48,9.01,7
1/11/2019 0:00,35805,6.67,5.28,0.89,1.62,6.39,7
1/11/2019 1:00,35805.04,7.78,6.38,1.34,1.45,6.56,7
1/11/2019 2:00,35805.08,6.67,5.44,1.79,1.83,6.73,7
1/11/2019 3:00,35805.13,6.67,5.44,0.89,4.36,6.9,7
1/11/2019 4:00,35805.17,6.11,4.89,1.79,1.47,7.07,7
1/11/2019 5:00,35805.21,7.22,6.15,4.02,1.2,7.24,7
1/11/2019 6:00,35805.25,6.67,5.44,3.13,1.59,7.41,7
1/11/2019 7:00,35805.29,7.78,5.38,3.58,1.92,7.59,32
1/11/2019 8:00,35805.34,11.11,7,4.47,1.48,7.76,136
1/11/2019 9:00,35805.38,11.11,8.3,1.34,4.29,7.93,175
1/11/2019 10:00,35805.42,16.11,10.81,1.34,1.66,8.1,435
1/11/2019 11:00,35805.46,17.78,12.84,0.89,4.29,8.27,419
1/11/2019 12:00,35805.5,16.11,11.85,0.45,5.62,8.44,287
1/11/2019 13:00,35805.55,16.67,12.18,0.89,1.45,1.59,475
1/11/2019 14:00,35805.59,15.56,10.06,1.79,1.55,7.92,227
1/11/2019 15:00,35805.63,16.67,8.56,2.24,2.08,7.77,130
1/11/2019 16:00,35805.67,15.56,8.01,1.34,2.37,7.63,42
1/11/2019 17:00,35805.71,14.44,8.12,1.79,1.4,7.49,8
1/11/2019 18:00,35805.76,12.78,7.39,0.89,6,7.35,7
1/11/2019 19:00,35805.8,12.22,7.27,1.79,1.66,7.2,7
1/11/2019 20:00,35805.84,11.11,6,3.13,1.57,7.06,7
1/11/2019 21:00,35805.88,11.11,5.37,3.58,1.9,6.92,8
1/11/2019 22:00,35805.92,11.67,5.47,2.68,1.69,6.77,8
1/11/2019 23:00,35805.97,8.33,6.77,1.34,4.4,6.22,7
1/12/2019 0:00,35806,11.11,4.49,3.13,1.8,6.49,8
1/12/2019 1:00,35806.04,11.11,4.26,3.13,1.66,6.34,8
1/12/2019 2:00,35806.08,10,3.66,2.68,1.59,6.2,7
1/12/2019 3:00,35806.13,11.11,4.49,3.58,1.48,6.06,7
1/12/2019 4:00,35806.17,11.11,4.26,3.58,1.87,5.92,8
1/12/2019 5:00,35806.21,11.11,4.03,3.58,1.64,5.77,8
1/12/2019 6:00,35806.25,10,2.98,3.58,1.87,5.63,8
1/12/2019 7:00,35806.29,10,3.21,3.13,1.57,5.49,15
1/12/2019 8:00,35806.34,11.11,3.8,1.79,2.13,5.34,66
1/12/2019 9:00,35806.38,16.11,7.78,2.24,3.44,5.2,237
1/12/2019 10:00,35806.42,14.44,5.96,0.45,2.5,5.06,277
1/12/2019 11:00,35806.46,18.89,9.33,0.45,2.91,4.91,417
1/12/2019 12:00,35806.5,17.78,8.56,1.34,6.13,4.77,457
1/12/2019 13:00,35806.55,17.78,8.56,1.79,1.17,3.47,447
1/12/2019 14:00,35806.59,17.78,7.15,1.79,4.24,3.28,358
1/12/2019 15:00,35806.63,18.33,7.96,0.89,4.47,3.33,239
1/12/2019 16:00,35806.67,14.44,5.18,0.45,3.3,3.37,71
1/12/2019 17:00,35806.71,12.78,5.61,1.79,1.59,3.42,9
1/12/2019 18:00,35806.76,12.78,5.38,2.24,1.83,3.46,8
1/12/2019 19:00,35806.8,11.67,5.47,3.58,1.68,3.51,7
1/12/2019 20:00,35806.84,11.11,5.37,3.58,1.61,3.56,7
1/12/2019 21:00,35806.88,11.11,5.79,3.13,1.64,3.6,7
1/12/2019 22:00,35806.92,10.56,5.05,3.13,1.54,3.65,7
1/12/2019 23:00,35806.97,10.56,3.96,3.13,1.57,6.63,8
1/13/2019 0:00,35807,11.11,5.58,3.58,1.62,3.74,8
1/13/2019 1:00,35807.04,11.11,5.58,4.02,1.57,3.79,8
1/13/2019 2:00,35807.08,10,4.72,2.68,1.87,3.83,7
1/13/2019 3:00,35807.13,8.89,3.86,2.24,1.82,3.88,7
1/13/2019 4:00,35807.17,9.44,4.8,2.68,1.9,3.92,7
1/13/2019 5:00,35807.21,8.89,3.66,2.24,1.54,3.97,7
1/13/2019 6:00,35807.25,8.89,3.86,3.13,1.87,4.02,7
1/13/2019 7:00,35807.29,10,4.09,3.58,2.02,4.06,37
1/13/2019 8:00,35807.34,11.67,4.33,1.34,1.43,4.11,170
1/13/2019 9:00,35807.38,15.56,7.01,0.45,4.14,4.15,323
1/13/2019 10:00,35807.42,15,5.7,0.45,3.44,4.2,345
1/13/2019 11:00,35807.46,17.78,6.56,1.34,4.33,4.25,507
1/13/2019 12:00,35807.5,20,8.29,0.89,3.47,4.29,474
1/13/2019 13:00,35807.55,18.89,6.96,0.89,6.13,4.83,413
1/13/2019 14:00,35807.59,16.11,5.9,0.45,3.8,8.02,225
1/13/2019 15:00,35807.63,15.56,6.48,0.45,5.88,8.11,127
1/13/2019 16:00,35807.67,13.89,5.94,0.89,0.98,8.2,78
1/13/2019 17:00,35807.71,12.22,6,1.79,1.78,8.29,9
1/13/2019 18:00,35807.76,12.22,6,3.13,1.64,8.38,8
1/13/2019 19:00,35807.8,11.67,5.24,2.68,1.85,8.47,8
1/13/2019 20:00,35807.84,11.67,4.56,4.92,1.29,8.56,8
1/13/2019 21:00,35807.88,12.78,4.14,2.68,2.15,8.65,8
1/13/2019 22:00,35807.92,12.22,4.37,3.13,1.43,8.74,8
1/13/2019 23:00,35807.97,10.56,4.84,3.58,1.33,3.69,8
1/14/2019 0:00,35808,11.67,3.35,1.34,0.45,8.92,8
1/14/2019 1:00,35808.04,11.67,2.05,1.34,1.99,9.01,8
1/14/2019 2:00,35808.08,10.56,0.47,0.45,3.91,9.1,8
1/14/2019 3:00,35808.13,9.44,1.99,0.89,4.5,9.19,8
1/14/2019 4:00,35808.17,7.78,-0.3,0.89,2.11,9.28,8
1/14/2019 5:00,35808.21,8.33,2.29,2.68,1.29,9.37,8
1/14/2019 6:00,35808.25,8.89,0.99,3.13,1.64,9.46,8
1/14/2019 7:00,35808.29,11.11,1.54,3.13,1.47,9.55,19
1/14/2019 8:00,35808.34,11.11,0.12,4.47,1.33,9.64,43
1/14/2019 9:00,35808.38,13.33,-0.44,3.13,1.29,9.73,93
1/14/2019 10:00,35808.42,13.33,0.92,0.89,1.9,9.82,121
1/14/2019 11:00,35808.46,13.33,1.55,0.45,4.69,9.91,154
1/14/2019 12:00,35808.5,11.67,2.59,0.89,0.65,10,95
1/14/2019 13:00,35808.55,10.56,3.28,0.45,3.68,10,50
1/14/2019 14:00,35808.59,11.11,3.8,0.45,3.82,10,57
1/14/2019 15:00,35808.63,10,4.72,1.34,1.15,10,26
1/14/2019 16:00,35808.67,8.89,4.65,1.79,0.7,10,13
1/14/2019 17:00,35808.71,8.89,4.65,3.13,1.45,10,7
1/14/2019 18:00,35808.76,8.89,4.65,2.24,1.88,10,6
1/14/2019 19:00,35808.8,9.44,5.38,0.89,2.78,10,7
1/14/2019 20:00,35808.84,8.89,5.59,1.79,1.31,10,7
1/14/2019 21:00,35808.88,9.44,5.95,1.34,2.11,10,7
1/14/2019 22:00,35808.92,8.89,5.03,1.79,1.62,10,7
1/14/2019 23:00,35808.97,12.78,3.36,3.58,1.36,8.83,8
1/15/2019 0:00,35809,10,5.73,2.24,1.43,10,7
1/15/2019 1:00,35809.04,10,5.73,1.79,1.94,10,7
1/15/2019 2:00,35809.08,10,5.13,0.89,1.36,10,7
1/15/2019 3:00,35809.13,10,5.53,2.24,1.17,10,7
1/15/2019 4:00,35809.17,10.56,5.05,4.02,1.99,10,8
1/15/2019 5:00,35809.21,11.67,6.11,2.68,1.26,10,8
1/15/2019 6:00,35809.25,11.67,4.09,2.24,2.3,10,7
1/15/2019 7:00,35809.29,12.22,5.55,2.68,1.52,10,18
1/15/2019 8:00,35809.34,11.67,4.79,3.13,1.47,10,44
1/15/2019 9:00,35809.38,12.22,5.09,4.92,1.26,10,97
1/15/2019 10:00,35809.42,13.89,4.92,1.79,1.24,10,124
1/15/2019 11:00,35809.46,14.44,5.96,1.34,1.13,10,117
1/15/2019 12:00,35809.5,13.33,5.66,0.89,2.58,10,99
1/15/2019 13:00,35809.55,12.22,4.37,4.47,1.24,10,64
1/15/2019 14:00,35809.59,11.67,4.33,4.02,1.2,10,41
1/15/2019 15:00,35809.63,12.22,5.32,3.58,1.85,10,32
1/15/2019 16:00,35809.67,11.11,5.79,3.58,1.82,10,10
1/15/2019 17:00,35809.71,11.11,6.2,3.58,2.25,10,7
1/15/2019 18:00,35809.76,11.11,6,5.81,1.97,10,7
1/15/2019 19:00,35809.8,11.67,5.9,5.81,2.06,10,8
1/15/2019 20:00,35809.84,13.89,6.19,1.79,3.87,10,8
1/15/2019 21:00,35809.88,14.44,6.47,2.68,2.55,10,8
1/15/2019 22:00,35809.92,12.78,6.3,4.47,2.16,10,8
1/15/2019 23:00,35809.97,10,5.92,2.24,1.78,10,7
1/16/2019 0:00,35810,13.33,6.83,2.68,2.37,10,7
1/16/2019 1:00,35810.04,13.33,7.28,1.79,2.64,10,7
1/16/2019 2:00,35810.08,12.22,6.65,3.13,2.41,10,7
1/16/2019 3:00,35810.13,12.78,6.75,3.58,2.08,10,7
1/16/2019 4:00,35810.17,13.33,7.06,2.24,2.41,10,7
1/16/2019 5:00,35810.21,12.78,6.08,2.68,2.18,10,7
1/16/2019 6:00,35810.25,13.89,6.43,2.24,2.02,10,7
1/16/2019 7:00,35810.29,13.89,6.67,2.24,1.83,10,20
1/16/2019 8:00,35810.34,15,6.99,3.58,2.23,10,74
1/16/2019 9:00,35810.38,15.56,7.01,4.47,1.82,10,181
1/16/2019 10:00,35810.42,16.67,6.7,5.36,2.08,10,220
1/16/2019 11:00,35810.46,19.44,8.7,3.58,3.04,10,307
1/16/2019 12:00,35810.5,17.22,8.31,1.34,3.68,10,153
1/16/2019 13:00,35810.55,16.67,8.05,0.45,2.79,10,94
1/16/2019 14:00,35810.59,15.56,8.01,3.58,2.27,10,43
1/16/2019 15:00,35810.63,13.89,8.03,3.58,2.04,10,22
1/16/2019 16:00,35810.67,13.89,7.13,2.24,3.19,10,12
1/16/2019 17:00,35810.71,12.78,5.61,4.02,1.95,10,7
1/16/2019 18:00,35810.76,13.89,7.13,6.26,1.9,10,6
1/16/2019 19:00,35810.8,15,7.96,4.47,2.41,10,7
1/16/2019 20:00,35810.84,16.67,7.52,3.13,2.81,10,7
1/16/2019 21:00,35810.88,17.22,7.49,2.24,3.04,10,8
1/16/2019 22:00,35810.92,12.78,6.53,5.81,2.3,10,6
1/16/2019 23:00,35810.97,12.78,6.08,2.68,2.53,10,7
1/17/2019 0:00,35811,13.33,9.54,4.92,2.2,10,7
1/17/2019 1:00,35811.04,13.33,10.11,4.47,2.81,10,7
1/17/2019 2:00,35811.08,12.22,9.39,0.45,3.49,10,7
1/17/2019 3:00,35811.13,13.33,10.84,1.34,4.69,10,7
1/17/2019 4:00,35811.17,12.78,10.12,2.24,2.46,10,7
1/17/2019 5:00,35811.21,13.33,10.84,1.34,4.99,10,7
1/17/2019 6:00,35811.25,12.78,10.47,0.89,3.4,10,7
1/17/2019 7:00,35811.29,13.89,11.56,1.79,3.54,10,20
1/17/2019 8:00,35811.34,14.44,12.11,0.89,4.24,10,85
1/17/2019 9:00,35811.38,16.67,13.37,0.89,5.5,10,338
1/17/2019 10:00,35811.42,15.56,12.09,1.79,2.5,10,264
1/17/2019 11:00,35811.46,15,11.36,1.34,2.84,10,135
1/17/2019 12:00,35811.5,15.56,11.7,0.89,4.24,10,115
1/17/2019 13:00,35811.55,15,11.36,1.34,2.65,10,108
1/17/2019 14:00,35811.59,12.22,9.39,4.02,0.21,10,23
1/17/2019 15:00,35811.63,13.33,10.11,1.34,1.43,9.88,29
1/17/2019 16:00,35811.67,13.33,10.11,2.68,1.41,9.76,16
1/17/2019 17:00,35811.71,12.78,9.75,2.24,1.85,9.64,8
1/17/2019 18:00,35811.76,11.67,8.67,4.02,1.94,9.52,8
1/17/2019 19:00,35811.8,11.67,9.03,1.79,2.95,9.4,8
1/17/2019 20:00,35811.84,12.78,9.93,1.79,1.88,9.28,8
1/17/2019 21:00,35811.88,12.78,9.75,2.24,1.48,9.16,8
1/17/2019 22:00,35811.92,11.11,8.48,1.79,1.4,9.04,8
1/17/2019 23:00,35811.97,12.22,7.88,2.68,2.5,10,7
1/18/2019 0:00,35812,12.22,9.39,2.24,1.19,8.8,8
1/18/2019 1:00,35812.04,11.11,8.48,4.02,1.5,8.68,8
1/18/2019 2:00,35812.08,11.11,8.3,3.58,1.33,8.56,8
1/18/2019 3:00,35812.13,12.22,8.65,1.79,0.8,8.44,8
1/18/2019 4:00,35812.17,12.22,8.27,1.34,0.72,8.32,8
1/18/2019 5:00,35812.21,10.56,7.03,2.24,1.31,8.21,8
1/18/2019 6:00,35812.25,10.56,6.84,1.79,1.87,8.09,8
1/18/2019 7:00,35812.29,11.11,7.38,0.89,1.12,7.97,23
1/18/2019 8:00,35812.34,13.33,8.95,0.89,0.44,7.85,124
1/18/2019 9:00,35812.38,16.11,10.6,2.24,5.86,7.73,235
1/18/2019 10:00,35812.42,16.67,11.34,0.45,2.76,7.61,312
1/18/2019 11:00,35812.46,17.78,12.63,0.89,4.8,7.49,373
1/18/2019 12:00,35812.5,16.67,11.77,0.45,5.11,7.37,356
1/18/2019 13:00,35812.55,19.44,13.58,0.89,5.32,5.22,410
1/18/2019 14:00,35812.59,18.89,12.36,1.34,4.63,2.96,375
1/18/2019 15:00,35812.63,17.78,11.07,0.45,4.01,3.09,217
1/18/2019 16:00,35812.67,13.89,8.46,0.45,4.87,3.22,32
1/18/2019 17:00,35812.71,13.33,7.93,1.34,6.27,3.35,9
1/18/2019 18:00,35812.76,11.67,6.74,0.45,0.45,3.47,8
1/18/2019 19:00,35812.8,11.11,6.8,1.34,1.69,3.6,7
1/18/2019 20:00,35812.84,10.56,7.03,1.79,1.73,3.73,7
1/18/2019 21:00,35812.88,11.11,7.94,2.24,1.54,3.86,7
1/18/2019 22:00,35812.92,10,6.85,2.24,1.59,3.98,7
1/18/2019 23:00,35812.97,11.11,8.3,2.68,1.8,8.92,8
1/19/2019 0:00,35813,10,7.21,3.58,1.29,4.24,7
1/19/2019 1:00,35813.04,10.56,7.76,3.13,1.68,4.37,7
1/19/2019 2:00,35813.08,10.56,7.76,3.13,1.57,4.5,7
1/19/2019 3:00,35813.13,10,7.04,3.58,1.62,4.62,7
1/19/2019 4:00,35813.17,10,6.85,3.58,1.88,4.75,7
1/19/2019 5:00,35813.21,10,6.85,2.24,1.71,4.88,7
1/19/2019 6:00,35813.25,8.89,5.95,2.24,1.8,5.01,7
1/19/2019 7:00,35813.29,10,7.04,2.24,1.52,5.13,35
1/19/2019 8:00,35813.34,11.11,7.76,2.24,1.82,5.26,157
1/19/2019 9:00,35813.38,13.89,9.69,0.89,1.54,5.39,323
1/19/2019 10:00,35813.42,16.11,11.23,0.89,6.25,5.52,411
1/19/2019 11:00,35813.46,18.89,13.26,0.45,0.93,5.64,475
1/19/2019 12:00,35813.5,19.44,13.12,1.34,4.29,5.77,433
1/19/2019 13:00,35813.55,18.89,12.36,0.89,4.87,4.76,427
1/19/2019 14:00,35813.59,19.44,11.93,1.34,6.09,4.43,349
1/19/2019 15:00,35813.63,19.44,12.42,0.89,4.29,4.53,207
1/19/2019 16:00,35813.67,15,8.65,0.45,4.19,4.64,68
1/19/2019 17:00,35813.71,13.33,8.34,1.34,1.43,4.74,9
1/19/2019 18:00,35813.76,13.33,8.55,0.89,0.65,4.84,7
1/19/2019 19:00,35813.8,11.67,7.92,1.79,1.75,4.94,7
1/19/2019 20:00,35813.84,12.22,8.65,3.58,1.62,5.05,7
1/19/2019 21:00,35813.88,10.56,7.4,2.24,1.83,5.15,7
1/19/2019 22:00,35813.92,11.11,8.12,2.68,1.54,5.25,7
1/19/2019 23:00,35813.97,10.56,7.76,2.24,1.45,4.11,7
1/20/2019 0:00,35814,10.56,7.94,3.13,1.9,5.46,7
1/20/2019 1:00,35814.04,10.56,7.94,3.58,1.31,5.56,7
1/20/2019 2:00,35814.08,10,7.39,2.24,1.54,5.66,7
1/20/2019 3:00,35814.13,10,7.39,1.79,1.29,5.76,7
1/20/2019 4:00,35814.17,8.89,6.3,2.24,1.73,5.87,7
1/20/2019 5:00,35814.21,10,7.04,2.68,1.24,5.97,7
1/20/2019 6:00,35814.25,10,7.04,2.68,1.57,6.07,7
1/20/2019 7:00,35814.29,10,7.04,2.68,1.61,6.17,20
1/20/2019 8:00,35814.34,11.11,8.12,4.47,1.94,6.28,86
1/20/2019 9:00,35814.38,12.22,9.02,0.89,5.25,6.38,133
1/20/2019 10:00,35814.42,13.33,9.35,1.79,1.73,6.48,244
1/20/2019 11:00,35814.46,17.22,12.3,1.34,3.96,6.58,307
1/20/2019 12:00,35814.5,20,14.33,0.45,6.28,6.69,394
1/20/2019 13:00,35814.55,18.33,12.51,0.45,3.91,6.46,367
1/20/2019 14:00,35814.59,16.67,9.78,0.89,3.37,5.62,320
1/20/2019 15:00,35814.63,15.56,9.18,1.79,2.46,5.69,95
1/20/2019 16:00,35814.67,15,9.31,0.89,3.21,5.77,45
1/20/2019 17:00,35814.71,12.22,7.88,1.34,5.99,5.85,7
1/20/2019 18:00,35814.76,11.67,8.67,1.79,1.27,5.92,7
1/20/2019 19:00,35814.8,12.22,9.57,0.89,5.15,6,7
1/20/2019 20:00,35814.84,11.67,8.11,2.24,4.83,6.07,7
1/20/2019 21:00,35814.88,9.44,5.38,8.94,5.67,6.15,7
1/20/2019 22:00,35814.92,8.33,4.68,6.26,6.11,6.23,7
1/20/2019 23:00,35814.97,11.11,8.3,3.58,1.68,5.35,7
1/21/2019 0:00,35815,7.22,3.23,0.45,1.83,6.38,8
1/21/2019 1:00,35815.04,7.22,4.14,0.45,4.05,6.46,7
1/21/2019 2:00,35815.08,6.11,3.23,1.34,4.64,6.53,6
1/21/2019 3:00,35815.13,6.11,3.41,0.89,4.71,6.61,6
1/21/2019 4:00,35815.17,6.67,4.12,0.45,3.49,6.68,7
1/21/2019 5:00,35815.21,7.22,4.49,0,3.61,6.76,7
1/21/2019 6:00,35815.25,6.11,3.75,0.45,3.19,6.84,7
1/21/2019 7:00,35815.29,6.67,4.46,0.45,3.91,6.91,17
1/21/2019 8:00,35815.34,8.33,6.1,0.45,2.9,6.99,73
1/21/2019 9:00,35815.38,9.44,6.49,0.89,4.73,7.07,157
1/21/2019 10:00,35815.42,11.67,7.54,0.45,5.29,7.14,380
1/21/2019 11:00,35815.46,12.22,7.48,0.89,5.76,7.22,293
1/21/2019 12:00,35815.5,11.67,6.53,1.79,4.54,7.3,365
1/21/2019 13:00,35815.55,13.89,7.59,2.24,5.25,5.46,408
1/21/2019 14:00,35815.59,14.44,7.89,2.24,4.54,1.64,398
1/21/2019 15:00,35815.63,12.22,5.77,1.79,5.62,1.83,197
1/21/2019 16:00,35815.67,11.11,4.94,1.79,5.22,2.01,114
1/21/2019 17:00,35815.71,8.33,3.12,0.89,5.45,2.19,11
1/21/2019 18:00,35815.76,7.78,2.59,0.45,0.73,2.38,8
1/21/2019 19:00,35815.8,6.11,1.77,0.45,4.49,2.56,8
1/21/2019 20:00,35815.84,6.11,2.15,0.89,5.11,2.75,8
1/21/2019 21:00,35815.88,5.56,1.98,0.89,2.2,2.93,8
1/21/2019 22:00,35815.92,6.11,2.88,1.79,1.76,3.11,8
1/21/2019 23:00,35815.97,8.89,4.46,3.58,0.17,6.3,7
1/22/2019 0:00,35816,5.56,2.86,1.79,1.83,3.48,8
1/22/2019 1:00,35816.04,5,2.32,2.24,1.55,3.66,8
1/22/2019 2:00,35816.08,4.44,1.94,0.89,4.26,3.85,8
1/22/2019 3:00,35816.13,5,2.49,4.02,1.38,4.03,8
1/22/2019 4:00,35816.17,5.56,3.2,6.26,1.38,4.22,8
1/22/2019 5:00,35816.21,5,2.49,4.02,1.52,4.4,8
1/22/2019 6:00,35816.25,5.56,2.69,1.79,1.94,4.58,8
1/22/2019 7:00,35816.29,6.11,2.88,0.45,2.22,4.77,42
1/22/2019 8:00,35816.34,6.11,2.88,0.89,2.18,4.95,165
1/22/2019 9:00,35816.38,9.44,5.57,1.79,0.77,5.13,225
1/22/2019 10:00,35816.42,12.22,7.07,0.89,5.76,5.32,422
1/22/2019 11:00,35816.46,13.33,7.28,1.79,3.77,5.5,485
1/22/2019 12:00,35816.5,15,7.96,1.34,4.52,5.69,443
1/22/2019 13:00,35816.55,13.89,6.67,0.89,3.35,6.19,382
1/22/2019 14:00,35816.59,14.44,6.22,0.45,3.6,4.11,363
1/22/2019 15:00,35816.63,13.33,5.66,0.45,5.1,4.18,180
1/22/2019 16:00,35816.67,11.11,4.72,0.45,5.27,4.25,65
1/22/2019 17:00,35816.71,7.78,2.79,0.89,0.44,4.32,12
1/22/2019 18:00,35816.76,9.44,4.8,1.34,1.26,4.4,8
1/22/2019 19:00,35816.8,7.78,3.57,2.24,1.66,4.47,8
1/22/2019 20:00,35816.84,8.33,4.49,2.68,1.9,4.54,8
1/22/2019 21:00,35816.88,7.22,3.23,2.68,1.59,4.61,8
1/22/2019 22:00,35816.92,6.67,3.06,3.13,1.59,4.68,8
1/22/2019 23:00,35816.97,6.11,3.23,2.24,1.94,3.3,8
1/23/2019 0:00,35817,6.67,3.42,3.13,1.62,4.83,8
1/23/2019 1:00,35817.04,7.22,3.78,2.24,1.5,4.9,8
1/23/2019 2:00,35817.08,6.11,2.7,3.13,1.48,4.97,8
1/23/2019 3:00,35817.13,5.56,2.16,2.68,1.76,5.04,9
1/23/2019 4:00,35817.17,5.56,1.98,4.02,1.22,5.12,8
1/23/2019 5:00,35817.21,5.56,1.61,3.13,1.95,5.19,8
1/23/2019 6:00,35817.25,4.44,0.9,2.24,1.95,5.26,8
1/23/2019 7:00,35817.29,6.11,2.15,3.13,1.78,5.33,45
1/23/2019 8:00,35817.34,8.89,4.46,1.34,1.45,5.4,193
1/23/2019 9:00,35817.38,13.33,7.71,0.89,1.73,5.48,343
1/23/2019 10:00,35817.42,13.33,8.14,0.45,5.99,5.55,460
1/23/2019 11:00,35817.46,15.56,8.72,0.45,2.09,5.62,526
1/23/2019 12:00,35817.5,17.22,10.07,0.45,6.07,5.69,445
1/23/2019 13:00,35817.55,17.78,10.11,0.45,0.26,2.55,490
1/23/2019 14:00,35817.59,17.78,9.09,0.45,3.8,2.16,398
1/23/2019 15:00,35817.63,17.22,8.57,0.45,4.52,2.32,257
1/23/2019 16:00,35817.67,12.78,4.9,0.45,2.62,2.49,99
1/23/2019 17:00,35817.71,10.56,4.19,0.45,5.71,2.66,10
1/23/2019 18:00,35817.76,11.11,4.94,0.89,0.75,2.82,8
1/23/2019 19:00,35817.8,10,5.33,1.34,1.38,2.99,9
1/23/2019 20:00,35817.84,8.89,4.26,1.79,1.08,3.15,8
1/23/2019 21:00,35817.88,7.78,3.76,1.79,1.75,3.32,8
1/23/2019 22:00,35817.92,8.33,4.86,3.58,1.57,3.49,8
1/23/2019 23:00,35817.97,7.22,3.78,4.47,1.64,4.76,8
1/24/2019 0:00,35818,7.22,4.14,2.24,1.94,3.82,8
1/24/2019 1:00,35818.04,6.11,3.23,2.68,1.87,3.99,8
1/24/2019 2:00,35818.08,6.67,3.6,3.58,1.27,4.15,8
1/24/2019 3:00,35818.13,6.67,3.78,2.68,1.99,4.32,9
1/24/2019 4:00,35818.17,6.11,3.41,2.24,1.88,4.49,8
1/24/2019 5:00,35818.21,5.56,2.86,4.02,1.61,4.65,8
1/24/2019 6:00,35818.25,5.56,2.69,4.02,1.75,4.82,8
1/24/2019 7:00,35818.29,6.67,3.78,2.68,1.78,4.99,43
1/24/2019 8:00,35818.34,7.78,4.32,3.13,1.66,5.15,171
1/24/2019 9:00,35818.38,10.56,6.46,1.79,1.13,5.32,330
1/24/2019 10:00,35818.42,15,9.95,0.45,0.24,5.48,439
1/24/2019 11:00,35818.46,16.11,10.38,0.89,0.4,5.65,514
1/24/2019 12:00,35818.5,16.67,10.47,1.34,4.28,5.82,442
1/24/2019 13:00,35818.55,18.33,10.88,0.45,3.16,2.48,494
1/24/2019 14:00,35818.59,19.44,11.43,0.45,3.68,2.38,398
1/24/2019 15:00,35818.63,17.78,9.61,0.45,4.15,2.53,260
1/24/2019 16:00,35818.67,15,7.48,1.79,5.92,2.68,100
1/24/2019 17:00,35818.71,11.11,5.15,0.89,0.82,2.83,12
1/24/2019 18:00,35818.76,11.67,6.11,1.34,1.85,2.99,8
1/24/2019 19:00,35818.8,9.44,4.8,0.89,0.26,3.14,9
1/24/2019 20:00,35818.84,10,5.92,2.68,1.61,3.29,8
1/24/2019 21:00,35818.88,9.44,5.76,2.24,1.87,3.44,8
1/24/2019 22:00,35818.92,8.33,4.86,1.79,1.36,3.6,8
1/24/2019 23:00,35818.97,7.78,4.5,2.68,1.71,3.65,8
1/25/2019 0:00,35819,7.78,4.5,4.02,1.62,3.9,8
1/25/2019 1:00,35819.04,7.78,3.95,2.24,1.76,4.05,9
1/25/2019 2:00,35819.08,7.78,4.5,1.34,1.26,4.21,9
1/25/2019 3:00,35819.13,7.22,3.96,2.24,1.62,4.36,8
1/25/2019 4:00,35819.17,6.67,3.06,2.24,1.24,4.51,8
1/25/2019 5:00,35819.21,6.11,2.7,2.24,1.78,4.66,8
1/25/2019 6:00,35819.25,5.56,1.98,2.68,1.48,4.82,8
1/25/2019 7:00,35819.29,6.11,2.7,2.68,1.59,4.97,42
1/25/2019 8:00,35819.34,9.44,5.19,2.68,1.87,5.12,191
1/25/2019 9:00,35819.38,12.22,6.86,1.79,1.36,5.27,338
1/25/2019 10:00,35819.42,15,9.09,1.34,5.93,5.43,461
1/25/2019 11:00,35819.46,17.22,11,0.89,5.72,5.58,463
1/25/2019 12:00,35819.5,19.44,13.12,1.34,4.75,5.73,448
1/25/2019 13:00,35819.55,19.44,12.18,1.34,4.57,2.21,501
1/25/2019 14:00,35819.59,19.44,11.43,1.34,6.18,2.01,405
1/25/2019 15:00,35819.63,20,12.7,0.45,2.3,2.23,266
1/25/2019 16:00,35819.67,15,7.72,0.89,6.14,2.46,105
1/25/2019 17:00,35819.71,11.11,5.58,0.89,5.9,2.68,12
1/25/2019 18:00,35819.76,10.56,5.67,0.45,4.64,2.9,9
1/25/2019 19:00,35819.8,10.56,6.65,0.89,0.37,3.12,9
1/25/2019 20:00,35819.84,9.44,5.57,0.45,3.87,3.34,9
1/25/2019 21:00,35819.88,9.44,6.13,2.24,1.71,3.56,9
1/25/2019 22:00,35819.92,8.89,5.77,2.68,1.68,3.78,9
1/25/2019 23:00,35819.97,7.78,4.5,2.24,1.52,3.75,8
1/26/2019 0:00,35820,8.89,5.77,3.13,1.87,4.22,9
1/26/2019 1:00,35820.04,8.33,5.23,1.79,1.45,4.44,9
1/26/2019 2:00,35820.08,8.89,5.95,2.68,1.55,4.66,9
1/26/2019 3:00,35820.13,8.89,5.77,4.02,1.55,4.88,10
1/26/2019 4:00,35820.17,7.22,4.14,2.24,1.47,5.1,10
1/26/2019 5:00,35820.21,7.78,4.68,3.13,1.69,5.33,10
1/26/2019 6:00,35820.25,7.22,3.96,4.02,1.64,5.55,11
1/26/2019 7:00,35820.29,8.33,5.23,2.24,1.71,5.77,49
1/26/2019 8:00,35820.34,9.44,5.57,2.68,1.48,5.99,183
1/26/2019 9:00,35820.38,13.33,8.55,1.79,1.9,6.21,320
1/26/2019 10:00,35820.42,16.11,10.6,1.34,4.29,6.43,429
1/26/2019 11:00,35820.46,16.11,9.93,0.89,3.53,6.65,435
1/26/2019 12:00,35820.5,17.78,11.3,0.45,6.13,6.87,397
1/26/2019 13:00,35820.55,20,12.7,1.34,5.78,6.33,385
1/26/2019 14:00,35820.59,18.33,11.12,0.89,3.77,6.91,289
1/26/2019 15:00,35820.63,16.67,10.01,0.45,3.58,6.86,176
1/26/2019 16:00,35820.67,13.89,8.03,0.45,4.85,6.81,69
1/26/2019 17:00,35820.71,13.33,8.14,1.34,0.87,6.77,11
1/26/2019 18:00,35820.76,12.22,7.68,2.24,1.26,6.72,9
1/26/2019 19:00,35820.8,11.67,7.14,1.79,1.31,6.68,9
1/26/2019 20:00,35820.84,11.67,8.11,1.79,1.36,6.63,8
1/26/2019 21:00,35820.88,11.11,7.76,2.24,1.05,6.58,9
1/26/2019 22:00,35820.92,11.11,7.76,1.79,1.45,6.54,9
1/26/2019 23:00,35820.97,9.44,6.13,1.34,1.59,4,9
1/27/2019 0:00,35821,10,6.85,2.68,1.59,6.44,8
1/27/2019 1:00,35821.04,10,6.49,2.24,1.64,6.4,8
1/27/2019 2:00,35821.08,8.89,5.22,2.68,1.94,6.35,8
1/27/2019 3:00,35821.13,9.44,5.38,2.68,1.48,6.31,8
1/27/2019 4:00,35821.17,9.44,4.99,1.79,1.57,6.26,8
1/27/2019 5:00,35821.21,8.89,4.65,3.13,1.61,6.21,8
1/27/2019 6:00,35821.25,7.78,3.57,2.68,1.8,6.17,8
1/27/2019 7:00,35821.29,8.33,3.53,1.79,1.68,6.12,47
1/27/2019 8:00,35821.34,11.67,5.69,1.34,1.55,6.08,201
1/27/2019 9:00,35821.38,16.11,8.77,0.45,6.14,6.03,352
1/27/2019 10:00,35821.42,18.33,10.63,0.45,4.21,5.98,471
1/27/2019 11:00,35821.46,19.44,12.18,0.45,3.74,5.94,508
1/27/2019 12:00,35821.5,21.11,13.26,0.45,4.38,5.89,446
1/27/2019 13:00,35821.55,21.11,12.22,0.89,5.88,3.37,485
1/27/2019 14:00,35821.59,21.11,11.95,0.45,4.54,1.69,414
1/27/2019 15:00,35821.63,21.11,11.95,0.45,5.53,1.99,263
1/27/2019 16:00,35821.67,16.67,9.06,0,4.12,2.29,103
1/27/2019 17:00,35821.71,12.78,7.18,0.45,0.93,2.6,13
1/27/2019 18:00,35821.76,12.22,7.68,0.89,1.12,2.9,8
1/27/2019 19:00,35821.8,12.78,8.22,1.79,1.4,3.2,8
1/27/2019 20:00,35821.84,11.67,7.73,1.79,1.15,3.51,8
1/27/2019 21:00,35821.88,11.11,7.38,2.24,1.68,3.81,8
1/27/2019 22:00,35821.92,10.56,7.21,3.13,1.69,4.11,8
1/27/2019 23:00,35821.97,9.44,6.49,1.79,1.66,6.49,9
1/28/2019 0:00,35822,10,6.85,2.68,2.01,4.72,8
1/28/2019 1:00,35822.04,8.89,5.95,2.68,1.48,5.02,8
1/28/2019 2:00,35822.08,8.89,6.13,2.24,1.52,5.33,8
1/28/2019 3:00,35822.13,9.44,6.67,3.13,1.78,5.63,8
1/28/2019 4:00,35822.17,9.44,6.67,3.58,1.83,5.93,8
1/28/2019 5:00,35822.21,8.33,5.58,3.13,1.95,6.24,8
1/28/2019 6:00,35822.25,8.89,5.95,3.13,1.94,6.54,9
1/28/2019 7:00,35822.29,10,6.85,3.58,1.69,6.84,29
1/28/2019 8:00,35822.34,11.11,7.57,3.58,1.62,7.15,103
1/28/2019 9:00,35822.38,13.33,9.54,0.89,4.57,7.45,218
1/28/2019 10:00,35822.42,16.67,11.56,1.34,3.93,7.75,415
1/28/2019 11:00,35822.46,14.44,9.83,0.89,4.5,8.06,223
1/28/2019 12:00,35822.5,16.11,11.02,0.89,4.22,8.36,316
1/28/2019 13:00,35822.55,19.44,12.89,0.45,2.95,4.35,462
1/28/2019 14:00,35822.59,16.67,10.69,1.34,0.77,7.66,263
1/28/2019 15:00,35822.63,15.56,9.4,0.89,0.89,7.73,163
1/28/2019 16:00,35822.67,15,9.09,1.34,1.85,7.81,49
1/28/2019 17:00,35822.71,13.89,8.88,0.45,3.94,7.89,10
1/28/2019 18:00,35822.76,13.89,9.09,0.45,0.58,7.97,8
1/28/2019 19:00,35822.8,13.33,8.55,1.34,0.87,8.05,8
1/28/2019 20:00,35822.84,13.89,9.09,1.79,1.5,8.13,8
1/28/2019 21:00,35822.88,12.78,8.01,1.79,2.51,8.21,8
1/28/2019 22:00,35822.92,13.33,8.75,0.89,4.96,8.29,8
1/28/2019 23:00,35822.97,9.44,6.13,2.24,1.54,4.42,8
1/29/2019 0:00,35823,11.67,8.11,2.68,1.26,8.45,8
1/29/2019 1:00,35823.04,12.22,8.84,3.13,1.5,8.53,8
1/29/2019 2:00,35823.08,11.11,8.12,3.13,1.47,8.61,8
1/29/2019 3:00,35823.13,10.56,7.58,2.24,1.54,8.69,8
1/29/2019 4:00,35823.17,11.11,7.76,2.24,1.85,8.77,8
1/29/2019 5:00,35823.21,11.67,8.11,1.34,0.09,8.85,8
1/29/2019 6:00,35823.25,11.11,7.94,0.45,4.35,8.93,9
1/29/2019 7:00,35823.29,11.11,7.94,0.45,0.63,9.01,28
1/29/2019 8:00,35823.34,11.67,8.11,0.89,4.38,9.09,50
1/29/2019 9:00,35823.38,13.33,9.73,0.45,5.17,9.17,104
1/29/2019 10:00,35823.42,14.44,10.43,0,2.23,9.25,165
1/29/2019 11:00,35823.46,14.44,10.23,1.34,0.75,9.33,192
1/29/2019 12:00,35823.5,15.56,10.49,1.79,1.36,9.41,247
1/29/2019 13:00,35823.55,17.78,11.98,1.34,4.8,8.69,270
1/29/2019 14:00,35823.59,18.33,11.83,0.45,3.93,8.41,231
1/29/2019 15:00,35823.63,17.22,11.44,0.45,6.16,8.33,145
1/29/2019 16:00,35823.67,15,9.95,0.89,4.69,8.25,54
1/29/2019 17:00,35823.71,13.89,9.29,0.45,3.23,8.17,12
1/29/2019 18:00,35823.76,11.67,7.92,0,2.44,8.09,8
1/29/2019 19:00,35823.8,12.22,8.84,1.34,2.5,8.01,8
1/29/2019 20:00,35823.84,11.11,7.76,2.24,1.64,7.92,8
1/29/2019 21:00,35823.88,11.67,8.48,2.24,1.61,7.84,8
1/29/2019 22:00,35823.92,10.56,7.58,2.24,1.87,7.76,8
1/29/2019 23:00,35823.97,12.78,9,2.68,1.59,8.37,8
1/30/2019 0:00,35824,10.56,7.76,3.13,1.55,7.6,8
1/30/2019 1:00,35824.04,10,7.39,4.02,1.62,7.52,8
1/30/2019 2:00,35824.08,9.44,6.67,4.02,1.68,7.43,8
1/30/2019 3:00,35824.13,10,7.21,2.24,1.2,7.35,9
1/30/2019 4:00,35824.17,8.89,6.13,3.58,1.68,7.27,9
1/30/2019 5:00,35824.21,10,6.67,3.58,1.64,7.19,9
1/30/2019 6:00,35824.25,10.56,7.03,3.13,1.78,7.11,9
1/30/2019 7:00,35824.29,9.44,6.13,3.13,1.68,7.03,31
1/30/2019 8:00,35824.34,11.11,7.19,2.68,1.99,6.94,85
1/30/2019 9:00,35824.38,12.78,8.42,1.79,1.62,6.86,222
1/30/2019 10:00,35824.42,14.44,9.83,0.89,1.2,6.78,271
1/30/2019 11:00,35824.46,16.11,10.81,0.45,5.32,6.7,350
1/30/2019 12:00,35824.5,21.11,14.71,0.45,3.77,6.62,419
1/30/2019 13:00,35824.55,20.56,13.47,0.45,3.37,2.64,509
1/30/2019 14:00,35824.59,22.78,14.06,0.45,3.53,2.8,409
1/30/2019 15:00,35824.63,18.89,9.87,0.45,4.12,2.95,227
1/30/2019 16:00,35824.67,16.11,7.78,1.79,1.36,3.09,39
1/30/2019 17:00,35824.71,14.44,7.19,1.79,1.45,3.23,14
1/30/2019 18:00,35824.76,14.44,7.66,1.34,1.48,3.38,8
1/30/2019 19:00,35824.8,13.89,8.25,2.24,1.87,3.52,8
1/30/2019 20:00,35824.84,12.78,7.81,3.13,1.87,3.66,8
1/30/2019 21:00,35824.88,12.22,7.48,3.13,1.75,3.81,8
1/30/2019 22:00,35824.92,12.22,7.88,2.68,1.8,3.95,9
1/30/2019 23:00,35824.97,10.56,7.76,2.24,1.54,7.68,8
1/31/2019 0:00,35825,13.33,8.34,2.68,1.64,4.24,9
1/31/2019 1:00,35825.04,13.89,8.25,2.68,1.62,4.38,9
1/31/2019 2:00,35825.08,14.44,7.89,2.68,1.57,4.53,9
1/31/2019 3:00,35825.13,14.44,7.66,2.24,2.11,4.67,8
1/31/2019 4:00,35825.17,13.33,7.5,0.89,4.75,4.81,8
1/31/2019 5:00,35825.21,10.56,6.65,1.34,0.05,4.96,5
1/31/2019 6:00,35825.25,10.56,7.03,0.45,5.39,5.1,7
1/31/2019 7:00,35825.29,11.11,7.57,1.34,2.09,5.24,25
1/31/2019 8:00,35825.34,13.89,9.89,2.24,1.54,5.39,169
1/31/2019 9:00,35825.38,16.67,11.34,1.79,1.36,5.53,348
1/31/2019 10:00,35825.42,20,12.7,0.89,0.96,5.67,471
1/31/2019 11:00,35825.46,20,11.18,1.34,3.91,5.82,539
1/31/2019 12:00,35825.5,21.11,12.22,0.89,3.61,5.96,453
1/31/2019 13:00,35825.55,20,11.18,2.24,4.21,3.32,498
1/31/2019 14:00,35825.59,20,11.96,0.89,4.14,1.6,427
1/31/2019 15:00,35825.63,18.33,11.12,1.34,4.68,1.91,212
1/31/2019 16:00,35825.67,16.11,9.01,0.89,4.59,2.23,114
1/31/2019 17:00,35825.71,13.89,8.03,0.45,4.61,2.55,15
1/31/2019 18:00,35825.76,13.89,8.25,0.45,2.44,2.87,8
1/31/2019 19:00,35825.8,13.33,7.93,0.89,2.6,3.18,10
1/31/2019 20:00,35825.84,13.89,8.67,0.89,4.01,3.5,10
1/31/2019 21:00,35825.88,13.33,8.95,1.79,1.69,3.82,10
1/31/2019 22:00,35825.92,12.78,7.81,0.45,4.71,4.14,9
1/31/2019 23:00,35825.97,12.78,7.81,2.68,1.97,4.1,9
2/1/2019 0:00,35826,11.67,7.34,1.79,1.75,4.77,24
2/1/2019 1:00,35826.04,11.67,6.94,1.34,2.27,5.09,19
2/1/2019 2:00,35826.08,12.22,7.88,1.79,1.5,5.41,15
2/1/2019 3:00,35826.13,10.56,6.84,1.34,0.84,5.72,14
2/1/2019 4:00,35826.17,10,6.67,1.34,2.06,6.04,12
2/1/2019 5:00,35826.21,11.11,7.57,2.24,1.54,6.36,12
2/1/2019 6:00,35826.25,9.44,6.13,2.24,2.34,6.68,11
2/1/2019 7:00,35826.29,11.11,7.94,3.58,1.27,6.99,36
2/1/2019 8:00,35826.34,11.67,8.48,1.34,2.5,7.31,91
2/1/2019 9:00,35826.38,13.89,9.89,0.45,3.77,7.63,199
2/1/2019 10:00,35826.42,15,10.36,0.45,2.69,7.95,303
2/1/2019 11:00,35826.46,15,10.57,0.45,3.58,8.26,278
2/1/2019 12:00,35826.5,16.67,11.13,0.45,1.92,8.58,309
2/1/2019 13:00,35826.55,17.78,12.2,1.34,2.97,7.02,367
2/1/2019 14:00,35826.59,16.11,10.38,1.34,3.67,8.81,217
2/1/2019 15:00,35826.63,15,10.16,1.79,2.08,8.83,65
2/1/2019 16:00,35826.67,14.44,9.83,0.89,2.57,8.86,27
2/1/2019 17:00,35826.71,13.89,9.69,0.89,2.29,8.89,11
2/1/2019 18:00,35826.76,12.78,8.81,2.68,2.01,8.92,10
2/1/2019 19:00,35826.8,12.22,8.65,3.13,2.32,8.95,9
2/1/2019 20:00,35826.84,12.78,8.01,3.13,2.48,8.97,6
2/1/2019 21:00,35826.88,13.33,8.34,0.89,4.17,9,9
2/1/2019 22:00,35826.92,13.33,7.5,2.68,2.25,9.03,9
2/1/2019 23:00,35826.97,11.11,7.19,1.34,2.02,4.45,9
2/2/2019 0:00,35827,11.67,7.92,4.02,2.06,9.09,8
2/2/2019 1:00,35827.04,12.22,9.02,1.34,4.83,9.11,8
2/2/2019 2:00,35827.08,11.67,8.85,2.24,2.25,9.14,8
2/2/2019 3:00,35827.13,13.33,10.11,4.92,1.97,9.17,7
2/2/2019 4:00,35827.17,14.44,9.62,8.94,2.04,9.2,8
2/2/2019 5:00,35827.21,13.89,9.09,5.81,2.16,9.23,7
2/2/2019 6:00,35827.25,14.44,9.21,6.26,1.92,9.25,8
2/2/2019 7:00,35827.29,13.89,8.88,4.92,2.44,9.28,12
2/2/2019 8:00,35827.34,12.22,7.68,1.79,4.08,9.31,32
2/2/2019 9:00,35827.38,11.11,8.12,1.79,4.01,9.34,40
2/2/2019 10:00,35827.42,11.11,7.94,1.34,3.75,9.37,52
2/2/2019 11:00,35827.46,10,7.39,1.79,2.6,9.4,38
2/2/2019 12:00,35827.5,12.78,10.12,2.24,2.27,9.42,252
2/2/2019 13:00,35827.55,12.78,9,5.81,2.5,5.3,444
2/2/2019 14:00,35827.59,12.78,8.22,5.36,2.43,7.63,274
2/2/2019 15:00,35827.63,12.78,8.42,2.68,2.86,7.68,124
2/2/2019 16:00,35827.67,12.78,8.22,1.79,2.95,7.73,46
2/2/2019 17:00,35827.71,11.11,7,2.68,3,7.78,13
2/2/2019 18:00,35827.76,12.22,7.48,1.79,4.36,7.83,8
2/2/2019 19:00,35827.8,11.11,6.8,3.13,2.5,7.87,8
2/2/2019 20:00,35827.84,10.56,5.67,5.36,2.37,7.92,8
2/2/2019 21:00,35827.88,9.44,4.99,6.71,2.55,7.97,7
2/2/2019 22:00,35827.92,8.33,4.68,4.47,2.6,8.02,7
2/2/2019 23:00,35827.97,12.78,7.39,4.47,2.02,9.06,7
2/3/2019 0:00,35828,8.33,5.23,6.26,2.41,8.12,7
2/3/2019 1:00,35828.04,7.78,3.76,7.6,2.22,8.17,8
2/3/2019 2:00,35828.08,8.33,4.49,7.6,2.32,8.22,7
2/3/2019 3:00,35828.13,8.89,5.03,7.6,2.39,8.27,8
2/3/2019 4:00,35828.17,9.44,5.76,2.68,3.02,8.32,8
2/3/2019 5:00,35828.21,10.56,7.03,3.58,2.74,8.37,8
2/3/2019 6:00,35828.25,10,6.49,5.36,2.46,8.41,8
2/3/2019 7:00,35828.29,10.56,7.03,3.13,2.72,8.46,20
2/3/2019 8:00,35828.34,11.67,7.54,1.79,3.91,8.51,75
2/3/2019 9:00,35828.38,13.33,8.95,2.24,2.86,8.56,142
2/3/2019 10:00,35828.42,13.89,9.09,2.68,3,8.61,173
2/3/2019 11:00,35828.46,15,9.74,1.79,3.72,8.66,252
2/3/2019 12:00,35828.5,15,9.31,1.34,2.86,8.71,304
2/3/2019 13:00,35828.55,15.56,9.84,4.02,3.07,8.11,313
2/3/2019 14:00,35828.59,15.56,10.28,3.13,2.53,8.43,239
2/3/2019 15:00,35828.63,14.44,9.62,4.47,2.44,8.5,222
2/3/2019 16:00,35828.67,13.33,9.35,2.24,3.09,8.57,121
2/3/2019 17:00,35828.71,11.67,7.73,3.58,2.53,8.64,12
2/3/2019 18:00,35828.76,11.67,7.73,1.79,3.46,8.71,8
2/3/2019 19:00,35828.8,11.11,7.57,1.34,3.23,8.79,8
2/3/2019 20:00,35828.84,10.56,6.84,1.34,3.09,8.86,8
2/3/2019 21:00,35828.88,10.56,7.21,0.89,3.75,8.93,8
2/3/2019 22:00,35828.92,10,6.67,1.79,2.65,9,8
2/3/2019 23:00,35828.97,7.78,4.5,5.36,2.43,8.07,7
2/4/2019 0:00,35829,10.56,6.84,4.02,3.11,9.14,8
2/4/2019 1:00,35829.04,10,5.73,3.13,2.53,9.21,8
2/4/2019 2:00,35829.08,10.56,6.07,5.36,2.43,9.29,8
2/4/2019 3:00,35829.13,10,5.33,2.24,3.25,9.36,8
2/4/2019 4:00,35829.17,11.11,6,3.13,2.25,9.43,8
2/4/2019 5:00,35829.21,10,6.49,3.58,3.79,9.5,8
2/4/2019 6:00,35829.25,9.44,6.31,3.58,3.02,9.57,8
2/4/2019 7:00,35829.29,8.89,5.59,1.79,3.65,9.64,18
2/4/2019 8:00,35829.34,10,6.85,1.79,3.75,9.71,88
2/4/2019 9:00,35829.38,10,6.3,2.68,3.93,9.79,143
2/4/2019 10:00,35829.42,12.22,8.07,3.13,2.91,9.86,310
2/4/2019 11:00,35829.46,11.67,7.34,2.24,3.46,9.93,235
2/4/2019 12:00,35829.5,12.22,7.48,2.24,3.86,10,183
2/4/2019 13:00,35829.55,13.33,8.55,0.89,3.19,8.99,261
2/4/2019 14:00,35829.59,8.89,5.03,0.89,3.33,10,132
2/4/2019 15:00,35829.63,7.22,3.6,1.34,5.62,9.97,39
2/4/2019 16:00,35829.67,7.22,4.32,2.68,0.09,9.94,24
2/4/2019 17:00,35829.71,6.11,3.23,3.13,0.63,9.91,8
2/4/2019 18:00,35829.76,6.67,3.95,3.58,1.31,9.88,7
2/4/2019 19:00,35829.8,6.11,3.41,3.58,1.38,9.85,7
2/4/2019 20:00,35829.84,6.11,3.41,2.24,1.57,9.82,6
2/4/2019 21:00,35829.88,5,2.49,2.68,2.09,9.79,7
2/4/2019 22:00,35829.92,4.44,1.77,4.47,2.36,9.76,7
2/4/2019 23:00,35829.97,10,6.49,2.68,2.76,9.07,8
2/5/2019 0:00,35830,5,2.32,4.92,2.39,9.7,7
2/5/2019 1:00,35830.04,5.56,3.03,1.34,3.79,9.68,7
2/5/2019 2:00,35830.08,5,2.82,1.79,3.63,9.65,7
2/5/2019 3:00,35830.13,5,2.66,1.34,3.65,9.62,7
2/5/2019 4:00,35830.17,4.44,2.28,1.79,3.61,9.59,7
2/5/2019 5:00,35830.21,5,2.82,1.79,2.5,9.56,7
2/5/2019 6:00,35830.25,3.89,1.73,0.89,2.58,9.53,8
2/5/2019 7:00,35830.29,4.44,2.11,0.45,3.84,9.5,25
2/5/2019 8:00,35830.34,6.67,3.95,0.89,5.01,9.47,98
2/5/2019 9:00,35830.38,8.89,5.03,0.45,4.92,9.44,385
2/5/2019 10:00,35830.42,10,4.72,0.89,4.5,9.41,487
2/5/2019 11:00,35830.46,10,3.88,1.79,4.66,9.38,420
2/5/2019 12:00,35830.5,8.89,2.82,1.34,4.63,9.35,262
2/5/2019 13:00,35830.55,7.22,2.06,0.45,4.36,8.59,288
2/5/2019 14:00,35830.59,7.22,1.85,1.34,5.15,10,130
2/5/2019 15:00,35830.63,7.78,0.88,4.47,6.07,9.83,319
2/5/2019 16:00,35830.67,7.78,0.88,0.89,5.59,9.66,128
2/5/2019 17:00,35830.71,4.44,-1.02,0.89,4.52,9.49,19
2/5/2019 18:00,35830.76,4.44,-1.43,1.79,0.31,9.32,8
2/5/2019 19:00,35830.8,2.78,-2.61,0.45,4.8,9.15,8
2/5/2019 20:00,35830.84,4.44,-0.42,2.24,1.68,8.98,8
2/5/2019 21:00,35830.88,2.78,-1.45,1.79,1.52,8.8,8
2/5/2019 22:00,35830.92,2.78,-1.64,2.24,1.15,8.63,8
2/5/2019 23:00,35830.97,4.44,1.6,1.79,2.67,9.73,7
2/6/2019 0:00,35831,0.56,-3.24,1.34,4.69,8.29,8
2/6/2019 1:00,35831.04,0,-4.32,0.89,2.43,8.12,8
2/6/2019 2:00,35831.08,1.67,-3.68,1.34,1.88,7.95,8
2/6/2019 3:00,35831.13,2.22,-4.18,2.68,1.5,7.78,8
2/6/2019 4:00,35831.17,3.33,-4.01,3.13,1.01,7.61,8
2/6/2019 5:00,35831.21,2.78,-4.99,4.47,1.4,7.44,8
2/6/2019 6:00,35831.25,2.22,-5.75,2.24,2.5,7.27,9
2/6/2019 7:00,35831.29,3.89,-4.43,2.24,1.31,7.1,67
2/6/2019 8:00,35831.34,6.11,-3.64,2.24,1.5,6.93,231
2/6/2019 9:00,35831.38,7.78,-2.37,1.34,1.36,6.75,389
2/6/2019 10:00,35831.42,11.11,0.12,0.89,2.62,6.58,513
2/6/2019 11:00,35831.46,12.22,0.84,1.34,0.38,6.41,587
2/6/2019 12:00,35831.5,11.67,0.63,1.34,4.64,6.24,456
2/6/2019 13:00,35831.55,13.33,2.46,0.89,5.13,0,563
2/6/2019 14:00,35831.59,12.78,1.35,0.45,1.38,0,469
2/6/2019 15:00,35831.63,12.78,1.66,0,1.03,0.25,315
2/6/2019 16:00,35831.67,10,-0.61,0.89,4.63,0.5,152
2/6/2019 17:00,35831.71,6.11,-2.85,0.45,5.15,0.75,21
2/6/2019 18:00,35831.76,5.56,-2.15,2.24,5.92,0.99,8
2/6/2019 19:00,35831.8,6.11,-1.16,1.79,1.54,1.24,8
2/6/2019 20:00,35831.84,6.11,-1.16,1.79,1.5,1.49,8
2/6/2019 21:00,35831.88,5,-1.54,1.34,2.2,1.74,8
2/6/2019 22:00,35831.92,5.56,0.05,1.34,1.71,1.99,9
2/6/2019 23:00,35831.97,2.22,-2.56,2.24,1.87,8.46,8
2/7/2019 0:00,35832,3.89,-0.57,1.34,2.15,2.49,8
2/7/2019 1:00,35832.04,4.44,0.16,1.79,1.64,2.73,8
2/7/2019 2:00,35832.08,3.89,-0.38,2.24,1.64,2.98,8
2/7/2019 3:00,35832.13,3.89,-0.57,2.24,1.26,3.23,8
2/7/2019 4:00,35832.17,3.89,-1.35,2.24,1.43,3.48,8
2/7/2019 5:00,35832.21,4.44,-1.22,3.58,1.62,3.73,8
2/7/2019 6:00,35832.25,3.89,-2.81,3.58,1.38,3.98,9
2/7/2019 7:00,35832.29,4.44,-2.51,4.02,1.36,4.23,69
2/7/2019 8:00,35832.34,6.11,-1.86,3.58,1.4,4.47,234
2/7/2019 9:00,35832.38,9.44,1.02,3.13,1.27,4.72,377
2/7/2019 10:00,35832.42,11.67,2.32,2.24,1.19,4.97,513
2/7/2019 11:00,35832.46,13.89,3.84,1.34,1.06,5.22,523
2/7/2019 12:00,35832.5,14.44,3.49,1.79,3.93,5.47,495
2/7/2019 13:00,35832.55,14.44,2.88,0.45,3.89,4.23,496
2/7/2019 14:00,35832.59,15.56,2.61,0.45,3.68,0.58,457
2/7/2019 15:00,35832.63,12.22,0.54,0.45,3.3,0.81,160
2/7/2019 16:00,35832.67,13.89,1.42,0.45,3.61,1.03,160
2/7/2019 17:00,35832.71,7.78,-3.83,1.34,2.06,1.26,23
2/7/2019 18:00,35832.76,7.22,-3.17,1.34,2.55,1.49,8
2/7/2019 19:00,35832.8,6.67,-1.83,2.24,1.85,1.71,8
2/7/2019 20:00,35832.84,7.22,0.12,3.13,1.55,1.94,8
2/7/2019 21:00,35832.88,5.56,-1.01,3.13,1.8,2.17,8
2/7/2019 22:00,35832.92,6.11,-0.05,2.68,1.82,2.39,8
2/7/2019 23:00,35832.97,3.89,-1.35,1.79,1.75,2.24,9
2/8/2019 0:00,35833,5.56,0.05,4.92,1.52,2.84,8
2/8/2019 1:00,35833.04,5.56,0.05,3.13,1.75,3.07,8
2/8/2019 2:00,35833.08,5,-0.28,3.58,1.76,3.3,8
2/8/2019 3:00,35833.13,4.44,-1.22,4.47,1.48,3.52,8
2/8/2019 4:00,35833.17,5,-1.76,4.92,1.57,3.75,8
2/8/2019 5:00,35833.21,6.11,-1.16,3.13,1.57,3.98,8
2/8/2019 6:00,35833.25,5.56,-1.68,2.24,1.61,4.2,9
2/8/2019 7:00,35833.29,6.11,-1.39,2.68,1.61,4.43,71
2/8/2019 8:00,35833.34,7.22,-0.11,1.34,4.54,4.65,232
2/8/2019 9:00,35833.38,11.11,2.83,0.89,4.12,4.88,390
2/8/2019 10:00,35833.42,13.33,3.87,1.34,1.92,5.11,514
2/8/2019 11:00,35833.46,13.89,3.56,0.45,4.42,5.33,586
2/8/2019 12:00,35833.5,14.44,3.78,1.79,3.84,5.56,494
2/8/2019 13:00,35833.55,15.56,3.59,1.34,3.65,1.05,561
2/8/2019 14:00,35833.59,14.44,2.57,1.79,3.26,4.95,388
2/8/2019 15:00,35833.63,12.78,1.05,3.13,3.6,5.11,177
2/8/2019 16:00,35833.67,11.11,-0.17,0.89,3.28,5.27,64
2/8/2019 17:00,35833.71,10.56,-0.1,0.45,4.17,5.43,14
2/8/2019 18:00,35833.76,8.89,0.5,1.79,3.89,5.59,9
2/8/2019 19:00,35833.8,7.78,2.18,4.92,2.06,5.76,6
2/8/2019 20:00,35833.84,7.22,1.85,5.81,1.78,5.92,6
2/8/2019 21:00,35833.88,6.11,1.58,4.47,2.25,6.08,7
2/8/2019 22:00,35833.92,5.56,1.79,4.02,2.41,6.24,7
2/8/2019 23:00,35833.97,5,-0.69,3.58,1.54,2.62,8
2/9/2019 0:00,35834,7.22,3.04,6.71,2.01,6.56,7
2/9/2019 1:00,35834.04,6.67,2.11,5.81,2.36,6.72,7
2/9/2019 2:00,35834.08,6.67,2.11,4.02,2.39,6.88,8
2/9/2019 3:00,35834.13,6.11,2.52,1.34,4.4,7.04,7
2/9/2019 4:00,35834.17,6.67,3.06,1.34,2.69,7.2,6
2/9/2019 5:00,35834.21,6.11,2.52,1.79,2.46,7.36,6
2/9/2019 6:00,35834.25,6.11,2.15,0.89,2.76,7.52,7
2/9/2019 7:00,35834.29,8.33,3.92,1.34,2.98,7.68,67
2/9/2019 8:00,35834.34,8.89,4.26,1.79,2.46,7.84,129
2/9/2019 9:00,35834.38,13.33,7.5,0.89,5.18,8,339
2/9/2019 10:00,35834.42,11.67,5.47,0.45,4.42,8.16,310
2/9/2019 11:00,35834.46,11.11,5.15,1.34,2.04,8.32,136
2/9/2019 12:00,35834.5,13.33,6.83,1.34,3.8,8.48,331
2/9/2019 13:00,35834.55,15,7.24,0.45,3.21,4.68,488
2/9/2019 14:00,35834.59,13.33,4.66,0.89,1.57,5.15,385
2/9/2019 15:00,35834.63,12.22,3.88,1.79,2.2,5.17,290
2/9/2019 16:00,35834.67,10.56,3.74,1.79,2.46,5.18,71
2/9/2019 17:00,35834.71,9.44,2.68,0.45,2.15,5.2,24
2/9/2019 18:00,35834.76,8.89,2.6,1.79,2.53,5.22,8
2/9/2019 19:00,35834.8,8.89,2.82,2.24,2.6,5.23,8
2/9/2019 20:00,35834.84,8.89,2.82,2.68,3.12,5.25,8
2/9/2019 21:00,35834.88,10.56,3.74,4.47,3.8,5.27,8
2/9/2019 22:00,35834.92,8.33,2.5,2.24,2.88,5.28,8
2/9/2019 23:00,35834.97,7.22,3.04,7.6,1.55,6.4,7
2/10/2019 0:00,35835,7.22,2.45,1.79,2.86,5.32,8
2/10/2019 1:00,35835.04,7.22,2.45,4.92,2.51,5.34,8
2/10/2019 2:00,35835.08,7.78,3.19,4.47,2.67,5.35,8
2/10/2019 3:00,35835.13,7.22,3.23,3.13,2.58,5.37,7
2/10/2019 4:00,35835.17,6.11,2.52,2.68,3.05,5.39,6
2/10/2019 5:00,35835.21,6.11,2.88,2.24,2.27,5.4,6
2/10/2019 6:00,35835.25,6.67,3.6,1.34,3.63,5.42,7
2/10/2019 7:00,35835.29,3.89,1.06,3.58,5.67,5.44,12
2/10/2019 8:00,35835.34,5,2.15,5.81,1.2,5.45,17
2/10/2019 9:00,35835.38,4.44,1.6,2.24,1.85,5.47,77
2/10/2019 10:00,35835.42,6.67,3.78,1.79,5.76,5.49,218
2/10/2019 11:00,35835.46,7.78,2.79,5.36,5.86,5.5,446
2/10/2019 12:00,35835.5,11.11,4.26,5.36,5.88,5.52,502
2/10/2019 13:00,35835.55,10,3.21,4.47,5.76,4.2,507
2/10/2019 14:00,35835.59,11.11,3.08,3.58,4.45,0,495
2/10/2019 15:00,35835.63,9.44,1.27,2.68,5.18,0.25,341
2/10/2019 16:00,35835.67,9.44,1.27,5.36,5.93,0.49,168
2/10/2019 17:00,35835.71,6.67,-1.34,2.68,5.79,0.74,24
2/10/2019 18:00,35835.76,6.11,-1.39,2.24,0.26,0.99,8
2/10/2019 19:00,35835.8,6.11,-1.62,1.79,5.85,1.23,8
2/10/2019 20:00,35835.84,4.44,-1.85,1.79,1.75,1.48,8
2/10/2019 21:00,35835.88,3.89,-1.55,2.68,1.45,1.73,8
2/10/2019 22:00,35835.92,5,-0.69,2.24,1.48,1.98,8
2/10/2019 23:00,35835.97,7.78,2.59,1.79,2.32,5.3,8
2/11/2019 0:00,35836,4.44,-2.51,0.89,0.31,2.47,8
2/11/2019 1:00,35836.04,3.89,-3.48,4.02,1.45,2.72,8
2/11/2019 2:00,35836.08,3.89,-3.95,2.68,1.15,2.96,8
2/11/2019 3:00,35836.13,3.33,-4.95,3.13,1.17,3.21,8
2/11/2019 4:00,35836.17,3.89,-4.19,3.58,1.27,3.46,8
2/11/2019 5:00,35836.21,3.89,-4.67,3.13,1.38,3.7,8
2/11/2019 6:00,35836.25,2.22,-6.48,1.34,2.44,3.95,9
2/11/2019 7:00,35836.29,3.33,-5.44,0.45,3.54,4.2,81
2/11/2019 8:00,35836.34,5.56,-4.15,1.34,1.36,4.45,249
2/11/2019 9:00,35836.38,8.89,-1.35,1.34,4,4.69,410
2/11/2019 10:00,35836.42,11.11,0.42,0.45,3.8,4.94,537
2/11/2019 11:00,35836.46,12.22,1.73,1.34,1.4,5.19,606
2/11/2019 12:00,35836.5,12.78,1.66,0.89,1.82,5.43,509
2/11/2019 13:00,35836.55,12.22,0.23,0.89,1.29,0,580
2/11/2019 14:00,35836.59,15,2.1,1.34,2.36,0,486
2/11/2019 15:00,35836.63,12.78,0.41,0.89,4.22,0.39,347
2/11/2019 16:00,35836.67,12.22,0.84,0.45,3.49,0.77,176
2/11/2019 17:00,35836.71,6.67,-3.13,1.34,6.16,1.16,27
2/11/2019 18:00,35836.76,7.78,-1.56,0.89,1.45,1.55,8
2/11/2019 19:00,35836.8,6.11,-1.39,2.24,1.71,1.93,8
2/11/2019 20:00,35836.84,6.11,-0.7,2.68,1.8,2.32,8
2/11/2019 21:00,35836.88,6.11,-0.48,2.24,1.71,2.71,8
2/11/2019 22:00,35836.92,5,-0.9,3.58,1.5,3.09,8
2/11/2019 23:00,35836.97,5,-1.11,4.02,1.24,2.22,8
2/12/2019 0:00,35837,5,-0.08,3.13,1.43,3.86,8
2/12/2019 1:00,35837.04,3.89,-0.95,3.13,1.62,4.25,8
2/12/2019 2:00,35837.08,5,0.12,2.68,1.76,4.64,8
2/12/2019 3:00,35837.13,3.89,-0.57,4.47,1.82,5.02,8
2/12/2019 4:00,35837.17,3.89,-0.38,2.24,1.66,5.41,8
2/12/2019 5:00,35837.21,3.33,-0.54,3.58,1.73,5.8,8
2/12/2019 6:00,35837.25,3.89,-0.76,3.13,1.69,6.18,9
2/12/2019 7:00,35837.29,5,-0.08,3.58,1.34,6.57,41
2/12/2019 8:00,35837.34,7.22,1.01,0.89,1.64,6.96,158
2/12/2019 9:00,35837.38,9.44,3.35,1.34,3.8,7.34,199
2/12/2019 10:00,35837.42,12.78,5.61,0.89,4.92,7.73,299
2/12/2019 11:00,35837.46,13.33,4.14,1.79,3.91,8.12,400
2/12/2019 12:00,35837.5,12.22,3.1,1.34,3.35,8.5,336
2/12/2019 13:00,35837.55,12.78,3.89,0.89,3.72,8.98,276
2/12/2019 14:00,35837.59,12.22,4.13,0.45,2.43,9.96,169
2/12/2019 15:00,35837.63,11.11,3.56,1.34,2.16,9.97,148
2/12/2019 16:00,35837.67,9.44,2.22,0.89,3.02,9.97,67
2/12/2019 17:00,35837.71,9.44,2.68,0.89,2.79,9.97,15
2/12/2019 18:00,35837.76,8.33,1.63,0.45,3.75,9.97,8
2/12/2019 19:00,35837.8,8.33,2.07,3.13,1.75,9.97,8
2/12/2019 20:00,35837.84,8.33,2.92,1.34,2.22,9.97,8
2/12/2019 21:00,35837.88,10,3.66,3.13,1.5,9.98,8
2/12/2019 22:00,35837.92,10,2.04,2.24,3.79,9.98,8
2/12/2019 23:00,35837.97,5.56,-0.16,4.47,1.71,3.48,8
2/13/2019 0:00,35838,15,0.7,6.26,2.22,9.98,8
2/13/2019 1:00,35838.04,15,-0.05,4.47,2.44,9.98,8
2/13/2019 2:00,35838.08,16.11,0.95,8.94,1.88,9.98,8
2/13/2019 3:00,35838.13,15,0.33,7.6,1.94,9.99,8
2/13/2019 4:00,35838.17,12.78,1.05,3.13,1.97,9.99,8
2/13/2019 5:00,35838.21,13.33,1.55,8.05,2.32,9.99,8
2/13/2019 6:00,35838.25,10.56,0.47,8.49,2.06,9.99,7
2/13/2019 7:00,35838.29,11.11,3.08,6.71,2.39,9.99,21
2/13/2019 8:00,35838.34,12.78,4.4,4.02,2.36,9.99,77
2/13/2019 9:00,35838.38,13.89,4.66,4.02,2.13,10,75
2/13/2019 10:00,35838.42,14.44,4.07,4.92,2.46,10,85
2/13/2019 11:00,35838.46,14.44,6.47,5.81,2.08,10,92
2/13/2019 12:00,35838.5,15,7.72,4.92,2.3,10,137
2/13/2019 13:00,35838.55,16.67,9.06,3.58,2.43,10,103
2/13/2019 14:00,35838.59,16.67,9.54,4.47,1.97,10,38
2/13/2019 15:00,35838.63,13.89,9.49,5.36,1.97,9.97,28
2/13/2019 16:00,35838.67,13.89,10.27,5.81,1.95,9.94,20
2/13/2019 17:00,35838.71,14.44,10.62,4.47,1.9,9.91,8
2/13/2019 18:00,35838.76,16.11,11.64,7.15,1.87,9.88,8
2/13/2019 19:00,35838.8,16.11,11.23,3.13,2.67,9.85,8
2/13/2019 20:00,35838.84,15,10.57,3.58,2.32,9.82,4
2/13/2019 21:00,35838.88,15.56,11.11,4.02,2.22,9.79,6
2/13/2019 22:00,35838.92,16.67,11.13,3.58,2.44,9.76,7
2/13/2019 23:00,35838.97,12.78,1.66,0.89,1.78,9.98,8
2/14/2019 0:00,35839,17.22,10.54,4.92,2.3,9.7,9
2/14/2019 1:00,35839.04,17.78,10.11,3.13,2.67,9.67,9
2/14/2019 2:00,35839.08,17.22,9.08,3.58,2.32,9.64,9
2/14/2019 3:00,35839.13,17.78,8.29,3.58,2.43,9.61,9
2/14/2019 4:00,35839.17,17.78,9.61,5.36,2.29,9.58,7
2/14/2019 5:00,35839.21,15.56,9.4,1.79,2.69,9.55,8
2/14/2019 6:00,35839.25,14.44,9.83,0.89,6.18,9.52,6
2/14/2019 7:00,35839.29,14.44,10.03,0.89,2.46,9.49,20
2/14/2019 8:00,35839.34,15,10.36,1.79,2.83,9.46,72
2/14/2019 9:00,35839.38,16.67,11.56,2.68,4.01,9.43,114
2/14/2019 10:00,35839.42,17.78,12.2,2.24,5.03,9.4,298
2/14/2019 11:00,35839.46,18.89,11.89,2.24,4.07,9.37,571
2/14/2019 12:00,35839.5,17.22,9.08,2.24,4.43,9.34,278
2/14/2019 13:00,35839.55,15.56,8.72,2.24,3.91,9.84,218
2/14/2019 14:00,35839.59,11.67,5.02,2.24,2.08,9.35,209
2/14/2019 15:00,35839.63,13.33,7.71,5.36,6.16,9.28,223
2/14/2019 16:00,35839.67,11.67,6.74,2.68,0.75,9.21,80
2/14/2019 17:00,35839.71,11.11,6.4,3.13,1.36,9.15,15
2/14/2019 18:00,35839.76,10.56,6.07,0.89,0.65,9.08,8
2/14/2019 19:00,35839.8,10,6.67,1.79,2.39,9.01,8
2/14/2019 20:00,35839.84,8.89,5.59,1.79,1.94,8.95,6
2/14/2019 21:00,35839.88,8.89,5.95,1.79,1.87,8.88,6
2/14/2019 22:00,35839.92,8.89,6.13,2.24,1.12,8.81,6
2/14/2019 23:00,35839.97,16.11,9.93,4.02,2.16,9.73,8
2/15/2019 0:00,35840,8.89,5.59,3.58,2.43,8.68,7
2/15/2019 1:00,35840.04,7.78,4.5,2.68,2.48,8.61,7
2/15/2019 2:00,35840.08,8.89,6.13,4.02,2.18,8.54,7
2/15/2019 3:00,35840.13,8.89,5.95,5.81,2.41,8.47,7
2/15/2019 4:00,35840.17,8.33,5.05,2.68,2.65,8.41,7
2/15/2019 5:00,35840.21,8.33,4.86,1.79,3.53,8.34,7
2/15/2019 6:00,35840.25,7.78,4.5,1.34,2.72,8.27,7
2/15/2019 7:00,35840.29,7.78,4.86,2.24,2.84,8.2,19
2/15/2019 8:00,35840.34,8.89,5.95,0.89,2.51,8.14,94
2/15/2019 9:00,35840.38,8.89,6.3,1.79,2.9,8.07,80
2/15/2019 10:00,35840.42,8.89,6.65,1.79,3.82,8,100
2/15/2019 11:00,35840.46,9.44,7.02,1.34,3.8,7.94,102
2/15/2019 12:00,35840.5,12.78,8.01,0.89,3.74,7.87,386
2/15/2019 13:00,35840.55,8.33,5.05,2.68,0.21,10,136
2/15/2019 14:00,35840.59,9.44,5.57,3.13,0.94,0,514
2/15/2019 15:00,35840.63,10.56,5.46,3.58,1.62,0.34,177
2/15/2019 16:00,35840.67,8.89,3.86,2.24,1.97,0.68,55
2/15/2019 17:00,35840.71,7.78,4.14,3.58,0.07,1.03,9
2/15/2019 18:00,35840.76,7.22,3.6,2.68,0.51,1.37,7
2/15/2019 19:00,35840.8,6.11,2.88,3.13,5.85,1.71,6
2/15/2019 20:00,35840.84,6.67,3.95,4.92,6.07,2.05,6
2/15/2019 21:00,35840.88,5.56,1.98,1.79,0.21,2.39,7
2/15/2019 22:00,35840.92,5,1.97,0.45,5.9,2.73,7
2/15/2019 23:00,35840.97,8.89,6.13,2.68,1.05,8.74,7
2/16/2019 0:00,35841,3.89,1.4,1.79,2.2,3.42,7
2/16/2019 1:00,35841.04,3.89,1.57,2.24,1.61,3.76,7
2/16/2019 2:00,35841.08,4.44,2.11,2.24,1.83,4.1,7
2/16/2019 3:00,35841.13,5,2.49,3.13,1.36,4.44,7
2/16/2019 4:00,35841.17,5.56,3.2,0.89,2.01,4.79,7
2/16/2019 5:00,35841.21,4.44,2.11,2.68,1.54,5.13,6
2/16/2019 6:00,35841.25,4.44,2.11,1.79,1.41,5.47,7
2/16/2019 7:00,35841.29,5,2.66,1.34,1.87,5.81,29
2/16/2019 8:00,35841.34,6.11,3.92,0.89,3.07,6.15,85
2/16/2019 9:00,35841.38,6.67,4.29,2.24,1.9,6.5,143
2/16/2019 10:00,35841.42,7.78,5.21,1.79,1.73,6.84,230
2/16/2019 11:00,35841.46,8.89,5.95,0.89,2.67,7.18,360
2/16/2019 12:00,35841.5,10,6.49,1.79,1.34,7.52,411
2/16/2019 13:00,35841.55,8.89,5.03,1.79,1.15,9.77,226
2/16/2019 14:00,35841.59,8.89,4.65,0.89,0.96,10,172
2/16/2019 15:00,35841.63,6.11,2.7,4.02,1.41,9.9,84
2/16/2019 16:00,35841.67,7.22,3.6,3.13,0.93,9.81,132
2/16/2019 17:00,35841.71,6.67,3.24,1.79,2.15,9.71,13
2/16/2019 18:00,35841.76,5.56,1.98,2.24,1.88,9.61,7
2/16/2019 19:00,35841.8,5.56,2.69,0.89,4.56,9.52,7
2/16/2019 20:00,35841.84,4.44,2.11,1.34,2.76,9.42,7
2/16/2019 21:00,35841.88,5,2.49,3.13,2.11,9.32,6
2/16/2019 22:00,35841.92,5.56,2.86,2.24,1.83,9.22,6
2/16/2019 23:00,35841.97,3.33,0.69,0.89,5.88,3.08,7
2/17/2019 0:00,35842,5.56,2.86,0.45,4.22,9.03,7
2/17/2019 1:00,35842.04,3.33,1.02,0.45,3.42,8.93,7
2/17/2019 2:00,35842.08,5,2.49,2.68,1.47,8.84,7
2/17/2019 3:00,35842.13,2.78,0.64,1.34,2.57,8.74,7
2/17/2019 4:00,35842.17,1.67,-0.29,0.89,4.73,8.64,7
2/17/2019 5:00,35842.21,3.33,1.51,2.24,1.61,8.55,7
2/17/2019 6:00,35842.25,3.89,1.57,4.02,2.29,8.45,8
2/17/2019 7:00,35842.29,3.89,1.73,2.68,2.41,8.35,29
2/17/2019 8:00,35842.34,3.89,1.57,1.34,1.92,8.25,29
2/17/2019 9:00,35842.38,3.89,1.57,2.68,1.47,8.16,29
2/17/2019 10:00,35842.42,3.89,1.57,2.68,2.11,8.06,125
2/17/2019 11:00,35842.46,6.67,3.95,3.13,2.18,7.96,466
2/17/2019 12:00,35842.5,9.44,6.13,0.89,5.46,7.87,391
2/17/2019 13:00,35842.55,7.78,4.14,0.45,0.72,9.13,275
2/17/2019 14:00,35842.59,10.56,6.07,0.89,4.69,6.91,342
2/17/2019 15:00,35842.63,7.22,2.84,1.34,0.61,6.8,288
2/17/2019 16:00,35842.67,8.89,3.66,3.13,0.21,6.69,188
2/17/2019 17:00,35842.71,6.67,2.5,2.68,0.75,6.59,36
2/17/2019 18:00,35842.76,6.11,1.96,1.34,0.47,6.48,8
2/17/2019 19:00,35842.8,3.89,0.18,0.89,4.75,6.37,8
2/17/2019 20:00,35842.84,2.78,-0.37,1.34,3.93,6.27,8
2/17/2019 21:00,35842.88,3.89,1.23,3.13,1.97,6.16,8
2/17/2019 22:00,35842.92,3.89,1.23,4.02,1.45,6.06,7
2/17/2019 23:00,35842.97,5,2.15,1.34,0.79,9.13,7
2/18/2019 0:00,35843,2.22,-0.24,1.79,1.38,5.84,7
2/18/2019 1:00,35843.04,3.33,0.85,2.68,1.22,5.74,8
2/18/2019 2:00,35843.08,2.22,-0.24,2.68,1.66,5.63,7
2/18/2019 3:00,35843.13,3.33,0.52,2.68,1.85,5.52,7
2/18/2019 4:00,35843.17,3.33,-0.01,3.13,1.5,5.42,8
2/18/2019 5:00,35843.21,2.78,-1.08,2.24,1.59,5.31,8
2/18/2019 6:00,35843.25,2.22,-1.44,3.13,1.85,5.2,10
2/18/2019 7:00,35843.29,3.89,-0.95,2.68,1.26,5.1,102
2/18/2019 8:00,35843.34,5,-0.9,2.68,1.87,4.99,278
2/18/2019 9:00,35843.38,10,3.43,0.89,3.77,4.89,444
2/18/2019 10:00,35843.42,11.67,4.09,0.89,3.54,4.78,573
2/18/2019 11:00,35843.46,11.67,3.35,0.89,6.04,4.67,650
2/18/2019 12:00,35843.5,10.56,2.8,0.45,4.5,4.57,569
2/18/2019 13:00,35843.55,12.78,3.89,0.89,3.87,1.55,595
2/18/2019 14:00,35843.59,13.89,5.44,0.89,4.59,0,543
2/18/2019 15:00,35843.63,11.67,3.35,1.34,5.17,0.09,376
2/18/2019 16:00,35843.67,11.11,3.56,1.34,4.57,0.18,198
2/18/2019 17:00,35843.71,6.67,0.04,0.89,5.29,0.27,39
2/18/2019 18:00,35843.76,5.56,-0.37,0.45,3.09,0.35,8
2/18/2019 19:00,35843.8,7.22,0.79,0.45,4.73,0.44,8
2/18/2019 20:00,35843.84,5.56,-0.16,0.45,2.72,0.53,8
2/18/2019 21:00,35843.88,5,-0.69,1.79,1.97,0.62,8
2/18/2019 22:00,35843.92,5.56,0.65,1.34,2.43,0.71,8
2/18/2019 23:00,35843.97,2.78,0.31,2.68,1.76,5.95,7
2/19/2019 0:00,35844,5,0.12,3.13,1.69,0.89,8
2/19/2019 1:00,35844.04,2.78,-2.81,2.68,2.22,0.97,8
2/19/2019 2:00,35844.08,3.89,-3.03,1.34,1.52,1.06,8
2/19/2019 3:00,35844.13,3.89,-4.43,1.79,1.88,1.15,8
2/19/2019 4:00,35844.17,4.44,-4.66,2.68,1.73,1.24,8
2/19/2019 5:00,35844.21,2.22,-5.99,0.89,4.42,1.33,8
2/19/2019 6:00,35844.25,2.22,-6.48,1.79,1.66,1.42,11
2/19/2019 7:00,35844.29,2.78,-5.96,1.34,3.68,1.51,104
2/19/2019 8:00,35844.34,8.33,-1.86,0.45,6.07,1.6,278
2/19/2019 9:00,35844.38,10.56,-0.1,1.34,2.53,1.68,440
2/19/2019 10:00,35844.42,11.67,2.59,0.89,0.05,1.77,564
2/19/2019 11:00,35844.46,12.22,3.1,1.34,3.4,1.86,615
2/19/2019 12:00,35844.5,11.11,1.8,1.79,3.89,1.95,646
2/19/2019 13:00,35844.55,13.89,3.56,0.89,5.03,0,632
2/19/2019 14:00,35844.59,15,3.7,0.45,4.01,0,531
2/19/2019 15:00,35844.63,13.33,1.55,0.45,3.23,0.4,376
2/19/2019 16:00,35844.67,12.78,1.05,0,2.83,0.8,197
2/19/2019 17:00,35844.71,8.33,-3.02,0.45,4.19,1.21,43
2/19/2019 18:00,35844.76,7.22,-2.61,0.45,5.11,1.61,8
2/19/2019 19:00,35844.8,6.67,-1.83,0.89,3.93,2.01,8
2/19/2019 20:00,35844.84,6.67,-1.83,0.45,0.52,2.41,8
2/19/2019 21:00,35844.88,6.67,-0.63,2.24,1.61,2.81,8
2/19/2019 22:00,35844.92,7.22,0.57,1.79,1.99,3.21,8
2/19/2019 23:00,35844.97,3.89,-0.95,0.89,4.28,0.8,8
2/20/2019 0:00,35845,3.89,-2.17,0.89,2.5,4.02,8
2/20/2019 1:00,35845.04,5,-1.32,1.79,2.01,4.42,8
2/20/2019 2:00,35845.08,5.56,-1.01,1.79,1.83,4.82,8
2/20/2019 3:00,35845.13,5.56,0.45,2.68,2.01,5.22,8
2/20/2019 4:00,35845.17,5,-0.28,0.89,4.49,5.63,8
2/20/2019 5:00,35845.21,4.44,-0.61,0.89,4.57,6.03,8
2/20/2019 6:00,35845.25,3.89,-0.57,3.13,1.87,6.43,9
2/20/2019 7:00,35845.29,5,-0.69,2.24,2.53,6.83,57
2/20/2019 8:00,35845.34,7.78,1.75,0.45,4.36,7.23,173
2/20/2019 9:00,35845.38,9.44,2.22,1.34,4.05,7.63,204
2/20/2019 10:00,35845.42,8.89,1.93,0.45,3.8,8.04,250
2/20/2019 11:00,35845.46,8.89,1.47,1.34,2.6,8.44,208
2/20/2019 12:00,35845.5,10.56,2.31,0.45,4.64,8.84,328
2/20/2019 13:00,35845.55,13.33,3.87,0.89,3.18,6.41,449
2/20/2019 14:00,35845.59,14.44,3.49,2.24,2.44,3.33,471
2/20/2019 15:00,35845.63,13.89,2.37,0.89,1.76,3.53,387
2/20/2019 16:00,35845.67,12.22,1.44,1.34,3.86,3.72,172
2/20/2019 17:00,35845.71,7.78,-0.79,0.89,4.31,3.92,17
2/20/2019 18:00,35845.76,7.22,-0.11,0.89,1.27,4.12,8
2/20/2019 19:00,35845.8,6.11,-0.7,1.34,1.43,4.32,8
2/20/2019 20:00,35845.84,5,-0.69,0.45,5.25,4.51,8
2/20/2019 21:00,35845.88,5.56,-0.16,4.47,0.98,4.71,7
2/20/2019 22:00,35845.92,5.56,0.05,2.24,1.97,4.91,7
2/20/2019 23:00,35845.97,7.22,1.01,1.79,1.73,3.62,8
2/21/2019 0:00,35846,3.33,-1.29,0.89,4.1,5.3,8
2/21/2019 1:00,35846.04,4.44,0.16,0.89,0.16,5.5,8
2/21/2019 2:00,35846.08,4.44,0.35,0.89,4.45,5.7,7
2/21/2019 3:00,35846.13,3.89,0.18,0,6.16,5.9,7
2/21/2019 4:00,35846.17,2.78,-0.55,0.45,3.53,6.09,7
2/21/2019 5:00,35846.21,2.78,-0.37,1.34,0.79,6.29,8
2/21/2019 6:00,35846.25,1.67,-1.11,0.89,3.75,6.49,10
2/21/2019 7:00,35846.29,3.33,0.52,0.45,4.47,6.69,70
2/21/2019 8:00,35846.34,5,1.97,0.89,4.75,6.88,145
2/21/2019 9:00,35846.38,8.33,3.92,0.45,4.63,7.08,389
2/21/2019 10:00,35846.42,6.11,2.15,0.89,4.68,7.28,112
2/21/2019 11:00,35846.46,9.44,4.19,0.89,4.42,7.48,356
2/21/2019 12:00,35846.5,11.67,5.69,0.45,3.61,7.67,414
2/21/2019 13:00,35846.55,12.78,5.14,0.89,4.4,1.39,609
2/21/2019 14:00,35846.59,11.67,3.6,0.89,4.73,0,558
2/21/2019 15:00,35846.63,9.44,2.68,0.45,4.4,0.24,130
2/21/2019 16:00,35846.67,7.78,-0.06,0.45,5.22,0.48,65
2/21/2019 17:00,35846.71,7.78,1.32,3.58,2.02,0.71,19
2/21/2019 18:00,35846.76,7.22,1.22,2.24,2.01,0.95,8
2/21/2019 19:00,35846.8,6.67,0.48,2.24,2.13,1.19,8
2/21/2019 20:00,35846.84,4.44,-0.81,1.79,2.69,1.43,8
2/21/2019 21:00,35846.88,3.89,-1.55,1.79,2.55,1.66,8
2/21/2019 22:00,35846.92,3.33,-1.49,1.34,4.54,1.9,8
2/21/2019 23:00,35846.97,4.44,-0.42,1.34,1.76,5.11,8
2/22/2019 0:00,35847,3.33,-0.18,3.58,1.59,2.38,8
2/22/2019 1:00,35847.04,2.78,-0.55,1.79,1.5,2.61,8
2/22/2019 2:00,35847.08,2.78,-0.72,2.24,1.57,2.85,8
2/22/2019 3:00,35847.13,3.89,0.36,4.02,1.36,3.09,8
2/22/2019 4:00,35847.17,3.33,-0.01,3.13,1.55,3.33,8
2/22/2019 5:00,35847.21,0.56,-2.54,0.45,3.79,3.56,8
2/22/2019 6:00,35847.25,3.33,0.17,3.58,1.31,3.8,11
2/22/2019 7:00,35847.29,3.89,0.36,4.02,2.09,4.04,119
2/22/2019 8:00,35847.34,5.56,1.61,2.68,1.41,4.28,297
2/22/2019 9:00,35847.38,11.11,4.72,1.79,3.61,4.52,463
2/22/2019 10:00,35847.42,11.67,4.56,1.79,4.31,4.75,589
2/22/2019 11:00,35847.46,13.89,5.18,0.89,3.21,4.99,706
2/22/2019 12:00,35847.5,13.89,4.66,1.34,4.54,5.23,555
2/22/2019 13:00,35847.55,13.89,3.56,0.45,2.72,0,679
2/22/2019 14:00,35847.59,13.89,4.12,1.79,0.09,0,520
2/22/2019 15:00,35847.63,13.89,3.56,0.45,4.31,0.1,389
2/22/2019 16:00,35847.67,12.78,2.24,0.45,5.11,0.2,208
2/22/2019 17:00,35847.71,8.89,-0.53,0.45,4.97,0.31,45
2/22/2019 18:00,35847.76,8.33,0.47,1.34,1.54,0.41,8
2/22/2019 19:00,35847.8,7.78,1.1,1.79,1.9,0.51,8
2/22/2019 20:00,35847.84,6.67,0.91,2.24,1.71,0.61,8
2/22/2019 21:00,35847.88,6.11,0.58,3.13,1.62,0.71,8
2/22/2019 22:00,35847.92,5.56,0.25,3.13,1.54,0.81,8
2/22/2019 23:00,35847.97,3.89,-0.19,1.34,1.64,2.14,8
2/23/2019 0:00,35848,5,0.12,2.68,2.06,1.02,8
2/23/2019 1:00,35848.04,5,0.7,1.79,1.71,1.12,8
2/23/2019 2:00,35848.08,6.11,1.19,2.24,1.34,1.22,8
2/23/2019 3:00,35848.13,5,0.12,4.02,1.29,1.32,8
2/23/2019 4:00,35848.17,5.56,0.25,2.24,1.15,1.42,8
2/23/2019 5:00,35848.21,5.56,-0.37,3.58,1.54,1.53,8
2/23/2019 6:00,35848.25,4.44,-1.64,2.68,1.52,1.63,13
2/23/2019 7:00,35848.29,6.67,0.48,1.79,2.3,1.73,113
2/23/2019 8:00,35848.34,7.78,-0.06,2.68,1.05,1.83,287
2/23/2019 9:00,35848.38,10.56,1.81,1.34,0.8,1.93,429
2/23/2019 10:00,35848.42,11.67,3.1,1.79,3.86,2.04,400
2/23/2019 11:00,35848.46,13.33,3.6,0.89,4.99,2.14,522
2/23/2019 12:00,35848.5,15.56,5.1,1.34,4.15,2.24,657
2/23/2019 13:00,35848.55,16.11,5.02,0.45,4.5,3.44,577
2/23/2019 14:00,35848.59,15,4.58,0.89,5.74,5.77,407
2/23/2019 15:00,35848.63,14.44,3.78,0,3.39,5.63,258
2/23/2019 16:00,35848.67,12.78,2.24,0.45,4.49,5.5,146
2/23/2019 17:00,35848.71,8.89,-0.01,0.89,6.23,5.36,32
2/23/2019 18:00,35848.76,9.44,2.45,2.24,1.13,5.22,9
2/23/2019 19:00,35848.8,7.78,1.54,2.24,1.68,5.08,8
2/23/2019 20:00,35848.84,8.33,2.29,3.13,1.55,4.94,8
2/23/2019 21:00,35848.88,7.78,2.18,3.13,1.78,4.8,8
2/23/2019 22:00,35848.92,6.67,1.52,3.13,1.62,4.66,8
2/23/2019 23:00,35848.97,6.11,1.19,4.02,1.66,0.92,8
2/24/2019 0:00,35849,7.22,2.26,3.13,1.97,4.38,8
2/24/2019 1:00,35849.04,6.67,1.72,2.68,1.62,4.24,8
2/24/2019 2:00,35849.08,7.22,2.45,2.24,1.71,4.1,8
2/24/2019 3:00,35849.13,6.11,1.38,3.13,1.36,3.96,8
2/24/2019 4:00,35849.17,6.11,1.58,4.47,1.61,3.82,8
2/24/2019 5:00,35849.21,6.67,2.11,3.13,1.8,3.68,8
2/24/2019 6:00,35849.25,6.11,2.15,2.68,1.61,3.54,11
2/24/2019 7:00,35849.29,7.22,2.84,2.24,1.94,3.4,81
2/24/2019 8:00,35849.34,9.44,3.77,2.24,1.45,3.26,233
2/24/2019 9:00,35849.38,12.78,5.61,1.34,6.11,3.12,448
2/24/2019 10:00,35849.42,15,5.96,1.34,3.33,2.98,582
2/24/2019 11:00,35849.46,16.11,6.46,0.89,5.22,2.84,654
2/24/2019 12:00,35849.5,18.89,7.88,0.89,0.54,2.7,651
2/24/2019 13:00,35849.55,18.33,7.67,1.34,1.38,1.73,617
2/24/2019 14:00,35849.59,16.67,6.13,1.34,0.84,3.66,478
2/24/2019 15:00,35849.63,16.67,6.41,0.89,4.66,3.58,321
2/24/2019 16:00,35849.67,13.89,4.39,0.89,3.42,3.49,93
2/24/2019 17:00,35849.71,12.22,3.62,0.45,1.06,3.41,43
2/24/2019 18:00,35849.76,10.56,3.96,1.34,1.48,3.33,9
2/24/2019 19:00,35849.8,10.56,3.74,2.24,1.61,3.24,9
2/24/2019 20:00,35849.84,10,3.88,1.34,1.66,3.16,9
2/24/2019 21:00,35849.88,10.56,4.84,2.68,1.61,3.07,9
2/24/2019 22:00,35849.92,10.56,5.26,2.24,1.66,2.99,9
2/24/2019 23:00,35849.97,6.67,1.72,4.02,1.62,4.52,8
2/25/2019 0:00,35850,10,4.93,2.68,1.85,2.82,9
2/25/2019 1:00,35850.04,10,4.93,3.58,1.47,2.74,9
2/25/2019 2:00,35850.08,10.56,4.84,2.68,1.75,2.65,8
2/25/2019 3:00,35850.13,10.56,4.84,2.68,1.54,2.57,8
2/25/2019 4:00,35850.17,10.56,4.62,2.68,1.48,2.48,9
2/25/2019 5:00,35850.21,9.44,3.56,1.79,1.69,2.4,9
2/25/2019 6:00,35850.25,10,4.52,2.68,1.78,2.31,11
2/25/2019 7:00,35850.29,10,3.66,4.02,1.71,2.23,73
2/25/2019 8:00,35850.34,13.89,5.94,2.24,1.45,2.14,289
2/25/2019 9:00,35850.38,18.89,7.88,1.79,2.69,2.06,464
2/25/2019 10:00,35850.42,20.56,8.8,3.13,2.39,1.98,594
2/25/2019 11:00,35850.46,19.44,6.14,2.24,2.55,1.89,667
2/25/2019 12:00,35850.5,20,5.19,1.79,4.26,1.81,673
2/25/2019 13:00,35850.55,20.56,4.91,1.79,3.49,7.2,420
2/25/2019 14:00,35850.59,18.89,3.02,0.89,3.32,9.25,234
2/25/2019 15:00,35850.63,17.22,1.94,1.34,2.37,9.28,141
2/25/2019 16:00,35850.67,17.22,2.32,0.45,2.98,9.31,57
2/25/2019 17:00,35850.71,16.67,1.05,2.24,2.43,9.33,19
2/25/2019 18:00,35850.76,16.11,0.95,3.13,2.18,9.36,10
2/25/2019 19:00,35850.8,16.11,0.95,2.68,2.5,9.39,9
2/25/2019 20:00,35850.84,15.56,1.2,0.45,3.05,9.41,9
2/25/2019 21:00,35850.88,15,1.42,0.45,2.84,9.44,9
2/25/2019 22:00,35850.92,15,1.42,0.89,2.69,9.47,9
2/25/2019 23:00,35850.97,8.89,3.24,2.24,1.82,2.9,9
2/26/2019 0:00,35851,14.44,0.92,1.79,2.76,9.52,9
2/26/2019 1:00,35851.04,13.33,-0.09,1.79,2.65,9.55,9
2/26/2019 2:00,35851.08,13.33,-0.44,1.34,2.51,9.58,9
2/26/2019 3:00,35851.13,13.89,0.06,2.24,2.34,9.6,9
2/26/2019 4:00,35851.17,13.89,-0.66,2.24,1.62,9.63,9
2/26/2019 5:00,35851.21,12.78,1.66,3.13,1.82,9.66,9
2/26/2019 6:00,35851.25,12.22,1.14,0.45,4.07,9.68,14
2/26/2019 7:00,35851.29,12.22,2.57,1.34,3.7,9.71,67
2/26/2019 8:00,35851.34,16.11,5.02,0.45,1.43,9.74,305
2/26/2019 9:00,35851.38,16.11,5.61,0.89,4,9.76,272
2/26/2019 10:00,35851.42,16.67,6.13,0.89,0.26,9.79,387
2/26/2019 11:00,35851.46,18.33,5.8,0.45,3.68,9.82,477
2/26/2019 12:00,35851.5,17.22,5.74,1.79,2.48,9.84,256
2/26/2019 13:00,35851.55,17.22,5.74,1.79,2.37,10,205
2/26/2019 14:00,35851.59,16.67,4.6,4.02,2.34,10,135
2/26/2019 15:00,35851.63,16.11,4.72,2.24,2.29,9.55,80
2/26/2019 16:00,35851.67,16.11,5.32,0.89,1.45,9.09,44
2/26/2019 17:00,35851.71,15.56,4.81,0.89,0.87,8.64,18
2/26/2019 18:00,35851.76,14.44,3.49,1.34,1.64,8.18,8
2/26/2019 19:00,35851.8,13.89,2.97,1.79,1.9,7.73,8
2/26/2019 20:00,35851.84,13.33,3.32,0.89,3.47,7.27,8
2/26/2019 21:00,35851.88,13.89,3.56,2.68,2.15,6.82,8
2/26/2019 22:00,35851.92,13.89,2.97,1.79,2.55,6.36,8
2/26/2019 23:00,35851.97,13.33,-0.09,0.89,2.57,9.5,9
2/27/2019 0:00,35852,12.78,3.62,4.02,2.16,5.45,8
2/27/2019 1:00,35852.04,12.78,3.89,0.89,2.97,5,8
2/27/2019 2:00,35852.08,12.78,4.4,0.89,0.28,4.55,8
2/27/2019 3:00,35852.13,11.67,4.09,2.68,1.97,4.09,7
2/27/2019 4:00,35852.17,12.22,3.88,8.49,2.11,3.64,6
2/27/2019 5:00,35852.21,11.67,4.33,2.24,3.8,3.18,6
2/27/2019 6:00,35852.25,11.67,3.85,4.92,1.92,2.73,10
2/27/2019 7:00,35852.29,12.78,4.4,3.58,1.95,2.27,84
2/27/2019 8:00,35852.34,15,5.96,2.68,2.2,1.82,136
2/27/2019 9:00,35852.38,17.78,6.86,0.45,3.63,1.36,279
2/27/2019 10:00,35852.42,19.44,6.81,2.68,3.89,0.91,559
2/27/2019 11:00,35852.46,20,6.98,1.34,2.71,0.45,665
2/27/2019 12:00,35852.5,20.56,7.14,0.45,3.6,0,698
2/27/2019 13:00,35852.55,20,7.32,1.79,3.18,5.81,501
2/27/2019 14:00,35852.59,20.56,8.48,1.34,4.45,6.78,376
2/27/2019 15:00,35852.63,18.33,7.67,0.89,3.23,6.69,194
2/27/2019 16:00,35852.67,16.67,6.98,2.24,3.96,6.6,101
2/27/2019 17:00,35852.71,16.67,8.56,2.24,4.01,6.52,30
2/27/2019 18:00,35852.76,16.11,8.77,0.45,4.15,6.43,8
2/27/2019 19:00,35852.8,15.56,9.18,1.34,2.44,6.34,8
2/27/2019 20:00,35852.84,13.89,8.03,2.68,2.37,6.26,8
2/27/2019 21:00,35852.88,14.44,8.78,0.89,3.4,6.17,8
2/27/2019 22:00,35852.92,14.44,8.56,0.89,3.39,6.09,8
2/27/2019 23:00,35852.97,13.89,3.27,4.47,2.32,5.91,8
2/28/2019 0:00,35853,13.33,9.15,2.24,2.34,5.91,8
2/28/2019 1:00,35853.04,12.22,8.84,3.13,2.43,5.83,8
2/28/2019 2:00,35853.08,12.78,9.75,3.58,2.2,5.74,8
2/28/2019 3:00,35853.13,12.22,9.02,0.89,2.62,5.65,8
2/28/2019 4:00,35853.17,12.22,9.21,0.45,2.98,5.57,8
2/28/2019 5:00,35853.21,12.78,9.93,0.89,2.3,5.48,8
2/28/2019 6:00,35853.25,11.67,9.03,0.45,2.71,5.4,11
2/28/2019 7:00,35853.29,12.78,10.12,1.34,3.14,5.31,57
2/28/2019 8:00,35853.34,13.89,11.2,1.34,1.38,5.22,87
2/28/2019 9:00,35853.38,12.78,10.29,0.89,2.44,5.14,99
2/28/2019 10:00,35853.42,15,11.74,1.79,3.96,5.05,324
2/28/2019 11:00,35853.46,17.22,12.51,1.79,3.82,4.96,485
2/28/2019 12:00,35853.5,18.89,13.48,1.79,4.73,4.88,592
2/28/2019 13:00,35853.55,18.33,13.38,1.34,4.76,7.85,387
2/28/2019 14:00,35853.59,18.89,13.04,0.89,4.15,4.89,456
2/28/2019 15:00,35853.63,19.44,13.12,0.45,4.5,5.05,409
2/28/2019 16:00,35853.67,15.56,10.06,0.45,0.4,5.21,143
2/28/2019 17:00,35853.71,12.78,8.22,0.45,4.22,5.36,26
2/28/2019 18:00,35853.76,12.78,8.61,0.45,3.84,5.52,8
2/28/2019 19:00,35853.8,11.67,7.92,0.45,4.57,5.68,8
2/28/2019 20:00,35853.84,12.22,8.65,0.89,1.05,5.84,8
2/28/2019 21:00,35853.88,11.11,7.76,0.89,1.73,5.99,8
2/28/2019 22:00,35853.92,11.11,7.94,0.89,0.68,6.15,8
2/28/2019 23:00,35853.97,14.44,8.99,1.79,2.53,6,8
3/1/2019 0:00,35854,10.56,7.58,0.89,3.94,6.47,8
3/1/2019 1:00,35854.04,10,7.39,0.89,1.52,6.62,8
3/1/2019 2:00,35854.08,11.11,8.66,0.89,1.47,6.78,8
3/1/2019 3:00,35854.13,8.89,6.48,0.89,4.63,6.94,8
3/1/2019 4:00,35854.17,9.44,7.36,1.79,5.85,7.09,8
3/1/2019 5:00,35854.21,8.89,6.65,0.89,2.09,7.25,8
3/1/2019 6:00,35854.25,8.89,6.65,0.45,4.28,7.41,12
3/1/2019 7:00,35854.29,11.67,9.2,2.24,1.34,7.57,92
3/1/2019 8:00,35854.34,13.33,10.11,0.89,3.67,7.72,244
3/1/2019 9:00,35854.38,16.11,12.24,0.45,4.08,7.88,437
3/1/2019 10:00,35854.42,17.78,13.26,0.45,3.89,8.04,449
3/1/2019 11:00,35854.46,17.78,12.41,0.89,2.88,8.2,346
3/1/2019 12:00,35854.5,18.89,12.59,0.45,3.28,8.35,385
3/1/2019 13:00,35854.55,16.67,10.47,0.45,3.67,9.52,267
3/1/2019 14:00,35854.59,16.67,10.69,0.45,3.67,10,163
3/1/2019 15:00,35854.63,15.56,9.84,0.45,3.18,9.92,109
3/1/2019 16:00,35854.67,14.44,8.99,0.89,2.57,9.84,105
3/1/2019 17:00,35854.71,13.33,8.75,0.45,2.78,9.77,29
3/1/2019 18:00,35854.76,12.22,8.27,1.34,2.04,9.69,8
3/1/2019 19:00,35854.8,11.11,7.57,0.89,2.48,9.61,8
3/1/2019 20:00,35854.84,11.11,7.94,1.34,1.75,9.53,8
3/1/2019 21:00,35854.88,11.11,8.12,1.34,1.95,9.45,8
3/1/2019 22:00,35854.92,11.11,8.12,1.79,2.36,9.37,8
3/1/2019 23:00,35854.97,10.56,7.58,2.24,1.8,6.31,8
3/2/2019 0:00,35855,11.11,8.3,1.34,3.68,9.22,8
3/2/2019 1:00,35855.04,10.56,8.11,3.13,2.48,9.14,7
3/2/2019 2:00,35855.08,10.56,7.94,3.13,1.82,9.06,6
3/2/2019 3:00,35855.13,11.11,8.12,4.02,2.13,8.98,6
3/2/2019 4:00,35855.17,13.33,9.73,6.26,1.85,8.9,6
3/2/2019 5:00,35855.21,12.78,9.57,5.36,1.66,8.83,6
3/2/2019 6:00,35855.25,12.22,8.46,4.47,2.3,8.75,8
3/2/2019 7:00,35855.29,13.89,10.27,2.24,2.65,8.67,52
3/2/2019 8:00,35855.34,13.89,10.46,3.58,2.3,8.59,56
3/2/2019 9:00,35855.38,16.11,12.24,3.13,2.74,8.51,168
3/2/2019 10:00,35855.42,17.78,12.84,2.24,3.7,8.44,384
3/2/2019 11:00,35855.46,18.33,13.59,2.24,2.09,8.36,356
3/2/2019 12:00,35855.5,16.11,11.64,4.47,2.46,8.28,393
3/2/2019 13:00,35855.55,14.44,11.57,1.79,4.08,10,38
3/2/2019 14:00,35855.59,16.11,12.44,1.79,1.52,8,320
3/2/2019 15:00,35855.63,15,11.55,3.13,1.08,8.06,159
3/2/2019 16:00,35855.67,15,11.16,2.24,1.68,8.11,153
3/2/2019 17:00,35855.71,15.56,11.31,3.13,2.43,8.17,27
3/2/2019 18:00,35855.76,13.89,10.27,1.34,3.63,8.23,8
3/2/2019 19:00,35855.8,12.78,9.93,0.89,1.64,8.28,8
3/2/2019 20:00,35855.84,13.33,10.48,2.68,1.75,8.34,6
3/2/2019 21:00,35855.88,12.78,9.93,4.92,2.43,8.39,6
3/2/2019 22:00,35855.92,12.22,9.39,4.47,2.11,8.45,6
3/2/2019 23:00,35855.97,11.67,8.85,3.58,1.43,9.3,8
3/3/2019 0:00,35856,13.33,10.11,1.79,2.69,8.56,7
3/3/2019 1:00,35856.04,13.33,10.3,3.13,2.18,8.62,7
3/3/2019 2:00,35856.08,13.33,10.11,3.58,2.18,8.67,8
3/3/2019 3:00,35856.13,12.22,9.02,3.58,2.22,8.73,8
3/3/2019 4:00,35856.17,12.78,9.75,1.79,2.18,8.79,8
3/3/2019 5:00,35856.21,12.78,9.75,2.24,2.48,8.84,8
3/3/2019 6:00,35856.25,12.78,9.38,0.89,2.55,8.9,16
3/3/2019 7:00,35856.29,12.78,9.19,1.34,3.28,8.95,50
3/3/2019 8:00,35856.34,13.89,10.08,2.24,2.46,9.01,107
3/3/2019 9:00,35856.38,16.11,11.64,3.58,2.34,9.06,287
3/3/2019 10:00,35856.42,17.22,11.66,1.34,2.55,9.12,468
3/3/2019 11:00,35856.46,16.67,10.69,0.89,3.11,9.18,332
3/3/2019 12:00,35856.5,16.11,9.93,0.89,2.95,9.23,318
3/3/2019 13:00,35856.55,16.67,10.69,1.34,2.57,9.89,240
3/3/2019 14:00,35856.59,17.78,11.53,1.34,2.55,9.22,247
3/3/2019 15:00,35856.63,17.78,11.07,3.58,1.83,8.94,274
3/3/2019 16:00,35856.67,17.22,10.54,2.24,2.39,8.66,225
3/3/2019 17:00,35856.71,13.89,7.81,2.68,2.16,8.38,23
3/3/2019 18:00,35856.76,13.89,8.46,2.68,1.59,8.09,8
3/3/2019 19:00,35856.8,13.33,8.34,1.79,1.38,7.81,8
3/3/2019 20:00,35856.84,12.78,8.22,0.89,4.75,7.53,8
3/3/2019 21:00,35856.88,11.67,7.73,0.45,6.23,7.25,8
3/3/2019 22:00,35856.92,11.11,7.76,0.45,4.12,6.96,8
3/3/2019 23:00,35856.97,12.78,9.93,3.58,2.34,8.51,7
3/4/2019 0:00,35857,11.11,8.48,0.89,3.6,6.4,8
3/4/2019 1:00,35857.04,11.11,8.66,0.45,5.6,6.12,8
3/4/2019 2:00,35857.08,11.11,8.66,2.24,5.88,5.83,8
3/4/2019 3:00,35857.13,11.11,8.48,0.45,0.09,5.55,8
3/4/2019 4:00,35857.17,10.56,8.11,0.89,4.45,5.27,8
3/4/2019 5:00,35857.21,9.44,7.02,0.45,4.14,4.99,7
3/4/2019 6:00,35857.25,9.44,7.19,0.89,4.75,4.7,11
3/4/2019 7:00,35857.29,11.11,8.66,0.45,3.65,4.42,52
3/4/2019 8:00,35857.34,11.67,7.92,2.24,0.77,4.14,140
3/4/2019 9:00,35857.38,15,9.74,1.34,5.67,3.86,359
3/4/2019 10:00,35857.42,16.11,9.25,0.89,2.01,3.57,612
3/4/2019 11:00,35857.46,17.22,9.58,2.24,5.01,3.29,644
3/4/2019 12:00,35857.5,18.33,9.87,1.34,4.33,3.01,675
3/4/2019 13:00,35857.55,20,11.44,0.45,5.22,2.4,638
3/4/2019 14:00,35857.59,17.78,9.35,0.45,4.63,6.41,408
3/4/2019 15:00,35857.63,15.56,7.51,0.45,4.99,6.57,268
3/4/2019 16:00,35857.67,15,7.96,0.45,5.08,6.73,125
3/4/2019 17:00,35857.71,11.67,5.69,0,5.88,6.9,42
3/4/2019 18:00,35857.76,11.67,5.9,1.79,5.92,7.06,8
3/4/2019 19:00,35857.8,11.11,6,1.34,0.87,7.22,8
3/4/2019 20:00,35857.84,12.78,7.18,3.58,1.19,7.39,8
3/4/2019 21:00,35857.88,12.78,7.39,2.24,1.34,7.55,8
3/4/2019 22:00,35857.92,12.22,6.43,2.24,2.23,7.71,8
3/4/2019 23:00,35857.97,11.67,8.85,3.58,5.92,6.68,8
3/5/2019 0:00,35858,11.11,6.4,3.13,1.26,8.04,8
3/5/2019 1:00,35858.04,11.11,6.8,1.79,1.99,8.2,8
3/5/2019 2:00,35858.08,11.67,7.73,2.24,2.11,8.37,8
3/5/2019 3:00,35858.13,11.11,7.19,1.79,2.27,8.53,8
3/5/2019 4:00,35858.17,10.56,6.65,0.89,4.05,8.69,8
3/5/2019 5:00,35858.21,10,6.3,0.45,0.12,8.86,8
3/5/2019 6:00,35858.25,11.67,7.92,2.24,1.48,9.02,11
3/5/2019 7:00,35858.29,11.67,7.92,0.45,3.14,9.18,31
3/5/2019 8:00,35858.34,10.56,7.58,1.79,0.24,9.35,53
3/5/2019 9:00,35858.38,12.22,9.21,0.45,2.27,9.51,175
3/5/2019 10:00,35858.42,12.78,9.57,1.79,1.26,9.67,133
3/5/2019 11:00,35858.46,11.67,8.85,1.34,4.22,9.84,74
3/5/2019 12:00,35858.5,11.11,8.48,1.34,1.71,10,51
3/5/2019 13:00,35858.55,10.56,7.03,7.6,2.02,10,44
3/5/2019 14:00,35858.59,12.78,7.81,8.05,2.04,10,72
3/5/2019 15:00,35858.63,12.22,6.65,5.36,2.23,9.9,45
3/5/2019 16:00,35858.67,13.33,7.06,2.68,2.51,9.79,36
3/5/2019 17:00,35858.71,13.89,7.36,1.34,3.04,9.69,14
3/5/2019 18:00,35858.76,13.89,6.9,0.89,2.67,9.59,8
3/5/2019 19:00,35858.8,15.56,8.01,2.68,1.94,9.48,8
3/5/2019 20:00,35858.84,15,6.74,0.89,2.57,9.38,8
3/5/2019 21:00,35858.88,12.78,7.18,2.68,2.25,9.28,8
3/5/2019 22:00,35858.92,12.22,8.65,3.13,2.57,9.17,7
3/5/2019 23:00,35858.97,12.22,7.07,0.89,1.05,7.88,8
3/6/2019 0:00,35859,12.78,9.93,1.34,3.67,8.97,6
3/6/2019 1:00,35859.04,12.78,10.29,1.79,2.78,8.86,6
3/6/2019 2:00,35859.08,12.78,9.57,4.47,2.39,8.76,7
3/6/2019 3:00,35859.13,13.33,9.73,3.58,2.57,8.66,7
3/6/2019 4:00,35859.17,13.33,10.11,3.13,2.9,8.55,7
3/6/2019 5:00,35859.21,12.78,9.93,1.34,4.71,8.45,7
3/6/2019 6:00,35859.25,12.78,9.93,1.79,1.71,8.35,15
3/6/2019 7:00,35859.29,13.33,9.92,3.13,2.41,8.24,64
3/6/2019 8:00,35859.34,15.56,10.9,2.68,2.71,8.14,114
3/6/2019 9:00,35859.38,16.11,10.81,0.89,2.51,8.04,152
3/6/2019 10:00,35859.42,18.89,12.36,1.34,3.87,7.93,330
3/6/2019 11:00,35859.46,18.33,11.36,3.13,3.18,7.83,267
3/6/2019 12:00,35859.5,18.33,11.36,2.68,3.44,7.73,444
3/6/2019 13:00,35859.55,17.78,10.59,2.68,4.85,5.81,524
3/6/2019 14:00,35859.59,15,10.57,1.79,2.37,5.47,455
3/6/2019 15:00,35859.63,18.33,11.83,3.13,3.84,5.65,370
3/6/2019 16:00,35859.67,16.67,10.01,1.34,1.95,5.84,142
3/6/2019 17:00,35859.71,15.56,9.4,1.34,3.74,6.02,32
3/6/2019 18:00,35859.76,13.33,6.83,0.89,4.71,6.21,9
3/6/2019 19:00,35859.8,13.89,6.9,0.89,1.8,6.4,8
3/6/2019 20:00,35859.84,11.67,5.02,0.45,2.34,6.58,8
3/6/2019 21:00,35859.88,11.11,5.15,2.68,2.43,6.77,8
3/6/2019 22:00,35859.92,10.56,5.05,2.24,2.37,6.96,8
3/6/2019 23:00,35859.97,12.22,8.84,4.47,2.27,9.07,6
3/7/2019 0:00,35860,10.56,5.26,3.13,2.39,7.33,8
3/7/2019 1:00,35860.04,9.44,3.98,1.79,2.5,7.51,8
3/7/2019 2:00,35860.08,9.44,4.6,3.13,2.39,7.7,8
3/7/2019 3:00,35860.13,8.89,4.65,2.24,1.71,7.89,8
3/7/2019 4:00,35860.17,9.44,5.57,3.13,1.57,8.07,8
3/7/2019 5:00,35860.21,8.89,5.22,3.13,1.59,8.26,8
3/7/2019 6:00,35860.25,8.33,5.05,2.68,1.34,8.45,19
3/7/2019 7:00,35860.29,10.56,7.03,1.79,1.55,8.63,128
3/7/2019 8:00,35860.34,15,9.31,1.79,2.67,8.82,458
3/7/2019 9:00,35860.38,16.11,9.48,2.68,2.5,9,525
3/7/2019 10:00,35860.42,17.22,10.07,1.79,2.93,9.19,669
3/7/2019 11:00,35860.46,16.11,8.53,1.34,3.49,9.38,518
3/7/2019 12:00,35860.5,16.11,8.53,0.45,5.65,9.56,296
3/7/2019 13:00,35860.55,15,6.99,1.34,3.74,9.21,303
3/7/2019 14:00,35860.59,15,7.48,0.89,2.55,10,198
3/7/2019 15:00,35860.63,14.44,6.95,1.34,2.6,9.81,191
3/7/2019 16:00,35860.67,11.11,5.37,2.24,4.52,9.62,87
3/7/2019 17:00,35860.71,9.44,5.76,6.26,5.95,9.43,17
3/7/2019 18:00,35860.76,9.44,5.57,2.24,0.19,9.24,6
3/7/2019 19:00,35860.8,9.44,5.76,0.89,1.19,9.06,6
3/7/2019 20:00,35860.84,9.44,6.13,0.45,4.29,8.87,6
3/7/2019 21:00,35860.88,9.44,6.31,2.68,0.05,8.68,6
3/7/2019 22:00,35860.92,7.78,4.68,0.45,4.56,8.49,6
3/7/2019 23:00,35860.97,10.56,5.46,2.68,2.09,7.14,8
3/8/2019 0:00,35861,7.78,5.21,1.34,4.89,8.11,7
3/8/2019 1:00,35861.04,7.78,5.38,1.79,4.76,7.92,7
3/8/2019 2:00,35861.08,7.22,4.32,4.92,5.79,7.73,7
3/8/2019 3:00,35861.13,7.78,4.14,2.24,0.1,7.54,7
3/8/2019 4:00,35861.17,5.56,2.51,0.89,4.64,7.36,7
3/8/2019 5:00,35861.21,5.56,2.86,0.89,4.31,7.17,8
3/8/2019 6:00,35861.25,5,2.49,0.89,4.01,6.98,15
3/8/2019 7:00,35861.29,9.44,6.13,1.34,6.25,6.79,167
3/8/2019 8:00,35861.34,10.56,6.65,0.45,3.47,6.6,297
3/8/2019 9:00,35861.38,10,5.13,0.89,4.68,6.41,407
3/8/2019 10:00,35861.42,13.33,7.5,1.34,0.21,6.22,504
3/8/2019 11:00,35861.46,13.89,6.67,1.34,5.08,6.03,568
3/8/2019 12:00,35861.5,16.11,7.78,1.79,0.31,5.85,571
3/8/2019 13:00,35861.55,13.33,4.66,1.34,6.04,6.79,476
3/8/2019 14:00,35861.59,15,6.23,1.34,5.31,2.13,556
3/8/2019 15:00,35861.63,15.56,5.38,0.89,4.64,2.39,441
3/8/2019 16:00,35861.67,14.44,3.49,1.34,5.64,2.65,260
3/8/2019 17:00,35861.71,10,-0.04,0.89,5.81,2.92,73
3/8/2019 18:00,35861.76,7.78,-1.3,0.45,2.86,3.18,13
3/8/2019 19:00,35861.8,7.78,-0.54,1.34,6.07,3.44,12
3/8/2019 20:00,35861.84,8.33,0.47,1.79,5.57,3.71,11
3/8/2019 21:00,35861.88,7.22,0.12,1.34,5.67,3.97,10
3/8/2019 22:00,35861.92,6.67,0.26,1.34,5.85,4.23,9
3/8/2019 23:00,35861.97,8.33,5.41,0.45,3.37,8.3,6
3/9/2019 0:00,35862,5.56,0.85,2.68,1.88,4.76,9
3/9/2019 1:00,35862.04,5.56,0.85,0.45,2.97,5.02,9
3/9/2019 2:00,35862.08,6.11,1.77,2.68,1.57,5.29,9
3/9/2019 3:00,35862.13,5.56,1.42,2.24,1.8,5.55,8
3/9/2019 4:00,35862.17,5,0.7,1.79,1.88,5.82,8
3/9/2019 5:00,35862.21,6.11,1.58,0.89,4.54,6.08,8
3/9/2019 6:00,35862.25,5,0.7,1.34,2.09,6.34,24
3/9/2019 7:00,35862.29,9.44,3.98,2.24,2.01,6.61,216
3/9/2019 8:00,35862.34,11.67,4.56,2.24,2.53,6.87,393
3/9/2019 9:00,35862.38,12.78,4.65,1.34,4.17,7.13,544
3/9/2019 10:00,35862.42,12.78,3.89,0.45,3.3,7.4,645
3/9/2019 11:00,35862.46,13.89,4.12,0.89,3.09,7.66,575
3/9/2019 12:00,35862.5,13.33,3.6,2.24,2.41,7.92,437
3/9/2019 13:00,35862.55,13.33,3.87,2.24,3.26,9.02,322
3/9/2019 14:00,35862.59,12.78,3.08,1.79,3.74,9.96,205
3/9/2019 15:00,35862.63,11.67,2.32,0.89,3.42,9.63,168
3/9/2019 16:00,35862.67,11.67,2.32,0.89,3.94,9.29,77
3/9/2019 17:00,35862.71,11.11,2.33,3.13,2.11,8.96,27
3/9/2019 18:00,35862.76,10.56,2.31,1.34,3.72,8.63,8
3/9/2019 19:00,35862.8,7.22,1.22,1.79,2.98,8.29,8
3/9/2019 20:00,35862.84,6.67,2.11,4.92,2.01,7.96,7
3/9/2019 21:00,35862.88,7.22,2.84,5.81,2.04,7.63,6
3/9/2019 22:00,35862.92,6.67,2.31,3.58,2.34,7.29,6
3/9/2019 23:00,35862.97,6.11,0.79,2.24,1.73,4.5,9
3/10/2019 0:00,35863,6.67,1.72,3.13,2.23,6.63,7
3/10/2019 1:00,35863.04,5.6,4.4,1.2,1.76,6.29,0
3/10/2019 2:00,35863.08,6.67,1.72,3.58,2.34,5.96,7
3/10/2019 3:00,35863.13,6.67,1.32,2.24,2.15,5.63,7
3/10/2019 4:00,35863.17,6.11,1.38,3.13,1.97,5.29,7
3/10/2019 5:00,35863.21,6.11,1.96,2.68,1.54,4.96,7
3/10/2019 6:00,35863.25,6.11,2.33,2.68,1.78,4.63,7
3/10/2019 7:00,35863.29,7.22,3.23,2.68,1.59,4.29,24
3/10/2019 8:00,35863.34,7.78,3.57,2.24,1.69,3.96,166
3/10/2019 9:00,35863.38,10,5.13,1.79,1.57,3.63,332
3/10/2019 10:00,35863.42,15,8.19,0.45,3.44,3.29,516
3/10/2019 11:00,35863.46,15,7.24,0.45,3.47,2.96,635
3/10/2019 12:00,35863.5,16.11,7,0.89,4.42,2.63,709
3/10/2019 13:00,35863.55,17.22,7.49,0.89,1.75,0,693
3/10/2019 14:00,35863.59,17.78,6.86,0.45,3.58,0,696
3/10/2019 15:00,35863.63,19.44,7.78,0.45,4.73,0.08,596
3/10/2019 16:00,35863.67,16.67,5.23,1.34,1.27,0.16,449
3/10/2019 17:00,35863.71,16.67,5.23,0.89,5.39,0.24,252
3/10/2019 18:00,35863.76,11.67,1.78,0.45,0.38,0.32,66
3/10/2019 19:00,35863.8,10,1.29,1.34,5.65,0.41,7
3/10/2019 20:00,35863.84,11.67,3.6,1.34,0.44,0.49,6
3/10/2019 21:00,35863.88,10,2.52,0.45,1.06,0.57,6
3/10/2019 22:00,35863.92,9.44,3.13,2.24,1.2,0.65,7
3/10/2019 23:00,35863.97,6.67,1.72,3.13,2.23,6.96,7
3/11/2019 0:00,35864,8.33,2.92,1.34,1.82,0.81,7
3/11/2019 1:00,35864.04,7.78,2.38,1.79,2.51,0.89,7
3/11/2019 2:00,35864.08,8.33,2.71,0.45,2.22,0.97,7
3/11/2019 3:00,35864.13,6.67,1.72,0.89,2.44,1.05,7
3/11/2019 4:00,35864.17,6.11,1.77,1.34,0.1,1.13,7
3/11/2019 5:00,35864.21,6.67,2.31,2.24,1.36,1.22,7
3/11/2019 6:00,35864.25,7.22,2.26,1.79,1.69,1.3,7
3/11/2019 7:00,35864.29,7.22,1.85,1.79,1.62,1.38,27
3/11/2019 8:00,35864.34,10.56,4.62,0.45,3.25,1.46,190
3/11/2019 9:00,35864.38,10.56,4.41,0.89,3.68,1.54,374
3/11/2019 10:00,35864.42,13.89,6.43,0.89,4.03,1.62,541
3/11/2019 11:00,35864.46,15.56,6.21,1.34,4.14,1.7,663
3/11/2019 12:00,35864.5,17.78,9.35,0.45,3.91,1.78,731
3/11/2019 13:00,35864.55,17.78,9.35,0.89,5.71,0,745
3/11/2019 14:00,35864.59,18.89,9.33,0.89,3.89,0,700
3/11/2019 15:00,35864.63,18.89,7.58,1.34,4.66,0.09,597
3/11/2019 16:00,35864.67,17.22,6.05,1.79,4.9,0.17,447
3/11/2019 17:00,35864.71,16.67,6.7,0.89,4.83,0.26,260
3/11/2019 18:00,35864.76,14.44,5.44,0.45,4.56,0.34,75
3/11/2019 19:00,35864.8,12.78,4.4,0.45,5.08,0.43,7
3/11/2019 20:00,35864.84,10.56,3.96,0.89,0.44,0.52,6
3/11/2019 21:00,35864.88,10,3.43,0.89,2.36,0.6,7
3/11/2019 22:00,35864.92,9.44,3.98,1.79,1.85,0.69,7
3/11/2019 23:00,35864.97,8.89,2.82,3.13,1.4,0.73,7
3/12/2019 0:00,35865,8.33,3.53,0.89,2.44,0.86,7
3/12/2019 1:00,35865.04,8.89,4.65,2.24,1.8,0.95,7
3/12/2019 2:00,35865.08,8.89,5.03,2.68,1.85,1.03,7
3/12/2019 3:00,35865.13,7.78,4.14,3.13,1.64,1.12,7
3/12/2019 4:00,35865.17,7.78,3.95,3.58,1.85,1.21,7
3/12/2019 5:00,35865.21,7.78,3.76,3.13,1.5,1.29,7
3/12/2019 6:00,35865.25,8.33,4.11,4.02,1.34,1.38,7
3/12/2019 7:00,35865.29,8.33,4.11,1.79,1.85,1.46,30
3/12/2019 8:00,35865.34,10,4.72,3.13,1.4,1.55,191
3/12/2019 9:00,35865.38,13.33,7.28,1.34,1.83,1.64,375
3/12/2019 10:00,35865.42,15.56,8.72,1.79,3.6,1.72,542
3/12/2019 11:00,35865.46,16.67,8.56,0.89,4.63,1.81,663
3/12/2019 12:00,35865.5,18.33,9.08,0.89,3.8,1.9,733
3/12/2019 13:00,35865.55,19.44,8.99,0.45,3.74,0,750
3/12/2019 14:00,35865.59,20,8.6,0.89,4.94,0,683
3/12/2019 15:00,35865.63,20.56,9.12,1.79,4.26,0.03,498
3/12/2019 16:00,35865.67,16.11,5.32,1.34,5.45,0.07,229
3/12/2019 17:00,35865.71,13.89,4.92,0.89,5.52,0.1,91
3/12/2019 18:00,35865.76,12.22,4.37,5.81,0.09,0.13,17
3/12/2019 19:00,35865.8,11.67,5.47,3.13,0.14,0.17,8
3/12/2019 20:00,35865.84,9.44,3.56,1.79,5.32,0.2,7
3/12/2019 21:00,35865.88,8.33,3.53,1.34,4.85,0.23,7
3/12/2019 22:00,35865.92,8.89,4.26,1.79,5.32,0.27,7
3/12/2019 23:00,35865.97,7.78,2.79,1.34,3.51,0.78,7
3/13/2019 0:00,35866,7.22,1.85,1.34,5.31,0.33,7
3/13/2019 1:00,35866.04,7.22,1.65,0.89,4.76,0.36,7
3/13/2019 2:00,35866.08,5.56,0.25,0.45,5.29,0.4,7
3/13/2019 3:00,35866.13,5,0.31,1.34,5.38,0.43,7
3/13/2019 4:00,35866.17,5,0.31,0.45,4.12,0.46,7
3/13/2019 5:00,35866.21,2.78,-1.27,0.89,3.79,0.5,7
3/13/2019 6:00,35866.25,3.89,0.18,0.89,3.61,0.53,8
3/13/2019 7:00,35866.29,5,1.07,0.45,4.19,0.56,32
3/13/2019 8:00,35866.34,8.89,3.86,0.89,2.86,0.6,202
3/13/2019 9:00,35866.38,9.44,3.77,0.89,4.63,0.63,389
3/13/2019 10:00,35866.42,12.78,5.85,0.89,3.47,0.66,553
3/13/2019 11:00,35866.46,14.44,7.19,0.89,1.45,0.7,678
3/13/2019 12:00,35866.5,15.56,6.48,2.24,3.82,0.73,752
3/13/2019 13:00,35866.55,15.56,6.21,0.45,3.82,1.25,693
3/13/2019 14:00,35866.59,17.22,7.49,0.89,0.94,0,692
3/13/2019 15:00,35866.63,18.89,8.18,0.45,2.18,0.09,611
3/13/2019 16:00,35866.67,17.22,5.43,1.34,5.29,0.17,481
3/13/2019 17:00,35866.71,16.67,2.92,0.89,4.21,0.26,301
3/13/2019 18:00,35866.76,13.33,0.92,0.45,5.15,0.34,84
3/13/2019 19:00,35866.8,10.56,0.19,0.45,4.03,0.43,8
3/13/2019 20:00,35866.84,9.44,-0.28,0.89,4.47,0.52,7
3/13/2019 21:00,35866.88,8.33,-0.53,0.89,2.55,0.6,8
3/13/2019 22:00,35866.92,6.67,-1.1,0.89,3.63,0.69,7
3/13/2019 23:00,35866.97,8.89,3.86,5.36,5.85,0.3,7
3/14/2019 0:00,35867,6.11,-1.62,1.79,2.18,0.86,7
3/14/2019 1:00,35867.04,7.78,1.54,1.79,1.95,0.95,7
3/14/2019 2:00,35867.08,6.67,1.32,1.79,1.85,1.03,8
3/14/2019 3:00,35867.13,6.67,2.11,2.68,1.9,1.12,7
3/14/2019 4:00,35867.17,6.67,2.11,3.13,1.54,1.2,7
3/14/2019 5:00,35867.21,6.67,2.11,1.79,1.71,1.29,8
3/14/2019 6:00,35867.25,7.78,2.79,3.58,1.59,1.38,8
3/14/2019 7:00,35867.29,7.78,1.97,0.89,0.91,1.46,34
3/14/2019 8:00,35867.34,8.89,2.82,0.45,1.62,1.55,203
3/14/2019 9:00,35867.38,13.33,5.9,0.45,5.41,1.63,391
3/14/2019 10:00,35867.42,15.56,7.26,1.79,3.98,1.72,556
3/14/2019 11:00,35867.46,15.56,6.21,0.89,5.71,1.81,675
3/14/2019 12:00,35867.5,17.22,6.05,1.34,3.6,1.89,741
3/14/2019 13:00,35867.55,18.89,6.63,1.34,3.94,0,753
3/14/2019 14:00,35867.59,18.89,4.56,0.89,3.93,0,713
3/14/2019 15:00,35867.63,20.56,4.91,0.45,3.65,0.06,611
3/14/2019 16:00,35867.67,20,3.6,0.45,4.54,0.12,458
3/14/2019 17:00,35867.71,19.44,2.69,0.45,4.96,0.18,274
3/14/2019 18:00,35867.76,15.56,-0.34,0.45,0.58,0.24,83
3/14/2019 19:00,35867.8,13.33,2.17,1.34,1.55,0.3,8
3/14/2019 20:00,35867.84,12.22,2.57,1.79,1.48,0.36,7
3/14/2019 21:00,35867.88,11.11,2.58,1.34,1.73,0.42,7
3/14/2019 22:00,35867.92,10,2.28,3.58,1.48,0.48,7
3/14/2019 23:00,35867.97,6.67,-0.4,0.89,2.88,0.77,7
3/15/2019 0:00,35868,10,3.66,4.02,1.66,0.6,7
3/15/2019 1:00,35868.04,10,3.88,4.02,1.33,0.66,7
3/15/2019 2:00,35868.08,10,3.88,3.13,1.87,0.72,7
3/15/2019 3:00,35868.13,9.44,3.77,4.02,1.94,0.78,7
3/15/2019 4:00,35868.17,8.89,2.6,4.02,1.68,0.84,7
3/15/2019 5:00,35868.21,8.89,2.38,3.13,1.66,0.9,7
3/15/2019 6:00,35868.25,9.44,2.68,3.13,1.57,0.96,7
3/15/2019 7:00,35868.29,8.89,2.15,3.58,1.82,1.02,37
3/15/2019 8:00,35868.34,11.11,2.07,3.58,1.76,1.08,211
3/15/2019 9:00,35868.38,15,4.29,1.34,1.62,1.14,393
3/15/2019 10:00,35868.42,17.22,5.74,1.79,4.45,1.2,570
3/15/2019 11:00,35868.46,19.44,6.48,0.45,2.2,1.26,684
3/15/2019 12:00,35868.5,21.11,6.57,0.89,4.68,1.32,754
3/15/2019 13:00,35868.55,21.67,6.69,0.45,5.97,0,769
3/15/2019 14:00,35868.59,23.33,8.18,1.79,5.31,0,728
3/15/2019 15:00,35868.63,23.33,6.55,1.34,5.85,0.04,626
3/15/2019 16:00,35868.67,22.78,6.06,2.68,5.79,0.09,467
3/15/2019 17:00,35868.71,20.56,5.3,0.89,5.48,0.13,277
3/15/2019 18:00,35868.76,16.67,2.92,2.24,5.92,0.18,88
3/15/2019 19:00,35868.8,13.89,1.09,2.24,6.06,0.22,8
3/15/2019 20:00,35868.84,12.78,2.24,1.79,1.33,0.26,7
3/15/2019 21:00,35868.88,12.78,3.08,2.24,1.62,0.31,7
3/15/2019 22:00,35868.92,11.11,2.83,2.24,1.62,0.35,7
3/15/2019 23:00,35868.97,9.44,2.68,3.13,1.59,0.54,7
3/16/2019 0:00,35869,10,2.75,4.47,1.4,0.44,7
3/16/2019 1:00,35869.04,10.56,3.51,3.58,1.97,0.48,7
3/16/2019 2:00,35869.08,10,2.52,2.68,1.55,0.53,7
3/16/2019 3:00,35869.13,10,2.98,4.02,1.97,0.57,7
3/16/2019 4:00,35869.17,8.89,2.15,3.58,1.87,0.62,7
3/16/2019 5:00,35869.21,9.44,2.22,3.13,2.02,0.66,7
3/16/2019 6:00,35869.25,7.78,1.32,3.13,1.75,0.7,7
3/16/2019 7:00,35869.29,9.44,1.99,3.58,1.36,0.75,39
3/16/2019 8:00,35869.34,12.22,3.88,2.24,1.92,0.79,215
3/16/2019 9:00,35869.38,14.44,4.63,0.89,0.56,0.84,405
3/16/2019 10:00,35869.42,19.44,8.4,0.45,3.18,0.88,572
3/16/2019 11:00,35869.46,19.44,6.14,0.45,5.65,0.92,694
3/16/2019 12:00,35869.5,22.22,8.66,0.45,3.87,0.97,762
3/16/2019 13:00,35869.55,22.22,7.57,0.45,3.05,0,772
3/16/2019 14:00,35869.59,23.89,8.29,0.45,0.33,0,726
3/16/2019 15:00,35869.63,22.78,8.44,2.68,5.93,0,612
3/16/2019 16:00,35869.67,23.33,8.18,1.79,5.78,0,466
3/16/2019 17:00,35869.71,22.78,7.68,1.34,5.76,0,281
3/16/2019 18:00,35869.76,17.78,5.62,1.79,5.74,0,92
3/16/2019 19:00,35869.8,15.56,5.38,0.45,1.03,0,7
3/16/2019 20:00,35869.84,14.44,5.18,1.79,1.48,0,7
3/16/2019 21:00,35869.88,13.33,5.17,2.68,1.92,0,6
3/16/2019 22:00,35869.92,12.78,5.61,3.13,1.52,0,7
3/16/2019 23:00,35869.97,11.11,3.32,3.13,1.61,0.4,7
3/17/2019 0:00,35870,12.22,6.22,3.58,1.88,0,7
3/17/2019 1:00,35870.04,11.67,6.11,3.13,1.8,0,7
3/17/2019 2:00,35870.08,10.56,5.26,3.58,1.85,0,6
3/17/2019 3:00,35870.13,11.11,5.37,4.02,1.92,0,6
3/17/2019 4:00,35870.17,10,4.31,2.68,1.73,0,7
3/17/2019 5:00,35870.21,10,4.09,3.58,1.47,0,7
3/17/2019 6:00,35870.25,9.44,3.35,4.47,1.73,0,7
3/17/2019 7:00,35870.29,10.56,3.96,3.58,1.61,0,44
3/17/2019 8:00,35870.34,13.33,5.42,2.68,1.59,0,220
3/17/2019 9:00,35870.38,17.22,8.31,0.89,1.03,0,411
3/17/2019 10:00,35870.42,18.89,8.48,0.89,3.8,0,580
3/17/2019 11:00,35870.46,20.56,6.79,0.89,4.64,0,703
3/17/2019 12:00,35870.5,22.78,7.68,0.45,1.24,0,774
3/17/2019 13:00,35870.55,23.89,9.44,1.34,5.71,0,778
3/17/2019 14:00,35870.59,25,11.18,1.79,5.99,0,726
3/17/2019 15:00,35870.63,26.67,11.57,0.89,4.8,0.07,635
3/17/2019 16:00,35870.67,25,10.44,0.89,4.59,0.15,486
3/17/2019 17:00,35870.71,24.44,12.05,0.45,4.92,0.22,287
3/17/2019 18:00,35870.76,18.33,9.35,0.45,3.32,0.3,88
3/17/2019 19:00,35870.8,16.67,8.81,1.79,1.08,0.37,7
3/17/2019 20:00,35870.84,16.67,8.31,1.34,1.5,0.45,6
3/17/2019 21:00,35870.88,16.11,5.61,2.68,1.55,0.52,6
3/17/2019 22:00,35870.92,13.89,7.36,1.79,1.38,0.6,6
3/17/2019 23:00,35870.97,11.67,5.24,3.58,1.61,0,7
3/18/2019 0:00,35871,13.89,4.39,3.13,1.59,0.75,6
3/18/2019 1:00,35871.04,14.44,2.25,1.79,1.34,0.82,6
3/18/2019 2:00,35871.08,13.89,3.27,1.79,1.26,0.89,6
3/18/2019 3:00,35871.13,12.78,3.08,1.79,1.47,0.97,6
3/18/2019 4:00,35871.17,11.67,1.78,1.34,1.8,1.04,6
3/18/2019 5:00,35871.21,11.67,3.35,1.79,1.19,1.12,6
3/18/2019 6:00,35871.25,11.11,2.83,2.24,1.5,1.19,6
3/18/2019 7:00,35871.29,11.11,3.56,3.13,1.95,1.27,32
3/18/2019 8:00,35871.34,15,6.74,0.89,1.68,1.34,155
3/18/2019 9:00,35871.38,16.11,6.46,0.89,1.41,1.42,319
3/18/2019 10:00,35871.42,21.67,10.14,0.45,4.36,1.49,581
3/18/2019 11:00,35871.46,24.44,11.03,0.45,2.95,1.57,697
3/18/2019 12:00,35871.5,25,10.07,0.45,3.05,1.64,761
3/18/2019 13:00,35871.55,26.67,10.77,0.89,4.43,0,769
3/18/2019 14:00,35871.59,25,7.59,1.79,1.19,0,723
3/18/2019 15:00,35871.63,26.11,9.45,1.79,1.27,0.22,618
3/18/2019 16:00,35871.67,27.78,10.49,0.89,1.34,0.44,469
3/18/2019 17:00,35871.71,26.67,10.36,0.89,0.79,0.65,285
3/18/2019 18:00,35871.76,22.22,8.3,1.34,0.94,0.87,93
3/18/2019 19:00,35871.8,20.56,6.79,1.79,0.91,1.09,7
3/18/2019 20:00,35871.84,18.33,6.13,2.68,1.64,1.31,6
3/18/2019 21:00,35871.88,17.22,5.74,4.47,1.59,1.53,6
3/18/2019 22:00,35871.92,18.89,4.56,4.02,1.57,1.74,6
3/18/2019 23:00,35871.97,13.33,6.14,3.13,1.64,0.67,6
3/19/2019 0:00,35872,15,5.96,2.24,1.26,2.18,6
3/19/2019 1:00,35872.04,16.11,3.77,4.02,1.57,2.4,6
3/19/2019 2:00,35872.08,16.11,3.11,3.58,1.48,2.62,6
3/19/2019 3:00,35872.13,16.67,3.27,3.13,1.78,2.83,6
3/19/2019 4:00,35872.17,15.56,1.92,1.79,1.87,3.05,6
3/19/2019 5:00,35872.21,15.56,1.92,1.34,1.82,3.27,6
3/19/2019 6:00,35872.25,15,1.06,1.34,2.27,3.49,6
3/19/2019 7:00,35872.29,12.78,3.36,2.24,1.61,3.71,35
3/19/2019 8:00,35872.34,16.67,4.6,0.45,4.31,3.93,122
3/19/2019 9:00,35872.38,16.67,6.41,1.34,1.36,4.14,310
3/19/2019 10:00,35872.42,21.67,10.45,0.45,3.87,4.36,419
3/19/2019 11:00,35872.46,23.89,11.54,0.89,1.99,4.58,440
3/19/2019 12:00,35872.5,27.22,12.83,0.45,3.19,4.8,662
3/19/2019 13:00,35872.55,26.11,8.12,0.89,4.49,2.84,686
3/19/2019 14:00,35872.59,25,7.59,1.79,1.1,3.49,568
3/19/2019 15:00,35872.63,25.56,10.18,0.45,4.5,3.59,421
3/19/2019 16:00,35872.67,22.78,7.29,0.89,1.57,3.69,184
3/19/2019 17:00,35872.71,21.11,8.33,1.34,1.2,3.79,88
3/19/2019 18:00,35872.76,20,5.93,3.13,1.85,3.89,28
3/19/2019 19:00,35872.8,19.44,6.48,0.89,4.24,4,7
3/19/2019 20:00,35872.84,16.11,4.72,0.89,2.67,4.1,6
3/19/2019 21:00,35872.88,14.44,5.71,1.79,4.07,4.2,3
3/19/2019 22:00,35872.92,12.22,6.22,3.58,1.22,4.3,3
3/19/2019 23:00,35872.97,15.56,2.61,0.89,3.26,1.96,6
3/20/2019 0:00,35873,10.56,6.46,2.68,1.62,4.5,4
3/20/2019 1:00,35873.04,11.11,7,2.24,1.95,4.6,3
3/20/2019 2:00,35873.08,11.67,7.54,1.34,1.66,4.71,5
3/20/2019 3:00,35873.13,12.22,8.07,3.58,1.27,4.81,5
3/20/2019 4:00,35873.17,10.56,6.26,1.79,1.76,4.91,6
3/20/2019 5:00,35873.21,10.56,5.26,2.24,2.41,5.01,6
3/20/2019 6:00,35873.25,11.11,5.37,3.13,2.16,5.11,6
3/20/2019 7:00,35873.29,11.67,5.24,2.24,2.22,5.21,25
3/20/2019 8:00,35873.34,13.89,6.67,0.89,2.91,5.31,99
3/20/2019 9:00,35873.38,15,7.24,1.34,3.84,5.41,248
3/20/2019 10:00,35873.42,18.33,9.87,1.79,1.73,5.52,417
3/20/2019 11:00,35873.46,18.33,9.35,0.89,3.63,5.62,549
3/20/2019 12:00,35873.5,17.22,7.77,0.89,4.01,5.72,616
3/20/2019 13:00,35873.55,16.67,8.56,1.34,4.03,9.64,288
3/20/2019 14:00,35873.59,15.56,7.51,0.45,4.89,9.12,285
3/20/2019 15:00,35873.63,16.11,8.53,0.89,2.57,9.07,429
3/20/2019 16:00,35873.67,17.22,9.83,5.36,5.72,9.01,541
3/20/2019 17:00,35873.71,17.22,9.34,1.34,5.45,8.95,317
3/20/2019 18:00,35873.76,12.78,5.61,0,0.51,8.9,59
3/20/2019 19:00,35873.8,11.67,5.24,0.45,4.17,8.84,7
3/20/2019 20:00,35873.84,10,4.72,0.89,3.63,8.78,6
3/20/2019 21:00,35873.88,10,5.13,0.45,3.39,8.73,6
3/20/2019 22:00,35873.92,10.56,5.67,1.34,2.39,8.67,6
3/20/2019 23:00,35873.97,11.67,6.53,2.24,0.54,4.4,3
3/21/2019 0:00,35874,8.89,4.46,0.89,2.32,8.56,7
3/21/2019 1:00,35874.04,10,5.53,2.24,2.34,8.5,7
3/21/2019 2:00,35874.08,10,5.92,2.24,1.92,8.44,7
3/21/2019 3:00,35874.13,8.89,5.59,0.89,2.08,8.39,7
3/21/2019 4:00,35874.17,8.33,5.05,0.89,4.4,8.33,6
3/21/2019 5:00,35874.21,8.89,5.77,0.45,1.41,8.27,6
3/21/2019 6:00,35874.25,9.44,6.31,1.79,1.62,8.22,7
3/21/2019 7:00,35874.29,9.44,6.49,0.89,3.61,8.16,20
3/21/2019 8:00,35874.34,10.56,7.4,0.89,4.82,8.1,77
3/21/2019 9:00,35874.38,11.67,8.3,2.24,4.01,8.05,287
3/21/2019 10:00,35874.42,14.44,9.62,0.89,4.24,7.99,444
3/21/2019 11:00,35874.46,17.78,11.75,1.34,4.24,7.93,469
3/21/2019 12:00,35874.5,16.67,10.47,0.45,0.68,7.88,469
3/21/2019 13:00,35874.55,17.78,10.11,0.45,4.19,6.15,552
3/21/2019 14:00,35874.59,18.33,9.35,2.24,4.82,4.37,547
3/21/2019 15:00,35874.63,16.11,7,0.89,5.57,4.32,322
3/21/2019 16:00,35874.67,16.11,7,1.79,6.06,4.27,147
3/21/2019 17:00,35874.71,15,7.24,3.13,1.41,4.22,284
3/21/2019 18:00,35874.76,13.89,6.43,2.68,1.52,4.16,121
3/21/2019 19:00,35874.8,13.33,6.14,2.24,1.06,4.11,8
3/21/2019 20:00,35874.84,13.89,7.13,2.24,1.43,4.06,6
3/21/2019 21:00,35874.88,13.33,6.83,1.34,2.16,4.01,6
3/21/2019 22:00,35874.92,11.11,5.15,1.79,1.85,3.96,6
3/21/2019 23:00,35874.97,10.56,5.87,0.89,4.07,8.61,7
3/22/2019 0:00,35875,10,5.53,2.24,1.75,3.86,7
3/22/2019 1:00,35875.04,9.44,5.19,0.89,3.77,3.8,7
3/22/2019 2:00,35875.08,10,6.3,1.79,1.85,3.75,6
3/22/2019 3:00,35875.13,7.78,4.5,0.89,3.86,3.7,7
3/22/2019 4:00,35875.17,7.78,4.68,1.34,2.22,3.65,7
3/22/2019 5:00,35875.21,9.44,6.31,2.68,1.54,3.6,7
3/22/2019 6:00,35875.25,9.44,6.31,3.13,1.48,3.55,7
3/22/2019 7:00,35875.29,9.44,5.95,3.13,1.62,3.5,66
3/22/2019 8:00,35875.34,10.56,7.03,1.34,1.05,3.45,153
3/22/2019 9:00,35875.38,12.78,8.61,0.89,4.71,3.39,323
3/22/2019 10:00,35875.42,17.22,11.66,0.45,3.11,3.34,485
3/22/2019 11:00,35875.46,17.78,11.07,1.34,1.52,3.29,630
3/22/2019 12:00,35875.5,18.89,10.66,1.79,0.17,3.24,736
3/22/2019 13:00,35875.55,21.67,11.35,0.89,3.94,4.85,623
3/22/2019 14:00,35875.59,20,8.6,0.89,4.29,5.52,504
3/22/2019 15:00,35875.63,20.56,8.48,0.89,1.64,5.63,475
3/22/2019 16:00,35875.67,20,7.65,0.89,5.92,5.73,445
3/22/2019 17:00,35875.71,18.33,7.67,0.45,3.32,5.84,209
3/22/2019 18:00,35875.76,15,6.23,1.34,5.79,5.95,54
3/22/2019 19:00,35875.8,14.44,6.22,1.34,0.23,6.06,7
3/22/2019 20:00,35875.84,13.33,6.14,1.34,1.27,6.17,6
3/22/2019 21:00,35875.88,13.89,7.13,0.89,6.11,6.28,6
3/22/2019 22:00,35875.92,13.33,6.37,0.45,5.15,6.39,6
3/22/2019 23:00,35875.97,11.11,5.37,0.89,4.78,3.91,6
3/23/2019 0:00,35876,13.33,8.14,1.79,1.31,6.6,6
3/23/2019 1:00,35876.04,13.33,8.14,1.34,1.1,6.71,6
3/23/2019 2:00,35876.08,10.56,6.46,0.45,2.83,6.82,6
3/23/2019 3:00,35876.13,11.11,7.19,2.68,6.27,6.93,6
3/23/2019 4:00,35876.17,11.11,7,0.45,4.64,7.04,6
3/23/2019 5:00,35876.21,12.22,7.48,1.79,0.28,7.15,6
3/23/2019 6:00,35876.25,11.67,7.14,4.02,1.52,7.26,6
3/23/2019 7:00,35876.29,11.67,7.54,0.45,0.44,7.37,16
3/23/2019 8:00,35876.34,11.67,8.11,0.89,5.74,7.47,47
3/23/2019 9:00,35876.38,12.22,8.84,1.34,4.59,7.58,99
3/23/2019 10:00,35876.42,12.78,9.75,0.45,4.54,7.69,193
3/23/2019 11:00,35876.46,15.56,11.51,0.89,5.25,7.8,355
3/23/2019 12:00,35876.5,17.78,12.63,0.45,2.93,7.91,471
3/23/2019 13:00,35876.55,16.11,10.81,1.79,1.1,7.84,444
3/23/2019 14:00,35876.59,16.67,9.78,1.79,6.18,6.58,454
3/23/2019 15:00,35876.63,20,12.46,0.89,0.02,6.43,487
3/23/2019 16:00,35876.67,20,11.18,3.13,5.92,6.28,407
3/23/2019 17:00,35876.71,18.33,10.13,0.89,3.6,6.13,259
3/23/2019 18:00,35876.76,13.89,6.43,0.89,4.61,5.98,87
3/23/2019 19:00,35876.8,12.22,5.09,2.68,6.04,5.83,9
3/23/2019 20:00,35876.84,12.78,5.85,3.58,5.86,5.68,6
3/23/2019 21:00,35876.88,12.22,5.55,2.24,0.12,5.53,6
3/23/2019 22:00,35876.92,11.67,5.24,2.24,0.8,5.38,6
3/23/2019 23:00,35876.97,13.33,7.71,1.34,1.66,6.5,6
3/24/2019 0:00,35877,10,5.13,2.24,1.2,5.08,6
3/24/2019 1:00,35877.04,9.44,4.8,2.68,1.55,4.93,6
3/24/2019 2:00,35877.08,10,5.73,3.13,1.62,4.78,6
3/24/2019 3:00,35877.13,8.33,3.72,1.34,2.08,4.62,6
3/24/2019 4:00,35877.17,6.67,2.5,0.89,2.55,4.47,7
3/24/2019 5:00,35877.21,5.56,1.79,1.34,4.08,4.32,6
3/24/2019 6:00,35877.25,6.11,1.96,0.45,0.96,4.17,7
3/24/2019 7:00,35877.29,8.89,5.03,0,2.6,4.02,63
3/24/2019 8:00,35877.34,13.33,7.06,1.34,1.73,3.87,235
3/24/2019 9:00,35877.38,13.89,7.36,0.89,4.26,3.72,421
3/24/2019 10:00,35877.42,16.67,9.78,0.45,4.92,3.57,576
3/24/2019 11:00,35877.46,18.89,11.41,0.45,3.6,3.42,665
3/24/2019 12:00,35877.5,18.89,10.66,2.24,4,3.27,742
3/24/2019 13:00,35877.55,20,9.21,0.89,4.42,0,767
3/24/2019 14:00,35877.59,22.78,9.51,0.89,4.36,0,690
3/24/2019 15:00,35877.63,20,7.65,0.45,3.04,0.13,377
3/24/2019 16:00,35877.67,19.44,8.09,0.45,4.76,0.27,228
3/24/2019 17:00,35877.71,19.44,7.47,0.45,6.16,0.4,180
3/24/2019 18:00,35877.76,15.56,5.38,0.89,1.2,0.53,78
3/24/2019 19:00,35877.8,15,6.99,1.79,1.5,0.67,8
3/24/2019 20:00,35877.84,13.33,6.14,2.24,1.62,0.8,6
3/24/2019 21:00,35877.88,13.33,7.06,2.68,1.55,0.94,6
3/24/2019 22:00,35877.92,11.67,6.74,2.68,1.5,1.07,6
3/24/2019 23:00,35877.97,10,4.52,1.34,6.21,5.23,6
3/25/2019 0:00,35878,12.22,7.48,4.02,1.87,1.34,6
3/25/2019 1:00,35878.04,11.67,6.74,4.47,1.68,1.47,6
3/25/2019 2:00,35878.08,10.56,5.46,3.58,1.87,1.6,6
3/25/2019 3:00,35878.13,10,4.72,4.02,1.8,1.74,6
3/25/2019 4:00,35878.17,10,3.88,4.02,1.62,1.87,6
3/25/2019 5:00,35878.21,10.56,4.19,4.02,1.69,2,6
3/25/2019 6:00,35878.25,10.56,3.51,3.58,1.36,2.14,8
3/25/2019 7:00,35878.29,10.56,2.8,0.89,4.54,2.27,56
3/25/2019 8:00,35878.34,12.22,4.85,2.24,1.97,2.41,217
3/25/2019 9:00,35878.38,15,5.96,2.68,1.4,2.54,399
3/25/2019 10:00,35878.42,18.89,8.48,0.45,2.32,2.67,565
3/25/2019 11:00,35878.46,22.22,10.96,0.89,1.54,2.81,648
3/25/2019 12:00,35878.5,24.44,10.31,0.45,4.07,2.94,756
3/25/2019 13:00,35878.55,25,9.28,0.89,3.44,0,753
3/25/2019 14:00,35878.59,27.22,10,1.79,3.09,0,697
3/25/2019 15:00,35878.63,25,8.88,1.79,4.19,0.09,585
3/25/2019 16:00,35878.67,25,8.46,2.24,2.5,0.18,446
3/25/2019 17:00,35878.71,25,8.03,1.34,2.43,0.26,276
3/25/2019 18:00,35878.76,20,4.01,1.34,2.51,0.35,93
3/25/2019 19:00,35878.8,18.33,3.32,0.89,2.37,0.44,10
3/25/2019 20:00,35878.84,17.22,2.7,0.89,2.62,0.53,9
3/25/2019 21:00,35878.88,16.11,3.11,0.45,2.46,0.62,7
3/25/2019 22:00,35878.92,15.56,3.59,1.79,3.77,0.7,6
3/25/2019 23:00,35878.97,12.22,7.68,3.58,1.26,1.2,6
3/26/2019 0:00,35879,13.33,6.14,3.58,1.48,0.88,6
3/26/2019 1:00,35879.04,11.67,4.09,1.79,4.61,0.97,6
3/26/2019 2:00,35879.08,12.78,5.14,1.79,1.5,1.06,6
3/26/2019 3:00,35879.13,11.67,4.56,3.58,1.45,1.14,6
3/26/2019 4:00,35879.17,12.22,5.32,1.79,1.61,1.23,7
3/26/2019 5:00,35879.21,10.56,3.28,0.45,3.65,1.32,7
3/26/2019 6:00,35879.25,8.33,2.92,0.45,1.05,1.41,8
3/26/2019 7:00,35879.29,10.56,4.84,1.34,1.34,1.5,56
3/26/2019 8:00,35879.34,13.33,7.06,0.45,1.62,1.59,201
3/26/2019 9:00,35879.38,16.67,8.56,0.89,6.28,1.67,384
3/26/2019 10:00,35879.42,20,9.51,0,3.56,1.76,594
3/26/2019 11:00,35879.46,20.56,9.12,0.45,4.76,1.85,687
3/26/2019 12:00,35879.5,23.33,10.36,1.79,4.12,1.94,785
3/26/2019 13:00,35879.55,23.33,10.36,1.79,0.09,0,767
3/26/2019 14:00,35879.59,25,9.28,1.34,5.92,0,704
3/26/2019 15:00,35879.63,22.78,10.19,1.34,5.85,0.45,537
3/26/2019 16:00,35879.67,24.44,11.03,2.68,5.78,0.91,420
3/26/2019 17:00,35879.71,20,10.36,0.45,5.27,1.36,183
3/26/2019 18:00,35879.76,17.78,9.86,0.45,4.47,1.82,69
3/26/2019 19:00,35879.8,15.56,8.72,0.45,5.27,2.27,8
3/26/2019 20:00,35879.84,16.11,10.38,1.79,1.78,2.73,6
3/26/2019 21:00,35879.88,15.56,9.18,2.68,1.97,3.18,7
3/26/2019 22:00,35879.92,16.11,9.93,2.68,1.8,3.64,7
3/26/2019 23:00,35879.97,12.78,3.08,1.34,6.28,0.79,6
3/27/2019 0:00,35880,16.11,6.18,2.24,2.37,4.55,7
3/27/2019 1:00,35880.04,15.56,5.94,4.92,2.34,5,6
3/27/2019 2:00,35880.08,16.11,7,1.34,3.23,5.45,6
3/27/2019 3:00,35880.13,15,6.99,2.68,2.55,5.91,6
3/27/2019 4:00,35880.17,15.56,7.01,3.58,2.57,6.36,6
3/27/2019 5:00,35880.21,15.56,7.26,2.68,2.44,6.82,6
3/27/2019 6:00,35880.25,15,6.99,1.34,2.5,7.27,7
3/27/2019 7:00,35880.29,12.22,6.65,0.89,4.36,7.73,11
3/27/2019 8:00,35880.34,11.67,7.34,1.79,2.36,8.18,32
3/27/2019 9:00,35880.38,12.78,8.81,1.79,1.99,8.64,74
3/27/2019 10:00,35880.42,12.78,9.57,4.92,2.2,9.09,97
3/27/2019 11:00,35880.46,14.44,10.82,1.34,3.65,9.55,256
3/27/2019 12:00,35880.5,15,11.36,2.68,2.79,10,234
3/27/2019 13:00,35880.55,15,11.36,4.92,2.39,9.99,265
3/27/2019 14:00,35880.59,18.33,14.2,4.47,2.25,7.39,417
3/27/2019 15:00,35880.63,17.22,12.3,7.6,1.92,7.14,603
3/27/2019 16:00,35880.67,20.56,14.41,4.47,2.13,6.89,448
3/27/2019 17:00,35880.71,20,12.95,4.02,2.5,6.64,318
3/27/2019 18:00,35880.76,16.67,10.01,4.02,3.65,6.38,101
3/27/2019 19:00,35880.8,13.89,8.03,0.89,6.16,6.13,9
3/27/2019 20:00,35880.84,12.78,8.01,2.68,0.24,5.88,6
3/27/2019 21:00,35880.88,14.44,9.21,2.24,1.19,5.62,6
3/27/2019 22:00,35880.92,13.89,8.88,2.68,0.26,5.37,6
3/27/2019 23:00,35880.97,15.56,8.25,1.79,1.8,4.09,7
3/28/2019 0:00,35881,12.78,8.22,2.24,1.4,4.87,6
3/28/2019 1:00,35881.04,11.67,7.73,0.89,3.46,4.61,6
3/28/2019 2:00,35881.08,11.67,7.34,1.79,6.04,4.36,6
3/28/2019 3:00,35881.13,10,6.3,0.89,4.12,4.11,6
3/28/2019 4:00,35881.17,11.11,7.38,2.24,0.28,3.86,6
3/28/2019 5:00,35881.21,11.11,7.57,2.68,0.4,3.6,6
3/28/2019 6:00,35881.25,10,6.49,1.34,5.74,3.35,8
3/28/2019 7:00,35881.29,11.11,7.38,0.45,4.05,3.1,66
3/28/2019 8:00,35881.34,15,9.95,0.45,2.13,2.84,262
3/28/2019 9:00,35881.38,17.22,10.77,0.89,5.25,2.59,449
3/28/2019 10:00,35881.42,18.33,10.63,1.34,4.71,2.34,613
3/28/2019 11:00,35881.46,18.33,9.61,0.89,4.73,2.09,709
3/28/2019 12:00,35881.5,19.44,9.84,0.89,4.19,1.83,794
3/28/2019 13:00,35881.55,21.67,10.14,1.34,4.35,0,802
3/28/2019 14:00,35881.59,21.67,8.5,0.45,4.85,0,758
3/28/2019 15:00,35881.63,22.22,8.3,0.89,4.85,0.09,640
3/28/2019 16:00,35881.67,20.56,7.14,1.79,5.76,0.18,495
3/28/2019 17:00,35881.71,20.56,6.79,3.58,5.97,0.27,306
3/28/2019 18:00,35881.76,17.22,4.79,2.24,5.71,0.36,108
3/28/2019 19:00,35881.8,14.44,4.35,2.68,6.02,0.44,9
3/28/2019 20:00,35881.84,12.22,4.13,0.89,4.8,0.53,6
3/28/2019 21:00,35881.88,11.67,4.79,0.45,3.35,0.62,6
3/28/2019 22:00,35881.92,10,4.31,0.45,5.39,0.71,6
3/28/2019 23:00,35881.97,12.78,8.22,2.24,0.54,5.12,6
3/29/2019 0:00,35882,8.89,3.66,0.45,5.01,0.89,6
3/29/2019 1:00,35882.04,10,4.09,1.34,0.26,0.98,7
3/29/2019 2:00,35882.08,10,4.31,1.79,0.38,1.07,6
3/29/2019 3:00,35882.13,8.89,3.24,1.79,0.07,1.15,6
3/29/2019 4:00,35882.17,9.44,3.77,1.79,0.59,1.24,6
3/29/2019 5:00,35882.21,8.89,3.03,1.34,0.07,1.33,6
3/29/2019 6:00,35882.25,7.78,1.54,0.89,4.96,1.42,8
3/29/2019 7:00,35882.29,8.33,2.07,0.45,4.73,1.51,86
3/29/2019 8:00,35882.34,10.56,5.05,0.89,4.71,1.6,269
3/29/2019 9:00,35882.38,14.44,7.19,0.89,4.63,1.69,457
3/29/2019 10:00,35882.42,16.11,8.29,1.34,4.26,1.78,619
3/29/2019 11:00,35882.46,17.22,8.57,1.79,4.31,1.86,734
3/29/2019 12:00,35882.5,18.33,9.08,2.68,5.38,1.95,795
3/29/2019 13:00,35882.55,18.89,9.05,1.79,4.89,0,801
3/29/2019 14:00,35882.59,21.11,10.54,0.89,3.47,0,751
3/29/2019 15:00,35882.63,20.56,8.16,0.89,3.91,0.11,653
3/29/2019 16:00,35882.67,19.44,7.14,1.34,5.18,0.21,498
3/29/2019 17:00,35882.71,17.78,6.25,2.24,5.45,0.32,313
3/29/2019 18:00,35882.76,15.56,5.38,0.89,2.37,0.43,116
3/29/2019 19:00,35882.8,12.22,3.62,1.79,5.59,0.54,9
3/29/2019 20:00,35882.84,12.22,3.62,4.02,5.93,0.64,6
3/29/2019 21:00,35882.88,11.11,3.08,0.89,5.52,0.75,6
3/29/2019 22:00,35882.92,11.11,3.8,0.89,4.94,0.86,6
3/29/2019 23:00,35882.97,7.78,3.19,0.45,4.36,0.8,7
3/30/2019 0:00,35883,9.44,3.98,0.89,4.45,1.07,6
3/30/2019 1:00,35883.04,7.22,2.65,0.45,4.29,1.18,7
3/30/2019 2:00,35883.08,8.33,3.72,0.89,3.96,1.29,6
3/30/2019 3:00,35883.13,8.89,5.22,1.79,1.76,1.39,6
3/30/2019 4:00,35883.17,7.78,3.95,1.79,1.9,1.5,6
3/30/2019 5:00,35883.21,6.67,3.24,0.89,3.56,1.61,6
3/30/2019 6:00,35883.25,6.11,3.06,1.34,1.71,1.72,9
3/30/2019 7:00,35883.29,10,6.3,2.24,1.71,1.82,89
3/30/2019 8:00,35883.34,13.89,8.67,0.45,1.52,1.93,265
3/30/2019 9:00,35883.38,14.44,8.99,0.89,4.24,2.04,453
3/30/2019 10:00,35883.42,16.11,9.25,0.45,3.72,2.15,614
3/30/2019 11:00,35883.46,18.33,9.35,1.79,3.8,2.25,729
3/30/2019 12:00,35883.5,19.44,10.12,0.45,4.15,2.36,789
3/30/2019 13:00,35883.55,21.11,10.54,1.79,1.17,0,794
3/30/2019 14:00,35883.59,22.22,10.01,2.24,0.02,0,745
3/30/2019 15:00,35883.63,23.89,11.21,0.89,4.85,0.1,644
3/30/2019 16:00,35883.67,21.67,9.17,3.13,5.88,0.2,492
3/30/2019 17:00,35883.71,20.56,8.48,1.79,5.52,0.31,308
3/30/2019 18:00,35883.76,18.33,8.81,0.45,4.15,0.41,113
3/30/2019 19:00,35883.8,14.44,6.22,0.89,5.67,0.51,9
3/30/2019 20:00,35883.84,14.44,5.96,0.89,5.62,0.61,6
3/30/2019 21:00,35883.88,13.33,6.83,0.89,0.07,0.72,6
3/30/2019 22:00,35883.92,13.33,7.71,2.68,1.54,0.82,6
3/30/2019 23:00,35883.97,10,3.21,0.45,3.67,0.97,6
3/31/2019 0:00,35884,11.11,6.4,2.68,1.5,1.02,6
3/31/2019 1:00,35884.04,11.11,6.4,0.89,3.7,1.12,6
3/31/2019 2:00,35884.08,10.56,6.46,2.24,1.88,1.23,6
3/31/2019 3:00,35884.13,11.11,7.38,2.24,1.87,1.33,6
3/31/2019 4:00,35884.17,10.56,6.46,2.68,1.83,1.43,6
3/31/2019 5:00,35884.21,10,6.11,2.68,1.59,1.53,6
3/31/2019 6:00,35884.25,10,5.73,2.24,2.22,1.64,8
3/31/2019 7:00,35884.29,11.67,7.14,1.79,2.09,1.74,88
3/31/2019 8:00,35884.34,15.56,9.18,1.34,4.07,1.84,267
3/31/2019 9:00,35884.38,18.33,11.36,2.24,2.25,1.94,455
3/31/2019 10:00,35884.42,21.67,12.47,0.89,3.23,2.04,613
3/31/2019 11:00,35884.46,21.11,10.54,1.34,4.14,2.15,732
3/31/2019 12:00,35884.5,22.78,10.52,0.45,3.21,2.25,795
3/31/2019 13:00,35884.55,24.44,11.03,0.45,5.65,0,796
3/31/2019 14:00,35884.59,25.56,11.32,0.89,6.13,0,754
3/31/2019 15:00,35884.63,25.56,11.32,1.79,5.97,0.12,641
3/31/2019 16:00,35884.67,26.11,12.19,1.34,5.92,0.23,480
3/31/2019 17:00,35884.71,25.56,12.73,0.45,4.83,0.35,302
3/31/2019 18:00,35884.76,20.56,9.42,0.45,5.01,0.47,112
3/31/2019 19:00,35884.8,17.22,8.57,0,4.69,0.58,10
3/31/2019 20:00,35884.84,15.56,8.01,0.89,5.55,0.7,6
3/31/2019 21:00,35884.88,15,8.65,2.24,1.61,0.82,6
3/31/2019 22:00,35884.92,15.56,9.63,4.02,1.66,0.93,6
3/31/2019 23:00,35884.97,12.78,7.6,1.79,1.57,0.92,6
4/1/2019 0:00,35885,14.44,9.21,3.13,1.97,1.17,6
4/1/2019 1:00,35885.04,13.89,8.67,2.24,1.57,1.28,6
4/1/2019 2:00,35885.08,13.89,8.67,3.13,1.43,1.4,6
4/1/2019 3:00,35885.13,12.78,7.39,0.89,2.53,1.52,6
4/1/2019 4:00,35885.17,12.78,7.81,1.79,1.54,1.63,6
4/1/2019 5:00,35885.21,11.67,7.14,3.13,1.55,1.75,6
4/1/2019 6:00,35885.25,12.78,7.81,3.58,1.61,1.87,8
4/1/2019 7:00,35885.29,13.33,7.93,3.58,1.78,1.98,72
4/1/2019 8:00,35885.34,15,8.19,3.58,1.52,2.1,224
4/1/2019 9:00,35885.38,18.33,9.87,2.68,1.4,2.22,429
4/1/2019 10:00,35885.42,24.44,12.38,1.34,2.51,2.33,606
4/1/2019 11:00,35885.46,25.56,11.68,0.89,4.05,2.45,679
4/1/2019 12:00,35885.5,25.56,9.78,1.34,4.38,2.57,790
4/1/2019 13:00,35885.55,27.22,10,1.34,4.47,0.51,770
4/1/2019 14:00,35885.59,27.78,8.14,1.34,4.54,2.78,631
4/1/2019 15:00,35885.63,24.44,8.78,1.79,5.76,2.77,365
4/1/2019 16:00,35885.67,23.89,7.88,0.89,5.76,2.77,226
4/1/2019 17:00,35885.71,21.67,8.5,0.45,4.33,2.76,95
4/1/2019 18:00,35885.76,18.89,7.58,1.34,5.9,2.75,35
4/1/2019 19:00,35885.8,17.78,9.35,0.45,3.61,2.74,8
4/1/2019 20:00,35885.84,17.78,10.59,4.47,1.36,2.73,6
4/1/2019 21:00,35885.88,18.89,8.76,4.47,1.73,2.73,6
4/1/2019 22:00,35885.92,15,8.19,1.79,5.1,2.72,6
4/1/2019 23:00,35885.97,14.44,8.56,2.68,1.68,1.05,6
4/2/2019 0:00,35886,14.44,9.21,1.79,4.59,2.7,6
4/2/2019 1:00,35886.04,13.33,8.75,1.34,4.52,2.69,6
4/2/2019 2:00,35886.08,12.22,8.07,1.34,2.09,2.69,6
4/2/2019 3:00,35886.13,13.89,9.89,0.45,4.1,2.68,6
4/2/2019 4:00,35886.17,12.78,8.81,0.89,4.49,2.67,6
4/2/2019 5:00,35886.21,13.89,10.08,0.89,4.75,2.66,6
4/2/2019 6:00,35886.25,12.78,9.38,2.68,1.92,2.66,6
4/2/2019 7:00,35886.29,13.33,10.11,0.89,4.07,2.65,46
4/2/2019 8:00,35886.34,17.78,13.86,0.89,6.27,2.64,244
4/2/2019 9:00,35886.38,18.89,14.12,0.89,4.19,2.63,387
4/2/2019 10:00,35886.42,21.11,15.4,2.24,5.99,2.62,561
4/2/2019 11:00,35886.46,21.67,14.53,1.34,5.78,2.62,702
4/2/2019 12:00,35886.5,24.44,14.8,0.45,5.57,2.61,792
4/2/2019 13:00,35886.55,25,13.84,1.79,6.14,0,816
4/2/2019 14:00,35886.59,20.56,10.88,0.89,4.8,8.94,321
4/2/2019 15:00,35886.63,19.44,10.66,4.02,5.81,8.83,186
4/2/2019 16:00,35886.67,15.56,9.18,0.89,4.1,8.72,73
4/2/2019 17:00,35886.71,16.11,9.01,1.79,5.62,8.6,109
4/2/2019 18:00,35886.76,16.67,8.81,0.89,5.11,8.49,69
4/2/2019 19:00,35886.8,15,8.65,0.45,4.69,8.38,10
4/2/2019 20:00,35886.84,12.22,7.27,1.79,4.78,8.27,6
4/2/2019 21:00,35886.88,11.11,6.6,0.45,4.36,8.16,6
4/2/2019 22:00,35886.92,11.11,7,0.89,4.75,8.05,6
4/2/2019 23:00,35886.97,13.89,8.46,0.45,2.53,2.71,6
4/3/2019 0:00,35887,10,6.85,1.34,5.88,7.83,6
4/3/2019 1:00,35887.04,10.56,7.58,1.79,2.04,7.72,7
4/3/2019 2:00,35887.08,9.44,6.67,1.79,3.87,7.6,6
4/3/2019 3:00,35887.13,8.89,6.48,0.45,0.99,7.49,6
4/3/2019 4:00,35887.17,10.56,8.29,1.34,1.55,7.38,6
4/3/2019 5:00,35887.21,11.11,8.66,1.79,1.19,7.27,6
4/3/2019 6:00,35887.25,10.56,8.11,0.89,1.88,7.16,9
4/3/2019 7:00,35887.29,11.67,9.03,1.34,1.88,7.05,65
4/3/2019 8:00,35887.34,13.89,10.46,0.89,2.53,6.94,167
4/3/2019 9:00,35887.38,15.56,11.9,0.89,3.67,6.83,315
4/3/2019 10:00,35887.42,17.78,13.26,0.45,4.69,6.71,361
4/3/2019 11:00,35887.46,17.22,12.09,1.34,0.58,6.6,361
4/3/2019 12:00,35887.5,20.56,13.95,1.34,0.51,6.49,604
4/3/2019 13:00,35887.55,20.56,12.74,1.34,0.44,5.83,606
4/3/2019 14:00,35887.59,23.33,13.76,1.34,3.84,0,745
4/3/2019 15:00,35887.63,23.89,13.11,0.89,3.8,0.37,617
4/3/2019 16:00,35887.67,23.33,12.29,2.24,0.1,0.75,434
4/3/2019 17:00,35887.71,19.44,9.84,3.58,5.86,1.12,206
4/3/2019 18:00,35887.76,16.67,8.31,1.79,5.81,1.5,63
4/3/2019 19:00,35887.8,15.56,8.48,1.34,5.79,1.87,9
4/3/2019 20:00,35887.84,15.56,8.72,1.34,0.52,2.24,6
4/3/2019 21:00,35887.88,16.11,9.48,1.79,1.2,2.62,6
4/3/2019 22:00,35887.92,15.56,9.4,1.34,1.87,2.99,6
4/3/2019 23:00,35887.97,10,6.3,0.89,4.54,7.94,6
4/4/2019 0:00,35888,14.44,9.62,2.68,1.54,3.74,6
4/4/2019 1:00,35888.04,14.44,9.83,3.13,1.75,4.11,6
4/4/2019 2:00,35888.08,12.78,8.42,1.34,1.76,4.49,6
4/4/2019 3:00,35888.13,11.67,7.73,0.89,4.36,4.86,6
4/4/2019 4:00,35888.17,11.67,8.11,0.45,3.86,5.23,6
4/4/2019 5:00,35888.21,12.22,8.84,2.24,1.55,5.61,6
4/4/2019 6:00,35888.25,12.22,8.84,2.68,1.59,5.98,9
4/4/2019 7:00,35888.29,9.44,6.31,1.34,4.36,6.35,51
4/4/2019 8:00,35888.34,15,11.36,0.45,3.61,6.73,207
4/4/2019 9:00,35888.38,15.56,11.7,1.79,1.05,7.1,360
4/4/2019 10:00,35888.42,19.44,13.35,0.89,4.5,7.48,547
4/4/2019 11:00,35888.46,18.89,12.82,1.34,3.67,7.85,413
4/4/2019 12:00,35888.5,19.44,12.66,1.34,3.93,8.22,468
4/4/2019 13:00,35888.55,20.56,12.99,1.34,3.84,6.42,572
4/4/2019 14:00,35888.59,21.11,13.01,0.89,1.47,6.38,496
4/4/2019 15:00,35888.63,18.89,10.66,0.45,5.13,6.49,283
4/4/2019 16:00,35888.67,17.78,9.61,0.45,2.43,6.61,187
4/4/2019 17:00,35888.71,18.89,10.66,0.45,5.45,6.72,135
4/4/2019 18:00,35888.76,17.22,10.3,2.24,0.03,6.83,81
4/4/2019 19:00,35888.8,16.11,9.48,1.34,0.51,6.95,16
4/4/2019 20:00,35888.84,15.56,9.4,1.34,1.17,7.06,6
4/4/2019 21:00,35888.88,15,9.53,1.79,1.55,7.17,6
4/4/2019 22:00,35888.92,14.44,9.21,1.34,1.47,7.29,6
4/4/2019 23:00,35888.97,15,9.31,2.68,1.15,3.36,6
4/5/2019 0:00,35889,11.67,7.73,0.89,4.26,7.51,6
4/5/2019 1:00,35889.04,10,6.85,1.79,5.99,7.63,6
4/5/2019 2:00,35889.08,10.56,7.58,0.89,5.43,7.74,6
4/5/2019 3:00,35889.13,10,7.21,0.45,3.68,7.85,7
4/5/2019 4:00,35889.17,9.44,7.02,1.79,2.41,7.97,6
4/5/2019 5:00,35889.21,10,7.21,2.68,2.09,8.08,6
4/5/2019 6:00,35889.25,7.78,5.21,0.89,4.36,8.2,11
4/5/2019 7:00,35889.29,11.11,8.3,1.34,2.41,8.31,77
4/5/2019 8:00,35889.34,15,10.97,2.68,1.88,8.42,267
4/5/2019 9:00,35889.38,18.33,12.51,2.24,2.48,8.54,418
4/5/2019 10:00,35889.42,19.44,12.42,1.34,3.7,8.65,491
4/5/2019 11:00,35889.46,16.67,10.24,0.45,3.74,8.76,340
4/5/2019 12:00,35889.5,20,12.21,0.45,4.26,8.88,409
4/5/2019 13:00,35889.55,20.56,12.23,0.45,1.52,8.64,404
4/5/2019 14:00,35889.59,18.33,10.88,1.79,1.05,9.37,291
4/5/2019 15:00,35889.63,20.56,11.97,1.79,5.71,9.04,405
4/5/2019 16:00,35889.67,20,10.91,2.24,6.02,8.71,400
4/5/2019 17:00,35889.71,22.22,12.44,0.89,5.81,8.37,328
4/5/2019 18:00,35889.76,20,10.64,0.45,4.66,8.04,111
4/5/2019 19:00,35889.8,14.44,7.89,0.45,5.57,7.71,11
4/5/2019 20:00,35889.84,14.44,8.34,2.68,5.93,7.38,6
4/5/2019 21:00,35889.88,14.44,8.12,1.79,0.75,7.04,6
4/5/2019 22:00,35889.92,13.89,8.03,0.89,1.78,6.71,6
4/5/2019 23:00,35889.97,13.89,9.29,1.79,1.78,7.4,6
4/6/2019 0:00,35890,12.22,6.86,0.45,4.85,6.05,6
4/6/2019 1:00,35890.04,11.11,6.4,0.45,2.55,5.72,6
4/6/2019 2:00,35890.08,11.67,7.34,2.24,1.5,5.38,6
4/6/2019 3:00,35890.13,12.22,7.88,2.68,1.55,5.05,6
4/6/2019 4:00,35890.17,12.22,7.07,2.24,1.27,4.72,6
4/6/2019 5:00,35890.21,11.67,6.33,2.24,1.64,4.39,6
4/6/2019 6:00,35890.25,12.78,6.97,2.68,1.06,4.06,15
4/6/2019 7:00,35890.29,13.89,7.36,2.68,1.94,3.72,111
4/6/2019 8:00,35890.34,15,7.72,1.79,1.5,3.39,194
4/6/2019 9:00,35890.38,20,11.18,1.34,0.8,3.06,372
4/6/2019 10:00,35890.42,20.56,11.43,0.45,0.84,2.73,559
4/6/2019 11:00,35890.46,21.11,10.54,2.24,0.77,2.4,730
4/6/2019 12:00,35890.5,24.44,11.72,0.89,0.24,2.06,818
4/6/2019 13:00,35890.55,25.56,11.32,0.89,4.85,0,821
4/6/2019 14:00,35890.59,26.11,10.67,5.36,5.83,0,772
4/6/2019 15:00,35890.63,25.56,9.37,3.13,5.9,0.11,657
4/6/2019 16:00,35890.67,24.44,9.94,3.58,5.72,0.21,507
4/6/2019 17:00,35890.71,24.44,10.67,4.02,5.95,0.32,371
4/6/2019 18:00,35890.76,20.56,7.83,4.02,5.88,0.43,101
4/6/2019 19:00,35890.8,17.78,6.86,2.24,0.05,0.53,9
4/6/2019 20:00,35890.84,17.78,6.86,2.68,0.49,0.64,6
4/6/2019 21:00,35890.88,18.33,7.96,3.13,1.57,0.75,6
4/6/2019 22:00,35890.92,15.56,6.21,0.89,4.94,0.85,6
4/6/2019 23:00,35890.97,12.78,7.39,1.79,2.02,6.38,6
4/7/2019 0:00,35891,14.44,7.43,2.24,1.62,1.07,6
4/7/2019 1:00,35891.04,15,8.42,1.79,1.62,1.17,6
4/7/2019 2:00,35891.08,13.89,8.03,3.58,1.54,1.28,6
4/7/2019 3:00,35891.13,12.78,6.97,2.24,2.01,1.39,6
4/7/2019 4:00,35891.17,12.78,7.6,2.24,1.5,1.5,6
4/7/2019 5:00,35891.21,12.78,7.81,2.24,1.47,1.6,6
4/7/2019 6:00,35891.25,11.67,6.94,0.89,3.86,1.71,12
4/7/2019 7:00,35891.29,15,9.95,1.79,1.33,1.82,118
4/7/2019 8:00,35891.34,17.22,11.22,0.89,0.14,1.92,255
4/7/2019 9:00,35891.38,21.11,12.75,0.89,5.36,2.03,480
4/7/2019 10:00,35891.42,21.67,11.92,0.89,6.28,2.14,644
4/7/2019 11:00,35891.46,24.44,12.7,0.89,4.42,2.24,756
4/7/2019 12:00,35891.5,25,12.89,1.79,0.23,2.35,814
4/7/2019 13:00,35891.55,26.67,13.4,2.24,0.02,0,800
4/7/2019 14:00,35891.59,27.78,14.42,1.34,4.96,0,716
4/7/2019 15:00,35891.63,27.78,14.42,0.89,5.79,0.32,602
4/7/2019 16:00,35891.67,27.78,14.06,0.89,0.37,0.64,507
4/7/2019 17:00,35891.71,26.11,13.58,3.58,5.9,0.96,310
4/7/2019 18:00,35891.76,23.33,11.99,0.89,5.03,1.28,96
4/7/2019 19:00,35891.8,20.56,10.31,1.34,0.49,1.6,11
4/7/2019 20:00,35891.84,18.89,10.4,1.34,1.12,1.92,6
4/7/2019 21:00,35891.88,17.78,11.07,1.79,1.19,2.24,6
4/7/2019 22:00,35891.92,18.33,12.29,2.68,1.34,2.56,6
4/7/2019 23:00,35891.97,15,6.23,0.89,3.87,0.96,6
4/8/2019 0:00,35892,17.78,12.2,2.68,1.62,3.2,6
4/8/2019 1:00,35892.04,17.22,11.88,1.79,1.92,3.52,6
4/8/2019 2:00,35892.08,15.56,10.9,0.45,3.84,3.84,6
4/8/2019 3:00,35892.13,15,10.77,1.79,1.8,4.16,6
4/8/2019 4:00,35892.17,15,10.77,0.45,1.26,4.48,6
4/8/2019 5:00,35892.21,13.33,9.35,0.89,2.5,4.8,6
4/8/2019 6:00,35892.25,14.44,10.43,2.24,1.85,5.12,10
4/8/2019 7:00,35892.29,15.56,11.31,0.89,4.76,5.44,56
4/8/2019 8:00,35892.34,17.78,13.05,0.89,0.99,5.76,157
4/8/2019 9:00,35892.38,18.33,12.73,1.79,1.13,6.08,269
4/8/2019 10:00,35892.42,22.22,15.3,0.89,1.83,6.4,350
4/8/2019 11:00,35892.46,24.44,16.42,0.45,4.07,6.72,449
4/8/2019 12:00,35892.5,25,16.42,0.89,5.29,7.04,574
4/8/2019 13:00,35892.55,28.33,17.84,0.89,6.06,5.46,640
4/8/2019 14:00,35892.59,26.11,14.55,1.34,3.58,5.86,534
4/8/2019 15:00,35892.63,28.33,16.28,0.45,4.73,5.66,481
4/8/2019 16:00,35892.67,25.56,14.66,1.79,5.57,5.46,341
4/8/2019 17:00,35892.71,22.22,13.27,0.89,4,5.27,186
4/8/2019 18:00,35892.76,20,12.95,0.45,4.5,5.07,69
4/8/2019 19:00,35892.8,19.44,13.58,0.45,4.4,4.88,12
4/8/2019 20:00,35892.84,18.33,12.95,0.45,5.13,4.68,6
4/8/2019 21:00,35892.88,18.33,13.16,0.89,4.63,4.48,6
4/8/2019 22:00,35892.92,16.11,11.64,0.89,4.14,4.29,6
4/8/2019 23:00,35892.97,17.78,12.41,2.24,1.54,2.88,6
4/9/2019 0:00,35893,15.56,11.9,0.45,5.24,3.9,6
4/9/2019 1:00,35893.04,15.56,11.7,0.89,3.82,3.7,6
4/9/2019 2:00,35893.08,16.11,11.85,1.34,5.74,3.5,6
4/9/2019 3:00,35893.13,16.11,10.81,3.13,5.85,3.31,6
4/9/2019 4:00,35893.17,15,10.16,8.05,5.93,3.11,6
4/9/2019 5:00,35893.21,12.78,7.81,3.13,5.06,2.92,6
4/9/2019 6:00,35893.25,12.22,8.07,4.47,5.81,2.72,9
4/9/2019 7:00,35893.29,12.22,8.46,2.24,5.97,2.52,53
4/9/2019 8:00,35893.34,14.44,9.83,5.36,5.76,2.33,201
4/9/2019 9:00,35893.38,15.56,9.84,4.92,5.31,2.13,526
4/9/2019 10:00,35893.42,15.56,9.4,1.79,4.17,1.94,464
4/9/2019 11:00,35893.46,17.22,10.07,3.13,5.6,1.74,657
4/9/2019 12:00,35893.5,17.22,9.34,3.13,5.2,1.54,837
4/9/2019 13:00,35893.55,19.44,8.4,7.6,5.85,0,839
4/9/2019 14:00,35893.59,20,7.97,4.92,5.22,0,785
4/9/2019 15:00,35893.63,18.89,5.28,8.94,5.72,0.08,683
4/9/2019 16:00,35893.67,18.89,4.56,12.07,5.76,0.15,532
4/9/2019 17:00,35893.71,17.78,2.82,9.39,5.71,0.23,372
4/9/2019 18:00,35893.76,15,1.42,7.15,5.83,0.31,94
4/9/2019 19:00,35893.8,13.33,0.92,8.49,5.88,0.39,11
4/9/2019 20:00,35893.84,13.89,1.09,4.92,6,0.46,6
4/9/2019 21:00,35893.88,12.22,1.14,1.79,5.01,0.54,6
4/9/2019 22:00,35893.92,10.56,0.75,1.34,4.45,0.62,6
4/9/2019 23:00,35893.97,16.67,12.58,0.45,2.27,4.09,6
4/10/2019 0:00,35894,7.78,1.75,1.79,0.75,0.77,7
4/10/2019 1:00,35894.04,8.33,2.07,1.34,5.72,0.85,6
4/10/2019 2:00,35894.08,8.33,2.07,0.45,4.45,0.93,6
4/10/2019 3:00,35894.13,6.67,1.52,0.45,2.69,1.01,6
4/10/2019 4:00,35894.17,6.11,1.38,0.45,2.86,1.08,6
4/10/2019 5:00,35894.21,7.78,3.19,1.34,1.59,1.16,7
4/10/2019 6:00,35894.25,8.33,3.72,2.68,1.61,1.24,15
4/10/2019 7:00,35894.29,10,4.31,1.34,1.95,1.31,136
4/10/2019 8:00,35894.34,11.11,4.94,1.34,4.71,1.39,322
4/10/2019 9:00,35894.38,15,6.74,1.34,4.64,1.47,512
4/10/2019 10:00,35894.42,16.11,6.46,0.89,2.34,1.55,667
4/10/2019 11:00,35894.46,18.89,7.88,0.45,2.18,1.62,779
4/10/2019 12:00,35894.5,20,7.97,1.34,5.9,1.7,837
4/10/2019 13:00,35894.55,20,7.65,1.34,0.03,0,839
4/10/2019 14:00,35894.59,22.22,9.01,1.34,4.85,0,779
4/10/2019 15:00,35894.63,21.67,5.49,3.58,6.06,0.38,675
4/10/2019 16:00,35894.67,21.11,3.72,3.58,5.6,0.75,528
4/10/2019 17:00,35894.71,20.56,4.51,1.79,5.76,1.13,340
4/10/2019 18:00,35894.76,18.33,3.32,0.45,5.18,1.5,100
4/10/2019 19:00,35894.8,15.56,2.27,1.34,0.96,1.88,12
4/10/2019 20:00,35894.84,14.44,1.26,0.89,0.91,2.26,6
4/10/2019 21:00,35894.88,13.89,2.06,0.89,3.49,2.63,6
4/10/2019 22:00,35894.92,11.67,1.78,0.45,2.51,3.01,6
4/10/2019 23:00,35894.97,8.89,0.99,0.89,4.33,0.7,6
4/11/2019 0:00,35895,11.67,4.56,0.89,2.04,3.76,6
4/11/2019 1:00,35895.04,11.67,5.02,3.13,1.61,4.14,6
4/11/2019 2:00,35895.08,11.67,5.02,2.68,1.94,4.51,6
4/11/2019 3:00,35895.13,11.11,4.94,1.79,1.92,4.89,6
4/11/2019 4:00,35895.17,10,4.72,2.68,1.87,5.27,6
4/11/2019 5:00,35895.21,10.56,5.26,1.79,1.88,5.64,6
4/11/2019 6:00,35895.25,10,4.93,4.02,1.83,6.02,15
4/11/2019 7:00,35895.29,11.67,5.47,3.13,1.59,6.39,133
4/11/2019 8:00,35895.34,14.44,7.43,0.89,4.69,6.77,262
4/11/2019 9:00,35895.38,17.78,8.29,0.45,3.93,7.15,494
4/11/2019 10:00,35895.42,17.78,7.15,1.34,3.68,7.52,403
4/11/2019 11:00,35895.46,20,7.32,1.79,4,7.9,512
4/11/2019 12:00,35895.5,18.33,6.13,1.34,4.69,8.27,475
4/11/2019 13:00,35895.55,21.11,7.65,1.79,6.28,7.76,488
4/11/2019 14:00,35895.59,20.56,7.14,1.34,4.52,4.61,600
4/11/2019 15:00,35895.63,18.33,5.8,3.13,5.79,4.53,576
4/11/2019 16:00,35895.67,17.78,6.86,5.36,5.93,4.46,279
4/11/2019 17:00,35895.71,17.78,3.56,3.58,5.69,4.38,295
4/11/2019 18:00,35895.76,17.22,3.78,2.68,5.76,4.3,91
4/11/2019 19:00,35895.8,15,3.08,3.58,5.86,4.22,12
4/11/2019 20:00,35895.84,14.44,4.35,4.02,5.78,4.14,6
4/11/2019 21:00,35895.88,11.67,3.85,0.89,5.53,4.06,6
4/11/2019 22:00,35895.92,11.67,4.56,1.34,5.48,3.99,6
4/11/2019 23:00,35895.97,11.11,2.07,1.79,1.47,3.38,6
4/12/2019 0:00,35896,8.89,3.86,1.34,4.61,3.83,6
4/12/2019 1:00,35896.04,8.33,3.92,0.45,5.24,3.75,7
4/12/2019 2:00,35896.08,8.33,4.3,0,3.49,3.67,7
4/12/2019 3:00,35896.13,6.67,3.24,0.45,4.29,3.59,7
4/12/2019 4:00,35896.17,7.22,4.14,1.34,3.74,3.52,7
4/12/2019 5:00,35896.21,6.11,3.23,1.79,2.04,3.44,6
4/12/2019 6:00,35896.25,8.89,5.59,3.13,1.1,3.36,16
4/12/2019 7:00,35896.29,11.11,7.38,1.79,2.15,3.28,139
4/12/2019 8:00,35896.34,13.89,8.46,0.89,3.94,3.2,318
4/12/2019 9:00,35896.38,15.56,9.18,0.89,4.26,3.12,494
4/12/2019 10:00,35896.42,15.56,7.76,2.24,2.22,3.05,608
4/12/2019 11:00,35896.46,19.44,10.12,1.34,1.61,2.97,775
4/12/2019 12:00,35896.5,21.11,10.54,2.68,6.18,2.89,812
4/12/2019 13:00,35896.55,18.89,8.18,1.79,0.07,3.45,743
4/12/2019 14:00,35896.59,21.11,9.63,1.79,1.13,4.74,597
4/12/2019 15:00,35896.63,23.89,11.54,1.34,4.75,4.66,657
4/12/2019 16:00,35896.67,23.89,10.17,2.68,4.68,4.57,514
4/12/2019 17:00,35896.71,23.33,8.57,0.89,4.92,4.48,345
4/12/2019 18:00,35896.76,21.11,6.93,0.45,4.33,4.4,101
4/12/2019 19:00,35896.8,16.11,3.77,0.89,3.02,4.31,13
4/12/2019 20:00,35896.84,15.56,4.81,1.79,2.43,4.22,6
4/12/2019 21:00,35896.88,14.44,6.22,2.68,1.75,4.14,6
4/12/2019 22:00,35896.92,13.89,6.43,2.24,1.5,4.05,6
4/12/2019 23:00,35896.97,10,3.88,0.89,4.47,3.91,6
4/13/2019 0:00,35897,13.89,8.03,2.24,1.71,3.88,6
4/13/2019 1:00,35897.04,12.78,6.97,3.13,1.62,3.79,6
4/13/2019 2:00,35897.08,12.22,6.86,3.13,1.61,3.71,6
4/13/2019 3:00,35897.13,12.78,7.6,3.13,1.48,3.62,6
4/13/2019 4:00,35897.17,12.78,7.39,4.47,1.85,3.53,6
4/13/2019 5:00,35897.21,12.78,7.39,4.02,1.55,3.45,6
4/13/2019 6:00,35897.25,12.78,6.53,4.02,1.12,3.36,16
4/13/2019 7:00,35897.29,15,7.24,2.68,1.57,3.28,141
4/13/2019 8:00,35897.34,17.22,7.77,3.13,1.62,3.19,328
4/13/2019 9:00,35897.38,19.44,8.7,0.89,0.99,3.1,513
4/13/2019 10:00,35897.42,24.44,11.03,0.89,0.05,3.02,666
4/13/2019 11:00,35897.46,26.11,10.67,0.89,5.08,2.93,766
4/13/2019 12:00,35897.5,24.44,8.38,1.79,0.73,2.84,816
4/13/2019 13:00,35897.55,24.44,7.96,1.79,6.25,1.24,800
4/13/2019 14:00,35897.59,26.67,9.51,1.34,1.75,3.63,642
4/13/2019 15:00,35897.63,27.78,8.14,1.79,4.63,3.57,588
4/13/2019 16:00,35897.67,26.67,8.15,1.34,2.34,3.51,501
4/13/2019 17:00,35897.71,26.11,8.12,0.45,5.1,3.45,328
4/13/2019 18:00,35897.76,22.78,7.29,1.34,5.67,3.4,107
4/13/2019 19:00,35897.8,20,6.98,1.34,1.62,3.34,14
4/13/2019 20:00,35897.84,17.78,6.25,0.89,1.08,3.28,6
4/13/2019 21:00,35897.88,17.78,8.29,1.79,1.06,3.22,6
4/13/2019 22:00,35897.92,16.11,7.27,2.24,1.4,3.16,6
4/13/2019 23:00,35897.97,13.89,7.59,2.24,1.5,3.97,6
4/14/2019 0:00,35898,16.11,7.53,2.68,1.85,3.05,6
4/14/2019 1:00,35898.04,14.44,6.71,1.79,1.88,2.99,6
4/14/2019 2:00,35898.08,13.89,7.13,3.58,1.88,2.93,6
4/14/2019 3:00,35898.13,15,7.24,1.34,1.36,2.87,6
4/14/2019 4:00,35898.17,13.33,6.14,2.24,1.62,2.81,6
4/14/2019 5:00,35898.21,13.89,6.9,3.13,1.8,2.75,6
4/14/2019 6:00,35898.25,15,7.24,2.68,1.71,2.7,16
4/14/2019 7:00,35898.29,16.67,7.52,0.89,1.55,2.64,141
4/14/2019 8:00,35898.34,21.67,11.92,0.45,5.95,2.58,330
4/14/2019 9:00,35898.38,23.89,11.87,1.79,1.64,2.52,511
4/14/2019 10:00,35898.42,26.11,10.67,1.34,1.36,2.46,668
4/14/2019 11:00,35898.46,27.78,11.35,1.79,1.08,2.41,782
4/14/2019 12:00,35898.5,27.78,10.05,1.79,5.62,2.35,833
4/14/2019 13:00,35898.55,28.89,9.61,0.45,2.83,0,838
4/14/2019 14:00,35898.59,29.44,9.07,1.34,5.78,0,788
4/14/2019 15:00,35898.63,31.11,12.05,0.45,5.53,0.17,682
4/14/2019 16:00,35898.67,30,8.46,1.79,5.92,0.34,526
4/14/2019 17:00,35898.71,27.22,6.61,4.02,5.81,0.51,344
4/14/2019 18:00,35898.76,24.44,6.2,2.68,5.95,0.68,102
4/14/2019 19:00,35898.8,21.11,5,1.34,5.9,0.85,12
4/14/2019 20:00,35898.84,19.44,5.79,0.89,6.04,1.02,6
4/14/2019 21:00,35898.88,17.78,7.15,0.89,4.52,1.2,6
4/14/2019 22:00,35898.92,14.44,5.96,0.45,1.97,1.37,6
4/14/2019 23:00,35898.97,16.11,7.27,3.13,1.59,3.1,6
4/15/2019 0:00,35899,13.33,7.93,0.45,4.64,1.71,6
4/15/2019 1:00,35899.04,12.78,7.39,0.45,5.13,1.88,6
4/15/2019 2:00,35899.08,12.78,7.81,0.45,4.07,2.05,6
4/15/2019 3:00,35899.13,13.33,8.55,0.89,4,2.22,6
4/15/2019 4:00,35899.17,12.78,8.01,1.34,4.73,2.39,6
4/15/2019 5:00,35899.21,12.22,7.68,0.45,2.74,2.56,6
4/15/2019 6:00,35899.25,12.22,7.88,0.45,3.23,2.73,13
4/15/2019 7:00,35899.29,13.89,8.88,0.45,4,2.9,69
4/15/2019 8:00,35899.34,14.44,7.66,0,5.69,3.07,146
4/15/2019 9:00,35899.38,16.67,8.31,0.45,4.07,3.24,253
4/15/2019 10:00,35899.42,20,10.36,0.89,0.49,3.42,500
4/15/2019 11:00,35899.46,20,10.08,1.79,0.35,3.59,656
4/15/2019 12:00,35899.5,23.33,10.7,2.68,0.1,3.76,787
4/15/2019 13:00,35899.55,23.89,6.61,1.34,5.25,4.25,718
4/15/2019 14:00,35899.59,25,4.69,3.13,5.71,2.12,687
4/15/2019 15:00,35899.63,21.11,1.33,5.36,5.81,2.27,437
4/15/2019 16:00,35899.67,20,0.88,5.81,5.9,2.43,181
4/15/2019 17:00,35899.71,19.44,1.81,4.02,5.86,2.58,89
4/15/2019 18:00,35899.76,17.22,0.72,0.45,3.58,2.73,33
4/15/2019 19:00,35899.8,13.89,1.09,4.47,5.71,2.88,8
4/15/2019 20:00,35899.84,11.11,3.8,0.89,1.92,3.04,6
4/15/2019 21:00,35899.88,10,4.31,0.45,4.97,3.19,6
4/15/2019 22:00,35899.92,10.56,5.46,1.34,0.24,3.34,6
4/15/2019 23:00,35899.97,13.33,7.06,0.45,1.15,1.54,6
4/16/2019 0:00,35900,11.11,7.57,1.34,4.57,3.65,6
4/16/2019 1:00,35900.04,10,6.85,0.45,4.66,3.8,6
4/16/2019 2:00,35900.08,10,7.21,0.89,4.78,3.96,6
4/16/2019 3:00,35900.13,10,7.39,1.79,0.8,4.11,6
4/16/2019 4:00,35900.17,11.11,8.48,0.45,3.16,4.26,7
4/16/2019 5:00,35900.21,11.11,8.66,0.45,3.65,4.42,7
4/16/2019 6:00,35900.25,10.56,8.29,0.45,3.05,4.57,9
4/16/2019 7:00,35900.29,11.67,9.55,0.89,4.61,4.72,32
4/16/2019 8:00,35900.34,11.67,9.38,1.34,1.75,4.87,94
4/16/2019 9:00,35900.38,13.33,11.02,0.45,4.42,5.03,188
4/16/2019 10:00,35900.42,15,11.74,0.45,5.83,5.18,266
4/16/2019 11:00,35900.46,15.56,12.28,0.89,5.43,5.33,324
4/16/2019 12:00,35900.5,17.78,13.46,1.34,5.17,5.49,699
4/16/2019 13:00,35900.55,20,14.11,2.24,5.72,4.28,719
4/16/2019 14:00,35900.59,18.89,11.89,1.34,5.59,4.07,634
4/16/2019 15:00,35900.63,20,11.44,4.02,5.76,3.99,615
4/16/2019 16:00,35900.67,20,10.91,1.34,4.96,3.92,523
4/16/2019 17:00,35900.71,18.89,9.33,5.81,5.99,3.84,354
4/16/2019 18:00,35900.76,17.78,9.35,2.68,5.69,3.76,92
4/16/2019 19:00,35900.8,15.56,7.51,1.79,5.67,3.69,15
4/16/2019 20:00,35900.84,13.89,7.13,0.45,4.8,3.61,6
4/16/2019 21:00,35900.88,12.78,6.97,0.45,4.49,3.54,6
4/16/2019 22:00,35900.92,11.67,6.53,0.89,5.38,3.46,6
4/16/2019 23:00,35900.97,10.56,6.26,2.68,2.04,3.5,6
4/17/2019 0:00,35901,12.22,7.88,0.45,4.66,3.31,6
4/17/2019 1:00,35901.04,11.11,7.19,0.45,5.93,3.23,6
4/17/2019 2:00,35901.08,10,6.3,1.79,2.16,3.16,6
4/17/2019 3:00,35901.13,9.44,6.13,1.34,4.64,3.08,6
4/17/2019 4:00,35901.17,10,6.85,0.89,4.1,3,6
4/17/2019 5:00,35901.21,10,7.21,1.79,1.85,2.93,6
4/17/2019 6:00,35901.25,10.56,7.58,1.79,1.97,2.85,19
4/17/2019 7:00,35901.29,13.33,9.35,0.45,3.65,2.78,157
4/17/2019 8:00,35901.34,17.78,12.2,0.89,3.46,2.7,334
4/17/2019 9:00,35901.38,17.78,11.07,0.89,2.58,2.62,519
4/17/2019 10:00,35901.42,21.11,12.75,1.34,3.8,2.55,674
4/17/2019 11:00,35901.46,22.22,12.15,0.45,3.79,2.47,793
4/17/2019 12:00,35901.5,22.22,10.65,0.45,2.95,2.4,839
4/17/2019 13:00,35901.55,24.44,11.38,0.45,4.4,1.35,809
4/17/2019 14:00,35901.59,25.56,12.39,0.45,0.38,0,783
4/17/2019 15:00,35901.63,25.56,10.57,0,3.79,0.07,730
4/17/2019 16:00,35901.67,22.78,10.19,1.79,1.08,0.15,511
4/17/2019 17:00,35901.71,25,11.88,1.79,6.16,0.22,347
4/17/2019 18:00,35901.76,22.22,10.96,2.24,6.09,0.29,86
4/17/2019 19:00,35901.8,17.78,8.56,0.45,3.39,0.37,13
4/17/2019 20:00,35901.84,18.33,9.61,1.79,1.03,0.44,6
4/17/2019 21:00,35901.88,17.22,9.34,0.89,1.03,0.52,6
4/17/2019 22:00,35901.92,16.11,9.71,2.68,1.33,0.59,6
4/17/2019 23:00,35901.97,11.67,7.14,0.89,4.63,3.38,6
4/18/2019 0:00,35902,15.56,9.84,2.68,1.4,0.74,6
4/18/2019 1:00,35902.04,15,9.74,3.13,1.71,0.81,6
4/18/2019 2:00,35902.08,15.56,10.49,4.02,1.54,0.88,6
4/18/2019 3:00,35902.13,13.89,9.29,4.47,1.55,0.96,6
4/18/2019 4:00,35902.17,13.89,9.29,3.58,1.5,1.03,6
4/18/2019 5:00,35902.21,14.44,9.62,4.02,1.68,1.11,6
4/18/2019 6:00,35902.25,14.44,9.62,2.68,1.48,1.18,22
4/18/2019 7:00,35902.29,15.56,10.28,2.24,1.87,1.25,161
4/18/2019 8:00,35902.34,18.33,11.6,2.68,1.17,1.33,349
4/18/2019 9:00,35902.38,22.78,14.32,0.45,1.34,1.4,533
4/18/2019 10:00,35902.42,24.44,14.51,1.79,1.13,1.47,687
4/18/2019 11:00,35902.46,27.22,15.26,1.34,6.02,1.55,794
4/18/2019 12:00,35902.5,27.22,14.26,1.79,0.94,1.62,859
4/18/2019 13:00,35902.55,27.22,13.19,2.24,1.06,0,838
4/18/2019 14:00,35902.59,30.56,13.83,0.89,2.93,0,796
4/18/2019 15:00,35902.63,32.22,13.98,0.45,5.9,0.18,695
4/18/2019 16:00,35902.67,32.22,12.52,0.45,5.67,0.36,465
4/18/2019 17:00,35902.71,30,11.55,0.89,5.88,0.55,313
4/18/2019 18:00,35902.76,28.33,9.61,0.45,5.41,0.73,88
4/18/2019 19:00,35902.8,23.89,9.44,1.34,0.87,0.91,19
4/18/2019 20:00,35902.84,22.78,10.19,2.24,1.33,1.09,5
4/18/2019 21:00,35902.88,21.67,10.14,2.68,1.41,1.27,6
4/18/2019 22:00,35902.92,19.44,8.99,2.68,1.33,1.46,5
4/18/2019 23:00,35902.97,16.67,10.69,2.68,1.48,0.66,6
4/19/2019 0:00,35903,19.44,8.99,3.58,1.82,1.82,6
4/19/2019 1:00,35903.04,17.22,8.04,3.58,1.69,2,6
4/19/2019 2:00,35903.08,18.33,7.37,4.02,1.45,2.18,6
4/19/2019 3:00,35903.13,19.44,6.81,4.02,1.59,2.37,6
4/19/2019 4:00,35903.17,18.89,5.63,0.89,2.88,2.55,5
4/19/2019 5:00,35903.21,17.22,6.93,1.34,0.93,2.73,6
4/19/2019 6:00,35903.25,17.22,7.77,0.89,1.03,2.91,26
4/19/2019 7:00,35903.29,18.89,9.05,0.45,1.85,3.09,187
4/19/2019 8:00,35903.34,21.11,10.83,0.45,3.75,3.28,216
4/19/2019 9:00,35903.38,23.89,11.54,0.89,0.94,3.46,401
4/19/2019 10:00,35903.42,27.22,9.56,1.34,6.25,3.64,721
4/19/2019 11:00,35903.46,30.56,13.4,0.89,5.39,3.82,703
4/19/2019 12:00,35903.5,32.78,12.49,0.45,6.06,4,785
4/19/2019 13:00,35903.55,32.78,11.41,0.89,4.49,1.76,807
4/19/2019 14:00,35903.59,33.33,11.89,2.68,5.97,0,794
4/19/2019 15:00,35903.63,33.33,12.44,1.34,5.67,0.42,628
4/19/2019 16:00,35903.67,33.33,12.98,0.45,4.83,0.84,589
4/19/2019 17:00,35903.71,27.22,10.86,0.89,4.8,1.26,207
4/19/2019 18:00,35903.76,26.11,12.54,0.45,0.44,1.68,107
4/19/2019 19:00,35903.8,23.33,11.36,1.79,0.91,2.1,12
4/19/2019 20:00,35903.84,22.22,11.86,0.89,0.4,2.51,6
4/19/2019 21:00,35903.88,22.22,12.72,1.79,2.23,2.93,6
4/19/2019 22:00,35903.92,19.44,11.69,0.89,1.71,3.35,5
4/19/2019 23:00,35903.97,18.89,9.87,3.58,1.33,1.64,6
4/20/2019 0:00,35904,16.67,11.56,0.45,2.62,4.19,6
4/20/2019 1:00,35904.04,14.44,10.03,0.89,4.61,4.61,6
4/20/2019 2:00,35904.08,14.44,10.43,0.89,3.23,5.03,6
4/20/2019 3:00,35904.13,14.44,10.82,0.45,4.59,5.45,6
4/20/2019 4:00,35904.17,13.33,10.11,0.89,4.63,5.87,6
4/20/2019 5:00,35904.21,13.33,10.48,2.24,1.94,6.29,6
4/20/2019 6:00,35904.25,13.33,10.3,1.34,4.42,6.71,25
4/20/2019 7:00,35904.29,13.89,10.46,1.34,4.64,7.13,108
4/20/2019 8:00,35904.34,16.67,12.18,0.89,4.49,7.54,290
4/20/2019 9:00,35904.38,20.56,14.41,1.34,5.27,7.96,444
4/20/2019 10:00,35904.42,21.67,13.79,0.45,3.98,8.38,543
4/20/2019 11:00,35904.46,22.22,12.99,0.89,3.82,8.8,598
4/20/2019 12:00,35904.5,21.11,13.01,4.47,5.88,9.22,393
4/20/2019 13:00,35904.55,23.89,12.5,5.36,6.14,1.22,818
4/20/2019 14:00,35904.59,25.56,12.73,1.79,5.15,0,743
4/20/2019 15:00,35904.63,25.56,12.73,1.79,5.38,0.12,610
4/20/2019 16:00,35904.67,25,11.53,4.02,5.85,0.24,539
4/20/2019 17:00,35904.71,23.33,11.36,0.89,6.27,0.36,353
4/20/2019 18:00,35904.76,19.44,8.09,1.79,4.47,0.47,113
4/20/2019 19:00,35904.8,15.56,5.94,3.58,5.72,0.59,14
4/20/2019 20:00,35904.84,13.89,5.69,3.13,5.86,0.71,6
4/20/2019 21:00,35904.88,12.78,5.14,4.02,5.85,0.83,6
4/20/2019 22:00,35904.92,10,3.43,0.89,5.72,0.95,6
4/20/2019 23:00,35904.97,17.78,11.3,1.34,4.49,3.77,6
4/21/2019 0:00,35905,8.89,3.45,0.89,4.82,1.18,7
4/21/2019 1:00,35905.04,8.89,4.06,0.45,5.17,1.3,6
4/21/2019 2:00,35905.08,7.78,2.99,0.45,5.27,1.42,6
4/21/2019 3:00,35905.13,7.78,3.19,0.89,4.24,1.54,6
4/21/2019 4:00,35905.17,8.33,4.11,0.45,4.26,1.66,6
4/21/2019 5:00,35905.21,6.67,2.87,1.34,3.8,1.78,6
4/21/2019 6:00,35905.25,8.33,4.68,0.45,5.27,1.89,27
4/21/2019 7:00,35905.29,10,5.53,0.45,3.28,2.01,168
4/21/2019 8:00,35905.34,14.44,8.12,0.45,3.77,2.13,356
4/21/2019 9:00,35905.38,18.33,10.38,0.45,2.43,2.25,541
4/21/2019 10:00,35905.42,19.44,10.39,1.79,4.66,2.37,693
4/21/2019 11:00,35905.46,20.56,10.88,0.89,3.77,2.49,721
4/21/2019 12:00,35905.5,20.56,10.31,0.89,4,2.6,842
4/21/2019 13:00,35905.55,22.78,11.47,0.89,1.29,1.39,818
4/21/2019 14:00,35905.59,22.78,10.19,1.34,2.5,0,792
4/21/2019 15:00,35905.63,23.33,11.36,0.89,4.36,0.09,659
4/21/2019 16:00,35905.67,22.78,9.85,0.45,5.15,0.18,472
4/21/2019 17:00,35905.71,23.89,9.81,4.02,5.95,0.27,352
4/21/2019 18:00,35905.76,23.33,10.02,0.89,4.15,0.36,129
4/21/2019 19:00,35905.8,18.89,6.63,0,3.18,0.46,16
4/21/2019 20:00,35905.84,17.22,7.21,0.45,3.74,0.55,6
4/21/2019 21:00,35905.88,15,6.74,0.89,2.48,0.64,6
4/21/2019 22:00,35905.92,15,7.72,0.45,3.46,0.73,6
4/21/2019 23:00,35905.97,10,3.66,0.45,3.8,1.07,6
4/22/2019 0:00,35906,15,9.09,2.24,2.16,0.91,6
4/22/2019 1:00,35906.04,13.89,8.03,1.79,1.29,1,6
4/22/2019 2:00,35906.08,13.89,8.67,2.24,1.9,1.09,6
4/22/2019 3:00,35906.13,12.78,7.81,0.45,4.21,1.18,6
4/22/2019 4:00,35906.17,13.33,8.34,1.34,2.04,1.27,6
4/22/2019 5:00,35906.21,12.22,7.68,1.34,1.97,1.37,6
4/22/2019 6:00,35906.25,12.78,8.42,0.45,1.8,1.46,28
4/22/2019 7:00,35906.29,15.56,10.06,1.79,1.55,1.55,173
4/22/2019 8:00,35906.34,18.89,11.89,1.79,0.89,1.64,363
4/22/2019 9:00,35906.38,21.67,12.74,0.89,3.42,1.73,543
4/22/2019 10:00,35906.42,24.44,12.7,2.68,3.82,1.82,696
4/22/2019 11:00,35906.46,25.56,11.32,0.89,1.27,1.91,805
4/22/2019 12:00,35906.5,28.33,12.26,0.89,1.52,2,860
4/22/2019 13:00,35906.55,28.33,11.42,0.89,2.79,0,858
4/22/2019 14:00,35906.59,30,11.55,0.45,1.38,0,809
4/22/2019 15:00,35906.63,30.56,11.56,0.45,4.4,0.1,699
4/22/2019 16:00,35906.67,28.89,10.57,0.89,4.61,0.21,544
4/22/2019 17:00,35906.71,28.89,10.1,0.45,3.53,0.31,360
4/22/2019 18:00,35906.76,26.11,9.87,0.45,4.61,0.42,107
4/22/2019 19:00,35906.8,21.67,7.8,0,4.28,0.52,18
4/22/2019 20:00,35906.84,21.11,9.63,0.89,1.01,0.62,5
4/22/2019 21:00,35906.88,19.44,9.56,4.02,1.55,0.73,6
4/22/2019 22:00,35906.92,18.89,9.33,3.13,1.66,0.83,6
4/22/2019 23:00,35906.97,13.89,7.13,1.34,2.29,0.82,6
4/23/2019 0:00,35907,17.22,9.58,3.13,1.73,1.04,6
4/23/2019 1:00,35907.04,17.22,9.83,4.02,1.55,1.14,6
4/23/2019 2:00,35907.08,16.67,10.01,3.58,1.59,1.25,6
4/23/2019 3:00,35907.13,16.67,10.24,3.58,1.92,1.35,6
4/23/2019 4:00,35907.17,16.11,9.93,3.58,1.88,1.46,6
4/23/2019 5:00,35907.21,16.11,10.16,4.92,1.92,1.56,6
4/23/2019 6:00,35907.25,15.56,9.4,4.92,1.38,1.67,26
4/23/2019 7:00,35907.29,17.22,10.07,4.47,1.48,1.77,174
4/23/2019 8:00,35907.34,21.11,12.22,3.58,1.34,1.87,361
4/23/2019 9:00,35907.38,24.44,13.32,1.79,1.06,1.98,541
4/23/2019 10:00,35907.42,27.78,12.57,0.45,0.79,2.08,696
4/23/2019 11:00,35907.46,30,12.46,0.89,0.31,2.19,800
4/23/2019 12:00,35907.5,30.56,11.06,0.45,4.29,2.29,855
4/23/2019 13:00,35907.55,30,10.07,2.24,6.09,0,854
4/23/2019 14:00,35907.59,31.11,10.52,0.89,0.73,0,804
4/23/2019 15:00,35907.63,33.89,10.61,0.89,1.05,0.1,703
4/23/2019 16:00,35907.67,34.44,10.45,0.45,5.53,0.19,549
4/23/2019 17:00,35907.71,32.78,9.66,0.45,5.43,0.29,365
4/23/2019 18:00,35907.76,28.89,8.59,0.89,3.58,0.39,130
4/23/2019 19:00,35907.8,25,8.03,0.89,4.42,0.48,15
4/23/2019 20:00,35907.84,23.89,7.88,1.34,0.59,0.58,5
4/23/2019 21:00,35907.88,22.22,9.68,1.79,1.68,0.68,5
4/23/2019 22:00,35907.92,21.11,10.24,2.24,1.92,0.78,6
4/23/2019 23:00,35907.97,18.33,10.13,3.58,1.82,0.94,6
4/24/2019 0:00,35908,20.56,11.16,3.58,1.61,0.97,6
4/24/2019 1:00,35908.04,20,10.91,2.68,1.87,1.07,5
4/24/2019 2:00,35908.08,18.89,9.87,3.13,1.57,1.16,5
4/24/2019 3:00,35908.13,18.33,9.87,3.13,1.64,1.26,6
4/24/2019 4:00,35908.17,17.78,9.35,3.58,1.57,1.36,6
4/24/2019 5:00,35908.21,17.22,9.34,4.02,1.73,1.45,6
4/24/2019 6:00,35908.25,18.89,10.4,3.13,1.55,1.55,28
4/24/2019 7:00,35908.29,20.56,10.31,2.68,1.57,1.65,176
4/24/2019 8:00,35908.34,24.44,11.72,2.24,1.17,1.75,363
4/24/2019 9:00,35908.38,28.89,12.76,0.89,0.94,1.84,543
4/24/2019 10:00,35908.42,31.67,12.53,0.45,3.23,1.94,695
4/24/2019 11:00,35908.46,32.78,10.85,0.45,1.97,2.04,806
4/24/2019 12:00,35908.5,32.78,9.66,1.34,1.8,2.13,861
4/24/2019 13:00,35908.55,33.89,9.97,1.34,6.04,0,855
4/24/2019 14:00,35908.59,36.11,9.78,1.34,5.45,0,806
4/24/2019 15:00,35908.63,37.22,10.71,0.89,4.31,0.09,703
4/24/2019 16:00,35908.67,36.67,10.97,0.45,1.47,0.18,548
4/24/2019 17:00,35908.71,35,9.57,0.89,5.24,0.27,368
4/24/2019 18:00,35908.76,31.67,9.89,0.45,4.8,0.36,130
4/24/2019 19:00,35908.8,27.22,9.1,0.45,4.59,0.46,14
4/24/2019 20:00,35908.84,26.11,9.02,0.89,1.55,0.55,5
4/24/2019 21:00,35908.88,25.56,11.32,2.24,1.36,0.64,5
4/24/2019 22:00,35908.92,23.33,10.7,4.02,1.41,0.73,5
4/24/2019 23:00,35908.97,21.11,11.4,3.58,1.97,0.87,5
4/25/2019 0:00,35909,22.78,11.16,1.79,1.57,0.91,6
4/25/2019 1:00,35909.04,21.67,11.05,2.24,1.45,1,5
4/25/2019 2:00,35909.08,21.11,10.24,1.79,1.69,1.09,5
4/25/2019 3:00,35909.13,21.11,10.24,0.45,0.09,1.19,6
4/25/2019 4:00,35909.17,20,9.8,1.34,1.94,1.28,6
4/25/2019 5:00,35909.21,20.56,10.02,2.68,1.52,1.37,5
4/25/2019 6:00,35909.25,20.56,9.72,2.68,1.43,1.46,32
4/25/2019 7:00,35909.29,23.33,11.67,1.79,1.71,1.55,182
4/25/2019 8:00,35909.34,27.78,12.95,1.34,0.8,1.64,375
4/25/2019 9:00,35909.38,31.11,13.45,0.45,4.03,1.73,554
4/25/2019 10:00,35909.42,32.22,12.01,0.45,3.42,1.82,704
4/25/2019 11:00,35909.46,35,12.17,0.89,4.36,1.92,812
4/25/2019 12:00,35909.5,35.56,12.03,0.45,4.49,2.01,866
4/25/2019 13:00,35909.55,36.67,11.66,1.34,4.47,0,863
4/25/2019 14:00,35909.59,38.33,13.07,0.45,4.33,0,810
4/25/2019 15:00,35909.63,36.67,11.66,0.89,6.06,0.09,660
4/25/2019 16:00,35909.67,36.11,10.5,0.45,3.19,0.17,490
4/25/2019 17:00,35909.71,35,10.92,0.89,2.51,0.26,270
4/25/2019 18:00,35909.76,34.44,11.08,0.45,4.94,0.34,153
4/25/2019 19:00,35909.8,28.33,9.12,0.89,5.08,0.43,18
4/25/2019 20:00,35909.84,25.56,9.37,1.34,0.26,0.51,5
4/25/2019 21:00,35909.88,24.44,11.03,1.34,0.8,0.6,5
4/25/2019 22:00,35909.92,23.89,11.21,2.24,1.2,0.68,5
4/25/2019 23:00,35909.97,23.33,11.36,2.68,1.71,0.82,5
4/26/2019 0:00,35910,22.22,12.15,2.24,1.78,0.85,6
4/26/2019 1:00,35910.04,21.67,11.92,0.89,0.03,0.94,5
4/26/2019 2:00,35910.08,20,10.36,0.45,4.03,1.02,6
4/26/2019 3:00,35910.13,18.89,10.91,1.34,1.43,1.11,6
4/26/2019 4:00,35910.17,19.44,12.66,0.89,0.33,1.19,6
4/26/2019 5:00,35910.21,18.89,13.04,1.34,0.93,1.28,6
4/26/2019 6:00,35910.25,20,11.7,2.24,1.48,1.36,36
4/26/2019 7:00,35910.29,23.89,12.81,1.79,1.17,1.45,190
4/26/2019 8:00,35910.34,28.33,14.2,1.34,1.66,1.53,375
4/26/2019 9:00,35910.38,30,12.91,0.45,3.77,1.62,556
4/26/2019 10:00,35910.42,32.78,13.01,0.45,4.31,1.7,705
4/26/2019 11:00,35910.46,34.44,13.41,1.34,4.31,1.79,813
4/26/2019 12:00,35910.5,35,12.76,1.79,5.15,1.87,871
4/26/2019 13:00,35910.55,36.11,11.19,0.89,3.09,0,873
4/26/2019 14:00,35910.59,36.11,10.5,1.34,4.19,0,820
4/26/2019 15:00,35910.63,36.11,7.4,0.89,4.45,0.21,695
4/26/2019 16:00,35910.67,35,6.49,0.89,5.39,0.43,541
4/26/2019 17:00,35910.71,35.56,6.07,1.34,5.57,0.64,404
4/26/2019 18:00,35910.76,31.67,5.33,1.34,5.67,0.86,158
4/26/2019 19:00,35910.8,25,3.02,0.45,0.38,1.07,19
4/26/2019 20:00,35910.84,23.89,4.75,0.45,0.16,1.29,5
4/26/2019 21:00,35910.88,22.78,6.06,1.34,5.93,1.5,5
4/26/2019 22:00,35910.92,20.56,8.16,1.79,1.66,1.72,6
4/26/2019 23:00,35910.97,22.78,11.78,2.24,1.8,0.77,5
4/27/2019 0:00,35911,17.78,6.25,0.89,0.75,2.14,6
4/27/2019 1:00,35911.04,18.89,9.6,1.79,1.54,2.36,6
4/27/2019 2:00,35911.08,17.78,9.61,1.34,1.38,2.57,6
4/27/2019 3:00,35911.13,18.33,9.61,1.79,1.31,2.79,6
4/27/2019 4:00,35911.17,16.67,8.05,1.34,1.47,3,6
4/27/2019 5:00,35911.21,16.67,9.3,1.34,1.41,3.22,6
4/27/2019 6:00,35911.25,18.33,9.08,0.45,3.77,3.43,35
4/27/2019 7:00,35911.29,22.22,10.96,0.89,3.58,3.65,192
4/27/2019 8:00,35911.34,23.89,11.54,0.45,4.56,3.86,376
4/27/2019 9:00,35911.38,27.78,12.95,1.79,2.02,4.07,534
4/27/2019 10:00,35911.42,30,13.34,2.24,2.01,4.29,708
4/27/2019 11:00,35911.46,30,12.01,0.89,4.96,4.5,694
4/27/2019 12:00,35911.5,30.56,10.03,2.24,3.91,4.72,764
4/27/2019 13:00,35911.55,33.33,11.33,0.89,4.17,0,886
4/27/2019 14:00,35911.59,33.89,12.37,1.34,6.21,0,750
4/27/2019 15:00,35911.63,31.67,7.44,1.34,4.63,0.07,519
4/27/2019 16:00,35911.67,31.11,6.97,0.45,0.14,0.14,320
4/27/2019 17:00,35911.71,29.44,6.82,0.45,1.05,0.21,171
4/27/2019 18:00,35911.76,25.56,5.7,0.45,4.76,0.28,89
4/27/2019 19:00,35911.8,21.67,4.21,0.45,1.8,0.35,19
4/27/2019 20:00,35911.84,21.11,5.8,0.89,4.68,0.42,5
4/27/2019 21:00,35911.88,19.44,7.14,0.45,4.61,0.49,5
4/27/2019 22:00,35911.92,18.89,9.6,0.89,0.33,0.57,6
4/27/2019 23:00,35911.97,21.11,8.33,1.34,1.69,1.93,5
4/28/2019 0:00,35912,16.11,8.53,0.89,1.59,0.71,6
4/28/2019 1:00,35912.04,16.67,9.54,1.79,1.87,0.78,6
4/28/2019 2:00,35912.08,15.56,9.18,1.34,1.73,0.85,6
4/28/2019 3:00,35912.13,15,9.31,1.79,1.95,0.92,6
4/28/2019 4:00,35912.17,15.56,10.06,1.79,1.64,0.99,6
4/28/2019 5:00,35912.21,15,9.09,2.24,1.92,1.06,6
4/28/2019 6:00,35912.25,15.56,9.18,2.24,1.55,1.13,37
4/28/2019 7:00,35912.29,21.11,11.68,1.79,2.44,1.2,198
4/28/2019 8:00,35912.34,24.44,13.01,1.34,1.92,1.27,387
4/28/2019 9:00,35912.38,26.11,11.82,0.89,4.56,1.34,566
4/28/2019 10:00,35912.42,28.33,11.85,0.45,0.14,1.41,715
4/28/2019 11:00,35912.46,29.44,11.06,0.89,5.18,1.48,821
4/28/2019 12:00,35912.5,31.67,9.31,0.89,5.48,1.55,881
4/28/2019 13:00,35912.55,32.78,6.25,1.34,4.87,0,884
4/28/2019 14:00,35912.59,33.89,5.58,1.34,5.78,0,830
4/28/2019 15:00,35912.63,35.56,6.07,0.89,3.93,0.13,727
4/28/2019 16:00,35912.67,33.33,4.26,0.89,3.42,0.25,575
4/28/2019 17:00,35912.71,31.67,2,0.45,3.49,0.38,390
4/28/2019 18:00,35912.76,28.89,3.02,0.45,3.61,0.5,154
4/28/2019 19:00,35912.8,22.78,1.7,0.45,3.6,0.63,19
4/28/2019 20:00,35912.84,21.11,2.81,0.45,2.79,0.76,5
4/28/2019 21:00,35912.88,21.11,6.57,3.58,5.79,0.88,5
4/28/2019 22:00,35912.92,20.56,8.16,2.68,0.84,1.01,5
4/28/2019 23:00,35912.97,16.11,8.29,1.79,6.07,0.64,6
4/29/2019 0:00,35913,14.44,5.71,0.45,4,1.26,6
4/29/2019 1:00,35913.04,12.78,6.53,0.45,1.5,1.39,6
4/29/2019 2:00,35913.08,15,8.65,0.45,1.85,1.51,6
4/29/2019 3:00,35913.13,12.22,7.07,0.45,4.14,1.64,6
4/29/2019 4:00,35913.17,11.11,6.8,0.89,4.31,1.77,6
4/29/2019 5:00,35913.21,11.11,7.38,0.89,3.54,1.89,6
4/29/2019 6:00,35913.25,12.78,8.81,0,1.22,2.02,40
4/29/2019 7:00,35913.29,15.56,9.63,1.34,4.82,2.14,189
4/29/2019 8:00,35913.34,19.44,12.89,1.79,0.91,2.27,373
4/29/2019 9:00,35913.38,23.33,14.03,2.68,2.22,2.4,550
4/29/2019 10:00,35913.42,23.89,13.11,1.79,2.3,2.52,698
4/29/2019 11:00,35913.46,23.89,11.54,2.24,1.06,2.65,805
4/29/2019 12:00,35913.5,26.11,11.07,1.79,3.42,2.77,852
4/29/2019 13:00,35913.55,28.89,10.1,1.34,4.42,0,865
4/29/2019 14:00,35913.59,29.44,9.07,0.89,4.87,0,815
4/29/2019 15:00,35913.63,30,7.88,1.34,4.82,0.25,708
4/29/2019 16:00,35913.67,28.33,6.46,1.79,5.81,0.5,561
4/29/2019 17:00,35913.71,27.78,7.62,2.24,5.43,0.76,374
4/29/2019 18:00,35913.76,26.11,7.66,0.45,2.67,1.01,146
4/29/2019 19:00,35913.8,20.56,5.69,0.89,5.46,1.26,17
4/29/2019 20:00,35913.84,19.44,6.48,1.34,5.59,1.51,5
4/29/2019 21:00,35913.88,18.33,7.07,0.45,3.74,1.76,5
4/29/2019 22:00,35913.92,15.56,7.26,0.45,2.18,2.02,6
4/29/2019 23:00,35913.97,19.44,6.81,0.89,3.35,1.14,6
4/30/2019 0:00,35914,14.44,6.95,0.89,4.1,2.52,6
4/30/2019 1:00,35914.04,12.78,6.75,1.79,3.79,2.77,6
4/30/2019 2:00,35914.08,11.67,6.33,1.79,3.96,3.02,6
4/30/2019 3:00,35914.13,12.22,7.07,0.89,3.87,3.28,6
4/30/2019 4:00,35914.17,11.67,6.94,0.45,3.75,3.53,6
4/30/2019 5:00,35914.21,11.67,7.14,0.45,2.64,3.78,7
4/30/2019 6:00,35914.25,12.78,7.6,0.89,3.53,4.03,39
4/30/2019 7:00,35914.29,14.44,8.12,1.34,2.95,4.29,187
4/30/2019 8:00,35914.34,19.44,10.92,1.79,4.29,4.54,372
4/30/2019 9:00,35914.38,20,10.36,1.79,1.29,4.79,501
4/30/2019 10:00,35914.42,22.22,10.96,1.79,4.03,5.04,743
4/30/2019 11:00,35914.46,22.22,10.65,1.34,3.04,5.29,588
4/30/2019 12:00,35914.5,23.33,10.36,0.45,4.01,5.55,719
4/30/2019 13:00,35914.55,23.33,10.02,1.34,3.89,8.2,477
4/30/2019 14:00,35914.59,22.22,9.68,0.45,5.6,10,225
4/30/2019 15:00,35914.63,23.33,11.67,2.24,5.79,9.63,329
4/30/2019 16:00,35914.67,26.11,12.9,0.89,4.82,9.25,501
4/30/2019 17:00,35914.71,24.44,11.38,3.13,5.86,8.88,361
4/30/2019 18:00,35914.76,22.22,10.33,0.45,3.87,8.5,135
4/30/2019 19:00,35914.8,17.78,6.86,2.68,5.86,8.13,22
4/30/2019 20:00,35914.84,16.11,5.02,0.45,3.91,7.76,6
4/30/2019 21:00,35914.88,14.44,5.44,0.45,3.26,7.38,6
4/30/2019 22:00,35914.92,12.78,5.14,0.89,4.73,7.01,6
4/30/2019 23:00,35914.97,14.44,6.47,0.45,4.78,2.27,6
5/1/2019 0:00,35915,10,4.72,0.89,4.61,6.26,6
5/1/2019 1:00,35915.04,9.44,4.8,0.89,4.64,5.89,6
5/1/2019 2:00,35915.08,10,5.92,0,5.83,5.51,6
5/1/2019 3:00,35915.13,9.44,5.19,0.89,4.03,5.14,7
5/1/2019 4:00,35915.17,9.44,5.57,1.34,1.99,4.76,6
5/1/2019 5:00,35915.21,10,6.85,0.89,1.55,4.39,7
5/1/2019 6:00,35915.25,11.67,8.11,1.79,1.94,4.02,40
5/1/2019 7:00,35915.29,16.67,10.91,2.24,2.34,3.64,189
5/1/2019 8:00,35915.34,20.56,11.97,0.45,3.21,3.27,380
5/1/2019 9:00,35915.38,22.78,12.38,0.45,2.71,2.89,562
5/1/2019 10:00,35915.42,24.44,11.72,0.89,3.7,2.52,714
5/1/2019 11:00,35915.46,26.11,9.87,0.89,4.49,2.15,826
5/1/2019 12:00,35915.5,26.11,8.12,0.45,4.47,1.77,882
5/1/2019 13:00,35915.55,26.11,7.18,0.45,5.39,1.95,828
5/1/2019 14:00,35915.59,29.44,7.98,0.45,5.79,0,823
5/1/2019 15:00,35915.63,28.33,5.87,2.24,6.13,0.08,721
5/1/2019 16:00,35915.67,28.33,5.87,0.45,4.97,0.16,563
5/1/2019 17:00,35915.71,26.67,4.45,0.45,3.3,0.25,378
5/1/2019 18:00,35915.76,23.89,3.2,0.45,2.53,0.33,144
5/1/2019 19:00,35915.8,20,2.74,1.34,5.67,0.41,19
5/1/2019 20:00,35915.84,17.78,3.2,2.24,5.99,0.49,6
5/1/2019 21:00,35915.88,18.89,5.63,3.13,1.38,0.57,6
5/1/2019 22:00,35915.92,18.89,5.63,1.79,1.36,0.65,6
5/1/2019 23:00,35915.97,11.11,4.72,1.34,4.35,6.63,6
5/2/2019 0:00,35916,15,4,0.45,5.65,0.82,6
5/2/2019 1:00,35916.04,15.56,6.48,2.68,1.78,0.9,6
5/2/2019 2:00,35916.08,15,5.96,2.68,1.52,0.98,6
5/2/2019 3:00,35916.13,15,6.23,2.68,1.52,1.06,6
5/2/2019 4:00,35916.17,13.89,5.18,0.89,1.43,1.15,6
5/2/2019 5:00,35916.21,12.78,4.9,0.45,2.91,1.23,6
5/2/2019 6:00,35916.25,14.44,6.22,1.79,1.76,1.31,45
5/2/2019 7:00,35916.29,15,5.7,0.89,4.21,1.39,200
5/2/2019 8:00,35916.34,18.89,8.18,0.89,4.33,1.47,392
5/2/2019 9:00,35916.38,23.33,8.94,1.79,3.67,1.56,576
5/2/2019 10:00,35916.42,24.44,7.54,2.24,3.39,1.64,725
5/2/2019 11:00,35916.46,27.78,8.14,0.89,4.92,1.72,829
5/2/2019 12:00,35916.5,29.44,6.82,0.45,4.68,1.8,883
5/2/2019 13:00,35916.55,28.89,4.43,1.34,4.89,0,887
5/2/2019 14:00,35916.59,30,3.94,0.89,0.03,0,834
5/2/2019 15:00,35916.63,30.56,2.84,0.45,3.39,0.08,733
5/2/2019 16:00,35916.67,30.56,2.84,3.58,5.95,0.16,581
5/2/2019 17:00,35916.71,29.44,1.93,0.89,3.42,0.24,394
5/2/2019 18:00,35916.76,26.11,0.71,0.45,4.33,0.32,150
5/2/2019 19:00,35916.8,21.11,-0.87,0.45,1.34,0.4,18
5/2/2019 20:00,35916.84,20.56,1.85,2.68,5.9,0.49,5
5/2/2019 21:00,35916.88,21.11,2.33,0.89,6,0.57,5
5/2/2019 22:00,35916.92,19.44,7.14,1.79,1.52,0.65,6
5/2/2019 23:00,35916.97,17.78,6.25,1.79,1.13,0.74,6
5/3/2019 0:00,35917,16.11,4.72,1.79,1.52,0.81,6
5/3/2019 1:00,35917.04,16.67,6.41,3.13,1.55,0.89,6
5/3/2019 2:00,35917.08,15.56,5.67,3.58,1.62,0.97,6
5/3/2019 3:00,35917.13,15,5.43,2.24,1.83,1.05,6
5/3/2019 4:00,35917.17,15,5.96,2.68,1.85,1.13,6
5/3/2019 5:00,35917.21,15.56,6.75,2.68,1.64,1.21,6
5/3/2019 6:00,35917.25,16.11,7.27,2.24,1.75,1.3,43
5/3/2019 7:00,35917.29,18.33,7.96,0.89,4.42,1.38,192
5/3/2019 8:00,35917.34,21.67,8.84,0.45,0.99,1.46,318
5/3/2019 9:00,35917.38,25,9.28,2.24,0.93,1.54,552
5/3/2019 10:00,35917.42,28.33,9.12,0.45,1.83,1.62,681
5/3/2019 11:00,35917.46,31.11,8.84,0.89,5.39,1.7,822
5/3/2019 12:00,35917.5,31.11,6.97,0.89,5.01,1.78,885
5/3/2019 13:00,35917.55,33.33,7.46,0.89,1.41,0,877
5/3/2019 14:00,35917.59,32.22,4.21,0.45,4.24,0,826
5/3/2019 15:00,35917.63,33.33,5.12,0.45,4.31,0.18,722
5/3/2019 16:00,35917.67,32.22,4.21,0.45,4.56,0.35,572
5/3/2019 17:00,35917.71,31.11,2.45,0.89,3.6,0.53,390
5/3/2019 18:00,35917.76,28.89,1.47,0.89,5.88,0.7,150
5/3/2019 19:00,35917.8,23.89,-0.44,1.34,5.74,0.88,19
5/3/2019 20:00,35917.84,22.22,-0.54,2.24,0.61,1.06,5
5/3/2019 21:00,35917.88,21.67,1.29,2.68,1.33,1.23,5
5/3/2019 22:00,35917.92,20,0.37,1.34,4.61,1.41,5
5/3/2019 23:00,35917.97,18.33,5.8,2.24,1.85,0.73,6
5/4/2019 0:00,35918,18.33,5.13,3.13,1.45,1.76,6
5/4/2019 1:00,35918.04,15,2.76,0.45,0.03,1.94,6
5/4/2019 2:00,35918.08,16.11,6.46,1.79,1.59,2.11,6
5/4/2019 3:00,35918.13,16.11,6.18,2.24,1.88,2.29,6
5/4/2019 4:00,35918.17,15,5.15,2.24,1.5,2.46,6
5/4/2019 5:00,35918.21,15.56,6.48,2.68,1.57,2.64,6
5/4/2019 6:00,35918.25,16.11,5.61,1.79,1.88,2.82,52
5/4/2019 7:00,35918.29,20,7.32,0.89,1.13,2.99,209
5/4/2019 8:00,35918.34,22.78,9.16,0.89,0.09,3.17,339
5/4/2019 9:00,35918.38,27.22,9.56,0.45,1.54,3.34,540
5/4/2019 10:00,35918.42,26.11,7.18,0.45,3.91,3.52,510
5/4/2019 11:00,35918.46,30.56,8.36,0.45,4.31,3.7,741
5/4/2019 12:00,35918.5,31.11,6.97,0.89,2.65,3.87,817
5/4/2019 13:00,35918.55,32.22,3.36,2.24,4.52,0,891
5/4/2019 14:00,35918.59,33.89,3.8,0.89,3.44,0,849
5/4/2019 15:00,35918.63,35,3.73,1.34,5.64,0.12,737
5/4/2019 16:00,35918.67,32.78,2.9,0.45,4.31,0.24,582
5/4/2019 17:00,35918.71,32.78,0.93,0.45,3.8,0.36,401
5/4/2019 18:00,35918.76,29.44,-0.73,0.89,5.41,0.48,159
5/4/2019 19:00,35918.8,23.89,-1.87,0.45,3.75,0.6,19
5/4/2019 20:00,35918.84,21.67,-1.01,1.34,5.38,0.72,5
5/4/2019 21:00,35918.88,20.56,-1.35,0.89,5.2,0.84,6
5/4/2019 22:00,35918.92,18.89,1.32,1.79,4.52,0.96,5
5/4/2019 23:00,35918.97,18.33,3.69,2.24,1.2,1.58,6
5/5/2019 0:00,35919,15,1.06,0.89,2.04,1.19,6
5/5/2019 1:00,35919.04,13.89,0.76,0.89,4.15,1.31,6
5/5/2019 2:00,35919.08,12.22,-0.09,0.45,3.74,1.43,6
5/5/2019 3:00,35919.13,13.33,2.17,0.45,2.53,1.55,6
5/5/2019 4:00,35919.17,13.33,3.6,0.45,3.94,1.67,6
5/5/2019 5:00,35919.21,13.33,4.4,0.89,4.31,1.79,6
5/5/2019 6:00,35919.25,11.11,2.07,0.89,4.03,1.91,49
5/5/2019 7:00,35919.29,13.89,4.12,0.89,4.38,2.03,206
5/5/2019 8:00,35919.34,17.22,6.05,0.89,4.33,2.15,388
5/5/2019 9:00,35919.38,20.56,7.14,0.89,3.91,2.27,569
5/5/2019 10:00,35919.42,23.33,7.39,1.34,3.53,2.39,710
5/5/2019 11:00,35919.46,25,7.14,0.89,3.6,2.51,814
5/5/2019 12:00,35919.5,27.22,7.14,1.79,1.57,2.63,866
5/5/2019 13:00,35919.55,27.22,5.5,0.89,5.04,1.88,836
5/5/2019 14:00,35919.59,28.89,3.74,0.89,0.52,0,783
5/5/2019 15:00,35919.63,26.11,1.42,0.89,3.47,0.1,358
5/5/2019 16:00,35919.67,25.56,2.28,0.89,4.83,0.21,278
5/5/2019 17:00,35919.71,24.44,1.34,1.79,5.83,0.31,270
5/5/2019 18:00,35919.76,22.22,3.78,0.45,2.83,0.42,102
5/5/2019 19:00,35919.8,18.89,3.81,0.45,0.96,0.52,31
5/5/2019 20:00,35919.84,17.22,4.12,1.34,5.43,0.63,5
5/5/2019 21:00,35919.88,16.11,4.41,0.45,2.58,0.73,6
5/5/2019 22:00,35919.92,14.44,4.63,1.34,4.21,0.84,6
5/5/2019 23:00,35919.97,14.44,-0.54,0.45,3.98,1.08,6
5/6/2019 0:00,35920,12.78,5.61,0.45,6.16,1.04,6
5/6/2019 1:00,35920.04,10.56,4.62,0,5.15,1.15,6
5/6/2019 2:00,35920.08,11.67,6.33,0.89,4.28,1.25,6
5/6/2019 3:00,35920.13,11.11,6.2,0.45,1.68,1.36,6
5/6/2019 4:00,35920.17,10,5.53,0.45,4.78,1.46,6
5/6/2019 5:00,35920.21,11.11,6.4,0.89,3.91,1.57,6
5/6/2019 6:00,35920.25,10.56,5.87,0.45,4.56,1.67,33
5/6/2019 7:00,35920.29,15,8.65,0.45,4.24,1.78,204
5/6/2019 8:00,35920.34,17.22,9.08,0.89,4.63,1.88,400
5/6/2019 9:00,35920.38,20,9.8,0.45,0.38,1.99,577
5/6/2019 10:00,35920.42,22.78,10.52,2.24,0.09,2.09,723
5/6/2019 11:00,35920.46,25,10.44,0.45,2.81,2.19,824
5/6/2019 12:00,35920.5,25,8.88,0.45,4.96,2.3,877
5/6/2019 13:00,35920.55,27.22,10,0.89,0.52,0,891
5/6/2019 14:00,35920.59,27.78,9.12,1.79,5.18,0,843
5/6/2019 15:00,35920.63,27.78,8.64,0.45,3.94,0.12,730
5/6/2019 16:00,35920.67,27.22,7.65,0.89,3.93,0.24,591
5/6/2019 17:00,35920.71,28.33,8.11,0.45,3.63,0.36,436
5/6/2019 18:00,35920.76,21.67,4.21,0.45,5.36,0.48,150
5/6/2019 19:00,35920.8,20.56,4.91,0.89,0.12,0.6,18
5/6/2019 20:00,35920.84,17.22,6.05,0.45,6.06,0.72,6
5/6/2019 21:00,35920.88,15.56,6.48,0.89,4.63,0.84,6
5/6/2019 22:00,35920.92,15,6.99,0.89,3.96,0.96,6
5/6/2019 23:00,35920.97,13.89,5.18,0.89,5.36,0.94,6
5/7/2019 0:00,35921,11.67,5.9,0.45,6.11,1.21,6
5/7/2019 1:00,35921.04,11.67,6.74,0.89,2.97,1.33,6
5/7/2019 2:00,35921.08,11.67,7.14,0.45,3.94,1.45,6
5/7/2019 3:00,35921.13,10.56,6.46,0.89,4.47,1.57,6
5/7/2019 4:00,35921.17,10,6.67,0.89,0.94,1.69,6
5/7/2019 5:00,35921.21,9.44,6.31,0.89,4.33,1.81,7
5/7/2019 6:00,35921.25,10,6.85,0.89,4.36,1.93,51
5/7/2019 7:00,35921.29,13.89,9.89,0.45,3.75,2.05,205
5/7/2019 8:00,35921.34,18.33,11.6,0.45,2.97,2.17,389
5/7/2019 9:00,35921.38,22.78,14.32,0.89,4.8,2.29,565
5/7/2019 10:00,35921.42,22.22,12.44,1.34,5.76,2.41,712
5/7/2019 11:00,35921.46,24.44,12.38,0.89,3.79,2.53,814
5/7/2019 12:00,35921.5,26.11,11.45,0.89,2.5,2.65,868
5/7/2019 13:00,35921.55,27.22,11.27,0.89,4.22,0,865
5/7/2019 14:00,35921.59,29.44,11.52,0.89,4.14,0,828
5/7/2019 15:00,35921.63,29.44,11.06,0.45,5.27,0.14,706
5/7/2019 16:00,35921.67,28.89,10.1,1.34,5.92,0.29,586
5/7/2019 17:00,35921.71,28.33,10.54,0.45,4.97,0.43,380
5/7/2019 18:00,35921.76,25,8.88,0.89,3.86,0.57,164
5/7/2019 19:00,35921.8,21.11,7.3,0.45,4.05,0.72,25
5/7/2019 20:00,35921.84,20.56,8.16,0.45,5.22,0.86,6
5/7/2019 21:00,35921.88,18.89,7.88,2.24,5.9,1,5
5/7/2019 22:00,35921.92,20,8.6,1.79,0.31,1.15,6
5/7/2019 23:00,35921.97,13.89,7.13,0.45,3.47,1.09,6
5/8/2019 0:00,35922,14.44,7.89,0.45,5.27,1.43,6
5/8/2019 1:00,35922.04,13.89,7.81,1.34,4.05,1.58,6
5/8/2019 2:00,35922.08,13.33,8.14,0.89,5.13,1.72,6
5/8/2019 3:00,35922.13,12.22,7.68,0.89,4.59,1.86,6
5/8/2019 4:00,35922.17,10.56,6.65,0.89,4.71,2.01,6
5/8/2019 5:00,35922.21,11.11,7.76,0.89,4.19,2.15,7
5/8/2019 6:00,35922.25,11.67,7.92,1.34,4.52,2.3,50
5/8/2019 7:00,35922.29,15,10.36,0.89,4.01,2.44,205
5/8/2019 8:00,35922.34,19.44,13.12,0.45,5.41,2.58,390
5/8/2019 9:00,35922.38,23.33,13.76,0.89,4,2.73,567
5/8/2019 10:00,35922.42,24.44,13.01,0.45,5.59,2.87,710
5/8/2019 11:00,35922.46,29.44,15.58,0.45,3.79,3.01,815
5/8/2019 12:00,35922.5,30.56,14.25,0.89,5.46,3.16,852
5/8/2019 13:00,35922.55,29.44,12.41,0.45,3.16,0,877
5/8/2019 14:00,35922.59,30.56,12.04,1.34,4.82,0,809
5/8/2019 15:00,35922.63,31.67,12.04,1.34,4.69,0.3,708
5/8/2019 16:00,35922.67,30.56,11.06,1.34,4.43,0.6,561
5/8/2019 17:00,35922.71,30,11.07,1.34,4.56,0.89,381
5/8/2019 18:00,35922.76,27.22,10.44,0.89,5.2,1.19,163
5/8/2019 19:00,35922.8,23.33,9.67,0.45,3.75,1.49,21
5/8/2019 20:00,35922.84,21.67,9.82,0.45,3.94,1.79,6
5/8/2019 21:00,35922.88,20.56,9.42,1.34,6.09,2.08,5
5/8/2019 22:00,35922.92,20.56,10.31,2.24,6.25,2.38,5
5/8/2019 23:00,35922.97,15,6.99,0.45,3.96,1.29,6
5/9/2019 0:00,35923,20,11.7,0.89,4.68,2.98,5
5/9/2019 1:00,35923.04,18.89,11.41,1.34,2.16,3.27,6
5/9/2019 2:00,35923.08,18.33,11.36,1.34,1.62,3.57,6
5/9/2019 3:00,35923.13,15.56,9.4,0.89,4.14,3.87,6
5/9/2019 4:00,35923.17,13.33,8.75,0.89,4.64,4.17,6
5/9/2019 5:00,35923.21,12.78,8.81,0.89,4.89,4.47,6
5/9/2019 6:00,35923.25,13.89,10.08,0.89,4.36,4.76,34
5/9/2019 7:00,35923.29,16.11,11.44,0.89,4.5,5.06,186
5/9/2019 8:00,35923.34,21.11,14.24,0.89,4.66,5.36,359
5/9/2019 9:00,35923.38,25,15.6,0.45,4.28,5.66,518
5/9/2019 10:00,35923.42,26.11,15.17,0.89,4.56,5.95,629
5/9/2019 11:00,35923.46,26.67,13.4,0.89,4.1,6.25,703
5/9/2019 12:00,35923.5,27.78,13.33,0.89,1.99,6.55,658
5/9/2019 13:00,35923.55,28.33,13.45,1.34,5.22,7.14,576
5/9/2019 14:00,35923.59,30.56,13.4,1.34,4.17,4.07,677
5/9/2019 15:00,35923.63,30.56,13.83,1.79,6.04,4.13,504
5/9/2019 16:00,35923.67,28.33,12.26,2.24,5.9,4.19,386
5/9/2019 17:00,35923.71,26.11,11.45,0.45,4.75,4.24,227
5/9/2019 18:00,35923.76,25.56,11.68,5.36,5.99,4.3,126
5/9/2019 19:00,35923.8,22.78,11.47,1.34,4.45,4.36,21
5/9/2019 20:00,35923.84,17.22,8.31,6.26,1.13,4.42,5
5/9/2019 21:00,35923.88,20,8.29,11.62,1.27,4.47,6
5/9/2019 22:00,35923.92,18.89,7.27,5.81,6.27,4.53,6
5/9/2019 23:00,35923.97,20.56,10.6,1.34,0.14,2.68,5
5/10/2019 0:00,35924,13.89,8.67,0.45,4.38,4.64,6
5/10/2019 1:00,35924.04,13.89,9.29,0.89,3.23,4.7,6
5/10/2019 2:00,35924.08,12.78,8.42,0.89,4.64,4.76,6
5/10/2019 3:00,35924.13,13.33,9.35,1.79,6.04,4.82,6
5/10/2019 4:00,35924.17,12.78,8.81,1.79,3.79,4.87,6
5/10/2019 5:00,35924.21,13.33,9.54,0.89,4.73,4.93,6
5/10/2019 6:00,35924.25,13.33,9.54,0.45,4.01,4.99,26
5/10/2019 7:00,35924.29,15.56,10.9,0.45,5.2,5.04,176
5/10/2019 8:00,35924.34,16.67,11.98,0.89,1.15,5.1,157
5/10/2019 9:00,35924.38,19.44,13.35,0.89,5.08,5.16,276
5/10/2019 10:00,35924.42,20.56,12.74,1.79,4.33,5.21,390
5/10/2019 11:00,35924.46,21.67,12.47,0.45,2.25,5.27,549
5/10/2019 12:00,35924.5,24.44,13.93,2.24,3.98,5.33,745
5/10/2019 13:00,35924.55,25,12.56,1.34,4.54,0,874
5/10/2019 14:00,35924.59,27.22,13.19,1.34,5.2,0,815
5/10/2019 15:00,35924.63,26.11,10.67,1.79,3.6,0.11,692
5/10/2019 16:00,35924.67,23.89,9.81,0.89,5.1,0.22,326
5/10/2019 17:00,35924.71,22.22,8.3,1.79,3.93,0.33,149
5/10/2019 18:00,35924.76,21.67,9.17,0.45,3.33,0.43,89
5/10/2019 19:00,35924.8,21.11,9.94,0.45,4.35,0.54,22
5/10/2019 20:00,35924.84,20.56,10.02,0.45,3.7,0.65,6
5/10/2019 21:00,35924.88,19.44,10.92,0.89,1.26,0.76,5
5/10/2019 22:00,35924.92,20,11.44,1.34,1.52,0.87,6
5/10/2019 23:00,35924.97,15,7.72,1.34,4.4,4.59,6
5/11/2019 0:00,35925,17.22,9.08,0.45,4.5,1.08,6
5/11/2019 1:00,35925.04,16.11,9.01,1.34,0.68,1.19,6
5/11/2019 2:00,35925.08,17.22,11.22,1.79,1.69,1.3,6
5/11/2019 3:00,35925.13,15,9.53,1.34,1.29,1.41,6
5/11/2019 4:00,35925.17,15.56,10.49,2.68,1.41,1.52,6
5/11/2019 5:00,35925.21,16.11,10.81,2.24,2.06,1.63,7
5/11/2019 6:00,35925.25,16.11,10.16,0.45,3.26,1.73,70
5/11/2019 7:00,35925.29,17.78,10.83,1.34,4.99,1.84,213
5/11/2019 8:00,35925.34,21.67,13.01,1.34,0.24,1.95,406
5/11/2019 9:00,35925.38,25.56,13.07,1.34,4.59,2.06,583
5/11/2019 10:00,35925.42,27.78,13.7,0.89,4.99,2.17,729
5/11/2019 11:00,35925.46,27.78,12.17,0.89,0.73,2.28,831
5/11/2019 12:00,35925.5,30.56,12.96,0.45,4.68,2.39,881
5/11/2019 13:00,35925.55,29.44,11.52,1.34,0.91,0,878
5/11/2019 14:00,35925.59,30,11.07,2.68,1.82,0,827
5/11/2019 15:00,35925.63,31.67,11,0.89,0.14,0.11,724
5/11/2019 16:00,35925.67,32.22,11.48,0.89,1.26,0.22,573
5/11/2019 17:00,35925.71,31.67,10.45,1.34,4.38,0.33,392
5/11/2019 18:00,35925.76,27.78,8.14,0.45,5.32,0.43,169
5/11/2019 19:00,35925.8,24.44,7.96,0.45,3.21,0.54,23
5/11/2019 20:00,35925.84,21.67,6.69,0.45,1.92,0.65,6
5/11/2019 21:00,35925.88,22.22,7.94,1.34,0.73,0.76,6
5/11/2019 22:00,35925.92,20.56,10.6,1.34,1.34,0.87,5
5/11/2019 23:00,35925.97,18.33,9.35,0.89,2.22,0.98,6
5/12/2019 0:00,35926,20,10.36,1.79,3.77,1.09,6
5/12/2019 1:00,35926.04,17.78,9.35,0.89,2.15,1.2,6
5/12/2019 2:00,35926.08,18.89,11.16,1.34,1.92,1.3,6
5/12/2019 3:00,35926.13,18.89,11.16,2.68,1.61,1.41,6
5/12/2019 4:00,35926.17,17.78,10.11,2.68,1.85,1.52,6
5/12/2019 5:00,35926.21,17.22,9.83,0.89,4.49,1.63,7
5/12/2019 6:00,35926.25,18.33,10.13,0.45,2.48,1.74,60
5/12/2019 7:00,35926.29,22.22,13.27,0.89,1.95,1.85,226
5/12/2019 8:00,35926.34,26.11,14.23,0.45,1.33,1.96,413
5/12/2019 9:00,35926.38,28.33,13.07,0.45,3.04,2.06,588
5/12/2019 10:00,35926.42,30,12.46,0.89,4.99,2.17,731
5/12/2019 11:00,35926.46,31.67,12.53,0.45,3.96,2.28,832
5/12/2019 12:00,35926.5,31.67,10.45,0.89,4.73,2.39,882
5/12/2019 13:00,35926.55,33.89,11.81,1.34,0.54,0,881
5/12/2019 14:00,35926.59,33.89,10.61,2.24,2.93,0,824
5/12/2019 15:00,35926.63,35.56,12.03,0.45,0.26,0.13,721
5/12/2019 16:00,35926.67,35,10.92,0.89,1.95,0.25,574
5/12/2019 17:00,35926.71,32.78,8.38,1.79,4.75,0.38,394
5/12/2019 18:00,35926.76,30,7.88,1.34,3.56,0.5,169
5/12/2019 19:00,35926.8,25,4.69,0.45,5.11,0.63,24
5/12/2019 20:00,35926.84,22.22,5.57,0.89,5.6,0.75,6
5/12/2019 21:00,35926.88,22.22,6.4,1.79,4.57,0.88,5
5/12/2019 22:00,35926.92,20,5.93,0.45,2.62,1,5
5/12/2019 23:00,35926.97,20.56,9.72,3.13,1.61,0.98,5
5/13/2019 0:00,35927,15.56,6.75,0.45,3.33,1.25,6
5/13/2019 1:00,35927.04,15.56,7.01,0.89,4.19,1.38,6
5/13/2019 2:00,35927.08,16.67,8.81,0.89,1.71,1.5,6
5/13/2019 3:00,35927.13,15.56,7.76,0.89,4.26,1.63,6
5/13/2019 4:00,35927.17,15.56,8.25,0.89,3.46,1.75,6
5/13/2019 5:00,35927.21,14.44,8.78,0.89,2.27,1.88,8
5/13/2019 6:00,35927.25,15,8.42,0.45,3.89,2,70
5/13/2019 7:00,35927.29,18.33,10.38,0.45,4.33,2.13,200
5/13/2019 8:00,35927.34,20.56,11.16,0.45,4.35,2.25,306
5/13/2019 9:00,35927.38,26.67,11.17,0.45,0.68,2.38,575
5/13/2019 10:00,35927.42,29.44,9.59,0.45,4.19,2.5,663
5/13/2019 11:00,35927.46,29.44,6.82,0.89,4.97,2.63,759
5/13/2019 12:00,35927.5,31.11,5.6,1.34,4.75,2.75,872
5/13/2019 13:00,35927.55,32.22,5.02,0.89,1.08,0,905
5/13/2019 14:00,35927.59,33.89,3.8,2.68,5.17,0,847
5/13/2019 15:00,35927.63,35,4.7,1.34,3.3,0.21,739
5/13/2019 16:00,35927.67,30.56,2,2.24,5.72,0.41,489
5/13/2019 17:00,35927.71,30.56,1.1,1.34,5.45,0.62,369
5/13/2019 18:00,35927.76,28.89,0.64,0.45,5.48,0.83,184
5/13/2019 19:00,35927.8,25,-0.95,0.45,3.72,1.04,22
5/13/2019 20:00,35927.84,21.11,0.27,0.89,5.25,1.24,6
5/13/2019 21:00,35927.88,20.56,1.36,0.45,4.75,1.45,6
5/13/2019 22:00,35927.92,18.89,0.87,0.45,3.82,1.66,5
5/13/2019 23:00,35927.97,17.22,6.35,0.45,5.04,1.13,6
5/14/2019 0:00,35928,18.89,5.63,2.68,1.97,2.07,5
5/14/2019 1:00,35928.04,17.78,6.56,1.34,1.59,2.28,6
5/14/2019 2:00,35928.08,16.11,3.77,0.45,4.59,2.49,6
5/14/2019 3:00,35928.13,13.89,2.37,1.79,4.49,2.7,6
5/14/2019 4:00,35928.17,15,5.15,1.79,1.71,2.9,6
5/14/2019 5:00,35928.21,13.33,4.66,0.45,2.72,3.11,7
5/14/2019 6:00,35928.25,13.89,3.84,0.89,4.21,3.32,68
5/14/2019 7:00,35928.29,17.78,7.45,0.45,1.54,3.53,229
5/14/2019 8:00,35928.34,20.56,7.49,0.89,4.94,3.73,398
5/14/2019 9:00,35928.38,26.11,9.45,0.45,0.35,3.94,593
5/14/2019 10:00,35928.42,27.78,9.12,1.79,3.96,4.15,723
5/14/2019 11:00,35928.46,31.11,9.97,0.45,0.31,4.36,826
5/14/2019 12:00,35928.5,31.67,8.09,0.45,4.54,4.56,794
5/14/2019 13:00,35928.55,32.78,9.03,2.68,5.93,0,878
5/14/2019 14:00,35928.59,31.67,6.06,1.34,3.12,5.07,638
5/14/2019 15:00,35928.63,32.78,6.99,0.89,4.69,5.22,513
5/14/2019 16:00,35928.67,27.78,5.39,0.89,4.56,5.37,321
5/14/2019 17:00,35928.71,27.78,4.79,0.89,4.83,5.52,256
5/14/2019 18:00,35928.76,25,3.6,1.79,5.72,5.66,76
5/14/2019 19:00,35928.8,22.22,3.3,0.45,4.24,5.81,27
5/14/2019 20:00,35928.84,20.56,6.79,0.89,5.64,5.96,6
5/14/2019 21:00,35928.88,18.33,7.07,0.45,3.46,6.11,6
5/14/2019 22:00,35928.92,18.33,8.53,0.45,0.66,6.26,6
5/14/2019 23:00,35928.97,20,6.98,1.34,1.8,1.87,6
5/15/2019 0:00,35929,16.11,8.29,0.89,4.35,6.55,6
5/15/2019 1:00,35929.04,15.56,8.48,1.34,1.08,6.7,6
5/15/2019 2:00,35929.08,15,8.42,0.45,4.35,6.85,6
5/15/2019 3:00,35929.13,13.89,8.03,0.45,2.97,7,6
5/15/2019 4:00,35929.17,14.44,8.56,0.45,4.35,7.15,6
5/15/2019 5:00,35929.21,14.44,8.99,0.45,4.43,7.3,6
5/15/2019 6:00,35929.25,13.89,8.46,0.89,2.39,7.45,20
5/15/2019 7:00,35929.29,15.56,9.84,2.24,0.86,7.59,82
5/15/2019 8:00,35929.34,16.11,10.16,0.89,2.13,7.74,123
5/15/2019 9:00,35929.38,17.22,10.07,0.45,3.56,7.89,149
5/15/2019 10:00,35929.42,16.11,10.16,4.02,2.11,8.04,134
5/15/2019 11:00,35929.46,19.44,13.12,4.02,1.27,8.19,266
5/15/2019 12:00,35929.5,23.33,13.47,1.79,6,8.34,504
5/15/2019 13:00,35929.55,25,12.56,2.24,2.15,8.42,469
5/15/2019 14:00,35929.59,27.78,11.77,2.24,3.63,6.85,533
5/15/2019 15:00,35929.63,25,7.14,2.24,4.35,6.88,503
5/15/2019 16:00,35929.67,23.33,5.68,0.45,5.69,6.91,193
5/15/2019 17:00,35929.71,21.67,6.69,0.45,3.82,6.94,66
5/15/2019 18:00,35929.76,20,8.29,1.79,3.8,6.96,27
5/15/2019 19:00,35929.8,18.89,8.48,1.34,4.05,6.99,15
5/15/2019 20:00,35929.84,17.78,8.01,0.89,3.19,7.02,6
5/15/2019 21:00,35929.88,16.67,7.52,0.89,2.57,7.05,6
5/15/2019 22:00,35929.92,16.11,9.01,0.89,3.02,7.08,6
5/15/2019 23:00,35929.97,16.11,7.78,0.45,1.88,6.41,6
5/16/2019 0:00,35930,14.44,9.21,2.68,2.15,7.13,5
5/16/2019 1:00,35930.04,12.78,8.81,1.79,2.44,7.16,6
5/16/2019 2:00,35930.08,12.78,9.57,5.36,1.87,7.19,5
5/16/2019 3:00,35930.13,13.33,10.48,2.24,2.53,7.21,5
5/16/2019 4:00,35930.17,13.33,10.66,4.02,2.13,7.24,5
5/16/2019 5:00,35930.21,9.44,7.02,2.24,5.17,7.27,6
5/16/2019 6:00,35930.25,10,7.39,2.24,0.35,7.3,13
5/16/2019 7:00,35930.29,10.56,7.4,3.58,0.44,7.33,51
5/16/2019 8:00,35930.34,15,10.36,1.79,6.02,7.35,266
5/16/2019 9:00,35930.38,18.33,12.29,0.45,3.89,7.38,441
5/16/2019 10:00,35930.42,20.56,12.23,0.89,4.99,7.41,714
5/16/2019 11:00,35930.46,19.44,9.56,0.89,3.49,7.44,632
5/16/2019 12:00,35930.5,19.44,8.09,0.89,4.24,7.47,587
5/16/2019 13:00,35930.55,22.22,8.66,0.45,1.34,5.98,668
5/16/2019 14:00,35930.59,22.22,6.8,0.89,4.33,3.08,721
5/16/2019 15:00,35930.63,18.89,6.96,5.36,5.83,3.12,520
5/16/2019 16:00,35930.67,19.44,4.69,1.34,0.16,3.15,476
5/16/2019 17:00,35930.71,11.11,5.58,0.45,5.55,3.18,35
5/16/2019 18:00,35930.76,11.67,6.94,2.24,1.64,3.21,57
5/16/2019 19:00,35930.8,11.67,6.74,1.34,0.7,3.24,23
5/16/2019 20:00,35930.84,12.22,7.68,0.45,3.79,3.27,6
5/16/2019 21:00,35930.88,11.11,7.38,0.89,4.73,3.3,6
5/16/2019 22:00,35930.92,11.67,7.54,0.89,5.53,3.34,6
5/16/2019 23:00,35930.97,15,9.53,0.45,3.7,7.1,4
5/17/2019 0:00,35931,10.56,7.03,0.89,5.41,3.4,6
5/17/2019 1:00,35931.04,10.56,6.46,0.89,0.93,3.43,6
5/17/2019 2:00,35931.08,11.67,7.54,5.36,5.97,3.46,6
5/17/2019 3:00,35931.13,10.56,5.67,3.13,6.11,3.49,6
5/17/2019 4:00,35931.17,9.44,5.38,0.45,2.76,3.52,6
5/17/2019 5:00,35931.21,10,6.85,0.45,3.35,3.56,8
5/17/2019 6:00,35931.25,10.56,7.58,2.68,5.67,3.59,52
5/17/2019 7:00,35931.29,13.89,9.09,0.89,5.18,3.62,229
5/17/2019 8:00,35931.34,16.11,9.48,2.68,5.5,3.65,416
5/17/2019 9:00,35931.38,16.67,9.06,1.34,4.63,3.68,499
5/17/2019 10:00,35931.42,18.33,8.81,4.92,5.92,3.71,718
5/17/2019 11:00,35931.46,20,9.8,0.89,3.68,3.74,605
5/17/2019 12:00,35931.5,21.11,8,0.89,3.53,3.78,836
5/17/2019 13:00,35931.55,21.11,7.3,0.45,3.28,5.26,715
5/17/2019 14:00,35931.59,22.22,7.57,0.89,5.25,0,809
5/17/2019 15:00,35931.63,21.67,7.44,0.89,3.35,0.41,540
5/17/2019 16:00,35931.67,22.78,7.29,0.45,2.32,0.82,690
5/17/2019 17:00,35931.71,22.78,7.68,0.45,2.65,1.22,434
5/17/2019 18:00,35931.76,19.44,5.79,0.89,5.99,1.63,178
5/17/2019 19:00,35931.8,15.56,4.21,0.45,6.27,2.04,24
5/17/2019 20:00,35931.84,14.44,5.18,0.45,3.94,2.45,6
5/17/2019 21:00,35931.88,13.33,4.92,0.45,5.72,2.86,6
5/17/2019 22:00,35931.92,13.33,5.9,0.89,4.14,3.27,6
5/17/2019 23:00,35931.97,12.22,7.27,3.13,5.99,3.37,6
5/18/2019 0:00,35932,10,4.52,0.45,4.47,4.08,6
5/18/2019 1:00,35932.04,10,4.93,0.45,3.3,4.49,6
5/18/2019 2:00,35932.08,10,5.33,0.89,3.58,4.9,7
5/18/2019 3:00,35932.13,10,5.33,1.34,4.33,5.31,7
5/18/2019 4:00,35932.17,8.89,5.03,0.89,4.57,5.71,7
5/18/2019 5:00,35932.21,11.11,7,3.13,1.5,6.12,8
5/18/2019 6:00,35932.25,12.78,8.01,2.24,1.19,6.53,71
5/18/2019 7:00,35932.29,16.11,9.93,2.68,1.2,6.94,250
5/18/2019 8:00,35932.34,18.33,10.38,1.34,2.86,7.35,388
5/18/2019 9:00,35932.38,20,10.36,1.34,5.03,7.75,539
5/18/2019 10:00,35932.42,21.11,9.94,1.34,3.79,8.16,603
5/18/2019 11:00,35932.46,20.56,7.83,1.34,3.7,8.57,638
5/18/2019 12:00,35932.5,21.67,8.84,1.79,2.97,8.98,439
5/18/2019 13:00,35932.55,20,7.65,2.24,3.23,10,255
5/18/2019 14:00,35932.59,20.56,8.48,1.79,3.86,10,201
5/18/2019 15:00,35932.63,19.44,7.14,1.34,4.47,10,115
5/18/2019 16:00,35932.67,16.11,8.29,0.45,3.98,10,74
5/18/2019 17:00,35932.71,13.89,8.67,0.89,1.82,10,68
5/18/2019 18:00,35932.76,12.22,7.88,1.34,5.9,10,29
5/18/2019 19:00,35932.8,11.67,7.92,0.45,6.13,10,15
5/18/2019 20:00,35932.84,11.11,7.57,1.34,4.59,10,6
5/18/2019 21:00,35932.88,11.11,8.3,8.05,1.62,10,6
5/18/2019 22:00,35932.92,11.67,8.3,1.79,3.98,10,6
5/18/2019 23:00,35932.97,11.11,4.72,1.34,4.69,3.67,6
5/19/2019 0:00,35933,10.56,8.11,1.34,2.25,10,6
5/19/2019 1:00,35933.04,11.67,9.2,0.45,3.63,10,6
5/19/2019 2:00,35933.08,10.56,8.11,4.02,2.6,10,6
5/19/2019 3:00,35933.13,11.11,9.01,2.24,2.27,10,6
5/19/2019 4:00,35933.17,11.11,9.01,0.89,2.81,10,6
5/19/2019 5:00,35933.21,11.11,9.01,0.89,3.07,10,6
5/19/2019 6:00,35933.25,11.11,9.18,2.24,2.44,10,16
5/19/2019 7:00,35933.29,10,7.91,2.24,1.99,10,45
5/19/2019 8:00,35933.34,10.56,8.63,1.34,3.21,10,68
5/19/2019 9:00,35933.38,12.78,10.82,1.79,3.98,10,148
5/19/2019 10:00,35933.42,16.11,12.44,1.79,3.89,10,467
5/19/2019 11:00,35933.46,11.11,7.57,3.58,5.85,10,434
5/19/2019 12:00,35933.5,12.78,8.42,2.68,1.36,10,274
5/19/2019 13:00,35933.55,12.22,7.07,4.47,1.54,10,200
5/19/2019 14:00,35933.59,14.44,8.34,5.81,1.83,10,262
5/19/2019 15:00,35933.63,17.22,9.08,3.58,2.16,9.92,555
5/19/2019 16:00,35933.67,16.11,7.78,0.45,3.18,9.83,249
5/19/2019 17:00,35933.71,13.33,6.61,2.68,6.14,9.75,61
5/19/2019 18:00,35933.76,13.89,8.88,1.79,0.44,9.67,125
5/19/2019 19:00,35933.8,12.78,6.08,0.45,3,9.58,33
5/19/2019 20:00,35933.84,11.67,5.9,0.45,4.07,9.5,6
5/19/2019 21:00,35933.88,10.56,5.87,0.45,1.17,9.42,6
5/19/2019 22:00,35933.92,10.56,5.87,0.45,5.1,9.33,6
5/19/2019 23:00,35933.97,10.56,7.76,0.45,4.8,10,6
5/20/2019 0:00,35934,10,5.92,1.34,5.88,9.16,6
5/20/2019 1:00,35934.04,10,6.11,1.34,1.27,9.08,6
5/20/2019 2:00,35934.08,8.89,4.46,1.79,0.33,9,6
5/20/2019 3:00,35934.13,8.89,5.22,2.68,0.99,8.91,6
5/20/2019 4:00,35934.17,9.44,5.57,1.79,1.31,8.83,6
5/20/2019 5:00,35934.21,8.33,4.49,2.68,1.47,8.75,8
5/20/2019 6:00,35934.25,10,5.53,1.79,1.17,8.66,79
5/20/2019 7:00,35934.29,12.78,7.39,0.89,1.59,8.58,251
5/20/2019 8:00,35934.34,17.22,10.3,0.89,4.96,8.5,439
5/20/2019 9:00,35934.38,17.78,9.86,0.45,2.36,8.41,568
5/20/2019 10:00,35934.42,17.78,8.01,0.45,4.45,8.33,678
5/20/2019 11:00,35934.46,18.89,8.18,0.89,0.63,8.25,695
5/20/2019 12:00,35934.5,19.44,7.47,0.45,3.39,8.16,524
5/20/2019 13:00,35934.55,20.56,8.16,0.45,0.54,7.97,513
5/20/2019 14:00,35934.59,21.67,8.5,1.34,5.11,5.95,595
5/20/2019 15:00,35934.63,23.89,9.07,0.89,4.69,6.04,652
5/20/2019 16:00,35934.67,20.56,7.14,0.89,5.15,6.12,268
5/20/2019 17:00,35934.71,18.89,6.31,2.24,3.89,6.21,187
5/20/2019 18:00,35934.76,20,6.64,0.89,3.98,6.29,187
5/20/2019 19:00,35934.8,16.11,4.72,0.45,4.96,6.38,42
5/20/2019 20:00,35934.84,13.89,3.84,0.89,5.9,6.46,7
5/20/2019 21:00,35934.88,15,5.7,1.79,5.97,6.55,6
5/20/2019 22:00,35934.92,12.78,6.3,0.45,3.35,6.63,6
5/20/2019 23:00,35934.97,9.44,5.38,0.45,4.66,9.25,6
5/21/2019 0:00,35935,10,5.53,0.89,4.4,6.8,6
5/21/2019 1:00,35935.04,9.44,5.38,0.45,4.97,6.89,7
5/21/2019 2:00,35935.08,8.33,4.68,0,4.4,6.97,6
5/21/2019 3:00,35935.13,10.56,6.84,1.34,5.46,7.06,6
5/21/2019 4:00,35935.17,10.56,6.07,1.34,5.69,7.14,6
5/21/2019 5:00,35935.21,11.67,7.14,3.13,1.5,7.23,7
5/21/2019 6:00,35935.25,11.67,6.74,0.45,4.01,7.31,63
5/21/2019 7:00,35935.29,16.11,9.48,1.34,5.39,7.4,234
5/21/2019 8:00,35935.34,12.22,7.07,0.89,1.85,7.48,234
5/21/2019 9:00,35935.38,12.22,8.27,2.24,1.03,7.57,226
5/21/2019 10:00,35935.42,17.22,11.88,1.34,4.15,7.65,477
5/21/2019 11:00,35935.46,17.22,9.34,0.89,3.21,7.74,485
5/21/2019 12:00,35935.5,20.56,11.16,0.45,3.7,7.82,557
5/21/2019 13:00,35935.55,17.22,7.77,3.13,5.78,8.72,443
5/21/2019 14:00,35935.59,16.67,8.05,2.24,4.75,9.63,307
5/21/2019 15:00,35935.63,20.56,7.83,1.79,5.11,9.58,564
5/21/2019 16:00,35935.67,15,6.74,3.13,0.99,9.53,221
5/21/2019 17:00,35935.71,10.56,5.67,0.45,3.75,9.48,51
5/21/2019 18:00,35935.76,11.67,7.14,1.79,1.34,9.43,70
5/21/2019 19:00,35935.8,12.22,7.48,0.45,2.65,9.38,20
5/21/2019 20:00,35935.84,11.67,8.11,0.45,4.36,9.33,6
5/21/2019 21:00,35935.88,11.11,7.94,0,0.33,9.27,6
5/21/2019 22:00,35935.92,11.11,8.12,1.34,4.64,9.22,6
5/21/2019 23:00,35935.97,10.56,5.26,0.45,4.24,6.72,6
5/22/2019 0:00,35936,11.11,8.3,0,6.25,9.12,6
5/22/2019 1:00,35936.04,11.11,7.57,1.79,5.83,9.07,6
5/22/2019 2:00,35936.08,10,6.67,0.45,4.59,9.02,6
5/22/2019 3:00,35936.13,10,7.21,0.45,3.93,8.96,7
5/22/2019 4:00,35936.17,10,7.39,1.34,5.85,8.91,6
5/22/2019 5:00,35936.21,8.89,6.3,0.45,2.2,8.86,9
5/22/2019 6:00,35936.25,10.56,7.94,0.89,4.75,8.81,83
5/22/2019 7:00,35936.29,14.44,11.38,1.79,5.85,8.76,167
5/22/2019 8:00,35936.34,16.67,11.98,0.45,4.52,8.71,418
5/22/2019 9:00,35936.38,16.11,11.23,0.45,0.35,8.65,330
5/22/2019 10:00,35936.42,16.11,9.71,0.45,4.61,8.6,378
5/22/2019 11:00,35936.46,16.67,10.01,0.89,4.42,8.55,294
5/22/2019 12:00,35936.5,20,10.91,0.89,5.97,8.5,491
5/22/2019 13:00,35936.55,21.11,9.94,1.34,2.48,4.28,772
5/22/2019 14:00,35936.59,20,8.29,0.89,3.6,8.4,420
5/22/2019 15:00,35936.63,19.44,8.7,1.34,4.08,8.41,246
5/22/2019 16:00,35936.67,20.56,8.48,0.89,4.9,8.42,278
5/22/2019 17:00,35936.71,20.56,9.12,0.45,4.01,8.43,229
5/22/2019 18:00,35936.76,17.22,7.21,2.24,2.18,8.45,108
5/22/2019 19:00,35936.8,16.11,7.78,2.24,2.37,8.46,29
5/22/2019 20:00,35936.84,16.11,8.04,3.58,1.92,8.47,6
5/22/2019 21:00,35936.88,16.11,8.29,2.24,2.09,8.49,6
5/22/2019 22:00,35936.92,14.44,7.66,1.79,2.27,8.5,6
5/22/2019 23:00,35936.97,10,7.21,0.45,2.83,9.17,6
5/23/2019 0:00,35937,13.89,8.03,2.24,1.99,8.52,6
5/23/2019 1:00,35937.04,13.33,7.71,2.68,2.01,8.54,6
5/23/2019 2:00,35937.08,14.44,8.34,0.89,2.81,8.55,6
5/23/2019 3:00,35937.13,14.44,8.34,1.79,2.43,8.56,6
5/23/2019 4:00,35937.17,14.44,8.34,1.79,2.2,8.58,6
5/23/2019 5:00,35937.21,15,8.65,2.24,1.76,8.59,6
5/23/2019 6:00,35937.25,15.56,9.18,1.79,1.64,8.6,27
5/23/2019 7:00,35937.29,16.11,9.01,2.24,2.04,8.61,101
5/23/2019 8:00,35937.34,18.33,9.87,0.89,2.55,8.63,225
5/23/2019 9:00,35937.38,20,9.8,0.89,3.68,8.64,422
5/23/2019 10:00,35937.42,21.11,9.94,0.89,2.11,8.65,457
5/23/2019 11:00,35937.46,20.56,10.02,0.89,2.97,8.67,328
5/23/2019 12:00,35937.5,21.11,9.94,0.89,4.15,8.68,473
5/23/2019 13:00,35937.55,21.67,10.45,3.58,2.15,10,303
5/23/2019 14:00,35937.59,21.67,9.82,1.34,3.65,9.37,333
5/23/2019 15:00,35937.63,20.56,9.42,1.34,2.53,9.36,183
5/23/2019 16:00,35937.67,22.22,10.96,2.68,2.32,9.35,335
5/23/2019 17:00,35937.71,20.56,9.12,1.34,2.86,9.34,269
5/23/2019 18:00,35937.76,18.89,9.6,0.89,2.3,9.33,54
5/23/2019 19:00,35937.8,16.67,9.78,0.89,4.76,9.32,19
5/23/2019 20:00,35937.84,15,9.74,1.79,0.58,9.31,6
5/23/2019 21:00,35937.88,16.67,11.56,3.13,1.38,9.3,6
5/23/2019 22:00,35937.92,15.56,10.49,2.24,1.83,9.29,6
5/23/2019 23:00,35937.97,13.89,7.81,2.24,2.36,8.51,6
5/24/2019 0:00,35938,13.89,9.69,0.45,4.78,9.27,6
5/24/2019 1:00,35938.04,14.44,10.43,0.45,2.72,9.26,6
5/24/2019 2:00,35938.08,13.89,10.08,1.34,2.71,9.25,6
5/24/2019 3:00,35938.13,13.89,10.27,0.45,2.13,9.24,6
5/24/2019 4:00,35938.17,14.44,11.01,0.45,4.17,9.23,6
5/24/2019 5:00,35938.21,13.89,10.84,0.45,4.22,9.22,7
5/24/2019 6:00,35938.25,13.89,10.46,0.45,1.05,9.21,50
5/24/2019 7:00,35938.29,16.11,11.85,0.45,3.98,9.21,133
5/24/2019 8:00,35938.34,18.89,13.91,0.45,1.4,9.2,181
5/24/2019 9:00,35938.38,19.44,13.35,0.45,3.51,9.19,232
5/24/2019 10:00,35938.42,21.11,13.26,2.24,0.86,9.18,621
5/24/2019 11:00,35938.46,21.11,13.01,2.68,6.14,9.17,783
5/24/2019 12:00,35938.5,23.89,13.41,2.24,6.23,9.16,422
5/24/2019 13:00,35938.55,27.22,14.6,0.89,1.52,3.86,793
5/24/2019 14:00,35938.59,27.22,13.56,0.45,3.04,0,783
5/24/2019 15:00,35938.63,27.78,13.33,1.79,6.14,0.19,643
5/24/2019 16:00,35938.67,27.78,12.57,2.68,5.95,0.38,617
5/24/2019 17:00,35938.71,28.33,12.26,0.45,1.92,0.58,405
5/24/2019 18:00,35938.76,25.56,11.32,0.45,4.14,0.77,150
5/24/2019 19:00,35938.8,21.67,10.14,0.89,5.67,0.96,40
5/24/2019 20:00,35938.84,19.44,9.84,0.45,4.22,1.15,7
5/24/2019 21:00,35938.88,19.44,10.66,1.79,6,1.35,6
5/24/2019 22:00,35938.92,18.89,10.14,0.45,5.34,1.54,6
5/24/2019 23:00,35938.97,15,10.36,0.45,5.1,9.28,6
5/25/2019 0:00,35939,17.78,11.75,2.24,1.47,1.92,6
5/25/2019 1:00,35939.04,17.22,11.22,1.79,1.83,2.12,6
5/25/2019 2:00,35939.08,15,9.53,1.34,1.92,2.31,6
5/25/2019 3:00,35939.13,15.56,9.84,1.79,2.13,2.5,6
5/25/2019 4:00,35939.17,15,10.57,2.24,1.92,2.69,6
5/25/2019 5:00,35939.21,15.56,11.11,2.68,1.73,2.89,7
5/25/2019 6:00,35939.25,17.22,11.22,4.02,1.38,3.08,76
5/25/2019 7:00,35939.29,18.89,11.65,1.79,1.22,3.27,237
5/25/2019 8:00,35939.34,25,14.74,0.89,2.32,3.46,420
5/25/2019 9:00,35939.38,26.11,14.23,0.45,2.23,3.65,590
5/25/2019 10:00,35939.42,25.56,12.39,0.89,3.18,3.85,742
5/25/2019 11:00,35939.46,26.67,11.57,1.34,3.37,4.04,775
5/25/2019 12:00,35939.5,29.44,12.84,1.79,4.26,4.23,820
5/25/2019 13:00,35939.55,28.33,10.54,0.89,4.68,3.94,790
5/25/2019 14:00,35939.59,31.67,9.89,1.79,1.82,0,875
5/25/2019 15:00,35939.63,31.67,9.31,0.45,2.13,0.44,772
5/25/2019 16:00,35939.67,25.56,7.17,0.89,4.64,0.89,279
5/25/2019 17:00,35939.71,27.78,10.93,4.47,5.71,1.33,261
5/25/2019 18:00,35939.76,24.44,5.72,1.79,4.9,1.78,185
5/25/2019 19:00,35939.8,21.11,3.72,0.45,4.64,2.22,32
5/25/2019 20:00,35939.84,17.22,2.32,1.79,5.67,2.67,6
5/25/2019 21:00,35939.88,16.11,3.45,0.45,1.8,3.11,6
5/25/2019 22:00,35939.92,13.33,3.04,0.45,5.06,3.56,6
5/25/2019 23:00,35939.97,18.33,11.83,3.13,1.13,1.73,6
5/26/2019 0:00,35940,11.67,3.6,0.45,4.9,4.45,6
5/26/2019 1:00,35940.04,13.33,5.42,3.13,6.28,4.89,6
5/26/2019 2:00,35940.08,13.33,5.66,1.79,5.97,5.34,6
5/26/2019 3:00,35940.13,12.22,5.09,0.45,3.63,5.78,6
5/26/2019 4:00,35940.17,11.67,5.02,0.45,2.64,6.23,6
5/26/2019 5:00,35940.21,11.67,5.47,0.89,3.67,6.67,6
5/26/2019 6:00,35940.25,11.67,6.11,0.89,3.16,7.11,12
5/26/2019 7:00,35940.29,10,5.33,0.45,4.47,7.56,23
5/26/2019 8:00,35940.34,10.56,6.84,0.45,3.75,8,60
5/26/2019 9:00,35940.38,10,6.67,0.45,0.05,8.45,87
5/26/2019 10:00,35940.42,10.56,7.03,1.34,1.48,8.89,162
5/26/2019 11:00,35940.46,11.67,7.92,5.36,1.22,9.34,305
5/26/2019 12:00,35940.5,13.33,8.75,1.79,2.02,9.78,351
5/26/2019 13:00,35940.55,10.56,6.84,0.89,4.1,10,101
5/26/2019 14:00,35940.59,10.56,7.03,0.89,6.07,10,117
5/26/2019 15:00,35940.63,10.56,6.84,0.45,5.36,10,126
5/26/2019 16:00,35940.67,12.22,8.65,0.45,4.61,10,116
5/26/2019 17:00,35940.71,10,6.67,0.89,2.51,10,65
5/26/2019 18:00,35940.76,13.33,9.73,0.45,2.39,10,89
5/26/2019 19:00,35940.8,10,6.3,0.45,4.01,10,49
5/26/2019 20:00,35940.84,8.89,5.95,0.45,4.4,10,8
5/26/2019 21:00,35940.88,8.89,5.59,0.45,4.03,10,6
5/26/2019 22:00,35940.92,9.44,6.49,0.45,3.93,10,6
5/26/2019 23:00,35940.97,12.22,3.1,1.34,4.57,4,6
5/27/2019 0:00,35941,9.44,6.67,0.45,5.24,10,7
5/27/2019 1:00,35941.04,8.89,6.13,0.89,4.69,10,7
5/27/2019 2:00,35941.08,8.33,5.93,0.89,4.68,10,7
5/27/2019 3:00,35941.13,8.33,6.27,0.89,6.09,10,7
5/27/2019 4:00,35941.17,8.89,6.48,2.68,0.86,10,8
5/27/2019 5:00,35941.21,7.22,4.84,1.34,4.68,10,10
5/27/2019 6:00,35941.25,10,7.74,0.45,4.21,10,74
5/27/2019 7:00,35941.29,11.11,8.3,0.45,5.04,10,257
5/27/2019 8:00,35941.34,13.89,10.27,1.34,4.33,10,385
5/27/2019 9:00,35941.38,15.56,10.28,0.89,4.8,10,521
5/27/2019 10:00,35941.42,18.89,11.65,1.79,4.75,10,715
5/27/2019 11:00,35941.46,17.78,9.35,1.34,4.31,10,428
5/27/2019 12:00,35941.5,17.78,9.09,0.89,0.23,10,221
5/27/2019 13:00,35941.55,16.67,8.05,0.45,5.11,10,178
5/27/2019 14:00,35941.59,16.67,8.05,2.24,1.76,10,131
5/27/2019 15:00,35941.63,15.56,7.01,3.58,2.02,9.92,121
5/27/2019 16:00,35941.67,16.67,7.79,2.68,1.06,9.84,220
5/27/2019 17:00,35941.71,17.22,8.31,1.79,1.78,9.76,152
5/27/2019 18:00,35941.76,17.22,8.04,0.89,2.32,9.68,78
5/27/2019 19:00,35941.8,16.11,7.27,0.45,2.55,9.6,37
5/27/2019 20:00,35941.84,15.56,7.26,0.45,4.26,9.52,6
5/27/2019 21:00,35941.88,15.56,7.51,0.89,3.7,9.44,6
5/27/2019 22:00,35941.92,15.56,7.51,0.89,3.53,9.35,6
5/27/2019 23:00,35941.97,9.44,7.02,2.24,5.86,10,6
5/28/2019 0:00,35942,13.89,6.67,1.34,2.15,9.19,6
5/28/2019 1:00,35942.04,13.89,7.13,0.45,3.58,9.11,6
5/28/2019 2:00,35942.08,13.89,7.59,0.45,3.49,9.03,6
5/28/2019 3:00,35942.13,13.33,7.71,0.45,3.96,8.95,6
5/28/2019 4:00,35942.17,13.89,8.88,0.45,2.97,8.87,6
5/28/2019 5:00,35942.21,13.33,7.93,0.89,2.51,8.79,6
5/28/2019 6:00,35942.25,13.33,8.34,0.45,3.84,8.71,17
5/28/2019 7:00,35942.29,13.89,9.09,0,3.18,8.63,35
5/28/2019 8:00,35942.34,13.89,9.69,0.45,3.37,8.55,56
5/28/2019 9:00,35942.38,16.11,11.23,0.45,5.32,8.47,123
5/28/2019 10:00,35942.42,16.67,10.69,0.45,4.28,8.39,202
5/28/2019 11:00,35942.46,18.89,12.13,0.45,2.95,8.31,256
5/28/2019 12:00,35942.5,19.44,10.92,2.24,0.72,8.23,521
5/28/2019 13:00,35942.55,20.56,11.16,1.79,0.63,5.7,695
5/28/2019 14:00,35942.59,21.11,10.83,1.79,1.2,3.09,732
5/28/2019 15:00,35942.63,22.22,11.27,0.89,1.76,3.12,336
5/28/2019 16:00,35942.67,22.22,10.65,1.79,1.29,3.15,529
5/28/2019 17:00,35942.71,21.67,10.45,1.79,1.41,3.18,299
5/28/2019 18:00,35942.76,20,9.51,1.34,1.13,3.21,86
5/28/2019 19:00,35942.8,20,9.8,0.45,1.9,3.24,37
5/28/2019 20:00,35942.84,18.33,9.61,0.89,1.87,3.28,6
5/28/2019 21:00,35942.88,19.44,10.92,1.34,2.01,3.31,6
5/28/2019 22:00,35942.92,18.89,10.91,0.45,2.74,3.34,6
5/28/2019 23:00,35942.97,13.89,6.43,0.89,2.62,9.27,6
5/29/2019 0:00,35943,18.33,11.83,1.79,1.4,3.4,6
5/29/2019 1:00,35943.04,16.67,10.69,2.68,1.27,3.43,6
5/29/2019 2:00,35943.08,16.11,10.81,3.13,1.43,3.47,6
5/29/2019 3:00,35943.13,15.56,10.49,3.13,1.9,3.5,6
5/29/2019 4:00,35943.17,15.56,10.7,3.58,1.33,3.53,6
5/29/2019 5:00,35943.21,16.11,11.44,4.02,1.54,3.56,10
5/29/2019 6:00,35943.25,15.56,10.7,4.47,1.38,3.59,47
5/29/2019 7:00,35943.29,17.78,11.98,1.79,1.27,3.62,206
5/29/2019 8:00,35943.34,21.67,14.29,1.79,0.14,3.66,403
5/29/2019 9:00,35943.38,23.33,13.47,1.79,1.13,3.69,584
5/29/2019 10:00,35943.42,26.11,13.58,0.89,4.71,3.72,733
5/29/2019 11:00,35943.46,27.78,14.42,0.89,4.66,3.75,794
5/29/2019 12:00,35943.5,27.78,13.33,2.24,1.92,3.78,844
5/29/2019 13:00,35943.55,30.56,14.66,0.89,4.42,0,885
5/29/2019 14:00,35943.59,31.11,13.89,1.34,3.46,0,836
5/29/2019 15:00,35943.63,32.22,13.98,1.34,4.87,0.13,744
5/29/2019 16:00,35943.67,32.78,14.47,0.89,3.72,0.26,601
5/29/2019 17:00,35943.71,31.67,14.39,1.34,4.92,0.38,423
5/29/2019 18:00,35943.76,28.33,12.26,0.89,3.98,0.51,152
5/29/2019 19:00,35943.8,23.89,10.52,0.45,2.18,0.64,28
5/29/2019 20:00,35943.84,21.67,10.14,0.45,4.89,0.77,7
5/29/2019 21:00,35943.88,21.67,10.45,0.89,0.26,0.9,5
5/29/2019 22:00,35943.92,21.11,11.95,1.34,1.27,1.02,5
5/29/2019 23:00,35943.97,17.78,9.86,1.79,2.43,3.37,6
5/30/2019 0:00,35944,18.89,12.36,2.24,1.75,1.28,6
5/30/2019 1:00,35944.04,18.89,12.36,2.24,1.54,1.41,6
5/30/2019 2:00,35944.08,18.89,12.13,3.13,1.48,1.54,6
5/30/2019 3:00,35944.13,18.33,10.88,2.68,1.68,1.67,6
5/30/2019 4:00,35944.17,18.89,10.66,2.68,1.95,1.79,6
5/30/2019 5:00,35944.21,18.33,10.38,1.79,1.82,1.92,9
5/30/2019 6:00,35944.25,18.89,10.91,1.79,1.52,2.05,82
5/30/2019 7:00,35944.29,22.78,11.16,1.34,1.36,2.18,244
5/30/2019 8:00,35944.34,26.11,13.24,1.34,4.61,2.31,423
5/30/2019 9:00,35944.38,29.44,13.67,0.45,2.5,2.43,595
5/30/2019 10:00,35944.42,29.44,13.26,1.34,4.17,2.56,736
5/30/2019 11:00,35944.46,31.67,14.39,1.34,1.94,2.69,831
5/30/2019 12:00,35944.5,30.56,11.56,1.34,0.49,2.82,883
5/30/2019 13:00,35944.55,34.44,14.46,1.79,1.48,0,895
5/30/2019 14:00,35944.59,33.89,12.37,1.79,2.65,0,850
5/30/2019 15:00,35944.63,35,12.76,0.89,4.68,0.15,754
5/30/2019 16:00,35944.67,33.89,11.81,0.89,5.39,0.3,603
5/30/2019 17:00,35944.71,32.22,10.37,0.89,4.31,0.45,386
5/30/2019 18:00,35944.76,28.89,8.59,0.45,5.74,0.6,149
5/30/2019 19:00,35944.8,26.11,8.12,0.45,3.26,0.75,31
5/30/2019 20:00,35944.84,23.33,8.57,0.45,6.25,0.9,6
5/30/2019 21:00,35944.88,22.22,10.01,0.45,3.21,1.05,6
5/30/2019 22:00,35944.92,20.56,10.6,0.45,4.99,1.2,6
5/30/2019 23:00,35944.97,20,12.21,2.68,1.45,1.15,5
5/31/2019 0:00,35945,16.67,10.01,0.45,2.16,1.5,6
5/31/2019 1:00,35945.04,16.11,10.16,1.34,4.38,1.65,6
5/31/2019 2:00,35945.08,15.56,10.7,0.89,3.6,1.8,6
5/31/2019 3:00,35945.13,13.89,9.69,1.34,4.57,1.94,6
5/31/2019 4:00,35945.17,14.44,10.82,0.89,3,2.09,6
5/31/2019 5:00,35945.21,13.33,9.92,0.45,2.98,2.24,8
5/31/2019 6:00,35945.25,14.44,10.62,1.34,4.75,2.39,61
5/31/2019 7:00,35945.29,18.33,13.79,0.89,4.12,2.54,227
5/31/2019 8:00,35945.34,22.22,16.01,0.45,5.1,2.69,382
5/31/2019 9:00,35945.38,25,15.32,0.89,3.77,2.84,481
5/31/2019 10:00,35945.42,27.22,15.58,1.34,4.63,2.99,591
5/31/2019 11:00,35945.46,27.22,14.26,1.34,4.4,3.14,820
5/31/2019 12:00,35945.5,30.56,15.07,0.89,4.85,3.29,866
5/31/2019 13:00,35945.55,30.56,12.96,0.45,5.04,1.49,870
5/31/2019 14:00,35945.59,33.33,15.42,0.89,1.92,0,823
5/31/2019 15:00,35945.63,34.44,14.46,1.79,6.11,0.12,732
5/31/2019 16:00,35945.67,35.56,14.37,1.34,4.43,0.25,613
5/31/2019 17:00,35945.71,26.67,7.17,8.94,1.38,0.37,374
5/31/2019 18:00,35945.76,26.11,7.66,8.49,1.22,0.49,133
5/31/2019 19:00,35945.8,25.56,8.52,4.47,1.76,0.61,20
5/31/2019 20:00,35945.84,23.89,7.05,1.79,1.59,0.74,7
5/31/2019 21:00,35945.88,23.89,6.61,2.24,0.38,0.86,6
5/31/2019 22:00,35945.92,23.33,7.39,0.89,0.45,0.98,5
5/31/2019 23:00,35945.97,18.89,10.91,0.89,4.43,1.35,6
6/1/2019 0:00,35946,21.67,8.15,2.24,1.94,1.23,6
6/1/2019 1:00,35946.04,20.56,6.79,1.79,1.43,1.35,6
6/1/2019 2:00,35946.08,19.44,8.09,3.13,1.48,1.47,6
6/1/2019 3:00,35946.13,20.56,8.16,3.13,0.87,1.59,6
6/1/2019 4:00,35946.17,19.44,6.14,0.89,3.98,1.72,5
6/1/2019 5:00,35946.21,18.89,5.97,1.79,0.99,1.84,9
6/1/2019 6:00,35946.25,20.56,8.8,3.13,1.78,1.96,83
6/1/2019 7:00,35946.29,22.22,9.35,1.79,1.52,2.08,248
6/1/2019 8:00,35946.34,25.56,10.57,3.13,1.13,2.21,429
6/1/2019 9:00,35946.38,30,13.34,0.45,3.3,2.33,600
6/1/2019 10:00,35946.42,31.11,12.05,1.34,3.94,2.45,739
6/1/2019 11:00,35946.46,31.11,9.97,2.24,5.15,2.57,838
6/1/2019 12:00,35946.5,33.33,10.13,1.34,5.32,2.7,888
6/1/2019 13:00,35946.55,35,9.57,0.45,5.01,0,894
6/1/2019 14:00,35946.59,36.11,11.19,0.89,5.64,0,862
6/1/2019 15:00,35946.63,34.44,11.08,1.34,4.71,0.12,763
6/1/2019 16:00,35946.67,31.67,8.09,1.79,1.15,0.24,297
6/1/2019 17:00,35946.71,32.78,10.85,1.34,0.7,0.36,260
6/1/2019 18:00,35946.76,28.89,9.61,0.45,4.59,0.48,45
6/1/2019 19:00,35946.8,26.67,9.07,2.24,6.11,0.6,32
6/1/2019 20:00,35946.84,25.56,9.78,1.34,1.75,0.71,7
6/1/2019 21:00,35946.88,24.44,9.18,0.45,5.55,0.83,5
6/1/2019 22:00,35946.92,22.78,9.85,0.89,1.71,0.95,6
6/1/2019 23:00,35946.97,21.67,8.15,3.58,1.54,1.1,6
6/2/2019 0:00,35947,21.11,10.24,2.68,2.02,1.19,6
6/2/2019 1:00,35947.04,20.56,9.42,1.79,1.62,1.31,6
6/2/2019 2:00,35947.08,20,10.91,2.24,1.54,1.43,6
6/2/2019 3:00,35947.13,19.44,10.39,2.24,1.82,1.55,6
6/2/2019 4:00,35947.17,19.44,11.43,2.68,1.5,1.67,6
6/2/2019 5:00,35947.21,19.44,11.18,2.68,1.85,1.79,8
6/2/2019 6:00,35947.25,20.56,12.23,2.68,1.4,1.9,67
6/2/2019 7:00,35947.29,23.33,12.89,0.45,3.7,2.02,247
6/2/2019 8:00,35947.34,26.11,12.54,2.68,3.87,2.14,427
6/2/2019 9:00,35947.38,29.44,13.67,0.89,0.75,2.26,597
6/2/2019 10:00,35947.42,30.56,12.5,0.45,0.16,2.38,737
6/2/2019 11:00,35947.46,32.22,12.01,1.34,3.4,2.5,834
6/2/2019 12:00,35947.5,33.33,11.33,1.34,4.01,2.62,891
6/2/2019 13:00,35947.55,32.78,12.49,0.45,2.79,0,893
6/2/2019 14:00,35947.59,34.44,13.94,0.45,0.58,6.89,542
6/2/2019 15:00,35947.63,29.44,12.41,2.24,5.76,6.71,239
6/2/2019 16:00,35947.67,29.44,13.26,2.68,5.76,6.54,153
6/2/2019 17:00,35947.71,28.89,13.57,2.24,1.82,6.36,209
6/2/2019 18:00,35947.76,28.89,11.48,1.79,1.34,6.19,108
6/2/2019 19:00,35947.8,26.11,10.67,2.24,1.24,6.01,28
6/2/2019 20:00,35947.84,25,9.68,1.79,1.01,5.84,7
6/2/2019 21:00,35947.88,25.56,10.57,2.68,1.5,5.66,5
6/2/2019 22:00,35947.92,23.89,10.17,0.89,4.71,5.49,6
6/2/2019 23:00,35947.97,22.22,10.65,0.89,1.47,1.07,6
6/3/2019 0:00,35948,22.22,9.68,1.79,1.64,5.14,6
6/3/2019 1:00,35948.04,20,8.29,1.34,1.41,4.96,6
6/3/2019 2:00,35948.08,18.89,9.05,1.34,4.42,4.79,6
6/3/2019 3:00,35948.13,19.44,11.43,1.34,1.36,4.61,6
6/3/2019 4:00,35948.17,18.89,11.41,0.89,3.67,4.44,6
6/3/2019 5:00,35948.21,18.33,10.13,0.89,2.41,4.26,9
6/3/2019 6:00,35948.25,18.89,11.16,1.34,4.4,4.09,87
6/3/2019 7:00,35948.29,25,14.44,0.89,1.9,3.91,249
6/3/2019 8:00,35948.34,26.67,15.69,0.89,3.51,3.74,428
6/3/2019 9:00,35948.38,28.89,15.07,0.89,1.27,3.56,595
6/3/2019 10:00,35948.42,30.56,14.25,0.89,4.14,3.39,737
6/3/2019 11:00,35948.46,32.22,13.5,0.45,1.92,3.21,834
6/3/2019 12:00,35948.5,32.78,13.51,0.89,4.4,3.04,877
6/3/2019 13:00,35948.55,33.89,14.48,0.89,2.29,1.2,876
6/3/2019 14:00,35948.59,36.11,14.3,0.45,4.21,0,827
6/3/2019 15:00,35948.63,35.56,13.82,1.79,1.31,0.13,739
6/3/2019 16:00,35948.67,37.78,15.15,1.34,4.29,0.27,648
6/3/2019 17:00,35948.71,32.78,11.96,0.45,0.14,0.4,379
6/3/2019 18:00,35948.76,29.44,12.84,0.45,2.6,0.53,97
6/3/2019 19:00,35948.8,27.22,12.45,0,1.38,0.67,30
6/3/2019 20:00,35948.84,26.67,13.05,0.45,4.59,0.8,7
6/3/2019 21:00,35948.88,26.11,14.23,0.89,1.24,0.94,5
6/3/2019 22:00,35948.92,24.44,14.51,2.24,1.36,1.07,5
6/3/2019 23:00,35948.97,21.67,8.84,1.79,0.37,5.31,6
6/4/2019 0:00,35949,24.44,15.62,2.24,1.45,1.34,6
6/4/2019 1:00,35949.04,23.33,14.31,3.13,1.9,1.47,6
6/4/2019 2:00,35949.08,23.33,13.19,0.89,2.79,1.6,5
6/4/2019 3:00,35949.13,22.78,12.67,0.89,4.19,1.74,5
6/4/2019 4:00,35949.17,21.11,13.26,0.45,5.57,1.87,6
6/4/2019 5:00,35949.21,21.11,14.48,1.79,1.27,2,9
6/4/2019 6:00,35949.25,22.78,15.09,2.24,1.33,2.14,85
6/4/2019 7:00,35949.29,26.11,14.87,3.13,1.52,2.27,249
6/4/2019 8:00,35949.34,29.44,14.84,1.34,1.27,2.4,429
6/4/2019 9:00,35949.38,35.56,17.85,1.34,6.2,2.54,599
6/4/2019 10:00,35949.42,35,15.95,0.45,6,2.67,737
6/4/2019 11:00,35949.46,36.67,15.88,0.45,3.98,2.81,832
6/4/2019 12:00,35949.5,36.11,14.3,1.34,0.96,2.94,881
6/4/2019 13:00,35949.55,37.78,15.15,1.34,4.26,0.69,882
6/4/2019 14:00,35949.59,39.44,16.59,0.89,5.46,0,828
6/4/2019 15:00,35949.63,38.89,16.7,0.89,4.63,0.15,734
6/4/2019 16:00,35949.67,38.89,16.7,0.45,0.35,0.29,598
6/4/2019 17:00,35949.71,37.78,16.3,0.45,4.57,0.44,428
6/4/2019 18:00,35949.76,34.44,15.46,1.34,1.94,0.58,142
6/4/2019 19:00,35949.8,30,13.76,0.45,2.62,0.73,30
6/4/2019 20:00,35949.84,27.22,14.26,0.45,3.74,0.88,7
6/4/2019 21:00,35949.88,27.78,15.44,0.89,4.69,1.02,5
6/4/2019 22:00,35949.92,25.56,15.26,0.45,1.94,1.17,5
6/4/2019 23:00,35949.97,24.44,15.62,1.79,1.66,1.2,5
6/5/2019 0:00,35950,24.44,15.89,0.89,1.66,1.46,5
6/5/2019 1:00,35950.04,24.44,15.89,0.89,1.55,1.61,6
6/5/2019 2:00,35950.08,24.44,17.42,1.79,0.99,1.75,6
6/5/2019 3:00,35950.13,23.33,16.6,2.68,1.88,1.9,6
6/5/2019 4:00,35950.17,22.78,16.31,2.24,1.66,2.05,6
6/5/2019 5:00,35950.21,23.89,16.89,2.68,1.64,2.19,9
6/5/2019 6:00,35950.25,25,16.15,2.24,1.9,2.34,82
6/5/2019 7:00,35950.29,28.89,18.06,1.79,1.95,2.49,241
6/5/2019 8:00,35950.34,32.78,18.24,0.89,0.44,2.63,420
6/5/2019 9:00,35950.38,36.67,19.72,0.45,0.82,2.78,589
6/5/2019 10:00,35950.42,36.67,19.72,2.68,1.82,2.92,727
6/5/2019 11:00,35950.46,37.78,18.4,1.34,4.9,3.07,822
6/5/2019 12:00,35950.5,38.89,17.82,1.34,4.71,3.22,871
6/5/2019 13:00,35950.55,38.89,15.5,1.79,2.58,1.04,879
6/5/2019 14:00,35950.59,40.56,17.54,0.89,5.53,0,825
6/5/2019 15:00,35950.63,42.22,15.64,1.34,5.39,0.24,740
6/5/2019 16:00,35950.67,42.22,14.1,1.34,5.46,0.48,609
6/5/2019 17:00,35950.71,41.67,15.17,2.24,6.07,0.72,438
6/5/2019 18:00,35950.76,37.22,12.13,0.45,3.91,0.96,113
6/5/2019 19:00,35950.8,32.22,13.02,0.45,0.66,1.2,29
6/5/2019 20:00,35950.84,28.89,11.48,0.45,0.35,1.44,7
6/5/2019 21:00,35950.88,30,12.91,1.34,6.21,1.68,5
6/5/2019 22:00,35950.92,27.22,12.83,0.45,4.99,1.92,5
6/5/2019 23:00,35950.97,26.11,17.46,2.24,1.48,1.32,5
6/6/2019 0:00,35951,24.44,13.93,0.89,5.86,2.4,6
6/6/2019 1:00,35951.04,22.22,12.99,1.34,4.57,2.64,6
6/6/2019 2:00,35951.08,21.67,13.27,0.45,4.26,2.88,6
6/6/2019 3:00,35951.13,21.67,13.79,0.45,5.81,3.12,6
6/6/2019 4:00,35951.17,20,12.7,0.45,2.95,3.36,6
6/6/2019 5:00,35951.21,20,13.18,0.45,3.84,3.6,9
6/6/2019 6:00,35951.25,20,12.21,0.45,4.73,3.84,85
6/6/2019 7:00,35951.29,25,15.32,0.45,3.67,4.08,221
6/6/2019 8:00,35951.34,29.44,14.84,1.34,5.86,4.32,382
6/6/2019 9:00,35951.38,30.56,12.5,1.79,5.64,4.56,448
6/6/2019 10:00,35951.42,31.11,10.52,0.89,5.11,4.8,400
6/6/2019 11:00,35951.46,33.89,11.22,0.89,5.62,5.04,552
6/6/2019 12:00,35951.5,34.44,9.79,3.58,5.85,5.28,765
6/6/2019 13:00,35951.55,35.56,8.56,2.24,4.9,3.74,805
6/6/2019 14:00,35951.59,36.11,8.23,2.24,5.41,0,839
6/6/2019 15:00,35951.63,35,8.1,1.34,4.4,0.12,767
6/6/2019 16:00,35951.67,36.11,9.02,2.68,5.72,0.25,634
6/6/2019 17:00,35951.71,33.89,9.32,3.13,5.41,0.37,459
6/6/2019 18:00,35951.76,29.44,6.82,2.24,5.74,0.5,106
6/6/2019 19:00,35951.8,26.11,5.65,0.89,3.4,0.62,24
6/6/2019 20:00,35951.84,22.78,5.19,0.45,0.19,0.75,8
6/6/2019 21:00,35951.88,20,4.01,0.45,3.44,0.87,6
6/6/2019 22:00,35951.92,17.78,2.82,0.45,0.14,1,6
6/6/2019 23:00,35951.97,24.44,13.63,0.45,3.54,2.16,5
6/7/2019 0:00,35952,14.44,0.92,0.45,4.73,1.24,6
6/7/2019 1:00,35952.04,13.89,1.75,0.45,4.82,1.37,6
6/7/2019 2:00,35952.08,13.33,2.17,0.45,4.64,1.49,6
6/7/2019 3:00,35952.13,12.78,2.81,0.89,4.76,1.62,6
6/7/2019 4:00,35952.17,12.22,3.37,0.89,4.68,1.74,6
6/7/2019 5:00,35952.21,11.11,3.32,1.34,4.89,1.87,7
6/7/2019 6:00,35952.25,13.33,4.92,0.45,4.15,1.99,82
6/7/2019 7:00,35952.29,17.78,7.73,0.89,3.67,2.11,264
6/7/2019 8:00,35952.34,22.78,8.07,2.24,4.66,2.24,465
6/7/2019 9:00,35952.38,22.22,6.4,0.89,5.27,2.36,533
6/7/2019 10:00,35952.42,23.89,7.05,0.45,0.77,2.49,480
6/7/2019 11:00,35952.46,27.22,7.14,1.34,4.85,2.61,831
6/7/2019 12:00,35952.5,27.78,5.39,2.24,5.59,2.74,889
6/7/2019 13:00,35952.55,28.89,5.09,2.24,5.31,0,920
6/7/2019 14:00,35952.59,30.56,4.4,1.34,4.35,0,868
6/7/2019 15:00,35952.63,29.44,3.48,4.02,5.69,0.09,772
6/7/2019 16:00,35952.67,30.56,5.13,0.89,6.21,0.18,635
6/7/2019 17:00,35952.71,28.89,5.09,2.68,4.8,0.27,455
6/7/2019 18:00,35952.76,25.56,1.63,2.68,5.29,0.36,120
6/7/2019 19:00,35952.8,22.22,-1.17,0.89,3.11,0.45,27
6/7/2019 20:00,35952.84,18.89,-1.1,0.89,5.31,0.54,8
6/7/2019 21:00,35952.88,17.78,-0.57,0.45,3.3,0.63,6
6/7/2019 22:00,35952.92,15.56,-0.75,0.89,3.68,0.72,6
6/7/2019 23:00,35952.97,16.11,1.33,0.45,0.98,1.12,6
6/8/2019 0:00,35953,15,0.7,0,3.94,0.9,6
6/8/2019 1:00,35953.04,12.78,-0.59,0.45,3.89,0.99,6
6/8/2019 2:00,35953.08,12.78,-0.25,0.89,3.96,1.08,6
6/8/2019 3:00,35953.13,12.78,1.66,0.89,2.64,1.17,6
6/8/2019 4:00,35953.17,12.78,1.05,0.89,4.08,1.26,6
6/8/2019 5:00,35953.21,10.56,0.75,0.89,4.4,1.35,9
6/8/2019 6:00,35953.25,16.11,5.32,0.89,1.97,1.44,94
6/8/2019 7:00,35953.29,19.44,8.7,0.45,5.83,1.53,267
6/8/2019 8:00,35953.34,22.22,5.57,2.68,3.82,1.62,454
6/8/2019 9:00,35953.38,22.78,4.26,2.24,3.37,1.71,625
6/8/2019 10:00,35953.42,25,4.16,1.79,3.82,1.8,766
6/8/2019 11:00,35953.46,26.67,4.45,1.34,4.05,1.89,863
6/8/2019 12:00,35953.5,28.33,3.96,0.89,3.7,1.98,911
6/8/2019 13:00,35953.55,31.11,4.87,0.45,5.36,0,912
6/8/2019 14:00,35953.59,33.33,7.46,0.45,2.62,0,865
6/8/2019 15:00,35953.63,33.33,7.46,0.45,4.14,0.19,768
6/8/2019 16:00,35953.67,35.56,8.56,1.34,5.74,0.38,631
6/8/2019 17:00,35953.71,35.56,10.03,0.89,5.04,0.57,457
6/8/2019 18:00,35953.76,31.11,7.62,0.45,5.22,0.76,124
6/8/2019 19:00,35953.8,25,4.69,0.45,2.18,0.95,27
6/8/2019 20:00,35953.84,21.67,3.76,0.45,3.68,1.13,8
6/8/2019 21:00,35953.88,22.22,5.14,0.45,3.72,1.32,5
6/8/2019 22:00,35953.92,20.56,4.51,0.89,0.19,1.51,5
6/8/2019 23:00,35953.97,15,-0.43,0.89,5.18,0.81,6
6/9/2019 0:00,35954,20.56,10.02,2.24,2.08,1.89,5
6/9/2019 1:00,35954.04,20,10.36,2.68,1.95,2.08,5
6/9/2019 2:00,35954.08,20,10.91,3.58,1.4,2.27,5
6/9/2019 3:00,35954.13,18.33,9.08,1.79,1.9,2.46,6
6/9/2019 4:00,35954.17,19.44,10.12,3.13,1.99,2.65,6
6/9/2019 5:00,35954.21,18.33,8.81,2.68,1.64,2.84,9
6/9/2019 6:00,35954.25,20,10.36,1.79,1.64,3.02,86
6/9/2019 7:00,35954.29,24.44,12.38,0.45,0.33,3.21,261
6/9/2019 8:00,35954.34,27.78,13.7,0.89,0.75,3.4,449
6/9/2019 9:00,35954.38,29.44,12.84,1.79,1.03,3.59,615
6/9/2019 10:00,35954.42,34.44,13.41,0.89,4.49,3.78,730
6/9/2019 11:00,35954.46,35.56,12.03,0.89,4.28,3.97,846
6/9/2019 12:00,35954.5,35,10.26,0.89,0.28,4.16,830
6/9/2019 13:00,35954.55,36.11,10.5,0.89,3.21,4.36,777
6/9/2019 14:00,35954.59,37.78,11.17,1.79,6.07,3.37,729
6/9/2019 15:00,35954.63,38.89,11.33,1.34,4.4,3.34,718
6/9/2019 16:00,35954.67,40,10.6,0.45,3.77,3.31,621
6/9/2019 17:00,35954.71,40.56,9.2,0.45,3.84,3.28,428
6/9/2019 18:00,35954.76,34.44,7.64,0,3.26,3.25,126
6/9/2019 19:00,35954.8,29.44,4.9,0.45,0.45,3.22,50
6/9/2019 20:00,35954.84,28.89,5.09,1.34,5.99,3.19,7
6/9/2019 21:00,35954.88,26.11,4.55,0.89,4.03,3.16,5
6/9/2019 22:00,35954.92,25.56,9.78,1.34,1.08,3.13,5
6/9/2019 23:00,35954.97,21.11,5.8,1.79,1.97,1.7,5
6/10/2019 0:00,35955,23.89,12.19,2.68,1.33,3.08,5
6/10/2019 1:00,35955.04,25.56,10.18,1.34,1.36,3.05,5
6/10/2019 2:00,35955.08,24.44,10.67,1.34,1.01,3.02,5
6/10/2019 3:00,35955.13,23.89,8.68,1.79,1.66,2.99,5
6/10/2019 4:00,35955.17,25.56,8.52,1.79,2.08,2.96,6
6/10/2019 5:00,35955.21,23.89,6.61,0.89,3.11,2.93,10
6/10/2019 6:00,35955.25,25.56,9.37,1.34,1.64,2.9,97
6/10/2019 7:00,35955.29,27.78,12.17,0.45,5.5,2.88,241
6/10/2019 8:00,35955.34,31.67,11.52,0.89,4.92,2.85,432
6/10/2019 9:00,35955.38,33.89,12.37,1.79,4.19,2.82,516
6/10/2019 10:00,35955.42,35.56,11.39,0.89,4.19,2.79,729
6/10/2019 11:00,35955.46,37.78,11.17,2.68,1.88,2.76,825
6/10/2019 12:00,35955.5,38.33,10.07,1.79,2.36,2.73,890
6/10/2019 13:00,35955.55,40,10.6,0.45,0.99,0.83,883
6/10/2019 14:00,35955.59,42.78,11,0.45,4.54,0,854
6/10/2019 15:00,35955.63,42.22,10.55,1.34,4.82,0.24,682
6/10/2019 16:00,35955.67,43.89,8.62,1.34,4.01,0.49,615
6/10/2019 17:00,35955.71,42.78,7.74,0.45,2.09,0.73,426
6/10/2019 18:00,35955.76,37.22,4.47,0.45,2.81,0.97,152
6/10/2019 19:00,35955.8,32.22,4.21,0.45,1.41,1.21,53
6/10/2019 20:00,35955.84,30.56,7.76,1.79,1.66,1.46,7
6/10/2019 21:00,35955.88,30.56,8.94,2.24,1.59,1.7,5
6/10/2019 22:00,35955.92,28.89,9.11,2.24,1.68,1.94,5
6/10/2019 23:00,35955.97,25,11.18,1.34,1.95,3.11,5
6/11/2019 0:00,35956,26.11,11.07,2.68,1.48,2.43,5
6/11/2019 1:00,35956.04,26.11,10.28,2.68,1.52,2.67,5
6/11/2019 2:00,35956.08,27.78,10.49,2.68,1.75,2.91,5
6/11/2019 3:00,35956.13,27.78,10.05,2.24,1.48,3.16,5
6/11/2019 4:00,35956.17,27.78,9.59,3.13,1.87,3.4,5
6/11/2019 5:00,35956.21,26.11,7.66,0.89,1.92,3.64,8
6/11/2019 6:00,35956.25,25.56,8.09,0.89,4.59,3.89,90
6/11/2019 7:00,35956.29,31.67,12.04,0.89,1.03,4.13,260
6/11/2019 8:00,35956.34,34.44,13.41,1.34,6.04,4.37,448
6/11/2019 9:00,35956.38,38.33,12.37,0.89,3.7,4.61,618
6/11/2019 10:00,35956.42,38.33,10.07,1.34,3.32,4.86,750
6/11/2019 11:00,35956.46,38.89,9.68,2.24,1.83,5.1,832
6/11/2019 12:00,35956.5,38.89,9.68,0.89,3.75,5.34,762
6/11/2019 13:00,35956.55,40.56,11.05,0.45,3.8,7.2,588
6/11/2019 14:00,35956.59,42.78,11,1.34,4.66,0,821
6/11/2019 15:00,35956.63,42.78,11,1.79,6.09,0.11,546
6/11/2019 16:00,35956.67,38.33,9.23,1.34,1.06,0.22,494
6/11/2019 17:00,35956.71,39.44,9.25,1.34,6.18,0.33,306
6/11/2019 18:00,35956.76,36.67,10.97,0.89,4.42,0.44,132
6/11/2019 19:00,35956.8,32.78,9.03,0,1.57,0.54,52
6/11/2019 20:00,35956.84,32.22,8.56,0.89,0.86,0.65,9
6/11/2019 21:00,35956.88,30,11.07,1.34,1.61,0.76,5
6/11/2019 22:00,35956.92,28.89,12.76,3.13,1.87,0.87,5
6/11/2019 23:00,35956.97,27.78,8.14,0.89,2.81,2.19,5
6/12/2019 0:00,35957,26.11,14.55,2.68,1.22,1.09,5
6/12/2019 1:00,35957.04,27.78,13.33,3.13,1.85,1.2,5
6/12/2019 2:00,35957.08,27.22,11.67,0.89,2.23,1.31,5
6/12/2019 3:00,35957.13,26.67,9.51,1.34,1.4,1.41,5
6/12/2019 4:00,35957.17,25.56,12.73,0.45,3.89,1.52,5
6/12/2019 5:00,35957.21,25,12.22,0.89,1.34,1.63,9
6/12/2019 6:00,35957.25,27.22,11.67,1.34,1.82,1.74,42
6/12/2019 7:00,35957.29,31.67,14.39,0.89,0.84,1.85,210
6/12/2019 8:00,35957.34,35.56,15.44,0.89,4.85,1.96,442
6/12/2019 9:00,35957.38,37.78,14.55,1.34,1.57,2.07,609
6/12/2019 10:00,35957.42,37.78,11.17,1.34,2.78,2.18,753
6/12/2019 11:00,35957.46,40,11.45,1.34,3.46,2.28,852
6/12/2019 12:00,35957.5,41.11,10.61,0.89,4.57,2.39,901
6/12/2019 13:00,35957.55,42.22,11.51,1.79,4.29,0,906
6/12/2019 14:00,35957.59,43.33,9.34,1.34,5.04,0,863
6/12/2019 15:00,35957.63,43.33,5.57,0.89,5.32,0.13,783
6/12/2019 16:00,35957.67,43.89,7.36,0.89,2.79,0.26,623
6/12/2019 17:00,35957.71,43.33,9.34,0.45,0.44,0.39,447
6/12/2019 18:00,35957.76,39.44,9.25,0.45,4.69,0.52,127
6/12/2019 19:00,35957.8,34.44,11.69,0.89,0.79,0.65,31
6/12/2019 20:00,35957.84,29.44,12.84,0.45,3.58,0.77,7
6/12/2019 21:00,35957.88,26.67,12.32,0.89,4.63,0.9,5
6/12/2019 22:00,35957.92,25.56,13.4,0.89,5.01,1.03,5
6/12/2019 23:00,35957.97,27.78,11.77,1.79,2.01,0.98,5
6/13/2019 0:00,35958,23.33,13.19,0.45,3.63,1.29,6
6/13/2019 1:00,35958.04,22.78,13.24,0.45,3.33,1.42,6
6/13/2019 2:00,35958.08,22.22,12.99,0.89,4.63,1.55,5
6/13/2019 3:00,35958.13,21.11,12.49,0.89,4.92,1.68,6
6/13/2019 4:00,35958.17,19.44,11.69,0.45,4.59,1.81,6
6/13/2019 5:00,35958.21,20.56,13.23,1.34,2.27,1.94,9
6/13/2019 6:00,35958.25,24.44,14.22,0.89,2.86,2.06,84
6/13/2019 7:00,35958.29,25.56,14.35,0.45,4,2.19,237
6/13/2019 8:00,35958.34,30,14.17,2.68,2.09,2.32,425
6/13/2019 9:00,35958.38,35,15.95,0.89,5.71,2.45,595
6/13/2019 10:00,35958.42,33.33,11.33,2.24,3.89,2.58,740
6/13/2019 11:00,35958.46,33.89,11.22,1.34,4.61,2.71,837
6/13/2019 12:00,35958.5,35.56,11.39,0.89,5.08,2.84,887
6/13/2019 13:00,35958.55,36.11,12.5,0.45,1.4,0.54,886
6/13/2019 14:00,35958.59,40.56,15.63,0.45,3.4,0,838
6/13/2019 15:00,35958.63,41.11,14.7,0.89,4.71,0.11,738
6/13/2019 16:00,35958.67,40,14.48,0.89,4.05,0.22,592
6/13/2019 17:00,35958.71,38.33,11.64,0.89,4.47,0.33,447
6/13/2019 18:00,35958.76,34.44,9.1,1.34,5.27,0.44,111
6/13/2019 19:00,35958.8,30.56,6.5,0.89,5.1,0.55,35
6/13/2019 20:00,35958.84,27.78,8.14,1.34,4.29,0.67,8
6/13/2019 21:00,35958.88,25,8.88,0.45,4.29,0.78,5
6/13/2019 22:00,35958.92,22.78,10.52,0.89,4.56,0.89,5
6/13/2019 23:00,35958.97,23.33,12.6,0,3.21,1.16,5
6/14/2019 0:00,35959,20.56,11.7,0.45,3.94,1.11,6
6/14/2019 1:00,35959.04,19.44,12.18,0.89,4.59,1.22,6
6/14/2019 2:00,35959.08,18.89,12.13,1.79,6,1.33,6
6/14/2019 3:00,35959.13,21.67,13.27,0.89,0.84,1.44,5
6/14/2019 4:00,35959.17,18.33,11.12,0.89,3.91,1.55,5
6/14/2019 5:00,35959.21,17.78,11.75,0.89,0.93,1.66,10
6/14/2019 6:00,35959.25,17.78,11.3,0.45,4.69,1.77,87
6/14/2019 7:00,35959.29,22.78,14.58,0.45,2.98,1.89,247
6/14/2019 8:00,35959.34,26.67,15.06,1.34,4.45,2,436
6/14/2019 9:00,35959.38,30.56,15.84,0.89,4.63,2.11,607
6/14/2019 10:00,35959.42,32.22,13.98,0.89,4.96,2.22,749
6/14/2019 11:00,35959.46,34.44,12.28,0.45,4.5,2.33,850
6/14/2019 12:00,35959.5,34.44,10.45,1.34,4.69,2.44,900
6/14/2019 13:00,35959.55,37.22,9.15,2.24,5.45,0,906
6/14/2019 14:00,35959.59,37.22,10.71,0.89,5.93,0,859
6/14/2019 15:00,35959.63,39.44,12.56,1.34,4.69,0.15,760
6/14/2019 16:00,35959.67,38.89,10.53,0.45,4.71,0.31,622
6/14/2019 17:00,35959.71,36.67,8.69,1.34,4.87,0.46,452
6/14/2019 18:00,35959.76,34.44,9.79,0.45,3.86,0.62,118
6/14/2019 19:00,35959.8,28.89,8.59,0.45,4.07,0.77,28
6/14/2019 20:00,35959.84,26.67,10.36,0.45,5.32,0.93,8
6/14/2019 21:00,35959.88,25.56,12.04,0,0.66,1.08,5
6/14/2019 22:00,35959.92,23.89,11.54,1.34,4.75,1.24,5
6/14/2019 23:00,35959.97,21.67,11.63,0.45,2.69,1,6
6/15/2019 0:00,35960,20.56,12.99,0.45,3.56,1.55,6
6/15/2019 1:00,35960.04,20,13.18,1.34,4.31,1.7,6
6/15/2019 2:00,35960.08,18.89,12.82,1.34,4.66,1.85,6
6/15/2019 3:00,35960.13,18.89,12.82,0.89,4.43,2.01,6
6/15/2019 4:00,35960.17,18.89,13.26,0.89,4.07,2.16,6
6/15/2019 5:00,35960.21,17.78,12.63,0.89,4.22,2.32,9
6/15/2019 6:00,35960.25,19.44,13.58,1.34,4.08,2.47,84
6/15/2019 7:00,35960.29,21.67,14.53,0.45,4.08,2.63,244
6/15/2019 8:00,35960.34,25.56,15.55,0.89,4.76,2.78,427
6/15/2019 9:00,35960.38,30,16.44,1.34,4.26,2.94,598
6/15/2019 10:00,35960.42,32.22,16.16,0.45,3.79,3.09,737
6/15/2019 11:00,35960.46,35.56,16.44,1.34,4.57,3.25,835
6/15/2019 12:00,35960.5,35.56,15.44,1.79,6.16,3.4,866
6/15/2019 13:00,35960.55,37.78,14.55,0.89,2.43,2.04,864
6/15/2019 14:00,35960.59,36.11,11.86,0.89,3.94,3.97,708
6/15/2019 15:00,35960.63,38.89,12.1,0.89,0.79,3.9,602
6/15/2019 16:00,35960.67,38.33,11.64,0.89,5.48,3.83,634
6/15/2019 17:00,35960.71,36.67,10.97,0.89,4.89,3.77,458
6/15/2019 18:00,35960.76,32.78,9.66,0.45,3.09,3.7,122
6/15/2019 19:00,35960.8,27.78,7.62,0.89,4.43,3.64,27
6/15/2019 20:00,35960.84,25,8.03,0.45,5.83,3.57,7
6/15/2019 21:00,35960.88,22.78,8.44,0.45,4.73,3.5,5
6/15/2019 22:00,35960.92,22.22,10.01,0.45,4.71,3.44,6
6/15/2019 23:00,35960.97,21.11,11.68,0.89,3.32,1.39,6
6/16/2019 0:00,35961,18.33,10.13,0.45,2.25,3.31,6
6/16/2019 1:00,35961.04,16.11,9.48,0.89,4.57,3.24,6
6/16/2019 2:00,35961.08,15.56,10.06,0.45,3.47,3.17,6
6/16/2019 3:00,35961.13,15,10.16,0.89,4.19,3.11,6
6/16/2019 4:00,35961.17,14.44,9.83,0.45,4.78,3.04,6
6/16/2019 5:00,35961.21,13.89,9.69,0.45,4.87,2.98,9
6/16/2019 6:00,35961.25,13.89,9.69,1.34,4.43,2.91,46
6/16/2019 7:00,35961.29,15.56,11.11,0.89,3.96,2.84,129
6/16/2019 8:00,35961.34,21.11,14.24,0.45,3.02,2.78,427
6/16/2019 9:00,35961.38,26.11,16.92,1.79,6.21,2.71,617
6/16/2019 10:00,35961.42,31.67,17.96,0.45,1.87,2.65,755
6/16/2019 11:00,35961.46,31.11,14.75,0.45,5.6,2.58,849
6/16/2019 12:00,35961.5,32.78,13.99,0.89,5.57,2.52,898
6/16/2019 13:00,35961.55,34.44,13.41,1.34,4.69,0,903
6/16/2019 14:00,35961.59,35,12.76,1.79,4.1,0,860
6/16/2019 15:00,35961.63,36.67,11.66,0.89,3.16,0.15,769
6/16/2019 16:00,35961.67,37.78,11.17,0.89,4.63,0.3,636
6/16/2019 17:00,35961.71,37.78,11.9,0.45,4.31,0.45,477
6/16/2019 18:00,35961.76,33.33,11.89,1.34,4.61,0.61,181
6/16/2019 19:00,35961.8,29.44,11.97,0.89,4.85,0.76,61
6/16/2019 20:00,35961.84,26.67,12.32,0.45,4.56,0.91,9
6/16/2019 21:00,35961.88,25.56,13.72,0.45,3.7,1.06,5
6/16/2019 22:00,35961.92,24.44,13.63,0,4.63,1.21,5
6/16/2019 23:00,35961.97,18.89,8.76,0.89,4.43,3.37,6
6/17/2019 0:00,35962,24.44,16.67,1.34,1.97,1.51,6
6/17/2019 1:00,35962.04,23.89,15.37,1.34,1.62,1.67,6
6/17/2019 2:00,35962.08,21.11,13.26,0.89,4.49,1.82,6
6/17/2019 3:00,35962.13,20.56,12.48,0.45,5.93,1.97,6
6/17/2019 4:00,35962.17,19.44,11.93,0.89,4.36,2.12,6
6/17/2019 5:00,35962.21,19.44,13.35,0.89,4.1,2.27,8
6/17/2019 6:00,35962.25,21.11,14.48,0.89,0.89,2.42,79
6/17/2019 7:00,35962.29,25.56,17.47,1.79,1.54,2.58,237
6/17/2019 8:00,35962.34,31.11,19.17,0.45,5.65,2.73,415
6/17/2019 9:00,35962.38,32.22,16.57,0.89,4.31,2.88,578
6/17/2019 10:00,35962.42,33.33,15.42,0.45,3.6,3.03,719
6/17/2019 11:00,35962.46,34.44,16.4,0.89,4.78,3.18,813
6/17/2019 12:00,35962.5,35.56,15.94,0.89,3.72,3.33,869
6/17/2019 13:00,35962.55,36.67,14.2,0.45,6.07,1.46,876
6/17/2019 14:00,35962.59,38.33,13.07,0.45,3.77,0,846
6/17/2019 15:00,35962.63,38.89,12.1,0.89,4.21,0.14,735
6/17/2019 16:00,35962.67,35.56,10.73,0.45,4,0.27,307
6/17/2019 17:00,35962.71,36.67,12.33,1.34,5.78,0.41,300
6/17/2019 18:00,35962.76,33.89,11.81,1.34,5.69,0.55,121
6/17/2019 19:00,35962.8,30.56,11.06,2.68,5.65,0.68,54
6/17/2019 20:00,35962.84,28.33,10.08,0.45,5.95,0.82,12
6/17/2019 21:00,35962.88,27.78,11.77,2.24,6.18,0.95,5
6/17/2019 22:00,35962.92,27.22,12.07,2.24,6.27,1.09,5
6/17/2019 23:00,35962.97,23.33,13.76,1.34,0.19,1.36,5
6/18/2019 0:00,35963,25,11.88,1.79,5.86,1.36,5
6/18/2019 1:00,35963.04,27.22,13.56,2.24,1.43,1.5,5
6/18/2019 2:00,35963.08,23.89,10.17,1.79,4.54,1.64,5
6/18/2019 3:00,35963.13,21.11,11.12,0.45,4.29,1.77,6
6/18/2019 4:00,35963.17,21.67,12.47,2.24,1.88,1.91,6
6/18/2019 5:00,35963.21,23.33,14.31,2.24,1.85,2.04,9
6/18/2019 6:00,35963.25,21.67,12.2,1.34,4.56,2.18,88
6/18/2019 7:00,35963.29,25.56,14.96,0.89,4.12,2.32,250
6/18/2019 8:00,35963.34,31.11,17.81,0.45,2.41,2.45,428
6/18/2019 9:00,35963.38,35,19.07,0.89,4.8,2.59,596
6/18/2019 10:00,35963.42,34.44,14.97,0.89,3.82,2.73,738
6/18/2019 11:00,35963.46,35.56,14.91,0.45,1.4,2.86,833
6/18/2019 12:00,35963.5,37.22,14.07,0.89,3.98,3,882
6/18/2019 13:00,35963.55,39.44,14.01,1.34,2.83,0.65,886
6/18/2019 14:00,35963.59,40,16.45,0.45,3.74,0,831
6/18/2019 15:00,35963.63,43.89,17.77,0.89,5.83,0.15,744
6/18/2019 16:00,35963.67,42.78,16.1,0.89,0.65,0.3,614
6/18/2019 17:00,35963.71,41.67,15.17,0.89,5.39,0.44,470
6/18/2019 18:00,35963.76,37.78,16.3,0.45,1.45,0.59,129
6/18/2019 19:00,35963.8,33.33,13.49,0.89,4.54,0.74,30
6/18/2019 20:00,35963.84,30.56,12.96,0.45,4.21,0.89,8
6/18/2019 21:00,35963.88,28.33,14.2,0.45,3.72,1.04,5
6/18/2019 22:00,35963.92,27.78,15.1,0,3.75,1.19,5
6/18/2019 23:00,35963.97,27.22,11.67,2.24,1.08,1.23,5
6/19/2019 0:00,35964,25.56,16.12,0.45,4.75,1.48,5
6/19/2019 1:00,35964.04,25.56,16.67,2.24,1.34,1.63,5
6/19/2019 2:00,35964.08,25,15.6,0.89,4.42,1.78,5
6/19/2019 3:00,35964.13,22.78,14.84,0.45,2.67,1.93,6
6/19/2019 4:00,35964.17,23.89,16.89,1.34,1.45,2.08,5
6/19/2019 5:00,35964.21,23.89,16.4,1.79,1.52,2.22,8
6/19/2019 6:00,35964.25,26.67,18.25,1.34,1.5,2.37,82
6/19/2019 7:00,35964.29,30.56,19.61,1.34,5.88,2.52,242
6/19/2019 8:00,35964.34,32.22,18.47,0.45,3.47,2.67,424
6/19/2019 9:00,35964.38,35,18.65,0.45,5.53,2.82,591
6/19/2019 10:00,35964.42,37.78,18.88,0.89,3.79,2.97,729
6/19/2019 11:00,35964.46,37.78,17.89,0.45,3.39,3.11,823
6/19/2019 12:00,35964.5,38.89,17.26,1.34,4.68,3.26,872
6/19/2019 13:00,35964.55,40.56,17.54,0.89,4.96,1.47,876
6/19/2019 14:00,35964.59,43.33,16.57,0.45,6.07,0,844
6/19/2019 15:00,35964.63,42.22,12.42,2.24,5.74,0.13,757
6/19/2019 16:00,35964.67,41.11,12.36,1.79,5.38,0.25,623
6/19/2019 17:00,35964.71,42.22,13.28,3.13,5.93,0.38,453
6/19/2019 18:00,35964.76,37.78,14.55,0.45,2.57,0.51,109
6/19/2019 19:00,35964.8,31.67,13.02,0.89,5.65,0.64,26
6/19/2019 20:00,35964.84,28.33,10.54,0.45,4.21,0.76,9
6/19/2019 21:00,35964.88,27.22,10,0.45,4.14,0.89,5
6/19/2019 22:00,35964.92,26.11,12.19,1.34,4.73,1.02,5
6/19/2019 23:00,35964.97,25.56,13.72,0.45,5.79,1.33,5
6/20/2019 0:00,35965,21.67,13.01,1.34,4.49,1.27,6
6/20/2019 1:00,35965.04,20.56,11.7,0.45,4.96,1.4,6
6/20/2019 2:00,35965.08,19.44,11.93,0.45,5.6,1.53,6
6/20/2019 3:00,35965.13,18.33,12.06,0.45,4.43,1.66,6
6/20/2019 4:00,35965.17,18.33,12.51,0.45,3.05,1.78,5
6/20/2019 5:00,35965.21,17.78,11.98,1.34,2.37,1.91,9
6/20/2019 6:00,35965.25,22.78,14.58,0.45,2.88,2.04,87
6/20/2019 7:00,35965.29,22.78,14.84,0.89,4.12,2.17,249
6/20/2019 8:00,35965.34,26.11,15.48,1.34,3.89,2.29,429
6/20/2019 9:00,35965.38,30,16.8,1.34,4.49,2.42,598
6/20/2019 10:00,35965.42,31.67,16.07,0.45,5.55,2.55,737
6/20/2019 11:00,35965.46,34.44,15.46,0.89,4.29,2.68,838
6/20/2019 12:00,35965.5,33.89,12.93,2.68,4.9,2.8,889
6/20/2019 13:00,35965.55,35.56,12.03,0.45,1.52,0,894
6/20/2019 14:00,35965.59,36.67,12.98,0.89,5.29,0,850
6/20/2019 15:00,35965.63,37.22,12.8,0.45,3.82,0.14,760
6/20/2019 16:00,35965.67,37.22,12.8,1.79,4.75,0.28,628
6/20/2019 17:00,35965.71,36.11,12.5,0.89,4.66,0.42,458
6/20/2019 18:00,35965.76,31.67,12.53,0.45,3.87,0.56,117
6/20/2019 19:00,35965.8,27.22,11.67,0.45,2.71,0.69,27
6/20/2019 20:00,35965.84,24.44,12.38,0.89,1.75,0.83,8
6/20/2019 21:00,35965.88,22.22,12.44,0.45,1.31,0.97,5
6/20/2019 22:00,35965.92,19.44,10.92,0.45,2.97,1.11,6
6/20/2019 23:00,35965.97,22.78,11.78,1.34,4.56,1.15,5
6/21/2019 0:00,35966,16.11,9.71,0.45,3.53,1.39,6
6/21/2019 1:00,35966.04,16.11,10.16,0.89,4.5,1.53,6
6/21/2019 2:00,35966.08,15,9.74,0.89,5.13,1.67,6
6/21/2019 3:00,35966.13,14.44,9.62,0.89,4.59,1.81,6
6/21/2019 4:00,35966.17,13.89,9.49,0.89,4.96,1.94,6
6/21/2019 5:00,35966.21,13.89,9.69,0.45,3.32,2.08,9
6/21/2019 6:00,35966.25,16.11,11.44,1.34,4.63,2.22,82
6/21/2019 7:00,35966.29,20.56,13.95,0.45,3.96,2.36,244
6/21/2019 8:00,35966.34,23.89,14.83,1.34,3.54,2.5,423
6/21/2019 9:00,35966.38,26.11,14.55,0.45,2.84,2.64,593
6/21/2019 10:00,35966.42,27.78,13.33,1.79,4.69,2.78,734
6/21/2019 11:00,35966.46,28.89,12.34,0.45,4.64,2.92,832
6/21/2019 12:00,35966.5,30.56,13.4,0.89,0.35,3.06,880
6/21/2019 13:00,35966.55,31.67,12.53,1.34,5.34,0.79,885
6/21/2019 14:00,35966.59,33.89,12.93,0.45,4.5,0,842
6/21/2019 15:00,35966.63,34.44,13.94,1.79,5.27,0.11,746
6/21/2019 16:00,35966.67,34.44,12.86,1.34,4.36,0.23,613
6/21/2019 17:00,35966.71,33.33,9.5,0.89,5.27,0.34,451
6/21/2019 18:00,35966.76,30.56,5.83,1.34,3.53,0.46,118
6/21/2019 19:00,35966.8,26.11,3.37,0.45,4.29,0.57,30
6/21/2019 20:00,35966.84,23.89,4.25,0.89,4.78,0.69,9
6/21/2019 21:00,35966.88,22.22,4.25,2.24,6.09,0.8,6
6/21/2019 22:00,35966.92,22.22,4.7,1.34,4.59,0.92,6
6/21/2019 23:00,35966.97,17.78,10.59,1.34,5.17,1.25,6
6/22/2019 0:00,35967,18.33,6.45,0.45,4.87,1.15,6
6/22/2019 1:00,35967.04,18.33,6.76,0.89,4.15,1.26,6
6/22/2019 2:00,35967.08,17.22,6.93,0.89,4.43,1.38,6
6/22/2019 3:00,35967.13,18.89,9.87,0.89,1.61,1.49,5
6/22/2019 4:00,35967.17,17.78,7.45,0.89,2.58,1.61,5
6/22/2019 5:00,35967.21,18.33,9.35,0.89,1.87,1.72,9
6/22/2019 6:00,35967.25,16.67,6.98,1.79,4.52,1.84,85
6/22/2019 7:00,35967.29,24.44,11.38,1.79,3.12,1.95,248
6/22/2019 8:00,35967.34,25,9.68,0.45,2.02,2.07,429
6/22/2019 9:00,35967.38,27.78,10.49,0.89,3.51,2.18,601
6/22/2019 10:00,35967.42,30,10.07,0.89,5.1,2.3,745
6/22/2019 11:00,35967.46,31.67,9.31,0.45,0.35,2.41,847
6/22/2019 12:00,35967.5,32.78,9.66,0.89,3.09,2.53,898
6/22/2019 13:00,35967.55,33.33,8.85,1.34,3.82,0,900
6/22/2019 14:00,35967.59,36.11,9.78,0.45,0.33,0,857
6/22/2019 15:00,35967.63,38.89,11.33,0.45,4.64,0.13,761
6/22/2019 16:00,35967.67,36.67,10.97,0.45,2.83,0.25,625
6/22/2019 17:00,35967.71,37.22,9.95,1.34,4.89,0.38,452
6/22/2019 18:00,35967.76,34.44,9.1,0.89,5.04,0.51,120
6/22/2019 19:00,35967.8,29.44,6.2,0.45,3.75,0.64,31
6/22/2019 20:00,35967.84,26.11,3.97,0.45,1.43,0.76,9
6/22/2019 21:00,35967.88,25.56,5.7,0.45,1.08,0.89,5
6/22/2019 22:00,35967.92,25,11.53,2.68,1.24,1.02,5
6/22/2019 23:00,35967.97,20,5.57,0.45,3.67,1.03,6
6/23/2019 0:00,35968,22.78,7.68,0.89,5.86,1.27,6
6/23/2019 1:00,35968.04,22.22,9.68,1.34,1.8,1.4,6
6/23/2019 2:00,35968.08,22.78,11.16,2.24,1.61,1.53,5
6/23/2019 3:00,35968.13,22.78,12.08,2.68,1.71,1.66,6
6/23/2019 4:00,35968.17,21.67,10.75,2.24,1.83,1.78,6
6/23/2019 5:00,35968.21,20.56,10.02,0.89,1.66,1.91,9
6/23/2019 6:00,35968.25,24.44,11.72,0.45,5.2,2.04,83
6/23/2019 7:00,35968.29,26.11,13.24,1.79,1.36,2.17,247
6/23/2019 8:00,35968.34,32.22,16.16,0.45,1.15,2.29,429
6/23/2019 9:00,35968.38,34.44,13.94,0.45,4.45,2.42,598
6/23/2019 10:00,35968.42,34.44,11.08,0.45,3.18,2.55,740
6/23/2019 11:00,35968.46,35.56,10.73,0.45,5.74,2.68,839
6/23/2019 12:00,35968.5,36.67,9.48,0.45,4.15,2.8,889
6/23/2019 13:00,35968.55,38.33,10.07,1.34,4.47,0,897
6/23/2019 14:00,35968.59,41.11,11.51,0.89,3.3,0,858
6/23/2019 15:00,35968.63,40,11.45,0.89,3.96,0.12,764
6/23/2019 16:00,35968.67,39.44,10.14,0.45,5.27,0.25,624
6/23/2019 17:00,35968.71,40,11.45,0.45,5.11,0.37,456
6/23/2019 18:00,35968.76,35,8.85,1.79,4.64,0.49,128
6/23/2019 19:00,35968.8,30.56,6.5,0.45,4.92,0.62,27
6/23/2019 20:00,35968.84,27.22,6.61,0,3.86,0.74,9
6/23/2019 21:00,35968.88,26.11,6.18,0.45,5.65,0.86,5
6/23/2019 22:00,35968.92,26.67,6.13,0.45,5.39,0.99,5
6/23/2019 23:00,35968.97,24.44,9.94,4.47,1.52,1.15,5
6/24/2019 0:00,35969,24.44,9.18,0.89,0.7,1.23,5
6/24/2019 1:00,35969.04,23.33,10.36,1.79,1.66,1.36,6
6/24/2019 2:00,35969.08,22.78,11.47,1.79,1.54,1.48,6
6/24/2019 3:00,35969.13,22.78,11.47,2.68,1.87,1.6,6
6/24/2019 4:00,35969.17,21.67,10.75,2.68,1.61,1.73,6
6/24/2019 5:00,35969.21,21.67,12.47,2.24,1.5,1.85,9
6/24/2019 6:00,35969.25,24.44,13.32,2.68,1.76,1.97,79
6/24/2019 7:00,35969.29,26.67,12.69,0.89,3.89,2.1,245
6/24/2019 8:00,35969.34,30.56,12.96,0.89,4.05,2.22,438
6/24/2019 9:00,35969.38,33.33,11.89,0.89,3.8,2.34,607
6/24/2019 10:00,35969.42,35.56,12.03,0.45,2.09,2.47,754
6/24/2019 11:00,35969.46,36.67,11.66,0.45,3.87,2.59,850
6/24/2019 12:00,35969.5,37.78,9.61,0.45,1.73,2.71,892
6/24/2019 13:00,35969.55,39.44,10.14,0.45,5.78,0,889
6/24/2019 14:00,35969.59,41.11,6.42,0.45,4.12,0,792
6/24/2019 15:00,35969.63,42.22,6.05,0.45,0.65,0.09,719
6/24/2019 16:00,35969.67,40.56,3.41,0.45,2.67,0.19,585
6/24/2019 17:00,35969.71,40,5.54,0.45,3.61,0.28,411
6/24/2019 18:00,35969.76,35,6.49,1.34,4.35,0.37,128
6/24/2019 19:00,35969.8,30.56,4.4,0.45,4.68,0.47,47
6/24/2019 20:00,35969.84,28.33,3.28,0.45,3.05,0.56,9
6/24/2019 21:00,35969.88,27.22,3.03,0.45,4.52,0.65,5
6/24/2019 22:00,35969.92,25.56,4.08,1.34,4.56,0.75,5
6/24/2019 23:00,35969.97,24.44,6.2,0.89,4.8,1.11,5
6/25/2019 0:00,35970,21.67,4.21,0.89,3.94,0.94,6
6/25/2019 1:00,35970.04,21.67,6.69,0.89,1.61,1.03,6
6/25/2019 2:00,35970.08,22.78,10.84,1.34,1.06,1.12,6
6/25/2019 3:00,35970.13,20.56,7.14,1.34,0.72,1.22,6
6/25/2019 4:00,35970.17,21.11,10.54,1.34,1.64,1.31,5
6/25/2019 5:00,35970.21,21.11,10.24,2.24,1.59,1.4,7
6/25/2019 6:00,35970.25,24.44,11.03,0.89,4.47,1.5,85
6/25/2019 7:00,35970.29,25.56,10.95,0.45,4.75,1.59,258
6/25/2019 8:00,35970.34,28.33,10.99,0.45,3.33,1.68,432
6/25/2019 9:00,35970.38,34.44,14.97,0.89,5.79,1.78,597
6/25/2019 10:00,35970.42,32.22,11.48,1.79,0.94,1.87,737
6/25/2019 11:00,35970.46,36.11,9.78,0.45,3.53,1.96,864
6/25/2019 12:00,35970.5,37.78,7.89,0.45,3.89,2.06,911
6/25/2019 13:00,35970.55,37.78,4.91,1.34,4.59,0,922
6/25/2019 14:00,35970.59,39.44,6.24,1.79,4.89,0,876
6/25/2019 15:00,35970.63,39.44,3.88,0.89,4.97,0.11,786
6/25/2019 16:00,35970.67,37.78,2.57,1.79,4.42,0.21,652
6/25/2019 17:00,35970.71,36.67,4.03,0.89,3.35,0.32,478
6/25/2019 18:00,35970.76,33.33,4.26,1.79,4.75,0.42,155
6/25/2019 19:00,35970.8,28.89,3.74,0.45,1.64,0.53,28
6/25/2019 20:00,35970.84,25.56,4.63,0.45,3.49,0.63,8
6/25/2019 21:00,35970.88,24.44,5.72,0.45,4.49,0.74,5
6/25/2019 22:00,35970.92,21.11,4.58,0.89,4.66,0.84,6
6/25/2019 23:00,35970.97,22.78,2.77,0.45,3.72,0.84,5
6/26/2019 0:00,35971,17.78,3.56,0.45,3.44,1.05,6
6/26/2019 1:00,35971.04,17.78,5.29,0.45,3.16,1.16,6
6/26/2019 2:00,35971.08,16.11,5.9,0.89,4.63,1.26,6
6/26/2019 3:00,35971.13,13.89,5.18,0.89,3.54,1.37,6
6/26/2019 4:00,35971.17,13.89,5.94,0.45,4.49,1.48,6
6/26/2019 5:00,35971.21,12.78,5.38,0.89,4.68,1.58,9
6/26/2019 6:00,35971.25,16.11,7.27,1.34,4.43,1.69,89
6/26/2019 7:00,35971.29,22.22,10.65,0.45,3.7,1.79,251
6/26/2019 8:00,35971.34,23.89,10.17,0,2.36,1.9,432
6/26/2019 9:00,35971.38,26.67,9.94,1.34,3.98,2,605
6/26/2019 10:00,35971.42,28.33,10.54,2.68,1.4,2.11,747
6/26/2019 11:00,35971.46,31.11,9.42,1.34,4.87,2.21,849
6/26/2019 12:00,35971.5,32.22,8.56,2.24,5.18,2.32,904
6/26/2019 13:00,35971.55,32.22,7.23,0.45,4.59,0,906
6/26/2019 14:00,35971.59,34.44,7.64,0.89,5.85,0,864
6/26/2019 15:00,35971.63,35,7.31,2.24,4.83,0.11,773
6/26/2019 16:00,35971.67,36.67,7.86,1.34,5.41,0.23,643
6/26/2019 17:00,35971.71,35,6.49,1.79,4.73,0.34,470
6/26/2019 18:00,35971.76,30.56,5.83,0.89,3.58,0.46,123
6/26/2019 19:00,35971.8,26.11,7.18,0.45,2.64,0.57,30
6/26/2019 20:00,35971.84,22.78,6.89,0.45,5.43,0.69,9
6/26/2019 21:00,35971.88,21.11,7.65,0.89,4.26,0.8,6
6/26/2019 22:00,35971.92,18.89,6.96,1.34,4.43,0.92,6
6/26/2019 23:00,35971.97,20.56,4.51,1.34,5.01,0.95,6
6/27/2019 0:00,35972,15.56,5.1,0,5.86,1.14,6
6/27/2019 1:00,35972.04,14.44,5.96,0.45,1.27,1.26,6
6/27/2019 2:00,35972.08,12.78,6.08,0.45,4.63,1.37,6
6/27/2019 3:00,35972.13,12.78,6.75,0.45,2.76,1.49,6
6/27/2019 4:00,35972.17,11.67,6.11,0.45,4.42,1.6,6
6/27/2019 5:00,35972.21,11.11,6.2,0.45,4.56,1.72,8
6/27/2019 6:00,35972.25,14.44,8.78,1.34,4.17,1.83,85
6/27/2019 7:00,35972.29,18.33,10.88,0.45,1.47,1.95,251
6/27/2019 8:00,35972.34,22.22,12.44,0.89,3.51,2.06,431
6/27/2019 9:00,35972.38,22.78,12.38,1.79,1.29,2.18,601
6/27/2019 10:00,35972.42,23.89,11.54,1.79,1.47,2.29,742
6/27/2019 11:00,35972.46,28.33,12.26,0.89,1.61,2.4,842
6/27/2019 12:00,35972.5,30,10.07,1.34,0.42,2.52,898
6/27/2019 13:00,35972.55,31.11,7.62,0.89,0.44,0,900
6/27/2019 14:00,35972.59,31.67,7.44,1.34,4.05,0,842
6/27/2019 15:00,35972.63,32.78,6.99,2.68,5.03,0,752
6/27/2019 16:00,35972.67,33.89,7.92,1.34,4.85,0,628
6/27/2019 17:00,35972.71,31.67,6.06,0.89,4.8,0,423
6/27/2019 18:00,35972.76,27.22,3.69,0.45,1.5,0,88
6/27/2019 19:00,35972.8,23.89,4.25,0.45,0.61,0,32
6/27/2019 20:00,35972.84,21.11,3.72,0.89,5.31,0,8
6/27/2019 21:00,35972.88,19.44,3.52,0.45,5.41,0,5
6/27/2019 22:00,35972.92,16.67,3.62,0,3.93,0,6
6/27/2019 23:00,35972.97,17.22,5.74,0.45,1.48,1.03,6
6/28/2019 0:00,35973,15,3.39,0.45,2.08,0,6
6/28/2019 1:00,35973.04,15.56,4.81,0.45,4.56,0,6
6/28/2019 2:00,35973.08,14.44,4.91,1.34,4.68,0,6
6/28/2019 3:00,35973.13,15,6.48,0.89,1.57,0,6
6/28/2019 4:00,35973.17,14.44,6.71,0.89,2.3,0,6
6/28/2019 5:00,35973.21,13.89,5.69,0.89,4.07,0,8
6/28/2019 6:00,35973.25,16.67,6.98,0.45,3.46,0,86
6/28/2019 7:00,35973.29,19.44,8.99,0.89,4.64,0,254
6/28/2019 8:00,35973.34,23.89,11.21,0.45,5.53,0,398
6/28/2019 9:00,35973.38,27.78,10.93,2.24,3.65,0,605
6/28/2019 10:00,35973.42,32.22,12.01,0.89,1.71,0,791
6/28/2019 11:00,35973.46,31.67,9.31,1.79,1.06,0,899
6/28/2019 12:00,35973.5,31.11,8.84,0.45,5.64,0,951
6/28/2019 13:00,35973.55,35,8.85,0.89,4.05,1.51,875
6/28/2019 14:00,35973.59,31.11,8.84,1.34,5.43,7.23,521
6/28/2019 15:00,35973.63,29.44,6.82,0.45,5.76,7.02,431
6/28/2019 16:00,35973.67,29.44,7.41,4.02,5.86,6.81,303
6/28/2019 17:00,35973.71,27.78,7.09,0.45,3.18,6.6,205
6/28/2019 18:00,35973.76,26.67,6.66,0.45,3.53,6.39,97
6/28/2019 19:00,35973.8,25.56,7.17,0.45,2.3,6.18,39
6/28/2019 20:00,35973.84,22.78,6.89,0.45,4.4,5.98,14
6/28/2019 21:00,35973.88,20,6.29,0.45,2.3,5.77,5
6/28/2019 22:00,35973.92,18.89,5.28,0.45,5.86,5.56,6
6/28/2019 23:00,35973.97,16.67,4.6,0.45,0.12,0,6
6/29/2019 0:00,35974,17.78,6.25,0.89,3.96,5.14,6
6/29/2019 1:00,35974.04,16.67,6.13,0.89,4.36,4.93,6
6/29/2019 2:00,35974.08,17.78,8.29,1.34,1.64,4.72,6
6/29/2019 3:00,35974.13,17.78,9.61,0.89,1.95,4.52,6
6/29/2019 4:00,35974.17,17.78,9.86,0.45,2.39,4.31,6
6/29/2019 5:00,35974.21,15.56,7.76,0.45,5.03,4.1,9
6/29/2019 6:00,35974.25,18.89,9.05,0.89,4.47,3.89,84
6/29/2019 7:00,35974.29,24.44,13.01,0.89,1.85,3.68,248
6/29/2019 8:00,35974.34,25,10.44,2.24,3.89,3.47,429
6/29/2019 9:00,35974.38,28.33,11.42,1.34,2.39,3.26,599
6/29/2019 10:00,35974.42,30,10.58,0.89,4.61,3.06,740
6/29/2019 11:00,35974.46,33.33,11.89,0.89,4.99,2.85,841
6/29/2019 12:00,35974.5,33.89,9.97,0.89,4.42,2.64,894
6/29/2019 13:00,35974.55,36.11,11.19,2.24,4.5,0,900
6/29/2019 14:00,35974.59,35,8.1,0.89,2.44,0,856
6/29/2019 15:00,35974.63,37.78,9.61,0.45,1.13,0.13,765
6/29/2019 16:00,35974.67,37.78,7.89,0.45,1.34,0.25,630
6/29/2019 17:00,35974.71,38.33,8.34,0.45,2.55,0.38,464
6/29/2019 18:00,35974.76,32.78,4.66,0.89,5.57,0.5,133
6/29/2019 19:00,35974.8,28.33,3.96,0.45,5.25,0.63,25
6/29/2019 20:00,35974.84,24.44,2.55,0.45,3.35,0.75,8
6/29/2019 21:00,35974.88,23.89,3.2,0.45,5.11,0.88,6
6/29/2019 22:00,35974.92,20.56,2.78,0.45,0.45,1,5
6/29/2019 23:00,35974.97,18.33,5.47,0.45,4.96,5.35,5
6/30/2019 0:00,35975,21.11,5.8,1.34,1.95,1.25,5
6/30/2019 1:00,35975.04,20,5.19,0.89,4.12,1.38,5
6/30/2019 2:00,35975.08,17.22,3.42,0.45,5.11,1.5,6
6/30/2019 3:00,35975.13,17.78,6.25,0.45,6.02,1.63,6
6/30/2019 4:00,35975.17,18.33,5.8,0.45,2.67,1.75,6
6/30/2019 5:00,35975.21,18.89,9.05,0.89,1.76,1.88,8
6/30/2019 6:00,35975.25,19.44,8.09,0.89,1.83,2,81
6/30/2019 7:00,35975.29,21.67,8.15,0.45,4.63,2.13,243
6/30/2019 8:00,35975.34,27.22,10.86,0.89,3.79,2.25,424
6/30/2019 9:00,35975.38,29.44,10.09,1.34,3.6,2.38,594
6/30/2019 10:00,35975.42,31.67,9.89,2.24,3.93,2.51,736
6/30/2019 11:00,35975.46,33.89,9.97,0.89,3.23,2.63,838
6/30/2019 12:00,35975.5,34.44,8.38,0.89,4.38,2.76,890
6/30/2019 13:00,35975.55,36.11,9.78,0.45,5.27,0,897
6/30/2019 14:00,35975.59,38.33,8.34,2.24,4.75,0,856
6/30/2019 15:00,35975.63,39.44,8.3,3.58,5.62,0.1,770
6/30/2019 16:00,35975.67,38.33,7.4,0.89,1.82,0.2,635
6/30/2019 17:00,35975.71,37.22,6.5,0.89,3.79,0.3,468
6/30/2019 18:00,35975.76,33.89,6.4,0.45,4.1,0.4,142
6/30/2019 19:00,35975.8,29.44,5.56,0.45,5.15,0.5,28
6/30/2019 20:00,35975.84,26.11,5.11,0,4.56,0.6,9
6/30/2019 21:00,35975.88,23.33,3.77,0.45,3.89,0.7,6
6/30/2019 22:00,35975.92,21.67,4.65,0.45,3.47,0.79,5
6/30/2019 23:00,35975.97,21.11,5,0.45,6.28,1.13,5
7/1/2019 0:00,35976,17.78,3.56,0.45,6.21,0.99,6
7/1/2019 1:00,35976.04,17.78,3.93,0.45,4.68,1.09,6
7/1/2019 2:00,35976.08,17.22,4.46,0.45,4.28,1.19,6
7/1/2019 3:00,35976.13,16.67,4.28,0,2.72,1.29,6
7/1/2019 4:00,35976.17,16.11,6.18,0.45,3.37,1.39,6
7/1/2019 5:00,35976.21,15.56,4.51,0.89,4.22,1.49,8
7/1/2019 6:00,35976.25,20,9.51,0.89,1.29,1.59,85
7/1/2019 7:00,35976.29,20,7.65,0.89,4.47,1.69,252
7/1/2019 8:00,35976.34,27.22,10.44,0.89,4.29,1.79,434
7/1/2019 9:00,35976.38,30.56,10.03,0.45,6.23,1.89,610
7/1/2019 10:00,35976.42,33.89,9.97,0,3.32,1.99,754
7/1/2019 11:00,35976.46,35,9.57,1.79,4.63,2.09,854
7/1/2019 12:00,35976.5,35.56,7.77,0.89,4.12,2.18,907
7/1/2019 13:00,35976.55,35.56,4.18,0.45,2.55,0,913
7/1/2019 14:00,35976.59,36.67,1.7,0.45,0.58,0,875
7/1/2019 15:00,35976.63,37.78,1.26,0.45,3.05,0.1,786
7/1/2019 16:00,35976.67,38.89,2.12,0.45,4.14,0.2,650
7/1/2019 17:00,35976.71,37.78,2.57,1.79,5.53,0.3,481
7/1/2019 18:00,35976.76,35,0.4,0.45,5.65,0.4,135
7/1/2019 19:00,35976.8,28.33,1.01,0.45,4.29,0.5,26
7/1/2019 20:00,35976.84,24.44,1.96,0.45,3.6,0.6,9
7/1/2019 21:00,35976.88,21.67,2.32,0,2.51,0.7,6
7/1/2019 22:00,35976.92,20,3.18,0.45,4.89,0.81,5
7/1/2019 23:00,35976.97,20,4.81,0.45,4.43,0.89,6
7/2/2019 0:00,35977,17.22,4.79,0.45,4.49,1.01,6
7/2/2019 1:00,35977.04,16.67,5.23,1.34,4.59,1.11,6
7/2/2019 2:00,35977.08,15.56,3.9,0.45,1.48,1.21,6
7/2/2019 3:00,35977.13,16.11,4.72,0.45,3.84,1.31,6
7/2/2019 4:00,35977.17,16.11,5.9,0.45,2.37,1.41,6
7/2/2019 5:00,35977.21,16.67,5.83,0.89,4.17,1.51,8
7/2/2019 6:00,35977.25,17.22,5.11,0.89,4.43,1.61,87
7/2/2019 7:00,35977.29,18.89,6.31,1.34,4.35,1.71,254
7/2/2019 8:00,35977.34,24.44,8.78,0.89,4.52,1.81,439
7/2/2019 9:00,35977.38,28.89,8.59,0.89,3.72,1.91,611
7/2/2019 10:00,35977.42,30.56,7.76,0.89,4.36,2.01,755
7/2/2019 11:00,35977.46,32.22,7.23,0.45,5.64,2.11,856
7/2/2019 12:00,35977.5,35,7.31,1.79,4.89,2.21,906
7/2/2019 13:00,35977.55,35,3.73,1.79,4.68,0,912
7/2/2019 14:00,35977.59,36.11,1.27,1.34,4.36,0,874
7/2/2019 15:00,35977.63,37.78,2.57,0.45,5.6,0.11,781
7/2/2019 16:00,35977.67,39.44,3.88,0.89,4.85,0.23,647
7/2/2019 17:00,35977.71,37.78,2.57,0.45,3.82,0.34,477
7/2/2019 18:00,35977.76,33.33,3.35,0.45,4.9,0.46,148
7/2/2019 19:00,35977.8,27.78,2.81,0.45,3.37,0.57,24
7/2/2019 20:00,35977.84,25,4.16,0.45,4.35,0.69,9
7/2/2019 21:00,35977.88,21.11,7.3,0.89,4.57,0.8,6
7/2/2019 22:00,35977.92,19.44,8.09,0.89,3.84,0.92,5
7/2/2019 23:00,35977.97,19.44,5.43,0.45,3.51,0.91,5
7/3/2019 0:00,35978,16.67,7.79,0.45,4.54,1.15,6
7/3/2019 1:00,35978.04,15.56,7.01,0.45,4.03,1.26,6
7/3/2019 2:00,35978.08,15.56,7.26,0.89,3.94,1.37,6
7/3/2019 3:00,35978.13,14.44,6.95,0.45,4.5,1.49,6
7/3/2019 4:00,35978.17,13.89,7.13,0.89,1.95,1.6,6
7/3/2019 5:00,35978.21,16.11,8.77,1.34,1.68,1.72,8
7/3/2019 6:00,35978.25,17.22,8.31,0.89,3.82,1.83,93
7/3/2019 7:00,35978.29,18.33,9.35,0.89,4.31,1.95,221
7/3/2019 8:00,35978.34,26.11,12.9,0.45,2.95,2.06,421
7/3/2019 9:00,35978.38,27.78,11.35,0.45,4.36,2.18,465
7/3/2019 10:00,35978.42,32.22,12.01,1.34,4.43,2.29,700
7/3/2019 11:00,35978.46,31.11,9.97,2.24,3.79,2.41,847
7/3/2019 12:00,35978.5,32.78,8.38,1.34,4.24,2.52,897
7/3/2019 13:00,35978.55,35.56,8.56,1.34,5.24,0,904
7/3/2019 14:00,35978.59,35.56,7.77,0.45,0.23,0,867
7/3/2019 15:00,35978.63,35.56,8.56,0.45,4.15,0.12,775
7/3/2019 16:00,35978.67,36.11,8.23,0.45,4.43,0.23,636
7/3/2019 17:00,35978.71,36.11,8.23,0.45,4.73,0.35,466
7/3/2019 18:00,35978.76,32.22,7.23,0.89,3.98,0.47,146
7/3/2019 19:00,35978.8,27.22,6.61,0.89,3.6,0.59,29
7/3/2019 20:00,35978.84,23.89,4.75,0.45,4.07,0.7,9
7/3/2019 21:00,35978.88,23.33,3.77,0.45,3.46,0.82,5
7/3/2019 22:00,35978.92,21.67,9.17,0.89,4.64,0.94,5
7/3/2019 23:00,35978.97,18.33,8.53,0,5.11,1.03,6
7/4/2019 0:00,35979,18.33,9.87,0.45,2.67,1.17,6
7/4/2019 1:00,35979.04,18.33,9.87,0.89,4.63,1.29,6
7/4/2019 2:00,35979.08,16.11,8.29,0.89,4.01,1.41,6
7/4/2019 3:00,35979.13,16.67,9.06,0.45,2.81,1.52,6
7/4/2019 4:00,35979.17,16.67,9.06,0.45,3.91,1.64,6
7/4/2019 5:00,35979.21,17.22,9.58,0.89,3.46,1.76,8
7/4/2019 6:00,35979.25,17.78,8.83,1.34,4.19,1.87,79
7/4/2019 7:00,35979.29,19.44,10.92,0.89,4.38,1.99,242
7/4/2019 8:00,35979.34,25,12.56,0.89,4.01,2.11,423
7/4/2019 9:00,35979.38,28.33,11.85,0.45,4.36,2.23,593
7/4/2019 10:00,35979.42,31.11,12.53,0.45,2.2,2.34,737
7/4/2019 11:00,35979.46,33.33,10.74,0.89,5.57,2.46,841
7/4/2019 12:00,35979.5,34.44,11.08,0.89,2.5,2.58,895
7/4/2019 13:00,35979.55,35,10.26,0.89,4.66,0,899
7/4/2019 14:00,35979.59,36.11,9.02,1.79,5.15,0,861
7/4/2019 15:00,35979.63,37.78,9.61,0.89,2.79,0.12,770
7/4/2019 16:00,35979.67,38.33,9.23,0.45,3.67,0.24,636
7/4/2019 17:00,35979.71,36.67,8.69,1.34,5.1,0.37,466
7/4/2019 18:00,35979.76,33.89,7.92,1.79,4.69,0.49,151
7/4/2019 19:00,35979.8,28.33,5.87,0.45,3.56,0.61,28
7/4/2019 20:00,35979.84,25,5.72,0,4.54,0.73,9
7/4/2019 21:00,35979.88,25,7.59,0.89,6.21,0.86,6
7/4/2019 22:00,35979.92,24.44,7.1,0.45,6.04,0.98,5
7/4/2019 23:00,35979.97,18.89,9.33,0.89,3.51,1.05,5
7/5/2019 0:00,35980,21.67,8.84,1.79,2.11,1.22,5
7/5/2019 1:00,35980.04,21.67,10.45,0.45,1.73,1.35,5
7/5/2019 2:00,35980.08,21.67,11.63,2.68,1.45,1.47,6
7/5/2019 3:00,35980.13,21.67,11.35,3.13,1.55,1.59,5
7/5/2019 4:00,35980.17,21.67,11.35,3.58,1.59,1.71,5
7/5/2019 5:00,35980.21,21.11,11.12,2.24,1.71,1.84,8
7/5/2019 6:00,35980.25,21.11,10.24,0.45,4.14,1.96,79
7/5/2019 7:00,35980.29,25.56,12.04,0.45,4.71,2.08,240
7/5/2019 8:00,35980.34,28.33,12.26,0,3.37,2.2,422
7/5/2019 9:00,35980.38,32.22,12.01,0,3.21,2.33,593
7/5/2019 10:00,35980.42,34.44,13.41,0.45,3.68,2.45,737
7/5/2019 11:00,35980.46,35,11.55,0.89,1.8,2.57,841
7/5/2019 12:00,35980.5,36.11,11.86,1.79,6.07,2.69,891
7/5/2019 13:00,35980.55,37.78,11.17,0.45,3.74,0,897
7/5/2019 14:00,35980.59,38.33,10.07,0,1.8,0,856
7/5/2019 15:00,35980.63,40,10.6,1.34,4.4,0.12,763
7/5/2019 16:00,35980.67,41.11,11.51,2.24,5.93,0.25,627
7/5/2019 17:00,35980.71,38.89,10.53,1.34,4.92,0.37,456
7/5/2019 18:00,35980.76,36.11,9.02,0.89,2.37,0.49,147
7/5/2019 19:00,35980.8,30.56,7.76,0.45,3.72,0.62,31
7/5/2019 20:00,35980.84,28.33,8.11,0.45,3.21,0.74,9
7/5/2019 21:00,35980.88,27.22,7.65,0.89,5.79,0.86,5
7/5/2019 22:00,35980.92,27.78,8.14,0.45,0.19,0.99,5
7/5/2019 23:00,35980.97,23.33,8.94,0.45,4.01,1.1,6
7/6/2019 0:00,35981,21.67,8.15,0.45,4.33,1.23,5
7/6/2019 1:00,35981.04,21.67,8.84,0.89,2.02,1.36,5
7/6/2019 2:00,35981.08,21.67,9.82,0.45,2.64,1.48,5
7/6/2019 3:00,35981.13,22.78,13.24,1.34,1.68,1.6,6
7/6/2019 4:00,35981.17,22.22,13.27,1.79,1.57,1.73,6
7/6/2019 5:00,35981.21,21.67,12.2,1.79,1.75,1.85,8
7/6/2019 6:00,35981.25,23.89,13.11,0.89,1.13,1.97,73
7/6/2019 7:00,35981.29,24.44,12.38,0.89,4.35,2.1,235
7/6/2019 8:00,35981.34,29.44,14.07,0.89,4.73,2.22,417
7/6/2019 9:00,35981.38,33.89,14.48,1.34,1.8,2.35,588
7/6/2019 10:00,35981.42,36.67,13.6,0.89,3.8,2.47,735
7/6/2019 11:00,35981.46,35.56,11.39,1.34,3.67,2.59,837
7/6/2019 12:00,35981.5,37.22,10.71,0.45,4.47,2.72,890
7/6/2019 13:00,35981.55,38.33,10.07,0.45,4.9,0,898
7/6/2019 14:00,35981.59,38.89,7.85,1.79,3.68,0,864
7/6/2019 15:00,35981.63,41.11,7.57,0.89,4.82,0.35,772
7/6/2019 16:00,35981.67,41.67,5.62,0.45,5.11,0.7,639
7/6/2019 17:00,35981.71,40.56,5.98,0.45,3.12,1.05,461
7/6/2019 18:00,35981.76,35,5.62,0.45,3.4,1.39,157
7/6/2019 19:00,35981.8,28.89,5.09,0.45,4.71,1.74,38
7/6/2019 20:00,35981.84,25.56,4.63,0,2.32,2.09,8
7/6/2019 21:00,35981.88,26.11,6.69,0.89,4.42,2.44,5
7/6/2019 22:00,35981.92,22.22,7.18,0,4.71,2.79,6
7/6/2019 23:00,35981.97,25,8.46,0.89,4.54,1.11,6
7/7/2019 0:00,35982,20,9.8,0.89,4.66,3.49,6
7/7/2019 1:00,35982.04,18.89,10.66,0.45,1.08,3.84,6
7/7/2019 2:00,35982.08,20.56,12.23,0.89,1.82,4.18,5
7/7/2019 3:00,35982.13,20,11.18,1.34,1.69,4.53,5
7/7/2019 4:00,35982.17,18.89,9.05,1.79,4.66,4.88,5
7/7/2019 5:00,35982.21,17.78,7.73,0.45,2.95,5.23,7
7/7/2019 6:00,35982.25,20.56,11.43,0.89,1.66,5.58,39
7/7/2019 7:00,35982.29,23.89,13.41,2.24,1.71,5.93,190
7/7/2019 8:00,35982.34,29.44,12.84,0.45,3.14,6.28,409
7/7/2019 9:00,35982.38,30,11.55,0.45,5.22,6.63,592
7/7/2019 10:00,35982.42,31.67,11,1.79,3.84,6.97,664
7/7/2019 11:00,35982.46,32.78,10.85,1.79,4.56,7.32,528
7/7/2019 12:00,35982.5,31.67,6.77,0.89,3.67,7.67,577
7/7/2019 13:00,35982.55,34.44,8.38,0.45,2.08,7.74,541
7/7/2019 14:00,35982.59,36.11,7.4,0.89,3.84,2.9,743
7/7/2019 15:00,35982.63,36.67,6.05,0.89,4.9,2.89,773
7/7/2019 16:00,35982.67,36.11,5.6,0.89,2.02,2.89,551
7/7/2019 17:00,35982.71,37.78,5.97,1.34,5.04,2.88,427
7/7/2019 18:00,35982.76,33.89,4.71,1.79,4.8,2.87,158
7/7/2019 19:00,35982.8,27.78,4.79,0.45,1.9,2.86,30
7/7/2019 20:00,35982.84,24.44,7.96,0.89,5.59,2.85,8
7/7/2019 21:00,35982.88,21.67,8.5,0.45,3.53,2.85,6
7/7/2019 22:00,35982.92,19.44,8.4,0.45,4.69,2.84,6
7/7/2019 23:00,35982.97,20.56,9.12,0.45,4.1,3.14,6
7/8/2019 0:00,35983,16.11,8.04,0.45,0.91,2.82,6
7/8/2019 1:00,35983.04,16.11,8.77,0.89,4.76,2.81,6
7/8/2019 2:00,35983.08,15.56,8.72,0.89,4.21,2.81,6
7/8/2019 3:00,35983.13,15.56,8.72,0.89,4.61,2.8,6
7/8/2019 4:00,35983.17,14.44,8.12,0.89,4.75,2.79,6
7/8/2019 5:00,35983.21,13.89,7.81,0.89,4.56,2.78,8
7/8/2019 6:00,35983.25,17.22,9.83,0.45,6.13,2.77,71
7/8/2019 7:00,35983.29,18.89,10.66,0.89,4.26,2.77,229
7/8/2019 8:00,35983.34,23.89,12.81,0.89,4.54,2.76,413
7/8/2019 9:00,35983.38,27.22,12.83,1.34,4.03,2.75,584
7/8/2019 10:00,35983.42,28.89,12.34,1.34,3.53,2.74,727
7/8/2019 11:00,35983.46,32.22,13.02,0.45,4.61,2.73,830
7/8/2019 12:00,35983.5,35,10.92,0.89,4.69,2.73,889
7/8/2019 13:00,35983.55,34.44,8.38,0.89,4.75,0,893
7/8/2019 14:00,35983.59,36.11,7.4,0.45,0.07,0,848
7/8/2019 15:00,35983.63,36.67,6.05,0.89,4.38,0.13,745
7/8/2019 16:00,35983.67,36.11,5.6,0.45,4.28,0.26,626
7/8/2019 17:00,35983.71,35.56,5.15,1.79,4.8,0.39,459
7/8/2019 18:00,35983.76,33.33,3.35,1.34,5.38,0.52,157
7/8/2019 19:00,35983.8,28.33,3.28,0.45,3.74,0.65,27
7/8/2019 20:00,35983.84,23.89,2.08,0.45,4.19,0.78,7
7/8/2019 21:00,35983.88,21.67,1.81,0.45,2.86,0.91,5
7/8/2019 22:00,35983.92,21.11,5.8,0.89,4.24,1.04,5
7/8/2019 23:00,35983.97,18.33,8.81,0,4.83,2.83,6
7/9/2019 0:00,35984,16.67,8.31,0.45,4.22,1.3,6
7/9/2019 1:00,35984.04,16.11,8.77,0.89,4.31,1.43,6
7/9/2019 2:00,35984.08,13.89,7.81,0.89,4.59,1.56,6
7/9/2019 3:00,35984.13,14.44,8.78,0.45,3.7,1.69,6
7/9/2019 4:00,35984.17,13.89,8.67,0.45,5.11,1.82,6
7/9/2019 5:00,35984.21,14.44,9.42,0.45,3.12,1.95,7
7/9/2019 6:00,35984.25,15,9.53,0.89,4.05,2.08,72
7/9/2019 7:00,35984.29,18.89,11.41,0.89,4.8,2.21,235
7/9/2019 8:00,35984.34,24.44,13.63,0.89,5.39,2.34,414
7/9/2019 9:00,35984.38,26.11,12.9,0.89,4.54,2.47,584
7/9/2019 10:00,35984.42,28.89,13.17,0.45,1.76,2.6,727
7/9/2019 11:00,35984.46,30.56,11.56,0.45,1.94,2.73,830
7/9/2019 12:00,35984.5,33.89,11.22,0.89,3.37,2.86,884
7/9/2019 13:00,35984.55,34.44,10.45,0.89,3.91,0,892
7/9/2019 14:00,35984.59,36.11,9.02,0.45,4.66,0,850
7/9/2019 15:00,35984.63,37.22,8.31,0.89,1.06,0.14,762
7/9/2019 16:00,35984.67,37.78,7.89,1.34,4.8,0.28,627
7/9/2019 17:00,35984.71,35.56,6.95,0.89,4.63,0.42,443
7/9/2019 18:00,35984.76,33.33,5.12,0.89,4.35,0.55,173
7/9/2019 19:00,35984.8,28.89,5.09,0.45,3.96,0.69,30
7/9/2019 20:00,35984.84,25,5.72,0.45,4.52,0.83,8
7/9/2019 21:00,35984.88,23.89,4.25,0.45,4.03,0.97,5
7/9/2019 22:00,35984.92,22.22,4.25,0.45,3.75,1.11,5
7/9/2019 23:00,35984.97,18.33,7.96,0.45,4.52,1.17,6
7/10/2019 0:00,35985,18.89,6.31,0.45,4.82,1.39,5
7/10/2019 1:00,35985.04,18.33,8.81,1.34,4.69,1.52,6
7/10/2019 2:00,35985.08,17.22,8.57,0.45,4.01,1.66,6
7/10/2019 3:00,35985.13,18.33,9.61,1.79,4.42,1.8,6
7/10/2019 4:00,35985.17,16.11,8.53,0.45,5.27,1.94,6
7/10/2019 5:00,35985.21,15.56,8.95,0.45,4.14,2.08,8
7/10/2019 6:00,35985.25,19.44,12.42,0.89,1.78,2.22,68
7/10/2019 7:00,35985.29,20,11.18,1.34,4.56,2.36,229
7/10/2019 8:00,35985.34,25,13.21,0.45,4.99,2.49,407
7/10/2019 9:00,35985.38,29.44,12.84,0.45,4.5,2.63,581
7/10/2019 10:00,35985.42,32.78,12.49,0.89,2.91,2.77,726
7/10/2019 11:00,35985.46,33.89,12.37,0.45,3.35,2.91,825
7/10/2019 12:00,35985.5,36.11,11.86,0.45,1.52,3.05,877
7/10/2019 13:00,35985.55,36.11,11.86,0.45,5.76,0.8,881
7/10/2019 14:00,35985.59,37.78,11.17,0.89,4.82,0,839
7/10/2019 15:00,35985.63,40,11.45,1.79,4.71,0.14,749
7/10/2019 16:00,35985.67,38.33,10.87,0.89,5.43,0.29,616
7/10/2019 17:00,35985.71,36.67,10.24,0.89,1.52,0.43,447
7/10/2019 18:00,35985.76,33.89,9.32,1.34,3.07,0.57,183
7/10/2019 19:00,35985.8,30.56,8.36,0.89,4.54,0.71,27
7/10/2019 20:00,35985.84,26.11,7.18,0,2.98,0.86,8
7/10/2019 21:00,35985.88,25.56,8.09,0.45,4.01,1,5
7/10/2019 22:00,35985.92,23.33,8.94,0.45,2.64,1.14,5
7/10/2019 23:00,35985.97,23.89,9.81,1.79,1.08,1.25,5
7/11/2019 0:00,35986,21.67,9.17,0.45,4.22,1.43,5
7/11/2019 1:00,35986.04,20.56,10.02,0.89,4.69,1.57,5
7/11/2019 2:00,35986.08,21.11,11.12,0.45,4.61,1.72,6
7/11/2019 3:00,35986.13,18.89,9.87,0.45,4.68,1.86,6
7/11/2019 4:00,35986.17,18.33,10.13,0,4.54,2,5
7/11/2019 5:00,35986.21,18.89,10.91,0.89,4.42,2.14,7
7/11/2019 6:00,35986.25,20.56,11.7,0.89,4.38,2.29,69
7/11/2019 7:00,35986.29,25,14.74,0.45,1.27,2.43,225
7/11/2019 8:00,35986.34,30.56,17.65,0,4.85,2.57,403
7/11/2019 9:00,35986.38,31.67,14.39,0.45,4.19,2.72,575
7/11/2019 10:00,35986.42,32.22,13.02,0.45,3.19,2.86,716
7/11/2019 11:00,35986.46,36.11,13.72,1.34,0.45,3,818
7/11/2019 12:00,35986.5,36.67,12.33,0.89,4.21,3.14,873
7/11/2019 13:00,35986.55,38.89,12.84,0.45,5.06,1.04,878
7/11/2019 14:00,35986.59,38.89,11.33,1.79,4.59,0,840
7/11/2019 15:00,35986.63,39.44,10.99,1.79,4.83,0.14,752
7/11/2019 16:00,35986.67,38.89,10.53,1.79,4.66,0.28,618
7/11/2019 17:00,35986.71,39.44,10.99,2.68,4.75,0.42,451
7/11/2019 18:00,35986.76,36.11,9.78,0.89,1.4,0.56,171
7/11/2019 19:00,35986.8,31.11,8.84,0.45,3.89,0.69,26
7/11/2019 20:00,35986.84,28.33,9.61,0.45,3.79,0.83,8
7/11/2019 21:00,35986.88,25.56,8.09,0.89,0.8,0.97,5
7/11/2019 22:00,35986.92,25,8.88,0.45,3.6,1.11,6
7/11/2019 23:00,35986.97,22.78,9.85,0.45,5.85,1.29,6
7/12/2019 0:00,35987,21.67,9.5,0.45,4.59,1.39,5
7/12/2019 1:00,35987.04,20,9.51,0.89,4.83,1.53,6
7/12/2019 2:00,35987.08,19.44,9.84,0.45,5.41,1.67,5
7/12/2019 3:00,35987.13,20,10.36,0.45,1.03,1.8,5
7/12/2019 4:00,35987.17,20.56,11.16,0.45,4.35,1.94,5
7/12/2019 5:00,35987.21,19.44,10.39,0.89,1.54,2.08,7
7/12/2019 6:00,35987.25,23.33,14.31,1.79,1.24,2.22,67
7/12/2019 7:00,35987.29,24.44,12.7,0.89,4.26,2.36,225
7/12/2019 8:00,35987.34,31.11,15.57,0.45,3.91,2.5,403
7/12/2019 9:00,35987.38,34.44,15.94,0.89,0.16,2.64,576
7/12/2019 10:00,35987.42,33.89,14.48,0.45,3.79,2.78,717
7/12/2019 11:00,35987.46,36.67,14.78,0.45,4.69,2.92,822
7/12/2019 12:00,35987.5,37.78,13.92,0.89,4.19,3.05,876
7/12/2019 13:00,35987.55,38.33,13.07,0.45,1.17,0,884
7/12/2019 14:00,35987.59,41.11,13.96,0.45,3.12,0,843
7/12/2019 15:00,35987.63,41.67,13.64,0.45,5.27,0.12,754
7/12/2019 16:00,35987.67,41.67,11.06,1.34,4.64,0.23,626
7/12/2019 17:00,35987.71,39.44,10.14,0.89,5.36,0.35,460
7/12/2019 18:00,35987.76,37.22,10.71,1.34,4.75,0.46,196
7/12/2019 19:00,35987.8,32.78,8.38,0.45,2.98,0.58,25
7/12/2019 20:00,35987.84,28.33,7.57,0,3.16,0.69,8
7/12/2019 21:00,35987.88,27.22,7.65,0.45,5.29,0.81,5
7/12/2019 22:00,35987.92,26.11,7.18,0,5.74,0.92,5
7/12/2019 23:00,35987.97,22.78,8.8,0.45,4.29,1.25,6
7/13/2019 0:00,35988,25.56,10.95,0.45,2.23,1.15,5
7/13/2019 1:00,35988.04,24.44,10.67,1.34,1.88,1.27,5
7/13/2019 2:00,35988.08,23.89,11.54,0.89,2.36,1.39,5
7/13/2019 3:00,35988.13,22.22,10.01,0.45,2.16,1.5,5
7/13/2019 4:00,35988.17,22.78,13.51,1.79,1.68,1.62,5
7/13/2019 5:00,35988.21,22.78,13.51,2.24,1.8,1.73,6
7/13/2019 6:00,35988.25,25.56,14.35,3.13,1.57,1.85,68
7/13/2019 7:00,35988.29,27.78,14.76,1.79,1.45,1.96,231
7/13/2019 8:00,35988.34,32.78,14.47,1.34,1.52,2.08,412
7/13/2019 9:00,35988.38,36.67,14.2,0.45,3.7,2.19,586
7/13/2019 10:00,35988.42,38.33,14.4,0.45,5.76,2.31,734
7/13/2019 11:00,35988.46,40,14.48,1.34,6.02,2.42,837
7/13/2019 12:00,35988.5,41.11,12.36,0.89,5.79,2.54,893
7/13/2019 13:00,35988.55,41.11,13.18,0.89,3.84,0,897
7/13/2019 14:00,35988.59,43.33,14.2,1.79,5.31,0,848
7/13/2019 15:00,35988.63,43.89,12.87,0.89,4.69,0.15,758
7/13/2019 16:00,35988.67,42.78,11,0.89,1.95,0.29,628
7/13/2019 17:00,35988.71,41.67,10.1,1.34,4.56,0.44,461
7/13/2019 18:00,35988.76,39.44,8.3,0.45,4.14,0.58,172
7/13/2019 19:00,35988.8,34.44,8.38,0.45,4.63,0.73,23
7/13/2019 20:00,35988.84,30.56,7.76,0,5.57,0.88,7
7/13/2019 21:00,35988.88,29.44,9.59,0,1.47,1.02,5
7/13/2019 22:00,35988.92,27.78,8.64,0.45,3.98,1.17,5
7/13/2019 23:00,35988.97,27.22,11.27,1.34,1.73,1.04,6
7/14/2019 0:00,35989,25.56,8.95,0.89,4.5,1.46,6
7/14/2019 1:00,35989.04,23.33,9.31,0.45,1.69,1.61,5
7/14/2019 2:00,35989.08,23.33,10.02,0.89,3.11,1.75,5
7/14/2019 3:00,35989.13,22.78,9.85,0.45,2.86,1.9,5
7/14/2019 4:00,35989.17,23.89,12.81,0.89,1.82,2.05,5
7/14/2019 5:00,35989.21,21.67,10.14,0.89,2.02,2.19,7
7/14/2019 6:00,35989.25,23.89,11.21,0.45,3.94,2.34,66
7/14/2019 7:00,35989.29,27.78,14.42,0.45,1.69,2.48,222
7/14/2019 8:00,35989.34,30,15.34,0.89,5.9,2.63,400
7/14/2019 9:00,35989.38,35,15.46,0.89,3.53,2.78,572
7/14/2019 10:00,35989.42,36.11,14.3,0.45,5.04,2.92,713
7/14/2019 11:00,35989.46,38.33,14.4,0.89,4.96,3.07,812
7/14/2019 12:00,35989.5,39.44,14.01,0.89,4.26,3.21,869
7/14/2019 13:00,35989.55,41.11,13.18,1.34,4.92,0.99,877
7/14/2019 14:00,35989.59,41.67,11.06,2.68,5.25,0,836
7/14/2019 15:00,35989.63,43.33,9.34,1.34,4.01,0.11,751
7/14/2019 16:00,35989.67,42.78,7.74,1.34,1.57,0.22,622
7/14/2019 17:00,35989.71,42.22,6.05,0.89,4.14,0.34,456
7/14/2019 18:00,35989.76,39.44,6.24,0.45,3.42,0.45,180
7/14/2019 19:00,35989.8,33.33,2.39,0.89,4.85,0.56,24
7/14/2019 20:00,35989.84,29.44,2.72,0.45,4.56,0.67,7
7/14/2019 21:00,35989.88,27.78,4.15,0.89,3.47,0.79,5
7/14/2019 22:00,35989.92,26.11,5.65,0.89,4.56,0.9,6
7/14/2019 23:00,35989.97,25,7.59,0,0.93,1.32,6
7/15/2019 0:00,35990,22.22,7.18,0.45,4.78,1.12,5
7/15/2019 1:00,35990.04,21.67,7.8,0.89,5.95,1.24,6
7/15/2019 2:00,35990.08,21.67,9.5,0.45,2.91,1.35,6
7/15/2019 3:00,35990.13,21.11,7.65,0.89,4.1,1.46,6
7/15/2019 4:00,35990.17,20.56,8.48,0.45,2.11,1.57,6
7/15/2019 5:00,35990.21,21.67,11.63,1.79,1.69,1.69,7
7/15/2019 6:00,35990.25,23.33,11.03,1.79,1.5,1.8,69
7/15/2019 7:00,35990.29,26.11,9.45,0.89,4.43,1.91,233
7/15/2019 8:00,35990.34,30,10.58,2.24,4,2.02,416
7/15/2019 9:00,35990.38,31.11,12.05,1.34,3.86,2.14,588
7/15/2019 10:00,35990.42,35,12.76,0.89,3.63,2.25,737
7/15/2019 11:00,35990.46,35.56,9.31,1.79,3.91,2.36,841
7/15/2019 12:00,35990.5,37.78,10.41,2.24,4.01,2.47,894
7/15/2019 13:00,35990.55,39.44,10.14,0.45,2.79,0,901
7/15/2019 14:00,35990.59,41.11,10.61,0.45,0.42,0,860
7/15/2019 15:00,35990.63,40.56,10.15,0.89,5.79,0.12,769
7/15/2019 16:00,35990.67,40,8.75,0.45,4.66,0.25,635
7/15/2019 17:00,35990.71,38.89,9.68,1.34,4.36,0.37,464
7/15/2019 18:00,35990.76,36.67,10.24,1.34,4.89,0.5,211
7/15/2019 19:00,35990.8,32.22,9.19,0.45,5.31,0.62,26
7/15/2019 20:00,35990.84,27.78,7.09,0.45,2.36,0.75,7
7/15/2019 21:00,35990.88,26.11,8.12,0.45,5.69,0.87,5
7/15/2019 22:00,35990.92,25,9.68,0.89,5.67,1,6
7/15/2019 23:00,35990.97,23.33,6.55,0.89,4.43,1.01,5
7/16/2019 0:00,35991,21.11,9.63,0.45,3.44,1.25,6
7/16/2019 1:00,35991.04,20,9.8,0.89,4.69,1.37,6
7/16/2019 2:00,35991.08,17.78,8.83,0.45,2.15,1.5,6
7/16/2019 3:00,35991.13,18.33,10.13,0.45,2.22,1.62,6
7/16/2019 4:00,35991.17,17.78,10.11,1.34,1.95,1.75,6
7/16/2019 5:00,35991.21,17.78,10.11,1.34,4.42,1.87,7
7/16/2019 6:00,35991.25,20,11.44,0.45,4.68,1.99,64
7/16/2019 7:00,35991.29,22.22,12.15,0.89,4.64,2.12,227
7/16/2019 8:00,35991.34,27.78,14.76,0.89,2.97,2.24,411
7/16/2019 9:00,35991.38,31.11,13.89,1.79,4.08,2.37,586
7/16/2019 10:00,35991.42,33.89,12.93,0.45,1.08,2.49,728
7/16/2019 11:00,35991.46,35,12.17,0.89,2.67,2.62,831
7/16/2019 12:00,35991.5,35.56,11.39,0.89,4.14,2.74,885
7/16/2019 13:00,35991.55,37.22,9.95,1.34,4.85,0,891
7/16/2019 14:00,35991.59,38.89,11.33,0.89,4.15,0,849
7/16/2019 15:00,35991.63,40.56,11.9,0.45,3.68,0.14,759
7/16/2019 16:00,35991.67,38.89,12.1,0.45,5.08,0.28,615
7/16/2019 17:00,35991.71,37.22,12.13,2.24,5.78,0.41,450
7/16/2019 18:00,35991.76,35,10.26,1.79,5.04,0.55,207
7/16/2019 19:00,35991.8,30,9.55,0.45,1.92,0.69,27
7/16/2019 20:00,35991.84,27.78,10.05,0.45,3.12,0.83,7
7/16/2019 21:00,35991.88,25,5.72,0.89,4.87,0.97,5
7/16/2019 22:00,35991.92,22.78,6.06,0.89,4.87,1.11,6
7/16/2019 23:00,35991.97,22.78,9.51,0.89,3.61,1.12,6
7/17/2019 0:00,35992,21.11,6.19,0.89,5.48,1.38,6
7/17/2019 1:00,35992.04,20,6.64,0.45,3.3,1.52,6
7/17/2019 2:00,35992.08,18.89,5.28,0,5.72,1.66,6
7/17/2019 3:00,35992.13,19.44,6.48,0.89,4.45,1.8,5
7/17/2019 4:00,35992.17,18.89,5.63,0.45,3.53,1.94,6
7/17/2019 5:00,35992.21,17.78,5.62,0.89,3.61,2.07,8
7/17/2019 6:00,35992.25,19.44,6.81,0.89,4.4,2.21,62
7/17/2019 7:00,35992.29,22.22,8.66,0.45,4.22,2.35,214
7/17/2019 8:00,35992.34,30,12.46,1.34,0.26,2.49,398
7/17/2019 9:00,35992.38,31.11,8.84,1.34,4.9,2.63,572
7/17/2019 10:00,35992.42,32.22,8.56,0.45,3.86,2.76,721
7/17/2019 11:00,35992.46,32.78,8.38,0.89,4.61,2.9,806
7/17/2019 12:00,35992.5,35,8.1,1.79,4.33,3.04,874
7/17/2019 13:00,35992.55,36.11,8.23,0.89,4.85,0,883
7/17/2019 14:00,35992.59,37.78,10.41,0.45,4.36,0,839
7/17/2019 15:00,35992.63,39.44,10.99,0.45,4.43,0.13,738
7/17/2019 16:00,35992.67,39.44,10.99,0.89,5.99,0.26,596
7/17/2019 17:00,35992.71,39.44,11.79,0.45,5.27,0.39,429
7/17/2019 18:00,35992.76,35,8.85,1.34,4.59,0.52,177
7/17/2019 19:00,35992.8,31.11,8.24,0.45,3.56,0.65,34
7/17/2019 20:00,35992.84,27.22,8.15,0.45,0.87,0.78,8
7/17/2019 21:00,35992.88,25.56,8.09,0.45,5.1,0.91,5
7/17/2019 22:00,35992.92,25.56,8.09,0.45,3.25,1.04,6
7/17/2019 23:00,35992.97,21.11,4.58,0.45,3.79,1.24,6
7/18/2019 0:00,35993,25,9.68,0.45,4.64,1.3,6
7/18/2019 1:00,35993.04,23.89,10.52,1.79,1.95,1.43,5
7/18/2019 2:00,35993.08,24.44,13.01,2.24,1.45,1.56,6
7/18/2019 3:00,35993.13,24.44,13.63,2.24,1.47,1.69,5
7/18/2019 4:00,35993.17,22.22,10.33,0.89,2.41,1.82,5
7/18/2019 5:00,35993.21,21.11,9.31,1.34,2.41,1.95,7
7/18/2019 6:00,35993.25,23.33,11.03,0.45,2.88,2.08,58
7/18/2019 7:00,35993.29,27.22,12.07,0.89,3.98,2.21,220
7/18/2019 8:00,35993.34,32.22,13.98,0.45,4.8,2.34,401
7/18/2019 9:00,35993.38,33.33,12.44,1.34,3.75,2.47,573
7/18/2019 10:00,35993.42,35,10.92,0.89,4.22,2.6,722
7/18/2019 11:00,35993.46,36.67,10.24,1.34,4.85,2.73,825
7/18/2019 12:00,35993.5,38.89,11.33,1.34,4.5,2.86,880
7/18/2019 13:00,35993.55,40,12.26,0.89,4.73,0,887
7/18/2019 14:00,35993.59,41.11,11.51,0.45,0.24,0,846
7/18/2019 15:00,35993.63,41.11,11.51,1.34,4.17,0.14,753
7/18/2019 16:00,35993.67,41.67,11.06,1.34,4.66,0.28,616
7/18/2019 17:00,35993.71,40,9.7,0.89,5.1,0.41,450
7/18/2019 18:00,35993.76,37.22,8.31,0.89,6.18,0.55,195
7/18/2019 19:00,35993.8,31.11,6.97,0.89,4.61,0.69,26
7/18/2019 20:00,35993.84,26.67,8.61,0.45,5.97,0.83,7
7/18/2019 21:00,35993.88,25.56,9.78,0.89,4.96,0.97,5
7/18/2019 22:00,35993.92,23.33,10.36,0.45,5.5,1.1,6
7/18/2019 23:00,35993.97,25.56,9.78,1.34,1.9,1.17,5
7/19/2019 0:00,35994,19.44,10.39,0.45,3.68,1.38,6
7/19/2019 1:00,35994.04,18.33,10.63,0.45,3.47,1.52,6
7/19/2019 2:00,35994.08,18.89,12.13,0.45,4.92,1.66,6
7/19/2019 3:00,35994.13,18.33,11.6,0.45,4.45,1.79,6
7/19/2019 4:00,35994.17,19.44,12.66,0.89,4.22,1.93,6
7/19/2019 5:00,35994.21,18.89,11.65,0.89,3.02,2.07,7
7/19/2019 6:00,35994.25,19.44,11.93,0.89,4.47,2.21,59
7/19/2019 7:00,35994.29,22.78,13.79,1.34,4.69,2.35,217
7/19/2019 8:00,35994.34,29.44,14.07,0.89,3.91,2.48,397
7/19/2019 9:00,35994.38,30.56,11.06,1.79,3.68,2.62,570
7/19/2019 10:00,35994.42,32.22,13.02,2.24,4.1,2.76,716
7/19/2019 11:00,35994.46,33.33,14.48,1.79,3.6,2.9,818
7/19/2019 12:00,35994.5,34.44,13.94,0.45,4.87,3.04,873
7/19/2019 13:00,35994.55,35.56,13.24,0.89,1.45,0,881
7/19/2019 14:00,35994.59,36.67,12.98,1.34,4.78,0,841
7/19/2019 15:00,35994.63,38.89,13.54,0.45,5.22,0.14,749
7/19/2019 16:00,35994.67,38.33,12.37,0.89,4.54,0.28,612
7/19/2019 17:00,35994.71,38.33,10.87,1.34,4.63,0.42,446
7/19/2019 18:00,35994.76,35,10.92,1.34,4.66,0.56,220
7/19/2019 19:00,35994.8,29.44,10.09,0.45,4.07,0.7,25
7/19/2019 20:00,35994.84,27.22,10.86,0.45,4.96,0.84,7
7/19/2019 21:00,35994.88,26.11,10.28,1.34,4.73,0.98,5
7/19/2019 22:00,35994.92,23.89,11.21,0.89,4.66,1.12,6
7/19/2019 23:00,35994.97,20.56,10.02,0.45,3.4,1.24,6
7/20/2019 0:00,35995,20,11.7,0.89,4.71,1.4,6
7/20/2019 1:00,35995.04,19.44,11.69,1.34,4,1.54,6
7/20/2019 2:00,35995.08,19.44,12.18,0.89,4.12,1.68,6
7/20/2019 3:00,35995.13,17.22,10.77,0.45,5.36,1.82,5
7/20/2019 4:00,35995.17,17.22,11,0.45,3.19,1.96,6
7/20/2019 5:00,35995.21,17.22,10.77,1.34,4.28,2.1,7
7/20/2019 6:00,35995.25,18.33,12.06,0.89,4.14,2.24,56
7/20/2019 7:00,35995.29,21.11,13.26,0.45,4.56,2.37,214
7/20/2019 8:00,35995.34,26.67,15.69,0.45,4.57,2.51,393
7/20/2019 9:00,35995.38,30.56,15.07,0.89,4.28,2.65,567
7/20/2019 10:00,35995.42,32.22,13.98,0.45,2.29,2.79,715
7/20/2019 11:00,35995.46,32.22,13.5,1.79,4.75,2.93,818
7/20/2019 12:00,35995.5,33.89,13.98,0.45,3.04,3.07,871
7/20/2019 13:00,35995.55,36.11,14.3,0.89,4.52,0,879
7/20/2019 14:00,35995.59,38.89,14.87,2.68,5.86,0,837
7/20/2019 15:00,35995.63,38.33,13.07,0.89,4.61,0.15,748
7/20/2019 16:00,35995.67,40,13.77,1.34,5.48,0.3,616
7/20/2019 17:00,35995.71,36.67,12.98,0.45,0.68,0.45,444
7/20/2019 18:00,35995.76,34.44,13.41,1.34,4.45,0.6,228
7/20/2019 19:00,35995.8,29.44,11.52,1.34,4.66,0.75,27
7/20/2019 20:00,35995.84,26.11,11.07,0.89,4.63,0.9,7
7/20/2019 21:00,35995.88,25.56,12.04,0.45,3.67,1.05,6
7/20/2019 22:00,35995.92,23.89,11.54,0.45,4.9,1.2,5
7/20/2019 23:00,35995.97,21.11,11.4,0.89,5.25,1.26,6
7/21/2019 0:00,35996,21.67,11.05,0.89,3.05,1.5,6
7/21/2019 1:00,35996.04,23.33,14.31,0.89,6.13,1.65,5
7/21/2019 2:00,35996.08,21.67,12.47,0.45,2.88,1.79,6
7/21/2019 3:00,35996.13,20.56,12.23,0.45,4.99,1.94,5
7/21/2019 4:00,35996.17,20,11.7,0.45,1.76,2.09,6
7/21/2019 5:00,35996.21,20,11.7,0.45,4.29,2.24,7
7/21/2019 6:00,35996.25,21.11,12.75,0.45,3.82,2.39,54
7/21/2019 7:00,35996.29,22.22,13.27,0.45,3.96,2.54,208
7/21/2019 8:00,35996.34,28.89,16.46,0.45,5.53,2.69,386
7/21/2019 9:00,35996.38,32.22,16.96,1.79,3.67,2.84,558
7/21/2019 10:00,35996.42,32.78,15.38,0.89,4.42,2.99,704
7/21/2019 11:00,35996.46,34.44,14.97,1.79,4.87,3.14,809
7/21/2019 12:00,35996.5,36.67,14.78,0.89,3.65,3.29,862
7/21/2019 13:00,35996.55,37.78,14.55,1.79,6.16,0.93,873
7/21/2019 14:00,35996.59,40,13.77,0.45,4.82,0,833
7/21/2019 15:00,35996.63,41.11,14.7,1.79,4.57,0.13,745
7/21/2019 16:00,35996.67,42.22,14.1,0.45,3.51,0.26,615
7/21/2019 17:00,35996.71,40.56,13.49,0.45,4.21,0.39,446
7/21/2019 18:00,35996.76,37.78,12.6,0.45,4.66,0.53,165
7/21/2019 19:00,35996.8,32.78,10.85,0.45,2.23,0.66,35
7/21/2019 20:00,35996.84,28.89,10.57,0.45,0.38,0.79,7
7/21/2019 21:00,35996.88,27.22,10,0.45,5.97,0.92,5
7/21/2019 22:00,35996.92,27.22,10.86,0.45,3.28,1.05,5
7/21/2019 23:00,35996.97,23.33,11.99,0.45,5.92,1.35,5
7/22/2019 0:00,35997,27.22,14.93,1.79,1.83,1.32,6
7/22/2019 1:00,35997.04,25.56,13.4,0.89,4.31,1.45,5
7/22/2019 2:00,35997.08,25,13.53,1.79,2.11,1.58,5
7/22/2019 3:00,35997.13,24.44,13.93,1.34,1.99,1.71,6
7/22/2019 4:00,35997.17,22.78,12.67,0.89,2.5,1.84,6
7/22/2019 5:00,35997.21,23.33,14.31,1.79,1.88,1.97,6
7/22/2019 6:00,35997.25,25.56,15.26,0.89,2.51,2.11,55
7/22/2019 7:00,35997.29,25.56,14.35,1.34,4.42,2.24,210
7/22/2019 8:00,35997.34,33.89,18.07,0.89,0.94,2.37,388
7/22/2019 9:00,35997.38,35.56,18.73,1.79,6.16,2.5,562
7/22/2019 10:00,35997.42,38.33,17.86,1.34,4.26,2.63,707
7/22/2019 11:00,35997.46,38.33,16.22,1.79,4.59,2.76,810
7/22/2019 12:00,35997.5,40.56,16.29,0.89,4.5,2.9,876
7/22/2019 13:00,35997.55,41.11,15.42,0.89,5.31,0.74,874
7/22/2019 14:00,35997.59,42.78,14.56,2.24,0.23,0,832
7/22/2019 15:00,35997.63,44.44,15.12,1.79,4.96,0.15,743
7/22/2019 16:00,35997.67,43.33,14.2,0.89,5.17,0.3,609
7/22/2019 17:00,35997.71,43.33,14.2,0.45,4.15,0.45,447
7/22/2019 18:00,35997.76,41.11,13.18,0.89,4.24,0.61,217
7/22/2019 19:00,35997.8,35,10.92,0.45,5.43,0.76,24
7/22/2019 20:00,35997.84,31.11,11.55,1.34,4.99,0.91,7
7/22/2019 21:00,35997.88,29.44,11.97,0.45,5.04,1.06,5
7/22/2019 22:00,35997.92,28.89,12.76,0.89,4.76,1.21,5
7/22/2019 23:00,35997.97,26.67,15.69,0.89,1.26,1.18,6
7/23/2019 0:00,35998,25,11.88,0.45,0.52,1.51,6
7/23/2019 1:00,35998.04,24.44,12.38,0.45,4.19,1.67,5
7/23/2019 2:00,35998.08,24.44,12.7,0.89,4.85,1.82,5
7/23/2019 3:00,35998.13,23.89,13.11,0.45,1.57,1.97,5
7/23/2019 4:00,35998.17,24.44,14.51,0.45,2.41,2.12,6
7/23/2019 5:00,35998.21,24.44,14.8,0.45,2.76,2.27,6
7/23/2019 6:00,35998.25,26.11,15.17,0,3.39,2.42,45
7/23/2019 7:00,35998.29,29.44,15.58,0.45,3.98,2.57,209
7/23/2019 8:00,35998.34,32.78,17.46,0.89,2.55,2.73,374
7/23/2019 9:00,35998.38,35,14.43,1.34,3.35,2.88,545
7/23/2019 10:00,35998.42,35,13.89,1.34,3.8,3.03,671
7/23/2019 11:00,35998.46,37.22,15.26,0.45,2.53,3.18,782
7/23/2019 12:00,35998.5,39.44,15.35,2.24,3.93,3.33,859
7/23/2019 13:00,35998.55,37.78,15.15,1.79,4.01,7.25,577
7/23/2019 14:00,35998.59,41.11,15.42,0.89,2.11,5.7,611
7/23/2019 15:00,35998.63,41.11,16.11,0.45,3.68,5.62,551
7/23/2019 16:00,35998.67,42.78,16.1,0.45,4,5.53,535
7/23/2019 17:00,35998.71,40,13.77,0.45,3.68,5.44,390
7/23/2019 18:00,35998.76,39.44,11.79,0.45,4.52,5.35,127
7/23/2019 19:00,35998.8,33.89,11.22,1.34,5.06,5.26,43
7/23/2019 20:00,35998.84,31.11,11.04,0.45,4.47,5.17,7
7/23/2019 21:00,35998.88,29.44,10.58,0.45,4.61,5.09,5
7/23/2019 22:00,35998.92,27.22,9.1,0.45,2.55,5,5
7/23/2019 23:00,35998.97,26.67,11.95,0.89,5.01,1.36,5
7/24/2019 0:00,35999,25,8.88,0.45,1.61,4.82,5
7/24/2019 1:00,35999.04,25.56,10.18,0.45,5.67,4.73,5
7/24/2019 2:00,35999.08,23.89,9.44,1.34,4.68,4.64,5
7/24/2019 3:00,35999.13,24.44,9.94,1.34,4.45,4.55,5
7/24/2019 4:00,35999.17,24.44,13.93,0.45,2.71,4.47,6
7/24/2019 5:00,35999.21,23.89,10.52,0.89,4.45,4.38,6
7/24/2019 6:00,35999.25,25.56,11.32,0.89,4.56,4.29,48
7/24/2019 7:00,35999.29,29.44,15.58,0.89,1.64,4.2,196
7/24/2019 8:00,35999.34,33.33,17.57,0.45,1.19,4.11,370
7/24/2019 9:00,35999.38,35.56,15.94,0.89,4.63,4.02,543
7/24/2019 10:00,35999.42,36.67,15.88,1.34,4.24,3.94,685
7/24/2019 11:00,35999.46,38.33,16.22,2.24,3.93,3.85,785
7/24/2019 12:00,35999.5,40,15.82,1.34,4.56,3.76,840
7/24/2019 13:00,35999.55,41.67,15.89,1.34,4.38,2.11,850
7/24/2019 14:00,35999.59,42.78,14.56,0.89,5.72,0,809
7/24/2019 15:00,35999.63,43.89,12.87,0.89,2.62,0.21,729
7/24/2019 16:00,35999.67,43.33,11.45,1.79,4.75,0.42,596
7/24/2019 17:00,35999.71,43.89,12.87,1.79,4.36,0.63,425
7/24/2019 18:00,35999.76,38.89,12.1,1.79,4.73,0.84,211
7/24/2019 19:00,35999.8,33.89,11.22,0.89,3.58,1.05,28
7/24/2019 20:00,35999.84,31.67,12.04,0.45,3.65,1.26,7
7/24/2019 21:00,35999.88,30,12.01,0.89,4.22,1.48,5
7/24/2019 22:00,35999.92,28.33,11.42,0.45,4.29,1.69,5
7/24/2019 23:00,35999.97,25.56,8.95,0.89,4.45,4.91,6
7/25/2019 0:00,36000,27.78,10.93,0.45,4.17,2.11,5
7/25/2019 1:00,36000.04,26.11,9.87,0.89,4.4,2.32,5
7/25/2019 2:00,36000.08,25.56,10.18,1.34,4.52,2.53,5
7/25/2019 3:00,36000.13,25,11.18,0.45,4.66,2.74,5
7/25/2019 4:00,36000.17,25.56,14.35,1.79,1.48,2.95,6
7/25/2019 5:00,36000.21,26.11,15.48,2.68,1.9,3.16,6
7/25/2019 6:00,36000.25,27.78,15.77,1.79,1.75,3.37,48
7/25/2019 7:00,36000.29,31.11,17.09,0.45,0.23,3.58,186
7/25/2019 8:00,36000.34,34.44,16.4,0.45,3.68,3.79,381
7/25/2019 9:00,36000.38,35.56,15.94,0.89,4.64,4,449
7/25/2019 10:00,36000.42,38.89,15.5,2.24,3.68,4.21,739
7/25/2019 11:00,36000.46,40,15.16,0.89,4,4.43,834
7/25/2019 12:00,36000.5,39.44,13.3,0.89,4.03,4.64,795
7/25/2019 13:00,36000.55,41.11,14.7,0.45,1.31,5.02,731
7/25/2019 14:00,36000.59,42.78,15.35,0.45,2.09,1.88,755
7/25/2019 15:00,36000.63,40.56,14.95,0.45,3.84,1.96,622
7/25/2019 16:00,36000.67,42.22,13.28,0.45,3.32,2.04,460
7/25/2019 17:00,36000.71,37.78,11.9,0.89,0.72,2.11,317
7/25/2019 18:00,36000.76,35.56,12.64,2.68,1.45,2.19,81
7/25/2019 19:00,36000.8,35,12.76,1.79,0.28,2.26,26
7/25/2019 20:00,36000.84,32.78,13.01,1.79,0.14,2.34,6
7/25/2019 21:00,36000.88,31.11,15.16,1.79,0.96,2.41,5
7/25/2019 22:00,36000.92,31.11,16.72,2.24,1.47,2.49,5
7/25/2019 23:00,36000.97,27.78,11.35,0.45,4.96,1.9,5
7/26/2019 0:00,36001,30,15.72,2.24,1.97,2.64,5
7/26/2019 1:00,36001.04,28.89,16.12,0.89,4.63,2.71,5
7/26/2019 2:00,36001.08,27.78,15.44,3.13,2.15,2.79,5
7/26/2019 3:00,36001.13,30,16.8,4.47,1.29,2.86,5
7/26/2019 4:00,36001.17,26.67,15.06,0.89,4.29,2.94,5
7/26/2019 5:00,36001.21,25.56,14.66,0.89,4.8,3.01,5
7/26/2019 6:00,36001.25,25,13.53,1.79,5.78,3.09,29
7/26/2019 7:00,36001.29,30.56,16.22,0.45,4.22,3.16,153
7/26/2019 8:00,36001.34,35,18.23,0.45,4.29,3.24,372
7/26/2019 9:00,36001.38,37.78,17.38,0.45,5.45,3.31,540
7/26/2019 10:00,36001.42,40,16.45,0.45,2.72,3.39,685
7/26/2019 11:00,36001.46,40.56,14.95,0.89,5.06,3.47,791
7/26/2019 12:00,36001.5,41.11,13.96,0.89,4.38,3.54,848
7/26/2019 13:00,36001.55,42.78,13.74,1.79,5.41,1.75,856
7/26/2019 14:00,36001.59,42.78,11.97,2.24,4.64,0,820
7/26/2019 15:00,36001.63,44.44,13.33,1.34,4.99,0.13,730
7/26/2019 16:00,36001.67,43.33,13.33,1.79,5.18,0.27,593
7/26/2019 17:00,36001.71,42.78,12.88,0.89,4.38,0.4,428
7/26/2019 18:00,36001.76,39.44,11.79,2.24,4.94,0.53,210
7/26/2019 19:00,36001.8,33.89,7.92,0.45,0.38,0.66,24
7/26/2019 20:00,36001.84,31.67,6.06,0.89,5.46,0.8,7
7/26/2019 21:00,36001.88,29.44,4.9,0.45,2.09,0.93,5
7/26/2019 22:00,36001.92,28.89,5.73,0.45,4.56,1.06,5
7/26/2019 23:00,36001.97,30,14.96,0.89,2.67,2.56,5
7/27/2019 0:00,36002,25,9.28,0.45,4.45,1.33,5
7/27/2019 1:00,36002.04,23.33,9.31,1.79,4.57,1.46,5
7/27/2019 2:00,36002.08,22.22,9.35,0.45,3.32,1.6,6
7/27/2019 3:00,36002.13,24.44,13.93,1.79,1.43,1.73,6
7/27/2019 4:00,36002.17,23.89,11.21,0.89,4.01,1.86,6
7/27/2019 5:00,36002.21,23.33,10.7,0.89,4.57,1.99,6
7/27/2019 6:00,36002.25,21.67,10.75,0.89,3.56,2.13,48
7/27/2019 7:00,36002.29,28.89,14.33,0.45,4.4,2.26,201
7/27/2019 8:00,36002.34,31.67,15.25,0.45,3.44,2.39,382
7/27/2019 9:00,36002.38,35.56,15.44,0.89,4.97,2.53,559
7/27/2019 10:00,36002.42,36.67,14.2,0.89,3.33,2.66,706
7/27/2019 11:00,36002.46,38.89,14.87,0.89,3.79,2.79,813
7/27/2019 12:00,36002.5,39.44,12.56,0.45,1.31,2.93,871
7/27/2019 13:00,36002.55,41.67,14.42,2.24,5.15,0,880
7/27/2019 14:00,36002.59,42.78,13.74,1.79,5.04,0,839
7/27/2019 15:00,36002.63,43.89,12.87,2.24,5.15,0.14,749
7/27/2019 16:00,36002.67,43.33,11.45,2.68,5.2,0.29,610
7/27/2019 17:00,36002.71,42.78,12.88,0.89,4.52,0.43,438
7/27/2019 18:00,36002.76,40,12.26,0.45,3.68,0.57,213
7/27/2019 19:00,36002.8,35.56,11.39,0.45,3.84,0.72,24
7/27/2019 20:00,36002.84,31.67,11.52,0.45,4.38,0.86,6
7/27/2019 21:00,36002.88,30.56,10.56,1.34,6.13,1,5
7/27/2019 22:00,36002.92,28.89,18.36,1.34,1.41,1.14,5
7/27/2019 23:00,36002.97,26.11,8.58,0.89,4.45,1.2,5
7/28/2019 0:00,36003,27.78,10.93,1.34,2.13,1.43,5
7/28/2019 1:00,36003.04,27.78,11.77,0.89,2.57,1.57,5
7/28/2019 2:00,36003.08,26.67,13.05,1.34,1.59,1.72,5
7/28/2019 3:00,36003.13,27.78,16.09,2.68,1.87,1.86,5
7/28/2019 4:00,36003.17,26.11,13.91,2.24,2.15,2,5
7/28/2019 5:00,36003.21,27.22,13.56,1.34,2.01,2.15,6
7/28/2019 6:00,36003.25,28.89,16.79,0.89,0.58,2.29,46
7/28/2019 7:00,36003.29,31.67,17.23,0.45,3.98,2.43,201
7/28/2019 8:00,36003.34,35,16.9,0.45,2.83,2.58,382
7/28/2019 9:00,36003.38,37.78,16.3,0.45,5.79,2.72,557
7/28/2019 10:00,36003.42,37.22,13.45,1.34,4.12,2.86,703
7/28/2019 11:00,36003.46,40,15.16,0.45,3.91,3.01,808
7/28/2019 12:00,36003.5,41.11,14.7,1.79,4.68,3.15,862
7/28/2019 13:00,36003.55,42.78,12.88,1.79,4.8,0,876
7/28/2019 14:00,36003.59,43.89,12.87,1.34,4.64,0,838
7/28/2019 15:00,36003.63,45,12.8,0.89,2.48,0.15,753
7/28/2019 16:00,36003.67,45,11.77,0.89,4.5,0.3,619
7/28/2019 17:00,36003.71,43.89,10.88,2.24,4.94,0.45,452
7/28/2019 18:00,36003.76,40.56,9.2,1.34,4.47,0.6,225
7/28/2019 19:00,36003.8,34.44,9.79,0.45,2.83,0.75,21
7/28/2019 20:00,36003.84,32.22,10.93,2.24,5.72,0.89,6
7/28/2019 21:00,36003.88,32.22,12.01,0.89,0.91,1.04,5
7/28/2019 22:00,36003.92,28.89,10.1,0.89,4.45,1.19,5
7/28/2019 23:00,36003.97,30,14.57,1.79,1.75,1.29,5
7/29/2019 0:00,36004,26.11,11.82,1.34,2.08,1.49,5
7/29/2019 1:00,36004.04,25.56,12.73,0.89,4.26,1.64,5
7/29/2019 2:00,36004.08,25.56,13.4,1.34,2.18,1.79,5
7/29/2019 3:00,36004.13,26.11,9.87,2.68,2.32,1.94,5
7/29/2019 4:00,36004.17,26.67,14.09,2.68,1.5,2.09,5
7/29/2019 5:00,36004.21,26.67,10.77,2.68,1.5,2.24,6
7/29/2019 6:00,36004.25,27.22,14.26,3.13,1.9,2.39,50
7/29/2019 7:00,36004.29,30,14.17,0.89,1.48,2.53,209
7/29/2019 8:00,36004.34,33.33,10.13,0.45,5.43,2.68,392
7/29/2019 9:00,36004.38,35.56,10.03,0.45,3.8,2.83,569
7/29/2019 10:00,36004.42,37.22,7.43,0.89,4.5,2.98,682
7/29/2019 11:00,36004.46,39.44,8.3,1.34,3.51,3.13,817
7/29/2019 12:00,36004.5,39.44,9.25,0.45,2.46,3.28,856
7/29/2019 13:00,36004.55,42.22,9.54,1.34,4.66,0,898
7/29/2019 14:00,36004.59,42.22,10.55,0.89,5.36,0,801
7/29/2019 15:00,36004.63,42.22,9.54,1.34,4.94,0.14,594
7/29/2019 16:00,36004.67,43.33,9.34,1.34,5.38,0.27,656
7/29/2019 17:00,36004.71,41.67,6.86,0.45,3.46,0.41,449
7/29/2019 18:00,36004.76,37.78,6.95,0.45,4,0.54,223
7/29/2019 19:00,36004.8,31.67,11,0.45,5.59,0.68,24
7/29/2019 20:00,36004.84,27.78,11.77,0.45,3.6,0.81,6
7/29/2019 21:00,36004.88,24.44,11.03,0.45,4.5,0.95,5
7/29/2019 22:00,36004.92,23.33,10.7,0.45,5.25,1.09,5
7/29/2019 23:00,36004.97,26.11,11.82,1.34,2.15,1.34,5
7/30/2019 0:00,36005,18.89,9.87,0.45,4.07,1.36,6
7/30/2019 1:00,36005.04,18.89,10.14,1.34,4.63,1.49,6
7/30/2019 2:00,36005.08,18.33,10.13,0.45,4,1.63,5
7/30/2019 3:00,36005.13,16.67,9.06,0.89,4.87,1.77,6
7/30/2019 4:00,36005.17,17.22,9.58,0.89,4.59,1.9,6
7/30/2019 5:00,36005.21,17.22,9.58,0.45,3.25,2.04,6
7/30/2019 6:00,36005.25,17.78,9.61,0.45,4.22,2.17,45
7/30/2019 7:00,36005.29,20,11.44,0.89,4.57,2.31,187
7/30/2019 8:00,36005.34,27.22,14.93,0.89,5.62,2.44,373
7/30/2019 9:00,36005.38,31.67,15.25,1.34,3.74,2.58,551
7/30/2019 10:00,36005.42,32.78,13.51,0.89,3.93,2.72,698
7/30/2019 11:00,36005.46,34.44,13.41,0.45,3.74,2.85,807
7/30/2019 12:00,36005.5,35,12.76,1.34,4.38,2.99,866
7/30/2019 13:00,36005.55,38.33,13.07,1.79,4.4,0,873
7/30/2019 14:00,36005.59,39.44,13.3,0.45,3.21,0,829
7/30/2019 15:00,36005.63,40.56,11.9,1.34,4.59,0.13,726
7/30/2019 16:00,36005.67,40,7.75,0.89,4.28,0.26,605
7/30/2019 17:00,36005.71,38.89,7.85,0.89,4.19,0.38,435
7/30/2019 18:00,36005.76,36.11,5.6,0.89,4.49,0.51,214
7/30/2019 19:00,36005.8,31.11,4.87,0.45,1.94,0.64,23
7/30/2019 20:00,36005.84,26.67,5.03,0.89,4.92,0.77,6
7/30/2019 21:00,36005.88,25.56,4.63,0.45,4.35,0.9,5
7/30/2019 22:00,36005.92,23.89,5.71,0.45,4.94,1.02,6
7/30/2019 23:00,36005.97,21.11,10.83,0.89,4.59,1.22,6
7/31/2019 0:00,36006,22.22,6.4,1.34,3.79,1.28,6
7/31/2019 1:00,36006.04,20.56,6.07,0.45,4.78,1.41,5
7/31/2019 2:00,36006.08,20,7.32,0.89,4.47,1.53,6
7/31/2019 3:00,36006.13,21.67,10.14,2.24,1.64,1.66,5
7/31/2019 4:00,36006.17,20.56,8.16,0.89,4.56,1.79,5
7/31/2019 5:00,36006.21,22.22,12.15,1.79,1.62,1.92,6
7/31/2019 6:00,36006.25,23.89,12.5,1.79,1.85,2.05,45
7/31/2019 7:00,36006.29,22.22,9.01,0.89,4.4,2.17,199
7/31/2019 8:00,36006.34,30,12.46,0.45,3.89,2.3,383
7/31/2019 9:00,36006.38,30.56,12.96,0.89,3.86,2.43,557
7/31/2019 10:00,36006.42,32.78,13.01,2.68,3.56,2.56,705
7/31/2019 11:00,36006.46,35.56,13.24,0.89,4.57,2.69,813
7/31/2019 12:00,36006.5,37.22,12.8,0.89,4.26,2.81,871
7/31/2019 13:00,36006.55,38.33,10.87,0.45,2.29,0,882
7/31/2019 14:00,36006.59,39.44,9.25,1.79,3.65,0,837
7/31/2019 15:00,36006.63,40.56,9.2,0.89,4.22,0.13,744
7/31/2019 16:00,36006.67,41.11,10.61,1.79,4.71,0.25,600
7/31/2019 17:00,36006.71,39.44,9.25,0.89,4.45,0.38,424
7/31/2019 18:00,36006.76,36.11,8.23,0.89,4.17,0.5,205
7/31/2019 19:00,36006.8,31.11,6.97,0.45,4.07,0.63,24
7/31/2019 20:00,36006.84,27.22,5.5,0.45,4.24,0.75,6
7/31/2019 21:00,36006.88,27.22,6.07,0.45,6.06,0.88,5
7/31/2019 22:00,36006.92,26.11,5.65,0.89,4.29,1,6
7/31/2019 23:00,36006.97,23.33,6.12,0.89,4.71,1.15,6
8/1/2019 0:00,36007,21.67,7.07,0.45,3.42,1.25,6
8/1/2019 1:00,36007.04,23.33,8.57,0.45,3.75,1.38,6
8/1/2019 2:00,36007.08,21.11,8,0.45,0.86,1.5,6
8/1/2019 3:00,36007.13,21.67,11.05,0.89,3.46,1.63,5
8/1/2019 4:00,36007.17,21.67,9.5,1.34,2.15,1.75,5
8/1/2019 5:00,36007.21,21.67,9.82,0.45,2.69,1.88,6
8/1/2019 6:00,36007.25,24.44,12.7,0.89,1.08,2,42
8/1/2019 7:00,36007.29,26.11,10.28,0.45,2.93,2.13,193
8/1/2019 8:00,36007.34,30,10.58,0.89,4.17,2.25,377
8/1/2019 9:00,36007.38,32.22,10.93,0.89,4.45,2.38,556
8/1/2019 10:00,36007.42,33.89,10.61,0.45,2.06,2.5,705
8/1/2019 11:00,36007.46,36.11,10.5,0.45,0.3,2.63,815
8/1/2019 12:00,36007.5,38.33,10.87,0.45,4.56,2.75,872
8/1/2019 13:00,36007.55,39.44,11.79,1.34,4.31,0,877
8/1/2019 14:00,36007.59,39.44,8.3,0.89,4.82,0,837
8/1/2019 15:00,36007.63,40,7.75,1.79,4.69,0.12,744
8/1/2019 16:00,36007.67,39.44,7.31,2.24,5.15,0.24,605
8/1/2019 17:00,36007.71,38.89,7.85,0.89,3.09,0.36,433
8/1/2019 18:00,36007.76,35,8.1,0.89,4.57,0.48,216
8/1/2019 19:00,36007.8,30,7.29,0.45,0.86,0.6,24
8/1/2019 20:00,36007.84,26.67,7.17,0.45,4.73,0.72,6
8/1/2019 21:00,36007.88,25.56,8.95,0.45,4.57,0.83,5
8/1/2019 22:00,36007.92,23.89,11.54,0.45,3.77,0.95,6
8/1/2019 23:00,36007.97,23.33,6.12,0.45,0.3,1.13,6
8/2/2019 0:00,36008,20,11.44,0.89,4.49,1.19,6
8/2/2019 1:00,36008.04,18.89,11.41,0.89,4.66,1.31,6
8/2/2019 2:00,36008.08,18.33,11.83,1.34,2.2,1.43,6
8/2/2019 3:00,36008.13,18.89,12.13,0.89,2.98,1.55,6
8/2/2019 4:00,36008.17,18.33,11.6,0.89,4.38,1.67,5
8/2/2019 5:00,36008.21,17.78,11.53,0.89,4.17,1.79,6
8/2/2019 6:00,36008.25,19.44,12.89,0.45,3.7,1.91,41
8/2/2019 7:00,36008.29,18.89,11.89,1.79,4.63,2.03,198
8/2/2019 8:00,36008.34,26.11,15.48,1.34,4.03,2.15,381
8/2/2019 9:00,36008.38,29.44,15.58,0.89,2.88,2.27,558
8/2/2019 10:00,36008.42,31.11,14.75,1.79,4.33,2.39,705
8/2/2019 11:00,36008.46,32.78,14.47,0.89,4.35,2.5,813
8/2/2019 12:00,36008.5,36.11,13.12,1.34,0.35,2.62,875
8/2/2019 13:00,36008.55,37.22,13.45,1.34,4.75,0,887
8/2/2019 14:00,36008.59,38.89,10.53,0.45,3.87,0,841
8/2/2019 15:00,36008.63,39.44,10.14,0.89,4.15,0.21,746
8/2/2019 16:00,36008.67,39.44,10.99,1.79,4.8,0.42,604
8/2/2019 17:00,36008.71,37.78,10.41,1.79,4.59,0.63,427
8/2/2019 18:00,36008.76,35,9.57,1.79,2.98,0.84,213
8/2/2019 19:00,36008.8,30,8.46,0.45,1.17,1.05,24
8/2/2019 20:00,36008.84,27.78,10.05,0.45,3.8,1.26,6
8/2/2019 21:00,36008.88,26.67,10.36,0.45,5.83,1.48,5
8/2/2019 22:00,36008.92,25,8.46,0.89,4.71,1.69,6
8/2/2019 23:00,36008.97,21.67,11.63,0.89,5.04,1.07,6
8/3/2019 0:00,36009,23.33,9.31,0.89,4.03,2.11,5
8/3/2019 1:00,36009.04,22.22,9.35,0.45,2.79,2.32,6
8/3/2019 2:00,36009.08,22.22,10.33,0.45,1.88,2.53,5
8/3/2019 3:00,36009.13,22.78,10.52,0.45,4.8,2.74,5
8/3/2019 4:00,36009.17,23.33,12.29,1.34,1.62,2.95,6
8/3/2019 5:00,36009.21,23.33,13.47,2.24,1.76,3.16,6
8/3/2019 6:00,36009.25,23.89,11.87,0.89,1.87,3.37,31
8/3/2019 7:00,36009.29,27.78,15.1,0.89,1.64,3.58,187
8/3/2019 8:00,36009.34,28.89,13.57,0.89,3.91,3.79,375
8/3/2019 9:00,36009.38,33.89,14.97,0.89,3.6,4,552
8/3/2019 10:00,36009.42,33.89,13.46,0.89,4.43,4.21,701
8/3/2019 11:00,36009.46,35.56,13.82,1.34,4.85,4.43,807
8/3/2019 12:00,36009.5,36.11,13.12,0.89,5.53,4.64,787
8/3/2019 13:00,36009.55,40.56,14.95,2.24,6.06,2.32,834
8/3/2019 14:00,36009.59,40.56,12.72,1.79,4.47,0,826
8/3/2019 15:00,36009.63,38.33,10.07,0.89,3.54,0.13,580
8/3/2019 16:00,36009.67,41.11,10.61,0.45,4.8,0.26,603
8/3/2019 17:00,36009.71,41.11,10.61,1.34,4.4,0.39,451
8/3/2019 18:00,36009.76,38.89,9.68,1.34,4.66,0.51,213
8/3/2019 19:00,36009.8,32.78,6.99,0.45,4.63,0.64,50
8/3/2019 20:00,36009.84,29.44,7.98,0.45,4.21,0.77,6
8/3/2019 21:00,36009.88,28.89,8.59,0.89,2.79,0.9,5
8/3/2019 22:00,36009.92,27.22,8.15,0.89,1.94,1.03,5
8/3/2019 23:00,36009.97,24.44,9.18,0.45,1.45,1.9,5
8/4/2019 0:00,36010,26.11,11.07,1.34,1.95,1.29,5
8/4/2019 1:00,36010.04,26.67,13.4,1.79,1.4,1.41,5
8/4/2019 2:00,36010.08,25,12.56,0.89,1.87,1.54,5
8/4/2019 3:00,36010.13,24.44,11.03,0.89,4.08,1.67,5
8/4/2019 4:00,36010.17,22.78,9.85,0.45,2.16,1.8,6
8/4/2019 5:00,36010.21,24.44,13.93,2.24,1.55,1.93,6
8/4/2019 6:00,36010.25,25.56,13.72,2.68,1.57,2.06,29
8/4/2019 7:00,36010.29,28.33,14.57,1.79,1.75,2.19,190
8/4/2019 8:00,36010.34,32.22,15.32,0.89,1.1,2.32,372
8/4/2019 9:00,36010.38,37.78,15.15,0.89,1.48,2.44,551
8/4/2019 10:00,36010.42,36.11,11.86,2.24,6.14,2.57,699
8/4/2019 11:00,36010.46,39.44,13.3,1.34,4.9,2.7,808
8/4/2019 12:00,36010.5,40,13.03,0.89,3.51,2.83,866
8/4/2019 13:00,36010.55,41.11,12.36,0.89,5.6,0,874
8/4/2019 14:00,36010.59,41.11,10.61,0.89,0.07,0,831
8/4/2019 15:00,36010.63,42.78,9.98,1.34,4.69,0.25,740
8/4/2019 16:00,36010.67,42.78,8.9,1.34,4.08,0.51,606
8/4/2019 17:00,36010.71,40.56,7.13,0.45,3.63,0.76,401
8/4/2019 18:00,36010.76,37.22,5.52,0.89,3.3,1.01,211
8/4/2019 19:00,36010.8,32.78,6.25,0.89,4.33,1.26,21
8/4/2019 20:00,36010.84,29.44,6.2,0.45,3.44,1.52,6
8/4/2019 21:00,36010.88,28.33,5.87,0.45,4.56,1.77,5
8/4/2019 22:00,36010.92,25.56,6.69,0.45,3.4,2.02,5
8/4/2019 23:00,36010.97,27.78,11.35,1.79,1.88,1.16,5
8/5/2019 0:00,36011,24.44,9.94,0.45,4.21,2.53,5
8/5/2019 1:00,36011.04,23.33,11.03,0.45,4.01,2.78,5
8/5/2019 2:00,36011.08,22.22,10.33,1.34,4.5,3.03,6
8/5/2019 3:00,36011.13,21.67,10.45,1.34,4.31,3.29,6
8/5/2019 4:00,36011.17,21.11,10.24,0.45,4.47,3.54,5
8/5/2019 5:00,36011.21,20.56,10.02,0.45,4.9,3.79,5
8/5/2019 6:00,36011.25,23.33,13.76,0.89,1.36,4.04,42
8/5/2019 7:00,36011.29,23.89,11.54,1.34,4.49,4.3,130
8/5/2019 8:00,36011.34,28.33,13.45,1.34,3.79,4.55,388
8/5/2019 9:00,36011.38,33.33,15.87,0.45,5.88,4.8,410
8/5/2019 10:00,36011.42,32.22,14.88,0.89,3.51,5.05,446
8/5/2019 11:00,36011.46,36.11,15.4,0.45,4.82,5.31,682
8/5/2019 12:00,36011.5,36.67,14.78,1.34,3.12,5.56,729
8/5/2019 13:00,36011.55,36.67,15.88,0.45,3.68,8.6,447
8/5/2019 14:00,36011.59,40.56,15.63,0.45,4.07,0,811
8/5/2019 15:00,36011.63,41.67,13.64,0.89,5.59,0.15,720
8/5/2019 16:00,36011.67,41.67,12.82,1.34,4.22,0.29,585
8/5/2019 17:00,36011.71,40,10.6,1.34,4.35,0.44,411
8/5/2019 18:00,36011.76,36.67,11.66,1.79,6.21,0.58,193
8/5/2019 19:00,36011.8,31.11,9.42,0.45,5.2,0.73,19
8/5/2019 20:00,36011.84,28.33,8.11,0.45,2.67,0.87,5
8/5/2019 21:00,36011.88,26.67,9.07,0,4.21,1.02,5
8/5/2019 22:00,36011.92,26.67,10.36,1.79,1.52,1.17,5
8/5/2019 23:00,36011.97,25,7.14,1.34,4.69,2.27,5
8/6/2019 0:00,36012,23.89,12.5,0.45,0.21,1.46,5
8/6/2019 1:00,36012.04,24.44,13.93,1.79,1.61,1.6,6
8/6/2019 2:00,36012.08,21.67,11.92,0.89,3.16,1.75,5
8/6/2019 3:00,36012.13,22.78,13.51,0.45,4.66,1.9,6
8/6/2019 4:00,36012.17,25,14.74,2.68,1.41,2.04,5
8/6/2019 5:00,36012.21,25,14.44,3.58,1.87,2.19,5
8/6/2019 6:00,36012.25,25.56,14.04,2.68,1.82,2.33,40
8/6/2019 7:00,36012.29,26.11,13.24,1.34,4.08,2.48,155
8/6/2019 8:00,36012.34,30.56,14.25,0.45,2.2,2.62,349
8/6/2019 9:00,36012.38,37.22,17.41,0.45,1.68,2.77,526
8/6/2019 10:00,36012.42,35,14.43,2.68,4.07,2.92,613
8/6/2019 11:00,36012.46,37.78,15.74,0.89,4.43,3.06,784
8/6/2019 12:00,36012.5,37.78,13.92,0.89,3.86,3.21,850
8/6/2019 13:00,36012.55,40,13.77,0.89,3.23,1.13,853
8/6/2019 14:00,36012.59,42.22,14.89,0.89,4.89,0,808
8/6/2019 15:00,36012.63,42.78,13.74,0.89,3.35,0.13,717
8/6/2019 16:00,36012.67,42.78,12.88,0.89,3.21,0.26,577
8/6/2019 17:00,36012.71,41.67,12.82,1.34,4.59,0.39,410
8/6/2019 18:00,36012.76,38.33,11.64,0.89,4.52,0.52,171
8/6/2019 19:00,36012.8,32.22,10.93,0.89,0.72,0.64,26
8/6/2019 20:00,36012.84,30,10.58,0.45,5.43,0.77,5
8/6/2019 21:00,36012.88,30,11.07,0.89,4.75,0.9,5
8/6/2019 22:00,36012.92,27.22,10,0.45,3.4,1.03,5
8/6/2019 23:00,36012.97,25.56,10.57,0.89,4.17,1.31,5
8/7/2019 0:00,36013,25,12.22,0.45,3.93,1.29,5
8/7/2019 1:00,36013.04,23.89,11.54,0.45,4,1.42,5
8/7/2019 2:00,36013.08,23.89,12.19,0.89,4.64,1.55,5
8/7/2019 3:00,36013.13,22.22,10.65,0.45,3.93,1.68,5
8/7/2019 4:00,36013.17,22.78,11.16,0.45,1.64,1.8,6
8/7/2019 5:00,36013.21,23.89,14.28,1.34,1.83,1.93,6
8/7/2019 6:00,36013.25,23.89,13.11,1.34,4.45,2.06,33
8/7/2019 7:00,36013.29,26.11,14.23,0.45,4.05,2.19,167
8/7/2019 8:00,36013.34,30.56,16.22,0.89,6.09,2.32,357
8/7/2019 9:00,36013.38,35,17.35,2.68,3.98,2.45,531
8/7/2019 10:00,36013.42,34.44,15.46,0.45,5.86,2.58,632
8/7/2019 11:00,36013.46,36.11,15.4,0.89,3.18,2.71,778
8/7/2019 12:00,36013.5,38.89,15.5,0.89,3.11,2.84,862
8/7/2019 13:00,36013.55,38.89,13.54,1.34,4.63,1,853
8/7/2019 14:00,36013.59,40.56,12.72,2.24,4.73,0,801
8/7/2019 15:00,36013.63,41.67,11.96,1.79,4.1,0.14,707
8/7/2019 16:00,36013.67,41.11,11.51,1.34,4.52,0.28,568
8/7/2019 17:00,36013.71,38.33,10.87,2.24,4.94,0.42,394
8/7/2019 18:00,36013.76,36.11,9.02,1.34,3.98,0.56,177
8/7/2019 19:00,36013.8,30.56,7.14,0.45,3.65,0.7,21
8/7/2019 20:00,36013.84,28.33,7.57,0.89,6.14,0.84,5
8/7/2019 21:00,36013.88,26.11,7.66,1.34,5.15,0.98,5
8/7/2019 22:00,36013.92,25,7.14,0.45,4.43,1.12,6
8/7/2019 23:00,36013.97,26.11,11.07,0.89,4.38,1.16,5
8/8/2019 0:00,36014,21.11,6.57,0.45,4.52,1.4,6
8/8/2019 1:00,36014.04,20,6.64,0.45,4.73,1.54,5
8/8/2019 2:00,36014.08,18.89,6.63,0.89,4.1,1.68,6
8/8/2019 3:00,36014.13,19.44,7.14,1.34,3.91,1.82,5
8/8/2019 4:00,36014.17,18.33,6.45,0.45,4.21,1.96,5
8/8/2019 5:00,36014.21,17.78,6.86,0.89,4.05,2.1,6
8/8/2019 6:00,36014.25,18.89,8.18,0.45,3.09,2.24,41
8/8/2019 7:00,36014.29,21.11,8.99,0.89,2.16,2.38,167
8/8/2019 8:00,36014.34,24.44,10.67,0.89,4.97,2.52,322
8/8/2019 9:00,36014.38,28.89,11.48,1.34,2.51,2.66,526
8/8/2019 10:00,36014.42,30,10.07,0.45,4.07,2.8,680
8/8/2019 11:00,36014.46,31.67,9.89,0.45,4.47,2.94,796
8/8/2019 12:00,36014.5,35.56,11.39,0.89,3.77,3.08,852
8/8/2019 13:00,36014.55,36.11,8.23,0.89,3.67,0,860
8/8/2019 14:00,36014.59,37.78,6.95,1.34,5.31,0,819
8/8/2019 15:00,36014.63,39.44,6.24,1.34,4.61,0.17,725
8/8/2019 16:00,36014.67,39.44,7.31,0.89,4.08,0.33,583
8/8/2019 17:00,36014.71,36.11,5.6,1.34,3.44,0.5,405
8/8/2019 18:00,36014.76,33.89,4.71,0.89,2.67,0.67,181
8/8/2019 19:00,36014.8,27.78,4.79,0.89,4.83,0.84,23
8/8/2019 20:00,36014.84,25.56,6.2,1.34,4.56,1,5
8/8/2019 21:00,36014.88,23.33,7.39,0.45,4.63,1.17,5
8/8/2019 22:00,36014.92,20,6.64,1.34,4.21,1.34,6
8/8/2019 23:00,36014.97,21.67,5.9,0.45,5.41,1.26,5
8/9/2019 0:00,36015,17.78,7.45,0.45,4.4,1.67,6
8/9/2019 1:00,36015.04,16.11,6.73,0.89,3.93,1.84,6
8/9/2019 2:00,36015.08,16.11,7.53,0.89,4.28,2.01,6
8/9/2019 3:00,36015.13,15.56,7.51,1.34,2.37,2.17,6
8/9/2019 4:00,36015.17,16.67,8.56,0.45,2.91,2.34,6
8/9/2019 5:00,36015.21,14.44,7.19,0.45,3.94,2.51,6
8/9/2019 6:00,36015.25,15,7.96,0.89,2.95,2.67,27
8/9/2019 7:00,36015.29,17.22,8.83,0.89,4.03,2.84,175
8/9/2019 8:00,36015.34,23.89,12.5,0.89,5.92,3.01,355
8/9/2019 9:00,36015.38,25,10.82,0.45,0.89,3.18,529
8/9/2019 10:00,36015.42,28.89,11.92,0.45,1.24,3.34,680
8/9/2019 11:00,36015.46,32.22,12.01,0.89,3.84,3.51,792
8/9/2019 12:00,36015.5,33.61,10.43,0.89,4.14,3.68,827
8/9/2019 13:00,36015.55,35,8.85,0.89,4.43,0,862
8/9/2019 14:00,36015.59,35,6.49,0.45,0.8,0,816
8/9/2019 15:00,36015.63,37.22,7.43,0.45,4.22,0.14,719
8/9/2019 16:00,36015.67,36.67,6.05,0.89,4.1,0.29,575
8/9/2019 17:00,36015.71,35,5.62,0.45,5.62,0.43,401
8/9/2019 18:00,36015.76,31.67,5.33,0.89,4.03,0.57,176
8/9/2019 19:00,36015.8,26.67,2.56,0.89,5.38,0.71,21
8/9/2019 20:00,36015.84,23.89,3.2,0.45,3.93,0.86,5
8/9/2019 21:00,36015.88,22.78,4.26,0.45,4.57,1,5
8/9/2019 22:00,36015.92,21.11,6.19,0.45,4.21,1.14,6
8/9/2019 23:00,36015.97,18.33,6.45,0.89,4.99,1.5,6
8/10/2019 0:00,36016,18.89,7.88,0.45,4.36,1.43,5
8/10/2019 1:00,36016.04,17.78,7.45,1.34,4.63,1.57,5
8/10/2019 2:00,36016.08,17.78,8.01,0.89,4.24,1.71,6
8/10/2019 3:00,36016.13,17.78,8.29,1.34,4.57,1.86,6
8/10/2019 4:00,36016.17,16.67,6.98,0.89,2.93,2,6
8/10/2019 5:00,36016.21,16.67,7.25,1.34,4.19,2.14,6
8/10/2019 6:00,36016.25,18.33,7.96,0.45,4.66,2.29,32
8/10/2019 7:00,36016.29,18.89,7.88,0.89,4.63,2.43,174
8/10/2019 8:00,36016.34,24.44,11.38,0.89,2.95,2.57,354
8/10/2019 9:00,36016.38,27.78,11.35,0.89,3.61,2.71,531
8/10/2019 10:00,36016.42,30,11.07,0.89,4.76,2.86,683
8/10/2019 11:00,36016.46,32.22,12.52,1.34,5.06,3,790
8/10/2019 12:00,36016.5,32.78,11.96,0.89,0.4,3.14,847
8/10/2019 13:00,36016.55,33.33,11.33,0.89,4.29,0,855
8/10/2019 14:00,36016.59,35,10.92,0.89,0.09,0,809
8/10/2019 15:00,36016.63,36.11,10.5,0.89,4.56,0.13,715
8/10/2019 16:00,36016.67,36.11,11.19,0.89,4.73,0.25,575
8/10/2019 17:00,36016.71,33.33,10.74,0.45,4.68,0.38,399
8/10/2019 18:00,36016.76,31.11,10.52,0.89,4.38,0.5,171
8/10/2019 19:00,36016.8,26.67,9.94,1.34,5.48,0.63,19
8/10/2019 20:00,36016.84,25.56,12.04,0.45,3.44,0.75,6
8/10/2019 21:00,36016.88,24.44,12.38,0.45,4.56,0.88,5
8/10/2019 22:00,36016.92,21.67,10.75,0.89,5.24,1,5
8/10/2019 23:00,36016.97,19.44,6.48,0.45,3.86,1.29,6
8/11/2019 0:00,36017,18.89,9.6,0.45,3.8,1.25,5
8/11/2019 1:00,36017.04,17.78,9.35,0.45,5.74,1.38,5
8/11/2019 2:00,36017.08,17.22,9.58,0.45,5.69,1.5,6
8/11/2019 3:00,36017.13,16.11,9.48,0.89,4.78,1.63,6
8/11/2019 4:00,36017.17,15,9.31,0.89,4.17,1.75,6
8/11/2019 5:00,36017.21,15,9.95,0.89,4.89,1.88,6
8/11/2019 6:00,36017.25,15.56,10.28,0.89,3.96,2,32
8/11/2019 7:00,36017.29,18.33,11.6,0.89,4.38,2.13,177
8/11/2019 8:00,36017.34,22.78,13.79,0.89,3.46,2.25,359
8/11/2019 9:00,36017.38,27.22,14.93,0.89,3.98,2.38,539
8/11/2019 10:00,36017.42,28.89,13.57,0.45,2.81,2.5,691
8/11/2019 11:00,36017.46,30.56,12.96,1.34,4.66,2.63,800
8/11/2019 12:00,36017.5,32.78,11.96,0.89,4.78,2.75,859
8/11/2019 13:00,36017.55,35,12.17,0.89,4.05,0,866
8/11/2019 14:00,36017.59,36.11,11.19,1.79,4.78,0,823
8/11/2019 15:00,36017.63,35.56,9.31,1.34,4.4,0.14,725
8/11/2019 16:00,36017.67,34.44,8.38,0.45,2.25,0.27,580
8/11/2019 17:00,36017.71,33.89,8.63,1.79,4.5,0.41,404
8/11/2019 18:00,36017.76,30.56,8.36,1.79,4.4,0.54,174
8/11/2019 19:00,36017.8,27.22,7.14,0.45,3.35,0.68,20
8/11/2019 20:00,36017.84,25,7.14,0.45,3.65,0.81,6
8/11/2019 21:00,36017.88,24.44,7.54,0.45,4.42,0.95,5
8/11/2019 22:00,36017.92,22.78,6.89,0.45,2.86,1.08,5
8/11/2019 23:00,36017.97,20.56,10.31,0.45,4.66,1.13,5
8/12/2019 0:00,36018,21.11,7.3,0.89,4.59,1.35,5
8/12/2019 1:00,36018.04,21.67,9.17,1.34,2.32,1.49,5
8/12/2019 2:00,36018.08,20,9.21,0.45,2.5,1.62,5
8/12/2019 3:00,36018.13,22.22,12.72,1.34,1.13,1.76,6
8/12/2019 4:00,36018.17,21.11,11.12,1.79,1.48,1.89,5
8/12/2019 5:00,36018.21,20.56,10.88,2.24,1.9,2.03,6
8/12/2019 6:00,36018.25,22.22,12.99,2.24,1.43,2.17,30
8/12/2019 7:00,36018.29,24.44,12.7,0.89,1.92,2.3,174
8/12/2019 8:00,36018.34,26.67,12.32,0.45,4.12,2.44,354
8/12/2019 9:00,36018.38,32.22,13.02,0.45,4.59,2.57,530
8/12/2019 10:00,36018.42,31.67,11,0.45,5.39,2.71,682
8/12/2019 11:00,36018.46,34.44,12.28,0.89,3.72,2.84,788
8/12/2019 12:00,36018.5,35,11.55,1.79,0.79,2.98,850
8/12/2019 13:00,36018.55,36.11,9.78,1.79,3.75,0,855
8/12/2019 14:00,36018.59,36.67,9.48,1.34,4.21,0,812
8/12/2019 15:00,36018.63,39.44,10.99,0.89,5.18,0.13,714
8/12/2019 16:00,36018.67,40.56,12.72,1.34,4.52,0.26,570
8/12/2019 17:00,36018.71,37.22,9.95,1.34,4.43,0.4,393
8/12/2019 18:00,36018.76,33.89,9.97,0.45,4.45,0.53,169
8/12/2019 19:00,36018.8,29.44,7.98,0.45,3.6,0.66,19
8/12/2019 20:00,36018.84,26.67,6.66,0,3.91,0.79,5
8/12/2019 21:00,36018.88,27.22,7.14,0.89,6.27,0.92,6
8/12/2019 22:00,36018.92,26.67,11.17,0.89,1.2,1.06,5
8/12/2019 23:00,36018.97,23.33,9.31,0.45,4.64,1.22,5
8/13/2019 0:00,36019,22.78,8.07,0.45,2.44,1.32,5
8/13/2019 1:00,36019.04,24.44,12.38,1.79,1.83,1.45,5
8/13/2019 2:00,36019.08,23.89,12.5,1.79,1.5,1.58,5
8/13/2019 3:00,36019.13,22.78,10.84,2.68,1.83,1.72,5
8/13/2019 4:00,36019.17,22.78,12.08,2.68,1.69,1.85,5
8/13/2019 5:00,36019.21,23.33,11.67,2.24,1.88,1.98,5
8/13/2019 6:00,36019.25,23.33,12.89,2.68,1.59,2.11,29
8/13/2019 7:00,36019.29,25.56,12.73,1.79,1.61,2.24,170
8/13/2019 8:00,36019.34,29.44,12.84,0.89,2.06,2.37,352
8/13/2019 9:00,36019.38,35,13.89,0.89,6.23,2.51,531
8/13/2019 10:00,36019.42,36.11,12.5,1.34,4.29,2.64,682
8/13/2019 11:00,36019.46,37.22,12.8,0.89,4.1,2.77,790
8/13/2019 12:00,36019.5,38.89,12.1,0.45,3.77,2.9,851
8/13/2019 13:00,36019.55,39.44,11.79,0.89,4.35,0,858
8/13/2019 14:00,36019.59,40.56,10.15,0.89,3.79,0,808
8/13/2019 15:00,36019.63,41.11,9.65,0.89,3.26,0.13,711
8/13/2019 16:00,36019.67,41.67,9.09,0.89,3.87,0.26,571
8/13/2019 17:00,36019.71,39.44,7.31,1.34,4.47,0.39,396
8/13/2019 18:00,36019.76,36.67,6.98,1.79,4.8,0.52,170
8/13/2019 19:00,36019.8,31.67,6.77,0.45,3.32,0.66,18
8/13/2019 20:00,36019.84,29.44,5.56,0.89,5.9,0.79,5
8/13/2019 21:00,36019.88,28.89,5.09,0.45,2.76,0.92,5
8/13/2019 22:00,36019.92,27.78,5.39,0.45,0.84,1.05,5
8/13/2019 23:00,36019.97,24.44,7.96,0.45,3.93,1.19,5
8/14/2019 0:00,36020,26.11,11.07,2.24,1.47,1.31,5
8/14/2019 1:00,36020.04,26.11,11.82,1.79,1.83,1.44,5
8/14/2019 2:00,36020.08,25,11.18,3.13,1.5,1.57,5
8/14/2019 3:00,36020.13,24.44,11.38,2.68,1.54,1.7,5
8/14/2019 4:00,36020.17,23.89,8.68,0.89,1.5,1.84,5
8/14/2019 5:00,36020.21,24.44,11.72,1.34,1.68,1.97,5
8/14/2019 6:00,36020.25,25,12.56,1.79,1.26,2.1,28
8/14/2019 7:00,36020.29,28.33,13.07,1.34,1.33,2.23,170
8/14/2019 8:00,36020.34,31.67,13.02,0.45,2.34,2.36,352
8/14/2019 9:00,36020.38,34.44,11.69,0.45,3.47,2.49,532
8/14/2019 10:00,36020.42,36.67,11.66,0.89,4.85,2.62,680
8/14/2019 11:00,36020.46,40,13.77,0.89,5.9,2.75,787
8/14/2019 12:00,36020.5,40,10.6,0.45,5.76,2.88,850
8/14/2019 13:00,36020.55,40.56,11.05,1.34,4.8,0,857
8/14/2019 14:00,36020.59,43.89,10.88,0.45,6.07,0,813
8/14/2019 15:00,36020.63,43.89,8.62,0.89,4.9,0.15,715
8/14/2019 16:00,36020.67,42.22,7.3,1.34,4.73,0.29,566
8/14/2019 17:00,36020.71,40.56,7.13,1.34,4.31,0.44,388
8/14/2019 18:00,36020.76,38.33,5.36,0.89,4.17,0.58,165
8/14/2019 19:00,36020.8,32.78,1.95,0.45,2.74,0.73,19
8/14/2019 20:00,36020.84,30.56,2.84,0.45,3.7,0.87,5
8/14/2019 21:00,36020.88,28.89,4.43,0.45,3.65,1.02,5
8/14/2019 22:00,36020.92,28.33,13.07,1.34,1.31,1.16,5
8/14/2019 23:00,36020.97,27.22,10.86,2.24,1.59,1.18,5
8/15/2019 0:00,36021,27.78,9.12,1.79,1.43,1.46,5
8/15/2019 1:00,36021.04,26.11,9.87,2.24,1.5,1.6,5
8/15/2019 2:00,36021.08,25.56,10.57,2.24,1.75,1.75,5
8/15/2019 3:00,36021.13,25.56,9.78,1.34,1.62,1.89,5
8/15/2019 4:00,36021.17,26.11,11.82,1.79,1.75,2.04,5
8/15/2019 5:00,36021.21,25.56,10.57,1.79,1.59,2.18,5
8/15/2019 6:00,36021.25,26.11,9.45,1.34,1.71,2.33,27
8/15/2019 7:00,36021.29,28.33,10.54,0.89,4.89,2.48,166
8/15/2019 8:00,36021.34,32.22,10.93,0.45,4.26,2.62,347
8/15/2019 9:00,36021.38,36.11,12.5,0.89,3.67,2.77,525
8/15/2019 10:00,36021.42,36.67,11.66,0.89,3.07,2.91,674
8/15/2019 11:00,36021.46,37.22,11.43,0.89,5.45,3.06,782
8/15/2019 12:00,36021.5,40,12.26,0.89,4.35,3.2,837
8/15/2019 13:00,36021.55,42.22,12.42,0.45,5.85,0.42,844
8/15/2019 14:00,36021.59,43.89,12.87,0.45,0.86,0,797
8/15/2019 15:00,36021.63,44.44,7.79,0.45,3.74,0.14,711
8/15/2019 16:00,36021.67,46.11,7.72,1.79,5.59,0.27,569
8/15/2019 17:00,36021.71,45,5.36,1.79,5.81,0.41,395
8/15/2019 18:00,36021.76,38.89,6.86,0.89,3.79,0.55,162
8/15/2019 19:00,36021.8,33.33,5.94,0.89,3.98,0.69,17
8/15/2019 20:00,36021.84,30.56,5.83,0.45,1.87,0.82,5
8/15/2019 21:00,36021.88,30.56,5.13,0.45,5.22,0.96,5
8/15/2019 22:00,36021.92,29.44,11.97,0.89,0.63,1.1,5
8/15/2019 23:00,36021.97,26.67,6.66,1.34,2.34,1.31,5
8/16/2019 0:00,36022,27.22,9.56,3.13,1.57,1.37,6
8/16/2019 1:00,36022.04,26.67,9.07,2.24,1.47,1.51,5
8/16/2019 2:00,36022.08,26.11,10.28,1.79,1.8,1.65,5
8/16/2019 3:00,36022.13,26.11,11.07,2.24,1.9,1.78,5
8/16/2019 4:00,36022.17,26.11,10.28,2.68,1.8,1.92,5
8/16/2019 5:00,36022.21,26.11,8.12,0.89,1.82,2.06,5
8/16/2019 6:00,36022.25,26.67,9.94,0.45,4.47,2.19,25
8/16/2019 7:00,36022.29,27.78,14.42,1.34,1.78,2.33,164
8/16/2019 8:00,36022.34,31.67,12.53,0.89,4.47,2.47,349
8/16/2019 9:00,36022.38,36.11,12.5,0.45,2.79,2.61,529
8/16/2019 10:00,36022.42,37.22,11.43,1.34,4.45,2.74,681
8/16/2019 11:00,36022.46,41.11,12.36,1.34,4.69,2.88,791
8/16/2019 12:00,36022.5,41.67,11.96,0.89,4.52,3.02,842
8/16/2019 13:00,36022.55,42.22,10.55,1.34,5.01,0,861
8/16/2019 14:00,36022.59,43.33,9.34,0.89,5.11,0,812
8/16/2019 15:00,36022.63,43.89,8.62,1.79,5.34,0.13,707
8/16/2019 16:00,36022.67,45.56,8.66,2.24,5.36,0.27,560
8/16/2019 17:00,36022.71,43.33,6.92,1.34,5.01,0.4,382
8/16/2019 18:00,36022.76,41.67,5.62,0.45,1.64,0.54,160
8/16/2019 19:00,36022.8,34.44,5.17,0.89,0.93,0.67,16
8/16/2019 20:00,36022.84,32.22,6.53,0.45,4.78,0.81,5
8/16/2019 21:00,36022.88,29.44,6.2,0.45,4.75,0.94,5
8/16/2019 22:00,36022.92,26.67,6.66,0.89,4.42,1.08,5
8/16/2019 23:00,36022.97,28.33,8.62,0.45,2.5,1.23,5
8/17/2019 0:00,36023,26.67,10.36,2.24,1.66,1.35,5
8/17/2019 1:00,36023.04,25,6.21,1.34,3.96,1.48,5
8/17/2019 2:00,36023.08,25,7.14,1.79,1.87,1.62,5
8/17/2019 3:00,36023.13,25.56,9.37,0.45,3.07,1.75,5
8/17/2019 4:00,36023.17,25,6.21,0.45,3.84,1.89,6
8/17/2019 5:00,36023.21,22.78,8.07,0.45,4.8,2.02,5
8/17/2019 6:00,36023.25,22.78,7.29,0.89,4.59,2.16,26
8/17/2019 7:00,36023.29,25,8.03,0.89,4.47,2.29,164
8/17/2019 8:00,36023.34,31.11,9.97,0.45,3.07,2.43,348
8/17/2019 9:00,36023.38,33.33,10.74,1.79,1.01,2.56,528
8/17/2019 10:00,36023.42,35.56,9.31,1.34,4.82,2.7,680
8/17/2019 11:00,36023.46,35,10.26,1.34,4.21,2.83,788
8/17/2019 12:00,36023.5,37.22,12.13,0.45,5.48,2.97,842
8/17/2019 13:00,36023.55,38.33,11.64,0.45,2.62,0,845
8/17/2019 14:00,36023.59,42.22,12.42,1.34,4.68,0,797
8/17/2019 15:00,36023.63,41.67,12.82,0.89,0.12,0.14,695
8/17/2019 16:00,36023.67,41.67,12.82,0.89,4.97,0.28,544
8/17/2019 17:00,36023.71,38.33,10.87,1.34,4.21,0.41,370
8/17/2019 18:00,36023.76,35,10.26,0.89,4.64,0.55,155
8/17/2019 19:00,36023.8,30,9.01,0.45,5.32,0.69,18
8/17/2019 20:00,36023.84,26.11,8.58,0.45,3.23,0.83,5
8/17/2019 21:00,36023.88,23.89,9.81,0.89,3.91,0.96,5
8/17/2019 22:00,36023.92,21.67,9.5,0.45,3.91,1.1,5
8/17/2019 23:00,36023.97,26.11,11.07,0.89,1.45,1.21,5
8/18/2019 0:00,36024,18.89,8.76,0.45,4.22,1.38,5
8/18/2019 1:00,36024.04,17.78,8.29,0.45,4.75,1.52,5
8/18/2019 2:00,36024.08,18.33,9.35,0.89,4.54,1.65,6
8/18/2019 3:00,36024.13,19.44,10.12,0.45,4.1,1.79,5
8/18/2019 4:00,36024.17,18.33,9.87,1.34,4.22,1.93,6
8/18/2019 5:00,36024.21,17.22,9.34,1.79,4.38,2.07,5
8/18/2019 6:00,36024.25,16.67,9.06,0.89,4.07,2.2,22
8/18/2019 7:00,36024.29,23.33,13.19,1.79,2.32,2.34,152
8/18/2019 8:00,36024.34,26.11,12.9,0.89,4.22,2.48,332
8/18/2019 9:00,36024.38,30,13.76,0.89,5.11,2.62,511
8/18/2019 10:00,36024.42,30.56,11.56,0.89,3.96,2.75,665
8/18/2019 11:00,36024.46,33.33,12.44,0.89,3.32,2.89,776
8/18/2019 12:00,36024.5,35,10.92,0.45,0.21,3.03,838
8/18/2019 13:00,36024.55,35.56,7.77,0.89,4.38,0,848
8/18/2019 14:00,36024.59,37.22,8.31,0.45,3.86,0,799
8/18/2019 15:00,36024.63,38.89,9.68,0.45,2.88,0.21,698
8/18/2019 16:00,36024.67,38.89,9.68,0.45,3.91,0.42,550
8/18/2019 17:00,36024.71,37.22,8.31,0.45,5.52,0.63,373
8/18/2019 18:00,36024.76,35,8.85,0.89,4.57,0.84,154
8/18/2019 19:00,36024.8,28.89,8.59,0.45,2.22,1.05,17
8/18/2019 20:00,36024.84,25.56,9.78,0.45,3.51,1.25,5
8/18/2019 21:00,36024.88,22.78,9.85,0,1.61,1.46,5
8/18/2019 22:00,36024.92,21.11,9.31,0.89,4.21,1.67,5
8/18/2019 23:00,36024.97,20.56,9.42,0.89,4.52,1.24,6
8/19/2019 0:00,36025,19.44,9.56,0.89,4.42,2.09,5
8/19/2019 1:00,36025.04,18.89,9.33,0.89,4.12,2.3,5
8/19/2019 2:00,36025.08,18.33,9.61,0.89,4.47,2.51,5
8/19/2019 3:00,36025.13,17.22,9.08,0.89,4.14,2.72,6
8/19/2019 4:00,36025.17,16.67,9.06,0.89,4.42,2.93,6
8/19/2019 5:00,36025.21,17.78,9.86,1.34,4.24,3.14,6
8/19/2019 6:00,36025.25,15.56,8.48,0.89,4.07,3.34,24
8/19/2019 7:00,36025.29,17.78,10.35,0.89,3.87,3.55,156
8/19/2019 8:00,36025.34,24.44,13.01,0.89,4.22,3.76,327
8/19/2019 9:00,36025.38,27.78,12.17,1.34,4.33,3.97,539
8/19/2019 10:00,36025.42,29.44,11.52,0.45,3.86,4.18,666
8/19/2019 11:00,36025.46,28.89,11.48,0.45,4.43,4.39,509
8/19/2019 12:00,36025.5,33.33,14.48,0.89,4.01,4.6,767
8/19/2019 13:00,36025.55,35.56,13.24,0.89,5.06,0,848
8/19/2019 14:00,36025.59,37.78,12.6,1.34,4.56,0,800
8/19/2019 15:00,36025.63,37.78,11.17,1.34,4.49,0.14,695
8/19/2019 16:00,36025.67,37.78,11.17,0.89,4.63,0.29,547
8/19/2019 17:00,36025.71,37.22,10.71,0.89,3.91,0.43,369
8/19/2019 18:00,36025.76,33.33,11.33,0.89,4.31,0.57,144
8/19/2019 19:00,36025.8,28.33,10.54,0.45,5.22,0.72,16
8/19/2019 20:00,36025.84,25,9.28,0.89,3.93,0.86,5
8/19/2019 21:00,36025.88,25,9.68,0.45,3.75,1,5
8/19/2019 22:00,36025.92,23.33,9.67,0.45,4.36,1.15,5
8/19/2019 23:00,36025.97,20.56,9.72,0.45,4.75,1.88,6
8/20/2019 0:00,36026,20.56,10.88,1.34,4.24,1.43,5
8/20/2019 1:00,36026.04,20.56,11.7,0.89,2.06,1.57,5
8/20/2019 2:00,36026.08,17.78,10.59,0.45,5.15,1.72,5
8/20/2019 3:00,36026.13,18.89,12.36,0.45,0.3,1.86,6
8/20/2019 4:00,36026.17,18.89,12.82,0.89,1.66,2,6
8/20/2019 5:00,36026.21,16.67,10.69,1.34,4.68,2.15,6
8/20/2019 6:00,36026.25,16.11,10.6,1.34,4.49,2.29,23
8/20/2019 7:00,36026.29,19.44,12.89,0.45,4.49,2.43,157
8/20/2019 8:00,36026.34,23.33,14.31,0.45,3.91,2.58,333
8/20/2019 9:00,36026.38,27.22,15.89,1.34,1.13,2.72,512
8/20/2019 10:00,36026.42,30,16.8,1.79,5.9,2.86,663
8/20/2019 11:00,36026.46,32.22,14.88,1.34,4.87,3.01,774
8/20/2019 12:00,36026.5,34.44,14.97,0.45,5.6,3.15,830
8/20/2019 13:00,36026.55,36.11,14.3,1.34,3.7,0,836
8/20/2019 14:00,36026.59,37.78,13.92,0.89,4.47,0,787
8/20/2019 15:00,36026.63,38.89,13.54,1.34,3.54,0.14,687
8/20/2019 16:00,36026.67,38.33,12.37,0.45,4.24,0.29,539
8/20/2019 17:00,36026.71,36.11,11.86,0.45,4.17,0.43,359
8/20/2019 18:00,36026.76,32.78,11.41,0.89,3.77,0.57,135
8/20/2019 19:00,36026.8,27.78,8.64,0.89,3.58,0.72,16
8/20/2019 20:00,36026.84,26.11,9.87,0.45,4.75,0.86,5
8/20/2019 21:00,36026.88,23.33,10.02,0.45,4.47,1,5
8/20/2019 22:00,36026.92,21.67,10.14,0.45,4.56,1.15,5
8/20/2019 23:00,36026.97,20,8.91,0.45,0.54,1.29,5
8/21/2019 0:00,36027,18.89,10.66,0.89,3.87,1.43,5
8/21/2019 1:00,36027.04,17.78,10.59,0.45,4.52,1.58,5
8/21/2019 2:00,36027.08,18.33,10.88,0.89,3.39,1.72,5
8/21/2019 3:00,36027.13,18.33,11.6,0.45,2.72,1.86,6
8/21/2019 4:00,36027.17,18.33,12.29,0.89,1.34,2,6
8/21/2019 5:00,36027.21,18.33,12.06,0.45,4.03,2.15,6
8/21/2019 6:00,36027.25,17.78,10.83,0.89,4,2.29,21
8/21/2019 7:00,36027.29,21.11,13.51,0.45,3.98,2.43,149
8/21/2019 8:00,36027.34,25,14.74,0.89,4,2.58,328
8/21/2019 9:00,36027.38,28.89,15.78,0.89,4.35,2.72,508
8/21/2019 10:00,36027.42,30.56,15.07,2.24,3.98,2.86,659
8/21/2019 11:00,36027.46,31.67,14.39,0.89,3.23,3.01,768
8/21/2019 12:00,36027.5,35,14.95,0.45,4.21,3.15,828
8/21/2019 13:00,36027.55,36.67,14.78,1.34,4.76,0.82,829
8/21/2019 14:00,36027.59,37.78,13.92,0.45,3.63,0,780
8/21/2019 15:00,36027.63,38.89,14.87,0.45,5.04,0.14,682
8/21/2019 16:00,36027.67,37.78,12.6,1.34,4.1,0.29,521
8/21/2019 17:00,36027.71,36.11,11.86,2.24,4.89,0.43,353
8/21/2019 18:00,36027.76,33.33,9.5,1.34,4.43,0.58,131
8/21/2019 19:00,36027.8,28.33,7.02,0.89,4.47,0.72,15
8/21/2019 20:00,36027.84,26.67,8.15,0.45,3.47,0.87,5
8/21/2019 21:00,36027.88,25.56,8.52,0.45,4.78,1.01,5
8/21/2019 22:00,36027.92,24.44,8.78,0.45,0.07,1.16,5
8/21/2019 23:00,36027.97,21.11,11.12,0.89,4.9,1.29,5
8/22/2019 0:00,36028,25,13.21,1.79,1.54,1.44,5
8/22/2019 1:00,36028.04,23.33,10.36,0.45,4.8,1.59,5
8/22/2019 2:00,36028.08,21.11,9.31,0.45,4.15,1.73,6
8/22/2019 3:00,36028.13,22.22,11.86,1.34,2.22,1.88,5
8/22/2019 4:00,36028.17,21.67,11.92,1.34,2.06,2.02,5
8/22/2019 5:00,36028.21,20.56,11.43,1.34,2.36,2.17,5
8/22/2019 6:00,36028.25,22.22,13.8,0.45,3.7,2.31,17
8/22/2019 7:00,36028.29,24.44,14.22,0.89,0.96,2.46,135
8/22/2019 8:00,36028.34,28.89,15.78,0.45,0.44,2.6,297
8/22/2019 9:00,36028.38,31.67,14.82,0.45,0.42,2.74,481
8/22/2019 10:00,36028.42,31.67,13.48,0.89,3.86,2.89,666
8/22/2019 11:00,36028.46,35,14.43,0.89,3.79,3.03,760
8/22/2019 12:00,36028.5,35.56,13.82,0.89,4.12,3.18,825
8/22/2019 13:00,36028.55,37.78,15.15,0.45,5.6,1.09,824
8/22/2019 14:00,36028.59,38.89,14.22,0.45,3.77,0,771
8/22/2019 15:00,36028.63,38.89,14.87,2.24,4.01,0.16,647
8/22/2019 16:00,36028.67,38.89,15.5,0.89,5.45,0.33,513
8/22/2019 17:00,36028.71,38.33,15.02,1.34,4.73,0.49,333
8/22/2019 18:00,36028.76,35,14.43,1.34,4.54,0.66,117
8/22/2019 19:00,36028.8,30,12.91,0.45,0.86,0.82,18
8/22/2019 20:00,36028.84,28.89,13.95,0.89,4.87,0.99,5
8/22/2019 21:00,36028.88,27.78,13.33,0.45,1.45,1.15,5
8/22/2019 22:00,36028.92,27.22,15.26,0.45,3.32,1.31,5
8/22/2019 23:00,36028.97,25,10.82,0.45,0.58,1.3,5
8/23/2019 0:00,36029,26.11,13.58,1.34,2.02,1.64,5
8/23/2019 1:00,36029.04,25.56,15.83,1.34,1.55,1.81,5
8/23/2019 2:00,36029.08,26.11,15.17,0.45,3.6,1.97,5
8/23/2019 3:00,36029.13,25,14.44,1.79,1.78,2.14,5
8/23/2019 4:00,36029.17,25.56,16.4,1.34,1.83,2.3,5
8/23/2019 5:00,36029.21,24.44,15.35,1.34,1.57,2.46,5
8/23/2019 6:00,36029.25,25.56,16.94,1.34,1.9,2.63,19
8/23/2019 7:00,36029.29,28.89,17.44,0.89,0.84,2.79,138
8/23/2019 8:00,36029.34,29.44,18.57,1.34,0.58,2.96,313
8/23/2019 9:00,36029.38,35,17.35,0.89,4.05,3.12,489
8/23/2019 10:00,36029.42,35.56,15.94,1.79,4.03,3.29,639
8/23/2019 11:00,36029.46,37.22,16.36,0.45,4.59,3.45,744
8/23/2019 12:00,36029.5,40.56,17.54,0.45,4.59,3.61,806
8/23/2019 13:00,36029.55,40,15.82,0.45,2.76,1.88,809
8/23/2019 14:00,36029.59,40.56,14.95,0.45,3.75,0,755
8/23/2019 15:00,36029.63,42.22,16.36,0.89,4.07,0.17,642
8/23/2019 16:00,36029.67,41.11,14.7,1.34,4.63,0.35,502
8/23/2019 17:00,36029.71,40,13.77,0.45,2.83,0.52,338
8/23/2019 18:00,36029.76,36.67,14.2,0.45,4.12,0.69,122
8/23/2019 19:00,36029.8,32.22,12.52,0.45,4.08,0.86,15
8/23/2019 20:00,36029.84,30,12.01,0,5.03,1.04,5
8/23/2019 21:00,36029.88,28.89,13.95,0.45,4.47,1.21,5
8/23/2019 22:00,36029.92,26.11,13.91,0.45,3.75,1.38,5
8/23/2019 23:00,36029.97,26.67,13.75,0.89,1.43,1.48,5
8/24/2019 0:00,36030,25,14.74,0.45,5.38,1.73,5
8/24/2019 1:00,36030.04,23.89,13.7,0.45,5.01,1.9,5
8/24/2019 2:00,36030.08,23.89,14.28,0.89,4.54,2.07,5
8/24/2019 3:00,36030.13,22.22,13.27,0.45,4.52,2.25,5
8/24/2019 4:00,36030.17,22.78,14.32,0.89,4.42,2.42,5
8/24/2019 5:00,36030.21,22.22,14.31,0.89,4.26,2.59,5
8/24/2019 6:00,36030.25,23.89,15.37,0.89,1.92,2.76,18
8/24/2019 7:00,36030.29,24.44,15.62,0.89,4.35,2.94,130
8/24/2019 8:00,36030.34,28.89,17.12,1.34,4.69,3.11,303
8/24/2019 9:00,36030.38,33.33,16.31,1.79,4.28,3.28,481
8/24/2019 10:00,36030.42,35.56,15.44,1.34,2.39,3.46,633
8/24/2019 11:00,36030.46,36.11,14.3,0.45,4.31,3.63,742
8/24/2019 12:00,36030.5,38.89,16.7,0.45,1.78,3.8,796
8/24/2019 13:00,36030.55,40,17.66,0.45,5.04,2.27,798
8/24/2019 14:00,36030.59,39.44,16.59,1.79,4.12,0,751
8/24/2019 15:00,36030.63,42.78,17.52,0.45,4.56,0.17,645
8/24/2019 16:00,36030.67,42.22,16.36,1.34,4.61,0.35,499
8/24/2019 17:00,36030.71,40,15.16,1.79,4.38,0.52,323
8/24/2019 18:00,36030.76,37.22,14.07,0.89,3.46,0.69,112
8/24/2019 19:00,36030.8,31.67,12.04,0.89,3.56,0.86,16
8/24/2019 20:00,36030.84,29.44,11.97,0.45,4,1.04,5
8/24/2019 21:00,36030.88,27.78,11.77,0.45,5.11,1.21,5
8/24/2019 22:00,36030.92,26.11,11.82,0.89,3.51,1.38,5
8/24/2019 23:00,36030.97,25,14.14,0.89,4.73,1.55,5
8/25/2019 0:00,36031,25,11.88,0.89,2.58,1.73,5
8/25/2019 1:00,36031.04,23.89,11.54,0.45,4.43,1.9,5
8/25/2019 2:00,36031.08,23.89,12.19,0.45,4.96,2.07,5
8/25/2019 3:00,36031.13,23.33,11.99,0.45,5.13,2.24,5
8/25/2019 4:00,36031.17,22.22,11.27,1.34,4.12,2.42,6
8/25/2019 5:00,36031.21,23.33,12.29,1.34,3.87,2.59,6
8/25/2019 6:00,36031.25,23.33,12.6,0.89,4.31,2.76,19
8/25/2019 7:00,36031.29,24.44,13.01,0.89,4.76,2.94,130
8/25/2019 8:00,36031.34,30.56,15.46,0.45,3.8,3.11,304
8/25/2019 9:00,36031.38,31.67,15.66,0.45,4.21,3.28,475
8/25/2019 10:00,36031.42,32.78,15.38,0.89,4.68,3.45,623
8/25/2019 11:00,36031.46,35,15.46,0.89,3.79,3.63,734
8/25/2019 12:00,36031.5,38.33,16.22,0.89,5.34,3.8,794
8/25/2019 13:00,36031.55,39.44,14.01,1.34,4.05,2.13,799
8/25/2019 14:00,36031.59,42.22,14.1,0.45,3.86,0,752
8/25/2019 15:00,36031.63,42.78,13.74,1.34,3.86,0.2,649
8/25/2019 16:00,36031.67,42.78,14.56,1.79,4.68,0.4,500
8/25/2019 17:00,36031.71,40.56,14.24,0.89,4.14,0.61,321
8/25/2019 18:00,36031.76,36.67,12.98,0.89,3.49,0.81,97
8/25/2019 19:00,36031.8,33.33,12.98,1.34,3.74,1.01,14
8/25/2019 20:00,36031.84,31.11,12.05,0.45,5.48,1.21,5
8/25/2019 21:00,36031.88,30,12.01,0.45,5.62,1.41,5
8/25/2019 22:00,36031.92,29.44,12.41,0.45,4.87,1.61,5
8/25/2019 23:00,36031.97,25.56,12.04,0.89,4.63,1.55,5
8/26/2019 0:00,36032,26.11,11.45,0.45,1.08,2.02,5
8/26/2019 1:00,36032.04,23.89,10.17,0.89,4.66,2.22,5
8/26/2019 2:00,36032.08,23.33,10.02,0.45,3.96,2.42,5
8/26/2019 3:00,36032.13,23.89,10.87,0.45,5.01,2.62,5
8/26/2019 4:00,36032.17,24.44,10.67,0.89,1.75,2.82,6
8/26/2019 5:00,36032.21,23.89,13.7,0.89,1.4,3.03,5
8/26/2019 6:00,36032.25,25,15.87,1.34,1.33,3.23,18
8/26/2019 7:00,36032.29,28.33,16.92,1.79,1.55,3.43,135
8/26/2019 8:00,36032.34,31.67,16.07,1.34,4.05,3.63,309
8/26/2019 9:00,36032.38,33.89,15.91,4.02,3.74,3.83,485
8/26/2019 10:00,36032.42,34.44,15.94,1.34,4.01,4.03,633
8/26/2019 11:00,36032.46,37.78,16.85,0.89,3.49,4.24,747
8/26/2019 12:00,36032.5,38.89,16.11,0.89,4.73,4.44,762
8/26/2019 13:00,36032.55,39.44,16.59,1.79,6.28,4.17,728
8/26/2019 14:00,36032.59,41.67,16.58,0.45,3.63,0,748
8/26/2019 15:00,36032.63,41.11,13.96,0.89,4.24,0.17,616
8/26/2019 16:00,36032.67,41.67,13.64,1.34,4.99,0.34,417
8/26/2019 17:00,36032.71,38.89,11.33,0.89,0.33,0.52,274
8/26/2019 18:00,36032.76,36.11,9.78,1.34,4.56,0.69,106
8/26/2019 19:00,36032.8,33.33,10.74,1.34,5.36,0.86,14
8/26/2019 20:00,36032.84,31.11,11.04,0.45,5.72,1.03,5
8/26/2019 21:00,36032.88,30.56,10.56,1.79,6.2,1.21,5
8/26/2019 22:00,36032.92,30,11.07,0.45,5.08,1.38,5
8/26/2019 23:00,36032.97,27.22,11.67,0.89,4.5,1.82,5
8/27/2019 0:00,36033,25.56,11.68,0.45,3.75,1.72,5
8/27/2019 1:00,36033.04,27.22,14.6,1.34,1.69,1.9,5
8/27/2019 2:00,36033.08,26.11,14.23,0.89,1.52,2.07,5
8/27/2019 3:00,36033.13,25,11.88,0.45,2.65,2.24,5
8/27/2019 4:00,36033.17,25.56,14.35,1.79,1.66,2.41,5
8/27/2019 5:00,36033.21,25.56,14.35,2.24,1.55,2.58,5
8/27/2019 6:00,36033.25,26.11,14.55,2.68,1.8,2.76,16
8/27/2019 7:00,36033.29,28.89,16.46,1.79,1.59,2.93,128
8/27/2019 8:00,36033.34,31.67,15.66,0.89,4.94,3.1,302
8/27/2019 9:00,36033.38,33.89,14.97,0.89,4.36,3.27,478
8/27/2019 10:00,36033.42,36.67,15.88,1.34,4.97,3.45,625
8/27/2019 11:00,36033.46,38.33,15.02,1.79,4.49,3.62,733
8/27/2019 12:00,36033.5,39.44,14.69,1.79,4.99,3.79,790
8/27/2019 13:00,36033.55,40.56,14.24,1.79,4.85,2.05,796
8/27/2019 14:00,36033.59,41.67,11.96,0.89,4.96,0,746
8/27/2019 15:00,36033.63,43.89,12.87,0.89,1.61,0.16,641
8/27/2019 16:00,36033.67,42.78,11.97,0.89,3.51,0.32,490
8/27/2019 17:00,36033.71,40.56,9.2,1.34,4.07,0.48,316
8/27/2019 18:00,36033.76,37.78,4.91,1.79,5.2,0.64,96
8/27/2019 19:00,36033.8,32.78,4.66,0.89,4.01,0.81,13
8/27/2019 20:00,36033.84,31.11,6.97,0.89,5.25,0.97,4
8/27/2019 21:00,36033.88,28.89,6.93,0.89,4.24,1.13,5
8/27/2019 22:00,36033.92,27.22,7.65,0.45,3.02,1.29,5
8/27/2019 23:00,36033.97,27.22,10.44,0.89,4.73,1.55,5
8/28/2019 0:00,36034,27.22,9.56,2.24,1.73,1.61,5
8/28/2019 1:00,36034.04,28.33,13.07,2.24,1.55,1.77,5
8/28/2019 2:00,36034.08,26.11,9.87,0.89,3.96,1.93,5
8/28/2019 3:00,36034.13,23.89,8.68,1.34,4.43,2.09,5
8/28/2019 4:00,36034.17,23.33,9.67,0.45,1.12,2.26,6
8/28/2019 5:00,36034.21,25.56,13.72,1.79,1.95,2.42,5
8/28/2019 6:00,36034.25,25.56,12.73,0.89,2.06,2.58,16
8/28/2019 7:00,36034.29,26.11,10.67,0.89,4.33,2.74,127
8/28/2019 8:00,36034.34,28.33,12.26,1.34,3.96,2.9,299
8/28/2019 9:00,36034.38,33.33,13.49,1.34,4.5,3.06,478
8/28/2019 10:00,36034.42,34.44,13.41,0.89,4.07,3.22,629
8/28/2019 11:00,36034.46,35,10.92,0.45,4.78,3.38,740
8/28/2019 12:00,36034.5,37.78,11.17,0.89,3.98,3.54,798
8/28/2019 13:00,36034.55,40,11.45,1.34,4.5,1.72,800
8/28/2019 14:00,36034.59,42.22,11.51,0.45,2.78,0,745
8/28/2019 15:00,36034.63,43.33,10.43,0.89,2.13,0.15,645
8/28/2019 16:00,36034.67,42.78,9.98,1.34,6.09,0.3,495
8/28/2019 17:00,36034.71,40.56,5.98,1.34,4.75,0.45,323
8/28/2019 18:00,36034.76,37.22,6.5,0.45,3.12,0.6,98
8/28/2019 19:00,36034.8,31.67,5.33,0.89,4.35,0.75,13
8/28/2019 20:00,36034.84,28.33,5.26,1.79,4.78,0.9,5
8/28/2019 21:00,36034.88,27.22,7.14,0.89,4.66,1.05,5
8/28/2019 22:00,36034.92,24.44,7.1,0.45,5.1,1.2,5
8/28/2019 23:00,36034.97,26.11,8.58,0.89,4.83,1.45,5
8/29/2019 0:00,36035,22.22,7.94,0.45,3.98,1.5,6
8/29/2019 1:00,36035.04,20.56,7.49,0.89,4.5,1.65,5
8/29/2019 2:00,36035.08,21.11,8.67,0.89,4.45,1.8,5
8/29/2019 3:00,36035.13,19.44,8.09,0.45,3,1.95,5
8/29/2019 4:00,36035.17,20.56,8.8,0.45,4.21,2.1,5
8/29/2019 5:00,36035.21,18.89,7.88,0.89,4.4,2.25,5
8/29/2019 6:00,36035.25,19.44,8.4,1.34,4.43,2.4,15
8/29/2019 7:00,36035.29,20.56,9.72,0.45,4.03,2.55,132
8/29/2019 8:00,36035.34,25,12.22,0.45,4.56,2.7,309
8/29/2019 9:00,36035.38,27.22,12.83,1.79,3.84,2.85,486
8/29/2019 10:00,36035.42,30.56,13.83,0.45,1.36,3,639
8/29/2019 11:00,36035.46,32.22,13.02,0.89,4.08,3.15,748
8/29/2019 12:00,36035.5,34.44,12.86,0.89,5.52,3.3,805
8/29/2019 13:00,36035.55,36.67,12.98,0.89,3.93,0.77,810
8/29/2019 14:00,36035.59,39.44,13.3,0.89,4.43,0,759
8/29/2019 15:00,36035.63,40.56,14.95,1.34,4.14,0.15,652
8/29/2019 16:00,36035.67,39.44,14.01,0.45,2.83,0.29,503
8/29/2019 17:00,36035.71,37.22,14.07,1.34,4.52,0.44,323
8/29/2019 18:00,36035.76,33.89,12.37,0.89,3.86,0.58,94
8/29/2019 19:00,36035.8,29.44,12.84,0.89,4.5,0.73,12
8/29/2019 20:00,36035.84,26.67,11.95,0.45,3.84,0.88,5
8/29/2019 21:00,36035.88,25,12.56,0.89,4.28,1.02,5
8/29/2019 22:00,36035.92,22.78,12.67,0.45,4.38,1.17,5
8/29/2019 23:00,36035.97,22.78,7.29,1.34,4.22,1.35,5
8/30/2019 0:00,36036,20,11.7,0.45,4.85,1.46,6
8/30/2019 1:00,36036.04,18.89,11.41,0.89,4.83,1.6,5
8/30/2019 2:00,36036.08,18.89,11.89,1.34,4.61,1.75,5
8/30/2019 3:00,36036.13,17.22,10.77,0.45,4.75,1.9,5
8/30/2019 4:00,36036.17,17.22,11.22,1.34,4.36,2.04,6
8/30/2019 5:00,36036.21,16.67,11.13,0.45,4.35,2.19,6
8/30/2019 6:00,36036.25,16.11,10.38,1.34,4.61,2.33,16
8/30/2019 7:00,36036.29,20.56,12.99,0.89,4.43,2.48,133
8/30/2019 8:00,36036.34,24.44,15.08,0.89,3.82,2.63,309
8/30/2019 9:00,36036.38,27.22,14.93,2.24,3.94,2.77,487
8/30/2019 10:00,36036.42,30,15.34,1.34,2.48,2.92,640
8/30/2019 11:00,36036.46,32.78,16.24,1.79,4.01,3.06,749
8/30/2019 12:00,36036.5,33.89,15.45,0.89,5.71,3.21,806
8/30/2019 13:00,36036.55,36.11,16.93,0.89,1.29,0.53,809
8/30/2019 14:00,36036.59,37.78,15.74,1.34,4.08,0,756
8/30/2019 15:00,36036.63,39.44,15.98,1.79,4.63,0.13,649
8/30/2019 16:00,36036.67,38.33,14.4,2.24,4.03,0.26,502
8/30/2019 17:00,36036.71,36.11,13.12,0.89,0.37,0.39,324
8/30/2019 18:00,36036.76,33.33,13.49,1.34,4.54,0.52,87
8/30/2019 19:00,36036.8,28.89,12.34,0.45,3.33,0.65,12
8/30/2019 20:00,36036.84,26.11,11.45,0.45,5.55,0.78,5
8/30/2019 21:00,36036.88,26.67,12.69,1.34,4.54,0.91,5
8/30/2019 22:00,36036.92,24.44,12.7,0.45,0.66,1.04,5
8/30/2019 23:00,36036.97,22.22,13.27,0.89,4.49,1.31,6
8/31/2019 0:00,36037,22.78,12.67,1.34,3.96,1.31,6
8/31/2019 1:00,36037.04,21.11,11.95,0.45,4.26,1.44,5
8/31/2019 2:00,36037.08,21.11,12.49,0.45,2.74,1.57,5
8/31/2019 3:00,36037.13,20.56,11.97,0.89,4.05,1.7,5
8/31/2019 4:00,36037.17,21.11,13.76,0.89,1.03,1.83,5
8/31/2019 5:00,36037.21,22.78,15.34,1.79,1.88,1.96,5
8/31/2019 6:00,36037.25,23.33,15.11,1.79,1.73,2.09,15
8/31/2019 7:00,36037.29,26.11,15.48,2.24,1.59,2.22,134
8/31/2019 8:00,36037.34,30,16.44,0.89,1.54,2.35,314
8/31/2019 9:00,36037.38,33.33,17.16,0.89,3.98,2.48,493
8/31/2019 10:00,36037.42,32.78,15.38,1.34,3.67,2.61,643
8/31/2019 11:00,36037.46,36.11,15.92,0.89,4.57,2.74,754
8/31/2019 12:00,36037.5,37.22,14.67,0.45,2.37,2.87,815
8/31/2019 13:00,36037.55,39.44,14.69,0.89,4.64,0,819
8/31/2019 14:00,36037.59,40.56,13.49,0.89,4.99,0,760
8/31/2019 15:00,36037.63,41.11,11.51,0.89,4.31,0.14,658
8/31/2019 16:00,36037.67,40,9.7,1.34,4.05,0.29,511
8/31/2019 17:00,36037.71,38.33,6.41,1.34,4.47,0.43,330
8/31/2019 18:00,36037.76,36.67,6.98,0.89,4.31,0.58,83
8/31/2019 19:00,36037.8,29.44,3.48,0.89,4.83,0.72,11
8/31/2019 20:00,36037.84,27.78,1.35,0.45,4.78,0.87,5
8/31/2019 21:00,36037.88,28.33,3.28,0.45,4.4,1.01,5
8/31/2019 22:00,36037.92,27.22,10,1.79,1.75,1.16,5
8/31/2019 23:00,36037.97,23.89,13.7,0.89,1.73,1.18,5
9/1/2019 0:00,36038,26.11,9.45,1.34,1.27,1.45,5
9/1/2019 1:00,36038.04,26.11,10.67,2.24,1.59,1.59,6
9/1/2019 2:00,36038.08,25,9.68,1.79,1.66,1.74,5
9/1/2019 3:00,36038.13,25.56,11.68,2.68,1.76,1.88,5
9/1/2019 4:00,36038.17,23.33,7.39,0.89,4.54,2.02,6
9/1/2019 5:00,36038.21,23.33,10.7,1.79,1.57,2.17,5
9/1/2019 6:00,36038.25,24.44,11.03,3.13,1.54,2.31,14
9/1/2019 7:00,36038.29,27.22,10.86,1.34,1.94,2.46,129
9/1/2019 8:00,36038.34,32.22,12.01,0.45,4.92,2.6,309
9/1/2019 9:00,36038.38,33.89,9.97,0.89,5.32,2.75,488
9/1/2019 10:00,36038.42,35.56,10.73,0.45,5.18,2.89,638
9/1/2019 11:00,36038.46,38.89,12.84,1.34,0.26,3.04,747
9/1/2019 12:00,36038.5,39.44,11.79,0.89,4.64,3.18,802
9/1/2019 13:00,36038.55,40.56,12.72,0.89,3.96,0.43,804
9/1/2019 14:00,36038.59,41.67,11.96,1.34,4.89,0,752
9/1/2019 15:00,36038.63,42.22,9.54,0.89,3.21,0.16,650
9/1/2019 16:00,36038.67,40.56,9.2,0.89,3.07,0.33,489
9/1/2019 17:00,36038.71,38.89,8.79,1.79,4.64,0.49,255
9/1/2019 18:00,36038.76,36.67,8.69,0.89,4.57,0.66,86
9/1/2019 19:00,36038.8,31.11,6.3,0.45,3.93,0.82,12
9/1/2019 20:00,36038.84,31.11,6.3,0.89,0.07,0.99,5
9/1/2019 21:00,36038.88,29.44,7.41,0.45,4.5,1.15,5
9/1/2019 22:00,36038.92,27.78,10.05,1.79,1.55,1.31,5
9/1/2019 23:00,36038.97,26.11,8.58,1.79,1.69,1.3,5
9/2/2019 0:00,36039,26.67,8.61,1.34,2.18,1.64,5
9/2/2019 1:00,36039.04,25.56,10.57,0.45,3.74,1.81,5
9/2/2019 2:00,36039.08,25.56,10.18,1.34,1.94,1.97,5
9/2/2019 3:00,36039.13,25.56,12.73,1.79,1.62,2.14,5
9/2/2019 4:00,36039.17,25.56,12.73,1.79,1.55,2.3,5
9/2/2019 5:00,36039.21,24.44,12.05,1.34,1.66,2.47,5
9/2/2019 6:00,36039.25,25.56,13.07,2.24,1.48,2.63,12
9/2/2019 7:00,36039.29,26.11,9.87,1.34,1.59,2.79,42
9/2/2019 8:00,36039.34,29.44,13.67,1.79,0.66,2.96,266
9/2/2019 9:00,36039.38,35,13.34,0.45,1.62,3.12,523
9/2/2019 10:00,36039.42,38.89,14.87,0.89,4.94,3.29,604
9/2/2019 11:00,36039.46,38.33,13.07,1.34,4.47,3.45,730
9/2/2019 12:00,36039.5,40,12.26,1.79,4.92,3.62,783
9/2/2019 13:00,36039.55,40.56,10.15,1.79,5.01,2.06,780
9/2/2019 14:00,36039.59,42.78,11.97,1.34,5.06,0,738
9/2/2019 15:00,36039.63,42.22,10.55,0.45,5.57,0.17,590
9/2/2019 16:00,36039.67,45.56,14.23,0.89,4.5,0.34,455
9/2/2019 17:00,36039.71,40,8.75,0.89,5.39,0.51,298
9/2/2019 18:00,36039.76,35.56,8.56,0.89,5.93,0.69,92
9/2/2019 19:00,36039.8,32.22,8.56,0.89,3.93,0.86,11
9/2/2019 20:00,36039.84,30.56,9.49,1.34,4.73,1.03,5
9/2/2019 21:00,36039.88,28.33,9.12,0.45,3.65,1.2,5
9/2/2019 22:00,36039.92,27.22,10,0.45,4.08,1.37,5
9/2/2019 23:00,36039.97,27.22,10,1.79,1.47,1.48,5
9/3/2019 0:00,36040,24.44,8.78,0.89,4.57,1.72,5
9/3/2019 1:00,36040.04,22.78,8.07,0.45,5.59,1.89,5
9/3/2019 2:00,36040.08,22.22,8.3,0.89,4.54,2.06,5
9/3/2019 3:00,36040.13,23.33,10.02,0.45,5.01,2.23,6
9/3/2019 4:00,36040.17,24.44,13.93,1.79,1.29,2.4,5
9/3/2019 5:00,36040.21,22.22,10.33,1.34,4.01,2.57,5
9/3/2019 6:00,36040.25,22.22,9.68,0.89,4.33,2.74,13
9/3/2019 7:00,36040.29,24.44,11.38,0.45,4.21,2.92,117
9/3/2019 8:00,36040.34,28.89,13.17,0.89,3.54,3.09,288
9/3/2019 9:00,36040.38,31.11,12.53,0.45,2.51,3.26,465
9/3/2019 10:00,36040.42,33.89,13.46,1.34,4.22,3.43,614
9/3/2019 11:00,36040.46,35,13.89,0.89,5.24,3.6,719
9/3/2019 12:00,36040.5,36.11,13.12,0.45,4.92,3.77,774
9/3/2019 13:00,36040.55,39.44,14.01,0.45,0.68,2.11,776
9/3/2019 14:00,36040.59,40.56,13.49,0.45,3.61,0,723
9/3/2019 15:00,36040.63,42.22,12.42,0.89,3.79,0.16,621
9/3/2019 16:00,36040.67,41.11,10.61,0.89,2.53,0.32,473
9/3/2019 17:00,36040.71,37.78,8.77,0.45,3.54,0.49,294
9/3/2019 18:00,36040.76,35,8.1,0.89,4.97,0.65,76
9/3/2019 19:00,36040.8,31.11,6.3,0.45,4.14,0.81,10
9/3/2019 20:00,36040.84,29.44,4.9,0.45,5.27,0.97,5
9/3/2019 21:00,36040.88,27.22,5.5,1.34,4.1,1.13,5
9/3/2019 22:00,36040.92,26.11,6.18,0.89,2.53,1.29,5
9/3/2019 23:00,36040.97,25,9.28,0.45,4.21,1.54,5
9/4/2019 0:00,36041,25,6.68,0.89,4.08,1.62,5
9/4/2019 1:00,36041.04,23.33,7.39,0.89,4.05,1.78,5
9/4/2019 2:00,36041.08,23.33,7.79,0.45,5.24,1.94,5
9/4/2019 3:00,36041.13,23.33,10.36,1.34,1.43,2.1,6
9/4/2019 4:00,36041.17,25,13.21,2.68,1.9,2.27,6
9/4/2019 5:00,36041.21,25.56,13.4,2.24,1.64,2.43,6
9/4/2019 6:00,36041.25,24.44,12.38,0.89,2.65,2.59,12
9/4/2019 7:00,36041.29,26.67,14.09,1.34,1.01,2.75,113
9/4/2019 8:00,36041.34,30.56,14.25,1.34,0.68,2.91,292
9/4/2019 9:00,36041.38,33.33,12.98,0.89,2.79,3.08,459
9/4/2019 10:00,36041.42,35.56,13.82,0.89,0.7,3.24,618
9/4/2019 11:00,36041.46,35,12.76,1.34,4.01,3.4,571
9/4/2019 12:00,36041.5,37.78,11.9,0.89,3.53,3.56,780
9/4/2019 13:00,36041.55,40,11.45,0.45,3.77,3.36,738
9/4/2019 14:00,36041.59,42.78,12.88,0.89,4.01,0,716
9/4/2019 15:00,36041.63,42.22,13.28,0.89,1.48,0.44,615
9/4/2019 16:00,36041.67,41.67,11.06,0.45,4.15,0.88,463
9/4/2019 17:00,36041.71,40.56,9.2,1.34,4.59,1.32,284
9/4/2019 18:00,36041.76,36.11,7.4,0.89,4.4,1.76,79
9/4/2019 19:00,36041.8,31.67,6.77,0.45,4.87,2.2,9
9/4/2019 20:00,36041.84,30.56,8.94,0.45,4.8,2.64,5
9/4/2019 21:00,36041.88,28.89,6.93,0.45,2.65,3.08,5
9/4/2019 22:00,36041.92,28.89,11.48,1.79,1.85,3.52,5
9/4/2019 23:00,36041.97,26.11,7.18,0.89,3.98,1.46,5
9/5/2019 0:00,36042,26.67,9.51,0.89,3.3,4.4,5
9/5/2019 1:00,36042.04,26.67,10.77,0.89,1.85,4.84,5
9/5/2019 2:00,36042.08,26.67,13.05,0.45,4.19,5.28,5
9/5/2019 3:00,36042.13,25,10.44,0.45,3.89,5.72,5
9/5/2019 4:00,36042.17,25.56,14.04,1.79,1.62,6.16,5
9/5/2019 5:00,36042.21,23.89,9.81,1.34,4.64,6.59,5
9/5/2019 6:00,36042.25,25.56,12.04,1.79,1.82,7.03,10
9/5/2019 7:00,36042.29,26.11,12.19,1.34,4.17,7.47,111
9/5/2019 8:00,36042.34,30,13.34,0.89,4.54,7.91,248
9/5/2019 9:00,36042.38,33.33,12.98,3.58,3.86,8.35,369
9/5/2019 10:00,36042.42,32.78,12.49,3.13,4.1,8.79,393
9/5/2019 11:00,36042.46,34.44,12.28,0.89,3.33,9.23,423
9/5/2019 12:00,36042.5,37.22,14.67,0.45,2.91,9.67,332
9/5/2019 13:00,36042.55,39.44,14.01,0.89,4.54,5.99,608
9/5/2019 14:00,36042.59,41.67,14.42,0.89,4.33,0,732
9/5/2019 15:00,36042.63,41.67,12.82,1.34,4.82,0.17,619
9/5/2019 16:00,36042.67,38.89,11.33,0.89,4.45,0.34,402
9/5/2019 17:00,36042.71,40.56,11.9,0.89,4.22,0.51,259
9/5/2019 18:00,36042.76,35,10.92,0.45,4.07,0.69,92
9/5/2019 19:00,36042.8,31.11,9.42,0.45,4.31,0.86,9
9/5/2019 20:00,36042.84,30,10.07,0.45,2.84,1.03,5
9/5/2019 21:00,36042.88,27.78,10.05,0.45,4.1,1.2,5
9/5/2019 22:00,36042.92,26.67,9.94,0.89,4.26,1.37,5
9/5/2019 23:00,36042.97,28.89,9.11,1.79,1.97,3.96,5
9/6/2019 0:00,36043,23.89,6.61,0.89,4.29,1.72,5
9/6/2019 1:00,36043.04,22.22,5.14,0.45,4.36,1.89,5
9/6/2019 2:00,36043.08,22.22,7.57,0.89,1.88,2.06,6
9/6/2019 3:00,36043.13,21.67,6.69,0.45,4.73,2.23,6
9/6/2019 4:00,36043.17,21.67,7.07,0.45,4.56,2.4,5
9/6/2019 5:00,36043.21,21.67,7.44,0.89,4.36,2.57,5
9/6/2019 6:00,36043.25,20.56,6.79,1.34,4.47,2.75,9
9/6/2019 7:00,36043.29,23.89,9.07,0.89,4.47,2.92,106
9/6/2019 8:00,36043.34,29.44,12.41,0.45,2.72,3.09,274
9/6/2019 9:00,36043.38,31.11,12.53,1.79,0.7,3.26,451
9/6/2019 10:00,36043.42,32.22,11.48,2.24,4.07,3.43,602
9/6/2019 11:00,36043.46,35.56,13.24,0.89,3.21,3.6,708
9/6/2019 12:00,36043.5,35.56,12.03,1.34,3.79,3.77,766
9/6/2019 13:00,36043.55,37.78,11.9,1.79,4.78,1.93,771
9/6/2019 14:00,36043.59,41.11,13.18,0.89,4.36,0,715
9/6/2019 15:00,36043.63,41.11,11.51,0.89,4.24,0.22,610
9/6/2019 16:00,36043.67,39.44,10.99,1.79,5.1,0.43,459
9/6/2019 17:00,36043.71,38.33,10.07,0.89,4.42,0.65,282
9/6/2019 18:00,36043.76,34.44,6.85,0.45,3.75,0.87,90
9/6/2019 19:00,36043.8,30.56,4.4,0.89,6.21,1.08,8
9/6/2019 20:00,36043.84,28.89,5.73,0.45,3.87,1.3,5
9/6/2019 21:00,36043.88,28.33,6.46,0.89,4.52,1.52,5
9/6/2019 22:00,36043.92,24.44,5.72,0,3.47,1.73,5
9/6/2019 23:00,36043.97,25.56,9.37,0.89,4.4,1.54,5
9/7/2019 0:00,36044,22.78,6.89,0.45,5.1,2.17,6
9/7/2019 1:00,36044.04,21.67,8.5,0.45,1.1,2.38,6
9/7/2019 2:00,36044.08,21.67,7.8,0.45,2.11,2.6,5
9/7/2019 3:00,36044.13,21.11,7.65,1.34,4.4,2.82,5
9/7/2019 4:00,36044.17,21.11,8.67,0.89,2.64,3.03,5
9/7/2019 5:00,36044.21,21.67,11.35,0.89,0.66,3.25,6
9/7/2019 6:00,36044.25,18.33,8.25,1.34,2.39,3.47,11
9/7/2019 7:00,36044.29,21.67,10.75,1.34,1.26,3.68,116
9/7/2019 8:00,36044.34,25.56,12.04,0.89,3.63,3.9,293
9/7/2019 9:00,36044.38,27.78,10.93,0.45,5.41,4.12,470
9/7/2019 10:00,36044.42,33.33,13.49,0.45,3.72,4.33,609
9/7/2019 11:00,36044.46,33.89,11.81,0.89,3.39,4.55,678
9/7/2019 12:00,36044.5,35,11.55,1.79,3.44,4.77,717
9/7/2019 13:00,36044.55,35,10.26,2.24,4.82,3.43,727
9/7/2019 14:00,36044.59,35,10.92,1.79,4.78,1.98,663
9/7/2019 15:00,36044.63,37.78,10.41,1.34,4.22,2.01,624
9/7/2019 16:00,36044.67,33.89,7.18,4.02,5.67,2.05,483
9/7/2019 17:00,36044.71,28.89,8.05,1.34,5.34,2.08,290
9/7/2019 18:00,36044.76,25.56,8.52,2.24,5.48,2.12,89
9/7/2019 19:00,36044.8,22.22,7.94,0.45,4.28,2.15,9
9/7/2019 20:00,36044.84,20.56,8.48,1.34,4.9,2.19,5
9/7/2019 21:00,36044.88,17.78,7.73,0.89,4.73,2.22,6
9/7/2019 22:00,36044.92,17.22,8.83,1.34,3.67,2.26,6
9/7/2019 23:00,36044.97,25,7.14,0.89,4.42,1.95,5
9/8/2019 0:00,36045,15,8.65,0.89,4.26,2.33,6
9/8/2019 1:00,36045.04,14.44,8.99,0.45,3.82,2.36,6
9/8/2019 2:00,36045.08,12.78,7.81,0.89,3.09,2.4,6
9/8/2019 3:00,36045.13,13.89,9.29,0.89,4.14,2.43,6
9/8/2019 4:00,36045.17,13.89,9.49,0.89,3.98,2.47,6
9/8/2019 5:00,36045.21,13.33,9.35,1.34,3.87,2.5,6
9/8/2019 6:00,36045.25,13.89,9.69,0.89,2.27,2.54,11
9/8/2019 7:00,36045.29,17.22,11.22,0.89,2.9,2.57,116
9/8/2019 8:00,36045.34,22.78,14.32,0.89,1.55,2.61,297
9/8/2019 9:00,36045.38,22.22,12.72,0.45,3.54,2.64,478
9/8/2019 10:00,36045.42,25,13.53,1.34,4.82,2.68,630
9/8/2019 11:00,36045.46,26.67,12.69,0.89,3.74,2.71,739
9/8/2019 12:00,36045.5,28.33,11.85,1.34,1.1,2.75,797
9/8/2019 13:00,36045.55,30,12.01,1.79,4.45,0,797
9/8/2019 14:00,36045.59,31.67,11.52,0.89,4.71,0,744
9/8/2019 15:00,36045.63,32.22,10.37,1.34,4.78,0.13,631
9/8/2019 16:00,36045.67,31.67,11,1.79,3.91,0.26,473
9/8/2019 17:00,36045.71,29.44,10.58,1.34,4.36,0.38,288
9/8/2019 18:00,36045.76,26.11,9.45,1.34,3.96,0.51,90
9/8/2019 19:00,36045.8,22.78,8.8,0.45,0.02,0.64,9
9/8/2019 20:00,36045.84,21.67,8.84,0.45,4.73,0.77,5
9/8/2019 21:00,36045.88,22.22,10.01,1.79,6.18,0.9,6
9/8/2019 22:00,36045.92,21.11,9.63,0.45,0.47,1.02,5
9/8/2019 23:00,36045.97,16.11,8.77,0.89,4.99,2.29,6
9/9/2019 0:00,36046,17.78,9.86,1.34,4.42,1.28,6
9/9/2019 1:00,36046.04,16.67,9.3,0.45,4.21,1.41,6
9/9/2019 2:00,36046.08,17.22,10.07,0.89,3.96,1.53,6
9/9/2019 3:00,36046.13,17.22,10.3,0.45,3.65,1.66,6
9/9/2019 4:00,36046.17,16.11,9.71,0.89,3.93,1.79,6
9/9/2019 5:00,36046.21,16.11,10.16,1.34,2.08,1.92,6
9/9/2019 6:00,36046.25,18.33,11.6,0.89,1.9,2.05,11
9/9/2019 7:00,36046.29,17.22,9.83,0.89,4.1,2.17,117
9/9/2019 8:00,36046.34,21.67,12.74,0.89,4.35,2.3,295
9/9/2019 9:00,36046.38,25,12.56,1.79,4.36,2.43,475
9/9/2019 10:00,36046.42,28.33,13.07,0.45,3.47,2.56,629
9/9/2019 11:00,36046.46,29.44,11.97,0.45,1.31,2.69,737
9/9/2019 12:00,36046.5,30.56,10.56,0.45,3.51,2.81,792
9/9/2019 13:00,36046.55,32.22,10.37,0.89,4.24,0,793
9/9/2019 14:00,36046.59,33.33,8.85,1.79,4.96,0,737
9/9/2019 15:00,36046.63,32.22,8.56,1.34,4.38,0.14,622
9/9/2019 16:00,36046.67,32.22,8.56,1.79,4.05,0.27,466
9/9/2019 17:00,36046.71,30.56,8.36,1.34,5.9,0.41,282
9/9/2019 18:00,36046.76,27.22,6.61,0.89,4.15,0.55,88
9/9/2019 19:00,36046.8,22.78,4.26,0.45,5.34,0.68,8
9/9/2019 20:00,36046.84,22.22,5.99,0.45,3.6,0.82,5
9/9/2019 21:00,36046.88,20.56,5.3,1.34,4.64,0.96,5
9/9/2019 22:00,36046.92,19.44,6.48,1.34,4.69,1.09,5
9/9/2019 23:00,36046.97,18.89,9.87,0.45,5.93,1.15,5
9/10/2019 0:00,36047,16.11,8.04,0.45,1.83,1.37,6
9/10/2019 1:00,36047.04,15.56,8.01,0.45,4,1.5,6
9/10/2019 2:00,36047.08,14.44,7.89,0.89,3.61,1.64,6
9/10/2019 3:00,36047.13,14.44,7.66,0.89,6.14,1.77,6
9/10/2019 4:00,36047.17,13.33,6.83,0.45,3.84,1.91,6
9/10/2019 5:00,36047.21,12.22,6.43,1.34,5.27,2.05,6
9/10/2019 6:00,36047.25,12.78,7.39,0.45,1.82,2.18,12
9/10/2019 7:00,36047.29,15,8.65,0.89,4.56,2.32,113
9/10/2019 8:00,36047.34,21.11,11.95,0.89,4.8,2.46,291
9/10/2019 9:00,36047.38,21.67,10.75,1.34,4.49,2.59,465
9/10/2019 10:00,36047.42,25.56,12.39,0.89,4.71,2.73,618
9/10/2019 11:00,36047.46,27.78,11.35,1.34,4.56,2.87,726
9/10/2019 12:00,36047.5,28.33,9.12,1.34,3.72,3,783
9/10/2019 13:00,36047.55,28.89,8.59,0.89,4.52,0,783
9/10/2019 14:00,36047.59,30.56,9.49,0.89,4.14,0,722
9/10/2019 15:00,36047.63,32.22,9.19,0.89,4.33,0.12,614
9/10/2019 16:00,36047.67,31.11,6.97,0.45,3.14,0.25,461
9/10/2019 17:00,36047.71,29.44,4.9,0.89,4.64,0.37,278
9/10/2019 18:00,36047.76,25,1.81,0.89,3.87,0.49,88
9/10/2019 19:00,36047.8,22.22,3.78,0.89,5.01,0.62,8
9/10/2019 20:00,36047.84,22.22,5.57,1.79,5.59,0.74,5
9/10/2019 21:00,36047.88,20,4.41,0.45,4.05,0.86,5
9/10/2019 22:00,36047.92,17.22,4.12,1.34,4.47,0.99,5
9/10/2019 23:00,36047.97,17.78,8.29,2.68,6.14,1.23,6
9/11/2019 0:00,36048,15.56,6.21,0.89,4.1,1.23,6
9/11/2019 1:00,36048.04,14.44,5.96,0.45,5.45,1.35,6
9/11/2019 2:00,36048.08,15.56,6.21,0.89,2.37,1.48,6
9/11/2019 3:00,36048.13,15,5.7,0.89,2.6,1.6,6
9/11/2019 4:00,36048.17,15,5.7,1.34,4.19,1.72,6
9/11/2019 5:00,36048.21,14.44,6.22,0.89,3.53,1.85,6
9/11/2019 6:00,36048.25,15,6.99,0.45,4.17,1.97,11
9/11/2019 7:00,36048.29,17.78,8.29,1.34,2.57,2.09,113
9/11/2019 8:00,36048.34,23.89,11.54,0.89,3.8,2.22,292
9/11/2019 9:00,36048.38,25.56,8.52,0.89,3.3,2.34,473
9/11/2019 10:00,36048.42,27.78,9.12,1.34,3.89,2.46,627
9/11/2019 11:00,36048.46,28.33,8.62,1.34,3.79,2.59,733
9/11/2019 12:00,36048.5,30.56,8.94,0.89,4.17,2.71,789
9/11/2019 13:00,36048.55,33.33,9.5,0.89,1.75,0,788
9/11/2019 14:00,36048.59,33.33,7.46,1.79,4.43,0,726
9/11/2019 15:00,36048.63,33.89,7.92,0.89,5.53,0.12,612
9/11/2019 16:00,36048.67,34.44,7.64,0.89,5.1,0.25,458
9/11/2019 17:00,36048.71,31.67,8.09,0.89,4.45,0.37,272
9/11/2019 18:00,36048.76,27.22,7.65,0.89,4.14,0.5,83
9/11/2019 19:00,36048.8,23.89,6.61,0.45,2.65,0.62,7
9/11/2019 20:00,36048.84,22.78,7.29,1.34,6.18,0.75,5
9/11/2019 21:00,36048.88,23.89,9.81,0.89,1.01,0.87,5
9/11/2019 22:00,36048.92,22.22,10.01,2.24,1.45,1,5
9/11/2019 23:00,36048.97,16.11,4.72,1.34,4.57,1.11,6
9/12/2019 0:00,36049,22.22,10.65,1.79,1.66,1.24,6
9/12/2019 1:00,36049.04,20,7.97,0.45,1.92,1.37,5
9/12/2019 2:00,36049.08,21.11,10.54,2.24,1.78,1.49,6
9/12/2019 3:00,36049.13,20,8.6,2.24,1.97,1.62,5
9/12/2019 4:00,36049.17,20,8.6,1.79,1.94,1.74,6
9/12/2019 5:00,36049.21,20,9.51,3.13,1.82,1.87,5
9/12/2019 6:00,36049.25,18.89,8.76,2.24,1.5,1.99,10
9/12/2019 7:00,36049.29,21.11,9.94,1.79,1.99,2.12,110
9/12/2019 8:00,36049.34,26.11,11.45,0.89,0.82,2.24,287
9/12/2019 9:00,36049.38,28.33,10.54,1.79,4.52,2.37,467
9/12/2019 10:00,36049.42,30.56,9.49,1.34,5.2,2.49,620
9/12/2019 11:00,36049.46,32.22,9.19,0.89,4.76,2.61,728
9/12/2019 12:00,36049.5,35,10.26,1.79,4.1,2.74,785
9/12/2019 13:00,36049.55,36.67,8.69,1.34,4.89,0,784
9/12/2019 14:00,36049.59,38.89,8.79,0.45,3.96,0,725
9/12/2019 15:00,36049.63,37.78,7.89,1.34,5.04,0.13,614
9/12/2019 16:00,36049.67,37.78,6.95,0.89,4.4,0.27,457
9/12/2019 17:00,36049.71,36.11,5.6,0.45,4.63,0.4,272
9/12/2019 18:00,36049.76,32.22,4.21,0.45,3.09,0.53,82
9/12/2019 19:00,36049.8,28.33,3.28,0.45,4.68,0.67,7
9/12/2019 20:00,36049.84,27.22,8.63,1.34,1.24,0.8,5
9/12/2019 21:00,36049.88,28.33,5.87,3.58,1.38,0.93,6
9/12/2019 22:00,36049.92,26.11,5.11,2.24,2.11,1.07,5
9/12/2019 23:00,36049.97,21.67,9.17,2.24,1.41,1.12,5
9/13/2019 0:00,36050,23.33,3.25,0,5.24,1.33,5
9/13/2019 1:00,36050.04,23.33,10.36,1.34,0.79,1.47,5
9/13/2019 2:00,36050.08,23.33,9.31,2.68,1.83,1.6,5
9/13/2019 3:00,36050.13,25,8.03,3.13,1.8,1.73,5
9/13/2019 4:00,36050.17,22.78,3.78,0.45,3.44,1.87,5
9/13/2019 5:00,36050.21,21.67,2.32,0.89,2.3,2,5
9/13/2019 6:00,36050.25,20,5.93,1.34,1.99,2.13,10
9/13/2019 7:00,36050.29,23.33,9.31,0.45,1.4,2.26,109
9/13/2019 8:00,36050.34,27.78,10.93,0.45,1.87,2.4,287
9/13/2019 9:00,36050.38,30,7.29,0.89,4.5,2.53,469
9/13/2019 10:00,36050.42,33.89,9.32,1.34,3.94,2.66,621
9/13/2019 11:00,36050.46,34.44,9.1,0.89,4.52,2.8,726
9/13/2019 12:00,36050.5,37.22,9.95,1.79,0.33,2.93,776
9/13/2019 13:00,36050.55,38.89,8.79,1.34,3.32,0,780
9/13/2019 14:00,36050.59,40.56,10.15,1.79,4.31,0,724
9/13/2019 15:00,36050.63,41.11,7.57,0.89,4.83,0.12,600
9/13/2019 16:00,36050.67,40,6.68,0.45,4.49,0.24,444
9/13/2019 17:00,36050.71,37.78,3.79,0.45,3.82,0.36,265
9/13/2019 18:00,36050.76,32.78,-0.17,0.89,3.42,0.48,88
9/13/2019 19:00,36050.8,30,2.38,0.45,6.02,0.6,7
9/13/2019 20:00,36050.84,30,1.54,0.89,5.9,0.72,5
9/13/2019 21:00,36050.88,28.33,5.87,1.79,1.78,0.84,5
9/13/2019 22:00,36050.92,26.11,6.69,2.24,1.26,0.97,5
9/13/2019 23:00,36050.97,24.44,3.12,0.45,5.38,1.2,5
9/14/2019 0:00,36051,25,5.72,4.02,1.57,1.21,5
9/14/2019 1:00,36051.04,24.44,7.1,2.24,1.76,1.33,5
9/14/2019 2:00,36051.08,25,7.14,2.24,1.45,1.45,5
9/14/2019 3:00,36051.13,23.89,3.73,1.34,3.65,1.57,5
9/14/2019 4:00,36051.17,22.22,7.57,2.68,1.41,1.69,5
9/14/2019 5:00,36051.21,22.22,6.4,2.24,1.48,1.81,5
9/14/2019 6:00,36051.25,22.78,6.48,2.68,1.59,1.93,10
9/14/2019 7:00,36051.29,25,8.46,2.68,1.26,2.05,107
9/14/2019 8:00,36051.34,27.78,8.14,2.24,1.57,2.17,279
9/14/2019 9:00,36051.38,33.33,8.85,1.34,4.9,2.29,467
9/14/2019 10:00,36051.42,36.11,8.23,0.89,4,2.41,624
9/14/2019 11:00,36051.46,36.67,8.69,0.45,3.91,2.53,730
9/14/2019 12:00,36051.5,38.89,8.79,1.79,4.29,2.66,781
9/14/2019 13:00,36051.55,40,6.68,0.89,4.73,0,784
9/14/2019 14:00,36051.59,41.67,8.01,1.34,4.24,0,723
9/14/2019 15:00,36051.63,42.78,6.49,0.45,1.59,0.29,607
9/14/2019 16:00,36051.67,41.67,5.62,0.45,4.68,0.57,446
9/14/2019 17:00,36051.71,40,4.31,0.45,4.07,0.86,265
9/14/2019 18:00,36051.76,34.44,2.25,0.45,3.77,1.15,81
9/14/2019 19:00,36051.8,30,2.38,1.34,5.92,1.43,6
9/14/2019 20:00,36051.84,30.56,2,1.34,0.65,1.72,5
9/14/2019 21:00,36051.88,28.89,5.09,2.24,1.12,2.01,5
9/14/2019 22:00,36051.92,26.67,6.13,3.58,1.87,2.3,5
9/14/2019 23:00,36051.97,26.11,6.69,3.13,1.66,1.09,5
9/15/2019 0:00,36052,25.56,6.69,4.92,1.62,2.87,5
9/15/2019 1:00,36052.04,25,7.59,3.13,1.61,3.16,5
9/15/2019 2:00,36052.08,25.56,8.52,4.02,1.38,3.44,6
9/15/2019 3:00,36052.13,26.11,5.11,0.89,4.07,3.73,5
9/15/2019 4:00,36052.17,22.78,2.77,0.45,1.01,4.02,5
9/15/2019 5:00,36052.21,23.33,9.67,0.89,0.44,4.3,5
9/15/2019 6:00,36052.25,22.22,10.33,0.89,1.78,4.59,8
9/15/2019 7:00,36052.29,23.89,10.52,0.89,1.41,4.88,98
9/15/2019 8:00,36052.34,29.44,9.07,0.45,4.42,5.16,249
9/15/2019 9:00,36052.38,30,7.29,0.45,5.48,5.45,342
9/15/2019 10:00,36052.42,33.89,10.61,0,3.42,5.74,399
9/15/2019 11:00,36052.46,33.89,7.18,1.34,2.79,6.03,524
9/15/2019 12:00,36052.5,34.44,8.38,0.89,3.89,6.31,604
9/15/2019 13:00,36052.55,36.67,6.98,1.34,3.82,4.09,678
9/15/2019 14:00,36052.59,36.11,7.4,0.89,3.63,5.07,544
9/15/2019 15:00,36052.63,36.11,7.4,0.45,3.77,5.06,365
9/15/2019 16:00,36052.67,37.78,9.61,0,3.82,5.06,393
9/15/2019 17:00,36052.71,35,10.26,1.34,4.29,5.05,153
9/15/2019 18:00,36052.76,30,6.67,0.45,3,5.04,69
9/15/2019 19:00,36052.8,27.22,4.31,0.45,3.54,5.03,6
9/15/2019 20:00,36052.84,25,3.02,0.89,4.73,5.03,5
9/15/2019 21:00,36052.88,22.78,3.29,0.45,2.55,5.02,5
9/15/2019 22:00,36052.92,20.56,3.23,0.89,3.87,5.01,5
9/15/2019 23:00,36052.97,26.11,6.18,3.58,1.62,2.58,5
9/16/2019 0:00,36053,17.22,5.74,0.89,4.4,4.99,6
9/16/2019 1:00,36053.04,18.33,7.37,1.79,2.29,4.99,6
9/16/2019 2:00,36053.08,15,6.74,0.89,5.27,4.98,6
9/16/2019 3:00,36053.13,15.56,8.48,0.89,4,4.97,6
9/16/2019 4:00,36053.17,14.44,8.56,0.89,3.11,4.96,6
9/16/2019 5:00,36053.21,12.78,7.6,0.89,4.83,4.95,6
9/16/2019 6:00,36053.25,13.33,9.35,0.89,4.19,4.95,10
9/16/2019 7:00,36053.29,16.11,11.23,0.89,3.86,4.94,81
9/16/2019 8:00,36053.34,21.11,13.51,0.45,4.49,4.93,178
9/16/2019 9:00,36053.38,23.33,11.67,0.89,4.31,4.92,470
9/16/2019 10:00,36053.42,27.22,14.26,1.34,4.73,4.91,534
9/16/2019 11:00,36053.46,27.78,14.42,1.79,0.91,4.91,656
9/16/2019 12:00,36053.5,30.56,12.04,1.34,4.42,4.9,685
9/16/2019 13:00,36053.55,28.89,11.03,0.45,5.67,5.12,628
9/16/2019 14:00,36053.59,26.11,12.19,4.02,5.22,4.32,571
9/16/2019 15:00,36053.63,23.33,11.36,1.34,6.14,4.25,556
9/16/2019 16:00,36053.67,23.89,10.87,6.26,5.85,4.18,394
9/16/2019 17:00,36053.71,22.78,8.44,4.92,5.95,4.11,166
9/16/2019 18:00,36053.76,21.67,6.69,4.92,5.81,4.04,74
9/16/2019 19:00,36053.8,20.56,4.91,3.58,5.95,3.97,6
9/16/2019 20:00,36053.84,17.78,3.2,0.89,4.15,3.9,5
9/16/2019 21:00,36053.88,17.78,3.93,0.45,3.19,3.83,5
9/16/2019 22:00,36053.92,16.11,3.45,0.45,4.22,3.76,5
9/16/2019 23:00,36053.97,17.78,4.28,1.34,4.71,5,6
9/17/2019 0:00,36054,13.89,4.66,0.45,2.62,3.63,6
9/17/2019 1:00,36054.04,14.44,6.22,0,6.18,3.56,6
9/17/2019 2:00,36054.08,12.78,5.38,0.89,4.66,3.49,6
9/17/2019 3:00,36054.13,11.67,5.24,1.34,4.71,3.42,6
9/17/2019 4:00,36054.17,12.78,6.75,1.79,3.98,3.35,6
9/17/2019 5:00,36054.21,11.11,6.4,0.45,3.07,3.28,6
9/17/2019 6:00,36054.25,11.67,5.9,0.89,3.96,3.21,9
9/17/2019 7:00,36054.29,12.22,7.48,0.89,4.15,3.14,100
9/17/2019 8:00,36054.34,16.67,10.47,0.89,4.01,3.07,243
9/17/2019 9:00,36054.38,19.44,10.92,2.24,4.1,3,418
9/17/2019 10:00,36054.42,21.67,10.75,1.34,4.24,2.93,610
9/17/2019 11:00,36054.46,24.44,11.03,0.45,1.92,2.87,712
9/17/2019 12:00,36054.5,27.78,10.93,0.89,4.08,2.8,767
9/17/2019 13:00,36054.55,30,9.55,0.89,4.71,0,763
9/17/2019 14:00,36054.59,30.56,8.36,1.34,5.76,0,710
9/17/2019 15:00,36054.63,31.67,7.44,1.34,4.12,0.14,597
9/17/2019 16:00,36054.67,30.56,5.83,1.79,4.54,0.29,437
9/17/2019 17:00,36054.71,30,5.36,0.89,4.26,0.43,252
9/17/2019 18:00,36054.76,24.44,5.72,1.34,4.69,0.58,74
9/17/2019 19:00,36054.8,21.67,5.49,0.89,4.19,0.72,6
9/17/2019 20:00,36054.84,21.11,4.16,0.45,3.46,0.86,5
9/17/2019 21:00,36054.88,20,4.01,0.45,5.11,1.01,5
9/17/2019 22:00,36054.92,20,4.41,0.45,4.36,1.15,5
9/17/2019 23:00,36054.97,15.56,4.51,1.34,5.36,3.69,6
9/18/2019 0:00,36055,18.33,5.47,1.34,1.9,1.44,5
9/18/2019 1:00,36055.04,17.78,6.25,0.89,2.39,1.58,5
9/18/2019 2:00,36055.08,17.22,7.21,1.79,1.1,1.73,6
9/18/2019 3:00,36055.13,17.22,6.35,1.34,2.48,1.87,6
9/18/2019 4:00,36055.17,15.56,4.81,1.34,4.61,2.02,6
9/18/2019 5:00,36055.21,15.56,5.94,0.45,0.91,2.16,6
9/18/2019 6:00,36055.25,17.22,7.77,1.79,1.55,2.3,8
9/18/2019 7:00,36055.29,19.44,9.28,0.89,1.94,2.45,97
9/18/2019 8:00,36055.34,21.11,8,0.89,4.43,2.59,272
9/18/2019 9:00,36055.38,23.33,7.39,0.89,4.82,2.74,447
9/18/2019 10:00,36055.42,27.78,10.05,0.45,4.03,2.88,596
9/18/2019 11:00,36055.46,29.44,9.59,0.45,2.79,3.02,699
9/18/2019 12:00,36055.5,29.44,8.53,1.34,5.29,3.17,752
9/18/2019 13:00,36055.55,31.11,8.84,0.45,3.12,0,751
9/18/2019 14:00,36055.59,31.11,7.62,0.45,1.99,0,689
9/18/2019 15:00,36055.63,30.56,7.14,3.58,4.78,0.13,574
9/18/2019 16:00,36055.67,29.44,6.2,3.13,5.08,0.26,418
9/18/2019 17:00,36055.71,27.22,6.61,1.79,5.22,0.39,231
9/18/2019 18:00,36055.76,23.89,7.88,3.58,5.15,0.52,50
9/18/2019 19:00,36055.8,22.22,9.35,2.68,6,0.64,6
9/18/2019 20:00,36055.84,22.22,9.68,3.13,5.69,0.77,5
9/18/2019 21:00,36055.88,20.56,8.48,1.79,4.64,0.9,5
9/18/2019 22:00,36055.92,19.44,9.56,1.79,5.03,1.03,5
9/18/2019 23:00,36055.97,19.44,6.14,0.89,1.36,1.3,6
9/19/2019 0:00,36056,18.33,10.63,3.58,5.06,1.29,6
9/19/2019 1:00,36056.04,16.67,9.06,2.24,5.24,1.42,6
9/19/2019 2:00,36056.08,15.56,8.48,0.89,6.14,1.55,6
9/19/2019 3:00,36056.13,15,8.19,2.68,5.04,1.68,6
9/19/2019 4:00,36056.17,13.89,8.03,3.13,4.83,1.8,6
9/19/2019 5:00,36056.21,13.89,8.67,1.79,4.56,1.93,6
9/19/2019 6:00,36056.25,12.22,7.88,1.79,4.89,2.06,8
9/19/2019 7:00,36056.29,14.44,10.03,0.45,3.98,2.19,78
9/19/2019 8:00,36056.34,17.78,11.98,0.89,5.17,2.32,269
9/19/2019 9:00,36056.38,18.89,11.41,1.34,4.52,2.45,449
9/19/2019 10:00,36056.42,22.22,12.72,2.24,4.4,2.58,601
9/19/2019 11:00,36056.46,24.44,12.05,2.68,5.18,2.71,705
9/19/2019 12:00,36056.5,25,10.82,3.58,4.9,2.84,759
9/19/2019 13:00,36056.55,26.11,10.28,2.68,4.85,0,756
9/19/2019 14:00,36056.59,26.11,8.58,5.36,4.66,0,691
9/19/2019 15:00,36056.63,26.11,7.66,5.36,4.92,0.13,576
9/19/2019 16:00,36056.67,25.56,6.69,5.81,4.89,0.27,419
9/19/2019 17:00,36056.71,25.56,5.7,4.47,5.31,0.4,238
9/19/2019 18:00,36056.76,22.22,3.3,4.02,5.29,0.54,71
9/19/2019 19:00,36056.8,21.11,4.58,3.13,5.29,0.67,6
9/19/2019 20:00,36056.84,21.11,6.19,2.24,5.32,0.81,5
9/19/2019 21:00,36056.88,17.78,4.96,1.34,4.28,0.94,5
9/19/2019 22:00,36056.92,16.67,4.92,0.89,4.12,1.07,6
9/19/2019 23:00,36056.97,17.78,9.09,2.68,5.25,1.16,5
9/20/2019 0:00,36057,15,5.43,1.34,3.96,1.34,6
9/20/2019 1:00,36057.04,15.56,5.94,0.45,4.01,1.48,6
9/20/2019 2:00,36057.08,14.44,5.44,0.89,4.07,1.61,6
9/20/2019 3:00,36057.13,13.89,5.18,0.89,4.47,1.75,6
9/20/2019 4:00,36057.17,13.89,6.19,0.89,2.16,1.88,6
9/20/2019 5:00,36057.21,15.56,8.25,2.24,1.99,2.01,6
9/20/2019 6:00,36057.25,15,7.96,1.79,1.75,2.15,9
9/20/2019 7:00,36057.29,17.22,8.83,0.89,3.94,2.28,93
9/20/2019 8:00,36057.34,18.89,8.48,1.79,4.4,2.42,266
9/20/2019 9:00,36057.38,21.67,8.15,0.89,4.05,2.55,444
9/20/2019 10:00,36057.42,22.78,7.68,1.79,3.63,2.69,593
9/20/2019 11:00,36057.46,25,8.46,1.79,4.31,2.82,697
9/20/2019 12:00,36057.5,27.22,8.63,0.89,2.06,2.95,752
9/20/2019 13:00,36057.55,28.89,8.05,1.79,4.8,0,749
9/20/2019 14:00,36057.59,29.44,7.98,2.68,4.8,0,695
9/20/2019 15:00,36057.63,28.89,7.5,4.02,4.82,0,572
9/20/2019 16:00,36057.67,29.44,6.2,1.34,2.51,0,413
9/20/2019 17:00,36057.71,27.78,7.09,1.79,4.69,0,228
9/20/2019 18:00,36057.76,23.89,5.71,2.68,4.96,0,61
9/20/2019 19:00,36057.8,22.78,5.63,2.68,5.57,0,6
9/20/2019 20:00,36057.84,23.33,7.39,2.24,5.97,0,5
9/20/2019 21:00,36057.88,21.67,5.08,0.89,1.55,0,5
9/20/2019 22:00,36057.92,20.56,6.79,1.34,1.29,0,5
9/20/2019 23:00,36057.97,16.11,5.32,1.79,4.52,1.21,6
9/21/2019 0:00,36058,19.44,5.79,0.89,2.81,10,5
9/21/2019 1:00,36058.04,19.44,8.99,2.68,1.52,10,6
9/21/2019 2:00,36058.08,20,8.29,3.58,2.04,10,6
9/21/2019 3:00,36058.13,19.44,8.99,2.24,1.75,10,6
9/21/2019 4:00,36058.17,17.78,7.73,2.24,1.69,10,6
9/21/2019 5:00,36058.21,17.78,7.73,1.34,1.69,10,6
9/21/2019 6:00,36058.25,18.33,9.08,1.34,1.33,0,8
9/21/2019 7:00,36058.29,21.11,9.31,0.45,1.71,0,91
9/21/2019 8:00,36058.34,20.56,7.14,1.34,4.85,0,265
9/21/2019 9:00,36058.38,25,8.03,2.24,5.18,0,443
9/21/2019 10:00,36058.42,28.33,9.12,0.89,2.88,0,594
9/21/2019 11:00,36058.46,29.44,9.07,0.89,3.39,0,701
9/21/2019 12:00,36058.5,30,8.46,2.68,4.92,0,751
9/21/2019 13:00,36058.55,30,7.88,1.79,0.89,0,752
9/21/2019 14:00,36058.59,32.78,9.03,1.79,1.41,0,693
9/21/2019 15:00,36058.63,31.67,6.77,1.34,4.63,0,582
9/21/2019 16:00,36058.67,31.67,6.06,0.89,3.67,2.66,422
9/21/2019 17:00,36058.71,31.11,6.3,1.34,4.56,4.15,236
9/21/2019 18:00,36058.76,26.11,4.55,1.34,4.97,10,62
9/21/2019 19:00,36058.8,25,6.68,1.34,0.07,10,6
9/21/2019 20:00,36058.84,24.44,6.2,0.45,5.01,10,5
9/21/2019 21:00,36058.88,22.78,10.52,1.34,1.5,10,5
9/21/2019 22:00,36058.92,22.22,8.3,2.68,1.57,10,5
9/21/2019 23:00,36058.97,20,6.98,0.89,2.41,0,5
9/22/2019 0:00,36059,14.7,11.5,4.02,1.48,10,5
9/22/2019 1:00,36059.04,14.2,11.4,4.02,1.92,10,5
9/22/2019 2:00,36059.08,13.8,11.3,3.13,1.87,10,6
9/22/2019 3:00,36059.13,12.7,11.2,2.24,1.94,10,5
9/22/2019 4:00,36059.17,13.5,10.2,1.79,1.95,10,6
9/22/2019 5:00,36059.21,12.7,9.7,1.34,1.87,10,6
9/22/2019 6:00,36059.25,14.8,11.8,2.24,1.19,0,8
9/22/2019 7:00,36059.29,19.9,12.3,2.68,1.61,0,94
9/22/2019 8:00,36059.34,23.1,11.6,1.79,1.24,0,269
9/22/2019 9:00,36059.38,25.4,12.1,1.34,6.11,0,444
9/22/2019 10:00,36059.42,27.7,12.1,0.89,2.62,0,598
9/22/2019 11:00,36059.46,29.8,11.8,0.89,3.05,0,702
9/22/2019 12:00,36059.5,31.1,10.9,2.24,4.31,0,752
9/22/2019 13:00,36059.55,32,10.7,1.34,6.25,0,752
9/22/2019 14:00,36059.59,32.5,9.9,0.89,5.18,0,690
9/22/2019 15:00,36059.63,33.1,8.9,2.24,5.04,0,576
9/22/2019 16:00,36059.67,32.3,10.2,3.58,4.89,5.88,398
9/22/2019 17:00,36059.71,28.1,10.5,1.34,4.52,9.44,200
9/22/2019 18:00,36059.76,26.1,9.9,1.34,4.66,10,40
9/22/2019 19:00,36059.8,24.6,10,4.02,5.88,10,5
9/22/2019 20:00,36059.84,21.3,11.2,2.24,1.57,10,5
9/22/2019 21:00,36059.88,20.1,11.7,2.24,1.61,10,5
9/22/2019 22:00,36059.92,19.7,11.8,3.58,1.92,10,5
9/22/2019 23:00,36059.97,20.56,8.16,3.13,2.15,10,5
9/23/2019 0:00,36060,18.7,11.4,0.7,0.8,10,5
9/23/2019 1:00,36060.04,17.7,11.3,1,1.66,10,5
9/23/2019 2:00,36060.08,17,11.6,0.8,2.04,10,5
9/23/2019 3:00,36060.13,17.2,11.9,1.8,2.02,10,5
9/23/2019 4:00,36060.17,16.3,11.5,1.8,2.11,10,5
9/23/2019 5:00,36060.21,15.8,11.4,1.8,1.59,10,5
9/23/2019 6:00,36060.25,16.7,12,1.7,4.96,0,7
9/23/2019 7:00,36060.29,19.4,13,3.2,4.33,0,79
9/23/2019 8:00,36060.34,21.7,13.8,2.8,4.38,0,259
9/23/2019 9:00,36060.38,23.9,13.9,2.9,4.18,0,259
9/23/2019 10:00,36060.42,25.9,13.4,2.5,3.99,0,259
9/23/2019 11:00,36060.46,27.6,13.2,2.6,3.79,0,259
9/23/2019 12:00,36060.5,29,13.1,2.8,3.59,0,259
9/23/2019 13:00,36060.55,30.1,13,3,3.4,0,259
9/23/2019 14:00,36060.59,30.5,13.1,3.6,3.2,0,259
9/23/2019 15:00,36060.63,30.3,12.6,3.8,3,0,259
9/23/2019 16:00,36060.67,29.7,12,3.6,2.81,3.97,259
9/23/2019 17:00,36060.71,27.8,11.9,3.5,2.61,4.82,259
9/23/2019 18:00,36060.76,25.7,12.2,2.6,2.41,10,259
9/23/2019 19:00,36060.8,25.2,12.4,2.9,2.22,10,259
9/23/2019 20:00,36060.84,24,12.2,1.9,2.02,10,259
9/23/2019 21:00,36060.88,22.3,12.8,1.6,1.82,10,259
9/23/2019 22:00,36060.92,20.8,12.9,1.4,1.63,10,259
9/23/2019 23:00,36060.97,18.7,12.8,4.02,1.43,10,5
9/24/2019 0:00,36061,17.2,12.8,0.8,1.47,10,259
9/24/2019 1:00,36061.04,15.7,13.1,0.5,1.5,10,259
9/24/2019 2:00,36061.08,15.4,13.2,0.4,1.54,10,259
9/24/2019 3:00,36061.13,14.4,12.9,0.8,1.58,10,259
9/24/2019 4:00,36061.17,14.5,13.2,1.2,1.61,10,259
9/24/2019 5:00,36061.21,13.8,12.8,0.8,1.65,10,259
9/24/2019 6:00,36061.25,15.5,13.8,0.5,1.68,0,259
9/24/2019 7:00,36061.29,20.6,13.7,2.3,1.72,0,259
9/24/2019 8:00,36061.34,23.4,13.5,3.3,1.76,0,259
9/24/2019 9:00,36061.38,25.7,14.1,3.5,1.79,0,259
9/24/2019 10:00,36061.42,27,14.6,3,1.83,0,259
9/24/2019 11:00,36061.46,28.7,14.6,2,1.86,0,259
9/24/2019 12:00,36061.5,29.8,14.1,1.7,1.9,0,259
9/24/2019 13:00,36061.55,31.2,13.2,1.6,1.93,0,259
9/24/2019 14:00,36061.59,32,13.2,1.3,1.97,0,259
9/24/2019 15:00,36061.63,32.6,13.2,1.3,2.01,0,259
9/24/2019 16:00,36061.67,32.1,13.5,1.7,2.04,4.06,259
9/24/2019 17:00,36061.71,29.4,13.5,1.3,2.08,5.42,259
9/24/2019 18:00,36061.76,25.3,13.9,0.5,2.11,10,259
9/24/2019 19:00,36061.8,23.1,14.1,0.4,2.15,10,259
9/24/2019 20:00,36061.84,22.5,15,0.6,2.19,10,259
9/24/2019 21:00,36061.88,21.5,14.7,0.4,2.22,10,259
9/24/2019 22:00,36061.92,20.9,14.2,0.5,2.26,10,259
9/24/2019 23:00,36061.97,19.7,13.8,0.4,2.29,10,259
9/25/2019 0:00,36062,18.5,13.7,0.6,2.33,10,259
9/25/2019 1:00,36062.04,18.1,13.7,0.5,2.37,10,259
9/25/2019 2:00,36062.08,17.8,13.4,0.8,2.4,10,259
9/25/2019 3:00,36062.13,18.3,12.8,0.9,2.44,10,259
9/25/2019 4:00,36062.17,17.6,12.7,1,2.47,10,259
9/25/2019 5:00,36062.21,17,12.9,1,2.51,10,259
9/25/2019 6:00,36062.25,18.1,14.1,0.4,2.55,0,259
9/25/2019 7:00,36062.29,23.7,13.7,1.3,2.58,0,259
9/25/2019 8:00,36062.34,26.6,13.1,2.2,2.62,0,259
9/25/2019 9:00,36062.38,28.6,13.6,2.6,2.65,0,259
9/25/2019 10:00,36062.42,30.5,13.8,1.6,2.69,0,259
9/25/2019 11:00,36062.46,31.8,13.8,1.4,2.73,0,259
9/25/2019 12:00,36062.5,33.4,13.8,1.3,2.76,0,259
9/25/2019 13:00,36062.55,34.3,13.1,1.2,2.8,0,259
9/25/2019 14:00,36062.59,35,12.2,1.3,2.83,0,259
9/25/2019 15:00,36062.63,35.5,12.7,1,2.87,0,259
9/25/2019 16:00,36062.67,35.2,13.3,1.2,2.91,4.43,259
9/25/2019 17:00,36062.71,31.2,13.7,1.6,2.94,5.57,259
9/25/2019 18:00,36062.76,28.3,13.3,1.7,2.98,10,259
9/25/2019 19:00,36062.8,26.1,13.8,0.7,3.01,10,259
9/25/2019 20:00,36062.84,24.1,14.2,0.8,3.05,10,259
9/25/2019 21:00,36062.88,22.9,14.1,0.4,3.09,10,259
9/25/2019 22:00,36062.92,22.4,14,0.4,3.12,10,259
9/25/2019 23:00,36062.97,20.3,14.6,0.5,3.16,10,259
9/26/2019 0:00,36063,19.2,15.1,0.4,3.19,10,259
9/26/2019 1:00,36063.04,19.1,14.9,0.4,3.23,10,259
9/26/2019 2:00,36063.08,18.1,14.7,0.5,3.27,10,259
9/26/2019 3:00,36063.13,17.7,14.3,0.4,3.3,10,259
9/26/2019 4:00,36063.17,18.6,13.3,0.7,3.34,10,259
9/26/2019 5:00,36063.21,19.2,13.7,1.2,3.37,10,259
9/26/2019 6:00,36063.25,18.9,14.6,0.6,3.41,0,259
9/26/2019 7:00,36063.29,22.5,15.3,2,3.45,0,259
9/26/2019 8:00,36063.34,25.7,14.9,1.7,3.48,0,259
9/26/2019 9:00,36063.38,28.6,14.8,1.9,3.52,0,259
9/26/2019 10:00,36063.42,30.2,14.8,1.4,3.55,0,259
9/26/2019 11:00,36063.46,31.7,15.6,1.7,3.59,0,259
9/26/2019 12:00,36063.5,33.1,15.8,2.2,3.63,0,259
9/26/2019 13:00,36063.55,34,15.1,2.2,3.66,0,259
9/26/2019 14:00,36063.59,34.2,15,2.9,3.7,0,259
9/26/2019 15:00,36063.63,34.1,14.3,2.9,3.73,2.29,259
9/26/2019 16:00,36063.67,33.2,14.3,3.2,3.77,5.21,259
9/26/2019 17:00,36063.71,30.9,14.3,2.6,3.81,5.99,259
9/26/2019 18:00,36063.76,29.2,14.5,2.9,3.84,10,259
9/26/2019 19:00,36063.8,27.6,14.6,2.9,3.88,10,259
9/26/2019 20:00,36063.84,25.9,15.1,3.9,3.91,10,259
9/26/2019 21:00,36063.88,23.9,15.2,4.1,3.95,10,259
9/26/2019 22:00,36063.92,22.4,14.6,3.8,3.99,10,259
9/26/2019 23:00,36063.97,21.6,14.1,4,4.02,10,259
9/27/2019 0:00,36064,20.5,14.2,3.5,4.06,10,259
9/27/2019 1:00,36064.04,19.5,14.5,3.2,4.09,10,259
9/27/2019 2:00,36064.08,18.6,14.7,2.5,4.13,10,259
9/27/2019 3:00,36064.13,18.1,14.8,2.5,4.17,10,259
9/27/2019 4:00,36064.17,17.5,14.8,2.1,4.2,10,259
9/27/2019 5:00,36064.21,16.9,14.7,1.5,4.24,10,259
9/27/2019 6:00,36064.25,17.7,15.3,1.5,4.27,0,259
9/27/2019 7:00,36064.29,19.8,15.4,2.9,4.31,0,259
9/27/2019 8:00,36064.34,21.6,15.5,3.8,4.35,0,259
9/27/2019 9:00,36064.38,22.9,15.8,3.3,3.84,0,259
9/27/2019 10:00,36064.42,24.2,15.7,2.4,2.27,0,259
9/27/2019 11:00,36064.46,25.5,15.6,2.2,5.22,0,259
9/27/2019 12:00,36064.5,26.9,15.5,1.9,4.07,0,259
9/27/2019 13:00,36064.55,27.8,15.4,2.1,5.04,0,259
9/27/2019 14:00,36064.59,28.1,15.2,2.3,4.85,0,259
9/27/2019 15:00,36064.63,28.5,15.1,1.9,4.31,1.73,259
9/27/2019 16:00,36064.67,27.9,15.1,2.1,3.96,5.12,259
9/27/2019 17:00,36064.71,25.7,15.2,1.9,4.75,5.93,259
9/27/2019 18:00,36064.76,23.9,15,1.9,5.18,10,259
9/27/2019 19:00,36064.8,22.6,15.3,1.8,5.76,10,259
9/27/2019 20:00,36064.84,21.7,15.1,2.7,5.92,10,259
9/27/2019 21:00,36064.88,20.2,14.9,3.2,5.03,10,259
9/27/2019 22:00,36064.92,18.7,14.7,3.2,4.94,10,259
9/27/2019 23:00,36064.97,17.6,14.5,4.2,4.98,10,259
9/28/2019 0:00,36065,16.8,14.1,3.6,5.03,10,259
9/28/2019 1:00,36065.04,16.2,12.8,4,5.1,10,259
9/28/2019 2:00,36065.08,15.5,12,3.5,5.2,10,259
9/28/2019 3:00,36065.13,14.8,11.2,3,0.28,10,259
9/28/2019 4:00,36065.17,15.1,11.1,3.3,5.04,10,259
9/28/2019 5:00,36065.21,14.7,11.2,3.9,5.5,10,259
9/28/2019 6:00,36065.25,14.2,11.1,3.4,4.89,8.35,259
9/28/2019 7:00,36065.29,15.3,11.6,2.8,5.95,0,259
9/28/2019 8:00,36065.34,17.9,10.9,2.4,4.75,0,259
9/28/2019 9:00,36065.38,19.5,9.8,2.7,0.58,0,259
9/28/2019 10:00,36065.42,20.9,8.2,2.4,5.97,0,259
9/28/2019 11:00,36065.46,21.9,6.9,2.1,3.16,0,259
9/28/2019 12:00,36065.5,22.8,6.6,2.1,4.03,0,259
9/28/2019 13:00,36065.55,23.6,6.7,1.7,4.99,0,259
9/28/2019 14:00,36065.59,24.1,6.9,2.3,5.06,0,259
9/28/2019 15:00,36065.63,23.9,6,3,3.93,4.72,259
9/28/2019 16:00,36065.67,22.1,7.6,4.5,5.45,6.93,259
9/28/2019 17:00,36065.71,20.4,7.1,4.6,5.45,9.33,259
9/28/2019 18:00,36065.76,19,6.9,5,5.25,10,259
9/28/2019 19:00,36065.8,17.7,7,5.2,5.01,10,259
9/28/2019 20:00,36065.84,16.1,6.7,4.9,5.04,10,259
9/28/2019 21:00,36065.88,14.9,6.5,4.8,5.27,10,259
9/28/2019 22:00,36065.92,14.1,6.3,4.4,5.72,10,259
9/28/2019 23:00,36065.97,12.9,6.3,2.4,5.06,10,259
9/29/2019 0:00,36066,12.2,6.5,2.3,5.04,10,259
9/29/2019 1:00,36066.04,11.7,6.1,1.8,5.06,10,259
9/29/2019 2:00,36066.08,10.3,6.3,0.8,4.76,10,259
9/29/2019 3:00,36066.13,9.8,6.6,1.2,4.85,10,259
9/29/2019 4:00,36066.17,9.6,6.7,1.3,4,10,259
9/29/2019 5:00,36066.21,9.2,6.9,1.2,4.59,10,259
9/29/2019 6:00,36066.25,9.7,7.5,1.4,5.04,0,259
9/29/2019 7:00,36066.29,12.5,8.1,1.4,2.43,0,259
9/29/2019 8:00,36066.34,14.7,8.1,2,4.54,0,259
9/29/2019 9:00,36066.38,16.9,8.5,1.5,3.93,0,259
9/29/2019 10:00,36066.42,18.3,8.6,1.6,4.57,0,259
9/29/2019 11:00,36066.46,19.6,7.2,2.3,4.64,0,259
9/29/2019 12:00,36066.5,20.6,5.1,2,5.27,0,259
9/29/2019 13:00,36066.55,21.5,3.7,1.8,4.59,0,259
9/29/2019 14:00,36066.59,21.8,2.4,2.7,5.01,0,259
9/29/2019 15:00,36066.63,21.6,1.4,2.5,5.01,0,259
9/29/2019 16:00,36066.67,20.9,0.9,2.6,4.99,3.55,259
9/29/2019 17:00,36066.71,18.6,0.8,2,5.01,1.47,259
9/29/2019 18:00,36066.76,16.3,1.2,1.6,5.25,10,259
9/29/2019 19:00,36066.8,14.6,3.9,2,6.11,10,259
9/29/2019 20:00,36066.84,14.8,6.4,2.7,4.92,10,259
9/29/2019 21:00,36066.88,14,6.7,3.5,4.75,10,259
9/29/2019 22:00,36066.92,13.7,6,3.7,4.83,10,259
9/29/2019 23:00,36066.97,12.8,6.3,2.7,4.83,10,259
9/30/2019 0:00,36067,11.4,6.5,2,2.41,10,259
9/30/2019 1:00,36067.04,11.1,6.7,2.5,4.71,10,259
9/30/2019 2:00,36067.08,10.1,6.5,2.2,5.17,10,259
9/30/2019 3:00,36067.13,9.4,6.5,2,2.39,10,259
9/30/2019 4:00,36067.17,8.6,6.5,1.8,4.07,10,259
9/30/2019 5:00,36067.21,8.2,6.5,1.7,2.25,10,259
9/30/2019 6:00,36067.25,10.1,7,2.5,4.38,0,259
9/30/2019 7:00,36067.29,13.1,7.9,3.4,2.2,0,259
9/30/2019 8:00,36067.34,15.2,7.9,3.2,4.56,0,259
9/30/2019 9:00,36067.38,17.4,8.2,3.2,4.83,0,259
9/30/2019 10:00,36067.42,19.2,7,3.1,4.64,0,259
9/30/2019 11:00,36067.46,20,6.4,3.1,5.1,0,259
9/30/2019 12:00,36067.5,20.8,6,3,5.65,0,259
9/30/2019 13:00,36067.55,21.2,6.2,3.2,4.4,0,259
9/30/2019 14:00,36067.59,21.3,5.5,2.8,5.9,0,259
9/30/2019 15:00,36067.63,21.3,5.6,3.6,4.38,0,259
9/30/2019 16:00,36067.67,20.3,4.6,4,4.94,5.08,259
9/30/2019 17:00,36067.71,18.6,3.5,3.6,5.27,3.21,259
9/30/2019 18:00,36067.76,17.1,2.7,3.3,5.32,10,259
9/30/2019 19:00,36067.8,16,3.2,4,5.65,10,259
9/30/2019 20:00,36067.84,15,1.6,3.9,5.25,10,259
9/30/2019 21:00,36067.88,13.7,1.2,3.5,2.81,10,259
9/30/2019 22:00,36067.92,12.1,2.1,2.7,4.82,10,259
9/30/2019 23:00,36067.97,11.7,3.2,3,6.13,10,259
10/1/2019 0:00,36068,10.8,4.1,3.4,4.38,10,259
10/1/2019 1:00,36068.04,9.8,5,2.5,3.98,10,259
10/1/2019 2:00,36068.08,9.2,5.8,2.2,3.37,10,259
10/1/2019 3:00,36068.13,8.6,6,1.9,4.15,10,259
10/1/2019 4:00,36068.17,7.3,5.7,1.6,4.57,10,259
10/1/2019 5:00,36068.21,6.5,5.5,0.7,3.82,10,259
10/1/2019 6:00,36068.25,7.2,6.2,1.2,3.86,0,259
10/1/2019 7:00,36068.29,10.1,7.2,2.7,4.19,0,259
10/1/2019 8:00,36068.34,12.8,6.6,1.6,4.4,0,259
10/1/2019 9:00,36068.38,15.3,5.9,1.6,3.84,0,259
10/1/2019 10:00,36068.42,17.7,6.1,1.9,4.31,0,259
10/1/2019 11:00,36068.46,19.6,5.5,2.6,5.17,0,259
10/1/2019 12:00,36068.5,20.7,4.6,2.7,5.76,0,259
10/1/2019 13:00,36068.55,21.3,3.7,2.6,5.72,0,259
10/1/2019 14:00,36068.59,21.7,2.1,2.6,4.9,0,259
10/1/2019 15:00,36068.63,21.8,1.8,2.2,5.08,0,259
10/1/2019 16:00,36068.67,20.9,2.3,2.6,4.38,4,259
10/1/2019 17:00,36068.71,18.4,2.2,2.2,4.99,0,259
10/1/2019 18:00,36068.76,15.9,3.2,1.5,5.2,10,259
10/1/2019 19:00,36068.8,13.6,3.9,0.5,5.15,10,259
10/1/2019 20:00,36068.84,11.7,3.7,0.4,0.23,10,259
10/1/2019 21:00,36068.88,11.6,4,0.7,0.77,10,259
10/1/2019 22:00,36068.92,10,4.4,0.6,1.52,10,259
10/1/2019 23:00,36068.97,8.8,4.5,0.6,4.94,10,259
10/2/2019 0:00,36069,7.3,4.5,0.6,1.61,10,259
10/2/2019 1:00,36069.04,6.9,4.7,0.7,2.29,10,259
10/2/2019 2:00,36069.08,6.6,4.9,0.7,0.84,10,259
10/2/2019 3:00,36069.13,7.1,4.9,0.7,1.97,10,259
10/2/2019 4:00,36069.17,6.2,4,0.6,1.99,10,259
10/2/2019 5:00,36069.21,5.6,4.3,0.4,1.95,10,259
10/2/2019 6:00,36069.25,7.5,5.1,0.4,1.5,0,259
10/2/2019 7:00,36069.29,13,5.6,1.3,1.48,0,259
10/2/2019 8:00,36069.34,16.5,4.2,2,1.45,0,259
10/2/2019 9:00,36069.38,18.5,4.9,2.4,3.75,0,259
10/2/2019 10:00,36069.42,20.2,5,2,4.92,0,259
10/2/2019 11:00,36069.46,21.9,5,1.4,2.29,0,259
10/2/2019 12:00,36069.5,23.5,4.9,1.8,1.92,0,259
10/2/2019 13:00,36069.55,24.3,4.7,2.1,5.01,0,259
10/2/2019 14:00,36069.59,25.2,4.8,2,5.06,0,259
10/2/2019 15:00,36069.63,25.3,4.5,2.5,4.96,0,259
10/2/2019 16:00,36069.67,24.3,5,2.8,4.96,4.5,259
10/2/2019 17:00,36069.71,21.5,5,2.4,4.9,0,259
10/2/2019 18:00,36069.76,18.4,5.7,1.5,4.83,10,259
10/2/2019 19:00,36069.8,16.1,5.9,1.2,5.2,10,259
10/2/2019 20:00,36069.84,13.8,6.3,0.6,4.87,10,259
10/2/2019 21:00,36069.88,12.5,7.4,0.4,4.5,10,259
10/2/2019 22:00,36069.92,11,7.5,0.4,1.9,10,259
10/2/2019 23:00,36069.97,10,7.4,0.8,1.34,10,259
10/3/2019 0:00,36070,9.2,7.5,0.4,1.9,10,259
10/3/2019 1:00,36070.04,8.4,7.5,0.5,1.43,10,259
10/3/2019 2:00,36070.08,8.2,6.9,0.6,1.8,10,259
10/3/2019 3:00,36070.13,7.8,6.9,0.5,1.85,10,259
10/3/2019 4:00,36070.17,6.7,6,1,4.85,10,259
10/3/2019 5:00,36070.21,6.9,6.2,0.4,1.9,10,259
10/3/2019 6:00,36070.25,9.2,6.8,0.6,1.06,0,259
10/3/2019 7:00,36070.29,14.7,7,1.8,1.41,0,259
10/3/2019 8:00,36070.34,17.9,6.3,3,1.71,0,259
10/3/2019 9:00,36070.38,20.1,6.7,2.8,5.52,0,259
10/3/2019 10:00,36070.42,21.9,7.2,1.9,2.76,0,259
10/3/2019 11:00,36070.46,23.9,6.2,1.9,5.01,0,259
10/3/2019 12:00,36070.5,25.5,5.1,1.6,3.8,0,259
10/3/2019 13:00,36070.55,26.4,4.5,2,1.12,0,259
10/3/2019 14:00,36070.59,27,4.5,1.6,4.59,0,259
10/3/2019 15:00,36070.63,27,3.3,2,3.54,0,259
10/3/2019 16:00,36070.67,26,3.5,2,5.83,4.6,259
10/3/2019 17:00,36070.71,22.7,3.3,2,4.97,0,259
10/3/2019 18:00,36070.76,19.7,4.4,1.5,5.24,10,259
10/3/2019 19:00,36070.8,18.3,3.9,2,5.53,10,259
10/3/2019 20:00,36070.84,17.4,6.3,2.7,0.07,10,259
10/3/2019 21:00,36070.88,16.6,8,3.5,4.73,10,259
10/3/2019 22:00,36070.92,15.7,8.6,3.4,4.68,10,259
10/3/2019 23:00,36070.97,14.7,8.8,3.3,1.87,10,259
10/4/2019 0:00,36071,14,6.8,3.2,6.07,10,259
10/4/2019 1:00,36071.04,13.6,5.5,3.4,1.12,10,259
10/4/2019 2:00,36071.08,13.4,5.4,4.1,0.96,10,259
10/4/2019 3:00,36071.13,13,5.5,3.7,4.78,10,259
10/4/2019 4:00,36071.17,12.1,5.5,3.3,4.83,10,259
10/4/2019 5:00,36071.21,11.2,5.5,3.2,5.29,10,259
10/4/2019 6:00,36071.25,11.5,5.6,3.2,0.73,0,259
10/4/2019 7:00,36071.29,13.9,5.5,4.2,2.48,0,259
10/4/2019 8:00,36071.34,16.5,5.8,4.2,4.85,0,259
10/4/2019 9:00,36071.38,18.5,6,4,5.03,0,259
10/4/2019 10:00,36071.42,20.1,5.8,3.2,4.83,0,259
10/4/2019 11:00,36071.46,21.4,5.7,2.4,4.92,0,259
10/4/2019 12:00,36071.5,22.6,5.1,2.2,4.64,0,259
10/4/2019 13:00,36071.55,23.6,3,2,5.01,0,259
10/4/2019 14:00,36071.59,24.4,2.5,1.9,3.98,0,259
10/4/2019 15:00,36071.63,24.7,2.3,2.3,3.53,0,259
10/4/2019 16:00,36071.67,23.7,2.7,2.4,4.97,4.77,259
10/4/2019 17:00,36071.71,20.6,2.9,1.9,4.83,0,259
10/4/2019 18:00,36071.76,18.4,4.3,1.6,5.03,10,259
10/4/2019 19:00,36071.8,17,5.5,1.1,5.34,10,259
10/4/2019 20:00,36071.84,15,6.4,1.1,5.29,10,259
10/4/2019 21:00,36071.88,13.3,6.4,0.7,4.29,10,259
10/4/2019 22:00,36071.92,12.4,6.7,1.3,2.08,10,259
10/4/2019 23:00,36071.97,11.5,5.8,1,4.87,10,259
10/5/2019 0:00,36072,10.1,5.1,0.8,2.29,10,259
10/5/2019 1:00,36072.04,8.9,5.5,0.6,1.55,10,259
10/5/2019 2:00,36072.08,8.1,5.8,0.4,1.71,10,259
10/5/2019 3:00,36072.13,7.9,6.5,0.6,1.99,10,259
10/5/2019 4:00,36072.17,7.2,6.5,0.4,2.01,10,259
10/5/2019 5:00,36072.21,8.1,6.6,0.9,1.78,10,259
10/5/2019 6:00,36072.25,9.1,6.4,0.8,1.71,0,259
10/5/2019 7:00,36072.29,13.9,7.1,1.9,1.73,0,259
10/5/2019 8:00,36072.34,17.3,6.4,3,2.01,0,259
10/5/2019 9:00,36072.38,19.6,6.7,2.6,3.68,0,259
10/5/2019 10:00,36072.42,21.5,7,2.1,3.39,0,259
10/5/2019 11:00,36072.46,23.3,6.6,1.8,4.21,0,259
10/5/2019 12:00,36072.5,24.7,6.1,2,4.85,0,259
10/5/2019 13:00,36072.55,25.8,5.4,1.5,4.49,0,259
10/5/2019 14:00,36072.59,26.6,5.4,2,5.41,0,259
10/5/2019 15:00,36072.63,26.5,4.8,2.5,5.32,0.97,259
10/5/2019 16:00,36072.67,25.5,5.3,1.9,4.4,5.09,259
10/5/2019 17:00,36072.71,22.2,5.9,1.5,4.82,0,259
10/5/2019 18:00,36072.76,17.6,7.8,0.6,4.75,10,259
10/5/2019 19:00,36072.8,16.3,8,0.4,5.38,10,259
10/5/2019 20:00,36072.84,14.9,8.2,0.4,5.86,10,259
10/5/2019 21:00,36072.88,13.5,8.2,0.4,1.69,10,259
10/5/2019 22:00,36072.92,13.2,8.5,0.4,1.4,10,259
10/5/2019 23:00,36072.97,12.8,8.6,0.7,1.95,10,259
10/6/2019 0:00,36073,11.3,8,0.4,1.9,10,259
10/6/2019 1:00,36073.04,11,7.6,0.5,2.2,10,259
10/6/2019 2:00,36073.08,10.5,7.4,0.9,1.64,10,259
10/6/2019 3:00,36073.13,10.3,7.4,0.4,1.99,10,259
10/6/2019 4:00,36073.17,10.4,7,0.4,1.76,10,259
10/6/2019 5:00,36073.21,9.4,6.8,0.4,1.92,10,259
10/6/2019 6:00,36073.25,10.3,7.8,0.7,1.78,0,259
10/6/2019 7:00,36073.29,16.2,8.2,0.5,1.75,0,259
10/6/2019 8:00,36073.34,20.3,7.3,1.5,1.62,0,259
10/6/2019 9:00,36073.38,22.9,7.8,1.9,1.26,0,259
10/6/2019 10:00,36073.42,25.1,7.7,1.6,5.13,0,259
10/6/2019 11:00,36073.46,26.7,7.4,1.6,4.26,0,259
10/6/2019 12:00,36073.5,28.1,7.5,1.6,1.33,0,259
10/6/2019 13:00,36073.55,29.2,7.6,1.5,4.83,0,259
10/6/2019 14:00,36073.59,30.3,7.1,1.2,4.05,0,259
10/6/2019 15:00,36073.63,30.9,5.8,1,5.1,1.41,259
10/6/2019 16:00,36073.67,31.1,6.7,0.5,4,5.12,259
10/6/2019 17:00,36073.71,24.6,9.8,1,5.59,0,259
10/6/2019 18:00,36073.76,20.5,9.8,0.9,4.82,10,259
10/6/2019 19:00,36073.8,20.1,9.5,0.7,5.9,10,259
10/6/2019 20:00,36073.84,19,9.9,0.8,2.08,10,259
10/6/2019 21:00,36073.88,16.9,10.1,0.5,1.61,10,259
10/6/2019 22:00,36073.92,16.4,9.2,0.5,1.78,10,259
10/6/2019 23:00,36073.97,14.6,9.4,0.8,1.92,10,259
10/7/2019 0:00,36074,13,8.8,0.5,0.77,10,259
10/7/2019 1:00,36074.04,12.5,9.4,0.4,1.13,10,259
10/7/2019 2:00,36074.08,11.3,9.3,0.4,0.87,10,259
10/7/2019 3:00,36074.13,11.7,8.4,0.6,1.95,10,259
10/7/2019 4:00,36074.17,10.6,8.5,0.4,0.61,10,259
10/7/2019 5:00,36074.21,10.7,8.9,0.5,0.38,10,259
10/7/2019 6:00,36074.25,12.7,10.1,0.5,0.61,0,259
10/7/2019 7:00,36074.29,16.1,10.8,0.6,1.03,3.11,259
10/7/2019 8:00,36074.34,20.8,10,1.3,2.74,0,259
10/7/2019 9:00,36074.38,23.6,10.2,1.9,3.11,0,259
10/7/2019 10:00,36074.42,26.1,10.2,1.6,3.25,0,259
10/7/2019 11:00,36074.46,28.1,9.4,1.5,3.96,0,259
10/7/2019 12:00,36074.5,29.6,8.7,1.6,4.8,0,259
10/7/2019 13:00,36074.55,30.8,7.9,2,5.22,0,259
10/7/2019 14:00,36074.59,31.9,7.7,1.8,5.15,0,259
10/7/2019 15:00,36074.63,32.1,6.1,1.9,5.69,1.37,259
10/7/2019 16:00,36074.67,30.6,7.6,1.9,5.43,5.23,259
10/7/2019 17:00,36074.71,26.1,9.1,1.4,5.18,0,259
10/7/2019 18:00,36074.76,21.4,10.7,0.5,5.29,10,259
10/7/2019 19:00,36074.8,19.2,11.2,0.4,6.04,10,259
10/7/2019 20:00,36074.84,16.9,12,0.4,4.9,10,259
10/7/2019 21:00,36074.88,16.6,10.6,0.7,5.29,10,259
10/7/2019 22:00,36074.92,16.3,8.9,0.5,4.87,10,259
10/7/2019 23:00,36074.97,14.5,8.7,0.4,1.34,10,259
10/8/2019 0:00,36075,13,9.1,0.6,1.12,10,259
10/8/2019 1:00,36075.04,12.3,9.2,0.7,1.17,10,259
10/8/2019 2:00,36075.08,11.9,9.3,1,1.06,10,259
10/8/2019 3:00,36075.13,11.6,9.2,0.5,1.03,10,259
10/8/2019 4:00,36075.17,11.7,9.3,0.4,0.79,10,259
10/8/2019 5:00,36075.21,11.7,8.8,0.4,2.01,10,259
10/8/2019 6:00,36075.25,12.4,8.8,0.4,1.61,0,259
10/8/2019 7:00,36075.29,16.9,10.5,1.6,2.57,0,259
10/8/2019 8:00,36075.34,20,10.6,1.6,3.09,0,259
10/8/2019 9:00,36075.38,22.9,10.4,1.9,3.02,0,259
10/8/2019 10:00,36075.42,25.3,10.4,2.6,2.76,0,259
10/8/2019 11:00,36075.46,27.2,10.6,2.7,3.35,0,259
10/8/2019 12:00,36075.5,28.9,8.9,2.2,3.6,0,259
10/8/2019 13:00,36075.55,30.2,7.4,1.5,4.38,1.39,259
10/8/2019 14:00,36075.59,30.9,6.4,1.6,5.24,3.93,259
10/8/2019 15:00,36075.63,31.4,7.1,1.7,5.95,3.68,259
10/8/2019 16:00,36075.67,29.8,7.6,1.7,5.45,6.27,259
10/8/2019 17:00,36075.71,24.6,8.4,1.2,4.96,0,259
10/8/2019 18:00,36075.76,20.4,9.6,0.7,5.13,10,259
10/8/2019 19:00,36075.8,18.8,9.7,0.8,0.52,10,259
10/8/2019 20:00,36075.84,17.7,9,0.5,0.28,10,259
10/8/2019 21:00,36075.88,15.9,9.4,0.8,0.26,10,259
10/8/2019 22:00,36075.92,14.5,10.3,0.5,0.05,10,259
10/8/2019 23:00,36075.97,13.3,10,0.5,0.96,10,259
10/9/2019 0:00,36076,11.9,10.3,0.4,5.36,10,259
10/9/2019 1:00,36076.04,11.9,10.3,0.4,1.71,10,259
10/9/2019 2:00,36076.08,11.8,9.6,0.8,1.92,10,259
10/9/2019 3:00,36076.13,10.8,8.7,0.4,2.06,10,259
10/9/2019 4:00,36076.17,10.9,9.1,0.7,1.62,10,259
10/9/2019 5:00,36076.21,10.9,8.8,1.2,5.29,10,259
10/9/2019 6:00,36076.25,11.9,8.5,1,5.92,0,259
10/9/2019 7:00,36076.29,16.9,7.1,2.6,5.64,0,259
10/9/2019 8:00,36076.34,19.2,7.2,4.9,5.55,0,259
10/9/2019 9:00,36076.38,21.3,6.3,5,5.52,0,259
10/9/2019 10:00,36076.42,22.8,7.7,4.1,5.41,0,259
10/9/2019 11:00,36076.46,23.5,9.1,4.7,5.24,0,259
10/9/2019 12:00,36076.5,24.3,8.9,4.4,5.31,0,259
10/9/2019 13:00,36076.55,24.7,9.1,4.5,5.41,0,259
10/9/2019 14:00,36076.59,24.7,8.2,4.5,5.36,0,259
10/9/2019 15:00,36076.63,24.2,6.2,4.8,5.41,2.86,259
10/9/2019 16:00,36076.67,23,3.9,5,5.48,6.38,259
10/9/2019 17:00,36076.71,20.9,2.1,3.8,5.5,10,259
10/9/2019 18:00,36076.76,18.8,2.4,3,5.29,10,259
10/9/2019 19:00,36076.8,17.5,2.2,2.8,5.32,10,259
10/9/2019 20:00,36076.84,15.4,2.6,2,5.18,10,259
10/9/2019 21:00,36076.88,13.7,2.9,1.8,4.96,10,259
10/9/2019 22:00,36076.92,12.5,2.6,1.8,4.99,10,259
10/9/2019 23:00,36076.97,11.8,2,1.3,5.71,10,259
10/10/2019 0:00,36077,9.7,2.3,0.5,5.76,10,259
10/10/2019 1:00,36077.04,8.5,3.1,0.4,2.58,10,259
10/10/2019 2:00,36077.08,7.4,3.8,0.4,2.15,10,259
10/10/2019 3:00,36077.13,7.4,3.8,0.7,1.64,10,259
10/10/2019 4:00,36077.17,6.8,3.6,0.4,0.19,10,259
10/10/2019 5:00,36077.21,6.1,4.5,0.4,1.59,10,259
10/10/2019 6:00,36077.25,7.6,4.8,0.5,1.22,10,259
10/10/2019 7:00,36077.29,11.7,4.8,1.7,2.23,0,259
10/10/2019 8:00,36077.34,14.3,2.9,2.1,2.86,0,259
10/10/2019 9:00,36077.38,16.8,2.2,2.3,2.97,0,259
10/10/2019 10:00,36077.42,18.7,1.5,2.4,3.3,0,259
10/10/2019 11:00,36077.46,20.7,0.6,2.3,2.98,0,259
10/10/2019 12:00,36077.5,22.1,0.7,1.9,3.32,0,259
10/10/2019 13:00,36077.55,23.3,1.1,2,3.23,0,259
10/10/2019 14:00,36077.59,24.4,0.1,2.1,3.6,0,259
10/10/2019 15:00,36077.63,24.5,-1.4,2.2,4.12,3,259
10/10/2019 16:00,36077.67,23.1,-1.4,1.8,4.15,6.98,259
10/10/2019 17:00,36077.71,19.6,-0.1,1.2,4.15,10,259
10/10/2019 18:00,36077.76,15.4,3.4,0.7,5.5,10,259
10/10/2019 19:00,36077.8,14.1,4,0.4,5.13,10,259
10/10/2019 20:00,36077.84,12.4,5.2,0.4,0.49,10,259
10/10/2019 21:00,36077.88,11.6,5.6,0.4,1.83,10,259
10/10/2019 22:00,36077.92,11.4,6.4,0.4,0.72,10,259
10/10/2019 23:00,36077.97,10.7,6.5,0.4,1.17,10,259
10/11/2019 0:00,36078,9.5,5.9,0.4,0.52,10,259
10/11/2019 1:00,36078.04,9.2,6,0.4,0.84,10,259
10/11/2019 2:00,36078.08,8.2,5.3,0.4,1.03,10,259
10/11/2019 3:00,36078.13,8,4.9,0.5,1.62,10,259
10/11/2019 4:00,36078.17,7.5,4.7,0.8,1.22,10,259
10/11/2019 5:00,36078.21,7.4,4.8,0.5,1.73,10,259
10/11/2019 6:00,36078.25,7.6,5,0.4,4.66,10,259
10/11/2019 7:00,36078.29,13.9,5.6,0.6,1.43,0,259
10/11/2019 8:00,36078.34,17.8,3.2,1.2,2.32,0,259
10/11/2019 9:00,36078.38,20.4,3.8,1.5,3.11,0,259
10/11/2019 10:00,36078.42,22.6,3,1.6,3.87,0,259
10/11/2019 11:00,36078.46,24.1,-0.2,2.1,4.52,0,259
10/11/2019 12:00,36078.5,25.1,0,2.4,4.38,0,259
10/11/2019 13:00,36078.55,25.9,0,2.1,4.83,0,259
10/11/2019 14:00,36078.59,25.7,-0.2,2,3.87,4.04,259
10/11/2019 15:00,36078.63,25.3,1.6,2.2,3.67,4.87,259
10/11/2019 16:00,36078.67,24,1.4,1.6,3.89,7.82,259
10/11/2019 17:00,36078.71,20.7,1.7,0.7,4.36,10,259
10/11/2019 18:00,36078.76,17.5,3.2,0.9,6.28,10,259
10/11/2019 19:00,36078.8,14.6,4.8,0.7,0.75,10,259
10/11/2019 20:00,36078.84,12.6,5.7,0.5,5.52,10,259
10/11/2019 21:00,36078.88,11.2,5.9,0.4,0,10,259
10/11/2019 22:00,36078.92,12.1,4.8,0.4,0.45,10,259
10/11/2019 23:00,36078.97,11.1,3.5,0.4,2.04,10,259
10/12/2019 0:00,36079,8.7,3.4,0.4,4.45,10,259
10/12/2019 1:00,36079.04,7.8,4.7,0.4,5.85,10,259
10/12/2019 2:00,36079.08,8.1,4.7,0.7,1.26,10,259
10/12/2019 3:00,36079.13,7.3,4.8,0.4,0.28,10,259
10/12/2019 4:00,36079.17,6.4,4.8,0.4,1.45,10,259
10/12/2019 5:00,36079.21,6.2,4.8,0.4,0.93,10,259
10/12/2019 6:00,36079.25,6.7,5.1,0.4,2.65,10,259
10/12/2019 7:00,36079.29,12.6,6.2,0.6,1.52,0,259
10/12/2019 8:00,36079.34,17.6,3,1.2,2.84,0,259
10/12/2019 9:00,36079.38,20.3,2.8,1.9,2.97,0,259
10/12/2019 10:00,36079.42,22.4,3.4,1.9,3.14,0,259
10/12/2019 11:00,36079.46,24.4,3.4,1.8,3.37,0,259
10/12/2019 12:00,36079.5,25.7,2.6,1.6,4.03,0,259
10/12/2019 13:00,36079.55,26.8,2.4,1.7,5.22,0,259
10/12/2019 14:00,36079.59,27.3,2.2,1.7,4.89,0,259
10/12/2019 15:00,36079.63,27.1,1.5,1.7,5.6,4.33,259
10/12/2019 16:00,36079.67,25.9,3.1,1.3,5.38,5.04,259
10/12/2019 17:00,36079.71,20.9,4.5,0.6,5.45,10,259
10/12/2019 18:00,36079.76,16.7,5.4,0.5,5.55,10,259
10/12/2019 19:00,36079.8,14.4,6.1,0.6,1.47,10,259
10/12/2019 20:00,36079.84,13.2,6.2,0.4,4.52,10,259
10/12/2019 21:00,36079.88,12,7.1,0.6,0.89,10,259
10/12/2019 22:00,36079.92,10.7,7.4,0.4,4.68,10,259
10/12/2019 23:00,36079.97,10.3,7.1,0.6,0.84,10,259
10/13/2019 0:00,36080,9.9,6.4,0.4,0.93,10,259
10/13/2019 1:00,36080.04,8.6,6.1,0.5,1.99,10,259
10/13/2019 2:00,36080.08,8.1,5.8,0.4,0.44,10,259
10/13/2019 3:00,36080.13,7.1,5.7,0.4,2.02,10,259
10/13/2019 4:00,36080.17,6.8,5.3,0.7,1.83,10,259
10/13/2019 5:00,36080.21,6.7,4.5,0.5,2.06,10,259
10/13/2019 6:00,36080.25,7,4.9,0.8,1.1,10,259
10/13/2019 7:00,36080.29,13.2,4.5,1.8,2.78,0,259
10/13/2019 8:00,36080.34,16.9,3.2,1.9,2.72,0,259
10/13/2019 9:00,36080.38,20.2,2.8,2.3,2.97,0,259
10/13/2019 10:00,36080.42,22.9,3.1,2.5,3.04,0,259
10/13/2019 11:00,36080.46,25,3.3,1.9,3.25,0,259
10/13/2019 12:00,36080.5,26.5,2.9,1.7,4.01,0,259
10/13/2019 13:00,36080.55,27.7,1.3,1.4,5.08,0,259
10/13/2019 14:00,36080.59,28.5,0,1.4,5.38,0,259
10/13/2019 15:00,36080.63,28.7,0.4,1.4,5.39,1.67,259
10/13/2019 16:00,36080.67,25.8,1.9,1.7,5.79,8.45,259
10/13/2019 17:00,36080.71,22.3,2,1.5,5.52,10,259
10/13/2019 18:00,36080.76,20.5,2.9,1.8,5.43,10,259
10/13/2019 19:00,36080.8,20,3.4,2.7,5.52,10,259
10/13/2019 20:00,36080.84,18.4,3.6,2.6,5.45,10,259
10/13/2019 21:00,36080.88,16.8,4.3,2.1,5.39,10,259
10/13/2019 22:00,36080.92,14.8,5,1.9,5.5,10,259
10/13/2019 23:00,36080.97,13.5,5.4,1.4,5.55,10,259
10/14/2019 0:00,36081,11.7,5.8,0.7,4.8,10,259
10/14/2019 1:00,36081.04,10.9,6.1,0.8,5.29,10,259
10/14/2019 2:00,36081.08,9.4,5.8,0.8,5.92,10,259
10/14/2019 3:00,36081.13,7.9,5.9,0.5,5.76,10,259
10/14/2019 4:00,36081.17,7.5,5.8,0.5,2.46,10,259
10/14/2019 5:00,36081.21,6.5,5.1,0.9,1.69,10,259
10/14/2019 6:00,36081.25,7.7,5.6,0.7,1.08,10,259
10/14/2019 7:00,36081.29,12.4,5.9,1.7,2.86,0,259
10/14/2019 8:00,36081.34,15.2,6,1.9,2.69,0,259
10/14/2019 9:00,36081.38,17.9,6.7,2.6,2.76,0,259
10/14/2019 10:00,36081.42,20.5,6.5,3,2.65,0,259
10/14/2019 11:00,36081.46,22.1,6.1,2.6,2.91,0,259
10/14/2019 12:00,36081.5,23.6,5.7,2.1,3.16,0,259
10/14/2019 13:00,36081.55,25.3,4.2,2,4.8,0,259
10/14/2019 14:00,36081.59,26,3.6,2.5,5.41,0,259
10/14/2019 15:00,36081.63,26.2,3,1.9,5.69,3.32,259
10/14/2019 16:00,36081.67,24.8,3.1,1.8,5.41,6.49,259
10/14/2019 17:00,36081.71,20.2,5.4,0.9,5.2,10,259
10/14/2019 18:00,36081.76,17,6.6,0.6,0.17,10,259
10/14/2019 19:00,36081.8,14.3,7.5,0.5,0.65,10,259
10/14/2019 20:00,36081.84,13.1,7.9,0.4,2.93,10,259
10/14/2019 21:00,36081.88,12,8.1,0.5,0.77,10,259
10/14/2019 22:00,36081.92,10.5,8.5,0.5,1.47,10,259
10/14/2019 23:00,36081.97,10.4,7.9,0.6,1.52,10,259
10/15/2019 0:00,36082,9.3,7.6,0.6,1.1,10,259
10/15/2019 1:00,36082.04,9.1,7.2,0.7,1.1,10,259
10/15/2019 2:00,36082.08,7.9,7,0.5,0.59,10,259
10/15/2019 3:00,36082.13,8.7,6.6,0.7,1.29,10,259
10/15/2019 4:00,36082.17,8,6.6,0.7,0.87,10,259
10/15/2019 5:00,36082.21,7.5,6.4,0.5,1.41,10,259
10/15/2019 6:00,36082.25,8.5,6.1,0.7,1.24,10,259
10/15/2019 7:00,36082.29,13.8,6.7,1.2,3.02,0,259
10/15/2019 8:00,36082.34,18,4.7,1.9,2.48,0,259
10/15/2019 9:00,36082.38,20.8,5.5,2.1,2.55,0,259
10/15/2019 10:00,36082.42,22.7,6.3,2.3,3.16,0,259
10/15/2019 11:00,36082.46,24.7,6.3,1.6,3.09,0,259
10/15/2019 12:00,36082.5,26.2,5.7,1.6,4.33,0,259
10/15/2019 13:00,36082.55,27.3,5.9,2,5.24,0,259
10/15/2019 14:00,36082.59,28,5.9,2,5.31,0,259
10/15/2019 15:00,36082.63,28.4,5.5,1.4,5.71,3.25,259
10/15/2019 16:00,36082.67,26.4,6.2,1.8,4.99,6.35,259
10/15/2019 17:00,36082.71,22.4,6.7,1.6,5.13,10,259
10/15/2019 18:00,36082.76,19.3,6.6,0.9,5.2,10,259
10/15/2019 19:00,36082.8,16.6,7.3,0.7,1.54,10,259
10/15/2019 20:00,36082.84,14.2,8,1.5,4.9,10,259
10/15/2019 21:00,36082.88,14.2,7.4,0.6,1.8,10,259
10/15/2019 22:00,36082.92,12.5,7.2,0.4,1.68,10,259
10/15/2019 23:00,36082.97,11.5,7.7,0.4,1.33,10,259
10/16/2019 0:00,36083,10.3,7.8,0.4,1.19,10,259
10/16/2019 1:00,36083.04,9.9,7.7,0.4,1.19,10,259
10/16/2019 2:00,36083.08,8.5,7.3,0.4,1.03,10,259
10/16/2019 3:00,36083.13,9,7.1,1.3,1.5,10,259
10/16/2019 4:00,36083.17,9.7,6.4,0.6,1.01,10,259
10/16/2019 5:00,36083.21,8.1,6.5,1,4.8,10,259
10/16/2019 6:00,36083.25,8.9,7.4,0.8,1.01,10,259
10/16/2019 7:00,36083.29,13.4,8.9,0.8,0.98,0,259
10/16/2019 8:00,36083.34,18.4,6.9,1.7,2.3,3.52,259
10/16/2019 9:00,36083.38,20.6,6.2,2.1,2.84,0,259
10/16/2019 10:00,36083.42,22.5,6.5,2,3.18,4.63,259
10/16/2019 11:00,36083.46,24.3,6.2,1.2,2.71,5.71,259
10/16/2019 12:00,36083.5,26.7,5.8,1.2,3.21,0,259
10/16/2019 13:00,36083.55,26.6,5.2,0.8,2.71,8.53,259
10/16/2019 14:00,36083.59,26.8,6.2,2.3,5.18,7.26,259
10/16/2019 15:00,36083.63,25.9,7,3.1,5.29,8.83,259
10/16/2019 16:00,36083.67,24.1,8,3.2,5.59,9.97,259
10/16/2019 17:00,36083.71,21.6,7.8,2,5.15,10,259
10/16/2019 18:00,36083.76,19.9,8.1,1,4.97,10,259
10/16/2019 19:00,36083.8,19.1,8.4,1.8,5.38,10,259
10/16/2019 20:00,36083.84,18.6,8.6,2,5.6,10,259
10/16/2019 21:00,36083.88,15.1,8.7,0.7,4.14,10,259
10/16/2019 22:00,36083.92,13.9,9.1,0.7,4.68,10,259
10/16/2019 23:00,36083.97,15.8,8.9,3.1,5.55,10,259
10/17/2019 0:00,36084,15.7,8.4,3,5.5,10,259
10/17/2019 1:00,36084.04,15.3,8.2,3.2,5.72,10,259
10/17/2019 2:00,36084.08,14.6,9.3,3,5.6,10,259
10/17/2019 3:00,36084.13,14.2,10.4,2.4,5.45,10,259
10/17/2019 4:00,36084.17,13.7,11,2.5,5.36,10,259
10/17/2019 5:00,36084.21,13.3,11.7,2.7,5.57,10,259
10/17/2019 6:00,36084.25,13.6,12.3,3.1,5.64,10,259
10/17/2019 7:00,36084.29,15.7,13.2,4.8,5.6,0,259
10/17/2019 8:00,36084.34,17.9,13.2,5.6,5.6,0,259
10/17/2019 9:00,36084.38,19.4,12.7,5.6,5.52,0,259
10/17/2019 10:00,36084.42,20.6,12.5,4.5,5.29,0,259
10/17/2019 11:00,36084.46,21.6,11.9,4.9,5.27,0,259
10/17/2019 12:00,36084.5,22.5,9.2,5.9,5.6,0,259
10/17/2019 13:00,36084.55,22.6,9,6.1,5.59,0,259
10/17/2019 14:00,36084.59,22.6,9.1,6,5.45,1,259
10/17/2019 15:00,36084.63,22.1,8.4,5.9,5.55,4.38,259
10/17/2019 16:00,36084.67,21.2,6.5,5.8,5.5,7.26,259
10/17/2019 17:00,36084.71,19.4,6.4,4.6,5.38,10,259
10/17/2019 18:00,36084.76,18.1,6,3.7,5.39,10,259
10/17/2019 19:00,36084.8,17.5,5.9,4.4,5.52,10,259
10/17/2019 20:00,36084.84,16.7,4.5,4.1,5.53,10,259
10/17/2019 21:00,36084.88,15.2,6.4,3.6,5.64,10,259
10/17/2019 22:00,36084.92,14,7.2,3.3,5.5,10,259
10/17/2019 23:00,36084.97,13.5,7.6,4.1,5.43,10,259
10/18/2019 0:00,36085,12.6,7.7,3.4,5.5,10,259
10/18/2019 1:00,36085.04,11.5,7.6,2.2,5.31,10,259
10/18/2019 2:00,36085.08,10.9,7.9,2.2,5.38,10,259
10/18/2019 3:00,36085.13,9.3,7.8,1.7,5.6,10,259
10/18/2019 4:00,36085.17,8.8,7.8,1.8,5.41,10,259
10/18/2019 5:00,36085.21,8.9,7.2,2.5,5.69,10,259
10/18/2019 6:00,36085.25,8.1,6.9,1,0.09,10,259
10/18/2019 7:00,36085.29,10.8,8,0.6,5.25,0,259
10/18/2019 8:00,36085.34,13.7,8.4,0.9,5.03,0,259
10/18/2019 9:00,36085.38,16,8.7,2.1,2.39,0,259
10/18/2019 10:00,36085.42,18,8.7,2.6,2.69,0,259
10/18/2019 11:00,36085.46,19.4,8.6,2.4,2.79,0,259
10/18/2019 12:00,36085.5,20.3,8.1,1.9,3.67,0,259
10/18/2019 13:00,36085.55,21.5,8.3,1.5,3.53,0,259
10/18/2019 14:00,36085.59,22,7.9,1.8,4.75,3.3,259
10/18/2019 15:00,36085.63,22.3,6.7,2.2,5.52,3.52,259
10/18/2019 16:00,36085.67,21.5,5.7,2.4,5.52,6.28,259
10/18/2019 17:00,36085.71,18.1,5.7,0.9,5.46,10,259
10/18/2019 18:00,36085.76,15.9,5.9,0.4,6.11,10,259
10/18/2019 19:00,36085.8,13.5,7.1,0.4,1.99,10,259
10/18/2019 20:00,36085.84,11.7,7.2,0.4,6.11,10,259
10/18/2019 21:00,36085.88,11.7,8,0.9,5.17,10,259
10/18/2019 22:00,36085.92,12.7,7.3,1.8,5.06,10,259
10/18/2019 23:00,36085.97,12.3,7.3,2.3,5.43,10,259
10/19/2019 0:00,36086,11.2,6.9,1.5,5.76,10,259
10/19/2019 1:00,36086.04,9.9,6.8,1.1,5.97,10,259
10/19/2019 2:00,36086.08,8.3,6.6,0.7,0.17,10,259
10/19/2019 3:00,36086.13,7,6.5,0.4,5.6,10,259
10/19/2019 4:00,36086.17,7.3,7,0.7,5.53,10,259
10/19/2019 5:00,36086.21,6.7,6.5,0.7,5.79,10,259
10/19/2019 6:00,36086.25,7.6,7.2,0.8,1.59,10,259
10/19/2019 7:00,36086.29,10.9,8.1,0.4,5.74,0,259
10/19/2019 8:00,36086.34,14.6,8,0.9,3.74,0,259
10/19/2019 9:00,36086.38,16.6,7.9,2.1,3.91,0,259
10/19/2019 10:00,36086.42,18.9,8.2,1.7,4.54,0,259
10/19/2019 11:00,36086.46,20.7,8.4,2.4,5.52,0,259
10/19/2019 12:00,36086.5,22,8.2,2.4,5.06,0,259
10/19/2019 13:00,36086.55,22.7,8.2,2.1,4.9,0,259
10/19/2019 14:00,36086.59,23.4,7.7,2.6,5.29,0,259
10/19/2019 15:00,36086.63,23.5,7.6,2.6,5.62,2.96,259
10/19/2019 16:00,36086.67,22.9,9.3,3.1,5.65,5.42,259
10/19/2019 17:00,36086.71,20.9,10.4,3.2,5.55,10,259
10/19/2019 18:00,36086.76,19.1,10.9,1.9,5.55,10,259
10/19/2019 19:00,36086.8,17.5,11.5,1.4,5.22,10,259
10/19/2019 20:00,36086.84,17.7,12.2,1.6,5.55,10,259
10/19/2019 21:00,36086.88,17.5,12.6,3.3,5.57,10,259
10/19/2019 22:00,36086.92,16.6,13.2,4.4,5.55,10,259
10/19/2019 23:00,36086.97,15.8,13.4,3.7,5.72,10,259
10/20/2019 0:00,36087,14.8,13.3,2.5,5.67,10,259
10/20/2019 1:00,36087.04,14.4,13.4,2.7,5.72,10,259
10/20/2019 2:00,36087.08,13.3,13.1,2.4,5.62,10,259
10/20/2019 3:00,36087.13,12.9,12.8,2.1,5.6,10,259
10/20/2019 4:00,36087.17,12.7,12.5,2.8,5.55,10,259
10/20/2019 5:00,36087.21,12.6,12.5,2.6,5.72,10,259
10/20/2019 6:00,36087.25,12.5,12.4,2.4,5.83,10,259
10/20/2019 7:00,36087.29,12.8,12.7,1.9,5.95,8.05,259
10/20/2019 8:00,36087.34,13.7,13.2,1.4,5.9,3.98,259
10/20/2019 9:00,36087.38,16.3,12.2,1.2,2.74,0,259
10/20/2019 10:00,36087.42,18.3,12.1,1.8,3.98,0,259
10/20/2019 11:00,36087.46,19.9,12.3,1.7,3.54,0,259
10/20/2019 12:00,36087.5,21.5,11.7,1.4,5.32,0,259
10/20/2019 13:00,36087.55,22.4,10.5,1.7,6.28,0,259
10/20/2019 14:00,36087.59,23.2,10.5,1.7,5.83,0,259
10/20/2019 15:00,36087.63,23.4,9.8,1.5,1.08,3.73,259
10/20/2019 16:00,36087.67,22.7,9.6,1,1.17,6.67,259
10/20/2019 17:00,36087.71,19.4,9.9,1,5.71,10,259
10/20/2019 18:00,36087.76,17.3,8,0.9,5.25,10,259
10/20/2019 19:00,36087.8,15.4,8,0.7,0.51,10,259
10/20/2019 20:00,36087.84,13.1,8.5,0.8,4.78,10,259
10/20/2019 21:00,36087.88,12.5,8.3,1.5,1.05,10,259
10/20/2019 22:00,36087.92,11.7,8,0.4,3.49,10,259
10/20/2019 23:00,36087.97,10.8,8.8,0.5,0.87,10,259
10/21/2019 0:00,36088,10.3,9,0.9,1.36,10,259
10/21/2019 1:00,36088.04,10,9.2,0.8,0.59,10,259
10/21/2019 2:00,36088.08,9.4,9.1,0.9,0.79,10,259
10/21/2019 3:00,36088.13,9.2,9,0.8,0.82,10,259
10/21/2019 4:00,36088.17,9.3,9.2,0.9,1.76,10,259
10/21/2019 5:00,36088.21,9.1,9,0.6,0.94,10,259
10/21/2019 6:00,36088.25,9.8,9.7,1.1,1.57,10,259
10/21/2019 7:00,36088.29,13.9,11.6,2.4,2.48,0,259
10/21/2019 8:00,36088.34,16.3,9.4,2.8,2.64,0,259
10/21/2019 9:00,36088.38,18.6,10.3,3.1,2.72,0,259
10/21/2019 10:00,36088.42,20.8,10,2.8,2.72,0,259
10/21/2019 11:00,36088.46,22.4,9.1,2.6,3,0,259
10/21/2019 12:00,36088.5,23.7,8.4,2,3.49,0,259
10/21/2019 13:00,36088.55,24.8,8.1,1.5,3.82,0,259
10/21/2019 14:00,36088.59,25.7,8.2,1,4.9,0,259
10/21/2019 15:00,36088.63,25.9,8.6,0.7,0.75,3.68,259
10/21/2019 16:00,36088.67,24.8,9.1,1.1,5.32,7.07,259
10/21/2019 17:00,36088.71,20.3,9.9,1.2,5.08,10,259
10/21/2019 18:00,36088.76,17.1,10.3,0.6,5.36,10,259
10/21/2019 19:00,36088.8,16.6,9.7,0.4,1.17,10,259
10/21/2019 20:00,36088.84,14.4,10.3,0.4,2.44,10,259
10/21/2019 21:00,36088.88,14.8,10.1,0.6,1.24,10,259
10/21/2019 22:00,36088.92,13.2,9.8,0.5,0.45,10,259
10/21/2019 23:00,36088.97,11.6,9.8,0.5,5.2,10,259
10/22/2019 0:00,36089,11.2,9.7,0.5,0.8,10,259
10/22/2019 1:00,36089.04,10.6,9.7,0.4,1.97,10,259
10/22/2019 2:00,36089.08,10,9.3,0.4,5.97,10,259
10/22/2019 3:00,36089.13,10.1,9.9,0.4,2.09,10,259
10/22/2019 4:00,36089.17,9.5,9.2,0.4,0.38,10,259
10/22/2019 5:00,36089.21,9.1,8.9,0.4,1.8,10,259
10/22/2019 6:00,36089.25,9.6,9.2,0.4,0.7,10,259
10/22/2019 7:00,36089.29,15.4,11.3,0.5,1.29,0,259
10/22/2019 8:00,36089.34,19.9,10.4,1,2.72,0,259
10/22/2019 9:00,36089.38,22.5,10.5,1.4,3.14,0,259
10/22/2019 10:00,36089.42,24.2,10.5,1.4,3.79,0,259
10/22/2019 11:00,36089.46,25.6,10.5,1.2,4.38,0,259
10/22/2019 12:00,36089.5,26.7,10.5,1.5,4.63,0,259
10/22/2019 13:00,36089.55,27.7,10.5,1.5,4.63,0,259
10/22/2019 14:00,36089.59,28.1,10.5,1.8,4.76,0,259
10/22/2019 15:00,36089.63,28,10.2,1.8,5.24,3.35,259
10/22/2019 16:00,36089.67,26.4,10.5,1.4,5.22,6.54,259
10/22/2019 17:00,36089.71,21.2,11,1.1,4.94,10,259
10/22/2019 18:00,36089.76,18.8,10.8,0.4,6.16,10,259
10/22/2019 19:00,36089.8,16.7,11.2,0.4,0.93,10,259
10/22/2019 20:00,36089.84,15.3,11,0.4,1.4,10,259
10/22/2019 21:00,36089.88,14.4,11.4,0.4,1.54,10,259
10/22/2019 22:00,36089.92,14,11.3,0.4,0.93,10,259
10/22/2019 23:00,36089.97,12.4,10.7,0.4,1.47,10,259
10/23/2019 0:00,36090,12.3,10.7,0.4,0.05,10,259
10/23/2019 1:00,36090.04,11.8,10.9,0.5,1.13,10,259
10/23/2019 2:00,36090.08,11.2,10.4,0.5,1.06,10,259
10/23/2019 3:00,36090.13,11,10.4,0.7,0.98,10,259
10/23/2019 4:00,36090.17,10.7,10.4,0.5,0.19,10,259
10/23/2019 5:00,36090.21,10.6,10.3,0.8,1.54,10,259
10/23/2019 6:00,36090.25,10.2,9.6,0.7,5.57,10,259
10/23/2019 7:00,36090.29,15.2,11.5,1.2,1.71,0,259
10/23/2019 8:00,36090.34,19,10.7,1.8,2.91,0,259
10/23/2019 9:00,36090.38,21.4,11.3,2,2.91,0,259
10/23/2019 10:00,36090.42,23.9,11.1,2.1,3.89,0,259
10/23/2019 11:00,36090.46,25.4,10.8,3.2,4.57,0,259
10/23/2019 12:00,36090.5,26.1,10.6,3.4,4.5,0,259
10/23/2019 13:00,36090.55,26.7,10.7,2.4,4.73,0,259
10/23/2019 14:00,36090.59,27.1,11.1,1.8,4.64,0,259
10/23/2019 15:00,36090.63,27,11.1,1.7,4.61,3.71,259
10/23/2019 16:00,36090.67,25.7,11,1.4,4.8,6.8,259
10/23/2019 17:00,36090.71,21.1,11.6,0.9,5.31,10,259
10/23/2019 18:00,36090.76,18.3,11.7,0.5,5.03,10,259
10/23/2019 19:00,36090.8,16.1,11.9,0.5,4.68,10,259
10/23/2019 20:00,36090.84,15.6,12.5,0.5,0.24,10,259
10/23/2019 21:00,36090.88,14.8,12.1,0.4,0.91,10,259
10/23/2019 22:00,36090.92,13.6,12,0.4,0.65,10,259
10/23/2019 23:00,36090.97,12.6,11.6,0.4,0.54,10,259
10/24/2019 0:00,36091,11.6,11.3,0.4,2.62,10,259
10/24/2019 1:00,36091.04,11.1,10.9,0.7,6.11,10,259
10/24/2019 2:00,36091.08,10.5,10.4,0.8,0.49,10,259
10/24/2019 3:00,36091.13,10.2,10.1,0.7,0.77,10,259
10/24/2019 4:00,36091.17,9.8,9.6,0.6,1.1,10,259
10/24/2019 5:00,36091.21,9.6,9.5,0.5,0.68,10,259
10/24/2019 6:00,36091.25,10,9.8,0.6,6.07,10,259
10/24/2019 7:00,36091.29,14.6,11.6,1.1,0.23,0,259
10/24/2019 8:00,36091.34,19.5,10.3,0.8,2.36,0,259
10/24/2019 9:00,36091.38,23.9,15.9,1.2,4.01,0,259
10/24/2019 10:00,36091.42,24.9,10.4,1.4,3.72,0,259
10/24/2019 11:00,36091.46,26.3,10.7,1.4,3.47,0,259
10/24/2019 12:00,36091.5,27.8,11.1,1.2,3.8,0,259
10/24/2019 13:00,36091.55,29,10.6,1.3,3.87,0,259
10/24/2019 14:00,36091.59,29.7,9.3,1.3,4.63,0,259
10/24/2019 15:00,36091.63,29.5,9.4,1.4,4.97,2.99,259
10/24/2019 16:00,36091.67,27.6,9.7,1.8,5.6,4.52,259
10/24/2019 17:00,36091.71,22.6,10,1.1,5.31,10,259
10/24/2019 18:00,36091.76,20.4,10,0.9,5.72,10,259
10/24/2019 19:00,36091.8,17.9,10.5,0.7,0.65,10,259
10/24/2019 20:00,36091.84,16.1,10.9,0.4,0.59,10,259
10/24/2019 21:00,36091.88,15.6,11.2,0.4,1.4,10,259
10/24/2019 22:00,36091.92,14.5,10.9,0.4,4.99,10,259
10/24/2019 23:00,36091.97,14.1,10.9,0.6,2.9,10,259
10/25/2019 0:00,36092,13.4,10.5,0.4,6.25,10,259
10/25/2019 1:00,36092.04,13,10.7,0.4,0.82,10,259
10/25/2019 2:00,36092.08,11.9,10.3,0.4,0.61,10,259
10/25/2019 3:00,36092.13,11.2,10.8,0.4,0.87,10,259
10/25/2019 4:00,36092.17,10.6,10.4,0.4,3.47,10,259
10/25/2019 5:00,36092.21,10.8,10.4,0.4,1.17,10,259
10/25/2019 6:00,36092.25,10.9,9.7,0.5,0.12,10,259
10/25/2019 7:00,36092.29,16,10.9,0.8,5.41,0,259
10/25/2019 8:00,36092.34,20.8,9.5,0.7,3.4,0,259
10/25/2019 9:00,36092.38,23.6,9,0.9,2.98,0,259
10/25/2019 10:00,36092.42,25.6,9.4,1.1,2.86,0,259
10/25/2019 11:00,36092.46,27.7,9.2,1.1,3.7,0,259
10/25/2019 12:00,36092.5,29.3,8.5,1.3,4.29,0,259
10/25/2019 13:00,36092.55,30,8.1,1.8,4.75,0,259
10/25/2019 14:00,36092.59,30.2,8.1,2.1,5.43,0,259
10/25/2019 15:00,36092.63,29.6,7.5,2.2,5.38,2.92,259
10/25/2019 16:00,36092.67,27.4,7.2,1.7,5.11,6.6,259
10/25/2019 17:00,36092.71,21.7,7.8,0.8,5.13,10,259
10/25/2019 18:00,36092.76,19.4,8,0.4,3.25,10,259
10/25/2019 19:00,36092.8,17.5,8.9,0.5,1.38,10,259
10/25/2019 20:00,36092.84,15.2,9.7,0.4,6.16,10,259
10/25/2019 21:00,36092.88,14.4,10.1,0.4,0.63,10,259
10/25/2019 22:00,36092.92,13.1,10,0.4,0.09,10,259
10/25/2019 23:00,36092.97,12.3,10.3,0.4,1.43,10,259
10/26/2019 0:00,36093,11.8,9.8,0.4,0.79,10,259
10/26/2019 1:00,36093.04,11,9.3,0.4,1.45,10,259
10/26/2019 2:00,36093.08,10,8.4,0.4,6.18,10,259
10/26/2019 3:00,36093.13,9.8,8.4,0.4,0.3,10,259
10/26/2019 4:00,36093.17,9.4,8.5,0.6,1.17,10,259
10/26/2019 5:00,36093.21,9.9,8.3,0.6,1.29,10,259
10/26/2019 6:00,36093.25,9.4,7.8,0.7,0.45,10,259
10/26/2019 7:00,36093.29,14.2,9.4,0.5,1.83,0,259
10/26/2019 8:00,36093.34,19,7.8,1.8,2.84,0,259
10/26/2019 9:00,36093.38,22.1,7.4,1.3,2.86,0,259
10/26/2019 10:00,36093.42,24.4,7.3,1.7,3.23,0,259
10/26/2019 11:00,36093.46,26.1,7,2.3,3.8,0,259
10/26/2019 12:00,36093.5,27.1,6.6,1.8,3.77,0,259
10/26/2019 13:00,36093.55,28.1,6.8,1.6,4.75,0,259
10/26/2019 14:00,36093.59,28.8,7.2,1.3,5.08,0,259
10/26/2019 15:00,36093.63,28.6,6.8,1.4,5.25,3.18,259
10/26/2019 16:00,36093.67,26.3,7.5,1.4,5.31,6.98,259
10/26/2019 17:00,36093.71,20.7,9.3,0.6,4.68,10,259
10/26/2019 18:00,36093.76,18.2,9.4,0.6,6.07,10,259
10/26/2019 19:00,36093.8,16.4,9.1,0.4,0,10,259
10/26/2019 20:00,36093.84,15.4,9.1,0.8,4.05,10,259
10/26/2019 21:00,36093.88,14,9.1,0.7,0.94,10,259
10/26/2019 22:00,36093.92,13.1,9.1,0.4,0.35,10,259
10/26/2019 23:00,36093.97,11.7,9.6,0.4,6.23,10,259
10/27/2019 0:00,36094,11.7,9.2,0.4,1.03,10,259
10/27/2019 1:00,36094.04,9.9,8.5,0.4,6.09,10,259
10/27/2019 2:00,36094.08,9.5,8.8,0.7,5.5,10,259
10/27/2019 3:00,36094.13,11.6,7.3,3.1,5.45,10,259
10/27/2019 4:00,36094.17,11.7,3.7,4.2,5.5,10,259
10/27/2019 5:00,36094.21,10.7,2.1,2.9,5.34,10,259
10/27/2019 6:00,36094.25,10.7,-0.2,3.2,5.25,10,259
10/27/2019 7:00,36094.29,11.7,-1.1,3.9,5.41,0,259
10/27/2019 8:00,36094.34,13.2,-2,5,5.53,0,259
10/27/2019 9:00,36094.38,14.6,-2.2,4.4,5.55,0,259
10/27/2019 10:00,36094.42,15.6,-2,3.9,5.41,0,259
10/27/2019 11:00,36094.46,16.7,-2,2.6,4.85,0,259
10/27/2019 12:00,36094.5,17.5,-1.8,2,4.71,0,259
10/27/2019 13:00,36094.55,18.3,-1.1,2.9,5.59,2.9,259
10/27/2019 14:00,36094.59,18.8,-1.2,2.9,0.09,3.5,259
10/27/2019 15:00,36094.63,18.9,-0.8,3.4,0.28,5.57,259
10/27/2019 16:00,36094.67,18.1,-0.7,1.4,2.25,7.77,259
10/27/2019 17:00,36094.71,15.3,0.3,1,3.19,10,259
10/27/2019 18:00,36094.76,12.2,1.8,0.4,1.17,10,259
10/27/2019 19:00,36094.8,10.3,2.6,0.4,0.79,10,259
10/27/2019 20:00,36094.84,8.9,3.2,0.7,4.36,10,259
10/27/2019 21:00,36094.88,7.9,3.8,1.2,1.12,10,259
10/27/2019 22:00,36094.92,7,3.6,0.8,1.61,10,259
10/27/2019 23:00,36094.97,7.3,3.1,0.7,0.21,10,259
10/28/2019 0:00,36095,6.7,2.9,0.9,1.03,10,259
10/28/2019 1:00,36095.04,6.2,3.4,0.8,5.83,10,259
10/28/2019 2:00,36095.08,5.9,3.3,0.8,5.71,10,259
10/28/2019 3:00,36095.13,5.2,2.4,0.7,5.95,10,259
10/28/2019 4:00,36095.17,4.4,2.9,0.5,5.64,10,259
10/28/2019 5:00,36095.21,4.5,3.1,0.6,5.85,10,259
10/28/2019 6:00,36095.25,4.7,2.9,0.8,1.27,10,259
10/28/2019 7:00,36095.29,7.8,4.1,0.5,1.54,0,259
10/28/2019 8:00,36095.34,12.1,2.4,1.9,1.85,0,259
10/28/2019 9:00,36095.38,15.4,2,2.2,2.3,0,259
10/28/2019 10:00,36095.42,17.6,1.5,2.4,3.09,0,259
10/28/2019 11:00,36095.46,18.9,0.6,2.4,3.3,0,259
10/28/2019 12:00,36095.5,19.8,-0.7,2.3,3.79,0,259
10/28/2019 13:00,36095.55,20.6,-2.1,1.8,3.39,0,259
10/28/2019 14:00,36095.59,21.1,-2.4,1.5,3.04,0,259
10/28/2019 15:00,36095.63,21.4,-2.9,0.9,5.27,4.91,259
10/28/2019 16:00,36095.67,19.7,-1.6,0.9,5.32,7.92,259
10/28/2019 17:00,36095.71,15.1,1.5,0.6,5.22,10,259
10/28/2019 18:00,36095.76,11.5,2.8,0.7,5.34,10,259
10/28/2019 19:00,36095.8,10.5,2.5,0.4,6.04,10,259
10/28/2019 20:00,36095.84,8.9,2.5,0.4,0.19,10,259
10/28/2019 21:00,36095.88,7.9,3,0.5,3.53,10,259
10/28/2019 22:00,36095.92,7.2,2.9,0.5,2.6,10,259
10/28/2019 23:00,36095.97,7.1,2.4,0.4,2.53,10,259
10/29/2019 0:00,36096,5.9,2.3,0.4,5.79,10,259
10/29/2019 1:00,36096.04,5.2,2.4,0.4,0.7,10,259
10/29/2019 2:00,36096.08,5.1,2.7,0.4,1.82,10,259
10/29/2019 3:00,36096.13,4.9,2.8,0.4,1.06,10,259
10/29/2019 4:00,36096.17,4.6,2.4,0.4,1.33,10,259
10/29/2019 5:00,36096.21,3.8,2,0.4,4.78,10,259
10/29/2019 6:00,36096.25,3.8,2.7,0.4,2.76,10,259
10/29/2019 7:00,36096.29,7.8,4.1,0.7,1.12,0,259
10/29/2019 8:00,36096.34,12.3,1.8,2.1,2.3,0,259
10/29/2019 9:00,36096.38,14.7,1.3,2.1,2.98,0,259
10/29/2019 10:00,36096.42,16.7,1.8,1.8,3.67,0,259
10/29/2019 11:00,36096.46,18.7,0.3,2.1,4.49,0,259
10/29/2019 12:00,36096.5,19.9,-1.8,2.4,5.29,0,259
10/29/2019 13:00,36096.55,20.3,-1.2,2.9,5.24,0,259
10/29/2019 14:00,36096.59,20.5,-1.5,3,5.39,0,259
10/29/2019 15:00,36096.63,20.1,-1.6,3.1,5.43,4.13,259
10/29/2019 16:00,36096.67,18.4,-3.1,2.1,5.41,7.29,259
10/29/2019 17:00,36096.71,14.3,-1.9,1.4,4.82,10,259
10/29/2019 18:00,36096.76,11.9,-0.4,0.9,5.17,10,259
10/29/2019 19:00,36096.8,10.6,0.5,0.4,1.4,10,259
10/29/2019 20:00,36096.84,9.3,1.6,0.5,1.55,10,259
10/29/2019 21:00,36096.88,7.7,2.1,0.6,5.78,10,259
10/29/2019 22:00,36096.92,6.8,2.4,0.4,1.15,10,259
10/29/2019 23:00,36096.97,6.3,2.5,0.4,2.69,10,259
10/30/2019 0:00,36097,5,2.1,0.6,0.49,10,259
10/30/2019 1:00,36097.04,4,1.9,0.4,0.05,10,259
10/30/2019 2:00,36097.08,3.4,1.8,0.6,5.31,10,259
10/30/2019 3:00,36097.13,3.7,1.3,0.6,0.17,10,259
10/30/2019 4:00,36097.17,3.1,1.5,0.7,1.85,10,259
10/30/2019 5:00,36097.21,3.2,2,0.4,1.33,10,259
10/30/2019 6:00,36097.25,3.8,1.4,1,1.62,10,259
10/30/2019 7:00,36097.29,8,2.1,1.8,2.57,0,259
10/30/2019 8:00,36097.34,12.3,1.6,2.4,2.3,0,259
10/30/2019 9:00,36097.38,15.6,-1.2,3.8,2.69,0,259
10/30/2019 10:00,36097.42,17.5,-7.5,4.1,3,0,259
10/30/2019 11:00,36097.46,18.1,-8.6,3.1,2.93,0,259
10/30/2019 12:00,36097.5,18.6,-9.1,2.7,3.19,0,259
10/30/2019 13:00,36097.55,19.1,-8.2,2.3,3.23,0,259
10/30/2019 14:00,36097.59,19.6,-7.4,1.6,3.12,0,259
10/30/2019 15:00,36097.63,20.1,-7.2,0.8,3.74,4.47,259
10/30/2019 16:00,36097.67,18.8,-6.2,0.5,5.43,7.71,259
10/30/2019 17:00,36097.71,13.1,-1.7,0.7,5.52,10,259
10/30/2019 18:00,36097.76,10.7,-0.7,0.7,1.57,10,259
10/30/2019 19:00,36097.8,9.1,-0.2,0.5,2.86,10,259
10/30/2019 20:00,36097.84,7.9,-0.2,0.4,6.27,10,259
10/30/2019 21:00,36097.88,6.5,0.3,0.5,4.45,10,259
10/30/2019 22:00,36097.92,5.7,-0.1,0.6,4.56,10,259
10/30/2019 23:00,36097.97,4.9,-1.3,0.8,5.11,10,259
10/31/2019 0:00,36098,3.7,0.3,0.4,5.46,10,259
10/31/2019 1:00,36098.04,3.7,0.2,0.4,0.93,10,259
10/31/2019 2:00,36098.08,3.5,0.5,0.6,1.73,10,259
10/31/2019 3:00,36098.13,2.8,-1.3,0.7,1.83,10,259
10/31/2019 4:00,36098.17,1.8,-2.3,0.7,1.31,10,259
10/31/2019 5:00,36098.21,0.6,-2.1,0.5,0.17,10,259
10/31/2019 6:00,36098.25,0.7,-1.6,0.5,5.25,10,259
10/31/2019 7:00,36098.29,6.4,0.3,0.5,0.99,0,259
10/31/2019 8:00,36098.34,11.8,-2.5,1.2,2.51,0,259
10/31/2019 9:00,36098.38,15.2,-4.5,2.1,3.37,0,259
10/31/2019 10:00,36098.42,17.7,-7.4,2.1,3.33,0,259
10/31/2019 11:00,36098.46,18.7,-6.9,2.5,4.28,0,259
10/31/2019 12:00,36098.5,19.5,-6.6,2.2,4.75,0,259
10/31/2019 13:00,36098.55,20.2,-6.6,1.9,4.87,0,259
10/31/2019 14:00,36098.59,20.7,-5.9,1.9,5.67,0,259
10/31/2019 15:00,36098.63,20.5,-5.4,2.2,5.59,3.86,259
10/31/2019 16:00,36098.67,18.7,-4,1.4,5.45,7.32,259
10/31/2019 17:00,36098.71,12.8,-1.5,0.9,5.25,10,259
10/31/2019 18:00,36098.76,9.7,-0.4,0.6,5.88,10,259
10/31/2019 19:00,36098.8,8.2,0.2,0.5,4.71,10,259
10/31/2019 20:00,36098.84,7.8,0.9,0.5,0.93,10,259
10/31/2019 21:00,36098.88,7.4,1.5,0.8,1.29,10,259
10/31/2019 22:00,36098.92,4.9,1,0.5,0.23,10,259
10/31/2019 23:00,36098.97,4.1,1.2,0.5,0.89,10,259
11/1/2019 0:00,36099,3.8,0.7,0.9,1.03,10,259
11/1/2019 1:00,36099.04,3.5,0,0.7,0.68,10,259
11/1/2019 2:00,36099.08,2.9,-0.1,0.5,1.33,10,259
11/1/2019 3:00,36099.13,2.6,0.1,0.4,0.98,10,259
11/1/2019 4:00,36099.17,2.3,-0.3,0.7,0.7,10,259
11/1/2019 5:00,36099.21,1,-0.7,0.6,5.81,10,259
11/1/2019 6:00,36099.25,2.2,0,0.5,1.24,10,259
11/1/2019 7:00,36099.29,7,1.1,0.5,1.97,0,259
11/1/2019 8:00,36099.34,12.2,-2.2,1.5,2.43,0,259
11/1/2019 9:00,36099.38,15.4,-3.5,1.5,3,0,259
11/1/2019 10:00,36099.42,17.7,-3.5,1.5,3.46,0,259
11/1/2019 11:00,36099.46,19.4,-3,1.4,3.75,0,259
11/1/2019 12:00,36099.5,21,-2.7,1.4,4.21,0,259
11/1/2019 13:00,36099.55,22.1,-2.9,1.3,4.24,0,259
11/1/2019 14:00,36099.59,22.6,-3.1,1.1,3.39,0,259
11/1/2019 15:00,36099.63,22.9,-2.9,0.8,0.51,4.37,259
11/1/2019 16:00,36099.67,21.3,-1.2,0.7,5.25,7.68,259
11/1/2019 17:00,36099.71,14.8,1.5,0.6,4.87,10,259
11/1/2019 18:00,36099.76,10.3,1.8,0.4,5.86,10,259
11/1/2019 19:00,36099.8,8.8,3.6,0.4,1.59,10,259
11/1/2019 20:00,36099.84,8.1,2.9,0.5,0.54,10,259
11/1/2019 21:00,36099.88,7.5,3.3,0.9,1.34,10,259
11/1/2019 22:00,36099.92,6.2,2.9,0.5,0.63,10,259
11/1/2019 23:00,36099.97,4.7,2.4,0.4,0.24,10,259
11/2/2019 0:00,36100,4.4,1.5,0.4,3.84,10,259
11/2/2019 1:00,36100.04,4.1,1.1,0.4,1.26,10,259
11/2/2019 2:00,36100.08,4,1.3,0.5,1.17,10,259
11/2/2019 3:00,36100.13,3.3,0.6,0.6,2.37,10,259
11/2/2019 4:00,36100.17,2.6,0.2,0.4,0.03,10,259
11/2/2019 5:00,36100.21,2.8,0.2,0.6,0.77,10,259
11/2/2019 6:00,36100.25,2.9,-0.1,0.4,5.92,10,259
11/2/2019 7:00,36100.29,7.3,1.7,0.4,0.89,0,259
11/2/2019 8:00,36100.34,12.5,0,1.3,2.88,0,259
11/2/2019 9:00,36100.38,15.3,-0.5,1.3,2.97,0,259
11/2/2019 10:00,36100.42,18.2,-0.5,1.3,3.89,0,259
11/2/2019 11:00,36100.46,20.4,0,1.7,5.01,0,259
11/2/2019 12:00,36100.5,21.8,-0.1,2.1,5.32,0,259
11/2/2019 13:00,36100.55,23.1,0.4,1.8,5.45,0,259
11/2/2019 14:00,36100.59,23.7,-0.2,1.8,5.06,0,259
11/2/2019 15:00,36100.63,23.7,-0.6,2,5.45,3.95,259
11/2/2019 16:00,36100.67,21.1,0.6,1.6,5.2,7.15,259
11/2/2019 17:00,36100.71,15,1.9,0.7,4.45,10,259
11/2/2019 18:00,36100.76,12.2,2.8,0.6,6.27,10,259
11/2/2019 19:00,36100.8,10.3,4,0.6,1.19,10,259
11/2/2019 20:00,36100.84,8.8,4.2,0.5,1.64,10,259
11/2/2019 21:00,36100.88,7.6,3.9,0.4,0.56,10,259
11/2/2019 22:00,36100.92,6.9,3.7,0.7,1.1,10,259
11/2/2019 23:00,36100.97,5.4,3.4,0.5,0.45,10,259
11/3/2019 0:00,36101,5,4.2,0.4,1.4,10,259
11/3/2019 1:00,36101.04,4.8,3.3,0.9,1.03,10,259
11/3/2019 2:00,36101.08,4.5,3.2,0.6,1.26,10,259
11/3/2019 3:00,36101.13,3.6,2.3,0.5,0.94,10,259
11/3/2019 4:00,36101.17,3.6,2.6,0.4,1.29,10,259
11/3/2019 5:00,36101.21,3.1,2,0.5,0.72,10,259
11/3/2019 6:00,36101.25,3.4,2.1,0.5,1.19,10,259
11/3/2019 7:00,36101.29,7.8,3.1,0.4,2.32,0,259
11/3/2019 8:00,36101.34,13.2,1.3,1.4,2.88,0,259
11/3/2019 9:00,36101.38,16.3,1,1.8,3.12,0,259
11/3/2019 10:00,36101.42,19,1.7,1.7,3.19,0,259
11/3/2019 11:00,36101.46,21,2,1.5,3.28,0,259
11/3/2019 12:00,36101.5,22.9,1.4,1.4,4.97,0,259
11/3/2019 13:00,36101.55,23.9,1.2,1.7,5.67,0,259
11/3/2019 14:00,36101.59,24.4,0.6,1.6,5.6,0,259
11/3/2019 15:00,36101.63,24.5,1.4,1.6,5.46,4.34,259
11/3/2019 16:00,36101.67,21.9,2.3,1.1,4.96,7.34,259
11/3/2019 17:00,36101.71,16.1,4,0.6,4.73,10,259
11/3/2019 18:00,36101.76,13.2,4.9,0.6,6.2,10,259
11/3/2019 19:00,36101.8,11.9,4.4,0.4,0.51,10,259
11/3/2019 20:00,36101.84,10.4,5.3,0.6,1.38,10,259
11/3/2019 21:00,36101.88,8.8,5.4,0.5,0.1,10,259
11/3/2019 22:00,36101.92,7.6,5.1,0.5,0.7,10,259
11/3/2019 23:00,36101.97,6.9,5,0.4,0.87,10,259
11/4/2019 0:00,36102,6.4,4.6,0.4,6.28,10,259
11/4/2019 1:00,36102.04,6,4.2,0.4,0.98,10,259
11/4/2019 2:00,36102.08,6,3.6,0.4,1.29,10,259
11/4/2019 3:00,36102.13,5.9,3.2,0.4,1.13,10,259
11/4/2019 4:00,36102.17,5.3,3.3,0.4,1.29,10,259
11/4/2019 5:00,36102.21,4.2,3.5,0.4,0.26,10,259
11/4/2019 6:00,36102.25,4.9,3,0.4,1.26,10,259
11/4/2019 7:00,36102.29,8.7,4.2,0.4,5.46,0,259
11/4/2019 8:00,36102.34,15.4,3.5,0.6,1.4,0,259
11/4/2019 9:00,36102.38,19,1.4,1.3,2.84,0,259
11/4/2019 10:00,36102.42,21.1,1.6,1.3,4,0,259
11/4/2019 11:00,36102.46,23.1,2,1.4,3.82,0,259
11/4/2019 12:00,36102.5,24.5,2,1.5,4.29,0,259
11/4/2019 13:00,36102.55,25.5,0.9,1.4,5.52,0,259
11/4/2019 14:00,36102.59,26,1,1.4,4.9,0,259
11/4/2019 15:00,36102.63,25.9,0.8,1.3,5.39,4.77,259
11/4/2019 16:00,36102.67,22.8,3,1.3,5.11,7.64,259
11/4/2019 17:00,36102.71,17.4,4.4,0.6,5.27,10,259
11/4/2019 18:00,36102.76,14.8,5.1,0.4,5.76,10,259
11/4/2019 19:00,36102.8,12.1,5.1,0.4,0.7,10,259
11/4/2019 20:00,36102.84,11.3,6.4,0.4,1.71,10,259
11/4/2019 21:00,36102.88,10.6,5.6,0.7,0.66,10,259
11/4/2019 22:00,36102.92,9.5,6,0.4,1.26,10,259
11/4/2019 23:00,36102.97,8.3,4.9,0.4,0.7,10,259
11/5/2019 0:00,36103,8.2,4.6,0.4,1.03,10,259
11/5/2019 1:00,36103.04,6.4,4.4,0.4,5.97,10,259
11/5/2019 2:00,36103.08,6.4,4.6,0.4,1.71,10,259
11/5/2019 3:00,36103.13,5.8,3.9,0.4,1.36,10,259
11/5/2019 4:00,36103.17,5.3,4,0.4,1.27,10,259
11/5/2019 5:00,36103.21,5.2,3.8,0.4,1.33,10,259
11/5/2019 6:00,36103.25,5.5,3.4,0.4,0.44,10,259
11/5/2019 7:00,36103.29,8.7,4.7,0.4,4.8,0,259
11/5/2019 8:00,36103.34,15,3.2,0.9,2.98,0,259
11/5/2019 9:00,36103.38,18.3,1.9,1.6,2.95,0,259
11/5/2019 10:00,36103.42,21.1,2.5,1.3,3.65,0,259
11/5/2019 11:00,36103.46,23.5,2.8,1.4,4.33,0,259
11/5/2019 12:00,36103.5,25,3.1,1.5,5.27,0,259
11/5/2019 13:00,36103.55,26.1,2.9,1.5,5.6,0,259
11/5/2019 14:00,36103.59,26.6,2.1,1.5,5.6,0,259
11/5/2019 15:00,36103.63,26.4,2.6,1.2,4.57,4.89,259
11/5/2019 16:00,36103.67,23,4.6,1,4.78,7.95,259
11/5/2019 17:00,36103.71,17.6,5.4,0.8,5.39,10,259
11/5/2019 18:00,36103.76,14.4,5.6,0.6,5.64,10,259
11/5/2019 19:00,36103.8,13,5.8,0.4,2.18,10,259
11/5/2019 20:00,36103.84,11.1,6.1,0.5,3.19,10,259
11/5/2019 21:00,36103.88,10.9,6.5,0.9,0.89,10,259
11/5/2019 22:00,36103.92,9.6,6.4,0.4,1.8,10,259
11/5/2019 23:00,36103.97,8.4,6,0.4,0.65,10,259
11/6/2019 0:00,36104,7.7,6,0.4,1.27,10,259
11/6/2019 1:00,36104.04,7,5.6,0.4,1.33,10,259
11/6/2019 2:00,36104.08,6.4,5.6,0.4,1.26,10,259
11/6/2019 3:00,36104.13,5.8,5.6,0.5,1.43,10,259
11/6/2019 4:00,36104.17,5.9,4.6,0.5,0.37,10,259
11/6/2019 5:00,36104.21,5.8,4.8,0.7,1.55,10,259
11/6/2019 6:00,36104.25,5.8,4.2,0.9,0.89,10,259
11/6/2019 7:00,36104.29,9.8,5.3,0.6,1.66,0,259
11/6/2019 8:00,36104.34,14.6,4.4,1,2.48,0,259
11/6/2019 9:00,36104.38,18.1,2.8,1.7,2.98,0,259
11/6/2019 10:00,36104.42,20.7,3.1,1.5,3.26,0,259
11/6/2019 11:00,36104.46,22.7,4.2,1.8,4.21,0,259
11/6/2019 12:00,36104.5,24.7,4.6,1.5,5.18,0,259
11/6/2019 13:00,36104.55,25.6,4,1.3,4.73,0,259
11/6/2019 14:00,36104.59,25.9,3.6,1,0.73,1.68,259
11/6/2019 15:00,36104.63,26.4,3.5,0.7,5.48,4.95,259
11/6/2019 16:00,36104.67,23.5,4.4,1.2,5.29,5.96,259
11/6/2019 17:00,36104.71,17.9,5.9,0.6,5.57,10,259
11/6/2019 18:00,36104.76,15.1,6.5,0.5,4.82,10,259
11/6/2019 19:00,36104.8,12.9,7.3,0.4,5.67,10,259
11/6/2019 20:00,36104.84,11.9,7.8,0.4,2.2,10,259
11/6/2019 21:00,36104.88,11.1,7.7,0.4,1.48,10,259
11/6/2019 22:00,36104.92,10.2,7.4,0.6,1.05,10,259
11/6/2019 23:00,36104.97,9.3,6.8,0.5,1.26,10,259
11/7/2019 0:00,36105,8.5,6.6,0.9,1.43,10,259
11/7/2019 1:00,36105.04,8.2,5.9,0.9,1.59,10,259
11/7/2019 2:00,36105.08,7.3,5.6,0.7,0.79,10,259
11/7/2019 3:00,36105.13,6.2,5.8,0.4,5.15,10,259
11/7/2019 4:00,36105.17,6.3,5.8,0.5,0.51,10,259
11/7/2019 5:00,36105.21,6.3,5.5,0.6,1.15,10,259
11/7/2019 6:00,36105.25,5.6,4.8,0.5,3.58,10,259
11/7/2019 7:00,36105.29,9.7,6.6,0.5,1.43,0,259
11/7/2019 8:00,36105.34,15.8,5,1,2.25,0,259
11/7/2019 9:00,36105.38,18.6,3.2,1.7,2.57,0,259
11/7/2019 10:00,36105.42,21.6,4.1,1.4,2.79,0,259
11/7/2019 11:00,36105.46,23.6,4.7,1.2,3.54,0,259
11/7/2019 12:00,36105.5,25.2,5.1,1.3,6.04,0,259
11/7/2019 13:00,36105.55,26.5,4.6,2,5.65,0,259
11/7/2019 14:00,36105.59,27,4.8,1.9,5.41,1.35,259
11/7/2019 15:00,36105.63,26.7,5.2,2,5.43,5.07,259
11/7/2019 16:00,36105.67,23.6,5.7,1.2,5.17,7.86,259
11/7/2019 17:00,36105.71,17.7,5.7,0.4,4.73,10,259
11/7/2019 18:00,36105.76,15.2,7.4,0.4,5.36,10,259
11/7/2019 19:00,36105.8,14.1,8.1,0.4,1.1,10,259
11/7/2019 20:00,36105.84,12.1,8.3,0.4,4.99,10,259
11/7/2019 21:00,36105.88,10.9,8.3,0.4,5.67,10,259
11/7/2019 22:00,36105.92,10.3,8.2,0.7,1.36,10,259
11/7/2019 23:00,36105.97,9.4,7.3,0.4,3.61,10,259
11/8/2019 0:00,36106,9.2,6.5,0.4,1.34,10,259
11/8/2019 1:00,36106.04,9.4,6.3,0.4,1.17,10,259
11/8/2019 2:00,36106.08,7.5,6.3,0.4,2.15,10,259
11/8/2019 3:00,36106.13,7,6.3,0.6,6.14,10,259
11/8/2019 4:00,36106.17,6.2,5.9,0.5,4.63,10,259
11/8/2019 5:00,36106.21,6.2,5.4,0.5,1.41,10,259
11/8/2019 6:00,36106.25,6.2,5.4,0.5,0.82,10,259
11/8/2019 7:00,36106.29,10.2,6.9,0.7,1.8,0,259
11/8/2019 8:00,36106.34,15,4.9,1.3,2.71,0,259
11/8/2019 9:00,36106.38,17.8,5.7,1.5,3.18,0,259
11/8/2019 10:00,36106.42,20.8,6.2,1.4,2.98,0,259
11/8/2019 11:00,36106.46,23,6.3,1.2,3.74,0,259
11/8/2019 12:00,36106.5,24.8,6.4,1.2,3.89,0,259
11/8/2019 13:00,36106.55,25.6,6.2,1.4,0.42,0,259
11/8/2019 14:00,36106.59,26.5,5.3,0.8,1.5,1.4,259
11/8/2019 15:00,36106.63,27.4,5.6,0.5,4.42,5.14,259
11/8/2019 16:00,36106.67,23.6,6.5,1.4,5.45,7.63,259
11/8/2019 17:00,36106.71,17.4,7.1,0.8,5.01,10,259
11/8/2019 18:00,36106.76,15.4,7.3,0.4,5.88,10,259
11/8/2019 19:00,36106.8,13.6,7.7,0.5,1.92,10,259
11/8/2019 20:00,36106.84,12.7,8.2,0.4,1.55,10,259
11/8/2019 21:00,36106.88,10.6,8.1,0.5,1.68,10,259
11/8/2019 22:00,36106.92,10,8.1,0.9,1.22,10,259
11/8/2019 23:00,36106.97,9.9,7.9,0.7,1.41,10,259
11/9/2019 0:00,36107,8.3,7,0.8,1.01,10,259
11/9/2019 1:00,36107.04,6.8,6.4,0.5,3.75,10,259
11/9/2019 2:00,36107.08,6.6,6.3,0.7,1.12,10,259
11/9/2019 3:00,36107.13,5.8,5.6,0.5,1.48,10,259
11/9/2019 4:00,36107.17,7.2,5.7,0.8,1.5,10,259
11/9/2019 5:00,36107.21,5.1,4.1,0.4,5.53,10,259
11/9/2019 6:00,36107.25,4.8,4.5,0.4,1.55,10,259
11/9/2019 7:00,36107.29,8.5,6.5,0.5,1.71,0,259
11/9/2019 8:00,36107.34,13.5,7,1.7,2.22,0,259
11/9/2019 9:00,36107.38,16.8,7.3,2.1,2.69,0,259
11/9/2019 10:00,36107.42,19.3,7.9,1.8,3.11,0,259
11/9/2019 11:00,36107.46,21,7.4,1.9,3.05,0,259
11/9/2019 12:00,36107.5,22.7,7,1.5,3.44,0,259
11/9/2019 13:00,36107.55,24.2,6.6,1.2,0.66,0,259
11/9/2019 14:00,36107.59,25.1,5.6,1.2,5.5,1.6,259
11/9/2019 15:00,36107.63,24.9,5.4,1.5,4.96,5.39,259
11/9/2019 16:00,36107.67,21.9,6,1.1,5.15,7.89,259
11/9/2019 17:00,36107.71,16.7,6.7,0.4,5.13,10,259
11/9/2019 18:00,36107.76,14.1,7.2,0.4,4.78,10,259
11/9/2019 19:00,36107.8,12.7,7.5,0.4,1.73,10,259
11/9/2019 20:00,36107.84,10.5,7,0.4,5.53,10,259
11/9/2019 21:00,36107.88,10,7.6,0.4,1.55,10,259
11/9/2019 22:00,36107.92,9.8,7.3,0.4,1.59,10,259
11/9/2019 23:00,36107.97,9.1,7,0.4,1.03,10,259
11/10/2019 0:00,36108,7.7,6.2,0.4,1.01,10,259
11/10/2019 1:00,36108.04,7.1,6.1,0.6,1.36,10,259
11/10/2019 2:00,36108.08,6.7,5.9,0.4,5.36,10,259
11/10/2019 3:00,36108.13,6.6,6,0.4,1.33,10,259
11/10/2019 4:00,36108.17,6.5,6.2,0.4,1.24,10,259
11/10/2019 5:00,36108.21,5.8,5.2,0.7,1.9,10,259
11/10/2019 6:00,36108.25,6,5.4,0.5,1.59,10,259
11/10/2019 7:00,36108.29,8.8,7.1,0.5,6,0,259
11/10/2019 8:00,36108.34,14.3,6.5,1,2.01,0,259
11/10/2019 9:00,36108.38,17.9,6.4,1.1,3.11,0,259
11/10/2019 10:00,36108.42,20,6.6,1.9,3.18,0,259
11/10/2019 11:00,36108.46,21.9,6.6,1.9,3.51,0,259
11/10/2019 12:00,36108.5,23.4,6.1,1.7,3.25,0,259
11/10/2019 13:00,36108.55,24.3,5.4,1.6,4.45,0,259
11/10/2019 14:00,36108.59,24.6,5.6,1.9,5.43,2.82,259
11/10/2019 15:00,36108.63,24.5,6.1,1.4,5.65,5.9,259
11/10/2019 16:00,36108.67,21.7,6.5,1.1,5.29,8.16,259
11/10/2019 17:00,36108.71,16.4,7.5,0.4,4.9,10,259
11/10/2019 18:00,36108.76,13.5,7.6,0.4,0.47,10,259
11/10/2019 19:00,36108.8,12.2,8.4,0.4,1.19,10,259
11/10/2019 20:00,36108.84,11.7,8.7,0.4,0.61,10,259
11/10/2019 21:00,36108.88,10.7,8.6,0.4,1.12,10,259
11/10/2019 22:00,36108.92,9.9,8.3,0.6,1.19,10,259
11/10/2019 23:00,36108.97,9,7.7,0.5,0.38,10,259
11/11/2019 0:00,36109,8.5,7.1,0.7,1.52,10,259
11/11/2019 1:00,36109.04,7.4,6.9,0.5,0.82,10,259
11/11/2019 2:00,36109.08,7.6,6.6,0.5,1.97,10,259
11/11/2019 3:00,36109.13,7.5,6.4,0.7,1.22,10,259
11/11/2019 4:00,36109.17,8.1,6,1.1,1.1,10,259
11/11/2019 5:00,36109.21,6.9,5.6,0.7,6.25,10,259
11/11/2019 6:00,36109.25,6.7,5.5,0.8,0.72,10,259
11/11/2019 7:00,36109.29,9,7,0.7,1.22,0,259
11/11/2019 8:00,36109.34,15.2,6.6,0.8,1.78,0,259
11/11/2019 9:00,36109.38,18.3,5.8,1.2,3.37,0,259
11/11/2019 10:00,36109.42,20.8,6,1.1,3.19,0,259
11/11/2019 11:00,36109.46,22.8,6.4,1.5,3.94,0,259
11/11/2019 12:00,36109.5,24.4,6.5,1.5,5.1,0,259
11/11/2019 13:00,36109.55,24.9,6.1,1.5,4.57,3.09,259
11/11/2019 14:00,36109.59,25.3,6.1,1.5,5.29,4.98,259
11/11/2019 15:00,36109.63,25,6.5,1.3,5.29,5.93,259
11/11/2019 16:00,36109.67,21.9,6.9,1,4.73,8.07,259
11/11/2019 17:00,36109.71,16.6,7.8,0.5,4.57,10,259
11/11/2019 18:00,36109.76,14,7.9,0.4,5.45,10,259
11/11/2019 19:00,36109.8,13.4,8.6,0.5,0.91,10,259
11/11/2019 20:00,36109.84,11.9,8.1,0.4,0.02,10,259
11/11/2019 21:00,36109.88,10.6,8.2,0.4,0.37,10,259
11/11/2019 22:00,36109.92,9.5,7.8,0.4,6.07,10,259
11/11/2019 23:00,36109.97,8.8,7.3,0.4,2.98,10,259
11/12/2019 0:00,36110,8.4,7.5,0.4,1.05,10,259
11/12/2019 1:00,36110.04,7.7,7.3,0.4,1.47,10,259
11/12/2019 2:00,36110.08,8,6.8,0.5,1.48,10,259
11/12/2019 3:00,36110.13,7.3,6.4,0.4,0.98,10,259
11/12/2019 4:00,36110.17,7.2,6.5,0.6,0.73,10,259
11/12/2019 5:00,36110.21,5.9,5.6,0.5,1.31,10,259
11/12/2019 6:00,36110.25,6.4,5.9,0.6,1.92,10,259
11/12/2019 7:00,36110.29,9.7,7.4,0.4,6.07,0,259
11/12/2019 8:00,36110.34,15.4,6.9,0.9,2.02,0,259
11/12/2019 9:00,36110.38,18.7,6.5,1,2.67,0,259
11/12/2019 10:00,36110.42,21.5,7,1.3,2.72,0,259
11/12/2019 11:00,36110.46,23.6,6.6,1.2,3.79,0,259
11/12/2019 12:00,36110.5,25.5,6.9,1.4,5.1,0,259
11/12/2019 13:00,36110.55,26.5,6.6,1.7,5.5,0,259
11/12/2019 14:00,36110.59,26.8,6.2,1.8,5.36,4.33,259
11/12/2019 15:00,36110.63,26.2,6.7,1.6,5.18,6.27,259
11/12/2019 16:00,36110.67,23.1,7.3,1.4,4.99,7.25,259
11/12/2019 17:00,36110.71,18.4,7.6,0.7,5.06,10,259
11/12/2019 18:00,36110.76,15.7,8.2,0.5,5.25,10,259
11/12/2019 19:00,36110.8,13.5,8.2,0.5,4.83,10,259
11/12/2019 20:00,36110.84,13,8.4,0.4,1.38,10,259
11/12/2019 21:00,36110.88,12.1,8.4,0.4,1.34,10,259
11/12/2019 22:00,36110.92,10,8,0.5,0.26,10,259
11/12/2019 23:00,36110.97,8.8,8.3,0.4,1.41,10,259
11/13/2019 0:00,36111,8.8,7.7,0.4,1.06,10,259
11/13/2019 1:00,36111.04,8,7.6,0.4,1.06,10,259
11/13/2019 2:00,36111.08,7.8,7.1,0.4,0.8,10,259
11/13/2019 3:00,36111.13,7.2,7,0.4,1.5,10,259
11/13/2019 4:00,36111.17,6.9,6.7,0.4,1.05,10,259
11/13/2019 5:00,36111.21,7.3,6.1,0.4,1.73,10,259
11/13/2019 6:00,36111.25,8.1,5.3,0.4,1.01,10,259
11/13/2019 7:00,36111.29,9.8,6.5,0.4,0.98,0,259
11/13/2019 8:00,36111.34,15.1,5.9,1.5,2.53,0,259
11/13/2019 9:00,36111.38,17.9,4.9,2.3,2.98,3.81,259
11/13/2019 10:00,36111.42,19.4,6.1,1.9,3.51,5.69,259
11/13/2019 11:00,36111.46,21.7,6.8,1.2,2.91,0,259
11/13/2019 12:00,36111.5,23.5,6.8,1.2,3.04,3.43,259
11/13/2019 13:00,36111.55,24.2,6.9,1,1.36,5.32,259
11/13/2019 14:00,36111.59,24.3,7.2,0.9,0.56,8.23,259
11/13/2019 15:00,36111.63,23.5,7.8,0.9,5.43,8.99,259
11/13/2019 16:00,36111.67,21.4,8.3,0.8,5.48,9.22,259
11/13/2019 17:00,36111.71,17.1,8.6,0.4,5.03,10,259
11/13/2019 18:00,36111.76,15.1,9.1,0.4,4.03,10,259
11/13/2019 19:00,36111.8,14.3,9.6,0.4,6.06,10,259
11/13/2019 20:00,36111.84,14,9.7,0.4,1.34,10,259
11/13/2019 21:00,36111.88,13.2,9.9,0.4,0.89,10,259
11/13/2019 22:00,36111.92,12.3,9.8,0.4,6.13,10,259
11/13/2019 23:00,36111.97,11.6,9.7,0.4,0.7,10,259
11/14/2019 0:00,36112,11.5,9.3,0.7,0.87,10,259
11/14/2019 1:00,36112.04,11.7,9.5,0.4,0.56,10,259
11/14/2019 2:00,36112.08,11.2,9.2,0.4,5.13,10,259
11/14/2019 3:00,36112.13,10.9,9.2,0.4,0.05,10,259
11/14/2019 4:00,36112.17,9.9,8.2,0.4,1.29,10,259
11/14/2019 5:00,36112.21,8.9,7.4,0.4,1.82,10,259
11/14/2019 6:00,36112.25,8.2,6.8,0.4,4.94,10,259
11/14/2019 7:00,36112.29,10.7,8.4,0.8,1.12,0,259
11/14/2019 8:00,36112.34,15.4,8,1.2,2.84,0,259
11/14/2019 9:00,36112.38,16.9,8.7,1.8,4.9,2.42,259
11/14/2019 10:00,36112.42,19,8.7,1.3,4.59,0.75,259
11/14/2019 11:00,36112.46,21.4,8.7,1.3,4.8,0,259
11/14/2019 12:00,36112.5,22.5,8.1,1.6,5.27,0,259
11/14/2019 13:00,36112.55,23.7,7.8,1.5,5.32,0,259
11/14/2019 14:00,36112.59,23.3,7,1.8,4.82,6.33,259
11/14/2019 15:00,36112.63,21.3,8.8,3.2,5.24,8.48,259
11/14/2019 16:00,36112.67,19.3,9.1,3.5,5.32,9.44,259
11/14/2019 17:00,36112.71,17.7,9.3,2.8,5.52,10,259
11/14/2019 18:00,36112.76,16,9.4,2.5,5.32,10,259
11/14/2019 19:00,36112.8,14.9,9.4,2.7,5.31,10,259
11/14/2019 20:00,36112.84,13.6,9.2,1.5,5.48,10,259
11/14/2019 21:00,36112.88,12.9,9.2,1.8,5.45,10,259
11/14/2019 22:00,36112.92,11.9,9.1,1.5,5.69,10,259
11/14/2019 23:00,36112.97,10.9,9.1,1.1,5.79,10,259
11/15/2019 0:00,36113,10.7,9.2,1.4,5.76,10,259
11/15/2019 1:00,36113.04,9.6,8.6,1.2,5.78,10,259
11/15/2019 2:00,36113.08,9.1,8.7,1,5.59,10,259
11/15/2019 3:00,36113.13,8.7,8.4,1.2,5.41,10,259
11/15/2019 4:00,36113.17,8.5,8.1,1,5.36,10,259
11/15/2019 5:00,36113.21,9.3,8.9,1.8,5.69,10,259
11/15/2019 6:00,36113.25,9.5,8.8,2.5,5.71,10,259
11/15/2019 7:00,36113.29,10.7,9.7,2.3,5.93,0,259
11/15/2019 8:00,36113.34,12.9,10.5,2,6,0,259
11/15/2019 9:00,36113.38,15.1,10.7,2.2,5.72,0,259
11/15/2019 10:00,36113.42,16.8,10.9,2.7,5.62,2.9,259
11/15/2019 11:00,36113.46,18.2,10.7,2.7,5.78,0,259
11/15/2019 12:00,36113.5,18.6,10.5,2.2,5.64,3.87,259
11/15/2019 13:00,36113.55,19.3,10.2,2.5,5.43,0,259
11/15/2019 14:00,36113.59,19.3,10.1,2.5,5.78,3.68,259
11/15/2019 15:00,36113.63,19.3,10,2,5.65,6.12,259
11/15/2019 16:00,36113.67,17.3,9.7,1.7,4.89,8.29,259
11/15/2019 17:00,36113.71,15,9.9,1,4.56,10,259
11/15/2019 18:00,36113.76,13.1,9.8,0.6,5.29,10,259
11/15/2019 19:00,36113.8,11.8,10,0.7,0.72,10,259
11/15/2019 20:00,36113.84,10.6,9.6,0.6,0.44,10,259
11/15/2019 21:00,36113.88,9.6,9.4,0.5,3.82,10,259
11/15/2019 22:00,36113.92,9.9,9.5,0.8,1.64,10,259
11/15/2019 23:00,36113.97,8.9,8.8,0.5,5.15,10,259
11/16/2019 0:00,36114,7.7,7.6,0.4,0.56,10,259
11/16/2019 1:00,36114.04,7.5,7.4,0.5,1.01,10,259
11/16/2019 2:00,36114.08,7.5,7.3,0.9,1.54,10,259
11/16/2019 3:00,36114.13,6.8,6.7,0.5,0.93,10,259
11/16/2019 4:00,36114.17,7,6.9,0.7,0.63,10,259
11/16/2019 5:00,36114.21,6.5,6.4,0.5,1.68,10,259
11/16/2019 6:00,36114.25,6.3,6.2,0.5,1.76,10,259
11/16/2019 7:00,36114.29,8.2,8.2,0.7,1.47,0,259
11/16/2019 8:00,36114.34,12.9,10,1.4,2.43,0,259
11/16/2019 9:00,36114.38,15.2,10.2,2,2.84,0,259
11/16/2019 10:00,36114.42,17.1,10.4,1.5,3.32,0,259
11/16/2019 11:00,36114.46,18.4,10.4,1.5,3.7,0,259
11/16/2019 12:00,36114.5,19.5,10.3,1.4,3.4,0,259
11/16/2019 13:00,36114.55,20.4,10.2,1.2,2.29,0,259
11/16/2019 14:00,36114.59,21.1,10.1,1.2,5.95,2.44,259
11/16/2019 15:00,36114.63,21,10.1,0.9,6.07,5.59,259
11/16/2019 16:00,36114.67,19.3,9.9,0.5,0.77,7.89,259
11/16/2019 17:00,36114.71,14.7,9.6,0.5,4.57,10,259
11/16/2019 18:00,36114.76,13,10.2,0.5,0.4,10,259
11/16/2019 19:00,36114.8,11.6,9.8,0.4,0.37,10,259
11/16/2019 20:00,36114.84,10.9,10.1,0.4,1.99,10,259
11/16/2019 21:00,36114.88,10.1,9.7,0.5,0.03,10,259
11/16/2019 22:00,36114.92,9.3,9.1,0.6,0.8,10,259
11/16/2019 23:00,36114.97,9.1,8.8,0.4,0.91,10,259
11/17/2019 0:00,36115,7.8,7.7,0.5,0.21,10,259
11/17/2019 1:00,36115.04,7.2,7,0.5,0.3,10,259
11/17/2019 2:00,36115.08,7,6.9,0.4,0.89,10,259
11/17/2019 3:00,36115.13,7.6,7.5,0.9,0.91,10,259
11/17/2019 4:00,36115.17,6.9,6.8,0.6,0.38,10,259
11/17/2019 5:00,36115.21,6.3,6.2,0.4,1.03,10,259
11/17/2019 6:00,36115.25,6.1,6,0.8,0.73,10,259
11/17/2019 7:00,36115.29,8.5,8.2,0.7,0.1,0,259
11/17/2019 8:00,36115.34,13.4,10.3,0.5,1.12,0,259
11/17/2019 9:00,36115.38,16.5,10.6,1.1,3.93,0,259
11/17/2019 10:00,36115.42,18.7,10.9,1.4,3.58,0,259
11/17/2019 11:00,36115.46,20.5,11,1.4,5.45,0,259
11/17/2019 12:00,36115.5,22,11,1.4,5.55,0,259
11/17/2019 13:00,36115.55,23.1,10.7,1.5,4.75,0,259
11/17/2019 14:00,36115.59,23.6,10.7,1.8,4.92,0.67,259
11/17/2019 15:00,36115.63,23,10.5,1.9,5.04,5.12,259
11/17/2019 16:00,36115.67,20.4,10.4,1.4,5.2,7.79,259
11/17/2019 17:00,36115.71,15.6,10.4,0.5,4.82,10,259
11/17/2019 18:00,36115.76,13.9,10.9,0.5,3.07,10,259
11/17/2019 19:00,36115.8,13.1,11.1,0.5,1.5,10,259
11/17/2019 20:00,36115.84,12,10.7,0.6,0.79,10,259
11/17/2019 21:00,36115.88,10.6,10.3,0.5,1.19,10,259
11/17/2019 22:00,36115.92,9,8.8,0.4,0.28,10,259
11/17/2019 23:00,36115.97,8.4,8.3,0.6,5.17,10,259
11/18/2019 0:00,36116,8.7,8.4,1,5.04,10,259
11/18/2019 1:00,36116.04,7.9,7.7,0.4,0.98,10,259
11/18/2019 2:00,36116.08,8.5,8.1,0.9,2.93,10,259
11/18/2019 3:00,36116.13,7.2,7.1,0.6,0.75,10,259
11/18/2019 4:00,36116.17,6.9,6.8,0.8,1.41,10,259
11/18/2019 5:00,36116.21,6.7,6.5,0.6,1.31,10,259
11/18/2019 6:00,36116.25,6.5,6.3,0.6,0.75,10,259
11/18/2019 7:00,36116.29,8.8,8.4,0.5,1.61,0,259
11/18/2019 8:00,36116.34,13.1,10.1,1.7,2.43,0,259
11/18/2019 9:00,36116.38,16.2,10.6,1.4,2.76,0,259
11/18/2019 10:00,36116.42,18.9,11,1.4,2.79,0,259
11/18/2019 11:00,36116.46,21.2,11,1.1,3.63,0,259
11/18/2019 12:00,36116.5,22.5,10.7,1.3,4.29,0,259
11/18/2019 13:00,36116.55,23.8,10.1,1,0.16,0,259
11/18/2019 14:00,36116.59,24.9,9.3,0.9,0.17,0,259
11/18/2019 15:00,36116.63,25,9.1,1.1,5.64,4.96,259
11/18/2019 16:00,36116.67,21.3,9.3,1.3,5.32,7.1,259
11/18/2019 17:00,36116.71,16.8,9.7,1.1,5.04,10,259
11/18/2019 18:00,36116.76,14.8,9.8,0.9,5.15,10,259
11/18/2019 19:00,36116.8,13.6,9.9,0.6,5.1,10,259
11/18/2019 20:00,36116.84,12.8,9.8,0.7,3.09,10,259
11/18/2019 21:00,36116.88,11.1,9.5,1.1,1.5,10,259
11/18/2019 22:00,36116.92,9.7,9.3,0.7,0.28,10,259
11/18/2019 23:00,36116.97,8.4,8.1,0.5,0.63,10,259
11/19/2019 0:00,36117,7.6,7.5,0.4,3.94,10,259
11/19/2019 1:00,36117.04,7.1,7,0.5,0.99,10,259
11/19/2019 2:00,36117.08,6.7,6.6,0.6,1.4,10,259
11/19/2019 3:00,36117.13,6.3,6.2,0.7,1.47,10,259
11/19/2019 4:00,36117.17,7.1,7,1.2,1.1,10,259
11/19/2019 5:00,36117.21,6.4,6.3,1,5.45,10,259
11/19/2019 6:00,36117.25,7.2,6.9,0.9,0.33,10,259
11/19/2019 7:00,36117.29,8.6,7.9,0.8,2.04,0,259
11/19/2019 8:00,36117.34,13.3,8.4,1.9,2.16,0,259
11/19/2019 9:00,36117.38,16.3,9.1,1.7,3.19,0,259
11/19/2019 10:00,36117.42,18.7,10,1.8,4.03,0,259
11/19/2019 11:00,36117.46,20.9,10.3,2.3,5.15,0,259
11/19/2019 12:00,36117.5,21.7,10.4,3.5,5.08,0,259
11/19/2019 13:00,36117.55,22.2,10.3,3.7,5.36,0,259
11/19/2019 14:00,36117.59,22.7,9.3,3.5,5.32,0,259
11/19/2019 15:00,36117.63,21.7,8.4,4.8,5.43,4.25,259
11/19/2019 16:00,36117.67,19.4,7.4,4.1,5.62,6.95,259
11/19/2019 17:00,36117.71,16.9,6.5,3.1,5.62,10,259
11/19/2019 18:00,36117.76,15,7.6,2.7,5.13,10,259
11/19/2019 19:00,36117.8,14.1,8,4,5.13,10,259
11/19/2019 20:00,36117.84,12.9,7.9,3.3,5.36,10,259
11/19/2019 21:00,36117.88,11.1,7.6,2.1,6.11,10,259
11/19/2019 22:00,36117.92,9.5,7.1,1.4,5.79,10,259
11/19/2019 23:00,36117.97,9.3,7.2,1.7,5.79,10,259
11/20/2019 0:00,36118,8.7,7.3,1.7,6.14,10,259
11/20/2019 1:00,36118.04,8.7,7.5,1.5,5.55,10,259
11/20/2019 2:00,36118.08,8.1,7.6,0.6,4.08,10,259
11/20/2019 3:00,36118.13,7.1,6.9,1.2,2.46,10,259
11/20/2019 4:00,36118.17,8.4,7.9,2,4,10,259
11/20/2019 5:00,36118.21,7.9,7.7,1.8,4.63,10,259
11/20/2019 6:00,36118.25,8.6,8.1,1.3,5.1,10,259
11/20/2019 7:00,36118.29,9.1,8.6,1.4,0.7,0,259
11/20/2019 8:00,36118.34,10.5,8.6,0.7,1.62,4.11,259
11/20/2019 9:00,36118.38,11.5,8.9,1.3,2.9,8.45,259
11/20/2019 10:00,36118.42,12.6,8.9,2.4,2.81,7.96,259
11/20/2019 11:00,36118.46,13.8,8,2.4,3.05,8.06,259
11/20/2019 12:00,36118.5,14.5,7,3.2,2.84,6.53,259
11/20/2019 13:00,36118.55,15.2,5.9,3.3,2.64,6.1,259
11/20/2019 14:00,36118.59,15.9,5.5,3.5,3,3.76,259
11/20/2019 15:00,36118.63,14.6,8.1,4.8,2.51,7.73,259
11/20/2019 16:00,36118.67,12.9,8.4,4.5,2.41,9.18,259
11/20/2019 17:00,36118.71,11.7,8.5,3.5,2.37,10,259
11/20/2019 18:00,36118.76,10.9,8.1,3,2.25,10,259
11/20/2019 19:00,36118.8,10.3,7.5,2.4,2.3,10,259
11/20/2019 20:00,36118.84,10,7.2,2.4,2.23,10,259
11/20/2019 21:00,36118.88,9.1,7,1.8,1.9,10,259
11/20/2019 22:00,36118.92,9.2,7.4,1.3,1.76,10,259
11/20/2019 23:00,36118.97,10.1,7.7,1.4,1.76,10,259
11/21/2019 0:00,36119,11,7.5,1.6,1.88,10,259
11/21/2019 1:00,36119.04,11.1,7.3,1.9,1.66,10,259
11/21/2019 2:00,36119.08,11,7,1.8,2.06,10,259
11/21/2019 3:00,36119.13,9.8,7,1.2,2.02,10,259
11/21/2019 4:00,36119.17,7.8,6.7,0.4,0.3,10,259
11/21/2019 5:00,36119.21,6.7,6.4,0.9,1.15,10,259
11/21/2019 6:00,36119.25,7.6,7.2,0.6,1.34,10,259
11/21/2019 7:00,36119.29,9.1,7.8,0.9,1.68,0,259
11/21/2019 8:00,36119.34,13.2,8.2,2.2,2.02,0,259
11/21/2019 9:00,36119.38,15,7.8,3.4,2.13,0,259
11/21/2019 10:00,36119.42,16.6,7.6,4.2,2.37,0,259
11/21/2019 11:00,36119.46,18,7,4.3,2.91,0,259
11/21/2019 12:00,36119.5,18.7,6.7,3.9,2.83,0,259
11/21/2019 13:00,36119.55,19.1,6.1,3.2,3.12,2.53,259
11/21/2019 14:00,36119.59,19.2,5.2,2.8,3.63,4.62,259
11/21/2019 15:00,36119.63,18.9,4.7,1.9,3.58,6.49,259
11/21/2019 16:00,36119.67,16.9,4,1.4,3.86,7.35,259
11/21/2019 17:00,36119.71,13.8,4.5,0.6,6,10,259
11/21/2019 18:00,36119.76,10.6,4.9,0.6,5.67,10,259
11/21/2019 19:00,36119.8,9.5,5.6,0.8,1.22,10,259
11/21/2019 20:00,36119.84,8.6,5.8,0.4,4.83,10,259
11/21/2019 21:00,36119.88,8,5.7,0.5,0.03,10,259
11/21/2019 22:00,36119.92,6.9,5.9,0.4,1.29,10,259
11/21/2019 23:00,36119.97,6.8,6,0.5,0.75,10,259
11/22/2019 0:00,36120,6,5.2,0.8,5.52,10,259
11/22/2019 1:00,36120.04,5.5,5,0.7,1.1,10,259
11/22/2019 2:00,36120.08,5,4.7,0.5,0.93,10,259
11/22/2019 3:00,36120.13,4.8,4.6,0.4,1.8,10,259
11/22/2019 4:00,36120.17,4.2,4,0.4,0.07,10,259
11/22/2019 5:00,36120.21,3.9,3.8,0.4,0.54,10,259
11/22/2019 6:00,36120.25,3.8,3.7,0.4,5.25,10,259
11/22/2019 7:00,36120.29,6.3,5.9,0.4,2.09,0,259
11/22/2019 8:00,36120.34,11.7,7.1,0.6,3.26,0,259
11/22/2019 9:00,36120.38,14.1,6.6,1.3,3.09,0,259
11/22/2019 10:00,36120.42,16.1,6.8,1.5,2.84,0,259
11/22/2019 11:00,36120.46,17.6,6.8,1.4,2.53,0,259
11/22/2019 12:00,36120.5,18.7,6.7,1.3,2.95,0,259
11/22/2019 13:00,36120.55,19.5,6.5,1.4,4.78,2.55,259
11/22/2019 14:00,36120.59,19.6,6,1.7,5.43,4.65,259
11/22/2019 15:00,36120.63,19.3,5.7,2,5.71,6.66,259
11/22/2019 16:00,36120.67,17.1,6,1.6,5.59,7.7,259
11/22/2019 17:00,36120.71,13.1,6,0.7,5.32,10,259
11/22/2019 18:00,36120.76,11.4,5.9,0.7,5.72,10,259
11/22/2019 19:00,36120.8,10.4,6.2,0.5,3.75,10,259
11/22/2019 20:00,36120.84,9,5.5,0.8,5.01,10,259
11/22/2019 21:00,36120.88,8.6,6.1,0.4,1.97,10,259
11/22/2019 22:00,36120.92,7,5.3,0.5,5.67,10,259
11/22/2019 23:00,36120.97,6,4.8,0.4,4.89,10,259
11/23/2019 0:00,36121,5.8,5.1,0.6,0.03,10,259
11/23/2019 1:00,36121.04,5.5,4.6,0.4,0.75,10,259
11/23/2019 2:00,36121.08,4.9,4.6,0.4,2.76,10,259
11/23/2019 3:00,36121.13,3.9,3.8,0.5,6.23,10,259
11/23/2019 4:00,36121.17,3.9,3.8,0.6,1.76,10,259
11/23/2019 5:00,36121.21,3.1,3,0.6,6.18,10,259
11/23/2019 6:00,36121.25,3.5,3.4,0.7,0.23,10,259
11/23/2019 7:00,36121.29,5.3,4.9,0.5,0.77,0,259
11/23/2019 8:00,36121.34,10,6.1,0.7,0.44,0,259
11/23/2019 9:00,36121.38,14.3,6.5,0.8,2.76,0,259
11/23/2019 10:00,36121.42,16.5,6,1.3,3.4,0,259
11/23/2019 11:00,36121.46,17.7,6.3,1.7,3.49,0,259
11/23/2019 12:00,36121.5,19.2,6.3,1.6,4.9,0,259
11/23/2019 13:00,36121.55,20.2,6.3,1.3,5.46,2.04,259
11/23/2019 14:00,36121.59,20.2,6.1,1.9,5.2,4.24,259
11/23/2019 15:00,36121.63,19.7,6.1,2.3,5.36,6.57,259
11/23/2019 16:00,36121.67,17.4,6.4,1.6,5.46,7.11,259
11/23/2019 17:00,36121.71,14.3,6.8,1.2,5.22,10,259
11/23/2019 18:00,36121.76,11.7,6.9,0.4,3.68,10,259
11/23/2019 19:00,36121.8,10.3,7.1,0.4,0.21,10,259
11/23/2019 20:00,36121.84,9.4,7.2,0.4,1.54,10,259
11/23/2019 21:00,36121.88,8.2,6.8,0.6,1.13,10,259
11/23/2019 22:00,36121.92,6.7,6.4,0.4,0.4,10,259
11/23/2019 23:00,36121.97,6.3,6.1,0.4,1.54,10,259
11/24/2019 0:00,36122,5.2,5,0.4,6.07,10,259
11/24/2019 1:00,36122.04,4.8,4.7,0.4,0.7,10,259
11/24/2019 2:00,36122.08,4.7,4.5,0.4,1.69,10,259
11/24/2019 3:00,36122.13,4.4,4.3,0.5,1.66,10,259
11/24/2019 4:00,36122.17,3.8,3.7,0.5,1.29,10,259
11/24/2019 5:00,36122.21,4,3.9,0.4,0.79,10,259
11/24/2019 6:00,36122.25,3.1,3,0.5,0.79,10,259
11/24/2019 7:00,36122.29,5.2,4.9,0.5,1.29,0,259
11/24/2019 8:00,36122.34,11,6.3,1.2,2.84,0,259
11/24/2019 9:00,36122.38,13.3,6.7,2.4,2.97,0,259
11/24/2019 10:00,36122.42,15.5,7.1,2,2.97,0,259
11/24/2019 11:00,36122.46,17.5,7.3,1.3,3.25,0,259
11/24/2019 12:00,36122.5,18.7,6.2,1.6,3.07,0,259
11/24/2019 13:00,36122.55,19.6,5.7,1.8,3.14,1.49,259
11/24/2019 14:00,36122.59,20.3,5.4,1.5,4.56,3.84,259
11/24/2019 15:00,36122.63,19.2,6,1.9,5.57,7.78,259
11/24/2019 16:00,36122.67,17.2,6.2,0.6,5.43,6.41,259
11/24/2019 17:00,36122.71,12.5,6.3,0.4,2.97,10,259
11/24/2019 18:00,36122.76,10,6.4,0.4,1.15,10,259
11/24/2019 19:00,36122.8,8.7,6.4,0.4,0.17,10,259
11/24/2019 20:00,36122.84,7.6,6.6,0.4,1.78,10,259
11/24/2019 21:00,36122.88,7.4,6.5,0.4,1.1,10,259
11/24/2019 22:00,36122.92,6.5,6.3,0.4,1.85,10,259
11/24/2019 23:00,36122.97,5.5,5.1,0.6,0.45,10,259
11/25/2019 0:00,36123,4.6,4.5,0.7,1.05,10,259
11/25/2019 1:00,36123.04,4,3.9,0.4,0.91,10,259
11/25/2019 2:00,36123.08,3.9,3.7,0.6,1.45,10,259
11/25/2019 3:00,36123.13,3.3,3.2,0.6,0.59,10,259
11/25/2019 4:00,36123.17,3.1,3,0.6,4.52,10,259
11/25/2019 5:00,36123.21,3.2,3.1,0.9,3.54,10,259
11/25/2019 6:00,36123.25,2.8,2.7,0.7,6.21,10,259
11/25/2019 7:00,36123.29,4.9,4.6,1.1,0.84,0,259
11/25/2019 8:00,36123.34,10,6,1.9,6.13,0,259
11/25/2019 9:00,36123.38,12.8,5.4,2.2,5.17,0,259
11/25/2019 10:00,36123.42,14.8,5.5,4.9,5.27,0,259
11/25/2019 11:00,36123.46,16.1,4.8,5.9,5.27,0,259
11/25/2019 12:00,36123.5,16.7,2,6.5,5.34,0.8,259
11/25/2019 13:00,36123.55,16.7,0.1,6.7,5.53,4.67,259
11/25/2019 14:00,36123.59,16.6,-2.6,6.7,5.59,7.63,259
11/25/2019 15:00,36123.63,16.1,-4.1,6.4,5.55,8.64,259
11/25/2019 16:00,36123.67,15,-4.6,6.2,5.52,8.94,259
11/25/2019 17:00,36123.71,13.6,-3.9,5.1,5.43,10,259
11/25/2019 18:00,36123.76,12.2,-3.4,3.6,5.2,10,259
11/25/2019 19:00,36123.8,11.1,-3.3,3.2,5.27,10,259
11/25/2019 20:00,36123.84,9.7,-3.2,2.5,5.39,10,259
11/25/2019 21:00,36123.88,7.7,-3.3,1.4,5.85,10,259
11/25/2019 22:00,36123.92,7.9,-3.6,2.5,5.6,10,259
11/25/2019 23:00,36123.97,6.9,-3.8,1.9,5.92,10,259
11/26/2019 0:00,36124,3.6,-3.7,1.1,0.1,10,259
11/26/2019 1:00,36124.04,1.2,-2.8,0.9,1.17,10,259
11/26/2019 2:00,36124.08,0.5,-2.4,0.8,0.44,10,259
11/26/2019 3:00,36124.13,-1.1,-3,0.9,5.52,10,259
11/26/2019 4:00,36124.17,-1.3,-2.9,0.8,6.09,10,259
11/26/2019 5:00,36124.21,-1,-2.6,0.8,4.28,10,259
11/26/2019 6:00,36124.25,-0.9,-2.4,0.8,0.37,10,259
11/26/2019 7:00,36124.29,1.5,-1.5,1.1,2.11,0,259
11/26/2019 8:00,36124.34,6,-0.8,2.1,2.16,0,259
11/26/2019 9:00,36124.38,9,-1.3,3.7,2.55,0,259
11/26/2019 10:00,36124.42,11.1,-1.6,4.1,2.36,0,259
11/26/2019 11:00,36124.46,11.7,-2.3,3.7,2.78,7,259
11/26/2019 12:00,36124.5,12.4,-2.1,3.6,2.57,7.18,259
11/26/2019 13:00,36124.55,13.1,-2.5,4.1,2.57,8.1,259
11/26/2019 14:00,36124.59,12.7,-2.7,3.1,2.65,9.98,259
11/26/2019 15:00,36124.63,12.2,-2.5,2.6,2.71,10,259
11/26/2019 16:00,36124.67,11.6,-2.1,1.1,2.91,10,259
11/26/2019 17:00,36124.71,10.7,-0.6,1.4,1.47,10,259
11/26/2019 18:00,36124.76,11.4,-1.1,3.1,2.08,10,259
11/26/2019 19:00,36124.8,11.2,-2.1,4,2.37,10,259
11/26/2019 20:00,36124.84,11.2,-2.7,4,2.43,10,259
11/26/2019 21:00,36124.88,11.2,-2.7,5.8,2.58,10,259
11/26/2019 22:00,36124.92,11.6,-2.6,6.4,2.6,10,259
11/26/2019 23:00,36124.97,9.5,1.1,4.5,2.98,10,259
11/27/2019 0:00,36125,6.9,3.7,3.4,2.93,10,259
11/27/2019 1:00,36125.04,6,4.3,3.1,2.15,10,259
11/27/2019 2:00,36125.08,5.7,4.5,4.1,2.01,10,259
11/27/2019 3:00,36125.13,5.6,5.1,3.2,1.8,10,259
11/27/2019 4:00,36125.17,5.7,5.1,2.4,1.33,10,259
11/27/2019 5:00,36125.21,5.7,5.3,2.6,2.11,10,259
11/27/2019 6:00,36125.25,6.3,5.8,2.2,2.2,10,259
11/27/2019 7:00,36125.29,7.1,6.8,3.5,2.71,4.37,259
11/27/2019 8:00,36125.34,7.7,7.5,2.4,3.21,9.03,259
11/27/2019 9:00,36125.38,8.5,8.1,3.4,2.9,8.71,259
11/27/2019 10:00,36125.42,9.4,8.1,3.2,3.16,5.98,259
11/27/2019 11:00,36125.46,10.3,6.6,2.6,3.79,8.74,259
11/27/2019 12:00,36125.5,10.1,5.6,2.7,4.29,9.67,259
11/27/2019 13:00,36125.55,10.2,4.8,2.6,4.89,9.42,259
11/27/2019 14:00,36125.59,9.6,5.2,1.9,4.9,10,259
11/27/2019 15:00,36125.63,7.8,6.7,2.8,1.52,9.52,259
11/27/2019 16:00,36125.67,7.1,6.3,2.1,1.87,9.94,259
11/27/2019 17:00,36125.71,7.1,6.3,2.6,2.3,10,259
11/27/2019 18:00,36125.76,6.5,5.8,2.4,2.65,10,259
11/27/2019 19:00,36125.8,6,5.7,1.6,2.08,10,259
11/27/2019 20:00,36125.84,6,5.4,1.9,1.92,10,259
11/27/2019 21:00,36125.88,6.3,5.4,2.5,2.11,10,259
11/27/2019 22:00,36125.92,6.2,5.1,3.3,2.3,10,259
11/27/2019 23:00,36125.97,5.7,4.9,2.9,2.34,10,259
11/28/2019 0:00,36126,5.5,4.5,2.9,2.15,10,259
11/28/2019 1:00,36126.04,5.1,4.3,1.6,2.06,10,259
11/28/2019 2:00,36126.08,4.4,3.9,1.4,1.94,10,259
11/28/2019 3:00,36126.13,4.4,3.8,1.5,1.76,10,259
11/28/2019 4:00,36126.17,4.7,3.9,1,1.36,10,259
11/28/2019 5:00,36126.21,5.1,4,0.4,1.78,10,259
11/28/2019 6:00,36126.25,5.7,4.4,1.3,2.84,10,259
11/28/2019 7:00,36126.29,6.3,4.7,1.6,2.57,6.3,259
11/28/2019 8:00,36126.34,6.7,5.6,1.2,5.65,8.81,259
11/28/2019 9:00,36126.38,7.7,5.6,1.5,4.94,9.51,259
11/28/2019 10:00,36126.42,8.7,5.8,1.1,5.78,7.41,259
11/28/2019 11:00,36126.46,9.6,4.9,1.1,0.26,8.42,259
11/28/2019 12:00,36126.5,9.4,4.7,1.2,0.12,10,259
11/28/2019 13:00,36126.55,9.2,4.8,1.2,0.07,9.68,259
11/28/2019 14:00,36126.59,8.9,5,1,4.76,9.75,259
11/28/2019 15:00,36126.63,8.6,6,2,5.83,10,259
11/28/2019 16:00,36126.67,8.1,6.1,2.3,5.97,10,259
11/28/2019 17:00,36126.71,7.6,6.5,3,5.93,10,259
11/28/2019 18:00,36126.76,7.1,6.4,3,5.86,10,259
11/28/2019 19:00,36126.8,6.8,5.8,2.9,5.59,10,259
11/28/2019 20:00,36126.84,6.4,5.7,2.1,5.29,10,259
11/28/2019 21:00,36126.88,5.8,5.3,2,5.04,10,259
11/28/2019 22:00,36126.92,5.8,5.2,1.4,5.38,10,259
11/28/2019 23:00,36126.97,5.8,5.2,2.4,5.17,10,259
11/29/2019 0:00,36127,5.2,5,1.4,5.15,10,259
11/29/2019 1:00,36127.04,4.6,4.5,0.4,4.68,10,259
11/29/2019 2:00,36127.08,5.4,5.3,0.4,2.22,10,259
11/29/2019 3:00,36127.13,5.9,5.8,1,5.13,10,259
11/29/2019 4:00,36127.17,5.9,5.8,1.4,5.45,10,259
11/29/2019 5:00,36127.21,5.7,5.5,1.3,5.52,10,259
11/29/2019 6:00,36127.25,5.4,5.3,0.5,3.98,10,259
11/29/2019 7:00,36127.29,4.9,4.8,0.6,3.65,0,259
11/29/2019 8:00,36127.34,6.7,6.4,1.1,3.82,2.66,259
11/29/2019 9:00,36127.38,7.7,5.7,1.5,3.46,6.64,259
11/29/2019 10:00,36127.42,8.5,5.5,2.4,3.09,6.06,259
11/29/2019 11:00,36127.46,8.9,5.5,3.2,3.21,6.89,259
11/29/2019 12:00,36127.5,9.6,4.7,2.6,3.28,7.92,259
11/29/2019 13:00,36127.55,10.7,4.2,3,2.95,0,259
11/29/2019 14:00,36127.59,11,3.1,3.6,2.78,0,259
11/29/2019 15:00,36127.63,10.7,1.8,3,2.72,2.86,259
11/29/2019 16:00,36127.67,8.7,2.8,3.1,2.04,8.14,259
11/29/2019 17:00,36127.71,6.6,3.2,2.4,1.64,10,259
11/29/2019 18:00,36127.76,5.8,2.9,2,1.62,10,259
11/29/2019 19:00,36127.8,5.2,2.6,2,1.57,10,259
11/29/2019 20:00,36127.84,4.6,2.2,1.4,1.73,10,259
11/29/2019 21:00,36127.88,4.1,1.9,1.5,1.71,10,259
11/29/2019 22:00,36127.92,3,1.4,1.5,1.71,10,259
11/29/2019 23:00,36127.97,2.9,1,1.5,1.85,10,259
11/30/2019 0:00,36128,2.1,0.5,1.3,1.9,10,259
11/30/2019 1:00,36128.04,1.4,-0.5,1.3,1.75,10,259
11/30/2019 2:00,36128.08,2,-1.2,1.9,1.55,10,259
11/30/2019 3:00,36128.13,1.9,-1.7,1,2.2,10,259
11/30/2019 4:00,36128.17,0.7,-1.2,1,3.63,10,259
11/30/2019 5:00,36128.21,1,-0.9,1.2,1.45,10,259
11/30/2019 6:00,36128.25,1.6,-1.7,1.5,1.76,10,259
11/30/2019 7:00,36128.29,3.4,-1.5,1,1.92,0,259
11/30/2019 8:00,36128.34,6.1,-0.2,2,1.62,6.49,259
11/30/2019 9:00,36128.38,7.8,0.2,2.4,1.78,9.67,259
11/30/2019 10:00,36128.42,9.3,0,2.8,2.3,10,259
11/30/2019 11:00,36128.46,9.7,-0.5,3.2,2.2,10,259
11/30/2019 12:00,36128.5,10,-0.8,3.3,2.39,10,259
11/30/2019 13:00,36128.55,10.1,0.8,2.2,3.04,10,259
11/30/2019 14:00,36128.59,9.7,2.5,2.8,2.81,10,259
11/30/2019 15:00,36128.63,9,3.9,4.5,2.69,10,259
11/30/2019 16:00,36128.67,8.7,3.6,4.1,2.84,10,259
11/30/2019 17:00,36128.71,8.6,3.4,3.2,2.72,10,259
11/30/2019 18:00,36128.76,8,3.9,1.7,1.95,10,259
11/30/2019 19:00,36128.8,8,4.4,1.6,1.9,10,259
11/30/2019 20:00,36128.84,8.2,4.2,2.2,2.06,10,259
11/30/2019 21:00,36128.88,7.9,4.7,1.5,1.94,10,259
11/30/2019 22:00,36128.92,7.1,6.4,1,1.69,10,259
11/30/2019 23:00,36128.97,7.2,6.9,0.8,3.28,10,259
12/1/2019 0:00,36129,7.1,7,1.2,4.56,10,259
12/1/2019 1:00,36129.04,7.1,7,2.3,4.8,10,259
12/1/2019 2:00,36129.08,7.2,7.1,1.4,0.73,10,259
12/1/2019 3:00,36129.13,7.4,7.3,1.4,1.87,10,259
12/1/2019 4:00,36129.17,8,7.9,2.2,2.15,10,259
12/1/2019 5:00,36129.21,9.3,9.2,2.9,1.9,10,259
12/1/2019 6:00,36129.25,10,9.9,2.4,1.54,10,259
12/1/2019 7:00,36129.29,10,9.9,2.3,2.9,5.89,259
12/1/2019 8:00,36129.34,9.1,9,2.7,3.49,10,259
12/1/2019 9:00,36129.38,9.3,9.2,2.1,2.08,10,259
12/1/2019 10:00,36129.42,9.4,9.3,1.2,1.8,10,259
12/1/2019 11:00,36129.46,9.6,9.5,1.6,1.55,10,259
12/1/2019 12:00,36129.5,9.9,9.7,2.1,1.71,10,259
12/1/2019 13:00,36129.55,10.6,10.5,1,2.98,10,259
12/1/2019 14:00,36129.59,10.8,10.7,0.9,3.23,10,259
12/1/2019 15:00,36129.63,11,10.9,1.1,4.47,10,259
12/1/2019 16:00,36129.67,10.9,10.7,1.5,6.13,10,259
12/1/2019 17:00,36129.71,10.7,10.5,0.7,1.17,10,259
12/1/2019 18:00,36129.76,10.5,10.4,0.6,2.29,10,259
12/1/2019 19:00,36129.8,11,10.9,1.7,2.36,10,259
12/1/2019 20:00,36129.84,10.9,10.8,1.4,1.85,10,259
12/1/2019 21:00,36129.88,10.5,10.4,1,0.09,10,259
12/1/2019 22:00,36129.92,10.6,10.5,0.6,0.56,10,259
12/1/2019 23:00,36129.97,10.4,10.3,0.7,1.94,10,259
12/2/2019 0:00,36130,10.3,10.2,0.8,0.35,10,259
12/2/2019 1:00,36130.04,10,9.9,0.6,3.72,10,259
12/2/2019 2:00,36130.08,10.4,10.3,1.5,2.34,10,259
12/2/2019 3:00,36130.13,10,9.8,1.8,1.94,10,259
12/2/2019 4:00,36130.17,9.4,9,0.9,1.52,10,259
12/2/2019 5:00,36130.21,9,8.9,1.3,1.05,10,259
12/2/2019 6:00,36130.25,9.8,9.7,1.9,5.74,10,259
12/2/2019 7:00,36130.29,10.6,10.5,1.9,5.67,0,259
12/2/2019 8:00,36130.34,11.7,11.6,1.5,6.18,7.6,259
12/2/2019 9:00,36130.38,14.6,11.5,1.2,5.43,0,259
12/2/2019 10:00,36130.42,18.4,9.8,1,1.52,0,259
12/2/2019 11:00,36130.46,20,7.4,1,4.36,0,259
12/2/2019 12:00,36130.5,20.3,6.3,1,3.84,6.12,259
12/2/2019 13:00,36130.55,19.9,7.2,1.7,5.03,8.29,259
12/2/2019 14:00,36130.59,19,9.7,3.5,5.43,7.3,259
12/2/2019 15:00,36130.63,16.8,11.8,3.6,5.62,8.72,259
12/2/2019 16:00,36130.67,15.9,10.9,2,5.18,9.6,259
12/2/2019 17:00,36130.71,15.5,10.6,2.4,5.43,10,259
12/2/2019 18:00,36130.76,15.1,11,3.5,5.18,10,259
12/2/2019 19:00,36130.8,14.1,12.1,3.1,5.57,10,259
12/2/2019 20:00,36130.84,13.7,12.4,2,0.26,10,259
12/2/2019 21:00,36130.88,12.4,12.2,1.8,4.03,10,259
12/2/2019 22:00,36130.92,11.4,11.2,1.7,4.01,10,259
12/2/2019 23:00,36130.97,9.9,9.7,1.3,1.01,10,259
12/3/2019 0:00,36131,9.1,9,0.9,0.93,10,259
12/3/2019 1:00,36131.04,7.5,7.4,0.7,4.78,10,259
12/3/2019 2:00,36131.08,8.1,8,1.2,0.31,10,259
12/3/2019 3:00,36131.13,9.6,9.5,1.3,6.13,10,259
12/3/2019 4:00,36131.17,9.2,9.1,1.1,6.04,10,259
12/3/2019 5:00,36131.21,8.8,8.7,1.7,4.78,10,259
12/3/2019 6:00,36131.25,9.2,9.1,1.2,5.34,10,259
12/3/2019 7:00,36131.29,10,9.9,1.6,5.78,8.77,259
12/3/2019 8:00,36131.34,10.1,9.9,1.3,0.4,10,259
12/3/2019 9:00,36131.38,10.4,10.3,1.3,5.45,10,259
12/3/2019 10:00,36131.42,10.7,10.6,1.3,4.63,10,259
12/3/2019 11:00,36131.46,11.1,11,0.9,1.73,10,259
12/3/2019 12:00,36131.5,11.7,11.6,0.9,5.69,10,259
12/3/2019 13:00,36131.55,12.1,12,1.1,3.44,10,259
12/3/2019 14:00,36131.59,12.3,12.2,1.4,2.32,10,259
12/3/2019 15:00,36131.63,12.3,12.2,1,3.19,9.83,259
12/3/2019 16:00,36131.67,11.7,11.5,0.8,4.17,7.87,259
12/3/2019 17:00,36131.71,11.3,11.2,1,2.91,10,259
12/3/2019 18:00,36131.76,10.5,10.3,1.3,2.18,10,259
12/3/2019 19:00,36131.8,10.4,10.3,1.3,3.53,10,259
12/3/2019 20:00,36131.84,10.4,10.3,1.3,3.28,10,259
12/3/2019 21:00,36131.88,10.4,10.3,2,2.16,10,259
12/3/2019 22:00,36131.92,10.1,10,2,2.53,10,259
12/3/2019 23:00,36131.97,10.1,10,1,2.58,10,259
12/4/2019 0:00,36132,10.1,10,0.8,0.14,10,259
12/4/2019 1:00,36132.04,10.2,10.1,1.5,1.19,10,259
12/4/2019 2:00,36132.08,10.6,10.5,2.6,1.17,10,259
12/4/2019 3:00,36132.13,10.8,10.7,1.6,0.84,10,259
12/4/2019 4:00,36132.17,11,10.8,1.6,4.08,10,259
12/4/2019 5:00,36132.21,11,10.9,1.5,3.35,10,259
12/4/2019 6:00,36132.25,10.8,10.7,0.9,4.9,10,259
12/4/2019 7:00,36132.29,10.8,10.7,2.5,5.06,10,259
12/4/2019 8:00,36132.34,10.7,10.6,3,5.46,10,259
12/4/2019 9:00,36132.38,11.2,11.1,2.3,0.66,10,259
12/4/2019 10:00,36132.42,11.6,11.5,2.4,1.33,10,259
12/4/2019 11:00,36132.46,12.1,12,3.1,1.99,10,259
12/4/2019 12:00,36132.5,12.3,12.2,3.8,2.11,10,259
12/4/2019 13:00,36132.55,12.8,12.7,3.2,2.46,10,259
12/4/2019 14:00,36132.59,13.8,13.7,2.5,2.71,3.46,259
12/4/2019 15:00,36132.63,14.8,13.1,2.3,2.04,0,259
12/4/2019 16:00,36132.67,13.3,12.1,1.3,2.71,6.49,259
12/4/2019 17:00,36132.71,11.1,11,0.8,5.93,10,259
12/4/2019 18:00,36132.76,11.2,11.1,0.8,0.14,10,259
12/4/2019 19:00,36132.8,11,10.9,0.9,1.52,10,259
12/4/2019 20:00,36132.84,10.4,10.3,1.1,2.06,10,259
12/4/2019 21:00,36132.88,10.6,10.5,1.3,1.75,10,259
12/4/2019 22:00,36132.92,9.8,9.7,1.3,1.71,10,259
12/4/2019 23:00,36132.97,9.2,9.1,1,1.83,10,259
12/5/2019 0:00,36133,8.1,8,1,1.95,10,259
12/5/2019 1:00,36133.04,7.8,7.7,0.7,2.32,10,259
12/5/2019 2:00,36133.08,7.2,7.1,1,0.82,10,259
12/5/2019 3:00,36133.13,7,6.9,0.5,4.38,10,259
12/5/2019 4:00,36133.17,6.9,6.8,0.9,3.68,10,259
12/5/2019 5:00,36133.21,6.3,6.2,0.8,1.47,10,259
12/5/2019 6:00,36133.25,5.8,5.7,0.6,1.52,10,259
12/5/2019 7:00,36133.29,7.2,7.1,0.8,0.79,0,259
12/5/2019 8:00,36133.34,11.5,10.7,1.1,1.76,0,259
12/5/2019 9:00,36133.38,13.6,9.6,2.1,2.22,0,259
12/5/2019 10:00,36133.42,15.1,9.5,2.2,2.83,0,259
12/5/2019 11:00,36133.46,16.9,10.3,1.8,2.55,0,259
12/5/2019 12:00,36133.5,18.3,9.7,1.5,1.88,0,259
12/5/2019 13:00,36133.55,19,9.2,1.4,3.11,1.2,259
12/5/2019 14:00,36133.59,18.7,9.1,1.7,2.98,5.44,259
12/5/2019 15:00,36133.63,18.1,9.2,1.5,3.14,7.42,259
12/5/2019 16:00,36133.67,16.4,9.6,1.1,3.49,5.91,259
12/5/2019 17:00,36133.71,13.8,9.9,0.6,1.31,10,259
12/5/2019 18:00,36133.76,12.4,10.3,1.1,1.59,10,259
12/5/2019 19:00,36133.8,11.3,10.4,1.1,1.57,10,259
12/5/2019 20:00,36133.84,10.2,10.1,0.8,1.06,10,259
12/5/2019 21:00,36133.88,9.1,9,0.5,6.09,10,259
12/5/2019 22:00,36133.92,8.4,8.3,0.7,1.43,10,259
12/5/2019 23:00,36133.97,7.6,7.5,0.9,1.54,10,259
12/6/2019 0:00,36134,8.5,8.4,0.8,2.78,10,259
12/6/2019 1:00,36134.04,8.7,8.6,0.9,1.55,10,259
12/6/2019 2:00,36134.08,8,7.9,0.8,0.89,10,259
12/6/2019 3:00,36134.13,6.8,6.7,1.3,0.59,10,259
12/6/2019 4:00,36134.17,5.8,5.7,1,0.73,10,259
12/6/2019 5:00,36134.21,5.5,5.4,0.6,4.85,10,259
12/6/2019 6:00,36134.25,5.5,5.4,0.8,1.68,10,259
12/6/2019 7:00,36134.29,6.8,6.7,0.6,1.27,0,259
12/6/2019 8:00,36134.34,11.2,10,1.5,2.67,0,259
12/6/2019 9:00,36134.38,14.8,8.9,2.1,2.57,0,259
12/6/2019 10:00,36134.42,16.7,9.4,1.9,2.9,0,259
12/6/2019 11:00,36134.46,18.3,9.6,2.2,3.26,0,259
12/6/2019 12:00,36134.5,19.4,9.1,2.6,3.21,0,259
12/6/2019 13:00,36134.55,19.6,8.5,3.5,3.14,0,259
12/6/2019 14:00,36134.59,19.6,8.4,3.2,3.19,0,259
12/6/2019 15:00,36134.63,19,7.8,2.2,3.53,3.98,259
12/6/2019 16:00,36134.67,17,8,1.3,3.58,0,259
12/6/2019 17:00,36134.71,13.8,8.8,1.6,1.94,10,259
12/6/2019 18:00,36134.76,13.6,8.8,1.5,2.02,10,259
12/6/2019 19:00,36134.8,12.8,8.5,1.5,1.94,10,259
12/6/2019 20:00,36134.84,11.1,8.8,1.4,1.78,10,259
12/6/2019 21:00,36134.88,10.8,9.4,1.5,1.06,10,259
12/6/2019 22:00,36134.92,9.8,9.3,1.1,0.49,10,259
12/6/2019 23:00,36134.97,10.1,9.5,1.1,1.24,10,259
12/7/2019 0:00,36135,11.9,9.7,1.6,3.12,10,259
12/7/2019 1:00,36135.04,13,9.2,2.1,2.53,10,259
12/7/2019 2:00,36135.08,13.8,9.3,2.5,2.37,10,259
12/7/2019 3:00,36135.13,14.5,9,3.1,2.27,10,259
12/7/2019 4:00,36135.17,15.4,8.9,2.9,2.41,10,259
12/7/2019 5:00,36135.21,14.9,9.7,1.8,3.09,10,259
12/7/2019 6:00,36135.25,13.1,11.5,0.8,2.65,10,259
12/7/2019 7:00,36135.29,13.1,13,2.7,1.62,7.42,259
12/7/2019 8:00,36135.34,13.7,13.5,3.3,1.76,10,259
12/7/2019 9:00,36135.38,14.7,14.6,3.6,1.87,8.78,259
12/7/2019 10:00,36135.42,16.4,15.2,3.7,1.92,5.26,259
12/7/2019 11:00,36135.46,17.3,14.3,3.9,2.25,8.3,259
12/7/2019 12:00,36135.5,17.9,13.7,4,2.41,8.34,259
12/7/2019 13:00,36135.55,17.5,13.7,4.1,2.29,9.18,259
12/7/2019 14:00,36135.59,17.1,14.1,4.3,2.36,9.85,259
12/7/2019 15:00,36135.63,16.9,14.1,3.6,2.13,10,259
12/7/2019 16:00,36135.67,16.7,13.6,3.6,2.3,9.3,259
12/7/2019 17:00,36135.71,15.7,14.6,3.9,2.46,10,259
12/7/2019 18:00,36135.76,15,14.8,3.7,2.39,10,259
12/7/2019 19:00,36135.8,14.5,14.3,3,2.43,10,259
12/7/2019 20:00,36135.84,13.9,13.8,2.6,2.16,10,259
12/7/2019 21:00,36135.88,14,13.9,3.2,2.2,10,259
12/7/2019 22:00,36135.92,14.4,14.2,3.1,2.37,10,259
12/7/2019 23:00,36135.97,14.3,13.8,3.2,2.46,10,259
12/8/2019 0:00,36136,13.8,13.5,3.2,2.69,10,259
12/8/2019 1:00,36136.04,13.3,13.2,3.1,2.39,10,259
12/8/2019 2:00,36136.08,13.1,13,3.3,2.29,10,259
12/8/2019 3:00,36136.13,12.9,12.8,3.2,2.37,10,259
12/8/2019 4:00,36136.17,12.9,12.8,2.2,2.46,10,259
12/8/2019 5:00,36136.21,12.4,12.3,1.2,1.75,10,259
12/8/2019 6:00,36136.25,12.7,12.6,1.1,2.15,10,259
12/8/2019 7:00,36136.29,12.9,12.8,1.5,2.23,0,259
12/8/2019 8:00,36136.34,13.9,13.8,1.9,1.76,5.87,259
12/8/2019 9:00,36136.38,15,13.6,1.9,2.02,7.98,259
12/8/2019 10:00,36136.42,16.1,13.2,2.8,3,1.99,259
12/8/2019 11:00,36136.46,15.9,13.2,1.5,4.01,9.89,259
12/8/2019 12:00,36136.5,13.4,13.2,3.4,0.05,10,259
12/8/2019 13:00,36136.55,13,12.8,3,0.38,10,259
12/8/2019 14:00,36136.59,13.9,13,1.8,1.66,5.77,259
12/8/2019 15:00,36136.63,13.7,12.1,1.7,1.29,7.62,259
12/8/2019 16:00,36136.67,12.5,12,1.6,6,0,259
12/8/2019 17:00,36136.71,11.4,11.3,1.3,5.93,10,259
12/8/2019 18:00,36136.76,10.2,10.1,0.9,4.03,10,259
12/8/2019 19:00,36136.8,9,8.9,0.7,4.05,10,259
12/8/2019 20:00,36136.84,8.6,8.5,1,5.39,10,259
12/8/2019 21:00,36136.88,8.8,8.7,1,5.39,10,259
12/8/2019 22:00,36136.92,8.8,8.7,1.5,5.32,10,259
12/8/2019 23:00,36136.97,8.1,8,0.9,0.38,10,259
12/9/2019 0:00,36137,7.5,7.4,0.7,6.14,10,259
12/9/2019 1:00,36137.04,8.6,8.5,1,3.44,10,259
12/9/2019 2:00,36137.08,8.6,8.5,1.5,5.65,10,259
12/9/2019 3:00,36137.13,7.9,7.8,1,0.19,10,259
12/9/2019 4:00,36137.17,7,6.9,0.7,1.2,10,259
12/9/2019 5:00,36137.21,6.7,6.5,0.7,1.1,10,259
12/9/2019 6:00,36137.25,7.4,7.3,0.6,2.58,10,259
12/9/2019 7:00,36137.29,7.9,7.8,0.9,3.58,0,259
12/9/2019 8:00,36137.34,8.3,8.2,1.1,1.43,9.62,259
12/9/2019 9:00,36137.38,9.2,9.1,1.7,2.9,8.94,259
12/9/2019 10:00,36137.42,10.2,10.1,1.7,3,8.94,259
12/9/2019 11:00,36137.46,10.6,10.5,1.7,3.16,10,259
12/9/2019 12:00,36137.5,11.1,11,1.8,2.64,8.68,259
12/9/2019 13:00,36137.55,12.1,12,1.6,1.82,7.37,259
12/9/2019 14:00,36137.59,12.6,12.3,1.2,2.02,9.67,259
12/9/2019 15:00,36137.63,12.2,12.1,1.9,1.87,10,259
12/9/2019 16:00,36137.67,11,10.9,1.8,1.85,5.45,259
12/9/2019 17:00,36137.71,9.7,9.6,1.3,1.66,10,259
12/9/2019 18:00,36137.76,8.9,8.8,0.8,1.69,10,259
12/9/2019 19:00,36137.8,8.4,8.3,0.7,1.66,10,259
12/9/2019 20:00,36137.84,7.5,7.4,0.6,1.41,10,259
12/9/2019 21:00,36137.88,7.3,7.2,0.7,1.85,10,259
12/9/2019 22:00,36137.92,6.5,6.4,0.8,3.63,10,259
12/9/2019 23:00,36137.97,6.2,6.1,1,0.23,10,259
12/10/2019 0:00,36138,7,6.9,1.3,1.24,10,259
12/10/2019 1:00,36138.04,7.5,7.4,1,2.71,10,259
12/10/2019 2:00,36138.08,7.8,7.7,0.7,4.17,10,259
12/10/2019 3:00,36138.13,7,6.9,1.1,0.58,10,259
12/10/2019 4:00,36138.17,6.5,6.4,0.8,4.59,10,259
12/10/2019 5:00,36138.21,6.9,6.8,0.9,5.46,10,259
12/10/2019 6:00,36138.25,6.5,6.4,1,0.87,10,259
12/10/2019 7:00,36138.29,6.2,6.1,1.1,1.8,0,259
12/10/2019 8:00,36138.34,7.4,7.3,1,1.9,7.61,259
12/10/2019 9:00,36138.38,9.2,9.1,0.9,2.76,3.43,259
12/10/2019 10:00,36138.42,10.3,10.2,1.2,1.92,7.38,259
12/10/2019 11:00,36138.46,11.3,11.2,1.4,2.86,2.44,259
12/10/2019 12:00,36138.5,12.6,11.7,1.4,2.83,4.33,259
12/10/2019 13:00,36138.55,13.5,11,1.9,3.7,1.5,259
12/10/2019 14:00,36138.59,13.8,10.9,2.5,4.28,0,259
12/10/2019 15:00,36138.63,13.7,10.4,1.2,4.17,3.61,259
12/10/2019 16:00,36138.67,11.8,10.5,2,3.54,0,259
12/10/2019 17:00,36138.71,10.1,10,1.4,3.39,10,259
12/10/2019 18:00,36138.76,9.1,9,1.1,3.56,10,259
12/10/2019 19:00,36138.8,7.9,7.9,1,1.43,10,259
12/10/2019 20:00,36138.84,8.3,8.2,1.4,4.76,10,259
12/10/2019 21:00,36138.88,8.7,8.6,1.2,1.41,10,259
12/10/2019 22:00,36138.92,9.1,9,1.6,2.06,10,259
12/10/2019 23:00,36138.97,9.2,9.1,1.7,5.08,10,259
12/11/2019 0:00,36139,8.8,8.7,2.3,6.09,10,259
12/11/2019 1:00,36139.04,8.8,8.7,1.9,2.97,10,259
12/11/2019 2:00,36139.08,9.1,9,2.5,3.8,10,259
12/11/2019 3:00,36139.13,9.1,8.9,2.1,3.8,10,259
12/11/2019 4:00,36139.17,9,8.9,0.9,4.73,10,259
12/11/2019 5:00,36139.21,9,8.9,1.3,1.94,10,259
12/11/2019 6:00,36139.25,8.9,8.8,1.7,1.99,10,259
12/11/2019 7:00,36139.29,8.4,8.3,2.5,2.5,0,259
12/11/2019 8:00,36139.34,8.2,8.1,2.4,2.76,10,259
12/11/2019 9:00,36139.38,8.2,8.1,2.3,2.67,10,259
12/11/2019 10:00,36139.42,8.5,8.4,2.2,2.23,10,259
12/11/2019 11:00,36139.46,9,8.9,2.4,2.76,10,259
12/11/2019 12:00,36139.5,9.4,9.3,2.3,2.23,10,259
12/11/2019 13:00,36139.55,10,9.9,1.5,2.65,9.92,259
12/11/2019 14:00,36139.59,10.7,10.6,1.1,2.29,9.65,259
12/11/2019 15:00,36139.63,11.3,11.2,0.8,2.06,8.92,259
12/11/2019 16:00,36139.67,11.3,11.2,1.1,3.58,8.23,259
12/11/2019 17:00,36139.71,11.2,11.1,0.8,6.18,10,259
12/11/2019 18:00,36139.76,10.8,10.7,1,1.97,10,259
12/11/2019 19:00,36139.8,10.7,10.6,1,3.02,10,259
12/11/2019 20:00,36139.84,9.7,9.6,0.8,2.69,10,259
12/11/2019 21:00,36139.88,9.2,9.1,1.2,1.57,10,259
12/11/2019 22:00,36139.92,9.2,9.1,1.2,1.64,10,259
12/11/2019 23:00,36139.97,8.4,8.3,0.7,5.41,10,259
12/12/2019 0:00,36140,8,7.9,1,1.69,10,259
12/12/2019 1:00,36140.04,7.9,7.8,1.4,1.64,10,259
12/12/2019 2:00,36140.08,8.2,8.1,1.1,1.5,10,259
12/12/2019 3:00,36140.13,8.1,8,0.7,5.53,10,259
12/12/2019 4:00,36140.17,8.4,8.3,0.6,6.07,10,259
12/12/2019 5:00,36140.21,8.5,8.4,0.8,0.79,10,259
12/12/2019 6:00,36140.25,8.3,8.2,0.7,4.52,10,259
12/12/2019 7:00,36140.29,8.2,8.1,0.6,2.08,0,259
12/12/2019 8:00,36140.34,10.9,10.8,0.6,4.85,0,259
12/12/2019 9:00,36140.38,14.3,11.5,0.8,5.03,0,259
12/12/2019 10:00,36140.42,16.6,9.5,0.9,2.97,1.37,259
12/12/2019 11:00,36140.46,17.8,8.7,1.2,3.33,0,259
12/12/2019 12:00,36140.5,19,8,1.2,2.53,0,259
12/12/2019 13:00,36140.55,19.6,8.1,1.6,5.36,0,259
12/12/2019 14:00,36140.59,19.7,8.6,1.9,5.83,4.71,259
12/12/2019 15:00,36140.63,19.2,9.1,1.1,5.01,8.55,259
12/12/2019 16:00,36140.67,18.2,9.5,0.7,4.33,0,259
12/12/2019 17:00,36140.71,15,10.3,0.6,5.88,10,259
12/12/2019 18:00,36140.76,13.7,10.7,0.9,1.06,10,259
12/12/2019 19:00,36140.8,12.5,11.1,0.9,0.94,10,259
12/12/2019 20:00,36140.84,11.3,11.2,0.9,1.52,10,259
12/12/2019 21:00,36140.88,10.4,10.3,0.8,1.43,10,259
12/12/2019 22:00,36140.92,9.7,9.6,1,1.2,10,259
12/12/2019 23:00,36140.97,8.9,8.8,0.9,1.01,10,259
12/13/2019 0:00,36141,8.2,8.1,0.9,0.63,10,259
12/13/2019 1:00,36141.04,7.9,7.9,0.8,1.57,10,259
12/13/2019 2:00,36141.08,7.6,7.5,0.6,2.84,10,259
12/13/2019 3:00,36141.13,7.3,7.2,0.9,1.4,10,259
12/13/2019 4:00,36141.17,7.1,7,0.7,1.06,10,259
12/13/2019 5:00,36141.21,7.3,7.2,0.7,5.22,10,259
12/13/2019 6:00,36141.25,9,8.9,0.7,0.98,10,259
12/13/2019 7:00,36141.29,9,8.9,0.9,1.47,0,259
12/13/2019 8:00,36141.34,11.8,11.3,1,1.66,0,259
12/13/2019 9:00,36141.38,14.1,10.8,1.3,1.4,0,259
12/13/2019 10:00,36141.42,16.1,10.3,2,2.53,0,259
12/13/2019 11:00,36141.46,17,10.9,1.3,3.79,6.86,259
12/13/2019 12:00,36141.5,17.3,11.7,1.3,0.24,9.02,259
12/13/2019 13:00,36141.55,17.4,12,1.9,0.4,8.81,259
12/13/2019 14:00,36141.59,17.5,12.1,1.3,0.02,8.97,259
12/13/2019 15:00,36141.63,17.2,11.8,0.6,5.46,10,259
12/13/2019 16:00,36141.67,16.4,12.1,0.7,5.39,9.04,259
12/13/2019 17:00,36141.71,15.9,13.2,2.5,5.67,10,259
12/13/2019 18:00,36141.76,14.6,14.4,2.5,5.74,10,259
12/13/2019 19:00,36141.8,14.1,14,1.2,0.49,10,259
12/13/2019 20:00,36141.84,13.5,13.4,1,4.63,10,259
12/13/2019 21:00,36141.88,13.3,13.2,0.6,4.35,10,259
12/13/2019 22:00,36141.92,13.2,13.1,1,5.92,10,259
12/13/2019 23:00,36141.97,13.6,13.5,1.8,0.02,10,259
12/14/2019 0:00,36142,13.2,13.1,2.1,0.35,10,259
12/14/2019 1:00,36142.04,12.9,12.8,1.5,0.51,10,259
12/14/2019 2:00,36142.08,12,11.9,0.8,5.29,10,259
12/14/2019 3:00,36142.13,10.8,10.7,0.6,5.29,10,259
12/14/2019 4:00,36142.17,10.3,10.2,0.7,4.42,10,259
12/14/2019 5:00,36142.21,10.3,10.2,0.9,5.27,10,259
12/14/2019 6:00,36142.25,10.6,10.5,1.7,5.6,10,259
12/14/2019 7:00,36142.29,11,10.9,1.4,5.25,0,259
12/14/2019 8:00,36142.34,12.1,12,3.2,5.45,8.52,259
12/14/2019 9:00,36142.38,12.8,12.7,4,5.65,8.65,259
12/14/2019 10:00,36142.42,13.7,13.3,3.9,5.62,7.21,259
12/14/2019 11:00,36142.46,14.5,10.6,4.6,5.64,3.86,259
12/14/2019 12:00,36142.5,15.2,9.6,5,5.69,0,259
12/14/2019 13:00,36142.55,15.7,8.7,5.2,5.53,0,259
12/14/2019 14:00,36142.59,15.5,7.8,5.2,5.62,0,259
12/14/2019 15:00,36142.63,14.6,6.9,4.9,5.76,0,259
12/14/2019 16:00,36142.67,13,7.3,3.7,5.79,0,259
12/14/2019 17:00,36142.71,11.5,7.2,2.8,5.78,10,259
12/14/2019 18:00,36142.76,10.3,7.2,2.2,5.85,10,259
12/14/2019 19:00,36142.8,9.1,7.2,1.6,5.45,10,259
12/14/2019 20:00,36142.84,8.7,7.4,2.3,5.36,10,259
12/14/2019 21:00,36142.88,9.1,7.2,2.3,5.34,10,259
12/14/2019 22:00,36142.92,8.7,6.9,2.6,5.36,10,259
12/14/2019 23:00,36142.97,8.3,6.7,2,5.38,10,259
12/15/2019 0:00,36143,7.4,6.6,1.9,5.41,10,259
12/15/2019 1:00,36143.04,7.2,6.8,2,5.69,10,259
12/15/2019 2:00,36143.08,6.6,6.5,1.2,5.38,10,259
12/15/2019 3:00,36143.13,7.7,7.2,1.8,5.5,10,259
12/15/2019 4:00,36143.17,7.8,6.3,1.9,5.72,10,259
12/15/2019 5:00,36143.21,6.3,6,1.3,4.96,10,259
12/15/2019 6:00,36143.25,5.7,5.6,1.4,5.18,10,259
12/15/2019 7:00,36143.29,6.1,6,2.3,5.39,0,259
12/15/2019 8:00,36143.34,7.8,7.1,2.4,5.81,0,259
12/15/2019 9:00,36143.38,9.3,7.1,2.5,5.78,0,259
12/15/2019 10:00,36143.42,10.8,7,3,5.38,0,259
12/15/2019 11:00,36143.46,11.6,6,3.6,5.38,0,259
12/15/2019 12:00,36143.5,12.4,5.3,3.9,5.32,0,259
12/15/2019 13:00,36143.55,13.1,4.9,4,5.64,0,259
12/15/2019 14:00,36143.59,13.3,4.2,4.1,5.69,0,259
12/15/2019 15:00,36143.63,12.9,3.3,4.2,5.64,0.47,259
12/15/2019 16:00,36143.67,11.6,3.2,3.3,5.59,0,259
12/15/2019 17:00,36143.71,9.6,3.5,1.7,5.69,10,259
12/15/2019 18:00,36143.76,9,4,2.2,5.72,10,259
12/15/2019 19:00,36143.8,7.2,4.1,1.1,6.06,10,259
12/15/2019 20:00,36143.84,6.3,4.2,1.5,5.03,10,259
12/15/2019 21:00,36143.88,6.3,4.2,1.6,5.15,10,259
12/15/2019 22:00,36143.92,5.1,4.2,0.9,0.59,10,259
12/15/2019 23:00,36143.97,3.8,3.7,0.6,2.2,10,259
12/16/2019 0:00,36144,3.3,3.2,0.7,3.42,10,259
12/16/2019 1:00,36144.04,3,2.9,1.2,1.59,10,259
12/16/2019 2:00,36144.08,2.8,2.7,1.3,1.48,10,259
12/16/2019 3:00,36144.13,2.3,2.2,0.8,1.64,10,259
12/16/2019 4:00,36144.17,1.5,1.4,0.5,1.36,10,259
12/16/2019 5:00,36144.21,1,0.9,0.8,1.52,10,259
12/16/2019 6:00,36144.25,1,0.9,0.8,1.33,10,259
12/16/2019 7:00,36144.29,1.5,1.4,0.9,0.7,0,259
12/16/2019 8:00,36144.34,5.4,5.3,1.8,1.76,0,259
12/16/2019 9:00,36144.38,8.4,6.9,3,2.22,0,259
12/16/2019 10:00,36144.42,10.6,5.8,3.1,2.62,0,259
12/16/2019 11:00,36144.46,11.7,5.7,2.7,2.95,0,259
12/16/2019 12:00,36144.5,12.8,5.6,2.3,3.05,0,259
12/16/2019 13:00,36144.55,13.6,5.2,1.8,2.81,0,259
12/16/2019 14:00,36144.59,14.1,4.7,1.4,3.02,0,259
12/16/2019 15:00,36144.63,14.2,3.8,1.1,2.37,0,259
12/16/2019 16:00,36144.67,12.1,3.5,1,2.04,0,259
12/16/2019 17:00,36144.71,8.4,3.8,0.6,1.29,10,259
12/16/2019 18:00,36144.76,6.6,5.1,0.6,0.96,10,259
12/16/2019 19:00,36144.8,6,5.4,0.8,1.75,10,259
12/16/2019 20:00,36144.84,4.9,4.7,0.8,0.91,10,259
12/16/2019 21:00,36144.88,4,3.9,0.7,1.03,10,259
12/16/2019 22:00,36144.92,3.1,3,0.7,1.85,10,259
12/16/2019 23:00,36144.97,2.8,2.7,0.8,1.1,10,259
12/17/2019 0:00,36145,1.9,1.8,0.8,0.98,10,259
12/17/2019 1:00,36145.04,2,1.9,0.9,1.57,10,259
12/17/2019 2:00,36145.08,1.9,1.8,0.8,1.41,10,259
12/17/2019 3:00,36145.13,0.6,0.5,0.7,6,10,259
12/17/2019 4:00,36145.17,0.4,0.3,0.7,5.92,10,259
12/17/2019 5:00,36145.21,0.8,0.7,0.7,0.65,10,259
12/17/2019 6:00,36145.25,2,1.9,0.6,2.58,10,259
12/17/2019 7:00,36145.29,2.7,2.6,0.8,0.7,0,259
12/17/2019 8:00,36145.34,4.7,4.2,0.8,2.2,8.53,259
12/17/2019 9:00,36145.38,7.2,3.6,0.7,0.12,6.91,259
12/17/2019 10:00,36145.42,9.9,3.9,0.8,0.02,7.12,259
12/17/2019 11:00,36145.46,11.9,0,1,6.14,4.63,259
12/17/2019 12:00,36145.5,13.4,0.2,2.3,0.59,2.32,259
12/17/2019 13:00,36145.55,14.4,0,1.9,0.68,5.27,259
12/17/2019 14:00,36145.59,14.8,-1.5,1.1,1.33,6.39,259
12/17/2019 15:00,36145.63,14,-1.4,1,4.73,9.31,259
12/17/2019 16:00,36145.67,11.9,1,0.9,0.37,0,259
12/17/2019 17:00,36145.71,10.7,1,1.1,5.79,10,259
12/17/2019 18:00,36145.76,9.3,1.9,0.9,1.82,10,259
12/17/2019 19:00,36145.8,7.9,1.7,0.6,4.71,10,259
12/17/2019 20:00,36145.84,6,1.8,1.1,0.72,10,259
12/17/2019 21:00,36145.88,5.4,1.6,1.1,1.13,10,259
12/17/2019 22:00,36145.92,3.3,1.2,1.1,1.54,10,259
12/17/2019 23:00,36145.97,2.7,1.1,0.9,1.66,10,259
12/18/2019 0:00,36146,3,1,0.9,0.86,10,259
12/18/2019 1:00,36146.04,4.8,0.2,1.6,1.8,10,259
12/18/2019 2:00,36146.08,6.6,-0.4,1.7,1.87,10,259
12/18/2019 3:00,36146.13,7.7,-0.6,1.3,1.66,10,259
12/18/2019 4:00,36146.17,7.2,0.1,1.3,1.41,10,259
12/18/2019 5:00,36146.21,7.9,-0.7,1.4,1.75,10,259
12/18/2019 6:00,36146.25,7,-0.4,0.7,1.62,10,259
12/18/2019 7:00,36146.29,5.9,-0.2,1,4.17,0,259
12/18/2019 8:00,36146.34,6.6,1,0.9,0.75,9.68,259
12/18/2019 9:00,36146.38,7.1,3,1,0.94,10,259
12/18/2019 10:00,36146.42,8.1,3.3,1.4,0.86,9.89,259
12/18/2019 11:00,36146.46,12,0.4,2.7,1.83,0,259
12/18/2019 12:00,36146.5,14.7,-4.1,2.2,2.46,0,259
12/18/2019 13:00,36146.55,15.3,-5.1,1.8,2.37,5.03,259
12/18/2019 14:00,36146.59,15.5,-4.1,2.7,2.41,3.09,259
12/18/2019 15:00,36146.63,15,-2.5,2.9,2.62,2.48,259
12/18/2019 16:00,36146.67,13.3,-2.2,1.9,2.83,0,259
12/18/2019 17:00,36146.71,10.4,-0.5,1,1.38,10,259
12/18/2019 18:00,36146.76,7.8,1.1,1,1.24,10,259
12/18/2019 19:00,36146.8,6.6,0.6,1.4,1.8,10,259
12/18/2019 20:00,36146.84,6.7,0.4,0.6,4.89,10,259
12/18/2019 21:00,36146.88,6.4,1.5,1,1.41,10,259
12/18/2019 22:00,36146.92,5.4,1.6,0.7,0.72,10,259
12/18/2019 23:00,36146.97,4,1.5,0.6,5.59,10,259
12/19/2019 0:00,36147,3.5,2.2,0.9,0.82,10,259
12/19/2019 1:00,36147.04,3,1.7,0.7,1.41,10,259
12/19/2019 2:00,36147.08,2,1.5,0.7,0.09,10,259
12/19/2019 3:00,36147.13,1.9,1.8,0.7,0.77,10,259
12/19/2019 4:00,36147.17,2.2,1.9,0.8,2.15,10,259
12/19/2019 5:00,36147.21,1.3,1.1,0.8,6.16,10,259
12/19/2019 6:00,36147.25,1.2,1.1,0.7,5.81,10,259
12/19/2019 7:00,36147.29,2.3,1.7,0.5,3.26,0,259
12/19/2019 8:00,36147.34,6.3,2,0.6,1.83,0,259
12/19/2019 9:00,36147.38,9.8,0.9,1.1,2.83,0,259
12/19/2019 10:00,36147.42,12.2,0.2,1.6,3.93,0,259
12/19/2019 11:00,36147.46,14,0.7,1.6,4.78,0,259
12/19/2019 12:00,36147.5,15.7,1.6,1.3,5.74,0,259
12/19/2019 13:00,36147.55,19,2.9,1.4,2.16,0,259
12/19/2019 14:00,36147.59,18.3,3.5,1.5,4.5,0,259
12/19/2019 15:00,36147.63,16.6,4.2,1,4.92,4.38,259
12/19/2019 16:00,36147.67,11.5,3.9,0.6,5.24,0,259
12/19/2019 17:00,36147.71,6.4,4.6,0.8,5.41,10,259
12/19/2019 18:00,36147.76,4.9,4.5,0.8,1.43,10,259
12/19/2019 19:00,36147.8,3.9,3.8,0.7,0.37,10,259
12/19/2019 20:00,36147.84,3,2.9,0.8,0.82,10,259
12/19/2019 21:00,36147.88,2.5,2.4,0.7,0.96,10,259
12/19/2019 22:00,36147.92,2.2,2.1,0.9,1.62,10,259
12/19/2019 23:00,36147.97,0.7,0.6,0.6,0.61,10,259
12/20/2019 0:00,36148,0.6,0.5,0.6,6.28,10,259
12/20/2019 1:00,36148.04,0.8,0.7,0.9,1.71,10,259
12/20/2019 2:00,36148.08,0.5,0.4,0.5,1.13,10,259
12/20/2019 3:00,36148.13,0.8,0.7,1.1,0.66,10,259
12/20/2019 4:00,36148.17,0.4,0.3,0.8,1.55,10,259
12/20/2019 5:00,36148.21,-0.2,-0.3,0.7,1.71,10,259
12/20/2019 6:00,36148.25,-0.1,-0.2,0.9,1.24,10,259
12/20/2019 7:00,36148.29,1.7,1.7,1,1.45,0,259
12/20/2019 8:00,36148.34,6.8,6.8,1.5,2.34,0,259
12/20/2019 9:00,36148.38,11.7,6.2,2.2,2.6,0,259
12/20/2019 10:00,36148.42,15.2,6.2,1.9,2.57,0,259
12/20/2019 11:00,36148.46,17.8,6,1.6,3,0,259
12/20/2019 12:00,36148.5,19.4,6,1.3,3.21,0,259
12/20/2019 13:00,36148.55,19.6,5.4,0.9,2.72,2.66,259
12/20/2019 14:00,36148.59,19.5,5,1.1,2.71,3.3,259
12/20/2019 15:00,36148.63,16.3,5.2,1.3,2.57,6.69,259
12/20/2019 16:00,36148.67,11.5,5.4,1.3,2.41,0,259
12/20/2019 17:00,36148.71,7.8,5.5,1.5,1.71,10,259
12/20/2019 18:00,36148.76,6.3,6,0.6,1.59,10,259
12/20/2019 19:00,36148.8,5.5,5.4,0.8,1.47,10,259
12/20/2019 20:00,36148.84,4.8,4.7,1,1.45,10,259
12/20/2019 21:00,36148.88,4.4,4.3,0.9,1.64,10,259
12/20/2019 22:00,36148.92,4.1,4,0.9,1.62,10,259
12/20/2019 23:00,36148.97,4,3.9,1,1.47,10,259
12/21/2019 0:00,36149,3.4,3.3,0.6,1.48,10,259
12/21/2019 1:00,36149.04,3.5,3.4,1,1.4,10,259
12/21/2019 2:00,36149.08,4.5,4.4,1.1,1.59,10,259
12/21/2019 3:00,36149.13,5.5,5.4,1.4,1.87,10,259
12/21/2019 4:00,36149.17,6.6,5.9,2,1.94,10,259
12/21/2019 5:00,36149.21,6.5,4.3,1.2,1.73,10,259
12/21/2019 6:00,36149.25,6.5,3.9,1.4,1.85,10,259
12/21/2019 7:00,36149.29,6.6,3.3,1,2.08,0,259
12/21/2019 8:00,36149.34,8.2,4.9,1.2,1.87,9.67,259
12/21/2019 9:00,36149.38,10.7,5.8,1.1,1.85,9.86,259
12/21/2019 10:00,36149.42,13.7,5.3,2.1,2.37,9.2,259
12/21/2019 11:00,36149.46,16,5.5,2.6,2.36,8.04,259
12/21/2019 12:00,36149.5,16.7,5.2,2.5,2.37,8.91,259
12/21/2019 13:00,36149.55,16.8,6.3,1.8,2.64,8.95,259
12/21/2019 14:00,36149.59,16.5,7,1.6,2.64,9.09,259
12/21/2019 15:00,36149.63,15.3,5.9,1.9,2.55,9.67,259
12/21/2019 16:00,36149.67,13.2,4.5,1.7,2.65,0,259
12/21/2019 17:00,36149.71,9.5,4.6,1.2,1.38,10,259
12/21/2019 18:00,36149.76,7,5.7,0.8,6.25,10,259
12/21/2019 19:00,36149.8,6.4,6.3,0.8,1.29,10,259
12/21/2019 20:00,36149.84,6.8,6.4,1.4,0.68,10,259
12/21/2019 21:00,36149.88,11.5,3.1,2.2,2.06,10,259
12/21/2019 22:00,36149.92,10.8,1.8,2.3,1.73,10,259
12/21/2019 23:00,36149.97,11.3,0.6,2.5,2.04,10,259
12/22/2019 0:00,36150,11.6,-0.1,2.7,2.04,10,259
12/22/2019 1:00,36150.04,11.7,-0.3,2.8,2.06,10,259
12/22/2019 2:00,36150.08,10.2,-0.5,2.3,2.13,10,259
12/22/2019 3:00,36150.13,10.7,-0.6,2.3,2.15,10,259
12/22/2019 4:00,36150.17,11.1,-0.9,3.3,1.97,10,259
12/22/2019 5:00,36150.21,10.2,-1.3,2.4,2.57,10,259
12/22/2019 6:00,36150.25,6.4,-1.5,1.6,2.2,10,259
12/22/2019 7:00,36150.29,5.3,-0.6,1.5,1.82,0,259
12/22/2019 8:00,36150.34,14.3,1.5,2.5,1.71,0,259
12/22/2019 9:00,36150.38,18.1,0.4,1.6,2.86,3.92,259
12/22/2019 10:00,36150.42,13.8,1.2,1.9,4.61,10,259
12/22/2019 11:00,36150.46,12.3,5.8,2,1.76,10,259
12/22/2019 12:00,36150.5,13,5.9,1.9,1.94,10,259
12/22/2019 13:00,36150.55,12.9,6.4,2.4,3.05,10,259
12/22/2019 14:00,36150.59,12.2,8.8,2,2.65,10,259
12/22/2019 15:00,36150.63,10.2,10.1,2.7,1.52,10,259
12/22/2019 16:00,36150.67,9.7,9.7,3,1.57,8.78,259
12/22/2019 17:00,36150.71,9.6,9.6,2.2,2.16,10,259
12/22/2019 18:00,36150.76,9.4,9.4,1.2,5.2,10,259
12/22/2019 19:00,36150.8,9.2,9.2,1.4,0.91,10,259
12/22/2019 20:00,36150.84,8.6,8.6,0.9,2.78,10,259
12/22/2019 21:00,36150.88,8.9,8.9,1.2,1.5,10,259
12/22/2019 22:00,36150.92,9.2,9.2,1.7,2.32,10,259
12/22/2019 23:00,36150.97,9.1,9.1,1,1.29,10,259
12/23/2019 0:00,36151,8.9,8.8,1.1,4.9,10,259
12/23/2019 1:00,36151.04,8.1,8.1,1.1,0.09,10,259
12/23/2019 2:00,36151.08,5.7,5.7,1.3,0.47,10,259
12/23/2019 3:00,36151.13,5.1,5.1,1.1,0.52,10,259
12/23/2019 4:00,36151.17,6,6,1.3,5.03,10,259
12/23/2019 5:00,36151.21,7.8,7.8,1.6,5.25,10,259
12/23/2019 6:00,36151.25,8,8,1.4,5.24,10,259
12/23/2019 7:00,36151.29,8.4,8.3,2.3,5.24,9.63,259
12/23/2019 8:00,36151.34,8.8,8.8,2.6,5.31,10,259
12/23/2019 9:00,36151.38,9.2,9.2,2.9,5.46,10,259
12/23/2019 10:00,36151.42,9.2,9.2,3,5.34,10,259
12/23/2019 11:00,36151.46,9.3,9.3,1.7,5.69,10,259
12/23/2019 12:00,36151.5,9.8,9.8,1.7,6.21,10,259
12/23/2019 13:00,36151.55,9.7,9.7,1.2,5.72,10,259
12/23/2019 14:00,36151.59,9.7,9.6,1.8,5.41,10,259
12/23/2019 15:00,36151.63,9.3,9.3,2.3,5.29,10,259
12/23/2019 16:00,36151.67,8.8,8.8,2.1,5.31,7.92,259
12/23/2019 17:00,36151.71,8.6,8.5,1.8,5.2,10,259
12/23/2019 18:00,36151.76,8.4,8.4,1.9,5.32,10,259
12/23/2019 19:00,36151.8,8.3,8.3,1.1,5.71,10,259
12/23/2019 20:00,36151.84,8.4,8.4,0.8,5.55,10,259
12/23/2019 21:00,36151.88,8.5,8.4,1.1,4.92,10,259
12/23/2019 22:00,36151.92,8.6,8.5,0.7,5.1,10,259
12/23/2019 23:00,36151.97,8.7,8.6,1,4.8,10,259
12/24/2019 0:00,36152,8.7,8.7,1.4,4.36,10,259
12/24/2019 1:00,36152.04,8.3,8.3,0.8,4.28,10,259
12/24/2019 2:00,36152.08,8.2,8.2,0.7,4.12,10,259
12/24/2019 3:00,36152.13,7.5,7.5,1,3.86,10,259
12/24/2019 4:00,36152.17,7.8,7.8,1.2,4.5,10,259
12/24/2019 5:00,36152.21,7.3,7.3,1.2,4.89,10,259
12/24/2019 6:00,36152.25,4.9,4.9,0.9,5.48,10,259
12/24/2019 7:00,36152.29,6.1,6.1,1.2,5.03,0,259
12/24/2019 8:00,36152.34,7.3,7.3,0.8,6.27,9.11,259
12/24/2019 9:00,36152.38,10.4,10.4,0.9,5.13,0,259
12/24/2019 10:00,36152.42,10.9,10.9,2.4,5.81,4.75,259
12/24/2019 11:00,36152.46,11.8,11.8,2.2,5.72,5.27,259
12/24/2019 12:00,36152.5,11.7,11.7,2.5,5.97,6.93,259
12/24/2019 13:00,36152.55,11.4,11.4,2.9,5.69,7.22,259
12/24/2019 14:00,36152.59,11.2,11.2,2.3,5.9,6.82,259
12/24/2019 15:00,36152.63,10.5,10.5,2,5.85,5.71,259
12/24/2019 16:00,36152.67,7.8,7.8,1.2,5.11,0,259
12/24/2019 17:00,36152.71,5.2,5.2,1.1,1.26,10,259
12/24/2019 18:00,36152.76,4.4,4.4,0.7,1.47,10,259
12/24/2019 19:00,36152.8,4.2,4.2,0.6,5.86,10,259
12/24/2019 20:00,36152.84,3.9,3.9,0.7,5.67,10,259
12/24/2019 21:00,36152.88,3.1,3.1,0.6,1.78,10,259
12/24/2019 22:00,36152.92,3,3,0.9,1.5,10,259
12/24/2019 23:00,36152.97,2.5,2.5,0.8,0.07,10,259
12/25/2019 0:00,36153,2.6,2.6,0.9,1.68,10,259
12/25/2019 1:00,36153.04,3,3,0.5,1.38,10,259
12/25/2019 2:00,36153.08,3.2,3.2,0.9,1.22,10,259
12/25/2019 3:00,36153.13,2.9,2.9,0.8,1.69,10,259
12/25/2019 4:00,36153.17,2.5,2.5,1.1,1.85,10,259
12/25/2019 5:00,36153.21,2.2,2.2,1,1.55,10,259
12/25/2019 6:00,36153.25,3,3,0.7,1.15,10,259
12/25/2019 7:00,36153.29,3.7,3.7,0.9,1.55,0,259
12/25/2019 8:00,36153.34,6.5,6.5,2.7,2.53,5.72,259
12/25/2019 9:00,36153.38,9.2,9.2,3.6,2.51,2.66,259
12/25/2019 10:00,36153.42,11.9,11.9,3.9,2.48,0,259
12/25/2019 11:00,36153.46,13.3,13.3,4.5,2.55,0,259
12/25/2019 12:00,36153.5,12.4,12.4,4.5,2.48,5.34,259
12/25/2019 13:00,36153.55,12.5,12.5,4.5,2.65,5.29,259
12/25/2019 14:00,36153.59,11.7,11.7,4.3,2.81,8.61,259
12/25/2019 15:00,36153.63,11,11,3.9,2.36,9.5,259
12/25/2019 16:00,36153.67,10,10,3.3,1.99,0,259
12/25/2019 17:00,36153.71,9.5,9.5,2.9,1.82,10,259
12/25/2019 18:00,36153.76,9.1,9.1,2.6,1.55,10,259
12/25/2019 19:00,36153.8,8.9,8.9,2,1.57,10,259
12/25/2019 20:00,36153.84,7.6,7.6,1,0.84,10,259
12/25/2019 21:00,36153.88,6.8,6.8,1.1,4.61,10,259
12/25/2019 22:00,36153.92,8.8,8.8,2.6,4.01,10,259
12/25/2019 23:00,36153.97,8.9,8.9,2.2,3.79,10,259
12/26/2019 0:00,36154,7.8,7.7,1.7,2.23,10,259
12/26/2019 1:00,36154.04,7.3,7.2,1.1,0.21,10,259
12/26/2019 2:00,36154.08,7.4,7.3,1.5,5.06,10,259
12/26/2019 3:00,36154.13,7.3,7.2,1.9,5.76,10,259
12/26/2019 4:00,36154.17,7.2,7.1,2.3,5.81,10,259
12/26/2019 5:00,36154.21,7,6.9,3,5.65,10,259
12/26/2019 6:00,36154.25,6.5,6.5,3,5.62,10,259
12/26/2019 7:00,36154.29,6.5,6.4,3.9,5.43,0,259
12/26/2019 8:00,36154.34,7.8,7.7,4.1,5.45,5.66,259
12/26/2019 9:00,36154.38,9.7,9.6,4.9,5.53,4.03,259
12/26/2019 10:00,36154.42,11.9,11.8,4.7,5.65,0,259
12/26/2019 11:00,36154.46,12.1,12,4.7,5.53,4.67,259
12/26/2019 12:00,36154.5,13.8,13.6,4.2,5.41,0,259
12/26/2019 13:00,36154.55,12.4,12,3.7,5.6,5.85,259
12/26/2019 14:00,36154.59,13.7,9.6,2.5,5.9,2.51,259
12/26/2019 15:00,36154.63,12.5,6.3,2.1,5.71,5.51,259
12/26/2019 16:00,36154.67,9.3,5.5,2.7,5.65,0,259
12/26/2019 17:00,36154.71,4.8,4.5,0.7,5.17,10,259
12/26/2019 18:00,36154.76,5,4.9,0.8,1.82,10,259
12/26/2019 19:00,36154.8,3.6,3.5,0.6,4.24,10,259
12/26/2019 20:00,36154.84,2.7,2.6,0.8,1.8,10,259
12/26/2019 21:00,36154.88,2.4,2.3,1,1.22,10,259
12/26/2019 22:00,36154.92,2.2,2.2,1.1,2.55,10,259
12/26/2019 23:00,36154.97,1.6,1.5,0.9,1.87,10,259
12/27/2019 0:00,36155,2.8,2.8,2,2.13,10,259
12/27/2019 1:00,36155.04,5.1,5,2.3,2.32,10,259
12/27/2019 2:00,36155.08,5.6,5.5,2.5,2.57,10,259
12/27/2019 3:00,36155.13,6,5.9,2.7,2.67,10,259
12/27/2019 4:00,36155.17,5.8,5.7,2.4,2.9,10,259
12/27/2019 5:00,36155.21,5.4,5.3,1.9,2.9,10,259
12/27/2019 6:00,36155.25,5.1,5,1.7,2.16,10,259
12/27/2019 7:00,36155.29,4.8,4.7,0.9,3.18,0,259
12/27/2019 8:00,36155.34,6,5.9,0.6,0.84,8.53,259
12/27/2019 9:00,36155.38,9.4,9.4,1,2.67,0,259
12/27/2019 10:00,36155.42,11.8,9.2,2.1,2.39,3.08,259
12/27/2019 11:00,36155.46,12.9,8.4,2.1,2.69,4.42,259
12/27/2019 12:00,36155.5,13.8,8,2.1,2.97,1.69,259
12/27/2019 13:00,36155.55,15.2,7.5,2.1,3.49,0,259
12/27/2019 14:00,36155.59,14,6.6,1.9,3.65,2.01,259
12/27/2019 15:00,36155.63,11.8,6.1,1.7,3.91,7.5,259
12/27/2019 16:00,36155.67,10.7,6,1.2,4.75,0,259
12/27/2019 17:00,36155.71,8.6,6.3,0.8,4.82,10,259
12/27/2019 18:00,36155.76,6.5,6.4,1,5.53,10,259
12/27/2019 19:00,36155.8,4.9,4.8,0.8,5.65,10,259
12/27/2019 20:00,36155.84,3.1,3,0.6,1.33,10,259
12/27/2019 21:00,36155.88,1.6,1.5,0.5,3.44,10,259
12/27/2019 22:00,36155.92,1.1,1,0.8,2.44,10,259
12/27/2019 23:00,36155.97,0.7,0.6,0.7,5.74,10,259
12/28/2019 0:00,36156,0.3,0.2,0.8,0.63,10,259
12/28/2019 1:00,36156.04,-0.2,-0.3,0.7,1.13,10,259
12/28/2019 2:00,36156.08,-0.9,-0.9,0.7,4.89,10,259
12/28/2019 3:00,36156.13,-1,-1.1,0.7,1.4,10,259
12/28/2019 4:00,36156.17,-1.7,-1.8,0.5,1.47,10,259
12/28/2019 5:00,36156.21,-0.9,-0.9,1,1.34,10,259
12/28/2019 6:00,36156.25,-1.3,-1.4,0.8,0.24,10,259
12/28/2019 7:00,36156.29,-0.5,-0.5,0.9,0.65,0,259
12/28/2019 8:00,36156.34,5.4,5.3,1.4,1.5,0,259
12/28/2019 9:00,36156.38,8.8,8.7,2,1.95,0,259
12/28/2019 10:00,36156.42,12.4,7.7,1.6,2.53,0,259
12/28/2019 11:00,36156.46,14.6,6.8,1.9,2.48,0,259
12/28/2019 12:00,36156.5,15.7,6.6,2.1,2.64,0,259
12/28/2019 13:00,36156.55,16.3,6.4,2.1,3,0,259
12/28/2019 14:00,36156.59,15.7,5.2,1.6,3.3,0,259
12/28/2019 15:00,36156.63,14.3,4.6,1.3,3.4,0,259
12/28/2019 16:00,36156.67,10,4.2,0.9,3.68,0,259
12/28/2019 17:00,36156.71,5.5,4.4,0.7,5.6,10,259
12/28/2019 18:00,36156.76,3.7,3.6,0.6,1.5,10,259
12/28/2019 19:00,36156.8,2.6,2.6,0.6,1.54,10,259
12/28/2019 20:00,36156.84,2.8,2.7,1,1.45,10,259
12/28/2019 21:00,36156.88,1.6,1.5,1,0.82,10,259
12/28/2019 22:00,36156.92,1,0.9,0.5,0.45,10,259
12/28/2019 23:00,36156.97,0.4,0.3,0.5,5.41,10,259
12/29/2019 0:00,36157,0,-0.1,0.6,0.21,10,259
12/29/2019 1:00,36157.04,-0.5,-0.6,0.6,4.76,10,259
12/29/2019 2:00,36157.08,-0.6,-0.7,0.7,0.79,10,259
12/29/2019 3:00,36157.13,0.2,0.1,0.8,1.31,10,259
12/29/2019 4:00,36157.17,0.9,0.8,0.9,1.38,10,259
12/29/2019 5:00,36157.21,2.7,2.6,1.3,1.76,10,259
12/29/2019 6:00,36157.25,3.3,3.2,1.1,1.01,10,259
12/29/2019 7:00,36157.29,3.4,3.3,1,2.3,0,259
12/29/2019 8:00,36157.34,5.7,5.6,1.1,1.94,9.06,259
12/29/2019 9:00,36157.38,7.5,7.3,2.1,2.5,8.7,259
12/29/2019 10:00,36157.42,11.4,7.2,2.6,2.16,4.75,259
12/29/2019 11:00,36157.46,10.7,6.3,2.2,2.97,9.09,259
12/29/2019 12:00,36157.5,12.1,6.3,2.2,2.01,7.76,259
12/29/2019 13:00,36157.55,14.5,6.3,2.7,2.64,1.98,259
12/29/2019 14:00,36157.59,12.5,5.3,2.7,2.78,8.14,259
12/29/2019 15:00,36157.63,12.2,5.3,1.9,3.11,7.12,259
12/29/2019 16:00,36157.67,10.2,5,1.1,1.92,0,259
12/29/2019 17:00,36157.71,7.3,5.1,1.1,1.71,10,259
12/29/2019 18:00,36157.76,5.8,5.6,0.9,1.13,10,259
12/29/2019 19:00,36157.8,6.3,6.2,0.9,0.82,10,259
12/29/2019 20:00,36157.84,6.8,6.7,0.8,4.73,10,259
12/29/2019 21:00,36157.88,7,6.9,1,6.07,10,259
12/29/2019 22:00,36157.92,7.1,7,0.9,5.25,10,259
12/29/2019 23:00,36157.97,6.9,6.8,1,0.66,10,259
12/30/2019 0:00,36158,6.4,6.3,1.2,0.87,10,259
12/30/2019 1:00,36158.04,4.4,4.3,0.9,4.61,10,259
12/30/2019 2:00,36158.08,4,3.9,1.1,5.03,10,259
12/30/2019 3:00,36158.13,3.4,3.3,0.9,6.14,10,259
12/30/2019 4:00,36158.17,4,3.9,1.5,5.22,10,259
12/30/2019 5:00,36158.21,3.8,3.7,1.9,5.18,10,259
12/30/2019 6:00,36158.25,4.2,4.1,2.2,5.22,10,259
12/30/2019 7:00,36158.29,4.6,4.5,2.1,5.32,0,259
12/30/2019 8:00,36158.34,5.6,5.5,2.9,5.52,10,259
12/30/2019 9:00,36158.38,6,5.9,2.5,5.62,10,259
12/30/2019 10:00,36158.42,6.9,6.8,2.2,5.81,10,259
12/30/2019 11:00,36158.46,7.7,7.6,1.6,5.08,10,259
12/30/2019 12:00,36158.5,9,8.6,1.2,0.93,9.1,259
12/30/2019 13:00,36158.55,11.9,8.5,1.6,0.17,2.31,259
12/30/2019 14:00,36158.59,12.4,8.3,2.5,6.09,0,259
12/30/2019 15:00,36158.63,11.7,7.9,1.9,0.14,0,259
12/30/2019 16:00,36158.67,7.8,6.5,0.9,0.58,0,259
12/30/2019 17:00,36158.71,3.9,3.8,0.9,0.98,10,259
12/30/2019 18:00,36158.76,2.3,2.2,0.5,6.13,10,259
12/30/2019 19:00,36158.8,1.9,1.8,0.7,4.35,10,259
12/30/2019 20:00,36158.84,1.3,1.2,1,1.47,10,259
12/30/2019 21:00,36158.88,0.8,0.8,0.7,1.87,10,259
12/30/2019 22:00,36158.92,0.4,0.3,0.8,0.61,10,259
12/30/2019 23:00,36158.97,-0.3,-0.3,0.9,1.41,10,259
12/31/2019 0:00,36159,-0.5,-0.6,0.9,1.17,10,259
12/31/2019 1:00,36159.04,-0.3,-0.4,0.9,0.65,10,259
12/31/2019 2:00,36159.08,-1,-1.1,0.8,5.79,10,259
12/31/2019 3:00,36159.13,-1.7,-1.8,0.9,1.03,10,259
12/31/2019 4:00,36159.17,-1.3,-1.4,0.9,0.61,10,259
12/31/2019 5:00,36159.21,-1.5,-1.6,0.9,3.63,10,259
12/31/2019 6:00,36159.25,-1.5,-1.6,1.2,0.38,10,259
12/31/2019 7:00,36159.29,0.5,0.5,1.5,2.74,0,259
12/31/2019 8:00,36159.34,6.2,6.2,1.1,0.19,0,259
12/31/2019 9:00,36159.38,10.2,10.1,0.8,5.69,0,259
12/31/2019 10:00,36159.42,13.2,8.8,0.9,3.77,1.93,259
12/31/2019 11:00,36159.46,15.7,8.6,1.1,2.91,0,259
12/31/2019 12:00,36159.5,17.5,9,1.4,0.63,0,259
12/31/2019 13:00,36159.55,17.4,8.3,1.5,6.28,0,259
12/31/2019 14:00,36159.59,17.1,7.9,1.5,5.39,0,259
12/31/2019 15:00,36159.63,14.8,6.8,0.8,1.62,4.52,259
12/31/2019 16:00,36159.67,11.2,7,0.9,2.84,0,259
12/31/2019 17:00,36159.71,6.7,6.5,0.9,3.32,10,259
12/31/2019 18:00,36159.76,5,5,0.8,0.31,10,259
12/31/2019 19:00,36159.8,3.8,3.7,1,1.66,10,259
12/31/2019 20:00,36159.84,3.1,3,0.9,6,10,259
12/31/2019 21:00,36159.88,3.5,3.4,1.1,1.62,10,259
12/31/2019 22:00,36159.92,3.2,3.1,0.8,0.75,10,259
12/31/2019 23:00,36159.97,2.3,2.2,0.8,0.93,10,259
