DATE TIME,JDAY,TAIR,TDEW,WIND,PHI,CLOUD,SRO
1/1/2016 0:00,34699,2.22,-0.74,2.24,1.52,2,17
1/1/2016 1:00,34699.04,2.78,-0.37,2.68,1.54,2,16
1/1/2016 2:00,34699.08,2.22,-1.09,2.24,1.82,1.99,16
1/1/2016 3:00,34699.13,2.78,-0.9,4.02,1.36,1.98,16
1/1/2016 4:00,34699.17,1.67,-1.8,2.24,1.52,1.98,16
1/1/2016 5:00,34699.21,1.67,-2.16,3.13,1.54,1.97,16
1/1/2016 6:00,34699.25,1.11,-2.52,2.24,1.52,1.96,16
1/1/2016 7:00,34699.29,1.67,-2.71,1.79,1.52,1.95,49
1/1/2016 8:00,34699.34,2.78,-1.64,2.24,1.87,1.95,192
1/1/2016 9:00,34699.38,7.78,1.54,0.89,2.79,1.94,339
1/1/2016 10:00,34699.42,10.56,3.74,0.89,4.54,1.93,458
1/1/2016 11:00,34699.46,12.22,4.13,0.89,4.38,1.93,522
1/1/2016 12:00,34699.5,12.22,2.57,1.34,3.89,1.92,507
1/1/2016 13:00,34699.55,13.33,2.17,1.34,3.79,0,482
1/1/2016 14:00,34699.59,13.89,2.06,0.45,2.01,0.7,368
1/1/2016 15:00,34699.63,10.56,-0.39,0.45,4.15,1.06,159
1/1/2016 16:00,34699.67,8.33,-1.31,1.34,0.61,1.42,55
1/1/2016 17:00,34699.71,7.78,0.42,1.34,0.7,1.77,27
1/1/2016 18:00,34699.76,6.67,-0.63,0.89,0.7,2.13,26
1/1/2016 19:00,34699.8,6.11,-0.93,2.24,1.92,2.48,24
1/1/2016 20:00,34699.84,6.11,-0.7,2.24,1.82,2.84,23
1/1/2016 21:00,34699.88,6.11,-0.26,1.79,1.36,3.2,22
1/1/2016 22:00,34699.92,5.56,-1.01,1.34,1.87,3.55,22
1/1/2016 23:00,34699.97,2.78,-0.37,2.68,1.55,2.01,17
1/2/2016 0:00,34700,6.11,-0.26,1.79,1.9,4.26,21
1/2/2016 1:00,34700.04,5.56,-1.01,1.79,2.08,4.62,20
1/2/2016 2:00,34700.08,5.56,-1.01,3.13,1.87,4.98,19
1/2/2016 3:00,34700.13,6.11,-0.93,0.89,4.15,5.33,19
1/2/2016 4:00,34700.17,7.22,-0.58,1.79,0.72,5.69,20
1/2/2016 5:00,34700.21,6.11,-0.48,0.89,3.91,6.04,21
1/2/2016 6:00,34700.25,6.11,0.37,1.79,1.13,6.4,22
1/2/2016 7:00,34700.29,6.11,0.16,0.89,4.54,6.76,26
1/2/2016 8:00,34700.34,6.67,0.91,0.45,6.06,7.11,68
1/2/2016 9:00,34700.38,7.78,2.18,0.45,2.95,7.47,155
1/2/2016 10:00,34700.42,10,3.21,0.45,5.92,7.82,222
1/2/2016 11:00,34700.46,12.22,3.62,0.45,4.29,8.18,384
1/2/2016 12:00,34700.5,11.67,3.1,1.34,6.25,8.54,274
1/2/2016 13:00,34700.55,13.33,2.17,0.89,4.03,3.77,426
1/2/2016 14:00,34700.59,13.89,2.97,0.89,3.82,4.7,317
1/2/2016 15:00,34700.63,10.56,1.02,0.89,4.07,4.6,139
1/2/2016 16:00,34700.67,10,1.29,0.89,1.01,4.5,40
1/2/2016 17:00,34700.71,10.56,1.29,1.79,2.01,4.41,22
1/2/2016 18:00,34700.76,10.56,1.81,2.68,1.57,4.31,21
1/2/2016 19:00,34700.8,8.89,0.75,1.34,4.05,4.21,18
1/2/2016 20:00,34700.84,7.22,0.79,0.89,4.64,4.11,17
1/2/2016 21:00,34700.88,7.78,2.18,1.34,1.12,4.01,18
1/2/2016 22:00,34700.92,7.78,2.18,0.45,4.5,3.91,18
1/2/2016 23:00,34700.97,6.11,-0.48,1.34,1.85,3.91,21
1/3/2016 0:00,34701,7.22,1.85,2.24,1.26,3.71,23
1/3/2016 1:00,34701.04,8.33,2.07,2.24,0.96,3.62,29
1/3/2016 2:00,34701.08,9.44,1.75,2.68,1.52,3.52,25
1/3/2016 3:00,34701.13,9.44,1.75,2.24,1.8,3.42,17
1/3/2016 4:00,34701.17,8.89,0.75,2.24,1.88,3.32,20
1/3/2016 5:00,34701.21,8.89,0.99,2.24,1.38,3.22,23
1/3/2016 6:00,34701.25,7.78,0.42,1.79,1.47,3.12,20
1/3/2016 7:00,34701.29,8.33,0.71,2.24,1.61,3.02,33
1/3/2016 8:00,34701.34,7.78,0.42,1.79,1.48,2.92,111
1/3/2016 9:00,34701.38,10.56,1.81,1.79,1.52,2.83,280
1/3/2016 10:00,34701.42,15.56,4.21,1.79,6.14,2.73,432
1/3/2016 11:00,34701.46,17.22,4.79,0.45,4.21,2.63,521
1/3/2016 12:00,34701.5,18.89,5.63,0.45,4.59,2.53,500
1/3/2016 13:00,34701.55,17.22,4.46,0.89,5.65,7.42,302
1/3/2016 14:00,34701.59,13.33,2.76,1.34,0.89,8.69,189
1/3/2016 15:00,34701.63,13.33,1.55,3.58,1.17,8.75,107
1/3/2016 16:00,34701.67,13.33,2.46,3.58,1.71,8.81,41
1/3/2016 17:00,34701.71,12.78,1.05,3.13,1.55,8.87,26
1/3/2016 18:00,34701.76,12.22,0.54,2.24,1.59,8.93,26
1/3/2016 19:00,34701.8,11.67,0.33,2.68,1.34,8.99,25
1/3/2016 20:00,34701.84,11.67,0.03,2.68,1.55,9.05,25
1/3/2016 21:00,34701.88,10.56,-0.1,1.34,4.54,9.11,24
1/3/2016 22:00,34701.92,7.78,-0.06,0.45,4.71,9.17,22
1/3/2016 23:00,34701.97,7.22,2.06,1.79,1.13,3.81,19
1/4/2016 0:00,34702,8.89,1.47,3.13,1.82,9.29,20
1/4/2016 1:00,34702.04,8.33,0.71,3.13,1.75,9.35,19
1/4/2016 2:00,34702.08,8.89,1.47,3.58,1.69,9.4,19
1/4/2016 3:00,34702.13,8.33,0.47,4.02,1.64,9.46,17
1/4/2016 4:00,34702.17,8.33,0.22,4.92,1.62,9.52,17
1/4/2016 5:00,34702.21,8.89,0.75,2.68,1.82,9.58,18
1/4/2016 6:00,34702.25,8.33,0.22,4.47,1.57,9.64,20
1/4/2016 7:00,34702.29,8.89,0.25,3.58,1.38,9.7,55
1/4/2016 8:00,34702.34,11.11,1.54,2.24,1.33,9.76,112
1/4/2016 9:00,34702.38,10.56,2.31,0.89,4.36,9.82,161
1/4/2016 10:00,34702.42,8.33,2.71,1.34,4.71,9.88,107
1/4/2016 11:00,34702.46,9.44,3.35,1.34,1.15,9.94,134
1/4/2016 12:00,34702.5,10.56,4.19,0.89,1.2,10,160
1/4/2016 13:00,34702.55,11.11,5.37,0.45,3.86,10,129
1/4/2016 14:00,34702.59,10,4.31,2.24,1.19,10,117
1/4/2016 15:00,34702.63,10.56,5.26,2.24,1.43,10,67
1/4/2016 16:00,34702.67,11.67,4.33,0.89,4.08,10,26
1/4/2016 17:00,34702.71,11.11,3.8,1.79,1.55,10,17
1/4/2016 18:00,34702.76,11.67,3.35,3.13,2.08,10,16
1/4/2016 19:00,34702.8,11.11,2.83,0.89,4.29,10,15
1/4/2016 20:00,34702.84,12.22,3.37,1.79,1.33,10,15
1/4/2016 21:00,34702.88,12.78,3.08,1.34,1.4,10,17
1/4/2016 22:00,34702.92,12.22,1.73,2.24,1.88,10,17
1/4/2016 23:00,34702.97,9.44,1.51,1.34,1.55,9.23,21
1/5/2016 0:00,34703,11.67,2.59,2.24,2.25,10,15
1/5/2016 1:00,34703.04,8.89,2.6,2.68,3.86,10,15
1/5/2016 2:00,34703.08,10.56,4.84,3.13,1.48,10,15
1/5/2016 3:00,34703.13,9.44,4.6,3.13,1.05,10,14
1/5/2016 4:00,34703.17,8.89,5.03,2.68,2.02,10,11
1/5/2016 5:00,34703.21,10,5.92,5.81,1.41,10,12
1/5/2016 6:00,34703.25,12.22,6.86,7.15,1.97,10,10
1/5/2016 7:00,34703.29,12.78,6.53,4.92,2.25,10,16
1/5/2016 8:00,34703.34,11.11,6.8,3.58,1.85,10,27
1/5/2016 9:00,34703.38,11.11,6.6,2.24,1.95,10,57
1/5/2016 10:00,34703.42,10.56,7.4,2.68,2.46,10,38
1/5/2016 11:00,34703.46,11.11,8.48,3.58,2.37,10,66
1/5/2016 12:00,34703.5,11.67,9.03,1.34,3.44,10,125
1/5/2016 13:00,34703.55,12.78,9.38,0.89,4.59,10,152
1/5/2016 14:00,34703.59,11.11,8.3,3.13,3.51,10,76
1/5/2016 15:00,34703.63,8.33,5.58,0.89,4.42,9.76,32
1/5/2016 16:00,34703.67,9.44,7.36,0.89,5.69,9.52,12
1/5/2016 17:00,34703.71,8.89,6.82,0.89,4.35,9.28,10
1/5/2016 18:00,34703.76,9.44,6.85,2.24,1.59,9.04,13
1/5/2016 19:00,34703.8,8.33,5.23,1.79,1.69,8.8,12
1/5/2016 20:00,34703.84,8.33,5.41,3.13,1.55,8.57,11
1/5/2016 21:00,34703.88,7.78,4.86,0.89,2.44,8.33,11
1/5/2016 22:00,34703.92,6.67,3.95,2.24,1.43,8.09,10
1/5/2016 23:00,34703.97,11.67,1.78,2.68,1.9,10,15
1/6/2016 0:00,34704,6.67,4.12,2.24,2.36,7.61,18
1/6/2016 1:00,34704.04,7.78,5.21,2.24,1.66,7.37,15
1/6/2016 2:00,34704.08,6.67,3.78,1.79,2.02,7.13,13
1/6/2016 3:00,34704.13,7.22,4.14,3.13,1.43,6.89,13
1/6/2016 4:00,34704.17,8.33,4.68,4.47,2.11,6.65,13
1/6/2016 5:00,34704.21,7.78,4.32,2.68,2.65,6.41,16
1/6/2016 6:00,34704.25,7.78,4.32,5.36,2.39,6.17,11
1/6/2016 7:00,34704.29,8.33,4.86,4.02,2.25,5.94,12
1/6/2016 8:00,34704.34,7.78,4.86,2.68,1.75,5.7,22
1/6/2016 9:00,34704.38,7.78,4.68,5.36,1.97,5.46,37
1/6/2016 10:00,34704.42,9.44,5.57,5.81,2.18,5.22,169
1/6/2016 11:00,34704.46,10.56,6.26,4.92,2.13,4.98,141
1/6/2016 12:00,34704.5,13.33,7.28,2.24,3.14,4.74,449
1/6/2016 13:00,34704.55,11.11,6.2,3.13,2.5,9.81,178
1/6/2016 14:00,34704.59,10.56,5.87,0.45,3.8,10,119
1/6/2016 15:00,34704.63,7.78,4.86,1.79,3.89,9.55,24
1/6/2016 16:00,34704.67,8.89,6.3,3.58,2.41,9.09,15
1/6/2016 17:00,34704.71,8.33,5.76,1.79,2.72,8.64,14
1/6/2016 18:00,34704.76,7.78,5.56,1.79,3.12,8.18,14
1/6/2016 19:00,34704.8,8.33,6.1,2.68,2.39,7.73,15
1/6/2016 20:00,34704.84,7.78,5.38,0.89,4.5,7.27,15
1/6/2016 21:00,34704.88,8.33,5.76,1.34,3.18,6.82,17
1/6/2016 22:00,34704.92,7.78,5.21,3.13,2.36,6.36,19
1/6/2016 23:00,34704.97,6.67,4.12,2.24,1.82,7.85,13
1/7/2016 0:00,34705,8.33,5.23,0.89,2.04,5.45,19
1/7/2016 1:00,34705.04,7.78,5.38,0.89,3.49,5,17
1/7/2016 2:00,34705.08,6.67,4.63,2.24,2.18,4.55,16
1/7/2016 3:00,34705.13,7.22,5.18,1.79,1.97,4.09,16
1/7/2016 4:00,34705.17,6.67,4.29,2.68,2.13,3.64,15
1/7/2016 5:00,34705.21,6.11,3.58,1.34,3.8,3.18,18
1/7/2016 6:00,34705.25,6.11,4.08,0.45,4.85,2.73,15
1/7/2016 7:00,34705.29,6.11,4.08,0.89,0.94,2.27,34
1/7/2016 8:00,34705.34,8.33,5.76,0.45,4.05,1.82,107
1/7/2016 9:00,34705.38,8.33,6.27,0.45,3.54,1.36,140
1/7/2016 10:00,34705.42,7.78,5.56,0.89,1.17,0.91,163
1/7/2016 11:00,34705.46,12.22,9.02,0.45,4.12,0.45,388
1/7/2016 12:00,34705.5,13.89,9.29,0.45,4.49,0,588
1/7/2016 13:00,34705.55,10.56,6.46,0.45,4.31,8.7,242
1/7/2016 14:00,34705.59,13.89,8.46,1.79,4.42,0,393
1/7/2016 15:00,34705.63,13.89,8.25,1.79,5.5,0.45,288
1/7/2016 16:00,34705.67,10.56,5.67,0.89,4.78,0.91,96
1/7/2016 17:00,34705.71,8.89,5.03,1.34,5.64,1.36,22
1/7/2016 18:00,34705.76,8.33,4.68,0.89,5.79,1.82,19
1/7/2016 19:00,34705.8,6.67,3.78,0.89,4.26,2.27,16
1/7/2016 20:00,34705.84,6.11,3.58,0.89,1.33,2.73,13
1/7/2016 21:00,34705.88,6.11,3.58,0.45,3.94,3.18,16
1/7/2016 22:00,34705.92,5.56,3.37,0.45,3.4,3.64,15
1/7/2016 23:00,34705.97,8.33,5.58,3.58,2.41,5.91,18
1/8/2016 0:00,34706,3.33,1.51,0.89,4.43,4.55,13
1/8/2016 1:00,34706.04,4.44,2.77,0.89,2.22,5,10
1/8/2016 2:00,34706.08,3.89,2.38,0.89,2.3,5.45,10
1/8/2016 3:00,34706.13,3.89,2.38,1.79,1.61,5.91,10
1/8/2016 4:00,34706.17,2.22,0.89,0.89,4.4,6.36,13
1/8/2016 5:00,34706.21,3.33,1.99,0.45,4.49,6.82,12
1/8/2016 6:00,34706.25,1.67,0.34,1.34,4.36,7.27,11
1/8/2016 7:00,34706.29,2.22,1.04,0.89,1.75,7.73,46
1/8/2016 8:00,34706.34,4.44,2.93,1.34,1.45,8.18,176
1/8/2016 9:00,34706.38,8.33,6.27,0.89,4.75,8.64,336
1/8/2016 10:00,34706.42,10.56,8.29,1.34,3.84,9.09,452
1/8/2016 11:00,34706.46,7.78,5.72,1.34,4.22,9.55,373
1/8/2016 12:00,34706.5,6.67,4.8,0.45,4.5,10,159
1/8/2016 13:00,34706.55,7.78,5.89,2.68,2.15,10,125
1/8/2016 14:00,34706.59,7.78,5.72,0.89,5.34,9.99,133
1/8/2016 15:00,34706.63,6.11,4.41,0.89,3.61,9.85,50
1/8/2016 16:00,34706.67,6.11,4.08,2.68,2.2,9.72,26
1/8/2016 17:00,34706.71,6.11,4.08,1.79,2.02,9.59,23
1/8/2016 18:00,34706.76,6.11,4.41,1.34,3.46,9.45,21
1/8/2016 19:00,34706.8,5,3.15,1.34,3.8,9.32,19
1/8/2016 20:00,34706.84,5.56,3.86,1.34,1.61,9.19,18
1/8/2016 21:00,34706.88,5.56,3.7,2.24,1.76,9.05,21
1/8/2016 22:00,34706.92,6.11,4.25,1.34,4.75,8.92,21
1/8/2016 23:00,34706.97,4.44,2.44,0.89,4.22,4.09,14
1/9/2016 0:00,34707,6.11,3.75,1.79,1.59,8.65,22
1/9/2016 1:00,34707.04,5.56,3.2,0.45,4.31,8.52,21
1/9/2016 2:00,34707.08,7.22,4.84,4.47,1.27,8.39,18
1/9/2016 3:00,34707.13,6.67,3.78,0.89,2.13,8.25,20
1/9/2016 4:00,34707.17,7.22,4.32,4.02,1.24,8.12,18
1/9/2016 5:00,34707.21,8.33,4.68,5.36,1.33,7.99,14
1/9/2016 6:00,34707.25,7.78,4.5,0.89,0.65,7.85,8
1/9/2016 7:00,34707.29,8.33,5.05,4.02,1.01,7.72,21
1/9/2016 8:00,34707.34,10,5.53,3.13,1.26,7.59,103
1/9/2016 9:00,34707.38,12.22,6.86,0.89,4.35,7.45,283
1/9/2016 10:00,34707.42,15,7.48,1.79,2.34,7.32,435
1/9/2016 11:00,34707.46,13.89,7.13,0.89,4.22,7.19,355
1/9/2016 12:00,34707.5,15,7.96,0.45,4.52,7.05,359
1/9/2016 13:00,34707.55,13.89,6.67,0.45,4.03,7.24,316
1/9/2016 14:00,34707.59,12.78,5.14,0.45,4.61,8.63,196
1/9/2016 15:00,34707.63,10,4.52,0.45,4.22,8.53,86
1/9/2016 16:00,34707.67,8.89,4.65,0.45,4.29,8.43,38
1/9/2016 17:00,34707.71,9.44,5.76,0.89,4.63,8.33,22
1/9/2016 18:00,34707.76,8.33,5.05,0.45,5.29,8.24,19
1/9/2016 19:00,34707.8,8.33,5.05,0.45,3.53,8.14,18
1/9/2016 20:00,34707.84,9.44,6.13,1.79,1.5,8.04,20
1/9/2016 21:00,34707.88,10,6.67,2.24,1.33,7.94,19
1/9/2016 22:00,34707.92,10,6.49,1.34,2.04,7.85,18
1/9/2016 23:00,34707.97,6.11,4.08,3.13,1.83,8.79,20
1/10/2016 0:00,34708,9.44,5.76,0.45,0.52,7.65,21
1/10/2016 1:00,34708.04,8.89,5.77,2.24,1.66,7.55,21
1/10/2016 2:00,34708.08,8.89,5.4,2.24,1.87,7.46,22
1/10/2016 3:00,34708.13,10,6.3,1.34,1.48,7.36,22
1/10/2016 4:00,34708.17,9.44,5.95,0.45,4.66,7.26,23
1/10/2016 5:00,34708.21,8.89,5.22,1.79,1.2,7.17,23
1/10/2016 6:00,34708.25,8.33,5.41,0.89,4.4,7.07,22
1/10/2016 7:00,34708.29,7.78,4.86,0.45,1.64,6.97,33
1/10/2016 8:00,34708.34,8.33,5.58,0.45,1.08,6.87,88
1/10/2016 9:00,34708.38,12.78,8.81,0.89,4.15,6.78,265
1/10/2016 10:00,34708.42,15,9.53,0.89,5.88,6.68,464
1/10/2016 11:00,34708.46,12.22,7.88,0.45,5.1,6.58,178
1/10/2016 12:00,34708.5,16.11,10.6,0.45,3.91,6.48,387
1/10/2016 13:00,34708.55,14.44,8.56,0.89,4.63,8.33,264
1/10/2016 14:00,34708.59,15.56,8.48,0.45,2.44,0,390
1/10/2016 15:00,34708.63,15.56,8.25,0,2.76,0.17,243
1/10/2016 16:00,34708.67,12.22,6.22,0.45,4.59,0.34,80
1/10/2016 17:00,34708.71,11.11,5.79,0.45,5.03,0.51,27
1/10/2016 18:00,34708.76,10,5.73,0.89,5.69,0.69,24
1/10/2016 19:00,34708.8,10,5.92,1.34,1.62,0.86,23
1/10/2016 20:00,34708.84,8.89,5.03,1.34,1.71,1.03,23
1/10/2016 21:00,34708.88,9.44,5.76,1.34,1.8,1.2,22
1/10/2016 22:00,34708.92,8.33,4.49,2.68,1.88,1.37,22
1/10/2016 23:00,34708.97,8.89,5.22,1.34,3.75,7.75,21
1/11/2016 0:00,34709,7.22,4.32,2.68,1.4,1.71,19
1/11/2016 1:00,34709.04,8.33,5.23,2.68,1.62,1.89,21
1/11/2016 2:00,34709.08,7.78,4.5,3.58,1.52,2.06,22
1/11/2016 3:00,34709.13,8.89,4.26,0.89,1.03,2.23,22
1/11/2016 4:00,34709.17,7.78,3.38,0.45,4.54,2.4,22
1/11/2016 5:00,34709.21,7.22,3.23,1.79,1.4,2.57,22
1/11/2016 6:00,34709.25,7.78,3.19,1.79,0.98,2.74,22
1/11/2016 7:00,34709.29,8.33,2.5,0.45,4.01,2.91,55
1/11/2016 8:00,34709.34,7.22,2.06,1.34,4.14,3.09,198
1/11/2016 9:00,34709.38,10.56,5.26,1.34,4.31,3.26,306
1/11/2016 10:00,34709.42,14.44,8.34,0.89,4.08,3.43,461
1/11/2016 11:00,34709.46,16.11,9.01,0.45,4.24,3.6,504
1/11/2016 12:00,34709.5,17.78,10.35,0.45,5.83,3.77,485
1/11/2016 13:00,34709.55,14.44,6.95,0.89,3.96,6.58,347
1/11/2016 14:00,34709.59,14.44,7.66,0.89,0.42,7.84,230
1/11/2016 15:00,34709.63,13.33,6.61,0.89,1.03,7.55,142
1/11/2016 16:00,34709.67,12.78,5.85,0.89,0.58,7.25,76
1/11/2016 17:00,34709.71,11.11,4.94,1.34,0.72,6.96,28
1/11/2016 18:00,34709.76,11.11,5.37,1.34,1.41,6.66,26
1/11/2016 19:00,34709.8,9.44,3.98,2.24,1.48,6.37,25
1/11/2016 20:00,34709.84,8.33,2.92,4.02,1.19,6.07,25
1/11/2016 21:00,34709.88,7.78,2.79,3.13,1.54,5.78,24
1/11/2016 22:00,34709.92,8.33,3.33,3.58,1.22,5.48,23
1/11/2016 23:00,34709.97,5.56,2.69,0.89,4.76,1.54,22
1/12/2016 0:00,34710,7.78,2.59,2.24,1.61,4.89,23
1/12/2016 1:00,34710.04,6.67,1.52,2.68,1.8,4.6,23
1/12/2016 2:00,34710.08,5.56,1.04,1.34,6,4.3,24
1/12/2016 3:00,34710.13,6.11,1.38,2.24,1.69,4.01,25
1/12/2016 4:00,34710.17,6.67,1.32,2.68,1.47,3.71,25
1/12/2016 5:00,34710.21,5.56,1.42,1.79,1.85,3.42,25
1/12/2016 6:00,34710.25,3.89,-0.01,4.47,1.54,3.12,25
1/12/2016 7:00,34710.29,6.11,0.79,3.13,1.87,2.83,52
1/12/2016 8:00,34710.34,8.89,2.15,1.34,4.42,2.53,214
1/12/2016 9:00,34710.38,11.67,5.47,2.24,3.91,2.24,369
1/12/2016 10:00,34710.42,13.89,7.13,0.89,4.43,1.94,486
1/12/2016 11:00,34710.46,17.22,9.08,2.24,5.86,1.65,551
1/12/2016 12:00,34710.5,17.22,9.83,1.34,5.79,1.35,530
1/12/2016 13:00,34710.55,17.78,9.09,0.45,5.5,0,493
1/12/2016 14:00,34710.59,17.22,8.04,1.34,3.65,0,431
1/12/2016 15:00,34710.63,13.33,5.66,0.89,4.5,0.45,162
1/12/2016 16:00,34710.67,12.22,5.09,0.45,2.58,0.91,77
1/12/2016 17:00,34710.71,10.56,3.96,0.45,0.52,1.36,47
1/12/2016 18:00,34710.76,10,4.93,0.89,3.86,1.82,46
1/12/2016 19:00,34710.8,8.33,3.92,3.58,1.76,2.27,40
1/12/2016 20:00,34710.84,8.89,4.65,2.68,1.97,2.73,32
1/12/2016 21:00,34710.88,9.44,4.8,2.24,1.75,3.18,29
1/12/2016 22:00,34710.92,8.89,4.84,1.79,1.9,3.64,30
1/12/2016 23:00,34710.97,8.89,3.45,2.68,1.83,5.19,23
1/13/2016 0:00,34711,8.33,3.92,4.47,1.5,4.55,30
1/13/2016 1:00,34711.04,8.89,3.45,4.92,1.52,5,29
1/13/2016 2:00,34711.08,10.56,3.04,3.13,1.52,5.45,29
1/13/2016 3:00,34711.13,12.22,1.73,1.34,2.43,5.91,30
1/13/2016 4:00,34711.17,9.44,1.51,1.34,4.43,6.36,31
1/13/2016 5:00,34711.21,9.44,1.75,4.02,1.5,6.82,30
1/13/2016 6:00,34711.25,10.56,2.06,3.58,2.09,7.27,30
1/13/2016 7:00,34711.29,11.11,1.54,4.47,1.55,7.73,36
1/13/2016 8:00,34711.34,12.22,2.84,1.34,1.8,8.18,73
1/13/2016 9:00,34711.38,12,2.93,1.34,1.79,8.64,86.08
1/13/2016 10:00,34711.42,11.78,3.03,1.34,1.78,9.09,99.15
1/13/2016 11:00,34711.46,11.56,3.12,1.34,1.78,9.55,112.23
1/13/2016 12:00,34711.5,11.33,3.22,1.34,1.77,10,125.31
1/13/2016 13:00,34711.55,11.11,3.31,1.34,1.76,10,138.38
1/13/2016 14:00,34711.59,10.89,3.41,1.34,1.76,9.68,151.46
1/13/2016 15:00,34711.63,10.67,3.5,1.34,1.75,9.46,164.54
1/13/2016 16:00,34711.67,10.44,3.6,1.34,1.74,9.25,177.62
1/13/2016 17:00,34711.71,10.22,3.69,1.34,1.73,9.04,190.69
1/13/2016 18:00,34711.76,10,3.79,1.34,1.73,8.83,203.77
1/13/2016 19:00,34711.8,9.78,3.88,1.34,1.72,8.62,216.85
1/13/2016 20:00,34711.84,9.56,3.98,1.34,1.71,8.41,229.92
1/13/2016 21:00,34711.88,9.33,4.07,1.34,1.71,8.19,243
1/13/2016 22:00,34711.92,9.11,4.17,1.34,1.7,7.98,256.08
1/13/2016 23:00,34711.97,8.89,4.26,1.79,1.69,4.09,30
1/14/2016 0:00,34712,9.19,4.57,1.34,1.75,7.56,282.23
1/14/2016 1:00,34712.04,9.49,4.88,1.34,1.8,7.35,295.31
1/14/2016 2:00,34712.08,9.8,5.19,1.34,1.86,7.14,308.38
1/14/2016 3:00,34712.13,10.1,5.5,1.34,1.92,6.93,321.46
1/14/2016 4:00,34712.17,10.4,5.81,1.34,1.97,6.71,334.54
1/14/2016 5:00,34712.21,10.71,6.12,1.34,2.03,6.5,347.62
1/14/2016 6:00,34712.25,11.01,6.44,1.34,2.08,6.29,360.69
1/14/2016 7:00,34712.29,11.31,6.75,1.34,2.14,6.08,373.77
1/14/2016 8:00,34712.34,11.62,7.06,1.34,2.19,5.87,386.85
1/14/2016 9:00,34712.38,11.92,7.37,1.34,2.25,5.66,399.92
1/14/2016 10:00,34712.42,12.22,7.68,1.34,2.3,5.44,413
1/14/2016 11:00,34712.46,13.33,7.5,0.89,1.87,5.23,508
1/14/2016 12:00,34712.5,11.67,6.94,1.34,4.22,5.02,452
1/14/2016 13:00,34712.55,10.56,6.07,1.34,3.98,6.59,351
1/14/2016 14:00,34712.59,10.56,6.46,1.34,1.99,9.56,158
1/14/2016 15:00,34712.63,10,6.3,2.24,5.99,9.37,113
1/14/2016 16:00,34712.67,9.44,5.95,1.34,0.37,9.19,42
1/14/2016 17:00,34712.71,10,6.3,0.45,4.9,9,26
1/14/2016 18:00,34712.76,10,5.53,3.13,2.43,8.82,25
1/14/2016 19:00,34712.8,10.56,4.84,0.89,3.33,8.63,25
1/14/2016 20:00,34712.84,8.89,5.4,1.34,3.79,8.44,24
1/14/2016 21:00,34712.88,10.56,6.84,4.47,1.24,8.26,24
1/14/2016 22:00,34712.92,10.56,5.87,2.24,2.51,8.07,24
1/14/2016 23:00,34712.97,10.28,4.98,1.34,2.22,7.77,269.15
1/15/2016 0:00,34713,10,4.09,1.79,1.92,7.7,24
1/15/2016 1:00,34713.04,11.11,4.94,1.79,2.3,7.52,24
1/15/2016 2:00,34713.08,10.56,5.05,2.24,1.27,7.33,24
1/15/2016 3:00,34713.13,10.56,5.67,1.79,0.94,7.15,23
1/15/2016 4:00,34713.17,9.44,6.13,2.24,0.61,6.96,21
1/15/2016 5:00,34713.21,8.33,5.41,3.58,1.26,6.78,17
1/15/2016 6:00,34713.25,9.44,6.49,3.58,1.19,6.59,17
1/15/2016 7:00,34713.29,9.44,6.49,3.13,1.43,6.4,30
1/15/2016 8:00,34713.34,12.22,8.46,1.34,1.48,6.22,191
1/15/2016 9:00,34713.38,13.33,9.15,0.89,0.58,6.03,343
1/15/2016 10:00,34713.42,14.44,9.62,1.34,3.98,5.85,458
1/15/2016 11:00,34713.46,16.11,9.71,2.24,6.11,5.66,589
1/15/2016 12:00,34713.5,16.67,10.01,0.89,5.13,5.48,437
1/15/2016 13:00,34713.55,17.22,9.83,0.89,4.71,1.01,488
1/15/2016 14:00,34713.59,17.22,9.58,1.34,6.07,2.08,380
1/15/2016 15:00,34713.63,16.67,9.06,0.89,4.66,2.23,232
1/15/2016 16:00,34713.67,12.78,6.53,0.89,4.71,2.38,105
1/15/2016 17:00,34713.71,11.67,6.53,0.45,4.8,2.53,28
1/15/2016 18:00,34713.76,10.56,5.46,0.89,1.61,2.68,24
1/15/2016 19:00,34713.8,10,5.13,1.34,1.33,2.83,23
1/15/2016 20:00,34713.84,8.89,5.22,3.58,1.73,2.98,22
1/15/2016 21:00,34713.88,9.44,5.76,1.79,1.9,3.13,22
1/15/2016 22:00,34713.92,9.44,5.95,2.24,1.55,3.28,22
1/15/2016 23:00,34713.97,11.11,6,2.68,1.29,7.89,24
1/16/2016 0:00,34714,9.44,5.38,2.68,1.41,3.59,21
1/16/2016 1:00,34714.04,10,5.73,2.68,1.12,3.74,21
1/16/2016 2:00,34714.08,10,5.33,3.13,1.87,3.89,21
1/16/2016 3:00,34714.13,10.56,6.26,2.24,4.54,4.04,21
1/16/2016 4:00,34714.17,8.89,5.4,1.79,2.39,4.19,20
1/16/2016 5:00,34714.21,10,6.67,1.34,3.67,4.34,17
1/16/2016 6:00,34714.25,8.89,5.77,1.79,1.64,4.49,17
1/16/2016 7:00,34714.29,10,6.85,2.24,1.55,4.64,25
1/16/2016 8:00,34714.34,11.11,7.94,2.68,1.99,4.79,132
1/16/2016 9:00,34714.38,13.33,9.73,0.45,4.31,4.94,182
1/16/2016 10:00,34714.42,14.44,10.23,1.79,2.36,5.09,270
1/16/2016 11:00,34714.46,16.11,10.38,0.89,4.21,5.25,407
1/16/2016 12:00,34714.5,18.89,12.36,0.45,5.6,5.4,442
1/16/2016 13:00,34714.55,16.11,8.77,0.89,4.54,6.21,370
1/16/2016 14:00,34714.59,16.67,9.06,1.34,1.01,4.06,351
1/16/2016 15:00,34714.63,15.56,8.25,0.89,4.73,4.15,192
1/16/2016 16:00,34714.67,13.89,7.36,0.89,5.69,4.24,52
1/16/2016 17:00,34714.71,13.33,7.28,0.45,0.59,4.33,19
1/16/2016 18:00,34714.76,11.67,6.11,0.89,2.48,4.42,16
1/16/2016 19:00,34714.8,10.56,6.26,1.34,1.31,4.5,15
1/16/2016 20:00,34714.84,11.11,7,3.13,1.41,4.59,15
1/16/2016 21:00,34714.88,10,6.3,1.34,1.4,4.68,15
1/16/2016 22:00,34714.92,8.89,5.77,2.24,1.45,4.77,14
1/16/2016 23:00,34714.97,8.89,5.22,3.58,1.62,3.43,21
1/17/2016 0:00,34715,8.89,6.13,3.58,1.87,4.95,14
1/17/2016 1:00,34715.04,8.33,5.41,1.79,1.76,5.04,14
1/17/2016 2:00,34715.08,9.44,6.67,2.68,1.5,5.12,14
1/17/2016 3:00,34715.13,8.89,5.77,4.02,1.55,5.21,13
1/17/2016 4:00,34715.17,8.33,5.41,5.36,1.9,5.3,13
1/17/2016 5:00,34715.21,9.44,5.95,3.58,1.57,5.39,13
1/17/2016 6:00,34715.25,8.33,4.49,3.13,1.71,5.48,13
1/17/2016 7:00,34715.29,8.89,5.22,3.58,1.4,5.57,50
1/17/2016 8:00,34715.34,11.11,6.6,2.24,1.41,5.66,161
1/17/2016 9:00,34715.38,11.67,6.11,2.24,0.96,5.74,211
1/17/2016 10:00,34715.42,13.89,8.25,0.89,4.8,5.83,238
1/17/2016 11:00,34715.46,16.11,11.02,1.79,1.43,5.92,318
1/17/2016 12:00,34715.5,17.22,11,0.89,1.41,6.01,419
1/17/2016 13:00,34715.55,15,8.87,1.34,4.08,9.69,193
1/17/2016 14:00,34715.59,15.56,9.63,1.34,2.09,9.11,182
1/17/2016 15:00,34715.63,15,8.87,1.79,2.29,9.1,83
1/17/2016 16:00,34715.67,13.89,8.03,1.79,2.15,9.09,40
1/17/2016 17:00,34715.71,13.89,7.81,0.89,3.98,9.08,16
1/17/2016 18:00,34715.76,14.44,8.56,3.13,2.16,9.06,15
1/17/2016 19:00,34715.8,14.44,8.56,1.34,3.12,9.05,15
1/17/2016 20:00,34715.84,13.33,7.5,2.68,2.15,9.04,15
1/17/2016 21:00,34715.88,13.89,8.03,2.24,2.13,9.03,15
1/17/2016 22:00,34715.92,12.78,7.39,1.79,1.69,9.02,15
1/17/2016 23:00,34715.97,8.89,5.77,3.58,1.8,4.86,14
1/18/2016 0:00,34716,13.89,8.25,3.13,2.06,8.99,15
1/18/2016 1:00,34716.04,13.89,8.46,0.45,3.79,8.98,15
1/18/2016 2:00,34716.08,12.78,8.42,2.68,2.2,8.97,14
1/18/2016 3:00,34716.13,12.22,9.21,3.13,1.69,8.96,12
1/18/2016 4:00,34716.17,11.11,8.48,4.47,1.17,8.95,11
1/18/2016 5:00,34716.21,11.67,9.2,0.89,4.45,8.93,11
1/18/2016 6:00,34716.25,12.22,9.93,1.34,2.78,8.92,11
1/18/2016 7:00,34716.29,10.56,8.46,3.13,1.08,8.91,12
1/18/2016 8:00,34716.34,10.56,8.11,3.13,1.76,8.9,31
1/18/2016 9:00,34716.38,11.67,8.85,1.34,1.48,8.89,75
1/18/2016 10:00,34716.42,12.78,9.38,3.13,2.08,8.87,100
1/18/2016 11:00,34716.46,13.89,10.08,2.24,2.16,8.86,119
1/18/2016 12:00,34716.5,15,10.77,0.45,0.37,8.85,270
1/18/2016 13:00,34716.55,16.11,11.64,0.45,4.19,6.97,341
1/18/2016 14:00,34716.59,17.78,12.41,0.89,2.81,0,434
1/18/2016 15:00,34716.63,16.67,11.98,1.79,3.89,0.45,238
1/18/2016 16:00,34716.67,13.89,9.89,1.34,3.82,0.91,76
1/18/2016 17:00,34716.71,12.78,9.38,0.89,0.72,1.36,15
1/18/2016 18:00,34716.76,11.67,8.48,1.79,1.71,1.82,13
1/18/2016 19:00,34716.8,12.22,9.21,2.24,1.62,2.27,13
1/18/2016 20:00,34716.84,12.22,9.21,1.79,1.57,2.73,13
1/18/2016 21:00,34716.88,10.56,7.76,1.79,1.01,3.18,13
1/18/2016 22:00,34716.92,10,7.21,2.68,1.61,3.64,12
1/18/2016 23:00,34716.97,13.33,8.14,2.24,1.61,9.01,15
1/19/2016 0:00,34717,10,7.39,1.79,1.87,4.55,12
1/19/2016 1:00,34717.04,10,7.39,3.13,1.4,5,12
1/19/2016 2:00,34717.08,11.11,8.3,3.13,2.01,5.45,12
1/19/2016 3:00,34717.13,11.11,7.57,1.34,3.61,5.91,12
1/19/2016 4:00,34717.17,11.11,7,1.34,4.61,6.36,12
1/19/2016 5:00,34717.21,10,7.21,4.02,1.4,6.82,12
1/19/2016 6:00,34717.25,10.56,7.4,2.24,1.36,7.27,11
1/19/2016 7:00,34717.29,10.56,7.58,3.58,1.54,7.73,12
1/19/2016 8:00,34717.34,9.44,6.67,1.34,2.69,8.18,28
1/19/2016 9:00,34717.38,10.56,8.11,2.24,2.37,8.64,47
1/19/2016 10:00,34717.42,10.56,8.11,7.15,2.18,9.09,45
1/19/2016 11:00,34717.46,11.11,8.66,4.02,1.85,9.55,52
1/19/2016 12:00,34717.5,12.22,9.75,2.68,2.13,10,47
1/19/2016 13:00,34717.55,12.78,10.65,3.13,1.36,10,130
1/19/2016 14:00,34717.59,12.78,10.82,2.24,2.11,10,132
1/19/2016 15:00,34717.63,13.33,11.37,1.79,1.47,9.7,81
1/19/2016 16:00,34717.67,12.78,10.65,0.89,1.06,9.39,53
1/19/2016 17:00,34717.71,13.33,11.19,1.34,1.2,9.09,12
1/19/2016 18:00,34717.76,12.22,10.27,3.13,1.48,8.78,11
1/19/2016 19:00,34717.8,12.78,10.65,3.13,1.4,8.48,11
1/19/2016 20:00,34717.84,12.78,10.65,2.68,1.34,8.17,11
1/19/2016 21:00,34717.88,12.78,10.65,3.58,1.5,7.87,11
1/19/2016 22:00,34717.92,11.67,9.38,2.68,1.52,7.56,11
1/19/2016 23:00,34717.97,9.44,7.02,2.24,1.55,4.09,12
1/20/2016 0:00,34718,11.67,9.38,4.02,1.5,6.95,12
1/20/2016 1:00,34718.04,10.56,7.76,3.13,1.45,6.65,13
1/20/2016 2:00,34718.08,11.11,8.12,2.68,1.48,6.35,14
1/20/2016 3:00,34718.13,10,6.67,4.02,1.5,6.04,13
1/20/2016 4:00,34718.17,10,6.11,3.13,1.88,5.74,13
1/20/2016 5:00,34718.21,10,5.92,2.24,0.87,5.43,14
1/20/2016 6:00,34718.25,9.44,4.99,2.68,1.87,5.13,15
1/20/2016 7:00,34718.29,10,5.13,1.79,0.96,4.82,64
1/20/2016 8:00,34718.34,11.67,6.33,0.89,1.82,4.52,187
1/20/2016 9:00,34718.38,16.11,8.77,0.45,1.38,4.21,346
1/20/2016 10:00,34718.42,15.56,9.18,0.45,4.28,3.91,369
1/20/2016 11:00,34718.46,17.78,11.98,1.79,4.31,3.6,491
1/20/2016 12:00,34718.5,19.44,13.58,0.45,3.67,3.3,516
1/20/2016 13:00,34718.55,17.78,12.63,0.89,4.28,3.68,459
1/20/2016 14:00,34718.59,16.11,10.81,0.45,6.28,6.98,275
1/20/2016 15:00,34718.63,15.56,10.7,0.45,4.19,6.91,215
1/20/2016 16:00,34718.67,15.56,11.31,0.45,5.27,6.84,101
1/20/2016 17:00,34718.71,12.78,9.38,0.45,4.61,6.77,18
1/20/2016 18:00,34718.76,12.22,9.39,0.89,4.38,6.7,14
1/20/2016 19:00,34718.8,10.56,8.29,0.89,2.41,6.64,13
1/20/2016 20:00,34718.84,10.56,8.46,0.89,0.63,6.57,12
1/20/2016 21:00,34718.88,11.11,9.18,2.24,1.27,6.5,12
1/20/2016 22:00,34718.92,10.56,8.63,1.79,1.41,6.43,12
1/20/2016 23:00,34718.97,12.22,9.93,2.68,1.22,7.26,11
1/21/2016 0:00,34719,9.44,7.53,2.24,1.73,6.29,12
1/21/2016 1:00,34719.04,9.44,7.7,2.68,1.52,6.22,12
1/21/2016 2:00,34719.08,9.44,7.36,3.58,1.88,6.15,13
1/21/2016 3:00,34719.13,8.89,6.48,3.58,1.36,6.08,12
1/21/2016 4:00,34719.17,9.44,6.67,2.68,1.71,6.01,12
1/21/2016 5:00,34719.21,8.89,5.4,1.79,1.68,5.94,12
1/21/2016 6:00,34719.25,8.33,5.41,0.45,3.42,5.87,12
1/21/2016 7:00,34719.29,8.33,5.23,0.45,2.71,5.8,31
1/21/2016 8:00,34719.34,7.78,5.56,0.45,3.77,5.73,135
1/21/2016 9:00,34719.38,10,7.74,0.89,3.72,5.67,271
1/21/2016 10:00,34719.42,10.56,8.29,1.34,4.59,5.6,322
1/21/2016 11:00,34719.46,14.44,11.75,1.34,1.33,5.53,480
1/21/2016 12:00,34719.5,16.11,12.24,1.79,0.86,5.46,450
1/21/2016 13:00,34719.55,16.67,12.58,0.45,0.26,7.78,307
1/21/2016 14:00,34719.59,18.89,13.91,0.45,2.01,6.75,285
1/21/2016 15:00,34719.63,15.56,11.11,0.45,4.07,6.9,119
1/21/2016 16:00,34719.67,13.89,9.89,1.34,1.08,7.05,58
1/21/2016 17:00,34719.71,13.89,9.89,2.24,1.48,7.2,19
1/21/2016 18:00,34719.76,12.78,7.81,1.34,1.29,7.34,19
1/21/2016 19:00,34719.8,12.22,8.07,0.89,1.03,7.49,19
1/21/2016 20:00,34719.84,12.22,7.48,0.89,1.83,7.64,18
1/21/2016 21:00,34719.88,10.56,5.87,1.79,1.22,7.79,18
1/21/2016 22:00,34719.92,10,5.33,4.02,1.54,7.93,18
1/21/2016 23:00,34719.97,10.56,8.63,0.89,1.4,6.36,12
1/22/2016 0:00,34720,11.11,4.72,4.92,1.88,8.23,18
1/22/2016 1:00,34720.04,12.22,3.88,5.81,1.47,8.38,19
1/22/2016 2:00,34720.08,12.78,3.36,5.36,1.64,8.52,20
1/22/2016 3:00,34720.13,12.22,2.29,2.68,1.54,8.67,20
1/22/2016 4:00,34720.17,12.78,1.95,3.58,1.38,8.82,20
1/22/2016 5:00,34720.21,13.89,1.75,1.79,2.2,8.97,21
1/22/2016 6:00,34720.25,13.33,0.59,4.47,2.23,9.11,21
1/22/2016 7:00,34720.29,14.44,2.57,5.36,1.48,9.26,27
1/22/2016 8:00,34720.34,13.89,2.97,1.34,4.17,9.41,53
1/22/2016 9:00,34720.38,15,3.39,1.79,2.09,9.56,134
1/22/2016 10:00,34720.42,13.89,4.92,3.13,1.52,9.7,128
1/22/2016 11:00,34720.46,15,5.7,2.68,1.85,9.85,118
1/22/2016 12:00,34720.5,13.33,6.14,1.79,0.35,10,60
1/22/2016 13:00,34720.55,12.78,5.85,3.58,1.33,10,43
1/22/2016 14:00,34720.59,14.44,6.95,4.02,1.01,10,57
1/22/2016 15:00,34720.63,14.44,6.47,6.26,1.83,9.95,31
1/22/2016 16:00,34720.67,15,6.99,8.49,1.45,9.9,21
1/22/2016 17:00,34720.71,15,6.23,8.05,1.33,9.84,13
1/22/2016 18:00,34720.76,13.89,6.19,3.13,5.25,9.79,13
1/22/2016 19:00,34720.8,12.78,7.18,1.79,4.76,9.74,12
1/22/2016 20:00,34720.84,13.33,7.71,0.89,5.79,9.69,12
1/22/2016 21:00,34720.88,12.78,7.18,0.45,1.43,9.63,12
1/22/2016 22:00,34720.92,11.67,7.14,4.92,1.26,9.58,9
1/22/2016 23:00,34720.97,10,4.72,4.47,1.64,8.08,18
1/23/2016 0:00,34721,13.89,7.59,6.26,1.9,9.48,10
1/23/2016 1:00,34721.04,13.89,6.43,5.36,2.27,9.42,11
1/23/2016 2:00,34721.08,12.78,6.75,2.68,4.1,9.37,12
1/23/2016 3:00,34721.13,11.67,8.3,1.34,2.65,9.32,10
1/23/2016 4:00,34721.17,11.67,8.85,3.13,1.34,9.27,9
1/23/2016 5:00,34721.21,10.56,7.94,0.89,2.76,9.21,8
1/23/2016 6:00,34721.25,9.44,7.02,4.02,5.78,9.16,9
1/23/2016 7:00,34721.29,10.56,7.76,3.13,0.84,9.11,14
1/23/2016 8:00,34721.34,10.56,7.76,2.24,0.51,9.06,42
1/23/2016 9:00,34721.38,10.56,7.4,2.24,1.08,9,65
1/23/2016 10:00,34721.42,11.67,8.3,1.34,0.07,8.95,142
1/23/2016 11:00,34721.46,12.78,9.19,1.34,4.73,8.9,238
1/23/2016 12:00,34721.5,15.56,11.11,1.79,6.2,8.85,277
1/23/2016 13:00,34721.55,13.33,8.95,2.68,0.98,2.78,486
1/23/2016 14:00,34721.59,16.67,10.01,2.24,4.89,2.07,399
1/23/2016 15:00,34721.63,16.11,9.01,0.45,4.1,2.22,264
1/23/2016 16:00,34721.67,13.33,7.28,1.34,4.26,2.37,97
1/23/2016 17:00,34721.71,11.11,6.4,0.89,5.71,2.52,14
1/23/2016 18:00,34721.76,10.56,6.07,1.34,6.21,2.67,11
1/23/2016 19:00,34721.8,11.11,6.4,1.79,0.84,2.83,11
1/23/2016 20:00,34721.84,8.89,4.65,1.34,4.78,2.98,11
1/23/2016 21:00,34721.88,7.78,4.14,0.89,4.31,3.13,11
1/23/2016 22:00,34721.92,8.33,5.05,0.89,0.23,3.28,10
1/23/2016 23:00,34721.97,12.78,7.39,8.49,1.8,9.53,9
1/24/2016 0:00,34722,7.22,3.96,0.89,0.99,3.58,10
1/24/2016 1:00,34722.04,7.78,4.5,2.24,1.71,3.74,10
1/24/2016 2:00,34722.08,5.56,2.69,0.89,4.08,3.89,10
1/24/2016 3:00,34722.13,6.67,3.95,2.24,0.96,4.04,10
1/24/2016 4:00,34722.17,6.11,2.88,0.89,1.85,4.19,10
1/24/2016 5:00,34722.21,5.56,2.69,1.79,1.88,4.34,10
1/24/2016 6:00,34722.25,5,2.32,2.68,1.57,4.5,10
1/24/2016 7:00,34722.29,6.11,2.88,1.34,1.62,4.65,51
1/24/2016 8:00,34722.34,10,6.11,0.89,4.26,4.8,203
1/24/2016 9:00,34722.38,11.11,7,0.89,4.1,4.95,356
1/24/2016 10:00,34722.42,13.33,8.34,1.79,4.75,5.1,480
1/24/2016 11:00,34722.46,13.33,7.93,2.68,5.99,5.25,508
1/24/2016 12:00,34722.5,15.56,9.63,2.24,5.86,5.41,459
1/24/2016 13:00,34722.55,13.89,8.03,0.89,4.8,7.82,310
1/24/2016 14:00,34722.59,13.89,7.81,0.45,5.45,7.43,265
1/24/2016 15:00,34722.63,14.44,8.12,0.89,4.87,7.39,253
1/24/2016 16:00,34722.67,11.11,5.58,0.89,4.75,7.35,103
1/24/2016 17:00,34722.71,8.89,4.46,0.45,4.99,7.32,16
1/24/2016 18:00,34722.76,9.44,5.19,0.45,4.94,7.28,13
1/24/2016 19:00,34722.8,8.89,5.03,0.89,0.03,7.24,13
1/24/2016 20:00,34722.84,8.89,5.4,0.45,6.21,7.2,13
1/24/2016 21:00,34722.88,7.78,4.5,0.89,1.26,7.17,13
1/24/2016 22:00,34722.92,7.78,4.86,1.34,1.17,7.13,13
1/24/2016 23:00,34722.97,7.22,4.14,1.34,1.41,3.43,10
1/25/2016 0:00,34723,7.22,4.84,0.89,4.12,7.05,13
1/25/2016 1:00,34723.04,6.67,4.29,0.45,1.64,7.02,12
1/25/2016 2:00,34723.08,6.11,3.92,1.34,1.62,6.98,12
1/25/2016 3:00,34723.13,5.56,3.54,2.24,1.71,6.94,12
1/25/2016 4:00,34723.17,6.11,4.08,2.68,1.9,6.91,12
1/25/2016 5:00,34723.21,6.11,4.25,1.79,2.06,6.87,12
1/25/2016 6:00,34723.25,5.56,3.7,0.45,3.07,6.83,12
1/25/2016 7:00,34723.29,5.56,3.7,0.45,0.38,6.79,43
1/25/2016 8:00,34723.34,6.67,4.8,1.34,1.5,6.76,76
1/25/2016 9:00,34723.38,7.78,5.56,1.79,1.55,6.72,104
1/25/2016 10:00,34723.42,11.67,8.85,0.89,2.88,6.68,266
1/25/2016 11:00,34723.46,12.78,9,0.45,3.35,6.64,500
1/25/2016 12:00,34723.5,13.89,9.89,0.89,5.13,6.61,408
1/25/2016 13:00,34723.55,15,9.95,1.34,4.54,2.34,499
1/25/2016 14:00,34723.59,15,9.74,1.34,4.68,6.69,295
1/25/2016 15:00,34723.63,13.33,8.55,1.79,6.23,6.54,251
1/25/2016 16:00,34723.67,11.11,6.6,0.45,5.67,6.4,79
1/25/2016 17:00,34723.71,10,6.11,0.89,5.9,6.25,16
1/25/2016 18:00,34723.76,10.56,6.84,0.45,1.48,6.1,13
1/25/2016 19:00,34723.8,10,6.3,0.89,0.73,5.96,15
1/25/2016 20:00,34723.84,10,6.3,3.13,1.62,5.81,16
1/25/2016 21:00,34723.88,11.11,7.38,1.34,2.08,5.66,16
1/25/2016 22:00,34723.92,9.44,5.95,2.24,1.75,5.52,16
1/25/2016 23:00,34723.97,7.22,4.49,1.79,1.64,7.09,13
1/26/2016 0:00,34724,7.78,4.86,2.24,1.64,5.22,17
1/26/2016 1:00,34724.04,8.33,5.58,3.13,1.57,5.08,17
1/26/2016 2:00,34724.08,7.78,5.21,4.02,1.62,4.93,17
1/26/2016 3:00,34724.13,6.67,3.95,3.58,1.78,4.78,16
1/26/2016 4:00,34724.17,7.22,4.67,3.58,1.64,4.64,16
1/26/2016 5:00,34724.21,7.22,4.14,4.02,1.68,4.49,15
1/26/2016 6:00,34724.25,6.11,3.06,4.02,1.66,4.35,15
1/26/2016 7:00,34724.29,7.78,4.32,4.47,1.64,4.2,59
1/26/2016 8:00,34724.34,9.44,5.38,3.13,1.38,4.05,217
1/26/2016 9:00,34724.38,11.11,6.2,2.68,1.36,3.91,372
1/26/2016 10:00,34724.42,15,9.31,0.89,4.56,3.76,494
1/26/2016 11:00,34724.46,16.11,9.48,0.89,4.45,3.61,561
1/26/2016 12:00,34724.5,15.56,8.25,1.79,1.05,3.47,528
1/26/2016 13:00,34724.55,19.44,10.92,1.34,4.64,0,539
1/26/2016 14:00,34724.59,18.89,9.33,0.89,3.86,0,437
1/26/2016 15:00,34724.63,18.89,8.48,0.45,1.13,0.31,287
1/26/2016 16:00,34724.67,16.11,7.27,0.45,2.41,0.61,90
1/26/2016 17:00,34724.71,12.22,5.55,1.34,1.05,0.92,21
1/26/2016 18:00,34724.76,11.67,4.79,0.45,0.75,1.23,18
1/26/2016 19:00,34724.8,11.11,5.15,1.79,1.31,1.54,17
1/26/2016 20:00,34724.84,10,4.72,2.24,1.48,1.84,17
1/26/2016 21:00,34724.88,9.44,4.6,1.79,1.52,2.15,17
1/26/2016 22:00,34724.92,8.89,4.26,3.58,1.59,2.46,16
1/26/2016 23:00,34724.97,8.33,5.23,1.79,1.08,5.37,17
1/27/2016 0:00,34725,7.78,3.38,3.58,1.52,3.07,16
1/27/2016 1:00,34725.04,8.33,3.92,3.58,1.41,3.38,16
1/27/2016 2:00,34725.08,8.33,3.72,4.02,1.47,3.69,16
1/27/2016 3:00,34725.13,7.78,3.38,3.58,1.48,3.99,16
1/27/2016 4:00,34725.17,7.78,3.38,3.13,1.75,4.3,15
1/27/2016 5:00,34725.21,7.78,3.19,4.92,1.47,4.61,15
1/27/2016 6:00,34725.25,7.78,2.99,2.68,1.55,4.91,15
1/27/2016 7:00,34725.29,7.78,2.99,2.68,1.78,5.22,32
1/27/2016 8:00,34725.34,8.89,4.06,0.45,2.53,5.53,101
1/27/2016 9:00,34725.38,10,4.72,1.79,1.59,5.84,184
1/27/2016 10:00,34725.42,11.67,5.24,0.89,1.62,6.14,279
1/27/2016 11:00,34725.46,16.11,9.25,0.89,3.7,6.45,496
1/27/2016 12:00,34725.5,15,7.24,0.45,1.27,6.76,405
1/27/2016 13:00,34725.55,16.67,8.81,0.89,3.86,5.78,410
1/27/2016 14:00,34725.59,15,8.19,0.89,4.87,7.98,247
1/27/2016 15:00,34725.63,12.78,6.97,0.45,0.3,7.89,155
1/27/2016 16:00,34725.67,11.67,6.74,0.45,4.45,7.8,91
1/27/2016 17:00,34725.71,10.56,6.46,0.89,1.45,7.7,21
1/27/2016 18:00,34725.76,10.56,6.65,0.89,1.68,7.61,17
1/27/2016 19:00,34725.8,10.56,6.65,1.34,0.87,7.52,16
1/27/2016 20:00,34725.84,10,6.49,1.79,1.33,7.42,16
1/27/2016 21:00,34725.88,8.33,5.23,3.13,1.36,7.33,16
1/27/2016 22:00,34725.92,8.89,5.59,1.79,1.83,7.24,15
1/27/2016 23:00,34725.97,8.89,4.46,2.68,1.64,2.76,16
1/28/2016 0:00,34726,7.78,5.04,2.68,1.48,7.05,15
1/28/2016 1:00,34726.04,6.67,3.95,3.13,1.5,6.95,15
1/28/2016 2:00,34726.08,7.22,4.49,3.58,1.48,6.86,15
1/28/2016 3:00,34726.13,6.11,3.23,3.13,1.59,6.77,15
1/28/2016 4:00,34726.17,6.67,3.6,3.58,1.55,6.67,15
1/28/2016 5:00,34726.21,5,2.15,2.24,1.75,6.58,14
1/28/2016 6:00,34726.25,5,1.97,3.13,1.85,6.49,14
1/28/2016 7:00,34726.29,5.56,2.16,2.24,1.87,6.39,60
1/28/2016 8:00,34726.34,8.33,4.49,2.68,1.75,6.3,218
1/28/2016 9:00,34726.38,13.33,9.15,0.45,2.11,6.21,375
1/28/2016 10:00,34726.42,15.56,10.49,0.89,4.19,6.11,504
1/28/2016 11:00,34726.46,16.11,10.6,0.89,5.1,6.02,531
1/28/2016 12:00,34726.5,15,9.74,1.79,0.61,5.92,447
1/28/2016 13:00,34726.55,14.44,8.56,1.34,5.79,7.14,352
1/28/2016 14:00,34726.59,14.44,8.99,1.79,5.64,9.76,162
1/28/2016 15:00,34726.63,15,9.74,0.45,6.07,9.67,150
1/28/2016 16:00,34726.67,12.78,8.61,0.89,4.15,9.58,60
1/28/2016 17:00,34726.71,10.56,6.84,0.89,1.12,9.49,20
1/28/2016 18:00,34726.76,11.11,7.57,0.89,5.74,9.4,17
1/28/2016 19:00,34726.8,11.11,7.94,1.34,6.02,9.31,17
1/28/2016 20:00,34726.84,10,7.04,1.79,1.55,9.22,17
1/28/2016 21:00,34726.88,10,6.85,1.79,2.06,9.13,17
1/28/2016 22:00,34726.92,10,6.85,2.24,1.64,9.05,18
1/28/2016 23:00,34726.97,8.33,5.41,2.24,1.5,7.14,15
1/29/2016 0:00,34727,10,6.85,1.34,1.92,8.87,18
1/29/2016 1:00,34727.04,9.44,6.49,1.79,1.54,8.78,18
1/29/2016 2:00,34727.08,10.56,7.4,1.34,1.2,8.69,18
1/29/2016 3:00,34727.13,10.56,7.4,1.79,1.66,8.6,18
1/29/2016 4:00,34727.17,9.44,6.49,1.79,1.64,8.51,18
1/29/2016 5:00,34727.21,9.44,6.67,0.89,4.78,8.42,18
1/29/2016 6:00,34727.25,10,7.04,2.68,1.48,8.33,18
1/29/2016 7:00,34727.29,10,6.85,0.45,0.58,8.25,50
1/29/2016 8:00,34727.34,12.78,9.19,0.89,0.91,8.16,181
1/29/2016 9:00,34727.38,13.89,10.08,1.79,2.37,8.07,267
1/29/2016 10:00,34727.42,16.11,11.44,0.45,5.13,7.98,322
1/29/2016 11:00,34727.46,16.67,11.77,0.89,4.38,7.89,340
1/29/2016 12:00,34727.5,15.56,9.63,2.68,3.75,7.8,352
1/29/2016 13:00,34727.55,15,9.09,0.89,2.67,9.45,222
1/29/2016 14:00,34727.59,15.56,8.72,1.79,2.48,8.91,207
1/29/2016 15:00,34727.63,15.56,8.72,0.45,2.11,8.96,143
1/29/2016 16:00,34727.67,15,8.19,0.45,3.32,9.01,65
1/29/2016 17:00,34727.71,12.78,6.53,0.45,5.92,9.06,23
1/29/2016 18:00,34727.76,12.22,6.86,1.34,1.8,9.11,17
1/29/2016 19:00,34727.8,11.67,6.74,1.34,1.41,9.16,17
1/29/2016 20:00,34727.84,11.67,7.14,1.34,2.08,9.21,17
1/29/2016 21:00,34727.88,11.67,7.14,1.79,1.54,9.26,17
1/29/2016 22:00,34727.92,11.67,7.54,2.24,1.57,9.31,17
1/29/2016 23:00,34727.97,10.56,7.58,2.24,1.88,8.96,18
1/30/2016 0:00,34728,12.78,7.39,1.34,1.45,9.41,18
1/30/2016 1:00,34728.04,13.33,7.06,2.24,2.58,9.46,18
1/30/2016 2:00,34728.08,12.22,6.43,3.13,1.9,9.51,18
1/30/2016 3:00,34728.13,11.67,6.74,2.24,2.15,9.55,18
1/30/2016 4:00,34728.17,11.11,7.57,4.02,5.76,9.6,8
1/30/2016 5:00,34728.21,10.56,7.76,3.13,5.9,9.65,8
1/30/2016 6:00,34728.25,11.11,8.66,1.34,6.13,9.7,8
1/30/2016 7:00,34728.29,10,7.74,0.89,5.88,9.75,11
1/30/2016 8:00,34728.34,11.11,9.01,2.24,1.64,9.8,36
1/30/2016 9:00,34728.38,10.56,8.46,0.45,5.39,9.85,60
1/30/2016 10:00,34728.42,11.11,9.01,2.24,4.76,9.9,123
1/30/2016 11:00,34728.46,11.67,9.2,2.68,5.93,9.95,146
1/30/2016 12:00,34728.5,11.11,8.12,3.13,5.72,10,129
1/30/2016 13:00,34728.55,12.22,9.21,1.34,4.82,10,108
1/30/2016 14:00,34728.59,11.67,8.67,0.89,4.49,10,127
1/30/2016 15:00,34728.63,11.11,7.38,1.34,4.57,10,76
1/30/2016 16:00,34728.67,10.56,6.46,2.24,5.86,10,32
1/30/2016 17:00,34728.71,11.11,7.38,1.34,2.02,10,11
1/30/2016 18:00,34728.76,10.56,6.26,0.89,1.08,10,10
1/30/2016 19:00,34728.8,10.56,7.4,1.34,1.73,10,10
1/30/2016 20:00,34728.84,10.56,7.03,1.79,1.48,10,10
1/30/2016 21:00,34728.88,10.56,7.03,0.89,0.24,10,10
1/30/2016 22:00,34728.92,10,6.85,0.89,4.31,10,10
1/30/2016 23:00,34728.97,12.22,7.27,2.24,2.18,9.36,17
1/31/2016 0:00,34729,8.89,6.48,1.34,3.49,10,10
1/31/2016 1:00,34729.04,8.33,6.1,1.34,0.82,10,9
1/31/2016 2:00,34729.08,8.89,6.82,0.45,0.66,10,8
1/31/2016 3:00,34729.13,8.89,6.99,1.79,0.14,10,8
1/31/2016 4:00,34729.17,7.78,5.89,0.89,4.8,10,8
1/31/2016 5:00,34729.21,8.33,6.61,0.45,0.1,10,8
1/31/2016 6:00,34729.25,7.78,6.06,0.89,4.75,10,9
1/31/2016 7:00,34729.29,7.78,6.22,0.89,4.43,10,10
1/31/2016 8:00,34729.34,6.67,5.12,0.89,4.76,10,23
1/31/2016 9:00,34729.38,6.67,5.12,1.34,5.92,10,32
1/31/2016 10:00,34729.42,7.22,5.51,1.79,5.65,10,57
1/31/2016 11:00,34729.46,6.11,3.75,3.13,5.62,10,92
1/31/2016 12:00,34729.5,7.22,5.18,4.92,5.95,10,122
1/31/2016 13:00,34729.55,8.33,5.93,5.36,5.64,10,137
1/31/2016 14:00,34729.59,7.78,5.72,4.02,4.97,10,60
1/31/2016 15:00,34729.63,7.22,4.49,2.24,4.38,9.85,50
1/31/2016 16:00,34729.67,7.78,4.86,1.34,5.46,9.7,37
1/31/2016 17:00,34729.71,6.67,3.78,0.89,4.45,9.56,21
1/31/2016 18:00,34729.76,6.67,3.78,0.45,4.68,9.41,8
1/31/2016 19:00,34729.8,6.67,2.69,0.89,5.32,9.26,8
1/31/2016 20:00,34729.84,5.56,1.61,3.13,5.78,9.11,9
1/31/2016 21:00,34729.88,6.11,2.15,4.92,5.85,8.97,10
1/31/2016 22:00,34729.92,5.56,1.79,1.34,5.93,8.82,10
1/31/2016 23:00,34729.97,10,7.04,0.45,0.07,10,10
2/1/2016 0:00,34730,3.89,0.71,1.79,2.13,8.52,10
2/1/2016 1:00,34730.04,3.89,1.23,2.24,1.85,8.38,9
2/1/2016 2:00,34730.08,3.89,1.23,1.34,2.41,8.23,9
2/1/2016 3:00,34730.13,2.78,0.64,0.89,4.26,8.08,9
2/1/2016 4:00,34730.17,2.78,0.64,2.24,1.59,7.93,9
2/1/2016 5:00,34730.21,3.33,1.35,0.89,2.37,7.79,9
2/1/2016 6:00,34730.25,1.11,-0.68,1.34,1.4,7.64,9
2/1/2016 7:00,34730.29,3.33,1.35,2.68,1.17,7.49,77
2/1/2016 8:00,34730.34,3.89,1.73,0.89,4.57,7.34,214
2/1/2016 9:00,34730.38,6.11,3.41,0.89,5.27,7.19,357
2/1/2016 10:00,34730.42,7.22,3.96,1.79,0.86,7.05,333
2/1/2016 11:00,34730.46,11.11,6.6,1.34,2.22,6.9,538
2/1/2016 12:00,34730.5,11.11,5.58,0.89,3.54,6.75,417
2/1/2016 13:00,34730.55,12.78,6.3,0.45,1.83,0,575
2/1/2016 14:00,34730.59,11.67,4.33,0.45,3.56,0,450
2/1/2016 15:00,34730.63,11.11,3.56,2.68,2.02,0.34,192
2/1/2016 16:00,34730.67,9.44,3.56,0.89,2.81,0.68,125
2/1/2016 17:00,34730.71,6.11,0.99,0.89,2.88,1.02,18
2/1/2016 18:00,34730.76,5,0.31,1.34,2.43,1.36,11
2/1/2016 19:00,34730.8,5.56,1.04,1.34,2.65,1.7,11
2/1/2016 20:00,34730.84,5,1.07,1.79,2.11,2.04,10
2/1/2016 21:00,34730.88,5,1.44,1.79,1.55,2.38,10
2/1/2016 22:00,34730.92,4.44,1.25,2.24,1.87,2.72,10
2/1/2016 23:00,34730.97,4.44,1.08,0.45,2.08,8.67,10
2/2/2016 0:00,34731,3.89,0.89,2.68,1.76,3.39,10
2/2/2016 1:00,34731.04,3.89,1.06,4.02,1.66,3.73,10
2/2/2016 2:00,34731.08,2.78,-0.37,3.13,1.83,4.07,10
2/2/2016 3:00,34731.13,3.89,0.36,4.02,1.64,4.41,10
2/2/2016 4:00,34731.17,3.89,-0.57,4.47,1.36,4.75,10
2/2/2016 5:00,34731.21,3.89,-1.35,4.02,1.66,5.09,10
2/2/2016 6:00,34731.25,5,-1.32,1.79,0.84,5.43,11
2/2/2016 7:00,34731.29,5,-1.54,2.68,2.22,5.77,43
2/2/2016 8:00,34731.34,6.11,-0.05,1.79,2.16,6.11,77
2/2/2016 9:00,34731.38,7.22,0.35,0.45,0.82,6.45,151
2/2/2016 10:00,34731.42,9.44,2.68,0.89,3.44,6.79,273
2/2/2016 11:00,34731.46,10,3.21,0.45,1.15,7.13,349
2/2/2016 12:00,34731.5,9.44,2.22,0.45,4.89,7.47,380
2/2/2016 13:00,34731.55,8.89,1.7,1.34,4,9.42,230
2/2/2016 14:00,34731.59,10,2.28,0.89,3.86,8.76,221
2/2/2016 15:00,34731.63,11.67,3.1,0.89,4.28,8.64,254
2/2/2016 16:00,34731.67,11.11,2.33,0.45,4.05,8.52,121
2/2/2016 17:00,34731.71,7.78,1.1,0.89,0.84,8.4,20
2/2/2016 18:00,34731.76,6.11,0.37,1.34,1.34,8.28,12
2/2/2016 19:00,34731.8,6.11,0.99,1.79,1.87,8.16,11
2/2/2016 20:00,34731.84,5.56,0.85,1.34,1.2,8.04,11
2/2/2016 21:00,34731.88,3.89,-0.19,2.68,1.57,7.92,11
2/2/2016 22:00,34731.92,4.44,0.72,3.13,1.61,7.8,11
2/2/2016 23:00,34731.97,4.44,1.43,2.68,1.76,3.06,10
2/3/2016 0:00,34732,3.33,-0.01,2.68,1.54,7.57,10
2/3/2016 1:00,34732.04,3.89,0.54,3.58,1.55,7.45,10
2/3/2016 2:00,34732.08,3.33,0.17,4.02,1.71,7.33,11
2/3/2016 3:00,34732.13,3.33,0.34,2.68,1.66,7.21,10
2/3/2016 4:00,34732.17,3.33,0.34,3.58,1.82,7.09,10
2/3/2016 5:00,34732.21,2.22,-0.74,2.24,1.83,6.97,12
2/3/2016 6:00,34732.25,2.22,-0.91,2.68,1.5,6.85,13
2/3/2016 7:00,34732.29,3.33,-0.36,2.68,1.85,6.73,70
2/3/2016 8:00,34732.34,6.11,2.15,1.34,2.04,6.61,233
2/3/2016 9:00,34732.38,10,4.31,0.89,1.4,6.49,382
2/3/2016 10:00,34732.42,12.78,6.08,1.34,3.74,6.37,519
2/3/2016 11:00,34732.46,12.78,4.65,2.24,3.65,6.25,585
2/3/2016 12:00,34732.5,14.44,5.71,0.89,3.67,6.13,453
2/3/2016 13:00,34732.55,15.56,5.67,0.89,4.15,2.8,519
2/3/2016 14:00,34732.59,13.89,3.56,1.34,2.98,5.49,357
2/3/2016 15:00,34732.63,13.89,2.97,1.34,3.74,5.51,309
2/3/2016 16:00,34732.67,10.56,1.02,0.45,4.47,5.53,91
2/3/2016 17:00,34732.71,10.56,3.04,1.34,0.82,5.54,18
2/3/2016 18:00,34732.76,10,2.04,0.45,0.05,5.56,15
2/3/2016 19:00,34732.8,8.33,1.85,1.34,0.99,5.58,15
2/3/2016 20:00,34732.84,7.22,1.22,0.89,5.81,5.6,15
2/3/2016 21:00,34732.88,8.33,2.29,3.13,1.24,5.61,15
2/3/2016 22:00,34732.92,8.33,2.29,2.24,1.9,5.63,15
2/3/2016 23:00,34732.97,3.89,0.36,2.24,1.75,7.68,11
2/4/2016 0:00,34733,6.11,1.19,2.24,1.61,5.67,15
2/4/2016 1:00,34733.04,5.56,1.04,2.68,1.66,5.68,15
2/4/2016 2:00,34733.08,5,0.89,2.68,1.62,5.7,15
2/4/2016 3:00,34733.13,5,1.07,2.24,1.52,5.72,15
2/4/2016 4:00,34733.17,5.56,1.61,2.68,1.64,5.73,15
2/4/2016 5:00,34733.21,5,1.44,2.24,1.55,5.75,15
2/4/2016 6:00,34733.25,5,1.26,1.79,1.92,5.77,15
2/4/2016 7:00,34733.29,6.11,1.96,1.34,2.23,5.79,80
2/4/2016 8:00,34733.34,7.78,3.38,0.45,4.31,5.8,249
2/4/2016 9:00,34733.38,11.11,5.58,1.34,4.56,5.82,397
2/4/2016 10:00,34733.42,13.33,6.83,1.34,4.63,5.84,507
2/4/2016 11:00,34733.46,13.33,6.83,0.45,1.76,5.86,590
2/4/2016 12:00,34733.5,13.89,6.9,0.45,4.1,5.87,468
2/4/2016 13:00,34733.55,15,6.99,1.79,4.42,5.19,454
2/4/2016 14:00,34733.59,15.56,6.48,1.34,4.89,0,471
2/4/2016 15:00,34733.63,15,6.23,1.79,4.9,0.25,316
2/4/2016 16:00,34733.67,11.67,3.85,0.45,5.29,0.5,128
2/4/2016 17:00,34733.71,10,3.88,0.89,6.02,0.75,17
2/4/2016 18:00,34733.76,10.56,4.62,1.34,1.17,1,13
2/4/2016 19:00,34733.8,8.33,3.33,1.79,1.2,1.25,13
2/4/2016 20:00,34733.84,8.33,3.92,1.79,1.27,1.5,13
2/4/2016 21:00,34733.88,8.33,3.92,3.13,1.54,1.75,13
2/4/2016 22:00,34733.92,6.67,2.69,2.68,1.66,2,13
2/4/2016 23:00,34733.97,7.22,1.44,0.89,1.55,5.65,15
2/5/2016 0:00,34734,6.11,2.7,3.58,1.62,2.5,13
2/5/2016 1:00,34734.04,5.56,2.16,3.13,1.52,2.75,12
2/5/2016 2:00,34734.08,6.11,2.88,3.58,1.57,2.99,12
2/5/2016 3:00,34734.13,5,1.8,3.13,1.83,3.24,12
2/5/2016 4:00,34734.17,5,1.8,3.13,1.64,3.49,12
2/5/2016 5:00,34734.21,5,1.8,5.36,1.38,3.74,12
2/5/2016 6:00,34734.25,5.56,2.34,4.92,1.82,3.99,12
2/5/2016 7:00,34734.29,6.11,2.7,3.58,1.55,4.24,75
2/5/2016 8:00,34734.34,7.78,3.95,2.24,1.45,4.49,242
2/5/2016 9:00,34734.38,11.67,7.14,0.89,4.15,4.74,405
2/5/2016 10:00,34734.42,13.89,8.03,0.45,4.26,4.99,528
2/5/2016 11:00,34734.46,15,7.96,1.34,6.06,5.24,599
2/5/2016 12:00,34734.5,16.67,8.56,0.89,1.82,5.49,488
2/5/2016 13:00,34734.55,19.44,10.39,1.79,4.69,0,576
2/5/2016 14:00,34734.59,20,10.08,0.45,4.47,0,473
2/5/2016 15:00,34734.63,17.78,8.29,0.89,5.67,0.26,316
2/5/2016 16:00,34734.67,15.56,6.21,0.89,5.57,0.52,155
2/5/2016 17:00,34734.71,11.67,3.85,1.79,5.86,0.78,25
2/5/2016 18:00,34734.76,12.22,5.32,1.34,1.48,1.04,14
2/5/2016 19:00,34734.8,10.56,4.19,1.79,1.4,1.3,14
2/5/2016 20:00,34734.84,10,4.52,1.34,1.34,1.56,13
2/5/2016 21:00,34734.88,9.44,4.6,2.68,1.61,1.83,13
2/5/2016 22:00,34734.92,8.89,4.65,2.68,1.43,2.09,13
2/5/2016 23:00,34734.97,6.11,2.52,3.13,1.64,2.25,13
2/6/2016 0:00,34735,7.22,3.41,3.58,1.36,2.61,12
2/6/2016 1:00,34735.04,7.78,3.76,2.24,1.62,2.87,12
2/6/2016 2:00,34735.08,6.67,2.5,3.58,1.88,3.13,12
2/6/2016 3:00,34735.13,7.22,2.84,2.24,1.26,3.39,12
2/6/2016 4:00,34735.17,6.11,1.58,2.24,1.76,3.65,12
2/6/2016 5:00,34735.21,6.67,2.31,2.68,1.92,3.91,12
2/6/2016 6:00,34735.25,5,0.89,2.24,1.88,4.17,12
2/6/2016 7:00,34735.29,6.67,1.32,1.34,1.19,4.43,78
2/6/2016 8:00,34735.34,10,4.72,0.89,0.56,4.69,248
2/6/2016 9:00,34735.38,12.22,6.22,0.45,2.93,4.95,407
2/6/2016 10:00,34735.42,15,8.19,0.89,1.34,5.22,534
2/6/2016 11:00,34735.46,15.56,8.01,0.45,3.63,5.48,604
2/6/2016 12:00,34735.5,16.67,9.06,1.34,5.59,5.74,480
2/6/2016 13:00,34735.55,18.33,10.88,0.89,4.47,0,568
2/6/2016 14:00,34735.59,18.33,10.13,0.89,5.5,0,471
2/6/2016 15:00,34735.63,17.78,9.09,0.45,4.26,0.27,344
2/6/2016 16:00,34735.67,15.56,7.76,0.89,4.57,0.54,181
2/6/2016 17:00,34735.71,12.22,5.77,0.45,5.62,0.82,26
2/6/2016 18:00,34735.76,12.78,6.97,1.34,0.75,1.09,13
2/6/2016 19:00,34735.8,10.56,5.46,1.34,1.64,1.36,13
2/6/2016 20:00,34735.84,10,5.53,2.24,1.62,1.63,13
2/6/2016 21:00,34735.88,10,5.92,2.24,1.78,1.91,13
2/6/2016 22:00,34735.92,9.44,5.95,3.58,1.62,2.18,13
2/6/2016 23:00,34735.97,7.78,3.76,2.68,1.61,2.35,13
2/7/2016 0:00,34736,9.44,5.57,2.68,1.52,2.72,12
2/7/2016 1:00,34736.04,7.78,4.5,4.02,1.62,3,12
2/7/2016 2:00,34736.08,8.33,5.05,3.58,1.82,3.27,12
2/7/2016 3:00,34736.13,7.78,4.5,3.58,1.55,3.54,12
2/7/2016 4:00,34736.17,6.67,3.42,2.68,1.54,3.81,12
2/7/2016 5:00,34736.21,7.22,4.14,2.24,1.76,4.09,12
2/7/2016 6:00,34736.25,7.22,3.96,2.68,1.59,4.36,12
2/7/2016 7:00,34736.29,7.78,4.32,3.13,1.48,4.63,76
2/7/2016 8:00,34736.34,10,5.92,2.68,1.5,4.9,239
2/7/2016 9:00,34736.38,12.78,7.39,2.24,1.34,5.18,399
2/7/2016 10:00,34736.42,17.78,11.07,0.45,6,5.45,528
2/7/2016 11:00,34736.46,18.89,12.13,0,2.22,5.72,599
2/7/2016 12:00,34736.5,17.78,10.83,1.34,6,5.99,471
2/7/2016 13:00,34736.55,20.56,13.23,1.34,4.66,0,571
2/7/2016 14:00,34736.59,21.11,13.26,0.89,6,0,472
2/7/2016 15:00,34736.63,20,12.21,0.45,5.25,0.25,325
2/7/2016 16:00,34736.67,18.89,10.66,0.89,5.65,0.49,154
2/7/2016 17:00,34736.71,15,8.65,1.34,1.13,0.74,27
2/7/2016 18:00,34736.76,13.33,7.93,1.34,1.12,0.98,14
2/7/2016 19:00,34736.8,13.33,8.55,2.24,1.36,1.23,13
2/7/2016 20:00,34736.84,11.67,7.34,1.79,1.47,1.47,13
2/7/2016 21:00,34736.88,11.11,7,1.79,1.48,1.72,12
2/7/2016 22:00,34736.92,11.11,7.38,1.79,1.5,1.96,12
2/7/2016 23:00,34736.97,9.44,5.95,4.02,1.48,2.45,12
2/8/2016 0:00,34737,10,5.92,2.24,1.68,2.45,12
2/8/2016 1:00,34737.04,9.44,5.38,2.24,1.57,2.7,12
2/8/2016 2:00,34737.08,8.89,4.65,2.68,1.87,2.95,12
2/8/2016 3:00,34737.13,8.33,3.92,3.58,1.57,3.19,11
2/8/2016 4:00,34737.17,8.33,3.72,4.02,1.43,3.44,11
2/8/2016 5:00,34737.21,8.33,3.53,4.47,1.34,3.68,11
2/8/2016 6:00,34737.25,9.44,4.19,3.13,1.66,3.93,12
2/8/2016 7:00,34737.29,8.89,3.66,2.68,1.68,4.17,82
2/8/2016 8:00,34737.34,12.22,5.77,2.68,1.1,4.42,251
2/8/2016 9:00,34737.38,15.56,8.01,0.89,4.75,4.66,416
2/8/2016 10:00,34737.42,18.89,11.16,0.89,5.79,4.91,545
2/8/2016 11:00,34737.46,20,11.96,0.45,6.09,5.16,617
2/8/2016 12:00,34737.5,22.22,13.27,0.89,0.63,5.4,501
2/8/2016 13:00,34737.55,22.78,13.51,0.89,0.09,0,591
2/8/2016 14:00,34737.59,23.33,11.99,0.89,1.54,0,492
2/8/2016 15:00,34737.63,22.78,10.19,0.45,1.17,0.23,343
2/8/2016 16:00,34737.67,21.11,8.33,1.34,5.83,0.45,164
2/8/2016 17:00,34737.71,17.22,6.93,1.79,0.75,0.68,29
2/8/2016 18:00,34737.76,16.11,6.46,2.24,0.94,0.9,14
2/8/2016 19:00,34737.8,15,5.43,3.13,1.52,1.13,13
2/8/2016 20:00,34737.84,14.44,5.71,4.47,1.48,1.36,13
2/8/2016 21:00,34737.88,13.33,4.66,4.92,1.71,1.58,12
2/8/2016 22:00,34737.92,13.89,4.92,4.02,1.57,1.81,12
2/8/2016 23:00,34737.97,10,6.11,2.24,1.47,2.21,12
2/9/2016 0:00,34738,12.22,3.37,3.13,1.61,2.26,12
2/9/2016 1:00,34738.04,12.78,3.89,4.02,1.61,2.49,11
2/9/2016 2:00,34738.08,11.11,2.83,2.24,1.2,2.71,11
2/9/2016 3:00,34738.13,11.11,3.56,2.68,1.31,2.94,11
2/9/2016 4:00,34738.17,11.11,3.32,2.24,1.47,3.17,11
2/9/2016 5:00,34738.21,10,2.28,1.79,1.33,3.39,11
2/9/2016 6:00,34738.25,10,2.28,3.13,1.47,3.62,12
2/9/2016 7:00,34738.29,11.11,2.83,3.13,1.26,3.84,89
2/9/2016 8:00,34738.34,13.33,4.4,2.24,1.34,4.07,267
2/9/2016 9:00,34738.38,17.22,6.64,1.34,5.04,4.3,435
2/9/2016 10:00,34738.42,20.56,9.12,1.34,6.25,4.52,561
2/9/2016 11:00,34738.46,22.78,10.52,0.89,6.04,4.75,634
2/9/2016 12:00,34738.5,25.56,12.04,1.34,5.99,4.97,522
2/9/2016 13:00,34738.55,22.78,9.85,0.89,0.77,0,601
2/9/2016 14:00,34738.59,25.56,10.95,0.45,5.06,0,493
2/9/2016 15:00,34738.63,25.56,10.95,0.89,6.16,0.15,315
2/9/2016 16:00,34738.67,20,9.21,1.79,6.06,0.29,143
2/9/2016 17:00,34738.71,18.89,7.88,1.34,1.88,0.44,26
2/9/2016 18:00,34738.76,17.22,7.77,1.79,0.73,0.58,13
2/9/2016 19:00,34738.8,16.11,7.78,2.24,1.57,0.73,12
2/9/2016 20:00,34738.84,16.11,7.78,2.68,1.47,0.88,12
2/9/2016 21:00,34738.88,13.89,6.9,2.68,1.48,1.02,11
2/9/2016 22:00,34738.92,14.44,6.47,3.58,1.38,1.17,11
2/9/2016 23:00,34738.97,12.78,4.65,2.68,1.03,2.04,12
2/10/2016 0:00,34739,13.89,6.43,3.13,1.57,1.46,11
2/10/2016 1:00,34739.04,12.22,3.88,0.89,1.59,1.61,11
2/10/2016 2:00,34739.08,11.11,4.03,2.68,1.17,1.75,10
2/10/2016 3:00,34739.13,12.22,2.29,0.89,4.66,1.9,10
2/10/2016 4:00,34739.17,10.56,3.96,0.89,5.97,2.04,10
2/10/2016 5:00,34739.21,10,3.21,1.79,1.47,2.19,10
2/10/2016 6:00,34739.25,12.22,2.57,2.68,1.78,2.34,11
2/10/2016 7:00,34739.29,10.56,2.31,2.24,1.15,2.48,88
2/10/2016 8:00,34739.34,12.78,3.36,2.68,1.27,2.63,270
2/10/2016 9:00,34739.38,17.22,6.64,0.89,4.03,2.77,415
2/10/2016 10:00,34739.42,19.44,8.99,1.34,4.45,2.92,555
2/10/2016 11:00,34739.46,21.67,11.35,0.45,5.52,3.06,631
2/10/2016 12:00,34739.5,22.78,12.38,0.89,1.52,3.21,584
2/10/2016 13:00,34739.55,23.89,12.5,0.89,4.33,0,626
2/10/2016 14:00,34739.59,25.56,13.4,0.89,5.41,0,551
2/10/2016 15:00,34739.63,23.33,11.99,0.89,4.01,0.26,372
2/10/2016 16:00,34739.67,21.11,9.63,0.45,4.4,0.51,176
2/10/2016 17:00,34739.71,17.22,8.04,0.89,0.3,0.77,23
2/10/2016 18:00,34739.76,16.67,8.05,1.34,0.89,1.02,11
2/10/2016 19:00,34739.8,15,7.72,1.34,1.01,1.28,11
2/10/2016 20:00,34739.84,13.33,6.83,2.68,1.43,1.54,10
2/10/2016 21:00,34739.88,12.78,7.18,3.13,1.59,1.79,10
2/10/2016 22:00,34739.92,12.22,7.27,3.58,1.69,2.05,10
2/10/2016 23:00,34739.97,14.44,7.43,4.47,1.55,1.31,11
2/11/2016 0:00,34740,12.78,8.01,4.92,1.64,2.56,10
2/11/2016 1:00,34740.04,11.67,6.74,4.92,1.54,2.82,10
2/11/2016 2:00,34740.08,12.22,7.27,4.47,1.5,3.07,10
2/11/2016 3:00,34740.13,11.11,5.79,4.92,1.55,3.33,10
2/11/2016 4:00,34740.17,11.67,5.9,3.58,1.66,3.58,10
2/11/2016 5:00,34740.21,10.56,4.62,4.47,1.54,3.84,9
2/11/2016 6:00,34740.25,11.11,5.37,2.24,1.71,4.1,12
2/11/2016 7:00,34740.29,11.11,4.49,1.34,1.33,4.35,71
2/11/2016 8:00,34740.34,12.78,6.08,1.79,1.06,4.61,208
2/11/2016 9:00,34740.38,16.11,8.04,0.89,1.38,4.86,363
2/11/2016 10:00,34740.42,19.44,12.18,0.45,3.47,5.12,436
2/11/2016 11:00,34740.46,21.11,14,0.45,4.24,5.38,466
2/11/2016 12:00,34740.5,21.67,12.74,0.45,5.43,5.63,500
2/11/2016 13:00,34740.55,22.22,13.8,1.34,5.13,0.82,574
2/11/2016 14:00,34740.59,22.78,12.96,1.34,1.54,2.18,458
2/11/2016 15:00,34740.63,21.67,12.47,0.45,1.52,2.37,247
2/11/2016 16:00,34740.67,18.89,11.41,0.45,4.5,2.56,123
2/11/2016 17:00,34740.71,16.11,9.71,0.45,2.36,2.74,25
2/11/2016 18:00,34740.76,16.11,10.6,1.79,6.11,2.93,10
2/11/2016 19:00,34740.8,16.11,10.38,2.24,1.4,3.12,10
2/11/2016 20:00,34740.84,14.44,8.99,1.79,1.59,3.3,10
2/11/2016 21:00,34740.88,13.33,8.55,3.13,1.41,3.49,10
2/11/2016 22:00,34740.92,13.33,8.34,3.13,1.68,3.68,9
2/11/2016 23:00,34740.97,12.78,8.22,4.02,1.62,2.3,10
2/12/2016 0:00,34741,11.67,6.33,3.13,1.64,4.05,9
2/12/2016 1:00,34741.04,11.11,5.37,2.68,1.59,4.23,9
2/12/2016 2:00,34741.08,10.56,4.41,2.24,1.34,4.42,9
2/12/2016 3:00,34741.13,9.44,3.56,2.68,0.93,4.61,9
2/12/2016 4:00,34741.17,10.56,3.96,2.68,1.61,4.79,9
2/12/2016 5:00,34741.21,9.44,2.45,3.58,1.57,4.98,9
2/12/2016 6:00,34741.25,10.56,2.56,2.24,1.34,5.17,11
2/12/2016 7:00,34741.29,10.56,2.8,1.79,1.31,5.35,60
2/12/2016 8:00,34741.34,14.44,6.22,0.45,3.21,5.54,222
2/12/2016 9:00,34741.38,15,6.23,1.34,1.34,5.73,327
2/12/2016 10:00,34741.42,18.33,9.61,0.45,4.85,5.91,463
2/12/2016 11:00,34741.46,20,12.21,0.45,4.19,6.1,537
2/12/2016 12:00,34741.5,20.56,11.7,1.34,5.03,6.29,471
2/12/2016 13:00,34741.55,22.78,11.47,0.89,5.69,3.31,539
2/12/2016 14:00,34741.59,22.22,11.27,0.45,3.86,0.67,475
2/12/2016 15:00,34741.63,20,10.91,0.45,4.63,0.89,308
2/12/2016 16:00,34741.67,18.89,10.91,1.34,5.71,1.1,130
2/12/2016 17:00,34741.71,16.11,9.71,0.89,5.59,1.31,28
2/12/2016 18:00,34741.76,15,9.31,0.45,2.44,1.53,10
2/12/2016 19:00,34741.8,13.33,8.55,0.89,1.52,1.74,9
2/12/2016 20:00,34741.84,13.33,9.15,1.79,1.29,1.96,9
2/12/2016 21:00,34741.88,12.78,8.81,2.24,1.5,2.17,9
2/12/2016 22:00,34741.92,12.22,8.46,3.13,1.43,2.39,9
2/12/2016 23:00,34741.97,11.67,6.94,3.13,1.68,3.86,9
2/13/2016 0:00,34742,11.11,7.19,3.13,1.88,2.82,9
2/13/2016 1:00,34742.04,11.11,7,1.79,1.92,3.03,9
2/13/2016 2:00,34742.08,11.11,7.38,2.24,1.12,3.25,9
2/13/2016 3:00,34742.13,9.44,5.76,3.13,1.57,3.46,9
2/13/2016 4:00,34742.17,9.44,5.38,3.13,1.88,3.68,9
2/13/2016 5:00,34742.21,8.89,4.84,2.24,1.62,3.89,8
2/13/2016 6:00,34742.25,9.44,5.19,3.13,1.38,4.11,10
2/13/2016 7:00,34742.29,10,5.53,3.13,1.61,4.32,62
2/13/2016 8:00,34742.34,12.22,7.27,1.79,1.41,4.54,205
2/13/2016 9:00,34742.38,16.11,10.16,0.89,6.09,4.75,389
2/13/2016 10:00,34742.42,19.44,13.35,0.45,0.17,4.97,533
2/13/2016 11:00,34742.46,20,13.65,0.45,4.75,5.18,614
2/13/2016 12:00,34742.5,20,13.42,1.79,4,5.4,517
2/13/2016 13:00,34742.55,20,13.42,0.45,5.04,4.66,502
2/13/2016 14:00,34742.59,21.67,14.53,0.89,4.87,0,495
2/13/2016 15:00,34742.63,20.56,13.23,0.45,4.89,0.28,308
2/13/2016 16:00,34742.67,18.33,10.88,0.89,6,0.56,133
2/13/2016 17:00,34742.71,15,8.87,0.45,1.38,0.85,30
2/13/2016 18:00,34742.76,13.89,8.88,1.34,0.82,1.13,9
2/13/2016 19:00,34742.8,14.44,9.83,2.24,1.82,1.41,9
2/13/2016 20:00,34742.84,13.33,8.95,1.34,1.52,1.69,9
2/13/2016 21:00,34742.88,13.33,9.35,1.79,1.36,1.98,9
2/13/2016 22:00,34742.92,12.78,9.19,1.79,1.24,2.26,9
2/13/2016 23:00,34742.97,11.67,8.11,3.13,1.45,2.6,9
2/14/2016 0:00,34743,11.11,8.3,1.79,1.75,2.82,9
2/14/2016 1:00,34743.04,11.67,9.03,2.68,1.62,3.1,9
2/14/2016 2:00,34743.08,11.67,9.03,3.13,1.54,3.39,9
2/14/2016 3:00,34743.13,11.11,8.3,1.79,1.45,3.67,9
2/14/2016 4:00,34743.17,10.56,7.76,3.13,1.47,3.95,9
2/14/2016 5:00,34743.21,11.11,7.94,2.68,1.45,4.23,9
2/14/2016 6:00,34743.25,10,6.85,3.13,1.64,4.52,11
2/14/2016 7:00,34743.29,11.11,7.57,2.68,1.95,4.8,75
2/14/2016 8:00,34743.34,12.22,7.88,1.34,1.22,5.08,197
2/14/2016 9:00,34743.38,15.56,11.11,0.89,3.11,5.36,304
2/14/2016 10:00,34743.42,16.11,12.05,1.34,3.6,5.64,347
2/14/2016 11:00,34743.46,17.22,12.51,0.45,3.87,5.93,343
2/14/2016 12:00,34743.5,18.33,12.95,0.45,5.24,6.21,481
2/14/2016 13:00,34743.55,20,14.55,0.45,0.79,7.05,398
2/14/2016 14:00,34743.59,21.11,14.95,0.45,2.41,5.91,374
2/14/2016 15:00,34743.63,19.44,12.89,0.89,3.98,5.89,317
2/14/2016 16:00,34743.67,17.78,12.2,0.45,4.22,5.87,137
2/14/2016 17:00,34743.71,15.56,10.49,0.89,2.25,5.85,29
2/14/2016 18:00,34743.76,13.89,9.49,0.89,1.9,5.83,9
2/14/2016 19:00,34743.8,13.33,9.54,1.79,1.64,5.8,9
2/14/2016 20:00,34743.84,13.89,10.08,1.79,1.83,5.78,9
2/14/2016 21:00,34743.88,12.78,9.19,3.58,1.45,5.76,9
2/14/2016 22:00,34743.92,13.33,10.11,4.02,1.43,5.74,9
2/14/2016 23:00,34743.97,11.67,8.48,2.24,1.06,2.54,9
2/15/2016 0:00,34744,11.67,8.67,4.02,1.59,5.69,8
2/15/2016 1:00,34744.04,12.22,9.21,4.92,1.43,5.67,8
2/15/2016 2:00,34744.08,11.67,8.85,4.02,1.82,5.65,8
2/15/2016 3:00,34744.13,10.56,7.76,4.47,1.48,5.63,8
2/15/2016 4:00,34744.17,11.11,8.3,3.58,1.45,5.61,8
2/15/2016 5:00,34744.21,10,7.39,3.58,1.54,5.59,8
2/15/2016 6:00,34744.25,10,7.39,3.58,1.17,5.56,10
2/15/2016 7:00,34744.29,11.11,8.48,3.58,1.24,5.54,60
2/15/2016 8:00,34744.34,13.33,10.11,1.34,1.78,5.52,241
2/15/2016 9:00,34744.38,16.67,12.38,0.45,0.66,5.5,417
2/15/2016 10:00,34744.42,18.33,13.16,0.45,4.15,5.48,542
2/15/2016 11:00,34744.46,20.56,14.64,0.89,5.95,5.45,613
2/15/2016 12:00,34744.5,21.67,15.48,1.79,6.18,5.43,522
2/15/2016 13:00,34744.55,22.22,15.78,0.89,5.79,0,595
2/15/2016 14:00,34744.59,22.78,15.83,2.24,5.81,0,495
2/15/2016 15:00,34744.63,22.22,14.57,0.89,4.47,0.25,340
2/15/2016 16:00,34744.67,20.56,13.47,0.89,4.66,0.49,167
2/15/2016 17:00,34744.71,16.67,10.24,0.45,5.32,0.74,30
2/15/2016 18:00,34744.76,16.67,10.69,1.34,1.59,0.99,9
2/15/2016 19:00,34744.8,15,9.95,1.34,1.47,1.24,9
2/15/2016 20:00,34744.84,13.89,9.89,1.79,1.41,1.48,9
2/15/2016 21:00,34744.88,14.44,10.62,2.68,1.57,1.73,9
2/15/2016 22:00,34744.92,13.89,10.65,3.58,1.52,1.98,8
2/15/2016 23:00,34744.97,12.78,9.57,2.68,1.64,5.72,8
2/16/2016 0:00,34745,13.33,10.48,0.89,1.55,2.47,8
2/16/2016 1:00,34745.04,12.22,9.57,2.68,1.48,2.72,8
2/16/2016 2:00,34745.08,11.67,8.48,2.68,1.71,2.97,8
2/16/2016 3:00,34745.13,11.67,8.48,4.47,1.52,3.21,8
2/16/2016 4:00,34745.17,12.22,8.27,2.68,1.4,3.46,8
2/16/2016 5:00,34745.21,10,6.49,4.02,1.68,3.71,8
2/16/2016 6:00,34745.25,10,6.49,1.79,1.47,3.96,10
2/16/2016 7:00,34745.29,11.67,7.54,2.24,1.31,4.2,95
2/16/2016 8:00,34745.34,14.44,9.42,1.34,1.87,4.45,270
2/16/2016 9:00,34745.38,18.33,12.29,0.45,6.16,4.7,441
2/16/2016 10:00,34745.42,19.44,14.02,0.89,4.38,4.94,567
2/16/2016 11:00,34745.46,23.33,15.87,0.45,5.74,5.19,640
2/16/2016 12:00,34745.5,23.89,16.15,0.45,0.65,5.44,525
2/16/2016 13:00,34745.55,25.56,16.4,1.34,1.38,0,616
2/16/2016 14:00,34745.59,26.11,16.35,0.89,4.31,0,513
2/16/2016 15:00,34745.63,25,14.74,0.45,3.56,0.45,365
2/16/2016 16:00,34745.67,23.89,12.81,0.45,3.21,0.91,186
2/16/2016 17:00,34745.71,18.33,10.13,1.79,1.66,1.36,31
2/16/2016 18:00,34745.76,17.22,10.3,1.79,1.26,1.82,10
2/16/2016 19:00,34745.8,17.22,11.44,2.24,0.91,2.27,9
2/16/2016 20:00,34745.84,16.11,11.02,2.24,1.33,2.73,9
2/16/2016 21:00,34745.88,15.56,10.7,2.24,2.11,3.18,9
2/16/2016 22:00,34745.92,15.56,9.4,2.24,2.02,3.64,8
2/16/2016 23:00,34745.97,13.33,10.11,2.68,1.82,2.23,8
2/17/2016 0:00,34746,13.89,9.09,3.58,1.55,4.55,8
2/17/2016 1:00,34746.04,15.56,9.4,4.92,1.57,5,8
2/17/2016 2:00,34746.08,16.67,8.05,3.13,1.73,5.45,8
2/17/2016 3:00,34746.13,18.89,6.31,2.68,1.62,5.91,8
2/17/2016 4:00,34746.17,18.89,5.28,2.68,1.9,6.36,8
2/17/2016 5:00,34746.21,16.67,3.95,2.24,1.05,6.82,8
2/17/2016 6:00,34746.25,16.67,3.95,3.58,1.27,7.27,9
2/17/2016 7:00,34746.29,18.33,4.78,0.89,2.81,7.73,17
2/17/2016 8:00,34746.34,16.11,4.72,9.39,1.2,8.18,32
2/17/2016 9:00,34746.38,20,5.57,4.47,2.55,8.64,87
2/17/2016 10:00,34746.42,21.11,5,8.49,2.2,9.09,130
2/17/2016 11:00,34746.46,19.44,3.52,5.81,3.75,9.55,120
2/17/2016 12:00,34746.5,22.22,4.25,2.24,2.32,10,110
2/17/2016 13:00,34746.55,20.56,3.23,2.68,2.43,10,90
2/17/2016 14:00,34746.59,20.56,3.67,4.47,2.55,10,55
2/17/2016 15:00,34746.63,16.11,6.73,8.94,1.88,9.69,36
2/17/2016 16:00,34746.67,16.11,5.9,8.49,1.97,9.39,44
2/17/2016 17:00,34746.71,16.67,6.13,3.58,2.74,9.08,15
2/17/2016 18:00,34746.76,17.22,6.64,3.58,2.55,8.78,7
2/17/2016 19:00,34746.8,16.67,5.53,4.02,2.6,8.47,8
2/17/2016 20:00,34746.84,15.56,6.75,2.24,4.4,8.17,8
2/17/2016 21:00,34746.88,14.44,7.43,2.24,3.67,7.86,8
2/17/2016 22:00,34746.92,15.56,7.01,1.34,2.58,7.56,7
2/17/2016 23:00,34746.97,15,9.74,0.89,0.65,4.09,8
2/18/2016 0:00,34747,9.44,4.99,4.02,4.85,6.95,7
2/18/2016 1:00,34747.04,9.44,6.13,1.79,0.37,6.64,7
2/18/2016 2:00,34747.08,10,6.49,3.58,1.43,6.34,7
2/18/2016 3:00,34747.13,10.56,7.03,2.24,1.24,6.03,7
2/18/2016 4:00,34747.17,10,6.49,2.24,1.52,5.73,7
2/18/2016 5:00,34747.21,10.56,6.65,2.24,1.85,5.42,7
2/18/2016 6:00,34747.25,8.33,4.3,0.45,3.72,5.12,9
2/18/2016 7:00,34747.29,10.56,6.46,1.34,1.38,4.81,111
2/18/2016 8:00,34747.34,12.78,8.61,0.45,3.98,4.51,259
2/18/2016 9:00,34747.38,15,9.74,1.79,1.71,4.2,460
2/18/2016 10:00,34747.42,16.67,9.06,1.34,4.31,3.9,566
2/18/2016 11:00,34747.46,17.78,8.01,0.45,4.22,3.59,567
2/18/2016 12:00,34747.5,18.33,8.81,0.89,3.72,3.29,612
2/18/2016 13:00,34747.55,16.67,6.13,2.68,0.23,0,632
2/18/2016 14:00,34747.59,18.89,7.88,1.34,4.56,0,516
2/18/2016 15:00,34747.63,18.33,7.37,0.89,5.5,0.1,366
2/18/2016 16:00,34747.67,16.11,5.61,1.34,4.92,0.2,190
2/18/2016 17:00,34747.71,13.33,4.66,1.34,4.69,0.3,33
2/18/2016 18:00,34747.76,12.78,4.4,1.34,0.75,0.41,7
2/18/2016 19:00,34747.8,11.67,4.56,2.24,1.13,0.51,7
2/18/2016 20:00,34747.84,11.11,4.49,3.13,1.57,0.61,7
2/18/2016 21:00,34747.88,10,3.88,3.58,1.55,0.71,7
2/18/2016 22:00,34747.92,8.89,3.24,3.13,1.62,0.81,7
2/18/2016 23:00,34747.97,16.11,7.27,3.13,3.46,7.25,7
2/19/2016 0:00,34748,9.44,2.68,2.68,1.8,1.01,7
2/19/2016 1:00,34748.04,10,3.66,4.02,1.85,1.11,7
2/19/2016 2:00,34748.08,9.44,2.22,2.24,1.55,1.22,7
2/19/2016 3:00,34748.13,8.89,2.38,0.89,1.59,1.32,7
2/19/2016 4:00,34748.17,7.78,2.18,2.68,1.33,1.42,7
2/19/2016 5:00,34748.21,8.33,2.92,2.68,1.54,1.52,7
2/19/2016 6:00,34748.25,7.22,2.06,1.79,1.15,1.62,11
2/19/2016 7:00,34748.29,8.89,2.6,4.02,1.66,1.72,137
2/19/2016 8:00,34748.34,11.11,3.8,2.68,1.55,1.82,217
2/19/2016 9:00,34748.38,15,6.74,1.34,3.86,1.92,458
2/19/2016 10:00,34748.42,18.33,8.81,0.45,4.61,2.03,583
2/19/2016 11:00,34748.46,18.89,8.76,0.89,5.5,2.13,658
2/19/2016 12:00,34748.5,18.33,6.76,1.79,3.87,2.23,641
2/19/2016 13:00,34748.55,18.89,8.18,1.34,4.52,0,625
2/19/2016 14:00,34748.59,18.89,7.88,0.89,6.06,0,515
2/19/2016 15:00,34748.63,17.22,6.64,4.02,5.76,0.1,343
2/19/2016 16:00,34748.67,16.67,6.7,1.34,4.82,0.21,190
2/19/2016 17:00,34748.71,12.78,3.89,0.45,4.82,0.31,32
2/19/2016 18:00,34748.76,12.78,5.14,1.34,0.09,0.41,8
2/19/2016 19:00,34748.8,11.67,4.56,1.79,0.68,0.52,8
2/19/2016 20:00,34748.84,11.67,5.9,1.79,1.24,0.62,8
2/19/2016 21:00,34748.88,11.11,5.15,1.79,1.19,0.73,8
2/19/2016 22:00,34748.92,8.89,3.86,2.24,1.75,0.83,8
2/19/2016 23:00,34748.97,10,3.88,3.13,1.66,0.91,7
2/20/2016 0:00,34749,8.89,4.46,3.13,1.64,1.04,7
2/20/2016 1:00,34749.04,9.44,4.99,2.68,1.99,1.14,8
2/20/2016 2:00,34749.08,8.89,4.46,0.45,1.31,1.24,8
2/20/2016 3:00,34749.13,8.33,4.3,1.34,1.41,1.35,7
2/20/2016 4:00,34749.17,7.22,3.6,2.24,1.78,1.45,7
2/20/2016 5:00,34749.21,7.78,4.14,2.68,1.85,1.56,7
2/20/2016 6:00,34749.25,6.11,2.7,1.34,4.49,1.66,12
2/20/2016 7:00,34749.29,6.67,3.06,1.34,4.12,1.76,122
2/20/2016 8:00,34749.34,7.22,4.32,1.79,4.03,1.87,265
2/20/2016 9:00,34749.38,11.11,7.94,0.89,4.17,1.97,407
2/20/2016 10:00,34749.42,11.67,7.92,2.68,3.74,2.07,575
2/20/2016 11:00,34749.46,15,10.36,2.24,4.5,2.18,598
2/20/2016 12:00,34749.5,17.22,10.77,1.79,3.82,2.28,644
2/20/2016 13:00,34749.55,16.67,11.13,1.79,5.99,1.29,606
2/20/2016 14:00,34749.59,17.22,10.77,0.89,4.43,0.88,505
2/20/2016 15:00,34749.63,17.22,10.54,0.89,5.88,0.84,336
2/20/2016 16:00,34749.67,15.56,8.95,0.45,4.89,0.8,171
2/20/2016 17:00,34749.71,12.22,6.86,0.89,5.67,0.76,28
2/20/2016 18:00,34749.76,11.11,6.2,1.34,4.63,0.72,8
2/20/2016 19:00,34749.8,11.11,7,0.45,4.28,0.68,7
2/20/2016 20:00,34749.84,11.11,7.38,1.79,1.83,0.64,7
2/20/2016 21:00,34749.88,10,6.49,0.89,2.16,0.6,7
2/20/2016 22:00,34749.92,8.33,5.23,1.79,1.85,0.56,7
2/20/2016 23:00,34749.97,10,4.93,2.24,1.66,0.93,7
2/21/2016 0:00,34750,8.89,6.13,2.24,1.83,0.48,7
2/21/2016 1:00,34750.04,8.89,6.3,3.58,1.54,0.44,7
2/21/2016 2:00,34750.08,8.33,5.76,3.58,1.8,0.4,7
2/21/2016 3:00,34750.13,7.22,4.67,2.24,1.9,0.36,7
2/21/2016 4:00,34750.17,7.78,5.21,2.24,1.68,0.32,7
2/21/2016 5:00,34750.21,8.33,5.76,2.68,1.52,0.28,7
2/21/2016 6:00,34750.25,7.78,5.21,4.02,1.52,0.24,12
2/21/2016 7:00,34750.29,7.78,4.86,2.24,1.78,0.2,124
2/21/2016 8:00,34750.34,11.67,8.11,1.79,1.22,0.16,288
2/21/2016 9:00,34750.38,14.44,10.03,0.89,4.31,0.12,466
2/21/2016 10:00,34750.42,15.56,10.49,1.34,4.01,0.08,588
2/21/2016 11:00,34750.46,15.56,9.84,0.89,4.49,0.04,569
2/21/2016 12:00,34750.5,19.44,12.42,1.79,4.56,0,756
2/21/2016 13:00,34750.55,16.67,10.47,1.34,4.89,8.95,296
2/21/2016 14:00,34750.59,18.33,11.36,1.34,5.92,3.18,478
2/21/2016 15:00,34750.63,18.89,11.41,1.34,4.85,3.03,378
2/21/2016 16:00,34750.67,16.11,9.71,1.34,4.76,2.89,204
2/21/2016 17:00,34750.71,14.44,9.21,0.89,4.69,2.74,42
2/21/2016 18:00,34750.76,13.33,8.55,0.89,1.12,2.6,8
2/21/2016 19:00,34750.8,14.44,9.62,0.45,4.85,2.46,8
2/21/2016 20:00,34750.84,13.33,8.34,0.45,5.03,2.31,8
2/21/2016 21:00,34750.88,12.78,7.39,1.34,5.99,2.17,8
2/21/2016 22:00,34750.92,12.78,8.01,0.89,4.85,2.02,8
2/21/2016 23:00,34750.97,9.44,6.67,3.13,1.31,0.52,7
2/22/2016 0:00,34751,10.56,6.84,0.45,3.51,1.73,7
2/22/2016 1:00,34751.04,10.56,7.21,0.45,3.39,1.59,7
2/22/2016 2:00,34751.08,10,7.21,0.45,0.05,1.44,7
2/22/2016 3:00,34751.13,9.44,6.67,2.24,1.78,1.3,7
2/22/2016 4:00,34751.17,9.44,6.85,0.89,2.78,1.16,7
2/22/2016 5:00,34751.21,7.22,5.01,0.89,1.2,1.01,7
2/22/2016 6:00,34751.25,7.78,5.72,2.24,2.02,0.87,11
2/22/2016 7:00,34751.29,10,7.74,2.68,1.75,0.72,132
2/22/2016 8:00,34751.34,12.22,8.84,1.34,0.37,0.58,305
2/22/2016 9:00,34751.38,15,10.36,1.79,3.87,0.43,475
2/22/2016 10:00,34751.42,17.22,11.44,1.34,3.49,0.29,599
2/22/2016 11:00,34751.46,18.33,11.36,2.24,3.98,0.14,658
2/22/2016 12:00,34751.5,19.44,11.69,1.34,4.24,0,685
2/22/2016 13:00,34751.55,20.56,11.97,0,3.18,0,641
2/22/2016 14:00,34751.59,20.56,11.43,0.45,2.69,2.09,501
2/22/2016 15:00,34751.63,20,11.18,1.34,4.5,2.03,342
2/22/2016 16:00,34751.67,17.22,9.34,0.45,4.92,1.97,166
2/22/2016 17:00,34751.71,14.44,7.19,0.89,5.92,1.92,24
2/22/2016 18:00,34751.76,14.44,8.34,1.34,0.89,1.86,8
2/22/2016 19:00,34751.8,12.78,7.6,1.79,1.38,1.8,8
2/22/2016 20:00,34751.84,12.22,7.27,1.34,1.38,1.75,8
2/22/2016 21:00,34751.88,12.22,7.48,1.79,2.06,1.69,8
2/22/2016 22:00,34751.92,11.11,7.19,2.68,1.48,1.63,8
2/22/2016 23:00,34751.97,11.11,6.8,0,5.65,1.88,8
2/23/2016 0:00,34752,11.67,7.34,3.13,1.75,1.52,8
2/23/2016 1:00,34752.04,10,6.11,2.24,1.8,1.46,8
2/23/2016 2:00,34752.08,10.56,7.03,2.68,1.62,1.41,8
2/23/2016 3:00,34752.13,10,6.85,3.13,1.57,1.35,8
2/23/2016 4:00,34752.17,9.44,6.31,4.02,1.55,1.3,7
2/23/2016 5:00,34752.21,9.44,6.31,3.58,1.54,1.24,8
2/23/2016 6:00,34752.25,9.44,5.95,3.13,1.71,1.18,14
2/23/2016 7:00,34752.29,10.56,6.46,3.13,1.52,1.13,118
2/23/2016 8:00,34752.34,13.89,9.09,1.79,1.73,1.07,301
2/23/2016 9:00,34752.38,17.22,10.77,1.34,6.14,1.01,470
2/23/2016 10:00,34752.42,18.33,11.36,0.89,0.82,0.96,601
2/23/2016 11:00,34752.46,21.11,12.49,0.89,5.76,0.9,680
2/23/2016 12:00,34752.5,20.56,11.16,0.89,5.25,0.84,676
2/23/2016 13:00,34752.55,22.78,12.08,0.89,2.18,1.73,613
2/23/2016 14:00,34752.59,23.33,11.99,0.89,4.36,0.7,518
2/23/2016 15:00,34752.63,22.22,10.96,0.45,5.62,0.66,374
2/23/2016 16:00,34752.67,20,9.21,0.89,1.17,0.63,184
2/23/2016 17:00,34752.71,16.67,6.7,2.24,2.15,0.6,36
2/23/2016 18:00,34752.76,15,6.48,1.34,2.02,0.57,8
2/23/2016 19:00,34752.8,15,7.72,1.34,1.43,0.54,8
2/23/2016 20:00,34752.84,14.44,8.34,3.13,1.41,0.51,8
2/23/2016 21:00,34752.88,12.78,7.39,2.68,1.4,0.47,8
2/23/2016 22:00,34752.92,12.22,7.27,4.02,1.5,0.44,8
2/23/2016 23:00,34752.97,11.11,7,2.68,1.48,1.58,8
2/24/2016 0:00,34753,11.11,6.8,4.92,1.57,0.38,8
2/24/2016 1:00,34753.04,11.67,7.34,4.47,1.95,0.35,8
2/24/2016 2:00,34753.08,10.56,5.67,4.47,1.73,0.32,8
2/24/2016 3:00,34753.13,10,5.33,3.58,1.87,0.28,8
2/24/2016 4:00,34753.17,11.11,5.79,2.68,1.88,0.25,8
2/24/2016 5:00,34753.21,10,4.09,2.68,1.5,0.22,8
2/24/2016 6:00,34753.25,10.56,4.62,3.13,1.4,0.19,15
2/24/2016 7:00,34753.29,12.78,5.61,0.89,1.75,0.16,124
2/24/2016 8:00,34753.34,13.89,6.43,0.89,4.35,0.13,300
2/24/2016 9:00,34753.38,18.89,10.91,0.45,0.28,0.09,471
2/24/2016 10:00,34753.42,19.44,10.39,0.45,4.64,0.06,591
2/24/2016 11:00,34753.46,21.11,11.4,0.45,4.47,0.03,672
2/24/2016 12:00,34753.5,22.78,12.96,0.89,1.22,0,689
2/24/2016 13:00,34753.55,22.22,10.96,1.34,5.85,0,635
2/24/2016 14:00,34753.59,22.78,10.84,1.79,6.11,0,529
2/24/2016 15:00,34753.63,22.78,10.19,0.89,4.54,0,393
2/24/2016 16:00,34753.67,22.22,10.96,0.89,4.75,0,210
2/24/2016 17:00,34753.71,18.89,6.96,0.45,6.06,0,44
2/24/2016 18:00,34753.76,17.78,7.45,1.79,0.38,0,8
2/24/2016 19:00,34753.8,16.11,8.29,1.79,1.5,0,8
2/24/2016 20:00,34753.84,13.89,6.43,2.24,1.5,0,8
2/24/2016 21:00,34753.88,12.78,5.85,2.68,1.36,0,8
2/24/2016 22:00,34753.92,12.78,6.3,3.13,1.41,0,8
2/24/2016 23:00,34753.97,11.67,7.14,3.13,1.57,0.41,8
2/25/2016 0:00,34754,12.22,5.77,5.36,1.61,0,8
2/25/2016 1:00,34754.04,11.67,5.02,3.58,1.62,0,7
2/25/2016 2:00,34754.08,11.11,3.8,3.58,1.59,0,7
2/25/2016 3:00,34754.13,11.67,3.85,2.68,1.19,0,7
2/25/2016 4:00,34754.17,10.56,3.51,2.24,1.24,0,7
2/25/2016 5:00,34754.21,10.56,3.74,1.79,1.68,0,7
2/25/2016 6:00,34754.25,10,3.88,2.24,1.17,0,14
2/25/2016 7:00,34754.29,11.11,4.49,2.68,1.64,0,132
2/25/2016 8:00,34754.34,13.89,5.18,2.68,1.71,0,316
2/25/2016 9:00,34754.38,20,8.6,1.34,3.84,0,488
2/25/2016 10:00,34754.42,20,9.21,2.24,4.01,0,616
2/25/2016 11:00,34754.46,21.67,10.45,0.89,4.4,0,687
2/25/2016 12:00,34754.5,25,12.89,0.45,0.49,0,704
2/25/2016 13:00,34754.55,25,10.07,0.89,4.19,0,653
2/25/2016 14:00,34754.59,23.33,9.31,1.79,5.81,1.93,515
2/25/2016 15:00,34754.63,23.33,8.94,1.79,6.18,2.06,445
2/25/2016 16:00,34754.67,22.78,10.84,0.89,4.66,2.19,213
2/25/2016 17:00,34754.71,18.89,9.05,0.45,0.87,2.31,45
2/25/2016 18:00,34754.76,17.22,8.31,1.79,1.33,2.44,8
2/25/2016 19:00,34754.8,15.56,7.01,2.24,1.69,2.57,8
2/25/2016 20:00,34754.84,15,7.72,2.68,1.43,2.7,7
2/25/2016 21:00,34754.88,14.44,8.12,4.47,1.48,2.83,7
2/25/2016 22:00,34754.92,13.89,7.81,3.13,1.69,2.96,7
2/25/2016 23:00,34754.97,12.78,6.08,2.24,1.54,0,8
2/26/2016 0:00,34755,12.78,6.97,4.02,1.75,3.22,7
2/26/2016 1:00,34755.04,11.67,5.9,3.58,1.57,3.34,7
2/26/2016 2:00,34755.08,12.22,6,3.58,1.61,3.47,7
2/26/2016 3:00,34755.13,11.11,4.94,3.58,1.64,3.6,7
2/26/2016 4:00,34755.17,11.67,5.47,3.13,1.69,3.73,7
2/26/2016 5:00,34755.21,11.67,4.79,2.68,1.5,3.86,7
2/26/2016 6:00,34755.25,10.56,3.74,2.68,1.48,3.99,13
2/26/2016 7:00,34755.29,13.33,5.66,2.68,1.97,4.12,159
2/26/2016 8:00,34755.34,13.89,5.94,1.79,1.71,4.24,198
2/26/2016 9:00,34755.38,18.89,9.33,0.89,6.13,4.37,470
2/26/2016 10:00,34755.42,21.67,10.14,0.89,0.99,4.5,627
2/26/2016 11:00,34755.46,23.89,11.87,0.89,0.54,4.63,659
2/26/2016 12:00,34755.5,25.56,12.73,0.45,3.4,4.76,590
2/26/2016 13:00,34755.55,25.56,11.68,1.79,4.17,0.94,634
2/26/2016 14:00,34755.59,24.44,9.57,1.34,4.82,5.07,443
2/26/2016 15:00,34755.63,23.33,7.79,0.45,6.06,4.92,255
2/26/2016 16:00,34755.67,21.11,8,3.13,5.71,4.76,149
2/26/2016 17:00,34755.71,19.44,8.09,2.68,5.85,4.61,34
2/26/2016 18:00,34755.76,18.33,8.25,2.24,0.37,4.46,7
2/26/2016 19:00,34755.8,18.33,8.53,0.89,5.62,4.3,7
2/26/2016 20:00,34755.84,15.56,7.26,1.34,0.7,4.15,7
2/26/2016 21:00,34755.88,13.33,7.06,1.79,2.25,4,7
2/26/2016 22:00,34755.92,13.33,7.28,1.79,0.52,3.84,7
2/26/2016 23:00,34755.97,13.33,7.28,3.58,1.57,3.09,7
2/27/2016 0:00,34756,12.22,6.43,0.45,2.71,3.54,7
2/27/2016 1:00,34756.04,11.11,6.4,1.34,1.54,3.38,7
2/27/2016 2:00,34756.08,11.11,6.8,2.68,1.5,3.23,7
2/27/2016 3:00,34756.13,8.89,5.22,1.34,4.49,3.08,7
2/27/2016 4:00,34756.17,10,6.49,1.34,0.91,2.92,6
2/27/2016 5:00,34756.21,11.11,6.6,1.79,2.15,2.77,7
2/27/2016 6:00,34756.25,8.33,5.41,0.89,6.07,2.62,21
2/27/2016 7:00,34756.29,11.11,7.76,1.79,1.61,2.46,116
2/27/2016 8:00,34756.34,15.56,10.7,3.58,2.41,2.31,325
2/27/2016 9:00,34756.38,15.56,10.9,1.34,3.49,2.16,476
2/27/2016 10:00,34756.42,17.22,11.44,0.45,4.15,2.01,607
2/27/2016 11:00,34756.46,20,13.18,0.45,4.57,1.85,673
2/27/2016 12:00,34756.5,21.11,13.01,2.24,3.86,1.7,683
2/27/2016 13:00,34756.55,22.78,14.06,1.34,4.45,1.46,633
2/27/2016 14:00,34756.59,20.56,12.74,0.89,0.17,1.19,531
2/27/2016 15:00,34756.63,22.78,15.09,0.89,4.83,1.44,376
2/27/2016 16:00,34756.67,18.89,11.89,1.34,6,1.69,191
2/27/2016 17:00,34756.71,16.11,10.16,0.89,5.31,1.94,47
2/27/2016 18:00,34756.76,16.11,11.23,1.34,6.07,2.19,7
2/27/2016 19:00,34756.8,15,10.36,0.45,0.23,2.44,7
2/27/2016 20:00,34756.84,13.33,9.54,1.79,1.5,2.69,7
2/27/2016 21:00,34756.88,13.89,10.08,0.89,1.71,2.94,7
2/27/2016 22:00,34756.92,12.78,9.57,2.24,1.59,3.19,7
2/27/2016 23:00,34756.97,12.22,7.07,1.79,1.52,3.69,7
2/28/2016 0:00,34757,12.22,9.21,1.34,1.52,3.69,6
2/28/2016 1:00,34757.04,11.67,9.03,2.24,1.66,3.94,6
2/28/2016 2:00,34757.08,11.11,8.66,2.68,1.95,4.2,7
2/28/2016 3:00,34757.13,10.56,7.94,1.34,1.47,4.45,7
2/28/2016 4:00,34757.17,10,7.91,1.34,2.44,4.7,7
2/28/2016 5:00,34757.21,9.44,7.19,1.34,2.36,4.95,6
2/28/2016 6:00,34757.25,10.56,8.46,2.68,1.54,5.2,18
2/28/2016 7:00,34757.29,11.67,8.67,2.68,1.5,5.45,126
2/28/2016 8:00,34757.34,12.78,9.75,1.34,4.57,5.7,230
2/28/2016 9:00,34757.38,15,11.74,1.34,4.22,5.95,328
2/28/2016 10:00,34757.42,16.67,12.78,1.34,6.04,6.2,464
2/28/2016 11:00,34757.46,18.89,14.74,0.45,0.59,6.45,538
2/28/2016 12:00,34757.5,18.33,12.73,1.34,4.03,6.7,496
2/28/2016 13:00,34757.55,21.67,14.04,2.68,3.65,6.34,477
2/28/2016 14:00,34757.59,21.11,12.75,0.45,4.19,7.59,338
2/28/2016 15:00,34757.63,20,11.18,0.89,5.79,7.27,256
2/28/2016 16:00,34757.67,17.78,11.3,1.79,5.88,6.95,151
2/28/2016 17:00,34757.71,15.56,10.9,0.45,4.33,6.63,41
2/28/2016 18:00,34757.76,15,10.77,1.34,4.75,6.31,7
2/28/2016 19:00,34757.8,13.33,9.54,1.79,1.88,5.99,7
2/28/2016 20:00,34757.84,12.78,9.19,1.34,1.4,5.68,7
2/28/2016 21:00,34757.88,13.33,9.92,1.34,2.3,5.36,7
2/28/2016 22:00,34757.92,12.78,9.57,0.45,1.15,5.04,7
2/28/2016 23:00,34757.97,12.22,9.21,1.34,2.2,3.44,6
2/29/2016 0:00,34758,11.11,8.3,2.24,1.57,4.4,7
2/29/2016 1:00,34758.04,11.67,8.85,2.24,2.23,4.08,7
2/29/2016 2:00,34758.08,11.11,8.3,0.89,1.62,3.76,8
2/29/2016 3:00,34758.13,11.11,8.3,1.79,1.55,3.45,8
2/29/2016 4:00,34758.17,11.11,8.48,3.58,1.83,3.13,8
2/29/2016 5:00,34758.21,11.11,8.3,2.24,1.9,2.81,8
2/29/2016 6:00,34758.25,10,7.39,2.68,1.59,2.49,16
2/29/2016 7:00,34758.29,11.67,8.3,3.13,1.54,2.17,153
2/29/2016 8:00,34758.34,12.78,9.38,0.45,4.28,1.85,284
2/29/2016 9:00,34758.38,16.67,12.58,0.89,4.28,1.53,496
2/29/2016 10:00,34758.42,17.78,12.63,0.89,4,1.22,618
2/29/2016 11:00,34758.46,20.56,14.18,0.89,4.15,0.9,687
2/29/2016 12:00,34758.5,21.67,13.27,1.79,4.24,0.58,703
2/29/2016 13:00,34758.55,23.33,13.19,0.45,2.41,0,657
2/29/2016 14:00,34758.59,21.67,12.2,1.79,6.11,0,545
2/29/2016 15:00,34758.63,20,11.18,2.24,6.02,0.02,308
2/29/2016 16:00,34758.67,21.11,12.22,0.89,5.81,0.04,253
2/29/2016 17:00,34758.71,17.22,9.83,0.89,5.46,0.06,45
2/29/2016 18:00,34758.76,15.56,8.95,0.89,5.92,0.07,7
2/29/2016 19:00,34758.8,15,9.53,2.24,1.73,0.09,7
2/29/2016 20:00,34758.84,15,9.53,4.02,2.04,0.11,7
2/29/2016 21:00,34758.88,13.89,9.09,2.68,1.61,0.13,7
2/29/2016 22:00,34758.92,14.44,9.83,2.68,1.43,0.15,7
2/29/2016 23:00,34758.97,11.67,8.85,0.89,1.8,4.72,7
3/1/2016 0:00,34759,13.33,9.15,1.79,1.41,0.19,7
3/1/2016 1:00,34759.04,12.78,9,3.58,1.64,0.2,7
3/1/2016 2:00,34759.08,12.78,9.19,3.13,1.61,0.22,7
3/1/2016 3:00,34759.13,12.22,8.84,3.13,1.76,0.24,7
3/1/2016 4:00,34759.17,12.22,8.84,4.02,1.54,0.26,7
3/1/2016 5:00,34759.21,12.22,8.65,3.58,1.5,0.28,7
3/1/2016 6:00,34759.25,11.67,8.11,4.02,1.66,0.3,14
3/1/2016 7:00,34759.29,13.33,9.54,3.13,1.5,0.32,96
3/1/2016 8:00,34759.34,15,9.95,2.24,1.48,0.33,278
3/1/2016 9:00,34759.38,18.89,12.13,0.89,5.95,0.35,477
3/1/2016 10:00,34759.42,20.56,13.71,1.34,5.86,0.37,604
3/1/2016 11:00,34759.46,23.89,15.1,0.45,6.04,0.39,681
3/1/2016 12:00,34759.5,25,15.32,0,6.27,0.41,708
3/1/2016 13:00,34759.55,24.44,13.63,0.89,4.8,0,669
3/1/2016 14:00,34759.59,24.44,14.51,1.79,6.07,0,560
3/1/2016 15:00,34759.63,25,14.14,1.34,5.74,0.2,412
3/1/2016 16:00,34759.67,23.89,13.41,0.45,5.67,0.39,229
3/1/2016 17:00,34759.71,21.11,11.68,0.89,6.11,0.59,54
3/1/2016 18:00,34759.76,18.89,11.41,1.34,1.06,0.78,8
3/1/2016 19:00,34759.8,17.78,10.83,1.79,1.59,0.98,7
3/1/2016 20:00,34759.84,15.56,9.63,2.68,1.12,1.17,7
3/1/2016 21:00,34759.88,15.56,10.28,3.13,1.57,1.37,7
3/1/2016 22:00,34759.92,13.89,8.88,3.58,1.34,1.57,7
3/1/2016 23:00,34759.97,13.33,9.15,2.24,1.43,0.17,7
3/2/2016 0:00,34760,12.78,8.01,2.24,1.69,1.96,7
3/2/2016 1:00,34760.04,12.22,7.68,3.13,1.26,2.15,7
3/2/2016 2:00,34760.08,12.22,6.65,1.34,1.78,2.35,7
3/2/2016 3:00,34760.13,11.11,6.4,1.79,1.48,2.55,7
3/2/2016 4:00,34760.17,12.22,6.65,2.68,1.54,2.74,7
3/2/2016 5:00,34760.21,12.22,5.32,0.89,6.09,2.94,7
3/2/2016 6:00,34760.25,11.11,5.15,1.34,1.47,3.13,14
3/2/2016 7:00,34760.29,14.44,8.34,0.45,1.33,3.33,166
3/2/2016 8:00,34760.34,17.22,10.77,0.89,2.02,3.52,345
3/2/2016 9:00,34760.38,20.56,12.48,0.89,3.44,3.72,499
3/2/2016 10:00,34760.42,20,11.7,0.89,1.47,3.92,633
3/2/2016 11:00,34760.46,21.11,11.4,0.45,0.73,4.11,720
3/2/2016 12:00,34760.5,22.78,12.67,0.45,1.5,4.31,627
3/2/2016 13:00,34760.55,25,12.89,0.45,3.63,3.34,611
3/2/2016 14:00,34760.59,25,11.88,0.89,2.67,1.61,543
3/2/2016 15:00,34760.63,25.56,12.04,1.34,2.11,1.78,345
3/2/2016 16:00,34760.67,21.67,9.82,2.24,1.68,1.95,148
3/2/2016 17:00,34760.71,20,8.91,2.24,1.61,2.12,39
3/2/2016 18:00,34760.76,17.78,7.73,2.24,1.61,2.29,7
3/2/2016 19:00,34760.8,17.22,8.83,1.34,1.52,2.46,7
3/2/2016 20:00,34760.84,15,8.42,2.24,1.13,2.63,7
3/2/2016 21:00,34760.88,15,8.65,2.68,1.57,2.8,7
3/2/2016 22:00,34760.92,15.56,8.95,4.47,1.48,2.97,7
3/2/2016 23:00,34760.97,14.44,9.42,3.58,1.57,1.76,7
3/3/2016 0:00,34761,13.89,6.67,1.79,1.9,3.31,7
3/3/2016 1:00,34761.04,13.33,6.14,1.79,1.88,3.48,7
3/3/2016 2:00,34761.08,10.56,4.62,1.34,2.15,3.65,7
3/3/2016 3:00,34761.13,11.11,4.72,3.13,1.92,3.82,7
3/3/2016 4:00,34761.17,12.78,4.9,4.02,1.59,3.99,7
3/3/2016 5:00,34761.21,8.33,3.72,1.79,4.54,4.16,7
3/3/2016 6:00,34761.25,8.89,5.59,0.89,1.97,4.33,16
3/3/2016 7:00,34761.29,12.22,7.68,3.13,1.33,4.5,116
3/3/2016 8:00,34761.34,16.11,9.48,2.68,1.94,4.67,263
3/3/2016 9:00,34761.38,19.44,9.84,1.79,2.55,4.84,496
3/3/2016 10:00,34761.42,20.56,10.88,0.45,3.77,5.01,576
3/3/2016 11:00,34761.46,19.44,11.93,1.34,5.1,5.18,573
3/3/2016 12:00,34761.5,20.56,10.88,1.79,0.02,5.35,584
3/3/2016 13:00,34761.55,21.67,11.05,0.45,5.9,4.22,586
3/3/2016 14:00,34761.59,21.67,11.35,0.45,4.59,6.23,416
3/3/2016 15:00,34761.63,23.33,11.36,0.45,5.81,6.26,334
3/3/2016 16:00,34761.67,21.11,10.54,0.45,3.6,6.28,188
3/3/2016 17:00,34761.71,18.33,9.61,0.45,5.86,6.31,37
3/3/2016 18:00,34761.76,16.67,8.56,0.45,0.05,6.33,7
3/3/2016 19:00,34761.8,16.67,10.24,0.45,4.69,6.36,7
3/3/2016 20:00,34761.84,15.56,10.06,1.79,0.96,6.38,7
3/3/2016 21:00,34761.88,16.11,10.38,1.79,2.11,6.41,7
3/3/2016 22:00,34761.92,17.78,10.35,5.36,1.57,6.44,7
3/3/2016 23:00,34761.97,13.89,6.9,3.58,1.73,3.14,7
3/4/2016 0:00,34762,15,9.95,3.13,3.82,6.49,7
3/4/2016 1:00,34762.04,12.78,8.61,1.34,0.49,6.51,7
3/4/2016 2:00,34762.08,12.78,9.19,2.24,1.22,6.54,6
3/4/2016 3:00,34762.13,12.78,8.81,3.13,1.59,6.56,7
3/4/2016 4:00,34762.17,12.22,8.07,2.68,2.02,6.59,7
3/4/2016 5:00,34762.21,13.33,9.35,1.34,1.22,6.61,7
3/4/2016 6:00,34762.25,12.22,8.65,2.24,1.69,6.64,26
3/4/2016 7:00,34762.29,14.44,10.03,1.34,1.83,6.67,138
3/4/2016 8:00,34762.34,16.11,11.23,1.34,1.75,6.69,281
3/4/2016 9:00,34762.38,22.22,14.81,0.89,2.08,6.72,523
3/4/2016 10:00,34762.42,22.22,14.06,1.34,4.14,6.74,611
3/4/2016 11:00,34762.46,22.22,13.53,0.89,3.89,6.77,636
3/4/2016 12:00,34762.5,21.11,11.68,1.34,3.58,6.79,505
3/4/2016 13:00,34762.55,21.67,11.92,1.34,3.54,8.09,383
3/4/2016 14:00,34762.59,21.11,11.12,0.89,0.3,9.61,224
3/4/2016 15:00,34762.63,20,10.91,0.45,0.59,9.63,133
3/4/2016 16:00,34762.67,18.89,10.66,0.45,5.65,9.65,77
3/4/2016 17:00,34762.71,17.78,11.53,1.79,2.23,9.66,23
3/4/2016 18:00,34762.76,17.78,10.59,0.89,3.84,9.68,7
3/4/2016 19:00,34762.8,13.89,10.27,7.15,5.85,9.7,6
3/4/2016 20:00,34762.84,13.89,10.65,6.26,1.2,9.72,6
3/4/2016 21:00,34762.88,15,11.36,4.47,0.99,9.73,6
3/4/2016 22:00,34762.92,15.56,10.9,3.13,1.9,9.75,6
3/4/2016 23:00,34762.97,15.56,8.48,1.79,4.49,6.46,7
3/5/2016 0:00,34763,15.56,10.06,0.89,3.02,9.79,6
3/5/2016 1:00,34763.04,14.44,9.21,2.24,1.88,9.81,6
3/5/2016 2:00,34763.08,15,10.16,2.24,1.76,9.82,6
3/5/2016 3:00,34763.13,15,9.95,1.79,1.43,9.84,6
3/5/2016 4:00,34763.17,14.44,10.23,2.24,1.99,9.86,6
3/5/2016 5:00,34763.21,14.44,10.82,3.58,2.36,9.88,6
3/5/2016 6:00,34763.25,13.89,10.46,2.24,2.11,9.89,10
3/5/2016 7:00,34763.29,15,11.74,4.47,1.41,9.91,54
3/5/2016 8:00,34763.34,16.67,12.38,1.34,2.71,9.93,107
3/5/2016 9:00,34763.38,17.22,12.72,0.89,2.67,9.95,223
3/5/2016 10:00,34763.42,17.22,13.32,0.45,2.25,9.96,120
3/5/2016 11:00,34763.46,18.33,14.8,3.58,2.64,9.98,190
3/5/2016 12:00,34763.5,16.11,13.2,1.34,3.84,10,183
3/5/2016 13:00,34763.55,16.67,12.78,3.58,2.25,10,203
3/5/2016 14:00,34763.59,15.56,11.9,4.47,2.34,10,129
3/5/2016 15:00,34763.63,16.67,12.98,4.92,2.18,9.55,81
3/5/2016 16:00,34763.67,15,11.36,2.68,2.5,9.09,47
3/5/2016 17:00,34763.71,13.89,11.02,5.36,2.18,8.64,8
3/5/2016 18:00,34763.76,13.89,11.02,4.02,2.41,8.18,6
3/5/2016 19:00,34763.8,14.44,11.57,5.81,2.04,7.73,6
3/5/2016 20:00,34763.84,13.89,10.46,6.71,2.11,7.27,6
3/5/2016 21:00,34763.88,14.44,11.38,3.58,3.04,6.82,6
3/5/2016 22:00,34763.92,13.33,10.66,4.02,2.55,6.36,6
3/5/2016 23:00,34763.97,15.56,10.49,2.24,1.54,9.77,6
3/6/2016 0:00,34764,12.78,10.65,5.36,2.09,5.45,6
3/6/2016 1:00,34764.04,12.78,10.82,5.81,2.44,5,6
3/6/2016 2:00,34764.08,11.67,9.55,2.24,2.48,4.55,6
3/6/2016 3:00,34764.13,12.22,10.1,1.34,1.82,4.09,6
3/6/2016 4:00,34764.17,10,7.57,0.89,4.64,3.64,6
3/6/2016 5:00,34764.21,10,7.91,0.45,3.87,3.18,7
3/6/2016 6:00,34764.25,10.56,8.46,0.89,4.12,2.73,12
3/6/2016 7:00,34764.29,10.56,8.29,0.89,0.31,2.27,79
3/6/2016 8:00,34764.34,12.78,8.01,3.13,5.93,1.82,369
3/6/2016 9:00,34764.38,15,8.65,3.58,6.16,1.36,543
3/6/2016 10:00,34764.42,16.11,8.77,0.89,4.69,0.91,658
3/6/2016 11:00,34764.46,16.67,7.52,0.89,4.97,0.45,734
3/6/2016 12:00,34764.5,18.33,9.08,0.89,4.96,0,742
3/6/2016 13:00,34764.55,18.33,7.67,1.34,4.66,0,700
3/6/2016 14:00,34764.59,19.44,8.7,1.34,4.64,0,605
3/6/2016 15:00,34764.63,17.78,7.73,1.79,5.39,0.44,426
3/6/2016 16:00,34764.67,16.11,6.46,0.45,0.38,0.89,183
3/6/2016 17:00,34764.71,13.89,4.39,0.45,1.71,1.33,47
3/6/2016 18:00,34764.76,13.89,5.18,2.24,1.61,1.78,7
3/6/2016 19:00,34764.8,12.22,4.61,2.68,1.78,2.22,7
3/6/2016 20:00,34764.84,12.22,3.88,2.68,2.39,2.66,7
3/6/2016 21:00,34764.88,11.67,3.6,3.58,2.08,3.11,7
3/6/2016 22:00,34764.92,11.67,3.6,3.13,2.41,3.55,7
3/6/2016 23:00,34764.97,12.78,10.65,1.79,3.6,5.91,6
3/7/2016 0:00,34765,10.56,4.19,1.34,2.48,4.44,7
3/7/2016 1:00,34765.04,11.11,5.15,6.26,2.15,4.88,7
3/7/2016 2:00,34765.08,10,4.31,2.24,2.44,5.33,7
3/7/2016 3:00,34765.13,7.78,3.76,3.58,2.02,5.77,7
3/7/2016 4:00,34765.17,8.33,5.05,3.58,2.41,6.21,7
3/7/2016 5:00,34765.21,8.33,5.41,4.47,2.06,6.66,7
3/7/2016 6:00,34765.25,6.11,3.58,2.24,5.78,7.1,8
3/7/2016 7:00,34765.29,6.11,3.41,1.79,0.05,7.55,50
3/7/2016 8:00,34765.34,7.78,4.5,4.02,0.45,7.99,94
3/7/2016 9:00,34765.38,8.33,4.86,3.13,1.4,8.43,122
3/7/2016 10:00,34765.42,8.89,5.03,3.13,1.88,8.88,212
3/7/2016 11:00,34765.46,10,6.3,1.34,2.36,9.32,287
3/7/2016 12:00,34765.5,10,5.73,1.34,0.86,9.77,279
3/7/2016 13:00,34765.55,11.67,6.74,1.34,0.54,6.34,502
3/7/2016 14:00,34765.59,12.22,7.07,0.89,0.05,7.2,380
3/7/2016 15:00,34765.63,10,5.13,0.89,4.57,7.2,189
3/7/2016 16:00,34765.67,8.89,5.22,1.79,4.57,7.19,114
3/7/2016 17:00,34765.71,9.44,5.95,1.34,5.32,7.19,36
3/7/2016 18:00,34765.76,9.44,6.31,0.89,4.78,7.19,7
3/7/2016 19:00,34765.8,8.89,5.95,0.89,4.97,7.19,7
3/7/2016 20:00,34765.84,7.22,4.84,1.34,4.66,7.19,7
3/7/2016 21:00,34765.88,7.22,5.01,0.89,4.68,7.19,7
3/7/2016 22:00,34765.92,7.78,5.56,0.89,4.97,7.18,7
3/7/2016 23:00,34765.97,12.22,4.37,2.68,2.5,4,7
3/8/2016 0:00,34766,8.33,6.27,0.89,3.96,7.18,7
3/8/2016 1:00,34766.04,7.22,5.34,0.45,4.35,7.18,7
3/8/2016 2:00,34766.08,8.33,6.44,2.24,1.82,7.18,7
3/8/2016 3:00,34766.13,7.78,5.38,1.34,2.22,7.18,7
3/8/2016 4:00,34766.17,7.22,4.84,1.34,2.32,7.18,7
3/8/2016 5:00,34766.21,7.78,5.21,1.79,1.1,7.17,7
3/8/2016 6:00,34766.25,7.78,5.21,2.68,1.73,7.17,18
3/8/2016 7:00,34766.29,10.56,7.03,2.24,2.41,7.17,232
3/8/2016 8:00,34766.34,12.78,8.22,1.34,2.71,7.17,359
3/8/2016 9:00,34766.38,12.78,8.01,3.13,2.46,7.17,367
3/8/2016 10:00,34766.42,13.33,7.71,0.89,4.43,7.17,627
3/8/2016 11:00,34766.46,15,8.19,0.45,0.17,7.16,569
3/8/2016 12:00,34766.5,15.56,8.25,0.45,3.75,7.16,492
3/8/2016 13:00,34766.55,16.11,8.04,0.45,0.05,6.09,519
3/8/2016 14:00,34766.59,16.67,7.79,0,5.81,3.65,527
3/8/2016 15:00,34766.63,17.78,8.83,0.89,2.08,3.59,445
3/8/2016 16:00,34766.67,15,6.99,0.45,5.38,3.53,153
3/8/2016 17:00,34766.71,12.78,5.85,2.24,5.78,3.47,50
3/8/2016 18:00,34766.76,12.22,6.22,1.34,0.3,3.41,8
3/8/2016 19:00,34766.8,12.22,6.43,0.89,0.26,3.35,8
3/8/2016 20:00,34766.84,11.67,6.74,1.79,1.59,3.29,8
3/8/2016 21:00,34766.88,11.11,6.6,1.34,1.69,3.23,8
3/8/2016 22:00,34766.92,11.67,7.34,0.89,1.27,3.17,8
3/8/2016 23:00,34766.97,8.33,6.1,0.89,1.41,7.18,7
3/9/2016 0:00,34767,10,6.11,0.45,4.75,3.05,8
3/9/2016 1:00,34767.04,10.56,7.03,1.79,1.83,2.99,7
3/9/2016 2:00,34767.08,10,6.85,2.24,1.5,2.93,7
3/9/2016 3:00,34767.13,10,7.04,3.58,1.47,2.87,6
3/9/2016 4:00,34767.17,8.89,5.95,2.68,1.83,2.81,7
3/9/2016 5:00,34767.21,8.33,5.76,2.24,1.88,2.75,7
3/9/2016 6:00,34767.25,9.44,6.85,2.24,1.48,2.69,21
3/9/2016 7:00,34767.29,12.22,8.65,1.79,1.88,2.63,193
3/9/2016 8:00,34767.34,14.44,9.62,4.02,2.39,2.57,384
3/9/2016 9:00,34767.38,17.78,11.53,2.24,2.43,2.51,540
3/9/2016 10:00,34767.42,17.22,10.07,1.34,3.11,2.45,652
3/9/2016 11:00,34767.46,18.33,10.63,1.34,4.59,2.39,716
3/9/2016 12:00,34767.5,20.56,11.97,0.45,3,2.34,716
3/9/2016 13:00,34767.55,20.56,10.88,1.34,4.17,2.91,650
3/9/2016 14:00,34767.59,21.11,10.83,0.89,6.25,4.05,519
3/9/2016 15:00,34767.63,20,10.36,0.45,6.21,3.88,378
3/9/2016 16:00,34767.67,18.89,10.14,0.45,4.05,3.71,169
3/9/2016 17:00,34767.71,16.11,8.04,1.34,2.08,3.54,50
3/9/2016 18:00,34767.76,15.56,8.25,2.24,1.52,3.37,8
3/9/2016 19:00,34767.8,15,9.09,2.24,1.61,3.2,7
3/9/2016 20:00,34767.84,14.44,8.99,3.13,1.57,3.03,7
3/9/2016 21:00,34767.88,13.89,9.09,2.68,1.43,2.86,8
3/9/2016 22:00,34767.92,13.33,9.15,2.68,1.55,2.69,7
3/9/2016 23:00,34767.97,10.56,6.07,0.89,4.1,3.11,8
3/10/2016 0:00,34768,11.67,8.11,2.68,1.78,2.35,7
3/10/2016 1:00,34768.04,12.22,8.84,1.79,1.5,2.18,8
3/10/2016 2:00,34768.08,11.11,7.76,2.24,1.73,2,8
3/10/2016 3:00,34768.13,10.56,7.4,3.13,1.48,1.83,8
3/10/2016 4:00,34768.17,11.67,8.48,3.58,1.5,1.66,8
3/10/2016 5:00,34768.21,11.67,7.54,0.89,2.72,1.49,8
3/10/2016 6:00,34768.25,11.67,8.3,3.58,1.83,1.32,27
3/10/2016 7:00,34768.29,13.89,9.69,2.68,1.97,1.15,199
3/10/2016 8:00,34768.34,18.89,12.13,0.45,1.68,0.98,391
3/10/2016 9:00,34768.38,22.22,13.8,0.89,3.75,0.81,563
3/10/2016 10:00,34768.42,20.56,11.7,2.24,4.64,0.64,673
3/10/2016 11:00,34768.46,22.78,12.38,2.68,1.12,0.47,747
3/10/2016 12:00,34768.5,23.33,12.89,1.79,2.58,0.3,746
3/10/2016 13:00,34768.55,26.67,14.09,0.45,2.65,1.69,679
3/10/2016 14:00,34768.59,26.11,14.23,0.89,3.91,3.2,546
3/10/2016 15:00,34768.63,23.33,11.67,0.45,2.93,3.51,224
3/10/2016 16:00,34768.67,21.67,11.35,2.24,1.9,3.82,114
3/10/2016 17:00,34768.71,20,9.8,1.79,1.2,4.13,37
3/10/2016 18:00,34768.76,18.33,9.87,1.34,4.49,4.44,8
3/10/2016 19:00,34768.8,16.67,10.47,0.89,4.57,4.75,7
3/10/2016 20:00,34768.84,16.67,10.01,2.24,1.88,5.06,6
3/10/2016 21:00,34768.88,17.22,10.77,1.34,4.29,5.37,6
3/10/2016 22:00,34768.92,15.56,10.06,0.45,4.49,5.68,6
3/10/2016 23:00,34768.97,13.33,9.35,3.13,1.5,2.52,7
3/11/2016 0:00,34769,14.44,8.12,3.13,2.23,6.29,6
3/11/2016 1:00,34769.04,16.11,8.77,4.02,2.44,6.6,6
3/11/2016 2:00,34769.08,15.56,7.26,3.58,2.16,6.91,6
3/11/2016 3:00,34769.13,15,6.99,1.34,2.93,7.22,7
3/11/2016 4:00,34769.17,15,6.23,1.79,2.51,7.53,7
3/11/2016 5:00,34769.21,15,5.15,3.58,2.2,7.84,7
3/11/2016 6:00,34769.25,16.11,5.9,3.58,2.41,8.15,18
3/11/2016 7:00,34769.29,16.11,7,0.89,3.07,8.46,99
3/11/2016 8:00,34769.34,15.56,4.81,1.79,3.6,8.76,133
3/11/2016 9:00,34769.38,16.11,5.02,0.45,1.2,9.07,98
3/11/2016 10:00,34769.42,14.44,4.63,0.89,4.12,9.38,61
3/11/2016 11:00,34769.46,11.67,5.24,3.13,2.25,9.69,42
3/11/2016 12:00,34769.5,11.11,6.8,3.58,2.41,10,56
3/11/2016 13:00,34769.55,11.11,7.57,1.34,3.86,10,90
3/11/2016 14:00,34769.59,10.56,7.4,5.36,2.2,10,64
3/11/2016 15:00,34769.63,7.22,3.96,1.79,2.74,9.72,67
3/11/2016 16:00,34769.67,8.89,5.22,5.36,1.45,9.44,13
3/11/2016 17:00,34769.71,9.44,4.8,7.15,1.41,9.16,23
3/11/2016 18:00,34769.76,8.89,3.86,5.36,1.1,8.89,7
3/11/2016 19:00,34769.8,9.44,3.77,5.36,1.47,8.61,7
3/11/2016 20:00,34769.84,8.33,3.33,1.79,4.42,8.33,7
3/11/2016 21:00,34769.88,7.22,3.78,0.89,4.68,8.05,7
3/11/2016 22:00,34769.92,8.89,5.77,3.58,1.24,7.77,7
3/11/2016 23:00,34769.97,15,9.74,0.89,2.36,5.98,6
3/12/2016 0:00,34770,8.33,5.58,0.45,2.48,7.22,7
3/12/2016 1:00,34770.04,8.33,5.93,2.68,1.92,6.94,7
3/12/2016 2:00,34770.08,7.22,5.01,1.79,1.92,6.66,7
3/12/2016 3:00,34770.13,7.22,5.18,0.89,4.05,6.38,7
3/12/2016 4:00,34770.17,7.22,5.18,0.89,4.15,6.1,7
3/12/2016 5:00,34770.21,8.33,6.1,3.13,1.33,5.82,7
3/12/2016 6:00,34770.25,8.33,6.27,2.68,1.47,5.54,50
3/12/2016 7:00,34770.29,8.89,6.48,1.34,1.52,5.27,212
3/12/2016 8:00,34770.34,10.56,7.76,0.45,2.02,4.99,165
3/12/2016 9:00,34770.38,13.33,9.54,1.34,3.7,4.71,289
3/12/2016 10:00,34770.42,12.78,8.22,1.79,1.01,4.43,364
3/12/2016 11:00,34770.46,15,9.53,0.89,4.01,4.15,555
3/12/2016 12:00,34770.5,16.67,10.91,0.89,4.63,3.87,681
3/12/2016 13:00,34770.55,17.78,10.83,1.34,0.94,0,704
3/12/2016 14:00,34770.59,16.11,8.29,0.89,4.64,4.56,513
3/12/2016 15:00,34770.63,16.67,8.56,0.89,3.98,4.79,321
3/12/2016 16:00,34770.67,15.56,7.76,0.45,5.52,5.02,208
3/12/2016 17:00,34770.71,12.22,5.55,0.89,2.41,5.25,54
3/12/2016 18:00,34770.76,10.56,4.62,0.45,2.15,5.48,7
3/12/2016 19:00,34770.8,12.22,6.43,1.34,1.55,5.71,7
3/12/2016 20:00,34770.84,11.67,7.34,1.34,1.87,5.94,7
3/12/2016 21:00,34770.88,11.11,7.38,2.24,1.66,6.17,7
3/12/2016 22:00,34770.92,11.11,7.38,2.24,1.66,6.4,7
3/12/2016 23:00,34770.97,8.89,5.77,1.79,1.69,7.49,7
3/13/2016 0:00,34771,10.56,7.03,1.34,2.44,6.87,7
3/13/2016 1:00,34771.04,9.3,7.8,1.6,1.71,7.1,0
3/13/2016 2:00,34771.08,10.56,7.03,1.34,2.44,7.33,7
3/13/2016 3:00,34771.13,11.11,7.57,2.68,1.61,7.56,7
3/13/2016 4:00,34771.17,10.56,6.84,2.24,1.31,7.79,7
3/13/2016 5:00,34771.21,10.56,7.03,2.24,1.62,8.02,7
3/13/2016 6:00,34771.25,10.56,7.03,3.13,1.59,8.25,7
3/13/2016 7:00,34771.29,11.11,6.8,3.58,2.08,8.48,14
3/13/2016 8:00,34771.34,11.67,8.3,0.45,3.68,8.71,56
3/13/2016 9:00,34771.38,11.67,8.11,1.34,2.62,8.94,127
3/13/2016 10:00,34771.42,12.78,9,2.68,2.16,9.17,162
3/13/2016 11:00,34771.46,14.44,10.03,2.68,2.01,9.4,293
3/13/2016 12:00,34771.5,14.44,9.42,2.68,4.07,9.63,301
3/13/2016 13:00,34771.55,13.33,8.75,2.24,2.44,10,230
3/13/2016 14:00,34771.59,12.78,8.81,2.24,2.23,10,154
3/13/2016 15:00,34771.63,12.78,9.75,3.13,2.13,9.77,92
3/13/2016 16:00,34771.67,12.78,10.29,2.24,2.55,9.54,76
3/13/2016 17:00,34771.71,11.67,9.38,2.68,2.69,9.31,43
3/13/2016 18:00,34771.76,11.67,9.03,3.58,2.08,9.08,18
3/13/2016 19:00,34771.8,12.78,9.57,3.58,2.18,8.85,7
3/13/2016 20:00,34771.84,11.67,8.48,1.79,2.43,8.62,7
3/13/2016 21:00,34771.88,12.22,8.84,2.68,2.5,8.39,7
3/13/2016 22:00,34771.92,13.33,9.54,1.79,2.37,8.16,7
3/13/2016 23:00,34771.97,10,6.67,2.24,1.8,6.63,7
3/14/2016 0:00,34772,13.33,9.73,4.02,1.87,7.7,7
3/14/2016 1:00,34772.04,12.78,8.81,2.68,1.83,7.47,7
3/14/2016 2:00,34772.08,13.33,9.54,2.24,2.08,7.24,7
3/14/2016 3:00,34772.13,12.78,9,1.34,1.8,7.01,7
3/14/2016 4:00,34772.17,11.67,8.48,2.24,1.48,6.78,7
3/14/2016 5:00,34772.21,11.67,8.48,3.13,1.9,6.55,7
3/14/2016 6:00,34772.25,11.67,8.67,0.89,4.76,6.32,7
3/14/2016 7:00,34772.29,12.22,9.75,0.89,0.33,6.09,17
3/14/2016 8:00,34772.34,12.78,9.75,1.34,0.93,5.85,104
3/14/2016 9:00,34772.38,14.44,11.57,1.79,5.39,5.62,186
3/14/2016 10:00,34772.42,17.22,13.12,3.13,5.81,5.39,490
3/14/2016 11:00,34772.46,17.22,11.44,5.36,5.88,5.16,656
3/14/2016 12:00,34772.5,17.22,11.66,5.81,5.74,4.93,642
3/14/2016 13:00,34772.55,18.33,12.51,2.68,4.66,2.34,683
3/14/2016 14:00,34772.59,16.67,10.47,2.68,5.43,0,636
3/14/2016 15:00,34772.63,17.22,10.07,4.92,5.59,0,608
3/14/2016 16:00,34772.67,16.67,9.3,3.58,5.52,0,465
3/14/2016 17:00,34772.71,15,7.48,5.81,5.65,0,265
3/14/2016 18:00,34772.76,12.78,5.14,2.24,5.48,0,78
3/14/2016 19:00,34772.8,11.67,5.24,0.45,4.54,0,8
3/14/2016 20:00,34772.84,10.56,4.41,0.45,5.18,0,7
3/14/2016 21:00,34772.88,10,4.31,0.89,4.75,0,7
3/14/2016 22:00,34772.92,10,4.93,0.89,4.8,0,7
3/14/2016 23:00,34772.97,12.78,9.38,2.68,2.23,7.93,7
3/15/2016 0:00,34773,8.33,4.49,0.89,4.1,0,8
3/15/2016 1:00,34773.04,7.78,4.5,0.89,3.65,0,7
3/15/2016 2:00,34773.08,8.33,5.05,0.45,2.84,0,7
3/15/2016 3:00,34773.13,7.78,4.68,0.89,4.31,0,7
3/15/2016 4:00,34773.17,9.44,6.67,0.89,1.45,0,7
3/15/2016 5:00,34773.21,8.89,6.13,0.45,4.19,0,7
3/15/2016 6:00,34773.25,7.22,4.84,0.89,4.05,0,8
3/15/2016 7:00,34773.29,7.22,5.01,0.89,4,0,36
3/15/2016 8:00,34773.34,8.89,6.13,0.45,4.17,0,183
3/15/2016 9:00,34773.38,11.67,7.92,0.89,4.68,0,408
3/15/2016 10:00,34773.42,15,10.57,1.34,4.54,0,569
3/15/2016 11:00,34773.46,16.11,11.02,0.45,2.74,0,666
3/15/2016 12:00,34773.5,17.78,11.53,0.45,3.82,0,793
3/15/2016 13:00,34773.55,17.78,10.59,1.34,5.97,2.87,674
3/15/2016 14:00,34773.59,20,13.18,0.89,4.71,0,673
3/15/2016 15:00,34773.63,20.56,12.74,1.34,4.5,0.07,577
3/15/2016 16:00,34773.67,20,12.21,2.24,4.87,0.14,371
3/15/2016 17:00,34773.71,17.22,10.07,3.13,5.62,0.22,167
3/15/2016 18:00,34773.76,16.11,8.29,1.79,5.83,0.29,86
3/15/2016 19:00,34773.8,13.33,6.37,0.45,4.89,0.36,9
3/15/2016 20:00,34773.84,13.33,6.37,0.45,3.94,0.43,8
3/15/2016 21:00,34773.88,11.67,5.69,0.45,3.25,0.51,8
3/15/2016 22:00,34773.92,11.11,5.79,0.45,3.21,0.58,8
3/15/2016 23:00,34773.97,8.89,4.65,0.89,4.54,0,8
3/16/2016 0:00,34774,11.11,6.2,0.45,1.76,0.72,8
3/16/2016 1:00,34774.04,9.44,5.19,0.89,2.62,0.79,8
3/16/2016 2:00,34774.08,9.44,5.95,1.79,1.75,0.87,8
3/16/2016 3:00,34774.13,9.44,6.49,2.24,1.94,0.94,8
3/16/2016 4:00,34774.17,10,7.04,2.24,1.87,1.01,8
3/16/2016 5:00,34774.21,9.44,6.67,2.24,1.47,1.08,8
3/16/2016 6:00,34774.25,9.44,6.85,3.13,1.66,1.15,8
3/16/2016 7:00,34774.29,11.11,8.3,2.24,1.57,1.23,46
3/16/2016 8:00,34774.34,12.78,9.38,1.79,1.95,1.3,224
3/16/2016 9:00,34774.38,16.67,11.77,0.45,3.54,1.37,408
3/16/2016 10:00,34774.42,20,13.18,1.34,2.51,1.44,571
3/16/2016 11:00,34774.46,18.89,11.65,0.45,4.24,1.52,678
3/16/2016 12:00,34774.5,19.44,10.92,1.34,4.33,1.59,758
3/16/2016 13:00,34774.55,22.22,12.99,2.24,3.65,0,778
3/16/2016 14:00,34774.59,23.33,12.89,0.89,6.21,0,737
3/16/2016 15:00,34774.63,23.33,13.19,1.79,0.09,0,643
3/16/2016 16:00,34774.67,22.22,12.72,2.68,6.04,0,473
3/16/2016 17:00,34774.71,22.22,12.44,0.45,5.36,0,273
3/16/2016 18:00,34774.76,17.78,9.61,0.89,5.79,0,88
3/16/2016 19:00,34774.8,15.56,8.95,0.89,5.46,0,10
3/16/2016 20:00,34774.84,16.11,10.16,1.34,6.23,0,8
3/16/2016 21:00,34774.88,13.89,9.29,0.89,1.52,0,8
3/16/2016 22:00,34774.92,13.33,9.35,2.24,1.88,0,8
3/16/2016 23:00,34774.97,11.67,6.53,0.89,3.75,0.65,8
3/17/2016 0:00,34775,12.22,9.02,3.13,1.55,0,8
3/17/2016 1:00,34775.04,12.78,9.75,3.13,1.57,0,8
3/17/2016 2:00,34775.08,11.67,8.67,2.24,1.69,0,8
3/17/2016 3:00,34775.13,12.22,9.39,3.58,1.64,0,8
3/17/2016 4:00,34775.17,12.22,9.02,3.58,1.57,0,8
3/17/2016 5:00,34775.21,10.56,7.58,2.68,1.62,0,8
3/17/2016 6:00,34775.25,11.11,8.12,2.68,1.8,0,8
3/17/2016 7:00,34775.29,12.22,8.84,3.13,1.69,0,48
3/17/2016 8:00,34775.34,13.33,9.15,2.24,1.73,0,229
3/17/2016 9:00,34775.38,16.67,10.69,1.34,0.56,0,424
3/17/2016 10:00,34775.42,20.56,13.95,0.89,0.02,0,593
3/17/2016 11:00,34775.46,21.67,14.77,0.45,4.57,0,714
3/17/2016 12:00,34775.5,22.78,13.79,0.89,4.14,0,786
3/17/2016 13:00,34775.55,22.78,13.24,1.34,6.09,0,796
3/17/2016 14:00,34775.59,22.78,14.06,0.89,6.27,0,735
3/17/2016 15:00,34775.63,25,15.6,1.34,5.76,0,629
3/17/2016 16:00,34775.67,24.44,14.51,2.68,5.92,0,475
3/17/2016 17:00,34775.71,23.33,13.47,1.34,4.73,0,284
3/17/2016 18:00,34775.76,20,11.18,0.89,5.2,0,92
3/17/2016 19:00,34775.8,18.33,11.36,0.89,0.24,0,10
3/17/2016 20:00,34775.84,17.78,11.53,1.34,1.03,0,8
3/17/2016 21:00,34775.88,15.56,10.49,1.79,1.41,0,8
3/17/2016 22:00,34775.92,15.56,11.11,2.68,1.61,0,8
3/17/2016 23:00,34775.97,12.78,9.38,3.13,1.92,0,8
3/18/2016 0:00,34776,14.44,10.82,3.58,1.27,0,8
3/18/2016 1:00,34776.04,13.89,10.46,3.58,1.92,0,8
3/18/2016 2:00,34776.08,12.78,9.19,2.68,1.57,0,8
3/18/2016 3:00,34776.13,13.33,9.73,3.58,1.48,0,8
3/18/2016 4:00,34776.17,12.78,9.19,3.13,1.59,0,8
3/18/2016 5:00,34776.21,11.67,8.11,2.68,1.57,0,8
3/18/2016 6:00,34776.25,11.67,7.73,2.68,1.71,0,8
3/18/2016 7:00,34776.29,12.78,8.61,3.13,1.47,0,50
3/18/2016 8:00,34776.34,14.44,9.62,2.24,1.4,0,236
3/18/2016 9:00,34776.38,17.78,12.2,1.34,1.17,0,429
3/18/2016 10:00,34776.42,22.22,15.54,0.89,3.82,0,604
3/18/2016 11:00,34776.46,22.78,14.84,0.89,4.43,0,724
3/18/2016 12:00,34776.5,25.56,14.96,0.45,4.33,0,788
3/18/2016 13:00,34776.55,22.78,12.96,1.79,0.99,0,773
3/18/2016 14:00,34776.59,25.56,14.66,1.79,5.97,0,716
3/18/2016 15:00,34776.63,25.56,13.4,1.79,6.06,0.2,561
3/18/2016 16:00,34776.67,25,12.56,0.45,4.14,0.4,372
3/18/2016 17:00,34776.71,23.89,12.5,0.45,4.42,0.61,240
3/18/2016 18:00,34776.76,20.56,11.7,0.45,4.83,0.81,82
3/18/2016 19:00,34776.8,17.78,10.83,1.34,1.01,1.01,9
3/18/2016 20:00,34776.84,16.67,11.34,0.89,1.15,1.21,8
3/18/2016 21:00,34776.88,16.67,10.91,1.79,1.45,1.41,8
3/18/2016 22:00,34776.92,16.11,11.02,4.02,1.55,1.62,8
3/18/2016 23:00,34776.97,13.89,10.27,3.13,1.66,0,8
3/19/2016 0:00,34777,15,10.57,4.02,1.54,2.02,8
3/19/2016 1:00,34777.04,13.89,9.69,4.02,1.69,2.22,8
3/19/2016 2:00,34777.08,13.33,9.15,4.92,1.62,2.42,7
3/19/2016 3:00,34777.13,14.44,9.62,3.58,1.47,2.62,8
3/19/2016 4:00,34777.17,12.78,8.01,3.13,1.82,2.83,8
3/19/2016 5:00,34777.21,12.78,8.22,1.34,1.29,3.03,8
3/19/2016 6:00,34777.25,12.78,8.22,2.68,1.82,3.23,8
3/19/2016 7:00,34777.29,13.33,8.55,3.58,1.52,3.43,44
3/19/2016 8:00,34777.34,15.56,10.06,1.34,1.68,3.63,234
3/19/2016 9:00,34777.38,19.44,12.42,0.89,4.14,3.84,430
3/19/2016 10:00,34777.42,20,12.46,0.45,3.61,4.04,462
3/19/2016 11:00,34777.46,21.11,13.26,0.89,0.31,4.24,546
3/19/2016 12:00,34777.5,23.89,15.37,0.45,0.4,4.44,682
3/19/2016 13:00,34777.55,26.11,14.87,0.89,2.83,0,740
3/19/2016 14:00,34777.59,26.11,14.55,0.45,5.36,0,692
3/19/2016 15:00,34777.63,25.56,14.04,2.68,6.04,0.09,522
3/19/2016 16:00,34777.67,24.44,13.93,3.13,6,0.18,404
3/19/2016 17:00,34777.71,23.89,13.7,2.24,5.83,0.27,266
3/19/2016 18:00,34777.76,19.44,10.66,1.79,1.26,0.36,42
3/19/2016 19:00,34777.8,18.89,11.16,1.34,1.55,0.45,8
3/19/2016 20:00,34777.84,18.33,10.88,1.79,1.59,0.54,7
3/19/2016 21:00,34777.88,17.22,11.22,3.13,1.47,0.63,7
3/19/2016 22:00,34777.92,16.11,10.6,4.47,1.54,0.72,7
3/19/2016 23:00,34777.97,15.56,10.9,4.02,1.62,1.82,7
3/20/2016 0:00,34778,15,10.16,3.13,1.68,0.9,7
3/20/2016 1:00,34778.04,15,10.16,4.02,1.83,0.99,7
3/20/2016 2:00,34778.08,15,9.31,2.68,1.41,1.08,7
3/20/2016 3:00,34778.13,13.89,8.25,0.45,5.2,1.17,7
3/20/2016 4:00,34778.17,12.78,8.22,0.45,2.08,1.26,7
3/20/2016 5:00,34778.21,12.78,8.42,0.89,1.33,1.35,7
3/20/2016 6:00,34778.25,13.33,8.95,3.13,1.43,1.44,8
3/20/2016 7:00,34778.29,14.44,8.99,2.24,1.69,1.53,63
3/20/2016 8:00,34778.34,13.33,8.75,1.34,4.63,1.62,198
3/20/2016 9:00,34778.38,17.78,11.3,1.79,1.15,1.71,411
3/20/2016 10:00,34778.42,22.78,14.84,1.34,3.47,1.8,581
3/20/2016 11:00,34778.46,21.67,13.53,1.34,3.96,1.89,635
3/20/2016 12:00,34778.5,24.44,14.51,0.89,4.35,1.98,766
3/20/2016 13:00,34778.55,25,14.14,0.45,4.24,0,778
3/20/2016 14:00,34778.59,26.67,15.06,0.45,2.55,0,712
3/20/2016 15:00,34778.63,26.11,13.58,0.45,5.46,0.45,607
3/20/2016 16:00,34778.67,26.67,13.75,0.45,3.3,0.91,464
3/20/2016 17:00,34778.71,23.89,11.87,1.34,0.59,1.36,279
3/20/2016 18:00,34778.76,20.56,10.6,0.89,4.9,1.82,89
3/20/2016 19:00,34778.8,18.33,10.38,1.34,5.5,2.27,8
3/20/2016 20:00,34778.84,17.22,10.07,1.34,5.95,2.73,7
3/20/2016 21:00,34778.88,15.56,10.28,0.45,4.1,3.18,7
3/20/2016 22:00,34778.92,15.56,11.31,0.89,4.43,3.64,7
3/20/2016 23:00,34778.97,16.11,11.23,3.58,1.61,0.81,7
3/21/2016 0:00,34779,15,11.16,1.34,1.55,4.55,7
3/21/2016 1:00,34779.04,15.56,12.09,1.34,1.62,5,7
3/21/2016 2:00,34779.08,13.89,10.27,0.89,4.82,5.45,7
3/21/2016 3:00,34779.13,12.22,9.57,1.34,2.04,5.91,7
3/21/2016 4:00,34779.17,12.78,9.93,1.79,1.66,6.36,6
3/21/2016 5:00,34779.21,13.89,11.02,2.24,1.8,6.82,7
3/21/2016 6:00,34779.25,13.33,10.48,1.34,2.08,7.27,7
3/21/2016 7:00,34779.29,13.89,11.2,0.45,4.12,7.73,37
3/21/2016 8:00,34779.34,14.44,11.75,1.34,3.42,8.18,80
3/21/2016 9:00,34779.38,13.89,11.2,1.34,3.93,8.64,110
3/21/2016 10:00,34779.42,15.56,12.65,0.45,4,9.09,106
3/21/2016 11:00,34779.46,15.56,12.84,0.45,4.64,9.55,68
3/21/2016 12:00,34779.5,15,11.55,3.58,6,10,140
3/21/2016 13:00,34779.55,13.33,8.14,3.58,0.23,10,138
3/21/2016 14:00,34779.59,15.56,9.63,6.71,1.12,8.49,334
3/21/2016 15:00,34779.63,16.67,9.54,4.02,1.24,8.1,389
3/21/2016 16:00,34779.67,17.78,9.86,3.13,0.75,7.72,377
3/21/2016 17:00,34779.71,17.22,9.08,3.58,1.24,7.33,307
3/21/2016 18:00,34779.76,15,7.72,2.68,0.82,6.95,73
3/21/2016 19:00,34779.8,14.44,6.95,0.89,4.61,6.56,8
3/21/2016 20:00,34779.84,13.33,8.55,4.47,5.69,6.17,6
3/21/2016 21:00,34779.88,12.78,8.42,4.02,6.07,5.79,6
3/21/2016 22:00,34779.92,11.67,8.11,3.13,6.25,5.4,6
3/21/2016 23:00,34779.97,14.44,10.03,0.45,5.41,4.09,7
3/22/2016 0:00,34780,10,6.3,0.89,5.79,4.63,6
3/22/2016 1:00,34780.04,9.44,6.67,0.45,1.61,4.24,6
3/22/2016 2:00,34780.08,9.44,5.95,0.89,3.26,3.86,7
3/22/2016 3:00,34780.13,7.78,4.5,0.45,4.94,3.47,7
3/22/2016 4:00,34780.17,9.44,5.57,0.45,5.1,3.09,7
3/22/2016 5:00,34780.21,7.78,3.76,0.45,4.03,2.7,7
3/22/2016 6:00,34780.25,8.33,4.68,3.13,0.3,2.32,7
3/22/2016 7:00,34780.29,8.89,4.84,5.36,5.97,1.93,69
3/22/2016 8:00,34780.34,11.67,6.53,3.58,5.74,1.54,263
3/22/2016 9:00,34780.38,12.78,6.08,5.36,5.62,1.16,462
3/22/2016 10:00,34780.42,13.89,6.43,4.92,5.65,0.77,629
3/22/2016 11:00,34780.46,15,6.99,4.47,4.78,0.39,750
3/22/2016 12:00,34780.5,16.11,7.27,5.36,5.74,0,813
3/22/2016 13:00,34780.55,15.56,6.75,4.47,5.31,0,820
3/22/2016 14:00,34780.59,16.11,6.46,4.92,5.71,0,763
3/22/2016 15:00,34780.63,16.67,6.41,4.92,5.6,0,652
3/22/2016 16:00,34780.67,16.67,5.83,8.05,5.97,0,492
3/22/2016 17:00,34780.71,16.11,5.02,3.13,5.13,0,298
3/22/2016 18:00,34780.76,14.44,4.07,4.47,5.65,0,104
3/22/2016 19:00,34780.8,11.11,2.07,0.89,3.74,0,9
3/22/2016 20:00,34780.84,10,2.52,1.79,4.75,0,7
3/22/2016 21:00,34780.88,11.11,3.56,1.34,4.76,0,7
3/22/2016 22:00,34780.92,10.56,3.28,2.68,0.14,0,7
3/22/2016 23:00,34780.97,11.11,7.38,2.68,6.02,5.02,6
3/23/2016 0:00,34781,6.67,1.52,0.45,3.98,0,7
3/23/2016 1:00,34781.04,7.22,2.65,0.89,4.63,0,7
3/23/2016 2:00,34781.08,8.33,4.3,1.34,1.03,0,7
3/23/2016 3:00,34781.13,7.78,3.57,3.13,1.59,0,7
3/23/2016 4:00,34781.17,7.22,3.78,1.79,1.73,0,7
3/23/2016 5:00,34781.21,5.56,2.34,2.24,2.16,0,7
3/23/2016 6:00,34781.25,7.22,4.14,2.68,1.75,0,8
3/23/2016 7:00,34781.29,8.89,5.03,1.79,1.9,0,75
3/23/2016 8:00,34781.34,11.11,6.4,1.34,1.34,0,267
3/23/2016 9:00,34781.38,13.89,7.59,0.89,1.15,0,465
3/23/2016 10:00,34781.42,15.56,7.76,0.45,1.9,0,603
3/23/2016 11:00,34781.46,17.78,8.83,0.45,1.06,0,744
3/23/2016 12:00,34781.5,18.33,8.25,1.34,3.91,0,809
3/23/2016 13:00,34781.55,20,9.21,2.24,4.24,0,818
3/23/2016 14:00,34781.59,20.56,7.83,1.79,6.04,0,767
3/23/2016 15:00,34781.63,18.89,6.96,2.24,5.76,0.1,638
3/23/2016 16:00,34781.67,20,7.65,0.89,5.57,0.19,490
3/23/2016 17:00,34781.71,18.89,6.63,0.89,3.14,0.29,293
3/23/2016 18:00,34781.76,15.56,6.48,1.34,5.17,0.38,78
3/23/2016 19:00,34781.8,13.33,5.66,2.68,5.65,0.48,9
3/23/2016 20:00,34781.84,14.44,6.95,1.34,0.24,0.57,7
3/23/2016 21:00,34781.88,12.78,6.75,1.34,1.12,0.67,7
3/23/2016 22:00,34781.92,12.22,6.86,3.58,1.62,0.76,7
3/23/2016 23:00,34781.97,7.22,1.44,0.89,5.41,0,7
3/24/2016 0:00,34782,10.56,5.87,1.79,1.59,0.96,7
3/24/2016 1:00,34782.04,10,5.73,1.79,1.82,1.05,7
3/24/2016 2:00,34782.08,11.11,7,3.13,1.62,1.15,7
3/24/2016 3:00,34782.13,10.56,6.46,2.68,1.4,1.24,7
3/24/2016 4:00,34782.17,10,5.92,3.13,1.45,1.34,7
3/24/2016 5:00,34782.21,10.56,6.65,3.13,1.59,1.43,7
3/24/2016 6:00,34782.25,10,6.3,3.13,1.41,1.53,8
3/24/2016 7:00,34782.29,11.11,7,1.79,1.9,1.62,72
3/24/2016 8:00,34782.34,13.89,8.67,0.45,4.54,1.72,262
3/24/2016 9:00,34782.38,14.44,8.78,0.89,4.12,1.82,456
3/24/2016 10:00,34782.42,17.22,10.07,1.34,3.16,1.91,601
3/24/2016 11:00,34782.46,18.89,10.4,0.45,3.67,2.01,719
3/24/2016 12:00,34782.5,20.56,11.16,0.45,4.03,2.1,778
3/24/2016 13:00,34782.55,22.78,12.08,0.89,2.64,0,763
3/24/2016 14:00,34782.59,20.56,10.6,2.24,0.87,0,693
3/24/2016 15:00,34782.63,21.11,10.83,0.45,1.27,0.02,574
3/24/2016 16:00,34782.67,22.78,11.78,0.45,4.75,0.03,477
3/24/2016 17:00,34782.71,21.67,10.75,0.89,4.63,0.05,293
3/24/2016 18:00,34782.76,18.33,8.53,0,5.41,0.06,104
3/24/2016 19:00,34782.8,16.67,8.05,0.45,5.52,0.08,9
3/24/2016 20:00,34782.84,15,6.23,0.45,4.49,0.09,7
3/24/2016 21:00,34782.88,15.56,8.25,0.89,5.31,0.11,7
3/24/2016 22:00,34782.92,13.33,7.71,1.79,1.87,0.13,7
3/24/2016 23:00,34782.97,12.22,7.68,2.68,1.59,0.86,7
3/25/2016 0:00,34783,11.67,7.34,1.79,1.61,0.16,7
3/25/2016 1:00,34783.04,12.22,8.46,1.79,1.87,0.17,7
3/25/2016 2:00,34783.08,12.22,8.65,2.24,1.76,0.19,7
3/25/2016 3:00,34783.13,11.67,8.3,2.24,1.78,0.21,7
3/25/2016 4:00,34783.17,10,6.85,0.89,2.09,0.22,7
3/25/2016 5:00,34783.21,10.56,7.58,2.24,1.95,0.24,7
3/25/2016 6:00,34783.25,11.11,8.12,1.79,1.82,0.25,8
3/25/2016 7:00,34783.29,12.78,9.57,0.45,1.76,0.27,85
3/25/2016 8:00,34783.34,15,10.97,1.34,0.77,0.28,276
3/25/2016 9:00,34783.38,17.22,12.3,1.34,0.8,0.3,459
3/25/2016 10:00,34783.42,18.89,12.82,0.89,5.52,0.32,619
3/25/2016 11:00,34783.46,19.44,12.18,2.24,0.86,0.33,720
3/25/2016 12:00,34783.5,21.11,12.22,0.89,4.26,0.35,804
3/25/2016 13:00,34783.55,23.33,13.19,0.45,2.81,0,802
3/25/2016 14:00,34783.59,22.22,12.99,2.68,5.72,5.04,537
3/25/2016 15:00,34783.63,23.33,14.31,1.79,4.73,4.85,627
3/25/2016 16:00,34783.67,24.44,14.22,0.89,0.19,4.66,475
3/25/2016 17:00,34783.71,21.11,10.83,2.24,5.64,4.47,295
3/25/2016 18:00,34783.76,18.89,9.87,0.89,2.81,4.29,109
3/25/2016 19:00,34783.8,16.67,7.52,3.58,5.76,4.1,9
3/25/2016 20:00,34783.84,16.11,7.53,1.34,6.23,3.91,7
3/25/2016 21:00,34783.88,16.11,8.29,0.89,0.65,3.72,7
3/25/2016 22:00,34783.92,14.44,5.96,1.34,4.66,3.53,7
3/25/2016 23:00,34783.97,12.78,7.6,1.79,1.71,0.14,7
3/26/2016 0:00,34784,12.22,6,0.89,1.87,3.16,7
3/26/2016 1:00,34784.04,12.78,7.81,2.68,1.92,2.97,7
3/26/2016 2:00,34784.08,11.11,7.19,2.24,1.71,2.78,7
3/26/2016 3:00,34784.13,12.78,9,2.24,1.33,2.59,7
3/26/2016 4:00,34784.17,11.67,8.3,2.68,1.73,2.4,7
3/26/2016 5:00,34784.21,10.56,7.4,1.34,3.94,2.21,7
3/26/2016 6:00,34784.25,11.11,8.12,1.79,1.55,2.03,8
3/26/2016 7:00,34784.29,12.78,9.75,1.34,1.99,1.84,78
3/26/2016 8:00,34784.34,16.67,12.18,0.45,0.51,1.65,262
3/26/2016 9:00,34784.38,16.67,11.98,0.45,4.21,1.46,460
3/26/2016 10:00,34784.42,19.44,13.35,1.34,3.87,1.27,625
3/26/2016 11:00,34784.46,20,11.96,0.45,1.76,1.08,744
3/26/2016 12:00,34784.5,21.67,11.92,0.89,4.82,0.89,804
3/26/2016 13:00,34784.55,22.78,11.78,1.34,3.67,0,806
3/26/2016 14:00,34784.59,23.89,11.54,1.34,3.33,0,751
3/26/2016 15:00,34784.63,26.11,12.9,0.45,3.33,0.03,643
3/26/2016 16:00,34784.67,22.78,10.19,1.79,0.02,0.05,484
3/26/2016 17:00,34784.71,22.22,10.65,0.89,5.53,0.08,245
3/26/2016 18:00,34784.76,20,11.18,0.89,5.86,0.1,91
3/26/2016 19:00,34784.8,17.22,10.3,0.45,5.45,0.13,10
3/26/2016 20:00,34784.84,16.67,10.69,0.45,5.43,0.16,7
3/26/2016 21:00,34784.88,15,9.95,2.68,1.87,0.18,7
3/26/2016 22:00,34784.92,15,9.95,2.68,1.73,0.21,7
3/26/2016 23:00,34784.97,12.78,5.61,0.89,4.31,3.34,7
3/27/2016 0:00,34785,15,10.57,3.13,1.73,0.26,7
3/27/2016 1:00,34785.04,13.33,8.95,2.68,2.16,0.29,7
3/27/2016 2:00,34785.08,12.78,9,3.13,1.82,0.31,7
3/27/2016 3:00,34785.13,13.89,9.89,3.13,1.82,0.34,7
3/27/2016 4:00,34785.17,13.33,9.35,0.89,5.25,0.36,7
3/27/2016 5:00,34785.21,12.78,9.38,1.79,1.62,0.39,7
3/27/2016 6:00,34785.25,12.78,9.19,3.58,1.9,0.42,8
3/27/2016 7:00,34785.29,13.89,9.49,5.36,1.55,0.44,60
3/27/2016 8:00,34785.34,16.11,10.6,4.92,1.97,0.47,256
3/27/2016 9:00,34785.38,18.33,11.36,0.89,3.75,0.49,455
3/27/2016 10:00,34785.42,20.56,12.48,1.79,4.45,0.52,628
3/27/2016 11:00,34785.46,23.33,12.89,0.89,2.84,0.55,747
3/27/2016 12:00,34785.5,23.89,11.87,0.45,2.37,0.57,810
3/27/2016 13:00,34785.55,25,11.88,0.45,4.31,0,817
3/27/2016 14:00,34785.59,26.11,11.82,2.24,4.31,0,761
3/27/2016 15:00,34785.63,25,12.22,0.89,4.42,0,638
3/27/2016 16:00,34785.67,25.56,13.4,0.89,6.27,0,473
3/27/2016 17:00,34785.71,22.78,12.08,3.58,5.72,0,300
3/27/2016 18:00,34785.76,19.44,10.12,3.13,5.64,0,89
3/27/2016 19:00,34785.8,17.22,8.31,4.47,5.72,0,8
3/27/2016 20:00,34785.84,17.22,8.04,2.24,5.74,0,7
3/27/2016 21:00,34785.88,14.44,7.66,0.89,4.38,0,7
3/27/2016 22:00,34785.92,12.78,7.81,0.89,6.09,0,7
3/27/2016 23:00,34785.97,14.44,9.83,4.02,1.59,0.23,7
3/28/2016 0:00,34786,11.11,6,0.45,4.29,0,7
3/28/2016 1:00,34786.04,10.56,5.67,0.45,4.57,0,7
3/28/2016 2:00,34786.08,10,5.33,0.89,4.71,0,7
3/28/2016 3:00,34786.13,11.11,6.2,0.45,4.26,0,7
3/28/2016 4:00,34786.17,10.56,5.87,0.45,4.54,0,7
3/28/2016 5:00,34786.21,9.44,4.99,1.79,5.48,0,7
3/28/2016 6:00,34786.25,7.22,3.41,1.79,4.73,0,8
3/28/2016 7:00,34786.29,7.78,3.76,0.89,4.08,0,64
3/28/2016 8:00,34786.34,11.67,5.69,1.79,5.46,0,286
3/28/2016 9:00,34786.38,11.67,4.79,4.92,5.71,0,346
3/28/2016 10:00,34786.42,11.67,3.6,7.15,5.78,0,557
3/28/2016 11:00,34786.46,13.33,4.14,2.68,5.38,0,783
3/28/2016 12:00,34786.5,14.44,4.07,2.68,5.46,0,834
3/28/2016 13:00,34786.55,16.11,3.11,1.34,4.4,0,893
3/28/2016 14:00,34786.59,15,1.06,7.15,5.64,0,760
3/28/2016 15:00,34786.63,15,0.7,4.47,5.67,0,691
3/28/2016 16:00,34786.67,13.89,0.06,8.49,6.02,0,502
3/28/2016 17:00,34786.71,12.78,-0.59,7.15,0.59,0,289
3/28/2016 18:00,34786.76,11.11,0.99,4.92,0.75,0,105
3/28/2016 19:00,34786.8,10,1.03,2.24,0.47,0,9
3/28/2016 20:00,34786.84,7.78,-0.54,1.79,4.36,0,6
3/28/2016 21:00,34786.88,7.78,1.1,2.68,0.31,0,7
3/28/2016 22:00,34786.92,6.67,0.48,0.89,4.22,0,7
3/28/2016 23:00,34786.97,11.67,6.74,0.89,4.92,0,7
3/29/2016 0:00,34787,5.56,-0.37,0.89,3.87,0,7
3/29/2016 1:00,34787.04,6.67,1.52,2.68,0.72,0,7
3/29/2016 2:00,34787.08,6.67,1.92,2.24,1.69,0,7
3/29/2016 3:00,34787.13,5.56,0.85,1.34,4.1,0,7
3/29/2016 4:00,34787.17,6.11,1.58,1.79,1.76,0,7
3/29/2016 5:00,34787.21,5.56,1.42,2.68,1.68,0,7
3/29/2016 6:00,34787.25,5.56,1.42,1.79,1.87,0,9
3/29/2016 7:00,34787.29,7.78,2.99,1.79,1.8,0,99
3/29/2016 8:00,34787.34,11.11,4.49,2.68,2.46,0,293
3/29/2016 9:00,34787.38,12.78,5.38,1.79,2.53,0,485
3/29/2016 10:00,34787.42,15,6.48,1.34,4.57,0,649
3/29/2016 11:00,34787.46,15.56,5.67,0.89,5.85,0,757
3/29/2016 12:00,34787.5,16.67,5.23,0.89,3.67,0,852
3/29/2016 13:00,34787.55,18.33,5.13,0.45,5.9,0,845
3/29/2016 14:00,34787.59,17.78,4.28,0.45,4.78,0,726
3/29/2016 15:00,34787.63,18.89,4.19,2.68,5.79,0,688
3/29/2016 16:00,34787.67,20,5.93,1.79,4.64,0,515
3/29/2016 17:00,34787.71,16.67,2.2,4.47,5.79,0,318
3/29/2016 18:00,34787.76,15,1.42,1.34,5.55,0,121
3/29/2016 19:00,34787.8,13.33,1.24,2.68,0.31,0,10
3/29/2016 20:00,34787.84,12.78,3.08,2.68,1.27,0,6
3/29/2016 21:00,34787.88,11.11,2.58,1.79,1.22,0,7
3/29/2016 22:00,34787.92,11.11,3.32,3.13,1.55,0,7
3/29/2016 23:00,34787.97,6.11,-0.05,2.68,2.29,0,7
3/30/2016 0:00,34788,8.33,1.85,0.45,5.55,0,7
3/30/2016 1:00,34788.04,10,3.66,2.68,1.66,0,7
3/30/2016 2:00,34788.08,8.89,2.38,4.47,1.2,0,7
3/30/2016 3:00,34788.13,8.89,3.03,2.24,1.22,0,7
3/30/2016 4:00,34788.17,8.89,3.03,2.68,1.78,0,7
3/30/2016 5:00,34788.21,8.33,2.29,3.13,1.38,0,7
3/30/2016 6:00,34788.25,8.33,2.71,2.68,1.36,0,9
3/30/2016 7:00,34788.29,9.44,2.91,3.13,1.54,0,100
3/30/2016 8:00,34788.34,13.33,5.9,1.34,1.69,0,296
3/30/2016 9:00,34788.38,14.44,4.91,0.45,4.94,0,492
3/30/2016 10:00,34788.42,15.56,4.81,1.34,4.73,0,654
3/30/2016 11:00,34788.46,17.78,5.62,0.45,1.83,0,771
3/30/2016 12:00,34788.5,20,6.29,0.89,4.52,0,831
3/30/2016 13:00,34788.55,19.44,5.06,1.79,6.11,0,834
3/30/2016 14:00,34788.59,20,4.81,1.79,6.02,0,780
3/30/2016 15:00,34788.63,21.11,5.8,2.24,5.92,0,660
3/30/2016 16:00,34788.67,20.56,4.51,3.13,5.81,0,467
3/30/2016 17:00,34788.71,21.11,5.41,1.34,4.83,0,286
3/30/2016 18:00,34788.76,17.22,3.42,0.89,4.63,0,116
3/30/2016 19:00,34788.8,15,2.76,0.45,3.67,0,11
3/30/2016 20:00,34788.84,13.89,5.94,0.89,1.01,0,7
3/30/2016 21:00,34788.88,12.78,4.9,2.24,1.5,0,7
3/30/2016 22:00,34788.92,12.22,4.85,2.68,1.62,0,7
3/30/2016 23:00,34788.97,10,2.98,2.68,1.5,0,7
3/31/2016 0:00,34789,11.67,5.24,3.13,1.64,0,7
3/31/2016 1:00,34789.04,11.11,4.94,4.47,1.88,0,7
3/31/2016 2:00,34789.08,11.67,5.69,2.68,1.69,0,7
3/31/2016 3:00,34789.13,11.11,4.72,2.68,1.38,0,7
3/31/2016 4:00,34789.17,11.11,4.72,3.13,1.43,0,7
3/31/2016 5:00,34789.21,11.11,4.72,3.13,1.34,0,7
3/31/2016 6:00,34789.25,11.11,4.03,4.02,1.59,0,9
3/31/2016 7:00,34789.29,12.22,5.09,3.58,1.27,0,105
3/31/2016 8:00,34789.34,16.11,7.78,1.79,4.43,0,291
3/31/2016 9:00,34789.38,16.67,6.7,0.89,4.63,0,488
3/31/2016 10:00,34789.42,18.89,7.58,1.79,4.87,0,655
3/31/2016 11:00,34789.46,21.11,8.67,0.89,4.82,0,771
3/31/2016 12:00,34789.5,21.11,8.67,1.34,5.59,0,833
3/31/2016 13:00,34789.55,23.33,9.31,1.79,5.52,0,839
3/31/2016 14:00,34789.59,24.44,9.57,0.45,0.17,0,778
3/31/2016 15:00,34789.63,23.33,8.18,1.79,5.08,0,665
3/31/2016 16:00,34789.67,23.89,9.44,0.89,3.63,0,503
3/31/2016 17:00,34789.71,23.89,9.81,1.34,5.31,0,342
3/31/2016 18:00,34789.76,20,7.32,0.89,5.65,0,141
3/31/2016 19:00,34789.8,16.67,6.13,2.24,5.83,0,11
3/31/2016 20:00,34789.84,16.11,6.73,3.13,5.79,0,7
3/31/2016 21:00,34789.88,16.11,8.04,1.34,1.1,0,6
3/31/2016 22:00,34789.92,13.89,6.67,1.34,5.11,0,6
3/31/2016 23:00,34789.97,12.78,5.14,3.13,1.66,0,6
4/1/2016 0:00,34790,11.11,6.4,0.89,4.52,0,7
4/1/2016 1:00,34790.04,11.11,7,0.89,1.34,0,7
4/1/2016 2:00,34790.08,11.67,7.73,0.89,1.62,0,7
4/1/2016 3:00,34790.13,11.11,7.76,0.89,1.75,0,8
4/1/2016 4:00,34790.17,9.44,6.31,0.89,4.47,0,8
4/1/2016 5:00,34790.21,11.11,7.94,0.45,1.66,0,8
4/1/2016 6:00,34790.25,10.56,7.4,0.45,2.29,0,11
4/1/2016 7:00,34790.29,13.89,9.89,2.68,1.62,0,107
4/1/2016 8:00,34790.34,16.67,11.13,0.89,1.73,0,297
4/1/2016 9:00,34790.38,18.89,12.13,0.45,4.38,0,491
4/1/2016 10:00,34790.42,20,11.44,1.34,3.72,0,653
4/1/2016 11:00,34790.46,21.67,10.14,1.79,4.38,0,773
4/1/2016 12:00,34790.5,22.78,9.51,0.89,5.59,0,836
4/1/2016 13:00,34790.55,24.44,9.57,0.89,3.37,0,837
4/1/2016 14:00,34790.59,25.56,9.37,0.45,4.69,0,782
4/1/2016 15:00,34790.63,27.22,10.44,0.89,5.27,0,669
4/1/2016 16:00,34790.67,25,9.68,2.68,5.93,0,506
4/1/2016 17:00,34790.71,25,10.44,1.34,5.24,0,317
4/1/2016 18:00,34790.76,22.22,8.3,0.45,5.34,0,112
4/1/2016 19:00,34790.8,17.78,6.25,0.89,5.5,0,11
4/1/2016 20:00,34790.84,17.78,8.83,1.34,0.44,0,7
4/1/2016 21:00,34790.88,16.67,8.56,2.68,1.62,0,7
4/1/2016 22:00,34790.92,16.67,9.06,3.13,1.69,0,7
4/1/2016 23:00,34790.97,14.44,7.66,1.79,1.47,0,7
4/2/2016 0:00,34791,14.44,8.56,3.58,1.69,0,7
4/2/2016 1:00,34791.04,14.44,8.34,4.47,1.01,0,7
4/2/2016 2:00,34791.08,13.33,8.14,1.79,1.82,0,7
4/2/2016 3:00,34791.13,13.33,8.34,2.68,1.45,0,7
4/2/2016 4:00,34791.17,13.33,7.71,5.36,0.86,0,7
4/2/2016 5:00,34791.21,14.44,8.34,4.47,1.87,0,7
4/2/2016 6:00,34791.25,13.33,7.93,4.02,1.8,0,10
4/2/2016 7:00,34791.29,15.56,9.18,0.89,1.62,0,113
4/2/2016 8:00,34791.34,18.33,10.63,1.34,3.94,0,306
4/2/2016 9:00,34791.38,20,10.64,0.89,3.54,0,499
4/2/2016 10:00,34791.42,23.33,13.19,0.89,4.47,0,662
4/2/2016 11:00,34791.46,23.89,11.21,0.45,3.79,0,777
4/2/2016 12:00,34791.5,26.11,11.82,1.79,4.45,0,840
4/2/2016 13:00,34791.55,25.56,10.57,2.68,1.03,0,841
4/2/2016 14:00,34791.59,26.11,11.45,2.68,0.87,0,780
4/2/2016 15:00,34791.63,28.89,12.34,0.89,0.02,0.1,676
4/2/2016 16:00,34791.67,29.44,12.84,1.79,5.5,0.2,490
4/2/2016 17:00,34791.71,28.89,13.17,0.45,5.69,0.3,316
4/2/2016 18:00,34791.76,23.89,11.21,0.89,5.27,0.41,100
4/2/2016 19:00,34791.8,20.56,9.12,1.34,6.02,0.51,10
4/2/2016 20:00,34791.84,20,10.64,0.89,0.91,0.61,6
4/2/2016 21:00,34791.88,18.89,10.14,1.34,1.26,0.71,7
4/2/2016 22:00,34791.92,17.22,8.83,2.68,1.48,0.81,7
4/2/2016 23:00,34791.97,15,8.65,2.68,1.55,0,7
4/3/2016 0:00,34792,16.67,8.05,3.13,1.57,1.02,6
4/3/2016 1:00,34792.04,15.56,7.76,3.58,1.45,1.12,6
4/3/2016 2:00,34792.08,16.67,8.05,3.13,1.55,1.22,6
4/3/2016 3:00,34792.13,15.56,6.75,3.13,1.55,1.32,6
4/3/2016 4:00,34792.17,15,5.96,1.34,1.5,1.42,6
4/3/2016 5:00,34792.21,15.56,7.51,2.24,1.66,1.52,6
4/3/2016 6:00,34792.25,15.56,5.94,2.24,1.87,1.62,10
4/3/2016 7:00,34792.29,16.67,6.13,0.89,3.63,1.73,111
4/3/2016 8:00,34792.34,19.44,9.56,0.45,3.58,1.83,306
4/3/2016 9:00,34792.38,21.67,10.14,0.89,4.45,1.93,493
4/3/2016 10:00,34792.42,23.89,11.87,0.45,0.23,2.03,633
4/3/2016 11:00,34792.46,25,11.18,0.45,2.6,2.13,773
4/3/2016 12:00,34792.5,27.22,11.67,0.45,1.24,2.23,808
4/3/2016 13:00,34792.55,25.56,11.32,2.24,0.99,0,814
4/3/2016 14:00,34792.59,26.11,11.45,0.89,1.06,0,710
4/3/2016 15:00,34792.63,28.89,13.17,0.89,5.62,0,523
4/3/2016 16:00,34792.67,27.78,13.33,0.45,2.04,0,355
4/3/2016 17:00,34792.71,25.56,13.07,0.45,3.8,0,206
4/3/2016 18:00,34792.76,22.78,11.78,1.34,5.64,0,86
4/3/2016 19:00,34792.8,20.56,11.16,0.89,3.75,0,13
4/3/2016 20:00,34792.84,17.78,11.53,0.89,5.2,0,7
4/3/2016 21:00,34792.88,17.22,11.44,1.79,5.93,0,7
4/3/2016 22:00,34792.92,16.67,11.56,0.89,0.82,0,6
4/3/2016 23:00,34792.97,16.67,8.81,3.13,1.48,0.91,7
4/4/2016 0:00,34793,13.89,9.29,1.34,1.64,0,7
4/4/2016 1:00,34793.04,11.67,7.73,0.45,4.36,0,7
4/4/2016 2:00,34793.08,11.67,7.92,0.45,2.6,0,7
4/4/2016 3:00,34793.13,13.33,9.92,0.45,2.02,0,7
4/4/2016 4:00,34793.17,11.67,8.3,0.89,4.36,0,7
4/4/2016 5:00,34793.21,11.67,8.48,1.34,0.94,0,7
4/4/2016 6:00,34793.25,12.22,8.84,1.79,1.45,0,10
4/4/2016 7:00,34793.29,12.78,9,1.79,3.89,0,108
4/4/2016 8:00,34793.34,16.67,12.58,0.45,2.79,0,302
4/4/2016 9:00,34793.38,18.89,12.36,1.34,3.87,0,496
4/4/2016 10:00,34793.42,20.56,12.74,1.34,4.1,0,655
4/4/2016 11:00,34793.46,23.33,13.47,0.89,3.58,0,777
4/4/2016 12:00,34793.5,23.33,11.99,1.79,0.8,0,842
4/4/2016 13:00,34793.55,23.89,12.5,2.24,1.01,0,845
4/4/2016 14:00,34793.59,26.11,13.24,0.89,0.99,0,779
4/4/2016 15:00,34793.63,29.44,14.84,1.34,4.94,0,686
4/4/2016 16:00,34793.67,27.78,12.17,1.34,4.61,0,530
4/4/2016 17:00,34793.71,25,9.68,2.68,5.36,0,333
4/4/2016 18:00,34793.76,22.78,9.85,0.89,6,0,113
4/4/2016 19:00,34793.8,17.78,7.15,0.89,4.17,0,11
4/4/2016 20:00,34793.84,17.22,7.49,1.79,4.76,0,6
4/4/2016 21:00,34793.88,16.11,8.04,0.89,6.23,0,7
4/4/2016 22:00,34793.92,15,8.19,1.79,1.83,0,7
4/4/2016 23:00,34793.97,15.56,10.7,1.34,0.8,0,6
4/5/2016 0:00,34794,13.89,9.09,2.24,1.87,0,7
4/5/2016 1:00,34794.04,12.78,8.61,1.34,4,0,7
4/5/2016 2:00,34794.08,13.89,9.89,3.13,1.41,0,7
4/5/2016 3:00,34794.13,12.78,8.61,1.79,1.97,0,7
4/5/2016 4:00,34794.17,8.89,5.22,1.79,4.52,0,7
4/5/2016 5:00,34794.21,12.22,9.02,4.92,1.19,0,8
4/5/2016 6:00,34794.25,13.33,9.54,3.13,1.4,0,12
4/5/2016 7:00,34794.29,12.78,8.42,0.89,5.85,0,121
4/5/2016 8:00,34794.34,17.22,11.66,0.89,3.79,0,318
4/5/2016 9:00,34794.38,20,12.95,0.89,3.89,0,516
4/5/2016 10:00,34794.42,21.67,13.27,1.34,3.72,0,676
4/5/2016 11:00,34794.46,23.33,13.19,0.89,4.22,0,793
4/5/2016 12:00,34794.5,25,12.56,0.89,4.15,0,850
4/5/2016 13:00,34794.55,26.67,12.69,0.89,4.75,0,849
4/5/2016 14:00,34794.59,25.56,11.32,1.34,6.11,0,791
4/5/2016 15:00,34794.63,26.11,12.54,1.34,0.63,0.24,677
4/5/2016 16:00,34794.67,29.44,14.84,1.79,5.65,0.49,518
4/5/2016 17:00,34794.71,28.33,13.83,2.68,5.93,0.73,324
4/5/2016 18:00,34794.76,25.56,13.4,0.89,4.85,0.97,103
4/5/2016 19:00,34794.8,20,9.51,0.89,2.55,1.21,11
4/5/2016 20:00,34794.84,18.89,9.05,0.89,5.64,1.46,6
4/5/2016 21:00,34794.88,17.78,9.86,1.34,1.92,1.7,6
4/5/2016 22:00,34794.92,17.22,11,3.58,1.34,1.94,6
4/5/2016 23:00,34794.97,13.89,8.25,1.79,2.01,0,7
4/6/2016 0:00,34795,16.67,11.34,3.58,1.52,2.43,6
4/6/2016 1:00,34795.04,17.22,12.09,3.13,1.64,2.67,6
4/6/2016 2:00,34795.08,16.11,11.64,2.24,1.78,2.91,6
4/6/2016 3:00,34795.13,15,10.77,3.13,1.5,3.15,6
4/6/2016 4:00,34795.17,15.56,11.11,2.68,1.87,3.4,6
4/6/2016 5:00,34795.21,13.89,9.49,2.68,1.5,3.64,7
4/6/2016 6:00,34795.25,13.89,9.29,4.47,1.52,3.88,10
4/6/2016 7:00,34795.29,16.67,10.91,2.24,1.26,4.12,109
4/6/2016 8:00,34795.34,20.56,12.48,0.89,1.5,4.37,331
4/6/2016 9:00,34795.38,20,11.18,2.24,1.01,4.61,459
4/6/2016 10:00,34795.42,23.89,13.41,1.34,6.06,4.85,617
4/6/2016 11:00,34795.46,27.22,13.91,0.45,5.62,5.09,702
4/6/2016 12:00,34795.5,27.78,13.33,1.34,4.14,5.34,688
4/6/2016 13:00,34795.55,28.89,12.34,0.89,3.54,3.57,725
4/6/2016 14:00,34795.59,30.56,13.4,1.79,0.26,0,732
4/6/2016 15:00,34795.63,30,12.46,1.34,6,0.25,647
4/6/2016 16:00,34795.67,31.11,13.89,0.45,4.66,0.51,488
4/6/2016 17:00,34795.71,30,13.76,0.89,4.71,0.76,282
4/6/2016 18:00,34795.76,26.11,12.9,0.89,5.57,1.01,98
4/6/2016 19:00,34795.8,22.78,11.16,0.45,0.24,1.27,12
4/6/2016 20:00,34795.84,23.89,12.81,1.34,1.03,1.52,6
4/6/2016 21:00,34795.88,20.56,12.74,2.68,1.01,1.77,6
4/6/2016 22:00,34795.92,20,12.95,2.68,1.5,2.03,6
4/6/2016 23:00,34795.97,17.22,11.44,3.58,1.78,2.18,7
4/7/2016 0:00,34796,20,13.42,2.24,1.9,2.53,6
4/7/2016 1:00,34796.04,18.89,12.36,2.68,1.4,2.79,6
4/7/2016 2:00,34796.08,18.33,12.73,1.79,1.75,3.04,6
4/7/2016 3:00,34796.13,17.78,12.84,3.13,1.87,3.3,7
4/7/2016 4:00,34796.17,17.22,11.66,4.92,1.78,3.55,6
4/7/2016 5:00,34796.21,16.67,10.91,1.79,2.02,3.8,6
4/7/2016 6:00,34796.25,17.22,11.66,1.79,1.59,4.06,12
4/7/2016 7:00,34796.29,18.89,12.36,2.68,1.26,4.31,101
4/7/2016 8:00,34796.34,20.56,12.74,2.24,1.8,4.56,188
4/7/2016 9:00,34796.38,21.11,13.26,1.34,1.05,4.82,240
4/7/2016 10:00,34796.42,23.33,12.89,1.34,6.09,5.07,450
4/7/2016 11:00,34796.46,27.22,12.83,0.89,5.48,5.32,664
4/7/2016 12:00,34796.5,27.78,12.17,1.34,4.24,5.58,676
4/7/2016 13:00,34796.55,27.22,11.67,0.89,5.71,7.38,513
4/7/2016 14:00,34796.59,26.67,10.36,0.45,2.04,8.44,369
4/7/2016 15:00,34796.63,26.11,9.87,0.45,4.29,8.48,331
4/7/2016 16:00,34796.67,25,10.44,0.89,5.76,8.53,217
4/7/2016 17:00,34796.71,24.44,12.05,0.89,6.04,8.57,135
4/7/2016 18:00,34796.76,23.33,12.89,0.89,5.86,8.62,85
4/7/2016 19:00,34796.8,19.44,9.56,1.34,4.76,8.66,11
4/7/2016 20:00,34796.84,16.67,8.56,0.45,3.63,8.7,6
4/7/2016 21:00,34796.88,16.11,7.78,1.34,5.69,8.75,6
4/7/2016 22:00,34796.92,17.22,10.3,1.34,1.29,8.79,6
4/7/2016 23:00,34796.97,20,13.18,3.58,1.61,2.28,6
4/8/2016 0:00,34797,16.11,9.01,1.79,2.08,8.88,6
4/8/2016 1:00,34797.04,17.78,11.07,1.79,1.62,8.92,6
4/8/2016 2:00,34797.08,16.67,10.69,3.58,1.31,8.97,6
4/8/2016 3:00,34797.13,16.11,10.38,1.34,4.57,9.01,6
4/8/2016 4:00,34797.17,16.11,10.6,0.45,4.71,9.06,6
4/8/2016 5:00,34797.21,15.56,10.7,1.34,1.2,9.1,6
4/8/2016 6:00,34797.25,13.33,9.15,0.89,4.38,9.14,11
4/8/2016 7:00,34797.29,16.67,11.77,1.34,2.39,9.19,122
4/8/2016 8:00,34797.34,18.89,13.26,0.89,4.68,9.23,245
4/8/2016 9:00,34797.38,19.44,13.12,0.89,4.26,9.28,346
4/8/2016 10:00,34797.42,22.22,14.06,0.45,4.61,9.32,583
4/8/2016 11:00,34797.46,22.22,13.8,0.89,3.67,9.36,523
4/8/2016 12:00,34797.5,20,11.96,3.13,3.82,9.41,361
4/8/2016 13:00,34797.55,20.56,11.16,2.68,3.68,8.63,411
4/8/2016 14:00,34797.59,21.67,11.92,0.89,3.07,8.14,393
4/8/2016 15:00,34797.63,24.44,13.32,4.47,3.74,8.22,572
4/8/2016 16:00,34797.67,21.67,11.05,0.89,3.6,8.31,342
4/8/2016 17:00,34797.71,20.56,10.88,0.45,5.01,8.39,110
4/8/2016 18:00,34797.76,18.33,11.36,4.02,2.2,8.48,17
4/8/2016 19:00,34797.8,17.22,12.3,2.68,1.15,8.56,6
4/8/2016 20:00,34797.84,15.56,11.9,1.34,2.37,8.65,6
4/8/2016 21:00,34797.88,15,12.11,1.79,2.55,8.73,6
4/8/2016 22:00,34797.92,15,12.48,0.89,3.23,8.82,6
4/8/2016 23:00,34797.97,15,8.42,0.45,1.83,8.84,6
4/9/2016 0:00,34798,15.56,13.2,0.45,3.68,8.99,6
4/9/2016 1:00,34798.04,14.44,12.29,0.89,4.07,9.07,6
4/9/2016 2:00,34798.08,15,13.01,0.89,4.14,9.15,6
4/9/2016 3:00,34798.13,14.44,12.46,1.79,3.86,9.24,6
4/9/2016 4:00,34798.17,14.44,12.64,1.34,4.59,9.32,6
4/9/2016 5:00,34798.21,14.44,12.64,2.24,3.89,9.41,6
4/9/2016 6:00,34798.25,13.89,12.09,0.89,5.46,9.49,6
4/9/2016 7:00,34798.29,12.78,11.16,1.34,3.12,9.58,14
4/9/2016 8:00,34798.34,12.78,11.16,0.89,3,9.66,33
4/9/2016 9:00,34798.38,13.33,11.54,2.24,1.43,9.75,88
4/9/2016 10:00,34798.42,15,12.48,2.24,0.91,9.83,140
4/9/2016 11:00,34798.46,15.56,12.09,4.02,1.03,9.92,223
4/9/2016 12:00,34798.5,16.67,12.58,0.45,0.73,10,284
4/9/2016 13:00,34798.55,18.33,13.16,0.45,5.13,9.08,371
4/9/2016 14:00,34798.59,19.44,13.35,0.89,6.11,7.64,430
4/9/2016 15:00,34798.63,19.44,13.12,2.24,5.79,7.6,416
4/9/2016 16:00,34798.67,19.44,12.89,2.68,5.92,7.56,293
4/9/2016 17:00,34798.71,17.78,11.07,0.45,1.19,7.52,148
4/9/2016 18:00,34798.76,15.56,10.7,0.45,4.14,7.48,45
4/9/2016 19:00,34798.8,15,11.55,0.89,4.78,7.44,9
4/9/2016 20:00,34798.84,13.89,10.84,1.34,4.66,7.39,6
4/9/2016 21:00,34798.88,13.89,11.2,0.89,4.87,7.35,7
4/9/2016 22:00,34798.92,13.89,11.39,0.89,5.36,7.31,7
4/9/2016 23:00,34798.97,15.56,13.2,1.79,2.36,8.9,6
4/10/2016 0:00,34799,13.33,11.19,0.89,4.49,7.23,6
4/10/2016 1:00,34799.04,12.78,10.82,0.45,6.07,7.19,6
4/10/2016 2:00,34799.08,12.78,10.82,0.45,1.8,7.14,6
4/10/2016 3:00,34799.13,13.33,11.54,0.45,3.86,7.1,6
4/10/2016 4:00,34799.17,13.33,11.54,0.89,4.45,7.06,6
4/10/2016 5:00,34799.21,13.33,11.54,2.24,5.79,7.02,6
4/10/2016 6:00,34799.25,13.33,11.54,0.89,3.72,6.98,10
4/10/2016 7:00,34799.29,12.78,11.16,0.89,4.5,6.94,45
4/10/2016 8:00,34799.34,15,13.01,0.45,6.25,6.89,118
4/10/2016 9:00,34799.38,16.11,13.2,1.34,1.2,6.85,245
4/10/2016 10:00,34799.42,18.89,14.74,1.34,4.57,6.81,448
4/10/2016 11:00,34799.46,20,13.88,1.79,0.3,6.77,494
4/10/2016 12:00,34799.5,21.67,14.29,0.89,4.92,6.73,604
4/10/2016 13:00,34799.55,25,15.6,2.24,3.04,0,865
4/10/2016 14:00,34799.59,24.44,15.08,1.79,5.85,0,854
4/10/2016 15:00,34799.63,24.44,15.35,1.79,5.13,0.28,656
4/10/2016 16:00,34799.67,22.22,12.99,1.34,5.45,0.57,426
4/10/2016 17:00,34799.71,17.78,11.07,2.24,5.11,0.85,139
4/10/2016 18:00,34799.76,16.67,11.13,2.68,5.15,1.13,48
4/10/2016 19:00,34799.8,15,10.36,1.79,5.5,1.41,11
4/10/2016 20:00,34799.84,14.44,10.43,0.45,5.01,1.7,6
4/10/2016 21:00,34799.88,13.89,10.65,0.45,4.47,1.98,6
4/10/2016 22:00,34799.92,13.33,10.48,0.45,4.24,2.26,6
4/10/2016 23:00,34799.97,13.89,11.39,0.45,4.83,7.27,7
4/11/2016 0:00,34800,12.78,10.47,0.89,4.78,2.83,6
4/11/2016 1:00,34800.04,12.22,10.1,0.45,5.45,3.11,6
4/11/2016 2:00,34800.08,12.78,10.82,0.45,2.84,3.39,6
4/11/2016 3:00,34800.13,11.67,9.72,0.89,4.57,3.67,6
4/11/2016 4:00,34800.17,12.78,10.99,3.13,6.09,3.96,6
4/11/2016 5:00,34800.21,13.33,11.54,0.89,2.11,4.24,6
4/11/2016 6:00,34800.25,12.22,10.44,0.89,4.5,4.52,11
4/11/2016 7:00,34800.29,12.78,10.99,0.45,4.76,4.8,49
4/11/2016 8:00,34800.34,13.89,11.92,0.45,1.5,5.09,119
4/11/2016 9:00,34800.38,16.67,13.93,0.89,0.93,5.37,227
4/11/2016 10:00,34800.42,18.89,15.14,0.45,6,5.65,451
4/11/2016 11:00,34800.46,21.67,15.48,1.34,3.89,5.93,678
4/11/2016 12:00,34800.5,22.22,15.06,1.34,5.85,6.22,643
4/11/2016 13:00,34800.55,23.33,14.84,1.34,2.37,5.29,659
4/11/2016 14:00,34800.59,23.89,13.99,0.89,3,0,764
4/11/2016 15:00,34800.63,25.56,14.96,1.34,4.96,0.06,803
4/11/2016 16:00,34800.67,23.33,13.47,0.89,4.42,0.12,383
4/11/2016 17:00,34800.71,23.89,13.7,0.89,5.65,0.18,321
4/11/2016 18:00,34800.76,22.78,13.51,0.89,5.78,0.23,104
4/11/2016 19:00,34800.8,17.78,10.11,3.58,5.74,0.29,13
4/11/2016 20:00,34800.84,17.22,10.77,3.13,6.18,0.35,7
4/11/2016 21:00,34800.88,17.78,11.75,2.24,1.36,0.41,7
4/11/2016 22:00,34800.92,16.11,10.81,0.45,5.65,0.47,7
4/11/2016 23:00,34800.97,12.78,10.12,0.89,4.59,2.54,6
4/12/2016 0:00,34801,12.78,9.75,0.89,4.83,0.59,6
4/12/2016 1:00,34801.04,12.78,10.12,0.45,4.92,0.64,6
4/12/2016 2:00,34801.08,12.78,10.47,0.89,3.58,0.7,6
4/12/2016 3:00,34801.13,11.11,8.83,0.45,1.64,0.76,6
4/12/2016 4:00,34801.17,12.22,10.1,0.45,1.27,0.82,6
4/12/2016 5:00,34801.21,11.67,9.72,2.24,1.87,0.88,6
4/12/2016 6:00,34801.25,11.67,9.72,0.89,4.49,0.94,18
4/12/2016 7:00,34801.29,12.78,10.99,1.79,4.78,1,72
4/12/2016 8:00,34801.34,13.89,12.09,1.79,2.18,1.05,123
4/12/2016 9:00,34801.38,16.11,14.28,1.34,4.12,1.11,362
4/12/2016 10:00,34801.42,20,17.01,0.89,4.35,1.17,485
4/12/2016 11:00,34801.46,21.11,16.27,1.34,4.64,1.23,591
4/12/2016 12:00,34801.5,22.78,15.83,0.89,4.26,1.29,852
4/12/2016 13:00,34801.55,23.33,14.84,3.58,5.97,3.12,757
4/12/2016 14:00,34801.59,25.56,15.55,0.89,4.78,0,797
4/12/2016 15:00,34801.63,25,15.32,0.89,4.66,0,612
4/12/2016 16:00,34801.67,25,14.74,0.89,1.82,0,539
4/12/2016 17:00,34801.71,24.44,14.8,0.89,4.78,0,332
4/12/2016 18:00,34801.76,21.11,13.26,0.45,4.99,0,107
4/12/2016 19:00,34801.8,16.67,10.47,1.34,3.44,0,11
4/12/2016 20:00,34801.84,15.56,10.7,0.89,5.92,0,6
4/12/2016 21:00,34801.88,13.33,9.35,0.45,0.49,0,6
4/12/2016 22:00,34801.92,12.22,8.65,0.45,4.59,0,6
4/12/2016 23:00,34801.97,14.44,10.23,0.89,3.96,0.53,6
4/13/2016 0:00,34802,11.67,8.67,2.24,5.79,0,6
4/13/2016 1:00,34802.04,11.67,9.03,0.89,4.47,0,6
4/13/2016 2:00,34802.08,11.11,8.66,0.89,4.36,0,7
4/13/2016 3:00,34802.13,11.11,8.66,0.89,4.33,0,7
4/13/2016 4:00,34802.17,10.56,8.29,0.45,4.47,0,7
4/13/2016 5:00,34802.21,10.56,8.46,0.45,1.06,0,7
4/13/2016 6:00,34802.25,10.56,8.63,0.89,4.35,0,9
4/13/2016 7:00,34802.29,10,8.08,0.89,5.03,0,57
4/13/2016 8:00,34802.34,13.33,11.02,0.45,3.19,0,175
4/13/2016 9:00,34802.38,16.11,12.63,0.89,3.47,0,368
4/13/2016 10:00,34802.42,17.78,13.86,0.89,2.11,0,649
4/13/2016 11:00,34802.46,20.56,12.23,3.13,6.06,0,803
4/13/2016 12:00,34802.5,22.78,13.24,0.45,3.65,0,866
4/13/2016 13:00,34802.55,23.33,12.29,1.34,5.64,0,869
4/13/2016 14:00,34802.59,24.44,11.72,0.89,5.64,0,813
4/13/2016 15:00,34802.63,25,10.44,0.89,4.8,0.05,704
4/13/2016 16:00,34802.67,23.89,8.29,0.89,4.43,0.1,547
4/13/2016 17:00,34802.71,20,5.93,0.89,5.13,0.16,259
4/13/2016 18:00,34802.76,18.33,5.8,1.79,5.52,0.21,101
4/13/2016 19:00,34802.8,15,4,0.45,3.65,0.26,21
4/13/2016 20:00,34802.84,14.44,4.63,0.45,5.64,0.31,6
4/13/2016 21:00,34802.88,15,4.58,2.68,5.78,0.37,6
4/13/2016 22:00,34802.92,15.56,5.94,1.34,0.23,0.42,6
4/13/2016 23:00,34802.97,11.67,8.67,0.45,2.9,0,6
4/14/2016 0:00,34803,11.67,5.24,0.89,1.94,0.52,6
4/14/2016 1:00,34803.04,12.78,6.97,0.45,2.25,0.58,6
4/14/2016 2:00,34803.08,13.33,7.06,2.68,1.87,0.63,6
4/14/2016 3:00,34803.13,11.11,5.15,1.34,4.69,0.68,6
4/14/2016 4:00,34803.17,13.33,7.06,3.13,1.54,0.73,6
4/14/2016 5:00,34803.21,13.89,7.13,2.68,1.34,0.79,6
4/14/2016 6:00,34803.25,12.78,5.61,0.89,5.41,0.84,17
4/14/2016 7:00,34803.29,13.33,6.14,2.24,5.85,0.89,140
4/14/2016 8:00,34803.34,16.67,7.25,0.89,5.83,0.94,357
4/14/2016 9:00,34803.38,19.44,9.28,0.89,4.15,1,545
4/14/2016 10:00,34803.42,20,9.21,1.34,4.54,1.05,672
4/14/2016 11:00,34803.46,19.44,10.39,1.34,4.36,1.1,787
4/14/2016 12:00,34803.5,19.44,9.56,2.68,4.82,1.15,859
4/14/2016 13:00,34803.55,20.56,9.42,3.58,5.29,0,863
4/14/2016 14:00,34803.59,20,6.98,7.6,5.78,0,815
4/14/2016 15:00,34803.63,20,5.93,7.6,5.71,0,707
4/14/2016 16:00,34803.67,19.44,4.69,9.83,5.71,0,549
4/14/2016 17:00,34803.71,18.33,4.78,8.94,5.74,0,355
4/14/2016 18:00,34803.76,16.11,4.41,7.15,5.78,0,117
4/14/2016 19:00,34803.8,15,4.58,5.81,5.81,0,14
4/14/2016 20:00,34803.84,12.78,3.62,3.58,5.67,0,6
4/14/2016 21:00,34803.88,12.22,5.09,0.89,6.11,0,6
4/14/2016 22:00,34803.92,11.67,4.56,3.13,5.65,0,6
4/14/2016 23:00,34803.97,12.78,5.38,1.79,1.88,0.47,6
4/15/2016 0:00,34804,9.44,4.39,1.34,4.47,0,7
4/15/2016 1:00,34804.04,8.33,4.3,0.89,3.98,0,7
4/15/2016 2:00,34804.08,7.78,4.32,1.34,5.78,0,7
4/15/2016 3:00,34804.13,7.22,3.96,0.89,4.61,0,7
4/15/2016 4:00,34804.17,6.67,3.6,0.45,4.43,0,8
4/15/2016 5:00,34804.21,5.56,2.69,1.34,4.71,0,8
4/15/2016 6:00,34804.25,5.56,3.03,0.45,2.72,0,24
4/15/2016 7:00,34804.29,8.33,5.05,0.45,3.86,0,162
4/15/2016 8:00,34804.34,10,6.49,0.45,2.84,0,198
4/15/2016 9:00,34804.38,11.67,7.14,2.68,1.99,0,380
4/15/2016 10:00,34804.42,12.78,7.6,1.79,1.52,0,723
4/15/2016 11:00,34804.46,16.11,9.01,2.24,0.51,0,833
4/15/2016 12:00,34804.5,18.33,9.08,3.58,1.85,0,883
4/15/2016 13:00,34804.55,20.56,7.83,4.47,5.88,0,880
4/15/2016 14:00,34804.59,21.11,7.3,1.79,5.27,0,821
4/15/2016 15:00,34804.63,23.33,8.18,2.68,5.24,0,706
4/15/2016 16:00,34804.67,22.78,6.89,3.13,4.69,0,548
4/15/2016 17:00,34804.71,22.22,6.4,4.92,5.72,0,358
4/15/2016 18:00,34804.76,20.56,5.69,5.36,5.78,0,112
4/15/2016 19:00,34804.8,16.11,3.11,1.34,5.53,0,14
4/15/2016 20:00,34804.84,15,3.08,1.34,3.32,0,6
4/15/2016 21:00,34804.88,15,3.39,1.34,2.3,0,6
4/15/2016 22:00,34804.92,15,3.7,1.34,2.84,0,6
4/15/2016 23:00,34804.97,11.11,4.72,1.34,5.13,0,6
4/16/2016 0:00,34805,13.89,3.56,3.58,2.53,0,6
4/16/2016 1:00,34805.04,13.89,3.84,3.13,2.39,0,6
4/16/2016 2:00,34805.08,11.67,3.35,0.89,2.98,0,6
4/16/2016 3:00,34805.13,12.22,4.61,1.34,0.82,0,7
4/16/2016 4:00,34805.17,11.67,5.02,3.58,1.26,0,7
4/16/2016 5:00,34805.21,11.67,5.24,3.58,1.2,0,6
4/16/2016 6:00,34805.25,11.67,5.69,3.58,1.45,0,24
4/16/2016 7:00,34805.29,13.89,6.9,3.58,1.31,0,173
4/16/2016 8:00,34805.34,16.67,7.79,1.79,1.61,0,373
4/16/2016 9:00,34805.38,22.22,10.01,1.34,2.16,0,566
4/16/2016 10:00,34805.42,22.22,7.94,0.89,3.82,0,726
4/16/2016 11:00,34805.46,23.33,8.18,0.45,1.43,0,835
4/16/2016 12:00,34805.5,24.44,8.78,0.89,0.56,0,889
4/16/2016 13:00,34805.55,25,8.03,0.45,5.72,0,889
4/16/2016 14:00,34805.59,27.22,9.1,1.34,4.8,0,830
4/16/2016 15:00,34805.63,27.22,7.65,1.34,5.27,0,716
4/16/2016 16:00,34805.67,28.33,8.62,0.45,3.16,0,554
4/16/2016 17:00,34805.71,26.67,8.15,0.89,5.62,0,358
4/16/2016 18:00,34805.76,23.89,7.88,0.45,4.76,0,109
4/16/2016 19:00,34805.8,19.44,6.14,0.45,4.68,0,14
4/16/2016 20:00,34805.84,18.89,6.31,0.89,0.03,0,6
4/16/2016 21:00,34805.88,17.22,8.57,1.34,1.13,0,6
4/16/2016 22:00,34805.92,17.22,8.83,3.13,1.12,0,6
4/16/2016 23:00,34805.97,15.56,4.51,5.36,2.22,0,6
4/17/2016 0:00,34806,15,8.19,4.47,1.68,0,6
4/17/2016 1:00,34806.04,15,7.96,4.02,1.68,0,6
4/17/2016 2:00,34806.08,15,7.48,5.36,1.57,0,6
4/17/2016 3:00,34806.13,15,7.96,4.92,1.66,0,6
4/17/2016 4:00,34806.17,13.89,6.43,4.47,1.62,0,6
4/17/2016 5:00,34806.21,13.33,6.14,4.02,1.4,0,6
4/17/2016 6:00,34806.25,13.89,5.69,3.58,1.88,0,25
4/17/2016 7:00,34806.29,16.11,6.73,3.13,1.66,0,179
4/17/2016 8:00,34806.34,18.89,8.48,2.24,1.19,0,380
4/17/2016 9:00,34806.38,21.67,7.8,0.89,6.09,0,573
4/17/2016 10:00,34806.42,26.11,10.28,0.45,4.89,0,733
4/17/2016 11:00,34806.46,25.56,9.37,1.34,0.52,0,843
4/17/2016 12:00,34806.5,30,9.55,1.34,2.43,0,900
4/17/2016 13:00,34806.55,30,6.03,2.24,3.77,0,901
4/17/2016 14:00,34806.59,31.11,5.6,0.45,1.48,0,844
4/17/2016 15:00,34806.63,32.78,6.25,0.89,4.17,0,728
4/17/2016 16:00,34806.67,33.33,5.94,0.89,0.65,0,566
4/17/2016 17:00,34806.71,31.11,5.6,0.89,5.99,0,370
4/17/2016 18:00,34806.76,28.89,2.26,0.89,5.83,0,115
4/17/2016 19:00,34806.8,24.44,4.21,1.34,1.15,0,14
4/17/2016 20:00,34806.84,22.22,6.4,1.79,1.31,0,6
4/17/2016 21:00,34806.88,20,5.93,3.13,1.43,0,6
4/17/2016 22:00,34806.92,18.89,6.63,2.68,1.5,0,6
4/17/2016 23:00,34806.97,16.11,8.77,4.47,1.76,0,6
4/18/2016 0:00,34807,19.44,5.43,3.58,1.41,0,6
4/18/2016 1:00,34807.04,18.89,4.93,2.68,2.13,0,6
4/18/2016 2:00,34807.08,18.89,4.56,4.02,1.68,0,6
4/18/2016 3:00,34807.13,17.78,4.28,4.02,1.64,0,6
4/18/2016 4:00,34807.17,17.78,3.56,2.24,1.55,0,6
4/18/2016 5:00,34807.21,16.67,2.92,1.34,1.17,0,6
4/18/2016 6:00,34807.25,16.67,4.28,0.89,2.67,0,27
4/18/2016 7:00,34807.29,18.89,6.96,1.34,1.26,0,181
4/18/2016 8:00,34807.34,21.67,7.07,1.34,0.87,0,379
4/18/2016 9:00,34807.38,25.56,9.37,0.89,4.08,0,571
4/18/2016 10:00,34807.42,27.22,7.65,0.89,4.21,0,727
4/18/2016 11:00,34807.46,28.89,7.5,1.34,4.45,0,829
4/18/2016 12:00,34807.5,30,7.29,2.68,4.26,0,883
4/18/2016 13:00,34807.55,31.11,7.62,3.13,6.06,0,890
4/18/2016 14:00,34807.59,32.78,8.38,1.34,6.16,0,831
4/18/2016 15:00,34807.63,34.44,9.79,0.45,2.95,0,720
4/18/2016 16:00,34807.67,32.78,9.03,1.79,6.07,0,560
4/18/2016 17:00,34807.71,33.33,10.13,0.45,1.68,0,366
4/18/2016 18:00,34807.76,28.33,8.11,0.45,4.43,0,121
4/18/2016 19:00,34807.8,25,7.59,2.24,0.26,0,13
4/18/2016 20:00,34807.84,22.78,8.44,2.68,1.57,0,6
4/18/2016 21:00,34807.88,22.22,6.8,1.34,1.48,0,6
4/18/2016 22:00,34807.92,20,7.97,3.13,1.2,0,6
4/18/2016 23:00,34807.97,20,6.29,2.68,1.82,0,6
4/19/2016 0:00,34808,18.33,7.67,3.13,1.52,0,6
4/19/2016 1:00,34808.04,18.89,6.96,2.24,1.59,0,6
4/19/2016 2:00,34808.08,17.78,5.94,1.34,1.78,0,6
4/19/2016 3:00,34808.13,16.67,8.56,2.24,0.89,0,6
4/19/2016 4:00,34808.17,17.22,5.43,0.89,3,0,6
4/19/2016 5:00,34808.21,17.22,8.04,1.79,1.06,0,6
4/19/2016 6:00,34808.25,16.11,7.53,2.68,1.19,0,27
4/19/2016 7:00,34808.29,20,9.8,2.24,1.33,0,171
4/19/2016 8:00,34808.34,21.11,11.68,0.89,3.94,0,381
4/19/2016 9:00,34808.38,26.11,12.54,0.45,6.13,0,547
4/19/2016 10:00,34808.42,27.78,10.93,0.45,3.7,0,701
4/19/2016 11:00,34808.46,28.89,9.11,1.34,3.53,0,805
4/19/2016 12:00,34808.5,31.11,9.42,2.24,2.62,0,895
4/19/2016 13:00,34808.55,31.67,9.31,0.89,1.83,0,893
4/19/2016 14:00,34808.59,33.89,9.97,1.34,0.59,0,784
4/19/2016 15:00,34808.63,34.44,8.38,0.89,4.75,0.13,663
4/19/2016 16:00,34808.67,31.11,7.62,0.45,5.08,0.26,409
4/19/2016 17:00,34808.71,30,6.67,0.45,5.36,0.39,203
4/19/2016 18:00,34808.76,27.78,5.98,0.89,1.2,0.53,74
4/19/2016 19:00,34808.8,24.44,7.54,2.24,1.59,0.66,16
4/19/2016 20:00,34808.84,23.89,8.29,1.79,1.36,0.79,5
4/19/2016 21:00,34808.88,19.44,6.81,1.34,4.69,0.92,6
4/19/2016 22:00,34808.92,19.44,7.14,1.79,6.23,1.05,6
4/19/2016 23:00,34808.97,19.44,8.4,4.02,1.47,0,6
4/20/2016 0:00,34809,18.89,9.87,3.13,1.57,1.31,6
4/20/2016 1:00,34809.04,16.11,7.78,0.89,0.63,1.45,6
4/20/2016 2:00,34809.08,16.67,9.06,2.24,1.66,1.58,6
4/20/2016 3:00,34809.13,17.78,9.86,3.13,1.33,1.71,6
4/20/2016 4:00,34809.17,17.22,8.83,3.58,1.75,1.84,6
4/20/2016 5:00,34809.21,15.56,7.01,4.02,1.59,1.97,6
4/20/2016 6:00,34809.25,15.56,7.26,3.13,1.47,2.1,28
4/20/2016 7:00,34809.29,16.67,7.79,0.89,4.43,2.23,173
4/20/2016 8:00,34809.34,20.56,9.72,1.34,0.66,2.37,376
4/20/2016 9:00,34809.38,23.33,10.02,1.79,1.22,2.5,564
4/20/2016 10:00,34809.42,25,9.28,1.79,6.02,2.63,712
4/20/2016 11:00,34809.46,27.78,9.59,0.89,5.46,2.76,838
4/20/2016 12:00,34809.5,27.78,9.12,2.24,0.73,2.89,833
4/20/2016 13:00,34809.55,29.44,7.41,0.89,3.4,0,842
4/20/2016 14:00,34809.59,30.56,7.76,0.45,4.9,0,844
4/20/2016 15:00,34809.63,31.11,6.97,0.89,3.12,0.11,682
4/20/2016 16:00,34809.67,31.67,8.09,0.89,0.07,0.22,467
4/20/2016 17:00,34809.71,28.89,6.34,1.34,1.24,0.33,299
4/20/2016 18:00,34809.76,26.67,3.22,2.24,2.32,0.44,139
4/20/2016 19:00,34809.8,24.44,5.23,0.89,1.12,0.55,21
4/20/2016 20:00,34809.84,22.22,4.7,2.68,1.47,0.66,5
4/20/2016 21:00,34809.88,21.11,6.57,2.68,1.78,0.77,5
4/20/2016 22:00,34809.92,19.44,6.48,1.34,4.82,0.89,6
4/20/2016 23:00,34809.97,18.33,9.08,3.58,1.55,1.18,6
4/21/2016 0:00,34810,15,5.15,0.45,3.49,1.11,6
4/21/2016 1:00,34810.04,15,5.7,1.34,1.73,1.22,6
4/21/2016 2:00,34810.08,11.67,4.56,0.45,4.28,1.33,6
4/21/2016 3:00,34810.13,13.89,7.13,1.79,1.61,1.44,6
4/21/2016 4:00,34810.17,11.67,5.69,0.89,4.56,1.55,6
4/21/2016 5:00,34810.21,12.78,7.18,0.89,1.94,1.66,6
4/21/2016 6:00,34810.25,14.44,8.34,2.68,1.5,1.77,30
4/21/2016 7:00,34810.29,12.78,6.3,1.34,4.43,1.88,172
4/21/2016 8:00,34810.34,17.22,9.58,1.34,3.7,1.99,382
4/21/2016 9:00,34810.38,21.67,9.82,0.89,1.17,2.1,583
4/21/2016 10:00,34810.42,22.78,7.29,2.24,3.86,2.21,718
4/21/2016 11:00,34810.46,26.67,8.15,2.24,2.25,2.32,803
4/21/2016 12:00,34810.5,28.33,8.62,0.45,2.51,2.44,849
4/21/2016 13:00,34810.55,28.89,8.05,0.45,4.63,0,870
4/21/2016 14:00,34810.59,29.44,6.2,0,1.1,0,832
4/21/2016 15:00,34810.63,30.56,6.5,0.89,4.1,0.22,736
4/21/2016 16:00,34810.67,31.67,5.33,1.79,2.08,0.43,567
4/21/2016 17:00,34810.71,31.11,6.97,0.45,0.87,0.65,366
4/21/2016 18:00,34810.76,26.67,3.22,1.34,2.57,0.86,109
4/21/2016 19:00,34810.8,23.33,1.6,0.45,3.74,1.08,14
4/21/2016 20:00,34810.84,18.89,8.48,0.89,4.99,1.3,6
4/21/2016 21:00,34810.88,16.11,8.29,0.45,4.47,1.51,6
4/21/2016 22:00,34810.92,15,8.65,0.45,4.43,1.73,6
4/21/2016 23:00,34810.97,18.33,6.76,2.24,1.68,1,6
4/22/2016 0:00,34811,14.44,10.03,0.89,0.47,2.16,6
4/22/2016 1:00,34811.04,15.56,11.11,1.79,0.63,2.38,6
4/22/2016 2:00,34811.08,12.22,8.46,0.89,3.14,2.59,6
4/22/2016 3:00,34811.13,13.33,9.73,0.45,3.74,2.81,6
4/22/2016 4:00,34811.17,13.89,10.27,1.79,6.2,3.03,6
4/22/2016 5:00,34811.21,13.89,10.46,2.24,1.62,3.24,6
4/22/2016 6:00,34811.25,14.44,10.82,3.13,2.29,3.46,22
4/22/2016 7:00,34811.29,16.11,11.85,0.45,5.29,3.68,139
4/22/2016 8:00,34811.34,16.67,10.69,3.13,3.91,3.89,354
4/22/2016 9:00,34811.38,20,12.46,2.68,3.49,4.11,488
4/22/2016 10:00,34811.42,20,10.08,3.13,3.58,4.32,734
4/22/2016 11:00,34811.46,21.67,10.45,2.68,4.21,4.54,852
4/22/2016 12:00,34811.5,22.22,10.01,2.68,4.21,4.76,755
4/22/2016 13:00,34811.55,22.22,9.68,4.47,3.26,8.34,456
4/22/2016 14:00,34811.59,15.56,9.84,8.94,5.85,8.08,419
4/22/2016 15:00,34811.63,12.22,8.46,3.58,5.81,7.71,87
4/22/2016 16:00,34811.67,13.89,9.69,1.34,5.17,7.35,134
4/22/2016 17:00,34811.71,14.44,9.21,0.89,3.53,6.98,78
4/22/2016 18:00,34811.76,13.33,7.71,3.58,5.76,6.61,43
4/22/2016 19:00,34811.8,12.78,7.81,2.24,6.28,6.24,22
4/22/2016 20:00,34811.84,12.22,7.68,5.81,0.33,5.88,6
4/22/2016 21:00,34811.88,11.67,7.73,1.34,4.85,5.51,6
4/22/2016 22:00,34811.92,11.67,8.11,1.79,5.86,5.14,6
4/22/2016 23:00,34811.97,13.33,8.34,0.89,4.56,1.95,6
4/23/2016 0:00,34812,11.11,7,3.58,5.76,4.41,6
4/23/2016 1:00,34812.04,10,5.73,1.34,0.33,4.04,6
4/23/2016 2:00,34812.08,8.89,5.03,0.89,5.81,3.67,6
4/23/2016 3:00,34812.13,10.56,6.07,2.68,0.68,3.31,6
4/23/2016 4:00,34812.17,10,5.53,2.68,0.93,2.94,6
4/23/2016 5:00,34812.21,7.78,3.95,0.89,4.29,2.57,6
4/23/2016 6:00,34812.25,9.44,4.8,0.45,1.29,2.2,37
4/23/2016 7:00,34812.29,13.33,7.06,2.68,6.2,1.84,203
4/23/2016 8:00,34812.34,15,8.19,4.02,5.95,1.47,400
4/23/2016 9:00,34812.38,16.67,8.05,4.92,5.78,1.1,587
4/23/2016 10:00,34812.42,18.33,9.61,0.89,2.9,0.73,742
4/23/2016 11:00,34812.46,18.89,8.48,2.68,5.81,0.37,847
4/23/2016 12:00,34812.5,20,8.29,0.89,4.19,0,903
4/23/2016 13:00,34812.55,21.67,8.84,0.45,2.83,0,910
4/23/2016 14:00,34812.59,22.22,8.66,2.68,0.02,0,854
4/23/2016 15:00,34812.63,23.33,10.02,0.89,4.49,0.17,716
4/23/2016 16:00,34812.67,23.33,9.67,0.89,4,0.34,577
4/23/2016 17:00,34812.71,23.33,9.67,0.89,3.25,0.51,343
4/23/2016 18:00,34812.76,18.89,6.31,1.79,4.92,0.68,121
4/23/2016 19:00,34812.8,15.56,5.67,3.58,5.78,0.85,19
4/23/2016 20:00,34812.84,15.56,6.21,2.68,5.79,1.02,6
4/23/2016 21:00,34812.88,14.44,5.44,1.79,5.62,1.19,6
4/23/2016 22:00,34812.92,13.89,5.44,0.89,4.71,1.36,6
4/23/2016 23:00,34812.97,10,7.04,0.45,5.41,4.78,6
4/24/2016 0:00,34813,11.67,5.69,0.45,4.01,1.7,6
4/24/2016 1:00,34813.04,10.56,5.67,0.89,4.82,1.88,7
4/24/2016 2:00,34813.08,11.11,6.6,2.24,1.8,2.05,7
4/24/2016 3:00,34813.13,11.11,7.38,0.89,2.3,2.22,6
4/24/2016 4:00,34813.17,11.11,7.19,0.45,4.61,2.39,6
4/24/2016 5:00,34813.21,10,6.3,0.45,4.1,2.56,7
4/24/2016 6:00,34813.25,11.67,7.92,0.89,4.26,2.73,17
4/24/2016 7:00,34813.29,11.11,7.76,0.89,4.92,2.9,90
4/24/2016 8:00,34813.34,15,10.57,0.89,5.81,3.07,208
4/24/2016 9:00,34813.38,16.67,11.13,0.45,5.45,3.24,332
4/24/2016 10:00,34813.42,19.44,12.66,0.45,0.35,3.41,473
4/24/2016 11:00,34813.46,20.56,11.97,0.45,0.72,3.58,590
4/24/2016 12:00,34813.5,20,10.91,1.34,0.31,3.75,808
4/24/2016 13:00,34813.55,23.33,11.99,1.34,5.06,0,938
4/24/2016 14:00,34813.59,25.56,12.73,0.89,5.76,0,846
4/24/2016 15:00,34813.63,25.56,11.32,1.34,4.15,0,641
4/24/2016 16:00,34813.67,23.33,9.67,4.47,5.62,0,601
4/24/2016 17:00,34813.71,20,6.98,1.34,5.17,0,210
4/24/2016 18:00,34813.76,18.89,7.88,2.68,4.82,0,101
4/24/2016 19:00,34813.8,16.11,8.04,4.02,5.74,0,26
4/24/2016 20:00,34813.84,15.56,6.48,4.02,5.52,0,6
4/24/2016 21:00,34813.88,15,4.29,4.47,5.65,0,6
4/24/2016 22:00,34813.92,12.22,3.88,1.79,5.85,0,6
4/24/2016 23:00,34813.97,13.89,6.43,1.34,4.57,1.53,6
4/25/2016 0:00,34814,9.44,3.35,2.24,4.68,0,6
4/25/2016 1:00,34814.04,7.78,2.59,1.79,4.42,0,6
4/25/2016 2:00,34814.08,8.33,3.72,0.89,4.78,0,7
4/25/2016 3:00,34814.13,7.22,3.04,0.45,4.82,0,7
4/25/2016 4:00,34814.17,6.67,3.06,0.45,3.72,0,7
4/25/2016 5:00,34814.21,7.78,4.14,1.34,4.42,0,7
4/25/2016 6:00,34814.25,6.67,2.87,1.34,4.49,0,31
4/25/2016 7:00,34814.29,10,5.53,0.89,4.1,0,200
4/25/2016 8:00,34814.34,12.78,4.9,2.24,5.97,0,407
4/25/2016 9:00,34814.38,14.44,5.18,4.47,5.95,0,594
4/25/2016 10:00,34814.42,15,4.58,2.24,5.36,0,751
4/25/2016 11:00,34814.46,16.11,3.77,5.36,5.79,0,808
4/25/2016 12:00,34814.5,16.67,2.56,7.6,5.62,0,919
4/25/2016 13:00,34814.55,16.67,2.2,8.94,5.99,3.38,777
4/25/2016 14:00,34814.59,17.22,2.7,5.81,0.51,1.98,716
4/25/2016 15:00,34814.63,20,4.41,1.34,4.21,2.08,624
4/25/2016 16:00,34814.67,19.44,3.11,0.89,5.03,2.18,557
4/25/2016 17:00,34814.71,20,3.6,5.36,5.79,2.27,377
4/25/2016 18:00,34814.76,17.22,1.94,5.81,5.93,2.37,131
4/25/2016 19:00,34814.8,15.56,2.27,2.24,4.42,2.47,17
4/25/2016 20:00,34814.84,15,1.42,0.45,5.74,2.56,6
4/25/2016 21:00,34814.88,12.78,0.09,0.89,4.57,2.66,6
4/25/2016 22:00,34814.92,11.11,0.12,0.89,3.44,2.76,6
4/25/2016 23:00,34814.97,10.56,3.96,1.79,4.56,0,6
4/26/2016 0:00,34815,11.11,2.33,0.89,2.34,2.95,6
4/26/2016 1:00,34815.04,9.44,1.51,0.89,1.99,3.05,6
4/26/2016 2:00,34815.08,10.56,4.19,2.24,1.95,3.14,6
4/26/2016 3:00,34815.13,10.56,4.62,2.24,1.34,3.24,6
4/26/2016 4:00,34815.17,9.44,3.98,4.02,1.76,3.34,6
4/26/2016 5:00,34815.21,9.44,3.35,3.13,1.47,3.43,7
4/26/2016 6:00,34815.25,10.56,4.62,2.68,1.92,3.53,43
4/26/2016 7:00,34815.29,13.33,6.14,1.34,1.45,3.63,211
4/26/2016 8:00,34815.34,16.11,5.9,1.79,3.72,3.73,401
4/26/2016 9:00,34815.38,17.22,5.43,0.89,3.46,3.82,585
4/26/2016 10:00,34815.42,18.89,5.28,0.89,5.08,3.92,708
4/26/2016 11:00,34815.46,20.56,6.07,0.45,1.8,4.02,815
4/26/2016 12:00,34815.5,22.22,6.8,0.89,3.53,4.11,795
4/26/2016 13:00,34815.55,22.22,6.4,1.79,1.08,0,863
4/26/2016 14:00,34815.59,24.44,7.54,0.45,4.47,3.03,693
4/26/2016 15:00,34815.63,23.89,7.05,1.79,6.06,2.89,611
4/26/2016 16:00,34815.67,22.22,5.99,4.02,5.86,2.75,391
4/26/2016 17:00,34815.71,21.67,4.65,3.13,5.64,2.61,293
4/26/2016 18:00,34815.76,20.56,3.67,1.79,5.53,2.48,123
4/26/2016 19:00,34815.8,16.67,1.05,1.79,5.69,2.34,18
4/26/2016 20:00,34815.84,16.67,2.2,2.24,6.07,2.2,6
4/26/2016 21:00,34815.88,16.67,3.27,1.79,0.56,2.06,6
4/26/2016 22:00,34815.92,13.33,2.46,1.34,4.63,1.93,6
4/26/2016 23:00,34815.97,11.11,1.26,0.45,5.57,2.85,6
4/27/2016 0:00,34816,12.22,4.37,0.89,4.19,1.65,6
4/27/2016 1:00,34816.04,10.56,3.96,0.45,4.14,1.51,6
4/27/2016 2:00,34816.08,12.22,6,0.89,6.28,1.38,6
4/27/2016 3:00,34816.13,10,4.72,0.89,4.33,1.24,6
4/27/2016 4:00,34816.17,10,5.13,0.45,4.5,1.1,6
4/27/2016 5:00,34816.21,7.78,3.19,0.89,4.56,0.96,6
4/27/2016 6:00,34816.25,8.33,4.3,0.45,4.52,0.83,31
4/27/2016 7:00,34816.29,10.56,5.87,0.89,4.73,0.69,182
4/27/2016 8:00,34816.34,14.44,7.66,0.89,5.48,0.55,375
4/27/2016 9:00,34816.38,18.33,9.08,1.34,1.47,0.41,593
4/27/2016 10:00,34816.42,20,7.65,1.34,5.6,0.28,707
4/27/2016 11:00,34816.46,21.11,6.19,1.79,4.07,0.14,857
4/27/2016 12:00,34816.5,22.22,6.4,0.45,3.91,0,911
4/27/2016 13:00,34816.55,24.44,7.1,1.34,2.41,0,904
4/27/2016 14:00,34816.59,22.22,4.7,0.89,4.03,4.4,646
4/27/2016 15:00,34816.63,17.78,6.86,6.26,5.83,4.63,322
4/27/2016 16:00,34816.67,20,9.21,3.58,4.97,4.85,628
4/27/2016 17:00,34816.71,16.11,6.18,1.34,5.11,5.07,147
4/27/2016 18:00,34816.76,15,6.99,1.79,5.65,5.3,80
4/27/2016 19:00,34816.8,12.78,6.3,3.58,5.6,5.52,17
4/27/2016 20:00,34816.84,12.22,5.77,3.58,5.79,5.75,6
4/27/2016 21:00,34816.88,11.67,6.11,2.68,6.27,5.97,6
4/27/2016 22:00,34816.92,10,5.33,0.89,3.4,6.2,6
4/27/2016 23:00,34816.97,12.78,3.89,0.45,5.88,1.79,6
4/28/2016 0:00,34817,8.89,5.59,1.34,4.75,6.65,6
4/28/2016 1:00,34817.04,8.33,5.41,0.89,4.52,6.87,6
4/28/2016 2:00,34817.08,8.89,6.3,1.34,5.72,7.1,6
4/28/2016 3:00,34817.13,7.78,5.38,0.45,3.72,7.32,6
4/28/2016 4:00,34817.17,7.78,5.56,0.45,4.61,7.55,6
4/28/2016 5:00,34817.21,7.78,5.56,0.89,2.44,7.77,6
4/28/2016 6:00,34817.25,7.78,5.72,1.34,2.16,7.99,15
4/28/2016 7:00,34817.29,10,7.57,1.34,2.06,8.22,68
4/28/2016 8:00,34817.34,15,9.95,1.79,3.82,8.44,349
4/28/2016 9:00,34817.38,13.33,8.34,0.89,3.53,8.67,264
4/28/2016 10:00,34817.42,15.56,9.4,0.89,3.53,8.89,308
4/28/2016 11:00,34817.46,15,8.87,0.45,1.85,9.12,199
4/28/2016 12:00,34817.5,17.78,10.59,1.34,3.74,9.34,388
4/28/2016 13:00,34817.55,18.89,9.87,2.24,3.68,5.52,678
4/28/2016 14:00,34817.59,21.11,10.24,0.89,2.46,0,868
4/28/2016 15:00,34817.63,22.22,10.33,0.89,5.88,0.04,726
4/28/2016 16:00,34817.67,21.67,9.5,2.24,6.04,0.07,574
4/28/2016 17:00,34817.71,22.78,10.84,0.89,2.01,0.11,374
4/28/2016 18:00,34817.76,20.56,9.12,0.89,3.46,0.14,146
4/28/2016 19:00,34817.8,17.78,6.86,0.45,5.81,0.18,18
4/28/2016 20:00,34817.84,15.56,5.94,0.45,2.84,0.22,6
4/28/2016 21:00,34817.88,15,5.7,2.24,1.83,0.25,6
4/28/2016 22:00,34817.92,15.56,8.01,2.24,1.38,0.29,6
4/28/2016 23:00,34817.97,8.89,5.22,0.45,4.68,6.42,6
4/29/2016 0:00,34818,13.89,8.03,3.13,1.78,0.36,6
4/29/2016 1:00,34818.04,13.89,8.25,2.68,1.64,0.39,6
4/29/2016 2:00,34818.08,13.89,8.25,2.68,1.59,0.43,6
4/29/2016 3:00,34818.13,13.89,8.67,3.13,1.52,0.47,6
4/29/2016 4:00,34818.17,13.89,8.67,3.58,1.8,0.5,6
4/29/2016 5:00,34818.21,13.33,8.14,3.13,1.82,0.54,6
4/29/2016 6:00,34818.25,13.89,8.46,4.02,1.36,0.57,49
4/29/2016 7:00,34818.29,15,8.19,3.58,1.47,0.61,174
4/29/2016 8:00,34818.34,18.33,10.13,2.68,1.17,0.65,310
4/29/2016 9:00,34818.38,21.67,11.35,0.45,0.98,0.68,542
4/29/2016 10:00,34818.42,23.33,11.03,0.89,0.21,0.72,727
4/29/2016 11:00,34818.46,24.44,10.67,0.45,3.53,0.75,834
4/29/2016 12:00,34818.5,25.56,10.57,2.24,5.36,0.79,895
4/29/2016 13:00,34818.55,27.22,10.86,0.89,3.51,0,892
4/29/2016 14:00,34818.59,28.33,10.99,1.79,5.6,0,832
4/29/2016 15:00,34818.63,28.89,11.48,1.34,5.25,0,723
4/29/2016 16:00,34818.67,27.78,9.59,1.34,4.36,0,571
4/29/2016 17:00,34818.71,26.67,8.15,3.58,5.78,0,378
4/29/2016 18:00,34818.76,23.89,6.61,3.58,5.64,0,140
4/29/2016 19:00,34818.8,20,5.93,0.89,5.5,0,19
4/29/2016 20:00,34818.84,17.22,7.49,1.34,3.04,0,6
4/29/2016 21:00,34818.88,15,7.24,0.89,3.25,0,6
4/29/2016 22:00,34818.92,12.78,6.3,1.34,4.54,0,6
4/29/2016 23:00,34818.97,13.89,7.59,3.13,1.59,0.32,6
4/30/2016 0:00,34819,12.22,6,0.89,4.78,0,6
4/30/2016 1:00,34819.04,11.67,5.9,0,3.26,0,6
4/30/2016 2:00,34819.08,12.78,7.39,1.34,1.52,0,6
4/30/2016 3:00,34819.13,12.22,7.07,0.45,2.57,0,6
4/30/2016 4:00,34819.17,11.67,6.94,0.45,4.24,0,6
4/30/2016 5:00,34819.21,9.44,5.38,0.45,4.59,0,6
4/30/2016 6:00,34819.25,10.56,6.46,0.89,3.8,0,49
4/30/2016 7:00,34819.29,15,9.31,0.45,4.87,0,217
4/30/2016 8:00,34819.34,15.56,8.25,3.13,3.72,0,416
4/30/2016 9:00,34819.38,17.78,9.61,1.34,3.67,0,598
4/30/2016 10:00,34819.42,20.56,10.88,1.79,3.44,0,746
4/30/2016 11:00,34819.46,21.67,10.45,0.89,2.51,0,848
4/30/2016 12:00,34819.5,23.33,10.7,0.89,4.73,0,904
4/30/2016 13:00,34819.55,25,10.44,1.79,0.77,0,899
4/30/2016 14:00,34819.59,25,8.46,1.79,0.42,0,843
4/30/2016 15:00,34819.63,23.89,8.29,1.79,0.8,0.02,721
4/30/2016 16:00,34819.67,25,8.46,1.34,1.4,0.04,567
4/30/2016 17:00,34819.71,25.56,8.95,0.89,1.47,0.06,380
4/30/2016 18:00,34819.76,23.89,7.05,1.34,3.79,0.08,160
4/30/2016 19:00,34819.8,20,5.19,0.89,3,0.09,18
4/30/2016 20:00,34819.84,19.44,5.43,2.24,2.36,0.11,6
4/30/2016 21:00,34819.88,18.33,7.67,1.79,1.5,0.13,6
4/30/2016 22:00,34819.92,16.67,7.52,3.13,1.47,0.15,6
4/30/2016 23:00,34819.97,12.22,6,1.34,3.77,0,6
5/1/2016 0:00,34820,16.11,8.77,2.24,1.82,0.19,6
5/1/2016 1:00,34820.04,15.56,8.01,2.68,1.48,0.21,6
5/1/2016 2:00,34820.08,13.89,6.67,1.34,4.47,0.23,6
5/1/2016 3:00,34820.13,12.78,6.75,2.24,1.83,0.25,6
5/1/2016 4:00,34820.17,12.78,7.6,2.24,1.82,0.27,6
5/1/2016 5:00,34820.21,13.33,7.93,3.58,1.33,0.28,6
5/1/2016 6:00,34820.25,15,9.31,3.58,1.57,0.3,49
5/1/2016 7:00,34820.29,16.67,9.54,3.13,1.19,0.32,213
5/1/2016 8:00,34820.34,20,10.91,1.79,0.8,0.34,410
5/1/2016 9:00,34820.38,24.44,9.57,1.34,3.63,0.36,591
5/1/2016 10:00,34820.42,27.78,10.05,0.89,3.56,0.38,740
5/1/2016 11:00,34820.46,27.22,7.65,0.89,3.65,0.4,848
5/1/2016 12:00,34820.5,27.78,7.62,0.89,4.75,0.42,901
5/1/2016 13:00,34820.55,30.56,7.76,0.89,5.9,0,904
5/1/2016 14:00,34820.59,30.56,6.5,0.89,6.13,0,849
5/1/2016 15:00,34820.63,28.33,7.02,2.68,0.98,0,739
5/1/2016 16:00,34820.67,28.33,7.02,4.02,1.06,0,580
5/1/2016 17:00,34820.71,25.56,7.17,8.05,1.15,0,334
5/1/2016 18:00,34820.76,22.78,6.06,5.81,1.22,0,144
5/1/2016 19:00,34820.8,22.78,6.06,2.24,3.84,0,15
5/1/2016 20:00,34820.84,20.56,7.14,0.89,4.38,0,5
5/1/2016 21:00,34820.88,20.56,7.14,0.45,5.03,0,6
5/1/2016 22:00,34820.92,19.44,8.7,2.68,0.8,0,6
5/1/2016 23:00,34820.97,15.56,7.51,2.68,1.82,0.17,6
5/2/2016 0:00,34821,20.56,7.14,4.92,1.29,0,6
5/2/2016 1:00,34821.04,20,6.29,5.36,1.17,0,6
5/2/2016 2:00,34821.08,20,5.57,4.92,1.47,0,6
5/2/2016 3:00,34821.13,18.89,3.81,2.24,0.73,0,6
5/2/2016 4:00,34821.17,16.11,3.45,1.34,4.54,0,6
5/2/2016 5:00,34821.21,16.67,3.62,0.89,1.12,0,6
5/2/2016 6:00,34821.25,16.67,6.7,2.24,1.2,0,51
5/2/2016 7:00,34821.29,21.11,5.8,1.34,1.24,0,223
5/2/2016 8:00,34821.34,25,7.59,0.89,2.97,0,423
5/2/2016 9:00,34821.38,27.78,7.09,0.89,3.54,0,609
5/2/2016 10:00,34821.42,28.33,7.57,0.89,2.67,0,760
5/2/2016 11:00,34821.46,30,7.88,0.45,3.58,0,865
5/2/2016 12:00,34821.5,30,6.67,2.68,5.88,0,919
5/2/2016 13:00,34821.55,31.67,6.77,1.34,5.31,0,916
5/2/2016 14:00,34821.59,33.33,5.94,0.89,4.24,0,850
5/2/2016 15:00,34821.63,33.89,5.58,0.89,3.44,0.21,741
5/2/2016 16:00,34821.67,33.89,5.58,0.45,4.54,0.42,583
5/2/2016 17:00,34821.71,31.67,4.56,0.45,4.26,0.63,387
5/2/2016 18:00,34821.76,29.44,4.2,0.45,4.75,0.84,157
5/2/2016 19:00,34821.8,23.89,0.87,0.89,6.02,1.04,19
5/2/2016 20:00,34821.84,23.89,4.25,1.34,1.03,1.25,5
5/2/2016 21:00,34821.88,22.78,6.06,2.24,1.05,1.46,6
5/2/2016 22:00,34821.92,21.11,5.41,1.79,1.36,1.67,5
5/2/2016 23:00,34821.97,20.56,8.16,6.26,1.4,0,6
5/3/2016 0:00,34822,21.11,5.8,2.24,1.75,2.09,5
5/3/2016 1:00,34822.04,18.33,4.43,0.89,4.14,2.3,5
5/3/2016 2:00,34822.08,17.78,4.62,0.89,2.97,2.51,6
5/3/2016 3:00,34822.13,16.11,5.02,1.34,4.22,2.71,6
5/3/2016 4:00,34822.17,17.22,4.79,0.45,2.83,2.92,6
5/3/2016 5:00,34822.21,15.56,4.81,0.89,2.36,3.13,6
5/3/2016 6:00,34822.25,18.33,9.35,1.34,1.12,3.34,62
5/3/2016 7:00,34822.29,21.67,10.14,0.89,2.09,3.55,217
5/3/2016 8:00,34822.34,24.44,11.03,1.34,0.93,3.76,367
5/3/2016 9:00,34822.38,27.78,10.49,0.89,4.19,3.97,586
5/3/2016 10:00,34822.42,30.56,10.03,0.45,3.75,4.18,726
5/3/2016 11:00,34822.46,30,8.46,0.89,1.88,4.39,737
5/3/2016 12:00,34822.5,31.67,6.77,0.45,3.35,4.59,781
5/3/2016 13:00,34822.55,32.22,7.23,0.89,3.77,5.53,684
5/3/2016 14:00,34822.59,31.11,6.3,0.89,1.01,7.57,471
5/3/2016 15:00,34822.63,30,6.03,0.45,5.13,7.41,328
5/3/2016 16:00,34822.67,30.56,5.83,0.89,1.52,7.26,440
5/3/2016 17:00,34822.71,28.89,4.43,0,0.45,7.1,261
5/3/2016 18:00,34822.76,27.78,4.79,1.34,5.79,6.95,138
5/3/2016 19:00,34822.8,25.56,4.08,1.34,0.7,6.79,24
5/3/2016 20:00,34822.84,23.89,7.05,3.13,1.34,6.64,5
5/3/2016 21:00,34822.88,21.67,4.65,0.89,5.6,6.48,5
5/3/2016 22:00,34822.92,20.56,9.12,2.68,1.1,6.33,5
5/3/2016 23:00,34822.97,21.11,6.19,4.02,1.29,1.88,6
5/4/2016 0:00,34823,18.33,5.8,0.45,4.49,6.02,5
5/4/2016 1:00,34823.04,18.89,8.48,2.68,1.69,5.86,6
5/4/2016 2:00,34823.08,18.33,8.25,4.02,1.47,5.71,6
5/4/2016 3:00,34823.13,19.44,8.7,3.58,1.57,5.55,6
5/4/2016 4:00,34823.17,17.78,6.86,1.79,4.5,5.4,5
5/4/2016 5:00,34823.21,16.11,6.46,0.89,3.82,5.24,6
5/4/2016 6:00,34823.25,17.78,8.29,2.68,2.08,5.09,28
5/4/2016 7:00,34823.29,21.11,9.94,1.34,2.34,4.93,178
5/4/2016 8:00,34823.34,24.44,12.05,1.34,0.61,4.78,422
5/4/2016 9:00,34823.38,24.44,11.38,0.89,1.17,4.62,525
5/4/2016 10:00,34823.42,26.11,12.19,0.89,4.15,4.46,446
5/4/2016 11:00,34823.46,26.11,13.24,1.79,4.36,4.31,375
5/4/2016 12:00,34823.5,30,12.91,0.89,5.25,4.15,805
5/4/2016 13:00,34823.55,26.11,11.45,0.89,4.12,8.33,470
5/4/2016 14:00,34823.59,25,10.07,0.89,2.06,8.78,375
5/4/2016 15:00,34823.63,25,10.07,1.34,4.73,8.83,307
5/4/2016 16:00,34823.67,26.11,11.07,1.79,5.85,8.87,251
5/4/2016 17:00,34823.71,26.11,9.87,1.79,5.72,8.92,174
5/4/2016 18:00,34823.76,23.89,8.68,1.79,5.79,8.96,119
5/4/2016 19:00,34823.8,22.22,8.66,1.79,5.6,9.01,17
5/4/2016 20:00,34823.84,20.56,8.48,4.02,5.81,9.05,6
5/4/2016 21:00,34823.88,17.78,7.73,1.34,4.28,9.1,6
5/4/2016 22:00,34823.92,18.89,8.76,2.24,5.53,9.14,6
5/4/2016 23:00,34823.97,20.56,7.49,0.89,5.01,6.17,5
5/5/2016 0:00,34824,15.56,8.25,1.34,4.71,9.24,6
5/5/2016 1:00,34824.04,13.89,7.59,0.89,4.68,9.28,6
5/5/2016 2:00,34824.08,13.89,7.59,0.89,5.85,9.33,6
5/5/2016 3:00,34824.13,13.89,8.03,0.89,4.78,9.37,6
5/5/2016 4:00,34824.17,13.33,7.93,0.45,4.43,9.42,6
5/5/2016 5:00,34824.21,13.89,8.67,0.45,3.91,9.46,6
5/5/2016 6:00,34824.25,13.33,8.14,1.34,2.09,9.51,11
5/5/2016 7:00,34824.29,15,9.53,0.45,4.92,9.55,30
5/5/2016 8:00,34824.34,16.11,10.16,0.45,1.33,9.6,80
5/5/2016 9:00,34824.38,17.22,10.54,0,5.18,9.64,123
5/5/2016 10:00,34824.42,16.67,10.01,0.45,1.94,9.69,136
5/5/2016 11:00,34824.46,17.78,10.59,1.34,0.52,9.73,230
5/5/2016 12:00,34824.5,19.44,10.66,0.89,0.1,9.78,344
5/5/2016 13:00,34824.55,20.56,11.43,1.34,0.44,9.92,309
5/5/2016 14:00,34824.59,19.44,10.12,1.34,0.61,8.33,414
5/5/2016 15:00,34824.63,22.22,11.57,0.89,0.77,8.32,435
5/5/2016 16:00,34824.67,22.78,11.16,2.24,1.33,8.31,498
5/5/2016 17:00,34824.71,22.22,10.01,1.79,0.99,8.29,406
5/5/2016 18:00,34824.76,20.56,9.12,0.45,5.43,8.28,144
5/5/2016 19:00,34824.8,17.78,7.73,0.45,4,8.27,31
5/5/2016 20:00,34824.84,16.67,7.79,1.34,4.14,8.26,6
5/5/2016 21:00,34824.88,15,7.72,0.89,2.22,8.25,6
5/5/2016 22:00,34824.92,13.89,8.46,4.47,5.79,8.24,6
5/5/2016 23:00,34824.97,16.11,7.78,1.34,4.59,9.19,6
5/6/2016 0:00,34825,11.67,8.3,1.34,2.48,8.21,5
5/6/2016 1:00,34825.04,11.67,8.67,2.68,2.08,8.2,5
5/6/2016 2:00,34825.08,12.78,9.38,3.13,0.86,8.19,5
5/6/2016 3:00,34825.13,13.33,10.11,0.45,4.24,8.18,5
5/6/2016 4:00,34825.17,12.78,10.12,0.45,3.87,8.17,6
5/6/2016 5:00,34825.21,12.78,10.12,0.45,3.91,8.16,6
5/6/2016 6:00,34825.25,12.78,10.29,0.45,5.31,8.14,9
5/6/2016 7:00,34825.29,12.22,9.93,0.89,2.37,8.13,22
5/6/2016 8:00,34825.34,13.33,10.84,0.45,0.52,8.12,49
5/6/2016 9:00,34825.38,13.89,11.39,0.45,3.19,8.11,56
5/6/2016 10:00,34825.42,15,12.29,0.89,4.05,8.1,166
5/6/2016 11:00,34825.46,15.56,12.65,2.24,2.44,8.09,152
5/6/2016 12:00,34825.5,20,15.41,1.79,1.61,8.08,524
5/6/2016 13:00,34825.55,22.22,15.78,1.79,4,4.9,725
5/6/2016 14:00,34825.59,20.56,13.23,0.89,5.48,7.94,446
5/6/2016 15:00,34825.63,19.44,12.42,4.92,1.34,7.99,543
5/6/2016 16:00,34825.67,18.89,10.66,0.89,0.07,8.05,384
5/6/2016 17:00,34825.71,21.11,12.49,0.45,3.56,8.1,128
5/6/2016 18:00,34825.76,20,10.08,4.02,5.99,8.16,264
5/6/2016 19:00,34825.8,15.56,8.01,0.89,5.5,8.21,36
5/6/2016 20:00,34825.84,15,8.19,0.45,4.82,8.27,6
5/6/2016 21:00,34825.88,13.89,8.25,0.45,4.05,8.32,6
5/6/2016 22:00,34825.92,12.78,8.01,0.89,4.66,8.37,6
5/6/2016 23:00,34825.97,14.44,9.42,0.89,3.77,8.23,6
5/7/2016 0:00,34826,13.33,9.15,0.89,3.86,8.48,6
5/7/2016 1:00,34826.04,13.33,9.54,0.45,3.49,8.54,6
5/7/2016 2:00,34826.08,13.33,9.73,0.45,4.82,8.59,6
5/7/2016 3:00,34826.13,13.33,10.11,0.89,2.41,8.65,6
5/7/2016 4:00,34826.17,12.22,9.21,0.89,2.04,8.7,6
5/7/2016 5:00,34826.21,12.22,9.75,1.34,2.41,8.75,7
5/7/2016 6:00,34826.25,12.78,10.29,0.89,3.84,8.81,53
5/7/2016 7:00,34826.29,15.56,12.47,0.89,2.88,8.86,107
5/7/2016 8:00,34826.34,17.22,13.72,0.45,1.33,8.92,158
5/7/2016 9:00,34826.38,17.78,13.26,1.79,3.58,8.97,252
5/7/2016 10:00,34826.42,17.78,12.41,0.45,3.86,9.03,268
5/7/2016 11:00,34826.46,20,13.18,0.89,4.38,9.08,289
5/7/2016 12:00,34826.5,22.22,13.8,0.89,4.07,9.13,417
5/7/2016 13:00,34826.55,21.11,12.22,3.58,5.83,7.36,557
5/7/2016 14:00,34826.59,23.33,12.6,0.89,1.34,5.26,621
5/7/2016 15:00,34826.63,22.78,11.16,1.79,6.06,5.21,529
5/7/2016 16:00,34826.67,22.78,11.16,0.89,4.92,5.16,378
5/7/2016 17:00,34826.71,18.33,10.88,3.58,1.41,5.11,234
5/7/2016 18:00,34826.76,19.44,11.43,4.02,0.09,5.06,113
5/7/2016 19:00,34826.8,18.33,9.87,3.13,5.64,5.01,28
5/7/2016 20:00,34826.84,16.11,8.53,0.89,3.56,4.97,6
5/7/2016 21:00,34826.88,15,8.42,0.45,4.71,4.92,6
5/7/2016 22:00,34826.92,15,8.42,0.45,3.94,4.87,6
5/7/2016 23:00,34826.97,12.22,8.07,0.45,4.05,8.43,6
5/8/2016 0:00,34827,13.89,8.46,1.34,4.31,4.77,6
5/8/2016 1:00,34827.04,11.67,7.34,1.34,4.47,4.72,6
5/8/2016 2:00,34827.08,10.56,7.21,0.45,4.03,4.67,6
5/8/2016 3:00,34827.13,10.56,7.76,1.34,4.66,4.62,6
5/8/2016 4:00,34827.17,9.44,7.02,0.45,4.29,4.57,6
5/8/2016 5:00,34827.21,11.11,8.83,1.34,0.91,4.52,6
5/8/2016 6:00,34827.25,10,7.91,1.79,4.54,4.47,47
5/8/2016 7:00,34827.29,11.67,9.55,0.45,3.56,4.42,162
5/8/2016 8:00,34827.34,13.33,11.19,0.45,4.08,4.37,194
5/8/2016 9:00,34827.38,16.11,12.63,0.89,2.97,4.32,325
5/8/2016 10:00,34827.42,19.44,14.45,1.79,5.99,4.27,680
5/8/2016 11:00,34827.46,22.22,13.8,3.58,5.92,4.22,670
5/8/2016 12:00,34827.5,24.44,13.32,1.79,6.11,4.17,809
5/8/2016 13:00,34827.55,23.33,11.67,1.34,3.47,8.26,480
5/8/2016 14:00,34827.59,21.67,10.45,1.34,6.02,10,217
5/8/2016 15:00,34827.63,21.67,9.82,1.79,1.27,9.75,218
5/8/2016 16:00,34827.67,21.11,10.54,2.68,1.36,9.5,248
5/8/2016 17:00,34827.71,21.11,10.83,3.13,1.24,9.25,203
5/8/2016 18:00,34827.76,20.56,10.88,3.58,1.29,9,97
5/8/2016 19:00,34827.8,20,10.64,2.68,1.1,8.76,23
5/8/2016 20:00,34827.84,20,10.91,2.24,1.13,8.51,6
5/8/2016 21:00,34827.88,18.89,10.14,2.24,1.19,8.26,6
5/8/2016 22:00,34827.92,18.33,9.87,1.34,1.92,8.01,6
5/8/2016 23:00,34827.97,13.33,7.93,0.45,3.89,4.82,6
5/9/2016 0:00,34828,18.33,10.38,1.34,6.18,7.51,6
5/9/2016 1:00,34828.04,18.33,11.36,1.34,1.33,7.26,6
5/9/2016 2:00,34828.08,17.22,10.77,1.34,1.52,7.01,6
5/9/2016 3:00,34828.13,17.22,11.22,0.89,4.03,6.76,6
5/9/2016 4:00,34828.17,17.22,11,1.34,2.02,6.52,6
5/9/2016 5:00,34828.21,15.56,10.49,0.89,3.96,6.27,6
5/9/2016 6:00,34828.25,15.56,10.9,0.45,4.87,6.02,23
5/9/2016 7:00,34828.29,17.22,12.3,0.45,1.66,5.77,90
5/9/2016 8:00,34828.34,21.11,14.24,0.89,0.1,5.52,361
5/9/2016 9:00,34828.38,25,15.32,0.45,5.92,5.27,606
5/9/2016 10:00,34828.42,26.11,14.55,0.89,4.73,5.02,762
5/9/2016 11:00,34828.46,27.78,14.76,1.34,0.94,4.77,731
5/9/2016 12:00,34828.5,25,11.88,0.89,5.78,4.53,792
5/9/2016 13:00,34828.55,28.33,13.83,1.79,1.5,3.35,800
5/9/2016 14:00,34828.59,28.89,13.95,1.79,5.69,6.04,580
5/9/2016 15:00,34828.63,27.22,12.07,0.89,4.73,5.77,462
5/9/2016 16:00,34828.67,31.11,15.16,1.34,4.69,5.49,448
5/9/2016 17:00,34828.71,29.44,13.26,0.89,3.87,5.22,393
5/9/2016 18:00,34828.76,27.22,12.45,0.89,4.68,4.94,166
5/9/2016 19:00,34828.8,23.89,10.52,0.45,5.79,4.67,22
5/9/2016 20:00,34828.84,21.11,10.24,0.45,5.67,4.39,6
5/9/2016 21:00,34828.88,20,9.8,0.45,0.72,4.12,6
5/9/2016 22:00,34828.92,18.33,9.08,0.89,4.75,3.84,6
5/9/2016 23:00,34828.97,17.78,9.86,0.45,4.8,7.76,6
5/10/2016 0:00,34829,16.11,9.93,0.89,4.76,3.3,6
5/10/2016 1:00,34829.04,15,9.95,0.45,5.99,3.02,6
5/10/2016 2:00,34829.08,14.44,9.42,0.45,4.42,2.75,6
5/10/2016 3:00,34829.13,14.44,10.23,0.89,4.82,2.47,6
5/10/2016 4:00,34829.17,13.33,9.54,1.34,3.87,2.2,6
5/10/2016 5:00,34829.21,12.78,9.38,0.45,4.17,1.92,7
5/10/2016 6:00,34829.25,12.78,9.19,0.45,4.63,1.65,70
5/10/2016 7:00,34829.29,16.11,11.85,0.45,4.38,1.37,240
5/10/2016 8:00,34829.34,20.56,14.41,0.89,3.91,1.1,432
5/10/2016 9:00,34829.38,25,15.87,0.89,4.24,0.82,615
5/10/2016 10:00,34829.42,25.56,14.04,1.34,4.31,0.55,765
5/10/2016 11:00,34829.46,28.33,14.2,1.34,4.75,0.27,867
5/10/2016 12:00,34829.5,30,13.34,1.34,5.43,0,918
5/10/2016 13:00,34829.55,30.56,11.56,0.89,4,0,914
5/10/2016 14:00,34829.59,30.56,12.04,1.34,4.33,0,855
5/10/2016 15:00,34829.63,31.67,11.52,0.45,4.68,0.06,745
5/10/2016 16:00,34829.67,31.11,10.52,0.89,4.31,0.12,589
5/10/2016 17:00,34829.71,31.67,10.45,1.34,4.75,0.18,407
5/10/2016 18:00,34829.76,28.33,8.62,0.89,3.94,0.24,171
5/10/2016 19:00,34829.8,24.44,6.66,2.24,5.95,0.29,22
5/10/2016 20:00,34829.84,22.78,7.29,1.34,5.67,0.35,6
5/10/2016 21:00,34829.88,21.67,8.15,0.89,0.72,0.41,6
5/10/2016 22:00,34829.92,21.11,9.94,1.34,6.18,0.47,6
5/10/2016 23:00,34829.97,17.78,10.11,0.45,3.68,3.57,6
5/11/2016 0:00,34830,18.89,9.33,0.45,2.57,0.59,6
5/11/2016 1:00,34830.04,18.89,10.66,3.58,1.4,0.65,6
5/11/2016 2:00,34830.08,17.78,10.11,2.24,1.82,0.71,6
5/11/2016 3:00,34830.13,17.22,10.07,2.24,1.95,0.77,6
5/11/2016 4:00,34830.17,16.67,10.01,2.24,1.62,0.83,6
5/11/2016 5:00,34830.21,17.22,11,2.24,1.52,0.88,7
5/11/2016 6:00,34830.25,17.78,11.07,2.24,1.34,0.94,68
5/11/2016 7:00,34830.29,20.56,12.23,1.34,1.05,1,234
5/11/2016 8:00,34830.34,24.44,13.01,0.89,6.09,1.06,425
5/11/2016 9:00,34830.38,28.33,13.83,0.89,3.46,1.12,605
5/11/2016 10:00,34830.42,27.78,12.17,1.34,4.71,1.18,752
5/11/2016 11:00,34830.46,30,12.91,0.45,4.63,1.24,853
5/11/2016 12:00,34830.5,31.67,12.04,0.89,5.2,1.3,906
5/11/2016 13:00,34830.55,33.33,12.44,1.34,4.28,0,907
5/11/2016 14:00,34830.59,33.33,11.33,2.68,6.25,0,869
5/11/2016 15:00,34830.63,36.11,12.5,0.89,4.87,0.05,753
5/11/2016 16:00,34830.67,36.11,11.19,0.89,3.96,0.09,585
5/11/2016 17:00,34830.71,33.89,9.32,1.34,4.8,0.14,407
5/11/2016 18:00,34830.76,31.67,8.71,0.45,4,0.19,171
5/11/2016 19:00,34830.8,27.22,7.65,3.13,5.81,0.23,23
5/11/2016 20:00,34830.84,25,8.03,0.45,4.12,0.28,6
5/11/2016 21:00,34830.88,23.89,7.88,0.45,5.74,0.32,6
5/11/2016 22:00,34830.92,22.22,9.68,2.68,1.54,0.37,6
5/11/2016 23:00,34830.97,20.56,10.6,1.79,1.36,0.53,6
5/12/2016 0:00,34831,20.56,10.31,2.68,1.82,0.46,6
5/12/2016 1:00,34831.04,20,10.36,3.58,1.76,0.51,6
5/12/2016 2:00,34831.08,19.44,10.12,2.68,1.66,0.56,6
5/12/2016 3:00,34831.13,20,10.36,1.79,1.45,0.6,6
5/12/2016 4:00,34831.17,18.33,8.81,0.89,4.21,0.65,6
5/12/2016 5:00,34831.21,17.22,8.57,0.45,5.11,0.69,7
5/12/2016 6:00,34831.25,20,11.44,1.34,1.31,0.74,69
5/12/2016 7:00,34831.29,23.33,12.89,0.89,1.85,0.79,240
5/12/2016 8:00,34831.34,27.22,14.93,0.45,5.06,0.83,434
5/12/2016 9:00,34831.38,29.44,14.46,0.45,3.33,0.88,614
5/12/2016 10:00,34831.42,30.56,12.96,0.89,3.39,0.93,760
5/12/2016 11:00,34831.46,32.78,13.01,0.89,4.85,0.97,864
5/12/2016 12:00,34831.5,34.44,12.86,0.89,4.83,1.02,911
5/12/2016 13:00,34831.55,37.22,12.8,0.45,4.9,0,912
5/12/2016 14:00,34831.59,37.22,11.43,0.89,1.78,0,852
5/12/2016 15:00,34831.63,38.33,10.07,0.45,3.35,0.08,749
5/12/2016 16:00,34831.67,37.78,7.89,1.34,4.17,0.16,598
5/12/2016 17:00,34831.71,38.33,10.07,0.45,4,0.25,407
5/12/2016 18:00,34831.76,34.44,8.38,0.45,3.58,0.33,165
5/12/2016 19:00,34831.8,29.44,6.82,0.45,4.54,0.41,23
5/12/2016 20:00,34831.84,27.22,10,0.45,5.2,0.49,5
5/12/2016 21:00,34831.88,25.56,9.37,0.45,5.22,0.57,5
5/12/2016 22:00,34831.92,25,11.18,1.34,1.9,0.65,6
5/12/2016 23:00,34831.97,21.11,9.63,1.79,1.68,0.42,6
5/13/2016 0:00,34832,18.89,9.87,1.79,4.69,0.82,6
5/13/2016 1:00,34832.04,18.33,10.63,0.45,4.33,0.9,6
5/13/2016 2:00,34832.08,16.67,9.54,0.89,4.76,0.98,6
5/13/2016 3:00,34832.13,17.22,10.3,2.24,1.88,1.06,6
5/13/2016 4:00,34832.17,17.22,10.77,1.34,4.28,1.14,6
5/13/2016 5:00,34832.21,15,9.53,0.89,3.8,1.23,7
5/13/2016 6:00,34832.25,16.67,10.91,0.89,5.41,1.31,68
5/13/2016 7:00,34832.29,19.44,12.42,1.34,4.29,1.39,234
5/13/2016 8:00,34832.34,23.89,14.83,0.89,4.96,1.47,425
5/13/2016 9:00,34832.38,28.33,14.92,0.89,1.4,1.55,607
5/13/2016 10:00,34832.42,29.44,14.84,0.45,3.72,1.63,753
5/13/2016 11:00,34832.46,30.56,14.66,2.24,3.67,1.72,851
5/13/2016 12:00,34832.5,32.78,15.38,1.34,2.64,1.8,899
5/13/2016 13:00,34832.55,33.89,14.97,0.45,5.43,0,891
5/13/2016 14:00,34832.59,34.44,13.41,1.34,6.02,0,829
5/13/2016 15:00,34832.63,36.67,13.6,0.89,4.22,0.1,737
5/13/2016 16:00,34832.67,35,13.34,2.24,4.4,0.19,586
5/13/2016 17:00,34832.71,32.78,11.96,1.79,5.48,0.29,403
5/13/2016 18:00,34832.76,29.44,10.09,1.79,5.64,0.39,167
5/13/2016 19:00,34832.8,25.56,10.57,7.15,5.85,0.49,24
5/13/2016 20:00,34832.84,23.89,9.81,5.36,5.78,0.58,6
5/13/2016 21:00,34832.88,21.67,7.8,1.34,4.35,0.68,5
5/13/2016 22:00,34832.92,17.78,7.73,0.89,3.51,0.78,6
5/13/2016 23:00,34832.97,22.22,10.33,0.45,5.43,0.74,6
5/14/2016 0:00,34833,15.56,7.76,0.45,1.19,0.97,6
5/14/2016 1:00,34833.04,13.33,6.37,1.34,2.18,1.07,6
5/14/2016 2:00,34833.08,12.22,5.55,0.89,4.64,1.17,6
5/14/2016 3:00,34833.13,11.11,5.15,1.79,4.56,1.26,6
5/14/2016 4:00,34833.17,11.11,5.79,0.89,6,1.36,6
5/14/2016 5:00,34833.21,11.11,6.2,0.89,3.74,1.46,7
5/14/2016 6:00,34833.25,11.11,5.79,0.89,4.68,1.56,60
5/14/2016 7:00,34833.29,15.56,8.72,0.89,4.87,1.65,248
5/14/2016 8:00,34833.34,19.44,10.39,0.89,4.63,1.75,411
5/14/2016 9:00,34833.38,20.56,8.48,1.79,4.4,1.85,544
5/14/2016 10:00,34833.42,25,10.82,0.45,2.69,1.95,741
5/14/2016 11:00,34833.46,25.56,9.78,2.68,5.9,2.04,849
5/14/2016 12:00,34833.5,26.67,9.07,2.24,4.71,2.14,892
5/14/2016 13:00,34833.55,28.33,8.62,0.89,5.85,2.7,828
5/14/2016 14:00,34833.59,28.89,7.5,1.79,5.32,0,849
5/14/2016 15:00,34833.63,30.56,8.94,0.89,0.77,0.01,742
5/14/2016 16:00,34833.67,28.89,8.59,1.79,4.31,0.02,593
5/14/2016 17:00,34833.71,28.89,9.11,1.34,5.83,0.04,412
5/14/2016 18:00,34833.76,24.44,7.96,5.81,5.86,0.05,167
5/14/2016 19:00,34833.8,22.78,8.07,1.34,5.53,0.06,20
5/14/2016 20:00,34833.84,20.56,7.49,0.89,5.5,0.07,6
5/14/2016 21:00,34833.88,18.89,7.27,0.45,4.47,0.08,5
5/14/2016 22:00,34833.92,17.22,6.93,1.34,4.76,0.09,6
5/14/2016 23:00,34833.97,17.22,8.31,0.89,4.8,0.88,6
5/15/2016 0:00,34834,14.44,7.43,0.89,4.5,0.12,6
5/15/2016 1:00,34834.04,13.33,7.5,0.89,3.7,0.13,6
5/15/2016 2:00,34834.08,13.33,8.55,0.89,3.89,0.14,6
5/15/2016 3:00,34834.13,11.67,7.54,0.45,4.36,0.15,6
5/15/2016 4:00,34834.17,11.67,7.92,0.45,0.4,0.16,6
5/15/2016 5:00,34834.21,10,6.67,0.45,3.94,0.18,7
5/15/2016 6:00,34834.25,12.78,9.19,0.89,3.51,0.19,83
5/15/2016 7:00,34834.29,16.11,11.23,0.45,6.14,0.2,255
5/15/2016 8:00,34834.34,18.33,11.83,0.45,3.86,0.21,446
5/15/2016 9:00,34834.38,22.78,12.96,1.34,4.12,0.22,627
5/15/2016 10:00,34834.42,23.33,11.99,0.89,4.8,0.23,772
5/15/2016 11:00,34834.46,24.44,12.05,1.79,4.56,0.25,870
5/15/2016 12:00,34834.5,27.22,12.45,0.89,0.1,0.26,920
5/15/2016 13:00,34834.55,28.33,10.99,0.45,3.33,0,921
5/15/2016 14:00,34834.59,28.33,9.61,1.79,4.8,0,860
5/15/2016 15:00,34834.63,29.44,9.07,1.79,2.11,0.05,749
5/15/2016 16:00,34834.67,30.56,9.49,2.68,4.57,0.11,598
5/15/2016 17:00,34834.71,28.33,8.11,4.92,5.76,0.16,415
5/15/2016 18:00,34834.76,26.11,7.18,1.79,5.36,0.22,168
5/15/2016 19:00,34834.8,22.78,6.48,0.45,3.53,0.27,21
5/15/2016 20:00,34834.84,20.56,7.49,0.45,4.59,0.32,6
5/15/2016 21:00,34834.88,20,8.29,1.34,3.39,0.38,5
5/15/2016 22:00,34834.92,17.22,7.49,0.89,3.3,0.43,6
5/15/2016 23:00,34834.97,16.11,7.27,0.45,5.99,0.11,6
5/16/2016 0:00,34835,14.44,7.19,1.34,4.56,0.54,6
5/16/2016 1:00,34835.04,14.44,8.34,0.45,3.49,0.59,6
5/16/2016 2:00,34835.08,13.89,8.03,0.89,4.78,0.65,6
5/16/2016 3:00,34835.13,13.33,8.14,0.89,4.59,0.7,6
5/16/2016 4:00,34835.17,13.33,8.34,0.45,4.54,0.75,6
5/16/2016 5:00,34835.21,12.22,7.88,0.45,3.96,0.81,8
5/16/2016 6:00,34835.25,13.89,8.46,0.45,3.94,0.86,66
5/16/2016 7:00,34835.29,16.11,10.38,1.34,4.82,0.91,252
5/16/2016 8:00,34835.34,20.56,12.74,0.45,5.72,0.97,444
5/16/2016 9:00,34835.38,22.78,12.38,1.34,3.61,1.02,621
5/16/2016 10:00,34835.42,26.11,13.58,0.45,5.74,1.08,765
5/16/2016 11:00,34835.46,26.11,11.82,0.45,0.26,1.13,866
5/16/2016 12:00,34835.5,28.89,12.76,0.45,3.54,1.18,913
5/16/2016 13:00,34835.55,30,12.46,1.34,4.61,0,906
5/16/2016 14:00,34835.59,31.67,11.52,0.89,0.56,0,852
5/16/2016 15:00,34835.63,31.11,8.84,1.79,5.29,0.06,746
5/16/2016 16:00,34835.67,31.67,9.31,1.34,5.11,0.13,590
5/16/2016 17:00,34835.71,29.44,7.41,3.13,5.24,0.19,407
5/16/2016 18:00,34835.76,27.78,6.55,6.26,5.71,0.25,167
5/16/2016 19:00,34835.8,25.56,5.17,4.02,5.71,0.31,23
5/16/2016 20:00,34835.84,22.22,3.3,0.89,0.23,0.38,6
5/16/2016 21:00,34835.88,22.78,3.78,0.45,5.01,0.44,5
5/16/2016 22:00,34835.92,21.11,4.58,0.45,5.55,0.5,5
5/16/2016 23:00,34835.97,15.56,7.26,0.45,3.35,0.48,6
5/17/2016 0:00,34836,19.44,7.47,0.89,5.9,0.63,6
5/17/2016 1:00,34836.04,18.33,7.37,0.45,3.42,0.69,6
5/17/2016 2:00,34836.08,16.67,7.25,1.79,1.75,0.75,6
5/17/2016 3:00,34836.13,16.67,8.05,2.24,1.34,0.81,6
5/17/2016 4:00,34836.17,17.22,9.08,1.79,1.76,0.88,6
5/17/2016 5:00,34836.21,16.11,8.04,1.34,2.08,0.94,7
5/17/2016 6:00,34836.25,18.33,10.13,0.89,4.17,1,79
5/17/2016 7:00,34836.29,21.11,10.24,1.34,4.22,1.06,259
5/17/2016 8:00,34836.34,23.89,10.87,1.34,4.07,1.13,451
5/17/2016 9:00,34836.38,26.11,11.82,1.34,4.36,1.19,629
5/17/2016 10:00,34836.42,27.78,10.93,0.89,3.94,1.25,772
5/17/2016 11:00,34836.46,28.33,10.08,1.34,4.64,1.31,867
5/17/2016 12:00,34836.5,29.44,9.59,1.34,3.26,1.38,911
5/17/2016 13:00,34836.55,31.67,10.45,1.34,2.11,0,908
5/17/2016 14:00,34836.59,33.33,10.74,0.45,4.33,0,848
5/17/2016 15:00,34836.63,35,10.92,0.45,4.33,0,744
5/17/2016 16:00,34836.67,35,9.57,0.89,2.88,0,590
5/17/2016 17:00,34836.71,32.78,6.99,1.34,4.54,0,411
5/17/2016 18:00,34836.76,31.11,6.97,1.79,4.68,0,171
5/17/2016 19:00,34836.8,26.67,5.59,0.45,4.75,0,22
5/17/2016 20:00,34836.84,25,5.21,0.45,4.5,0,6
5/17/2016 21:00,34836.88,23.89,6.17,1.34,2.16,0,5
5/17/2016 22:00,34836.92,23.33,6.55,1.79,1.55,0,5
5/17/2016 23:00,34836.97,19.44,5.43,0.45,4.59,0.56,5
5/18/2016 0:00,34837,21.67,9.5,3.58,1.75,0,5
5/18/2016 1:00,34837.04,20.56,8.16,2.68,1.8,0,5
5/18/2016 2:00,34837.08,20.56,9.72,3.58,1.83,0,5
5/18/2016 3:00,34837.13,19.44,8.99,2.24,1.54,0,6
5/18/2016 4:00,34837.17,18.89,9.33,4.02,1.75,0,6
5/18/2016 5:00,34837.21,19.44,9.84,3.58,1.61,0,8
5/18/2016 6:00,34837.25,20,9.21,3.13,1.54,0,81
5/18/2016 7:00,34837.29,23.33,10.02,1.34,1.2,0,257
5/18/2016 8:00,34837.34,25.56,11.32,1.34,1.47,0,449
5/18/2016 9:00,34837.38,30,10.58,2.24,3.68,0,627
5/18/2016 10:00,34837.42,30.56,9.49,0.89,4.89,0,773
5/18/2016 11:00,34837.46,32.78,9.66,0.45,0.42,0,876
5/18/2016 12:00,34837.5,33.33,9.5,0.89,4.35,0,925
5/18/2016 13:00,34837.55,35.56,9.31,0.89,4.97,0,923
5/18/2016 14:00,34837.59,36.11,9.02,0.89,3.94,0,866
5/18/2016 15:00,34837.63,37.78,9.61,0.45,0.75,0.07,754
5/18/2016 16:00,34837.67,37.22,8.31,0.45,4.19,0.13,552
5/18/2016 17:00,34837.71,35,7.31,0.45,3.61,0.2,280
5/18/2016 18:00,34837.76,31.11,4.87,0.89,3.16,0.27,123
5/18/2016 19:00,34837.8,29.44,3.48,0.45,1.97,0.34,38
5/18/2016 20:00,34837.84,28.33,4.62,1.79,0.82,0.4,6
5/18/2016 21:00,34837.88,26.67,5.03,0.89,4.69,0.47,5
5/18/2016 22:00,34837.92,25,5.21,0.89,4.14,0.54,5
5/18/2016 23:00,34837.97,21.67,8.15,2.68,1.8,0,6
5/19/2016 0:00,34838,21.67,5.9,0.89,4.61,0.67,6
5/19/2016 1:00,34838.04,21.11,8,3.13,1.85,0.74,6
5/19/2016 2:00,34838.08,21.11,9.31,3.58,1.43,0.81,6
5/19/2016 3:00,34838.13,21.11,9.94,3.13,1.47,0.87,6
5/19/2016 4:00,34838.17,21.11,8.67,1.79,2.29,0.94,6
5/19/2016 5:00,34838.21,20.56,8.8,0.45,4.66,1.01,8
5/19/2016 6:00,34838.25,20,8.6,0.89,5.25,1.08,80
5/19/2016 7:00,34838.29,23.89,9.44,2.24,5.83,1.14,254
5/19/2016 8:00,34838.34,28.33,9.61,1.34,6.11,1.21,446
5/19/2016 9:00,34838.38,31.11,11.04,0.45,5.99,1.28,626
5/19/2016 10:00,34838.42,32.22,9.19,1.34,3.93,1.34,772
5/19/2016 11:00,34838.46,31.67,8.71,2.24,4.75,1.41,858
5/19/2016 12:00,34838.5,31.67,6.77,2.24,5.22,1.48,911
5/19/2016 13:00,34838.55,32.78,5.48,1.34,4.66,0,917
5/19/2016 14:00,34838.59,34.44,5.17,1.34,2.5,0,874
5/19/2016 15:00,34838.63,32.22,6.53,2.68,4.59,0,765
5/19/2016 16:00,34838.67,31.11,5.6,1.34,4.8,0,468
5/19/2016 17:00,34838.71,30,3.94,1.79,4.68,0,384
5/19/2016 18:00,34838.76,26.11,6.69,1.79,4.66,0,170
5/19/2016 19:00,34838.8,20.56,4.91,3.58,5.6,0,32
5/19/2016 20:00,34838.84,18.89,5.28,0.89,2.48,0,6
5/19/2016 21:00,34838.88,16.67,4.28,1.34,3.51,0,6
5/19/2016 22:00,34838.92,15,3.7,0.89,3.98,0,6
5/19/2016 23:00,34838.97,23.33,5.22,0.89,4.52,0.6,5
5/20/2016 0:00,34839,13.89,3.84,2.24,5.78,0,6
5/20/2016 1:00,34839.04,13.33,3.04,3.13,5.92,0,6
5/20/2016 2:00,34839.08,12.22,2.57,2.24,6.09,0,6
5/20/2016 3:00,34839.13,11.67,2.32,2.24,6.11,0,6
5/20/2016 4:00,34839.17,12.78,3.08,2.24,0.45,0,6
5/20/2016 5:00,34839.21,12.78,3.36,2.68,6.07,0,7
5/20/2016 6:00,34839.25,12.22,2.57,2.68,0.35,0,43
5/20/2016 7:00,34839.29,15,4.29,1.34,5.5,0,135
5/20/2016 8:00,34839.34,15.56,3.59,0.89,4.26,0,338
5/20/2016 9:00,34839.38,16.67,3.62,0.89,4.47,0,532
5/20/2016 10:00,34839.42,19.44,4.69,0.89,4.92,0,774
5/20/2016 11:00,34839.46,20,3.6,0.89,0.63,0,892
5/20/2016 12:00,34839.5,20.56,2.78,1.79,0.12,0,947
5/20/2016 13:00,34839.55,22.22,3.3,1.79,4.76,0,933
5/20/2016 14:00,34839.59,24.44,3.12,1.34,4.24,0,919
5/20/2016 15:00,34839.63,23.33,2.17,2.24,4.38,0,682
5/20/2016 16:00,34839.67,22.78,1.7,2.24,5.88,0,490
5/20/2016 17:00,34839.71,23.33,2.72,1.34,5.24,0,399
5/20/2016 18:00,34839.76,20.56,1.36,1.34,2.91,0,179
5/20/2016 19:00,34839.8,16.11,1.33,2.68,4.94,0,24
5/20/2016 20:00,34839.84,13.89,1.75,1.34,5.48,0,7
5/20/2016 21:00,34839.88,12.22,2.29,0.89,5.76,0,6
5/20/2016 22:00,34839.92,11.11,2.33,1.34,5.5,0,6
5/20/2016 23:00,34839.97,14.44,4.35,0.89,5.1,0,6
5/21/2016 0:00,34840,10,3.66,0.45,4.14,0,6
5/21/2016 1:00,34840.04,8.33,2.71,0.89,4.63,0,6
5/21/2016 2:00,34840.08,8.33,3.12,0.89,4.96,0,6
5/21/2016 3:00,34840.13,7.78,2.79,1.34,4.68,0,6
5/21/2016 4:00,34840.17,7.78,2.99,0.89,4.78,0,6
5/21/2016 5:00,34840.21,7.22,2.65,0.45,5.32,0,8
5/21/2016 6:00,34840.25,10.56,4.84,0.45,3.84,0,64
5/21/2016 7:00,34840.29,13.89,6.43,0.89,5.46,0,264
5/21/2016 8:00,34840.34,15.56,6.48,0.45,4.66,0,462
5/21/2016 9:00,34840.38,18.89,7.27,0.45,4.68,0,639
5/21/2016 10:00,34840.42,20,6.64,0.89,2.74,0,789
5/21/2016 11:00,34840.46,21.11,5.41,0.89,3.63,0,906
5/21/2016 12:00,34840.5,21.67,4.21,1.79,0.54,0,936
5/21/2016 13:00,34840.55,22.78,4.26,0.89,4,0,892
5/21/2016 14:00,34840.59,22.78,3.29,0.89,5.1,0,852
5/21/2016 15:00,34840.63,24.44,4.21,0.89,4.12,0,760
5/21/2016 16:00,34840.67,24.44,3.12,0.89,3.96,0,607
5/21/2016 17:00,34840.71,23.33,1.6,2.24,3.47,0,433
5/21/2016 18:00,34840.76,20,1.36,0.89,4.29,0,101
5/21/2016 19:00,34840.8,16.67,4.28,2.24,5.48,0,29
5/21/2016 20:00,34840.84,15.56,4.21,5.81,5.81,0,7
5/21/2016 21:00,34840.88,12.78,3.08,1.79,3.74,0,6
5/21/2016 22:00,34840.92,11.67,2.85,0.45,3.82,0,6
5/21/2016 23:00,34840.97,11.11,3.56,2.24,5.86,0,6
5/22/2016 0:00,34841,10.56,2.56,0.89,4.66,0,6
5/22/2016 1:00,34841.04,10,2.98,0.89,4.26,0,6
5/22/2016 2:00,34841.08,9.44,3.77,0.45,3.87,0,6
5/22/2016 3:00,34841.13,8.89,3.86,0.89,4.31,0,6
5/22/2016 4:00,34841.17,7.78,3.19,0.89,4.73,0,6
5/22/2016 5:00,34841.21,8.33,3.53,0.45,3.49,0,8
5/22/2016 6:00,34841.25,10.56,5.46,1.34,3.79,0,86
5/22/2016 7:00,34841.29,15,7.48,0.89,3.77,0,266
5/22/2016 8:00,34841.34,17.78,8.56,0.45,0.49,0,460
5/22/2016 9:00,34841.38,20.56,9.12,1.34,1.45,0,637
5/22/2016 10:00,34841.42,21.11,7.65,1.34,4.68,0,784
5/22/2016 11:00,34841.46,22.78,6.89,0.89,2.65,0,887
5/22/2016 12:00,34841.5,24.44,7.1,1.79,3.8,0,937
5/22/2016 13:00,34841.55,24.44,6.2,0.89,2.57,0,887
5/22/2016 14:00,34841.59,26.11,6.69,0.89,6.11,0,869
5/22/2016 15:00,34841.63,26.67,6.13,0.89,3.12,0.06,768
5/22/2016 16:00,34841.67,26.67,5.03,0.45,6.18,0.11,594
5/22/2016 17:00,34841.71,24.44,3.68,1.79,4.89,0.17,408
5/22/2016 18:00,34841.76,22.22,2.8,1.34,5.01,0.23,155
5/22/2016 19:00,34841.8,19.44,1.81,1.34,5.08,0.28,48
5/22/2016 20:00,34841.84,17.22,1.54,1.79,5.03,0.34,6
5/22/2016 21:00,34841.88,17.22,3.42,0.89,4.69,0.4,6
5/22/2016 22:00,34841.92,13.89,2.68,1.34,4.96,0.45,6
5/22/2016 23:00,34841.97,11.11,3.32,0.89,5.25,0,6
5/23/2016 0:00,34842,12.22,4.61,0.89,3.54,0.56,6
5/23/2016 1:00,34842.04,10.56,4.19,1.34,4.52,0.62,6
5/23/2016 2:00,34842.08,10.56,4.84,0.89,4.57,0.68,6
5/23/2016 3:00,34842.13,9.44,4.8,0.45,3.39,0.73,6
5/23/2016 4:00,34842.17,8.89,4.65,0.45,5.65,0.79,6
5/23/2016 5:00,34842.21,10,5.73,0.45,3.61,0.85,9
5/23/2016 6:00,34842.25,10.56,5.26,0.45,4.42,0.9,82
5/23/2016 7:00,34842.29,14.44,7.89,0.45,4.4,0.96,253
5/23/2016 8:00,34842.34,17.22,8.83,1.34,1.66,1.02,442
5/23/2016 9:00,34842.38,19.44,8.99,1.34,0.49,1.07,623
5/23/2016 10:00,34842.42,23.89,9.44,1.34,5.25,1.13,773
5/23/2016 11:00,34842.46,23.89,7.88,2.68,5.08,1.19,870
5/23/2016 12:00,34842.5,24.44,6.66,1.34,3.98,1.24,918
5/23/2016 13:00,34842.55,25.56,6.69,1.34,4.19,1.26,869
5/23/2016 14:00,34842.59,26.11,6.69,0.45,4.4,0,815
5/23/2016 15:00,34842.63,27.78,6.55,1.34,4.76,0.16,741
5/23/2016 16:00,34842.67,27.22,6.07,0.89,4.69,0.31,565
5/23/2016 17:00,34842.71,21.11,5,4.92,5.85,0.47,254
5/23/2016 18:00,34842.76,20.56,4.91,3.58,5.74,0.62,63
5/23/2016 19:00,34842.8,20,3.6,2.68,6.06,0.78,28
5/23/2016 20:00,34842.84,18.89,3.42,1.34,5.95,0.94,6
5/23/2016 21:00,34842.88,16.67,2.2,0.45,4.49,1.09,6
5/23/2016 22:00,34842.92,15,3.08,0.89,4.63,1.25,6
5/23/2016 23:00,34842.97,13.89,4.12,1.34,5.01,0.51,6
5/24/2016 0:00,34843,13.89,4.66,0.89,4.8,1.56,6
5/24/2016 1:00,34843.04,13.33,5.17,2.24,5.9,1.72,6
5/24/2016 2:00,34843.08,12.78,5.61,0.89,4.63,1.87,6
5/24/2016 3:00,34843.13,12.78,6.53,0.45,4.69,2.03,6
5/24/2016 4:00,34843.17,12.78,7.39,0.45,4.19,2.18,6
5/24/2016 5:00,34843.21,12.22,7.48,0.45,2.08,2.34,7
5/24/2016 6:00,34843.25,11.67,7.14,0.89,4.71,2.5,48
5/24/2016 7:00,34843.29,14.44,9.21,0.45,3.32,2.65,149
5/24/2016 8:00,34843.34,17.22,10.3,0.45,2.97,2.81,357
5/24/2016 9:00,34843.38,20.56,11.43,0.89,0.84,2.96,625
5/24/2016 10:00,34843.42,23.33,11.36,1.34,6.25,3.12,773
5/24/2016 11:00,34843.46,23.89,9.81,1.79,4.31,3.27,881
5/24/2016 12:00,34843.5,25,8.88,1.34,5.11,3.43,857
5/24/2016 13:00,34843.55,26.11,8.12,0.89,5.34,0,943
5/24/2016 14:00,34843.59,27.78,8.14,2.24,4.8,0,897
5/24/2016 15:00,34843.63,28.89,6.93,0.45,6.06,0.19,800
5/24/2016 16:00,34843.67,27.78,5.98,2.68,4.5,0.37,606
5/24/2016 17:00,34843.71,25,5.21,2.24,4.57,0.56,353
5/24/2016 18:00,34843.76,23.33,6.12,1.34,4.28,0.75,193
5/24/2016 19:00,34843.8,21.11,6.19,1.79,4.76,0.93,29
5/24/2016 20:00,34843.84,17.78,5.29,0.89,5.18,1.12,7
5/24/2016 21:00,34843.88,16.11,6.18,1.79,5.62,1.31,6
5/24/2016 22:00,34843.92,16.11,6.46,1.34,4.9,1.49,6
5/24/2016 23:00,34843.97,14.44,4.07,0.89,2.9,1.4,6
5/25/2016 0:00,34844,13.89,5.94,0.89,3.93,1.87,6
5/25/2016 1:00,34844.04,12.22,5.32,0.89,4.61,2.05,6
5/25/2016 2:00,34844.08,11.67,5.9,0.89,4.57,2.24,6
5/25/2016 3:00,34844.13,10.56,5.67,0.45,3.93,2.43,6
5/25/2016 4:00,34844.17,10.56,6.07,0.89,4.69,2.61,6
5/25/2016 5:00,34844.21,11.11,7,0.45,4.49,2.8,9
5/25/2016 6:00,34844.25,11.67,7.34,0.45,3.8,2.98,59
5/25/2016 7:00,34844.29,14.44,8.78,0.45,4.33,3.17,249
5/25/2016 8:00,34844.34,18.33,10.63,0.45,4.49,3.36,443
5/25/2016 9:00,34844.38,20,10.64,0.45,3.05,3.54,623
5/25/2016 10:00,34844.42,22.78,11.47,0.89,4.76,3.73,768
5/25/2016 11:00,34844.46,22.78,9.85,0.89,2.53,3.92,817
5/25/2016 12:00,34844.5,25,10.82,1.34,3.87,4.1,827
5/25/2016 13:00,34844.55,25.56,10.95,1.34,4.22,6.13,665
5/25/2016 14:00,34844.59,27.78,10.93,0.45,0.82,0,796
5/25/2016 15:00,34844.63,25.56,8.52,0.89,4.29,0.04,583
5/25/2016 16:00,34844.67,22.22,9.35,4.02,1.64,0.08,138
5/25/2016 17:00,34844.71,18.89,10.14,7.6,1.17,0.12,182
5/25/2016 18:00,34844.76,18.33,11.12,4.02,1.2,0.15,144
5/25/2016 19:00,34844.8,18.89,11.65,4.47,1.24,0.19,71
5/25/2016 20:00,34844.84,17.78,11.07,4.47,0.93,0.23,11
5/25/2016 21:00,34844.88,17.22,11.22,6.26,1.27,0.27,6
5/25/2016 22:00,34844.92,17.22,11.66,2.24,5.71,0.31,6
5/25/2016 23:00,34844.97,13.89,5.18,0.89,4.4,1.68,6
5/26/2016 0:00,34845,14.44,9.21,0.45,4.07,0.38,6
5/26/2016 1:00,34845.04,13.33,8.34,1.34,4.24,0.42,6
5/26/2016 2:00,34845.08,12.78,8.22,0.89,3.56,0.46,6
5/26/2016 3:00,34845.13,11.11,7.19,0.89,5.99,0.5,6
5/26/2016 4:00,34845.17,12.22,8.46,0.45,5.25,0.54,6
5/26/2016 5:00,34845.21,11.11,7.57,0.89,3.86,0.58,9
5/26/2016 6:00,34845.25,11.67,7.92,1.79,4.52,0.61,89
5/26/2016 7:00,34845.29,16.67,11.34,0.89,4.43,0.65,259
5/26/2016 8:00,34845.34,19.44,12.89,1.79,6.13,0.69,429
5/26/2016 9:00,34845.38,22.78,14.84,1.34,4.45,0.73,530
5/26/2016 10:00,34845.42,25,13.53,2.24,4.21,0.77,767
5/26/2016 11:00,34845.46,25.56,12.04,1.79,1.06,0.81,870
5/26/2016 12:00,34845.5,26.11,11.45,1.34,0.23,0.85,925
5/26/2016 13:00,34845.55,28.33,11.85,0.89,4.05,0,932
5/26/2016 14:00,34845.59,28.89,11.03,0.89,2.43,0,870
5/26/2016 15:00,34845.63,31.11,11.55,2.68,4.54,0.08,761
5/26/2016 16:00,34845.67,30.56,11.06,1.79,4.52,0.15,603
5/26/2016 17:00,34845.71,30.56,11.56,0.89,5.39,0.23,413
5/26/2016 18:00,34845.76,27.22,9.56,1.79,4.61,0.3,181
5/26/2016 19:00,34845.8,24.44,8.78,1.79,4.5,0.38,29
5/26/2016 20:00,34845.84,22.78,9.51,1.34,5.15,0.46,7
5/26/2016 21:00,34845.88,20.56,8.48,1.79,5.93,0.53,5
5/26/2016 22:00,34845.92,20,9.51,0.45,3.56,0.61,6
5/26/2016 23:00,34845.97,14.44,8.56,0.45,3.96,0.35,6
5/27/2016 0:00,34846,16.67,8.56,0.45,4.85,0.76,6
5/27/2016 1:00,34846.04,16.67,9.06,0,1.57,0.84,6
5/27/2016 2:00,34846.08,17.78,11.07,1.79,1.36,0.91,6
5/27/2016 3:00,34846.13,16.67,10.91,3.13,1.31,0.99,6
5/27/2016 4:00,34846.17,18.33,11.83,3.13,1.71,1.06,6
5/27/2016 5:00,34846.21,16.67,10.69,2.68,1.59,1.14,9
5/27/2016 6:00,34846.25,18.89,11.89,1.79,1.48,1.22,88
5/27/2016 7:00,34846.29,21.11,12.49,1.34,4.69,1.29,260
5/27/2016 8:00,34846.34,23.89,12.5,0.89,4.26,1.37,448
5/27/2016 9:00,34846.38,28.33,13.83,0.45,1.26,1.45,625
5/27/2016 10:00,34846.42,28.89,12.34,2.24,3.93,1.52,769
5/27/2016 11:00,34846.46,30.56,12.04,0.45,4.97,1.6,867
5/27/2016 12:00,34846.5,31.11,11.04,0.89,4.8,1.67,913
5/27/2016 13:00,34846.55,33.33,11.33,2.68,6.11,0,911
5/27/2016 14:00,34846.59,32.78,10.26,2.24,4.38,0,859
5/27/2016 15:00,34846.63,34.44,11.08,1.79,3.65,0.08,755
5/27/2016 16:00,34846.67,33.89,9.97,3.13,4.8,0.16,607
5/27/2016 17:00,34846.71,33.33,8.17,2.24,4.9,0.24,429
5/27/2016 18:00,34846.76,30.56,7.76,0.89,3.04,0.32,190
5/27/2016 19:00,34846.8,26.67,6.13,1.34,5.29,0.4,27
5/27/2016 20:00,34846.84,23.89,6.61,1.34,5.59,0.48,7
5/27/2016 21:00,34846.88,24.44,8.38,0.89,5.93,0.56,6
5/27/2016 22:00,34846.92,25,8.46,1.79,0.77,0.64,5
5/27/2016 23:00,34846.97,18.33,9.35,0.45,5.17,0.68,6
5/28/2016 0:00,34847,20,7.65,0.45,4.07,0.8,6
5/28/2016 1:00,34847.04,18.89,8.76,1.79,1.73,0.87,6
5/28/2016 2:00,34847.08,20,10.64,2.68,1.85,0.95,5
5/28/2016 3:00,34847.13,18.89,9.87,1.79,1.59,1.03,5
5/28/2016 4:00,34847.17,17.78,9.86,2.68,1.54,1.11,6
5/28/2016 5:00,34847.21,17.78,10.59,1.34,1.34,1.19,8
5/28/2016 6:00,34847.25,20,11.7,1.34,1.82,1.27,71
5/28/2016 7:00,34847.29,21.11,11.4,0.89,3.96,1.35,243
5/28/2016 8:00,34847.34,25.56,13.07,0.45,5.93,1.43,410
5/28/2016 9:00,34847.38,28.89,12.34,2.68,3.77,1.51,606
5/28/2016 10:00,34847.42,29.44,11.52,0.89,4.49,1.59,680
5/28/2016 11:00,34847.46,30.56,11.56,0.89,5.08,1.67,811
5/28/2016 12:00,34847.5,32.22,11.48,0.89,3.12,1.75,912
5/28/2016 13:00,34847.55,33.89,9.97,0.89,3.28,0,932
5/28/2016 14:00,34847.59,35,8.85,1.79,3.3,0,894
5/28/2016 15:00,34847.63,37.22,8.31,1.34,4.96,0.07,785
5/28/2016 16:00,34847.67,37.22,8.31,0.45,3.04,0.14,516
5/28/2016 17:00,34847.71,36.67,6.05,0.45,5.04,0.21,441
5/28/2016 18:00,34847.76,32.22,6.53,3.58,5.85,0.28,204
5/28/2016 19:00,34847.8,27.78,4.79,3.58,5.9,0.35,44
5/28/2016 20:00,34847.84,27.22,7.14,0.45,6.07,0.42,7
5/28/2016 21:00,34847.88,25,4.16,0.45,4.64,0.49,5
5/28/2016 22:00,34847.92,23.89,9.44,0.89,1.36,0.55,6
5/28/2016 23:00,34847.97,21.11,6.93,0.45,4,0.72,5
5/29/2016 0:00,34848,20.56,5.69,0.45,5.53,0.69,6
5/29/2016 1:00,34848.04,21.11,8,1.34,5.97,0.76,6
5/29/2016 2:00,34848.08,21.67,9.17,1.34,1.47,0.83,5
5/29/2016 3:00,34848.13,19.44,6.48,0.45,5.31,0.9,5
5/29/2016 4:00,34848.17,20,6.64,0.89,4.59,0.97,5
5/29/2016 5:00,34848.21,18.33,5.8,0.89,2.02,1.04,8
5/29/2016 6:00,34848.25,21.11,11.4,1.79,1.69,1.11,80
5/29/2016 7:00,34848.29,23.33,10.7,0.45,4.75,1.18,251
5/29/2016 8:00,34848.34,26.11,10.28,0.45,2.44,1.25,448
5/29/2016 9:00,34848.38,28.33,10.54,0.45,4.45,1.32,622
5/29/2016 10:00,34848.42,30,10.07,0.89,4.01,1.39,764
5/29/2016 11:00,34848.46,31.67,9.31,0.45,3.82,1.46,871
5/29/2016 12:00,34848.5,34.44,9.79,2.68,4.71,1.52,917
5/29/2016 13:00,34848.55,34.44,8.38,3.58,5.97,0,913
5/29/2016 14:00,34848.59,35,6.49,2.24,4.35,0,825
5/29/2016 15:00,34848.63,35.56,6.95,1.79,4.05,0.07,652
5/29/2016 16:00,34848.67,36.11,7.4,0.89,3.94,0.14,681
5/29/2016 17:00,34848.71,34.44,6.03,0.89,0.14,0.2,440
5/29/2016 18:00,34848.76,31.67,6.06,1.79,3.46,0.27,267
5/29/2016 19:00,34848.8,29.44,6.82,0.89,4.99,0.34,59
5/29/2016 20:00,34848.84,26.11,3.97,0.45,3.87,0.41,8
5/29/2016 21:00,34848.88,25,3.02,0.45,4.26,0.48,5
5/29/2016 22:00,34848.92,22.22,3.3,0.89,4.12,0.54,5
5/29/2016 23:00,34848.97,21.67,5.49,0.45,4.97,0.62,5
5/30/2016 0:00,34849,22.22,5.99,1.34,0.35,0.68,5
5/30/2016 1:00,34849.04,20.56,6.79,1.34,1.82,0.75,6
5/30/2016 2:00,34849.08,20,6.29,0.89,2.39,0.82,5
5/30/2016 3:00,34849.13,18.33,5.8,0.89,1.8,0.89,6
5/30/2016 4:00,34849.17,19.44,8.7,1.34,1.66,0.95,6
5/30/2016 5:00,34849.21,17.78,7.15,0.89,4.1,1.02,9
5/30/2016 6:00,34849.25,21.11,9.63,1.79,1.34,1.09,91
5/30/2016 7:00,34849.29,22.78,12.38,1.79,1.62,1.16,263
5/30/2016 8:00,34849.34,26.11,9.87,0.45,1.69,1.23,449
5/30/2016 9:00,34849.38,29.44,11.06,0.45,2.37,1.29,624
5/30/2016 10:00,34849.42,30.56,10.56,1.34,3.68,1.36,768
5/30/2016 11:00,34849.46,32.78,10.85,0.89,1.8,1.43,869
5/30/2016 12:00,34849.5,33.89,10.61,0.89,5.86,1.5,918
5/30/2016 13:00,34849.55,33.33,8.85,0.45,3.65,0,914
5/30/2016 14:00,34849.59,36.11,11.19,0.45,1.26,0,860
5/30/2016 15:00,34849.63,37.22,11.43,1.79,4.68,0.05,750
5/30/2016 16:00,34849.67,36.67,8.69,0.89,2.93,0.1,604
5/30/2016 17:00,34849.71,35,8.1,1.79,4.5,0.16,432
5/30/2016 18:00,34849.76,34.44,5.17,0.89,2.41,0.21,192
5/30/2016 19:00,34849.8,29.44,6.82,0.45,3.89,0.26,33
5/30/2016 20:00,34849.84,27.78,7.62,1.79,5.74,0.31,7
5/30/2016 21:00,34849.88,26.11,7.18,0.45,2.64,0.37,5
5/30/2016 22:00,34849.92,25.56,8.09,0.45,1.71,0.42,5
5/30/2016 23:00,34849.97,21.67,3.29,0.45,1.62,0.61,5
5/31/2016 0:00,34850,22.78,9.85,1.79,1.52,0.52,5
5/31/2016 1:00,34850.04,22.78,10.52,2.68,1.82,0.58,5
5/31/2016 2:00,34850.08,21.11,9.94,2.68,1.76,0.63,5
5/31/2016 3:00,34850.13,20.56,10.88,3.13,1.82,0.68,6
5/31/2016 4:00,34850.17,20.56,10.6,4.02,1.8,0.73,6
5/31/2016 5:00,34850.21,21.11,11.68,3.13,1.9,0.79,9
5/31/2016 6:00,34850.25,23.89,12.5,0.45,3.87,0.84,93
5/31/2016 7:00,34850.29,25,11.18,0.89,0.79,0.89,265
5/31/2016 8:00,34850.34,27.78,12.95,1.79,0.19,0.94,453
5/31/2016 9:00,34850.38,32.22,12.52,1.34,4.24,1,631
5/31/2016 10:00,34850.42,32.22,11.48,1.79,3.65,1.05,774
5/31/2016 11:00,34850.46,35,12.17,0.89,2.13,1.1,873
5/31/2016 12:00,34850.5,35,10.26,1.79,4.83,1.15,924
5/31/2016 13:00,34850.55,37.22,9.95,1.34,4.75,0,925
5/31/2016 14:00,34850.59,38.89,10.53,0.45,4.68,0,870
5/31/2016 15:00,34850.63,40,11.45,0.45,2.46,0.07,763
5/31/2016 16:00,34850.67,40,11.45,0.89,4.9,0.15,612
5/31/2016 17:00,34850.71,38.33,10.87,1.79,3.77,0.22,431
5/31/2016 18:00,34850.76,35,9.57,1.34,4.08,0.29,183
5/31/2016 19:00,34850.8,31.11,9.42,0.89,4.49,0.36,27
5/31/2016 20:00,34850.84,29.44,10.58,0.45,3.86,0.44,7
5/31/2016 21:00,34850.88,29.44,11.52,1.79,0.45,0.51,5
5/31/2016 22:00,34850.92,27.22,11.67,1.34,0.94,0.58,5
5/31/2016 23:00,34850.97,23.89,9.07,1.34,1.68,0.47,6
6/1/2016 0:00,34851,25,11.88,3.13,1.87,0.73,5
6/1/2016 1:00,34851.04,23.33,9.67,0.89,3.67,0.8,5
6/1/2016 2:00,34851.08,23.33,11.03,1.34,1.55,0.87,5
6/1/2016 3:00,34851.13,22.78,13.24,1.79,1.29,0.95,5
6/1/2016 4:00,34851.17,22.22,12.15,2.68,1.66,1.02,5
6/1/2016 5:00,34851.21,22.22,11.86,3.13,1.85,1.09,9
6/1/2016 6:00,34851.25,24.44,12.7,3.58,1.54,1.16,91
6/1/2016 7:00,34851.29,27.22,12.83,2.68,1.9,1.24,264
6/1/2016 8:00,34851.34,30.56,12.96,1.34,4.05,1.31,451
6/1/2016 9:00,34851.38,33.89,13.46,0.45,4.12,1.38,625
6/1/2016 10:00,34851.42,36.11,12.5,0.45,0.59,1.46,769
6/1/2016 11:00,34851.46,38.89,12.84,0.89,3.86,1.53,869
6/1/2016 12:00,34851.5,39.44,12.56,1.34,4.73,1.6,917
6/1/2016 13:00,34851.55,40,10.6,1.34,4.75,0,917
6/1/2016 14:00,34851.59,41.11,6.42,0.89,5.46,0,875
6/1/2016 15:00,34851.63,42.22,3.23,0.89,4.78,0,781
6/1/2016 16:00,34851.67,41.67,1.19,2.68,5.52,0,625
6/1/2016 17:00,34851.71,41.67,1.19,0.45,3.87,0,449
6/1/2016 18:00,34851.76,36.11,-0.03,0.45,5.15,0,164
6/1/2016 19:00,34851.8,33.33,-0.91,0.89,5.76,0,53
6/1/2016 20:00,34851.84,29.44,1.93,2.24,5.67,0,8
6/1/2016 21:00,34851.88,26.67,3.22,1.34,4.24,0,5
6/1/2016 22:00,34851.92,24.44,4.21,0.89,4.54,0,5
6/1/2016 23:00,34851.97,26.67,11.57,2.24,1.64,0.66,5
6/2/2016 0:00,34852,23.33,6.55,0.89,2.93,0,5
6/2/2016 1:00,34852.04,23.33,8.57,2.24,1.33,0,5
6/2/2016 2:00,34852.08,23.89,7.05,1.34,0.99,0,5
6/2/2016 3:00,34852.13,22.78,9.85,1.34,1.4,0,6
6/2/2016 4:00,34852.17,22.78,5.19,1.34,1.97,0,6
6/2/2016 5:00,34852.21,21.67,6.3,0.89,1.94,0,10
6/2/2016 6:00,34852.25,25,10.07,0.45,1.31,0,99
6/2/2016 7:00,34852.29,27.22,7.14,1.34,4.42,0,266
6/2/2016 8:00,34852.34,30,8.46,0.89,4.85,0,460
6/2/2016 9:00,34852.38,32.22,9.19,0.89,2.98,0,634
6/2/2016 10:00,34852.42,34.44,9.1,1.79,3.49,0,783
6/2/2016 11:00,34852.46,35.56,8.56,0.89,4.99,0,888
6/2/2016 12:00,34852.5,37.22,8.31,0.89,3.3,0,936
6/2/2016 13:00,34852.55,38.89,7.85,1.34,3.87,0,939
6/2/2016 14:00,34852.59,40,7.75,0.45,0.66,0,901
6/2/2016 15:00,34852.63,40.56,5.98,1.34,5.62,0,689
6/2/2016 16:00,34852.67,41.67,5.62,2.68,4,0,643
6/2/2016 17:00,34852.71,41.11,5.18,0.89,4.22,0,477
6/2/2016 18:00,34852.76,36.67,4.03,1.34,4.43,0,180
6/2/2016 19:00,34852.8,31.67,3.75,0.89,3.93,0,32
6/2/2016 20:00,34852.84,29.44,4.9,0.89,5.69,0,8
6/2/2016 21:00,34852.88,27.78,5.39,0.89,5.76,0,5
6/2/2016 22:00,34852.92,27.22,7.65,0.89,0.3,0,6
6/2/2016 23:00,34852.97,23.89,6.61,0.45,5.78,0,5
6/3/2016 0:00,34853,24.44,7.96,2.24,1.73,0,5
6/3/2016 1:00,34853.04,23.89,8.68,2.24,1.43,0,5
6/3/2016 2:00,34853.08,23.33,6.12,0.89,1.82,0,5
6/3/2016 3:00,34853.13,22.78,9.51,1.79,1.47,0,6
6/3/2016 4:00,34853.17,22.78,9.85,2.24,1.36,0,6
6/3/2016 5:00,34853.21,22.78,9.51,1.79,1.59,0,9
6/3/2016 6:00,34853.25,23.89,9.44,1.34,1.78,0,97
6/3/2016 7:00,34853.29,25.56,8.95,0.45,4.47,0,274
6/3/2016 8:00,34853.34,29.44,10.09,0,1.87,0,464
6/3/2016 9:00,34853.38,32.78,11.41,1.34,3.44,0,645
6/3/2016 10:00,34853.42,34.44,10.45,0.89,4,0,786
6/3/2016 11:00,34853.46,35.56,10.73,1.79,3.58,0,856
6/3/2016 12:00,34853.5,37.22,9.95,1.79,4.24,0,934
6/3/2016 13:00,34853.55,38.33,8.34,0.89,5.32,0,936
6/3/2016 14:00,34853.59,40,7.75,0.89,4.29,0,886
6/3/2016 15:00,34853.63,41.67,4.28,0.89,4.17,0.29,779
6/3/2016 16:00,34853.67,41.67,2.81,0.89,4.96,0.58,630
6/3/2016 17:00,34853.71,41.11,2.38,0.89,4.8,0.87,447
6/3/2016 18:00,34853.76,38.89,3.44,0.89,5.34,1.17,163
6/3/2016 19:00,34853.8,32.78,2.9,0.45,4.28,1.46,39
6/3/2016 20:00,34853.84,31.11,4.1,0.45,4.1,1.75,7
6/3/2016 21:00,34853.88,30,6.03,0.89,1.48,2.04,5
6/3/2016 22:00,34853.92,27.78,8.14,2.68,1.62,2.33,5
6/3/2016 23:00,34853.97,25,6.68,1.79,1.85,0,6
6/4/2016 0:00,34854,27.22,10.44,4.02,1.69,2.92,5
6/4/2016 1:00,34854.04,26.11,9.87,2.24,1.61,3.21,5
6/4/2016 2:00,34854.08,25.56,8.95,2.24,1.45,3.5,5
6/4/2016 3:00,34854.13,26.11,6.69,1.34,2.25,3.79,6
6/4/2016 4:00,34854.17,24.44,9.94,4.02,1.8,4.08,5
6/4/2016 5:00,34854.21,25.56,8.52,2.68,1.76,4.37,10
6/4/2016 6:00,34854.25,26.67,7.17,2.24,3.86,4.67,101
6/4/2016 7:00,34854.29,27.78,10.05,0.89,1.4,4.96,273
6/4/2016 8:00,34854.34,33.89,11.22,0.89,4.69,5.25,478
6/4/2016 9:00,34854.38,35.56,10.73,1.79,5.69,5.54,635
6/4/2016 10:00,34854.42,37.78,8.77,1.34,3.25,5.83,786
6/4/2016 11:00,34854.46,38.33,8.34,1.79,3.46,6.12,831
6/4/2016 12:00,34854.5,38.89,9.68,0.89,3.93,6.42,684
6/4/2016 13:00,34854.55,40,8.75,1.34,4.17,5.24,727
6/4/2016 14:00,34854.59,41.67,9.09,0.89,5.15,0,846
6/4/2016 15:00,34854.63,43.33,9.34,2.24,5.83,0.09,742
6/4/2016 16:00,34854.67,42.78,6.49,0.45,0.05,0.18,602
6/4/2016 17:00,34854.71,42.78,6.49,0.45,4.82,0.27,445
6/4/2016 18:00,34854.76,40,8.75,0.45,2.95,0.36,165
6/4/2016 19:00,34854.8,35,5.62,0.45,4.85,0.45,28
6/4/2016 20:00,34854.84,31.11,6.97,0.45,1.78,0.54,7
6/4/2016 21:00,34854.88,28.89,7.5,0.89,5.64,0.63,5
6/4/2016 22:00,34854.92,26.67,9.07,1.34,5.78,0.73,5
6/4/2016 23:00,34854.97,26.67,9.07,3.13,1.78,2.62,6
6/5/2016 0:00,34855,23.89,9.81,0.45,4.82,0.91,6
6/5/2016 1:00,34855.04,23.33,11.36,2.68,1.5,1,5
6/5/2016 2:00,34855.08,23.33,11.99,2.24,1.61,1.09,6
6/5/2016 3:00,34855.13,23.89,11.21,3.58,1.95,1.18,6
6/5/2016 4:00,34855.17,21.11,8.99,1.34,4.1,1.27,6
6/5/2016 5:00,34855.21,20.56,8.16,0,0.65,1.36,10
6/5/2016 6:00,34855.25,23.33,12.6,1.79,1.34,1.45,93
6/5/2016 7:00,34855.29,28.33,15.27,0.89,5.22,1.54,267
6/5/2016 8:00,34855.34,31.11,10.52,1.34,4.05,1.63,456
6/5/2016 9:00,34855.38,32.78,9.66,0.89,2.78,1.72,629
6/5/2016 10:00,34855.42,34.44,9.79,0.45,2.88,1.81,773
6/5/2016 11:00,34855.46,36.11,10.5,0.45,3.25,1.9,874
6/5/2016 12:00,34855.5,38.89,10.53,0.89,4,1.99,910
6/5/2016 13:00,34855.55,37.78,10.41,0.89,3.18,0,922
6/5/2016 14:00,34855.59,40.56,9.2,0.45,4.33,0,871
6/5/2016 15:00,34855.63,41.67,9.09,0.89,4.96,0.08,772
6/5/2016 16:00,34855.67,40,5.54,2.68,5.83,0.15,640
6/5/2016 17:00,34855.71,38.89,5.8,2.68,5.55,0.23,450
6/5/2016 18:00,34855.76,37.22,4.47,1.79,5.64,0.31,166
6/5/2016 19:00,34855.8,32.78,1.95,0.45,5.27,0.39,26
6/5/2016 20:00,34855.84,30.56,4.4,1.34,5.78,0.46,7
6/5/2016 21:00,34855.88,28.89,4.43,0.89,4.57,0.54,5
6/5/2016 22:00,34855.92,27.22,5.5,1.34,4.78,0.62,5
6/5/2016 23:00,34855.97,25,9.28,0.89,4.85,0.82,5
6/6/2016 0:00,34856,23.33,6.98,1.34,0.07,0.77,6
6/6/2016 1:00,34856.04,22.22,5.14,1.34,2.3,0.85,5
6/6/2016 2:00,34856.08,22.78,10.19,2.68,1.64,0.93,6
6/6/2016 3:00,34856.13,22.22,9.35,2.68,1.68,1,6
6/6/2016 4:00,34856.17,22.22,10.65,1.79,1.73,1.08,6
6/6/2016 5:00,34856.21,21.67,10.45,1.34,1.5,1.16,9
6/6/2016 6:00,34856.25,21.11,7.65,0.45,3.42,1.23,97
6/6/2016 7:00,34856.29,26.67,11.95,1.34,1.61,1.31,272
6/6/2016 8:00,34856.34,31.67,12.04,0.45,4,1.39,459
6/6/2016 9:00,34856.38,30.56,9.49,2.24,3.53,1.47,634
6/6/2016 10:00,34856.42,32.78,10.26,0.45,0.91,1.54,774
6/6/2016 11:00,34856.46,34.44,9.1,1.34,3.86,1.62,870
6/6/2016 12:00,34856.5,36.11,9.02,0.89,4.54,1.7,917
6/6/2016 13:00,34856.55,38.89,9.68,0.89,4.57,0,916
6/6/2016 14:00,34856.59,40,10.6,0.45,4.28,0,867
6/6/2016 15:00,34856.63,40.56,10.15,1.34,5.04,0.06,762
6/6/2016 16:00,34856.67,40.56,11.05,2.24,4.64,0.13,617
6/6/2016 17:00,34856.71,39.44,10.14,2.68,4.52,0.19,439
6/6/2016 18:00,34856.76,37.22,10.71,1.79,4.73,0.25,179
6/6/2016 19:00,34856.8,32.78,9.03,0.89,4.69,0.32,26
6/6/2016 20:00,34856.84,30,8.46,0.89,5.5,0.38,7
6/6/2016 21:00,34856.88,29.44,8.53,0.89,5.6,0.44,5
6/6/2016 22:00,34856.92,28.33,9.61,0.45,5.55,0.51,5
6/6/2016 23:00,34856.97,23.89,5.71,0.89,4.35,0.69,6
6/7/2016 0:00,34857,22.78,11.47,0.89,4.63,0.63,6
6/7/2016 1:00,34857.04,22.78,12.38,0.45,4.43,0.7,6
6/7/2016 2:00,34857.08,21.67,12.2,0.45,5.88,0.76,5
6/7/2016 3:00,34857.13,20.56,12.23,0.45,4.82,0.82,6
6/7/2016 4:00,34857.17,20,12.46,0.45,5.38,0.89,6
6/7/2016 5:00,34857.21,20,12.7,0.89,1.99,0.95,9
6/7/2016 6:00,34857.25,20,12.46,0.45,5.08,1.01,98
6/7/2016 7:00,34857.29,24.44,14.8,0.45,2.29,1.08,270
6/7/2016 8:00,34857.34,27.78,14.76,1.34,4.36,1.14,455
6/7/2016 9:00,34857.38,31.67,15.25,1.79,4.66,1.2,628
6/7/2016 10:00,34857.42,33.89,14.48,0.89,3.65,1.27,773
6/7/2016 11:00,34857.46,36.11,14.85,1.34,5.38,1.33,873
6/7/2016 12:00,34857.5,36.67,13.6,0.45,5.62,1.39,923
6/7/2016 13:00,34857.55,37.78,11.9,1.34,4.56,0,922
6/7/2016 14:00,34857.59,40,11.45,1.79,4.99,0,875
6/7/2016 15:00,34857.63,39.44,10.99,2.68,4.96,0.13,761
6/7/2016 16:00,34857.67,40,9.7,1.79,4.36,0.26,621
6/7/2016 17:00,34857.71,38.33,8.34,5.81,5.74,0.39,413
6/7/2016 18:00,34857.76,36.67,6.98,2.24,5.79,0.52,185
6/7/2016 19:00,34857.8,32.22,6.53,0.89,5.81,0.65,28
6/7/2016 20:00,34857.84,29.44,9.07,0.45,4.69,0.78,7
6/7/2016 21:00,34857.88,27.22,10,0.45,0.93,0.91,5
6/7/2016 22:00,34857.92,23.89,10.17,1.34,5.1,1.04,5
6/7/2016 23:00,34857.97,25,8.88,0.89,3.46,0.57,6
6/8/2016 0:00,34858,21.67,10.45,0.45,4.28,1.31,5
6/8/2016 1:00,34858.04,19.44,9.84,0.45,4.29,1.44,6
6/8/2016 2:00,34858.08,18.33,9.87,1.34,4.56,1.57,6
6/8/2016 3:00,34858.13,17.78,9.86,0.89,4.56,1.7,6
6/8/2016 4:00,34858.17,17.78,10.59,0.89,4.26,1.83,6
6/8/2016 5:00,34858.21,16.67,10.01,0.89,3.6,1.96,10
6/8/2016 6:00,34858.25,18.89,11.65,0.89,4.42,2.09,105
6/8/2016 7:00,34858.29,21.67,13.01,0.89,4.36,2.22,296
6/8/2016 8:00,34858.34,25.56,14.66,0.45,4.24,2.35,377
6/8/2016 9:00,34858.38,27.78,14.42,1.79,4.56,2.48,557
6/8/2016 10:00,34858.42,30,14.17,1.34,3.12,2.61,798
6/8/2016 11:00,34858.46,33.33,15.42,0.89,2.04,2.74,814
6/8/2016 12:00,34858.5,33.33,12.44,2.24,5.86,2.87,885
6/8/2016 13:00,34858.55,35,11.55,0.89,3.33,0,900
6/8/2016 14:00,34858.59,37.22,10.71,0.89,4.03,0,837
6/8/2016 15:00,34858.63,38.33,9.23,0.89,4.52,0.07,744
6/8/2016 16:00,34858.67,36.11,7.4,0.89,3.32,0.14,574
6/8/2016 17:00,34858.71,35,5.62,4.47,5.65,0.21,441
6/8/2016 18:00,34858.76,32.78,5.48,1.79,6,0.28,167
6/8/2016 19:00,34858.8,28.89,4.43,0.89,4.52,0.35,39
6/8/2016 20:00,34858.84,25,6.21,0.89,4.33,0.42,7
6/8/2016 21:00,34858.88,22.22,7.57,0.89,0.66,0.49,6
6/8/2016 22:00,34858.92,20.56,7.49,0.89,0.05,0.56,6
6/8/2016 23:00,34858.97,22.78,10.19,0.89,4.56,1.17,6
6/9/2016 0:00,34859,17.78,5.94,1.34,4.29,0.7,6
6/9/2016 1:00,34859.04,16.67,6.13,1.34,4.43,0.77,6
6/9/2016 2:00,34859.08,17.22,7.49,0.45,4.96,0.84,6
6/9/2016 3:00,34859.13,16.11,6.46,1.34,4.56,0.91,6
6/9/2016 4:00,34859.17,15.56,6.75,1.34,4.71,0.98,6
6/9/2016 5:00,34859.21,14.44,5.96,0.89,4.14,1.05,8
6/9/2016 6:00,34859.25,15,6.99,1.34,4.71,1.12,98
6/9/2016 7:00,34859.29,21.11,11.12,1.34,1.45,1.19,276
6/9/2016 8:00,34859.34,23.89,10.87,1.34,3.56,1.26,462
6/9/2016 9:00,34859.38,26.67,11.17,1.34,2.6,1.33,606
6/9/2016 10:00,34859.42,30.56,12.5,1.79,2.57,1.4,784
6/9/2016 11:00,34859.46,32.22,12.01,0.89,1.71,1.47,877
6/9/2016 12:00,34859.5,33.33,8.85,0.89,4.59,1.54,921
6/9/2016 13:00,34859.55,35,9.57,0.45,5.95,0,928
6/9/2016 14:00,34859.59,36.11,8.23,1.34,4.59,0,873
6/9/2016 15:00,34859.63,37.22,6.5,0.89,5.72,0.15,789
6/9/2016 16:00,34859.67,36.11,5.6,0.45,5.15,0.3,625
6/9/2016 17:00,34859.71,33.89,4.71,0.89,4.73,0.45,423
6/9/2016 18:00,34859.76,30.56,5.13,1.34,4.1,0.6,123
6/9/2016 19:00,34859.8,28.33,3.96,0.89,4.61,0.75,50
6/9/2016 20:00,34859.84,25.56,3.5,0.45,4.14,0.9,9
6/9/2016 21:00,34859.88,23.89,3.73,0.89,4.66,1.05,6
6/9/2016 22:00,34859.92,22.78,3.78,0.45,3.6,1.2,6
6/9/2016 23:00,34859.97,20,7.32,0.89,4.61,0.63,6
6/10/2016 0:00,34860,18.33,6.13,1.34,4.4,1.5,6
6/10/2016 1:00,34860.04,16.67,6.98,0.45,3.07,1.65,6
6/10/2016 2:00,34860.08,15.56,7.01,0.89,4.68,1.81,6
6/10/2016 3:00,34860.13,16.11,8.29,0.45,4.36,1.96,6
6/10/2016 4:00,34860.17,16.11,8.53,1.34,4.03,2.11,6
6/10/2016 5:00,34860.21,15,7.48,0.89,4.05,2.26,8
6/10/2016 6:00,34860.25,17.22,9.34,0.89,4.12,2.41,69
6/10/2016 7:00,34860.29,20,10.91,0.45,3.02,2.56,229
6/10/2016 8:00,34860.34,23.89,12.5,0.45,6.11,2.71,373
6/10/2016 9:00,34860.38,25,11.88,0.89,0.14,2.86,497
6/10/2016 10:00,34860.42,27.22,10.86,1.34,1.22,3.01,512
6/10/2016 11:00,34860.46,31.11,8.84,0.45,5.29,3.16,612
6/10/2016 12:00,34860.5,32.78,6.99,1.34,5.88,3.31,869
6/10/2016 13:00,34860.55,33.89,7.18,0.89,3.91,0,916
6/10/2016 14:00,34860.59,32.78,5.48,2.24,4.69,0,800
6/10/2016 15:00,34860.63,32.22,5.79,1.34,5.76,0.33,585
6/10/2016 16:00,34860.67,28.89,4.43,1.34,4.15,0.67,273
6/10/2016 17:00,34860.71,29.44,4.9,1.34,5.79,1,208
6/10/2016 18:00,34860.76,26.67,5.59,0.89,3.91,1.33,100
6/10/2016 19:00,34860.8,25,6.21,0.45,5.32,1.67,53
6/10/2016 20:00,34860.84,23.33,4.75,0.89,4.12,2,8
6/10/2016 21:00,34860.88,21.67,4.65,0.89,4.38,2.34,5
6/10/2016 22:00,34860.92,20,4.41,0.45,3.86,2.67,5
6/10/2016 23:00,34860.97,21.11,5,0.89,4.54,1.35,6
6/11/2016 0:00,34861,18.33,2.93,0.89,4.82,3.34,6
6/11/2016 1:00,34861.04,16.11,2.06,0.89,4.69,3.67,6
6/11/2016 2:00,34861.08,15.56,2.27,0.89,4.87,4,6
6/11/2016 3:00,34861.13,15.56,3.27,1.34,4.57,4.34,6
6/11/2016 4:00,34861.17,16.11,3.45,0.89,4.07,4.67,6
6/11/2016 5:00,34861.21,16.11,3.77,0.89,3.54,5.01,10
6/11/2016 6:00,34861.25,16.11,4.09,1.34,4.35,5.34,59
6/11/2016 7:00,34861.29,17.22,5.11,1.79,4.26,5.67,142
6/11/2016 8:00,34861.34,20.56,7.14,0.89,4.64,6.01,171
6/11/2016 9:00,34861.38,21.11,7.65,0.45,4.99,6.34,170
6/11/2016 10:00,34861.42,23.33,8.18,0.45,2.76,6.67,223
6/11/2016 11:00,34861.46,25.56,9.78,1.34,4.22,7.01,346
6/11/2016 12:00,34861.5,27.78,10.93,0.89,4.54,7.34,608
6/11/2016 13:00,34861.55,30,11.07,0.89,5.81,3.85,802
6/11/2016 14:00,34861.59,30.56,10.03,1.34,4.33,3.64,720
6/11/2016 15:00,34861.63,31.11,10.52,1.34,5.06,3.93,659
6/11/2016 16:00,34861.67,32.78,10.26,1.34,4.36,4.22,571
6/11/2016 17:00,34861.71,28.33,7.57,2.68,4.96,4.51,341
6/11/2016 18:00,34861.76,28.89,8.59,1.79,4.64,4.8,114
6/11/2016 19:00,34861.8,25,6.68,0.89,4.26,5.09,47
6/11/2016 20:00,34861.84,22.78,6.89,0.89,5.71,5.38,7
6/11/2016 21:00,34861.88,22.78,6.89,1.34,5.1,5.66,5
6/11/2016 22:00,34861.92,22.22,7.18,0.89,3.68,5.95,5
6/11/2016 23:00,34861.97,20,4.81,1.34,4.56,3,6
6/12/2016 0:00,34862,19.44,7.47,0.45,4.69,6.53,6
6/12/2016 1:00,34862.04,19.44,8.09,1.34,4.63,6.82,6
6/12/2016 2:00,34862.08,15.56,8.25,0.45,1.26,7.11,6
6/12/2016 3:00,34862.13,15.56,10.06,0.89,3.12,7.4,6
6/12/2016 4:00,34862.17,16.67,11.34,2.24,0.63,7.69,6
6/12/2016 5:00,34862.21,18.33,12.95,1.34,2.23,7.98,7
6/12/2016 6:00,34862.25,16.67,11.56,0.45,3.42,8.27,35
6/12/2016 7:00,34862.29,19.44,13.8,2.24,1.69,8.55,111
6/12/2016 8:00,34862.34,20,13.65,4.02,1.85,8.84,177
6/12/2016 9:00,34862.38,23.89,15.37,2.68,1.95,9.13,412
6/12/2016 10:00,34862.42,24.44,12.7,0.45,5.32,9.42,718
6/12/2016 11:00,34862.46,23.89,12.81,0.45,4.4,9.71,242
6/12/2016 12:00,34862.5,25,13.21,0.45,4.03,10,326
6/12/2016 13:00,34862.55,26.67,13.05,0.89,3.86,9.05,415
6/12/2016 14:00,34862.59,27.22,12.83,2.24,0.75,3,742
6/12/2016 15:00,34862.63,32.22,14.43,1.79,4.57,2.95,582
6/12/2016 16:00,34862.67,32.22,12.52,0.45,4.63,2.89,602
6/12/2016 17:00,34862.71,32.78,11.96,0.89,0.94,2.83,455
6/12/2016 18:00,34862.76,31.11,11.04,0.89,4.47,2.78,224
6/12/2016 19:00,34862.8,28.33,10.08,2.68,5.99,2.72,38
6/12/2016 20:00,34862.84,25.56,6.2,0.89,5.52,2.67,9
6/12/2016 21:00,34862.88,26.11,9.02,1.34,0.68,2.61,5
6/12/2016 22:00,34862.92,21.67,7.44,0.89,4.49,2.56,6
6/12/2016 23:00,34862.97,19.44,6.48,0.45,3.8,6.24,6
6/13/2016 0:00,34863,21.11,11.4,0.89,5.83,2.45,6
6/13/2016 1:00,34863.04,18.89,9.33,0.89,4.71,2.39,6
6/13/2016 2:00,34863.08,18.89,9.33,0.45,3.37,2.33,6
6/13/2016 3:00,34863.13,17.78,9.61,0.89,3.16,2.28,6
6/13/2016 4:00,34863.17,16.11,9.25,0.89,4.28,2.22,6
6/13/2016 5:00,34863.21,16.67,10.01,1.79,2.5,2.17,10
6/13/2016 6:00,34863.25,20,11.96,2.24,2.3,2.11,98
6/13/2016 7:00,34863.29,24.44,14.51,0.89,2.43,2.06,268
6/13/2016 8:00,34863.34,24.44,12.38,0.45,2.04,2,454
6/13/2016 9:00,34863.38,27.22,12.83,1.79,3.98,1.94,628
6/13/2016 10:00,34863.42,27.78,11.77,0.89,3.7,1.89,771
6/13/2016 11:00,34863.46,29.44,11.52,1.79,3.46,1.83,870
6/13/2016 12:00,34863.5,31.67,11.52,1.79,4.5,1.78,917
6/13/2016 13:00,34863.55,33.89,12.37,0.45,6.2,0,916
6/13/2016 14:00,34863.59,34.44,11.69,2.24,5.1,0,872
6/13/2016 15:00,34863.63,35,9.57,1.34,3.7,0,773
6/13/2016 16:00,34863.67,36.11,9.78,0.89,3.6,0,629
6/13/2016 17:00,34863.71,35,7.31,1.79,4.89,0,454
6/13/2016 18:00,34863.76,31.67,2,0.89,4.52,0,176
6/13/2016 19:00,34863.8,27.78,7.09,0.89,5.04,0,28
6/13/2016 20:00,34863.84,23.89,4.25,0.89,4.19,0,8
6/13/2016 21:00,34863.88,22.22,3.3,0.89,3.96,0,5
6/13/2016 22:00,34863.92,19.44,3.92,1.34,5.27,0,6
6/13/2016 23:00,34863.97,20.56,8.8,0.89,4.49,2.5,5
6/14/2016 0:00,34864,15.56,5.94,0.89,4.19,0,6
6/14/2016 1:00,34864.04,15.56,6.75,1.34,4.97,0,6
6/14/2016 2:00,34864.08,14.44,6.22,0.45,3.91,0,6
6/14/2016 3:00,34864.13,13.33,6.14,0.89,3.54,0,6
6/14/2016 4:00,34864.17,11.67,5.02,0.89,4.57,0,6
6/14/2016 5:00,34864.21,11.11,4.94,0.89,4.33,0,10
6/14/2016 6:00,34864.25,12.78,6.08,0.89,4.61,0,102
6/14/2016 7:00,34864.29,17.22,8.04,0.89,3.94,0,282
6/14/2016 8:00,34864.34,20,8.6,1.34,4.14,0,474
6/14/2016 9:00,34864.38,23.89,9.44,2.24,1.19,0,650
6/14/2016 10:00,34864.42,26.67,6.66,1.34,4.59,0,794
6/14/2016 11:00,34864.46,27.78,3.5,1.79,4.56,0,896
6/14/2016 12:00,34864.5,29.44,1.93,0.89,3.84,0,946
6/14/2016 13:00,34864.55,30,1.54,1.34,4.89,0,945
6/14/2016 14:00,34864.59,31.11,0.61,1.34,5.46,0,895
6/14/2016 15:00,34864.63,32.78,0.93,0.89,5.03,0.07,782
6/14/2016 16:00,34864.67,32.78,0.93,0.89,2.88,0.13,627
6/14/2016 17:00,34864.71,31.11,1.55,3.13,5.72,0.2,492
6/14/2016 18:00,34864.76,28.33,2.56,6.26,5.76,0.26,173
6/14/2016 19:00,34864.8,24.44,2.55,1.34,4.03,0.33,28
6/14/2016 20:00,34864.84,20,4.01,0.89,4.1,0.39,8
6/14/2016 21:00,34864.88,17.78,4.28,0.89,4.63,0.46,6
6/14/2016 22:00,34864.92,16.67,3.27,1.34,4.64,0.52,6
6/14/2016 23:00,34864.97,17.78,6.56,1.79,4.64,0,6
6/15/2016 0:00,34865,14.44,1.26,1.79,5.04,0.65,6
6/15/2016 1:00,34865.04,12.78,0.09,0.45,4.73,0.72,6
6/15/2016 2:00,34865.08,12.78,0.41,0.89,4.47,0.78,6
6/15/2016 3:00,34865.13,11.67,0.93,0.45,3.86,0.85,6
6/15/2016 4:00,34865.17,10,-0.04,0.45,4.69,0.91,6
6/15/2016 5:00,34865.21,10,0.5,0.89,4.47,0.98,10
6/15/2016 6:00,34865.25,11.67,1.5,0.89,4.5,1.04,99
6/15/2016 7:00,34865.29,15,4,0.45,2.64,1.11,274
6/15/2016 8:00,34865.34,19.44,5.79,1.34,5.25,1.17,461
6/15/2016 9:00,34865.38,21.11,5.8,0.89,3.8,1.24,634
6/15/2016 10:00,34865.42,23.33,6.55,1.34,5.39,1.3,776
6/15/2016 11:00,34865.46,23.89,4.75,1.34,4.47,1.37,875
6/15/2016 12:00,34865.5,26.11,5.11,1.34,3.28,1.43,924
6/15/2016 13:00,34865.55,25.56,2.9,0.89,4.69,0,925
6/15/2016 14:00,34865.59,28.33,3.28,1.34,4.19,0,880
6/15/2016 15:00,34865.63,28.89,2.26,0.89,4.47,0.01,783
6/15/2016 16:00,34865.67,28.33,1.8,1.34,4.19,0.03,640
6/15/2016 17:00,34865.71,26.67,1.88,0.89,4.54,0.04,464
6/15/2016 18:00,34865.76,23.89,0.87,1.34,4.85,0.06,179
6/15/2016 19:00,34865.8,21.67,0.74,0.89,5.41,0.07,28
6/15/2016 20:00,34865.84,18.33,0.38,4.47,5.9,0.09,9
6/15/2016 21:00,34865.88,16.67,0.65,1.34,5.6,0.1,6
6/15/2016 22:00,34865.92,15,1.42,0.89,4.5,0.12,6
6/15/2016 23:00,34865.97,15,1.06,0.45,3.21,0.59,6
6/16/2016 0:00,34866,13.33,3.04,0.89,3.51,0.15,6
6/16/2016 1:00,34866.04,12.22,3.1,0.45,5.99,0.16,6
6/16/2016 2:00,34866.08,11.11,3.08,0.45,4.56,0.18,6
6/16/2016 3:00,34866.13,11.11,3.56,0.45,4.38,0.19,7
6/16/2016 4:00,34866.17,10,2.75,0.89,4.07,0.2,6
6/16/2016 5:00,34866.21,9.44,3.13,0.45,4.31,0.22,10
6/16/2016 6:00,34866.25,10.56,3.96,0.45,3.74,0.23,103
6/16/2016 7:00,34866.29,16.11,7,0.89,3.74,0.25,280
6/16/2016 8:00,34866.34,18.33,7.67,0.89,4.28,0.26,468
6/16/2016 9:00,34866.38,22.22,8.3,1.34,3.12,0.28,645
6/16/2016 10:00,34866.42,23.33,7.79,0.89,0.4,0.29,789
6/16/2016 11:00,34866.46,25,7.14,0.89,4.14,0.31,889
6/16/2016 12:00,34866.5,26.11,5.65,1.34,5.57,0.32,936
6/16/2016 13:00,34866.55,26.67,5.59,2.24,4.85,0,935
6/16/2016 14:00,34866.59,30,7.88,1.34,4.94,0,884
6/16/2016 15:00,34866.63,30,6.67,2.24,4.59,0.07,786
6/16/2016 16:00,34866.67,30,6.03,0.45,4.22,0.15,644
6/16/2016 17:00,34866.71,30,4.67,1.79,4.69,0.22,468
6/16/2016 18:00,34866.76,28.33,3.96,0.89,4.89,0.29,178
6/16/2016 19:00,34866.8,23.89,2.08,0.45,4.97,0.37,24
6/16/2016 20:00,34866.84,21.67,2.82,0.45,4.73,0.44,9
6/16/2016 21:00,34866.88,20.56,3.67,0.45,5.69,0.51,5
6/16/2016 22:00,34866.92,20,4.81,0.45,4.1,0.58,6
6/16/2016 23:00,34866.97,14.44,2.88,0.89,4.33,0.13,6
6/17/2016 0:00,34867,16.67,5.23,1.34,1.01,0.73,6
6/17/2016 1:00,34867.04,16.67,6.41,1.79,2.04,0.8,6
6/17/2016 2:00,34867.08,15,3.7,1.34,4.87,0.88,6
6/17/2016 3:00,34867.13,15.56,5.1,0.89,4.4,0.95,6
6/17/2016 4:00,34867.17,15,4.87,0.45,4.08,1.02,6
6/17/2016 5:00,34867.21,12.78,4.14,1.34,4.33,1.1,9
6/17/2016 6:00,34867.25,16.67,6.7,0.45,4.63,1.17,104
6/17/2016 7:00,34867.29,17.22,7.21,1.34,4.64,1.24,276
6/17/2016 8:00,34867.34,22.22,8.66,1.34,4.5,1.31,461
6/17/2016 9:00,34867.38,25.56,8.52,0.89,3.53,1.39,633
6/17/2016 10:00,34867.42,28.33,9.12,2.24,3.72,1.46,776
6/17/2016 11:00,34867.46,29.44,7.41,0.45,6.06,1.53,874
6/17/2016 12:00,34867.5,31.67,8.71,1.34,5.53,1.61,921
6/17/2016 13:00,34867.55,28.33,7.02,2.68,0.96,0,917
6/17/2016 14:00,34867.59,32.22,7.91,3.13,5.79,0,870
6/17/2016 15:00,34867.63,35,8.85,1.34,3.77,0.07,774
6/17/2016 16:00,34867.67,34.44,7.64,1.79,5.74,0.13,633
6/17/2016 17:00,34867.71,35,8.1,0.89,4.29,0.2,461
6/17/2016 18:00,34867.76,33.33,6.71,0.89,4.83,0.26,175
6/17/2016 19:00,34867.8,28.33,4.62,0.45,4.78,0.33,22
6/17/2016 20:00,34867.84,25,4.16,1.34,5.78,0.4,8
6/17/2016 21:00,34867.88,23.89,6.17,0.45,4.78,0.46,6
6/17/2016 22:00,34867.92,20.56,7.49,0.45,4.54,0.53,6
6/17/2016 23:00,34867.97,17.22,2.7,0.89,4.47,0.66,6
6/18/2016 0:00,34868,17.22,8.57,1.34,4.59,0.66,6
6/18/2016 1:00,34868.04,17.22,9.08,0.45,6.25,0.72,6
6/18/2016 2:00,34868.08,15.56,8.25,0.45,5.31,0.79,6
6/18/2016 3:00,34868.13,15,7.24,0.45,3.93,0.86,6
6/18/2016 4:00,34868.17,14.44,7.19,0.45,3.47,0.92,6
6/18/2016 5:00,34868.21,15.56,8.01,0.89,4.22,0.99,9
6/18/2016 6:00,34868.25,16.11,7.78,0.45,3.18,1.05,99
6/18/2016 7:00,34868.29,20,10.08,0.45,4.17,1.12,271
6/18/2016 8:00,34868.34,23.89,11.54,0.45,3.65,1.19,459
6/18/2016 9:00,34868.38,26.67,11.95,0.45,3.37,1.25,633
6/18/2016 10:00,34868.42,26.67,10.36,1.79,4.31,1.32,776
6/18/2016 11:00,34868.46,28.89,11.48,1.34,3.6,1.38,875
6/18/2016 12:00,34868.5,30.56,11.56,1.34,5.39,1.45,924
6/18/2016 13:00,34868.55,31.67,11.52,0.45,4.14,0,926
6/18/2016 14:00,34868.59,32.78,11.41,0.89,2.01,0,875
6/18/2016 15:00,34868.63,33.33,11.33,1.79,4.57,0,759
6/18/2016 16:00,34868.67,33.89,11.22,1.79,4.49,0,644
6/18/2016 17:00,34868.71,31.67,9.31,0.89,1.5,0,447
6/18/2016 18:00,34868.76,31.11,10.52,0.45,4.4,0,156
6/18/2016 19:00,34868.8,26.67,7.66,0.45,4.47,0,30
6/18/2016 20:00,34868.84,23.33,8.18,1.79,5.25,0,9
6/18/2016 21:00,34868.88,22.78,8.07,0.89,3.96,0,5
6/18/2016 22:00,34868.92,21.11,8.33,0.45,5.31,0,5
6/18/2016 23:00,34868.97,19.44,9.84,0.89,3.7,0.59,6
6/19/2016 0:00,34869,18.89,8.76,0.89,4.17,0,6
6/19/2016 1:00,34869.04,18.89,9.87,0.89,4,0,6
6/19/2016 2:00,34869.08,18.33,9.35,0.89,4.59,0,6
6/19/2016 3:00,34869.13,16.67,8.31,0.45,2.23,0,6
6/19/2016 4:00,34869.17,15.56,8.01,1.34,3.75,0,6
6/19/2016 5:00,34869.21,15.56,8.48,0.89,3.79,0,9
6/19/2016 6:00,34869.25,20.56,12.23,1.79,1.78,0,106
6/19/2016 7:00,34869.29,19.44,10.39,1.34,4.59,0,280
6/19/2016 8:00,34869.34,24.44,13.01,1.34,4.14,0,468
6/19/2016 9:00,34869.38,28.33,13.45,1.79,3.53,0,643
6/19/2016 10:00,34869.42,30,12.91,1.79,4.54,0,786
6/19/2016 11:00,34869.46,31.67,12.53,0.45,0.56,0,888
6/19/2016 12:00,34869.5,32.78,11.41,1.34,4.61,0,939
6/19/2016 13:00,34869.55,34.44,11.08,0.89,3.89,0,940
6/19/2016 14:00,34869.59,36.67,10.97,0.89,3.26,0,895
6/19/2016 15:00,34869.63,38.33,12.37,2.24,4.76,0.08,789
6/19/2016 16:00,34869.67,38.89,12.1,0.45,4.01,0.17,650
6/19/2016 17:00,34869.71,37.78,11.17,0.89,4.76,0.25,468
6/19/2016 18:00,34869.76,35,10.26,1.79,4.61,0.34,260
6/19/2016 19:00,34869.8,31.67,9.31,1.34,3.67,0.42,63
6/19/2016 20:00,34869.84,28.33,8.11,0.45,4.64,0.5,12
6/19/2016 21:00,34869.88,26.11,7.18,0.89,4.69,0.59,6
6/19/2016 22:00,34869.92,24.44,7.1,0.45,3.49,0.67,5
6/19/2016 23:00,34869.97,18.89,7.88,0.45,3.75,0,6
6/20/2016 0:00,34870,22.78,8.07,0.45,3.61,0.84,5
6/20/2016 1:00,34870.04,21.67,7.44,0.89,4.63,0.93,5
6/20/2016 2:00,34870.08,20.56,7.49,0.89,1.01,1.01,5
6/20/2016 3:00,34870.13,21.11,9.63,0.45,1.52,1.09,6
6/20/2016 4:00,34870.17,20.56,8.48,0.45,4.54,1.18,6
6/20/2016 5:00,34870.21,20.56,9.72,0.45,0.31,1.26,8
6/20/2016 6:00,34870.25,23.33,13.19,2.24,1.2,1.35,96
6/20/2016 7:00,34870.29,25.56,13.4,2.68,1.2,1.43,267
6/20/2016 8:00,34870.34,30,13.76,0.89,4.85,1.51,452
6/20/2016 9:00,34870.38,32.22,13.5,0.89,4.69,1.6,626
6/20/2016 10:00,34870.42,33.33,13.49,2.24,3.89,1.68,768
6/20/2016 11:00,34870.46,35,12.76,2.24,4.66,1.77,868
6/20/2016 12:00,34870.5,36.67,12.33,1.34,3.93,1.85,916
6/20/2016 13:00,34870.55,38.33,10.87,0.89,3.96,0,916
6/20/2016 14:00,34870.59,38.89,9.68,1.34,3.89,0,871
6/20/2016 15:00,34870.63,40.56,9.2,1.34,4.1,0.08,775
6/20/2016 16:00,34870.67,40.56,8.2,1.79,4.76,0.16,635
6/20/2016 17:00,34870.71,38.33,7.4,1.34,3.63,0.23,460
6/20/2016 18:00,34870.76,36.67,6.05,0.45,5.29,0.31,178
6/20/2016 19:00,34870.8,32.22,5.79,0.45,0.23,0.39,26
6/20/2016 20:00,34870.84,27.78,5.98,0.89,4.89,0.47,8
6/20/2016 21:00,34870.88,26.67,5.59,0.45,5.83,0.55,5
6/20/2016 22:00,34870.92,26.11,5.65,0.45,3.93,0.62,5
6/20/2016 23:00,34870.97,24.44,7.96,0.89,4.71,0.76,6
6/21/2016 0:00,34871,25,9.28,1.79,1.41,0.78,6
6/21/2016 1:00,34871.04,24.44,11.72,1.79,1.69,0.86,5
6/21/2016 2:00,34871.08,22.78,9.16,0.89,1.57,0.93,5
6/21/2016 3:00,34871.13,22.78,10.52,1.34,1.29,1.01,5
6/21/2016 4:00,34871.17,21.67,11.35,0.89,1.41,1.09,5
6/21/2016 5:00,34871.21,22.22,11.86,3.13,1.47,1.17,9
6/21/2016 6:00,34871.25,25,12.56,3.13,1.59,1.25,100
6/21/2016 7:00,34871.29,25,11.18,1.34,4.54,1.32,272
6/21/2016 8:00,34871.34,29.44,10.58,0.89,4.29,1.4,454
6/21/2016 9:00,34871.38,34.44,12.28,0.89,5.06,1.48,627
6/21/2016 10:00,34871.42,36.11,11.19,0.89,4.64,1.56,772
6/21/2016 11:00,34871.46,36.11,10.5,0.45,2.2,1.64,870
6/21/2016 12:00,34871.5,36.11,9.02,0.89,4.19,1.71,919
6/21/2016 13:00,34871.55,37.78,8.77,0.89,3.4,0,924
6/21/2016 14:00,34871.59,40.56,8.2,1.34,3.58,0,881
6/21/2016 15:00,34871.63,40.56,4.75,0.89,3.75,0,783
6/21/2016 16:00,34871.67,41.11,3.85,1.34,4.69,0,637
6/21/2016 17:00,34871.71,40.56,5.98,0.89,4.08,0,468
6/21/2016 18:00,34871.76,37.78,4.91,1.34,4.5,0,185
6/21/2016 19:00,34871.8,33.33,6.71,0.89,4.85,0,24
6/21/2016 20:00,34871.84,29.44,5.56,0.89,3.72,0,9
6/21/2016 21:00,34871.88,30,3.94,0.89,0.05,0,5
6/21/2016 22:00,34871.92,27.78,5.39,0.89,1.59,0,5
6/21/2016 23:00,34871.97,24.44,7.54,0.45,0.02,0.7,6
6/22/2016 0:00,34872,25,8.03,2.24,1.36,0,6
6/22/2016 1:00,34872.04,23.89,9.44,2.68,1.43,0,6
6/22/2016 2:00,34872.08,24.44,9.57,2.24,1.85,0,5
6/22/2016 3:00,34872.13,22.78,6.06,0.45,4.9,0,5
6/22/2016 4:00,34872.17,21.67,7.8,0.89,1.62,0,6
6/22/2016 5:00,34872.21,21.67,9.17,2.68,1.76,0,9
6/22/2016 6:00,34872.25,25,9.68,2.68,1.87,0,102
6/22/2016 7:00,34872.29,25.56,8.52,1.34,4.52,0,280
6/22/2016 8:00,34872.34,29.44,9.59,1.79,3.67,0,469
6/22/2016 9:00,34872.38,33.89,9.32,0.45,5.69,0,647
6/22/2016 10:00,34872.42,37.22,8.31,1.34,4.8,0,795
6/22/2016 11:00,34872.46,38.33,6.41,0.45,3.33,0,903
6/22/2016 12:00,34872.5,38.89,5.8,2.24,4.31,0,953
6/22/2016 13:00,34872.55,38.89,2.12,3.58,4.78,0,962
6/22/2016 14:00,34872.59,40.56,1.96,2.68,4.49,0,916
6/22/2016 15:00,34872.63,41.67,1.19,1.34,4.52,0,818
6/22/2016 16:00,34872.67,40.56,0.35,0.89,5.18,0,671
6/22/2016 17:00,34872.71,39.44,-0.49,1.79,0.12,0,489
6/22/2016 18:00,34872.76,36.67,0.4,4.92,5.79,0,181
6/22/2016 19:00,34872.8,33.33,1.37,3.13,5.69,0,24
6/22/2016 20:00,34872.84,28.89,-2.18,1.34,3.7,0,9
6/22/2016 21:00,34872.88,26.67,-3.95,0.45,3.75,0,5
6/22/2016 22:00,34872.92,24.44,-0.68,0.89,3,0,5
6/22/2016 23:00,34872.97,25.56,5.17,0.89,3.77,0,5
6/23/2016 0:00,34873,23.33,1.6,0.89,5.24,0,5
6/23/2016 1:00,34873.04,21.11,-0.29,0.45,4.52,0,5
6/23/2016 2:00,34873.08,17.78,0.35,0.45,4.01,0,6
6/23/2016 3:00,34873.13,18.89,1.76,0.89,4.78,0,5
6/23/2016 4:00,34873.17,16.11,0.95,1.34,4.17,0,6
6/23/2016 5:00,34873.21,17.78,3.2,0.89,3.72,0,10
6/23/2016 6:00,34873.25,18.89,3.02,1.34,4.19,0,107
6/23/2016 7:00,34873.29,20.56,4.51,1.34,4.36,0,286
6/23/2016 8:00,34873.34,25.56,6.2,0.45,3,0,478
6/23/2016 9:00,34873.38,30.56,5.83,0.89,0.94,0,657
6/23/2016 10:00,34873.42,32.78,1.95,2.68,5.45,0,805
6/23/2016 11:00,34873.46,34.44,1.15,1.79,4.71,0,905
6/23/2016 12:00,34873.5,36.11,2.47,2.24,2.9,0,951
6/23/2016 13:00,34873.55,36.67,1.7,2.68,4.99,0,953
6/23/2016 14:00,34873.59,38.33,3.01,2.68,4.68,0,905
6/23/2016 15:00,34873.63,38.33,3.01,0.89,3.42,0,800
6/23/2016 16:00,34873.67,38.89,-0.91,0.89,3.61,0,659
6/23/2016 17:00,34873.71,37.78,-3.51,2.68,5.52,0,481
6/23/2016 18:00,34873.76,35.56,-7.14,0.89,6.07,0,190
6/23/2016 19:00,34873.8,31.11,-2.65,2.24,5.79,0,24
6/23/2016 20:00,34873.84,28.33,1.01,0.89,3.7,0,9
6/23/2016 21:00,34873.88,25.56,4.63,0.45,4.38,0,5
6/23/2016 22:00,34873.92,24.44,7.1,0.89,4.96,0,5
6/23/2016 23:00,34873.97,25,5.21,1.34,1.27,0,6
6/24/2016 0:00,34874,20,6.29,0.45,3.93,0,6
6/24/2016 1:00,34874.04,19.44,6.48,0.89,4.64,0,6
6/24/2016 2:00,34874.08,17.22,5.43,1.34,4.38,0,6
6/24/2016 3:00,34874.13,16.11,5.32,0.89,4.82,0,6
6/24/2016 4:00,34874.17,15,4.87,1.79,4.54,0,6
6/24/2016 5:00,34874.21,15,6.23,0.89,4.49,0,9
6/24/2016 6:00,34874.25,18.33,8.25,1.79,2.27,0,105
6/24/2016 7:00,34874.29,20.56,8.8,0.45,4.49,0,284
6/24/2016 8:00,34874.34,25,9.68,0.45,5.55,0,474
6/24/2016 9:00,34874.38,29.44,9.59,1.34,1.22,0,649
6/24/2016 10:00,34874.42,31.67,6.06,1.79,4.5,0,790
6/24/2016 11:00,34874.46,33.33,4.26,1.34,4.38,0,895
6/24/2016 12:00,34874.5,33.89,3.8,2.68,5.38,0,946
6/24/2016 13:00,34874.55,34.44,3.29,1.34,5.13,0,947
6/24/2016 14:00,34874.59,35,3.73,2.24,4.97,0,899
6/24/2016 15:00,34874.63,35.56,4.18,0.89,4.4,0,804
6/24/2016 16:00,34874.67,36.11,3.58,2.24,5.18,0,660
6/24/2016 17:00,34874.71,36.11,3.58,2.24,5.04,0,485
6/24/2016 18:00,34874.76,33.33,3.35,0.89,4.54,0,196
6/24/2016 19:00,34874.8,29.44,6.2,0.89,2.88,0,25
6/24/2016 20:00,34874.84,26.11,6.18,0.45,4.64,0,9
6/24/2016 21:00,34874.88,24.44,6.66,0.89,4.26,0,5
6/24/2016 22:00,34874.92,22.22,5.99,0.45,3.89,0,5
6/24/2016 23:00,34874.97,22.22,7.18,0.89,4.69,0,6
6/25/2016 0:00,34875,21.11,5,0.45,4.85,0,6
6/25/2016 1:00,34875.04,20,4.81,0.89,0.98,0,6
6/25/2016 2:00,34875.08,21.11,9.63,2.24,1.48,0,6
6/25/2016 3:00,34875.13,18.89,7.27,0.45,2.69,0,6
6/25/2016 4:00,34875.17,20.56,10.88,1.79,1.87,0,6
6/25/2016 5:00,34875.21,18.89,9.33,1.34,1.73,0,9
6/25/2016 6:00,34875.25,22.22,11.27,2.68,1.52,0,99
6/25/2016 7:00,34875.29,25,9.28,0.89,4.17,0,278
6/25/2016 8:00,34875.34,28.33,9.61,0.45,0.05,0,471
6/25/2016 9:00,34875.38,30,10.58,0.89,0.99,0,647
6/25/2016 10:00,34875.42,31.67,9.89,0.45,3.75,0,793
6/25/2016 11:00,34875.46,32.78,9.66,1.34,4.19,0,894
6/25/2016 12:00,34875.5,36.11,11.19,0.45,4.73,0,943
6/25/2016 13:00,34875.55,36.11,10.5,0.89,4.52,0,941
6/25/2016 14:00,34875.59,37.78,9.61,1.34,0.61,0,892
6/25/2016 15:00,34875.63,40,10.6,0.45,2.69,0.11,793
6/25/2016 16:00,34875.67,39.44,10.14,1.34,4.03,0.22,652
6/25/2016 17:00,34875.71,39.44,9.25,0.45,4.66,0.33,474
6/25/2016 18:00,34875.76,35.56,8.56,1.34,3.86,0.45,194
6/25/2016 19:00,34875.8,31.11,6.97,0.89,4.57,0.56,26
6/25/2016 20:00,34875.84,29.44,7.41,0.89,4.9,0.67,9
6/25/2016 21:00,34875.88,27.22,6.07,0.45,2.2,0.78,5
6/25/2016 22:00,34875.92,25.56,9.37,0.89,1.55,0.89,6
6/25/2016 23:00,34875.97,22.22,5.99,0.89,4.87,0,5
6/26/2016 0:00,34876,25,8.46,1.79,2.04,1.11,5
6/26/2016 1:00,34876.04,23.89,10.17,3.13,1.52,1.23,5
6/26/2016 2:00,34876.08,23.89,10.52,2.24,1.97,1.34,5
6/26/2016 3:00,34876.13,23.89,11.54,3.13,1.45,1.45,5
6/26/2016 4:00,34876.17,22.78,10.84,3.13,1.76,1.56,5
6/26/2016 5:00,34876.21,23.33,11.99,3.13,1.61,1.67,8
6/26/2016 6:00,34876.25,25,11.88,2.68,1.48,1.78,83
6/26/2016 7:00,34876.29,29.44,12.41,1.79,1.94,1.9,253
6/26/2016 8:00,34876.34,31.11,11.04,0.89,5.04,2.01,459
6/26/2016 9:00,34876.38,33.33,11.89,0.89,3.4,2.12,619
6/26/2016 10:00,34876.42,35,10.92,1.34,3.68,2.23,761
6/26/2016 11:00,34876.46,37.78,11.9,0.89,5.29,2.34,869
6/26/2016 12:00,34876.5,38.33,10.87,1.34,4.21,2.45,900
6/26/2016 13:00,34876.55,38.89,8.79,2.24,3.74,0,940
6/26/2016 14:00,34876.59,41.11,9.65,1.79,4.66,0,874
6/26/2016 15:00,34876.63,41.11,9.65,1.34,4.4,0.09,780
6/26/2016 16:00,34876.67,41.11,8.65,1.34,4.71,0.19,633
6/26/2016 17:00,34876.71,38.89,7.85,1.34,4.69,0.28,454
6/26/2016 18:00,34876.76,36.67,7.86,1.79,4.75,0.37,196
6/26/2016 19:00,34876.8,33.33,8.17,0.45,3.84,0.47,35
6/26/2016 20:00,34876.84,32.22,7.91,0.45,4.54,0.56,10
6/26/2016 21:00,34876.88,30,7.29,0.45,1.59,0.65,5
6/26/2016 22:00,34876.92,28.33,6.46,0.45,3.42,0.74,5
6/26/2016 23:00,34876.97,25.56,8.09,1.79,1.57,1,5
6/27/2016 0:00,34877,26.67,9.94,1.79,1.73,0.93,5
6/27/2016 1:00,34877.04,25.56,11.32,2.68,1.92,1.02,5
6/27/2016 2:00,34877.08,26.11,11.82,2.68,1.69,1.12,5
6/27/2016 3:00,34877.13,25,10.82,1.79,1.36,1.21,5
6/27/2016 4:00,34877.17,23.89,11.87,1.79,1.75,1.3,5
6/27/2016 5:00,34877.21,23.89,11.21,2.24,1.82,1.4,8
6/27/2016 6:00,34877.25,25.56,11.68,1.34,2.06,1.49,82
6/27/2016 7:00,34877.29,28.89,11.03,0.89,3.75,1.58,250
6/27/2016 8:00,34877.34,32.78,11.41,0.45,3.18,1.67,436
6/27/2016 9:00,34877.38,35.56,12.03,0.89,4.38,1.77,611
6/27/2016 10:00,34877.42,37.78,11.9,0.45,5.59,1.86,757
6/27/2016 11:00,34877.46,38.33,10.07,1.34,4.17,1.95,861
6/27/2016 12:00,34877.5,38.89,10.53,1.34,4.47,2.05,911
6/27/2016 13:00,34877.55,40,11.45,0.89,3.35,0,910
6/27/2016 14:00,34877.59,41.67,11.06,1.79,4.68,0,863
6/27/2016 15:00,34877.63,42.78,12.88,2.24,4.68,0.12,761
6/27/2016 16:00,34877.67,42.22,11.51,1.34,4.26,0.23,619
6/27/2016 17:00,34877.71,41.11,11.51,1.34,4.35,0.35,445
6/27/2016 18:00,34877.76,37.78,9.61,2.24,4.69,0.46,201
6/27/2016 19:00,34877.8,34.44,7.64,0.89,4.12,0.58,33
6/27/2016 20:00,34877.84,32.22,9.19,0.45,4.33,0.69,9
6/27/2016 21:00,34877.88,30.56,8.36,0.45,1.85,0.81,5
6/27/2016 22:00,34877.92,28.89,9.11,0.45,2.02,0.92,5
6/27/2016 23:00,34877.97,27.22,6.61,2.24,2.13,0.84,5
6/28/2016 0:00,34878,27.22,11.67,0.89,1.19,1.16,5
6/28/2016 1:00,34878.04,26.67,13.75,1.34,1.48,1.27,5
6/28/2016 2:00,34878.08,26.67,12.69,1.79,1.43,1.39,5
6/28/2016 3:00,34878.13,25.56,12.39,2.68,1.8,1.5,6
6/28/2016 4:00,34878.17,26.11,14.87,3.58,1.31,1.62,5
6/28/2016 5:00,34878.21,25,13.21,3.13,1.57,1.73,8
6/28/2016 6:00,34878.25,27.22,14.93,2.24,1.88,1.85,81
6/28/2016 7:00,34878.29,29.44,14.46,1.79,1.55,1.97,245
6/28/2016 8:00,34878.34,32.22,13.98,0.89,5.18,2.08,434
6/28/2016 9:00,34878.38,35.56,14.91,1.79,4.47,2.2,601
6/28/2016 10:00,34878.42,36.67,14.2,1.34,4.01,2.31,760
6/28/2016 11:00,34878.46,38.33,13.07,0.89,1.41,2.43,875
6/28/2016 12:00,34878.5,40,12.26,1.34,3.33,2.54,897
6/28/2016 13:00,34878.55,41.11,10.61,0.89,5.08,0,907
6/28/2016 14:00,34878.59,43.33,11.45,0.45,1.41,0,919
6/28/2016 15:00,34878.63,45,8.23,0.89,1.73,0.07,774
6/28/2016 16:00,34878.67,43.89,7.36,0.89,4.73,0.14,592
6/28/2016 17:00,34878.71,40,6.68,0.89,5.04,0.21,209
6/28/2016 18:00,34878.76,41.67,8.01,1.34,4.24,0.28,206
6/28/2016 19:00,34878.8,36.11,5.6,0.45,3.37,0.35,69
6/28/2016 20:00,34878.84,33.33,4.26,0.89,3.42,0.42,8
6/28/2016 21:00,34878.88,32.78,5.48,0.89,4.43,0.49,5
6/28/2016 22:00,34878.92,31.11,6.3,1.34,4.61,0.56,5
6/28/2016 23:00,34878.97,27.22,13.91,1.34,1.8,1.04,5
6/29/2016 0:00,34879,28.33,7.57,0.45,1.61,0.69,5
6/29/2016 1:00,34879.04,27.22,7.65,0.45,4.17,0.76,5
6/29/2016 2:00,34879.08,26.11,7.66,0.45,3.46,0.83,5
6/29/2016 3:00,34879.13,26.11,11.45,1.34,1.88,0.9,6
6/29/2016 4:00,34879.17,26.67,8.61,1.34,1.94,0.97,6
6/29/2016 5:00,34879.21,26.11,13.58,2.68,1.73,1.04,8
6/29/2016 6:00,34879.25,27.78,12.95,2.68,1.9,1.11,69
6/29/2016 7:00,34879.29,27.78,11.35,0.89,4.5,1.18,216
6/29/2016 8:00,34879.34,32.22,13.02,0.89,4.61,1.25,438
6/29/2016 9:00,34879.38,35,12.17,0.45,3.35,1.32,615
6/29/2016 10:00,34879.42,37.22,12.8,0.89,4.36,1.39,762
6/29/2016 11:00,34879.46,40,13.03,1.79,4.8,1.46,864
6/29/2016 12:00,34879.5,40.56,10.15,2.24,3.44,1.53,922
6/29/2016 13:00,34879.55,42.22,7.3,1.34,0.91,0,933
6/29/2016 14:00,34879.59,42.22,3.23,2.24,4.76,0,893
6/29/2016 15:00,34879.63,43.89,4.51,2.24,4.85,0.06,797
6/29/2016 16:00,34879.67,43.89,-1.03,0.89,5.04,0.12,653
6/29/2016 17:00,34879.71,42.78,-1.84,1.34,4.75,0.18,479
6/29/2016 18:00,34879.76,40,-1.86,1.79,5.74,0.24,192
6/29/2016 19:00,34879.8,35,-3.85,0.45,5.99,0.31,26
6/29/2016 20:00,34879.84,30.56,-5.7,0.89,3.37,0.37,9
6/29/2016 21:00,34879.88,29.44,0.2,0.89,2.95,0.43,5
6/29/2016 22:00,34879.92,26.11,3.97,0.89,3.93,0.49,5
6/29/2016 23:00,34879.97,28.33,5.87,0.89,3.4,0.63,5
6/30/2016 0:00,34880,22.22,7.57,0.89,4.4,0.61,6
6/30/2016 1:00,34880.04,22.22,8.66,0.45,5.32,0.67,6
6/30/2016 2:00,34880.08,21.11,8.67,0.89,4.52,0.73,6
6/30/2016 3:00,34880.13,21.11,7.3,0.89,2.23,0.8,6
6/30/2016 4:00,34880.17,22.78,10.84,3.13,1.82,0.86,5
6/30/2016 5:00,34880.21,22.78,8.44,1.79,1.71,0.92,8
6/30/2016 6:00,34880.25,25,10.07,1.34,1.78,0.98,92
6/30/2016 7:00,34880.29,25,10.07,1.34,4.47,1.04,264
6/30/2016 8:00,34880.34,28.33,11.42,0.89,3.79,1.1,449
6/30/2016 9:00,34880.38,32.78,12.49,1.34,4.76,1.16,624
6/30/2016 10:00,34880.42,35.56,12.03,0.89,2.15,1.22,768
6/30/2016 11:00,34880.46,36.11,10.5,0.89,2.72,1.29,873
6/30/2016 12:00,34880.5,37.78,10.41,0.45,4.89,1.35,925
6/30/2016 13:00,34880.55,41.11,9.65,1.34,4.38,0,932
6/30/2016 14:00,34880.59,40.56,5.98,0.89,3.26,0,891
6/30/2016 15:00,34880.63,42.78,3.66,0.45,3.58,0.05,797
6/30/2016 16:00,34880.67,43.33,4.09,0.89,3.75,0.11,655
6/30/2016 17:00,34880.71,42.78,3.66,1.34,4.42,0.16,480
6/30/2016 18:00,34880.76,39.44,3.88,0.89,4.59,0.22,200
6/30/2016 19:00,34880.8,33.33,5.12,0.89,5.32,0.27,25
6/30/2016 20:00,34880.84,31.67,3.75,1.34,5.59,0.33,9
6/30/2016 21:00,34880.88,31.11,4.1,1.79,0.52,0.38,5
6/30/2016 22:00,34880.92,28.89,3.74,0.89,5.71,0.44,5
6/30/2016 23:00,34880.97,23.33,6.55,0.89,4.71,0.55,5
7/1/2016 0:00,34881,26.11,8.12,2.24,1.64,0.55,6
7/1/2016 1:00,34881.04,25.56,8.95,1.34,1.76,0.6,5
7/1/2016 2:00,34881.08,25,9.68,0.45,1.66,0.66,5
7/1/2016 3:00,34881.13,23.89,9.81,2.24,1.75,0.71,5
7/1/2016 4:00,34881.17,23.89,10.17,2.24,1.54,0.77,5
7/1/2016 5:00,34881.21,23.89,9.44,3.13,1.64,0.82,7
7/1/2016 6:00,34881.25,26.11,9.87,0.89,4.03,0.88,88
7/1/2016 7:00,34881.29,29.44,9.07,1.34,3.72,0.93,268
7/1/2016 8:00,34881.34,31.67,10.45,0.89,4,0.99,452
7/1/2016 9:00,34881.38,36.11,9.78,0.45,4.05,1.04,622
7/1/2016 10:00,34881.42,36.67,8.69,1.79,4.64,1.1,778
7/1/2016 11:00,34881.46,38.33,10.07,3.58,3.77,1.15,881
7/1/2016 12:00,34881.5,40,9.7,1.34,5.48,1.21,927
7/1/2016 13:00,34881.55,41.67,8.01,0.89,5.81,0,936
7/1/2016 14:00,34881.59,43.33,8.18,0.45,2.88,0,894
7/1/2016 15:00,34881.63,43.89,7.36,0.89,4.75,0.09,800
7/1/2016 16:00,34881.67,43.89,7.36,1.34,4.66,0.18,650
7/1/2016 17:00,34881.71,42.22,7.3,0.89,4.26,0.27,465
7/1/2016 18:00,34881.76,38.89,6.86,1.79,4.69,0.36,196
7/1/2016 19:00,34881.8,34.44,6.03,1.34,3.4,0.45,30
7/1/2016 20:00,34881.84,30,7.88,1.34,3.58,0.54,9
7/1/2016 21:00,34881.88,28.89,9.61,0.89,4.36,0.63,5
7/1/2016 22:00,34881.92,26.11,9.02,0.89,2.84,0.72,5
7/1/2016 23:00,34881.97,26.11,3.97,0.45,5.27,0.49,6
7/2/2016 0:00,34882,25,11.18,1.34,2.06,0.9,5
7/2/2016 1:00,34882.04,23.33,10.02,1.34,4.29,0.99,6
7/2/2016 2:00,34882.08,22.78,12.08,1.34,5.81,1.07,5
7/2/2016 3:00,34882.13,21.67,12.47,2.24,1.47,1.16,6
7/2/2016 4:00,34882.17,23.89,10.87,1.79,2.02,1.25,6
7/2/2016 5:00,34882.21,23.33,12.6,2.24,1.45,1.34,8
7/2/2016 6:00,34882.25,25,12.56,1.34,1.9,1.43,79
7/2/2016 7:00,34882.29,27.22,12.83,0.45,4.52,1.52,240
7/2/2016 8:00,34882.34,31.11,12.05,0.89,2.95,1.61,435
7/2/2016 9:00,34882.38,33.89,11.81,0.89,3.21,1.7,614
7/2/2016 10:00,34882.42,33.89,10.61,0.89,4.1,1.79,760
7/2/2016 11:00,34882.46,35.56,10.73,1.79,4.19,1.88,862
7/2/2016 12:00,34882.5,37.22,12.13,0.45,4.42,1.97,912
7/2/2016 13:00,34882.55,39.44,11.79,0.45,2.74,0,915
7/2/2016 14:00,34882.59,40.56,13.49,0.45,3.72,0,870
7/2/2016 15:00,34882.63,41.67,11.96,0.45,3.16,0.08,774
7/2/2016 16:00,34882.67,41.11,10.61,1.34,3.94,0.16,634
7/2/2016 17:00,34882.71,40.56,11.9,2.68,3.98,0.24,457
7/2/2016 18:00,34882.76,36.11,11.19,1.79,4.69,0.32,209
7/2/2016 19:00,34882.8,32.78,9.66,1.34,4.45,0.4,33
7/2/2016 20:00,34882.84,30.56,10.56,1.34,4.35,0.47,11
7/2/2016 21:00,34882.88,26.67,11.57,1.34,4.43,0.55,5
7/2/2016 22:00,34882.92,25.56,12.04,1.34,4.75,0.63,5
7/2/2016 23:00,34882.97,26.11,9.87,0.45,4.61,0.81,5
7/3/2016 0:00,34883,22.22,11.27,0.89,4.57,0.79,5
7/3/2016 1:00,34883.04,21.11,10.83,0.89,4.47,0.87,5
7/3/2016 2:00,34883.08,22.22,12.99,0.89,1.26,0.95,6
7/3/2016 3:00,34883.13,20.56,11.16,0.89,4.47,1.03,6
7/3/2016 4:00,34883.17,21.11,11.68,2.24,2.5,1.11,5
7/3/2016 5:00,34883.21,22.78,12.38,1.34,4.1,1.19,8
7/3/2016 6:00,34883.25,24.44,13.63,0.45,3.91,1.26,78
7/3/2016 7:00,34883.29,27.78,14.42,0.45,3.56,1.34,243
7/3/2016 8:00,34883.34,29.44,14.46,0.45,4.26,1.42,429
7/3/2016 9:00,34883.38,31.67,13.48,2.24,4.78,1.5,608
7/3/2016 10:00,34883.42,32.78,12.49,1.79,4.05,1.58,758
7/3/2016 11:00,34883.46,35,13.34,0.89,4.38,1.66,864
7/3/2016 12:00,34883.5,35.56,12.03,1.79,4.26,1.74,917
7/3/2016 13:00,34883.55,36.67,11.66,1.79,4.69,0,923
7/3/2016 14:00,34883.59,38.89,12.1,1.34,3.46,0,880
7/3/2016 15:00,34883.63,41.67,13.64,0.45,3.79,0.07,783
7/3/2016 16:00,34883.67,40,11.45,2.24,4.42,0.14,637
7/3/2016 17:00,34883.71,38.33,8.34,1.34,3.98,0.21,467
7/3/2016 18:00,34883.76,37.22,8.31,1.34,4.89,0.28,208
7/3/2016 19:00,34883.8,32.78,7.7,0.89,4.35,0.35,28
7/3/2016 20:00,34883.84,28.33,7.57,1.34,4.94,0.42,9
7/3/2016 21:00,34883.88,27.22,7.14,0.45,4.47,0.48,5
7/3/2016 22:00,34883.92,26.11,7.18,0.45,3.39,0.55,5
7/3/2016 23:00,34883.97,23.89,11.54,0.89,4.82,0.71,5
7/4/2016 0:00,34884,21.11,7.65,0.45,4.1,0.69,5
7/4/2016 1:00,34884.04,20,8.29,0.89,3.4,0.76,6
7/4/2016 2:00,34884.08,18.89,7.88,0.89,3.67,0.83,6
7/4/2016 3:00,34884.13,19.44,8.7,0.89,4.14,0.9,6
7/4/2016 4:00,34884.17,21.11,11.4,2.68,1.59,0.97,6
7/4/2016 5:00,34884.21,20,9.21,1.79,4.5,1.04,8
7/4/2016 6:00,34884.25,20,9.51,0.89,2.64,1.11,80
7/4/2016 7:00,34884.29,26.11,12.9,0.89,3.28,1.18,247
7/4/2016 8:00,34884.34,30.56,14.25,0.89,3.84,1.25,433
7/4/2016 9:00,34884.38,31.11,12.53,1.34,4.19,1.32,612
7/4/2016 10:00,34884.42,32.22,11.48,1.79,1.78,1.38,761
7/4/2016 11:00,34884.46,32.78,10.85,2.68,4.05,1.45,867
7/4/2016 12:00,34884.5,35.56,11.39,0.45,5.29,1.52,921
7/4/2016 13:00,34884.55,36.67,10.97,1.34,5.6,0,926
7/4/2016 14:00,34884.59,39.44,11.79,1.34,4.69,0,878
7/4/2016 15:00,34884.63,40,11.45,1.34,1.41,0,768
7/4/2016 16:00,34884.67,39.44,9.25,1.34,4.29,0,633
7/4/2016 17:00,34884.71,37.22,7.43,1.34,2.53,0,461
7/4/2016 18:00,34884.76,35,5.62,2.68,5.18,0,202
7/4/2016 19:00,34884.8,31.67,5.33,1.79,5.65,0,29
7/4/2016 20:00,34884.84,29.44,5.56,0.89,5.2,0,9
7/4/2016 21:00,34884.88,27.22,4.31,0.45,4.22,0,5
7/4/2016 22:00,34884.92,26.11,3.97,0.89,4.75,0,5
7/4/2016 23:00,34884.97,23.33,6.12,0.45,4.66,0.62,5
7/5/2016 0:00,34885,21.67,7.07,0.45,3.47,0,5
7/5/2016 1:00,34885.04,20,7.97,1.34,4.49,0,6
7/5/2016 2:00,34885.08,20,8.29,0.89,1.87,0,6
7/5/2016 3:00,34885.13,20,7.97,0.45,4.07,0,5
7/5/2016 4:00,34885.17,20,9.8,0.45,1.47,0,5
7/5/2016 5:00,34885.21,18.89,7.58,1.34,4.49,0,8
7/5/2016 6:00,34885.25,21.11,7.3,0.45,2.08,0,87
7/5/2016 7:00,34885.29,27.22,10.44,0.45,3.74,0,261
7/5/2016 8:00,34885.34,26.67,9.94,1.34,3.58,0,449
7/5/2016 9:00,34885.38,30.56,11.56,0.89,4.45,0,627
7/5/2016 10:00,34885.42,32.78,10.26,1.79,4.68,0,775
7/5/2016 11:00,34885.46,33.89,9.97,0.89,5.67,0,881
7/5/2016 12:00,34885.5,35.56,7.77,1.34,4.33,0,935
7/5/2016 13:00,34885.55,37.22,6.5,0.89,5.83,0,943
7/5/2016 14:00,34885.59,39.44,5.1,1.79,5.39,0,899
7/5/2016 15:00,34885.63,39.44,5.1,1.79,4.52,0,803
7/5/2016 16:00,34885.67,38.33,3.01,0.89,3.42,0,661
7/5/2016 17:00,34885.71,38.89,3.44,1.79,4.85,0,486
7/5/2016 18:00,34885.76,34.44,5.17,1.79,4.61,0,217
7/5/2016 19:00,34885.8,30.56,3.64,0.45,3.8,0,24
7/5/2016 20:00,34885.84,27.22,4.92,0.45,3.12,0,9
7/5/2016 21:00,34885.88,25,6.68,0.89,4.22,0,5
7/5/2016 22:00,34885.92,23.33,8.57,0.89,4.71,0,5
7/5/2016 23:00,34885.97,24.44,5.23,0.45,3.93,0,5
7/6/2016 0:00,34886,19.44,9.56,0.45,2.15,0,5
7/6/2016 1:00,34886.04,19.44,10.39,0.89,4.14,0,5
7/6/2016 2:00,34886.08,18.89,10.4,0.45,2.02,0,6
7/6/2016 3:00,34886.13,18.33,9.61,0.89,4.76,0,6
7/6/2016 4:00,34886.17,18.33,8.53,0.89,4.75,0,6
7/6/2016 5:00,34886.21,18.89,10.91,1.34,2.08,0,8
7/6/2016 6:00,34886.25,22.78,12.67,0.89,2.53,0,90
7/6/2016 7:00,34886.29,23.33,10.7,0.89,4.1,0,266
7/6/2016 8:00,34886.34,27.78,10.49,1.34,2.36,0,456
7/6/2016 9:00,34886.38,31.67,12.04,0.89,3.65,0,637
7/6/2016 10:00,34886.42,32.22,10.37,0.45,4.57,0,785
7/6/2016 11:00,34886.46,32.78,7.7,0.89,4.14,0,889
7/6/2016 12:00,34886.5,33.89,5.58,1.34,4.31,0,945
7/6/2016 13:00,34886.55,36.67,6.98,2.24,4.69,0,949
7/6/2016 14:00,34886.59,37.78,6.95,2.24,5.1,0,893
7/6/2016 15:00,34886.63,37.78,5.97,1.34,4.63,0.07,791
7/6/2016 16:00,34886.67,37.78,4.91,0.89,4.36,0.14,652
7/6/2016 17:00,34886.71,37.22,6.5,0.45,1.17,0.21,474
7/6/2016 18:00,34886.76,34.44,8.38,1.34,4.03,0.28,212
7/6/2016 19:00,34886.8,30.56,7.76,0.89,3.02,0.35,25
7/6/2016 20:00,34886.84,26.11,6.18,0.89,5.22,0.42,9
7/6/2016 21:00,34886.88,24.44,7.96,0.89,4.83,0.49,5
7/6/2016 22:00,34886.92,22.78,10.84,0.89,4.43,0.56,5
7/6/2016 23:00,34886.97,20.56,9.42,0.45,4.49,0,5
7/7/2016 0:00,34887,19.44,10.12,1.34,4.9,0.69,6
7/7/2016 1:00,34887.04,18.33,9.35,0.45,4.4,0.76,5
7/7/2016 2:00,34887.08,18.33,9.61,0.89,3.51,0.83,6
7/7/2016 3:00,34887.13,18.33,9.35,0.89,3.02,0.9,6
7/7/2016 4:00,34887.17,17.78,9.35,1.34,3.93,0.97,6
7/7/2016 5:00,34887.21,17.22,9.08,1.34,4.15,1.04,8
7/7/2016 6:00,34887.25,17.78,8.83,0.89,4.08,1.11,84
7/7/2016 7:00,34887.29,20,9.8,0.89,4.33,1.18,255
7/7/2016 8:00,34887.34,25,12.22,0.89,4.42,1.25,441
7/7/2016 9:00,34887.38,28.33,13.07,0.45,6.09,1.32,616
7/7/2016 10:00,34887.42,31.11,12.53,0.89,4.5,1.39,763
7/7/2016 11:00,34887.46,32.22,11.48,0.89,3.53,1.46,858
7/7/2016 12:00,34887.5,33.33,10.13,0.89,0.75,1.53,920
7/7/2016 13:00,34887.55,36.67,10.24,0.89,1.73,0,924
7/7/2016 14:00,34887.59,36.11,9.02,2.24,4.85,0,880
7/7/2016 15:00,34887.63,37.78,9.61,1.79,5.13,0.08,784
7/7/2016 16:00,34887.67,37.78,9.61,1.79,4.71,0.15,611
7/7/2016 17:00,34887.71,36.67,9.48,2.68,5.45,0.23,466
7/7/2016 18:00,34887.76,35,8.85,1.79,4.52,0.3,205
7/7/2016 19:00,34887.8,30.56,5.83,1.79,4.68,0.38,26
7/7/2016 20:00,34887.84,26.67,3.84,0.45,0.94,0.45,9
7/7/2016 21:00,34887.88,25,4.69,0.45,4.82,0.53,5
7/7/2016 22:00,34887.92,23.89,6.17,0.89,4.05,0.6,5
7/7/2016 23:00,34887.97,20,10.08,0.45,3.68,0.62,5
7/8/2016 0:00,34888,19.44,7.14,0.45,4.89,0.76,6
7/8/2016 1:00,34888.04,18.33,7.96,0.89,4.61,0.83,6
7/8/2016 2:00,34888.08,18.33,8.81,1.34,4.54,0.91,6
7/8/2016 3:00,34888.13,18.33,9.08,1.34,3.93,0.98,6
7/8/2016 4:00,34888.17,17.22,8.04,0.89,4.64,1.06,6
7/8/2016 5:00,34888.21,17.22,8.31,0.45,4.64,1.13,8
7/8/2016 6:00,34888.25,21.11,9.31,0.45,4.07,1.21,83
7/8/2016 7:00,34888.29,21.11,8.99,0.89,4.73,1.28,253
7/8/2016 8:00,34888.34,25,10.44,0.45,4.43,1.36,415
7/8/2016 9:00,34888.38,28.33,10.99,0.89,5.17,1.44,480
7/8/2016 10:00,34888.42,31.11,10.52,0.89,3.46,1.51,761
7/8/2016 11:00,34888.46,31.67,9.89,0.45,4.73,1.59,865
7/8/2016 12:00,34888.5,33.33,10.13,1.34,4.52,1.66,917
7/8/2016 13:00,34888.55,33.89,9.32,1.79,4.96,0,919
7/8/2016 14:00,34888.59,36.11,9.78,0.89,4.15,0,875
7/8/2016 15:00,34888.63,37.78,9.61,2.68,4.8,0.08,779
7/8/2016 16:00,34888.67,37.78,8.77,0.89,4.76,0.17,638
7/8/2016 17:00,34888.71,36.11,7.4,0.45,3.96,0.25,463
7/8/2016 18:00,34888.76,33.33,8.17,1.34,5.04,0.33,222
7/8/2016 19:00,34888.8,30.56,7.14,1.34,4.49,0.42,25
7/8/2016 20:00,34888.84,26.67,8.15,0.89,5.1,0.5,9
7/8/2016 21:00,34888.88,26.11,8.58,1.34,4.29,0.58,5
7/8/2016 22:00,34888.92,25,8.46,0.89,3.61,0.67,5
7/8/2016 23:00,34888.97,21.67,6.69,1.79,4.52,0.68,5
7/9/2016 0:00,34889,22.22,5.99,0.45,4.24,0.83,5
7/9/2016 1:00,34889.04,20,5.57,1.34,4.76,0.92,6
7/9/2016 2:00,34889.08,19.44,6.48,0.89,4.22,1,6
7/9/2016 3:00,34889.13,17.78,6.25,1.34,4.33,1.08,6
7/9/2016 4:00,34889.17,17.22,6.35,0.45,4.43,1.17,6
7/9/2016 5:00,34889.21,18.33,7.96,0.89,3.87,1.25,8
7/9/2016 6:00,34889.25,20.56,8.8,0.45,2.57,1.33,72
7/9/2016 7:00,34889.29,22.22,9.68,0.89,3.82,1.42,256
7/9/2016 8:00,34889.34,25.56,11.32,1.34,0.65,1.5,427
7/9/2016 9:00,34889.38,28.89,12.34,0.45,5.97,1.58,613
7/9/2016 10:00,34889.42,30.56,11.56,0.45,4.73,1.67,757
7/9/2016 11:00,34889.46,30.56,12.5,1.34,0.21,1.75,853
7/9/2016 12:00,34889.5,33.33,11.89,1.34,4.52,1.83,913
7/9/2016 13:00,34889.55,35.56,12.03,1.79,3.42,0,916
7/9/2016 14:00,34889.59,36.11,10.5,1.34,4.31,0,875
7/9/2016 15:00,34889.63,36.67,10.24,0.89,3.89,0,779
7/9/2016 16:00,34889.67,36.11,9.02,2.24,5.03,0,638
7/9/2016 17:00,34889.71,36.11,9.78,2.24,4.5,0,464
7/9/2016 18:00,34889.76,33.89,9.32,0.89,4.85,0,206
7/9/2016 19:00,34889.8,29.44,10.09,0.45,5.79,0,22
7/9/2016 20:00,34889.84,26.11,10.28,1.34,4.71,0,8
7/9/2016 21:00,34889.88,23.89,10.17,0.89,4.92,0,5
7/9/2016 22:00,34889.92,22.22,9.68,0.45,3.79,0,5
7/9/2016 23:00,34889.97,22.78,6.89,0.45,4.45,0.75,5
7/10/2016 0:00,34890,20,8.29,1.79,4.59,0,6
7/10/2016 1:00,34890.04,18.33,7.07,0.89,4.71,0,6
7/10/2016 2:00,34890.08,17.78,6.86,1.34,4.56,0,6
7/10/2016 3:00,34890.13,16.11,5.9,0.89,3.11,0,6
7/10/2016 4:00,34890.17,14.44,5.18,0.45,4.64,0,6
7/10/2016 5:00,34890.21,13.33,4.66,1.34,3.51,0,7
7/10/2016 6:00,34890.25,14.44,5.44,0.89,4.57,0,80
7/10/2016 7:00,34890.29,18.33,7.96,0.45,3.54,0,254
7/10/2016 8:00,34890.34,22.78,9.85,0.45,4.49,0,441
7/10/2016 9:00,34890.38,25.56,6.2,1.34,4.57,0,624
7/10/2016 10:00,34890.42,26.11,5.65,0.89,3.47,0,774
7/10/2016 11:00,34890.46,28.33,5.87,1.79,4.83,0,884
7/10/2016 12:00,34890.5,30,5.36,1.79,4.38,0,945
7/10/2016 13:00,34890.55,31.11,4.1,1.34,5.1,0,953
7/10/2016 14:00,34890.59,31.67,3.75,1.34,5.13,0,906
7/10/2016 15:00,34890.63,33.33,4.26,1.34,4.92,0,809
7/10/2016 16:00,34890.67,32.78,5.48,1.79,4.49,0,663
7/10/2016 17:00,34890.71,32.78,5.48,4.47,4.9,0,481
7/10/2016 18:00,34890.76,29.44,4.2,2.68,5.03,0,235
7/10/2016 19:00,34890.8,26.67,4.45,2.24,5.6,0,24
7/10/2016 20:00,34890.84,23.89,3.73,0.89,4.92,0,9
7/10/2016 21:00,34890.88,22.78,3.78,0.89,4.45,0,5
7/10/2016 22:00,34890.92,21.11,3.27,0.89,3.77,0,5
7/10/2016 23:00,34890.97,21.11,8.99,0.89,4.75,0,5
7/11/2016 0:00,34891,18.33,2.93,0.45,3.7,0,6
7/11/2016 1:00,34891.04,17.22,1.94,0.45,4.17,0,6
7/11/2016 2:00,34891.08,16.67,2.2,0.89,4.24,0,6
7/11/2016 3:00,34891.13,17.22,4.12,0.45,3.18,0,6
7/11/2016 4:00,34891.17,17.22,6.35,0.89,3.11,0,6
7/11/2016 5:00,34891.21,16.67,4.92,1.34,1.9,0,7
7/11/2016 6:00,34891.25,20.56,8.16,2.24,1.73,0,84
7/11/2016 7:00,34891.29,21.11,6.57,0.89,4.21,0,260
7/11/2016 8:00,34891.34,24.44,8.38,0.45,3.21,0,449
7/11/2016 9:00,34891.38,26.67,9.07,1.79,3.77,0,629
7/11/2016 10:00,34891.42,29.44,9.59,1.79,3.79,0,781
7/11/2016 11:00,34891.46,30,8.46,2.24,3.6,0,886
7/11/2016 12:00,34891.5,31.11,7.62,0.45,0.51,0,940
7/11/2016 13:00,34891.55,33.89,7.92,0.45,5.45,0,944
7/11/2016 14:00,34891.59,35,4.7,1.34,0.09,0,896
7/11/2016 15:00,34891.63,36.67,6.05,0.45,5.1,0,798
7/11/2016 16:00,34891.67,36.11,6.53,1.34,5.43,0,648
7/11/2016 17:00,34891.71,35.56,6.95,2.68,4.68,0,469
7/11/2016 18:00,34891.76,32.78,4.66,0.89,4.83,0,230
7/11/2016 19:00,34891.8,28.89,2.26,1.34,5.27,0,25
7/11/2016 20:00,34891.84,25.56,2.9,0.45,0.38,0,9
7/11/2016 21:00,34891.88,25,3.6,0.45,5.41,0,5
7/11/2016 22:00,34891.92,23.33,2.72,0.45,5.1,0,5
7/11/2016 23:00,34891.97,20,3.18,0.89,4.45,0,6
7/12/2016 0:00,34892,22.22,6.4,1.79,1.87,0,5
7/12/2016 1:00,34892.04,22.22,8.3,2.68,1.59,0,5
7/12/2016 2:00,34892.08,21.67,7.44,1.34,1.13,0,6
7/12/2016 3:00,34892.13,18.89,4.93,0.89,4.19,0,6
7/12/2016 4:00,34892.17,18.89,5.63,0.89,5.83,0,6
7/12/2016 5:00,34892.21,18.89,7.58,1.34,2.18,0,7
7/12/2016 6:00,34892.25,22.22,10.33,2.68,1.36,0,80
7/12/2016 7:00,34892.29,25,10.82,1.34,1.55,0,256
7/12/2016 8:00,34892.34,27.22,9.56,1.34,4.17,0,447
7/12/2016 9:00,34892.38,31.11,8.84,0.89,2.86,0,628
7/12/2016 10:00,34892.42,32.22,8.56,0.89,4.08,0,776
7/12/2016 11:00,34892.46,33.89,8.63,0.89,5.22,0,880
7/12/2016 12:00,34892.5,35.56,7.77,1.34,4.64,0,936
7/12/2016 13:00,34892.55,36.11,4.63,0.89,1.26,0,940
7/12/2016 14:00,34892.59,37.22,4.47,1.34,4.15,0,895
7/12/2016 15:00,34892.63,38.33,5.36,1.79,4.38,0,797
7/12/2016 16:00,34892.67,37.78,3.79,1.79,4.89,0,656
7/12/2016 17:00,34892.71,36.11,2.47,1.34,4.07,0,480
7/12/2016 18:00,34892.76,33.89,2.84,1.79,5.27,0,242
7/12/2016 19:00,34892.8,31.11,2.45,1.34,4.92,0,24
7/12/2016 20:00,34892.84,26.11,2.75,0.89,4.43,0,8
7/12/2016 21:00,34892.88,25.56,3.5,0.89,5.79,0,5
7/12/2016 22:00,34892.92,24.44,3.68,0.45,3.47,0,5
7/12/2016 23:00,34892.97,22.78,5.19,0.89,1.73,0,6
7/13/2016 0:00,34893,21.11,4.16,0,4.21,0,5
7/13/2016 1:00,34893.04,20,4.41,0.45,2.71,0,6
7/13/2016 2:00,34893.08,20,6.29,1.34,2.13,0,6
7/13/2016 3:00,34893.13,20.56,8.16,2.24,1.68,0,5
7/13/2016 4:00,34893.17,18.89,6.31,1.34,2.37,0,5
7/13/2016 5:00,34893.21,19.44,6.48,1.34,2.02,0,7
7/13/2016 6:00,34893.25,21.67,8.5,1.79,1.45,0,80
7/13/2016 7:00,34893.29,26.11,10.67,1.34,2.11,0,256
7/13/2016 8:00,34893.34,27.78,9.12,0.45,5.03,0,446
7/13/2016 9:00,34893.38,30.56,8.94,0.45,3.96,0,625
7/13/2016 10:00,34893.42,31.67,8.09,0.89,3.94,0,772
7/13/2016 11:00,34893.46,33.89,8.63,0.89,4.14,0,879
7/13/2016 12:00,34893.5,36.11,7.4,0.89,4.64,0,937
7/13/2016 13:00,34893.55,37.78,8.77,1.34,4.57,0,937
7/13/2016 14:00,34893.59,38.33,7.4,0.89,5.01,0,887
7/13/2016 15:00,34893.63,40,8.75,0.89,1.97,0.04,785
7/13/2016 16:00,34893.67,39.44,8.3,1.34,0.21,0.07,639
7/13/2016 17:00,34893.71,39.44,9.25,1.79,4.71,0.11,463
7/13/2016 18:00,34893.76,36.67,8.69,1.34,4.85,0.15,230
7/13/2016 19:00,34893.8,32.78,6.25,0.45,2.71,0.19,26
7/13/2016 20:00,34893.84,30,6.03,0.89,5.6,0.22,8
7/13/2016 21:00,34893.88,30.56,7.14,1.34,1.13,0.26,5
7/13/2016 22:00,34893.92,27.78,9.12,0.89,1.47,0.3,5
7/13/2016 23:00,34893.97,23.89,5.71,0.45,3.23,0,6
7/14/2016 0:00,34894,26.11,10.67,1.79,1.68,0.37,5
7/14/2016 1:00,34894.04,25.56,10.95,2.68,1.64,0.41,5
7/14/2016 2:00,34894.08,25,10.07,3.13,1.78,0.45,5
7/14/2016 3:00,34894.13,23.89,9.81,2.68,1.92,0.48,6
7/14/2016 4:00,34894.17,23.33,10.02,0.89,3.72,0.52,5
7/14/2016 5:00,34894.21,23.33,11.36,1.79,1.54,0.56,7
7/14/2016 6:00,34894.25,25,11.53,2.68,1.5,0.59,75
7/14/2016 7:00,34894.29,27.22,11.67,1.79,1.76,0.63,249
7/14/2016 8:00,34894.34,32.78,13.01,0.45,4.87,0.67,439
7/14/2016 9:00,34894.38,34.44,11.08,1.34,3.79,0.71,619
7/14/2016 10:00,34894.42,36.11,9.78,0.45,3.4,0.74,767
7/14/2016 11:00,34894.46,38.33,10.07,0.89,4.35,0.78,871
7/14/2016 12:00,34894.5,39.44,9.25,0.45,5.62,0.82,927
7/14/2016 13:00,34894.55,39.44,7.31,1.79,6.04,0,929
7/14/2016 14:00,34894.59,40.56,5.98,0.89,4.75,0,887
7/14/2016 15:00,34894.63,42.78,7.74,0.89,2.65,0.05,789
7/14/2016 16:00,34894.67,42.78,6.49,0.89,5.85,0.11,643
7/14/2016 17:00,34894.71,41.67,5.62,0.89,4.52,0.16,467
7/14/2016 18:00,34894.76,39.44,5.1,0.45,4.57,0.22,236
7/14/2016 19:00,34894.8,34.44,2.25,0.45,4.24,0.27,25
7/14/2016 20:00,34894.84,31.11,0.61,0.45,3.86,0.32,8
7/14/2016 21:00,34894.88,30.56,0.16,1.34,5.85,0.38,5
7/14/2016 22:00,34894.92,29.44,4.2,0.89,5.85,0.43,5
7/14/2016 23:00,34894.97,26.67,8.15,0.89,1.59,0.33,5
7/15/2016 0:00,34895,26.11,9.45,2.24,1.64,0.54,5
7/15/2016 1:00,34895.04,25.56,5.7,1.79,1.99,0.59,5
7/15/2016 2:00,34895.08,24.44,5.23,0.89,4.71,0.65,5
7/15/2016 3:00,34895.13,23.33,7.79,1.34,1.38,0.7,6
7/15/2016 4:00,34895.17,23.89,10.87,2.24,1.38,0.75,5
7/15/2016 5:00,34895.21,23.33,9.67,3.13,1.82,0.81,7
7/15/2016 6:00,34895.25,26.11,10.67,3.58,1.94,0.86,73
7/15/2016 7:00,34895.29,28.33,10.99,2.68,1.69,0.92,243
7/15/2016 8:00,34895.34,32.22,12.01,0.89,4.71,0.97,433
7/15/2016 9:00,34895.38,34.44,10.45,0.45,3.67,1.02,612
7/15/2016 10:00,34895.42,36.67,10.24,0.89,5.72,1.08,763
7/15/2016 11:00,34895.46,38.33,10.87,0.45,3.63,1.13,866
7/15/2016 12:00,34895.5,38.89,8.79,0.89,3.4,1.18,922
7/15/2016 13:00,34895.55,40.56,9.2,1.34,4.85,0,924
7/15/2016 14:00,34895.59,41.67,8.01,0.89,3.35,0,873
7/15/2016 15:00,34895.63,42.78,6.49,1.34,0.66,0.04,782
7/15/2016 16:00,34895.67,42.22,4.71,1.34,4.5,0.08,639
7/15/2016 17:00,34895.71,40.56,5.98,1.34,3.86,0.12,462
7/15/2016 18:00,34895.76,37.78,4.91,0.89,4.57,0.16,240
7/15/2016 19:00,34895.8,34.44,1.15,0.89,4.36,0.2,24
7/15/2016 20:00,34895.84,30.56,0.16,0.89,4.73,0.25,8
7/15/2016 21:00,34895.88,30,3.18,0.45,4.1,0.29,5
7/15/2016 22:00,34895.92,28.89,3.02,0.45,4.57,0.33,6
7/15/2016 23:00,34895.97,26.67,7.17,0.89,4.56,0.48,5
7/16/2016 0:00,34896,25,4.16,0.89,4.63,0.41,5
7/16/2016 1:00,34896.04,23.89,3.2,0.89,4.26,0.45,5
7/16/2016 2:00,34896.08,24.44,9.18,1.79,1.76,0.49,6
7/16/2016 3:00,34896.13,22.78,5.63,1.79,3.8,0.53,6
7/16/2016 4:00,34896.17,22.78,7.68,1.34,1.69,0.57,6
7/16/2016 5:00,34896.21,21.67,9.5,0.45,0.63,0.61,7
7/16/2016 6:00,34896.25,25,7.59,1.34,1.4,0.66,68
7/16/2016 7:00,34896.29,26.11,10.67,0.45,5.81,0.7,205
7/16/2016 8:00,34896.34,28.89,10.1,0.89,3.72,0.74,243
7/16/2016 9:00,34896.38,33.89,10.61,0.45,5.81,0.78,606
7/16/2016 10:00,34896.42,32.78,7.7,3.58,3.67,0.82,764
7/16/2016 11:00,34896.46,36.11,8.23,0.45,1.15,0.86,866
7/16/2016 12:00,34896.5,37.78,6.95,0.45,2.6,0.9,925
7/16/2016 13:00,34896.55,38.89,6.86,0.89,3.84,0,930
7/16/2016 14:00,34896.59,40,8.75,0.89,3.68,0,881
7/16/2016 15:00,34896.63,40.56,5.98,1.34,4.69,0,784
7/16/2016 16:00,34896.67,41.67,6.86,1.34,4.99,0,641
7/16/2016 17:00,34896.71,39.44,7.31,1.34,4.56,0,463
7/16/2016 18:00,34896.76,36.67,7.86,2.68,4.85,0,236
7/16/2016 19:00,34896.8,31.67,7.44,0.89,4.21,0,26
7/16/2016 20:00,34896.84,29.44,7.41,0.89,4.71,0,8
7/16/2016 21:00,34896.88,26.11,7.18,0.89,4.61,0,5
7/16/2016 22:00,34896.92,24.44,8.78,0.89,5.45,0,5
7/16/2016 23:00,34896.97,26.11,3.37,0.45,3.58,0.37,5
7/17/2016 0:00,34897,21.67,7.07,0.45,4.45,0,6
7/17/2016 1:00,34897.04,21.11,7.3,0.89,4.31,0,6
7/17/2016 2:00,34897.08,19.44,6.81,0.45,4.28,0,6
7/17/2016 3:00,34897.13,19.44,7.14,0.89,3.8,0,5
7/17/2016 4:00,34897.17,21.11,10.24,1.79,1.68,0,5
7/17/2016 5:00,34897.21,21.11,9.63,0.45,2.5,0,6
7/17/2016 6:00,34897.25,24.44,9.94,0.89,2.67,0,70
7/17/2016 7:00,34897.29,26.11,8.58,0.45,2.53,0,239
7/17/2016 8:00,34897.34,27.78,7.09,0.89,4.29,0,428
7/17/2016 9:00,34897.38,31.11,8.84,0.45,3.94,0,610
7/17/2016 10:00,34897.42,32.22,9.19,1.79,3.89,0,760
7/17/2016 11:00,34897.46,35,10.26,0.45,3.32,0,866
7/17/2016 12:00,34897.5,37.22,8.31,1.79,3.58,0,931
7/17/2016 13:00,34897.55,38.33,7.4,1.79,4.54,0,937
7/17/2016 14:00,34897.59,40,5.54,1.34,3.86,0,891
7/17/2016 15:00,34897.63,40.56,5.98,0.89,1.99,0,791
7/17/2016 16:00,34897.67,39.44,5.1,0.89,3.28,0,649
7/17/2016 17:00,34897.71,40,6.68,1.34,4.36,0,466
7/17/2016 18:00,34897.76,35.56,3.14,0.45,3.7,0,242
7/17/2016 19:00,34897.8,30.56,2.84,0.89,3.79,0,24
7/17/2016 20:00,34897.84,28.33,3.96,0.45,3.75,0,8
7/17/2016 21:00,34897.88,25,6.21,0.45,4.56,0,6
7/17/2016 22:00,34897.92,23.89,7.47,0.89,5.13,0,5
7/17/2016 23:00,34897.97,23.33,8.57,1.34,4.61,0,5
7/18/2016 0:00,34898,20.56,6.43,0.45,3.91,0,6
7/18/2016 1:00,34898.04,18.33,5.47,0.45,4.35,0,6
7/18/2016 2:00,34898.08,17.22,5.43,1.34,4.63,0,6
7/18/2016 3:00,34898.13,17.22,6.93,0.89,4.5,0,6
7/18/2016 4:00,34898.17,16.67,7.25,0.89,4.49,0,6
7/18/2016 5:00,34898.21,16.11,7.53,0.89,4.21,0,7
7/18/2016 6:00,34898.25,17.22,7.77,0.45,4.49,0,68
7/18/2016 7:00,34898.29,20,9.21,1.34,4.01,0,238
7/18/2016 8:00,34898.34,23.89,10.52,1.34,4.64,0,428
7/18/2016 9:00,34898.38,27.78,11.35,1.79,3.68,0,611
7/18/2016 10:00,34898.42,30.56,11.56,0.45,5.85,0,762
7/18/2016 11:00,34898.46,33.33,9.5,0.89,3.79,0,875
7/18/2016 12:00,34898.5,33.89,6.4,0.89,4.14,0,934
7/18/2016 13:00,34898.55,35,4.7,1.79,4.57,0,940
7/18/2016 14:00,34898.59,36.11,3.58,1.79,4.69,0,894
7/18/2016 15:00,34898.63,37.78,3.79,1.79,4.52,0.03,796
7/18/2016 16:00,34898.67,37.22,4.47,1.79,4.63,0.05,650
7/18/2016 17:00,34898.71,37.78,4.91,1.79,4.75,0.08,470
7/18/2016 18:00,34898.76,34.44,3.29,1.34,3.56,0.1,243
7/18/2016 19:00,34898.8,30.56,2,1.34,5.22,0.13,23
7/18/2016 20:00,34898.84,26.67,0.43,0.45,3.53,0.16,8
7/18/2016 21:00,34898.88,25,2.43,0.89,4.56,0.18,5
7/18/2016 22:00,34898.92,22.78,6.06,1.34,4.63,0.21,5
7/18/2016 23:00,34898.97,22.22,5.57,0.89,4.29,0,6
7/19/2016 0:00,34899,19.44,8.09,0.45,3.72,0.26,6
7/19/2016 1:00,34899.04,18.33,8.53,0.45,4.52,0.29,6
7/19/2016 2:00,34899.08,17.22,8.31,0.89,4.69,0.31,6
7/19/2016 3:00,34899.13,17.22,8.83,0.89,3.33,0.34,6
7/19/2016 4:00,34899.17,16.67,7.79,1.34,4.03,0.36,6
7/19/2016 5:00,34899.21,17.22,8.83,0.89,4.36,0.39,7
7/19/2016 6:00,34899.25,18.33,9.35,0.89,4.26,0.42,70
7/19/2016 7:00,34899.29,19.44,9.28,0.89,4.64,0.44,242
7/19/2016 8:00,34899.34,23.33,10.36,0.89,4.17,0.47,430
7/19/2016 9:00,34899.38,27.78,12.17,0.89,3.91,0.49,609
7/19/2016 10:00,34899.42,30,12.01,0.89,3.79,0.52,759
7/19/2016 11:00,34899.46,32.22,12.01,0.89,3.26,0.55,866
7/19/2016 12:00,34899.5,34.44,10.45,0.89,4.17,0.57,926
7/19/2016 13:00,34899.55,36.11,9.78,2.24,4.66,0,930
7/19/2016 14:00,34899.59,37.22,9.15,1.34,4.66,0,883
7/19/2016 15:00,34899.63,37.78,8.77,2.24,4.71,0.05,784
7/19/2016 16:00,34899.67,38.33,8.34,1.79,4.38,0.11,639
7/19/2016 17:00,34899.71,36.67,7.86,1.79,4.82,0.16,461
7/19/2016 18:00,34899.76,33.89,7.92,0.89,4.26,0.21,237
7/19/2016 19:00,34899.8,30,5.36,0.89,4.43,0.27,24
7/19/2016 20:00,34899.84,26.11,3.97,0.89,4.73,0.32,7
7/19/2016 21:00,34899.88,25.56,4.63,0.45,4.59,0.37,5
7/19/2016 22:00,34899.92,22.78,4.26,0.89,4.15,0.43,5
7/19/2016 23:00,34899.97,20.56,7.14,0.89,4.61,0.23,6
7/20/2016 0:00,34900,20,4.41,1.79,4.45,0.53,5
7/20/2016 1:00,34900.04,18.89,5.28,0.89,4.94,0.59,6
7/20/2016 2:00,34900.08,17.78,4.96,0.89,4.73,0.64,5
7/20/2016 3:00,34900.13,18.89,6.31,0.45,4.64,0.69,6
7/20/2016 4:00,34900.17,17.78,5.62,0.89,4.19,0.75,6
7/20/2016 5:00,34900.21,18.33,7.07,0.89,3.74,0.8,7
7/20/2016 6:00,34900.25,17.78,6.25,0.89,4.76,0.85,67
7/20/2016 7:00,34900.29,23.33,8.94,0.89,5.31,0.91,237
7/20/2016 8:00,34900.34,25,9.68,0.89,4.42,0.96,427
7/20/2016 9:00,34900.38,30,11.07,0.89,4.15,1.01,606
7/20/2016 10:00,34900.42,31.11,11.04,0.45,2.48,1.06,756
7/20/2016 11:00,34900.46,32.78,10.26,1.34,3.75,1.12,863
7/20/2016 12:00,34900.5,35,10.26,0.45,4,1.17,919
7/20/2016 13:00,34900.55,36.11,9.02,1.79,0.07,0,926
7/20/2016 14:00,34900.59,38.89,10.53,2.24,5.15,0,881
7/20/2016 15:00,34900.63,38.89,9.68,2.24,4.64,0.06,782
7/20/2016 16:00,34900.67,40,8.75,0.89,4.17,0.11,639
7/20/2016 17:00,34900.71,37.78,8.77,1.79,4.59,0.17,461
7/20/2016 18:00,34900.76,36.11,9.02,1.79,4.69,0.23,237
7/20/2016 19:00,34900.8,31.11,6.3,0.89,2.84,0.29,23
7/20/2016 20:00,34900.84,28.33,7.57,0.89,4.49,0.34,7
7/20/2016 21:00,34900.88,27.22,6.61,0.45,3.82,0.4,5
7/20/2016 22:00,34900.92,25,6.21,0.89,4.69,0.46,5
7/20/2016 23:00,34900.97,21.11,3.72,0,3.44,0.48,6
7/21/2016 0:00,34901,22.22,6.8,0.45,3.89,0.57,5
7/21/2016 1:00,34901.04,22.22,7.18,0.45,3.77,0.63,6
7/21/2016 2:00,34901.08,20.56,6.07,0.45,4.52,0.69,5
7/21/2016 3:00,34901.13,20.56,7.83,1.34,1.8,0.74,5
7/21/2016 4:00,34901.17,20,8.6,0.89,2.37,0.8,5
7/21/2016 5:00,34901.21,20.56,10.31,1.34,1.85,0.86,6
7/21/2016 6:00,34901.25,22.78,11.16,2.24,1.87,0.91,65
7/21/2016 7:00,34901.29,21.67,8.84,0.89,4.05,0.97,235
7/21/2016 8:00,34901.34,26.11,10.67,1.34,4.57,1.03,423
7/21/2016 9:00,34901.38,30.56,11.06,1.34,4.19,1.09,601
7/21/2016 10:00,34901.42,32.78,10.85,1.34,4.4,1.14,753
7/21/2016 11:00,34901.46,35,11.55,2.24,5.04,1.2,852
7/21/2016 12:00,34901.5,36.67,10.97,0.45,2.58,1.26,917
7/21/2016 13:00,34901.55,37.78,9.61,0.89,4.45,0,924
7/21/2016 14:00,34901.59,38.89,8.79,0.89,3.18,0,876
7/21/2016 15:00,34901.63,40,9.7,1.34,5.5,0.05,777
7/21/2016 16:00,34901.67,40,9.7,1.34,4.24,0.1,632
7/21/2016 17:00,34901.71,37.22,7.43,3.13,4.76,0.15,455
7/21/2016 18:00,34901.76,35.56,6.07,3.58,5.78,0.21,231
7/21/2016 19:00,34901.8,31.67,2.9,0.89,3.98,0.26,23
7/21/2016 20:00,34901.84,28.89,3.02,1.34,5.1,0.31,7
7/21/2016 21:00,34901.88,25.56,5.17,0.45,4.47,0.36,5
7/21/2016 22:00,34901.92,22.78,5.63,0.45,3.54,0.41,5
7/21/2016 23:00,34901.97,22.78,5.63,0.45,4.59,0.51,6
7/22/2016 0:00,34902,20,4.41,0.89,4.59,0.52,5
7/22/2016 1:00,34902.04,20,4.81,0.89,4.64,0.57,5
7/22/2016 2:00,34902.08,20.56,8.48,0.45,0.61,0.62,5
7/22/2016 3:00,34902.13,18.89,5.63,0.89,2.46,0.67,6
7/22/2016 4:00,34902.17,18.89,5.63,1.34,2.98,0.72,6
7/22/2016 5:00,34902.21,17.22,4.12,1.34,4.35,0.77,7
7/22/2016 6:00,34902.25,19.44,5.79,0.89,4.42,0.83,65
7/22/2016 7:00,34902.29,20.56,6.07,0.89,3.94,0.88,233
7/22/2016 8:00,34902.34,25.56,8.95,0.89,4.8,0.93,422
7/22/2016 9:00,34902.38,29.44,11.06,1.34,3.77,0.98,586
7/22/2016 10:00,34902.42,32.22,12.52,1.34,3.63,1.03,750
7/22/2016 11:00,34902.46,33.33,11.33,0.89,4.9,1.08,862
7/22/2016 12:00,34902.5,35,10.92,0.89,5.45,1.14,918
7/22/2016 13:00,34902.55,37.22,9.15,1.79,4.29,0,925
7/22/2016 14:00,34902.59,38.89,6.86,2.24,4.59,0,883
7/22/2016 15:00,34902.63,39.44,6.24,1.79,4.5,0,788
7/22/2016 16:00,34902.67,39.44,3.88,2.24,5.15,0,645
7/22/2016 17:00,34902.71,39.44,1.11,1.34,5.83,0,468
7/22/2016 18:00,34902.76,36.11,2.47,1.34,4.22,0,237
7/22/2016 19:00,34902.8,32.22,2.45,0.89,0.89,0,21
7/22/2016 20:00,34902.84,27.78,3.5,0.89,4.69,0,7
7/22/2016 21:00,34902.88,26.67,4.45,0.89,4.12,0,5
7/22/2016 22:00,34902.92,24.44,4.21,0.45,2.5,0,5
7/22/2016 23:00,34902.97,22.22,5.99,0.45,3.91,0.46,5
7/23/2016 0:00,34903,22.78,3.78,0.89,4.24,0,5
7/23/2016 1:00,34903.04,22.22,7.94,2.24,1.78,0,5
7/23/2016 2:00,34903.08,22.22,9.01,1.34,1.38,0,5
7/23/2016 3:00,34903.13,22.22,9.68,2.24,1.71,0,5
7/23/2016 4:00,34903.17,21.11,8.33,3.58,1.87,0,5
7/23/2016 5:00,34903.21,21.67,9.17,3.58,1.87,0,6
7/23/2016 6:00,34903.25,23.33,10.02,2.24,2.06,0,65
7/23/2016 7:00,34903.29,23.89,7.05,0.89,4.31,0,239
7/23/2016 8:00,34903.34,26.67,8.15,0.89,4.19,0,432
7/23/2016 9:00,34903.38,31.11,9.97,0.89,4.83,0,614
7/23/2016 10:00,34903.42,33.89,10.61,1.79,4.26,0,765
7/23/2016 11:00,34903.46,33.89,8.63,1.34,4.29,0,872
7/23/2016 12:00,34903.5,36.67,8.69,0.89,2.3,0,928
7/23/2016 13:00,34903.55,37.78,7.89,1.34,4.07,0,932
7/23/2016 14:00,34903.59,40,8.75,1.79,4.68,0,883
7/23/2016 15:00,34903.63,41.11,10.61,1.34,3.58,0.05,778
7/23/2016 16:00,34903.67,41.11,8.65,0.45,3.87,0.11,633
7/23/2016 17:00,34903.71,40,9.7,1.79,4.76,0.16,453
7/23/2016 18:00,34903.76,36.67,7.86,2.24,4.89,0.21,226
7/23/2016 19:00,34903.8,32.78,6.99,0.89,3.87,0.26,24
7/23/2016 20:00,34903.84,30.56,7.14,0.45,4.85,0.32,7
7/23/2016 21:00,34903.88,28.89,7.5,0.45,4.54,0.37,5
7/23/2016 22:00,34903.92,26.67,7.66,0.45,5.24,0.42,5
7/23/2016 23:00,34903.97,23.33,4.75,0.45,4.68,0,5
7/24/2016 0:00,34904,26.11,12.19,1.79,1.5,0.53,5
7/24/2016 1:00,34904.04,25,8.88,1.34,1.62,0.58,5
7/24/2016 2:00,34904.08,25,12.22,2.24,1.54,0.63,5
7/24/2016 3:00,34904.13,23.89,11.54,2.68,1.69,0.69,5
7/24/2016 4:00,34904.17,23.89,11.21,2.68,1.76,0.74,5
7/24/2016 5:00,34904.21,24.44,8.78,1.79,1.61,0.79,6
7/24/2016 6:00,34904.25,25.56,10.95,0.89,1.33,0.84,60
7/24/2016 7:00,34904.29,28.33,12.26,2.24,1.99,0.9,221
7/24/2016 8:00,34904.34,32.78,13.51,0.89,4.47,0.95,416
7/24/2016 9:00,34904.38,36.11,12.5,2.24,1.8,1,599
7/24/2016 10:00,34904.42,36.11,9.78,1.79,4.54,1.06,754
7/24/2016 11:00,34904.46,38.89,8.79,2.68,3.72,1.11,862
7/24/2016 12:00,34904.5,40.56,10.15,0.89,5.45,1.16,916
7/24/2016 13:00,34904.55,40,8.75,0.89,4.1,0,905
7/24/2016 14:00,34904.59,42.22,7.3,1.79,4.89,0,877
7/24/2016 15:00,34904.63,43.33,6.92,2.24,4.69,0.07,772
7/24/2016 16:00,34904.67,43.33,5.57,1.79,5.27,0.13,621
7/24/2016 17:00,34904.71,43.89,4.51,1.34,4.54,0.2,448
7/24/2016 18:00,34904.76,40.56,3.41,0.89,4.85,0.27,212
7/24/2016 19:00,34904.8,34.44,4.25,0.45,4.5,0.34,23
7/24/2016 20:00,34904.84,32.22,3.36,0.45,1.61,0.4,6
7/24/2016 21:00,34904.88,32.22,5.02,0.89,5.81,0.47,5
7/24/2016 22:00,34904.92,27.22,6.07,0.89,4.9,0.54,5
7/24/2016 23:00,34904.97,27.22,11.67,2.68,1.83,0.48,5
7/25/2016 0:00,34905,27.22,10,2.68,1.47,0.67,5
7/25/2016 1:00,34905.04,25.56,9.37,2.24,1.82,0.74,5
7/25/2016 2:00,34905.08,25.56,9.37,1.79,1.82,0.81,5
7/25/2016 3:00,34905.13,23.89,6.61,0.45,1.92,0.88,5
7/25/2016 4:00,34905.17,23.89,10.52,1.79,1.45,0.94,6
7/25/2016 5:00,34905.21,25.56,8.09,0.45,0.65,1.01,6
7/25/2016 6:00,34905.25,25,10.82,1.34,1.13,1.08,56
7/25/2016 7:00,34905.29,28.33,10.54,1.34,1.48,1.15,219
7/25/2016 8:00,34905.34,33.33,10.74,0.45,4.85,1.21,411
7/25/2016 9:00,34905.38,36.11,10.5,0.89,4.61,1.28,594
7/25/2016 10:00,34905.42,37.78,10.41,0.45,5.43,1.35,747
7/25/2016 11:00,34905.46,37.78,6.95,0.45,2.04,1.42,856
7/25/2016 12:00,34905.5,39.44,9.25,3.13,3.86,1.48,910
7/25/2016 13:00,34905.55,41.67,9.09,1.79,3.82,0,916
7/25/2016 14:00,34905.59,42.22,8.46,0.45,3.26,0,868
7/25/2016 15:00,34905.63,43.33,9.34,0.89,4.4,0.07,770
7/25/2016 16:00,34905.67,43.89,9.79,1.34,4.83,0.15,616
7/25/2016 17:00,34905.71,42.78,7.74,0.89,4.78,0.22,438
7/25/2016 18:00,34905.76,40.56,7.13,1.34,4.29,0.3,217
7/25/2016 19:00,34905.8,34.44,5.17,0.89,5.53,0.37,27
7/25/2016 20:00,34905.84,32.22,6.53,0.45,2.79,0.45,6
7/25/2016 21:00,34905.88,31.67,6.77,1.34,5.79,0.52,5
7/25/2016 22:00,34905.92,29.44,6.2,0.45,5.79,0.6,5
7/25/2016 23:00,34905.97,25.56,10.18,0.45,0.35,0.61,5
7/26/2016 0:00,34906,26.67,7.17,0.45,4.22,0.75,5
7/26/2016 1:00,34906.04,25,8.03,0.89,0.4,0.82,5
7/26/2016 2:00,34906.08,25,9.28,1.34,1.19,0.9,5
7/26/2016 3:00,34906.13,25.56,9.78,1.34,1.54,0.97,6
7/26/2016 4:00,34906.17,23.89,10.52,1.79,1.41,1.05,6
7/26/2016 5:00,34906.21,24.44,10.31,3.13,1.4,1.12,6
7/26/2016 6:00,34906.25,27.22,9.1,0.45,4.4,1.2,52
7/26/2016 7:00,34906.29,26.67,9.94,0.89,4.5,1.27,214
7/26/2016 8:00,34906.34,31.67,11,0.45,4.52,1.35,407
7/26/2016 9:00,34906.38,37.78,12.6,0.89,2.95,1.42,589
7/26/2016 10:00,34906.42,36.67,10.97,0.45,3.33,1.5,740
7/26/2016 11:00,34906.46,38.89,11.33,0.89,3.37,1.57,847
7/26/2016 12:00,34906.5,40.56,11.05,0.89,3.87,1.65,906
7/26/2016 13:00,34906.55,41.11,12.36,0.89,5.71,0,909
7/26/2016 14:00,34906.59,42.78,9.98,1.79,5.15,0,861
7/26/2016 15:00,34906.63,45,9.5,1.79,4.87,0.12,763
7/26/2016 16:00,34906.67,43.33,8.18,1.79,4.69,0.23,615
7/26/2016 17:00,34906.71,42.78,8.9,1.34,4.75,0.35,431
7/26/2016 18:00,34906.76,40,7.75,1.34,4.14,0.46,212
7/26/2016 19:00,34906.8,35.56,7.77,0.45,3.98,0.58,27
7/26/2016 20:00,34906.84,32.22,7.23,0.89,4,0.69,7
7/26/2016 21:00,34906.88,31.11,6.97,0.89,5.06,0.81,5
7/26/2016 22:00,34906.92,30,7.29,1.34,2.22,0.92,5
7/26/2016 23:00,34906.97,28.89,8.59,1.34,1.85,0.67,5
7/27/2016 0:00,34907,28.33,9.61,0.89,5.01,1.15,5
7/27/2016 1:00,34907.04,26.67,11.95,1.79,1.73,1.27,5
7/27/2016 2:00,34907.08,27.78,11.77,2.24,1.52,1.38,5
7/27/2016 3:00,34907.13,26.67,7.17,1.34,1.88,1.5,5
7/27/2016 4:00,34907.17,25.56,12.04,1.79,1.12,1.61,5
7/27/2016 5:00,34907.21,25.56,11.68,3.58,1.43,1.73,6
7/27/2016 6:00,34907.25,27.78,12.17,2.68,1.69,1.84,51
7/27/2016 7:00,34907.29,32.22,12.52,1.34,2.16,1.96,208
7/27/2016 8:00,34907.34,34.44,13.41,0.89,5.99,2.07,397
7/27/2016 9:00,34907.38,36.67,11.66,0.89,3.82,2.19,578
7/27/2016 10:00,34907.42,38.33,12.37,0.89,4.66,2.3,724
7/27/2016 11:00,34907.46,41.11,12.36,0.89,3.82,2.42,830
7/27/2016 12:00,34907.5,41.67,12.82,0.45,3.16,2.53,883
7/27/2016 13:00,34907.55,42.78,11,0.89,1.41,0,878
7/27/2016 14:00,34907.59,45.56,7.29,2.24,4.78,0,825
7/27/2016 15:00,34907.63,45.56,7.29,1.79,4.66,0.13,745
7/27/2016 16:00,34907.67,45,8.23,0.89,4.61,0.26,599
7/27/2016 17:00,34907.71,43.89,7.36,1.34,4.54,0.4,417
7/27/2016 18:00,34907.76,40,5.54,2.68,5.57,0.53,205
7/27/2016 19:00,34907.8,36.11,6.53,1.79,4.45,0.66,39
7/27/2016 20:00,34907.84,31.67,8.09,0.89,0.26,0.79,6
7/27/2016 21:00,34907.88,32.22,7.91,0.45,5.31,0.92,5
7/27/2016 22:00,34907.92,30.56,7.76,0.45,5.29,1.06,5
7/27/2016 23:00,34907.97,30,10.07,2.24,1.71,1.04,5
7/28/2016 0:00,34908,28.33,13.07,0.89,2.15,1.32,5
7/28/2016 1:00,34908.04,27.78,12.17,0.89,1.36,1.45,5
7/28/2016 2:00,34908.08,26.11,9.45,0.89,1.48,1.58,5
7/28/2016 3:00,34908.13,27.22,13.19,2.68,1.24,1.71,5
7/28/2016 4:00,34908.17,26.11,9.02,0.45,2.57,1.85,5
7/28/2016 5:00,34908.21,25.56,10.57,1.79,1.59,1.98,6
7/28/2016 6:00,34908.25,26.67,10.36,2.24,1.54,2.11,50
7/28/2016 7:00,34908.29,30,11.07,0.89,4.01,2.24,190
7/28/2016 8:00,34908.34,33.33,12.44,0.45,5.08,2.37,355
7/28/2016 9:00,34908.38,35,13.89,0.45,3.89,2.51,531
7/28/2016 10:00,34908.42,37.22,13.45,3.13,4.07,2.64,695
7/28/2016 11:00,34908.46,38.33,12.37,0.45,3.49,2.77,811
7/28/2016 12:00,34908.5,40.56,12.72,0.89,4.82,2.9,870
7/28/2016 13:00,34908.55,41.67,11.06,1.79,4.66,0,875
7/28/2016 14:00,34908.59,43.89,8.62,1.34,4.47,0,834
7/28/2016 15:00,34908.63,45,8.23,1.34,4.21,0.11,739
7/28/2016 16:00,34908.67,43.89,4.51,0.89,4.12,0.22,605
7/28/2016 17:00,34908.71,43.33,2.45,2.24,4.29,0.33,433
7/28/2016 18:00,34908.76,41.11,3.85,2.24,4.29,0.44,211
7/28/2016 19:00,34908.8,35.56,4.18,1.79,4.9,0.54,31
7/28/2016 20:00,34908.84,33.33,0.27,1.34,6.21,0.65,6
7/28/2016 21:00,34908.88,31.67,1.05,1.79,4.82,0.76,5
7/28/2016 22:00,34908.92,30,1.54,0.45,5.01,0.87,5
7/28/2016 23:00,34908.97,29.44,12.41,0.45,2.46,1.19,5
7/29/2016 0:00,34909,27.78,4.15,0.89,5.83,1.09,5
7/29/2016 1:00,34909.04,27.78,9.59,2.68,1.41,1.2,5
7/29/2016 2:00,34909.08,27.78,7.09,1.79,1.54,1.31,5
7/29/2016 3:00,34909.13,27.78,8.64,2.24,1.57,1.42,5
7/29/2016 4:00,34909.17,26.67,9.07,2.24,1.54,1.53,5
7/29/2016 5:00,34909.21,27.78,10.05,3.13,1.61,1.63,5
7/29/2016 6:00,34909.25,27.22,10,2.24,1.83,1.74,42
7/29/2016 7:00,34909.29,31.11,12.05,0.89,5.9,1.85,197
7/29/2016 8:00,34909.34,33.89,9.97,0.45,4.8,1.96,383
7/29/2016 9:00,34909.38,37.22,10.71,0.89,4.83,2.07,564
7/29/2016 10:00,34909.42,38.89,11.33,0.89,4.07,2.18,718
7/29/2016 11:00,34909.46,39.44,10.99,0.89,3.86,2.29,824
7/29/2016 12:00,34909.5,41.67,10.1,0.89,3.89,2.4,885
7/29/2016 13:00,34909.55,43.33,8.18,0.45,5.79,0,892
7/29/2016 14:00,34909.59,45.56,8.66,0.89,4.14,0,839
7/29/2016 15:00,34909.63,45.56,4.13,0.45,4.83,0.15,747
7/29/2016 16:00,34909.67,45,5.36,0.89,3.8,0.3,572
7/29/2016 17:00,34909.71,43.89,6,1.79,5.04,0.44,366
7/29/2016 18:00,34909.76,41.11,6.42,1.79,4.56,0.59,181
7/29/2016 19:00,34909.8,36.11,9.02,0.89,3.8,0.74,30
7/29/2016 20:00,34909.84,32.78,9.03,0.45,3.91,0.89,6
7/29/2016 21:00,34909.88,30.56,8.36,0.89,3.58,1.04,5
7/29/2016 22:00,34909.92,29.44,7.98,0.45,4.21,1.18,5
7/29/2016 23:00,34909.97,29.44,1.93,0.45,2.32,0.98,5
7/30/2016 0:00,34910,28.33,7.02,0.89,2.53,1.48,5
7/30/2016 1:00,34910.04,26.67,6.13,0.45,3.07,1.63,5
7/30/2016 2:00,34910.08,26.11,7.66,0.89,3.12,1.78,5
7/30/2016 3:00,34910.13,27.22,13.19,1.79,1.22,1.92,5
7/30/2016 4:00,34910.17,27.22,12.07,2.24,1.68,2.07,5
7/30/2016 5:00,34910.21,26.67,10.77,1.79,1.48,2.22,5
7/30/2016 6:00,34910.25,27.78,10.93,2.68,1.48,2.37,41
7/30/2016 7:00,34910.29,31.11,12.05,1.34,4.35,2.52,185
7/30/2016 8:00,34910.34,33.89,12.37,1.34,4.57,2.66,366
7/30/2016 9:00,34910.38,38.33,13.75,0.89,3.56,2.81,536
7/30/2016 10:00,34910.42,37.22,12.13,1.79,3.65,2.96,685
7/30/2016 11:00,34910.46,38.33,10.87,2.24,3.93,3.11,794
7/30/2016 12:00,34910.5,40.56,11.05,2.68,4.29,3.26,855
7/30/2016 13:00,34910.55,43.33,12.42,1.34,3.63,1.12,861
7/30/2016 14:00,34910.59,43.89,10.88,1.79,4.92,0,818
7/30/2016 15:00,34910.63,44.44,11.32,1.34,4.15,0.13,716
7/30/2016 16:00,34910.67,45,10.67,1.34,4.45,0.25,569
7/30/2016 17:00,34910.71,42.22,9.54,0.89,3.89,0.38,391
7/30/2016 18:00,34910.76,40,8.75,1.79,4.94,0.5,183
7/30/2016 19:00,34910.8,35,5.62,0.45,4.5,0.63,35
7/30/2016 20:00,34910.84,32.78,7.7,1.34,4.83,0.75,6
7/30/2016 21:00,34910.88,30.56,8.36,0.89,4.29,0.88,5
7/30/2016 22:00,34910.92,28.89,8.59,0.89,4.59,1,5
7/30/2016 23:00,34910.97,29.44,8.53,0.45,3.49,1.33,5
7/31/2016 0:00,34911,24.44,9.94,0.89,4.89,1.25,5
7/31/2016 1:00,34911.04,24.44,10.67,0.89,3.94,1.38,5
7/31/2016 2:00,34911.08,24.44,10.31,0.89,3.86,1.5,5
7/31/2016 3:00,34911.13,22.78,9.85,0.89,2.15,1.63,6
7/31/2016 4:00,34911.17,23.89,12.81,1.79,1.69,1.75,5
7/31/2016 5:00,34911.21,23.33,12.29,0.89,2.34,1.88,5
7/31/2016 6:00,34911.25,23.33,11.03,0.89,2.5,2,35
7/31/2016 7:00,34911.29,23.89,10.87,0.89,4.1,2.13,166
7/31/2016 8:00,34911.34,28.89,13.57,0.45,4.57,2.25,358
7/31/2016 9:00,34911.38,33.33,12.44,1.79,4.07,2.38,541
7/31/2016 10:00,34911.42,35,11.55,0.89,3.42,2.5,698
7/31/2016 11:00,34911.46,37.78,11.17,0.89,2.51,2.63,814
7/31/2016 12:00,34911.5,38.89,9.68,0.89,2.15,2.75,872
7/31/2016 13:00,34911.55,41.11,9.65,0.89,3.96,0,880
7/31/2016 14:00,34911.59,42.22,9.54,1.34,2.9,0,837
7/31/2016 15:00,34911.63,42.22,8.46,0.45,5.69,0.13,740
7/31/2016 16:00,34911.67,43.33,11.45,0.89,4.49,0.26,593
7/31/2016 17:00,34911.71,43.33,9.34,0.89,4.33,0.39,420
7/31/2016 18:00,34911.76,38.89,7.85,1.34,4.5,0.52,213
7/31/2016 19:00,34911.8,32.78,7.7,1.34,4.43,0.65,23
7/31/2016 20:00,34911.84,31.11,6.97,0.89,0.02,0.77,6
7/31/2016 21:00,34911.88,27.78,8.64,0.89,4.29,0.9,5
7/31/2016 22:00,34911.92,26.67,11.17,0.89,4.69,1.03,5
7/31/2016 23:00,34911.97,26.67,10.36,0.45,3.68,1.13,5
8/1/2016 0:00,34912,23.33,11.36,0.45,4.28,1.29,5
8/1/2016 1:00,34912.04,22.22,10.96,0.89,4.71,1.42,6
8/1/2016 2:00,34912.08,22.78,12.67,0.89,4.82,1.55,5
8/1/2016 3:00,34912.13,20.56,10.31,1.34,4.15,1.68,5
8/1/2016 4:00,34912.17,21.11,11.12,0.89,4.43,1.81,5
8/1/2016 5:00,34912.21,18.89,9.6,1.34,4,1.94,6
8/1/2016 6:00,34912.25,20.56,10.6,0.89,3.74,2.06,40
8/1/2016 7:00,34912.29,23.33,12.6,0.89,4.5,2.19,181
8/1/2016 8:00,34912.34,26.11,13.24,0.89,4.52,2.32,360
8/1/2016 9:00,34912.38,31.11,15.16,2.24,3.32,2.45,543
8/1/2016 10:00,34912.42,32.78,14.47,1.34,2.55,2.58,692
8/1/2016 11:00,34912.46,36.11,15.4,1.34,3.86,2.71,809
8/1/2016 12:00,34912.5,37.22,14.07,0.89,2.9,2.84,868
8/1/2016 13:00,34912.55,38.89,12.84,1.79,4.82,0,876
8/1/2016 14:00,34912.59,40,11.45,1.79,4.47,0,835
8/1/2016 15:00,34912.63,41.11,11.51,0.45,4.78,0.14,730
8/1/2016 16:00,34912.67,41.11,10.61,0.89,2.72,0.27,582
8/1/2016 17:00,34912.71,40.56,11.05,0.89,4.33,0.41,396
8/1/2016 18:00,34912.76,36.67,10.24,1.79,4.45,0.54,194
8/1/2016 19:00,34912.8,32.22,7.91,0.89,4.56,0.68,34
8/1/2016 20:00,34912.84,30,9.01,0.45,5.32,0.81,6
8/1/2016 21:00,34912.88,27.78,9.12,1.34,4.63,0.95,5
8/1/2016 22:00,34912.92,25,9.28,0.89,4.8,1.08,5
8/1/2016 23:00,34912.97,23.89,10.52,0.45,3.72,1.16,5
8/2/2016 0:00,34913,23.33,10.7,1.34,4.76,1.35,5
8/2/2016 1:00,34913.04,22.22,10.65,0.45,2.18,1.49,6
8/2/2016 2:00,34913.08,24.44,12.38,0.89,1.43,1.63,5
8/2/2016 3:00,34913.13,22.22,9.68,1.34,4.15,1.76,5
8/2/2016 4:00,34913.17,22.22,10.96,0.45,4.05,1.9,5
8/2/2016 5:00,34913.21,20,10.36,0.45,4.5,2.03,6
8/2/2016 6:00,34913.25,22.22,11.86,0,1.76,2.17,40
8/2/2016 7:00,34913.29,24.44,12.38,1.79,4.64,2.3,182
8/2/2016 8:00,34913.34,27.78,14.42,1.34,4.29,2.44,363
8/2/2016 9:00,34913.38,30.56,14.66,0.89,4.61,2.57,546
8/2/2016 10:00,34913.42,34.44,15.94,2.24,4.78,2.71,698
8/2/2016 11:00,34913.46,36.11,15.4,1.34,4,2.84,809
8/2/2016 12:00,34913.5,38.33,15.02,1.34,3.77,2.98,862
8/2/2016 13:00,34913.55,38.89,12.1,1.34,3.86,0,876
8/2/2016 14:00,34913.59,41.11,9.65,1.79,4.69,0,838
8/2/2016 15:00,34913.63,41.11,9.65,0.45,4.24,0.11,740
8/2/2016 16:00,34913.67,41.11,8.65,2.24,4.66,0.21,592
8/2/2016 17:00,34913.71,40.56,7.13,0.89,4.45,0.32,415
8/2/2016 18:00,34913.76,37.78,5.97,0.45,4,0.43,208
8/2/2016 19:00,34913.8,31.67,2.9,1.34,4.71,0.53,22
8/2/2016 20:00,34913.84,30.56,2.84,0.89,4.83,0.64,6
8/2/2016 21:00,34913.88,27.78,3.5,0.45,5.06,0.74,5
8/2/2016 22:00,34913.92,26.11,5.11,1.34,4.54,0.85,5
8/2/2016 23:00,34913.97,23.89,9.44,0.89,4.68,1.22,5
8/3/2016 0:00,34914,25,7.14,0.45,4.35,1.06,5
8/3/2016 1:00,34914.04,23.89,8.68,1.34,1.54,1.17,5
8/3/2016 2:00,34914.08,23.89,9.44,1.79,2.01,1.28,5
8/3/2016 3:00,34914.13,24.44,9.57,1.79,1.99,1.38,5
8/3/2016 4:00,34914.17,23.89,10.17,2.68,1.45,1.49,5
8/3/2016 5:00,34914.21,23.33,10.36,2.24,1.78,1.6,5
8/3/2016 6:00,34914.25,23.33,11.36,1.79,1.31,1.7,33
8/3/2016 7:00,34914.29,27.22,12.07,0.89,2.22,1.81,166
8/3/2016 8:00,34914.34,26.67,10.36,0.89,4.87,1.92,352
8/3/2016 9:00,34914.38,31.67,11,0.45,4.42,2.02,544
8/3/2016 10:00,34914.42,33.89,10.61,0.89,4.59,2.13,709
8/3/2016 11:00,34914.46,36.67,12.33,1.34,5.78,2.23,820
8/3/2016 12:00,34914.5,37.78,10.41,0.89,4.9,2.34,881
8/3/2016 13:00,34914.55,39.44,9.25,1.79,4.43,0,898
8/3/2016 14:00,34914.59,41.11,8.65,1.79,4.5,0,844
8/3/2016 15:00,34914.63,41.11,6.42,0.89,4.07,0.05,747
8/3/2016 16:00,34914.67,41.11,5.18,0.89,4.08,0.11,609
8/3/2016 17:00,34914.71,40.56,7.13,1.34,4.29,0.16,433
8/3/2016 18:00,34914.76,37.78,3.79,1.34,2.06,0.21,217
8/3/2016 19:00,34914.8,32.78,3.81,1.34,4.26,0.27,21
8/3/2016 20:00,34914.84,30.56,5.83,0.45,5.27,0.32,6
8/3/2016 21:00,34914.88,27.78,4.79,0.45,3.49,0.38,5
8/3/2016 22:00,34914.92,28.33,8.11,0.89,0.14,0.43,5
8/3/2016 23:00,34914.97,25,6.21,0.45,4.56,0.96,5
8/4/2016 0:00,34915,26.11,6.69,0.89,4.19,0.54,5
8/4/2016 1:00,34915.04,25,7.14,1.34,1.88,0.59,5
8/4/2016 2:00,34915.08,24.44,7.54,1.34,2.11,0.64,5
8/4/2016 3:00,34915.13,24.44,9.57,0.45,0.99,0.7,5
8/4/2016 4:00,34915.17,23.33,7.79,0.45,3.14,0.75,6
8/4/2016 5:00,34915.21,22.78,8.8,0.89,1.99,0.8,6
8/4/2016 6:00,34915.25,21.11,8.33,2.24,1.9,0.86,15
8/4/2016 7:00,34915.29,23.33,9.31,0.45,1.15,0.91,192
8/4/2016 8:00,34915.34,26.67,10.77,0.45,3.84,0.97,393
8/4/2016 9:00,34915.38,29.44,11.97,1.79,4.8,1.02,576
8/4/2016 10:00,34915.42,32.22,11.48,0.89,4.76,1.07,733
8/4/2016 11:00,34915.46,36.67,11.66,0.89,4.47,1.13,845
8/4/2016 12:00,34915.5,37.78,8.77,0.89,4.63,1.18,904
8/4/2016 13:00,34915.55,37.78,5.97,1.34,4.73,0,909
8/4/2016 14:00,34915.59,39.44,6.24,0.89,2.79,0,864
8/4/2016 15:00,34915.63,40,2.98,1.34,4.28,0.07,763
8/4/2016 16:00,34915.67,40.56,1.96,1.79,4.45,0.15,617
8/4/2016 17:00,34915.71,40.56,1.96,2.24,4.68,0.22,436
8/4/2016 18:00,34915.76,35.56,2.03,1.34,4.24,0.3,215
8/4/2016 19:00,34915.8,30.56,1.1,0.45,4.52,0.37,23
8/4/2016 20:00,34915.84,27.78,2.81,0.89,5.1,0.45,6
8/4/2016 21:00,34915.88,26.67,5.03,0.89,1.31,0.52,5
8/4/2016 22:00,34915.92,25,4.69,0.89,5.62,0.6,5
8/4/2016 23:00,34915.97,27.22,9.1,1.34,1.54,0.48,5
8/5/2016 0:00,34916,21.11,8,0.89,4.56,0.75,6
8/5/2016 1:00,34916.04,20,7.97,0.89,4.78,0.82,6
8/5/2016 2:00,34916.08,18.89,7.88,1.79,4.61,0.89,6
8/5/2016 3:00,34916.13,17.22,9.08,0.89,4.61,0.97,6
8/5/2016 4:00,34916.17,15.56,8.48,0.89,4.49,1.04,6
8/5/2016 5:00,34916.21,15.56,8.72,0.45,4.5,1.12,6
8/5/2016 6:00,34916.25,16.67,8.81,1.34,3.7,1.19,40
8/5/2016 7:00,34916.29,17.22,9.08,1.34,4.38,1.27,185
8/5/2016 8:00,34916.34,22.78,12.08,0.89,3.11,1.34,371
8/5/2016 9:00,34916.38,26.11,12.9,1.34,4.78,1.42,561
8/5/2016 10:00,34916.42,28.33,11.85,0.45,1.82,1.49,725
8/5/2016 11:00,34916.46,31.11,11.04,0.89,5.34,1.57,840
8/5/2016 12:00,34916.5,32.78,9.66,1.79,4.8,1.64,895
8/5/2016 13:00,34916.55,35,8.85,1.34,4.9,0,904
8/5/2016 14:00,34916.59,36.67,8.69,0.89,3.23,0,852
8/5/2016 15:00,34916.63,37.78,8.77,0.89,5.13,0.04,749
8/5/2016 16:00,34916.67,38.33,8.34,1.79,4.49,0.09,599
8/5/2016 17:00,34916.71,35.56,7.77,0.89,4.9,0.13,408
8/5/2016 18:00,34916.76,32.78,7.7,2.24,4.87,0.18,199
8/5/2016 19:00,34916.8,28.33,5.26,1.34,4.66,0.22,27
8/5/2016 20:00,34916.84,25,5.72,0.89,4.52,0.26,6
8/5/2016 21:00,34916.88,24.44,7.1,0.45,4.28,0.31,5
8/5/2016 22:00,34916.92,22.78,8.07,0.45,4.05,0.35,5
8/5/2016 23:00,34916.97,21.67,5.49,1.34,4.63,0.67,5
8/6/2016 0:00,34917,20,9.51,0.45,4.68,0.44,6
8/6/2016 1:00,34917.04,18.33,9.08,0.89,4.5,0.48,6
8/6/2016 2:00,34917.08,17.22,9.08,0.45,2.37,0.53,6
8/6/2016 3:00,34917.13,17.78,9.61,1.34,1.34,0.57,6
8/6/2016 4:00,34917.17,19.44,10.12,3.58,1.85,0.62,6
8/6/2016 5:00,34917.21,18.89,9.33,1.79,2.25,0.66,6
8/6/2016 6:00,34917.25,20.56,10.31,3.13,1.97,0.7,39
8/6/2016 7:00,34917.29,20.56,8.48,2.24,4.42,0.75,193
8/6/2016 8:00,34917.34,24.44,11.03,0.45,3.82,0.79,386
8/6/2016 9:00,34917.38,27.78,12.57,0.45,3.16,0.84,570
8/6/2016 10:00,34917.42,30.56,12.96,0.45,1.64,0.88,726
8/6/2016 11:00,34917.46,33.33,11.89,0.89,2.84,0.93,840
8/6/2016 12:00,34917.5,35,11.55,0.45,4.54,0.97,904
8/6/2016 13:00,34917.55,36.11,9.78,0.45,4.85,0,910
8/6/2016 14:00,34917.59,38.33,7.4,0.89,3.89,0,865
8/6/2016 15:00,34917.63,38.33,6.41,1.34,4.66,0.03,761
8/6/2016 16:00,34917.67,38.89,5.8,1.34,4.94,0.05,613
8/6/2016 17:00,34917.71,38.33,3.01,0.89,5.25,0.08,430
8/6/2016 18:00,34917.76,35,3.73,1.79,4.38,0.11,209
8/6/2016 19:00,34917.8,29.44,1.93,0.45,5.41,0.14,25
8/6/2016 20:00,34917.84,27.22,3.69,0.45,3.23,0.16,5
8/6/2016 21:00,34917.88,25,3.6,0.45,4.14,0.19,5
8/6/2016 22:00,34917.92,22.78,6.06,0.89,4.64,0.22,5
8/6/2016 23:00,34917.97,21.11,8.99,0.89,4.57,0.4,6
8/7/2016 0:00,34918,20.56,9.42,0.89,4.42,0.27,6
8/7/2016 1:00,34918.04,19.44,9.84,0.45,3.67,0.3,6
8/7/2016 2:00,34918.08,17.22,8.57,1.34,4.29,0.33,6
8/7/2016 3:00,34918.13,18.33,10.13,0.89,4.29,0.36,6
8/7/2016 4:00,34918.17,17.22,8.57,0.45,4.07,0.38,6
8/7/2016 5:00,34918.21,18.33,8.81,0.45,1.62,0.41,6
8/7/2016 6:00,34918.25,18.33,8.25,0.89,3.74,0.44,37
8/7/2016 7:00,34918.29,18.89,7.58,0.89,4.49,0.46,191
8/7/2016 8:00,34918.34,25,10.44,0.89,3.91,0.49,384
8/7/2016 9:00,34918.38,29.44,10.09,1.34,4.68,0.52,572
8/7/2016 10:00,34918.42,32.22,9.79,1.34,4.24,0.55,732
8/7/2016 11:00,34918.46,32.78,8.38,0.89,3.46,0.57,846
8/7/2016 12:00,34918.5,34.44,8.38,0.89,2.53,0.6,906
8/7/2016 13:00,34918.55,37.22,9.15,1.34,4.85,0,913
8/7/2016 14:00,34918.59,36.67,5.07,1.34,3.8,0,861
8/7/2016 15:00,34918.63,37.22,4.47,2.24,4.61,0,758
8/7/2016 16:00,34918.67,38.89,4.66,1.34,4.52,0,609
8/7/2016 17:00,34918.71,37.22,4.47,2.24,4.69,0,425
8/7/2016 18:00,34918.76,34.44,2.25,1.34,4.29,0,214
8/7/2016 19:00,34918.8,30,1.54,1.79,5.55,0,22
8/7/2016 20:00,34918.84,27.22,-0.72,0.89,6.11,0,5
8/7/2016 21:00,34918.88,26.67,1.17,1.34,0.1,0,5
8/7/2016 22:00,34918.92,24.44,6.2,0.89,1.5,0,5
8/7/2016 23:00,34918.97,21.11,7.65,0.45,4.42,0.25,5
8/8/2016 0:00,34919,22.22,2.29,0.45,0.63,0,5
8/8/2016 1:00,34919.04,21.67,2.82,0.45,3.4,0,6
8/8/2016 2:00,34919.08,21.11,6.19,2.68,1.64,0,5
8/8/2016 3:00,34919.13,21.67,6.69,2.68,1.69,0,5
8/8/2016 4:00,34919.17,20.56,5.3,2.68,1.82,0,6
8/8/2016 5:00,34919.21,20.56,6.43,3.13,1.57,0,6
8/8/2016 6:00,34919.25,22.22,6.8,2.68,1.62,0,41
8/8/2016 7:00,34919.29,26.11,7.66,0.89,1.54,0,211
8/8/2016 8:00,34919.34,27.78,8.14,0.89,4.36,0,405
8/8/2016 9:00,34919.38,31.11,7.62,0.89,4.49,0,577
8/8/2016 10:00,34919.42,32.78,8.38,1.34,3.86,0,728
8/8/2016 11:00,34919.46,33.89,7.92,0.45,4.5,0,845
8/8/2016 12:00,34919.5,36.11,7.4,0.89,6.02,0,908
8/8/2016 13:00,34919.55,37.78,5.97,1.34,4.99,0,915
8/8/2016 14:00,34919.59,38.89,3.44,1.34,3.79,0,856
8/8/2016 15:00,34919.63,38.89,3.44,1.79,4.03,0.08,754
8/8/2016 16:00,34919.67,40,2.98,1.34,4.08,0.16,601
8/8/2016 17:00,34919.71,36.67,2.91,0.89,3.54,0.23,374
8/8/2016 18:00,34919.76,34.44,1.15,0.45,4.87,0.31,156
8/8/2016 19:00,34919.8,30.56,-0.85,0.89,4.35,0.39,21
8/8/2016 20:00,34919.84,28.33,-1.63,0.89,0.1,0.47,5
8/8/2016 21:00,34919.88,27.22,0.1,1.34,0.3,0.54,5
8/8/2016 22:00,34919.92,25,2.43,1.34,4.52,0.62,5
8/8/2016 23:00,34919.97,23.89,4.75,1.79,1.64,0,5
8/9/2016 0:00,34920,21.11,4.58,0.89,3.96,0.78,5
8/9/2016 1:00,34920.04,21.67,5.08,0.45,3.87,0.85,5
8/9/2016 2:00,34920.08,20,5.57,0.89,1.92,0.93,5
8/9/2016 3:00,34920.13,20.56,6.07,1.34,1.62,1.01,6
8/9/2016 4:00,34920.17,19.44,5.06,0.89,2.34,1.09,6
8/9/2016 5:00,34920.21,18.89,4.93,0.45,6.2,1.16,6
8/9/2016 6:00,34920.25,21.11,8,1.34,1.71,1.24,37
8/9/2016 7:00,34920.29,23.89,9.81,1.79,1.87,1.32,173
8/9/2016 8:00,34920.34,30,7.29,0.45,4.36,1.4,371
8/9/2016 9:00,34920.38,30.56,7.14,3.13,4.07,1.47,560
8/9/2016 10:00,34920.42,30.56,8.36,1.34,4.01,1.55,713
8/9/2016 11:00,34920.46,33.33,8.85,1.34,4.68,1.63,823
8/9/2016 12:00,34920.5,35,8.1,1.34,4.59,1.71,888
8/9/2016 13:00,34920.55,36.67,7.86,0.45,1.17,0,892
8/9/2016 14:00,34920.59,38.33,7.4,0.45,3.28,0,847
8/9/2016 15:00,34920.63,38.89,6.86,1.34,3.54,0.08,743
8/9/2016 16:00,34920.67,37.78,5.97,1.79,4.75,0.16,579
8/9/2016 17:00,34920.71,36.67,6.05,0.89,2.48,0.24,395
8/9/2016 18:00,34920.76,32.78,4.66,0.45,5.74,0.32,174
8/9/2016 19:00,34920.8,28.33,4.62,2.24,5.78,0.4,26
8/9/2016 20:00,34920.84,27.78,6.55,1.79,5.71,0.49,5
8/9/2016 21:00,34920.88,27.78,6.55,1.79,5.85,0.57,5
8/9/2016 22:00,34920.92,26.11,5.11,0.89,5.59,0.65,5
8/9/2016 23:00,34920.97,22.22,4.25,0,2.18,0.7,5
8/10/2016 0:00,34921,22.78,5.63,0.45,4.26,0.81,5
8/10/2016 1:00,34921.04,22.78,7.29,1.79,1.97,0.89,5
8/10/2016 2:00,34921.08,22.22,7.94,0.45,2.98,0.97,6
8/10/2016 3:00,34921.13,22.22,8.3,1.34,2.25,1.05,5
8/10/2016 4:00,34921.17,20.56,6.07,1.34,4.28,1.13,5
8/10/2016 5:00,34921.21,20,6.64,2.24,2.08,1.21,6
8/10/2016 6:00,34921.25,21.11,6.19,0.45,2.48,1.29,31
8/10/2016 7:00,34921.29,24.44,8.38,0.89,1.97,1.37,163
8/10/2016 8:00,34921.34,26.67,8.15,0.89,4,1.46,337
8/10/2016 9:00,34921.38,30,9.01,1.34,4.14,1.54,533
8/10/2016 10:00,34921.42,32.22,9.19,0.89,1.38,1.62,709
8/10/2016 11:00,34921.46,32.78,9.03,0.89,3.77,1.7,825
8/10/2016 12:00,34921.5,33.89,9.32,0.89,3.54,1.78,885
8/10/2016 13:00,34921.55,36.11,8.23,0.89,1.82,0,890
8/10/2016 14:00,34921.59,37.78,7.89,0.89,3.12,0,831
8/10/2016 15:00,34921.63,38.89,6.86,1.79,4.94,0.05,716
8/10/2016 16:00,34921.67,38.89,5.8,0.45,1.52,0.11,577
8/10/2016 17:00,34921.71,38.33,5.36,0.45,4.07,0.16,392
8/10/2016 18:00,34921.76,35,6.49,1.34,4.73,0.21,180
8/10/2016 19:00,34921.8,30.56,6.5,0.89,4.94,0.26,23
8/10/2016 20:00,34921.84,29.44,7.98,2.68,5.71,0.32,5
8/10/2016 21:00,34921.88,28.33,9.12,0.89,1.54,0.37,5
8/10/2016 22:00,34921.92,27.78,9.59,1.34,1.45,0.42,5
8/10/2016 23:00,34921.97,23.89,5.24,0.45,5.18,0.73,5
8/11/2016 0:00,34922,23.89,7.88,1.34,2.11,0.53,5
8/11/2016 1:00,34922.04,22.78,7.68,0.45,1.71,0.58,5
8/11/2016 2:00,34922.08,21.67,5.9,0.89,2.44,0.64,5
8/11/2016 3:00,34922.13,22.22,7.18,0.89,1.38,0.69,5
8/11/2016 4:00,34922.17,22.22,8.66,0.45,0.61,0.74,6
8/11/2016 5:00,34922.21,20.56,8.48,1.79,1.24,0.79,6
8/11/2016 6:00,34922.25,22.22,10.33,2.24,1.59,0.85,33
8/11/2016 7:00,34922.29,24.44,10.67,1.34,1.71,0.9,180
8/11/2016 8:00,34922.34,27.78,10.49,0.89,5.1,0.95,372
8/11/2016 9:00,34922.38,31.11,8.84,0.89,4.43,1.01,560
8/11/2016 10:00,34922.42,32.78,7.7,0.89,3.72,1.06,720
8/11/2016 11:00,34922.46,35,8.1,0.89,3.53,1.11,833
8/11/2016 12:00,34922.5,36.11,8.23,0.45,4.15,1.17,894
8/11/2016 13:00,34922.55,37.22,8.31,0.89,0.47,0,895
8/11/2016 14:00,34922.59,39.44,8.3,1.34,4.36,0,839
8/11/2016 15:00,34922.63,40,7.75,0.45,4.31,0.08,736
8/11/2016 16:00,34922.67,40,8.75,1.79,5.48,0.16,583
8/11/2016 17:00,34922.71,38.33,7.4,1.34,4.07,0.24,400
8/11/2016 18:00,34922.76,35.56,6.07,1.79,4.75,0.32,177
8/11/2016 19:00,34922.8,30.56,4.4,0.89,5.88,0.4,22
8/11/2016 20:00,34922.84,30.56,5.83,3.13,5.81,0.48,5
8/11/2016 21:00,34922.88,27.78,4.15,0.45,4.56,0.56,5
8/11/2016 22:00,34922.92,26.11,4.55,0.89,4.45,0.64,5
8/11/2016 23:00,34922.97,26.11,11.07,1.79,1.26,0.48,5
8/12/2016 0:00,34923,23.33,6.12,0.45,3.65,0.8,5
8/12/2016 1:00,34923.04,22.22,6.4,0.45,3.96,0.88,5
8/12/2016 2:00,34923.08,21.67,7.44,1.34,2.2,0.96,5
8/12/2016 3:00,34923.13,22.78,9.85,1.79,1.83,1.04,5
8/12/2016 4:00,34923.17,21.67,7.8,0.45,3.02,1.13,6
8/12/2016 5:00,34923.21,22.22,5.57,0.89,2.39,1.21,6
8/12/2016 6:00,34923.25,22.78,9.16,1.34,1.4,1.29,31
8/12/2016 7:00,34923.29,26.11,10.67,1.79,2.04,1.37,179
8/12/2016 8:00,34923.34,27.78,9.12,0.89,4.49,1.45,368
8/12/2016 9:00,34923.38,31.11,9.97,0.89,3.84,1.53,555
8/12/2016 10:00,34923.42,34.44,10.45,0.45,4.73,1.61,711
8/12/2016 11:00,34923.46,36.11,10.5,1.79,3.14,1.69,824
8/12/2016 12:00,34923.5,37.22,9.95,0.89,3.67,1.77,882
8/12/2016 13:00,34923.55,39.44,10.14,0.89,4.26,0,885
8/12/2016 14:00,34923.59,40,9.7,1.34,2.15,0,830
8/12/2016 15:00,34923.63,40.56,8.2,1.34,3.04,0.09,720
8/12/2016 16:00,34923.67,40.56,8.2,1.34,4.63,0.19,564
8/12/2016 17:00,34923.71,39.44,7.31,1.34,4.97,0.28,382
8/12/2016 18:00,34923.76,37.22,6.5,0.89,4.59,0.37,162
8/12/2016 19:00,34923.8,32.22,3.36,0.45,0.75,0.47,22
8/12/2016 20:00,34923.84,30,5.36,0.89,4.35,0.56,5
8/12/2016 21:00,34923.88,28.33,7.57,0.89,4.24,0.65,5
8/12/2016 22:00,34923.92,26.11,8.12,0.89,4.33,0.75,5
8/12/2016 23:00,34923.97,24.44,6.2,0.89,4.57,0.72,5
8/13/2016 0:00,34924,23.89,8.29,0.45,3.68,0.93,5
8/13/2016 1:00,34924.04,23.33,9.67,0.89,2.02,1.03,5
8/13/2016 2:00,34924.08,24.44,10.67,2.24,1.43,1.12,5
8/13/2016 3:00,34924.13,23.33,10.36,2.68,1.55,1.21,5
8/13/2016 4:00,34924.17,24.44,10.67,1.79,1.19,1.31,5
8/13/2016 5:00,34924.21,24.44,9.18,1.34,1.2,1.4,5
8/13/2016 6:00,34924.25,24.44,10.67,0.45,5.04,1.49,30
8/13/2016 7:00,34924.29,27.78,11.77,0.45,5.57,1.59,173
8/13/2016 8:00,34924.34,28.89,10.57,1.34,4.69,1.68,360
8/13/2016 9:00,34924.38,32.78,12.49,0.89,3.86,1.77,544
8/13/2016 10:00,34924.42,34.44,11.69,0.89,6.27,1.86,700
8/13/2016 11:00,34924.46,36.11,11.19,1.34,3.47,1.96,812
8/13/2016 12:00,34924.5,38.33,11.64,1.34,4.12,2.05,874
8/13/2016 13:00,34924.55,40,10.6,0.89,5.27,0,877
8/13/2016 14:00,34924.59,41.11,10.61,0.89,4.26,0,826
8/13/2016 15:00,34924.63,42.78,12.88,1.34,4.71,0.08,713
8/13/2016 16:00,34924.67,42.78,9.98,0.89,5.2,0.15,560
8/13/2016 17:00,34924.71,41.11,7.57,1.34,4.87,0.23,376
8/13/2016 18:00,34924.76,38.89,5.8,1.79,5.1,0.31,160
8/13/2016 19:00,34924.8,34.44,4.25,0.45,0.54,0.39,21
8/13/2016 20:00,34924.84,30.56,2.84,0.89,4.15,0.46,5
8/13/2016 21:00,34924.88,28.89,3.02,0.89,4.52,0.54,5
8/13/2016 22:00,34924.92,26.67,3.84,0.89,5.24,0.62,5
8/13/2016 23:00,34924.97,26.11,8.58,0.45,3.25,0.84,5
8/14/2016 0:00,34925,26.67,6.66,2.24,1.38,0.77,5
8/14/2016 1:00,34925.04,25.56,5.17,0.45,2.25,0.85,5
8/14/2016 2:00,34925.08,25,9.68,2.24,1.4,0.93,5
8/14/2016 3:00,34925.13,25.56,8.09,1.79,1.43,1,5
8/14/2016 4:00,34925.17,25.56,10.57,1.79,1.41,1.08,5
8/14/2016 5:00,34925.21,25,9.28,3.58,1.55,1.16,5
8/14/2016 6:00,34925.25,26.11,9.87,3.13,1.78,1.23,28
8/14/2016 7:00,34925.29,28.89,10.57,0.45,4.85,1.31,172
8/14/2016 8:00,34925.34,32.22,10.93,0.89,4.97,1.39,365
8/14/2016 9:00,34925.38,34.44,11.08,1.79,4.9,1.47,550
8/14/2016 10:00,34925.42,36.67,11.66,0.89,4.47,1.54,706
8/14/2016 11:00,34925.46,38.33,10.87,0.45,1.55,1.62,818
8/14/2016 12:00,34925.5,40.56,10.15,0.45,4.54,1.7,880
8/14/2016 13:00,34925.55,40.56,8.2,1.34,4.1,0,883
8/14/2016 14:00,34925.59,44.44,9.06,0.45,2.22,0,832
8/14/2016 15:00,34925.63,45,10.67,1.34,4.29,0.08,723
8/14/2016 16:00,34925.67,44.44,9.06,1.34,4.03,0.17,570
8/14/2016 17:00,34925.71,43.89,8.62,0.89,4.01,0.25,387
8/14/2016 18:00,34925.76,40,8.75,1.34,4.22,0.34,155
8/14/2016 19:00,34925.8,35,5.62,0.89,5.83,0.42,18
8/14/2016 20:00,34925.84,32.22,6.53,0.89,4.61,0.51,5
8/14/2016 21:00,34925.88,30.56,7.14,0.45,4.73,0.59,5
8/14/2016 22:00,34925.92,27.78,5.98,0.45,3.51,0.67,5
8/14/2016 23:00,34925.97,27.22,6.07,0.89,2.93,0.69,5
8/15/2016 0:00,34926,25,5.72,0.89,0.7,0.84,5
8/15/2016 1:00,34926.04,25.56,6.69,1.34,1.87,0.93,5
8/15/2016 2:00,34926.08,25.56,9.37,1.34,1.94,1.01,5
8/15/2016 3:00,34926.13,22.78,6.89,0.45,2.22,1.1,5
8/15/2016 4:00,34926.17,24.44,10.67,2.24,1.47,1.18,6
8/15/2016 5:00,34926.21,22.22,7.18,1.34,3.87,1.26,6
8/15/2016 6:00,34926.25,23.33,7.39,1.34,1.8,1.35,29
8/15/2016 7:00,34926.29,27.78,9.12,0.89,2.32,1.43,176
8/15/2016 8:00,34926.34,29.44,10.09,0.45,3.19,1.52,359
8/15/2016 9:00,34926.38,33.89,11.22,2.24,3.79,1.6,544
8/15/2016 10:00,34926.42,33.33,10.74,1.79,3.98,1.69,702
8/15/2016 11:00,34926.46,35,9.57,0.89,5.17,1.77,815
8/15/2016 12:00,34926.5,37.78,10.41,1.34,5.03,1.85,875
8/15/2016 13:00,34926.55,38.89,8.79,1.79,4.66,0,879
8/15/2016 14:00,34926.59,42.22,9.54,0.89,4.61,0,831
8/15/2016 15:00,34926.63,42.22,8.46,0.89,3.47,0.1,726
8/15/2016 16:00,34926.67,41.67,8.01,0.89,3.65,0.19,574
8/15/2016 17:00,34926.71,41.11,8.65,1.34,4.94,0.29,387
8/15/2016 18:00,34926.76,37.78,7.89,1.79,4.73,0.39,147
8/15/2016 19:00,34926.8,31.67,4.56,1.34,5.01,0.48,18
8/15/2016 20:00,34926.84,30,5.36,0.45,2.2,0.58,5
8/15/2016 21:00,34926.88,29.44,5.56,0.45,5.52,0.67,5
8/15/2016 22:00,34926.92,27.22,8.15,0.89,5.17,0.77,5
8/15/2016 23:00,34926.97,26.67,6.13,0.45,4.85,0.76,5
8/16/2016 0:00,34927,25.56,6.69,0.89,4.54,0.96,5
8/16/2016 1:00,34927.04,23.89,7.88,1.79,1.47,1.06,5
8/16/2016 2:00,34927.08,24.44,9.57,1.79,1.26,1.16,6
8/16/2016 3:00,34927.13,23.33,9.31,1.79,1.22,1.25,6
8/16/2016 4:00,34927.17,23.89,9.81,0.45,1.47,1.35,6
8/16/2016 5:00,34927.21,23.33,9.67,1.34,1.45,1.45,6
8/16/2016 6:00,34927.25,22.78,8.44,0.45,4.15,1.54,28
8/16/2016 7:00,34927.29,25.56,8.52,0.89,2.25,1.64,171
8/16/2016 8:00,34927.34,27.78,9.59,1.34,4.52,1.74,357
8/16/2016 9:00,34927.38,31.11,12.53,0.89,3.91,1.83,542
8/16/2016 10:00,34927.42,33.89,11.22,0.45,3.05,1.93,698
8/16/2016 11:00,34927.46,36.11,11.19,0.89,2.06,2.02,811
8/16/2016 12:00,34927.5,36.11,10.5,0.45,3.44,2.12,867
8/16/2016 13:00,34927.55,38.89,10.53,0.45,3.77,0,867
8/16/2016 14:00,34927.59,41.11,11.51,0.45,3.56,0,817
8/16/2016 15:00,34927.63,41.11,8.65,0.89,3.67,0.11,710
8/16/2016 16:00,34927.67,41.67,9.09,0.89,3.79,0.21,557
8/16/2016 17:00,34927.71,39.44,6.24,1.34,5.08,0.32,368
8/16/2016 18:00,34927.76,36.11,4.63,1.79,4.83,0.42,139
8/16/2016 19:00,34927.8,32.78,4.66,0.89,3.19,0.53,20
8/16/2016 20:00,34927.84,31.11,4.87,0.89,5.76,0.63,5
8/16/2016 21:00,34927.88,29.44,4.9,0.89,6.25,0.74,5
8/16/2016 22:00,34927.92,29.44,7.41,0.45,6.27,0.84,5
8/16/2016 23:00,34927.97,25.56,5.7,0.89,2.46,0.87,5
8/17/2016 0:00,34928,26.11,5.65,0.89,2.08,1.05,5
8/17/2016 1:00,34928.04,24.44,6.2,1.79,1.69,1.16,5
8/17/2016 2:00,34928.08,25.56,8.09,2.68,2.02,1.27,5
8/17/2016 3:00,34928.13,23.33,5.22,1.79,4.17,1.37,5
8/17/2016 4:00,34928.17,22.78,7.68,1.34,2.02,1.48,5
8/17/2016 5:00,34928.21,23.33,8.18,1.79,1.76,1.58,5
8/17/2016 6:00,34928.25,24.44,6.66,1.79,2.39,1.69,25
8/17/2016 7:00,34928.29,28.33,9.12,0.45,4.22,1.79,160
8/17/2016 8:00,34928.34,30.56,12.04,0.45,5.31,1.9,345
8/17/2016 9:00,34928.38,32.22,8.56,0.45,3.16,2,532
8/17/2016 10:00,34928.42,33.89,7.92,2.24,3.79,2.11,686
8/17/2016 11:00,34928.46,36.67,8.69,1.34,3.91,2.21,800
8/17/2016 12:00,34928.5,38.89,9.68,1.34,4.33,2.32,860
8/17/2016 13:00,34928.55,40.56,7.13,0.45,4.05,0,869
8/17/2016 14:00,34928.59,40.56,4.75,0.89,4.08,0,817
8/17/2016 15:00,34928.63,41.11,5.18,1.34,3.8,0.14,707
8/17/2016 16:00,34928.67,43.89,7.36,0.89,2.41,0.27,548
8/17/2016 17:00,34928.71,41.67,5.62,0.89,4.47,0.41,358
8/17/2016 18:00,34928.76,38.89,4.66,0.45,5.88,0.54,132
8/17/2016 19:00,34928.8,33.89,2.84,0.45,3.54,0.68,21
8/17/2016 20:00,34928.84,31.11,3.3,0.89,5.83,0.81,5
8/17/2016 21:00,34928.88,31.67,5.33,1.34,0.26,0.95,5
8/17/2016 22:00,34928.92,30.56,7.76,1.34,0.66,1.08,5
8/17/2016 23:00,34928.97,26.11,6.18,0.45,4.59,0.95,5
8/18/2016 0:00,34929,26.67,7.17,2.68,1.19,1.35,5
8/18/2016 1:00,34929.04,25,4.16,1.34,2.16,1.49,5
8/18/2016 2:00,34929.08,26.11,7.66,2.24,1.5,1.62,5
8/18/2016 3:00,34929.13,25,7.14,2.24,1.69,1.76,5
8/18/2016 4:00,34929.17,25.56,7.63,3.58,1.52,1.89,5
8/18/2016 5:00,34929.21,24.44,6.2,1.34,1.71,2.03,5
8/18/2016 6:00,34929.25,25,7.14,2.24,1.99,2.16,22
8/18/2016 7:00,34929.29,26.67,9.07,2.24,1.62,2.3,147
8/18/2016 8:00,34929.34,30,9.55,2.24,1.71,2.44,326
8/18/2016 9:00,34929.38,34.44,9.1,0.89,2.76,2.57,510
8/18/2016 10:00,34929.42,35,5.62,1.34,3.7,2.71,669
8/18/2016 11:00,34929.46,36.67,6.05,1.34,4,2.84,780
8/18/2016 12:00,34929.5,38.89,6.86,3.58,3.86,2.98,838
8/18/2016 13:00,34929.55,40.56,8.2,1.79,3.28,0,838
8/18/2016 14:00,34929.59,41.11,8.65,1.79,4.21,0,768
8/18/2016 15:00,34929.63,41.11,7.57,1.34,3.49,0.15,652
8/18/2016 16:00,34929.67,41.11,8.65,1.79,4.69,0.3,495
8/18/2016 17:00,34929.71,40,8.75,0.45,4.56,0.44,319
8/18/2016 18:00,34929.76,35.56,6.95,0.45,3.96,0.59,121
8/18/2016 19:00,34929.8,32.78,9.03,0.89,4.61,0.74,19
8/18/2016 20:00,34929.84,31.11,8.24,0.89,5.9,0.89,5
8/18/2016 21:00,34929.88,27.78,7.09,0.89,4.47,1.04,5
8/18/2016 22:00,34929.92,26.11,8.58,0.45,3.75,1.18,5
8/18/2016 23:00,34929.97,28.33,7.57,1.79,1.64,1.22,5
8/19/2016 0:00,34930,26.11,10.67,0.45,2.02,1.48,5
8/19/2016 1:00,34930.04,23.89,9.81,0.89,4.21,1.63,5
8/19/2016 2:00,34930.08,22.22,10.01,1.34,3.8,1.78,5
8/19/2016 3:00,34930.13,22.78,8.8,0.89,2.25,1.92,5
8/19/2016 4:00,34930.17,21.11,8.99,0.89,3.96,2.07,5
8/19/2016 5:00,34930.21,21.67,9.82,2.24,1.92,2.22,5
8/19/2016 6:00,34930.25,22.78,9.51,0.89,1.54,2.37,22
8/19/2016 7:00,34930.29,26.11,11.07,0.45,0.52,2.52,136
8/19/2016 8:00,34930.34,30,13.34,0,2.53,2.66,313
8/19/2016 9:00,34930.38,33.33,13.49,0.45,1.85,2.81,502
8/19/2016 10:00,34930.42,32.22,10.37,0.45,3.51,2.96,662
8/19/2016 11:00,34930.46,34.44,11.69,1.34,3.46,3.11,763
8/19/2016 12:00,34930.5,36.67,12.98,1.34,3.79,3.26,826
8/19/2016 13:00,34930.55,39.44,12.56,0.89,4.97,2.05,812
8/19/2016 14:00,34930.59,40,13.03,0.89,4.52,0,760
8/19/2016 15:00,34930.63,41.11,10.61,2.24,6.14,0.14,660
8/19/2016 16:00,34930.67,41.67,4.28,0.45,4.43,0.27,523
8/19/2016 17:00,34930.71,40.56,4.75,1.34,2.39,0.41,335
8/19/2016 18:00,34930.76,36.67,1.7,0.89,4.59,0.54,129
8/19/2016 19:00,34930.8,33.33,4.26,0.45,4.31,0.68,18
8/19/2016 20:00,34930.84,29.44,6.82,0.89,2.43,0.81,5
8/19/2016 21:00,34930.88,27.78,8.64,1.34,4.69,0.95,5
8/19/2016 22:00,34930.92,26.11,8.58,0.45,4.59,1.08,5
8/19/2016 23:00,34930.97,25.56,11.68,0.89,6.21,1.33,5
8/20/2016 0:00,34931,24.44,10.31,0.45,4.35,1.35,5
8/20/2016 1:00,34931.04,22.78,10.19,0.45,1.48,1.49,5
8/20/2016 2:00,34931.08,23.33,10.7,0.89,4.17,1.63,5
8/20/2016 3:00,34931.13,21.67,9.5,0.45,4.68,1.76,6
8/20/2016 4:00,34931.17,22.22,8.66,0.89,1.76,1.9,5
8/20/2016 5:00,34931.21,22.78,10.52,2.68,1.06,2.03,5
8/20/2016 6:00,34931.25,24.44,10.31,1.34,0.63,2.17,22
8/20/2016 7:00,34931.29,27.22,10.44,0.45,1.68,2.3,145
8/20/2016 8:00,34931.34,28.33,10.99,1.34,4.5,2.44,326
8/20/2016 9:00,34931.38,31.11,12.53,0.89,3.23,2.57,509
8/20/2016 10:00,34931.42,32.22,12.52,0.89,4.78,2.71,664
8/20/2016 11:00,34931.46,35.56,12.03,0.89,3.61,2.84,778
8/20/2016 12:00,34931.5,36.67,10.97,1.34,4.24,2.98,834
8/20/2016 13:00,34931.55,38.89,12.1,1.34,4.87,0,833
8/20/2016 14:00,34931.59,38.89,10.53,1.79,4.08,0,778
8/20/2016 15:00,34931.63,41.67,11.06,0.89,4.47,0.14,671
8/20/2016 16:00,34931.67,41.11,8.65,0.45,5.46,0.28,519
8/20/2016 17:00,34931.71,38.33,6.41,1.34,5.1,0.42,354
8/20/2016 18:00,34931.76,35.56,6.07,1.79,4.64,0.56,134
8/20/2016 19:00,34931.8,31.11,6.97,0.89,3.74,0.7,21
8/20/2016 20:00,34931.84,28.89,7.5,0.45,5.83,0.84,5
8/20/2016 21:00,34931.88,28.33,7.57,0.89,4.1,0.98,5
8/20/2016 22:00,34931.92,26.11,8.58,0.89,1.1,1.13,5
8/20/2016 23:00,34931.97,25,9.68,0.45,3.18,1.22,5
8/21/2016 0:00,34932,23.89,8.29,1.34,4.47,1.41,5
8/21/2016 1:00,34932.04,23.33,8.94,0.89,3.89,1.55,5
8/21/2016 2:00,34932.08,22.78,9.16,1.79,1.29,1.69,5
8/21/2016 3:00,34932.13,23.33,10.02,1.79,1.59,1.83,5
8/21/2016 4:00,34932.17,23.33,10.02,0.89,4.56,1.97,5
8/21/2016 5:00,34932.21,21.11,8.99,0.89,1.87,2.11,6
8/21/2016 6:00,34932.25,23.33,11.36,2.24,1.4,2.25,19
8/21/2016 7:00,34932.29,25,11.18,2.24,1.82,2.39,143
8/21/2016 8:00,34932.34,27.22,11.27,1.34,3.91,2.53,320
8/21/2016 9:00,34932.38,30.56,11.56,0.45,3.05,2.67,500
8/21/2016 10:00,34932.42,32.22,12.01,0.89,2.78,2.81,654
8/21/2016 11:00,34932.46,34.44,12.28,0.89,4.36,2.95,767
8/21/2016 12:00,34932.5,35.56,11.39,0.89,3.4,3.09,828
8/21/2016 13:00,34932.55,37.78,12.6,0.45,3.87,0.26,830
8/21/2016 14:00,34932.59,39.44,8.3,1.34,4.64,0,778
8/21/2016 15:00,34932.63,40.56,5.98,1.79,4.31,0.15,668
8/21/2016 16:00,34932.67,40,6.68,2.24,4.75,0.3,513
8/21/2016 17:00,34932.71,36.67,5.07,0.45,2.27,0.44,321
8/21/2016 18:00,34932.76,35,4.7,3.58,5.76,0.59,116
8/21/2016 19:00,34932.8,31.11,3.3,0.89,5.46,0.74,18
8/21/2016 20:00,34932.84,30,2.38,0.45,4.99,0.89,5
8/21/2016 21:00,34932.88,27.78,2.81,0.45,3.25,1.04,5
8/21/2016 22:00,34932.92,25,1.81,0.89,4.71,1.18,5
8/21/2016 23:00,34932.97,25.56,8.52,1.34,5.27,1.27,5
8/22/2016 0:00,34933,21.67,6.69,0.89,4.4,1.48,5
8/22/2016 1:00,34933.04,21.11,8.33,0.45,5.41,1.63,5
8/22/2016 2:00,34933.08,20,7.32,0.45,4.31,1.78,6
8/22/2016 3:00,34933.13,19.44,8.4,0.89,0.91,1.92,5
8/22/2016 4:00,34933.17,19.44,7.14,1.34,4.22,2.07,5
8/22/2016 5:00,34933.21,18.89,6.96,2.68,1.55,2.22,6
8/22/2016 6:00,34933.25,21.67,10.14,1.34,1.64,2.37,18
8/22/2016 7:00,34933.29,20.56,8.8,1.34,4.36,2.52,130
8/22/2016 8:00,34933.34,27.78,11.35,0.45,1.29,2.67,312
8/22/2016 9:00,34933.38,29.44,10.09,0.89,3.07,2.81,499
8/22/2016 10:00,34933.42,31.11,11.04,0.89,3.16,2.96,639
8/22/2016 11:00,34933.46,32.78,10.26,0.89,4.05,3.11,765
8/22/2016 12:00,34933.5,35.56,6.95,0.89,2.34,3.26,820
8/22/2016 13:00,34933.55,37.22,6.5,1.79,4.64,0,837
8/22/2016 14:00,34933.59,37.22,5.52,1.34,3.93,0,808
8/22/2016 15:00,34933.63,37.78,5.97,1.34,4.29,0.14,629
8/22/2016 16:00,34933.67,38.33,6.41,0.45,4.15,0.28,478
8/22/2016 17:00,34933.71,37.78,5.97,1.34,3.96,0.41,358
8/22/2016 18:00,34933.76,33.89,6.4,0.45,4.05,0.55,163
8/22/2016 19:00,34933.8,30.56,6.5,0.89,3.37,0.69,33
8/22/2016 20:00,34933.84,28.33,7.02,1.34,4.8,0.83,5
8/22/2016 21:00,34933.88,25.56,6.69,1.34,4.78,0.96,5
8/22/2016 22:00,34933.92,24.44,7.54,0.45,4.42,1.1,5
8/22/2016 23:00,34933.97,24.44,5.72,0.89,3.7,1.33,5
8/23/2016 0:00,34934,22.78,8.44,0.89,0.56,1.38,5
8/23/2016 1:00,34934.04,23.33,8.94,0.89,2.04,1.52,5
8/23/2016 2:00,34934.08,21.11,8.99,1.34,1.45,1.65,5
8/23/2016 3:00,34934.13,22.78,10.84,2.24,2.2,1.79,5
8/23/2016 4:00,34934.17,22.22,9.35,1.34,1.68,1.93,6
8/23/2016 5:00,34934.21,18.89,8.18,0.45,0.52,2.07,6
8/23/2016 6:00,34934.25,21.67,11.63,1.79,1.34,2.21,19
8/23/2016 7:00,34934.29,25,11.53,2.68,1.57,2.34,136
8/23/2016 8:00,34934.34,27.22,11.67,0.89,3.39,2.48,318
8/23/2016 9:00,34934.38,30.56,11.06,0.45,4.12,2.62,501
8/23/2016 10:00,34934.42,31.67,10.45,2.24,3.82,2.76,656
8/23/2016 11:00,34934.46,35,12.17,0.89,3.75,2.89,769
8/23/2016 12:00,34934.5,37.22,12.8,0.89,0.4,3.03,826
8/23/2016 13:00,34934.55,37.78,11.17,0.89,4.22,0.37,825
8/23/2016 14:00,34934.59,38.89,11.33,0.45,4.36,0,766
8/23/2016 15:00,34934.63,38.89,8.79,3.58,5.83,0.08,665
8/23/2016 16:00,34934.67,37.78,6.95,4.47,6.02,0.17,513
8/23/2016 17:00,34934.71,36.11,7.4,3.13,5.29,0.25,324
8/23/2016 18:00,34934.76,33.89,6.4,3.58,5.85,0.33,108
8/23/2016 19:00,34934.8,30.56,4.4,1.34,6.07,0.42,16
8/23/2016 20:00,34934.84,28.89,3.02,2.68,5.85,0.5,5
8/23/2016 21:00,34934.88,25.56,1.63,0.89,4.21,0.58,5
8/23/2016 22:00,34934.92,24.44,1.34,0.45,5.32,0.67,5
8/23/2016 23:00,34934.97,25,10.82,0.89,4.35,1.24,5
8/24/2016 0:00,34935,22.78,2.24,0.89,4.71,0.83,5
8/24/2016 1:00,34935.04,21.11,3.27,0.45,3.26,0.92,5
8/24/2016 2:00,34935.08,21.67,6.3,0.89,2.51,1,6
8/24/2016 3:00,34935.13,21.11,6.57,0.89,4.12,1.08,6
8/24/2016 4:00,34935.17,21.11,9.31,2.68,1.5,1.17,6
8/24/2016 5:00,34935.21,21.11,8,1.79,1.87,1.25,5
8/24/2016 6:00,34935.25,21.11,6.93,0.45,5.95,1.34,20
8/24/2016 7:00,34935.29,23.33,7.39,0.45,3.23,1.42,142
8/24/2016 8:00,34935.34,25.56,7.63,1.79,4.76,1.5,327
8/24/2016 9:00,34935.38,28.89,9.61,0.89,5.11,1.59,513
8/24/2016 10:00,34935.42,31.11,9.42,1.79,4.42,1.67,674
8/24/2016 11:00,34935.46,32.78,8.38,1.34,4.38,1.75,791
8/24/2016 12:00,34935.5,36.11,7.4,1.79,4.69,1.84,857
8/24/2016 13:00,34935.55,36.67,6.98,0.45,1.83,0,861
8/24/2016 14:00,34935.59,38.89,6.86,1.79,4.59,0,805
8/24/2016 15:00,34935.63,39.44,3.88,1.79,4.57,0.14,696
8/24/2016 16:00,34935.67,38.89,3.44,1.34,2.51,0.28,536
8/24/2016 17:00,34935.71,37.22,0.83,1.79,4.4,0.42,348
8/24/2016 18:00,34935.76,33.89,2.84,1.34,3.54,0.55,114
8/24/2016 19:00,34935.8,28.33,3.96,0.45,4.71,0.69,14
8/24/2016 20:00,34935.84,26.67,5.03,0.89,4.49,0.83,5
8/24/2016 21:00,34935.88,26.11,7.18,1.34,1.62,0.97,5
8/24/2016 22:00,34935.92,23.89,7.05,0.45,3.21,1.11,5
8/24/2016 23:00,34935.97,23.33,1.01,0,1.66,0.75,5
8/25/2016 0:00,34936,21.67,4.21,0.45,3.86,1.39,5
8/25/2016 1:00,34936.04,21.67,5.08,2.24,1.9,1.52,5
8/25/2016 2:00,34936.08,20,4.01,0.89,4.33,1.66,5
8/25/2016 3:00,34936.13,19.44,3.52,0.45,2.29,1.8,6
8/25/2016 4:00,34936.17,19.44,6.14,0.45,0.58,1.94,6
8/25/2016 5:00,34936.21,20.56,7.14,1.79,1.57,2.08,6
8/25/2016 6:00,34936.25,20,5.57,3.13,1.78,2.22,19
8/25/2016 7:00,34936.29,23.33,5.68,0.45,1.5,2.36,153
8/25/2016 8:00,34936.34,26.11,7.66,0.89,6.13,2.5,334
8/25/2016 9:00,34936.38,30.56,8.36,1.79,2.08,2.63,499
8/25/2016 10:00,34936.42,31.11,8.24,1.34,3.87,2.77,662
8/25/2016 11:00,34936.46,32.22,9.19,1.34,4.31,2.91,773
8/25/2016 12:00,34936.5,33.89,9.97,1.34,3.12,3.05,821
8/25/2016 13:00,34936.55,35.56,7.77,1.34,3.63,0,827
8/25/2016 14:00,34936.59,37.78,8.77,0.89,4.49,0,777
8/25/2016 15:00,34936.63,38.89,7.85,0.45,0.89,0.11,668
8/25/2016 16:00,34936.67,37.78,5.97,0.45,4.14,0.22,508
8/25/2016 17:00,34936.71,36.67,5.07,0.89,5.08,0.33,314
8/25/2016 18:00,34936.76,32.78,3.81,1.34,4.83,0.44,105
8/25/2016 19:00,34936.8,28.33,2.56,0.89,3.75,0.55,15
8/25/2016 20:00,34936.84,26.67,1.17,0.45,3.87,0.66,5
8/25/2016 21:00,34936.88,26.11,6.18,0.89,0.59,0.77,5
8/25/2016 22:00,34936.92,25.56,6.69,0.45,1.26,0.88,5
8/25/2016 23:00,34936.97,22.78,5.19,0.89,0.61,1.25,5
8/26/2016 0:00,34937,23.33,4.75,0.89,4.4,1.1,5
8/26/2016 1:00,34937.04,21.11,4.58,1.34,4.42,1.21,5
8/26/2016 2:00,34937.08,19.44,4.31,0.45,5.9,1.32,5
8/26/2016 3:00,34937.13,19.44,6.48,0.45,4.38,1.44,6
8/26/2016 4:00,34937.17,18.89,6.63,0.89,4.49,1.55,6
8/26/2016 5:00,34937.21,16.11,5.9,1.34,4.08,1.66,6
8/26/2016 6:00,34937.25,18.33,7.67,0.45,4.15,1.77,17
8/26/2016 7:00,34937.29,21.11,8.99,0.89,4.08,1.88,132
8/26/2016 8:00,34937.34,21.67,9.82,1.34,4.12,1.99,314
8/26/2016 9:00,34937.38,26.67,11.17,3.13,3.65,2.1,497
8/26/2016 10:00,34937.42,28.89,11.92,1.34,3.7,2.21,656
8/26/2016 11:00,34937.46,31.11,11.55,0.45,1.5,2.32,774
8/26/2016 12:00,34937.5,32.22,10.37,1.79,3.8,2.43,838
8/26/2016 13:00,34937.55,33.33,8.85,1.79,5.48,0,843
8/26/2016 14:00,34937.59,36.11,8.23,1.34,4.56,0,784
8/26/2016 15:00,34937.63,35,8.1,1.34,4.68,0.12,582
8/26/2016 16:00,34937.67,35,8.85,2.68,4.71,0.24,457
8/26/2016 17:00,34937.71,33.33,8.17,1.34,4.35,0.36,309
8/26/2016 18:00,34937.76,30,6.03,0.45,4.38,0.48,107
8/26/2016 19:00,34937.8,26.11,7.18,0.45,3.86,0.6,15
8/26/2016 20:00,34937.84,23.89,7.88,1.34,5.64,0.73,5
8/26/2016 21:00,34937.88,24.44,8.38,0.89,3.23,0.85,5
8/26/2016 22:00,34937.92,21.11,7.65,0.89,4.75,0.97,5
8/26/2016 23:00,34937.97,25,6.68,1.34,1.87,0.99,5
8/27/2016 0:00,34938,18.89,9.6,1.34,4.59,1.21,5
8/27/2016 1:00,34938.04,16.67,8.56,1.34,4.63,1.33,6
8/27/2016 2:00,34938.08,16.11,9.01,1.34,4.76,1.45,6
8/27/2016 3:00,34938.13,16.11,9.71,0.89,4.45,1.57,6
8/27/2016 4:00,34938.17,15.56,9.84,0.89,4.68,1.69,6
8/27/2016 5:00,34938.21,15,9.74,0.89,3.32,1.81,6
8/27/2016 6:00,34938.25,13.89,8.67,1.34,4.47,1.93,17
8/27/2016 7:00,34938.29,17.22,11.22,0.45,4.07,2.05,132
8/27/2016 8:00,34938.34,21.11,13.26,0,5.11,2.18,310
8/27/2016 9:00,34938.38,24.44,14.22,0.89,4,2.3,495
8/27/2016 10:00,34938.42,27.78,14.42,0.89,3.58,2.42,656
8/27/2016 11:00,34938.46,28.89,13.95,0.45,3.49,2.54,771
8/27/2016 12:00,34938.5,31.11,13.89,0.45,3.98,2.66,829
8/27/2016 13:00,34938.55,33.33,12.98,0.89,5.31,0,832
8/27/2016 14:00,34938.59,33.89,11.81,2.24,4.83,0,768
8/27/2016 15:00,34938.63,35,11.55,1.34,5.04,0.12,653
8/27/2016 16:00,34938.67,34.44,11.08,2.24,3.84,0.24,492
8/27/2016 17:00,34938.71,32.78,9.66,2.24,4.63,0.37,306
8/27/2016 18:00,34938.76,30.56,8.36,0.45,6.28,0.49,105
8/27/2016 19:00,34938.8,27.22,8.63,0.89,4.78,0.61,13
8/27/2016 20:00,34938.84,25,8.46,0.89,4.08,0.73,5
8/27/2016 21:00,34938.88,23.33,8.18,0.89,3.05,0.85,5
8/27/2016 22:00,34938.92,22.78,8.07,0.89,4.71,0.97,5
8/27/2016 23:00,34938.97,18.89,8.76,1.34,4.76,1.09,5
8/28/2016 0:00,34939,21.11,9.31,0.89,4.24,1.22,5
8/28/2016 1:00,34939.04,20,8.91,0.89,2.3,1.34,5
8/28/2016 2:00,34939.08,20.56,10.31,0.45,2.23,1.46,5
8/28/2016 3:00,34939.13,20.56,11.43,0.89,1.71,1.58,5
8/28/2016 4:00,34939.17,18.89,8.48,1.79,4.29,1.7,5
8/28/2016 5:00,34939.21,17.22,8.57,0.89,5.9,1.83,6
8/28/2016 6:00,34939.25,16.11,9.01,0.89,4.64,1.95,17
8/28/2016 7:00,34939.29,16.67,9.54,0.89,4.15,2.07,128
8/28/2016 8:00,34939.34,21.11,11.95,0.89,4.42,2.19,307
8/28/2016 9:00,34939.38,25.56,13.4,1.34,4.96,2.31,492
8/28/2016 10:00,34939.42,28.89,13.57,1.34,5.24,2.44,650
8/28/2016 11:00,34939.46,31.11,13.45,1.79,5.1,2.56,765
8/28/2016 12:00,34939.5,32.78,13.01,1.79,4.75,2.68,826
8/28/2016 13:00,34939.55,34.44,12.86,1.34,4.38,0,827
8/28/2016 14:00,34939.59,36.11,13.12,2.24,4.92,0,771
8/28/2016 15:00,34939.63,37.22,12.13,0.89,2.23,0.11,663
8/28/2016 16:00,34939.67,36.11,11.86,0.89,4.96,0.21,503
8/28/2016 17:00,34939.71,34.44,11.08,1.34,4.52,0.32,317
8/28/2016 18:00,34939.76,32.22,11.48,1.34,4.85,0.43,109
8/28/2016 19:00,34939.8,27.22,9.56,0.45,4.29,0.53,13
8/28/2016 20:00,34939.84,26.67,10.77,0.89,4.49,0.64,5
8/28/2016 21:00,34939.88,25,10.44,1.34,4.69,0.75,5
8/28/2016 22:00,34939.92,23.89,10.52,0.45,5.17,0.85,5
8/28/2016 23:00,34939.97,22.22,9.01,1.34,4.69,1.1,5
8/29/2016 0:00,34940,22.78,10.52,1.79,1.54,1.07,5
8/29/2016 1:00,34940.04,23.33,11.99,3.13,1.69,1.17,5
8/29/2016 2:00,34940.08,22.22,10.65,2.68,1.8,1.28,5
8/29/2016 3:00,34940.13,21.11,8.99,2.24,2.2,1.38,5
8/29/2016 4:00,34940.17,22.22,11.57,2.68,1.52,1.49,5
8/29/2016 5:00,34940.21,20.56,9.72,1.34,4.19,1.6,5
8/29/2016 6:00,34940.25,20.56,10.31,2.24,1.73,1.7,17
8/29/2016 7:00,34940.29,23.89,11.21,2.24,1.54,1.81,138
8/29/2016 8:00,34940.34,26.67,11.95,0.89,4.83,1.92,316
8/29/2016 9:00,34940.38,28.89,13.17,0.45,5.2,2.02,509
8/29/2016 10:00,34940.42,31.11,13.45,0.45,1.71,2.13,657
8/29/2016 11:00,34940.46,33.33,13.49,1.34,5.45,2.24,772
8/29/2016 12:00,34940.5,35,13.34,0.45,3.42,2.34,833
8/29/2016 13:00,34940.55,36.67,12.98,0.89,2.58,0,834
8/29/2016 14:00,34940.59,37.78,12.6,1.79,4.71,0,779
8/29/2016 15:00,34940.63,38.33,11.64,3.13,5.71,0.12,676
8/29/2016 16:00,34940.67,37.78,10.41,1.34,4.5,0.23,498
8/29/2016 17:00,34940.71,35.56,10.73,0.89,4,0.35,254
8/29/2016 18:00,34940.76,32.78,10.26,1.34,4.78,0.46,137
8/29/2016 19:00,34940.8,28.33,8.62,0.45,3.74,0.58,13
8/29/2016 20:00,34940.84,25.56,7.63,1.79,4.68,0.69,5
8/29/2016 21:00,34940.88,23.89,8.29,0.89,4.14,0.81,5
8/29/2016 22:00,34940.92,22.78,8.44,0.45,4.14,0.92,5
8/29/2016 23:00,34940.97,23.33,10.7,0.89,4.5,0.96,5
8/30/2016 0:00,34941,21.11,8.33,0.89,4.29,1.16,5
8/30/2016 1:00,34941.04,21.11,8.99,0.89,4.63,1.27,5
8/30/2016 2:00,34941.08,20,9.21,0.89,6.11,1.39,5
8/30/2016 3:00,34941.13,21.11,10.54,0.89,0.94,1.5,5
8/30/2016 4:00,34941.17,20.56,11.16,1.79,1.71,1.62,5
8/30/2016 5:00,34941.21,18.33,8.25,1.34,4.63,1.73,5
8/30/2016 6:00,34941.25,20,10.91,1.34,1.73,1.85,16
8/30/2016 7:00,34941.29,21.67,11.35,0.89,3.96,1.96,128
8/30/2016 8:00,34941.34,26.11,13.24,0.45,1.26,2.08,292
8/30/2016 9:00,34941.38,27.78,12.57,1.34,3.94,2.2,495
8/30/2016 10:00,34941.42,30,11.55,0.45,5.31,2.31,653
8/30/2016 11:00,34941.46,33.33,12.44,1.34,4.26,2.43,768
8/30/2016 12:00,34941.5,34.44,12.28,1.34,4.24,2.54,825
8/30/2016 13:00,34941.55,36.11,11.86,0.89,2.44,0,824
8/30/2016 14:00,34941.59,38.89,10.53,0.89,5.36,0,767
8/30/2016 15:00,34941.63,37.78,6.95,0.89,4.68,0.13,642
8/30/2016 16:00,34941.67,37.22,5.52,1.34,4.54,0.25,499
8/30/2016 17:00,34941.71,36.67,4.03,0.89,3.68,0.38,314
8/30/2016 18:00,34941.76,33.33,3.35,1.79,4.47,0.51,91
8/30/2016 19:00,34941.8,28.33,0.18,0.45,5.15,0.63,11
8/30/2016 20:00,34941.84,26.11,2.75,0.45,4.43,0.76,5
8/30/2016 21:00,34941.88,25,3.02,0.89,4.31,0.89,5
8/30/2016 22:00,34941.92,25,4.16,0.45,5.5,1.02,5
8/30/2016 23:00,34941.97,22.22,8.66,0.45,2.76,1.04,5
8/31/2016 0:00,34942,22.22,3.78,0.89,4.4,1.27,5
8/31/2016 1:00,34942.04,21.67,7.07,1.34,1.97,1.4,5
8/31/2016 2:00,34942.08,22.22,8.3,0.45,0.8,1.52,5
8/31/2016 3:00,34942.13,20.56,5.3,0.89,2.58,1.65,5
8/31/2016 4:00,34942.17,20.56,7.49,2.24,1.66,1.78,5
8/31/2016 5:00,34942.21,20,6.98,2.24,1.71,1.9,5
8/31/2016 6:00,34942.25,21.11,8.67,3.13,1.19,2.03,15
8/31/2016 7:00,34942.29,22.22,7.18,0.89,4.56,2.16,127
8/31/2016 8:00,34942.34,26.67,9.07,0.45,4.17,2.28,300
8/31/2016 9:00,34942.38,28.33,8.62,0.89,4.78,2.41,484
8/31/2016 10:00,34942.42,32.22,10.37,0.45,4.97,2.54,643
8/31/2016 11:00,34942.46,33.89,10.61,1.34,4.1,2.66,746
8/31/2016 12:00,34942.5,35.56,8.56,1.79,4.57,2.79,815
8/31/2016 13:00,34942.55,36.67,7.86,1.34,4.85,0,827
8/31/2016 14:00,34942.59,37.78,9.61,0.89,2.67,0,774
8/31/2016 15:00,34942.63,37.22,8.31,1.79,4.83,0.09,662
8/31/2016 16:00,34942.67,36.67,7.86,0.89,3.26,0.18,505
8/31/2016 17:00,34942.71,35,8.1,3.13,4.61,0.28,318
8/31/2016 18:00,34942.76,32.22,7.91,0.89,5.03,0.37,83
8/31/2016 19:00,34942.8,27.78,5.98,1.34,5.38,0.46,11
8/31/2016 20:00,34942.84,25.56,6.2,1.34,3.56,0.55,5
8/31/2016 21:00,34942.88,23.89,7.05,0.89,4.56,0.64,5
8/31/2016 22:00,34942.92,22.78,7.68,1.79,4.69,0.74,5
8/31/2016 23:00,34942.97,23.33,3.25,0.89,3.98,1.14,5
9/1/2016 0:00,34943,18.89,6.96,0.89,3.86,0.92,5
9/1/2016 1:00,34943.04,18.33,7.37,0.89,4.5,1.01,6
9/1/2016 2:00,34943.08,17.22,6.93,0.89,4.38,1.1,6
9/1/2016 3:00,34943.13,17.22,7.21,0.89,4.28,1.19,6
9/1/2016 4:00,34943.17,18.33,9.61,1.34,2.04,1.29,6
9/1/2016 5:00,34943.21,20,10.08,2.24,1.69,1.38,6
9/1/2016 6:00,34943.25,18.33,9.08,0.45,2.57,1.47,14
9/1/2016 7:00,34943.29,19.44,8.99,0.89,4.24,1.56,139
9/1/2016 8:00,34943.34,25.56,12.04,0.89,3.75,1.65,326
9/1/2016 9:00,34943.38,28.33,11.85,0.45,4.61,1.75,509
9/1/2016 10:00,34943.42,30,12.46,0.45,3.98,1.84,665
9/1/2016 11:00,34943.46,31.11,11.55,0.89,4.08,1.93,775
9/1/2016 12:00,34943.5,33.33,11.33,1.34,4.45,2.02,833
9/1/2016 13:00,34943.55,35.56,10.73,0.89,3.7,0,836
9/1/2016 14:00,34943.59,37.78,10.41,0.89,3.7,0,778
9/1/2016 15:00,34943.63,37.22,9.15,1.34,4.43,0.08,665
9/1/2016 16:00,34943.67,37.22,8.31,0.89,4.17,0.16,506
9/1/2016 17:00,34943.71,35.56,8.56,1.34,3.86,0.25,319
9/1/2016 18:00,34943.76,31.67,6.77,1.79,4.49,0.33,79
9/1/2016 19:00,34943.8,27.78,5.39,0.89,4.54,0.41,11
9/1/2016 20:00,34943.84,25.56,4.08,0.45,4.82,0.49,5
9/1/2016 21:00,34943.88,23.89,4.75,1.79,4.8,0.57,5
9/1/2016 22:00,34943.92,21.67,5.08,0.89,4.35,0.65,5
9/1/2016 23:00,34943.97,20.56,7.14,0.45,3.6,0.83,5
9/2/2016 0:00,34944,20,5.57,0.45,3.93,0.82,5
9/2/2016 1:00,34944.04,18.33,6.13,0.89,4.38,0.9,6
9/2/2016 2:00,34944.08,17.22,5.43,0.89,3.86,0.98,6
9/2/2016 3:00,34944.13,18.89,8.18,0.89,1.03,1.06,6
9/2/2016 4:00,34944.17,19.44,8.7,0.89,3.09,1.14,6
9/2/2016 5:00,34944.21,18.89,8.48,1.34,2.01,1.23,6
9/2/2016 6:00,34944.25,20,10.08,1.79,1.52,1.31,15
9/2/2016 7:00,34944.29,22.78,10.52,0.89,1.92,1.39,142
9/2/2016 8:00,34944.34,25.56,10.57,0.45,4.14,1.47,325
9/2/2016 9:00,34944.38,27.22,10.86,1.79,3.42,1.55,510
9/2/2016 10:00,34944.42,29.44,11.52,0.89,2.69,1.63,665
9/2/2016 11:00,34944.46,32.78,12.49,0.89,4.21,1.72,777
9/2/2016 12:00,34944.5,33.33,11.33,0.45,5.76,1.8,835
9/2/2016 13:00,34944.55,35.56,11.39,1.34,4.96,0,832
9/2/2016 14:00,34944.59,37.78,10.41,0.89,4.17,0,775
9/2/2016 15:00,34944.63,37.22,8.31,1.34,4.68,0.33,665
9/2/2016 16:00,34944.67,38.89,7.85,1.34,4,0.67,505
9/2/2016 17:00,34944.71,35.56,7.77,1.79,4.64,1,314
9/2/2016 18:00,34944.76,32.22,7.23,0.89,4.5,1.34,72
9/2/2016 19:00,34944.8,27.22,4.92,1.34,5.18,1.67,11
9/2/2016 20:00,34944.84,25.56,4.63,0.45,3.33,2,5
9/2/2016 21:00,34944.88,25,4.69,0.45,0.58,2.34,5
9/2/2016 22:00,34944.92,24.44,5.72,0,5.46,2.67,5
9/2/2016 23:00,34944.97,21.67,5.9,0.45,4.75,0.74,5
9/3/2016 0:00,34945,20.56,6.07,0.89,6.04,3.34,5
9/3/2016 1:00,34945.04,19.44,6.81,0.89,4.31,3.67,5
9/3/2016 2:00,34945.08,18.89,6.96,0.89,2.13,4.01,5
9/3/2016 3:00,34945.13,18.89,6.63,0.45,2.48,4.34,6
9/3/2016 4:00,34945.17,19.44,8.7,2.68,1.59,4.67,6
9/3/2016 5:00,34945.21,19.44,7.14,0.45,2.37,5.01,5
9/3/2016 6:00,34945.25,18.89,7.27,0.89,4.29,5.34,14
9/3/2016 7:00,34945.29,19.44,7.47,0.45,3.46,5.68,137
9/3/2016 8:00,34945.34,26.11,10.67,0.89,3.21,6.01,294
9/3/2016 9:00,34945.38,26.67,9.51,0.45,4.64,6.34,420
9/3/2016 10:00,34945.42,28.89,10.57,0.89,3.23,6.68,478
9/3/2016 11:00,34945.46,31.67,11,0.89,2.16,7.01,597
9/3/2016 12:00,34945.5,31.11,8.84,1.79,5.15,7.34,552
9/3/2016 13:00,34945.55,32.22,7.91,1.34,3.7,5.24,654
9/3/2016 14:00,34945.59,33.89,4.71,0.89,4.8,1.39,681
9/3/2016 15:00,34945.63,34.44,2.25,0.89,3.98,1.33,667
9/3/2016 16:00,34945.67,35.56,2.03,1.34,4.83,1.26,509
9/3/2016 17:00,34945.71,33.33,0.27,0.89,3.11,1.2,318
9/3/2016 18:00,34945.76,27.22,3.69,2.24,4.59,1.14,88
9/3/2016 19:00,34945.8,21.67,5.49,2.24,5.04,1.07,10
9/3/2016 20:00,34945.84,19.44,7.47,1.34,4.82,1.01,5
9/3/2016 21:00,34945.88,16.67,7.25,1.34,4.68,0.95,6
9/3/2016 22:00,34945.92,15,7.24,1.34,4.35,0.88,6
9/3/2016 23:00,34945.97,23.33,5.68,0.89,4.64,3,5
9/4/2016 0:00,34946,15.56,8.72,1.34,4.33,0.76,6
9/4/2016 1:00,34946.04,13.89,7.81,0.89,4.85,0.69,6
9/4/2016 2:00,34946.08,13.33,7.71,0.45,4.97,0.63,6
9/4/2016 3:00,34946.13,13.89,8.25,0.45,3.86,0.57,6
9/4/2016 4:00,34946.17,13.33,8.14,0.89,4.03,0.51,6
9/4/2016 5:00,34946.21,12.22,7.48,0.89,4.96,0.44,6
9/4/2016 6:00,34946.25,11.67,7.14,1.79,2.15,0.38,13
9/4/2016 7:00,34946.29,15,9.09,1.34,4.36,0.32,132
9/4/2016 8:00,34946.34,18.89,11.65,0.89,4.54,0.25,331
9/4/2016 9:00,34946.38,21.67,9.82,0.89,3.02,0.19,526
9/4/2016 10:00,34946.42,24.44,8.78,1.34,4.99,0.13,685
9/4/2016 11:00,34946.46,25.56,6.69,0.45,0.23,0.06,799
9/4/2016 12:00,34946.5,27.78,7.09,1.79,4.45,0,855
9/4/2016 13:00,34946.55,28.89,6.34,1.34,3.61,0,855
9/4/2016 14:00,34946.59,30,6.03,1.34,6,0,795
9/4/2016 15:00,34946.63,30,5.36,1.34,5.18,0.08,671
9/4/2016 16:00,34946.67,29.44,5.56,1.34,4.57,0.17,504
9/4/2016 17:00,34946.71,28.89,5.73,1.34,4.45,0.25,311
9/4/2016 18:00,34946.76,25,3.02,1.34,5.39,0.33,88
9/4/2016 19:00,34946.8,21.11,2.33,0.45,5.46,0.41,9
9/4/2016 20:00,34946.84,21.67,5.9,4.02,5.78,0.5,5
9/4/2016 21:00,34946.88,18.89,5.28,0.89,3.79,0.58,5
9/4/2016 22:00,34946.92,16.67,6.13,0.45,4.56,0.66,6
9/4/2016 23:00,34946.97,15,8.19,0.89,3.49,0.82,6
9/5/2016 0:00,34947,15,7.24,0.45,0.03,0.83,6
9/5/2016 1:00,34947.04,15.56,6.21,1.34,1.97,0.91,6
9/5/2016 2:00,34947.08,16.11,5.9,1.34,1.95,0.99,6
9/5/2016 3:00,34947.13,15,4.87,1.79,2.3,1.08,6
9/5/2016 4:00,34947.17,13.89,4.39,0.45,4.24,1.16,6
9/5/2016 5:00,34947.21,15,5.43,1.79,1.99,1.24,6
9/5/2016 6:00,34947.25,15,4.87,1.79,1.82,1.32,13
9/5/2016 7:00,34947.29,17.78,6.86,1.34,1.69,1.41,140
9/5/2016 8:00,34947.34,21.11,8,0.89,4,1.49,313
9/5/2016 9:00,34947.38,23.89,7.88,0.89,4.42,1.57,510
9/5/2016 10:00,34947.42,25.56,7.63,1.79,4.69,1.65,662
9/5/2016 11:00,34947.46,27.22,7.14,1.79,4.57,1.74,771
9/5/2016 12:00,34947.5,30,8.46,0.89,4.59,1.82,826
9/5/2016 13:00,34947.55,31.67,9.31,1.34,5.45,0,819
9/5/2016 14:00,34947.59,32.78,9.03,1.34,5.5,0,757
9/5/2016 15:00,34947.63,32.78,9.66,2.24,4.49,0.09,639
9/5/2016 16:00,34947.67,32.78,9.66,1.34,4.61,0.18,475
9/5/2016 17:00,34947.71,30.56,7.76,1.79,4.71,0.27,288
9/5/2016 18:00,34947.76,27.78,7.09,0.45,4.14,0.36,88
9/5/2016 19:00,34947.8,24.44,5.72,0.45,4.59,0.45,9
9/5/2016 20:00,34947.84,23.33,5.22,0.45,0.3,0.54,5
9/5/2016 21:00,34947.88,23.33,5.68,0.45,3.94,0.63,5
9/5/2016 22:00,34947.92,21.67,5.9,0.45,5.39,0.72,5
9/5/2016 23:00,34947.97,16.11,7.27,0.45,4.52,0.74,6
9/6/2016 0:00,34948,18.89,4.56,2.68,2.15,0.89,5
9/6/2016 1:00,34948.04,20,7.97,2.24,1.69,0.98,6
9/6/2016 2:00,34948.08,20,8.91,2.68,1.78,1.07,6
9/6/2016 3:00,34948.13,20,8.91,3.13,1.54,1.16,6
9/6/2016 4:00,34948.17,19.44,8.99,3.58,1.62,1.25,6
9/6/2016 5:00,34948.21,18.33,7.07,1.34,4.75,1.34,5
9/6/2016 6:00,34948.25,17.78,8.01,2.24,1.83,1.43,12
9/6/2016 7:00,34948.29,21.11,10.24,2.24,1.8,1.52,124
9/6/2016 8:00,34948.34,25.56,10.57,0.45,2.09,1.61,312
9/6/2016 9:00,34948.38,27.78,10.05,0.89,6.14,1.7,498
9/6/2016 10:00,34948.42,29.44,8.53,1.79,4.42,1.79,654
9/6/2016 11:00,34948.46,31.11,8.84,1.34,5.24,1.88,765
9/6/2016 12:00,34948.5,33.89,9.32,0.45,2.79,1.97,820
9/6/2016 13:00,34948.55,35.56,9.31,0.89,4.97,0,816
9/6/2016 14:00,34948.59,36.11,9.02,1.34,5.11,0,756
9/6/2016 15:00,34948.63,36.11,7.4,2.24,4.73,0.07,638
9/6/2016 16:00,34948.67,36.67,6.98,2.24,4.36,0.15,480
9/6/2016 17:00,34948.71,33.89,5.58,2.24,4.61,0.22,293
9/6/2016 18:00,34948.76,30,3.94,1.79,4.8,0.29,90
9/6/2016 19:00,34948.8,27.22,3.69,0.89,3.65,0.37,9
9/6/2016 20:00,34948.84,25.56,2.28,0.45,4.68,0.44,5
9/6/2016 21:00,34948.88,25,4.16,0.45,4.89,0.51,5
9/6/2016 22:00,34948.92,24.44,5.72,1.34,1.5,0.58,5
9/6/2016 23:00,34948.97,20,5.19,1.34,2.23,0.8,5
9/7/2016 0:00,34949,23.33,6.12,3.13,1.48,0.73,5
9/7/2016 1:00,34949.04,21.67,5.08,2.24,1.8,0.8,5
9/7/2016 2:00,34949.08,21.11,5.41,2.24,1.59,0.88,5
9/7/2016 3:00,34949.13,20.56,5.69,2.24,1.55,0.95,6
9/7/2016 4:00,34949.17,21.11,6.57,2.68,1.54,1.02,5
9/7/2016 5:00,34949.21,20.56,6.07,3.58,1.52,1.1,5
9/7/2016 6:00,34949.25,20.56,4.51,2.24,1.88,1.17,12
9/7/2016 7:00,34949.29,23.33,7.39,1.79,1.64,1.24,128
9/7/2016 8:00,34949.34,26.67,7.66,0.89,4.75,1.32,316
9/7/2016 9:00,34949.38,29.44,7.98,0.89,3.8,1.39,502
9/7/2016 10:00,34949.42,32.78,8.38,1.34,4,1.46,657
9/7/2016 11:00,34949.46,32.78,6.99,2.24,3.96,1.53,767
9/7/2016 12:00,34949.5,35.56,7.77,1.34,4.45,1.61,824
9/7/2016 13:00,34949.55,35.56,6.07,0.89,5.41,0,821
9/7/2016 14:00,34949.59,38.33,7.4,0.45,4.29,0,758
9/7/2016 15:00,34949.63,38.89,6.86,0.45,4.28,0.1,642
9/7/2016 16:00,34949.67,38.89,7.85,1.34,4.68,0.19,476
9/7/2016 17:00,34949.71,37.78,6.95,1.34,4.61,0.29,288
9/7/2016 18:00,34949.76,32.22,4.21,0.45,4.82,0.39,90
9/7/2016 19:00,34949.8,28.33,3.28,0.45,5.95,0.49,8
9/7/2016 20:00,34949.84,27.78,2.81,0.89,5.83,0.58,5
9/7/2016 21:00,34949.88,27.22,6.61,2.24,1.73,0.68,5
9/7/2016 22:00,34949.92,26.11,6.18,2.24,1.55,0.78,5
9/7/2016 23:00,34949.97,22.78,4.26,2.24,1.88,0.66,5
9/8/2016 0:00,34950,23.89,7.47,2.68,1.76,0.97,5
9/8/2016 1:00,34950.04,22.78,5.63,1.79,1.68,1.07,5
9/8/2016 2:00,34950.08,22.78,7.29,2.68,1.24,1.17,5
9/8/2016 3:00,34950.13,23.33,5.22,1.79,2.15,1.27,5
9/8/2016 4:00,34950.17,22.78,5.19,2.24,1.38,1.36,5
9/8/2016 5:00,34950.21,20.56,6.07,2.24,1.55,1.46,5
9/8/2016 6:00,34950.25,22.22,5.99,2.24,1.24,1.56,11
9/8/2016 7:00,34950.29,23.89,6.61,0.89,1.2,1.66,122
9/8/2016 8:00,34950.34,26.11,7.66,0.89,4.59,1.75,309
9/8/2016 9:00,34950.38,28.89,8.05,0.89,4.1,1.85,488
9/8/2016 10:00,34950.42,30.56,7.14,0.45,3.53,1.95,638
9/8/2016 11:00,34950.46,33.89,7.92,0.45,2.41,2.05,753
9/8/2016 12:00,34950.5,35.56,6.95,1.79,4,2.14,810
9/8/2016 13:00,34950.55,36.67,6.98,2.24,3.93,0,809
9/8/2016 14:00,34950.59,38.33,8.34,0.89,4.85,0,742
9/8/2016 15:00,34950.63,37.78,6.95,1.34,4.56,0.13,622
9/8/2016 16:00,34950.67,37.78,6.95,2.24,3.82,0.26,461
9/8/2016 17:00,34950.71,36.11,7.4,2.68,5.57,0.38,277
9/8/2016 18:00,34950.76,32.22,6.53,0.89,4.03,0.51,87
9/8/2016 19:00,34950.8,28.33,7.02,0.89,4.36,0.64,8
9/8/2016 20:00,34950.84,25.56,7.63,0.89,5.43,0.77,5
9/8/2016 21:00,34950.88,24.44,7.96,1.34,4.94,0.89,5
9/8/2016 22:00,34950.92,22.78,8.07,0.45,4.78,1.02,5
9/8/2016 23:00,34950.97,25,6.68,3.58,1.54,0.88,5
9/9/2016 0:00,34951,20.56,7.14,0.89,4.97,1.28,5
9/9/2016 1:00,34951.04,21.67,9.82,2.24,1.55,1.41,6
9/9/2016 2:00,34951.08,21.11,8.33,1.34,1.95,1.53,6
9/9/2016 3:00,34951.13,17.78,6.25,0.89,4.28,1.66,5
9/9/2016 4:00,34951.17,20,8.6,1.79,1.36,1.79,6
9/9/2016 5:00,34951.21,20,7.65,3.13,1.94,1.92,5
9/9/2016 6:00,34951.25,20.56,7.14,2.24,1.83,2.05,11
9/9/2016 7:00,34951.29,22.78,7.68,0.45,4.47,2.17,108
9/9/2016 8:00,34951.34,26.11,9.45,0.45,2.74,2.3,287
9/9/2016 9:00,34951.38,28.33,10.54,0.45,3.98,2.43,470
9/9/2016 10:00,34951.42,31.11,11.55,1.34,4.19,2.56,625
9/9/2016 11:00,34951.46,31.67,11,1.34,4.64,2.68,735
9/9/2016 12:00,34951.5,33.89,11.22,1.34,4.47,2.81,789
9/9/2016 13:00,34951.55,35,11.55,0.89,4.61,0,783
9/9/2016 14:00,34951.59,37.78,11.9,1.79,0.73,0,720
9/9/2016 15:00,34951.63,38.33,11.64,1.34,4.82,0.13,599
9/9/2016 16:00,34951.67,38.89,11.33,0.89,4.64,0.26,436
9/9/2016 17:00,34951.71,36.11,9.78,2.24,4.75,0.4,251
9/9/2016 18:00,34951.76,31.11,8.24,0.89,4.24,0.53,78
9/9/2016 19:00,34951.8,28.89,8.05,0.45,2.76,0.66,7
9/9/2016 20:00,34951.84,27.78,7.09,0.89,5.79,0.79,5
9/9/2016 21:00,34951.88,27.22,7.65,1.34,4.73,0.93,5
9/9/2016 22:00,34951.92,25.56,8.09,1.34,1.19,1.06,5
9/9/2016 23:00,34951.97,21.67,7.44,0.89,4.36,1.15,5
9/10/2016 0:00,34952,24.44,9.57,0.89,1.78,1.32,5
9/10/2016 1:00,34952.04,23.89,10.87,2.24,1.29,1.45,5
9/10/2016 2:00,34952.08,23.33,8.94,0.45,1.38,1.59,5
9/10/2016 3:00,34952.13,22.22,9.68,2.24,1.8,1.72,5
9/10/2016 4:00,34952.17,22.78,10.19,2.68,1.55,1.85,5
9/10/2016 5:00,34952.21,22.22,9.01,2.68,1.26,1.98,5
9/10/2016 6:00,34952.25,22.78,9.16,2.24,1.64,2.11,10
9/10/2016 7:00,34952.29,24.44,10.31,0.89,1.34,2.25,106
9/10/2016 8:00,34952.34,27.22,11.67,0.89,5.78,2.38,282
9/10/2016 9:00,34952.38,30.56,12.04,1.34,3.82,2.51,462
9/10/2016 10:00,34952.42,34.44,12.86,0.89,4.14,2.64,616
9/10/2016 11:00,34952.46,33.89,10.61,0.89,4.42,2.78,727
9/10/2016 12:00,34952.5,36.11,11.86,0.89,4.35,2.91,783
9/10/2016 13:00,34952.55,38.33,12.37,1.34,3.18,0,777
9/10/2016 14:00,34952.59,38.33,11.64,0.45,0.7,0,708
9/10/2016 15:00,34952.63,40.56,11.9,0.89,5.2,0.12,585
9/10/2016 16:00,34952.67,37.22,10.71,0.45,4.57,0.24,391
9/10/2016 17:00,34952.71,35,9.57,0.89,4.78,0.36,192
9/10/2016 18:00,34952.76,32.78,6.99,2.24,5.67,0.48,56
9/10/2016 19:00,34952.8,31.11,6.97,0.89,4.03,0.6,6
9/10/2016 20:00,34952.84,29.44,6.2,0.45,1.62,0.72,5
9/10/2016 21:00,34952.88,27.78,7.09,1.34,4.57,0.84,5
9/10/2016 22:00,34952.92,25.56,7.17,0.89,4.64,0.96,5
9/10/2016 23:00,34952.97,23.89,7.88,0.89,4.52,1.19,5
9/11/2016 0:00,34953,23.89,9.07,1.34,3.74,1.2,5
9/11/2016 1:00,34953.04,24.44,10.67,1.34,1.19,1.32,5
9/11/2016 2:00,34953.08,22.78,10.19,0.89,2.11,1.44,5
9/11/2016 3:00,34953.13,21.67,9.5,0.89,4.14,1.56,5
9/11/2016 4:00,34953.17,21.67,10.45,1.79,1.48,1.68,5
9/11/2016 5:00,34953.21,21.67,9.82,1.79,1.64,1.8,5
9/11/2016 6:00,34953.25,21.67,9.5,1.34,1.87,1.92,10
9/11/2016 7:00,34953.29,24.44,12.38,2.24,1.85,2.04,103
9/11/2016 8:00,34953.34,28.89,13.57,0.89,5.95,2.16,284
9/11/2016 9:00,34953.38,30.56,11.56,0.89,3.68,2.28,467
9/11/2016 10:00,34953.42,31.11,12.05,1.34,4.43,2.4,620
9/11/2016 11:00,34953.46,32.78,11.41,1.34,4.28,2.51,730
9/11/2016 12:00,34953.5,35,9.57,0.89,2.71,2.63,788
9/11/2016 13:00,34953.55,36.67,8.69,0.89,4.45,0,788
9/11/2016 14:00,34953.59,37.78,7.89,1.34,3.6,0,730
9/11/2016 15:00,34953.63,38.89,7.85,0.89,4.73,0.08,621
9/11/2016 16:00,34953.67,37.78,6.95,1.79,4.64,0.16,457
9/11/2016 17:00,34953.71,35,5.62,1.79,4.4,0.24,270
9/11/2016 18:00,34953.76,31.11,5.6,0.89,3.11,0.31,86
9/11/2016 19:00,34953.8,28.33,5.26,0.45,0.51,0.39,7
9/11/2016 20:00,34953.84,26.11,4.55,0.45,4.63,0.47,5
9/11/2016 21:00,34953.88,23.89,5.24,0.89,4.59,0.55,5
9/11/2016 22:00,34953.92,22.78,6.06,1.34,5.22,0.63,5
9/11/2016 23:00,34953.97,25,8.88,0.45,5.43,1.08,5
9/12/2016 0:00,34954,18.33,6.45,0.89,3.61,0.78,5
9/12/2016 1:00,34954.04,18.89,7.88,0.45,3.93,0.86,5
9/12/2016 2:00,34954.08,18.33,7.67,0.89,3.93,0.94,6
9/12/2016 3:00,34954.13,17.22,7.49,0.45,1.62,1.02,6
9/12/2016 4:00,34954.17,18.33,9.35,0.89,1.48,1.1,6
9/12/2016 5:00,34954.21,17.78,7.15,0.89,3.46,1.18,6
9/12/2016 6:00,34954.25,18.33,7.07,0.89,3.12,1.25,10
9/12/2016 7:00,34954.29,18.33,8.53,0.89,4.38,1.33,110
9/12/2016 8:00,34954.34,20.56,10.6,0.89,4.35,1.41,291
9/12/2016 9:00,34954.38,25.56,11.68,2.68,3.61,1.49,474
9/12/2016 10:00,34954.42,28.89,10.57,1.34,3.47,1.57,634
9/12/2016 11:00,34954.46,31.11,10.52,0.89,4.69,1.65,744
9/12/2016 12:00,34954.5,32.78,9.03,2.24,6.09,1.73,806
9/12/2016 13:00,34954.55,33.33,7.46,1.79,4.92,0,802
9/12/2016 14:00,34954.59,35.56,6.95,1.34,5.72,0,743
9/12/2016 15:00,34954.63,33.89,5.58,0.89,3.51,0,611
9/12/2016 16:00,34954.67,32.22,4.21,1.79,4.63,0,459
9/12/2016 17:00,34954.71,31.11,1.55,1.79,3.72,0,267
9/12/2016 18:00,34954.76,25.56,-3.86,1.34,4.57,0,84
9/12/2016 19:00,34954.8,22.22,1.22,2.24,5.81,0,7
9/12/2016 20:00,34954.84,18.89,3.81,1.34,4.61,0,5
9/12/2016 21:00,34954.88,16.67,5.23,0.89,5.71,0,6
9/12/2016 22:00,34954.92,15,6.23,1.79,4.69,0,6
9/12/2016 23:00,34954.97,21.11,6.19,0.89,4.52,0.71,5
9/13/2016 0:00,34955,13.33,6.61,1.34,4.82,0,6
9/13/2016 1:00,34955.04,12.78,6.53,1.79,5.17,0,6
9/13/2016 2:00,34955.08,11.67,5.47,0.89,4.28,0,6
9/13/2016 3:00,34955.13,10.56,4.84,0.89,4.59,0,6
9/13/2016 4:00,34955.17,10.56,5.05,0.45,5.2,0,6
9/13/2016 5:00,34955.21,12.22,6.65,2.24,0.63,0,6
9/13/2016 6:00,34955.25,10.56,4.62,0.89,4.49,0,10
9/13/2016 7:00,34955.29,14.44,7.43,0.45,4.24,0,109
9/13/2016 8:00,34955.34,17.78,8.83,0.89,5.88,0,302
9/13/2016 9:00,34955.38,20.56,8.8,1.79,5.88,0,496
9/13/2016 10:00,34955.42,19.44,7.47,0.89,5.83,0,648
9/13/2016 11:00,34955.46,24.44,9.94,1.34,4.87,0,767
9/13/2016 12:00,34955.5,23.33,6.98,1.79,4.54,0,824
9/13/2016 13:00,34955.55,23.89,6.61,2.24,2.22,0,811
9/13/2016 14:00,34955.59,25.56,7.63,0.45,5.06,0,724
9/13/2016 15:00,34955.63,26.11,7.18,4.02,3.86,0.08,613
9/13/2016 16:00,34955.67,25.56,6.69,2.68,2.84,0.15,450
9/13/2016 17:00,34955.71,25,6.21,1.34,3.68,0.23,258
9/13/2016 18:00,34955.76,20.56,3.67,1.34,3.75,0.31,77
9/13/2016 19:00,34955.8,19.44,3.92,0.89,3.61,0.38,7
9/13/2016 20:00,34955.84,18.33,5.13,0.89,1.45,0.46,5
9/13/2016 21:00,34955.88,17.78,4.96,0.89,1.61,0.54,6
9/13/2016 22:00,34955.92,18.33,6.45,1.34,0.79,0.61,6
9/13/2016 23:00,34955.97,14.44,6.71,0.89,4.42,0,6
9/14/2016 0:00,34956,17.22,5.74,1.79,1.64,0.77,6
9/14/2016 1:00,34956.04,16.67,6.13,2.24,1.57,0.84,6
9/14/2016 2:00,34956.08,16.67,6.41,1.34,1.33,0.92,6
9/14/2016 3:00,34956.13,13.89,4.39,0.45,3.54,1,6
9/14/2016 4:00,34956.17,15,5.96,2.24,1.8,1.07,6
9/14/2016 5:00,34956.21,15,6.48,2.68,1.71,1.15,6
9/14/2016 6:00,34956.25,13.89,5.44,1.79,2.09,1.23,10
9/14/2016 7:00,34956.29,17.22,7.77,1.34,1.69,1.3,108
9/14/2016 8:00,34956.34,20,7.65,0.89,4.36,1.38,295
9/14/2016 9:00,34956.38,22.78,7.68,0.45,5.22,1.46,481
9/14/2016 10:00,34956.42,23.33,7.39,0.45,5.2,1.53,637
9/14/2016 11:00,34956.46,25,6.68,2.24,4.57,1.61,745
9/14/2016 12:00,34956.5,28.33,8.11,2.24,5.99,1.69,800
9/14/2016 13:00,34956.55,29.44,9.07,0.89,5.45,0,797
9/14/2016 14:00,34956.59,29.44,7.41,1.34,4.64,0,732
9/14/2016 15:00,34956.63,30.56,7.76,2.68,5.72,0.06,614
9/14/2016 16:00,34956.67,30,6.67,1.79,4.75,0.12,448
9/14/2016 17:00,34956.71,28.89,6.93,1.34,3.56,0.17,254
9/14/2016 18:00,34956.76,23.33,4.75,1.34,4.43,0.23,75
9/14/2016 19:00,34956.8,20.56,4.51,0.45,4.15,0.29,6
9/14/2016 20:00,34956.84,20,4.81,0.45,3.91,0.35,5
9/14/2016 21:00,34956.88,20.56,6.07,1.34,5.95,0.41,5
9/14/2016 22:00,34956.92,19.44,6.14,0.89,0.17,0.46,5
9/14/2016 23:00,34956.97,17.78,6.25,4.02,1.15,0.69,6
9/15/2016 0:00,34957,18.33,7.67,2.68,1.85,0.58,6
9/15/2016 1:00,34957.04,16.67,6.13,1.79,1.57,0.64,6
9/15/2016 2:00,34957.08,16.67,6.41,2.24,1.61,0.7,6
9/15/2016 3:00,34957.13,16.67,6.41,2.68,1.71,0.75,6
9/15/2016 4:00,34957.17,15.56,6.48,2.24,1.68,0.81,6
9/15/2016 5:00,34957.21,16.11,6.46,1.34,2.15,0.87,6
9/15/2016 6:00,34957.25,15,6.23,2.68,1.59,0.93,9
9/15/2016 7:00,34957.29,18.33,7.37,1.34,2.25,0.99,106
9/15/2016 8:00,34957.34,20.56,8.48,0.89,3.56,1.04,297
9/15/2016 9:00,34957.38,23.89,7.88,1.79,4.78,1.1,486
9/15/2016 10:00,34957.42,26.11,8.12,0.89,4.71,1.16,641
9/15/2016 11:00,34957.46,28.33,8.62,0.45,3.61,1.22,748
9/15/2016 12:00,34957.5,30.56,8.94,0.89,4.24,1.28,803
9/15/2016 13:00,34957.55,33.33,10.13,0.89,5.08,0,797
9/15/2016 14:00,34957.59,32.22,7.91,1.34,4.69,0,732
9/15/2016 15:00,34957.63,33.89,7.92,0.89,4.87,0.07,612
9/15/2016 16:00,34957.67,32.78,6.99,0.89,4.35,0.14,445
9/15/2016 17:00,34957.71,31.67,6.06,0.89,4.85,0.22,254
9/15/2016 18:00,34957.76,27.22,3.03,1.34,4.78,0.29,77
9/15/2016 19:00,34957.8,25,3.02,1.34,5.46,0.36,6
9/15/2016 20:00,34957.84,23.89,3.2,0.45,2.16,0.43,5
9/15/2016 21:00,34957.88,22.22,2.8,0,4.08,0.5,5
9/15/2016 22:00,34957.92,22.22,5.99,1.34,1.66,0.57,5
9/15/2016 23:00,34957.97,18.33,6.76,2.68,1.48,0.52,5
9/16/2016 0:00,34958,20,5.19,1.79,1.54,0.72,5
9/16/2016 1:00,34958.04,18.89,5.63,3.13,1.87,0.79,5
9/16/2016 2:00,34958.08,18.33,5.47,1.79,1.66,0.86,6
9/16/2016 3:00,34958.13,17.78,5.94,3.13,1.59,0.93,6
9/16/2016 4:00,34958.17,18.89,5.28,1.79,1.73,1,6
9/16/2016 5:00,34958.21,17.78,5.62,3.13,1.38,1.08,5
9/16/2016 6:00,34958.25,17.22,5.11,2.68,1.64,1.15,9
9/16/2016 7:00,34958.29,18.89,5.97,3.13,1.59,1.22,102
9/16/2016 8:00,34958.34,24.44,9.18,0.89,3.72,1.29,291
9/16/2016 9:00,34958.38,26.11,6.69,0.45,4.08,1.36,477
9/16/2016 10:00,34958.42,30,7.88,0.89,4.87,1.43,634
9/16/2016 11:00,34958.46,30.56,8.36,0.45,3.25,1.51,742
9/16/2016 12:00,34958.5,33.33,9.5,1.34,4.35,1.58,795
9/16/2016 13:00,34958.55,33.89,8.63,1.34,4.66,0,787
9/16/2016 14:00,34958.59,34.44,8.38,1.34,4.17,0,720
9/16/2016 15:00,34958.63,35,7.31,0.45,4.01,0.07,601
9/16/2016 16:00,34958.67,34.44,6.85,0.45,2.91,0.14,437
9/16/2016 17:00,34958.71,32.78,6.25,1.34,4.43,0.21,245
9/16/2016 18:00,34958.76,28.33,4.62,0.45,4.36,0.28,70
9/16/2016 19:00,34958.8,26.67,3.84,0.45,5.72,0.35,6
9/16/2016 20:00,34958.84,25.56,2.28,0.45,1.66,0.42,5
9/16/2016 21:00,34958.88,25,4.16,0.89,4.82,0.49,5
9/16/2016 22:00,34958.92,22.78,5.19,1.34,1.69,0.56,5
9/16/2016 23:00,34958.97,20,6.29,2.24,1.45,0.65,5
9/17/2016 0:00,34959,21.11,5,0.89,1.41,0.7,5
9/17/2016 1:00,34959.04,20,6.29,2.24,1.01,0.77,5
9/17/2016 2:00,34959.08,21.11,6.19,3.13,1.54,0.84,5
9/17/2016 3:00,34959.13,20.56,6.07,1.79,1.52,0.91,5
9/17/2016 4:00,34959.17,20,6.64,2.68,1.33,0.98,5
9/17/2016 5:00,34959.21,20,6.29,2.68,1.48,1.05,6
9/17/2016 6:00,34959.25,19.44,6.48,2.68,1.27,1.12,9
9/17/2016 7:00,34959.29,21.11,6.57,2.24,1.34,1.19,102
9/17/2016 8:00,34959.34,25,8.03,0.89,4.22,1.26,290
9/17/2016 9:00,34959.38,26.67,7.17,0.45,4.28,1.33,475
9/17/2016 10:00,34959.42,31.67,8.71,1.34,4.54,1.4,631
9/17/2016 11:00,34959.46,33.89,9.32,1.79,5.22,1.48,740
9/17/2016 12:00,34959.5,35,9.57,1.34,4.99,1.55,792
9/17/2016 13:00,34959.55,37.22,9.15,1.79,4.68,0,783
9/17/2016 14:00,34959.59,37.22,9.15,0.89,4.14,0,714
9/17/2016 15:00,34959.63,38.33,9.23,0.45,3.14,0.12,592
9/17/2016 16:00,34959.67,38.33,9.23,0.45,5.43,0.24,426
9/17/2016 17:00,34959.71,36.11,8.23,0.89,3.26,0.35,237
9/17/2016 18:00,34959.76,30.56,7.14,0.45,5.01,0.47,68
9/17/2016 19:00,34959.8,27.78,5.98,0.89,4.63,0.59,6
9/17/2016 20:00,34959.84,27.78,5.98,0.89,5.9,0.71,5
9/17/2016 21:00,34959.88,25,9.68,0.89,0.98,0.82,5
9/17/2016 22:00,34959.92,25,7.59,3.13,1.88,0.94,5
9/17/2016 23:00,34959.97,21.67,4.65,2.68,1.82,0.63,5
9/18/2016 0:00,34960,22.78,6.06,2.24,1.99,1.18,5
9/18/2016 1:00,34960.04,22.78,6.48,1.79,1.31,1.29,5
9/18/2016 2:00,34960.08,22.78,7.68,2.24,1.92,1.41,5
9/18/2016 3:00,34960.13,21.11,6.57,3.13,1.87,1.53,5
9/18/2016 4:00,34960.17,21.11,6.57,2.68,1.61,1.65,5
9/18/2016 5:00,34960.21,21.67,7.44,3.58,1.62,1.76,5
9/18/2016 6:00,34960.25,21.11,5.8,2.68,1.78,1.88,8
9/18/2016 7:00,34960.29,24.44,6.66,0.45,5.57,2,92
9/18/2016 8:00,34960.34,27.22,8.15,0.45,4.08,2.12,268
9/18/2016 9:00,34960.38,30,7.88,1.34,4.63,2.24,444
9/18/2016 10:00,34960.42,33.89,9.32,2.24,3.74,2.35,595
9/18/2016 11:00,34960.46,33.89,8.63,1.34,4.35,2.47,695
9/18/2016 12:00,34960.5,36.11,9.02,1.34,3.84,2.59,766
9/18/2016 13:00,34960.55,38.89,8.79,0.45,4.45,0,769
9/18/2016 14:00,34960.59,40,9.7,0.45,5.74,0,704
9/18/2016 15:00,34960.63,39.44,8.3,0.45,3.47,0.05,577
9/18/2016 16:00,34960.67,39.44,7.31,1.34,4.73,0.11,412
9/18/2016 17:00,34960.71,38.89,7.85,0.45,5.27,0.16,230
9/18/2016 18:00,34960.76,32.22,5.02,0.45,4.29,0.21,63
9/18/2016 19:00,34960.8,30.56,5.83,1.34,0.44,0.27,5
9/18/2016 20:00,34960.84,28.89,7.5,1.79,1.08,0.32,5
9/18/2016 21:00,34960.88,27.78,8.64,1.79,1.2,0.38,5
9/18/2016 22:00,34960.92,26.11,6.18,2.24,1.43,0.43,5
9/18/2016 23:00,34960.97,25,6.68,1.34,1.62,1.06,5
9/19/2016 0:00,34961,25.56,6.2,3.58,1.61,0.54,5
9/19/2016 1:00,34961.04,25.56,5.17,3.13,1.87,0.59,5
9/19/2016 2:00,34961.08,23.33,4.27,0.89,4.36,0.64,5
9/19/2016 3:00,34961.13,22.78,7.29,1.79,1.31,0.7,5
9/19/2016 4:00,34961.17,23.33,6.98,1.34,1.5,0.75,5
9/19/2016 5:00,34961.21,24.44,5.72,3.13,1.66,0.8,5
9/19/2016 6:00,34961.25,25,4.16,3.13,1.41,0.86,8
9/19/2016 7:00,34961.29,26.11,3.97,2.24,1.43,0.91,104
9/19/2016 8:00,34961.34,29.44,6.2,1.34,4.21,0.97,293
9/19/2016 9:00,34961.38,31.11,4.87,0.89,3.91,1.02,479
9/19/2016 10:00,34961.42,36.67,6.98,0.45,0.12,1.07,633
9/19/2016 11:00,34961.46,36.67,5.07,0.45,1.85,1.13,740
9/19/2016 12:00,34961.5,38.89,6.86,0.89,0.7,1.18,790
9/19/2016 13:00,34961.55,41.11,7.57,1.34,4.76,0,784
9/19/2016 14:00,34961.59,42.22,6.05,0.45,3.44,0,717
9/19/2016 15:00,34961.63,42.78,3.66,0.45,2.32,0.15,599
9/19/2016 16:00,34961.67,43.33,2.45,0.89,5.04,0.29,432
9/19/2016 17:00,34961.71,40.56,3.41,0.45,5.03,0.44,240
9/19/2016 18:00,34961.76,35,1.59,0.45,4.29,0.58,61
9/19/2016 19:00,34961.8,31.11,0.61,0.45,5.67,0.73,5
9/19/2016 20:00,34961.84,31.67,2,0.45,1.06,0.87,5
9/19/2016 21:00,34961.88,28.89,5.09,0,5.88,1.02,5
9/19/2016 22:00,34961.92,25,4.16,0.45,3.53,1.16,5
9/19/2016 23:00,34961.97,25.56,6.69,3.58,1.68,0.48,5
9/20/2016 0:00,34962,25,5.72,2.68,1.48,1.45,5
9/20/2016 1:00,34962.04,24.44,4.21,2.68,1.83,1.6,5
9/20/2016 2:00,34962.08,24.44,5.72,1.79,2.36,1.74,5
9/20/2016 3:00,34962.13,24.44,7.54,1.34,1.43,1.89,5
9/20/2016 4:00,34962.17,23.33,5.68,0.45,1.76,2.03,5
9/20/2016 5:00,34962.21,22.78,6.48,1.34,1.57,2.18,5
9/20/2016 6:00,34962.25,21.67,5.9,3.58,1.48,2.32,7
9/20/2016 7:00,34962.29,23.33,6.12,0.89,2.36,2.47,71
9/20/2016 8:00,34962.34,25,8.03,1.34,0.73,2.61,236
9/20/2016 9:00,34962.38,28.33,8.62,0.89,1.05,2.76,418
9/20/2016 10:00,34962.42,35,10.26,0.89,1.99,2.9,576
9/20/2016 11:00,34962.46,33.33,6.71,1.34,3.47,3.05,693
9/20/2016 12:00,34962.5,36.11,8.23,1.79,4.01,3.19,741
9/20/2016 13:00,34962.55,37.78,8.77,0.89,3.98,1.92,721
9/20/2016 14:00,34962.59,38.89,8.79,0.89,1.68,0,662
9/20/2016 15:00,34962.63,38.33,8.34,1.34,4.43,0.42,547
9/20/2016 16:00,34962.67,37.22,7.43,1.79,4.4,0.84,386
9/20/2016 17:00,34962.71,35,6.49,0.45,3.02,1.26,201
9/20/2016 18:00,34962.76,29.44,4.9,0.89,3.61,1.68,42
9/20/2016 19:00,34962.8,28.33,5.26,2.68,5.88,2.1,5
9/20/2016 20:00,34962.84,28.33,6.46,0.89,5.81,2.52,5
9/20/2016 21:00,34962.88,27.22,6.07,1.34,1.26,2.94,5
9/20/2016 22:00,34962.92,25.56,7.17,2.68,1.47,3.36,5
9/20/2016 23:00,34962.97,25,9.68,2.24,1.22,1.31,5
9/21/2016 0:00,34963,23.89,7.05,1.79,1.66,4.2,5
9/21/2016 1:00,34963.04,23.89,8.29,0.89,1.17,4.62,5
9/21/2016 2:00,34963.08,22.22,6.4,0.89,4.33,5.04,5
9/21/2016 3:00,34963.13,20.56,5.69,1.79,4.49,5.46,5
9/21/2016 4:00,34963.17,20.56,6.43,0.45,0.49,5.88,6
9/21/2016 5:00,34963.21,21.11,9.94,1.79,1.31,6.3,5
9/21/2016 6:00,34963.25,20,6.64,1.34,4.43,6.72,7
9/21/2016 7:00,34963.29,21.11,7.65,1.34,2.3,7.14,44
9/21/2016 8:00,34963.34,26.11,10.28,0.45,4.78,7.56,224
9/21/2016 9:00,34963.38,26.11,9.45,0.89,4.76,7.98,364
9/21/2016 10:00,34963.42,28.89,11.48,0.89,4.01,8.4,455
9/21/2016 11:00,34963.46,31.67,10.45,0.89,3.6,8.81,563
9/21/2016 12:00,34963.5,30,6.67,0.89,4.45,9.23,352
9/21/2016 13:00,34963.55,28.89,2.26,0.45,4.45,10,248
9/21/2016 14:00,34963.59,31.67,1.05,0.45,5.78,7.87,375
9/21/2016 15:00,34963.63,34.44,1.15,0.89,0.8,7.51,518
9/21/2016 16:00,34963.67,29.44,-3.95,1.34,5.48,7.15,202
9/21/2016 17:00,34963.71,28.33,-2.62,1.79,3.77,6.8,113
9/21/2016 18:00,34963.76,25,-2.54,1.34,5.45,6.44,33
9/21/2016 19:00,34963.8,23.33,-3.09,0.45,4.54,6.08,5
9/21/2016 20:00,34963.84,20,-4.37,1.34,4.76,5.72,5
9/21/2016 21:00,34963.88,18.89,-1.64,1.34,4.07,5.36,6
9/21/2016 22:00,34963.92,18.33,-0.09,0.89,4.78,5.01,6
9/21/2016 23:00,34963.97,25,8.03,1.79,1.87,3.78,5
9/22/2016 0:00,34964,13.89,-0.66,0.89,4.83,4.29,6
9/22/2016 1:00,34964.04,12.78,0.41,1.34,4.69,3.93,6
9/22/2016 2:00,34964.08,11.11,0.12,0.89,3.12,3.58,6
9/22/2016 3:00,34964.13,11.11,1.54,0.45,4.4,3.22,6
9/22/2016 4:00,34964.17,10.56,2.31,0.45,4.99,2.86,6
9/22/2016 5:00,34964.21,11.11,3.32,0.89,4.35,2.5,7
9/22/2016 6:00,34964.25,8.89,2.15,0.45,3.8,2.15,8
9/22/2016 7:00,34964.29,12.78,5.38,2.68,5.88,1.79,94
9/22/2016 8:00,34964.34,15.56,6.21,3.13,5.92,1.43,294
9/22/2016 9:00,34964.38,17.78,5.94,0.89,3.98,1.07,478
9/22/2016 10:00,34964.42,19.44,5.79,0.45,3.67,0.72,629
9/22/2016 11:00,34964.46,22.22,6.4,0.89,4.03,0.36,738
9/22/2016 12:00,34964.5,22.78,4.26,1.34,4.56,0,792
9/22/2016 13:00,34964.55,25.56,6.2,2.24,4.66,0,778
9/22/2016 14:00,34964.59,23.89,4.75,2.24,5.67,0,706
9/22/2016 15:00,34964.63,24.44,4.21,4.02,5.6,0.18,579
9/22/2016 16:00,34964.67,23.89,4.75,3.58,4.82,0.35,409
9/22/2016 17:00,34964.71,21.67,2.82,6.26,5.83,0.53,219
9/22/2016 18:00,34964.76,20,3.18,2.24,4.94,0.7,50
9/22/2016 19:00,34964.8,18.33,2.12,0.45,4.07,0.88,6
9/22/2016 20:00,34964.84,16.67,1.44,0.89,5.01,1.06,6
9/22/2016 21:00,34964.88,16.11,2.06,0.89,4.85,1.23,6
9/22/2016 22:00,34964.92,15,2.1,0.89,5.32,1.41,6
9/22/2016 23:00,34964.97,15.56,-0.75,1.79,4.71,4.65,6
9/23/2016 0:00,34965,13.33,3.04,0.45,0.89,1.76,6
9/23/2016 1:00,34965.04,12.78,3.36,0.45,2.44,1.94,6
9/23/2016 2:00,34965.08,12.22,3.37,0.89,3.02,2.11,6
9/23/2016 3:00,34965.13,12.78,3.89,1.34,1.75,2.29,6
9/23/2016 4:00,34965.17,12.22,3.88,1.34,1.87,2.46,6
9/23/2016 5:00,34965.21,13.33,5.66,2.68,1.52,2.64,6
9/23/2016 6:00,34965.25,13.33,5.17,3.13,1.61,2.81,7
9/23/2016 7:00,34965.29,15,5.7,1.34,1.9,2.99,88
9/23/2016 8:00,34965.34,15.56,4.51,0.89,3.89,3.17,280
9/23/2016 9:00,34965.38,19.44,5.43,0.45,4.99,3.34,465
9/23/2016 10:00,34965.42,22.22,5.57,0.89,3.68,3.52,616
9/23/2016 11:00,34965.46,23.89,6.17,2.24,3.96,3.69,713
9/23/2016 12:00,34965.5,25.56,6.69,1.34,2.81,3.87,706
9/23/2016 13:00,34965.55,27.78,7.62,0.89,1.73,0,731
9/23/2016 14:00,34965.59,28.89,7.5,1.34,4.08,0,684
9/23/2016 15:00,34965.63,28.89,5.73,1.79,3.86,0.05,557
9/23/2016 16:00,34965.67,28.89,5.09,0.89,5.48,0.11,393
9/23/2016 17:00,34965.71,27.78,4.15,1.79,4.78,0.16,208
9/23/2016 18:00,34965.76,22.78,1.13,0.89,3.46,0.22,43
9/23/2016 19:00,34965.8,20.56,0.33,0.45,5.6,0.27,5
9/23/2016 20:00,34965.84,21.11,1.84,1.34,1.94,0.33,5
9/23/2016 21:00,34965.88,20,3.6,0.89,6.16,0.38,5
9/23/2016 22:00,34965.92,19.44,3.11,1.34,1.08,0.44,5
9/23/2016 23:00,34965.97,14.44,2.25,0.89,4.64,1.58,6
9/24/2016 0:00,34966,17.22,2.7,0.89,2.13,0.55,6
9/24/2016 1:00,34966.04,16.11,3.11,3.13,1.71,0.6,6
9/24/2016 2:00,34966.08,16.11,4.41,2.68,1.87,0.65,6
9/24/2016 3:00,34966.13,16.11,4.72,3.13,1.64,0.71,6
9/24/2016 4:00,34966.17,15,3.7,1.79,1.8,0.76,6
9/24/2016 5:00,34966.21,15,4.58,2.24,1.92,0.82,6
9/24/2016 6:00,34966.25,15.56,5.1,2.24,1.64,0.87,7
9/24/2016 7:00,34966.29,17.78,6.25,0.89,1.97,0.93,86
9/24/2016 8:00,34966.34,22.22,5.99,1.79,2.51,0.98,275
9/24/2016 9:00,34966.38,23.33,5.22,0.45,4.01,1.04,458
9/24/2016 10:00,34966.42,24.44,5.23,2.24,2.88,1.09,610
9/24/2016 11:00,34966.46,27.22,6.07,1.34,4.29,1.15,717
9/24/2016 12:00,34966.5,28.89,5.73,1.34,4.1,1.2,771
9/24/2016 13:00,34966.55,30,3.94,0.45,4.14,0,766
9/24/2016 14:00,34966.59,32.78,5.48,2.68,5.85,0,695
9/24/2016 15:00,34966.63,33.89,6.4,0.89,4.35,0.05,565
9/24/2016 16:00,34966.67,32.78,5.48,0.89,3.68,0.09,399
9/24/2016 17:00,34966.71,31.67,5.33,0.45,3.37,0.14,211
9/24/2016 18:00,34966.76,26.11,3.37,0.45,4.71,0.19,45
9/24/2016 19:00,34966.8,23.33,2.72,0.89,6.06,0.24,5
9/24/2016 20:00,34966.84,22.22,6.4,1.34,6.16,0.28,5
9/24/2016 21:00,34966.88,21.67,4.65,1.79,1.48,0.33,5
9/24/2016 22:00,34966.92,21.11,5.41,1.79,1.68,0.38,5
9/24/2016 23:00,34966.97,17.22,1.94,1.79,1.73,0.49,6
9/25/2016 0:00,34967,20,5.93,3.58,1.52,0.47,5
9/25/2016 1:00,34967.04,20,5.19,4.92,1.64,0.52,5
9/25/2016 2:00,34967.08,20,5.19,3.58,1.75,0.56,5
9/25/2016 3:00,34967.13,18.89,4.93,4.02,1.73,0.61,5
9/25/2016 4:00,34967.17,19.44,5.43,4.02,1.87,0.66,6
9/25/2016 5:00,34967.21,17.78,4.62,3.58,1.69,0.71,6
9/25/2016 6:00,34967.25,17.78,4.96,1.79,1.38,0.75,7
9/25/2016 7:00,34967.29,19.44,6.14,2.68,1.66,0.8,87
9/25/2016 8:00,34967.34,21.67,6.69,1.34,1.97,0.85,276
9/25/2016 9:00,34967.38,25,7.14,1.34,1.01,0.89,457
9/25/2016 10:00,34967.42,31.11,8.24,1.79,2.51,0.94,611
9/25/2016 11:00,34967.46,33.33,7.46,0.89,4.33,0.99,719
9/25/2016 12:00,34967.5,34.44,6.85,0.45,2.08,1.04,769
9/25/2016 13:00,34967.55,36.67,6.05,0.89,4.26,0,759
9/25/2016 14:00,34967.59,37.78,4.91,0.45,2.08,0,690
9/25/2016 15:00,34967.63,39.44,5.1,0.89,4.54,0.1,567
9/25/2016 16:00,34967.67,38.89,5.8,0.89,4.94,0.21,397
9/25/2016 17:00,34967.71,36.67,5.07,0.89,4.31,0.31,207
9/25/2016 18:00,34967.76,31.11,3.3,0.89,4.07,0.42,42
9/25/2016 19:00,34967.8,28.89,4.43,1.34,0.63,0.52,5
9/25/2016 20:00,34967.84,26.67,4.45,1.34,0.99,0.63,5
9/25/2016 21:00,34967.88,26.11,5.11,2.68,1.33,0.73,5
9/25/2016 22:00,34967.92,23.89,3.73,3.13,1.27,0.84,5
9/25/2016 23:00,34967.97,20.56,5.69,3.13,1.76,0.42,5
9/26/2016 0:00,34968,23.33,4.27,3.58,1.73,1.04,5
9/26/2016 1:00,34968.04,23.33,3.77,4.02,1.5,1.15,5
9/26/2016 2:00,34968.08,23.33,4.27,4.47,1.54,1.25,5
9/26/2016 3:00,34968.13,23.33,3.77,4.47,1.33,1.36,5
9/26/2016 4:00,34968.17,22.78,3.29,3.13,1.66,1.46,5
9/26/2016 5:00,34968.21,22.78,3.29,4.02,1.69,1.57,5
9/26/2016 6:00,34968.25,23.33,2.72,1.79,1.01,1.67,7
9/26/2016 7:00,34968.29,23.33,3.25,2.24,1.71,1.78,77
9/26/2016 8:00,34968.34,27.78,6.55,0.89,5.24,1.88,246
9/26/2016 9:00,34968.38,29.44,5.56,0.89,5.1,1.99,426
9/26/2016 10:00,34968.42,34.44,7.64,0.45,1.31,2.09,581
9/26/2016 11:00,34968.46,33.89,4.71,0.89,3.75,2.19,690
9/26/2016 12:00,34968.5,36.67,5.07,0.45,5.04,2.3,744
9/26/2016 13:00,34968.55,38.33,7.4,0.45,3.87,0,737
9/26/2016 14:00,34968.59,38.33,5.36,1.34,4.07,0,671
9/26/2016 15:00,34968.63,38.89,4.66,3.13,4.35,0.12,548
9/26/2016 16:00,34968.67,37.78,4.91,0.89,4.5,0.23,377
9/26/2016 17:00,34968.71,36.11,5.6,0.45,5.97,0.35,182
9/26/2016 18:00,34968.76,31.11,3.3,0.89,4.69,0.46,32
9/26/2016 19:00,34968.8,30.56,5.13,0.45,0.89,0.58,5
9/26/2016 20:00,34968.84,27.22,7.14,1.79,0.93,0.7,5
9/26/2016 21:00,34968.88,26.67,4.45,3.13,1.45,0.81,5
9/26/2016 22:00,34968.92,25,4.16,2.24,1.26,0.93,5
9/26/2016 23:00,34968.97,23.89,4.75,3.13,1.48,0.94,5
9/27/2016 0:00,34969,24.44,5.23,2.24,1.12,1.16,5
9/27/2016 1:00,34969.04,22.78,4.73,2.24,1.54,1.28,5
9/27/2016 2:00,34969.08,24.44,4.73,3.13,1.57,1.39,5
9/27/2016 3:00,34969.13,23.89,3.73,2.24,1.69,1.51,5
9/27/2016 4:00,34969.17,22.78,4.26,3.13,1.64,1.63,5
9/27/2016 5:00,34969.21,22.78,3.78,2.68,1.61,1.74,5
9/27/2016 6:00,34969.25,22.22,3.78,2.68,1.76,1.86,7
9/27/2016 7:00,34969.29,23.33,4.27,2.24,1.54,1.97,69
9/27/2016 8:00,34969.34,26.67,7.17,1.79,0.89,2.09,240
9/27/2016 9:00,34969.38,30,6.67,1.34,6.13,2.21,421
9/27/2016 10:00,34969.42,35,7.31,0.45,4.85,2.32,574
9/27/2016 11:00,34969.46,35,5.62,0.45,4.1,2.44,681
9/27/2016 12:00,34969.5,35.56,5.15,1.34,3.8,2.55,734
9/27/2016 13:00,34969.55,38.89,5.8,0.45,5.04,0,728
9/27/2016 14:00,34969.59,38.89,5.8,0.45,2.15,0,662
9/27/2016 15:00,34969.63,40,4.31,0.45,6.21,0.12,543
9/27/2016 16:00,34969.67,39.44,3.88,0.89,3.98,0.24,380
9/27/2016 17:00,34969.71,37.22,3.35,0.89,4.83,0.37,197
9/27/2016 18:00,34969.76,30.56,0.16,0.45,3.89,0.49,38
9/27/2016 19:00,34969.8,29.44,2.72,0.89,0.52,0.61,5
9/27/2016 20:00,34969.84,28.33,3.96,1.79,1.13,0.73,5
9/27/2016 21:00,34969.88,27.22,4.31,3.13,1.57,0.85,5
9/27/2016 22:00,34969.92,25.56,2.9,3.13,1.59,0.97,5
9/27/2016 23:00,34969.97,25.56,5.17,2.68,1.1,1.04,5
9/28/2016 0:00,34970,24.44,4.73,2.24,1.26,1.22,5
9/28/2016 1:00,34970.04,24.44,4.21,1.79,1.55,1.34,5
9/28/2016 2:00,34970.08,23.33,3.77,1.79,1.55,1.46,5
9/28/2016 3:00,34970.13,22.78,3.29,2.24,1.27,1.58,5
9/28/2016 4:00,34970.17,22.22,3.78,1.79,1.55,1.7,5
9/28/2016 5:00,34970.21,22.78,5.63,2.24,1.08,1.83,5
9/28/2016 6:00,34970.25,22.22,5.57,3.58,1.38,1.95,6
9/28/2016 7:00,34970.29,24.44,3.68,1.79,1.71,2.07,69
9/28/2016 8:00,34970.34,27.78,5.98,1.79,1.01,2.19,237
9/28/2016 9:00,34970.38,30.56,6.5,0.89,3.3,2.31,416
9/28/2016 10:00,34970.42,34.44,6.03,0.45,3.77,2.43,568
9/28/2016 11:00,34970.46,34.44,4.25,3.58,3.86,2.56,675
9/28/2016 12:00,34970.5,36.11,4.63,0.45,3.96,2.68,727
9/28/2016 13:00,34970.55,39.44,5.1,0.45,4.1,0,718
9/28/2016 14:00,34970.59,39.44,5.1,0.89,3.8,0,652
9/28/2016 15:00,34970.63,37.78,2.57,0.89,3.51,0.14,533
9/28/2016 16:00,34970.67,37.78,2.57,1.34,3.72,0.29,372
9/28/2016 17:00,34970.71,37.22,3.35,0.89,4.17,0.43,196
9/28/2016 18:00,34970.76,32.78,0.93,0.45,4.33,0.57,37
9/28/2016 19:00,34970.8,30,3.18,0.45,4.94,0.71,5
9/28/2016 20:00,34970.84,27.78,4.15,1.79,0.28,0.86,5
9/28/2016 21:00,34970.88,27.22,2.35,2.24,2.08,1,5
9/28/2016 22:00,34970.92,26.67,3.22,2.24,2.55,1.14,5
9/28/2016 23:00,34970.97,25,3.02,0.89,3.35,1.1,5
9/29/2016 0:00,34971,27.22,4.31,1.34,0.82,1.43,5
9/29/2016 1:00,34971.04,26.11,5.11,4.92,1.4,1.57,5
9/29/2016 2:00,34971.08,25.56,4.63,1.79,1.34,1.71,5
9/29/2016 3:00,34971.13,21.67,3.76,1.79,4.59,1.85,5
9/29/2016 4:00,34971.17,21.67,4.21,0.89,0.89,2,5
9/29/2016 5:00,34971.21,22.22,5.57,1.34,6.14,2.14,5
9/29/2016 6:00,34971.25,21.67,7.44,1.79,1.2,2.28,6
9/29/2016 7:00,34971.29,22.78,6.06,2.24,1.68,2.42,58
9/29/2016 8:00,34971.34,29.44,7.98,1.79,2.2,2.57,218
9/29/2016 9:00,34971.38,32.78,6.99,0.89,4.66,2.71,393
9/29/2016 10:00,34971.42,33.33,4.26,0.89,3.11,2.85,550
9/29/2016 11:00,34971.46,35,6.49,0.89,3.8,2.99,659
9/29/2016 12:00,34971.5,35,7.31,3.13,3.82,3.14,710
9/29/2016 13:00,34971.55,36.67,7.86,1.34,5.06,0.37,703
9/29/2016 14:00,34971.59,36.67,6.05,1.34,4.15,0,637
9/29/2016 15:00,34971.63,37.22,4.47,0.89,3.93,0.14,524
9/29/2016 16:00,34971.67,37.78,3.79,0.89,4.85,0.27,364
9/29/2016 17:00,34971.71,35.56,3.14,0.45,4.33,0.41,185
9/29/2016 18:00,34971.76,30,3.18,0.45,4.24,0.55,31
9/29/2016 19:00,34971.8,27.22,3.69,1.79,5.81,0.68,5
9/29/2016 20:00,34971.84,28.33,5.26,1.34,0.3,0.82,5
9/29/2016 21:00,34971.88,25,5.21,1.34,1.36,0.96,5
9/29/2016 22:00,34971.92,24.44,6.66,2.24,1.22,1.09,5
9/29/2016 23:00,34971.97,27.78,4.15,3.13,2.13,1.28,5
9/30/2016 0:00,34972,22.78,5.19,2.24,1.69,1.37,5
9/30/2016 1:00,34972.04,21.11,4.16,1.79,1.55,1.51,5
9/30/2016 2:00,34972.08,20.56,4.51,2.68,1.52,1.64,5
9/30/2016 3:00,34972.13,20,4.01,1.34,1.55,1.78,5
9/30/2016 4:00,34972.17,20,4.81,2.24,1.45,1.92,5
9/30/2016 5:00,34972.21,19.44,4.69,1.79,1.45,2.05,5
9/30/2016 6:00,34972.25,19.44,3.92,0.45,4.28,2.19,6
9/30/2016 7:00,34972.29,21.67,5.49,1.34,2.29,2.33,66
9/30/2016 8:00,34972.34,20,4.81,1.34,4.15,2.46,225
9/30/2016 9:00,34972.38,27.22,10,0.45,1.22,2.6,401
9/30/2016 10:00,34972.42,28.33,9.61,1.34,4.78,2.74,551
9/30/2016 11:00,34972.46,31.11,9.97,0.89,4.76,2.87,659
9/30/2016 12:00,34972.5,32.78,9.66,0.45,3.68,3.01,710
9/30/2016 13:00,34972.55,34.44,9.79,1.79,5.34,0,704
9/30/2016 14:00,34972.59,35,7.31,0.89,4.14,0,640
9/30/2016 15:00,34972.63,34.44,6.03,0.89,3.84,0.13,526
9/30/2016 16:00,34972.67,33.33,5.12,1.79,3.6,0.26,363
9/30/2016 17:00,34972.71,31.11,3.3,0.89,4.19,0.39,185
9/30/2016 18:00,34972.76,25,1.16,1.34,5.93,0.52,30
9/30/2016 19:00,34972.8,22.78,1.13,0.45,4.8,0.65,5
9/30/2016 20:00,34972.84,20,2.3,0.45,4.54,0.78,5
9/30/2016 21:00,34972.88,17.78,2.04,1.79,4.68,0.92,5
9/30/2016 22:00,34972.92,16.11,2.06,1.34,4.28,1.05,6
9/30/2016 23:00,34972.97,23.89,5.24,2.68,1.8,1.23,5
10/1/2016 0:00,34973,14.44,3.49,0.45,3.51,1.31,6
10/1/2016 1:00,34973.04,12.78,2.81,0.89,4.54,1.44,6
10/1/2016 2:00,34973.08,12.78,3.62,0.45,4.36,1.57,6
10/1/2016 3:00,34973.13,12.22,3.88,0.89,3.7,1.7,6
10/1/2016 4:00,34973.17,11.67,4.09,0.45,4.03,1.83,6
10/1/2016 5:00,34973.21,12.22,4.85,0.45,3.93,1.96,6
10/1/2016 6:00,34973.25,11.11,4.03,0.89,4.03,2.09,7
10/1/2016 7:00,34973.29,12.78,5.61,0.45,4.63,2.22,60
10/1/2016 8:00,34973.34,16.11,6.73,0.89,1.2,2.35,224
10/1/2016 9:00,34973.38,18.89,6.96,2.24,3.77,2.48,400
10/1/2016 10:00,34973.42,21.67,7.44,2.24,3.54,2.62,552
10/1/2016 11:00,34973.46,21.67,6.3,1.34,3.65,2.75,657
10/1/2016 12:00,34973.5,25,7.59,0.45,6.16,2.88,710
10/1/2016 13:00,34973.55,27.22,8.15,1.79,5.08,0,705
10/1/2016 14:00,34973.59,28.33,7.02,0.45,3.58,0,640
10/1/2016 15:00,34973.63,27.78,5.39,1.79,4.54,0.1,519
10/1/2016 16:00,34973.67,27.78,4.79,1.79,4.66,0.2,356
10/1/2016 17:00,34973.71,25.56,2.28,0.89,4.69,0.31,176
10/1/2016 18:00,34973.76,21.11,-0.29,0.89,4.4,0.41,28
10/1/2016 19:00,34973.8,19.44,-0.62,1.34,4.73,0.51,5
10/1/2016 20:00,34973.84,17.78,-1.05,0.89,4.9,0.61,5
10/1/2016 21:00,34973.88,16.11,-1.56,0.45,5.08,0.71,6
10/1/2016 22:00,34973.92,16.11,-0.26,0.45,2.29,0.81,6
10/1/2016 23:00,34973.97,15.56,3.27,1.34,4.82,1.18,6
10/2/2016 0:00,34974,15,0.33,0.45,3.35,1.02,6
10/2/2016 1:00,34974.04,14.44,1.26,0.89,4.4,1.12,6
10/2/2016 2:00,34974.08,13.89,2.97,0.89,1.31,1.22,6
10/2/2016 3:00,34974.13,13.89,3.84,1.79,1.76,1.32,6
10/2/2016 4:00,34974.17,12.78,2.53,1.34,4.49,1.42,6
10/2/2016 5:00,34974.21,12.22,2.57,1.79,1.85,1.53,6
10/2/2016 6:00,34974.25,13.33,4.4,2.68,1.64,1.63,7
10/2/2016 7:00,34974.29,11.67,2.32,0.89,4.24,1.73,62
10/2/2016 8:00,34974.34,15,2.76,1.34,4.4,1.83,236
10/2/2016 9:00,34974.38,18.33,4.06,1.34,4.49,1.93,415
10/2/2016 10:00,34974.42,21.11,5,2.24,4.71,2.03,567
10/2/2016 11:00,34974.46,22.22,4.7,1.79,5.67,2.14,671
10/2/2016 12:00,34974.5,23.33,3.77,2.24,4.76,2.24,722
10/2/2016 13:00,34974.55,24.44,3.68,4.02,5.83,0,712
10/2/2016 14:00,34974.59,25.56,3.5,2.68,5.62,0,645
10/2/2016 15:00,34974.63,25.56,2.9,1.34,5.13,0.38,526
10/2/2016 16:00,34974.67,23.89,2.65,1.34,2.91,0.75,367
10/2/2016 17:00,34974.71,22.78,3.29,2.24,5.43,1.13,185
10/2/2016 18:00,34974.76,18.89,3.02,4.02,5.81,1.51,26
10/2/2016 19:00,34974.8,17.78,3.93,1.34,5.69,1.88,5
10/2/2016 20:00,34974.84,16.11,4.09,0.45,5.2,2.26,6
10/2/2016 21:00,34974.88,15.56,4.51,1.34,5.76,2.64,6
10/2/2016 22:00,34974.92,14.44,3.19,4.47,5.72,3.01,6
10/2/2016 23:00,34974.97,15.56,0.45,1.34,4.1,0.92,6
10/3/2016 0:00,34975,12.22,3.1,0.45,4.83,3.77,6
10/3/2016 1:00,34975.04,11.11,3.08,0.45,4.54,4.14,6
10/3/2016 2:00,34975.08,11.67,4.33,1.34,5.65,4.52,6
10/3/2016 3:00,34975.13,12.78,5.38,1.79,0.4,4.9,6
10/3/2016 4:00,34975.17,10.56,3.04,0.45,3.86,5.27,6
10/3/2016 5:00,34975.21,12.22,4.13,2.24,0.12,5.65,6
10/3/2016 6:00,34975.25,11.11,4.26,0.89,4.99,6.03,7
10/3/2016 7:00,34975.29,13.33,5.17,2.24,0.21,6.4,61
10/3/2016 8:00,34975.34,16.11,5.9,1.34,5.85,6.78,219
10/3/2016 9:00,34975.38,19.44,7.78,0.45,4.68,7.16,371
10/3/2016 10:00,34975.42,20,6.98,1.34,3.96,7.53,425
10/3/2016 11:00,34975.46,20.56,6.43,1.34,4.21,7.91,325
10/3/2016 12:00,34975.5,20.56,5.3,2.24,4.89,8.29,411
10/3/2016 13:00,34975.55,20,4.41,0.89,3.77,7.81,415
10/3/2016 14:00,34975.59,20.56,4.51,1.34,4.43,8.68,296
10/3/2016 15:00,34975.63,22.78,4.73,1.34,4.64,8.34,342
10/3/2016 16:00,34975.67,20.56,2.32,1.79,4.54,8.01,258
10/3/2016 17:00,34975.71,19.44,2.69,2.24,4.71,7.67,81
10/3/2016 18:00,34975.76,18.33,2.53,2.24,5.93,7.34,17
10/3/2016 19:00,34975.8,16.11,1.33,0.89,5.18,7,6
10/3/2016 20:00,34975.84,15.56,1.56,0.45,1.06,6.67,6
10/3/2016 21:00,34975.88,15,3.7,0.89,0.72,6.33,6
10/3/2016 22:00,34975.92,15,3.39,0.89,1.06,5.99,6
10/3/2016 23:00,34975.97,14.44,4.35,3.13,5.81,3.39,6
10/4/2016 0:00,34976,13.89,4.39,3.13,1.47,5.32,6
10/4/2016 1:00,34976.04,13.33,4.66,3.13,1.61,4.99,6
10/4/2016 2:00,34976.08,13.33,4.92,3.13,1.82,4.65,6
10/4/2016 3:00,34976.13,13.33,5.17,3.13,1.27,4.31,6
10/4/2016 4:00,34976.17,10.56,2.06,1.34,4.66,3.98,6
10/4/2016 5:00,34976.21,10,2.98,0.45,5.45,3.64,6
10/4/2016 6:00,34976.25,10,3.21,1.79,2.22,3.31,7
10/4/2016 7:00,34976.29,11.67,4.56,2.24,1.85,2.97,61
10/4/2016 8:00,34976.34,15.56,6.48,0.89,4.52,2.64,247
10/4/2016 9:00,34976.38,18.33,6.45,0.45,4.22,2.3,424
10/4/2016 10:00,34976.42,20,5.57,1.79,4.64,1.96,575
10/4/2016 11:00,34976.46,22.78,6.06,1.79,5.22,1.63,680
10/4/2016 12:00,34976.5,23.33,5.68,3.13,5.9,1.29,730
10/4/2016 13:00,34976.55,25.56,6.69,0.89,4.69,0,717
10/4/2016 14:00,34976.59,26.67,5.59,1.34,3.54,0,649
10/4/2016 15:00,34976.63,25.56,4.63,1.34,4.85,0.05,524
10/4/2016 16:00,34976.67,25.56,5.7,1.34,4.71,0.09,354
10/4/2016 17:00,34976.71,23.33,6.12,2.24,4.92,0.14,169
10/4/2016 18:00,34976.76,19.44,4.69,0.89,6.16,0.18,22
10/4/2016 19:00,34976.8,17.22,4.79,1.79,5.57,0.23,5
10/4/2016 20:00,34976.84,17.78,5.94,2.24,5.85,0.27,6
10/4/2016 21:00,34976.88,15,4.29,0.45,4.66,0.32,6
10/4/2016 22:00,34976.92,15,5.15,0,0.02,0.37,6
10/4/2016 23:00,34976.97,14.44,4.07,2.24,1.83,5.66,6
10/5/2016 0:00,34977,13.33,5.42,1.79,0.86,0.46,6
10/5/2016 1:00,34977.04,13.89,6.67,1.79,1.41,0.5,6
10/5/2016 2:00,34977.08,12.78,6.08,1.79,1.47,0.55,6
10/5/2016 3:00,34977.13,11.67,5.02,3.13,1.87,0.6,6
10/5/2016 4:00,34977.17,12.22,5.77,2.24,1.75,0.64,6
10/5/2016 5:00,34977.21,11.11,4.49,2.68,1.82,0.69,6
10/5/2016 6:00,34977.25,11.11,4.72,3.13,1.94,0.73,7
10/5/2016 7:00,34977.29,12.78,5.61,1.79,1.88,0.78,59
10/5/2016 8:00,34977.34,13.33,5.66,0.89,4.12,0.82,247
10/5/2016 9:00,34977.38,16.67,6.13,0.45,3.82,0.87,428
10/5/2016 10:00,34977.42,20.56,7.49,1.34,3.72,0.92,577
10/5/2016 11:00,34977.46,21.67,7.07,0.89,3.58,0.96,680
10/5/2016 12:00,34977.5,24.44,8.38,1.34,4.9,1.01,729
10/5/2016 13:00,34977.55,25.56,7.17,1.34,4.63,0,717
10/5/2016 14:00,34977.59,26.67,5.59,1.34,4.63,0,648
10/5/2016 15:00,34977.63,27.22,4.92,1.79,4.07,0.06,524
10/5/2016 16:00,34977.67,25,3.6,5.81,5.86,0.12,354
10/5/2016 17:00,34977.71,22.78,2.24,5.81,5.83,0.18,167
10/5/2016 18:00,34977.76,18.89,-0.09,2.68,5.01,0.25,21
10/5/2016 19:00,34977.8,16.67,-0.63,0.45,4.33,0.31,5
10/5/2016 20:00,34977.84,17.22,0.72,0,4.5,0.37,6
10/5/2016 21:00,34977.88,16.67,0.65,0.45,4.69,0.43,6
10/5/2016 22:00,34977.92,15,-0.43,0.89,3.89,0.49,6
10/5/2016 23:00,34977.97,13.33,4.14,1.79,4.73,0.41,6
10/6/2016 0:00,34978,13.89,1.42,2.24,2.16,0.61,6
10/6/2016 1:00,34978.04,13.33,1.86,2.68,1.52,0.68,6
10/6/2016 2:00,34978.08,13.89,3.84,2.68,1.52,0.74,6
10/6/2016 3:00,34978.13,12.22,2.29,2.68,1.78,0.8,6
10/6/2016 4:00,34978.17,12.78,3.62,3.13,1.85,0.86,6
10/6/2016 5:00,34978.21,12.22,2.57,1.34,2.62,0.92,6
10/6/2016 6:00,34978.25,11.11,2.33,2.24,1.94,0.98,7
10/6/2016 7:00,34978.29,12.78,3.62,2.24,1.85,1.04,58
10/6/2016 8:00,34978.34,16.67,5.83,0.89,4.76,1.11,240
10/6/2016 9:00,34978.38,21.11,6.57,0.89,2.37,1.17,418
10/6/2016 10:00,34978.42,21.67,5.08,1.34,3.47,1.23,571
10/6/2016 11:00,34978.46,23.33,5.22,1.79,3.93,1.29,672
10/6/2016 12:00,34978.5,25.56,5.7,1.79,4.45,1.35,721
10/6/2016 13:00,34978.55,27.22,4.92,1.79,4.66,0,709
10/6/2016 14:00,34978.59,29.44,5.56,0.89,3.86,0,635
10/6/2016 15:00,34978.63,29.44,5.56,1.34,4.49,0.23,509
10/6/2016 16:00,34978.67,27.78,4.15,0.89,4.96,0.47,342
10/6/2016 17:00,34978.71,25,3.02,0.89,4.52,0.7,155
10/6/2016 18:00,34978.76,20,1.84,0.45,0.31,0.93,19
10/6/2016 19:00,34978.8,19.44,2.69,0.45,5.85,1.17,5
10/6/2016 20:00,34978.84,18.89,4.19,1.34,0.79,1.4,6
10/6/2016 21:00,34978.88,18.33,4.06,1.79,1.64,1.63,6
10/6/2016 22:00,34978.92,17.22,4.12,2.68,1.4,1.87,6
10/6/2016 23:00,34978.97,14.44,0.2,1.34,3.91,0.55,6
10/7/2016 0:00,34979,16.11,3.77,2.24,1.87,2.34,6
10/7/2016 1:00,34979.04,15,3.08,3.13,1.38,2.57,6
10/7/2016 2:00,34979.08,15.56,3.59,3.13,1.64,2.8,6
10/7/2016 3:00,34979.13,13.89,2.97,3.13,1.59,3.04,6
10/7/2016 4:00,34979.17,15,3.7,3.58,1.54,3.27,6
10/7/2016 5:00,34979.21,15,3.39,1.79,1.48,3.5,6
10/7/2016 6:00,34979.25,14.44,2.88,0.89,1.1,3.74,6
10/7/2016 7:00,34979.29,13.89,2.97,3.13,1.76,3.97,55
10/7/2016 8:00,34979.34,17.78,5.62,1.34,1.2,4.2,213
10/7/2016 9:00,34979.38,21.11,6.19,0.89,0.21,4.44,384
10/7/2016 10:00,34979.42,25.56,6.69,1.34,4.1,4.67,517
10/7/2016 11:00,34979.46,26.67,6.13,0.89,4.12,4.9,585
10/7/2016 12:00,34979.5,27.78,5.98,1.34,4.82,5.14,601
10/7/2016 13:00,34979.55,28.89,5.73,0.89,4.38,5.39,544
10/7/2016 14:00,34979.59,29.44,5.56,0.89,3.63,0,568
10/7/2016 15:00,34979.63,29.44,4.2,1.34,4.87,0.05,444
10/7/2016 16:00,34979.67,28.33,3.28,0.89,3.68,0.1,302
10/7/2016 17:00,34979.71,26.11,3.37,0.89,4.21,0.14,114
10/7/2016 18:00,34979.76,22.22,2.29,0.45,5.11,0.19,17
10/7/2016 19:00,34979.8,22.22,4.7,0.89,1.03,0.24,5
10/7/2016 20:00,34979.84,19.44,5.79,1.34,1.48,0.29,5
10/7/2016 21:00,34979.88,18.89,4.19,2.68,1.57,0.34,5
10/7/2016 22:00,34979.92,18.89,4.56,2.24,1.29,0.39,6
10/7/2016 23:00,34979.97,16.11,3.45,2.68,1.61,2.1,6
10/8/2016 0:00,34980,17.22,2.32,2.68,1.78,0.48,6
10/8/2016 1:00,34980.04,16.11,3.45,2.68,1.87,0.53,6
10/8/2016 2:00,34980.08,16.11,2.42,4.47,1.47,0.58,6
10/8/2016 3:00,34980.13,16.67,2.92,4.02,1.85,0.63,6
10/8/2016 4:00,34980.17,16.11,1.33,4.02,1.62,0.67,6
10/8/2016 5:00,34980.21,17.22,1.54,1.79,2.2,0.72,6
10/8/2016 6:00,34980.25,15,1.06,1.34,1.13,0.77,6
10/8/2016 7:00,34980.29,16.11,0.95,0.89,1.57,0.82,47
10/8/2016 8:00,34980.34,18.89,3.81,0.89,1.38,0.87,224
10/8/2016 9:00,34980.38,22.22,5.57,1.34,0.93,0.92,430
10/8/2016 10:00,34980.42,28.33,7.02,1.79,4.56,0.96,577
10/8/2016 11:00,34980.46,28.89,6.34,0.89,4,1.01,670
10/8/2016 12:00,34980.5,30,5.36,0.89,3.72,1.06,716
10/8/2016 13:00,34980.55,32.78,5.48,0.45,0.54,0,704
10/8/2016 14:00,34980.59,32.78,5.48,1.34,1.13,0,631
10/8/2016 15:00,34980.63,35.56,6.95,0.89,4.66,0,507
10/8/2016 16:00,34980.67,35,3.73,1.34,4.1,0.01,341
10/8/2016 17:00,34980.71,32.22,1.5,0.45,3.87,0.01,157
10/8/2016 18:00,34980.76,25.56,-0.49,0.45,5.57,0.02,17
10/8/2016 19:00,34980.8,25,1.81,1.34,6.2,0.02,5
10/8/2016 20:00,34980.84,23.33,2.72,2.68,1.31,0.03,5
10/8/2016 21:00,34980.88,22.22,1.77,3.13,1.4,0.03,5
10/8/2016 22:00,34980.92,20.56,-0.21,3.13,1.61,0.04,5
10/8/2016 23:00,34980.97,17.22,3.42,3.13,1.26,0.43,6
10/9/2016 0:00,34981,21.11,-1.48,1.79,2.06,0.05,5
10/9/2016 1:00,34981.04,18.89,1.32,4.02,1.26,0.05,6
10/9/2016 2:00,34981.08,20,-1.82,1.79,2.08,0.06,6
10/9/2016 3:00,34981.13,18.89,-0.09,4.02,1.59,0.06,6
10/9/2016 4:00,34981.17,20,-0.68,3.58,1.22,0.07,5
10/9/2016 5:00,34981.21,20.56,-1.35,3.13,1.54,0.07,5
10/9/2016 6:00,34981.25,19.44,-2.29,1.79,4.24,0.08,6
10/9/2016 7:00,34981.29,18.89,0.4,0.89,0.98,0.08,54
10/9/2016 8:00,34981.34,20.56,2.78,1.34,1.92,0.09,234
10/9/2016 9:00,34981.38,26.11,5.65,0.45,5.64,0.09,411
10/9/2016 10:00,34981.42,30,4.67,1.34,6.2,0.1,563
10/9/2016 11:00,34981.46,30.56,3.64,1.34,4.54,0.1,667
10/9/2016 12:00,34981.5,33.33,3.35,0.89,3.61,0.11,717
10/9/2016 13:00,34981.55,35,2.7,1.34,3.77,0,706
10/9/2016 14:00,34981.59,36.67,2.91,0.89,4.01,0,634
10/9/2016 15:00,34981.63,37.22,2.14,0.45,4.15,0,510
10/9/2016 16:00,34981.67,34.44,1.15,0.45,3.49,0,298
10/9/2016 17:00,34981.71,32.78,0.93,0.45,4.64,0,137
10/9/2016 18:00,34981.76,26.67,-0.35,0.89,0.77,0,12
10/9/2016 19:00,34981.8,25.56,0.25,1.34,5.88,0,5
10/9/2016 20:00,34981.84,23.89,2.08,2.68,0.82,0,5
10/9/2016 21:00,34981.88,23.33,1.6,3.58,1.26,0,5
10/9/2016 22:00,34981.92,21.67,0.74,4.02,1.52,0,5
10/9/2016 23:00,34981.97,21.11,0.27,3.58,1.33,0.04,5
10/10/2016 0:00,34982,19.44,-0.11,3.58,1.61,0,5
10/10/2016 1:00,34982.04,19.44,-1.16,0.89,1.95,0,6
10/10/2016 2:00,34982.08,18.89,1.76,1.34,1.03,0,5
10/10/2016 3:00,34982.13,17.78,-0.11,3.13,1.59,0,6
10/10/2016 4:00,34982.17,18.89,1.32,2.68,1.57,0,6
10/10/2016 5:00,34982.21,18.33,1.7,2.68,1.47,0,6
10/10/2016 6:00,34982.25,17.78,-0.57,2.24,1.55,0,6
10/10/2016 7:00,34982.29,17.22,1.54,1.79,1.34,0,44
10/10/2016 8:00,34982.34,19.44,2.69,1.34,1.26,0,165
10/10/2016 9:00,34982.38,21.67,3.29,0.45,4.54,0,266
10/10/2016 10:00,34982.42,27.78,4.79,1.34,5.69,0,505
10/10/2016 11:00,34982.46,30,3.94,0.89,2.58,0,697
10/10/2016 12:00,34982.5,31.11,4.87,0.45,3.53,0,716
10/10/2016 13:00,34982.55,32.78,4.66,1.79,3.53,0,690
10/10/2016 14:00,34982.59,33.33,5.12,1.34,3.79,4.71,472
10/10/2016 15:00,34982.63,32.78,2.9,2.24,3.91,4.59,451
10/10/2016 16:00,34982.67,30.56,2,0.89,3.87,4.47,188
10/10/2016 17:00,34982.71,26.11,2.1,0.89,4.49,4.35,69
10/10/2016 18:00,34982.76,25,3.6,1.79,1.24,4.23,10
10/10/2016 19:00,34982.8,23.89,2.65,3.58,1.59,4.11,5
10/10/2016 20:00,34982.84,22.22,2.8,1.79,1.66,3.99,5
10/10/2016 21:00,34982.88,21.67,2.32,2.24,2.11,3.87,5
10/10/2016 22:00,34982.92,20,3.6,2.24,1.22,3.75,5
10/10/2016 23:00,34982.97,21.67,0.74,2.24,1.31,0,5
10/11/2016 0:00,34983,18.89,2.2,0.89,3.7,3.51,5
10/11/2016 1:00,34983.04,17.78,3.2,0.89,1.61,3.39,6
10/11/2016 2:00,34983.08,15,2.1,0.89,4.64,3.27,6
10/11/2016 3:00,34983.13,15.56,5.1,3.13,1.52,3.15,6
10/11/2016 4:00,34983.17,15,3.08,1.34,4.59,3.03,6
10/11/2016 5:00,34983.21,13.89,2.37,0.89,4.9,2.91,6
10/11/2016 6:00,34983.25,15.56,5.38,1.34,0.59,2.78,6
10/11/2016 7:00,34983.29,13.33,2.46,0.89,4.49,2.66,53
10/11/2016 8:00,34983.34,15.56,4.21,1.34,4.42,2.54,223
10/11/2016 9:00,34983.38,20,6.29,1.34,4.63,2.42,395
10/11/2016 10:00,34983.42,22.78,7.29,0.89,3.87,2.3,543
10/11/2016 11:00,34983.46,25.56,8.09,1.34,3.61,2.18,644
10/11/2016 12:00,34983.5,28.33,8.62,0.89,4.61,2.06,689
10/11/2016 13:00,34983.55,28.89,8.59,0.45,5.95,0,661
10/11/2016 14:00,34983.59,30.56,8.36,0.89,4.35,0,579
10/11/2016 15:00,34983.63,30,7.88,0.89,3.28,0.12,413
10/11/2016 16:00,34983.67,28.89,6.93,1.34,4.56,0.25,313
10/11/2016 17:00,34983.71,25.56,7.17,1.79,4.83,0.37,128
10/11/2016 18:00,34983.76,20.56,5.69,0.45,2.62,0.5,15
10/11/2016 19:00,34983.8,19.44,6.14,0.45,4.56,0.62,5
10/11/2016 20:00,34983.84,17.78,5.62,0.89,4.75,0.75,5
10/11/2016 21:00,34983.88,18.33,6.76,0.45,6.23,0.87,6
10/11/2016 22:00,34983.92,17.78,6.56,1.34,1.9,1,6
10/11/2016 23:00,34983.97,20.56,4.09,3.13,1.62,3.63,6
10/12/2016 0:00,34984,15,6.48,0.89,1.78,1.25,6
10/12/2016 1:00,34984.04,15,6.74,0.45,1.83,1.37,6
10/12/2016 2:00,34984.08,15.56,6.75,1.34,1.68,1.49,6
10/12/2016 3:00,34984.13,14.44,6.22,2.24,1.82,1.62,6
10/12/2016 4:00,34984.17,15.56,6.48,3.13,1.5,1.74,6
10/12/2016 5:00,34984.21,15.56,5.94,2.24,1.34,1.87,6
10/12/2016 6:00,34984.25,15.56,5.67,2.24,1.71,1.99,6
10/12/2016 7:00,34984.29,13.33,4.66,1.34,4.69,2.12,52
10/12/2016 8:00,34984.34,16.67,6.7,0.89,4.01,2.24,255
10/12/2016 9:00,34984.38,21.11,9.63,0.45,1.69,2.37,293
10/12/2016 10:00,34984.42,22.78,10.52,1.34,4.01,2.49,394
10/12/2016 11:00,34984.46,24.44,10.31,0.89,4.17,2.62,573
10/12/2016 12:00,34984.5,27.22,11.27,1.34,4.59,2.74,670
10/12/2016 13:00,34984.55,29.44,11.06,1.34,4.75,0,666
10/12/2016 14:00,34984.59,31.11,9.97,0.89,4.36,0,567
10/12/2016 15:00,34984.63,29.44,7.98,0.89,4.73,0.2,455
10/12/2016 16:00,34984.67,27.78,7.09,0.45,1.64,0.4,253
10/12/2016 17:00,34984.71,26.11,6.69,0.89,4.54,0.6,136
10/12/2016 18:00,34984.76,21.67,5.08,0.45,4.03,0.8,15
10/12/2016 19:00,34984.8,20.56,5.3,0.45,4.19,1.01,5
10/12/2016 20:00,34984.84,20,7.65,1.79,0.03,1.21,5
10/12/2016 21:00,34984.88,18.89,7.88,1.79,1.45,1.41,5
10/12/2016 22:00,34984.92,18.33,6.45,2.24,1.48,1.61,6
10/12/2016 23:00,34984.97,17.22,6.93,0.89,4.38,1.12,6
10/13/2016 0:00,34985,17.78,5.94,1.79,1.64,2.01,6
10/13/2016 1:00,34985.04,17.22,6.93,2.24,1.69,2.21,6
10/13/2016 2:00,34985.08,16.11,5.9,1.79,1.27,2.41,6
10/13/2016 3:00,34985.13,15.56,5.67,3.58,1.5,2.62,6
10/13/2016 4:00,34985.17,15.56,5.94,2.24,1.73,2.82,6
10/13/2016 5:00,34985.21,16.11,5.9,3.58,1.45,3.02,6
10/13/2016 6:00,34985.25,15.56,4.81,1.79,2.13,3.22,6
10/13/2016 7:00,34985.29,15.56,5.67,2.24,1.69,3.42,47
10/13/2016 8:00,34985.34,17.78,7.15,0.45,3.58,3.62,153
10/13/2016 9:00,34985.38,20,8.29,0.89,6.16,3.82,241
10/13/2016 10:00,34985.42,22.78,8.8,0.45,5.86,4.02,400
10/13/2016 11:00,34985.46,25.56,9.37,0.45,0.45,4.22,555
10/13/2016 12:00,34985.5,26.67,9.51,1.79,0.35,4.43,611
10/13/2016 13:00,34985.55,28.89,8.59,1.79,4.73,5.2,532
10/13/2016 14:00,34985.59,28.89,8.05,0.89,4.19,4.66,463
10/13/2016 15:00,34985.63,27.22,6.61,1.34,4.82,4.88,322
10/13/2016 16:00,34985.67,26.67,6.66,0.89,4.78,5.1,207
10/13/2016 17:00,34985.71,24.44,6.66,0.45,4.94,5.32,72
10/13/2016 18:00,34985.76,21.67,6.3,0.89,1.19,5.54,10
10/13/2016 19:00,34985.8,21.11,6.93,1.34,0.77,5.76,5
10/13/2016 20:00,34985.84,20,5.93,0.45,3.39,5.97,5
10/13/2016 21:00,34985.88,18.89,6.63,1.79,1.08,6.19,5
10/13/2016 22:00,34985.92,18.89,6.96,2.68,1.33,6.41,6
10/13/2016 23:00,34985.97,18.89,6.63,1.79,1.61,1.81,6
10/14/2016 0:00,34986,17.78,6.86,2.24,1.66,6.85,6
10/14/2016 1:00,34986.04,16.67,6.41,3.13,1.62,7.07,6
10/14/2016 2:00,34986.08,17.22,6.93,3.58,1.48,7.29,6
10/14/2016 3:00,34986.13,17.22,6.64,3.58,1.94,7.5,6
10/14/2016 4:00,34986.17,16.11,5.61,0.89,3.47,7.72,6
10/14/2016 5:00,34986.21,15.56,5.1,1.34,1.47,7.94,6
10/14/2016 6:00,34986.25,16.67,6.13,2.24,1.5,8.16,6
10/14/2016 7:00,34986.29,17.22,6.64,2.24,1.26,8.38,55
10/14/2016 8:00,34986.34,19.44,7.47,0.45,1.43,8.6,152
10/14/2016 9:00,34986.38,21.67,8.5,1.34,1.17,8.82,262
10/14/2016 10:00,34986.42,22.78,9.51,0.45,4.73,9.04,243
10/14/2016 11:00,34986.46,24.44,9.57,0.89,5.85,9.25,243
10/14/2016 12:00,34986.5,24.44,9.57,0.45,5.59,9.47,290
10/14/2016 13:00,34986.55,25,9.68,1.79,1.29,9.08,298
10/14/2016 14:00,34986.59,26.67,9.94,0.45,2.51,5.95,412
10/14/2016 15:00,34986.63,24.44,7.54,0.45,4.8,5.75,152
10/14/2016 16:00,34986.67,23.89,7.88,0.45,5.83,5.55,69
10/14/2016 17:00,34986.71,21.67,7.07,0.45,5.31,5.35,23
10/14/2016 18:00,34986.76,21.67,7.8,1.79,1.13,5.15,6
10/14/2016 19:00,34986.8,21.67,7.8,2.24,1.85,4.95,5
10/14/2016 20:00,34986.84,22.22,9.01,1.34,1.34,4.75,5
10/14/2016 21:00,34986.88,21.11,6.57,0.45,5.86,4.55,5
10/14/2016 22:00,34986.92,21.11,7.3,1.79,1.15,4.35,5
10/14/2016 23:00,34986.97,18.33,7.37,3.13,1.4,6.63,6
10/15/2016 0:00,34987,21.11,8,0.89,4.26,3.94,5
10/15/2016 1:00,34987.04,20,6.64,1.79,2.04,3.74,5
10/15/2016 2:00,34987.08,20.56,9.12,0.45,4.19,3.54,5
10/15/2016 3:00,34987.13,18.33,8.53,1.34,3.75,3.34,5
10/15/2016 4:00,34987.17,16.67,9.3,0.89,3.53,3.14,6
10/15/2016 5:00,34987.21,15.56,9.18,2.24,2.16,2.94,6
10/15/2016 6:00,34987.25,16.11,10.38,2.24,2.22,2.74,6
10/15/2016 7:00,34987.29,17.22,10.3,2.68,2.48,2.54,31
10/15/2016 8:00,34987.34,19.44,10.92,2.68,2.64,2.34,116
10/15/2016 9:00,34987.38,22.78,12.08,2.24,2.36,2.14,224
10/15/2016 10:00,34987.42,25,12.56,1.34,4.19,1.94,462
10/15/2016 11:00,34987.46,26.67,13.4,1.79,2.71,1.74,529
10/15/2016 12:00,34987.5,27.22,13.19,2.68,4.03,1.54,681
10/15/2016 13:00,34987.55,27.22,13.19,1.79,3.47,3.58,584
10/15/2016 14:00,34987.59,28.33,13.07,2.24,3.67,0,560
10/15/2016 15:00,34987.63,27.78,11.77,0.89,2.57,0.45,421
10/15/2016 16:00,34987.67,25.56,12.04,4.47,3.79,0.9,291
10/15/2016 17:00,34987.71,22.78,12.38,1.34,4.64,1.35,56
10/15/2016 18:00,34987.76,23.33,13.76,0.89,3.75,1.8,7
10/15/2016 19:00,34987.8,22.22,12.72,0.89,3.25,2.25,5
10/15/2016 20:00,34987.84,22.22,13.27,1.79,3.58,2.7,5
10/15/2016 21:00,34987.88,20.56,12.23,1.34,2.97,3.15,5
10/15/2016 22:00,34987.92,21.11,13.26,0.45,3.94,3.6,5
10/15/2016 23:00,34987.97,21.11,7.3,0.89,4.47,4.14,5
10/16/2016 0:00,34988,20.56,13.47,2.24,2.53,4.5,5
10/16/2016 1:00,34988.04,19.44,12.42,0.89,2.71,4.95,5
10/16/2016 2:00,34988.08,20,13.18,1.79,2.48,5.4,6
10/16/2016 3:00,34988.13,18.89,12.36,0.89,0.1,5.85,6
10/16/2016 4:00,34988.17,18.89,12.36,4.02,2.44,6.3,6
10/16/2016 5:00,34988.21,19.44,12.66,1.34,3.44,6.75,6
10/16/2016 6:00,34988.25,17.78,11.53,3.58,2.69,7.2,6
10/16/2016 7:00,34988.29,18.33,12.29,0.89,1.47,7.65,16
10/16/2016 8:00,34988.34,20,13.42,1.34,3.51,8.1,98
10/16/2016 9:00,34988.38,21.11,13.01,0.89,5.85,8.55,149
10/16/2016 10:00,34988.42,22.78,13.24,1.79,4.45,9,243
10/16/2016 11:00,34988.46,22.78,11.78,2.68,3.86,9.46,327
10/16/2016 12:00,34988.5,22.78,12.08,2.24,4.1,9.91,249
10/16/2016 13:00,34988.55,25,12.56,4.02,3.61,8.25,353
10/16/2016 14:00,34988.59,24.44,10.67,4.92,3.54,6.5,382
10/16/2016 15:00,34988.63,23.89,10.17,1.34,2.32,6.41,250
10/16/2016 16:00,34988.67,23.89,9.44,1.34,3.44,6.31,232
10/16/2016 17:00,34988.71,21.67,8.15,1.79,4.14,6.21,90
10/16/2016 18:00,34988.76,21.11,8.99,2.68,3.75,6.11,9
10/16/2016 19:00,34988.8,20,8.91,3.58,3.75,6.01,5
10/16/2016 20:00,34988.84,18.89,10.14,1.79,3.04,5.91,5
10/16/2016 21:00,34988.88,18.89,11.16,1.79,3.84,5.81,5
10/16/2016 22:00,34988.92,17.78,10.83,1.34,4.4,5.71,5
10/16/2016 23:00,34988.97,20,12.21,1.79,3.14,4.05,5
10/17/2016 0:00,34989,17.22,11,0.89,2.97,5.51,6
10/17/2016 1:00,34989.04,16.11,10.81,0.45,3.09,5.41,6
10/17/2016 2:00,34989.08,16.11,11.02,0.89,5.65,5.31,6
10/17/2016 3:00,34989.13,16.11,12.05,1.79,6.11,5.21,6
10/17/2016 4:00,34989.17,15.56,11.7,2.24,1.34,5.11,4
10/17/2016 5:00,34989.21,15.56,11.7,3.13,1.1,5.01,4
10/17/2016 6:00,34989.25,15,10.77,2.24,0.56,4.92,7
10/17/2016 7:00,34989.29,15,10.57,1.79,0.47,4.82,27
10/17/2016 8:00,34989.34,17.78,11.98,3.13,5.95,4.72,198
10/17/2016 9:00,34989.38,20,12.95,1.34,5.03,4.62,375
10/17/2016 10:00,34989.42,20.56,12.48,1.34,5.45,4.52,519
10/17/2016 11:00,34989.46,21.3,11.49,2.24,5.54,4.42,559.67
10/17/2016 12:00,34989.5,22.04,10.5,3.13,5.63,4.32,600.33
10/17/2016 13:00,34989.55,22.78,9.51,4.02,5.72,0,641
10/17/2016 14:00,34989.59,25,9.68,0.89,4.61,0,577
10/17/2016 15:00,34989.63,25,8.88,0.89,5.01,0.08,455
10/17/2016 16:00,34989.67,23.33,7.39,1.79,5.32,0.16,292
10/17/2016 17:00,34989.71,20.56,6.79,4.02,4.9,0.23,114
10/17/2016 18:00,34989.76,16.67,5.53,2.24,5.59,0.31,9
10/17/2016 19:00,34989.8,16.11,5.61,1.34,5.76,0.39,6
10/17/2016 20:00,34989.84,15,5.43,0.45,1.69,0.47,6
10/17/2016 21:00,34989.88,13.89,5.44,0.89,0.93,0.55,6
10/17/2016 22:00,34989.92,12.78,5.14,0.45,4.82,0.62,6
10/17/2016 23:00,34989.97,18.33,11.83,0.89,2.34,5.61,6
10/18/2016 0:00,34990,11.11,4.94,0.45,4.08,0.78,6
10/18/2016 1:00,34990.04,11.11,5.58,0.89,5.9,0.86,6
10/18/2016 2:00,34990.08,12.22,7.07,0.89,3.32,0.93,6
10/18/2016 3:00,34990.13,11.11,6.6,0.89,2.25,1.01,6
10/18/2016 4:00,34990.17,10.56,6.26,0.89,1.29,1.09,7
10/18/2016 5:00,34990.21,11.11,6.8,0.45,2.97,1.17,7
10/18/2016 6:00,34990.25,9.44,5.38,0.45,3.98,1.25,7
10/18/2016 7:00,34990.29,11.11,7.19,0.89,1.9,1.32,43
10/18/2016 8:00,34990.34,11.11,6.8,0.89,4.35,1.4,205
10/18/2016 9:00,34990.38,16.11,9.71,0.45,1.94,1.48,377
10/18/2016 10:00,34990.42,18.89,10.4,0.89,4.59,1.56,525
10/18/2016 11:00,34990.46,20,10.08,0.89,0.21,1.64,624
10/18/2016 12:00,34990.5,21.11,9.94,2.24,1.22,1.71,666
10/18/2016 13:00,34990.55,23.89,9.44,3.58,5.57,0,653
10/18/2016 14:00,34990.59,23.89,7.47,2.68,5.74,0,582
10/18/2016 15:00,34990.63,23.89,7.05,2.24,5.25,0.12,456
10/18/2016 16:00,34990.67,23.33,6.98,0.45,6.13,0.23,289
10/18/2016 17:00,34990.71,21.67,5.9,1.34,4.33,0.35,113
10/18/2016 18:00,34990.76,17.22,3.42,0.89,3.89,0.47,9
10/18/2016 19:00,34990.8,16.67,4.6,1.34,5.29,0.58,6
10/18/2016 20:00,34990.84,15,4,1.79,4.66,0.7,6
10/18/2016 21:00,34990.88,13.33,3.6,0.89,4.99,0.81,6
10/18/2016 22:00,34990.92,12.78,3.62,0.45,2.64,0.93,6
10/18/2016 23:00,34990.97,12.22,5.77,1.79,4.61,0.7,6
10/19/2016 0:00,34991,11.11,3.56,0.45,2.74,1.16,6
10/19/2016 1:00,34991.04,11.67,5.02,2.68,1.57,1.28,6
10/19/2016 2:00,34991.08,12.22,4.85,1.34,4.22,1.4,6
10/19/2016 3:00,34991.13,10.56,5.05,0.45,3.32,1.51,6
10/19/2016 4:00,34991.17,9.44,4.39,0.45,1.54,1.63,7
10/19/2016 5:00,34991.21,11.11,6,2.68,1.73,1.75,7
10/19/2016 6:00,34991.25,11.11,5.79,2.68,1.59,1.86,7
10/19/2016 7:00,34991.29,12.78,7.18,3.13,1.55,1.98,39
10/19/2016 8:00,34991.34,14.44,7.66,1.79,1.24,2.09,197
10/19/2016 9:00,34991.38,18.33,8.81,0.89,4.14,2.21,368
10/19/2016 10:00,34991.42,20.56,9.42,1.34,3.44,2.33,512
10/19/2016 11:00,34991.46,23.33,9.67,1.34,3.7,2.44,607
10/19/2016 12:00,34991.5,23.89,8.68,1.79,4.17,2.56,646
10/19/2016 13:00,34991.55,26.11,9.45,0.89,4.54,0,634
10/19/2016 14:00,34991.59,26.11,9.02,0.89,4.15,0,557
10/19/2016 15:00,34991.63,25.56,8.09,2.24,5.79,0.09,433
10/19/2016 16:00,34991.67,26.11,8.58,0.45,3.84,0.19,270
10/19/2016 17:00,34991.71,23.33,6.98,0.45,1.41,0.28,100
10/19/2016 18:00,34991.76,18.89,5.63,0.89,4.43,0.38,9
10/19/2016 19:00,34991.8,18.89,6.96,0.89,1.22,0.47,6
10/19/2016 20:00,34991.84,18.33,8.25,0.89,0.16,0.56,6
10/19/2016 21:00,34991.88,16.11,7,1.79,1.82,0.66,6
10/19/2016 22:00,34991.92,15.56,6.75,3.58,1.54,0.75,6
10/19/2016 23:00,34991.97,12.78,4.65,0.45,3.05,1.05,6
10/20/2016 0:00,34992,15,7.24,3.13,1.75,0.94,6
10/20/2016 1:00,34992.04,15,7.48,3.13,1.55,1.03,6
10/20/2016 2:00,34992.08,14.44,7.43,2.68,1.47,1.13,6
10/20/2016 3:00,34992.13,13.89,6.67,4.47,1.26,1.22,6
10/20/2016 4:00,34992.17,13.89,6.9,4.02,1.55,1.31,6
10/20/2016 5:00,34992.21,12.78,6.3,3.13,1.76,1.41,6
10/20/2016 6:00,34992.25,13.33,7.06,4.02,1.43,1.5,6
10/20/2016 7:00,34992.29,13.33,7.28,3.58,1.8,1.59,38
10/20/2016 8:00,34992.34,15,7.72,2.24,1.68,1.69,198
10/20/2016 9:00,34992.38,21.11,10.54,0.45,3.44,1.78,366
10/20/2016 10:00,34992.42,23.33,10.02,0.89,4.36,1.88,511
10/20/2016 11:00,34992.46,25,10.44,0.89,5.03,1.97,609
10/20/2016 12:00,34992.5,26.11,9.87,0.45,0.94,2.06,652
10/20/2016 13:00,34992.55,27.22,9.1,1.34,4.12,0,636
10/20/2016 14:00,34992.59,28.33,9.12,0.89,4.9,0,565
10/20/2016 15:00,34992.63,29.44,9.07,1.34,4.69,0.09,439
10/20/2016 16:00,34992.67,27.22,7.65,0.89,5.45,0.18,274
10/20/2016 17:00,34992.71,24.44,6.66,0.89,4.94,0.27,101
10/20/2016 18:00,34992.76,21.11,5.8,0.45,4.54,0.36,8
10/20/2016 19:00,34992.8,21.11,6.19,0.89,5.92,0.46,5
10/20/2016 20:00,34992.84,18.89,5.97,0.89,0.84,0.55,6
10/20/2016 21:00,34992.88,17.78,6.25,3.13,1.54,0.64,6
10/20/2016 22:00,34992.92,16.67,6.41,2.24,1.82,0.73,6
10/20/2016 23:00,34992.97,15,6.74,3.58,1.5,0.84,6
10/21/2016 0:00,34993,16.11,6.46,3.58,1.52,0.91,6
10/21/2016 1:00,34993.04,15,6.23,2.68,1.59,1,6
10/21/2016 2:00,34993.08,16.67,6.98,2.68,1.87,1.09,6
10/21/2016 3:00,34993.13,14.44,6.22,3.13,1.57,1.18,6
10/21/2016 4:00,34993.17,15,6.99,3.58,1.55,1.27,6
10/21/2016 5:00,34993.21,13.89,6.43,3.13,1.38,1.37,6
10/21/2016 6:00,34993.25,14.44,6.71,2.68,1.55,1.46,6
10/21/2016 7:00,34993.29,15,7.24,2.68,1.45,1.55,36
10/21/2016 8:00,34993.34,17.22,8.04,1.79,1.66,1.64,190
10/21/2016 9:00,34993.38,20,8.91,1.79,0.87,1.73,360
10/21/2016 10:00,34993.42,25.56,10.95,0.89,4.29,1.82,507
10/21/2016 11:00,34993.46,26.11,9.87,0.45,4.14,1.91,606
10/21/2016 12:00,34993.5,28.33,10.08,0.89,6.18,2,649
10/21/2016 13:00,34993.55,31.11,11.04,0.45,4.1,0,624
10/21/2016 14:00,34993.59,32.22,10.37,0.45,4.29,0,562
10/21/2016 15:00,34993.63,32.22,9.19,0.89,4.66,0.15,438
10/21/2016 16:00,34993.67,30,6.67,0.89,4.36,0.3,273
10/21/2016 17:00,34993.71,25.56,5.17,0.89,4.82,0.45,96
10/21/2016 18:00,34993.76,22.78,6.48,0.89,4.66,0.6,8
10/21/2016 19:00,34993.8,21.67,7.07,0.89,0.21,0.74,5
10/21/2016 20:00,34993.84,20.56,8.16,1.79,1.85,0.89,5
10/21/2016 21:00,34993.88,18.89,5.97,1.79,1.69,1.04,6
10/21/2016 22:00,34993.92,18.33,6.76,1.79,1.27,1.19,6
10/21/2016 23:00,34993.97,16.67,6.41,2.68,1.57,0.82,6
10/22/2016 0:00,34994,17.78,6.25,3.13,1.62,1.49,6
10/22/2016 1:00,34994.04,17.22,5.74,2.24,1.8,1.64,6
10/22/2016 2:00,34994.08,16.11,4.72,3.13,1.52,1.79,6
10/22/2016 3:00,34994.13,16.11,4.09,2.68,1.78,1.94,6
10/22/2016 4:00,34994.17,15,3.7,2.24,1.43,2.08,6
10/22/2016 5:00,34994.21,15.56,4.81,3.13,1.45,2.23,6
10/22/2016 6:00,34994.25,14.44,3.49,3.58,1.5,2.38,6
10/22/2016 7:00,34994.29,14.44,3.78,3.13,1.88,2.53,34
10/22/2016 8:00,34994.34,17.78,5.29,2.68,1.62,2.68,174
10/22/2016 9:00,34994.38,22.78,7.68,1.79,4.24,2.83,347
10/22/2016 10:00,34994.42,25.56,8.52,0.89,4.29,2.98,459
10/22/2016 11:00,34994.46,27.22,9.1,1.34,4.35,3.13,567
10/22/2016 12:00,34994.5,27.78,8.64,1.34,3.75,3.28,616
10/22/2016 13:00,34994.55,30,9.01,0.45,5.93,3.22,567
10/22/2016 14:00,34994.59,31.11,9.42,1.34,4.71,0,539
10/22/2016 15:00,34994.63,31.11,8.24,0.45,2.37,0.17,390
10/22/2016 16:00,34994.67,28.89,8.05,0.45,2.95,0.35,200
10/22/2016 17:00,34994.71,24.44,5.72,0.45,4.59,0.52,74
10/22/2016 18:00,34994.76,23.33,6.98,0.45,4.59,0.7,7
10/22/2016 19:00,34994.8,22.22,6.8,0.89,5.95,0.87,5
10/22/2016 20:00,34994.84,20.56,8.48,0.89,1.54,1.05,5
10/22/2016 21:00,34994.88,20,7.65,2.24,1.26,1.22,5
10/22/2016 22:00,34994.92,18.33,6.76,3.58,1.66,1.4,6
10/22/2016 23:00,34994.97,17.78,6.56,3.13,1.82,1.34,6
10/23/2016 0:00,34995,18.33,6.45,3.58,1.57,1.75,6
10/23/2016 1:00,34995.04,18.33,6.45,4.02,1.59,1.92,6
10/23/2016 2:00,34995.08,18.89,6.63,3.58,1.71,2.09,6
10/23/2016 3:00,34995.13,17.78,4.96,1.34,1.92,2.27,6
10/23/2016 4:00,34995.17,16.67,4.6,1.79,1.87,2.44,6
10/23/2016 5:00,34995.21,16.67,4.92,2.24,1.88,2.62,6
10/23/2016 6:00,34995.25,17.22,5.43,2.24,1.62,2.79,6
10/23/2016 7:00,34995.29,17.78,5.62,3.13,1.61,2.97,41
10/23/2016 8:00,34995.34,20,6.64,1.79,1.27,3.14,160
10/23/2016 9:00,34995.38,25,8.88,0.89,1.47,3.32,322
10/23/2016 10:00,34995.42,28.33,9.61,0.89,2.37,3.49,461
10/23/2016 11:00,34995.46,28.89,8.05,1.34,4.19,3.66,609
10/23/2016 12:00,34995.5,28.89,5.73,2.24,3.74,3.84,595
10/23/2016 13:00,34995.55,29.44,3.48,0.89,5.76,3.35,560
10/23/2016 14:00,34995.59,28.89,3.74,0.89,3.12,8.71,253
10/23/2016 15:00,34995.63,27.78,2.81,1.79,4.01,8.64,146
10/23/2016 16:00,34995.67,27.22,3.03,0.89,2.78,8.58,79
10/23/2016 17:00,34995.71,26.67,3.22,1.34,0.99,8.52,83
10/23/2016 18:00,34995.76,25,1.16,2.68,1.92,8.45,7
10/23/2016 19:00,34995.8,25,-0.21,4.02,2.29,8.39,5
10/23/2016 20:00,34995.84,25,-0.21,1.79,2.11,8.33,5
10/23/2016 21:00,34995.88,23.89,-0.44,2.68,2.41,8.26,5
10/23/2016 22:00,34995.92,22.78,0.54,0.89,4.54,8.2,5
10/23/2016 23:00,34995.97,19.44,7.47,3.58,1.22,1.57,6
10/24/2016 0:00,34996,21.67,4.21,1.34,3.68,8.07,6
10/24/2016 1:00,34996.04,20,5.93,0.45,4.12,8.01,6
10/24/2016 2:00,34996.08,17.78,8.29,3.58,1.88,7.94,6
10/24/2016 3:00,34996.13,18.33,9.08,2.68,1.94,7.88,7
10/24/2016 4:00,34996.17,18.89,7.88,0.45,4.19,7.82,6
10/24/2016 5:00,34996.21,18.89,9.33,1.34,2.44,7.75,6
10/24/2016 6:00,34996.25,18.89,9.05,1.34,3.8,7.69,6
10/24/2016 7:00,34996.29,17.78,8.01,0.89,3.8,7.62,13
10/24/2016 8:00,34996.34,19.44,9.56,2.68,2.34,7.56,70
10/24/2016 9:00,34996.38,20,9.21,0.89,2.15,7.5,150
10/24/2016 10:00,34996.42,21.67,9.5,0.89,3.56,7.43,290
10/24/2016 11:00,34996.46,22.78,9.85,1.34,0.66,7.37,393
10/24/2016 12:00,34996.5,24.44,10.31,1.34,2.98,7.31,427
10/24/2016 13:00,34996.55,25,10.07,1.34,2.41,7,409
10/24/2016 14:00,34996.59,22.78,8.8,0.89,3.96,8.74,249
10/24/2016 15:00,34996.63,23.89,9.44,1.34,0.98,8.58,281
10/24/2016 16:00,34996.67,23.33,9.31,0.45,2.78,8.41,151
10/24/2016 17:00,34996.71,21.11,8,1.34,2.48,8.24,67
10/24/2016 18:00,34996.76,19.44,7.14,0.89,2.6,8.08,7
10/24/2016 19:00,34996.8,19.44,7.78,1.34,2.55,7.91,6
10/24/2016 20:00,34996.84,17.78,6.56,2.24,2.3,7.74,6
10/24/2016 21:00,34996.88,17.22,7.77,1.79,1.4,7.58,6
10/24/2016 22:00,34996.92,16.67,8.81,3.58,1.54,7.41,6
10/24/2016 23:00,34996.97,22.22,3.3,0.89,2.48,8.13,5
10/25/2016 0:00,34997,16.11,8.53,2.68,1.47,7.08,6
10/25/2016 1:00,34997.04,15.56,8.48,4.47,1.52,6.91,6
10/25/2016 2:00,34997.08,15.56,8.25,4.02,1.4,6.74,6
10/25/2016 3:00,34997.13,16.11,8.77,4.02,1.38,6.58,6
10/25/2016 4:00,34997.17,15.56,8.72,2.24,1.99,6.41,6
10/25/2016 5:00,34997.21,16.11,8.77,3.58,1.52,6.24,6
10/25/2016 6:00,34997.25,15.56,8.72,3.13,1.66,6.08,6
10/25/2016 7:00,34997.29,15,7.96,3.13,1.85,5.91,21
10/25/2016 8:00,34997.34,18.33,10.13,0.89,3.96,5.74,144
10/25/2016 9:00,34997.38,20.56,10.88,0.89,0.03,5.58,235
10/25/2016 10:00,34997.42,23.89,12.5,0.89,5.71,5.41,447
10/25/2016 11:00,34997.46,26.11,11.45,0.45,2.34,5.24,532
10/25/2016 12:00,34997.5,25.56,9.78,0.89,3.11,5.08,541
10/25/2016 13:00,34997.55,27.22,10,0.45,4.68,5.28,488
10/25/2016 14:00,34997.59,28.89,10.1,0,3.46,0,522
10/25/2016 15:00,34997.63,27.78,8.64,0.89,3.65,0.18,409
10/25/2016 16:00,34997.67,26.67,7.17,0.89,3.84,0.37,253
10/25/2016 17:00,34997.71,23.89,4.75,0.89,4.26,0.55,85
10/25/2016 18:00,34997.76,22.78,5.19,0.89,2.97,0.74,7
10/25/2016 19:00,34997.8,21.11,6.93,1.79,1.4,0.92,5
10/25/2016 20:00,34997.84,20.56,6.79,1.79,1.47,1.1,6
10/25/2016 21:00,34997.88,19.44,7.14,2.68,1.59,1.29,6
10/25/2016 22:00,34997.92,17.22,6.35,3.13,1.5,1.47,6
10/25/2016 23:00,34997.97,15.56,8.25,4.02,1.22,7.24,6
10/26/2016 0:00,34998,17.78,7.73,3.58,1.54,1.84,6
10/26/2016 1:00,34998.04,16.67,6.98,3.58,1.47,2.02,6
10/26/2016 2:00,34998.08,16.11,7,3.13,1.54,2.21,6
10/26/2016 3:00,34998.13,16.67,7.79,3.58,1.34,2.39,6
10/26/2016 4:00,34998.17,15.56,7.01,4.02,1.45,2.58,6
10/26/2016 5:00,34998.21,15.56,6.75,3.58,1.57,2.76,6
10/26/2016 6:00,34998.25,16.11,7,4.02,1.55,2.94,6
10/26/2016 7:00,34998.29,16.67,7.52,2.68,1.54,3.13,30
10/26/2016 8:00,34998.34,18.89,7.88,2.68,1.68,3.31,180
10/26/2016 9:00,34998.38,23.89,10.17,1.34,5.81,3.49,349
10/26/2016 10:00,34998.42,25.56,9.37,0.89,4.26,3.68,492
10/26/2016 11:00,34998.46,29.44,10.58,1.34,1.27,3.86,589
10/26/2016 12:00,34998.5,28.33,8.62,0.45,3.28,4.05,577
10/26/2016 13:00,34998.55,30.56,9.49,0.45,2.76,4.44,516
10/26/2016 14:00,34998.59,31.67,9.31,0.45,4.24,0,540
10/26/2016 15:00,34998.63,32.78,9.66,0.89,4.64,0.44,403
10/26/2016 16:00,34998.67,30,7.29,0.89,4.17,0.88,252
10/26/2016 17:00,34998.71,26.67,5.59,0.45,4.07,1.31,83
10/26/2016 18:00,34998.76,22.78,6.06,1.79,1.22,1.75,6
10/26/2016 19:00,34998.8,22.22,5.14,2.68,1.59,2.19,5
10/26/2016 20:00,34998.84,21.67,5.49,3.13,1.57,2.63,5
10/26/2016 21:00,34998.88,21.11,5.41,3.58,1.47,3.06,5
10/26/2016 22:00,34998.92,19.44,4.31,3.58,1.75,3.5,5
10/26/2016 23:00,34998.97,17.78,7.45,3.13,1.47,1.66,6
10/27/2016 0:00,34999,17.78,4.62,2.68,1.52,4.38,6
10/27/2016 1:00,34999.04,17.22,4.79,2.24,1.2,4.81,6
10/27/2016 2:00,34999.08,17.78,4.96,3.58,1.47,5.25,6
10/27/2016 3:00,34999.13,18.33,5.13,3.13,1.61,5.69,6
10/27/2016 4:00,34999.17,17.78,4.62,2.68,1.45,6.13,6
10/27/2016 5:00,34999.21,17.78,4.62,3.58,1.54,6.56,6
10/27/2016 6:00,34999.25,17.78,4.96,3.58,1.41,7,6
10/27/2016 7:00,34999.29,18.89,5.63,2.68,0.94,7.44,21
10/27/2016 8:00,34999.34,17.22,5.11,1.34,4.57,7.88,113
10/27/2016 9:00,34999.38,23.89,8.29,0.89,3.79,8.32,374
10/27/2016 10:00,34999.42,25.56,7.63,0.89,2.29,8.75,317
10/27/2016 11:00,34999.46,26.11,9.45,0.89,3.32,9.19,265
10/27/2016 12:00,34999.5,26.11,7.66,0.45,3.68,9.63,255
10/27/2016 13:00,34999.55,23.89,8.68,1.79,0.42,10,98
10/27/2016 14:00,34999.59,18.33,10.13,5.36,1.01,10,48
10/27/2016 15:00,34999.63,20,10.91,9.39,1.41,10,145
10/27/2016 16:00,34999.67,21.11,11.12,2.68,1.41,9.99,32
10/27/2016 17:00,34999.71,19.44,11.18,3.13,0.8,9.99,9
10/27/2016 18:00,34999.76,20,12.7,4.92,1.36,9.98,6
10/27/2016 19:00,34999.8,20,13.42,5.81,1.59,9.98,6
10/27/2016 20:00,34999.84,18.33,13.38,1.34,5.79,9.97,5
10/27/2016 21:00,34999.88,17.78,13.46,0.89,4.69,9.97,6
10/27/2016 22:00,34999.92,17.78,14.26,1.34,0.37,9.97,6
10/27/2016 23:00,34999.97,17.78,3.56,2.68,1.78,3.94,6
10/28/2016 0:00,35000,17.22,14.47,0.45,5.17,9.96,7
10/28/2016 1:00,35000.04,16.11,13.57,0.45,4.61,9.95,7
10/28/2016 2:00,35000.08,15,12.48,1.34,4.94,9.95,7
10/28/2016 3:00,35000.13,14.44,12.11,0.89,4.35,9.94,7
10/28/2016 4:00,35000.17,14.44,12.29,3.13,1.99,9.94,7
10/28/2016 5:00,35000.21,16.67,13.93,4.02,2.29,9.94,7
10/28/2016 6:00,35000.25,14.44,12.11,1.34,4.31,9.93,8
10/28/2016 7:00,35000.29,14.44,12.29,0.45,0.12,9.93,11
10/28/2016 8:00,35000.34,16.11,13.93,2.68,0.4,9.92,67
10/28/2016 9:00,35000.38,17.78,15.02,1.79,2.55,9.92,210
10/28/2016 10:00,35000.42,17.78,14.83,1.34,4.21,9.91,157
10/28/2016 11:00,35000.46,17.22,14.84,0.89,3.56,9.91,108
10/28/2016 12:00,35000.5,18.89,15.92,3.58,2.46,9.91,231
10/28/2016 13:00,35000.55,19.44,16.08,1.34,2.98,10,156
10/28/2016 14:00,35000.59,23.89,19.39,0.89,3,6.81,335
10/28/2016 15:00,35000.63,21.11,16.27,0.45,2.86,6.68,234
10/28/2016 16:00,35000.67,23.33,17.31,0.89,2.62,6.56,182
10/28/2016 17:00,35000.71,20.56,14.87,0.45,3.18,6.43,70
10/28/2016 18:00,35000.76,18.33,14,0.89,1.47,6.31,6
10/28/2016 19:00,35000.8,17.22,13.52,0.89,0.77,6.18,6
10/28/2016 20:00,35000.84,16.67,13.56,1.79,1.29,6.06,6
10/28/2016 21:00,35000.88,17.22,14.29,3.13,1.61,5.93,6
10/28/2016 22:00,35000.92,16.11,13.2,1.79,1.83,5.81,6
10/28/2016 23:00,35000.97,17.22,14.1,1.34,4.83,9.96,7
10/29/2016 0:00,35001,15,12.48,1.79,1.61,5.56,6
10/29/2016 1:00,35001.04,15,12.66,2.68,1.54,5.43,6
10/29/2016 2:00,35001.08,15,12.48,2.24,1.61,5.31,6
10/29/2016 3:00,35001.13,15.56,13.02,4.02,1.62,5.18,6
10/29/2016 4:00,35001.17,16.11,13.38,2.68,1.66,5.05,6
10/29/2016 5:00,35001.21,16.11,13.01,1.79,1.38,4.93,6
10/29/2016 6:00,35001.25,15,11.93,0.45,2.67,4.8,6
10/29/2016 7:00,35001.29,15.56,12.65,2.24,1.5,4.68,24
10/29/2016 8:00,35001.34,17.22,13.91,1.79,1.52,4.55,130
10/29/2016 9:00,35001.38,22.22,17.77,1.34,2.83,4.43,309
10/29/2016 10:00,35001.42,23.33,17.31,1.34,4.26,4.3,469
10/29/2016 11:00,35001.46,24.44,17.17,0.89,4.47,4.18,559
10/29/2016 12:00,35001.5,25,16.42,0.89,4.05,4.05,566
10/29/2016 13:00,35001.55,24.44,15.35,0.45,2.95,6.97,397
10/29/2016 14:00,35001.59,27.22,15.89,0.89,2.58,0,479
10/29/2016 15:00,35001.63,25.56,13.4,1.79,3.67,0.31,371
10/29/2016 16:00,35001.67,23.33,11.99,1.34,4.17,0.62,185
10/29/2016 17:00,35001.71,21.11,11.95,0.89,3.35,0.93,45
10/29/2016 18:00,35001.76,18.89,10.91,1.34,1.69,1.24,7
10/29/2016 19:00,35001.8,19.44,11.93,2.24,1.54,1.56,6
10/29/2016 20:00,35001.84,18.89,11.41,2.68,1.45,1.87,6
10/29/2016 21:00,35001.88,17.78,10.83,3.58,1.34,2.18,6
10/29/2016 22:00,35001.92,18.89,11.65,2.68,1.83,2.49,6
10/29/2016 23:00,35001.97,16.67,13.74,1.34,1.03,5.68,6
10/30/2016 0:00,35002,18.89,11.65,1.34,1.83,3.11,6
10/30/2016 1:00,35002.04,18.89,11.41,2.68,1.52,3.42,6
10/30/2016 2:00,35002.08,18.33,11.36,2.68,1.61,3.73,6
10/30/2016 3:00,35002.13,18.33,11.12,3.13,2.02,4.04,6
10/30/2016 4:00,35002.17,18.33,11.83,3.58,1.41,4.36,6
10/30/2016 5:00,35002.21,18.89,12.36,6.26,2.18,4.67,6
10/30/2016 6:00,35002.25,17.78,12.2,3.13,2.25,4.98,6
10/30/2016 7:00,35002.29,17.78,11.98,1.79,2.67,5.29,10
10/30/2016 8:00,35002.34,16.67,11.56,2.68,3.82,5.6,19
10/30/2016 9:00,35002.38,15.56,11.9,4.02,2.22,5.91,49
10/30/2016 10:00,35002.42,16.67,12.78,4.47,2.34,6.22,185
10/30/2016 11:00,35002.46,17.78,13.46,5.81,2.15,6.53,107
10/30/2016 12:00,35002.5,20,14.55,1.34,4.22,6.84,438
10/30/2016 13:00,35002.55,20,13.18,1.79,3.56,8.51,305
10/30/2016 14:00,35002.59,17.78,12.84,0.89,5.52,10,96
10/30/2016 15:00,35002.63,16.11,12.05,3.13,3.74,9.75,47
10/30/2016 16:00,35002.67,15.56,11.9,1.34,6.28,9.49,56
10/30/2016 17:00,35002.71,16.67,12.58,1.34,2.64,9.24,76
10/30/2016 18:00,35002.76,15,11.16,3.13,2.15,8.98,8
10/30/2016 19:00,35002.8,15,10.97,1.79,2.16,8.73,7
10/30/2016 20:00,35002.84,15.56,11.51,2.24,1.68,8.47,7
10/30/2016 21:00,35002.88,14.44,10.43,3.13,1.85,8.22,7
10/30/2016 22:00,35002.92,13.89,10.46,1.34,1.69,7.96,7
10/30/2016 23:00,35002.97,17.78,10.59,3.58,1.64,2.8,6
10/31/2016 0:00,35003,14.44,11.38,2.24,1.59,7.45,7
10/31/2016 1:00,35003.04,13.33,10.48,2.24,1.47,7.2,7
10/31/2016 2:00,35003.08,13.89,11.02,2.68,1.17,6.95,7
10/31/2016 3:00,35003.13,12.78,9.75,3.13,1.52,6.69,7
10/31/2016 4:00,35003.17,12.78,9.57,2.24,1.87,6.44,7
10/31/2016 5:00,35003.21,12.22,9.21,1.79,1.87,6.18,7
10/31/2016 6:00,35003.25,12.22,9.02,2.24,1.94,5.93,7
10/31/2016 7:00,35003.29,12.22,9.39,0.45,2.58,5.67,16
10/31/2016 8:00,35003.34,14.44,10.82,0.89,1.48,5.42,113
10/31/2016 9:00,35003.38,17.22,12.92,1.34,1.8,5.16,255
10/31/2016 10:00,35003.42,19.44,14.23,0.45,4.49,4.91,438
10/31/2016 11:00,35003.46,21.11,14.24,0.89,5.78,4.66,587
10/31/2016 12:00,35003.5,20.56,12.74,1.34,4.47,4.4,547
10/31/2016 13:00,35003.55,20.56,11.7,1.79,3.77,6.33,423
10/31/2016 14:00,35003.59,22.78,12.67,0.45,5.64,0,495
10/31/2016 15:00,35003.63,22.78,12.08,0.89,4.21,0.19,338
10/31/2016 16:00,35003.67,20.56,9.72,0.45,1.78,0.38,238
10/31/2016 17:00,35003.71,18.33,8.81,0.45,2.97,0.57,74
10/31/2016 18:00,35003.76,15.56,7.26,0.45,0.77,0.76,9
10/31/2016 19:00,35003.8,15.56,8.48,1.34,0.87,0.95,8
10/31/2016 20:00,35003.84,15.56,9.18,1.34,0.72,1.14,8
10/31/2016 21:00,35003.88,15,8.42,1.79,1.34,1.33,8
10/31/2016 22:00,35003.92,14.44,8.56,2.24,1.61,1.52,8
10/31/2016 23:00,35003.97,14.44,11.19,1.79,1.75,7.71,7
11/1/2016 0:00,35004,13.89,8.88,2.24,1.64,1.9,7
11/1/2016 1:00,35004.04,13.89,9.09,2.68,1.66,2.09,7
11/1/2016 2:00,35004.08,13.33,8.55,2.68,1.64,2.28,7
11/1/2016 3:00,35004.13,14.44,9.21,2.24,1.52,2.47,7
11/1/2016 4:00,35004.17,13.89,8.88,2.24,1.55,2.67,7
11/1/2016 5:00,35004.21,13.89,9.09,1.79,1.69,2.86,7
11/1/2016 6:00,35004.25,13.33,8.75,0.45,3.74,3.05,8
11/1/2016 7:00,35004.29,12.78,8.22,0.45,1.08,3.24,13
11/1/2016 8:00,35004.34,15,10.16,1.34,1.4,3.43,92
11/1/2016 9:00,35004.38,16.67,11.34,0.89,1.59,3.62,281
11/1/2016 10:00,35004.42,18.89,12.13,0.89,4.03,3.81,258
11/1/2016 11:00,35004.46,20,12.21,1.34,5.59,4,502
11/1/2016 12:00,35004.5,20.56,11.7,0.89,4.47,4.19,551
11/1/2016 13:00,35004.55,22.22,12.15,0.89,5.1,3.58,521
11/1/2016 14:00,35004.59,22.22,11.27,0.89,4.69,0,518
11/1/2016 15:00,35004.63,22.22,10.96,0.89,3.25,0.19,394
11/1/2016 16:00,35004.67,20,8.91,1.34,5.27,0.37,230
11/1/2016 17:00,35004.71,17.22,7.77,0.45,0.17,0.56,65
11/1/2016 18:00,35004.76,15,7.48,1.34,4.5,0.74,7
11/1/2016 19:00,35004.8,14.44,7.43,0.45,4.26,0.93,6
11/1/2016 20:00,35004.84,13.33,7.06,0.89,4.71,1.11,6
11/1/2016 21:00,35004.88,11.67,5.9,0.45,4.01,1.3,6
11/1/2016 22:00,35004.92,12.78,7.39,0.89,1.03,1.49,6
11/1/2016 23:00,35004.97,13.33,7.71,1.34,1.06,1.71,7
11/2/2016 0:00,35005,11.11,6.8,1.34,1.92,1.86,6
11/2/2016 1:00,35005.04,11.11,7.38,3.58,1.54,2.04,7
11/2/2016 2:00,35005.08,8.89,5.59,1.79,4.36,2.23,7
11/2/2016 3:00,35005.13,9.44,6.13,0.45,0.02,2.41,7
11/2/2016 4:00,35005.17,9.44,6.13,1.79,1.94,2.6,7
11/2/2016 5:00,35005.21,10.56,7.03,4.02,1.48,2.79,7
11/2/2016 6:00,35005.25,10.56,6.26,2.24,2.13,2.97,7
11/2/2016 7:00,35005.29,11.11,6.4,2.24,1.68,3.16,22
11/2/2016 8:00,35005.34,12.22,7.68,0.45,4.43,3.34,159
11/2/2016 9:00,35005.38,16.11,9.93,0.89,1.41,3.53,324
11/2/2016 10:00,35005.42,18.89,12.13,0.45,6.02,3.71,466
11/2/2016 11:00,35005.46,21.67,13.27,0.89,2.91,3.9,563
11/2/2016 12:00,35005.5,21.67,11.92,0.89,4.24,4.09,551
11/2/2016 13:00,35005.55,23.33,12.29,0.45,1.5,3.86,510
11/2/2016 14:00,35005.59,25.56,13.07,0.89,3.32,0,515
11/2/2016 15:00,35005.63,26.11,12.9,0.45,0.02,0.18,392
11/2/2016 16:00,35005.67,24.44,11.38,0.45,5.97,0.35,231
11/2/2016 17:00,35005.71,19.44,8.09,0.45,5.04,0.53,66
11/2/2016 18:00,35005.76,16.11,7.27,0.45,5.5,0.71,7
11/2/2016 19:00,35005.8,16.11,8.04,0.89,4.52,0.88,6
11/2/2016 20:00,35005.84,16.11,8.77,0.45,4.66,1.06,6
11/2/2016 21:00,35005.88,15,9.09,1.79,1.4,1.24,7
11/2/2016 22:00,35005.92,13.33,8.14,2.24,1.88,1.41,6
11/2/2016 23:00,35005.97,11.11,6.4,0.89,4.17,1.67,6
11/3/2016 0:00,35006,12.22,7.88,2.68,1.64,1.77,7
11/3/2016 1:00,35006.04,12.22,7.88,2.24,1.62,1.94,6
11/3/2016 2:00,35006.08,11.67,7.14,2.68,1.8,2.12,7
11/3/2016 3:00,35006.13,12.22,8.07,1.79,1.45,2.3,7
11/3/2016 4:00,35006.17,11.11,6.8,3.13,1.73,2.47,7
11/3/2016 5:00,35006.21,11.11,6.8,3.13,1.64,2.65,7
11/3/2016 6:00,35006.25,11.67,7.14,2.68,1.48,2.83,7
11/3/2016 7:00,35006.29,11.11,6.4,3.13,1.69,3,21
11/3/2016 8:00,35006.34,13.33,8.34,1.34,1.5,3.18,155
11/3/2016 9:00,35006.38,18.33,12.06,0.89,1.95,3.35,324
11/3/2016 10:00,35006.42,19.44,12.66,0.89,5.24,3.53,464
11/3/2016 11:00,35006.46,21.11,13.01,1.79,4.33,3.71,564
11/3/2016 12:00,35006.5,22.22,12.44,1.34,4.07,3.88,554
11/3/2016 13:00,35006.55,23.89,13.41,0.45,1.2,4.22,496
11/3/2016 14:00,35006.59,25,13.53,0.89,4.99,0,521
11/3/2016 15:00,35006.63,27.22,14.6,0.89,4.57,0.18,397
11/3/2016 16:00,35006.67,24.44,11.72,0.89,4.66,0.36,233
11/3/2016 17:00,35006.71,20,9.8,0.89,4.59,0.55,61
11/3/2016 18:00,35006.76,18.33,9.61,0.45,4.28,0.73,11
11/3/2016 19:00,35006.8,17.22,11,1.34,0.05,0.91,10
11/3/2016 20:00,35006.84,16.11,9.48,1.34,1.36,1.09,8
11/3/2016 21:00,35006.88,15,9.31,2.24,1.54,1.27,7
11/3/2016 22:00,35006.92,15,9.95,3.13,1.45,1.45,8
11/3/2016 23:00,35006.97,13.33,8.75,2.68,1.88,1.59,6
11/4/2016 0:00,35007,13.33,8.55,3.13,1.71,1.82,8
11/4/2016 1:00,35007.04,12.78,8.61,3.13,1.55,2,8
11/4/2016 2:00,35007.08,12.78,8.42,1.34,2.01,2.18,7
11/4/2016 3:00,35007.13,13.33,8.55,2.24,1.52,2.36,8
11/4/2016 4:00,35007.17,12.22,7.27,2.68,1.4,2.55,8
11/4/2016 5:00,35007.21,11.67,7.34,2.68,1.5,2.73,8
11/4/2016 6:00,35007.25,12.22,7.68,1.79,1.54,2.91,8
11/4/2016 7:00,35007.29,11.67,6.53,2.24,1.33,3.09,19
11/4/2016 8:00,35007.34,15,9.74,0.89,2.2,3.27,139
11/4/2016 9:00,35007.38,15.56,10.28,1.34,1.22,3.45,223
11/4/2016 10:00,35007.42,20,13.42,1.34,4.69,3.64,429
11/4/2016 11:00,35007.46,22.78,14.84,1.34,1.15,3.82,520
11/4/2016 12:00,35007.5,22.78,13.24,1.79,6.02,4,547
11/4/2016 13:00,35007.55,23.89,12.19,1.34,6,5.69,440
11/4/2016 14:00,35007.59,25.56,13.07,1.34,1.26,0,461
11/4/2016 15:00,35007.63,28.89,15.07,0.45,3.96,0.19,361
11/4/2016 16:00,35007.67,25.56,11.32,0.89,3.58,0.38,233
11/4/2016 17:00,35007.71,21.11,8.67,0.89,4.61,0.57,56
11/4/2016 18:00,35007.76,18.89,8.48,0.45,4.26,0.76,16
11/4/2016 19:00,35007.8,18.33,9.61,0.89,5.62,0.95,14
11/4/2016 20:00,35007.84,16.67,8.56,0.89,4.89,1.14,12
11/4/2016 21:00,35007.88,16.67,10.01,1.34,1.82,1.33,12
11/4/2016 22:00,35007.92,15,9.31,3.13,1.27,1.52,10
11/4/2016 23:00,35007.97,13.33,8.75,3.13,1.62,1.64,8
11/5/2016 0:00,35008,15.56,9.84,2.24,1.47,1.9,10
11/5/2016 1:00,35008.04,15,9.09,2.68,1.57,2.09,10
11/5/2016 2:00,35008.08,14.44,8.78,3.13,1.5,2.28,11
11/5/2016 3:00,35008.13,13.33,7.5,2.68,1.83,2.47,12
11/5/2016 4:00,35008.17,12.78,7.18,1.79,1.4,2.66,13
11/5/2016 5:00,35008.21,13.89,7.81,1.34,1.36,2.85,11
11/5/2016 6:00,35008.25,12.78,6.97,2.68,1.55,3.04,12
11/5/2016 7:00,35008.29,12.78,6.97,2.24,1.45,3.23,23
11/5/2016 8:00,35008.34,14.44,8.34,2.24,1.92,3.42,141
11/5/2016 9:00,35008.38,16.67,9.3,1.34,1.71,3.61,307
11/5/2016 10:00,35008.42,21.67,13.01,1.34,4.76,3.8,447
11/5/2016 11:00,35008.46,24.44,14.51,1.34,4.71,3.99,539
11/5/2016 12:00,35008.5,24.44,13.32,0.89,1.62,4.18,538
11/5/2016 13:00,35008.55,27.22,14.6,0.89,3.74,4.2,490
11/5/2016 14:00,35008.59,28.33,14.57,0.89,4.38,0,497
11/5/2016 15:00,35008.63,27.78,13.33,0.45,4.19,0.34,371
11/5/2016 16:00,35008.67,25.56,11.68,0.45,6.18,0.68,208
11/5/2016 17:00,35008.71,20.56,9.12,0.45,4.22,1.01,52
11/5/2016 18:00,35008.76,18.33,9.35,0.89,5.79,1.35,8
11/5/2016 19:00,35008.8,17.22,8.83,1.34,5.83,1.69,8
11/5/2016 20:00,35008.84,17.22,9.58,0.45,4.5,2.03,8
11/5/2016 21:00,35008.88,16.67,10.47,2.24,1.4,2.37,8
11/5/2016 22:00,35008.92,15,9.53,2.24,1.48,2.71,8
11/5/2016 23:00,35008.97,15,9.31,3.58,1.66,1.71,10
11/6/2016 0:00,35009,13.89,9.09,0.89,4.59,3.38,8
11/6/2016 1:00,35009.04,13.33,9.35,2.24,1.41,3.72,8
11/6/2016 2:00,35009.08,13.89,9.09,2.24,1.71,4.06,8
11/6/2016 3:00,35009.13,13.33,8.55,0.45,3.07,4.4,8
11/6/2016 4:00,35009.17,11.11,7,0.89,4.28,4.74,8
11/6/2016 5:00,35009.21,12.22,8.27,1.79,1.66,5.07,8
11/6/2016 6:00,35009.25,12.22,7.68,3.13,1.55,5.41,20
11/6/2016 7:00,35009.29,13.89,8.25,1.79,2.02,5.75,102
11/6/2016 8:00,35009.34,16.67,10.69,1.79,2.53,6.09,180
11/6/2016 9:00,35009.38,18.33,12.29,1.34,3.16,6.43,246
11/6/2016 10:00,35009.42,20,12.46,1.34,3.77,6.77,381
11/6/2016 11:00,35009.46,22.22,13.8,2.24,1.87,7.1,375
11/6/2016 12:00,35009.5,21.67,13.01,0.89,4.17,7.44,386
11/6/2016 13:00,35009.55,21.11,12.75,1.79,3.86,9.24,245
11/6/2016 14:00,35009.59,21.11,12.49,1.34,4.49,9.46,187
11/6/2016 15:00,35009.63,20,11.96,0,4.33,9.32,164
11/6/2016 16:00,35009.67,18.33,11.12,0.45,3.96,9.18,35
11/6/2016 17:00,35009.71,17.22,10.77,0.89,5.95,9.04,8
11/6/2016 18:00,35009.76,16.67,10.91,1.34,1.27,8.9,7
11/6/2016 19:00,35009.8,17.22,11.22,0.89,0.96,8.76,7
11/6/2016 20:00,35009.84,16.11,11.02,2.24,1.83,8.62,7
11/6/2016 21:00,35009.88,15,10.16,1.34,2.13,8.48,7
11/6/2016 22:00,35009.92,15,10.77,1.34,1.34,8.35,7
11/6/2016 23:00,35009.97,13.89,9.29,0.89,2.25,3.04,8
11/7/2016 0:00,35010,13.33,9.73,2.24,1.59,8.07,7
11/7/2016 1:00,35010.04,13.33,9.54,2.24,1.54,7.93,7
11/7/2016 2:00,35010.08,13.33,9.54,3.58,1.4,7.79,7
11/7/2016 3:00,35010.13,13.89,9.69,4.02,1.27,7.65,7
11/7/2016 4:00,35010.17,12.22,8.65,2.24,1.73,7.51,7
11/7/2016 5:00,35010.21,13.33,9.15,3.58,1.48,7.37,7
11/7/2016 6:00,35010.25,12.22,8.46,2.24,1.34,7.23,19
11/7/2016 7:00,35010.29,14.44,10.23,2.68,1.54,7.09,111
11/7/2016 8:00,35010.34,17.22,12.09,0.89,6.27,6.95,224
11/7/2016 9:00,35010.38,20,14.11,1.34,6.13,6.82,383
11/7/2016 10:00,35010.42,21.11,14.48,1.34,5.79,6.68,493
11/7/2016 11:00,35010.46,22.22,13.53,0.89,1.68,6.54,441
11/7/2016 12:00,35010.5,24.44,14.51,0.89,3.47,6.4,440
11/7/2016 13:00,35010.55,25.56,13.72,0.89,2.93,5.29,447
11/7/2016 14:00,35010.59,25.56,13.72,0.89,4.45,6.05,338
11/7/2016 15:00,35010.63,23.89,12.5,0.45,4.97,6.03,182
11/7/2016 16:00,35010.67,19.44,9.28,0.45,0.35,6.02,40
11/7/2016 17:00,35010.71,18.89,9.6,0.89,5.72,6,7
11/7/2016 18:00,35010.76,17.22,9.34,0.89,5.88,5.98,6
11/7/2016 19:00,35010.8,16.67,10.24,1.79,1.66,5.97,7
11/7/2016 20:00,35010.84,16.11,9.93,2.68,1.66,5.95,7
11/7/2016 21:00,35010.88,15.56,9.84,2.24,1.47,5.94,7
11/7/2016 22:00,35010.92,15,9.74,3.58,1.4,5.92,7
11/7/2016 23:00,35010.97,13.89,9.89,3.13,1.61,8.21,7
11/8/2016 0:00,35011,14.44,9.62,1.79,1.73,5.89,7
11/8/2016 1:00,35011.04,14.44,10.23,2.24,1.66,5.87,7
11/8/2016 2:00,35011.08,14.44,10.03,2.24,1.59,5.86,7
11/8/2016 3:00,35011.13,13.89,9.49,2.68,1.47,5.84,7
11/8/2016 4:00,35011.17,12.78,8.61,3.13,1.59,5.83,7
11/8/2016 5:00,35011.21,13.33,9.35,3.58,1.5,5.81,7
11/8/2016 6:00,35011.25,13.33,9.15,4.02,1.68,5.8,16
11/8/2016 7:00,35011.29,15,10.36,1.34,1.95,5.78,127
11/8/2016 8:00,35011.34,17.78,12.41,1.34,4.64,5.76,288
11/8/2016 9:00,35011.38,22.22,15.06,1.34,4.76,5.75,427
11/8/2016 10:00,35011.42,24.44,15.62,0.45,3.12,5.73,518
11/8/2016 11:00,35011.46,25,15.32,0.89,1.19,5.72,527
11/8/2016 12:00,35011.5,27.22,16.2,0.45,2.5,5.7,470
11/8/2016 13:00,35011.55,28.33,15.61,0.45,4.82,4.51,471
11/8/2016 14:00,35011.59,28.89,15.78,0.45,4.36,5.67,348
11/8/2016 15:00,35011.63,26.67,14.09,1.34,4.89,5.67,191
11/8/2016 16:00,35011.67,21.11,11.12,0.89,4.59,5.66,44
11/8/2016 17:00,35011.71,18.89,10.66,0.45,3.91,5.65,7
11/8/2016 18:00,35011.76,18.89,11.16,0.89,4.28,5.64,7
11/8/2016 19:00,35011.8,17.22,10.77,0.89,1.48,5.63,7
11/8/2016 20:00,35011.84,17.22,11.66,1.34,1.31,5.63,7
11/8/2016 21:00,35011.88,16.11,10.81,2.24,1.41,5.62,7
11/8/2016 22:00,35011.92,16.11,11.23,2.68,1.92,5.61,7
11/8/2016 23:00,35011.97,15.56,10.7,3.58,1.71,5.91,7
11/9/2016 0:00,35012,16.11,10.6,2.24,1.12,5.59,7
11/9/2016 1:00,35012.04,15,8.65,3.58,1.52,5.59,7
11/9/2016 2:00,35012.08,14.44,8.12,2.24,1.83,5.58,7
11/9/2016 3:00,35012.13,15,8.87,1.79,1.36,5.57,7
11/9/2016 4:00,35012.17,14.44,8.34,2.24,1.76,5.56,7
11/9/2016 5:00,35012.21,13.33,7.28,0.89,4.36,5.55,7
11/9/2016 6:00,35012.25,13.89,8.03,1.79,1.31,5.55,15
11/9/2016 7:00,35012.29,15,8.42,1.34,1.17,5.54,126
11/9/2016 8:00,35012.34,18.33,11.36,0.45,2.72,5.53,283
11/9/2016 9:00,35012.38,22.22,14.57,0.45,3.4,5.52,419
11/9/2016 10:00,35012.42,24.44,15.62,1.79,4.26,5.51,514
11/9/2016 11:00,35012.46,25,14.44,0.45,5.67,5.51,528
11/9/2016 12:00,35012.5,28.33,15.95,0.45,0.24,5.5,476
11/9/2016 13:00,35012.55,28.89,15.07,1.34,4.12,4.35,473
11/9/2016 14:00,35012.59,30,15.34,0.89,5.04,5.43,353
11/9/2016 15:00,35012.63,28.33,13.45,0.45,4.82,5.43,202
11/9/2016 16:00,35012.67,22.78,9.85,0.45,4.8,5.43,48
11/9/2016 17:00,35012.71,20.56,9.42,0.45,5.55,5.43,8
11/9/2016 18:00,35012.76,20,10.91,1.34,0.51,5.42,7
11/9/2016 19:00,35012.8,18.33,10.13,0.45,0.1,5.42,7
11/9/2016 20:00,35012.84,17.78,11.07,0.89,1.12,5.42,7
11/9/2016 21:00,35012.88,16.67,10.24,1.34,1.15,5.42,7
11/9/2016 22:00,35012.92,16.67,10.69,2.24,1.68,5.41,7
11/9/2016 23:00,35012.97,15,10.16,3.13,1.43,5.6,7
11/10/2016 0:00,35013,15,9.31,2.68,1.34,5.41,7
11/10/2016 1:00,35013.04,16.11,9.71,3.58,1.64,5.41,7
11/10/2016 2:00,35013.08,15.56,9.18,3.13,1.83,5.41,7
11/10/2016 3:00,35013.13,16.11,8.53,3.58,1.5,5.4,7
11/10/2016 4:00,35013.17,16.11,8.04,3.13,1.4,5.4,7
11/10/2016 5:00,35013.21,15.56,7.51,1.79,1.73,5.4,7
11/10/2016 6:00,35013.25,15.56,7.51,0.89,0.82,5.4,15
11/10/2016 7:00,35013.29,16.67,8.56,0.89,1.5,5.39,122
11/10/2016 8:00,35013.34,18.89,10.4,0.89,4.03,5.39,283
11/10/2016 9:00,35013.38,23.89,15.37,0.45,3.18,5.39,418
11/10/2016 10:00,35013.42,25.56,15.55,0.45,4.03,5.39,503
11/10/2016 11:00,35013.46,26.11,15.17,0.45,2.32,5.39,523
11/10/2016 12:00,35013.5,30,17.14,0.45,4.12,5.38,478
11/10/2016 13:00,35013.55,29.44,14.84,1.34,4.24,4.49,466
11/10/2016 14:00,35013.59,30.56,15.07,0.89,5.67,5.54,347
11/10/2016 15:00,35013.63,28.33,12.67,0.45,2.37,5.52,174
11/10/2016 16:00,35013.67,22.22,9.35,0.89,1.43,5.51,18
11/10/2016 17:00,35013.71,22.22,10.65,2.68,1.5,5.49,6
11/10/2016 18:00,35013.76,20.56,10.02,2.68,1.33,5.47,6
11/10/2016 19:00,35013.8,21.11,10.54,3.58,1.69,5.46,6
11/10/2016 20:00,35013.84,17.22,8.57,0.89,1.87,5.44,6
11/10/2016 21:00,35013.88,17.78,9.61,2.24,1.57,5.42,6
11/10/2016 22:00,35013.92,17.78,9.09,3.58,1.52,5.4,6
11/10/2016 23:00,35013.97,16.11,10.38,2.24,1.55,5.41,7
11/11/2016 0:00,35014,18.33,9.08,2.24,1.12,5.37,6
11/11/2016 1:00,35014.04,17.78,8.29,2.68,1.31,5.35,6
11/11/2016 2:00,35014.08,18.33,6.76,3.58,1.38,5.34,6
11/11/2016 3:00,35014.13,16.11,6.46,0.89,3.98,5.32,6
11/11/2016 4:00,35014.17,15.56,5.67,1.34,2.02,5.3,6
11/11/2016 5:00,35014.21,15,7.72,2.24,1.38,5.29,6
11/11/2016 6:00,35014.25,16.67,7.25,1.79,0.93,5.27,14
11/11/2016 7:00,35014.29,19.44,8.09,0.45,5.67,5.25,123
11/11/2016 8:00,35014.34,21.11,9.63,0.45,6.14,5.23,284
11/11/2016 9:00,35014.38,25,13.21,0.45,0.75,5.22,420
11/11/2016 10:00,35014.42,27.22,11.27,1.34,3.82,5.2,517
11/11/2016 11:00,35014.46,28.89,10.1,0.89,3.98,5.18,539
11/11/2016 12:00,35014.5,32.22,10.93,0.45,3.18,5.17,484
11/11/2016 13:00,35014.55,30,7.88,0.89,3.26,4.16,473
11/11/2016 14:00,35014.59,30.56,7.76,0.89,4.64,5.36,350
11/11/2016 15:00,35014.63,27.78,7.09,0.45,3.4,5.38,99
11/11/2016 16:00,35014.67,23.89,4.75,1.34,1.97,5.4,27
11/11/2016 17:00,35014.71,23.89,5.24,1.34,1.73,5.42,6
11/11/2016 18:00,35014.76,21.67,5.9,1.79,1.43,5.44,6
11/11/2016 19:00,35014.8,21.67,6.3,3.13,1.57,5.46,6
11/11/2016 20:00,35014.84,20.56,4.91,3.58,1.54,5.49,6
11/11/2016 21:00,35014.88,21.11,5.8,3.58,1.45,5.51,6
11/11/2016 22:00,35014.92,20,4.81,3.58,1.57,5.53,6
11/11/2016 23:00,35014.97,16.67,8.81,3.58,1.5,5.39,6
11/12/2016 0:00,35015,21.11,5,3.13,1.57,5.57,6
11/12/2016 1:00,35015.04,19.44,3.92,1.34,5.92,5.59,6
11/12/2016 2:00,35015.08,16.11,4.09,0.89,4.56,5.61,6
11/12/2016 3:00,35015.13,16.67,5.23,1.79,1.47,5.63,6
11/12/2016 4:00,35015.17,18.33,5.8,3.13,1.48,5.65,6
11/12/2016 5:00,35015.21,17.22,6.05,2.24,1.34,5.67,6
11/12/2016 6:00,35015.25,16.11,4.09,2.24,1.9,5.7,10
11/12/2016 7:00,35015.29,17.22,5.74,0.89,6.06,5.72,67
11/12/2016 8:00,35015.34,17.78,7.15,0.45,4.24,5.74,254
11/12/2016 9:00,35015.38,21.67,9.82,0.45,3.79,5.76,354
11/12/2016 10:00,35015.42,24.44,10.31,0.89,5.76,5.78,418
11/12/2016 11:00,35015.46,26.11,10.28,0.45,2.27,5.8,521
11/12/2016 12:00,35015.5,26.67,10.36,0.45,1.55,5.82,454
11/12/2016 13:00,35015.55,28.89,10.57,1.34,4.43,4.33,465
11/12/2016 14:00,35015.59,28.89,10.57,0.45,5.59,5.51,343
11/12/2016 15:00,35015.63,26.11,9.87,0.89,4.56,5.49,188
11/12/2016 16:00,35015.67,22.22,8.3,0.45,3.93,5.48,42
11/12/2016 17:00,35015.71,20,8.29,0.45,4.73,5.46,6
11/12/2016 18:00,35015.76,18.89,8.48,0.45,5.1,5.44,6
11/12/2016 19:00,35015.8,17.78,9.61,1.79,1.59,5.43,6
11/12/2016 20:00,35015.84,17.22,8.83,1.79,1.82,5.41,6
11/12/2016 21:00,35015.88,15.56,7.76,2.24,1.64,5.4,6
11/12/2016 22:00,35015.92,15.56,8.01,0.45,0.38,5.38,6
11/12/2016 23:00,35015.97,21.11,5.41,4.02,1.55,5.55,6
11/13/2016 0:00,35016,15,7.72,3.13,1.85,5.35,6
11/13/2016 1:00,35016.04,15,7.24,1.79,1.5,5.33,6
11/13/2016 2:00,35016.08,15,6.23,1.34,1.99,5.31,6
11/13/2016 3:00,35016.13,13.33,4.92,0.89,1.75,5.3,6
11/13/2016 4:00,35016.17,13.33,6.37,2.24,1.31,5.28,6
11/13/2016 5:00,35016.21,13.33,6.37,2.68,1.57,5.27,6
11/13/2016 6:00,35016.25,12.22,5.55,2.24,1.71,5.25,12
11/13/2016 7:00,35016.29,15,6.99,1.34,1.5,5.23,102
11/13/2016 8:00,35016.34,18.33,8.81,0.45,0.63,5.22,259
11/13/2016 9:00,35016.38,21.67,11.05,0.45,4.31,5.2,403
11/13/2016 10:00,35016.42,23.89,11.54,1.79,4.15,5.19,494
11/13/2016 11:00,35016.46,25,11.88,0.89,3.56,5.17,523
11/13/2016 12:00,35016.5,26.67,11.95,0.45,4.8,5.15,479
11/13/2016 13:00,35016.55,26.67,11.57,1.34,3.84,4.69,451
11/13/2016 14:00,35016.59,27.22,11.67,0.89,4.29,5.75,333
11/13/2016 15:00,35016.63,26.11,10.28,0.45,3.54,5.7,200
11/13/2016 16:00,35016.67,21.11,7.65,0.45,4.56,5.66,53
11/13/2016 17:00,35016.71,20,9.21,1.34,1.27,5.61,6
11/13/2016 18:00,35016.76,18.33,7.96,1.79,1.48,5.56,6
11/13/2016 19:00,35016.8,18.33,8.81,2.24,1.54,5.51,6
11/13/2016 20:00,35016.84,17.22,8.83,2.24,1.33,5.46,6
11/13/2016 21:00,35016.88,15.56,8.01,2.68,1.64,5.42,6
11/13/2016 22:00,35016.92,15,8.19,2.68,1.41,5.37,6
11/13/2016 23:00,35016.97,14.44,7.66,2.24,1.82,5.36,6
11/14/2016 0:00,35017,15,8.42,3.58,1.75,5.27,6
11/14/2016 1:00,35017.04,13.89,7.13,3.58,1.64,5.23,6
11/14/2016 2:00,35017.08,13.33,6.83,2.68,1.47,5.18,6
11/14/2016 3:00,35017.13,12.78,6.3,2.24,1.64,5.13,6
11/14/2016 4:00,35017.17,13.33,7.06,2.68,1.8,5.08,6
11/14/2016 5:00,35017.21,13.33,6.83,3.58,1.54,5.04,6
11/14/2016 6:00,35017.25,12.22,5.55,4.02,1.68,4.99,11
11/14/2016 7:00,35017.29,14.44,7.19,2.24,1.68,4.94,111
11/14/2016 8:00,35017.34,17.22,8.57,1.34,1.4,4.89,272
11/14/2016 9:00,35017.38,22.22,10.96,0.89,5.64,4.85,417
11/14/2016 10:00,35017.42,24.44,12.05,1.34,4.9,4.8,513
11/14/2016 11:00,35017.46,24.44,10.67,1.34,3.82,4.75,537
11/14/2016 12:00,35017.5,26.67,11.17,0.89,4.61,4.7,493
11/14/2016 13:00,35017.55,28.33,11.42,0.89,4.01,4.17,464
11/14/2016 14:00,35017.59,28.33,11.42,0.45,3.54,5.45,340
11/14/2016 15:00,35017.63,25.56,8.52,0.45,4.21,5.41,185
11/14/2016 16:00,35017.67,21.11,6.57,0.89,4.43,5.38,39
11/14/2016 17:00,35017.71,20,7.65,0.89,0.77,5.35,6
11/14/2016 18:00,35017.76,18.33,7.96,0.89,0.8,5.31,6
11/14/2016 19:00,35017.8,16.67,7.25,1.79,1.52,5.28,6
11/14/2016 20:00,35017.84,16.11,7.78,3.13,1.34,5.25,6
11/14/2016 21:00,35017.88,15,7.48,4.02,1.52,5.21,6
11/14/2016 22:00,35017.92,14.44,7.19,3.13,1.71,5.18,6
11/14/2016 23:00,35017.97,14.44,7.89,3.58,1.54,5.32,6
11/15/2016 0:00,35018,13.89,6.67,4.02,1.54,5.11,6
11/15/2016 1:00,35018.04,14.44,6.95,3.58,1.64,5.08,6
11/15/2016 2:00,35018.08,12.78,5.85,2.68,1.54,5.05,6
11/15/2016 3:00,35018.13,12.78,5.14,2.24,1.52,5.01,6
11/15/2016 4:00,35018.17,12.78,5.61,3.13,1.57,4.98,6
11/15/2016 5:00,35018.21,12.22,5.32,2.68,1.54,4.94,6
11/15/2016 6:00,35018.25,11.67,3.35,2.24,1.68,4.91,11
11/15/2016 7:00,35018.29,13.89,4.92,2.24,1.54,4.88,106
11/15/2016 8:00,35018.34,16.67,6.13,0.45,1.24,4.84,263
11/15/2016 9:00,35018.38,20,8.6,0.45,1.73,4.81,406
11/15/2016 10:00,35018.42,22.78,10.84,0.45,0.02,4.78,501
11/15/2016 11:00,35018.46,23.89,10.87,0.89,1.26,4.74,532
11/15/2016 12:00,35018.5,25.56,10.18,0.89,3.87,4.71,490
11/15/2016 13:00,35018.55,25,12.22,1.34,4.36,4.9,439
11/15/2016 14:00,35018.59,25.56,13.07,0.45,4.21,5.98,321
11/15/2016 15:00,35018.63,23.89,11.21,0.89,4.85,5.9,172
11/15/2016 16:00,35018.67,19.44,8.7,0.89,4.56,5.82,37
11/15/2016 17:00,35018.71,16.67,8.05,0.45,4.42,5.74,6
11/15/2016 18:00,35018.76,16.67,8.31,0.45,4.42,5.66,6
11/15/2016 19:00,35018.8,15.56,8.72,1.34,0.72,5.59,6
11/15/2016 20:00,35018.84,14.44,8.34,0.45,1.2,5.51,6
11/15/2016 21:00,35018.88,13.33,7.93,0.45,4.9,5.43,6
11/15/2016 22:00,35018.92,14.44,9.62,1.34,1.2,5.35,6
11/15/2016 23:00,35018.97,14.44,7.89,3.13,1.85,5.15,6
11/16/2016 0:00,35019,13.89,9.49,0.89,3.7,5.19,6
11/16/2016 1:00,35019.04,12.22,8.27,1.34,4.49,5.11,6
11/16/2016 2:00,35019.08,13.33,8.75,1.34,5.59,5.03,6
11/16/2016 3:00,35019.13,11.67,6.33,0.45,5.29,4.95,6
11/16/2016 4:00,35019.17,12.78,6.3,4.92,5.71,4.87,6
11/16/2016 5:00,35019.21,11.67,4.79,0.89,5.17,4.79,6
11/16/2016 6:00,35019.25,11.11,4.94,1.79,5.46,4.71,8
11/16/2016 7:00,35019.29,11.67,5.47,1.79,5.62,4.64,61
11/16/2016 8:00,35019.34,11.67,4.79,4.92,5.76,4.56,99
11/16/2016 9:00,35019.38,14.44,6.71,5.81,5.93,4.48,293
11/16/2016 10:00,35019.42,16.11,6.46,2.68,5.67,4.4,406
11/16/2016 11:00,35019.46,16.67,5.23,1.34,5.1,4.32,570
11/16/2016 12:00,35019.5,16.67,5.23,1.79,5.34,4.24,503
11/16/2016 13:00,35019.55,17.22,4.46,2.68,5.06,3.82,468
11/16/2016 14:00,35019.59,16.67,3.95,3.13,5.36,5.14,344
11/16/2016 15:00,35019.63,15.56,3.9,1.34,4.59,5.12,186
11/16/2016 16:00,35019.67,13.33,2.76,2.24,5.6,5.09,38
11/16/2016 17:00,35019.71,12.22,2.01,4.47,5.85,5.06,6
11/16/2016 18:00,35019.76,12.22,2.57,3.13,5.64,5.04,6
11/16/2016 19:00,35019.8,11.11,2.07,1.79,5.85,5.01,6
11/16/2016 20:00,35019.84,11.11,2.33,3.13,5.86,4.98,6
11/16/2016 21:00,35019.88,8.33,0.47,1.79,4.59,4.96,6
11/16/2016 22:00,35019.92,7.22,1.44,0.89,0.49,4.93,7
11/16/2016 23:00,35019.97,15,10.77,0.89,3.49,5.27,6
11/17/2016 0:00,35020,5,0.12,0.45,4.43,4.88,7
11/17/2016 1:00,35020.04,5,0.51,0.89,2.02,4.85,7
11/17/2016 2:00,35020.08,5.56,1.23,0.89,4.99,4.82,7
11/17/2016 3:00,35020.13,7.22,2.45,3.13,1.43,4.8,7
11/17/2016 4:00,35020.17,5.56,1.04,1.34,3.82,4.77,7
11/17/2016 5:00,35020.21,3.89,-0.76,2.24,2.29,4.74,7
11/17/2016 6:00,35020.25,5.56,0.65,2.68,2.37,4.72,11
11/17/2016 7:00,35020.29,7.78,2.79,1.79,1.69,4.69,107
11/17/2016 8:00,35020.34,10.56,3.51,0.89,4.1,4.66,264
11/17/2016 9:00,35020.38,13.33,4.66,0.45,1.64,4.64,404
11/17/2016 10:00,35020.42,15,5.15,2.24,3.82,4.61,499
11/17/2016 11:00,35020.46,15.56,4.81,0.89,1.95,4.59,535
11/17/2016 12:00,35020.5,18.33,6.13,0.89,4.31,4.56,490
11/17/2016 13:00,35020.55,18.33,5.13,0.45,5.88,4.24,454
11/17/2016 14:00,35020.59,19.44,5.43,0.45,5.86,5.45,333
11/17/2016 15:00,35020.63,17.78,3.56,0.89,4.5,5.4,182
11/17/2016 16:00,35020.67,12.22,-0.42,0.45,3.68,5.35,37
11/17/2016 17:00,35020.71,11.67,0.33,1.79,5.88,5.3,6
11/17/2016 18:00,35020.76,12.22,2.57,1.34,6.07,5.26,6
11/17/2016 19:00,35020.8,10,1.54,2.68,1.48,5.21,6
11/17/2016 20:00,35020.84,10,2.28,3.13,1.59,5.16,6
11/17/2016 21:00,35020.88,9.44,2.45,3.13,1.64,5.11,6
11/17/2016 22:00,35020.92,7.78,1.75,2.68,1.73,5.06,6
11/17/2016 23:00,35020.97,6.67,1.11,0.45,2.5,4.9,7
11/18/2016 0:00,35021,8.89,2.6,3.58,1.61,4.97,6
11/18/2016 1:00,35021.04,9.44,2.68,3.13,1.73,4.92,6
11/18/2016 2:00,35021.08,7.78,1.54,2.24,1.87,4.87,7
11/18/2016 3:00,35021.13,7.22,0.79,2.24,1.82,4.82,7
11/18/2016 4:00,35021.17,7.22,0.79,3.13,1.85,4.77,7
11/18/2016 5:00,35021.21,7.78,1.54,3.13,1.8,4.73,7
11/18/2016 6:00,35021.25,7.22,0.79,4.92,1.99,4.68,10
11/18/2016 7:00,35021.29,9.44,2.22,3.58,1.34,4.63,102
11/18/2016 8:00,35021.34,12.78,3.62,1.79,1.66,4.58,261
11/18/2016 9:00,35021.38,16.11,4.72,2.24,1.26,4.53,399
11/18/2016 10:00,35021.42,17.78,3.56,1.79,0.28,4.49,493
11/18/2016 11:00,35021.46,20,1.84,2.24,0.91,4.44,540
11/18/2016 12:00,35021.5,23.33,3.77,0.89,2.84,4.39,493
11/18/2016 13:00,35021.55,24.44,3.12,0.45,2.97,4.08,456
11/18/2016 14:00,35021.59,24.44,1.96,0.89,4.75,5.26,336
11/18/2016 15:00,35021.63,21.67,-1.01,0.45,3.05,5.48,185
11/18/2016 16:00,35021.67,16.67,-3.01,0.89,2.88,5.7,37
11/18/2016 17:00,35021.71,15,-3.46,1.34,1.36,5.91,6
11/18/2016 18:00,35021.76,14.44,-1.73,3.58,1.61,6.13,6
11/18/2016 19:00,35021.8,13.89,-0.29,3.58,1.88,6.34,6
11/18/2016 20:00,35021.84,12.78,-1.29,4.02,1.61,6.56,6
11/18/2016 21:00,35021.88,13.33,-0.79,3.13,1.68,6.77,6
11/18/2016 22:00,35021.92,12.78,-1.66,4.92,1.57,6.99,6
11/18/2016 23:00,35021.97,8.33,1.85,4.02,1.66,5.01,6
11/19/2016 0:00,35022,13.33,-0.79,3.13,1.55,7.42,6
11/19/2016 1:00,35022.04,12.22,-1.79,3.13,1.57,7.63,6
11/19/2016 2:00,35022.08,12.78,-0.59,3.13,1.45,7.85,6
11/19/2016 3:00,35022.13,11.67,-0.92,1.34,2.11,8.06,6
11/19/2016 4:00,35022.17,10.56,-3.64,0,1.85,8.28,6
11/19/2016 5:00,35022.21,10.56,-1.61,2.68,1.64,8.49,6
11/19/2016 6:00,35022.25,10.56,-0.68,1.79,1.48,8.71,9
11/19/2016 7:00,35022.29,12.78,1.05,2.24,1.8,8.92,54
11/19/2016 8:00,35022.34,15.56,2.94,2.68,1.08,9.14,258
11/19/2016 9:00,35022.38,18.33,5.13,2.24,1.54,9.35,254
11/19/2016 10:00,35022.42,20.56,3.67,1.34,3.19,9.57,451
11/19/2016 11:00,35022.46,20,1.36,0.45,4.36,9.78,236
11/19/2016 12:00,35022.5,20.56,0.85,0.45,0.31,10,157
11/19/2016 13:00,35022.55,18.33,0.38,3.13,1.52,10,140
11/19/2016 14:00,35022.59,19.44,-0.11,2.68,1.94,10,91
11/19/2016 15:00,35022.63,19.44,-1.16,2.68,2.43,9.94,71
11/19/2016 16:00,35022.67,18.33,-4.44,3.58,2.02,9.89,52
11/19/2016 17:00,35022.71,16.67,-5.23,0.89,2.65,9.83,6
11/19/2016 18:00,35022.76,17.22,-2.03,1.79,1.33,9.77,6
11/19/2016 19:00,35022.8,15,-2.53,2.68,1.82,9.71,6
11/19/2016 20:00,35022.84,14.44,-0.93,2.68,1.5,9.66,6
11/19/2016 21:00,35022.88,13.33,-0.79,3.13,1.83,9.6,6
11/19/2016 22:00,35022.92,13.33,0.26,4.02,1.52,9.54,6
11/19/2016 23:00,35022.97,13.33,-0.44,3.13,1.59,7.2,6
11/20/2016 0:00,35023,12.78,-0.25,2.68,1.24,9.43,6
11/20/2016 1:00,35023.04,12.22,-0.75,2.68,1.61,9.37,6
11/20/2016 2:00,35023.08,11.67,-0.92,4.02,1.57,9.31,6
11/20/2016 3:00,35023.13,11.67,-0.92,4.02,1.83,9.25,6
11/20/2016 4:00,35023.17,12.22,-0.75,4.02,1.54,9.2,6
11/20/2016 5:00,35023.21,12.78,0.09,1.79,1.59,9.14,6
11/20/2016 6:00,35023.25,12.78,0.73,3.13,1.92,9.08,8
11/20/2016 7:00,35023.29,12.78,0.41,3.13,1.85,9.03,61
11/20/2016 8:00,35023.34,15,2.1,1.34,3.7,8.97,150
11/20/2016 9:00,35023.38,20,5.57,0.45,1.33,8.91,377
11/20/2016 10:00,35023.42,20,5.19,1.34,0.05,8.85,533
11/20/2016 11:00,35023.46,20.56,4.51,0.89,4.26,8.8,458
11/20/2016 12:00,35023.5,18.89,3.81,2.24,0.03,8.74,281
11/20/2016 13:00,35023.55,18.33,4.78,3.58,1.17,10,157
11/20/2016 14:00,35023.59,18.33,4.06,1.34,2.29,10,79
11/20/2016 15:00,35023.63,13.33,5.9,0.89,4.43,9.99,13
11/20/2016 16:00,35023.67,12.22,7.68,3.58,5.2,9.97,7
11/20/2016 17:00,35023.71,11.67,7.34,4.02,2.18,9.96,6
11/20/2016 18:00,35023.76,12.22,7.27,1.79,2.32,9.94,6
11/20/2016 19:00,35023.8,11.67,7.54,1.79,4.56,9.93,7
11/20/2016 20:00,35023.84,12.22,7.88,2.68,0.87,9.91,7
11/20/2016 21:00,35023.88,13.33,8.34,3.13,0.96,9.9,7
11/20/2016 22:00,35023.92,11.67,7.14,1.79,1.94,9.88,7
11/20/2016 23:00,35023.97,12.22,-0.75,2.24,1.57,9.48,6
11/21/2016 0:00,35024,12.78,8.42,0.45,2.97,9.85,7
11/21/2016 1:00,35024.04,10.56,7.4,0,3.51,9.84,7
11/21/2016 2:00,35024.08,11.67,8.67,0.89,1.78,9.83,7
11/21/2016 3:00,35024.13,11.11,8.48,0.45,2.83,9.81,7
11/21/2016 4:00,35024.17,11.11,8.66,0.45,3.8,9.8,7
11/21/2016 5:00,35024.21,11.11,8.66,0.89,5.27,9.78,7
11/21/2016 6:00,35024.25,11.11,8.83,0.45,3.74,9.77,7
11/21/2016 7:00,35024.29,11.11,8.83,0.45,5.53,9.75,16
11/21/2016 8:00,35024.34,12.22,9.93,0.45,4.38,9.74,59
11/21/2016 9:00,35024.38,13.33,11.02,0.45,6.09,9.72,119
11/21/2016 10:00,35024.42,12.78,9.93,0.89,4.26,9.71,151
11/21/2016 11:00,35024.46,13.33,10.66,1.34,4.85,9.7,107
11/21/2016 12:00,35024.5,15,11.16,4.47,5.9,9.68,217
11/21/2016 13:00,35024.55,15.56,11.31,1.79,5.25,9.35,217
11/21/2016 14:00,35024.59,15.56,10.28,0.89,4.99,5.77,315
11/21/2016 15:00,35024.63,15,9.95,1.79,5.48,5.78,116
11/21/2016 16:00,35024.67,12.22,7.27,0.45,5.53,5.78,34
11/21/2016 17:00,35024.71,10.56,6.65,0.89,5.38,5.79,6
11/21/2016 18:00,35024.76,11.11,7.38,1.79,0.75,5.8,6
11/21/2016 19:00,35024.8,10,6.3,0.45,4.52,5.8,6
11/21/2016 20:00,35024.84,10.56,7.4,0.89,0.02,5.81,6
11/21/2016 21:00,35024.88,10.56,7.76,2.24,1.59,5.82,6
11/21/2016 22:00,35024.92,8.33,5.58,0.89,4.45,5.82,6
11/21/2016 23:00,35024.97,12.22,8.07,2.68,1.29,9.87,7
11/22/2016 0:00,35025,8.33,6.1,2.24,1.71,5.84,6
11/22/2016 1:00,35025.04,8.89,6.65,2.68,1.33,5.84,7
11/22/2016 2:00,35025.08,9.44,7.02,2.68,1.66,5.85,7
11/22/2016 3:00,35025.13,8.33,6.1,2.24,1.83,5.85,7
11/22/2016 4:00,35025.17,8.33,6.1,2.68,1.87,5.86,7
11/22/2016 5:00,35025.21,8.33,5.76,3.13,1.92,5.87,7
11/22/2016 6:00,35025.25,6.67,4.29,2.24,1.87,5.87,10
11/22/2016 7:00,35025.29,9.44,6.49,3.58,1.94,5.88,92
11/22/2016 8:00,35025.34,11.67,7.92,1.34,1.82,5.89,246
11/22/2016 9:00,35025.38,13.33,9.35,0.89,4.82,5.89,376
11/22/2016 10:00,35025.42,15,10.57,2.24,4.57,5.9,449
11/22/2016 11:00,35025.46,17.22,11.44,0.89,3.12,5.91,469
11/22/2016 12:00,35025.5,17.78,11.53,0.89,5.29,5.91,427
11/22/2016 13:00,35025.55,18.89,11.89,0.45,4.33,5.16,414
11/22/2016 14:00,35025.59,17.22,10.3,0.45,4.75,8.41,216
11/22/2016 15:00,35025.63,16.11,9.25,0.45,4.08,8.23,125
11/22/2016 16:00,35025.67,13.89,8.03,0.45,4.26,8.06,25
11/22/2016 17:00,35025.71,12.78,7.6,0.45,0.54,7.89,6
11/22/2016 18:00,35025.76,12.78,8.42,0.89,1.38,7.71,6
11/22/2016 19:00,35025.8,11.11,6.6,0.45,2.32,7.54,6
11/22/2016 20:00,35025.84,11.11,7.38,1.34,1.78,7.36,6
11/22/2016 21:00,35025.88,11.11,7.76,2.68,1.99,7.19,6
11/22/2016 22:00,35025.92,10,6.85,1.79,1.68,7.02,6
11/22/2016 23:00,35025.97,8.89,6.65,1.79,1.83,5.83,6
11/23/2016 0:00,35026,10.56,7.58,2.24,1.94,6.67,7
11/23/2016 1:00,35026.04,9.44,6.49,1.79,1.82,6.49,7
11/23/2016 2:00,35026.08,10.56,7.76,2.68,1.57,6.32,7
11/23/2016 3:00,35026.13,10.56,7.58,2.24,1.55,6.15,7
11/23/2016 4:00,35026.17,11.11,8.12,1.34,1.12,5.97,6
11/23/2016 5:00,35026.21,11.11,8.12,0.45,1.78,5.8,7
11/23/2016 6:00,35026.25,11.11,8.3,1.79,1.66,5.62,6
11/23/2016 7:00,35026.29,11.11,8.3,1.34,5.64,5.45,16
11/23/2016 8:00,35026.34,10.56,8.11,0.89,4.36,5.28,59
11/23/2016 9:00,35026.38,11.67,9.03,1.79,5.81,5.1,104
11/23/2016 10:00,35026.42,15.56,12.09,0.89,3.35,4.93,307
11/23/2016 11:00,35026.46,15.56,10.06,2.24,6.11,4.75,512
11/23/2016 12:00,35026.5,17.78,9.86,0.89,4.66,4.58,475
11/23/2016 13:00,35026.55,16.67,7.52,5.81,5.88,4.38,436
11/23/2016 14:00,35026.59,17.22,8.04,7.15,5.78,5.57,317
11/23/2016 15:00,35026.63,16.11,7,1.34,5.13,5.53,168
11/23/2016 16:00,35026.67,12.22,4.37,1.79,5.59,5.49,31
11/23/2016 17:00,35026.71,11.11,3.32,3.13,5.45,5.44,6
11/23/2016 18:00,35026.76,10,2.98,2.24,6.21,5.4,6
11/23/2016 19:00,35026.8,9.44,3.13,0.45,6.23,5.35,7
11/23/2016 20:00,35026.84,8.89,2.82,1.79,1.88,5.31,7
11/23/2016 21:00,35026.88,9.44,4.19,1.79,1.78,5.27,6
11/23/2016 22:00,35026.92,7.22,2.65,0.89,4.19,5.22,7
11/23/2016 23:00,35026.97,10,7.04,1.79,1.69,6.84,6
11/24/2016 0:00,35027,8.33,4.11,2.68,1.55,5.13,7
11/24/2016 1:00,35027.04,8.33,4.3,2.68,1.57,5.09,7
11/24/2016 2:00,35027.08,7.22,3.41,1.34,1.99,5.05,7
11/24/2016 3:00,35027.13,6.11,2.33,0.45,4.26,5,7
11/24/2016 4:00,35027.17,4.44,1.25,1.79,1.55,4.96,7
11/24/2016 5:00,35027.21,6.11,2.33,3.58,1.88,4.91,7
11/24/2016 6:00,35027.25,6.67,2.87,3.13,1.85,4.87,9
11/24/2016 7:00,35027.29,8.89,4.26,2.24,1.9,4.83,84
11/24/2016 8:00,35027.34,9.44,3.56,3.58,1.24,4.78,234
11/24/2016 9:00,35027.38,12.78,6.53,0.45,2.51,4.74,373
11/24/2016 10:00,35027.42,15.56,8.01,0.89,3.6,4.69,469
11/24/2016 11:00,35027.46,15.56,7.26,0.89,4.83,4.65,515
11/24/2016 12:00,35027.5,17.78,8.01,1.34,6.07,4.61,472
11/24/2016 13:00,35027.55,19.44,8.99,0.45,4.64,4.68,425
11/24/2016 14:00,35027.59,20,9.21,0.45,4.05,5.79,309
11/24/2016 15:00,35027.63,17.78,7.15,0.45,4.15,5.82,159
11/24/2016 16:00,35027.67,13.33,4.14,1.34,3.84,5.85,29
11/24/2016 17:00,35027.71,11.11,2.83,0.45,5.34,5.88,7
11/24/2016 18:00,35027.76,11.67,5.69,0.89,1.68,5.92,7
11/24/2016 19:00,35027.8,10.56,5.05,2.24,1.61,5.95,7
11/24/2016 20:00,35027.84,9.44,3.77,1.79,1.8,5.98,7
11/24/2016 21:00,35027.88,8.89,3.86,1.79,1.55,6.02,7
11/24/2016 22:00,35027.92,8.89,4.65,2.68,1.87,6.05,7
11/24/2016 23:00,35027.97,6.67,2.5,1.79,2.2,5.18,7
11/25/2016 0:00,35028,8.33,3.92,3.13,1.55,6.11,7
11/25/2016 1:00,35028.04,7.22,3.04,2.24,1.62,6.15,7
11/25/2016 2:00,35028.08,6.67,1.72,2.68,1.57,6.18,7
11/25/2016 3:00,35028.13,6.11,1.58,3.13,1.5,6.21,7
11/25/2016 4:00,35028.17,5.56,1.04,2.68,1.82,6.25,7
11/25/2016 5:00,35028.21,5,0.7,1.34,1.78,6.28,7
11/25/2016 6:00,35028.25,5,0.51,3.58,1.57,6.31,10
11/25/2016 7:00,35028.29,6.11,0.99,2.24,1.78,6.34,92
11/25/2016 8:00,35028.34,10,3.43,1.34,4.36,6.38,234
11/25/2016 9:00,35028.38,12.78,6.3,0.89,2.01,6.41,366
11/25/2016 10:00,35028.42,16.11,8.04,0.89,1.31,6.44,447
11/25/2016 11:00,35028.46,16.67,8.05,0.45,0.3,6.48,440
11/25/2016 12:00,35028.5,18.89,9.05,0.45,2.18,6.51,395
11/25/2016 13:00,35028.55,16.67,6.98,0.45,0.77,7.64,306
11/25/2016 14:00,35028.59,15.56,6.48,0,2.2,9.59,158
11/25/2016 15:00,35028.63,14.44,5.71,1.34,2.02,9.61,58
11/25/2016 16:00,35028.67,13.33,5.42,1.34,4.36,9.63,14
11/25/2016 17:00,35028.71,11.67,4.79,1.34,1.71,9.64,6
11/25/2016 18:00,35028.76,12.22,5.09,3.58,1.83,9.66,6
11/25/2016 19:00,35028.8,12.78,3.36,1.79,2.22,9.68,6
11/25/2016 20:00,35028.84,12.22,3.1,1.79,3.91,9.7,6
11/25/2016 21:00,35028.88,10.56,2.8,2.68,1.38,9.72,6
11/25/2016 22:00,35028.92,11.67,2.85,2.68,2.2,9.74,6
11/25/2016 23:00,35028.97,8.33,3.53,3.13,1.59,6.08,7
11/26/2016 0:00,35029,10,2.98,4.47,1.22,9.78,8
11/26/2016 1:00,35029.04,11.11,2.33,4.92,1.5,9.79,7
11/26/2016 2:00,35029.08,10,0.5,4.47,1.57,9.81,7
11/26/2016 3:00,35029.13,8.89,0.25,4.02,1.52,9.83,7
11/26/2016 4:00,35029.17,9.44,0.77,1.79,1.29,9.85,7
11/26/2016 5:00,35029.21,11.67,-0.92,2.24,1.87,9.87,7
11/26/2016 6:00,35029.25,11.11,-3.15,2.24,1.68,9.89,8
11/26/2016 7:00,35029.29,13.33,-1.92,1.79,2.53,9.91,83
11/26/2016 8:00,35029.34,14.44,-1.32,1.79,3.82,9.93,240
11/26/2016 9:00,35029.38,16.67,1.44,2.24,3.65,9.94,349
11/26/2016 10:00,35029.42,17.22,4.79,0.45,5.18,9.96,466
11/26/2016 11:00,35029.46,16.11,4.41,0.45,4.5,9.98,378
11/26/2016 12:00,35029.5,15,4.58,1.34,2.23,10,188
11/26/2016 13:00,35029.55,11.67,4.33,1.79,4.17,10,116
11/26/2016 14:00,35029.59,8.89,4.26,0.89,4.97,10,20
11/26/2016 15:00,35029.63,7.78,4.32,1.34,2.41,9.79,15
11/26/2016 16:00,35029.67,7.78,4.5,1.79,1.13,9.57,15
11/26/2016 17:00,35029.71,8.33,4.68,1.34,2.22,9.36,7
11/26/2016 18:00,35029.76,8.33,4.68,2.68,2.18,9.15,7
11/26/2016 19:00,35029.8,7.78,3.76,2.24,2.32,8.94,7
11/26/2016 20:00,35029.84,7.78,4.14,2.24,2.27,8.72,7
11/26/2016 21:00,35029.88,6.67,3.42,3.13,1.95,8.51,7
11/26/2016 22:00,35029.92,7.78,5.04,3.13,2.44,8.3,7
11/26/2016 23:00,35029.97,10.56,3.51,3.13,1.62,9.76,7
11/27/2016 0:00,35030,7.22,4.49,1.79,2.46,7.87,7
11/27/2016 1:00,35030.04,7.22,4.67,2.68,2.62,7.66,7
11/27/2016 2:00,35030.08,7.22,5.01,0.89,2.93,7.45,7
11/27/2016 3:00,35030.13,8.33,6.27,2.24,2.64,7.24,7
11/27/2016 4:00,35030.17,8.33,6.27,2.68,2.67,7.02,7
11/27/2016 5:00,35030.21,8.33,6.44,2.68,2.98,6.81,7
11/27/2016 6:00,35030.25,8.33,6.27,0.45,2.81,6.6,7
11/27/2016 7:00,35030.29,7.78,5.89,1.79,2.41,6.39,30
11/27/2016 8:00,35030.34,9.44,7.02,2.68,2.3,6.17,160
11/27/2016 9:00,35030.38,10.56,7.4,0.89,4.94,5.96,221
11/27/2016 10:00,35030.42,9.44,6.31,0.89,1.24,5.75,155
11/27/2016 11:00,35030.46,12.78,9.19,0.89,4.92,5.53,386
11/27/2016 12:00,35030.5,14.44,9.21,2.24,5.65,5.32,441
11/27/2016 13:00,35030.55,12.78,6.3,5.81,5.85,6.61,350
11/27/2016 14:00,35030.59,14.44,7.19,2.24,5.95,5.09,323
11/27/2016 15:00,35030.63,13.33,6.37,1.79,4.73,5.29,159
11/27/2016 16:00,35030.67,10,3.66,0.45,4.63,5.5,33
11/27/2016 17:00,35030.71,10,3.66,0.89,5.01,5.7,7
11/27/2016 18:00,35030.76,8.89,3.03,0.45,4.75,5.91,7
11/27/2016 19:00,35030.8,8.89,3.45,0.89,4.52,6.11,7
11/27/2016 20:00,35030.84,8.33,3.72,1.34,1.85,6.31,7
11/27/2016 21:00,35030.88,8.89,4.84,1.34,2.27,6.52,7
11/27/2016 22:00,35030.92,8.89,5.03,2.68,1.24,6.72,7
11/27/2016 23:00,35030.97,7.78,5.21,3.13,2.74,8.09,7
11/28/2016 0:00,35031,7.22,3.6,0.89,0.72,7.13,7
11/28/2016 1:00,35031.04,8.33,4.3,1.79,2.3,7.33,7
11/28/2016 2:00,35031.08,9.44,4.99,2.24,1.47,7.53,7
11/28/2016 3:00,35031.13,8.89,4.26,2.68,1.34,7.74,7
11/28/2016 4:00,35031.17,9.44,4.99,1.34,4.49,7.94,7
11/28/2016 5:00,35031.21,6.67,3.78,0.89,4.66,8.14,7
11/28/2016 6:00,35031.25,7.22,4.14,1.34,2.41,8.35,8
11/28/2016 7:00,35031.29,10,6.11,0.45,2.09,8.55,33
11/28/2016 8:00,35031.34,10,5.92,0.45,2.13,8.75,99
11/28/2016 9:00,35031.38,11.11,7.57,0.89,4.82,8.96,177
11/28/2016 10:00,35031.42,13.89,8.88,0.45,4.92,9.16,230
11/28/2016 11:00,35031.46,12.78,6.97,2.24,0.1,9.36,297
11/28/2016 12:00,35031.5,13.33,8.34,1.79,5.76,9.57,218
11/28/2016 13:00,35031.55,12.22,7.07,0.89,5.2,7.76,296
11/28/2016 14:00,35031.59,11.67,6.53,1.79,5.01,7.94,228
11/28/2016 15:00,35031.63,10.56,6.26,4.92,5.86,7.78,74
11/28/2016 16:00,35031.67,10.56,6.65,1.79,5.83,7.62,17
11/28/2016 17:00,35031.71,10,6.49,1.79,5.22,7.45,7
11/28/2016 18:00,35031.76,10,6.49,4.47,5.74,7.29,6
11/28/2016 19:00,35031.8,8.89,5.59,1.79,4.69,7.13,7
11/28/2016 20:00,35031.84,8.33,5.41,1.34,4.9,6.97,7
11/28/2016 21:00,35031.88,8.89,6.13,0.89,4.66,6.8,7
11/28/2016 22:00,35031.92,7.78,5.21,0.45,4.12,6.64,7
11/28/2016 23:00,35031.97,8.89,5.03,0.45,4.36,6.92,7
11/29/2016 0:00,35032,8.33,5.76,0.89,4.83,6.31,7
11/29/2016 1:00,35032.04,8.33,5.93,0.89,3.96,6.15,7
11/29/2016 2:00,35032.08,8.33,5.93,0.45,2.5,5.99,7
11/29/2016 3:00,35032.13,7.78,5.38,0.45,2.74,5.83,7
11/29/2016 4:00,35032.17,8.33,5.93,0.45,4.35,5.66,7
11/29/2016 5:00,35032.21,7.22,5.01,1.34,2.04,5.5,7
11/29/2016 6:00,35032.25,6.67,4.46,0.45,1.85,5.34,8
11/29/2016 7:00,35032.29,7.78,5.56,0.89,2.72,5.17,37
11/29/2016 8:00,35032.34,10,7.04,0.45,1.64,5.01,98
11/29/2016 9:00,35032.38,12.22,8.65,0.89,1.45,4.85,199
11/29/2016 10:00,35032.42,15.56,11.11,1.34,3.58,4.69,318
11/29/2016 11:00,35032.46,15.56,10.28,0.89,5.04,4.52,427
11/29/2016 12:00,35032.5,16.11,9.25,0.89,4.17,4.36,470
11/29/2016 13:00,35032.55,17.78,10.35,0.89,0.49,4.32,426
11/29/2016 14:00,35032.59,17.22,9.08,1.34,2.97,5.5,309
11/29/2016 15:00,35032.63,16.11,8.04,0.45,4.71,5.47,162
11/29/2016 16:00,35032.67,11.11,5.15,0.89,4.76,5.43,28
11/29/2016 17:00,35032.71,8.89,4.26,0.89,4.61,5.4,7
11/29/2016 18:00,35032.76,8.33,4.11,0.45,4.24,5.37,7
11/29/2016 19:00,35032.8,8.33,4.86,1.34,3.77,5.34,7
11/29/2016 20:00,35032.84,6.67,3.42,0.45,5.24,5.31,7
11/29/2016 21:00,35032.88,7.22,4.32,2.68,1.9,5.28,7
11/29/2016 22:00,35032.92,7.78,4.68,0.45,4.15,5.25,7
11/29/2016 23:00,35032.97,7.78,5.21,1.34,4.68,6.48,7
11/30/2016 0:00,35033,7.22,3.96,0.89,1.78,5.18,7
11/30/2016 1:00,35033.04,7.22,4.14,3.13,1.47,5.15,7
11/30/2016 2:00,35033.08,7.22,3.78,3.58,1.5,5.12,7
11/30/2016 3:00,35033.13,8.33,4.49,4.02,1.12,5.09,7
11/30/2016 4:00,35033.17,6.67,3.06,4.02,1.59,5.06,7
11/30/2016 5:00,35033.21,7.78,3.76,4.02,1.5,5.03,7
11/30/2016 6:00,35033.25,6.67,2.87,2.68,1.73,5,8
11/30/2016 7:00,35033.29,7.78,3.57,3.58,1.61,4.97,75
11/30/2016 8:00,35033.34,8.89,4.84,1.79,1.87,4.93,145
11/30/2016 9:00,35033.38,12.22,7.68,1.34,4.28,4.9,318
11/30/2016 10:00,35033.42,12.78,7.81,0.89,4.22,4.87,416
11/30/2016 11:00,35033.46,13.89,8.03,0.45,5.45,4.84,493
11/30/2016 12:00,35033.5,16.67,10.01,0.45,3.44,4.81,454
11/30/2016 13:00,35033.55,17.78,10.59,0.89,4.24,4.65,415
11/30/2016 14:00,35033.59,16.67,8.56,0.45,4.24,5.66,303
11/30/2016 15:00,35033.63,15.56,7.76,0.89,4.63,5.86,155
11/30/2016 16:00,35033.67,11.11,4.94,0.45,4.68,6.06,24
11/30/2016 17:00,35033.71,9.44,4.19,0.89,5.65,6.25,7
11/30/2016 18:00,35033.76,10,4.72,0.89,5.81,6.45,7
11/30/2016 19:00,35033.8,10,5.33,0.89,0.03,6.65,7
11/30/2016 20:00,35033.84,8.89,4.84,2.24,0.98,6.84,7
11/30/2016 21:00,35033.88,7.78,4.14,3.13,1.95,7.04,7
11/30/2016 22:00,35033.92,6.11,2.7,1.79,4.69,7.24,7
11/30/2016 23:00,35033.97,7.22,4.14,2.24,1.92,5.22,7
12/1/2016 0:00,35034,8.33,5.05,3.13,1.64,7.63,7
12/1/2016 1:00,35034.04,6.11,3.41,0.89,4.33,7.83,7
12/1/2016 2:00,35034.08,6.11,3.41,0.89,1.83,8.03,7
12/1/2016 3:00,35034.13,5.56,2.69,1.34,4.56,8.22,7
12/1/2016 4:00,35034.17,6.11,3.58,0.89,4.5,8.42,7
12/1/2016 5:00,35034.21,4.44,2.28,0.45,4.07,8.62,7
12/1/2016 6:00,35034.25,5,2.99,0.45,3.51,8.82,7
12/1/2016 7:00,35034.29,5.56,3.54,0.89,3.68,9.01,53
12/1/2016 8:00,35034.34,6.11,4.08,1.34,2.53,9.21,74
12/1/2016 9:00,35034.38,10.56,7.58,0.89,4.35,9.41,314
12/1/2016 10:00,35034.42,8.89,6.48,0.89,3.91,9.61,166
12/1/2016 11:00,35034.46,10,7.04,0.45,5.93,9.8,173
12/1/2016 12:00,35034.5,10.56,7.4,0.45,1.85,10,132
12/1/2016 13:00,35034.55,10,6.67,1.79,1.66,9.86,177
12/1/2016 14:00,35034.59,10.56,7.03,0.45,4.1,10,115
12/1/2016 15:00,35034.63,10,6.49,0.45,3.87,9.94,45
12/1/2016 16:00,35034.67,9.44,6.31,1.34,5.81,9.88,15
12/1/2016 17:00,35034.71,7.78,4.86,0.45,5.39,9.82,7
12/1/2016 18:00,35034.76,7.22,4.67,0.45,5.1,9.76,7
12/1/2016 19:00,35034.8,6.67,4.12,0.45,4.22,9.7,7
12/1/2016 20:00,35034.84,6.11,3.92,0.89,4.24,9.63,7
12/1/2016 21:00,35034.88,5.56,3.54,0.45,2.57,9.57,7
12/1/2016 22:00,35034.92,5.56,3.7,0.89,1.5,9.51,7
12/1/2016 23:00,35034.97,7.22,4.32,1.79,1.71,7.44,7
12/2/2016 0:00,35035,6.67,4.96,2.24,1.62,9.39,7
12/2/2016 1:00,35035.04,5.56,3.86,1.79,1.73,9.33,7
12/2/2016 2:00,35035.08,5.56,3.86,1.79,1.17,9.27,7
12/2/2016 3:00,35035.13,5.56,3.86,3.58,1.54,9.21,7
12/2/2016 4:00,35035.17,6.11,4.25,3.13,1.26,9.15,7
12/2/2016 5:00,35035.21,6.11,4.41,1.34,1.85,9.09,7
12/2/2016 6:00,35035.25,5.56,3.7,0.89,4.5,9.02,7
12/2/2016 7:00,35035.29,6.11,4.41,0.45,0.68,8.96,18
12/2/2016 8:00,35035.34,8.33,6.44,0.45,4.29,8.9,66
12/2/2016 9:00,35035.38,8.89,6.48,0.89,3.93,8.84,97
12/2/2016 10:00,35035.42,8.89,6.3,0.89,3.8,8.78,113
12/2/2016 11:00,35035.46,11.11,7.76,0.45,2.08,8.72,207
12/2/2016 12:00,35035.5,11.67,7.73,0,4.54,8.66,272
12/2/2016 13:00,35035.55,13.33,8.75,0.89,4.99,6.76,337
12/2/2016 14:00,35035.59,12.78,7.81,1.34,4.59,6.44,277
12/2/2016 15:00,35035.63,10.56,5.87,0.45,4.99,6.37,132
12/2/2016 16:00,35035.67,7.78,4.14,0.45,5.15,6.3,26
12/2/2016 17:00,35035.71,6.67,3.06,0.45,1.34,6.23,7
12/2/2016 18:00,35035.76,7.78,4.32,1.79,2.04,6.16,7
12/2/2016 19:00,35035.8,6.67,3.6,2.68,1.8,6.09,7
12/2/2016 20:00,35035.84,6.67,3.78,2.68,1.48,6.02,7
12/2/2016 21:00,35035.88,7.22,4.49,2.24,1.88,5.95,7
12/2/2016 22:00,35035.92,6.67,4.29,2.68,1.88,5.88,7
12/2/2016 23:00,35035.97,6.67,4.8,2.24,2.04,9.45,7
12/3/2016 0:00,35036,6.67,4.12,3.58,1.5,5.75,7
12/3/2016 1:00,35036.04,6.11,3.41,3.58,1.22,5.68,7
12/3/2016 2:00,35036.08,5.56,2.86,2.68,1.55,5.61,7
12/3/2016 3:00,35036.13,6.11,3.23,2.68,1.54,5.54,7
12/3/2016 4:00,35036.17,6.67,3.42,2.68,1.47,5.47,7
12/3/2016 5:00,35036.21,5.56,2.16,3.13,1.19,5.4,7
12/3/2016 6:00,35036.25,5.56,2.34,3.58,1.54,5.33,8
12/3/2016 7:00,35036.29,5.56,2.34,3.13,1.57,5.26,60
12/3/2016 8:00,35036.34,8.33,4.3,0.45,1.36,5.19,199
12/3/2016 9:00,35036.38,11.67,7.14,1.34,4.17,5.12,334
12/3/2016 10:00,35036.42,12.78,7.39,0.89,2.22,5.05,431
12/3/2016 11:00,35036.46,13.33,7.28,0.45,3.91,4.98,478
12/3/2016 12:00,35036.5,15.56,8.25,0.45,2.81,4.91,446
12/3/2016 13:00,35036.55,16.11,8.04,0.89,3.75,4.76,407
12/3/2016 14:00,35036.59,16.11,7.53,1.34,4,6.28,281
12/3/2016 15:00,35036.63,14.44,5.96,0.89,4.1,6.19,151
12/3/2016 16:00,35036.67,11.11,3.8,0.89,3.98,6.11,25
12/3/2016 17:00,35036.71,8.89,2.38,0.45,5.76,6.03,7
12/3/2016 18:00,35036.76,8.89,3.45,1.34,1.64,5.95,7
12/3/2016 19:00,35036.8,8.33,3.53,2.24,1.55,5.87,7
12/3/2016 20:00,35036.84,8.33,4.11,2.68,1.54,5.79,7
12/3/2016 21:00,35036.88,7.22,3.23,3.13,1.57,5.71,7
12/3/2016 22:00,35036.92,7.78,3.95,2.68,1.66,5.63,7
12/3/2016 23:00,35036.97,5.56,3.2,2.24,1.61,5.81,7
12/4/2016 0:00,35037,6.67,3.24,3.58,1.55,5.47,7
12/4/2016 1:00,35037.04,6.11,2.7,3.13,1.61,5.39,7
12/4/2016 2:00,35037.08,6.11,2.7,3.58,1.41,5.3,7
12/4/2016 3:00,35037.13,6.11,2.52,4.02,1.31,5.22,7
12/4/2016 4:00,35037.17,5.56,2.34,2.24,1.71,5.14,7
12/4/2016 5:00,35037.21,5.56,2.16,3.13,2.04,5.06,7
12/4/2016 6:00,35037.25,5,1.97,2.68,1.62,4.98,7
12/4/2016 7:00,35037.29,6.11,2.7,2.68,1.71,4.9,64
12/4/2016 8:00,35037.34,10,5.73,1.34,1.82,4.82,217
12/4/2016 9:00,35037.38,12.78,7.18,0.89,4.14,4.74,338
12/4/2016 10:00,35037.42,14.44,8.12,0.45,6.14,4.66,441
12/4/2016 11:00,35037.46,15.56,8.25,0.89,0.16,4.58,483
12/4/2016 12:00,35037.5,17.78,9.35,0.45,3.61,4.5,458
12/4/2016 13:00,35037.55,17.78,8.56,0.45,4.69,4.95,400
12/4/2016 14:00,35037.59,17.22,7.77,0.45,3.86,6.8,263
12/4/2016 15:00,35037.63,13.89,5.18,0.45,4.5,6.8,86
12/4/2016 16:00,35037.67,11.67,4.09,1.34,4.99,6.79,21
12/4/2016 17:00,35037.71,11.67,4.79,1.34,0.7,6.78,6
12/4/2016 18:00,35037.76,8.89,2.82,1.34,4.68,6.77,7
12/4/2016 19:00,35037.8,8.89,3.86,0.89,0.99,6.76,7
12/4/2016 20:00,35037.84,8.89,4.46,1.79,1.45,6.75,7
12/4/2016 21:00,35037.88,8.33,4.3,2.68,1.61,6.74,7
12/4/2016 22:00,35037.92,7.22,3.41,1.79,1.57,6.74,7
12/4/2016 23:00,35037.97,6.67,3.06,3.13,1.69,5.55,7
12/5/2016 0:00,35038,6.67,3.42,3.13,1.76,6.72,7
12/5/2016 1:00,35038.04,7.78,4.5,3.13,1.83,6.71,7
12/5/2016 2:00,35038.08,7.22,3.96,2.68,1.47,6.7,7
12/5/2016 3:00,35038.13,6.67,3.42,3.13,1.52,6.69,7
12/5/2016 4:00,35038.17,5.56,2.51,2.24,1.9,6.69,7
12/5/2016 5:00,35038.21,6.11,3.06,2.24,1.85,6.68,7
12/5/2016 6:00,35038.25,5.56,2.51,2.68,1.62,6.67,8
12/5/2016 7:00,35038.29,6.67,3.78,1.79,1.8,6.66,41
12/5/2016 8:00,35038.34,8.33,4.86,0.89,0.7,6.65,179
12/5/2016 9:00,35038.38,11.11,6.6,0.89,3.14,6.64,284
12/5/2016 10:00,35038.42,12.78,7.81,1.34,1.12,6.64,389
12/5/2016 11:00,35038.46,13.89,7.81,1.34,4.1,6.63,410
12/5/2016 12:00,35038.5,15,8.65,0.45,3.19,6.62,376
12/5/2016 13:00,35038.55,14.44,8.56,0.45,4.35,7.28,311
12/5/2016 14:00,35038.59,12.78,7.6,0.89,4.07,8.83,185
12/5/2016 15:00,35038.63,10.56,6.26,0.45,3.39,8.86,83
12/5/2016 16:00,35038.67,8.89,5.4,0.45,5.38,8.9,19
12/5/2016 17:00,35038.71,8.33,5.05,0.89,4.56,8.94,7
12/5/2016 18:00,35038.76,7.22,4.49,0.45,2.08,8.98,7
12/5/2016 19:00,35038.8,8.33,5.76,1.79,1.9,9.01,7
12/5/2016 20:00,35038.84,7.78,5.21,0.89,3.82,9.05,7
12/5/2016 21:00,35038.88,8.33,5.58,2.68,1.88,9.09,7
12/5/2016 22:00,35038.92,7.78,4.68,0.45,4.96,9.13,7
12/5/2016 23:00,35038.97,7.78,4.14,3.13,1.85,6.73,7
12/6/2016 0:00,35039,8.33,5.58,1.79,1.64,9.2,7
12/6/2016 1:00,35039.04,7.78,4.86,3.13,1.61,9.24,7
12/6/2016 2:00,35039.08,7.78,4.68,1.79,1.71,9.27,7
12/6/2016 3:00,35039.13,6.11,2.88,1.34,4.68,9.31,7
12/6/2016 4:00,35039.17,5,2.66,0.89,4.12,9.35,7
12/6/2016 5:00,35039.21,5.56,3.54,1.34,1.36,9.39,7
12/6/2016 6:00,35039.25,5.56,3.2,2.24,1.78,9.42,7
12/6/2016 7:00,35039.29,6.11,3.92,2.68,1.97,9.46,38
12/6/2016 8:00,35039.34,8.33,5.93,0.45,3.09,9.5,152
12/6/2016 9:00,35039.38,10.56,7.76,0.45,4.75,9.54,232
12/6/2016 10:00,35039.42,10.56,7.76,0.89,5.41,9.57,172
12/6/2016 11:00,35039.46,10.56,7.58,0.89,5.34,9.61,138
12/6/2016 12:00,35039.5,10.56,7.03,0.89,4.31,9.65,207
12/6/2016 13:00,35039.55,12.78,8.61,0.89,5.1,8.65,243
12/6/2016 14:00,35039.59,10.56,5.87,0.89,3.94,9.91,135
12/6/2016 15:00,35039.63,10,5.13,0.89,5.25,9.79,50
12/6/2016 16:00,35039.67,10,4.52,0.89,5.72,9.66,17
12/6/2016 17:00,35039.71,8.33,3.53,1.34,4.14,9.54,7
12/6/2016 18:00,35039.76,7.78,3.38,1.34,1.69,9.41,7
12/6/2016 19:00,35039.8,7.78,4.14,1.34,1.83,9.28,7
12/6/2016 20:00,35039.84,6.67,3.24,1.79,1.71,9.16,7
12/6/2016 21:00,35039.88,7.22,4.14,2.24,1.1,9.03,7
12/6/2016 22:00,35039.92,6.67,3.78,3.13,1.59,8.91,7
12/6/2016 23:00,35039.97,7.22,4.67,0.45,5.52,9.16,7
12/7/2016 0:00,35040,3.89,1.57,4.92,1.26,8.66,7
12/7/2016 1:00,35040.04,5.56,3.2,2.68,1.59,8.53,7
12/7/2016 2:00,35040.08,4.44,1.94,2.68,1.82,8.41,7
12/7/2016 3:00,35040.13,5,2.15,3.13,1.85,8.28,7
12/7/2016 4:00,35040.17,3.33,0.69,2.68,1.88,8.16,7
12/7/2016 5:00,35040.21,3.33,0.69,2.68,2.06,8.03,7
12/7/2016 6:00,35040.25,3.89,0.71,4.02,1.94,7.91,7
12/7/2016 7:00,35040.29,4.44,1.08,3.13,1.87,7.78,48
12/7/2016 8:00,35040.34,2.78,-0.2,1.34,4.33,7.65,186
12/7/2016 9:00,35040.38,6.11,3.06,0.89,3.79,7.53,256
12/7/2016 10:00,35040.42,7.78,4.86,1.34,3.94,7.4,295
12/7/2016 11:00,35040.46,8.89,5.77,1.34,4.54,7.28,281
12/7/2016 12:00,35040.5,11.11,7.76,1.34,5.27,7.15,349
12/7/2016 13:00,35040.55,11.67,6.74,0.45,5.65,7.59,295
12/7/2016 14:00,35040.59,10.56,5.67,0,4.36,10,113
12/7/2016 15:00,35040.63,10,4.93,2.24,0.61,10,54
12/7/2016 16:00,35040.67,9.44,4.19,1.34,1.97,10,16
12/7/2016 17:00,35040.71,9.44,4.6,0.45,3.21,10,6
12/7/2016 18:00,35040.76,8.33,3.92,0.45,3.94,10,7
12/7/2016 19:00,35040.8,8.89,4.06,1.79,2.5,10,7
12/7/2016 20:00,35040.84,8.33,3.72,0.45,3.53,10,7
12/7/2016 21:00,35040.88,8.89,4.06,0.89,2.57,10,7
12/7/2016 22:00,35040.92,8.89,4.65,1.34,2.39,10,7
12/7/2016 23:00,35040.97,6.11,3.41,2.68,1.87,8.78,7
12/8/2016 0:00,35041,8.33,3.53,2.24,2.23,10,7
12/8/2016 1:00,35041.04,9.44,4.39,1.34,3.96,10,7
12/8/2016 2:00,35041.08,7.22,3.41,1.79,2.32,10,6
12/8/2016 3:00,35041.13,8.33,4.3,3.13,2.36,10,6
12/8/2016 4:00,35041.17,8.33,4.68,0.89,2.91,10,6
12/8/2016 5:00,35041.21,8.33,5.23,0.89,2.5,10,6
12/8/2016 6:00,35041.25,8.33,5.93,3.58,1.99,10,7
12/8/2016 7:00,35041.29,8.89,6.65,0.89,3.67,10,19
12/8/2016 8:00,35041.34,9.44,7.36,1.34,2.58,10,40
12/8/2016 9:00,35041.38,11.11,9.18,2.24,2.48,10,93
12/8/2016 10:00,35041.42,12.22,10.27,0.89,1.73,10,117
12/8/2016 11:00,35041.46,11.67,9.55,1.34,2.43,10,155
12/8/2016 12:00,35041.5,13.33,11.19,0.89,3.21,10,154
12/8/2016 13:00,35041.55,13.33,11.19,0.89,2.41,9.99,165
12/8/2016 14:00,35041.59,13.89,11.56,1.79,2.41,8.59,193
12/8/2016 15:00,35041.63,13.89,11.56,0.45,2.74,8.65,77
12/8/2016 16:00,35041.67,13.33,11.19,2.68,2.04,8.7,14
12/8/2016 17:00,35041.71,12.22,10.27,3.13,1.87,8.76,7
12/8/2016 18:00,35041.76,12.78,10.82,2.68,2.34,8.81,7
12/8/2016 19:00,35041.8,13.33,11.37,3.13,1.5,8.87,7
12/8/2016 20:00,35041.84,12.78,10.65,2.24,1.69,8.92,7
12/8/2016 21:00,35041.88,12.78,10.29,2.68,2.15,8.98,7
12/8/2016 22:00,35041.92,12.78,10.29,3.58,1.92,9.03,7
12/8/2016 23:00,35041.97,8.89,4.46,0.89,1.92,10,7
12/9/2016 0:00,35042,12.78,9.93,1.34,1.2,9.14,7
12/9/2016 1:00,35042.04,12.78,10.12,2.68,1.5,9.2,7
12/9/2016 2:00,35042.08,12.78,10.29,2.68,1.73,9.26,7
12/9/2016 3:00,35042.13,12.78,10.29,2.24,1.48,9.31,7
12/9/2016 4:00,35042.17,12.78,10.29,1.34,4.1,9.37,7
12/9/2016 5:00,35042.21,11.67,9.38,1.34,0.28,9.42,7
12/9/2016 6:00,35042.25,12.22,10.1,1.34,1.12,9.48,7
12/9/2016 7:00,35042.29,12.78,10.65,1.79,1.82,9.53,54
12/9/2016 8:00,35042.34,13.89,11.56,1.79,1.99,9.59,117
12/9/2016 9:00,35042.38,18.33,14.6,1.79,2.53,9.64,284
12/9/2016 10:00,35042.42,18.33,14.2,0.89,3.67,9.7,345
12/9/2016 11:00,35042.46,17.78,14.06,0.89,1.17,9.75,276
12/9/2016 12:00,35042.5,17.22,13.52,0.45,4.36,9.81,195
12/9/2016 13:00,35042.55,18.89,14.33,1.79,0.91,7.62,292
12/9/2016 14:00,35042.59,20.56,15.31,0.45,2.74,6.18,278
12/9/2016 15:00,35042.63,18.33,13.38,0.89,0.28,6.36,154
12/9/2016 16:00,35042.67,15.56,11.7,0.89,6.13,6.53,31
12/9/2016 17:00,35042.71,13.89,10.65,0.89,0.82,6.7,7
12/9/2016 18:00,35042.76,13.33,10.48,1.34,1.57,6.88,6
12/9/2016 19:00,35042.8,12.78,10.29,3.13,1.64,7.05,6
12/9/2016 20:00,35042.84,12.78,10.29,2.68,1.59,7.22,6
12/9/2016 21:00,35042.88,12.78,10.29,3.58,1.99,7.4,6
12/9/2016 22:00,35042.92,14.44,11.38,3.58,1.59,7.57,6
12/9/2016 23:00,35042.97,12.78,9.93,1.34,1.48,9.09,7
12/10/2016 0:00,35043,14.44,10.82,3.58,1.55,7.92,7
12/10/2016 1:00,35043.04,13.33,9.73,0.89,2.25,8.09,6
12/10/2016 2:00,35043.08,12.78,9.93,2.68,1.17,8.27,7
12/10/2016 3:00,35043.13,14.44,11.01,3.13,1.78,8.44,7
12/10/2016 4:00,35043.17,13.89,9.89,1.79,1.22,8.61,7
12/10/2016 5:00,35043.21,13.89,9.49,0.89,2.53,8.79,7
12/10/2016 6:00,35043.25,13.89,9.49,0.89,1.41,8.96,7
12/10/2016 7:00,35043.29,15,10.57,1.34,1.41,9.13,17
12/10/2016 8:00,35043.34,14.44,10.03,0.89,1.29,9.31,59
12/10/2016 9:00,35043.38,15.56,10.49,2.24,1.4,9.48,103
12/10/2016 10:00,35043.42,17.22,11.88,2.24,1.66,9.65,143
12/10/2016 11:00,35043.46,18.33,12.73,0.89,0.91,9.83,244
12/10/2016 12:00,35043.5,18.89,12.82,0.45,1.88,10,137
12/10/2016 13:00,35043.55,17.78,12.2,0.45,4.54,10,98
12/10/2016 14:00,35043.59,16.67,11.56,1.34,1.22,10,62
12/10/2016 15:00,35043.63,16.11,11.44,3.58,1.75,9.8,24
12/10/2016 16:00,35043.67,15,10.97,2.24,2.3,9.59,10
12/10/2016 17:00,35043.71,14.44,10.82,3.58,1.41,9.39,7
12/10/2016 18:00,35043.76,15,11.74,4.02,0.93,9.18,6
12/10/2016 19:00,35043.8,14.44,11.38,4.92,1.12,8.98,6
12/10/2016 20:00,35043.84,14.44,11.57,4.92,1.31,8.78,7
12/10/2016 21:00,35043.88,14.44,11.38,4.92,0.87,8.57,6
12/10/2016 22:00,35043.92,14.44,10.82,2.68,1.2,8.37,6
12/10/2016 23:00,35043.97,14.44,11.01,1.79,1.71,7.75,6
12/11/2016 0:00,35044,13.89,11.39,2.68,1.31,7.96,6
12/11/2016 1:00,35044.04,13.33,10.84,3.13,1.61,7.76,6
12/11/2016 2:00,35044.08,13.89,11.2,1.79,1.54,7.55,6
12/11/2016 3:00,35044.13,12.78,10.29,0.89,1.17,7.35,7
12/11/2016 4:00,35044.17,13.33,11.02,1.34,1.52,7.14,7
12/11/2016 5:00,35044.21,11.67,9.55,0.45,3.89,6.94,7
12/11/2016 6:00,35044.25,12.22,10.1,2.24,1.5,6.74,7
12/11/2016 7:00,35044.29,11.67,9.55,1.79,1.33,6.53,56
12/11/2016 8:00,35044.34,15,12.29,0.89,1.69,6.33,211
12/11/2016 9:00,35044.38,13.89,11.56,0.89,3.77,6.13,271
12/11/2016 10:00,35044.42,15,12.66,0.45,5.6,5.92,203
12/11/2016 11:00,35044.46,18.33,14.4,0.89,4.28,5.72,398
12/11/2016 12:00,35044.5,19.44,14.23,0.89,4.17,5.51,416
12/11/2016 13:00,35044.55,17.22,11.44,0.89,1.26,5.94,360
12/11/2016 14:00,35044.59,16.11,10.81,1.34,4.47,8.96,176
12/11/2016 15:00,35044.63,14.44,9.62,0.89,4.63,9.01,95
12/11/2016 16:00,35044.67,11.67,7.73,0.89,4.63,9.05,20
12/11/2016 17:00,35044.71,11.67,8.3,0.45,0.03,9.1,7
12/11/2016 18:00,35044.76,10,7.04,0.89,4.64,9.15,7
12/11/2016 19:00,35044.8,10,7.57,0.89,1.5,9.2,7
12/11/2016 20:00,35044.84,10,7.57,0.45,4.59,9.24,7
12/11/2016 21:00,35044.88,9.44,7.19,1.34,2.37,9.29,7
12/11/2016 22:00,35044.92,8.89,6.82,0.45,6.04,9.34,7
12/11/2016 23:00,35044.97,14.44,11.38,2.24,0.86,8.16,7
12/12/2016 0:00,35045,10,8.08,0.89,4.08,9.43,7
12/12/2016 1:00,35045.04,8.89,6.99,0,5.22,9.48,7
12/12/2016 2:00,35045.08,8.89,7.15,0.45,1.88,9.53,7
12/12/2016 3:00,35045.13,8.89,7.15,2.24,1.66,9.57,6
12/12/2016 4:00,35045.17,7.78,6.06,1.34,4.15,9.62,6
12/12/2016 5:00,35045.21,7.78,6.22,0.45,2.78,9.67,7
12/12/2016 6:00,35045.25,8.89,7.32,1.34,5.93,9.72,7
12/12/2016 7:00,35045.29,8.33,6.77,0.45,3.93,9.76,21
12/12/2016 8:00,35045.34,10,8.42,0.45,3.93,9.81,70
12/12/2016 9:00,35045.38,10,8.42,0.45,4.07,9.86,90
12/12/2016 10:00,35045.42,9.44,7.87,0.45,3.89,9.91,100
12/12/2016 11:00,35045.46,10.56,8.97,0.45,3.23,9.95,164
12/12/2016 12:00,35045.5,12.22,10.44,0.45,0.59,10,168
12/12/2016 13:00,35045.55,15.56,13.38,0.45,4.01,8.45,250
12/12/2016 14:00,35045.59,15,12.29,0.89,4.33,8.54,193
12/12/2016 15:00,35045.63,13.33,10.66,0.89,4.24,8.58,92
12/12/2016 16:00,35045.67,11.67,9.2,1.34,1.45,8.62,19
12/12/2016 17:00,35045.71,10.56,8.29,0.89,2.65,8.66,7
12/12/2016 18:00,35045.76,10.56,8.46,0.89,4.4,8.69,7
12/12/2016 19:00,35045.8,10,8.25,1.34,1.8,8.73,7
12/12/2016 20:00,35045.84,10,8.25,0.45,0.58,8.77,7
12/12/2016 21:00,35045.88,10.56,8.8,1.34,1.99,8.81,7
12/12/2016 22:00,35045.92,10.56,8.63,1.34,1.85,8.84,7
12/12/2016 23:00,35045.97,10,8.08,1.34,1.54,9.39,7
12/13/2016 0:00,35046,10,8.08,2.24,1.61,8.92,7
12/13/2016 1:00,35046.04,10,8.08,2.68,1.8,8.96,7
12/13/2016 2:00,35046.08,10.56,8.63,1.79,1.19,8.99,7
12/13/2016 3:00,35046.13,11.11,9.01,1.34,2.25,9.03,7
12/13/2016 4:00,35046.17,10.56,8.46,0.89,1.43,9.07,7
12/13/2016 5:00,35046.21,10.56,8.63,1.79,1.33,9.11,7
12/13/2016 6:00,35046.25,11.67,9.38,0.45,1.47,9.14,7
12/13/2016 7:00,35046.29,10.56,8.46,0.45,2.76,9.18,35
12/13/2016 8:00,35046.34,12.22,9.75,0.45,2.23,9.22,133
12/13/2016 9:00,35046.38,14.44,11.75,0.89,4.15,9.26,201
12/13/2016 10:00,35046.42,14.44,11.19,1.34,6.2,9.29,294
12/13/2016 11:00,35046.46,15,11.36,0.45,0.72,9.33,241
12/13/2016 12:00,35046.5,15.56,11.51,1.34,1.03,9.37,222
12/13/2016 13:00,35046.55,17.22,12.72,1.34,6.07,8.52,246
12/13/2016 14:00,35046.59,16.11,11.23,0.45,0.87,9.86,135
12/13/2016 15:00,35046.63,15,9.95,0.45,5.78,9.72,88
12/13/2016 16:00,35046.67,14.44,9.42,0.45,4.33,9.59,29
12/13/2016 17:00,35046.71,15,9.95,0.89,0.68,9.46,7
12/13/2016 18:00,35046.76,14.44,10.62,1.79,1.78,9.32,7
12/13/2016 19:00,35046.8,13.33,9.73,1.34,1.71,9.19,7
12/13/2016 20:00,35046.84,12.78,9.57,1.79,1.61,9.05,7
12/13/2016 21:00,35046.88,12.78,9.38,2.68,1.61,8.92,7
12/13/2016 22:00,35046.92,13.33,10.11,2.68,1.61,8.79,7
12/13/2016 23:00,35046.97,10,8.25,1.34,2.23,8.88,7
12/14/2016 0:00,35047,12.78,9.38,2.24,1.55,8.52,7
12/14/2016 1:00,35047.04,12.22,9.02,3.13,1.66,8.38,7
12/14/2016 2:00,35047.08,11.11,7.94,4.47,1.59,8.25,7
12/14/2016 3:00,35047.13,11.67,8.48,3.58,1.62,8.12,7
12/14/2016 4:00,35047.17,11.11,7.94,3.13,1.45,7.98,7
12/14/2016 5:00,35047.21,10,6.85,2.68,1.55,7.85,7
12/14/2016 6:00,35047.25,11.11,7.94,4.02,1.66,7.71,7
12/14/2016 7:00,35047.29,10.56,7.21,1.79,2.02,7.58,44
12/14/2016 8:00,35047.34,12.78,8.81,3.13,1.62,7.44,194
12/14/2016 9:00,35047.38,13.89,9.69,0.45,2.43,7.31,168
12/14/2016 10:00,35047.42,18.33,12.73,0.89,0.93,7.18,349
12/14/2016 11:00,35047.46,19.44,13.12,0.89,4.94,7.04,361
12/14/2016 12:00,35047.5,20.56,12.48,0.45,3.98,6.91,356
12/14/2016 13:00,35047.55,21.11,12.49,0.89,1.78,6.66,331
12/14/2016 14:00,35047.59,19.44,10.66,0.45,4.78,8.48,195
12/14/2016 15:00,35047.63,18.33,9.87,0.89,3.16,8.55,89
12/14/2016 16:00,35047.67,15.56,8.25,2.24,2.34,8.62,24
12/14/2016 17:00,35047.71,15,8.87,1.79,1.55,8.69,7
12/14/2016 18:00,35047.76,14.44,8.34,3.13,1.45,8.75,7
12/14/2016 19:00,35047.8,13.89,8.25,2.68,1.4,8.82,7
12/14/2016 20:00,35047.84,13.33,8.14,2.24,1.55,8.89,7
12/14/2016 21:00,35047.88,13.89,9.09,1.34,1.57,8.96,7
12/14/2016 22:00,35047.92,12.78,8.01,1.79,0.91,9.03,7
12/14/2016 23:00,35047.97,12.22,9.02,2.68,1.55,8.65,7
12/15/2016 0:00,35048,12.78,8.22,1.79,1.43,9.17,7
12/15/2016 1:00,35048.04,12.78,8.01,1.79,1.69,9.24,6
12/15/2016 2:00,35048.08,12.78,8.22,1.79,1.17,9.31,7
12/15/2016 3:00,35048.13,14.44,9.42,2.24,2.36,9.38,6
12/15/2016 4:00,35048.17,13.89,8.25,0.45,4.52,9.45,7
12/15/2016 5:00,35048.21,13.89,8.25,0.89,3.25,9.52,7
12/15/2016 6:00,35048.25,13.89,8.46,3.58,2.02,9.58,7
12/15/2016 7:00,35048.29,13.89,9.29,3.13,1.27,9.65,10
12/15/2016 8:00,35048.34,13.89,9.69,3.13,1.61,9.72,43
12/15/2016 9:00,35048.38,15,10.36,1.79,1.82,9.79,102
12/15/2016 10:00,35048.42,14.44,9.83,0.89,2.46,9.86,49
12/15/2016 11:00,35048.46,12.78,9.57,3.58,2.29,9.93,51
12/15/2016 12:00,35048.5,12.78,9.93,8.05,1.99,10,56
12/15/2016 13:00,35048.55,13.89,10.65,4.47,1.54,10,58
12/15/2016 14:00,35048.59,13.89,10.46,2.68,2.13,10,32
12/15/2016 15:00,35048.63,13.89,11.02,3.13,2.44,9.98,19
12/15/2016 16:00,35048.67,13.89,11.39,0.89,2.65,9.95,9
12/15/2016 17:00,35048.71,13.33,11.19,1.34,2.72,9.93,7
12/15/2016 18:00,35048.76,12.22,10.27,2.24,2.36,9.9,7
12/15/2016 19:00,35048.8,12.78,10.82,3.13,2.51,9.88,7
12/15/2016 20:00,35048.84,13.33,11.37,1.79,3.19,9.85,7
12/15/2016 21:00,35048.88,13.33,11.54,1.79,3.3,9.83,7
12/15/2016 22:00,35048.92,13.33,11.54,0.45,3.8,9.81,7
12/15/2016 23:00,35048.97,12.78,8.22,2.68,1.61,9.1,7
12/16/2016 0:00,35049,13.33,11.54,1.34,4.78,9.76,7
12/16/2016 1:00,35049.04,12.78,10.99,2.68,2.57,9.73,7
12/16/2016 2:00,35049.08,13.89,12.09,1.79,2.36,9.71,7
12/16/2016 3:00,35049.13,13.33,11.54,4.02,4.94,9.68,7
12/16/2016 4:00,35049.17,10,8.08,1.79,5.95,9.66,7
12/16/2016 5:00,35049.21,7.78,5.89,0.89,5.45,9.64,7
12/16/2016 6:00,35049.25,7.78,5.89,1.79,5.36,9.61,7
12/16/2016 7:00,35049.29,7.22,5.34,1.34,4.71,9.59,40
12/16/2016 8:00,35049.34,9.44,7.02,1.34,4.94,9.56,199
12/16/2016 9:00,35049.38,11.67,8.3,0.45,4.5,9.54,333
12/16/2016 10:00,35049.42,12.22,7.68,3.13,5.72,9.52,434
12/16/2016 11:00,35049.46,10.56,5.46,1.79,5.5,9.49,327
12/16/2016 12:00,35049.5,10.56,5.05,2.24,5.78,9.47,215
12/16/2016 13:00,35049.55,12.78,6.75,1.34,5.57,9.46,194
12/16/2016 14:00,35049.59,11.67,4.79,2.24,5.69,5.31,298
12/16/2016 15:00,35049.63,12.22,4.85,2.24,5.76,5.29,124
12/16/2016 16:00,35049.67,8.89,1.93,4.92,5.81,5.28,28
12/16/2016 17:00,35049.71,8.89,2.15,4.47,5.95,5.26,7
12/16/2016 18:00,35049.76,7.22,0.57,3.13,6.23,5.24,7
12/16/2016 19:00,35049.8,7.78,0.88,3.13,5.88,5.22,7
12/16/2016 20:00,35049.84,6.11,-0.48,0.45,6.25,5.2,7
12/16/2016 21:00,35049.88,4.44,-0.61,1.34,3.89,5.18,7
12/16/2016 22:00,35049.92,3.33,-0.91,1.34,2.02,5.17,7
12/16/2016 23:00,35049.97,13.33,11.54,2.68,2.44,9.78,7
12/17/2016 0:00,35050,3.33,-0.54,0.45,3.8,5.13,7
12/17/2016 1:00,35050.04,2.22,-0.91,0.89,2.69,5.11,7
12/17/2016 2:00,35050.08,2.78,-0.72,0.45,3.09,5.09,7
12/17/2016 3:00,35050.13,1.67,-1.28,0.89,2.2,5.07,7
12/17/2016 4:00,35050.17,1.67,-1.28,0.45,0.66,5.06,7
12/17/2016 5:00,35050.21,1.67,-1.63,0.45,2.84,5.04,7
12/17/2016 6:00,35050.25,1.67,-1.98,0.89,4.47,5.02,7
12/17/2016 7:00,35050.29,1.11,-2,1.34,3.75,5,48
12/17/2016 8:00,35050.34,3.89,0.36,1.34,4.69,4.98,194
12/17/2016 9:00,35050.38,6.67,2.69,1.34,3.46,4.96,330
12/17/2016 10:00,35050.42,8.89,4.46,1.34,4.05,4.95,430
12/17/2016 11:00,35050.46,8.89,4.06,1.34,4.17,4.93,437
12/17/2016 12:00,35050.5,11.67,6.11,0.45,2.6,4.91,434
12/17/2016 13:00,35050.55,12.22,6.22,0.89,3.09,3.85,419
12/17/2016 14:00,35050.59,10.56,4.19,0.89,3.98,6.45,266
12/17/2016 15:00,35050.63,10,3.88,0.89,3.74,6.37,152
12/17/2016 16:00,35050.67,6.11,0.99,0.89,4,6.28,22
12/17/2016 17:00,35050.71,5.56,1.04,0.45,5.71,6.2,7
12/17/2016 18:00,35050.76,5.56,0.85,1.34,0.58,6.12,7
12/17/2016 19:00,35050.8,5.56,0.65,0.45,2.01,6.03,7
12/17/2016 20:00,35050.84,5,0.51,0.89,1.94,5.95,7
12/17/2016 21:00,35050.88,5.56,1.23,0.45,3.7,5.87,7
12/17/2016 22:00,35050.92,5,1.07,0.89,3.98,5.78,7
12/17/2016 23:00,35050.97,3.89,0.18,1.34,6.21,5.15,7
12/18/2016 0:00,35051,5,1.07,0.89,4.47,5.62,7
12/18/2016 1:00,35051.04,3.33,-0.54,0.45,4.5,5.53,7
12/18/2016 2:00,35051.08,3.33,-0.54,1.34,4.43,5.45,7
12/18/2016 3:00,35051.13,2.22,-0.74,0.89,0.14,5.37,7
12/18/2016 4:00,35051.17,3.33,0.69,1.79,2.01,5.29,7
12/18/2016 5:00,35051.21,2.22,-0.24,0.89,1.95,5.2,7
12/18/2016 6:00,35051.25,3.33,1.02,2.24,1.36,5.12,7
12/18/2016 7:00,35051.29,1.67,-0.62,0.89,4.19,5.04,45
12/18/2016 8:00,35051.34,6.11,2.88,2.24,1.85,4.95,182
12/18/2016 9:00,35051.38,7.22,4.14,1.34,4.75,4.87,315
12/18/2016 10:00,35051.42,10,6.11,0.45,4.63,4.79,419
12/18/2016 11:00,35051.46,10.56,6.07,0.89,5.25,4.7,464
12/18/2016 12:00,35051.5,12.78,7.18,0.89,4.76,4.62,443
12/18/2016 13:00,35051.55,12.22,5.77,0.45,4.19,4.8,394
12/18/2016 14:00,35051.59,11.67,5.24,1.34,4.75,5.25,299
12/18/2016 15:00,35051.63,12.22,5.55,0,4.22,5.23,157
12/18/2016 16:00,35051.67,7.22,1.85,0.89,5.81,5.21,27
12/18/2016 17:00,35051.71,7.22,2.06,3.13,5.92,5.18,7
12/18/2016 18:00,35051.76,5.56,0.85,0.45,2.36,5.16,7
12/18/2016 19:00,35051.8,3.89,-0.19,0.89,5.79,5.14,7
12/18/2016 20:00,35051.84,4.44,0.72,1.34,1.87,5.11,7
12/18/2016 21:00,35051.88,4.44,1.08,1.79,2.15,5.09,7
12/18/2016 22:00,35051.92,3.89,1.06,2.68,1.64,5.07,7
12/18/2016 23:00,35051.97,3.89,-0.01,0.45,5.34,5.7,7
12/19/2016 0:00,35052,4.44,1.77,3.13,1.78,5.02,7
12/19/2016 1:00,35052.04,3.89,1.4,3.13,1.97,5,7
12/19/2016 2:00,35052.08,3.89,1.4,3.13,1.88,4.97,7
12/19/2016 3:00,35052.13,3.89,1.23,3.13,1.59,4.95,7
12/19/2016 4:00,35052.17,3.33,0.85,2.24,1.78,4.93,7
12/19/2016 5:00,35052.21,2.22,-0.07,2.68,1.99,4.9,7
12/19/2016 6:00,35052.25,2.78,-0.03,4.02,1.66,4.88,7
12/19/2016 7:00,35052.29,3.89,0.71,4.92,1.62,4.86,44
12/19/2016 8:00,35052.34,5,1.44,3.13,1.88,4.83,188
12/19/2016 9:00,35052.38,8.33,4.49,2.24,1.41,4.81,326
12/19/2016 10:00,35052.42,11.11,6.2,0.45,0.66,4.79,432
12/19/2016 11:00,35052.46,12.78,7.18,0.89,4.07,4.76,474
12/19/2016 12:00,35052.5,12.78,6.53,0.45,3.54,4.74,439
12/19/2016 13:00,35052.55,14.44,7.19,0.89,4.35,2.89,438
12/19/2016 14:00,35052.59,15.56,7.51,0.45,1.22,4.42,318
12/19/2016 15:00,35052.63,13.89,5.94,0.89,4.71,4.42,172
12/19/2016 16:00,35052.67,8.89,2.6,0.45,4.69,4.42,30
12/19/2016 17:00,35052.71,7.22,1.85,0.45,4.43,4.42,7
12/19/2016 18:00,35052.76,6.67,1.92,1.79,0.12,4.42,7
12/19/2016 19:00,35052.8,6.11,1.58,0.89,2.51,4.42,7
12/19/2016 20:00,35052.84,6.11,2.33,1.34,1.59,4.42,7
12/19/2016 21:00,35052.88,5,1.07,0.45,3.77,4.42,7
12/19/2016 22:00,35052.92,5,1.8,2.24,1.92,4.42,7
12/19/2016 23:00,35052.97,5,2.15,4.02,1.95,5.04,7
12/20/2016 0:00,35053,5.56,2.69,3.13,1.76,4.41,7
12/20/2016 1:00,35053.04,5.56,2.69,3.13,1.62,4.41,7
12/20/2016 2:00,35053.08,6.11,3.06,4.47,1.34,4.41,7
12/20/2016 3:00,35053.13,3.89,1.23,3.13,1.85,4.41,7
12/20/2016 4:00,35053.17,3.89,1.06,2.68,1.87,4.41,7
12/20/2016 5:00,35053.21,4.44,1.77,3.58,1.83,4.41,7
12/20/2016 6:00,35053.25,3.89,1.57,2.24,1.68,4.41,7
12/20/2016 7:00,35053.29,3.33,0.69,1.34,2.2,4.41,49
12/20/2016 8:00,35053.34,7.78,4.5,1.34,1.85,4.41,189
12/20/2016 9:00,35053.38,10,6.11,0.89,5.69,4.41,329
12/20/2016 10:00,35053.42,12.22,7.48,0,1.64,4.41,433
12/20/2016 11:00,35053.46,12.78,7.39,0.45,3.86,4.41,474
12/20/2016 12:00,35053.5,13.89,7.13,0.45,5.67,4.41,449
12/20/2016 13:00,35053.55,13.89,7.13,0.45,3.8,3.78,420
12/20/2016 14:00,35053.59,15.56,7.51,0.45,5.03,4.55,315
12/20/2016 15:00,35053.63,15.56,7.76,0.45,4.19,4.72,172
12/20/2016 16:00,35053.67,8.89,2.38,0.45,3.89,4.89,29
12/20/2016 17:00,35053.71,8.33,2.71,0.45,1.41,5.05,7
12/20/2016 18:00,35053.76,7.78,2.18,1.34,0.12,5.22,7
12/20/2016 19:00,35053.8,7.22,2.65,0.45,0.19,5.38,7
12/20/2016 20:00,35053.84,7.22,3.23,0.89,0.65,5.55,7
12/20/2016 21:00,35053.88,5,1.26,0.45,2.55,5.72,7
12/20/2016 22:00,35053.92,5.56,1.79,2.24,2.08,5.88,7
12/20/2016 23:00,35053.97,5.56,2.51,2.24,1.45,4.41,7
12/21/2016 0:00,35054,6.11,3.06,2.68,1.83,6.21,7
12/21/2016 1:00,35054.04,5.56,2.51,2.68,1.54,6.38,7
12/21/2016 2:00,35054.08,5,1.8,0.89,3.11,6.55,7
12/21/2016 3:00,35054.13,5,1.8,1.34,2.6,6.71,7
12/21/2016 4:00,35054.17,5,1.97,2.24,1.45,6.88,7
12/21/2016 5:00,35054.21,5.56,2.69,1.79,1.97,7.04,7
12/21/2016 6:00,35054.25,3.33,0.85,1.34,4.73,7.21,7
12/21/2016 7:00,35054.29,3.89,1.4,0.89,4.71,7.38,23
12/21/2016 8:00,35054.34,5.56,2.86,1.79,1.45,7.54,84
12/21/2016 9:00,35054.38,8.33,5.05,0.89,0.24,7.71,130
12/21/2016 10:00,35054.42,10,6.11,0.89,4.05,7.87,240
12/21/2016 11:00,35054.46,11.67,6.94,1.34,1.13,8.04,307
12/21/2016 12:00,35054.5,12.78,7.6,0.89,4.56,8.21,289
12/21/2016 13:00,35054.55,16.11,9.48,1.34,4.78,5.38,376
12/21/2016 14:00,35054.59,16.11,8.77,0.89,4.61,4.01,326
12/21/2016 15:00,35054.63,14.44,7.43,0.45,3.86,4.06,164
12/21/2016 16:00,35054.67,10.56,4.84,0.89,4.35,4.1,27
12/21/2016 17:00,35054.71,8.89,3.45,0.45,2.02,4.14,7
12/21/2016 18:00,35054.76,7.78,3.57,1.34,2.43,4.18,7
12/21/2016 19:00,35054.8,7.22,3.41,2.24,2.06,4.23,7
12/21/2016 20:00,35054.84,7.22,3.6,1.34,0.63,4.27,7
12/21/2016 21:00,35054.88,7.78,4.5,1.34,1.36,4.31,7
12/21/2016 22:00,35054.92,6.11,3.23,1.79,1.48,4.36,7
12/21/2016 23:00,35054.97,5.56,2.51,2.24,1.8,6.05,7
12/22/2016 0:00,35055,6.11,3.23,0.89,2.39,4.44,7
12/22/2016 1:00,35055.04,5.56,2.69,0.89,2.39,4.49,7
12/22/2016 2:00,35055.08,5,2.49,1.79,1.78,4.53,7
12/22/2016 3:00,35055.13,5.56,3.03,2.68,1.38,4.57,7
12/22/2016 4:00,35055.17,6.11,2.88,3.13,2.09,4.61,7
12/22/2016 5:00,35055.21,4.44,1.6,2.68,1.87,4.66,7
12/22/2016 6:00,35055.25,5,2.32,1.79,1.75,4.7,7
12/22/2016 7:00,35055.29,5,1.8,1.34,1.45,4.74,36
12/22/2016 8:00,35055.34,8.33,4.68,0.89,1.57,4.79,170
12/22/2016 9:00,35055.38,11.11,6.8,1.34,4.52,4.83,305
12/22/2016 10:00,35055.42,12.22,7.88,1.34,4.85,4.87,405
12/22/2016 11:00,35055.46,13.89,8.46,0.89,4.5,4.91,447
12/22/2016 12:00,35055.5,13.89,7.81,1.79,4.36,4.96,432
12/22/2016 13:00,35055.55,16.11,9.48,1.34,4.73,4.51,402
12/22/2016 14:00,35055.59,15,7.96,0.89,4.64,5.56,291
12/22/2016 15:00,35055.63,14.44,7.43,0.89,3.74,5.76,157
12/22/2016 16:00,35055.67,11.11,5.37,0.45,3.37,5.96,27
12/22/2016 17:00,35055.71,9.44,4.19,1.79,1.94,6.17,7
12/22/2016 18:00,35055.76,8.89,4.26,1.79,1.66,6.37,7
12/22/2016 19:00,35055.8,8.33,4.3,1.79,1.48,6.57,7
12/22/2016 20:00,35055.84,8.33,4.86,2.68,1.66,6.77,7
12/22/2016 21:00,35055.88,7.78,4.68,2.68,1.88,6.97,7
12/22/2016 22:00,35055.92,7.22,4.14,2.68,1.59,7.18,7
12/22/2016 23:00,35055.97,6.11,3.41,1.79,1.57,4.4,7
12/23/2016 0:00,35056,8.33,4.86,4.02,1.41,7.58,7
12/23/2016 1:00,35056.04,7.22,3.6,3.58,1.1,7.78,7
12/23/2016 2:00,35056.08,7.78,3.57,4.92,1.64,7.98,7
12/23/2016 3:00,35056.13,8.33,3.12,2.24,1.54,8.18,7
12/23/2016 4:00,35056.17,8.89,4.06,1.34,4.54,8.39,7
12/23/2016 5:00,35056.21,8.89,3.24,1.79,1.38,8.59,7
12/23/2016 6:00,35056.25,9.44,3.13,1.79,3.75,8.79,7
12/23/2016 7:00,35056.29,9.44,2.68,3.13,2.37,8.99,12
12/23/2016 8:00,35056.34,10.56,3.04,5.36,2.36,9.19,19
12/23/2016 9:00,35056.38,11.11,2.83,2.24,2.32,9.39,35
12/23/2016 10:00,35056.42,11.11,3.8,1.79,2.86,9.6,68
12/23/2016 11:00,35056.46,12.22,4.13,3.58,3.82,9.8,134
12/23/2016 12:00,35056.5,10,5.33,1.34,3.46,10,113
12/23/2016 13:00,35056.55,10,6.11,3.13,1.71,10,84
12/23/2016 14:00,35056.59,10.56,5.26,4.92,2.32,10,73
12/23/2016 15:00,35056.63,11.11,4.94,1.79,2.44,9.77,56
12/23/2016 16:00,35056.67,11.67,5.9,1.34,3.4,9.53,12
12/23/2016 17:00,35056.71,9.44,5.57,0.89,4.8,9.3,6
12/23/2016 18:00,35056.76,9.44,6.49,0.45,3.26,9.07,6
12/23/2016 19:00,35056.8,8.33,5.58,0.45,5.74,8.84,7
12/23/2016 20:00,35056.84,8.89,6.3,0.45,4.26,8.6,7
12/23/2016 21:00,35056.88,8.33,5.93,0.45,4.49,8.37,7
12/23/2016 22:00,35056.92,7.78,5.38,0.89,5.52,8.14,7
12/23/2016 23:00,35056.97,7.22,4.32,3.13,1.45,7.38,7
12/24/2016 0:00,35057,6.11,2.88,5.36,5.97,7.67,7
12/24/2016 1:00,35057.04,5,1.97,1.34,3.21,7.44,7
12/24/2016 2:00,35057.08,4.44,1.6,2.24,6.18,7.21,7
12/24/2016 3:00,35057.13,5,1.8,0.45,3.87,6.97,7
12/24/2016 4:00,35057.17,3.33,1.02,0.89,0.12,6.74,7
12/24/2016 5:00,35057.21,3.33,0.69,1.34,4.66,6.51,7
12/24/2016 6:00,35057.25,3.89,1.23,1.79,6.04,6.28,8
12/24/2016 7:00,35057.29,5,1.97,0.89,4.4,6.04,44
12/24/2016 8:00,35057.34,4.44,1.6,0.89,4.33,5.81,199
12/24/2016 9:00,35057.38,7.78,4.68,0.45,4.69,5.58,323
12/24/2016 10:00,35057.42,11.11,6.4,1.79,5.41,5.34,430
12/24/2016 11:00,35057.46,10,4.72,2.68,5.48,5.11,412
12/24/2016 12:00,35057.5,10.56,5.05,2.24,5.1,4.88,435
12/24/2016 13:00,35057.55,10.56,4.62,1.79,4.9,4.18,411
12/24/2016 14:00,35057.59,10,3.88,0.89,3.53,4.62,314
12/24/2016 15:00,35057.63,10.56,4.41,2.68,5.69,4.73,185
12/24/2016 16:00,35057.67,7.22,2.06,4.02,5.74,4.83,32
12/24/2016 17:00,35057.71,5.56,0.85,4.47,5.79,4.93,7
12/24/2016 18:00,35057.76,5.56,1.04,4.47,5.79,5.04,7
12/24/2016 19:00,35057.8,4.44,0.35,0.89,4.29,5.14,7
12/24/2016 20:00,35057.84,3.89,0.54,1.34,4.73,5.24,7
12/24/2016 21:00,35057.88,2.78,-0.2,0.89,4.68,5.35,7
12/24/2016 22:00,35057.92,1.67,-1.11,0.89,2.23,5.45,7
12/24/2016 23:00,35057.97,6.11,3.75,0.89,5.59,7.91,7
12/25/2016 0:00,35058,2.22,-0.4,0.45,3.25,5.66,7
12/25/2016 1:00,35058.04,1.67,-0.78,0.89,4.19,5.76,7
12/25/2016 2:00,35058.08,2.22,-0.07,1.34,4.28,5.86,7
12/25/2016 3:00,35058.13,1.11,-0.84,0.89,0.66,5.96,7
12/25/2016 4:00,35058.17,2.22,0.25,2.24,1.61,6.07,7
12/25/2016 5:00,35058.21,2.22,0.09,2.24,1.88,6.17,7
12/25/2016 6:00,35058.25,3.89,1.4,3.58,1.61,6.27,7
12/25/2016 7:00,35058.29,3.33,0.17,4.92,1.43,6.38,52
12/25/2016 8:00,35058.34,4.44,1.25,1.34,4.83,6.48,192
12/25/2016 9:00,35058.38,5,1.44,0.45,2.22,6.58,198
12/25/2016 10:00,35058.42,8.33,4.49,1.34,2.36,6.69,358
12/25/2016 11:00,35058.46,7.78,3.76,3.13,2.43,6.79,242
12/25/2016 12:00,35058.5,10.56,5.46,1.34,3.86,6.89,356
12/25/2016 13:00,35058.55,10.56,4.84,1.34,2.44,3.6,425
12/25/2016 14:00,35058.59,10.56,4.19,0.45,2.5,1.72,358
12/25/2016 15:00,35058.63,9.44,2.45,1.34,3.56,1.85,181
12/25/2016 16:00,35058.67,6.11,0.37,0.45,2.98,1.97,28
12/25/2016 17:00,35058.71,6.11,0.79,1.79,1.52,2.09,7
12/25/2016 18:00,35058.76,5.56,0.85,2.68,1.08,2.22,7
12/25/2016 19:00,35058.8,6.11,1.77,2.68,1.94,2.34,7
12/25/2016 20:00,35058.84,6.11,1.77,4.02,1.2,2.46,7
12/25/2016 21:00,35058.88,5,0.7,3.58,1.13,2.58,7
12/25/2016 22:00,35058.92,5,0.31,3.13,1.26,2.71,7
12/25/2016 23:00,35058.97,2.22,-0.4,0.89,4.08,5.55,7
12/26/2016 0:00,35059,5.56,0.45,4.02,1.27,2.95,7
12/26/2016 1:00,35059.04,6.11,-0.7,3.13,1.59,3.07,7
12/26/2016 2:00,35059.08,3.89,-2.38,2.24,1.76,3.2,7
12/26/2016 3:00,35059.13,4.44,-1.64,2.24,1.47,3.32,7
12/26/2016 4:00,35059.17,3.89,-2.17,3.13,2.02,3.44,7
12/26/2016 5:00,35059.21,1.67,-5.13,1.79,4,3.56,7
12/26/2016 6:00,35059.25,2.78,-4.08,1.79,1.64,3.69,7
12/26/2016 7:00,35059.29,4.44,-1.22,0.45,6.11,3.81,41
12/26/2016 8:00,35059.34,4.44,-2.28,0.89,4.29,3.93,183
12/26/2016 9:00,35059.38,7.22,1.22,1.34,4.5,4.05,321
12/26/2016 10:00,35059.42,9.44,1.99,0.89,3.75,4.18,425
12/26/2016 11:00,35059.46,13.33,4.92,0.45,4.96,4.3,474
12/26/2016 12:00,35059.5,13.89,4.66,0.45,4.17,4.42,450
12/26/2016 13:00,35059.55,13.89,4.12,0.45,4.69,3.8,421
12/26/2016 14:00,35059.59,13.89,4.66,1.34,4.97,4.61,315
12/26/2016 15:00,35059.63,12.78,3.89,0.45,4.38,4.61,176
12/26/2016 16:00,35059.67,7.78,-0.06,0.45,3.86,4.61,33
12/26/2016 17:00,35059.71,6.67,-0.18,0.45,5.17,4.61,7
12/26/2016 18:00,35059.76,5.56,-1.01,0.45,5.38,4.62,7
12/26/2016 19:00,35059.8,5.56,-0.58,0.89,2.97,4.62,7
12/26/2016 20:00,35059.84,5.56,0.65,1.79,1.4,4.62,7
12/26/2016 21:00,35059.88,6.67,1.32,1.79,1.69,4.62,7
12/26/2016 22:00,35059.92,5,0.31,3.58,1.87,4.62,7
12/26/2016 23:00,35059.97,5.56,0.25,3.58,1.62,2.83,7
12/27/2016 0:00,35060,6.11,1.38,2.68,1.59,4.62,7
12/27/2016 1:00,35060.04,3.89,-0.38,1.34,2.44,4.62,7
12/27/2016 2:00,35060.08,2.78,-1.08,0.45,5.48,4.63,7
12/27/2016 3:00,35060.13,5,0.89,3.58,1.66,4.63,7
12/27/2016 4:00,35060.17,4.44,0.35,2.24,1.83,4.63,7
12/27/2016 5:00,35060.21,3.89,-0.01,3.58,1.4,4.63,7
12/27/2016 6:00,35060.25,3.89,-0.01,2.24,1.88,4.63,7
12/27/2016 7:00,35060.29,5,1.07,0.89,0.4,4.63,31
12/27/2016 8:00,35060.34,7.22,2.84,1.34,1.5,4.63,163
12/27/2016 9:00,35060.38,8.33,3.33,0.89,4.17,4.63,311
12/27/2016 10:00,35060.42,9.44,3.77,0.89,4.38,4.63,386
12/27/2016 11:00,35060.46,12.78,6.08,0.89,3.79,4.64,467
12/27/2016 12:00,35060.5,14.44,6.22,1.34,3.8,4.64,444
12/27/2016 13:00,35060.55,15,5.43,0.45,4.45,4.07,415
12/27/2016 14:00,35060.59,14.44,4.63,0.45,4.05,4.72,313
12/27/2016 15:00,35060.63,13.33,4.14,0.49,3.76,4.72,313.68
12/27/2016 16:00,35060.67,12.22,3.64,0.54,3.47,4.71,314.37
12/27/2016 17:00,35060.71,11.11,3.14,0.59,3.18,4.71,315.05
12/27/2016 18:00,35060.76,10,2.64,0.64,2.89,4.7,315.74
12/27/2016 19:00,35060.8,8.89,2.15,0.68,2.6,4.7,316.42
12/27/2016 20:00,35060.84,7.78,1.65,0.73,2.32,4.7,317.11
12/27/2016 21:00,35060.88,6.67,1.15,0.78,2.03,4.69,317.79
12/27/2016 22:00,35060.92,5.56,0.66,0.82,1.74,4.69,318.47
12/27/2016 23:00,35060.97,4.44,0.16,2.68,1.45,4.62,7
12/28/2016 0:00,35061,5,0.72,0.92,1.31,4.68,319.84
12/28/2016 1:00,35061.04,5.56,1.27,0.96,1.17,4.67,320.53
12/28/2016 2:00,35061.08,6.11,1.83,1.01,1.02,4.67,321.21
12/28/2016 3:00,35061.13,6.67,2.39,1.06,0.88,4.66,321.89
12/28/2016 4:00,35061.17,7.22,2.94,1.11,0.74,4.66,322.58
12/28/2016 5:00,35061.21,7.78,3.5,1.15,0.6,4.66,323.26
12/28/2016 6:00,35061.25,8.33,4.06,1.2,0.46,4.65,323.95
12/28/2016 7:00,35061.29,8.89,4.61,1.25,0.32,4.65,324.63
12/28/2016 8:00,35061.34,9.44,5.17,1.29,0.18,4.64,325.32
12/28/2016 9:00,35061.38,10,5.73,1.34,0.03,4.64,326
12/28/2016 10:00,35061.42,12.22,6.65,1.34,3.6,4.63,417
12/28/2016 11:00,35061.46,13.89,7.13,0.89,2.29,4.63,469
12/28/2016 12:00,35061.5,15,7.24,0.89,4.57,4.62,445
12/28/2016 13:00,35061.55,15.56,7.26,2.24,5.92,3.97,418
12/28/2016 14:00,35061.59,15.56,7.26,0.89,5.95,4.75,313
12/28/2016 15:00,35061.63,14.44,6.47,0.89,3.47,4.73,174
12/28/2016 16:00,35061.67,9.44,2.45,0.89,4.01,4.71,36
12/28/2016 17:00,35061.71,9.44,3.77,0.89,0.86,4.69,7
12/28/2016 18:00,35061.76,8.89,3.86,1.34,1.29,4.67,7
12/28/2016 19:00,35061.8,8.33,3.72,1.79,1.19,4.65,7
12/28/2016 20:00,35061.84,6.67,2.69,2.68,1.87,4.63,7
12/28/2016 21:00,35061.88,7.22,3.6,4.02,1.85,4.61,7
12/28/2016 22:00,35061.92,6.11,2.7,2.68,1.41,4.59,7
12/28/2016 23:00,35061.97,6.11,2.88,0.87,1.5,4.68,319.16
12/29/2016 0:00,35062,6.11,3.06,3.13,1.59,4.55,7
12/29/2016 1:00,35062.04,5,2.15,3.13,1.92,4.53,7
12/29/2016 2:00,35062.08,6.67,3.6,4.02,1.41,4.51,7
12/29/2016 3:00,35062.13,5,2.32,3.13,1.41,4.49,7
12/29/2016 4:00,35062.17,5.56,2.69,2.68,1.66,4.47,7
12/29/2016 5:00,35062.21,5.56,2.86,2.68,1.54,4.45,7
12/29/2016 6:00,35062.25,5,2.49,3.13,1.2,4.43,7
12/29/2016 7:00,35062.29,5.56,3.03,2.24,1.33,4.41,37
12/29/2016 8:00,35062.34,7.78,4.86,0.45,3.75,4.39,175
12/29/2016 9:00,35062.38,10,6.3,1.34,1.19,4.37,314
12/29/2016 10:00,35062.42,13.33,8.75,0.89,1.83,4.35,421
12/29/2016 11:00,35062.46,15,8.42,0.89,4.71,4.33,481
12/29/2016 12:00,35062.5,17.78,10.11,1.34,6.11,4.31,455
12/29/2016 13:00,35062.55,18.33,10.13,0.45,4.69,3.52,429
12/29/2016 14:00,35062.59,16.67,8.31,1.79,4.78,4.41,321
12/29/2016 15:00,35062.63,14.44,6.71,0.45,4.66,4.65,120
12/29/2016 16:00,35062.67,11.67,4.56,0.45,4.94,4.89,30
12/29/2016 17:00,35062.71,10.56,4.41,0.89,1.75,5.13,7
12/29/2016 18:00,35062.76,10.56,5.67,0.89,1.78,5.36,7
12/29/2016 19:00,35062.8,10.56,6.07,2.24,1.71,5.6,7
12/29/2016 20:00,35062.84,8.89,4.26,1.34,4.35,5.84,7
12/29/2016 21:00,35062.88,9.44,5.19,0.89,0.7,6.08,7
12/29/2016 22:00,35062.92,8.33,4.68,1.34,1.8,6.32,7
12/29/2016 23:00,35062.97,6.11,2.88,4.47,1.52,4.57,7
12/30/2016 0:00,35063,7.78,4.32,3.13,1.97,6.8,7
12/30/2016 1:00,35063.04,7.78,4.32,2.68,1.88,7.03,7
12/30/2016 2:00,35063.08,8.89,5.22,2.68,1.62,7.27,7
12/30/2016 3:00,35063.13,8.33,4.49,3.58,1.52,7.51,7
12/30/2016 4:00,35063.17,8.33,4.11,2.24,1.69,7.75,7
12/30/2016 5:00,35063.21,6.11,2.52,1.79,1.5,7.99,7
12/30/2016 6:00,35063.25,5.56,2.34,0.89,4.63,8.23,7
12/30/2016 7:00,35063.29,7.22,3.96,1.79,1.83,8.47,19
12/30/2016 8:00,35063.34,8.89,5.59,0.89,5.69,8.71,82
12/30/2016 9:00,35063.38,10,6.11,4.02,1.43,8.94,79
12/30/2016 10:00,35063.42,11.11,6.8,0.89,4.66,9.18,146
12/30/2016 11:00,35063.46,12.22,7.68,0.89,4.56,9.42,209
12/30/2016 12:00,35063.5,13.89,8.67,0.89,3.86,9.66,204
12/30/2016 13:00,35063.55,12.78,8.22,0.89,1.06,10,140
12/30/2016 14:00,35063.59,13.33,8.55,0.45,2.27,10,112
12/30/2016 15:00,35063.63,13.33,8.55,0.89,4.4,10,99
12/30/2016 16:00,35063.67,10.56,5.87,1.34,2.18,10,38
12/30/2016 17:00,35063.71,10,5.53,0.45,4.83,10,7
12/30/2016 18:00,35063.76,8.33,4.3,1.34,1.94,10,7
12/30/2016 19:00,35063.8,9.44,5.57,1.79,2.48,10,7
12/30/2016 20:00,35063.84,9.44,5.95,0.45,5.06,10,7
12/30/2016 21:00,35063.88,7.78,4.86,0.45,5.55,10,7
12/30/2016 22:00,35063.92,8.33,6.1,1.34,2.5,10,7
12/30/2016 23:00,35063.97,8.33,4.49,1.79,1.75,6.56,7
12/31/2016 0:00,35064,6.67,4.8,3.58,1.85,10,6
12/31/2016 1:00,35064.04,8.33,6.1,4.02,1.59,10,6
12/31/2016 2:00,35064.08,7.78,5.21,3.58,1.62,10,7
12/31/2016 3:00,35064.13,7.22,4.32,4.02,1.54,10,7
12/31/2016 4:00,35064.17,7.22,4.14,4.02,1.52,10,7
12/31/2016 5:00,35064.21,7.22,4.14,0.89,4.57,10,7
12/31/2016 6:00,35064.25,7.22,4.49,0.89,4.73,10,7
12/31/2016 7:00,35064.29,7.22,4.67,0.45,4.66,10,10
12/31/2016 8:00,35064.34,7.78,5.56,0.45,3.47,10,18
12/31/2016 9:00,35064.38,6.67,4.46,1.79,5.62,10,22
12/31/2016 10:00,35064.42,7.22,5.01,0.89,5.06,10,22
12/31/2016 11:00,35064.46,7.22,5.18,3.58,5.83,10,48
12/31/2016 12:00,35064.5,7.22,5.18,0.45,3.32,10,82
12/31/2016 13:00,35064.55,7.78,5.72,1.34,4.85,10,76
12/31/2016 14:00,35064.59,7.22,5.18,1.34,4.87,10,66
12/31/2016 15:00,35064.63,6.67,4.63,1.79,4.96,10,35
12/31/2016 16:00,35064.67,6.11,3.92,0.89,4.96,10,13
12/31/2016 17:00,35064.71,6.67,4.63,0.45,4.59,10,7
12/31/2016 18:00,35064.76,6.11,3.92,0.89,3.74,10,7
12/31/2016 19:00,35064.8,6.67,4.63,0.45,3.82,10,7
12/31/2016 20:00,35064.84,6.67,4.63,0.45,4.26,10,7
12/31/2016 21:00,35064.88,6.67,4.46,0.45,4.12,10,7
12/31/2016 22:00,35064.92,5.56,3.7,0.45,3.74,10,7
12/31/2016 23:00,35064.97,7.78,5.72,2.24,2.37,10,6
