DATE TIME,JDAY,TAIR,TDEW,WIND,PHI,CLOUD,SRO
1/1/2005 0:00,30682,8.89,4.6,3.4,2.09,10,0
1/1/2005 1:00,30682.04,8.89,4.7,2.6,1.97,10,0
1/1/2005 2:00,30682.08,7.78,4.8,2.4,1.95,10,0
1/1/2005 3:00,30682.13,7.78,4.6,2.3,1.95,10,0
1/1/2005 4:00,30682.17,8.33,4.7,1.3,2.34,10,0
1/1/2005 5:00,30682.21,6.67,4.9,1.2,0.23,10,0
1/1/2005 6:00,30682.25,8.33,4.9,1,1.12,10,0
1/1/2005 7:00,30682.29,8.33,5,0.9,0.84,5.96,11
1/1/2005 8:00,30682.34,8.33,5.2,1.7,1.2,9.93,64
1/1/2005 9:00,30682.38,9.44,5.6,2.1,2.02,6.43,228
1/1/2005 10:00,30682.42,13.33,5.8,2.6,2.36,0,415
1/1/2005 11:00,30682.46,12.78,5.9,2.4,1.9,0,496
1/1/2005 12:00,30682.5,12.22,5.1,3.1,2.02,6.54,328
1/1/2005 13:00,30682.55,12.78,6,3.7,2.43,3.43,375
1/1/2005 14:00,30682.59,13.89,4.6,3.3,2.36,9.58,126
1/1/2005 15:00,30682.63,11.67,4.8,3.1,2.41,8.93,86
1/1/2005 16:00,30682.67,10,4.9,2.5,2.25,0,25
1/1/2005 17:00,30682.71,9.44,5,2.1,2.16,10,0
1/1/2005 18:00,30682.76,10,4.8,1.5,2.23,10,0
1/1/2005 19:00,30682.8,8.33,4.6,1.2,1.71,10,0
1/1/2005 20:00,30682.84,7.78,4.2,1.4,1.22,10,0
1/1/2005 21:00,30682.88,7.78,3.3,1.3,1.59,10,0
1/1/2005 22:00,30682.92,7.78,3.3,1.3,1.33,10,0
1/1/2005 23:00,30682.97,8.33,3.6,1.9,1.99,10,0
1/2/2005 0:00,30683,8.89,3.4,2,2.02,10,0
1/2/2005 1:00,30683.04,8.89,3.8,2,2.09,10,0
1/2/2005 2:00,30683.08,8.89,3.6,1.7,2.04,10,0
1/2/2005 3:00,30683.13,7.78,3,1.7,1.85,10,0
1/2/2005 4:00,30683.17,7.22,2.9,1.9,2.02,10,0
1/2/2005 5:00,30683.21,8.33,3.2,2,1.9,10,0
1/2/2005 6:00,30683.25,7.78,3,1.9,1.85,10,0
1/2/2005 7:00,30683.29,8.89,2.9,1.7,1.83,0,22
1/2/2005 8:00,30683.34,9.44,2.9,1.9,1.8,7.01,122
1/2/2005 9:00,30683.38,11.67,3.9,2.4,1.87,7.74,191
1/2/2005 10:00,30683.42,11.67,4.8,2.8,2.55,6.62,291
1/2/2005 11:00,30683.46,10.56,4.9,2.4,2.53,8.43,245
1/2/2005 12:00,30683.5,11.67,4.9,2.8,2.25,9.2,205
1/2/2005 13:00,30683.55,10.56,5.1,3.3,2.5,9.8,153
1/2/2005 14:00,30683.59,10.56,5.1,3.2,2.46,9.82,117
1/2/2005 15:00,30683.63,11.11,5.1,2.7,2.13,10,61
1/2/2005 16:00,30683.67,10,5.2,3.3,2.13,4.99,13
1/2/2005 17:00,30683.71,8.89,4.8,1.9,1.99,10,0
1/2/2005 18:00,30683.76,8.89,5.1,2.6,1.45,10,0
1/2/2005 19:00,30683.8,10.56,5,2.5,1.5,10,0
1/2/2005 20:00,30683.84,10,4.5,2.1,1.26,10,0
1/2/2005 21:00,30683.88,11.11,4.7,1.9,1.5,10,0
1/2/2005 22:00,30683.92,8.89,5.3,2.5,2.08,10,0
1/2/2005 23:00,30683.97,8.89,5.6,1.3,1.17,10,0
1/3/2005 0:00,30684,8.89,5.9,1.3,1.33,10,0
1/3/2005 1:00,30684.04,7.78,5.9,0.9,1.71,10,0
1/3/2005 2:00,30684.08,8.33,5.8,1.3,3.11,10,0
1/3/2005 3:00,30684.13,6.67,5.2,2.2,3.77,10,0
1/3/2005 4:00,30684.17,7.22,4.8,0.9,1.08,10,0
1/3/2005 5:00,30684.21,6.67,4.9,1.3,1.19,10,0
1/3/2005 6:00,30684.25,7.78,5.2,2.3,1.03,10,0
1/3/2005 7:00,30684.29,7.78,5.3,2,1.17,10,2
1/3/2005 8:00,30684.34,6.67,5.2,1.9,1.47,10,18
1/3/2005 9:00,30684.38,6.67,5.3,2.3,1.13,10,45
1/3/2005 10:00,30684.42,6.67,5.2,2.4,1.08,10,77
1/3/2005 11:00,30684.46,7.78,5.2,2.7,0.99,10,99
1/3/2005 12:00,30684.5,7.22,5.1,2.6,1.17,10,110
1/3/2005 13:00,30684.55,7.78,5.1,2.1,1.1,10,74
1/3/2005 14:00,30684.59,7.22,5.1,2.6,1.06,10,60
1/3/2005 15:00,30684.63,7.78,4.8,2.2,0.99,10,28
1/3/2005 16:00,30684.67,7.78,4.7,1.1,6.11,8.9,8
1/3/2005 17:00,30684.71,7.78,4.4,1.3,5.64,10,0
1/3/2005 18:00,30684.76,7.78,3.6,0.9,5.38,10,0
1/3/2005 19:00,30684.8,6.67,3,0.8,5.32,10,0
1/3/2005 20:00,30684.84,6.11,3.1,0.8,4.92,10,0
1/3/2005 21:00,30684.88,6.11,2.7,0.6,5.55,10,0
1/3/2005 22:00,30684.92,6.11,2.6,1.3,5.24,10,0
1/3/2005 23:00,30684.97,8.33,2.6,1.1,5.52,10,0
1/4/2005 0:00,30685,6.11,2.5,1.5,4.83,10,0
1/4/2005 1:00,30685.04,6.11,2.4,0.8,4.49,10,0
1/4/2005 2:00,30685.08,6.11,2.2,0.9,5.72,10,0
1/4/2005 3:00,30685.13,5,2,1,5.97,10,0
1/4/2005 4:00,30685.17,5.56,2.1,1,4.29,10,0
1/4/2005 5:00,30685.21,5,2.4,0.7,5.43,10,0
1/4/2005 6:00,30685.25,4.44,2.5,0.8,5.43,10,0
1/4/2005 7:00,30685.29,5,2.7,0.8,4.36,6.1,13
1/4/2005 8:00,30685.34,5.56,3.2,1.4,5.01,9.27,80
1/4/2005 9:00,30685.38,5,3.6,2.1,5.11,8.59,164
1/4/2005 10:00,30685.42,6.11,3.7,2.3,5.01,9.18,185
1/4/2005 11:00,30685.46,7.22,3.9,1.8,5.27,8.03,266
1/4/2005 12:00,30685.5,7.22,4.2,2.1,5.08,9.22,205
1/4/2005 13:00,30685.55,7.22,4.3,2,5.39,9.23,183
1/4/2005 14:00,30685.59,6.67,4.4,1.5,0.31,9.14,144
1/4/2005 15:00,30685.63,6.67,4.4,1.6,0.51,8.86,89
1/4/2005 16:00,30685.67,7.22,4.5,1.1,0.45,0,27
1/4/2005 17:00,30685.71,6.67,4.4,0.9,0.79,10,0
1/4/2005 18:00,30685.76,6.67,4.5,1.1,1.29,10,0
1/4/2005 19:00,30685.8,7.22,4.5,1.3,2.78,10,0
1/4/2005 20:00,30685.84,6.11,4.3,1.1,1.45,10,0
1/4/2005 21:00,30685.88,6.11,4.2,1,1.33,10,0
1/4/2005 22:00,30685.92,6.11,3.9,0.7,0.45,10,0
1/4/2005 23:00,30685.97,6.67,2.9,0.9,1.2,10,0
1/5/2005 0:00,30686,6.11,1.9,0.8,0.09,10,0
1/5/2005 1:00,30686.04,6.11,1.7,0.9,1.15,10,0
1/5/2005 2:00,30686.08,5.56,2.6,0.8,0.93,10,0
1/5/2005 3:00,30686.13,5,2.4,0.9,1.13,10,0
1/5/2005 4:00,30686.17,5.56,1.5,1.1,1.03,10,0
1/5/2005 5:00,30686.21,5,0.8,1,1.1,10,0
1/5/2005 6:00,30686.25,4.44,0.5,0.9,1.66,10,0
1/5/2005 7:00,30686.29,5.56,0.1,0.8,0.21,0,38
1/5/2005 8:00,30686.34,6.11,2,0.8,3.42,0,190
1/5/2005 9:00,30686.38,8.33,3.2,1.8,2.13,0,322
1/5/2005 10:00,30686.42,11.11,4,2.4,2.34,0,433
1/5/2005 11:00,30686.46,13.33,4.5,2.6,2.48,0,494
1/5/2005 12:00,30686.5,12.22,4.9,2.3,2.36,3.55,422
1/5/2005 13:00,30686.55,12.78,5.6,2.3,2.3,0,432
1/5/2005 14:00,30686.59,13.89,4.5,2.3,2.32,4.22,280
1/5/2005 15:00,30686.63,12.78,2.9,1.8,2.18,9.17,83
1/5/2005 16:00,30686.67,10.56,2.3,1,2.29,0,20
1/5/2005 17:00,30686.71,9.44,1.7,0.6,0.87,10,0
1/5/2005 18:00,30686.76,8.89,2.2,1,0.87,10,0
1/5/2005 19:00,30686.8,8.89,2.4,0.9,1.1,10,0
1/5/2005 20:00,30686.84,7.78,2.4,0.8,0.02,10,0
1/5/2005 21:00,30686.88,7.78,2.5,0.9,6,10,0
1/5/2005 22:00,30686.92,7.78,2.1,0.6,4.08,10,0
1/5/2005 23:00,30686.97,6.67,1.7,1.2,0.77,10,0
1/6/2005 0:00,30687,6.11,1.4,1.2,1.01,10,0
1/6/2005 1:00,30687.04,6.11,1.3,0.9,1.01,10,0
1/6/2005 2:00,30687.08,6.11,0.8,1,0.33,10,0
1/6/2005 3:00,30687.13,7.22,0.5,0.8,5.64,10,0
1/6/2005 4:00,30687.17,6.11,-0.2,1.1,4.94,10,0
1/6/2005 5:00,30687.21,7.22,-0.4,0.7,4.38,10,0
1/6/2005 6:00,30687.25,6.11,-0.4,0.6,4.94,10,0
1/6/2005 7:00,30687.29,6.11,-0.2,1.2,4.56,0,38
1/6/2005 8:00,30687.34,6.11,2.7,0.7,5.81,0,190
1/6/2005 9:00,30687.38,12.22,2.7,1.4,6.09,0,331
1/6/2005 10:00,30687.42,13.33,3.2,1.2,5.2,0,442
1/6/2005 11:00,30687.46,12.78,4.4,1.7,4.19,0,501
1/6/2005 12:00,30687.5,13.33,3.2,2.3,4.21,0,498
1/6/2005 13:00,30687.55,13.89,6.4,1.2,3.23,0,447
1/6/2005 14:00,30687.59,13.89,5.3,1.5,3.75,0,339
1/6/2005 15:00,30687.63,11.11,4,1.7,3.75,3.07,173
1/6/2005 16:00,30687.67,9.44,2.9,2,3.65,0,49
1/6/2005 17:00,30687.71,7.78,2.1,1.1,3.26,10,0
1/6/2005 18:00,30687.76,7.78,1.6,0.9,0.45,10,0
1/6/2005 19:00,30687.8,6.11,1.2,1.3,1.59,10,0
1/6/2005 20:00,30687.84,6.11,0.5,1.7,1.36,10,0
1/6/2005 21:00,30687.88,7.22,0.3,1.6,1.59,10,0
1/6/2005 22:00,30687.92,7.22,0.5,2.1,1.76,10,0
1/6/2005 23:00,30687.97,6.11,0.3,2.2,2.01,10,0
1/7/2005 0:00,30688,8.33,0,2,2.08,10,0
1/7/2005 1:00,30688.04,8.89,0,1.9,1.57,10,0
1/7/2005 2:00,30688.08,8.89,0,1.7,1.88,10,0
1/7/2005 3:00,30688.13,7.22,0.9,2,1.88,10,0
1/7/2005 4:00,30688.17,6.11,1.3,2.8,1.48,10,0
1/7/2005 5:00,30688.21,5.56,1.4,4.7,1.48,10,0
1/7/2005 6:00,30688.25,7.78,1.5,4.3,1.43,10,0
1/7/2005 7:00,30688.29,8.89,1.5,3.9,1.59,10,6
1/7/2005 8:00,30688.34,11.11,2.5,4,1.82,10,47
1/7/2005 9:00,30688.38,12.22,3.2,4.2,2.22,10,74
1/7/2005 10:00,30688.42,13.33,3.7,4.9,2.15,8.94,199
1/7/2005 11:00,30688.46,12.78,4.3,5.8,2.06,10,154
1/7/2005 12:00,30688.5,12.22,4.7,7.7,2.22,10,125
1/7/2005 13:00,30688.55,11.67,4.8,9.3,2.5,10,75
1/7/2005 14:00,30688.59,13.33,5.9,9,2.48,9.22,143
1/7/2005 15:00,30688.63,12.78,6.3,8.6,2.18,0,220
1/7/2005 16:00,30688.67,12.22,5.7,6.9,2.18,0,41
1/7/2005 17:00,30688.71,12.78,5.6,5.4,2.22,10,0
1/7/2005 18:00,30688.76,12.22,5.9,4.8,2.39,10,0
1/7/2005 19:00,30688.8,11.67,6.1,4.4,2.27,10,0
1/7/2005 20:00,30688.84,11.11,6.2,4.3,2.16,10,0
1/7/2005 21:00,30688.88,11.67,6.1,5.6,2.51,10,0
1/7/2005 22:00,30688.92,10.56,5.9,5.6,2.53,10,0
1/7/2005 23:00,30688.97,8.89,5.6,4.9,2.32,10,0
1/8/2005 0:00,30689,9.44,5.5,4,2.22,10,0
1/8/2005 1:00,30689.04,10,5.7,3.8,2.16,10,0
1/8/2005 2:00,30689.08,8.89,5.8,3.2,2.18,10,0
1/8/2005 3:00,30689.13,10,5.8,3.8,2.15,10,0
1/8/2005 4:00,30689.17,9.44,6,4.2,2.11,10,0
1/8/2005 5:00,30689.21,10,5.8,4,2.11,10,0
1/8/2005 6:00,30689.25,9.44,5.9,3.6,2.22,10,0
1/8/2005 7:00,30689.29,10,6,2.9,2.2,10,5
1/8/2005 8:00,30689.34,10.56,6.4,3.5,2.18,10,35
1/8/2005 9:00,30689.38,10.56,7.2,4.2,2.16,10,72
1/8/2005 10:00,30689.42,10,7.8,3.9,2.16,10,103
1/8/2005 11:00,30689.46,10.56,8.2,4,2.02,9.94,166
1/8/2005 12:00,30689.5,11.11,8.4,4.3,2.16,10,158
1/8/2005 13:00,30689.55,11.67,8.7,4.4,2.22,10,127
1/8/2005 14:00,30689.59,13.33,9.1,5.3,2.2,5.72,253
1/8/2005 15:00,30689.63,13.89,9.3,4,2.04,5.15,155
1/8/2005 16:00,30689.67,13.33,9,4.2,2.08,0,33
1/8/2005 17:00,30689.71,12.78,9,3.9,1.95,10,0
1/8/2005 18:00,30689.76,11.67,8.9,2.8,1.71,10,0
1/8/2005 19:00,30689.8,12.22,8.6,2.9,1.99,10,0
1/8/2005 20:00,30689.84,12.22,8.7,3,1.99,10,0
1/8/2005 21:00,30689.88,12.78,9.2,2.7,1.97,10,0
1/8/2005 22:00,30689.92,13.33,9.3,2.6,1.87,10,0
1/8/2005 23:00,30689.97,10.56,9.4,2.2,1.9,10,0
1/9/2005 0:00,30690,11.67,9.6,3.9,2.32,10,0
1/9/2005 1:00,30690.04,11.11,9.6,3.7,2.58,10,0
1/9/2005 2:00,30690.08,10.56,9.5,3.3,2.67,10,0
1/9/2005 3:00,30690.13,10.56,9.6,2.3,2.83,10,0
1/9/2005 4:00,30690.17,10,9.5,1.6,1.97,10,0
1/9/2005 5:00,30690.21,10,9.2,1.2,1.66,10,0
1/9/2005 6:00,30690.25,10.56,8.9,1.5,1.43,10,0
1/9/2005 7:00,30690.29,12.78,8.8,1.5,1.88,7.44,15
1/9/2005 8:00,30690.34,14.44,9.9,2.1,1.87,9.62,75
1/9/2005 9:00,30690.38,15,10.9,2.3,2.16,10,70
1/9/2005 10:00,30690.42,13.89,11.2,2.8,2.37,10,58
1/9/2005 11:00,30690.46,13.89,11.9,3.3,2.13,9.41,198
1/9/2005 12:00,30690.5,15,12.3,4.4,2.13,10,159
1/9/2005 13:00,30690.55,15,12.7,4,2.01,8.68,213
1/9/2005 14:00,30690.59,16.67,13,5.1,2.37,7.84,194
1/9/2005 15:00,30690.63,16.11,13,4.4,2.34,7.6,118
1/9/2005 16:00,30690.67,16.11,12.8,4.3,2.23,0,57
1/9/2005 17:00,30690.71,16.11,11.7,3.7,2.97,10,0
1/9/2005 18:00,30690.76,10,10.2,3,4.92,10,0
1/9/2005 19:00,30690.8,9.44,9.1,2.7,5.31,10,0
1/9/2005 20:00,30690.84,9.44,8.2,2.8,5.38,10,0
1/9/2005 21:00,30690.88,10,8,2.5,5.22,10,0
1/9/2005 22:00,30690.92,9.44,7.9,1.4,5.55,10,0
1/9/2005 23:00,30690.97,12.22,7.7,1.1,1.71,10,0
1/10/2005 0:00,30691,9.44,7.9,1.1,2.81,10,0
1/10/2005 1:00,30691.04,8.89,7.7,0.9,3.96,10,0
1/10/2005 2:00,30691.08,8.89,7.4,0.8,0.23,10,0
1/10/2005 3:00,30691.13,9.44,7.6,0.7,0.82,10,0
1/10/2005 4:00,30691.17,9.44,7.8,0.9,5.5,10,0
1/10/2005 5:00,30691.21,10,7.9,0.9,0,10,0
1/10/2005 6:00,30691.25,11.11,8,1,4.96,10,0
1/10/2005 7:00,30691.29,10.56,8.1,1.8,3.8,10,5
1/10/2005 8:00,30691.34,10,8.3,1.8,3.3,10,44
1/10/2005 9:00,30691.38,9.44,8.6,1.1,2.18,10,67
1/10/2005 10:00,30691.42,10.56,9.2,1.7,2.09,10,92
1/10/2005 11:00,30691.46,11.11,9.3,1.3,2.51,10,83
1/10/2005 12:00,30691.5,12.22,9.9,1.9,1.12,10,162
1/10/2005 13:00,30691.55,14.44,10.6,2,1.45,8.97,200
1/10/2005 14:00,30691.59,14.44,11.2,3,2.15,8.48,173
1/10/2005 15:00,30691.63,15,11.6,2.6,1.94,7.7,117
1/10/2005 16:00,30691.67,14.44,11.6,2.6,1.95,0,48
1/10/2005 17:00,30691.71,14.44,11,2.2,2.04,10,0
1/10/2005 18:00,30691.76,13.89,10.9,3.1,2.3,10,0
1/10/2005 19:00,30691.8,13.89,9.9,3.7,2.83,10,0
1/10/2005 20:00,30691.84,12.78,9.1,3.1,2.88,10,0
1/10/2005 21:00,30691.88,12.22,9.3,3.3,2.51,10,0
1/10/2005 22:00,30691.92,10.56,9.4,2.6,2.27,10,0
1/10/2005 23:00,30691.97,10,9.4,2.9,2.2,10,0
1/11/2005 0:00,30692,8.33,9.5,2.4,3.07,10,0
1/11/2005 1:00,30692.04,7.22,7.4,3.5,4.99,10,0
1/11/2005 2:00,30692.08,7.78,6.1,2.4,6.09,10,0
1/11/2005 3:00,30692.13,7.78,5.2,2.9,6.14,10,0
1/11/2005 4:00,30692.17,8.33,4.1,2.1,0.72,10,0
1/11/2005 5:00,30692.21,7.78,3.6,1.7,0.96,10,0
1/11/2005 6:00,30692.25,6.67,3.9,1.5,1.97,10,0
1/11/2005 7:00,30692.29,7.22,4.2,1.6,2.01,0,27
1/11/2005 8:00,30692.34,7.78,4.6,1.9,1.88,9.08,89
1/11/2005 9:00,30692.38,9.44,5.7,3.6,1.82,4.87,276
1/11/2005 10:00,30692.42,8.89,5.7,4.3,1.82,8.95,202
1/11/2005 11:00,30692.46,8.89,5.9,4.6,2.2,10,112
1/11/2005 12:00,30692.5,7.78,5.5,3.8,2.53,10,107
1/11/2005 13:00,30692.55,7.78,5.7,3.1,2.04,9.9,153
1/11/2005 14:00,30692.59,8.89,5.7,3.4,1.68,10,106
1/11/2005 15:00,30692.63,8.33,5.6,3.1,1.38,8.16,109
1/11/2005 16:00,30692.67,8.33,4.9,2.1,1.31,10,8
1/11/2005 17:00,30692.71,7.78,5,0.9,1.8,10,0
1/11/2005 18:00,30692.76,6.67,5,1,4.59,10,0
1/11/2005 19:00,30692.8,6.11,5.3,0.9,4.96,10,0
1/11/2005 20:00,30692.84,5.56,5.2,1.3,5.18,10,0
1/11/2005 21:00,30692.88,5.56,4.7,1.3,5.97,10,0
1/11/2005 22:00,30692.92,5,4,1.4,0.37,10,0
1/11/2005 23:00,30692.97,10.56,2.5,0.9,5.9,10,0
1/12/2005 0:00,30693,5,1.8,0.8,0.17,10,0
1/12/2005 1:00,30693.04,5,1.1,0.8,4.78,10,0
1/12/2005 2:00,30693.08,4.44,1.1,0.8,5.95,10,0
1/12/2005 3:00,30693.13,3.89,1.7,1.3,6.14,10,0
1/12/2005 4:00,30693.17,2.22,2.6,2.2,5.27,10,0
1/12/2005 5:00,30693.21,1.11,3,2.2,5.32,10,0
1/12/2005 6:00,30693.25,1.11,3,2.1,5.03,10,0
1/12/2005 7:00,30693.29,1.11,2.9,1.7,5.69,10,7
1/12/2005 8:00,30693.34,2.22,2.9,1.9,0.98,10,34
1/12/2005 9:00,30693.38,3.89,3.3,1.3,0.52,10,93
1/12/2005 10:00,30693.42,8.89,4,1.6,1.06,8.68,216
1/12/2005 11:00,30693.46,7.78,4.5,1.1,3.12,9.87,173
1/12/2005 12:00,30693.5,6.67,4.3,1.8,4.19,9.94,169
1/12/2005 13:00,30693.55,7.78,4,1.5,4.57,10,109
1/12/2005 14:00,30693.59,7.78,4.2,1.6,0.49,9.4,140
1/12/2005 15:00,30693.63,9.44,4.3,1.3,5.39,7.66,120
1/12/2005 16:00,30693.67,7.78,4,1.8,3.35,0,52
1/12/2005 17:00,30693.71,5.56,3.6,0.7,0.05,10,1
1/12/2005 18:00,30693.76,5.56,2.7,0.9,0.28,10,0
1/12/2005 19:00,30693.8,6.11,2.5,0.6,1.08,10,0
1/12/2005 20:00,30693.84,5,1.5,0.6,4.19,10,0
1/12/2005 21:00,30693.88,4.44,1,1.3,0.91,10,0
1/12/2005 22:00,30693.92,3.89,1,0.8,1.15,10,0
1/12/2005 23:00,30693.97,5,0.4,0.9,6.27,10,0
1/13/2005 0:00,30694,3.89,-0.4,1,0.4,10,0
1/13/2005 1:00,30694.04,3.33,0.1,1.1,1.29,10,0
1/13/2005 2:00,30694.08,4.44,0.1,0.7,0.31,10,0
1/13/2005 3:00,30694.13,3.89,-1,0.7,5.6,10,0
1/13/2005 4:00,30694.17,5,-0.5,0.8,4.14,10,0
1/13/2005 5:00,30694.21,4.44,-0.3,0.6,5.39,10,0
1/13/2005 6:00,30694.25,4.44,-0.2,0.7,1.57,10,0
1/13/2005 7:00,30694.29,4.44,0.1,0.6,2.48,6.76,21
1/13/2005 8:00,30694.34,3.89,1,0.7,1.12,9.07,91
1/13/2005 9:00,30694.38,5,2.5,1.7,2.2,8.83,163
1/13/2005 10:00,30694.42,6.11,3.1,1.8,2.65,8.38,231
1/13/2005 11:00,30694.46,6.67,3.2,1.7,1.78,9.29,208
1/13/2005 12:00,30694.5,7.22,3.5,1.3,2.25,9.75,181
1/13/2005 13:00,30694.55,7.22,3.7,1,4.73,9.93,153
1/13/2005 14:00,30694.59,7.78,4.2,1.9,5.22,9.61,132
1/13/2005 15:00,30694.63,7.22,4.5,1.8,5.17,6.92,135
1/13/2005 16:00,30694.67,5.56,4.5,1.8,4.83,0,51
1/13/2005 17:00,30694.71,5.56,3.9,1.6,4.92,10,1
1/13/2005 18:00,30694.76,5.56,3.8,1.4,4.94,10,0
1/13/2005 19:00,30694.8,6.11,4,1.4,4.52,10,0
1/13/2005 20:00,30694.84,6.11,4.1,0.9,3.75,10,0
1/13/2005 21:00,30694.88,6.11,3.8,1.2,0.23,10,0
1/13/2005 22:00,30694.92,6.11,3.8,1.1,0.45,10,0
1/13/2005 23:00,30694.97,3.89,3.5,1.1,0.3,10,0
1/14/2005 0:00,30695,5,3.4,1.1,3.75,10,0
1/14/2005 1:00,30695.04,5.56,3.4,1.4,5.6,10,0
1/14/2005 2:00,30695.08,5.56,3.3,1.2,5.17,10,0
1/14/2005 3:00,30695.13,4.44,3.2,1,4.8,10,0
1/14/2005 4:00,30695.17,5,3.2,1,6.11,10,0
1/14/2005 5:00,30695.21,5,3.2,1.5,5.53,10,0
1/14/2005 6:00,30695.25,5,3.2,1,5.57,10,0
1/14/2005 7:00,30695.29,3.89,3.2,0.8,0.86,10,4
1/14/2005 8:00,30695.34,5.56,3.1,1.3,1.85,10,27
1/14/2005 9:00,30695.38,5,3.2,1.2,0.96,10,62
1/14/2005 10:00,30695.42,5.56,3.2,1.3,1.54,10,97
1/14/2005 11:00,30695.46,6.67,3.3,1.2,2.11,10,121
1/14/2005 12:00,30695.5,6.11,3.2,1.1,1.1,10,113
1/14/2005 13:00,30695.55,6.67,3.2,1,1.4,10,116
1/14/2005 14:00,30695.59,6.11,3.5,1.2,1.8,9.94,119
1/14/2005 15:00,30695.63,6.67,3.4,1.4,3.42,9.24,88
1/14/2005 16:00,30695.67,5.56,3.3,1,1.4,6.67,23
1/14/2005 17:00,30695.71,5,3.3,1.1,4.08,10,0
1/14/2005 18:00,30695.76,5,3.4,1.4,2.57,10,0
1/14/2005 19:00,30695.8,5,3.2,1.4,1.94,10,0
1/14/2005 20:00,30695.84,5.56,3.2,1.2,2.15,10,0
1/14/2005 21:00,30695.88,4.44,2.9,1.2,0.68,10,0
1/14/2005 22:00,30695.92,5,2.9,1.2,1.78,10,0
1/14/2005 23:00,30695.97,5,2.8,1.5,2.18,10,0
1/15/2005 0:00,30696,3.89,2.7,1.8,2.15,10,0
1/15/2005 1:00,30696.04,3.89,2.6,2,2.32,10,0
1/15/2005 2:00,30696.08,3.89,2.7,1.8,2.15,10,0
1/15/2005 3:00,30696.13,3.89,2.5,1.2,2.09,10,0
1/15/2005 4:00,30696.17,3.89,2.6,0.9,3.61,10,0
1/15/2005 5:00,30696.21,3.89,2.6,0.7,2.79,10,0
1/15/2005 6:00,30696.25,3.89,2.6,0.9,2.93,10,0
1/15/2005 7:00,30696.29,3.89,2.6,1.3,2.51,10,5
1/15/2005 8:00,30696.34,3.89,2.3,1.4,2.78,10,27
1/15/2005 9:00,30696.38,4.44,2.5,1.6,1.82,10,71
1/15/2005 10:00,30696.42,6.11,2.6,1.7,2.15,10,118
1/15/2005 11:00,30696.46,7.78,2.8,1.8,2.34,9.1,221
1/15/2005 12:00,30696.5,7.22,3.2,1.7,2.44,7.98,281
1/15/2005 13:00,30696.55,7.78,3.9,1.2,0.63,4.02,385
1/15/2005 14:00,30696.59,8.33,4.3,1.1,3.04,2.45,322
1/15/2005 15:00,30696.63,7.22,4.3,1,0.82,7.02,136
1/15/2005 16:00,30696.67,6.11,3.8,1.2,5.74,0,39
1/15/2005 17:00,30696.71,5.56,3.2,1.4,4.75,10,1
1/15/2005 18:00,30696.76,5.56,2.8,1.1,4.63,10,0
1/15/2005 19:00,30696.8,3.89,2.6,0.9,4.68,10,0
1/15/2005 20:00,30696.84,3.89,2.6,1.4,5.27,10,0
1/15/2005 21:00,30696.88,4.44,3,1.3,5.38,10,0
1/15/2005 22:00,30696.92,5.56,2.9,0.8,5.38,10,0
1/15/2005 23:00,30696.97,5,2.9,1,3.42,10,0
1/16/2005 0:00,30697,5.56,2.8,0.9,4.73,10,0
1/16/2005 1:00,30697.04,5.56,2.9,0.7,5.36,10,0
1/16/2005 2:00,30697.08,5.56,3.3,1.5,5.08,10,0
1/16/2005 3:00,30697.13,4.44,3.2,1.5,4.61,10,0
1/16/2005 4:00,30697.17,4.44,3.1,0.9,3.18,10,0
1/16/2005 5:00,30697.21,4.44,3.1,1.4,4.68,10,0
1/16/2005 6:00,30697.25,3.89,3.2,1.3,5.71,10,0
1/16/2005 7:00,30697.29,4.44,3.3,1.4,4.56,10,4
1/16/2005 8:00,30697.34,5,3.4,1,5.5,10,26
1/16/2005 9:00,30697.38,3.89,3.7,2,4.8,10,44
1/16/2005 10:00,30697.42,5.56,3.7,1.5,0.07,10,84
1/16/2005 11:00,30697.46,6.67,3.9,0.9,1.36,10,83
1/16/2005 12:00,30697.5,5.56,3.9,1.3,1.97,10,85
1/16/2005 13:00,30697.55,5.56,3.9,1.2,3.28,10,90
1/16/2005 14:00,30697.59,6.11,3.9,1.3,4.61,10,66
1/16/2005 15:00,30697.63,6.11,3.9,2,4.96,10,35
1/16/2005 16:00,30697.67,5,3.8,1.2,3.61,10,10
1/16/2005 17:00,30697.71,5.56,3.8,1,3.44,10,0
1/16/2005 18:00,30697.76,4.44,3.7,0.8,3.19,10,0
1/16/2005 19:00,30697.8,5,3.9,1.3,3.35,10,0
1/16/2005 20:00,30697.84,5,3.7,2.2,2.48,10,0
1/16/2005 21:00,30697.88,5,3.6,2.1,2.32,10,0
1/16/2005 22:00,30697.92,5,3.6,1.8,2.62,10,0
1/16/2005 23:00,30697.97,5.56,3.4,1.3,2.67,10,0
1/17/2005 0:00,30698,5,3.5,1.2,2.97,10,0
1/17/2005 1:00,30698.04,5,3.5,1.3,2.53,10,0
1/17/2005 2:00,30698.08,5,3.5,1.5,2.84,10,0
1/17/2005 3:00,30698.13,5,3.4,1.5,2.44,10,0
1/17/2005 4:00,30698.17,3.89,3.4,1.7,2.55,10,0
1/17/2005 5:00,30698.21,5,3.4,1.2,2.81,10,0
1/17/2005 6:00,30698.25,3.89,3.3,2,1.99,10,0
1/17/2005 7:00,30698.29,5,3.5,2.2,2.04,10,6
1/17/2005 8:00,30698.34,4.44,3.5,2,2.34,10,21
1/17/2005 9:00,30698.38,5,3.6,2,2.69,10,53
1/17/2005 10:00,30698.42,6.11,3.6,1.9,2.48,10,58
1/17/2005 11:00,30698.46,5.56,3.8,1.7,2.36,10,83
1/17/2005 12:00,30698.5,7.78,4,1.6,2.18,10,95
1/17/2005 13:00,30698.55,6.67,4.1,1.3,2.81,10,99
1/17/2005 14:00,30698.59,6.11,4,1.1,3.86,10,74
1/17/2005 15:00,30698.63,6.11,4,1.1,5.6,10,45
1/17/2005 16:00,30698.67,5.56,4,1.3,0.47,9.67,15
1/17/2005 17:00,30698.71,5.56,3.8,2,2.15,10,0
1/17/2005 18:00,30698.76,6.11,4,2.3,2.25,10,0
1/17/2005 19:00,30698.8,6.11,4,1.7,2.62,10,0
1/17/2005 20:00,30698.84,6.11,3.8,2.1,2.2,10,0
1/17/2005 21:00,30698.88,6.11,4,2.4,2.13,10,0
1/17/2005 22:00,30698.92,6.11,4,1.9,2.13,10,0
1/17/2005 23:00,30698.97,5,4,2.1,1.94,10,0
1/18/2005 0:00,30699,5,4.1,1.6,3.8,10,0
1/18/2005 1:00,30699.04,5,3.9,0.9,0.82,10,0
1/18/2005 2:00,30699.08,5,4,1.8,1.64,10,0
1/18/2005 3:00,30699.13,5.56,4,1.4,3.35,10,0
1/18/2005 4:00,30699.17,5.56,4,1.2,5.17,10,0
1/18/2005 5:00,30699.21,5.56,4,1.6,5.79,10,0
1/18/2005 6:00,30699.25,5.56,3.8,1.5,1.54,10,0
1/18/2005 7:00,30699.29,5.56,4,2.6,2.2,10,6
1/18/2005 8:00,30699.34,5,4.2,2.1,2.53,10,23
1/18/2005 9:00,30699.38,5.56,4.2,1,4.99,10,43
1/18/2005 10:00,30699.42,6.67,4.5,1.4,1.55,10,108
1/18/2005 11:00,30699.46,8.89,4.8,1.8,2.39,10,153
1/18/2005 12:00,30699.5,8.33,4.9,1.2,2.74,8.97,232
1/18/2005 13:00,30699.55,8.89,5.7,1.1,4.19,5.61,348
1/18/2005 14:00,30699.59,8.89,5.8,1,3.82,6.84,238
1/18/2005 15:00,30699.63,8.33,5.7,2.3,2.36,4.54,179
1/18/2005 16:00,30699.67,8.33,5,2.3,2.6,5.3,33
1/18/2005 17:00,30699.71,6.67,5,1.4,2.13,10,1
1/18/2005 18:00,30699.76,6.67,5.1,0.9,0.93,10,0
1/18/2005 19:00,30699.8,7.22,5,1.2,6.11,10,0
1/18/2005 20:00,30699.84,7.22,5.1,1.4,5.9,10,0
1/18/2005 21:00,30699.88,6.67,5.1,1.3,4.68,10,0
1/18/2005 22:00,30699.92,6.11,5.1,1.1,3.54,10,0
1/18/2005 23:00,30699.97,5,4.9,1.1,4.22,10,0
1/19/2005 0:00,30700,5.56,4.9,1.1,0.14,10,0
1/19/2005 1:00,30700.04,6.11,5,1.3,1.88,10,0
1/19/2005 2:00,30700.08,6.11,4.7,1.2,1.24,10,0
1/19/2005 3:00,30700.13,6.11,4.7,1.2,1.15,10,0
1/19/2005 4:00,30700.17,6.11,4.8,1.1,3.91,10,0
1/19/2005 5:00,30700.21,5,4.9,1.4,5.6,10,0
1/19/2005 6:00,30700.25,5,4.9,0.8,5.38,10,0
1/19/2005 7:00,30700.29,5,4.8,0.9,1.95,10,5
1/19/2005 8:00,30700.34,6.11,4.8,1.6,2.32,10,30
1/19/2005 9:00,30700.38,6.11,4.8,1.7,2.34,10,66
1/19/2005 10:00,30700.42,6.11,5,1.8,2.22,10,106
1/19/2005 11:00,30700.46,6.67,5.1,1.3,2.02,10,122
1/19/2005 12:00,30700.5,9.44,5.3,1.3,1.99,10,157
1/19/2005 13:00,30700.55,10.56,5.5,1.1,4,8.67,225
1/19/2005 14:00,30700.59,8.89,6.4,1.3,4.87,0,420
1/19/2005 15:00,30700.63,9.44,6.4,1.9,5.34,0,234
1/19/2005 16:00,30700.67,7.22,5.7,2.2,5.04,0,73
1/19/2005 17:00,30700.71,6.67,5.1,1.7,4.92,10,3
1/19/2005 18:00,30700.76,6.67,5.3,1.8,5.92,10,0
1/19/2005 19:00,30700.8,7.22,5.4,1.2,5.48,10,0
1/19/2005 20:00,30700.84,6.11,5.4,1.3,2.67,10,0
1/19/2005 21:00,30700.88,6.11,5.4,1.7,2.27,10,0
1/19/2005 22:00,30700.92,5.56,5.2,2.3,2.2,10,0
1/19/2005 23:00,30700.97,6.67,5.3,2.3,2.08,10,0
1/20/2005 0:00,30701,6.67,5.3,2,1.97,10,0
1/20/2005 1:00,30701.04,6.67,5.2,1.1,2.44,10,0
1/20/2005 2:00,30701.08,5.56,5.1,1,6.16,10,0
1/20/2005 3:00,30701.13,4.44,5,1.5,4.76,10,0
1/20/2005 4:00,30701.17,5,4.9,1.5,4.45,10,0
1/20/2005 5:00,30701.21,4.44,4.7,1.4,5.01,10,0
1/20/2005 6:00,30701.25,4.44,4.4,1.2,5.2,10,0
1/20/2005 7:00,30701.29,4.44,4.3,0.8,1.55,10,8
1/20/2005 8:00,30701.34,4.44,4.5,1.1,4.52,10,35
1/20/2005 9:00,30701.38,5,4.6,1.3,5.15,10,68
1/20/2005 10:00,30701.42,6.67,4.9,1,5.55,10,114
1/20/2005 11:00,30701.46,6.67,5.5,1.2,2.11,10,157
1/20/2005 12:00,30701.5,8.33,6.1,1.1,3.79,9.8,185
1/20/2005 13:00,30701.55,8.33,6,1.1,5.55,9.32,193
1/20/2005 14:00,30701.59,8.33,6.4,1.4,0.51,4.53,301
1/20/2005 15:00,30701.63,7.78,6.6,1.4,6.09,0,223
1/20/2005 16:00,30701.67,7.78,6,1.3,5.08,0,61
1/20/2005 17:00,30701.71,6.67,5.6,1.5,4.96,10,1
1/20/2005 18:00,30701.76,7.22,5.6,1.2,5.27,10,0
1/20/2005 19:00,30701.8,7.22,5.7,1,0.28,10,0
1/20/2005 20:00,30701.84,6.11,5.6,1.1,4.66,10,0
1/20/2005 21:00,30701.88,6.11,5.5,1.4,3.32,10,0
1/20/2005 22:00,30701.92,6.11,5.3,1.3,2.37,10,0
1/20/2005 23:00,30701.97,5.56,5.3,1.6,2.06,10,0
1/21/2005 0:00,30702,6.67,5.3,1.2,2.04,10,0
1/21/2005 1:00,30702.04,6.67,5.2,1,4.07,10,0
1/21/2005 2:00,30702.08,5.56,5.3,1.5,5.64,10,0
1/21/2005 3:00,30702.13,6.11,5.3,2.1,5.25,10,0
1/21/2005 4:00,30702.17,5,5.1,1.5,5.1,10,0
1/21/2005 5:00,30702.21,5,5.1,1,2.98,10,0
1/21/2005 6:00,30702.25,5.56,5,1.4,2.44,10,0
1/21/2005 7:00,30702.29,5.56,4.9,1.5,2.09,10,3
1/21/2005 8:00,30702.34,5,4.9,1.6,2.2,10,29
1/21/2005 9:00,30702.38,6.67,4.9,1.8,2.71,10,63
1/21/2005 10:00,30702.42,7.22,5.1,1.7,2.5,10,99
1/21/2005 11:00,30702.46,8.33,5.3,1.2,3.11,10,123
1/21/2005 12:00,30702.5,8.33,5.3,1.1,6.06,10,150
1/21/2005 13:00,30702.55,8.89,5.4,1.2,4.89,8.96,213
1/21/2005 14:00,30702.59,9.44,6.4,1.3,0.33,0,360
1/21/2005 15:00,30702.63,8.33,6.7,1.5,5.5,0,229
1/21/2005 16:00,30702.67,6.67,5.4,1.7,4.9,0,66
1/21/2005 17:00,30702.71,7.22,5.3,1.2,4.85,10,1
1/21/2005 18:00,30702.76,6.67,5.5,1,1.31,10,0
1/21/2005 19:00,30702.8,7.22,5.6,1.1,5.2,10,0
1/21/2005 20:00,30702.84,7.22,5.5,1.2,4.19,10,0
1/21/2005 21:00,30702.88,6.11,5.5,1.1,4.63,10,0
1/21/2005 22:00,30702.92,6.67,5.3,1.5,5.6,10,0
1/21/2005 23:00,30702.97,6.67,5.3,1.2,5.39,10,0
1/22/2005 0:00,30703,6.67,5.3,2,2.5,10,0
1/22/2005 1:00,30703.04,5.56,4.9,1.6,3.37,10,0
1/22/2005 2:00,30703.08,5.56,4.5,1,2.48,10,0
1/22/2005 3:00,30703.13,5.56,4.6,1.2,1.13,10,0
1/22/2005 4:00,30703.17,6.11,4.7,1.6,2.09,10,0
1/22/2005 5:00,30703.21,5,4.6,2,2.27,10,0
1/22/2005 6:00,30703.25,5,4.6,1.8,2.55,10,0
1/22/2005 7:00,30703.29,5,4.5,1.4,2.97,10,6
1/22/2005 8:00,30703.34,6.11,4.5,0.9,2.86,10,28
1/22/2005 9:00,30703.38,5.56,4.9,1.6,2.41,10,59
1/22/2005 10:00,30703.42,6.67,5.2,1.5,2.23,10,93
1/22/2005 11:00,30703.46,7.22,5.4,1.1,1.82,10,128
1/22/2005 12:00,30703.5,7.78,5.7,1.3,5.97,10,159
1/22/2005 13:00,30703.55,10,6,1.3,4.82,8.95,215
1/22/2005 14:00,30703.59,8.89,6.2,1.4,5.38,6.98,241
1/22/2005 15:00,30703.63,8.33,6.4,1.4,5.24,3.84,196
1/22/2005 16:00,30703.67,7.78,5.9,1.7,4.96,0,67
1/22/2005 17:00,30703.71,6.67,5.5,1.6,5.03,10,2
1/22/2005 18:00,30703.76,7.22,5.5,0.9,4.99,10,0
1/22/2005 19:00,30703.8,7.22,5.6,0.9,1.08,10,0
1/22/2005 20:00,30703.84,6.67,5.8,1.1,2.36,10,0
1/22/2005 21:00,30703.88,7.22,5.7,2.4,2.36,10,0
1/22/2005 22:00,30703.92,7.22,5.6,2.5,2.29,10,0
1/22/2005 23:00,30703.97,6.67,5.6,2.4,2.29,10,0
1/23/2005 0:00,30704,7.22,5.4,2.5,2.32,10,0
1/23/2005 1:00,30704.04,6.11,5.4,2.2,2.41,10,0
1/23/2005 2:00,30704.08,6.11,5.3,1.5,2.79,10,0
1/23/2005 3:00,30704.13,6.67,5.2,1.3,5.72,10,0
1/23/2005 4:00,30704.17,5.56,5.1,2.1,5.53,10,0
1/23/2005 5:00,30704.21,5.56,5,2.3,5.71,10,0
1/23/2005 6:00,30704.25,5.56,4.9,2.2,5.71,10,0
1/23/2005 7:00,30704.29,5.56,4.8,1.4,6.07,10,11
1/23/2005 8:00,30704.34,5.56,4.7,0.9,3.05,10,60
1/23/2005 9:00,30704.38,6.11,5.2,1,3.56,10,97
1/23/2005 10:00,30704.42,7.22,5.5,1.3,3.11,10,121
1/23/2005 11:00,30704.46,8.33,5.8,1.3,3.07,10,130
1/23/2005 12:00,30704.5,8.33,6.2,1.2,3.02,10,165
1/23/2005 13:00,30704.55,9.44,6.5,1.1,0.65,9.62,180
1/23/2005 14:00,30704.59,8.89,6.9,1.2,2.2,5.8,278
1/23/2005 15:00,30704.63,12.22,7.9,0.9,0.3,0,231
1/23/2005 16:00,30704.67,10,7.4,1.5,5.03,0,79
1/23/2005 17:00,30704.71,8.33,6,1.7,4.87,10,3
1/23/2005 18:00,30704.76,7.78,5.6,2.3,5.24,10,0
1/23/2005 19:00,30704.8,7.78,5.5,2.3,4.78,10,0
1/23/2005 20:00,30704.84,6.67,5.6,2,4.75,10,0
1/23/2005 21:00,30704.88,6.67,5.5,1.3,4.5,10,0
1/23/2005 22:00,30704.92,6.67,5.5,1,0.79,10,0
1/23/2005 23:00,30704.97,7.22,5.3,1.2,2.64,10,0
1/24/2005 0:00,30705,6.11,5.2,1.1,2.32,10,0
1/24/2005 1:00,30705.04,6.11,5.1,1,2.37,10,0
1/24/2005 2:00,30705.08,6.67,5.1,1.4,2.98,10,0
1/24/2005 3:00,30705.13,6.11,4.9,1.5,1.94,10,0
1/24/2005 4:00,30705.17,6.11,4.9,1.6,2.34,10,0
1/24/2005 5:00,30705.21,5.56,4.9,1.7,2.29,10,0
1/24/2005 6:00,30705.25,5.56,4.7,1.8,2.36,10,0
1/24/2005 7:00,30705.29,5,4.8,1.5,1.99,10,9
1/24/2005 8:00,30705.34,5.56,5,1.5,2.81,10,50
1/24/2005 9:00,30705.38,6.11,5.2,1.3,2.34,10,99
1/24/2005 10:00,30705.42,7.22,5.5,1.3,2.46,9.83,169
1/24/2005 11:00,30705.46,8.89,6.1,1.5,1.73,9.7,196
1/24/2005 12:00,30705.5,10,7.2,1.6,2.08,7.56,317
1/24/2005 13:00,30705.55,10.56,7.5,1.3,2.41,8.42,245
1/24/2005 14:00,30705.59,10.56,7.7,1.2,2.08,9,170
1/24/2005 15:00,30705.63,12.78,8.3,1.2,3.87,0,224
1/24/2005 16:00,30705.67,11.11,8.2,0.7,3.63,7.23,36
1/24/2005 17:00,30705.71,10,8.1,1.9,4.26,10,1
1/24/2005 18:00,30705.76,10,7.6,1.7,5.31,10,0
1/24/2005 19:00,30705.8,9.44,7.1,1,4.66,10,0
1/24/2005 20:00,30705.84,8.33,7.4,1.3,5.6,10,0
1/24/2005 21:00,30705.88,9.44,7.3,0.8,5.22,10,0
1/24/2005 22:00,30705.92,9.44,7.4,0.7,1.34,10,0
1/24/2005 23:00,30705.97,6.11,7.4,0.6,0.99,10,0
1/25/2005 0:00,30706,10,7.7,0.7,3.67,10,0
1/25/2005 1:00,30706.04,8.89,8,1.2,1.47,10,0
1/25/2005 2:00,30706.08,11.11,8.2,1.7,1.31,10,0
1/25/2005 3:00,30706.13,10.56,8.1,0.9,3.19,10,0
1/25/2005 4:00,30706.17,10.56,7.8,0.8,6.2,10,0
1/25/2005 5:00,30706.21,10.56,7.9,0.9,2.83,10,0
1/25/2005 6:00,30706.25,10,7.1,1,5.13,10,0
1/25/2005 7:00,30706.29,10.56,7.1,0.9,0.37,10,16
1/25/2005 8:00,30706.34,11.11,8.8,1.2,1.62,10,50
1/25/2005 9:00,30706.38,14.44,9.8,1.9,1.55,9,171
1/25/2005 10:00,30706.42,13.89,10.7,2.1,1.8,9.05,214
1/25/2005 11:00,30706.46,18.89,11.8,1.6,1.94,8.19,286
1/25/2005 12:00,30706.5,20.56,17,1.8,1.82,3.14,475
1/25/2005 13:00,30706.55,21.11,17.3,2.2,2.58,3.57,420
1/25/2005 14:00,30706.59,21.11,14.8,2,2.6,3.95,325
1/25/2005 15:00,30706.63,18.89,11.9,2.1,3.14,8.94,108
1/25/2005 16:00,30706.67,18.33,11.7,1.1,3.26,6.79,40
1/25/2005 17:00,30706.71,17.22,11.3,0.9,1.8,10,1
1/25/2005 18:00,30706.76,15.56,11,1.1,1.62,10,0
1/25/2005 19:00,30706.8,15,10.8,1,4.01,10,0
1/25/2005 20:00,30706.84,14.44,10.3,1.2,6.21,10,0
1/25/2005 21:00,30706.88,13.89,10.1,1.1,1.52,10,0
1/25/2005 22:00,30706.92,13.89,10.4,0.7,1.45,10,0
1/25/2005 23:00,30706.97,10,10.1,1.1,1.75,10,0
1/26/2005 0:00,30707,13.89,10.3,1,0.68,10,0
1/26/2005 1:00,30707.04,12.22,10.2,1.6,0.86,10,0
1/26/2005 2:00,30707.08,13.33,10.1,1.2,1.83,10,0
1/26/2005 3:00,30707.13,13.33,9.8,1.1,1.24,10,0
1/26/2005 4:00,30707.17,13.89,9.6,0.9,5.55,10,0
1/26/2005 5:00,30707.21,13.89,9.5,0.7,4.4,10,0
1/26/2005 6:00,30707.25,12.78,9.6,1.2,1.55,10,0
1/26/2005 7:00,30707.29,13.89,9.9,0.7,4.66,8.97,28
1/26/2005 8:00,30707.34,14.44,10.6,0.9,1.88,9.39,97
1/26/2005 9:00,30707.38,15,11.2,2.2,2.22,9.56,148
1/26/2005 10:00,30707.42,15,11.6,2.3,2.36,10,145
1/26/2005 11:00,30707.46,15,11.7,2.4,2.22,10,129
1/26/2005 12:00,30707.5,14.44,11.5,2.2,2.01,10,127
1/26/2005 13:00,30707.55,13.33,11.3,2.3,1.73,10,91
1/26/2005 14:00,30707.59,12.78,11.4,2.6,1.82,10,52
1/26/2005 15:00,30707.63,10.56,11.2,2,1.88,10,16
1/26/2005 16:00,30707.67,10,8.8,2.6,0.65,10,15
1/26/2005 17:00,30707.71,10.56,8.6,2.4,0.73,10,3
1/26/2005 18:00,30707.76,9.44,8.2,3.6,0.09,10,0
1/26/2005 19:00,30707.8,10,7,2.4,0.8,10,0
1/26/2005 20:00,30707.84,10.56,6.9,2.1,0.28,10,0
1/26/2005 21:00,30707.88,10.56,6.3,1,5.36,10,0
1/26/2005 22:00,30707.92,10,5.7,1.2,4.33,10,0
1/26/2005 23:00,30707.97,13.89,5.1,1,6.21,10,0
1/27/2005 0:00,30708,8.33,4.6,0.9,4.14,10,0
1/27/2005 1:00,30708.04,7.78,4.1,1.3,5.85,10,0
1/27/2005 2:00,30708.08,8.33,3.8,1,5.72,10,0
1/27/2005 3:00,30708.13,7.78,3.9,0.9,0.89,10,0
1/27/2005 4:00,30708.17,7.22,3.2,0.9,4.08,10,0
1/27/2005 5:00,30708.21,7.22,2.3,1.1,0.86,10,0
1/27/2005 6:00,30708.25,6.67,2.8,0.9,1.2,10,0
1/27/2005 7:00,30708.29,7.22,2.8,0.9,0.96,1.04,61
1/27/2005 8:00,30708.34,7.78,6.4,1,2.11,5.11,191
1/27/2005 9:00,30708.38,9.44,8,1.9,1.95,6.01,281
1/27/2005 10:00,30708.42,13.89,8.7,2.5,2.23,5.46,374
1/27/2005 11:00,30708.46,12.78,8.9,3.2,2.55,5.13,426
1/27/2005 12:00,30708.5,13.89,7.9,3.2,2.11,8.69,262
1/27/2005 13:00,30708.55,12.78,8.4,3.4,1.82,8.62,240
1/27/2005 14:00,30708.59,12.22,8.6,2.8,2.15,9.26,163
1/27/2005 15:00,30708.63,11.67,8.8,2.7,2.04,7.91,137
1/27/2005 16:00,30708.67,10.56,8.8,2.8,2.23,0,69
1/27/2005 17:00,30708.71,10,8.3,1.9,2.39,10,3
1/27/2005 18:00,30708.76,10.56,8.3,1.8,1.95,10,0
1/27/2005 19:00,30708.8,11.11,8,2.1,1.61,10,0
1/27/2005 20:00,30708.84,11.11,7.6,2.6,1.82,10,0
1/27/2005 21:00,30708.88,12.22,7.4,2.5,2.08,10,0
1/27/2005 22:00,30708.92,12.22,7.6,1.9,2.01,10,0
1/27/2005 23:00,30708.97,9.44,7.8,1.7,2.27,10,0
1/28/2005 0:00,30709,10.56,8.1,1.9,2.36,10,0
1/28/2005 1:00,30709.04,10,8,2.8,1.66,10,0
1/28/2005 2:00,30709.08,10.56,7.8,3.9,1.62,10,0
1/28/2005 3:00,30709.13,9.44,7.3,3.3,1.61,10,0
1/28/2005 4:00,30709.17,9.44,6.7,2,1.76,10,0
1/28/2005 5:00,30709.21,10,6.4,1.7,2.15,10,0
1/28/2005 6:00,30709.25,11.11,6,2,2.88,10,0
1/28/2005 7:00,30709.29,9.44,6.8,2,3.4,10,8
1/28/2005 8:00,30709.34,8.89,7.6,1.4,1.41,10,43
1/28/2005 9:00,30709.38,10,8,2.1,1.13,10,72
1/28/2005 10:00,30709.42,8.89,8.1,2,1.22,10,111
1/28/2005 11:00,30709.46,10.56,8.1,2.2,1.47,9.73,199
1/28/2005 12:00,30709.5,9.44,8,1.9,2.02,8.53,273
1/28/2005 13:00,30709.55,12.22,8.3,1.8,1.73,5.34,381
1/28/2005 14:00,30709.59,11.67,8.2,1.5,1.36,10,86
1/28/2005 15:00,30709.63,10.56,7.6,1.8,2.9,10,32
1/28/2005 16:00,30709.67,7.78,7.3,2.5,5.76,5.15,54
1/28/2005 17:00,30709.71,7.78,5.9,3,0.05,10,14
1/28/2005 18:00,30709.76,7.78,5.4,1.4,5.64,10,0
1/28/2005 19:00,30709.8,6.11,4.8,1.4,4.54,10,0
1/28/2005 20:00,30709.84,6.11,4.2,0.7,4.61,10,0
1/28/2005 21:00,30709.88,5,3.7,1.1,5.67,10,0
1/28/2005 22:00,30709.92,5,3.2,2,5.48,10,0
1/28/2005 23:00,30709.97,12.22,2.8,1.7,5.92,10,0
1/29/2005 0:00,30710,5,2.4,1,0.54,10,0
1/29/2005 1:00,30710.04,4.44,1.7,1.1,4.94,10,0
1/29/2005 2:00,30710.08,5,1.4,0.9,6.04,10,0
1/29/2005 3:00,30710.13,3.89,1.6,0.7,2.72,10,0
1/29/2005 4:00,30710.17,3.89,1.1,0.5,4.71,10,0
1/29/2005 5:00,30710.21,4.44,1.4,0.8,0.47,10,0
1/29/2005 6:00,30710.25,3.33,2.5,1,0.24,10,0
1/29/2005 7:00,30710.29,5,2.5,0.8,0.86,10,15
1/29/2005 8:00,30710.34,5,3.8,1,5.41,10,72
1/29/2005 9:00,30710.38,6.67,4.7,1.6,5.76,8.84,184
1/29/2005 10:00,30710.42,7.22,5,2.5,5.22,10,151
1/29/2005 11:00,30710.46,10.56,5.4,3.1,5.45,9.04,244
1/29/2005 12:00,30710.5,10,5.7,2.8,5.59,8.52,275
1/29/2005 13:00,30710.55,12.78,6.2,2.7,5.17,6.69,334
1/29/2005 14:00,30710.59,12.22,5.5,3.1,5.53,9.3,164
1/29/2005 15:00,30710.63,11.67,5.4,3.6,5.18,5.7,187
1/29/2005 16:00,30710.67,10,5.4,2.8,5.25,0,107
1/29/2005 17:00,30710.71,7.78,5.2,1.5,5.13,10,5
1/29/2005 18:00,30710.76,6.11,4.8,1.8,5.45,10,0
1/29/2005 19:00,30710.8,6.11,4.4,1.5,4.92,10,0
1/29/2005 20:00,30710.84,5,4,0.8,2.83,10,0
1/29/2005 21:00,30710.88,6.67,3.7,0.9,2.36,10,0
1/29/2005 22:00,30710.92,6.11,2.7,1.3,0.8,10,0
1/29/2005 23:00,30710.97,6.11,3.6,1.2,1.5,10,0
1/30/2005 0:00,30711,5.56,3.9,0.9,1.12,10,0
1/30/2005 1:00,30711.04,6.11,2.9,1.2,0.65,10,0
1/30/2005 2:00,30711.08,5.56,1.9,0.8,1.17,10,0
1/30/2005 3:00,30711.13,6.11,1.3,1.1,1.05,10,0
1/30/2005 4:00,30711.17,6.11,1.1,1,3.98,10,0
1/30/2005 5:00,30711.21,6.67,-0.1,0.7,0.42,10,0
1/30/2005 6:00,30711.25,6.11,-0.4,1,0.61,10,1
1/30/2005 7:00,30711.29,5.56,0.4,0.6,1.29,6.62,50
1/30/2005 8:00,30711.34,7.78,3.5,1,5.29,4.69,205
1/30/2005 9:00,30711.38,10,6.7,1.1,4.08,2.12,366
1/30/2005 10:00,30711.42,13.33,5.9,1.6,2.55,0,499
1/30/2005 11:00,30711.46,13.89,5.4,2,2.91,0,529
1/30/2005 12:00,30711.5,13.89,5.6,1.7,3.12,4.38,459
1/30/2005 13:00,30711.55,14.44,5.7,1.8,2.93,0,617
1/30/2005 14:00,30711.59,13.89,5.3,1.8,2.3,0,431
1/30/2005 15:00,30711.63,13.89,5.3,1.6,3.04,0,277
1/30/2005 16:00,30711.67,13.33,5,0.7,1.33,0,104
1/30/2005 17:00,30711.71,10,4,0.5,4.83,10,5
1/30/2005 18:00,30711.76,9.44,4.3,0.9,2.97,10,0
1/30/2005 19:00,30711.8,8.33,3.8,0.6,5.93,10,0
1/30/2005 20:00,30711.84,7.78,3.7,0.6,1.19,10,0
1/30/2005 21:00,30711.88,7.22,3.5,0.9,0.73,10,0
1/30/2005 22:00,30711.92,7.22,2.8,0.9,1.4,10,0
1/30/2005 23:00,30711.97,7.22,2.3,0.7,0.96,10,0
1/31/2005 0:00,30712,6.67,1.5,1,0.56,10,0
1/31/2005 1:00,30712.04,6.67,0.9,0.9,0.72,10,0
1/31/2005 2:00,30712.08,5.56,0.5,0.8,0.59,10,0
1/31/2005 3:00,30712.13,5.56,0.2,0.8,6.27,10,0
1/31/2005 4:00,30712.17,5.56,-0.2,1.2,6.28,10,0
1/31/2005 5:00,30712.21,5,0,0.9,1.62,10,0
1/31/2005 6:00,30712.25,5,-0.1,0.7,6.27,10,1
1/31/2005 7:00,30712.29,6.11,0.3,1,5.62,5.96,56
1/31/2005 8:00,30712.34,6.67,3.4,0.8,0.51,3.22,226
1/31/2005 9:00,30712.38,9.44,5.3,0.8,0.1,3.14,356
1/31/2005 10:00,30712.42,16.67,5.8,1,0.4,0,504
1/31/2005 11:00,30712.46,12.78,6.2,1.3,4.57,0,567
1/31/2005 12:00,30712.5,18.33,6.5,1.3,0.16,0,584
1/31/2005 13:00,30712.55,16.67,6.9,1.2,4.08,0,532
1/31/2005 14:00,30712.59,17.22,6.7,1.1,4.33,0,422
1/31/2005 15:00,30712.63,16.11,6.8,1.5,5.38,0,269
1/31/2005 16:00,30712.67,12.78,6.6,1.8,4.75,0,104
1/31/2005 17:00,30712.71,10,5.6,1.3,5.11,10,5
1/31/2005 18:00,30712.76,9.44,5.2,1,4.71,10,0
1/31/2005 19:00,30712.8,8.89,4.9,1.2,5.17,10,0
1/31/2005 20:00,30712.84,8.33,4.6,0.7,1.29,10,0
1/31/2005 21:00,30712.88,8.89,3.8,0.7,0.8,10,0
1/31/2005 22:00,30712.92,8.33,3.3,0.7,5.78,10,0
1/31/2005 23:00,30712.97,6.11,2.2,0.9,0.02,10,0
2/1/2005 0:00,30713,7.78,2,0.9,0.16,10,0
2/1/2005 1:00,30713.04,6.67,1.9,0.7,4,10,0
2/1/2005 2:00,30713.08,7.22,1.3,1.1,1.24,10,0
2/1/2005 3:00,30713.13,6.11,0.9,0.8,6.14,10,0
2/1/2005 4:00,30713.17,6.11,0.5,0.8,0.96,10,0
2/1/2005 5:00,30713.21,5.56,0.1,0.6,6.06,10,0
2/1/2005 6:00,30713.25,6.11,-0.1,0.8,0.72,10,1
2/1/2005 7:00,30713.29,7.22,0.6,0.9,1.06,7.52,48
2/1/2005 8:00,30713.34,7.22,3.9,1.3,2.2,4.31,216
2/1/2005 9:00,30713.38,12.78,6.3,0.9,4.08,2.27,371
2/1/2005 10:00,30713.42,16.11,7.2,1.1,3.18,0,500
2/1/2005 11:00,30713.46,16.11,7.7,2.1,4.97,0,561
2/1/2005 12:00,30713.5,16.11,8.2,2.3,4.9,0,586
2/1/2005 13:00,30713.55,16.67,8.3,2.3,4.92,0,535
2/1/2005 14:00,30713.59,16.67,7.9,2.3,4.82,0,434
2/1/2005 15:00,30713.63,15.56,7.9,2.2,4.83,0,277
2/1/2005 16:00,30713.67,13.89,7,1.9,4.94,0,107
2/1/2005 17:00,30713.71,10.56,6.2,1.1,4.59,10,4
2/1/2005 18:00,30713.76,10.56,5.5,0.9,1.73,10,0
2/1/2005 19:00,30713.8,9.44,5.2,1.1,0.96,10,0
2/1/2005 20:00,30713.84,8.89,4.6,1.3,0.86,10,0
2/1/2005 21:00,30713.88,8.33,4.8,1.1,1.48,10,0
2/1/2005 22:00,30713.92,7.78,4.4,1.3,1.68,10,0
2/1/2005 23:00,30713.97,8.33,3.7,1.7,1.34,10,0
2/2/2005 0:00,30714,8.33,4.3,1.4,1.47,10,0
2/2/2005 1:00,30714.04,8.33,2.8,0.8,0.31,10,0
2/2/2005 2:00,30714.08,7.78,1.7,1,6.04,10,0
2/2/2005 3:00,30714.13,7.22,1.1,0.8,0.21,10,0
2/2/2005 4:00,30714.17,7.78,1.3,0.7,1.78,10,0
2/2/2005 5:00,30714.21,8.33,1.1,1,0.31,10,0
2/2/2005 6:00,30714.25,6.67,0.6,0.9,5.5,10,1
2/2/2005 7:00,30714.29,7.78,1.2,0.9,5.38,6.97,54
2/2/2005 8:00,30714.34,7.78,4.7,1,0.65,5.27,204
2/2/2005 9:00,30714.38,11.11,6.9,1,0,2.78,368
2/2/2005 10:00,30714.42,15,7.6,1,5.92,0,501
2/2/2005 11:00,30714.46,18.89,7.8,1.1,1.15,0,572
2/2/2005 12:00,30714.5,16.67,7.8,1.6,2.01,0,590
2/2/2005 13:00,30714.55,17.78,8.3,1.7,2.11,0,533
2/2/2005 14:00,30714.59,18.89,8.2,1.5,2.48,0,415
2/2/2005 15:00,30714.63,18.89,7.9,0.9,1.29,0,271
2/2/2005 16:00,30714.67,16.11,7.6,0.7,0.61,0,114
2/2/2005 17:00,30714.71,13.89,7.3,1.3,5.52,10,9
2/2/2005 18:00,30714.76,12.22,6.2,1.1,4.92,10,0
2/2/2005 19:00,30714.8,10,6.1,0.8,5.18,10,0
2/2/2005 20:00,30714.84,9.44,5.7,0.8,5.11,10,0
2/2/2005 21:00,30714.88,9.44,5.6,0.5,0.47,10,0
2/2/2005 22:00,30714.92,8.89,4.9,0.9,1.26,10,0
2/2/2005 23:00,30714.97,7.78,4.5,1.3,1.03,10,0
2/3/2005 0:00,30715,8.89,3.6,0.9,0.63,10,0
2/3/2005 1:00,30715.04,7.78,2.9,1.1,1.45,10,0
2/3/2005 2:00,30715.08,8.89,2.4,1,1.43,10,0
2/3/2005 3:00,30715.13,7.22,1.9,1,6.13,10,0
2/3/2005 4:00,30715.17,7.78,1.5,0.9,1.38,10,0
2/3/2005 5:00,30715.21,6.67,1.3,1.2,0.35,10,0
2/3/2005 6:00,30715.25,7.78,1,0.6,0.3,10,2
2/3/2005 7:00,30715.29,6.67,2.2,0.8,0.84,5.13,68
2/3/2005 8:00,30715.34,8.89,3.9,0.8,0.3,8.16,143
2/3/2005 9:00,30715.38,10,4.7,1,1.8,7.01,266
2/3/2005 10:00,30715.42,13.33,5.6,2.2,2.3,6.29,363
2/3/2005 11:00,30715.46,16.11,6.6,1.7,2.27,5.07,449
2/3/2005 12:00,30715.5,16.67,7.3,1.4,2.22,3.86,487
2/3/2005 13:00,30715.55,17.78,7.6,1.5,1.94,1.5,482
2/3/2005 14:00,30715.59,19.44,7.7,1.2,1.83,0,448
2/3/2005 15:00,30715.63,18.33,7.3,0.9,3.77,0,284
2/3/2005 16:00,30715.67,16.67,6.9,1.4,2.55,0,131
2/3/2005 17:00,30715.71,13.89,6.2,1.1,1.48,10,10
2/3/2005 18:00,30715.76,12.22,6,1.1,6.2,10,0
2/3/2005 19:00,30715.8,11.67,5.6,1.1,4.21,10,0
2/3/2005 20:00,30715.84,10.56,5.2,0.9,4.94,10,0
2/3/2005 21:00,30715.88,11.11,5.2,0.8,0.73,10,0
2/3/2005 22:00,30715.92,10,4.7,1,0.93,10,0
2/3/2005 23:00,30715.97,8.89,3.5,0.8,0.09,10,0
2/4/2005 0:00,30716,10,2.9,0.7,0.68,10,0
2/4/2005 1:00,30716.04,8.89,2.1,0.9,0.65,10,0
2/4/2005 2:00,30716.08,9.44,1.6,0.7,4.99,10,0
2/4/2005 3:00,30716.13,10,1,0.9,0.07,10,0
2/4/2005 4:00,30716.17,8.89,0.7,0.8,0.45,10,0
2/4/2005 5:00,30716.21,9.44,0.2,0.7,0.38,10,0
2/4/2005 6:00,30716.25,8.89,0.6,0.6,0.33,10,1
2/4/2005 7:00,30716.29,11.11,1.1,0.6,3.68,5.07,71
2/4/2005 8:00,30716.34,13.33,3.2,1.3,4.35,3.18,239
2/4/2005 9:00,30716.38,15,3.5,1.2,5.15,0,405
2/4/2005 10:00,30716.42,18.89,3.7,1.2,4.26,0,529
2/4/2005 11:00,30716.46,21.11,4,1.6,3.07,0,601
2/4/2005 12:00,30716.5,19.44,4.7,1.2,0.54,0,582
2/4/2005 13:00,30716.55,21.11,6.8,1.7,5.34,0,544
2/4/2005 14:00,30716.59,20.56,6.6,1.2,4.96,0,447
2/4/2005 15:00,30716.63,17.78,5.8,1.3,5.72,0,268
2/4/2005 16:00,30716.67,16.11,6.6,1.4,5.17,0,102
2/4/2005 17:00,30716.71,13.33,7,1.1,5.81,10,5
2/4/2005 18:00,30716.76,12.78,6.7,0.6,5.83,10,0
2/4/2005 19:00,30716.8,12.22,6.5,0.9,5.39,10,0
2/4/2005 20:00,30716.84,11.11,6.7,0.9,5.78,10,0
2/4/2005 21:00,30716.88,11.11,6,0.8,4.97,10,0
2/4/2005 22:00,30716.92,11.11,5.8,0.7,5.08,10,0
2/4/2005 23:00,30716.97,10,5.5,0.9,0.68,10,0
2/5/2005 0:00,30717,9.44,4.5,0.7,5.11,10,0
2/5/2005 1:00,30717.04,8.89,4.9,1,1.82,10,0
2/5/2005 2:00,30717.08,8.89,4.3,0.7,0.82,10,0
2/5/2005 3:00,30717.13,9.44,4.1,0.8,5.81,10,0
2/5/2005 4:00,30717.17,7.78,3.9,0.8,0.58,10,0
2/5/2005 5:00,30717.21,8.33,3.4,0.8,1.31,10,0
2/5/2005 6:00,30717.25,7.78,2.7,0.8,0.23,10,1
2/5/2005 7:00,30717.29,7.78,3.1,0.5,1.34,5.96,68
2/5/2005 8:00,30717.34,11.67,5.6,0.6,5.36,6.13,196
2/5/2005 9:00,30717.38,16.67,5.5,1.4,4.35,2.35,384
2/5/2005 10:00,30717.42,17.78,6.2,1.6,4.17,0,507
2/5/2005 11:00,30717.46,18.89,6.2,2,5.01,0,582
2/5/2005 12:00,30717.5,18.33,7.4,2,5.39,0,584
2/5/2005 13:00,30717.55,18.89,6.8,1.7,4.99,0,529
2/5/2005 14:00,30717.59,18.89,6.5,1.6,4.89,0,430
2/5/2005 15:00,30717.63,17.78,5.7,1.4,4.92,0,290
2/5/2005 16:00,30717.67,16.11,5.4,0.9,5.38,0,128
2/5/2005 17:00,30717.71,11.67,5.8,1.2,5.15,10,10
2/5/2005 18:00,30717.76,12.22,6.1,1.1,4.89,10,0
2/5/2005 19:00,30717.8,11.67,6.4,0.9,5.31,10,0
2/5/2005 20:00,30717.84,9.44,6.6,0.6,2.13,10,0
2/5/2005 21:00,30717.88,10,6.5,1,4.59,10,0
2/5/2005 22:00,30717.92,8.89,6.4,1,0.75,10,0
2/5/2005 23:00,30717.97,10,6.1,0.8,0.52,10,0
2/6/2005 0:00,30718,8.89,5.5,0.7,5.06,10,0
2/6/2005 1:00,30718.04,8.33,5.1,0.8,5.06,10,0
2/6/2005 2:00,30718.08,8.33,5.2,1.1,5.41,10,0
2/6/2005 3:00,30718.13,7.78,4.9,0.7,3.89,10,0
2/6/2005 4:00,30718.17,8.33,4.8,1.1,1.76,10,0
2/6/2005 5:00,30718.21,7.22,4.1,1.1,0.09,10,0
2/6/2005 6:00,30718.25,8.33,4.5,0.8,1.83,10,0
2/6/2005 7:00,30718.29,7.22,5.6,0.8,4.97,10,28
2/6/2005 8:00,30718.34,7.78,6.6,2.1,5.15,9.79,99
2/6/2005 9:00,30718.38,11.11,6.7,1.5,5.15,9.52,165
2/6/2005 10:00,30718.42,10,7,1.1,5.48,9.35,216
2/6/2005 11:00,30718.46,11.11,7.1,1.1,4.22,7.89,328
2/6/2005 12:00,30718.5,12.22,7.3,1.2,3.32,2.75,524
2/6/2005 13:00,30718.55,13.89,7.2,1.5,1.05,0,517
2/6/2005 14:00,30718.59,16.11,6.9,1.5,2.01,4.62,347
2/6/2005 15:00,30718.63,13.89,7.2,1.4,4.5,0,295
2/6/2005 16:00,30718.67,12.78,6.7,1,5.39,0,117
2/6/2005 17:00,30718.71,11.11,6.7,1.2,5.86,10,10
2/6/2005 18:00,30718.76,10,6.7,1.5,0.44,10,0
2/6/2005 19:00,30718.8,10,6.4,1.4,0.82,10,0
2/6/2005 20:00,30718.84,8.89,6.4,1.1,1.12,10,0
2/6/2005 21:00,30718.88,9.44,6,0.8,0.35,10,0
2/6/2005 22:00,30718.92,8.89,5.9,0.7,0.8,10,0
2/6/2005 23:00,30718.97,9.44,5.9,1,5.79,10,0
2/7/2005 0:00,30719,10,6.8,0.9,5.39,10,0
2/7/2005 1:00,30719.04,10,6.4,0.9,0.38,10,0
2/7/2005 2:00,30719.08,8.89,5.7,1.6,6.07,10,0
2/7/2005 3:00,30719.13,8.33,5.6,1.8,5.67,10,0
2/7/2005 4:00,30719.17,8.33,5.7,2.6,5.39,10,0
2/7/2005 5:00,30719.21,8.33,6,2.5,5.41,10,0
2/7/2005 6:00,30719.25,8.33,6.2,1.4,5.32,10,0
2/7/2005 7:00,30719.29,8.33,6.5,1.1,5.43,10,19
2/7/2005 8:00,30719.34,8.89,6.8,1.3,5.31,10,42
2/7/2005 9:00,30719.38,10,6.8,0.7,5.52,10,89
2/7/2005 10:00,30719.42,12.22,6.9,1.2,1.85,8.74,254
2/7/2005 11:00,30719.46,16.67,6.9,1.4,4.33,0,555
2/7/2005 12:00,30719.5,16.67,6,1.4,3.93,1.49,547
2/7/2005 13:00,30719.55,16.11,6,1.7,4.08,3.89,455
2/7/2005 14:00,30719.59,17.22,6.1,1.9,3.91,0,444
2/7/2005 15:00,30719.63,16.11,5.8,2,4.83,4.76,228
2/7/2005 16:00,30719.67,12.78,6.2,1.8,4.8,5.56,77
2/7/2005 17:00,30719.71,10,6.2,1.1,4.92,10,7
2/7/2005 18:00,30719.76,10,6.1,0.5,0.54,10,0
2/7/2005 19:00,30719.8,9.44,7.1,0.6,2.39,10,0
2/7/2005 20:00,30719.84,10,6.9,0.9,1.22,10,0
2/7/2005 21:00,30719.88,8.89,6.8,1.7,2.11,10,0
2/7/2005 22:00,30719.92,9.44,7.2,2.2,2.36,10,0
2/7/2005 23:00,30719.97,9.44,7.2,2.6,2.15,10,0
2/8/2005 0:00,30720,9.44,6.6,1.9,2.06,10,0
2/8/2005 1:00,30720.04,10,6.2,2,1.94,10,0
2/8/2005 2:00,30720.08,8.89,5.3,1.5,1.69,10,0
2/8/2005 3:00,30720.13,8.89,4.9,1,0.66,10,0
2/8/2005 4:00,30720.17,8.33,3.2,0.7,5.88,10,0
2/8/2005 5:00,30720.21,7.78,2.7,0.7,0.75,10,0
2/8/2005 6:00,30720.25,6.67,3.2,1,0.68,10,2
2/8/2005 7:00,30720.29,7.78,3.2,0.7,4.22,7.95,58
2/8/2005 8:00,30720.34,9.44,6.8,0.6,2.57,5.39,219
2/8/2005 9:00,30720.38,13.89,7.3,1.2,2.41,4.85,347
2/8/2005 10:00,30720.42,15,7.2,1.6,2.39,4.23,449
2/8/2005 11:00,30720.46,16.11,7.4,1.6,2.74,2.87,529
2/8/2005 12:00,30720.5,17.78,7.3,1.8,4.24,0,585
2/8/2005 13:00,30720.55,19.44,7.1,1.5,4.33,0,517
2/8/2005 14:00,30720.59,16.67,7.4,2.3,4.92,5.95,316
2/8/2005 15:00,30720.63,15,7.4,2.5,4.97,4.4,237
2/8/2005 16:00,30720.67,13.89,7.5,2.1,5.08,0,110
2/8/2005 17:00,30720.71,11.11,7.1,1.4,5.11,10,13
2/8/2005 18:00,30720.76,10,6.8,0.9,5.34,10,0
2/8/2005 19:00,30720.8,10,6.3,0.6,5.01,10,0
2/8/2005 20:00,30720.84,8.89,6.3,1,4.31,10,0
2/8/2005 21:00,30720.88,8.33,5.7,0.8,5.74,10,0
2/8/2005 22:00,30720.92,8.33,5.6,0.8,5.43,10,0
2/8/2005 23:00,30720.97,10.56,5.4,0.9,6.06,10,0
2/9/2005 0:00,30721,7.78,5,0.8,0.23,10,0
2/9/2005 1:00,30721.04,7.78,4.4,0.7,1.01,10,0
2/9/2005 2:00,30721.08,8.33,3.8,0.7,0.38,10,0
2/9/2005 3:00,30721.13,8.33,3.3,0.9,4.73,10,0
2/9/2005 4:00,30721.17,7.22,3.1,0.9,5.27,10,0
2/9/2005 5:00,30721.21,7.78,2.7,1,5.78,10,0
2/9/2005 6:00,30721.25,6.67,2.4,0.6,4.43,10,1
2/9/2005 7:00,30721.29,7.78,3.1,0.8,1.75,6.6,73
2/9/2005 8:00,30721.34,10.56,6.1,0.6,2.53,6.21,205
2/9/2005 9:00,30721.38,12.78,6.9,1,2.57,4.47,360
2/9/2005 10:00,30721.42,13.89,6.7,1.4,2.02,1.99,499
2/9/2005 11:00,30721.46,15,6,1,2.16,5.98,432
2/9/2005 12:00,30721.5,17.78,6.2,1.3,1.31,4.56,487
2/9/2005 13:00,30721.55,19.44,6.4,1.8,6.06,1.87,501
2/9/2005 14:00,30721.59,16.67,6.3,2.1,5.27,0,423
2/9/2005 15:00,30721.63,16.11,7.4,2.9,5.1,0,308
2/9/2005 16:00,30721.67,14.44,8,2.9,5.22,0,139
2/9/2005 17:00,30721.71,11.67,7.4,1.8,5.18,10,10
2/9/2005 18:00,30721.76,11.11,7.3,1.2,5.41,10,0
2/9/2005 19:00,30721.8,10,7.3,1.6,5.36,10,0
2/9/2005 20:00,30721.84,10,7.2,0.7,0.54,10,0
2/9/2005 21:00,30721.88,9.44,6.9,0.8,1.22,10,0
2/9/2005 22:00,30721.92,9.44,5.4,0.7,4.75,10,0
2/9/2005 23:00,30721.97,8.89,4.7,1,4.85,10,0
2/10/2005 0:00,30722,7.22,5.3,1,5.62,10,0
2/10/2005 1:00,30722.04,7.78,4.6,1.1,6.21,10,0
2/10/2005 2:00,30722.08,8.33,3.4,0.8,5.97,10,0
2/10/2005 3:00,30722.13,7.22,2.9,0.9,2.74,10,0
2/10/2005 4:00,30722.17,6.67,2.5,0.9,1.03,10,0
2/10/2005 5:00,30722.21,7.22,1.4,0.7,5.72,10,0
2/10/2005 6:00,30722.25,6.67,0.9,0.6,5.62,10,2
2/10/2005 7:00,30722.29,8.33,2.2,0.8,1.92,7.29,69
2/10/2005 8:00,30722.34,10.56,5.9,1.1,2.09,3.76,252
2/10/2005 9:00,30722.38,12.78,6.2,1.9,2.23,2.55,400
2/10/2005 10:00,30722.42,13.89,7.1,2.7,2.64,0,534
2/10/2005 11:00,30722.46,16.11,7,1.6,2.16,0,609
2/10/2005 12:00,30722.5,17.22,6.8,1.3,1.69,0,606
2/10/2005 13:00,30722.55,17.22,6.7,1.5,1.03,4.49,449
2/10/2005 14:00,30722.59,15.56,7.5,2.2,4.89,7.19,278
2/10/2005 15:00,30722.63,15.56,7.1,1.2,4.71,7.78,169
2/10/2005 16:00,30722.67,13.89,7.1,0.8,4.01,7.17,71
2/10/2005 17:00,30722.71,12.78,7.1,1,0.98,10,7
2/10/2005 18:00,30722.76,12.78,7.3,1.1,6.13,10,0
2/10/2005 19:00,30722.8,11.67,7.3,1.1,6.23,10,0
2/10/2005 20:00,30722.84,11.11,7.5,0.7,3.42,10,0
2/10/2005 21:00,30722.88,10.56,7.5,0.6,2.57,10,0
2/10/2005 22:00,30722.92,10.56,7.4,1.1,1.27,10,0
2/10/2005 23:00,30722.97,9.44,7.5,1.4,0.05,10,0
2/11/2005 0:00,30723,10.56,7.4,1.2,3.46,10,0
2/11/2005 1:00,30723.04,10.56,8,1.6,3.19,10,0
2/11/2005 2:00,30723.08,11.11,8,1.3,1.01,10,0
2/11/2005 3:00,30723.13,11.11,8,1.5,1.73,10,0
2/11/2005 4:00,30723.17,10,7.7,0.7,1.1,10,0
2/11/2005 5:00,30723.21,10.56,7.8,1,1.15,10,0
2/11/2005 6:00,30723.25,10,7.8,1.2,0.49,10,1
2/11/2005 7:00,30723.29,10.56,8.5,1.5,2.2,10,9
2/11/2005 8:00,30723.34,10.56,8.7,2.2,2.41,10,26
2/11/2005 9:00,30723.38,11.11,9.4,1.7,0.77,9.62,168
2/11/2005 10:00,30723.42,13.89,10.1,2.2,5.17,8.71,264
2/11/2005 11:00,30723.46,12.78,10,3.2,4.66,8.48,304
2/11/2005 12:00,30723.5,15,10.2,2.2,4.36,7.26,376
2/11/2005 13:00,30723.55,15,9.9,2.3,5.04,7.37,337
2/11/2005 14:00,30723.59,14.44,9.9,2.5,4.78,9.02,199
2/11/2005 15:00,30723.63,12.78,9.9,1.8,5.13,10,41
2/11/2005 16:00,30723.67,13.33,10,1.6,5.36,10,36
2/11/2005 17:00,30723.71,12.78,10.2,1.7,5.32,10,6
2/11/2005 18:00,30723.76,11.67,10.3,0.7,4.45,10,1
2/11/2005 19:00,30723.8,11.11,10.4,0.5,4.1,10,1
2/11/2005 20:00,30723.84,11.11,10.6,0.8,0.94,10,1
2/11/2005 21:00,30723.88,11.67,10.6,1.3,5.88,10,0
2/11/2005 22:00,30723.92,11.11,10.4,1.2,6.04,10,0
2/11/2005 23:00,30723.97,10.56,10.2,0.8,5.67,10,1
2/12/2005 0:00,30724,10.56,10.1,1.2,5.18,10,1
2/12/2005 1:00,30724.04,10.56,9.7,1.4,4.73,10,1
2/12/2005 2:00,30724.08,11.11,8.7,2.1,5.11,10,0
2/12/2005 3:00,30724.13,11.11,8.6,1.8,5.15,10,0
2/12/2005 4:00,30724.17,10.56,8.4,2,5.04,10,0
2/12/2005 5:00,30724.21,10,8.4,1.8,5.15,10,0
2/12/2005 6:00,30724.25,9.44,8.4,1.5,5.43,10,1
2/12/2005 7:00,30724.29,10.56,8.7,2.2,4.94,10,27
2/12/2005 8:00,30724.34,11.67,9.3,2,4.94,9.47,119
2/12/2005 9:00,30724.38,11.67,9.9,2.2,5.22,7.45,272
2/12/2005 10:00,30724.42,13.89,10.6,1.2,4.85,4.61,452
2/12/2005 11:00,30724.46,15,10.5,1.5,4.42,8.05,333
2/12/2005 12:00,30724.5,15,10.6,2.1,4.9,8.84,283
2/12/2005 13:00,30724.55,19.44,10.3,1.4,5.11,8.63,271
2/12/2005 14:00,30724.59,16.67,10.1,1.1,4.99,7.63,265
2/12/2005 15:00,30724.63,18.33,10.1,0.9,0.24,6.48,208
2/12/2005 16:00,30724.67,15.56,10.3,1,0.33,5.43,92
2/12/2005 17:00,30724.71,14.44,10.4,1.6,1.12,10,10
2/12/2005 18:00,30724.76,14.44,10.1,0.9,1.27,10,0
2/12/2005 19:00,30724.8,12.78,10.3,1.4,1.2,10,0
2/12/2005 20:00,30724.84,12.22,9.8,1.1,1.4,10,0
2/12/2005 21:00,30724.88,12.22,9.8,1.5,2.39,10,0
2/12/2005 22:00,30724.92,11.11,9.1,1.3,1.92,10,0
2/12/2005 23:00,30724.97,11.11,8.2,0.8,5.69,10,0
2/13/2005 0:00,30725,10.56,8.9,0.9,0.51,10,0
2/13/2005 1:00,30725.04,12.22,9.2,1.2,1.36,10,0
2/13/2005 2:00,30725.08,12.22,9.8,0.8,1.57,10,0
2/13/2005 3:00,30725.13,11.11,9.4,0.5,1.45,10,0
2/13/2005 4:00,30725.17,11.11,8.6,0.7,0.98,10,0
2/13/2005 5:00,30725.21,11.67,8,0.6,1.29,10,0
2/13/2005 6:00,30725.25,11.11,7.6,0.9,1.27,10,2
2/13/2005 7:00,30725.29,10.56,8.3,1.1,3.44,9.07,54
2/13/2005 8:00,30725.34,11.67,9.7,1.4,3,8.75,145
2/13/2005 9:00,30725.38,13.89,10.1,2.3,2.39,7.79,260
2/13/2005 10:00,30725.42,16.67,10.3,3,1.82,8.59,275
2/13/2005 11:00,30725.46,16.11,10.9,3.2,2.16,6.2,435
2/13/2005 12:00,30725.5,16.11,10.8,3.4,2.48,4.31,510
2/13/2005 13:00,30725.55,17.22,10.5,3.1,2.48,7.48,337
2/13/2005 14:00,30725.59,17.22,10.6,2.9,2.64,5.33,351
2/13/2005 15:00,30725.63,17.22,10.2,2.2,3,8.11,166
2/13/2005 16:00,30725.67,15,9.9,1.6,2.44,5.78,92
2/13/2005 17:00,30725.71,13.89,10,1.6,1.88,10,10
2/13/2005 18:00,30725.76,12.78,10.2,1.7,1.88,10,0
2/13/2005 19:00,30725.8,12.78,9.8,1.9,1.92,10,0
2/13/2005 20:00,30725.84,13.33,9.6,1.6,2.13,10,0
2/13/2005 21:00,30725.88,11.67,8.9,1.3,1.57,10,0
2/13/2005 22:00,30725.92,11.11,8.4,0.9,1.01,10,0
2/13/2005 23:00,30725.97,12.22,8.2,0.9,0.79,10,0
2/14/2005 0:00,30726,11.67,8.2,0.8,1.94,10,0
2/14/2005 1:00,30726.04,11.11,8.6,1.1,1.62,10,0
2/14/2005 2:00,30726.08,12.22,8.7,0.9,1.66,10,0
2/14/2005 3:00,30726.13,11.67,8.7,0.9,2.02,10,0
2/14/2005 4:00,30726.17,11.67,8.6,0.8,4.56,10,0
2/14/2005 5:00,30726.21,11.67,8.6,1.1,0.66,10,0
2/14/2005 6:00,30726.25,10.56,8.8,1.4,1.12,10,0
2/14/2005 7:00,30726.29,11.67,9,1,1.88,10,24
2/14/2005 8:00,30726.34,13.33,9.2,1.4,1.55,9.53,120
2/14/2005 9:00,30726.38,13.89,9.2,1.5,2.02,9.43,183
2/14/2005 10:00,30726.42,14.44,9.2,1.4,2.6,8.88,260
2/14/2005 11:00,30726.46,14.44,9.2,1.6,2.39,4.9,493
2/14/2005 12:00,30726.5,17.78,9.2,1.2,1.29,4.12,520
2/14/2005 13:00,30726.55,18.33,9,1.2,4.54,8.4,289
2/14/2005 14:00,30726.59,17.78,8.9,1.6,4.61,7.37,281
2/14/2005 15:00,30726.63,17.22,8.9,1.5,4.8,9.01,139
2/14/2005 16:00,30726.67,15.56,8.9,1.3,5.04,5.87,94
2/14/2005 17:00,30726.71,13.33,8.7,0.9,5.79,10,7
2/14/2005 18:00,30726.76,13.33,8.7,1.2,0.49,10,0
2/14/2005 19:00,30726.8,12.78,9,0.7,4.97,10,0
2/14/2005 20:00,30726.84,13.33,10,1,0.09,10,0
2/14/2005 21:00,30726.88,12.78,10.3,1.2,1.48,10,0
2/14/2005 22:00,30726.92,12.78,10.4,1,3.49,10,0
2/14/2005 23:00,30726.97,11.11,10.4,1.2,2.41,10,0
2/15/2005 0:00,30727,11.67,10.5,1.1,0.84,10,0
2/15/2005 1:00,30727.04,12.22,10.3,1.3,1.12,10,0
2/15/2005 2:00,30727.08,11.11,10.2,1.6,2.6,10,0
2/15/2005 3:00,30727.13,11.11,10,1.6,2.65,10,0
2/15/2005 4:00,30727.17,11.11,9.5,1.1,0.89,10,0
2/15/2005 5:00,30727.21,11.67,9.7,0.8,5.72,10,0
2/15/2005 6:00,30727.25,10.56,9.9,0.8,1.54,10,0
2/15/2005 7:00,30727.29,10.56,10,1.2,1.17,10,8
2/15/2005 8:00,30727.34,11.67,10.3,0.7,4.8,10,30
2/15/2005 9:00,30727.38,11.11,10.7,1.7,4.38,10,86
2/15/2005 10:00,30727.42,11.67,10.7,1.5,3.72,10,93
2/15/2005 11:00,30727.46,12.22,10.8,1.4,2.09,10,104
2/15/2005 12:00,30727.5,11.67,10.7,2.2,2.15,10,127
2/15/2005 13:00,30727.55,12.78,10.8,2,1.76,10,81
2/15/2005 14:00,30727.59,11.67,11,2.2,1.2,10,71
2/15/2005 15:00,30727.63,12.78,10.9,2.1,2.67,10,77
2/15/2005 16:00,30727.67,11.67,10.7,1.8,1.94,10,34
2/15/2005 17:00,30727.71,12.22,10.6,1.3,2.98,10,2
2/15/2005 18:00,30727.76,12.22,10.4,1.8,5.18,10,0
2/15/2005 19:00,30727.8,12.22,10.1,1.6,0.38,10,0
2/15/2005 20:00,30727.84,11.67,10.2,1.4,4.35,10,0
2/15/2005 21:00,30727.88,12.22,10.4,1.8,3.61,10,0
2/15/2005 22:00,30727.92,11.67,10.6,0.9,4.01,10,0
2/15/2005 23:00,30727.97,11.67,10.6,1.7,0.82,10,0
2/16/2005 0:00,30728,11.11,10.8,2.3,0.89,10,0
2/16/2005 1:00,30728.04,12.22,10.6,1.5,5.95,10,0
2/16/2005 2:00,30728.08,11.67,10.5,1.3,4.42,10,0
2/16/2005 3:00,30728.13,10.56,10.1,1.5,0.09,10,0
2/16/2005 4:00,30728.17,12.22,9.6,1.4,5.38,10,0
2/16/2005 5:00,30728.21,10.56,9.6,1.9,4.24,10,0
2/16/2005 6:00,30728.25,10.56,9.7,1.2,5.72,10,1
2/16/2005 7:00,30728.29,11.67,10,1.2,0.59,10,30
2/16/2005 8:00,30728.34,12.78,10.6,2,2.23,10,88
2/16/2005 9:00,30728.38,13.33,10.9,1.3,2.29,10,149
2/16/2005 10:00,30728.42,13.89,11.6,1.9,2.13,10,173
2/16/2005 11:00,30728.46,13.33,12,2.6,2.29,9.01,280
2/16/2005 12:00,30728.5,14.44,11.6,1.9,1.95,4.2,525
2/16/2005 13:00,30728.55,15.56,11.6,1.5,1.75,3.2,506
2/16/2005 14:00,30728.59,18.33,11.7,1.8,0.61,2.43,426
2/16/2005 15:00,30728.63,18.89,11.4,1.5,0.26,6.14,228
2/16/2005 16:00,30728.67,17.22,10.8,1.2,3.21,0,134
2/16/2005 17:00,30728.71,14.44,10.8,1.3,2.15,10,17
2/16/2005 18:00,30728.76,13.89,11,1.4,1.19,10,0
2/16/2005 19:00,30728.8,13.89,10.7,1.1,1.13,10,0
2/16/2005 20:00,30728.84,13.33,10.7,1,0.16,10,0
2/16/2005 21:00,30728.88,13.33,11,0.7,5.04,10,0
2/16/2005 22:00,30728.92,12.78,10.6,0.9,0.3,10,0
2/16/2005 23:00,30728.97,11.67,10.3,0.6,1.48,10,0
2/17/2005 0:00,30729,12.78,9.2,1,0.84,10,0
2/17/2005 1:00,30729.04,12.78,8.3,1,0.23,10,0
2/17/2005 2:00,30729.08,13.33,7.6,1,5.18,10,0
2/17/2005 3:00,30729.13,13.89,7.4,1.9,4.47,10,0
2/17/2005 4:00,30729.17,12.78,7.6,1.2,4.76,10,0
2/17/2005 5:00,30729.21,11.67,6.9,1.3,4.94,10,0
2/17/2005 6:00,30729.25,12.22,6.8,0.9,1.36,10,2
2/17/2005 7:00,30729.29,9.44,7.3,1.7,4.57,10,36
2/17/2005 8:00,30729.34,9.44,7.9,2.7,5.03,10,66
2/17/2005 9:00,30729.38,10.56,9.2,3.1,5.65,9.99,157
2/17/2005 10:00,30729.42,16.67,9.7,2.5,5.59,9.21,245
2/17/2005 11:00,30729.46,15,10.5,2,5.57,5.93,461
2/17/2005 12:00,30729.5,18.89,10.6,1.5,5.18,5.82,466
2/17/2005 13:00,30729.55,15.56,10.9,2.9,4.4,9.04,256
2/17/2005 14:00,30729.59,14.44,10.7,2.7,4.76,9.62,178
2/17/2005 15:00,30729.63,14.44,10.8,2,5.69,9.35,132
2/17/2005 16:00,30729.67,13.33,10.8,1.3,4.54,10,35
2/17/2005 17:00,30729.71,12.78,10.8,1.9,3.89,10,5
2/17/2005 18:00,30729.76,12.78,10.7,2,3.49,10,0
2/17/2005 19:00,30729.8,11.67,10.9,1.8,2.13,10,0
2/17/2005 20:00,30729.84,12.78,11,2.4,1.54,10,0
2/17/2005 21:00,30729.88,13.33,11.1,2.5,1.31,10,0
2/17/2005 22:00,30729.92,13.89,10.8,1.7,4.61,10,0
2/17/2005 23:00,30729.97,12.22,10.8,1.5,4.78,10,0
2/18/2005 0:00,30730,12.78,10.1,1.1,6.2,10,0
2/18/2005 1:00,30730.04,14.44,10.4,1.7,4.43,10,0
2/18/2005 2:00,30730.08,11.11,10.6,2.3,4.24,10,0
2/18/2005 3:00,30730.13,11.11,10.5,1.4,5.03,10,0
2/18/2005 4:00,30730.17,11.11,10.3,2,0.49,10,0
2/18/2005 5:00,30730.21,11.11,10.4,1.5,0.07,10,0
2/18/2005 6:00,30730.25,11.11,10.3,3.8,4.29,10,0
2/18/2005 7:00,30730.29,10,8.6,2.9,5.17,10,4
2/18/2005 8:00,30730.34,10,8.8,3,0.35,10,23
2/18/2005 9:00,30730.38,11.11,9,2.8,1.17,10,30
2/18/2005 10:00,30730.42,12.22,9.7,3.2,1.06,10,121
2/18/2005 11:00,30730.46,12.22,10.3,3.4,1.52,10,165
2/18/2005 12:00,30730.5,14.44,9.5,3.4,1.59,7.41,387
2/18/2005 13:00,30730.55,16.11,9,3.1,1.71,6.27,410
2/18/2005 14:00,30730.59,17.22,8.4,3.8,2.16,5.24,371
2/18/2005 15:00,30730.63,16.11,8.4,4,2.51,5.32,253
2/18/2005 16:00,30730.67,15,8.4,2.9,2.43,0,147
2/18/2005 17:00,30730.71,12.78,8.4,1.7,2.04,10,17
2/18/2005 18:00,30730.76,12.78,8.6,1.1,1.95,10,0
2/18/2005 19:00,30730.8,12.22,8.8,1.4,2.64,10,0
2/18/2005 20:00,30730.84,10.56,8.9,1.6,1.36,10,0
2/18/2005 21:00,30730.88,10.56,8.5,2,1.27,10,0
2/18/2005 22:00,30730.92,11.11,7.4,1.3,1.45,10,0
2/18/2005 23:00,30730.97,12.78,7,1.1,1.33,10,0
2/19/2005 0:00,30731,11.11,6.5,1.6,1.2,10,0
2/19/2005 1:00,30731.04,11.11,6.2,1.3,1.47,10,0
2/19/2005 2:00,30731.08,11.11,5.3,1.2,1.43,10,0
2/19/2005 3:00,30731.13,11.11,4.7,0.8,0.56,10,0
2/19/2005 4:00,30731.17,12.22,4.9,1,1.43,10,0
2/19/2005 5:00,30731.21,11.67,5.4,1.2,1.61,10,0
2/19/2005 6:00,30731.25,10.56,6,1.1,1.45,10,2
2/19/2005 7:00,30731.29,11.11,6.8,1.2,1.19,10,32
2/19/2005 8:00,30731.34,13.33,7.1,1.9,1.92,9.56,127
2/19/2005 9:00,30731.38,13.33,7.8,4.4,2.25,8.88,222
2/19/2005 10:00,30731.42,11.67,8.4,5,1.95,10,182
2/19/2005 11:00,30731.46,13.33,8.6,4.7,1.82,8.9,294
2/19/2005 12:00,30731.5,15,8.2,4.8,1.83,8.74,305
2/19/2005 13:00,30731.55,16.67,7.5,5.4,1.94,8.04,322
2/19/2005 14:00,30731.59,15.56,7.2,5.6,2.27,9.6,183
2/19/2005 15:00,30731.63,14.44,8.6,5.3,2.53,7.51,199
2/19/2005 16:00,30731.67,12.78,8.9,4.2,2.01,7.35,91
2/19/2005 17:00,30731.71,12.22,8.7,3.2,1.8,10,28
2/19/2005 18:00,30731.76,12.22,8.8,2.9,1.83,10,0
2/19/2005 19:00,30731.8,11.67,9,2.4,2.01,10,0
2/19/2005 20:00,30731.84,12.22,9,2.9,1.87,10,0
2/19/2005 21:00,30731.88,11.11,8.9,3,1.95,10,0
2/19/2005 22:00,30731.92,11.11,8.9,2.8,2.01,10,0
2/19/2005 23:00,30731.97,11.11,8.9,3.6,1.99,10,0
2/20/2005 0:00,30732,10,8.8,3.7,2.09,10,0
2/20/2005 1:00,30732.04,11.11,8.7,2.9,2.04,10,0
2/20/2005 2:00,30732.08,10,8.5,3,1.88,10,0
2/20/2005 3:00,30732.13,10,8.1,3,1.92,10,0
2/20/2005 4:00,30732.17,10,8,3.8,2.09,10,0
2/20/2005 5:00,30732.21,10,7.9,3.5,1.95,10,0
2/20/2005 6:00,30732.25,10,7.7,2.8,1.78,10,3
2/20/2005 7:00,30732.29,11.11,7.5,2.6,1.76,10,45
2/20/2005 8:00,30732.34,12.22,7.9,3.7,1.62,3.49,292
2/20/2005 9:00,30732.38,13.89,8.2,4.2,1.75,0,492
2/20/2005 10:00,30732.42,15,8,4,1.73,2.53,536
2/20/2005 11:00,30732.46,18.33,7.4,3.9,2.15,0,629
2/20/2005 12:00,30732.5,17.78,6.8,3.3,2.2,5.07,509
2/20/2005 13:00,30732.55,16.67,6.4,3.3,2.11,6.13,423
2/20/2005 14:00,30732.59,16.67,5.5,2.6,2.06,7.76,280
2/20/2005 15:00,30732.63,16.67,5.1,2.7,2.3,8.38,173
2/20/2005 16:00,30732.67,15.56,5.3,2.6,1.94,9.13,66
2/20/2005 17:00,30732.71,13.89,5.9,2.3,1.48,10,7
2/20/2005 18:00,30732.76,14.44,6.1,2.8,1.76,10,0
2/20/2005 19:00,30732.8,13.89,7.4,5.8,2.5,10,0
2/20/2005 20:00,30732.84,11.67,8.8,4.1,1.82,10,0
2/20/2005 21:00,30732.88,13.33,8.8,4.5,1.1,10,0
2/20/2005 22:00,30732.92,15,7.6,4.2,1.12,10,0
2/20/2005 23:00,30732.97,11.11,7.9,3.7,1.9,10,0
2/21/2005 0:00,30733,11.11,8.8,2.6,1.76,10,0
2/21/2005 1:00,30733.04,11.11,9.2,3.5,1.4,10,0
2/21/2005 2:00,30733.08,12.22,9.2,4.1,1.01,10,0
2/21/2005 3:00,30733.13,11.11,9.1,2.2,1.08,10,0
2/21/2005 4:00,30733.17,12.22,9,1.6,1.33,10,0
2/21/2005 5:00,30733.21,13.33,9,1.5,1.27,10,0
2/21/2005 6:00,30733.25,12.78,8.7,1.2,2.01,10,2
2/21/2005 7:00,30733.29,13.33,8.7,1.2,1.13,10,38
2/21/2005 8:00,30733.34,16.11,9.8,1.3,1.15,9.39,137
2/21/2005 9:00,30733.38,15.56,9.8,1.7,2.83,10,154
2/21/2005 10:00,30733.42,12.78,9.5,2.5,2.71,10,117
2/21/2005 11:00,30733.46,13.89,10.1,2.7,1.85,9.13,282
2/21/2005 12:00,30733.5,16.11,10.5,3.8,1.45,0,628
2/21/2005 13:00,30733.55,17.22,9.5,4,1.66,0,657
2/21/2005 14:00,30733.59,19.44,8.4,4,2.06,0,528
2/21/2005 15:00,30733.63,16.11,7.8,4.7,2.78,9.46,135
2/21/2005 16:00,30733.67,12.78,8.4,1.3,4.1,10,33
2/21/2005 17:00,30733.71,11.67,8.2,1.7,3.25,10,15
2/21/2005 18:00,30733.76,12.78,7.5,1.3,3.07,10,0
2/21/2005 19:00,30733.8,11.67,8.2,1.2,5.48,10,0
2/21/2005 20:00,30733.84,11.11,7.6,1.1,5.36,10,0
2/21/2005 21:00,30733.88,11.11,7.9,1.3,0.84,10,0
2/21/2005 22:00,30733.92,11.11,7.6,0.9,6.09,10,0
2/21/2005 23:00,30733.97,13.33,7.1,0.7,5.71,10,0
2/22/2005 0:00,30734,10.56,6.4,0.7,4.89,10,0
2/22/2005 1:00,30734.04,8.89,5.4,0.9,0.23,10,0
2/22/2005 2:00,30734.08,8.89,5.8,0.7,5.18,10,0
2/22/2005 3:00,30734.13,8.89,5.6,0.8,0.44,10,0
2/22/2005 4:00,30734.17,10,6,1.4,3.96,10,0
2/22/2005 5:00,30734.21,7.22,6.3,1.3,4.71,10,0
2/22/2005 6:00,30734.25,7.78,6.5,1,1.57,10,2
2/22/2005 7:00,30734.29,8.89,6.4,2.2,0.37,10,30
2/22/2005 8:00,30734.34,10,7,2.5,0.93,10,87
2/22/2005 9:00,30734.38,11.67,7.5,2,6.06,9.47,195
2/22/2005 10:00,30734.42,12.78,8,3.2,5.99,8.06,328
2/22/2005 11:00,30734.46,17.78,7.8,2.1,5.39,0,648
2/22/2005 12:00,30734.5,15,8.5,3.3,4.99,0,768
2/22/2005 13:00,30734.55,16.11,8.8,3.7,5.04,1.44,561
2/22/2005 14:00,30734.59,17.22,9.2,3.9,5.25,2.8,445
2/22/2005 15:00,30734.63,17.22,9.1,3.2,5.03,0,413
2/22/2005 16:00,30734.67,14.44,9.1,3.1,5.1,7.05,103
2/22/2005 17:00,30734.71,14.44,8.9,2.5,5.1,10,35
2/22/2005 18:00,30734.76,12.22,8.8,2.1,5.04,10,0
2/22/2005 19:00,30734.8,11.67,8.8,1.7,4.42,10,0
2/22/2005 20:00,30734.84,12.22,9,1.5,3.98,10,0
2/22/2005 21:00,30734.88,11.11,9.2,1,3.35,10,0
2/22/2005 22:00,30734.92,10.56,8.8,2.4,3.75,10,0
2/22/2005 23:00,30734.97,11.11,7.4,1,4.19,10,0
2/23/2005 0:00,30735,10.56,6.7,1.2,1.05,10,0
2/23/2005 1:00,30735.04,10,6.6,1.2,1.47,10,0
2/23/2005 2:00,30735.08,8.89,6.5,0.9,0.54,10,0
2/23/2005 3:00,30735.13,8.33,6.2,0.9,1.8,10,0
2/23/2005 4:00,30735.17,8.89,5.5,1.1,0.75,10,0
2/23/2005 5:00,30735.21,8.33,5.2,0.8,0.47,10,0
2/23/2005 6:00,30735.25,8.33,5,0.8,0.3,10,7
2/23/2005 7:00,30735.29,8.89,6.9,0.7,1.62,8.08,89
2/23/2005 8:00,30735.34,11.11,8.2,1.9,2.18,9.33,143
2/23/2005 9:00,30735.38,12.78,7.9,1.8,2.48,9.97,167
2/23/2005 10:00,30735.42,15.56,8.3,2.1,2.39,6.77,402
2/23/2005 11:00,30735.46,15.56,9.2,1.7,2.74,0,745
2/23/2005 12:00,30735.5,16.67,9.3,1.2,6.02,0,744
2/23/2005 13:00,30735.55,17.78,9,1,5.17,5.75,450
2/23/2005 14:00,30735.59,18.33,9.2,2.4,5.69,6.01,362
2/23/2005 15:00,30735.63,17.22,9.4,3,5.2,0,353
2/23/2005 16:00,30735.67,18.33,9,3.3,4.85,0,211
2/23/2005 17:00,30735.71,13.89,9.5,2.6,5.03,10,29
2/23/2005 18:00,30735.76,13.89,9.1,1.4,5.43,10,0
2/23/2005 19:00,30735.8,12.78,9.1,0.8,3.65,10,0
2/23/2005 20:00,30735.84,12.22,9,0.6,1.69,10,0
2/23/2005 21:00,30735.88,12.22,8.8,0.8,4.82,10,0
2/23/2005 22:00,30735.92,11.11,8.8,1.6,4.83,10,0
2/23/2005 23:00,30735.97,9.44,8.6,1.1,5.43,10,0
2/24/2005 0:00,30736,11.11,8.4,0.8,4.43,10,0
2/24/2005 1:00,30736.04,11.11,7.6,0.9,4.94,10,0
2/24/2005 2:00,30736.08,11.11,6.7,1.1,5.17,10,0
2/24/2005 3:00,30736.13,10.56,5.9,1.2,0.28,10,0
2/24/2005 4:00,30736.17,11.11,6,1.1,4.17,10,0
2/24/2005 5:00,30736.21,10.56,6,1,4.78,10,0
2/24/2005 6:00,30736.25,10,4.8,0.7,4.68,10,6
2/24/2005 7:00,30736.29,11.11,5.8,1.4,5.32,9.58,64
2/24/2005 8:00,30736.34,15,7.3,2,5.76,9.38,143
2/24/2005 9:00,30736.38,12.78,8.6,1.5,5.93,8.9,231
2/24/2005 10:00,30736.42,17.78,9.9,1,0.23,5.44,466
2/24/2005 11:00,30736.46,19.44,10.3,1.2,4.57,0,672
2/24/2005 12:00,30736.5,20.56,10.1,1,4.54,5.58,502
2/24/2005 13:00,30736.55,20,9.2,1.1,4.26,7.79,350
2/24/2005 14:00,30736.59,17.78,9.6,2.3,4.24,6.31,354
2/24/2005 15:00,30736.63,17.22,9.6,2.7,4.85,7.18,223
2/24/2005 16:00,30736.67,17.22,10,3.1,4.85,0,183
2/24/2005 17:00,30736.71,12.78,9.9,2.8,5.1,10,31
2/24/2005 18:00,30736.76,11.67,9.4,1.7,5.1,10,0
2/24/2005 19:00,30736.8,11.67,9,1.7,4.9,10,0
2/24/2005 20:00,30736.84,10.56,9,2.2,4.92,10,0
2/24/2005 21:00,30736.88,10.56,8.6,2.3,4.89,10,0
2/24/2005 22:00,30736.92,9.44,8,2.4,5.06,10,0
2/24/2005 23:00,30736.97,10.56,7.4,2.2,5.41,10,0
2/25/2005 0:00,30737,10,7.1,2.3,5.55,10,0
2/25/2005 1:00,30737.04,9.44,6.3,0.9,6.11,10,0
2/25/2005 2:00,30737.08,8.89,5.4,0.7,4.76,10,0
2/25/2005 3:00,30737.13,10,4.9,1,5.41,10,0
2/25/2005 4:00,30737.17,9.44,5.2,1.4,4.4,10,0
2/25/2005 5:00,30737.21,6.11,5.6,2.2,5.01,10,0
2/25/2005 6:00,30737.25,6.67,5.7,2.5,5.53,10,5
2/25/2005 7:00,30737.29,7.78,5.7,2.3,5.86,10,44
2/25/2005 8:00,30737.34,11.11,7,2.3,6.13,7.18,225
2/25/2005 9:00,30737.38,15.56,9.3,2.6,5.5,4,431
2/25/2005 10:00,30737.42,16.67,9.1,3.1,5.32,2.1,565
2/25/2005 11:00,30737.46,18.33,9.7,2.3,5.03,0,690
2/25/2005 12:00,30737.5,15.56,9.5,2.2,4.85,0,706
2/25/2005 13:00,30737.55,18.33,9.2,2.3,4.75,4.91,491
2/25/2005 14:00,30737.59,17.78,8.7,2.2,4.82,4.56,417
2/25/2005 15:00,30737.63,17.78,8.9,2.4,4.63,8.45,182
2/25/2005 16:00,30737.67,15,9,2.5,5.1,9.64,65
2/25/2005 17:00,30737.71,13.33,8.6,2.6,4.97,10,30
2/25/2005 18:00,30737.76,12.22,8.4,1.9,5.18,10,0
2/25/2005 19:00,30737.8,10.56,8.3,1.2,4.99,10,0
2/25/2005 20:00,30737.84,11.11,8,1,4.89,10,0
2/25/2005 21:00,30737.88,11.11,7.6,1.4,4.64,10,0
2/25/2005 22:00,30737.92,10.56,7.1,1.3,5.38,10,0
2/25/2005 23:00,30737.97,8.89,6.6,0.9,5.22,10,0
2/26/2005 0:00,30738,8.89,6,0.8,4.63,10,0
2/26/2005 1:00,30738.04,8.89,5.4,0.8,5.67,10,0
2/26/2005 2:00,30738.08,10,5,0.8,5.29,10,0
2/26/2005 3:00,30738.13,8.33,4.3,0.8,5.03,10,0
2/26/2005 4:00,30738.17,8.89,3.7,0.6,5.76,10,0
2/26/2005 5:00,30738.21,8.33,3.1,1,5.01,10,0
2/26/2005 6:00,30738.25,7.78,3.1,0.8,4.68,10,6
2/26/2005 7:00,30738.29,9.44,4.4,1.1,5.83,7.49,106
2/26/2005 8:00,30738.34,10.56,7.7,1.8,5.72,4.72,293
2/26/2005 9:00,30738.38,14.44,8.6,1.9,5.39,3.4,449
2/26/2005 10:00,30738.42,17.78,8.6,2.4,5.11,0,594
2/26/2005 11:00,30738.46,16.67,8.4,1.5,4.76,0,679
2/26/2005 12:00,30738.5,18.89,8.3,1.5,4.49,5.96,491
2/26/2005 13:00,30738.55,18.89,7.8,1.6,4.29,7.09,395
2/26/2005 14:00,30738.59,17.78,7.5,1.3,4.36,3.4,450
2/26/2005 15:00,30738.63,18.89,7.1,1.5,3.23,7.94,203
2/26/2005 16:00,30738.67,17.78,8.7,1.7,5.6,4.09,150
2/26/2005 17:00,30738.71,13.89,8.2,1.6,5.27,10,19
2/26/2005 18:00,30738.76,13.33,7.6,1.3,6.04,10,0
2/26/2005 19:00,30738.8,11.67,7.5,1,0.33,10,0
2/26/2005 20:00,30738.84,11.11,7.2,0.7,4.47,10,0
2/26/2005 21:00,30738.88,11.11,7.2,0.8,5.78,10,0
2/26/2005 22:00,30738.92,11.11,6.6,1.2,0.82,10,0
2/26/2005 23:00,30738.97,10,6,1.1,1.41,10,0
2/27/2005 0:00,30739,10.56,5.5,0.7,0.38,10,0
2/27/2005 1:00,30739.04,10.56,4.9,1.2,0,10,0
2/27/2005 2:00,30739.08,8.89,4.7,0.8,0.37,10,0
2/27/2005 3:00,30739.13,8.89,4.9,1,0.24,10,0
2/27/2005 4:00,30739.17,8.89,4.8,0.7,0.68,10,0
2/27/2005 5:00,30739.21,9.44,4.6,0.9,1.12,10,0
2/27/2005 6:00,30739.25,8.89,5.3,0.8,1.43,10,7
2/27/2005 7:00,30739.29,11.11,6.8,1.1,1.76,6.7,121
2/27/2005 8:00,30739.34,11.11,7.6,1.8,2.08,8.98,165
2/27/2005 9:00,30739.38,12.78,8.2,2.5,2.3,8.77,245
2/27/2005 10:00,30739.42,17.22,9.2,2.7,2.08,7.7,363
2/27/2005 11:00,30739.46,19.44,9.3,3.3,2.51,4.81,546
2/27/2005 12:00,30739.5,18.33,9.5,3.6,2.25,0,672
2/27/2005 13:00,30739.55,18.33,9.1,3.5,2.55,0,604
2/27/2005 14:00,30739.59,17.78,8.3,3.1,2.41,6.03,375
2/27/2005 15:00,30739.63,17.78,8,3.5,2.32,0,394
2/27/2005 16:00,30739.67,16.67,7.2,3.5,2.71,0,189
2/27/2005 17:00,30739.71,15,7.3,2.6,2.44,10,19
2/27/2005 18:00,30739.76,13.89,8.3,2.4,2.3,10,0
2/27/2005 19:00,30739.8,14.44,8.2,2.5,2.67,10,0
2/27/2005 20:00,30739.84,13.89,7.6,2.2,2.43,10,0
2/27/2005 21:00,30739.88,12.22,8.5,2,2.29,10,0
2/27/2005 22:00,30739.92,11.67,9.3,1.7,2.09,10,0
2/27/2005 23:00,30739.97,10,9.7,1.6,1.69,10,0
2/28/2005 0:00,30740,10.56,9.7,2.1,1.75,10,0
2/28/2005 1:00,30740.04,11.11,9.5,1.9,1.48,10,0
2/28/2005 2:00,30740.08,11.11,9.4,1.6,1.13,10,0
2/28/2005 3:00,30740.13,11.11,9.3,1.3,1.22,10,0
2/28/2005 4:00,30740.17,10,9.4,1.3,0.91,10,0
2/28/2005 5:00,30740.21,10,9.5,1.8,1.62,10,0
2/28/2005 6:00,30740.25,10.56,9.5,1.2,0.58,10,1
2/28/2005 7:00,30740.29,10,9,2.5,5.57,10,8
2/28/2005 8:00,30740.34,11.67,9.2,1.6,5.25,6.62,251
2/28/2005 9:00,30740.38,14.44,9.7,1.7,4.99,8.21,278
2/28/2005 10:00,30740.42,15.56,10,2.5,4.57,6.02,455
2/28/2005 11:00,30740.46,18.33,9.5,1.5,4.19,5.63,514
2/28/2005 12:00,30740.5,17.78,9.1,1.5,4.43,7.75,395
2/28/2005 13:00,30740.55,17.78,9.2,1.5,5.36,6.64,425
2/28/2005 14:00,30740.59,17.78,9.9,2.9,4.42,0,617
2/28/2005 15:00,30740.63,16.11,9.7,3.3,4.89,0,454
2/28/2005 16:00,30740.67,16.67,9.4,3.3,5.18,0,235
2/28/2005 17:00,30740.71,13.89,8.5,2.8,5.34,10,41
2/28/2005 18:00,30740.76,12.22,8.3,1.7,5.24,10,0
2/28/2005 19:00,30740.8,11.11,8,1.5,5.31,10,0
2/28/2005 20:00,30740.84,11.11,7.5,0.7,4.63,10,0
2/28/2005 21:00,30740.88,10.56,7.2,1.1,4.03,10,0
2/28/2005 22:00,30740.92,10.56,7,1.1,4.54,10,0
2/28/2005 23:00,30740.97,11.11,6.3,1.3,0.63,10,0
3/1/2005 0:00,30741,10,6,1,5.36,10,0
3/1/2005 1:00,30741.04,9.44,5.8,0.8,0.68,10,0
3/1/2005 2:00,30741.08,10.56,5.2,1.1,4.92,10,0
3/1/2005 3:00,30741.13,8.89,5.6,0.8,0.73,10,0
3/1/2005 4:00,30741.17,9.44,5.4,0.7,0.05,10,0
3/1/2005 5:00,30741.21,9.44,5.1,1,0.19,10,0
3/1/2005 6:00,30741.25,9.44,4.9,0.7,5.2,10,10
3/1/2005 7:00,30741.29,10,5.9,0.5,0.66,9.13,82
3/1/2005 8:00,30741.34,12.78,8.5,1.4,1.92,5.79,278
3/1/2005 9:00,30741.38,13.89,9.1,1.9,2.13,4.81,424
3/1/2005 10:00,30741.42,16.11,9.1,1.9,2.43,0,606
3/1/2005 11:00,30741.46,16.67,8.2,1.9,2.39,6.12,493
3/1/2005 12:00,30741.5,17.78,7.7,1.6,2.43,3.44,602
3/1/2005 13:00,30741.55,16.67,7.6,1.7,2.98,6.13,454
3/1/2005 14:00,30741.59,16.11,7.8,2,2.55,8.19,282
3/1/2005 15:00,30741.63,16.67,7.8,2.3,2.51,4.72,305
3/1/2005 16:00,30741.67,17.22,7.9,2.6,3.04,0,206
3/1/2005 17:00,30741.71,15,7.2,2.1,3.05,10,38
3/1/2005 18:00,30741.76,13.33,7.3,1.7,1.43,10,0
3/1/2005 19:00,30741.8,12.78,7.9,1.6,2.36,10,0
3/1/2005 20:00,30741.84,12.22,8,1.3,2.2,10,0
3/1/2005 21:00,30741.88,13.33,8,1.4,2.01,10,0
3/1/2005 22:00,30741.92,12.78,7.6,1.5,1.83,10,0
3/1/2005 23:00,30741.97,9.44,7.8,1.6,1.55,10,0
3/2/2005 0:00,30742,12.78,7.7,2.3,1.82,10,0
3/2/2005 1:00,30742.04,12.78,7.6,2.2,1.78,10,0
3/2/2005 2:00,30742.08,12.22,6.8,2.7,2.02,10,0
3/2/2005 3:00,30742.13,10.56,5.8,2.2,1.82,10,0
3/2/2005 4:00,30742.17,10,6.3,1.8,1.57,10,0
3/2/2005 5:00,30742.21,11.67,6.4,1.6,1.95,10,0
3/2/2005 6:00,30742.25,11.11,6.6,1.2,1.82,10,4
3/2/2005 7:00,30742.29,10.56,7.3,1.1,0.63,9.92,66
3/2/2005 8:00,30742.34,12.78,7.3,1.6,1.59,9.85,133
3/2/2005 9:00,30742.38,16.11,7.1,1.8,2.27,8.96,241
3/2/2005 10:00,30742.42,16.67,8.5,2.2,3.37,6.33,447
3/2/2005 11:00,30742.46,17.22,9.6,2.3,3.77,1.33,649
3/2/2005 12:00,30742.5,16.67,10,2.3,3.67,0,679
3/2/2005 13:00,30742.55,15.56,9.8,2.5,3.89,6.8,423
3/2/2005 14:00,30742.59,17.78,10.2,2.5,4.22,3.33,468
3/2/2005 15:00,30742.63,18.33,9.7,2,4.97,9.12,166
3/2/2005 16:00,30742.67,16.11,9,1.4,5.01,8.35,101
3/2/2005 17:00,30742.71,13.89,8.8,0.6,4.64,10,23
3/2/2005 18:00,30742.76,12.78,8.9,0.9,5.01,10,0
3/2/2005 19:00,30742.8,12.78,8.7,0.9,5.25,10,0
3/2/2005 20:00,30742.84,11.67,8.4,0.5,5.74,10,0
3/2/2005 21:00,30742.88,11.67,8.4,0.8,0.72,10,0
3/2/2005 22:00,30742.92,10.56,7.3,1,0.98,10,0
3/2/2005 23:00,30742.97,12.78,6.8,0.7,4.54,10,0
3/3/2005 0:00,30743,10,6.9,0.9,4.85,10,0
3/3/2005 1:00,30743.04,11.11,6.6,0.6,5.53,10,0
3/3/2005 2:00,30743.08,10.56,6.7,0.6,6.07,10,0
3/3/2005 3:00,30743.13,10.56,6.8,0.8,5.99,10,0
3/3/2005 4:00,30743.17,10,6,0.7,1.68,10,0
3/3/2005 5:00,30743.21,10,6,0.9,2.97,10,0
3/3/2005 6:00,30743.25,9.44,6.3,0.9,1.95,10,7
3/3/2005 7:00,30743.29,10.56,7.2,1.6,2.2,9.98,66
3/3/2005 8:00,30743.34,11.67,8,1.9,2.57,9.2,164
3/3/2005 9:00,30743.38,14.44,9.4,2.2,2.36,8.45,272
3/3/2005 10:00,30743.42,16.11,11.1,2.2,2.27,4.5,529
3/3/2005 11:00,30743.46,16.67,11.1,2,2.09,2.65,631
3/3/2005 12:00,30743.5,17.78,10.2,2.2,2.25,3.87,597
3/3/2005 13:00,30743.55,17.78,9.3,2.4,2.15,7.89,363
3/3/2005 14:00,30743.59,18.89,8.6,2.5,1.75,1.33,503
3/3/2005 15:00,30743.63,18.33,8.2,2.9,1.99,5.33,298
3/3/2005 16:00,30743.67,17.22,8,3,2.3,0,207
3/3/2005 17:00,30743.71,15.56,7,2.6,2.91,10,42
3/3/2005 18:00,30743.76,13.89,6.4,1.4,1.9,10,0
3/3/2005 19:00,30743.8,14.44,6.8,1.6,1.47,10,0
3/3/2005 20:00,30743.84,13.89,7.2,1.5,1.41,10,0
3/3/2005 21:00,30743.88,12.78,7.9,1.4,1.31,10,0
3/3/2005 22:00,30743.92,13.89,8.4,1.2,1.22,10,0
3/3/2005 23:00,30743.97,11.11,8.9,1.2,3.6,10,0
3/4/2005 0:00,30744,11.67,9.3,1.5,3.94,10,0
3/4/2005 1:00,30744.04,10.56,9.8,1.1,5.22,10,0
3/4/2005 2:00,30744.08,11.11,9.9,1.2,5.01,10,0
3/4/2005 3:00,30744.13,11.11,9.7,1.5,5.27,10,0
3/4/2005 4:00,30744.17,11.11,9.7,1.4,5.71,10,0
3/4/2005 5:00,30744.21,10.56,9.6,1.8,0.72,10,0
3/4/2005 6:00,30744.25,11.11,9.7,2.9,1.55,10,4
3/4/2005 7:00,30744.29,11.11,9.9,2.1,2.01,10,57
3/4/2005 8:00,30744.34,13.33,10.2,1.9,2.6,8.66,189
3/4/2005 9:00,30744.38,12.78,10.1,1.8,3.19,8.14,292
3/4/2005 10:00,30744.42,13.33,10.1,2.1,4.63,9.69,239
3/4/2005 11:00,30744.46,15,10.5,2.9,4.73,9.71,258
3/4/2005 12:00,30744.5,15.56,10.7,3.2,5.03,9.13,305
3/4/2005 13:00,30744.55,17.78,11.1,3.4,5.43,1.03,610
3/4/2005 14:00,30744.59,17.78,11.1,4,5.45,0,593
3/4/2005 15:00,30744.63,16.67,10.5,4.8,5.39,0,425
3/4/2005 16:00,30744.67,17.78,10.6,5.2,5.1,0,252
3/4/2005 17:00,30744.71,12.22,10,4.4,5.01,10,50
3/4/2005 18:00,30744.76,11.11,9.7,4,4.87,10,0
3/4/2005 19:00,30744.8,10,9.7,3.4,5.03,10,0
3/4/2005 20:00,30744.84,10,9.6,3,5.17,10,0
3/4/2005 21:00,30744.88,9.44,10,3.5,5.22,10,0
3/4/2005 22:00,30744.92,11.11,9.9,3,5.2,10,0
3/4/2005 23:00,30744.97,13.89,9.7,2.9,5.11,10,0
3/5/2005 0:00,30745,11.11,9.7,3,5.36,10,0
3/5/2005 1:00,30745.04,11.11,9.4,2.6,5.43,10,0
3/5/2005 2:00,30745.08,10,9.4,2,5.25,10,0
3/5/2005 3:00,30745.13,11.11,9.2,1.3,5.5,10,0
3/5/2005 4:00,30745.17,11.11,8.5,0.9,4.9,10,0
3/5/2005 5:00,30745.21,11.11,7.4,0.8,0.31,10,0
3/5/2005 6:00,30745.25,11.11,6.6,0.6,1.34,10,15
3/5/2005 7:00,30745.29,11.67,8.9,1,2.86,6.44,143
3/5/2005 8:00,30745.34,12.22,10.1,2,2.46,10,113
3/5/2005 9:00,30745.38,13.33,9.9,1.8,2.95,9.21,232
3/5/2005 10:00,30745.42,13.89,9.9,1.6,2.76,5.31,505
3/5/2005 11:00,30745.46,14.44,9.8,2.1,1.76,6.73,473
3/5/2005 12:00,30745.5,18.89,9.6,2.7,1.75,7.02,456
3/5/2005 13:00,30745.55,18.89,9.4,2.5,1.71,9.3,271
3/5/2005 14:00,30745.59,17.78,9.2,1.9,1.66,6.51,375
3/5/2005 15:00,30745.63,17.78,9.1,1.6,1.27,9.96,133
3/5/2005 16:00,30745.67,16.11,8.8,0.9,2.16,5.26,162
3/5/2005 17:00,30745.71,13.89,8.6,1.4,2.3,0,39
3/5/2005 18:00,30745.76,14.44,8.7,1.1,1.95,10,0
3/5/2005 19:00,30745.8,13.89,8.6,1.2,1.52,10,0
3/5/2005 20:00,30745.84,14.44,8.4,1,0.98,10,0
3/5/2005 21:00,30745.88,12.78,8.9,0.5,5.25,10,0
3/5/2005 22:00,30745.92,11.67,8.4,0.8,0.21,10,0
3/5/2005 23:00,30745.97,11.11,7.8,1.2,1.88,10,0
3/6/2005 0:00,30746,10.56,7,0.8,0.79,10,0
3/6/2005 1:00,30746.04,11.11,6.4,0.9,6.14,10,0
3/6/2005 2:00,30746.08,10,6,0.8,0.77,10,0
3/6/2005 3:00,30746.13,9.44,5.7,0.5,5.93,10,0
3/6/2005 4:00,30746.17,10,4.9,0.8,0.87,10,0
3/6/2005 5:00,30746.21,8.89,5.1,1,0.87,10,0
3/6/2005 6:00,30746.25,9.44,4.4,0.7,1.34,0,30
3/6/2005 7:00,30746.29,10,6.7,0.7,5.72,8.99,95
3/6/2005 8:00,30746.34,12.78,9.4,0.8,1.69,4,338
3/6/2005 9:00,30746.38,17.22,9.7,0.9,2.62,0,539
3/6/2005 10:00,30746.42,19.44,9.8,1.1,0.1,0,670
3/6/2005 11:00,30746.46,22.22,9.9,1.4,5.72,0,718
3/6/2005 12:00,30746.5,21.11,9.5,1.4,6.07,0,711
3/6/2005 13:00,30746.55,22.78,10.2,1.6,5.11,0,625
3/6/2005 14:00,30746.59,17.78,10,1.2,5.86,0,574
3/6/2005 15:00,30746.63,21.11,9.3,1.3,5.34,0,405
3/6/2005 16:00,30746.67,20.56,10.3,2.3,5.15,0,221
3/6/2005 17:00,30746.71,15.56,10.6,2.2,5.22,0,57
3/6/2005 18:00,30746.76,15.56,10.3,1.3,5.29,10,0
3/6/2005 19:00,30746.8,15,10.2,0.5,1.83,10,0
3/6/2005 20:00,30746.84,13.89,9.9,0.6,5.32,10,0
3/6/2005 21:00,30746.88,12.22,9.3,0.8,6.28,10,0
3/6/2005 22:00,30746.92,12.78,8.8,0.9,0.66,10,0
3/6/2005 23:00,30746.97,11.11,8.2,0.6,0.19,10,0
3/7/2005 0:00,30747,11.11,7.9,0.8,0.17,10,0
3/7/2005 1:00,30747.04,11.11,7.3,0.8,1.2,10,0
3/7/2005 2:00,30747.08,11.67,7.1,1.3,1.85,10,0
3/7/2005 3:00,30747.13,11.67,7,1.2,1.31,10,0
3/7/2005 4:00,30747.17,11.11,6.7,1.5,1.38,10,0
3/7/2005 5:00,30747.21,10.56,5.7,1,1.38,10,0
3/7/2005 6:00,30747.25,10.56,6.1,1,0.16,0,25
3/7/2005 7:00,30747.29,12.78,8.3,0.9,0.61,5.71,161
3/7/2005 8:00,30747.34,13.33,9.9,0.8,1.95,3.34,354
3/7/2005 9:00,30747.38,16.11,10.3,1.4,2.29,0,531
3/7/2005 10:00,30747.42,22.78,11,1.2,2.44,0,660
3/7/2005 11:00,30747.46,21.67,11,1.4,3.56,0,720
3/7/2005 12:00,30747.5,23.33,10.9,1.4,0.12,2,662
3/7/2005 13:00,30747.55,22.78,11.4,1.4,5.2,0,668
3/7/2005 14:00,30747.59,21.67,11.4,1.4,5.45,5.06,439
3/7/2005 15:00,30747.63,23.33,11.3,1.4,5.04,1.08,380
3/7/2005 16:00,30747.67,22.22,12,1.5,5.5,2.44,198
3/7/2005 17:00,30747.71,17.78,11.8,1.9,5.25,0,48
3/7/2005 18:00,30747.76,16.11,10.9,1.3,5.39,10,0
3/7/2005 19:00,30747.8,16.11,10.7,0.5,5.78,10,0
3/7/2005 20:00,30747.84,15,10.4,0.8,0.68,10,0
3/7/2005 21:00,30747.88,14.44,9.8,0.9,6.2,10,0
3/7/2005 22:00,30747.92,13.89,9.6,0.8,6.09,10,0
3/7/2005 23:00,30747.97,11.67,9.5,0.7,0.61,10,0
3/8/2005 0:00,30748,13.33,8.8,0.6,6.21,10,0
3/8/2005 1:00,30748.04,12.22,7.4,0.7,5.69,10,0
3/8/2005 2:00,30748.08,12.78,7.4,0.7,5.81,10,0
3/8/2005 3:00,30748.13,11.67,7.4,0.7,1.61,10,0
3/8/2005 4:00,30748.17,12.22,6.3,0.9,0.47,10,0
3/8/2005 5:00,30748.21,10.56,5.6,0.9,5.99,10,0
3/8/2005 6:00,30748.25,11.11,6.1,0.7,5.31,0,22
3/8/2005 7:00,30748.29,12.22,8.7,0.6,5.31,4.75,178
3/8/2005 8:00,30748.34,15,12.3,0.7,4.31,3.03,363
3/8/2005 9:00,30748.38,23.33,11.4,1.2,4.42,0,538
3/8/2005 10:00,30748.42,24.44,12,1.7,5.1,0,673
3/8/2005 11:00,30748.46,23.89,12.5,2.1,5.03,0,702
3/8/2005 12:00,30748.5,25.56,12.3,1.9,5.39,0,721
3/8/2005 13:00,30748.55,25,12.7,2,5.18,0,689
3/8/2005 14:00,30748.59,23.33,12.9,2.1,4.9,0,574
3/8/2005 15:00,30748.63,23.33,13,2,5.41,0,415
3/8/2005 16:00,30748.67,21.67,13,1.6,4.96,0,216
3/8/2005 17:00,30748.71,18.89,13.2,1.8,4.97,0,54
3/8/2005 18:00,30748.76,17.22,12.2,1.4,5.41,10,0
3/8/2005 19:00,30748.8,16.67,12.2,1.1,5.04,10,0
3/8/2005 20:00,30748.84,16.11,12.2,0.7,4.63,10,0
3/8/2005 21:00,30748.88,15.56,11.9,0.6,1.34,10,0
3/8/2005 22:00,30748.92,15,11.2,0.9,1.01,10,0
3/8/2005 23:00,30748.97,12.78,10.2,0.9,0.03,10,0
3/9/2005 0:00,30749,14.44,10.2,1.2,0.84,10,0
3/9/2005 1:00,30749.04,14.44,8.9,1,6.06,10,0
3/9/2005 2:00,30749.08,13.89,7.7,0.7,0.07,10,0
3/9/2005 3:00,30749.13,12.22,7.8,0.9,0.7,10,0
3/9/2005 4:00,30749.17,11.67,8.1,0.9,1.34,10,0
3/9/2005 5:00,30749.21,11.67,7.8,0.8,0.38,10,0
3/9/2005 6:00,30749.25,12.78,7.6,0.7,6.27,0,22
3/9/2005 7:00,30749.29,13.89,10,0.7,0.33,5.57,170
3/9/2005 8:00,30749.34,15.56,12.7,1.4,2.27,3.35,362
3/9/2005 9:00,30749.38,21.11,13.5,1.6,2.53,0,535
3/9/2005 10:00,30749.42,22.22,13.8,1.1,4.47,0,652
3/9/2005 11:00,30749.46,22.78,13.8,1.6,4.89,0,719
3/9/2005 12:00,30749.5,26.11,13.6,1.9,5.57,0,731
3/9/2005 13:00,30749.55,28.33,12.9,1.6,5.08,0,688
3/9/2005 14:00,30749.59,26.11,12.3,1.4,5.36,0,576
3/9/2005 15:00,30749.63,23.89,13,2.5,5.1,0,416
3/9/2005 16:00,30749.67,22.78,14.2,2.8,5.17,0,219
3/9/2005 17:00,30749.71,19.44,14.1,2.4,5.41,0,53
3/9/2005 18:00,30749.76,17.78,14.7,1.7,5.5,10,0
3/9/2005 19:00,30749.8,17.78,14.4,1,5.11,10,0
3/9/2005 20:00,30749.84,16.67,14,1,4.38,10,0
3/9/2005 21:00,30749.88,15.56,13.4,0.9,4.8,10,0
3/9/2005 22:00,30749.92,15,13.1,0.8,1.24,10,0
3/9/2005 23:00,30749.97,13.89,12.1,1,1.05,10,0
3/10/2005 0:00,30750,15,11,0.7,6.21,10,0
3/10/2005 1:00,30750.04,14.44,10,0.6,0.54,10,0
3/10/2005 2:00,30750.08,13.33,9.8,0.6,6.11,10,0
3/10/2005 3:00,30750.13,13.33,9.8,0.8,1.62,10,0
3/10/2005 4:00,30750.17,12.78,8.8,0.9,0.1,10,0
3/10/2005 5:00,30750.21,12.78,8.6,0.8,1.15,10,0
3/10/2005 6:00,30750.25,12.78,9.8,0.7,0.96,9.38,8
3/10/2005 7:00,30750.29,13.33,11.4,2.1,2.51,10,45
3/10/2005 8:00,30750.34,18.33,12.4,2.2,2.65,10,98
3/10/2005 9:00,30750.38,16.11,13.6,2,2.6,10,174
3/10/2005 10:00,30750.42,17.22,14.1,1.6,2.3,9.46,268
3/10/2005 11:00,30750.46,21.67,14.6,2.3,2.44,8.99,329
3/10/2005 12:00,30750.5,21.67,15.1,2.6,2.32,5.32,566
3/10/2005 13:00,30750.55,22.78,15.3,3,2.64,0,677
3/10/2005 14:00,30750.59,22.78,15.1,2.3,2.34,0,559
3/10/2005 15:00,30750.63,23.89,14.7,1.3,2.15,0,398
3/10/2005 16:00,30750.67,22.78,14.3,0.7,4.42,1.11,217
3/10/2005 17:00,30750.71,20.56,14.3,1.3,5.32,0,46
3/10/2005 18:00,30750.76,17.78,14.9,1.8,5.01,10,1
3/10/2005 19:00,30750.8,18.33,14.5,1.3,5.13,10,0
3/10/2005 20:00,30750.84,17.22,13.9,0.7,5.27,10,0
3/10/2005 21:00,30750.88,15.56,13.4,0.8,1.61,10,0
3/10/2005 22:00,30750.92,16.11,12.3,1,0.33,10,0
3/10/2005 23:00,30750.97,15.56,11.8,0.6,0.79,10,0
3/11/2005 0:00,30751,15,11.1,1,5.97,10,0
3/11/2005 1:00,30751.04,13.89,10.6,1,1.08,10,0
3/11/2005 2:00,30751.08,13.33,10.3,1,1.13,10,0
3/11/2005 3:00,30751.13,13.33,8.9,0.9,0.45,10,0
3/11/2005 4:00,30751.17,13.33,8.1,0.8,5.53,10,0
3/11/2005 5:00,30751.21,12.22,8.5,0.8,0.94,10,0
3/11/2005 6:00,30751.25,13.33,8.3,1.1,1.01,3.52,21
3/11/2005 7:00,30751.29,13.33,11.5,1,1.52,6.32,164
3/11/2005 8:00,30751.34,15.56,14.2,1.6,1.73,4.48,347
3/11/2005 9:00,30751.38,21.11,15,1.7,2.09,2.05,529
3/11/2005 10:00,30751.42,25.56,15.8,1.5,2.27,0,662
3/11/2005 11:00,30751.46,23.89,15.7,1.5,2.41,0,730
3/11/2005 12:00,30751.5,25,15.6,1.3,5.13,0,724
3/11/2005 13:00,30751.55,27.22,15.8,1.4,4.14,0,666
3/11/2005 14:00,30751.59,23.33,20.5,1.2,0.93,0,552
3/11/2005 15:00,30751.63,26.11,24.1,1.1,0.23,2,390
3/11/2005 16:00,30751.67,26.11,21,1.7,0.16,3.62,204
3/11/2005 17:00,30751.71,21.67,17,1.6,0.21,0,52
3/11/2005 18:00,30751.76,18.89,15.9,1,6.04,10,1
3/11/2005 19:00,30751.8,19.44,15.3,0.5,2.06,10,0
3/11/2005 20:00,30751.84,18.33,15.1,0.7,6.16,10,0
3/11/2005 21:00,30751.88,17.78,14.2,0.7,6.23,10,0
3/11/2005 22:00,30751.92,17.22,13.2,0.6,0.26,10,0
3/11/2005 23:00,30751.97,15.56,12.6,1,0.14,10,0
3/12/2005 0:00,30752,16.67,11.4,0.6,6.27,10,0
3/12/2005 1:00,30752.04,15,10.3,0.7,0.02,10,0
3/12/2005 2:00,30752.08,15,9.7,0.7,6.07,10,0
3/12/2005 3:00,30752.13,14.44,10,0.8,0.79,10,0
3/12/2005 4:00,30752.17,13.89,9.6,0.7,0.89,10,0
3/12/2005 5:00,30752.21,14.44,9.2,0.9,1.1,10,0
3/12/2005 6:00,30752.25,13.33,9.1,0.6,5.95,0.17,27
3/12/2005 7:00,30752.29,16.11,11.6,0.8,1.03,5.27,185
3/12/2005 8:00,30752.34,17.78,13.5,1.6,2.11,3.3,375
3/12/2005 9:00,30752.38,23.89,17,1.2,1.71,0.28,548
3/12/2005 10:00,30752.42,26.11,19.7,1.1,1.62,0,675
3/12/2005 11:00,30752.46,22.78,20.7,1.3,0.68,0,742
3/12/2005 12:00,30752.5,23.33,20.6,1.9,5.24,0,739
3/12/2005 13:00,30752.55,25.56,19.5,2.4,5.32,0,697
3/12/2005 14:00,30752.59,27.22,18,2.4,5.06,0,576
3/12/2005 15:00,30752.63,26.67,15.9,2.3,5.41,1.2,401
3/12/2005 16:00,30752.67,24.44,15.6,2,5.39,0,229
3/12/2005 17:00,30752.71,21.67,16.3,1.6,5.71,0,59
3/12/2005 18:00,30752.76,19.44,16.1,1.7,5.52,10,1
3/12/2005 19:00,30752.8,20,15.9,1.8,5.24,10,0
3/12/2005 20:00,30752.84,16.11,15.2,2.3,4.94,10,0
3/12/2005 21:00,30752.88,15.56,13.5,2.1,5.24,10,0
3/12/2005 22:00,30752.92,14.44,12.1,1.8,4.97,10,0
3/12/2005 23:00,30752.97,16.11,11.2,2,4.87,10,0
3/13/2005 0:00,30753,13.33,10.9,2,5.06,10,0
3/13/2005 1:00,30753.04,13.33,10.7,2.2,5.45,10,0
3/13/2005 2:00,30753.08,13.33,10,1.5,5.57,10,0
3/13/2005 3:00,30753.13,11.67,10.5,2.1,5.45,10,0
3/13/2005 4:00,30753.17,12.22,10.2,2.1,5.34,10,0
3/13/2005 5:00,30753.21,12.22,9.9,2.5,5.52,10,0
3/13/2005 6:00,30753.25,11.11,9.9,3.2,5.52,9.47,13
3/13/2005 7:00,30753.29,12.22,10.2,3.5,5.5,10,44
3/13/2005 8:00,30753.34,12.22,10.7,3.5,5.22,10,86
3/13/2005 9:00,30753.38,13.33,11.1,3.7,5.03,10,163
3/13/2005 10:00,30753.42,13.89,11.3,3.2,5.22,10,188
3/13/2005 11:00,30753.46,13.89,11.7,2.4,5.36,10,225
3/13/2005 12:00,30753.5,15,12,2.7,5.62,9.85,261
3/13/2005 13:00,30753.55,15.56,12.2,2.5,5.41,9.16,298
3/13/2005 14:00,30753.59,15.56,12,2.5,5.46,8.36,302
3/13/2005 15:00,30753.63,17.22,12,2.4,5.79,9.97,145
3/13/2005 16:00,30753.67,16.67,12.1,2.5,5.86,10,54
3/13/2005 17:00,30753.71,15,11.5,1.3,5.76,0,47
3/13/2005 18:00,30753.76,13.89,10.9,0.7,0.58,10,1
3/13/2005 19:00,30753.8,12.78,10.8,0.7,0.77,10,0
3/13/2005 20:00,30753.84,12.22,10.7,1,3.79,10,0
3/13/2005 21:00,30753.88,12.78,10.4,0.8,0.1,10,0
3/13/2005 22:00,30753.92,13.89,11.3,0.9,0.31,10,0
3/13/2005 23:00,30753.97,13.33,11.6,1.1,1.78,10,0
3/14/2005 0:00,30754,12.22,12.1,1,2.72,10,0
3/14/2005 1:00,30754.04,12.78,12.1,1.4,2.55,10,0
3/14/2005 2:00,30754.08,12.78,11.5,1.6,5.08,10,0
3/14/2005 3:00,30754.13,12.78,11.3,2.2,5.03,10,0
3/14/2005 4:00,30754.17,11.67,11,2.5,5.15,10,0
3/14/2005 5:00,30754.21,12.22,10.2,2.6,5.03,10,0
3/14/2005 6:00,30754.25,12.22,8.7,2.8,5.1,9.18,16
3/14/2005 7:00,30754.29,11.67,8.9,2.7,4.94,9.97,83
3/14/2005 8:00,30754.34,13.33,9.4,2.2,5.39,7.34,268
3/14/2005 9:00,30754.38,15.56,10,2.1,5.64,2.84,528
3/14/2005 10:00,30754.42,18.33,10.8,1.7,5.79,0,669
3/14/2005 11:00,30754.46,19.44,11.3,1.8,5.22,0,747
3/14/2005 12:00,30754.5,20,11.7,2.3,5.17,0,747
3/14/2005 13:00,30754.55,20,11.5,2.5,5.1,0,697
3/14/2005 14:00,30754.59,21.11,10.9,2.5,4.83,0,585
3/14/2005 15:00,30754.63,20.56,9.9,2.6,4.9,0,430
3/14/2005 16:00,30754.67,20.56,8.1,2.9,5.29,0,244
3/14/2005 17:00,30754.71,16.67,3.1,2.5,5.13,0,73
3/14/2005 18:00,30754.76,15.56,2.9,0.7,4.56,10,1
3/14/2005 19:00,30754.8,15,3.9,0.8,3.07,10,0
3/14/2005 20:00,30754.84,13.89,5.7,1,0.66,10,0
3/14/2005 21:00,30754.88,12.22,5.7,1.2,1.27,10,0
3/14/2005 22:00,30754.92,12.22,5.9,0.9,1.22,10,0
3/14/2005 23:00,30754.97,12.78,5.5,1,0.38,10,0
3/15/2005 0:00,30755,11.11,5.4,0.8,1.12,10,0
3/15/2005 1:00,30755.04,10.56,4.6,1.1,0.26,10,0
3/15/2005 2:00,30755.08,10.56,4.2,1,1.05,10,0
3/15/2005 3:00,30755.13,10,4.9,1.7,1.33,10,0
3/15/2005 4:00,30755.17,10,5.6,1.7,1.43,10,0
3/15/2005 5:00,30755.21,9.44,5.3,0.9,0.87,10,0
3/15/2005 6:00,30755.25,10.56,4.4,1.2,0.66,0,46
3/15/2005 7:00,30755.29,13.33,6.9,1.2,1.82,4.58,206
3/15/2005 8:00,30755.34,14.44,8.2,2.7,2.11,2.16,404
3/15/2005 9:00,30755.38,19.44,9.8,2.5,2.39,0,573
3/15/2005 10:00,30755.42,18.33,8.7,2.1,2.69,0,701
3/15/2005 11:00,30755.46,20,7.2,1.8,2.3,0,772
3/15/2005 12:00,30755.5,22.22,4.5,1.4,3.07,0,774
3/15/2005 13:00,30755.55,22.22,3.9,1.6,3.19,0,709
3/15/2005 14:00,30755.59,21.67,3.5,1.3,3.77,0,598
3/15/2005 15:00,30755.63,22.22,3.8,1.5,4.26,0,438
3/15/2005 16:00,30755.67,22.22,2.9,2.1,5.32,0,250
3/15/2005 17:00,30755.71,16.67,3.6,2.1,5.24,0,63
3/15/2005 18:00,30755.76,15,3.7,1,5.45,10,1
3/15/2005 19:00,30755.8,15,4.8,1,0.17,10,0
3/15/2005 20:00,30755.84,13.33,5.1,0.9,4.19,10,0
3/15/2005 21:00,30755.88,13.89,5.1,1.1,5.5,10,0
3/15/2005 22:00,30755.92,13.33,5.5,0.7,2.78,10,0
3/15/2005 23:00,30755.97,11.11,5.5,0.7,2.53,10,0
3/16/2005 0:00,30756,12.22,4.6,1,5.81,10,0
3/16/2005 1:00,30756.04,11.11,4.1,0.9,0.77,10,0
3/16/2005 2:00,30756.08,11.11,3.9,1.3,0.7,10,0
3/16/2005 3:00,30756.13,11.67,4.4,1.2,1.22,10,0
3/16/2005 4:00,30756.17,12.22,3.4,1.1,1.26,10,0
3/16/2005 5:00,30756.21,12.22,4,0.8,0.58,10,0
3/16/2005 6:00,30756.25,11.67,4.3,0.8,6.16,6.95,30
3/16/2005 7:00,30756.29,11.67,6.5,0.9,0.05,8.68,124
3/16/2005 8:00,30756.34,15.56,7.4,1.3,1.76,5.57,336
3/16/2005 9:00,30756.38,20,7.9,1.9,1.83,2.55,542
3/16/2005 10:00,30756.42,18.33,8.1,2.1,2.51,4.21,591
3/16/2005 11:00,30756.46,20.56,7.3,1.5,2.86,1.85,704
3/16/2005 12:00,30756.5,20,6.5,2,2.29,4.37,631
3/16/2005 13:00,30756.55,21.11,5.5,1.5,2.46,6.71,473
3/16/2005 14:00,30756.59,19.44,4.7,1.4,0.28,4.99,475
3/16/2005 15:00,30756.63,19.44,5.1,1.5,0.35,6.62,302
3/16/2005 16:00,30756.67,18.89,8.2,2.1,0.19,7.54,154
3/16/2005 17:00,30756.71,16.67,8.2,1.6,0.16,4.37,40
3/16/2005 18:00,30756.76,15,7.7,0.8,5.86,10,1
3/16/2005 19:00,30756.8,15.56,7.9,0.8,5.71,10,0
3/16/2005 20:00,30756.84,14.44,7.9,0.8,5.62,10,0
3/16/2005 21:00,30756.88,13.33,8.4,0.7,1.43,10,0
3/16/2005 22:00,30756.92,11.67,7.7,1,4.47,10,0
3/16/2005 23:00,30756.97,12.78,6.6,0.9,0.23,10,0
3/17/2005 0:00,30757,12.22,6.6,1,0.4,10,0
3/17/2005 1:00,30757.04,12.22,6.3,1.1,1.22,10,0
3/17/2005 2:00,30757.08,11.67,5.4,0.9,5.01,10,0
3/17/2005 3:00,30757.13,11.67,4.6,1,0.42,10,0
3/17/2005 4:00,30757.17,10.56,4.3,0.7,0.77,10,0
3/17/2005 5:00,30757.21,10,4.2,0.7,3.94,10,0
3/17/2005 6:00,30757.25,9.44,4.7,0.7,0.94,5.93,37
3/17/2005 7:00,30757.29,11.11,6.2,0.7,0.98,9.79,93
3/17/2005 8:00,30757.34,12.78,7.2,1.5,1.15,8.89,207
3/17/2005 9:00,30757.38,15.56,7.3,2.3,2.29,5.38,463
3/17/2005 10:00,30757.42,15.56,7.7,1.8,2.83,6.55,485
3/17/2005 11:00,30757.46,16.67,7.6,1.2,1.88,8.22,406
3/17/2005 12:00,30757.5,16.11,8,1.8,0.98,9.71,281
3/17/2005 13:00,30757.55,17.22,7.8,2.3,1.2,8.5,357
3/17/2005 14:00,30757.59,17.78,6.8,1.6,2.83,8.5,303
3/17/2005 15:00,30757.63,17.78,5.4,2.1,3.94,8.07,246
3/17/2005 16:00,30757.67,15.56,5.2,1.7,4.68,9.72,96
3/17/2005 17:00,30757.71,15.56,5.8,1.4,6.16,8.93,24
3/17/2005 18:00,30757.76,15,7.9,1.2,0.07,10,0
3/17/2005 19:00,30757.8,13.89,8,0.8,5.59,10,0
3/17/2005 20:00,30757.84,13.89,8.1,0.5,2.23,10,0
3/17/2005 21:00,30757.88,13.89,8.5,1,0.02,10,0
3/17/2005 22:00,30757.92,13.89,8.6,0.9,0.47,10,0
3/17/2005 23:00,30757.97,12.78,8.7,1,0.05,10,0
3/18/2005 0:00,30758,13.33,8.5,1,0.21,10,0
3/18/2005 1:00,30758.04,12.78,7.9,1.3,3.14,10,0
3/18/2005 2:00,30758.08,11.11,8,1.2,0.68,10,0
3/18/2005 3:00,30758.13,11.67,8.2,1.1,6.02,10,0
3/18/2005 4:00,30758.17,12.78,7.5,1.3,0.7,10,0
3/18/2005 5:00,30758.21,12.78,7.3,1.2,0.66,10,0
3/18/2005 6:00,30758.25,12.22,7.5,0.8,1.57,7.52,33
3/18/2005 7:00,30758.29,13.33,8,1.9,2.13,9.5,104
3/18/2005 8:00,30758.34,15,8.2,2.8,2.27,8.79,214
3/18/2005 9:00,30758.38,16.67,7.7,3,2.2,9.49,238
3/18/2005 10:00,30758.42,16.67,7.4,3.2,2.25,8.93,326
3/18/2005 11:00,30758.46,16.11,2.8,3.2,2.46,7.69,449
3/18/2005 12:00,30758.5,16.11,1.3,3,2.3,8.74,367
3/18/2005 13:00,30758.55,18.33,5.6,3.7,2.27,6.41,496
3/18/2005 14:00,30758.59,17.78,6.4,4.7,2.76,6.47,419
3/18/2005 15:00,30758.63,16.11,6.1,4.4,2.64,8.04,250
3/18/2005 16:00,30758.67,15,5.8,3.8,2.69,7.56,159
3/18/2005 17:00,30758.71,13.33,6.6,3.6,2.65,2.44,52
3/18/2005 18:00,30758.76,12.78,6.5,3.6,2.65,10,1
3/18/2005 19:00,30758.8,11.67,6.6,3.3,2.23,10,0
3/18/2005 20:00,30758.84,11.11,7.7,3.2,2.23,10,0
3/18/2005 21:00,30758.88,11.67,8,3.1,2.3,10,0
3/18/2005 22:00,30758.92,10.56,8.3,2.6,2.08,10,0
3/18/2005 23:00,30758.97,12.78,8.4,2.5,2.34,10,0
3/19/2005 0:00,30759,10.56,8.5,2.3,1.95,10,0
3/19/2005 1:00,30759.04,10.56,8.2,2.4,1.8,10,0
3/19/2005 2:00,30759.08,9.44,8.4,2.4,1.54,10,0
3/19/2005 3:00,30759.13,9.44,8.7,1.9,2.02,10,0
3/19/2005 4:00,30759.17,10,8.9,2.1,2.3,10,0
3/19/2005 5:00,30759.21,10,8.9,2.5,2.25,10,0
3/19/2005 6:00,30759.25,9.44,9,2.4,2.08,10,5
3/19/2005 7:00,30759.29,10,9.4,3.2,1.88,10,45
3/19/2005 8:00,30759.34,11.11,9.9,3.2,1.92,10,113
3/19/2005 9:00,30759.38,12.22,10.4,3.4,1.85,9.93,208
3/19/2005 10:00,30759.42,14.44,11.5,4.1,2.04,6.58,489
3/19/2005 11:00,30759.46,15,11.9,4.3,2.25,6.56,528
3/19/2005 12:00,30759.5,15.56,11.7,4.6,2.23,8.56,384
3/19/2005 13:00,30759.55,13.89,12,3.5,2.39,10,169
3/19/2005 14:00,30759.59,15,12.3,4.3,2.27,8.82,287
3/19/2005 15:00,30759.63,10.56,10.7,4.2,1.54,10,52
3/19/2005 16:00,30759.67,11.11,9.5,1.9,0.63,10,36
3/19/2005 17:00,30759.71,12.22,9.6,1.7,1.29,10,20
3/19/2005 18:00,30759.76,12.22,9,1.4,1.31,10,1
3/19/2005 19:00,30759.8,11.67,8.2,1.2,1.66,10,0
3/19/2005 20:00,30759.84,12.22,7.9,1.1,2.53,10,0
3/19/2005 21:00,30759.88,10,8.7,1.7,2.58,10,0
3/19/2005 22:00,30759.92,9.44,7.9,1.1,1.12,10,0
3/19/2005 23:00,30759.97,10,8.4,1.2,1.55,10,0
3/20/2005 0:00,30760,10,8.6,1.7,1.8,10,0
3/20/2005 1:00,30760.04,10,8.5,2.2,2.25,10,0
3/20/2005 2:00,30760.08,10,8.5,2.6,2.29,10,0
3/20/2005 3:00,30760.13,9.44,7.9,2.9,2.29,10,0
3/20/2005 4:00,30760.17,10,7.7,2.3,2.08,10,0
3/20/2005 5:00,30760.21,10,7.4,2.2,1.95,10,0
3/20/2005 6:00,30760.25,11.11,7.5,2.2,2.04,9.1,28
3/20/2005 7:00,30760.29,11.11,8.4,2.9,2.11,7.17,173
3/20/2005 8:00,30760.34,12.22,8.8,3.4,2.36,8.17,248
3/20/2005 9:00,30760.38,15,9.2,3.1,2.23,7.38,377
3/20/2005 10:00,30760.42,16.11,9.5,2.7,2.25,4.84,581
3/20/2005 11:00,30760.46,12.78,8.6,2.1,2.11,4.34,647
3/20/2005 12:00,30760.5,13.89,7.9,2.1,1.26,6.84,513
3/20/2005 13:00,30760.55,15.56,8.6,3.8,0.79,10,210
3/20/2005 14:00,30760.59,14.44,9,3.9,1.08,8.64,301
3/20/2005 15:00,30760.63,14.44,8,2.9,1.36,10,124
3/20/2005 16:00,30760.67,13.89,9.2,2,1.2,7.01,178
3/20/2005 17:00,30760.71,12.78,8.8,2,1.45,7.11,42
3/20/2005 18:00,30760.76,13.33,9,2.6,1.75,10,1
3/20/2005 19:00,30760.8,10.56,8.7,2.4,1.03,10,0
3/20/2005 20:00,30760.84,11.11,8.7,2.7,6.16,10,0
3/20/2005 21:00,30760.88,10.56,8.8,2,1.12,10,0
3/20/2005 22:00,30760.92,10.56,8.7,2,1.33,10,0
3/20/2005 23:00,30760.97,10.56,8.3,1.5,1.26,10,0
3/21/2005 0:00,30761,11.67,8.4,1,1.2,10,0
3/21/2005 1:00,30761.04,10.56,8.5,1.1,6.09,10,0
3/21/2005 2:00,30761.08,11.11,7.1,1.2,0.49,10,0
3/21/2005 3:00,30761.13,10,6.7,0.9,4.43,10,0
3/21/2005 4:00,30761.17,10.56,5.9,0.9,0.96,10,0
3/21/2005 5:00,30761.21,9.44,5.2,0.8,4.75,10,1
3/21/2005 6:00,30761.25,9.44,5.7,0.9,6.16,5.29,53
3/21/2005 7:00,30761.29,11.67,8.6,0.7,3.67,2.17,256
3/21/2005 8:00,30761.34,17.22,9.5,0.8,3.86,3.2,413
3/21/2005 9:00,30761.38,18.33,8.6,1.1,3.53,3.1,551
3/21/2005 10:00,30761.42,17.78,7.8,1.1,2.16,2.57,660
3/21/2005 11:00,30761.46,18.89,7.3,1.2,5.6,0,745
3/21/2005 12:00,30761.5,18.33,6.9,1.6,2.15,5.69,586
3/21/2005 13:00,30761.55,18.33,6.7,1.5,3.37,5.99,529
3/21/2005 14:00,30761.59,18.33,6.7,1.8,2.74,7.26,387
3/21/2005 15:00,30761.63,16.67,6.1,1.9,2.46,8.92,214
3/21/2005 16:00,30761.67,16.11,6.9,1.8,2.69,9.85,98
3/21/2005 17:00,30761.71,15,7.4,2.1,2.58,9.57,27
3/21/2005 18:00,30761.76,14.44,7.4,1.8,2.81,10,0
3/21/2005 19:00,30761.8,13.33,7.5,1.8,2.58,10,0
3/21/2005 20:00,30761.84,12.78,9.2,1.7,2.06,10,0
3/21/2005 21:00,30761.88,12.78,9.8,1.5,1.61,10,0
3/21/2005 22:00,30761.92,13.89,9.6,1.7,1.68,10,0
3/21/2005 23:00,30761.97,11.11,9.4,2.3,3.04,10,0
3/22/2005 0:00,30762,11.67,9.9,2,2.11,10,0
3/22/2005 1:00,30762.04,10.56,10,2.9,1.78,10,0
3/22/2005 2:00,30762.08,10,9.9,3.7,1.85,10,0
3/22/2005 3:00,30762.13,9.44,9.6,4.2,1.55,10,0
3/22/2005 4:00,30762.17,10,8.7,4.1,1.57,10,0
3/22/2005 5:00,30762.21,11.11,8.6,4.1,1.78,10,0
3/22/2005 6:00,30762.25,11.11,9.1,3.6,1.62,10,10
3/22/2005 7:00,30762.29,11.67,9.7,3.6,1.59,10,42
3/22/2005 8:00,30762.34,12.22,10.3,4.3,1.9,10,71
3/22/2005 9:00,30762.38,12.78,11,4.6,1.97,10,141
3/22/2005 10:00,30762.42,13.33,11.3,3.6,1.97,10,137
3/22/2005 11:00,30762.46,14.44,11.3,5,2.15,10,261
3/22/2005 12:00,30762.5,13.33,11.6,4.8,1.99,10,165
3/22/2005 13:00,30762.55,12.78,12,5.2,2.13,10,163
3/22/2005 14:00,30762.59,13.89,12.3,4.8,2.2,10,174
3/22/2005 15:00,30762.63,15,11.7,6.1,2.29,10,102
3/22/2005 16:00,30762.67,13.89,11.7,5.3,2.84,10,46
3/22/2005 17:00,30762.71,10,9.9,4.9,4.22,10,9
3/22/2005 18:00,30762.76,9.44,8.7,4.4,5.43,10,0
3/22/2005 19:00,30762.8,9.44,7.8,3,5.48,10,0
3/22/2005 20:00,30762.84,9.44,7.5,2.2,5.57,10,0
3/22/2005 21:00,30762.88,8.33,7.5,0.6,2.9,10,0
3/22/2005 22:00,30762.92,8.89,7.4,1.3,2.37,10,0
3/22/2005 23:00,30762.97,12.22,7.5,1.5,2.37,10,0
3/23/2005 0:00,30763,8.89,7.6,1.8,3.05,10,0
3/23/2005 1:00,30763.04,8.33,7.8,1.7,2.72,10,0
3/23/2005 2:00,30763.08,7.78,7.9,1.7,2.65,10,0
3/23/2005 3:00,30763.13,7.78,7.9,2,2.43,10,0
3/23/2005 4:00,30763.17,8.33,7.8,1.7,1.82,10,0
3/23/2005 5:00,30763.21,7.78,7.8,2,1.8,10,0
3/23/2005 6:00,30763.25,7.78,7.7,1.7,1.82,10,8
3/23/2005 7:00,30763.29,8.89,7.7,1.9,1.64,10,39
3/23/2005 8:00,30763.34,8.33,7.8,2.8,1.68,10,151
3/23/2005 9:00,30763.38,8.33,7.6,2.9,1.57,10,77
3/23/2005 10:00,30763.42,10.56,7.8,2.9,1.43,8.92,337
3/23/2005 11:00,30763.46,10.56,8.1,3.3,1.38,7.92,444
3/23/2005 12:00,30763.5,11.67,7.9,2.6,1.05,9.89,273
3/23/2005 13:00,30763.55,11.67,8,2.8,0.23,9.31,305
3/23/2005 14:00,30763.59,11.67,7.6,3.1,0.54,7.63,371
3/23/2005 15:00,30763.63,13.33,6.5,1.2,0.61,10,151
3/23/2005 16:00,30763.67,11.11,7.3,2.2,5.31,10,86
3/23/2005 17:00,30763.71,11.11,7.2,1.8,5.53,0,85
3/23/2005 18:00,30763.76,10,6.8,1.6,5.59,10,1
3/23/2005 19:00,30763.8,10,7.4,1.9,5.71,10,0
3/23/2005 20:00,30763.84,10.56,7.4,1.1,5.43,10,0
3/23/2005 21:00,30763.88,8.89,6.1,1.6,5.48,10,0
3/23/2005 22:00,30763.92,8.89,6.2,1.4,5.17,10,0
3/23/2005 23:00,30763.97,8.89,6.1,1.6,4.57,10,0
3/24/2005 0:00,30764,7.78,5.9,1.2,4.5,10,0
3/24/2005 1:00,30764.04,7.22,6.1,1.1,4.89,10,0
3/24/2005 2:00,30764.08,9.44,6.1,1,5.17,10,0
3/24/2005 3:00,30764.13,7.22,6.3,1.6,4.96,10,0
3/24/2005 4:00,30764.17,7.78,6.6,1.4,5.22,10,0
3/24/2005 5:00,30764.21,8.89,6.5,1.1,5.45,10,0
3/24/2005 6:00,30764.25,8.89,6.1,1.2,0.58,9.91,28
3/24/2005 7:00,30764.29,8.89,6.6,0.8,1.83,7.77,168
3/24/2005 8:00,30764.34,13.33,6.6,1,3.86,1.18,451
3/24/2005 9:00,30764.38,15,6.2,2.1,5.11,0,630
3/24/2005 10:00,30764.42,14.44,6.5,2.9,5.13,0,731
3/24/2005 11:00,30764.46,15,6.4,3.3,4.87,0,789
3/24/2005 12:00,30764.5,16.11,5.5,3.2,4.75,6.64,538
3/24/2005 13:00,30764.55,16.67,5.5,3.6,4.85,0,717
3/24/2005 14:00,30764.59,15.56,5.4,4,4.78,0,621
3/24/2005 15:00,30764.63,15.56,5.1,3.9,5.01,3.55,419
3/24/2005 16:00,30764.67,15,4.8,4.5,5.24,0,304
3/24/2005 17:00,30764.71,12.22,4.4,3.8,5.46,0,91
3/24/2005 18:00,30764.76,10.56,4.4,2.6,5.38,10,2
3/24/2005 19:00,30764.8,10,4.7,2,5.41,10,0
3/24/2005 20:00,30764.84,10.56,4.5,2,5.29,10,0
3/24/2005 21:00,30764.88,10,4.1,1.6,5.32,10,0
3/24/2005 22:00,30764.92,9.44,4,1.5,5.03,10,0
3/24/2005 23:00,30764.97,8.89,3.8,1.4,4.9,10,0
3/25/2005 0:00,30765,7.78,3.6,2.1,5.34,10,0
3/25/2005 1:00,30765.04,8.33,3.4,1.8,5.43,10,0
3/25/2005 2:00,30765.08,7.78,3,1.6,4.68,10,0
3/25/2005 3:00,30765.13,6.11,2.5,1.1,5.83,10,0
3/25/2005 4:00,30765.17,6.67,2.6,1.1,5.59,10,0
3/25/2005 5:00,30765.21,7.22,2.5,0.6,5.31,10,1
3/25/2005 6:00,30765.25,7.78,3.1,1,4.66,0,85
3/25/2005 7:00,30765.29,7.22,4.9,2,5.13,1.64,276
3/25/2005 8:00,30765.34,10.56,5.6,2,5.31,0,470
3/25/2005 9:00,30765.38,14.44,6,2.1,5.31,0,637
3/25/2005 10:00,30765.42,15,6.3,2.3,5.18,0,759
3/25/2005 11:00,30765.46,16.67,6.4,2.8,5.2,0,826
3/25/2005 12:00,30765.5,17.78,6.5,2.8,5.32,0,846
3/25/2005 13:00,30765.55,17.78,6.1,2.8,4.68,0,785
3/25/2005 14:00,30765.59,18.33,5.4,3.2,5.13,0,653
3/25/2005 15:00,30765.63,17.78,5.6,3.6,5.06,0,484
3/25/2005 16:00,30765.67,16.11,4.5,3.8,5.41,0,302
3/25/2005 17:00,30765.71,14.44,4.5,3.8,5.43,0,101
3/25/2005 18:00,30765.76,11.67,5,2.3,5.38,10,2
3/25/2005 19:00,30765.8,11.11,5.4,1.6,5.5,10,0
3/25/2005 20:00,30765.84,10.56,5.6,2.3,5.15,10,0
3/25/2005 21:00,30765.88,10.56,5.6,2.1,5.18,10,0
3/25/2005 22:00,30765.92,10.56,5.2,1.5,4.59,10,0
3/25/2005 23:00,30765.97,7.78,5.1,1.6,4.94,10,0
3/26/2005 0:00,30766,9.44,5.3,2.1,5.18,10,0
3/26/2005 1:00,30766.04,7.78,4.7,1.1,5.5,10,0
3/26/2005 2:00,30766.08,7.22,4.2,1.2,6.21,10,0
3/26/2005 3:00,30766.13,8.89,4,0.8,6.27,10,0
3/26/2005 4:00,30766.17,7.78,3.9,0.5,3.09,10,0
3/26/2005 5:00,30766.21,7.78,3.6,0.6,1.4,10,4
3/26/2005 6:00,30766.25,8.89,4.6,1.5,1.75,6.53,62
3/26/2005 7:00,30766.29,11.11,6,2.4,2.18,6.06,217
3/26/2005 8:00,30766.34,15.56,7.3,2.7,2.44,2.54,444
3/26/2005 9:00,30766.38,13.33,7.6,2,2.41,6.07,463
3/26/2005 10:00,30766.42,16.11,7.7,1.3,2.62,5.13,589
3/26/2005 11:00,30766.46,16.67,7.8,1.5,1.68,2.68,727
3/26/2005 12:00,30766.5,18.89,7.6,1.4,1.26,2.79,724
3/26/2005 13:00,30766.55,17.78,6.7,1.6,2.37,6.63,508
3/26/2005 14:00,30766.59,18.33,6.6,1.6,2.36,7.37,394
3/26/2005 15:00,30766.63,18.33,6.7,1.4,5.92,6.82,324
3/26/2005 16:00,30766.67,16.67,7.9,1.5,5.81,7.2,190
3/26/2005 17:00,30766.71,15,8.8,1.4,0.03,6.97,60
3/26/2005 18:00,30766.76,13.89,8.4,0.9,0.03,10,2
3/26/2005 19:00,30766.8,14.44,8,0.8,4.94,10,0
3/26/2005 20:00,30766.84,13.33,8.2,0.6,3.67,10,0
3/26/2005 21:00,30766.88,12.22,8.3,1.1,0.93,10,0
3/26/2005 22:00,30766.92,12.78,8.2,1.1,1.19,10,0
3/26/2005 23:00,30766.97,8.89,7.8,0.9,1.47,10,0
3/27/2005 0:00,30767,11.67,6.6,1.1,1.17,10,0
3/27/2005 1:00,30767.04,12.22,6.5,0.6,0.94,10,0
3/27/2005 2:00,30767.08,11.67,6.2,1.1,1.38,10,0
3/27/2005 3:00,30767.13,11.67,6.3,0.8,0.54,10,0
3/27/2005 4:00,30767.17,10.56,5.5,0.8,1.22,10,0
3/27/2005 5:00,30767.21,11.11,4.9,0.8,1.13,10,2
3/27/2005 6:00,30767.25,11.11,6.2,1.1,1.24,6.66,64
3/27/2005 7:00,30767.29,12.78,8.2,1.5,1.61,5.52,232
3/27/2005 8:00,30767.34,17.22,8.9,2.4,2.15,5.61,372
3/27/2005 9:00,30767.38,19.44,9.5,3,2.09,5.39,497
3/27/2005 10:00,30767.42,20.56,9.5,3.7,2.02,3.95,642
3/27/2005 11:00,30767.46,21.11,8.9,3.9,2.18,4.42,669
3/27/2005 12:00,30767.5,21.67,8.4,4,2.18,6.62,548
3/27/2005 13:00,30767.55,21.67,8.9,3.9,2.36,7.02,486
3/27/2005 14:00,30767.59,21.11,9.1,3.9,2.25,9.23,274
3/27/2005 15:00,30767.63,20.56,9.4,3.7,2.36,10,164
3/27/2005 16:00,30767.67,19.44,10,3.1,2.41,10,83
3/27/2005 17:00,30767.71,18.89,10.5,2.4,2.23,10,23
3/27/2005 18:00,30767.76,18.89,5.8,3.5,3.21,10,1
3/27/2005 19:00,30767.8,17.22,0.2,3.4,3.39,10,0
3/27/2005 20:00,30767.84,16.11,-4.3,3.9,3.6,10,0
3/27/2005 21:00,30767.88,15.56,-3.2,2.4,2.93,10,0
3/27/2005 22:00,30767.92,11.11,3.7,2,1.97,10,0
3/27/2005 23:00,30767.97,11.67,6.9,2.5,1.78,10,0
3/28/2005 0:00,30768,10,7.3,3.5,1.62,10,0
3/28/2005 1:00,30768.04,10,6.3,3.4,1.64,10,0
3/28/2005 2:00,30768.08,8.33,7.3,1.2,1.78,10,0
3/28/2005 3:00,30768.13,8.33,7.8,1.9,5.27,10,0
3/28/2005 4:00,30768.17,8.89,7.4,1,1.66,10,0
3/28/2005 5:00,30768.21,8.33,6.9,1.4,0.09,10,1
3/28/2005 6:00,30768.25,9.44,8,1,5.13,7.13,63
3/28/2005 7:00,30768.29,11.11,8.6,1.1,5.08,7.03,199
3/28/2005 8:00,30768.34,11.11,8.6,3.1,4.87,9.22,211
3/28/2005 9:00,30768.38,11.67,9,4.2,5.22,8.26,343
3/28/2005 10:00,30768.42,12.22,8.5,4.6,5.39,3.48,662
3/28/2005 11:00,30768.46,15,7.4,5,5.31,7.24,508
3/28/2005 12:00,30768.5,15,7.2,4.7,5.32,4.37,675
3/28/2005 13:00,30768.55,16.67,6.8,5,5.29,5.78,563
3/28/2005 14:00,30768.59,15.56,5.2,5.9,5.24,3.33,573
3/28/2005 15:00,30768.63,14.44,5,5.8,5.34,3.6,433
3/28/2005 16:00,30768.67,12.78,4.5,5.5,5.29,2.38,284
3/28/2005 17:00,30768.71,12.78,4.6,4.8,5.24,6.82,67
3/28/2005 18:00,30768.76,12.22,4.9,3.4,5.22,10,4
3/28/2005 19:00,30768.8,10,5.5,2.6,4.99,10,0
3/28/2005 20:00,30768.84,10,5.4,3.7,4.96,10,0
3/28/2005 21:00,30768.88,10.56,5.5,3.9,4.85,10,0
3/28/2005 22:00,30768.92,7.22,5.2,3.7,4.96,10,0
3/28/2005 23:00,30768.97,10,4.8,2.3,4.85,10,0
3/29/2005 0:00,30769,6.67,4.5,2,4.89,10,0
3/29/2005 1:00,30769.04,7.78,4.2,1.4,5.22,10,0
3/29/2005 2:00,30769.08,6.11,4.4,1.5,5.24,10,0
3/29/2005 3:00,30769.13,7.78,4.7,2.2,5.17,10,0
3/29/2005 4:00,30769.17,7.22,4.7,1.6,4.8,10,0
3/29/2005 5:00,30769.21,6.67,4.9,1.4,4.9,10,1
3/29/2005 6:00,30769.25,7.22,5.1,1,5.53,9.95,35
3/29/2005 7:00,30769.29,8.33,5.5,1.1,0.45,10,58
3/29/2005 8:00,30769.34,9.44,6,1.7,0.82,10,145
3/29/2005 9:00,30769.38,12.22,6.3,1.4,1.38,9.7,241
3/29/2005 10:00,30769.42,14.44,6.8,1.1,0.84,9.26,320
3/29/2005 11:00,30769.46,15,6.9,1.1,5.15,8.09,445
3/29/2005 12:00,30769.5,16.67,6.5,1.1,3.74,8.66,397
3/29/2005 13:00,30769.55,17.78,6.7,1.2,4.54,7.79,438
3/29/2005 14:00,30769.59,15.56,7.4,1.9,3.87,6.02,475
3/29/2005 15:00,30769.63,15,7.9,2,4.94,8.11,273
3/29/2005 16:00,30769.67,14.44,8.2,2.2,4.82,5.46,241
3/29/2005 17:00,30769.71,12.22,8.2,2.2,5.03,8.24,56
3/29/2005 18:00,30769.76,11.11,8.4,2.1,5.15,10,3
3/29/2005 19:00,30769.8,11.11,8.1,1.4,4.89,10,0
3/29/2005 20:00,30769.84,11.67,7.9,1.6,5.48,10,0
3/29/2005 21:00,30769.88,11.67,8.2,1.6,5.08,10,0
3/29/2005 22:00,30769.92,10.56,6.2,3.3,4.76,10,0
3/29/2005 23:00,30769.97,7.78,6.1,3,4.85,10,0
3/30/2005 0:00,30770,7.78,6.6,2.8,4.97,10,0
3/30/2005 1:00,30770.04,7.22,5.8,2.5,5.25,10,0
3/30/2005 2:00,30770.08,7.78,4.8,1.6,5.6,10,0
3/30/2005 3:00,30770.13,6.67,4.8,2.9,5.08,10,0
3/30/2005 4:00,30770.17,5.56,4.6,3.2,4.82,10,0
3/30/2005 5:00,30770.21,3.89,4.3,3.8,4.76,10,3
3/30/2005 6:00,30770.25,5.56,4.7,3.7,5.11,8.87,50
3/30/2005 7:00,30770.29,7.22,4.6,4.2,5.08,3.31,280
3/30/2005 8:00,30770.34,8.33,5.3,2.7,5.17,0,482
3/30/2005 9:00,30770.38,8.89,5.8,2,5.32,4.37,547
3/30/2005 10:00,30770.42,12.78,6.5,1.9,0.79,3.75,660
3/30/2005 11:00,30770.46,13.33,6.9,1.8,1.2,0,854
3/30/2005 12:00,30770.5,15,7.4,1.9,0.66,0,861
3/30/2005 13:00,30770.55,12.78,7,2.3,5.88,0,778
3/30/2005 14:00,30770.59,13.89,6.8,2.1,5.67,0,672
3/30/2005 15:00,30770.63,15.56,7,2.4,6.09,0,501
3/30/2005 16:00,30770.67,16.11,6.6,3.3,5.67,0,305
3/30/2005 17:00,30770.71,15.56,5.8,2.6,5.86,0,111
3/30/2005 18:00,30770.76,12.78,6.5,1.3,0.3,10,4
3/30/2005 19:00,30770.8,12.78,6.7,0.6,1.03,10,0
3/30/2005 20:00,30770.84,11.11,6.7,0.7,0.51,10,0
3/30/2005 21:00,30770.88,11.11,6.5,1.4,1.52,10,0
3/30/2005 22:00,30770.92,10,6.3,1.3,2.02,10,0
3/30/2005 23:00,30770.97,9.44,5.5,1.7,1.59,10,0
3/31/2005 0:00,30771,10.56,5.9,1,2.04,10,0
3/31/2005 1:00,30771.04,10.56,5.5,0.9,0.68,10,0
3/31/2005 2:00,30771.08,9.44,4.6,1.1,1.06,10,0
3/31/2005 3:00,30771.13,9.44,4,1,0.38,10,0
3/31/2005 4:00,30771.17,9.44,4.3,1.7,1.33,10,0
3/31/2005 5:00,30771.21,9.44,4.7,1.4,1.5,10,3
3/31/2005 6:00,30771.25,10,6.1,0.9,2.18,1.49,105
3/31/2005 7:00,30771.29,11.67,7.4,1.7,2.46,2.19,296
3/31/2005 8:00,30771.34,15,8.1,2.8,2.37,0,490
3/31/2005 9:00,30771.38,16.67,8.5,2.9,2.46,0,656
3/31/2005 10:00,30771.42,18.33,8.4,2.5,2.43,0,777
3/31/2005 11:00,30771.46,21.11,7.8,2.8,2.67,0,841
3/31/2005 12:00,30771.5,21.11,6.5,2.5,2.41,0,842
3/31/2005 13:00,30771.55,21.67,4.2,2.7,2.5,0,787
3/31/2005 14:00,30771.59,22.22,4.1,2.1,2.78,0,670
3/31/2005 15:00,30771.63,23.89,4,1.8,2.55,0,503
3/31/2005 16:00,30771.67,21.11,4.5,1.5,2.2,1.23,304
3/31/2005 17:00,30771.71,18.89,4,0.8,1.83,2.2,105
3/31/2005 18:00,30771.76,16.67,5.1,1.5,0.3,10,5
3/31/2005 19:00,30771.8,15,6.5,0.8,0.77,10,0
3/31/2005 20:00,30771.84,14.44,7,0.7,6.04,10,0
3/31/2005 21:00,30771.88,13.89,6,0.9,0.26,10,0
3/31/2005 22:00,30771.92,14.44,5.4,0.9,0.87,10,0
3/31/2005 23:00,30771.97,10,5.4,0.7,6.07,10,0
4/1/2005 0:00,30772,13.33,5.5,0.6,4.03,10,0
4/1/2005 1:00,30772.04,13.33,5.2,0.5,2.46,10,0
4/1/2005 2:00,30772.08,12.78,5.2,0.9,0.73,10,0
4/1/2005 3:00,30772.13,12.78,5.2,0.8,0.45,10,0
4/1/2005 4:00,30772.17,11.67,4.6,0.8,0.45,10,0
4/1/2005 5:00,30772.21,12.22,4.4,0.9,0.23,10,4
4/1/2005 6:00,30772.25,12.22,5.6,0.8,1.48,2.54,106
4/1/2005 7:00,30772.29,14.44,7.1,1.1,2.43,1.51,305
4/1/2005 8:00,30772.34,19.44,6.6,1.4,2.29,0,508
4/1/2005 9:00,30772.38,18.89,6.3,1.6,2.11,0,674
4/1/2005 10:00,30772.42,23.33,5.6,1.1,0.37,0,796
4/1/2005 11:00,30772.46,23.33,5.3,1.6,5.25,0,855
4/1/2005 12:00,30772.5,25.56,5.6,1.8,4.76,0,850
4/1/2005 13:00,30772.55,24.44,5.2,2.5,5.6,0,795
4/1/2005 14:00,30772.59,26.67,5.2,2.2,5.04,0,676
4/1/2005 15:00,30772.63,25,5,1.9,5.39,0,510
4/1/2005 16:00,30772.67,24.44,4.6,2,5.22,0,317
4/1/2005 17:00,30772.71,21.11,4.4,1.7,5.29,4.89,95
4/1/2005 18:00,30772.76,17.78,4.5,1.5,5.83,10,4
4/1/2005 19:00,30772.8,16.67,6.2,0.6,0.16,10,0
4/1/2005 20:00,30772.84,16.11,6.6,0.7,1.59,10,0
4/1/2005 21:00,30772.88,15,7.1,0.8,5.52,10,0
4/1/2005 22:00,30772.92,14.44,6.8,1.1,5.71,10,0
4/1/2005 23:00,30772.97,13.89,6.7,0.9,4.35,10,0
4/2/2005 0:00,30773,13.89,6.2,0.9,5.31,10,0
4/2/2005 1:00,30773.04,13.33,6.1,0.8,0.1,10,0
4/2/2005 2:00,30773.08,12.22,6,0.9,1.38,10,0
4/2/2005 3:00,30773.13,12.22,5.4,0.6,0.72,10,0
4/2/2005 4:00,30773.17,11.67,4.5,0.9,4.99,10,0
4/2/2005 5:00,30773.21,11.67,4.7,0.8,0.05,10,3
4/2/2005 6:00,30773.25,16.11,6.3,0.7,1.43,0,130
4/2/2005 7:00,30773.29,15.56,7.6,0.6,1.9,0.87,312
4/2/2005 8:00,30773.34,17.78,7.7,2,2.2,0,499
4/2/2005 9:00,30773.38,20.56,7.9,2.4,2.29,0,662
4/2/2005 10:00,30773.42,20.56,8.3,2.1,2.46,1.82,722
4/2/2005 11:00,30773.46,22.78,7.9,1.4,4.5,0,837
4/2/2005 12:00,30773.5,23.33,7.2,1.3,0.3,4.14,702
4/2/2005 13:00,30773.55,21.67,6.8,1.4,1.08,1.4,729
4/2/2005 14:00,30773.59,21.11,7.5,1.6,5.52,8.08,367
4/2/2005 15:00,30773.63,18.89,8.9,2.3,5.5,10,127
4/2/2005 16:00,30773.67,18.33,9.8,2.3,5.81,10,59
4/2/2005 17:00,30773.71,20,11.9,2,5.64,2.18,113
4/2/2005 18:00,30773.76,16.11,11.5,2,4.71,10,7
4/2/2005 19:00,30773.8,15,10.3,2.1,5.11,10,0
4/2/2005 20:00,30773.84,15.56,10.3,1.8,5.71,10,0
4/2/2005 21:00,30773.88,13.89,10.4,1.8,4.56,10,0
4/2/2005 22:00,30773.92,13.89,9.9,2.7,4.8,10,0
4/2/2005 23:00,30773.97,13.89,8.9,2.7,5.18,10,0
4/3/2005 0:00,30774,10.56,7.9,3.2,5.29,10,0
4/3/2005 1:00,30774.04,9.3,5.7,4,5.15,10,0
4/3/2005 2:00,30774.08,8.89,4.8,4.3,5.2,10,0
4/3/2005 3:00,30774.13,7.78,4.5,3.2,5.27,10,0
4/3/2005 4:00,30774.17,6.67,3.7,3.5,5.17,10,0
4/3/2005 5:00,30774.21,7.22,3.6,2.2,5.17,10,4
4/3/2005 6:00,30774.25,7.22,4.5,2.6,5.04,4.66,102
4/3/2005 7:00,30774.29,9.44,5.2,3.7,5.22,5.28,260
4/3/2005 8:00,30774.34,12.22,5.5,4.6,5.34,6.93,341
4/3/2005 9:00,30774.38,12.22,6.1,3.8,5.15,5.8,500
4/3/2005 10:00,30774.42,15,6.9,2.4,4.99,5.55,593
4/3/2005 11:00,30774.46,15.56,7.2,2.3,5.69,6.71,561
4/3/2005 12:00,30774.5,17.22,7.1,1.6,0.3,4.37,695
4/3/2005 13:00,30774.55,16.11,6.5,1.1,1.05,7.03,504
4/3/2005 14:00,30774.59,16.11,6.8,1.6,3.02,8.23,359
4/3/2005 15:00,30774.63,17.78,6.4,2,2.95,8.76,249
4/3/2005 16:00,30774.67,16.67,6.2,2.3,2.93,9.21,143
4/3/2005 17:00,30774.71,16.11,6.4,2,3.12,9.89,44
4/3/2005 18:00,30774.76,14.44,6.6,1.5,2.43,10,2
4/3/2005 19:00,30774.8,15,7.9,1,5.83,10,0
4/3/2005 20:00,30774.84,13.89,7.6,4.1,5.43,10,0
4/3/2005 21:00,30774.88,11.67,6.7,4.6,5.43,10,0
4/3/2005 22:00,30774.92,11.67,6,5.5,5.13,10,0
4/3/2005 23:00,30774.97,11.67,6.8,2.8,4.89,10,0
4/4/2005 0:00,30775,8.33,6.6,2.7,4.99,10,0
4/4/2005 1:00,30775.04,7.22,6,1.8,5.01,10,0
4/4/2005 2:00,30775.08,7.78,6.2,1.9,5.25,10,0
4/4/2005 3:00,30775.13,7.78,5.7,1.6,4.85,10,0
4/4/2005 4:00,30775.17,6.67,4.9,1.3,5.38,10,0
4/4/2005 5:00,30775.21,6.67,4.9,1.3,5.01,10,4
4/4/2005 6:00,30775.25,6.67,5.4,1.2,5.2,8.94,59
4/4/2005 7:00,30775.29,8.33,6.5,2.2,5.29,2.89,304
4/4/2005 8:00,30775.34,11.11,6.5,3.3,4.96,2.17,484
4/4/2005 9:00,30775.38,12.22,6.3,2.8,5.04,4.61,555
4/4/2005 10:00,30775.42,14.44,5.7,2.6,5.01,3.65,681
4/4/2005 11:00,30775.46,13.33,5.7,2.8,5.15,5.07,664
4/4/2005 12:00,30775.5,15,5.8,3.2,5.04,0,821
4/4/2005 13:00,30775.55,15.56,6.2,3.3,5.1,0,812
4/4/2005 14:00,30775.59,17.22,5.1,3.7,5.01,0,689
4/4/2005 15:00,30775.63,16.67,5.6,3.3,5.27,0,517
4/4/2005 16:00,30775.67,16.67,5.8,3,5.53,3.84,292
4/4/2005 17:00,30775.71,16.67,5.6,3,5.67,3.27,116
4/4/2005 18:00,30775.76,13.33,5.4,2.4,5.52,10,6
4/4/2005 19:00,30775.8,11.11,5.3,2,5.46,10,0
4/4/2005 20:00,30775.84,12.22,5.3,2.1,5.38,10,0
4/4/2005 21:00,30775.88,11.11,5.3,1.6,5.13,10,0
4/4/2005 22:00,30775.92,10.56,4.9,1,1.78,10,0
4/4/2005 23:00,30775.97,8.33,4.5,1.1,0.61,10,0
4/5/2005 0:00,30776,9.44,4.9,0.9,4.08,10,0
4/5/2005 1:00,30776.04,10.56,4.3,0.9,5.93,10,0
4/5/2005 2:00,30776.08,8.33,4.1,0.7,0.16,10,0
4/5/2005 3:00,30776.13,8.33,4.5,0.9,0.91,10,0
4/5/2005 4:00,30776.17,8.89,4.1,0.7,1.26,10,0
4/5/2005 5:00,30776.21,9.44,4.1,0.9,0.96,10,6
4/5/2005 6:00,30776.25,8.89,5.6,0.5,4.56,0,131
4/5/2005 7:00,30776.29,10,7,2.1,2.27,1.74,319
4/5/2005 8:00,30776.34,12.78,7.4,3.1,2.43,0,507
4/5/2005 9:00,30776.38,14.44,7.3,3.5,2.37,0,668
4/5/2005 10:00,30776.42,17.78,7.8,2.4,2.5,0,780
4/5/2005 11:00,30776.46,19.44,7.4,1.9,3.61,0,839
4/5/2005 12:00,30776.5,20,7.1,1.5,0.93,0,846
4/5/2005 13:00,30776.55,20,7.5,1.5,4.76,0,779
4/5/2005 14:00,30776.59,21.11,8.1,1.9,5.72,0,666
4/5/2005 15:00,30776.63,23.33,8.9,2.2,5.97,1.26,499
4/5/2005 16:00,30776.67,20.56,8.6,1.6,0.02,2.46,314
4/5/2005 17:00,30776.71,23.89,9.1,1,0.31,2.61,123
4/5/2005 18:00,30776.76,20.56,7.9,0.8,4.43,10,6
4/5/2005 19:00,30776.8,15.56,8.2,1.1,5.5,10,0
4/5/2005 20:00,30776.84,15,8.5,1,0.16,10,0
4/5/2005 21:00,30776.88,14.44,9.1,0.5,5.55,10,0
4/5/2005 22:00,30776.92,13.89,9,0.7,0.16,10,0
4/5/2005 23:00,30776.97,10,8.7,0.7,1.26,10,0
4/6/2005 0:00,30777,12.78,8.2,1.3,1.24,10,0
4/6/2005 1:00,30777.04,12.78,7.4,0.9,1.27,10,0
4/6/2005 2:00,30777.08,13.33,6.8,1,0.47,10,0
4/6/2005 3:00,30777.13,11.67,6.9,0.8,0.72,10,0
4/6/2005 4:00,30777.17,12.78,5.9,0.5,4.52,10,0
4/6/2005 5:00,30777.21,11.67,6.2,1.1,0.02,10,9
4/6/2005 6:00,30777.25,12.78,7.3,1,0.47,3.74,119
4/6/2005 7:00,30777.29,13.33,9.2,1.4,0.52,4.28,290
4/6/2005 8:00,30777.34,14.44,9.9,2.1,1.27,5.11,421
4/6/2005 9:00,30777.38,19.44,9.9,2.6,1.85,2.72,620
4/6/2005 10:00,30777.42,22.78,9.7,2.8,1.95,4.13,669
4/6/2005 11:00,30777.46,24.44,9.5,2.6,2.08,0,811
4/6/2005 12:00,30777.5,26.11,6.8,3.1,2.08,3.1,754
4/6/2005 13:00,30777.55,27.22,6.2,3.3,2.46,0,765
4/6/2005 14:00,30777.59,27.78,6.3,2.6,2.27,3.57,598
4/6/2005 15:00,30777.63,28.33,5.3,2.3,2.91,1.74,498
4/6/2005 16:00,30777.67,28.89,5.4,2.5,3.18,2.52,317
4/6/2005 17:00,30777.71,26.11,5.9,1.9,2.44,5.35,108
4/6/2005 18:00,30777.76,23.33,5.8,1.4,2.32,10,3
4/6/2005 19:00,30777.8,21.11,4.5,1.8,2.95,10,0
4/6/2005 20:00,30777.84,20.56,0,1.3,3.61,10,0
4/6/2005 21:00,30777.88,20.56,4.9,1.1,5.22,10,0
4/6/2005 22:00,30777.92,16.67,8.8,1.1,1.38,10,0
4/6/2005 23:00,30777.97,13.33,5,2,2.11,10,0
4/7/2005 0:00,30778,17.22,1.4,3,2.13,10,0
4/7/2005 1:00,30778.04,18.33,-0.1,2.6,2.34,10,0
4/7/2005 2:00,30778.08,18.33,0.3,2.2,2.16,10,0
4/7/2005 3:00,30778.13,17.22,2.1,1.6,2.25,10,0
4/7/2005 4:00,30778.17,14.44,3.5,1.6,1.73,10,0
4/7/2005 5:00,30778.21,12.78,2,1.5,2.29,10,3
4/7/2005 6:00,30778.25,12.78,4.4,3.3,5.25,4.12,120
4/7/2005 7:00,30778.29,13.89,7.4,4.3,5.25,9.32,145
4/7/2005 8:00,30778.34,12.78,7.5,4.8,4.96,10,160
4/7/2005 9:00,30778.38,11.67,9.1,4.4,4.97,10,163
4/7/2005 10:00,30778.42,11.67,8.8,4,5.1,10,117
4/7/2005 11:00,30778.46,11.11,9.1,3.5,5.18,10,275
4/7/2005 12:00,30778.5,11.67,9.1,3.5,5.08,9.17,366
4/7/2005 13:00,30778.55,12.78,8.3,4,5.41,6.71,535
4/7/2005 14:00,30778.59,16.11,7.5,4.3,5.39,6.46,478
4/7/2005 15:00,30778.63,17.78,6.6,4.9,4.94,10,175
4/7/2005 16:00,30778.67,14.44,5.8,4.9,5.24,1.44,330
4/7/2005 17:00,30778.71,13.89,4.9,4.1,5.03,6.25,102
4/7/2005 18:00,30778.76,11.67,5.9,3.7,4.85,10,8
4/7/2005 19:00,30778.8,10.56,6.8,3.5,4.94,10,0
4/7/2005 20:00,30778.84,10,6.2,2.9,4.9,10,0
4/7/2005 21:00,30778.88,8.89,5.8,2.9,4.96,10,0
4/7/2005 22:00,30778.92,7.78,4.6,3.8,5.32,10,0
4/7/2005 23:00,30778.97,17.22,3.8,3.7,4.97,10,0
4/8/2005 0:00,30779,6.11,3.9,3.8,4.76,10,0
4/8/2005 1:00,30779.04,6.11,3.5,2.7,5.18,10,0
4/8/2005 2:00,30779.08,6.11,2.6,1.2,6.02,10,0
4/8/2005 3:00,30779.13,5,2.3,1.4,4.49,10,0
4/8/2005 4:00,30779.17,5,1.9,1.2,5.17,10,0
4/8/2005 5:00,30779.21,5,1.6,1.1,0.59,10,10
4/8/2005 6:00,30779.25,6.11,3.2,0.9,1.61,7.58,87
4/8/2005 7:00,30779.29,6.67,4.5,1.1,1.06,8.6,175
4/8/2005 8:00,30779.34,9.44,5.4,2,2.16,6.02,393
4/8/2005 9:00,30779.38,10.56,5.6,3,2.51,5.87,511
4/8/2005 10:00,30779.42,12.22,4.8,4,2.25,8.73,383
4/8/2005 11:00,30779.46,11.11,4.5,3.5,2.3,10,257
4/8/2005 12:00,30779.5,10,3.7,4,1.99,9.12,373
4/8/2005 13:00,30779.55,10,4.9,4.2,1.82,9.19,343
4/8/2005 14:00,30779.59,11.11,6,2.8,1.71,10,140
4/8/2005 15:00,30779.63,9.44,7.3,2.2,0.56,10,64
4/8/2005 16:00,30779.67,9.44,8.3,2.2,1.1,8.9,164
4/8/2005 17:00,30779.71,10.56,8,2.1,1.13,9.27,62
4/8/2005 18:00,30779.76,10.56,7.6,1,1.4,10,12
4/8/2005 19:00,30779.8,8.89,7.5,1.9,4.99,10,0
4/8/2005 20:00,30779.84,7.78,6,2,5.46,10,0
4/8/2005 21:00,30779.88,6.67,4.9,1.3,4.45,10,0
4/8/2005 22:00,30779.92,7.78,4.4,1,4.63,10,0
4/8/2005 23:00,30779.97,8.33,4.7,1.6,5.17,10,0
4/9/2005 0:00,30780,6.67,4.2,1.2,5.46,10,0
4/9/2005 1:00,30780.04,6.67,3.4,1,1.73,10,0
4/9/2005 2:00,30780.08,5.56,3.9,0.9,2.01,10,0
4/9/2005 3:00,30780.13,6.11,4.9,1,1.68,10,0
4/9/2005 4:00,30780.17,6.67,5.1,1.1,2.25,10,0
4/9/2005 5:00,30780.21,6.11,4.8,0.9,1.61,10,4
4/9/2005 6:00,30780.25,7.78,5.6,1,1.61,8.98,68
4/9/2005 7:00,30780.29,7.78,6.1,1,4.1,6.57,245
4/9/2005 8:00,30780.34,10,6.2,1.5,4.73,8.23,290
4/9/2005 9:00,30780.38,12.78,6.4,2.2,5.15,6.65,472
4/9/2005 10:00,30780.42,12.22,7.2,3.3,4.78,0,837
4/9/2005 11:00,30780.46,12.78,6.5,3.7,4.97,8,476
4/9/2005 12:00,30780.5,13.89,6.6,4.2,5.04,6.53,589
4/9/2005 13:00,30780.55,15,6,4,5.17,10,267
4/9/2005 14:00,30780.59,13.89,6.5,4.3,5.11,7.65,411
4/9/2005 15:00,30780.63,13.33,6.4,4.2,5.22,7.26,341
4/9/2005 16:00,30780.67,14.44,6.1,4.3,5.1,3.62,313
4/9/2005 17:00,30780.71,15.56,6,3.3,5.15,3.79,131
4/9/2005 18:00,30780.76,14.44,6.1,2.1,4.89,10,10
4/9/2005 19:00,30780.8,12.78,6.1,1.1,3.6,10,0
4/9/2005 20:00,30780.84,12.22,6.6,1.7,1.55,10,0
4/9/2005 21:00,30780.88,10.56,6.8,1.7,2.13,10,0
4/9/2005 22:00,30780.92,10,6.3,1.3,1.78,10,0
4/9/2005 23:00,30780.97,7.78,5.9,1.3,1.31,10,0
4/10/2005 0:00,30781,10,5.5,1.8,1.27,10,0
4/10/2005 1:00,30781.04,10,5.4,1.7,1.19,10,0
4/10/2005 2:00,30781.08,10,4.9,1.3,1.36,10,0
4/10/2005 3:00,30781.13,8.89,4.2,1.3,0.84,10,0
4/10/2005 4:00,30781.17,9.44,4,0.9,1.36,10,0
4/10/2005 5:00,30781.21,8.33,3.5,0.6,6.23,10,11
4/10/2005 6:00,30781.25,8.89,5.5,0.5,0.91,1.31,145
4/10/2005 7:00,30781.29,10.56,6.9,1.3,1.52,2.26,333
4/10/2005 8:00,30781.34,12.22,7.1,2.7,2.2,0,523
4/10/2005 9:00,30781.38,16.67,7.4,2.6,2.5,0,677
4/10/2005 10:00,30781.42,17.22,7.7,2.5,2.62,5.23,630
4/10/2005 11:00,30781.46,19.44,7.3,2,2.55,0,834
4/10/2005 12:00,30781.5,16.67,7.7,1.6,6.2,0,836
4/10/2005 13:00,30781.55,17.78,7.5,1.8,1.76,2.05,746
4/10/2005 14:00,30781.59,17.22,7.5,1.8,1.29,1.3,659
4/10/2005 15:00,30781.63,20.56,7.5,1.6,1.59,1.49,515
4/10/2005 16:00,30781.67,20,7.3,1.9,5.38,3.52,318
4/10/2005 17:00,30781.71,22.22,7.8,2.1,5.53,4.37,130
4/10/2005 18:00,30781.76,20.56,7.9,1.9,5.55,10,9
4/10/2005 19:00,30781.8,15,7.5,1.5,6.25,10,0
4/10/2005 20:00,30781.84,15.56,7.4,1.3,4.43,10,0
4/10/2005 21:00,30781.88,14.44,7.6,1.1,5.01,10,0
4/10/2005 22:00,30781.92,13.89,7.4,0.9,6.23,10,0
4/10/2005 23:00,30781.97,10.56,7.1,1,2.32,10,0
4/11/2005 0:00,30782,12.78,6.9,1.1,0.87,10,0
4/11/2005 1:00,30782.04,13.33,6.6,0.7,4.73,10,0
4/11/2005 2:00,30782.08,11.11,6.1,1.2,0.17,10,0
4/11/2005 3:00,30782.13,10.56,5.9,0.8,1.2,10,0
4/11/2005 4:00,30782.17,11.67,6.2,1,1.57,10,0
4/11/2005 5:00,30782.21,11.11,6.4,0.9,1.57,10,14
4/11/2005 6:00,30782.25,12.22,7.6,0.9,3.74,1.24,149
4/11/2005 7:00,30782.29,12.22,8.6,1.7,2.55,2.5,334
4/11/2005 8:00,30782.34,15,9.2,1.5,2.25,0.95,522
4/11/2005 9:00,30782.38,17.78,8.9,1.3,2.55,0,682
4/11/2005 10:00,30782.42,18.89,9.8,1.4,0.89,0,790
4/11/2005 11:00,30782.46,20.56,10,1.7,5.15,0,860
4/11/2005 12:00,30782.5,22.78,9.4,2.3,5.25,0,852
4/11/2005 13:00,30782.55,22.22,9.8,2.8,5.11,0,778
4/11/2005 14:00,30782.59,22.22,9.3,2.9,5.08,0.79,667
4/11/2005 15:00,30782.63,22.22,9.5,2.8,5.45,2.17,510
4/11/2005 16:00,30782.67,22.78,9.4,3.1,5.34,3.84,316
4/11/2005 17:00,30782.71,21.67,9.1,3.3,5.67,5.25,125
4/11/2005 18:00,30782.76,18.89,8.6,2.8,5.53,10,9
4/11/2005 19:00,30782.8,16.11,8.6,2.2,5.39,10,0
4/11/2005 20:00,30782.84,15,8.4,1.8,5.31,10,0
4/11/2005 21:00,30782.88,14.44,8.7,2.5,4.94,10,0
4/11/2005 22:00,30782.92,13.89,9.3,2.9,5.03,10,0
4/11/2005 23:00,30782.97,13.33,8.9,2.4,4.92,10,0
4/12/2005 0:00,30783,12.22,8.2,2.4,5.06,10,0
4/12/2005 1:00,30783.04,9.44,7.6,2.5,5.11,10,0
4/12/2005 2:00,30783.08,10,6.9,1.7,5.32,10,0
4/12/2005 3:00,30783.13,10.56,6.3,1.5,5.39,10,0
4/12/2005 4:00,30783.17,11.67,5.9,1.5,5.41,10,0
4/12/2005 5:00,30783.21,10,6,1.8,5.29,10,14
4/12/2005 6:00,30783.25,8.89,6.5,2.7,5.18,4.04,138
4/12/2005 7:00,30783.29,9.44,7.2,3.1,5.1,6.7,249
4/12/2005 8:00,30783.34,10.56,7.6,3.1,5.17,5.54,423
4/12/2005 9:00,30783.38,15.56,8.3,3,5.29,0,673
4/12/2005 10:00,30783.42,17.78,8.6,3.2,4.94,0,782
4/12/2005 11:00,30783.46,16.67,8.8,2.6,5.55,0,835
4/12/2005 12:00,30783.5,19.44,9,2.2,5.5,0,845
4/12/2005 13:00,30783.55,20.56,8.2,2.8,4.92,0,780
4/12/2005 14:00,30783.59,21.11,7.3,3.4,5.15,1.08,668
4/12/2005 15:00,30783.63,20.56,7.7,3.7,5.38,2.73,504
4/12/2005 16:00,30783.67,21.11,7.3,3.6,5.48,4.13,314
4/12/2005 17:00,30783.71,19.44,5.3,3.9,5.43,5.62,124
4/12/2005 18:00,30783.76,15.56,3.9,3.7,5.24,10,10
4/12/2005 19:00,30783.8,12.78,4.8,2.9,5.29,10,0
4/12/2005 20:00,30783.84,11.67,4.8,3.8,5.17,10,0
4/12/2005 21:00,30783.88,10,4.6,5.1,5.11,10,0
4/12/2005 22:00,30783.92,8.89,3.8,5.1,5.18,10,0
4/12/2005 23:00,30783.97,13.89,2.7,5.1,5.24,10,0
4/13/2005 0:00,30784,7.78,1.4,5.5,5.25,10,0
4/13/2005 1:00,30784.04,8.89,0.8,4.7,5.2,10,0
4/13/2005 2:00,30784.08,8.89,1,4.9,5.15,10,0
4/13/2005 3:00,30784.13,7.78,1.1,5.1,5.17,10,0
4/13/2005 4:00,30784.17,7.78,-1.6,5.4,5.1,10,0
4/13/2005 5:00,30784.21,6.67,0.1,5.2,5.03,10,10
4/13/2005 6:00,30784.25,7.22,1.2,5.2,5.13,6.33,117
4/13/2005 7:00,30784.29,8.89,1.2,5.4,5.18,8.46,190
4/13/2005 8:00,30784.34,9.44,1.2,5,5.15,9.19,240
4/13/2005 9:00,30784.38,9.44,1.3,4.5,5.1,9.88,247
4/13/2005 10:00,30784.42,9.44,1,4.5,5.15,6.81,542
4/13/2005 11:00,30784.46,12.78,0.8,3.4,5.32,0,841
4/13/2005 12:00,30784.5,16.11,0.3,3.6,5.34,0,889
4/13/2005 13:00,30784.55,15.56,0.5,4,5.39,0,825
4/13/2005 14:00,30784.59,16.67,1.8,4.9,5.38,0,704
4/13/2005 15:00,30784.63,18.33,0.2,5.2,5.29,0,539
4/13/2005 16:00,30784.67,16.11,-2.2,6,5.29,2.34,344
4/13/2005 17:00,30784.71,15,-2.6,5.5,5.36,3.24,149
4/13/2005 18:00,30784.76,14.44,-2.1,5,5.24,10,13
4/13/2005 19:00,30784.8,11.67,-0.5,4.2,5.25,10,0
4/13/2005 20:00,30784.84,10,0.4,4.2,5.27,10,0
4/13/2005 21:00,30784.88,9.44,1.6,4.7,5.25,10,0
4/13/2005 22:00,30784.92,8.89,2.8,4.6,5.2,10,0
4/13/2005 23:00,30784.97,9.44,3.4,4.6,5.03,10,0
4/14/2005 0:00,30785,7.22,3.6,3.9,5.2,10,0
4/14/2005 1:00,30785.04,7.22,3.6,3.5,5.22,10,0
4/14/2005 2:00,30785.08,5.56,3,3.3,5.17,10,0
4/14/2005 3:00,30785.13,5,2.2,2.7,5.24,10,0
4/14/2005 4:00,30785.17,4.44,1.6,1.5,5.22,10,0
4/14/2005 5:00,30785.21,3.33,1.2,0.9,5.04,10,19
4/14/2005 6:00,30785.25,3.89,2.2,1.1,5.11,0,165
4/14/2005 7:00,30785.29,4.44,3.1,1.3,5.11,1.46,354
4/14/2005 8:00,30785.34,7.22,3.8,1.3,3.37,0,545
4/14/2005 9:00,30785.38,11.11,4.1,1.9,2.3,0,708
4/14/2005 10:00,30785.42,12.78,3.7,1.7,2.41,0,824
4/14/2005 11:00,30785.46,13.89,4.1,1.7,2.16,0,876
4/14/2005 12:00,30785.5,16.11,4.4,1.7,2.02,0,866
4/14/2005 13:00,30785.55,18.33,4.3,1.6,0.05,0,802
4/14/2005 14:00,30785.59,16.11,3.8,2.3,5.79,0,688
4/14/2005 15:00,30785.63,20.56,5.2,2.8,5.45,2.03,522
4/14/2005 16:00,30785.67,20.56,4.8,3.2,5.24,3.29,335
4/14/2005 17:00,30785.71,18.33,2.7,2.9,5.38,4.4,143
4/14/2005 18:00,30785.76,16.67,0.9,2.7,5.25,10,11
4/14/2005 19:00,30785.8,13.89,1.5,2.2,5.31,10,0
4/14/2005 20:00,30785.84,13.33,2.1,1.5,5.41,10,0
4/14/2005 21:00,30785.88,12.78,2.4,1,5.74,10,0
4/14/2005 22:00,30785.92,11.67,2.9,0.7,0.89,10,0
4/14/2005 23:00,30785.97,8.89,3.3,0.8,5.79,10,0
4/15/2005 0:00,30786,10.56,3.4,0.7,5.5,10,0
4/15/2005 1:00,30786.04,11.11,3.3,0.7,5.64,10,0
4/15/2005 2:00,30786.08,10,3.4,0.5,5.72,10,0
4/15/2005 3:00,30786.13,10.56,3.4,0.5,1.5,10,0
4/15/2005 4:00,30786.17,10,3.6,0.9,0.89,10,0
4/15/2005 5:00,30786.21,10.56,2.9,0.8,5.95,10,17
4/15/2005 6:00,30786.25,10.56,5.5,0.6,0.99,3.15,155
4/15/2005 7:00,30786.29,12.22,6.9,1.8,2.29,2.73,345
4/15/2005 8:00,30786.34,14.44,7.2,2,2.67,1.29,533
4/15/2005 9:00,30786.38,16.11,7.6,1.9,3.11,0,696
4/15/2005 10:00,30786.42,18.33,6.7,1.8,3.23,0,807
4/15/2005 11:00,30786.46,18.89,6.5,1.7,2.57,0,863
4/15/2005 12:00,30786.5,21.11,6.6,1.8,0.8,0,850
4/15/2005 13:00,30786.55,22.78,6.2,1.6,6.21,0,786
4/15/2005 14:00,30786.59,20.56,5.6,1.8,5.52,0,688
4/15/2005 15:00,30786.63,24.44,5.7,2.3,5.1,2.25,522
4/15/2005 16:00,30786.67,25,6.6,2.9,5.13,3.3,338
4/15/2005 17:00,30786.71,23.89,7.7,2.5,5.52,4.63,144
4/15/2005 18:00,30786.76,20,8.2,2,5.48,10,15
4/15/2005 19:00,30786.8,16.11,6.9,1.3,5.32,10,0
4/15/2005 20:00,30786.84,16.67,6.5,0.6,5.86,10,0
4/15/2005 21:00,30786.88,15.56,6.9,0.6,6.13,10,0
4/15/2005 22:00,30786.92,15,7.2,0.5,0.77,10,0
4/15/2005 23:00,30786.97,12.22,7.5,0.5,4.4,10,0
4/16/2005 0:00,30787,13.89,7.1,0.9,0.31,10,0
4/16/2005 1:00,30787.04,13.33,7.2,1,0.58,10,0
4/16/2005 2:00,30787.08,12.78,6.3,0.8,6.11,10,0
4/16/2005 3:00,30787.13,13.33,6,1.1,0.7,10,0
4/16/2005 4:00,30787.17,12.78,5.8,0.7,4.14,10,0
4/16/2005 5:00,30787.21,11.67,5.7,0.9,1.2,10,18
4/16/2005 6:00,30787.25,12.22,8.4,0.9,1.48,2.92,160
4/16/2005 7:00,30787.29,13.89,9.5,1.9,1.78,2.67,349
4/16/2005 8:00,30787.34,15,9.6,2.7,2.15,1.08,538
4/16/2005 9:00,30787.38,20.56,10,2.1,2.44,0,697
4/16/2005 10:00,30787.42,21.67,9.5,1.9,3.14,0,812
4/16/2005 11:00,30787.46,23.89,8.9,1.7,4.52,0,866
4/16/2005 12:00,30787.5,23.33,8.3,1.6,5.36,0,868
4/16/2005 13:00,30787.55,24.44,8.9,1.3,4.15,0,803
4/16/2005 14:00,30787.59,26.67,8.3,1.8,5.52,1.06,681
4/16/2005 15:00,30787.63,28.89,9.7,2.2,5.43,2.72,517
4/16/2005 16:00,30787.67,27.22,9.2,2.5,5.29,4.01,329
4/16/2005 17:00,30787.71,25,11,2.3,5.5,5.28,140
4/16/2005 18:00,30787.76,22.78,10.7,2.1,5.55,10,12
4/16/2005 19:00,30787.8,19.44,10.3,1.5,5.31,10,0
4/16/2005 20:00,30787.84,19.44,10.7,1,5.29,10,0
4/16/2005 21:00,30787.88,17.22,10.7,0.6,4.01,10,0
4/16/2005 22:00,30787.92,16.67,10.4,0.9,1.57,10,0
4/16/2005 23:00,30787.97,13.89,10.6,1.3,4.61,10,0
4/17/2005 0:00,30788,15,10.3,1.8,5.06,10,0
4/17/2005 1:00,30788.04,15.56,10,2,5.24,10,0
4/17/2005 2:00,30788.08,13.89,9.6,1.9,5.18,10,0
4/17/2005 3:00,30788.13,13.89,8.8,1.4,5.59,10,0
4/17/2005 4:00,30788.17,13.89,8.6,1.6,5.11,10,0
4/17/2005 5:00,30788.21,13.89,8.5,2,5.04,10,21
4/17/2005 6:00,30788.25,11.67,9.1,2.9,5.13,5.17,143
4/17/2005 7:00,30788.29,11.11,10.4,3.3,5.22,4.45,322
4/17/2005 8:00,30788.34,15.56,11.3,3.3,5.55,2.4,525
4/17/2005 9:00,30788.38,18.89,11.7,1.7,5.9,0,709
4/17/2005 10:00,30788.42,20.56,11.8,1.4,6.18,0.58,787
4/17/2005 11:00,30788.46,22.22,11.9,1.7,4.69,0,847
4/17/2005 12:00,30788.5,23.33,12,2.9,4.97,0,854
4/17/2005 13:00,30788.55,25,12.5,3.9,5.2,0,793
4/17/2005 14:00,30788.59,26.11,11.4,3.2,5.43,1.35,681
4/17/2005 15:00,30788.63,25,10.1,4,5.39,2.72,520
4/17/2005 16:00,30788.67,23.89,9.6,4.7,5.32,5.1,308
4/17/2005 17:00,30788.71,22.22,9.8,5,5.36,7.66,108
4/17/2005 18:00,30788.76,19.44,9.2,4.6,5.31,10,16
4/17/2005 19:00,30788.8,17.22,7.7,4.1,5.31,10,0
4/17/2005 20:00,30788.84,16.67,5.7,4.1,5.11,10,0
4/17/2005 21:00,30788.88,15,5.5,5.2,5.01,10,0
4/17/2005 22:00,30788.92,12.78,4.3,5.5,5.04,10,0
4/17/2005 23:00,30788.97,16.67,4.5,4.3,5.08,10,0
4/18/2005 0:00,30789,10.56,4.6,4.1,5.11,10,0
4/18/2005 1:00,30789.04,10.56,5,3.9,5.11,10,0
4/18/2005 2:00,30789.08,8.89,5.2,4,5.11,10,0
4/18/2005 3:00,30789.13,8.33,5,3.8,5.22,10,0
4/18/2005 4:00,30789.17,8.33,4.6,3,5.13,10,0
4/18/2005 5:00,30789.21,7.22,4.1,2.9,5.04,10,21
4/18/2005 6:00,30789.25,6.11,4.2,3.5,5.17,0,178
4/18/2005 7:00,30789.29,10,4.2,3.8,5.17,0,376
4/18/2005 8:00,30789.34,12.22,4.2,3.9,5.04,0,565
4/18/2005 9:00,30789.38,13.89,4.7,4,5.29,0,721
4/18/2005 10:00,30789.42,15.56,4.8,3.7,5.08,0,832
4/18/2005 11:00,30789.46,17.22,4.4,3.8,4.99,0,888
4/18/2005 12:00,30789.5,18.89,4.3,3.7,5.18,0,883
4/18/2005 13:00,30789.55,20.56,3.9,4.1,4.97,0,820
4/18/2005 14:00,30789.59,20.56,3.3,3.9,4.96,0,703
4/18/2005 15:00,30789.63,22.22,3.2,4,4.99,1.55,541
4/18/2005 16:00,30789.67,21.11,2.2,3.9,5.1,3.22,349
4/18/2005 17:00,30789.71,20,1.2,4,5.29,4.58,154
4/18/2005 18:00,30789.76,18.33,2,2.6,5.46,10,15
4/18/2005 19:00,30789.8,15,2.3,1.6,5.39,10,0
4/18/2005 20:00,30789.84,14.44,2.6,1.7,5.29,10,0
4/18/2005 21:00,30789.88,14.44,2.3,2.8,5.13,10,0
4/18/2005 22:00,30789.92,10,2.5,3.6,5.1,10,0
4/18/2005 23:00,30789.97,11.11,2.8,3.3,4.94,10,0
4/19/2005 0:00,30790,9.44,2.6,2.6,5.03,10,0
4/19/2005 1:00,30790.04,7.78,2.8,1.7,5.27,10,0
4/19/2005 2:00,30790.08,8.33,2.7,1.8,5.15,10,0
4/19/2005 3:00,30790.13,7.78,2.4,1.7,4.68,10,0
4/19/2005 4:00,30790.17,6.11,1.8,1.7,4.71,10,0
4/19/2005 5:00,30790.21,5.56,1.5,0.7,4.73,10,28
4/19/2005 6:00,30790.25,6.67,2.4,2,5.03,0,190
4/19/2005 7:00,30790.29,10,2.8,3.5,5.03,0,385
4/19/2005 8:00,30790.34,10.56,3.5,2.1,5.39,0,572
4/19/2005 9:00,30790.38,14.44,3.8,1.6,4.76,0,731
4/19/2005 10:00,30790.42,15,3.1,1.8,4.5,0,855.5
4/19/2005 11:00,30790.46,16.11,2.5,2.5,4.82,0,980
4/19/2005 12:00,30790.5,20,2.4,2.6,5.15,0,971
4/19/2005 13:00,30790.55,20.56,2.1,2.8,5.11,0,913
4/19/2005 14:00,30790.59,20.56,0.8,3.2,5.27,3.16,650
4/19/2005 15:00,30790.63,22.78,-0.6,3.6,4.9,4.86,468
4/19/2005 16:00,30790.67,22.22,-0.9,3.7,5.24,1.97,368
4/19/2005 17:00,30790.71,20.56,-1.3,4.3,5.45,2.74,173
4/19/2005 18:00,30790.76,18.33,-0.8,2.7,5.36,10,19
4/19/2005 19:00,30790.8,15,1.7,1.8,0.24,10,0
4/19/2005 20:00,30790.84,13.89,2,0.7,5.95,10,0
4/19/2005 21:00,30790.88,13.33,2.3,0.9,0.68,10,0
4/19/2005 22:00,30790.92,13.89,2.3,0.9,0.12,10,0
4/19/2005 23:00,30790.97,10,2.7,1,0.21,10,0
4/20/2005 0:00,30791,12.78,2.7,0.7,1.76,10,0
4/20/2005 1:00,30791.04,13.33,2.2,0.8,5.39,10,0
4/20/2005 2:00,30791.08,12.78,2.2,0.8,6.06,10,0
4/20/2005 3:00,30791.13,11.67,2.7,0.9,0.91,10,0
4/20/2005 4:00,30791.17,11.67,2,1,0.45,10,0
4/20/2005 5:00,30791.21,12.22,1.5,1,2.27,10,35
4/20/2005 6:00,30791.25,12.22,3.3,0.6,5.78,0,210
4/20/2005 7:00,30791.29,15,1.6,1,1.12,0,427
4/20/2005 8:00,30791.34,15.56,1.5,1.8,2.18,0,628
4/20/2005 9:00,30791.38,21.67,1.9,1.9,3.04,0,787
4/20/2005 10:00,30791.42,20.56,1.1,1.6,3.7,0,884
4/20/2005 11:00,30791.46,22.22,0.2,2.6,5.17,0,956
4/20/2005 12:00,30791.5,23.33,0.1,2.7,4.97,0,952
4/20/2005 13:00,30791.55,24.44,0.5,3.2,4.56,0,887
4/20/2005 14:00,30791.59,24.44,0.8,3.1,5.31,0,762
4/20/2005 15:00,30791.63,24.44,0.8,2.8,5.17,0,585
4/20/2005 16:00,30791.67,23.33,0.8,2.8,5.31,0,384
4/20/2005 17:00,30791.71,22.78,0.8,3,5.29,3.46,171
4/20/2005 18:00,30791.76,21.11,1.9,2.4,5.53,10,17
4/20/2005 19:00,30791.8,16.67,3.4,1.8,5.5,10,0
4/20/2005 20:00,30791.84,16.11,3.8,1.5,6.18,10,0
4/20/2005 21:00,30791.88,16.67,3.7,1,0.35,10,0
4/20/2005 22:00,30791.92,15,3.9,0.8,2.27,10,0
4/20/2005 23:00,30791.97,13.89,4.3,1.1,5.04,10,0
4/21/2005 0:00,30792,12.78,4.7,1.5,4.97,10,0
4/21/2005 1:00,30792.04,12.22,5.5,1.5,5.01,10,0
4/21/2005 2:00,30792.08,11.67,5.4,1.1,5.04,10,0
4/21/2005 3:00,30792.13,11.11,5.2,0.6,5.06,10,0
4/21/2005 4:00,30792.17,10,5.1,0.8,5.11,10,0
4/21/2005 5:00,30792.21,10.56,5.3,1.1,4.63,10,31
4/21/2005 6:00,30792.25,12.22,6.8,1.8,5.1,0,207
4/21/2005 7:00,30792.29,10.56,7,1.3,5.13,0,406
4/21/2005 8:00,30792.34,12.78,7.1,1.3,1.61,0,616
4/21/2005 9:00,30792.38,20,7,2.1,2.25,0,772
4/21/2005 10:00,30792.42,20,6,1.8,2.53,0,887
4/21/2005 11:00,30792.46,22.22,5.8,1.6,3,0,921
4/21/2005 12:00,30792.5,23.33,5.2,1.5,0.44,0,911
4/21/2005 13:00,30792.55,21.67,5.4,1.8,0.45,0,842
4/21/2005 14:00,30792.59,23.33,4.6,2,5.5,0,724
4/21/2005 15:00,30792.63,26.67,4.1,1.4,6.07,2.02,544
4/21/2005 16:00,30792.67,29.44,3.9,2,4.5,2.61,367
4/21/2005 17:00,30792.71,26.11,3.6,2.2,5.03,4.22,167
4/21/2005 18:00,30792.76,22.22,4.5,2.3,5.08,10,14
4/21/2005 19:00,30792.8,19.44,5.4,1.9,5.32,10,0
4/21/2005 20:00,30792.84,17.78,5.9,1.6,5.18,10,0
4/21/2005 21:00,30792.88,17.78,6.1,1,4.92,10,0
4/21/2005 22:00,30792.92,16.67,6.4,0.8,4.69,10,0
4/21/2005 23:00,30792.97,13.89,6.5,0.9,5.86,10,0
4/22/2005 0:00,30793,15,6.3,0.7,3.33,10,0
4/22/2005 1:00,30793.04,15,6.2,0.7,4.42,10,0
4/22/2005 2:00,30793.08,15.56,6.6,0.9,4.69,10,0
4/22/2005 3:00,30793.13,15,6,0.6,4.63,10,0
4/22/2005 4:00,30793.17,13.33,6.1,1,2.04,10,0
4/22/2005 5:00,30793.21,12.78,5.8,0.9,0.38,10,27
4/22/2005 6:00,30793.25,13.33,8,0.6,4.99,0,212
4/22/2005 7:00,30793.29,16.11,8.3,1,5.59,0,414
4/22/2005 8:00,30793.34,21.11,7.9,2,4.49,0,573
4/22/2005 9:00,30793.38,20.56,7.6,1.5,5.1,5.64,558
4/22/2005 10:00,30793.42,22.22,7.2,1.6,3.54,9.37,345
4/22/2005 11:00,30793.46,22.22,7.8,2.4,2.93,10,149
4/22/2005 12:00,30793.5,20,8.6,2.4,2.32,10,95
4/22/2005 13:00,30793.55,18.89,9.4,2.4,0.19,10,82
4/22/2005 14:00,30793.59,18.89,8.9,3.1,1.59,9.97,249
4/22/2005 15:00,30793.63,21.11,7.4,4.1,1.88,8.35,307
4/22/2005 16:00,30793.67,23.33,6,4.1,2.18,7.54,244
4/22/2005 17:00,30793.71,22.22,7,3.5,2.9,4.85,163
4/22/2005 18:00,30793.76,20.56,6.2,4.9,3.37,10,17
4/22/2005 19:00,30793.8,17.22,4.4,4.5,3.23,10,0
4/22/2005 20:00,30793.84,14.44,3.4,3.3,2.78,10,0
4/22/2005 21:00,30793.88,14.44,3.9,2.6,2.39,10,0
4/22/2005 22:00,30793.92,12.22,4.2,2.8,2.6,10,0
4/22/2005 23:00,30793.97,17.22,4.6,2.5,2.08,10,0
4/23/2005 0:00,30794,11.67,4.6,1.8,2.58,10,0
4/23/2005 1:00,30794.04,11.11,4.3,1.4,1.59,10,0
4/23/2005 2:00,30794.08,11.11,4.8,1.7,1.48,10,0
4/23/2005 3:00,30794.13,10.56,5.2,1.6,1.06,10,0
4/23/2005 4:00,30794.17,12.22,4.3,1.2,0.33,10,0
4/23/2005 5:00,30794.21,10.56,4.3,1.4,4.24,10,23
4/23/2005 6:00,30794.25,10,5.6,1.2,4,4.19,172
4/23/2005 7:00,30794.29,12.78,5,1.7,4.01,0,492
4/23/2005 8:00,30794.34,15,4.8,1.5,4.56,0,564
4/23/2005 9:00,30794.38,18.89,5.1,1.3,4.43,5.24,580
4/23/2005 10:00,30794.42,18.33,5.9,1.7,1.48,2.38,776
4/23/2005 11:00,30794.46,19.44,5.7,1.9,2.3,0,863
4/23/2005 12:00,30794.5,21.67,6,2.5,1.64,4.22,757
4/23/2005 13:00,30794.55,21.67,5.6,1.7,1.85,6.58,579
4/23/2005 14:00,30794.59,22.22,5.2,1.6,2.46,3.54,649
4/23/2005 15:00,30794.63,24.44,5.7,2,2.41,2.14,548
4/23/2005 16:00,30794.67,24.44,4.8,1.8,4.05,1.59,384
4/23/2005 17:00,30794.71,21.11,5.2,3.7,4.63,7.35,127
4/23/2005 18:00,30794.76,19.44,7.7,4,4.99,10,20
4/23/2005 19:00,30794.8,15,8.4,3.1,5.38,10,0
4/23/2005 20:00,30794.84,15.56,8.1,3.2,5.24,10,0
4/23/2005 21:00,30794.88,14.44,7.9,3.8,5.17,10,0
4/23/2005 22:00,30794.92,14.44,8.5,3.5,5.17,10,0
4/23/2005 23:00,30794.97,11.67,9.5,3.1,5.13,10,0
4/24/2005 0:00,30795,11.67,9.8,2.8,5.01,10,0
4/24/2005 1:00,30795.04,11.11,9.7,2.3,4.96,10,0
4/24/2005 2:00,30795.08,11.11,9.7,2.3,4.92,10,0
4/24/2005 3:00,30795.13,11.11,9.4,3,4.97,10,0
4/24/2005 4:00,30795.17,10.56,8.5,3,5.04,10,0
4/24/2005 5:00,30795.21,9.44,7.7,2.8,5.15,10,16
4/24/2005 6:00,30795.25,9.44,7.8,3.3,5.18,3.37,183
4/24/2005 7:00,30795.29,10.56,8,3.6,5.27,8.64,202
4/24/2005 8:00,30795.34,12.78,8.6,2.9,5.34,8.68,289
4/24/2005 9:00,30795.38,15,8.6,3.1,4.83,7.44,454
4/24/2005 10:00,30795.42,17.22,8.5,3.3,5.18,0,973
4/24/2005 11:00,30795.46,18.89,7.4,3.1,5.06,4.57,742
4/24/2005 12:00,30795.5,18.33,6.9,2.4,5.13,8.2,483
4/24/2005 13:00,30795.55,20,6.6,2.1,4.56,9.67,317
4/24/2005 14:00,30795.59,18.89,6.2,2.1,4.99,7.94,419
4/24/2005 15:00,30795.63,21.67,5.1,2.8,4.8,5.53,455
4/24/2005 16:00,30795.67,21.11,5.2,4.1,4.97,5.82,307
4/24/2005 17:00,30795.71,19.44,4.9,4,5.08,4.32,175
4/24/2005 18:00,30795.76,17.78,6.1,3.9,5.31,10,21
4/24/2005 19:00,30795.8,14.44,7.4,3.3,5.39,10,0
4/24/2005 20:00,30795.84,14.44,7.4,3.3,5.29,10,0
4/24/2005 21:00,30795.88,12.78,7.5,2.7,5.2,10,0
4/24/2005 22:00,30795.92,12.22,7.4,2.7,5.08,10,0
4/24/2005 23:00,30795.97,12.22,7.4,2.4,4.85,10,0
4/25/2005 0:00,30796,10.56,7.4,2.2,4.97,10,0
4/25/2005 1:00,30796.04,8.89,7.1,3,4.97,10,0
4/25/2005 2:00,30796.08,6.67,6.6,2.7,5.29,10,0
4/25/2005 3:00,30796.13,8.89,5.6,1.3,5.18,10,0
4/25/2005 4:00,30796.17,7.22,6,1.5,4.85,10,0
4/25/2005 5:00,30796.21,6.67,5.9,1.3,5.32,10,38
4/25/2005 6:00,30796.25,10,6.8,2.5,5.32,0,210
4/25/2005 7:00,30796.29,10.56,7.7,2.5,5.41,0,419
4/25/2005 8:00,30796.34,13.89,8.1,2.1,5.59,0,616
4/25/2005 9:00,30796.38,15.56,8.4,1.9,5.83,0,769
4/25/2005 10:00,30796.42,18.33,8.1,2.2,5.48,0,876
4/25/2005 11:00,30796.46,20.56,7.3,2.9,4.82,0,936
4/25/2005 12:00,30796.5,22.22,6.9,2.4,4.64,0,922
4/25/2005 13:00,30796.55,22.78,5.6,2.1,5.29,0,851
4/25/2005 14:00,30796.59,22.78,5,2.3,5.11,0,734
4/25/2005 15:00,30796.63,24.44,5.2,2.2,4.87,1.11,566
4/25/2005 16:00,30796.67,25,5.4,2.4,5.04,3.33,368
4/25/2005 17:00,30796.71,23.89,5.5,2.3,5.04,5.41,164
4/25/2005 18:00,30796.76,20,5.8,1.9,5.04,0,25
4/25/2005 19:00,30796.8,17.22,6.5,1.7,5.25,10,0
4/25/2005 20:00,30796.84,17.22,6.9,1.5,5.48,10,0
4/25/2005 21:00,30796.88,16.11,7.1,0.9,5.55,10,0
4/25/2005 22:00,30796.92,16.67,7.4,0.9,3.14,10,0
4/25/2005 23:00,30796.97,11.11,8,0.8,0.58,10,0
4/26/2005 0:00,30797,16.11,7.5,1.2,4.69,10,0
4/26/2005 1:00,30797.04,13.33,7.8,1.9,5.01,10,0
4/26/2005 2:00,30797.08,11.11,7.3,1.3,5.38,10,0
4/26/2005 3:00,30797.13,12.78,6.9,0.9,5.11,10,0
4/26/2005 4:00,30797.17,12.78,6.5,0.8,4.28,10,0
4/26/2005 5:00,30797.21,13.33,7,0.7,4.45,0,44
4/26/2005 6:00,30797.25,10.56,8.4,1.2,5.62,0,230
4/26/2005 7:00,30797.29,16.11,9.1,1,0.47,0,406
4/26/2005 8:00,30797.34,17.78,9.5,1.3,2.06,4.29,504
4/26/2005 9:00,30797.38,20,9.5,1.5,2.93,1.4,705
4/26/2005 10:00,30797.42,21.67,9.4,1.2,2.44,3.32,755
4/26/2005 11:00,30797.46,24.44,8.9,1.8,5.39,4.8,734
4/26/2005 12:00,30797.5,25.56,8.2,2.1,5.13,3.94,776
4/26/2005 13:00,30797.55,25.56,8.2,2.6,5.34,1.66,799
4/26/2005 14:00,30797.59,28.33,8.4,2.5,5.72,4.34,627
4/26/2005 15:00,30797.63,27.78,7.4,2.5,5.1,6.07,436
4/26/2005 16:00,30797.67,24.44,7,2.7,5.01,7.86,239
4/26/2005 17:00,30797.71,24.44,7.5,2.4,5.29,9.18,93
4/26/2005 18:00,30797.76,20.56,7.9,1.9,5.36,0,14
4/26/2005 19:00,30797.8,19.44,8.1,1.7,5.29,10,0
4/26/2005 20:00,30797.84,17.78,7.7,1.9,5.52,10,0
4/26/2005 21:00,30797.88,17.22,7,1.4,5.22,10,0
4/26/2005 22:00,30797.92,17.78,7.2,0.7,4.52,10,0
4/26/2005 23:00,30797.97,15.56,7.7,1.7,4.78,10,0
4/27/2005 0:00,30798,16.67,7.2,2.3,5.06,10,0
4/27/2005 1:00,30798.04,14.44,7,1.8,5.29,10,0
4/27/2005 2:00,30798.08,15,7,1.4,5.41,10,0
4/27/2005 3:00,30798.13,14.44,7,1.3,5.5,10,0
4/27/2005 4:00,30798.17,12.78,7.1,1.1,2.57,10,0
4/27/2005 5:00,30798.21,13.33,6.9,1,4.07,0,20
4/27/2005 6:00,30798.25,13.33,7.8,0.8,0.79,3.9,187
4/27/2005 7:00,30798.29,16.11,8.8,1.1,1.55,7.23,265
4/27/2005 8:00,30798.34,16.67,9.5,2.3,2.15,2.6,550
4/27/2005 9:00,30798.38,18.89,10,2.7,2.76,0,744
4/27/2005 10:00,30798.42,20,8.9,2.5,2.72,0,821
4/27/2005 11:00,30798.46,23.33,8.1,2.8,3.14,3.36,802
4/27/2005 12:00,30798.5,23.89,7,3.3,2.91,6.74,610
4/27/2005 13:00,30798.55,22.78,5.7,3.5,3.19,10,254
4/27/2005 14:00,30798.59,21.11,3.2,4.4,4.57,7.97,421
4/27/2005 15:00,30798.63,18.89,3.4,4.3,4.4,9.91,208
4/27/2005 16:00,30798.67,19.44,6.4,4.4,3.68,10,110
4/27/2005 17:00,30798.71,18.89,8.3,2.6,3.6,10,61
4/27/2005 18:00,30798.76,16.11,8.5,2.2,2.98,6.75,6
4/27/2005 19:00,30798.8,16.11,8.7,2,2.02,10,0
4/27/2005 20:00,30798.84,15.56,9.1,2.5,1.85,10,0
4/27/2005 21:00,30798.88,13.89,9,2.7,2.32,10,0
4/27/2005 22:00,30798.92,14.44,9.2,1.8,2.11,10,0
4/27/2005 23:00,30798.97,17.22,9.1,2.2,2.83,10,0
4/28/2005 0:00,30799,13.89,9.1,1.6,1.73,10,0
4/28/2005 1:00,30799.04,12.78,9.6,1.4,2.34,10,0
4/28/2005 2:00,30799.08,12.78,9.2,1.9,2.46,10,0
4/28/2005 3:00,30799.13,13.33,9.5,1.7,3.82,10,0
4/28/2005 4:00,30799.17,11.67,9.5,1.8,4.24,10,0
4/28/2005 5:00,30799.21,11.11,9.5,1.9,4.94,5.66,8
4/28/2005 6:00,30799.25,11.67,9.6,1.4,4.17,10,58
4/28/2005 7:00,30799.29,10.56,9.9,1.9,5.48,10,112
4/28/2005 8:00,30799.34,11.67,10,1.3,5.86,10,126
4/28/2005 9:00,30799.38,12.22,10.6,1.9,5.95,8.15,409
4/28/2005 10:00,30799.42,15.56,10.9,2.2,5.78,7.01,557
4/28/2005 11:00,30799.46,20.56,9.8,1.6,5.01,9.82,324
4/28/2005 12:00,30799.5,16.11,10.2,2.6,1.85,10,118
4/28/2005 13:00,30799.55,13.89,11.4,3.9,1.33,8.32,450
4/28/2005 14:00,30799.59,12.78,10.8,3.1,1.59,8.77,360
4/28/2005 15:00,30799.63,14.44,8.5,2.1,3.39,10,53
4/28/2005 16:00,30799.67,14.44,9.2,1.5,2.2,7.48,258
4/28/2005 17:00,30799.71,13.89,9.4,1.9,1.43,5.19,175
4/28/2005 18:00,30799.76,13.89,9.2,0.8,1.83,0,23
4/28/2005 19:00,30799.8,12.22,9,0.9,5.34,10,0
4/28/2005 20:00,30799.84,11.11,8.9,0.7,4.45,10,0
4/28/2005 21:00,30799.88,10.56,8.7,0.9,4.75,10,0
4/28/2005 22:00,30799.92,11.67,8,1.4,1.31,10,0
4/28/2005 23:00,30799.97,13.89,7.5,1,1.06,10,0
4/29/2005 0:00,30800,11.11,6.9,1,0.23,10,0
4/29/2005 1:00,30800.04,11.11,6.8,0.7,0.47,10,0
4/29/2005 2:00,30800.08,11.11,6.5,0.7,2.37,10,0
4/29/2005 3:00,30800.13,10.56,5.4,0.8,0.05,10,0
4/29/2005 4:00,30800.17,10,5.6,1,1.31,10,0
4/29/2005 5:00,30800.21,10,5.9,0.5,4.75,0,46
4/29/2005 6:00,30800.25,11.67,8.5,1.1,3.6,3.48,197
4/29/2005 7:00,30800.29,12.22,9,1.2,1.08,1.88,398
4/29/2005 8:00,30800.34,14.44,9,1.2,0.19,5.95,447
4/29/2005 9:00,30800.38,15.56,9.6,1.3,1.31,0,735
4/29/2005 10:00,30800.42,16.67,9.7,1.5,0.59,3.73,746
4/29/2005 11:00,30800.46,20.56,9.4,1.6,0.28,0,898
4/29/2005 12:00,30800.5,20.56,8.7,1.9,6.2,5.77,682
4/29/2005 13:00,30800.55,20.56,8.4,1.9,5.31,8.66,421
4/29/2005 14:00,30800.59,22.78,8.6,2.2,4.94,4.64,621
4/29/2005 15:00,30800.63,23.89,8.7,2.1,5.79,6.33,430
4/29/2005 16:00,30800.67,21.11,8,1.3,4.42,7.48,260
4/29/2005 17:00,30800.71,22.78,8.8,1.6,5.31,6.34,159
4/29/2005 18:00,30800.76,20.56,9.5,1.4,5.74,0,21
4/29/2005 19:00,30800.8,17.22,9.8,0.8,0.86,10,0
4/29/2005 20:00,30800.84,16.67,10.2,0.6,6.07,10,0
4/29/2005 21:00,30800.88,16.11,10.2,0.8,5.11,10,0
4/29/2005 22:00,30800.92,16.11,10.2,0.9,0.98,10,0
4/29/2005 23:00,30800.97,10.56,10.4,1,4.87,10,0
4/30/2005 0:00,30801,14.44,10,1.1,1.47,10,0
4/30/2005 1:00,30801.04,14.44,9.8,0.7,5.57,10,0
4/30/2005 2:00,30801.08,14.44,9.7,0.7,4.22,10,0
4/30/2005 3:00,30801.13,14.44,9.5,0.5,4.83,10,0
4/30/2005 4:00,30801.17,13.33,9.1,1.1,4.54,10,0
4/30/2005 5:00,30801.21,13.33,9.3,1.3,4.75,0,40
4/30/2005 6:00,30801.25,10.56,10,1.7,5.69,3.67,198
4/30/2005 7:00,30801.29,12.78,10.5,1.4,6.06,5.02,343
4/30/2005 8:00,30801.34,16.67,11.1,1.2,1.15,2.31,563
4/30/2005 9:00,30801.38,21.11,11.5,1.8,2.23,1.85,708
4/30/2005 10:00,30801.42,22.78,11,1.7,2.55,0.34,822
4/30/2005 11:00,30801.46,23.89,10.2,1.9,4.05,0,911
4/30/2005 12:00,30801.5,26.11,10.2,2.3,3.75,4.47,759
4/30/2005 13:00,30801.55,24.44,9.7,2.5,4.85,6.67,585
4/30/2005 14:00,30801.59,26.11,9.2,2.5,4.07,6.28,539
4/30/2005 15:00,30801.63,25.56,8.6,2.4,5.15,9.45,245
4/30/2005 16:00,30801.67,21.67,8.1,3.2,5.18,9.16,187
4/30/2005 17:00,30801.71,21.11,8.1,3.6,5.53,9.58,88
4/30/2005 18:00,30801.76,21.67,8.4,3.7,5.18,0,25
4/30/2005 19:00,30801.8,18.33,9,3.3,5.18,10,0
4/30/2005 20:00,30801.84,16.11,9.1,3.1,5.32,10,0
4/30/2005 21:00,30801.88,17.78,9.4,1.9,4.92,10,0
4/30/2005 22:00,30801.92,17.22,9.5,2.4,4.69,10,0
4/30/2005 23:00,30801.97,16.11,10.3,2.6,5.13,10,0
5/1/2005 0:00,30802,13.89,10.2,2.7,5.18,10,0
5/1/2005 1:00,30802.04,12.78,9.9,2.3,5.04,10,0
5/1/2005 2:00,30802.08,11.67,9.1,2.8,5.18,10,0
5/1/2005 3:00,30802.13,11.67,8.7,2.9,5.45,10,0
5/1/2005 4:00,30802.17,11.67,8.4,2.1,5.43,10,0
5/1/2005 5:00,30802.21,15,8.5,2,4.78,0,42
5/1/2005 6:00,30802.25,12.78,8.7,3,4.9,2.9,208
5/1/2005 7:00,30802.29,13.33,9.7,1.9,4.89,2.79,392
5/1/2005 8:00,30802.34,18.33,10.4,1.6,4.87,2.22,567
5/1/2005 9:00,30802.38,21.11,10.3,2.6,4.63,1.41,717
5/1/2005 10:00,30802.42,22.78,9.6,2.9,4.69,1.04,819
5/1/2005 11:00,30802.46,25,9.1,2.9,4.69,0,879
5/1/2005 12:00,30802.5,25,8.3,2.9,4.61,1.75,857
5/1/2005 13:00,30802.55,26.11,7.6,2.2,4.64,4.81,701
5/1/2005 14:00,30802.59,26.11,7.3,2.7,5.1,7.05,492
5/1/2005 15:00,30802.63,26.11,6.4,2.3,5.55,4.48,510
5/1/2005 16:00,30802.67,26.11,5.4,2.5,5.41,3.95,372
5/1/2005 17:00,30802.71,25.56,6.1,2.5,5.24,5.49,178
5/1/2005 18:00,30802.76,23.33,6.2,2.3,5.11,2.76,21
5/1/2005 19:00,30802.8,19.44,6.5,1.6,5.13,10,0
5/1/2005 20:00,30802.84,18.89,7.6,2,5.22,10,0
5/1/2005 21:00,30802.88,18.89,8,1.5,5.01,10,0
5/1/2005 22:00,30802.92,17.22,8.3,1.7,4.75,10,0
5/1/2005 23:00,30802.97,14.44,8.4,1.3,4.82,10,0
5/2/2005 0:00,30803,15.56,8.7,1.7,4.89,10,0
5/2/2005 1:00,30803.04,15,9,1.9,5.04,10,0
5/2/2005 2:00,30803.08,13.33,8.9,2,5.13,10,0
5/2/2005 3:00,30803.13,12.78,8.5,2.3,5.25,10,0
5/2/2005 4:00,30803.17,11.11,8.2,1.7,5.48,10,0
5/2/2005 5:00,30803.21,12.78,8.3,1.8,4.97,0,48
5/2/2005 6:00,30803.25,15,8.9,2.5,5.03,2.76,212
5/2/2005 7:00,30803.29,12.78,9.8,1.8,5.15,2.77,395
5/2/2005 8:00,30803.34,17.22,10.1,1.7,5.46,2,573
5/2/2005 9:00,30803.38,20,9.8,2.8,4.9,1.36,720
5/2/2005 10:00,30803.42,22.22,9,3.3,5.01,0.75,824
5/2/2005 11:00,30803.46,25.56,8.6,3.6,4.68,0.63,874
5/2/2005 12:00,30803.5,25.56,8.6,3.9,4.78,0.97,871
5/2/2005 13:00,30803.55,26.67,8.6,4.3,4.61,1.84,809
5/2/2005 14:00,30803.59,27.78,8.4,4.4,4.94,2.57,698
5/2/2005 15:00,30803.63,28.33,7.5,4.2,5.24,3.43,544
5/2/2005 16:00,30803.67,26.67,6.5,4.4,5.17,4.41,364
5/2/2005 17:00,30803.71,26.11,6.2,4.5,5.18,5.64,178
5/2/2005 18:00,30803.76,24.44,6.6,3.6,5.15,0,28
5/2/2005 19:00,30803.8,20.56,7.7,3.2,5.2,10,0
5/2/2005 20:00,30803.84,18.89,8.3,3.1,5.36,10,0
5/2/2005 21:00,30803.88,18.89,8.3,2.7,4.87,10,0
5/2/2005 22:00,30803.92,17.22,8.8,3.8,4.89,10,0
5/2/2005 23:00,30803.97,16.11,9.8,3.3,4.99,10,0
5/3/2005 0:00,30804,12.78,9.6,2.5,5.17,10,0
5/3/2005 1:00,30804.04,13.33,9,1.7,5.36,10,0
5/3/2005 2:00,30804.08,12.78,8.8,1.4,5.25,10,0
5/3/2005 3:00,30804.13,13.33,8.5,1.7,4.75,10,0
5/3/2005 4:00,30804.17,11.11,8.5,1.7,5.18,10,0
5/3/2005 5:00,30804.21,11.67,8.3,1.1,0.03,0,53
5/3/2005 6:00,30804.25,14.44,9.3,1.4,5.52,2.18,219
5/3/2005 7:00,30804.29,17.22,10.2,0.9,1.06,3.5,385
5/3/2005 8:00,30804.34,18.89,10.6,1.4,2.11,2.02,575
5/3/2005 9:00,30804.38,21.11,10.2,1.4,2.88,1.21,724
5/3/2005 10:00,30804.42,23.89,10.2,1.7,3.35,0,833
5/3/2005 11:00,30804.46,25.56,10.2,2.1,4.47,1.58,864
5/3/2005 12:00,30804.5,25.56,10,2.5,4.49,4.11,782
5/3/2005 13:00,30804.55,28.33,8.6,2.6,5.45,4.42,724
5/3/2005 14:00,30804.59,28.89,8.4,2.1,5.62,2.92,691
5/3/2005 15:00,30804.63,28.89,7.8,2.2,5.1,6.89,409
5/3/2005 16:00,30804.67,26.67,7.8,2.8,5.24,3.75,381
5/3/2005 17:00,30804.71,28.33,8.1,3.2,5.08,6.01,174
5/3/2005 18:00,30804.76,23.89,8.6,3,5.2,8.86,14
5/3/2005 19:00,30804.8,21.11,9,3.1,5.17,10,0
5/3/2005 20:00,30804.84,20,10,3.2,5.31,10,0
5/3/2005 21:00,30804.88,18.89,10.6,3.7,5.27,10,0
5/3/2005 22:00,30804.92,18.33,10.8,2.4,5.1,10,0
5/3/2005 23:00,30804.97,13.89,11.2,2.3,4.83,10,0
5/4/2005 0:00,30805,16.67,10.6,2.5,4.92,10,0
5/4/2005 1:00,30805.04,14.44,9.9,2.5,5.22,10,0
5/4/2005 2:00,30805.08,15.56,9.6,2.2,5.25,10,0
5/4/2005 3:00,30805.13,13.89,9.1,1.7,5.36,10,0
5/4/2005 4:00,30805.17,15.56,8.9,1.1,5.88,10,0
5/4/2005 5:00,30805.21,13.33,9.1,1.5,5.08,2.32,29
5/4/2005 6:00,30805.25,13.89,9.7,1.9,4.89,5.11,190
5/4/2005 7:00,30805.29,16.11,10.7,1.1,6.16,4.68,361
5/4/2005 8:00,30805.34,20.56,11.3,1,2.36,6.34,438
5/4/2005 9:00,30805.38,21.67,11.4,1.4,2.9,8.37,399
5/4/2005 10:00,30805.42,20.56,11.7,1.3,1.34,7.12,557
5/4/2005 11:00,30805.46,23.33,11.3,1.2,4.26,8.77,440
5/4/2005 12:00,30805.5,22.78,11.9,1.4,0.42,7.95,519
5/4/2005 13:00,30805.55,23.89,11.4,1.5,5.39,7.78,504
5/4/2005 14:00,30805.59,26.67,11,1.5,4.28,8.25,409
5/4/2005 15:00,30805.63,27.22,10.5,2.3,5.08,7.9,353
5/4/2005 16:00,30805.67,25.56,10.8,2.9,4.9,9.87,155
5/4/2005 17:00,30805.71,22.78,10.6,3.9,5.01,9.26,102
5/4/2005 18:00,30805.76,22.78,9.9,4.1,5.22,8.74,16
5/4/2005 19:00,30805.8,19.44,11.1,3.9,5.29,10,0
5/4/2005 20:00,30805.84,18.33,11.7,4.4,5.13,10,0
5/4/2005 21:00,30805.88,16.11,11.1,4.3,5.27,10,0
5/4/2005 22:00,30805.92,16.11,10.4,4.4,5.13,10,0
5/4/2005 23:00,30805.97,17.22,10.4,4.3,4.96,10,0
5/5/2005 0:00,30806,15.56,10.9,4.3,5.08,10,0
5/5/2005 1:00,30806.04,15.56,10.9,4,5.31,10,0
5/5/2005 2:00,30806.08,15,11.2,4.3,4.68,10,0
5/5/2005 3:00,30806.13,13.89,12.2,2.6,5.27,10,0
5/5/2005 4:00,30806.17,13.89,12.3,1.3,6.07,10,0
5/5/2005 5:00,30806.21,13.89,12.3,1.1,1.29,8.39,18
5/5/2005 6:00,30806.25,13.89,12.9,0.9,1.94,10,60
5/5/2005 7:00,30806.29,13.89,12.8,1.5,2.29,10,134
5/5/2005 8:00,30806.34,15.56,13.3,2.1,3.82,10,153
5/5/2005 9:00,30806.38,17.22,13.6,2.6,4.22,10,165
5/5/2005 10:00,30806.42,13.89,13.7,2.6,4.35,10,135
5/5/2005 11:00,30806.46,14.44,12.9,2.3,3.05,10,89
5/5/2005 12:00,30806.5,14.44,12.4,2.3,1.48,10,145
5/5/2005 13:00,30806.55,12.78,12.2,3.3,1.62,10,79
5/5/2005 14:00,30806.59,12.78,12.4,3.7,1.78,10,67
5/5/2005 15:00,30806.63,13.33,12.2,3.1,2.34,10,36
5/5/2005 16:00,30806.67,13.33,12,2.3,1.57,10,39
5/5/2005 17:00,30806.71,13.33,11.5,1.9,1.31,10,54
5/5/2005 18:00,30806.76,13.33,11.2,1.7,1.73,9.13,16
5/5/2005 19:00,30806.8,13.33,10.7,1.3,2.23,10,0
5/5/2005 20:00,30806.84,12.22,10.8,1.3,1.12,10,0
5/5/2005 21:00,30806.88,13.89,10.9,1.1,1.19,10,0
5/5/2005 22:00,30806.92,13.89,11.1,0.8,0.73,10,0
5/5/2005 23:00,30806.97,17.22,10.9,0.9,1.15,10,0
5/6/2005 0:00,30807,12.78,10.7,1.5,1.47,10,0
5/6/2005 1:00,30807.04,11.67,10.7,1.5,1.87,10,0
5/6/2005 2:00,30807.08,12.78,10.7,1,1.95,10,0
5/6/2005 3:00,30807.13,11.67,10.6,1.2,1.88,10,0
5/6/2005 4:00,30807.17,11.67,10.2,1.4,2.25,10,0
5/6/2005 5:00,30807.21,12.22,10.4,1.2,2.57,10,12
5/6/2005 6:00,30807.25,11.67,10.7,1,2.04,10,60
5/6/2005 7:00,30807.29,12.22,11,1.4,2.09,9.17,193
5/6/2005 8:00,30807.34,13.89,11.4,1.1,4.9,6.08,454
5/6/2005 9:00,30807.38,17.22,11.4,2.1,5.29,8.18,417
5/6/2005 10:00,30807.42,18.33,11.1,3.1,5.41,5.76,655
5/6/2005 11:00,30807.46,19.44,10.6,3.1,5.15,5.18,730
5/6/2005 12:00,30807.5,19.44,10.3,3.7,5.04,6.56,637
5/6/2005 13:00,30807.55,21.11,9.5,3.5,4.87,4.34,733
5/6/2005 14:00,30807.59,22.22,8.8,3.7,4.78,5.92,570
5/6/2005 15:00,30807.63,22.22,9.2,3.9,5.25,4.25,528
5/6/2005 16:00,30807.67,22.78,8.8,4,5.1,5.7,337
5/6/2005 17:00,30807.71,21.11,8.2,3.4,5.13,4.03,211
5/6/2005 18:00,30807.76,19.44,7.7,2.9,5.17,0,38
5/6/2005 19:00,30807.8,16.67,8.5,2.4,5.18,10,0
5/6/2005 20:00,30807.84,16.11,9.2,2.5,5.17,10,0
5/6/2005 21:00,30807.88,13.89,9,3.2,4.97,10,0
5/6/2005 22:00,30807.92,12.22,9,3.3,4.87,10,0
5/6/2005 23:00,30807.97,12.78,9.1,3.2,5.11,10,0
5/7/2005 0:00,30808,10,8.9,2.6,5.38,10,0
5/7/2005 1:00,30808.04,10.56,8.5,1.8,5.41,10,0
5/7/2005 2:00,30808.08,10.56,8.5,2.2,5.34,10,0
5/7/2005 3:00,30808.13,10,8.2,2,5.48,10,0
5/7/2005 4:00,30808.17,10.56,7.6,1.2,5.27,10,1
5/7/2005 5:00,30808.21,8.33,7.6,1.1,0.35,0,71
5/7/2005 6:00,30808.25,12.22,8.8,1.2,5.27,1.86,232
5/7/2005 7:00,30808.29,11.67,9.7,2.3,5.36,2.65,409
5/7/2005 8:00,30808.34,15.56,10.3,4,5.55,2.2,581
5/7/2005 9:00,30808.38,20,10.4,3.6,5.31,1.9,722
5/7/2005 10:00,30808.42,21.11,10.2,3.2,5.2,1.05,831
5/7/2005 11:00,30808.46,20.56,9.6,2.3,5.08,3.03,833
5/7/2005 12:00,30808.5,21.67,9,1.9,5.17,1.86,866
5/7/2005 13:00,30808.55,22.78,8.6,2.3,4.19,0,841
5/7/2005 14:00,30808.59,25,7.9,2,4.4,2.18,717
5/7/2005 15:00,30808.63,27.22,7.4,2.1,3.54,4.28,529
5/7/2005 16:00,30808.67,25.56,6.3,2.3,4.9,4.69,368
5/7/2005 17:00,30808.71,22.78,5.7,2.2,4.82,5.12,198
5/7/2005 18:00,30808.76,21.11,5.8,1.8,4.92,5.48,33
5/7/2005 19:00,30808.8,18.33,7.5,1,4.82,10,0
5/7/2005 20:00,30808.84,16.67,7.9,0.6,0.33,10,0
5/7/2005 21:00,30808.88,17.22,8.7,0.7,0.37,10,0
5/7/2005 22:00,30808.92,17.22,9.4,1.4,4.87,10,0
5/7/2005 23:00,30808.97,11.11,8.9,1.6,5.53,10,0
5/8/2005 0:00,30809,13.33,8.9,1.1,4.92,10,0
5/8/2005 1:00,30809.04,14.44,9.3,1.4,5.13,10,0
5/8/2005 2:00,30809.08,13.89,9.5,1,5.52,10,0
5/8/2005 3:00,30809.13,13.89,9.4,1.1,4.59,10,0
5/8/2005 4:00,30809.17,12.78,8.9,0.9,1.36,10,1
5/8/2005 5:00,30809.21,13.89,9.4,0.8,1.22,2.23,41
5/8/2005 6:00,30809.25,15,10.4,1.3,2.72,9.3,105
5/8/2005 7:00,30809.29,13.89,10.9,2.1,2.48,7.81,260
5/8/2005 8:00,30809.34,16.11,11.2,3.1,2.51,6.03,460
5/8/2005 9:00,30809.38,19.44,11.6,3.1,2.25,7.15,495
5/8/2005 10:00,30809.42,19.44,11.9,3.2,2.32,4.38,734
5/8/2005 11:00,30809.46,22.78,11.5,3.4,2.3,3.98,796
5/8/2005 12:00,30809.5,22.22,10.9,2.9,2.71,6.34,656
5/8/2005 13:00,30809.55,21.11,10.7,2.8,2.39,6.15,633
5/8/2005 14:00,30809.59,24.44,10.6,2.8,2.34,9.92,267
5/8/2005 15:00,30809.63,21.67,10.3,2.7,1.92,10,179
5/8/2005 16:00,30809.67,22.22,10.2,3.3,2.06,9.6,173
5/8/2005 17:00,30809.71,20.56,9.7,4.1,3.51,10,42
5/8/2005 18:00,30809.76,17.22,13.2,2.4,3.6,10,13
5/8/2005 19:00,30809.8,16.11,12.2,2.2,2.01,10,0
5/8/2005 20:00,30809.84,15.56,11.5,3,1.94,10,0
5/8/2005 21:00,30809.88,14.44,11.5,3.1,2.09,10,0
5/8/2005 22:00,30809.92,14.44,10.9,3.5,2.62,10,0
5/8/2005 23:00,30809.97,13.33,11.6,2.5,3.05,10,0
5/9/2005 0:00,30810,12.78,11.5,2,2.69,10,0
5/9/2005 1:00,30810.04,12.22,11.9,2.9,2.25,10,0
5/9/2005 2:00,30810.08,12.22,11.7,2.9,2.3,10,0
5/9/2005 3:00,30810.13,12.78,11.5,2.8,2.41,10,0
5/9/2005 4:00,30810.17,13.33,11.2,2.8,2.55,10,0
5/9/2005 5:00,30810.21,12.78,11.4,2.3,2.53,9.63,18
5/9/2005 6:00,30810.25,12.78,11.5,1.7,3.37,9.14,111
5/9/2005 7:00,30810.29,12.22,11.1,1.6,0.21,10,106
5/9/2005 8:00,30810.34,13.33,10.5,2.1,5.9,9.84,224
5/9/2005 9:00,30810.38,16.11,10.6,3.1,0.63,7.84,446
5/9/2005 10:00,30810.42,17.78,11.1,3.3,1.24,7.48,535
5/9/2005 11:00,30810.46,15.56,10.8,3.4,1.05,7.16,593
5/9/2005 12:00,30810.5,15,9.9,4,1.92,10,133
5/9/2005 13:00,30810.55,16.11,10,3.4,1.78,10,93
5/9/2005 14:00,30810.59,11.67,10.4,3.7,1.59,5.77,583
5/9/2005 15:00,30810.63,13.89,9.4,3.8,1.31,8.18,342
5/9/2005 16:00,30810.67,13.33,8.6,2,0.99,10,112
5/9/2005 17:00,30810.71,13.33,9.2,3,3.37,10,9
5/9/2005 18:00,30810.76,13.89,8.8,1.8,2.18,10,16
5/9/2005 19:00,30810.8,10.56,8.6,1.1,5.79,10,0
5/9/2005 20:00,30810.84,10.56,7.9,3.1,5.2,10,0
5/9/2005 21:00,30810.88,11.11,6.4,3.3,5.52,10,0
5/9/2005 22:00,30810.92,11.11,6,1.9,4.89,10,0
5/9/2005 23:00,30810.97,13.89,6,1.9,4.78,10,0
5/10/2005 0:00,30811,8.33,6,1.6,4.63,10,0
5/10/2005 1:00,30811.04,7.78,6.1,1.7,4.78,10,0
5/10/2005 2:00,30811.08,7.78,5.9,1.8,5.67,10,0
5/10/2005 3:00,30811.13,7.78,5.7,2.8,5.25,10,0
5/10/2005 4:00,30811.17,7.78,5.5,2,5.32,10,1
5/10/2005 5:00,30811.21,7.22,5.7,1.8,5.34,0,77
5/10/2005 6:00,30811.25,10.56,6.5,2.6,5.1,0.43,245
5/10/2005 7:00,30811.29,10.56,7.6,3.9,5.24,1.85,426
5/10/2005 8:00,30811.34,15.56,8.1,4.2,5.32,2.15,588
5/10/2005 9:00,30811.38,15.56,7.9,3.8,5.13,0,769
5/10/2005 10:00,30811.42,17.22,8.1,3.8,4.94,3,793
5/10/2005 11:00,30811.46,17.22,8.2,3.6,4.89,1.54,877
5/10/2005 12:00,30811.5,18.89,8.1,3.6,4.94,2.66,850
5/10/2005 13:00,30811.55,19.44,7.7,4.3,4.9,1.94,822
5/10/2005 14:00,30811.59,21.11,6.9,4.4,5.08,2.67,711
5/10/2005 15:00,30811.63,21.67,5.1,4.6,5.13,4.36,532
5/10/2005 16:00,30811.67,21.11,4.6,4.8,5.1,3.96,392
5/10/2005 17:00,30811.71,19.44,4.2,5,5.2,5.21,203
5/10/2005 18:00,30811.76,17.78,4.8,3.8,5.2,4.9,42
5/10/2005 19:00,30811.8,15.56,5.7,3.4,5.13,10,0
5/10/2005 20:00,30811.84,13.89,6,2.8,5.18,10,0
5/10/2005 21:00,30811.88,13.89,6,2,5.45,10,0
5/10/2005 22:00,30811.92,13.89,6.4,3.2,5.11,10,0
5/10/2005 23:00,30811.97,10,7,3.1,5.24,10,0
5/11/2005 0:00,30812,10,7.1,3.7,5.36,10,0
5/11/2005 1:00,30812.04,11.11,6.9,2.3,5.34,10,0
5/11/2005 2:00,30812.08,10.56,6.5,1.6,5.59,10,0
5/11/2005 3:00,30812.13,10,6.1,1,4.43,10,0
5/11/2005 4:00,30812.17,10.56,5.6,0.9,0.75,10,2
5/11/2005 5:00,30812.21,8.89,6.3,1,5.01,0,81
5/11/2005 6:00,30812.25,11.11,7.9,1.9,5.69,1.9,242
5/11/2005 7:00,30812.29,11.67,8.4,1.2,0.1,2.37,422
5/11/2005 8:00,30812.34,15.56,8.5,1.4,2.95,1.9,594
5/11/2005 9:00,30812.38,16.67,8.5,1.6,3.35,1.01,742
5/11/2005 10:00,30812.42,18.33,8.7,2,4.96,0.42,843
5/11/2005 11:00,30812.46,18.89,9.4,2.2,5.36,0,894
5/11/2005 12:00,30812.5,21.11,9.1,2.5,4.83,0,894
5/11/2005 13:00,30812.55,22.78,8.9,2.5,4.96,2.23,817
5/11/2005 14:00,30812.59,25.56,9,3,4.99,2.14,725
5/11/2005 15:00,30812.63,25,8.5,2.9,5.24,4.87,515
5/11/2005 16:00,30812.67,24.44,7.8,3.6,4.92,5.19,362
5/11/2005 17:00,30812.71,23.89,6.8,3.8,4.9,5.67,197
5/11/2005 18:00,30812.76,23.33,6.6,3.1,4.9,5,44
5/11/2005 19:00,30812.8,18.89,6.8,2.1,4.87,10,0
5/11/2005 20:00,30812.84,17.22,7,2,5.18,10,0
5/11/2005 21:00,30812.88,16.11,7.5,2,5.29,10,0
5/11/2005 22:00,30812.92,16.67,7.6,2.2,4.82,10,0
5/11/2005 23:00,30812.97,11.11,7.9,2.3,4.94,10,0
5/12/2005 0:00,30813,15,8.5,1.6,5.08,10,0
5/12/2005 1:00,30813.04,13.33,8.4,1.1,4.87,10,0
5/12/2005 2:00,30813.08,13.89,8.1,1.2,0.31,10,0
5/12/2005 3:00,30813.13,13.89,7.9,0.7,0.44,10,0
5/12/2005 4:00,30813.17,14.44,7.7,0.9,4.26,10,1
5/12/2005 5:00,30813.21,14.44,8.7,0.7,0.84,0,81
5/12/2005 6:00,30813.25,15,10,0.8,0.19,1.63,246
5/12/2005 7:00,30813.29,17.22,10,1.8,2.06,2.15,427
5/12/2005 8:00,30813.34,21.11,10.3,1.9,2.39,1.61,600
5/12/2005 9:00,30813.38,21.67,10.6,1.2,1.54,1.74,734
5/12/2005 10:00,30813.42,23.33,9.6,1.3,4.28,0,856
5/12/2005 11:00,30813.46,22.78,10,1.6,0.24,0.82,890
5/12/2005 12:00,30813.5,23.33,10.3,1.9,4.92,1.01,888
5/12/2005 13:00,30813.55,26.67,10.6,2.4,5.38,2.17,820
5/12/2005 14:00,30813.59,28.33,9.8,2.6,4.66,2.36,722
5/12/2005 15:00,30813.63,28.89,10.1,2.7,4.87,3.4,565
5/12/2005 16:00,30813.67,31.11,9.9,2.9,5.01,6.28,328
5/12/2005 17:00,30813.71,26.67,9.8,2.7,5.25,6.61,180
5/12/2005 18:00,30813.76,25.56,10.3,2.3,5.04,8.39,30
5/12/2005 19:00,30813.8,21.11,9.9,2,5.11,10,0
5/12/2005 20:00,30813.84,19.44,10.1,2.1,5.34,10,0
5/12/2005 21:00,30813.88,21.11,10.5,1.2,4.9,10,0
5/12/2005 22:00,30813.92,18.89,10.7,0.6,4.63,10,0
5/12/2005 23:00,30813.97,13.89,10.7,0.9,5.71,10,0
5/13/2005 0:00,30814,16.67,11.1,1.2,4.89,10,0
5/13/2005 1:00,30814.04,17.22,10.9,0.8,5.81,10,0
5/13/2005 2:00,30814.08,16.11,10.7,0.7,5.59,10,0
5/13/2005 3:00,30814.13,17.22,10.8,0.6,5.01,10,0
5/13/2005 4:00,30814.17,16.11,10.8,0.8,4.96,10,1
5/13/2005 5:00,30814.21,16.67,11,0.5,4.73,5.09,47
5/13/2005 6:00,30814.25,16.11,12.7,0.7,1.1,7.59,158
5/13/2005 7:00,30814.29,18.89,12.7,1.8,1.95,7.58,277
5/13/2005 8:00,30814.34,22.22,12.3,2.5,2.18,7.64,380
5/13/2005 9:00,30814.38,24.44,12.3,2.3,2.32,4.84,636
5/13/2005 10:00,30814.42,25.56,12.2,1.5,2.22,2.05,824
5/13/2005 11:00,30814.46,27.22,12.4,1.5,0.65,1.57,881
5/13/2005 12:00,30814.5,27.22,12.1,1.7,2.65,2.57,857
5/13/2005 13:00,30814.55,28.89,11.9,1.8,4.85,2.31,818
5/13/2005 14:00,30814.59,31.67,11,1.6,1.83,3.44,693
5/13/2005 15:00,30814.63,30,10.9,1.4,3.46,4.58,529
5/13/2005 16:00,30814.67,31.67,11.9,2.8,5.24,4.86,375
5/13/2005 17:00,30814.71,31.11,11.4,2.5,4.78,8.08,146
5/13/2005 18:00,30814.76,26.67,10.5,2.6,4.94,2.82,55
5/13/2005 19:00,30814.8,23.33,11.1,1.6,4.9,10,0
5/13/2005 20:00,30814.84,22.78,11.6,1.5,5.39,10,0
5/13/2005 21:00,30814.88,22.78,12.2,0.8,5.04,10,0
5/13/2005 22:00,30814.92,21.11,12.4,1.3,4.26,10,0
5/13/2005 23:00,30814.97,17.78,12.6,1.6,4.94,10,0
5/14/2005 0:00,30815,18.89,13,2.2,5.2,10,0
5/14/2005 1:00,30815.04,19.44,12.8,2.3,5.2,10,0
5/14/2005 2:00,30815.08,16.11,12.5,1.7,4.94,10,0
5/14/2005 3:00,30815.13,17.78,11.8,1.8,5.25,10,0
5/14/2005 4:00,30815.17,15,11.3,1.9,5.1,10,1
5/14/2005 5:00,30815.21,15.56,11.2,1.9,5.2,0,65
5/14/2005 6:00,30815.25,17.78,11.9,1.9,5.17,4.19,226
5/14/2005 7:00,30815.29,18.33,13,2.1,4.87,3.5,409
5/14/2005 8:00,30815.34,21.11,13,3.1,5.31,2.88,581
5/14/2005 9:00,30815.38,23.33,12.7,2.5,5.25,2.4,724
5/14/2005 10:00,30815.42,26.11,12.6,1.7,4.59,1.98,827
5/14/2005 11:00,30815.46,29.44,13.2,1.7,5.03,1.54,883
5/14/2005 12:00,30815.5,30,12.5,2.3,4.63,1.7,880
5/14/2005 13:00,30815.55,31.11,11,2.3,4.63,1.99,827
5/14/2005 14:00,30815.59,32.22,11.7,2.9,4.85,2.91,711
5/14/2005 15:00,30815.63,33.89,10.2,2.8,4.87,3.66,561
5/14/2005 16:00,30815.67,31.67,9.2,3.2,4.87,4.96,374
5/14/2005 17:00,30815.71,30.56,9.2,3.4,5.03,6.81,179
5/14/2005 18:00,30815.76,28.33,8.2,2.9,5.04,7.41,39
5/14/2005 19:00,30815.8,25,9.7,2.4,5.13,10,0
5/14/2005 20:00,30815.84,23.33,12.1,3,5.24,10,0
5/14/2005 21:00,30815.88,22.22,13.1,2.6,5.15,10,0
5/14/2005 22:00,30815.92,20,13.6,3.4,5.04,10,0
5/14/2005 23:00,30815.97,19.44,13.6,2.8,5.13,10,0
5/15/2005 0:00,30816,17.78,13.7,2.8,5.18,10,0
5/15/2005 1:00,30816.04,17.22,13.4,2.4,5.24,10,0
5/15/2005 2:00,30816.08,17.22,13.1,1.9,5.29,10,0
5/15/2005 3:00,30816.13,17.22,12.6,1.5,5.08,10,0
5/15/2005 4:00,30816.17,15.56,12.3,1.6,5.27,10,1
5/15/2005 5:00,30816.21,16.11,12.6,1.7,5.2,0,68
5/15/2005 6:00,30816.25,16.67,13.3,2.6,5.27,5.81,201
5/15/2005 7:00,30816.29,19.44,14.3,2.6,5.46,4.33,392
5/15/2005 8:00,30816.34,22.22,15,3.3,5.39,2.77,585
5/15/2005 9:00,30816.38,25.56,15,2.2,5.48,2.38,726
5/15/2005 10:00,30816.42,26.67,15.5,2,5.38,2.18,824
5/15/2005 11:00,30816.46,30,16.5,3,5.11,2.24,869
5/15/2005 12:00,30816.5,30.56,15.9,3.4,4.99,2.35,866
5/15/2005 13:00,30816.55,30.56,15,3.2,5.15,2.83,806
5/15/2005 14:00,30816.59,31.67,13.7,2.8,4.92,3.07,708
5/15/2005 15:00,30816.63,32.78,13.4,3.1,5.22,3.85,557
5/15/2005 16:00,30816.67,32.78,13.1,2.8,5.41,4.66,384
5/15/2005 17:00,30816.71,30.56,12.6,3.5,5.22,6.7,183
5/15/2005 18:00,30816.76,27.22,12.3,3.7,5.32,10,16
5/15/2005 19:00,30816.8,25,12.7,3.7,5.18,10,0
5/15/2005 20:00,30816.84,22.78,13.6,3.3,4.96,10,0
5/15/2005 21:00,30816.88,21.11,13.9,4.4,4.92,10,0
5/15/2005 22:00,30816.92,18.89,14,4.4,4.97,10,0
5/15/2005 23:00,30816.97,19.44,14.3,3.5,5.27,10,0
5/16/2005 0:00,30817,17.78,15.1,3.2,5.29,10,0
5/16/2005 1:00,30817.04,18.89,15.7,2.6,4.99,10,0
5/16/2005 2:00,30817.08,16.67,15.8,2.7,4.9,10,0
5/16/2005 3:00,30817.13,16.67,15.8,3.5,5.13,10,0
5/16/2005 4:00,30817.17,16.67,15.6,3.3,5.41,10,0
5/16/2005 5:00,30817.21,16.11,15.2,3.6,5.27,10,20
5/16/2005 6:00,30817.25,16.11,14.2,5.1,5.2,10,44
5/16/2005 7:00,30817.29,13.33,12,6.2,5.34,10,63
5/16/2005 8:00,30817.34,13.33,12.2,5.3,5.31,9.94,221
5/16/2005 9:00,30817.38,16.11,12.7,5.5,5.39,7.64,469
5/16/2005 10:00,30817.42,17.78,11.7,6.2,5.39,3.52,783
5/16/2005 11:00,30817.46,20,10.2,5.6,5.27,3.93,809
5/16/2005 12:00,30817.5,22.22,9.3,5.2,5.25,3.24,838
5/16/2005 13:00,30817.55,22.78,8,5.4,5.1,4.57,736
5/16/2005 14:00,30817.59,22.78,7.1,4.8,5.03,2.28,730
5/16/2005 15:00,30817.63,25,7.2,4.3,5.25,3.27,575
5/16/2005 16:00,30817.67,25.56,6.8,4.5,5.11,4.97,377
5/16/2005 17:00,30817.71,21.67,6.3,3.8,5.27,6.37,192
5/16/2005 18:00,30817.76,21.11,6.6,3.4,5.22,8.75,33
5/16/2005 19:00,30817.8,17.78,7.1,4,4.96,10,0
5/16/2005 20:00,30817.84,15.56,7.5,4.8,4.82,10,0
5/16/2005 21:00,30817.88,13.33,7.9,4.8,4.92,10,0
5/16/2005 22:00,30817.92,12.78,7.6,5.3,5.08,10,0
5/16/2005 23:00,30817.97,17.78,6.3,5.5,5.15,10,0
5/17/2005 0:00,30818,11.11,6.4,4.4,4.96,10,0
5/17/2005 1:00,30818.04,10,6.7,4.1,5.01,10,0
5/17/2005 2:00,30818.08,10,6.9,3.3,5.2,10,0
5/17/2005 3:00,30818.13,9.44,6.9,2,5.29,10,0
5/17/2005 4:00,30818.17,9.44,7,2.5,5.03,10,1
5/17/2005 5:00,30818.21,8.89,7.3,2.8,5.34,0,68
5/17/2005 6:00,30818.25,11.11,7.7,2.9,5.67,4.05,234
5/17/2005 7:00,30818.29,15,8.5,2.5,5.27,2.83,427
5/17/2005 8:00,30818.34,16.11,8.8,3.2,4.97,2.35,597
5/17/2005 9:00,30818.38,19.44,9.2,2.6,4.92,2.01,737
5/17/2005 10:00,30818.42,19.44,8.9,2.8,4.92,1.85,834
5/17/2005 11:00,30818.46,21.67,7.5,2.3,4.4,3.94,810
5/17/2005 12:00,30818.5,22.78,7,2.2,5.08,4.21,797
5/17/2005 13:00,30818.55,23.89,6.3,2,6.06,2.52,818
5/17/2005 14:00,30818.59,23.89,5.4,1.8,0.47,4.23,669
5/17/2005 15:00,30818.63,28.89,4.6,2.1,4.29,6.45,452
5/17/2005 16:00,30818.67,25,4.5,2.2,5.6,8.88,220
5/17/2005 17:00,30818.71,22.78,4.9,2.6,5.32,9.49,109
5/17/2005 18:00,30818.76,20.56,5.4,2.6,5.55,10,21
5/17/2005 19:00,30818.8,18.89,6.1,1.9,5.2,10,0
5/17/2005 20:00,30818.84,18.33,6.7,1.5,4.8,10,0
5/17/2005 21:00,30818.88,17.22,8,1.3,4.73,10,0
5/17/2005 22:00,30818.92,16.67,7.8,3,5.15,10,0
5/17/2005 23:00,30818.97,12.22,8,2.1,5.34,10,0
5/18/2005 0:00,30819,15,8.5,1,5.03,10,0
5/18/2005 1:00,30819.04,17.78,8.7,0.7,2.09,10,0
5/18/2005 2:00,30819.08,16.67,9.3,0.9,1.36,10,0
5/18/2005 3:00,30819.13,17.78,9.6,1.3,1.4,10,0
5/18/2005 4:00,30819.17,17.22,9.6,1.7,2.06,10,1
5/18/2005 5:00,30819.21,16.67,10.6,1.6,2.04,5.63,55
5/18/2005 6:00,30819.25,17.78,11.1,2.5,2.25,7.08,178
5/18/2005 7:00,30819.29,19.44,11.4,3,2.32,4.71,387
5/18/2005 8:00,30819.34,22.78,11.2,2.7,2.23,5.38,504
5/18/2005 9:00,30819.38,24.44,10.1,3.1,2.18,0,767
5/18/2005 10:00,30819.42,26.67,9.4,2.9,2.34,0,857
5/18/2005 11:00,30819.46,26.67,8.6,3,2.67,1.65,886
5/18/2005 12:00,30819.5,27.22,8.1,2.4,2.15,0,942
5/18/2005 13:00,30819.55,30,7.8,2.1,2.53,5.43,691
5/18/2005 14:00,30819.59,28.89,7.4,1.8,2.6,4.76,647
5/18/2005 15:00,30819.63,31.67,7.3,2,3.21,3.7,566
5/18/2005 16:00,30819.67,28.33,8.1,1.9,2.36,5.77,355
5/18/2005 17:00,30819.71,33.33,8.8,1.6,2.51,6,203
5/18/2005 18:00,30819.76,28.33,10.6,1.8,1.2,7.01,48
5/18/2005 19:00,30819.8,25.56,9.4,1.8,1.26,10,1
5/18/2005 20:00,30819.84,24.44,10.2,2.5,5.06,10,0
5/18/2005 21:00,30819.88,19.44,12.7,4.1,5.17,10,0
5/18/2005 22:00,30819.92,17.78,12.8,4.1,5.39,10,0
5/18/2005 23:00,30819.97,16.11,12.7,3.8,5.5,10,0
5/19/2005 0:00,30820,17.78,12.6,3.3,5.39,10,0
5/19/2005 1:00,30820.04,18.89,12.5,2.3,5.34,10,0
5/19/2005 2:00,30820.08,17.78,12.6,2.5,5.41,10,0
5/19/2005 3:00,30820.13,17.22,12.4,1.8,5.43,10,0
5/19/2005 4:00,30820.17,17.22,12,0.9,4.63,10,2
5/19/2005 5:00,30820.21,17.22,12.5,0.7,3.26,0,78
5/19/2005 6:00,30820.25,18.33,13.3,1.3,5.85,3.5,245
5/19/2005 7:00,30820.29,21.11,14.2,2.6,5.64,3.19,424
5/19/2005 8:00,30820.34,25,14.9,2.1,5.36,2.83,590
5/19/2005 9:00,30820.38,25,15.4,2,5.67,2.49,729
5/19/2005 10:00,30820.42,25,15.2,1.7,5.25,2.23,828
5/19/2005 11:00,30820.46,25.56,14.9,1.8,5.64,2.11,877
5/19/2005 12:00,30820.5,26.67,14.6,1.7,5.52,2.16,876
5/19/2005 13:00,30820.55,30,14.3,2.3,5.18,3.17,800
5/19/2005 14:00,30820.59,32.78,14,2.4,4.85,4.57,657
5/19/2005 15:00,30820.63,32.22,14.3,3.1,5.03,3.33,578
5/19/2005 16:00,30820.67,32.78,13.7,3.1,5.03,6.01,348
5/19/2005 17:00,30820.71,28.89,14,3.2,5.17,10,51
5/19/2005 18:00,30820.76,26.67,14.5,2.4,4.9,6.32,54
5/19/2005 19:00,30820.8,25.56,14.8,3.8,5.24,10,1
5/19/2005 20:00,30820.84,21.67,14.7,5.3,5.2,10,0
5/19/2005 21:00,30820.88,18.89,14.3,5.7,5.22,10,0
5/19/2005 22:00,30820.92,18.33,14.1,4.7,5.2,10,0
5/19/2005 23:00,30820.97,18.89,13.6,3.8,5.03,10,0
5/20/2005 0:00,30821,16.11,13,3.6,5.08,10,0
5/20/2005 1:00,30821.04,14.44,12.8,3.8,5.18,10,0
5/20/2005 2:00,30821.08,13.89,12.7,4,5.15,10,0
5/20/2005 3:00,30821.13,14.44,12.1,3.4,5.1,10,0
5/20/2005 4:00,30821.17,13.33,10.5,4.4,5.17,10,3
5/20/2005 5:00,30821.21,13.89,9.9,4.6,5.15,2.48,71
5/20/2005 6:00,30821.25,14.44,9.9,5.1,5.29,4.3,236
5/20/2005 7:00,30821.29,15.56,8.9,5.7,5.32,3.38,422
5/20/2005 8:00,30821.34,16.67,7.5,6,5.22,2.44,600
5/20/2005 9:00,30821.38,18.89,5.6,6.1,5.15,7.32,496
5/20/2005 10:00,30821.42,21.11,4.9,5.5,5.15,8.42,462
5/20/2005 11:00,30821.46,20.56,5,5.2,5.27,8.97,431
5/20/2005 12:00,30821.5,23.33,5.8,4.8,5.22,9.21,406
5/20/2005 13:00,30821.55,25,8.2,3.8,5.03,7.1,576
5/20/2005 14:00,30821.59,23.89,8.6,4.1,4.89,8.87,372
5/20/2005 15:00,30821.63,24.44,8.5,3.5,5.13,6.05,476
5/20/2005 16:00,30821.67,26.11,8.5,3.8,5.08,8.18,258
5/20/2005 17:00,30821.71,25,6.6,4.2,4.92,8.49,143
5/20/2005 18:00,30821.76,23.89,4.4,4.2,4.83,7.03,51
5/20/2005 19:00,30821.8,21.67,4.2,3.9,4.9,10,0
5/20/2005 20:00,30821.84,20,4.6,3.9,5.03,10,0
5/20/2005 21:00,30821.88,17.78,6,3.4,5.1,10,0
5/20/2005 22:00,30821.92,15.56,7.6,3.2,4.97,10,0
5/20/2005 23:00,30821.97,17.22,8.6,4,5.06,10,0
5/21/2005 0:00,30822,13.33,8.8,3.7,5.06,10,0
5/21/2005 1:00,30822.04,12.78,8.8,3.2,5.06,10,0
5/21/2005 2:00,30822.08,12.78,8.8,2.3,4.9,10,0
5/21/2005 3:00,30822.13,12.78,8.7,2.4,4.99,10,0
5/21/2005 4:00,30822.17,12.78,8.6,2.1,5.2,10,3
5/21/2005 5:00,30822.21,13.89,8.9,2.3,5.25,0,78
5/21/2005 6:00,30822.25,17.22,9.6,3.1,5.06,3.63,247
5/21/2005 7:00,30822.29,15.56,10.5,3.2,5.01,3.1,429
5/21/2005 8:00,30822.34,21.11,10.9,2.6,5.17,2.7,596
5/21/2005 9:00,30822.38,22.78,10.9,2.1,4.47,2.26,737
5/21/2005 10:00,30822.42,24.44,10.8,1.9,4.45,1.85,839
5/21/2005 11:00,30822.46,26.11,11,1.9,5.69,1.68,889
5/21/2005 12:00,30822.5,28.89,11.5,2.4,5.08,2,882
5/21/2005 13:00,30822.55,29.44,11.9,2.6,4.71,2.4,826
5/21/2005 14:00,30822.59,30,11.4,3.2,5.13,3.13,714
5/21/2005 15:00,30822.63,30,7.5,3.4,5.08,3.54,575
5/21/2005 16:00,30822.67,30.56,5.7,3.5,5.04,4.23,405
5/21/2005 17:00,30822.71,30,5.7,4.3,4.92,5.28,222
5/21/2005 18:00,30822.76,26.67,5.5,3.7,4.85,6.05,59
5/21/2005 19:00,30822.8,24.44,5.7,3,4.76,10,1
5/21/2005 20:00,30822.84,21.11,6.3,2.2,4.78,10,0
5/21/2005 21:00,30822.88,21.11,6.5,1.8,4.85,10,0
5/21/2005 22:00,30822.92,21.11,7,2.2,4.9,10,0
5/21/2005 23:00,30822.97,15,7.3,1.3,5.04,10,0
5/22/2005 0:00,30823,18.33,8.1,1.6,5.52,10,0
5/22/2005 1:00,30823.04,18.89,8.1,1.2,5.43,10,0
5/22/2005 2:00,30823.08,17.78,8.7,0.9,5.72,10,0
5/22/2005 3:00,30823.13,16.67,8.9,1.2,5.04,10,0
5/22/2005 4:00,30823.17,17.78,9.1,0.7,4.03,10,3
5/22/2005 5:00,30823.21,17.22,9.8,0.8,5.32,0,85
5/22/2005 6:00,30823.25,18.33,10.4,1,5.11,3.45,251
5/22/2005 7:00,30823.29,19.44,11,0.9,4.83,3.08,431
5/22/2005 8:00,30823.34,24.44,11.6,1.3,2.64,2.71,597
5/22/2005 9:00,30823.38,27.22,11.3,1.5,3.19,2.27,738
5/22/2005 10:00,30823.42,27.22,11.8,1.6,3.32,2.04,836
5/22/2005 11:00,30823.46,28.89,11.4,1.8,4.63,1.87,886
5/22/2005 12:00,30823.5,30,11.5,2.1,4.97,2,883
5/22/2005 13:00,30823.55,31.11,11.5,2.5,5.04,2.37,828
5/22/2005 14:00,30823.59,35,11.4,3.5,5.1,2.9,722
5/22/2005 15:00,30823.63,35.56,10.5,5.4,5.04,3.55,576
5/22/2005 16:00,30823.67,34.44,10.6,5.2,4.9,4.36,403
5/22/2005 17:00,30823.71,34.44,10,5.5,4.99,5.25,224
5/22/2005 18:00,30823.76,31.11,10,4.3,4.99,5.65,63
5/22/2005 19:00,30823.8,26.67,9.4,3.8,5.04,10,1
5/22/2005 20:00,30823.84,24.44,9.3,3.5,5.03,10,0
5/22/2005 21:00,30823.88,23.33,10.7,3.7,4.99,10,0
5/22/2005 22:00,30823.92,20,10.5,3.6,5.08,10,0
5/22/2005 23:00,30823.97,17.78,9.5,3.8,5.13,10,0
5/23/2005 0:00,30824,17.22,8.8,3.7,5.08,10,0
5/23/2005 1:00,30824.04,15,8.7,2.6,5.31,10,0
5/23/2005 2:00,30824.08,15.56,8.8,2.4,4.97,10,0
5/23/2005 3:00,30824.13,16.11,8.7,2.4,4.92,10,0
5/23/2005 4:00,30824.17,13.89,8.4,2.6,5.29,10,3
5/23/2005 5:00,30824.21,13.33,8.8,2.3,5.38,0,89
5/23/2005 6:00,30824.25,17.78,9.2,3.3,5.38,2.9,259
5/23/2005 7:00,30824.29,17.78,9.2,4.1,5.17,2.51,442
5/23/2005 8:00,30824.34,23.33,9.4,4.2,5.13,2,612
5/23/2005 9:00,30824.38,26.11,10.6,3.2,5.2,1.79,749
5/23/2005 10:00,30824.42,28.89,11.4,2.4,5.04,3.37,797
5/23/2005 11:00,30824.46,30.56,11.8,2.4,4.57,1.46,895
5/23/2005 12:00,30824.5,30,12.3,2.7,4.52,2.04,883
5/23/2005 13:00,30824.55,32.22,12.9,2.6,4.73,2.13,835
5/23/2005 14:00,30824.59,33.33,12.5,3,4.89,2.54,733
5/23/2005 15:00,30824.63,33.89,12.2,3.2,5.04,2.65,600
5/23/2005 16:00,30824.67,32.22,12.2,3.8,5.13,3.81,418
5/23/2005 17:00,30824.71,32.22,12.4,4.1,4.99,3.65,251
5/23/2005 18:00,30824.76,30.56,12.3,3.4,5.08,1.74,80
5/23/2005 19:00,30824.8,26.11,12,2.5,4.85,10,1
5/23/2005 20:00,30824.84,24.44,11.6,2.8,4.89,10,0
5/23/2005 21:00,30824.88,22.78,11.5,2.2,5.01,10,0
5/23/2005 22:00,30824.92,21.11,11.2,2.9,5.03,10,0
5/23/2005 23:00,30824.97,18.89,11.3,3,5.22,10,0
5/24/2005 0:00,30825,20.56,11.3,1.9,5.22,10,0
5/24/2005 1:00,30825.04,19.44,11.5,1.6,5.06,10,0
5/24/2005 2:00,30825.08,20,11.4,0.7,4.49,10,0
5/24/2005 3:00,30825.13,19.44,11.3,1.2,4.9,10,0
5/24/2005 4:00,30825.17,19.44,11.1,0.7,4.45,10,3
5/24/2005 5:00,30825.21,16.67,11.5,1.5,4.94,0,88
5/24/2005 6:00,30825.25,18.89,12.2,1.9,4.97,3.4,255
5/24/2005 7:00,30825.29,21.11,12.9,1.5,5.17,3.02,435
5/24/2005 8:00,30825.34,26.67,13.7,1.5,4.52,2.56,603
5/24/2005 9:00,30825.38,26.67,13.6,2,4.35,2.1,744
5/24/2005 10:00,30825.42,28.89,13.4,2.5,4.31,2,839
5/24/2005 11:00,30825.46,31.11,13,1.8,4.92,1.87,888
5/24/2005 12:00,30825.5,32.22,12.8,2.1,4.52,2.04,884
5/24/2005 13:00,30825.55,33.33,11.3,1.7,4.73,2.33,831
5/24/2005 14:00,30825.59,32.22,11,1.7,5.32,2.95,723
5/24/2005 15:00,30825.63,36.11,11.9,2,5.01,3.73,573
5/24/2005 16:00,30825.67,36.11,11.8,2.5,4.66,4.61,399
5/24/2005 17:00,30825.71,33.89,12.2,2.4,4.75,5.66,219
5/24/2005 18:00,30825.76,31.67,12.3,2.4,5.11,6.73,59
5/24/2005 19:00,30825.8,28.33,11.7,1.8,5.01,10,1
5/24/2005 20:00,30825.84,26.11,9.5,1.8,5.24,10,0
5/24/2005 21:00,30825.88,25,10.1,1.3,4.97,10,0
5/24/2005 22:00,30825.92,23.89,10.6,0.9,4,10,0
5/24/2005 23:00,30825.97,21.11,10.4,1.1,4.33,10,0
5/25/2005 0:00,30826,23.33,10.5,1.1,4.69,10,0
5/25/2005 1:00,30826.04,22.22,10.9,1.1,5.9,10,0
5/25/2005 2:00,30826.08,21.67,11.4,0.8,4.5,10,0
5/25/2005 3:00,30826.13,21.11,11.3,0.5,2.3,10,0
5/25/2005 4:00,30826.17,21.11,12.1,0.9,1.31,10,3
5/25/2005 5:00,30826.21,20.56,12.7,0.7,5.25,1.67,83
5/25/2005 6:00,30826.25,21.11,14.4,1,1.99,4.04,248
5/25/2005 7:00,30826.29,23.89,14.6,2.2,2.5,3.4,429
5/25/2005 8:00,30826.34,29.44,14.2,2.1,2.37,2.88,597
5/25/2005 9:00,30826.38,31.11,13.1,1.8,2.71,2.33,740
5/25/2005 10:00,30826.42,33.89,12.5,1.5,3.11,2.04,839
5/25/2005 11:00,30826.46,33.89,10.6,1.7,4.47,1.95,887
5/25/2005 12:00,30826.5,35,7.6,2.3,5.22,1.62,894
5/25/2005 13:00,30826.55,34.44,10.6,2.4,5.15,2.55,826
5/25/2005 14:00,30826.59,37.22,9.8,2.5,5.11,2.98,723
5/25/2005 15:00,30826.63,38.33,9.9,2.7,5.11,3.74,574
5/25/2005 16:00,30826.67,37.22,9.8,3.4,5.13,4.66,399
5/25/2005 17:00,30826.71,36.11,8,3.7,5.04,5.68,220
5/25/2005 18:00,30826.76,33.33,8.5,3.1,4.87,6.78,60
5/25/2005 19:00,30826.8,29.44,8.6,2.5,5.03,10,1
5/25/2005 20:00,30826.84,27.78,9.3,2.5,5.08,10,0
5/25/2005 21:00,30826.88,26.11,10.5,2.5,5.04,10,0
5/25/2005 22:00,30826.92,25,10,4.2,4.99,10,0
5/25/2005 23:00,30826.97,22.78,10.3,3.6,5.1,10,0
5/26/2005 0:00,30827,22.78,10.8,2.3,5.13,10,0
5/26/2005 1:00,30827.04,22.22,11.1,1.3,5.06,10,0
5/26/2005 2:00,30827.08,21.11,11.4,1.4,5.34,10,0
5/26/2005 3:00,30827.13,20.56,11.5,1.5,4.78,10,0
5/26/2005 4:00,30827.17,20,11.6,1.6,5.15,10,3
5/26/2005 5:00,30827.21,20,12.2,1.1,4.92,2.81,82
5/26/2005 6:00,30827.25,20.56,12.1,1.6,4.96,4.28,246
5/26/2005 7:00,30827.29,23.33,12.4,1,6.07,3.74,423
5/26/2005 8:00,30827.34,26.67,13.2,1.7,2.11,3.28,588
5/26/2005 9:00,30827.38,30,14,3.3,2.13,2.98,724
5/26/2005 10:00,30827.42,32.22,13.8,2.7,2.46,2.68,823
5/26/2005 11:00,30827.46,32.22,13.4,1.8,2.81,2.48,874
5/26/2005 12:00,30827.5,33.33,12.9,1.6,0.7,2.61,870
5/26/2005 13:00,30827.55,35.56,13.4,2.1,5.01,3.12,809
5/26/2005 14:00,30827.59,35,13.8,2.3,4.69,3.51,707
5/26/2005 15:00,30827.63,37.78,11.3,3.8,5.11,3.93,569
5/26/2005 16:00,30827.67,37.78,7.4,4.4,5.18,4.56,403
5/26/2005 17:00,30827.71,35,7.4,4.6,5.11,5.49,225
5/26/2005 18:00,30827.76,33.33,7.4,4.2,5.03,6.56,63
5/26/2005 19:00,30827.8,28.89,8.7,3.5,4.99,10,1
5/26/2005 20:00,30827.84,27.78,10.7,3.1,5.11,10,0
5/26/2005 21:00,30827.88,26.11,11.5,2.9,5.04,10,0
5/26/2005 22:00,30827.92,23.89,12,3.2,4.8,10,0
5/26/2005 23:00,30827.97,24.44,12.9,3.3,4.97,10,0
5/27/2005 0:00,30828,22.22,13.3,2.6,5.17,10,0
5/27/2005 1:00,30828.04,21.11,12.7,2.6,5.25,10,0
5/27/2005 2:00,30828.08,20.56,12.2,1.9,5.01,10,0
5/27/2005 3:00,30828.13,18.89,12,1.3,5.52,10,0
5/27/2005 4:00,30828.17,18.33,11.9,1.3,5.52,10,3
5/27/2005 5:00,30828.21,17.22,12.3,1.5,5.57,3.8,80
5/27/2005 6:00,30828.25,18.89,13.2,2.2,5.48,4.24,248
5/27/2005 7:00,30828.29,23.89,14,1.1,5.62,3.62,427
5/27/2005 8:00,30828.34,25,14.6,1.3,5.43,3.06,595
5/27/2005 9:00,30828.38,26.67,14.6,1.7,5.64,2.54,737
5/27/2005 10:00,30828.42,29.44,13.9,1.8,4.57,2.17,838
5/27/2005 11:00,30828.46,31.67,12.5,2,4.38,1.98,888
5/27/2005 12:00,30828.5,32.78,11.5,2.3,4.68,2.11,885
5/27/2005 13:00,30828.55,35,11.1,2.3,5.1,2.51,829
5/27/2005 14:00,30828.59,36.11,10.4,2.7,4.61,2.85,729
5/27/2005 15:00,30828.63,36.67,10,2.8,4.71,3.55,582
5/27/2005 16:00,30828.67,37.22,8.1,3,5.01,4.49,406
5/27/2005 17:00,30828.71,36.11,6.4,3.1,5.1,5.51,226
5/27/2005 18:00,30828.76,32.22,8.9,3.2,5.15,6.98,61
5/27/2005 19:00,30828.8,28.89,11.8,3.3,5.11,10,1
5/27/2005 20:00,30828.84,26.11,13.6,2.6,4.85,10,0
5/27/2005 21:00,30828.88,25.56,12.7,2.7,4.8,10,0
5/27/2005 22:00,30828.92,22.78,12.2,3.5,4.89,10,0
5/27/2005 23:00,30828.97,22.78,11.8,3.5,4.87,10,0
5/28/2005 0:00,30829,17.78,10.6,2.8,5.06,10,0
5/28/2005 1:00,30829.04,16.67,9.5,2.9,5.15,10,0
5/28/2005 2:00,30829.08,15.56,8.7,2.9,5.06,10,0
5/28/2005 3:00,30829.13,15,8.1,2.7,5.27,10,0
5/28/2005 4:00,30829.17,13.89,7.9,1.7,5.06,10,3
5/28/2005 5:00,30829.21,14.44,8.3,2.2,5.17,3.48,83
5/28/2005 6:00,30829.25,17.22,9.2,2.8,5.25,3.49,260
5/28/2005 7:00,30829.29,19.44,9.3,2.8,5.06,3.2,437
5/28/2005 8:00,30829.34,23.89,8.6,2.9,5.08,2.73,604
5/28/2005 9:00,30829.38,25.56,7.8,3.7,5.06,3.53,708
5/28/2005 10:00,30829.42,28.89,6.9,3.9,4.96,3.11,811
5/28/2005 11:00,30829.46,32.22,8,3.8,4.94,2.29,881
5/28/2005 12:00,30829.5,28.89,5.4,4.6,5.03,3.13,854
5/28/2005 13:00,30829.55,30.56,4.3,4.8,5.03,3.54,795
5/28/2005 14:00,30829.59,31.11,3.7,4.6,5.15,4.63,663
5/28/2005 15:00,30829.63,30,1.9,5.6,5.11,4.4,555
5/28/2005 16:00,30829.67,28.89,3.2,4.7,5.06,7.97,275
5/28/2005 17:00,30829.71,27.78,3.9,5.1,5.08,10,84
5/28/2005 18:00,30829.76,22.78,3.4,5.5,5.1,8.72,46
5/28/2005 19:00,30829.8,20.56,2,5,5.08,10,2
5/28/2005 20:00,30829.84,18.33,1.8,4.9,5.1,10,0
5/28/2005 21:00,30829.88,17.22,4.9,4.3,5.03,10,0
5/28/2005 22:00,30829.92,15.56,5.1,4.4,4.92,10,0
5/28/2005 23:00,30829.97,20,5.2,4.4,4.92,10,0
5/29/2005 0:00,30830,11.67,6.5,3.9,5.03,10,0
5/29/2005 1:00,30830.04,11.11,7.3,3.6,5.04,10,0
5/29/2005 2:00,30830.08,10,7.6,3.5,5.13,10,0
5/29/2005 3:00,30830.13,10,7.2,4.4,5.06,10,0
5/29/2005 4:00,30830.17,10,7,2.9,5.15,10,3
5/29/2005 5:00,30830.21,8.89,7.1,2.9,5.31,2.84,87
5/29/2005 6:00,30830.25,12.78,7.2,4.4,5.38,3.52,261
5/29/2005 7:00,30830.29,16.11,6.8,5.2,5.29,2.89,444
5/29/2005 8:00,30830.34,20,6.8,4.7,5.08,2.4,612
5/29/2005 9:00,30830.38,20,7,4.5,4.94,2.11,749
5/29/2005 10:00,30830.42,21.67,7.5,3.9,5.11,2.07,842
5/29/2005 11:00,30830.46,23.89,7.7,3.2,4.75,2.05,888
5/29/2005 12:00,30830.5,25,7.2,3,4.57,2.21,884
5/29/2005 13:00,30830.55,26.11,6.9,3.4,4.61,2.5,831
5/29/2005 14:00,30830.59,27.78,6.8,3.1,4.68,3.01,726
5/29/2005 15:00,30830.63,26.67,6.8,3.8,4.76,3.78,577
5/29/2005 16:00,30830.67,27.22,5.3,3.7,4.96,4.61,405
5/29/2005 17:00,30830.71,25.56,5.3,3.9,5.15,5.67,225
5/29/2005 18:00,30830.76,23.89,5.8,4.4,5.1,7.14,62
5/29/2005 19:00,30830.8,20.56,6.8,3.9,5.03,10,1
5/29/2005 20:00,30830.84,19.44,7.4,3.6,5.06,10,0
5/29/2005 21:00,30830.88,17.78,7.8,3.7,5.11,10,0
5/29/2005 22:00,30830.92,15.56,9,3.9,4.96,10,0
5/29/2005 23:00,30830.97,13.33,9.4,3.4,5.1,10,0
5/30/2005 0:00,30831,15,9.4,3.2,4.92,10,0
5/30/2005 1:00,30831.04,12.78,9,2.3,4.9,10,0
5/30/2005 2:00,30831.08,12.22,8.8,1.7,4.89,10,0
5/30/2005 3:00,30831.13,12.22,8.5,1.3,5.24,10,0
5/30/2005 4:00,30831.17,11.67,8.5,1.3,5.25,10,4
5/30/2005 5:00,30831.21,14.44,9.1,1.2,5.08,4.15,83
5/30/2005 6:00,30831.25,15.56,9.9,1,5.72,4.24,252
5/30/2005 7:00,30831.29,16.11,10.2,0.9,1.87,3.6,431
5/30/2005 8:00,30831.34,20.56,10.7,1.4,3.39,3.06,598
5/30/2005 9:00,30831.38,22.22,10.7,2,4.45,2.72,735
5/30/2005 10:00,30831.42,24.44,11.1,1.5,5.62,2.52,831
5/30/2005 11:00,30831.46,26.11,10,1.8,5.41,2.42,879
5/30/2005 12:00,30831.5,27.78,10.4,2.1,4.83,2.55,875
5/30/2005 13:00,30831.55,27.78,8.7,2.3,4.71,2.89,820
5/30/2005 14:00,30831.59,27.22,7.9,2.5,5.57,3.17,722
5/30/2005 15:00,30831.63,29.44,8.1,1.9,5.41,4.29,561
5/30/2005 16:00,30831.67,31.67,9.2,2.3,4.92,5.05,393
5/30/2005 17:00,30831.71,30.56,9.2,2,4.9,6.05,218
5/30/2005 18:00,30831.76,28.89,8.1,2,4.89,7.04,64
5/30/2005 19:00,30831.8,25.56,8.7,1.4,4.94,10,2
5/30/2005 20:00,30831.84,22.78,8.8,0.8,4.9,10,0
5/30/2005 21:00,30831.88,21.67,9.7,0.6,6.13,10,0
5/30/2005 22:00,30831.92,22.22,10.3,1.3,5.04,10,0
5/30/2005 23:00,30831.97,15.56,11.1,1.3,4.69,10,0
5/31/2005 0:00,30832,19.44,11.5,1.3,5.04,10,0
5/31/2005 1:00,30832.04,19.44,11.6,0.9,5.25,10,0
5/31/2005 2:00,30832.08,19.44,12.1,0.6,2.04,10,0
5/31/2005 3:00,30832.13,18.89,12.1,0.8,6.06,10,0
5/31/2005 4:00,30832.17,18.89,11.8,0.6,4.52,10,4
5/31/2005 5:00,30832.21,18.89,12.8,0.6,5.2,4.94,80
5/31/2005 6:00,30832.25,21.11,13.3,0.7,1.12,4.79,244
5/31/2005 7:00,30832.29,21.11,12.2,1.8,1.92,4.11,420
5/31/2005 8:00,30832.34,26.67,12.1,2.1,2.2,3.7,581
5/31/2005 9:00,30832.38,28.89,12.2,1.7,1.54,3.16,723
5/31/2005 10:00,30832.42,28.89,12,1.4,0.54,2.81,823
5/31/2005 11:00,30832.46,30,12.3,1.5,3.53,2.94,863
5/31/2005 12:00,30832.5,30.56,12,1.9,4.22,2.97,862
5/31/2005 13:00,30832.55,32.22,11.9,1.8,4.35,3.2,810
5/31/2005 14:00,30832.59,35,12.4,2.2,5.71,3.63,707
5/31/2005 15:00,30832.63,35.56,12.7,2.8,4.82,4.28,562
5/31/2005 16:00,30832.67,37.78,12.4,3,4.75,4.99,396
5/31/2005 17:00,30832.71,33.89,11.8,3.5,4.87,6.05,219
5/31/2005 18:00,30832.76,32.22,12.4,3.5,4.94,6.93,66
5/31/2005 19:00,30832.8,28.33,12.6,3.3,4.89,10,2
5/31/2005 20:00,30832.84,26.67,13.5,2.7,5.1,10,0
5/31/2005 21:00,30832.88,24.44,14.2,2.7,5.18,10,0
5/31/2005 22:00,30832.92,23.89,14.5,3.4,4.92,10,0
5/31/2005 23:00,30832.97,20.56,14.7,4,4.97,10,0
6/1/2005 0:00,30833,21.67,14.4,3.6,5.06,10,0
6/1/2005 1:00,30833.04,20.56,14.4,2.8,4.94,10,0
6/1/2005 2:00,30833.08,20,13.8,2.6,5.08,10,0
6/1/2005 3:00,30833.13,18.89,13.6,2.9,5.13,10,0
6/1/2005 4:00,30833.17,17.22,13.1,3.1,5.22,10,4
6/1/2005 5:00,30833.21,16.11,11.8,4.3,5.2,4.3,85
6/1/2005 6:00,30833.25,17.22,11.6,4.1,5.08,4.74,246
6/1/2005 7:00,30833.29,21.11,12.2,3.8,5.06,4.11,421
6/1/2005 8:00,30833.34,25,13.5,3.9,5.06,3.63,584
6/1/2005 9:00,30833.38,25.56,13.8,3.6,5.03,3.24,721
6/1/2005 10:00,30833.42,29.44,13.2,3.6,4.85,2.93,820
6/1/2005 11:00,30833.46,30,13.5,3.7,4.87,2.87,866
6/1/2005 12:00,30833.5,31.67,13.5,3.3,4.96,2.9,865
6/1/2005 13:00,30833.55,33.33,12.8,3.3,5.01,3.11,814
6/1/2005 14:00,30833.59,32.78,11.6,4.2,5.08,3.51,712
6/1/2005 15:00,30833.63,34.44,9.1,5.4,5.04,3.99,573
6/1/2005 16:00,30833.67,33.33,7.9,5.8,4.97,4.65,407
6/1/2005 17:00,30833.71,31.67,5.2,5.2,4.99,5.44,233
6/1/2005 18:00,30833.76,31.11,3,4.1,4.92,6.33,72
6/1/2005 19:00,30833.8,27.22,3.1,3.8,4.82,10,2
6/1/2005 20:00,30833.84,22.78,2.5,3.5,4.99,10,0
6/1/2005 21:00,30833.88,23.33,2.5,2.9,4.78,10,0
6/1/2005 22:00,30833.92,20,2.6,2.3,4.87,10,0
6/1/2005 23:00,30833.97,23.33,4.3,2.3,5.06,10,0
6/2/2005 0:00,30834,16.67,5.9,2.4,4.94,10,0
6/2/2005 1:00,30834.04,17.22,6.8,2.9,4.92,10,0
6/2/2005 2:00,30834.08,17.22,7.6,1.8,5.29,10,0
6/2/2005 3:00,30834.13,15.56,8,1.4,5.1,10,0
6/2/2005 4:00,30834.17,12.78,8.4,1.8,5.24,10,4
6/2/2005 5:00,30834.21,13.89,8.8,2.9,4.97,3.33,91
6/2/2005 6:00,30834.25,15,8.8,3.4,5.2,4.01,259
6/2/2005 7:00,30834.29,17.78,8.5,3.8,5.22,3.37,439
6/2/2005 8:00,30834.34,23.33,8.7,3.4,5.04,2.76,608
6/2/2005 9:00,30834.38,25.56,8.7,2.8,5.13,2.3,748
6/2/2005 10:00,30834.42,26.67,9.2,2.7,5.15,2.07,845
6/2/2005 11:00,30834.46,27.78,9.8,3.2,5.38,2.12,889
6/2/2005 12:00,30834.5,31.11,9,3.2,5.27,2.16,888
6/2/2005 13:00,30834.55,31.11,7.1,3.8,5.27,2.27,840
6/2/2005 14:00,30834.59,32.78,6.3,3.7,5.04,2.88,733
6/2/2005 15:00,30834.63,32.22,4.8,4,5.04,3.47,590
6/2/2005 16:00,30834.67,32.78,4,4.5,5.04,4.24,419
6/2/2005 17:00,30834.71,31.11,2.8,5,5.01,5.14,240
6/2/2005 18:00,30834.76,29.44,1.8,4.1,4.94,6.09,75
6/2/2005 19:00,30834.8,25,1.9,3.2,4.83,10,2
6/2/2005 20:00,30834.84,22.78,3,3.2,4.82,10,0
6/2/2005 21:00,30834.88,21.11,6.4,3,4.89,10,0
6/2/2005 22:00,30834.92,19.44,8.1,3.5,4.87,10,0
6/2/2005 23:00,30834.97,18.89,8.3,3.4,4.94,10,0
6/3/2005 0:00,30835,17.78,8.4,2.3,4.76,10,0
6/3/2005 1:00,30835.04,17.22,8.7,1.2,5.2,10,0
6/3/2005 2:00,30835.08,16.67,8.8,1,5.22,10,0
6/3/2005 3:00,30835.13,15,8.4,1.1,0.05,10,0
6/3/2005 4:00,30835.17,14.44,8.9,1.2,1.54,10,4
6/3/2005 5:00,30835.21,15,9.5,1.6,1.97,3.39,92
6/3/2005 6:00,30835.25,18.89,9.8,2.3,2.22,4.34,255
6/3/2005 7:00,30835.29,20.56,10.1,2.2,2.2,3.78,431
6/3/2005 8:00,30835.34,22.78,10.3,3,2.25,3.27,596
6/3/2005 9:00,30835.38,24.44,11,2.6,2.32,2.76,737
6/3/2005 10:00,30835.42,27.22,11.5,2.3,2.93,2.62,831
6/3/2005 11:00,30835.46,26.67,11.1,1.9,2.5,2.54,878
6/3/2005 12:00,30835.5,30,10.9,2,4.9,2.6,876
6/3/2005 13:00,30835.55,32.22,9,2.4,5.32,2.62,831
6/3/2005 14:00,30835.59,29.44,7.5,2.5,5.18,3.1,727
6/3/2005 15:00,30835.63,32.78,7.2,3.2,4.99,3.94,576
6/3/2005 16:00,30835.67,34.44,5.2,3.8,5.04,4.71,407
6/3/2005 17:00,30835.71,33.33,3,4,5.03,5.63,231
6/3/2005 18:00,30835.76,30.56,3.9,3.1,4.75,7.03,68
6/3/2005 19:00,30835.8,26.67,5.3,2.5,4.71,10,2
6/3/2005 20:00,30835.84,23.33,7.2,3.3,4.89,10,0
6/3/2005 21:00,30835.88,22.22,9.8,2.5,5.04,10,0
6/3/2005 22:00,30835.92,21.11,10.3,3.1,5.01,10,0
6/3/2005 23:00,30835.97,16.67,10.5,2.4,5.29,10,0
6/4/2005 0:00,30836,18.33,10.3,2.2,5.41,10,0
6/4/2005 1:00,30836.04,19.44,10,1.1,5.71,10,0
6/4/2005 2:00,30836.08,19.44,9.8,1.4,4.82,10,0
6/4/2005 3:00,30836.13,19.44,9.8,0.9,5.06,10,0
6/4/2005 4:00,30836.17,18.33,9.3,1.1,4.24,10,4
6/4/2005 5:00,30836.21,17.78,10,0.8,4,4.05,90
6/4/2005 6:00,30836.25,20.56,10.2,1.9,4.99,4.34,256
6/4/2005 7:00,30836.29,20,10.6,1.4,5.18,3.82,431
6/4/2005 8:00,30836.34,24.44,10.9,1.1,5.83,3.19,599
6/4/2005 9:00,30836.38,27.78,10.7,1.2,3.44,2.71,739
6/4/2005 10:00,30836.42,29.44,10.2,1.4,3.84,2.36,839
6/4/2005 11:00,30836.46,30.56,9.4,2.2,4.75,2.16,889
6/4/2005 12:00,30836.5,32.22,8.2,2.3,4.42,2.28,886
6/4/2005 13:00,30836.55,33.89,7.4,2.1,3.91,2.57,833
6/4/2005 14:00,30836.59,35,8.3,2.4,5.08,3.19,725
6/4/2005 15:00,30836.63,34.44,7.6,2.6,4.85,3.78,582
6/4/2005 16:00,30836.67,37.22,6.2,2.4,4.73,4.49,414
6/4/2005 17:00,30836.71,34.44,4.9,2.7,4.89,5.53,234
6/4/2005 18:00,30836.76,30.56,4.9,2.8,4.87,7.02,69
6/4/2005 19:00,30836.8,26.67,7.2,3.9,4.8,10,2
6/4/2005 20:00,30836.84,22.78,7.7,4.7,4.89,10,0
6/4/2005 21:00,30836.88,20,3.7,4,5.01,10,0
6/4/2005 22:00,30836.92,17.22,3.1,3.8,5.18,10,0
6/4/2005 23:00,30836.97,18.89,3.3,3,5.29,10,0
6/5/2005 0:00,30837,15,4.3,2.4,5.34,10,0
6/5/2005 1:00,30837.04,14.44,4.8,2.8,5.11,10,0
6/5/2005 2:00,30837.08,12.78,5,2.8,5.2,10,0
6/5/2005 3:00,30837.13,12.22,5.3,2.4,5.38,10,0
6/5/2005 4:00,30837.17,11.11,5.6,2.6,5.32,10,4
6/5/2005 5:00,30837.21,12.22,6,2.8,5.31,5.21,84
6/5/2005 6:00,30837.25,13.33,6.6,3,5.18,4.57,253
6/5/2005 7:00,30837.29,16.11,6.9,3.4,5.15,3.55,438
6/5/2005 8:00,30837.34,17.78,6.9,3.8,5.22,2.94,606
6/5/2005 9:00,30837.38,22.22,6.7,3.7,5.2,2.47,746
6/5/2005 10:00,30837.42,22.78,5.9,4.3,5.08,2.1,846
6/5/2005 11:00,30837.46,23.33,6.1,4.7,5.22,1.89,896
6/5/2005 12:00,30837.5,24.44,6.2,4.7,5.22,2.02,893
6/5/2005 13:00,30837.55,25.56,5.8,4.5,5.1,2.27,842
6/5/2005 14:00,30837.59,27.22,5.3,4.7,5.08,2.7,740
6/5/2005 15:00,30837.63,28.89,5.4,4.7,5.08,3.58,589
6/5/2005 16:00,30837.67,27.22,5.1,4.8,5.11,4.34,419
6/5/2005 17:00,30837.71,26.11,3.9,5.5,5.13,5.53,235
6/5/2005 18:00,30837.76,25,4.4,4.7,5.18,7.1,69
6/5/2005 19:00,30837.8,21.11,3.4,4.5,4.78,10,2
6/5/2005 20:00,30837.84,18.33,0.8,5,4.75,10,0
6/5/2005 21:00,30837.88,16.11,-1.2,4.1,4.92,10,0
6/5/2005 22:00,30837.92,13.89,-0.4,3.8,4.96,10,0
6/5/2005 23:00,30837.97,16.11,0.2,4.1,4.97,10,0
6/6/2005 0:00,30838,11.11,1.6,3.1,5.06,10,0
6/6/2005 1:00,30838.04,11.11,2.7,2.6,4.97,10,0
6/6/2005 2:00,30838.08,9.44,3.5,2.7,4.92,10,0
6/6/2005 3:00,30838.13,7.78,4,2,5.31,10,0
6/6/2005 4:00,30838.17,7.78,4.5,3,4.97,10,4
6/6/2005 5:00,30838.21,8.33,5.2,2.6,5.11,2.18,100
6/6/2005 6:00,30838.25,8.89,5.9,2.7,4.99,3.6,269
6/6/2005 7:00,30838.29,13.89,6,3.9,5.15,3.05,449
6/6/2005 8:00,30838.34,19.44,6.1,3.9,5.15,2.58,615
6/6/2005 9:00,30838.38,20.56,6.8,3.4,4.85,2.24,752
6/6/2005 10:00,30838.42,21.67,7,3.4,4.47,2.04,848
6/6/2005 11:00,30838.46,22.22,7.1,3.1,4.66,2.16,890
6/6/2005 12:00,30838.5,23.33,6.9,2.9,5.52,2.2,889
6/6/2005 13:00,30838.55,25.56,4.6,3.5,5.06,2.47,837
6/6/2005 14:00,30838.59,26.11,4,3.9,5.18,2.93,734
6/6/2005 15:00,30838.63,25.56,2.7,4.4,5.43,3.7,586
6/6/2005 16:00,30838.67,25,2.1,4.8,5.32,4.61,412
6/6/2005 17:00,30838.71,25,2,4.8,5.11,5.93,227
6/6/2005 18:00,30838.76,22.78,2.6,4.8,5.1,7.68,64
6/6/2005 19:00,30838.8,18.89,3.6,4,5.1,10,2
6/6/2005 20:00,30838.84,17.22,4.9,4.3,4.97,10,0
6/6/2005 21:00,30838.88,16.67,5.2,4.9,5.08,10,0
6/6/2005 22:00,30838.92,13.89,5.4,4.9,5.04,10,0
6/6/2005 23:00,30838.97,12.22,4.6,4.4,4.89,10,0
6/7/2005 0:00,30839,11.67,4.4,4.3,5.08,10,0
6/7/2005 1:00,30839.04,10.56,4.6,3,4.94,10,0
6/7/2005 2:00,30839.08,10,4.8,2.8,4.76,10,0
6/7/2005 3:00,30839.13,8.89,4.8,2.7,4.66,10,0
6/7/2005 4:00,30839.17,7.22,5.1,2.6,5.22,10,5
6/7/2005 5:00,30839.21,7.22,5.6,1.9,5.11,3.5,96
6/7/2005 6:00,30839.25,10,6.5,2.9,5.29,4.38,258
6/7/2005 7:00,30839.29,12.78,7.4,2.2,5.45,3.19,447
6/7/2005 8:00,30839.34,16.67,7.6,1.5,5.55,2.88,609
6/7/2005 9:00,30839.38,20.56,7.4,1.5,6.23,2.39,749
6/7/2005 10:00,30839.42,21.11,8,2,5.48,2.23,844
6/7/2005 11:00,30839.46,22.22,7.2,2.2,5.45,2.02,894
6/7/2005 12:00,30839.5,22.22,5.6,2.2,5.15,1.98,895
6/7/2005 13:00,30839.55,25.56,4.8,2.3,5.18,2.31,842
6/7/2005 14:00,30839.59,27.22,4.1,2.6,5.04,2.82,738
6/7/2005 15:00,30839.63,27.22,3.6,3.9,5.24,3.62,589
6/7/2005 16:00,30839.67,27.78,1.2,3.7,5.1,4.13,426
6/7/2005 17:00,30839.71,26.67,-0.3,4.5,5.03,5.11,245
6/7/2005 18:00,30839.76,24.44,0.8,4.4,5.06,6.51,76
6/7/2005 19:00,30839.8,21.67,2.2,3.6,5.08,10,2
6/7/2005 20:00,30839.84,17.78,2.6,3.7,5.01,10,0
6/7/2005 21:00,30839.88,16.67,4.6,4,5.1,10,0
6/7/2005 22:00,30839.92,15,4.6,4.1,4.92,10,0
6/7/2005 23:00,30839.97,11.67,3.4,4,4.96,10,0
6/8/2005 0:00,30840,12.22,4.2,3.5,5.06,10,0
6/8/2005 1:00,30840.04,10.56,4.6,2.3,5.18,10,0
6/8/2005 2:00,30840.08,10.56,5,1.7,5.15,10,0
6/8/2005 3:00,30840.13,11.67,5.3,2,4.96,10,0
6/8/2005 4:00,30840.17,11.67,5.6,2,4.73,10,3
6/8/2005 5:00,30840.21,10,6.4,2.1,4.87,9.92,38
6/8/2005 6:00,30840.25,12.78,7,2.4,5.17,10,102
6/8/2005 7:00,30840.29,14.44,8.5,2.8,5.31,4.06,428
6/8/2005 8:00,30840.34,18.89,10.5,3.3,5.27,5.68,509
6/8/2005 9:00,30840.38,19.44,10.9,3.2,5.29,8.36,425
6/8/2005 10:00,30840.42,20,12.2,2.6,5.32,7.08,588
6/8/2005 11:00,30840.46,25,13,3,5.17,5.21,757
6/8/2005 12:00,30840.5,22.78,12.6,3.5,4.61,7.03,624
6/8/2005 13:00,30840.55,27.78,12.4,3.3,4.66,3.91,786
6/8/2005 14:00,30840.59,27.22,12.2,3.8,4.89,6.5,565
6/8/2005 15:00,30840.63,26.11,11.6,4.1,4.83,4.41,563
6/8/2005 16:00,30840.67,26.67,11.4,4,5.18,4.52,416
6/8/2005 17:00,30840.71,23.89,11.5,4.6,5.17,5.2,244
6/8/2005 18:00,30840.76,25,11.4,4.4,5.17,7.42,68
6/8/2005 19:00,30840.8,20.56,11.7,4,5.18,10,2
6/8/2005 20:00,30840.84,18.33,11.8,3.7,5.1,10,0
6/8/2005 21:00,30840.88,17.22,11.8,3.9,5.04,10,0
6/8/2005 22:00,30840.92,16.11,12,3.4,5.11,10,0
6/8/2005 23:00,30840.97,12.78,11.9,3.1,4.89,10,0
6/9/2005 0:00,30841,15,11.9,3.2,4.9,10,0
6/9/2005 1:00,30841.04,15,12.2,2.9,5.01,10,0
6/9/2005 2:00,30841.08,13.89,12.4,2.1,5.27,10,0
6/9/2005 3:00,30841.13,15,12.4,2.6,5.25,10,0
6/9/2005 4:00,30841.17,13.89,12.5,2.8,5.04,10,2
6/9/2005 5:00,30841.21,13.89,12.8,2.9,5.03,3.87,96
6/9/2005 6:00,30841.25,15.56,13.3,2.9,5.25,7.11,199
6/9/2005 7:00,30841.29,18.33,13.7,2.7,5.39,6.75,338
6/9/2005 8:00,30841.34,21.11,13.8,3.3,4.97,8.2,363
6/9/2005 9:00,30841.38,22.22,13.8,3.7,4.76,7.18,518
6/9/2005 10:00,30841.42,25.56,14,3.3,4.82,4.54,756
6/9/2005 11:00,30841.46,26.11,13.9,3.5,4.76,7.24,606
6/9/2005 12:00,30841.5,26.67,13.9,3.7,4.66,4.76,784
6/9/2005 13:00,30841.55,26.67,13.7,4.2,4.89,3.8,791
6/9/2005 14:00,30841.59,27.22,13.5,4.1,4.85,3.95,700
6/9/2005 15:00,30841.63,28.89,12.7,4.2,5.03,4.73,551
6/9/2005 16:00,30841.67,28.33,12.1,4.3,5.15,5.23,395
6/9/2005 17:00,30841.71,26.67,12.4,4.6,5.04,6.06,226
6/9/2005 18:00,30841.76,25.56,11.9,4.7,5.06,6.98,73
6/9/2005 19:00,30841.8,22.78,12,3.8,4.97,10,3
6/9/2005 20:00,30841.84,20.56,12.2,3.3,5.06,10,0
6/9/2005 21:00,30841.88,19.44,12.7,3.2,5.08,10,0
6/9/2005 22:00,30841.92,19.44,12.9,3.5,4.97,10,0
6/9/2005 23:00,30841.97,15,12,4.2,4.96,10,0
6/10/2005 0:00,30842,15.56,11.3,3.7,4.97,10,0
6/10/2005 1:00,30842.04,15,11.3,3.2,5.08,10,0
6/10/2005 2:00,30842.08,15,11.2,2.5,5.22,10,0
6/10/2005 3:00,30842.13,13.89,11.1,1.7,5.31,10,0
6/10/2005 4:00,30842.17,12.78,11,1.7,4.94,10,4
6/10/2005 5:00,30842.21,12.78,11.4,2.6,5.1,5.25,88
6/10/2005 6:00,30842.25,17.22,12,2.8,5.25,5,249
6/10/2005 7:00,30842.29,18.33,12.9,2.2,4.94,4.34,422
6/10/2005 8:00,30842.34,21.11,13.7,2.5,4.61,3.79,585
6/10/2005 9:00,30842.38,23.89,14,2.3,4.73,3.4,721
6/10/2005 10:00,30842.42,26.67,14.4,2,5.1,3.12,818
6/10/2005 11:00,30842.46,27.78,14.3,2.2,4.66,2.94,868
6/10/2005 12:00,30842.5,29.44,14.6,2.1,4.73,2.94,868
6/10/2005 13:00,30842.55,30.56,14.1,2.4,4.66,3.55,802
6/10/2005 14:00,30842.59,31.67,13,2.8,4.52,2.76,741
6/10/2005 15:00,30842.63,32.78,11.7,3.1,4.63,3.95,580
6/10/2005 16:00,30842.67,33.89,9.4,3.4,4.94,4.67,413
6/10/2005 17:00,30842.71,30,9.5,3.2,5.03,5.87,231
6/10/2005 18:00,30842.76,28.89,10,3.6,4.99,6.83,75
6/10/2005 19:00,30842.8,26.11,11.5,3.2,4.94,10,3
6/10/2005 20:00,30842.84,24.44,10.4,3.9,4.75,10,0
6/10/2005 21:00,30842.88,21.11,9.3,3.9,4.8,10,0
6/10/2005 22:00,30842.92,18.89,9.6,3.6,4.76,10,0
6/10/2005 23:00,30842.97,17.22,9.7,4,4.97,10,0
6/11/2005 0:00,30843,17.22,10.2,3.2,5.04,10,0
6/11/2005 1:00,30843.04,15.56,10.5,3.4,5.04,10,0
6/11/2005 2:00,30843.08,15,10.6,2.2,5.08,10,0
6/11/2005 3:00,30843.13,13.33,10.6,2.5,5.27,10,0
6/11/2005 4:00,30843.17,12.78,10.6,2.2,5.29,10,5
6/11/2005 5:00,30843.21,12.78,11,2.8,4.97,5.34,88
6/11/2005 6:00,30843.25,13.89,11.6,3,5.17,4.98,250
6/11/2005 7:00,30843.29,18.33,12.2,3.7,5.17,4.21,426
6/11/2005 8:00,30843.34,21.67,12.7,3.9,5.22,3.65,590
6/11/2005 9:00,30843.38,25.56,13.6,3.1,5.24,3.2,728
6/11/2005 10:00,30843.42,27.78,14.1,2.2,4.78,2.81,829
6/11/2005 11:00,30843.46,28.33,14.3,2.2,4.75,2.68,877
6/11/2005 12:00,30843.5,30,14.2,2.2,4.59,2.71,876
6/11/2005 13:00,30843.55,31.11,14.3,2.8,4.75,2.99,823
6/11/2005 14:00,30843.59,32.22,14,3,5.29,3.44,720
6/11/2005 15:00,30843.63,34.44,11.7,4.1,5.11,3.94,581
6/11/2005 16:00,30843.67,32.22,10.8,4.3,5.03,4.75,411
6/11/2005 17:00,30843.71,31.67,9.1,4.4,5.04,5.57,238
6/11/2005 18:00,30843.76,30.56,9.7,3.8,5.15,6.58,78
6/11/2005 19:00,30843.8,27.78,11.2,3,4.99,10,3
6/11/2005 20:00,30843.84,25,12.5,3.1,4.97,10,0
6/11/2005 21:00,30843.88,22.78,12.8,3.4,4.85,10,0
6/11/2005 22:00,30843.92,20,11.2,4.1,4.89,10,0
6/11/2005 23:00,30843.97,18.89,9,3.4,5.11,10,0
6/12/2005 0:00,30844,17.78,8.6,2.9,5.17,10,0
6/12/2005 1:00,30844.04,18.33,8.4,2.4,4.87,10,0
6/12/2005 2:00,30844.08,15.56,8.4,1.9,5.15,10,0
6/12/2005 3:00,30844.13,13.89,8.6,2,5.1,10,0
6/12/2005 4:00,30844.17,13.33,8.7,2.1,5.1,10,4
6/12/2005 5:00,30844.21,13.89,9.1,2.7,5.1,5.29,89
6/12/2005 6:00,30844.25,14.44,10.1,2.7,5.15,4.68,256
6/12/2005 7:00,30844.29,17.78,11.3,3.1,5.06,3.95,433
6/12/2005 8:00,30844.34,22.78,12.3,3,4.82,3.32,600
6/12/2005 9:00,30844.38,26.67,12.7,3,4.61,2.82,740
6/12/2005 10:00,30844.42,28.33,13.5,2.7,4.64,2.45,840
6/12/2005 11:00,30844.46,31.11,13.7,2.5,4.64,2.17,892
6/12/2005 12:00,30844.5,31.11,13.5,3.2,4.69,2.21,891
6/12/2005 13:00,30844.55,32.78,12.4,3.2,4.73,2.56,837
6/12/2005 14:00,30844.59,34.44,11,3.3,4.92,3.12,731
6/12/2005 15:00,30844.63,35,10.6,3.4,4.94,3.79,586
6/12/2005 16:00,30844.67,33.89,9.6,4.4,4.85,4.66,414
6/12/2005 17:00,30844.71,33.33,8.2,4.7,4.85,5.73,235
6/12/2005 18:00,30844.76,32.22,7.6,4,4.83,6.94,75
6/12/2005 19:00,30844.8,28.33,6.2,2.4,4.76,10,3
6/12/2005 20:00,30844.84,24.44,5.5,1.5,4.63,10,0
6/12/2005 21:00,30844.88,24.44,5.7,1.6,4.47,10,0
6/12/2005 22:00,30844.92,22.22,5.9,1.8,4.68,10,0
6/12/2005 23:00,30844.97,19.44,6.3,1.4,5.06,10,0
6/13/2005 0:00,30845,21.11,6.2,1.3,4.85,10,0
6/13/2005 1:00,30845.04,20.56,7.2,0.8,1.34,10,0
6/13/2005 2:00,30845.08,19.44,7.7,0.9,6.21,10,0
6/13/2005 3:00,30845.13,18.89,8,0.9,4.66,10,0
6/13/2005 4:00,30845.17,19.44,8.2,0.6,0.77,10,4
6/13/2005 5:00,30845.21,19.44,10,0.6,1.05,5.37,89
6/13/2005 6:00,30845.25,20.56,10.5,0.6,1.17,4.71,256
6/13/2005 7:00,30845.29,22.78,9.5,1.1,3.18,4.01,432
6/13/2005 8:00,30845.34,26.11,10.5,1.2,4.42,3.44,597
6/13/2005 9:00,30845.38,30,11,1.4,3.96,2.93,737
6/13/2005 10:00,30845.42,29.44,10.8,1.7,3.74,2.7,833
6/13/2005 11:00,30845.46,32.22,11.8,2.1,3.77,2.67,878
6/13/2005 12:00,30845.5,32.78,11.8,1.9,4.68,2.76,875
6/13/2005 13:00,30845.55,35.56,11.2,1.2,3.79,2.92,826
6/13/2005 14:00,30845.59,38.89,11.6,1.7,4.54,3.37,723
6/13/2005 15:00,30845.63,36.67,11,2.2,4.89,3.99,580
6/13/2005 16:00,30845.67,39.44,10.5,2.7,4.73,4.64,415
6/13/2005 17:00,30845.71,38.33,10.3,2.4,4.54,5.53,240
6/13/2005 18:00,30845.76,33.89,10.1,2.2,5.03,6.36,81
6/13/2005 19:00,30845.8,30,10.2,2,4.73,10,3
6/13/2005 20:00,30845.84,27.22,10.4,2.1,4.82,10,0
6/13/2005 21:00,30845.88,26.67,10.6,1.6,5.24,10,0
6/13/2005 22:00,30845.92,25.56,10.6,1.1,4.76,10,0
6/13/2005 23:00,30845.97,21.11,11.1,0.8,4.45,10,0
6/14/2005 0:00,30846,25,11.1,1,5.17,10,0
6/14/2005 1:00,30846.04,22.78,11.1,0.8,5.52,10,0
6/14/2005 2:00,30846.08,23.33,11.4,0.7,5.57,10,0
6/14/2005 3:00,30846.13,23.33,12,0.9,5.08,10,0
6/14/2005 4:00,30846.17,22.22,12.9,0.7,1.66,10,4
6/14/2005 5:00,30846.21,21.11,14.1,0.7,5.65,5.93,85
6/14/2005 6:00,30846.25,23.89,14.7,0.8,0.59,5.58,239
6/14/2005 7:00,30846.29,25,14.9,0.9,1.15,8.02,281
6/14/2005 8:00,30846.34,29.44,14.3,1.4,2.08,5.93,499
6/14/2005 9:00,30846.38,31.67,13.7,1.5,2.41,4.98,655
6/14/2005 10:00,30846.42,35.56,13.4,1.3,0.14,2.84,829
6/14/2005 11:00,30846.46,35,12.3,1.3,1.05,6.33,681
6/14/2005 12:00,30846.5,36.67,13.4,1.5,5.92,4.32,809
6/14/2005 13:00,30846.55,38.89,12.2,2.2,4.97,3.55,803
6/14/2005 14:00,30846.59,38.89,10,2.6,4.59,3.35,724
6/14/2005 15:00,30846.63,40.56,9.1,3.3,4.66,3.91,583
6/14/2005 16:00,30846.67,38.89,9.5,3.2,5.04,4.69,414
6/14/2005 17:00,30846.71,37.78,8.7,3.8,4.92,5.59,239
6/14/2005 18:00,30846.76,35.56,9.5,3.5,5.15,6.41,81
6/14/2005 19:00,30846.8,32.22,8.8,3.3,4.78,10,3
6/14/2005 20:00,30846.84,27.78,10.7,3.5,4.96,10,0
6/14/2005 21:00,30846.88,27.22,9.8,3.6,4.87,10,0
6/14/2005 22:00,30846.92,25,7.1,4.3,4.99,10,0
6/14/2005 23:00,30846.97,25,5.8,3.9,5.1,10,0
6/15/2005 0:00,30847,18.89,6.2,3.2,5.11,10,0
6/15/2005 1:00,30847.04,18.89,6.2,2.9,5.13,10,0
6/15/2005 2:00,30847.08,17.22,6.2,2.9,5.2,10,0
6/15/2005 3:00,30847.13,16.67,7,1.8,5.46,10,0
6/15/2005 4:00,30847.17,17.22,7.3,1.3,5.25,10,5
6/15/2005 5:00,30847.21,17.22,7.9,1.6,5.24,5.23,91
6/15/2005 6:00,30847.25,20,8.6,1.7,5.1,4.87,254
6/15/2005 7:00,30847.29,20.56,10,1.3,5.31,4.27,426
6/15/2005 8:00,30847.34,25,10.6,1.4,0.72,3.56,594
6/15/2005 9:00,30847.38,26.67,10.5,1.5,0.42,3.05,734
6/15/2005 10:00,30847.42,28.89,9.2,1.5,6.02,2.58,837
6/15/2005 11:00,30847.46,31.67,7.9,1.7,4.14,2.2,892
6/15/2005 12:00,30847.5,36.11,7,1.7,4.82,2.12,894
6/15/2005 13:00,30847.55,32.22,6.4,2.3,4.24,2.41,842
6/15/2005 14:00,30847.59,35.56,5.7,2.2,4.54,2.67,745
6/15/2005 15:00,30847.63,37.78,3.1,2.6,4.75,3.07,608
6/15/2005 16:00,30847.67,36.67,2.9,3.2,4.69,3.8,438
6/15/2005 17:00,30847.71,35.56,5.5,3.1,4.92,5.65,238
6/15/2005 18:00,30847.76,32.78,5,2.9,5.01,8.65,57
6/15/2005 19:00,30847.8,27.78,6.5,3,4.8,10,2
6/15/2005 20:00,30847.84,26.11,8.5,3.8,4.9,10,0
6/15/2005 21:00,30847.88,21.67,4.6,4.6,5.04,10,0
6/15/2005 22:00,30847.92,20.56,1.3,4,5.01,10,0
6/15/2005 23:00,30847.97,21.11,4.4,3.5,4.94,10,0
6/16/2005 0:00,30848,16.67,4.8,3.3,5.15,10,0
6/16/2005 1:00,30848.04,16.11,5.4,3.1,5.11,10,0
6/16/2005 2:00,30848.08,15.56,5,3,5.1,10,0
6/16/2005 3:00,30848.13,15.56,3.3,3.2,5.03,10,0
6/16/2005 4:00,30848.17,13.89,2.2,2.5,5.11,10,4
6/16/2005 5:00,30848.21,13.89,2.9,2.5,5.03,6.02,85
6/16/2005 6:00,30848.25,15,4.6,2.3,5.32,5.75,236
6/16/2005 7:00,30848.29,18.33,5.5,1.4,6.09,4.77,412
6/16/2005 8:00,30848.34,22.22,5,1,1.61,6.68,460
6/16/2005 9:00,30848.38,23.33,3.6,1.1,0.72,6.82,545
6/16/2005 10:00,30848.42,27.22,1.7,1.7,3.93,4.24,773
6/16/2005 11:00,30848.46,26.67,-0.3,1.8,4.28,5.87,715
6/16/2005 12:00,30848.5,30.56,0.8,1.9,2.37,3.12,863
6/16/2005 13:00,30848.55,29.44,-0.3,2.2,2.55,2.06,851
6/16/2005 14:00,30848.59,32.78,-1.5,2,2.74,5.26,641
6/16/2005 15:00,30848.63,29.44,-0.7,1.7,4.36,8.86,317
6/16/2005 16:00,30848.67,27.78,1.6,3.9,5.25,10,127
6/16/2005 17:00,30848.71,26.67,-0.4,3.8,5.41,10,59
6/16/2005 18:00,30848.76,24.44,-0.1,4.8,5.22,10,17
6/16/2005 19:00,30848.8,21.11,1.1,4.8,5.08,10,1
6/16/2005 20:00,30848.84,20.56,5.9,5.9,5.24,10,0
6/16/2005 21:00,30848.88,19.44,10,6,5.5,10,0
6/16/2005 22:00,30848.92,17.78,11.1,4.1,5.43,10,0
6/16/2005 23:00,30848.97,17.78,11,3.8,5.24,10,0
6/17/2005 0:00,30849,16.67,10.9,3.9,5.29,10,0
6/17/2005 1:00,30849.04,15.56,10.9,3.5,5.15,10,0
6/17/2005 2:00,30849.08,15.56,10.9,3.5,5.27,10,0
6/17/2005 3:00,30849.13,16.11,11.6,2.5,5.11,10,0
6/17/2005 4:00,30849.17,15,11.4,2,5.03,10,1
6/17/2005 5:00,30849.21,13.89,10.8,2.5,4.9,10,23
6/17/2005 6:00,30849.25,15,10.8,2.8,4.76,10,55
6/17/2005 7:00,30849.29,15.56,9.8,3.1,4.83,10,119
6/17/2005 8:00,30849.34,15.56,10.4,2.9,4.8,10,166
6/17/2005 9:00,30849.38,16.67,9.3,3,5.04,9.2,352
6/17/2005 10:00,30849.42,16.11,8.5,2.6,5.43,8.65,450
6/17/2005 11:00,30849.46,17.22,8.5,2.6,5.79,5.84,717
6/17/2005 12:00,30849.5,18.89,7.9,2.2,5.65,5.47,742
6/17/2005 13:00,30849.55,20.56,7.5,2.1,4.64,6.67,622
6/17/2005 14:00,30849.59,21.67,7.8,2.5,4.56,0,792
6/17/2005 15:00,30849.63,27.22,7,2,6.09,1.55,638
6/17/2005 16:00,30849.67,20.56,6.1,1.8,6.02,1.6,476
6/17/2005 17:00,30849.71,23.33,5.1,2.2,5.6,4.35,264
6/17/2005 18:00,30849.76,22.78,4.5,3.6,4.97,5.96,86
6/17/2005 19:00,30849.8,20.56,4.5,3.3,5.01,10,3
6/17/2005 20:00,30849.84,17.22,4.6,3.9,4.78,10,0
6/17/2005 21:00,30849.88,17.22,5.9,4.5,4.83,10,0
6/17/2005 22:00,30849.92,15,6.4,3.9,4.89,10,0
6/17/2005 23:00,30849.97,17.22,6.7,4.2,4.89,10,0
6/18/2005 0:00,30850,12.22,6.8,4,4.99,10,0
6/18/2005 1:00,30850.04,11.67,6.8,3.5,5.03,10,0
6/18/2005 2:00,30850.08,11.11,7,2.8,5.22,10,0
6/18/2005 3:00,30850.13,12.78,7,1.9,5.01,10,0
6/18/2005 4:00,30850.17,13.33,7.2,2,4.73,10,5
6/18/2005 5:00,30850.21,9.44,7.7,2.4,4.94,3.3,104
6/18/2005 6:00,30850.25,12.78,8.2,2.8,5.29,3.8,273
6/18/2005 7:00,30850.29,15.56,8.5,2.3,5.5,3.57,444
6/18/2005 8:00,30850.34,18.33,8.2,2.8,5.29,2.76,616
6/18/2005 9:00,30850.38,22.78,7.9,2.5,5.38,2.21,757
6/18/2005 10:00,30850.42,23.33,7.9,2.3,5.48,1.9,855
6/18/2005 11:00,30850.46,24.44,7.3,2,3.91,1.5,908
6/18/2005 12:00,30850.5,24.44,6.6,2.3,4.38,1.98,898
6/18/2005 13:00,30850.55,26.11,6.5,2.3,4.82,7.47,558
6/18/2005 14:00,30850.59,27.22,6,1.7,4.82,1.59,769
6/18/2005 15:00,30850.63,27.22,5.9,2.2,3.98,3.01,610
6/18/2005 16:00,30850.67,28.33,5.1,2.1,4.1,4,434
6/18/2005 17:00,30850.71,26.67,4.9,2.1,4.63,4.87,255
6/18/2005 18:00,30850.76,26.11,4.6,2.7,4.78,5.87,87
6/18/2005 19:00,30850.8,21.67,5.8,2.1,4.75,10,4
6/18/2005 20:00,30850.84,20,6.3,1.8,5.08,10,0
6/18/2005 21:00,30850.88,18.89,6.9,2.7,5.11,10,0
6/18/2005 22:00,30850.92,18.33,7.9,2.6,4.83,10,0
6/18/2005 23:00,30850.97,13.89,8.4,4.1,5.08,10,0
6/19/2005 0:00,30851,12.78,7.9,3.4,4.97,10,0
6/19/2005 1:00,30851.04,13.89,8.5,3.5,5.11,10,0
6/19/2005 2:00,30851.08,11.67,8.8,3.4,5.01,10,0
6/19/2005 3:00,30851.13,10.56,8.9,2.7,5.1,10,0
6/19/2005 4:00,30851.17,11.11,9,2.5,5.11,10,5
6/19/2005 5:00,30851.21,11.11,9.4,2.4,5.25,5,94
6/19/2005 6:00,30851.25,16.11,9.5,1.7,5.72,4.07,269
6/19/2005 7:00,30851.29,18.89,9.5,0.9,4.47,3.4,448
6/19/2005 8:00,30851.34,20.56,9.4,1.3,1.68,2.81,615
6/19/2005 9:00,30851.38,22.78,9.4,1.4,2.53,2.22,757
6/19/2005 10:00,30851.42,26.11,8.3,1.7,3.51,1.71,859
6/19/2005 11:00,30851.46,26.67,8.4,1.9,4.08,1.71,904
6/19/2005 12:00,30851.5,30,8,1.8,3.4,1.61,906
6/19/2005 13:00,30851.55,27.22,8.1,2,3.35,1.95,854
6/19/2005 14:00,30851.59,28.89,7.3,1.8,4.8,2.51,750
6/19/2005 15:00,30851.63,32.78,6.9,2,4.71,3.28,603
6/19/2005 16:00,30851.67,32.22,6.6,2.4,4.89,4.08,432
6/19/2005 17:00,30851.71,30.56,6.7,2.7,4.96,4.93,254
6/19/2005 18:00,30851.76,28.33,6.1,2.5,4.83,5.89,87
6/19/2005 19:00,30851.8,25.56,5.9,1.6,4.8,10,4
6/19/2005 20:00,30851.84,22.78,8,2.2,4.73,10,0
6/19/2005 21:00,30851.88,21.67,9.9,3.4,4.82,10,0
6/19/2005 22:00,30851.92,17.78,9.3,4.4,5.08,10,0
6/19/2005 23:00,30851.97,15.56,8.9,3.9,4.97,10,0
6/20/2005 0:00,30852,16.11,8.8,3.6,5.01,10,0
6/20/2005 1:00,30852.04,13.89,8.9,2.9,4.99,10,0
6/20/2005 2:00,30852.08,12.78,9.1,2.8,5.03,10,0
6/20/2005 3:00,30852.13,12.78,9.2,2.7,5.13,10,0
6/20/2005 4:00,30852.17,11.67,9.1,2.2,5.13,10,4
6/20/2005 5:00,30852.21,11.67,9.2,2,5.17,5.15,93
6/20/2005 6:00,30852.25,14.44,9.6,2.3,5.25,4.2,267
6/20/2005 7:00,30852.29,16.67,10.1,1.3,5.41,3.63,443
6/20/2005 8:00,30852.34,20.56,10.3,1.3,2.02,3.14,607
6/20/2005 9:00,30852.38,25,10.4,1.9,2.93,2.59,748
6/20/2005 10:00,30852.42,25.56,10.1,1.7,2.78,2.21,848
6/20/2005 11:00,30852.46,26.67,9.9,1.6,3.12,2.03,897
6/20/2005 12:00,30852.5,30.56,9.2,1.5,2.29,2.19,893
6/20/2005 13:00,30852.55,31.67,9.5,1.9,4.68,3.37,811
6/20/2005 14:00,30852.59,30.56,9.7,1.9,0.56,2.98,737
6/20/2005 15:00,30852.63,35.56,9.1,1.9,4.87,3.56,595
6/20/2005 16:00,30852.67,35.56,9.2,2.2,4.64,4.28,427
6/20/2005 17:00,30852.71,33.33,8.6,2.6,4.87,5.03,252
6/20/2005 18:00,30852.76,30.56,7.8,2.6,4.76,5.79,88
6/20/2005 19:00,30852.8,27.78,7.2,1.9,4.64,10,4
6/20/2005 20:00,30852.84,23.89,8.6,2.5,4.94,10,0
6/20/2005 21:00,30852.88,22.22,9.7,3.5,4.97,10,0
6/20/2005 22:00,30852.92,21.11,10.3,3.7,5.06,10,0
6/20/2005 23:00,30852.97,16.11,10.4,3.3,4.99,10,0
6/21/2005 0:00,30853,17.78,10.3,3.4,4.97,10,0
6/21/2005 1:00,30853.04,15.56,9.9,2.9,5.04,10,0
6/21/2005 2:00,30853.08,14.44,9.5,2.6,4.99,10,0
6/21/2005 3:00,30853.13,13.89,8.5,2.4,5.18,10,0
6/21/2005 4:00,30853.17,14.44,7.9,2,4.82,10,4
6/21/2005 5:00,30853.21,13.89,8.1,2.3,5.1,5.67,89
6/21/2005 6:00,30853.25,16.11,7.9,2.8,5.27,4.21,267
6/21/2005 7:00,30853.29,18.89,8.4,2.7,5.38,3.22,452
6/21/2005 8:00,30853.34,21.67,9.6,1.3,5.04,2.9,613
6/21/2005 9:00,30853.38,26.11,9.8,1.3,2.51,2.48,751
6/21/2005 10:00,30853.42,27.78,9.9,1.7,4.03,1.91,855
6/21/2005 11:00,30853.46,30,10.4,1.9,4.73,1.67,905
6/21/2005 12:00,30853.5,31.67,10.6,2.1,4.21,1.72,904
6/21/2005 13:00,30853.55,32.78,10.5,2.7,4.5,2.04,852
6/21/2005 14:00,30853.59,33.89,11,3.2,4.59,2.55,749
6/21/2005 15:00,30853.63,33.89,10.8,3.7,4.78,3.29,603
6/21/2005 16:00,30853.67,34.44,9.8,3.8,4.82,4.05,433
6/21/2005 17:00,30853.71,32.22,8.8,4,4.96,4.94,254
6/21/2005 18:00,30853.76,30,9.3,4.3,5.15,5.67,89
6/21/2005 19:00,30853.8,26.11,9.7,4.4,5.01,10,4
6/21/2005 20:00,30853.84,22.78,9.6,4.7,5.22,10,0
6/21/2005 21:00,30853.88,21.67,8.8,4.7,5.08,10,0
6/21/2005 22:00,30853.92,18.89,8.2,4.6,4.99,10,0
6/21/2005 23:00,30853.97,19.44,7.7,4.4,4.92,10,0
6/22/2005 0:00,30854,16.67,8.2,4.2,5.01,10,0
6/22/2005 1:00,30854.04,14.44,8.1,2.8,5.24,10,0
6/22/2005 2:00,30854.08,13.89,8,2.9,5.22,10,0
6/22/2005 3:00,30854.13,14.44,8,2.5,5.2,10,0
6/22/2005 4:00,30854.17,13.89,8.1,2.1,5.22,10,4
6/22/2005 5:00,30854.21,12.78,8.5,2.4,5.2,6.14,85
6/22/2005 6:00,30854.25,14.44,8.9,2.7,5.48,4.62,260
6/22/2005 7:00,30854.29,18.89,9.5,1.4,0.21,3.85,438
6/22/2005 8:00,30854.34,22.78,9.9,2,2.39,3.22,605
6/22/2005 9:00,30854.38,25,10.4,2.4,2.67,2.44,752
6/22/2005 10:00,30854.42,26.11,10.8,1.8,2.57,2.13,850
6/22/2005 11:00,30854.46,27.78,11.5,1.7,3.7,2.03,897
6/22/2005 12:00,30854.5,28.89,12.1,2.2,4.61,2.03,897
6/22/2005 13:00,30854.55,28.89,11.9,2.2,5.01,2.33,845
6/22/2005 14:00,30854.59,32.22,11.9,2.9,4.61,2.7,745
6/22/2005 15:00,30854.63,35,11.5,3.1,4.56,3.32,602
6/22/2005 16:00,30854.67,35.56,10.9,3.1,4.5,4.09,432
6/22/2005 17:00,30854.71,33.33,10.1,3.3,4.68,5.09,251
6/22/2005 18:00,30854.76,31.11,10.1,3.2,4.69,6.03,86
6/22/2005 19:00,30854.8,28.33,10.7,2.1,4.9,10,4
6/22/2005 20:00,30854.84,24.44,9.9,2.8,5.01,10,0
6/22/2005 21:00,30854.88,23.89,10.2,2.3,5.13,10,0
6/22/2005 22:00,30854.92,23.33,10.4,2.4,4.83,10,0
6/22/2005 23:00,30854.97,17.22,10.4,3.1,4.85,10,0
6/23/2005 0:00,30855,20,10.3,2.9,4.99,10,0
6/23/2005 1:00,30855.04,17.78,10.2,2,4.94,10,0
6/23/2005 2:00,30855.08,18.89,10.2,1.2,4.92,10,0
6/23/2005 3:00,30855.13,17.78,10,1.1,5.2,10,0
6/23/2005 4:00,30855.17,18.33,10,1.2,5.67,10,4
6/23/2005 5:00,30855.21,18.33,10.8,0.9,4.97,6.03,86
6/23/2005 6:00,30855.25,20.56,11,0.8,5.81,5.09,251
6/23/2005 7:00,30855.29,23.33,12,1.4,2.43,4.2,429
6/23/2005 8:00,30855.34,26.67,12.6,2.5,2.71,3.66,592
6/23/2005 9:00,30855.38,28.89,12.1,2.4,2.98,2.67,746
6/23/2005 10:00,30855.42,28.89,11.8,1.9,3.12,2.77,832
6/23/2005 11:00,30855.46,31.11,11,1.9,3.58,2.3,890
6/23/2005 12:00,30855.5,33.33,10.7,2.4,3.51,2.11,895
6/23/2005 13:00,30855.55,34.44,10.6,1.7,3.07,2.74,833
6/23/2005 14:00,30855.59,35.56,9.7,1.7,0.84,3.2,730
6/23/2005 15:00,30855.63,36.11,9,2.3,4.5,3.85,586
6/23/2005 16:00,30855.67,37.22,8.8,2.5,4.49,4.53,420
6/23/2005 17:00,30855.71,35.56,8,2.2,4.47,5.28,247
6/23/2005 18:00,30855.76,33.33,8.2,2.5,4.75,5.91,87
6/23/2005 19:00,30855.8,27.78,10.6,3.7,5.06,10,4
6/23/2005 20:00,30855.84,23.89,9.2,3.4,5.15,10,0
6/23/2005 21:00,30855.88,22.78,9.1,3.1,5.11,10,0
6/23/2005 22:00,30855.92,20,9.4,3,4.89,10,0
6/23/2005 23:00,30855.97,22.22,10.1,2.8,5.15,10,0
6/24/2005 0:00,30856,17.22,10.5,2.5,5.27,10,0
6/24/2005 1:00,30856.04,15.56,10.6,2.7,5.2,10,0
6/24/2005 2:00,30856.08,15,10.6,2.4,5.15,10,0
6/24/2005 3:00,30856.13,14.44,10.6,2,5.03,10,0
6/24/2005 4:00,30856.17,15,10.5,1.2,4.64,10,2
6/24/2005 5:00,30856.21,13.89,10.8,1.1,4.96,7.25,74
6/24/2005 6:00,30856.25,15.56,11.1,1.2,4.96,4.38,264
6/24/2005 7:00,30856.29,17.78,11.1,1,5.13,3.68,442
6/24/2005 8:00,30856.34,22.78,11.2,1.3,4.43,3.18,606
6/24/2005 9:00,30856.38,25,11.1,1.8,3.77,2.51,750
6/24/2005 10:00,30856.42,26.67,10.5,1.5,3.89,1.95,854
6/24/2005 11:00,30856.46,28.89,10.3,1.6,3.4,1.67,905
6/24/2005 12:00,30856.5,30.56,9.6,2,4.56,1.62,906
6/24/2005 13:00,30856.55,32.22,8.5,2.1,4.8,1.86,856
6/24/2005 14:00,30856.59,34.44,8.2,2.2,4.97,2.18,758
6/24/2005 15:00,30856.63,35,7.4,2.5,4.9,2.82,615
6/24/2005 16:00,30856.67,33.89,6.5,2.3,4.49,3.54,445
6/24/2005 17:00,30856.71,33.33,6.2,2.5,4.63,4.32,265
6/24/2005 18:00,30856.76,31.67,5.3,2.4,4.66,3.95,101
6/24/2005 19:00,30856.8,27.78,8.2,2.2,4.83,10,5
6/24/2005 20:00,30856.84,25,9.7,3.3,4.9,10,0
6/24/2005 21:00,30856.88,22.78,10.7,3.4,4.96,10,0
6/24/2005 22:00,30856.92,19.44,11.2,3.5,5.04,10,0
6/24/2005 23:00,30856.97,18.33,11.4,3.3,5.11,10,0
6/25/2005 0:00,30857,17.78,11.5,2.9,5.04,10,0
6/25/2005 1:00,30857.04,16.11,11.2,2.3,5.11,10,0
6/25/2005 2:00,30857.08,15.56,10.9,1.9,5.01,10,0
6/25/2005 3:00,30857.13,16.11,10.7,2.3,5.03,10,0
6/25/2005 4:00,30857.17,14.44,10.6,2.1,5.03,10,3
6/25/2005 5:00,30857.21,15.56,10.7,2.1,5.1,10,17
6/25/2005 6:00,30857.25,13.89,11.1,1.6,5.29,8.5,160
6/25/2005 7:00,30857.29,18.89,11.7,2.3,1.48,3.31,450
6/25/2005 8:00,30857.34,23.33,12,2.4,2.93,2.69,618
6/25/2005 9:00,30857.38,23.89,12.2,1.9,3.02,2.51,750
6/25/2005 10:00,30857.42,26.11,12.3,2.1,4.08,2.32,845
6/25/2005 11:00,30857.46,28.89,12.6,2.4,4.66,2.03,897
6/25/2005 12:00,30857.5,30.56,12.4,2.1,4.42,2.15,894
6/25/2005 13:00,30857.55,31.67,11.6,2.4,4.38,2.16,849
6/25/2005 14:00,30857.59,33.89,11,2.5,4.43,2.77,743
6/25/2005 15:00,30857.63,33.33,10.1,2.4,4.42,3.42,599
6/25/2005 16:00,30857.67,35,9.3,2.7,4.73,4.08,432
6/25/2005 17:00,30857.71,32.22,8.6,3,4.57,4.97,253
6/25/2005 18:00,30857.76,30.56,8.4,3.1,4.76,5.76,88
6/25/2005 19:00,30857.8,26.11,9.8,2.8,5.01,10,5
6/25/2005 20:00,30857.84,24.44,10.4,3.4,4.9,10,0
6/25/2005 21:00,30857.88,22.78,8.9,3.1,4.99,10,0
6/25/2005 22:00,30857.92,20,9.6,3.4,5.1,10,0
6/25/2005 23:00,30857.97,17.78,10.7,2.9,5.22,10,0
6/26/2005 0:00,30858,16.11,10.8,2.8,5.22,10,0
6/26/2005 1:00,30858.04,15.56,10.8,2.3,5.31,10,0
6/26/2005 2:00,30858.08,16.67,10.8,2.1,5.2,10,0
6/26/2005 3:00,30858.13,16.11,10.7,2,4.69,10,0
6/26/2005 4:00,30858.17,15,10.5,1.7,4.8,10,4
6/26/2005 5:00,30858.21,15,10.7,2,5.06,4.7,96
6/26/2005 6:00,30858.25,18.89,11,1.9,5.24,3.6,276
6/26/2005 7:00,30858.29,18.89,11.6,1,5.24,2.89,458
6/26/2005 8:00,30858.34,22.78,11.9,1.1,2.15,2.5,622
6/26/2005 9:00,30858.38,25,12.1,1.6,4.03,2.17,758
6/26/2005 10:00,30858.42,28.33,11.9,1.5,3.63,1.9,855
6/26/2005 11:00,30858.46,29.44,10.8,1.4,2.65,1.76,903
6/26/2005 12:00,30858.5,31.67,10.9,2.1,4.19,1.61,906
6/26/2005 13:00,30858.55,33.33,9.1,2.4,5.31,1.8,857
6/26/2005 14:00,30858.59,33.89,8.1,2.5,4.97,2.17,758
6/26/2005 15:00,30858.63,35,7.5,1.9,4.78,2.81,615
6/26/2005 16:00,30858.67,35.56,6.2,2.1,4.64,3.44,447
6/26/2005 17:00,30858.71,33.89,7.1,2.8,4.99,4.48,262
6/26/2005 18:00,30858.76,31.11,8.4,3,4.75,4.96,94
6/26/2005 19:00,30858.8,28.33,8.8,2.1,4.73,10,4
6/26/2005 20:00,30858.84,24.44,9.2,2.7,4.85,10,0
6/26/2005 21:00,30858.88,22.78,10.5,3,5.01,10,0
6/26/2005 22:00,30858.92,21.11,12.2,3.3,5.03,10,0
6/26/2005 23:00,30858.97,17.78,12.6,3.3,4.97,10,0
6/27/2005 0:00,30859,17.78,12.4,3.2,5.1,10,0
6/27/2005 1:00,30859.04,17.22,12.2,2.2,4.85,10,0
6/27/2005 2:00,30859.08,15.56,11.5,2.4,4.83,10,0
6/27/2005 3:00,30859.13,15,10.8,2.4,5.2,10,0
6/27/2005 4:00,30859.17,15,10.7,1.9,5.6,10,4
6/27/2005 5:00,30859.21,15,10.5,2.2,5.48,3.85,101
6/27/2005 6:00,30859.25,20,10.9,1.4,4.76,3.58,276
6/27/2005 7:00,30859.29,18.89,11.3,1.1,4.75,2.99,456
6/27/2005 8:00,30859.34,22.78,11.8,1.5,2.64,2.49,622
6/27/2005 9:00,30859.38,25.56,12,1.5,3.26,2.25,756
6/27/2005 10:00,30859.42,27.78,11.7,1.4,3.39,2.03,852
6/27/2005 11:00,30859.46,30,11.1,1.6,4,1.65,905
6/27/2005 12:00,30859.5,31.67,11.6,2.7,4.45,1.6,906
6/27/2005 13:00,30859.55,32.78,11.8,3.6,4.4,1.59,861
6/27/2005 14:00,30859.59,35.56,11.1,4.1,4.68,2.16,758
6/27/2005 15:00,30859.63,33.89,10.8,4.3,4.64,2.8,615
6/27/2005 16:00,30859.67,33.33,10.3,4.6,4.85,3.56,444
6/27/2005 17:00,30859.71,32.22,10.5,4.7,5.04,4.46,262
6/27/2005 18:00,30859.76,30,10,4.5,5.08,5.06,93
6/27/2005 19:00,30859.8,26.67,9.7,4,4.97,10,4
6/27/2005 20:00,30859.84,23.33,10.3,4.2,5.1,10,0
6/27/2005 21:00,30859.88,21.11,10.7,4.7,5.17,10,0
6/27/2005 22:00,30859.92,20,11.2,4.8,5.1,10,0
6/27/2005 23:00,30859.97,18.89,11.3,4.5,4.89,10,0
6/28/2005 0:00,30860,16.67,11.2,3.7,4.92,10,0
6/28/2005 1:00,30860.04,16.11,11.6,3.6,5.1,10,0
6/28/2005 2:00,30860.08,14.44,11.6,2.9,5.11,10,0
6/28/2005 3:00,30860.13,14.44,11.5,2.6,4.8,10,0
6/28/2005 4:00,30860.17,12.78,11.4,1.3,5.32,10,4
6/28/2005 5:00,30860.21,12.78,11.7,1.5,5.22,4.61,96
6/28/2005 6:00,30860.25,15.56,12,1.5,4.94,3.56,276
6/28/2005 7:00,30860.29,17.78,12.3,1.2,5.78,2.51,464
6/28/2005 8:00,30860.34,20.56,12.8,1.3,5.85,1.88,633
6/28/2005 9:00,30860.38,23.33,12.8,1.5,5.67,1.37,772
6/28/2005 10:00,30860.42,26.11,12.6,2.2,4.63,0.86,871
6/28/2005 11:00,30860.46,27.78,12.3,2.3,4,0.84,917
6/28/2005 12:00,30860.5,30,11.3,2.1,4.35,0.93,916
6/28/2005 13:00,30860.55,31.11,11.9,2.2,4.66,1.58,861
6/28/2005 14:00,30860.59,32.78,11.8,2.7,4.76,2.15,758
6/28/2005 15:00,30860.63,33.89,11.3,3.2,4.59,2.83,614
6/28/2005 16:00,30860.67,33.89,10.2,3.4,4.69,3.46,446
6/28/2005 17:00,30860.71,32.78,9.2,3.1,4.92,4.21,266
6/28/2005 18:00,30860.76,31.11,9.4,3.1,4.87,4.27,98
6/28/2005 19:00,30860.8,27.22,9.6,1.9,4.61,10,5
6/28/2005 20:00,30860.84,25,9.5,2.1,4.76,10,0
6/28/2005 21:00,30860.88,23.33,10.4,2.5,4.97,10,0
6/28/2005 22:00,30860.92,22.22,11.4,2.4,5.15,10,0
6/28/2005 23:00,30860.97,17.78,11.4,2.4,4.97,10,0
6/29/2005 0:00,30861,20.56,12,1.9,4.76,10,0
6/29/2005 1:00,30861.04,19.44,12.2,2.2,4.9,10,0
6/29/2005 2:00,30861.08,19.44,12.4,1.5,5.18,10,0
6/29/2005 3:00,30861.13,17.78,12.2,1.2,5.39,10,0
6/29/2005 4:00,30861.17,18.33,12,0.5,0.33,10,4
6/29/2005 5:00,30861.21,20,12.3,1,5.31,3.9,100
6/29/2005 6:00,30861.25,22.22,12.4,1,5.86,3.68,274
6/29/2005 7:00,30861.29,23.33,12.1,1.3,1.22,3.31,449
6/29/2005 8:00,30861.34,26.67,12.3,1.5,2.65,2.87,613
6/29/2005 9:00,30861.38,31.67,11.8,1.4,4.5,2.78,742
6/29/2005 10:00,30861.42,31.11,11.5,1.6,4.38,2.26,846
6/29/2005 11:00,30861.46,33.33,11.8,1.9,5.31,2.38,887
6/29/2005 12:00,30861.5,33.89,12.6,2.1,4.61,2.12,894
6/29/2005 13:00,30861.55,35.56,12.3,2.2,4.68,2.33,844
6/29/2005 14:00,30861.59,37.22,11.5,2.2,5.25,2.99,736
6/29/2005 15:00,30861.63,38.89,11.1,2.5,4.63,3.25,603
6/29/2005 16:00,30861.67,38.33,10.8,2.9,4.52,3.92,435
6/29/2005 17:00,30861.71,36.67,11.2,2.8,4.45,4.71,257
6/29/2005 18:00,30861.76,33.89,11.9,2.7,4.63,4.96,93
6/29/2005 19:00,30861.8,30.56,12.8,1.9,4.64,10,5
6/29/2005 20:00,30861.84,27.78,13.2,1.7,4.59,10,0
6/29/2005 21:00,30861.88,26.11,12.8,1.3,4.61,10,0
6/29/2005 22:00,30861.92,26.11,13.7,0.8,5.34,10,0
6/29/2005 23:00,30861.97,21.67,13.9,1,5.18,10,0
6/30/2005 0:00,30862,25,14.4,0.8,0.37,10,0
6/30/2005 1:00,30862.04,23.33,14.1,1.1,5.67,10,0
6/30/2005 2:00,30862.08,24.44,13.7,0.5,4.69,10,0
6/30/2005 3:00,30862.13,23.33,13.6,0.6,4.85,10,0
6/30/2005 4:00,30862.17,23.33,13.6,0.7,0.45,10,4
6/30/2005 5:00,30862.21,22.78,14.6,0.6,0.73,4.93,93
6/30/2005 6:00,30862.25,23.89,15.7,0.6,0.4,4.35,263
6/30/2005 7:00,30862.29,25,14.3,1.8,2.23,3.7,440
6/30/2005 8:00,30862.34,29.44,13.8,2.5,2.25,3.39,599
6/30/2005 9:00,30862.38,36.11,14.1,2.2,2.3,2.59,747
6/30/2005 10:00,30862.42,35.56,13.7,1.4,3.91,2.54,838
6/30/2005 11:00,30862.46,36.67,12.6,2.1,4.63,2.3,889
6/30/2005 12:00,30862.5,36.67,12.2,2.5,4.8,2.27,890
6/30/2005 13:00,30862.55,38.89,12.7,2.4,4.99,2.54,838
6/30/2005 14:00,30862.59,41.11,11.3,2.8,5.2,2.62,746
6/30/2005 15:00,30862.63,41.67,10.4,2.6,5.1,3.13,606
6/30/2005 16:00,30862.67,41.11,9.2,2.7,4.92,3.65,441
6/30/2005 17:00,30862.71,40,10.1,2.9,4.73,4.28,264
6/30/2005 18:00,30862.76,37.22,10.5,2.6,4.64,3.95,99
6/30/2005 19:00,30862.8,33.89,9.8,1.8,4.66,10,5
6/30/2005 20:00,30862.84,30,10.9,1.1,4.89,10,0
6/30/2005 21:00,30862.88,30.56,13.2,1.3,4.99,10,0
6/30/2005 22:00,30862.92,28.33,14.1,1.7,4.64,10,0
6/30/2005 23:00,30862.97,25.56,14.4,1.3,4.94,10,0
7/1/2005 0:00,30863,26.11,14.9,1.6,5.22,10,0
7/1/2005 1:00,30863.04,24.44,14.9,1.1,4.96,10,0
7/1/2005 2:00,30863.08,25,15,0.8,0.07,10,0
7/1/2005 3:00,30863.13,24.44,15.1,0.7,0.77,10,0
7/1/2005 4:00,30863.17,23.89,15,0.7,4.92,10,3
7/1/2005 5:00,30863.21,23.89,15.9,0.8,0.79,4.86,93
7/1/2005 6:00,30863.25,24.44,15.7,0.7,1.05,4.27,264
7/1/2005 7:00,30863.29,28.89,13.6,1.5,1.87,3.9,435
7/1/2005 8:00,30863.34,32.78,13.5,2.7,2.23,3.19,604
7/1/2005 9:00,30863.38,35.56,14.1,2.2,2.51,2.83,740
7/1/2005 10:00,30863.42,37.22,13.7,1.6,3.47,2.5,839
7/1/2005 11:00,30863.46,39.44,14,1.4,6.2,2.33,888
7/1/2005 12:00,30863.5,41.11,12.7,2,4.76,2.11,894
7/1/2005 13:00,30863.55,41.11,10.8,2.5,4.33,2.16,848
7/1/2005 14:00,30863.59,42.22,10.9,2.1,4.78,2.58,747
7/1/2005 15:00,30863.63,43.33,9.1,2.2,5.1,3,609
7/1/2005 16:00,30863.67,42.78,7.4,2.4,4.97,3.41,446
7/1/2005 17:00,30863.71,41.67,8.8,2.9,4.9,4.37,262
7/1/2005 18:00,30863.76,39.44,10.7,2.9,4.64,4.52,95
7/1/2005 19:00,30863.8,34.44,10,2,4.68,10,5
7/1/2005 20:00,30863.84,31.67,12.2,2.1,4.75,10,0
7/1/2005 21:00,30863.88,30.56,14.9,2.5,4.75,10,0
7/1/2005 22:00,30863.92,27.78,14.8,2.3,4.76,10,0
7/1/2005 23:00,30863.97,27.22,14.8,1.9,5.22,10,0
7/2/2005 0:00,30864,25.56,14.8,1.6,5.25,10,0
7/2/2005 1:00,30864.04,25.56,14.7,1.4,5.04,10,0
7/2/2005 2:00,30864.08,25.56,14.6,0.9,4.54,10,0
7/2/2005 3:00,30864.13,25,14.7,1,5.76,10,0
7/2/2005 4:00,30864.17,23.33,14.6,0.7,0.16,10,3
7/2/2005 5:00,30864.21,21.67,15.4,0.9,0.44,4.48,95
7/2/2005 6:00,30864.25,25.56,14.2,0.8,0.3,4.18,265
7/2/2005 7:00,30864.29,28.33,14.5,1.5,2.02,3.8,437
7/2/2005 8:00,30864.34,33.33,15.3,2.9,2.11,3.14,605
7/2/2005 9:00,30864.38,34.44,16.1,2.2,2.5,3.12,731
7/2/2005 10:00,30864.42,35,15,1.8,2.9,2.49,839
7/2/2005 11:00,30864.46,37.22,14.3,1.7,3.7,2.5,883
7/2/2005 12:00,30864.5,38.89,12.8,2.5,5.04,2.01,896
7/2/2005 13:00,30864.55,40,9.3,2.7,4.49,1.58,860
7/2/2005 14:00,30864.59,40.56,7.6,3.1,4.69,1.74,765
7/2/2005 15:00,30864.63,40.56,7.6,3,4.83,2.46,621
7/2/2005 16:00,30864.67,41.67,9.8,3.8,4.63,3.39,446
7/2/2005 17:00,30864.71,39.44,8.9,3.6,4.69,3.91,269
7/2/2005 18:00,30864.76,36.67,11.3,3.5,4.76,3.73,99
7/2/2005 19:00,30864.8,32.78,12.7,2.7,5.06,10,5
7/2/2005 20:00,30864.84,28.89,12.8,2.6,5.24,10,0
7/2/2005 21:00,30864.88,28.89,14,2.2,4.97,10,0
7/2/2005 22:00,30864.92,27.22,13.6,2.5,4.82,10,0
7/2/2005 23:00,30864.97,26.11,13.4,1.7,4.87,10,0
7/3/2005 0:00,30865,25,13.3,1.5,5.08,10,0
7/3/2005 1:00,30865.04,23.89,13.1,1.6,5.27,10,0
7/3/2005 2:00,30865.08,21.67,12.1,1.9,5.32,10,0
7/3/2005 3:00,30865.13,21.67,11.8,1.4,5.62,10,0
7/3/2005 4:00,30865.17,20.56,11.6,1.3,5.38,10,3
7/3/2005 5:00,30865.21,20.56,11.3,1.5,5.43,4.21,96
7/3/2005 6:00,30865.25,24.44,12.1,1.2,5.53,2.98,281
7/3/2005 7:00,30865.29,25.56,13.5,1.2,1.34,2.75,458
7/3/2005 8:00,30865.34,31.67,14.5,2.2,2.39,1.95,630
7/3/2005 9:00,30865.38,32.78,14,1.6,1.88,2.35,752
7/3/2005 10:00,30865.42,33.89,13.4,1.5,0.59,1.77,856
7/3/2005 11:00,30865.46,36.11,12.4,1.8,4.69,1.35,909
7/3/2005 12:00,30865.5,37.22,10.5,2.3,4.66,0.7,917
7/3/2005 13:00,30865.55,38.89,9.9,2.9,4.63,0.7,871
7/3/2005 14:00,30865.59,40.56,9.3,3.3,4.73,1.6,767
7/3/2005 15:00,30865.63,39.44,6.7,3.4,4.8,2.48,620
7/3/2005 16:00,30865.67,40,5.4,3.5,4.69,2.43,463
7/3/2005 17:00,30865.71,38.89,5.9,3.5,5.03,2.96,281
7/3/2005 18:00,30865.76,36.67,7,2.8,5.11,0,109
7/3/2005 19:00,30865.8,32.78,7.9,2.1,5.11,10,5
7/3/2005 20:00,30865.84,28.89,9.7,2.5,5.25,10,0
7/3/2005 21:00,30865.88,27.22,12,2.1,4.89,10,0
7/3/2005 22:00,30865.92,25,12.2,2.2,4.69,10,0
7/3/2005 23:00,30865.97,25,13.2,2,5.06,10,0
7/4/2005 0:00,30866,23.33,13.1,1.5,4.96,10,0
7/4/2005 1:00,30866.04,21.67,12.8,1.8,5.32,10,0
7/4/2005 2:00,30866.08,20.56,12.5,1.6,5.46,10,0
7/4/2005 3:00,30866.13,21.11,11.8,1.2,4.96,10,0
7/4/2005 4:00,30866.17,21.67,11.7,1,1.2,10,3
7/4/2005 5:00,30866.21,21.11,12.9,0.6,3.8,3.09,101
7/4/2005 6:00,30866.25,24.44,13.4,0.7,0.4,3.01,280
7/4/2005 7:00,30866.29,26.67,12.4,0.9,0.37,2.59,460
7/4/2005 8:00,30866.34,32.22,12.1,1.3,2.32,2.32,623
7/4/2005 9:00,30866.38,30.56,12.1,1.2,4.64,2.02,759
7/4/2005 10:00,30866.42,32.78,10.8,1.6,4.14,1.29,864
7/4/2005 11:00,30866.46,35,11.6,2.1,4.66,0.78,916
7/4/2005 12:00,30866.5,37.78,11.3,2.1,4.42,0.78,916
7/4/2005 13:00,30866.55,37.78,9.3,2.6,4.22,0.98,868
7/4/2005 14:00,30866.59,38.89,8,2.7,4.8,1.29,771
7/4/2005 15:00,30866.63,40,7.3,1.9,4.66,2.15,626
7/4/2005 16:00,30866.67,39.44,6.8,2.2,4.99,2.7,458
7/4/2005 17:00,30866.71,37.78,8.1,2.7,4.78,3.47,274
7/4/2005 18:00,30866.76,36.11,8.9,2.4,4.69,2.74,102
7/4/2005 19:00,30866.8,32.22,8.5,1.8,4.69,10,5
7/4/2005 20:00,30866.84,29.44,10.4,1.8,4.83,10,0
7/4/2005 21:00,30866.88,28.33,12.5,2.1,5.13,10,0
7/4/2005 22:00,30866.92,27.22,13.7,2.3,4.87,10,0
7/4/2005 23:00,30866.97,25,14.1,2.5,4.99,10,0
7/5/2005 0:00,30867,24.44,14.3,2.1,5.15,10,0
7/5/2005 1:00,30867.04,23.89,14.1,1.9,5.22,10,0
7/5/2005 2:00,30867.08,23.33,13.7,1.9,4.9,10,0
7/5/2005 3:00,30867.13,21.67,13.7,1.4,5.53,10,0
7/5/2005 4:00,30867.17,20,13.3,1.6,5.17,10,3
7/5/2005 5:00,30867.21,21.11,13.4,1.8,5.22,5.86,83
7/5/2005 6:00,30867.25,25,13.9,1.8,5.43,4.49,258
7/5/2005 7:00,30867.29,24.44,13.9,1.4,5.45,3.46,443
7/5/2005 8:00,30867.34,28.89,14,1.2,5.22,3.09,605
7/5/2005 9:00,30867.38,30.56,13.9,1.3,4.08,2.63,744
7/5/2005 10:00,30867.42,32.78,14.2,1.8,4.56,2.26,844
7/5/2005 11:00,30867.46,35,13.3,2.4,4.4,1.79,900
7/5/2005 12:00,30867.5,35.56,13.6,2.7,4.36,1.7,902
7/5/2005 13:00,30867.55,37.22,13.4,3.1,4.63,1.78,855
7/5/2005 14:00,30867.59,37.78,13.2,3.2,4.8,2.43,749
7/5/2005 15:00,30867.63,40,12.5,3.5,4.69,3,607
7/5/2005 16:00,30867.67,39.44,11.7,3.6,4.68,3.63,439
7/5/2005 17:00,30867.71,37.22,10.8,3.5,5.04,4.1,264
7/5/2005 18:00,30867.76,34.44,11.1,3.1,4.75,3.26,99
7/5/2005 19:00,30867.8,31.11,11.7,2.5,4.71,10,5
7/5/2005 20:00,30867.84,28.33,13.8,2.8,4.8,10,0
7/5/2005 21:00,30867.88,26.11,13.8,2.4,4.94,10,0
7/5/2005 22:00,30867.92,25.56,14.1,2,4.92,10,0
7/5/2005 23:00,30867.97,25.56,14,2.4,5.03,10,0
7/6/2005 0:00,30868,22.78,13.9,2,5.11,10,0
7/6/2005 1:00,30868.04,22.22,13.4,2,4.82,10,0
7/6/2005 2:00,30868.08,21.11,13,1.6,4.82,10,0
7/6/2005 3:00,30868.13,19.44,12.2,2.2,5.1,10,0
7/6/2005 4:00,30868.17,18.33,11.7,2.4,5.18,10,3
7/6/2005 5:00,30868.21,17.22,11.8,2.6,5.32,6.48,77
7/6/2005 6:00,30868.25,18.89,12.6,1.9,5.38,4.78,252
7/6/2005 7:00,30868.29,24.44,13.1,1.5,5.39,3.66,438
7/6/2005 8:00,30868.34,27.78,13,2.2,5.15,2.87,610
7/6/2005 9:00,30868.38,30,12.8,1.8,4.96,2.76,740
7/6/2005 10:00,30868.42,33.33,12.8,2.3,4.45,2.28,843
7/6/2005 11:00,30868.46,33.89,12.8,2.5,4.63,2.04,894
7/6/2005 12:00,30868.5,35,12.6,2.8,4.5,1.82,899
7/6/2005 13:00,30868.55,36.11,12.1,2.7,4.68,2.28,843
7/6/2005 14:00,30868.59,38.33,10.7,2.8,4.82,2.86,737
7/6/2005 15:00,30868.63,38.89,10.7,3,4.57,3.46,594
7/6/2005 16:00,30868.67,38.89,12.8,3.2,4.61,4.33,421
7/6/2005 17:00,30868.71,37.22,14.1,3.2,4.66,5.48,238
7/6/2005 18:00,30868.76,34.44,14.6,3,4.68,5.32,86
7/6/2005 19:00,30868.8,31.11,15.1,2.4,4.89,10,5
7/6/2005 20:00,30868.84,30,16.1,2.8,4.92,10,0
7/6/2005 21:00,30868.88,28.33,15.4,2.9,4.87,10,0
7/6/2005 22:00,30868.92,26.67,14.1,2.6,4.76,10,0
7/6/2005 23:00,30868.97,22.78,11.6,2.6,4.99,10,0
7/7/2005 0:00,30869,21.67,11,2.4,5.13,10,0
7/7/2005 1:00,30869.04,20.56,11.6,1.7,5.32,10,0
7/7/2005 2:00,30869.08,21.11,11.1,1.6,5.34,10,0
7/7/2005 3:00,30869.13,19.44,10.7,1.5,5.25,10,0
7/7/2005 4:00,30869.17,19.44,10.8,1.3,5.1,10,3
7/7/2005 5:00,30869.21,19.44,10.7,2,4.92,5.79,82
7/7/2005 6:00,30869.25,20,11.5,2.6,5.1,4.57,255
7/7/2005 7:00,30869.29,23.89,12.8,1.8,5.13,3.88,432
7/7/2005 8:00,30869.34,27.78,14.3,1.7,5.22,3.12,603
7/7/2005 9:00,30869.38,29.44,14.7,2.2,4.9,2.63,743
7/7/2005 10:00,30869.42,31.67,14.4,2.1,4.52,2.45,838
7/7/2005 11:00,30869.46,36.11,14,2.4,4.97,2.22,889
7/7/2005 12:00,30869.5,35.56,13.8,2.5,4.83,2.14,891
7/7/2005 13:00,30869.55,37.22,13.1,2.9,4.59,2.3,842
7/7/2005 14:00,30869.59,38.33,11.6,3.4,4.71,2.43,748
7/7/2005 15:00,30869.63,38.89,10.5,3.5,4.78,2.92,608
7/7/2005 16:00,30869.67,38.89,9.2,3.6,4.85,3.53,440
7/7/2005 17:00,30869.71,37.78,9.5,3.8,5.17,4.07,263
7/7/2005 18:00,30869.76,35,11.1,3.6,5.06,3.5,96
7/7/2005 19:00,30869.8,31.11,12.4,3,5.01,10,4
7/7/2005 20:00,30869.84,28.89,13.4,3.3,4.87,10,0
7/7/2005 21:00,30869.88,26.11,13.9,3.2,5.03,10,0
7/7/2005 22:00,30869.92,23.89,12.2,3.6,5.01,10,0
7/7/2005 23:00,30869.97,22.78,11,3.5,4.96,10,0
7/8/2005 0:00,30870,21.11,10.3,3.2,5.04,10,0
7/8/2005 1:00,30870.04,19.44,9.6,3.1,5.13,10,0
7/8/2005 2:00,30870.08,18.33,9.3,2.6,5.2,10,0
7/8/2005 3:00,30870.13,18.33,9.1,2.2,5.2,10,0
7/8/2005 4:00,30870.17,16.67,8.9,2,5.1,10,2
7/8/2005 5:00,30870.21,17.22,8.9,2.8,5.17,5.69,82
7/8/2005 6:00,30870.25,17.78,9.3,3.1,5.22,4.29,259
7/8/2005 7:00,30870.29,21.67,9.6,3.2,5.22,3.01,450
7/8/2005 8:00,30870.34,26.11,9.4,3.1,5.15,2.08,625
7/8/2005 9:00,30870.38,27.78,9.7,2.6,5.32,1.63,764
7/8/2005 10:00,30870.42,30.56,10.2,2.4,5.29,1.43,860
7/8/2005 11:00,30870.46,33.33,10.1,2.5,5.5,1.35,907
7/8/2005 12:00,30870.5,35,10.7,2.7,4.4,1.47,905
7/8/2005 13:00,30870.55,35,11.9,3.2,4.5,1.81,853
7/8/2005 14:00,30870.59,35.56,10.9,3.7,4.75,2.15,754
7/8/2005 15:00,30870.63,35.56,10.2,3.8,4.97,2.67,613
7/8/2005 16:00,30870.67,36.11,9.1,4.1,4.89,3.25,445
7/8/2005 17:00,30870.71,33.89,9.1,4.3,5.11,3.88,265
7/8/2005 18:00,30870.76,31.67,10.4,3.9,4.99,3.5,95
7/8/2005 19:00,30870.8,29.44,11.4,3.1,4.89,10,4
7/8/2005 20:00,30870.84,26.11,12.4,3.9,4.97,10,0
7/8/2005 21:00,30870.88,23.33,13.3,4.2,4.96,10,0
7/8/2005 22:00,30870.92,21.67,13.3,3.4,4.82,10,0
7/8/2005 23:00,30870.97,22.78,13.5,3.9,5.03,10,0
7/9/2005 0:00,30871,18.33,13.3,4.2,5.15,10,0
7/9/2005 1:00,30871.04,17.22,13.2,3.1,5.22,10,0
7/9/2005 2:00,30871.08,16.11,13,2.6,5.11,10,0
7/9/2005 3:00,30871.13,15,12.9,2.3,4.9,10,0
7/9/2005 4:00,30871.17,14.44,12.9,2.5,5.15,10,2
7/9/2005 5:00,30871.21,14.44,13.1,2.3,5.13,4.85,87
7/9/2005 6:00,30871.25,17.78,13.5,2.8,5.11,3.91,264
7/9/2005 7:00,30871.29,20.56,13.9,2.5,5.08,2.8,453
7/9/2005 8:00,30871.34,23.33,12.7,3.3,5.38,1.58,632
7/9/2005 9:00,30871.38,25.56,12,3.3,5.27,0.61,775
7/9/2005 10:00,30871.42,30,12.1,2.9,4.82,0.61,869
7/9/2005 11:00,30871.46,32.22,12.1,2.2,4.82,0.95,912
7/9/2005 12:00,30871.5,32.78,12.6,2.8,4.45,2.73,873
7/9/2005 13:00,30871.55,33.89,12.6,2.9,4.15,1.57,857
7/9/2005 14:00,30871.59,34.44,12.2,3,4.82,1.98,757
7/9/2005 15:00,30871.63,35,11.4,3.4,4.83,2.64,613
7/9/2005 16:00,30871.67,35,11,3.6,5.2,3.41,441
7/9/2005 17:00,30871.71,33.33,10.4,3.6,5.03,4.21,259
7/9/2005 18:00,30871.76,32.22,10.4,3.9,4.92,3.69,93
7/9/2005 19:00,30871.8,28.89,10.8,3.9,4.83,10,4
7/9/2005 20:00,30871.84,25,11.9,3.9,4.92,10,0
7/9/2005 21:00,30871.88,22.78,13.6,4.4,5.03,10,0
7/9/2005 22:00,30871.92,21.67,12.8,3.8,5.01,10,0
7/9/2005 23:00,30871.97,20,12.3,3.9,4.92,10,0
7/10/2005 0:00,30872,18.33,11.9,3.7,5.01,10,0
7/10/2005 1:00,30872.04,17.22,11.8,3.3,5.03,10,0
7/10/2005 2:00,30872.08,16.67,11.6,2.8,5.08,10,0
7/10/2005 3:00,30872.13,16.67,11.4,3.1,5.15,10,0
7/10/2005 4:00,30872.17,15,11.2,3.1,5.08,10,2
7/10/2005 5:00,30872.21,15,11,3,5.1,5.29,83
7/10/2005 6:00,30872.25,16.11,11.1,3.6,5.15,4.24,258
7/10/2005 7:00,30872.29,20.56,9.4,4.2,5.1,2.87,451
7/10/2005 8:00,30872.34,23.33,7,4.1,5.24,1.6,631
7/10/2005 9:00,30872.38,29.44,6.5,3.4,4.9,0.8,773
7/10/2005 10:00,30872.42,28.33,6.9,3.3,4.66,0,872
7/10/2005 11:00,30872.46,30.56,7.9,2.9,4.61,0,919
7/10/2005 12:00,30872.5,31.11,8.1,3.1,4.49,0,919
7/10/2005 13:00,30872.55,34.44,8.2,3.2,4.52,0.98,865
7/10/2005 14:00,30872.59,33.89,8.3,3.5,4.99,1.67,762
7/10/2005 15:00,30872.63,35,5.1,3.9,5.03,2.21,621
7/10/2005 16:00,30872.67,35.56,6.2,3.9,4.92,3.01,448
7/10/2005 17:00,30872.71,35,10.7,4.1,4.96,3.95,262
7/10/2005 18:00,30872.76,32.78,13.6,4.2,4.78,2.97,95
7/10/2005 19:00,30872.8,28.89,14.1,3.1,4.89,10,4
7/10/2005 20:00,30872.84,27.22,14.9,2.9,4.9,10,0
7/10/2005 21:00,30872.88,25.56,15.5,3.2,5.04,10,0
7/10/2005 22:00,30872.92,23.89,15.3,3.3,5.06,10,0
7/10/2005 23:00,30872.97,19.44,14.9,3.4,4.89,10,0
7/11/2005 0:00,30873,20.56,14.9,3.5,5.08,10,0
7/11/2005 1:00,30873.04,19.44,14.9,3,5.04,10,0
7/11/2005 2:00,30873.08,18.33,15,2.6,5.1,10,0
7/11/2005 3:00,30873.13,19.44,14.9,1.7,5.38,10,0
7/11/2005 4:00,30873.17,20,14.8,1.8,5.34,10,2
7/11/2005 5:00,30873.21,18.89,14.9,1.7,5.41,5.57,80
7/11/2005 6:00,30873.25,22.78,15.2,2,5.31,4.42,254
7/11/2005 7:00,30873.29,24.44,15.8,1.8,5.24,3.53,437
7/11/2005 8:00,30873.34,30,16.2,2.1,5.38,2.93,605
7/11/2005 9:00,30873.38,28.89,16.1,1.8,4.96,2.73,738
7/11/2005 10:00,30873.42,31.11,16.2,1.6,4.96,2.69,829
7/11/2005 11:00,30873.46,33.33,16.3,1.7,4.21,2.54,878
7/11/2005 12:00,30873.5,35,15.8,1.9,4.83,2.4,882
7/11/2005 13:00,30873.55,37.78,15.2,2.1,4.76,2.62,831
7/11/2005 14:00,30873.59,38.89,15.4,2.8,4.69,3.03,729
7/11/2005 15:00,30873.63,38.33,15,3.3,4.49,3.52,589
7/11/2005 16:00,30873.67,38.89,15,3.8,4.4,4.15,422
7/11/2005 17:00,30873.71,36.11,15.1,3.8,4.54,4.91,245
7/11/2005 18:00,30873.76,33.89,13.8,3.4,4.59,4.56,86
7/11/2005 19:00,30873.8,32.22,14.3,2.3,4.63,10,4
7/11/2005 20:00,30873.84,30,15.4,1.8,4.87,10,0
7/11/2005 21:00,30873.88,27.78,15.8,1.5,4.89,10,0
7/11/2005 22:00,30873.92,27.78,16.2,1.7,4.45,10,0
7/11/2005 23:00,30873.97,21.67,16.7,1.8,4.59,10,0
7/12/2005 0:00,30874,25,16.8,1.7,5.36,10,0
7/12/2005 1:00,30874.04,25,16.7,1.3,5.29,10,0
7/12/2005 2:00,30874.08,25.56,16.6,0.7,5.99,10,0
7/12/2005 3:00,30874.13,25,16.7,0.6,4.78,10,0
7/12/2005 4:00,30874.17,25,16.7,0.5,4.83,10,2
7/12/2005 5:00,30874.21,25,17.3,1,4.71,6.46,72
7/12/2005 6:00,30874.25,25,17.4,1.5,4.64,5.14,240
7/12/2005 7:00,30874.29,29.44,17.5,1,6.02,4.5,412
7/12/2005 8:00,30874.34,33.89,17.6,1.9,2.23,3.89,577
7/12/2005 9:00,30874.38,34.44,17.9,2.3,2.67,3.45,715
7/12/2005 10:00,30874.42,35,17.4,1.5,2.43,3.21,811
7/12/2005 11:00,30874.46,36.11,17.4,1.5,4.71,3,862
7/12/2005 12:00,30874.5,38.89,17.7,2.1,4.96,3.11,858
7/12/2005 13:00,30874.55,41.11,17.8,1.9,4.78,3.04,817
7/12/2005 14:00,30874.59,41.11,17.5,2.4,5.11,3.44,715
7/12/2005 15:00,30874.63,41.11,16.1,2.7,4.96,3.82,579
7/12/2005 16:00,30874.67,42.22,15.7,2.8,4.71,4.42,414
7/12/2005 17:00,30874.71,40,15.9,2.7,4.96,5.22,238
7/12/2005 18:00,30874.76,37.78,16.2,2.7,4.57,5.17,81
7/12/2005 19:00,30874.8,34.44,15.9,2.4,4.68,10,3
7/12/2005 20:00,30874.84,32.22,15.6,2.6,4.92,10,0
7/12/2005 21:00,30874.88,30,16,1.9,5.11,10,0
7/12/2005 22:00,30874.92,29.44,16.3,2.2,4.82,10,0
7/12/2005 23:00,30874.97,26.11,16.9,2.3,4.82,10,0
7/13/2005 0:00,30875,27.22,17.7,1.3,5.39,10,0
7/13/2005 1:00,30875.04,27.22,17.9,0.8,5.36,10,0
7/13/2005 2:00,30875.08,27.22,17.7,1.1,5.2,10,0
7/13/2005 3:00,30875.13,26.67,17.7,0.8,0.84,10,0
7/13/2005 4:00,30875.17,26.11,17.9,0.6,4.38,10,2
7/13/2005 5:00,30875.21,26.11,18.3,0.8,1.31,7.26,64
7/13/2005 6:00,30875.25,27.22,19,1.9,2.13,5.91,223
7/13/2005 7:00,30875.29,28.89,18.3,2.7,2.15,4.82,402
7/13/2005 8:00,30875.34,35.56,18.1,2.6,2.57,4.16,567
7/13/2005 9:00,30875.38,35,17.5,2.7,2.55,3.62,708
7/13/2005 10:00,30875.42,36.11,17.5,2.4,2.71,3.27,808
7/13/2005 11:00,30875.46,37.78,17.8,1.5,2.02,3.43,845
7/13/2005 12:00,30875.5,38.89,18.1,1.6,4.42,3.28,851
7/13/2005 13:00,30875.55,41.11,17.1,1.5,3.6,3.05,816
7/13/2005 14:00,30875.59,42.78,16.3,1.9,3.35,3.21,722
7/13/2005 15:00,30875.63,43.89,16.5,2.2,3.7,4.04,571
7/13/2005 16:00,30875.67,43.33,17.2,2.4,4.08,4.49,411
7/13/2005 17:00,30875.71,42.22,17,2.2,4.87,4.9,243
7/13/2005 18:00,30875.76,38.89,16.6,2.1,4.87,4.48,84
7/13/2005 19:00,30875.8,36.11,16.4,1.8,5.2,10,3
7/13/2005 20:00,30875.84,32.78,16.3,1.5,5.04,10,0
7/13/2005 21:00,30875.88,32.22,16.6,1,5.1,10,0
7/13/2005 22:00,30875.92,31.11,17.4,0.7,5.27,10,0
7/13/2005 23:00,30875.97,28.33,17.8,1.3,5.24,10,0
7/14/2005 0:00,30876,28.89,17.7,0.8,4.69,10,0
7/14/2005 1:00,30876.04,28.89,17.5,0.7,4.78,10,0
7/14/2005 2:00,30876.08,28.33,16.2,1,6.06,10,0
7/14/2005 3:00,30876.13,27.22,16,0.6,0.72,10,0
7/14/2005 4:00,30876.17,26.67,16.8,0.6,0.73,10,2
7/14/2005 5:00,30876.21,27.22,17.9,0.5,0.72,6.93,66
7/14/2005 6:00,30876.25,28.89,17.8,1,2.23,5.73,226
7/14/2005 7:00,30876.29,30.56,14.9,2.7,2.08,4.5,410
7/14/2005 8:00,30876.34,33.89,13.5,3.3,2.29,3.77,579
7/14/2005 9:00,30876.38,36.11,14.1,3,2.48,3.28,719
7/14/2005 10:00,30876.42,37.22,17,2,2.9,3.14,812
7/14/2005 11:00,30876.46,38.89,17.8,1.7,3.54,3.13,856
7/14/2005 12:00,30876.5,41.67,16.3,1.8,3.72,2.97,862
7/14/2005 13:00,30876.55,43.89,16.6,1.8,4.56,3.25,808
7/14/2005 14:00,30876.59,43.33,15.9,2.1,5.39,3.31,718
7/14/2005 15:00,30876.63,45,14.4,1.7,4.87,3.83,577
7/14/2005 16:00,30876.67,44.44,13.5,1.9,4.73,4.34,414
7/14/2005 17:00,30876.71,42.78,14.4,1.6,5.24,5.01,240
7/14/2005 18:00,30876.76,41.67,14.8,1.5,4.99,4.77,81
7/14/2005 19:00,30876.8,36.67,15.2,1.4,4.87,10,3
7/14/2005 20:00,30876.84,34.44,16.6,1.8,5.08,10,0
7/14/2005 21:00,30876.88,33.33,16.9,2.5,5.08,10,0
7/14/2005 22:00,30876.92,30.56,16.9,2.4,4.92,10,0
7/14/2005 23:00,30876.97,28.89,17.9,2.7,5.08,10,0
7/15/2005 0:00,30877,28.89,16.4,2.2,4.9,10,0
7/15/2005 1:00,30877.04,27.22,13.5,2,5.11,10,0
7/15/2005 2:00,30877.08,26.11,13.5,1.4,5.17,10,0
7/15/2005 3:00,30877.13,26.11,14,1.2,5.55,10,0
7/15/2005 4:00,30877.17,25.56,13.9,0.7,5.5,10,1
7/15/2005 5:00,30877.21,25.56,14.2,0.7,5.53,5.9,73
7/15/2005 6:00,30877.25,28.89,14.5,1.7,1.71,5.18,236
7/15/2005 7:00,30877.29,30.56,17.6,2.1,1.83,9.78,178
7/15/2005 8:00,30877.34,31.11,18,1.6,3.35,9.61,255
7/15/2005 9:00,30877.38,31.11,17.4,2.2,2.69,4.65,664
7/15/2005 10:00,30877.42,35,17,2.6,2.25,5.16,717
7/15/2005 11:00,30877.46,37.78,17.2,2,1.8,3.52,840
7/15/2005 12:00,30877.5,38.89,16.7,1.7,1.99,3.69,833
7/15/2005 13:00,30877.55,43.33,17.2,1.6,5.25,2.19,840
7/15/2005 14:00,30877.59,42.78,16.9,1.9,4.22,5.81,603
7/15/2005 15:00,30877.63,43.33,16.2,2.7,4.56,6.44,465
7/15/2005 16:00,30877.67,41.67,16.2,2.8,4.35,8.06,272
7/15/2005 17:00,30877.71,41.11,15.5,2.9,4.42,6.37,210
7/15/2005 18:00,30877.76,38.33,15.8,2.2,4.57,4.71,80
7/15/2005 19:00,30877.8,35,16.2,1.4,4.75,10,3
7/15/2005 20:00,30877.84,32.22,16.7,1,4.66,10,0
7/15/2005 21:00,30877.88,31.11,16.3,1.4,4.64,10,0
7/15/2005 22:00,30877.92,30.56,16.9,0.9,5.03,10,0
7/15/2005 23:00,30877.97,29.44,15.9,1.3,5.1,10,0
7/16/2005 0:00,30878,28.89,14.6,1.6,5.08,10,0
7/16/2005 1:00,30878.04,28.33,14.4,1.4,4.92,10,0
7/16/2005 2:00,30878.08,29.51,14.9,1,5.34,10,0
7/16/2005 3:00,30878.13,30.68,15.3,0.8,5.36,10,0
7/16/2005 4:00,30878.17,31.85,15.8,0.9,5.85,10,3
7/16/2005 5:00,30878.21,33.02,16.6,0.8,0.52,6.41,68
7/16/2005 6:00,30878.25,34.2,17,0.8,5.57,5.91,220
7/16/2005 7:00,30878.29,35.37,18,1.3,1.61,5.3,384
7/16/2005 8:00,30878.34,36.54,17.1,2.6,2.22,4.54,551
7/16/2005 9:00,30878.38,37.72,17.3,3,2.27,3.98,692
7/16/2005 10:00,30878.42,38.89,18.7,2.5,2.6,3.58,794
7/16/2005 11:00,30878.46,40,17.5,1.5,2.69,3.23,851
7/16/2005 12:00,30878.5,41.67,17.3,1.7,4.17,3.23,851
7/16/2005 13:00,30878.55,45.56,17.5,2,4.45,3.43,800
7/16/2005 14:00,30878.59,43.33,17.1,2.4,4.97,3.47,711
7/16/2005 15:00,30878.63,43.89,16.1,3,4.69,3.83,575
7/16/2005 16:00,30878.67,43.89,15.8,3.3,4.64,4.74,401
7/16/2005 17:00,30878.71,41.67,13.3,3.5,4.57,5.5,228
7/16/2005 18:00,30878.76,40.56,13.4,2.4,5.06,4.81,78
7/16/2005 19:00,30878.8,37.78,13.6,3,5.15,10,3
7/16/2005 20:00,30878.84,33.89,14.1,2.9,5.13,10,0
7/16/2005 21:00,30878.88,33.33,15.1,2.8,4.89,10,0
7/16/2005 22:00,30878.92,32.22,14.1,2.5,4.87,10,0
7/16/2005 23:00,30878.97,30,11.4,2.5,4.8,10,0
7/17/2005 0:00,30879,28.89,14.6,1.9,4.92,10,0
7/17/2005 1:00,30879.04,27.78,15.9,1.5,5.03,10,0
7/17/2005 2:00,30879.08,27.22,15.8,1,5.27,10,0
7/17/2005 3:00,30879.13,27.78,15.4,0.8,5.1,10,0
7/17/2005 4:00,30879.17,27.22,15.8,0.6,6.28,10,1
7/17/2005 5:00,30879.21,27.22,16.5,0.6,4.45,7.24,60
7/17/2005 6:00,30879.25,28.33,17,0.9,0.38,6.08,215
7/17/2005 7:00,30879.29,31.11,17.8,1.9,1.88,5.08,390
7/17/2005 8:00,30879.34,38.33,17.9,3,2.5,4.29,559
7/17/2005 9:00,30879.38,35.56,17.4,2.5,2.58,3.88,695
7/17/2005 10:00,30879.42,37.78,16.3,1.6,3,3.51,796
7/17/2005 11:00,30879.46,38.89,17.2,1.3,0.38,3.29,848
7/17/2005 12:00,30879.5,41.11,16.6,2.2,4.83,3.13,854
7/17/2005 13:00,30879.55,42.78,14,2.9,4.71,2.96,816
7/17/2005 14:00,30879.59,44.44,13.2,3.1,4.71,3.07,723
7/17/2005 15:00,30879.63,45,12.3,2.8,4.56,3.54,583
7/17/2005 16:00,30879.67,45,15.2,3,4.5,4.33,411
7/17/2005 17:00,30879.71,42.22,16.8,3.1,4.61,5.19,233
7/17/2005 18:00,30879.76,38.89,15.9,2.7,4.68,5.08,75
7/17/2005 19:00,30879.8,36.11,15.9,2,4.96,10,3
7/17/2005 20:00,30879.84,33.89,15.8,2.5,5.29,10,0
7/17/2005 21:00,30879.88,31.67,16.5,2.2,5.08,10,0
7/17/2005 22:00,30879.92,31.11,14.4,2.5,4.94,10,0
7/17/2005 23:00,30879.97,31.67,12.5,1.7,5.01,10,0
7/18/2005 0:00,30880,28.89,13.1,1.4,4.99,10,0
7/18/2005 1:00,30880.04,29.44,13.7,1,4.85,10,0
7/18/2005 2:00,30880.08,28.33,15,0.8,4.66,10,0
7/18/2005 3:00,30880.13,28.89,15,0.9,4.43,10,0
7/18/2005 4:00,30880.17,26.11,14.6,0.8,5.18,10,1
7/18/2005 5:00,30880.21,26.11,15.3,0.8,6.14,7.34,58
7/18/2005 6:00,30880.25,28.33,15.3,0.8,5.72,5.89,218
7/18/2005 7:00,30880.29,31.67,15.8,0.8,4.76,5.05,390
7/18/2005 8:00,30880.34,37.22,17.7,2.2,2.44,4.26,559
7/18/2005 9:00,30880.38,37.22,18.2,2.2,3.25,3.75,699
7/18/2005 10:00,30880.42,37.22,16.9,1.5,3.8,3.28,804
7/18/2005 11:00,30880.46,39.44,14.1,2,4.96,2.58,872
7/18/2005 12:00,30880.5,41.67,13.6,2.8,4.83,2.3,880
7/18/2005 13:00,30880.55,42.78,14.1,3,4.73,2.51,829
7/18/2005 14:00,30880.59,43.33,12.8,4.1,4.64,2.87,728
7/18/2005 15:00,30880.63,43.33,11.8,4.4,4.69,3.4,586
7/18/2005 16:00,30880.67,42.22,12.2,4.5,4.63,4.01,418
7/18/2005 17:00,30880.71,41.11,14.4,4.2,4.92,4.9,237
7/18/2005 18:00,30880.76,39.44,14.8,3.5,5.03,3.8,80
7/18/2005 19:00,30880.8,35,14.6,3.1,5.06,10,3
7/18/2005 20:00,30880.84,31.67,15,2.8,5.17,10,0
7/18/2005 21:00,30880.88,30,16.2,2.5,5.08,10,0
7/18/2005 22:00,30880.92,30,15.1,2.5,4.78,10,0
7/18/2005 23:00,30880.97,30,14.7,2,4.82,10,0
7/19/2005 0:00,30881,27.78,13.7,2.1,4.78,10,0
7/19/2005 1:00,30881.04,26.67,13.1,1.8,5.13,10,0
7/19/2005 2:00,30881.08,25,12.5,1.8,5.17,10,0
7/19/2005 3:00,30881.13,25,12.2,1.5,5.29,10,0
7/19/2005 4:00,30881.17,25.56,11.5,1,5.38,10,1
7/19/2005 5:00,30881.21,24.44,12.3,0.9,5.78,6.69,62
7/19/2005 6:00,30881.25,25.56,11.5,1.2,5.41,5.34,228
7/19/2005 7:00,30881.29,28.33,10.9,1,5.24,4.56,403
7/19/2005 8:00,30881.34,31.67,12.7,1.3,3.87,4.06,565
7/19/2005 9:00,30881.38,33.33,13.8,1.8,3.09,3.59,704
7/19/2005 10:00,30881.42,35.56,14.3,1.6,3.53,3.28,803
7/19/2005 11:00,30881.46,39.44,14.4,1.7,3.58,2.92,860
7/19/2005 12:00,30881.5,40.56,14.7,1.5,4.5,2.89,861
7/19/2005 13:00,30881.55,41.67,14.3,2.4,4.66,3.03,812
7/19/2005 14:00,30881.59,41.67,14.3,2.5,4.85,3.33,713
7/19/2005 15:00,30881.63,43.89,14,2.3,5.03,3.8,573
7/19/2005 16:00,30881.67,42.78,13.1,3.4,4.83,4.32,409
7/19/2005 17:00,30881.71,42.22,12.3,3.5,5.04,4.82,237
7/19/2005 18:00,30881.76,38.89,11.2,3.4,4.83,3.39,80
7/19/2005 19:00,30881.8,33.89,10.4,3,4.92,10,3
7/19/2005 20:00,30881.84,31.11,10.9,2.6,4.99,10,0
7/19/2005 21:00,30881.88,30,10.3,2.9,4.99,10,0
7/19/2005 22:00,30881.92,29.44,9.6,3,4.92,10,0
7/19/2005 23:00,30881.97,28.89,9.7,2.5,5.06,10,0
7/20/2005 0:00,30882,28.33,10.9,1.5,4.69,10,0
7/20/2005 1:00,30882.04,27.22,11.5,1.3,4.85,10,0
7/20/2005 2:00,30882.08,25,12.6,0.9,5.15,10,0
7/20/2005 3:00,30882.13,25,12.7,1.1,5.45,10,0
7/20/2005 4:00,30882.17,26.11,12.3,0.9,5.39,10,1
7/20/2005 5:00,30882.21,26.11,13.3,0.6,1.22,7.29,56
7/20/2005 6:00,30882.25,28.33,14.1,1,1.2,6.01,213
7/20/2005 7:00,30882.29,31.67,13.9,2.3,2.29,4.87,393
7/20/2005 8:00,30882.34,34.44,13.3,3.2,2.46,4.23,558
7/20/2005 9:00,30882.38,35,13.7,2.6,2.46,3.78,696
7/20/2005 10:00,30882.42,35,13.8,2.4,2.78,3.57,791
7/20/2005 11:00,30882.46,37.78,13.7,2.1,2.9,3.36,843
7/20/2005 12:00,30882.5,37.78,13.8,1.6,3.44,3.5,837
7/20/2005 13:00,30882.55,41.11,14.3,2,4.4,3.52,793
7/20/2005 14:00,30882.59,43.33,14.4,2.3,4.61,3.75,697
7/20/2005 15:00,30882.63,43.33,14,1.9,4.66,4.31,555
7/20/2005 16:00,30882.67,44.44,13.8,2.3,4.42,4.88,392
7/20/2005 17:00,30882.71,42.78,14.5,3.2,4.71,5.45,224
7/20/2005 18:00,30882.76,38.89,14.4,2.9,4.63,5.32,69
7/20/2005 19:00,30882.8,36.11,15,1.6,4.57,10,2
7/20/2005 20:00,30882.84,33.33,15.2,1.8,4.4,10,0
7/20/2005 21:00,30882.88,30.56,14.5,1.7,4.9,10,0
7/20/2005 22:00,30882.92,28.89,15.1,2.3,4.73,10,0
7/20/2005 23:00,30882.97,28.33,14.6,2.7,5.06,10,0
7/21/2005 0:00,30883,28.33,13.6,2.2,5.34,10,0
7/21/2005 1:00,30883.04,27.22,14,1.8,4.71,10,0
7/21/2005 2:00,30883.08,28.89,14.1,1.7,4.63,10,0
7/21/2005 3:00,30883.13,27.78,14.2,1.5,6.2,10,0
7/21/2005 4:00,30883.17,27.22,14.7,1.2,0.26,10,0
7/21/2005 5:00,30883.21,29.44,15,1.5,3.79,5.36,68
7/21/2005 6:00,30883.25,28.33,14.9,1.4,4.38,7.66,171
7/21/2005 7:00,30883.29,29.44,14.9,1,4.9,5.32,378
7/21/2005 8:00,30883.34,32.22,15,1.5,1.9,6.65,449
7/21/2005 9:00,30883.38,32.78,14.7,2.1,3.02,7.09,516
7/21/2005 10:00,30883.42,37.22,15.1,1.9,3.72,8.26,479
7/21/2005 11:00,30883.46,37.78,15.9,2.2,4.31,2.28,878
7/21/2005 12:00,30883.5,39.44,14.3,2.6,4.49,2.9,859
7/21/2005 13:00,30883.55,41.67,13.1,1.8,4.71,3.57,790
7/21/2005 14:00,30883.59,44.44,12.8,1.3,5.93,3.96,688
7/21/2005 15:00,30883.63,43.33,15.1,2.8,4.92,4.5,547
7/21/2005 16:00,30883.67,42.78,15.5,4.5,4.64,4.98,388
7/21/2005 17:00,30883.71,38.89,16.1,4.2,5.13,6.92,190
7/21/2005 18:00,30883.76,36.11,15.9,3.1,5.32,7.16,55
7/21/2005 19:00,30883.8,35,15.4,2.8,4.92,10,2
7/21/2005 20:00,30883.84,35,17.1,4.4,4.73,10,0
7/21/2005 21:00,30883.88,26.67,15.1,5,5.04,10,0
7/21/2005 22:00,30883.92,23.89,13.6,4.1,5.13,10,0
7/21/2005 23:00,30883.97,27.78,13,3.4,5.17,10,0
7/22/2005 0:00,30884,22.22,13,2.9,5.04,10,0
7/22/2005 1:00,30884.04,21.67,13,2.3,5.17,10,0
7/22/2005 2:00,30884.08,21.11,13.1,2.1,5.04,10,0
7/22/2005 3:00,30884.13,20,13,1.7,5.25,10,0
7/22/2005 4:00,30884.17,20,12.9,1.4,4.92,10,1
7/22/2005 5:00,30884.21,19.44,13.4,1.6,4.63,6.95,56
7/22/2005 6:00,30884.25,20,13.2,2,4.9,5.74,216
7/22/2005 7:00,30884.29,23.33,13.4,1.7,4.97,4.56,399
7/22/2005 8:00,30884.34,28.33,14.1,1.3,4.24,4.07,561
7/22/2005 9:00,30884.38,28.89,14.7,1.7,4.66,3.62,700
7/22/2005 10:00,30884.42,30.56,14.9,1.8,4.83,3.29,800
7/22/2005 11:00,30884.46,35,15.7,1.5,5.74,3.15,849
7/22/2005 12:00,30884.5,36.11,15.7,1.6,5.04,3.04,853
7/22/2005 13:00,30884.55,37.78,16,2.3,4.96,3.15,805
7/22/2005 14:00,30884.59,39.44,15.7,3.2,4.76,3.38,708
7/22/2005 15:00,30884.63,40.56,16,3.5,5.08,3.78,570
7/22/2005 16:00,30884.67,40,12.7,3.8,5.11,4.08,411
7/22/2005 17:00,30884.71,38.89,11.8,4.1,4.97,4.68,235
7/22/2005 18:00,30884.76,37.78,11.1,3.2,4.82,2.93,76
7/22/2005 19:00,30884.8,33.89,11.4,3.6,4.9,10,2
7/22/2005 20:00,30884.84,30,11.5,3.3,4.97,10,0
7/22/2005 21:00,30884.88,27.78,11.1,3.2,4.82,10,0
7/22/2005 22:00,30884.92,25.56,10.7,2.7,5.04,10,0
7/22/2005 23:00,30884.97,22.22,11.3,2.3,4.97,10,0
7/23/2005 0:00,30885,23.89,12.6,1.9,5.17,10,0
7/23/2005 1:00,30885.04,23.33,13,1.4,4.75,10,0
7/23/2005 2:00,30885.08,23.33,12.7,0.9,5.06,10,0
7/23/2005 3:00,30885.13,22.78,12.7,0.7,5.27,10,0
7/23/2005 4:00,30885.17,23.89,12.9,0.8,1.1,10,1
7/23/2005 5:00,30885.21,25,13.7,0.9,4.54,6.45,58
7/23/2005 6:00,30885.25,26.11,13.5,1.1,4.73,5.09,227
7/23/2005 7:00,30885.29,27.22,13.6,0.9,5.34,4.17,408
7/23/2005 8:00,30885.34,31.67,14.2,2.4,2.5,3.37,581
7/23/2005 9:00,30885.38,32.22,14.3,2.8,2.43,2.69,728
7/23/2005 10:00,30885.42,35,14.1,2.7,2.64,2.33,829
7/23/2005 11:00,30885.46,36.11,12.2,2.4,3.07,2.13,880
7/23/2005 12:00,30885.5,39.44,12.3,1.7,3.23,2.16,879
7/23/2005 13:00,30885.55,42.22,14.2,2,3.8,2.58,822
7/23/2005 14:00,30885.59,40.56,15.9,2.5,5.04,2.75,726
7/23/2005 15:00,30885.63,42.78,16.3,2.6,5.15,3.17,586
7/23/2005 16:00,30885.67,43.33,15.3,2.6,5.04,3.89,414
7/23/2005 17:00,30885.71,41.67,14.3,2.6,4.78,4.64,234
7/23/2005 18:00,30885.76,37.78,13.4,2.4,4.76,2.16,76
7/23/2005 19:00,30885.8,35.56,14.6,1.8,4.75,10,2
7/23/2005 20:00,30885.84,32.22,15.4,1.6,5.08,10,0
7/23/2005 21:00,30885.88,31.67,14.7,1.5,5.06,10,0
7/23/2005 22:00,30885.92,30,12.3,1.8,4.59,10,0
7/23/2005 23:00,30885.97,25.56,11.7,1.3,4.87,10,0
7/24/2005 0:00,30886,27.78,12.8,1.5,5.25,10,0
7/24/2005 1:00,30886.04,26.67,13.3,1,5.27,10,0
7/24/2005 2:00,30886.08,27.78,13.2,1,4.87,10,0
7/24/2005 3:00,30886.13,26.11,13.8,1.2,5.92,10,0
7/24/2005 4:00,30886.17,26.67,14.4,1,0.77,10,1
7/24/2005 5:00,30886.21,26.67,14.7,0.6,4.31,6.82,54
7/24/2005 6:00,30886.25,27.22,15.7,0.6,5.71,5.11,225
7/24/2005 7:00,30886.29,30,14.8,1.5,2.36,4.23,405
7/24/2005 8:00,30886.34,33.33,15,1.9,2.2,3.71,570
7/24/2005 9:00,30886.38,37.78,17.2,2.4,2.6,3.03,717
7/24/2005 10:00,30886.42,38.89,16.6,1.8,3.37,2.55,822
7/24/2005 11:00,30886.46,38.89,15.1,1.7,3.89,2.28,875
7/24/2005 12:00,30886.5,40.56,13,2.5,4.85,1.57,891
7/24/2005 13:00,30886.55,42.22,11.3,2.7,4.99,1.34,848
7/24/2005 14:00,30886.59,42.78,10.2,3.5,4.73,1.92,744
7/24/2005 15:00,30886.63,42.78,10.2,3.5,5.04,2.51,600
7/24/2005 16:00,30886.67,41.67,8.9,3.6,4.87,2.76,435
7/24/2005 17:00,30886.71,40.56,8.1,3.3,5.01,3.39,250
7/24/2005 18:00,30886.76,38.89,8.1,3,5.13,0,81
7/24/2005 19:00,30886.8,35,7.5,2.3,4.87,10,2
7/24/2005 20:00,30886.84,32.22,10.2,1.8,4.92,10,0
7/24/2005 21:00,30886.88,30.56,13.3,2.4,4.99,10,0
7/24/2005 22:00,30886.92,28.33,13.7,2.6,4.83,10,0
7/24/2005 23:00,30886.97,28.89,14.1,1.9,4.85,10,0
7/25/2005 0:00,30887,27.22,14.6,0.9,5.39,10,0
7/25/2005 1:00,30887.04,25.56,14.1,1.2,5.06,10,0
7/25/2005 2:00,30887.08,23.89,13.8,1.3,5.79,10,0
7/25/2005 3:00,30887.13,24.44,13.7,1.2,4.66,10,0
7/25/2005 4:00,30887.17,25.56,13.7,0.9,4.87,10,1
7/25/2005 5:00,30887.21,23.89,14.2,0.7,0.54,4.78,64
7/25/2005 6:00,30887.25,26.11,14.8,0.8,5.38,3.94,242
7/25/2005 7:00,30887.29,29.44,14.5,1.2,2.34,3.46,421
7/25/2005 8:00,30887.34,32.22,14,2.8,2.51,2.6,597
7/25/2005 9:00,30887.38,32.78,14.1,2.7,2.65,2.03,741
7/25/2005 10:00,30887.42,35.56,13.4,1.4,5.36,1.9,837
7/25/2005 11:00,30887.46,36.11,8.7,2.4,4.64,0,907
7/25/2005 12:00,30887.5,38.89,8.8,3.2,4.71,0,910
7/25/2005 13:00,30887.55,40.56,9.4,3.6,4.75,0,864
7/25/2005 14:00,30887.59,40.56,9.1,3.8,4.63,0.64,759
7/25/2005 15:00,30887.63,41.67,7.4,3.7,4.94,1.41,616
7/25/2005 16:00,30887.67,41.11,4.7,3.6,5.18,2.24,441
7/25/2005 17:00,30887.71,40.56,5.6,3.3,5.11,2.53,257
7/25/2005 18:00,30887.76,38.33,8.9,3,4.9,0,80
7/25/2005 19:00,30887.8,34.44,10.9,2.3,4.83,10,2
7/25/2005 20:00,30887.84,31.11,12,1.5,5.13,10,0
7/25/2005 21:00,30887.88,30,12.7,1.6,4.9,10,0
7/25/2005 22:00,30887.92,28.33,11.3,1.8,4.75,10,0
7/25/2005 23:00,30887.97,28.33,12.3,1.3,4.97,10,0
7/26/2005 0:00,30888,25.56,13.8,1.4,5.48,10,0
7/26/2005 1:00,30888.04,25,13.8,1.2,4.73,10,0
7/26/2005 2:00,30888.08,24.44,13.4,0.8,5.27,10,0
7/26/2005 3:00,30888.13,25,13.3,0.7,0.09,10,0
7/26/2005 4:00,30888.17,23.89,13.5,0.8,0.52,10,1
7/26/2005 5:00,30888.21,23.89,13.6,0.7,1.76,6.32,54
7/26/2005 6:00,30888.25,25,13.9,1.1,1.26,5.1,222
7/26/2005 7:00,30888.29,26.67,13.3,2.7,2.02,3.71,414
7/26/2005 8:00,30888.34,31.11,14,3.1,2.16,3.02,586
7/26/2005 9:00,30888.38,37.22,14.3,3.2,2.43,2.46,730
7/26/2005 10:00,30888.42,36.11,13.7,2.1,2.98,2.35,825
7/26/2005 11:00,30888.46,37.22,13.5,1.6,3.68,2.31,872
7/26/2005 12:00,30888.5,38.89,12.2,1.8,4.22,2.23,874
7/26/2005 13:00,30888.55,41.67,10.4,2.6,4.47,2.15,830
7/26/2005 14:00,30888.59,41.67,8.6,1.9,4.9,2.41,731
7/26/2005 15:00,30888.63,42.78,9.1,1.8,4.97,3.12,583
7/26/2005 16:00,30888.67,42.22,8.6,2.6,4.9,3.69,414
7/26/2005 17:00,30888.71,40.56,5.5,2.6,4.97,4.24,235
7/26/2005 18:00,30888.76,38.89,4,2.2,4.9,0,73
7/26/2005 19:00,30888.8,35,7.8,1.9,5.03,10,2
7/26/2005 20:00,30888.84,31.67,10,1.9,5.11,10,0
7/26/2005 21:00,30888.88,31.11,10.9,1.7,4.94,10,0
7/26/2005 22:00,30888.92,30,12.9,1.5,4.99,10,0
7/26/2005 23:00,30888.97,28.33,13.7,1.8,4.64,10,0
7/27/2005 0:00,30889,27.78,14.1,1.4,5.22,10,0
7/27/2005 1:00,30889.04,26.67,14.3,1.2,4.97,10,0
7/27/2005 2:00,30889.08,26.11,14.3,1,5.06,10,0
7/27/2005 3:00,30889.13,25.56,14.7,0.8,5.88,10,0
7/27/2005 4:00,30889.17,25,14.7,1,0.61,10,1
7/27/2005 5:00,30889.21,26.11,14.9,0.8,4.31,9.05,33
7/27/2005 6:00,30889.25,26.11,16,0.9,4.68,7.23,175
7/27/2005 7:00,30889.29,28.33,15.4,1,5.99,5.21,373
7/27/2005 8:00,30889.34,30.56,14.5,1.2,1.27,4.08,554
7/27/2005 9:00,30889.38,34.44,13.3,1.8,1.61,3.56,696
7/27/2005 10:00,30889.42,37.78,13.1,2,2.43,3.22,797
7/27/2005 11:00,30889.46,39.44,13,1.5,3.6,2.95,851
7/27/2005 12:00,30889.5,41.11,13.5,1.4,1.69,2.98,850
7/27/2005 13:00,30889.55,40.56,13.3,2.2,4.78,3.16,799
7/27/2005 14:00,30889.59,42.22,13.7,2.7,4.94,3.44,700
7/27/2005 15:00,30889.63,42.78,10.2,2.9,4.92,3.85,561
7/27/2005 16:00,30889.67,41.67,9.4,2.7,5.11,4.64,389
7/27/2005 17:00,30889.71,40,10.4,3,5.11,5.45,213
7/27/2005 18:00,30889.76,38.33,9.1,2.9,4.96,3.42,64
7/27/2005 19:00,30889.8,35,10.7,3.1,4.9,10,2
7/27/2005 20:00,30889.84,31.67,10.1,3.3,4.89,10,0
7/27/2005 21:00,30889.88,30,9.8,3.5,4.85,10,0
7/27/2005 22:00,30889.92,27.78,9.8,2.9,4.85,10,0
7/27/2005 23:00,30889.97,28.33,8.6,2.2,4.92,10,0
7/28/2005 0:00,30890,25,9.6,1.5,5.38,10,0
7/28/2005 1:00,30890.04,24.44,11.5,1.3,4.83,10,0
7/28/2005 2:00,30890.08,25.56,12.7,1.3,4.9,10,0
7/28/2005 3:00,30890.13,23.89,11.9,1.3,5.62,10,0
7/28/2005 4:00,30890.17,24.44,11.2,0.7,3.58,10,0
7/28/2005 5:00,30890.21,25,11.4,0.6,5.59,9.16,31
7/28/2005 6:00,30890.25,26.11,12.3,0.9,4.47,6.4,193
7/28/2005 7:00,30890.29,27.78,11.2,1.3,2.69,4.85,382
7/28/2005 8:00,30890.34,30.56,11.1,2.1,2.62,4.07,553
7/28/2005 9:00,30890.38,31.67,11,2,2.83,3.8,686
7/28/2005 10:00,30890.42,32.78,10.8,2,3.63,3.45,787
7/28/2005 11:00,30890.46,35,10.5,2.4,4.43,3.09,845
7/28/2005 12:00,30890.5,37.22,9.1,2.6,4.49,2.89,852
7/28/2005 13:00,30890.55,40.56,9.7,2.3,4.76,2.88,807
7/28/2005 14:00,30890.59,41.11,10.1,2.4,4.71,3.15,708
7/28/2005 15:00,30890.63,43.33,10.3,2.4,4.8,3.6,567
7/28/2005 16:00,30890.67,41.67,10.4,2.8,4.8,4.31,396
7/28/2005 17:00,30890.71,40,9.4,3,4.83,4.96,220
7/28/2005 18:00,30890.76,37.78,11.5,2.6,4.75,3.34,62
7/28/2005 19:00,30890.8,34.44,11,3.3,4.89,10,1
7/28/2005 20:00,30890.84,31.11,9.9,3.5,4.99,10,0
7/28/2005 21:00,30890.88,28.33,8.7,3,4.97,10,0
7/28/2005 22:00,30890.92,27.78,7.9,2.8,4.87,10,0
7/28/2005 23:00,30890.97,25.56,7.9,2.2,4.92,10,0
7/29/2005 0:00,30891,24.44,9,1.2,4.92,10,0
7/29/2005 1:00,30891.04,25.56,9.9,1.2,5.18,10,0
7/29/2005 2:00,30891.08,25.56,10.2,0.6,4.19,10,0
7/29/2005 3:00,30891.13,23.89,11,0.8,1.26,10,0
7/29/2005 4:00,30891.17,23.89,11.7,0.6,3.4,10,0
7/29/2005 5:00,30891.21,23.33,12,0.7,0.77,6.79,46
7/29/2005 6:00,30891.25,25.56,13.5,0.8,6,5.58,208
7/29/2005 7:00,30891.29,28.89,11.7,1.5,1.61,4.39,393
7/29/2005 8:00,30891.34,31.67,10.6,2.1,2.44,3.57,567
7/29/2005 9:00,30891.38,32.78,10.9,2.1,3.02,3.27,703
7/29/2005 10:00,30891.42,33.33,11.4,1.6,3.79,3.2,795
7/29/2005 11:00,30891.46,36.67,11.2,2,4.49,2.67,858
7/29/2005 12:00,30891.5,38.33,12.7,2.4,4.82,2.6,860
7/29/2005 13:00,30891.55,40,13.7,2.6,4.71,2.68,812
7/29/2005 14:00,30891.59,41.11,13.6,2.4,4.45,3.14,707
7/29/2005 15:00,30891.63,41.11,13.3,2.5,4.76,3.48,569
7/29/2005 16:00,30891.67,41.67,14,2.7,4.83,4.08,400
7/29/2005 17:00,30891.71,40,13.8,2.5,5.15,4.6,224
7/29/2005 18:00,30891.76,37.78,13.3,2.6,5.04,2.37,62
7/29/2005 19:00,30891.8,34.44,14.3,3.1,4.92,10,1
7/29/2005 20:00,30891.84,30,14,3.5,4.92,10,0
7/29/2005 21:00,30891.88,28.33,14.5,2.8,5.08,10,0
7/29/2005 22:00,30891.92,27.78,14.9,3.2,4.96,10,0
7/29/2005 23:00,30891.97,25.56,14.4,2.7,5.03,10,0
7/30/2005 0:00,30892,24.44,12.9,2.2,4.9,10,0
7/30/2005 1:00,30892.04,23.89,12.2,1.9,4.89,10,0
7/30/2005 2:00,30892.08,22.22,12.8,1.3,5.36,10,0
7/30/2005 3:00,30892.13,23.33,13.1,1.1,5.27,10,0
7/30/2005 4:00,30892.17,23.33,12.9,0.6,4.52,10,0
7/30/2005 5:00,30892.21,22.78,13.3,0.6,2.6,5.67,50
7/30/2005 6:00,30892.25,25,14.3,0.7,6,5.43,209
7/30/2005 7:00,30892.29,28.33,14.7,1.3,2.11,4.51,388
7/30/2005 8:00,30892.34,31.67,15.5,2.1,2.36,3.68,562
7/30/2005 9:00,30892.38,31.67,16.3,2.5,2.55,3.29,701
7/30/2005 10:00,30892.42,33.89,16.3,2.3,2.79,2.93,803
7/30/2005 11:00,30892.46,35.56,15.7,1.6,3.25,2.9,849
7/30/2005 12:00,30892.5,38.33,14.7,2,4.38,2.78,853
7/30/2005 13:00,30892.55,40,14.8,2.6,4.73,2.8,807
7/30/2005 14:00,30892.59,41.11,14.9,2.9,4.68,3.05,708
7/30/2005 15:00,30892.63,42.22,15.6,3.2,4.66,3.63,563
7/30/2005 16:00,30892.67,40.56,14.2,3.4,4.85,4.09,398
7/30/2005 17:00,30892.71,40,13.4,3.4,5.11,4.6,222
7/30/2005 18:00,30892.76,38.33,13.3,3.1,4.97,0,64
7/30/2005 19:00,30892.8,35,14.1,2.5,4.94,10,1
7/30/2005 20:00,30892.84,31.11,14.5,2.8,5.03,10,0
7/30/2005 21:00,30892.88,30,15.1,3,4.85,10,0
7/30/2005 22:00,30892.92,27.78,14.5,3.3,4.89,10,0
7/30/2005 23:00,30892.97,26.11,13.7,3,5.06,10,0
7/31/2005 0:00,30893,25.56,14.1,1.7,5.06,10,0
7/31/2005 1:00,30893.04,24.44,14.6,1.5,5.22,10,0
7/31/2005 2:00,30893.08,23.89,14.9,1.3,5.34,10,0
7/31/2005 3:00,30893.13,26.11,14.9,0.5,4.64,10,0
7/31/2005 4:00,30893.17,25.56,15.5,0.7,0.75,10,0
7/31/2005 5:00,30893.21,26.11,15.8,0.6,4.8,6.09,46
7/31/2005 6:00,30893.25,26.11,16.6,0.7,4.9,5.32,209
7/31/2005 7:00,30893.29,30,16.7,1,2.79,4.64,383
7/31/2005 8:00,30893.34,31.11,17.2,1.9,2.22,4.02,550
7/31/2005 9:00,30893.38,33.89,17.6,2.8,2.09,3.34,698
7/31/2005 10:00,30893.42,35,17.4,2,2.88,3.04,798
7/31/2005 11:00,30893.46,36.67,17.1,1.4,3.44,2.84,850
7/31/2005 12:00,30893.5,40,16.8,1.9,4.47,2.61,857
7/31/2005 13:00,30893.55,42.22,16,2.5,4.8,2.58,812
7/31/2005 14:00,30893.59,42.22,15.5,3.2,4.73,2.86,712
7/31/2005 15:00,30893.63,42.78,14.6,3.8,4.63,3.17,574
7/31/2005 16:00,30893.67,41.11,12.3,3.2,5.01,3.6,407
7/31/2005 17:00,30893.71,40.56,12,3.3,4.96,3.89,230
7/31/2005 18:00,30893.76,38.89,12.2,2.9,4.92,0,64
7/31/2005 19:00,30893.8,35.56,13.3,2.8,4.99,10,1
7/31/2005 20:00,30893.84,31.67,13.3,2.7,5.13,10,0
7/31/2005 21:00,30893.88,31.11,13.3,2.5,4.96,10,0
7/31/2005 22:00,30893.92,29.44,12.1,3,4.83,10,0
7/31/2005 23:00,30893.97,26.11,10,3.2,4.96,10,0
8/1/2005 0:00,30894,26.67,11.6,2,5.25,10,0
8/1/2005 1:00,30894.04,27.78,12.3,1.2,4.9,10,0
8/1/2005 2:00,30894.08,25.56,13.2,1.1,5.24,10,0
8/1/2005 3:00,30894.13,24.44,13.1,1.1,6.2,10,0
8/1/2005 4:00,30894.17,25,13,1,5.29,10,0
8/1/2005 5:00,30894.21,26.11,13.5,0.8,5.27,3.64,53
8/1/2005 6:00,30894.25,26.67,13.7,0.6,0.23,4.91,214
8/1/2005 7:00,30894.29,29.44,13.2,0.9,4.73,4.45,386
8/1/2005 8:00,30894.34,30.56,15.1,2.2,2.43,3.87,553
8/1/2005 9:00,30894.38,34.44,16,2.2,2.81,3.23,700
8/1/2005 10:00,30894.42,36.11,15.7,1.5,3.46,2.87,802
8/1/2005 11:00,30894.46,38.33,15,1.3,3.3,2.73,852
8/1/2005 12:00,30894.5,39.44,15.5,2.9,4.63,2.47,860
8/1/2005 13:00,30894.55,41.11,15.3,3.2,4.59,2.26,819
8/1/2005 14:00,30894.59,41.11,14.1,3.5,4.69,2.46,721
8/1/2005 15:00,30894.63,41.67,11.3,4.2,4.66,3.01,576
8/1/2005 16:00,30894.67,40.56,8.9,4.5,4.92,3.7,403
8/1/2005 17:00,30894.71,38.33,8.8,4.4,5.04,4.04,226
8/1/2005 18:00,30894.76,37.78,7.9,4.1,5.11,0,65
8/1/2005 19:00,30894.8,33.89,6.3,3.7,5.1,10,1
8/1/2005 20:00,30894.84,32.78,5.5,3.6,5.17,10,0
8/1/2005 21:00,30894.88,31.11,5.8,2.9,4.94,10,0
8/1/2005 22:00,30894.92,29.44,7.1,2.1,4.8,10,0
8/1/2005 23:00,30894.97,27.22,6.6,2.7,4.75,10,0
8/2/2005 0:00,30895,27.22,8,1.7,5.34,10,0
8/2/2005 1:00,30895.04,27.22,9.1,1.3,5.57,10,0
8/2/2005 2:00,30895.08,25.56,9.8,0.9,0.02,10,0
8/2/2005 3:00,30895.13,25.56,10.3,0.9,4.49,10,0
8/2/2005 4:00,30895.17,25,10.1,0.8,3.28,10,0
8/2/2005 5:00,30895.21,24.44,11.6,0.8,5.31,3.46,51
8/2/2005 6:00,30895.25,23.89,12.2,0.7,0.8,4.79,214
8/2/2005 7:00,30895.29,27.78,11.4,0.8,4.83,4.18,391
8/2/2005 8:00,30895.34,32.22,11.6,1.6,3.44,3.68,557
8/2/2005 9:00,30895.38,33.33,12.4,2,3.51,3.18,700
8/2/2005 10:00,30895.42,35,12.3,2,3.33,2.89,800
8/2/2005 11:00,30895.46,37.22,11.3,1.9,4.24,2.42,860
8/2/2005 12:00,30895.5,38.89,9.3,2.8,4.54,1.85,874
8/2/2005 13:00,30895.55,40.56,8.6,2.7,4.54,1.98,824
8/2/2005 14:00,30895.59,41.11,9.8,3,4.56,2.63,715
8/2/2005 15:00,30895.63,41.11,9.8,3.4,4.71,2.94,576
8/2/2005 16:00,30895.67,40.56,8.5,3.7,4.68,3.6,403
8/2/2005 17:00,30895.71,40,7.9,3.5,5.01,4.1,223
8/2/2005 18:00,30895.76,37.78,7.3,3.3,5.1,0,60
8/2/2005 19:00,30895.8,32.78,7.4,2.8,5.1,10,1
8/2/2005 20:00,30895.84,31.11,8.7,3.1,5.03,10,0
8/2/2005 21:00,30895.88,28.89,8.9,3.3,5.13,10,0
8/2/2005 22:00,30895.92,27.78,9.2,2.7,4.85,10,0
8/2/2005 23:00,30895.97,28.33,9.8,2.6,4.92,10,0
8/3/2005 0:00,30896,26.67,10.8,2.4,5.11,10,0
8/3/2005 1:00,30896.04,24.44,11.4,1.7,5.2,10,0
8/3/2005 2:00,30896.08,23.89,11.7,1.2,4.97,10,0
8/3/2005 3:00,30896.13,23.89,12.3,1,5.55,10,0
8/3/2005 4:00,30896.17,23.89,12.1,0.7,4.15,10,0
8/3/2005 5:00,30896.21,24.44,12.3,0.9,1.29,4.03,47
8/3/2005 6:00,30896.25,24.44,13.5,1.3,1.26,4.78,212
8/3/2005 7:00,30896.29,24.44,11.5,2.6,2.23,3.59,402
8/3/2005 8:00,30896.34,31.67,12.3,3.1,2.37,2.84,577
8/3/2005 9:00,30896.38,31.11,12.5,2.6,2.39,2.5,717
8/3/2005 10:00,30896.42,33.89,12.1,1.6,2.58,2.53,809
8/3/2005 11:00,30896.46,35,12,1.5,5.04,2.47,857
8/3/2005 12:00,30896.5,37.78,9.8,2.2,4.05,2.17,865
8/3/2005 13:00,30896.55,40,9,2.4,4.89,2.26,816
8/3/2005 14:00,30896.59,40.56,9.8,2.6,4.89,2.68,712
8/3/2005 15:00,30896.63,41.11,9.2,2.6,4.73,3.15,569
8/3/2005 16:00,30896.67,41.11,9.3,2.4,4.56,3.79,397
8/3/2005 17:00,30896.71,38.33,11.5,2.2,4.85,4.23,219
8/3/2005 18:00,30896.76,36.67,11.5,2.1,4.9,0,59
8/3/2005 19:00,30896.8,33.33,11.2,1.9,4.9,10,1
8/3/2005 20:00,30896.84,30,12.5,2,5.11,10,0
8/3/2005 21:00,30896.88,28.89,13.8,2.2,4.94,10,0
8/3/2005 22:00,30896.92,28.33,14.3,2.3,4.73,10,0
8/3/2005 23:00,30896.97,26.11,14.4,2.5,4.78,10,0
8/4/2005 0:00,30897,26.11,14.2,1.8,4.89,10,0
8/4/2005 1:00,30897.04,24.44,14.3,1.3,5.46,10,0
8/4/2005 2:00,30897.08,23.89,14,1.2,4.21,10,0
8/4/2005 3:00,30897.13,23.89,14,1.1,5.6,10,0
8/4/2005 4:00,30897.17,22.78,14,0.8,5.95,10,0
8/4/2005 5:00,30897.21,22.78,14,0.6,0.42,4.22,44
8/4/2005 6:00,30897.25,25,14.9,0.7,4.87,5.03,206
8/4/2005 7:00,30897.29,27.22,14.9,2.7,2.32,4.01,391
8/4/2005 8:00,30897.34,30.56,14.1,3.2,2.5,3.14,568
8/4/2005 9:00,30897.38,33.33,14,2.7,2.44,2.86,706
8/4/2005 10:00,30897.42,35,15.2,2.3,2.79,2.72,802
8/4/2005 11:00,30897.46,36.67,14.9,1.7,3.54,2.72,848
8/4/2005 12:00,30897.5,38.33,14.5,1.6,4.69,2.99,839
8/4/2005 13:00,30897.55,40,12,2.2,4.83,2.68,803
8/4/2005 14:00,30897.59,40,11.4,2.4,4.78,2.95,703
8/4/2005 15:00,30897.63,41.67,11.9,2.3,4.73,3.57,556
8/4/2005 16:00,30897.67,41.67,11.3,2.9,4.59,4.27,384
8/4/2005 17:00,30897.71,39.44,11.1,2.7,4.64,4.64,211
8/4/2005 18:00,30897.76,36.11,11.7,2.2,4.8,0,60
8/4/2005 19:00,30897.8,33.89,12.5,1.7,5.04,10,1
8/4/2005 20:00,30897.84,31.11,12.1,1.9,5.17,10,0
8/4/2005 21:00,30897.88,30.56,13.3,2,4.87,10,0
8/4/2005 22:00,30897.92,29.44,14.5,1.9,4.99,10,0
8/4/2005 23:00,30897.97,26.67,15.2,1.9,4.82,10,0
8/5/2005 0:00,30898,26.67,16,1.3,4.61,10,0
8/5/2005 1:00,30898.04,26.11,14.6,1.4,4.97,10,0
8/5/2005 2:00,30898.08,25,14.6,1.4,5.97,10,0
8/5/2005 3:00,30898.13,26.11,14.6,0.9,4.49,10,0
8/5/2005 4:00,30898.17,26.11,14.7,0.8,4.85,10,0
8/5/2005 5:00,30898.21,25.56,14.4,0.7,5.08,4.75,40
8/5/2005 6:00,30898.25,25,15.4,0.9,5.78,5.5,196
8/5/2005 7:00,30898.29,27.78,15.1,0.9,5.43,4.84,368
8/5/2005 8:00,30898.34,30.56,15.1,2.5,2.5,4.18,536
8/5/2005 9:00,30898.38,33.33,16,3.1,2.37,3.66,679
8/5/2005 10:00,30898.42,36.11,16.6,2.1,2.78,3.47,775
8/5/2005 11:00,30898.46,37.78,15.4,1.5,3.72,3.28,827
8/5/2005 12:00,30898.5,38.89,15.3,1.5,4.22,3.25,828
8/5/2005 13:00,30898.55,40,15.2,1.7,4.63,3.36,779
8/5/2005 14:00,30898.59,41.11,14.8,1.7,5.72,3.65,679
8/5/2005 15:00,30898.63,42.22,13.9,2.4,5.25,3.98,542
8/5/2005 16:00,30898.67,42.22,13.1,3.4,4.75,3.92,390
8/5/2005 17:00,30898.71,38.89,13.5,3.6,4.68,4.89,205
8/5/2005 18:00,30898.76,37.78,12.7,3,4.71,0,72
8/5/2005 19:00,30898.8,35.56,13.5,2.5,5.03,10,1
8/5/2005 20:00,30898.84,32.78,12.7,2.3,5.11,10,0
8/5/2005 21:00,30898.88,31.11,13.7,2.4,4.89,10,0
8/5/2005 22:00,30898.92,31.11,13.7,2.4,5.22,10,0
8/5/2005 23:00,30898.97,29.44,12.9,2.4,5.03,10,0
8/6/2005 0:00,30899,28.89,12.1,1.7,5.45,10,0
8/6/2005 1:00,30899.04,28.89,11.9,1.4,5.24,10,0
8/6/2005 2:00,30899.08,28.33,12.3,0.8,4.73,10,0
8/6/2005 3:00,30899.13,26.67,12.3,1,5.13,10,0
8/6/2005 4:00,30899.17,26.67,12.6,0.9,4.47,10,0
8/6/2005 5:00,30899.21,26.67,12.3,0.7,4.26,10,14
8/6/2005 6:00,30899.25,26.11,12.6,1.1,5.92,9.95,86
8/6/2005 7:00,30899.29,26.67,11.9,0.6,5.15,8.69,220
8/6/2005 8:00,30899.34,30,14.8,0.8,5.15,8.46,322
8/6/2005 9:00,30899.38,35.56,16.2,2,2.41,7.55,467
8/6/2005 10:00,30899.42,36.67,15.3,1.9,2.57,8.14,478
8/6/2005 11:00,30899.46,37.78,14.6,2.8,2.23,3.37,822
8/6/2005 12:00,30899.5,40.56,14,2.1,2.58,2.78,843
8/6/2005 13:00,30899.55,40.56,15.2,1.4,5.64,3.5,772
8/6/2005 14:00,30899.59,41.11,14.5,1.3,5.78,3.9,668
8/6/2005 15:00,30899.63,43.33,15.2,2.7,4.61,4.55,521
8/6/2005 16:00,30899.67,41.67,15.2,3.2,4.63,5.24,354
8/6/2005 17:00,30899.71,40,14.8,2.9,4.64,6.1,182
8/6/2005 18:00,30899.76,38.33,14,2.2,4.87,0,43
8/6/2005 19:00,30899.8,33.89,14.1,1.5,4.68,10,0
8/6/2005 20:00,30899.84,32.78,14.3,2,4.68,10,0
8/6/2005 21:00,30899.88,30.56,12.7,2.9,4.82,10,0
8/6/2005 22:00,30899.92,30,11.6,2.8,5.17,10,0
8/6/2005 23:00,30899.97,29.44,9.7,2.8,5.22,10,0
8/7/2005 0:00,30900,28.89,8.3,2.2,5.18,10,0
8/7/2005 1:00,30900.04,27.78,10,1.2,5.76,10,0
8/7/2005 2:00,30900.08,27.78,9.5,1,5.01,10,0
8/7/2005 3:00,30900.13,26.67,9.9,1.3,4.54,10,0
8/7/2005 4:00,30900.17,26.11,11.9,1.1,5.25,10,0
8/7/2005 5:00,30900.21,25.56,13.2,0.6,5.25,4.75,35
8/7/2005 6:00,30900.25,27.22,13.8,0.5,0.82,6.15,180
8/7/2005 7:00,30900.29,30.56,14,1.8,2.16,4.95,361
8/7/2005 8:00,30900.34,33.89,15.1,3.3,2.2,4.13,534
8/7/2005 9:00,30900.38,35.56,13.5,3.6,2.32,3.59,678
8/7/2005 10:00,30900.42,36.11,13,2.6,2.32,3.38,775
8/7/2005 11:00,30900.46,37.22,13,1.9,2.83,3.22,826
8/7/2005 12:00,30900.5,38.89,13,1.5,0.09,3.33,822
8/7/2005 13:00,30900.55,39.44,12.8,1.5,5.69,3.59,767
8/7/2005 14:00,30900.59,42.78,13.6,2,4.4,3.91,666
8/7/2005 15:00,30900.63,45.56,14.8,2.9,4.85,4.41,524
8/7/2005 16:00,30900.67,43.33,10.8,3.2,4.69,4.85,363
8/7/2005 17:00,30900.71,41.67,7.2,2.8,4.76,5.54,190
8/7/2005 18:00,30900.76,38.89,6.8,2.4,4.89,0,43
8/7/2005 19:00,30900.8,35.56,9.1,2.6,5.01,10,0
8/7/2005 20:00,30900.84,32.78,10.2,3,5.06,10,0
8/7/2005 21:00,30900.88,31.11,8.7,2.4,4.83,10,0
8/7/2005 22:00,30900.92,30,6.6,3,4.71,10,0
8/7/2005 23:00,30900.97,29.44,7.6,1.6,5.39,10,0
8/8/2005 0:00,30901,28.33,9.9,0.9,5.15,10,0
8/8/2005 1:00,30901.04,28.33,11.2,1.2,5.13,10,0
8/8/2005 2:00,30901.08,27.22,11.7,0.8,5.32,10,0
8/8/2005 3:00,30901.13,26.11,12.1,0.7,0.17,10,0
8/8/2005 4:00,30901.17,26.11,12.5,0.9,3.61,10,0
8/8/2005 5:00,30901.21,26.11,12.7,1,0.91,4.92,32
8/8/2005 6:00,30901.25,27.22,13.1,0.6,4.35,5.41,191
8/8/2005 7:00,30901.29,29.44,12.8,1.2,0.89,4.61,368
8/8/2005 8:00,30901.34,31.67,13.3,2.7,2.48,3.81,542
8/8/2005 9:00,30901.38,35,12.8,2.8,2.32,3.29,686
8/8/2005 10:00,30901.42,37.78,12.4,2.3,2.76,3.04,785
8/8/2005 11:00,30901.46,38.33,11.9,1.3,3.96,3.04,831
8/8/2005 12:00,30901.5,40.56,12.8,2,4.33,3.06,830
8/8/2005 13:00,30901.55,42.78,12.8,2.3,4.56,3.1,783
8/8/2005 14:00,30901.59,42.78,10.5,3.4,4.69,3.27,686
8/8/2005 15:00,30901.63,42.22,8.3,3.7,5.17,3.65,546
8/8/2005 16:00,30901.67,42.22,7.9,3.6,5.15,4.3,375
8/8/2005 17:00,30901.71,41.11,7.6,3.8,5.01,4.69,201
8/8/2005 18:00,30901.76,37.22,10.7,3,4.96,0,45
8/8/2005 19:00,30901.8,32.78,11.4,2.2,4.99,10,0
8/8/2005 20:00,30901.84,30.56,9.6,2.6,4.87,10,0
8/8/2005 21:00,30901.88,29.44,8.1,2.8,4.78,10,0
8/8/2005 22:00,30901.92,27.22,7.3,2.2,5.03,10,0
8/8/2005 23:00,30901.97,29.44,7.8,1.7,5.25,10,0
8/9/2005 0:00,30902,26.67,8.7,1.5,5.1,10,0
8/9/2005 1:00,30902.04,25,10.5,1.3,5.71,10,0
8/9/2005 2:00,30902.08,24.44,11.7,0.9,0.05,10,0
8/9/2005 3:00,30902.13,25,11.6,0.9,5.79,10,0
8/9/2005 4:00,30902.17,25.56,12,0.8,3.09,10,0
8/9/2005 5:00,30902.21,25.56,12.2,0.8,1.01,5.1,29
8/9/2005 6:00,30902.25,25,12.5,1.5,1.99,5.63,185
8/9/2005 7:00,30902.29,30,12.4,2.8,2.2,4.28,374
8/9/2005 8:00,30902.34,34.44,12.1,3.1,2.32,3.26,555
8/9/2005 9:00,30902.38,32.78,12.1,3.2,2.48,2.53,705
8/9/2005 10:00,30902.42,34.44,11.7,2.1,2.86,2.48,800
8/9/2005 11:00,30902.46,37.78,11.4,1.6,3.53,2.51,846
8/9/2005 12:00,30902.5,40,12.9,2.3,4.75,2.4,849
8/9/2005 13:00,30902.55,39.44,13.4,2.7,4.9,2.44,801
8/9/2005 14:00,30902.59,41.11,11.8,3.2,4.8,2.64,702
8/9/2005 15:00,30902.63,41.11,12,3.6,4.69,3.19,556
8/9/2005 16:00,30902.67,40.56,11.6,3.7,5.03,4.11,377
8/9/2005 17:00,30902.71,40,11.4,3.4,5.03,4.59,200
8/9/2005 18:00,30902.76,38.33,11.8,3.1,5.01,3.86,30
8/9/2005 19:00,30902.8,32.78,11.3,2.6,5.08,10,0
8/9/2005 20:00,30902.84,30,11,2.5,4.94,10,0
8/9/2005 21:00,30902.88,30,12.3,2.6,5.04,10,0
8/9/2005 22:00,30902.92,27.78,13,2.6,4.82,10,0
8/9/2005 23:00,30902.97,26.11,13.2,2.1,5.24,10,0
8/10/2005 0:00,30903,26.67,12.7,1.5,5.17,10,0
8/10/2005 1:00,30903.04,27.22,14.2,0.9,5.1,10,0
8/10/2005 2:00,30903.08,27.22,14.3,0.9,5.01,10,0
8/10/2005 3:00,30903.13,25,13.8,0.9,5.5,10,0
8/10/2005 4:00,30903.17,25,13.7,0.7,0.65,10,0
8/10/2005 5:00,30903.21,25,14,0.6,4.82,0,37
8/10/2005 6:00,30903.25,25,14.5,0.7,1.54,4.19,204
8/10/2005 7:00,30903.29,28.89,14.5,2.1,1.85,3.47,389
8/10/2005 8:00,30903.34,32.22,15.3,2.9,2.25,2.58,568
8/10/2005 9:00,30903.38,32.78,15.5,2.8,2.51,2.32,708
8/10/2005 10:00,30903.42,33.89,15,1.7,3.46,2.37,801
8/10/2005 11:00,30903.46,36.67,13.1,2.2,4.8,1.53,867
8/10/2005 12:00,30903.5,38.89,7.9,3.3,4.83,0,882
8/10/2005 13:00,30903.55,39.44,6.2,4,4.54,0,833
8/10/2005 14:00,30903.59,39.44,5.5,3.9,4.99,0.81,730
8/10/2005 15:00,30903.63,40.56,6.7,4.2,4.96,2.04,577
8/10/2005 16:00,30903.67,40,7.5,4.6,5.01,2.7,401
8/10/2005 17:00,30903.71,37.78,7.2,4.7,5.01,3.06,215
8/10/2005 18:00,30903.76,35.56,6.7,3.7,5.03,0,48
8/10/2005 19:00,30903.8,31.67,6.3,3.4,4.92,10,0
8/10/2005 20:00,30903.84,29.44,7.1,2.7,5.04,10,0
8/10/2005 21:00,30903.88,27.78,7.7,2,5.1,10,0
8/10/2005 22:00,30903.92,27.78,8.5,2.2,4.75,10,0
8/10/2005 23:00,30903.97,27.22,9.5,2.2,4.8,10,0
8/11/2005 0:00,30904,23.33,10.3,1.6,4.68,10,0
8/11/2005 1:00,30904.04,23.33,11.6,0.7,6.16,10,0
8/11/2005 2:00,30904.08,23.33,11.5,0.5,5.69,10,0
8/11/2005 3:00,30904.13,23.89,12.1,0.5,5.59,10,0
8/11/2005 4:00,30904.17,23.33,11.7,0.9,0.73,10,0
8/11/2005 5:00,30904.21,21.67,12.1,0.6,5.27,0,36
8/11/2005 6:00,30904.25,23.33,13.4,0.6,0.91,3.43,210
8/11/2005 7:00,30904.29,25.56,10.7,0.8,3.23,2.52,402
8/11/2005 8:00,30904.34,31.11,11.3,1.5,2.84,2.13,574
8/11/2005 9:00,30904.38,31.67,9.7,1.4,3.74,1.86,715
8/11/2005 10:00,30904.42,32.22,7.8,2.1,4.9,1,824
8/11/2005 11:00,30904.46,35.56,8.2,2,4.49,0.25,878
8/11/2005 12:00,30904.5,36.67,8.2,2.4,4.43,0,882
8/11/2005 13:00,30904.55,37.22,5.8,2.3,4.73,0,835
8/11/2005 14:00,30904.59,37.78,4.9,2.4,4.83,0.45,730
8/11/2005 15:00,30904.63,40,5.2,2.3,4.97,1.67,580
8/11/2005 16:00,30904.67,39.44,5.9,2.5,5.31,2.6,400
8/11/2005 17:00,30904.71,39.44,6.4,2.4,5.13,2.74,215
8/11/2005 18:00,30904.76,35.56,6.3,2.2,5.03,0,49
8/11/2005 19:00,30904.8,32.22,7.5,1.9,4.94,10,0
8/11/2005 20:00,30904.84,30,8.5,1.3,5.17,10,0
8/11/2005 21:00,30904.88,27.78,9.8,0.7,4.87,10,0
8/11/2005 22:00,30904.92,27.22,10.6,1.9,4.61,10,0
8/11/2005 23:00,30904.97,27.22,9.3,2.3,4.89,10,0
8/12/2005 0:00,30905,25,11.5,1.4,5.62,10,0
8/12/2005 1:00,30905.04,24.44,12.2,0.8,5.6,10,0
8/12/2005 2:00,30905.08,24.44,12.3,0.8,6.16,10,0
8/12/2005 3:00,30905.13,25,12.3,0.8,1.15,10,0
8/12/2005 4:00,30905.17,22.78,12.9,0.8,6.16,10,0
8/12/2005 5:00,30905.21,23.33,11.6,0.9,0.8,0,34
8/12/2005 6:00,30905.25,24.44,12.1,0.9,0.91,4.25,198
8/12/2005 7:00,30905.29,26.11,12.1,1.6,2.34,3.31,387
8/12/2005 8:00,30905.34,30,11.7,1.7,2.51,2.75,560
8/12/2005 9:00,30905.38,33.33,11.1,1.7,2.43,2.4,702
8/12/2005 10:00,30905.42,35,11.4,1.5,3.42,2.21,801
8/12/2005 11:00,30905.46,35.56,11.2,1.9,5.17,1.84,857
8/12/2005 12:00,30905.5,37.78,11.1,2.1,4.96,1.28,867
8/12/2005 13:00,30905.55,40,10.8,2.3,4.82,1.55,814
8/12/2005 14:00,30905.59,40.56,8.9,2.3,4.99,2.14,707
8/12/2005 15:00,30905.63,41.11,9.9,3,4.8,2.99,554
8/12/2005 16:00,30905.67,39.44,10.1,2.8,4.87,3.69,379
8/12/2005 17:00,30905.71,37.78,9.9,2.5,4.83,3.81,202
8/12/2005 18:00,30905.76,36.11,9.1,2.5,4.61,0,42
8/12/2005 19:00,30905.8,31.67,7.9,2,4.76,10,0
8/12/2005 20:00,30905.84,30.56,10.4,2,4.76,10,0
8/12/2005 21:00,30905.88,28.89,11.9,1.9,4.94,10,0
8/12/2005 22:00,30905.92,25.56,12,1.4,4.73,10,0
8/12/2005 23:00,30905.97,26.11,12.7,1.5,4.64,10,0
8/13/2005 0:00,30906,24.44,13.6,1.3,5.31,10,0
8/13/2005 1:00,30906.04,23.89,13.6,1.2,6.14,10,0
8/13/2005 2:00,30906.08,23.89,14,0.9,5.04,10,0
8/13/2005 3:00,30906.13,23.89,13.5,0.6,5.71,10,0
8/13/2005 4:00,30906.17,22.78,12.8,1,5.53,10,0
8/13/2005 5:00,30906.21,23.33,11.8,1,5.2,0,27
8/13/2005 6:00,30906.25,23.33,12.7,0.6,4.73,5.43,179
8/13/2005 7:00,30906.29,22.22,12.9,0.9,5.24,4.04,370
8/13/2005 8:00,30906.34,26.67,13,1.5,4.31,3.09,550
8/13/2005 9:00,30906.38,28.89,13.5,2.1,4.12,2.25,703
8/13/2005 10:00,30906.42,30,13,2.2,4.36,1.84,807
8/13/2005 11:00,30906.46,33.33,11.4,2.6,4.78,1.47,862
8/13/2005 12:00,30906.5,35,10.2,2.6,4.64,1.47,862
8/13/2005 13:00,30906.55,36.11,8.1,2.1,4.33,2.02,803
8/13/2005 14:00,30906.59,36.11,9.8,2.2,4.71,2.74,691
8/13/2005 15:00,30906.63,37.78,9.8,2.3,4.75,3.35,543
8/13/2005 16:00,30906.67,36.11,9.2,2.5,4.89,3.86,373
8/13/2005 17:00,30906.71,35,8.4,2.8,5.04,4.35,193
8/13/2005 18:00,30906.76,31.67,9,2.6,4.82,0,42
8/13/2005 19:00,30906.8,27.78,10.8,3,4.76,10,0
8/13/2005 20:00,30906.84,26.67,12.4,2.9,4.83,10,0
8/13/2005 21:00,30906.88,24.44,12.3,2.9,4.9,10,0
8/13/2005 22:00,30906.92,22.22,11.6,2.4,4.87,10,0
8/13/2005 23:00,30906.97,24.44,12,3.1,5.1,10,0
8/14/2005 0:00,30907,19.44,12.3,2.6,5.1,10,0
8/14/2005 1:00,30907.04,17.78,12.3,2.5,5.15,10,0
8/14/2005 2:00,30907.08,17.78,12,2,5.08,10,0
8/14/2005 3:00,30907.13,18.33,11.9,1.9,5.17,10,0
8/14/2005 4:00,30907.17,17.22,11.8,1.2,4.73,10,0
8/14/2005 5:00,30907.21,16.11,12,0.8,4.42,0,24
8/14/2005 6:00,30907.25,17.22,12.5,1.1,5.31,5.33,178
8/14/2005 7:00,30907.29,19.44,12.7,1,5.15,3.88,371
8/14/2005 8:00,30907.34,24.44,13.1,1.1,4.5,2.05,568
8/14/2005 9:00,30907.38,25.56,13.2,1.8,4.69,2.79,688
8/14/2005 10:00,30907.42,28.89,13.3,2,4.5,4.08,734
8/14/2005 11:00,30907.46,28.89,12.6,2.3,4.47,6.13,659
8/14/2005 12:00,30907.5,31.67,12.9,2.3,4.38,4.07,778
8/14/2005 13:00,30907.55,31.11,12.8,2.3,4.97,1.03,817
8/14/2005 14:00,30907.59,34.44,13.1,2.8,4.66,2.12,703
8/14/2005 15:00,30907.63,35.56,13.4,2.9,4.87,4.57,504
8/14/2005 16:00,30907.67,35.56,13.1,3.2,4.64,5.24,337
8/14/2005 17:00,30907.71,33.33,12.7,3.1,4.68,4.37,190
8/14/2005 18:00,30907.76,32.22,11.8,2.4,4.38,0,33
8/14/2005 19:00,30907.8,28.89,12.3,1.8,4.64,10,0
8/14/2005 20:00,30907.84,26.67,13.6,1.9,4.73,10,0
8/14/2005 21:00,30907.88,25.56,14.8,1.9,4.99,10,0
8/14/2005 22:00,30907.92,24.44,14.8,1.2,4.56,10,0
8/14/2005 23:00,30907.97,20,14.8,1,5.11,10,0
8/15/2005 0:00,30908,22.78,14.7,0.9,3.7,10,0
8/15/2005 1:00,30908.04,22.78,14.9,1.1,3.11,10,0
8/15/2005 2:00,30908.08,22.78,15.9,1.6,5.81,10,0
8/15/2005 3:00,30908.13,22.78,16,1.6,5.08,10,0
8/15/2005 4:00,30908.17,24.44,16.2,1.3,4.5,10,0
8/15/2005 5:00,30908.21,25,15.3,1.9,4.69,9.69,6
8/15/2005 6:00,30908.25,21.67,14.8,1.9,4.8,10,61
8/15/2005 7:00,30908.29,22.78,15.1,1.6,5.24,10,119
8/15/2005 8:00,30908.34,23.89,15.7,1.2,5.92,10,148
8/15/2005 9:00,30908.38,25.56,16,1.3,4.8,10,202
8/15/2005 10:00,30908.42,26.11,17.2,0.8,1.15,10,125
8/15/2005 11:00,30908.46,26.67,18.2,1.7,4.83,10,186
8/15/2005 12:00,30908.5,23.89,18,3.2,5.39,9.57,352
8/15/2005 13:00,30908.55,25.56,17.2,3.8,5.72,10,213
8/15/2005 14:00,30908.59,25.56,18.4,4,5.15,8.68,368
8/15/2005 15:00,30908.63,26.67,18,4.4,5.03,4.36,509
8/15/2005 16:00,30908.67,28.33,17.4,4.2,5.01,3.65,372
8/15/2005 17:00,30908.71,27.22,16,4.4,5.04,8.04,124
8/15/2005 18:00,30908.76,26.67,15.6,4.2,4.97,0,18
8/15/2005 19:00,30908.8,22.22,16.2,3.5,5.04,10,0
8/15/2005 20:00,30908.84,20.56,16.2,2.4,4.99,10,0
8/15/2005 21:00,30908.88,21.11,16.5,1.6,4.92,10,0
8/15/2005 22:00,30908.92,20.56,16.5,1,1.87,10,0
8/15/2005 23:00,30908.97,22.78,16.5,1.1,5.88,10,0
8/16/2005 0:00,30909,20.56,16.3,0.6,0.19,10,0
8/16/2005 1:00,30909.04,22.22,16.3,0.9,5.25,10,0
8/16/2005 2:00,30909.08,22.22,16.1,0.8,4.8,10,0
8/16/2005 3:00,30909.13,22.78,16,0.7,4.99,10,0
8/16/2005 4:00,30909.17,22.22,15.6,0.9,4.31,10,0
8/16/2005 5:00,30909.21,21.11,15.7,0.9,4.52,0,27
8/16/2005 6:00,30909.25,18.89,16.7,1.3,5.04,6.55,153
8/16/2005 7:00,30909.29,21.67,16.6,0.9,5.04,4.87,343
8/16/2005 8:00,30909.34,25,17.2,1.1,1.97,4.4,506
8/16/2005 9:00,30909.38,28.89,17.2,2.5,2.46,3.57,660
8/16/2005 10:00,30909.42,30,17.6,2.3,3,3.25,762
8/16/2005 11:00,30909.46,31.67,17,1.8,3.46,2.97,818
8/16/2005 12:00,30909.5,34.44,16.4,1.5,0.17,3.39,803
8/16/2005 13:00,30909.55,36.11,16,1.9,4.75,3.65,747
8/16/2005 14:00,30909.59,36.67,16.1,2.2,5.15,3.71,655
8/16/2005 15:00,30909.63,38.33,16.2,2.9,4.75,4.19,512
8/16/2005 16:00,30909.67,36.67,14.3,3.1,5.03,4.63,348
8/16/2005 17:00,30909.71,35.56,14,3.1,5.01,5.25,173
8/16/2005 18:00,30909.76,33.89,12.8,2.9,4.82,0,31
8/16/2005 19:00,30909.8,30.56,12.9,3.1,4.85,10,0
8/16/2005 20:00,30909.84,29.44,13.7,3.3,4.99,10,0
8/16/2005 21:00,30909.88,27.22,13.7,3.1,4.75,10,0
8/16/2005 22:00,30909.92,26.67,13.8,2.9,4.82,10,0
8/16/2005 23:00,30909.97,20.56,13.9,1.9,4.76,10,0
8/17/2005 0:00,30910,23.89,13.9,1.2,5.34,10,0
8/17/2005 1:00,30910.04,22.22,14.1,1.1,5.38,10,0
8/17/2005 2:00,30910.08,23.33,14.6,0.9,6.02,10,0
8/17/2005 3:00,30910.13,23.89,14.4,0.5,6.09,10,0
8/17/2005 4:00,30910.17,23.89,14.8,0.6,0.61,10,0
8/17/2005 5:00,30910.21,23.89,14.5,0.6,2.36,0,23
8/17/2005 6:00,30910.25,24.44,15.7,1.1,1.61,5.75,164
8/17/2005 7:00,30910.29,27.78,16,2.5,2.06,4.65,346
8/17/2005 8:00,30910.34,28.33,15.9,3.8,2.09,3.8,522
8/17/2005 9:00,30910.38,31.67,15.3,3.9,2.3,3.31,666
8/17/2005 10:00,30910.42,32.78,15.4,2.9,2.55,2.94,770
8/17/2005 11:00,30910.46,34.44,15.4,1.8,3,2.68,825
8/17/2005 12:00,30910.5,35,14.3,1.7,3.42,2.71,824
8/17/2005 13:00,30910.55,37.22,15.1,1.5,4.73,3.33,757
8/17/2005 14:00,30910.59,37.22,14.8,2.6,4.8,3.3,666
8/17/2005 15:00,30910.63,38.33,13.9,2.4,4.49,3.81,521
8/17/2005 16:00,30910.67,38.33,12.3,2.6,5.11,4.4,351
8/17/2005 17:00,30910.71,36.11,10.7,2.8,5.03,4.68,178
8/17/2005 18:00,30910.76,35,10.4,2.5,5.13,0,29
8/17/2005 19:00,30910.8,31.11,11,2.1,4.83,10,0
8/17/2005 20:00,30910.84,29.44,13.1,2.7,4.92,10,0
8/17/2005 21:00,30910.88,28.89,13.8,3,5.08,10,0
8/17/2005 22:00,30910.92,25.56,14.4,3.2,4.85,10,0
8/17/2005 23:00,30910.97,23.89,14.3,2.8,5.1,10,0
8/18/2005 0:00,30911,22.78,14.1,1.9,5.22,10,0
8/18/2005 1:00,30911.04,21.67,14.1,1.6,5.06,10,0
8/18/2005 2:00,30911.08,22.22,13.8,1.3,5.15,10,0
8/18/2005 3:00,30911.13,21.67,13.6,1,5.62,10,0
8/18/2005 4:00,30911.17,21.11,13.4,0.8,1.68,10,0
8/18/2005 5:00,30911.21,21.67,13.6,0.9,6.11,0,25
8/18/2005 6:00,30911.25,23.89,15,1.2,1.29,4.79,175
8/18/2005 7:00,30911.29,26.11,15.3,2.3,2.25,4.15,355
8/18/2005 8:00,30911.34,27.22,15,2.9,2.44,3.53,527
8/18/2005 9:00,30911.38,29.44,15,2.3,2.32,3.3,664
8/18/2005 10:00,30911.42,31.11,15.3,1.7,2.65,3.15,761
8/18/2005 11:00,30911.46,34.44,14.7,1.7,4.78,2.9,816
8/18/2005 12:00,30911.5,35,13.3,2.1,4.94,2.67,823
8/18/2005 13:00,30911.55,36.11,11.1,2.9,4.89,2.58,778
8/18/2005 14:00,30911.59,36.67,10.8,3.2,4.68,3.05,671
8/18/2005 15:00,30911.63,36.11,10.6,3.7,4.75,3.68,522
8/18/2005 16:00,30911.67,35,11.3,4.1,4.92,4.46,347
8/18/2005 17:00,30911.71,34.44,10.9,4.4,5.1,5.08,170
8/18/2005 18:00,30911.76,31.67,12.1,3.9,5.1,0,25
8/18/2005 19:00,30911.8,28.33,13.1,3.9,5.04,10,0
8/18/2005 20:00,30911.84,25,14.1,4,4.99,10,0
8/18/2005 21:00,30911.88,24.44,12.8,3.7,4.94,10,0
8/18/2005 22:00,30911.92,22.22,11.8,3.7,4.92,10,0
8/18/2005 23:00,30911.97,22.78,10.9,3.2,5.03,10,0
8/19/2005 0:00,30912,19.44,10,3,5.01,10,0
8/19/2005 1:00,30912.04,17.78,9.8,2.6,5.2,10,0
8/19/2005 2:00,30912.08,17.22,9.9,2.2,5.15,10,0
8/19/2005 3:00,30912.13,17.78,10,1.5,5.46,10,0
8/19/2005 4:00,30912.17,16.67,10,0.9,4,10,0
8/19/2005 5:00,30912.21,17.22,10.1,0.9,4.19,0,23
8/19/2005 6:00,30912.25,16.67,10.7,1.1,4.56,4.57,175
8/19/2005 7:00,30912.29,19.44,10.8,0.9,5.45,3.82,359
8/19/2005 8:00,30912.34,23.89,11.7,1.6,3.12,3.31,530
8/19/2005 9:00,30912.38,26.67,12.1,1.5,2.69,2.83,675
8/19/2005 10:00,30912.42,28.33,10.6,2.1,4.43,2.31,783
8/19/2005 11:00,30912.46,29.44,9.6,2.3,4.82,1.93,840
8/19/2005 12:00,30912.5,31.67,10.2,2.5,5.2,1.97,839
8/19/2005 13:00,30912.55,32.22,10,2.2,4.68,2.37,781
8/19/2005 14:00,30912.59,33.89,9.9,2.4,4.64,2.96,671
8/19/2005 15:00,30912.63,35.56,10.6,2.7,4.71,3.66,520
8/19/2005 16:00,30912.67,35,10.2,2.8,4.96,4.48,344
8/19/2005 17:00,30912.71,32.78,8.7,3.4,4.8,4.95,169
8/19/2005 18:00,30912.76,31.67,9.9,2.2,4.83,10,25
8/19/2005 19:00,30912.8,27.22,10.6,2.5,5.13,10,0
8/19/2005 20:00,30912.84,25.56,11.9,2.8,5.13,10,0
8/19/2005 21:00,30912.88,23.33,11.8,3.3,4.97,10,0
8/19/2005 22:00,30912.92,22.22,10.9,3.1,4.85,10,0
8/19/2005 23:00,30912.97,20,10.9,2.3,4.96,10,0
8/20/2005 0:00,30913,20,11,2.3,5.15,10,0
8/20/2005 1:00,30913.04,20,11.1,1.6,5.25,10,0
8/20/2005 2:00,30913.08,20,11.5,1,4.99,10,0
8/20/2005 3:00,30913.13,18.89,11.1,0.9,5.06,10,0
8/20/2005 4:00,30913.17,19.44,10.5,1.4,5.18,10,0
8/20/2005 5:00,30913.21,20,10.9,0.9,4.64,10,24
8/20/2005 6:00,30913.25,21.11,11.6,1,4.83,4.23,176
8/20/2005 7:00,30913.29,25,11.6,0.8,0.23,3.88,355
8/20/2005 8:00,30913.34,24.44,12.5,2.5,2.37,3.15,531
8/20/2005 9:00,30913.38,27.78,13,2.9,2.39,2.65,677
8/20/2005 10:00,30913.42,30.56,12.8,2.4,2.74,2.45,777
8/20/2005 11:00,30913.46,31.67,12.3,2.1,2.69,2.13,833
8/20/2005 12:00,30913.5,32.78,12.4,1.6,4,2.37,827
8/20/2005 13:00,30913.55,35.56,13.1,2.1,4.82,2.62,772
8/20/2005 14:00,30913.59,36.11,13.6,2.4,5.45,2.9,670
8/20/2005 15:00,30913.63,37.78,13,2.7,5.01,3.37,525
8/20/2005 16:00,30913.67,37.78,13.2,2.6,5.2,4.22,347
8/20/2005 17:00,30913.71,35.56,11.2,3.6,4.96,4.55,171
8/20/2005 18:00,30913.76,32.78,11.3,3.1,4.96,10,25
8/20/2005 19:00,30913.8,29.44,11.8,3.2,4.97,10,0
8/20/2005 20:00,30913.84,26.11,12.3,2.9,4.92,10,0
8/20/2005 21:00,30913.88,24.44,11.9,2.9,4.89,10,0
8/20/2005 22:00,30913.92,23.89,10.4,2.9,5.03,10,0
8/20/2005 23:00,30913.97,21.67,9.7,2.3,4.99,10,0
8/21/2005 0:00,30914,21.11,10.1,1.4,5.34,10,0
8/21/2005 1:00,30914.04,21.11,10.5,1.4,5.31,10,0
8/21/2005 2:00,30914.08,21.11,10.5,1.2,5.46,10,0
8/21/2005 3:00,30914.13,21.67,10.7,1.1,4.97,10,0
8/21/2005 4:00,30914.17,21.11,10.6,0.9,5.32,10,0
8/21/2005 5:00,30914.21,21.67,11,0.5,4.73,10,21
8/21/2005 6:00,30914.25,21.67,11.3,0.8,4.8,4.76,167
8/21/2005 7:00,30914.29,21.11,11.2,0.8,0.75,4.04,349
8/21/2005 8:00,30914.34,26.11,12.6,2,2.55,3.25,526
8/21/2005 9:00,30914.38,29.44,13.6,2.8,2.11,2.58,676
8/21/2005 10:00,30914.42,32.22,13.5,2.8,2.69,2.09,783
8/21/2005 11:00,30914.46,32.78,13.5,2.2,3.04,1.74,839
8/21/2005 12:00,30914.5,35,13.1,1.9,4.59,1.88,836
8/21/2005 13:00,30914.55,36.11,13.3,2.3,4.73,2.17,781
8/21/2005 14:00,30914.59,37.78,13.6,2.8,4.68,2.73,672
8/21/2005 15:00,30914.63,38.89,12.7,2.9,5.01,3.26,525
8/21/2005 16:00,30914.67,37.78,11.9,3,5.04,3.84,352
8/21/2005 17:00,30914.71,37.22,10.7,3.5,4.96,4.64,167
8/21/2005 18:00,30914.76,34.44,10.7,3.1,4.87,10,24
8/21/2005 19:00,30914.8,30,11.2,3.7,4.89,10,0
8/21/2005 20:00,30914.84,26.67,10.8,3.9,4.92,10,0
8/21/2005 21:00,30914.88,25,9.4,3.4,5.01,10,0
8/21/2005 22:00,30914.92,23.89,9.2,2.6,5.1,10,0
8/21/2005 23:00,30914.97,22.78,9.5,1.8,4.87,10,0
8/22/2005 0:00,30915,24.44,11,0.8,5.57,10,0
8/22/2005 1:00,30915.04,22.78,11.4,1.4,5.48,10,0
8/22/2005 2:00,30915.08,22.22,12.1,0.7,5.25,10,0
8/22/2005 3:00,30915.13,23.33,11.5,0.7,4.52,10,0
8/22/2005 4:00,30915.17,20.56,11.1,0.7,4.83,10,0
8/22/2005 5:00,30915.21,18.89,11.3,1.1,5.95,10,23
8/22/2005 6:00,30915.25,21.11,12.2,0.8,5.71,3.83,174
8/22/2005 7:00,30915.29,23.89,12.7,1.4,1.5,3.69,353
8/22/2005 8:00,30915.34,28.33,12.8,2.9,2.37,3.22,524
8/22/2005 9:00,30915.38,30,13.2,3.1,2.5,2.84,667
8/22/2005 10:00,30915.42,30.56,13.6,3.2,2.9,2.63,767
8/22/2005 11:00,30915.46,31.67,12.7,2.6,2.9,2.38,822
8/22/2005 12:00,30915.5,33.33,12.9,1.6,4.59,2.59,816
8/22/2005 13:00,30915.55,36.11,12.7,2.1,4.63,2.76,763
8/22/2005 14:00,30915.59,37.22,12.5,2.5,4.9,3.35,652
8/22/2005 15:00,30915.63,38.89,12.4,2.6,5.08,4.02,502
8/22/2005 16:00,30915.67,38.89,11.9,2.6,4.97,4.73,330
8/22/2005 17:00,30915.71,37.78,12.3,2.5,4.97,5.52,153
8/22/2005 18:00,30915.76,35,11.2,2.4,4.82,10,20
8/22/2005 19:00,30915.8,30.56,10.2,2.5,4.87,10,0
8/22/2005 20:00,30915.84,29.44,10.7,1.9,4.96,10,0
8/22/2005 21:00,30915.88,27.22,11.6,1.5,4.64,10,0
8/22/2005 22:00,30915.92,27.78,11.9,1.5,4.33,10,0
8/22/2005 23:00,30915.97,23.89,13.4,1.3,1.19,10,0
8/23/2005 0:00,30916,25,14,0.9,5.72,10,0
8/23/2005 1:00,30916.04,25.56,14,0.8,1.43,10,0
8/23/2005 2:00,30916.08,25.56,14.4,1,0.28,10,0
8/23/2005 3:00,30916.13,23.33,13.8,0.8,0.12,10,0
8/23/2005 4:00,30916.17,23.33,13.5,1,0.8,10,0
8/23/2005 5:00,30916.21,23.33,13.4,1.8,1.47,10,20
8/23/2005 6:00,30916.25,23.89,14.2,2.3,2.15,4.41,165
8/23/2005 7:00,30916.29,23.89,14.2,2.5,2.34,3.85,347
8/23/2005 8:00,30916.34,26.67,13.4,2.7,2.09,3.31,519
8/23/2005 9:00,30916.38,32.78,13.2,2.7,2.36,2.93,662
8/23/2005 10:00,30916.42,34.44,13,2.5,2.67,2.68,763
8/23/2005 11:00,30916.46,33.89,11.9,2.4,2.86,2.43,818
8/23/2005 12:00,30916.5,34.44,11.9,2.2,2.64,3.44,785
8/23/2005 13:00,30916.55,36.67,10.8,1.8,2.27,2.88,757
8/23/2005 14:00,30916.59,39.44,10.4,1.4,2.29,3.33,650
8/23/2005 15:00,30916.63,40.56,10.2,1.4,5.13,3.93,502
8/23/2005 16:00,30916.67,39.44,10.8,1.1,1.03,4.52,332
8/23/2005 17:00,30916.71,39.44,11.6,1.5,5.41,4.56,162
8/23/2005 18:00,30916.76,36.67,9.3,1.3,4.73,10,20
8/23/2005 19:00,30916.8,33.33,10.6,1.8,4.08,10,0
8/23/2005 20:00,30916.84,31.11,5.9,2.5,5.15,10,0
8/23/2005 21:00,30916.88,28.33,6.4,1.6,5.32,10,0
8/23/2005 22:00,30916.92,26.67,7,1.5,5.08,10,0
8/23/2005 23:00,30916.97,26.67,9.3,1,5.06,10,0
8/24/2005 0:00,30917,25,10.5,1.2,5.22,10,0
8/24/2005 1:00,30917.04,24.44,11.3,0.8,5.72,10,0
8/24/2005 2:00,30917.08,24.44,10.5,0.8,3.46,10,0
8/24/2005 3:00,30917.13,24.44,10.9,0.8,4.15,10,0
8/24/2005 4:00,30917.17,24.44,12.4,1.1,0.91,10,0
8/24/2005 5:00,30917.21,23.33,11.9,0.9,1.48,10,19
8/24/2005 6:00,30917.25,26.11,13.3,1.2,1.45,4.01,166
8/24/2005 7:00,30917.29,26.11,11.8,2.1,2.23,3.35,353
8/24/2005 8:00,30917.34,30,11.3,2.5,2.5,3.01,523
8/24/2005 9:00,30917.38,30.56,10.8,2.5,2.97,2.86,661
8/24/2005 10:00,30917.42,34.44,10.7,2.7,2.65,2.23,772
8/24/2005 11:00,30917.46,35,10.7,2.3,2.98,1.65,833
8/24/2005 12:00,30917.5,37.22,11.2,1.9,3.47,1.59,834
8/24/2005 13:00,30917.55,37.78,9.1,2,3.19,1.42,787
8/24/2005 14:00,30917.59,37.78,5.8,2.1,3.18,2.18,676
8/24/2005 15:00,30917.63,39.44,4.7,2.1,3.51,2.93,524
8/24/2005 16:00,30917.67,39.44,4.3,2.2,3.68,3.8,344
8/24/2005 17:00,30917.71,37.78,3.2,1.5,3.7,4.07,164
8/24/2005 18:00,30917.76,35,7.6,1.2,4.31,10,18
8/24/2005 19:00,30917.8,31.11,8.4,1,5.45,10,0
8/24/2005 20:00,30917.84,28.33,10.9,1.7,5.15,10,0
8/24/2005 21:00,30917.88,27.78,12.5,1.5,4.96,10,0
8/24/2005 22:00,30917.92,26.67,13.1,1.1,4.8,10,0
8/24/2005 23:00,30917.97,25.56,13.1,1.8,4.9,10,0
8/25/2005 0:00,30918,25.56,13.8,2,4.92,10,0
8/25/2005 1:00,30918.04,23.89,14,1.4,4.56,10,0
8/25/2005 2:00,30918.08,21.11,13.7,1.3,5.6,10,0
8/25/2005 3:00,30918.13,20.56,13.5,0.8,4.96,10,0
8/25/2005 4:00,30918.17,21.11,13.4,0.6,1.4,10,0
8/25/2005 5:00,30918.21,21.11,13.2,0.8,0.82,10,22
8/25/2005 6:00,30918.25,23.33,13.8,1.3,1.71,3.03,171
8/25/2005 7:00,30918.29,26.67,14.6,2.4,2.25,3.16,353
8/25/2005 8:00,30918.34,28.33,15.1,2,2.37,2.4,532
8/25/2005 9:00,30918.38,31.11,14.7,2.2,2.95,1.95,678
8/25/2005 10:00,30918.42,31.11,13.7,1.8,3.94,1.16,788
8/25/2005 11:00,30918.46,33.89,9.4,1.8,3.96,0,848
8/25/2005 12:00,30918.5,35.56,7.5,1.5,4.17,0,846
8/25/2005 13:00,30918.55,37.78,4.1,1.8,4.08,1.13,788
8/25/2005 14:00,30918.59,38.33,3.1,2,4.59,1.92,678
8/25/2005 15:00,30918.63,38.89,0.8,1.7,3.37,2.63,527
8/25/2005 16:00,30918.67,38.89,1.9,1.6,3.61,3.74,342
8/25/2005 17:00,30918.71,38.89,6.8,0.9,4.56,4.55,156
8/25/2005 18:00,30918.76,35.56,6.2,1.4,5.29,10,17
8/25/2005 19:00,30918.8,31.11,7,1.2,5.38,10,0
8/25/2005 20:00,30918.84,30.56,8.6,0.8,5.6,10,0
8/25/2005 21:00,30918.88,30,9.6,0.9,4.69,10,0
8/25/2005 22:00,30918.92,27.78,10.2,0.7,0.12,10,0
8/25/2005 23:00,30918.97,26.11,9.4,1.1,4.15,10,0
8/26/2005 0:00,30919,27.78,7.9,1.2,4.28,10,0
8/26/2005 1:00,30919.04,26.11,11.8,1.6,4.69,10,0
8/26/2005 2:00,30919.08,22.78,12.4,1.4,4.5,10,0
8/26/2005 3:00,30919.13,21.11,12.4,0.8,5.1,10,0
8/26/2005 4:00,30919.17,21.11,12.2,0.8,5.93,10,0
8/26/2005 5:00,30919.21,21.11,12.1,0.7,4.12,10,19
8/26/2005 6:00,30919.25,23.89,13,0.5,5.65,3.75,162
8/26/2005 7:00,30919.29,28.89,13.4,0.9,0.8,4.01,335
8/26/2005 8:00,30919.34,28.89,9.5,2.5,2.22,3.41,508
8/26/2005 9:00,30919.38,35,9.5,2.3,2.74,3.13,648
8/26/2005 10:00,30919.42,35,9.4,1.6,2.86,2.92,748
8/26/2005 11:00,30919.46,36.11,9.2,1.5,4.03,2.85,798
8/26/2005 12:00,30919.5,37.78,8.4,2.3,4.31,2.75,801
8/26/2005 13:00,30919.55,39.44,11.3,2,4.66,3.04,744
8/26/2005 14:00,30919.59,40,12.2,2,4.33,3.55,635
8/26/2005 15:00,30919.63,40.56,11.7,2.1,4.83,4.16,487
8/26/2005 16:00,30919.67,40.56,10.5,2.1,4.73,4.8,317
8/26/2005 17:00,30919.71,38.89,12,2,4.76,5.49,142
8/26/2005 18:00,30919.76,35.56,11.9,1.7,4.68,10,13
8/26/2005 19:00,30919.8,31.67,12,1.4,4.78,10,0
8/26/2005 20:00,30919.84,30,12,2.2,4.85,10,0
8/26/2005 21:00,30919.88,30.56,12.6,2.1,4.89,10,0
8/26/2005 22:00,30919.92,27.78,10.8,3,4.89,10,0
8/26/2005 23:00,30919.97,27.22,12,2.7,4.9,10,0
8/27/2005 0:00,30920,24.44,12.2,1.8,5.27,10,0
8/27/2005 1:00,30920.04,24.44,12.1,1.2,4.87,10,0
8/27/2005 2:00,30920.08,23.89,11.1,1.2,4.8,10,0
8/27/2005 3:00,30920.13,23.33,10.8,1.1,5.27,10,0
8/27/2005 4:00,30920.17,23.89,11.2,0.9,5.5,10,0
8/27/2005 5:00,30920.21,22.78,12.1,0.6,6.25,10,17
8/27/2005 6:00,30920.25,23.89,12.9,0.7,6.25,3.72,159
8/27/2005 7:00,30920.29,27.78,13.3,1.1,1.15,3.96,333
8/27/2005 8:00,30920.34,29.44,12.4,2.8,2.06,3.41,505
8/27/2005 9:00,30920.38,32.78,12.9,3.7,2.08,3.07,647
8/27/2005 10:00,30920.42,35,14,3,2.29,2.83,748
8/27/2005 11:00,30920.46,35.56,14.1,2.2,3.05,2.62,802
8/27/2005 12:00,30920.5,36.67,13.9,1.6,3.94,2.85,795
8/27/2005 13:00,30920.55,40.56,13.2,1.8,4.42,3.11,739
8/27/2005 14:00,30920.59,38.89,13.5,2.5,4.57,3.36,638
8/27/2005 15:00,30920.63,41.11,14,2.4,4.75,4.06,487
8/27/2005 16:00,30920.67,40.56,13.5,3.1,4.68,4.67,317
8/27/2005 17:00,30920.71,38.33,13.3,2.7,4.82,5.17,143
8/27/2005 18:00,30920.76,36.67,14.1,1.8,4.57,10,12
8/27/2005 19:00,30920.8,32.22,14.7,1.5,4.89,10,0
8/27/2005 20:00,30920.84,31.11,14.3,2.2,4.97,10,0
8/27/2005 21:00,30920.88,30,12.9,2.1,5.06,10,0
8/27/2005 22:00,30920.92,27.78,13.5,1.1,5.2,10,0
8/27/2005 23:00,30920.97,27.22,14,1.3,4.87,10,0
8/28/2005 0:00,30921,26.67,14.6,1.5,5.03,10,0
8/28/2005 1:00,30921.04,25,14.3,0.8,5.24,10,0
8/28/2005 2:00,30921.08,25.56,14.3,0.8,4.43,10,0
8/28/2005 3:00,30921.13,26.11,14.6,0.6,0.77,10,0
8/28/2005 4:00,30921.17,23.33,15,0.6,6.13,10,0
8/28/2005 5:00,30921.21,23.33,15,0.6,0.65,10,17
8/28/2005 6:00,30921.25,25,15.4,0.6,5.79,3.55,157
8/28/2005 7:00,30921.29,28.33,15.3,1.2,1.68,3.85,332
8/28/2005 8:00,30921.34,32.22,14.2,2,2.06,3.57,498
8/28/2005 9:00,30921.38,33.89,14.4,2.7,2.41,3.14,642
8/28/2005 10:00,30921.42,35,14.8,2.6,2.74,2.8,746
8/28/2005 11:00,30921.46,36.67,14.7,1.7,2.74,2.7,797
8/28/2005 12:00,30921.5,39.44,14.4,1.6,2.3,2.93,790
8/28/2005 13:00,30921.55,40,15,1.8,3.54,3.56,721
8/28/2005 14:00,30921.59,40.56,15.5,2.1,4.64,3.77,622
8/28/2005 15:00,30921.63,40.56,12.7,2.7,4.69,4.03,485
8/28/2005 16:00,30921.67,40,13.2,2.3,4.83,4.72,313
8/28/2005 17:00,30921.71,39.44,12.9,2.3,4.75,5.25,139
8/28/2005 18:00,30921.76,36.11,13.3,1.5,4.63,10,12
8/28/2005 19:00,30921.8,32.78,14.8,1.3,4.43,10,0
8/28/2005 20:00,30921.84,31.11,14.5,2.2,4.71,10,0
8/28/2005 21:00,30921.88,29.44,13.7,2.9,4.92,10,0
8/28/2005 22:00,30921.92,27.78,14.6,1.9,5.11,10,0
8/28/2005 23:00,30921.97,28.33,15.1,1.9,5.17,10,0
8/29/2005 0:00,30922,27.22,14.9,2,5.15,10,0
8/29/2005 1:00,30922.04,25.56,12.8,2.4,5.06,10,0
8/29/2005 2:00,30922.08,25,12.8,1.6,5.29,10,0
8/29/2005 3:00,30922.13,25,11.4,1.8,5.18,10,0
8/29/2005 4:00,30922.17,24.44,11.2,1,4.94,10,0
8/29/2005 5:00,30922.21,23.33,10.6,1.3,5.03,10,17
8/29/2005 6:00,30922.25,23.89,10.3,1.4,5.31,2.42,161
8/29/2005 7:00,30922.29,24.44,9.2,1.9,5.04,2.97,343
8/29/2005 8:00,30922.34,27.22,9.4,2.5,5.22,2.86,511
8/29/2005 9:00,30922.38,32.78,8.7,2.8,4.94,2.8,648
8/29/2005 10:00,30922.42,32.78,8.8,3,4.92,2.66,747
8/29/2005 11:00,30922.46,36.11,9.3,3.1,4.99,2.42,802
8/29/2005 12:00,30922.5,37.22,8.5,3.4,5.17,2.34,804
8/29/2005 13:00,30922.55,37.78,6.9,3.6,4.97,2.65,747
8/29/2005 14:00,30922.59,37.78,6.4,4.1,5.1,3.05,641
8/29/2005 15:00,30922.63,38.89,5.4,3.8,5.01,3.66,492
8/29/2005 16:00,30922.67,38.33,5.2,3.9,5.11,4.3,319
8/29/2005 17:00,30922.71,37.22,4.7,3.5,5.01,4.27,146
8/29/2005 18:00,30922.76,32.78,8.3,3.7,5.01,10,11
8/29/2005 19:00,30922.8,27.78,7.1,4.2,4.92,10,0
8/29/2005 20:00,30922.84,26.67,8,3.7,4.78,10,0
8/29/2005 21:00,30922.88,23.89,8.5,4.2,4.85,10,0
8/29/2005 22:00,30922.92,22.22,7.8,4.6,5.11,10,0
8/29/2005 23:00,30922.97,27.22,7.7,3.2,5.06,10,0
8/30/2005 0:00,30923,19.44,8.3,3,4.92,10,0
8/30/2005 1:00,30923.04,18.33,8.4,2.7,4.89,10,0
8/30/2005 2:00,30923.08,18.33,8.7,2.2,4.71,10,0
8/30/2005 3:00,30923.13,16.67,9,1.3,5.04,10,0
8/30/2005 4:00,30923.17,16.11,9.2,0.7,4.99,10,0
8/30/2005 5:00,30923.21,15.56,9.4,1,5.08,10,16
8/30/2005 6:00,30923.25,15.56,10.1,1.5,5.13,0,165
8/30/2005 7:00,30923.29,17.22,10.1,2,5.18,1.19,357
8/30/2005 8:00,30923.34,21.67,10.1,1.3,5.22,0,538
8/30/2005 9:00,30923.38,23.33,10,1.5,3.67,0,680
8/30/2005 10:00,30923.42,25.56,9.5,1.8,3.61,0,781
8/30/2005 11:00,30923.46,27.78,9.2,1.8,3.68,0.82,827
8/30/2005 12:00,30923.5,30,8.9,1.8,4.52,1.46,819
8/30/2005 13:00,30923.55,32.22,8.3,1.9,4.45,2.11,757
8/30/2005 14:00,30923.59,33.89,8.2,2,4.73,2.93,641
8/30/2005 15:00,30923.63,35.56,8.7,2.2,5.01,3.69,488
8/30/2005 16:00,30923.67,35.56,8.8,2.1,5.31,4.44,313
8/30/2005 17:00,30923.71,35,8,1.9,4.99,4.67,139
8/30/2005 18:00,30923.76,30,7.3,1.7,4.61,10,11
8/30/2005 19:00,30923.8,26.11,6.8,1.4,4.59,10,0
8/30/2005 20:00,30923.84,26.11,7.7,0.6,5.25,10,0
8/30/2005 21:00,30923.88,25,8.8,0.6,0.28,10,0
8/30/2005 22:00,30923.92,25,10.5,0.5,1.03,10,0
8/30/2005 23:00,30923.97,20.56,11.4,1,0.61,10,0
8/31/2005 0:00,30924,22.78,11.3,0.7,6.13,10,0
8/31/2005 1:00,30924.04,21.67,11.7,0.6,0.02,10,0
8/31/2005 2:00,30924.08,21.11,11,0.8,0.44,10,0
8/31/2005 3:00,30924.13,22.22,11,0.6,0.72,10,0
8/31/2005 4:00,30924.17,20.56,10.6,0.7,0.38,10,0
8/31/2005 5:00,30924.21,20.56,10.6,0.6,6.27,10,13
8/31/2005 6:00,30924.25,20.56,12.1,0.9,0.99,3.08,150
8/31/2005 7:00,30924.29,23.33,12.1,1.5,1.94,3.2,333
8/31/2005 8:00,30924.34,25.56,10.3,1.6,2.49,2.99,502
8/31/2005 9:00,30924.38,28.89,9.1,1.7,3.04,2.88,640
8/31/2005 10:00,30924.42,31.67,8.9,1.6,3.54,2.77,738
8/31/2005 11:00,30924.46,33.33,8,1.8,4.54,2.61,791
8/31/2005 12:00,30924.5,36.67,7.8,1.9,4.66,2.53,793
8/31/2005 13:00,30924.55,36.11,8.3,1.8,4.59,3,731
8/31/2005 14:00,30924.59,37.22,9.5,2.3,5.57,3.56,620
8/31/2005 15:00,30924.63,37.78,8.8,2.8,4.66,4.24,470
8/31/2005 16:00,30924.67,36.67,8.4,2.3,4.85,4.9,300
8/31/2005 17:00,30924.71,36.11,8.2,2.2,4.82,5.32,129
8/31/2005 18:00,30924.76,32.78,7.9,1.6,4.64,10,9
8/31/2005 19:00,30924.8,29.44,8.2,1.2,4.64,10,0
8/31/2005 20:00,30924.84,27.78,10.4,0.8,0.7,10,0
8/31/2005 21:00,30924.88,27.78,11.5,0.6,4.07,10,0
8/31/2005 22:00,30924.92,25.56,12,0.5,4.38,10,0
8/31/2005 23:00,30924.97,22.78,12.5,0.9,0.42,10,0
9/1/2005 0:00,30925,24.44,13.2,0.6,0.94,10,0
9/1/2005 1:00,30925.04,22.78,13,0.8,0.33,10,0
9/1/2005 2:00,30925.08,23.33,11.8,0.9,0.65,10,0
9/1/2005 3:00,30925.13,22.22,11.9,0.7,4.36,10,0
9/1/2005 4:00,30925.17,22.22,11.2,0.9,6.25,10,0
9/1/2005 5:00,30925.21,21.67,11.2,0.9,0.94,10,12
9/1/2005 6:00,30925.25,23.33,12.7,0.5,5.46,3.15,146
9/1/2005 7:00,30925.29,24.44,12.3,1.5,1.82,3.31,328
9/1/2005 8:00,30925.34,26.67,11.1,2.7,1.94,2.88,501
9/1/2005 9:00,30925.38,32.78,10.9,2.4,2.29,2.71,641
9/1/2005 10:00,30925.42,33.33,10.8,2,2.81,2.58,740
9/1/2005 11:00,30925.46,33.89,10.4,1.6,2.81,2.46,792
9/1/2005 12:00,30925.5,36.67,10,1.4,4.47,2.84,781
9/1/2005 13:00,30925.55,37.22,9,1.8,5.04,3.34,717
9/1/2005 14:00,30925.59,37.78,9.2,2,5.18,3.56,617
9/1/2005 15:00,30925.63,39.44,8.5,1.7,5.1,4.23,467
9/1/2005 16:00,30925.67,38.89,9.7,1.8,5.06,4.98,295
9/1/2005 17:00,30925.71,36.67,6.4,2.4,4.61,5.31,126
9/1/2005 18:00,30925.76,34.44,7.5,1.7,4.92,10,8
9/1/2005 19:00,30925.8,30.56,10.3,1,5.06,10,0
9/1/2005 20:00,30925.84,28.89,9.9,1.3,5.1,10,0
9/1/2005 21:00,30925.88,28.33,9.1,1.8,5.04,10,0
9/1/2005 22:00,30925.92,26.11,10.2,1.9,5.03,10,0
9/1/2005 23:00,30925.97,25,11.3,1.4,5.25,10,0
9/2/2005 0:00,30926,23.89,11.8,1,5.15,10,0
9/2/2005 1:00,30926.04,23.89,11.4,0.9,4.56,10,0
9/2/2005 2:00,30926.08,23.33,11.9,0.9,5.22,10,0
9/2/2005 3:00,30926.13,22.78,11.8,0.9,5.62,10,0
9/2/2005 4:00,30926.17,21.67,11.2,0.7,4.76,10,0
9/2/2005 5:00,30926.21,21.67,11.3,0.6,5.45,10,11
9/2/2005 6:00,30926.25,21.67,12.8,0.7,0.12,3.37,141
9/2/2005 7:00,30926.29,23.89,12.6,1.1,1.54,3.54,321
9/2/2005 8:00,30926.34,27.78,10.7,2.6,2.32,3.01,495
9/2/2005 9:00,30926.38,31.67,11.2,3.1,2.2,2.78,636
9/2/2005 10:00,30926.42,32.22,11.6,3.3,2.23,2.54,738
9/2/2005 11:00,30926.46,33.89,12.3,2.2,2.57,2.64,784
9/2/2005 12:00,30926.5,35,11.7,1.3,2.53,2.87,777
9/2/2005 13:00,30926.55,36.67,11.6,1.4,0.05,3.25,717
9/2/2005 14:00,30926.59,38.89,10.1,1.5,0.44,3.81,606
9/2/2005 15:00,30926.63,40.56,10,2.3,5.41,4.43,458
9/2/2005 16:00,30926.67,39.44,10.3,2.5,5.03,5.15,288
9/2/2005 17:00,30926.71,37.22,8.9,2.5,5.01,5.67,119
9/2/2005 18:00,30926.76,33.33,8.9,1.9,4.89,10,7
9/2/2005 19:00,30926.8,30,9.1,2,5.06,10,0
9/2/2005 20:00,30926.84,28.33,9.7,2.8,5.18,10,0
9/2/2005 21:00,30926.88,26.67,10,2,4.96,10,0
9/2/2005 22:00,30926.92,26.67,10.8,1.1,4.83,10,0
9/2/2005 23:00,30926.97,25.56,11.1,1.1,4.8,10,0
9/3/2005 0:00,30927,25.56,12.5,1.5,4.83,10,0
9/3/2005 1:00,30927.04,23.33,12.6,1,5.69,10,0
9/3/2005 2:00,30927.08,21.67,12.3,0.7,6.13,10,0
9/3/2005 3:00,30927.13,21.67,12.3,0.8,0.98,10,0
9/3/2005 4:00,30927.17,22.22,12.4,0.8,0.49,10,0
9/3/2005 5:00,30927.21,21.11,12,1.1,1.27,10,11
9/3/2005 6:00,30927.25,22.22,11.6,1.4,2.18,3.12,139
9/3/2005 7:00,30927.29,24.44,12.1,2.6,2.11,3.25,322
9/3/2005 8:00,30927.34,25.56,11.8,2.8,2.29,2.74,497
9/3/2005 9:00,30927.38,30,12.5,3.2,2.29,2.64,636
9/3/2005 10:00,30927.42,32.22,12.8,2.6,2.79,2.49,736
9/3/2005 11:00,30927.46,33.33,12.4,1.8,2.71,2.64,781
9/3/2005 12:00,30927.5,33.89,12.5,1.7,4.05,3.09,767
9/3/2005 13:00,30927.55,36.11,11.4,1.9,4.36,3.4,709
9/3/2005 14:00,30927.59,37.22,9.5,2.2,4.75,3.58,610
9/3/2005 15:00,30927.63,38.89,7.8,2,4.82,4.33,458
9/3/2005 16:00,30927.67,37.22,7.7,1.9,4.69,5.11,286
9/3/2005 17:00,30927.71,36.11,8.4,2.2,4.83,6.03,112
9/3/2005 18:00,30927.76,33.33,8.2,2.6,4.97,10,6
9/3/2005 19:00,30927.8,27.78,6.9,3.1,5.1,10,0
9/3/2005 20:00,30927.84,27.22,7,3.4,5.11,10,0
9/3/2005 21:00,30927.88,25,8.2,2.7,4.89,10,0
9/3/2005 22:00,30927.92,23.89,8.9,3.4,4.83,10,0
9/3/2005 23:00,30927.97,25.56,9.5,2.5,4.87,10,0
9/4/2005 0:00,30928,18.89,9.7,2.1,5.06,10,0
9/4/2005 1:00,30928.04,18.33,9.9,1.5,5.13,10,0
9/4/2005 2:00,30928.08,18.89,10.3,1.2,5.5,10,0
9/4/2005 3:00,30928.13,17.22,10.1,1.1,5.15,10,0
9/4/2005 4:00,30928.17,18.33,9.8,0.9,0.3,10,0
9/4/2005 5:00,30928.21,18.89,9.7,1.1,0.63,10,11
9/4/2005 6:00,30928.25,19.44,10.8,0.7,0.82,2.19,140
9/4/2005 7:00,30928.29,22.78,11.1,2.1,2.41,2.69,326
9/4/2005 8:00,30928.34,23.89,11.4,2.3,2.27,2.11,504
9/4/2005 9:00,30928.38,28.33,11.6,1.4,2.83,2.59,634
9/4/2005 10:00,30928.42,30,10.3,1.3,4.33,2.44,734
9/4/2005 11:00,30928.46,31.11,8.6,2.5,4.82,2.16,790
9/4/2005 12:00,30928.5,33.33,6.2,2.5,4.69,2.32,786
9/4/2005 13:00,30928.55,35,5.5,2.8,4.71,2.81,724
9/4/2005 14:00,30928.59,34.44,5.9,3,4.78,3.41,612
9/4/2005 15:00,30928.63,35,4.8,3,4.89,4.15,460
9/4/2005 16:00,30928.67,35,4.8,2.9,4.73,4.54,295
9/4/2005 17:00,30928.71,32.78,4.6,2.7,4.8,4.73,122
9/4/2005 18:00,30928.76,30,4.9,2.4,4.94,10,6
9/4/2005 19:00,30928.8,25.56,6,3.1,5.11,10,0
9/4/2005 20:00,30928.84,25,7.4,2.5,5.17,10,0
9/4/2005 21:00,30928.88,24.44,8.7,2.1,4.73,10,0
9/4/2005 22:00,30928.92,20.56,11.2,2.8,4.66,10,0
9/4/2005 23:00,30928.97,20.56,10.6,2.7,4.83,10,0
9/5/2005 0:00,30929,16.67,10,2.4,5.22,10,0
9/5/2005 1:00,30929.04,16.67,10,1.9,5.2,10,0
9/5/2005 2:00,30929.08,17.78,10.1,1.5,5.71,10,0
9/5/2005 3:00,30929.13,16.67,9.9,1.4,5.76,10,0
9/5/2005 4:00,30929.17,17.78,9.7,1,5.43,10,0
9/5/2005 5:00,30929.21,17.22,9.5,0.8,0.19,10,12
9/5/2005 6:00,30929.25,18.33,10.3,0.8,3.86,0,153
9/5/2005 7:00,30929.29,21.67,11,0.8,6.27,1.56,333
9/5/2005 8:00,30929.34,25,10.7,1.5,2.13,1.58,507
9/5/2005 9:00,30929.38,25.56,10.6,1.7,2.37,1.89,644
9/5/2005 10:00,30929.42,27.78,10.2,1.7,3,1.86,743
9/5/2005 11:00,30929.46,30,9.3,1.6,4.03,2.15,787
9/5/2005 12:00,30929.5,30.56,8.8,2,4.73,2.18,786
9/5/2005 13:00,30929.55,33.33,9.3,2.3,4.78,2.83,720
9/5/2005 14:00,30929.59,35.56,8.2,3,4.61,3.4,609
9/5/2005 15:00,30929.63,35.56,7.9,2.9,4.76,4.14,457
9/5/2005 16:00,30929.67,35,6.1,2.6,4.76,4.82,286
9/5/2005 17:00,30929.71,33.33,7.2,2.2,5.1,5.24,114
9/5/2005 18:00,30929.76,30.56,7.2,1.5,4.87,10,5
9/5/2005 19:00,30929.8,26.11,9.5,0.8,5.1,10,0
9/5/2005 20:00,30929.84,24.44,7.5,1.4,4.8,10,0
9/5/2005 21:00,30929.88,23.89,8,1.4,4.78,10,0
9/5/2005 22:00,30929.92,23.33,9.3,1.2,5.01,10,0
9/5/2005 23:00,30929.97,19.44,9.9,1.3,4.71,10,0
9/6/2005 0:00,30930,22.22,10.5,1.3,4.97,10,0
9/6/2005 1:00,30930.04,20.56,10.7,0.8,4.45,10,0
9/6/2005 2:00,30930.08,20.56,11,0.6,0.66,10,0
9/6/2005 3:00,30930.13,20,10.8,0.7,0.58,10,0
9/6/2005 4:00,30930.17,20,10.3,0.8,6.18,10,0
9/6/2005 5:00,30930.21,20,9.6,0.9,0.99,10,12
9/6/2005 6:00,30930.25,19.44,10.7,1.1,1.22,0,151
9/6/2005 7:00,30930.29,22.22,10.5,2.1,1.59,1.44,330
9/6/2005 8:00,30930.34,25.56,9.6,2.5,1.99,1.7,502
9/6/2005 9:00,30930.38,30,10.2,3,2.39,1.86,641
9/6/2005 10:00,30930.42,31.11,10.2,2,2.15,2.19,733
9/6/2005 11:00,30930.46,32.22,9.7,1.7,2.97,2.3,780
9/6/2005 12:00,30930.5,33.89,7,1.6,4.52,2.57,773
9/6/2005 13:00,30930.55,36.67,6,1.6,5.18,2.96,713
9/6/2005 14:00,30930.59,35.56,5.9,1.9,5.08,3.69,597
9/6/2005 15:00,30930.63,36.67,5.1,1.6,5.08,4.17,453
9/6/2005 16:00,30930.67,35.56,5.9,2.2,4.73,5,279
9/6/2005 17:00,30930.71,35,6,2.4,5.03,5.64,107
9/6/2005 18:00,30930.76,32.22,6.4,1.6,5.04,10,4
9/6/2005 19:00,30930.8,28.33,8.9,1,4.71,10,0
9/6/2005 20:00,30930.84,26.11,9.1,2.2,4.85,10,0
9/6/2005 21:00,30930.88,25,10.7,1.8,4.9,10,0
9/6/2005 22:00,30930.92,22.78,10.7,2,5.17,10,0
9/6/2005 23:00,30930.97,22.22,10.6,1.9,5.24,10,0
9/7/2005 0:00,30931,21.67,10.6,1.5,5.1,10,0
9/7/2005 1:00,30931.04,20.56,10.2,1.4,5.01,10,0
9/7/2005 2:00,30931.08,20.56,10.2,1.3,5.27,10,0
9/7/2005 3:00,30931.13,20.56,10.6,0.6,5.11,10,0
9/7/2005 4:00,30931.17,20.56,10.5,0.5,5.11,10,0
9/7/2005 5:00,30931.21,21.11,10.2,0.5,5.2,10,10
9/7/2005 6:00,30931.25,20,11.8,0.6,5.79,0,145
9/7/2005 7:00,30931.29,24.44,10.5,1,0.94,2.23,320
9/7/2005 8:00,30931.34,25,10.2,2.7,2.34,2.4,489
9/7/2005 9:00,30931.38,27.78,10.7,3.5,2.37,2.23,631
9/7/2005 10:00,30931.42,29.44,11.3,2.6,2.39,2.52,722
9/7/2005 11:00,30931.46,31.11,11.2,2,2.79,2.64,768
9/7/2005 12:00,30931.5,32.78,10.2,1.5,2.84,3.1,754
9/7/2005 13:00,30931.55,35.56,9.4,1.5,4.63,3.46,694
9/7/2005 14:00,30931.59,36.67,8.3,1.7,3.28,3.96,585
9/7/2005 15:00,30931.63,36.11,8,1.5,3.65,4.77,432
9/7/2005 16:00,30931.67,36.67,9,1.8,5.17,5.39,267
9/7/2005 17:00,30931.71,33.89,9.3,2.7,4.83,6.22,98
9/7/2005 18:00,30931.76,30,9.4,3.1,5.1,10,3
9/7/2005 19:00,30931.8,26.11,10,2.6,4.99,10,0
9/7/2005 20:00,30931.84,25.56,10,2.7,4.83,10,0
9/7/2005 21:00,30931.88,24.44,11.7,2.8,4.78,10,0
9/7/2005 22:00,30931.92,20,11.9,2.8,4.85,10,0
9/7/2005 23:00,30931.97,22.78,12,2.3,5.15,10,0
9/8/2005 0:00,30932,18.33,11.8,2.3,5.17,10,0
9/8/2005 1:00,30932.04,17.78,11.6,2.2,5.1,10,0
9/8/2005 2:00,30932.08,18.89,11.5,1.5,5.18,10,0
9/8/2005 3:00,30932.13,18.89,11.3,1.2,5.18,10,0
9/8/2005 4:00,30932.17,19.44,11,0.8,4.61,10,0
9/8/2005 5:00,30932.21,15.56,10.9,0.7,5.72,10,9
9/8/2005 6:00,30932.25,18.33,11.6,1.2,4.29,0,129
9/8/2005 7:00,30932.29,20,12,1.5,4.63,3.13,306
9/8/2005 8:00,30932.34,21.11,12.2,2.1,2.84,2.77,479
9/8/2005 9:00,30932.38,24.44,11.8,2.1,3.67,2.64,619
9/8/2005 10:00,30932.42,26.11,11.5,1.5,3.65,2.92,708
9/8/2005 11:00,30932.46,28.33,11.1,1.6,3.54,2.97,755
9/8/2005 12:00,30932.5,29.44,10.3,1.7,2.72,3.15,749
9/8/2005 13:00,30932.55,31.11,8.6,1.9,3.18,3.42,692
9/8/2005 14:00,30932.59,31.67,7.7,2.7,2.91,3.98,581
9/8/2005 15:00,30932.63,32.22,6.5,1.8,3.12,4.56,435
9/8/2005 16:00,30932.67,32.78,6.4,2.1,3.04,5.47,262
9/8/2005 17:00,30932.71,32.78,8.7,2.3,4.71,6.31,94
9/8/2005 18:00,30932.76,27.78,10.5,2.7,5.18,10,3
9/8/2005 19:00,30932.8,24.44,10.9,3.3,5.36,10,0
9/8/2005 20:00,30932.84,22.22,11.3,4.8,5.18,10,0
9/8/2005 21:00,30932.88,20,11.1,4.3,5.04,10,0
9/8/2005 22:00,30932.92,18.89,11.2,4.4,5.17,10,0
9/8/2005 23:00,30932.97,18.33,11.4,3.7,5.18,10,0
9/9/2005 0:00,30933,16.11,11.5,3.6,5.04,10,0
9/9/2005 1:00,30933.04,15,11.5,3.1,5.06,10,0
9/9/2005 2:00,30933.08,13.89,11.4,2.4,5.29,10,0
9/9/2005 3:00,30933.13,12.78,11.3,2.9,5.11,10,0
9/9/2005 4:00,30933.17,13.33,11.2,2.2,5.25,10,0
9/9/2005 5:00,30933.21,13.33,11.1,1.7,5.13,10,8
9/9/2005 6:00,30933.25,13.33,11.5,2,5.31,0,126
9/9/2005 7:00,30933.29,17.78,11.8,3,5.2,3.38,299
9/9/2005 8:00,30933.34,18.89,12,3.1,5.25,2.9,473
9/9/2005 9:00,30933.38,22.22,12.2,2.1,5.38,2.79,612
9/9/2005 10:00,30933.42,22.78,12.5,2.8,4.56,2.35,719
9/9/2005 11:00,30933.46,26.11,12.8,2.9,4.87,2.33,769
9/9/2005 12:00,30933.5,25,12.9,2.5,4.71,2.75,758
9/9/2005 13:00,30933.55,26.67,12.8,1.9,4.68,3.29,693
9/9/2005 14:00,30933.59,27.78,11.8,1.7,3.19,3.82,583
9/9/2005 15:00,30933.63,28.33,11.5,1.6,4.68,4.45,435
9/9/2005 16:00,30933.67,28.33,10.9,1.3,5.01,5.24,264
9/9/2005 17:00,30933.71,27.78,11,1.5,4.64,5.23,101
9/9/2005 18:00,30933.76,25.56,11.4,1.2,4.96,10,3
9/9/2005 19:00,30933.8,22.22,11.2,0.6,2.29,10,0
9/9/2005 20:00,30933.84,21.11,12.2,0.8,5.9,10,0
9/9/2005 21:00,30933.88,21.67,12,1.4,5.1,10,0
9/9/2005 22:00,30933.92,18.33,11.7,1.9,5.25,10,0
9/9/2005 23:00,30933.97,17.22,11.3,1.9,5.22,10,0
9/10/2005 0:00,30934,17.78,11,2.3,5.34,10,0
9/10/2005 1:00,30934.04,15.56,10.3,2.6,5.38,10,0
9/10/2005 2:00,30934.08,16.11,10,2.6,5.11,10,0
9/10/2005 3:00,30934.13,13.89,9.5,2.6,5.25,10,0
9/10/2005 4:00,30934.17,12.78,9,2.7,5.25,10,0
9/10/2005 5:00,30934.21,11.67,8.5,2.7,5.18,10,5
9/10/2005 6:00,30934.25,11.67,8.8,2.8,5.08,2.44,116
9/10/2005 7:00,30934.29,13.89,9.9,3.2,5.04,3.18,298
9/10/2005 8:00,30934.34,16.67,10.5,2.7,5.08,2.46,477
9/10/2005 9:00,30934.38,21.11,10.4,2.5,5.11,1.9,626
9/10/2005 10:00,30934.42,24.44,10.2,2.5,4.52,1.52,731
9/10/2005 11:00,30934.46,26.11,10,2.9,4.71,1.68,779
9/10/2005 12:00,30934.5,25,10,2.7,4.47,1.89,775
9/10/2005 13:00,30934.55,27.22,9.1,2.8,4.35,2.6,709
9/10/2005 14:00,30934.59,27.22,7,2.7,4.56,2.69,610
9/10/2005 15:00,30934.63,28.33,6.2,3,4.83,3.32,460
9/10/2005 16:00,30934.67,28.33,5.9,3.5,4.87,3.97,285
9/10/2005 17:00,30934.71,26.11,6.5,3.3,5.1,3.91,107
9/10/2005 18:00,30934.76,22.78,6.7,3,5.15,10,3
9/10/2005 19:00,30934.8,20,6.5,2.8,5.1,10,0
9/10/2005 20:00,30934.84,20,7,2.7,5.24,10,0
9/10/2005 21:00,30934.88,18.33,7.7,2.4,4.99,10,0
9/10/2005 22:00,30934.92,17.22,8.5,3,4.94,10,0
9/10/2005 23:00,30934.97,18.33,8.5,2.8,5.04,10,0
9/11/2005 0:00,30935,14.44,8.5,2.3,5.04,10,0
9/11/2005 1:00,30935.04,14.44,8.4,1.7,5.53,10,0
9/11/2005 2:00,30935.08,12.78,7.9,2.1,5.25,10,0
9/11/2005 3:00,30935.13,12.22,7.8,1.6,5.39,10,0
9/11/2005 4:00,30935.17,13.89,7.6,1.3,5.71,10,0
9/11/2005 5:00,30935.21,13.33,7.4,1.2,5.59,10,6
9/11/2005 6:00,30935.25,12.78,7.9,1.4,5.08,0,123
9/11/2005 7:00,30935.29,15.56,8.6,2.3,5.22,1.85,308
9/11/2005 8:00,30935.34,18.33,9,1.2,5.06,1.74,483
9/11/2005 9:00,30935.38,22.22,9.5,2,5.01,1.78,624
9/11/2005 10:00,30935.42,23.89,9.3,2.2,4.52,1.67,725
9/11/2005 11:00,30935.46,25,9.3,2.5,4.45,1.58,777
9/11/2005 12:00,30935.5,26.11,9,2.7,4.8,1.86,772
9/11/2005 13:00,30935.55,27.78,7,2.5,4.35,2.28,713
9/11/2005 14:00,30935.59,27.78,5.7,2.2,4.52,2.97,600
9/11/2005 15:00,30935.63,27.78,2.9,2,4.42,3.52,452
9/11/2005 16:00,30935.67,27.78,2.1,2.5,4.92,3.87,283
9/11/2005 17:00,30935.71,26.11,2.9,2.8,4.87,3.61,105
9/11/2005 18:00,30935.76,23.33,3.7,2.2,5.08,10,3
9/11/2005 19:00,30935.8,20.56,4.6,2.8,4.89,10,0
9/11/2005 20:00,30935.84,19.44,7.8,3.2,4.99,10,0
9/11/2005 21:00,30935.88,18.33,9.3,3.1,5.03,10,0
9/11/2005 22:00,30935.92,15.56,8.5,2.5,4.97,10,0
9/11/2005 23:00,30935.97,15,7.8,3,4.66,10,0
9/12/2005 0:00,30936,13.33,7.9,2.6,5.04,10,0
9/12/2005 1:00,30936.04,12.78,8,2.3,5.13,10,0
9/12/2005 2:00,30936.08,13.89,7.9,1.1,5.29,10,0
9/12/2005 3:00,30936.13,12.78,8.3,1.6,5.13,10,0
9/12/2005 4:00,30936.17,11.67,8.1,1.2,5.27,10,0
9/12/2005 5:00,30936.21,12.78,7.4,0.7,4.78,10,5
9/12/2005 6:00,30936.25,13.33,8.4,0.5,5.1,0,128
9/12/2005 7:00,30936.29,16.67,8.6,1.1,1.5,2.34,300
9/12/2005 8:00,30936.34,19.44,8.4,2.9,2.16,1.23,484
9/12/2005 9:00,30936.38,19.44,9.1,2.5,2.48,0.9,630
9/12/2005 10:00,30936.42,22.22,8.8,1.8,3.09,1.81,719
9/12/2005 11:00,30936.46,23.33,7.3,1.7,4.64,2.03,765
9/12/2005 12:00,30936.5,26.67,5.7,2.3,4.89,2.03,765
9/12/2005 13:00,30936.55,27.78,5.8,2.6,4.52,2.75,698
9/12/2005 14:00,30936.59,27.78,4.8,2.8,4.76,3.44,584
9/12/2005 15:00,30936.63,29.44,4.6,2.3,5.39,4.15,433
9/12/2005 16:00,30936.67,27.78,3.3,2.4,4.87,4.65,266
9/12/2005 17:00,30936.71,26.11,2.7,1.9,5.04,5.36,90
9/12/2005 18:00,30936.76,23.33,3.5,1.4,4.99,10,2
9/12/2005 19:00,30936.8,20.56,3.6,1,4.89,10,0
9/12/2005 20:00,30936.84,19.44,3.7,1.1,4.78,10,0
9/12/2005 21:00,30936.88,18.89,4.8,1.4,5.11,10,0
9/12/2005 22:00,30936.92,18.33,5,0.6,4.56,10,0
9/12/2005 23:00,30936.97,15,5.5,1,4.69,10,0
9/13/2005 0:00,30937,16.67,6.3,1.2,5.13,10,0
9/13/2005 1:00,30937.04,15,7.9,2.1,4.83,10,0
9/13/2005 2:00,30937.08,15,8.2,1.5,5.11,10,0
9/13/2005 3:00,30937.13,13.33,8.1,1.3,5.55,10,0
9/13/2005 4:00,30937.17,13.89,7.7,0.8,5.93,10,0
9/13/2005 5:00,30937.21,14.44,7.5,0.6,0.52,10,5
9/13/2005 6:00,30937.25,14.44,8.5,0.5,0.66,0,120
9/13/2005 7:00,30937.29,17.22,9.3,0.8,5.74,2.92,290
9/13/2005 8:00,30937.34,18.89,7.9,1.4,2.32,2.81,460
9/13/2005 9:00,30937.38,21.11,7.8,1.3,3.26,2.86,596
9/13/2005 10:00,30937.42,25,8.2,1.5,3.98,2.78,694
9/13/2005 11:00,30937.46,26.11,7.9,2.2,4.75,2.4,753
9/13/2005 12:00,30937.5,27.78,6.7,2.8,4.97,2.48,751
9/13/2005 13:00,30937.55,29.44,5.3,3.4,4.71,2.98,688
9/13/2005 14:00,30937.59,28.33,4.7,3.6,4.8,3.59,576
9/13/2005 15:00,30937.63,28.89,4.1,3.5,4.68,4.36,424
9/13/2005 16:00,30937.67,27.78,4,3.5,4.99,5.09,254
9/13/2005 17:00,30937.71,26.67,3.6,3.3,4.99,5.31,87
9/13/2005 18:00,30937.76,24.44,4.1,2.1,4.99,10,2
9/13/2005 19:00,30937.8,21.67,4.6,2.4,5.03,10,0
9/13/2005 20:00,30937.84,21.11,6.3,2.3,5.01,10,0
9/13/2005 21:00,30937.88,20.56,7.4,2.2,4.69,10,0
9/13/2005 22:00,30937.92,18.89,9,3.1,4.69,10,0
9/13/2005 23:00,30937.97,18.33,8.9,2.5,4.89,10,0
9/14/2005 0:00,30938,15,9,1.9,5.25,10,0
9/14/2005 1:00,30938.04,15,8.8,1.1,4.94,10,0
9/14/2005 2:00,30938.08,16.11,8.9,1.2,5.69,10,0
9/14/2005 3:00,30938.13,15.56,8.7,0.9,4.96,10,0
9/14/2005 4:00,30938.17,16.67,8.4,0.7,4.73,10,0
9/14/2005 5:00,30938.21,12.78,8.3,0.8,5.74,10,4
9/14/2005 6:00,30938.25,12.78,9.2,1.2,6.14,0,115
9/14/2005 7:00,30938.29,16.67,9.8,1.1,0.56,2.67,289
9/14/2005 8:00,30938.34,19.44,9.4,1.7,2.08,2.7,458
9/14/2005 9:00,30938.38,23.33,9.3,2,2.65,2.6,598
9/14/2005 10:00,30938.42,23.89,9,1.6,3.63,2.83,689
9/14/2005 11:00,30938.46,26.11,8.4,2.1,4.21,2.76,740
9/14/2005 12:00,30938.5,27.22,7.2,2.1,4.42,2.96,734
9/14/2005 13:00,30938.55,30,6.1,2.1,4.4,3.33,674
9/14/2005 14:00,30938.59,30,6.6,2,4.73,4.05,558
9/14/2005 15:00,30938.63,30,6.1,2.5,4.75,4.76,409
9/14/2005 16:00,30938.67,29.44,5.9,2.6,4.87,5.51,242
9/14/2005 17:00,30938.71,27.22,5.8,2.7,4.96,5.4,83
9/14/2005 18:00,30938.76,23.89,6.1,1.5,5.1,10,2
9/14/2005 19:00,30938.8,21.67,6.8,0.8,4.85,10,0
9/14/2005 20:00,30938.84,20.56,6.3,1.4,5.04,10,0
9/14/2005 21:00,30938.88,20,6.2,1.4,4.76,10,0
9/14/2005 22:00,30938.92,20.56,7,1.4,5.04,10,0
9/14/2005 23:00,30938.97,15.56,7.7,1.3,4.83,10,0
9/15/2005 0:00,30939,18.89,9,0.8,4.92,10,0
9/15/2005 1:00,30939.04,18.33,9.3,1.7,5.18,10,0
9/15/2005 2:00,30939.08,16.11,9.2,1.3,5.36,10,0
9/15/2005 3:00,30939.13,16.67,8.9,0.8,4.82,10,0
9/15/2005 4:00,30939.17,16.67,8.2,0.9,4.36,10,0
9/15/2005 5:00,30939.21,16.11,8.4,1,5.11,10,4
9/15/2005 6:00,30939.25,15,9.6,1,5.48,0,112
9/15/2005 7:00,30939.29,17.22,10.3,1.1,5.25,2.95,282
9/15/2005 8:00,30939.34,20.56,10,1.1,4.31,3.26,444
9/15/2005 9:00,30939.38,22.78,9.9,1.1,5.53,3.39,575
9/15/2005 10:00,30939.42,26.11,9.1,1.4,4.26,3.09,678
9/15/2005 11:00,30939.46,27.78,8.6,1.6,3.96,2.87,733
9/15/2005 12:00,30939.5,30,7.8,2.3,4.42,2.9,732
9/15/2005 13:00,30939.55,31.11,8,2.3,4.4,3.37,669
9/15/2005 14:00,30939.59,32.22,8.9,2.8,4.76,4.13,552
9/15/2005 15:00,30939.63,31.67,8.6,3.4,4.73,4.85,403
9/15/2005 16:00,30939.67,30.56,7.9,3.3,4.96,5.73,234
9/15/2005 17:00,30939.71,28.89,7.6,2.8,4.94,6.29,73
9/15/2005 18:00,30939.76,25.56,8,2.1,4.75,10,1
9/15/2005 19:00,30939.8,22.78,8.4,2.1,5.13,10,0
9/15/2005 20:00,30939.84,23.33,9.2,2.8,4.97,10,0
9/15/2005 21:00,30939.88,20,9.8,2.6,4.75,10,0
9/15/2005 22:00,30939.92,18.89,10.2,1.9,4.87,10,0
9/15/2005 23:00,30939.97,18.89,10.2,2.3,5.08,10,0
9/16/2005 0:00,30940,16.11,10.1,1.9,5.18,10,0
9/16/2005 1:00,30940.04,17.78,9.8,2,4.99,10,0
9/16/2005 2:00,30940.08,17.78,9.6,1.8,5.25,10,0
9/16/2005 3:00,30940.13,14.44,9.3,1.3,5.88,10,0
9/16/2005 4:00,30940.17,15.56,9,1.1,5.76,10,0
9/16/2005 5:00,30940.21,16.11,8.7,0.9,4.82,10,3
9/16/2005 6:00,30940.25,13.89,9.2,1.8,5.17,0,104
9/16/2005 7:00,30940.29,16.11,9.8,1.7,5.6,2.88,279
9/16/2005 8:00,30940.34,21.11,10.3,1.5,1.82,3.01,445
9/16/2005 9:00,30940.38,23.33,10.8,2,2.29,2.93,583
9/16/2005 10:00,30940.42,24.44,10.1,1.7,3.07,2.92,679
9/16/2005 11:00,30940.46,25.56,8.7,1.6,4.4,2.81,731
9/16/2005 12:00,30940.5,29.44,7.2,2.3,4.24,2.91,728
9/16/2005 13:00,30940.55,29.44,5.9,2.5,4.36,3.29,668
9/16/2005 14:00,30940.59,30,6.3,3,4.94,3.86,557
9/16/2005 15:00,30940.63,31.11,5.2,3.2,4.89,4.52,409
9/16/2005 16:00,30940.67,30.56,5.1,3.6,5.04,5.19,242
9/16/2005 17:00,30940.71,27.78,5.7,3.4,5.17,5.88,73
9/16/2005 18:00,30940.76,24.44,5.9,2.6,4.87,10,1
9/16/2005 19:00,30940.8,22.78,8.8,2.6,4.87,10,0
9/16/2005 20:00,30940.84,22.22,10.4,2.9,4.82,10,0
9/16/2005 21:00,30940.88,19.44,10,3.4,4.82,10,0
9/16/2005 22:00,30940.92,16.11,9.6,3.5,5.03,10,0
9/16/2005 23:00,30940.97,17.78,9.4,3,5.15,10,0
9/17/2005 0:00,30941,16.11,9.4,2.4,5.04,10,0
9/17/2005 1:00,30941.04,15.56,9.5,2.9,4.96,10,0
9/17/2005 2:00,30941.08,15,9.5,2.6,5.11,10,0
9/17/2005 3:00,30941.13,15.56,9.5,2.2,4.9,10,0
9/17/2005 4:00,30941.17,15,9.6,1.9,4.8,10,0
9/17/2005 5:00,30941.21,14.44,9.6,1.5,5.2,10,3
9/17/2005 6:00,30941.25,12.78,10.3,1.1,5.97,0,106
9/17/2005 7:00,30941.29,15,11,2.3,5.15,2.02,283
9/17/2005 8:00,30941.34,18.33,11.2,2.2,5.39,2.34,452
9/17/2005 9:00,30941.38,21.11,11.5,1.9,5.74,2.85,581
9/17/2005 10:00,30941.42,25,10.6,2.7,5.38,2.66,682
9/17/2005 11:00,30941.46,24.44,9.6,3.2,5.2,2.44,737
9/17/2005 12:00,30941.5,27.78,8,3,4.85,2.67,731
9/17/2005 13:00,30941.55,28.33,7.7,3,5.08,3.26,665
9/17/2005 14:00,30941.59,28.89,6.8,3.8,4.92,3.81,555
9/17/2005 15:00,30941.63,28.89,6.3,3.9,5.13,4.57,404
9/17/2005 16:00,30941.67,28.33,5.6,4.2,5.06,5.22,238
9/17/2005 17:00,30941.71,27.22,5,3.7,5.1,7.73,55
9/17/2005 18:00,30941.76,22.22,5.4,2.7,4.97,10,1
9/17/2005 19:00,30941.8,21.11,6,2.7,4.92,10,0
9/17/2005 20:00,30941.84,19.44,6.9,2.8,5.06,10,0
9/17/2005 21:00,30941.88,19.44,7.6,3.6,4.83,10,0
9/17/2005 22:00,30941.92,15.56,8.1,3.9,5.03,10,0
9/17/2005 23:00,30941.97,15.56,8.2,3.2,5.03,10,0
9/18/2005 0:00,30942,13.89,8.4,2.3,5.15,10,0
9/18/2005 1:00,30942.04,14.44,8.4,2.2,5.34,10,0
9/18/2005 2:00,30942.08,15.56,7.9,1.2,5.01,10,0
9/18/2005 3:00,30942.13,15.56,7.9,1.2,5.74,10,0
9/18/2005 4:00,30942.17,15,7.8,1.3,5.59,10,0
9/18/2005 5:00,30942.21,12.22,7.5,0.8,5.2,10,3
9/18/2005 6:00,30942.25,14.44,8.5,1,5.53,0,115
9/18/2005 7:00,30942.29,16.67,9.1,0.9,4.15,0.56,286
9/18/2005 8:00,30942.34,18.89,9.2,1,3.26,0,471
9/18/2005 9:00,30942.38,20.56,9.6,1.6,5.17,1.84,596
9/18/2005 10:00,30942.42,23.89,10,1.3,5.24,6.01,544
9/18/2005 11:00,30942.46,26.11,10.5,1.9,5.11,4.99,639
9/18/2005 12:00,30942.5,25.56,9,2.1,4.03,1.98,743
9/18/2005 13:00,30942.55,28.33,7.1,2.1,4.59,6.62,508
9/18/2005 14:00,30942.59,29.44,4.9,2.2,4.94,6.45,444
9/18/2005 15:00,30942.63,27.22,5.6,2.2,4.89,6,355
9/18/2005 16:00,30942.67,28.89,6.4,2.1,5.15,7.35,185
9/18/2005 17:00,30942.71,25.56,6.2,1.9,5.15,4.4,75
9/18/2005 18:00,30942.76,23.89,7.1,1.2,4.89,10,1
9/18/2005 19:00,30942.8,23.33,8.6,0.7,4.24,10,0
9/18/2005 20:00,30942.84,22.78,9.4,0.6,1.45,10,0
9/18/2005 21:00,30942.88,20.56,9.6,0.9,4.54,10,0
9/18/2005 22:00,30942.92,20.56,9.5,0.9,1.61,10,0
9/18/2005 23:00,30942.97,14.44,9.4,0.8,1.08,10,0
9/19/2005 0:00,30943,19.44,9.1,0.8,0.98,10,0
9/19/2005 1:00,30943.04,18.89,8.9,0.9,0.52,10,0
9/19/2005 2:00,30943.08,17.78,8.4,1,0.61,10,0
9/19/2005 3:00,30943.13,16.67,8.1,0.6,0.52,10,0
9/19/2005 4:00,30943.17,16.67,7.7,0.6,1.05,10,0
9/19/2005 5:00,30943.21,16.11,7.5,0.6,5.57,10,3
9/19/2005 6:00,30943.25,15.56,9.3,0.5,0.93,0,107
9/19/2005 7:00,30943.29,17.78,9.8,1.3,1.88,1.72,277
9/19/2005 8:00,30943.34,21.11,8.8,2.1,2.32,2.55,441
9/19/2005 9:00,30943.38,25,8.9,1.8,2.58,2.73,576
9/19/2005 10:00,30943.42,27.22,8.9,1.4,3.49,2.71,673
9/19/2005 11:00,30943.46,28.89,9,1.7,4.8,2.76,721
9/19/2005 12:00,30943.5,31.11,8.8,2.2,4.75,3.13,710
9/19/2005 13:00,30943.55,32.78,9,2.4,4.78,3.62,646
9/19/2005 14:00,30943.59,34.44,7.9,2.6,4.99,4.38,529
9/19/2005 15:00,30943.63,33.89,8.3,3.1,5.04,5.06,383
9/19/2005 16:00,30943.67,34.44,7.5,3,5.1,5.87,218
9/19/2005 17:00,30943.71,33.89,8.2,2.4,4.69,6.23,61
9/19/2005 18:00,30943.76,29.44,8.8,1.9,4.5,10,1
9/19/2005 19:00,30943.8,26.11,9.6,2.1,4.52,10,0
9/19/2005 20:00,30943.84,23.89,10.1,1,3.19,10,0
9/19/2005 21:00,30943.88,22.78,10.6,1.2,1.76,10,0
9/19/2005 22:00,30943.92,21.67,10.8,1,1.85,10,0
9/19/2005 23:00,30943.97,19.44,11.1,1.3,1.2,10,0
9/20/2005 0:00,30944,21.67,11.2,1,1.41,10,0
9/20/2005 1:00,30944.04,22.22,11.4,1.1,1.55,10,0
9/20/2005 2:00,30944.08,22.22,11.2,1,5.38,10,0
9/20/2005 3:00,30944.13,21.11,12.1,1,6.13,10,0
9/20/2005 4:00,30944.17,22.22,12.4,1.3,0.87,10,0
9/20/2005 5:00,30944.21,21.67,11.8,1.1,4.4,10,1
9/20/2005 6:00,30944.25,23.33,11.9,1.1,5.13,9.17,36
9/20/2005 7:00,30944.29,23.33,12,1.5,3.93,9.82,104
9/20/2005 8:00,30944.34,22.78,13.5,1.7,4.42,8.44,245
9/20/2005 9:00,30944.38,26.11,12.5,1.2,0.56,7.08,405
9/20/2005 10:00,30944.42,30,9.6,1.1,5.86,5.61,559
9/20/2005 11:00,30944.46,33.33,10.9,1.3,2.48,4.48,656
9/20/2005 12:00,30944.5,31.67,11.7,2.1,3.05,6.08,573
9/20/2005 13:00,30944.55,35,11.5,2.3,3.26,6.39,516
9/20/2005 14:00,30944.59,30.56,11.5,2,3.16,7.02,408
9/20/2005 15:00,30944.63,32.78,11.9,1.3,3.98,9.83,169
9/20/2005 16:00,30944.67,30.56,11.8,1.8,4.05,10,57
9/20/2005 17:00,30944.71,28.89,12.5,6,4.64,10,9
9/20/2005 18:00,30944.76,22.22,13.8,5.2,5.31,10,0
9/20/2005 19:00,30944.8,20.56,15.4,2.4,5.32,10,0
9/20/2005 20:00,30944.84,18.89,15.4,3.6,6.13,10,0
9/20/2005 21:00,30944.88,18.89,15.1,3.3,0.24,10,0
9/20/2005 22:00,30944.92,20.56,14.5,1.4,2.53,10,0
9/20/2005 23:00,30944.97,22.22,14.4,1.8,3.54,10,0
9/21/2005 0:00,30945,23.33,15.1,2.2,4.24,10,0
9/21/2005 1:00,30945.04,17.22,14.7,1.9,5.6,10,0
9/21/2005 2:00,30945.08,17.78,14.3,1.9,5.5,10,0
9/21/2005 3:00,30945.13,16.67,14,1.5,5.38,10,0
9/21/2005 4:00,30945.17,18.33,13.6,1.3,1.54,10,0
9/21/2005 5:00,30945.21,18.89,13.4,1.2,1.8,10,3
9/21/2005 6:00,30945.25,17.78,14.4,1.3,3.28,0,94
9/21/2005 7:00,30945.29,18.33,15.1,1.7,2.43,2.6,262
9/21/2005 8:00,30945.34,20.56,15.2,1.8,2.37,3.09,424
9/21/2005 9:00,30945.38,23.89,15.5,2,2.88,3.09,560
9/21/2005 10:00,30945.42,25,15.3,1.5,4.01,3.4,646
9/21/2005 11:00,30945.46,26.67,15.3,1.5,3.67,3.31,697
9/21/2005 12:00,30945.5,30,14.8,1.9,4.61,3.24,699
9/21/2005 13:00,30945.55,30,14.1,2.2,4.87,3.61,639
9/21/2005 14:00,30945.59,30.56,13.8,1.9,4.57,4.31,524
9/21/2005 15:00,30945.63,31.67,13.6,2.2,4.92,5.02,377
9/21/2005 16:00,30945.67,31.67,12.7,2.6,4.83,5.99,209
9/21/2005 17:00,30945.71,28.89,13.1,2.3,4.83,7.13,49
9/21/2005 18:00,30945.76,26.11,13.8,1.4,4.87,10,0
9/21/2005 19:00,30945.8,23.89,14.6,1.3,4.54,10,0
9/21/2005 20:00,30945.84,23.33,14.6,0.7,4.63,10,0
9/21/2005 21:00,30945.88,23.33,14.5,0.7,4,10,0
9/21/2005 22:00,30945.92,21.67,14.7,1.1,4.68,10,0
9/21/2005 23:00,30945.97,21.11,14.8,0.8,4.42,10,0
9/22/2005 0:00,30946,20.56,14.7,0.8,5.04,10,0
9/22/2005 1:00,30946.04,20,14.7,0.6,3.12,10,0
9/22/2005 2:00,30946.08,20,14.5,1,1.08,10,0
9/22/2005 3:00,30946.13,19.44,14.7,1,1.03,10,0
9/22/2005 4:00,30946.17,19.44,13.9,0.8,1.61,10,0
9/22/2005 5:00,30946.21,19.44,13.6,0.9,0.49,10,2
9/22/2005 6:00,30946.25,18.89,14.5,0.6,0.51,0,90
9/22/2005 7:00,30946.29,20.56,14.1,2,2.22,3.37,250
9/22/2005 8:00,30946.34,23.89,13.7,2.6,2.27,3.46,413
9/22/2005 9:00,30946.38,27.78,13.9,2.6,2.39,3.17,554
9/22/2005 10:00,30946.42,28.89,15,2.1,3.09,3.02,653
9/22/2005 11:00,30946.46,31.11,15.4,1.7,3.16,3.31,693
9/22/2005 12:00,30946.5,32.22,15,1.6,3.18,4.01,668
9/22/2005 13:00,30946.55,33.33,14.2,1.5,4.14,4.7,594
9/22/2005 14:00,30946.59,34.44,13,1.5,4.5,4.32,520
9/22/2005 15:00,30946.63,33.89,12.7,1.7,4.73,7.65,277
9/22/2005 16:00,30946.67,33.89,13.2,1.5,4.92,8.81,133
9/22/2005 17:00,30946.71,30.56,14.3,1.1,4.26,9.56,28
9/22/2005 18:00,30946.76,27.78,13.8,0.8,4.4,10,0
9/22/2005 19:00,30946.8,26.67,13.2,0.6,4.14,10,0
9/22/2005 20:00,30946.84,25,13.2,0.7,3.51,10,0
9/22/2005 21:00,30946.88,24.44,13.5,0.7,2.64,10,0
9/22/2005 22:00,30946.92,24.44,13.3,0.9,1.1,10,0
9/22/2005 23:00,30946.97,21.67,13.5,0.8,2.83,10,0
9/23/2005 0:00,30947,22.22,13.3,0.7,0.84,10,0
9/23/2005 1:00,30947.04,23.33,13.6,0.9,0.54,10,0
9/23/2005 2:00,30947.08,20.56,13.5,0.9,6.18,10,0
9/23/2005 3:00,30947.13,21.67,13.3,1.1,4.73,10,0
9/23/2005 4:00,30947.17,20.56,13.3,1.1,1.34,10,0
9/23/2005 5:00,30947.21,21.11,13.2,1,5.48,10,1
9/23/2005 6:00,30947.25,20.56,13.7,0.9,4.85,0,87
9/23/2005 7:00,30947.29,21.11,13.7,1.5,5.15,3.37,246
9/23/2005 8:00,30947.34,23.33,12,2.5,4.71,3.52,408
9/23/2005 9:00,30947.38,27.22,5.4,2.8,4.56,2.68,561
9/23/2005 10:00,30947.42,29.44,3.7,2.4,4.5,2.31,666
9/23/2005 11:00,30947.46,31.67,4,2.3,4.38,1.98,723
9/23/2005 12:00,30947.5,32.22,4.9,3,4.69,2.12,720
9/23/2005 13:00,30947.55,33.33,6.9,3.9,4.75,2.57,660
9/23/2005 14:00,30947.59,32.78,5.6,3.7,4.75,3.34,545
9/23/2005 15:00,30947.63,33.33,6.2,4,4.61,4.55,383
9/23/2005 16:00,30947.67,30.56,6.3,4.9,4.8,5.66,209
9/23/2005 17:00,30947.71,28.89,5.8,4.2,4.76,7.98,38
9/23/2005 18:00,30947.76,24.44,5.8,3.9,4.78,10,0
9/23/2005 19:00,30947.8,20.56,5.8,3.7,4.75,10,0
9/23/2005 20:00,30947.84,20,5.1,4.3,4.9,10,0
9/23/2005 21:00,30947.88,18.89,4.4,4.4,4.92,10,0
9/23/2005 22:00,30947.92,16.11,3.1,4.5,4.9,10,0
9/23/2005 23:00,30947.97,22.78,2.8,4.1,4.97,10,0
9/24/2005 0:00,30948,13.89,3.6,3.8,4.96,10,0
9/24/2005 1:00,30948.04,13.89,4.5,3.4,4.87,10,0
9/24/2005 2:00,30948.08,13.33,5.3,3.3,4.76,10,0
9/24/2005 3:00,30948.13,11.67,5.4,2.6,4.75,10,0
9/24/2005 4:00,30948.17,11.67,6.1,1.8,4.75,10,0
9/24/2005 5:00,30948.21,10,6.7,1.4,4.87,10,1
9/24/2005 6:00,30948.25,10,7,1.3,5.24,1.12,62
9/24/2005 7:00,30948.29,12.78,6.9,2.4,5.25,0,266
9/24/2005 8:00,30948.34,15.56,6.9,2.5,5.17,0,454
9/24/2005 9:00,30948.38,16.67,7.3,1.8,5.03,0,585
9/24/2005 10:00,30948.42,19.44,7.7,1.5,4.69,1.32,678
9/24/2005 11:00,30948.46,21.67,7.5,1.6,4.03,1.49,727
9/24/2005 12:00,30948.5,25.56,7.2,2,4.64,1.96,719
9/24/2005 13:00,30948.55,26.11,7.4,2.3,5.24,2.77,651
9/24/2005 14:00,30948.59,26.67,6.5,2.7,4.33,3.89,526
9/24/2005 15:00,30948.63,26.67,5.7,2.6,5.27,5.63,348
9/24/2005 16:00,30948.67,27.22,4.8,2.7,5.18,7.57,163
9/24/2005 17:00,30948.71,25,4.3,2.3,5.06,7.05,41
9/24/2005 18:00,30948.76,21.67,4.5,1.6,4.47,10,0
9/24/2005 19:00,30948.8,20,5.2,1,4.4,10,0
9/24/2005 20:00,30948.84,18.89,5,1,4.9,10,0
9/24/2005 21:00,30948.88,18.89,5.4,0.6,5.15,10,0
9/24/2005 22:00,30948.92,18.89,5.8,0.5,2.93,10,0
9/24/2005 23:00,30948.97,16.11,6,0.6,0,10,0
9/25/2005 0:00,30949,15,6.8,0.7,1.24,10,0
9/25/2005 1:00,30949.04,16.11,6.8,0.7,0.35,10,0
9/25/2005 2:00,30949.08,15.56,6.9,0.5,5.36,10,0
9/25/2005 3:00,30949.13,15,6.6,0.7,0.63,10,0
9/25/2005 4:00,30949.17,15.56,6.5,0.6,0.51,10,0
9/25/2005 5:00,30949.21,15.56,6.4,0.6,1.41,10,1
9/25/2005 6:00,30949.25,13.89,6.7,0.7,0.07,0,96
9/25/2005 7:00,30949.29,15.56,8.5,1.2,1.52,0,271
9/25/2005 8:00,30949.34,18.89,7.4,1.9,2.11,0.88,433
9/25/2005 9:00,30949.38,25,6.8,2,2.57,1.45,572
9/25/2005 10:00,30949.42,25.56,6.6,1.7,2.91,1.54,671
9/25/2005 11:00,30949.46,26.67,6.1,1.8,3.6,1.54,722
9/25/2005 12:00,30949.5,28.89,4.4,1.8,4.01,2.01,714
9/25/2005 13:00,30949.55,28.33,4,1.6,5.39,2.6,651
9/25/2005 14:00,30949.59,31.67,4.3,1.7,3.58,4.16,514
9/25/2005 15:00,30949.63,30.56,4.7,1.4,4.36,4.08,387
9/25/2005 16:00,30949.67,30.56,5,2,4.8,5.73,201
9/25/2005 17:00,30949.71,27.78,5,2,4.99,6.04,43
9/25/2005 18:00,30949.76,24.44,6.1,1.1,4.9,10,0
9/25/2005 19:00,30949.8,23.89,6.4,1.3,4.56,10,0
9/25/2005 20:00,30949.84,22.78,6.8,1.3,5.53,10,0
9/25/2005 21:00,30949.88,22.22,6,1.9,5.27,10,0
9/25/2005 22:00,30949.92,22.78,5.6,1.6,5.17,10,0
9/25/2005 23:00,30949.97,16.67,5.6,2,4.08,10,0
9/26/2005 0:00,30950,21.11,8.9,1.5,5.1,10,0
9/26/2005 1:00,30950.04,20.56,10.2,1.6,1.22,10,0
9/26/2005 2:00,30950.08,20,10.3,1.1,3.8,10,0
9/26/2005 3:00,30950.13,21.11,11.8,1.4,0.66,10,0
9/26/2005 4:00,30950.17,19.44,12.7,1.4,1.19,10,0
9/26/2005 5:00,30950.21,19.44,12.2,1.6,2.25,10,1
9/26/2005 6:00,30950.25,19.44,11.8,2.2,1.15,10,14
9/26/2005 7:00,30950.29,19.44,11.4,2.8,1.94,10,28
9/26/2005 8:00,30950.34,20.56,11.2,2.8,1.59,10,81
9/26/2005 9:00,30950.38,20.56,11.2,1.8,1.68,10,158
9/26/2005 10:00,30950.42,24.44,11.3,1.5,1.94,9.07,315
9/26/2005 11:00,30950.46,27.22,9.9,3.2,2.64,9.81,273
9/26/2005 12:00,30950.5,28.89,10,3.6,3,9.18,330
9/26/2005 13:00,30950.55,23.89,9.5,4.6,2.08,8.06,391
9/26/2005 14:00,30950.59,26.67,9.9,5.6,1.9,5.37,467
9/26/2005 15:00,30950.63,28.89,9.4,5.9,2.11,4.99,360
9/26/2005 16:00,30950.67,28.89,9.6,5.9,2.36,8.18,142
9/26/2005 17:00,30950.71,26.67,10.6,3.7,2.55,9.74,20
9/26/2005 18:00,30950.76,24.44,11.4,2.4,2.15,10,0
9/26/2005 19:00,30950.8,23.89,12.1,1.2,1.82,10,0
9/26/2005 20:00,30950.84,23.33,12.4,1.3,1.24,10,0
9/26/2005 21:00,30950.88,23.33,12.5,1.1,1.45,10,0
9/26/2005 22:00,30950.92,22.78,12.4,1.1,0.99,10,0
9/26/2005 23:00,30950.97,22.78,12.2,1.5,4.64,10,0
9/27/2005 0:00,30951,20.56,11,1.8,4.59,10,0
9/27/2005 1:00,30951.04,18.89,9.9,1.5,4.69,10,0
9/27/2005 2:00,30951.08,18.33,9.6,1.7,4.94,10,0
9/27/2005 3:00,30951.13,14.44,9.4,1.6,4.66,10,0
9/27/2005 4:00,30951.17,13.89,9.2,1.6,4.8,10,0
9/27/2005 5:00,30951.21,13.33,9,1.4,4.89,10,1
9/27/2005 6:00,30951.25,11.67,9.6,1.8,5.27,0,87
9/27/2005 7:00,30951.29,16.67,10.6,1.4,5.45,0,267
9/27/2005 8:00,30951.34,19.44,11.4,1.9,2.04,0,430
9/27/2005 9:00,30951.38,23.89,11.8,2.1,3.14,1.49,563
9/27/2005 10:00,30951.42,25,12.2,2.1,3.86,1.64,661
9/27/2005 11:00,30951.46,26.11,12.6,1.9,4.5,1.82,709
9/27/2005 12:00,30951.5,26.67,11.8,2.3,4.89,2.14,703
9/27/2005 13:00,30951.55,29.44,11.2,2.8,4.61,2.96,634
9/27/2005 14:00,30951.59,30,10.6,3.3,4.56,3.86,515
9/27/2005 15:00,30951.63,30.56,10.6,3.6,4.82,4.97,357
9/27/2005 16:00,30951.67,29.44,9.2,3.7,4.85,5.96,190
9/27/2005 17:00,30951.71,27.78,10,2.8,4.92,6.45,35
9/27/2005 18:00,30951.76,25.56,10.4,2.3,4.66,10,0
9/27/2005 19:00,30951.8,23.33,10.2,2,4.57,10,0
9/27/2005 20:00,30951.84,22.22,10.1,2.3,4.76,10,0
9/27/2005 21:00,30951.88,20.56,10.3,1.2,5.6,10,0
9/27/2005 22:00,30951.92,20,10.7,1.4,4.59,10,0
9/27/2005 23:00,30951.97,22.22,10.7,1.2,1.5,10,0
9/28/2005 0:00,30952,18.89,11,0.7,4.1,10,0
9/28/2005 1:00,30952.04,18.89,10.6,1.2,1.38,10,0
9/28/2005 2:00,30952.08,17.78,10.7,1.2,1.52,10,0
9/28/2005 3:00,30952.13,17.78,10.8,1.4,1.75,10,0
9/28/2005 4:00,30952.17,16.67,10.5,1.7,2.11,10,0
9/28/2005 5:00,30952.21,17.22,10.2,1.7,2.3,10,1
9/28/2005 6:00,30952.25,17.22,10.6,1.1,1.73,0,81
9/28/2005 7:00,30952.29,18.33,11.2,1.9,2.15,0,257
9/28/2005 8:00,30952.34,20.56,11.3,2.2,2.2,0,423
9/28/2005 9:00,30952.38,24.44,11.4,2.8,2.29,1.15,562
9/28/2005 10:00,30952.42,26.67,11.3,2.8,2.41,1.11,663
9/28/2005 11:00,30952.46,26.67,11.4,2.4,2.74,1.48,710
9/28/2005 12:00,30952.5,28.89,11.5,2,3.25,2.22,697
9/28/2005 13:00,30952.55,31.11,11.3,1.7,2.48,2.87,632
9/28/2005 14:00,30952.59,31.11,11.3,1.4,4.35,3.65,517
9/28/2005 15:00,30952.63,32.78,10.7,1.2,4.82,4.72,360
9/28/2005 16:00,30952.67,35,11.1,1.6,4.82,5.78,190
9/28/2005 17:00,30952.71,31.11,11.2,1.1,5.03,5.22,36
9/28/2005 18:00,30952.76,26.67,12.3,0.7,4.31,10,0
9/28/2005 19:00,30952.8,25.56,12.5,0.5,5.53,10,0
9/28/2005 20:00,30952.84,23.89,12.5,0.6,5.45,10,0
9/28/2005 21:00,30952.88,22.22,12.6,0.8,1.2,10,0
9/28/2005 22:00,30952.92,21.67,12.8,0.8,0.86,10,0
9/28/2005 23:00,30952.97,19.44,12.6,0.8,0.35,10,0
9/29/2005 0:00,30953,20.56,11.7,0.8,0.44,10,0
9/29/2005 1:00,30953.04,21.11,11.8,0.8,4.14,10,0
9/29/2005 2:00,30953.08,21.11,11.2,1,0.86,10,0
9/29/2005 3:00,30953.13,20,11.1,0.9,0.16,10,0
9/29/2005 4:00,30953.17,20,10.7,0.5,1.06,10,0
9/29/2005 5:00,30953.21,19.44,10,0.8,1.2,10,1
9/29/2005 6:00,30953.25,20,10.7,0.7,1.01,0,89
9/29/2005 7:00,30953.29,21.67,11.5,1.7,2.23,0,257
9/29/2005 8:00,30953.34,23.33,10.9,2.5,2.5,0,422
9/29/2005 9:00,30953.38,28.33,11.4,2.2,2.78,0.64,561
9/29/2005 10:00,30953.42,30.56,11.5,1.6,3.12,0.82,661
9/29/2005 11:00,30953.46,32.22,11.1,1.3,4.22,1.3,708
9/29/2005 12:00,30953.5,35,10.8,1.1,5.08,2.11,695
9/29/2005 13:00,30953.55,35.56,10.8,1.8,4.31,2.82,629
9/29/2005 14:00,30953.59,35.56,9.2,1.7,5.08,3.65,513
9/29/2005 15:00,30953.63,35.56,9.7,1.8,5.15,4.61,359
9/29/2005 16:00,30953.67,35.56,9.5,2.1,4.87,5.71,188
9/29/2005 17:00,30953.71,32.78,9.8,1.6,4.9,5.05,33
9/29/2005 18:00,30953.76,28.89,11.2,1.2,4.5,10,0
9/29/2005 19:00,30953.8,27.22,10.3,0.8,5.85,10,0
9/29/2005 20:00,30953.84,25.56,11.2,0.7,5.97,10,0
9/29/2005 21:00,30953.88,23.89,10.7,0.6,2.64,10,0
9/29/2005 22:00,30953.92,22.78,10.6,0.8,1.15,10,0
9/29/2005 23:00,30953.97,21.11,11.2,0.6,0.19,10,0
9/30/2005 0:00,30954,21.67,11.3,0.7,5.6,10,0
9/30/2005 1:00,30954.04,21.67,11,0.8,1.66,10,0
9/30/2005 2:00,30954.08,21.67,10.4,0.9,0.12,10,0
9/30/2005 3:00,30954.13,20.56,10,1,0.38,10,0
9/30/2005 4:00,30954.17,20.56,9.7,0.7,5.2,10,0
9/30/2005 5:00,30954.21,22.22,9.4,0.7,0.91,10,1
9/30/2005 6:00,30954.25,20.56,10.2,0.8,1.08,0,80
9/30/2005 7:00,30954.29,22.22,11.7,1.7,1.61,0,249
9/30/2005 8:00,30954.34,24.44,10.4,2.6,2.3,0,414
9/30/2005 9:00,30954.38,28.89,10.7,2.5,2.53,0,573
9/30/2005 10:00,30954.42,30,11.4,2.3,2.83,0,684
9/30/2005 11:00,30954.46,31.67,11.5,2,3.04,0,724
9/30/2005 12:00,30954.5,34.44,11.1,1.8,3.7,0,713
9/30/2005 13:00,30954.55,35.56,10.1,1.5,3.26,1.67,647
9/30/2005 14:00,30954.59,36.11,9.1,1.1,0.68,3.12,522
9/30/2005 15:00,30954.63,36.11,8.2,1.1,4.92,4.33,362
9/30/2005 16:00,30954.67,36.11,7.6,1.2,5.52,5.86,182
9/30/2005 17:00,30954.71,35.56,9.4,0.8,5.59,6.38,26
9/30/2005 18:00,30954.76,30.56,10.7,0.6,4.49,10,0
9/30/2005 19:00,30954.8,28.89,11.8,0.8,6.14,10,0
9/30/2005 20:00,30954.84,27.22,12.5,1.2,4.17,10,0
9/30/2005 21:00,30954.88,25.56,10.8,0.7,2.39,10,0
9/30/2005 22:00,30954.92,23.89,11.5,1,6.07,10,0
9/30/2005 23:00,30954.97,22.22,11.2,0.9,0.96,10,0
10/1/2005 0:00,30955,22.78,11.2,1.1,4.03,10,0
10/1/2005 1:00,30955.04,23.89,11,1,1.17,10,0
10/1/2005 2:00,30955.08,23.89,10.9,0.9,1.68,10,0
10/1/2005 3:00,30955.13,22.22,10.7,1.1,0.59,10,0
10/1/2005 4:00,30955.17,20,10.5,1.1,4.03,10,0
10/1/2005 5:00,30955.21,21.11,10.3,1,0.63,10,1
10/1/2005 6:00,30955.25,21.11,11.1,0.7,0.91,0,71
10/1/2005 7:00,30955.29,21.11,12.5,0.7,0.94,0,248
10/1/2005 8:00,30955.34,26.11,11,1.3,4.42,0,420
10/1/2005 9:00,30955.38,29.44,10.7,2.2,4.47,1.14,549
10/1/2005 10:00,30955.42,30.56,9.2,2,4.63,0,673
10/1/2005 11:00,30955.46,30,8.5,1.3,3.6,0,710
10/1/2005 12:00,30955.5,34.44,8.7,1.7,4.56,0.77,704
10/1/2005 13:00,30955.55,34.44,7.8,2.5,4.9,2.08,636
10/1/2005 14:00,30955.59,34.44,9.1,3.9,4.9,4.65,475
10/1/2005 15:00,30955.63,33.33,8.7,3.6,5.11,4.99,342
10/1/2005 16:00,30955.67,32.22,9.1,4.1,5.1,6.84,160
10/1/2005 17:00,30955.71,28.89,9.7,3.1,4.99,6.35,23
10/1/2005 18:00,30955.76,26.11,11.4,3.7,4.96,10,0
10/1/2005 19:00,30955.8,23.89,12,5.1,5.08,10,0
10/1/2005 20:00,30955.84,22.78,12.3,5,5.03,10,0
10/1/2005 21:00,30955.88,20,11.8,4.4,4.89,10,0
10/1/2005 22:00,30955.92,18.89,10.7,4.8,4.96,10,0
10/1/2005 23:00,30955.97,23.33,10.4,4.1,5.01,10,0
10/2/2005 0:00,30956,17.78,10.3,2.8,5.11,10,0
10/2/2005 1:00,30956.04,17.78,10.4,3.1,5.01,10,0
10/2/2005 2:00,30956.08,16.67,10,3.7,5.01,10,0
10/2/2005 3:00,30956.13,15.56,9.4,3.4,4.99,10,0
10/2/2005 4:00,30956.17,15,8.6,2.5,5.01,10,0
10/2/2005 5:00,30956.21,13.89,8.2,1.9,5.03,10,0
10/2/2005 6:00,30956.25,12.78,9.3,2.7,5.32,0,76
10/2/2005 7:00,30956.29,16.11,9.7,2.2,5.13,0,258
10/2/2005 8:00,30956.34,18.89,9.5,3.3,5.01,0,438
10/2/2005 9:00,30956.38,20.56,9.5,3.7,4.96,0,584
10/2/2005 10:00,30956.42,23.33,9.6,3.2,4.96,0,675
10/2/2005 11:00,30956.46,25,10.2,2.9,4.64,0,716
10/2/2005 12:00,30956.5,25.56,10.5,3,4.49,6.57,505
10/2/2005 13:00,30956.55,25.56,9.7,3.2,4.63,5.1,540
10/2/2005 14:00,30956.59,27.22,7.2,3.7,5.04,1.7,538
10/2/2005 15:00,30956.63,25.56,6,4.1,4.99,1.81,395
10/2/2005 16:00,30956.67,25.56,4.8,3.3,5.03,5.27,185
10/2/2005 17:00,30956.71,24.44,5.9,2.8,4.82,0.17,27
10/2/2005 18:00,30956.76,20.56,6.5,3.3,4.92,10,0
10/2/2005 19:00,30956.8,20.56,5,4.8,5.25,10,0
10/2/2005 20:00,30956.84,19.44,3.3,4.7,5.17,10,0
10/2/2005 21:00,30956.88,17.78,2.4,4.4,5.1,10,0
10/2/2005 22:00,30956.92,16.11,3.7,4.7,4.97,10,0
10/2/2005 23:00,30956.97,17.78,4.5,5.5,5.03,10,0
10/3/2005 0:00,30957,13.89,5.3,4.5,5.06,10,0
10/3/2005 1:00,30957.04,13.89,5.9,3.8,4.96,10,0
10/3/2005 2:00,30957.08,12.78,6.4,3.6,5.17,10,0
10/3/2005 3:00,30957.13,11.67,6.8,3.9,5.04,10,0
10/3/2005 4:00,30957.17,11.11,7.2,3.6,5.03,10,0
10/3/2005 5:00,30957.21,10.56,7.5,3.3,5.18,10,1
10/3/2005 6:00,30957.25,11.11,7.8,3.2,5.17,0,81
10/3/2005 7:00,30957.29,13.89,8.2,4.8,5.17,0,278
10/3/2005 8:00,30957.34,16.11,8,4.8,5.08,0,469
10/3/2005 9:00,30957.38,19.44,7.7,4.1,5.11,0,621
10/3/2005 10:00,30957.42,20,7.5,3.7,4.89,0,717
10/3/2005 11:00,30957.46,20.56,7.1,4.1,4.99,0,759
10/3/2005 12:00,30957.5,22.22,6,4.1,4.97,0,742
10/3/2005 13:00,30957.55,23.33,4.6,4.2,5.06,0,666
10/3/2005 14:00,30957.59,23.89,3.2,4.2,5.01,0.72,542
10/3/2005 15:00,30957.63,24.44,1.5,4.1,4.97,2.99,376
10/3/2005 16:00,30957.67,23.89,1.8,4.3,5.03,4.96,186
10/3/2005 17:00,30957.71,21.11,1.9,3.6,4.94,0,25
10/3/2005 18:00,30957.76,18.33,2.2,3.1,4.97,10,0
10/3/2005 19:00,30957.8,16.67,2.4,3.2,5.01,10,0
10/3/2005 20:00,30957.84,16.11,3,3.8,4.97,10,0
10/3/2005 21:00,30957.88,14.44,3.7,4.1,4.92,10,0
10/3/2005 22:00,30957.92,13.33,4.7,4.3,4.92,10,0
10/3/2005 23:00,30957.97,13.89,4.9,4.2,4.9,10,0
10/4/2005 0:00,30958,11.67,5,4.3,4.94,10,0
10/4/2005 1:00,30958.04,11.11,5.1,4.2,4.96,10,0
10/4/2005 2:00,30958.08,11.11,5.4,3.8,5.11,10,0
10/4/2005 3:00,30958.13,10,5.8,4.6,5.03,10,0
10/4/2005 4:00,30958.17,9.44,5.9,4.1,5.04,10,0
10/4/2005 5:00,30958.21,8.89,5.9,3.6,5.06,10,1
10/4/2005 6:00,30958.25,8.89,5.8,4.3,4.87,0,79
10/4/2005 7:00,30958.29,10.56,6,4.4,5.13,0,276
10/4/2005 8:00,30958.34,12.22,6.2,3.3,5.06,0,468
10/4/2005 9:00,30958.38,16.67,6,2.5,4.99,0,619
10/4/2005 10:00,30958.42,18.89,5.8,2.3,4.73,0,711
10/4/2005 11:00,30958.46,20.56,5.5,2.3,5.36,0,743
10/4/2005 12:00,30958.5,21.67,5.4,1.9,5.46,0,719
10/4/2005 13:00,30958.55,24.44,4.8,1.6,0.58,0,642
10/4/2005 14:00,30958.59,24.44,3.4,1.9,4.83,2.53,517
10/4/2005 15:00,30958.63,25.56,2.5,2.5,5.2,4.18,350
10/4/2005 16:00,30958.67,23.89,1.6,2.9,4.85,5.72,171
10/4/2005 17:00,30958.71,21.67,1.5,2.6,4.9,0,22
10/4/2005 18:00,30958.76,19.44,2.6,1.5,4.26,10,0
10/4/2005 19:00,30958.8,18.33,3.4,1.5,4.28,10,0
10/4/2005 20:00,30958.84,17.22,3.1,1.3,4.9,10,0
10/4/2005 21:00,30958.88,15.56,3.8,1.6,4.42,10,0
10/4/2005 22:00,30958.92,15,4,1.3,4.36,10,0
10/4/2005 23:00,30958.97,12.22,4.1,1,0.91,10,0
10/5/2005 0:00,30959,13.89,4.3,0.7,1.82,10,0
10/5/2005 1:00,30959.04,14.44,4.6,0.9,0.56,10,0
10/5/2005 2:00,30959.08,12.78,4.4,0.9,0.93,10,0
10/5/2005 3:00,30959.13,12.22,4.2,1,0.96,10,0
10/5/2005 4:00,30959.17,11.67,3.4,0.7,1.05,10,0
10/5/2005 5:00,30959.21,12.22,3.4,0.9,5.03,10,1
10/5/2005 6:00,30959.25,11.67,4.6,1,0.82,0,72
10/5/2005 7:00,30959.29,13.33,6,1.4,2.18,0,261
10/5/2005 8:00,30959.34,18.33,5.4,3.1,2.27,0,446
10/5/2005 9:00,30959.38,20.56,5.6,2.9,2.29,0,589
10/5/2005 10:00,30959.42,21.11,4.7,2.4,2.46,0,680
10/5/2005 11:00,30959.46,23.33,4.5,1.8,3.44,0,716
10/5/2005 12:00,30959.5,24.44,4.1,1.7,3.02,0,701
10/5/2005 13:00,30959.55,27.78,4.5,1.4,5.67,1.99,620
10/5/2005 14:00,30959.59,28.33,4.4,2,4.69,3.3,497
10/5/2005 15:00,30959.63,27.78,4.1,2.3,4.52,3.99,350
10/5/2005 16:00,30959.67,26.67,3.7,2.2,4.57,5.88,165
10/5/2005 17:00,30959.71,25.56,3.9,1.4,4.82,0,19
10/5/2005 18:00,30959.76,21.67,6.4,0.6,4.63,10,0
10/5/2005 19:00,30959.8,20,6.2,0.5,4.64,10,0
10/5/2005 20:00,30959.84,18.89,6.2,0.6,5.39,10,0
10/5/2005 21:00,30959.88,18.89,6.9,0.6,4.52,10,0
10/5/2005 22:00,30959.92,17.78,6.9,1.1,0.75,10,0
10/5/2005 23:00,30959.97,14.44,6.9,0.8,0.65,10,0
10/6/2005 0:00,30960,16.67,6.7,0.7,0.96,10,0
10/6/2005 1:00,30960.04,15.56,6.2,0.7,0.1,10,0
10/6/2005 2:00,30960.08,15,6.2,0.7,0.66,10,0
10/6/2005 3:00,30960.13,14.44,6,0.6,0.4,10,0
10/6/2005 4:00,30960.17,14.44,5.4,0.9,0.94,10,0
10/6/2005 5:00,30960.21,15,5.5,0.7,1.27,10,1
10/6/2005 6:00,30960.25,14.44,5.8,0.6,1.43,0,81
10/6/2005 7:00,30960.29,15,6.2,0.9,2.37,0,257
10/6/2005 8:00,30960.34,18.89,5.9,1.8,2.78,0,429
10/6/2005 9:00,30960.38,23.89,5.5,2,2.69,0,569
10/6/2005 10:00,30960.42,26.11,5.5,1.8,3.05,0,665
10/6/2005 11:00,30960.46,26.67,5.9,1.4,3.58,0,709
10/6/2005 12:00,30960.5,28.89,4.8,1.7,4.03,0,696
10/6/2005 13:00,30960.55,32.22,3.2,1.8,4.54,1.39,624
10/6/2005 14:00,30960.59,31.11,2.8,1.9,4.26,2.87,502
10/6/2005 15:00,30960.63,30.56,2,1.8,4.63,4.33,339
10/6/2005 16:00,30960.67,30.56,3.6,1.5,4.59,6.11,158
10/6/2005 17:00,30960.71,30,4.7,1.7,4.61,0,17
10/6/2005 18:00,30960.76,24.44,5.5,0.8,4.49,10,0
10/6/2005 19:00,30960.8,23.33,5.3,0.7,0.3,10,0
10/6/2005 20:00,30960.84,21.11,7.3,0.6,1.22,10,0
10/6/2005 21:00,30960.88,20,7.3,0.7,0.72,10,0
10/6/2005 22:00,30960.92,20,6.9,0.5,0.98,10,0
10/6/2005 23:00,30960.97,17.22,6.8,1,0.35,10,0
10/7/2005 0:00,30961,17.78,7.1,0.6,4.92,10,0
10/7/2005 1:00,30961.04,18.33,7.2,0.8,1.36,10,0
10/7/2005 2:00,30961.08,17.78,5.4,0.8,0.56,10,0
10/7/2005 3:00,30961.13,17.22,5.4,0.8,6.23,10,0
10/7/2005 4:00,30961.17,16.67,4.7,0.8,0.96,10,0
10/7/2005 5:00,30961.21,15.56,5.2,0.8,6.28,10,1
10/7/2005 6:00,30961.25,15.56,5.2,0.9,1.15,0,64
10/7/2005 7:00,30961.29,16.11,6.5,1.4,1.4,0,248
10/7/2005 8:00,30961.34,19.44,4.3,2.8,2.11,0,423
10/7/2005 9:00,30961.38,25.56,4.8,2.5,2.41,0,561
10/7/2005 10:00,30961.42,27.22,5.1,2.3,2.97,0,656
10/7/2005 11:00,30961.46,28.33,5.4,1.9,2.51,0,696
10/7/2005 12:00,30961.5,30,4.3,1.6,3.07,0.34,679
10/7/2005 13:00,30961.55,31.67,3.9,1.6,3.54,2.49,602
10/7/2005 14:00,30961.59,32.22,2.6,1.4,2.11,3.66,480
10/7/2005 15:00,30961.63,32.22,2.5,1,3.89,5.1,317
10/7/2005 16:00,30961.67,31.67,3.8,0.7,0.16,6.8,143
10/7/2005 17:00,30961.71,29.44,4.3,0.7,2.23,0,14
10/7/2005 18:00,30961.76,25.56,8.3,0.9,4.85,10,0
10/7/2005 19:00,30961.8,25,8.2,1.4,5.11,10,0
10/7/2005 20:00,30961.84,22.78,6.8,2.5,5.36,10,0
10/7/2005 21:00,30961.88,20.56,7.1,2.7,5.29,10,0
10/7/2005 22:00,30961.92,19.44,5.5,3.3,5.03,10,0
10/7/2005 23:00,30961.97,18.89,3.6,3.1,5.01,10,0
10/8/2005 0:00,30962,16.67,3.7,2.8,5.29,10,0
10/8/2005 1:00,30962.04,15.56,4.5,3,5.17,10,0
10/8/2005 2:00,30962.08,14.44,4.9,3.1,5.25,10,0
10/8/2005 3:00,30962.13,13.33,6,3.2,5.55,10,0
10/8/2005 4:00,30962.17,13.33,6.1,3.4,5.55,10,0
10/8/2005 5:00,30962.21,11.67,5.9,2.4,5.55,10,0
10/8/2005 6:00,30962.25,11.11,5.9,2,5.43,0,61
10/8/2005 7:00,30962.29,12.22,6.7,2.9,5.06,0,248
10/8/2005 8:00,30962.34,14.44,6.4,3.7,4.94,0,440
10/8/2005 9:00,30962.38,17.22,6.4,3.2,4.73,0,590
10/8/2005 10:00,30962.42,21.67,5.6,2.4,4.87,0,682
10/8/2005 11:00,30962.46,20,5.3,2.9,4.35,0,724
10/8/2005 12:00,30962.5,23.89,5.2,2.9,4.57,0,707
10/8/2005 13:00,30962.55,23.89,4.5,2.9,4.57,0,633
10/8/2005 14:00,30962.59,24.44,3.4,2.5,4.5,1.99,508
10/8/2005 15:00,30962.63,25,3.2,3.2,4.75,4.05,337
10/8/2005 16:00,30962.67,22.78,4.5,4.1,5.01,6.39,147
10/8/2005 17:00,30962.71,21.67,6.7,2.9,5.13,0,13
10/8/2005 18:00,30962.76,17.78,7.3,2.7,4.9,10,0
10/8/2005 19:00,30962.8,17.78,7.5,1.9,5.04,10,0
10/8/2005 20:00,30962.84,16.11,7.4,1.5,5.17,10,0
10/8/2005 21:00,30962.88,15.56,8,1.5,4.83,10,0
10/8/2005 22:00,30962.92,15,8,1.7,4.59,10,0
10/8/2005 23:00,30962.97,16.67,8.1,2.3,4.78,10,0
10/9/2005 0:00,30963,12.78,7.5,1.5,0.31,10,0
10/9/2005 1:00,30963.04,13.89,7.2,0.8,4.52,10,0
10/9/2005 2:00,30963.08,13.33,7,0.6,0.73,10,0
10/9/2005 3:00,30963.13,13.33,6.5,0.7,0.23,10,0
10/9/2005 4:00,30963.17,12.22,6.2,0.6,0.96,10,0
10/9/2005 5:00,30963.21,10.56,5.4,0.7,0.61,10,0
10/9/2005 6:00,30963.25,11.67,6.1,0.7,3.39,0,63
10/9/2005 7:00,30963.29,12.78,7.2,1.4,1.62,0,244
10/9/2005 8:00,30963.34,15.56,6.5,1.3,1.71,0,417
10/9/2005 9:00,30963.38,22.22,7.4,1.3,1.69,0,555
10/9/2005 10:00,30963.42,21.11,7.8,1.5,3.54,0,644
10/9/2005 11:00,30963.46,22.22,8,1.9,4.61,0,690
10/9/2005 12:00,30963.5,25,7.9,2.2,5.01,0,675
10/9/2005 13:00,30963.55,26.11,7.6,2.5,5.04,2.07,601
10/9/2005 14:00,30963.59,26.67,6.7,2.1,5.38,3.49,476
10/9/2005 15:00,30963.63,25.56,6.5,2.2,5.46,4.93,314
10/9/2005 16:00,30963.67,25.56,7.1,1.8,4.8,6.68,139
10/9/2005 17:00,30963.71,23.33,7.7,1.6,4.99,10,13
10/9/2005 18:00,30963.76,20,8.1,1,4.26,10,0
10/9/2005 19:00,30963.8,20,7.9,0.8,0.44,10,0
10/9/2005 20:00,30963.84,18.33,8.1,1.1,1.45,10,0
10/9/2005 21:00,30963.88,18.33,8.2,0.9,1.19,10,0
10/9/2005 22:00,30963.92,17.78,8,1.1,1.03,10,0
10/9/2005 23:00,30963.97,13.89,8,1.3,1.45,10,0
10/10/2005 0:00,30964,15.56,7.6,1.4,1.71,10,0
10/10/2005 1:00,30964.04,16.11,7.5,1.6,1.4,10,0
10/10/2005 2:00,30964.08,15,7.5,0.9,1.29,10,0
10/10/2005 3:00,30964.13,14.44,7.5,0.7,0.63,10,0
10/10/2005 4:00,30964.17,15.56,6.9,0.8,5.22,10,0
10/10/2005 5:00,30964.21,15,6.8,0.8,1.52,10,0
10/10/2005 6:00,30964.25,13.89,7.6,1.1,0.99,10,60
10/10/2005 7:00,30964.29,14.44,8.6,1.2,1.48,0,230
10/10/2005 8:00,30964.34,16.67,8.4,2.1,1.38,0,404
10/10/2005 9:00,30964.38,20,8.2,1.7,1.75,0,537
10/10/2005 10:00,30964.42,22.78,7.9,1.3,1.34,0,632
10/10/2005 11:00,30964.46,29.44,7.7,1.5,4.97,0,678
10/10/2005 12:00,30964.5,30,6.2,1.9,2.62,0,666
10/10/2005 13:00,30964.55,31.11,5,1.9,3.67,2.38,591
10/10/2005 14:00,30964.59,30.56,3.8,1.8,3.74,3.61,469
10/10/2005 15:00,30964.63,30,3.9,1.2,3.89,4.98,309
10/10/2005 16:00,30964.67,28.89,6,1.5,4.92,6.68,136
10/10/2005 17:00,30964.71,27.22,6.6,1,4.17,10,12
10/10/2005 18:00,30964.76,23.89,8,0.5,4.57,10,0
10/10/2005 19:00,30964.8,21.11,8.1,0.8,5.81,10,0
10/10/2005 20:00,30964.84,20.56,8,0.5,2.25,10,0
10/10/2005 21:00,30964.88,19.44,9,0.9,0.68,10,0
10/10/2005 22:00,30964.92,18.89,9.2,0.6,1.03,10,0
10/10/2005 23:00,30964.97,16.67,8.2,0.8,0.12,10,0
10/11/2005 0:00,30965,17.22,7.9,1,4.28,10,0
10/11/2005 1:00,30965.04,17.78,7.4,0.9,1.73,10,0
10/11/2005 2:00,30965.08,16.67,7,0.8,0.38,10,0
10/11/2005 3:00,30965.13,17.22,6.8,0.8,0.14,10,0
10/11/2005 4:00,30965.17,16.11,6.4,0.8,0.56,10,0
10/11/2005 5:00,30965.21,16.67,5.5,0.7,0.91,10,0
10/11/2005 6:00,30965.25,16.11,5.4,0.7,0.89,10,54
10/11/2005 7:00,30965.29,18.33,7.2,1,1.73,0,225
10/11/2005 8:00,30965.34,18.89,4.9,1.7,2.15,0,392
10/11/2005 9:00,30965.38,23.89,4.4,1.8,2.34,0,529
10/11/2005 10:00,30965.42,27.78,4.6,1.6,3.04,0,617
10/11/2005 11:00,30965.46,30,5.3,1.5,2.55,1.11,656
10/11/2005 12:00,30965.5,30.56,4.6,1.5,3.11,1.29,654
10/11/2005 13:00,30965.55,30.56,4.5,1.6,3.56,2.98,574
10/11/2005 14:00,30965.59,31.67,4.3,1.5,2.76,4.19,450
10/11/2005 15:00,30965.63,31.67,4.5,1.8,3.39,5.29,298
10/11/2005 16:00,30965.67,31.11,4.8,1.5,4.19,6.62,134
10/11/2005 17:00,30965.71,27.78,5.9,1.4,4.76,10,10
10/11/2005 18:00,30965.76,23.89,8,0.6,4.99,10,0
10/11/2005 19:00,30965.8,23.89,7.4,0.6,4.1,10,0
10/11/2005 20:00,30965.84,22.78,7.1,0.8,4.14,10,0
10/11/2005 21:00,30965.88,21.11,7.2,1.8,4.45,10,0
10/11/2005 22:00,30965.92,18.33,7.9,2,4.87,10,0
10/11/2005 23:00,30965.97,18.33,8.6,2.1,5.2,10,0
10/12/2005 0:00,30966,17.22,8.7,1.4,4.68,10,0
10/12/2005 1:00,30966.04,17.78,8.7,1.3,4.66,10,0
10/12/2005 2:00,30966.08,16.11,8.6,1.1,4.22,10,0
10/12/2005 3:00,30966.13,14.44,8.4,1.2,5.45,10,0
10/12/2005 4:00,30966.17,15.56,8.3,1,5.69,10,0
10/12/2005 5:00,30966.21,15.56,8,0.9,6.23,10,0
10/12/2005 6:00,30966.25,15,7.9,0.7,1.27,10,56
10/12/2005 7:00,30966.29,18.33,9.5,0.7,1.08,0,225
10/12/2005 8:00,30966.34,16.67,8.4,2.2,2.57,0,394
10/12/2005 9:00,30966.38,21.11,7.4,3.1,2.43,0,533
10/12/2005 10:00,30966.42,23.33,7.5,2.6,2.5,0,621
10/12/2005 11:00,30966.46,25.56,7.2,1.9,2.86,0,657
10/12/2005 12:00,30966.5,27.78,7,2.2,2.64,1.97,640
10/12/2005 13:00,30966.55,28.89,7.2,1.6,3.3,3.36,560
10/12/2005 14:00,30966.59,29.44,6.9,1.4,3.67,4.57,435
10/12/2005 15:00,30966.63,30.56,7.6,1.7,4.66,5.42,291
10/12/2005 16:00,30966.67,30,8.2,1.6,4.63,6.99,125
10/12/2005 17:00,30966.71,28.33,9.7,1.1,4.83,10,9
10/12/2005 18:00,30966.76,23.89,10.2,0.5,3.09,10,0
10/12/2005 19:00,30966.8,22.22,10.6,0.6,5.72,10,0
10/12/2005 20:00,30966.84,21.11,10.7,0.7,1.12,10,0
10/12/2005 21:00,30966.88,20,10.2,0.9,0.96,10,0
10/12/2005 22:00,30966.92,20,9,1,0.79,10,0
10/12/2005 23:00,30966.97,17.78,9.2,0.8,6.16,10,0
10/13/2005 0:00,30967,18.89,8.5,1,0.98,10,0
10/13/2005 1:00,30967.04,17.78,7.6,1,0.93,10,0
10/13/2005 2:00,30967.08,17.22,7.8,1,0.37,10,0
10/13/2005 3:00,30967.13,17.22,8.4,0.6,0.26,10,0
10/13/2005 4:00,30967.17,17.78,7.8,0.7,0.73,10,0
10/13/2005 5:00,30967.21,17.78,7.6,0.7,0.66,10,0
10/13/2005 6:00,30967.25,16.67,8,1,0.24,10,47
10/13/2005 7:00,30967.29,17.22,9.4,0.7,1.38,0,209
10/13/2005 8:00,30967.34,22.78,7.9,1.5,2.5,0,369
10/13/2005 9:00,30967.38,26.67,7.9,1.9,2.22,0,510
10/13/2005 10:00,30967.42,25.56,8.7,1.5,2.64,0,603
10/13/2005 11:00,30967.46,30.56,9.1,1.4,2.69,1.29,645
10/13/2005 12:00,30967.5,31.11,8.9,1.5,4.15,2.27,630
10/13/2005 13:00,30967.55,32.78,8.8,1.3,0.12,3.32,557
10/13/2005 14:00,30967.59,33.89,8.6,1.2,5.88,4.41,436
10/13/2005 15:00,30967.63,31.67,8.1,1,0.12,5.6,283
10/13/2005 16:00,30967.67,32.22,9.5,1,5.15,7.25,118
10/13/2005 17:00,30967.71,30,9.5,0.9,5.06,10,8
10/13/2005 18:00,30967.76,25.56,10.9,0.5,4.54,10,0
10/13/2005 19:00,30967.8,23.89,11.6,0.8,5.86,10,0
10/13/2005 20:00,30967.84,22.78,11.3,0.7,2.32,10,0
10/13/2005 21:00,30967.88,22.22,11,0.6,4,10,0
10/13/2005 22:00,30967.92,21.11,10,0.7,1.26,10,0
10/13/2005 23:00,30967.97,19.44,10,0.8,0.73,10,0
10/14/2005 0:00,30968,20,9.1,0.7,4.47,10,0
10/14/2005 1:00,30968.04,20.56,8.9,1.1,1.31,10,0
10/14/2005 2:00,30968.08,19.44,7.8,1.4,1.55,10,0
10/14/2005 3:00,30968.13,18.89,7.2,1.7,1.69,10,0
10/14/2005 4:00,30968.17,18.89,7,1.3,1.06,10,0
10/14/2005 5:00,30968.21,18.89,7.1,0.9,0.59,10,0
10/14/2005 6:00,30968.25,18.89,7.1,0.7,3.42,10,49
10/14/2005 7:00,30968.29,19.44,9.6,0.7,5.81,0,217
10/14/2005 8:00,30968.34,25,7.4,1.3,1.8,0,378
10/14/2005 9:00,30968.38,26.11,7,2,2.3,0,514
10/14/2005 10:00,30968.42,31.67,8.3,2.8,2.3,0,609
10/14/2005 11:00,30968.46,31.11,8,2.7,2.53,0,655
10/14/2005 12:00,30968.5,31.67,7.9,2.2,2.57,0.55,646
10/14/2005 13:00,30968.55,32.78,5.1,2.8,2.51,3.02,560
10/14/2005 14:00,30968.59,33.89,3.8,3.1,2.6,6.35,365
10/14/2005 15:00,30968.63,33.89,4.3,3.1,2.44,6.66,250
10/14/2005 16:00,30968.67,31.67,5.5,2.6,1.95,7.14,117
10/14/2005 17:00,30968.71,30,6,1.6,1.64,10,4
10/14/2005 18:00,30968.76,26.67,6.6,0.9,1.52,10,0
10/14/2005 19:00,30968.8,26.67,6.7,2.4,5.52,10,0
10/14/2005 20:00,30968.84,23.89,0.4,4.1,5.15,10,0
10/14/2005 21:00,30968.88,22.78,1.3,1.8,4.9,10,0
10/14/2005 22:00,30968.92,21.11,3.1,2.7,4.99,10,0
10/14/2005 23:00,30968.97,19.44,6.4,3.6,5.01,10,0
10/15/2005 0:00,30969,16.11,7.7,2.5,5.13,10,0
10/15/2005 1:00,30969.04,16.11,8.1,2.4,5.06,10,0
10/15/2005 2:00,30969.08,13.33,7.9,2.6,4.99,10,0
10/15/2005 3:00,30969.13,12.22,7.8,4.1,5.06,10,0
10/15/2005 4:00,30969.17,10.56,8.3,4.7,4.94,10,0
10/15/2005 5:00,30969.21,10,8.8,4.4,4.97,10,0
10/15/2005 6:00,30969.25,11.11,9.4,4,4.99,10,56
10/15/2005 7:00,30969.29,14.44,9.9,5,5.13,0,213
10/15/2005 8:00,30969.34,15,10.1,5.3,5.04,5.68,275
10/15/2005 9:00,30969.38,15,9.7,5.4,4.99,8.28,272
10/15/2005 10:00,30969.42,13.89,9.8,4.7,4.99,9.68,231
10/15/2005 11:00,30969.46,15,10.1,3.4,4.99,4.15,571
10/15/2005 12:00,30969.5,20,8.4,3.4,4.97,0,662
10/15/2005 13:00,30969.55,21.67,7.5,3.2,4.99,0,617
10/15/2005 14:00,30969.59,22.78,7,3.7,5.01,2.1,476
10/15/2005 15:00,30969.63,21.67,7.3,4.1,4.92,4.31,305
10/15/2005 16:00,30969.67,20.56,7.5,4.6,4.97,7.09,115
10/15/2005 17:00,30969.71,18.89,7.6,3.9,5.08,10,9
10/15/2005 18:00,30969.76,17.22,7.5,3,4.87,10,0
10/15/2005 19:00,30969.8,16.11,7.2,3.2,4.83,10,0
10/15/2005 20:00,30969.84,14.44,6.4,3.5,4.94,10,0
10/15/2005 21:00,30969.88,12.78,6.5,2.8,5.03,10,0
10/15/2005 22:00,30969.92,12.78,7,1.7,5.76,10,0
10/15/2005 23:00,30969.97,18.33,6.5,1,4.29,10,0
10/16/2005 0:00,30970,12.22,7,1.2,1.59,10,0
10/16/2005 1:00,30970.04,11.67,6.5,1,2.37,10,0
10/16/2005 2:00,30970.08,11.11,6.3,0.8,0.24,10,0
10/16/2005 3:00,30970.13,12.22,5.9,0.7,0.63,10,0
10/16/2005 4:00,30970.17,11.11,5.5,1.2,1.48,10,0
10/16/2005 5:00,30970.21,11.67,5.1,0.9,1.31,10,0
10/16/2005 6:00,30970.25,10.56,6,1.2,1.82,10,46
10/16/2005 7:00,30970.29,12.22,8.4,1.6,2.11,0,217
10/16/2005 8:00,30970.34,15,9.1,3.1,2.15,0,387
10/16/2005 9:00,30970.38,19.44,9.2,2.3,2.29,0,526
10/16/2005 10:00,30970.42,20.56,9.1,2,2.36,0,615
10/16/2005 11:00,30970.46,22.22,9,1.6,2.53,0,648
10/16/2005 12:00,30970.5,26.11,8.8,1.5,4.45,1.31,631
10/16/2005 13:00,30970.55,26.67,8.5,1.4,0.51,2.82,556
10/16/2005 14:00,30970.59,27.22,8.1,1.4,3.39,4.73,415
10/16/2005 15:00,30970.63,26.11,7.8,1.9,4.96,5.34,279
10/16/2005 16:00,30970.67,26.11,8.3,2.5,4.96,6.98,114
10/16/2005 17:00,30970.71,23.33,8.4,1.5,4.21,10,6
10/16/2005 18:00,30970.76,20,8.5,1.1,3.14,10,0
10/16/2005 19:00,30970.8,18.33,9,1.2,4.66,10,0
10/16/2005 20:00,30970.84,18.33,8.9,1.6,1.59,10,0
10/16/2005 21:00,30970.88,16.11,8.7,0.8,3.49,10,0
10/16/2005 22:00,30970.92,16.67,8.7,1.3,0.72,10,0
10/16/2005 23:00,30970.97,12.22,8.4,1.1,0.96,10,0
10/17/2005 0:00,30971,15.56,8,0.8,0.24,10,0
10/17/2005 1:00,30971.04,15,7.9,1.1,1.33,10,0
10/17/2005 2:00,30971.08,14.44,8.1,2.1,1.61,10,0
10/17/2005 3:00,30971.13,15,8.2,1.9,1.99,10,0
10/17/2005 4:00,30971.17,14.44,8.1,1.8,1.88,10,0
10/17/2005 5:00,30971.21,13.89,7.7,1.3,1.15,10,0
10/17/2005 6:00,30971.25,13.89,7.3,0.7,0.1,10,25
10/17/2005 7:00,30971.29,15,9.2,0.7,1.27,7.81,99
10/17/2005 8:00,30971.34,15,10,1.5,1.47,3.89,306
10/17/2005 9:00,30971.38,18.89,9.5,1.8,1.82,8.13,275
10/17/2005 10:00,30971.42,22.78,8.9,1.3,4.9,7.83,350
10/17/2005 11:00,30971.46,25,8.5,1.1,4.33,8.67,324
10/17/2005 12:00,30971.5,25.56,8.1,1.1,0.73,8.78,316
10/17/2005 13:00,30971.55,27.22,8.1,1.6,3.44,8.3,321
10/17/2005 14:00,30971.59,26.67,8.1,1.1,4.14,9.14,220
10/17/2005 15:00,30971.63,26.11,9,1.4,3.54,10,100
10/17/2005 16:00,30971.67,23.89,9.4,1.7,3.16,10,45
10/17/2005 17:00,30971.71,22.22,9.5,1.4,2.9,10,3
10/17/2005 18:00,30971.76,20.56,10.9,1.2,5.34,10,0
10/17/2005 19:00,30971.8,19.44,11.1,1.5,1.45,10,0
10/17/2005 20:00,30971.84,19.44,10.7,1.7,1.41,10,0
10/17/2005 21:00,30971.88,19.44,10.5,1.6,0.89,10,0
10/17/2005 22:00,30971.92,20.56,9.6,0.9,2.48,10,0
10/17/2005 23:00,30971.97,16.67,10.6,3,2.34,10,0
10/18/2005 0:00,30972,18.89,12.4,3.7,2.06,10,0
10/18/2005 1:00,30972.04,17.78,12.9,3.3,1.71,10,0
10/18/2005 2:00,30972.08,17.78,12.6,2.4,1.61,10,0
10/18/2005 3:00,30972.13,18.33,12.2,1.2,2.04,10,0
10/18/2005 4:00,30972.17,16.67,12.5,1.9,2.58,10,0
10/18/2005 5:00,30972.21,15.56,12.5,2,2.32,10,0
10/18/2005 6:00,30972.25,15.56,12.1,2,2.09,10,12
10/18/2005 7:00,30972.29,15.56,12.1,2.1,1.83,8.94,77
10/18/2005 8:00,30972.34,16.67,12.6,3.4,1.73,2.97,316
10/18/2005 9:00,30972.38,21.11,12.3,4.2,2.15,1.85,467
10/18/2005 10:00,30972.42,22.22,13,4,1.97,3,544
10/18/2005 11:00,30972.46,22.22,12.5,3.3,2.01,4.34,552
10/18/2005 12:00,30972.5,22.78,12.4,2.4,1.8,5.39,510
10/18/2005 13:00,30972.55,24.44,12,1.7,0.82,3.97,518
10/18/2005 14:00,30972.59,23.33,11.6,1.4,4.92,4.35,418
10/18/2005 15:00,30972.63,22.22,11,1.2,4.75,5.95,257
10/18/2005 16:00,30972.67,21.11,11,1,4.78,6.79,111
10/18/2005 17:00,30972.71,22.22,11,0.7,1.33,10,3
10/18/2005 18:00,30972.76,21.11,10.9,0.7,1.71,10,0
10/18/2005 19:00,30972.8,21.11,11.3,0.7,0.49,10,0
10/18/2005 20:00,30972.84,20,12,0.6,2.2,10,0
10/18/2005 21:00,30972.88,19.44,11.8,0.9,5.55,10,0
10/18/2005 22:00,30972.92,18.89,11,3.1,5.15,10,0
10/18/2005 23:00,30972.97,19.44,10.7,2,5.2,10,0
10/19/2005 0:00,30973,14.44,10.7,2.5,5.15,10,0
10/19/2005 1:00,30973.04,15,10.7,2.7,5.27,10,0
10/19/2005 2:00,30973.08,12.78,10.3,0.9,6.14,10,0
10/19/2005 3:00,30973.13,14.44,10,1.2,5.01,10,0
10/19/2005 4:00,30973.17,13.89,10,1.4,5.39,10,0
10/19/2005 5:00,30973.21,14.44,9.9,1.5,5.59,10,0
10/19/2005 6:00,30973.25,13.89,9.5,1.1,5.85,10,26
10/19/2005 7:00,30973.29,14.44,10.5,0.6,4.22,0,183
10/19/2005 8:00,30973.34,16.11,11.1,0.7,1.19,0,355
10/19/2005 9:00,30973.38,19.44,11.3,2.1,5.59,0,501
10/19/2005 10:00,30973.42,22.22,11.1,2.7,5.15,0,602
10/19/2005 11:00,30973.46,24.44,10.9,2.1,5.13,0,639
10/19/2005 12:00,30973.5,24.44,10.8,1.7,4.22,1.03,620
10/19/2005 13:00,30973.55,26.11,10.7,1.7,4.05,2.92,541
10/19/2005 14:00,30973.59,27.22,10.6,1.6,4.33,4.17,419
10/19/2005 15:00,30973.63,26.11,10.6,2.1,4.85,5.7,260
10/19/2005 16:00,30973.67,25.56,10.8,2.2,4.69,7.76,94
10/19/2005 17:00,30973.71,22.78,10.9,1.9,4.56,10,4
10/19/2005 18:00,30973.76,18.89,10.9,1.8,4.64,10,0
10/19/2005 19:00,30973.8,17.78,10.7,1.7,4.78,10,0
10/19/2005 20:00,30973.84,17.22,10.6,1.4,5.1,10,0
10/19/2005 21:00,30973.88,17.78,10.4,1.1,4.69,10,0
10/19/2005 22:00,30973.92,16.11,10,1.1,4.49,10,0
10/19/2005 23:00,30973.97,16.11,9.9,1.2,5.38,10,0
10/20/2005 0:00,30974,15,9.6,1.4,4.8,10,0
10/20/2005 1:00,30974.04,12.78,9.5,1.3,4.8,10,0
10/20/2005 2:00,30974.08,14.44,9.1,1.1,5.13,10,0
10/20/2005 3:00,30974.13,13.33,8.7,1,5.01,10,0
10/20/2005 4:00,30974.17,13.89,8.4,0.5,2.01,10,0
10/20/2005 5:00,30974.21,12.78,8.1,0.6,1.5,10,0
10/20/2005 6:00,30974.25,12.22,8.2,0.7,4.99,10,30
10/20/2005 7:00,30974.29,12.78,9.7,1.5,5.22,0,185
10/20/2005 8:00,30974.34,15.56,10.5,0.8,5.79,0,343
10/20/2005 9:00,30974.38,21.67,11.5,1.4,2.93,0,481
10/20/2005 10:00,30974.42,20.56,11.4,1.7,3.84,0,583
10/20/2005 11:00,30974.46,22.22,11.1,1.9,4.28,0,629
10/20/2005 12:00,30974.5,23.33,10.9,1.9,4.75,1.71,608
10/20/2005 13:00,30974.55,24.44,10.7,1.9,4.63,3.57,521
10/20/2005 14:00,30974.59,25.56,10.6,2,4.5,4.29,412
10/20/2005 15:00,30974.63,27.22,10.6,2,4.69,6.09,247
10/20/2005 16:00,30974.67,23.89,10.8,2.2,4.61,8.43,81
10/20/2005 17:00,30974.71,20.56,10.8,1.5,4.42,10,2
10/20/2005 18:00,30974.76,18.89,11,1.3,4.68,10,0
10/20/2005 19:00,30974.8,17.78,10.9,1.8,5.24,10,0
10/20/2005 20:00,30974.84,18.33,10.4,0.9,4.49,10,0
10/20/2005 21:00,30974.88,18.33,10.1,0.8,4.28,10,0
10/20/2005 22:00,30974.92,16.67,10.1,0.6,1.82,10,0
10/20/2005 23:00,30974.97,16.11,9.6,0.7,0.84,10,0
10/21/2005 0:00,30975,15.56,9.2,0.6,4.59,10,0
10/21/2005 1:00,30975.04,15,9.4,0.6,0.93,10,0
10/21/2005 2:00,30975.08,15,8.9,0.5,5.18,10,0
10/21/2005 3:00,30975.13,13.89,8.8,0.5,0.7,10,0
10/21/2005 4:00,30975.17,13.89,8.6,0.6,1.62,10,0
10/21/2005 5:00,30975.21,13.89,8.3,0.7,0.16,10,0
10/21/2005 6:00,30975.25,14.44,8.4,0.6,5.85,10,29
10/21/2005 7:00,30975.29,14.44,10.5,1.1,1.69,0,193
10/21/2005 8:00,30975.34,16.67,10.8,2.4,2.18,0,356
10/21/2005 9:00,30975.38,18.89,11.3,2.5,2.51,0,490
10/21/2005 10:00,30975.42,23.89,11.6,1.7,3,0,582
10/21/2005 11:00,30975.46,26.67,11.2,1.3,3.94,0,620
10/21/2005 12:00,30975.5,26.11,11.2,1.6,4.64,1.52,606
10/21/2005 13:00,30975.55,29.44,10.7,1.5,5.22,2.43,542
10/21/2005 14:00,30975.59,28.89,10.9,1.7,4.26,5.2,382
10/21/2005 15:00,30975.63,27.78,11,1.6,4.31,5.55,257
10/21/2005 16:00,30975.67,26.67,11.6,1.4,4.4,7.64,91
10/21/2005 17:00,30975.71,23.89,12.7,0.9,4.24,10,3
10/21/2005 18:00,30975.76,21.11,12.2,0.6,4.57,10,0
10/21/2005 19:00,30975.8,20.56,12,0.6,0.24,10,0
10/21/2005 20:00,30975.84,20.56,12,0.6,0.45,10,0
10/21/2005 21:00,30975.88,18.33,12.1,0.5,3.39,10,0
10/21/2005 22:00,30975.92,18.33,11.8,0.7,1.19,10,0
10/21/2005 23:00,30975.97,17.22,10.7,0.8,1.2,10,0
10/22/2005 0:00,30976,17.22,10.5,1,0.54,10,0
10/22/2005 1:00,30976.04,16.11,10,0.8,0.58,10,0
10/22/2005 2:00,30976.08,16.11,9.9,0.5,1.03,10,0
10/22/2005 3:00,30976.13,15,9.4,0.6,1.76,10,0
10/22/2005 4:00,30976.17,15.56,9.1,0.9,1.13,10,0
10/22/2005 5:00,30976.21,13.89,9.1,1,1.03,10,0
10/22/2005 6:00,30976.25,13.89,9.2,1.1,1.05,10,27
10/22/2005 7:00,30976.29,14.44,10.9,1.6,1.94,0,172
10/22/2005 8:00,30976.34,15.56,11.8,2.1,2.3,0,329
10/22/2005 9:00,30976.38,22.22,12.3,1.8,2.53,0,467
10/22/2005 10:00,30976.42,23.89,12.3,1.5,3.05,0,563
10/22/2005 11:00,30976.46,26.11,11.7,1.7,4.45,1.66,600
10/22/2005 12:00,30976.5,28.89,11,1.6,5.03,2.69,582
10/22/2005 13:00,30976.55,28.33,11,1.9,4.42,3.49,515
10/22/2005 14:00,30976.59,29.44,10.9,1.8,4.75,4.67,394
10/22/2005 15:00,30976.63,28.33,10.4,2.2,4.8,6.12,240
10/22/2005 16:00,30976.67,27.22,10,2.2,4.87,8.15,81
10/22/2005 17:00,30976.71,24.44,10.6,1.1,4.66,10,2
10/22/2005 18:00,30976.76,22.22,10.9,0.6,1.59,10,0
10/22/2005 19:00,30976.8,21.11,11.1,0.7,0.72,10,0
10/22/2005 20:00,30976.84,18.89,11.2,0.5,1.27,10,0
10/22/2005 21:00,30976.88,18.33,11.1,0.6,4.01,10,0
10/22/2005 22:00,30976.92,18.89,10.8,1,1.12,10,0
10/22/2005 23:00,30976.97,17.78,10.6,0.7,0.19,10,0
10/23/2005 0:00,30977,17.22,10.2,0.9,0.73,10,0
10/23/2005 1:00,30977.04,16.11,9.5,1.4,1.06,10,0
10/23/2005 2:00,30977.08,15.56,8.9,0.8,0.98,10,0
10/23/2005 3:00,30977.13,17.22,8.6,0.7,5.52,10,0
10/23/2005 4:00,30977.17,16.11,8.2,1.1,0.51,10,0
10/23/2005 5:00,30977.21,14.44,8.1,1.1,0.99,10,0
10/23/2005 6:00,30977.25,15.56,8.4,1.2,1.66,10,28
10/23/2005 7:00,30977.29,16.11,10.5,1.4,1.92,0,175
10/23/2005 8:00,30977.34,17.78,11.4,2.5,1.92,0,332
10/23/2005 9:00,30977.38,20,12,2.7,2.39,0,470
10/23/2005 10:00,30977.42,23.89,11.9,1.9,3.02,0,564
10/23/2005 11:00,30977.46,26.11,10.9,1.3,3.11,0.79,604
10/23/2005 12:00,30977.5,29.44,10.1,1.2,3.75,2.15,588
10/23/2005 13:00,30977.55,28.33,10.1,1.5,4.64,3.68,506
10/23/2005 14:00,30977.59,30,9.8,1.9,5.31,4.69,390
10/23/2005 15:00,30977.63,28.89,9.9,2,5.03,6.15,236
10/23/2005 16:00,30977.67,28.33,10.1,2.2,5.11,7.79,84
10/23/2005 17:00,30977.71,25.56,10.3,0.9,4.43,10,2
10/23/2005 18:00,30977.76,22.78,10.5,0.7,4.76,10,0
10/23/2005 19:00,30977.8,20.56,10.6,0.6,1.43,10,0
10/23/2005 20:00,30977.84,20,10.6,0.9,4.8,10,0
10/23/2005 21:00,30977.88,18.89,10.2,1.5,5.13,10,0
10/23/2005 22:00,30977.92,18.89,9.9,1.6,5.06,10,0
10/23/2005 23:00,30977.97,17.22,9.9,1.6,5.18,10,0
10/24/2005 0:00,30978,17.78,9.4,0.9,5.95,10,0
10/24/2005 1:00,30978.04,17.78,9.1,0.8,1.69,10,0
10/24/2005 2:00,30978.08,17.22,8.8,0.8,4.89,10,0
10/24/2005 3:00,30978.13,17.22,8.8,0.8,0.65,10,0
10/24/2005 4:00,30978.17,17.22,9,1.3,4.69,10,0
10/24/2005 5:00,30978.21,14.44,8.6,1.3,5.62,10,0
10/24/2005 6:00,30978.25,15.56,8.3,0.7,0.38,10,28
10/24/2005 7:00,30978.29,15.56,9.9,0.7,1.05,0,163
10/24/2005 8:00,30978.34,16.67,10.8,1.2,3.32,0,318
10/24/2005 9:00,30978.38,24.44,10.8,1.3,3.02,0,453
10/24/2005 10:00,30978.42,25.56,11.5,1.6,3.02,1.49,543
10/24/2005 11:00,30978.46,28.89,11.4,2.4,3.4,2.32,581
10/24/2005 12:00,30978.5,27.22,10.7,2.3,4.01,2.81,571
10/24/2005 13:00,30978.55,28.33,9.7,2.2,4.69,3.56,505
10/24/2005 14:00,30978.59,28.89,9.1,2.7,4.57,4.73,385
10/24/2005 15:00,30978.63,28.89,8.8,2.9,4.82,6.31,229
10/24/2005 16:00,30978.67,27.78,9,2.6,4.76,7.98,79
10/24/2005 17:00,30978.71,23.89,9.5,1.1,4.54,10,3
10/24/2005 18:00,30978.76,22.78,10.5,0.8,4.35,10,0
10/24/2005 19:00,30978.8,21.11,9.9,1.8,4.94,10,0
10/24/2005 20:00,30978.84,20,10.2,1.9,4.71,10,0
10/24/2005 21:00,30978.88,18.89,12,2.9,5.39,10,0
10/24/2005 22:00,30978.92,17.78,12.1,1.8,5.31,10,0
10/24/2005 23:00,30978.97,17.22,11.8,2.5,4.85,10,0
10/25/2005 0:00,30979,15,11.3,2.5,5.18,10,0
10/25/2005 1:00,30979.04,16.11,11.1,3.1,5.13,10,0
10/25/2005 2:00,30979.08,13.89,10.6,2.2,4.63,10,0
10/25/2005 3:00,30979.13,13.89,10,1.5,1.36,10,0
10/25/2005 4:00,30979.17,13.33,9.7,1.4,0.77,10,0
10/25/2005 5:00,30979.21,11.67,9.4,1.5,1.12,10,0
10/25/2005 6:00,30979.25,12.22,10.4,1.6,2.2,10,20
10/25/2005 7:00,30979.29,13.33,10.9,1.7,1.83,0,137
10/25/2005 8:00,30979.34,15.56,11.1,2.2,2.2,0.13,306
10/25/2005 9:00,30979.38,18.89,11.4,2.2,3.7,3.77,406
10/25/2005 10:00,30979.42,18.33,11.4,3,4.87,1.64,537
10/25/2005 11:00,30979.46,21.11,11.2,2.8,5.45,2.12,580
10/25/2005 12:00,30979.5,22.78,11,2.1,5.43,2.75,568
10/25/2005 13:00,30979.55,22.78,10.8,2.2,4.82,3.86,493
10/25/2005 14:00,30979.59,24.44,10.3,1.9,4.99,4.67,383
10/25/2005 15:00,30979.63,23.89,9.7,2.9,4.69,6.51,221
10/25/2005 16:00,30979.67,22.78,9.9,2.5,4.61,8.47,70
10/25/2005 17:00,30979.71,20,10.5,1.6,4.38,10,2
10/25/2005 18:00,30979.76,18.33,10.5,2.2,4.94,10,0
10/25/2005 19:00,30979.8,16.67,10,1.6,5.46,10,0
10/25/2005 20:00,30979.84,16.67,9.8,1.1,4.4,10,0
10/25/2005 21:00,30979.88,15.56,8.9,1.9,4.52,10,0
10/25/2005 22:00,30979.92,16.11,9,2,4.97,10,0
10/25/2005 23:00,30979.97,16.11,8,1.5,4.52,10,0
10/26/2005 0:00,30980,13.33,7.3,1,4.92,10,0
10/26/2005 1:00,30980.04,13.33,7.1,1.3,5.18,10,0
10/26/2005 2:00,30980.08,13.33,6.7,0.8,5.06,10,0
10/26/2005 3:00,30980.13,12.78,6.7,1.5,4.59,10,0
10/26/2005 4:00,30980.17,10,6.6,1.8,5.18,10,0
10/26/2005 5:00,30980.21,12.22,6.2,0.9,5.17,10,0
10/26/2005 6:00,30980.25,12.22,6,0.9,4.36,10,23
10/26/2005 7:00,30980.29,12.22,7.4,0.7,4.99,0,153
10/26/2005 8:00,30980.34,11.11,7.8,1.4,5.9,0,311
10/26/2005 9:00,30980.38,16.11,8.6,1,3.63,0,446
10/26/2005 10:00,30980.42,20.56,9.5,1.6,2.67,0,549
10/26/2005 11:00,30980.46,22.22,9.6,1.5,2.16,0,595
10/26/2005 12:00,30980.5,23.89,8.9,1.8,4.71,3.78,538
10/26/2005 13:00,30980.55,24.44,8.6,1.6,4.82,2.95,511
10/26/2005 14:00,30980.59,25,8.2,1.4,4.08,4.18,392
10/26/2005 15:00,30980.63,24.44,7.8,1,4.73,6.93,207
10/26/2005 16:00,30980.67,23.33,7.9,1,4.22,7.95,75
10/26/2005 17:00,30980.71,21.11,8.5,0.7,1.54,10,1
10/26/2005 18:00,30980.76,20,9.1,0.9,3,10,0
10/26/2005 19:00,30980.8,18.33,9.1,0.8,1.54,10,0
10/26/2005 20:00,30980.84,17.22,9.8,1.2,5.18,10,0
10/26/2005 21:00,30980.88,16.67,9.9,1,4.87,10,0
10/26/2005 22:00,30980.92,15.56,10.4,2.4,5.13,10,0
10/26/2005 23:00,30980.97,15,10.6,1.8,4.69,10,0
10/27/2005 0:00,30981,15,9.5,1.8,4.82,10,0
10/27/2005 1:00,30981.04,12.78,7.6,2.2,5.22,10,0
10/27/2005 2:00,30981.08,12.78,7.2,2.1,5.03,10,0
10/27/2005 3:00,30981.13,14.44,6.6,2.4,4.97,10,0
10/27/2005 4:00,30981.17,12.78,6.4,2.5,4.94,10,0
10/27/2005 5:00,30981.21,13.33,6.2,2.8,5.1,10,0
10/27/2005 6:00,30981.25,13.33,6.2,3.1,5.13,10,3
10/27/2005 7:00,30981.29,12.22,7.2,3.6,5.01,10,26
10/27/2005 8:00,30981.34,11.11,7.8,3.3,4.99,10,45
10/27/2005 9:00,30981.38,10,7.9,3.8,5.13,10,65
10/27/2005 10:00,30981.42,11.11,7.6,2.9,5.1,10,86
10/27/2005 11:00,30981.46,10.56,7.8,2.8,5.17,10,68
10/27/2005 12:00,30981.5,10,8.5,2,5.78,10,95
10/27/2005 13:00,30981.55,10.56,9.1,1.8,5.43,10,165
10/27/2005 14:00,30981.59,11.67,9.1,1.6,4.47,9.77,166
10/27/2005 15:00,30981.63,11.67,9,1.5,4.75,8.99,141
10/27/2005 16:00,30981.67,12.78,9.1,1.1,5.2,10,39
10/27/2005 17:00,30981.71,12.78,9.2,1.2,0.68,10,1
10/27/2005 18:00,30981.76,12.22,8.9,0.8,0.03,10,0
10/27/2005 19:00,30981.8,10.56,8.5,0.8,2.04,10,0
10/27/2005 20:00,30981.84,10.56,8.2,1.1,1.5,10,1
10/27/2005 21:00,30981.88,10.56,7.4,1.4,1.36,10,1
10/27/2005 22:00,30981.92,11.67,7.1,0.6,1.4,10,1
10/27/2005 23:00,30981.97,15.56,7.4,0.7,1.13,10,1
10/28/2005 0:00,30982,10.56,6.7,1,1.12,10,0
10/28/2005 1:00,30982.04,10.56,5.9,1.2,1.41,10,0
10/28/2005 2:00,30982.08,11.11,5.7,1,6.13,10,0
10/28/2005 3:00,30982.13,10.56,5,1,0.56,10,1
10/28/2005 4:00,30982.17,10.56,6.2,1.1,2.44,10,1
10/28/2005 5:00,30982.21,10,6,0.9,0.49,10,1
10/28/2005 6:00,30982.25,10.56,6,0.9,1.1,10,23
10/28/2005 7:00,30982.29,10,8.7,1,1.66,0,181
10/28/2005 8:00,30982.34,13.89,9.2,1.7,2.46,0,336
10/28/2005 9:00,30982.38,16.11,8.6,1.8,2.13,0,463
10/28/2005 10:00,30982.42,15.56,8.7,1.8,2.22,0,549
10/28/2005 11:00,30982.46,19.44,8.6,1.8,1.85,0,591
10/28/2005 12:00,30982.5,17.22,8.5,1.6,1.82,1.72,573
10/28/2005 13:00,30982.55,18.89,8.3,1.6,0.24,3.31,495
10/28/2005 14:00,30982.59,23.89,7.6,1.5,1.2,4.49,377
10/28/2005 15:00,30982.63,21.67,7.9,1.2,1.2,6.06,223
10/28/2005 16:00,30982.67,20,7.6,0.9,1.55,10,39
10/28/2005 17:00,30982.71,17.78,8,0.6,0.91,10,1
10/28/2005 18:00,30982.76,17.22,8.7,0.6,1.36,10,0
10/28/2005 19:00,30982.8,16.11,9.6,0.7,0.94,10,0
10/28/2005 20:00,30982.84,15.56,9.6,0.8,0.94,10,0
10/28/2005 21:00,30982.88,16.11,9.1,0.7,4.63,10,0
10/28/2005 22:00,30982.92,15.56,9.3,0.9,0.7,10,0
10/28/2005 23:00,30982.97,10.56,8.6,0.7,0.54,10,0
10/29/2005 0:00,30983,14.44,8.2,0.6,0.99,10,0
10/29/2005 1:00,30983.04,13.33,7.4,0.9,4.99,10,0
10/29/2005 2:00,30983.08,12.78,6.8,0.5,5.13,10,0
10/29/2005 3:00,30983.13,13.33,6.9,0.6,0.16,10,0
10/29/2005 4:00,30983.17,12.78,6.6,0.9,4.75,10,1
10/29/2005 5:00,30983.21,12.78,6.8,0.9,4.5,10,1
10/29/2005 6:00,30983.25,11.11,6.4,0.5,2.13,10,25
10/29/2005 7:00,30983.29,12.78,8.8,0.5,1.69,0,170
10/29/2005 8:00,30983.34,15.56,9.5,0.8,0.68,0,320
10/29/2005 9:00,30983.38,15.56,9.8,1.6,4.45,0,449
10/29/2005 10:00,30983.42,18.89,9.5,2.4,4.9,0,540
10/29/2005 11:00,30983.46,20.56,9,2.4,4.78,0,581
10/29/2005 12:00,30983.5,22.78,8.9,2.1,4.35,2.24,561
10/29/2005 13:00,30983.55,23.89,8.6,2,4.59,3.32,491
10/29/2005 14:00,30983.59,23.33,8.9,2.7,4.78,4.78,366
10/29/2005 15:00,30983.63,23.33,9,2.9,5.17,6.4,212
10/29/2005 16:00,30983.67,21.11,9.4,3.4,5.13,8.47,62
10/29/2005 17:00,30983.71,16.67,9.6,2.4,4.99,10,1
10/29/2005 18:00,30983.76,14.44,9.8,2.4,4.76,10,0
10/29/2005 19:00,30983.8,13.33,10.1,3.2,4.83,10,0
10/29/2005 20:00,30983.84,12.78,9.9,2.3,4.89,10,0
10/29/2005 21:00,30983.88,13.33,9.6,1.8,4.76,10,0
10/29/2005 22:00,30983.92,13.33,9.4,1.7,4.68,10,0
10/29/2005 23:00,30983.97,14.44,8.9,1.8,5.18,10,0
10/30/2005 0:00,30984,13.33,8.3,1.5,4.9,10,0
10/30/2005 1:00,30984.04,12.22,8,1,4.49,10,0
10/30/2005 2:00,30984.08,11.11,7.8,0.7,4.45,10,0
10/30/2005 3:00,30984.13,12.22,7.3,0.6,4.54,10,0
10/30/2005 4:00,30984.17,10,6.6,0.8,4.61,10,0
10/30/2005 5:00,30984.21,10,6.5,0.6,5.29,10,0
10/30/2005 6:00,30984.25,11.67,6,0.8,5.48,10,12
10/30/2005 7:00,30984.29,11.11,7.3,1.5,5.38,7.43,73
10/30/2005 8:00,30984.34,12.78,8.7,1.1,5.48,3.75,260
10/30/2005 9:00,30984.38,16.11,10,1.1,2.39,0,432
10/30/2005 10:00,30984.42,19.44,10.1,1.6,2.23,1.09,521
10/30/2005 11:00,30984.46,20,10.6,1.3,3.26,1.77,564
10/30/2005 12:00,30984.5,22.22,10.6,1.4,2.69,2.4,554
10/30/2005 13:00,30984.55,22.78,10.1,1.8,4.64,3.32,487
10/30/2005 14:00,30984.59,22.78,8.9,2.8,5.13,4.32,374
10/30/2005 15:00,30984.63,22.22,8.7,2.9,5.11,5.83,222
10/30/2005 16:00,30984.67,19.44,8.7,2.4,5.04,8.14,64
10/30/2005 17:00,30984.71,16.11,8.8,1.6,4.89,10,1
10/30/2005 18:00,30984.76,16.11,8.6,0.8,4.57,10,0
10/30/2005 19:00,30984.8,15,8.2,0.8,5.17,10,0
10/30/2005 20:00,30984.84,15,8,0.8,4.9,10,0
10/30/2005 21:00,30984.88,13.89,7.8,1,4.4,10,0
10/30/2005 22:00,30984.92,13.33,7.7,0.7,4.68,10,0
10/30/2005 23:00,30984.97,12.78,7.1,0.9,4.71,10,0
10/31/2005 0:00,30985,12.78,7.3,0.8,4.82,10,0
10/31/2005 1:00,30985.04,13.33,6.8,0.8,6.2,10,0
10/31/2005 2:00,30985.08,12.78,6.3,0.6,2.5,10,0
10/31/2005 3:00,30985.13,12.78,6.2,0.6,0.44,10,0
10/31/2005 4:00,30985.17,12.78,5.5,0.5,5.41,10,0
10/31/2005 5:00,30985.21,11.67,6,0.8,0.82,10,0
10/31/2005 6:00,30985.25,11.67,5.7,0.4,0.51,10,17
10/31/2005 7:00,30985.29,13.89,8.6,0.5,0.82,0,142
10/31/2005 8:00,30985.34,18.33,9.1,1.8,2.13,0,298
10/31/2005 9:00,30985.38,21.11,9.5,2.7,2.32,0,429
10/31/2005 10:00,30985.42,22.22,10.1,2.2,2.69,0,521
10/31/2005 11:00,30985.46,22.78,10.3,1.7,2.74,1.76,560
10/31/2005 12:00,30985.5,26.11,10,1.4,4.59,2.66,545
10/31/2005 13:00,30985.55,26.11,9.8,1.5,4.89,3.66,475
10/31/2005 14:00,30985.59,25.56,9.3,1.2,4.76,4.93,355
10/31/2005 15:00,30985.63,24.44,9.2,1.1,5.78,6.42,206
10/31/2005 16:00,30985.67,21.11,9.5,0.7,5.59,8.56,57
10/31/2005 17:00,30985.71,18.89,10.4,0.6,4.1,10,1
10/31/2005 18:00,30985.76,17.22,10,0.7,4.99,10,0
10/31/2005 19:00,30985.8,16.67,9.6,0.5,0.14,10,0
10/31/2005 20:00,30985.84,15.56,9.3,0.5,3,10,0
10/31/2005 21:00,30985.88,14.44,9.4,0.9,1.24,10,0
10/31/2005 22:00,30985.92,13.89,9,1,0.72,10,0
10/31/2005 23:00,30985.97,13.33,7.9,0.6,1.1,10,0
11/1/2005 0:00,30986,13.89,7.5,0.6,0.68,10,0
11/1/2005 1:00,30986.04,13.89,6.6,0.6,5.38,10,0
11/1/2005 2:00,30986.08,13.89,6.7,0.5,4.57,10,0
11/1/2005 3:00,30986.13,13.33,6.4,0.7,0.75,10,0
11/1/2005 4:00,30986.17,12.22,6.7,0.6,1.54,10,0
11/1/2005 5:00,30986.21,13.33,6.6,1,1.2,10,0
11/1/2005 6:00,30986.25,12.78,6.3,0.9,0.94,10,18
11/1/2005 7:00,30986.29,13.89,8.1,1.5,1.33,0,147
11/1/2005 8:00,30986.34,21.11,9.7,2.6,2.3,0,293
11/1/2005 9:00,30986.38,22.22,10.2,2.7,2.34,0,429
11/1/2005 10:00,30986.42,23.89,10.3,2.8,2.48,0,525
11/1/2005 11:00,30986.46,27.22,10.4,2.7,2.39,1.31,561
11/1/2005 12:00,30986.5,27.78,9.9,2.4,1.8,1.89,554
11/1/2005 13:00,30986.55,27.22,8.4,2.2,2.08,3.1,484
11/1/2005 14:00,30986.59,31.11,7.6,2,2.3,4.8,355
11/1/2005 15:00,30986.63,28.33,6.5,1.7,2.11,6.38,204
11/1/2005 16:00,30986.67,24.44,6.7,1.1,2.29,8.91,51
11/1/2005 17:00,30986.71,22.22,9.1,0.8,4.5,10,0
11/1/2005 18:00,30986.76,21.11,9,0.7,0.09,10,0
11/1/2005 19:00,30986.8,18.89,9.4,0.6,5.17,10,0
11/1/2005 20:00,30986.84,18.89,9.6,0.7,6.21,10,0
11/1/2005 21:00,30986.88,17.78,8.8,1.1,1.1,10,0
11/1/2005 22:00,30986.92,17.78,7.3,1.1,1.19,10,0
11/1/2005 23:00,30986.97,14.44,6,0.5,0.02,10,0
11/2/2005 0:00,30987,18.33,6,1.1,1.38,10,0
11/2/2005 1:00,30987.04,18.33,6.1,0.7,4.26,10,0
11/2/2005 2:00,30987.08,17.22,6.3,0.8,5.24,10,0
11/2/2005 3:00,30987.13,12.78,6.8,1,6.2,10,0
11/2/2005 4:00,30987.17,14.44,7.3,0.8,5.52,10,0
11/2/2005 5:00,30987.21,15,7,0.9,1.17,10,0
11/2/2005 6:00,30987.25,14.44,6.8,0.9,1.38,10,5
11/2/2005 7:00,30987.29,17.22,7.9,2,4.36,5.21,85
11/2/2005 8:00,30987.34,20,8.5,1.4,4.89,1.95,268
11/2/2005 9:00,30987.38,20.56,8.8,1.8,4.78,5.89,321
11/2/2005 10:00,30987.42,21.67,9.2,2.3,4.71,7.68,316
11/2/2005 11:00,30987.46,21.11,9,2.7,4.78,7.96,331
11/2/2005 12:00,30987.5,20,9.4,3.3,5.1,9.97,199
11/2/2005 13:00,30987.55,18.89,10.6,3.7,4.96,8.15,291
11/2/2005 14:00,30987.59,21.11,11.3,3.8,5.15,8.4,224
11/2/2005 15:00,30987.63,18.89,10,4.2,5.17,6.21,205
11/2/2005 16:00,30987.67,17.22,4.2,3.6,5.36,8.85,50
11/2/2005 17:00,30987.71,15,1.9,3.9,4.99,10,0
11/2/2005 18:00,30987.76,14.44,3,4,5.04,10,0
11/2/2005 19:00,30987.8,13.89,3.7,3.2,4.97,10,0
11/2/2005 20:00,30987.84,13.89,3.8,4.1,5.15,10,0
11/2/2005 21:00,30987.88,12.78,4,4.9,5.11,10,0
11/2/2005 22:00,30987.92,11.67,4.1,4.2,4.99,10,0
11/2/2005 23:00,30987.97,18.33,4.5,2.9,5.08,10,0
11/3/2005 0:00,30988,10,4.6,3,5.01,10,0
11/3/2005 1:00,30988.04,10,4.6,3.7,4.92,10,0
11/3/2005 2:00,30988.08,9.44,4.8,4.2,5.06,10,0
11/3/2005 3:00,30988.13,9.44,4.7,3.6,5.22,10,0
11/3/2005 4:00,30988.17,8.33,4.6,2.1,4.97,10,0
11/3/2005 5:00,30988.21,7.78,4.5,1.8,4.78,10,0
11/3/2005 6:00,30988.25,9.44,4.7,2,5.25,10,5
11/3/2005 7:00,30988.29,11.11,4.7,2.3,5.27,4.25,88
11/3/2005 8:00,30988.34,12.78,4.8,2.9,5.17,8.59,141
11/3/2005 9:00,30988.38,17.22,4.9,2.4,5.39,0.76,409
11/3/2005 10:00,30988.42,17.78,4.1,2.4,5.55,0,520
11/3/2005 11:00,30988.46,20.56,2.5,2.6,5.11,0,565
11/3/2005 12:00,30988.5,21.67,2.6,2.5,4.8,1.73,548
11/3/2005 13:00,30988.55,21.67,3.2,2.7,4.5,3.22,474
11/3/2005 14:00,30988.59,20,2.9,2.5,4.5,4.49,356
11/3/2005 15:00,30988.63,18.89,2.6,2.7,4.73,5.94,208
11/3/2005 16:00,30988.67,16.11,1.9,2.4,4.75,7.95,58
11/3/2005 17:00,30988.71,15,2.3,1.4,4.66,10,1
11/3/2005 18:00,30988.76,14.44,2.8,1.4,4.71,10,0
11/3/2005 19:00,30988.8,14.44,2.7,0.9,4.15,10,0
11/3/2005 20:00,30988.84,13.89,2.7,0.9,4.75,10,0
11/3/2005 21:00,30988.88,11.11,2.5,1.2,4.92,10,0
11/3/2005 22:00,30988.92,11.11,2.8,1.2,5.57,10,0
11/3/2005 23:00,30988.97,10.56,3.1,0.6,3.94,10,0
11/4/2005 0:00,30989,10,3.3,0.6,0.65,10,0
11/4/2005 1:00,30989.04,10,3.2,0.7,0.16,10,0
11/4/2005 2:00,30989.08,10,2.8,0.6,5.67,10,0
11/4/2005 3:00,30989.13,10.56,2.4,0.7,3.67,10,0
11/4/2005 4:00,30989.17,10.56,1.8,1.1,1.22,10,0
11/4/2005 5:00,30989.21,10,2,1,6.13,10,0
11/4/2005 6:00,30989.25,9.44,2.4,1,1.17,10,17
11/4/2005 7:00,30989.29,12.22,4.4,1.2,1.59,0,148
11/4/2005 8:00,30989.34,15.56,5,2.1,1.8,0,293
11/4/2005 9:00,30989.38,17.22,5.3,1.7,2.46,0,425
11/4/2005 10:00,30989.42,20.56,7.2,2.4,4.59,0,515
11/4/2005 11:00,30989.46,20.56,8.3,2.6,4.59,0,558
11/4/2005 12:00,30989.5,22.78,8.4,3.2,4.57,1.96,541
11/4/2005 13:00,30989.55,21.67,8.5,4.1,4.73,3.03,474
11/4/2005 14:00,30989.59,22.22,8.3,3.6,4.92,5.4,329
11/4/2005 15:00,30989.63,21.11,8.2,3.8,4.94,6.05,203
11/4/2005 16:00,30989.67,18.89,7.7,3.6,4.94,8.25,53
11/4/2005 17:00,30989.71,15.56,7.5,2.5,4.87,10,0
11/4/2005 18:00,30989.76,16.11,7.6,2.5,5.18,10,0
11/4/2005 19:00,30989.8,14.44,7.7,2.6,5.25,10,0
11/4/2005 20:00,30989.84,12.22,7.8,4,5.11,10,0
11/4/2005 21:00,30989.88,12.22,6.5,4.9,5.15,10,0
11/4/2005 22:00,30989.92,10,5.2,4.4,5.11,10,0
11/4/2005 23:00,30989.97,11.11,5.4,4,5.03,10,0
11/5/2005 0:00,30990,10,5.4,3.5,4.94,10,0
11/5/2005 1:00,30990.04,8.33,5.4,2.9,4.96,10,0
11/5/2005 2:00,30990.08,8.33,5.4,2.7,5.13,10,0
11/5/2005 3:00,30990.13,8.89,5.3,2.7,4.89,10,0
11/5/2005 4:00,30990.17,7.22,5.1,2.1,5.27,10,0
11/5/2005 5:00,30990.21,7.78,4.3,0.8,6.27,10,0
11/5/2005 6:00,30990.25,7.78,3.6,1.2,4.96,10,14
11/5/2005 7:00,30990.29,10.56,5.5,1.2,0.19,0,138
11/5/2005 8:00,30990.34,15,6.3,0.9,0.56,0,291
11/5/2005 9:00,30990.38,15,6.8,1.3,2.13,0,424
11/5/2005 10:00,30990.42,16.67,7.1,2.5,4.5,0,513
11/5/2005 11:00,30990.46,20,6.9,2.5,5.43,0,555
11/5/2005 12:00,30990.5,20.56,6.6,2.2,5.25,1.48,543
11/5/2005 13:00,30990.55,20.56,6,2.1,5.11,2.84,474
11/5/2005 14:00,30990.59,21.11,5.6,2.4,4.89,4.33,353
11/5/2005 15:00,30990.63,21.11,5.2,2.4,4.73,6.16,198
11/5/2005 16:00,30990.67,17.22,4.6,2,4.82,9.92,33
11/5/2005 17:00,30990.71,16.11,4.7,1.2,3.94,10,0
11/5/2005 18:00,30990.76,13.89,4.7,0.6,4.69,10,0
11/5/2005 19:00,30990.8,14.44,5.4,1.1,0.23,10,0
11/5/2005 20:00,30990.84,13.89,5.3,0.6,6.14,10,0
11/5/2005 21:00,30990.88,12.22,5.2,0.6,5.13,10,0
11/5/2005 22:00,30990.92,11.67,5.1,0.6,5.92,10,0
11/5/2005 23:00,30990.97,10.56,5.2,0.7,3.39,10,0
11/6/2005 0:00,30991,11.11,4.6,1,1.03,10,0
11/6/2005 1:00,30991.04,11.11,4.6,0.9,0.44,10,0
11/6/2005 2:00,30991.08,10,4.8,1.4,0.56,10,0
11/6/2005 3:00,30991.13,10,5.3,1.4,1.29,10,0
11/6/2005 4:00,30991.17,11.11,5.1,0.9,5.18,10,0
11/6/2005 5:00,30991.21,10.56,5.4,1.3,0.94,10,0
11/6/2005 6:00,30991.25,10.56,5.8,1.3,1.97,10,6
11/6/2005 7:00,30991.29,12.78,6.4,1.8,2.09,4.66,77
11/6/2005 8:00,30991.34,13.33,6.7,2.4,1.85,6.58,187
11/6/2005 9:00,30991.38,15.56,6.9,3.2,2.37,0,402
11/6/2005 10:00,30991.42,18.33,6.8,2.6,2.41,6.29,369
11/6/2005 11:00,30991.46,17.22,6.4,1.7,2.65,9.37,235
11/6/2005 12:00,30991.5,17.78,6.2,1.2,2.62,9.11,252
11/6/2005 13:00,30991.55,18.33,6.1,1.3,3.12,10,161
11/6/2005 14:00,30991.59,18.33,6.2,0.9,0.1,9.97,141
11/6/2005 15:00,30991.63,16.67,5.7,1,6.16,9.84,96
11/6/2005 16:00,30991.67,15.56,5.7,0.6,0.8,10,17
11/6/2005 17:00,30991.71,16.11,7,0.7,4.35,10,0
11/6/2005 18:00,30991.76,15.56,7.3,1.8,0.12,10,0
11/6/2005 19:00,30991.8,13.89,7.7,0.9,5.18,10,0
11/6/2005 20:00,30991.84,15,8.2,0.8,2.11,10,0
11/6/2005 21:00,30991.88,13.89,8.4,0.8,1.5,10,0
11/6/2005 22:00,30991.92,15,8.4,1,1.29,10,0
11/6/2005 23:00,30991.97,11.11,8,1,1.06,10,0
11/7/2005 0:00,30992,15,7.8,0.9,1.41,10,0
11/7/2005 1:00,30992.04,15,8.1,0.6,5.13,10,0
11/7/2005 2:00,30992.08,13.89,8.5,0.6,0.68,10,0
11/7/2005 3:00,30992.13,13.89,8.5,0.6,0.84,10,0
11/7/2005 4:00,30992.17,13.89,8.2,1,2.91,10,0
11/7/2005 5:00,30992.21,13.89,7.8,1.2,1.83,10,0
11/7/2005 6:00,30992.25,15,7.6,1.3,1.75,10,4
11/7/2005 7:00,30992.29,13.89,7.9,0.8,1.62,9.09,40
11/7/2005 8:00,30992.34,15,8.3,1,1.15,9.81,96
11/7/2005 9:00,30992.38,17.78,8,1.9,1.59,9.36,170
11/7/2005 10:00,30992.42,18.89,7.8,2.2,1.95,9.98,174
11/7/2005 11:00,30992.46,20.56,7.4,2.5,2.34,9.45,228
11/7/2005 12:00,30992.5,20.56,7.2,2.1,2.06,10,187
11/7/2005 13:00,30992.55,20,7.4,2.1,1.71,10,155
11/7/2005 14:00,30992.59,20,7.7,2.2,1.92,9.77,150
11/7/2005 15:00,30992.63,19.44,7.9,1.6,1.88,10,67
11/7/2005 16:00,30992.67,18.89,9.3,1.3,1.06,10,13
11/7/2005 17:00,30992.71,18.89,9.5,1.6,0.99,10,0
11/7/2005 18:00,30992.76,20,8.8,1.7,1.34,10,0
11/7/2005 19:00,30992.8,19.44,8.6,1.6,1.47,10,0
11/7/2005 20:00,30992.84,20,8.9,1.7,1.68,10,0
11/7/2005 21:00,30992.88,20,8.7,1.6,2.81,10,0
11/7/2005 22:00,30992.92,19.44,8.9,1.5,2.86,10,0
11/7/2005 23:00,30992.97,14.44,9.6,1.2,1.88,10,0
11/8/2005 0:00,30993,18.33,10.1,1,1.15,10,0
11/8/2005 1:00,30993.04,18.33,9.9,1,1.55,10,0
11/8/2005 2:00,30993.08,17.78,10,1.6,1.01,10,0
11/8/2005 3:00,30993.13,17.22,9.8,1.6,1.9,10,0
11/8/2005 4:00,30993.17,16.67,9.3,1.3,1.61,10,0
11/8/2005 5:00,30993.21,16.67,8.8,1.7,2.16,10,0
11/8/2005 6:00,30993.25,17.78,8.4,1.1,0.86,10,4
11/8/2005 7:00,30993.29,17.22,8.8,2.3,4.19,0,92
11/8/2005 8:00,30993.34,16.67,9.2,3.4,4.43,7.92,150
11/8/2005 9:00,30993.38,14.44,10.3,3.1,5.01,9.68,153
11/8/2005 10:00,30993.42,17.78,9.6,3.2,4.78,9.13,224
11/8/2005 11:00,30993.46,16.67,9.5,3,4.43,9.62,215
11/8/2005 12:00,30993.5,15,9.3,3.2,5.24,10,84
11/8/2005 13:00,30993.55,16.11,9.6,2.2,5.52,10,128
11/8/2005 14:00,30993.59,16.11,9.4,2.6,4.97,10,65
11/8/2005 15:00,30993.63,14.44,9.4,1.7,4.43,10,15
11/8/2005 16:00,30993.67,13.89,10.3,2.3,5.17,10,4
11/8/2005 17:00,30993.71,12.22,9.9,3.4,5.48,10,0
11/8/2005 18:00,30993.76,16.11,9.9,3.2,4.82,10,0
11/8/2005 19:00,30993.8,11.67,9.9,3.2,4.75,10,0
11/8/2005 20:00,30993.84,11.67,9.9,2.4,4.49,10,0
11/8/2005 21:00,30993.88,11.11,9.9,1.9,4.35,10,0
11/8/2005 22:00,30993.92,11.11,9.7,1.8,5.1,10,0
11/8/2005 23:00,30993.97,17.78,9.4,2.2,4.29,10,0
11/9/2005 0:00,30994,10.56,9.1,1.9,5.43,10,0
11/9/2005 1:00,30994.04,11.11,8.2,1.2,3.05,10,0
11/9/2005 2:00,30994.08,11.11,8.9,1.7,2.76,10,0
11/9/2005 3:00,30994.13,11.11,9.3,2.3,2.36,10,0
11/9/2005 4:00,30994.17,11.11,9.5,4,2.41,10,0
11/9/2005 5:00,30994.21,10.56,9.5,3.7,2.41,10,0
11/9/2005 6:00,30994.25,10.56,9.4,3,2.29,10,2
11/9/2005 7:00,30994.29,12.22,9.2,2.8,2.08,9.61,32
11/9/2005 8:00,30994.34,15,9.6,2.4,2.09,9.11,115
11/9/2005 9:00,30994.38,17.78,10.1,1.7,2.5,3.89,350
11/9/2005 10:00,30994.42,20.56,10.2,1.6,3.21,2.48,466
11/9/2005 11:00,30994.46,21.67,9.8,1.7,3.91,2.76,509
11/9/2005 12:00,30994.5,22.22,9.8,1.8,4.01,3.61,490
11/9/2005 13:00,30994.55,24.44,9.1,2.1,3.67,4.51,421
11/9/2005 14:00,30994.59,23.33,8.5,2.8,3.8,5.93,299
11/9/2005 15:00,30994.63,21.67,8.7,2.2,4.15,8.5,132
11/9/2005 16:00,30994.67,17.78,8.9,1.1,4.21,10,14
11/9/2005 17:00,30994.71,16.11,8.9,1.2,3.94,10,0
11/9/2005 18:00,30994.76,15,8.3,1.2,3.94,10,0
11/9/2005 19:00,30994.8,15.56,8.1,2.2,4.89,10,0
11/9/2005 20:00,30994.84,14.44,7.3,1.6,5.39,10,0
11/9/2005 21:00,30994.88,15.56,7.1,1.7,4.64,10,0
11/9/2005 22:00,30994.92,14.44,7,0.7,3.91,10,0
11/9/2005 23:00,30994.97,11.11,6.8,0.9,1.57,10,0
11/10/2005 0:00,30995,12.78,6.6,0.7,1.33,10,0
11/10/2005 1:00,30995.04,11.67,7.1,0.8,0.91,10,0
11/10/2005 2:00,30995.08,11.11,6.9,1.1,1.59,10,0
11/10/2005 3:00,30995.13,11.67,6.9,0.8,1.17,10,0
11/10/2005 4:00,30995.17,12.78,6.5,0.8,0.94,10,0
11/10/2005 5:00,30995.21,10,6.6,1,4.63,10,0
11/10/2005 6:00,30995.25,11.11,7.6,1.1,1.36,10,2
11/10/2005 7:00,30995.29,12.22,8.1,1.1,1.64,8.6,40
11/10/2005 8:00,30995.34,15,8.3,1.3,1.94,8.92,119
11/10/2005 9:00,30995.38,17.22,8.5,1.7,1.87,8.66,197
11/10/2005 10:00,30995.42,17.78,8.5,1.7,2.69,9.4,205
11/10/2005 11:00,30995.46,16.67,8.6,1.4,3.84,8.77,266
11/10/2005 12:00,30995.5,17.22,8.9,1.7,4.73,8.7,270
11/10/2005 13:00,30995.55,18.89,8.8,2.4,5.04,10,149
11/10/2005 14:00,30995.59,18.89,8.9,1.6,5.34,10,79
11/10/2005 15:00,30995.63,16.67,9.2,0.9,2.53,10,32
11/10/2005 16:00,30995.67,15.56,9.5,1.5,4.21,10,6
11/10/2005 17:00,30995.71,13.89,10.4,1.5,2.79,10,1
11/10/2005 18:00,30995.76,13.33,11,1.3,3.4,10,0
11/10/2005 19:00,30995.8,13.33,11.1,0.9,3.18,10,1
11/10/2005 20:00,30995.84,12.22,10.8,0.8,3.86,10,1
11/10/2005 21:00,30995.88,12.78,10.8,0.7,4.68,10,2
11/10/2005 22:00,30995.92,12.78,11,1.5,2.13,10,2
11/10/2005 23:00,30995.97,13.33,10.7,1,1.85,10,2
11/11/2005 0:00,30996,12.78,10.7,0.9,0.99,10,2
11/11/2005 1:00,30996.04,12.22,10.8,0.7,2.02,10,2
11/11/2005 2:00,30996.08,11.67,10.5,0.6,1.64,10,2
11/11/2005 3:00,30996.13,11.11,9.5,0.7,1.1,10,2
11/11/2005 4:00,30996.17,11.11,8.5,0.5,1.12,10,1
11/11/2005 5:00,30996.21,10.56,7.2,0.5,1.12,10,1
11/11/2005 6:00,30996.25,11.11,8,0.6,1.03,10,5
11/11/2005 7:00,30996.29,11.67,9.2,0.9,1.34,7.21,49
11/11/2005 8:00,30996.34,12.78,10,1,2.23,9.15,111
11/11/2005 9:00,30996.38,13.89,10.6,1.2,1.01,9.19,172
11/11/2005 10:00,30996.42,18.89,11.5,2.1,1.99,8.24,267
11/11/2005 11:00,30996.46,18.33,11.4,2.6,2.3,9.32,230
11/11/2005 12:00,30996.5,18.89,11.5,2.2,2.06,4.25,466
11/11/2005 13:00,30996.55,19.44,10.6,1.8,1.9,3.92,430
11/11/2005 14:00,30996.59,20,9,1.1,5.25,5.11,316
11/11/2005 15:00,30996.63,19.44,9.3,1.6,6.21,6.44,177
11/11/2005 16:00,30996.67,16.67,9.4,1.2,0.31,8.7,37
11/11/2005 17:00,30996.71,14.44,9.3,0.6,1.13,10,0
11/11/2005 18:00,30996.76,15,9.2,0.8,0.44,10,0
11/11/2005 19:00,30996.8,13.33,8.8,0.7,1.71,10,0
11/11/2005 20:00,30996.84,13.33,8.4,0.9,4.24,10,0
11/11/2005 21:00,30996.88,12.22,7.8,0.6,2.88,10,0
11/11/2005 22:00,30996.92,12.22,7.3,0.8,0.86,10,1
11/11/2005 23:00,30996.97,12.78,6,0.8,5.24,10,2
11/12/2005 0:00,30997,10.56,5.8,0.7,0.93,10,2
11/12/2005 1:00,30997.04,10.56,5.5,0.7,4.01,10,2
11/12/2005 2:00,30997.08,10.56,5.1,0.8,5.5,10,1
11/12/2005 3:00,30997.13,10.56,5.2,0.7,5.67,10,2
11/12/2005 4:00,30997.17,10,4.3,0.9,4.33,10,1
11/12/2005 5:00,30997.21,8.89,4.1,0.5,4.69,10,1
11/12/2005 6:00,30997.25,8.89,3.5,0.5,5.32,10,7
11/12/2005 7:00,30997.29,11.67,5.2,1.4,5.08,0,76
11/12/2005 8:00,30997.34,12.22,7.3,2,5.17,0,261
11/12/2005 9:00,30997.38,16.11,8.1,2.2,5.36,0,401
11/12/2005 10:00,30997.42,19.44,9.1,3.3,5.17,0,485
11/12/2005 11:00,30997.46,18.89,9.6,2.9,4.9,1.01,521
11/12/2005 12:00,30997.5,20.56,9.5,2,4.19,3.13,491
11/12/2005 13:00,30997.55,20.56,9.4,1.8,4.47,4.11,422
11/12/2005 14:00,30997.59,20.56,9.1,2.6,4.92,5.19,311
11/12/2005 15:00,30997.63,17.22,9.2,2.4,4.85,6.43,175
11/12/2005 16:00,30997.67,14.44,8.4,2.1,4.66,8.64,36
11/12/2005 17:00,30997.71,13.89,7.9,1.7,4.69,10,1
11/12/2005 18:00,30997.76,13.33,8.5,1.4,4.61,10,0
11/12/2005 19:00,30997.8,12.78,8.8,1,4.92,10,0
11/12/2005 20:00,30997.84,12.78,8.4,0.6,2.13,10,0
11/12/2005 21:00,30997.88,11.11,7.5,0.6,5.5,10,0
11/12/2005 22:00,30997.92,11.11,6.9,0.5,5.86,10,0
11/12/2005 23:00,30997.97,11.11,6.7,1,0.94,10,2
11/13/2005 0:00,30998,11.67,5.6,1,4.96,10,2
11/13/2005 1:00,30998.04,11.67,5.6,0.7,1.55,10,2
11/13/2005 2:00,30998.08,10.56,5.3,0.9,5.22,10,1
11/13/2005 3:00,30998.13,11.67,4.7,0.8,5.18,10,1
11/13/2005 4:00,30998.17,10.56,4.2,0.5,0.35,10,1
11/13/2005 5:00,30998.21,10,4.3,0.7,0.72,10,1
11/13/2005 6:00,30998.25,10,4.7,0.8,1.43,10,6
11/13/2005 7:00,30998.29,12.22,5.8,1,1.31,0,81
11/13/2005 8:00,30998.34,13.89,8.6,1.5,2.06,0,238
11/13/2005 9:00,30998.38,16.11,9.4,1.7,2.22,4.02,335
11/13/2005 10:00,30998.42,20,9.9,2.3,2.43,1.53,464
11/13/2005 11:00,30998.46,20.56,9.8,2.1,2.41,4.67,447
11/13/2005 12:00,30998.5,20,9.3,1.8,2.95,5.51,418
11/13/2005 13:00,30998.55,20.56,8.6,1,3.02,8.42,254
11/13/2005 14:00,30998.59,20,8.3,1.1,2.37,4.48,325
11/13/2005 15:00,30998.63,18.89,7.8,0.8,4.49,8.03,137
11/13/2005 16:00,30998.67,15.56,8,0.6,1.71,9.94,24
11/13/2005 17:00,30998.71,16.11,8.3,0.6,2.22,10,0
11/13/2005 18:00,30998.76,15,8.5,0.7,2.22,10,0
11/13/2005 19:00,30998.8,14.44,8.5,0.5,1.12,10,0
11/13/2005 20:00,30998.84,13.33,8.3,1.1,1.19,10,0
11/13/2005 21:00,30998.88,12.22,7.7,0.9,1.26,10,0
11/13/2005 22:00,30998.92,11.67,6.6,0.8,0.49,10,0
11/13/2005 23:00,30998.97,10.56,6.7,1,0.98,10,0
11/14/2005 0:00,30999,12.22,6.2,0.8,1.66,10,0
11/14/2005 1:00,30999.04,11.11,6.1,0.6,0.68,10,0
11/14/2005 2:00,30999.08,11.11,5.6,0.9,0.45,10,0
11/14/2005 3:00,30999.13,11.67,5.5,0.8,1.15,10,0
11/14/2005 4:00,30999.17,10.56,5.7,0.9,0.86,10,0
11/14/2005 5:00,30999.21,10,5.2,0.6,1.06,10,0
11/14/2005 6:00,30999.25,10,4.4,0.6,0.65,10,4
11/14/2005 7:00,30999.29,10.56,6.2,0.9,1.33,0,78
11/14/2005 8:00,30999.34,12.78,9.3,1.1,1.92,2.55,224
11/14/2005 9:00,30999.38,15.56,9.3,1.5,2.29,3.29,345
11/14/2005 10:00,30999.42,21.67,9,1,1.88,3.13,438
11/14/2005 11:00,30999.46,21.11,9.2,1.5,2.9,4.64,445
11/14/2005 12:00,30999.5,21.11,9.2,1.4,3.33,4.89,437
11/14/2005 13:00,30999.55,22.22,8.7,1.3,4.82,5.92,361
11/14/2005 14:00,30999.59,21.11,8.3,1.2,2.97,6.36,273
11/14/2005 15:00,30999.63,19.44,8.2,0.8,4.31,7.84,140
11/14/2005 16:00,30999.67,16.67,8.1,0.7,4.1,9.94,23
11/14/2005 17:00,30999.71,16.11,8.4,0.7,1.27,10,0
11/14/2005 18:00,30999.76,15,8.5,0.7,1.31,10,0
11/14/2005 19:00,30999.8,14.44,8.2,0.8,0.72,10,0
11/14/2005 20:00,30999.84,13.89,8.1,0.9,1.27,10,0
11/14/2005 21:00,30999.88,12.78,7.5,1.2,1.34,10,0
11/14/2005 22:00,30999.92,13.33,7.4,0.8,4.31,10,0
11/14/2005 23:00,30999.97,12.22,6.6,0.9,5.39,10,0
11/15/2005 0:00,31000,11.67,6.2,0.6,2.64,10,0
11/15/2005 1:00,31000.04,12.22,6.2,1,1.08,10,0
11/15/2005 2:00,31000.08,11.11,5.8,0.8,1.33,10,0
11/15/2005 3:00,31000.13,11.11,4.9,0.7,5.5,10,0
11/15/2005 4:00,31000.17,11.67,4.9,0.9,1.43,10,0
11/15/2005 5:00,31000.21,11.11,4.9,1.1,1.1,10,0
11/15/2005 6:00,31000.25,11.11,5,0.7,0.24,10,5
11/15/2005 7:00,31000.29,11.67,6.6,1.1,1.47,0,76
11/15/2005 8:00,31000.34,13.33,8.8,2,2.32,2.69,220
11/15/2005 9:00,31000.38,17.22,9.1,2.2,2.36,3.29,342
11/15/2005 10:00,31000.42,22.22,9.6,1.8,2.5,2.4,447
11/15/2005 11:00,31000.46,23.89,9.7,1.4,2.25,3.15,481
11/15/2005 12:00,31000.5,23.89,9.2,1.2,3.18,3.04,483
11/15/2005 13:00,31000.55,25,8.8,1.2,2.69,3.95,417
11/15/2005 14:00,31000.59,23.89,8.5,0.8,1.26,5.87,285
11/15/2005 15:00,31000.63,22.78,8.4,1.1,2.69,6.54,166
11/15/2005 16:00,31000.67,20,8.5,0.7,2.93,8.29,34
11/15/2005 17:00,31000.71,17.78,9.2,0.5,1.75,10,0
11/15/2005 18:00,31000.76,16.11,9,0.5,4.36,10,0
11/15/2005 19:00,31000.8,16.11,9.1,0.7,0.63,10,0
11/15/2005 20:00,31000.84,15,8.7,0.5,0.12,10,0
11/15/2005 21:00,31000.88,14.44,8,0.5,0.31,10,0
11/15/2005 22:00,31000.92,14.44,7.5,0.6,0.4,10,0
11/15/2005 23:00,31000.97,12.22,6.8,0.5,0.23,10,0
11/16/2005 0:00,31001,13.89,6.1,0.6,6.07,10,0
11/16/2005 1:00,31001.04,13.89,5.6,0.6,0.17,10,0
11/16/2005 2:00,31001.08,12.78,5.2,0.6,2.72,10,0
11/16/2005 3:00,31001.13,13.33,4.6,0.7,1.19,10,0
11/16/2005 4:00,31001.17,12.78,4.4,0.6,0.47,10,1
11/16/2005 5:00,31001.21,13.33,3.9,0.5,0.91,10,1
11/16/2005 6:00,31001.25,13.33,3.9,0.5,5.5,10,6
11/16/2005 7:00,31001.29,13.89,5.8,0.5,2.71,0,101
11/16/2005 8:00,31001.34,17.78,8.9,0.5,1.36,0,250
11/16/2005 9:00,31001.38,21.67,8.2,0.7,1.59,0,375
11/16/2005 10:00,31001.42,22.78,8.3,0.9,0.3,0,464
11/16/2005 11:00,31001.46,24.44,7.3,1.4,4.15,1.31,505
11/16/2005 12:00,31001.5,26.11,5,2,4.03,2.78,485
11/16/2005 13:00,31001.55,26.67,4.9,2.1,4.42,3.73,419
11/16/2005 14:00,31001.59,25,4.1,1.9,4.57,4.83,309
11/16/2005 15:00,31001.63,23.89,4.3,2.1,4.45,6.48,165
11/16/2005 16:00,31001.67,20.56,5.6,1.2,4.71,8.52,31
11/16/2005 17:00,31001.71,16.67,6.8,0.7,4.57,10,0
11/16/2005 18:00,31001.76,15,7.4,0.6,4.15,10,0
11/16/2005 19:00,31001.8,16.11,7.6,0.7,6.16,10,0
11/16/2005 20:00,31001.84,15,7.5,0.5,4.49,10,0
11/16/2005 21:00,31001.88,14.44,6.9,0.5,0.07,10,0
11/16/2005 22:00,31001.92,12.78,6.5,0.8,1.5,10,0
11/16/2005 23:00,31001.97,13.33,5.8,0.6,0.79,10,0
11/17/2005 0:00,31002,13.33,5.6,0.8,0.56,10,0
11/17/2005 1:00,31002.04,12.22,4.9,0.5,1.17,10,0
11/17/2005 2:00,31002.08,12.78,4.2,0.7,0.17,10,0
11/17/2005 3:00,31002.13,11.67,4,0.5,1.55,10,0
11/17/2005 4:00,31002.17,12.22,3.5,0.6,0.63,10,0
11/17/2005 5:00,31002.21,11.67,3.6,0.7,0.82,10,0
11/17/2005 6:00,31002.25,11.11,3.1,0.6,0.49,10,4
11/17/2005 7:00,31002.29,12.78,4.4,0.7,6.02,0,87
11/17/2005 8:00,31002.34,15,6.5,1,1.31,0,237
11/17/2005 9:00,31002.38,20,7,1.9,1.95,0.54,361
11/17/2005 10:00,31002.42,23.89,7.5,1.8,2.39,1.41,452
11/17/2005 11:00,31002.46,23.89,7.8,1.4,2.86,1.94,495
11/17/2005 12:00,31002.5,26.11,7.1,1.6,3.53,2.88,480
11/17/2005 13:00,31002.55,25.56,6.9,1.9,3.87,4.24,404
11/17/2005 14:00,31002.59,26.11,5.9,1.5,4.15,5.39,293
11/17/2005 15:00,31002.63,23.89,5.3,1.1,4.87,6.89,155
11/17/2005 16:00,31002.67,20,6.2,1,4.29,8.78,28
11/17/2005 17:00,31002.71,18.89,6.9,0.5,4.75,10,0
11/17/2005 18:00,31002.76,17.22,7,0.4,5.06,10,0
11/17/2005 19:00,31002.8,15.56,6.9,0.6,5.46,10,0
11/17/2005 20:00,31002.84,15.56,6.7,0.7,1.17,10,0
11/17/2005 21:00,31002.88,14.44,6.6,0.8,0.56,10,0
11/17/2005 22:00,31002.92,13.33,5.7,0.6,1.05,10,0
11/17/2005 23:00,31002.97,13.89,4.9,0.8,0.47,10,0
11/18/2005 0:00,31003,13.33,4.8,0.8,0.72,10,0
11/18/2005 1:00,31003.04,12.78,4.6,0.6,0.68,10,0
11/18/2005 2:00,31003.08,11.67,3.9,0.6,0.02,10,0
11/18/2005 3:00,31003.13,11.11,3.9,0.8,1.15,10,0
11/18/2005 4:00,31003.17,11.11,3.7,0.8,0.72,10,0
11/18/2005 5:00,31003.21,11.11,2.9,0.6,0.19,10,0
11/18/2005 6:00,31003.25,10.56,2.5,0.6,1.2,10,4
11/18/2005 7:00,31003.29,11.67,4.3,0.6,5.97,0,93
11/18/2005 8:00,31003.34,16.11,6.5,0.9,1.34,0,242
11/18/2005 9:00,31003.38,21.67,6.8,1.1,2.2,0,370
11/18/2005 10:00,31003.42,25,7.4,1.1,3.39,0,463
11/18/2005 11:00,31003.46,25.56,6.7,1.7,4.4,0,505
11/18/2005 12:00,31003.5,27.78,6.3,1.7,4.64,2,491
11/18/2005 13:00,31003.55,28.33,4.2,1.7,4.38,3.21,424
11/18/2005 14:00,31003.59,27.22,2.5,2,3.8,4.5,311
11/18/2005 15:00,31003.63,24.44,2.1,1.6,4.12,6.26,165
11/18/2005 16:00,31003.67,21.11,3.1,0.8,4.15,8.9,26
11/18/2005 17:00,31003.71,18.33,4.3,0.6,4.99,10,0
11/18/2005 18:00,31003.76,18.33,4.7,0.5,4.92,10,0
11/18/2005 19:00,31003.8,17.22,5.2,0.6,5.72,10,0
11/18/2005 20:00,31003.84,15.56,5.7,0.7,0.7,10,0
11/18/2005 21:00,31003.88,13.89,5.7,0.5,5.85,10,0
11/18/2005 22:00,31003.92,13.33,5.2,0.6,0.35,10,0
11/18/2005 23:00,31003.97,13.89,4.2,0.6,5.62,10,0
11/19/2005 0:00,31004,13.33,3.6,0.5,0.23,10,0
11/19/2005 1:00,31004.04,13.33,3.4,0.7,0.91,10,0
11/19/2005 2:00,31004.08,11.67,2.8,0.7,6.27,10,0
11/19/2005 3:00,31004.13,11.11,2.3,0.6,0.49,10,0
11/19/2005 4:00,31004.17,12.22,2.1,0.8,1.34,10,0
11/19/2005 5:00,31004.21,11.11,2.4,0.6,0.37,10,0
11/19/2005 6:00,31004.25,10.56,1.2,0.6,0.24,10,4
11/19/2005 7:00,31004.29,11.11,2.8,0.6,0.66,0,90
11/19/2005 8:00,31004.34,13.89,5.1,1.8,2.08,0,239
11/19/2005 9:00,31004.38,20.56,5.1,2.2,2.15,0,363
11/19/2005 10:00,31004.42,22.22,4.9,2,2.51,0,453
11/19/2005 11:00,31004.46,23.33,5.2,1.7,2.78,1.48,494
11/19/2005 12:00,31004.5,24.44,4.6,1.3,3.63,2.35,483
11/19/2005 13:00,31004.55,25,4.2,1.2,3.23,3.66,412
11/19/2005 14:00,31004.59,25.56,3.7,1.1,4.14,5.15,294
11/19/2005 15:00,31004.63,23.89,3.2,0.9,4.19,6.85,152
11/19/2005 16:00,31004.67,18.89,3.1,0.6,4.73,8.33,28
11/19/2005 17:00,31004.71,17.78,4.5,0.5,0.66,10,0
11/19/2005 18:00,31004.76,16.67,4.8,0.5,6,10,0
11/19/2005 19:00,31004.8,14.44,4.9,0.5,0.75,10,0
11/19/2005 20:00,31004.84,14.44,5.1,0.7,0.98,10,0
11/19/2005 21:00,31004.88,13.33,4.6,0.7,0.19,10,0
11/19/2005 22:00,31004.92,13.33,3.4,0.7,0.75,10,0
11/19/2005 23:00,31004.97,13.89,3.3,0.8,6.25,10,0
11/20/2005 0:00,31005,12.22,3.1,0.6,6.14,10,0
11/20/2005 1:00,31005.04,12.22,2.4,1,0.75,10,0
11/20/2005 2:00,31005.08,11.67,2,0.6,6.16,10,0
11/20/2005 3:00,31005.13,11.11,1.6,0.6,0.61,10,0
11/20/2005 4:00,31005.17,10.56,1.8,0.5,1.36,10,0
11/20/2005 5:00,31005.21,10.56,1.3,0.6,0.16,10,0
11/20/2005 6:00,31005.25,9.44,1.3,0.8,0.87,10,4
11/20/2005 7:00,31005.29,10.56,2.6,0.5,1.13,0,94
11/20/2005 8:00,31005.34,16.67,4.4,1.1,2.11,0,240
11/20/2005 9:00,31005.38,20.56,5.5,1.5,2.13,0,360
11/20/2005 10:00,31005.42,22.78,6,1.5,2.44,0,455
11/20/2005 11:00,31005.46,25.56,5.1,1,2.76,0,500
11/20/2005 12:00,31005.5,27.78,4.2,1.2,5.67,1.84,487
11/20/2005 13:00,31005.55,30,3.7,1.2,5.93,3.12,420
11/20/2005 14:00,31005.59,27.78,0.9,0.8,0.54,4.3,310
11/20/2005 15:00,31005.63,26.11,-0.1,1,3.98,5.85,168
11/20/2005 16:00,31005.67,21.67,1.2,1,4.12,7.88,29
11/20/2005 17:00,31005.71,20,2.4,0.6,4.75,10,0
11/20/2005 18:00,31005.76,18.33,3.1,0.5,4.61,10,0
11/20/2005 19:00,31005.8,16.11,3.9,0.5,1.38,10,0
11/20/2005 20:00,31005.84,15,5,0.5,0.54,10,0
11/20/2005 21:00,31005.88,14.44,5.1,0.5,0.47,10,0
11/20/2005 22:00,31005.92,13.33,4.4,0.7,1.06,10,0
11/20/2005 23:00,31005.97,11.67,3.2,0.8,1.2,10,0
11/21/2005 0:00,31006,15,1.9,0.8,1.22,10,0
11/21/2005 1:00,31006.04,13.33,1.2,0.9,0.59,10,0
11/21/2005 2:00,31006.08,13.33,1,0.6,0.45,10,0
11/21/2005 3:00,31006.13,12.78,0.9,0.5,3.09,10,0
11/21/2005 4:00,31006.17,12.78,1.1,0.7,1.03,10,0
11/21/2005 5:00,31006.21,11.67,0.4,0.9,1.4,10,0
11/21/2005 6:00,31006.25,12.78,-0.1,0.9,1.38,10,3
11/21/2005 7:00,31006.29,13.89,1.2,0.7,0.47,0,90
11/21/2005 8:00,31006.34,15.56,3.2,1.2,1.9,0,228
11/21/2005 9:00,31006.38,17.78,2.9,1.8,2.18,0,356
11/21/2005 10:00,31006.42,25.56,2.2,1.8,2.6,0,450
11/21/2005 11:00,31006.46,24.44,2.6,1.6,2.9,0,497
11/21/2005 12:00,31006.5,26.67,2.4,1.5,4.24,2.9,468
11/21/2005 13:00,31006.55,27.78,2.1,1.9,4.17,3.55,409
11/21/2005 14:00,31006.59,26.67,1.2,2.6,4.43,4.01,313
11/21/2005 15:00,31006.63,23.89,1.6,2,4.45,7.42,137
11/21/2005 16:00,31006.67,19.44,2.4,1.2,4.63,3.76,42
11/21/2005 17:00,31006.71,17.78,3,0.6,4.94,10,0
11/21/2005 18:00,31006.76,17.22,3.9,0.7,6.23,10,0
11/21/2005 19:00,31006.8,16.11,4,1.1,3.44,10,0
11/21/2005 20:00,31006.84,15.56,4,0.8,0.4,10,0
11/21/2005 21:00,31006.88,13.33,3.9,0.9,0.4,10,0
11/21/2005 22:00,31006.92,13.33,3.1,0.8,3.79,10,0
11/21/2005 23:00,31006.97,13.89,2.6,0.7,0.4,10,0
11/22/2005 0:00,31007,12.78,2.5,0.6,0.72,10,0
11/22/2005 1:00,31007.04,12.22,2.7,0.8,0.12,10,0
11/22/2005 2:00,31007.08,13.33,1.9,0.6,5.06,10,0
11/22/2005 3:00,31007.13,11.67,1.3,0.6,5.36,10,0
11/22/2005 4:00,31007.17,12.78,1.3,0.6,1.45,10,0
11/22/2005 5:00,31007.21,11.11,1.2,0.7,1.29,10,0
11/22/2005 6:00,31007.25,11.11,1.1,0.9,0.54,10,3
11/22/2005 7:00,31007.29,12.78,1.2,0.6,1.88,0,83
11/22/2005 8:00,31007.34,15,3.2,1.4,2.13,0,218
11/22/2005 9:00,31007.38,20.56,3,1.8,2.13,1.23,344
11/22/2005 10:00,31007.42,21.67,2.6,1.8,2.48,1.56,436
11/22/2005 11:00,31007.46,22.78,2.3,1.4,3.02,2.7,469
11/22/2005 12:00,31007.5,23.89,2.6,1,3.21,3.67,449
11/22/2005 13:00,31007.55,25.56,2.6,1.4,4.78,4.74,378
11/22/2005 14:00,31007.59,24.44,3.1,1.3,4.71,6.13,262
11/22/2005 15:00,31007.63,23.33,2.3,1,4.52,7.09,142
11/22/2005 16:00,31007.67,18.89,2.4,0.5,3.94,6.19,33
11/22/2005 17:00,31007.71,17.22,2.7,0.4,0.12,10,0
11/22/2005 18:00,31007.76,17.22,4.8,0.6,5.17,10,0
11/22/2005 19:00,31007.8,16.11,5.3,0.5,0.03,10,0
11/22/2005 20:00,31007.84,13.89,5.1,0.5,4.26,10,0
11/22/2005 21:00,31007.88,14.44,4.9,0.6,1.59,10,0
11/22/2005 22:00,31007.92,13.89,4.1,0.6,5.76,10,0
11/22/2005 23:00,31007.97,13.89,3.1,0.6,0.09,10,0
11/23/2005 0:00,31008,13.33,2,0.5,0.37,10,0
11/23/2005 1:00,31008.04,12.78,1.7,0.6,4.24,10,0
11/23/2005 2:00,31008.08,11.67,1.9,0.7,0.4,10,0
11/23/2005 3:00,31008.13,12.22,2.6,0.6,0.35,10,0
11/23/2005 4:00,31008.17,12.22,2.2,0.6,1.87,10,0
11/23/2005 5:00,31008.21,11.11,1.4,0.6,4.96,10,0
11/23/2005 6:00,31008.25,10.56,1.6,0.5,1.34,10,2
11/23/2005 7:00,31008.29,12.78,2.8,1,1.33,0,49
11/23/2005 8:00,31008.34,13.89,3.8,1.5,1.68,7.96,123
11/23/2005 9:00,31008.38,14.44,4.5,1.4,1.95,7.93,204
11/23/2005 10:00,31008.42,18.33,5,1.6,2.6,6.18,331
11/23/2005 11:00,31008.46,23.33,4.7,1.2,3.18,4.29,431
11/23/2005 12:00,31008.5,23.33,3.5,1.7,4.12,4.39,428
11/23/2005 13:00,31008.55,23.33,3.3,1.7,3.91,5.15,364
11/23/2005 14:00,31008.59,20,2.4,1.7,4.43,8.75,173
11/23/2005 15:00,31008.63,18.33,3.2,1.1,4.26,10,51
11/23/2005 16:00,31008.67,16.67,3.8,0.5,4.33,10,12
11/23/2005 17:00,31008.71,15.56,4.6,0.6,4.76,10,0
11/23/2005 18:00,31008.76,15,5.2,0.8,1.24,10,0
11/23/2005 19:00,31008.8,14.44,4.8,0.7,4.71,10,0
11/23/2005 20:00,31008.84,13.33,4.9,0.6,1.19,10,0
11/23/2005 21:00,31008.88,12.78,4.9,0.6,0.99,10,0
11/23/2005 22:00,31008.92,13.33,3.9,0.7,6.14,10,0
11/23/2005 23:00,31008.97,12.78,3.8,0.7,1.13,10,0
11/24/2005 0:00,31009,11.11,2.8,0.6,0.12,10,0
11/24/2005 1:00,31009.04,11.11,2.4,0.7,2.23,10,0
11/24/2005 2:00,31009.08,11.11,1.9,0.8,6.11,10,0
11/24/2005 3:00,31009.13,11.11,2.3,1.1,0.61,10,0
11/24/2005 4:00,31009.17,10.56,1.6,0.6,6.23,10,0
11/24/2005 5:00,31009.21,9.44,0.7,0.8,6.21,10,0
11/24/2005 6:00,31009.25,8.89,1.3,0.9,1.1,10,2
11/24/2005 7:00,31009.29,11.11,2.3,0.8,4.82,0,65
11/24/2005 8:00,31009.34,13.89,4.5,0.7,4.5,3.42,191
11/24/2005 9:00,31009.38,17.22,5,0.8,1.36,3.02,322
11/24/2005 10:00,31009.42,21.11,4.9,1.2,2.34,3.23,408
11/24/2005 11:00,31009.46,21.11,5,1.5,3.56,3.41,450
11/24/2005 12:00,31009.5,25.56,4.2,1.2,2.46,4,436
11/24/2005 13:00,31009.55,23.33,3.9,1.3,2.98,5.21,360
11/24/2005 14:00,31009.59,21.11,3.7,1.1,3.94,9.39,146
11/24/2005 15:00,31009.63,19.44,3.7,1.7,4.45,9.07,96
11/24/2005 16:00,31009.67,18.89,4.3,0.6,4.33,10,11
11/24/2005 17:00,31009.71,17.78,5.6,0.5,4.89,10,0
11/24/2005 18:00,31009.76,15.56,6.1,0.7,3.05,10,0
11/24/2005 19:00,31009.8,16.11,6.1,0.8,4.85,10,0
11/24/2005 20:00,31009.84,16.11,5.8,0.8,0.3,10,0
11/24/2005 21:00,31009.88,15,5.3,0.9,3.61,10,0
11/24/2005 22:00,31009.92,13.89,5.4,0.6,3.94,10,0
11/24/2005 23:00,31009.97,11.11,5.3,0.9,0.05,10,0
11/25/2005 0:00,31010,12.78,5.1,0.8,1.13,10,0
11/25/2005 1:00,31010.04,13.33,5.6,0.9,1.1,10,0
11/25/2005 2:00,31010.08,13.33,5.4,0.8,1.61,10,0
11/25/2005 3:00,31010.13,13.33,5.7,1.2,4.14,10,0
11/25/2005 4:00,31010.17,13.33,6.1,0.8,4.54,10,0
11/25/2005 5:00,31010.21,13.89,6.7,2.1,1.12,10,0
11/25/2005 6:00,31010.25,13.89,6.3,1.1,1.78,10,1
11/25/2005 7:00,31010.29,13.89,6.9,1.5,2.97,8.8,19
11/25/2005 8:00,31010.34,13.89,6.6,2.3,2.62,9.08,95
11/25/2005 9:00,31010.38,14.44,7,2.2,2.01,9.22,152
11/25/2005 10:00,31010.42,18.33,7.2,2.2,2.04,7.59,272
11/25/2005 11:00,31010.46,17.78,7.6,2.2,2.11,8.97,231
11/25/2005 12:00,31010.5,18.89,6.8,2.2,1.78,8.82,239
11/25/2005 13:00,31010.55,17.78,5.8,1.4,2.29,10,127
11/25/2005 14:00,31010.59,16.67,7.9,2.1,5.06,10,99
11/25/2005 15:00,31010.63,16.11,9.6,1.7,5.81,10,50
11/25/2005 16:00,31010.67,15.56,9.5,1.9,5.53,10,7
11/25/2005 17:00,31010.71,15,9.8,1.6,4.87,10,0
11/25/2005 18:00,31010.76,12.78,9.6,2.3,4.76,10,0
11/25/2005 19:00,31010.8,13.33,9.7,2.7,4.8,10,0
11/25/2005 20:00,31010.84,12.78,9,2.3,5.2,10,0
11/25/2005 21:00,31010.88,11.67,8.8,3,5.25,10,0
11/25/2005 22:00,31010.92,10.56,8.8,3.9,5.2,10,0
11/25/2005 23:00,31010.97,14.44,7.6,4,5.08,10,0
11/26/2005 0:00,31011,9.44,6.1,6.1,5.04,10,0
11/26/2005 1:00,31011.04,9.44,5.3,5.3,5.31,10,0
11/26/2005 2:00,31011.08,8.89,3.9,5.9,5.15,10,0
11/26/2005 3:00,31011.13,7.78,3.3,5,5.11,10,0
11/26/2005 4:00,31011.17,7.22,2.9,5.4,5.17,10,0
11/26/2005 5:00,31011.21,6.11,2.6,3.9,5.06,10,0
11/26/2005 6:00,31011.25,3.89,2.3,3.5,4.97,10,2
11/26/2005 7:00,31011.29,3.89,2.5,3.5,4.96,0,74
11/26/2005 8:00,31011.34,7.78,3.2,3.9,5.06,0,221
11/26/2005 9:00,31011.38,9.44,4.3,4.2,4.97,3.66,308
11/26/2005 10:00,31011.42,10.56,4.7,5.1,5.08,1.84,423
11/26/2005 11:00,31011.46,16.11,3.4,5.4,5.13,0,485
11/26/2005 12:00,31011.5,14.44,0.4,6,5.17,1.74,472
11/26/2005 13:00,31011.55,15.56,-0.6,6.6,5.15,3.17,404
11/26/2005 14:00,31011.59,13.33,-3.9,7,5.1,4.27,297
11/26/2005 15:00,31011.63,13.33,-4,6.9,5.1,5.14,167
11/26/2005 16:00,31011.67,10.56,-4.3,5.3,5.22,5.3,29
11/26/2005 17:00,31011.71,10.56,-3.9,3.7,5.13,10,0
11/26/2005 18:00,31011.76,10,-4,4.4,5.06,10,0
11/26/2005 19:00,31011.8,7.78,-4,4.2,5.45,10,0
11/26/2005 20:00,31011.84,6.11,-3.3,3.2,5.1,10,0
11/26/2005 21:00,31011.88,7.22,-2.8,3.6,5.15,10,0
11/26/2005 22:00,31011.92,6.11,-2.5,1.5,5.9,10,0
11/26/2005 23:00,31011.97,11.11,-2.7,1.1,5.29,10,0
11/27/2005 0:00,31012,5.56,-2.5,0.8,4.45,10,0
11/27/2005 1:00,31012.04,5,-2.7,1.1,1.5,10,0
11/27/2005 2:00,31012.08,3.89,-2.9,1.3,1.78,10,0
11/27/2005 3:00,31012.13,3.33,-3.8,0.8,3.6,10,0
11/27/2005 4:00,31012.17,3.33,-4.2,1.1,0.45,10,0
11/27/2005 5:00,31012.21,2.78,-4,1.6,0.79,10,0
11/27/2005 6:00,31012.25,3.89,-3.6,1.5,1.4,10,2
11/27/2005 7:00,31012.29,3.89,-3.2,0.8,6.02,0,81
11/27/2005 8:00,31012.34,7.22,-0.8,1.3,2.46,0,221
11/27/2005 9:00,31012.38,11.11,-1.6,2.3,2.39,0,347
11/27/2005 10:00,31012.42,11.67,-2.4,3.2,2.27,0,433
11/27/2005 11:00,31012.46,12.78,-2.7,2.8,2.69,1.28,474
11/27/2005 12:00,31012.5,14.44,-2.9,2.2,2.51,2.72,456
11/27/2005 13:00,31012.55,15.56,-2.7,1.9,2.65,3.32,399
11/27/2005 14:00,31012.59,15.56,-3,1.4,2.71,4.63,288
11/27/2005 15:00,31012.63,14.44,-3,1,0.03,5.86,155
11/27/2005 16:00,31012.67,10.56,-3.5,0.5,4.76,6.61,24
11/27/2005 17:00,31012.71,8.89,-2.1,0.9,4.68,10,0
11/27/2005 18:00,31012.76,9.44,-1.5,0.7,2.04,10,0
11/27/2005 19:00,31012.8,8.33,-1.8,0.9,0.63,10,0
11/27/2005 20:00,31012.84,6.67,-1.4,0.6,1.66,10,0
11/27/2005 21:00,31012.88,6.11,-1.4,0.8,0.12,10,0
11/27/2005 22:00,31012.92,6.67,-1.7,0.7,0.58,10,0
11/27/2005 23:00,31012.97,5,-2.3,0.9,0.91,10,0
11/28/2005 0:00,31013,6.11,-2.7,0.6,0.77,10,0
11/28/2005 1:00,31013.04,5.56,-3,0.8,0.51,10,0
11/28/2005 2:00,31013.08,5,-3.4,1,0.72,10,0
11/28/2005 3:00,31013.13,6.11,-3,0.9,0.44,10,0
11/28/2005 4:00,31013.17,5.56,-3,0.6,5.25,10,0
11/28/2005 5:00,31013.21,5.56,-2.5,0.9,0.35,10,0
11/28/2005 6:00,31013.25,6.11,-1.7,0.6,2.71,10,1
11/28/2005 7:00,31013.29,6.67,-0.5,0.6,0.77,0,37
11/28/2005 8:00,31013.34,8.33,-0.2,1.6,1.92,8.68,101
11/28/2005 9:00,31013.38,10,-1,1.8,1.62,9.32,145
11/28/2005 10:00,31013.42,12.78,-0.9,2.3,2.11,9.55,174
11/28/2005 11:00,31013.46,13.33,-2,2.9,2.3,7.13,319
11/28/2005 12:00,31013.5,13.89,-3.7,3.2,2.48,8.4,258
11/28/2005 13:00,31013.55,13.89,-4.1,3,2.15,8.91,207
11/28/2005 14:00,31013.59,14.44,-4.7,2.3,1.83,9.19,150
11/28/2005 15:00,31013.63,14.44,-4.9,1.6,1.83,9.4,84
11/28/2005 16:00,31013.67,12.22,-4.1,1.4,1.45,8.15,18
11/28/2005 17:00,31013.71,12.22,-3,1.3,1.1,10,0
11/28/2005 18:00,31013.76,12.22,-1.6,1.4,5.18,10,0
11/28/2005 19:00,31013.8,12.22,-0.8,1,4.56,10,0
11/28/2005 20:00,31013.84,10,-0.2,1.1,4.97,10,0
11/28/2005 21:00,31013.88,10.56,2.2,1.1,5.18,10,0
11/28/2005 22:00,31013.92,11.11,3.3,1,3.4,10,0
11/28/2005 23:00,31013.97,5.56,4,1.3,4.33,10,0
11/29/2005 0:00,31014,9.44,4.8,1.4,0.75,10,0
11/29/2005 1:00,31014.04,10.56,4.9,1.3,0.84,10,0
11/29/2005 2:00,31014.08,9.44,4.8,1.4,2.32,10,0
11/29/2005 3:00,31014.13,9.44,4.9,1,2.48,10,0
11/29/2005 4:00,31014.17,8.89,4.6,2.3,2.97,10,0
11/29/2005 5:00,31014.21,8.89,4.8,2.5,3.07,10,0
11/29/2005 6:00,31014.25,9.44,5.2,1.9,1.41,10,0
11/29/2005 7:00,31014.29,10,5,1.5,1.5,9.4,13
11/29/2005 8:00,31014.34,11.11,4.9,1.6,1.87,10,64
11/29/2005 9:00,31014.38,13.89,3.9,2.8,1.83,6.35,244
11/29/2005 10:00,31014.42,14.44,2.1,3.3,2.11,6.84,296
11/29/2005 11:00,31014.46,15.56,2.5,3.3,2.02,8.55,249
11/29/2005 12:00,31014.5,16.11,3.1,2.7,1.92,7.28,311
11/29/2005 13:00,31014.55,14.44,3.4,1.6,1.78,9.05,199
11/29/2005 14:00,31014.59,13.89,4,1.2,1.36,10,82
11/29/2005 15:00,31014.63,13.89,4.7,1.5,0.49,10,49
11/29/2005 16:00,31014.67,13.33,5.3,1.2,0.65,8.14,17
11/29/2005 17:00,31014.71,12.78,5.4,1.2,4.94,10,0
11/29/2005 18:00,31014.76,11.67,6.6,1.2,5.25,10,0
11/29/2005 19:00,31014.8,13.33,7.6,1.8,6,10,0
11/29/2005 20:00,31014.84,12.78,8,1.4,6.18,10,0
11/29/2005 21:00,31014.88,13.33,8.3,0.8,5.2,10,0
11/29/2005 22:00,31014.92,12.78,8.6,0.7,3.75,10,0
11/29/2005 23:00,31014.97,9.44,9.6,1.7,5.06,10,0
11/30/2005 0:00,31015,12.78,10.6,2.9,5.18,10,0
11/30/2005 1:00,31015.04,11.11,10,3,5.13,10,0
11/30/2005 2:00,31015.08,10.56,9.5,3.1,5.15,10,0
11/30/2005 3:00,31015.13,11.11,8.8,2.6,4.96,10,0
11/30/2005 4:00,31015.17,10.56,8.1,2.6,4.94,10,0
11/30/2005 5:00,31015.21,8.89,7.7,3.5,5.11,10,0
11/30/2005 6:00,31015.25,8.33,7.4,3.7,5.24,10,1
11/30/2005 7:00,31015.29,8.89,7.1,3,5.18,8.89,14
11/30/2005 8:00,31015.34,9.44,7.3,2.6,5.17,10,46
11/30/2005 9:00,31015.38,8.89,7.3,2.2,5.25,10,68
11/30/2005 10:00,31015.42,10.56,7.7,1.3,5.81,10,88
11/30/2005 11:00,31015.46,10,8.3,1.1,2.91,10,142
11/30/2005 12:00,31015.5,10,8.4,2,2.27,10,109
11/30/2005 13:00,31015.55,11.67,8.7,2.3,1.71,6.96,290
11/30/2005 14:00,31015.59,12.22,9.1,3.1,1.85,7.41,211
11/30/2005 15:00,31015.63,11.67,9.2,2.2,2.04,5.09,161
11/30/2005 16:00,31015.67,12.22,8.8,1.2,1.52,5.8,22
11/30/2005 17:00,31015.71,12.22,8.8,0.9,1.82,10,0
11/30/2005 18:00,31015.76,12.78,8.3,1.3,1.27,10,0
11/30/2005 19:00,31015.8,12.22,8.3,1.5,1.22,10,0
11/30/2005 20:00,31015.84,12.22,8.3,1.2,1.54,10,0
11/30/2005 21:00,31015.88,11.67,7.8,1.4,1.5,10,0
11/30/2005 22:00,31015.92,12.22,7.7,1.7,1.38,10,0
11/30/2005 23:00,31015.97,13.33,7.8,1.3,1.1,10,0
12/1/2005 0:00,31016,12.78,7.3,1.2,1.31,10,0
12/1/2005 1:00,31016.04,12.78,7.8,1.6,1.5,10,0
12/1/2005 2:00,31016.08,11.67,8,1.8,1.69,10,0
12/1/2005 3:00,31016.13,12.78,7.8,2.3,1.85,10,0
12/1/2005 4:00,31016.17,13.33,7.5,2.4,1.82,10,0
12/1/2005 5:00,31016.21,13.89,7.6,2.4,2.02,10,0
12/1/2005 6:00,31016.25,13.89,7.5,1.7,1.92,10,0
12/1/2005 7:00,31016.29,15,7.4,2.5,2.01,10,8
12/1/2005 8:00,31016.34,15,7.3,2.6,2.3,10,30
12/1/2005 9:00,31016.38,16.67,6.9,3.5,2.25,10,33
12/1/2005 10:00,31016.42,15,6.8,3.6,2.18,10,25
12/1/2005 11:00,31016.46,15,7.3,2.5,1.57,10,31
12/1/2005 12:00,31016.5,15.56,8.1,1.9,1.66,10,38
12/1/2005 13:00,31016.55,14.44,9.5,2.1,1.55,10,20
12/1/2005 14:00,31016.59,13.89,10.5,2,1.66,10,23
12/1/2005 15:00,31016.63,13.89,10.9,2.1,2.02,10,15
12/1/2005 16:00,31016.67,13.89,11.2,2.5,1.15,10,3
12/1/2005 17:00,31016.71,13.89,11.1,3.5,1.41,10,1
12/1/2005 18:00,31016.76,13.33,11.2,2.4,1.68,10,1
12/1/2005 19:00,31016.8,14.44,11.3,2.7,2.02,10,1
12/1/2005 20:00,31016.84,12.78,11.3,2.9,2.37,10,1
12/1/2005 21:00,31016.88,13.33,11.1,3.6,1.87,10,1
12/1/2005 22:00,31016.92,12.78,11.1,3.2,1.9,10,1
12/1/2005 23:00,31016.97,12.22,10.9,2.7,1.52,10,1
12/2/2005 0:00,31017,12.78,10.8,2.7,2.02,10,1
12/2/2005 1:00,31017.04,14.44,10.7,3,2.02,10,1
12/2/2005 2:00,31017.08,14.44,10.6,3.1,2.25,10,0
12/2/2005 3:00,31017.13,10.56,10.3,3,4.73,10,1
12/2/2005 4:00,31017.17,9.44,8.3,4.4,5.34,10,1
12/2/2005 5:00,31017.21,10.56,8.1,4.2,5.39,10,1
12/2/2005 6:00,31017.25,8.89,8,3.3,5.13,10,1
12/2/2005 7:00,31017.29,9.44,7.8,3.4,5.04,3.89,23
12/2/2005 8:00,31017.34,10,7.2,4.2,5.04,8.16,108
12/2/2005 9:00,31017.38,10,6.6,4.2,5.17,8.59,169
12/2/2005 10:00,31017.42,11.67,5.8,3.9,5.25,8,245
12/2/2005 11:00,31017.46,11.67,6.3,4.3,5.29,4.97,393
12/2/2005 12:00,31017.5,13.89,6.3,4.3,4.85,5.29,383
12/2/2005 13:00,31017.55,13.33,5.7,4.4,4.82,5.29,343
12/2/2005 14:00,31017.59,14.44,5.4,4.4,4.87,4.04,290
12/2/2005 15:00,31017.63,13.33,5,4.1,5.03,4.68,163
12/2/2005 16:00,31017.67,10.56,5.4,3.2,4.97,3.46,23
12/2/2005 17:00,31017.71,8.89,4.7,2.8,4.89,10,0
12/2/2005 18:00,31017.76,9.44,3.3,3.3,4.89,10,0
12/2/2005 19:00,31017.8,7.22,1.9,2.8,5.17,10,0
12/2/2005 20:00,31017.84,7.78,1.5,2.2,4.89,10,0
12/2/2005 21:00,31017.88,7.22,0.9,1.4,5.08,10,0
12/2/2005 22:00,31017.92,5.56,0.6,1.5,5.24,10,0
12/2/2005 23:00,31017.97,13.33,0.4,1.3,4.97,10,0
12/3/2005 0:00,31018,5,0,1.5,5.52,10,0
12/3/2005 1:00,31018.04,5.56,-0.3,1.3,5.59,10,0
12/3/2005 2:00,31018.08,5,-0.2,1.3,5.15,10,0
12/3/2005 3:00,31018.13,3.89,0.6,2.2,5.48,10,0
12/3/2005 4:00,31018.17,4.44,0.3,2.3,5.67,10,0
12/3/2005 5:00,31018.21,5.56,0.6,2.4,5.06,10,0
12/3/2005 6:00,31018.25,2.78,0.5,1.5,5.59,10,1
12/3/2005 7:00,31018.29,3.33,1.1,1.7,5.2,0,72
12/3/2005 8:00,31018.34,5,2.4,2,5.38,0,215
12/3/2005 9:00,31018.38,8.33,2.9,1,5.65,0,341
12/3/2005 10:00,31018.42,11.11,3.4,1.3,4.08,0,431
12/3/2005 11:00,31018.46,11.67,2.9,1.8,4.9,0,480
12/3/2005 12:00,31018.5,12.22,2.5,2.8,5.04,0,480
12/3/2005 13:00,31018.55,13.33,2,2.9,5.11,5.96,321
12/3/2005 14:00,31018.59,12.22,2.1,2.1,4.9,5.42,261
12/3/2005 15:00,31018.63,12.78,1.9,3.2,5.08,3.04,177
12/3/2005 16:00,31018.67,8.89,0.7,3.3,5.06,0,34
12/3/2005 17:00,31018.71,7.22,0.7,2.5,4.76,10,0
12/3/2005 18:00,31018.76,6.11,0.1,1.9,4.52,10,0
12/3/2005 19:00,31018.8,5,0.2,1.8,4.42,10,0
12/3/2005 20:00,31018.84,5.56,0.6,1.3,4.15,10,0
12/3/2005 21:00,31018.88,5.56,0.4,1.2,3.3,10,0
12/3/2005 22:00,31018.92,4.44,0,0.7,3.67,10,0
12/3/2005 23:00,31018.97,6.67,-0.3,0.6,4.73,10,0
12/4/2005 0:00,31019,3.89,-0.9,0.9,0.72,10,0
12/4/2005 1:00,31019.04,4.44,-1.2,1,1.5,10,0
12/4/2005 2:00,31019.08,4.44,-1.2,0.9,6.11,10,0
12/4/2005 3:00,31019.13,4.44,-1.9,0.6,6.18,10,0
12/4/2005 4:00,31019.17,3.89,-2.2,0.7,1.27,10,0
12/4/2005 5:00,31019.21,3.89,-2.2,0.7,1.17,10,0
12/4/2005 6:00,31019.25,5,-2.1,1.1,1.27,10,1
12/4/2005 7:00,31019.29,4.44,-1.5,1.1,1.47,0,46
12/4/2005 8:00,31019.34,6.67,1.9,1.1,2.51,2.44,180
12/4/2005 9:00,31019.38,7.78,2.3,1,2.15,1.87,314
12/4/2005 10:00,31019.42,11.11,3.1,2.2,1.71,1.8,407
12/4/2005 11:00,31019.46,12.78,3.2,2.6,2.15,1.77,455
12/4/2005 12:00,31019.5,14.44,3.3,2.8,2.36,2.33,448
12/4/2005 13:00,31019.55,14.44,3,2.1,2.41,3.73,378
12/4/2005 14:00,31019.59,14.44,2.4,1.3,3.26,5.91,248
12/4/2005 15:00,31019.63,13.89,2,0.9,2.93,4.87,158
12/4/2005 16:00,31019.67,9.44,2,0.5,0.72,5.31,18
12/4/2005 17:00,31019.71,8.33,2.5,1,4.42,10,0
12/4/2005 18:00,31019.76,8.89,2.6,0.6,1.22,10,0
12/4/2005 19:00,31019.8,8.33,2.8,0.6,1.48,10,0
12/4/2005 20:00,31019.84,6.67,2,0.7,0.59,10,0
12/4/2005 21:00,31019.88,6.67,1.6,0.8,0.98,10,0
12/4/2005 22:00,31019.92,6.67,1,0.6,0.45,10,0
12/4/2005 23:00,31019.97,3.89,0.4,0.5,3.61,10,0
12/5/2005 0:00,31020,5.56,0,0.6,0.42,10,0
12/5/2005 1:00,31020.04,6.11,-0.7,0.5,0.16,10,0
12/5/2005 2:00,31020.08,5,-1.1,0.5,1.12,10,0
12/5/2005 3:00,31020.13,5.56,-2,0.5,1.83,10,0
12/5/2005 4:00,31020.17,5,-1.9,0.6,0.58,10,0
12/5/2005 5:00,31020.21,5,-2.5,0.8,0.17,10,0
12/5/2005 6:00,31020.25,3.33,-2.2,0.7,0.73,10,1
12/5/2005 7:00,31020.29,3.89,-1.6,0.8,0.54,0,31
12/5/2005 8:00,31020.34,6.67,1.7,0.6,2.46,0,205
12/5/2005 9:00,31020.38,8.89,3.2,0.8,2.72,0,326
12/5/2005 10:00,31020.42,11.11,3.1,1.2,4.73,0.17,414
12/5/2005 11:00,31020.46,12.78,3.3,1.7,5.13,0.76,461
12/5/2005 12:00,31020.5,15.56,3.3,1.8,5.38,1.49,456
12/5/2005 13:00,31020.55,16.67,2.7,1.7,5.17,2.79,393
12/5/2005 14:00,31020.59,14.44,2.7,2.1,4.78,3.95,287
12/5/2005 15:00,31020.63,13.89,2.2,2.1,4.56,5.64,147
12/5/2005 16:00,31020.67,10.56,2.5,1.4,4.76,0,22
12/5/2005 17:00,31020.71,8.89,2.5,0.7,4.5,10,0
12/5/2005 18:00,31020.76,8.33,2.5,0.7,5.08,10,0
12/5/2005 19:00,31020.8,7.78,2.4,1,0.86,10,0
12/5/2005 20:00,31020.84,6.67,1.7,0.6,3.14,10,0
12/5/2005 21:00,31020.88,6.11,1.2,0.7,0.28,10,0
12/5/2005 22:00,31020.92,5.56,0.7,0.8,0.35,10,0
12/5/2005 23:00,31020.97,5.56,0,0.7,0.66,10,0
12/6/2005 0:00,31021,5.56,-0.1,0.8,0.54,10,0
12/6/2005 1:00,31021.04,5.56,-0.6,0.8,1.2,10,0
12/6/2005 2:00,31021.08,3.89,-1.2,0.6,0.56,10,0
12/6/2005 3:00,31021.13,5,-1.5,1.3,0.66,10,0
12/6/2005 4:00,31021.17,4.44,-1.8,0.6,0.91,10,0
12/6/2005 5:00,31021.21,3.33,-2,0.9,1.38,10,0
12/6/2005 6:00,31021.25,4.44,-1.7,0.9,1.13,10,1
12/6/2005 7:00,31021.29,3.89,-1.3,0.8,1.08,0,43
12/6/2005 8:00,31021.34,6.11,1.5,1.4,1.97,2.93,174
12/6/2005 9:00,31021.38,9.44,2.5,2.6,2.32,2.71,303
12/6/2005 10:00,31021.42,10.56,2.8,2.1,2.84,3.2,385
12/6/2005 11:00,31021.46,12.78,3.3,1.5,2.64,2.95,435
12/6/2005 12:00,31021.5,13.33,3.1,1.2,3.12,3.27,429
12/6/2005 13:00,31021.55,16.67,2.4,1.5,5.39,3.93,371
12/6/2005 14:00,31021.59,15,1.8,1.5,5.11,4.81,270
12/6/2005 15:00,31021.63,13.33,2.1,1.5,4.9,6.33,136
12/6/2005 16:00,31021.67,9.44,1.7,1.1,4.57,0,22
12/6/2005 17:00,31021.71,8.89,1.9,0.8,2.83,10,0
12/6/2005 18:00,31021.76,7.78,1.9,0.7,5.71,10,0
12/6/2005 19:00,31021.8,7.78,1.5,1.1,1.13,10,0
12/6/2005 20:00,31021.84,6.11,1.4,0.6,0.56,10,0
12/6/2005 21:00,31021.88,6.11,1.4,1,1.19,10,0
12/6/2005 22:00,31021.92,5.56,1,1,1.05,10,0
12/6/2005 23:00,31021.97,5,0.6,0.9,0.93,10,0
12/7/2005 0:00,31022,5.56,0.2,0.7,0.45,10,0
12/7/2005 1:00,31022.04,5.56,-0.1,0.8,0.3,10,0
12/7/2005 2:00,31022.08,5,-0.5,0.6,0.65,10,0
12/7/2005 3:00,31022.13,5.56,-0.4,0.8,1.29,10,0
12/7/2005 4:00,31022.17,4.44,-0.4,0.8,0.73,10,0
12/7/2005 5:00,31022.21,4.44,-0.1,0.7,0.89,10,0
12/7/2005 6:00,31022.25,5.56,-0.8,0.6,1.29,10,1
12/7/2005 7:00,31022.29,5,0,0.7,6.18,0,38
12/7/2005 8:00,31022.34,6.11,2.1,0.6,0.73,5.8,143
12/7/2005 9:00,31022.38,8.89,3.4,1.8,1.73,4.76,270
12/7/2005 10:00,31022.42,10.56,3.7,2.2,2.2,5.71,324
12/7/2005 11:00,31022.46,12.78,3.9,1.8,2.58,4.61,396
12/7/2005 12:00,31022.5,15,3.4,1.8,2.88,3.45,424
12/7/2005 13:00,31022.55,13.89,2.7,1.5,3.8,6.32,304
12/7/2005 14:00,31022.59,12.22,3.1,1.4,1.19,10,92
12/7/2005 15:00,31022.63,11.67,3.5,1.5,6.04,9.34,79
12/7/2005 16:00,31022.67,11.11,3.5,0.9,4.76,7.26,12
12/7/2005 17:00,31022.71,11.11,3.6,1.2,4.71,10,0
12/7/2005 18:00,31022.76,11.11,3.7,0.7,4.22,10,0
12/7/2005 19:00,31022.8,10,3.7,0.7,4.01,10,0
12/7/2005 20:00,31022.84,10.56,4.5,0.8,0.3,10,0
12/7/2005 21:00,31022.88,9.44,5.8,1.2,0.8,10,0
12/7/2005 22:00,31022.92,10,5.8,0.8,1.27,10,0
12/7/2005 23:00,31022.97,6.67,6.4,0.9,4.57,10,1
12/8/2005 0:00,31023,8.89,6.6,1.7,0.1,10,0
12/8/2005 1:00,31023.04,10,6.3,1.3,6.23,10,0
12/8/2005 2:00,31023.08,8.89,6.3,0.8,6.04,10,1
12/8/2005 3:00,31023.13,9.44,6.7,1.1,3.51,10,1
12/8/2005 4:00,31023.17,8.89,6.9,0.7,6.18,10,1
12/8/2005 5:00,31023.21,8.89,6.8,1.1,0.49,10,1
12/8/2005 6:00,31023.25,8.33,6.7,1.1,5.64,10,1
12/8/2005 7:00,31023.29,8.33,6.8,1.2,4.61,3.68,16
12/8/2005 8:00,31023.34,10,6.8,1.1,4.01,10,46
12/8/2005 9:00,31023.38,10.56,7.4,2,4.97,5.9,244
12/8/2005 10:00,31023.42,13.89,7,1.7,4.78,6.33,303
12/8/2005 11:00,31023.46,13.89,6.7,1.8,4.78,7.15,306
12/8/2005 12:00,31023.5,15,6.2,1.9,4.89,6.69,325
12/8/2005 13:00,31023.55,15.56,6,2,5.43,7.76,249
12/8/2005 14:00,31023.59,15,5.4,1.3,4.8,9.81,118
12/8/2005 15:00,31023.63,14.44,5.3,1.1,5.04,10,51
12/8/2005 16:00,31023.67,12.78,6.1,1.5,4.17,9.54,7
12/8/2005 17:00,31023.71,11.67,5.9,1.8,5.22,10,0
12/8/2005 18:00,31023.76,12.22,6.4,1.1,5.01,10,0
12/8/2005 19:00,31023.8,11.11,6.5,1.4,4.4,10,0
12/8/2005 20:00,31023.84,8.89,6.4,1.7,4.29,10,0
12/8/2005 21:00,31023.88,8.33,5.4,1,4.76,10,0
12/8/2005 22:00,31023.92,8.33,4.6,0.6,1.57,10,0
12/8/2005 23:00,31023.97,9.44,3.7,0.7,1.19,10,0
12/9/2005 0:00,31024,7.78,3,0.8,0.68,10,0
12/9/2005 1:00,31024.04,7.22,3.3,0.8,5.38,10,0
12/9/2005 2:00,31024.08,7.22,2.6,0.9,6.28,10,0
12/9/2005 3:00,31024.13,7.22,2.9,0.9,4.1,10,0
12/9/2005 4:00,31024.17,7.78,3.6,0.8,4.56,10,0
12/9/2005 5:00,31024.21,7.22,3,0.9,4.08,10,0
12/9/2005 6:00,31024.25,6.11,2.1,1,1.31,10,1
12/9/2005 7:00,31024.29,7.22,1.9,0.7,0.59,0,24
12/9/2005 8:00,31024.34,8.89,3.3,0.8,0.77,7.81,109
12/9/2005 9:00,31024.38,11.67,6.1,0.9,3.47,6.03,240
12/9/2005 10:00,31024.42,11.67,6.1,1.6,3.23,8.96,195
12/9/2005 11:00,31024.46,11.67,6.5,1.7,4.47,7.4,294
12/9/2005 12:00,31024.5,18.33,7,2.3,5.22,8.2,257
12/9/2005 13:00,31024.55,16.11,7.2,2.4,4.94,5.36,332
12/9/2005 14:00,31024.59,15,7.1,2.4,4.78,5.14,260
12/9/2005 15:00,31024.63,14.44,7.2,1.8,4.87,6.87,125
12/9/2005 16:00,31024.67,11.11,7,0.9,5.11,3.26,15
12/9/2005 17:00,31024.71,8.89,6.5,0.7,1.27,10,1
12/9/2005 18:00,31024.76,8.89,5.7,0.6,6.09,10,0
12/9/2005 19:00,31024.8,9.44,4.8,0.9,6.09,10,0
12/9/2005 20:00,31024.84,8.33,4.4,0.7,2.08,10,0
12/9/2005 21:00,31024.88,7.78,3.7,0.8,1.92,10,0
12/9/2005 22:00,31024.92,7.22,3.4,1.2,1.08,10,0
12/9/2005 23:00,31024.97,7.78,2.8,1.2,0.96,10,0
12/10/2005 0:00,31025,6.67,2.7,1,1.27,10,0
12/10/2005 1:00,31025.04,6.67,1.6,0.7,0.86,10,0
12/10/2005 2:00,31025.08,7.22,0.4,0.7,5.32,10,1
12/10/2005 3:00,31025.13,6.11,1.2,1.1,2.46,10,1
12/10/2005 4:00,31025.17,6.67,1.2,1,1.36,10,1
12/10/2005 5:00,31025.21,6.67,0.7,1,1.27,10,1
12/10/2005 6:00,31025.25,6.67,0,0.8,1.99,10,1
12/10/2005 7:00,31025.29,6.11,0.8,1.3,2.62,0,23
12/10/2005 8:00,31025.34,8.89,2.2,1.6,1.94,9.55,73
12/10/2005 9:00,31025.38,10.56,3.7,1.6,1.83,8.92,151
12/10/2005 10:00,31025.42,14.44,5.9,1.5,3.05,4.64,350
12/10/2005 11:00,31025.46,15.56,7,2.1,3.12,5.05,380
12/10/2005 12:00,31025.5,15.56,7.3,1.9,2.81,3.46,420
12/10/2005 13:00,31025.55,16.67,6.6,1.1,2.55,4.03,364
12/10/2005 14:00,31025.59,16.67,5.5,1,3.98,5.14,259
12/10/2005 15:00,31025.63,15,4.6,1.3,4.69,6.56,129
12/10/2005 16:00,31025.67,11.67,5.7,1.5,4.69,0,17
12/10/2005 17:00,31025.71,10.56,6.6,1.1,4.22,10,1
12/10/2005 18:00,31025.76,10.56,6.2,0.8,5.01,10,1
12/10/2005 19:00,31025.8,9.44,5,0.8,5.38,10,1
12/10/2005 20:00,31025.84,9.44,3.8,0.6,3.82,10,1
12/10/2005 21:00,31025.88,9.44,2.9,0.9,5.99,10,1
12/10/2005 22:00,31025.92,8.89,3.1,0.9,6.06,10,1
12/10/2005 23:00,31025.97,7.22,3.8,1,3.77,10,1
12/11/2005 0:00,31026,5.56,4.5,1.2,3.67,10,1
12/11/2005 1:00,31026.04,7.22,4,1.8,1.27,10,1
12/11/2005 2:00,31026.08,8.33,3.9,1.2,0.72,10,1
12/11/2005 3:00,31026.13,6.67,1.6,0.7,4.63,10,1
12/11/2005 4:00,31026.17,7.22,0.4,0.7,5.5,10,0
12/11/2005 5:00,31026.21,7.78,0.3,0.6,1.12,10,0
12/11/2005 6:00,31026.25,7.22,0,0.7,5.08,10,1
12/11/2005 7:00,31026.29,7.78,0.6,0.9,3.93,0,25
12/11/2005 8:00,31026.34,11.67,3.3,1.6,4.82,4.59,154
12/11/2005 9:00,31026.38,13.89,5.7,2.2,5.08,6.81,218
12/11/2005 10:00,31026.42,17.22,6.4,1.7,4.61,6.09,308
12/11/2005 11:00,31026.46,15,6,2.5,2.5,8.93,219
12/11/2005 12:00,31026.5,11.67,5.7,2.1,2.15,8.7,231
12/11/2005 13:00,31026.55,12.78,6.3,1,2.27,6.6,291
12/11/2005 14:00,31026.59,13.33,6.9,0.9,3.94,9.63,124
12/11/2005 15:00,31026.63,12.22,6.8,1.2,3.04,9.97,63
12/11/2005 16:00,31026.67,11.11,6.8,0.7,2.69,3.74,13
12/11/2005 17:00,31026.71,9.44,6.5,1,4.03,10,0
12/11/2005 18:00,31026.76,9.44,6,0.7,4.28,10,0
12/11/2005 19:00,31026.8,8.89,5.7,0.7,5.08,10,0
12/11/2005 20:00,31026.84,8.33,5.4,0.7,0.05,10,0
12/11/2005 21:00,31026.88,8.89,4.5,0.8,0.23,10,0
12/11/2005 22:00,31026.92,7.78,4.8,0.8,1.48,10,0
12/11/2005 23:00,31026.97,8.89,4.5,0.8,1.06,10,0
12/12/2005 0:00,31027,8.33,4.2,0.8,0.31,10,0
12/12/2005 1:00,31027.04,7.78,3.3,0.8,5.71,10,0
12/12/2005 2:00,31027.08,7.78,2.9,0.9,5.32,10,0
12/12/2005 3:00,31027.13,8.33,1.7,0.7,0.26,10,0
12/12/2005 4:00,31027.17,8.33,1.6,1.1,2.5,10,0
12/12/2005 5:00,31027.21,8.33,1.8,1,1.29,10,0
12/12/2005 6:00,31027.25,7.78,2.2,0.9,0.77,10,1
12/12/2005 7:00,31027.29,7.78,3.4,1,1.85,0,25
12/12/2005 8:00,31027.34,8.89,5,1,1.5,9.34,77
12/12/2005 9:00,31027.38,9.44,6.4,1.4,1.45,9.49,129
12/12/2005 10:00,31027.42,12.78,7.3,1.7,1.73,9.51,167
12/12/2005 11:00,31027.46,15.56,7.1,1.8,1.9,5.95,349
12/12/2005 12:00,31027.5,13.89,5.2,1.5,2.84,10,97
12/12/2005 13:00,31027.55,15,5.4,1.3,4.38,8.95,194
12/12/2005 14:00,31027.59,18.33,5,1.4,5.55,9.17,141
12/12/2005 15:00,31027.63,15.56,6,2.1,5.22,8.3,98
12/12/2005 16:00,31027.67,11.67,6.1,1.5,4.92,7.92,8
12/12/2005 17:00,31027.71,10.56,6.2,0.9,4.94,10,0
12/12/2005 18:00,31027.76,10,6.1,0.9,3.25,10,0
12/12/2005 19:00,31027.8,11.11,5.4,1.2,0.35,10,0
12/12/2005 20:00,31027.84,8.89,5,1.3,4.64,10,0
12/12/2005 21:00,31027.88,8.33,5.1,1.2,4.75,10,0
12/12/2005 22:00,31027.92,9.44,4.7,1.2,5.04,10,0
12/12/2005 23:00,31027.97,7.78,4.2,1,3.91,10,0
12/13/2005 0:00,31028,4.44,4.5,1.5,4.8,10,0
12/13/2005 1:00,31028.04,5.56,4.7,1.8,5.76,10,0
12/13/2005 2:00,31028.08,5.56,4.1,1.5,5.36,10,0
12/13/2005 3:00,31028.13,5.56,3.5,1.6,4.57,10,0
12/13/2005 4:00,31028.17,7.22,2.8,1.3,5.92,10,1
12/13/2005 5:00,31028.21,5.56,2.6,0.8,4.57,10,1
12/13/2005 6:00,31028.25,5,2.3,1.2,5.34,10,1
12/13/2005 7:00,31028.29,5,2.1,0.8,4.96,0,14
12/13/2005 8:00,31028.34,5,2.6,1,1.45,10,60
12/13/2005 9:00,31028.38,3.89,3.3,1.8,1.82,10,105
12/13/2005 10:00,31028.42,7.22,3.7,1.7,2.18,10,138
12/13/2005 11:00,31028.46,7.22,4.5,1.6,3.04,10,144
12/13/2005 12:00,31028.5,8.33,5.5,1.2,0.31,7.79,274
12/13/2005 13:00,31028.55,10.56,6.4,1.7,0.72,5.09,336
12/13/2005 14:00,31028.59,9.44,5.6,1.9,1.41,6.1,235
12/13/2005 15:00,31028.63,6.67,5.4,1.4,1.27,7.26,116
12/13/2005 16:00,31028.67,6.67,4.6,1.7,1.24,0,18
12/13/2005 17:00,31028.71,6.67,4.8,1.7,1.48,10,0
12/13/2005 18:00,31028.76,6.11,5,1.5,1.22,10,0
12/13/2005 19:00,31028.8,6.67,4.7,1.8,1.57,10,0
12/13/2005 20:00,31028.84,4.44,4.7,1.5,1.97,10,0
12/13/2005 21:00,31028.88,3.33,4.5,1.6,2.25,10,0
12/13/2005 22:00,31028.92,4.44,4.5,2.1,1.87,10,1
12/13/2005 23:00,31028.97,5.56,5.3,1.9,2.36,10,1
12/14/2005 0:00,31029,5,5.5,1.6,1.55,10,1
12/14/2005 1:00,31029.04,6.11,5.5,1.7,1.4,10,1
12/14/2005 2:00,31029.08,5,5.2,1.2,1.1,10,1
12/14/2005 3:00,31029.13,6.11,5,0.6,1.12,10,1
12/14/2005 4:00,31029.17,5,4.7,0.6,0.87,10,1
12/14/2005 5:00,31029.21,6.11,4.9,0.6,0.75,10,1
12/14/2005 6:00,31029.25,5.56,4.5,0.9,0.7,10,1
12/14/2005 7:00,31029.29,6.67,4.4,0.7,2.43,0,14
12/14/2005 8:00,31029.34,6.11,5.1,1.2,0.94,10,51
12/14/2005 9:00,31029.38,7.78,6,2,1.43,10,100
12/14/2005 10:00,31029.42,8.89,6.8,2,1.54,10,129
12/14/2005 11:00,31029.46,9.44,6.1,2.1,1.73,9.98,159
12/14/2005 12:00,31029.5,8.89,5.7,1.8,1.43,10,108
12/14/2005 13:00,31029.55,9.44,5.6,1.9,0.75,10,84
12/14/2005 14:00,31029.59,9.44,5.6,1.3,0.52,10,79
12/14/2005 15:00,31029.63,8.89,5.5,1.1,0.93,10,52
12/14/2005 16:00,31029.67,7.78,5.2,1.3,5.64,3.85,11
12/14/2005 17:00,31029.71,6.11,5.1,1.4,4.85,10,0
12/14/2005 18:00,31029.76,6.11,4.7,1.4,5.43,10,0
12/14/2005 19:00,31029.8,6.67,4.1,1.1,0.3,10,0
12/14/2005 20:00,31029.84,5.56,3.7,0.9,3.28,10,0
12/14/2005 21:00,31029.88,5,3.6,0.8,4.08,10,0
12/14/2005 22:00,31029.92,4.44,4.5,1,5.65,10,0
12/14/2005 23:00,31029.97,3.89,5.1,1.1,6,10,0
12/15/2005 0:00,31030,4.44,4.8,1.6,6.27,10,0
12/15/2005 1:00,31030.04,5,4.4,1.4,5.69,10,0
12/15/2005 2:00,31030.08,5.56,4.1,1.3,6.16,10,1
12/15/2005 3:00,31030.13,5,4.2,0.9,0.19,10,1
12/15/2005 4:00,31030.17,5,4.5,0.8,5.83,10,1
12/15/2005 5:00,31030.21,4.44,4.7,1.7,5.59,10,1
12/15/2005 6:00,31030.25,4.44,4.5,1.4,5.45,10,1
12/15/2005 7:00,31030.29,5,4.4,1.3,4.49,10,4
12/15/2005 8:00,31030.34,5.56,4.6,1.4,5.53,10,16
12/15/2005 9:00,31030.38,5,4.7,1.2,5.65,10,45
12/15/2005 10:00,31030.42,6.11,4.9,1.1,3.6,10,58
12/15/2005 11:00,31030.46,5.56,5.1,1,1.4,10,62
12/15/2005 12:00,31030.5,6.67,5.3,1.1,5.62,10,67
12/15/2005 13:00,31030.55,6.67,5.5,1.2,5.04,10,79
12/15/2005 14:00,31030.59,6.67,5.3,1.2,4.08,10,57
12/15/2005 15:00,31030.63,6.67,5.2,0.9,0.28,10,30
12/15/2005 16:00,31030.67,5.56,5,1.3,3.82,8.63,6
12/15/2005 17:00,31030.71,6.11,4.9,1.2,3.49,10,0
12/15/2005 18:00,31030.76,5,4.8,1,3.91,10,0
12/15/2005 19:00,31030.8,5.56,4.8,0.9,4.14,10,0
12/15/2005 20:00,31030.84,5,4.9,1.1,0.96,10,0
12/15/2005 21:00,31030.88,5.56,4.9,2.1,2.69,10,0
12/15/2005 22:00,31030.92,5.56,4.7,2,2.71,10,0
12/15/2005 23:00,31030.97,3.89,4.5,1.8,2.51,10,0
12/16/2005 0:00,31031,4.44,4.3,1.3,2.6,10,0
12/16/2005 1:00,31031.04,4.44,4.3,1.9,1.57,10,0
12/16/2005 2:00,31031.08,5,4.1,2.2,1.43,10,1
12/16/2005 3:00,31031.13,3.89,4,1.5,1.59,10,1
12/16/2005 4:00,31031.17,5,3.9,1,2.18,10,0
12/16/2005 5:00,31031.21,5,3.8,1,1.45,10,0
12/16/2005 6:00,31031.25,5,3.6,1.4,0.75,10,0
12/16/2005 7:00,31031.29,4.44,3.2,2.3,1.26,9.27,5
12/16/2005 8:00,31031.34,5,3.2,2,1.36,10,26
12/16/2005 9:00,31031.38,4.44,3.3,1.4,1.9,10,42
12/16/2005 10:00,31031.42,5,3.4,1.1,2.5,10,48
12/16/2005 11:00,31031.46,5.56,3.4,0.9,1.15,10,58
12/16/2005 12:00,31031.5,5,3.4,1.3,1.2,10,71
12/16/2005 13:00,31031.55,5.56,3.3,1.3,2.6,10,61
12/16/2005 14:00,31031.59,5.56,3.4,1.4,3.05,10,51
12/16/2005 15:00,31031.63,5.56,3.3,1.9,0.7,10,24
12/16/2005 16:00,31031.67,3.89,3,1.6,1.33,9.21,5
12/16/2005 17:00,31031.71,3.89,2.7,1.5,3.28,10,0
12/16/2005 18:00,31031.76,4.44,2.7,0.6,4.36,10,0
12/16/2005 19:00,31031.8,5,2.8,1.1,0.84,10,0
12/16/2005 20:00,31031.84,3.89,2.7,1.2,1.5,10,0
12/16/2005 21:00,31031.88,3.89,2.7,1.6,1.33,10,0
12/16/2005 22:00,31031.92,3.89,2.4,1.3,1.57,10,0
12/16/2005 23:00,31031.97,5.56,2.2,1.5,1.45,10,0
12/17/2005 0:00,31032,2.78,2.2,2,1.57,10,0
12/17/2005 1:00,31032.04,3.33,2.2,1.9,2.43,10,0
12/17/2005 2:00,31032.08,2.78,2,1.2,1.76,10,0
12/17/2005 3:00,31032.13,3.33,2.1,1.4,1.92,10,0
12/17/2005 4:00,31032.17,3.33,2.2,1.5,2.16,10,0
12/17/2005 5:00,31032.21,1.67,2.3,1.7,1.68,10,0
12/17/2005 6:00,31032.25,3.33,2.5,1.7,2.43,10,0
12/17/2005 7:00,31032.29,3.33,2.2,2.4,1.47,8.32,6
12/17/2005 8:00,31032.34,3.89,2.4,1.5,1.78,10,25
12/17/2005 9:00,31032.38,3.89,3.1,1.7,2.67,10,59
12/17/2005 10:00,31032.42,5,3.3,1.6,2.32,10,94
12/17/2005 11:00,31032.46,6.67,3.4,1.8,2.39,10,157
12/17/2005 12:00,31032.5,10,3.8,1.7,2.04,6.07,342
12/17/2005 13:00,31032.55,8.33,4.4,2.9,1.38,6.2,301
12/17/2005 14:00,31032.59,11.67,4.4,3.2,1.99,8.85,151
12/17/2005 15:00,31032.63,10.56,4.1,3,2.01,9.82,65
12/17/2005 16:00,31032.67,10.56,4.1,1.6,2.34,5.02,9
12/17/2005 17:00,31032.71,10,4.5,1.5,1.88,10,0
12/17/2005 18:00,31032.76,10,4.7,1.8,1.99,10,0
12/17/2005 19:00,31032.8,11.11,4.7,1.7,2.23,10,0
12/17/2005 20:00,31032.84,10.56,6,1.1,0.33,10,1
12/17/2005 21:00,31032.88,10,6.5,1.1,2.65,10,1
12/17/2005 22:00,31032.92,10.56,5.7,2.1,2.51,10,1
12/17/2005 23:00,31032.97,3.33,6.2,3.7,2.48,10,1
12/18/2005 0:00,31033,9.44,6.6,3.2,2.01,10,1
12/18/2005 1:00,31033.04,8.33,6.9,3.1,1.68,10,1
12/18/2005 2:00,31033.08,8.89,6.9,2.8,1.68,10,1
12/18/2005 3:00,31033.13,9.44,7,0.4,1.4,10,1
12/18/2005 4:00,31033.17,11.11,7.3,0.4,1.4,10,1
12/18/2005 5:00,31033.21,10.56,7.9,0.4,1.61,10,1
12/18/2005 6:00,31033.25,10.56,8.4,0.4,1.62,10,1
12/18/2005 7:00,31033.29,10.56,8.6,0.4,1.55,9,5
12/18/2005 8:00,31033.34,11.67,9.1,0.4,1.38,10,12
12/18/2005 9:00,31033.38,11.67,9.4,0.4,1.55,10,34
12/18/2005 10:00,31033.42,12.22,9.5,2.7,1.75,10,60
12/18/2005 11:00,31033.46,13.89,9.5,4.1,1.88,10,71
12/18/2005 12:00,31033.5,14.44,9.6,3.6,1.83,10,47
12/18/2005 13:00,31033.55,13.33,9.4,3.6,2.08,10,36
12/18/2005 14:00,31033.59,13.89,9.8,2.1,1.85,10,23
12/18/2005 15:00,31033.63,12.78,10.2,2.4,1.5,10,13
12/18/2005 16:00,31033.67,12.22,10.6,2.4,1.43,9.75,4
12/18/2005 17:00,31033.71,12.78,10.8,3.2,1.38,10,1
12/18/2005 18:00,31033.76,12.22,11,3,1.55,10,1
12/18/2005 19:00,31033.8,13.33,10.9,3.5,1.52,10,1
12/18/2005 20:00,31033.84,12.78,10.8,3.3,1.43,10,1
12/18/2005 21:00,31033.88,12.78,10.8,2.7,1.55,10,1
12/18/2005 22:00,31033.92,13.33,10.6,2.4,1.82,10,0
12/18/2005 23:00,31033.97,10,10.3,1.9,1.59,10,0
12/19/2005 0:00,31034,14.44,10.1,0.8,1.47,10,0
12/19/2005 1:00,31034.04,13.33,10.3,0.4,1.47,10,0
12/19/2005 2:00,31034.08,14.44,10.4,0.4,1.26,10,0
12/19/2005 3:00,31034.13,13.33,10.3,0.4,2.81,10,0
12/19/2005 4:00,31034.17,12.78,10.1,0.4,1.48,10,1
12/19/2005 5:00,31034.21,13.89,9.9,0.4,1.66,10,1
12/19/2005 6:00,31034.25,13.33,9.7,0.4,2.67,10,1
12/19/2005 7:00,31034.29,12.78,9.8,0.4,2.53,0,31
12/19/2005 8:00,31034.34,14.44,10.6,1,1.59,5.63,138
12/19/2005 9:00,31034.38,15,10.9,2.7,1.55,9.2,138
12/19/2005 10:00,31034.42,17.22,11.4,2.6,1.69,8.42,216
12/19/2005 11:00,31034.46,17.78,11.6,3.1,1.76,6.33,332
12/19/2005 12:00,31034.5,21.11,11.3,3.1,1.75,6.31,333
12/19/2005 13:00,31034.55,21.11,11.4,2.3,1.78,7.5,254
12/19/2005 14:00,31034.59,19.44,11.1,2.3,1.52,8.22,172
12/19/2005 15:00,31034.63,20.56,11.3,1.4,2.11,9.86,64
12/19/2005 16:00,31034.67,17.22,11.5,1.3,2.53,0,27
12/19/2005 17:00,31034.71,18.33,11.6,1,1.52,10,0
12/19/2005 18:00,31034.76,16.11,11,0.7,0.02,10,0
12/19/2005 19:00,31034.8,16.11,10.7,1.1,4.75,10,0
12/19/2005 20:00,31034.84,16.67,10.5,1.3,1.33,10,0
12/19/2005 21:00,31034.88,15.56,10.1,0.8,3.68,10,0
12/19/2005 22:00,31034.92,13.33,9.7,1.2,1.43,10,0
12/19/2005 23:00,31034.97,14.44,9.8,1,1.5,10,0
12/20/2005 0:00,31035,13.89,9.4,0.9,0.73,10,0
12/20/2005 1:00,31035.04,13.33,9.2,1,0.8,10,0
12/20/2005 2:00,31035.08,13.89,9.3,0.9,0.96,10,0
12/20/2005 3:00,31035.13,13.33,9.1,0.8,6.21,10,0
12/20/2005 4:00,31035.17,13.33,8.6,0.8,0.44,10,0
12/20/2005 5:00,31035.21,13.33,8.5,0.6,4.75,10,0
12/20/2005 6:00,31035.25,13.89,7.7,1.1,4.71,10,0
12/20/2005 7:00,31035.29,13.89,7.3,1.1,1.75,0,35
12/20/2005 8:00,31035.34,15.56,8.5,1,4.9,9.16,79
12/20/2005 9:00,31035.38,15.56,9.9,2,4.75,7.55,193
12/20/2005 10:00,31035.42,19.44,10.6,2.2,1.29,2.59,383
12/20/2005 11:00,31035.46,21.67,10.8,2.3,1.66,7.26,295
12/20/2005 12:00,31035.5,22.78,11.2,3,2.04,6.95,308
12/20/2005 13:00,31035.55,21.11,10.5,3.8,2.16,8.26,223
12/20/2005 14:00,31035.59,20.56,9.7,3.9,2.34,9.25,136
12/20/2005 15:00,31035.63,20,9.5,2.6,2.9,4.27,153
12/20/2005 16:00,31035.67,16.67,9.3,1.4,4.31,1.12,10
12/20/2005 17:00,31035.71,17.22,9.8,1.7,0.1,10,0
12/20/2005 18:00,31035.76,16.67,9.6,1.7,0.79,10,0
12/20/2005 19:00,31035.8,15,9.2,1,0.19,10,0
12/20/2005 20:00,31035.84,15.56,9,1.2,0.56,10,0
12/20/2005 21:00,31035.88,15,8.8,1,0.89,10,0
12/20/2005 22:00,31035.92,15.56,8.2,0.7,0.17,10,0
12/20/2005 23:00,31035.97,14.44,7.7,1.1,4.99,10,0
12/21/2005 0:00,31036,15,7.5,0.8,2.37,10,0
12/21/2005 1:00,31036.04,13.89,6.6,1,0.65,10,0
12/21/2005 2:00,31036.08,12.22,6.2,1.3,1.01,10,0
12/21/2005 3:00,31036.13,11.11,6.6,1.1,0.42,10,0
12/21/2005 4:00,31036.17,13.33,6.6,2,1.57,10,0
12/21/2005 5:00,31036.21,14.44,6.8,1.5,1.48,10,0
12/21/2005 6:00,31036.25,12.78,6.6,1.4,4.4,10,0
12/21/2005 7:00,31036.29,14.44,7,0.8,5.03,0,40
12/21/2005 8:00,31036.34,15,8.4,1.5,1.26,8.4,94
12/21/2005 9:00,31036.38,16.67,8.9,1.5,1.99,6.7,217
12/21/2005 10:00,31036.42,18.33,8.8,1.9,2.11,9.59,161
12/21/2005 11:00,31036.46,17.22,9.3,1.1,2.13,10,116
12/21/2005 12:00,31036.5,18.89,9.3,1.3,1.68,10,127
12/21/2005 13:00,31036.55,16.67,9.8,1.2,1.24,10,95
12/21/2005 14:00,31036.59,18.33,10.4,1.6,1.68,10,72
12/21/2005 15:00,31036.63,17.78,10.1,1.5,3.8,10,42
12/21/2005 16:00,31036.67,15.56,10.5,1,3.44,0,11
12/21/2005 17:00,31036.71,16.11,11,1,5.5,10,0
12/21/2005 18:00,31036.76,15,11.1,1.3,1.31,10,0
12/21/2005 19:00,31036.8,15.56,10.5,1.7,1.19,10,0
12/21/2005 20:00,31036.84,15,10.4,1.5,0.79,10,0
12/21/2005 21:00,31036.88,18.33,9.6,3.3,1.31,10,0
12/21/2005 22:00,31036.92,15.56,9.2,1.8,4.1,10,0
12/21/2005 23:00,31036.97,16.11,8.6,1.7,1.88,10,0
12/22/2005 0:00,31037,15,9.1,1.4,1.08,10,0
12/22/2005 1:00,31037.04,15.56,9.9,1.6,0.86,10,0
12/22/2005 2:00,31037.08,16.11,9.7,1.3,4.73,10,0
12/22/2005 3:00,31037.13,16.11,9.6,1.1,0.73,10,0
12/22/2005 4:00,31037.17,16.67,9.6,0.8,3.68,10,0
12/22/2005 5:00,31037.21,16.67,9.5,1.2,0.4,10,0
12/22/2005 6:00,31037.25,15.56,9.6,0.8,0.96,10,0
12/22/2005 7:00,31037.29,16.11,9.4,1.1,2.71,0,19
12/22/2005 8:00,31037.34,17.78,10.2,1.5,2.41,8.6,90
12/22/2005 9:00,31037.38,18.89,11.9,2.3,1.8,4.89,259
12/22/2005 10:00,31037.42,19.44,12.6,2.9,2.01,4.82,340
12/22/2005 11:00,31037.46,19.44,12.9,2.8,2.55,7.24,296
12/22/2005 12:00,31037.5,19.44,13.3,2.2,2.74,8.32,247
12/22/2005 13:00,31037.55,20,13.8,1.9,1.94,9.87,147
12/22/2005 14:00,31037.59,18.33,13.9,2.5,1.06,10,71
12/22/2005 15:00,31037.63,16.11,14.5,1.7,0.58,10,25
12/22/2005 16:00,31037.67,16.67,15,0.9,5.25,10,3
12/22/2005 17:00,31037.71,16.11,14.7,1,4.99,10,1
12/22/2005 18:00,31037.76,16.11,14.5,1.4,5.55,10,1
12/22/2005 19:00,31037.8,15,13.8,1.1,6.13,10,1
12/22/2005 20:00,31037.84,15.56,13.7,1.3,5.86,10,1
12/22/2005 21:00,31037.88,16.11,13.5,1.1,5.32,10,1
12/22/2005 22:00,31037.92,16.11,13.3,1,5.04,10,0
12/22/2005 23:00,31037.97,16.11,12.9,1,3.65,10,0
12/23/2005 0:00,31038,15,11.8,1,4.78,10,1
12/23/2005 1:00,31038.04,13.33,11,0.8,0.82,10,1
12/23/2005 2:00,31038.08,13.33,9.8,0.8,5.32,10,1
12/23/2005 3:00,31038.13,13.33,9.8,1.2,5.41,10,0
12/23/2005 4:00,31038.17,13.89,10.1,1.2,0.07,10,0
12/23/2005 5:00,31038.21,12.78,9.5,0.8,4,10,0
12/23/2005 6:00,31038.25,12.78,8.7,0.9,0.86,10,0
12/23/2005 7:00,31038.29,12.22,8.6,0.7,1.15,0,15
12/23/2005 8:00,31038.34,14.44,10.3,0.6,3.53,4.94,146
12/23/2005 9:00,31038.38,18.33,12.8,1.7,3.11,2.08,298
12/23/2005 10:00,31038.42,18.89,12.6,2,2.39,2.27,387
12/23/2005 11:00,31038.46,18.89,12.7,1.9,2.69,2.92,424
12/23/2005 12:00,31038.5,20.56,12.9,1.4,1.29,2.8,426
12/23/2005 13:00,31038.55,21.11,12.9,0.9,5.03,4.78,341
12/23/2005 14:00,31038.59,16.11,13.7,2.9,4.68,8.69,156
12/23/2005 15:00,31038.63,14.44,13.1,3.6,4.99,8.5,92
12/23/2005 16:00,31038.67,13.89,12.2,2.7,5.43,0,24
12/23/2005 17:00,31038.71,12.78,12.2,1.9,4.8,10,0
12/23/2005 18:00,31038.76,12.78,12.8,2,4.64,10,0
12/23/2005 19:00,31038.8,13.33,12.9,0.8,3.91,10,0
12/23/2005 20:00,31038.84,14.44,12.9,0.6,1.12,10,0
12/23/2005 21:00,31038.88,14.44,12.6,1.9,1.73,10,0
12/23/2005 22:00,31038.92,14.44,12.6,1.4,2.08,10,0
12/23/2005 23:00,31038.97,15,12.6,0.8,2.3,10,0
12/24/2005 0:00,31039,13.89,12.5,0.6,1.38,10,0
12/24/2005 1:00,31039.04,12.78,12.3,1.1,1.17,10,0
12/24/2005 2:00,31039.08,13.33,12.2,1.2,1.92,10,0
12/24/2005 3:00,31039.13,11.67,12.2,1.6,2.2,10,0
12/24/2005 4:00,31039.17,11.11,12.1,1.9,2.25,10,0
12/24/2005 5:00,31039.21,11.11,12,2.2,2.41,10,0
12/24/2005 6:00,31039.25,10.56,11.7,2.3,2.36,10,1
12/24/2005 7:00,31039.29,11.11,11.6,2.5,2.64,5.79,8
12/24/2005 8:00,31039.34,10,11.4,2.2,2.18,10,27
12/24/2005 9:00,31039.38,12.78,11.5,2.3,1.95,10,56
12/24/2005 10:00,31039.42,12.78,11.4,2,2.09,10,80
12/24/2005 11:00,31039.46,17.22,11.5,1.5,2.32,10,89
12/24/2005 12:00,31039.5,17.78,11.8,1.5,1.68,10,103
12/24/2005 13:00,31039.55,18.89,12.3,1.2,1.88,8.97,191
12/24/2005 14:00,31039.59,21.11,12.9,0.9,4.1,3.74,279
12/24/2005 15:00,31039.63,17.78,12.7,1.4,3.4,5.55,139
12/24/2005 16:00,31039.67,15,12,2.1,3.87,0,25
12/24/2005 17:00,31039.71,12.78,11.9,1.5,4.4,10,0
12/24/2005 18:00,31039.76,12.78,11.7,0.7,0.84,10,0
12/24/2005 19:00,31039.8,12.78,11.8,1.1,0.49,10,0
12/24/2005 20:00,31039.84,12.22,11.6,2.7,0.96,10,1
12/24/2005 21:00,31039.88,12.22,11.5,2.2,4.97,10,1
12/24/2005 22:00,31039.92,11.11,11.1,1.4,0.26,10,1
12/24/2005 23:00,31039.97,13.33,10.8,2.4,1.97,10,1
12/25/2005 0:00,31040,12.78,10.3,2.1,2.13,10,1
12/25/2005 1:00,31040.04,10,10.1,2.2,5.32,10,1
12/25/2005 2:00,31040.08,10,10.4,2.5,6.09,10,1
12/25/2005 3:00,31040.13,11.11,10.1,2.1,6.11,10,1
12/25/2005 4:00,31040.17,9.44,9.7,1.4,6.11,10,1
12/25/2005 5:00,31040.21,10.56,9.2,1,6.23,10,1
12/25/2005 6:00,31040.25,11.11,9.3,2,2.01,10,1
12/25/2005 7:00,31040.29,9.44,9.4,2.2,3.32,0,26
12/25/2005 8:00,31040.34,10,9.8,2,3.54,10,41
12/25/2005 9:00,31040.38,10.56,9.9,1.9,2.44,10,94
12/25/2005 10:00,31040.42,13.33,10.1,2.6,2.04,10,92
12/25/2005 11:00,31040.46,14.44,10.8,3.7,2.18,8.47,240
12/25/2005 12:00,31040.5,15.56,10.8,3.1,2.22,9.11,207
12/25/2005 13:00,31040.55,16.11,10.9,2.5,1.9,9.7,156
12/25/2005 14:00,31040.59,16.11,10.9,1.7,2.08,10,82
12/25/2005 15:00,31040.63,13.89,10.9,1,2.46,10,57
12/25/2005 16:00,31040.67,13.33,11.1,1.1,4.82,0,11
12/25/2005 17:00,31040.71,13.89,11,1.3,5.71,10,0
12/25/2005 18:00,31040.76,12.78,11.1,2.5,5.38,10,0
12/25/2005 19:00,31040.8,13.89,10.9,1.1,6.04,10,0
12/25/2005 20:00,31040.84,12.78,11,1,5.69,10,1
12/25/2005 21:00,31040.88,11.67,11.2,1.4,5.27,10,0
12/25/2005 22:00,31040.92,12.78,10.7,2.6,6.21,10,0
12/25/2005 23:00,31040.97,12.22,10.7,1.1,1.06,10,0
12/26/2005 0:00,31041,13.33,10.8,1.8,1.61,10,1
12/26/2005 1:00,31041.04,13.33,11.2,3.1,1.95,10,0
12/26/2005 2:00,31041.08,13.33,11.3,4.2,2.08,10,0
12/26/2005 3:00,31041.13,11.67,11.4,5.3,2.37,10,0
12/26/2005 4:00,31041.17,11.67,11.3,5,2.41,10,1
12/26/2005 5:00,31041.21,10.56,9.6,0.9,2.58,10,0
12/26/2005 6:00,31041.25,8.33,8,0.4,4.71,10,0
12/26/2005 7:00,31041.29,10.56,7.4,0.7,6.09,0,23
12/26/2005 8:00,31041.34,11.11,8.8,1.7,0.75,3.67,159
12/26/2005 9:00,31041.38,15,9.1,1.1,0.24,3.28,286
12/26/2005 10:00,31041.42,18.89,9.7,1.7,4.96,3.3,373
12/26/2005 11:00,31041.46,16.67,8.5,2.3,4.56,5.54,360
12/26/2005 12:00,31041.5,17.78,7.2,3.2,4.82,5.54,360
12/26/2005 13:00,31041.55,18.89,6.3,2.6,4.71,1.57,395
12/26/2005 14:00,31041.59,16.11,5.9,2.2,4.89,6.58,221
12/26/2005 15:00,31041.63,13.89,6.3,2.2,4.99,7.65,108
12/26/2005 16:00,31041.67,13.33,7,1.5,5.38,0,18
12/26/2005 17:00,31041.71,11.67,7.2,0.9,4.82,10,0
12/26/2005 18:00,31041.76,11.67,6.9,0.7,5.27,10,0
12/26/2005 19:00,31041.8,10.56,6.6,0.7,5.76,10,0
12/26/2005 20:00,31041.84,10.56,6.8,0.7,0.33,10,0
12/26/2005 21:00,31041.88,10.56,6.7,0.8,1.05,10,0
12/26/2005 22:00,31041.92,10.56,6.6,0.7,6.13,10,0
12/26/2005 23:00,31041.97,12.22,6.8,0.8,2.39,10,0
12/27/2005 0:00,31042,8.89,6.3,1.2,1.8,10,0
12/27/2005 1:00,31042.04,10,5.9,1.2,0.52,10,0
12/27/2005 2:00,31042.08,10,6.1,1.2,0.56,10,0
12/27/2005 3:00,31042.13,10.56,5.6,0.7,1.06,10,0
12/27/2005 4:00,31042.17,10.56,5.9,1.7,1.61,10,0
12/27/2005 5:00,31042.21,10,5.9,1.5,2.08,10,0
12/27/2005 6:00,31042.25,10,6.2,2.1,2.62,10,1
12/27/2005 7:00,31042.29,8.89,6.3,1.6,2.46,0,24
12/27/2005 8:00,31042.34,10.56,6.8,1.5,1.71,8.69,89
12/27/2005 9:00,31042.38,11.67,7.2,1.8,1.52,8.45,165
12/27/2005 10:00,31042.42,14.44,7.5,2.1,1.92,9.62,160
12/27/2005 11:00,31042.46,15.56,7.7,3,1.88,8.46,241
12/27/2005 12:00,31042.5,15,7.6,2.6,2.2,8.97,215
12/27/2005 13:00,31042.55,15.56,7.4,2.8,2.39,7.32,262
12/27/2005 14:00,31042.59,15.56,7.2,1.8,2.44,6.78,216
12/27/2005 15:00,31042.63,15.56,7.3,1.3,2.48,9.92,63
12/27/2005 16:00,31042.67,14.44,7.9,0.8,1.01,0,23
12/27/2005 17:00,31042.71,12.78,8,0.7,5.46,10,0
12/27/2005 18:00,31042.76,12.78,7.3,1.2,1.15,10,0
12/27/2005 19:00,31042.8,13.33,6.8,1,0.99,10,0
12/27/2005 20:00,31042.84,13.89,7,0.9,0.99,10,0
12/27/2005 21:00,31042.88,12.78,7.2,1.1,1.05,10,0
12/27/2005 22:00,31042.92,13.89,7.3,0.6,3.96,10,0
12/27/2005 23:00,31042.97,10,6.9,0.7,4.33,10,0
12/28/2005 0:00,31043,12.78,6.6,1,1.19,10,0
12/28/2005 1:00,31043.04,12.78,6.6,1.7,1.55,10,0
12/28/2005 2:00,31043.08,12.78,6.8,1.9,1.82,10,0
12/28/2005 3:00,31043.13,13.89,6.8,1.4,1.78,10,0
12/28/2005 4:00,31043.17,13.33,6.8,1.2,1.57,10,0
12/28/2005 5:00,31043.21,13.33,7.4,0.8,1.27,10,0
12/28/2005 6:00,31043.25,13.33,7.9,1.5,6.21,10,0
12/28/2005 7:00,31043.29,14.44,8,1.8,1.66,8.63,6
12/28/2005 8:00,31043.34,15,7.8,2.5,1.87,10,17
12/28/2005 9:00,31043.38,12.22,8.1,2.3,2.48,10,19
12/28/2005 10:00,31043.42,13.89,7.2,4.2,1.85,10,70
12/28/2005 11:00,31043.46,13.89,7.4,3.1,1.99,10,91
12/28/2005 12:00,31043.5,13.89,8.6,4.1,2.13,9.49,187
12/28/2005 13:00,31043.55,15,10.2,2.9,2.91,10,104
12/28/2005 14:00,31043.59,13.89,11.5,1.5,4.59,10,44
12/28/2005 15:00,31043.63,12.22,11.5,2.8,6.16,10,28
12/28/2005 16:00,31043.67,11.67,10.7,2.9,0.82,0,19
12/28/2005 17:00,31043.71,11.67,10,1.2,4.92,10,0
12/28/2005 18:00,31043.76,12.22,9.4,1,4.73,10,0
12/28/2005 19:00,31043.8,10.56,8.2,1,4.8,10,0
12/28/2005 20:00,31043.84,11.67,7.7,1.6,6.06,10,0
12/28/2005 21:00,31043.88,11.11,7.3,1.3,4.59,10,0
12/28/2005 22:00,31043.92,10,6.6,1,5.55,10,0
12/28/2005 23:00,31043.97,12.78,6.3,2.1,5.06,10,0
12/29/2005 0:00,31044,8.33,7.2,3.8,5.55,10,0
12/29/2005 1:00,31044.04,7.78,6.2,2.7,5.67,10,0
12/29/2005 2:00,31044.08,7.78,5.1,1.3,5.97,10,0
12/29/2005 3:00,31044.13,7.22,5.3,2.5,5.43,10,0
12/29/2005 4:00,31044.17,7.78,5.9,4.2,5.46,10,0
12/29/2005 5:00,31044.21,5.56,4.9,1.9,5.2,10,0
12/29/2005 6:00,31044.25,5,4.5,1.8,4.92,10,0
12/29/2005 7:00,31044.29,6.11,3.7,1.7,0.77,0,41
12/29/2005 8:00,31044.34,8.89,4.9,1.4,1.5,0,195
12/29/2005 9:00,31044.38,8.89,6.1,1.5,2.48,0,341
12/29/2005 10:00,31044.42,8.33,7.1,1.8,4.63,6.12,305
12/29/2005 11:00,31044.46,10,7.3,2.1,5.03,9.2,203
12/29/2005 12:00,31044.5,11.67,7,2.2,4.54,9.48,188
12/29/2005 13:00,31044.55,10.56,7.2,2.4,5.38,8.32,222
12/29/2005 14:00,31044.59,10,6.9,1.9,0.05,8.5,164
12/29/2005 15:00,31044.63,10.56,7,1.9,1.38,8.1,101
12/29/2005 16:00,31044.67,8.89,6.7,1.7,1.55,0,29
12/29/2005 17:00,31044.71,9.44,7,1.9,1.97,10,0
12/29/2005 18:00,31044.76,8.33,6.8,1.9,2.34,10,0
12/29/2005 19:00,31044.8,8.89,6.1,1.3,1.75,10,0
12/29/2005 20:00,31044.84,8.89,5.8,0.9,0.05,10,0
12/29/2005 21:00,31044.88,8.33,5.2,0.8,4.57,10,0
12/29/2005 22:00,31044.92,9.44,6.1,0.6,4.8,10,0
12/29/2005 23:00,31044.97,8.89,6.2,0.8,2.16,10,0
12/30/2005 0:00,31045,8.89,6.2,0.5,3.09,10,0
12/30/2005 1:00,31045.04,8.89,6.6,0.7,1.47,10,0
12/30/2005 2:00,31045.08,8.89,6.5,1.1,1.48,10,0
12/30/2005 3:00,31045.13,8.89,6.2,0.9,1.36,10,0
12/30/2005 4:00,31045.17,8.33,6.4,1.2,2.53,10,0
12/30/2005 5:00,31045.21,8.33,6.4,1.4,2.01,10,0
12/30/2005 6:00,31045.25,7.78,6.5,1.6,2.27,10,0
12/30/2005 7:00,31045.29,7.78,6.4,0.8,2.37,7.6,8
12/30/2005 8:00,31045.34,9.44,6.7,1.5,2.2,7.62,110
12/30/2005 9:00,31045.38,10,6.8,2.7,2.5,10,97
12/30/2005 10:00,31045.42,11.11,7,3.3,1.94,8.66,207
12/30/2005 11:00,31045.46,11.11,7.2,3.9,1.97,9.32,197
12/30/2005 12:00,31045.5,12.22,7.4,3.5,2.22,7.88,270
12/30/2005 13:00,31045.55,13.33,7.2,2.6,2.25,7.25,266
12/30/2005 14:00,31045.59,12.78,7.3,2.9,2.34,9.58,125
12/30/2005 15:00,31045.63,12.22,7.3,2.5,2.29,10,61
12/30/2005 16:00,31045.67,11.11,7.4,2.2,1.87,6.91,9
12/30/2005 17:00,31045.71,11.67,7.2,2.4,1.57,10,0
12/30/2005 18:00,31045.76,12.78,7.3,2.3,2.04,10,0
12/30/2005 19:00,31045.8,12.78,7.4,2.7,1.78,10,0
12/30/2005 20:00,31045.84,13.89,7.4,2.8,1.87,10,0
12/30/2005 21:00,31045.88,13.33,7.2,2.7,2.25,10,0
12/30/2005 22:00,31045.92,13.89,6.2,3.3,2.27,10,0
12/30/2005 23:00,31045.97,8.33,6,2.9,1.88,10,0
12/31/2005 0:00,31046,12.22,6.3,3.8,1.88,10,0
12/31/2005 1:00,31046.04,12.78,7.5,3.7,1.73,10,0
12/31/2005 2:00,31046.08,13.33,7.8,4.1,1.87,10,0
12/31/2005 3:00,31046.13,13.33,8.1,3.7,2.06,10,0
12/31/2005 4:00,31046.17,13.33,8.5,4.8,2.02,10,0
12/31/2005 5:00,31046.21,13.89,9.3,4.9,2.01,10,0
12/31/2005 6:00,31046.25,13.89,10.2,4.8,2.13,10,0
12/31/2005 7:00,31046.29,14.44,10.4,5,2.16,10,1
12/31/2005 8:00,31046.34,13.89,10.2,5.9,2.36,10,16
12/31/2005 9:00,31046.38,13.89,10.4,6.3,2.3,10,21
12/31/2005 10:00,31046.42,13.89,11.2,6.5,2.25,10,59
12/31/2005 11:00,31046.46,13.33,11.6,7,2.36,10,115
12/31/2005 12:00,31046.5,12.22,11.4,5.7,3.44,10,83
12/31/2005 13:00,31046.55,15,11.1,2.2,3.96,8.99,192
12/31/2005 14:00,31046.59,15.56,10.2,4.1,4.61,6.71,220
12/31/2005 15:00,31046.63,14.44,9,5,4.56,4.52,154
12/31/2005 16:00,31046.67,12.78,8.4,4.3,4.75,0,40
12/31/2005 17:00,31046.71,11.67,7.5,2.9,5.38,10,0
12/31/2005 18:00,31046.76,10,6.7,1.6,4.68,10,0
12/31/2005 19:00,31046.8,10.56,6.6,1.3,4.17,10,0
12/31/2005 20:00,31046.84,10,5.9,1,0.17,10,0
12/31/2005 21:00,31046.88,9.44,5,1.1,1.24,10,0
12/31/2005 22:00,31046.92,8.89,4.6,1.4,1.17,10,0
12/31/2005 23:00,31046.97,13.33,4.7,1.1,1.24,10,0
