DATE TIME,JDAY,TAIR,TDEW,WIND,PHI,CLOUD,SRO
1/1/2021 0:00,36526,7.78,5.9,0.45,2.29,10,0
1/1/2021 1:00,36526.04,7.78,5.8,2.68,1.71,10,0
1/1/2021 2:00,36526.08,7.22,5.7,2.68,1.85,10,0
1/1/2021 3:00,36526.13,7.22,5.3,2.24,1.2,10,0
1/1/2021 4:00,36526.17,7.22,3.7,1.34,1.59,10,0
1/1/2021 5:00,36526.21,6.11,3.3,1.79,1.71,10,0
1/1/2021 6:00,36526.25,6.11,2.8,2.24,1.34,10,1
1/1/2021 7:00,36526.29,7.22,3.1,0.89,1.17,0,33
1/1/2021 8:00,36526.34,6.67,4.7,1.34,4.28,2.5,171
1/1/2021 9:00,36526.38,9.44,5.8,0.89,0.93,0,319
1/1/2021 10:00,36526.42,10.56,6,0.45,5.18,0,432
1/1/2021 11:00,36526.46,12.22,5.5,0.89,1.05,0,478
1/1/2021 12:00,36526.5,12.78,4.9,0.89,3.12,0,474
1/1/2021 13:00,36526.55,12.78,4.8,2.24,3.26,4.04,363
1/1/2021 14:00,36526.59,12.78,4.7,0.89,3.67,5.62,248
1/1/2021 15:00,36526.63,12.22,4.7,0.45,3.14,5.91,138
1/1/2021 16:00,36526.67,11.11,4.6,0.89,2.44,0,23
1/1/2021 17:00,36526.71,9.44,5.1,1.34,3.53,10,0
1/1/2021 18:00,36526.76,9.44,5.2,0.89,0.05,10,0
1/1/2021 19:00,36526.8,8.89,4.7,1.79,0.23,10,0
1/1/2021 20:00,36526.84,8.33,4.6,2.68,0.82,10,1
1/1/2021 21:00,36526.88,7.22,4,3.13,1.13,10,1
1/1/2021 22:00,36526.92,6.67,3.1,3.58,1.43,10,0
1/1/2021 23:00,36526.97,7.78,2.7,1.34,1.73,10,0
1/2/2021 0:00,36527,6.67,2.9,3.58,0.94,10,0
1/2/2021 1:00,36527.04,6.67,3,1.79,0.93,10,0
1/2/2021 2:00,36527.08,7.22,3.6,3.58,0.84,10,0
1/2/2021 3:00,36527.13,6.67,3.7,3.13,0.93,10,0
1/2/2021 4:00,36527.17,6.67,2.9,2.24,1.17,10,0
1/2/2021 5:00,36527.21,6.11,2.7,1.79,1.22,10,0
1/2/2021 6:00,36527.25,6.11,2.1,3.13,1.05,10,0
1/2/2021 7:00,36527.29,6.11,2.4,2.24,0.98,0,51
1/2/2021 8:00,36527.34,8.33,4.3,0.45,1.38,7.13,120
1/2/2021 9:00,36527.38,10.56,4.6,0.89,5.24,7.99,183
1/2/2021 10:00,36527.42,11.67,5.3,0.89,3.21,5.9,315
1/2/2021 11:00,36527.46,12.78,5.6,1.34,4.22,6.17,343
1/2/2021 12:00,36527.5,13.33,5.5,0.45,4.75,6.22,341
1/2/2021 13:00,36527.55,13.89,5.4,1.34,5.22,5.96,313
1/2/2021 14:00,36527.59,15,4.5,1.79,0.86,5.56,250
1/2/2021 15:00,36527.63,15.56,3.8,0.45,3.35,0,191
1/2/2021 16:00,36527.67,13.33,4.4,1.79,3.44,0,31
1/2/2021 17:00,36527.71,12.78,4.9,0.89,5.57,10,0
1/2/2021 18:00,36527.76,12.78,5.6,1.79,0.45,10,0
1/2/2021 19:00,36527.8,12.78,5.7,0.45,1.59,10,0
1/2/2021 20:00,36527.84,12.22,5.7,0.45,1.95,10,0
1/2/2021 21:00,36527.88,11.67,6.4,0.89,0.7,10,0
1/2/2021 22:00,36527.92,11.11,6.9,1.79,1.22,10,0
1/2/2021 23:00,36527.97,7.22,6.8,4.02,1.03,10,0
1/3/2021 0:00,36528,10.56,6.3,2.24,0.75,10,0
1/3/2021 1:00,36528.04,10,6.1,2.01,0.58,10,0
1/3/2021 2:00,36528.08,10.56,5.8,1.79,0.42,10,0
1/3/2021 3:00,36528.13,10,6.5,0.89,4.92,10,0
1/3/2021 4:00,36528.17,9.44,7.1,1.34,0.87,10,0
1/3/2021 5:00,36528.21,9.44,7.3,1.34,0.79,10,0
1/3/2021 6:00,36528.25,8.89,7.6,1.34,2.88,10,0
1/3/2021 7:00,36528.29,8.89,6.9,0.89,3.14,0,25
1/3/2021 8:00,36528.34,10,7.4,0.45,0.93,7.23,119
1/3/2021 9:00,36528.38,12.78,8,0.45,6.09,4.53,272
1/3/2021 10:00,36528.42,13.89,8.3,0.89,2.48,3.14,382
1/3/2021 11:00,36528.46,14.44,8,2.24,4,5.65,362
1/3/2021 12:00,36528.5,14.44,7.8,0.45,5.17,5.02,382
1/3/2021 13:00,36528.55,15.56,8.1,0.89,3.86,6.59,293
1/3/2021 14:00,36528.59,15,8.3,0.89,3.23,6.53,227
1/3/2021 15:00,36528.63,13.89,8.3,0,2.23,7.53,114
1/3/2021 16:00,36528.67,13.33,8.1,0.45,3.4,0,29
1/3/2021 17:00,36528.71,12.78,7.9,0.45,3.68,10,0
1/3/2021 18:00,36528.76,12.22,7.9,0.89,5.76,10,0
1/3/2021 19:00,36528.8,11.67,8.4,1.34,0.94,10,0
1/3/2021 20:00,36528.84,11.67,8.4,2.68,1.52,10,0
1/3/2021 21:00,36528.88,11.67,8.3,2.68,1.43,10,0
1/3/2021 22:00,36528.92,11.67,8.2,3.13,0.87,10,0
1/3/2021 23:00,36528.97,11.11,7.5,2.01,2.11,10,0
1/4/2021 0:00,36529,10.56,7.8,0.89,3.35,10,0
1/4/2021 1:00,36529.04,11.11,8.2,0.89,6.13,10,0
1/4/2021 2:00,36529.08,11.11,8.5,3.13,0.63,10,0
1/4/2021 3:00,36529.13,11.67,8,2.68,1.06,10,0
1/4/2021 4:00,36529.17,11.11,7.8,2.24,1.68,10,0
1/4/2021 5:00,36529.21,12.22,7.2,1.79,1.01,10,0
1/4/2021 6:00,36529.25,11.11,6,1.34,0.65,10,1
1/4/2021 7:00,36529.29,9.44,5.9,0.45,3.42,0,58
1/4/2021 8:00,36529.34,11.11,6.9,0.45,1.17,0,184
1/4/2021 9:00,36529.38,14.44,7,0.89,2.36,5.14,261
1/4/2021 10:00,36529.42,14.44,7.3,2.68,1.24,0,416
1/4/2021 11:00,36529.46,15,7.2,4.02,1.41,6.24,342
1/4/2021 12:00,36529.5,15.56,6.8,2.24,1.69,10,150
1/4/2021 13:00,36529.55,17.22,6.3,0.45,4.9,8.51,217
1/4/2021 14:00,36529.59,16.11,5.6,2.68,3.28,9.38,135
1/4/2021 15:00,36529.63,15.56,6.4,1.79,2.76,10,60
1/4/2021 16:00,36529.67,15.56,6.9,0.89,2.22,2.19,17
1/4/2021 17:00,36529.71,13.89,7.3,2.68,5.64,10,0
1/4/2021 18:00,36529.76,13.33,7.6,2.24,0,10,0
1/4/2021 19:00,36529.8,13.33,7.5,2.68,0.73,10,0
1/4/2021 20:00,36529.84,12.78,7.2,0.89,4.12,10,0
1/4/2021 21:00,36529.88,11.11,7,0.89,3.91,10,0
1/4/2021 22:00,36529.92,11.67,7.6,0.67,3.6,10,0
1/4/2021 23:00,36529.97,12.22,7.5,1.34,3.28,10,0
1/5/2021 0:00,36530,9.44,7.4,2.24,0.86,10,0
1/5/2021 1:00,36530.04,9.44,7,2.68,1.01,10,0
1/5/2021 2:00,36530.08,8.89,5.8,3.13,0.61,10,0
1/5/2021 3:00,36530.13,7.22,5.7,0.89,1.01,10,0
1/5/2021 4:00,36530.17,7.22,5.1,1.79,1.34,10,1
1/5/2021 5:00,36530.21,7.22,4.4,1.79,1.01,10,1
1/5/2021 6:00,36530.25,6.11,3.8,1.34,3.58,10,0
1/5/2021 7:00,36530.29,3.89,3.6,1.34,4.21,0,41
1/5/2021 8:00,36530.34,7.22,5.5,0.45,2.51,3.13,171
1/5/2021 9:00,36530.38,7.22,5.7,1.79,3.93,2.46,304
1/5/2021 10:00,36530.42,8.33,6.3,1.79,3.8,2.43,395
1/5/2021 11:00,36530.46,10.56,7,0.45,1.36,0,493
1/5/2021 12:00,36530.5,13.89,7.5,0.89,3.67,0,506
1/5/2021 13:00,36530.55,15.56,7.7,0.45,3.49,0,451
1/5/2021 14:00,36530.59,15.56,7.7,0.89,5.31,2.39,305
1/5/2021 15:00,36530.63,13.89,7.4,0.45,3.67,10,63
1/5/2021 16:00,36530.67,12.22,7.2,1.79,4.19,0,25
1/5/2021 17:00,36530.71,11.67,6.8,1.34,5.72,10,0
1/5/2021 18:00,36530.76,11.11,6.5,0.45,4.42,10,0
1/5/2021 19:00,36530.8,10,6.6,0.89,1.43,10,0
1/5/2021 20:00,36530.84,9.44,5.9,1.79,0.7,10,0
1/5/2021 21:00,36530.88,8.89,5.6,2.68,1.26,10,0
1/5/2021 22:00,36530.92,7.78,5.2,1.34,3.96,10,0
1/5/2021 23:00,36530.97,10.56,5.7,0.45,5.74,10,1
1/6/2021 0:00,36531,7.22,5.3,3.13,0.99,10,0
1/6/2021 1:00,36531.04,7.78,5.3,4.02,0.86,10,1
1/6/2021 2:00,36531.08,7.78,4.1,4.92,1.05,10,0
1/6/2021 3:00,36531.13,7.22,2.7,3.58,0.91,10,0
1/6/2021 4:00,36531.17,7.22,2.4,4.02,0.86,10,0
1/6/2021 5:00,36531.21,7.22,2.6,3.13,0.93,10,0
1/6/2021 6:00,36531.25,6.67,1.7,4.47,0.86,10,0
1/6/2021 7:00,36531.29,6.67,1.8,1.34,1.34,0,28
1/6/2021 8:00,36531.34,6.11,4.3,0.89,3.77,5,154
1/6/2021 9:00,36531.38,8.89,6.8,0.89,0.7,3.18,297
1/6/2021 10:00,36531.42,10.56,7.9,0.45,2.01,5.99,316
1/6/2021 11:00,36531.46,13.33,8,0.89,2.29,3.61,422
1/6/2021 12:00,36531.5,12.78,8.3,0.89,3.89,5.72,363
1/6/2021 13:00,36531.55,13.89,8.1,1.79,5.22,7.52,261
1/6/2021 14:00,36531.59,13.89,8.5,1.79,4.19,4.88,269
1/6/2021 15:00,36531.63,13.89,8.4,3.13,4.24,4.41,161
1/6/2021 16:00,36531.67,12.22,7.8,0.89,1.83,0,51
1/6/2021 17:00,36531.71,10,7.3,2.24,4,10,1
1/6/2021 18:00,36531.76,10,7.2,0.89,1.45,10,0
1/6/2021 19:00,36531.8,10.56,6.5,1.79,0.96,10,0
1/6/2021 20:00,36531.84,10,6.2,2.24,1.03,10,0
1/6/2021 21:00,36531.88,9.44,5.6,1.34,1.05,10,1
1/6/2021 22:00,36531.92,8.33,4.7,2.24,0.98,10,1
1/6/2021 23:00,36531.97,7.78,3.7,1.79,1.31,10,0
1/7/2021 0:00,36532,7.22,3.2,3.13,0.91,10,0
1/7/2021 1:00,36532.04,6.67,2.3,2.24,1.24,10,0
1/7/2021 2:00,36532.08,6.11,1.9,1.79,1.08,10,0
1/7/2021 3:00,36532.13,5.56,2.1,3.58,0.99,10,0
1/7/2021 4:00,36532.17,6.11,2.9,1.79,1.34,10,0
1/7/2021 5:00,36532.21,5.56,4,2.68,1.01,10,0
1/7/2021 6:00,36532.25,5.56,4,1.79,1.2,10,0
1/7/2021 7:00,36532.29,6.11,4.3,1.34,1.34,8.04,12
1/7/2021 8:00,36532.34,7.22,5.1,1.34,1.08,9.83,69
1/7/2021 9:00,36532.38,7.22,6.1,0.89,3.65,10,103
1/7/2021 10:00,36532.42,8.89,7,1.79,1.05,9.92,149
1/7/2021 11:00,36532.46,11.11,7.9,3.13,1.85,8.8,230
1/7/2021 12:00,36532.5,12.78,8.4,1.34,2.97,3.72,421
1/7/2021 13:00,36532.55,13.89,8.2,1.79,3.42,0,454
1/7/2021 14:00,36532.59,11.67,8.1,2.68,4.1,0,341
1/7/2021 15:00,36532.63,10,7.6,1.79,4.29,0,195
1/7/2021 16:00,36532.67,6.11,6.9,2.24,4.19,0,41
1/7/2021 17:00,36532.71,5.56,6.7,0.89,4.36,10,0
1/7/2021 18:00,36532.76,6.11,6.4,0.45,2.01,10,0
1/7/2021 19:00,36532.8,5.56,6,1.34,0.54,10,0
1/7/2021 20:00,36532.84,6.11,5.5,1.79,0.33,10,0
1/7/2021 21:00,36532.88,6.11,5.3,2.68,0.35,10,0
1/7/2021 22:00,36532.92,6.11,5.3,2.68,0.99,10,0
1/7/2021 23:00,36532.97,7.78,5.1,2.68,1.01,10,0
1/8/2021 0:00,36533,6.11,5.2,2.68,2.16,10,0
1/8/2021 1:00,36533.04,7.22,5,1.79,3.51,10,0
1/8/2021 2:00,36533.08,7.78,4.9,3.13,0.61,10,0
1/8/2021 3:00,36533.13,4.44,5.1,3.58,4.45,10,0
1/8/2021 4:00,36533.17,5.56,5.1,1.34,6,10,0
1/8/2021 5:00,36533.21,6.11,5.2,1.79,1.06,10,0
1/8/2021 6:00,36533.25,7.22,5.5,1.79,1.61,10,0
1/8/2021 7:00,36533.29,5.56,5.7,1.34,3.14,7.49,14
1/8/2021 8:00,36533.34,5.56,5.7,1.79,1.5,10,51
1/8/2021 9:00,36533.38,6.67,6,2.24,1.69,10,80
1/8/2021 10:00,36533.42,8.33,6.3,2.68,1.75,10,131
1/8/2021 11:00,36533.46,10.56,7,1.34,1.36,8.92,224
1/8/2021 12:00,36533.5,11.67,7.4,1.79,3.7,5.53,372
1/8/2021 13:00,36533.55,12.78,7.5,1.79,4.33,1.01,413
1/8/2021 14:00,36533.59,12.78,7.6,0.89,3.86,0,335
1/8/2021 15:00,36533.63,10,7.6,2.68,4.57,2.07,182
1/8/2021 16:00,36533.67,7.78,7.3,1.34,4.45,0,42
1/8/2021 17:00,36533.71,7.78,7,0.89,4.17,10,1
1/8/2021 18:00,36533.76,7.78,7,0.89,5.18,10,0
1/8/2021 19:00,36533.8,7.78,7.1,1.34,1.47,10,0
1/8/2021 20:00,36533.84,7.78,7.4,0.89,0.7,10,0
1/8/2021 21:00,36533.88,7.22,7.6,0.89,4.21,10,0
1/8/2021 22:00,36533.92,7.22,7.6,0.45,4.29,10,0
1/8/2021 23:00,36533.97,3.89,7.6,2.24,3.72,10,0
1/9/2021 0:00,36534,6.11,7.7,1.34,0.42,10,0
1/9/2021 1:00,36534.04,6.11,7.9,1.34,0.86,10,0
1/9/2021 2:00,36534.08,6.67,7.9,1.34,1.29,10,0
1/9/2021 3:00,36534.13,6.11,7.7,2.68,0.82,10,0
1/9/2021 4:00,36534.17,6.11,7.2,1.79,1.73,10,0
1/9/2021 5:00,36534.21,6.11,7.1,0.89,1.87,10,0
1/9/2021 6:00,36534.25,6.67,6.9,0.45,2.3,10,0
1/9/2021 7:00,36534.29,6.67,7,0.89,2.22,10,5
1/9/2021 8:00,36534.34,7.22,7.3,1.79,1.41,10,18
1/9/2021 9:00,36534.38,7.78,7.6,0.45,1.38,10,28
1/9/2021 10:00,36534.42,8.33,7.8,0.89,1.92,10,56
1/9/2021 11:00,36534.46,9.44,7.8,0.89,1.41,10,110
1/9/2021 12:00,36534.5,10,7.8,0.89,2.02,10,141
1/9/2021 13:00,36534.55,10.56,7.5,1.79,3.33,9.84,155
1/9/2021 14:00,36534.59,10,7.6,1.12,3.27,8.73,163
1/9/2021 15:00,36534.63,9.44,7.1,0.45,3.21,10,52
1/9/2021 16:00,36534.67,8.89,7.1,1.34,1.2,2.53,23
1/9/2021 17:00,36534.71,8.33,6.4,0.89,2.72,10,1
1/9/2021 18:00,36534.76,7.22,5.4,0.89,4.82,10,0
1/9/2021 19:00,36534.8,7.78,4.4,0.89,5.99,10,0
1/9/2021 20:00,36534.84,7.22,4.1,3.13,0.98,10,0
1/9/2021 21:00,36534.88,7.22,3.7,3.13,1.03,10,0
1/9/2021 22:00,36534.92,6.67,3.4,1.79,1.41,10,1
1/9/2021 23:00,36534.97,6.11,5.2,0.89,4.45,10,0
1/10/2021 0:00,36535,6.11,4.5,1.34,0.65,10,0
1/10/2021 1:00,36535.04,5.56,3.1,2.24,0.91,10,1
1/10/2021 2:00,36535.08,5.56,2.2,2.68,0.96,10,0
1/10/2021 3:00,36535.13,5.56,1.4,3.13,0.86,10,0
1/10/2021 4:00,36535.17,5.56,1.7,3.13,0.72,10,0
1/10/2021 5:00,36535.21,5.56,1.1,2.68,1.1,10,0
1/10/2021 6:00,36535.25,5.56,0.4,2.68,1.05,10,0
1/10/2021 7:00,36535.29,5.56,0.7,3.58,0.89,0,36
1/10/2021 8:00,36535.34,6.94,4.1,2.91,0.74,4.02,170
1/10/2021 9:00,36535.38,8.33,6.4,2.24,0.59,1.07,322
1/10/2021 10:00,36535.42,11.11,6.7,1.34,0.82,0,448
1/10/2021 11:00,36535.46,12.78,6.9,2.24,4.22,0,503
1/10/2021 12:00,36535.5,12.78,7.2,1.79,4.5,0,511
1/10/2021 13:00,36535.55,13.89,7.6,2.24,4.22,0,452
1/10/2021 14:00,36535.59,14.44,7.3,2.24,3.94,5.75,255
1/10/2021 15:00,36535.63,13.33,7.1,3.13,4.21,2.77,181
1/10/2021 16:00,36535.67,11.67,6.8,1.34,4.45,0,56
1/10/2021 17:00,36535.71,10.56,6.7,1.34,4.28,10,1
1/10/2021 18:00,36535.76,10,6.8,0.89,3.96,10,0
1/10/2021 19:00,36535.8,9.44,6.8,0.89,3.39,10,0
1/10/2021 20:00,36535.84,8.89,6.5,0.89,2.76,10,0
1/10/2021 21:00,36535.88,8.33,6.1,0.89,2.97,10,0
1/10/2021 22:00,36535.92,7.78,4.7,1.56,1.85,10,0
1/10/2021 23:00,36535.97,6.67,4.6,1.79,0.73,10,0
1/11/2021 0:00,36536,7.78,3.4,1.34,3.4,10,1
1/11/2021 1:00,36536.04,7.22,3,1.79,0.89,10,0
1/11/2021 2:00,36536.08,7.22,3.5,3.58,0.86,10,0
1/11/2021 3:00,36536.13,6.67,3.5,2.24,0.98,10,1
1/11/2021 4:00,36536.17,6.67,2.3,3.58,0.91,10,0
1/11/2021 5:00,36536.21,6.67,2.5,2.68,0.77,10,0
1/11/2021 6:00,36536.25,6.67,2.2,3.58,0.61,10,0
1/11/2021 7:00,36536.29,6.11,1.7,2.68,1.22,0,33
1/11/2021 8:00,36536.34,10,5.2,1.79,1.5,1.48,189
1/11/2021 9:00,36536.38,10,6.8,1.34,3.8,0,361
1/11/2021 10:00,36536.42,12.22,7.3,0.89,5.22,0,425
1/11/2021 11:00,36536.46,14.44,7.4,1.34,4.03,0,484
1/11/2021 12:00,36536.5,13.89,7.3,2.24,0.61,0,488
1/11/2021 13:00,36536.55,15,6.9,1.79,5.31,0,436
1/11/2021 14:00,36536.59,15,6.5,1.34,4.63,2.44,314
1/11/2021 15:00,36536.63,15,6.4,0.89,0.72,3.92,173
1/11/2021 16:00,36536.67,13.33,6.2,0.89,3.47,0,64
1/11/2021 17:00,36536.71,11.11,5.9,1.34,4.42,10,0
1/11/2021 18:00,36536.76,12.22,6,1.79,0.26,10,0
1/11/2021 19:00,36536.8,10.56,5.8,1.79,0.66,10,0
1/11/2021 20:00,36536.84,11.11,5.3,0.89,1.03,10,0
1/11/2021 21:00,36536.88,8.33,5.1,0.89,3.93,10,0
1/11/2021 22:00,36536.92,8.33,4.4,2.68,0.99,10,0
1/11/2021 23:00,36536.97,7.22,4.5,2.24,1.5,10,0
1/12/2021 0:00,36537,8.33,4.1,2.91,1.2,10,1
1/12/2021 1:00,36537.04,7.78,3.6,3.58,0.91,10,1
1/12/2021 2:00,36537.08,7.78,3.2,1.79,1.22,10,0
1/12/2021 3:00,36537.13,7.78,3.1,0.89,0.54,10,0
1/12/2021 4:00,36537.17,7.22,2.9,2.68,0.86,10,0
1/12/2021 5:00,36537.21,7.78,3.2,2.68,0.59,10,0
1/12/2021 6:00,36537.25,7.78,2.8,0.89,5.31,10,0
1/12/2021 7:00,36537.29,7.22,3.2,1.79,1.15,5.8,22
1/12/2021 8:00,36537.34,8.33,4.7,0.89,6.14,9.07,90
1/12/2021 9:00,36537.38,8.33,5.7,1.79,0.38,9.39,140
1/12/2021 10:00,36537.42,11.67,6.3,0.89,5.86,8.99,201
1/12/2021 11:00,36537.46,11.67,6.7,0.89,3.46,8.83,233
1/12/2021 12:00,36537.5,11.67,6.8,0.45,4.45,9.35,204
1/12/2021 13:00,36537.55,13.33,6.9,0.45,0.54,9.91,153
1/12/2021 14:00,36537.59,15,6.9,0.45,3.63,8.4,178
1/12/2021 15:00,36537.63,14.44,6.8,1.34,4.31,5.84,151
1/12/2021 16:00,36537.67,13.33,6.8,0.45,4.33,0,43
1/12/2021 17:00,36537.71,12.22,6.3,1.34,4.73,10,0
1/12/2021 18:00,36537.76,12.78,6.4,0.45,0.31,10,0
1/12/2021 19:00,36537.8,11.11,6.3,2.24,0.94,10,0
1/12/2021 20:00,36537.84,11.11,5.9,1.34,0.37,10,0
1/12/2021 21:00,36537.88,10,6,3.13,1.34,10,0
1/12/2021 22:00,36537.92,10.56,5.9,0.89,1.75,10,0
1/12/2021 23:00,36537.97,9.44,5.3,2.24,0.84,10,0
1/13/2021 0:00,36538,8.33,5.2,1.79,1.05,10,0
1/13/2021 1:00,36538.04,8.89,4.5,1.34,1.17,10,0
1/13/2021 2:00,36538.08,7.22,4.2,2.68,1.24,10,1
1/13/2021 3:00,36538.13,7.22,3.4,3.13,1.17,10,0
1/13/2021 4:00,36538.17,7.22,3.6,3.58,1.26,10,0
1/13/2021 5:00,36538.21,7.22,4.3,1.79,1.1,10,1
1/13/2021 6:00,36538.25,7.22,3.7,0.45,2.44,10,2
1/13/2021 7:00,36538.29,6.67,3.4,1.79,0.61,5.5,24
1/13/2021 8:00,36538.34,9.44,5.4,1.79,1.15,6.61,140
1/13/2021 9:00,36538.38,10,6.5,1.79,0.49,4,296
1/13/2021 10:00,36538.42,13.33,7.3,0.89,3.7,1.51,419
1/13/2021 11:00,36538.46,15,7.4,1.79,4.05,0,476
1/13/2021 12:00,36538.5,16.11,6.9,1.79,5.1,2.24,459
1/13/2021 13:00,36538.55,16.67,5.8,1.79,4.42,0,431
1/13/2021 14:00,36538.59,17.78,6.1,0.89,4.54,1.12,328
1/13/2021 15:00,36538.63,17.22,6,0.45,1.15,1.53,193
1/13/2021 16:00,36538.67,15,5.6,0.45,4.94,0,61
1/13/2021 17:00,36538.71,14.44,5.9,0.89,4.57,10,1
1/13/2021 18:00,36538.76,12.78,6.3,1.79,0.23,10,0
1/13/2021 19:00,36538.8,12.22,6.3,1.79,0.72,10,0
1/13/2021 20:00,36538.84,11.11,5.9,3.13,0.98,10,0
1/13/2021 21:00,36538.88,11.11,5.7,3.13,0.86,10,0
1/13/2021 22:00,36538.92,10,5.7,4.02,0.93,10,0
1/13/2021 23:00,36538.97,10,5,1.34,1.27,10,0
1/14/2021 0:00,36539,9.44,4.9,3.13,0.94,10,0
1/14/2021 1:00,36539.04,8.89,4.5,3.13,0.77,10,0
1/14/2021 2:00,36539.08,8.89,4.2,2.68,0.84,10,0
1/14/2021 3:00,36539.13,7.78,3.8,2.24,1.05,10,0
1/14/2021 4:00,36539.17,8.33,3.4,3.58,0.79,10,1
1/14/2021 5:00,36539.21,7.78,3.5,2.68,0.98,10,0
1/14/2021 6:00,36539.25,7.22,2.9,3.13,1.34,10,0
1/14/2021 7:00,36539.29,7.22,2.9,2.68,1.22,2.84,30
1/14/2021 8:00,36539.34,9.44,4.7,2.24,0.7,8.01,115
1/14/2021 9:00,36539.38,11.11,5.4,2.24,0.59,3.15,311
1/14/2021 10:00,36539.42,13.89,7.3,1.34,0.31,2.65,408
1/14/2021 11:00,36539.46,16.67,8.8,3.13,3.37,0,489
1/14/2021 12:00,36539.5,17.22,10.1,1.34,2.46,0,486
1/14/2021 13:00,36539.55,17.78,10.6,0.45,0.3,0,447
1/14/2021 14:00,36539.59,18.89,10.7,0.89,2.83,0,350
1/14/2021 15:00,36539.63,16.67,10.9,3.13,4.26,0,212
1/14/2021 16:00,36539.67,13.33,10.5,1.34,3.87,0,65
1/14/2021 17:00,36539.71,12.22,10,1.34,1.48,10,1
1/14/2021 18:00,36539.76,11.67,9,0.89,1.9,10,0
1/14/2021 19:00,36539.8,11.11,8.5,1.79,0.49,10,0
1/14/2021 20:00,36539.84,11.67,8.2,2.68,0.7,10,0
1/14/2021 21:00,36539.88,11.11,6.9,4.02,0.94,10,0
1/14/2021 22:00,36539.92,10.56,6.6,2.68,1.19,10,0
1/14/2021 23:00,36539.97,10,5.3,2.68,1.15,10,0
1/15/2021 0:00,36540,9.44,5,3.13,0.98,10,0
1/15/2021 1:00,36540.04,9.44,4.7,3.13,0.84,10,0
1/15/2021 2:00,36540.08,8.89,3.6,4.02,0.98,10,0
1/15/2021 3:00,36540.13,8.89,3.9,2.68,1.12,10,0
1/15/2021 4:00,36540.17,8.33,3.2,4.02,0.89,10,0
1/15/2021 5:00,36540.21,8.33,3.3,3.13,0.8,10,1
1/15/2021 6:00,36540.25,7.78,2.9,2.68,0.84,10,2
1/15/2021 7:00,36540.29,8.33,3.7,2.68,1.15,0,36
1/15/2021 8:00,36540.34,10,5.8,2.68,1.27,3.97,179
1/15/2021 9:00,36540.38,13.33,6.5,0.89,5.57,1.99,326
1/15/2021 10:00,36540.42,17.22,7.6,0.89,3.75,0.81,428
1/15/2021 11:00,36540.46,17.78,9,0.89,3.21,0.57,478
1/15/2021 12:00,36540.5,18.89,9.7,0.89,4.22,0,494
1/15/2021 13:00,36540.55,20,9.9,1.79,3.79,4.86,364
1/15/2021 14:00,36540.59,19.44,10,3.13,4.21,0,358
1/15/2021 15:00,36540.63,18.33,10.2,3.58,4.14,0,213
1/15/2021 16:00,36540.67,16.11,10.1,2.24,4.38,0,50
1/15/2021 17:00,36540.71,14.44,9.6,0.89,3.68,10,2
1/15/2021 18:00,36540.76,13.89,9.7,2.24,4.54,10,0
1/15/2021 19:00,36540.8,14.44,9.9,0.89,4.21,10,0
1/15/2021 20:00,36540.84,12.22,9.4,0.89,6.13,10,0
1/15/2021 21:00,36540.88,11.67,8.7,0.89,2.84,10,0
1/15/2021 22:00,36540.92,11.67,7.5,0.89,2.3,10,0
1/15/2021 23:00,36540.97,9.44,7.2,3.58,0.96,10,0
1/16/2021 0:00,36541,10.56,7.3,0.89,0.94,10,0
1/16/2021 1:00,36541.04,11.11,6.7,0.45,1.59,10,0
1/16/2021 2:00,36541.08,9.44,6,1.79,0.65,10,0
1/16/2021 3:00,36541.13,10,5.4,2.24,1.22,10,0
1/16/2021 4:00,36541.17,9.44,6,1.34,1.34,10,0
1/16/2021 5:00,36541.21,8.33,6.8,0.89,3.94,10,0
1/16/2021 6:00,36541.25,8.33,6,1.79,0.87,10,0
1/16/2021 7:00,36541.29,8.33,6.7,2.24,1.01,9.19,16
1/16/2021 8:00,36541.34,11.11,7.6,0.89,1.41,7.84,121
1/16/2021 9:00,36541.38,11.67,9.3,1.34,3.87,4.82,286
1/16/2021 10:00,36541.42,13.89,9.8,0.89,3.93,2.81,410
1/16/2021 11:00,36541.46,16.67,10.3,1.79,3.11,1.32,476
1/16/2021 12:00,36541.5,17.22,10.5,1.34,3.46,0,485
1/16/2021 13:00,36541.55,18.89,10.5,1.34,3.46,0,434
1/16/2021 14:00,36541.59,18.33,10.5,1.34,2.81,0,339
1/16/2021 15:00,36541.63,18.33,10.2,0.89,3.35,1.3,200
1/16/2021 16:00,36541.67,16.11,9.8,0.89,3.37,0,61
1/16/2021 17:00,36541.71,15,9.7,0.89,0.63,10,1
1/16/2021 18:00,36541.76,14.44,9.2,0.89,0.99,10,0
1/16/2021 19:00,36541.8,12.78,9,1.34,6.14,10,0
1/16/2021 20:00,36541.84,12.22,8.8,3.13,0.63,10,0
1/16/2021 21:00,36541.88,11.67,7.8,2.68,0.94,10,0
1/16/2021 22:00,36541.92,11.67,7.4,2.68,0.87,10,0
1/16/2021 23:00,36541.97,10,6.9,1.34,1.08,10,0
1/17/2021 0:00,36542,10.56,6,3.58,0.72,10,0
1/17/2021 1:00,36542.04,11.11,5.8,4.47,0.84,10,0
1/17/2021 2:00,36542.08,10,5.6,3.13,0.72,10,0
1/17/2021 3:00,36542.13,9.44,4.9,3.13,0.96,10,0
1/17/2021 4:00,36542.17,9.44,4.5,3.13,1.17,10,0
1/17/2021 5:00,36542.21,9.44,4.2,2.68,0.96,10,0
1/17/2021 6:00,36542.25,9.44,3.7,3.13,0.86,10,1
1/17/2021 7:00,36542.29,9.44,4.5,3.13,0.63,4.74,32
1/17/2021 8:00,36542.34,10,7.7,1.79,0.4,5.27,167
1/17/2021 9:00,36542.38,13.33,9.1,0.89,5.17,3.1,318
1/17/2021 10:00,36542.42,15.56,9.4,0.45,0.89,0,439
1/17/2021 11:00,36542.46,18.33,9.6,0.89,3.8,0,501
1/17/2021 12:00,36542.5,18.89,9.7,1.79,5.53,0,512
1/17/2021 13:00,36542.55,20.56,10.2,2.24,4.14,0,454
1/17/2021 14:00,36542.59,20.56,10.1,2.24,4.08,0,359
1/17/2021 15:00,36542.63,20,10,1.34,4.69,0,215
1/17/2021 16:00,36542.67,17.78,9.4,1.34,4.4,0,65
1/17/2021 17:00,36542.71,17.22,9.2,0.45,5.03,10,1
1/17/2021 18:00,36542.76,15,9.2,0.89,5.93,10,0
1/17/2021 19:00,36542.8,13.89,8.6,1.79,0.66,10,0
1/17/2021 20:00,36542.84,13.33,8.6,3.13,0.84,10,0
1/17/2021 21:00,36542.88,12.78,8.2,3.13,0.84,10,0
1/17/2021 22:00,36542.92,11.67,8.1,3.13,1.17,10,0
1/17/2021 23:00,36542.97,11.67,7.6,2.68,0.72,10,0
1/18/2021 0:00,36543,11.11,6.1,3.13,0.56,10,0
1/18/2021 1:00,36543.04,11.67,5.5,3.58,0.89,10,0
1/18/2021 2:00,36543.08,10.56,5.9,4.47,0.87,10,0
1/18/2021 3:00,36543.13,10.56,6,0.89,0.28,10,0
1/18/2021 4:00,36543.17,10,4.9,1.34,0.45,10,0
1/18/2021 5:00,36543.21,10,4.7,2.68,0.89,10,0
1/18/2021 6:00,36543.25,9.44,4.7,1.79,0.23,10,1
1/18/2021 7:00,36543.29,9.44,4.6,2.24,0.38,6.41,29
1/18/2021 8:00,36543.34,12.22,7.4,0.89,1.45,6.24,154
1/18/2021 9:00,36543.38,13.89,8.5,0.89,3.75,3.4,316
1/18/2021 10:00,36543.42,15,9.2,0.89,2.9,0,439
1/18/2021 11:00,36543.46,16.67,10,1.79,4.56,0,501
1/18/2021 12:00,36543.5,17.78,10.1,2.24,5.24,0,512
1/18/2021 13:00,36543.55,19.44,9.9,1.79,3.44,0,467
1/18/2021 14:00,36543.59,19.44,9.6,2.24,3.93,0,369
1/18/2021 15:00,36543.63,18.89,8.9,2.68,4.07,0,221
1/18/2021 16:00,36543.67,17.22,7.9,0.45,3.4,0,79
1/18/2021 17:00,36543.71,16.11,7.5,0.89,1.92,10,2
1/18/2021 18:00,36543.76,15,7.8,1.79,1.83,10,0
1/18/2021 19:00,36543.8,13.89,7.3,1.79,1.12,10,0
1/18/2021 20:00,36543.84,12.78,6.7,1.79,0.68,10,0
1/18/2021 21:00,36543.88,12.78,6.2,2.24,0.94,10,0
1/18/2021 22:00,36543.92,12.78,6.7,3.13,1.26,10,0
1/18/2021 23:00,36543.97,11.67,7.8,2.68,0.86,10,0
1/19/2021 0:00,36544,14.44,8,1.79,6.21,10,0
1/19/2021 1:00,36544.04,16.11,8.2,6.26,0.47,10,0
1/19/2021 2:00,36544.08,14.44,8,8.05,1.5,10,0
1/19/2021 3:00,36544.13,14.44,6.1,9.83,0.54,10,0
1/19/2021 4:00,36544.17,15.56,2.1,11.18,1.03,10,0
1/19/2021 5:00,36544.21,15.56,1.5,8.94,0.75,10,0
1/19/2021 6:00,36544.25,14.44,1.5,12.52,0.68,10,0
1/19/2021 7:00,36544.29,13.89,2.4,10.73,0.59,5.67,33
1/19/2021 8:00,36544.34,15,4,9.39,0.54,6.45,152
1/19/2021 9:00,36544.38,16.11,4.4,8.49,0.89,3.15,322
1/19/2021 10:00,36544.42,17.22,2.7,5.36,0.61,0,477
1/19/2021 11:00,36544.46,19.44,0.7,3.58,0.72,0,535
1/19/2021 12:00,36544.5,20,1.2,3.13,3.79,0,547
1/19/2021 13:00,36544.55,20,0.5,1.79,4.07,0,497
1/19/2021 14:00,36544.59,20,-1.4,0.45,2.88,0,392
1/19/2021 15:00,36544.63,19.44,-2.7,1.79,4.8,0,242
1/19/2021 16:00,36544.67,16.67,-2.6,1.79,4.82,0,82
1/19/2021 17:00,36544.71,15.56,-2.6,2.24,5.03,10,2
1/19/2021 18:00,36544.76,15,-2.9,2.24,5.76,10,0
1/19/2021 19:00,36544.8,13.89,-2.3,1.79,6.13,10,0
1/19/2021 20:00,36544.84,13.33,-3.1,1.34,0.61,10,0
1/19/2021 21:00,36544.88,11.67,-2.4,1.79,0.4,10,0
1/19/2021 22:00,36544.92,10.56,-1.8,1.34,4.17,10,0
1/19/2021 23:00,36544.97,13.89,-1,1.79,1.22,10,0
1/20/2021 0:00,36545,9.44,-1.4,1.34,1.13,10,1
1/20/2021 1:00,36545.04,6.67,-1.9,1.34,1.19,10,1
1/20/2021 2:00,36545.08,7.22,-0.9,1.79,0.72,10,0
1/20/2021 3:00,36545.13,7.22,-0.8,3.58,0.66,10,0
1/20/2021 4:00,36545.17,7.22,-1,3.58,0.8,10,0
1/20/2021 5:00,36545.21,7.78,-1.3,2.68,1.08,10,0
1/20/2021 6:00,36545.25,5.56,-1.1,1.79,3.93,10,0
1/20/2021 7:00,36545.29,6.67,-0.9,0.89,0.21,0,48
1/20/2021 8:00,36545.34,8.33,0.5,0.89,5.62,2.24,204
1/20/2021 9:00,36545.38,12.22,0.3,0.45,3.56,0,362
1/20/2021 10:00,36545.42,15,-0.1,0.89,2.78,0,480
1/20/2021 11:00,36545.46,15,-0.1,1.34,5.1,0,546
1/20/2021 12:00,36545.5,16.67,-0.2,0.45,2.34,0,551
1/20/2021 13:00,36545.55,17.78,-0.9,0.89,3.09,0,496
1/20/2021 14:00,36545.59,18.33,-0.9,0.89,3.68,0,395
1/20/2021 15:00,36545.63,18.33,-1.4,0.89,4.57,0,246
1/20/2021 16:00,36545.67,16.11,-0.5,0.89,4.4,0,84
1/20/2021 17:00,36545.71,15,-0.1,0.89,4.75,10,3
1/20/2021 18:00,36545.76,13.33,1.2,1.34,5.86,10,0
1/20/2021 19:00,36545.8,11.67,1.5,2.68,0.79,10,0
1/20/2021 20:00,36545.84,11.11,2.2,3.58,0.93,10,0
1/20/2021 21:00,36545.88,10,1.8,4.47,0.99,10,0
1/20/2021 22:00,36545.92,9.44,1.7,3.58,0.96,10,1
1/20/2021 23:00,36545.97,10,1.5,3.13,0.94,10,0
1/21/2021 0:00,36546,8.89,1.5,4.02,0.96,10,0
1/21/2021 1:00,36546.04,8.33,1.1,4.02,0.98,10,0
1/21/2021 2:00,36546.08,10,0.8,2.68,0.86,10,0
1/21/2021 3:00,36546.13,8.89,0.8,2.24,0.56,10,0
1/21/2021 4:00,36546.17,7.78,0.4,1.79,0.45,10,0
1/21/2021 5:00,36546.21,6.67,0.3,2.68,0.93,10,0
1/21/2021 6:00,36546.25,6.11,-0.6,2.68,0.89,10,0
1/21/2021 7:00,36546.29,8.33,-0.8,2.24,1.36,2.04,45
1/21/2021 8:00,36546.34,9.44,1.1,1.34,0.54,3.64,195
1/21/2021 9:00,36546.38,12.78,-0.1,0.89,0.4,0,358
1/21/2021 10:00,36546.42,13.89,0.3,0.45,0.56,0,478
1/21/2021 11:00,36546.46,18.89,0.7,0.89,2.78,0,545
1/21/2021 12:00,36546.5,19.44,0.3,1.34,1.82,0,553
1/21/2021 13:00,36546.55,18.33,-0.7,1.79,6.13,0,502
1/21/2021 14:00,36546.59,21.11,-1.2,0.45,6.18,0,398
1/21/2021 15:00,36546.63,20.56,-1.4,0.45,4.14,0,246
1/21/2021 16:00,36546.67,18.33,-1.1,1.34,3.25,0,90
1/21/2021 17:00,36546.71,16.11,-0.5,1.79,1.48,10,3
1/21/2021 18:00,36546.76,14.44,1,1.79,0.47,10,0
1/21/2021 19:00,36546.8,13.33,1.9,2.24,0.66,10,0
1/21/2021 20:00,36546.84,13.33,2.6,1.79,0.87,10,0
1/21/2021 21:00,36546.88,12.22,2.9,2.68,0.7,10,0
1/21/2021 22:00,36546.92,12.22,2.7,2.68,0.8,10,0
1/21/2021 23:00,36546.97,9.44,1.7,3.58,0.86,10,0
1/22/2021 0:00,36547,12.78,0.9,3.13,0.7,10,0
1/22/2021 1:00,36547.04,12.78,1.4,2.68,1.05,10,0
1/22/2021 2:00,36547.08,11.11,0.6,2.24,3.49,10,0
1/22/2021 3:00,36547.13,11.67,-1,2.68,1.75,10,0
1/22/2021 4:00,36547.17,8.89,-3.4,0.45,4.42,10,0
1/22/2021 5:00,36547.21,10,-1.6,0.45,4.56,10,0
1/22/2021 6:00,36547.25,9.44,-1.1,1.79,0.96,10,0
1/22/2021 7:00,36547.29,9.44,-0.4,0.45,4.19,9.68,19
1/22/2021 8:00,36547.34,8.89,1.2,1.79,4.19,9.44,91
1/22/2021 9:00,36547.38,11.67,-0.8,0.89,3.33,5.58,281
1/22/2021 10:00,36547.42,12.22,3.4,3.13,4.66,7.21,297
1/22/2021 11:00,36547.46,11.11,6,5.36,5.18,9.43,210
1/22/2021 12:00,36547.5,8.89,7,4.02,0.23,10,57
1/22/2021 13:00,36547.55,8.33,6.9,5.36,0.77,9.93,161
1/22/2021 14:00,36547.59,9.44,6.5,4.47,1.05,5.86,274
1/22/2021 15:00,36547.63,9.44,5.6,2.68,1.62,10,34
1/22/2021 16:00,36547.67,7.22,6.4,1.34,3.68,8.9,24
1/22/2021 17:00,36547.71,7.22,6.2,4.47,1.75,10,2
1/22/2021 18:00,36547.76,7.22,6.5,1.34,3.72,10,0
1/22/2021 19:00,36547.8,7.22,6.1,3.13,1.33,10,0
1/22/2021 20:00,36547.84,7.22,6.1,1.79,1.03,10,0
1/22/2021 21:00,36547.88,7.22,6.2,1.79,1.24,10,0
1/22/2021 22:00,36547.92,6.11,6.2,0.89,3.65,10,0
1/22/2021 23:00,36547.97,12.22,6.2,3.58,1.24,10,0
1/23/2021 0:00,36548,6.67,6.3,1.79,0.52,10,0
1/23/2021 1:00,36548.04,6.67,6,1.79,0.79,10,0
1/23/2021 2:00,36548.08,6.67,5.6,1.79,1.03,10,0
1/23/2021 3:00,36548.13,6.67,5.5,2.68,1.01,10,0
1/23/2021 4:00,36548.17,6.11,5,1.79,1.06,10,0
1/23/2021 5:00,36548.21,6.67,5.4,1.79,1.12,10,0
1/23/2021 6:00,36548.25,6.67,5.5,2.24,1.06,10,0
1/23/2021 7:00,36548.29,7.22,6.1,1.34,1.69,10,3
1/23/2021 8:00,36548.34,7.22,6.5,0.45,3.51,10,12
1/23/2021 9:00,36548.38,8.33,6.7,0.45,3.26,10,27
1/23/2021 10:00,36548.42,9.44,7.3,2.24,3.89,7.58,283
1/23/2021 11:00,36548.46,11.67,7.3,1.79,5.22,0,518
1/23/2021 12:00,36548.5,11.11,6.2,3.13,4.36,5.29,410
1/23/2021 13:00,36548.55,12.78,5.5,5.36,4.42,0,506
1/23/2021 14:00,36548.59,12.78,5.4,2.68,4.76,0,402
1/23/2021 15:00,36548.63,11.67,5,2.24,4.38,0,269
1/23/2021 16:00,36548.67,10,4.8,2.24,4.59,0,90
1/23/2021 17:00,36548.71,8.89,5,1.34,4.35,10,4
1/23/2021 18:00,36548.76,7.78,5,0.89,4.52,10,0
1/23/2021 19:00,36548.8,7.78,4.8,1.79,4.07,10,0
1/23/2021 20:00,36548.84,7.78,4.6,0.89,3.33,10,0
1/23/2021 21:00,36548.88,6.67,4.6,1.34,2.84,10,0
1/23/2021 22:00,36548.92,6.67,4.6,0.89,3.54,10,0
1/23/2021 23:00,36548.97,6.11,4.4,0.45,3.51,10,0
1/24/2021 0:00,36549,6.67,4.4,1.79,1.55,10,0
1/24/2021 1:00,36549.04,6.11,3.7,1.79,3.32,10,1
1/24/2021 2:00,36549.08,6.11,4.2,1.34,0.84,10,1
1/24/2021 3:00,36549.13,6.67,4.3,2.24,1.17,10,1
1/24/2021 4:00,36549.17,6.67,4.2,2.68,1.22,10,1
1/24/2021 5:00,36549.21,6.67,4.6,2.24,0.75,10,0
1/24/2021 6:00,36549.25,7.22,4.7,0.89,3.37,10,1
1/24/2021 7:00,36549.29,7.22,5.1,0.89,1.82,9.96,19
1/24/2021 8:00,36549.34,6.67,5.6,1.34,3.93,6.15,167
1/24/2021 9:00,36549.38,7.78,5.9,0.89,2.98,0,372
1/24/2021 10:00,36549.42,10.56,5.9,0.89,1.8,2.99,428
1/24/2021 11:00,36549.46,10.56,5.7,0.89,2.6,8.45,270
1/24/2021 12:00,36549.5,10.56,5.1,0.89,3.93,6.42,369
1/24/2021 13:00,36549.55,11.67,5.1,0.89,2.65,3.62,416
1/24/2021 14:00,36549.59,11.11,4.7,1.34,1.83,9.39,153
1/24/2021 15:00,36549.63,10,4.6,4.02,1.34,8.65,114
1/24/2021 16:00,36549.67,9.44,5,2.68,1.73,6.61,39
1/24/2021 17:00,36549.71,7.22,6.1,2.68,3.87,10,0
1/24/2021 18:00,36549.76,6.67,6.7,2.24,1.38,10,0
1/24/2021 19:00,36549.8,6.67,6.5,3.58,0.7,10,0
1/24/2021 20:00,36549.84,6.67,6.5,4.47,0.66,10,0
1/24/2021 21:00,36549.88,6.11,6.4,2.24,1.29,10,0
1/24/2021 22:00,36549.92,6.11,6.4,3.58,0.61,10,0
1/24/2021 23:00,36549.97,6.67,6.3,2.24,1.43,10,0
1/25/2021 0:00,36550,5,5.6,4.47,0.84,10,0
1/25/2021 1:00,36550.04,5,5.2,2.68,0.49,10,0
1/25/2021 2:00,36550.08,4.44,4.7,2.68,5.93,10,0
1/25/2021 3:00,36550.13,5,4.6,3.58,5.46,10,0
1/25/2021 4:00,36550.17,5,4.3,5.36,5.1,10,0
1/25/2021 5:00,36550.21,3.89,3.7,5.81,5.25,10,0
1/25/2021 6:00,36550.25,2.78,3.2,4.02,4.63,10,0
1/25/2021 7:00,36550.29,3.33,3.3,3.13,5.17,10,14
1/25/2021 8:00,36550.34,4.44,2.8,6.71,5.15,10,52
1/25/2021 9:00,36550.38,4.44,2.8,5.81,5.06,9.68,141
1/25/2021 10:00,36550.42,5,2.5,3.58,4.61,8.31,252
1/25/2021 11:00,36550.46,6.11,2.4,4.47,4.31,7.04,344
1/25/2021 12:00,36550.5,6.11,1.5,6.71,5.06,9.5,210
1/25/2021 13:00,36550.55,6.11,1.1,5.36,5.03,9.49,190
1/25/2021 14:00,36550.59,6.67,1.7,2.68,4.9,8.6,188
1/25/2021 15:00,36550.63,6.67,1.5,4.92,5.38,9.02,106
1/25/2021 16:00,36550.67,6.67,1.2,4.47,5.08,6.58,41
1/25/2021 17:00,36550.71,6.67,1.3,2.68,5.36,10,4
1/25/2021 18:00,36550.76,6.67,2,2.24,0.61,10,0
1/25/2021 19:00,36550.8,6.11,2.1,1.79,0.73,10,0
1/25/2021 20:00,36550.84,5.56,2,1.34,3.4,10,0
1/25/2021 21:00,36550.88,5.56,1.9,0.45,2.11,10,0
1/25/2021 22:00,36550.92,5.56,1.5,0.45,0.99,10,0
1/25/2021 23:00,36550.97,5.56,1.5,4.02,0.63,10,0
1/26/2021 0:00,36551,5.56,1.2,1.79,1.62,10,0
1/26/2021 1:00,36551.04,5,0.9,0.89,1.88,10,0
1/26/2021 2:00,36551.08,3.89,0.6,1.34,4.08,10,0
1/26/2021 3:00,36551.13,3.33,0.8,0.89,1.73,10,0
1/26/2021 4:00,36551.17,3.33,-0.1,0.89,2.62,10,0
1/26/2021 5:00,36551.21,3.33,-1,1.34,4,10,0
1/26/2021 6:00,36551.25,2.78,-0.6,2.68,1.06,10,0
1/26/2021 7:00,36551.29,4.44,0.3,0.89,1.13,0,61
1/26/2021 8:00,36551.34,5,2.6,2.68,1.45,3.59,208
1/26/2021 9:00,36551.38,7.78,3.5,1.79,1.95,0,379
1/26/2021 10:00,36551.42,7.78,3.4,2.68,3.28,0,491
1/26/2021 11:00,36551.46,8.33,3.6,3.58,3.33,0,566
1/26/2021 12:00,36551.5,9.44,3.1,1.34,3.02,0,562
1/26/2021 13:00,36551.55,10,2.6,2.24,2.13,0,518
1/26/2021 14:00,36551.59,9.44,2,2.68,3.28,0,387
1/26/2021 15:00,36551.63,8.89,1.4,1.79,2.55,6.92,157
1/26/2021 16:00,36551.67,8.33,0.9,1.34,1.48,0,67
1/26/2021 17:00,36551.71,7.78,1.3,1.34,1.68,10,2
1/26/2021 18:00,36551.76,7.78,1.3,5.36,1.52,10,0
1/26/2021 19:00,36551.8,7.78,1.6,6.71,1.61,10,0
1/26/2021 20:00,36551.84,7.78,1.9,6.26,1.47,10,0
1/26/2021 21:00,36551.88,8.33,1.8,3.58,1.78,10,0
1/26/2021 22:00,36551.92,7.78,2.2,2.24,2.46,10,0
1/26/2021 23:00,36551.97,5,2.6,1.79,1.5,10,0
1/27/2021 0:00,36552,3.89,3.2,6.26,1.66,10,0
1/27/2021 1:00,36552.04,4.44,3.1,9.83,1.61,10,0
1/27/2021 2:00,36552.08,5.56,3.1,5.36,1.71,10,0
1/27/2021 3:00,36552.13,7.78,2.9,5.36,1.75,10,0
1/27/2021 4:00,36552.17,10,2.9,6.26,1.92,10,0
1/27/2021 5:00,36552.21,9.44,2.5,3.13,2.04,10,0
1/27/2021 6:00,36552.25,8.89,3.4,2.68,2.02,10,0
1/27/2021 7:00,36552.29,7.22,4.9,4.02,1.55,10,4
1/27/2021 8:00,36552.34,6.67,5.8,7.15,1.33,10,26
1/27/2021 9:00,36552.38,7.22,6.7,6.26,1.55,10,43
1/27/2021 10:00,36552.42,7.78,7,4.02,1.61,10,95
1/27/2021 11:00,36552.46,7.78,7,4.92,1.62,10,126
1/27/2021 12:00,36552.5,8.33,7.5,2.68,0.87,10,133
1/27/2021 13:00,36552.55,9.44,8,3.58,0.68,10,159
1/27/2021 14:00,36552.59,10.56,8.1,3.58,1.38,10,112
1/27/2021 15:00,36552.63,11.11,7,3.58,1.61,10,45
1/27/2021 16:00,36552.67,11.67,6.8,4.92,1.57,10,10
1/27/2021 17:00,36552.71,11.67,7.4,4.92,1.92,10,0
1/27/2021 18:00,36552.76,10.56,8.2,2.68,1.06,10,0
1/27/2021 19:00,36552.8,11.11,6.5,3.58,1.43,10,0
1/27/2021 20:00,36552.84,13.33,4.6,3.58,1.88,10,0
1/27/2021 21:00,36552.88,13.33,4,2.24,5.95,10,0
1/27/2021 22:00,36552.92,12.78,4,1.79,3.54,10,0
1/27/2021 23:00,36552.97,5,3.7,1.79,2.27,10,0
1/28/2021 0:00,36553,11.11,4.3,1.34,3.53,10,0
1/28/2021 1:00,36553.04,10.56,5.1,1.79,1.92,10,0
1/28/2021 2:00,36553.08,11.11,4.8,1.79,1.99,10,0
1/28/2021 3:00,36553.13,7.78,7.3,1.79,4.59,10,0
1/28/2021 4:00,36553.17,8.33,7.6,2.68,5.69,10,0
1/28/2021 5:00,36553.21,8.33,7.7,3.58,0.56,10,0
1/28/2021 6:00,36553.25,8.33,7.9,3.13,1.12,10,0
1/28/2021 7:00,36553.29,8.89,8,2.68,1.95,10,6
1/28/2021 8:00,36553.34,8.89,8.2,3.13,1.71,10,27
1/28/2021 9:00,36553.38,9.44,8.5,2.68,1.87,10,48
1/28/2021 10:00,36553.42,9.44,8.8,4.02,1.4,10,66
1/28/2021 11:00,36553.46,9.44,9,3.58,1.95,10,79
1/28/2021 12:00,36553.5,8.89,9.1,4.47,1.52,10,72
1/28/2021 13:00,36553.55,8.89,9.1,3.58,1.57,10,53
1/28/2021 14:00,36553.59,8.89,9.1,0.89,2.78,10,36
1/28/2021 15:00,36553.63,8.33,9.1,1.79,1.54,10,23
1/28/2021 16:00,36553.67,7.78,9.1,1.34,1.13,10,6
1/28/2021 17:00,36553.71,7.78,8.8,1.34,0.77,10,1
1/28/2021 18:00,36553.76,7.78,8.5,2.68,2.04,10,0
1/28/2021 19:00,36553.8,7.22,8.2,4.47,1.57,10,0
1/28/2021 20:00,36553.84,7.22,8.1,3.13,1.83,10,0
1/28/2021 21:00,36553.88,6.67,7.3,2.24,2.16,10,0
1/28/2021 22:00,36553.92,6.67,6.8,4.02,1.26,10,0
1/28/2021 23:00,36553.97,12.22,6.8,3.58,2.91,10,0
1/29/2021 0:00,36554,6.67,6.3,5.36,1.33,10,0
1/29/2021 1:00,36554.04,7.22,5.6,3.13,1.73,10,0
1/29/2021 2:00,36554.08,7.22,5.8,2.68,2.02,10,0
1/29/2021 3:00,36554.13,6.67,6.5,1.79,2.3,10,0
1/29/2021 4:00,36554.17,6.67,6.8,1.34,2.01,10,0
1/29/2021 5:00,36554.21,7.22,6.9,1.34,1.99,10,0
1/29/2021 6:00,36554.25,7.22,6.8,0.45,2.27,10,1
1/29/2021 7:00,36554.29,7.22,6.4,2.24,1.99,10,22
1/29/2021 8:00,36554.34,7.78,6.6,1.34,3.79,9.82,88
1/29/2021 9:00,36554.38,7.78,7,0.45,1.73,8.88,182
1/29/2021 10:00,36554.42,8.89,7.3,3.58,1.87,6.59,338
1/29/2021 11:00,36554.46,8.89,6.9,3.58,1.73,8.2,293
1/29/2021 12:00,36554.5,11.11,6.6,2.68,1.64,6.45,380
1/29/2021 13:00,36554.55,12.22,5.5,1.34,1.95,5.3,385
1/29/2021 14:00,36554.59,11.67,5.2,1.34,5.74,0,490
1/29/2021 15:00,36554.63,13.89,4.8,0.45,4.24,4.03,212
1/29/2021 16:00,36554.67,11.67,3.9,1.34,4.4,0,70
1/29/2021 17:00,36554.71,10.56,5.2,1.79,5.31,10,7
1/29/2021 18:00,36554.76,8.89,5.7,1.34,0.51,10,0
1/29/2021 19:00,36554.8,7.78,6,3.13,0.61,10,0
1/29/2021 20:00,36554.84,7.22,5.5,2.68,0.82,10,0
1/29/2021 21:00,36554.88,6.67,5,2.68,1.05,10,0
1/29/2021 22:00,36554.92,6.67,4.1,3.13,1.05,10,0
1/29/2021 23:00,36554.97,6.67,3.7,5.36,1.03,10,0
1/30/2021 0:00,36555,6.11,3.3,4.47,1.03,10,0
1/30/2021 1:00,36555.04,6.67,3.2,4.02,0.94,10,0
1/30/2021 2:00,36555.08,6.67,3,3.13,1.05,10,0
1/30/2021 3:00,36555.13,7.22,3,4.02,0.82,10,0
1/30/2021 4:00,36555.17,7.22,3,2.68,1.01,10,0
1/30/2021 5:00,36555.21,7.22,2.8,2.68,1.08,10,0
1/30/2021 6:00,36555.25,5.56,2.1,3.13,0.59,10,1
1/30/2021 7:00,36555.29,7.22,2.5,1.34,1.69,0,73
1/30/2021 8:00,36555.34,8.33,3.5,0.89,0.68,0.87,238
1/30/2021 9:00,36555.38,9.44,4.5,1.79,0.35,0,404
1/30/2021 10:00,36555.42,12.22,4.8,0.89,3.82,0,525
1/30/2021 11:00,36555.46,12.78,4.8,1.79,3.14,0,594
1/30/2021 12:00,36555.5,14.44,4.9,0.89,5.18,0,605
1/30/2021 13:00,36555.55,13.89,4.7,0.89,3.12,0,530
1/30/2021 14:00,36555.59,15,4.5,0.45,3.21,0,444
1/30/2021 15:00,36555.63,15,3.7,0.45,1.52,0,301
1/30/2021 16:00,36555.67,13.89,3.6,0.45,4.52,0,120
1/30/2021 17:00,36555.71,12.22,3.3,0.89,5.31,10,7
1/30/2021 18:00,36555.76,10,4.9,1.79,1.15,10,0
1/30/2021 19:00,36555.8,9.44,5.5,1.79,0.8,10,0
1/30/2021 20:00,36555.84,8.33,5,1.79,0.72,10,0
1/30/2021 21:00,36555.88,7.78,4.7,2.68,0.38,10,0
1/30/2021 22:00,36555.92,8.33,4.6,2.24,1.2,10,0
1/30/2021 23:00,36555.97,6.67,4.3,3.13,1.48,10,0
1/31/2021 0:00,36556,8.33,4.1,2.68,0.91,10,0
1/31/2021 1:00,36556.04,8.89,3.9,2.68,0.94,10,0
1/31/2021 2:00,36556.08,10.56,4.2,2.24,1.03,10,0
1/31/2021 3:00,36556.13,8.89,3.7,3.58,0.7,10,0
1/31/2021 4:00,36556.17,9.44,3.6,3.13,0.86,10,0
1/31/2021 5:00,36556.21,8.89,3,3.35,0.98,10,0
1/31/2021 6:00,36556.25,8.33,2.5,3.58,1.1,10,1
1/31/2021 7:00,36556.29,8.89,2.9,3.58,0.96,7.24,48
1/31/2021 8:00,36556.34,10,4.4,1.34,0.3,5.25,199
1/31/2021 9:00,36556.38,11.67,4.9,0.45,2.15,3.62,348
1/31/2021 10:00,36556.42,12.78,4.8,0.89,0.7,5.32,390
1/31/2021 11:00,36556.46,15,4.9,1.79,3.47,4.51,458
1/31/2021 12:00,36556.5,16.11,4.4,1.79,3.79,0,545
1/31/2021 13:00,36556.55,15.56,3.8,1.34,3.46,6.64,341
1/31/2021 14:00,36556.59,16.11,3.6,0.89,4.78,7.73,233
1/31/2021 15:00,36556.63,15.56,3.7,0.89,4.21,7.88,145
1/31/2021 16:00,36556.67,14.44,4.4,0.89,0.89,6.6,53
1/31/2021 17:00,36556.71,14.44,5.6,2.68,1.03,10,3
1/31/2021 18:00,36556.76,14.44,5.7,2.24,1.05,10,0
1/31/2021 19:00,36556.8,13.33,6.5,3.58,0.68,10,0
1/31/2021 20:00,36556.84,13.89,6.7,1.79,0.94,10,0
1/31/2021 21:00,36556.88,13.89,7,1.34,3.18,10,0
1/31/2021 22:00,36556.92,12.78,7.1,2.24,0.44,10,0
1/31/2021 23:00,36556.97,7.78,7.1,3.13,0.79,10,0
2/1/2021 0:00,36557,12.22,7.1,1.34,0.35,10,0
2/1/2021 1:00,36557.04,12.78,7.5,1.79,1.92,10,0
2/1/2021 2:00,36557.08,12.22,7.2,3.13,1.54,10,0
2/1/2021 3:00,36557.13,12.22,7.3,1.79,0.03,10,0
2/1/2021 4:00,36557.17,12.78,7.7,1.79,1.43,10,0
2/1/2021 5:00,36557.21,13.89,7.1,1.79,2.19,10,0
2/1/2021 6:00,36557.25,13.06,7,1.79,2.96,10,0
2/1/2021 7:00,36557.29,12.22,7.2,1.79,3.72,10,21
2/1/2021 8:00,36557.34,13.33,8,1.79,1.06,9.18,111
2/1/2021 9:00,36557.38,17.78,7.8,4.47,1.15,5.48,309
2/1/2021 10:00,36557.42,20.56,6,3.13,1.73,0,532
2/1/2021 11:00,36557.46,21.67,4.6,2.68,1.83,0,599
2/1/2021 12:00,36557.5,21.67,4.2,2.24,2.2,0,606
2/1/2021 13:00,36557.55,21.11,3.5,2.68,3.46,0,624
2/1/2021 14:00,36557.59,21.11,3.5,1.79,2.95,0,411
2/1/2021 15:00,36557.63,21.11,3.3,2.24,1.41,0,293
2/1/2021 16:00,36557.67,20.56,3.4,2.24,1.64,0,130
2/1/2021 17:00,36557.71,18.33,3.6,2.24,1.88,10,12
2/1/2021 18:00,36557.76,17.22,4.6,1.34,1.17,10,0
2/1/2021 19:00,36557.8,17.22,3.9,1.79,3.39,10,0
2/1/2021 20:00,36557.84,15,4.3,1.79,1.26,10,0
2/1/2021 21:00,36557.88,13.89,4.6,3.58,0.93,10,0
2/1/2021 22:00,36557.92,12.78,4,3.13,0.72,10,0
2/1/2021 23:00,36557.97,12.78,3.8,3.13,0.89,10,0
2/2/2021 0:00,36558,12.78,2.9,4.47,0.96,10,0
2/2/2021 1:00,36558.04,12.78,3.1,3.58,0.73,10,0
2/2/2021 2:00,36558.08,12.22,3.3,4.02,0.89,10,0
2/2/2021 3:00,36558.13,11.67,3.6,4.47,0.63,10,0
2/2/2021 4:00,36558.17,11.67,3.7,4.47,0.68,10,0
2/2/2021 5:00,36558.21,11.11,3.6,4.92,0.8,10,0
2/2/2021 6:00,36558.25,11.11,3.4,4.92,0.98,10,1
2/2/2021 7:00,36558.29,11.67,4.1,3.58,0.59,0,85
2/2/2021 8:00,36558.34,13.33,4.8,1.79,0.45,1.75,244
2/2/2021 9:00,36558.38,16.11,3.6,0.89,0.21,0,420
2/2/2021 10:00,36558.42,17.22,4,2.24,1.27,0,525
2/2/2021 11:00,36558.46,20.56,4.7,1.34,3.35,0,609
2/2/2021 12:00,36558.5,20,4.9,1.34,3.26,0,644
2/2/2021 13:00,36558.55,20,5,0.89,3.14,0,488
2/2/2021 14:00,36558.59,18.33,5.5,3.58,4.49,1.28,384
2/2/2021 15:00,36558.63,15.56,8.2,8.05,5.11,0,318
2/2/2021 16:00,36558.67,13.89,10.7,3.13,4.78,0,130
2/2/2021 17:00,36558.71,13.33,9.7,2.24,4.52,10,10
2/2/2021 18:00,36558.76,12.22,9.1,2.24,4.28,10,0
2/2/2021 19:00,36558.8,11.11,9.2,2.68,4.5,10,0
2/2/2021 20:00,36558.84,10.56,9.3,0.45,4.92,10,0
2/2/2021 21:00,36558.88,11.11,9,2.24,0.8,10,0
2/2/2021 22:00,36558.92,12.22,8.9,1.79,0.79,10,0
2/2/2021 23:00,36558.97,13.33,9.4,2.68,0.91,10,0
2/3/2021 0:00,36559,10,9.2,2.24,4.43,10,0
2/3/2021 1:00,36559.04,8.89,8.6,2.24,4.08,10,0
2/3/2021 2:00,36559.08,8.33,8.5,1.79,4.21,10,0
2/3/2021 3:00,36559.13,8.33,8.1,1.79,4.05,10,0
2/3/2021 4:00,36559.17,8.33,6.5,0.89,3.79,10,0
2/3/2021 5:00,36559.21,7.78,5.7,0.89,4,10,0
2/3/2021 6:00,36559.25,7.22,5.2,0.89,3.68,10,0
2/3/2021 7:00,36559.29,7.78,5.1,0.89,2.04,6.99,56
2/3/2021 8:00,36559.34,8.33,5.4,1.34,3.7,2.25,244
2/3/2021 9:00,36559.38,11.11,5,1.79,4.14,5.98,300
2/3/2021 10:00,36559.42,13.33,4.9,0.89,4.56,6.54,353
2/3/2021 11:00,36559.46,12.78,3.8,3.58,4.47,5.5,433
2/3/2021 12:00,36559.5,13.89,2.3,3.58,4.38,3.31,501
2/3/2021 13:00,36559.55,13.89,1.8,5.36,4.38,0,573
2/3/2021 14:00,36559.59,14.44,2.2,4.92,4.28,0,492
2/3/2021 15:00,36559.63,13.89,1.4,3.58,4.42,0,277
2/3/2021 16:00,36559.67,12.22,0.9,3.58,4.49,0,127
2/3/2021 17:00,36559.71,9.44,1.3,2.68,4.45,10,14
2/3/2021 18:00,36559.76,8.33,2.9,0.89,3.72,10,0
2/3/2021 19:00,36559.8,8.33,4.5,0.89,5.43,10,0
2/3/2021 20:00,36559.84,8.33,4.8,0.45,4.54,10,0
2/3/2021 21:00,36559.88,7.78,4.4,0.89,1.31,10,0
2/3/2021 22:00,36559.92,6.67,4.5,0.89,3.65,10,0
2/3/2021 23:00,36559.97,10,4.3,2.68,3.8,10,0
2/4/2021 0:00,36560,6.11,3.9,1.79,0.96,10,0
2/4/2021 1:00,36560.04,5,3.8,0.89,3.89,10,0
2/4/2021 2:00,36560.08,5,3.7,0.45,3.12,10,0
2/4/2021 3:00,36560.13,5,3.6,0.89,1.45,10,0
2/4/2021 4:00,36560.17,2.78,4.5,1.34,3.89,10,0
2/4/2021 5:00,36560.21,2.22,4.4,1.79,3.72,10,0
2/4/2021 6:00,36560.25,2.78,4.3,0.89,3.37,10,0
2/4/2021 7:00,36560.29,3.33,4,0.89,3.49,10,23
2/4/2021 8:00,36560.34,3.33,5,0.89,3.19,8.13,146
2/4/2021 9:00,36560.38,4.44,5.4,0.45,1.52,7.71,242
2/4/2021 10:00,36560.42,7.22,6,0.45,2.04,4.82,418
2/4/2021 11:00,36560.46,8.89,6.1,1.34,4.19,0,548
2/4/2021 12:00,36560.5,11.11,6.3,1.79,3.63,0,563
2/4/2021 13:00,36560.55,13.33,6.3,0.89,1.78,0,575
2/4/2021 14:00,36560.59,13.89,5.8,0.45,2.34,0,468
2/4/2021 15:00,36560.63,13.89,5.1,1.79,3.75,0,310
2/4/2021 16:00,36560.67,13.33,5.3,0.89,3.28,0,121
2/4/2021 17:00,36560.71,11.11,5,0.89,6.06,10,13
2/4/2021 18:00,36560.76,10.56,5.2,0.89,0.51,10,0
2/4/2021 19:00,36560.8,9.44,5.3,1.34,0.61,10,0
2/4/2021 20:00,36560.84,8.89,5.3,2.24,1.03,10,0
2/4/2021 21:00,36560.88,7.78,5,3.13,1.24,10,0
2/4/2021 22:00,36560.92,7.78,4.2,1.79,1.41,10,0
2/4/2021 23:00,36560.97,6.67,3.8,1.34,3.46,10,0
2/5/2021 0:00,36561,6.67,3,3.13,0.84,10,0
2/5/2021 1:00,36561.04,6.11,2.9,3.13,0.79,10,0
2/5/2021 2:00,36561.08,6.11,2.4,4.47,0.96,10,0
2/5/2021 3:00,36561.13,6.11,2.4,3.13,0.96,10,0
2/5/2021 4:00,36561.17,6.11,1.6,3.13,0.58,10,0
2/5/2021 5:00,36561.21,5.56,1.4,3.13,0.79,10,0
2/5/2021 6:00,36561.25,5.56,0.9,3.13,0.99,10,1
2/5/2021 7:00,36561.29,6.11,2.1,3.13,0.93,3.35,82
2/5/2021 8:00,36561.34,8.89,4.6,1.79,0.65,0.86,258
2/5/2021 9:00,36561.38,10.56,5.9,0.89,4.24,0,421
2/5/2021 10:00,36561.42,12.22,6.5,0.89,3.7,0,548
2/5/2021 11:00,36561.46,13.33,6.6,0.45,1.68,0,622
2/5/2021 12:00,36561.5,14.44,6.3,0.45,5.65,0,628
2/5/2021 13:00,36561.55,14.44,5.9,1.79,5.55,0,576
2/5/2021 14:00,36561.59,17.22,5.8,1.34,1.08,0,465
2/5/2021 15:00,36561.63,16.11,5.7,1.79,4.49,0,304
2/5/2021 16:00,36561.67,15,6,1.79,4.28,0,129
2/5/2021 17:00,36561.71,13.33,6,0.45,3.68,10,13
2/5/2021 18:00,36561.76,12.22,6.2,1.34,0.68,10,0
2/5/2021 19:00,36561.8,11.11,6.5,1.79,0.75,10,0
2/5/2021 20:00,36561.84,10,6.2,1.79,0.65,10,0
2/5/2021 21:00,36561.88,10.56,5.6,1.34,1.03,10,0
2/5/2021 22:00,36561.92,8.89,5.4,2.24,0.7,10,0
2/5/2021 23:00,36561.97,6.67,5.2,3.13,0.89,10,0
2/6/2021 0:00,36562,7.22,4.7,2.68,1.26,10,0
2/6/2021 1:00,36562.04,7.78,3.9,3.13,0.89,10,0
2/6/2021 2:00,36562.08,7.22,3.9,3.13,0.94,10,0
2/6/2021 3:00,36562.13,6.67,3.1,3.58,1.08,10,0
2/6/2021 4:00,36562.17,6.67,2.7,4.02,0.63,10,0
2/6/2021 5:00,36562.21,6.11,2.6,4.02,1.03,10,0
2/6/2021 6:00,36562.25,6.11,2.4,4.02,0.94,10,1
2/6/2021 7:00,36562.29,6.67,3.2,3.58,1.13,4.62,79
2/6/2021 8:00,36562.34,9.72,5.7,2.01,2.91,2.39,253
2/6/2021 9:00,36562.38,12.78,7,0.45,4.68,0,419
2/6/2021 10:00,36562.42,15,6.8,0.45,4.05,0,545
2/6/2021 11:00,36562.46,16.67,6.7,1.34,3.68,0,615
2/6/2021 12:00,36562.5,16.67,7,0.89,1.64,0,630
2/6/2021 13:00,36562.55,17.78,6.4,1.34,1.41,0,583
2/6/2021 14:00,36562.59,18.89,5.9,1.34,3.51,0,472
2/6/2021 15:00,36562.63,18.89,5.6,0.89,3.33,0,306
2/6/2021 16:00,36562.67,16.67,6.3,0.89,4.61,0,132
2/6/2021 17:00,36562.71,15.56,6,0.89,4.68,10,14
2/6/2021 18:00,36562.76,13.89,5.8,0.89,5.74,10,0
2/6/2021 19:00,36562.8,12.78,6.5,1.79,0.66,10,0
2/6/2021 20:00,36562.84,11.67,6.3,2.68,0.68,10,0
2/6/2021 21:00,36562.88,11.11,6.4,2.24,1.08,10,0
2/6/2021 22:00,36562.92,10,6.2,3.58,0.91,10,0
2/6/2021 23:00,36562.97,8.33,5.6,2.68,0.98,10,0
2/7/2021 0:00,36563,8.89,4.9,4.02,0.8,10,0
2/7/2021 1:00,36563.04,8.33,4.5,4.02,0.93,10,0
2/7/2021 2:00,36563.08,8.33,3.8,3.58,1.12,10,0
2/7/2021 3:00,36563.13,7.78,3.4,2.24,1.24,10,0
2/7/2021 4:00,36563.17,7.22,3.3,4.02,0.98,10,0
2/7/2021 5:00,36563.21,6.67,2.9,3.13,1.19,10,0
2/7/2021 6:00,36563.25,6.67,2.9,2.68,0.98,10,1
2/7/2021 7:00,36563.29,7.22,3.4,2.24,0.94,5.98,73
2/7/2021 8:00,36563.34,9.44,6,1.79,0.94,3.75,242
2/7/2021 9:00,36563.38,13.33,6.9,0.89,0.21,0,413
2/7/2021 10:00,36563.42,13.89,7.3,1.34,0.94,0,545
2/7/2021 11:00,36563.46,16.11,7.4,1.79,3.6,0,619
2/7/2021 12:00,36563.5,17.22,7.1,1.79,4.38,0,630
2/7/2021 13:00,36563.55,17.22,7.4,0.89,5.46,0,574
2/7/2021 14:00,36563.59,17.78,7.3,1.34,4.61,0,470
2/7/2021 15:00,36563.63,17.78,7.6,1.34,4.1,0,302
2/7/2021 16:00,36563.67,16.67,7.1,1.34,4.36,0,101
2/7/2021 17:00,36563.71,15,7.1,0.89,0.63,10,7
2/7/2021 18:00,36563.76,14.44,7.4,0.89,0.47,10,0
2/7/2021 19:00,36563.8,12.78,7,2.24,0.73,10,0
2/7/2021 20:00,36563.84,11.11,7.2,1.79,0.31,10,0
2/7/2021 21:00,36563.88,10.56,6.6,4.02,0.96,10,0
2/7/2021 22:00,36563.92,10,6.2,3.58,0.73,10,0
2/7/2021 23:00,36563.97,9.44,5.5,2.68,0.98,10,0
2/8/2021 0:00,36564,9.44,5.6,4.02,0.89,10,0
2/8/2021 1:00,36564.04,8.89,4.6,3.58,1.17,10,0
2/8/2021 2:00,36564.08,8.89,4,4.02,0.75,10,0
2/8/2021 3:00,36564.13,8.33,3.7,4.02,0.77,10,0
2/8/2021 4:00,36564.17,7.78,3.3,4.02,0.91,10,0
2/8/2021 5:00,36564.21,8.33,3.2,2.68,0.86,10,0
2/8/2021 6:00,36564.25,7.22,3.3,4.02,0.8,10,2
2/8/2021 7:00,36564.29,7.78,3.9,4.47,0.96,6.43,72
2/8/2021 8:00,36564.34,10,6.4,1.34,1.43,5.99,207
2/8/2021 9:00,36564.38,12.22,6.9,1.34,0.21,4.7,351
2/8/2021 10:00,36564.42,14.44,7,0.45,5.67,3.31,472
2/8/2021 11:00,36564.46,16.67,7.6,0.89,5.08,2.28,540
2/8/2021 12:00,36564.5,18.33,7.9,1.79,3.44,3.02,526
2/8/2021 13:00,36564.55,18.33,7.6,0.89,3.11,1.18,504
2/8/2021 14:00,36564.59,16.67,5.7,0.89,5.36,6.97,281
2/8/2021 15:00,36564.63,16.11,6.6,0.89,4.35,8.12,155
2/8/2021 16:00,36564.67,15.56,7.3,0.89,4.56,6.77,70
2/8/2021 17:00,36564.71,15,7.7,0.89,4.66,10,7
2/8/2021 18:00,36564.76,15,7.7,0.89,4.78,10,0
2/8/2021 19:00,36564.8,13.89,8.1,0.45,6.07,10,0
2/8/2021 20:00,36564.84,12.22,8,1.79,0.31,10,0
2/8/2021 21:00,36564.88,12.22,8.1,2.68,0.52,10,0
2/8/2021 22:00,36564.92,12.78,8.2,3.13,0.93,10,0
2/8/2021 23:00,36564.97,10,8.4,4.02,0.89,10,0
2/9/2021 0:00,36565,11.67,8.1,1.79,1.05,10,0
2/9/2021 1:00,36565.04,11.67,8.2,2.24,1.12,10,0
2/9/2021 2:00,36565.08,11.11,8.2,2.24,0.66,10,0
2/9/2021 3:00,36565.13,11.67,8.5,0.89,1.76,10,0
2/9/2021 4:00,36565.17,11.67,8.4,3.13,1.06,10,0
2/9/2021 5:00,36565.21,10,8.1,1.79,4.47,10,0
2/9/2021 6:00,36565.25,10,8.2,1.79,4.68,10,0
2/9/2021 7:00,36565.29,11.11,8.4,1.34,0.79,10,26
2/9/2021 8:00,36565.34,12.78,8.9,3.58,1.33,10,85
2/9/2021 9:00,36565.38,15.56,9.1,0.89,4.63,7.87,247
2/9/2021 10:00,36565.42,15,9.2,1.34,3.46,6.35,378
2/9/2021 11:00,36565.46,15.56,9.4,0.45,1.43,5.23,463
2/9/2021 12:00,36565.5,16.11,9.8,1.79,4.61,3.19,526
2/9/2021 13:00,36565.55,16.11,9.8,0.89,4.63,0,551
2/9/2021 14:00,36565.59,16.67,9,0.89,5.13,4.74,354
2/9/2021 15:00,36565.63,15.56,8.6,2.68,4.33,6.25,205
2/9/2021 16:00,36565.67,15,9.7,1.79,4.17,3.27,96
2/9/2021 17:00,36565.71,13.89,9.3,1.34,4.33,10,7
2/9/2021 18:00,36565.76,13.89,9.4,1.34,4.05,10,0
2/9/2021 19:00,36565.8,13.33,9.2,1.34,4.5,10,0
2/9/2021 20:00,36565.84,13.33,9.3,0.89,5.39,10,0
2/9/2021 21:00,36565.88,12.22,9.1,0.89,0.86,10,0
2/9/2021 22:00,36565.92,11.67,8.8,1.79,0.82,10,0
2/9/2021 23:00,36565.97,11.67,8.2,0.89,0.4,10,0
2/10/2021 0:00,36566,10,7.9,2.24,0.86,10,0
2/10/2021 1:00,36566.04,10,7.9,2.68,1.19,10,0
2/10/2021 2:00,36566.08,10.56,7.2,0.89,2.98,10,0
2/10/2021 3:00,36566.13,8.89,6.9,1.34,3.89,10,0
2/10/2021 4:00,36566.17,10,7.4,2.24,6.2,10,0
2/10/2021 5:00,36566.21,10,7.9,1.34,0.94,10,0
2/10/2021 6:00,36566.25,10,7.4,1.34,3.25,10,1
2/10/2021 7:00,36566.29,10.56,8.3,2.68,0.82,8.23,59
2/10/2021 8:00,36566.34,12.78,9,0.89,3.16,4.79,236
2/10/2021 9:00,36566.38,14.44,8.6,0.89,2.55,0,421
2/10/2021 10:00,36566.42,15,8.8,1.34,3.6,0,544
2/10/2021 11:00,36566.46,17.78,9.1,0.89,1.87,0,615
2/10/2021 12:00,36566.5,17.22,9.3,1.79,3.93,0,627
2/10/2021 13:00,36566.55,17.78,9.1,2.24,4.49,0,589
2/10/2021 14:00,36566.59,17.78,8.8,2.24,5.53,0,486
2/10/2021 15:00,36566.63,17.78,8.6,1.79,4.85,0,329
2/10/2021 16:00,36566.67,17.22,7.8,2.24,4.29,0,152
2/10/2021 17:00,36566.71,15,7.7,1.34,4.89,10,20
2/10/2021 18:00,36566.76,15,7.3,2.24,5.17,10,0
2/10/2021 19:00,36566.8,13.89,7.5,1.34,5.64,10,0
2/10/2021 20:00,36566.84,12.78,7.8,1.79,0.8,10,0
2/10/2021 21:00,36566.88,12.22,7.6,2.01,0.58,10,0
2/10/2021 22:00,36566.92,11.67,7.6,2.24,0.35,10,0
2/10/2021 23:00,36566.97,11.11,7.3,0.45,2.91,10,0
2/11/2021 0:00,36567,10.56,7,3.13,1.01,10,0
2/11/2021 1:00,36567.04,10.56,6.4,2.24,0.86,10,0
2/11/2021 2:00,36567.08,10,6.4,3.58,1.15,10,0
2/11/2021 3:00,36567.13,10.56,6.2,2.24,0.59,10,0
2/11/2021 4:00,36567.17,10,5.7,2.68,0.96,10,0
2/11/2021 5:00,36567.21,9.44,5.8,3.58,0.87,10,0
2/11/2021 6:00,36567.25,11.11,6,1.79,1.47,10,2
2/11/2021 7:00,36567.29,10,6.4,2.24,0.47,8.14,62
2/11/2021 8:00,36567.34,12.22,8.4,0.45,4.28,6.87,195
2/11/2021 9:00,36567.38,15,8.8,0.45,1.73,5.62,335
2/11/2021 10:00,36567.42,16.11,9,0.89,1.9,0,521
2/11/2021 11:00,36567.46,15.56,9.3,0.89,3.14,7.88,341
2/11/2021 12:00,36567.5,15.56,9.2,1.79,3.44,8.83,282
2/11/2021 13:00,36567.55,16.11,9.4,0.89,3.93,8.57,272
2/11/2021 14:00,36567.59,15.56,9.5,1.34,0.31,9.16,192
2/11/2021 15:00,36567.63,15.56,9.9,1.34,0.23,9.11,130
2/11/2021 16:00,36567.67,14.44,9.6,0.45,4.56,10,38
2/11/2021 17:00,36567.71,14.44,9.9,2.24,5.53,10,2
2/11/2021 18:00,36567.76,13.33,10,4.47,0.91,10,0
2/11/2021 19:00,36567.8,13.89,10,4.69,0.78,10,0
2/11/2021 20:00,36567.84,14.44,10.3,4.92,0.65,10,0
2/11/2021 21:00,36567.88,13.33,10.9,3.13,0.47,10,0
2/11/2021 22:00,36567.92,13.33,11,2.68,3.35,10,0
2/11/2021 23:00,36567.97,11.11,10.9,3.13,0.68,10,0
2/12/2021 0:00,36568,11.67,11,1.79,1.06,10,0
2/12/2021 1:00,36568.04,11.11,11.4,2.24,1.31,10,0
2/12/2021 2:00,36568.08,11.11,11.4,3.58,4.47,10,0
2/12/2021 3:00,36568.13,9.44,8.8,5.81,5.17,10,0
2/12/2021 4:00,36568.17,8.33,6.3,6.71,5.08,10,0
2/12/2021 5:00,36568.21,8.33,6.3,5.36,5.31,10,0
2/12/2021 6:00,36568.25,8.89,6.3,9.39,5.06,10,2
2/12/2021 7:00,36568.29,9.44,6.7,4.92,5.17,5.16,93
2/12/2021 8:00,36568.34,10,7.2,4.47,5.5,0.21,285
2/12/2021 9:00,36568.38,12.22,7.6,1.79,5.08,0,461
2/12/2021 10:00,36568.42,12.22,7.8,1.79,4.47,0,597
2/12/2021 11:00,36568.46,12.78,7.5,3.13,4.82,8.54,303
2/12/2021 12:00,36568.5,13.33,7.6,1.79,4.12,7.52,364
2/12/2021 13:00,36568.55,15.56,7.5,0.89,2.11,0,592
2/12/2021 14:00,36568.59,16.11,6.9,1.79,3.39,0,537
2/12/2021 15:00,36568.63,14.44,6.7,0.45,1.08,0,378
2/12/2021 16:00,36568.67,14.44,7,1.79,4.38,0,161
2/12/2021 17:00,36568.71,13.33,7,0.89,4.21,10,9
2/12/2021 18:00,36568.76,12.78,7,0.45,4.08,10,0
2/12/2021 19:00,36568.8,12.22,7.9,0.89,3.67,10,0
2/12/2021 20:00,36568.84,12.22,8.1,0.89,3.47,10,0
2/12/2021 21:00,36568.88,11.67,8.6,0.45,3.65,10,0
2/12/2021 22:00,36568.92,12.22,8.6,1.34,1.13,10,0
2/12/2021 23:00,36568.97,12.22,8.2,2.24,1.61,10,0
2/13/2021 0:00,36569,10.56,7.7,1.34,3.74,10,0
2/13/2021 1:00,36569.04,10,7.4,0.45,1.64,10,0
2/13/2021 2:00,36569.08,10,7.5,0.45,3.46,10,0
2/13/2021 3:00,36569.13,9.44,7.2,3.13,1.59,10,0
2/13/2021 4:00,36569.17,9.44,6.8,3.58,1.64,10,0
2/13/2021 5:00,36569.21,8.33,6.2,1.34,4.26,10,0
2/13/2021 6:00,36569.25,8.33,6.8,1.79,4.29,10,1
2/13/2021 7:00,36569.29,8.89,7.8,1.34,1.24,10,27
2/13/2021 8:00,36569.34,10.56,8.3,0.89,3.32,7.55,182
2/13/2021 9:00,36569.38,10,8.5,0.45,5.99,9.05,201
2/13/2021 10:00,36569.42,11.11,9.5,0.89,3.56,8.4,286
2/13/2021 11:00,36569.46,11.11,10.1,1.79,4.36,5.47,467
2/13/2021 12:00,36569.5,12.78,10,1.79,4.33,1.16,575
2/13/2021 13:00,36569.55,14.44,9.4,4.47,5.13,0,616
2/13/2021 14:00,36569.59,15,7.8,4.47,4.5,0,483
2/13/2021 15:00,36569.63,15,7.1,3.58,4.73,4.44,253
2/13/2021 16:00,36569.67,12.22,6.6,4.47,6.11,0,134
2/13/2021 17:00,36569.71,11.67,5.9,6.71,5.48,10,33
2/13/2021 18:00,36569.76,11.39,6.5,4.69,5.59,10,0
2/13/2021 19:00,36569.8,11.11,6.5,2.68,5.71,10,0
2/13/2021 20:00,36569.84,11.11,6.1,4.02,5.11,10,0
2/13/2021 21:00,36569.88,10,6,1.79,4.75,10,0
2/13/2021 22:00,36569.92,9.44,5.9,0.89,1.45,10,0
2/13/2021 23:00,36569.97,11.67,5.7,0,1.8,10,0
2/14/2021 0:00,36570,7.22,5.4,2.24,0.79,10,0
2/14/2021 1:00,36570.04,6.67,5,2.24,1.13,10,0
2/14/2021 2:00,36570.08,6.11,4.6,2.68,1.17,10,0
2/14/2021 3:00,36570.13,6.11,4.5,2.24,1.13,10,0
2/14/2021 4:00,36570.17,5.56,4.4,1.34,0.87,10,0
2/14/2021 5:00,36570.21,5,4.2,3.13,0.86,10,0
2/14/2021 6:00,36570.25,5,4,1.34,1.17,10,3
2/14/2021 7:00,36570.29,6.11,4.2,0.89,1.33,7.75,73
2/14/2021 8:00,36570.34,8.33,5.3,1.79,1.52,1.43,289
2/14/2021 9:00,36570.38,10,5.4,1.34,3.14,0,474
2/14/2021 10:00,36570.42,10.56,5.2,3.58,3.35,0,587
2/14/2021 11:00,36570.46,11.67,5.4,2.24,3.11,3.13,547
2/14/2021 12:00,36570.5,11.67,5.4,0.89,3.21,4.74,499
2/14/2021 13:00,36570.55,12.78,5.5,1.79,4.21,6.39,392
2/14/2021 14:00,36570.59,12.78,5.9,0.89,6.13,0,471
2/14/2021 15:00,36570.63,12.78,4.7,0.89,4.71,0.73,293
2/14/2021 16:00,36570.67,12.22,3.9,3.13,5.01,4.53,105
2/14/2021 17:00,36570.71,11.67,4.2,2.68,5.29,10,13
2/14/2021 18:00,36570.76,11.11,4.1,0.89,4.59,10,0
2/14/2021 19:00,36570.8,11.11,3.9,1.79,4.89,10,0
2/14/2021 20:00,36570.84,11.11,4.5,1.34,5.34,10,0
2/14/2021 21:00,36570.88,10.56,4.9,0.45,3.25,10,0
2/14/2021 22:00,36570.92,9.44,4.8,1.34,1.43,10,0
2/14/2021 23:00,36570.97,7.78,4.8,1.34,0.45,10,0
2/15/2021 0:00,36571,9.44,5.4,2.24,0.52,10,0
2/15/2021 1:00,36571.04,9.44,6.1,2.24,1.33,10,0
2/15/2021 2:00,36571.08,9.17,6.3,1.34,1.62,10,0
2/15/2021 3:00,36571.13,8.89,6.4,0.45,1.92,10,0
2/15/2021 4:00,36571.17,8.89,6.6,1.79,0.86,10,0
2/15/2021 5:00,36571.21,8.89,7,0.89,1.64,10,0
2/15/2021 6:00,36571.25,8.89,7,0.89,3.46,10,1
2/15/2021 7:00,36571.29,8.89,6.5,2.68,1.29,10,23
2/15/2021 8:00,36571.34,10.56,6.5,0.89,5.39,9.81,111
2/15/2021 9:00,36571.38,11.11,6.5,1.79,0.66,9.12,201
2/15/2021 10:00,36571.42,10.56,6.3,1.79,0.56,7.85,322
2/15/2021 11:00,36571.46,12.22,7,1.34,1.76,9.3,258
2/15/2021 12:00,36571.5,11.67,7.6,0.45,4.45,9.08,273
2/15/2021 13:00,36571.55,12.22,8.4,0.89,0.47,8.74,271
2/15/2021 14:00,36571.59,12.22,9.8,1.34,0.45,8.43,236
2/15/2021 15:00,36571.63,12.78,10.1,0.89,5.39,7.77,181
2/15/2021 16:00,36571.67,13.33,10.4,0.89,3.3,2.19,121
2/15/2021 17:00,36571.71,12.22,10.2,1.34,3.37,10,20
2/15/2021 18:00,36571.76,12.22,9.9,1.34,5.46,10,0
2/15/2021 19:00,36571.8,12.22,9.6,0.89,5.2,10,0
2/15/2021 20:00,36571.84,11.11,9.1,1.79,4.36,10,0
2/15/2021 21:00,36571.88,11.11,9.4,0.89,4.14,10,0
2/15/2021 22:00,36571.92,10.56,8.1,2.24,4.36,10,0
2/15/2021 23:00,36571.97,9.44,7.4,1.34,0.89,10,0
2/16/2021 0:00,36572,9.44,7.8,1.79,3.75,10,0
2/16/2021 1:00,36572.04,7.78,7.6,2.24,4.47,10,0
2/16/2021 2:00,36572.08,7.78,7.5,0.89,3.37,10,0
2/16/2021 3:00,36572.13,7.78,6.9,0.45,1.61,10,0
2/16/2021 4:00,36572.17,7.78,6.9,1.34,0.99,10,0
2/16/2021 5:00,36572.21,6.67,6.4,1.34,2.18,10,0
2/16/2021 6:00,36572.25,6.67,5.8,0.89,3.37,10,2
2/16/2021 7:00,36572.29,7.22,6.4,1.79,1.68,10,28
2/16/2021 8:00,36572.34,7.22,6.8,1.34,3.82,8.02,175
2/16/2021 9:00,36572.38,8.33,7.8,0.45,3.93,0,499
2/16/2021 10:00,36572.42,8.89,8.2,0.89,0.66,2.85,513
2/16/2021 11:00,36572.46,10.56,8.1,2.68,4.15,9.88,217
2/16/2021 12:00,36572.5,11.67,8.7,3.13,4.5,5.74,466
2/16/2021 13:00,36572.55,12.78,8.5,5.36,4.36,0,644
2/16/2021 14:00,36572.59,13.33,7.4,4.47,4.76,0,534
2/16/2021 15:00,36572.63,13.33,5,5.36,5.41,0,367
2/16/2021 16:00,36572.67,13.33,3.1,2.68,5.1,0,183
2/16/2021 17:00,36572.71,11.67,2.9,3.58,4.99,10,31
2/16/2021 18:00,36572.76,11.11,4,3.58,5.34,10,0
2/16/2021 19:00,36572.8,10.56,4.6,0.89,4.54,10,0
2/16/2021 20:00,36572.84,9.44,4.7,2.24,4.42,10,0
2/16/2021 21:00,36572.88,9.44,4.7,2.24,4.38,10,0
2/16/2021 22:00,36572.92,7.22,4.4,0.45,4.26,10,0
2/16/2021 23:00,36572.97,9.44,4.2,1.79,3.89,10,0
2/17/2021 0:00,36573,6.67,4,0.89,3.16,10,0
2/17/2021 1:00,36573.04,6.11,4.1,1.79,1.38,10,0
2/17/2021 2:00,36573.08,5.56,3.6,2.24,1.29,10,0
2/17/2021 3:00,36573.13,5.56,2.7,1.34,0.77,10,0
2/17/2021 4:00,36573.17,5.56,2.1,2.68,1.05,10,0
2/17/2021 5:00,36573.21,5,1.6,3.58,1.29,10,0
2/17/2021 6:00,36573.25,5.56,1.5,3.13,1.27,10,4
2/17/2021 7:00,36573.29,7.22,2.3,2.24,1.55,6.13,99
2/17/2021 8:00,36573.34,8.89,5.1,0.89,4.07,0,313
2/17/2021 9:00,36573.38,10,5.9,1.79,3.3,0,484
2/17/2021 10:00,36573.42,11.11,6.3,1.34,2.98,0,614
2/17/2021 11:00,36573.46,11.11,6.4,1.34,5.13,0,700
2/17/2021 12:00,36573.5,11.11,6.5,1.34,0.05,0,685
2/17/2021 13:00,36573.55,12.22,5.7,0.89,6.23,0,641
2/17/2021 14:00,36573.59,13.89,4.4,1.79,1.38,0,546
2/17/2021 15:00,36573.63,13.89,2.4,1.79,4.97,0,376
2/17/2021 16:00,36573.67,13.89,2.4,1.34,1.76,0,186
2/17/2021 17:00,36573.71,11.67,2.6,0.45,2.46,10,31
2/17/2021 18:00,36573.76,11.11,2.6,1.79,4.07,10,0
2/17/2021 19:00,36573.8,10,-0.1,0.89,2.71,10,0
2/17/2021 20:00,36573.84,10,-0.3,2.68,1.76,10,0
2/17/2021 21:00,36573.88,8.89,-0.3,0.89,1.15,10,0
2/17/2021 22:00,36573.92,8.33,-0.2,0.45,1.48,10,0
2/17/2021 23:00,36573.97,7.22,0.4,0.45,3.28,10,0
2/18/2021 0:00,36574,7.22,0.8,2.68,1.03,10,0
2/18/2021 1:00,36574.04,7.22,1.2,3.13,1.03,10,0
2/18/2021 2:00,36574.08,7.78,1,4.02,0.96,10,0
2/18/2021 3:00,36574.13,7.22,1.5,3.58,0.96,10,0
2/18/2021 4:00,36574.17,7.22,1.5,5.36,0.86,10,0
2/18/2021 5:00,36574.21,7.22,0.8,1.79,0.79,10,0
2/18/2021 6:00,36574.25,6.67,1.9,2.68,1.29,10,5
2/18/2021 7:00,36574.29,8.33,3.6,2.24,1.05,3.36,125
2/18/2021 8:00,36574.34,8.89,3.4,0.89,3.47,1.4,305
2/18/2021 9:00,36574.38,11.11,3.4,1.34,4.01,0,477
2/18/2021 10:00,36574.42,14.44,4.4,0.45,4.38,0,605
2/18/2021 11:00,36574.46,15,4.4,0.89,1.71,0,676
2/18/2021 12:00,36574.5,16.11,3.1,0.89,3.35,0,665
2/18/2021 13:00,36574.55,16.67,2.5,1.79,1.97,0,598
2/18/2021 14:00,36574.59,16.67,1.4,3.13,3.25,0,501
2/18/2021 15:00,36574.63,17.22,1,0.45,2.15,0,320
2/18/2021 16:00,36574.67,16.11,0.1,1.34,1.62,0,211
2/18/2021 17:00,36574.71,14.44,0.4,0.89,1.78,10,36
2/18/2021 18:00,36574.76,13.33,0.3,1.34,0.21,10,0
2/18/2021 19:00,36574.8,12.22,1.7,2.68,0.75,10,0
2/18/2021 20:00,36574.84,11.67,2.6,1.79,0.61,10,0
2/18/2021 21:00,36574.88,10.56,2.8,3.13,1.24,10,0
2/18/2021 22:00,36574.92,10,3.3,3.58,0.49,10,0
2/18/2021 23:00,36574.97,8.33,3.3,0.45,2.72,10,0
2/19/2021 0:00,36575,8.89,3.2,3.58,1.05,10,0
2/19/2021 1:00,36575.04,8.89,3.3,4.02,0.94,10,0
2/19/2021 2:00,36575.08,8.33,2.9,4.02,0.99,10,0
2/19/2021 3:00,36575.13,7.78,2.4,4.02,0.89,10,0
2/19/2021 4:00,36575.17,7.78,2.5,4.02,1.01,10,0
2/19/2021 5:00,36575.21,8.33,2.3,3.13,0.91,10,0
2/19/2021 6:00,36575.25,7.78,1.6,4.02,0.98,10,6
2/19/2021 7:00,36575.29,8.89,2.8,1.79,0.51,0,141
2/19/2021 8:00,36575.34,11.67,4.1,0.89,0.66,0,315
2/19/2021 9:00,36575.38,13.89,3.4,1.79,3.51,0,472
2/19/2021 10:00,36575.42,16.11,3.1,0.45,3.42,0,617
2/19/2021 11:00,36575.46,16.67,2.8,0.89,4.17,0,695
2/19/2021 12:00,36575.5,18.33,1.6,0.89,1.52,0,702
2/19/2021 13:00,36575.55,18.89,0.8,0.89,5.5,0,647
2/19/2021 14:00,36575.59,18.33,0.2,2.68,5.36,0,532
2/19/2021 15:00,36575.63,19.44,2.6,1.34,4.56,0,366
2/19/2021 16:00,36575.67,17.22,4.3,1.34,4.03,0,171
2/19/2021 17:00,36575.71,16.67,4.9,0.89,4.49,10,34
2/19/2021 18:00,36575.76,16.11,4.7,1.79,5.36,10,0
2/19/2021 19:00,36575.8,16.11,5.2,1.34,5.92,10,0
2/19/2021 20:00,36575.84,13.89,6.3,1.34,4,10,0
2/19/2021 21:00,36575.88,11.11,6,1.34,3.8,10,0
2/19/2021 22:00,36575.92,11.11,8.1,0.89,1.76,10,0
2/19/2021 23:00,36575.97,10,8.5,3.58,1.2,10,0
2/20/2021 0:00,36576,8.89,8.3,1.79,4.26,10,0
2/20/2021 1:00,36576.04,8.89,7.3,3.13,4.19,10,0
2/20/2021 2:00,36576.08,7.78,5.9,2.68,4.28,10,0
2/20/2021 3:00,36576.13,6.67,4.7,2.68,4.49,10,0
2/20/2021 4:00,36576.17,7.22,4.4,3.58,5.06,10,0
2/20/2021 5:00,36576.21,8.33,5.1,4.47,5.64,10,0
2/20/2021 6:00,36576.25,7.78,5.1,3.13,5.13,10,5
2/20/2021 7:00,36576.29,8.33,5.2,7.15,5.22,4.24,126
2/20/2021 8:00,36576.34,8.89,4.9,11.18,5.15,0,320
2/20/2021 9:00,36576.38,10,4.4,4.92,4.42,0,503
2/20/2021 10:00,36576.42,11.11,4.6,5.36,4.5,0,635
2/20/2021 11:00,36576.46,12.22,4.2,4.47,4.56,0,706
2/20/2021 12:00,36576.5,11.67,3.7,4.47,4.22,0,715
2/20/2021 13:00,36576.55,12.78,3.3,7.6,5.38,1.14,555
2/20/2021 14:00,36576.59,12.78,3.4,6.26,5.25,0,502
2/20/2021 15:00,36576.63,13.33,3.2,6.26,5.11,0,388
2/20/2021 16:00,36576.67,12.78,3.1,3.58,4.36,0,193
2/20/2021 17:00,36576.71,10.56,2.6,2.68,4.85,10,36
2/20/2021 18:00,36576.76,8.89,2.7,1.79,5.2,10,0
2/20/2021 19:00,36576.8,9.44,2.9,1.79,4.43,10,0
2/20/2021 20:00,36576.84,8.89,3.1,0.45,4.54,10,0
2/20/2021 21:00,36576.88,8.33,2.9,1.34,1.4,10,0
2/20/2021 22:00,36576.92,7.78,3,1.34,1.55,10,0
2/20/2021 23:00,36576.97,9.44,2.7,2.68,4.17,10,0
2/21/2021 0:00,36577,6.67,2.5,0.89,1.05,10,0
2/21/2021 1:00,36577.04,6.11,2.4,2.68,0.99,10,0
2/21/2021 2:00,36577.08,5.56,1.9,3.13,0.8,10,0
2/21/2021 3:00,36577.13,5.56,2,4.02,1.01,10,0
2/21/2021 4:00,36577.17,5.56,2,2.68,1.34,10,0
2/21/2021 5:00,36577.21,5,1.4,3.13,1.03,10,0
2/21/2021 6:00,36577.25,5,1.1,2.68,1.1,10,9
2/21/2021 7:00,36577.29,7.78,2.7,0.45,1.22,0,147
2/21/2021 8:00,36577.34,10.56,3.5,1.34,1.55,0,328
2/21/2021 9:00,36577.38,11.11,4.5,1.34,3.28,0,503
2/21/2021 10:00,36577.42,13.33,4.9,2.68,1.69,0,626
2/21/2021 11:00,36577.46,13.89,5.2,1.34,3.12,0,697
2/21/2021 12:00,36577.5,15,5.1,0.89,3.44,0,707
2/21/2021 13:00,36577.55,15.56,4.6,1.34,2.15,0,657
2/21/2021 14:00,36577.59,16.11,3.9,1.34,3.56,0,540
2/21/2021 15:00,36577.63,16.11,3.6,1.34,4.17,0,382
2/21/2021 16:00,36577.67,15.56,2.7,0.89,3.7,0,192
2/21/2021 17:00,36577.71,13.33,2.5,1.79,5.31,10,38
2/21/2021 18:00,36577.76,12.22,3.6,1.34,5.95,10,0
2/21/2021 19:00,36577.8,11.11,3.9,1.34,0.61,10,0
2/21/2021 20:00,36577.84,10.56,4.1,2.24,1.08,10,0
2/21/2021 21:00,36577.88,10,4.4,3.13,1.06,10,0
2/21/2021 22:00,36577.92,8.89,4.3,2.68,0.8,10,0
2/21/2021 23:00,36577.97,7.22,3.7,0.45,2.11,10,0
2/22/2021 0:00,36578,7.78,3.4,3.58,0.94,10,0
2/22/2021 1:00,36578.04,7.22,3,4.02,1.26,10,0
2/22/2021 2:00,36578.08,7.78,2.7,4.92,0.93,10,0
2/22/2021 3:00,36578.13,7.22,2.5,3.13,1.15,10,0
2/22/2021 4:00,36578.17,6.67,2.4,2.68,1.2,10,0
2/22/2021 5:00,36578.21,6.67,1.7,2.68,0.82,10,0
2/22/2021 6:00,36578.25,7.22,1.9,1.79,0.49,10,12
2/22/2021 7:00,36578.29,7.78,3.6,3.13,0.77,0,158
2/22/2021 8:00,36578.34,12.78,4.7,0.89,0.09,0,339
2/22/2021 9:00,36578.38,13.89,4.7,0.89,3.84,0,508
2/22/2021 10:00,36578.42,15.56,5.2,0.45,3.02,0,635
2/22/2021 11:00,36578.46,17.22,5.2,2.24,3.23,0,705
2/22/2021 12:00,36578.5,17.22,5.3,2.24,5.6,0,713
2/22/2021 13:00,36578.55,18.33,4.8,2.68,5.24,0,664
2/22/2021 14:00,36578.59,19.44,4.2,2.68,4.22,0,553
2/22/2021 15:00,36578.63,18.89,4.8,2.68,4.28,0,390
2/22/2021 16:00,36578.67,18.33,4.1,1.79,4.28,0,198
2/22/2021 17:00,36578.71,16.67,4.2,1.79,5.08,10,39
2/22/2021 18:00,36578.76,16.11,4.5,1.79,0.16,10,0
2/22/2021 19:00,36578.8,14.44,5.1,1.79,0.61,10,0
2/22/2021 20:00,36578.84,12.78,5.6,2.68,0.7,10,0
2/22/2021 21:00,36578.88,11.67,5.8,2.68,0.79,10,0
2/22/2021 22:00,36578.92,11.11,5.8,4.02,0.82,10,0
2/22/2021 23:00,36578.97,8.33,5.5,3.58,0.82,10,0
2/23/2021 0:00,36579,10.56,4.9,3.58,0.87,10,0
2/23/2021 1:00,36579.04,10,4.4,3.58,0.96,10,0
2/23/2021 2:00,36579.08,9.44,4,2.68,1.38,10,0
2/23/2021 3:00,36579.13,10,4.3,0.89,1.92,10,0
2/23/2021 4:00,36579.17,8.33,4,2.68,1.19,10,0
2/23/2021 5:00,36579.21,8.89,3.7,2.68,1.24,10,0
2/23/2021 6:00,36579.25,9.44,3.2,3.13,0.86,10,14
2/23/2021 7:00,36579.29,8.89,4.5,1.79,0.63,8.38,84
2/23/2021 8:00,36579.34,10.56,6.3,2.24,0.91,7.09,222
2/23/2021 9:00,36579.38,12.78,6,0.89,0.75,6.08,359
2/23/2021 10:00,36579.42,14.44,6,1.34,3.54,6.93,394
2/23/2021 11:00,36579.46,16.67,6.7,1.79,4.03,0,698
2/23/2021 12:00,36579.5,17.78,6.1,0.89,3.68,5.74,491
2/23/2021 13:00,36579.55,17.22,6.7,1.34,4.56,0,649
2/23/2021 14:00,36579.59,17.78,6.7,1.34,5.11,0,513
2/23/2021 15:00,36579.63,18.89,6.3,1.34,4.56,0,377
2/23/2021 16:00,36579.67,17.78,6.1,1.34,4.15,0,202
2/23/2021 17:00,36579.71,16.11,6.7,0.89,4.8,10,40
2/23/2021 18:00,36579.76,15,6.8,1.34,5.95,10,0
2/23/2021 19:00,36579.8,13.89,7,1.79,0.61,10,0
2/23/2021 20:00,36579.84,12.78,7.1,2.01,0.59,10,0
2/23/2021 21:00,36579.88,11.67,7.1,2.24,0.58,10,0
2/23/2021 22:00,36579.92,11.67,6.6,0.45,1.06,10,0
2/23/2021 23:00,36579.97,10.56,6.2,3.13,0.96,10,0
2/24/2021 0:00,36580,10,5.8,4.47,0.93,10,0
2/24/2021 1:00,36580.04,10,5.1,4.02,0.96,10,0
2/24/2021 2:00,36580.08,9.72,4.4,3.58,0.99,10,0
2/24/2021 3:00,36580.13,9.44,4.1,3.13,1.03,10,0
2/24/2021 4:00,36580.17,9.44,3.6,3.58,0.98,10,0
2/24/2021 5:00,36580.21,8.89,3.5,2.68,0.82,10,0
2/24/2021 6:00,36580.25,8.89,3.1,3.13,0.98,10,11
2/24/2021 7:00,36580.29,10,5.1,2.68,0.72,3.05,149
2/24/2021 8:00,36580.34,12.78,7.2,0.89,0.75,0,338
2/24/2021 9:00,36580.38,14.44,7.2,0.89,5.38,0,510
2/24/2021 10:00,36580.42,16.67,7.4,1.79,4.1,0,639
2/24/2021 11:00,36580.46,17.22,7.4,0.89,3.44,0,709
2/24/2021 12:00,36580.5,17.78,8.2,0.89,5.72,0,716
2/24/2021 13:00,36580.55,18.33,8,3.58,4.68,0,665
2/24/2021 14:00,36580.59,18.33,7.7,2.68,4.68,0,554
2/24/2021 15:00,36580.63,17.78,7.8,2.68,4.76,0,394
2/24/2021 16:00,36580.67,16.11,3.1,4.92,5.11,0,206
2/24/2021 17:00,36580.71,15,-1,1.79,4.45,10,44
2/24/2021 18:00,36580.76,15,-1.3,4.02,5.15,10,0
2/24/2021 19:00,36580.8,12.22,-1.7,1.79,4.03,10,0
2/24/2021 20:00,36580.84,11.11,-1.8,0.45,1.48,10,0
2/24/2021 21:00,36580.88,10.56,-2,0.89,0.37,10,0
2/24/2021 22:00,36580.92,10,-1.7,0.45,4.22,10,0
2/24/2021 23:00,36580.97,10.56,0.1,2.24,0.77,10,0
2/25/2021 0:00,36581,7.78,0.2,1.34,3.35,10,0
2/25/2021 1:00,36581.04,7.22,-1,2.24,1.55,10,0
2/25/2021 2:00,36581.08,5.56,-1.3,0.89,1.69,10,0
2/25/2021 3:00,36581.13,6.67,-0.9,1.79,0.7,10,0
2/25/2021 4:00,36581.17,6.11,-2,3.13,0.73,10,0
2/25/2021 5:00,36581.21,6.67,-1.9,2.68,1.19,10,0
2/25/2021 6:00,36581.25,7.22,-1.9,1.34,0.33,10,8
2/25/2021 7:00,36581.29,7.78,-0.3,2.24,0.75,5.47,131
2/25/2021 8:00,36581.34,10.56,1.6,1.34,0.54,1.81,331
2/25/2021 9:00,36581.38,12.78,0.2,2.68,3.42,0,516
2/25/2021 10:00,36581.42,13.89,-0.1,0.89,1.33,0,643
2/25/2021 11:00,36581.46,16.11,0.1,1.34,2.9,0,714
2/25/2021 12:00,36581.5,16.11,-0.7,1.79,3.23,0,725
2/25/2021 13:00,36581.55,17.22,-2,0.89,3.14,0,669
2/25/2021 14:00,36581.59,17.22,-1.9,0.89,3.12,0,555
2/25/2021 15:00,36581.63,16.67,-0.5,1.79,4.05,0,396
2/25/2021 16:00,36581.67,16.11,0,0.89,4.42,0,177
2/25/2021 17:00,36581.71,15,0.6,3.58,5.24,10,44
2/25/2021 18:00,36581.76,13.89,1.7,0.89,5.41,10,0
2/25/2021 19:00,36581.8,11.67,2.9,1.79,5.57,10,0
2/25/2021 20:00,36581.84,10.56,3.2,1.79,1.43,10,0
2/25/2021 21:00,36581.88,10.56,3.8,1.79,0.86,10,0
2/25/2021 22:00,36581.92,8.89,3.8,3.13,1.03,10,0
2/25/2021 23:00,36581.97,9.44,3.5,0.89,4.08,10,0
2/26/2021 0:00,36582,8.33,3,3.13,0.99,10,0
2/26/2021 1:00,36582.04,8.33,2.5,3.58,1.17,10,0
2/26/2021 2:00,36582.08,7.78,2.1,2.68,0.68,10,0
2/26/2021 3:00,36582.13,7.22,1.7,3.58,1.01,10,0
2/26/2021 4:00,36582.17,7.22,1.8,4.02,0.93,10,0
2/26/2021 5:00,36582.21,6.67,1.8,3.13,0.86,10,0
2/26/2021 6:00,36582.25,6.67,1.2,3.13,0.84,10,14
2/26/2021 7:00,36582.29,7.78,2.8,2.24,1.27,2.09,162
2/26/2021 8:00,36582.34,10.56,2.1,2.24,0.87,0,348
2/26/2021 9:00,36582.38,14.44,1.2,0.89,2.97,0,528
2/26/2021 10:00,36582.42,16.11,1.6,0.89,4.78,0,655
2/26/2021 11:00,36582.46,16.11,1.6,1.34,3.65,0,724
2/26/2021 12:00,36582.5,17.22,1.4,0.89,4.73,0,731
2/26/2021 13:00,36582.55,18.33,2,1.79,4.61,0,678
2/26/2021 14:00,36582.59,17.22,1.7,1.79,4.28,0,566
2/26/2021 15:00,36582.63,17.78,2.1,1.79,3.87,0,405
2/26/2021 16:00,36582.67,16.67,2.3,1.79,4.35,0,210
2/26/2021 17:00,36582.71,15.56,3.7,2.24,5.18,10,45
2/26/2021 18:00,36582.76,13.33,2.4,0.89,0.58,10,0
2/26/2021 19:00,36582.8,13.33,2.8,1.34,6.09,10,0
2/26/2021 20:00,36582.84,11.67,2.2,1.79,1.03,10,0
2/26/2021 21:00,36582.88,10,2,2.68,0.93,10,0
2/26/2021 22:00,36582.92,9.44,2,1.79,0.66,10,0
2/26/2021 23:00,36582.97,8.33,2,2.68,1.22,10,0
2/27/2021 0:00,36583,7.78,2.1,2.68,1.05,10,0
2/27/2021 1:00,36583.04,8.33,2.4,1.79,0.82,10,0
2/27/2021 2:00,36583.08,7.22,3.2,1.34,3.54,10,0
2/27/2021 3:00,36583.13,6.67,3.9,1.34,4.69,10,0
2/27/2021 4:00,36583.17,6.11,4.3,0.89,1.1,10,0
2/27/2021 5:00,36583.21,4.44,4.2,0.89,4.12,10,0
2/27/2021 6:00,36583.25,3.89,3.6,2.24,4.49,10,14
2/27/2021 7:00,36583.29,3.89,2.6,1.79,4.21,3.78,155
2/27/2021 8:00,36583.34,7.78,1.5,2.24,5.95,0,357
2/27/2021 9:00,36583.38,9.44,1.5,3.13,4.42,0,536
2/27/2021 10:00,36583.42,10.56,1.7,3.13,4.85,0,665
2/27/2021 11:00,36583.46,13.33,2.4,4.47,4.52,0,738
2/27/2021 12:00,36583.5,14.44,1.5,5.36,4.38,0,746
2/27/2021 13:00,36583.55,15.56,-1,6.71,4.43,0,695
2/27/2021 14:00,36583.59,15.56,-2.3,8.49,5.04,0,580
2/27/2021 15:00,36583.63,16.11,-2.6,6.26,5.15,0,412
2/27/2021 16:00,36583.67,15,-3.3,4.92,5.01,0,216
2/27/2021 17:00,36583.71,12.78,-3.2,3.58,5.11,10,46
2/27/2021 18:00,36583.76,12.22,-3.5,1.79,4.96,10,0
2/27/2021 19:00,36583.8,10.56,-2.6,0.89,3.6,10,0
2/27/2021 20:00,36583.84,10,-2,1.34,1.64,10,0
2/27/2021 21:00,36583.88,10,-0.7,1.79,1.57,10,0
2/27/2021 22:00,36583.92,8.89,-0.5,1.34,4.45,10,0
2/27/2021 23:00,36583.97,8.89,-0.4,1.34,0.68,10,0
2/28/2021 0:00,36584,7.78,-0.7,1.34,1.2,10,0
2/28/2021 1:00,36584.04,8.89,-1,0.45,3.6,10,0
2/28/2021 2:00,36584.08,7.78,-1,0.45,5.41,10,0
2/28/2021 3:00,36584.13,6.67,-0.3,1.79,0.54,10,0
2/28/2021 4:00,36584.17,6.11,-0.2,3.13,0.87,10,0
2/28/2021 5:00,36584.21,6.11,-0.3,2.68,0.61,10,0
2/28/2021 6:00,36584.25,6.11,0.1,2.68,0.72,10,18
2/28/2021 7:00,36584.29,7.78,1,2.24,0.72,5.46,141
2/28/2021 8:00,36584.34,10.56,1.1,1.79,0.82,2.21,340
2/28/2021 9:00,36584.38,13.89,1.6,0.89,2.91,0,522
2/28/2021 10:00,36584.42,15.56,1,0.89,1.99,0,649
2/28/2021 11:00,36584.46,16.67,-1.2,3.58,3.3,0,732
2/28/2021 12:00,36584.5,17.22,-2.6,2.68,3.33,0,747
2/28/2021 13:00,36584.55,18.33,-2.3,1.34,3,0,692
2/28/2021 14:00,36584.59,19.44,-3.2,1.34,2.09,0,583
2/28/2021 15:00,36584.63,18.89,-3,1.34,3.67,0,417
2/28/2021 16:00,36584.67,19.44,-2.9,0.45,3.75,0,217
2/28/2021 17:00,36584.71,15.56,-2.5,1.34,1.9,10,46
2/28/2021 18:00,36584.76,14.44,-1.2,1.79,0.54,10,0
2/28/2021 19:00,36584.8,12.78,0,2.68,0.93,10,0
2/28/2021 20:00,36584.84,11.67,1,1.79,0.63,10,0
2/28/2021 21:00,36584.88,10.56,0.6,3.58,0.91,10,0
2/28/2021 22:00,36584.92,10,0.7,5.36,0.77,10,0
2/28/2021 23:00,36584.97,8.89,0.6,0.89,1.47,10,0
3/1/2021 0:00,36585,9.44,0.8,4.47,1.33,10,0
3/1/2021 1:00,36585.04,9.44,1.1,4.47,0.93,10,0
3/1/2021 2:00,36585.08,9.44,0.9,4.92,0.7,10,0
3/1/2021 3:00,36585.13,8.89,0.2,5.36,0.84,10,0
3/1/2021 4:00,36585.17,8.89,-0.3,3.58,1.1,10,0
3/1/2021 5:00,36585.21,8.89,0,4.92,0.96,10,0
3/1/2021 6:00,36585.25,9.44,0.1,4.47,0.94,10,22
3/1/2021 7:00,36585.29,10,2.1,0.89,3.86,1.63,176
3/1/2021 8:00,36585.34,13.89,1.2,0.89,3,0,374
3/1/2021 9:00,36585.38,13.89,-0.7,0.89,5.74,0,552
3/1/2021 10:00,36585.42,16.67,-2.2,1.79,3.26,0,680
3/1/2021 11:00,36585.46,17.78,-2.5,1.79,4.31,0,750
3/1/2021 12:00,36585.5,18.33,-4,1.79,5.52,0,760
3/1/2021 13:00,36585.55,20,-5,0.89,5.97,0,705
3/1/2021 14:00,36585.59,22.22,-6.5,0.45,6.14,0,581
3/1/2021 15:00,36585.63,22.22,-7.4,0.45,2.06,0,429
3/1/2021 16:00,36585.67,20,-7.3,0.89,0.44,0,229
3/1/2021 17:00,36585.71,17.78,-5.7,1.79,0.58,10,52
3/1/2021 18:00,36585.76,16.67,-2.2,3.13,0.59,10,0
3/1/2021 19:00,36585.8,15.56,-1.4,3.13,0.86,10,0
3/1/2021 20:00,36585.84,13.33,-0.5,3.58,0.7,10,0
3/1/2021 21:00,36585.88,12.78,0.2,5.36,0.91,10,0
3/1/2021 22:00,36585.92,12.22,-0.2,4.02,0.93,10,0
3/1/2021 23:00,36585.97,10,0.2,4.47,0.59,10,0
3/2/2021 0:00,36586,12.22,1.3,0.89,3.65,10,0
3/2/2021 1:00,36586.04,11.67,1.1,2.24,0.91,10,0
3/2/2021 2:00,36586.08,10,0.5,2.68,0.72,10,0
3/2/2021 3:00,36586.13,11.11,1.3,0.89,1.54,10,0
3/2/2021 4:00,36586.17,9.44,1.2,3.58,0.87,10,0
3/2/2021 5:00,36586.21,10,0.6,4.02,1.27,10,0
3/2/2021 6:00,36586.25,11.11,0.6,3.13,1.12,10,21
3/2/2021 7:00,36586.29,13.33,1.4,0.89,1.4,6.5,133
3/2/2021 8:00,36586.34,11.67,0.8,1.79,3.79,3.05,338
3/2/2021 9:00,36586.38,15,-1,0.45,2.04,0,558
3/2/2021 10:00,36586.42,17.22,-1.7,0.45,2.25,0,693
3/2/2021 11:00,36586.46,18.89,-3.5,1.34,3.65,0,754
3/2/2021 12:00,36586.5,20.56,-4.4,1.79,3.77,0,770
3/2/2021 13:00,36586.55,21.11,-6.2,0.89,3.87,0,713
3/2/2021 14:00,36586.59,20,-5.8,2.24,5.62,0,556
3/2/2021 15:00,36586.63,20.56,-5.7,3.58,5.18,0,421
3/2/2021 16:00,36586.67,18.33,-2,1.79,4.17,7.29,121
3/2/2021 17:00,36586.71,16.67,-2.3,1.79,0.19,10,27
3/2/2021 18:00,36586.76,15.56,-1.7,1.34,0.23,10,0
3/2/2021 19:00,36586.8,14.44,-0.5,1.79,0.67,10,0
3/2/2021 20:00,36586.84,14.44,-0.6,2.24,1.12,10,0
3/2/2021 21:00,36586.88,12.78,0.6,3.13,1.1,10,0
3/2/2021 22:00,36586.92,13.89,0.6,3.13,0.87,10,0
3/2/2021 23:00,36586.97,12.78,1.5,3.58,0.98,10,0
3/3/2021 0:00,36587,11.11,1.9,1.79,1.41,10,0
3/3/2021 1:00,36587.04,11.11,1.9,1.34,1.01,10,0
3/3/2021 2:00,36587.08,11.11,2.6,0.45,2.5,10,0
3/3/2021 3:00,36587.13,9.44,2.9,1.79,0.7,10,0
3/3/2021 4:00,36587.17,10.56,3,1.34,6.14,10,0
3/3/2021 5:00,36587.21,11.11,3.3,0.89,0.05,10,0
3/3/2021 6:00,36587.25,10,2.6,1.79,0.49,10,11
3/3/2021 7:00,36587.29,10.56,2.1,0.89,2.01,9.43,79
3/3/2021 8:00,36587.34,11.11,2.6,0.45,3.14,8.89,177
3/3/2021 9:00,36587.38,12.22,3.3,1.79,1.57,8.94,244
3/3/2021 10:00,36587.42,13.89,3.3,1.34,0,9.32,265
3/3/2021 11:00,36587.46,15.56,4,0.45,1.36,10,226
3/3/2021 12:00,36587.5,15.56,3.9,2.24,1.87,8.26,368
3/3/2021 13:00,36587.55,16.11,3.1,1.79,2.13,7.55,384
3/3/2021 14:00,36587.59,17.22,3,1.34,2.88,6.43,372
3/3/2021 15:00,36587.63,17.78,3.2,1.34,2.97,5.52,293
3/3/2021 16:00,36587.67,16.67,2.7,2.24,2.88,6.93,130
3/3/2021 17:00,36587.71,15.56,2.3,0.89,2.15,10,47
3/3/2021 18:00,36587.76,14.44,3.5,2.68,1.71,10,0
3/3/2021 19:00,36587.8,13.33,3.8,1.34,0.79,10,0
3/3/2021 20:00,36587.84,9.44,4,1.79,4.61,10,0
3/3/2021 21:00,36587.88,10.56,4.1,6.26,5.08,10,0
3/3/2021 22:00,36587.92,10,4,4.02,5.17,10,0
3/3/2021 23:00,36587.97,12.22,4,1.79,0.4,10,0
3/4/2021 0:00,36588,7.78,3.8,1.79,0.65,10,0
3/4/2021 1:00,36588.04,7.78,3.2,1.34,0.72,10,0
3/4/2021 2:00,36588.08,7.78,3,1.34,0.8,10,0
3/4/2021 3:00,36588.13,6.67,2.4,3.13,0.93,10,0
3/4/2021 4:00,36588.17,7.22,2.1,1.34,1.13,10,0
3/4/2021 5:00,36588.21,6.11,1.7,2.24,1.15,10,0
3/4/2021 6:00,36588.25,6.67,1.3,4.47,0.94,10,19
3/4/2021 7:00,36588.29,8.33,2.8,3.13,0.61,4.17,170
3/4/2021 8:00,36588.34,11.11,2.6,1.34,4.24,0,370
3/4/2021 9:00,36588.38,13.33,3,1.79,5.53,0,547
3/4/2021 10:00,36588.42,15,3.7,1.34,3.56,0,676
3/4/2021 11:00,36588.46,17.22,3.6,2.24,3.14,0,745
3/4/2021 12:00,36588.5,18.33,3.3,1.34,3.04,0,752
3/4/2021 13:00,36588.55,17.78,3.1,1.34,5.67,0,699
3/4/2021 14:00,36588.59,18.89,2.6,1.79,5.13,0,587
3/4/2021 15:00,36588.63,18.33,1.9,1.34,5.67,0,425
3/4/2021 16:00,36588.67,21.67,1.1,0.45,3.74,0,229
3/4/2021 17:00,36588.71,17.22,2.9,0.89,4.08,10,54
3/4/2021 18:00,36588.76,14.44,2.3,1.34,0.07,10,0
3/4/2021 19:00,36588.8,13.89,2.8,2.24,0.8,10,0
3/4/2021 20:00,36588.84,12.78,3.7,3.58,1.08,10,0
3/4/2021 21:00,36588.88,11.67,4.1,3.58,1.34,10,0
3/4/2021 22:00,36588.92,11.11,4.1,4.47,0.99,10,0
3/4/2021 23:00,36588.97,9.44,3.8,1.34,5.72,10,0
3/5/2021 0:00,36589,10,3.4,4.92,0.84,10,0
3/5/2021 1:00,36589.04,10,3.6,4.02,0.68,10,0
3/5/2021 2:00,36589.08,9.44,3.3,3.58,0.99,10,0
3/5/2021 3:00,36589.13,10,3.2,3.58,0.94,10,0
3/5/2021 4:00,36589.17,10,2.6,2.68,1.17,10,0
3/5/2021 5:00,36589.21,8.89,2.6,3.58,0.86,10,0
3/5/2021 6:00,36589.25,8.89,3,2.46,3,10,29
3/5/2021 7:00,36589.29,11.11,4,1.34,0.19,0,196
3/5/2021 8:00,36589.34,12.78,3.9,0.89,5.48,0,387
3/5/2021 9:00,36589.38,16.67,3.8,0.45,5.6,0,562
3/5/2021 10:00,36589.42,18.33,4.4,0.89,3.07,0,680
3/5/2021 11:00,36589.46,18.89,4.1,2.24,5.46,0,749
3/5/2021 12:00,36589.5,19.44,4.3,1.34,5.72,0,747
3/5/2021 13:00,36589.55,20.56,4.4,1.34,5.45,0,679
3/5/2021 14:00,36589.59,21.11,3.2,0.89,5.67,0,565
3/5/2021 15:00,36589.63,21.11,1.6,0.89,0.89,0,397
3/5/2021 16:00,36589.67,21.11,1.9,1.34,1.47,0,203
3/5/2021 17:00,36589.71,19.44,4.9,0.89,4.01,0,47
3/5/2021 18:00,36589.76,17.78,4.2,1.34,0.72,10,1
3/5/2021 19:00,36589.8,16.11,5.1,4.02,0.86,10,0
3/5/2021 20:00,36589.84,15,5.4,1.34,1.45,10,0
3/5/2021 21:00,36589.88,12.22,5.4,1.79,4.52,10,0
3/5/2021 22:00,36589.92,12.22,5.3,7.15,5.15,10,0
3/5/2021 23:00,36589.97,10.56,7,4.92,0.84,10,0
3/6/2021 0:00,36590,12.22,6.4,4.92,0.47,10,0
3/6/2021 1:00,36590.04,12.22,5.4,1.34,0.24,10,0
3/6/2021 2:00,36590.08,10.56,4.5,1.79,0.44,10,0
3/6/2021 3:00,36590.13,12.22,4.5,4.47,0.68,10,0
3/6/2021 4:00,36590.17,10,4.4,1.79,4.14,10,0
3/6/2021 5:00,36590.21,9.44,5.2,1.79,3.3,10,0
3/6/2021 6:00,36590.25,8.89,6.4,1.34,3.53,0,26
3/6/2021 7:00,36590.29,10.56,7,0.89,3.87,4.12,178
3/6/2021 8:00,36590.34,12.22,6.1,1.34,4.43,0,389
3/6/2021 9:00,36590.38,13.33,6.5,4.02,5.27,0,535
3/6/2021 10:00,36590.42,14.44,6.8,5.81,4.49,0,669
3/6/2021 11:00,36590.46,16.11,6.9,3.58,5.03,0,751
3/6/2021 12:00,36590.5,16.11,6.7,4.02,3.65,0,727
3/6/2021 13:00,36590.55,16.67,5.6,2.68,4.61,0,686
3/6/2021 14:00,36590.59,16.67,5.1,4.02,5.04,0,592
3/6/2021 15:00,36590.63,16.67,4.3,4.92,5.17,0,433
3/6/2021 16:00,36590.67,16.11,3.6,3.13,4.33,0,238
3/6/2021 17:00,36590.71,13.89,2.7,2.24,4.5,0,62
3/6/2021 18:00,36590.76,13.89,3.4,2.01,4.69,10,0
3/6/2021 19:00,36590.8,12.22,3.6,1.79,4.89,10,0
3/6/2021 20:00,36590.84,12.22,3.6,1.34,4.94,10,0
3/6/2021 21:00,36590.88,10.56,3.6,0.89,3.12,10,0
3/6/2021 22:00,36590.92,10,3.4,0.45,5.1,10,0
3/6/2021 23:00,36590.97,12.22,3.4,4.92,5.48,10,0
3/7/2021 0:00,36591,7.78,3.7,0.89,3.32,10,0
3/7/2021 1:00,36591.04,7.22,4.2,0.89,3.33,10,0
3/7/2021 2:00,36591.08,7.22,3.9,0.89,0.73,10,0
3/7/2021 3:00,36591.13,6.11,3.1,0.45,1.92,10,0
3/7/2021 4:00,36591.17,6.11,2.8,0.89,1.75,10,0
3/7/2021 5:00,36591.21,6.11,2.7,0.89,2.74,10,0
3/7/2021 6:00,36591.25,6.67,2.6,1.79,0.91,0,30
3/7/2021 7:00,36591.29,5.56,3.7,1.79,3.6,3.17,191
3/7/2021 8:00,36591.34,8.89,4.6,1.34,3.86,4.05,341
3/7/2021 9:00,36591.38,11.67,5.4,0.89,3.84,2.47,505
3/7/2021 10:00,36591.42,13.89,5.8,0.89,3.96,4.3,552
3/7/2021 11:00,36591.46,15,6.2,0.89,2.04,1.61,668
3/7/2021 12:00,36591.5,15,6.6,1.34,4.61,0,727
3/7/2021 13:00,36591.55,15.56,6.5,1.79,4.42,4.85,532
3/7/2021 14:00,36591.59,16.67,5.6,2.24,4.45,5.4,427
3/7/2021 15:00,36591.63,16.11,5.3,0.89,3.67,6.3,284
3/7/2021 16:00,36591.67,15.56,5.2,0.89,2.88,7.07,139
3/7/2021 17:00,36591.71,15,6.3,0.89,3.19,0,53
3/7/2021 18:00,36591.76,13.89,6,2.24,2.08,10,1
3/7/2021 19:00,36591.8,13.33,5.5,0.89,3.77,10,0
3/7/2021 20:00,36591.84,13.33,6,0.45,3.4,10,0
3/7/2021 21:00,36591.88,13.33,6.4,0.89,1.17,10,0
3/7/2021 22:00,36591.92,12.78,6.2,0.45,2.93,10,0
3/7/2021 23:00,36591.97,9.44,5.5,0.45,6.04,10,0
3/8/2021 0:00,36592,11.67,5.3,2.24,1.73,10,0
3/8/2021 1:00,36592.04,11.67,5,3.13,1.76,10,0
3/8/2021 2:00,36592.08,11.11,4.6,2.68,1.62,10,0
3/8/2021 3:00,36592.13,10.56,4.6,4.02,1.66,10,0
3/8/2021 4:00,36592.17,10.56,4.7,2.68,0.77,10,0
3/8/2021 5:00,36592.21,7.22,5.2,1.79,4.35,10,0
3/8/2021 6:00,36592.25,7.22,5.2,1.79,4.26,0,33
3/8/2021 7:00,36592.29,8.33,4.3,1.34,4.19,3.8,189
3/8/2021 8:00,36592.34,11.11,4.8,5.36,5.29,0,389
3/8/2021 9:00,36592.38,12.78,4.8,3.13,4.33,0,569
3/8/2021 10:00,36592.42,13.33,4.3,3.13,4.07,0,706
3/8/2021 11:00,36592.46,13.33,3.7,3.58,4.49,0,749
3/8/2021 12:00,36592.5,14.44,3.6,1.79,5.95,0,741
3/8/2021 13:00,36592.55,15,3.7,3.13,4.45,0,709
3/8/2021 14:00,36592.59,14.44,3.3,1.79,4.14,0,597
3/8/2021 15:00,36592.63,13.33,2.1,3.58,4.47,6.53,280
3/8/2021 16:00,36592.67,12.78,1.7,3.58,5.38,6.64,150
3/8/2021 17:00,36592.71,12.22,1.4,3.13,6.2,0,53
3/8/2021 18:00,36592.76,12.22,1.5,2.68,5.83,10,1
3/8/2021 19:00,36592.8,11.11,2,0.89,0.68,10,0
3/8/2021 20:00,36592.84,11.11,2.4,0.89,0.75,10,0
3/8/2021 21:00,36592.88,8.33,2.2,2.24,4.47,10,0
3/8/2021 22:00,36592.92,7.78,2,1.79,4.64,10,0
3/8/2021 23:00,36592.97,12.78,2.5,1.79,1.55,10,0
3/9/2021 0:00,36593,6.67,2.9,1.79,5.46,10,0
3/9/2021 1:00,36593.04,6.67,3.2,1.79,0.75,10,0
3/9/2021 2:00,36593.08,5.56,3,1.34,3.44,10,0
3/9/2021 3:00,36593.13,6.67,2.8,1.34,1.01,10,0
3/9/2021 4:00,36593.17,4.44,2.7,0.89,3.58,10,0
3/9/2021 5:00,36593.21,5.56,2.7,0.89,5.92,10,0
3/9/2021 6:00,36593.25,6.67,2.1,2.24,0.82,0,32
3/9/2021 7:00,36593.29,5.56,3.1,1.34,3.28,4.07,190
3/9/2021 8:00,36593.34,8.89,3.4,0.89,3.4,5.12,324
3/9/2021 9:00,36593.38,10.56,2.3,0.89,5.45,0,555
3/9/2021 10:00,36593.42,12.78,2.3,3.13,5.22,0,646
3/9/2021 11:00,36593.46,12.78,1.7,1.79,4.07,5.28,564
3/9/2021 12:00,36593.5,13.33,1,0.89,3.49,7.92,408
3/9/2021 13:00,36593.55,13.89,0.9,2.68,0.59,3.87,575
3/9/2021 14:00,36593.59,14.44,0.6,1.79,5.53,0,668
3/9/2021 15:00,36593.63,16.11,-0.3,0.45,3.46,0,514
3/9/2021 16:00,36593.67,13.33,-2,1.34,1.15,0,240
3/9/2021 17:00,36593.71,12.78,-2.6,1.79,1.36,0,33
3/9/2021 18:00,36593.76,12.22,-2.4,3.58,1.62,10,0
3/9/2021 19:00,36593.8,11.67,-1.5,3.58,1.68,10,0
3/9/2021 20:00,36593.84,11.11,0.6,2.68,1.95,10,0
3/9/2021 21:00,36593.88,11.11,2.1,2.24,2.9,10,0
3/9/2021 22:00,36593.92,8.89,2.7,2.24,3.37,10,0
3/9/2021 23:00,36593.97,6.67,3.2,1.79,4.43,10,0
3/10/2021 0:00,36594,7.78,3.4,4.02,1.71,10,0
3/10/2021 1:00,36594.04,7.22,5.8,2.68,2.3,10,0
3/10/2021 2:00,36594.08,6.67,5.1,1.79,1.8,10,0
3/10/2021 3:00,36594.13,6.11,4.7,1.34,3.07,10,0
3/10/2021 4:00,36594.17,5.56,4.9,1.79,1.94,10,0
3/10/2021 5:00,36594.21,5.56,4.8,3.58,1.71,10,0
3/10/2021 6:00,36594.25,5.56,5.1,5.36,1.57,6.21,14
3/10/2021 7:00,36594.29,6.11,5.5,3.58,1.4,9.68,85
3/10/2021 8:00,36594.34,7.78,5.6,1.79,2.39,9.52,162
3/10/2021 9:00,36594.38,8.89,5.9,1.34,2.86,8.62,279
3/10/2021 10:00,36594.42,9.44,5.9,1.34,1.66,8.14,365
3/10/2021 11:00,36594.46,7.78,4.9,0.45,3.79,9.26,307
3/10/2021 12:00,36594.5,10.56,5,0.45,1.12,9.35,299
3/10/2021 13:00,36594.55,8.33,4.5,4.47,0.47,5.76,503
3/10/2021 14:00,36594.59,6.11,3.6,5.36,4.82,10,94
3/10/2021 15:00,36594.63,6.11,4.7,4.02,0.24,10,5
3/10/2021 16:00,36594.67,5.56,5.1,8.05,0.72,9.84,81
3/10/2021 17:00,36594.71,5.56,4.2,4.47,0.58,0,47
3/10/2021 18:00,36594.76,5,3.6,3.58,1.31,10,0
3/10/2021 19:00,36594.8,4.44,3.1,0.89,1.83,10,0
3/10/2021 20:00,36594.84,5,3.1,2.68,1.22,10,0
3/10/2021 21:00,36594.88,5.56,3.2,0.45,5.81,10,0
3/10/2021 22:00,36594.92,4.44,4.1,0.45,1.95,10,0
3/10/2021 23:00,36594.97,8.33,4.2,1.34,1.95,10,0
3/11/2021 0:00,36595,5,3.4,2.24,1.24,10,0
3/11/2021 1:00,36595.04,5,4.1,2.24,1.22,10,0
3/11/2021 2:00,36595.08,5,3.9,3.58,0.91,10,0
3/11/2021 3:00,36595.13,4.44,3.4,4.47,0.73,10,0
3/11/2021 4:00,36595.17,4.44,2.7,0.89,1.45,10,0
3/11/2021 5:00,36595.21,4.44,2.5,1.79,1.26,10,0
3/11/2021 6:00,36595.25,5,3.6,1.79,0.79,9.66,9
3/11/2021 7:00,36595.29,6.11,4.3,3.13,0.79,10,68
3/11/2021 8:00,36595.34,6.11,4.6,1.79,0.51,7.27,262
3/11/2021 9:00,36595.38,7.78,4.8,1.34,6.13,8.05,315
3/11/2021 10:00,36595.42,8.33,4.8,1.34,0.72,9.46,270
3/11/2021 11:00,36595.46,8.89,4.7,0.89,5.01,8.16,396
3/11/2021 12:00,36595.5,11.11,4.9,1.34,5.39,7.97,410
3/11/2021 13:00,36595.55,11.11,4.7,0.89,3.54,5.23,531
3/11/2021 14:00,36595.59,10.56,3.9,2.24,5.36,3.9,491
3/11/2021 15:00,36595.63,10.56,4.6,0.89,0.24,2.87,379
3/11/2021 16:00,36595.67,10,3.6,2.24,5.43,0,268
3/11/2021 17:00,36595.71,8.89,3.9,2.68,0.82,0,47
3/11/2021 18:00,36595.76,8.89,4.1,1.34,0.96,10,0
3/11/2021 19:00,36595.8,8.89,4.5,0.45,5.5,10,0
3/11/2021 20:00,36595.84,8.89,3.9,1.34,4.22,10,0
3/11/2021 21:00,36595.88,8.33,3.6,0.89,3.74,10,0
3/11/2021 22:00,36595.92,8.33,4,1.34,1.24,10,0
3/11/2021 23:00,36595.97,5,4.5,1.34,0.98,10,0
3/12/2021 0:00,36596,7.78,4.9,0.89,1.88,10,0
3/12/2021 1:00,36596.04,7.78,5.4,1.79,1.13,10,0
3/12/2021 2:00,36596.08,7.78,5.4,1.79,0.45,10,0
3/12/2021 3:00,36596.13,7.22,5.4,2.24,1.03,10,0
3/12/2021 4:00,36596.17,6.67,4.5,2.68,1.24,10,0
3/12/2021 5:00,36596.21,6.11,4.4,4.02,1.08,10,0
3/12/2021 6:00,36596.25,6.11,4.3,2.24,0.73,7.55,17
3/12/2021 7:00,36596.29,7.78,4.5,2.24,0.54,8.49,120
3/12/2021 8:00,36596.34,10.56,4.9,0.45,4.38,5.33,329
3/12/2021 9:00,36596.38,10,5.1,1.34,3.39,5.2,452
3/12/2021 10:00,36596.42,12.22,4.7,2.24,2.18,0,650
3/12/2021 11:00,36596.46,14.44,4,1.79,1.82,3.42,649
3/12/2021 12:00,36596.5,13.33,4,1.34,3.51,6.88,486
3/12/2021 13:00,36596.55,13.89,4.1,0.89,4.24,3.35,603
3/12/2021 14:00,36596.59,15,3.6,1.34,3.94,6.68,390
3/12/2021 15:00,36596.63,14.44,3.6,1.79,5.2,4.08,361
3/12/2021 16:00,36596.67,14.44,3.6,0.89,4.1,0,267
3/12/2021 17:00,36596.71,12.78,3.8,0.89,4.38,0,71
3/12/2021 18:00,36596.76,12.22,4,0.89,4.36,10,1
3/12/2021 19:00,36596.8,11.11,4.9,0.45,0.72,10,0
3/12/2021 20:00,36596.84,10.56,5.4,1.79,1.26,10,0
3/12/2021 21:00,36596.88,8.89,4.8,1.79,1.15,10,0
3/12/2021 22:00,36596.92,8.33,4.3,2.68,1.08,10,0
3/12/2021 23:00,36596.97,7.78,4.3,0.45,3.21,10,0
3/13/2021 0:00,36597,7.78,4,3.58,1.03,10,0
3/13/2021 1:00,36597.04,7.78,3.4,3.58,0.91,10,0
3/13/2021 2:00,36597.08,7.78,3.2,2.68,0.65,10,0
3/13/2021 3:00,36597.13,7.78,3.2,4.02,0.99,10,0
3/13/2021 4:00,36597.17,7.78,3.1,3.58,0.7,10,0
3/13/2021 5:00,36597.21,7.78,2.4,4.02,0.86,10,0
3/13/2021 6:00,36597.25,7.78,2.6,3.58,0.98,0,43
3/13/2021 7:00,36597.29,9.44,5,3.58,0.8,1.41,227
3/13/2021 8:00,36597.34,11.11,3.8,1.79,0.99,0,428
3/13/2021 9:00,36597.38,14.44,3.9,0.89,6.16,0,603
3/13/2021 10:00,36597.42,13.89,4.5,1.79,3.79,0,725
3/13/2021 11:00,36597.46,16.11,5,2.24,4.14,0,789
3/13/2021 12:00,36597.5,16.67,4.9,1.34,5.34,0,794
3/13/2021 13:00,36597.55,17.22,4.2,2.24,4.43,0,741
3/13/2021 14:00,36597.59,16.11,4.4,1.79,5.34,0,628
3/13/2021 15:00,36597.63,16.67,4.6,1.79,4.42,0,460
3/13/2021 16:00,36597.67,16.67,4.7,1.34,4.69,0,256
3/13/2021 17:00,36597.71,15,5.4,3.13,5.18,0,75
3/13/2021 18:00,36597.76,13.33,5.3,2.24,5.55,10,1
3/13/2021 19:00,36597.8,13.33,5.3,0.89,0.45,10,0
3/13/2021 20:00,36597.84,12.78,5.9,1.79,0.93,10,0
3/13/2021 21:00,36597.88,10,6.2,2.24,4.24,10,0
3/13/2021 22:00,36597.92,10.56,6.4,1.34,6.02,10,0
3/13/2021 23:00,36597.97,7.78,6.2,3.13,1.19,10,0
3/14/2021 0:00,36598,7.19,5.9,0.89,3.15,10,0
3/14/2021 1:00,36598.04,6.6,5.3,1.6,5.11,10,0
3/14/2021 2:00,36598.08,9.44,4.4,0.89,0.86,10,0
3/14/2021 3:00,36598.13,5.56,4.1,1.34,3.94,10,0
3/14/2021 4:00,36598.17,7.22,3.7,2.68,1.01,10,0
3/14/2021 5:00,36598.21,7.78,3.6,2.24,1.33,10,0
3/14/2021 6:00,36598.25,6.11,3.6,1.34,4.14,0,52
3/14/2021 7:00,36598.29,7.22,4.6,0.89,0.91,1.67,230
3/14/2021 8:00,36598.34,7.78,5.8,0.45,6.02,4.02,369
3/14/2021 9:00,36598.38,9.44,6.4,0.89,3.58,4.01,499
3/14/2021 10:00,36598.42,11.67,6.5,1.34,4.1,0,684
3/14/2021 11:00,36598.46,12.78,7,1.34,3.37,2.68,678
3/14/2021 12:00,36598.5,14.44,7,1.34,3.87,1.08,706
3/14/2021 13:00,36598.55,15.56,6.6,0.45,1.62,6.8,461
3/14/2021 14:00,36598.59,15,6,1.34,4.4,7.52,353
3/14/2021 15:00,36598.63,14.44,6.2,1.79,5.1,6.53,299
3/14/2021 16:00,36598.67,14.44,6.3,0.45,5.34,7.57,148
3/14/2021 17:00,36598.71,14.44,6.8,1.79,4.54,0,49
3/14/2021 18:00,36598.76,12.78,6.9,1.79,4.31,10,1
3/14/2021 19:00,36598.8,11.67,6.6,3.58,5.11,10,0
3/14/2021 20:00,36598.84,11.67,6.5,2.24,0.94,10,0
3/14/2021 21:00,36598.88,11.67,6.8,1.79,0.61,10,0
3/14/2021 22:00,36598.92,11.11,7.8,2.68,1.29,10,0
3/14/2021 23:00,36598.97,9.44,7.9,0.89,0.33,10,0
3/15/2021 0:00,36599,12.22,7.5,2.24,1.9,10,0
3/15/2021 1:00,36599.04,10.56,8.4,0.89,0.63,10,0
3/15/2021 2:00,36599.08,8.89,7.2,0.89,3.37,10,0
3/15/2021 3:00,36599.13,5.56,4,7.15,4.94,10,0
3/15/2021 4:00,36599.17,5,3.7,6.26,5.2,10,0
3/15/2021 5:00,36599.21,4.44,3.6,2.24,4.59,10,0
3/15/2021 6:00,36599.25,4.44,3.4,2.68,5.9,9.57,16
3/15/2021 7:00,36599.29,5,3.7,2.24,0.02,10,73
3/15/2021 8:00,36599.34,5,4.1,2.24,4.22,6.3,309
3/15/2021 9:00,36599.38,6.67,3.7,2.68,3.84,8.27,312
3/15/2021 10:00,36599.42,7.78,3.4,2.68,4.45,3.42,613
3/15/2021 11:00,36599.46,9.44,1.6,3.13,3.39,10,242
3/15/2021 12:00,36599.5,9.44,1.6,4.02,3.32,7.34,465
3/15/2021 13:00,36599.55,9.44,2.6,3.35,3.65,10,121
3/15/2021 14:00,36599.59,5,4.6,2.68,3.98,5.47,453
3/15/2021 15:00,36599.63,6.11,4,2.68,0.38,4.24,369
3/15/2021 16:00,36599.67,7.22,2.7,1.79,0.3,8.92,116
3/15/2021 17:00,36599.71,8.33,2.3,2.68,4.47,0,86
3/15/2021 18:00,36599.76,7.22,2.8,1.79,4.78,10,1
3/15/2021 19:00,36599.8,6.11,3.1,2.68,5.39,10,0
3/15/2021 20:00,36599.84,6.11,2.8,2.24,6.02,10,0
3/15/2021 21:00,36599.88,5.56,2.9,1.34,4.42,10,0
3/15/2021 22:00,36599.92,5,2.7,0.89,2.25,10,0
3/15/2021 23:00,36599.97,11.67,2.3,1.34,1.24,10,0
3/16/2021 0:00,36600,3.89,2.2,0.45,2.76,10,0
3/16/2021 1:00,36600.04,3.89,1.7,1.34,1.4,10,0
3/16/2021 2:00,36600.08,3.33,1.5,2.24,1.2,10,0
3/16/2021 3:00,36600.13,3.33,1.6,2.24,1.24,10,0
3/16/2021 4:00,36600.17,3.89,1.1,2.24,0.93,10,0
3/16/2021 5:00,36600.21,3.89,1.1,1.79,1.34,10,0
3/16/2021 6:00,36600.25,3.33,2.1,2.68,0.93,0,48
3/16/2021 7:00,36600.29,3.89,4.2,1.79,1.36,5.21,200
3/16/2021 8:00,36600.34,5.56,4.9,1.79,1.8,0,459
3/16/2021 9:00,36600.38,7.78,4.8,0.89,2.6,2.76,538
3/16/2021 10:00,36600.42,7.78,4.7,1.34,3.14,1.65,656
3/16/2021 11:00,36600.46,8.89,4,0.45,4.96,7.31,470
3/16/2021 12:00,36600.5,10.56,4.3,2.24,1.48,4.83,611
3/16/2021 13:00,36600.55,12.22,3.6,0.89,5.04,6.46,487
3/16/2021 14:00,36600.59,12.22,3.2,1.34,2.15,7.9,337
3/16/2021 15:00,36600.63,11.67,3.4,1.34,1.06,0,465
3/16/2021 16:00,36600.67,14.44,3.2,0.45,0.7,0,311
3/16/2021 17:00,36600.71,13.33,3.3,0.45,4.45,0,85
3/16/2021 18:00,36600.76,11.67,2.7,0.89,2.69,10,1
3/16/2021 19:00,36600.8,10.56,3.8,0.45,2.27,10,0
3/16/2021 20:00,36600.84,10,4.2,0.89,0.58,10,0
3/16/2021 21:00,36600.88,8.89,4.2,2.24,0.77,10,0
3/16/2021 22:00,36600.92,7.78,3.8,3.13,1.1,10,0
3/16/2021 23:00,36600.97,3.89,3.6,1.79,3.23,10,0
3/17/2021 0:00,36601,6.67,3.2,3.13,0.96,10,0
3/17/2021 1:00,36601.04,6.67,2.8,4.02,0.96,10,0
3/17/2021 2:00,36601.08,6.11,2.1,3.13,1.15,10,0
3/17/2021 3:00,36601.13,5.56,1.4,3.58,0.79,10,0
3/17/2021 4:00,36601.17,5.56,1.7,4.47,0.93,10,0
3/17/2021 5:00,36601.21,5.56,1.9,5.36,0.84,10,0
3/17/2021 6:00,36601.25,5.56,2.3,3.58,0.77,0,68
3/17/2021 7:00,36601.29,5.56,4.2,2.68,1.26,0,248
3/17/2021 8:00,36601.34,7.78,4.8,3.58,0.84,0,471
3/17/2021 9:00,36601.38,10.56,5.4,2.24,0.63,1.5,562
3/17/2021 10:00,36601.42,13.33,5.2,1.79,3.37,3.98,603
3/17/2021 11:00,36601.46,13.89,5.5,1.79,3.19,1.63,712
3/17/2021 12:00,36601.5,13.89,5.2,0.89,3.56,6.58,521
3/17/2021 13:00,36601.55,16.67,5.6,0.89,2.81,3.2,628
3/17/2021 14:00,36601.59,16.11,5.4,1.34,3.49,4.19,506
3/17/2021 15:00,36601.63,17.22,4.1,0.45,4.38,6.65,304
3/17/2021 16:00,36601.67,15.56,4.7,0.89,3.53,9.39,106
3/17/2021 17:00,36601.71,15,5.5,0.89,6.09,6.78,35
3/17/2021 18:00,36601.76,14.44,6,0.89,0.49,10,1
3/17/2021 19:00,36601.8,13.89,7.1,1.34,6.2,10,0
3/17/2021 20:00,36601.84,13.33,7.5,2.24,0.33,10,0
3/17/2021 21:00,36601.88,12.78,7.6,1.79,0.94,10,0
3/17/2021 22:00,36601.92,12.78,8,1.79,1.2,10,0
3/17/2021 23:00,36601.97,7.22,8.3,2.24,0.8,10,0
3/18/2021 0:00,36602,12.22,8.1,3.58,0.87,10,0
3/18/2021 1:00,36602.04,12.22,8.5,3.58,0.98,10,0
3/18/2021 2:00,36602.08,12.78,8.8,1.34,1.17,10,0
3/18/2021 3:00,36602.13,11.67,8.7,2.24,0.68,10,0
3/18/2021 4:00,36602.17,12.22,8.6,2.68,1.05,10,0
3/18/2021 5:00,36602.21,11.67,8.6,2.24,0.68,10,0
3/18/2021 6:00,36602.25,11.11,8.8,3.13,0.87,9.11,24
3/18/2021 7:00,36602.29,11.67,7.9,3.58,0.93,0,288
3/18/2021 8:00,36602.34,13.89,8.1,0.89,3.49,4.17,381
3/18/2021 9:00,36602.38,15.56,8.1,1.79,5.93,0,638
3/18/2021 10:00,36602.42,18.89,7.7,0.45,3.4,0.77,674
3/18/2021 11:00,36602.46,18.89,8,2.24,3.46,0,737
3/18/2021 12:00,36602.5,19.44,7.4,0.89,1.55,4.95,613
3/18/2021 13:00,36602.55,20.56,6.7,1.34,1.88,3.51,623
3/18/2021 14:00,36602.59,21.11,6.6,0.89,3.42,6.04,439
3/18/2021 15:00,36602.63,21.67,7,1.79,0.87,9.39,184
3/18/2021 16:00,36602.67,20,6.7,1.79,0.93,10,83
3/18/2021 17:00,36602.71,18.89,6.6,2.68,1.83,6.55,39
3/18/2021 18:00,36602.76,17.22,7.7,3.58,0.93,10,1
3/18/2021 19:00,36602.8,17.22,9,3.58,0.73,10,0
3/18/2021 20:00,36602.84,17.78,10.3,3.13,0.8,10,0
3/18/2021 21:00,36602.88,17.78,10.5,1.79,2.11,10,0
3/18/2021 22:00,36602.92,17.22,10.8,0.89,3.42,10,0
3/18/2021 23:00,36602.97,12.22,11.4,2.68,1.15,10,0
3/19/2021 0:00,36603,13.89,11.6,1.34,0.47,10,0
3/19/2021 1:00,36603.04,13.89,11.9,2.68,0.51,10,0
3/19/2021 2:00,36603.08,13.89,11.6,2.68,0.96,10,0
3/19/2021 3:00,36603.13,13.33,11.3,1.79,1.66,10,0
3/19/2021 4:00,36603.17,12.78,11.7,1.79,3.4,10,0
3/19/2021 5:00,36603.21,11.67,11.7,0.89,0.54,10,0
3/19/2021 6:00,36603.25,12.22,11.8,1.79,0.89,10,9
3/19/2021 7:00,36603.29,12.22,12.4,2.46,0.72,10,87
3/19/2021 8:00,36603.34,12.78,13,3.13,0.56,10,128
3/19/2021 9:00,36603.38,13.89,13.2,4.92,0.72,9.92,209
3/19/2021 10:00,36603.42,15,13.3,2.24,0.47,4.73,582
3/19/2021 11:00,36603.46,17.22,13.3,1.79,1.47,6.86,509
3/19/2021 12:00,36603.5,18.33,12.4,0.45,4.57,6.61,525
3/19/2021 13:00,36603.55,18.33,12,0.89,3.86,9.79,257
3/19/2021 14:00,36603.59,16.11,14,2.68,4.45,10,112
3/19/2021 15:00,36603.63,13.89,13.8,2.68,4.66,10,36
3/19/2021 16:00,36603.67,13.33,13,1.79,1.08,10,44
3/19/2021 17:00,36603.71,13.89,12.4,1.79,0.02,10,11
3/19/2021 18:00,36603.76,12.78,12,2.24,6.16,10,1
3/19/2021 19:00,36603.8,12.22,11.7,0.89,3.61,10,0
3/19/2021 20:00,36603.84,11.67,10.8,1.79,4.08,10,0
3/19/2021 21:00,36603.88,11.11,9.3,0.89,4.49,10,0
3/19/2021 22:00,36603.92,11.11,8.8,4.47,5.13,10,0
3/19/2021 23:00,36603.97,13.89,8.4,1.34,4.68,10,0
3/20/2021 0:00,36604,10.56,8.4,5.36,5.29,10,0
3/20/2021 1:00,36604.04,10,9,2.68,5.27,10,0
3/20/2021 2:00,36604.08,10,7.3,2.24,5.03,10,0
3/20/2021 3:00,36604.13,8.89,5.9,1.79,4.43,10,0
3/20/2021 4:00,36604.17,8.89,5.4,2.68,5.18,10,0
3/20/2021 5:00,36604.21,6.67,4.8,4.02,4.49,10,0
3/20/2021 6:00,36604.25,7.22,4.5,3.13,5.17,0,64
3/20/2021 7:00,36604.29,6.67,5.2,2.24,4.26,0,270
3/20/2021 8:00,36604.34,8.89,5.5,1.34,4.22,0,479
3/20/2021 9:00,36604.38,10.56,6.1,1.79,4.99,0,655
3/20/2021 10:00,36604.42,11.11,6.8,2.68,4.4,0,786
3/20/2021 11:00,36604.46,12.78,6.8,3.13,4.21,0,837
3/20/2021 12:00,36604.5,13.33,6.3,3.13,4.57,0,852
3/20/2021 13:00,36604.55,13.33,5.2,8.49,5.22,0,764
3/20/2021 14:00,36604.59,14.44,3.2,5.36,4.35,0,672
3/20/2021 15:00,36604.63,15,2.4,4.47,4.54,0,484
3/20/2021 16:00,36604.67,14.44,1.3,5.36,5.04,0,291
3/20/2021 17:00,36604.71,13.89,2.1,7.6,5.29,0,95
3/20/2021 18:00,36604.76,12.78,2,6.26,5.15,10,3
3/20/2021 19:00,36604.8,11.67,2.1,3.13,5.01,10,0
3/20/2021 20:00,36604.84,11.11,2.6,1.79,4.76,10,0
3/20/2021 21:00,36604.88,10,2.9,1.79,5.38,10,0
3/20/2021 22:00,36604.92,9.44,3.2,0.89,3.42,10,0
3/20/2021 23:00,36604.97,11.11,3.5,5.81,5.11,10,0
3/21/2021 0:00,36605,6.67,4,0.45,3.47,10,0
3/21/2021 1:00,36605.04,6.11,4.4,0.89,3.53,10,0
3/21/2021 2:00,36605.08,5.56,4.3,0.45,1.83,10,0
3/21/2021 3:00,36605.13,5,3.6,1.79,1.61,10,0
3/21/2021 4:00,36605.17,5,3.2,0.89,1.5,10,0
3/21/2021 5:00,36605.21,5,3.2,2.24,1.12,10,1
3/21/2021 6:00,36605.25,5,3.4,2.68,1.22,0,80
3/21/2021 7:00,36605.29,4.44,4.9,1.34,3.91,0,275
3/21/2021 8:00,36605.34,7.78,5.6,1.34,0.54,0,478
3/21/2021 9:00,36605.38,10,5.8,0.45,2.76,0,650
3/21/2021 10:00,36605.42,12.22,6,0.45,2.36,0,772
3/21/2021 11:00,36605.46,13.33,6.6,1.79,2.43,0,834
3/21/2021 12:00,36605.5,13.33,6.2,2.24,3.28,0,827
3/21/2021 13:00,36605.55,15,5.3,0.89,1.48,0,791
3/21/2021 14:00,36605.59,15.56,5.3,0.89,4.73,0,671
3/21/2021 15:00,36605.63,16.11,5.2,2.24,3.93,0,492
3/21/2021 16:00,36605.67,16.67,3.6,3.13,5.08,0,288
3/21/2021 17:00,36605.71,15.56,3.7,2.68,4.14,0,92
3/21/2021 18:00,36605.76,14.44,4.1,1.34,4.97,10,3
3/21/2021 19:00,36605.8,13.33,5,1.34,1.22,10,0
3/21/2021 20:00,36605.84,12.22,6,0.89,0,10,0
3/21/2021 21:00,36605.88,11.67,5.8,1.34,1.13,10,0
3/21/2021 22:00,36605.92,10.56,5.4,2.68,0.52,10,0
3/21/2021 23:00,36605.97,8.89,4.5,1.34,0.21,10,0
3/22/2021 0:00,36606,9.44,4.6,2.68,0.94,10,0
3/22/2021 1:00,36606.04,8.89,4.6,3.58,0.91,10,0
3/22/2021 2:00,36606.08,8.33,4,4.47,1.01,10,0
3/22/2021 3:00,36606.13,7.78,3.9,3.13,1.22,10,0
3/22/2021 4:00,36606.17,7.78,3.6,3.58,0.91,10,0
3/22/2021 5:00,36606.21,7.78,3.6,4.47,0.93,10,1
3/22/2021 6:00,36606.25,7.22,4.2,3.58,0.91,0,78
3/22/2021 7:00,36606.29,8.33,6,3.13,0.79,2.18,260
3/22/2021 8:00,36606.34,10.56,5.9,2.24,0.82,0,455
3/22/2021 9:00,36606.38,12.78,6.3,0.89,3.44,0,650
3/22/2021 10:00,36606.42,15,6.2,1.34,3.87,0,768
3/22/2021 11:00,36606.46,15.56,5.7,0.89,3.46,0,819
3/22/2021 12:00,36606.5,16.11,4.3,1.79,3.42,3.46,688
3/22/2021 13:00,36606.55,17.22,3.8,2.24,3.77,0,701
3/22/2021 14:00,36606.59,17.78,4,2.24,3.16,2.82,562
3/22/2021 15:00,36606.63,17.78,4.2,3.13,4.99,4.01,401
3/22/2021 16:00,36606.67,17.22,5.2,2.68,4.96,0,313
3/22/2021 17:00,36606.71,16.67,4.5,3.58,5.57,0,90
3/22/2021 18:00,36606.76,14.44,5.3,4.47,5.1,10,3
3/22/2021 19:00,36606.8,13.33,5.6,4.02,5.15,10,0
3/22/2021 20:00,36606.84,12.78,5.3,2.24,5.11,10,0
3/22/2021 21:00,36606.88,11.67,5.7,1.79,4.54,10,0
3/22/2021 22:00,36606.92,11.11,6.1,0.45,4.24,10,0
3/22/2021 23:00,36606.97,9.44,6.4,2.24,1.29,10,0
3/23/2021 0:00,36607,8.33,6.4,2.68,4.19,10,0
3/23/2021 1:00,36607.04,8.33,6.2,2.24,4.28,10,0
3/23/2021 2:00,36607.08,7.22,5.9,2.24,4.45,10,0
3/23/2021 3:00,36607.13,8.33,5.8,2.68,4.17,10,0
3/23/2021 4:00,36607.17,7.22,5.5,2.24,4.22,10,0
3/23/2021 5:00,36607.21,6.11,5.2,1.79,4.68,10,1
3/23/2021 6:00,36607.25,5.56,5.8,1.79,4.14,2.97,69
3/23/2021 7:00,36607.29,6.67,6.3,0.89,4.73,10,94
3/23/2021 8:00,36607.34,7.22,6.6,0.89,4.33,7.96,265
3/23/2021 9:00,36607.38,8.33,7.6,0.45,3.05,0,662
3/23/2021 10:00,36607.42,10.56,7.7,0.89,1.87,0,731
3/23/2021 11:00,36607.46,10.56,8.3,1.34,3.72,0,839
3/23/2021 12:00,36607.5,11.67,7.7,3.13,0.54,0,848
3/23/2021 13:00,36607.55,14.44,4.8,1.79,0.45,0,787
3/23/2021 14:00,36607.59,17.78,2.9,3.58,5.59,0,647
3/23/2021 15:00,36607.63,17.78,0.3,4.92,5.22,0,512
3/23/2021 16:00,36607.67,18.89,-1.7,4.47,0.21,0,318
3/23/2021 17:00,36607.71,17.22,-6.4,10.28,0.4,0,101
3/23/2021 18:00,36607.76,16.11,-7.6,12.96,0.21,10,3
3/23/2021 19:00,36607.8,16.11,-7.7,16.09,0.66,10,0
3/23/2021 20:00,36607.84,15.56,-7.9,8.94,0.07,10,0
3/23/2021 21:00,36607.88,15.56,-7,8.05,0.09,10,0
3/23/2021 22:00,36607.92,16.11,-6.5,9.83,0.09,10,0
3/23/2021 23:00,36607.97,8.89,-3.8,1.34,4.31,10,0
3/24/2021 0:00,36608,12.22,-0.2,3.13,3.26,10,0
3/24/2021 1:00,36608.04,11.11,0.4,0.89,3.47,10,0
3/24/2021 2:00,36608.08,10.56,1.3,0.89,1.68,10,0
3/24/2021 3:00,36608.13,9.44,2,0.89,0.38,10,0
3/24/2021 4:00,36608.17,9.44,1.7,2.68,1.29,10,0
3/24/2021 5:00,36608.21,8.33,1.6,4.02,0.84,10,1
3/24/2021 6:00,36608.25,7.78,1,1.79,4.38,0,81
3/24/2021 7:00,36608.29,6.67,2.5,0.45,3.49,2.66,264
3/24/2021 8:00,36608.34,10.56,2.7,0.89,5.41,0,478
3/24/2021 9:00,36608.38,12.22,3.5,0.89,0.44,3.17,561
3/24/2021 10:00,36608.42,15,5.3,0.45,0,0,760
3/24/2021 11:00,36608.46,16.11,5.5,0.89,5.53,0,847
3/24/2021 12:00,36608.5,17.22,4.2,1.79,3.46,0,839
3/24/2021 13:00,36608.55,17.78,1.5,1.79,3.94,0,789
3/24/2021 14:00,36608.59,18.33,1,0.89,0.49,4.24,531
3/24/2021 15:00,36608.63,18.33,0.3,0.89,4.22,0,464
3/24/2021 16:00,36608.67,17.78,0.2,1.34,5.78,5.68,220
3/24/2021 17:00,36608.71,17.22,0.4,1.79,5.76,4.89,67
3/24/2021 18:00,36608.76,16.11,-1.1,0.89,6.25,10,2
3/24/2021 19:00,36608.8,14.44,1.5,1.34,0.09,10,0
3/24/2021 20:00,36608.84,13.33,1.8,1.79,1.08,10,0
3/24/2021 21:00,36608.88,12.22,3,3.13,0.54,10,0
3/24/2021 22:00,36608.92,11.11,3.6,2.68,0.94,10,0
3/24/2021 23:00,36608.97,15.56,4.4,6.26,0.02,10,0
3/25/2021 0:00,36609,10.56,4.4,3.58,1.17,10,0
3/25/2021 1:00,36609.04,10.56,4.6,3.58,0.96,10,0
3/25/2021 2:00,36609.08,10,4.1,3.58,0.82,10,0
3/25/2021 3:00,36609.13,9.44,3.4,1.79,1.27,10,0
3/25/2021 4:00,36609.17,9.44,2.8,1.34,4.82,10,0
3/25/2021 5:00,36609.21,8.89,4.1,2.68,5.92,10,1
3/25/2021 6:00,36609.25,7.78,5.4,2.68,4.89,2.94,77
3/25/2021 7:00,36609.29,7.78,6.2,3.13,5.13,8.66,144
3/25/2021 8:00,36609.34,9.44,6.7,2.46,4.97,4.82,390
3/25/2021 9:00,36609.38,11.11,7,1.79,4.82,3.13,566
3/25/2021 10:00,36609.42,12.22,6.9,0.89,3.16,0,738
3/25/2021 11:00,36609.46,13.33,6.6,2.68,4.12,3.56,696
3/25/2021 12:00,36609.5,13.33,6.1,2.68,4.4,7.97,445
3/25/2021 13:00,36609.55,15,5.8,4.02,4.64,3.84,639
3/25/2021 14:00,36609.59,16.11,6.1,1.79,4.54,4.2,536
3/25/2021 15:00,36609.63,16.11,6.1,1.79,4.63,7.64,286
3/25/2021 16:00,36609.67,15.56,6,2.68,4.69,1.37,279
3/25/2021 17:00,36609.71,15.56,5.8,1.79,4.66,0,95
3/25/2021 18:00,36609.76,13.89,5.7,1.79,4.89,10,3
3/25/2021 19:00,36609.8,12.78,5.7,2.68,5.31,10,0
3/25/2021 20:00,36609.84,12.78,6,2.68,4.96,10,0
3/25/2021 21:00,36609.88,11.67,6.1,2.68,4.96,10,0
3/25/2021 22:00,36609.92,10,5.8,1.34,4.69,10,0
3/25/2021 23:00,36609.97,11.11,5.7,3.58,0.84,10,0
3/26/2021 0:00,36610,8.33,5.7,1.79,4.71,10,0
3/26/2021 1:00,36610.04,7.22,5.4,2.68,4.24,10,0
3/26/2021 2:00,36610.08,6.67,4.8,1.79,3.98,10,0
3/26/2021 3:00,36610.13,6.11,4.6,0.89,3.37,10,0
3/26/2021 4:00,36610.17,7.22,4.4,0.89,4.54,10,0
3/26/2021 5:00,36610.21,6.11,3.7,1.79,1.34,10,2
3/26/2021 6:00,36610.25,6.11,4.7,0.89,3.42,0,95
3/26/2021 7:00,36610.29,7.78,6.1,0.89,1.19,0,294
3/26/2021 8:00,36610.34,11.67,6.3,0.45,4.56,0,495
3/26/2021 9:00,36610.38,10.56,6.9,0.89,3.86,0,670
3/26/2021 10:00,36610.42,14.44,7,1.34,2.58,0,786
3/26/2021 11:00,36610.46,15.56,7.3,0.89,2.53,0,839
3/26/2021 12:00,36610.5,16.67,7.2,1.34,2.76,0,844
3/26/2021 13:00,36610.55,17.78,6.4,2.24,3.39,0,778
3/26/2021 14:00,36610.59,19.44,4.6,0.45,1.75,0,668
3/26/2021 15:00,36610.63,20,4.6,0.89,5.93,0,503
3/26/2021 16:00,36610.67,18.33,3,2.68,5.52,0,305
3/26/2021 17:00,36610.71,18.89,4.4,0.89,4.69,0,106
3/26/2021 18:00,36610.76,17.22,4.9,1.34,5.34,10,5
3/26/2021 19:00,36610.8,15.56,4.9,0.89,0.54,10,0
3/26/2021 20:00,36610.84,15,5.7,1.79,1.29,10,0
3/26/2021 21:00,36610.88,13.89,6,2.68,1.13,10,0
3/26/2021 22:00,36610.92,12.78,5.6,3.58,0.86,10,0
3/26/2021 23:00,36610.97,8.89,5.4,1.79,3.77,10,0
3/27/2021 0:00,36611,12.22,5.1,4.47,0.96,10,0
3/27/2021 1:00,36611.04,11.67,5.3,4.47,1.03,10,0
3/27/2021 2:00,36611.08,11.11,5.3,3.13,1.43,10,0
3/27/2021 3:00,36611.13,10.56,5,2.68,1.29,10,0
3/27/2021 4:00,36611.17,9.44,5.2,3.58,0.94,10,0
3/27/2021 5:00,36611.21,10,5.1,4.02,0.63,10,2
3/27/2021 6:00,36611.25,10,5.7,4.47,0.58,0,101
3/27/2021 7:00,36611.29,11.11,7.4,4.02,1.01,0,296
3/27/2021 8:00,36611.34,12.78,6.6,2.24,1.08,0,502
3/27/2021 9:00,36611.38,16.67,6.5,1.34,0.37,0,671
3/27/2021 10:00,36611.42,18.89,6,0.89,3.87,0,787
3/27/2021 11:00,36611.46,20,5.5,1.34,2.13,0,842
3/27/2021 12:00,36611.5,21.67,6.1,1.79,3.72,0,846
3/27/2021 13:00,36611.55,22.22,6,1.34,2.3,0,788
3/27/2021 14:00,36611.59,21.11,4.4,1.34,5.39,0,669
3/27/2021 15:00,36611.63,21.67,5.3,1.79,0.02,0,505
3/27/2021 16:00,36611.67,22.78,7,1.34,4.97,0,302
3/27/2021 17:00,36611.71,22.22,7.4,0.89,4.5,0,107
3/27/2021 18:00,36611.76,20.56,6.1,1.34,4.63,10,5
3/27/2021 19:00,36611.8,18.89,6.3,1.34,0.51,10,0
3/27/2021 20:00,36611.84,16.67,7.1,2.24,0.63,10,0
3/27/2021 21:00,36611.88,15.56,7.2,3.13,0.93,10,0
3/27/2021 22:00,36611.92,15,7.4,4.47,0.87,10,0
3/27/2021 23:00,36611.97,12.22,7.7,4.02,0.85,10,0
3/28/2021 0:00,36612,13.33,7.5,5.36,0.82,10,0
3/28/2021 1:00,36612.04,12.78,6.3,5.36,0.94,10,0
3/28/2021 2:00,36612.08,12.78,6.6,3.58,0.75,10,0
3/28/2021 3:00,36612.13,12.78,5.7,3.13,0.91,10,0
3/28/2021 4:00,36612.17,11.67,6.4,3.58,0.87,10,0
3/28/2021 5:00,36612.21,12.22,5.9,3.13,0.56,10,2
3/28/2021 6:00,36612.25,11.11,6.7,4.02,1.1,0,112
3/28/2021 7:00,36612.29,12.22,8.4,4.02,0.77,0,312
3/28/2021 8:00,36612.34,15,6.8,2.24,0.59,0,515
3/28/2021 9:00,36612.38,17.22,6.6,0.89,5.76,0,685
3/28/2021 10:00,36612.42,20,6.7,0.45,0.07,0,801
3/28/2021 11:00,36612.46,23.33,7.2,1.34,5.31,0,854
3/28/2021 12:00,36612.5,23.33,7.3,2.24,0.17,0,853
3/28/2021 13:00,36612.55,23.33,6.8,1.79,5.55,0,797
3/28/2021 14:00,36612.59,24.44,6.4,1.79,5.59,0,685
3/28/2021 15:00,36612.63,25,6.1,2.68,5.92,0,522
3/28/2021 16:00,36612.67,25.56,6.8,2.24,4.5,0,319
3/28/2021 17:00,36612.71,25,9.2,1.79,4.38,0,114
3/28/2021 18:00,36612.76,23.33,8.1,1.79,4.5,10,6
3/28/2021 19:00,36612.8,20,8.6,1.79,5.79,10,0
3/28/2021 20:00,36612.84,20,8.5,1.34,0.35,10,0
3/28/2021 21:00,36612.88,17.78,8.8,3.13,0.77,10,0
3/28/2021 22:00,36612.92,16.11,9.2,4.47,1.33,10,0
3/28/2021 23:00,36612.97,15.28,8.6,4.92,1.13,10,0
3/29/2021 0:00,36613,14.44,8.3,4.02,0.94,10,0
3/29/2021 1:00,36613.04,14.44,8.1,3.58,0.65,10,0
3/29/2021 2:00,36613.08,13.33,7.4,2.68,0.87,10,0
3/29/2021 3:00,36613.13,13.33,7,1.79,0.61,10,0
3/29/2021 4:00,36613.17,12.78,6.6,2.68,0.77,10,0
3/29/2021 5:00,36613.21,11.67,6.5,2.68,0.84,10,3
3/29/2021 6:00,36613.25,13.33,7.3,3.58,0.99,0,119
3/29/2021 7:00,36613.29,13.33,8.5,1.34,5.39,0,318
3/29/2021 8:00,36613.34,15.56,7.2,1.34,5.45,0,522
3/29/2021 9:00,36613.38,18.33,7.1,1.79,3.12,0,686
3/29/2021 10:00,36613.42,20,7,0.89,3.33,0,795
3/29/2021 11:00,36613.46,21.67,6,1.34,3.87,0,856
3/29/2021 12:00,36613.5,22.22,5.2,4.02,5.15,0,857
3/29/2021 13:00,36613.55,23.33,4.6,1.79,5.04,0,803
3/29/2021 14:00,36613.59,25,3.7,2.68,4.57,0,687
3/29/2021 15:00,36613.63,24.44,5.2,3.13,4.89,0,517
3/29/2021 16:00,36613.67,22.78,6,5.36,5.11,0,312
3/29/2021 17:00,36613.71,22.78,6.1,2.68,4.68,0,111
3/29/2021 18:00,36613.76,19.44,7.1,2.24,4.47,10,6
3/29/2021 19:00,36613.8,17.22,7.3,3.13,4.52,10,0
3/29/2021 20:00,36613.84,16.11,6.4,2.24,4.42,10,0
3/29/2021 21:00,36613.88,16.11,6,0.89,4.89,10,0
3/29/2021 22:00,36613.92,15,6.4,1.34,5.36,10,0
3/29/2021 23:00,36613.97,15.56,6.1,3.58,0.82,10,0
3/30/2021 0:00,36614,11.11,4.4,2.24,4.1,10,0
3/30/2021 1:00,36614.04,10.56,3.4,0.89,3.11,10,0
3/30/2021 2:00,36614.08,9.44,2.1,0.89,5.86,10,0
3/30/2021 3:00,36614.13,7.78,1.3,0.89,3.54,10,0
3/30/2021 4:00,36614.17,8.33,1.6,0.45,2.72,10,0
3/30/2021 5:00,36614.21,8.33,1.5,0.89,3.4,10,3
3/30/2021 6:00,36614.25,8.33,2.2,0,5.39,0,104
3/30/2021 7:00,36614.29,9.44,2.8,1.34,0.75,0,310
3/30/2021 8:00,36614.34,10,4,1.79,3.42,0,517
3/30/2021 9:00,36614.38,17.22,5.3,0.45,5.39,0,685
3/30/2021 10:00,36614.42,16.11,5.7,2.68,3.21,0,800
3/30/2021 11:00,36614.46,18.33,5.2,0.89,3.33,0,859
3/30/2021 12:00,36614.5,20,5.4,1.34,3.44,0,857
3/30/2021 13:00,36614.55,22.22,5.4,3.13,3.3,0,792
3/30/2021 14:00,36614.59,22.22,6,0.45,2.74,0,676
3/30/2021 15:00,36614.63,23.33,5.3,1.34,4.05,0,502
3/30/2021 16:00,36614.67,23.33,5.1,0.45,3.51,0.01,303
3/30/2021 17:00,36614.71,23.89,6.2,1.34,3.84,0,113
3/30/2021 18:00,36614.76,20.56,7,1.34,4.45,10,6
3/30/2021 19:00,36614.8,18.89,8.5,0.89,0.07,10,0
3/30/2021 20:00,36614.84,17.22,8.5,1.34,0.21,10,0
3/30/2021 21:00,36614.88,16.67,8.4,3.13,0.87,10,0
3/30/2021 22:00,36614.92,15.56,8.8,2.24,1.27,10,0
3/30/2021 23:00,36614.97,13.33,8.6,0.89,4.9,10,0
3/31/2021 0:00,36615,13.89,7.7,3.13,0.73,10,0
3/31/2021 1:00,36615.04,13.33,7.5,3.58,1.08,10,0
3/31/2021 2:00,36615.08,12.78,7.3,3.58,0.89,10,0
3/31/2021 3:00,36615.13,12.22,7.1,4.47,1.05,10,0
3/31/2021 4:00,36615.17,12.22,6.1,4.47,0.96,10,0
3/31/2021 5:00,36615.21,12.78,5.5,3.58,0.86,10,4
3/31/2021 6:00,36615.25,13.89,6.5,4.02,0.94,0,125
3/31/2021 7:00,36615.29,15,7,3.13,0.94,0,325
3/31/2021 8:00,36615.34,18.33,6.1,1.79,1.47,0,531
3/31/2021 9:00,36615.38,20,6,0.89,3.8,0,697
3/31/2021 10:00,36615.42,21.67,4.7,1.34,3.28,0,816
3/31/2021 11:00,36615.46,24.44,2.9,1.34,3.07,0,869
3/31/2021 12:00,36615.5,26.11,2.8,1.34,1.38,0,866
3/31/2021 13:00,36615.55,25,2.9,2.24,5.08,0,800
3/31/2021 14:00,36615.59,26.67,2,1.79,3.75,0,677
3/31/2021 15:00,36615.63,26.11,1.1,2.24,4.5,0,532
3/31/2021 16:00,36615.67,26.11,1.3,3.58,5.65,0,325
3/31/2021 17:00,36615.71,26.67,3.5,1.79,4.82,0,119
3/31/2021 18:00,36615.76,24.44,4.3,1.34,4.71,10,6
3/31/2021 19:00,36615.8,22.78,4.8,1.34,6.13,10,0
3/31/2021 20:00,36615.84,20,6.6,1.79,0.52,10,0
3/31/2021 21:00,36615.88,18.33,6.9,4.47,0.98,10,0
3/31/2021 22:00,36615.92,17.22,6.5,4.02,0.98,10,0
3/31/2021 23:00,36615.97,15,6.4,2.24,0.54,10,0
4/1/2021 0:00,36616,16.11,6.4,3.58,1.12,10,0
4/1/2021 1:00,36616.04,16.11,6.2,5.36,0.98,10,0
4/1/2021 2:00,36616.08,16.67,5.8,0.89,1.45,10,0
4/1/2021 3:00,36616.13,13.89,6,3.13,0.91,10,0
4/1/2021 4:00,36616.17,13.89,6,0.89,1.99,10,0
4/1/2021 5:00,36616.21,13.33,6,1.34,0.02,10,4
4/1/2021 6:00,36616.25,14.44,6.5,2.24,0.53,0,121
4/1/2021 7:00,36616.29,15,6.8,3.58,1.05,0,325
4/1/2021 8:00,36616.34,20,5.5,0.89,0.68,0,532
4/1/2021 9:00,36616.38,20.56,5.9,0.89,5.22,0,700
4/1/2021 10:00,36616.42,22.78,6.1,0.89,5.2,0,815
4/1/2021 11:00,36616.46,25,4.8,1.79,3.77,0,861
4/1/2021 12:00,36616.5,26.67,4.3,0.89,2.32,0,869
4/1/2021 13:00,36616.55,28.33,2.7,0.45,5.08,0,811
4/1/2021 14:00,36616.59,27.78,2.4,2.68,4.22,0,658
4/1/2021 15:00,36616.63,28.33,1.2,2.24,4.22,0,522
4/1/2021 16:00,36616.67,27.78,-2,2.68,5.11,0,328
4/1/2021 17:00,36616.71,27.78,1.5,1.34,4.83,0,123
4/1/2021 18:00,36616.76,26.11,4.3,2.24,5.25,10,7
4/1/2021 19:00,36616.8,23.33,4.9,1.79,0.35,10,0
4/1/2021 20:00,36616.84,21.11,6,1.79,1.19,10,0
4/1/2021 21:00,36616.88,18.89,7.1,1.79,0.93,10,0
4/1/2021 22:00,36616.92,17.78,6.3,3.13,0.86,10,0
4/1/2021 23:00,36616.97,16.67,6.9,4.47,1.2,10,0
4/2/2021 0:00,36617,17.78,7.2,4.92,1.24,10,0
4/2/2021 1:00,36617.04,17.22,6.8,4.92,0.91,10,0
4/2/2021 2:00,36617.08,17.22,6.8,4.47,1.27,10,0
4/2/2021 3:00,36617.13,17.22,6.5,2.91,1.06,10,0
4/2/2021 4:00,36617.17,17.22,6.4,1.34,0.84,10,0
4/2/2021 5:00,36617.21,16.11,6.6,2.24,1.26,10,6
4/2/2021 6:00,36617.25,15,7.4,1.79,0.49,0,132
4/2/2021 7:00,36617.29,14.44,8.2,2.24,0.42,0,334
4/2/2021 8:00,36617.34,17.78,7.6,0.89,0.58,0,538
4/2/2021 9:00,36617.38,21.67,5.1,0.89,5.5,0,708
4/2/2021 10:00,36617.42,23.33,4.4,0.89,4.22,0,823
4/2/2021 11:00,36617.46,24.44,5.5,1.79,5.81,0,877
4/2/2021 12:00,36617.5,27.22,3.7,0.45,3.63,0,881
4/2/2021 13:00,36617.55,30,4.1,0.45,4.61,0,741
4/2/2021 14:00,36617.59,30,4,1.34,1.71,0,700
4/2/2021 15:00,36617.63,29.44,4.2,1.34,4.8,0,529
4/2/2021 16:00,36617.67,28.33,5.2,3.13,5.36,0,329
4/2/2021 17:00,36617.71,28.33,7,2.68,5.17,0,123
4/2/2021 18:00,36617.76,26.67,6.6,0.89,4.49,10,7
4/2/2021 19:00,36617.8,24.44,7.1,1.34,0,10,0
4/2/2021 20:00,36617.84,21.11,7.9,2.24,0.72,10,0
4/2/2021 21:00,36617.88,20,7.5,3.58,1.24,10,0
4/2/2021 22:00,36617.92,17.78,7.5,4.47,0.91,10,0
4/2/2021 23:00,36617.97,18.33,7.4,3.58,1.08,10,0
4/3/2021 0:00,36618,16.67,7.2,4.02,0.87,10,0
4/3/2021 1:00,36618.04,16.11,6.3,1.79,3.7,10,0
4/3/2021 2:00,36618.08,15,5.6,0.89,5.39,10,0
4/3/2021 3:00,36618.13,13.33,5.7,1.34,0.45,10,0
4/3/2021 4:00,36618.17,13.33,5.9,0.45,5.38,10,0
4/3/2021 5:00,36618.21,11.11,6,0.45,0.68,10,6
4/3/2021 6:00,36618.25,11.67,6.5,0.89,6.18,0,122
4/3/2021 7:00,36618.29,11.67,7.1,1.34,3.67,0,330
4/3/2021 8:00,36618.34,15.56,7.7,0.89,4.17,0,534
4/3/2021 9:00,36618.38,19.44,7.1,1.34,3.54,0,699
4/3/2021 10:00,36618.42,20.56,7.6,0.89,3.56,0,809
4/3/2021 11:00,36618.46,22.78,8.6,2.68,3.28,0,842
4/3/2021 12:00,36618.5,24.44,8.3,2.24,3.32,0,871
4/3/2021 13:00,36618.55,25.56,7.3,0.89,2.62,0,798
4/3/2021 14:00,36618.59,26.11,7.4,1.79,3.32,0,689
4/3/2021 15:00,36618.63,26.67,8.2,1.34,4.47,3.13,465
4/3/2021 16:00,36618.67,26.11,7.4,0.89,5.03,1.55,314
4/3/2021 17:00,36618.71,23.89,9.1,1.79,4.33,6.04,92
4/3/2021 18:00,36618.76,21.11,9.5,0.89,3.89,10,5
4/3/2021 19:00,36618.8,17.78,8.7,1.79,4.33,10,0
4/3/2021 20:00,36618.84,16.11,8.4,2.68,4.47,10,0
4/3/2021 21:00,36618.88,16.11,8.3,3.58,5.32,10,0
4/3/2021 22:00,36618.92,13.33,7.6,2.24,3.93,10,0
4/3/2021 23:00,36618.97,16.67,6.8,4.02,0.65,10,0
4/4/2021 0:00,36619,9.44,6.4,3.13,4.26,10,0
4/4/2021 1:00,36619.04,8.33,5.8,1.34,4,10,0
4/4/2021 2:00,36619.08,7.22,5.5,1.79,4.03,10,0
4/4/2021 3:00,36619.13,6.67,5.4,0.89,3.65,10,0
4/4/2021 4:00,36619.17,6.67,5.3,1.34,3.44,10,0
4/4/2021 5:00,36619.21,6.11,5.2,0.89,2.39,10,6
4/4/2021 6:00,36619.25,6.67,5.7,1.79,3.37,1.03,122
4/4/2021 7:00,36619.29,9.44,6.4,1.34,2.34,0,324
4/4/2021 8:00,36619.34,11.67,6.9,0.45,4.71,0,528
4/4/2021 9:00,36619.38,13.33,7.1,1.79,2.91,0,683
4/4/2021 10:00,36619.42,15,7.9,2.68,3.21,0,799
4/4/2021 11:00,36619.46,17.78,8.4,1.34,1.87,0,827
4/4/2021 12:00,36619.5,20,9.2,1.79,0.7,0,856
4/4/2021 13:00,36619.55,20.56,9.5,1.79,4.03,0,799
4/4/2021 14:00,36619.59,22.78,9.2,1.79,4,0,694
4/4/2021 15:00,36619.63,22.22,9,4.92,5.34,0,503
4/4/2021 16:00,36619.67,21.67,9,1.79,3.82,2.38,311
4/4/2021 17:00,36619.71,21.67,8.9,2.68,4.36,6.25,93
4/4/2021 18:00,36619.76,19.44,9.6,1.34,4.5,10,9
4/4/2021 19:00,36619.8,17.78,9.6,1.34,4.42,10,0
4/4/2021 20:00,36619.84,17.22,9.6,1.79,0.16,10,0
4/4/2021 21:00,36619.88,17.22,9.6,2.68,1.61,10,0
4/4/2021 22:00,36619.92,15,9.3,1.79,4.4,10,0
4/4/2021 23:00,36619.97,10.56,8.7,2.24,4.19,10,0
4/5/2021 0:00,36620,14.44,8.5,2.24,1.13,10,0
4/5/2021 1:00,36620.04,12.22,8.2,1.34,3.93,10,0
4/5/2021 2:00,36620.08,12.78,7.7,0.45,5.92,10,0
4/5/2021 3:00,36620.13,9.44,7.3,0.89,3.58,10,0
4/5/2021 4:00,36620.17,9.44,7.1,1.34,4.1,10,0
4/5/2021 5:00,36620.21,7.78,6.7,1.34,4.21,10,7
4/5/2021 6:00,36620.25,6.67,6.7,1.79,3.58,2.43,122
4/5/2021 7:00,36620.29,7.78,7.3,2.24,4.01,0,328
4/5/2021 8:00,36620.34,10.56,7.4,0.45,3.82,0,529
4/5/2021 9:00,36620.38,13.33,7.7,2.68,4.38,0,693
4/5/2021 10:00,36620.42,16.11,7.7,3.58,4.07,0,804
4/5/2021 11:00,36620.46,18.33,8.3,4.47,4.57,0,862
4/5/2021 12:00,36620.5,19.44,8.6,3.13,4.12,0,863
4/5/2021 13:00,36620.55,21.11,8.6,2.24,4.17,0,802
4/5/2021 14:00,36620.59,21.67,7.6,2.24,4.22,0,697
4/5/2021 15:00,36620.63,22.22,6.7,1.79,4.54,0,534
4/5/2021 16:00,36620.67,21.67,6,1.79,4.69,0,329
4/5/2021 17:00,36620.71,20.56,6.4,2.68,4.96,0,129
4/5/2021 18:00,36620.76,18.89,6.4,1.34,4.75,10,9
4/5/2021 19:00,36620.8,16.67,6.1,2.24,4.94,10,0
4/5/2021 20:00,36620.84,16.11,6.6,1.79,5.04,10,0
4/5/2021 21:00,36620.88,15,6.6,2.24,4.56,10,0
4/5/2021 22:00,36620.92,14.44,6.4,1.79,5.86,10,0
4/5/2021 23:00,36620.97,15,6.9,1.79,5.62,10,0
4/6/2021 0:00,36621,12.78,7.1,0.89,3.53,10,0
4/6/2021 1:00,36621.04,10,7.1,1.34,3.6,10,0
4/6/2021 2:00,36621.08,7.78,6.9,1.79,3.65,10,0
4/6/2021 3:00,36621.13,7.22,6.4,2.24,3.98,10,0
4/6/2021 4:00,36621.17,9.44,6.1,0.89,1.8,10,0
4/6/2021 5:00,36621.21,7.78,6,0.45,3.87,10,9
4/6/2021 6:00,36621.25,7.78,7.1,1.34,3.6,0,140
4/6/2021 7:00,36621.29,8.89,8.1,0.89,3.16,0,344
4/6/2021 8:00,36621.34,11.11,8.9,0.89,3.6,0,547
4/6/2021 9:00,36621.38,15,9.2,1.34,3.46,0,711
4/6/2021 10:00,36621.42,16.11,9,0.89,3.67,0,823
4/6/2021 11:00,36621.46,18.89,8.8,0.45,0.14,0,879
4/6/2021 12:00,36621.5,21.67,8.9,0.89,3.58,0,878
4/6/2021 13:00,36621.55,22.78,7.9,0.89,3.23,0,816
4/6/2021 14:00,36621.59,23.33,7.9,1.79,4.96,0,697
4/6/2021 15:00,36621.63,23.33,7.7,1.34,5.78,0,514
4/6/2021 16:00,36621.67,23.33,6.7,1.79,5.46,0,335
4/6/2021 17:00,36621.71,23.89,5.7,1.34,3.8,2.07,129
4/6/2021 18:00,36621.76,22.22,4.7,1.79,4.22,10,10
4/6/2021 19:00,36621.8,20,5.1,2.24,5.45,10,0
4/6/2021 20:00,36621.84,18.33,6.1,1.34,5.5,10,0
4/6/2021 21:00,36621.88,18.33,6.2,2.24,0.82,10,0
4/6/2021 22:00,36621.92,16.11,6.7,2.24,0.65,10,0
4/6/2021 23:00,36621.97,13.89,6.6,0.45,5.9,10,0
4/7/2021 0:00,36622,14.44,6.8,4.47,1.05,10,0
4/7/2021 1:00,36622.04,14.44,7.5,4.02,0.99,10,0
4/7/2021 2:00,36622.08,15,7.7,3.58,1.01,10,0
4/7/2021 3:00,36622.13,14.44,7.1,0.89,3.35,10,0
4/7/2021 4:00,36622.17,13.33,6.7,0.45,4.71,10,0
4/7/2021 5:00,36622.21,13.33,6.6,3.58,0.8,10,10
4/7/2021 6:00,36622.25,14.44,8.2,0.45,2.71,0,139
4/7/2021 7:00,36622.29,13.33,9.7,0.89,3.93,0,344
4/7/2021 8:00,36622.34,15,9.9,1.34,3.84,0,544
4/7/2021 9:00,36622.38,18.33,9.9,0.89,5.55,0,698
4/7/2021 10:00,36622.42,21.11,10.3,1.34,3.35,0,792
4/7/2021 11:00,36622.46,21.11,10.3,2.68,4.03,0,873
4/7/2021 12:00,36622.5,23.33,10.2,2.68,5.11,0,868
4/7/2021 13:00,36622.55,24.44,9.5,3.58,4.43,0,786
4/7/2021 14:00,36622.59,25,8.6,2.68,4.45,4.22,580
4/7/2021 15:00,36622.63,26.11,7.1,3.58,4.28,5.61,407
4/7/2021 16:00,36622.67,25,3.3,3.13,4.36,5.89,259
4/7/2021 17:00,36622.71,24.44,-1.6,3.13,4.42,0,148
4/7/2021 18:00,36622.76,22.78,-0.9,2.24,4.5,10,13
4/7/2021 19:00,36622.8,20,2.5,6.26,5.08,10,0
4/7/2021 20:00,36622.84,18.89,2,2.68,5.86,10,0
4/7/2021 21:00,36622.88,18.89,3.5,0.45,1.15,10,0
4/7/2021 22:00,36622.92,16.67,4.7,0.89,4.03,10,0
4/7/2021 23:00,36622.97,15,4.7,3.58,1.12,10,0
4/8/2021 0:00,36623,12.22,4.6,0.89,3.56,10,0
4/8/2021 1:00,36623.04,9.44,4.4,1.79,3.87,10,0
4/8/2021 2:00,36623.08,11.11,2.7,0.45,1.52,10,0
4/8/2021 3:00,36623.13,11.67,2.2,0.89,1.01,10,0
4/8/2021 4:00,36623.17,8.33,2.9,1.34,3.6,10,0
4/8/2021 5:00,36623.21,9.44,3.7,0.45,0.51,10,12
4/8/2021 6:00,36623.25,7.22,4.6,0.45,3.4,0,150
4/8/2021 7:00,36623.29,7.22,5.3,1.79,3.7,0,364
4/8/2021 8:00,36623.34,10.56,5.7,2.24,4.1,0,568
4/8/2021 9:00,36623.38,14.44,5.8,0.45,3.65,0,815
4/8/2021 10:00,36623.42,16.11,5.4,2.68,4.26,0,857
4/8/2021 11:00,36623.46,18.89,5.5,2.24,4.4,0,908
4/8/2021 12:00,36623.5,21.11,5,1.79,4.36,0,904
4/8/2021 13:00,36623.55,22.78,5.1,1.79,4.92,0,839
4/8/2021 14:00,36623.59,22.22,3.7,2.24,5.43,0,724
4/8/2021 15:00,36623.63,23.33,2.9,1.79,4.57,0,558
4/8/2021 16:00,36623.67,24.44,3.4,3.58,4.36,0,344
4/8/2021 17:00,36623.71,22.78,3.2,2.24,4.92,2.89,133
4/8/2021 18:00,36623.76,21.11,3.7,4.02,4.43,10,12
4/8/2021 19:00,36623.8,18.89,4.3,2.24,4.64,10,0
4/8/2021 20:00,36623.84,18.33,4.8,0.89,4.64,10,0
4/8/2021 21:00,36623.88,17.22,5.3,2.24,4.52,10,0
4/8/2021 22:00,36623.92,16.11,5.2,2.68,0.66,10,0
4/8/2021 23:00,36623.97,12.22,5.6,1.79,3.93,10,0
4/9/2021 0:00,36624,13.33,5.2,1.34,1.19,10,0
4/9/2021 1:00,36624.04,12.22,5.4,2.68,1.27,10,0
4/9/2021 2:00,36624.08,12.22,5.6,1.79,1.1,10,0
4/9/2021 3:00,36624.13,11.67,5.3,3.58,1.13,10,0
4/9/2021 4:00,36624.17,11.67,5.1,2.68,0.86,10,0
4/9/2021 5:00,36624.21,11.11,4.7,3.13,0.87,10,14
4/9/2021 6:00,36624.25,11.11,5.9,3.13,0.99,1.37,141
4/9/2021 7:00,36624.29,12.78,7,1.79,1.33,8.3,188
4/9/2021 8:00,36624.34,15,6.7,0.89,3.68,6.91,357
4/9/2021 9:00,36624.38,16.11,6.3,1.79,3.23,1.87,647
4/9/2021 10:00,36624.42,17.22,6.2,1.79,5.45,0,794
4/9/2021 11:00,36624.46,20.56,6.5,1.34,3.6,0,893
4/9/2021 12:00,36624.5,22.78,6.2,0.89,3.51,0,886
4/9/2021 13:00,36624.55,23.33,5.2,1.79,5.29,0,829
4/9/2021 14:00,36624.59,23.33,4.1,2.24,5.72,0,720
4/9/2021 15:00,36624.63,24.44,4,1.79,4.69,0,556
4/9/2021 16:00,36624.67,25.56,2.9,2.68,4.05,0,351
4/9/2021 17:00,36624.71,24.44,2.4,2.24,4.31,1.27,143
4/9/2021 18:00,36624.76,22.78,2.6,2.24,4.78,10,13
4/9/2021 19:00,36624.8,21.11,3.4,3.13,4.9,10,0
4/9/2021 20:00,36624.84,19.44,4.5,1.79,5.76,10,0
4/9/2021 21:00,36624.88,18.33,6.5,1.34,5.11,10,0
4/9/2021 22:00,36624.92,12.78,5.5,2.24,4.31,10,0
4/9/2021 23:00,36624.97,15,3.8,1.79,1.05,10,0
4/10/2021 0:00,36625,11.11,3.5,0.89,3.7,10,0
4/10/2021 1:00,36625.04,8.89,3.6,1.34,3.44,10,0
4/10/2021 2:00,36625.08,7.78,4,1.34,4.14,10,0
4/10/2021 3:00,36625.13,7.78,4.2,1.34,2.64,10,0
4/10/2021 4:00,36625.17,6.67,3.8,1.79,4.01,10,0
4/10/2021 5:00,36625.21,5,3.6,1.79,3.93,10,14
4/10/2021 6:00,36625.25,6.67,4.2,1.34,3.39,0,155
4/10/2021 7:00,36625.29,7.22,5.1,0.45,4.59,0,374
4/10/2021 8:00,36625.34,9.44,5.6,1.79,3.72,0,575
4/10/2021 9:00,36625.38,13.33,5.9,2.24,4.68,0,724
4/10/2021 10:00,36625.42,16.67,6.4,2.24,3.16,0,819
4/10/2021 11:00,36625.46,18.33,6.9,0.45,0.87,0,905
4/10/2021 12:00,36625.5,19.44,7.1,1.34,0.33,0,902
4/10/2021 13:00,36625.55,21.11,6.7,1.79,5.69,0,841
4/10/2021 14:00,36625.59,23.33,6.1,0.89,4.36,0,723
4/10/2021 15:00,36625.63,24.44,6.5,2.68,4.28,0,553
4/10/2021 16:00,36625.67,23.89,6.7,0.89,4.9,0,348
4/10/2021 17:00,36625.71,23.89,6.8,2.68,4.1,3.28,138
4/10/2021 18:00,36625.76,22.22,8,1.79,5.1,10,11
4/10/2021 19:00,36625.8,20,8.3,1.34,4.43,10,0
4/10/2021 20:00,36625.84,20,8.9,0.89,4.69,10,0
4/10/2021 21:00,36625.88,18.33,9.6,0.45,2.32,10,0
4/10/2021 22:00,36625.92,16.67,9.5,1.79,0.77,10,0
4/10/2021 23:00,36625.97,12.78,9,2.68,5.29,10,0
4/11/2021 0:00,36626,15,8.7,3.13,0.79,10,0
4/11/2021 1:00,36626.04,13.89,8.8,3.58,0.73,10,0
4/11/2021 2:00,36626.08,13.33,8.2,2.24,1.34,10,0
4/11/2021 3:00,36626.13,12.78,7.5,2.24,1.31,10,0
4/11/2021 4:00,36626.17,12.78,7.4,2.24,1.06,10,0
4/11/2021 5:00,36626.21,12.22,7.4,2.24,1.12,10,15
4/11/2021 6:00,36626.25,12.78,8.6,2.24,0.72,0,164
4/11/2021 7:00,36626.29,14.44,8.2,2.24,1.2,0,373
4/11/2021 8:00,36626.34,16.11,8.5,0.89,3.47,0,560
4/11/2021 9:00,36626.38,18.33,8.9,1.34,5.46,0,672
4/11/2021 10:00,36626.42,21.11,8.3,0.89,3.3,0,839
4/11/2021 11:00,36626.46,21.67,7.1,1.34,3,1.89,802
4/11/2021 12:00,36626.5,23.89,6.8,0.89,1.12,0,932
4/11/2021 13:00,36626.55,23.89,7.9,1.34,4.78,0,772
4/11/2021 14:00,36626.59,25.56,8.1,1.79,3.93,2.13,650
4/11/2021 15:00,36626.63,24.44,8,1.79,5.04,4.05,470
4/11/2021 16:00,36626.67,25.56,6.8,2.68,4.28,0,361
4/11/2021 17:00,36626.71,25.56,5.7,2.68,4.14,1.51,150
4/11/2021 18:00,36626.76,23.33,6.2,2.68,4.24,10,12
4/11/2021 19:00,36626.8,21.11,6.5,1.34,4.8,10,0
4/11/2021 20:00,36626.84,20.56,6.8,0.89,5.45,10,0
4/11/2021 21:00,36626.88,20.56,8.4,0.89,5.04,10,0
4/11/2021 22:00,36626.92,18.33,9.1,2.24,1.1,10,0
4/11/2021 23:00,36626.97,16.11,8.1,1.79,0.82,10,0
4/12/2021 0:00,36627,15,8.4,1.34,5.04,10,0
4/12/2021 1:00,36627.04,15.56,8,3.58,0.75,10,0
4/12/2021 2:00,36627.08,14.44,7.3,3.58,1.08,10,0
4/12/2021 3:00,36627.13,14.44,7.2,3.13,0.79,10,0
4/12/2021 4:00,36627.17,13.89,7,3.13,1.1,10,0
4/12/2021 5:00,36627.21,13.89,7.2,2.68,1.06,10,18
4/12/2021 6:00,36627.25,13.33,8.6,3.58,0.72,0,178
4/12/2021 7:00,36627.29,15,9.3,2.68,0.79,0,374
4/12/2021 8:00,36627.34,18.89,9.1,0.45,3.07,0,573
4/12/2021 9:00,36627.38,20,8.7,0.89,5.53,0,736
4/12/2021 10:00,36627.42,22.22,7.6,1.34,4.07,0,846
4/12/2021 11:00,36627.46,23.33,5.7,0.89,3.94,0,900
4/12/2021 12:00,36627.5,25,4.7,2.24,3.84,0,898
4/12/2021 13:00,36627.55,26.11,3.4,2.24,3.89,0,836
4/12/2021 14:00,36627.59,27.22,2.8,2.68,4.1,0,738
4/12/2021 15:00,36627.63,26.67,2.2,3.13,5.29,6.46,386
4/12/2021 16:00,36627.67,26.11,2,2.68,4.14,7.67,218
4/12/2021 17:00,36627.71,25.56,2.7,2.68,4.49,7.44,100
4/12/2021 18:00,36627.76,23.89,3.7,1.79,4.54,10,17
4/12/2021 19:00,36627.8,22.22,5.8,1.79,4.56,10,0
4/12/2021 20:00,36627.84,21.11,6.7,1.79,5.45,10,0
4/12/2021 21:00,36627.88,20.56,7.2,1.34,6.06,10,0
4/12/2021 22:00,36627.92,18.33,7.4,3.13,0.72,10,0
4/12/2021 23:00,36627.97,16.67,7,3.58,0.77,10,0
4/13/2021 0:00,36628,16.11,7.1,2.68,1.12,10,0
4/13/2021 1:00,36628.04,16.11,7.1,4.02,0.84,10,0
4/13/2021 2:00,36628.08,15,6.4,3.13,1.26,10,0
4/13/2021 3:00,36628.13,13.33,6.3,3.13,1.05,10,0
4/13/2021 4:00,36628.17,13.33,6.5,3.13,0.98,10,0
4/13/2021 5:00,36628.21,13.33,6.5,3.58,0.8,10,18
4/13/2021 6:00,36628.25,13.33,7.7,3.58,0.84,0,160
4/13/2021 7:00,36628.29,17.78,8.3,0.89,2.79,0,372
4/13/2021 8:00,36628.34,17.22,7.8,0.45,4.45,0,575
4/13/2021 9:00,36628.38,20,7.9,0.89,3.44,0,734
4/13/2021 10:00,36628.42,22.22,7.3,0.89,2.48,0,848
4/13/2021 11:00,36628.46,22.78,4.3,2.24,4.43,0,910
4/13/2021 12:00,36628.5,23.89,1.5,4.02,5.36,0,915
4/13/2021 13:00,36628.55,23.33,4.4,3.13,4.4,0,853
4/13/2021 14:00,36628.59,23.89,3.4,2.24,4.28,0,731
4/13/2021 15:00,36628.63,22.78,3.7,5.81,5.43,0,550
4/13/2021 16:00,36628.67,23.33,4.7,4.92,4.54,2.34,344
4/13/2021 17:00,36628.71,21.67,3.7,7.15,5.22,4.37,140
4/13/2021 18:00,36628.76,20.56,5.2,2.68,4.45,10,14
4/13/2021 19:00,36628.8,17.22,4.7,2.68,4.61,10,0
4/13/2021 20:00,36628.84,15,4.9,5.36,5.13,10,0
4/13/2021 21:00,36628.88,13.89,5.4,3.58,5.55,10,0
4/13/2021 22:00,36628.92,11.67,5.4,2.24,4.47,10,0
4/13/2021 23:00,36628.97,17.22,4.9,1.34,4.71,10,0
4/14/2021 0:00,36629,9.44,4.6,1.79,4,10,0
4/14/2021 1:00,36629.04,9.44,4.5,0.45,4.35,10,0
4/14/2021 2:00,36629.08,7.78,4.7,1.79,4.47,10,0
4/14/2021 3:00,36629.13,8.33,4.5,3.58,5.38,10,0
4/14/2021 4:00,36629.17,8.89,4.1,2.24,5.6,10,0
4/14/2021 5:00,36629.21,8.33,4,2.68,5.72,10,16
4/14/2021 6:00,36629.25,8.89,5,1.34,5.67,2.74,154
4/14/2021 7:00,36629.29,10,5.2,0.89,3.26,0,369
4/14/2021 8:00,36629.34,11.11,5.3,1.34,3.82,0,573
4/14/2021 9:00,36629.38,12.78,5.6,1.34,3.98,0,737
4/14/2021 10:00,36629.42,14.44,4.8,1.34,3.96,0,850
4/14/2021 11:00,36629.46,16.11,4.6,1.34,4.97,0,906
4/14/2021 12:00,36629.5,18.89,3.9,1.34,4.43,0,904
4/14/2021 13:00,36629.55,18.89,3.3,1.79,4.54,0,839
4/14/2021 14:00,36629.59,20.56,2.7,1.79,4.66,0,723
4/14/2021 15:00,36629.63,20.56,1.6,2.24,4.43,0,560
4/14/2021 16:00,36629.67,19.44,2.6,3.13,4.64,1.88,352
4/14/2021 17:00,36629.71,19.44,3.5,4.47,5.48,4.3,144
4/14/2021 18:00,36629.76,17.78,3.3,2.68,5.59,10,15
4/14/2021 19:00,36629.8,16.67,4.1,2.68,5.67,10,0
4/14/2021 20:00,36629.84,15.56,4.7,2.68,0.44,10,0
4/14/2021 21:00,36629.88,15,4.9,2.24,0.4,10,0
4/14/2021 22:00,36629.92,13.89,4.8,2.68,0.79,10,0
4/14/2021 23:00,36629.97,10.56,4.6,1.34,3.4,10,0
4/15/2021 0:00,36630,12.22,5,2.24,0.84,10,0
4/15/2021 1:00,36630.04,11.67,4.9,3.13,0.89,10,0
4/15/2021 2:00,36630.08,11.11,4.8,3.58,0.96,10,0
4/15/2021 3:00,36630.13,10.56,4.6,3.13,1.05,10,0
4/15/2021 4:00,36630.17,11.11,4.9,4.02,0.75,10,0
4/15/2021 5:00,36630.21,10.56,4.5,4.47,0.86,10,24
4/15/2021 6:00,36630.25,10.56,6.5,2.24,1.33,0,184
4/15/2021 7:00,36630.29,12.22,5.3,1.79,0.79,0,386
4/15/2021 8:00,36630.34,14.44,4,1.79,0.68,0,588
4/15/2021 9:00,36630.38,17.22,3.2,1.79,4.15,0,750
4/15/2021 10:00,36630.42,18.89,4,0.89,2.93,0,858
4/15/2021 11:00,36630.46,20.56,4.4,1.79,4.33,0,912
4/15/2021 12:00,36630.5,21.11,4.4,0.89,3.68,0,908
4/15/2021 13:00,36630.55,23.33,2.8,2.68,3.77,0,851
4/15/2021 14:00,36630.59,22.78,1.7,3.13,4.29,0,738
4/15/2021 15:00,36630.63,22.78,1.1,4.92,5.34,0,572
4/15/2021 16:00,36630.67,24.44,-0.4,3.13,3.96,0,366
4/15/2021 17:00,36630.71,23.33,-0.6,2.68,4.26,3.09,157
4/15/2021 18:00,36630.76,22.22,0.9,1.79,4.28,10,18
4/15/2021 19:00,36630.8,19.44,1.5,1.79,4.68,10,0
4/15/2021 20:00,36630.84,18.89,1.9,3.13,5.55,10,0
4/15/2021 21:00,36630.88,18.33,2.7,0.89,1.13,10,0
4/15/2021 22:00,36630.92,15,4.1,1.79,4.17,10,0
4/15/2021 23:00,36630.97,12.78,3.8,3.13,0.82,10,0
4/16/2021 0:00,36631,13.89,3.9,2.68,1.17,10,0
4/16/2021 1:00,36631.04,13.33,3.8,1.34,1.29,10,0
4/16/2021 2:00,36631.08,12.78,3.6,1.79,1.15,10,0
4/16/2021 3:00,36631.13,12.22,3.8,1.79,1.1,10,0
4/16/2021 4:00,36631.17,11.67,4.1,2.24,0.82,10,0
4/16/2021 5:00,36631.21,11.11,4.1,1.79,0.75,10,22
4/16/2021 6:00,36631.25,10.56,4.6,0.45,2.58,0,173
4/16/2021 7:00,36631.29,13.33,4.7,1.34,0.87,0,386
4/16/2021 8:00,36631.34,14.44,4.6,0.89,3.74,0,586
4/16/2021 9:00,36631.38,17.22,4.7,0.89,3.79,0,746
4/16/2021 10:00,36631.42,20,5,0.89,3.37,0,853
4/16/2021 11:00,36631.46,20.56,4.1,2.68,4.22,0,907
4/16/2021 12:00,36631.5,21.67,3.1,2.68,4.94,0,904
4/16/2021 13:00,36631.55,22.78,3,2.68,5.65,0,842
4/16/2021 14:00,36631.59,23.89,3,2.68,4.75,0,727
4/16/2021 15:00,36631.63,24.44,2.6,3.13,5.67,0,568
4/16/2021 16:00,36631.67,24.44,2.6,4.02,5.24,1.18,364
4/16/2021 17:00,36631.71,24.44,3.3,4.92,5.31,3.92,154
4/16/2021 18:00,36631.76,23.33,3.6,2.24,4.52,10,17
4/16/2021 19:00,36631.8,21.11,4.4,1.79,4.66,10,0
4/16/2021 20:00,36631.84,20,5.1,1.34,4.78,10,0
4/16/2021 21:00,36631.88,20.56,5.9,1.79,5.62,10,0
4/16/2021 22:00,36631.92,19.44,5.8,0.89,4.61,10,0
4/16/2021 23:00,36631.97,15.56,5.5,0.89,0.17,10,0
4/17/2021 0:00,36632,13.33,6,1.34,3.68,10,0
4/17/2021 1:00,36632.04,14.44,5.8,0.45,2.48,10,0
4/17/2021 2:00,36632.08,13.89,6.6,2.24,1.2,10,0
4/17/2021 3:00,36632.13,13.33,6.5,0.89,1.62,10,0
4/17/2021 4:00,36632.17,12.78,6.3,1.79,1.24,10,0
4/17/2021 5:00,36632.21,12.22,6.4,3.58,0.8,10,24
4/17/2021 6:00,36632.25,12.22,7.3,3.13,1.34,3.4,160
4/17/2021 7:00,36632.29,12.22,6.7,1.34,3.4,0,386
4/17/2021 8:00,36632.34,15.56,6.5,0.89,3.82,0,586
4/17/2021 9:00,36632.38,20,6.9,2.24,3.42,0,745
4/17/2021 10:00,36632.42,21.11,6.8,1.79,3.23,0,853
4/17/2021 11:00,36632.46,22.22,6.9,3.13,3.35,0,906
4/17/2021 12:00,36632.5,22.78,7.3,1.79,4.24,0,900
4/17/2021 13:00,36632.55,24.44,6,1.79,3.23,0,843
4/17/2021 14:00,36632.59,25.56,6.4,1.79,3.93,0,727
4/17/2021 15:00,36632.63,25.56,5.6,2.24,4.73,0,562
4/17/2021 16:00,36632.67,26.11,3.6,2.68,4.94,1.79,363
4/17/2021 17:00,36632.71,26.11,3.9,2.24,5.15,4.06,156
4/17/2021 18:00,36632.76,25.56,4.8,1.79,4.19,10,19
4/17/2021 19:00,36632.8,23.33,5.4,1.34,4.03,10,0
4/17/2021 20:00,36632.84,21.67,7.5,0.89,0.49,10,0
4/17/2021 21:00,36632.88,19.44,7.4,1.79,0.86,10,0
4/17/2021 22:00,36632.92,18.33,7.2,4.92,0.87,10,0
4/17/2021 23:00,36632.97,15,7.1,2.68,4.12,10,0
4/18/2021 0:00,36633,16.11,7.2,3.58,0.86,10,0
4/18/2021 1:00,36633.04,15.56,6.7,3.13,0.52,10,0
4/18/2021 2:00,36633.08,16.32,6.7,3.07,0.87,10,0
4/18/2021 3:00,36633.13,17.08,6.2,3.02,1.21,10,1
4/18/2021 4:00,36633.17,17.85,5.8,2.96,1.56,10,1
4/18/2021 5:00,36633.21,18.61,5.7,2.91,1.9,10,33
4/18/2021 6:00,36633.25,19.38,8.1,2.85,2.25,0,195
4/18/2021 7:00,36633.29,20.14,6.6,2.79,2.59,0,411
4/18/2021 8:00,36633.34,20.9,6.1,2.74,2.94,0,607
4/18/2021 9:00,36633.38,21.67,6.9,2.68,3.28,0,770
4/18/2021 10:00,36633.42,24.44,6.3,1.79,1.99,0,879
4/18/2021 11:00,36633.46,26.11,4.3,2.24,4.33,0,932
4/18/2021 12:00,36633.5,27.78,2.3,3.58,4.05,0,926
4/18/2021 13:00,36633.55,28.89,-0.5,3.58,4.57,0,870
4/18/2021 14:00,36633.59,27.78,-2.1,5.36,5.22,0,753
4/18/2021 15:00,36633.63,29.44,-2.6,3.58,4.15,0,588
4/18/2021 16:00,36633.67,28.89,-2.7,4.47,5.1,0,380
4/18/2021 17:00,36633.71,28.33,-3.4,3.13,5.27,2.98,168
4/18/2021 18:00,36633.76,27.78,-1.1,3.58,5.13,10,22
4/18/2021 19:00,36633.8,25.56,0.8,1.79,4.68,10,0
4/18/2021 20:00,36633.84,23.89,3.4,0.89,0.66,10,0
4/18/2021 21:00,36633.88,21.11,4.5,1.34,0.73,10,0
4/18/2021 22:00,36633.92,20,2.5,3.58,0.91,10,0
4/18/2021 23:00,36633.97,17.78,2.4,4.02,0.84,10,0
4/19/2021 0:00,36634,17.78,3.9,2.68,0.89,10,0
4/19/2021 1:00,36634.04,16.67,5,1.79,1.64,10,0
4/19/2021 2:00,36634.08,15.56,5.1,4.02,0.89,10,0
4/19/2021 3:00,36634.13,15.56,4.9,3.13,0.93,10,1
4/19/2021 4:00,36634.17,15,4.7,3.58,0.99,10,0
4/19/2021 5:00,36634.21,15,4.3,3.58,0.86,10,31
4/19/2021 6:00,36634.25,16.11,6.5,3.13,0.66,0,183
4/19/2021 7:00,36634.29,17.22,4.3,3.58,0.91,0,407
4/19/2021 8:00,36634.34,21.11,4,1.79,0.61,0,607
4/19/2021 9:00,36634.38,26.11,3.4,0.89,1.99,0,761
4/19/2021 10:00,36634.42,26.11,3.3,1.79,3.09,0,869
4/19/2021 11:00,36634.46,28.33,2.8,0.89,3.51,0,920
4/19/2021 12:00,36634.5,28.33,2.9,1.79,4.66,0,915
4/19/2021 13:00,36634.55,28.89,2.1,0.89,3.72,0,858
4/19/2021 14:00,36634.59,30,2.8,2.68,5.36,0,740
4/19/2021 15:00,36634.63,30.56,3,3.58,4.52,0,575
4/19/2021 16:00,36634.67,30,3.2,2.68,4.4,1.19,374
4/19/2021 17:00,36634.71,29.44,2.8,5.81,5.29,3.89,164
4/19/2021 18:00,36634.76,27.78,3.7,3.13,4.52,10,21
4/19/2021 19:00,36634.8,25,4.9,1.79,4.69,10,0
4/19/2021 20:00,36634.84,23.33,6.2,2.24,5.13,10,0
4/19/2021 21:00,36634.88,23.33,8.5,0.89,4.03,10,0
4/19/2021 22:00,36634.92,18.89,9.1,2.24,3.87,10,0
4/19/2021 23:00,36634.97,17.78,8.5,3.13,0.93,10,0
4/20/2021 0:00,36635,16.67,7.4,0.89,4.31,10,0
4/20/2021 1:00,36635.04,16.11,6.9,2.24,1.13,10,0
4/20/2021 2:00,36635.08,15.56,6.9,3.13,0.94,10,0
4/20/2021 3:00,36635.13,14.44,6,0.89,2.67,10,0
4/20/2021 4:00,36635.17,13.33,5.5,1.34,4.36,10,0
4/20/2021 5:00,36635.21,13.89,5.3,0.89,0.21,10,31
4/20/2021 6:00,36635.25,13.89,6,0.89,3.44,0,196
4/20/2021 7:00,36635.29,15.56,5.8,0.89,3.47,0,410
4/20/2021 8:00,36635.34,16.67,6.3,0.89,3.56,0,614
4/20/2021 9:00,36635.38,20,6.3,1.79,3.68,0,701
4/20/2021 10:00,36635.42,22.78,5.2,1.79,3.32,0,859
4/20/2021 11:00,36635.46,25,3.9,1.34,3.89,0,864
4/20/2021 12:00,36635.5,25,2.8,1.79,5.5,5,710
4/20/2021 13:00,36635.55,25.56,3.1,0.45,4.69,0,855
4/20/2021 14:00,36635.59,27.22,3.7,2.24,4.21,0,742
4/20/2021 15:00,36635.63,27.22,3.9,1.34,4.33,0,577
4/20/2021 16:00,36635.67,26.67,4.1,2.68,4.47,1.53,375
4/20/2021 17:00,36635.71,26.11,5.3,3.13,4.49,4.31,163
4/20/2021 18:00,36635.76,22.78,4.9,4.47,4.66,10,20
4/20/2021 19:00,36635.8,16.67,6.2,7.6,5.1,10,0
4/20/2021 20:00,36635.84,14.44,6.5,6.71,5.17,10,0
4/20/2021 21:00,36635.88,12.22,6.5,3.13,4.63,10,0
4/20/2021 22:00,36635.92,10.56,6.6,2.68,4.17,10,0
4/20/2021 23:00,36635.97,18.89,6.7,1.34,6.06,10,0
4/21/2021 0:00,36636,9.44,6.5,1.34,4.01,10,0
4/21/2021 1:00,36636.04,8.89,6.7,0.89,3.79,10,0
4/21/2021 2:00,36636.08,9.44,7.3,0.89,5.43,10,0
4/21/2021 3:00,36636.13,10.56,7.2,1.34,0.42,10,0
4/21/2021 4:00,36636.17,9.44,7,0.89,3.33,10,0
4/21/2021 5:00,36636.21,8.89,7,0.89,3.49,10,11
4/21/2021 6:00,36636.25,10,7.5,0.45,1.99,6.23,140
4/21/2021 7:00,36636.29,11.67,7.9,1.79,3.14,0,383
4/21/2021 8:00,36636.34,13.33,7.6,1.34,3.75,0,565
4/21/2021 9:00,36636.38,16.11,7.5,1.34,3.74,1.44,691
4/21/2021 10:00,36636.42,17.22,7.6,1.79,3.54,0,852
4/21/2021 11:00,36636.46,19.44,7.7,1.34,3.74,0,896
4/21/2021 12:00,36636.5,20,8.4,1.79,4.22,0,884
4/21/2021 13:00,36636.55,21.67,7.8,0.89,2.55,0,836
4/21/2021 14:00,36636.59,21.67,7.7,1.79,4.5,0,716
4/21/2021 15:00,36636.63,22.22,7.6,1.79,5.79,0.89,556
4/21/2021 16:00,36636.67,23.33,7.5,0.45,2.09,2.9,363
4/21/2021 17:00,36636.71,22.78,7.9,0.89,2.48,5.1,157
4/21/2021 18:00,36636.76,21.67,8.6,2.68,3.93,10,20
4/21/2021 19:00,36636.8,20,8.5,0.89,3.84,10,0
4/21/2021 20:00,36636.84,18.89,10.7,0.89,1.41,10,0
4/21/2021 21:00,36636.88,17.78,9.5,1.34,4.97,10,0
4/21/2021 22:00,36636.92,17.78,8.3,1.34,5.52,10,0
4/21/2021 23:00,36636.97,10,8.8,0.89,5.03,10,0
4/22/2021 0:00,36637,15,9,0.89,1.1,10,0
4/22/2021 1:00,36637.04,14.44,8.6,0.45,0.61,10,0
4/22/2021 2:00,36637.08,13.33,8.6,1.79,1.43,10,1
4/22/2021 3:00,36637.13,13.89,8.4,3.58,1.31,10,0
4/22/2021 4:00,36637.17,13.33,8.2,0.89,1.71,10,0
4/22/2021 5:00,36637.21,13.33,8.5,2.68,0.94,10,29
4/22/2021 6:00,36637.25,12.78,8.8,0.89,2.08,2.51,183
4/22/2021 7:00,36637.29,15.56,9.3,2.68,0.79,0,392
4/22/2021 8:00,36637.34,17.78,9.2,1.34,3.68,0,589
4/22/2021 9:00,36637.38,18.89,9.2,0.89,3.68,0,733
4/22/2021 10:00,36637.42,22.78,9.1,0.45,1.92,0,863
4/22/2021 11:00,36637.46,23.33,8.8,0.89,4.24,0,871
4/22/2021 12:00,36637.5,23.89,8.2,3.58,4.07,0,903
4/22/2021 13:00,36637.55,25.56,8.7,2.68,3.8,0,840
4/22/2021 14:00,36637.59,25,8.9,1.79,4.35,0,730
4/22/2021 15:00,36637.63,26.11,7.9,3.13,4.33,0,573
4/22/2021 16:00,36637.67,26.11,7.1,5.81,4.49,2.91,366
4/22/2021 17:00,36637.71,25.56,7,3.13,4.61,4.13,171
4/22/2021 18:00,36637.76,23.89,7.9,2.24,4.14,10,24
4/22/2021 19:00,36637.8,21.67,9.6,1.79,4.33,10,0
4/22/2021 20:00,36637.84,18.33,9.6,3.58,4.54,10,0
4/22/2021 21:00,36637.88,15.56,8.9,1.34,4.78,10,0
4/22/2021 22:00,36637.92,12.78,8.6,0.45,0.8,10,0
4/22/2021 23:00,36637.97,16.11,8.4,1.34,1.08,10,0
4/23/2021 0:00,36638,11.11,7.9,1.79,4.1,10,0
4/23/2021 1:00,36638.04,9.44,7.5,1.79,3.96,10,0
4/23/2021 2:00,36638.08,8.89,7.1,1.34,4.14,10,0
4/23/2021 3:00,36638.13,8.33,7,2.24,4.36,10,1
4/23/2021 4:00,36638.17,7.78,6.9,0.89,3.61,10,1
4/23/2021 5:00,36638.21,9.44,6.8,0.89,1.29,10,34
4/23/2021 6:00,36638.25,9.44,7.1,1.12,2.45,2.39,187
4/23/2021 7:00,36638.29,9.44,7.3,1.34,3.61,0,397
4/23/2021 8:00,36638.34,16.11,7.9,0.89,3.47,0,598
4/23/2021 9:00,36638.38,15.56,8.3,0.89,1.8,0,754
4/23/2021 10:00,36638.42,20.56,9,0.89,3.26,0,860
4/23/2021 11:00,36638.46,20.56,8.8,1.79,2.55,0,912
4/23/2021 12:00,36638.5,22.78,9,2.24,3.65,0,908
4/23/2021 13:00,36638.55,25,9.1,1.79,3.33,0,846
4/23/2021 14:00,36638.59,25.56,8.2,1.34,4.99,0,734
4/23/2021 15:00,36638.63,25,7.4,0.89,3.53,0,572
4/23/2021 16:00,36638.67,25.56,7.5,2.24,3.93,2.62,373
4/23/2021 17:00,36638.71,25.56,8.3,2.24,4.38,4.76,167
4/23/2021 18:00,36638.76,23.33,8.4,1.79,4.54,10,14
4/23/2021 19:00,36638.8,20.56,8.5,2.24,4.52,10,0
4/23/2021 20:00,36638.84,20,9.2,2.68,5.06,10,0
4/23/2021 21:00,36638.88,16.67,8.9,2.24,4.07,10,0
4/23/2021 22:00,36638.92,13.89,8.6,3.13,4.35,10,0
4/23/2021 23:00,36638.97,12.22,8.5,1.79,4.05,10,0
4/24/2021 0:00,36639,11.11,8,2.24,4.15,10,0
4/24/2021 1:00,36639.04,10.56,6.9,3.13,4.42,10,0
4/24/2021 2:00,36639.08,12.22,6.7,3.13,0.84,10,1
4/24/2021 3:00,36639.13,11.11,6.2,2.24,4.96,10,1
4/24/2021 4:00,36639.17,11.11,5.9,2.68,1.2,10,0
4/24/2021 5:00,36639.21,10,6.5,0.89,3.65,10,43
4/24/2021 6:00,36639.25,10,6.4,0.45,3.96,4.64,170
4/24/2021 7:00,36639.29,14.44,6.2,0.45,4.69,5.58,313
4/24/2021 8:00,36639.34,15,5.9,0.45,2.32,5.18,468
4/24/2021 9:00,36639.38,16.11,4.6,1.34,3.96,5.04,592
4/24/2021 10:00,36639.42,17.22,3.5,0.89,4.42,3.21,754
4/24/2021 11:00,36639.46,18.89,2.9,2.24,0.7,0,905
4/24/2021 12:00,36639.5,21.67,3.2,1.34,5.67,0,902
4/24/2021 13:00,36639.55,22.22,3.6,2.68,4.19,0,852
4/24/2021 14:00,36639.59,23.33,3.8,0.89,4.89,0,744
4/24/2021 15:00,36639.63,22.78,3.9,1.79,4.43,4.02,508
4/24/2021 16:00,36639.67,23.33,3.9,3.58,4.36,3.51,362
4/24/2021 17:00,36639.71,21.67,4,2.68,4.49,9.63,79
4/24/2021 18:00,36639.76,20,3,3.58,4.47,10,9
4/24/2021 19:00,36639.8,19.44,-2.3,4.92,5.25,10,0
4/24/2021 20:00,36639.84,17.78,1.9,2.24,4.78,10,0
4/24/2021 21:00,36639.88,16.11,5,2.24,4.12,10,0
4/24/2021 22:00,36639.92,15,5.1,2.24,4.19,10,0
4/24/2021 23:00,36639.97,12.22,5.7,1.79,4.71,10,0
4/25/2021 0:00,36640,13.89,6.7,3.58,4.43,10,0
4/25/2021 1:00,36640.04,13.33,7.3,2.68,5.13,10,0
4/25/2021 2:00,36640.08,12.78,7.4,1.34,4.19,10,0
4/25/2021 3:00,36640.13,12.22,7.4,1.79,4.35,10,1
4/25/2021 4:00,36640.17,12.78,7.4,1.79,4.33,10,1
4/25/2021 5:00,36640.21,12.22,7.7,0.89,4.08,10,13
4/25/2021 6:00,36640.25,12.22,8.2,2.24,3.89,10,60
4/25/2021 7:00,36640.29,12.22,8.5,0.89,4.42,10,130
4/25/2021 8:00,36640.34,12.78,8.2,2.24,4.17,8.23,319
4/25/2021 9:00,36640.38,15,8.2,0.45,3.93,5.63,565
4/25/2021 10:00,36640.42,16.67,8.1,0.45,1.45,7.67,501
4/25/2021 11:00,36640.46,16.67,7.5,0.45,4.19,8.48,458
4/25/2021 12:00,36640.5,16.67,7.3,2.24,3.23,10,207
4/25/2021 13:00,36640.55,15,9.6,2.68,3.25,10,92
4/25/2021 14:00,36640.59,17.22,10.5,1.34,3.65,10,153
4/25/2021 15:00,36640.63,17.22,9.9,1.34,2.6,10,81
4/25/2021 16:00,36640.67,12.22,10.9,4.02,5.31,10,35
4/25/2021 17:00,36640.71,11.67,11.3,4.02,5.38,10,38
4/25/2021 18:00,36640.76,12.22,10.5,4.47,0.73,0,5
4/25/2021 19:00,36640.8,11.67,10.6,3.58,0.96,10,1
4/25/2021 20:00,36640.84,11.67,10.8,1.79,1.5,10,1
4/25/2021 21:00,36640.88,11.11,10.6,0.45,5.48,10,1
4/25/2021 22:00,36640.92,11.11,10,0.45,5.32,10,1
4/25/2021 23:00,36640.97,14.44,9.9,2.68,4.28,10,0
4/26/2021 0:00,36641,10,9.4,1.34,4.15,10,1
4/26/2021 1:00,36641.04,10,9.3,1.79,4.08,10,1
4/26/2021 2:00,36641.08,10,8.7,0.45,3.51,10,0
4/26/2021 3:00,36641.13,10,8.6,0.89,4.61,10,0
4/26/2021 4:00,36641.17,9.44,8.3,0.89,4.14,10,0
4/26/2021 5:00,36641.21,8.89,7.8,1.79,4.17,0,30
4/26/2021 6:00,36641.25,8.89,6.6,1.34,4.82,0,231
4/26/2021 7:00,36641.29,9.44,6.1,2.24,4.07,3.6,365
4/26/2021 8:00,36641.34,10.56,6.3,1.79,3.79,0,648
4/26/2021 9:00,36641.38,12.22,6.7,4.47,4.5,0,788
4/26/2021 10:00,36641.42,13.89,6.7,4.47,5.15,0,890
4/26/2021 11:00,36641.46,15.56,6.1,4.92,5.1,0,938
4/26/2021 12:00,36641.5,16.67,4.8,2.68,4.97,0,938
4/26/2021 13:00,36641.55,17.22,1.9,2.24,3.93,0,881
4/26/2021 14:00,36641.59,17.78,2.7,1.79,3.77,0,747
4/26/2021 15:00,36641.63,20,1.5,1.34,3.56,0,598
4/26/2021 16:00,36641.67,19.44,1.3,1.34,4.49,1.47,394
4/26/2021 17:00,36641.71,18.89,0.6,3.13,4.33,5.52,165
4/26/2021 18:00,36641.76,16.67,0,3.13,4.73,0,14
4/26/2021 19:00,36641.8,15.56,0.2,4.02,5.08,10,0
4/26/2021 20:00,36641.84,15,1.3,4.47,5.13,10,0
4/26/2021 21:00,36641.88,13.33,2.1,2.24,4.38,10,0
4/26/2021 22:00,36641.92,11.67,3.2,3.13,4.61,10,1
4/26/2021 23:00,36641.97,11.11,4.7,0.89,4.17,10,0
4/27/2021 0:00,36642,9.44,4.8,0.89,3.58,10,0
4/27/2021 1:00,36642.04,7.78,4.7,2.24,4.35,10,0
4/27/2021 2:00,36642.08,7.78,4.5,0.89,4.52,10,0
4/27/2021 3:00,36642.13,7.78,4.2,0.89,2.06,10,0
4/27/2021 4:00,36642.17,7.22,4,1.34,3.33,10,0
4/27/2021 5:00,36642.21,7.22,4.4,0.89,2.44,0,45
4/27/2021 6:00,36642.25,8.33,5.5,1.79,1.66,0,223
4/27/2021 7:00,36642.29,8.33,6.1,0.89,3.3,0,436
4/27/2021 8:00,36642.34,12.22,6.5,0.89,2.88,0,630
4/27/2021 9:00,36642.38,13.89,6.7,0.89,3.3,0,782
4/27/2021 10:00,36642.42,15,7,1.34,3.21,0,884
4/27/2021 11:00,36642.46,18.33,6.8,1.34,3.25,0,935
4/27/2021 12:00,36642.5,18.33,6.8,0.89,1.68,0,928
4/27/2021 13:00,36642.55,20,5.9,1.34,3.49,0,861
4/27/2021 14:00,36642.59,21.67,5.4,1.34,0.93,0,743
4/27/2021 15:00,36642.63,21.67,4.6,0.89,1.92,0,597
4/27/2021 16:00,36642.67,21.67,3.7,2.24,1.15,4.27,355
4/27/2021 17:00,36642.71,20.56,4.2,1.79,0.49,8.27,116
4/27/2021 18:00,36642.76,18.33,4.7,1.79,3.33,0,24
4/27/2021 19:00,36642.8,17.78,6.6,2.24,0.51,10,0
4/27/2021 20:00,36642.84,17.22,7.1,3.13,1.71,10,0
4/27/2021 21:00,36642.88,16.67,6.9,2.24,1.26,10,0
4/27/2021 22:00,36642.92,15.56,6.1,2.68,1.01,10,0
4/27/2021 23:00,36642.97,10,5.8,1.79,4.26,10,0
4/28/2021 0:00,36643,12.78,5.8,4.02,1.5,10,0
4/28/2021 1:00,36643.04,13.89,5.5,4.02,0.86,10,0
4/28/2021 2:00,36643.08,12.22,5.4,3.13,0.94,10,0
4/28/2021 3:00,36643.13,12.78,5.3,3.58,0.84,10,0
4/28/2021 4:00,36643.17,11.67,5.3,4.47,0.82,10,0
4/28/2021 5:00,36643.21,11.67,5.3,5.81,0.86,0,52
4/28/2021 6:00,36643.25,12.22,6.5,4.47,1.06,0,234
4/28/2021 7:00,36643.29,15,5.2,3.58,0.86,0,449
4/28/2021 8:00,36643.34,17.78,5.7,2.24,0.24,0,643
4/28/2021 9:00,36643.38,20.56,5.7,1.34,3.7,0,794
4/28/2021 10:00,36643.42,21.67,5.6,0.45,4.01,0,891
4/28/2021 11:00,36643.46,22.78,5,0.89,2.83,0,945
4/28/2021 12:00,36643.5,24.44,4.2,2.24,3.86,0,940
4/28/2021 13:00,36643.55,25.56,3.1,1.79,4.31,0,882
4/28/2021 14:00,36643.59,26.67,4,1.34,4.26,0,763
4/28/2021 15:00,36643.63,26.67,3.4,3.58,4.22,0,601
4/28/2021 16:00,36643.67,27.22,2.4,1.79,3.67,1.8,397
4/28/2021 17:00,36643.71,27.22,2.2,2.24,3.33,4.01,190
4/28/2021 18:00,36643.76,25.56,2.9,2.68,3.7,0,34
4/28/2021 19:00,36643.8,23.33,3.8,1.34,3.87,10,0
4/28/2021 20:00,36643.84,22.78,4.3,1.79,4.21,10,0
4/28/2021 21:00,36643.88,21.67,5.9,0.89,4.29,10,0
4/28/2021 22:00,36643.92,19.44,6.4,2.68,1.01,10,0
4/28/2021 23:00,36643.97,15,7.9,3.58,0.86,10,0
4/29/2021 0:00,36644,17.78,7.4,1.34,1.38,10,0
4/29/2021 1:00,36644.04,16.67,7.2,3.13,0.73,10,1
4/29/2021 2:00,36644.08,16.39,7.3,3.35,0.87,10,0
4/29/2021 3:00,36644.13,16.11,6.5,3.58,1.01,10,0
4/29/2021 4:00,36644.17,15.56,5.9,3.58,0.96,10,1
4/29/2021 5:00,36644.21,15,6.8,4.92,0.77,0,55
4/29/2021 6:00,36644.25,16.67,8.4,3.58,0.84,2.38,206
4/29/2021 7:00,36644.29,17.78,6.7,3.58,0.77,0,538
4/29/2021 8:00,36644.34,22.78,8.1,0.89,2.93,0,642
4/29/2021 9:00,36644.38,25.56,6.9,0.45,1.62,0,783
4/29/2021 10:00,36644.42,26.11,6.6,1.34,3.21,0,867
4/29/2021 11:00,36644.46,28.33,5.5,1.34,3.77,0,884
4/29/2021 12:00,36644.5,30,5.5,1.79,0.68,0,919
4/29/2021 13:00,36644.55,30.56,6.1,0.45,5.24,0,869
4/29/2021 14:00,36644.59,31.11,6.1,2.24,4.59,0,741
4/29/2021 15:00,36644.63,32.78,6.6,2.24,4.24,0,595
4/29/2021 16:00,36644.67,31.67,7.5,1.34,4.42,2.25,395
4/29/2021 17:00,36644.71,32.22,8.7,2.68,4.01,4.25,190
4/29/2021 18:00,36644.76,30,8.5,2.24,4.31,0,30
4/29/2021 19:00,36644.8,27.22,9.5,2.68,4.96,10,0
4/29/2021 20:00,36644.84,25.56,9.3,1.79,6.16,10,0
4/29/2021 21:00,36644.88,26.67,8.7,1.34,5.78,10,0
4/29/2021 22:00,36644.92,23.33,9.4,1.79,0.58,10,0
4/29/2021 23:00,36644.97,17.78,10.1,2.68,1.24,10,0
4/30/2021 0:00,36645,21.11,10.2,2.68,0.89,10,0
4/30/2021 1:00,36645.04,20,9.7,3.58,0.96,10,1
4/30/2021 2:00,36645.08,19.44,9.6,4.02,0.86,10,0
4/30/2021 3:00,36645.13,18.89,9.4,2.68,0.84,10,0
4/30/2021 4:00,36645.17,18.33,9,2.68,1.06,10,0
4/30/2021 5:00,36645.21,17.78,8.8,3.13,0.79,0,43
4/30/2021 6:00,36645.25,18.33,9.7,2.24,0.96,0,230
4/30/2021 7:00,36645.29,20.56,7.7,2.68,1.4,0,435
4/30/2021 8:00,36645.34,23.33,7.6,1.79,3.7,0,637
4/30/2021 9:00,36645.38,26.11,9.1,0.89,4.33,0,747
4/30/2021 10:00,36645.42,28.33,10,0.89,5.74,0,885
4/30/2021 11:00,36645.46,29.44,9.3,2.24,0.61,0,935
4/30/2021 12:00,36645.5,31.67,9.2,0.89,4.47,0,925
4/30/2021 13:00,36645.55,33.89,9.1,0.89,4.08,0,856
4/30/2021 14:00,36645.59,34.44,8.2,1.79,4.36,2.82,687
4/30/2021 15:00,36645.63,35,7.2,3.13,4.21,2.81,554
4/30/2021 16:00,36645.67,33.33,7.4,4.47,3.98,6.09,312
4/30/2021 17:00,36645.71,32.22,6.9,4.47,4.61,6.94,150
4/30/2021 18:00,36645.76,30.56,6,2.68,4.89,0,22
4/30/2021 19:00,36645.8,27.78,6.2,1.79,4.07,10,0
4/30/2021 20:00,36645.84,28.33,6.8,0.89,5.72,10,0
4/30/2021 21:00,36645.88,27.78,7.9,1.34,5.72,10,0
4/30/2021 22:00,36645.92,22.22,7.8,1.79,4.19,10,0
4/30/2021 23:00,36645.97,21.67,7.7,3.13,0.89,10,0
5/1/2021 0:00,36646,17.22,6,1.79,4.17,10,0
5/1/2021 1:00,36646.04,16.67,5.4,0.89,3.75,10,0
5/1/2021 2:00,36646.08,15,5.2,1.34,3.87,10,0
5/1/2021 3:00,36646.13,14.44,5.7,0.89,3.6,10,0
5/1/2021 4:00,36646.17,13.89,5.7,1.79,4.14,10,2
5/1/2021 5:00,36646.21,12.78,5.8,1.79,4.01,0,24
5/1/2021 6:00,36646.25,12.78,6.6,0.89,5.53,8.02,128
5/1/2021 7:00,36646.29,13.89,7.5,1.79,3.67,0,435
5/1/2021 8:00,36646.34,17.22,6.9,1.34,3.72,0,645
5/1/2021 9:00,36646.38,21.11,6.1,2.24,5.2,0,805
5/1/2021 10:00,36646.42,24.44,6.6,3.13,4.68,0,912
5/1/2021 11:00,36646.46,25.56,7.9,3.58,4.28,0,959
5/1/2021 12:00,36646.5,25.56,8.7,3.13,4.14,0,949
5/1/2021 13:00,36646.55,27.78,9.1,3.58,4.17,0,876
5/1/2021 14:00,36646.59,29.44,7.4,3.58,3.65,0,760
5/1/2021 15:00,36646.63,28.89,7.6,4.47,4.47,0,600
5/1/2021 16:00,36646.67,29.44,8.6,2.68,4.76,2.28,400
5/1/2021 17:00,36646.71,27.78,9.4,3.58,4.56,4.75,189
5/1/2021 18:00,36646.76,26.11,9.5,4.47,4.52,0,34
5/1/2021 19:00,36646.8,23.89,7.8,2.68,4.82,10,0
5/1/2021 20:00,36646.84,20.56,6.3,3.58,4.47,10,0
5/1/2021 21:00,36646.88,18.33,5.5,3.13,4.43,10,0
5/1/2021 22:00,36646.92,15.56,6.5,2.24,4.17,10,0
5/1/2021 23:00,36646.97,18.33,7.2,2.68,4.22,10,1
5/2/2021 0:00,36647,12.22,7.5,3.58,4.26,10,0
5/2/2021 1:00,36647.04,11.11,7.8,2.68,4.42,10,0
5/2/2021 2:00,36647.08,10.56,7.8,1.79,3.94,10,0
5/2/2021 3:00,36647.13,10,7.9,0.89,3.87,10,0
5/2/2021 4:00,36647.17,8.89,7.8,2.24,4.07,10,0
5/2/2021 5:00,36647.21,7.78,7.8,1.79,3.68,0,52
5/2/2021 6:00,36647.25,10.56,8.1,1.79,1.62,0,231
5/2/2021 7:00,36647.29,12.22,8.6,1.79,3.12,0,439
5/2/2021 8:00,36647.34,14.44,9.2,1.34,3.61,0,630
5/2/2021 9:00,36647.38,17.22,9.9,1.79,3.84,0,779
5/2/2021 10:00,36647.42,21.11,11,3.13,0.94,0,878
5/2/2021 11:00,36647.46,21.11,11.4,1.79,0.24,0,928
5/2/2021 12:00,36647.5,23.89,11.2,4.47,5.17,0,925
5/2/2021 13:00,36647.55,25.56,9.7,5.36,5.11,0,868
5/2/2021 14:00,36647.59,27.22,8.5,3.13,4.57,0,753
5/2/2021 15:00,36647.63,26.11,7.2,8.05,5.22,0,595
5/2/2021 16:00,36647.67,28.33,6.1,3.58,4.49,3.02,392
5/2/2021 17:00,36647.71,27.22,5,3.58,4.83,5,188
5/2/2021 18:00,36647.76,26.11,4.2,4.92,4.26,0,34
5/2/2021 19:00,36647.8,24.44,3.4,2.68,4.57,10,0
5/2/2021 20:00,36647.84,22.22,3.3,1.79,4.45,10,0
5/2/2021 21:00,36647.88,20.56,5,2.68,4.43,10,0
5/2/2021 22:00,36647.92,19.44,5.4,0.89,5.2,10,0
5/2/2021 23:00,36647.97,13.33,5.3,2.68,4.29,10,0
5/3/2021 0:00,36648,17.22,5.9,1.34,3.84,10,0
5/3/2021 1:00,36648.04,16.11,5.9,1.34,4.1,10,0
5/3/2021 2:00,36648.08,15.56,6.3,2.24,1.26,10,0
5/3/2021 3:00,36648.13,15,6.5,2.68,1.19,10,0
5/3/2021 4:00,36648.17,15,6.8,2.68,1.06,10,0
5/3/2021 5:00,36648.21,14.44,7.6,0.89,2.43,0,57
5/3/2021 6:00,36648.25,15,8.3,3.13,1.24,0,237
5/3/2021 7:00,36648.29,18.89,7.8,0.89,1.97,0,448
5/3/2021 8:00,36648.34,20.56,7.8,0.45,3.02,0,639
5/3/2021 9:00,36648.38,21.67,8.5,1.34,3.25,0,788
5/3/2021 10:00,36648.42,23.89,8.6,3.58,3.32,0,890
5/3/2021 11:00,36648.46,24.44,9.2,0.89,3.05,0,938
5/3/2021 12:00,36648.5,26.11,9.1,0.89,0.07,0,930
5/3/2021 13:00,36648.55,26.67,9.2,1.79,4.63,0,871
5/3/2021 14:00,36648.59,27.78,8,1.34,5.38,0,760
5/3/2021 15:00,36648.63,28.89,8.6,0.89,3.87,0,594
5/3/2021 16:00,36648.67,30,6.4,2.24,3.84,2.73,399
5/3/2021 17:00,36648.71,28.33,4.9,3.58,4.35,4.89,192
5/3/2021 18:00,36648.76,27.22,4.6,1.79,4.14,0,35
5/3/2021 19:00,36648.8,25.56,4.3,0.89,3.54,10,0
5/3/2021 20:00,36648.84,23.33,5.1,0.45,1.62,10,0
5/3/2021 21:00,36648.88,23.89,6.9,0.89,0.3,10,0
5/3/2021 22:00,36648.92,21.67,8.2,1.79,0.61,10,1
5/3/2021 23:00,36648.97,18.33,8.3,0.89,4.21,10,0
5/4/2021 0:00,36649,19.44,8.5,3.58,0.98,10,0
5/4/2021 1:00,36649.04,19.44,8.8,2.68,1.24,10,0
5/4/2021 2:00,36649.08,18.89,8.8,2.68,0.8,10,0
5/4/2021 3:00,36649.13,17.78,7.7,3.13,1.06,10,0
5/4/2021 4:00,36649.17,17.78,7.5,3.58,0.96,10,1
5/4/2021 5:00,36649.21,17.78,8.4,3.58,0.84,0,57
5/4/2021 6:00,36649.25,18.33,9.7,1.79,1.47,0,234
5/4/2021 7:00,36649.29,20,8.4,0.89,4.19,0,443
5/4/2021 8:00,36649.34,23.89,8.7,0.89,6.27,0,629
5/4/2021 9:00,36649.38,26.67,8.5,1.34,3.98,0,778
5/4/2021 10:00,36649.42,27.22,8,0.89,1.5,0,878
5/4/2021 11:00,36649.46,29.44,8.2,0.45,2.55,0,924
5/4/2021 12:00,36649.5,28.89,9,0.45,3.84,0,923
5/4/2021 13:00,36649.55,31.11,8.9,1.79,3.89,0,865
5/4/2021 14:00,36649.59,32.22,8.7,1.79,3.6,0,754
5/4/2021 15:00,36649.63,33.89,7.7,0.89,0.52,0,602
5/4/2021 16:00,36649.67,32.22,8.1,2.68,3.93,2.41,406
5/4/2021 17:00,36649.71,32.22,7.1,2.68,4.35,4.42,201
5/4/2021 18:00,36649.76,30,6.1,1.79,4.17,0,41
5/4/2021 19:00,36649.8,28.33,6.5,2.24,4.66,10,0
5/4/2021 20:00,36649.84,26.67,7.9,0.89,5.11,10,0
5/4/2021 21:00,36649.88,26.67,8.6,0.45,4.82,10,0
5/4/2021 22:00,36649.92,23.89,8.6,2.24,0.91,10,0
5/4/2021 23:00,36649.97,20.56,9.4,4.02,0.89,10,0
5/5/2021 0:00,36650,21.67,9.6,2.68,0.82,10,0
5/5/2021 1:00,36650.04,21.11,10.3,3.58,0.86,10,0
5/5/2021 2:00,36650.08,20.56,10.2,4.02,1.12,10,0
5/5/2021 3:00,36650.13,21.11,10.7,2.24,0.38,10,0
5/5/2021 4:00,36650.17,20,10.6,2.68,1.19,10,1
5/5/2021 5:00,36650.21,19.44,10.2,4.02,0.54,0,59
5/5/2021 6:00,36650.25,20.56,10.8,3.58,0.91,0,240
5/5/2021 7:00,36650.29,22.78,9.7,2.68,0.51,0,449
5/5/2021 8:00,36650.34,25.56,9.9,1.34,4.99,0,635
5/5/2021 9:00,36650.38,29.44,10.6,0.45,1.88,0,783
5/5/2021 10:00,36650.42,30,11.6,3.58,3.37,0,881
5/5/2021 11:00,36650.46,32.22,11,1.79,2.62,0,926
5/5/2021 12:00,36650.5,32.22,10,1.34,2.74,0,922
5/5/2021 13:00,36650.55,34.44,9.7,1.34,4.22,0,858
5/5/2021 14:00,36650.59,34.44,10.5,0.45,5.99,0,744
5/5/2021 15:00,36650.63,35,10.7,1.79,5.93,1.25,590
5/5/2021 16:00,36650.67,34.44,9.7,2.24,5.41,2.92,401
5/5/2021 17:00,36650.71,36.11,9.8,0.45,4.54,5.27,191
5/5/2021 18:00,36650.76,33.33,10.7,1.79,4.24,0,37
5/5/2021 19:00,36650.8,30,10.8,1.79,4.61,10,0
5/5/2021 20:00,36650.84,28.33,10.2,4.02,5.18,10,0
5/5/2021 21:00,36650.88,26.67,8,3.13,5.22,10,0
5/5/2021 22:00,36650.92,26.11,7.2,1.34,4.22,10,0
5/5/2021 23:00,36650.97,22.22,7.1,2.68,0.77,10,0
5/6/2021 0:00,36651,22.22,7.9,2.24,1.22,10,0
5/6/2021 1:00,36651.04,21.67,8.6,3.58,1.12,10,0
5/6/2021 2:00,36651.08,21.11,8.8,2.68,1.34,10,1
5/6/2021 3:00,36651.13,18.89,8.8,2.24,3.79,10,1
5/6/2021 4:00,36651.17,20,8.5,0.89,0.7,10,1
5/6/2021 5:00,36651.21,18.89,7.7,1.79,1.52,0,58
5/6/2021 6:00,36651.25,17.78,7,1.34,3.77,1.3,232
5/6/2021 7:00,36651.29,19.44,7.1,1.34,3.96,0,437
5/6/2021 8:00,36651.34,23.33,7.3,1.34,3.79,0,627
5/6/2021 9:00,36651.38,25,6.3,2.24,4.29,0,771
5/6/2021 10:00,36651.42,27.22,6.2,2.68,4.28,0,878
5/6/2021 11:00,36651.46,28.89,6.9,4.02,4.07,0,926
5/6/2021 12:00,36651.5,28.89,7,3.13,4.43,0,919
5/6/2021 13:00,36651.55,31.11,4.3,3.13,4.28,0,849
5/6/2021 14:00,36651.59,30.56,5.4,3.13,4.73,0.61,736
5/6/2021 15:00,36651.63,32.22,5.7,4.02,4.47,1.28,592
5/6/2021 16:00,36651.67,31.67,5.1,4.47,4.54,3.29,397
5/6/2021 17:00,36651.71,30,5.9,4.92,4.68,5.29,193
5/6/2021 18:00,36651.76,28.33,5.5,5.81,5.25,0,40
5/6/2021 19:00,36651.8,25.56,5.6,3.13,4.64,10,0
5/6/2021 20:00,36651.84,23.33,7.4,1.79,4.43,10,0
5/6/2021 21:00,36651.88,21.11,6.2,2.68,4.22,10,0
5/6/2021 22:00,36651.92,19.44,6.8,2.68,4.21,10,1
5/6/2021 23:00,36651.97,22.22,7,1.79,3.84,10,0
5/7/2021 0:00,36652,17.78,8.2,1.79,4.24,10,0
5/7/2021 1:00,36652.04,15.56,8.9,2.24,4.19,10,0
5/7/2021 2:00,36652.08,13.33,8.9,3.13,4.26,10,0
5/7/2021 3:00,36652.13,12.78,8.8,1.79,3.74,10,0
5/7/2021 4:00,36652.17,11.67,8.6,1.79,4.24,10,1
5/7/2021 5:00,36652.21,10.56,8.2,1.79,3.93,0,64
5/7/2021 6:00,36652.25,11.67,8.3,0.89,3.28,0,246
5/7/2021 7:00,36652.29,14.44,8.9,0.45,1.59,0,454
5/7/2021 8:00,36652.34,16.67,8.6,1.34,3.61,0,645
5/7/2021 9:00,36652.38,19.44,6.6,1.34,4.22,0,798
5/7/2021 10:00,36652.42,22.22,6.5,3.13,5.6,0,900
5/7/2021 11:00,36652.46,22.78,5.6,3.13,4.38,0,953
5/7/2021 12:00,36652.5,24.44,3.8,2.68,3.49,0,954
5/7/2021 13:00,36652.55,26.11,3.5,3.58,4.35,0,894
5/7/2021 14:00,36652.59,26.67,2.2,4.92,4.33,0,781
5/7/2021 15:00,36652.63,26.67,4.9,7.15,5.24,0,612
5/7/2021 16:00,36652.67,26.67,3.2,3.58,4.47,1.53,423
5/7/2021 17:00,36652.71,26.67,4.3,4.02,4.26,4.06,213
5/7/2021 18:00,36652.76,24.44,4.8,3.58,4.42,0,45
5/7/2021 19:00,36652.8,22.22,6.4,2.68,4.52,10,1
5/7/2021 20:00,36652.84,21.11,6.7,1.79,4.61,10,0
5/7/2021 21:00,36652.88,20,6.9,1.34,4.4,10,0
5/7/2021 22:00,36652.92,18.33,8,2.24,4.38,10,0
5/7/2021 23:00,36652.97,17.78,8.2,1.34,4.43,10,0
5/8/2021 0:00,36653,14.44,8,2.24,4.07,10,0
5/8/2021 1:00,36653.04,15.56,7.9,1.34,1.8,10,0
5/8/2021 2:00,36653.08,14.44,7.5,1.34,1.88,10,0
5/8/2021 3:00,36653.13,14.44,7.4,1.34,1.52,10,0
5/8/2021 4:00,36653.17,13.89,7.4,1.79,1.54,10,1
5/8/2021 5:00,36653.21,12.22,7.9,1.79,3.51,0,67
5/8/2021 6:00,36653.25,16.11,8.5,0.89,2.43,0,249
5/8/2021 7:00,36653.29,14.44,8.2,0.89,3.74,0,456
5/8/2021 8:00,36653.34,17.78,8.1,0.89,3.75,0,645
5/8/2021 9:00,36653.38,20,8.3,1.34,3.75,0,795
5/8/2021 10:00,36653.42,22.22,7.9,0.89,3.56,0,896
5/8/2021 11:00,36653.46,22.78,7.6,1.79,3.86,0,947
5/8/2021 12:00,36653.5,25,7.6,1.79,4.49,0,939
5/8/2021 13:00,36653.55,26.11,7.5,1.34,4.8,0,876
5/8/2021 14:00,36653.59,28.33,7.1,2.24,4.07,0,764
5/8/2021 15:00,36653.63,28.89,7.4,1.79,4.68,0.43,602
5/8/2021 16:00,36653.67,28.89,5.7,1.34,2.48,2.79,410
5/8/2021 17:00,36653.71,28.33,3.9,2.24,4.08,5.25,198
5/8/2021 18:00,36653.76,25.56,3.6,3.13,4.28,4.57,38
5/8/2021 19:00,36653.8,24.44,3.2,1.79,4.28,10,0
5/8/2021 20:00,36653.84,23.33,3.5,0.89,1.19,10,0
5/8/2021 21:00,36653.88,22.78,5.7,0.45,2.13,10,0
5/8/2021 22:00,36653.92,21.11,5.1,0.89,0.14,10,0
5/8/2021 23:00,36653.97,17.22,5.9,2.68,4.54,10,0
5/9/2021 0:00,36654,18.89,6.9,3.58,1.24,10,0
5/9/2021 1:00,36654.04,18.33,7.3,1.79,1.54,10,0
5/9/2021 2:00,36654.08,17.22,7.6,3.13,0.89,10,0
5/9/2021 3:00,36654.13,16.67,7.3,3.58,1.2,10,0
5/9/2021 4:00,36654.17,15.56,7.3,0.89,3.72,10,1
5/9/2021 5:00,36654.21,16.11,7.7,1.34,0.84,0,61
5/9/2021 6:00,36654.25,17.22,8.6,0.89,0.77,1.53,239
5/9/2021 7:00,36654.29,18.89,8.2,2.24,0.45,0,444
5/9/2021 8:00,36654.34,22.22,7,0.89,2.3,0,637
5/9/2021 9:00,36654.38,23.33,6.1,3.13,3.28,0,783
5/9/2021 10:00,36654.42,25.56,6.9,3.13,3.28,0,879
5/9/2021 11:00,36654.46,26.67,7.7,2.24,3.19,0,930
5/9/2021 12:00,36654.5,27.78,7.3,2.24,3.28,0,903
5/9/2021 13:00,36654.55,27.78,7.7,1.34,5.04,0,847
5/9/2021 14:00,36654.59,30,6.5,1.79,3.86,0,754
5/9/2021 15:00,36654.63,29.44,4.2,3.13,4.15,0,606
5/9/2021 16:00,36654.67,30.56,3.6,2.68,4.56,2.61,415
5/9/2021 17:00,36654.71,28.89,4.7,3.13,4.42,4.76,208
5/9/2021 18:00,36654.76,27.78,4.9,3.58,4.63,1.71,46
5/9/2021 19:00,36654.8,25.56,5,1.79,4.57,10,0
5/9/2021 20:00,36654.84,23.33,5,1.79,4.17,10,0
5/9/2021 21:00,36654.88,23.33,5.8,0.45,5.06,10,0
5/9/2021 22:00,36654.92,22.78,6.2,1.34,3.98,10,0
5/9/2021 23:00,36654.97,20,5.6,2.68,0.94,10,0
5/10/2021 0:00,36655,18.89,6,2.24,1.19,10,0
5/10/2021 1:00,36655.04,17.78,6.4,2.68,0.99,10,0
5/10/2021 2:00,36655.08,17.78,6.8,2.68,0.58,10,0
5/10/2021 3:00,36655.13,16.67,6.7,3.58,0.87,10,0
5/10/2021 4:00,36655.17,16.67,6.9,2.68,1.01,10,1
5/10/2021 5:00,36655.21,16.11,7.3,0.45,2.32,0,70
5/10/2021 6:00,36655.25,18.33,8.5,0.89,1.83,0,253
5/10/2021 7:00,36655.29,17.22,8.7,0.89,3.68,0,460
5/10/2021 8:00,36655.34,21.11,9.2,1.34,3.58,0,645
5/10/2021 9:00,36655.38,23.33,8.2,1.79,3.86,0,791
5/10/2021 10:00,36655.42,26.11,8.6,0.89,2.41,0,891
5/10/2021 11:00,36655.46,28.33,8.8,1.34,3.68,0,940
5/10/2021 12:00,36655.5,27.78,9.6,2.24,4.17,0,932
5/10/2021 13:00,36655.55,29.44,9,2.68,4,0,874
5/10/2021 14:00,36655.59,30.56,8.3,3.58,4.28,0,764
5/10/2021 15:00,36655.63,30.56,7.6,3.13,4.47,0,607
5/10/2021 16:00,36655.67,32.22,7.5,2.24,4.14,3,411
5/10/2021 17:00,36655.71,31.11,6.4,4.92,4.19,4.96,207
5/10/2021 18:00,36655.76,28.89,6.3,3.58,4.21,3.4,46
5/10/2021 19:00,36655.8,27.22,5.6,3.58,4.57,10,0
5/10/2021 20:00,36655.84,26.67,6.2,2.24,4.9,10,0
5/10/2021 21:00,36655.88,25.56,7.5,0.89,0,10,0
5/10/2021 22:00,36655.92,25,3.7,0.89,4.97,10,0
5/10/2021 23:00,36655.97,19.44,4.6,1.34,3.86,10,0
5/11/2021 0:00,36656,21.11,6.4,1.79,0.93,10,0
5/11/2021 1:00,36656.04,20,6.2,2.68,0.96,10,0
5/11/2021 2:00,36656.08,19.44,7,3.13,0.94,10,0
5/11/2021 3:00,36656.13,18.33,7.4,2.68,1.06,10,0
5/11/2021 4:00,36656.17,18.33,8,2.68,0.99,10,1
5/11/2021 5:00,36656.21,18.89,9.1,3.58,1.33,0,72
5/11/2021 6:00,36656.25,19.44,9.6,3.13,0.89,0,256
5/11/2021 7:00,36656.29,22.78,9,0.89,0.56,0,464
5/11/2021 8:00,36656.34,24.44,8.4,0.89,5.06,0,651
5/11/2021 9:00,36656.38,27.78,8.1,2.24,1.76,0,797
5/11/2021 10:00,36656.42,28.33,6.2,1.34,3.42,0,899
5/11/2021 11:00,36656.46,29.44,6.8,0.45,3.46,0,947
5/11/2021 12:00,36656.5,31.11,5.2,1.79,4.56,0,945
5/11/2021 13:00,36656.55,31.11,6.2,0.89,3.35,0,884
5/11/2021 14:00,36656.59,33.33,4.8,3.58,4.03,0,778
5/11/2021 15:00,36656.63,34.44,2,3.13,4.49,0,624
5/11/2021 16:00,36656.67,33.33,-0.2,2.68,4.5,1.43,433
5/11/2021 17:00,36656.71,33.33,1.8,1.79,4.52,4.16,221
5/11/2021 18:00,36656.76,32.22,1.9,2.68,5.15,2.13,51
5/11/2021 19:00,36656.8,30,2.4,4.47,5.17,10,0
5/11/2021 20:00,36656.84,27.22,3.7,1.79,0.86,10,0
5/11/2021 21:00,36656.88,26.67,4.7,0.89,3.65,10,0
5/11/2021 22:00,36656.92,25,5.7,0.89,0.28,10,0
5/11/2021 23:00,36656.97,22.22,6.8,0.89,1.55,10,0
5/12/2021 0:00,36657,21.11,7.8,2.24,0.94,10,0
5/12/2021 1:00,36657.04,21.11,8.8,2.68,1.13,10,0
5/12/2021 2:00,36657.08,20.56,8.3,4.02,0.89,10,0
5/12/2021 3:00,36657.13,20.56,8.6,3.13,0.75,10,0
5/12/2021 4:00,36657.17,20.56,8.6,2.24,0.66,10,1
5/12/2021 5:00,36657.21,20,9.2,2.24,0.84,0,78
5/12/2021 6:00,36657.25,21.11,9.3,1.34,1.4,0,267
5/12/2021 7:00,36657.29,23.33,6.8,1.79,0.66,0,476
5/12/2021 8:00,36657.34,27.22,6.3,1.34,5.34,0,662
5/12/2021 9:00,36657.38,28.89,7,2.24,3.53,0,799
5/12/2021 10:00,36657.42,31.11,7.8,1.79,1.99,0,903
5/12/2021 11:00,36657.46,32.22,7.7,3.13,4.08,0,944
5/12/2021 12:00,36657.5,33.89,4.9,2.68,4.57,0,936
5/12/2021 13:00,36657.55,33.89,5.6,2.24,5.17,0,877
5/12/2021 14:00,36657.59,35.56,4.7,2.24,4.31,0,773
5/12/2021 15:00,36657.63,36.11,3.5,3.13,4.15,0,622
5/12/2021 16:00,36657.67,35.56,4.4,1.79,3.58,2.21,427
5/12/2021 17:00,36657.71,35,4.8,4.47,4.17,4.72,215
5/12/2021 18:00,36657.76,32.78,4.7,2.68,4.43,4.19,49
5/12/2021 19:00,36657.8,30,4.5,1.79,4.61,10,0
5/12/2021 20:00,36657.84,28.89,4.5,2.68,5.13,10,0
5/12/2021 21:00,36657.88,28.33,5.4,1.34,5.52,10,0
5/12/2021 22:00,36657.92,26.11,6.9,0.89,4.5,10,0
5/12/2021 23:00,36657.97,22.78,6.7,2.24,0.8,10,0
5/13/2021 0:00,36658,22.22,6.9,0.45,1.52,10,0
5/13/2021 1:00,36658.04,21.67,6.9,0.89,1.66,10,0
5/13/2021 2:00,36658.08,21.11,6.8,1.34,1.03,10,0
5/13/2021 3:00,36658.13,20.56,7.2,1.79,0.35,10,0
5/13/2021 4:00,36658.17,20,7.2,3.13,0.75,10,1
5/13/2021 5:00,36658.21,20,8.3,2.24,0.84,0,78
5/13/2021 6:00,36658.25,22.22,8.2,0.89,1.34,0,265
5/13/2021 7:00,36658.29,22.78,7.9,0.89,3.74,0,472
5/13/2021 8:00,36658.34,24.44,8.2,1.79,3.8,0,656
5/13/2021 9:00,36658.38,27.22,9.4,2.68,3.3,0,791
5/13/2021 10:00,36658.42,28.89,9.4,1.79,3.28,0,906
5/13/2021 11:00,36658.46,30.56,9,0.89,2.16,0,945
5/13/2021 12:00,36658.5,31.11,8.1,1.79,4.12,0,928
5/13/2021 13:00,36658.55,33.33,8.4,2.24,3.65,0,870
5/13/2021 14:00,36658.59,34.44,7.5,1.34,3.35,0,755
5/13/2021 15:00,36658.63,35,6.8,2.24,4.5,1.3,606
5/13/2021 16:00,36658.67,35,5.9,4.47,5.34,2.83,420
5/13/2021 17:00,36658.71,33.33,4.4,3.13,4.9,4.91,214
5/13/2021 18:00,36658.76,32.22,5.2,3.13,4.76,2.3,56
5/13/2021 19:00,36658.8,28.89,5.8,1.79,4.68,10,1
5/13/2021 20:00,36658.84,27.22,7.7,2.24,4.59,10,0
5/13/2021 21:00,36658.88,26.67,9.7,1.79,4.64,10,0
5/13/2021 22:00,36658.92,21.67,9.6,2.68,4.36,10,0
5/13/2021 23:00,36658.97,24.44,9.5,1.79,0.68,10,0
5/14/2021 0:00,36659,20.56,9.8,0.89,1.75,10,0
5/14/2021 1:00,36659.04,20,9.6,1.79,1.03,10,0
5/14/2021 2:00,36659.08,18.89,9.6,2.68,0.96,10,0
5/14/2021 3:00,36659.13,18.89,9.6,3.13,1.1,10,0
5/14/2021 4:00,36659.17,18.33,9.3,3.58,0.72,10,2
5/14/2021 5:00,36659.21,19.44,9.8,1.79,1.43,0,77
5/14/2021 6:00,36659.25,20.56,9.8,1.34,0.8,0,265
5/14/2021 7:00,36659.29,19.44,7.7,1.34,4.01,0,474
5/14/2021 8:00,36659.34,22.78,8.3,3.58,3.32,0,655
5/14/2021 9:00,36659.38,25,8.7,0.89,5.15,0,800
5/14/2021 10:00,36659.42,27.78,9.3,0.89,1.62,0,895
5/14/2021 11:00,36659.46,28.89,8.7,1.79,3.33,0,940
5/14/2021 12:00,36659.5,31.11,9,1.34,4.33,0,936
5/14/2021 13:00,36659.55,31.67,9.1,1.79,3.32,0,875
5/14/2021 14:00,36659.59,32.78,7.8,2.68,4.36,1.46,742
5/14/2021 15:00,36659.63,32.78,6.7,1.34,3.44,1.28,608
5/14/2021 16:00,36659.67,33.33,6.3,3.13,4.1,1.97,434
5/14/2021 17:00,36659.71,32.78,7.4,3.13,4.45,4.47,223
5/14/2021 18:00,36659.76,30,8.5,3.13,4.29,4.94,51
5/14/2021 19:00,36659.8,27.78,10,2.24,4.52,10,1
5/14/2021 20:00,36659.84,22.78,9.6,2.24,4.38,10,0
5/14/2021 21:00,36659.88,20.56,8.9,3.58,4.24,10,0
5/14/2021 22:00,36659.92,17.78,7.9,2.68,4.19,10,0
5/14/2021 23:00,36659.97,21.67,7.5,0.45,4.31,10,0
5/15/2021 0:00,36660,14.44,7.6,1.79,4.63,10,0
5/15/2021 1:00,36660.04,13.33,7.5,2.68,4.1,10,0
5/15/2021 2:00,36660.08,13.33,7.3,1.79,5.03,10,0
5/15/2021 3:00,36660.13,11.67,7.3,2.24,4.15,10,0
5/15/2021 4:00,36660.17,10.56,7.3,3.13,4.49,10,1
5/15/2021 5:00,36660.21,10,7.4,1.34,4.31,0,82
5/15/2021 6:00,36660.25,10.56,7.8,2.68,4.29,0,271
5/15/2021 7:00,36660.29,12.78,8.1,2.68,4.28,0,479
5/15/2021 8:00,36660.34,15,8.5,2.68,4.47,0,663
5/15/2021 9:00,36660.38,16.67,8.7,0.89,4.28,0,808
5/15/2021 10:00,36660.42,18.89,9.1,3.58,4,0,903
5/15/2021 11:00,36660.46,21.11,8.8,3.58,4.26,0,947
5/15/2021 12:00,36660.5,23.33,8.2,2.68,4.28,0,937
5/15/2021 13:00,36660.55,23.33,7.9,2.24,4.01,0,876
5/15/2021 14:00,36660.59,25,6.9,1.79,3.8,0,769
5/15/2021 15:00,36660.63,25,7.6,2.68,4.49,1.35,609
5/15/2021 16:00,36660.67,25,8,3.13,4.33,3.33,415
5/15/2021 17:00,36660.71,24.44,8.6,2.24,4.29,5.09,215
5/15/2021 18:00,36660.76,23.33,8.3,2.24,4.47,5.67,50
5/15/2021 19:00,36660.8,21.11,9.5,1.79,4.38,10,1
5/15/2021 20:00,36660.84,18.33,9.3,2.68,4.43,10,0
5/15/2021 21:00,36660.88,15.56,8.8,2.24,4.14,10,0
5/15/2021 22:00,36660.92,13.89,8.6,3.58,4.49,10,0
5/15/2021 23:00,36660.97,16.11,8.6,2.68,4.1,10,0
5/16/2021 0:00,36661,12.22,8.7,1.79,4.63,10,0
5/16/2021 1:00,36661.04,11.67,8.6,1.79,4.05,10,0
5/16/2021 2:00,36661.08,12.78,8.4,1.34,1.54,10,0
5/16/2021 3:00,36661.13,12.22,8.2,1.34,3.14,10,0
5/16/2021 4:00,36661.17,12.22,8.2,1.34,3.33,10,1
5/16/2021 5:00,36661.21,12.22,8.3,1.79,1.52,8.09,37
5/16/2021 6:00,36661.25,11.67,8.8,1.34,4.57,2.52,249
5/16/2021 7:00,36661.29,13.89,9.4,3.13,1.52,0,450
5/16/2021 8:00,36661.34,18.33,9.8,0.89,1.88,0,632
5/16/2021 9:00,36661.38,18.33,10.2,1.34,3.46,0,780
5/16/2021 10:00,36661.42,18.89,10.4,2.24,4.29,0,877
5/16/2021 11:00,36661.46,21.11,10.7,1.79,4.61,0,923
5/16/2021 12:00,36661.5,23.33,10.3,1.34,3.53,0,909
5/16/2021 13:00,36661.55,23.89,10.5,1.79,4.17,1.02,846
5/16/2021 14:00,36661.59,26.11,10.5,3.58,5.46,2.45,726
5/16/2021 15:00,36661.63,25,10.1,1.79,3.74,0,680
5/16/2021 16:00,36661.67,23.89,9.4,0.89,0.42,4.27,396
5/16/2021 17:00,36661.71,25,10,1.34,0.99,4.78,222
5/16/2021 18:00,36661.76,24.44,10.1,0.89,1.19,4.52,57
5/16/2021 19:00,36661.8,22.78,10,1.34,4.33,10,1
5/16/2021 20:00,36661.84,22.22,10.7,4.47,5.1,10,0
5/16/2021 21:00,36661.88,21.67,10,2.24,5.62,10,0
5/16/2021 22:00,36661.92,21.11,10.3,0.89,0.02,10,0
5/16/2021 23:00,36661.97,13.33,10.1,0.89,3.68,10,0
5/17/2021 0:00,36662,18.89,9.6,1.34,0.24,10,0
5/17/2021 1:00,36662.04,18.89,9.6,1.79,1.38,10,0
5/17/2021 2:00,36662.08,14.44,9.5,0.89,4.56,10,0
5/17/2021 3:00,36662.13,14.44,9.3,0.45,4.35,10,0
5/17/2021 4:00,36662.17,14.44,9.3,1.34,1.61,10,2
5/17/2021 5:00,36662.21,13.33,9.8,0.89,3.82,0,78
5/17/2021 6:00,36662.25,13.33,10.2,1.79,4.15,2.76,249
5/17/2021 7:00,36662.29,17.22,10.7,1.34,5.03,0.37,450
5/17/2021 8:00,36662.34,19.44,11,1.79,3.33,0,634
5/17/2021 9:00,36662.38,22.22,11.5,1.34,3.39,0,778
5/17/2021 10:00,36662.42,23.33,12,2.24,3.39,0,877
5/17/2021 11:00,36662.46,25,12,2.68,4.12,0,922
5/17/2021 12:00,36662.5,25.56,11.7,0.89,1.41,0,913
5/17/2021 13:00,36662.55,27.78,12.4,2.68,3.6,0,854
5/17/2021 14:00,36662.59,27.78,12,2.68,3.91,1.28,749
5/17/2021 15:00,36662.63,27.78,11.3,2.24,4.36,2.94,585
5/17/2021 16:00,36662.67,28.33,10.1,3.13,4.43,4.57,390
5/17/2021 17:00,36662.71,27.78,8.9,3.58,4.26,7.21,174
5/17/2021 18:00,36662.76,26.11,8.7,2.68,4.28,0,69
5/17/2021 19:00,36662.8,23.89,9.2,4.02,4.54,10,1
5/17/2021 20:00,36662.84,22.78,10.6,5.36,5.13,10,0
5/17/2021 21:00,36662.88,21.11,10.3,1.79,4.21,10,0
5/17/2021 22:00,36662.92,18.33,9.4,2.24,4.15,10,0
5/17/2021 23:00,36662.97,17.78,9.1,1.79,4.69,10,0
5/18/2021 0:00,36663,15,8.6,1.79,4.22,10,0
5/18/2021 1:00,36663.04,13.89,8.4,1.79,4.15,10,0
5/18/2021 2:00,36663.08,14.44,8.3,0.89,5.06,10,0
5/18/2021 3:00,36663.13,13.89,8.2,1.34,3.65,10,0
5/18/2021 4:00,36663.17,12.22,8.1,0.89,5.27,10,2
5/18/2021 5:00,36663.21,13.89,8.3,0.89,0.72,0,81
5/18/2021 6:00,36663.25,13.33,8.9,1.34,3.42,0,266
5/18/2021 7:00,36663.29,16.11,9.6,1.34,3.8,0,469
5/18/2021 8:00,36663.34,18.89,9.8,1.79,3.11,0,651
5/18/2021 9:00,36663.38,21.11,8.7,2.24,3.86,0,798
5/18/2021 10:00,36663.42,22.78,8.8,0.45,3.7,0,894
5/18/2021 11:00,36663.46,25,8.8,0.45,3.98,0,943
5/18/2021 12:00,36663.5,26.67,9.4,1.79,4.66,0,938
5/18/2021 13:00,36663.55,27.22,9.5,1.79,4.38,0,879
5/18/2021 14:00,36663.59,28.89,10,4.02,4.14,0,771
5/18/2021 15:00,36663.63,30,9.5,3.13,4.68,0.59,620
5/18/2021 16:00,36663.67,30.56,7,3.13,4.59,2.54,434
5/18/2021 17:00,36663.71,29.44,4,3.13,4.29,4.45,231
5/18/2021 18:00,36663.76,28.89,5.4,3.58,4.66,4.32,62
5/18/2021 19:00,36663.8,26.11,7.4,4.47,4.69,10,2
5/18/2021 20:00,36663.84,23.33,6.6,2.68,4.5,10,0
5/18/2021 21:00,36663.88,22.22,1.2,0.89,4.49,10,0
5/18/2021 22:00,36663.92,18.89,0.4,3.13,4.47,10,0
5/18/2021 23:00,36663.97,16.11,0.8,2.68,3.96,10,0
5/19/2021 0:00,36664,15,1,3.13,4.61,10,0
5/19/2021 1:00,36664.04,13.89,1.1,1.79,3.96,10,0
5/19/2021 2:00,36664.08,12.78,0,2.68,4.45,10,0
5/19/2021 3:00,36664.13,12.78,0,1.79,4.94,10,0
5/19/2021 4:00,36664.17,13.33,0.4,1.79,5.27,10,2
5/19/2021 5:00,36664.21,12.22,1,2.68,4.36,6.49,52
5/19/2021 6:00,36664.25,12.22,1.9,1.34,4.38,0,282
5/19/2021 7:00,36664.29,14.44,1.8,1.79,4.17,0,485
5/19/2021 8:00,36664.34,16.67,0.8,0.45,1.2,0,668
5/19/2021 9:00,36664.38,20,0.3,1.34,4.5,0,812
5/19/2021 10:00,36664.42,22.22,0.6,3.58,4.14,0,909
5/19/2021 11:00,36664.46,23.89,0.9,4.02,4.17,0,952
5/19/2021 12:00,36664.5,25,-0.1,2.68,4.69,0,941
5/19/2021 13:00,36664.55,25.56,-0.9,0.89,3.84,0,881
5/19/2021 14:00,36664.59,26.67,0.4,1.34,4.82,0,771
5/19/2021 15:00,36664.63,26.11,1.2,6.26,5.36,1.4,615
5/19/2021 16:00,36664.67,26.11,2.5,2.24,4.26,3.12,426
5/19/2021 17:00,36664.71,26.11,2.5,3.13,5.03,5.1,222
5/19/2021 18:00,36664.76,24.44,4.7,4.47,4.52,6.64,52
5/19/2021 19:00,36664.8,20,3.8,3.13,4.35,10,1
5/19/2021 20:00,36664.84,18.33,3.1,5.36,4.56,10,0
5/19/2021 21:00,36664.88,15.56,2,3.13,4.73,10,0
5/19/2021 22:00,36664.92,13.89,1.1,2.68,4.5,10,0
5/19/2021 23:00,36664.97,17.22,0.9,3.58,4.69,10,0
5/20/2021 0:00,36665,11.11,1.6,1.79,4.15,10,0
5/20/2021 1:00,36665.04,10,2,2.68,4.21,10,0
5/20/2021 2:00,36665.08,8.89,2,3.13,4.42,10,0
5/20/2021 3:00,36665.13,7.78,2.2,4.47,4.47,10,0
5/20/2021 4:00,36665.17,6.67,2.5,3.58,4.47,10,2
5/20/2021 5:00,36665.21,7.22,2.9,1.79,4.5,0,93
5/20/2021 6:00,36665.25,8.33,2.9,1.79,4.28,0,285
5/20/2021 7:00,36665.29,11.67,2.2,4.02,5.29,0,488
5/20/2021 8:00,36665.34,12.78,2.7,4.02,4.52,0,672
5/20/2021 9:00,36665.38,15,2.7,4.02,4.64,0,819
5/20/2021 10:00,36665.42,16.67,2.3,4.47,4.38,0,919
5/20/2021 11:00,36665.46,18.33,0.4,5.81,4.22,0,970
5/20/2021 12:00,36665.5,18.89,-1.1,7.6,4.94,0,963
5/20/2021 13:00,36665.55,19.44,-2.2,5.36,4.52,0,898
5/20/2021 14:00,36665.59,20.56,-3.4,8.05,5.06,0,790
5/20/2021 15:00,36665.63,19.44,-3.7,11.62,5.08,0,634
5/20/2021 16:00,36665.67,19.44,-5.1,10.73,5.1,1.7,448
5/20/2021 17:00,36665.71,20,-7.6,8.94,4.99,4.61,232
5/20/2021 18:00,36665.76,18.89,-7.2,8.49,5.45,9.07,35
5/20/2021 19:00,36665.8,17.78,-6.2,4.02,4.63,10,1
5/20/2021 20:00,36665.84,16.67,-1.7,4.92,4.87,10,0
5/20/2021 21:00,36665.88,15,0.4,8.49,5.13,10,0
5/20/2021 22:00,36665.92,14.44,0.6,7.15,4.99,10,0
5/20/2021 23:00,36665.97,12.22,0.9,2.24,4.54,10,0
5/21/2021 0:00,36666,11.67,1.8,3.13,4.54,10,0
5/21/2021 1:00,36666.04,11.11,2.4,3.13,5.06,10,0
5/21/2021 2:00,36666.08,10,2.1,2.24,4.24,10,0
5/21/2021 3:00,36666.13,8.89,1.9,2.24,4.56,10,0
5/21/2021 4:00,36666.17,8.33,2.1,1.34,4.22,10,2
5/21/2021 5:00,36666.21,7.78,2.9,1.79,4.17,0,84
5/21/2021 6:00,36666.25,9.44,2.8,1.79,4.01,0,278
5/21/2021 7:00,36666.29,11.11,2.9,0.89,3.56,0,481
5/21/2021 8:00,36666.34,13.89,2.9,0.45,5.88,0,660
5/21/2021 9:00,36666.38,15,2.9,2.24,3.54,0,806
5/21/2021 10:00,36666.42,16.67,3.3,1.34,3.93,0,902
5/21/2021 11:00,36666.46,17.78,2.7,1.79,3.93,0,933
5/21/2021 12:00,36666.5,18.33,0.9,4.47,4.57,4.25,799
5/21/2021 13:00,36666.55,19.44,0.5,2.68,4.03,0,883
5/21/2021 14:00,36666.59,19.44,-1.3,4.02,4.26,0,812
5/21/2021 15:00,36666.63,21.11,-2.3,4.47,4.49,4.46,545
5/21/2021 16:00,36666.67,20,-2.2,1.79,4.83,1.94,447
5/21/2021 17:00,36666.71,17.22,1.3,8.05,0.45,3.62,248
5/21/2021 18:00,36666.76,16.67,1.8,7.6,0.72,5.88,60
5/21/2021 19:00,36666.8,16.67,1.5,4.47,0.07,10,1
5/21/2021 20:00,36666.84,16.11,2.1,5.36,0.61,10,0
5/21/2021 21:00,36666.88,15.56,2.3,4.47,0.42,10,0
5/21/2021 22:00,36666.92,15.56,3.5,2.68,0.33,10,0
5/21/2021 23:00,36666.97,13.89,3.6,7.15,5.1,10,0
5/22/2021 0:00,36667,13.33,3.2,1.79,0.44,10,0
5/22/2021 1:00,36667.04,13.33,2.9,3.13,0.63,10,0
5/22/2021 2:00,36667.08,13.33,3.9,2.24,0.91,10,0
5/22/2021 3:00,36667.13,13.33,3.7,3.13,0.17,10,0
5/22/2021 4:00,36667.17,13.33,3.8,2.68,0.98,10,2
5/22/2021 5:00,36667.21,12.78,4.4,2.24,1.2,8.21,44
5/22/2021 6:00,36667.25,12.78,4.5,0.89,3.32,5.53,218
5/22/2021 7:00,36667.29,15,3.2,0.45,4.38,5.85,357
5/22/2021 8:00,36667.34,15,4,0.89,4.33,2.57,600
5/22/2021 9:00,36667.38,17.22,3.8,0.89,3.28,4.06,682
5/22/2021 10:00,36667.42,20.56,3.4,1.34,3.19,4.64,739
5/22/2021 11:00,36667.46,20.56,3.2,0.89,3.72,3.67,827
5/22/2021 12:00,36667.5,21.67,3.2,0.89,3.47,0,987
5/22/2021 13:00,36667.55,22.78,3.7,3.13,4.07,4.66,738
5/22/2021 14:00,36667.59,22.78,3.6,3.58,3.82,0,770
5/22/2021 15:00,36667.63,23.89,2,4.02,4.01,0.92,624
5/22/2021 16:00,36667.67,22.78,0.7,6.26,5.1,2.51,441
5/22/2021 17:00,36667.71,24.44,1.4,5.36,4.47,4.5,237
5/22/2021 18:00,36667.76,22.22,2.6,4.02,4.49,6.45,58
5/22/2021 19:00,36667.8,20.56,3.1,2.24,4.68,10,2
5/22/2021 20:00,36667.84,19.44,3.9,1.79,5.1,10,0
5/22/2021 21:00,36667.88,18.33,5,3.58,5.27,10,0
5/22/2021 22:00,36667.92,17.22,5.6,3.13,5.01,10,0
5/22/2021 23:00,36667.97,13.89,5.9,0.89,1.4,10,0
5/23/2021 0:00,36668,15.56,6.1,2.24,4.94,10,0
5/23/2021 1:00,36668.04,13.33,6,0.89,4.5,10,0
5/23/2021 2:00,36668.08,13.89,5.9,2.24,1.47,10,0
5/23/2021 3:00,36668.13,13.89,5.7,2.24,0.86,10,0
5/23/2021 4:00,36668.17,14.44,6,3.13,0.63,10,3
5/23/2021 5:00,36668.21,15.56,6.8,2.24,0.68,0,93
5/23/2021 6:00,36668.25,16.67,6.1,1.34,0.73,0,277
5/23/2021 7:00,36668.29,15.56,5.3,0.45,4.22,0,478
5/23/2021 8:00,36668.34,20,5.8,0.89,4.28,0,658
5/23/2021 9:00,36668.38,21.67,6.3,0.45,3.54,0,798
5/23/2021 10:00,36668.42,23.33,6.1,1.34,3.21,0,893
5/23/2021 11:00,36668.46,23.89,6,0.45,6.18,0,939
5/23/2021 12:00,36668.5,23.89,6.6,1.79,4.63,0,935
5/23/2021 13:00,36668.55,24.44,6,0.89,2.64,0,880
5/23/2021 14:00,36668.59,25.56,5,3.13,4.33,0,776
5/23/2021 15:00,36668.63,25.56,3.5,3.13,4.05,0.66,627
5/23/2021 16:00,36668.67,26.11,2.5,1.34,3.91,2.61,441
5/23/2021 17:00,36668.71,25,2.6,6.26,4.64,4.48,239
5/23/2021 18:00,36668.76,25,2.6,4.47,4.22,4.88,69
5/23/2021 19:00,36668.8,22.78,3.8,2.68,4.82,10,1
5/23/2021 20:00,36668.84,21.67,4.8,7.15,5.11,10,0
5/23/2021 21:00,36668.88,20.56,5.2,1.79,4.49,10,0
5/23/2021 22:00,36668.92,19.44,6,1.34,3.96,10,0
5/23/2021 23:00,36668.97,14.44,6.6,1.34,4.94,10,0
5/24/2021 0:00,36669,16.11,7.5,0.89,2.18,10,0
5/24/2021 1:00,36669.04,14.44,7.9,1.34,3.74,10,0
5/24/2021 2:00,36669.08,15,8,0.89,5.25,10,0
5/24/2021 3:00,36669.13,15,8,2.24,0.86,10,0
5/24/2021 4:00,36669.17,15,8.1,2.24,1.29,10,3
5/24/2021 5:00,36669.21,14.44,8.5,2.68,1.12,0,96
5/24/2021 6:00,36669.25,16.11,9.1,1.79,0.86,0,280
5/24/2021 7:00,36669.29,17.78,8.1,1.34,4.03,0,481
5/24/2021 8:00,36669.34,21.11,6.5,2.24,3.19,0,662
5/24/2021 9:00,36669.38,23.89,6.4,1.34,3.32,0,804
5/24/2021 10:00,36669.42,25,7.9,0.89,2.93,0,895
5/24/2021 11:00,36669.46,26.11,9.5,0.89,3.7,0,940
5/24/2021 12:00,36669.5,28.33,9.2,2.24,4.24,0,933
5/24/2021 13:00,36669.55,28.33,8.7,1.79,2.97,0,877
5/24/2021 14:00,36669.59,30.56,9,1.34,4.42,1.21,759
5/24/2021 15:00,36669.63,31.67,8.8,1.34,3.49,2.32,608
5/24/2021 16:00,36669.67,30.56,8.2,3.58,3.86,3.31,430
5/24/2021 17:00,36669.71,29.44,6.3,3.58,4.17,4.57,239
5/24/2021 18:00,36669.76,28.89,5.2,4.02,4.22,4.82,71
5/24/2021 19:00,36669.8,27.22,6.2,2.68,4.31,10,2
5/24/2021 20:00,36669.84,25,7.1,2.24,4.56,10,0
5/24/2021 21:00,36669.88,25,6.8,1.34,4.68,10,0
5/24/2021 22:00,36669.92,22.78,7,1.79,4.07,10,0
5/24/2021 23:00,36669.97,17.78,6.4,1.34,4.26,10,0
5/25/2021 0:00,36670,19.44,5.5,0.89,4.24,10,0
5/25/2021 1:00,36670.04,19.44,6,1.79,1.54,10,0
5/25/2021 2:00,36670.08,18.06,6.8,1.12,2.58,10,0
5/25/2021 3:00,36670.13,16.67,7.3,0.45,3.63,10,0
5/25/2021 4:00,36670.17,16.67,7.2,0.89,3.44,10,3
5/25/2021 5:00,36670.21,16.11,7.5,0.89,1.68,0,102
5/25/2021 6:00,36670.25,16.67,8.3,1.34,4.68,0,286
5/25/2021 7:00,36670.29,20,8.7,0.45,2.86,0,486
5/25/2021 8:00,36670.34,21.67,9.5,1.79,4.01,0,664
5/25/2021 9:00,36670.38,23.33,10,4.02,4.56,0,809
5/25/2021 10:00,36670.42,26.11,10.1,3.58,4.35,0,908
5/25/2021 11:00,36670.46,28.89,9.8,3.58,5.06,0,965
5/25/2021 12:00,36670.5,28.33,10.4,2.68,4.78,0,968
5/25/2021 13:00,36670.55,28.33,8.4,1.34,5.29,2.62,824
5/25/2021 14:00,36670.59,31.67,7.3,4.47,4,0,780
5/25/2021 15:00,36670.63,31.11,6.3,3.13,4.28,0.32,631
5/25/2021 16:00,36670.67,30.56,6.3,4.02,4.35,2.41,447
5/25/2021 17:00,36670.71,30,5.8,3.13,4.99,4.22,246
5/25/2021 18:00,36670.76,28.33,4.9,4.02,5.17,4.36,75
5/25/2021 19:00,36670.8,26.11,5.1,4.92,5.04,10,2
5/25/2021 20:00,36670.84,24.44,5.1,3.13,4.87,10,0
5/25/2021 21:00,36670.88,23.33,6.2,1.79,4.71,10,0
5/25/2021 22:00,36670.92,20,7,2.68,4.64,10,0
5/25/2021 23:00,36670.97,20,6.4,1.79,4.36,10,0
5/26/2021 0:00,36671,16.67,6.4,2.24,4.85,10,0
5/26/2021 1:00,36671.04,14.44,6.6,1.79,3.82,10,0
5/26/2021 2:00,36671.08,14.44,6.9,1.79,4.07,10,0
5/26/2021 3:00,36671.13,14.44,7.2,0.89,4.1,10,0
5/26/2021 4:00,36671.17,15,7.3,0.45,1.94,10,4
5/26/2021 5:00,36671.21,14.44,7.8,0,3.02,0,104
5/26/2021 6:00,36671.25,14.44,8.6,0.89,3.54,0,290
5/26/2021 7:00,36671.29,18.33,8.6,0.45,3.72,0,491
5/26/2021 8:00,36671.34,20.56,8.6,1.79,3.3,0,668
5/26/2021 9:00,36671.38,23.33,9,0.89,4.01,0,815
5/26/2021 10:00,36671.42,25,8.5,1.34,2.22,0,912
5/26/2021 11:00,36671.46,26.67,7.9,2.68,4.08,0,956
5/26/2021 12:00,36671.5,28.33,7.1,2.24,5.67,0,952
5/26/2021 13:00,36671.55,29.44,7.9,2.24,3.82,0,891
5/26/2021 14:00,36671.59,30,6.9,3.58,3.82,0,790
5/26/2021 15:00,36671.63,30.56,4.5,4.02,4.07,0,647
5/26/2021 16:00,36671.67,31.67,4.8,3.13,4.14,1.4,460
5/26/2021 17:00,36671.71,30.56,2.3,4.92,4.29,2.67,267
5/26/2021 18:00,36671.76,29.44,1.2,2.68,4.64,3.1,82
5/26/2021 19:00,36671.8,27.78,4.2,1.79,4.61,10,2
5/26/2021 20:00,36671.84,25.56,4.6,1.34,4.68,10,0
5/26/2021 21:00,36671.88,24.44,5.1,2.24,4.66,10,0
5/26/2021 22:00,36671.92,23.33,6,0.45,3.16,10,0
5/26/2021 23:00,36671.97,17.78,6.5,2.24,4.21,10,0
5/27/2021 0:00,36672,20.56,7.2,0.89,1.68,10,0
5/27/2021 1:00,36672.04,18.33,7.1,0.89,4.28,10,0
5/27/2021 2:00,36672.08,18.33,6.5,1.34,1.38,10,0
5/27/2021 3:00,36672.13,17.78,6.1,0.45,5.9,10,0
5/27/2021 4:00,36672.17,16.67,5.7,0.45,3.56,10,4
5/27/2021 5:00,36672.21,16.67,5.1,0.45,0.17,0,102
5/27/2021 6:00,36672.25,18.89,5.5,1.34,0.65,0,293
5/27/2021 7:00,36672.29,18.89,6.4,1.79,3.75,0,495
5/27/2021 8:00,36672.34,21.67,6.7,2.24,4.01,0,676
5/27/2021 9:00,36672.38,23.33,5.4,1.79,4.64,0,813
5/27/2021 10:00,36672.42,25.56,6.4,2.68,4.14,0,911
5/27/2021 11:00,36672.46,27.22,6.4,2.68,3.98,0,958
5/27/2021 12:00,36672.5,28.33,4.7,2.68,3.87,0,954
5/27/2021 13:00,36672.55,29.44,4.5,3.58,4.4,2.17,838
5/27/2021 14:00,36672.59,31.11,0.2,2.24,4.5,2.07,748
5/27/2021 15:00,36672.63,30.56,-1.1,4.47,4.26,0,678
5/27/2021 16:00,36672.67,30.56,0.5,3.58,4.1,5.24,384
5/27/2021 17:00,36672.71,30,0.9,4.47,4.01,0,285
5/27/2021 18:00,36672.76,28.89,3.7,5.81,4.64,3.78,81
5/27/2021 19:00,36672.8,26.11,5.5,4.02,4.43,10,2
5/27/2021 20:00,36672.84,23.33,6.7,1.34,4.33,10,0
5/27/2021 21:00,36672.88,22.78,9.1,1.79,4.59,10,0
5/27/2021 22:00,36672.92,20,9.5,2.24,4.42,10,0
5/27/2021 23:00,36672.97,20,9.8,1.34,4.21,10,0
5/28/2021 0:00,36673,16.67,10.2,1.34,3.93,10,0
5/28/2021 1:00,36673.04,16.11,10.5,1.34,4.33,10,0
5/28/2021 2:00,36673.08,13.89,10.8,1.34,4.15,10,0
5/28/2021 3:00,36673.13,15,10.7,1.34,1.87,10,0
5/28/2021 4:00,36673.17,15.56,10.8,2.24,0.94,10,4
5/28/2021 5:00,36673.21,15.56,11.3,1.34,1.83,0,103
5/28/2021 6:00,36673.25,15.56,11.9,0.89,3.37,0,290
5/28/2021 7:00,36673.29,19.44,11.9,0.45,2.71,0,490
5/28/2021 8:00,36673.34,20.56,11.1,1.34,5.6,0,669
5/28/2021 9:00,36673.38,22.78,11.9,1.34,2.9,0,808
5/28/2021 10:00,36673.42,26.11,11.6,0.45,3.84,0,900
5/28/2021 11:00,36673.46,26.67,11.7,1.34,3.12,0,944
5/28/2021 12:00,36673.5,28.89,11.4,0.89,3.47,0,938
5/28/2021 13:00,36673.55,30,10.2,3.58,3.96,0,885
5/28/2021 14:00,36673.59,30.56,9.7,2.68,4.03,0,778
5/28/2021 15:00,36673.63,31.67,9.4,2.24,4.26,1.1,630
5/28/2021 16:00,36673.67,31.11,8.3,3.13,4.29,2.67,447
5/28/2021 17:00,36673.71,31.11,8.5,4.92,4.1,4.24,250
5/28/2021 18:00,36673.76,29.44,9.3,5.36,4.29,4.87,77
5/28/2021 19:00,36673.8,27.78,9.8,2.68,4.87,10,2
5/28/2021 20:00,36673.84,26.11,10.6,2.24,4.96,10,0
5/28/2021 21:00,36673.88,25.56,10.5,1.79,5.69,10,0
5/28/2021 22:00,36673.92,20.56,10.4,2.68,4.21,10,0
5/28/2021 23:00,36673.97,18.33,10,2.24,4.28,10,0
5/29/2021 0:00,36674,17.78,9.3,0.89,4.12,10,0
5/29/2021 1:00,36674.04,16.67,9.3,1.34,3.82,10,0
5/29/2021 2:00,36674.08,16.67,9.2,0.89,3.3,10,0
5/29/2021 3:00,36674.13,15,9,1.34,3.61,10,0
5/29/2021 4:00,36674.17,16.67,9,0.45,2.84,10,3
5/29/2021 5:00,36674.21,16.11,8.9,0.45,3.72,6.45,67
5/29/2021 6:00,36674.25,15.56,9.5,0.89,3.19,3.6,260
5/29/2021 7:00,36674.29,18.89,10.3,0.89,3.3,5.13,389
5/29/2021 8:00,36674.34,20.56,10.7,1.34,4.21,1.95,620
5/29/2021 9:00,36674.38,22.22,11,0.89,3.44,0,781
5/29/2021 10:00,36674.42,24.44,11.7,1.79,4.1,0,887
5/29/2021 11:00,36674.46,26.67,11.8,2.24,4.21,1.74,895
5/29/2021 12:00,36674.5,27.78,11.6,3.58,4.14,0,933
5/29/2021 13:00,36674.55,28.89,11.6,3.58,4.15,0,872
5/29/2021 14:00,36674.59,31.11,10.6,4.02,4.21,0.29,771
5/29/2021 15:00,36674.63,31.11,9.9,2.68,4.4,1.64,625
5/29/2021 16:00,36674.67,31.11,10,2.68,4.73,3.13,440
5/29/2021 17:00,36674.71,30.56,9.7,3.58,4.43,6.35,210
5/29/2021 18:00,36674.76,28.89,10.6,3.13,4.33,3.08,87
5/29/2021 19:00,36674.8,27.22,11.6,2.68,4.43,10,2
5/29/2021 20:00,36674.84,26.11,11.4,4.92,5.17,10,0
5/29/2021 21:00,36674.88,22.22,11,2.68,4.26,10,0
5/29/2021 22:00,36674.92,20.56,11.1,2.24,4.56,10,0
5/29/2021 23:00,36674.97,18.89,10.9,2.24,4.21,10,0
5/30/2021 0:00,36675,17.78,10.7,1.34,4.15,10,0
5/30/2021 1:00,36675.04,16.67,10.4,2.24,4.08,10,0
5/30/2021 2:00,36675.08,16.11,10.1,1.79,4.01,10,0
5/30/2021 3:00,36675.13,15.56,9.7,1.34,4.05,10,0
5/30/2021 4:00,36675.17,16.11,9.7,0.89,0.87,10,4
5/30/2021 5:00,36675.21,13.89,10,1.34,3.63,0.89,93
5/30/2021 6:00,36675.25,17.78,10.4,0.89,3.84,2.68,272
5/30/2021 7:00,36675.29,18.89,11.2,0.89,4.08,0.47,470
5/30/2021 8:00,36675.34,23.33,12.1,1.34,3.11,0,647
5/30/2021 9:00,36675.38,24.44,12.4,1.79,3.68,0,786
5/30/2021 10:00,36675.42,27.22,13.3,1.34,2.88,0,882
5/30/2021 11:00,36675.46,27.78,12.6,1.79,3.3,0,931
5/30/2021 12:00,36675.5,29.44,12.5,0.89,3.89,0,926
5/30/2021 13:00,36675.55,31.67,11.2,1.79,3.87,0,870
5/30/2021 14:00,36675.59,32.22,11.4,2.68,3.7,1.12,766
5/30/2021 15:00,36675.63,32.22,10.8,1.34,3.18,2.03,620
5/30/2021 16:00,36675.67,32.78,10.7,2.68,4.26,3.24,439
5/30/2021 17:00,36675.71,33.33,12.2,0.89,2.91,4.86,242
5/30/2021 18:00,36675.76,31.67,13,0.45,2.95,5.62,75
5/30/2021 19:00,36675.8,28.89,12.4,0.89,3.63,10,3
5/30/2021 20:00,36675.84,28.89,12.9,0.45,3.04,10,0
5/30/2021 21:00,36675.88,27.22,13.4,0.89,5.55,10,0
5/30/2021 22:00,36675.92,26.11,13.8,2.24,0.21,10,0
5/30/2021 23:00,36675.97,19.44,14.2,1.34,4.03,10,0
5/31/2021 0:00,36676,24.44,14.5,2.68,1.17,10,0
5/31/2021 1:00,36676.04,23.89,14.9,1.34,1.15,10,0
5/31/2021 2:00,36676.08,23.33,14.6,3.13,1.27,10,0
5/31/2021 3:00,36676.13,22.78,14.3,3.58,0.96,10,0
5/31/2021 4:00,36676.17,22.22,13.2,3.58,0.96,10,4
5/31/2021 5:00,36676.21,22.22,13.3,4.02,0.7,0,98
5/31/2021 6:00,36676.25,23.89,13.7,2.24,1.01,1.9,280
5/31/2021 7:00,36676.29,26.67,14,1.79,0.8,0,477
5/31/2021 8:00,36676.34,28.89,14.3,1.79,0.05,0,650
5/31/2021 9:00,36676.38,31.11,13.6,0.89,2.15,0,792
5/31/2021 10:00,36676.42,32.78,13.3,0.89,3.02,0,886
5/31/2021 11:00,36676.46,33.89,13.5,2.24,4.71,0,930
5/31/2021 12:00,36676.5,34.44,14.4,1.34,5.01,0,922
5/31/2021 13:00,36676.55,36.11,14.1,2.68,4.38,0,871
5/31/2021 14:00,36676.59,36.67,13.2,3.58,4.08,0.49,772
5/31/2021 15:00,36676.63,38.33,12.6,3.58,4.15,1.78,625
5/31/2021 16:00,36676.67,38.33,10.9,2.68,4.52,3.04,444
5/31/2021 17:00,36676.71,37.78,9.5,2.68,4.66,4.47,250
5/31/2021 18:00,36676.76,36.11,9.9,3.13,4.59,5.93,74
5/31/2021 19:00,36676.8,32.22,10.2,2.24,4.22,10,2
5/31/2021 20:00,36676.84,31.67,11.2,2.24,5.08,10,0
5/31/2021 21:00,36676.88,31.11,12.3,1.34,5.25,10,0
5/31/2021 22:00,36676.92,31.11,13.1,0.89,5.55,10,0
5/31/2021 23:00,36676.97,26.11,13.4,3.13,0.89,10,0
6/1/2021 0:00,36677,27.22,13.2,2.68,0.98,10,0
6/1/2021 1:00,36677.04,26.11,13.4,1.79,0.28,10,0
6/1/2021 2:00,36677.08,25.56,14.2,1.34,0.87,10,0
6/1/2021 3:00,36677.13,25,14.4,0.45,4.83,10,0
6/1/2021 4:00,36677.17,25,14.2,2.24,1.24,10,4
6/1/2021 5:00,36677.21,24.44,15.5,3.13,1.1,2.71,92
6/1/2021 6:00,36677.25,25.56,15.4,1.79,0.86,2.93,272
6/1/2021 7:00,36677.29,29.44,14.4,1.34,4.99,1.51,466
6/1/2021 8:00,36677.34,30,14.2,0.45,4.57,2.77,607
6/1/2021 9:00,36677.38,33.33,14.2,3.13,3.65,0,781
6/1/2021 10:00,36677.42,35.56,14.4,1.79,2.98,0,873
6/1/2021 11:00,36677.46,35.56,13.2,1.79,4.12,0,919
6/1/2021 12:00,36677.5,37.22,12.2,2.24,4.07,0,918
6/1/2021 13:00,36677.55,38.89,13.6,3.58,4.24,1.6,854
6/1/2021 14:00,36677.59,38.89,13.2,3.58,4.5,1.78,758
6/1/2021 15:00,36677.63,38.33,12.5,5.36,4.21,2.55,612
6/1/2021 16:00,36677.67,38.89,11.9,4.02,4.73,3.39,438
6/1/2021 17:00,36677.71,38.33,11.7,2.68,4.22,4.71,247
6/1/2021 18:00,36677.76,36.67,11.9,4.02,4.45,7.58,61
6/1/2021 19:00,36677.8,33.89,12.2,2.24,5.04,10,3
6/1/2021 20:00,36677.84,32.78,12,1.79,4.64,10,0
6/1/2021 21:00,36677.88,31.11,13.1,0.89,3.42,10,0
6/1/2021 22:00,36677.92,29.44,14.4,0.89,3.89,10,0
6/1/2021 23:00,36677.97,28.89,13.9,0.45,0.93,10,0
6/2/2021 0:00,36678,26.94,14,1.12,2.71,10,0
6/2/2021 1:00,36678.04,25,13.8,0.45,4.49,10,0
6/2/2021 2:00,36678.08,25,13.5,0.89,0.91,10,0
6/2/2021 3:00,36678.13,25,13.1,2.24,0.8,10,0
6/2/2021 4:00,36678.17,24.44,13.4,1.79,1.01,10,4
6/2/2021 5:00,36678.21,23.89,14.3,1.79,0.4,1.29,97
6/2/2021 6:00,36678.25,25,15.1,2.24,1.19,2.22,280
6/2/2021 7:00,36678.29,28.89,14.6,1.79,0.7,0.16,474
6/2/2021 8:00,36678.34,31.11,15,0.45,1.85,0,648
6/2/2021 9:00,36678.38,32.22,14.7,3.13,3.26,0,787
6/2/2021 10:00,36678.42,34.44,13.7,1.34,3.09,0,883
6/2/2021 11:00,36678.46,34.44,12.6,2.68,4.59,0,932
6/2/2021 12:00,36678.5,36.67,11.3,1.79,3.96,0,925
6/2/2021 13:00,36678.55,37.78,11.9,2.24,4.05,0,871
6/2/2021 14:00,36678.59,38.89,11.5,1.79,4.4,1.16,768
6/2/2021 15:00,36678.63,38.89,11.8,2.24,3.47,1.7,628
6/2/2021 16:00,36678.67,38.89,12.1,1.79,4,3.04,446
6/2/2021 17:00,36678.71,38.89,12,3.13,4.21,4.77,247
6/2/2021 18:00,36678.76,37.22,11.3,3.58,4.42,5.55,79
6/2/2021 19:00,36678.8,33.89,10.9,2.24,4.31,10,4
6/2/2021 20:00,36678.84,31.11,11.9,2.24,4.24,10,0
6/2/2021 21:00,36678.88,29.44,14.4,1.79,3.98,10,0
6/2/2021 22:00,36678.92,27.22,14.5,1.79,3.7,10,0
6/2/2021 23:00,36678.97,27.22,14.7,1.79,5.25,10,0
6/3/2021 0:00,36679,25,14.7,1.34,4.73,10,0
6/3/2021 1:00,36679.04,23.89,14.5,0.45,4.76,10,0
6/3/2021 2:00,36679.08,25,14.4,1.79,1.12,10,0
6/3/2021 3:00,36679.13,24.44,14,2.24,1.08,10,0
6/3/2021 4:00,36679.17,22.78,13.6,0.89,5.17,10,5
6/3/2021 5:00,36679.21,20.56,13.9,0.89,3.51,0,100
6/3/2021 6:00,36679.25,21.67,14.3,0.89,3.53,2.57,278
6/3/2021 7:00,36679.29,23.33,14.4,1.34,3.25,1.15,471
6/3/2021 8:00,36679.34,26.67,15,2.24,3.75,1.35,633
6/3/2021 9:00,36679.38,28.33,14.8,3.13,3.28,0,782
6/3/2021 10:00,36679.42,32.22,14.4,1.34,3.09,0,877
6/3/2021 11:00,36679.46,33.89,13.7,1.79,4.49,0,923
6/3/2021 12:00,36679.5,35,13.5,0.45,1.92,0,917
6/3/2021 13:00,36679.55,36.67,13.7,2.68,4.26,1.18,862
6/3/2021 14:00,36679.59,37.78,12.1,3.13,4.15,1.64,762
6/3/2021 15:00,36679.63,38.33,11.9,3.13,4.4,2.34,618
6/3/2021 16:00,36679.67,37.78,11.5,2.24,4.21,3.39,440
6/3/2021 17:00,36679.71,37.78,11.3,2.68,4.22,4.82,247
6/3/2021 18:00,36679.76,35.56,13.4,4.92,4.24,5.7,79
6/3/2021 19:00,36679.8,32.78,14.8,3.58,4.49,10,4
6/3/2021 20:00,36679.84,30.56,13.6,1.79,5.01,10,0
6/3/2021 21:00,36679.88,29.44,14,1.34,4.17,10,0
6/3/2021 22:00,36679.92,28.33,15,0.89,4.5,10,0
6/3/2021 23:00,36679.97,24.44,13.8,2.68,4.21,10,0
6/4/2021 0:00,36680,25,13.2,0.45,6,10,0
6/4/2021 1:00,36680.04,24.44,12.7,0.89,0.44,10,0
6/4/2021 2:00,36680.08,24.44,11.6,0.89,0.59,10,0
6/4/2021 3:00,36680.13,23.89,11.2,1.34,0.98,10,0
6/4/2021 4:00,36680.17,23.33,11.2,1.79,1.17,10,3
6/4/2021 5:00,36680.21,20.56,11.6,1.34,3.11,1.64,99
6/4/2021 6:00,36680.25,22.78,11.5,0.89,3.39,2.26,282
6/4/2021 7:00,36680.29,24.44,12.3,0.89,4.03,0.16,476
6/4/2021 8:00,36680.34,27.22,12.7,1.34,4.14,0,649
6/4/2021 9:00,36680.38,30.56,13.6,1.34,3.39,0,789
6/4/2021 10:00,36680.42,31.67,13.1,0.45,3.96,0,882
6/4/2021 11:00,36680.46,34.44,12.1,0.89,4.71,0,931
6/4/2021 12:00,36680.5,35.56,12.1,2.68,4.12,0,928
6/4/2021 13:00,36680.55,36.11,11.7,4.92,4.49,0,873
6/4/2021 14:00,36680.59,36.11,11.3,3.13,4.47,0.8,773
6/4/2021 15:00,36680.63,36.11,9.3,5.36,4.19,1.67,630
6/4/2021 16:00,36680.67,37.22,9.4,2.68,4.24,2.75,453
6/4/2021 17:00,36680.71,36.67,10.5,3.13,4.94,4.36,256
6/4/2021 18:00,36680.76,34.44,11,4.02,4.24,4.68,87
6/4/2021 19:00,36680.8,31.67,12.2,2.68,4.87,10,4
6/4/2021 20:00,36680.84,29.44,12.6,4.47,5.1,10,0
6/4/2021 21:00,36680.88,27.78,11.6,0.89,3.46,10,0
6/4/2021 22:00,36680.92,24.44,10.7,2.68,4.17,10,0
6/4/2021 23:00,36680.97,24.44,10.1,1.79,4.22,10,0
6/5/2021 0:00,36681,21.67,10,1.34,3.77,10,0
6/5/2021 1:00,36681.04,20.56,9.9,1.34,4.1,10,0
6/5/2021 2:00,36681.08,20.56,9.8,0.89,3.68,10,0
6/5/2021 3:00,36681.13,21.11,9.9,0.89,1.5,10,0
6/5/2021 4:00,36681.17,20.56,10.2,1.34,1.73,10,5
6/5/2021 5:00,36681.21,21.11,10.8,1.34,1.54,0,107
6/5/2021 6:00,36681.25,21.11,11.2,0.45,2.55,1.2,290
6/5/2021 7:00,36681.29,27.22,11.6,0.45,2.93,0,485
6/5/2021 8:00,36681.34,28.33,11.6,0.45,3.67,0,660
6/5/2021 9:00,36681.38,28.89,11,0.89,1.71,0,797
6/5/2021 10:00,36681.42,29.44,11.5,2.24,4.33,0,891
6/5/2021 11:00,36681.46,32.78,12.3,1.79,4.89,0,933
6/5/2021 12:00,36681.5,33.89,11.8,1.79,3.44,0,935
6/5/2021 13:00,36681.55,35,11.4,4.02,4.22,0,882
6/5/2021 14:00,36681.59,36.11,9.7,4.02,4.1,0,784
6/5/2021 15:00,36681.63,36.11,10.1,3.13,4.49,0,643
6/5/2021 16:00,36681.67,36.11,8.7,4.47,4.28,3.99,428
6/5/2021 17:00,36681.71,34.44,8.9,4.47,4.56,4.36,257
6/5/2021 18:00,36681.76,33.89,8.9,4.02,4.56,0,108
6/5/2021 19:00,36681.8,31.67,8.6,2.68,4.35,10,7
6/5/2021 20:00,36681.84,28.33,9.8,1.34,4.35,10,0
6/5/2021 21:00,36681.88,26.11,11.3,1.34,3.68,10,0
6/5/2021 22:00,36681.92,24.44,10.4,2.24,4.31,10,0
6/5/2021 23:00,36681.97,23.33,10.4,2.24,4.43,10,0
6/6/2021 0:00,36682,22.78,10.5,0.89,3.56,10,0
6/6/2021 1:00,36682.04,22.22,10.5,1.79,1.59,10,0
6/6/2021 2:00,36682.08,21.67,10.3,2.24,1.2,10,0
6/6/2021 3:00,36682.13,21.11,10.6,2.24,1.2,10,0
6/6/2021 4:00,36682.17,21.11,10.8,1.34,0.91,10,6
6/6/2021 5:00,36682.21,20.56,12,2.24,1.06,0,106
6/6/2021 6:00,36682.25,22.78,11.4,1.79,1.03,2.01,286
6/6/2021 7:00,36682.29,25.56,11.3,2.24,1.64,0,483
6/6/2021 8:00,36682.34,25,11.8,3.58,3.28,0,658
6/6/2021 9:00,36682.38,27.22,12.6,1.34,3.23,0,797
6/6/2021 10:00,36682.42,28.89,12.7,3.13,4.14,0,892
6/6/2021 11:00,36682.46,30.56,12,0.89,1.82,0,940
6/6/2021 12:00,36682.5,31.67,13.4,1.34,3.51,0,928
6/6/2021 13:00,36682.55,33.33,12.4,1.34,4.26,0,876
6/6/2021 14:00,36682.59,33.89,8.9,2.68,4.14,0,787
6/6/2021 15:00,36682.63,34.44,10,3.58,3.82,1.63,632
6/6/2021 16:00,36682.67,32.78,9.6,3.58,4.08,2.73,455
6/6/2021 17:00,36682.71,32.78,9.3,2.68,4.4,3.97,264
6/6/2021 18:00,36682.76,30.56,9.7,3.58,4.1,4.52,90
6/6/2021 19:00,36682.8,28.33,11,3.13,4.15,10,4
6/6/2021 20:00,36682.84,25.56,10,4.47,5.04,10,0
6/6/2021 21:00,36682.88,22.78,9.7,1.79,4.35,10,0
6/6/2021 22:00,36682.92,21.11,9.4,2.24,4.21,10,0
6/6/2021 23:00,36682.97,22.22,8.9,2.24,4.54,10,0
6/7/2021 0:00,36683,17.22,8.5,2.24,4.28,10,0
6/7/2021 1:00,36683.04,16.67,8,1.79,4.76,10,0
6/7/2021 2:00,36683.08,15.56,7.9,2.24,4.03,10,0
6/7/2021 3:00,36683.13,15,7.9,2.24,4.1,10,0
6/7/2021 4:00,36683.17,14.44,7.4,1.34,3.96,10,5
6/7/2021 5:00,36683.21,15,7.2,0.89,3.82,0,114
6/7/2021 6:00,36683.25,15.56,7.2,0.89,3.35,3.04,277
6/7/2021 7:00,36683.29,17.22,7.8,1.34,3.74,0,485
6/7/2021 8:00,36683.34,20,8.5,2.24,3.26,0,657
6/7/2021 9:00,36683.38,21.67,8.8,1.79,3.93,6,596
6/7/2021 10:00,36683.42,22.22,8,1.79,3.61,6.38,641
6/7/2021 11:00,36683.46,27.22,6.8,2.24,5.22,6.24,686
6/7/2021 12:00,36683.5,25,4.4,4.47,4.1,5.44,742
6/7/2021 13:00,36683.55,26.11,5.9,1.79,2.32,3.12,817
6/7/2021 14:00,36683.59,27.22,5.3,1.34,2.57,0,791
6/7/2021 15:00,36683.63,28.89,4.9,2.68,4.15,0.65,642
6/7/2021 16:00,36683.67,28.33,3.7,1.79,4.1,2.19,464
6/7/2021 17:00,36683.71,28.33,5.2,3.58,3.89,4.09,263
6/7/2021 18:00,36683.76,26.67,5.7,2.24,4.33,5.67,83
6/7/2021 19:00,36683.8,23.33,5.1,3.58,4.83,10,3
6/7/2021 20:00,36683.84,20.56,4.2,0.45,4.45,10,0
6/7/2021 21:00,36683.88,17.78,5.1,1.79,4.07,10,0
6/7/2021 22:00,36683.92,16.11,5.1,2.68,4.52,10,0
6/7/2021 23:00,36683.97,18.89,4.3,2.68,4.29,10,0
6/8/2021 0:00,36684,13.89,4.5,2.68,4.49,10,0
6/8/2021 1:00,36684.04,12.78,5,1.79,4.03,10,0
6/8/2021 2:00,36684.08,11.67,4.9,2.24,4.29,10,0
6/8/2021 3:00,36684.13,11.11,5,3.58,4.38,10,0
6/8/2021 4:00,36684.17,10.56,5.3,1.34,4.05,10,5
6/8/2021 5:00,36684.21,10,5.7,2.68,4.14,0,106
6/8/2021 6:00,36684.25,10.56,6.2,4.02,4.26,1.99,288
6/8/2021 7:00,36684.29,13.33,6.3,2.68,4.14,0,488
6/8/2021 8:00,36684.34,16.67,6.7,5.81,5.17,0,668
6/8/2021 9:00,36684.38,18.89,6.6,4.02,4.56,0,811
6/8/2021 10:00,36684.42,19.44,6.4,2.68,4.54,0,907
6/8/2021 11:00,36684.46,20.56,5.8,3.13,4.07,0,954
6/8/2021 12:00,36684.5,21.67,5.1,4.47,4.07,0,949
6/8/2021 13:00,36684.55,23.33,4.9,3.58,4.75,0,894
6/8/2021 14:00,36684.59,23.89,3.4,1.34,3.4,0,792
6/8/2021 15:00,36684.63,25.56,4.3,4.47,4.21,0,645
6/8/2021 16:00,36684.67,25,3.8,2.68,4.43,2.1,466
6/8/2021 17:00,36684.71,25,4.7,2.68,4.35,4.84,251
6/8/2021 18:00,36684.76,23.33,4.6,3.13,3.98,6.48,77
6/8/2021 19:00,36684.8,21.67,4.6,2.68,4.28,10,2
6/8/2021 20:00,36684.84,21.11,5.9,3.58,4.89,10,0
6/8/2021 21:00,36684.88,17.78,4.2,2.68,4.38,10,0
6/8/2021 22:00,36684.92,16.11,4.3,1.79,4.73,10,0
6/8/2021 23:00,36684.97,14.44,5.4,3.13,4.26,10,0
6/9/2021 0:00,36685,13.89,5.6,3.58,4.4,10,0
6/9/2021 1:00,36685.04,13.33,5.4,1.79,4.8,10,0
6/9/2021 2:00,36685.08,12.22,5.1,1.79,4.49,10,0
6/9/2021 3:00,36685.13,12.22,4.7,2.24,4.45,10,0
6/9/2021 4:00,36685.17,10.56,5,1.79,4.36,10,6
6/9/2021 5:00,36685.21,10,5.8,2.24,3.96,0.69,106
6/9/2021 6:00,36685.25,11.67,6.1,1.34,3.74,1.34,293
6/9/2021 7:00,36685.29,13.33,6.3,0.89,3.91,0,493
6/9/2021 8:00,36685.34,16.67,6.1,0.89,4.38,0,671
6/9/2021 9:00,36685.38,17.22,5.5,1.79,4.1,0,811
6/9/2021 10:00,36685.42,20,5,2.24,4.12,0,907
6/9/2021 11:00,36685.46,22.22,4.2,1.34,4.4,0,940
6/9/2021 12:00,36685.5,21.67,5.1,3.58,4.03,0,950
6/9/2021 13:00,36685.55,22.22,5.7,1.79,4.12,0,886
6/9/2021 14:00,36685.59,23.33,5.9,1.34,2.29,0,792
6/9/2021 15:00,36685.63,23.33,6.2,4.02,4.66,0.98,641
6/9/2021 16:00,36685.67,23.89,4.8,2.68,4.85,1.05,477
6/9/2021 17:00,36685.71,23.33,3.7,4.47,4.19,9.1,137
6/9/2021 18:00,36685.76,21.67,4.4,4.47,4.64,7.85,64
6/9/2021 19:00,36685.8,19.44,4.8,4.92,4.21,10,4
6/9/2021 20:00,36685.84,17.78,3.3,4.47,4.94,10,0
6/9/2021 21:00,36685.88,17.22,3.2,6.71,4.99,10,0
6/9/2021 22:00,36685.92,15.56,3.6,4.47,5.08,10,0
6/9/2021 23:00,36685.97,14.44,3.9,3.58,4.15,10,0
6/10/2021 0:00,36686,12.78,4.5,2.24,4.15,10,0
6/10/2021 1:00,36686.04,11.67,4.6,1.34,4.08,10,0
6/10/2021 2:00,36686.08,11.67,4.8,1.79,4.5,10,0
6/10/2021 3:00,36686.13,10.56,5.4,1.79,4.26,10,0
6/10/2021 4:00,36686.17,9.44,5.8,1.79,4.36,10,6
6/10/2021 5:00,36686.21,8.89,6.1,2.24,4.26,0,112
6/10/2021 6:00,36686.25,10,6.5,1.79,3.77,0,301
6/10/2021 7:00,36686.29,13.33,6.4,0.89,3.3,0,502
6/10/2021 8:00,36686.34,16.11,5.7,1.79,4.57,0,683
6/10/2021 9:00,36686.38,18.33,6.2,3.13,0.44,0,886
6/10/2021 10:00,36686.42,20,5.5,4.02,4.54,0,934
6/10/2021 11:00,36686.46,20.56,4.7,4.02,4.19,0,981
6/10/2021 12:00,36686.5,21.67,3.7,4.47,4,0,979
6/10/2021 13:00,36686.55,23.33,3.2,4.02,4.94,0,922
6/10/2021 14:00,36686.59,24.44,2.4,3.58,4.38,0,817
6/10/2021 15:00,36686.63,25,1.9,3.58,4.05,0,664
6/10/2021 16:00,36686.67,25.56,2.3,5.81,4.29,1.6,473
6/10/2021 17:00,36686.71,24.44,1.7,4.47,4.45,3.71,271
6/10/2021 18:00,36686.76,23.33,0.9,4.47,4.03,4.74,92
6/10/2021 19:00,36686.8,21.67,-0.5,3.58,4.5,10,5
6/10/2021 20:00,36686.84,20,-1.5,2.68,4.66,10,0
6/10/2021 21:00,36686.88,19.44,0.2,1.79,4.49,10,0
6/10/2021 22:00,36686.92,18.89,3.4,1.34,4.52,10,0
6/10/2021 23:00,36686.97,13.33,5.7,2.68,4.36,10,0
6/11/2021 0:00,36687,14.44,6.1,3.13,4.22,10,0
6/11/2021 1:00,36687.04,13.33,6.3,1.34,4.17,10,0
6/11/2021 2:00,36687.08,13.89,5.9,1.79,3.7,10,0
6/11/2021 3:00,36687.13,11.67,5,1.79,3.63,10,0
6/11/2021 4:00,36687.17,12.22,3.7,0.89,3.82,10,6
6/11/2021 5:00,36687.21,10.56,3.2,1.34,3.54,0,113
6/11/2021 6:00,36687.25,16.67,3.2,1.34,0.56,0,302
6/11/2021 7:00,36687.29,17.78,4.5,0.45,4.43,0,503
6/11/2021 8:00,36687.34,18.33,5,1.79,3.58,0,683
6/11/2021 9:00,36687.38,21.11,5.5,1.34,4.03,0,821
6/11/2021 10:00,36687.42,22.78,5.4,0.89,4.31,0,917
6/11/2021 11:00,36687.46,24.44,5.1,3.58,3.96,0,965
6/11/2021 12:00,36687.5,25.56,5.1,3.13,4.14,0,957
6/11/2021 13:00,36687.55,26.67,4,5.81,4.24,0,899
6/11/2021 14:00,36687.59,26.67,3,4.92,4.31,0,796
6/11/2021 15:00,36687.63,27.78,2.2,4.02,4.38,0,652
6/11/2021 16:00,36687.67,27.78,0.9,4.92,4.28,1.84,471
6/11/2021 17:00,36687.71,27.78,-0.9,3.13,4.61,3.95,268
6/11/2021 18:00,36687.76,26.67,-2.4,4.02,4.15,4.53,94
6/11/2021 19:00,36687.8,25.56,-0.4,4.92,4.61,10,5
6/11/2021 20:00,36687.84,22.78,2.5,3.35,4.35,10,0
6/11/2021 21:00,36687.88,21.11,5.2,1.79,4.1,10,0
6/11/2021 22:00,36687.92,20,6.3,2.24,4.52,10,0
6/11/2021 23:00,36687.97,17.22,7,1.34,4.52,10,0
6/12/2021 0:00,36688,17.22,6.5,2.24,4.24,10,0
6/12/2021 1:00,36688.04,17.22,7.5,1.79,4.17,10,0
6/12/2021 2:00,36688.08,16.67,9.1,0.45,4.94,10,0
6/12/2021 3:00,36688.13,16.11,9.9,0.45,0.87,10,0
6/12/2021 4:00,36688.17,15.56,10,1.34,1.5,10,6
6/12/2021 5:00,36688.21,16.11,10.3,1.79,1.13,0,112
6/12/2021 6:00,36688.25,15.56,11,1.34,3.7,1.36,295
6/12/2021 7:00,36688.29,17.78,11.7,0.89,3.42,0,491
6/12/2021 8:00,36688.34,20.56,11.9,0.89,3.3,0,665
6/12/2021 9:00,36688.38,23.33,10.9,1.34,3.16,0,804
6/12/2021 10:00,36688.42,25.56,10.3,0.45,4.29,0,898
6/12/2021 11:00,36688.46,27.78,9.4,1.34,4.19,1.02,914
6/12/2021 12:00,36688.5,29.44,9.8,0.45,3,0,939
6/12/2021 13:00,36688.55,30.56,9.4,0.89,2.15,0,883
6/12/2021 14:00,36688.59,30.56,9.7,3.13,4,0.52,779
6/12/2021 15:00,36688.63,32.22,10.7,1.34,3.54,1.79,633
6/12/2021 16:00,36688.67,31.67,11.7,3.13,3.89,2.94,455
6/12/2021 17:00,36688.71,31.67,12.9,3.58,4.24,4.47,260
6/12/2021 18:00,36688.76,30,13.5,3.58,4.1,5.07,91
6/12/2021 19:00,36688.8,28.89,13.4,3.58,4.29,10,6
6/12/2021 20:00,36688.84,27.22,14.3,4.47,4.56,10,0
6/12/2021 21:00,36688.88,25.56,14.4,0.89,3.91,10,0
6/12/2021 22:00,36688.92,24.44,14.3,1.79,4.5,10,0
6/12/2021 23:00,36688.97,18.33,14.4,2.24,4.61,10,0
6/13/2021 0:00,36689,22.78,14,0.89,4.21,10,0
6/13/2021 1:00,36689.04,22.22,13.8,0.89,0.8,10,0
6/13/2021 2:00,36689.08,21.11,13.3,0.89,1.85,10,0
6/13/2021 3:00,36689.13,20.56,13.2,0.89,4.36,10,0
6/13/2021 4:00,36689.17,19.44,13.3,1.34,3.39,10,6
6/13/2021 5:00,36689.21,18.89,13.6,1.79,4.1,1.46,108
6/13/2021 6:00,36689.25,19.44,14.2,1.34,3.7,2.4,288
6/13/2021 7:00,36689.29,22.78,14.7,0.45,6,1.44,476
6/13/2021 8:00,36689.34,25,14.9,1.34,3.35,0,656
6/13/2021 9:00,36689.38,27.22,15.4,2.24,3.26,0,793
6/13/2021 10:00,36689.42,30,16.1,1.79,4.59,0,887
6/13/2021 11:00,36689.46,30.56,16.6,0.89,3.96,0,934
6/13/2021 12:00,36689.5,32.22,16.2,1.34,2.36,0,930
6/13/2021 13:00,36689.55,32.22,15.2,2.24,4.26,0,875
6/13/2021 14:00,36689.59,33.33,14.9,0.89,4.64,1.15,774
6/13/2021 15:00,36689.63,35,14.3,1.34,4.85,1.75,634
6/13/2021 16:00,36689.67,34.44,15.2,2.68,4.82,2.97,455
6/13/2021 17:00,36689.71,33.33,14.6,3.58,4.19,4.56,259
6/13/2021 18:00,36689.76,32.78,14.3,3.58,4.49,5.41,89
6/13/2021 19:00,36689.8,30,14.7,4.47,4.17,10,6
6/13/2021 20:00,36689.84,28.33,15.2,2.24,4.66,10,0
6/13/2021 21:00,36689.88,26.67,12.9,4.47,5.1,10,0
6/13/2021 22:00,36689.92,24.44,12.4,2.68,4.5,10,0
6/13/2021 23:00,36689.97,22.78,12.2,1.34,4.05,10,0
6/14/2021 0:00,36690,21.11,12.5,4.47,4.21,10,0
6/14/2021 1:00,36690.04,20,13.6,4.02,4.5,10,0
6/14/2021 2:00,36690.08,18.89,14.2,2.68,4.31,10,0
6/14/2021 3:00,36690.13,17.78,14.4,1.79,4.45,10,0
6/14/2021 4:00,36690.17,17.22,14.6,1.79,4.47,10,5
6/14/2021 5:00,36690.21,16.67,14.9,1.79,4.12,2.41,106
6/14/2021 6:00,36690.25,18.33,15.3,0.89,2.91,3.18,280
6/14/2021 7:00,36690.29,20.56,15.6,0.89,3.74,2.32,466
6/14/2021 8:00,36690.34,22.78,15.7,1.34,3.39,0.71,645
6/14/2021 9:00,36690.38,24.44,15.7,0.89,3.11,0,783
6/14/2021 10:00,36690.42,25.56,15.9,2.24,4.49,0,876
6/14/2021 11:00,36690.46,28.33,16,1.34,3.26,0,922
6/14/2021 12:00,36690.5,29.44,16,3.13,4.42,0,922
6/14/2021 13:00,36690.55,31.11,15.5,2.24,4.82,0.37,874
6/14/2021 14:00,36690.59,31.11,14.8,1.79,4.24,1.18,774
6/14/2021 15:00,36690.63,32.78,14.7,4.47,4.17,2.35,624
6/14/2021 16:00,36690.67,32.22,14.5,5.36,4.07,2.88,457
6/14/2021 17:00,36690.71,32.22,14.5,4.47,4.19,4.11,267
6/14/2021 18:00,36690.76,31.11,13.7,4.92,4.52,4.79,94
6/14/2021 19:00,36690.8,29.44,14.2,4.47,4.5,10,5
6/14/2021 20:00,36690.84,26.67,13.8,2.68,4.82,10,0
6/14/2021 21:00,36690.88,24.44,10.9,2.24,3.87,10,0
6/14/2021 22:00,36690.92,22.22,8.3,2.68,4.17,10,0
6/14/2021 23:00,36690.97,22.22,5.9,4.47,4.21,10,0
6/15/2021 0:00,36691,20,5.2,1.79,4.56,10,0
6/15/2021 1:00,36691.04,19.44,6.1,2.68,4.4,10,0
6/15/2021 2:00,36691.08,18.33,7.4,4.47,4.22,10,0
6/15/2021 3:00,36691.13,17.78,7.7,2.24,4.4,10,0
6/15/2021 4:00,36691.17,16.67,8.1,2.24,4.24,10,6
6/15/2021 5:00,36691.21,16.11,8.5,1.79,4.42,1.94,108
6/15/2021 6:00,36691.25,17.78,8.5,1.34,4.36,2.17,291
6/15/2021 7:00,36691.29,20,9,1.79,4.15,0,488
6/15/2021 8:00,36691.34,21.11,9.4,1.34,4.15,0,662
6/15/2021 9:00,36691.38,24.44,9.4,1.79,3.63,0,801
6/15/2021 10:00,36691.42,25.56,9.5,0.89,3.49,0,898
6/15/2021 11:00,36691.46,27.22,10.1,3.58,4.36,0,946
6/15/2021 12:00,36691.5,28.89,10.5,2.68,4.26,0,945
6/15/2021 13:00,36691.55,31.11,10.6,0.89,3.53,0,892
6/15/2021 14:00,36691.59,31.67,10.9,3.58,3.93,0,788
6/15/2021 15:00,36691.63,31.11,10.4,4.47,4.21,0.37,647
6/15/2021 16:00,36691.67,32.22,9.3,6.26,4.36,2.07,470
6/15/2021 17:00,36691.71,31.67,7.6,5.81,4.45,3.68,274
6/15/2021 18:00,36691.76,31.11,6.2,5.81,4.61,4.07,99
6/15/2021 19:00,36691.8,28.89,6.2,4.02,4.47,10,6
6/15/2021 20:00,36691.84,26.67,5.7,1.34,4.14,10,0
6/15/2021 21:00,36691.88,25,5.5,1.79,4.47,10,0
6/15/2021 22:00,36691.92,24.44,5.7,0.89,4.61,10,0
6/15/2021 23:00,36691.97,20.56,6.3,3.13,4.1,10,0
6/16/2021 0:00,36692,21.11,7.7,1.34,2.84,10,0
6/16/2021 1:00,36692.04,21.11,8.4,0.45,3.44,10,0
6/16/2021 2:00,36692.08,20.56,9.2,0.89,1.45,10,0
6/16/2021 3:00,36692.13,20.56,9.6,2.68,0.94,10,0
6/16/2021 4:00,36692.17,20.56,9.6,2.68,0.79,10,3
6/16/2021 5:00,36692.21,20.56,10.1,1.79,1.38,9.71,43
6/16/2021 6:00,36692.25,21.11,11.3,1.34,3.68,7.86,180
6/16/2021 7:00,36692.29,23.89,10.6,1.79,1.22,7.17,322
6/16/2021 8:00,36692.34,25.56,9.5,0.89,4.78,3.51,596
6/16/2021 9:00,36692.38,27.78,8.6,2.24,3.53,2.33,754
6/16/2021 10:00,36692.42,30,8.9,2.24,3.44,2.02,852
6/16/2021 11:00,36692.46,32.22,9.6,1.79,4.33,2.56,882
6/16/2021 12:00,36692.5,32.78,11.5,0.89,2.88,2.78,875
6/16/2021 13:00,36692.55,33.89,11.4,0.89,3.37,7.87,523
6/16/2021 14:00,36692.59,33.89,12.5,2.68,4.42,7.6,488
6/16/2021 15:00,36692.63,33.89,12.5,2.68,3.89,4.19,574
6/16/2021 16:00,36692.67,34.44,12.4,4.92,4.42,4.74,413
6/16/2021 17:00,36692.71,33.89,10.8,4.92,4.17,5.44,243
6/16/2021 18:00,36692.76,32.22,10,4.02,4.12,6.15,84
6/16/2021 19:00,36692.8,30,10.9,1.79,4.03,10,5
6/16/2021 20:00,36692.84,29.44,11.8,1.79,4.52,10,0
6/16/2021 21:00,36692.88,28.33,13.3,1.34,4.5,10,0
6/16/2021 22:00,36692.92,27.22,14.4,0.45,3.58,10,0
6/16/2021 23:00,36692.97,22.78,14.1,0.89,3.51,10,0
6/17/2021 0:00,36693,26.11,14.2,0.89,0.77,10,0
6/17/2021 1:00,36693.04,24.44,14.3,2.24,0.96,10,0
6/17/2021 2:00,36693.08,23.89,14.1,3.13,0.86,10,0
6/17/2021 3:00,36693.13,23.89,13.6,2.68,0.77,10,0
6/17/2021 4:00,36693.17,23.33,14.2,4.02,1.29,10,6
6/17/2021 5:00,36693.21,23.89,14.7,3.58,0.8,2.52,107
6/17/2021 6:00,36693.25,25,14.6,3.13,1.08,2.67,287
6/17/2021 7:00,36693.29,27.78,12.6,1.79,1.34,4.98,406
6/17/2021 8:00,36693.34,28.33,11.9,0.89,5.78,2.23,627
6/17/2021 9:00,36693.38,31.67,9.8,3.13,3.16,2.61,747
6/17/2021 10:00,36693.42,34.44,9.5,0.89,3.82,0.88,871
6/17/2021 11:00,36693.46,35.56,9.5,2.24,3.35,0.85,917
6/17/2021 12:00,36693.5,37.22,10.2,4.02,3.98,2.1,895
6/17/2021 13:00,36693.55,38.89,9.2,1.79,2.25,1.48,863
6/17/2021 14:00,36693.59,38.89,12.3,2.24,4.28,1.7,767
6/17/2021 15:00,36693.63,38.89,13.1,2.68,4.66,1.2,642
6/17/2021 16:00,36693.67,39.44,13.3,1.34,3.68,1.27,479
6/17/2021 17:00,36693.71,40,13.5,0.89,3.82,4.8,256
6/17/2021 18:00,36693.76,36.67,13.4,2.68,4.33,6.07,85
6/17/2021 19:00,36693.8,35,13.4,1.79,3.72,10,4
6/17/2021 20:00,36693.84,33.89,14.3,0.89,4.43,10,0
6/17/2021 21:00,36693.88,32.78,16.1,0.45,2.36,10,0
6/17/2021 22:00,36693.92,31.67,16.7,1.34,1.03,10,0
6/17/2021 23:00,36693.97,26.11,17.1,0.89,0.89,10,0
6/18/2021 0:00,36694,28.33,16.9,1.79,1.03,10,0
6/18/2021 1:00,36694.04,30,16.2,4.02,1.8,10,0
6/18/2021 2:00,36694.08,30,15.7,2.24,0.07,10,0
6/18/2021 3:00,36694.13,28.33,16,1.34,3.94,10,0
6/18/2021 4:00,36694.17,29.44,14.3,0.89,3.39,10,3
6/18/2021 5:00,36694.21,28.89,15.3,0.45,2.51,6.93,77
6/18/2021 6:00,36694.25,30.56,16.4,0.89,5.39,4.75,257
6/18/2021 7:00,36694.29,33.33,17.1,1.79,0.66,5.41,392
6/18/2021 8:00,36694.34,34.44,17,1.34,5.53,4.8,551
6/18/2021 9:00,36694.38,40,16.4,2.24,0.65,5.15,647
6/18/2021 10:00,36694.42,38.89,15.5,1.79,4.15,1.7,859
6/18/2021 11:00,36694.46,41.67,15.4,1.79,3.53,1.8,902
6/18/2021 12:00,36694.5,41.67,15.7,4.02,4.03,1.85,901
6/18/2021 13:00,36694.55,43.33,15.6,1.34,3.61,2.12,850
6/18/2021 14:00,36694.59,42.78,16.1,3.58,3.82,2.21,757
6/18/2021 15:00,36694.63,43.33,14.6,1.79,2.79,2.59,620
6/18/2021 16:00,36694.67,42.22,14.4,1.79,3.44,3.62,443
6/18/2021 17:00,36694.71,42.22,14.2,1.79,4.71,4.87,255
6/18/2021 18:00,36694.76,40.56,14.6,2.68,4.03,5.87,87
6/18/2021 19:00,36694.8,37.78,15.2,2.68,4.43,10,5
6/18/2021 20:00,36694.84,36.11,15,2.68,5.01,10,0
6/18/2021 21:00,36694.88,35.56,14.7,1.34,5.62,10,0
6/18/2021 22:00,36694.92,33.89,14.3,1.34,5.67,10,0
6/18/2021 23:00,36694.97,30.56,11.9,1.34,1.27,10,0
6/19/2021 0:00,36695,31.11,12.6,2.68,1.29,10,0
6/19/2021 1:00,36695.04,30.56,13.1,2.68,0.96,10,0
6/19/2021 2:00,36695.08,30,13.4,2.24,1.38,10,0
6/19/2021 3:00,36695.13,29.44,13.1,0.89,1.26,10,0
6/19/2021 4:00,36695.17,27.22,13.9,0.45,2.91,10,4
6/19/2021 5:00,36695.21,28.33,15.4,0.89,0.91,5.76,88
6/19/2021 6:00,36695.25,27.78,16.7,1.79,0.61,4.37,264
6/19/2021 7:00,36695.29,30.56,15.4,0.89,5.6,2.95,457
6/19/2021 8:00,36695.34,33.33,14.1,1.34,4.19,2.03,631
6/19/2021 9:00,36695.38,35.56,14,2.68,4.73,1.4,772
6/19/2021 10:00,36695.42,37.78,14.4,1.79,4.21,1.3,866
6/19/2021 11:00,36695.46,38.89,14.4,1.34,3.93,1.2,913
6/19/2021 12:00,36695.5,40,15.7,2.68,3.84,1.51,908
6/19/2021 13:00,36695.55,41.11,18.2,3.13,4.56,1.99,853
6/19/2021 14:00,36695.59,41.67,16,2.68,4.22,1.88,764
6/19/2021 15:00,36695.63,42.78,14.2,4.47,4.24,2.2,628
6/19/2021 16:00,36695.67,42.22,14.6,4.47,3.98,3.21,452
6/19/2021 17:00,36695.71,41.67,12.5,4.47,4.54,4.55,261
6/19/2021 18:00,36695.76,40.56,13.4,2.68,4.61,5.4,91
6/19/2021 19:00,36695.8,37.78,12.8,2.68,4.52,10,5
6/19/2021 20:00,36695.84,34.44,13.9,1.79,4.31,10,0
6/19/2021 21:00,36695.88,33.89,13.6,1.34,4.73,10,0
6/19/2021 22:00,36695.92,30.56,13.9,2.68,4.5,10,0
6/19/2021 23:00,36695.97,31.11,13.6,0.89,5.2,10,0
6/20/2021 0:00,36696,27.78,12,0.89,1.75,10,0
6/20/2021 1:00,36696.04,27.78,12.1,2.24,0.77,10,0
6/20/2021 2:00,36696.08,25.56,11.7,1.34,3.37,10,0
6/20/2021 3:00,36696.13,23.89,11.4,1.34,4.08,10,0
6/20/2021 4:00,36696.17,25.56,11.6,0.89,0.38,10,4
6/20/2021 5:00,36696.21,25.56,12.9,1.34,0.51,5.15,93
6/20/2021 6:00,36696.25,27.22,12.6,1.79,0.75,3.89,272
6/20/2021 7:00,36696.29,27.22,13.8,1.34,3.79,2.22,469
6/20/2021 8:00,36696.34,31.11,13.8,2.68,3.23,0.77,646
6/20/2021 9:00,36696.38,32.78,13.7,2.68,3.35,0,787
6/20/2021 10:00,36696.42,35,14,1.79,3.89,0,884
6/20/2021 11:00,36696.46,36.67,15.4,1.34,2.91,0,933
6/20/2021 12:00,36696.5,38.33,16.3,1.34,2.86,0,932
6/20/2021 13:00,36696.55,38.33,15.2,0.89,4.43,0,881
6/20/2021 14:00,36696.59,41.67,11.8,3.58,3.82,0,786
6/20/2021 15:00,36696.63,42.78,11,1.34,4.38,1.24,642
6/20/2021 16:00,36696.67,41.11,11.7,4.02,4.21,2.56,464
6/20/2021 17:00,36696.71,40.56,11.6,3.13,4.26,4.33,265
6/20/2021 18:00,36696.76,39.44,11.7,2.68,4.33,5.42,91
6/20/2021 19:00,36696.8,36.11,11.2,3.58,4.69,10,6
6/20/2021 20:00,36696.84,33.89,12,1.79,4.76,10,0
6/20/2021 21:00,36696.88,32.78,11.9,0.89,3.58,10,0
6/20/2021 22:00,36696.92,31.11,12.5,0.45,2.15,10,0
6/20/2021 23:00,36696.97,28.33,13.6,2.24,3.94,10,0
6/21/2021 0:00,36697,25.56,12.7,1.79,3.96,10,0
6/21/2021 1:00,36697.04,23.89,11.9,0.89,4.12,10,0
6/21/2021 2:00,36697.08,25,12.1,0.45,2.29,10,0
6/21/2021 3:00,36697.13,24.44,12,1.34,1.47,10,0
6/21/2021 4:00,36697.17,22.22,12.1,0.89,3.51,10,5
6/21/2021 5:00,36697.21,22.78,12.5,0.45,3.53,4.75,96
6/21/2021 6:00,36697.25,20,12.4,2.68,3.25,3.55,277
6/21/2021 7:00,36697.29,22.78,12.7,0.89,4,1.34,479
6/21/2021 8:00,36697.34,28.33,13.3,0.45,5.25,0,662
6/21/2021 9:00,36697.38,31.11,13.7,2.68,3.26,0,804
6/21/2021 10:00,36697.42,32.22,12.3,3.13,3.07,0,903
6/21/2021 11:00,36697.46,35,11.5,2.68,3.35,0,951
6/21/2021 12:00,36697.5,37.22,11.8,1.79,4.05,0,953
6/21/2021 13:00,36697.55,37.78,8.7,3.13,4.03,0,909
6/21/2021 14:00,36697.59,38.89,8.3,1.79,3.56,0,802
6/21/2021 15:00,36697.63,38.89,5.5,1.34,3.58,0,665
6/21/2021 16:00,36697.67,38.33,5.5,1.34,3.74,0.72,483
6/21/2021 17:00,36697.71,38.33,5.2,2.68,3.91,3.26,281
6/21/2021 18:00,36697.76,37.78,4,1.79,4.05,4.31,99
6/21/2021 19:00,36697.8,35.56,3.6,1.34,4.07,10,6
6/21/2021 20:00,36697.84,33.33,8.8,3.13,3.35,10,0
6/21/2021 21:00,36697.88,29.44,14.7,0.89,2.81,10,0
6/21/2021 22:00,36697.92,24.44,13.5,3.58,4.19,10,0
6/21/2021 23:00,36697.97,29.44,12.9,0.45,4.76,10,0
6/22/2021 0:00,36698,21.67,12,0.89,3.87,10,0
6/22/2021 1:00,36698.04,21.11,11.5,0.45,3.44,10,0
6/22/2021 2:00,36698.08,19.44,11.7,1.34,3.37,10,0
6/22/2021 3:00,36698.13,17.78,11.7,0.45,2.23,10,0
6/22/2021 4:00,36698.17,16.67,12.1,0.89,1.97,10,5
6/22/2021 5:00,36698.21,16.67,12.4,0.89,0.51,3.98,101
6/22/2021 6:00,36698.25,18.33,12.6,0.45,3.28,2.75,287
6/22/2021 7:00,36698.29,23.33,13.2,0.45,1.83,0,488
6/22/2021 8:00,36698.34,22.22,13.7,0.89,4.1,0,665
6/22/2021 9:00,36698.38,25.56,13.4,1.34,3.35,0,805
6/22/2021 10:00,36698.42,28.33,12.3,0.89,1.99,0,903
6/22/2021 11:00,36698.46,29.44,11,2.24,4.03,0,953
6/22/2021 12:00,36698.5,30.56,10.7,0.89,3.77,0,952
6/22/2021 13:00,36698.55,33.33,11.2,2.24,4.35,0,897
6/22/2021 14:00,36698.59,35.56,9.6,3.13,3.96,0,798
6/22/2021 15:00,36698.63,34.44,9.6,3.13,4.47,0,657
6/22/2021 16:00,36698.67,35.56,9.7,0.89,2.08,1.45,478
6/22/2021 17:00,36698.71,35,9.6,0.89,3.16,3.7,275
6/22/2021 18:00,36698.76,33.89,9.6,3.13,4.08,4.46,98
6/22/2021 19:00,36698.8,32.78,5.3,0.89,0.72,10,8
6/22/2021 20:00,36698.84,31.11,4.6,2.24,3.26,10,0
6/22/2021 21:00,36698.88,28.89,6.3,1.79,3.44,10,0
6/22/2021 22:00,36698.92,27.22,14.4,0.89,4.4,10,0
6/22/2021 23:00,36698.97,22.22,14.2,1.79,4.15,10,0
6/23/2021 0:00,36699,20.56,13.1,1.34,4.15,10,0
6/23/2021 1:00,36699.04,19.44,12.4,1.79,4.21,10,0
6/23/2021 2:00,36699.08,18.33,12.2,1.79,4.05,10,0
6/23/2021 3:00,36699.13,17.22,12.2,1.79,3.77,10,0
6/23/2021 4:00,36699.17,16.11,12.1,2.68,4.17,10,4
6/23/2021 5:00,36699.21,16.11,12.2,1.79,3.98,3.98,101
6/23/2021 6:00,36699.25,19.44,12.5,0.89,3.42,3.18,282
6/23/2021 7:00,36699.29,18.89,13.1,1.34,3.23,1.56,477
6/23/2021 8:00,36699.34,21.67,13.4,0.45,4.94,0,656
6/23/2021 9:00,36699.38,25,14,1.34,3.89,0,797
6/23/2021 10:00,36699.42,27.22,14.1,0.89,3.63,0,894
6/23/2021 11:00,36699.46,29.44,13.4,0.89,3.8,0,945
6/23/2021 12:00,36699.5,30,12.4,1.34,4.35,0,946
6/23/2021 13:00,36699.55,32.78,12.1,2.68,4.21,0,895
6/23/2021 14:00,36699.59,33.89,12.5,3.58,4.49,0,795
6/23/2021 15:00,36699.63,34.44,11.7,2.68,4.63,0,652
6/23/2021 16:00,36699.67,35,9.7,1.79,3.4,1.65,476
6/23/2021 17:00,36699.71,33.89,10.5,0.89,3.74,3.48,278
6/23/2021 18:00,36699.76,33.33,11.4,1.79,4.31,4.61,97
6/23/2021 19:00,36699.8,31.67,11.5,1.34,4.21,10,7
6/23/2021 20:00,36699.84,29.44,13.6,3.58,3.96,10,0
6/23/2021 21:00,36699.88,24.44,13.1,3.58,4.42,10,0
6/23/2021 22:00,36699.92,22.78,13.4,3.58,4.26,10,0
6/23/2021 23:00,36699.97,22.78,12.7,2.68,4.61,10,0
6/24/2021 0:00,36700,20.56,12.5,1.79,4.35,10,0
6/24/2021 1:00,36700.04,18.89,12.3,2.68,4.28,10,0
6/24/2021 2:00,36700.08,17.78,11.9,2.68,4,10,0
6/24/2021 3:00,36700.13,18.33,11.8,0.89,4.22,10,0
6/24/2021 4:00,36700.17,17.78,12.2,0.89,3.61,10,4
6/24/2021 5:00,36700.21,17.78,12.5,0.89,3.39,4.29,99
6/24/2021 6:00,36700.25,22.22,12.9,1.34,1.24,3.83,273
6/24/2021 7:00,36700.29,20.56,13.2,0.89,4.07,2,472
6/24/2021 8:00,36700.34,23.33,13.4,0.45,3.39,0,649
6/24/2021 9:00,36700.38,25.56,14,0.89,4.19,0,790
6/24/2021 10:00,36700.42,26.67,14.5,0.89,3.61,0,888
6/24/2021 11:00,36700.46,28.89,14.8,2.24,4.21,0,937
6/24/2021 12:00,36700.5,30,14.8,2.68,3.39,0,935
6/24/2021 13:00,36700.55,30.56,14.8,3.58,4.05,0,884
6/24/2021 14:00,36700.59,31.67,14.3,3.13,4,0,785
6/24/2021 15:00,36700.63,34.44,13.9,2.68,4.9,0.91,645
6/24/2021 16:00,36700.67,32.78,12.4,4.47,4.54,2,472
6/24/2021 17:00,36700.71,32.22,12.2,4.92,4.12,3.55,277
6/24/2021 18:00,36700.76,31.11,12.6,5.36,4.5,4.44,98
6/24/2021 19:00,36700.8,29.44,12.7,2.68,4.38,10,7
6/24/2021 20:00,36700.84,26.67,13.3,3.58,4.45,10,0
6/24/2021 21:00,36700.88,26.11,13.8,4.47,4.99,10,0
6/24/2021 22:00,36700.92,23.33,13,2.68,4.14,10,0
6/24/2021 23:00,36700.97,21.67,12.3,3.13,4.59,10,0
6/25/2021 0:00,36701,20,11.7,2.24,4.26,10,0
6/25/2021 1:00,36701.04,18.89,11.6,2.24,4.19,10,0
6/25/2021 2:00,36701.08,17.78,11.5,2.24,4.14,10,0
6/25/2021 3:00,36701.13,17.22,11.4,0.89,5.64,10,0
6/25/2021 4:00,36701.17,18.89,11.6,1.34,1.31,10,4
6/25/2021 5:00,36701.21,17.78,12,0.89,3.54,4.27,99
6/25/2021 6:00,36701.25,17.78,11.8,0.89,3.42,3.39,279
6/25/2021 7:00,36701.29,20,11.6,0.89,3.32,1.64,476
6/25/2021 8:00,36701.34,23.33,11.9,2.24,3.3,0,652
6/25/2021 9:00,36701.38,26.11,12.6,0.45,3.79,0,791
6/25/2021 10:00,36701.42,28.33,13,2.68,3.56,0,891
6/25/2021 11:00,36701.46,30.56,13.6,1.79,4.14,0,941
6/25/2021 12:00,36701.5,31.67,13.2,0.45,2.81,0,940
6/25/2021 13:00,36701.55,33.33,12.8,0.45,1.61,0,885
6/25/2021 14:00,36701.59,33.89,13.2,3.13,4.49,0.01,782
6/25/2021 15:00,36701.63,35,13.4,1.79,2.02,1.57,638
6/25/2021 16:00,36701.67,34.44,13.2,3.58,3.91,2.84,459
6/25/2021 17:00,36701.71,33.89,12.1,3.58,4.47,4.26,266
6/25/2021 18:00,36701.76,32.78,11.6,3.13,4.29,4.86,95
6/25/2021 19:00,36701.8,30.56,11.7,3.58,4.1,10,7
6/25/2021 20:00,36701.84,28.89,12.5,3.13,4.54,10,0
6/25/2021 21:00,36701.88,28.33,13,1.79,4.38,10,0
6/25/2021 22:00,36701.92,28.33,13.6,2.24,4.66,10,0
6/25/2021 23:00,36701.97,21.67,14.2,3.13,4.42,10,0
6/26/2021 0:00,36702,25,14.1,2.24,4.28,10,0
6/26/2021 1:00,36702.04,23.89,13.8,0.89,3.12,10,0
6/26/2021 2:00,36702.08,24.44,13.6,0.89,1.06,10,0
6/26/2021 3:00,36702.13,23.33,13.5,0.45,3.49,10,0
6/26/2021 4:00,36702.17,23.33,13.3,0.89,3.42,10,4
6/26/2021 5:00,36702.21,22.78,13.8,0.89,0.14,4.84,95
6/26/2021 6:00,36702.25,25,14.3,1.79,1.38,3.87,272
6/26/2021 7:00,36702.29,27.78,14.9,1.79,0.51,2.48,465
6/26/2021 8:00,36702.34,27.78,14.9,1.34,3.44,1.4,640
6/26/2021 9:00,36702.38,28.89,14.5,2.68,3.65,0.42,781
6/26/2021 10:00,36702.42,31.67,14.5,0.89,3.8,0,877
6/26/2021 11:00,36702.46,32.22,14.4,1.34,4.1,0,927
6/26/2021 12:00,36702.5,33.33,14.9,2.68,4.56,0,927
6/26/2021 13:00,36702.55,35.56,15.2,2.68,4.22,0.52,874
6/26/2021 14:00,36702.59,36.11,14.7,2.24,3.68,0.98,777
6/26/2021 15:00,36702.63,36.67,15.3,3.13,4.15,1.77,635
6/26/2021 16:00,36702.67,36.67,15.3,2.24,4.08,2.77,460
6/26/2021 17:00,36702.71,37.22,16.1,2.68,3.93,4.24,266
6/26/2021 18:00,36702.76,35.56,16,1.79,4.15,4.82,95
6/26/2021 19:00,36702.8,32.78,15.4,1.79,4.17,10,7
6/26/2021 20:00,36702.84,31.11,15.6,1.79,4.22,10,0
6/26/2021 21:00,36702.88,30.56,16.6,1.34,4.47,10,0
6/26/2021 22:00,36702.92,28.89,17.2,0.89,0.16,10,0
6/26/2021 23:00,36702.97,26.11,17.7,0.89,4.36,10,0
6/27/2021 0:00,36703,28.89,17.4,0.45,0.7,10,0
6/27/2021 1:00,36703.04,27.78,17.2,0.45,5.9,10,0
6/27/2021 2:00,36703.08,27.22,17.1,2.68,0.79,10,0
6/27/2021 3:00,36703.13,27.22,17.8,1.79,1.19,10,0
6/27/2021 4:00,36703.17,27.22,17.6,1.79,1.26,10,3
6/27/2021 5:00,36703.21,26.67,18.6,2.24,0.96,5.35,91
6/27/2021 6:00,36703.25,27.22,18.4,0.89,3.53,4.41,263
6/27/2021 7:00,36703.29,30.56,17.7,0.89,0.99,3.09,454
6/27/2021 8:00,36703.34,33.33,17.3,0.89,2.25,2.34,625
6/27/2021 9:00,36703.38,34.44,17.6,2.68,3.16,1.92,763
6/27/2021 10:00,36703.42,36.11,17.2,1.34,2.91,2.27,846
6/27/2021 11:00,36703.46,37.22,17.3,1.34,2.08,1.55,907
6/27/2021 12:00,36703.5,37.22,16.8,4.02,4.56,1.49,908
6/27/2021 13:00,36703.55,38.33,16.6,1.79,4.1,1.53,862
6/27/2021 14:00,36703.59,40.56,16.8,1.79,4.43,1.76,766
6/27/2021 15:00,36703.63,41.67,16.3,4.92,4.01,2.23,627
6/27/2021 16:00,36703.67,40.56,15.9,4.02,4.17,3.03,455
6/27/2021 17:00,36703.71,39.44,15.9,6.26,4.52,4.41,263
6/27/2021 18:00,36703.76,37.78,15.7,7.15,5.18,4.92,94
6/27/2021 19:00,36703.8,35.56,14.6,4.02,4.5,10,7
6/27/2021 20:00,36703.84,33.33,15.6,2.68,4.66,10,0
6/27/2021 21:00,36703.88,30.56,16.5,1.79,4.5,10,0
6/27/2021 22:00,36703.92,30.28,16.5,2.24,2.86,10,0
6/27/2021 23:00,36703.97,30,16.1,0.89,1.22,10,0
6/28/2021 0:00,36704,25.56,15.3,2.24,4.21,10,0
6/28/2021 1:00,36704.04,24.17,13.8,2.01,4.19,10,0
6/28/2021 2:00,36704.08,22.78,13.1,1.79,4.17,10,0
6/28/2021 3:00,36704.13,22.22,13.1,0.89,3.65,10,0
6/28/2021 4:00,36704.17,23.33,13.1,0.89,1.94,10,4
6/28/2021 5:00,36704.21,23.89,13.3,0.89,1.15,5.56,89
6/28/2021 6:00,36704.25,22.22,13.4,1.34,3.82,4.45,262
6/28/2021 7:00,36704.29,25,14,0.89,4.05,3.08,454
6/28/2021 8:00,36704.34,27.22,14.7,1.34,3.82,2.22,627
6/28/2021 9:00,36704.38,29.44,15.4,0.89,3.56,1.86,764
6/28/2021 10:00,36704.42,32.78,15.8,1.34,3.75,1.69,859
6/28/2021 11:00,36704.46,33.89,15.8,1.34,4.38,1.31,911
6/28/2021 12:00,36704.5,34.44,16.8,1.79,4.5,1.3,911
6/28/2021 13:00,36704.55,37.78,17.1,1.79,4.78,1.58,861
6/28/2021 14:00,36704.59,38.33,17,4.47,4.19,0.83,778
6/28/2021 15:00,36704.63,38.33,15.5,2.68,4.17,0,738
6/28/2021 16:00,36704.67,37.78,11.9,3.13,4.68,6.5,351
6/28/2021 17:00,36704.71,37.22,9.1,5.36,4.42,7.56,189
6/28/2021 18:00,36704.76,36.11,10.5,3.58,4.69,7.73,68
6/28/2021 19:00,36704.8,33.33,8.9,2.68,4.69,10,8
6/28/2021 20:00,36704.84,31.67,10.2,0.89,3.84,10,0
6/28/2021 21:00,36704.88,30,11.9,3.58,4.45,10,0
6/28/2021 22:00,36704.92,28.33,13.2,2.68,4.19,10,0
6/28/2021 23:00,36704.97,27.22,13.6,2.68,4.5,10,0
6/29/2021 0:00,36705,25.56,13.3,0.45,5.67,10,0
6/29/2021 1:00,36705.04,25,13.2,0.89,3.54,10,0
6/29/2021 2:00,36705.08,24.44,13.1,0.89,5.53,10,0
6/29/2021 3:00,36705.13,23.89,13.3,0.89,2.5,10,0
6/29/2021 4:00,36705.17,22.78,13.4,1.79,4.01,10,3
6/29/2021 5:00,36705.21,21.67,13.6,0.89,4.35,8.49,59
6/29/2021 6:00,36705.25,25,14.1,0.89,3.3,4.43,262
6/29/2021 7:00,36705.29,27.78,13.9,0.89,1.73,4.39,423
6/29/2021 8:00,36705.34,28.33,14.2,0.89,4.64,1.98,631
6/29/2021 9:00,36705.38,30,14.2,1.34,3.39,1.02,776
6/29/2021 10:00,36705.42,32.22,14.3,1.79,2.15,1.57,861
6/29/2021 11:00,36705.46,33.89,14.5,3.13,3.25,2.95,869
6/29/2021 12:00,36705.5,34.44,14.6,1.79,2.18,3.61,843
6/29/2021 13:00,36705.55,37.78,13.9,0.89,3.53,0,964
6/29/2021 14:00,36705.59,36.11,13.1,1.34,6,4.55,676
6/29/2021 15:00,36705.63,36.11,13.2,2.68,1.27,6.02,495
6/29/2021 16:00,36705.67,36.67,14.2,2.24,5.78,8.69,246
6/29/2021 17:00,36705.71,36.11,12.9,6.26,0.26,9.12,138
6/29/2021 18:00,36705.76,35.56,15.1,5.36,0.66,6.94,76
6/29/2021 19:00,36705.8,36.11,15.1,1.79,5.88,10,9
6/29/2021 20:00,36705.84,33.89,15,2.24,4.47,10,0
6/29/2021 21:00,36705.88,32.78,14.4,1.79,4.71,10,0
6/29/2021 22:00,36705.92,32.78,14.2,1.34,0.65,10,0
6/29/2021 23:00,36705.97,27.22,14,2.68,4.4,10,0
6/30/2021 0:00,36706,29.44,14.7,1.79,1.68,10,0
6/30/2021 1:00,36706.04,30,15.6,1.79,0.8,10,0
6/30/2021 2:00,36706.08,27.78,15.7,2.24,3.33,10,0
6/30/2021 3:00,36706.13,26.11,15.7,0.89,1.9,10,0
6/30/2021 4:00,36706.17,26.67,15.7,0.89,1.41,10,1
6/30/2021 5:00,36706.21,26.67,15.2,1.34,3.82,10,32
6/30/2021 6:00,36706.25,25.56,15.5,1.34,1.19,7.2,199
6/30/2021 7:00,36706.29,28.89,16.2,0.89,1.26,4.48,420
6/30/2021 8:00,36706.34,31.67,16.3,1.34,2.02,3.69,590
6/30/2021 9:00,36706.38,32.78,15.9,0.89,4.12,1.78,765
6/30/2021 10:00,36706.42,34.44,15.5,1.79,2.88,1.61,860
6/30/2021 11:00,36706.46,36.11,14.8,1.79,3.39,1.72,903
6/30/2021 12:00,36706.5,36.67,15.3,2.24,4.66,1.52,907
6/30/2021 13:00,36706.55,37.78,15.5,3.13,4.21,1.31,865
6/30/2021 14:00,36706.59,37.78,16,2.68,4.15,1.77,765
6/30/2021 15:00,36706.63,38.89,15.4,1.34,3.58,2.08,629
6/30/2021 16:00,36706.67,40,14.8,2.68,4.56,2.82,458
6/30/2021 17:00,36706.71,38.89,15.9,3.58,4.24,4.16,266
6/30/2021 18:00,36706.76,36.67,16.8,5.81,4.97,5.17,91
6/30/2021 19:00,36706.8,33.89,16.9,6.26,4.99,10,6
6/30/2021 20:00,36706.84,31.67,16.3,3.13,4.63,10,0
6/30/2021 21:00,36706.88,27.78,15.9,2.24,4.56,10,0
6/30/2021 22:00,36706.92,25.56,15.2,2.68,4.29,10,0
6/30/2021 23:00,36706.97,32.22,14.7,0.89,4,10,0
7/1/2021 0:00,36707,22.78,14.4,1.79,4.08,10,0
7/1/2021 1:00,36707.04,21.67,14.3,2.24,4.07,10,0
7/1/2021 2:00,36707.08,21.11,14.6,1.34,3.89,10,0
7/1/2021 3:00,36707.13,21.11,14.4,0.45,0.86,10,0
7/1/2021 4:00,36707.17,21.11,14.1,0.45,3.37,10,3
7/1/2021 5:00,36707.21,20.56,15.1,1.79,3.33,5.9,85
7/1/2021 6:00,36707.25,21.67,14.9,0.89,3.53,4.56,259
7/1/2021 7:00,36707.29,24.44,15.6,1.34,3.09,3.18,451
7/1/2021 8:00,36707.34,28.33,15.8,0.89,3.61,2.33,624
7/1/2021 9:00,36707.38,28.89,15.6,1.34,4.73,1.64,767
7/1/2021 10:00,36707.42,31.11,15.3,2.24,4,1.15,867
7/1/2021 11:00,36707.46,31.67,14.8,1.34,4.82,0,921
7/1/2021 12:00,36707.5,34.44,14.7,1.79,4.14,0,921
7/1/2021 13:00,36707.55,34.44,14.8,1.34,3.58,0.51,873
7/1/2021 14:00,36707.59,35.56,15.8,1.79,3.11,1.06,775
7/1/2021 15:00,36707.63,37.78,13.5,1.79,3.54,1.06,642
7/1/2021 16:00,36707.67,37.22,13.2,2.24,4.47,2.43,464
7/1/2021 17:00,36707.71,36.67,13.9,3.58,4.38,3.81,271
7/1/2021 18:00,36707.76,35.56,13.6,3.58,4.68,4.36,96
7/1/2021 19:00,36707.8,33.33,14,3.13,4.78,10,7
7/1/2021 20:00,36707.84,31.11,14.7,4.92,5.13,10,0
7/1/2021 21:00,36707.88,28.89,16,1.79,3.87,10,0
7/1/2021 22:00,36707.92,27.22,16.2,1.79,4.47,10,0
7/1/2021 23:00,36707.97,24.44,16.2,2.24,4.56,10,0
7/2/2021 0:00,36708,25,15.7,0.89,3.74,10,0
7/2/2021 1:00,36708.04,23.89,14.9,1.79,4.28,10,0
7/2/2021 2:00,36708.08,22.22,14.7,1.79,4.14,10,0
7/2/2021 3:00,36708.13,21.11,14.6,1.34,3.77,10,0
7/2/2021 4:00,36708.17,21.11,14.6,1.34,3.68,10,3
7/2/2021 5:00,36708.21,21.67,14.9,0.89,1.59,5.72,86
7/2/2021 6:00,36708.25,23.33,14.9,0.89,3.8,4.47,260
7/2/2021 7:00,36708.29,25,15.9,0.45,3.25,2.94,455
7/2/2021 8:00,36708.34,27.78,15.9,1.79,3.47,1.98,630
7/2/2021 9:00,36708.38,30.56,16.2,1.34,3.02,1.21,773
7/2/2021 10:00,36708.42,31.67,16.4,3.58,3.35,0.46,873
7/2/2021 11:00,36708.46,33.33,16.3,0.89,2.5,0,927
7/2/2021 12:00,36708.5,35,16.3,0.89,3.94,0,931
7/2/2021 13:00,36708.55,36.11,15.2,1.79,4.1,0,881
7/2/2021 14:00,36708.59,37.22,15,4.02,4.08,0,785
7/2/2021 15:00,36708.63,37.22,14.1,4.02,4.35,0.75,644
7/2/2021 16:00,36708.67,38.33,14.3,2.24,4.35,2.19,467
7/2/2021 17:00,36708.71,36.67,14.7,2.68,4.22,3.77,271
7/2/2021 18:00,36708.76,36.11,15.1,2.24,4.31,4.09,97
7/2/2021 19:00,36708.8,33.89,15.2,5.36,4.54,10,7
7/2/2021 20:00,36708.84,31.11,15.8,3.58,4.26,10,0
7/2/2021 21:00,36708.88,28.89,15.8,1.34,4.33,10,0
7/2/2021 22:00,36708.92,28.33,16,2.68,4.17,10,0
7/2/2021 23:00,36708.97,25.56,16.1,2.24,4.07,10,0
7/3/2021 0:00,36709,25,16.2,1.79,4.07,10,0
7/3/2021 1:00,36709.04,23.89,15.5,0.89,3.44,10,0
7/3/2021 2:00,36709.08,23.33,14.9,1.79,4.56,10,0
7/3/2021 3:00,36709.13,22.78,14.5,0.45,4.69,10,0
7/3/2021 4:00,36709.17,21.67,14.6,0.89,3.18,10,3
7/3/2021 5:00,36709.21,21.11,14.9,1.34,3.28,5.89,84
7/3/2021 6:00,36709.25,22.22,15.1,1.34,3.4,5.98,229
7/3/2021 7:00,36709.29,23.33,15.7,0.89,3.82,8.68,246
7/3/2021 8:00,36709.34,25.56,16,0.89,3.51,7.07,436
7/3/2021 9:00,36709.38,28.33,16.3,0.89,3.4,6.95,535
7/3/2021 10:00,36709.42,30,16.1,1.79,3.42,0,888
7/3/2021 11:00,36709.46,31.67,15.7,1.34,3.3,0,920
7/3/2021 12:00,36709.5,32.22,14.8,3.13,3.87,1.35,909
7/3/2021 13:00,36709.55,35.56,14.9,2.24,3.89,1.61,859
7/3/2021 14:00,36709.59,35.56,14.5,1.79,4.24,4,699
7/3/2021 15:00,36709.63,36.67,14.2,2.68,4.22,2.39,622
7/3/2021 16:00,36709.67,37.22,14.7,2.68,4.49,0.88,479
7/3/2021 17:00,36709.71,37.22,14.9,1.79,3.79,3.37,276
7/3/2021 18:00,36709.76,35.56,15.3,3.13,4.26,5.6,86
7/3/2021 19:00,36709.8,33.33,15.1,1.79,4.78,10,6
7/3/2021 20:00,36709.84,30.56,15.1,3.13,4.49,10,0
7/3/2021 21:00,36709.88,29.44,16.3,1.34,4.38,10,0
7/3/2021 22:00,36709.92,27.22,16.1,0.89,4.68,10,0
7/3/2021 23:00,36709.97,25.56,15.2,2.24,4.49,10,0
7/4/2021 0:00,36710,23.89,14.5,1.79,4.31,10,0
7/4/2021 1:00,36710.04,22.78,14.2,1.34,3.47,10,0
7/4/2021 2:00,36710.08,23.33,14,0.89,2.76,10,0
7/4/2021 3:00,36710.13,23.33,13.8,0.45,2.5,10,0
7/4/2021 4:00,36710.17,21.67,13.6,1.34,3.67,10,2
7/4/2021 5:00,36710.21,22.22,14,1.34,0.82,5.82,84
7/4/2021 6:00,36710.25,20,14,1.79,3.47,4.69,255
7/4/2021 7:00,36710.29,23.33,14.6,1.34,3.67,3,453
7/4/2021 8:00,36710.34,27.22,15,0.45,4.31,1.8,632
7/4/2021 9:00,36710.38,30,15.2,0.89,1.9,0.95,775
7/4/2021 10:00,36710.42,32.22,15.6,2.24,3.44,0,880
7/4/2021 11:00,36710.46,32.78,14.4,2.24,3.53,0,939
7/4/2021 12:00,36710.5,32.78,13.8,2.68,4.08,0,939
7/4/2021 13:00,36710.55,35,13.1,3.58,3.94,0,888
7/4/2021 14:00,36710.59,36.67,11.6,2.68,3.47,0,791
7/4/2021 15:00,36710.63,36.11,10.3,2.68,3.84,0,652
7/4/2021 16:00,36710.67,37.22,8.8,0.89,2.74,0.76,479
7/4/2021 17:00,36710.71,36.67,11.1,3.13,4.19,2.71,283
7/4/2021 18:00,36710.76,36.11,12.4,2.24,4.19,2.46,103
7/4/2021 19:00,36710.8,33.33,13.1,3.13,4.59,10,7
7/4/2021 20:00,36710.84,30,13.5,1.79,4.83,10,0
7/4/2021 21:00,36710.88,28.89,15.2,1.34,4.66,10,0
7/4/2021 22:00,36710.92,26.67,14.9,2.24,4.22,10,0
7/4/2021 23:00,36710.97,25.56,13.7,2.24,4.49,10,0
7/5/2021 0:00,36711,23.33,13,1.79,3.84,10,0
7/5/2021 1:00,36711.04,21.67,12.7,2.68,4.07,10,0
7/5/2021 2:00,36711.08,21.11,12.6,1.79,4.05,10,0
7/5/2021 3:00,36711.13,20,12.5,0.89,4.36,10,0
7/5/2021 4:00,36711.17,20,12.4,1.34,3.6,10,2
7/5/2021 5:00,36711.21,20.56,12.6,0.45,3.46,5.86,83
7/5/2021 6:00,36711.25,24.44,12.8,0.45,0.91,4.25,262
7/5/2021 7:00,36711.29,22.22,13.2,1.34,3.68,2.43,462
7/5/2021 8:00,36711.34,26.67,12.9,2.68,3.4,1.62,634
7/5/2021 9:00,36711.38,28.89,13.9,1.34,3.53,0.78,776
7/5/2021 10:00,36711.42,32.22,14.2,0.89,5.43,0,878
7/5/2021 11:00,36711.46,33.89,14.3,1.34,3.4,0,929
7/5/2021 12:00,36711.5,33.89,14.7,3.58,4.5,0,930
7/5/2021 13:00,36711.55,34.44,15,1.79,4.31,0,881
7/5/2021 14:00,36711.59,37.22,13.9,0.89,3.28,0,783
7/5/2021 15:00,36711.63,36.67,12.7,2.68,4.99,1.07,640
7/5/2021 16:00,36711.67,37.22,11.9,4.47,4.22,2.2,465
7/5/2021 17:00,36711.71,36.67,13.1,3.58,4.17,3.63,271
7/5/2021 18:00,36711.76,35,11.8,4.02,4.63,3.47,98
7/5/2021 19:00,36711.8,33.33,11.8,2.68,4.85,10,7
7/5/2021 20:00,36711.84,30.56,13.1,2.68,4.57,10,0
7/5/2021 21:00,36711.88,28.33,14.1,2.68,4.33,10,0
7/5/2021 22:00,36711.92,26.67,14.7,2.68,4.21,10,0
7/5/2021 23:00,36711.97,25,13.8,1.79,4.42,10,0
7/6/2021 0:00,36712,23.33,13.2,1.79,4.19,10,0
7/6/2021 1:00,36712.04,22.78,12.9,1.79,3.82,10,0
7/6/2021 2:00,36712.08,21.67,12.7,1.34,3.47,10,0
7/6/2021 3:00,36712.13,20.56,12.7,1.79,3.49,10,0
7/6/2021 4:00,36712.17,20,12.6,1.79,3.82,10,2
7/6/2021 5:00,36712.21,18.89,12.6,1.79,4.08,5.64,84
7/6/2021 6:00,36712.25,20,12.9,1.79,3.94,4.27,261
7/6/2021 7:00,36712.29,22.22,11.8,0.89,3.86,2.58,459
7/6/2021 8:00,36712.34,26.67,11.8,0.89,5.29,1.42,636
7/6/2021 9:00,36712.38,29.44,12.2,0.89,4.08,0,779
7/6/2021 10:00,36712.42,31.11,12.2,0.89,4.31,0,879
7/6/2021 11:00,36712.46,33.33,13.1,2.68,4.1,0,931
7/6/2021 12:00,36712.5,33.89,13.1,4.47,4.19,0,928
7/6/2021 13:00,36712.55,33.89,12.6,3.13,3.67,0,887
7/6/2021 14:00,36712.59,35,10.6,5.36,4.52,0,785
7/6/2021 15:00,36712.63,36.67,8.9,3.58,4.49,0,651
7/6/2021 16:00,36712.67,36.11,10.1,4.92,4.59,1.44,473
7/6/2021 17:00,36712.71,35.56,11.8,4.92,4.54,3.35,274
7/6/2021 18:00,36712.76,33.89,12.6,5.81,4.36,2.8,100
7/6/2021 19:00,36712.8,31.11,12.4,5.36,4.54,10,7
7/6/2021 20:00,36712.84,28.89,12.8,2.24,4.24,10,0
7/6/2021 21:00,36712.88,27.22,13.4,2.68,3.98,10,0
7/6/2021 22:00,36712.92,25.56,12.7,2.68,4.59,10,0
7/6/2021 23:00,36712.97,25,11.8,2.24,4.29,10,0
7/7/2021 0:00,36713,22.78,11.3,0.89,3.65,10,0
7/7/2021 1:00,36713.04,21.67,10.9,1.34,3.42,10,0
7/7/2021 2:00,36713.08,22.22,9.9,0.89,3.11,10,0
7/7/2021 3:00,36713.13,21.11,9.9,1.34,3.84,10,0
7/7/2021 4:00,36713.17,20.56,10.5,0.89,3.37,10,2
7/7/2021 5:00,36713.21,20.56,10.1,0.45,1.64,5.12,87
7/7/2021 6:00,36713.25,21.67,9.5,0.45,3.3,4.03,264
7/7/2021 7:00,36713.29,22.22,10.2,1.34,3.82,2.4,461
7/7/2021 8:00,36713.34,25.56,10.3,1.34,3.72,1.17,638
7/7/2021 9:00,36713.38,28.33,11,1.34,3.61,0,781
7/7/2021 10:00,36713.42,30.56,11.4,1.34,3.53,0,880
7/7/2021 11:00,36713.46,32.22,11.7,0.89,3.61,0,931
7/7/2021 12:00,36713.5,33.33,12,2.24,4.66,0,929
7/7/2021 13:00,36713.55,35,12.2,2.68,4.54,0,875
7/7/2021 14:00,36713.59,37.78,12.4,4.47,3.89,0.62,776
7/7/2021 15:00,36713.63,37.78,12.3,3.58,4.42,1.43,635
7/7/2021 16:00,36713.67,36.67,12,4.02,4.15,2.52,459
7/7/2021 17:00,36713.71,36.11,9.6,4.02,4.36,3.87,266
7/7/2021 18:00,36713.76,35.56,10.2,3.13,4.71,3.5,96
7/7/2021 19:00,36713.8,32.78,11.9,1.79,3.8,10,7
7/7/2021 20:00,36713.84,30,11.8,2.24,4.36,10,0
7/7/2021 21:00,36713.88,28.89,12.7,1.34,4.07,10,0
7/7/2021 22:00,36713.92,28.33,13.3,0.45,4.01,10,0
7/7/2021 23:00,36713.97,24.44,13.5,1.79,4.22,10,0
7/8/2021 0:00,36714,27.22,13.8,0.45,4.08,10,0
7/8/2021 1:00,36714.04,26.11,14.5,0.45,4.97,10,0
7/8/2021 2:00,36714.08,25.56,14.2,0.89,1.26,10,0
7/8/2021 3:00,36714.13,25.56,13.9,1.34,1.59,10,0
7/8/2021 4:00,36714.17,25.56,13.8,1.79,1.54,10,2
7/8/2021 5:00,36714.21,25.56,14.3,1.79,1.17,7.18,69
7/8/2021 6:00,36714.25,27.22,14.2,1.79,1.64,5.07,245
7/8/2021 7:00,36714.29,26.67,14.5,1.34,3.37,3.6,438
7/8/2021 8:00,36714.34,30,14.4,1.34,4.12,2.68,613
7/8/2021 9:00,36714.38,33.33,14.2,1.34,4.38,2.16,754
7/8/2021 10:00,36714.42,35.56,14.5,2.24,2.64,1.81,853
7/8/2021 11:00,36714.46,35.56,13.6,1.34,4.1,1.73,900
7/8/2021 12:00,36714.5,37.22,13.3,2.24,3.25,1.63,902
7/8/2021 13:00,36714.55,38.89,12.5,1.34,3.04,1.81,853
7/8/2021 14:00,36714.59,38.33,11.8,2.24,3.49,1.96,758
7/8/2021 15:00,36714.63,41.11,12.5,3.58,3.98,2.58,615
7/8/2021 16:00,36714.67,41.11,12.7,2.68,4.4,3.45,441
7/8/2021 17:00,36714.71,40.56,10.3,6.71,5.29,4.62,253
7/8/2021 18:00,36714.76,40,10.2,3.58,4.5,5.35,84
7/8/2021 19:00,36714.8,36.67,9.7,2.24,4.45,10,5
7/8/2021 20:00,36714.84,33.89,10.8,2.24,4.5,10,0
7/8/2021 21:00,36714.88,32.22,11.9,1.79,4.01,10,0
7/8/2021 22:00,36714.92,31.11,13.7,0.89,5.86,10,0
7/8/2021 23:00,36714.97,28.33,14.9,0.89,1.45,10,0
7/9/2021 0:00,36715,28.33,15.5,0.89,1.51,10,0
7/9/2021 1:00,36715.04,28.33,15.4,0.89,1.57,10,0
7/9/2021 2:00,36715.08,28.89,15.7,3.13,0.96,10,0
7/9/2021 3:00,36715.13,28.89,15.8,2.24,0.94,10,0
7/9/2021 4:00,36715.17,27.78,16.5,2.24,0.75,10,2
7/9/2021 5:00,36715.21,28.89,17.7,2.24,0.77,6.67,73
7/9/2021 6:00,36715.25,29.44,16.5,1.79,0.77,5.89,227
7/9/2021 7:00,36715.29,33.33,15.4,0.45,3.93,2.36,460
7/9/2021 8:00,36715.34,34.44,14.7,1.79,3.86,2.74,611
7/9/2021 9:00,36715.38,35,13.6,1.79,3.44,2.26,751
7/9/2021 10:00,36715.42,37.22,12.4,0.45,2.79,2.3,841
7/9/2021 11:00,36715.46,38.33,9.8,2.24,3.61,0.64,915
7/9/2021 12:00,36715.5,40.56,8.7,1.34,3.47,2.7,874
7/9/2021 13:00,36715.55,41.11,10,2.24,4.56,1.46,859
7/9/2021 14:00,36715.59,42.22,10.3,4.47,4.1,1.98,757
7/9/2021 15:00,36715.63,42.78,11.4,3.58,4.76,2.69,612
7/9/2021 16:00,36715.67,42.22,11.2,4.02,5.1,3.59,437
7/9/2021 17:00,36715.71,41.67,12.5,6.26,4.56,5.65,232
7/9/2021 18:00,36715.76,41.11,11.9,4.92,5.1,4.91,86
7/9/2021 19:00,36715.8,39.44,11.5,3.58,4.9,10,5
7/9/2021 20:00,36715.84,37.78,10.7,2.68,4.97,10,0
7/9/2021 21:00,36715.88,35,10.2,1.79,4.26,10,0
7/9/2021 22:00,36715.92,33.89,7.2,1.79,4.07,10,0
7/9/2021 23:00,36715.97,31.11,8.7,0.89,3.37,10,0
7/10/2021 0:00,36716,31.67,9.7,1.79,3.67,10,0
7/10/2021 1:00,36716.04,30,10.3,0.45,3.93,10,0
7/10/2021 2:00,36716.08,30,11.5,0.89,3.25,10,0
7/10/2021 3:00,36716.13,29.44,10.7,1.34,1.01,10,0
7/10/2021 4:00,36716.17,28.89,12.3,1.34,0.8,10,2
7/10/2021 5:00,36716.21,28.33,13,2.68,0.87,6.68,72
7/10/2021 6:00,36716.25,31.11,11.8,0.89,0.03,5.29,239
7/10/2021 7:00,36716.29,30.56,12.7,1.34,3.72,3.91,429
7/10/2021 8:00,36716.34,34.44,12.9,2.68,4.8,3,604
7/10/2021 9:00,36716.38,35.56,13,2.68,3.18,2.41,747
7/10/2021 10:00,36716.42,37.22,12.8,2.24,3.04,2.12,845
7/10/2021 11:00,36716.46,40,13.6,0.89,2.62,1.87,896
7/10/2021 12:00,36716.5,41.11,13.2,3.13,4.61,1.68,900
7/10/2021 13:00,36716.55,41.11,13.2,2.68,5.15,1.75,853
7/10/2021 14:00,36716.59,42.22,11.9,3.58,3.87,1.73,761
7/10/2021 15:00,36716.63,44.44,12.2,3.58,4.83,2.27,620
7/10/2021 16:00,36716.67,42.78,13.9,3.58,4.03,3.64,435
7/10/2021 17:00,36716.71,42.22,14.4,5.81,4.15,4.34,256
7/10/2021 18:00,36716.76,41.11,13.5,4.92,4.5,4.58,87
7/10/2021 19:00,36716.8,39.44,11.4,3.13,4.71,10,5
7/10/2021 20:00,36716.84,37.78,9.5,4.92,5.11,10,0
7/10/2021 21:00,36716.88,35.56,6.9,3.13,4.69,10,0
7/10/2021 22:00,36716.92,35,6.4,1.79,4.33,10,0
7/10/2021 23:00,36716.97,32.78,6,1.79,4.03,10,0
7/11/2021 0:00,36717,32.22,4.3,0.89,3.72,10,0
7/11/2021 1:00,36717.04,31.67,5,0.45,2.6,10,0
7/11/2021 2:00,36717.08,31.11,10.5,1.79,1.57,10,0
7/11/2021 3:00,36717.13,30,12.3,2.24,0.42,10,0
7/11/2021 4:00,36717.17,29.44,11.6,1.34,1.05,10,1
7/11/2021 5:00,36717.21,29.44,12.5,1.34,0.56,7.14,67
7/11/2021 6:00,36717.25,30.56,11.3,1.79,1.12,7.56,183
7/11/2021 7:00,36717.29,34.44,12.3,1.79,0.75,10,135
7/11/2021 8:00,36717.34,33.89,9.6,0.89,4.24,5.52,514
7/11/2021 9:00,36717.38,36.67,10.6,1.34,2.88,3.01,730
7/11/2021 10:00,36717.42,35.56,13.4,3.13,3.07,3.96,781
7/11/2021 11:00,36717.46,39.44,13,2.68,3.42,1.75,898
7/11/2021 12:00,36717.5,40.56,12.7,3.13,3.35,1.55,902
7/11/2021 13:00,36717.55,43.33,11.2,1.34,3.49,1.32,860
7/11/2021 14:00,36717.59,43.89,10.1,3.58,4.5,1.5,764
7/11/2021 15:00,36717.63,43.33,9.8,4.02,4.26,2.05,623
7/11/2021 16:00,36717.67,43.89,8.1,5.81,4.52,2.74,452
7/11/2021 17:00,36717.71,42.22,6.4,5.81,4.9,4.21,257
7/11/2021 18:00,36717.76,40.56,6.2,3.13,4.71,3.61,91
7/11/2021 19:00,36717.8,38.33,8.5,3.58,4.57,10,5
7/11/2021 20:00,36717.84,35,11,2.68,4.56,10,0
7/11/2021 21:00,36717.88,33.89,12.5,2.24,4.15,10,0
7/11/2021 22:00,36717.92,30.56,13.8,2.68,4.49,10,0
7/11/2021 23:00,36717.97,33.89,14,1.79,4.1,10,0
7/12/2021 0:00,36718,27.22,13,0.89,4.38,10,0
7/12/2021 1:00,36718.04,27.22,13.2,0.89,3.39,10,0
7/12/2021 2:00,36718.08,27.22,13,0.89,2.01,10,0
7/12/2021 3:00,36718.13,27.22,11.8,1.79,0.91,10,0
7/12/2021 4:00,36718.17,27.22,12.4,1.79,1.22,10,2
7/12/2021 5:00,36718.21,27.22,13.1,1.34,1.12,6.93,68
7/12/2021 6:00,36718.25,27.78,14,1.79,0.72,6.18,218
7/12/2021 7:00,36718.29,30,13.9,0.89,3.93,4.05,424
7/12/2021 8:00,36718.34,30,13.9,1.79,3.7,2.73,609
7/12/2021 9:00,36718.38,33.33,12.1,0.89,2.6,2.31,748
7/12/2021 10:00,36718.42,35.56,10.1,1.79,4.38,0.96,864
7/12/2021 11:00,36718.46,37.78,8.4,1.34,4,0,920
7/12/2021 12:00,36718.5,38.89,7.6,2.68,3.63,0.34,915
7/12/2021 13:00,36718.55,41.11,8,3.13,4.22,1.58,855
7/12/2021 14:00,36718.59,40.56,9.7,2.68,4.07,2.17,751
7/12/2021 15:00,36718.63,40.56,12.2,2.24,4.08,2.72,609
7/12/2021 16:00,36718.67,41.67,9.7,4.02,5.15,3.12,444
7/12/2021 17:00,36718.71,41.11,10.1,3.58,4.99,4.51,251
7/12/2021 18:00,36718.76,39.44,9.2,3.13,4.71,4.7,84
7/12/2021 19:00,36718.8,36.67,10.8,2.68,4.71,10,5
7/12/2021 20:00,36718.84,33.33,13.4,2.68,4.5,10,0
7/12/2021 21:00,36718.88,31.11,14,3.58,4.29,10,0
7/12/2021 22:00,36718.92,29.44,14.5,1.79,3.98,10,0
7/12/2021 23:00,36718.97,28.89,15.1,1.34,4.07,10,0
7/13/2021 0:00,36719,26.67,15.5,1.79,4.57,10,0
7/13/2021 1:00,36719.04,25,14.7,1.79,4.21,10,0
7/13/2021 2:00,36719.08,25,14.4,1.79,1.69,10,0
7/13/2021 3:00,36719.13,26.11,14.9,0.89,1.03,10,0
7/13/2021 4:00,36719.17,26.11,14.4,1.34,0.98,10,1
7/13/2021 5:00,36719.21,23.33,14.5,1.79,3.49,7.58,61
7/13/2021 6:00,36719.25,22.22,14.7,1.79,3.91,5.91,223
7/13/2021 7:00,36719.29,27.78,14.8,0.89,2.15,4.5,411
7/13/2021 8:00,36719.34,27.78,15.3,2.24,4.17,4.25,564
7/13/2021 9:00,36719.38,30.56,15,2.68,4.4,7.33,504
7/13/2021 10:00,36719.42,31.67,14.8,0.89,3.67,3.63,794
7/13/2021 11:00,36719.46,35,13.5,0.89,3.56,2.29,884
7/13/2021 12:00,36719.5,36.67,13.9,2.24,4.01,2.39,881
7/13/2021 13:00,36719.55,38.89,11.7,1.34,4,2.28,839
7/13/2021 14:00,36719.59,38.33,8.3,3.13,4.42,2.08,752
7/13/2021 15:00,36719.63,39.44,9.9,3.13,4.21,2.49,613
7/13/2021 16:00,36719.67,38.89,13.3,0.89,4.61,3.65,432
7/13/2021 17:00,36719.71,38.89,13.5,2.24,3.53,4.9,243
7/13/2021 18:00,36719.76,36.67,13.8,4.47,4.49,4.65,83
7/13/2021 19:00,36719.8,33.89,14,2.68,4.47,10,6
7/13/2021 20:00,36719.84,31.67,14.3,1.79,4.54,10,0
7/13/2021 21:00,36719.88,31.11,14.2,2.24,4.45,10,0
7/13/2021 22:00,36719.92,30,12.8,1.34,3.91,10,0
7/13/2021 23:00,36719.97,28.89,12.7,1.34,3.37,10,0
7/14/2021 0:00,36720,25,12.4,1.34,3.63,10,0
7/14/2021 1:00,36720.04,23.89,12.7,1.34,3.75,10,0
7/14/2021 2:00,36720.08,23.89,13.1,0.89,3.33,10,0
7/14/2021 3:00,36720.13,21.67,13.2,1.34,2.83,10,0
7/14/2021 4:00,36720.17,22.22,13.2,0.45,2.62,10,1
7/14/2021 5:00,36720.21,18.89,13.6,1.79,3.67,7.38,62
7/14/2021 6:00,36720.25,20,13.7,0.89,3.68,6.05,219
7/14/2021 7:00,36720.29,21.67,14.3,0.89,3.49,4.32,415
7/14/2021 8:00,36720.34,25,15.1,1.79,3.49,3.19,596
7/14/2021 9:00,36720.38,28.89,14.3,0.89,3.91,2.57,740
7/14/2021 10:00,36720.42,30,13,1.79,4.22,2.14,842
7/14/2021 11:00,36720.46,33.33,11.3,2.24,3.63,1.56,900
7/14/2021 12:00,36720.5,34.44,12.2,2.24,3.21,1.44,902
7/14/2021 13:00,36720.55,36.11,12.8,3.13,3.87,1.82,849
7/14/2021 14:00,36720.59,37.22,13.8,2.68,4.15,1.95,754
7/14/2021 15:00,36720.63,36.67,12.6,2.24,3.51,2.45,613
7/14/2021 16:00,36720.67,37.22,11.2,2.68,4.26,3.27,439
7/14/2021 17:00,36720.71,37.22,10.9,2.24,3.86,4.44,250
7/14/2021 18:00,36720.76,36.11,11.3,0.89,4.08,4.23,84
7/14/2021 19:00,36720.8,34.44,13.5,1.79,4.56,10,5
7/14/2021 20:00,36720.84,30.56,14.5,2.68,4.49,10,0
7/14/2021 21:00,36720.88,29.44,14.5,1.56,4.51,10,0
7/14/2021 22:00,36720.92,28.33,15,0.45,4.54,10,0
7/14/2021 23:00,36720.97,26.67,15.2,0.45,5.95,10,0
7/15/2021 0:00,36721,23.89,14.9,2.24,3.89,10,0
7/15/2021 1:00,36721.04,23.89,14.5,0.89,3.3,10,0
7/15/2021 2:00,36721.08,25,14.3,1.79,1.15,10,0
7/15/2021 3:00,36721.13,23.89,13.8,0.89,3.26,10,0
7/15/2021 4:00,36721.17,22.78,13.5,0.45,1.34,10,1
7/15/2021 5:00,36721.21,21.11,13.5,0.89,3.63,7.48,60
7/15/2021 6:00,36721.25,22.78,13.6,0.45,2.23,5.63,227
7/15/2021 7:00,36721.29,26.11,13.7,0.89,1.06,4.01,422
7/15/2021 8:00,36721.34,27.22,13.1,0.89,3.82,2.83,604
7/15/2021 9:00,36721.38,30,12.8,1.34,2.58,2.01,752
7/15/2021 10:00,36721.42,31.67,11.8,0.89,4.19,1.19,859
7/15/2021 11:00,36721.46,32.78,11.7,2.24,3.98,1.63,898
7/15/2021 12:00,36721.5,34.44,12.2,3.13,4.38,1.62,898
7/15/2021 13:00,36721.55,34.44,12.5,1.79,4.61,0,872
7/15/2021 14:00,36721.59,36.11,11.8,1.79,4.22,0,781
7/15/2021 15:00,36721.63,37.22,11,0.89,4.47,0,637
7/15/2021 16:00,36721.67,36.11,9.5,3.13,4.26,1.58,463
7/15/2021 17:00,36721.71,36.11,9.8,4.47,4.17,3.23,266
7/15/2021 18:00,36721.76,35,10,4.02,4.08,1.56,92
7/15/2021 19:00,36721.8,32.22,11,2.68,4.49,10,6
7/15/2021 20:00,36721.84,30.56,12,4.92,5.06,10,0
7/15/2021 21:00,36721.88,28.89,12.3,1.34,4.19,10,0
7/15/2021 22:00,36721.92,27.78,12.7,0.89,4.49,10,0
7/15/2021 23:00,36721.97,25.56,13.3,2.24,4.33,10,0
7/16/2021 0:00,36722,21.67,12.4,2.68,3.91,10,0
7/16/2021 1:00,36722.04,20.56,11.8,2.68,4.01,10,0
7/16/2021 2:00,36722.08,20,11.9,1.34,3.32,10,0
7/16/2021 3:00,36722.13,22.22,12,1.34,1.45,10,0
7/16/2021 4:00,36722.17,20.56,12.1,1.34,2.39,10,1
7/16/2021 5:00,36722.21,18.33,12.3,1.34,3.87,6.78,65
7/16/2021 6:00,36722.25,21.11,12.4,0.89,3.3,5.07,237
7/16/2021 7:00,36722.29,24.44,12.5,0.89,3.84,3.38,435
7/16/2021 8:00,36722.34,25.56,12,0.89,3.8,2.03,619
7/16/2021 9:00,36722.38,27.78,12.3,1.34,2.43,1.37,762
7/16/2021 10:00,36722.42,31.11,12.1,0.45,2.64,0.46,865
7/16/2021 11:00,36722.46,31.11,10.8,1.79,4.21,0,919
7/16/2021 12:00,36722.5,33.89,11,2.24,3.16,0,918
7/16/2021 13:00,36722.55,35,11,1.34,4.4,0,882
7/16/2021 14:00,36722.59,34.44,11,3.13,5.1,6.1,585
7/16/2021 15:00,36722.63,35,11,3.13,4.29,4.05,568
7/16/2021 16:00,36722.67,34.44,10.5,2.68,4.85,8.04,272
7/16/2021 17:00,36722.71,35.56,11.6,4.02,4.14,3.89,256
7/16/2021 18:00,36722.76,33.89,9.8,3.58,4.5,2.53,88
7/16/2021 19:00,36722.8,32.22,10.2,4.02,4.54,10,5
7/16/2021 20:00,36722.84,29.44,9.3,2.24,4.15,10,0
7/16/2021 21:00,36722.88,29.44,10.1,2.24,5.2,10,0
7/16/2021 22:00,36722.92,28.89,11,0.89,4.69,10,0
7/16/2021 23:00,36722.97,26.11,12.8,1.34,3.84,10,0
7/17/2021 0:00,36723,26.11,14,0.89,3.44,10,0
7/17/2021 1:00,36723.04,24.44,13.3,0.89,3.02,10,0
7/17/2021 2:00,36723.08,24.44,13,1.79,1.12,10,0
7/17/2021 3:00,36723.13,23.89,12.8,1.79,1.01,10,0
7/17/2021 4:00,36723.17,23.33,13,1.79,1.48,10,1
7/17/2021 5:00,36723.21,23.33,13.4,2.68,0.82,6.51,66
7/17/2021 6:00,36723.25,25,14.3,2.24,0.72,5,237
7/17/2021 7:00,36723.29,26.11,12.9,0.89,3.68,3.42,433
7/17/2021 8:00,36723.34,28.89,13.4,2.24,3.37,2.31,613
7/17/2021 9:00,36723.38,30.56,13.1,2.68,3.46,1.64,757
7/17/2021 10:00,36723.42,33.33,13.3,1.34,3.25,1.29,856
7/17/2021 11:00,36723.46,34.44,12.7,2.24,3.72,0.16,912
7/17/2021 12:00,36723.5,35,10.8,3.13,4.59,0,913
7/17/2021 13:00,36723.55,37.22,11.4,4.02,4.28,0.96,860
7/17/2021 14:00,36723.59,37.22,10.9,1.79,3.09,0.93,766
7/17/2021 15:00,36723.63,37.22,9.7,2.24,4.22,1.45,626
7/17/2021 16:00,36723.67,38.33,7.7,2.68,3.77,2.37,451
7/17/2021 17:00,36723.71,37.78,9.1,3.13,4.28,4.07,252
7/17/2021 18:00,36723.76,36.67,12.2,3.58,4.45,4.15,80
7/17/2021 19:00,36723.8,33.89,12.3,3.13,4.49,10,4
7/17/2021 20:00,36723.84,31.67,12.1,1.79,4.4,10,0
7/17/2021 21:00,36723.88,29.44,12.5,1.79,3.94,10,0
7/17/2021 22:00,36723.92,28.89,12.2,1.34,4.03,10,0
7/17/2021 23:00,36723.97,27.78,12.7,1.34,5.55,10,0
7/18/2021 0:00,36724,27.78,12.4,1.79,1.17,10,0
7/18/2021 1:00,36724.04,27.22,12.9,2.24,1.03,10,0
7/18/2021 2:00,36724.08,25.56,13.9,0.89,1.54,10,0
7/18/2021 3:00,36724.13,25.56,13.7,0.89,3.56,10,0
7/18/2021 4:00,36724.17,25,13.6,0.45,4.47,10,1
7/18/2021 5:00,36724.21,25,15,0.45,2.74,6.6,64
7/18/2021 6:00,36724.25,26.11,15.2,1.79,0.93,5.75,221
7/18/2021 7:00,36724.29,31.11,13.6,0.89,2.37,5.72,368
7/18/2021 8:00,36724.34,29.44,13.6,3.13,3.21,3.68,578
7/18/2021 9:00,36724.38,31.67,14.3,0.89,3.39,4.04,688
7/18/2021 10:00,36724.42,33.33,14.7,1.79,1.78,3.28,804
7/18/2021 11:00,36724.46,35,14.8,2.24,3.28,0,961
7/18/2021 12:00,36724.5,34.44,13.2,1.34,3.28,5.49,733
7/18/2021 13:00,36724.55,36.11,12.8,1.34,3.67,9.34,374
7/18/2021 14:00,36724.59,37.78,11,0.89,4.8,9.93,276
7/18/2021 15:00,36724.63,37.22,13.8,1.34,3.46,10,217
7/18/2021 16:00,36724.67,36.67,16.6,1.79,4.21,9.96,166
7/18/2021 17:00,36724.71,35.56,14.8,2.24,5.15,8.97,134
7/18/2021 18:00,36724.76,34.44,15.4,1.79,4.85,9.9,32
7/18/2021 19:00,36724.8,33.33,14.2,1.34,4.56,10,2
7/18/2021 20:00,36724.84,31.67,16.1,1.34,3.42,10,0
7/18/2021 21:00,36724.88,31.67,14.7,0.45,5.86,10,0
7/18/2021 22:00,36724.92,30,14.9,0.89,3.82,10,0
7/18/2021 23:00,36724.97,28.33,14.4,0.89,4.43,10,0
7/19/2021 0:00,36725,27.22,14.8,1.34,3.49,10,0
7/19/2021 1:00,36725.04,27.22,15.5,0.89,2.64,10,0
7/19/2021 2:00,36725.08,27.22,16.8,1.79,0.84,10,0
7/19/2021 3:00,36725.13,27.22,17.1,0.89,0.58,10,0
7/19/2021 4:00,36725.17,26.67,16.4,2.68,0.99,10,1
7/19/2021 5:00,36725.21,26.11,17.8,0.89,3.32,5.54,70
7/19/2021 6:00,36725.25,26.67,17.8,1.34,1.29,6.2,210
7/19/2021 7:00,36725.29,27.78,17.2,2.24,0.72,6.85,324
7/19/2021 8:00,36725.34,30,16,0.89,1.15,6.21,474
7/19/2021 9:00,36725.38,31.67,16.4,2.24,3.16,5.56,614
7/19/2021 10:00,36725.42,33.89,15.4,1.79,1.82,0,869
7/19/2021 11:00,36725.46,35.56,13.7,2.24,5.52,1.05,904
7/19/2021 12:00,36725.5,37.22,13,2.24,4.29,2.03,886
7/19/2021 13:00,36725.55,38.33,12.3,2.24,4.1,2.04,840
7/19/2021 14:00,36725.59,39.44,13.2,2.24,3.79,2.34,741
7/19/2021 15:00,36725.63,39.44,10.3,1.79,4.36,2.38,609
7/19/2021 16:00,36725.67,40,11.2,3.58,4.42,3.32,432
7/19/2021 17:00,36725.71,39.44,13.5,2.68,4.49,5.04,233
7/19/2021 18:00,36725.76,37.22,12.4,2.68,4.29,5.57,69
7/19/2021 19:00,36725.8,34.44,8.5,3.58,4.54,10,4
7/19/2021 20:00,36725.84,32.22,6.9,1.79,4.22,10,0
7/19/2021 21:00,36725.88,29.44,8.7,2.24,4.14,10,0
7/19/2021 22:00,36725.92,27.78,9.5,1.34,4.68,10,0
7/19/2021 23:00,36725.97,28.89,10.1,0.89,1.71,10,0
7/20/2021 0:00,36726,25.56,10.9,1.34,4.29,10,0
7/20/2021 1:00,36726.04,25,11.5,0.89,4.12,10,0
7/20/2021 2:00,36726.08,25,11.4,0.89,3.65,10,0
7/20/2021 3:00,36726.13,25.56,13,2.24,1.22,10,0
7/20/2021 4:00,36726.17,25.56,12.7,1.34,1.54,10,1
7/20/2021 5:00,36726.21,26.11,13.9,0.45,3.32,6.91,59
7/20/2021 6:00,36726.25,25,13.7,0.45,0.93,5.32,227
7/20/2021 7:00,36726.29,28.33,12.5,0.89,0.52,3.71,423
7/20/2021 8:00,36726.34,30.56,12.3,2.24,3.23,2.68,602
7/20/2021 9:00,36726.38,32.22,12.5,1.79,3.37,2.02,747
7/20/2021 10:00,36726.42,34.44,13,1.34,3.56,1.55,849
7/20/2021 11:00,36726.46,36.11,14.1,1.79,4.33,1.05,903
7/20/2021 12:00,36726.5,38.33,13.8,3.13,3.89,0.3,909
7/20/2021 13:00,36726.55,37.78,12.8,2.68,4.15,0.5,861
7/20/2021 14:00,36726.59,38.89,12.7,4.02,4.42,0.48,766
7/20/2021 15:00,36726.63,38.33,12.4,4.92,4.42,1.21,625
7/20/2021 16:00,36726.67,38.89,10.2,6.26,5.13,2.07,451
7/20/2021 17:00,36726.71,38.33,7.9,7.15,4.57,3.61,254
7/20/2021 18:00,36726.76,37.22,8.3,4.02,4.82,2.14,82
7/20/2021 19:00,36726.8,33.89,9.2,3.13,4.47,10,4
7/20/2021 20:00,36726.84,31.67,9.5,1.79,4.78,10,0
7/20/2021 21:00,36726.88,28.89,11.7,2.24,4.21,10,0
7/20/2021 22:00,36726.92,26.67,12,2.68,4.4,10,0
7/20/2021 23:00,36726.97,26.67,10.8,1.34,4.22,10,0
7/21/2021 0:00,36727,23.33,9.8,2.68,4.56,10,0
7/21/2021 1:00,36727.04,21.67,8.9,1.34,3.61,10,0
7/21/2021 2:00,36727.08,20.56,8.3,1.79,3.96,10,0
7/21/2021 3:00,36727.13,20,8.6,0.45,1.43,10,0
7/21/2021 4:00,36727.17,20.56,9,0.45,2.36,10,1
7/21/2021 5:00,36727.21,20.56,10.3,1.34,1.64,6.31,62
7/21/2021 6:00,36727.25,21.11,10.3,0.89,2.81,4.81,235
7/21/2021 7:00,36727.29,22.22,10.2,0.89,3.93,3.16,433
7/21/2021 8:00,36727.34,26.67,10.9,1.79,3.46,1.86,616
7/21/2021 9:00,36727.38,29.44,11.5,0.89,4.83,0.92,762
7/21/2021 10:00,36727.42,30.56,11.5,3.13,3.28,0.3,861
7/21/2021 11:00,36727.46,31.67,12,1.79,3.77,0,914
7/21/2021 12:00,36727.5,33.33,10.4,0.89,3.3,0,926
7/21/2021 13:00,36727.55,35.56,8.8,0.89,4.24,0,877
7/21/2021 14:00,36727.59,37.78,7.7,3.58,4.12,0,777
7/21/2021 15:00,36727.63,38.33,6.1,2.24,4.35,0,634
7/21/2021 16:00,36727.67,37.78,6.2,2.24,4.07,1.57,455
7/21/2021 17:00,36727.71,37.22,3.5,3.58,4.17,3.06,259
7/21/2021 18:00,36727.76,36.11,3.9,3.58,4.45,0,86
7/21/2021 19:00,36727.8,33.89,5.5,3.58,4.4,10,3
7/21/2021 20:00,36727.84,31.11,7,2.24,4.63,10,0
7/21/2021 21:00,36727.88,29.07,9.2,2.24,4.5,10,0
7/21/2021 22:00,36727.92,27.04,9.9,2.24,4.38,10,0
7/21/2021 23:00,36727.97,25,9.9,4.02,4.26,10,0
7/22/2021 0:00,36728,25.42,9.5,2.24,3.91,10,0
7/22/2021 1:00,36728.04,25.83,7.9,2.24,3.56,10,0
7/22/2021 2:00,36728.08,26.25,7.6,2.24,3.21,10,0
7/22/2021 3:00,36728.13,26.67,8.1,2.24,2.86,10,0
7/22/2021 4:00,36728.17,27.08,8.9,2.24,2.51,10,0
7/22/2021 5:00,36728.21,27.5,8.9,2.24,2.16,6.38,60
7/22/2021 6:00,36728.25,27.92,9.3,2.24,1.82,4.54,238
7/22/2021 7:00,36728.29,28.33,9.2,2.24,1.47,0,503
7/22/2021 8:00,36728.34,28.89,8.9,1.79,3.93,1.19,623
7/22/2021 9:00,36728.38,32.22,8.4,1.34,3.91,1.11,759
7/22/2021 10:00,36728.42,33.33,8.7,1.34,3.04,0,874
7/22/2021 11:00,36728.46,34.44,7.9,1.79,3.58,0,912
7/22/2021 12:00,36728.5,36.11,7.7,2.68,4.35,0,919
7/22/2021 13:00,36728.55,37.78,6.8,2.68,4.42,0,874
7/22/2021 14:00,36728.59,37.78,7.2,3.58,4.19,0,780
7/22/2021 15:00,36728.63,40,7.1,3.13,4.59,0,639
7/22/2021 16:00,36728.67,38.89,4.5,3.13,4.59,5.2,380
7/22/2021 17:00,36728.71,38.33,3.2,3.13,4.87,4.97,230
7/22/2021 18:00,36728.76,36.67,6,4.47,4.61,0,82
7/22/2021 19:00,36728.8,33.89,8.1,3.58,4.57,10,5
7/22/2021 20:00,36728.84,31.11,8.7,2.68,4.54,10,0
7/22/2021 21:00,36728.88,29.44,9.8,2.24,4.29,10,0
7/22/2021 22:00,36728.92,28.33,11.2,1.79,3.74,10,0
7/22/2021 23:00,36728.97,27.22,11.4,2.24,3.19,10,0
7/23/2021 0:00,36729,26.11,11.4,1.34,2.64,10,0
7/23/2021 1:00,36729.04,25,10.8,1.34,2.09,10,0
7/23/2021 2:00,36729.08,23.89,10.4,1.34,1.54,10,0
7/23/2021 3:00,36729.13,23.89,10.6,0.89,1.68,10,0
7/23/2021 4:00,36729.17,23.89,11.4,0.89,1.26,10,0
7/23/2021 5:00,36729.21,24.44,11.9,1.79,0.84,7.68,49
7/23/2021 6:00,36729.25,25.56,12.4,1.79,1.17,5.25,224
7/23/2021 7:00,36729.29,27.78,12.5,1.79,2.04,4.04,411
7/23/2021 8:00,36729.34,28.33,12.7,0.89,3.07,2.4,604
7/23/2021 9:00,36729.38,30,12.7,3.58,3.19,1.9,746
7/23/2021 10:00,36729.42,31.11,13,1.34,1.29,1.81,841
7/23/2021 11:00,36729.46,33.33,9.8,0.89,4.12,0,908
7/23/2021 12:00,36729.5,35.56,7.8,1.79,4.71,4.17,804
7/23/2021 13:00,36729.55,35.56,7.6,3.58,4.28,0,873
7/23/2021 14:00,36729.59,38.33,4.7,3.58,4.4,0,790
7/23/2021 15:00,36729.63,38.33,3.9,1.79,5.99,0,632
7/23/2021 16:00,36729.67,38.89,5,1.34,3.19,1.05,456
7/23/2021 17:00,36729.71,37.78,7.9,4.02,4.15,3.2,254
7/23/2021 18:00,36729.76,37.22,8.7,3.13,4.36,0,82
7/23/2021 19:00,36729.8,35,8.6,2.24,4.36,10,3
7/23/2021 20:00,36729.84,32.22,9.7,1.34,4.83,10,0
7/23/2021 21:00,36729.88,32.22,11,0.45,4.42,10,0
7/23/2021 22:00,36729.92,31.11,12.2,1.34,4.5,10,0
7/23/2021 23:00,36729.97,26.67,10.9,1.34,4.15,10,0
7/24/2021 0:00,36730,26.11,11.1,1.79,1.64,10,0
7/24/2021 1:00,36730.04,27.22,11.3,1.34,1.03,10,0
7/24/2021 2:00,36730.08,24.44,12,0.89,3.19,10,0
7/24/2021 3:00,36730.13,24.44,12.3,0.45,5.85,10,0
7/24/2021 4:00,36730.17,22.78,13.2,0.89,2.95,10,0
7/24/2021 5:00,36730.21,23.89,13.6,1.79,1.26,6.52,56
7/24/2021 6:00,36730.25,25,14.2,1.79,0.91,4.94,228
7/24/2021 7:00,36730.29,27.78,12.4,0.45,0.75,3.54,421
7/24/2021 8:00,36730.34,28.89,11.7,0.45,2.86,2.43,602
7/24/2021 9:00,36730.38,31.11,12.8,0.89,2.57,1.83,746
7/24/2021 10:00,36730.42,33.89,12.4,1.34,2.55,1.6,844
7/24/2021 11:00,36730.46,33.89,11.3,1.34,3.25,0,910
7/24/2021 12:00,36730.5,34.44,11.5,1.79,4.35,0,910
7/24/2021 13:00,36730.55,37.22,11.2,1.79,4.14,1.28,849
7/24/2021 14:00,36730.59,38.33,10.6,4.02,4.14,1.51,751
7/24/2021 15:00,36730.63,37.78,8.1,3.13,4.49,1.89,611
7/24/2021 16:00,36730.67,38.89,8.5,4.92,4.31,0,473
7/24/2021 17:00,36730.71,38.33,7.9,3.13,4.4,2.52,259
7/24/2021 18:00,36730.76,37.22,7.8,2.24,4.8,0,93
7/24/2021 19:00,36730.8,35.56,9.5,2.68,4.73,10,6
7/24/2021 20:00,36730.84,31.67,11.3,3.13,4.49,10,0
7/24/2021 21:00,36730.88,30.56,12.7,0.45,3.68,10,0
7/24/2021 22:00,36730.92,29.44,12.8,2.24,4.52,10,0
7/24/2021 23:00,36730.97,26.11,11.9,2.24,4.28,10,0
7/25/2021 0:00,36731,26.11,12.3,1.79,3.94,10,0
7/25/2021 1:00,36731.04,26.67,11.5,1.34,0.96,10,0
7/25/2021 2:00,36731.08,25.56,11,0.89,3.47,10,0
7/25/2021 3:00,36731.13,25.56,11.6,0.89,1.01,10,0
7/25/2021 4:00,36731.17,26.11,11.5,1.34,1.43,10,0
7/25/2021 5:00,36731.21,25.56,11.7,0.89,1.34,7.32,49
7/25/2021 6:00,36731.25,23.33,11.9,1.79,3.37,6.47,196
7/25/2021 7:00,36731.29,26.11,12.2,0.89,3.74,4,409
7/25/2021 8:00,36731.34,28.33,12.2,1.79,4.22,4.08,557
7/25/2021 9:00,36731.38,30.56,12.4,2.24,2.48,2.47,731
7/25/2021 10:00,36731.42,32.78,10.6,1.34,2.18,2.24,829
7/25/2021 11:00,36731.46,34.44,10.6,0.89,2.44,3.36,838
7/25/2021 12:00,36731.5,35,11.8,2.68,4.69,3.58,829
7/25/2021 13:00,36731.55,36.11,13.3,3.58,4.76,2.03,834
7/25/2021 14:00,36731.59,37.78,12.2,3.13,4.14,1.49,750
7/25/2021 15:00,36731.63,38.33,9.4,2.24,3.77,4.13,555
7/25/2021 16:00,36731.67,37.78,8.1,4.02,4.22,3.89,411
7/25/2021 17:00,36731.71,37.22,8.1,4.92,4.68,7.03,182
7/25/2021 18:00,36731.76,35.56,8.6,3.58,4.69,9.45,31
7/25/2021 19:00,36731.8,34.44,9.8,3.58,4.4,10,1
7/25/2021 20:00,36731.84,32.22,9.5,2.24,4.59,10,0
7/25/2021 21:00,36731.88,30.56,7.8,1.34,3.6,10,0
7/25/2021 22:00,36731.92,29.44,8.4,2.68,4.5,10,0
7/25/2021 23:00,36731.97,27.22,10,1.34,4.31,10,0
7/26/2021 0:00,36732,27.22,10.2,2.24,4.24,10,0
7/26/2021 1:00,36732.04,26.11,10.7,1.34,4.36,10,0
7/26/2021 2:00,36732.08,25,11.7,0.45,4.1,10,0
7/26/2021 3:00,36732.13,25.56,12.3,1.79,3.42,10,0
7/26/2021 4:00,36732.17,25.56,12.3,0.89,3.79,10,0
7/26/2021 5:00,36732.21,24.44,12.6,1.34,4.5,10,15
7/26/2021 6:00,36732.25,25.56,12.7,0.89,3.39,10,82
7/26/2021 7:00,36732.29,27.22,10.7,2.24,1.82,7.93,269
7/26/2021 8:00,36732.34,28.89,10.6,0.89,2.16,9,295
7/26/2021 9:00,36732.38,28.89,9.4,1.79,3.12,7.97,446
7/26/2021 10:00,36732.42,28.89,10.1,1.34,2.81,5.7,675
7/26/2021 11:00,36732.46,31.67,8.5,1.34,3.91,1.11,896
7/26/2021 12:00,36732.5,33.33,6.7,1.34,2.95,2.95,852
7/26/2021 13:00,36732.55,33.89,5.8,1.79,2.57,2.38,824
7/26/2021 14:00,36732.59,34.44,5.5,4.47,4.03,2.61,726
7/26/2021 15:00,36732.63,34.44,4.8,1.34,2.76,2.02,606
7/26/2021 16:00,36732.67,35.56,5.1,2.24,3.42,2.54,435
7/26/2021 17:00,36732.71,35,5.2,1.79,3.26,6.64,190
7/26/2021 18:00,36732.76,34.44,8.9,1.79,3.05,7.98,42
7/26/2021 19:00,36732.8,32.22,9.4,2.68,3.33,10,2
7/26/2021 20:00,36732.84,30.56,12.1,0.89,2.06,10,0
7/26/2021 21:00,36732.88,29.44,12.9,0.89,2.09,10,0
7/26/2021 22:00,36732.92,28.89,13.4,0.89,2.55,10,0
7/26/2021 23:00,36732.97,28.89,14.6,1.79,4.76,10,0
7/27/2021 0:00,36733,28.33,10.1,0.89,2.41,10,0
7/27/2021 1:00,36733.04,27.22,10.2,0.89,3.7,10,0
7/27/2021 2:00,36733.08,27.22,10.9,0.45,1.82,10,0
7/27/2021 3:00,36733.13,26.67,10.3,1.34,0.21,10,0
7/27/2021 4:00,36733.17,26.67,9.9,1.79,0.82,10,0
7/27/2021 5:00,36733.21,25.56,9.2,0.45,2.3,6.19,53
7/27/2021 6:00,36733.25,26.67,11.7,0.45,1.87,0,318
7/27/2021 7:00,36733.29,27.22,11.9,0.89,3.53,3.45,418
7/27/2021 8:00,36733.34,28.89,13.1,1.79,3.82,2.41,598
7/27/2021 9:00,36733.38,31.67,14.2,0.89,4.05,1.89,741
7/27/2021 10:00,36733.42,31.67,14.8,1.79,4.15,1.5,842
7/27/2021 11:00,36733.46,35,15.2,1.79,4.97,0.84,898
7/27/2021 12:00,36733.5,36.11,15.8,1.79,4.4,0,904
7/27/2021 13:00,36733.55,38.33,15,1.34,4.57,0,858
7/27/2021 14:00,36733.59,38.89,14.3,1.34,4.56,0,760
7/27/2021 15:00,36733.63,38.89,13.7,3.58,4.28,0.85,618
7/27/2021 16:00,36733.67,39.44,13.6,2.24,3.87,1.96,441
7/27/2021 17:00,36733.71,39.44,12.3,3.13,4.47,3.25,246
7/27/2021 18:00,36733.76,37.78,12.3,3.58,4.61,0,74
7/27/2021 19:00,36733.8,35.56,13.5,3.13,4.82,10,2
7/27/2021 20:00,36733.84,32.78,13,2.68,4.56,10,0
7/27/2021 21:00,36733.88,30.56,12.8,2.24,4.45,10,0
7/27/2021 22:00,36733.92,28.33,14.2,2.68,4.66,10,0
7/27/2021 23:00,36733.97,28.89,13.7,1.34,1.95,10,0
7/28/2021 0:00,36734,24.44,13.5,2.24,4.69,10,0
7/28/2021 1:00,36734.04,23.33,13.5,0.89,4.12,10,0
7/28/2021 2:00,36734.08,22.78,13.3,0.89,4.08,10,0
7/28/2021 3:00,36734.13,21.67,13.2,0.89,3.56,10,0
7/28/2021 4:00,36734.17,22.22,13.1,0.89,3.39,10,0
7/28/2021 5:00,36734.21,21.67,13.1,0.45,2.04,7.23,45
7/28/2021 6:00,36734.25,23.33,13.5,1.79,0.86,6.84,183
7/28/2021 7:00,36734.29,22.22,13.6,1.79,3.7,3.79,409
7/28/2021 8:00,36734.34,27.22,14.2,0.89,3.58,2.43,596
7/28/2021 9:00,36734.38,29.44,14,2.68,3.28,0,762
7/28/2021 10:00,36734.42,31.11,14.1,2.68,3.35,0,863
7/28/2021 11:00,36734.46,33.33,14,1.79,3.56,0,920
7/28/2021 12:00,36734.5,34.44,15.4,1.79,3.14,0,905
7/28/2021 13:00,36734.55,35.56,15,1.34,3.96,0.95,848
7/28/2021 14:00,36734.59,37.22,12.9,1.79,3.93,1.26,749
7/28/2021 15:00,36734.63,37.22,14,2.24,3.87,1.95,604
7/28/2021 16:00,36734.67,38.33,14.6,2.24,4.05,2.83,427
7/28/2021 17:00,36734.71,37.78,13.9,4.02,4.17,3.75,238
7/28/2021 18:00,36734.76,37.22,13.3,4.92,4.26,2.56,64
7/28/2021 19:00,36734.8,35,14.3,3.58,4.73,10,1
7/28/2021 20:00,36734.84,32.22,15.2,2.24,4.29,10,0
7/28/2021 21:00,36734.88,31.11,16,2.68,4.47,10,0
7/28/2021 22:00,36734.92,29.44,15.1,2.24,4.29,10,0
7/28/2021 23:00,36734.97,26.11,14.5,2.24,4.36,10,0
7/29/2021 0:00,36735,27.22,13.8,1.79,4.61,10,0
7/29/2021 1:00,36735.04,26.11,14,0.89,3.51,10,0
7/29/2021 2:00,36735.08,26.67,13.8,0.45,4.66,10,0
7/29/2021 3:00,36735.13,25,14,1.34,4.31,10,0
7/29/2021 4:00,36735.17,25.56,14,2.24,1.12,10,0
7/29/2021 5:00,36735.21,25,14.3,0.89,2.22,8.06,38
7/29/2021 6:00,36735.25,23.89,15.2,1.34,3.56,6.08,198
7/29/2021 7:00,36735.29,27.22,14.9,1.79,0.54,4.27,396
7/29/2021 8:00,36735.34,29.44,14.8,1.34,5.67,3.31,574
7/29/2021 9:00,36735.38,32.22,14.3,0.89,3.98,2.65,721
7/29/2021 10:00,36735.42,33.33,13.8,1.34,3.09,2.91,805
7/29/2021 11:00,36735.46,35,14.1,1.34,1.87,2.29,869
7/29/2021 12:00,36735.5,36.11,13.6,2.24,3.87,1.92,878
7/29/2021 13:00,36735.55,35.56,14.1,2.24,4.07,2.81,808
7/29/2021 14:00,36735.59,38.89,14.3,0.89,4.07,1.76,740
7/29/2021 15:00,36735.63,38.89,13.8,1.79,4.07,0,653
7/29/2021 16:00,36735.67,40,13.6,2.68,4.01,4.16,398
7/29/2021 17:00,36735.71,39.44,12.5,2.68,3.94,4.85,220
7/29/2021 18:00,36735.76,38.33,14.6,4.47,4.42,3.9,58
7/29/2021 19:00,36735.8,36.67,15.1,3.58,4.78,10,2
7/29/2021 20:00,36735.84,34.44,15.9,3.13,4.47,10,0
7/29/2021 21:00,36735.88,32.78,15.7,2.24,4.08,10,0
7/29/2021 22:00,36735.92,31.67,17,2.24,4.26,10,0
7/29/2021 23:00,36735.97,27.78,16.3,2.24,3.79,10,0
7/30/2021 0:00,36736,29.44,15.2,2.24,3.79,10,0
7/30/2021 1:00,36736.04,28.89,15.7,1.34,3.98,10,0
7/30/2021 2:00,36736.08,28.33,16.4,0.45,4.26,10,0
7/30/2021 3:00,36736.13,27.78,15.5,0.45,4,10,0
7/30/2021 4:00,36736.17,27.22,14.9,0.89,3.46,10,0
7/30/2021 5:00,36736.21,26.11,16.3,0.89,3.63,6.47,46
7/30/2021 6:00,36736.25,27.78,15.7,0.45,2.86,6.48,188
7/30/2021 7:00,36736.29,30,16.1,2.24,1.57,4.81,380
7/30/2021 8:00,36736.34,31.67,15.6,1.79,2.16,2.88,583
7/30/2021 9:00,36736.38,33.33,15,1.79,2.34,3.44,696
7/30/2021 10:00,36736.42,35,15.5,2.24,3.26,4.76,725
7/30/2021 11:00,36736.46,36.67,15.2,2.68,3.26,4.92,757
7/30/2021 12:00,36736.5,37.22,15.2,0.89,4.15,4.74,767
7/30/2021 13:00,36736.55,38.33,15.8,1.34,3.47,0,853
7/30/2021 14:00,36736.59,38.89,16.4,2.24,4.1,0,774
7/30/2021 15:00,36736.63,40.56,16.7,1.34,1.94,3.03,579
7/30/2021 16:00,36736.67,40.56,16,1.79,4.5,5.55,357
7/30/2021 17:00,36736.71,40.56,15,1.79,4.33,8.27,143
7/30/2021 18:00,36736.76,37.78,14.4,3.13,4.47,6.66,44
7/30/2021 19:00,36736.8,37.22,14.8,4.47,5.1,10,2
7/30/2021 20:00,36736.84,35,14.7,2.24,4.47,10,0
7/30/2021 21:00,36736.88,32.78,15.7,2.68,3.96,10,0
7/30/2021 22:00,36736.92,31.11,15.4,3.58,4.33,10,0
7/30/2021 23:00,36736.97,31.11,14.5,2.68,4.42,10,0
7/31/2021 0:00,36737,28.89,13.6,1.34,3.21,10,0
7/31/2021 1:00,36737.04,27.78,13.8,2.24,3.4,10,0
7/31/2021 2:00,36737.08,26.67,14.5,1.34,3,10,0
7/31/2021 3:00,36737.13,27.22,14.8,1.79,1.38,10,0
7/31/2021 4:00,36737.17,26.67,14.5,0.89,1.5,10,0
7/31/2021 5:00,36737.21,26.11,13.8,0.89,2.9,7.06,41
7/31/2021 6:00,36737.25,25,13.9,1.34,3.53,7.76,156
7/31/2021 7:00,36737.29,26.11,14.8,1.34,3.46,8.84,219
7/31/2021 8:00,36737.34,27.78,15.3,0.89,3.39,3.73,559
7/31/2021 9:00,36737.38,30,13.8,2.24,2.9,3.69,686
7/31/2021 10:00,36737.42,31.67,11.7,0.89,5.24,4.68,728
7/31/2021 11:00,36737.46,33.89,12.1,1.34,3.16,5.25,736
7/31/2021 12:00,36737.5,34.44,13.1,1.79,4.17,5.04,749
7/31/2021 13:00,36737.55,38.33,13.1,1.79,4.66,5.38,689
7/31/2021 14:00,36737.59,38.33,12.9,1.79,5.85,7.45,481
7/31/2021 15:00,36737.63,37.78,12.8,1.79,4.29,1.81,601
7/31/2021 16:00,36737.67,39.44,10.8,1.34,3.4,2.85,421
7/31/2021 17:00,36737.71,38.33,11.8,1.79,4.96,3.97,229
7/31/2021 18:00,36737.76,37.78,10.6,2.68,4.52,0,61
7/31/2021 19:00,36737.8,35,10.5,2.24,4.5,10,2
7/31/2021 20:00,36737.84,32.22,12.1,2.68,4.87,10,0
7/31/2021 21:00,36737.88,30.56,13.9,0.89,5.13,10,0
7/31/2021 22:00,36737.92,28.89,15.1,1.79,4.08,10,0
7/31/2021 23:00,36737.97,29.44,14.7,1.79,4.14,10,0
8/1/2021 0:00,36738,25.56,13.8,1.34,3.91,10,0
8/1/2021 1:00,36738.04,23.89,13.3,2.24,4.22,10,0
8/1/2021 2:00,36738.08,23.89,13.4,1.34,0.96,10,0
8/1/2021 3:00,36738.13,23.89,13.6,0.89,3.33,10,0
8/1/2021 4:00,36738.17,23.89,13.4,0.89,3.7,10,0
8/1/2021 5:00,36738.21,21.67,13.8,1.34,3.74,7.81,35
8/1/2021 6:00,36738.25,23.89,14.3,1.34,1.19,5.5,204
8/1/2021 7:00,36738.29,26.67,14.4,1.34,1.71,3.69,404
8/1/2021 8:00,36738.34,30,14.3,0.45,2.22,2.33,591
8/1/2021 9:00,36738.38,30.56,13.7,1.79,3.14,1.34,742
8/1/2021 10:00,36738.42,31.67,13.5,3.13,3.3,0.26,847
8/1/2021 11:00,36738.46,33.33,11.7,3.58,3.3,0,904
8/1/2021 12:00,36738.5,36.67,10.5,1.34,4.07,0,908
8/1/2021 13:00,36738.55,36.67,9.9,2.68,4.05,0,870
8/1/2021 14:00,36738.59,39.44,8.7,1.34,5.78,0,771
8/1/2021 15:00,36738.63,40,8.9,2.24,4.56,0,623
8/1/2021 16:00,36738.67,40.56,8.6,1.79,4.26,1.07,439
8/1/2021 17:00,36738.71,40,7.1,1.79,4.07,2.79,240
8/1/2021 18:00,36738.76,39.44,8.4,1.34,4.45,0,67
8/1/2021 19:00,36738.8,36.67,12.6,0.89,3.74,10,1
8/1/2021 20:00,36738.84,32.22,13.9,1.79,4.29,10,0
8/1/2021 21:00,36738.88,30,14.1,2.68,4.29,10,0
8/1/2021 22:00,36738.92,27.78,13.1,1.34,3.98,10,0
8/1/2021 23:00,36738.97,26.67,12.3,1.79,3.79,10,0
8/2/2021 0:00,36739,24.44,12,1.34,3.56,10,0
8/2/2021 1:00,36739.04,22.78,11.5,1.34,3.72,10,0
8/2/2021 2:00,36739.08,21.11,11.3,1.34,4.35,10,0
8/2/2021 3:00,36739.13,18.89,11,1.34,4.15,10,0
8/2/2021 4:00,36739.17,21.11,11,1.79,0.99,10,0
8/2/2021 5:00,36739.21,18.89,11.4,1.34,3.56,4.51,48
8/2/2021 6:00,36739.25,20,12.2,0.89,3.47,4.66,216
8/2/2021 7:00,36739.29,20.56,12.5,1.34,4.12,2.89,417
8/2/2021 8:00,36739.34,24.44,12.9,0.45,3.93,1.49,602
8/2/2021 9:00,36739.38,28.33,12.9,2.24,3.3,0,755
8/2/2021 10:00,36739.42,30,13.3,0.89,4.19,0,861
8/2/2021 11:00,36739.46,32.22,13.6,1.34,4.05,0,918
8/2/2021 12:00,36739.5,34.44,12.2,3.58,4.59,0,920
8/2/2021 13:00,36739.55,35,12.6,1.79,3.14,0,864
8/2/2021 14:00,36739.59,36.67,11.3,1.79,4.12,0,767
8/2/2021 15:00,36739.63,36.67,10.6,2.68,4.35,0,618
8/2/2021 16:00,36739.67,37.22,9.5,4.02,5.06,1.05,437
8/2/2021 17:00,36739.71,36.67,9.9,3.58,4.57,2.75,238
8/2/2021 18:00,36739.76,35.56,10.1,2.68,4.9,0,65
8/2/2021 19:00,36739.8,32.78,10.2,2.68,4.47,10,1
8/2/2021 20:00,36739.84,29.44,12.5,2.68,4.15,10,0
8/2/2021 21:00,36739.88,27.22,12.2,2.68,4.08,10,0
8/2/2021 22:00,36739.92,26.11,11,2.68,4.24,10,0
8/2/2021 23:00,36739.97,25.56,10.8,1.79,4.38,10,0
8/3/2021 0:00,36740,23.89,10.2,0.89,0.49,10,0
8/3/2021 1:00,36740.04,24.44,10.1,2.24,1.17,10,0
8/3/2021 2:00,36740.08,25,9.7,1.34,1.31,10,0
8/3/2021 3:00,36740.13,23.33,9.7,0.89,3.02,10,0
8/3/2021 4:00,36740.17,23.89,9.9,0.45,0.86,10,0
8/3/2021 5:00,36740.21,23.33,10.3,1.79,1.27,5.82,41
8/3/2021 6:00,36740.25,25,10.2,0.45,0.93,5.45,201
8/3/2021 7:00,36740.29,21.67,10.5,1.79,3.72,3.59,402
8/3/2021 8:00,36740.34,25.56,11.5,0.89,3.67,2.35,587
8/3/2021 9:00,36740.38,29.44,11.9,0.89,3.65,1.53,736
8/3/2021 10:00,36740.42,32.22,12.2,1.79,3.42,0.63,842
8/3/2021 11:00,36740.46,34.44,12.4,2.24,3.8,0,898
8/3/2021 12:00,36740.5,35,11.6,2.68,4.38,0,902
8/3/2021 13:00,36740.55,37.22,10.7,3.58,4.35,0,852
8/3/2021 14:00,36740.59,38.89,9.2,4.47,3.98,0,757
8/3/2021 15:00,36740.63,38.89,8.1,5.81,5.17,0,613
8/3/2021 16:00,36740.67,38.89,8.7,5.36,4.5,1.77,429
8/3/2021 17:00,36740.71,38.33,6.9,4.92,4.26,3.14,232
8/3/2021 18:00,36740.76,37.78,8.7,3.13,4.64,0,63
8/3/2021 19:00,36740.8,35,10.7,2.68,4.54,10,1
8/3/2021 20:00,36740.84,31.67,12.2,1.79,4.21,10,0
8/3/2021 21:00,36740.88,29.44,11.8,1.79,4.24,10,0
8/3/2021 22:00,36740.92,28.33,11.8,1.34,4.49,10,0
8/3/2021 23:00,36740.97,24.44,13.1,1.79,3.8,10,0
8/4/2021 0:00,36741,27.78,13.3,1.34,1.41,10,0
8/4/2021 1:00,36741.04,26.67,11.2,1.34,0.44,10,0
8/4/2021 2:00,36741.08,26.11,11.5,1.79,1.03,10,0
8/4/2021 3:00,36741.13,25.56,11.7,2.24,1.17,10,0
8/4/2021 4:00,36741.17,25,12.5,2.24,1.22,10,0
8/4/2021 5:00,36741.21,25.56,13.2,2.24,1.22,4.57,43
8/4/2021 6:00,36741.25,26.11,14.1,0.89,0.93,4.96,207
8/4/2021 7:00,36741.29,28.33,13.6,2.68,1.24,3.44,403
8/4/2021 8:00,36741.34,30.56,13.8,1.34,3.65,2.35,585
8/4/2021 9:00,36741.38,32.22,13,1.79,3.44,2.01,726
8/4/2021 10:00,36741.42,34.44,11.8,1.34,4.29,1.25,834
8/4/2021 11:00,36741.46,35,12.6,2.24,4.61,0,892
8/4/2021 12:00,36741.5,36.67,11.7,3.13,4.61,0,896
8/4/2021 13:00,36741.55,38.33,10.1,0.89,3.96,0,849
8/4/2021 14:00,36741.59,40,8.6,2.24,4.42,0,748
8/4/2021 15:00,36741.63,40.56,7.2,3.58,4.05,0.91,603
8/4/2021 16:00,36741.67,40,6.4,4.02,4.54,2.2,422
8/4/2021 17:00,36741.71,39.44,8,4.92,5.24,3.57,225
8/4/2021 18:00,36741.76,37.22,9.9,4.02,4.87,0,58
8/4/2021 19:00,36741.8,33.89,10.3,3.58,4.82,10,1
8/4/2021 20:00,36741.84,31.11,8.8,3.13,4.5,10,0
8/4/2021 21:00,36741.88,28.89,7.8,2.68,4.19,10,0
8/4/2021 22:00,36741.92,27.22,7.8,2.68,4.54,10,0
8/4/2021 23:00,36741.97,27.22,8.5,0.89,6,10,0
8/5/2021 0:00,36742,23.89,9.3,1.79,4.38,10,0
8/5/2021 1:00,36742.04,22.22,9.5,2.24,4.56,10,0
8/5/2021 2:00,36742.08,21.11,8.5,1.34,3.7,10,0
8/5/2021 3:00,36742.13,20,8.3,1.34,3.47,10,0
8/5/2021 4:00,36742.17,20,8.9,0.89,3.46,10,0
8/5/2021 5:00,36742.21,18.89,9.8,0.89,1.47,3.08,44
8/5/2021 6:00,36742.25,18.33,10.6,2.24,3.53,0,308
8/5/2021 7:00,36742.29,23.89,10.4,0.89,2.2,1.07,431
8/5/2021 8:00,36742.34,23.89,10,1.79,3.4,0,609
8/5/2021 9:00,36742.38,26.11,9.5,2.24,3.63,0,763
8/5/2021 10:00,36742.42,29.44,9.4,2.24,4.4,0,866
8/5/2021 11:00,36742.46,31.11,6.9,3.13,4.15,0,929
8/5/2021 12:00,36742.5,34.44,6.6,2.24,4.26,0,928
8/5/2021 13:00,36742.55,34.44,6.5,4.47,4.1,0,875
8/5/2021 14:00,36742.59,36.67,3.3,4.92,4.33,0,779
8/5/2021 15:00,36742.63,36.67,2.6,2.68,4.49,0,646
8/5/2021 16:00,36742.67,36.11,1.3,3.58,4.57,0,459
8/5/2021 17:00,36742.71,35.56,3.4,4.02,4.56,0,247
8/5/2021 18:00,36742.76,33.89,6.5,4.02,4.68,0,65
8/5/2021 19:00,36742.8,31.11,9.2,1.79,4.57,10,1
8/5/2021 20:00,36742.84,28.89,10,1.79,4.26,10,0
8/5/2021 21:00,36742.88,27.78,10.6,1.79,4.49,10,0
8/5/2021 22:00,36742.92,27.78,12.1,2.24,4.97,10,0
8/5/2021 23:00,36742.97,25.56,12.7,1.79,4.42,10,0
8/6/2021 0:00,36743,21.11,12.5,1.34,3.79,10,0
8/6/2021 1:00,36743.04,21.11,12,0.89,3.4,10,0
8/6/2021 2:00,36743.08,21.11,11.3,0.89,3.54,10,0
8/6/2021 3:00,36743.13,20.56,11.1,0.89,3.25,10,0
8/6/2021 4:00,36743.17,20.56,10.9,1.34,1.48,10,0
8/6/2021 5:00,36743.21,20.56,10.7,1.34,1.1,0,47
8/6/2021 6:00,36743.25,21.67,11.5,1.79,1.26,3.68,220
8/6/2021 7:00,36743.29,23.89,11.5,0.89,3.51,1.02,429
8/6/2021 8:00,36743.34,24.44,11.8,2.68,3.23,0,623
8/6/2021 9:00,36743.38,26.67,12.2,2.68,3.33,0,775
8/6/2021 10:00,36743.42,28.89,11.9,2.24,3.49,0,881
8/6/2021 11:00,36743.46,31.11,10.3,0.89,3.61,0,939
8/6/2021 12:00,36743.5,32.22,10.5,1.79,4.47,0,936
8/6/2021 13:00,36743.55,33.89,8.8,3.58,3.77,0,884
8/6/2021 14:00,36743.59,35,7.3,2.68,4.69,0,783
8/6/2021 15:00,36743.63,35,8,2.68,4.5,0,627
8/6/2021 16:00,36743.67,35.56,8,2.68,3.82,0,440
8/6/2021 17:00,36743.71,35,7.7,2.68,4.59,4.09,214
8/6/2021 18:00,36743.76,32.22,9.9,2.68,4.29,7.47,27
8/6/2021 19:00,36743.8,28.89,11,1.79,4.56,10,0
8/6/2021 20:00,36743.84,27.78,11.2,2.24,4.12,10,0
8/6/2021 21:00,36743.88,27.22,12.2,0.89,5.34,10,0
8/6/2021 22:00,36743.92,25.56,13,1.79,4.19,10,0
8/6/2021 23:00,36743.97,22.22,13.5,2.24,4.14,10,0
8/7/2021 0:00,36744,24.44,13.5,2.68,1.15,10,0
8/7/2021 1:00,36744.04,24.44,14.1,3.13,1.03,10,0
8/7/2021 2:00,36744.08,24.44,14.4,2.68,0.99,10,0
8/7/2021 3:00,36744.13,23.89,14.4,3.13,0.87,10,0
8/7/2021 4:00,36744.17,23.33,13.2,3.13,0.87,10,0
8/7/2021 5:00,36744.21,23.89,12.3,2.68,1.08,7.5,26
8/7/2021 6:00,36744.25,23.33,13.7,2.24,1.24,9.03,112
8/7/2021 7:00,36744.29,25.56,13.2,1.79,1.45,8.2,242
8/7/2021 8:00,36744.34,27.22,13.8,0.45,3.18,6.88,416
8/7/2021 9:00,36744.38,30.56,13.8,0.89,3.04,5.67,585
8/7/2021 10:00,36744.42,32.22,13.5,3.58,3.28,4.58,723
8/7/2021 11:00,36744.46,33.89,13,1.79,3.32,4.29,780
8/7/2021 12:00,36744.5,34.44,11.8,3.13,3.33,4.22,783
8/7/2021 13:00,36744.55,35.56,10.5,1.79,3.7,4.31,736
8/7/2021 14:00,36744.59,35.56,9,1.34,4.1,4.86,626
8/7/2021 15:00,36744.63,36.67,10,3.13,4.15,6.18,451
8/7/2021 16:00,36744.67,37.78,9.8,1.79,4.89,6.92,295
8/7/2021 17:00,36744.71,36.67,8.7,3.58,4.47,7.98,139
8/7/2021 18:00,36744.76,35,10.2,1.79,4.54,4.58,34
8/7/2021 19:00,36744.8,32.78,10.8,1.79,4.64,10,0
8/7/2021 20:00,36744.84,31.11,10.9,0.89,5.36,10,0
8/7/2021 21:00,36744.88,29.44,12.8,2.24,4.42,10,0
8/7/2021 22:00,36744.92,27.22,13,0.45,4.22,10,0
8/7/2021 23:00,36744.97,25,14.7,0.89,1.45,10,0
8/8/2021 0:00,36745,26.67,15,0.89,1.48,10,0
8/8/2021 1:00,36745.04,25.56,15.2,1.79,0.68,10,0
8/8/2021 2:00,36745.08,25.56,14.9,1.79,1.2,10,0
8/8/2021 3:00,36745.13,25,14.6,1.34,0.82,10,0
8/8/2021 4:00,36745.17,23.89,14.5,2.24,1.15,10,0
8/8/2021 5:00,36745.21,24.44,14.5,2.24,1.1,8.05,22
8/8/2021 6:00,36745.25,24.44,16.1,1.79,0.79,8.15,134
8/8/2021 7:00,36745.29,25.56,15.3,0.89,3.56,6.33,316
8/8/2021 8:00,36745.34,26.11,15,0.89,3.39,4.66,514
8/8/2021 9:00,36745.38,30,15.2,0.89,2.29,3.5,679
8/8/2021 10:00,36745.42,31.67,14.1,1.34,3.54,2.86,791
8/8/2021 11:00,36745.46,32.78,13.3,1.79,3.56,2.54,847
8/8/2021 12:00,36745.5,35,11.8,1.34,3.47,2.28,854
8/8/2021 13:00,36745.55,36.11,10.9,1.34,2.97,2.39,804
8/8/2021 14:00,36745.59,36.67,11.5,1.79,4.28,2.79,700
8/8/2021 15:00,36745.63,37.78,10.5,2.24,4.29,3.75,543
8/8/2021 16:00,36745.67,37.78,11.9,2.68,4.22,4.77,363
8/8/2021 17:00,36745.71,36.67,12.8,4.02,4.26,5.76,184
8/8/2021 18:00,36745.76,35.56,11.4,1.34,4.89,0,39
8/8/2021 19:00,36745.8,33.89,11.5,2.24,4.47,10,1
8/8/2021 20:00,36745.84,31.67,11.8,1.79,4.43,10,0
8/8/2021 21:00,36745.88,30.56,12.5,1.34,4.68,10,0
8/8/2021 22:00,36745.92,26.11,13.4,2.24,3.87,10,0
8/8/2021 23:00,36745.97,27.78,13.8,1.34,1.31,10,0
8/9/2021 0:00,36746,25.56,13.8,0.45,3.54,10,0
8/9/2021 1:00,36746.04,23.33,14.3,0.89,3.68,10,0
8/9/2021 2:00,36746.08,22.22,14.3,0.89,3.68,10,0
8/9/2021 3:00,36746.13,23.33,14.4,0.45,2.3,10,0
8/9/2021 4:00,36746.17,23.89,14.5,3.13,0.84,10,0
8/9/2021 5:00,36746.21,24.44,14.6,1.79,0.89,5.52,28
8/9/2021 6:00,36746.25,25,15.8,1.34,1.5,5.86,181
8/9/2021 7:00,36746.29,26.11,14.6,2.68,0.8,4.11,378
8/9/2021 8:00,36746.34,27.78,14.6,1.34,3.18,2.64,569
8/9/2021 9:00,36746.38,30,14.1,3.13,3.3,1.87,719
8/9/2021 10:00,36746.42,32.22,13.8,1.34,4,1,828
8/9/2021 11:00,36746.46,33.89,13.4,2.24,3.3,0.19,882
8/9/2021 12:00,36746.5,36.11,12.1,2.68,4.57,0,883
8/9/2021 13:00,36746.55,35.56,12.4,1.34,3.49,0.46,832
8/9/2021 14:00,36746.59,38.89,12.7,2.24,4.01,1.24,728
8/9/2021 15:00,36746.63,37.22,12.1,3.13,3.94,2.24,576
8/9/2021 16:00,36746.67,38.33,11.1,2.24,4.64,2.93,400
8/9/2021 17:00,36746.71,37.22,11.8,2.68,4.21,4.37,203
8/9/2021 18:00,36746.76,36.11,11.9,2.24,4.42,0,43
8/9/2021 19:00,36746.8,33.33,11.9,2.24,4.52,10,1
8/9/2021 20:00,36746.84,31.67,12,1.79,4.52,10,0
8/9/2021 21:00,36746.88,31.67,12.2,1.79,5.01,10,0
8/9/2021 22:00,36746.92,28.89,11.8,1.34,3.96,10,0
8/9/2021 23:00,36746.97,25,12.1,1.34,3.7,10,0
8/10/2021 0:00,36747,25.56,11.9,1.79,3.8,10,0
8/10/2021 1:00,36747.04,24.44,11.6,1.34,3.51,10,0
8/10/2021 2:00,36747.08,24.44,12,0.45,3.72,10,0
8/10/2021 3:00,36747.13,24.44,12.1,1.79,1.08,10,0
8/10/2021 4:00,36747.17,24.44,12.3,2.68,1.1,10,0
8/10/2021 5:00,36747.21,25,11.8,2.24,1.24,4.81,27
8/10/2021 6:00,36747.25,25,13,2.68,1.45,6.08,175
8/10/2021 7:00,36747.29,26.67,13.3,1.34,0.03,4.05,377
8/10/2021 8:00,36747.34,27.22,14.4,0.45,3.32,2.58,568
8/10/2021 9:00,36747.38,31.11,14.3,0.89,3.11,1.08,728
8/10/2021 10:00,36747.42,33.33,13.1,2.68,3.37,0,838
8/10/2021 11:00,36747.46,35,12.1,0.89,3.67,0,894
8/10/2021 12:00,36747.5,36.11,11.7,3.58,4.14,0,897
8/10/2021 13:00,36747.55,37.78,11,1.34,3.23,0,845
8/10/2021 14:00,36747.59,38.33,10.8,3.13,3.79,0,741
8/10/2021 15:00,36747.63,39.44,10.4,3.58,4.28,1.26,587
8/10/2021 16:00,36747.67,38.89,9.7,3.13,4.31,2.7,401
8/10/2021 17:00,36747.71,38.89,10.8,2.24,4,4.84,194
8/10/2021 18:00,36747.76,37.22,11.2,2.68,4.33,0,41
8/10/2021 19:00,36747.8,35,11.3,1.34,4.76,10,1
8/10/2021 20:00,36747.84,33.89,11.8,2.24,5.31,10,0
8/10/2021 21:00,36747.88,33.89,13.1,1.34,4.54,10,0
8/10/2021 22:00,36747.92,31.11,13.7,1.79,4.35,10,0
8/10/2021 23:00,36747.97,28.89,14.5,0.89,5.39,10,0
8/11/2021 0:00,36748,27.22,14.4,0.45,4.78,10,0
8/11/2021 1:00,36748.04,27.22,13.5,2.68,0.96,10,0
8/11/2021 2:00,36748.08,26.67,11.4,0.89,4.89,10,0
8/11/2021 3:00,36748.13,25.56,11.6,0.45,3.51,10,0
8/11/2021 4:00,36748.17,24.44,12.3,0.89,3.49,10,0
8/11/2021 5:00,36748.21,24.44,12.4,2.24,0.73,0,31
8/11/2021 6:00,36748.25,26.67,13,0.89,2.36,5.54,182
8/11/2021 7:00,36748.29,25,12.4,1.34,3.6,3.75,381
8/11/2021 8:00,36748.34,29.44,14.9,0.89,3.51,2.52,567
8/11/2021 9:00,36748.38,32.22,15.2,2.24,3.4,1.74,717
8/11/2021 10:00,36748.42,33.33,14.4,2.24,3.19,1.32,820
8/11/2021 11:00,36748.46,35,12.3,0.45,4.49,1.06,872
8/11/2021 12:00,36748.5,37.22,11.9,1.79,3.37,0.63,876
8/11/2021 13:00,36748.55,38.33,12.6,2.68,3.32,1.23,821
8/11/2021 14:00,36748.59,38.89,12.2,0.89,3.77,0,732
8/11/2021 15:00,36748.63,39.44,11.6,0.89,3.7,0.98,587
8/11/2021 16:00,36748.67,40.56,10.8,3.13,3.77,6.63,299
8/11/2021 17:00,36748.71,40,11,2.68,4.56,7.38,146
8/11/2021 18:00,36748.76,37.78,10.2,2.68,4.71,2.21,26
8/11/2021 19:00,36748.8,35.56,10.6,4.47,5.13,10,1
8/11/2021 20:00,36748.84,34.44,11.4,1.34,4.36,10,0
8/11/2021 21:00,36748.88,33.33,11.3,1.34,5.38,10,0
8/11/2021 22:00,36748.92,32.22,11,2.24,4.59,10,0
8/11/2021 23:00,36748.97,28.89,10.8,0.89,4.45,10,0
8/12/2021 0:00,36749,28.33,11.9,0.89,4.42,10,0
8/12/2021 1:00,36749.04,26.67,11.5,0.89,3.94,10,0
8/12/2021 2:00,36749.08,26.11,11.3,1.34,3.25,10,0
8/12/2021 3:00,36749.13,23.89,11.1,0.45,2.36,10,0
8/12/2021 4:00,36749.17,23.89,11.5,2.24,1.19,10,0
8/12/2021 5:00,36749.21,25,11.4,1.79,1.48,0,28
8/12/2021 6:00,36749.25,24.44,11.8,0.89,4.14,6.8,157
8/12/2021 7:00,36749.29,26.11,11.8,0.89,1.15,4.24,368
8/12/2021 8:00,36749.34,30,11.4,1.79,4.47,3.27,548
8/12/2021 9:00,36749.38,32.78,11.8,1.79,3.39,2.76,693
8/12/2021 10:00,36749.42,33.33,11.1,2.24,2.93,2.41,796
8/12/2021 11:00,36749.46,35,11.7,1.79,3.56,2.27,847
8/12/2021 12:00,36749.5,36.67,12.8,1.79,4.22,1.84,857
8/12/2021 13:00,36749.55,38.33,12.5,2.24,3.91,2.16,802
8/12/2021 14:00,36749.59,38.89,11.2,2.24,4.05,2.38,702
8/12/2021 15:00,36749.63,38.89,11.2,2.68,3.87,3.33,546
8/12/2021 16:00,36749.67,38.89,11,2.68,4.5,4.37,364
8/12/2021 17:00,36749.71,38.33,10.6,4.47,4.71,5.76,175
8/12/2021 18:00,36749.76,36.67,12,4.02,4.59,0,32
8/12/2021 19:00,36749.8,33.89,11.5,2.68,4.66,10,0
8/12/2021 20:00,36749.84,31.67,11.3,1.79,4.5,10,0
8/12/2021 21:00,36749.88,30,12.1,2.24,4.28,10,0
8/12/2021 22:00,36749.92,30.56,12.3,1.34,6.18,10,0
8/12/2021 23:00,36749.97,30.56,12.1,1.34,3.77,10,0
8/13/2021 0:00,36750,25.56,12.3,1.34,4.14,10,0
8/13/2021 1:00,36750.04,26.11,12.1,1.34,3.87,10,0
8/13/2021 2:00,36750.08,25,10.8,0.45,3.35,10,0
8/13/2021 3:00,36750.13,25,11.5,1.34,1.38,10,0
8/13/2021 4:00,36750.17,25.56,11.8,1.79,0.73,10,0
8/13/2021 5:00,36750.21,25.56,12,3.13,1.15,0.8,22
8/13/2021 6:00,36750.25,26.11,12.6,1.34,0.99,7.38,143
8/13/2021 7:00,36750.29,24.44,12,0.89,3.72,5.31,338
8/13/2021 8:00,36750.34,27.22,12.8,0.89,3.12,3.3,545
8/13/2021 9:00,36750.38,31.67,13.3,1.34,3.39,2.39,700
8/13/2021 10:00,36750.42,33.33,12.7,1.79,3.47,1.56,812
8/13/2021 11:00,36750.46,35.56,11.1,2.24,3.39,1.21,866
8/13/2021 12:00,36750.5,36.11,10.3,3.13,4.15,1.34,864
8/13/2021 13:00,36750.55,37.22,10.6,3.58,4.26,1.49,813
8/13/2021 14:00,36750.59,37.78,11.3,3.58,4.15,2.54,696
8/13/2021 15:00,36750.63,38.33,10.5,2.68,4.12,3.11,549
8/13/2021 16:00,36750.67,37.78,10.2,2.68,4.71,4.09,368
8/13/2021 17:00,36750.71,36.11,10.3,3.13,4.66,6.85,153
8/13/2021 18:00,36750.76,35,12.6,4.47,4.68,0,30
8/13/2021 19:00,36750.8,32.78,13.3,4.02,5.38,10,0
8/13/2021 20:00,36750.84,30.56,13.7,2.68,4.19,10,0
8/13/2021 21:00,36750.88,28.89,13.3,3.13,4.47,10,0
8/13/2021 22:00,36750.92,28.33,14.4,0.89,5.55,10,0
8/13/2021 23:00,36750.97,28.33,14.6,0.89,3.61,10,0
8/14/2021 0:00,36751,26.67,14,0.89,4.96,10,0
8/14/2021 1:00,36751.04,25,14.3,1.34,3.51,10,0
8/14/2021 2:00,36751.08,26.11,15,1.34,0.91,10,0
8/14/2021 3:00,36751.13,25.56,14.4,0.89,6.07,10,0
8/14/2021 4:00,36751.17,25.56,14.4,0.45,1.08,10,0
8/14/2021 5:00,36751.21,24.44,14.2,0.89,2.84,0,22
8/14/2021 6:00,36751.25,24.44,14.7,1.79,3.18,7.34,142
8/14/2021 7:00,36751.29,26.11,13.9,0.45,0.93,5.44,332
8/14/2021 8:00,36751.34,26.11,13.6,0.89,3.14,4.04,522
8/14/2021 9:00,36751.38,31.11,13.6,0.45,2.39,3.44,669
8/14/2021 10:00,36751.42,32.78,13.1,0.45,2.65,2.96,776
8/14/2021 11:00,36751.46,33.89,13.7,2.24,3.21,2.92,824
8/14/2021 12:00,36751.5,35,13.7,2.24,3.8,2.82,827
8/14/2021 13:00,36751.55,35.56,13.3,2.24,4.71,2.23,796
8/14/2021 14:00,36751.59,36.67,12.7,0.89,2.62,3.26,674
8/14/2021 15:00,36751.63,37.22,12.3,1.34,4.19,3.75,530
8/14/2021 16:00,36751.67,38.33,12.3,0.45,5.06,7.63,255
8/14/2021 17:00,36751.71,37.22,13.6,1.79,3.75,9.18,98
8/14/2021 18:00,36751.76,36.11,13.8,2.24,4.38,0,19
8/14/2021 19:00,36751.8,34.44,13.1,1.79,4.83,10,0
8/14/2021 20:00,36751.84,32.78,14.1,2.24,4.75,10,0
8/14/2021 21:00,36751.88,32.22,15.2,1.79,4.17,10,0
8/14/2021 22:00,36751.92,31.11,15.7,0.89,4.17,10,0
8/14/2021 23:00,36751.97,26.67,15.7,1.79,4.49,10,0
8/15/2021 0:00,36752,30.56,15.6,2.24,1.12,10,0
8/15/2021 1:00,36752.04,30,16.2,1.34,1.34,10,0
8/15/2021 2:00,36752.08,28.33,16.3,0.45,2.22,10,0
8/15/2021 3:00,36752.13,26.67,15.9,0.45,2.46,10,0
8/15/2021 4:00,36752.17,26.11,15.1,0.45,2.41,10,0
8/15/2021 5:00,36752.21,26.11,15.4,0.89,1.66,0,16
8/15/2021 6:00,36752.25,25.56,16.1,0.45,0.98,7.99,126
8/15/2021 7:00,36752.29,27.22,15.9,0.89,1.29,6.03,312
8/15/2021 8:00,36752.34,27.78,15.5,0.89,3.39,4.86,492
8/15/2021 9:00,36752.38,32.22,15,0.89,3.49,4.21,639
8/15/2021 10:00,36752.42,33.89,14,2.24,3.21,3.48,756
8/15/2021 11:00,36752.46,35.56,14.8,0.45,2.62,3.03,818
8/15/2021 12:00,36752.5,35.56,13.4,2.24,4.76,2.91,822
8/15/2021 13:00,36752.55,39.44,12.8,0.89,3.47,2.98,773
8/15/2021 14:00,36752.59,37.78,13.7,0.89,4.66,3.96,648
8/15/2021 15:00,36752.63,39.44,14.5,3.58,4.22,4.65,499
8/15/2021 16:00,36752.67,40,15.6,1.79,3.98,6.25,304
8/15/2021 17:00,36752.71,38.33,15.2,2.24,4.47,7.58,134
8/15/2021 18:00,36752.76,36.11,15.1,2.68,4.54,0,25
8/15/2021 19:00,36752.8,35,15.6,2.24,4.71,10,0
8/15/2021 20:00,36752.84,32.78,15.5,1.79,4.31,10,0
8/15/2021 21:00,36752.88,31.67,16,1.79,4.28,10,0
8/15/2021 22:00,36752.92,31.11,16.8,1.79,3.82,10,0
8/15/2021 23:00,36752.97,30,17.5,1.79,4.33,10,0
8/16/2021 0:00,36753,30.56,17.9,2.68,1.01,10,0
8/16/2021 1:00,36753.04,30,18.6,1.34,1.36,10,0
8/16/2021 2:00,36753.08,28.89,17.9,0.89,3.54,10,0
8/16/2021 3:00,36753.13,28.33,17.8,1.34,0.38,10,0
8/16/2021 4:00,36753.17,28.33,17.6,2.24,0.7,10,0
8/16/2021 5:00,36753.21,27.78,17.7,2.68,0.66,0,17
8/16/2021 6:00,36753.25,27.78,18.8,1.34,0.82,8.61,110
8/16/2021 7:00,36753.29,28.89,18.2,0.89,0.02,7.04,275
8/16/2021 8:00,36753.34,31.67,17.2,0.89,6.14,5.85,450
8/16/2021 9:00,36753.38,32.78,16.9,0.89,4.56,5.06,600
8/16/2021 10:00,36753.42,33.89,17,2.24,3.3,4.87,692
8/16/2021 11:00,36753.46,36.11,16.9,2.68,4.59,4.45,756
8/16/2021 12:00,36753.5,36.67,16.1,2.68,4.35,4.72,742
8/16/2021 13:00,36753.55,37.78,15.6,3.13,4.26,4.91,690
8/16/2021 14:00,36753.59,37.78,16,2.68,4.42,5.65,570
8/16/2021 15:00,36753.63,37.78,15.9,3.13,4.19,6.32,428
8/16/2021 16:00,36753.67,37.22,15.6,2.68,4.03,7.54,255
8/16/2021 17:00,36753.71,36.67,15.4,3.58,4.38,8.27,117
8/16/2021 18:00,36753.76,36.11,16,1.79,4.31,0,22
8/16/2021 19:00,36753.8,33.89,15.4,2.68,4.52,10,0
8/16/2021 20:00,36753.84,32.22,15.2,1.79,4.47,10,0
8/16/2021 21:00,36753.88,31.67,14.5,0.89,4.29,10,0
8/16/2021 22:00,36753.92,29.44,11.3,1.79,4.45,10,0
8/16/2021 23:00,36753.97,30.56,10.5,1.79,1.2,10,0
8/17/2021 0:00,36754,26.67,10.4,0.45,4.17,10,0
8/17/2021 1:00,36754.04,27.22,11.3,0.89,4.87,10,0
8/17/2021 2:00,36754.08,26.11,12.2,0.89,5.69,10,0
8/17/2021 3:00,36754.13,25,12.1,0.89,3.09,10,0
8/17/2021 4:00,36754.17,25,12.3,0.89,5.18,10,0
8/17/2021 5:00,36754.21,25,12.6,1.34,0.89,0,22
8/17/2021 6:00,36754.25,25,14.2,2.24,1.2,4.85,177
8/17/2021 7:00,36754.29,26.11,12.6,0.89,5.88,2.67,384
8/17/2021 8:00,36754.34,29.44,11.9,1.79,5.9,0.14,576
8/17/2021 9:00,36754.38,32.22,10.8,1.34,5.39,0,730
8/17/2021 10:00,36754.42,33.89,9.6,2.68,4.71,0,837
8/17/2021 11:00,36754.46,34.44,10.1,2.68,4.1,0,872
8/17/2021 12:00,36754.5,35,9.6,3.58,4.14,0,878
8/17/2021 13:00,36754.55,36.11,10.3,0.89,5.38,0,823
8/17/2021 14:00,36754.59,37.22,10.3,3.58,4.64,1.2,710
8/17/2021 15:00,36754.63,38.33,8.8,2.24,4.29,2.75,547
8/17/2021 16:00,36754.67,37.78,9.6,1.79,4.47,6.02,307
8/17/2021 17:00,36754.71,36.67,11.8,2.68,4.33,7.68,128
8/17/2021 18:00,36754.76,33.89,11.6,4.47,4.5,0,23
8/17/2021 19:00,36754.8,30.56,11.3,2.24,4.52,10,0
8/17/2021 20:00,36754.84,27.22,12.5,1.34,4.49,10,0
8/17/2021 21:00,36754.88,25,12.3,3.58,4.17,10,0
8/17/2021 22:00,36754.92,22.78,12,2.24,4.49,10,0
8/17/2021 23:00,36754.97,27.22,11.6,2.68,4.33,10,0
8/18/2021 0:00,36755,23.89,10.8,2.24,6.27,10,0
8/18/2021 1:00,36755.04,22.78,9.4,0.89,1.62,10,0
8/18/2021 2:00,36755.08,20,9.4,1.34,4.14,10,0
8/18/2021 3:00,36755.13,21.11,9.4,0.45,0.82,10,0
8/18/2021 4:00,36755.17,18.89,9.2,1.34,3.46,10,0
8/18/2021 5:00,36755.21,16.11,9.5,1.34,3.94,0,23
8/18/2021 6:00,36755.25,16.67,10.2,0.89,4.14,5.38,167
8/18/2021 7:00,36755.29,18.33,10.8,0.89,3.61,3.65,365
8/18/2021 8:00,36755.34,21.11,11.5,2.68,3.89,2.09,557
8/18/2021 9:00,36755.38,25,11.9,0.89,4.45,0.76,712
8/18/2021 10:00,36755.42,26.67,11.5,1.34,2.72,0,826
8/18/2021 11:00,36755.46,28.33,10.9,4.92,3.89,0,874
8/18/2021 12:00,36755.5,28.89,9.7,3.58,4.21,0,870
8/18/2021 13:00,36755.55,30.56,8.7,1.34,4.42,0,816
8/18/2021 14:00,36755.59,31.11,8.9,1.79,4.52,2.08,694
8/18/2021 15:00,36755.63,31.11,8.9,1.79,4.66,3.65,523
8/18/2021 16:00,36755.67,30.56,9.8,3.13,3.93,5.78,312
8/18/2021 17:00,36755.71,29.44,9.5,4.47,4.76,7.33,133
8/18/2021 18:00,36755.76,27.78,8.8,4.02,4.59,0,19
8/18/2021 19:00,36755.8,25.56,9.8,3.58,4.5,10,0
8/18/2021 20:00,36755.84,23.89,10.8,1.79,4.52,10,0
8/18/2021 21:00,36755.88,22.78,10.4,1.34,4.03,10,0
8/18/2021 22:00,36755.92,21.67,10.1,2.68,4.08,10,0
8/18/2021 23:00,36755.97,21.67,10.3,1.34,4.17,10,0
8/19/2021 0:00,36756,21.11,10.1,0.89,6.11,10,0
8/19/2021 1:00,36756.04,20.56,10.8,1.79,3.39,10,0
8/19/2021 2:00,36756.08,20.56,11,1.34,1.9,10,0
8/19/2021 3:00,36756.13,18.33,11.5,1.79,3.49,10,0
8/19/2021 4:00,36756.17,19.44,11.3,0.45,4.14,10,0
8/19/2021 5:00,36756.21,18.89,11.2,1.34,3.23,0,10
8/19/2021 6:00,36756.25,19.44,11.9,1.79,1.57,9.49,84
8/19/2021 7:00,36756.29,17.78,11.6,0.89,3.37,7.79,240
8/19/2021 8:00,36756.34,22.22,11.3,0.45,3.12,6.29,424
8/19/2021 9:00,36756.38,23.89,10.9,0.89,3.23,4.85,603
8/19/2021 10:00,36756.42,25,10.2,2.68,3.21,4.79,690
8/19/2021 11:00,36756.46,26.11,9.6,0.45,2.72,5.19,710
8/19/2021 12:00,36756.5,27.22,10,0.89,4.14,5,721
8/19/2021 13:00,36756.55,28.89,10.1,1.34,3.49,5.68,641
8/19/2021 14:00,36756.59,28.33,10.6,0.45,2.76,6.23,532
8/19/2021 15:00,36756.63,27.78,10.2,2.68,4.07,7.16,380
8/19/2021 16:00,36756.67,27.78,10.4,2.68,4.22,7.7,243
8/19/2021 17:00,36756.71,27.22,10.3,1.79,4.29,9.05,94
8/19/2021 18:00,36756.76,26.11,11.3,1.34,4.33,10,13
8/19/2021 19:00,36756.8,25,11.7,1.79,4.24,10,0
8/19/2021 20:00,36756.84,24.44,11.9,1.79,5.2,10,0
8/19/2021 21:00,36756.88,24.44,12.6,0.89,4.97,10,0
8/19/2021 22:00,36756.92,23.33,13.2,0.45,2.48,10,0
8/19/2021 23:00,36756.97,21.11,13.4,1.34,3.89,10,0
8/20/2021 0:00,36757,22.22,13.2,1.79,1.2,10,0
8/20/2021 1:00,36757.04,21.67,13.8,2.24,1.22,10,0
8/20/2021 2:00,36757.08,21.67,13.8,2.68,0.79,10,0
8/20/2021 3:00,36757.13,21.11,13.7,2.24,1.17,10,0
8/20/2021 4:00,36757.17,20.56,13.3,2.24,1.2,10,0
8/20/2021 5:00,36757.21,20.56,12.6,2.68,1.12,10,13
8/20/2021 6:00,36757.25,20.56,13.1,2.68,1.24,8.84,98
8/20/2021 7:00,36757.29,21.67,12,1.79,1.47,7.41,253
8/20/2021 8:00,36757.34,23.89,11.8,0.45,4.42,6.15,428
8/20/2021 9:00,36757.38,26.11,11.5,0.89,4.45,5.4,575
8/20/2021 10:00,36757.42,27.78,11.6,1.79,4.22,4.75,690
8/20/2021 11:00,36757.46,28.89,12,0.89,4.5,4.57,742
8/20/2021 12:00,36757.5,29.44,11,0.45,0.45,4.57,742
8/20/2021 13:00,36757.55,30.56,11.2,0.45,2.97,4.84,685
8/20/2021 14:00,36757.59,32.22,11.1,2.68,4.08,6.35,523
8/20/2021 15:00,36757.63,31.67,10.6,1.79,3.82,7.65,351
8/20/2021 16:00,36757.67,31.67,11.5,0.89,3.93,7.88,234
8/20/2021 17:00,36757.71,31.67,12,1.79,3.93,9.36,85
8/20/2021 18:00,36757.76,30,11.4,2.24,4.5,10,15
8/20/2021 19:00,36757.8,28.33,11.4,2.24,4.64,10,0
8/20/2021 20:00,36757.84,26.67,12.2,2.24,4.24,10,0
8/20/2021 21:00,36757.88,25,13.1,1.34,3.96,10,0
8/20/2021 22:00,36757.92,24.44,14.1,1.79,3.96,10,0
8/20/2021 23:00,36757.97,22.78,14.1,1.79,1.4,10,0
8/21/2021 0:00,36758,20.56,14.1,0.89,4.05,10,0
8/21/2021 1:00,36758.04,21.11,14.1,0.89,1.76,10,0
8/21/2021 2:00,36758.08,21.11,14,0.45,2.43,10,0
8/21/2021 3:00,36758.13,20.56,13.8,0.45,3.07,10,0
8/21/2021 4:00,36758.17,20.56,13.7,0.89,4,10,0
8/21/2021 5:00,36758.21,21.11,13.8,2.24,0.86,10,14
8/21/2021 6:00,36758.25,18.89,14,1.79,3.67,7.97,115
8/21/2021 7:00,36758.29,21.67,14,0.89,1.5,6.04,298
8/21/2021 8:00,36758.34,22.78,14.1,0.89,3.19,4.78,481
8/21/2021 9:00,36758.38,25.56,13.9,0.89,3.37,4.09,630
8/21/2021 10:00,36758.42,27.22,14.1,2.24,3.84,3.68,735
8/21/2021 11:00,36758.46,28.33,13.9,4.02,4.22,3.17,800
8/21/2021 12:00,36758.5,30,13.3,3.13,3.75,2.8,812
8/21/2021 13:00,36758.55,32.22,12.5,3.58,4.33,2.75,766
8/21/2021 14:00,36758.59,32.22,12.7,3.13,3.68,3.46,651
8/21/2021 15:00,36758.63,31.67,12.7,4.92,4.4,4.14,501
8/21/2021 16:00,36758.67,31.11,12.4,3.58,4.21,4.96,327
8/21/2021 17:00,36758.71,30,12.9,4.02,4.49,6.91,134
8/21/2021 18:00,36758.76,28.33,13.2,3.13,4.66,10,17
8/21/2021 19:00,36758.8,26.11,13.6,2.68,5.18,10,0
8/21/2021 20:00,36758.84,22.22,12.7,2.68,4.56,10,0
8/21/2021 21:00,36758.88,20.56,12.2,3.58,4.19,10,0
8/21/2021 22:00,36758.92,18.89,12.4,2.68,4.1,10,0
8/21/2021 23:00,36758.97,21.67,12.9,2.24,4.31,10,0
8/22/2021 0:00,36759,17.78,13,2.24,4.54,10,0
8/22/2021 1:00,36759.04,16.67,13,1.79,4.07,10,0
8/22/2021 2:00,36759.08,16.11,12.8,0.45,3.16,10,0
8/22/2021 3:00,36759.13,16.67,12.7,0.45,1.83,10,0
8/22/2021 4:00,36759.17,15.56,12.6,2.24,3.3,10,0
8/22/2021 5:00,36759.21,15.56,12.4,1.34,3.3,10,17
8/22/2021 6:00,36759.25,15,13.2,1.34,3.47,6.47,140
8/22/2021 7:00,36759.29,16.11,13.3,0.89,3.53,5.21,319
8/22/2021 8:00,36759.34,20,13.5,1.79,3.35,3.58,515
8/22/2021 9:00,36759.38,22.78,13.8,0.89,3.54,2.72,670
8/22/2021 10:00,36759.42,23.89,14,1.79,3.39,2.11,780
8/22/2021 11:00,36759.46,25.56,13.4,1.79,4.07,2.66,814
8/22/2021 12:00,36759.5,26.67,12.4,1.34,3.67,1.66,838
8/22/2021 13:00,36759.55,30,12.7,1.79,4.4,2,782
8/22/2021 14:00,36759.59,31.11,13.3,4.47,4.1,2.62,672
8/22/2021 15:00,36759.63,31.67,13.6,4.92,4.14,3.18,524
8/22/2021 16:00,36759.67,32.22,12.9,5.36,4.38,4.29,340
8/22/2021 17:00,36759.71,31.11,12.1,4.47,4.14,5.66,151
8/22/2021 18:00,36759.76,30,12.3,4.47,4.66,10,22
8/22/2021 19:00,36759.8,27.78,12,2.68,4.61,10,0
8/22/2021 20:00,36759.84,26.67,11.8,1.34,4.97,10,0
8/22/2021 21:00,36759.88,26.11,11.9,0.89,1.38,10,0
8/22/2021 22:00,36759.92,25,12.4,0.89,4.43,10,0
8/22/2021 23:00,36759.97,18.33,13,1.79,4.29,10,0
8/23/2021 0:00,36760,23.33,13.3,0.89,3.86,10,0
8/23/2021 1:00,36760.04,22.78,12.7,1.79,0.93,10,0
8/23/2021 2:00,36760.08,22.22,11.7,2.24,1.36,10,0
8/23/2021 3:00,36760.13,21.11,11.2,0.89,2.41,10,0
8/23/2021 4:00,36760.17,20,11.3,1.34,3.28,10,0
8/23/2021 5:00,36760.21,19.44,11.6,0.45,1.52,10,15
8/23/2021 6:00,36760.25,20.56,12.1,1.79,1.29,6.93,130
8/23/2021 7:00,36760.29,22.22,12.5,1.79,1.29,5.26,315
8/23/2021 8:00,36760.34,22.22,12.8,0.89,3.89,3.96,502
8/23/2021 9:00,36760.38,26.67,13.3,1.34,3.89,3.11,657
8/23/2021 10:00,36760.42,28.33,13.1,0.45,3.7,2.58,766
8/23/2021 11:00,36760.46,28.89,12.2,2.68,3.44,2.5,816
8/23/2021 12:00,36760.5,32.22,11.7,1.79,5.22,3.2,794
8/23/2021 13:00,36760.55,32.22,11.3,0.45,3.79,3.17,748
8/23/2021 14:00,36760.59,33.89,11.7,1.79,4.8,3.36,649
8/23/2021 15:00,36760.63,33.33,12.4,2.24,4.69,4.55,483
8/23/2021 16:00,36760.67,32.78,12.8,2.68,4.08,5.91,296
8/23/2021 17:00,36760.71,32.22,12.4,3.13,4.42,7.49,119
8/23/2021 18:00,36760.76,31.11,12.1,2.68,4.49,10,15
8/23/2021 19:00,36760.8,29.44,12.6,4.02,5.04,10,0
8/23/2021 20:00,36760.84,26.67,13.2,1.34,4.83,10,0
8/23/2021 21:00,36760.88,25.56,13,0.89,4.57,10,0
8/23/2021 22:00,36760.92,23.89,12.6,1.79,3.8,10,0
8/23/2021 23:00,36760.97,24.44,12.5,0.89,6.04,10,0
8/24/2021 0:00,36761,22.22,12.2,1.34,3.23,10,0
8/24/2021 1:00,36761.04,20.56,12,1.34,4.5,10,0
8/24/2021 2:00,36761.08,19.44,11.7,1.34,3.93,10,0
8/24/2021 3:00,36761.13,20.56,11.6,0.45,3.3,10,0
8/24/2021 4:00,36761.17,19.44,11.5,0.45,3.8,10,0
8/24/2021 5:00,36761.21,20.56,11.7,1.79,1.24,10,16
8/24/2021 6:00,36761.25,21.11,12,1.79,1.22,6.34,137
8/24/2021 7:00,36761.29,18.89,11.8,1.79,3.4,4.57,329
8/24/2021 8:00,36761.34,22.78,12.1,1.79,3.54,3.15,520
8/24/2021 9:00,36761.38,25.56,12.5,1.79,3.26,2.11,678
8/24/2021 10:00,36761.42,27.22,12.7,1.34,3.14,1.37,788
8/24/2021 11:00,36761.46,28.89,12.5,1.34,3.67,2.13,823
8/24/2021 12:00,36761.5,31.11,12.7,0.89,4.15,0,849
8/24/2021 13:00,36761.55,31.67,12.4,0.89,4.8,0.52,796
8/24/2021 14:00,36761.59,33.89,11.6,2.24,5.01,1.2,691
8/24/2021 15:00,36761.63,33.89,9.8,1.79,4.21,2.52,532
8/24/2021 16:00,36761.67,34.44,8.3,0.89,4.17,3.85,343
8/24/2021 17:00,36761.71,33.89,9.3,1.79,4.36,5.55,147
8/24/2021 18:00,36761.76,31.67,11.7,1.79,3.93,10,15
8/24/2021 19:00,36761.8,28.89,13,2.68,4.29,10,0
8/24/2021 20:00,36761.84,27.78,13.5,1.34,4.43,10,0
8/24/2021 21:00,36761.88,25.56,13.6,1.34,3.91,10,0
8/24/2021 22:00,36761.92,24.44,13.6,1.79,4.64,10,0
8/24/2021 23:00,36761.97,21.67,13.3,1.34,4.38,10,0
8/25/2021 0:00,36762,23.33,12.4,0.89,1.92,10,0
8/25/2021 1:00,36762.04,22.22,11.1,0.89,3.58,10,0
8/25/2021 2:00,36762.08,22.22,10.4,0.89,1.27,10,0
8/25/2021 3:00,36762.13,22.22,11.2,1.79,1.13,10,0
8/25/2021 4:00,36762.17,19.44,10.6,0.89,3.77,10,0
8/25/2021 5:00,36762.21,20,10.6,0.89,6.04,10,15
8/25/2021 6:00,36762.25,20.56,11.7,0.89,1.24,6.36,134
8/25/2021 7:00,36762.29,22.78,11.2,1.34,0.98,4.67,324
8/25/2021 8:00,36762.34,20.56,11.3,1.79,3.63,3.28,514
8/25/2021 9:00,36762.38,26.67,11.3,0.89,4.14,2.01,677
8/25/2021 10:00,36762.42,27.78,11.2,0.45,3.32,0,795
8/25/2021 11:00,36762.46,30,11.9,0.89,3.86,0.88,841
8/25/2021 12:00,36762.5,30,11.8,0.45,3.65,2.38,814
8/25/2021 13:00,36762.55,33.89,11.8,1.79,3.8,1.36,785
8/25/2021 14:00,36762.59,34.44,11,1.79,4.21,1.92,678
8/25/2021 15:00,36762.63,34.44,8.5,1.79,4.28,2.68,526
8/25/2021 16:00,36762.67,34.44,8.4,1.79,4.4,4.06,336
8/25/2021 17:00,36762.71,33.89,10.6,2.24,4.31,6.08,137
8/25/2021 18:00,36762.76,32.22,10.3,3.13,4.57,10,17
8/25/2021 19:00,36762.8,29.44,10.9,1.34,4.8,10,0
8/25/2021 20:00,36762.84,28.33,10.6,1.34,4.56,10,0
8/25/2021 21:00,36762.88,28.33,11.3,1.79,5.18,10,0
8/25/2021 22:00,36762.92,26.11,12.2,0.45,4.19,10,0
8/25/2021 23:00,36762.97,24.44,12.1,0.89,1.36,10,0
8/26/2021 0:00,36763,23.89,12.5,0.89,3.75,10,0
8/26/2021 1:00,36763.04,21.67,11.7,0.89,3.6,10,0
8/26/2021 2:00,36763.08,22.22,10.8,0.45,3.11,10,0
8/26/2021 3:00,36763.13,22.22,11,1.34,1.01,10,0
8/26/2021 4:00,36763.17,22.22,11.2,0.89,0.65,10,0
8/26/2021 5:00,36763.21,20.56,11.2,0.89,4.47,10,16
8/26/2021 6:00,36763.25,21.11,11.9,1.79,0.96,4.58,154
8/26/2021 7:00,36763.29,23.33,11.1,1.79,0.7,2.81,355
8/26/2021 8:00,36763.34,26.67,9.6,1.34,3.98,0,591
8/26/2021 9:00,36763.38,27.78,9.7,1.79,3.18,0,712
8/26/2021 10:00,36763.42,30,8.7,0.45,3.7,0,819
8/26/2021 11:00,36763.46,31.11,8.6,1.79,3.58,0,874
8/26/2021 12:00,36763.5,32.78,7.3,3.13,4.28,0,878
8/26/2021 13:00,36763.55,33.89,6.9,2.68,4.33,0,820
8/26/2021 14:00,36763.59,35,6.1,2.68,3.96,0,711
8/26/2021 15:00,36763.63,35.56,4.2,4.02,4.59,0,552
8/26/2021 16:00,36763.67,36.11,2.4,3.13,4.42,2.02,363
8/26/2021 17:00,36763.71,35,3.7,5.36,4.57,3.81,160
8/26/2021 18:00,36763.76,33.33,5.2,3.58,4.59,10,20
8/26/2021 19:00,36763.8,30.56,6.6,1.79,4.8,10,0
8/26/2021 20:00,36763.84,29.44,8.2,1.34,4.99,10,0
8/26/2021 21:00,36763.88,27.22,8.9,0.89,4.59,10,0
8/26/2021 22:00,36763.92,26.11,9.7,2.68,1.26,10,0
8/26/2021 23:00,36763.97,25.56,10.9,1.79,1.52,10,0
8/27/2021 0:00,36764,24.44,11.2,2.24,1.19,10,0
8/27/2021 1:00,36764.04,23.89,12,4.02,1.19,10,0
8/27/2021 2:00,36764.08,23.33,11.9,3.13,0.77,10,0
8/27/2021 3:00,36764.13,23.33,12,1.34,1.9,10,0
8/27/2021 4:00,36764.17,22.22,11.2,2.68,0.96,10,0
8/27/2021 5:00,36764.21,22.22,10.5,4.02,0.84,10,14
8/27/2021 6:00,36764.25,22.22,11.5,4.02,0.91,4.27,154
8/27/2021 7:00,36764.29,23.33,9.6,2.24,1.06,1.25,367
8/27/2021 8:00,36764.34,27.78,9.7,0.45,0.37,0,557
8/27/2021 9:00,36764.38,28.89,10.1,1.79,3.56,0,714
8/27/2021 10:00,36764.42,31.11,10.1,2.24,4.57,0,815
8/27/2021 11:00,36764.46,31.67,9.3,1.34,4.1,0,865
8/27/2021 12:00,36764.5,33.33,8.8,2.24,3.96,0,863
8/27/2021 13:00,36764.55,33.89,8.7,1.79,5.15,0,798
8/27/2021 14:00,36764.59,35,8.9,1.79,4.29,1.67,676
8/27/2021 15:00,36764.63,36.11,8.6,3.13,4.47,3.16,510
8/27/2021 16:00,36764.67,35,9.8,3.13,4.22,5.68,292
8/27/2021 17:00,36764.71,33.89,9.5,1.79,3.96,9.43,73
8/27/2021 18:00,36764.76,31.67,10,1.79,4.26,10,8
8/27/2021 19:00,36764.8,31.11,12.1,0.89,4.31,10,0
8/27/2021 20:00,36764.84,30.56,12.4,0.89,5.48,10,0
8/27/2021 21:00,36764.88,28.33,12.6,1.79,1.2,10,0
8/27/2021 22:00,36764.92,27.78,13.5,3.13,0.91,10,0
8/27/2021 23:00,36764.97,24.44,13.9,0.45,4.5,10,0
8/28/2021 0:00,36765,25.56,13.8,3.13,1.31,10,0
8/28/2021 1:00,36765.04,24.44,12.9,4.02,1.22,10,0
8/28/2021 2:00,36765.08,25,12.2,3.58,0.8,10,0
8/28/2021 3:00,36765.13,24.44,12.2,3.58,1.03,10,0
8/28/2021 4:00,36765.17,23.89,11.8,4.02,1.06,10,0
8/28/2021 5:00,36765.21,23.33,11.8,4.02,0.96,10,13
8/28/2021 6:00,36765.25,23.33,12.9,4.02,1.01,6,131
8/28/2021 7:00,36765.29,26.11,10,2.68,0.87,4.31,323
8/28/2021 8:00,36765.34,28.89,8.3,1.34,0.73,2.2,526
8/28/2021 9:00,36765.38,31.11,10.1,0.89,5.11,0.1,686
8/28/2021 10:00,36765.42,33.89,10.7,0.89,3.18,0,796
8/28/2021 11:00,36765.46,35,10.1,2.24,4.1,0,856
8/28/2021 12:00,36765.5,36.11,10.2,1.79,4.49,0,857
8/28/2021 13:00,36765.55,37.22,9.4,1.79,4.83,0,788
8/28/2021 14:00,36765.59,38.33,9.6,1.79,3.42,2.09,666
8/28/2021 15:00,36765.63,40,8.2,0.89,4.99,2.2,525
8/28/2021 16:00,36765.67,39.44,6.9,1.34,3.7,4,328
8/28/2021 17:00,36765.71,39.44,9.9,2.24,4.15,5.98,130
8/28/2021 18:00,36765.76,37.22,12,1.34,4.52,10,9
8/28/2021 19:00,36765.8,33.33,11.6,1.79,4.87,10,0
8/28/2021 20:00,36765.84,33.33,11.4,0.89,5.95,10,0
8/28/2021 21:00,36765.88,31.11,12.5,1.34,0.44,10,0
8/28/2021 22:00,36765.92,29.44,12.9,2.24,1.01,10,0
8/28/2021 23:00,36765.97,27.22,13.2,1.79,1.1,10,0
8/29/2021 0:00,36766,27.78,13.9,1.34,0.66,10,0
8/29/2021 1:00,36766.04,26.67,14.1,1.79,1.05,10,0
8/29/2021 2:00,36766.08,26.11,14.3,1.79,0.65,10,0
8/29/2021 3:00,36766.13,25.56,14.2,2.68,0.7,10,0
8/29/2021 4:00,36766.17,25,12.8,2.24,1.01,10,0
8/29/2021 5:00,36766.21,25,12.5,2.68,1.05,10,13
8/29/2021 6:00,36766.25,25,14.4,2.68,1.03,6.17,126
8/29/2021 7:00,36766.29,25,14.3,3.13,0.61,3.95,327
8/29/2021 8:00,36766.34,28.33,12.5,1.34,3.58,2.31,521
8/29/2021 9:00,36766.38,31.67,13.2,2.24,3.21,0,683
8/29/2021 10:00,36766.42,33.89,13.9,1.79,3.39,0.45,782
8/29/2021 11:00,36766.46,36.67,13.7,1.79,3.12,0,850
8/29/2021 12:00,36766.5,37.78,12.5,0.89,3.49,0,851
8/29/2021 13:00,36766.55,38.89,10.4,1.79,3.42,0,790
8/29/2021 14:00,36766.59,39.44,9.9,0.89,2.91,0.85,679
8/29/2021 15:00,36766.63,41.67,7.6,1.34,2.67,1.84,527
8/29/2021 16:00,36766.67,41.11,8.3,4.02,4.22,3.6,332
8/29/2021 17:00,36766.71,39.44,9.3,3.58,4.49,5.59,132
8/29/2021 18:00,36766.76,37.22,10.7,2.24,4.52,10,12
8/29/2021 19:00,36766.8,34.44,11.2,2.24,4.85,10,0
8/29/2021 20:00,36766.84,33.33,11.8,1.34,3.96,10,0
8/29/2021 21:00,36766.88,31.11,12.1,0.45,3.89,10,0
8/29/2021 22:00,36766.92,30,12.8,1.34,1.41,10,0
8/29/2021 23:00,36766.97,28.89,14.1,2.68,1.31,10,0
8/30/2021 0:00,36767,28.33,14.3,0.89,1.34,10,0
8/30/2021 1:00,36767.04,26.67,14.2,0.89,1.99,10,0
8/30/2021 2:00,36767.08,25.56,14.1,2.24,0.86,10,0
8/30/2021 3:00,36767.13,26.11,14.5,2.68,1.01,10,0
8/30/2021 4:00,36767.17,26.11,14.2,2.24,1.29,10,0
8/30/2021 5:00,36767.21,25,14.2,2.24,0.84,10,11
8/30/2021 6:00,36767.25,24.44,14.2,2.24,0.44,5.79,128
8/30/2021 7:00,36767.29,27.22,13.3,1.34,0.79,3.66,329
8/30/2021 8:00,36767.34,30,12.7,0.89,3.18,1.96,523
8/30/2021 9:00,36767.38,31.67,12.9,1.79,3.91,0,680
8/30/2021 10:00,36767.42,35,12.7,0.89,3.53,0,794
8/30/2021 11:00,36767.46,37.78,13.1,0.45,4,0,851
8/30/2021 12:00,36767.5,36.67,12.7,2.24,3.89,0,845
8/30/2021 13:00,36767.55,38.33,11.4,0.89,3.91,0,782
8/30/2021 14:00,36767.59,39.44,10.8,1.34,3.4,1.26,672
8/30/2021 15:00,36767.63,42.22,9.2,3.13,4.54,2.04,521
8/30/2021 16:00,36767.67,41.11,8.3,3.13,4.36,3.87,324
8/30/2021 17:00,36767.71,40.56,7.7,3.13,4.42,5.33,132
8/30/2021 18:00,36767.76,38.33,8.1,3.58,4.71,10,11
8/30/2021 19:00,36767.8,36.11,8.8,3.13,4.83,10,0
8/30/2021 20:00,36767.84,34.44,9.8,0.89,5.2,10,0
8/30/2021 21:00,36767.88,32.78,9.8,1.34,4.43,10,0
8/30/2021 22:00,36767.92,30,9.6,1.79,4.28,10,0
8/30/2021 23:00,36767.97,28.33,11,1.34,1.31,10,0
8/31/2021 0:00,36768,28.33,11.7,0.89,1.29,10,0
8/31/2021 1:00,36768.04,27.22,10.6,1.34,0.94,10,0
8/31/2021 2:00,36768.08,26.11,9.5,1.34,0.52,10,0
8/31/2021 3:00,36768.13,26.11,9.7,2.24,0.75,10,0
8/31/2021 4:00,36768.17,25,9.7,2.68,0.79,10,0
8/31/2021 5:00,36768.21,25.56,10,0.89,1.71,10,12
8/31/2021 6:00,36768.25,24.44,11.4,2.68,1.4,4.59,138
8/31/2021 7:00,36768.29,27.22,12,1.34,0.77,2.61,341
8/31/2021 8:00,36768.34,28.89,12.9,0.45,5.81,0,537
8/31/2021 9:00,36768.38,30.56,13,4.47,3.3,0,697
8/31/2021 10:00,36768.42,32.78,11.7,2.24,3.39,0,799
8/31/2021 11:00,36768.46,34.44,7.6,0.45,0.47,0,857
8/31/2021 12:00,36768.5,36.67,5.6,1.79,4.64,0,862
8/31/2021 13:00,36768.55,37.22,4.1,2.24,4.26,0,811
8/31/2021 14:00,36768.59,38.33,3.4,1.79,4.31,0,693
8/31/2021 15:00,36768.63,38.33,2.5,3.13,4.01,0,535
8/31/2021 16:00,36768.67,38.33,1.5,3.13,4.36,2.74,338
8/31/2021 17:00,36768.71,36.67,4.4,4.02,4.57,4.74,135
8/31/2021 18:00,36768.76,34.44,6.9,3.58,4.49,10,12
8/31/2021 19:00,36768.8,31.67,8.1,2.24,4.9,10,0
8/31/2021 20:00,36768.84,26.11,7.6,4.02,4.35,10,0
8/31/2021 21:00,36768.88,23.33,8.8,2.68,4.47,10,0
8/31/2021 22:00,36768.92,21.67,9.5,0.89,3.79,10,0
8/31/2021 23:00,36768.97,28.33,10,0.89,4.1,10,0
9/1/2021 0:00,36769,18.89,10.3,2.68,4.07,10,0
9/1/2021 1:00,36769.04,18.33,10.4,1.34,3.35,10,0
9/1/2021 2:00,36769.08,19.44,10.2,0.45,1.38,10,0
9/1/2021 3:00,36769.13,18.89,10.3,0.89,2.41,10,0
9/1/2021 4:00,36769.17,19.44,9.7,1.34,1.4,10,0
9/1/2021 5:00,36769.21,18.89,9.4,1.79,1.36,10,14
9/1/2021 6:00,36769.25,20,10.6,2.24,1.08,1.74,153
9/1/2021 7:00,36769.29,22.78,9.5,1.79,1.82,0,361
9/1/2021 8:00,36769.34,22.78,9.2,1.34,3.14,0,563
9/1/2021 9:00,36769.38,25.56,6.2,2.68,3.32,0,727
9/1/2021 10:00,36769.42,27.78,3.8,2.68,4.15,0,839
9/1/2021 11:00,36769.46,28.89,3.2,4.02,4.4,3.16,771
9/1/2021 12:00,36769.5,31.11,3.7,1.34,3.77,0,876
9/1/2021 13:00,36769.55,31.67,3.5,4.47,4.28,0,821
9/1/2021 14:00,36769.59,33.33,3,4.02,4.26,0,706
9/1/2021 15:00,36769.63,34.44,0.6,0.89,5.1,0,544
9/1/2021 16:00,36769.67,32.78,1.3,3.13,4.03,2.17,341
9/1/2021 17:00,36769.71,32.78,1.5,3.13,4.57,4.72,132
9/1/2021 18:00,36769.76,30,3.4,2.68,4.29,10,10
9/1/2021 19:00,36769.8,27.22,5.3,2.24,4.4,10,0
9/1/2021 20:00,36769.84,24.44,5.8,3.13,4.45,10,0
9/1/2021 21:00,36769.88,21.67,5.6,1.79,4.42,10,0
9/1/2021 22:00,36769.92,20,6.6,1.79,4.21,10,0
9/1/2021 23:00,36769.97,20.56,7.6,1.79,3.96,10,0
9/2/2021 0:00,36770,17.78,8.9,2.24,4.26,10,0
9/2/2021 1:00,36770.04,17.22,9.7,1.79,3.53,10,0
9/2/2021 2:00,36770.08,17.22,10.3,1.34,4.05,10,0
9/2/2021 3:00,36770.13,15.56,10.3,2.24,4.1,10,0
9/2/2021 4:00,36770.17,16.11,10,0.89,3.51,10,0
9/2/2021 5:00,36770.21,17.22,9.7,0.89,3.26,10,13
9/2/2021 6:00,36770.25,15,10.6,1.34,3.49,1.82,149
9/2/2021 7:00,36770.29,15,10.7,0.89,3.49,0,356
9/2/2021 8:00,36770.34,17.78,10.3,1.34,4.08,0,552
9/2/2021 9:00,36770.38,22.22,10.5,1.34,3.35,0,711
9/2/2021 10:00,36770.42,24.44,10.6,1.79,3.21,0,818
9/2/2021 11:00,36770.46,26.11,9.7,1.79,3.35,0,874
9/2/2021 12:00,36770.5,28.33,8.8,1.34,3.35,0,866
9/2/2021 13:00,36770.55,29.44,7,2.24,3.3,0,802
9/2/2021 14:00,36770.59,31.11,6.2,2.24,4.38,0,689
9/2/2021 15:00,36770.63,31.67,5.1,1.79,4.75,0,527
9/2/2021 16:00,36770.67,31.67,4.9,2.68,4.4,2.98,328
9/2/2021 17:00,36770.71,31.67,6.7,1.34,4.24,5.4,122
9/2/2021 18:00,36770.76,28.89,7.6,1.34,3.98,10,8
9/2/2021 19:00,36770.8,27.22,8.6,1.79,4.92,10,0
9/2/2021 20:00,36770.84,26.11,7.5,1.34,4.66,10,0
9/2/2021 21:00,36770.88,25.56,7.1,2.24,5.13,10,0
9/2/2021 22:00,36770.92,24.44,7.6,1.34,5.24,10,0
9/2/2021 23:00,36770.97,21.11,8.4,0.89,4.33,10,0
9/3/2021 0:00,36771,22.22,9.6,2.24,1.2,10,0
9/3/2021 1:00,36771.04,21.11,10.5,1.79,1.34,10,0
9/3/2021 2:00,36771.08,17.78,10.5,0.89,3.33,10,0
9/3/2021 3:00,36771.13,18.89,10.4,0.89,3.61,10,0
9/3/2021 4:00,36771.17,18.89,10.3,0.45,2.15,10,0
9/3/2021 5:00,36771.21,17.78,10.1,0.89,3.47,10,12
9/3/2021 6:00,36771.25,18.89,11,1.79,1.33,3.28,138
9/3/2021 7:00,36771.29,17.78,11.1,1.34,3.68,0.9,344
9/3/2021 8:00,36771.34,18.89,10.4,1.34,3.61,0,540
9/3/2021 9:00,36771.38,23.89,9.8,0.89,3.93,0,698
9/3/2021 10:00,36771.42,26.67,9.7,4.02,3.28,0,807
9/3/2021 11:00,36771.46,28.89,9.4,1.34,3.58,0,859
9/3/2021 12:00,36771.5,30.56,8.3,0.89,3.32,0,853
9/3/2021 13:00,36771.55,31.67,6.8,2.68,4.31,0,795
9/3/2021 14:00,36771.59,32.78,6.3,0.89,5.43,0,680
9/3/2021 15:00,36771.63,33.89,6.9,2.24,4.35,1.49,514
9/3/2021 16:00,36771.67,33.33,6.5,1.79,3.35,3.43,318
9/3/2021 17:00,36771.71,32.78,6.7,1.79,4.24,5.38,119
9/3/2021 18:00,36771.76,30.56,7.8,1.79,4.26,10,7
9/3/2021 19:00,36771.8,28.89,9.8,0.89,3.91,10,0
9/3/2021 20:00,36771.84,28.33,8.7,0.89,4.49,10,0
9/3/2021 21:00,36771.88,26.11,8.5,0.89,4.24,10,0
9/3/2021 22:00,36771.92,25,8.6,1.34,1.54,10,0
9/3/2021 23:00,36771.97,23.33,9.4,0.45,1.82,10,0
9/4/2021 0:00,36772,23.33,10.2,3.58,1.29,10,0
9/4/2021 1:00,36772.04,22.22,10.7,4.02,0.96,10,0
9/4/2021 2:00,36772.08,22.22,10.6,3.13,1.05,10,0
9/4/2021 3:00,36772.13,22.22,10.5,3.13,1.03,10,0
9/4/2021 4:00,36772.17,21.67,10.3,3.58,0.96,10,0
9/4/2021 5:00,36772.21,21.67,9.4,2.68,0.96,10,11
9/4/2021 6:00,36772.25,21.11,10.4,0.89,1.01,3.01,136
9/4/2021 7:00,36772.29,25,10.6,0.89,1.99,0.97,340
9/4/2021 8:00,36772.34,24.44,8.4,0.89,0.09,0,537
9/4/2021 9:00,36772.38,26.67,7.9,1.34,3.53,0,696
9/4/2021 10:00,36772.42,29.44,8.2,0.89,3.49,0,792
9/4/2021 11:00,36772.46,30.56,8.5,1.79,3.26,0,856
9/4/2021 12:00,36772.5,32.22,7.1,0.89,3.23,0,849
9/4/2021 13:00,36772.55,35,6,1.79,4.1,0,792
9/4/2021 14:00,36772.59,35.56,6.6,2.68,4.68,0,672
9/4/2021 15:00,36772.63,36.11,6.6,2.68,4.22,2.03,504
9/4/2021 16:00,36772.67,35,5.6,2.68,4.12,3.84,308
9/4/2021 17:00,36772.71,34.44,6.1,3.58,4.26,5.85,111
9/4/2021 18:00,36772.76,32.78,6.5,3.58,4.56,10,7
9/4/2021 19:00,36772.8,29.44,7.1,1.79,4.5,10,0
9/4/2021 20:00,36772.84,30,7.4,1.34,4.76,10,0
9/4/2021 21:00,36772.88,27.78,7.6,0.89,5.18,10,0
9/4/2021 22:00,36772.92,26.11,8.9,0.45,3.21,10,0
9/4/2021 23:00,36772.97,23.89,10.2,2.24,1.34,10,0
9/5/2021 0:00,36773,24.44,10.5,1.79,1.19,10,0
9/5/2021 1:00,36773.04,23.89,11.5,3.13,1.38,10,0
9/5/2021 2:00,36773.08,22.78,11.3,3.58,0.91,10,0
9/5/2021 3:00,36773.13,23.33,11.1,4.47,0.79,10,0
9/5/2021 4:00,36773.17,22.78,11.8,2.68,0.79,10,0
9/5/2021 5:00,36773.21,22.22,10.2,2.68,0.86,10,10
9/5/2021 6:00,36773.25,22.78,10.3,1.79,0.56,2.48,135
9/5/2021 7:00,36773.29,23.89,10.6,1.34,0.72,0.77,337
9/5/2021 8:00,36773.34,25.56,10,0.89,4.4,0,533
9/5/2021 9:00,36773.38,27.22,9.5,1.79,3.96,0,693
9/5/2021 10:00,36773.42,31.67,9.2,2.24,3.98,0,801
9/5/2021 11:00,36773.46,32.78,8.5,0.89,3.56,0,845
9/5/2021 12:00,36773.5,34.44,8.5,3.58,4.76,1.24,803
9/5/2021 13:00,36773.55,35.56,8.4,1.34,5.5,0,788
9/5/2021 14:00,36773.59,37.22,8.1,2.68,3.89,0,671
9/5/2021 15:00,36773.63,38.89,6.8,2.68,4.31,0.83,512
9/5/2021 16:00,36773.67,37.78,6.3,1.79,3.39,2.61,322
9/5/2021 17:00,36773.71,36.67,6.7,3.13,4.22,6.64,99
9/5/2021 18:00,36773.76,34.44,6.8,2.68,4.9,10,5
9/5/2021 19:00,36773.8,32.22,8,1.34,4.63,10,0
9/5/2021 20:00,36773.84,31.67,9.3,0.89,5.22,10,0
9/5/2021 21:00,36773.88,28.33,9.2,0,4.29,10,0
9/5/2021 22:00,36773.92,27.78,8.5,1.34,1.83,10,0
9/5/2021 23:00,36773.97,25,9.5,1.79,1.38,10,0
9/6/2021 0:00,36774,26.11,10.1,0.89,3.33,10,0
9/6/2021 1:00,36774.04,25,11.6,1.79,1.06,10,0
9/6/2021 2:00,36774.08,25,11.9,3.58,0.91,10,0
9/6/2021 3:00,36774.13,25,12,2.68,0.99,10,0
9/6/2021 4:00,36774.17,25,12.8,2.24,0.56,10,0
9/6/2021 5:00,36774.21,23.89,12.6,2.24,0.51,10,11
9/6/2021 6:00,36774.25,24.44,12.7,1.79,0.72,3.92,123
9/6/2021 7:00,36774.29,26.11,11.5,2.24,1.33,2.4,322
9/6/2021 8:00,36774.34,28.33,11.3,0.89,5.97,0,530
9/6/2021 9:00,36774.38,30.56,10.1,0.45,2.36,0,685
9/6/2021 10:00,36774.42,33.89,10.1,2.24,3.32,0,770
9/6/2021 11:00,36774.46,35,8.2,1.79,3.54,0,832
9/6/2021 12:00,36774.5,36.67,6.2,0.89,3.11,0,829
9/6/2021 13:00,36774.55,37.78,6.7,1.79,4.22,1.37,747
9/6/2021 14:00,36774.59,38.33,6.1,1.79,3.96,0.48,654
9/6/2021 15:00,36774.63,38.89,7.1,3.58,4.17,2.43,491
9/6/2021 16:00,36774.67,40,5.9,2.24,4.08,4.51,289
9/6/2021 17:00,36774.71,39.44,6.5,2.24,4.17,6.12,102
9/6/2021 18:00,36774.76,36.67,7.9,2.24,4.26,10,4
9/6/2021 19:00,36774.8,34.44,8.3,2.24,4.76,10,0
9/6/2021 20:00,36774.84,33.89,8.4,1.34,4.57,10,0
9/6/2021 21:00,36774.88,31.11,8.9,0.89,4.5,10,0
9/6/2021 22:00,36774.92,30,9.4,0.45,1.36,10,0
9/6/2021 23:00,36774.97,26.67,10.2,0.89,1.64,10,0
9/7/2021 0:00,36775,27.78,10.8,0.89,3.19,10,0
9/7/2021 1:00,36775.04,27.22,11.3,1.34,1.34,10,0
9/7/2021 2:00,36775.08,26.11,11.7,2.68,0.66,10,0
9/7/2021 3:00,36775.13,25.56,12.6,3.13,0.7,10,0
9/7/2021 4:00,36775.17,25.56,12.8,2.68,1.2,10,0
9/7/2021 5:00,36775.21,26.11,12.9,1.79,1.1,10,8
9/7/2021 6:00,36775.25,25.56,14,1.34,6.11,2.07,129
9/7/2021 7:00,36775.29,26.11,11.6,1.34,0.42,1.48,326
9/7/2021 8:00,36775.34,28.89,10.7,0.89,3.53,0,521
9/7/2021 9:00,36775.38,31.67,10.6,1.34,4.29,0,670
9/7/2021 10:00,36775.42,35,10.7,2.24,4.56,0,757
9/7/2021 11:00,36775.46,36.67,10.2,2.24,3.07,0,821
9/7/2021 12:00,36775.5,37.22,10.8,1.79,4.14,0,823
9/7/2021 13:00,36775.55,39.44,10.6,1.79,4.64,0,762
9/7/2021 14:00,36775.59,40,9.9,0.89,3.6,0,652
9/7/2021 15:00,36775.63,40,10.2,2.24,4.63,2.75,482
9/7/2021 16:00,36775.67,40,9.1,3.58,4.97,4.44,287
9/7/2021 17:00,36775.71,38.89,7.5,4.47,5.01,5.72,103
9/7/2021 18:00,36775.76,36.67,7.9,5.36,5.15,10,5
9/7/2021 19:00,36775.8,34.44,4.3,3.13,4.68,10,0
9/7/2021 20:00,36775.84,31.67,0.3,2.68,4.12,10,0
9/7/2021 21:00,36775.88,30,0.2,3.13,4.21,10,0
9/7/2021 22:00,36775.92,29.44,4.9,1.34,4.78,10,0
9/7/2021 23:00,36775.97,29.44,6.2,1.34,1.61,10,0
9/8/2021 0:00,36776,27.22,8.1,0.89,2.98,10,0
9/8/2021 1:00,36776.04,26.11,9.2,1.34,1.01,10,0
9/8/2021 2:00,36776.08,26.11,9.7,1.79,0.93,10,0
9/8/2021 3:00,36776.13,26.11,9.4,1.79,1.19,10,0
9/8/2021 4:00,36776.17,26.11,8.8,2.68,1.71,10,0
9/8/2021 5:00,36776.21,25.56,9.5,3.13,1.71,10,8
9/8/2021 6:00,36776.25,25.56,10.8,1.79,1.66,3.9,116
9/8/2021 7:00,36776.29,27.78,9.5,1.79,1.8,2.73,311
9/8/2021 8:00,36776.34,30,8.9,2.24,1.59,0,505
9/8/2021 9:00,36776.38,32.22,8.1,1.79,3.3,0,665
9/8/2021 10:00,36776.42,33.33,7.9,1.34,3.28,0,767
9/8/2021 11:00,36776.46,35.56,7.7,0.89,2.23,0,818
9/8/2021 12:00,36776.5,37.22,8.3,1.79,3.72,0,810
9/8/2021 13:00,36776.55,37.78,9.4,1.34,3.6,0.79,746
9/8/2021 14:00,36776.59,37.78,10.5,1.34,4.24,2.37,624
9/8/2021 15:00,36776.63,40,11,1.79,3.61,3.84,455
9/8/2021 16:00,36776.67,40,11.2,0.45,4.05,5.56,260
9/8/2021 17:00,36776.71,38.33,12.4,2.24,4.21,6.95,87
9/8/2021 18:00,36776.76,35.56,12.5,2.24,4.54,10,4
9/8/2021 19:00,36776.8,33.89,12.9,2.68,4.71,10,0
9/8/2021 20:00,36776.84,33.33,14.9,1.79,4.49,10,0
9/8/2021 21:00,36776.88,32.22,15.2,0.89,1.76,10,0
9/8/2021 22:00,36776.92,31.11,15.6,0.45,1.76,10,0
9/8/2021 23:00,36776.97,27.78,15.1,0.89,3.74,10,0
9/9/2021 0:00,36777,30,15.1,0.45,2.93,10,0
9/9/2021 1:00,36777.04,28.33,15.3,2.24,0.96,10,0
9/9/2021 2:00,36777.08,27.22,15.7,2.24,0.58,10,0
9/9/2021 3:00,36777.13,27.78,15.8,3.58,0.84,10,0
9/9/2021 4:00,36777.17,26.67,15.5,2.68,0.91,10,0
9/9/2021 5:00,36777.21,26.11,15.3,3.13,1.22,10,7
9/9/2021 6:00,36777.25,26.11,14.7,2.24,1.36,4.54,108
9/9/2021 7:00,36777.29,28.89,14.2,1.34,1.1,3.31,300
9/9/2021 8:00,36777.34,28.33,13.3,1.34,4.05,0.66,499
9/9/2021 9:00,36777.38,32.78,11.7,2.24,3.54,4.14,573
9/9/2021 10:00,36777.42,35,11,0.45,3.8,0,765
9/9/2021 11:00,36777.46,36.67,10.5,1.34,3.6,5.29,652
9/9/2021 12:00,36777.5,37.22,10.8,0.45,3.67,1.82,780
9/9/2021 13:00,36777.55,38.33,10.4,1.79,4.61,3.16,697
9/9/2021 14:00,36777.59,41.11,11,0.89,2.58,4.81,547
9/9/2021 15:00,36777.63,38.33,10.1,1.79,0.07,5.19,412
9/9/2021 16:00,36777.67,41.11,10.4,2.24,4.56,5.6,256
9/9/2021 17:00,36777.71,39.44,11.4,2.68,4.29,7.41,79
9/9/2021 18:00,36777.76,36.67,11.7,3.58,4.26,10,3
9/9/2021 19:00,36777.8,34.44,12.9,1.79,5.1,10,0
9/9/2021 20:00,36777.84,32.78,13.7,1.79,5.01,10,0
9/9/2021 21:00,36777.88,32.22,15.5,3.58,1.47,10,0
9/9/2021 22:00,36777.92,31.11,14.4,5.36,0.75,10,0
9/9/2021 23:00,36777.97,30.56,12.1,1.34,1.36,10,0
9/10/2021 0:00,36778,30.56,11.1,0.45,2.13,10,0
9/10/2021 1:00,36778.04,28.89,11.5,1.79,1.2,10,0
9/10/2021 2:00,36778.08,26.11,11.3,1.79,3.58,10,0
9/10/2021 3:00,36778.13,27.22,10.5,0.89,4.56,10,0
9/10/2021 4:00,36778.17,22.78,9.7,0.89,3.67,10,0
9/10/2021 5:00,36778.21,24.44,9.5,0.89,3.53,10,4
9/10/2021 6:00,36778.25,23.89,8.4,0.45,5.27,3.12,113
9/10/2021 7:00,36778.29,26.11,9.2,0.89,1.22,2.6,305
9/10/2021 8:00,36778.34,28.33,10.4,3.58,4.15,5.36,404
9/10/2021 9:00,36778.38,27.22,10.9,2.68,3.89,4.21,567
9/10/2021 10:00,36778.42,30,11.3,2.24,4.36,0,763
9/10/2021 11:00,36778.46,32.22,10.8,2.68,4.31,0,802
9/10/2021 12:00,36778.5,33.89,10.5,3.58,4.15,0.53,792
9/10/2021 13:00,36778.55,35,11.3,4.47,4.42,1.49,731
9/10/2021 14:00,36778.59,36.11,11.4,3.58,4.42,2.46,615
9/10/2021 15:00,36778.63,35.56,11.3,3.58,4.57,3.54,455
9/10/2021 16:00,36778.67,35,10.8,3.13,4.15,5.14,263
9/10/2021 17:00,36778.71,34.44,9.8,3.58,4.97,9.84,44
9/10/2021 18:00,36778.76,32.22,9.4,3.13,4.64,10,3
9/10/2021 19:00,36778.8,30,8.9,1.34,4.57,10,0
9/10/2021 20:00,36778.84,28.33,10.1,1.79,4.42,10,0
9/10/2021 21:00,36778.88,26.67,9.7,1.79,4.42,10,0
9/10/2021 22:00,36778.92,25.56,9.3,3.58,4.38,10,0
9/10/2021 23:00,36778.97,30.56,10,1.34,6.27,10,0
9/11/2021 0:00,36779,22.78,10.5,2.68,4.26,10,0
9/11/2021 1:00,36779.04,21.67,10.3,1.34,3.42,10,0
9/11/2021 2:00,36779.08,22.22,10.5,0.45,2.9,10,0
9/11/2021 3:00,36779.13,21.67,10.6,0.89,3.26,10,0
9/11/2021 4:00,36779.17,21.11,10.7,1.34,0.86,10,0
9/11/2021 5:00,36779.21,21.67,11.1,1.79,1.69,10,6
9/11/2021 6:00,36779.25,17.78,11.7,1.79,3.58,0,120
9/11/2021 7:00,36779.29,23.89,11.6,0.45,4,0.15,315
9/11/2021 8:00,36779.34,26.67,11.6,1.79,3.39,0,504
9/11/2021 9:00,36779.38,28.33,11.2,1.34,2.64,0,657
9/11/2021 10:00,36779.42,28.89,11.7,4.47,3.25,0,762
9/11/2021 11:00,36779.46,31.67,12,2.24,2.09,0,810
9/11/2021 12:00,36779.5,32.22,11.7,0.89,3.09,0,805
9/11/2021 13:00,36779.55,32.78,11.7,1.34,3.65,0,740
9/11/2021 14:00,36779.59,34.44,11.1,0.89,4,1.73,624
9/11/2021 15:00,36779.63,35.56,10.6,2.24,4.15,2.94,464
9/11/2021 16:00,36779.67,35.56,10.9,1.79,3.94,4.62,270
9/11/2021 17:00,36779.71,34.44,10.7,2.68,4.5,6.1,87
9/11/2021 18:00,36779.76,32.22,11,2.68,4.57,10,2
9/11/2021 19:00,36779.8,30,11.2,1.79,4.45,10,0
9/11/2021 20:00,36779.84,29.44,10.8,1.79,4.76,10,0
9/11/2021 21:00,36779.88,28.89,10.8,3.13,5.17,10,0
9/11/2021 22:00,36779.92,27.78,11.2,0.89,5.52,10,0
9/11/2021 23:00,36779.97,23.89,11.2,2.24,4.5,10,0
9/12/2021 0:00,36780,25,11.1,1.34,1.17,10,0
9/12/2021 1:00,36780.04,23.33,11.4,0.89,3.93,10,0
9/12/2021 2:00,36780.08,22.78,11.4,0.45,5.43,10,0
9/12/2021 3:00,36780.13,23.33,11.5,0.89,1.29,10,0
9/12/2021 4:00,36780.17,22.22,11.6,3.13,0.91,10,0
9/12/2021 5:00,36780.21,21.67,11.9,2.68,1.05,10,6
9/12/2021 6:00,36780.25,22.78,13,2.68,0.87,0,124
9/12/2021 7:00,36780.29,23.89,12.2,3.13,0.96,0,323
9/12/2021 8:00,36780.34,28.33,11.8,0.45,1.15,0,513
9/12/2021 9:00,36780.38,28.89,12.3,0.89,3.25,0,661
9/12/2021 10:00,36780.42,30,12.6,3.58,3.32,0,768
9/12/2021 11:00,36780.46,31.67,12.4,2.68,3.87,0,813
9/12/2021 12:00,36780.5,32.78,11.5,2.24,4.38,0,817
9/12/2021 13:00,36780.55,34.44,10.8,2.68,5.13,0,755
9/12/2021 14:00,36780.59,36.11,10.3,2.24,4.73,0,638
9/12/2021 15:00,36780.63,36.11,9.2,3.13,4.14,2.08,474
9/12/2021 16:00,36780.67,36.11,8.2,4.47,4.57,4.14,275
9/12/2021 17:00,36780.71,35,8.2,2.24,4.96,5.49,89
9/12/2021 18:00,36780.76,33.33,8.4,2.68,4.82,10,2
9/12/2021 19:00,36780.8,31.11,8.3,2.24,4.59,10,0
9/12/2021 20:00,36780.84,30,8,0.45,1.47,10,0
9/12/2021 21:00,36780.88,29.44,8.3,0.89,4.94,10,0
9/12/2021 22:00,36780.92,27.78,8.1,0.45,0.23,10,0
9/12/2021 23:00,36780.97,25,8.4,0.89,3.6,10,0
9/13/2021 0:00,36781,25,8.9,2.24,1.01,10,0
9/13/2021 1:00,36781.04,24.44,10,2.68,1.1,10,0
9/13/2021 2:00,36781.08,23.33,10.1,3.13,0.87,10,0
9/13/2021 3:00,36781.13,22.78,10.8,2.68,1.15,10,0
9/13/2021 4:00,36781.17,22.22,10.7,3.13,0.89,10,0
9/13/2021 5:00,36781.21,22.78,9.9,2.68,1.08,10,5
9/13/2021 6:00,36781.25,23.33,11.3,0.45,2.5,0,129
9/13/2021 7:00,36781.29,23.33,10.6,1.79,0.72,0,332
9/13/2021 8:00,36781.34,26.67,10.8,0.89,0.1,0,524
9/13/2021 9:00,36781.38,30,11.1,0.89,3.79,0,676
9/13/2021 10:00,36781.42,31.11,10.2,2.68,3.3,0,781
9/13/2021 11:00,36781.46,32.22,9.9,0.89,0.61,0,829
9/13/2021 12:00,36781.5,32.78,8.3,1.79,1.92,0,825
9/13/2021 13:00,36781.55,35,7.2,1.34,4.35,0,756
9/13/2021 14:00,36781.59,35.56,7,3.13,4.28,0,632
9/13/2021 15:00,36781.63,36.67,5.6,3.13,3.54,1.84,473
9/13/2021 16:00,36781.67,36.11,4.8,2.24,4.19,4.05,273
9/13/2021 17:00,36781.71,35.56,7.2,1.79,4.08,6.07,81
9/13/2021 18:00,36781.76,32.78,10.2,1.34,4.59,10,1
9/13/2021 19:00,36781.8,31.67,11,1.79,5.03,10,0
9/13/2021 20:00,36781.84,31.11,11,0.89,0.77,10,0
9/13/2021 21:00,36781.88,28.89,11.7,0.45,1.24,10,0
9/13/2021 22:00,36781.92,26.67,11.8,2.68,1.24,10,0
9/13/2021 23:00,36781.97,25.56,11.6,0,4.69,10,0
9/14/2021 0:00,36782,26.67,11.4,2.24,1.43,10,0
9/14/2021 1:00,36782.04,25,11.4,2.68,0.77,10,0
9/14/2021 2:00,36782.08,24.44,11.7,2.68,1.17,10,0
9/14/2021 3:00,36782.13,23.89,11.6,2.68,0.89,10,0
9/14/2021 4:00,36782.17,23.89,11.9,3.58,1.33,10,0
9/14/2021 5:00,36782.21,24.44,12,1.34,6.21,10,5
9/14/2021 6:00,36782.25,22.78,12.7,2.24,1.26,0,112
9/14/2021 7:00,36782.29,24.44,10.7,2.68,1.06,0,309
9/14/2021 8:00,36782.34,28.33,8.3,0.89,0.98,0,503
9/14/2021 9:00,36782.38,30,8.9,0.45,4.1,0,657
9/14/2021 10:00,36782.42,32.22,10,1.34,3.58,0,752
9/14/2021 11:00,36782.46,33.33,10.1,2.24,3.28,0,808
9/14/2021 12:00,36782.5,35,9.5,2.24,4.38,0,799
9/14/2021 13:00,36782.55,35.56,7.5,2.24,4.45,1.07,721
9/14/2021 14:00,36782.59,37.78,7.6,1.79,4.15,2.84,592
9/14/2021 15:00,36782.63,36.67,8.1,2.68,4.36,3.34,445
9/14/2021 16:00,36782.67,35.56,8.4,2.68,4.59,4.66,259
9/14/2021 17:00,36782.71,35.56,9,1.79,4.45,4.65,88
9/14/2021 18:00,36782.76,32.78,9.9,1.34,4.08,10,3
9/14/2021 19:00,36782.8,31.67,12.3,1.34,4.75,10,0
9/14/2021 20:00,36782.84,31.11,11.3,2.24,5.38,10,0
9/14/2021 21:00,36782.88,30,10,1.79,0.52,10,0
9/14/2021 22:00,36782.92,28.33,11,2.24,0.61,10,0
9/14/2021 23:00,36782.97,26.11,10.6,4.02,1.22,10,0
9/15/2021 0:00,36783,26.11,10.6,3.13,1.26,10,0
9/15/2021 1:00,36783.04,25,11.3,3.13,1.38,10,0
9/15/2021 2:00,36783.08,25,11.4,2.68,1.06,10,0
9/15/2021 3:00,36783.13,25,11.6,1.34,3.19,10,0
9/15/2021 4:00,36783.17,23.33,11.8,2.24,0.73,10,0
9/15/2021 5:00,36783.21,23.33,11.7,1.79,0.87,10,5
9/15/2021 6:00,36783.25,23.33,12.8,0.89,0.09,3.08,94
9/15/2021 7:00,36783.29,23.33,12.6,1.79,0.86,2.26,289
9/15/2021 8:00,36783.34,26.67,9,0.45,0.7,2.4,459
9/15/2021 9:00,36783.38,28.33,9.2,0.89,4.63,0,623
9/15/2021 10:00,36783.42,29.44,10.6,1.79,4.14,0,735
9/15/2021 11:00,36783.46,32.22,11.1,2.68,3.4,0.57,773
9/15/2021 12:00,36783.5,33.89,10.9,0.89,4.99,2.87,733
9/15/2021 13:00,36783.55,33.33,10.5,0.45,3.37,5.09,601
9/15/2021 14:00,36783.59,35,9.3,1.79,3.63,3.1,582
9/15/2021 15:00,36783.63,35.56,9.1,1.79,3.94,6.86,330
9/15/2021 16:00,36783.67,34.44,8.1,3.58,4.33,8.21,167
9/15/2021 17:00,36783.71,33.33,8.5,2.24,4.45,8.13,56
9/15/2021 18:00,36783.76,31.11,8.9,1.34,4.64,10,1
9/15/2021 19:00,36783.8,29.44,9.2,1.79,4.57,10,0
9/15/2021 20:00,36783.84,27.78,9.4,1.34,3.7,10,0
9/15/2021 21:00,36783.88,25.56,10.1,1.79,3.67,10,0
9/15/2021 22:00,36783.92,23.89,11.1,1.79,4.29,10,0
9/15/2021 23:00,36783.97,26.67,11.4,3.13,0.75,10,0
9/16/2021 0:00,36784,23.89,11.5,1.79,1.45,10,0
9/16/2021 1:00,36784.04,22.78,11.7,0.45,1.87,10,0
9/16/2021 2:00,36784.08,21.67,11.7,1.79,1.2,10,0
9/16/2021 3:00,36784.13,21.67,11.3,0.89,1.24,10,0
9/16/2021 4:00,36784.17,21.11,11.2,1.79,0.99,10,0
9/16/2021 5:00,36784.21,21.11,10.9,1.34,1.71,10,3
9/16/2021 6:00,36784.25,20.56,11.4,0.89,0.77,6.33,71
9/16/2021 7:00,36784.29,21.11,11.9,1.34,1.34,3.22,275
9/16/2021 8:00,36784.34,23.89,12.1,0.45,3.93,0,473
9/16/2021 9:00,36784.38,25,12.1,2.68,3.58,0,631
9/16/2021 10:00,36784.42,26.67,11.8,0.45,2.27,0,734
9/16/2021 11:00,36784.46,27.78,12,3.13,3.86,0,783
9/16/2021 12:00,36784.5,30,12,1.79,3.93,0,782
9/16/2021 13:00,36784.55,31.11,11.7,1.34,3.46,0.86,715
9/16/2021 14:00,36784.59,32.22,11.7,2.24,3.93,2.22,597
9/16/2021 15:00,36784.63,33.33,10.7,0.89,2.84,3.69,430
9/16/2021 16:00,36784.67,33.33,10.2,2.68,4.26,5.72,231
9/16/2021 17:00,36784.71,32.22,9.2,2.68,4.54,6.78,66
9/16/2021 18:00,36784.76,29.44,9,2.68,4.78,10,1
9/16/2021 19:00,36784.8,26.67,9.4,2.24,4.28,10,0
9/16/2021 20:00,36784.84,26.11,10.8,1.34,4.38,10,0
9/16/2021 21:00,36784.88,23.89,11.4,1.79,4.21,10,0
9/16/2021 22:00,36784.92,22.22,11.8,2.24,4.26,10,0
9/16/2021 23:00,36784.97,23.33,11.7,0.45,4.9,10,0
9/17/2021 0:00,36785,18.89,11.6,1.34,3.6,10,0
9/17/2021 1:00,36785.04,19.44,11.6,1.34,3.37,10,0
9/17/2021 2:00,36785.08,17.78,11.7,0.89,3.67,10,0
9/17/2021 3:00,36785.13,17.78,11.6,0.89,3.98,10,0
9/17/2021 4:00,36785.17,18.89,11.3,1.34,1.48,10,0
9/17/2021 5:00,36785.21,18.89,11.4,1.34,1.41,10,3
9/17/2021 6:00,36785.25,18.33,12.2,0.89,1.68,0,92
9/17/2021 7:00,36785.29,16.11,12.8,0.45,2.53,1.89,284
9/17/2021 8:00,36785.34,22.78,12.6,1.79,1.57,1.25,464
9/17/2021 9:00,36785.38,23.89,11.6,0.89,3.91,0,626
9/17/2021 10:00,36785.42,25.56,11.2,2.24,3.63,0,725
9/17/2021 11:00,36785.46,27.78,12,2.24,3.28,1.39,757
9/17/2021 12:00,36785.5,29.44,12.4,0.89,4.07,1.14,760
9/17/2021 13:00,36785.55,30,12.3,1.34,3.18,2.91,675
9/17/2021 14:00,36785.59,31.11,11.8,0.89,3.75,4.09,546
9/17/2021 15:00,36785.63,31.11,11.2,1.79,5.34,6.17,352
9/17/2021 16:00,36785.67,31.67,11.4,0.89,4.43,7.86,173
9/17/2021 17:00,36785.71,30.56,11.6,0.89,3.25,7.16,60
9/17/2021 18:00,36785.76,29.44,11.9,0.45,4.94,10,1
9/17/2021 19:00,36785.8,27.78,12.5,1.34,5.5,10,0
9/17/2021 20:00,36785.84,27.22,12.5,1.34,4.97,10,0
9/17/2021 21:00,36785.88,25.56,12.6,0.89,6.06,10,0
9/17/2021 22:00,36785.92,22.78,11.1,1.34,3.56,10,0
9/17/2021 23:00,36785.97,20.56,10.6,1.79,3.68,10,0
9/18/2021 0:00,36786,20,10.9,0.89,3.54,10,0
9/18/2021 1:00,36786.04,18.89,11.6,0.89,4.42,10,0
9/18/2021 2:00,36786.08,17.22,11.9,1.34,3.6,10,0
9/18/2021 3:00,36786.13,18.33,11.7,0.89,3.25,10,0
9/18/2021 4:00,36786.17,16.67,11.3,0.45,3.18,10,0
9/18/2021 5:00,36786.21,17.78,10.9,1.79,0.87,10,2
9/18/2021 6:00,36786.25,17.22,11.1,0.89,3.23,4.72,75
9/18/2021 7:00,36786.29,15.56,11.6,1.34,3.49,3.63,262
9/18/2021 8:00,36786.34,18.33,12.1,1.34,4.31,2.42,447
9/18/2021 9:00,36786.38,21.67,12.3,2.24,3.89,0,610
9/18/2021 10:00,36786.42,23.33,11.4,0.89,3.65,0,712
9/18/2021 11:00,36786.46,25.56,11,0.45,4.64,0,764
9/18/2021 12:00,36786.5,27.78,11.1,3.13,4.26,0,763
9/18/2021 13:00,36786.55,30,11.1,1.79,4.1,1.64,698
9/18/2021 14:00,36786.59,30,8.7,3.13,4.75,2.44,585
9/18/2021 15:00,36786.63,28.89,7.9,4.92,4.31,3.88,418
9/18/2021 16:00,36786.67,29.44,8.9,4.92,4.38,5.65,226
9/18/2021 17:00,36786.71,28.33,7.9,3.58,4.5,6.93,59
9/18/2021 18:00,36786.76,26.11,8.6,3.13,4.4,10,0
9/18/2021 19:00,36786.8,24.44,9.9,1.34,5.38,10,0
9/18/2021 20:00,36786.84,22.78,11.5,1.79,4.26,10,0
9/18/2021 21:00,36786.88,21.11,13.1,2.68,4.31,10,0
9/18/2021 22:00,36786.92,18.89,13.8,2.68,4.26,10,0
9/18/2021 23:00,36786.97,22.78,13.9,1.34,1.15,10,0
9/19/2021 0:00,36787,16.11,13.8,1.79,4.33,10,0
9/19/2021 1:00,36787.04,15.56,13.5,2.24,3.94,10,0
9/19/2021 2:00,36787.08,14.44,13.3,1.79,4.22,10,0
9/19/2021 3:00,36787.13,14.44,13.1,1.34,4.4,10,0
9/19/2021 4:00,36787.17,14.44,13,0.89,3.74,10,0
9/19/2021 5:00,36787.21,15,12.9,0.45,3.11,10,4
9/19/2021 6:00,36787.25,13.33,13.3,1.34,3.61,0,111
9/19/2021 7:00,36787.29,14.44,14.2,1.34,3.32,0,303
9/19/2021 8:00,36787.34,17.78,15.2,1.34,3.86,0,486
9/19/2021 9:00,36787.38,22.22,15.1,1.34,4.78,0,635
9/19/2021 10:00,36787.42,25,14.6,5.36,3.98,0,735
9/19/2021 11:00,36787.46,25,13.9,7.6,5.18,0,784
9/19/2021 12:00,36787.5,26.11,12.9,7.15,5.18,0,776
9/19/2021 13:00,36787.55,26.67,11.9,4.92,5.13,0,719
9/19/2021 14:00,36787.59,27.22,10.1,6.26,4.49,5.06,504
9/19/2021 15:00,36787.63,26.67,8,4.92,5.01,3.19,429
9/19/2021 16:00,36787.67,27.22,6.6,4.47,4.57,4.56,243
9/19/2021 17:00,36787.71,25.56,7,4.02,4.5,5.92,63
9/19/2021 18:00,36787.76,23.89,7.3,3.13,4.52,10,0
9/19/2021 19:00,36787.8,22.78,7.7,5.81,5.32,10,0
9/19/2021 20:00,36787.84,21.11,8.1,2.24,4.28,10,0
9/19/2021 21:00,36787.88,20.56,8.4,2.24,4.59,10,0
9/19/2021 22:00,36787.92,18.89,8.8,2.24,4.47,10,0
9/19/2021 23:00,36787.97,17.22,8.7,2.68,4.29,10,0
9/20/2021 0:00,36788,16.67,8.8,1.34,4,10,0
9/20/2021 1:00,36788.04,16.67,9.2,0.45,3.79,10,0
9/20/2021 2:00,36788.08,17.22,9.5,0.45,2.2,10,0
9/20/2021 3:00,36788.13,16.11,10,0.89,2.55,10,0
9/20/2021 4:00,36788.17,16.11,9.6,0.89,1.76,10,0
9/20/2021 5:00,36788.21,17.22,9.5,2.24,1.06,10,3
9/20/2021 6:00,36788.25,17.22,10.1,2.24,0.84,0,110
9/20/2021 7:00,36788.29,19.44,10.3,0.89,1.99,0,300
9/20/2021 8:00,36788.34,18.89,9.6,0.45,3.39,0,491
9/20/2021 9:00,36788.38,22.22,9.4,0.45,2.06,0,646
9/20/2021 10:00,36788.42,24.44,9.5,2.68,3.39,0,729
9/20/2021 11:00,36788.46,25.56,9.8,1.79,3.35,0,773
9/20/2021 12:00,36788.5,27.22,9.8,2.24,3.18,0.25,754
9/20/2021 13:00,36788.55,28.33,10.2,0.45,4.71,2.1,682
9/20/2021 14:00,36788.59,30.56,10.1,2.24,4.21,3.41,555
9/20/2021 15:00,36788.63,30,10.4,0.89,4.99,4.76,388
9/20/2021 16:00,36788.67,30,10.7,0.89,4.07,6.57,199
9/20/2021 17:00,36788.71,29.44,11,1.79,4.33,8.03,45
9/20/2021 18:00,36788.76,27.78,11.4,1.79,4.24,10,0
9/20/2021 19:00,36788.8,26.11,11.7,1.79,4.15,10,0
9/20/2021 20:00,36788.84,25,11.7,1.34,4.12,10,0
9/20/2021 21:00,36788.88,23.89,12.2,0.89,5.45,10,0
9/20/2021 22:00,36788.92,23.33,12.3,1.79,0.99,10,0
9/20/2021 23:00,36788.97,18.33,12.6,1.34,3.8,10,0
9/21/2021 0:00,36789,21.11,12.5,3.58,1.26,10,0
9/21/2021 1:00,36789.04,21.11,12,3.58,0.87,10,0
9/21/2021 2:00,36789.08,20.56,12.2,4.02,0.96,10,0
9/21/2021 3:00,36789.13,20.56,11.4,4.02,0.96,10,0
9/21/2021 4:00,36789.17,20.56,11.8,3.13,0.87,10,0
9/21/2021 5:00,36789.21,20,11.1,3.13,0.94,10,2
9/21/2021 6:00,36789.25,20,11.5,2.68,0.87,6.88,52
9/21/2021 7:00,36789.29,20,13,1.79,1.03,6.83,191
9/21/2021 8:00,36789.34,21.67,12.1,1.34,1.08,6.12,342
9/21/2021 9:00,36789.38,25,12.1,1.34,5.25,5.15,494
9/21/2021 10:00,36789.42,27.78,11.8,0.45,1.4,5.3,571
9/21/2021 11:00,36789.46,30,11.4,0.45,5.45,5.31,613
9/21/2021 12:00,36789.5,31.67,11.8,0.45,1.62,5.07,625
9/21/2021 13:00,36789.55,32.22,11.4,0.89,4.63,5.41,565
9/21/2021 14:00,36789.59,33.89,9.2,1.79,0.75,5.84,464
9/21/2021 15:00,36789.63,33.33,10.7,1.34,4.35,7.2,299
9/21/2021 16:00,36789.67,33.89,8.5,1.34,3.23,9,129
9/21/2021 17:00,36789.71,31.11,9.4,0.89,0.07,10,21
9/21/2021 18:00,36789.76,30.56,11.2,1.34,0.45,10,0
9/21/2021 19:00,36789.8,29.44,11.6,0.89,3.58,10,0
9/21/2021 20:00,36789.84,27.22,11.1,1.34,0.07,10,0
9/21/2021 21:00,36789.88,27.22,10.4,0.89,0.16,10,0
9/21/2021 22:00,36789.92,26.67,10.4,1.79,0.28,10,0
9/21/2021 23:00,36789.97,22.22,10.8,2.24,1.12,10,0
9/22/2021 0:00,36790,25.56,10.9,4.92,0.73,10,0
9/22/2021 1:00,36790.04,25.56,9.6,3.58,1.2,10,0
9/22/2021 2:00,36790.08,23.89,9.3,1.34,3.68,10,0
9/22/2021 3:00,36790.13,23.33,9.8,1.79,0.84,10,0
9/22/2021 4:00,36790.17,22.22,10.7,2.68,1.15,10,0
9/22/2021 5:00,36790.21,22.22,10.4,3.13,0.66,10,2
9/22/2021 6:00,36790.25,22.78,10.7,3.13,0.8,7.2,47
9/22/2021 7:00,36790.29,23.33,12.9,1.34,3.19,7.55,170
9/22/2021 8:00,36790.34,24.44,12.4,0.45,6.11,5.53,359
9/22/2021 9:00,36790.38,27.22,11.9,0.45,0.38,4.07,529
9/22/2021 10:00,36790.42,28.89,11.2,1.34,4.28,4.52,602
9/22/2021 11:00,36790.46,32.22,10.5,0.89,3.93,3.86,674
9/22/2021 12:00,36790.5,33.33,9.2,0.45,0.49,2.91,705
9/22/2021 13:00,36790.55,35,8.4,0.89,4.21,4.36,608
9/22/2021 14:00,36790.59,35,8,1.34,4.52,3.94,532
9/22/2021 15:00,36790.63,35.56,8.1,2.24,5.25,5.43,361
9/22/2021 16:00,36790.67,36.11,8.6,1.34,4.76,6.99,183
9/22/2021 17:00,36790.71,34.44,9,1.34,4.56,7.9,41
9/22/2021 18:00,36790.76,32.78,9.3,1.79,4.73,10,0
9/22/2021 19:00,36790.8,30.56,10.2,0.89,0.91,10,0
9/22/2021 20:00,36790.84,29.44,9.8,0.89,4.38,10,0
9/22/2021 21:00,36790.88,27.78,9.6,0.89,4.05,10,0
9/22/2021 22:00,36790.92,25.56,8.8,1.34,4.15,10,0
9/22/2021 23:00,36790.97,25.56,9.3,3.58,0.49,10,0
9/23/2021 0:00,36791,23.89,9.7,0.45,4.17,10,0
9/23/2021 1:00,36791.04,22.78,9.3,0.45,4.05,10,0
9/23/2021 2:00,36791.08,21.11,9.4,0.89,1.73,10,0
9/23/2021 3:00,36791.13,21.67,9.5,1.34,1.12,10,0
9/23/2021 4:00,36791.17,22.22,9.3,0.45,2.29,10,0
9/23/2021 5:00,36791.21,21.67,10,2.24,0.98,10,2
9/23/2021 6:00,36791.25,20.56,11.2,0.89,0.91,0,78
9/23/2021 7:00,36791.29,23.89,11.2,0.89,0.98,2.36,256
9/23/2021 8:00,36791.34,22.22,11.7,0.89,3.09,1.28,439
9/23/2021 9:00,36791.38,25.56,11.3,0.45,3.98,0,600
9/23/2021 10:00,36791.42,27.22,11.2,1.79,4,0,718
9/23/2021 11:00,36791.46,30,11,0.89,3.93,0,760
9/23/2021 12:00,36791.5,31.67,11.7,1.79,4.36,0.39,741
9/23/2021 13:00,36791.55,32.78,11.7,2.24,3.39,4.71,590
9/23/2021 14:00,36791.59,33.33,12,0.89,5.69,5.18,485
9/23/2021 15:00,36791.63,33.89,12,1.34,3.39,4.91,373
9/23/2021 16:00,36791.67,33.89,12,1.79,3.4,6.61,189
9/23/2021 17:00,36791.71,32.78,12.6,1.34,3.42,9.22,29
9/23/2021 18:00,36791.76,30.56,12.9,1.34,3.21,10,0
9/23/2021 19:00,36791.8,29.44,13.8,0.89,0.42,10,0
9/23/2021 20:00,36791.84,28.89,14.2,0.89,3.39,10,0
9/23/2021 21:00,36791.88,27.22,13.9,0.89,1.48,10,0
9/23/2021 22:00,36791.92,25.56,13.9,1.34,1.9,10,0
9/23/2021 23:00,36791.97,25,13.4,0.89,3.02,10,0
9/24/2021 0:00,36792,23.89,12.1,2.24,1.08,10,0
9/24/2021 1:00,36792.04,23.33,11.6,2.24,1.1,10,0
9/24/2021 2:00,36792.08,22.78,12.2,4.47,0.94,10,0
9/24/2021 3:00,36792.13,22.78,12.2,3.58,0.96,10,0
9/24/2021 4:00,36792.17,22.22,12.3,3.58,0.61,10,0
9/24/2021 5:00,36792.21,22.22,12.2,3.58,0.82,10,2
9/24/2021 6:00,36792.25,21.67,11.9,4.92,0.96,5.55,50
9/24/2021 7:00,36792.29,21.67,13.4,2.68,1.2,6.3,194
9/24/2021 8:00,36792.34,23.33,12,1.79,1.05,5.5,353
9/24/2021 9:00,36792.38,26.11,10.4,0.89,4.8,4.51,507
9/24/2021 10:00,36792.42,27.78,10.1,0.89,3.74,4.23,606
9/24/2021 11:00,36792.46,31.11,10.6,1.79,3.32,4.08,658
9/24/2021 12:00,36792.5,32.22,11.1,1.34,3.51,4.17,654
9/24/2021 13:00,36792.55,32.78,11.2,1.34,3.51,4.45,597
9/24/2021 14:00,36792.59,33.89,11.7,0.89,2.32,5.59,465
9/24/2021 15:00,36792.63,34.44,12.1,0.45,2.43,6.79,307
9/24/2021 16:00,36792.67,33.89,13.3,0.89,4.57,8.35,142
9/24/2021 17:00,36792.71,32.22,12.3,0.89,3.33,9.23,27
9/24/2021 18:00,36792.76,30,12.9,1.79,2.09,10,0
9/24/2021 19:00,36792.8,28.33,13.1,0.45,2.76,10,0
9/24/2021 20:00,36792.84,27.22,13.8,0.89,0.19,10,0
9/24/2021 21:00,36792.88,27.22,13.7,1.79,0.93,10,0
9/24/2021 22:00,36792.92,26.11,12.9,3.13,0.73,10,0
9/24/2021 23:00,36792.97,24.44,12.4,2.24,0.93,10,0
9/25/2021 0:00,36793,25,12.8,3.13,1.69,10,0
9/25/2021 1:00,36793.04,23.89,13.1,3.13,0.72,10,0
9/25/2021 2:00,36793.08,22.78,13.1,3.13,1.15,10,0
9/25/2021 3:00,36793.13,22.78,12.3,4.47,1.1,10,0
9/25/2021 4:00,36793.17,22.78,12.4,4.02,1.17,10,0
9/25/2021 5:00,36793.21,22.22,12.3,5.36,1.13,10,2
9/25/2021 6:00,36793.25,21.67,13,1.34,3.6,2.47,56
9/25/2021 7:00,36793.29,22.78,14.8,0.45,3.33,5.37,209
9/25/2021 8:00,36793.34,24.44,13.8,0.45,0.09,3.95,391
9/25/2021 9:00,36793.38,25.56,12.5,0.45,0.42,3.17,542
9/25/2021 10:00,36793.42,27.78,11.8,2.68,3.11,2.91,644
9/25/2021 11:00,36793.46,29.44,12,0.89,2.3,3.02,690
9/25/2021 12:00,36793.5,30.56,12,2.24,3.46,3.64,670
9/25/2021 13:00,36793.55,32.78,12.6,1.34,2.27,5.21,561
9/25/2021 14:00,36793.59,32.22,12.7,1.79,4.42,6.01,443
9/25/2021 15:00,36793.63,32.22,12.5,0.45,3.09,6.97,297
9/25/2021 16:00,36793.67,32.22,12.5,0.89,2.67,8.38,139
9/25/2021 17:00,36793.71,31.11,12.4,1.79,3.28,8.8,28
9/25/2021 18:00,36793.76,28.33,12.9,0.45,2.11,10,0
9/25/2021 19:00,36793.8,27.78,13.5,0.89,2.09,10,0
9/25/2021 20:00,36793.84,26.67,14,0.89,3.11,10,0
9/25/2021 21:00,36793.88,25.56,14.2,0.45,1.57,10,0
9/25/2021 22:00,36793.92,24.44,13.9,0.45,1.05,10,0
9/25/2021 23:00,36793.97,25.56,14,2.24,1.64,10,0
9/26/2021 0:00,36794,22.78,14.1,1.34,1.13,10,0
9/26/2021 1:00,36794.04,22.22,13.7,1.79,1.36,10,0
9/26/2021 2:00,36794.08,21.11,13.5,2.24,0.8,10,0
9/26/2021 3:00,36794.13,20.56,13.3,1.34,1.27,10,0
9/26/2021 4:00,36794.17,18.89,12.7,1.34,3.77,10,0
9/26/2021 5:00,36794.21,18.89,12.2,1.34,1.62,10,2
9/26/2021 6:00,36794.25,17.78,12.1,0.89,3.94,0,69
9/26/2021 7:00,36794.29,20,12.3,1.79,1.12,3.65,231
9/26/2021 8:00,36794.34,22.22,12.8,1.79,0.58,4.09,384
9/26/2021 9:00,36794.38,21.67,12.8,1.34,3.51,3.64,526
9/26/2021 10:00,36794.42,25,13.5,1.34,3.65,3.27,630
9/26/2021 11:00,36794.46,27.22,13,0.45,3.35,3.56,669
9/26/2021 12:00,36794.5,27.78,12.8,1.79,3.37,3.92,656
9/26/2021 13:00,36794.55,28.89,12.3,2.24,4.01,4.2,599
9/26/2021 14:00,36794.59,30.56,9.3,1.34,4.29,5.64,456
9/26/2021 15:00,36794.63,29.44,9.1,1.79,4.4,7.27,282
9/26/2021 16:00,36794.67,28.89,9.9,1.79,3.61,8.76,126
9/26/2021 17:00,36794.71,27.22,9.9,2.68,4.05,9.27,23
9/26/2021 18:00,36794.76,25.56,11.1,1.34,4.08,10,0
9/26/2021 19:00,36794.8,25,12,0.89,5.46,10,0
9/26/2021 20:00,36794.84,23.89,12.5,1.79,4.08,10,0
9/26/2021 21:00,36794.88,22.22,12.3,0.89,4.21,10,0
9/26/2021 22:00,36794.92,22.22,12.3,1.34,0.73,10,0
9/26/2021 23:00,36794.97,23.89,12.6,0.89,1.38,10,0
9/27/2021 0:00,36795,21.11,12.2,0.89,0.86,10,0
9/27/2021 1:00,36795.04,18.89,11.9,0.45,3.37,10,0
9/27/2021 2:00,36795.08,16.67,11.6,1.34,4.01,10,0
9/27/2021 3:00,36795.13,17.78,11.4,0.89,3.65,10,0
9/27/2021 4:00,36795.17,17.78,11.3,0.45,2.43,10,0
9/27/2021 5:00,36795.21,15.56,11.1,0.89,3.61,10,1
9/27/2021 6:00,36795.25,15,11.2,1.34,3.68,0,58
9/27/2021 7:00,36795.29,17.22,11.3,1.34,4.54,3.74,226
9/27/2021 8:00,36795.34,17.78,11.9,0.89,3.54,1.65,419
9/27/2021 9:00,36795.38,21.11,11.6,0.89,3.63,0,582
9/27/2021 10:00,36795.42,23.33,11.5,0.89,2.64,0,687
9/27/2021 11:00,36795.46,26.11,11.1,1.79,4.33,0,734
9/27/2021 12:00,36795.5,28.33,10.3,3.58,4.17,0,725
9/27/2021 13:00,36795.55,28.89,9.5,1.79,4.47,1.98,655
9/27/2021 14:00,36795.59,29.44,9.6,4.02,4.49,3.3,530
9/27/2021 15:00,36795.63,28.89,9.8,3.58,4.57,4.82,361
9/27/2021 16:00,36795.67,28.89,10.3,3.13,4.08,6.75,174
9/27/2021 17:00,36795.71,27.78,9.4,2.68,4.26,6.45,35
9/27/2021 18:00,36795.76,25,9,3.13,4.68,10,0
9/27/2021 19:00,36795.8,23.89,11.1,3.13,4.96,10,0
9/27/2021 20:00,36795.84,23.33,12.3,5.36,5.2,10,0
9/27/2021 21:00,36795.88,21.67,13.5,2.24,4.59,10,0
9/27/2021 22:00,36795.92,18.33,14,2.68,4.28,10,0
9/27/2021 23:00,36795.97,21.11,14.1,2.24,1.36,10,0
9/28/2021 0:00,36796,17.22,14,2.68,4.1,10,0
9/28/2021 1:00,36796.04,17.22,14.1,1.34,4.07,10,0
9/28/2021 2:00,36796.08,15.56,14,3.58,4.43,10,0
9/28/2021 3:00,36796.13,15,13.7,3.58,4.43,10,0
9/28/2021 4:00,36796.17,15,13.4,3.13,4.49,10,0
9/28/2021 5:00,36796.21,14.44,10.5,2.68,4.75,10,2
9/28/2021 6:00,36796.25,13.89,9.9,1.34,4.5,0,50
9/28/2021 7:00,36796.29,13.89,9.9,3.13,4.49,0,259
9/28/2021 8:00,36796.34,15.56,9.9,3.58,4.45,0,456
9/28/2021 9:00,36796.38,17.78,10.4,3.58,5.04,0,607
9/28/2021 10:00,36796.42,18.33,9.8,6.26,4.47,0,703
9/28/2021 11:00,36796.46,19.44,7.9,4.02,5.25,0,749
9/28/2021 12:00,36796.5,22.22,7.1,5.36,4.29,1.31,712
9/28/2021 13:00,36796.55,22.78,6.8,5.81,5.11,1.78,654
9/28/2021 14:00,36796.59,23.33,6.6,4.02,4.54,3.42,523
9/28/2021 15:00,36796.63,24.44,6.3,4.92,4.36,4.87,356
9/28/2021 16:00,36796.67,25,4.7,3.58,4.61,6.93,167
9/28/2021 17:00,36796.71,23.33,2.6,3.58,4.43,8.12,25
9/28/2021 18:00,36796.76,21.11,2.6,2.68,4.43,10,0
9/28/2021 19:00,36796.8,20.56,3.2,0.89,4.52,10,0
9/28/2021 20:00,36796.84,20.56,3,1.79,4.59,10,0
9/28/2021 21:00,36796.88,18.89,3.6,1.34,3.33,10,0
9/28/2021 22:00,36796.92,17.78,2.1,0.89,4.78,10,0
9/28/2021 23:00,36796.97,17.78,1.1,2.68,4.5,10,0
9/29/2021 0:00,36797,16.11,1.8,1.79,1.17,10,0
9/29/2021 1:00,36797.04,16.11,3.1,1.79,1.75,10,0
9/29/2021 2:00,36797.08,13.89,3.6,1.34,3.6,10,0
9/29/2021 3:00,36797.13,13.33,2.7,1.79,4.01,10,0
9/29/2021 4:00,36797.17,15,3.3,2.24,1.01,10,0
9/29/2021 5:00,36797.21,15.56,3.3,2.24,0.86,10,1
9/29/2021 6:00,36797.25,15,4.7,1.79,1.34,0,69
9/29/2021 7:00,36797.29,13.89,4.1,0.89,3.37,0,268
9/29/2021 8:00,36797.34,17.78,4.1,0.89,1.31,0,450
9/29/2021 9:00,36797.38,21.11,4.4,0.45,3.23,0,609
9/29/2021 10:00,36797.42,22.78,4.9,0.89,1.82,0,707
9/29/2021 11:00,36797.46,23.33,4.1,1.79,2.86,0,735
9/29/2021 12:00,36797.5,24.44,3.9,1.79,3.05,0,741
9/29/2021 13:00,36797.55,26.11,3.2,0.89,3,0,673
9/29/2021 14:00,36797.59,25,3,2.68,5.83,1.34,555
9/29/2021 15:00,36797.63,26.67,3.6,1.79,4.45,3.92,375
9/29/2021 16:00,36797.67,26.11,3.7,0.89,4.78,6.2,179
9/29/2021 17:00,36797.71,25.56,4.2,1.34,3.93,5.42,32
9/29/2021 18:00,36797.76,23.33,4.9,1.79,4.22,10,0
9/29/2021 19:00,36797.8,22.78,5.5,2.68,5.01,10,0
9/29/2021 20:00,36797.84,21.67,5.8,0.89,1.2,10,0
9/29/2021 21:00,36797.88,20.56,6.1,2.24,1.1,10,0
9/29/2021 22:00,36797.92,19.44,6.7,3.13,0.65,10,0
9/29/2021 23:00,36797.97,17.78,6.8,0.89,4.31,10,0
9/30/2021 0:00,36798,18.33,6.9,3.13,1.1,10,0
9/30/2021 1:00,36798.04,17.22,6.8,1.34,3.8,10,0
9/30/2021 2:00,36798.08,17.22,6.6,2.24,1.03,10,0
9/30/2021 3:00,36798.13,17.78,5.5,3.58,1.29,10,0
9/30/2021 4:00,36798.17,16.67,5.4,4.02,1.15,10,0
9/30/2021 5:00,36798.21,17.22,6,4.47,0.87,10,1
9/30/2021 6:00,36798.25,16.11,6.7,3.13,0.72,0,70
9/30/2021 7:00,36798.29,16.67,7.5,2.68,1.24,0,250
9/30/2021 8:00,36798.34,20,6.1,0.89,1.59,0,433
9/30/2021 9:00,36798.38,24.44,5.9,0.45,2.32,0,587
9/30/2021 10:00,36798.42,23.89,6.1,1.79,3.51,0,697
9/30/2021 11:00,36798.46,26.67,6.2,2.24,3.72,0,739
9/30/2021 12:00,36798.5,27.78,5.7,0.89,3.86,0,733
9/30/2021 13:00,36798.55,27.78,5.2,1.79,3.74,0,663
9/30/2021 14:00,36798.59,29.17,4.2,1.34,3.65,2.42,536
9/30/2021 15:00,36798.63,30.56,2.7,0.89,3.56,4.33,362
9/30/2021 16:00,36798.67,30.56,3.3,1.79,3.23,6.65,167
9/30/2021 17:00,36798.71,28.33,5.4,1.34,4.01,6.71,25
9/30/2021 18:00,36798.76,26.11,6.6,0.89,4.49,10,0
9/30/2021 19:00,36798.8,25,7.2,1.34,5.65,10,0
9/30/2021 20:00,36798.84,23.33,7.9,1.79,0.8,10,0
9/30/2021 21:00,36798.88,22.22,8,3.13,1.03,10,0
9/30/2021 22:00,36798.92,21.11,8.2,3.58,1.4,10,0
9/30/2021 23:00,36798.97,19.44,7.1,4.47,1.22,10,0
10/1/2021 0:00,36799,20,6.6,3.13,1.24,10,0
10/1/2021 1:00,36799.04,19.44,6.7,3.58,1.08,10,0
10/1/2021 2:00,36799.08,18.89,6.7,4.47,0.94,10,0
10/1/2021 3:00,36799.13,19.44,6.2,4.92,0.7,10,0
10/1/2021 4:00,36799.17,18.33,5.8,3.58,0.94,10,0
10/1/2021 5:00,36799.21,18.33,5.9,3.58,1.03,10,1
10/1/2021 6:00,36799.25,17.78,6.7,3.13,0.98,0,66
10/1/2021 7:00,36799.29,18.33,6.6,1.79,0.77,2.24,224
10/1/2021 8:00,36799.34,21.67,3.3,1.34,0.7,3.31,380
10/1/2021 9:00,36799.38,23.89,3.1,0.89,3.42,1.01,550
10/1/2021 10:00,36799.42,26.67,4.9,1.34,3.33,0,668
10/1/2021 11:00,36799.46,28.33,6.3,1.79,3.35,1.97,689
10/1/2021 12:00,36799.5,29.44,5.8,1.79,4.08,3.61,647
10/1/2021 13:00,36799.55,31.11,5.2,0.89,3.91,2.63,625
10/1/2021 14:00,36799.59,31.11,4.4,2.68,3.61,3.24,515
10/1/2021 15:00,36799.63,31.67,4.8,1.79,3.89,5.06,340
10/1/2021 16:00,36799.67,32.22,3.9,2.24,4,6.64,164
10/1/2021 17:00,36799.71,31.11,5,1.34,4.38,5.52,25
10/1/2021 18:00,36799.76,29.44,7.8,0.89,4.68,10,0
10/1/2021 19:00,36799.8,28.33,8.4,1.34,5.48,10,0
10/1/2021 20:00,36799.84,25.56,8.9,2.24,0.54,10,0
10/1/2021 21:00,36799.88,23.89,9.5,2.68,0.86,10,0
10/1/2021 22:00,36799.92,22.78,8.9,4.92,0.99,10,0
10/1/2021 23:00,36799.97,20.56,7.8,4.02,1.05,10,0
10/2/2021 0:00,36800,21.11,7.8,3.58,1.15,10,0
10/2/2021 1:00,36800.04,21.11,7.3,3.13,1.05,10,0
10/2/2021 2:00,36800.08,21.11,6.6,3.58,0.89,10,0
10/2/2021 3:00,36800.13,21.11,7,2.68,1.13,10,0
10/2/2021 4:00,36800.17,21.11,7,1.79,1.34,10,0
10/2/2021 5:00,36800.21,20,7.1,2.24,0.54,10,0
10/2/2021 6:00,36800.25,20.56,6.8,0.89,1.19,0,34
10/2/2021 7:00,36800.29,19.44,9,0.89,0.52,8.32,125
10/2/2021 8:00,36800.34,20,7.8,1.34,0.82,8.03,235
10/2/2021 9:00,36800.38,22.22,5.9,1.79,0.63,5.16,454
10/2/2021 10:00,36800.42,25,5.4,0.89,5.36,0,660
10/2/2021 11:00,36800.46,27.78,5.8,1.34,4.17,0,710
10/2/2021 12:00,36800.5,30,5.7,0.45,3.67,0.84,699
10/2/2021 13:00,36800.55,31.11,5.6,0.89,4.83,2.12,631
10/2/2021 14:00,36800.59,32.22,4.3,0.45,2.06,3.23,511
10/2/2021 15:00,36800.63,32.78,3.1,1.34,3.87,4.07,360
10/2/2021 16:00,36800.67,32.22,3.3,1.34,4.29,5.46,182
10/2/2021 17:00,36800.71,30.56,5,1.34,4.33,0,30
10/2/2021 18:00,36800.76,28.89,7.3,2.68,5.38,10,0
10/2/2021 19:00,36800.8,26.67,7.7,1.79,0.42,10,0
10/2/2021 20:00,36800.84,25.56,8,4.02,0.87,10,0
10/2/2021 21:00,36800.88,24.44,7.6,4.47,0.94,10,0
10/2/2021 22:00,36800.92,23.89,6.6,3.13,1.27,10,0
10/2/2021 23:00,36800.97,21.67,7.1,4.02,0.96,10,0
10/3/2021 0:00,36801,23.33,6.2,2.24,0.73,10,0
10/3/2021 1:00,36801.04,23.89,6.4,4.02,0.8,10,0
10/3/2021 2:00,36801.08,23.33,6.1,1.34,0.4,10,0
10/3/2021 3:00,36801.13,22.78,5.8,2.68,1.13,10,0
10/3/2021 4:00,36801.17,19.44,6.2,2.24,3.96,10,0
10/3/2021 5:00,36801.21,20,7,2.24,1.19,10,0
10/3/2021 6:00,36801.25,20.56,5.5,1.34,0.59,0,28
10/3/2021 7:00,36801.29,20.56,6.3,1.34,1.05,8.63,115
10/3/2021 8:00,36801.34,20.56,5.6,1.34,1.05,7.58,251
10/3/2021 9:00,36801.38,22.22,5.3,0.89,2.21,7.38,352
10/3/2021 10:00,36801.42,23.89,4.8,0.45,3.37,7.14,432
10/3/2021 11:00,36801.46,26.11,4.3,0.89,3.87,7.29,457
10/3/2021 12:00,36801.5,27.78,3.7,1.34,3.98,7.55,439
10/3/2021 13:00,36801.55,29.44,4.3,0.45,3.86,6.39,474
10/3/2021 14:00,36801.59,28.89,4.8,0.89,4.66,7.31,355
10/3/2021 15:00,36801.63,29.44,6.6,0.89,3.77,8.81,198
10/3/2021 16:00,36801.67,28.89,7.4,0.89,4.43,9.81,83
10/3/2021 17:00,36801.71,27.78,7.9,1.34,4.56,8.93,11
10/3/2021 18:00,36801.76,25,8.1,1.79,0.61,10,0
10/3/2021 19:00,36801.8,25.56,7.5,0.89,4,10,0
10/3/2021 20:00,36801.84,23.33,7.4,1.34,1.17,10,0
10/3/2021 21:00,36801.88,21.67,7.4,1.34,0.24,10,0
10/3/2021 22:00,36801.92,22.22,7.5,1.79,1.13,10,0
10/3/2021 23:00,36801.97,23.89,8.1,2.68,1.03,10,0
10/4/2021 0:00,36802,20.56,8.1,2.24,0.4,10,0
10/4/2021 1:00,36802.04,21.11,7.4,2.68,0.65,10,0
10/4/2021 2:00,36802.08,20.56,7.6,3.58,0.79,10,0
10/4/2021 3:00,36802.13,21.11,8,0.89,0.38,10,0
10/4/2021 4:00,36802.17,20,7.6,0.89,0.86,10,0
10/4/2021 5:00,36802.21,19.44,7,2.24,1.13,10,0
10/4/2021 6:00,36802.25,18.33,6.7,2.68,1.05,0,33
10/4/2021 7:00,36802.29,19.44,8.1,1.79,1.47,8.58,114
10/4/2021 8:00,36802.34,20,7.9,2.24,0.42,6.83,276
10/4/2021 9:00,36802.38,22.22,5.5,1.79,0.94,6.67,384
10/4/2021 10:00,36802.42,24.44,6.2,0.89,5.71,6.52,464
10/4/2021 11:00,36802.46,26.67,6.8,0.45,3.37,2.84,657
10/4/2021 12:00,36802.5,27.22,6.4,1.79,3.42,2.12,673
10/4/2021 13:00,36802.55,30.56,4.3,0.45,5.72,3.83,580
10/4/2021 14:00,36802.59,30.56,2.5,0.89,2.23,6.33,399
10/4/2021 15:00,36802.63,30,2,0.45,0.12,9.5,163
10/4/2021 16:00,36802.67,30,3,0.89,3.11,9.71,84
10/4/2021 17:00,36802.71,28.89,5.4,0.45,3.82,6.21,14
10/4/2021 18:00,36802.76,26.67,7.5,1.34,0.68,10,0
10/4/2021 19:00,36802.8,26.67,7.9,1.79,0.59,10,0
10/4/2021 20:00,36802.84,25,8,2.68,1.26,10,0
10/4/2021 21:00,36802.88,23.89,9,3.13,0.89,10,0
10/4/2021 22:00,36802.92,23.33,9.4,2.68,0.87,10,0
10/4/2021 23:00,36802.97,20.56,7.4,2.68,0.89,10,0
10/5/2021 0:00,36803,21.67,7.2,3.58,0.93,10,0
10/5/2021 1:00,36803.04,21.11,7,3.58,0.91,10,0
10/5/2021 2:00,36803.08,21.11,6.6,5.36,1.19,10,0
10/5/2021 3:00,36803.13,21.11,6.4,5.81,1.34,10,0
10/5/2021 4:00,36803.17,20.56,7,3.58,1.34,10,0
10/5/2021 5:00,36803.21,18.89,6.8,2.24,1.33,10,0
10/5/2021 6:00,36803.25,19.44,7.2,4.02,0.7,0,34
10/5/2021 7:00,36803.29,20,8.8,4.47,1.01,5.77,168
10/5/2021 8:00,36803.34,21.11,8.2,3.58,0.72,4.24,346
10/5/2021 9:00,36803.38,23.89,6.4,1.79,0.68,4.11,477
10/5/2021 10:00,36803.42,27.22,5.6,2.24,4.29,3.15,596
10/5/2021 11:00,36803.46,28.33,4.1,3.58,4.05,4.84,584
10/5/2021 12:00,36803.5,28.89,5.2,2.24,3.58,5.93,531
10/5/2021 13:00,36803.55,29.44,5.2,0.45,3.51,5.62,506
10/5/2021 14:00,36803.59,28.89,4.9,1.79,4.24,6.16,403
10/5/2021 15:00,36803.63,29.44,5.4,1.34,4.5,7.67,241
10/5/2021 16:00,36803.67,29.44,6,1.34,3.67,9.54,87
10/5/2021 17:00,36803.71,27.78,6.9,1.34,2.74,5.2,12
10/5/2021 18:00,36803.76,26.11,8.6,1.79,5.04,10,0
10/5/2021 19:00,36803.8,24.44,7.9,1.34,0.47,10,0
10/5/2021 20:00,36803.84,23.89,5.9,1.79,0.73,10,0
10/5/2021 21:00,36803.88,22.22,6.2,0.89,0.05,10,0
10/5/2021 22:00,36803.92,21.67,8,2.24,0.65,10,0
10/5/2021 23:00,36803.97,22.22,8.6,2.24,1.55,10,0
10/6/2021 0:00,36804,20.56,8.5,0.45,6.09,10,0
10/6/2021 1:00,36804.04,19.44,8.4,0.45,1.55,10,0
10/6/2021 2:00,36804.08,18.89,8.1,1.79,1.2,10,0
10/6/2021 3:00,36804.13,18.89,8.2,0.89,6.23,10,0
10/6/2021 4:00,36804.17,18.33,8.4,2.24,0.77,10,0
10/6/2021 5:00,36804.21,17.78,8.4,1.34,0.73,10,0
10/6/2021 6:00,36804.25,17.22,8.5,0.89,3.42,0,34
10/6/2021 7:00,36804.29,17.22,9.2,1.79,1.05,0,225
10/6/2021 8:00,36804.34,21.11,8.6,0.89,1.03,0,397
10/6/2021 9:00,36804.38,24.44,7.3,0.45,1.82,1.46,524
10/6/2021 10:00,36804.42,25,7.1,1.34,3.46,0.77,630
10/6/2021 11:00,36804.46,25.56,7.5,1.34,4.73,5.11,568
10/6/2021 12:00,36804.5,27.22,8.7,2.68,4.57,0.13,684
10/6/2021 13:00,36804.55,27.78,9.3,1.79,4.15,5.4,512
10/6/2021 14:00,36804.59,28.89,8.2,2.68,4.4,3.55,487
10/6/2021 15:00,36804.63,28.33,8.6,2.68,4.49,6.15,291
10/6/2021 16:00,36804.67,26.11,9.1,3.13,4.57,8.13,119
10/6/2021 17:00,36804.71,25,9,1.79,4.47,8.95,5
10/6/2021 18:00,36804.76,23.33,8.5,2.68,4.49,10,0
10/6/2021 19:00,36804.8,23.33,8.6,4.47,5.18,10,0
10/6/2021 20:00,36804.84,22.22,8.3,1.79,4.82,10,0
10/6/2021 21:00,36804.88,21.67,8.9,0.89,2.18,10,0
10/6/2021 22:00,36804.92,20,10.2,0.89,4,10,0
10/6/2021 23:00,36804.97,21.11,10.6,0.89,1.99,10,0
10/7/2021 0:00,36805,16.67,8.5,0.89,4.21,10,0
10/7/2021 1:00,36805.04,17.22,6.9,0.89,0.61,10,0
10/7/2021 2:00,36805.08,15.56,5.6,1.34,3.53,10,0
10/7/2021 3:00,36805.13,16.67,5,0.89,3.98,10,0
10/7/2021 4:00,36805.17,14.44,4.9,1.34,3.74,10,0
10/7/2021 5:00,36805.21,14.44,5,1.34,3.12,10,0
10/7/2021 6:00,36805.25,13.33,5,0.89,2.43,0,33
10/7/2021 7:00,36805.29,15.56,4.6,0.89,1.83,3.86,186
10/7/2021 8:00,36805.34,15.56,4.9,1.79,3.65,6.74,270
10/7/2021 9:00,36805.38,17.22,6.3,1.79,3.82,0,541
10/7/2021 10:00,36805.42,20,6.8,1.79,4.12,0,656
10/7/2021 11:00,36805.46,22.22,7.1,2.68,3.33,1.63,668
10/7/2021 12:00,36805.5,24.44,7.6,1.34,3.25,1.68,667
10/7/2021 13:00,36805.55,24.44,7.5,1.34,4.14,2.9,593
10/7/2021 14:00,36805.59,26.11,7.2,1.34,3.79,4.95,442
10/7/2021 15:00,36805.63,26.67,7.1,2.24,3.28,5.98,293
10/7/2021 16:00,36805.67,25.56,7.3,2.24,4.22,7.97,120
10/7/2021 17:00,36805.71,24.44,8,1.34,4.22,0,11
10/7/2021 18:00,36805.76,23.33,7.9,0.89,4.69,10,0
10/7/2021 19:00,36805.8,22.22,6.3,2.24,5.45,10,0
10/7/2021 20:00,36805.84,20,6,1.34,3.93,10,0
10/7/2021 21:00,36805.88,17.78,5,4.92,4.12,10,0
10/7/2021 22:00,36805.92,16.67,6.2,3.58,4.28,10,0
10/7/2021 23:00,36805.97,18.89,6.4,1.34,4.03,10,0
10/8/2021 0:00,36806,14.44,6,3.13,4.64,10,0
10/8/2021 1:00,36806.04,14.44,4.9,2.68,4.54,10,0
10/8/2021 2:00,36806.08,13.89,4.3,2.24,4.28,10,0
10/8/2021 3:00,36806.13,13.89,5.3,1.79,4.61,10,0
10/8/2021 4:00,36806.17,13.89,8.5,4.47,4.29,10,0
10/8/2021 5:00,36806.21,11.11,9.9,1.34,4.64,10,0
10/8/2021 6:00,36806.25,11.11,10,0.89,3.98,8.88,2
10/8/2021 7:00,36806.29,10.56,9.2,2.24,4.4,10,12
10/8/2021 8:00,36806.34,12.22,10,3.13,0.87,10,86
10/8/2021 9:00,36806.38,11.67,10.3,2.68,3.6,7.12,350
10/8/2021 10:00,36806.42,13.33,10,1.79,4.69,0,656
10/8/2021 11:00,36806.46,15,10.6,1.79,5.55,0,748
10/8/2021 12:00,36806.5,15.56,10.4,2.24,0.66,7.86,404
10/8/2021 13:00,36806.55,16.11,11.1,2.24,6.23,4.55,539
10/8/2021 14:00,36806.59,17.78,11,0.45,3.23,2.63,498
10/8/2021 15:00,36806.63,18.33,10.7,1.34,0.3,8.53,199
10/8/2021 16:00,36806.67,20,10.5,2.24,3.3,7.39,129
10/8/2021 17:00,36806.71,18.33,10.4,0.45,5.55,0,14
10/8/2021 18:00,36806.76,17.22,10.6,0.89,4.92,10,0
10/8/2021 19:00,36806.8,16.67,11.1,0.45,5.36,10,0
10/8/2021 20:00,36806.84,13.89,7.4,1.79,4.43,10,0
10/8/2021 21:00,36806.88,13.33,5.9,1.79,4.08,10,0
10/8/2021 22:00,36806.92,11.11,6.2,1.79,4.24,10,0
10/8/2021 23:00,36806.97,15.56,6.3,3.58,4.68,10,0
10/9/2021 0:00,36807,11.67,6.6,0.45,2.09,10,0
10/9/2021 1:00,36807.04,11.11,6.7,0.89,3.3,10,0
10/9/2021 2:00,36807.08,11.67,6.8,0.89,0.16,10,0
10/9/2021 3:00,36807.13,9.44,6.9,1.79,3.51,10,0
10/9/2021 4:00,36807.17,8.33,6.8,1.34,3.46,10,0
10/9/2021 5:00,36807.21,10,6.5,0.89,1.92,10,1
10/9/2021 6:00,36807.25,10.56,6.6,1.79,1.4,0,38
10/9/2021 7:00,36807.29,11.67,7.9,0.89,2.34,0,247
10/9/2021 8:00,36807.34,11.11,8,0.89,3.61,0,439
10/9/2021 9:00,36807.38,13.89,8.1,1.34,3.39,0,592
10/9/2021 10:00,36807.42,16.11,7.7,1.34,3.04,0,693
10/9/2021 11:00,36807.46,17.78,7.1,0.89,2.5,0,729
10/9/2021 12:00,36807.5,19.44,6.6,0.45,3.23,0,715
10/9/2021 13:00,36807.55,20,6.7,1.79,5.5,0,632
10/9/2021 14:00,36807.59,21.11,6.1,2.68,3.65,1.54,509
10/9/2021 15:00,36807.63,22.22,5.8,2.24,4.36,4.06,333
10/9/2021 16:00,36807.67,21.67,5.5,2.68,4.19,6.51,142
10/9/2021 17:00,36807.71,20,5.7,3.13,4.08,10,14
10/9/2021 18:00,36807.76,18.33,7.2,1.34,4.07,10,0
10/9/2021 19:00,36807.8,17.78,7.6,0.89,3.6,10,0
10/9/2021 20:00,36807.84,17.22,7.6,0.89,4.29,10,0
10/9/2021 21:00,36807.88,17.22,7.9,0.89,3.39,10,0
10/9/2021 22:00,36807.92,15,7.3,1.79,1.68,10,0
10/9/2021 23:00,36807.97,11.11,7.7,1.34,4.78,10,0
10/10/2021 0:00,36808,15,8.4,4.47,0.8,10,0
10/10/2021 1:00,36808.04,14.44,8.2,2.68,0.87,10,0
10/10/2021 2:00,36808.08,14.44,7.8,3.58,0.94,10,0
10/10/2021 3:00,36808.13,13.89,7.9,4.47,0.98,10,0
10/10/2021 4:00,36808.17,13.89,7.7,3.13,0.94,10,0
10/10/2021 5:00,36808.21,12.78,7.4,3.13,1.17,10,0
10/10/2021 6:00,36808.25,12.78,7.5,3.13,1.05,10,65
10/10/2021 7:00,36808.29,13.33,8.3,2.24,1.54,0,240
10/10/2021 8:00,36808.34,15,8.5,2.24,0.99,0,426
10/10/2021 9:00,36808.38,17.78,8.6,1.34,3.56,0,579
10/10/2021 10:00,36808.42,19.44,8.1,0.89,3.11,0,676
10/10/2021 11:00,36808.46,21.11,7.5,1.34,3.16,0,727
10/10/2021 12:00,36808.5,21.67,7.4,1.79,3.93,0,706
10/10/2021 13:00,36808.55,22.78,7.3,0.89,5.52,0,633
10/10/2021 14:00,36808.59,24.44,7.6,2.68,4.43,2.01,499
10/10/2021 15:00,36808.63,24.44,6.8,1.79,4.45,4.26,325
10/10/2021 16:00,36808.67,23.89,6.1,1.34,3.87,6.62,137
10/10/2021 17:00,36808.71,22.78,6.9,0.89,4.03,10,13
10/10/2021 18:00,36808.76,21.11,8.8,1.34,4.22,10,0
10/10/2021 19:00,36808.8,20,9.4,0,2.91,10,0
10/10/2021 20:00,36808.84,20,8.9,1.34,1.24,10,0
10/10/2021 21:00,36808.88,18.33,9.3,2.24,0.99,10,0
10/10/2021 22:00,36808.92,16.67,8.8,3.13,0.89,10,0
10/10/2021 23:00,36808.97,15,8.8,2.68,1.03,10,0
10/11/2021 0:00,36809,15.56,8.7,1.79,1.71,10,0
10/11/2021 1:00,36809.04,15.56,8.3,2.24,1.22,10,0
10/11/2021 2:00,36809.08,15,7.7,3.13,1.31,10,0
10/11/2021 3:00,36809.13,14.44,7.7,2.68,1.03,10,0
10/11/2021 4:00,36809.17,14.44,7.5,1.79,1.26,10,0
10/11/2021 5:00,36809.21,13.89,6,1.79,0.86,10,0
10/11/2021 6:00,36809.25,9.44,5,2.68,4.49,10,55
10/11/2021 7:00,36809.29,11.11,3.2,1.79,4.82,0,244
10/11/2021 8:00,36809.34,13.33,1.2,6.71,4.92,0,440
10/11/2021 9:00,36809.38,13.33,0.2,11.62,5.08,0,573
10/11/2021 10:00,36809.42,15,-0.2,9.83,5.11,0,662
10/11/2021 11:00,36809.46,15.56,-0.7,10.28,5.08,2.33,638
10/11/2021 12:00,36809.5,16.11,-0.2,8.05,4.89,4.1,589
10/11/2021 13:00,36809.55,17.22,-1,8.05,5.39,1.88,595
10/11/2021 14:00,36809.59,18.33,-2,8.49,5.18,4.89,429
10/11/2021 15:00,36809.63,17.22,-3,4.47,1.34,5.82,284
10/11/2021 16:00,36809.67,15.56,-1.6,7.15,0.68,5.83,146
10/11/2021 17:00,36809.71,16.11,-4.6,4.02,1.73,10,8
10/11/2021 18:00,36809.76,14.44,-4.8,1.79,1.34,10,0
10/11/2021 19:00,36809.8,15,-6.9,1.79,4.21,10,0
10/11/2021 20:00,36809.84,16.11,-6.2,6.71,5.57,10,0
10/11/2021 21:00,36809.88,15,-5.8,4.47,5.29,10,0
10/11/2021 22:00,36809.92,13.89,-6,3.13,5.13,10,0
10/11/2021 23:00,36809.97,16.11,-5.8,3.58,0.89,10,0
10/12/2021 0:00,36810,13.33,-5.9,5.81,5.18,10,0
10/12/2021 1:00,36810.04,13.33,-5.5,4.92,5.52,10,0
10/12/2021 2:00,36810.08,12.78,-5,3.58,6.13,10,0
10/12/2021 3:00,36810.13,12.22,-4.8,2.24,6.13,10,0
10/12/2021 4:00,36810.17,11.11,-5.4,1.79,4.73,10,0
10/12/2021 5:00,36810.21,9.44,-4.6,1.79,4.21,10,0
10/12/2021 6:00,36810.25,8.89,-3.7,1.34,3.53,10,67
10/12/2021 7:00,36810.29,9.44,-3.4,0.89,3.09,0,256
10/12/2021 8:00,36810.34,10,-3.2,0.89,2.93,0,449
10/12/2021 9:00,36810.38,12.78,-2.9,1.79,3.6,0,601
10/12/2021 10:00,36810.42,13.33,-2.7,1.79,3.11,0,699
10/12/2021 11:00,36810.46,15.56,-2.9,1.79,3.37,0,736
10/12/2021 12:00,36810.5,17.22,-2.6,2.24,4.52,0,704
10/12/2021 13:00,36810.55,18.33,-3.1,0.89,1.88,0,636
10/12/2021 14:00,36810.59,17.22,-3.5,1.79,0.28,0,506
10/12/2021 15:00,36810.63,18.89,-4.2,0.89,5.34,3.91,324
10/12/2021 16:00,36810.67,19.44,-4.5,1.79,3.47,6.87,127
10/12/2021 17:00,36810.71,17.78,-2.1,1.34,2.3,10,9
10/12/2021 18:00,36810.76,16.67,0.6,0.89,3.65,10,0
10/12/2021 19:00,36810.8,15.56,-0.1,1.34,5.62,10,0
10/12/2021 20:00,36810.84,15,1.6,1.34,1.33,10,0
10/12/2021 21:00,36810.88,13.33,2.1,1.79,1.24,10,0
10/12/2021 22:00,36810.92,12.22,1.7,2.68,0.99,10,0
10/12/2021 23:00,36810.97,13.33,1.6,2.24,4.76,10,0
10/13/2021 0:00,36811,11.67,1.3,2.68,1.08,10,0
10/13/2021 1:00,36811.04,11.11,0.5,3.58,1.27,10,0
10/13/2021 2:00,36811.08,11.67,0.7,3.58,0.8,10,0
10/13/2021 3:00,36811.13,11.11,1.2,4.02,0.99,10,0
10/13/2021 4:00,36811.17,11.67,1.3,3.58,0.86,10,0
10/13/2021 5:00,36811.21,11.67,1.4,3.58,0.84,10,0
10/13/2021 6:00,36811.25,10.56,2.1,4.02,0.93,10,57
10/13/2021 7:00,36811.29,11.67,2.3,2.68,1.22,0,228
10/13/2021 8:00,36811.34,12.78,-0.1,2.68,1.05,0,419
10/13/2021 9:00,36811.38,17.78,-0.4,0.89,1.94,0,572
10/13/2021 10:00,36811.42,17.78,-0.9,0.45,0.93,0,671
10/13/2021 11:00,36811.46,18.89,-1.8,0.89,3.77,0,714
10/13/2021 12:00,36811.5,20,-2.7,0.45,3.37,0,696
10/13/2021 13:00,36811.55,21.11,-3,1.79,3.82,0,617
10/13/2021 14:00,36811.59,21.11,-3.1,2.24,4.29,2.54,478
10/13/2021 15:00,36811.63,21.67,-4,2.24,3.93,4.34,312
10/13/2021 16:00,36811.67,21.67,-3.4,1.79,4.45,6.75,126
10/13/2021 17:00,36811.71,20.56,-2.4,2.24,4.19,10,8
10/13/2021 18:00,36811.76,18.89,2.1,2.24,4.5,10,0
10/13/2021 19:00,36811.8,18.33,2.5,2.24,5.01,10,0
10/13/2021 20:00,36811.84,16.67,3,2.24,1.24,10,0
10/13/2021 21:00,36811.88,15.56,2.7,1.79,1.54,10,0
10/13/2021 22:00,36811.92,14.44,2.7,2.68,1.15,10,0
10/13/2021 23:00,36811.97,12.78,3.2,1.79,0.86,10,0
10/14/2021 0:00,36812,13.33,2.5,2.24,1.38,10,0
10/14/2021 1:00,36812.04,12.78,2.4,1.34,1.66,10,0
10/14/2021 2:00,36812.08,12.78,2.3,2.68,0.82,10,0
10/14/2021 3:00,36812.13,12.78,2.3,4.47,0.79,10,0
10/14/2021 4:00,36812.17,11.67,2.5,3.58,1.17,10,0
10/14/2021 5:00,36812.21,11.67,2.5,3.58,1.2,10,0
10/14/2021 6:00,36812.25,11.11,3.1,3.13,1.19,10,66
10/14/2021 7:00,36812.29,12.22,2.7,2.24,1.36,0,237
10/14/2021 8:00,36812.34,11.11,2.2,1.34,3.61,0,507
10/14/2021 9:00,36812.38,15,2,1.34,3.32,0,582
10/14/2021 10:00,36812.42,17.78,0.9,0.89,0.23,0,679
10/14/2021 11:00,36812.46,18.89,0.6,1.34,2.88,0,721
10/14/2021 12:00,36812.5,20.56,-0.2,0.89,3.6,0,702
10/14/2021 13:00,36812.55,21.67,-0.4,1.34,3.84,0,628
10/14/2021 14:00,36812.59,22.22,-0.4,1.79,4.61,1.04,491
10/14/2021 15:00,36812.63,21.11,0.5,1.79,6.16,4.09,313
10/14/2021 16:00,36812.67,22.78,1.9,1.34,4.33,6.89,121
10/14/2021 17:00,36812.71,21.67,3.3,0.89,3.65,10,7
10/14/2021 18:00,36812.76,19.44,4.9,2.24,4.36,10,0
10/14/2021 19:00,36812.8,18.89,5.4,1.34,0.72,10,0
10/14/2021 20:00,36812.84,17.78,6,1.79,0.93,10,0
10/14/2021 21:00,36812.88,16.67,5.6,2.68,1.33,10,0
10/14/2021 22:00,36812.92,15.56,5.7,2.68,1.12,10,0
10/14/2021 23:00,36812.97,13.89,5.6,3.58,0.93,10,0
10/15/2021 0:00,36813,15,5.5,4.02,1.05,10,0
10/15/2021 1:00,36813.04,14.44,5.3,4.47,0.91,10,0
10/15/2021 2:00,36813.08,14.44,4.7,4.47,0.86,10,0
10/15/2021 3:00,36813.13,13.89,4.4,3.13,1.1,10,0
10/15/2021 4:00,36813.17,13.33,4,4.47,1.27,10,0
10/15/2021 5:00,36813.21,12.78,4.2,3.58,1.01,10,0
10/15/2021 6:00,36813.25,12.78,4.3,3.58,1.24,10,58
10/15/2021 7:00,36813.29,13.33,5.9,3.13,1.15,0,235
10/15/2021 8:00,36813.34,16.11,3.3,2.24,1.13,0,422
10/15/2021 9:00,36813.38,19.44,2.2,1.34,0.61,0,576
10/15/2021 10:00,36813.42,21.67,2.6,1.34,3.84,0,676
10/15/2021 11:00,36813.46,22.78,3.1,0.89,3.98,0,714
10/15/2021 12:00,36813.5,24.44,3.4,2.68,4.17,0,698
10/15/2021 13:00,36813.55,26.11,3.1,1.34,3.61,0,620
10/15/2021 14:00,36813.59,27.78,1.3,1.79,3.44,1.38,484
10/15/2021 15:00,36813.63,27.78,0.8,0.89,3.93,4.2,307
10/15/2021 16:00,36813.67,27.22,0.9,1.34,4.15,6.77,120
10/15/2021 17:00,36813.71,25.56,4.4,0.89,3.51,10,7
10/15/2021 18:00,36813.76,23.33,5.7,0.45,0.33,10,0
10/15/2021 19:00,36813.8,21.67,6.5,1.34,0.51,10,0
10/15/2021 20:00,36813.84,20,6.4,1.79,0.52,10,0
10/15/2021 21:00,36813.88,19.44,6.4,2.68,1.06,10,0
10/15/2021 22:00,36813.92,18.33,6,2.68,1.15,10,0
10/15/2021 23:00,36813.97,15,6,3.58,1.17,10,0
10/16/2021 0:00,36814,18.33,5.8,4.47,1.26,10,0
10/16/2021 1:00,36814.04,17.78,5.5,4.92,0.94,10,0
10/16/2021 2:00,36814.08,17.22,5.5,4.92,1.34,10,0
10/16/2021 3:00,36814.13,16.11,5.5,4.92,1.31,10,0
10/16/2021 4:00,36814.17,16.11,5.1,3.13,1.1,10,0
10/16/2021 5:00,36814.21,15.56,4.9,3.58,1.13,10,0
10/16/2021 6:00,36814.25,15.56,5.7,3.13,0.7,10,56
10/16/2021 7:00,36814.29,16.67,6.1,0.89,2.41,0,226
10/16/2021 8:00,36814.34,17.78,5.5,0.89,0.51,0,418
10/16/2021 9:00,36814.38,18.89,4.8,0.89,0.49,0,573
10/16/2021 10:00,36814.42,23.33,3.6,0.89,1.34,0,674
10/16/2021 11:00,36814.46,25,2.7,1.34,2.83,0,714
10/16/2021 12:00,36814.5,27.78,2.9,0.45,3.18,0,692
10/16/2021 13:00,36814.55,27.78,2.7,1.34,3.98,0,604
10/16/2021 14:00,36814.59,28.89,1.4,0.89,4,1.74,476
10/16/2021 15:00,36814.63,28.33,0.7,1.34,3.37,4.37,300
10/16/2021 16:00,36814.67,27.78,2.3,1.34,3.47,7.17,111
10/16/2021 17:00,36814.71,26.11,4.5,1.79,1.68,10,6
10/16/2021 18:00,36814.76,24.44,6,0.89,0.58,10,0
10/16/2021 19:00,36814.8,22.22,5.7,2.68,0.72,10,0
10/16/2021 20:00,36814.84,20.56,5.7,4.02,0.98,10,0
10/16/2021 21:00,36814.88,20.56,5.2,4.47,0.79,10,0
10/16/2021 22:00,36814.92,19.44,5.7,1.34,2.15,10,0
10/16/2021 23:00,36814.97,18.89,5.9,4.92,0.91,10,0
10/17/2021 0:00,36815,18.33,5.5,4.47,0.99,10,0
10/17/2021 1:00,36815.04,17.22,5.2,4.02,1.03,10,0
10/17/2021 2:00,36815.08,16.67,4.7,4.47,1.01,10,0
10/17/2021 3:00,36815.13,16.11,4.5,4.92,1.31,10,0
10/17/2021 4:00,36815.17,16.67,4.2,4.02,0.86,10,0
10/17/2021 5:00,36815.21,16.11,3.9,3.13,1.13,10,0
10/17/2021 6:00,36815.25,18.33,2.5,1.34,1.19,10,63
10/17/2021 7:00,36815.29,15.56,0.4,2.68,0.94,0,194
10/17/2021 8:00,36815.34,18.33,0.3,0.89,3.68,4.28,299
10/17/2021 9:00,36815.38,21.67,0.5,1.34,3.21,4.04,431
10/17/2021 10:00,36815.42,23.89,0.1,2.24,2.84,4.52,505
10/17/2021 11:00,36815.46,25.56,-0.4,2.24,1.95,0,708
10/17/2021 12:00,36815.5,26.67,-1,3.13,3,0,637
10/17/2021 13:00,36815.55,26.11,-2.8,2.68,3.42,0,586
10/17/2021 14:00,36815.59,27.78,-2.6,1.79,3,2.95,454
10/17/2021 15:00,36815.63,27.22,-1.8,0.45,4.31,5.23,278
10/17/2021 16:00,36815.67,26.67,-1.6,2.68,3.12,9.21,73
10/17/2021 17:00,36815.71,24.44,0.5,3.58,3.3,10,6
10/17/2021 18:00,36815.76,21.67,1.5,3.13,3.49,10,0
10/17/2021 19:00,36815.8,18.89,4.2,3.58,4.94,10,0
10/17/2021 20:00,36815.84,15.56,6.8,8.05,5.06,10,0
10/17/2021 21:00,36815.88,13.89,7.7,3.13,4.26,10,0
10/17/2021 22:00,36815.92,13.33,8.1,2.68,4.43,10,0
10/17/2021 23:00,36815.97,17.78,8.4,3.58,0.84,10,0
10/18/2021 0:00,36816,13.33,7.3,2.24,4.68,10,0
10/18/2021 1:00,36816.04,11.11,7.2,3.58,5.03,10,0
10/18/2021 2:00,36816.08,11.11,7.5,3.58,5.81,10,0
10/18/2021 3:00,36816.13,10,6.5,1.79,4.26,10,0
10/18/2021 4:00,36816.17,8.89,6.6,1.79,4.45,10,0
10/18/2021 5:00,36816.21,8.89,6.5,1.34,4.56,10,0
10/18/2021 6:00,36816.25,10,6.4,1.79,5.74,10,52
10/18/2021 7:00,36816.29,7.78,7,1.34,4.22,0,228
10/18/2021 8:00,36816.34,9.44,7,1.34,3.63,0,413
10/18/2021 9:00,36816.38,11.67,6.2,1.34,4.68,0,539
10/18/2021 10:00,36816.42,13.33,5,3.58,4.96,0.85,575
10/18/2021 11:00,36816.46,14.44,4.4,4.92,5.06,0,709
10/18/2021 12:00,36816.5,16.11,4,3.13,4.28,0,687
10/18/2021 13:00,36816.55,17.22,3.4,2.68,5.06,0,610
10/18/2021 14:00,36816.59,17.78,3,3.58,4.14,1.36,471
10/18/2021 15:00,36816.63,17.78,3,2.68,4.5,4.45,291
10/18/2021 16:00,36816.67,17.22,2.6,4.02,4.24,7.14,106
10/18/2021 17:00,36816.71,16.11,2.6,2.68,4.96,10,5
10/18/2021 18:00,36816.76,13.89,3.3,1.79,4.94,10,0
10/18/2021 19:00,36816.8,13.89,3.6,1.34,4.8,10,0
10/18/2021 20:00,36816.84,13.89,3.7,2.68,5.45,10,0
10/18/2021 21:00,36816.88,13.33,3.8,0.89,0.19,10,0
10/18/2021 22:00,36816.92,12.22,3.7,2.24,1.2,10,0
10/18/2021 23:00,36816.97,13.33,3.6,1.79,4.66,10,0
10/19/2021 0:00,36817,10,3.6,1.34,1.99,10,0
10/19/2021 1:00,36817.04,11.11,3.8,2.24,1.33,10,0
10/19/2021 2:00,36817.08,11.11,3.6,3.58,1.36,10,0
10/19/2021 3:00,36817.13,10.56,3.6,2.24,1.45,10,0
10/19/2021 4:00,36817.17,9.44,3.5,1.79,1.64,10,0
10/19/2021 5:00,36817.21,9.44,3.3,2.24,1.08,10,0
10/19/2021 6:00,36817.25,10,3.7,3.13,0.75,10,55
10/19/2021 7:00,36817.29,10.56,5.1,2.24,1.31,0,224
10/19/2021 8:00,36817.34,12.22,5.2,1.79,0.38,0,408
10/19/2021 9:00,36817.38,17.22,5,1.34,1.97,0,559
10/19/2021 10:00,36817.42,17.78,4.8,1.79,1.88,0,658
10/19/2021 11:00,36817.46,17.78,4.3,1.79,3.7,0,698
10/19/2021 12:00,36817.5,18.33,4,2.68,1.64,0,679
10/19/2021 13:00,36817.55,19.44,3.9,2.24,3.23,0,613
10/19/2021 14:00,36817.59,20.56,3.5,0.89,1.92,2.76,449
10/19/2021 15:00,36817.63,20.56,3.4,1.79,3.3,6.14,249
10/19/2021 16:00,36817.67,21.11,3.5,1.34,2.5,7.3,101
10/19/2021 17:00,36817.71,18.33,3.9,0.45,2.69,10,1
10/19/2021 18:00,36817.76,17.78,4.9,0.89,2.62,10,0
10/19/2021 19:00,36817.8,17.22,5.7,2.24,0.89,10,0
10/19/2021 20:00,36817.84,16.11,5.1,3.13,1.27,10,0
10/19/2021 21:00,36817.88,15.56,4.8,4.47,1.26,10,0
10/19/2021 22:00,36817.92,16.67,4.3,2.68,0.98,10,0
10/19/2021 23:00,36817.97,12.22,4.6,2.24,1.22,10,0
10/20/2021 0:00,36818,14.44,5,3.58,0.63,10,0
10/20/2021 1:00,36818.04,16.11,5.2,3.58,1.69,10,0
10/20/2021 2:00,36818.08,16.11,5.4,3.13,0.89,10,0
10/20/2021 3:00,36818.13,15.56,6,2.24,1.1,10,0
10/20/2021 4:00,36818.17,15,7,2.24,1.2,10,0
10/20/2021 5:00,36818.21,15.56,6.2,3.58,1.19,10,0
10/20/2021 6:00,36818.25,15,5.3,2.24,1.61,10,33
10/20/2021 7:00,36818.29,15.56,4.7,3.13,0.42,3.19,142
10/20/2021 8:00,36818.34,18.33,5,1.34,1.87,0,387
10/20/2021 9:00,36818.38,20,6.2,3.13,1.75,0,520
10/20/2021 10:00,36818.42,22.22,6.3,2.24,2.5,0,611
10/20/2021 11:00,36818.46,23.33,5.1,0.89,2.55,0,622
10/20/2021 12:00,36818.5,22.22,2.7,2.68,3.23,1.64,609
10/20/2021 13:00,36818.55,24.44,2.1,0.89,3.33,6.2,426
10/20/2021 14:00,36818.59,25.56,2,3.13,1.48,6.68,332
10/20/2021 15:00,36818.63,24.44,2.3,1.79,3.23,9.88,119
10/20/2021 16:00,36818.67,22.78,2.8,0.89,3.49,9.88,55
10/20/2021 17:00,36818.71,21.67,4.7,0.89,3.86,10,1
10/20/2021 18:00,36818.76,21.11,5.5,0.45,5.24,10,0
10/20/2021 19:00,36818.8,19.44,6.9,1.34,1.1,10,0
10/20/2021 20:00,36818.84,18.89,8.1,2.24,0.63,10,0
10/20/2021 21:00,36818.88,18.89,8,2.68,1.06,10,0
10/20/2021 22:00,36818.92,18.33,8.1,2.24,0.99,10,0
10/20/2021 23:00,36818.97,16.11,7.7,1.79,3.42,10,0
10/21/2021 0:00,36819,18.33,7.6,3.13,1.27,10,0
10/21/2021 1:00,36819.04,18.33,7.3,2.68,1.33,10,0
10/21/2021 2:00,36819.08,18.33,7.2,2.24,1.43,10,0
10/21/2021 3:00,36819.13,17.22,7,1.34,4.61,10,0
10/21/2021 4:00,36819.17,17.22,7.4,3.58,0.73,10,0
10/21/2021 5:00,36819.21,17.22,8.4,1.34,3.35,10,0
10/21/2021 6:00,36819.25,16.67,8.5,3.13,0.82,10,33
10/21/2021 7:00,36819.29,16.67,8.6,2.24,0.89,0,156
10/21/2021 8:00,36819.34,17.78,5.9,2.68,0.73,0,383
10/21/2021 9:00,36819.38,20.56,4.9,0.89,5.5,0,477
10/21/2021 10:00,36819.42,23.33,4.7,0.45,1.33,0,662
10/21/2021 11:00,36819.46,25,3.9,1.34,3.91,0,628
10/21/2021 12:00,36819.5,26.67,4.4,1.79,4.36,5.84,479
10/21/2021 13:00,36819.55,25.56,5.2,1.34,4.21,6.83,393
10/21/2021 14:00,36819.59,26.67,5.2,2.24,3.65,5.51,372
10/21/2021 15:00,36819.63,26.67,5.5,1.79,4.05,7.17,214
10/21/2021 16:00,36819.67,27.22,6,1.34,3.39,8.23,82
10/21/2021 17:00,36819.71,25,6.5,0.45,3.68,10,4
10/21/2021 18:00,36819.76,23.33,8.3,1.34,0.79,10,0
10/21/2021 19:00,36819.8,23.33,9,1.79,1.01,10,0
10/21/2021 20:00,36819.84,22.22,9.8,0.89,0.79,10,0
10/21/2021 21:00,36819.88,18.89,12.1,1.79,3.98,10,0
10/21/2021 22:00,36819.92,18.33,12.6,0.89,4.73,10,0
10/21/2021 23:00,36819.97,18.33,12.2,3.13,0.68,10,0
10/22/2021 0:00,36820,16.67,11.7,1.79,3.4,10,0
10/22/2021 1:00,36820.04,16.11,12,0.89,3.35,10,0
10/22/2021 2:00,36820.08,16.11,11.3,1.79,1.1,10,0
10/22/2021 3:00,36820.13,15.83,10.6,1.79,1.19,10,0
10/22/2021 4:00,36820.17,15.56,9.6,1.79,1.27,10,0
10/22/2021 5:00,36820.21,15,8.8,2.24,0.7,10,0
10/22/2021 6:00,36820.25,15,8.1,1.79,1.12,10,42
10/22/2021 7:00,36820.29,16.67,9.9,0.89,0.56,0,183
10/22/2021 8:00,36820.34,17.78,10.4,2.68,1.36,0,362
10/22/2021 9:00,36820.38,20,11,4.92,1.75,6.31,341
10/22/2021 10:00,36820.42,19.44,11.7,1.79,3.74,7.88,334
10/22/2021 11:00,36820.46,19.44,12.1,1.79,4.1,6.5,443
10/22/2021 12:00,36820.5,19.44,12.3,0.89,1.22,7.66,378
10/22/2021 13:00,36820.55,21.11,12.5,1.79,3.35,5.96,430
10/22/2021 14:00,36820.59,20,13.4,2.68,4.63,9.5,190
10/22/2021 15:00,36820.63,18.33,13.2,5.36,4.56,9.6,127
10/22/2021 16:00,36820.67,17.22,12.8,3.58,4.47,10,26
10/22/2021 17:00,36820.71,16.67,12.6,2.24,4.49,10,2
10/22/2021 18:00,36820.76,16.11,12.2,2.68,4.52,10,0
10/22/2021 19:00,36820.8,16.11,11.5,2.24,4.4,10,0
10/22/2021 20:00,36820.84,15.56,10.3,2.24,4.4,10,0
10/22/2021 21:00,36820.88,16.11,9.6,2.68,4.19,10,0
10/22/2021 22:00,36820.92,15,10.6,2.68,4.38,10,0
10/22/2021 23:00,36820.97,18.33,10.3,3.58,1.29,10,0
10/23/2021 0:00,36821,13.89,9.3,3.13,4.31,10,0
10/23/2021 1:00,36821.04,14.44,8.4,1.79,4.4,10,0
10/23/2021 2:00,36821.08,14.44,8.3,2.24,4.36,10,0
10/23/2021 3:00,36821.13,13.89,8.7,0.89,4.31,10,0
10/23/2021 4:00,36821.17,13.89,8.9,0.89,4.22,10,0
10/23/2021 5:00,36821.21,13.33,9.2,3.13,4.29,10,0
10/23/2021 6:00,36821.25,12.78,9.5,2.24,4.36,10,18
10/23/2021 7:00,36821.29,12.78,9.9,2.24,4.17,0,157
10/23/2021 8:00,36821.34,14.44,9.9,0.89,4.38,4.38,275
10/23/2021 9:00,36821.38,15.56,9.7,1.79,4.24,0,489
10/23/2021 10:00,36821.42,16.67,9.5,1.79,4.19,0,622
10/23/2021 11:00,36821.46,17.78,8.9,2.24,4.19,4.92,511
10/23/2021 12:00,36821.5,20,8.2,1.79,4.69,0,649
10/23/2021 13:00,36821.55,20,7.8,0.89,3.4,0,570
10/23/2021 14:00,36821.59,21.11,6.9,2.24,4.22,3.63,416
10/23/2021 15:00,36821.63,20,6.8,2.24,4.14,9.51,129
10/23/2021 16:00,36821.67,20.56,7.2,2.68,4.29,10,38
10/23/2021 17:00,36821.71,18.33,7.7,1.79,4.57,10,1
10/23/2021 18:00,36821.76,17.78,8,2.68,5.15,10,0
10/23/2021 19:00,36821.8,17.22,8.1,3.13,5.97,10,0
10/23/2021 20:00,36821.84,16.67,8.4,2.68,0.91,10,0
10/23/2021 21:00,36821.88,16.67,8.5,0.45,1.03,10,0
10/23/2021 22:00,36821.92,16.11,8.5,0.45,3.74,10,0
10/23/2021 23:00,36821.97,13.89,8.4,2.68,4.38,10,0
10/24/2021 0:00,36822,16.67,7.8,2.68,1.73,10,0
10/24/2021 1:00,36822.04,16.67,8,2.24,1.43,10,0
10/24/2021 2:00,36822.08,16.67,8.4,1.79,0.77,10,0
10/24/2021 3:00,36822.13,16.11,8.8,2.24,1.85,10,0
10/24/2021 4:00,36822.17,16.11,8.5,3.58,2.06,10,0
10/24/2021 5:00,36822.21,15.56,8,3.13,1.75,10,0
10/24/2021 6:00,36822.25,15.56,8.3,4.92,1.64,10,7
10/24/2021 7:00,36822.29,16.67,8.4,1.34,2.86,10,19
10/24/2021 8:00,36822.34,17.22,8.3,1.79,2.81,10,24
10/24/2021 9:00,36822.38,17.78,8.3,3.13,3.05,10,48
10/24/2021 10:00,36822.42,17.22,8.5,2.24,2.22,10,71
10/24/2021 11:00,36822.46,17.22,8.8,3.13,2.06,10,148
10/24/2021 12:00,36822.5,18.33,8.2,3.58,2.11,10,116
10/24/2021 13:00,36822.55,18.89,9.1,5.36,1.64,10,155
10/24/2021 14:00,36822.59,20.56,8.6,1.79,5.59,10,129
10/24/2021 15:00,36822.63,21.11,8.6,1.34,2.55,10,76
10/24/2021 16:00,36822.67,20.56,10.1,3.58,1.95,10,22
10/24/2021 17:00,36822.71,20.56,11.6,3.13,2.5,10,0
10/24/2021 18:00,36822.76,19.44,11.3,0.89,1.33,10,0
10/24/2021 19:00,36822.8,19.44,11.2,0.89,3.75,10,0
10/24/2021 20:00,36822.84,18.89,11,4.47,1.88,10,0
10/24/2021 21:00,36822.88,19.44,11,4.92,2.13,10,0
10/24/2021 22:00,36822.92,18.89,11.1,2.24,3.35,10,0
10/24/2021 23:00,36822.97,16.11,11.1,1.79,1.55,10,0
10/25/2021 0:00,36823,18.89,10.9,0.89,0.54,10,0
10/25/2021 1:00,36823.04,18.33,10.7,4.02,3.18,10,0
10/25/2021 2:00,36823.08,18.33,10.8,2.24,2.11,10,0
10/25/2021 3:00,36823.13,15.56,11.1,1.79,2.43,10,0
10/25/2021 4:00,36823.17,16.67,12.2,2.68,1.8,10,0
10/25/2021 5:00,36823.21,14.44,13.3,2.68,2.16,10,0
10/25/2021 6:00,36823.25,12.22,12.4,5.81,4.97,10,1
10/25/2021 7:00,36823.29,12.22,12.4,4.02,6,10,6
10/25/2021 8:00,36823.34,12.78,12.2,4.92,0.51,10,20
10/25/2021 9:00,36823.38,12.22,12.2,2.68,2.64,10,25
10/25/2021 10:00,36823.42,12.22,12.4,0.89,3.19,10,163
10/25/2021 11:00,36823.46,13.33,13.1,0.45,6,3.78,542
10/25/2021 12:00,36823.5,15.56,12.1,1.34,1.08,10,129
10/25/2021 13:00,36823.55,11.67,10.1,7.15,6.18,9.47,228
10/25/2021 14:00,36823.59,12.78,9.7,6.26,0.68,5.91,345
10/25/2021 15:00,36823.63,14.44,9.2,1.34,5.81,10,98
10/25/2021 16:00,36823.67,16.67,9.7,0.89,3.04,10,43
10/25/2021 17:00,36823.71,14.72,9.6,1.12,3.43,10,1
10/25/2021 18:00,36823.76,12.78,9.5,1.34,3.82,10,0
10/25/2021 19:00,36823.8,12.22,9.3,1.79,5.13,10,0
10/25/2021 20:00,36823.84,11.67,9,1.79,4.22,10,0
10/25/2021 21:00,36823.88,12.22,8.7,0.89,5.93,10,0
10/25/2021 22:00,36823.92,10.56,7.9,0.89,1.94,10,0
10/25/2021 23:00,36823.97,18.89,7.6,3.13,1.69,10,0
10/26/2021 0:00,36824,10.56,7.4,3.13,1.34,10,0
10/26/2021 1:00,36824.04,10,7,2.24,1.34,10,0
10/26/2021 2:00,36824.08,10,6.2,3.13,1.05,10,0
10/26/2021 3:00,36824.13,9.44,6,2.24,1.43,10,0
10/26/2021 4:00,36824.17,9.44,5.8,1.79,1.05,10,0
10/26/2021 5:00,36824.21,9.44,5.4,2.24,1.4,10,0
10/26/2021 6:00,36824.25,9.44,6.1,1.79,1.38,10,36
10/26/2021 7:00,36824.29,10,8.9,1.79,1.15,0,209
10/26/2021 8:00,36824.34,11.67,9.4,1.79,1.45,0,382
10/26/2021 9:00,36824.38,12.78,9.7,0.45,2.86,0,525
10/26/2021 10:00,36824.42,13.33,9.4,0.89,3.53,0,615
10/26/2021 11:00,36824.46,15.56,9,0.89,3.26,0,651
10/26/2021 12:00,36824.5,16.11,8.2,1.34,3.77,0,639
10/26/2021 13:00,36824.55,17.22,7.2,2.68,4.52,0,559
10/26/2021 14:00,36824.59,18.33,6,1.34,4.69,2.44,425
10/26/2021 15:00,36824.63,18.89,7,3.13,4.42,5.2,248
10/26/2021 16:00,36824.67,17.78,7,2.24,4.87,7.64,79
10/26/2021 17:00,36824.71,16.67,7.6,2.68,4.14,10,1
10/26/2021 18:00,36824.76,15,8.3,0.45,3.56,10,0
10/26/2021 19:00,36824.8,15,8.4,1.34,4.15,10,0
10/26/2021 20:00,36824.84,14.44,8.5,0.45,3.26,10,0
10/26/2021 21:00,36824.88,13.89,8.6,0.89,2.55,10,0
10/26/2021 22:00,36824.92,13.33,8.3,2.24,0.98,10,0
10/26/2021 23:00,36824.97,10.56,8.3,3.13,1.34,10,0
10/27/2021 0:00,36825,12.22,8.4,2.24,1.13,10,0
10/27/2021 1:00,36825.04,12.22,8,2.68,1.24,10,0
10/27/2021 2:00,36825.08,11.67,8,2.68,1.22,10,0
10/27/2021 3:00,36825.13,12.22,7.6,2.68,1.33,10,0
10/27/2021 4:00,36825.17,11.11,7.4,2.68,0.98,10,0
10/27/2021 5:00,36825.21,11.11,6.9,3.58,0.98,10,0
10/27/2021 6:00,36825.25,11.11,7.6,3.13,1.05,10,34
10/27/2021 7:00,36825.29,11.67,9.6,2.68,0.8,0,190
10/27/2021 8:00,36825.34,13.33,10.1,2.24,0.84,0,356
10/27/2021 9:00,36825.38,15.56,9.9,1.79,3.25,0,493
10/27/2021 10:00,36825.42,16.67,9.2,0.89,3.6,0,599
10/27/2021 11:00,36825.46,17.78,9.2,0.89,3.26,0,626
10/27/2021 12:00,36825.5,18.33,9.6,1.34,3.09,0,611
10/27/2021 13:00,36825.55,20,9.7,1.79,3.56,1.23,532
10/27/2021 14:00,36825.59,19.44,9.6,0.89,4.33,3.5,403
10/27/2021 15:00,36825.63,20.56,9.6,0.89,3.44,5.75,233
10/27/2021 16:00,36825.67,20.56,10,0.89,4.42,8.32,68
10/27/2021 17:00,36825.71,18.89,10.7,0.45,3.6,10,1
10/27/2021 18:00,36825.76,17.78,11.4,0.89,3.18,10,0
10/27/2021 19:00,36825.8,16.67,11.2,1.34,0.65,10,0
10/27/2021 20:00,36825.84,16.11,11.2,1.34,0.3,10,0
10/27/2021 21:00,36825.88,15,11.1,3.13,1.29,10,0
10/27/2021 22:00,36825.92,15,11.2,3.13,0.94,10,0
10/27/2021 23:00,36825.97,12.78,11.4,1.34,1.48,10,0
10/28/2021 0:00,36826,13.89,11.5,2.24,0.99,10,0
10/28/2021 1:00,36826.04,14.44,11.9,3.13,0.96,10,0
10/28/2021 2:00,36826.08,14.44,11.2,1.79,0.99,10,0
10/28/2021 3:00,36826.13,14.44,10.9,3.13,0.91,10,0
10/28/2021 4:00,36826.17,14.44,10.8,3.13,1.55,10,0
10/28/2021 5:00,36826.21,13.89,10.5,3.13,0.93,10,0
10/28/2021 6:00,36826.25,13.33,10.4,4.02,0.98,10,33
10/28/2021 7:00,36826.29,13.33,10.8,4.92,0.65,0,174
10/28/2021 8:00,36826.34,14.44,11.1,3.13,1.08,0,352
10/28/2021 9:00,36826.38,18.33,11.6,0.89,1.06,0,503
10/28/2021 10:00,36826.42,18.89,12.3,0.89,5.55,0,599
10/28/2021 11:00,36826.46,20.56,12.6,0.89,0.07,0,631
10/28/2021 12:00,36826.5,21.67,13.1,0.45,4.21,0,604
10/28/2021 13:00,36826.55,23.33,13.1,1.79,0.26,1.78,522
10/28/2021 14:00,36826.59,22.78,13,1.79,4.71,3.71,395
10/28/2021 15:00,36826.63,24.44,13.2,0.45,3.86,5.79,229
10/28/2021 16:00,36826.67,23.89,13.5,0.89,4.17,8.23,67
10/28/2021 17:00,36826.71,21.67,13.8,0.89,3.6,10,1
10/28/2021 18:00,36826.76,20,13.8,1.34,0.89,10,0
10/28/2021 19:00,36826.8,20,13.8,0.89,5.9,10,0
10/28/2021 20:00,36826.84,18.33,13.7,1.79,0.51,10,0
10/28/2021 21:00,36826.88,17.22,13.4,1.79,1.1,10,0
10/28/2021 22:00,36826.92,16.67,13.1,2.68,0.79,10,0
10/28/2021 23:00,36826.97,15,12.7,3.58,1.24,10,0
10/29/2021 0:00,36827,15.28,11.7,3.35,1.23,10,0
10/29/2021 1:00,36827.04,15.56,11.6,4.02,1.22,10,0
10/29/2021 2:00,36827.08,15,11.5,2.68,1.33,10,0
10/29/2021 3:00,36827.13,15,11,2.24,1.19,10,0
10/29/2021 4:00,36827.17,15,10.4,2.68,1.12,10,0
10/29/2021 5:00,36827.21,13.89,10.6,2.68,1.27,10,0
10/29/2021 6:00,36827.25,13.33,11,3.13,1.31,10,22
10/29/2021 7:00,36827.29,13.89,13.1,2.68,0.94,0,152
10/29/2021 8:00,36827.34,15.56,14.6,2.68,0.61,0,334
10/29/2021 9:00,36827.38,17.78,14.6,0.89,0.17,0,446
10/29/2021 10:00,36827.42,18.89,15,0.89,3.84,0,586
10/29/2021 11:00,36827.46,22.78,15,0.89,3.49,2.25,561
10/29/2021 12:00,36827.5,22.78,15,0.89,3.11,0,598
10/29/2021 13:00,36827.55,24.44,15,0.45,5.95,0.9,526
10/29/2021 14:00,36827.59,25,15,1.34,4.54,3.57,394
10/29/2021 15:00,36827.63,25.56,14.5,1.79,4.12,5.74,227
10/29/2021 16:00,36827.67,25,14.5,1.34,4.38,8.23,65
10/29/2021 17:00,36827.71,22.78,14.8,2.24,4.26,10,1
10/29/2021 18:00,36827.76,21.11,15,1.34,4.61,10,0
10/29/2021 19:00,36827.8,20.56,15.2,0.89,4.45,10,0
10/29/2021 20:00,36827.84,19.44,15.2,0.45,0.63,10,0
10/29/2021 21:00,36827.88,17.78,14.9,0.89,1.26,10,0
10/29/2021 22:00,36827.92,17.78,14.3,1.79,1.15,10,0
10/29/2021 23:00,36827.97,16.11,13.7,2.68,1.01,10,0
10/30/2021 0:00,36828,16.67,13.2,2.24,0.91,10,0
10/30/2021 1:00,36828.04,16.67,11.7,2.68,0.77,10,0
10/30/2021 2:00,36828.08,16.67,11.7,3.58,0.96,10,0
10/30/2021 3:00,36828.13,16.11,11.5,2.68,0.86,10,0
10/30/2021 4:00,36828.17,16.11,10.9,3.58,0.89,10,0
10/30/2021 5:00,36828.21,15.56,11,3.58,0.89,10,0
10/30/2021 6:00,36828.25,15,10.6,4.02,0.93,10,19
10/30/2021 7:00,36828.29,15,13.4,2.24,1.19,0,167
10/30/2021 8:00,36828.34,16.67,15.1,2.24,0.65,0,301
10/30/2021 9:00,36828.38,19.44,15.4,0.89,3.98,0,438
10/30/2021 10:00,36828.42,21.11,16,0.89,3.4,2.71,500
10/30/2021 11:00,36828.46,22.78,15.9,0.89,0.68,4.53,499
10/30/2021 12:00,36828.5,22.22,15.9,1.34,0.1,5.16,476
10/30/2021 13:00,36828.55,22.22,16.2,1.34,0.45,5.43,424
10/30/2021 14:00,36828.59,22.78,16.1,3.58,4.52,6.63,304
10/30/2021 15:00,36828.63,22.78,15.2,2.24,4.8,9.58,115
10/30/2021 16:00,36828.67,21.67,15.2,1.34,5.55,10,32
10/30/2021 17:00,36828.71,21.11,15.3,0.45,4.36,10,1
10/30/2021 18:00,36828.76,20.56,15.1,0.89,4.56,10,0
10/30/2021 19:00,36828.8,19.44,14.5,0.89,5.88,10,0
10/30/2021 20:00,36828.84,18.89,14,0.45,0.14,10,0
10/30/2021 21:00,36828.88,17.78,13.6,0.45,3.09,10,0
10/30/2021 22:00,36828.92,16.67,13.7,1.34,4.12,10,0
10/30/2021 23:00,36828.97,17.22,13.8,1.34,1.26,10,0
10/31/2021 0:00,36829,13.33,12.9,1.79,3.93,10,0
10/31/2021 1:00,36829.04,13.89,12.1,1.34,1.66,10,0
10/31/2021 2:00,36829.08,14.44,11.9,0.45,1.66,10,0
10/31/2021 3:00,36829.13,12.78,11.2,1.34,0.75,10,0
10/31/2021 4:00,36829.17,11.67,10.4,1.79,4.08,10,0
10/31/2021 5:00,36829.21,11.11,10.3,1.34,3.82,10,0
10/31/2021 6:00,36829.25,11.11,10.2,1.34,3.68,10,16
10/31/2021 7:00,36829.29,11.11,10.4,1.34,3.82,8.7,56
10/31/2021 8:00,36829.34,12.22,10.4,0.45,1.92,10,85
10/31/2021 9:00,36829.38,12.22,10.6,0.89,3.96,10,146
10/31/2021 10:00,36829.42,13.89,11.1,1.79,1.48,5.98,400
10/31/2021 11:00,36829.46,15.56,12,0.89,0.31,1.76,560
10/31/2021 12:00,36829.5,16.67,13.4,3.13,2.06,2.81,542
10/31/2021 13:00,36829.55,18.89,13.9,0.89,2.34,2.27,503
10/31/2021 14:00,36829.59,20,13.3,0.45,2.22,8.27,234
10/31/2021 15:00,36829.63,18.89,13.2,0.89,3.86,8.01,164
10/31/2021 16:00,36829.67,18.89,13,1.34,3.37,9.43,46
10/31/2021 17:00,36829.71,17.22,12.9,0.45,2.32,10,1
10/31/2021 18:00,36829.76,16.67,13,1.34,1.92,10,0
10/31/2021 19:00,36829.8,16.11,13,0.89,3.33,10,0
10/31/2021 20:00,36829.84,15.56,13.4,0.45,2.32,10,0
10/31/2021 21:00,36829.88,15.56,13.5,0.89,3.25,10,0
10/31/2021 22:00,36829.92,15.56,12.6,1.34,1.36,10,0
10/31/2021 23:00,36829.97,14.44,11.6,1.79,4.08,10,0
11/1/2021 0:00,36830,15.56,12,1.34,1.15,10,0
11/1/2021 1:00,36830.04,15.56,12.9,1.79,1.73,10,0
11/1/2021 2:00,36830.08,15,14,0.45,2.9,10,0
11/1/2021 3:00,36830.13,15,13.4,1.79,1.61,10,0
11/1/2021 4:00,36830.17,15,12.8,1.34,1.57,10,0
11/1/2021 5:00,36830.21,15,13.3,2.24,1.34,10,0
11/1/2021 6:00,36830.25,14.44,13.1,1.79,3.32,10,14
11/1/2021 7:00,36830.29,14.44,13.6,1.34,2.15,3.33,99
11/1/2021 8:00,36830.34,16.11,13.9,0.89,3.35,4.17,247
11/1/2021 9:00,36830.38,16.67,14.2,1.79,3.44,6.71,296
11/1/2021 10:00,36830.42,17.78,14,4.92,1.43,7.63,321
11/1/2021 11:00,36830.46,18.33,13.4,3.13,3.4,6.82,396
11/1/2021 12:00,36830.5,19.44,12.7,1.79,3.11,8.78,283
11/1/2021 13:00,36830.55,19.44,12.4,3.58,1.64,9.83,192
11/1/2021 14:00,36830.59,20,12.4,0.89,1.73,9.82,156
11/1/2021 15:00,36830.63,19.44,12.3,2.24,3.4,9.22,124
11/1/2021 16:00,36830.67,19.44,13,1.34,3.42,10,19
11/1/2021 17:00,36830.71,18.33,13.5,0.45,0.7,10,1
11/1/2021 18:00,36830.76,18.33,13.3,1.34,1.12,10,0
11/1/2021 19:00,36830.8,18.33,13.2,2.24,0.93,10,1
11/1/2021 20:00,36830.84,18.89,13.1,1.34,0.47,10,1
11/1/2021 21:00,36830.88,18.33,13.7,0.89,1.2,10,1
11/1/2021 22:00,36830.92,18.33,13.2,1.79,0.61,10,0
11/1/2021 23:00,36830.97,16.11,12.8,1.34,1.45,10,0
11/2/2021 0:00,36831,16.67,12.8,0.45,2.88,10,0
11/2/2021 1:00,36831.04,17.22,12.6,1.34,0.72,10,0
11/2/2021 2:00,36831.08,17.22,12.3,1.79,1.31,10,0
11/2/2021 3:00,36831.13,16.67,11.9,2.68,1.08,10,0
11/2/2021 4:00,36831.17,16.11,11.4,1.34,1.12,10,0
11/2/2021 5:00,36831.21,15,11,1.34,1.87,10,0
11/2/2021 6:00,36831.25,14.44,11.1,0.45,3.94,10,32
11/2/2021 7:00,36831.29,15,11.9,1.34,1.12,0,134
11/2/2021 8:00,36831.34,15.56,12,1.79,1.1,0,332
11/2/2021 9:00,36831.38,19.44,11.9,0.89,0.42,0,478
11/2/2021 10:00,36831.42,18.89,11.9,1.34,3.65,0,573
11/2/2021 11:00,36831.46,20.56,11.8,0.89,4.22,0,609
11/2/2021 12:00,36831.5,21.67,11.8,0.89,3.65,0,588
11/2/2021 13:00,36831.55,22.22,11.5,1.34,3.14,0.23,512
11/2/2021 14:00,36831.59,22.78,11.4,1.34,5.25,3.38,383
11/2/2021 15:00,36831.63,22.78,11.5,2.68,3.98,6.03,209
11/2/2021 16:00,36831.67,22.78,11.7,1.79,3.82,7.95,60
11/2/2021 17:00,36831.71,20.56,12,1.79,4.78,10,1
11/2/2021 18:00,36831.76,19.44,12.7,1.79,4.89,10,1
11/2/2021 19:00,36831.8,18.89,13.6,0.89,0.7,10,1
11/2/2021 20:00,36831.84,17.22,14,1.79,4.26,10,1
11/2/2021 21:00,36831.88,16.67,14.1,0.45,4.05,10,0
11/2/2021 22:00,36831.92,16.11,14,1.79,1.52,10,0
11/2/2021 23:00,36831.97,17.78,13.9,3.13,1.08,10,0
11/3/2021 0:00,36832,15.56,13.5,1.79,1.22,10,0
11/3/2021 1:00,36832.04,15,12.5,2.68,1.2,10,0
11/3/2021 2:00,36832.08,15,11.7,2.68,1.12,10,0
11/3/2021 3:00,36832.13,15,12.2,3.58,0.99,10,0
11/3/2021 4:00,36832.17,14.44,11.9,2.24,1.29,10,0
11/3/2021 5:00,36832.21,14.44,11.8,2.68,1.15,10,0
11/3/2021 6:00,36832.25,13.89,11.3,2.68,1.05,10,12
11/3/2021 7:00,36832.29,14.44,12,2.68,1.17,0,137
11/3/2021 8:00,36832.34,15,14.3,2.68,1.24,0,334
11/3/2021 9:00,36832.38,18.33,13.3,0.89,4.03,0,476
11/3/2021 10:00,36832.42,18.89,13.4,0.89,3.65,0,570
11/3/2021 11:00,36832.46,20,13.6,1.34,2.9,0,598
11/3/2021 12:00,36832.5,20.56,13.9,0.89,4.52,0,579
11/3/2021 13:00,36832.55,22.22,13.9,1.34,4.05,1.36,502
11/3/2021 14:00,36832.59,21.67,14,2.68,5.36,3.61,375
11/3/2021 15:00,36832.63,22.78,13.9,1.79,4.36,5.94,208
11/3/2021 16:00,36832.67,22.22,13.7,1.34,4.28,8.43,53
11/3/2021 17:00,36832.71,20,13.8,1.79,4.57,10,1
11/3/2021 18:00,36832.76,19.44,13.7,1.79,5.2,10,0
11/3/2021 19:00,36832.8,18.89,13.5,0.45,4.36,10,0
11/3/2021 20:00,36832.84,17.78,13.7,1.34,1.52,10,0
11/3/2021 21:00,36832.88,17.22,13,1.79,1.22,10,0
11/3/2021 22:00,36832.92,16.67,13,2.24,1.03,10,0
11/3/2021 23:00,36832.97,15,12.8,0.89,3.63,10,0
11/4/2021 0:00,36833,15.56,12.4,2.68,0.84,10,0
11/4/2021 1:00,36833.04,15,11.8,2.68,1.31,10,0
11/4/2021 2:00,36833.08,15,10.9,2.68,1.29,10,0
11/4/2021 3:00,36833.13,15.56,10.9,4.47,0.82,10,0
11/4/2021 4:00,36833.17,15,11.6,3.13,0.77,10,0
11/4/2021 5:00,36833.21,14.44,11,1.79,3.35,10,0
11/4/2021 6:00,36833.25,13.89,10.9,0.89,1.97,10,15
11/4/2021 7:00,36833.29,14.44,12.9,1.34,0.61,0,126
11/4/2021 8:00,36833.34,15.56,13.9,3.13,0.54,0,304
11/4/2021 9:00,36833.38,18.33,14,1.79,2.88,0,455
11/4/2021 10:00,36833.42,18.89,14.6,1.34,3.72,0,526
11/4/2021 11:00,36833.46,20,14.9,2.24,4.61,2.74,528
11/4/2021 12:00,36833.5,20.56,14.9,2.68,4.17,7.93,328
11/4/2021 13:00,36833.55,20.56,14.7,3.58,4.14,8.7,256
11/4/2021 14:00,36833.59,20.56,14.2,4.92,4.89,6.06,309
11/4/2021 15:00,36833.63,21.11,13.2,4.02,4.17,8.51,141
11/4/2021 16:00,36833.67,19.44,12.9,3.58,4.4,8.63,49
11/4/2021 17:00,36833.71,17.78,12.1,2.24,4.64,10,1
11/4/2021 18:00,36833.76,16.67,11.6,1.34,4.59,10,0
11/4/2021 19:00,36833.8,15.56,11.1,1.79,4.63,10,0
11/4/2021 20:00,36833.84,14.44,10.8,1.79,4.12,10,0
11/4/2021 21:00,36833.88,13.89,10.7,0.89,4,10,0
11/4/2021 22:00,36833.92,13.89,10.5,0.45,3.58,10,0
11/4/2021 23:00,36833.97,16.11,10.1,2.68,1.2,10,0
11/5/2021 0:00,36834,11.11,9.7,1.34,3.74,10,0
11/5/2021 1:00,36834.04,12.22,9.4,0.89,0.75,10,0
11/5/2021 2:00,36834.08,13.33,9.3,1.79,1.36,10,0
11/5/2021 3:00,36834.13,13.89,8.9,1.79,1.06,10,0
11/5/2021 4:00,36834.17,11.11,8.7,1.34,3.53,10,0
11/5/2021 5:00,36834.21,10.56,7.8,1.34,3.75,10,0
11/5/2021 6:00,36834.25,12.22,9.1,1.34,5.2,10,18
11/5/2021 7:00,36834.29,12.78,10.7,1.34,0.49,0,150
11/5/2021 8:00,36834.34,14.44,11.5,3.13,0.75,0,325
11/5/2021 9:00,36834.38,14.44,12.1,1.79,3.87,0,468
11/5/2021 10:00,36834.42,16.67,12.4,1.34,3.23,0,568
11/5/2021 11:00,36834.46,18.33,12.7,1.79,4.15,0,607
11/5/2021 12:00,36834.5,20,12.7,1.34,3.98,0,588
11/5/2021 13:00,36834.55,21.11,12.1,0.89,3.74,0,507
11/5/2021 14:00,36834.59,21.67,11.9,1.34,3.89,3.22,375
11/5/2021 15:00,36834.63,22.22,11.8,0.89,3.93,5.82,205
11/5/2021 16:00,36834.67,21.11,11.8,0.89,1.12,10,30
11/5/2021 17:00,36834.71,18.89,12.1,0.89,4.57,10,0
11/5/2021 18:00,36834.76,18.33,11.7,3.13,5.31,10,0
11/5/2021 19:00,36834.8,17.78,11.4,0.89,0.8,10,0
11/5/2021 20:00,36834.84,17.22,11.5,1.34,5.25,10,0
11/5/2021 21:00,36834.88,16.11,11.6,2.24,1.31,10,0
11/5/2021 22:00,36834.92,15,10.5,0.89,3.68,10,0
11/5/2021 23:00,36834.97,13.89,10.6,0.89,3.61,10,0
11/6/2021 0:00,36835,14.44,10.7,2.24,0.52,10,0
11/6/2021 1:00,36835.04,13.89,10.8,0.89,3.74,10,0
11/6/2021 2:00,36835.08,13.89,10.4,2.68,1.31,10,0
11/6/2021 3:00,36835.13,13.89,9.4,2.24,1.34,10,0
11/6/2021 4:00,36835.17,10.56,8.8,1.79,3.47,10,0
11/6/2021 5:00,36835.21,12.78,8.3,2.68,1.47,10,0
11/6/2021 6:00,36835.25,9.44,8.2,0.45,2.95,10,15
11/6/2021 7:00,36835.29,10.56,9.5,0.89,0.63,0,125
11/6/2021 8:00,36835.34,9.44,10.2,1.79,3.67,0,296
11/6/2021 9:00,36835.38,12.78,10.8,0.89,3.39,0,418
11/6/2021 10:00,36835.42,13.89,11.1,1.34,3.12,6.12,376
11/6/2021 11:00,36835.46,17.22,10.6,1.79,3.53,7.29,358
11/6/2021 12:00,36835.5,17.78,9.9,2.68,4.64,4.71,468
11/6/2021 13:00,36835.55,19.44,9.6,0.89,3.89,2.11,482
11/6/2021 14:00,36835.59,20,10,2.68,5.03,4.91,336
11/6/2021 15:00,36835.63,20.56,10,2.24,4.12,5.93,200
11/6/2021 16:00,36835.67,19.44,9.8,1.79,4.35,8.28,49
11/6/2021 17:00,36835.71,17.78,9.6,1.79,4.73,10,0
11/6/2021 18:00,36835.76,16.11,9.8,2.68,4.52,10,0
11/6/2021 19:00,36835.8,15,9.4,1.79,4.07,10,0
11/6/2021 20:00,36835.84,13.33,9.3,2.68,4.1,10,0
11/6/2021 21:00,36835.88,12.22,9,1.34,4.07,10,0
11/6/2021 22:00,36835.92,11.67,9.1,1.34,3.79,10,0
11/6/2021 23:00,36835.97,15,9.1,1.79,1.15,10,0
11/7/2021 0:00,36836,10.56,9,0.45,1.66,10,0
11/7/2021 1:00,36836.04,10.56,8.8,0.89,3.44,10,0
11/7/2021 2:00,36836.08,10.56,9.3,0.89,3.32,10,0
11/7/2021 3:00,36836.13,10,9.1,0.45,2.58,10,0
11/7/2021 4:00,36836.17,8.89,9.1,1.79,4.17,10,0
11/7/2021 5:00,36836.21,9.44,9.2,1.79,4.4,10,0
11/7/2021 6:00,36836.25,10,8.8,2.24,4.07,10,10
11/7/2021 7:00,36836.29,10.56,8.7,2.24,4.28,5.24,71
11/7/2021 8:00,36836.34,11.67,9,2.24,4.29,5.83,200
11/7/2021 9:00,36836.38,12.78,9,0.45,4.69,6.19,297
11/7/2021 10:00,36836.42,14.44,9.2,0,3.8,5.59,393
11/7/2021 11:00,36836.46,16.11,9.2,0.45,1.48,0,594
11/7/2021 12:00,36836.5,17.22,8.1,1.79,4.42,1.68,533
11/7/2021 13:00,36836.55,16.11,6.9,2.68,4.64,3.04,463
11/7/2021 14:00,36836.59,16.11,5.6,3.58,4.36,8.53,208
11/7/2021 15:00,36836.63,15,4.5,3.13,4.63,9.62,102
11/7/2021 16:00,36836.67,13.89,5.6,1.79,4.75,10,27
11/7/2021 17:00,36836.71,12.78,5.8,0.89,4.8,10,0
11/7/2021 18:00,36836.76,11.67,5.2,2.68,4.14,10,0
11/7/2021 19:00,36836.8,11.11,4.9,1.79,4.28,10,0
11/7/2021 20:00,36836.84,10,4.3,1.34,3.61,10,0
11/7/2021 21:00,36836.88,9.44,3.8,0.89,2.76,10,0
11/7/2021 22:00,36836.92,10,3.9,0.45,1.76,10,1
11/7/2021 23:00,36836.97,10.56,3.7,0.89,3.47,10,0
11/8/2021 0:00,36837,8.33,3.3,0.45,2.02,10,0
11/8/2021 1:00,36837.04,6.67,3.5,1.34,3.68,10,0
11/8/2021 2:00,36837.08,7.22,3.4,0.89,3.98,10,0
11/8/2021 3:00,36837.13,6.67,3.4,1.79,3.84,10,0
11/8/2021 4:00,36837.17,8.89,3.2,0.45,1.64,10,0
11/8/2021 5:00,36837.21,10,2.7,0.89,0.28,10,0
11/8/2021 6:00,36837.25,9.44,3,2.24,1.61,10,16
11/8/2021 7:00,36837.29,12.22,4.9,3.58,1.8,0,160
11/8/2021 8:00,36837.34,12.78,5.4,0.89,3.35,0,298
11/8/2021 9:00,36837.38,16.11,5.5,0.45,4.12,0,495
11/8/2021 10:00,36837.42,16.11,5.6,1.34,3.19,0,524
11/8/2021 11:00,36837.46,16.11,6.2,0.45,2.67,0,607
11/8/2021 12:00,36837.5,17.78,7.1,1.34,3,0,574
11/8/2021 13:00,36837.55,17.78,7.1,2.68,1.66,2.79,464
11/8/2021 14:00,36837.59,17.22,7.2,0.89,1.94,4.86,331
11/8/2021 15:00,36837.63,16.67,7.4,1.34,1.82,9.35,109
11/8/2021 16:00,36837.67,15.56,7.6,2.24,1.47,10,19
11/8/2021 17:00,36837.71,15.56,8,2.24,1.61,10,0
11/8/2021 18:00,36837.76,15,8.1,1.34,2.04,10,0
11/8/2021 19:00,36837.8,15,8.2,0.45,2.62,10,0
11/8/2021 20:00,36837.84,15,8.2,1.79,0.77,10,0
11/8/2021 21:00,36837.88,15,9,2.68,1.1,10,0
11/8/2021 22:00,36837.92,11.39,10.7,3.13,1.43,10,0
11/8/2021 23:00,36837.97,7.78,11.3,1.34,3.23,10,0
11/9/2021 0:00,36838,13.89,10.9,4.92,1.31,10,0
11/9/2021 1:00,36838.04,14.44,10.3,3.58,1.2,10,0
11/9/2021 2:00,36838.08,14.44,10.8,1.34,4.08,10,0
11/9/2021 3:00,36838.13,12.78,11.6,3.58,6.25,10,0
11/9/2021 4:00,36838.17,12.78,11.8,2.68,0.87,10,0
11/9/2021 5:00,36838.21,12.78,12,2.68,0.98,10,0
11/9/2021 6:00,36838.25,11.67,11.9,1.79,1.48,10,2
11/9/2021 7:00,36838.29,12.22,11,4.02,1.41,7.73,49
11/9/2021 8:00,36838.34,13.33,10.7,3.13,1.82,9.51,103
11/9/2021 9:00,36838.38,14.44,10.6,0.89,3.16,9.59,156
11/9/2021 10:00,36838.42,14.44,10.9,1.79,1.69,10,158
11/9/2021 11:00,36838.46,14.44,11.3,3.13,1.57,9.57,217
11/9/2021 12:00,36838.5,16.11,12,3.58,1.69,5.42,433
11/9/2021 13:00,36838.55,17.22,12,3.58,1.68,6.42,355
11/9/2021 14:00,36838.59,16.67,11.7,2.68,1.43,8.79,193
11/9/2021 15:00,36838.63,17.78,11.7,0.89,2.65,5.39,202
11/9/2021 16:00,36838.67,16.11,11.6,0.89,5.08,8.48,42
11/9/2021 17:00,36838.71,15.56,11.6,1.34,5.86,10,0
11/9/2021 18:00,36838.76,15.56,11.6,0.89,6.07,10,0
11/9/2021 19:00,36838.8,14.72,11.3,0.89,4.85,10,0
11/9/2021 20:00,36838.84,13.89,10.6,0.89,3.63,10,0
11/9/2021 21:00,36838.88,14.44,10.5,1.34,5.79,10,0
11/9/2021 22:00,36838.92,14.44,10.8,0.45,0.31,10,0
11/9/2021 23:00,36838.97,14.44,9.7,4.02,1.73,10,0
11/10/2021 0:00,36839,14.44,9.4,1.79,5.99,10,0
11/10/2021 1:00,36839.04,12.22,8.6,3.13,0.89,10,0
11/10/2021 2:00,36839.08,12.22,7.9,2.24,1.29,10,0
11/10/2021 3:00,36839.13,11.11,7.9,2.24,0.98,10,0
11/10/2021 4:00,36839.17,11.67,7.1,3.13,0.63,10,0
11/10/2021 5:00,36839.21,11.11,7.5,1.79,0.79,10,0
11/10/2021 6:00,36839.25,11.11,8.6,1.34,1.8,10,6
11/10/2021 7:00,36839.29,11.11,9.1,0.89,4.21,6.16,58
11/10/2021 8:00,36839.34,11.67,10,1.34,3.74,8.85,121
11/10/2021 9:00,36839.38,13.89,10.3,0.89,3.72,8.85,189
11/10/2021 10:00,36839.42,12.78,11.1,0.89,3.25,9.87,177
11/10/2021 11:00,36839.46,14.44,11.5,0.89,3.68,9.68,208
11/10/2021 12:00,36839.5,16.11,12.3,0.89,3.4,9.59,214
11/10/2021 13:00,36839.55,15,12.7,0.89,5.72,4.71,412
11/10/2021 14:00,36839.59,15.56,12.6,1.79,1.17,4.15,341
11/10/2021 15:00,36839.63,18.89,12.8,0.89,4.24,6.6,176
11/10/2021 16:00,36839.67,14.44,12.4,0.89,3.09,9.21,34
11/10/2021 17:00,36839.71,14.17,12.1,0.89,3.15,10,0
11/10/2021 18:00,36839.76,13.89,11.7,0.89,3.21,10,0
11/10/2021 19:00,36839.8,13.89,10.6,0,4.29,10,0
11/10/2021 20:00,36839.84,13.33,10,0.45,3.42,10,0
11/10/2021 21:00,36839.88,12.78,9,0.89,3.23,10,0
11/10/2021 22:00,36839.92,11.11,8.5,0.89,4.15,10,0
11/10/2021 23:00,36839.97,13.89,8.8,1.79,0.56,10,0
11/11/2021 0:00,36840,12.78,9.3,0.45,2.04,10,0
11/11/2021 1:00,36840.04,12.78,10.2,0.45,3.39,10,0
11/11/2021 2:00,36840.08,12.22,9.9,1.79,1.52,10,0
11/11/2021 3:00,36840.13,11.67,9.1,1.79,1.87,10,0
11/11/2021 4:00,36840.17,11.67,7.9,0.45,3.37,10,0
11/11/2021 5:00,36840.21,11.67,9.2,0.89,1.88,10,0
11/11/2021 6:00,36840.25,11.67,10.6,0.89,1.45,10,4
11/11/2021 7:00,36840.29,11.67,11.7,1.34,0.82,7.76,45
11/11/2021 8:00,36840.34,12.22,12.8,1.34,1.38,8.65,125
11/11/2021 9:00,36840.38,12.78,12.8,1.34,2.36,9.47,159
11/11/2021 10:00,36840.42,13.33,12.6,1.79,3.28,6.95,328
11/11/2021 11:00,36840.46,14.44,12.5,0.89,3.19,8.72,267
11/11/2021 12:00,36840.5,14.44,12.5,1.79,0.66,5.58,421
11/11/2021 13:00,36840.55,15,12.3,1.79,0.38,6.78,335
11/11/2021 14:00,36840.59,15.56,12.4,1.79,0.1,5.52,305
11/11/2021 15:00,36840.63,15.56,12.3,1.79,1.52,6.92,167
11/11/2021 16:00,36840.67,15,12.2,2.24,0.66,9.17,33
11/11/2021 17:00,36840.71,14.44,11.8,2.24,0.3,10,0
11/11/2021 18:00,36840.76,13.61,11.6,1.56,1.38,10,0
11/11/2021 19:00,36840.8,12.78,11.5,0.89,2.46,10,0
11/11/2021 20:00,36840.84,12.22,10.7,2.24,1.92,10,0
11/11/2021 21:00,36840.88,12.22,10.1,0.89,1.85,10,0
11/11/2021 22:00,36840.92,12.78,9.4,0.89,1.95,10,0
11/11/2021 23:00,36840.97,12.22,8.9,0.89,3.09,10,0
11/12/2021 0:00,36841,12.78,7.9,1.79,1.15,10,0
11/12/2021 1:00,36841.04,12.78,7.4,3.13,0.77,10,0
11/12/2021 2:00,36841.08,12.78,7.2,3.13,0.72,10,0
11/12/2021 3:00,36841.13,12.22,6.8,3.58,0.75,10,0
11/12/2021 4:00,36841.17,11.67,7,3.13,1.12,10,0
11/12/2021 5:00,36841.21,12.22,6.3,3.58,0.75,10,0
11/12/2021 6:00,36841.25,12.22,6.9,3.58,0.75,10,7
11/12/2021 7:00,36841.29,12.78,8.3,2.68,1.17,0,97
11/12/2021 8:00,36841.34,13.89,12,1.34,1.5,0,261
11/12/2021 9:00,36841.38,15,12.9,0.45,3.14,0,420
11/12/2021 10:00,36841.42,16.67,12.7,0.45,5.1,0,525
11/12/2021 11:00,36841.46,18.33,12.8,0.89,4.4,0,565
11/12/2021 12:00,36841.5,18.89,12.9,2.24,3.96,1.98,511
11/12/2021 13:00,36841.55,19.44,13,0.45,3.44,2.43,456
11/12/2021 14:00,36841.59,20,13.5,1.34,4.45,4.43,329
11/12/2021 15:00,36841.63,19.44,13.6,1.34,4.22,6.52,173
11/12/2021 16:00,36841.67,16.67,13.5,0.89,4.38,8.64,36
11/12/2021 17:00,36841.71,16.67,13.2,1.79,5.39,10,0
11/12/2021 18:00,36841.76,15.56,13,0.89,3.67,10,0
11/12/2021 19:00,36841.8,15.56,12.6,0.45,3.39,10,0
11/12/2021 20:00,36841.84,14.44,11.9,0.89,3.82,10,0
11/12/2021 21:00,36841.88,14.44,10.5,0.45,1.5,10,0
11/12/2021 22:00,36841.92,13.89,10,1.79,1.2,10,0
11/12/2021 23:00,36841.97,12.78,9.3,1.34,1.03,10,0
11/13/2021 0:00,36842,13.33,9.1,2.68,0.94,10,0
11/13/2021 1:00,36842.04,13.33,8.6,3.13,1.34,10,0
11/13/2021 2:00,36842.08,13.33,7.8,2.68,1.08,10,0
11/13/2021 3:00,36842.13,13.33,7.6,2.68,0.84,10,0
11/13/2021 4:00,36842.17,12.78,7.2,2.68,0.72,10,0
11/13/2021 5:00,36842.21,12.22,8.1,2.24,1.26,10,0
11/13/2021 6:00,36842.25,12.22,8.7,3.13,0.94,10,4
11/13/2021 7:00,36842.29,12.22,9.6,1.79,1.24,7.68,42
11/13/2021 8:00,36842.34,11.67,10.7,0.89,3.74,10,82
11/13/2021 9:00,36842.38,12.78,11.8,0.89,3.74,9.94,134
11/13/2021 10:00,36842.42,13.89,13,0.89,3.39,9.73,181
11/13/2021 11:00,36842.46,13.33,13.8,1.79,3.91,9.6,209
11/13/2021 12:00,36842.5,13.89,14.7,0.45,4.43,9.72,201
11/13/2021 13:00,36842.55,15,14.6,0.89,4.54,7.77,286
11/13/2021 14:00,36842.59,15,14.3,1.34,3.44,6.96,256
11/13/2021 15:00,36842.63,15,14.1,0.45,4.33,8.08,136
11/13/2021 16:00,36842.67,13.89,14.1,0.89,4.26,9.94,24
11/13/2021 17:00,36842.71,13.89,13.9,0.45,4.63,10,0
11/13/2021 18:00,36842.76,13.89,13.7,0.45,3.72,10,0
11/13/2021 19:00,36842.8,13.89,13.5,0.45,4.31,10,0
11/13/2021 20:00,36842.84,13.33,13.3,1.34,1.75,10,0
11/13/2021 21:00,36842.88,13.33,13.2,2.24,0.82,10,0
11/13/2021 22:00,36842.92,12.78,13.1,0.45,3.37,10,0
11/13/2021 23:00,36842.97,13.33,13.1,3.13,0.87,10,0
11/14/2021 0:00,36843,12.78,13,1.79,0.99,10,0
11/14/2021 1:00,36843.04,12.78,13,2.68,0.99,10,0
11/14/2021 2:00,36843.08,11.67,12.9,1.79,4.1,10,0
11/14/2021 3:00,36843.13,11.67,12.8,0.45,2.72,10,0
11/14/2021 4:00,36843.17,11.67,12.8,1.79,1.19,10,0
11/14/2021 5:00,36843.21,10.56,12.7,0.89,3.96,10,0
11/14/2021 6:00,36843.25,10,12.7,0.89,4.33,10,2
11/14/2021 7:00,36843.29,11.11,12.3,1.79,1.19,9.5,27
11/14/2021 8:00,36843.34,11.67,12.1,0.89,3.7,10,67
11/14/2021 9:00,36843.38,12.78,12.2,1.34,4.1,10,117
11/14/2021 10:00,36843.42,12.78,12.5,0.45,4.36,10,164
11/14/2021 11:00,36843.46,13.33,13.3,1.34,4.1,9.65,204
11/14/2021 12:00,36843.5,13.89,14.8,0.89,5.13,7.78,314
11/14/2021 13:00,36843.55,14.44,15.5,1.34,4.57,3.95,420
11/14/2021 14:00,36843.59,13.89,14.7,3.13,5.03,4.2,328
11/14/2021 15:00,36843.63,13.33,14.7,1.34,4.28,6.85,162
11/14/2021 16:00,36843.67,13.33,14.5,0.45,3.87,9.57,26
11/14/2021 17:00,36843.71,13.33,14.6,0.45,4.85,10,0
11/14/2021 18:00,36843.76,12.78,14.2,0.89,3.53,10,0
11/14/2021 19:00,36843.8,13.33,14,0.45,3.47,10,0
11/14/2021 20:00,36843.84,13.33,13.9,0.45,3.33,10,0
11/14/2021 21:00,36843.88,12.78,13.8,0.45,3.19,10,0
11/14/2021 22:00,36843.92,12.78,13.7,1.34,1.4,10,0
11/14/2021 23:00,36843.97,12.78,13.5,0.45,1.29,10,0
11/15/2021 0:00,36844,12.22,13.1,0.45,2.2,10,0
11/15/2021 1:00,36844.04,11.67,12.8,0.45,3.46,10,0
11/15/2021 2:00,36844.08,12.22,12.5,1.34,0.16,10,0
11/15/2021 3:00,36844.13,11.67,12.5,3.13,0.94,10,0
11/15/2021 4:00,36844.17,11.67,12.3,2.68,5.62,10,0
11/15/2021 5:00,36844.21,11.11,12,3.58,5.48,10,0
11/15/2021 6:00,36844.25,9.44,12,1.34,3.91,10,2
11/15/2021 7:00,36844.29,10.56,12.2,1.34,4.52,7.44,40
11/15/2021 8:00,36844.34,12.22,12.4,1.34,1.54,10,66
11/15/2021 9:00,36844.38,13.33,12.7,1.34,3.35,9.63,146
11/15/2021 10:00,36844.42,13.33,13.3,1.79,4.01,8.81,230
11/15/2021 11:00,36844.46,13.89,13.6,0.89,3.16,6.63,367
11/15/2021 12:00,36844.5,14.44,13.3,1.79,5.55,5.04,429
11/15/2021 13:00,36844.55,16.67,13.3,0.89,3.87,5.28,380
11/15/2021 14:00,36844.59,16.67,13.6,1.79,5.38,5.98,282
11/15/2021 15:00,36844.63,16.11,14,0.45,5.62,9.25,102
11/15/2021 16:00,36844.67,15,14,0.89,4.03,10,19
11/15/2021 17:00,36844.71,14.44,13.4,1.79,4.99,10,0
11/15/2021 18:00,36844.76,12.78,12.7,0.89,3.53,10,0
11/15/2021 19:00,36844.8,11.67,12.5,1.34,4.07,10,0
11/15/2021 20:00,36844.84,12.22,12.4,0.89,3.89,10,0
11/15/2021 21:00,36844.88,12.22,12.1,1.79,4.29,10,0
11/15/2021 22:00,36844.92,12.22,11.9,1.79,1.19,10,0
11/15/2021 23:00,36844.97,12.78,11.9,0.89,2.2,10,0
11/16/2021 0:00,36845,11.67,11.8,1.34,3,10,0
11/16/2021 1:00,36845.04,11.11,11.7,1.34,2.98,10,0
11/16/2021 2:00,36845.08,11.67,11.6,2.68,2.32,10,0
11/16/2021 3:00,36845.13,11.67,11.6,3.58,1.64,10,0
11/16/2021 4:00,36845.17,11.11,11.9,3.58,4.19,10,0
11/16/2021 5:00,36845.21,11.11,11.4,1.79,6.27,10,0
11/16/2021 6:00,36845.25,11.67,11.2,1.79,2.23,10,1
11/16/2021 7:00,36845.29,11.67,11.6,1.34,3.19,9.46,25
11/16/2021 8:00,36845.34,12.22,12.2,1.34,3.32,10,60
11/16/2021 9:00,36845.38,12.22,12.8,1.34,3.44,10,95
11/16/2021 10:00,36845.42,12.22,12.5,1.79,3.79,10,97
11/16/2021 11:00,36845.46,12.22,11.9,1.34,4.49,10,128
11/16/2021 12:00,36845.5,12.78,11.9,0.89,3.63,9.55,208
11/16/2021 13:00,36845.55,13.33,11.6,0.89,4.33,9.82,172
11/16/2021 14:00,36845.59,13.89,11.2,0.45,4.49,10,106
11/16/2021 15:00,36845.63,13.33,11.1,0.45,3.32,10,47
11/16/2021 16:00,36845.67,13.33,11,0.45,4.47,10,10
11/16/2021 17:00,36845.71,13.33,11.1,0.89,4.05,10,0
11/16/2021 18:00,36845.76,13.06,11,0.89,4.08,10,0
11/16/2021 19:00,36845.8,12.78,11.2,0.89,4.12,10,0
11/16/2021 20:00,36845.84,12.78,11,0.89,3.77,10,0
11/16/2021 21:00,36845.88,12.22,11,1.34,4.54,10,0
11/16/2021 22:00,36845.92,12.22,11.2,1.34,4.1,10,0
11/16/2021 23:00,36845.97,12.22,11.1,1.79,3.19,10,0
11/17/2021 0:00,36846,12.22,10.9,0.89,3.46,10,0
11/17/2021 1:00,36846.04,12.78,10.8,0.45,2.98,10,0
11/17/2021 2:00,36846.08,12.22,10.8,0.45,3.4,10,0
11/17/2021 3:00,36846.13,12.22,10.9,0.89,3.87,10,0
11/17/2021 4:00,36846.17,11.67,10.5,1.34,4.24,10,0
11/17/2021 5:00,36846.21,11.67,10.6,0.89,4.47,10,0
11/17/2021 6:00,36846.25,11.67,10.7,0.89,3.72,10,1
11/17/2021 7:00,36846.29,12.22,10.9,0.45,3.75,8.85,28
11/17/2021 8:00,36846.34,13.33,10.5,0.45,3.82,9.92,81
11/17/2021 9:00,36846.38,13.89,10,0,3.09,9.95,129
11/17/2021 10:00,36846.42,14.44,10,0.45,0.24,8.67,234
11/17/2021 11:00,36846.46,13.89,10.3,1.34,5.38,5.52,407
11/17/2021 12:00,36846.5,16.67,10.6,1.79,3.63,0,550
11/17/2021 13:00,36846.55,16.67,10.5,1.34,1.12,2.13,444
11/17/2021 14:00,36846.59,17.22,10.6,0.89,5.57,4.13,321
11/17/2021 15:00,36846.63,16.67,10.4,1.79,3.86,7.32,146
11/17/2021 16:00,36846.67,15,10.5,1.79,5.08,8.93,27
11/17/2021 17:00,36846.71,14.44,10.5,1.34,0.47,10,0
11/17/2021 18:00,36846.76,13.33,10.6,0.89,3.51,10,0
11/17/2021 19:00,36846.8,12.22,10.4,1.79,1.64,10,0
11/17/2021 20:00,36846.84,12.22,9.8,1.79,1.68,10,0
11/17/2021 21:00,36846.88,12.22,8.9,0.89,0.8,10,0
11/17/2021 22:00,36846.92,12.22,8.1,2.68,1.05,10,0
11/17/2021 23:00,36846.97,12.22,7.4,0.89,3.6,10,0
11/18/2021 0:00,36847,11.11,6.9,2.68,1.01,10,0
11/18/2021 1:00,36847.04,11.67,6.6,2.68,0.65,10,0
11/18/2021 2:00,36847.08,11.11,5.9,3.13,1.26,10,0
11/18/2021 3:00,36847.13,10.56,5.5,4.47,0.86,10,0
11/18/2021 4:00,36847.17,10.56,6,2.68,0.86,10,0
11/18/2021 5:00,36847.21,10.56,6.4,1.34,3.4,10,0
11/18/2021 6:00,36847.25,10,6.9,1.34,1.64,10,4
11/18/2021 7:00,36847.29,11.11,7.5,2.68,1.29,3.94,49
11/18/2021 8:00,36847.34,13.89,8.6,0.45,2.64,7.36,144
11/18/2021 9:00,36847.38,12.78,10.7,1.34,3.7,4.28,316
11/18/2021 10:00,36847.42,15.56,12,1.34,4.08,0,480
11/18/2021 11:00,36847.46,16.67,11.7,0.45,4.73,0.28,504
11/18/2021 12:00,36847.5,17.78,11.5,0.89,4,5.24,414
11/18/2021 13:00,36847.55,17.78,11.3,0,6.21,6.52,329
11/18/2021 14:00,36847.59,18.33,11.2,0.45,0.73,7,244
11/18/2021 15:00,36847.63,17.22,11.3,0.89,4.49,8.64,114
11/18/2021 16:00,36847.67,15.56,11.6,4.02,5.11,9.67,21
11/18/2021 17:00,36847.71,13.89,11.9,1.34,4.19,10,0
11/18/2021 18:00,36847.76,15,12.1,0.45,0.66,10,0
11/18/2021 19:00,36847.8,13.33,12,0.89,3.33,10,0
11/18/2021 20:00,36847.84,13.89,12.2,1.79,1.41,10,0
11/18/2021 21:00,36847.88,11.11,11.8,1.79,3.98,10,0
11/18/2021 22:00,36847.92,12.22,10.8,1.79,0.77,10,0
11/18/2021 23:00,36847.97,11.67,9,2.68,0.82,10,0
11/19/2021 0:00,36848,11.11,8.6,0.89,3.4,10,0
11/19/2021 1:00,36848.04,12.22,9.2,1.34,5.34,10,0
11/19/2021 2:00,36848.08,12.78,10.4,3.13,0.68,10,0
11/19/2021 3:00,36848.13,13.89,10.6,3.58,0.72,10,0
11/19/2021 4:00,36848.17,10.56,10.8,2.24,3.82,10,0
11/19/2021 5:00,36848.21,9.44,10.8,1.34,3.4,10,0
11/19/2021 6:00,36848.25,10.56,10.5,0.89,4.76,10,1
11/19/2021 7:00,36848.29,11.11,10.7,0.45,0.1,10,17
11/19/2021 8:00,36848.34,12.78,11.1,1.79,1.62,10,58
11/19/2021 9:00,36848.38,13.33,11.8,0.89,3.39,10,105
11/19/2021 10:00,36848.42,13.33,12.2,0.89,3.68,10,129
11/19/2021 11:00,36848.46,13.33,12.6,0.89,4.47,10,162
11/19/2021 12:00,36848.5,15.56,13.6,0.89,1.68,7.78,304
11/19/2021 13:00,36848.55,17.78,13.4,1.79,3.79,3.05,424
11/19/2021 14:00,36848.59,17.78,13.1,2.24,4.08,5.43,287
11/19/2021 15:00,36848.63,17.22,12.8,1.34,4,6.85,152
11/19/2021 16:00,36848.67,15,12.6,1.34,4.47,9.67,20
11/19/2021 17:00,36848.71,14.44,12.6,1.34,0.96,10,0
11/19/2021 18:00,36848.76,14.44,10.7,1.34,0.61,10,0
11/19/2021 19:00,36848.8,13.89,10.1,2.24,0.99,10,0
11/19/2021 20:00,36848.84,13.33,9.5,1.34,1.12,10,0
11/19/2021 21:00,36848.88,12.22,9.3,1.79,1.29,10,0
11/19/2021 22:00,36848.92,12.22,9.2,0.89,3.46,10,0
11/19/2021 23:00,36848.97,11.11,10.3,0.89,3.42,10,0
11/20/2021 0:00,36849,11.67,11.6,0.45,3.11,10,0
11/20/2021 1:00,36849.04,11.11,12,0.89,4.14,10,0
11/20/2021 2:00,36849.08,11.67,11.8,0.45,3.67,10,0
11/20/2021 3:00,36849.13,11.67,11.6,0.45,4.01,10,0
11/20/2021 4:00,36849.17,11.67,11.7,2.24,1.36,10,0
11/20/2021 5:00,36849.21,11.67,11.8,0.89,3.49,10,0
11/20/2021 6:00,36849.25,11.67,11.9,0.89,2.98,10,1
11/20/2021 7:00,36849.29,12.22,12,1.34,0.8,9.9,18
11/20/2021 8:00,36849.34,12.78,12.4,1.34,4.17,10,52
11/20/2021 9:00,36849.38,12.78,13.1,0.89,4,10,73
11/20/2021 10:00,36849.42,13.89,13.4,0.45,3.56,10,77
11/20/2021 11:00,36849.46,13.33,13.4,0.45,4.43,10,141
11/20/2021 12:00,36849.5,13.89,12.9,2.24,4.01,10,138
11/20/2021 13:00,36849.55,13.89,12.6,1.79,3.94,10,121
11/20/2021 14:00,36849.59,15.56,12.3,1.34,3.35,10,116
11/20/2021 15:00,36849.63,14.44,11.5,1.34,4.07,9.91,78
11/20/2021 16:00,36849.67,13.33,11.3,0.45,0.86,7.88,29
11/20/2021 17:00,36849.71,13.33,10.9,1.34,0.16,10,0
11/20/2021 18:00,36849.76,13.33,9.6,1.79,0.68,10,0
11/20/2021 19:00,36849.8,12.78,8.8,0.89,1.4,10,0
11/20/2021 20:00,36849.84,12.22,7.9,2.24,1.26,10,0
11/20/2021 21:00,36849.88,11.67,7.8,2.68,0.94,10,0
11/20/2021 22:00,36849.92,11.67,6.4,2.68,0.94,10,0
11/20/2021 23:00,36849.97,11.67,5.8,0.45,3.39,10,0
11/21/2021 0:00,36850,11.67,5.5,2.68,0.96,10,0
11/21/2021 1:00,36850.04,12.22,5.1,3.13,1.22,10,0
11/21/2021 2:00,36850.08,11.67,4.6,3.13,1.36,10,0
11/21/2021 3:00,36850.13,11.11,4.1,2.68,1.06,10,0
11/21/2021 4:00,36850.17,11.11,3.9,3.13,0.82,10,0
11/21/2021 5:00,36850.21,10.56,3.9,4.02,1.19,10,0
11/21/2021 6:00,36850.25,10.56,3.6,4.92,0.7,10,4
11/21/2021 7:00,36850.29,10.56,5.2,4.92,0.7,0,77
11/21/2021 8:00,36850.34,12.5,9.8,2.91,2.39,0,239
11/21/2021 9:00,36850.38,14.44,11.7,0.89,4.08,0,391
11/21/2021 10:00,36850.42,15.56,11.5,0.45,3.23,0,492
11/21/2021 11:00,36850.46,17.78,11.1,0.45,4.92,0,534
11/21/2021 12:00,36850.5,17.78,11.3,0.89,4.33,0,511
11/21/2021 13:00,36850.55,19.44,11.2,0.45,1.68,1.1,442
11/21/2021 14:00,36850.59,19.44,11.2,1.34,4.22,3.84,316
11/21/2021 15:00,36850.63,17.78,11.2,1.34,4.45,6.6,153
11/21/2021 16:00,36850.67,16.11,10.9,0.89,4.43,8.21,26
11/21/2021 17:00,36850.71,15.56,10.5,0.45,6.23,10,0
11/21/2021 18:00,36850.76,15,10.4,0.89,5.93,10,0
11/21/2021 19:00,36850.8,13.33,9.3,1.79,0.79,10,0
11/21/2021 20:00,36850.84,12.78,8.2,2.24,1.12,10,0
11/21/2021 21:00,36850.88,11.67,7.5,0.89,3.56,10,0
11/21/2021 22:00,36850.92,11.67,6.4,1.34,1.45,10,0
11/21/2021 23:00,36850.97,12.22,6.5,3.58,0.84,10,0
11/22/2021 0:00,36851,11.11,5.7,3.58,0.82,10,0
11/22/2021 1:00,36851.04,10.56,6.3,3.58,0.94,10,0
11/22/2021 2:00,36851.08,10,7.6,2.68,1.27,10,0
11/22/2021 3:00,36851.13,10.56,7.1,4.02,0.86,10,0
11/22/2021 4:00,36851.17,10,6.9,3.58,1.36,10,0
11/22/2021 5:00,36851.21,9.44,6.3,3.58,0.93,10,0
11/22/2021 6:00,36851.25,8.33,5.7,2.68,1.45,10,2
11/22/2021 7:00,36851.29,10,5.9,2.24,1.43,2.48,43
11/22/2021 8:00,36851.34,11.67,6.4,0.45,2.3,7.41,136
11/22/2021 9:00,36851.38,9.44,7.8,1.34,3.49,7.74,212
11/22/2021 10:00,36851.42,10.56,8.9,1.34,3.56,8.62,229
11/22/2021 11:00,36851.46,14.44,9.7,1.79,3.47,8.76,247
11/22/2021 12:00,36851.5,16.11,11.3,1.34,3.21,5.45,397
11/22/2021 13:00,36851.55,17.22,12,2.24,4.08,0,463
11/22/2021 14:00,36851.59,18.89,11.4,1.34,3.72,2.57,332
11/22/2021 15:00,36851.63,17.78,11,0.45,3.61,7.19,140
11/22/2021 16:00,36851.67,15,10.7,0.45,3.65,7.47,28
11/22/2021 17:00,36851.71,15,10.5,1.34,5.72,10,0
11/22/2021 18:00,36851.76,14.44,10.1,0.45,0.94,10,0
11/22/2021 19:00,36851.8,13.89,9.4,0.45,2.08,10,0
11/22/2021 20:00,36851.84,12.78,7.9,0.45,4,10,0
11/22/2021 21:00,36851.88,11.11,8.2,0.89,3.37,10,0
11/22/2021 22:00,36851.92,8.33,8.3,1.34,1.97,10,0
11/22/2021 23:00,36851.97,11.11,8.2,2.68,1.03,10,0
11/23/2021 0:00,36852,10,7.5,4.02,0.86,10,0
11/23/2021 1:00,36852.04,10.56,7.2,3.58,1.41,10,0
11/23/2021 2:00,36852.08,10,7.3,1.79,1.76,10,0
11/23/2021 3:00,36852.13,6.11,7.5,1.34,3.8,10,0
11/23/2021 4:00,36852.17,8.33,7.4,2.24,1.19,10,0
11/23/2021 5:00,36852.21,7.22,7.3,2.68,1.83,10,0
11/23/2021 6:00,36852.25,5.56,6.3,1.79,3.79,10,2
11/23/2021 7:00,36852.29,4.44,5.5,1.79,3.54,6.46,31
11/23/2021 8:00,36852.34,7.78,6.2,0.45,0.58,9.36,90
11/23/2021 9:00,36852.38,7.22,7.6,3.13,4.03,9.32,150
11/23/2021 10:00,36852.42,9.44,8.6,1.34,3.79,9.74,169
11/23/2021 11:00,36852.46,11.11,9.2,1.34,3.21,8.98,233
11/23/2021 12:00,36852.5,12.78,10.6,0.89,3.32,4.64,421
11/23/2021 13:00,36852.55,14.44,11.4,0.89,3.67,1.44,434
11/23/2021 14:00,36852.59,16.11,10,0.45,1.94,2.03,335
11/23/2021 15:00,36852.63,16.11,9.3,0.89,2.72,4.89,176
11/23/2021 16:00,36852.67,13.33,9,1.79,4.49,8.74,21
11/23/2021 17:00,36852.71,12.22,9.4,2.24,4.24,10,0
11/23/2021 18:00,36852.76,10.56,8.6,1.34,3.54,10,0
11/23/2021 19:00,36852.8,8.89,7.6,0.89,3.47,10,0
11/23/2021 20:00,36852.84,8.33,8.3,0.89,3.84,10,0
11/23/2021 21:00,36852.88,8.89,8.1,0.89,3.46,10,0
11/23/2021 22:00,36852.92,7.78,6.8,0.89,2.88,10,0
11/23/2021 23:00,36852.97,10,5.8,2.68,1.27,10,0
11/24/2021 0:00,36853,7.22,7.4,0.89,3.4,10,0
11/24/2021 1:00,36853.04,8.33,8.3,1.79,1.03,10,0
11/24/2021 2:00,36853.08,3.89,8.1,1.34,3.68,10,0
11/24/2021 3:00,36853.13,6.67,8.2,2.24,1.4,10,0
11/24/2021 4:00,36853.17,6.67,7.9,0.89,2.09,10,0
11/24/2021 5:00,36853.21,7.22,7.7,2.24,1.76,10,0
11/24/2021 6:00,36853.25,7.22,7.9,1.79,1.75,10,1
11/24/2021 7:00,36853.29,8.33,7.9,3.13,1.62,9.83,15
11/24/2021 8:00,36853.34,8.33,8.2,1.79,1.55,10,46
11/24/2021 9:00,36853.38,11.67,9.2,1.34,1.69,10,91
11/24/2021 10:00,36853.42,13.33,10.2,0.89,3.19,4.3,385
11/24/2021 11:00,36853.46,14.44,9.6,1.79,2.95,0,523
11/24/2021 12:00,36853.5,15,8.9,0.89,4.96,0,507
11/24/2021 13:00,36853.55,16.67,8.9,0.89,2.5,2.39,421
11/24/2021 14:00,36853.59,16.11,8.9,0.45,3.44,4.33,300
11/24/2021 15:00,36853.63,14.44,8.8,1.34,4.38,6.75,145
11/24/2021 16:00,36853.67,11.67,8.7,1.79,4.5,8.26,22
11/24/2021 17:00,36853.71,9.44,8.4,1.34,4.1,10,0
11/24/2021 18:00,36853.76,9.44,8.1,0.89,3.28,10,0
11/24/2021 19:00,36853.8,9.44,7.5,0.89,3.37,10,0
11/24/2021 20:00,36853.84,10,6.6,1.34,1.13,10,0
11/24/2021 21:00,36853.88,10,5.6,3.13,1.36,10,0
11/24/2021 22:00,36853.92,10.56,4.9,3.13,1.24,10,0
11/24/2021 23:00,36853.97,7.22,4.5,1.34,3.44,10,0
11/25/2021 0:00,36854,10,3.3,4.92,0.98,10,0
11/25/2021 1:00,36854.04,10,3.7,3.58,0.8,10,0
11/25/2021 2:00,36854.08,10,2.6,4.92,0.93,10,0
11/25/2021 3:00,36854.13,8.89,2.1,4.47,0.91,10,0
11/25/2021 4:00,36854.17,8.33,1.6,1.79,1.66,10,0
11/25/2021 5:00,36854.21,8.33,1.6,4.02,0.73,10,0
11/25/2021 6:00,36854.25,7.78,1.5,3.58,0.96,10,3
11/25/2021 7:00,36854.29,8.89,2.4,2.24,1.15,0,88
11/25/2021 8:00,36854.34,10,6.8,1.34,3.77,0,254
11/25/2021 9:00,36854.38,12.78,6.8,0.89,5.36,0,407
11/25/2021 10:00,36854.42,12.78,6.8,0.45,5.86,0,506
11/25/2021 11:00,36854.46,15,7,0.89,2.29,0,546
11/25/2021 12:00,36854.5,16.67,6.7,0.89,3.18,0,526
11/25/2021 13:00,36854.55,17.78,6.9,0.45,4.15,0,444
11/25/2021 14:00,36854.59,17.78,5.8,0.45,6.11,2.45,326
11/25/2021 15:00,36854.63,16.67,4.9,0.89,4.43,7.05,138
11/25/2021 16:00,36854.67,15.56,5.8,0.89,4.14,7.44,24
11/25/2021 17:00,36854.71,13.89,6.2,1.79,0.86,10,0
11/25/2021 18:00,36854.76,12.78,7.2,2.24,0.58,10,0
11/25/2021 19:00,36854.8,12.22,6.4,4.02,0.96,10,0
11/25/2021 20:00,36854.84,11.11,5.2,3.13,1.1,10,0
11/25/2021 21:00,36854.88,10.56,5,2.68,1.22,10,0
11/25/2021 22:00,36854.92,10,4.4,2.68,1.15,10,0
11/25/2021 23:00,36854.97,10,3.7,4.47,1.01,10,0
11/26/2021 0:00,36855,9.44,2.8,3.13,1.05,10,0
11/26/2021 1:00,36855.04,8.89,2.7,2.68,1.03,10,0
11/26/2021 2:00,36855.08,8.89,1.9,3.58,0.96,10,0
11/26/2021 3:00,36855.13,8.33,1,3.58,0.98,10,0
11/26/2021 4:00,36855.17,8.33,1.4,3.13,1.15,10,0
11/26/2021 5:00,36855.21,7.78,1.3,2.24,1.33,10,0
11/26/2021 6:00,36855.25,7.78,1.3,3.58,0.99,10,3
11/26/2021 7:00,36855.29,9.44,2.9,2.68,1.27,0,84
11/26/2021 8:00,36855.34,11.67,6.5,1.34,1.1,0,217
11/26/2021 9:00,36855.38,12.22,6.4,0.89,5.32,8.25,188
11/26/2021 10:00,36855.42,13.33,6.1,1.79,3.86,3.98,388
11/26/2021 11:00,36855.46,15.56,6.4,1.79,5.32,1.92,470
11/26/2021 12:00,36855.5,16.11,6.8,1.79,4.57,0,516
11/26/2021 13:00,36855.55,17.78,6.3,1.79,4.05,0,438
11/26/2021 14:00,36855.59,17.78,6.5,0.89,5.01,3.44,311
11/26/2021 15:00,36855.63,16.67,6.4,1.34,4.24,5.83,157
11/26/2021 16:00,36855.67,14.44,6.3,1.34,4.8,6.41,26
11/26/2021 17:00,36855.71,13.89,6.6,0.89,1.78,10,0
11/26/2021 18:00,36855.76,13.33,7.2,0.89,0.51,10,0
11/26/2021 19:00,36855.8,11.67,6.5,2.24,1.2,10,0
11/26/2021 20:00,36855.84,11.11,5.7,2.68,0.8,10,0
11/26/2021 21:00,36855.88,11.11,5.4,2.68,1.17,10,0
11/26/2021 22:00,36855.92,11.11,5.8,3.13,1.05,10,0
11/26/2021 23:00,36855.97,10,5.6,3.13,0.98,10,0
11/27/2021 0:00,36856,10.56,4.5,4.02,0.93,10,0
11/27/2021 1:00,36856.04,9.44,3.7,3.13,1.13,10,0
11/27/2021 2:00,36856.08,10.56,3.2,3.58,0.89,10,0
11/27/2021 3:00,36856.13,8.89,2.9,3.13,1.2,10,0
11/27/2021 4:00,36856.17,8.89,2.6,2.68,1.17,10,0
11/27/2021 5:00,36856.21,9.44,2.7,4.47,1.03,10,0
11/27/2021 6:00,36856.25,8.89,2.9,3.13,0.8,10,2
11/27/2021 7:00,36856.29,10,3.3,3.13,1.05,0,74
11/27/2021 8:00,36856.34,10.56,7,0.89,3.75,0,235
11/27/2021 9:00,36856.38,12.78,6.3,1.79,3.51,0,381
11/27/2021 10:00,36856.42,15,6.8,0.45,3.54,0,477
11/27/2021 11:00,36856.46,16.11,7.1,0.89,3.56,0,520
11/27/2021 12:00,36856.5,16.67,7.2,0.89,0.86,0,504
11/27/2021 13:00,36856.55,19.44,5.4,1.34,3.26,0,431
11/27/2021 14:00,36856.59,18.89,5.5,0.45,5.79,3.75,304
11/27/2021 15:00,36856.63,18.33,5.6,1.34,4.21,6.18,150
11/27/2021 16:00,36856.67,16.67,5.6,0.89,4.49,6.61,24
11/27/2021 17:00,36856.71,15,6.1,0.89,0.77,10,0
11/27/2021 18:00,36856.76,13.89,7.1,1.34,0.89,10,0
11/27/2021 19:00,36856.8,12.22,7.1,2.68,1.22,10,0
11/27/2021 20:00,36856.84,11.67,7.3,2.68,1.38,10,0
11/27/2021 21:00,36856.88,11.11,6.5,3.58,0.82,10,0
11/27/2021 22:00,36856.92,11.11,5.5,4.02,1.01,10,0
11/27/2021 23:00,36856.97,10.56,5.2,2.68,1.27,10,0
11/28/2021 0:00,36857,10.56,4,3.58,1.12,10,0
11/28/2021 1:00,36857.04,10.56,3.3,2.24,1.19,10,0
11/28/2021 2:00,36857.08,10,3.5,2.68,0.96,10,0
11/28/2021 3:00,36857.13,10.56,3.1,4.02,0.87,10,0
11/28/2021 4:00,36857.17,9.44,2.3,3.58,0.99,10,0
11/28/2021 5:00,36857.21,9.44,2.2,4.47,0.96,10,0
11/28/2021 6:00,36857.25,9.44,2,4.47,0.99,10,2
11/28/2021 7:00,36857.29,10,3.8,3.58,0.94,0,79
11/28/2021 8:00,36857.34,12.22,7.4,1.34,0.91,0,237
11/28/2021 9:00,36857.38,14.44,7.3,1.34,0.33,0,390
11/28/2021 10:00,36857.42,17.78,7.4,0.45,4.17,0,486
11/28/2021 11:00,36857.46,18.33,7.6,0.89,2.93,0,527
11/28/2021 12:00,36857.5,20,7.2,0.89,5.22,0,511
11/28/2021 13:00,36857.55,20.56,6.4,1.34,4.8,0,436
11/28/2021 14:00,36857.59,21.67,6.5,1.34,4.07,3.15,311
11/28/2021 15:00,36857.63,20,6.1,0.89,4.63,5.75,155
11/28/2021 16:00,36857.67,17.78,6.1,1.79,4.45,5.69,25
11/28/2021 17:00,36857.71,16.67,6,1.34,4.61,10,0
11/28/2021 18:00,36857.76,15,6.7,0.89,5.22,10,0
11/28/2021 19:00,36857.8,13.33,7.1,2.24,1.2,10,0
11/28/2021 20:00,36857.84,12.78,7.5,2.24,0.94,10,0
11/28/2021 21:00,36857.88,12.22,7,3.58,1.24,10,0
11/28/2021 22:00,36857.92,12.22,6.3,2.68,0.93,10,0
11/28/2021 23:00,36857.97,11.11,5,3.58,1.22,10,0
11/29/2021 0:00,36858,11.67,4.4,3.58,0.94,10,0
11/29/2021 1:00,36858.04,11.11,3.7,4.47,0.86,10,0
11/29/2021 2:00,36858.08,10.56,3.5,4.02,0.93,10,0
11/29/2021 3:00,36858.13,10.56,2.9,4.47,0.86,10,0
11/29/2021 4:00,36858.17,10.56,2.3,4.47,1.1,10,0
11/29/2021 5:00,36858.21,10,2.8,4.47,0.89,10,0
11/29/2021 6:00,36858.25,9.44,2.5,3.13,0.94,10,2
11/29/2021 7:00,36858.29,10.56,4.3,2.24,0.98,0,76
11/29/2021 8:00,36858.34,12.78,7.9,1.34,1.93,0,233
11/29/2021 9:00,36858.38,14.44,7.9,0.45,2.88,0,382
11/29/2021 10:00,36858.42,17.78,8.1,0.45,2.44,0,480
11/29/2021 11:00,36858.46,17.78,8.5,1.79,3.74,0,521
11/29/2021 12:00,36858.5,19.44,8.2,0.45,6.09,0,502
11/29/2021 13:00,36858.55,21.11,8,0.45,4.05,0,427
11/29/2021 14:00,36858.59,21.11,7.9,0.45,4.12,3.69,301
11/29/2021 15:00,36858.63,20,8.2,0.45,3.84,6.11,148
11/29/2021 16:00,36858.67,17.22,8.2,1.34,4.75,5.01,25
11/29/2021 17:00,36858.71,16.67,8.1,1.34,5.71,10,0
11/29/2021 18:00,36858.76,15,8.3,1.34,0.51,10,0
11/29/2021 19:00,36858.8,13.89,8,1.79,0.98,10,0
11/29/2021 20:00,36858.84,12.78,7.9,3.13,0.89,10,0
11/29/2021 21:00,36858.88,12.78,7.9,3.58,0.89,10,0
11/29/2021 22:00,36858.92,12.78,6.6,3.58,0.96,10,0
11/29/2021 23:00,36858.97,12.22,6.3,4.02,0.93,10,0
11/30/2021 0:00,36859,11.67,5.3,2.68,1.05,10,0
11/30/2021 1:00,36859.04,12.78,4.9,3.58,0.58,10,0
11/30/2021 2:00,36859.08,11.11,4,3.13,0.89,10,0
11/30/2021 3:00,36859.13,11.11,4,2.68,1.15,10,0
11/30/2021 4:00,36859.17,10.56,3.7,2.24,1.27,10,0
11/30/2021 5:00,36859.21,10,4.3,3.13,0.93,10,0
11/30/2021 6:00,36859.25,10.56,3.7,3.58,0.99,10,1
11/30/2021 7:00,36859.29,11.11,5.4,4.02,1.1,0,71
11/30/2021 8:00,36859.34,13.89,8.8,1.34,1.15,0,228
11/30/2021 9:00,36859.38,15.56,8.1,0.89,0.82,0,365
11/30/2021 10:00,36859.42,17.22,8.2,0.89,5.78,0,465
11/30/2021 11:00,36859.46,20.56,8.6,0.89,1.94,0,508
11/30/2021 12:00,36859.5,20,8.4,0.45,0.42,0,494
11/30/2021 13:00,36859.55,21.11,7.5,0.45,4.15,0,424
11/30/2021 14:00,36859.59,21.11,6.6,0.45,2.84,3.83,297
11/30/2021 15:00,36859.63,21.11,7,0,3.07,6.27,144
11/30/2021 16:00,36859.67,18.33,7.2,0.89,3.61,5.8,22
11/30/2021 17:00,36859.71,17.22,8,0.89,0.45,10,0
11/30/2021 18:00,36859.76,15,8.2,1.79,0.8,10,0
11/30/2021 19:00,36859.8,13.89,8.4,3.13,1.17,10,0
11/30/2021 20:00,36859.84,13.33,8.5,3.58,1.13,10,0
11/30/2021 21:00,36859.88,12.78,7.4,4.02,1.1,10,0
11/30/2021 22:00,36859.92,12.78,6.8,3.58,0.91,10,0
11/30/2021 23:00,36859.97,12.22,6.4,3.58,0.93,10,0
12/1/2021 0:00,36860,12.22,5.8,4.02,0.86,10,0
12/1/2021 1:00,36860.04,12.22,5.4,3.58,0.77,10,0
12/1/2021 2:00,36860.08,11.67,4.6,3.13,1.03,10,0
12/1/2021 3:00,36860.13,11.11,4.2,3.13,1.06,10,0
12/1/2021 4:00,36860.17,11.11,4.4,3.13,1.01,10,0
12/1/2021 5:00,36860.21,11.11,4.1,3.58,0.8,10,0
12/1/2021 6:00,36860.25,10.56,3.8,1.79,1.73,10,1
12/1/2021 7:00,36860.29,11.11,5.3,2.68,1.01,0,65
12/1/2021 8:00,36860.34,13.33,8.9,1.79,0.59,0,218
12/1/2021 9:00,36860.38,16.67,8.5,0.45,0.09,0,362
12/1/2021 10:00,36860.42,18.33,9.3,0.89,3.8,0,462
12/1/2021 11:00,36860.46,20,9.2,0.89,3.39,0,502
12/1/2021 12:00,36860.5,20.56,8.9,0.89,6.09,0,492
12/1/2021 13:00,36860.55,20.56,8.6,0.89,0.58,0,423
12/1/2021 14:00,36860.59,21.67,7.7,0.45,0.1,3.31,303
12/1/2021 15:00,36860.63,23.33,7,0.45,5.22,5.65,152
12/1/2021 16:00,36860.67,20,7.1,0.45,4.03,3.82,24
12/1/2021 17:00,36860.71,16.67,7.8,0.89,0.44,10,0
12/1/2021 18:00,36860.76,16.67,7.8,1.34,0.19,10,0
12/1/2021 19:00,36860.8,15.56,8.4,1.34,0.75,10,0
12/1/2021 20:00,36860.84,13.89,8.2,2.24,1.01,10,0
12/1/2021 21:00,36860.88,13.89,7.2,2.24,0.73,10,0
12/1/2021 22:00,36860.92,13.33,6.7,3.13,1.03,10,0
12/1/2021 23:00,36860.97,12.78,5.5,4.02,0.89,10,0
12/2/2021 0:00,36861,13.33,5.2,3.58,0.91,10,0
12/2/2021 1:00,36861.04,12.22,5.4,3.58,1.36,10,0
12/2/2021 2:00,36861.08,12.78,4.5,3.58,0.96,10,0
12/2/2021 3:00,36861.13,12.22,4,2.24,1.06,10,0
12/2/2021 4:00,36861.17,12.22,3.8,1.34,0.89,10,0
12/2/2021 5:00,36861.21,11.67,3.9,0.89,1.22,10,0
12/2/2021 6:00,36861.25,12.22,4,0.89,0.89,10,1
12/2/2021 7:00,36861.29,11.67,5.1,1.34,0.63,0,67
12/2/2021 8:00,36861.34,13.33,8,2.24,1.1,0,236
12/2/2021 9:00,36861.38,15.56,8.1,0.89,0.52,3.06,305
12/2/2021 10:00,36861.42,18.33,8.3,0.89,5.11,0,444
12/2/2021 11:00,36861.46,20.56,8.7,0.89,3.39,0,505
12/2/2021 12:00,36861.5,21.11,8.7,0.45,4.89,0,524
12/2/2021 13:00,36861.55,21.67,8.6,0.45,5.62,0,444
12/2/2021 14:00,36861.59,21.67,8.2,0.89,4.68,5.31,265
12/2/2021 15:00,36861.63,20.56,8.1,0.89,4.71,8.54,100
12/2/2021 16:00,36861.67,18.33,7.9,1.79,4.54,7.43,16
12/2/2021 17:00,36861.71,16.67,8.4,0.89,0.17,10,0
12/2/2021 18:00,36861.76,16.11,8.9,1.79,0.93,10,0
12/2/2021 19:00,36861.8,15,9.3,1.79,0.66,10,0
12/2/2021 20:00,36861.84,13.89,9.7,2.24,0.86,10,0
12/2/2021 21:00,36861.88,13.89,9.8,2.68,1.06,10,0
12/2/2021 22:00,36861.92,13.89,9.1,3.13,0.94,10,0
12/2/2021 23:00,36861.97,13.33,8.1,3.58,0.7,10,0
12/3/2021 0:00,36862,13.33,7.5,3.13,1.05,10,0
12/3/2021 1:00,36862.04,12.78,6.3,4.02,1.22,10,0
12/3/2021 2:00,36862.08,12.22,5,2.24,0.75,10,0
12/3/2021 3:00,36862.13,11.67,4.8,0.89,1.15,10,0
12/3/2021 4:00,36862.17,11.11,4.2,3.58,0.91,10,0
12/3/2021 5:00,36862.21,11.11,4.6,4.47,0.84,10,0
12/3/2021 6:00,36862.25,10.56,4,3.58,1.29,10,1
12/3/2021 7:00,36862.29,10.56,4.9,2.68,1.1,0,52
12/3/2021 8:00,36862.34,13.33,8.7,0.89,3.49,0,200
12/3/2021 9:00,36862.38,15,9.1,0.89,5.64,0,327
12/3/2021 10:00,36862.42,17.78,9.4,0.89,3.86,0,442
12/3/2021 11:00,36862.46,18.89,10.1,0.45,3.53,0,493
12/3/2021 12:00,36862.5,20.56,10.3,0.45,4.07,0,477
12/3/2021 13:00,36862.55,21.67,9.8,0.45,4.07,2.74,397
12/3/2021 14:00,36862.59,21.11,9.3,0.89,3.54,4.56,279
12/3/2021 15:00,36862.63,20,9,0.45,3.18,6.41,138
12/3/2021 16:00,36862.67,17.78,9.1,0.89,3.91,3.08,22
12/3/2021 17:00,36862.71,16.11,9.4,1.34,4.38,10,0
12/3/2021 18:00,36862.76,14.44,9.8,1.79,0.96,10,0
12/3/2021 19:00,36862.8,13.89,9.9,1.79,1.43,10,0
12/3/2021 20:00,36862.84,12.78,9,2.24,1.03,10,0
12/3/2021 21:00,36862.88,12.22,7.3,3.58,0.87,10,0
12/3/2021 22:00,36862.92,11.67,6.9,2.68,0.96,10,0
12/3/2021 23:00,36862.97,12.78,6,3.13,1.06,10,0
12/4/2021 0:00,36863,11.67,5.1,3.13,1.2,10,0
12/4/2021 1:00,36863.04,11.67,4.7,4.02,1.24,10,0
12/4/2021 2:00,36863.08,10.56,4.7,2.68,1.33,10,0
12/4/2021 3:00,36863.13,10,4.7,1.79,1.17,10,0
12/4/2021 4:00,36863.17,8.33,3.9,1.34,1.73,10,0
12/4/2021 5:00,36863.21,3.89,4.2,1.79,3.86,10,0
12/4/2021 6:00,36863.25,2.78,4.6,0.89,3.54,10,1
12/4/2021 7:00,36863.29,3.33,4.7,1.79,3.89,0,23
12/4/2021 8:00,36863.34,5,5.6,1.34,3.87,9.6,75
12/4/2021 9:00,36863.38,7.22,6.6,0.89,3.58,8.68,164
12/4/2021 10:00,36863.42,11.11,7.6,0.89,5.71,8.45,223
12/4/2021 11:00,36863.46,13.33,9.3,0.89,3.8,5.65,368
12/4/2021 12:00,36863.5,12.78,9.8,1.79,5.06,7.54,293
12/4/2021 13:00,36863.55,11.67,10,2.68,4.14,8.66,213
12/4/2021 14:00,36863.59,11.67,10.1,2.24,4.47,9.16,146
12/4/2021 15:00,36863.63,10,10,1.79,4.4,9.47,78
12/4/2021 16:00,36863.67,8.89,9.6,1.34,4.42,7.01,15
12/4/2021 17:00,36863.71,8.33,9.5,1.79,4.42,10,0
12/4/2021 18:00,36863.76,8.89,9.1,1.34,4.45,10,0
12/4/2021 19:00,36863.8,8.89,8.9,0.45,3,10,0
12/4/2021 20:00,36863.84,8.89,8.9,0.89,3.86,10,0
12/4/2021 21:00,36863.88,8.33,8.9,0.45,3.89,10,0
12/4/2021 22:00,36863.92,8.33,8.9,0.89,3.11,10,0
12/4/2021 23:00,36863.97,11.11,8.9,3.58,1.2,10,0
12/5/2021 0:00,36864,8.33,8.8,1.79,1.64,10,0
12/5/2021 1:00,36864.04,8.33,8.5,0.45,5.64,10,0
12/5/2021 2:00,36864.08,8.33,8.4,0.89,1.66,10,0
12/5/2021 3:00,36864.13,7.78,8.4,0.45,1.9,10,0
12/5/2021 4:00,36864.17,8.33,8.4,0.45,3.86,10,0
12/5/2021 5:00,36864.21,8.33,8.5,1.34,1.66,10,0
12/5/2021 6:00,36864.25,7.78,8.6,0.89,3.8,10,0
12/5/2021 7:00,36864.29,7.78,8.4,0.45,1.69,10,7
12/5/2021 8:00,36864.34,7.78,8.4,1.34,1.82,10,21
12/5/2021 9:00,36864.38,8.33,8.6,1.79,1.82,10,38
12/5/2021 10:00,36864.42,8.33,8.8,1.34,1.38,10,45
12/5/2021 11:00,36864.46,8.89,8.9,2.24,1.82,10,57
12/5/2021 12:00,36864.5,8.89,9,0.45,1.78,10,59
12/5/2021 13:00,36864.55,8.89,9.3,0.89,3.12,10,62
12/5/2021 14:00,36864.59,8.89,9.4,0.89,2.29,10,36
12/5/2021 15:00,36864.63,8.89,9.4,1.79,3.33,10,23
12/5/2021 16:00,36864.67,8.33,9.3,1.79,0.8,10,4
12/5/2021 17:00,36864.71,8.33,9.1,0.89,1.75,10,0
12/5/2021 18:00,36864.76,8.33,8.8,1.34,1.62,10,0
12/5/2021 19:00,36864.8,7.78,8.6,0.45,4.83,10,0
12/5/2021 20:00,36864.84,7.78,8.4,0.45,3.75,10,0
12/5/2021 21:00,36864.88,7.78,8,1.79,1.57,10,0
12/5/2021 22:00,36864.92,7.78,7.8,0.89,2.23,10,0
12/5/2021 23:00,36864.97,8.33,7.5,0.45,2.15,10,0
12/6/2021 0:00,36865,7.22,7.4,0.89,3.07,10,0
12/6/2021 1:00,36865.04,7.22,7.3,0.89,3.63,10,0
12/6/2021 2:00,36865.08,7.22,7.1,0.89,3.35,10,0
12/6/2021 3:00,36865.13,7.22,7.1,1.34,3.4,10,0
12/6/2021 4:00,36865.17,7.22,7.1,0.45,4.14,10,0
12/6/2021 5:00,36865.21,7.22,7.2,1.34,3.3,10,0
12/6/2021 6:00,36865.25,7.22,7.1,0.89,3.51,10,0
12/6/2021 7:00,36865.29,7.22,7.1,0.45,2.06,9.99,7
12/6/2021 8:00,36865.34,7.22,7.2,1.79,3.23,10,32
12/6/2021 9:00,36865.38,7.22,7.5,0.89,3.18,10,54
12/6/2021 10:00,36865.42,7.78,7.8,0.45,3.28,10,70
12/6/2021 11:00,36865.46,7.22,7.9,0.89,2.98,10,61
12/6/2021 12:00,36865.5,7.78,7.9,0.89,3.33,10,65
12/6/2021 13:00,36865.55,7.78,8,0.45,4.05,10,58
12/6/2021 14:00,36865.59,7.78,8.1,0.89,3.89,10,44
12/6/2021 15:00,36865.63,7.78,8.1,0.89,3.6,10,22
12/6/2021 16:00,36865.67,7.22,8.1,0.89,3.93,10,4
12/6/2021 17:00,36865.71,7.22,8.1,0.45,3.05,10,0
12/6/2021 18:00,36865.76,7.22,8.1,0,4.05,10,0
12/6/2021 19:00,36865.8,7.22,8.1,1.34,0.8,10,0
12/6/2021 20:00,36865.84,7.78,8,0.45,3.16,10,0
12/6/2021 21:00,36865.88,7.22,7.9,0.89,3.6,10,0
12/6/2021 22:00,36865.92,7.22,7.8,1.34,4.35,10,0
12/6/2021 23:00,36865.97,7.78,8.1,0.89,2.2,10,0
12/7/2021 0:00,36866,7.22,8.1,0.89,3.89,10,0
12/7/2021 1:00,36866.04,7.22,7.9,0.89,3.53,10,0
12/7/2021 2:00,36866.08,7.22,7.5,0.45,3.94,10,0
12/7/2021 3:00,36866.13,7.22,7.6,0.45,2.95,10,0
12/7/2021 4:00,36866.17,7.22,7.7,3.13,1.29,10,0
12/7/2021 5:00,36866.21,7.22,7.9,0.45,5.64,10,0
12/7/2021 6:00,36866.25,7.78,7.9,1.79,1.8,10,0
12/7/2021 7:00,36866.29,7.78,7.9,1.34,3.54,9.81,7
12/7/2021 8:00,36866.34,8.33,8.2,0.45,5.15,10,32
12/7/2021 9:00,36866.38,8.33,8.5,0.89,0.72,10,68
12/7/2021 10:00,36866.42,8.89,8,0.89,3.14,10,144
12/7/2021 11:00,36866.46,9.44,7.9,0.89,1.43,10,133
12/7/2021 12:00,36866.5,10,8,1.34,3.4,9.79,173
12/7/2021 13:00,36866.55,10.56,7.7,0.89,3.35,6.64,293
12/7/2021 14:00,36866.59,11.67,7.4,0.45,1.24,4.75,270
12/7/2021 15:00,36866.63,11.11,7.5,0.45,1.83,6.4,134
12/7/2021 16:00,36866.67,9.44,7.4,1.34,4.54,5.98,14
12/7/2021 17:00,36866.71,9.44,7.2,0.45,4.68,10,0
12/7/2021 18:00,36866.76,8.89,6.9,0.45,4.71,10,0
12/7/2021 19:00,36866.8,9.44,6.6,0.89,5.57,10,0
12/7/2021 20:00,36866.84,8.89,5.3,0.89,1.27,10,0
12/7/2021 21:00,36866.88,8.33,4.8,1.34,1.78,10,0
12/7/2021 22:00,36866.92,7.78,3.6,1.34,1.38,10,0
12/7/2021 23:00,36866.97,7.78,3.5,0.89,5.5,10,0
12/8/2021 0:00,36867,6.67,3.6,0.89,1.47,10,0
12/8/2021 1:00,36867.04,7.78,3.5,2.24,0.89,10,0
12/8/2021 2:00,36867.08,6.67,4.5,2.24,1.78,10,0
12/8/2021 3:00,36867.13,6.67,4.4,0.89,2.04,10,0
12/8/2021 4:00,36867.17,5.56,4.5,1.34,4.1,10,0
12/8/2021 5:00,36867.21,6.67,4.4,0.45,5.76,10,0
12/8/2021 6:00,36867.25,7.22,4.3,2.68,0.7,10,1
12/8/2021 7:00,36867.29,8.61,4.6,2.01,1.34,0,29
12/8/2021 8:00,36867.34,10,5.6,1.34,1.99,6.93,125
12/8/2021 9:00,36867.38,12.22,7.8,1.34,1.95,0,319
12/8/2021 10:00,36867.42,12.78,9.8,1.79,3.49,0,430
12/8/2021 11:00,36867.46,15,9.1,1.34,2.91,0,476
12/8/2021 12:00,36867.5,15,8.3,1.34,4.07,0,463
12/8/2021 13:00,36867.55,15,8.4,1.79,5.27,2.48,393
12/8/2021 14:00,36867.59,17.22,8.5,0.45,1.36,4.48,274
12/8/2021 15:00,36867.63,15.56,8.4,1.79,3.56,6.67,129
12/8/2021 16:00,36867.67,12.78,8.4,0.89,4.63,0,22
12/8/2021 17:00,36867.71,12.78,8.5,2.68,5.78,10,0
12/8/2021 18:00,36867.76,12.78,8.9,2.68,0.73,10,0
12/8/2021 19:00,36867.8,12.22,8.9,1.79,1.13,10,0
12/8/2021 20:00,36867.84,11.11,9.4,0.89,3.56,10,0
12/8/2021 21:00,36867.88,10.56,9.7,0.45,3.87,10,0
12/8/2021 22:00,36867.92,11.11,9.6,0.89,0.33,10,0
12/8/2021 23:00,36867.97,7.22,9.4,3.13,1.48,10,0
12/9/2021 0:00,36868,11.67,9.6,1.34,5.92,10,0
12/9/2021 1:00,36868.04,12.22,9.7,0.89,6.16,10,0
12/9/2021 2:00,36868.08,11.67,9.7,0.89,5.43,10,0
12/9/2021 3:00,36868.13,10,10.2,0.89,4.14,10,0
12/9/2021 4:00,36868.17,9.44,10.2,1.34,3.14,10,0
12/9/2021 5:00,36868.21,9.44,10,0.45,5.24,10,0
12/9/2021 6:00,36868.25,9.44,9.9,4.02,4.33,10,0
12/9/2021 7:00,36868.29,8.89,9.6,4.02,4.5,8.36,9
12/9/2021 8:00,36868.34,8.89,9.3,1.79,4.38,10,20
12/9/2021 9:00,36868.38,8.33,9.4,1.79,4.42,10,73
12/9/2021 10:00,36868.42,8.89,9.2,2.24,5.36,10,44
12/9/2021 11:00,36868.46,9.44,9.6,2.68,0.14,10,156
12/9/2021 12:00,36868.5,10.56,9.3,2.24,0.91,7.4,294
12/9/2021 13:00,36868.55,11.11,7.8,1.79,4.76,7.32,266
12/9/2021 14:00,36868.59,10.56,7.2,2.24,5.2,9.13,144
12/9/2021 15:00,36868.63,10.56,7.3,2.68,4.87,10,58
12/9/2021 16:00,36868.67,10,7.6,1.79,5.03,10,5
12/9/2021 17:00,36868.71,10,8,0.89,4.63,10,0
12/9/2021 18:00,36868.76,9.44,8.3,1.34,4.15,10,0
12/9/2021 19:00,36868.8,8.89,8.3,0.89,4.05,10,0
12/9/2021 20:00,36868.84,8.33,6.9,0.89,4.05,10,0
12/9/2021 21:00,36868.88,7.78,6.2,0.89,3.91,10,0
12/9/2021 22:00,36868.92,7.22,6.5,0.89,4.45,10,0
12/9/2021 23:00,36868.97,11.11,5.2,0.89,5.22,10,0
12/10/2021 0:00,36869,6.67,6.7,1.34,3.96,10,0
12/10/2021 1:00,36869.04,6.11,6.9,1.79,4.28,10,0
12/10/2021 2:00,36869.08,6.67,5.9,1.34,0.91,10,0
12/10/2021 3:00,36869.13,7.22,5.9,1.79,0.89,10,0
12/10/2021 4:00,36869.17,6.11,5.7,1.34,3.68,10,0
12/10/2021 5:00,36869.21,5.56,5.6,1.79,3.32,10,0
12/10/2021 6:00,36869.25,5.56,5.3,0.45,3.65,10,1
12/10/2021 7:00,36869.29,6.11,5.5,0.89,1.92,0,17
12/10/2021 8:00,36869.34,7.78,6.2,2.24,1.78,9.46,75
12/10/2021 9:00,36869.38,8.89,7.5,0.89,3.35,9.99,110
12/10/2021 10:00,36869.42,8.89,8.2,1.79,3.47,10,139
12/10/2021 11:00,36869.46,10.56,9.8,1.79,1.87,0,500
12/10/2021 12:00,36869.5,11.11,8.2,0.45,4.01,6.14,344
12/10/2021 13:00,36869.55,12.78,7.7,0.45,4.83,0,454
12/10/2021 14:00,36869.59,12.78,7,1.34,4.29,4.69,268
12/10/2021 15:00,36869.63,12.22,6.8,0.89,4.45,4.06,160
12/10/2021 16:00,36869.67,10.56,6.9,0.45,4.29,0,30
12/10/2021 17:00,36869.71,10,7.2,0.45,3.35,10,0
12/10/2021 18:00,36869.76,10,7.1,0.45,5.9,10,0
12/10/2021 19:00,36869.8,8.89,5.9,1.79,1.03,10,0
12/10/2021 20:00,36869.84,8.89,5.3,2.24,1.27,10,0
12/10/2021 21:00,36869.88,8.89,4.6,3.13,1.12,10,0
12/10/2021 22:00,36869.92,8.33,3.7,1.34,0.75,10,0
12/10/2021 23:00,36869.97,7.22,3.3,0.45,3.56,10,0
12/11/2021 0:00,36870,7.78,2.6,0.89,0.89,10,0
12/11/2021 1:00,36870.04,7.22,1.8,1.79,1.61,10,0
12/11/2021 2:00,36870.08,7.22,2.3,2.24,1.19,10,0
12/11/2021 3:00,36870.13,6.67,1.9,3.13,1.05,10,0
12/11/2021 4:00,36870.17,6.67,1.2,3.58,0.93,10,0
12/11/2021 5:00,36870.21,6.11,1.1,3.58,0.87,10,0
12/11/2021 6:00,36870.25,6.67,1.3,3.13,1.24,10,1
12/11/2021 7:00,36870.29,6.67,0.8,4.02,1.05,0,44
12/11/2021 8:00,36870.34,9.44,5.1,2.46,0.82,0,190
12/11/2021 9:00,36870.38,12.22,7.4,0.89,0.59,0,343
12/11/2021 10:00,36870.42,12.78,8,0.45,4.5,0,448
12/11/2021 11:00,36870.46,12.22,7.7,0.89,3.65,0,502
12/11/2021 12:00,36870.5,14.44,7,0.45,1.94,0,493
12/11/2021 13:00,36870.55,14.44,6.6,0.45,1.47,0,415
12/11/2021 14:00,36870.59,13.89,6.3,0.45,3.44,2.6,298
12/11/2021 15:00,36870.63,13.33,6.2,0.89,2.98,2.97,168
12/11/2021 16:00,36870.67,11.11,6.1,1.79,3.11,0,32
12/11/2021 17:00,36870.71,10.56,6.2,1.34,1.55,10,0
12/11/2021 18:00,36870.76,10.56,5.9,1.79,1.1,10,0
12/11/2021 19:00,36870.8,9.44,5.4,2.24,1.1,10,0
12/11/2021 20:00,36870.84,8.33,4.8,2.68,0.91,10,0
12/11/2021 21:00,36870.88,8.33,3.8,3.13,1.17,10,0
12/11/2021 22:00,36870.92,7.22,3.3,3.58,1.03,10,0
12/11/2021 23:00,36870.97,8.33,3,0.89,0.44,10,0
12/12/2021 0:00,36871,7.78,2.3,4.47,0.84,10,0
12/12/2021 1:00,36871.04,7.78,2,4.47,1.15,10,0
12/12/2021 2:00,36871.08,7.22,1,4.02,1.2,10,0
12/12/2021 3:00,36871.13,7.22,0.6,3.58,1.26,10,0
12/12/2021 4:00,36871.17,7.78,0.2,3.58,1.26,10,0
12/12/2021 5:00,36871.21,7.78,0.2,3.58,1.26,10,0
12/12/2021 6:00,36871.25,7.78,1.2,1.79,1.38,10,1
12/12/2021 7:00,36871.29,8.33,3.7,1.34,1.8,0,51
12/12/2021 8:00,36871.34,8.89,5.3,1.34,1.8,9.7,69
12/12/2021 9:00,36871.38,10.56,6.1,0.45,3.39,7.44,199
12/12/2021 10:00,36871.42,12.78,6.2,0.45,6.06,5.41,328
12/12/2021 11:00,36871.46,13.89,5.8,0.45,3.07,7.45,290
12/12/2021 12:00,36871.5,13.33,5,1.79,5.2,6.34,335
12/12/2021 13:00,36871.55,13.89,4,0.89,2.36,7.52,256
12/12/2021 14:00,36871.59,13.33,4.7,1.34,3.28,8.87,152
12/12/2021 15:00,36871.63,12.78,5,2.24,1.64,10,47
12/12/2021 16:00,36871.67,12.78,5.6,2.24,1.48,7.92,8
12/12/2021 17:00,36871.71,13.33,5.4,1.79,1.24,10,0
12/12/2021 18:00,36871.76,13.33,6.2,2.68,1.71,10,0
12/12/2021 19:00,36871.8,13.89,6.6,2.68,1.83,10,0
12/12/2021 20:00,36871.84,12.78,8.7,1.34,2.43,10,0
12/12/2021 21:00,36871.88,12.78,7.9,1.79,0.56,10,0
12/12/2021 22:00,36871.92,12.78,6.5,2.24,1.47,10,0
12/12/2021 23:00,36871.97,7.22,5.7,3.58,0.99,10,0
12/13/2021 0:00,36872,12.78,6.2,2.68,1.97,10,0
12/13/2021 1:00,36872.04,12.22,5.6,4.02,1.52,10,0
12/13/2021 2:00,36872.08,12.78,5.5,1.79,1.59,10,0
12/13/2021 3:00,36872.13,11.67,5.5,4.47,1.68,10,0
12/13/2021 4:00,36872.17,11.67,5.8,2.68,2.04,10,0
12/13/2021 5:00,36872.21,11.67,6.3,3.58,1.88,10,0
12/13/2021 6:00,36872.25,11.11,5.6,5.36,1.73,10,0
12/13/2021 7:00,36872.29,11.11,4.7,6.71,1.68,9.74,5
12/13/2021 8:00,36872.34,10.56,4.8,6.71,1.68,10,11
12/13/2021 9:00,36872.38,10,6.6,2.68,2.32,10,34
12/13/2021 10:00,36872.42,11.11,7.2,2.24,1.87,10,52
12/13/2021 11:00,36872.46,11.67,7.5,8.05,1.45,10,85
12/13/2021 12:00,36872.5,12.22,5.8,7.15,1.8,10,58
12/13/2021 13:00,36872.55,12.78,5.5,6.71,1.94,10,65
12/13/2021 14:00,36872.59,13.33,6.2,4.92,2.2,10,66
12/13/2021 15:00,36872.63,11.11,6,5.81,1.57,10,24
12/13/2021 16:00,36872.67,11.11,6.6,5.36,1.95,10,4
12/13/2021 17:00,36872.71,10.56,6.9,7.15,1.34,10,0
12/13/2021 18:00,36872.76,11.67,6.8,7.6,1.75,10,0
12/13/2021 19:00,36872.8,10.56,7.9,8.94,1.76,10,0
12/13/2021 20:00,36872.84,11.11,8.7,4.47,1.87,10,0
12/13/2021 21:00,36872.88,11.11,8.8,1.79,4.56,10,0
12/13/2021 22:00,36872.92,10.56,9.1,6.26,1.76,10,0
12/13/2021 23:00,36872.97,12.78,9.5,1.34,3.28,10,0
12/14/2021 0:00,36873,10,9.9,6.26,1.94,10,0
12/14/2021 1:00,36873.04,10,10.2,1.79,3.42,10,0
12/14/2021 2:00,36873.08,10,10.3,2.68,2.16,10,0
12/14/2021 3:00,36873.13,10.56,10.4,2.24,2.04,10,0
12/14/2021 4:00,36873.17,6.67,9.6,6.71,5.45,10,0
12/14/2021 5:00,36873.21,7.22,7.1,5.36,6.16,10,0
12/14/2021 6:00,36873.25,7.22,7,5.36,0.49,10,0
12/14/2021 7:00,36873.29,6.67,7,5.81,0.31,9.58,5
12/14/2021 8:00,36873.34,6.11,7,6.71,0.77,10,15
12/14/2021 9:00,36873.38,6.11,6.2,4.02,0.63,10,31
12/14/2021 10:00,36873.42,6.11,6.5,2.68,1.85,10,36
12/14/2021 11:00,36873.46,6.67,6.8,0.89,3.6,10,60
12/14/2021 12:00,36873.5,6.11,6.8,2.24,3.86,10,46
12/14/2021 13:00,36873.55,6.11,6.2,1.34,5.38,10,41
12/14/2021 14:00,36873.59,6.11,6.1,1.79,6.09,10,53
12/14/2021 15:00,36873.63,6.11,6.5,1.34,4.14,10,49
12/14/2021 16:00,36873.67,6.11,6.6,3.13,5.67,0,30
12/14/2021 17:00,36873.71,6.11,5.8,2.68,5.32,10,0
12/14/2021 18:00,36873.76,6.11,4.9,1.34,0.19,10,0
12/14/2021 19:00,36873.8,6.67,3.9,1.34,5.55,10,0
12/14/2021 20:00,36873.84,4.44,2.8,1.79,3.39,10,0
12/14/2021 21:00,36873.88,3.89,3.6,0.89,3.02,10,0
12/14/2021 22:00,36873.92,3.89,3.6,1.79,2.41,10,0
12/14/2021 23:00,36873.97,10,3.7,5.36,1.8,10,0
12/15/2021 0:00,36874,4.44,3.1,2.68,1.95,10,0
12/15/2021 1:00,36874.04,4.44,1.8,0.89,1.66,10,0
12/15/2021 2:00,36874.08,4.44,0.9,1.79,3.33,10,0
12/15/2021 3:00,36874.13,4.44,0.7,2.24,1.62,10,0
12/15/2021 4:00,36874.17,3.89,1,1.79,1.95,10,0
12/15/2021 5:00,36874.21,3.89,1.7,1.79,1.68,10,0
12/15/2021 6:00,36874.25,4.44,2,1.79,1.62,10,1
12/15/2021 7:00,36874.29,3.89,2.7,0.89,2.81,0,18
12/15/2021 8:00,36874.34,7.22,4.7,0.45,2.55,0.61,175
12/15/2021 9:00,36874.38,8.89,5.5,1.34,1.75,0,392
12/15/2021 10:00,36874.42,8.33,5.7,0.89,2.72,0,458
12/15/2021 11:00,36874.46,9.44,5.5,1.79,3.19,0,546
12/15/2021 12:00,36874.5,10,5,1.34,3.14,0,508
12/15/2021 13:00,36874.55,10,4.1,0.45,4.1,1.57,396
12/15/2021 14:00,36874.59,10,3.7,0.89,2.53,2.6,295
12/15/2021 15:00,36874.63,8.89,3.4,1.34,2.74,3.41,162
12/15/2021 16:00,36874.67,7.22,3.3,1.79,1.83,0,17
12/15/2021 17:00,36874.71,7.22,3.3,0.89,2.39,10,0
12/15/2021 18:00,36874.76,7.22,3.1,4.02,1.47,10,0
12/15/2021 19:00,36874.8,7.22,3.1,2.24,1.31,10,0
12/15/2021 20:00,36874.84,7.78,3.5,4.47,1.78,10,0
12/15/2021 21:00,36874.88,7.78,3,4.02,1.61,10,0
12/15/2021 22:00,36874.92,8.33,3,6.26,1.62,10,0
12/15/2021 23:00,36874.97,5,2.9,2.68,1.5,10,0
12/16/2021 0:00,36875,8.33,2.9,0.89,2.13,10,0
12/16/2021 1:00,36875.04,8.33,2.6,3.58,1.78,10,0
12/16/2021 2:00,36875.08,8.33,2.2,4.02,1.85,10,0
12/16/2021 3:00,36875.13,9.44,1.6,2.68,2.04,10,0
12/16/2021 4:00,36875.17,8.33,0.6,5.36,1.8,10,0
12/16/2021 5:00,36875.21,7.78,1.2,2.68,1.83,10,0
12/16/2021 6:00,36875.25,7.22,0.5,3.13,1.43,10,0
12/16/2021 7:00,36875.29,7.22,2.1,4.47,1.26,6.72,8
12/16/2021 8:00,36875.34,7.78,4.2,1.79,1.88,10,42
12/16/2021 9:00,36875.38,8.33,6,5.36,1.66,9.72,119
12/16/2021 10:00,36875.42,10,7.7,3.13,1.33,8.92,194
12/16/2021 11:00,36875.46,10.56,8.6,1.34,2.9,9,213
12/16/2021 12:00,36875.5,10.56,9.3,2.24,2.95,7.61,281
12/16/2021 13:00,36875.55,12.22,9,0.89,3.28,7.9,239
12/16/2021 14:00,36875.59,11.11,8.5,1.79,4.54,9.48,128
12/16/2021 15:00,36875.63,10.56,8.4,2.68,4.49,9.13,80
12/16/2021 16:00,36875.67,8.33,8.5,2.68,4.08,0,25
12/16/2021 17:00,36875.71,8.89,8.4,2.68,4.89,10,0
12/16/2021 18:00,36875.76,8.89,8.1,1.79,4.8,10,0
12/16/2021 19:00,36875.8,7.22,7.4,1.79,4.71,10,0
12/16/2021 20:00,36875.84,6.67,7.1,2.24,4.28,10,0
12/16/2021 21:00,36875.88,6.67,6.9,1.34,4.07,10,0
12/16/2021 22:00,36875.92,6.11,7,1.34,4.22,10,0
12/16/2021 23:00,36875.97,8.33,7,3.58,1.87,10,0
12/17/2021 0:00,36876,6.11,6.5,0.89,3.44,10,0
12/17/2021 1:00,36876.04,6.11,6.2,1.34,4.78,10,0
12/17/2021 2:00,36876.08,6.11,5.9,0.89,4.28,10,0
12/17/2021 3:00,36876.13,6.11,5.9,1.34,4.03,10,0
12/17/2021 4:00,36876.17,6.11,5.9,0.89,4.14,10,0
12/17/2021 5:00,36876.21,6.11,5.9,1.34,4.24,10,0
12/17/2021 6:00,36876.25,6.11,6,0.89,4.05,10,0
12/17/2021 7:00,36876.29,6.67,5.9,3.13,0.24,8.32,6
12/17/2021 8:00,36876.34,6.67,5.8,1.79,0.35,10,28
12/17/2021 9:00,36876.38,7.22,6,1.34,3.4,10,55
12/17/2021 10:00,36876.42,7.78,6.3,1.79,3.7,10,84
12/17/2021 11:00,36876.46,8.33,6.8,1.79,4.15,10,108
12/17/2021 12:00,36876.5,8.33,7.5,1.34,3.82,10,129
12/17/2021 13:00,36876.55,8.33,7.5,1.34,3.63,8.61,208
12/17/2021 14:00,36876.59,8.33,6.9,0.45,2.98,8.59,160
12/17/2021 15:00,36876.63,8.33,6.7,0,3.61,10,39
12/17/2021 16:00,36876.67,8.33,6.5,0.89,3.77,0,12
12/17/2021 17:00,36876.71,8.33,6.4,0.45,3.46,10,0
12/17/2021 18:00,36876.76,7.78,6.6,0.89,4.03,10,0
12/17/2021 19:00,36876.8,7.78,6.7,0.89,4.22,10,0
12/17/2021 20:00,36876.84,7.78,6.7,0.45,3.82,10,0
12/17/2021 21:00,36876.88,7.22,6.6,1.34,3.98,10,0
12/17/2021 22:00,36876.92,7.22,6.6,1.34,4.08,10,0
12/17/2021 23:00,36876.97,6.11,6.1,1.34,3.86,10,0
12/18/2021 0:00,36877,6.67,6.2,0.89,3.87,10,0
12/18/2021 1:00,36877.04,6.67,6.5,0.45,2.98,10,0
12/18/2021 2:00,36877.08,6.67,6.3,0.89,4.26,10,0
12/18/2021 3:00,36877.13,6.67,6.5,0.45,3.84,10,0
12/18/2021 4:00,36877.17,6.11,6.4,0.89,3.53,10,0
12/18/2021 5:00,36877.21,5,6.4,0.89,3.86,10,0
12/18/2021 6:00,36877.25,6.11,6.1,0.45,1.03,10,1
12/18/2021 7:00,36877.29,6.67,6,0.89,3.82,0,15
12/18/2021 8:00,36877.34,6.67,5.8,0.89,4.29,9.68,68
12/18/2021 9:00,36877.38,7.78,4.7,0.45,4.99,9.73,118
12/18/2021 10:00,36877.42,7.78,4.4,0.45,2.53,9.12,184
12/18/2021 11:00,36877.46,7.22,4.5,1.79,5.06,9.17,204
12/18/2021 12:00,36877.5,7.78,4.6,0.89,4,9.17,204
12/18/2021 13:00,36877.55,10.56,4.8,0.89,3.72,7.59,251
12/18/2021 14:00,36877.59,9.44,4.8,0.45,3.14,3.17,287
12/18/2021 15:00,36877.63,8.33,4.5,0.89,3.3,4.3,153
12/18/2021 16:00,36877.67,7.22,4.5,0.45,3.65,0,29
12/18/2021 17:00,36877.71,7.22,4.2,0.45,3.02,10,0
12/18/2021 18:00,36877.76,5.56,4.2,0.89,3.32,10,0
12/18/2021 19:00,36877.8,5,3.5,0.45,4.83,10,0
12/18/2021 20:00,36877.84,5.56,3,0.45,3.98,10,0
12/18/2021 21:00,36877.88,5.56,2.4,2.68,1.22,10,0
12/18/2021 22:00,36877.92,3.89,1.7,1.34,1.95,10,0
12/18/2021 23:00,36877.97,7.22,0.9,0.45,3.19,10,0
12/19/2021 0:00,36878,5.56,0.6,3.58,0.89,10,0
12/19/2021 1:00,36878.04,5,-0.1,3.13,1.31,10,0
12/19/2021 2:00,36878.08,5,-0.7,2.68,1.52,10,0
12/19/2021 3:00,36878.13,5,-0.7,4.47,0.89,10,0
12/19/2021 4:00,36878.17,3.89,-1,2.24,0.82,10,0
12/19/2021 5:00,36878.21,4.44,-1.4,3.13,1.31,10,0
12/19/2021 6:00,36878.25,3.89,-1,2.68,1.15,10,1
12/19/2021 7:00,36878.29,4.44,-1,2.24,1.29,0,46
12/19/2021 8:00,36878.34,7.22,1.7,1.79,1.83,0,206
12/19/2021 9:00,36878.38,7.78,4.8,0.45,1.88,0,348
12/19/2021 10:00,36878.42,9.44,6.3,0.89,5.57,0,457
12/19/2021 11:00,36878.46,11.11,6.1,0.89,4.87,0,519
12/19/2021 12:00,36878.5,13.33,6.6,1.79,3.96,0,516
12/19/2021 13:00,36878.55,14.44,6,1.79,3.89,0,453
12/19/2021 14:00,36878.59,15,4.4,0.89,3.8,0,332
12/19/2021 15:00,36878.63,14.44,5,0.89,3.7,0,175
12/19/2021 16:00,36878.67,10.56,6.8,0.89,3.61,0,34
12/19/2021 17:00,36878.71,7.78,6.4,2.24,4.07,10,0
12/19/2021 18:00,36878.76,3.89,5.3,3.13,4.56,10,0
12/19/2021 19:00,36878.8,4.44,5.1,1.79,4.31,10,0
12/19/2021 20:00,36878.84,4.44,4.5,2.24,4.22,10,0
12/19/2021 21:00,36878.88,3.89,4.7,1.34,4.35,10,0
12/19/2021 22:00,36878.92,3.89,4.8,0.89,4.75,10,0
12/19/2021 23:00,36878.97,5.56,4.9,0.89,1.59,10,0
12/20/2021 0:00,36879,3.33,4.6,0.89,1.69,10,0
12/20/2021 1:00,36879.04,3.33,4.5,1.79,0.77,10,0
12/20/2021 2:00,36879.08,3.33,4.4,1.34,4.59,10,0
12/20/2021 3:00,36879.13,2.78,4.3,1.34,3.86,10,0
12/20/2021 4:00,36879.17,2.78,4.3,1.34,4.45,10,0
12/20/2021 5:00,36879.21,2.78,4.2,2.68,4.83,10,0
12/20/2021 6:00,36879.25,2.78,4.2,1.79,6.23,10,0
12/20/2021 7:00,36879.29,2.78,4.1,0.89,3.25,5.69,8
12/20/2021 8:00,36879.34,2.78,3.6,1.79,3.47,10,27
12/20/2021 9:00,36879.38,3.33,3.8,0.89,3.4,10,48
12/20/2021 10:00,36879.42,3.89,4.2,2.24,3.05,10,72
12/20/2021 11:00,36879.46,3.89,4.2,2.68,3.82,10,69
12/20/2021 12:00,36879.5,3.89,4.2,1.79,3.68,10,84
12/20/2021 13:00,36879.55,4.44,4.5,1.34,2.2,10,86
12/20/2021 14:00,36879.59,4.44,4.6,0.45,3.61,10,46
12/20/2021 15:00,36879.63,4.44,4.7,0.89,3.96,10,27
12/20/2021 16:00,36879.67,4.44,4.7,0.89,3.53,7.89,6
12/20/2021 17:00,36879.71,3.89,4.7,0.45,2.41,10,0
12/20/2021 18:00,36879.76,3.89,4.9,1.34,4.4,10,0
12/20/2021 19:00,36879.8,3.89,4.9,0.89,3.33,10,0
12/20/2021 20:00,36879.84,3.89,4.9,0.89,3.63,10,0
12/20/2021 21:00,36879.88,3.89,4.9,0.89,3.42,10,0
12/20/2021 22:00,36879.92,3.89,5,0.45,3.47,10,0
12/20/2021 23:00,36879.97,3.89,4.9,1.34,1.52,10,0
12/21/2021 0:00,36880,3.89,4.6,0.45,3.33,10,0
12/21/2021 1:00,36880.04,3.89,4.4,0.89,3.82,10,0
12/21/2021 2:00,36880.08,3.89,4.3,0.89,3.18,10,0
12/21/2021 3:00,36880.13,3.33,4.1,0.89,3.53,10,0
12/21/2021 4:00,36880.17,3.33,4.1,1.34,3.89,10,0
12/21/2021 5:00,36880.21,3.33,4.1,1.34,3.87,10,0
12/21/2021 6:00,36880.25,2.78,4.2,1.79,4.76,10,0
12/21/2021 7:00,36880.29,2.22,4.3,1.34,1.64,3.98,9
12/21/2021 8:00,36880.34,2.22,4.2,0.89,4.4,10,34
12/21/2021 9:00,36880.38,3.33,3.9,1.79,1.97,10,63
12/21/2021 10:00,36880.42,4.44,3.9,0.89,3.05,9.79,151
12/21/2021 11:00,36880.46,3.89,4.6,1.79,5.95,10,145
12/21/2021 12:00,36880.5,6.11,4.8,0.89,5.9,8.8,223
12/21/2021 13:00,36880.55,7.78,4.8,0,4.83,2.43,385
12/21/2021 14:00,36880.59,10,4.3,0.89,3.56,0,321
12/21/2021 15:00,36880.63,7.78,4,2.24,4.33,3.04,163
12/21/2021 16:00,36880.67,5.56,4.4,1.79,4.31,0,17
12/21/2021 17:00,36880.71,5.56,4.2,0.45,3.21,10,0
12/21/2021 18:00,36880.76,4.44,3.9,1.34,3.46,10,0
12/21/2021 19:00,36880.8,3.33,3.3,0.89,3.11,10,0
12/21/2021 20:00,36880.84,3.33,2.7,2.68,1.5,10,0
12/21/2021 21:00,36880.88,3.89,1.9,0.45,5.38,10,0
12/21/2021 22:00,36880.92,3.89,2.2,0.89,3.74,10,0
12/21/2021 23:00,36880.97,3.89,3.3,1.79,2.01,10,0
12/22/2021 0:00,36881,3.33,3.5,1.34,2.13,10,0
12/22/2021 1:00,36881.04,3.89,3.7,0.45,1.57,10,0
12/22/2021 2:00,36881.08,6.11,4,4.02,0.51,10,0
12/22/2021 3:00,36881.13,6.11,4.4,2.68,1.31,10,0
12/22/2021 4:00,36881.17,4.44,4.8,2.24,3.42,10,0
12/22/2021 5:00,36881.21,7.22,5.1,2.24,1.76,10,0
12/22/2021 6:00,36881.25,6.67,5.4,0.89,2.11,10,0
12/22/2021 7:00,36881.29,8.89,5.9,1.34,2.06,0,11
12/22/2021 8:00,36881.34,10,6.9,1.34,0.99,10,30
12/22/2021 9:00,36881.38,9.44,7.1,0.89,3.28,10,63
12/22/2021 10:00,36881.42,11.11,6.9,1.34,1.54,10,85
12/22/2021 11:00,36881.46,12.78,6.3,1.34,1.92,10,109
12/22/2021 12:00,36881.5,12.22,6.6,0.89,1.78,10,74
12/22/2021 13:00,36881.55,11.11,8,4.02,1.24,10,79
12/22/2021 14:00,36881.59,12.22,7.2,4.47,1.61,10,68
12/22/2021 15:00,36881.63,11.67,7.9,2.24,1.01,10,26
12/22/2021 16:00,36881.67,11.67,9.1,2.68,1.08,8.78,5
12/22/2021 17:00,36881.71,12.22,9.7,4.92,1.71,10,0
12/22/2021 18:00,36881.76,12.22,10.6,1.79,1.43,10,0
12/22/2021 19:00,36881.8,12.22,10.9,4.47,0.66,10,0
12/22/2021 20:00,36881.84,12.78,11.4,6.26,1.61,10,0
12/22/2021 21:00,36881.88,12.78,11.5,1.79,2.02,10,0
12/22/2021 22:00,36881.92,10.56,10.2,2.68,3.39,10,0
12/22/2021 23:00,36881.97,3.89,9.8,1.34,1.78,10,0
12/23/2021 0:00,36882,10,9.4,3.13,1.27,10,0
12/23/2021 1:00,36882.04,10.56,9.5,3.58,1.33,10,0
12/23/2021 2:00,36882.08,11.11,10.1,3.13,1.59,10,0
12/23/2021 3:00,36882.13,12.78,10.3,4.02,1.45,10,0
12/23/2021 4:00,36882.17,13.89,10,1.79,1.62,10,0
12/23/2021 5:00,36882.21,14.44,10.5,5.36,1.57,10,0
12/23/2021 6:00,36882.25,14.44,11,4.92,1.9,10,0
12/23/2021 7:00,36882.29,15.56,11.4,1.79,5.24,0,12
12/23/2021 8:00,36882.34,16.11,11.9,3.58,2.16,10,22
12/23/2021 9:00,36882.38,13.89,12.3,2.24,2.43,10,15
12/23/2021 10:00,36882.42,13.33,12.9,2.68,2.18,10,29
12/23/2021 11:00,36882.46,13.89,13.1,1.79,2.72,10,46
12/23/2021 12:00,36882.5,14.44,13.3,4.02,1.88,10,56
12/23/2021 13:00,36882.55,11.67,14,3.13,4.87,10,60
12/23/2021 14:00,36882.59,11.67,12.8,1.79,6.11,10,17
12/23/2021 15:00,36882.63,12.22,11.7,3.58,0.35,10,26
12/23/2021 16:00,36882.67,11.67,11.7,3.58,1.27,6.89,7
12/23/2021 17:00,36882.71,12.22,11.7,2.68,0.79,10,0
12/23/2021 18:00,36882.76,12.22,12,2.68,1.48,10,0
12/23/2021 19:00,36882.8,12.78,12.2,3.58,1.54,10,0
12/23/2021 20:00,36882.84,12.78,12.7,4.02,1.85,10,0
12/23/2021 21:00,36882.88,13.33,13,3.13,2.25,10,0
12/23/2021 22:00,36882.92,12.78,12.4,2.68,2.11,10,0
12/23/2021 23:00,36882.97,10,12.2,4.02,1.55,10,0
12/24/2021 0:00,36883,12.78,12.2,2.68,1.69,10,0
12/24/2021 1:00,36883.04,12.78,12.2,0.45,4.24,10,0
12/24/2021 2:00,36883.08,12.22,11.9,1.34,2.95,10,0
12/24/2021 3:00,36883.13,11.67,11.3,2.24,2.18,10,0
12/24/2021 4:00,36883.17,11.67,11.3,3.13,1.59,10,0
12/24/2021 5:00,36883.21,12.22,11.2,2.68,1.47,10,0
12/24/2021 6:00,36883.25,12.22,11.2,4.02,1.94,10,1
12/24/2021 7:00,36883.29,12.22,11.2,2.68,1.94,0,19
12/24/2021 8:00,36883.34,12.22,11.6,2.24,1.99,10,40
12/24/2021 9:00,36883.38,13.89,12.3,2.24,1.94,3.67,280
12/24/2021 10:00,36883.42,13.89,12.2,2.68,2.01,0,495
12/24/2021 11:00,36883.46,14.44,12.1,1.34,2.58,6.78,315
12/24/2021 12:00,36883.5,14.44,10.7,0.89,4.47,8.28,249
12/24/2021 13:00,36883.55,13.89,10,3.13,4.49,7.19,266
12/24/2021 14:00,36883.59,12.22,10.7,6.26,5.13,9.81,115
12/24/2021 15:00,36883.63,11.11,9.2,2.68,4.38,8.14,99
12/24/2021 16:00,36883.67,11.11,7.3,3.58,4.97,0,35
12/24/2021 17:00,36883.71,9.44,6.3,1.34,4.45,10,0
12/24/2021 18:00,36883.76,7.78,5.5,2.24,4.22,10,0
12/24/2021 19:00,36883.8,8.33,5.5,0.89,3.56,10,0
12/24/2021 20:00,36883.84,9.44,5.4,0.45,3.68,10,0
12/24/2021 21:00,36883.88,8.89,5.3,0.45,4.26,10,0
12/24/2021 22:00,36883.92,8.89,5.3,1.34,1.19,10,0
12/24/2021 23:00,36883.97,12.78,5.2,3.58,1.87,10,0
12/25/2021 0:00,36884,8.33,6,1.79,1.17,10,0
12/25/2021 1:00,36884.04,6.67,5,1.34,3.44,10,1
12/25/2021 2:00,36884.08,7.78,5.4,1.79,1.19,10,1
12/25/2021 3:00,36884.13,8.33,5.1,2.68,0.98,10,1
12/25/2021 4:00,36884.17,8.33,3.8,2.24,1.2,10,0
12/25/2021 5:00,36884.21,7.78,3.9,0.89,5.46,10,0
12/25/2021 6:00,36884.25,6.67,5,1.34,3.33,10,1
12/25/2021 7:00,36884.29,7.78,5.3,2.68,1.45,0,29
12/25/2021 8:00,36884.34,8.89,6.8,3.58,1.55,0,226
12/25/2021 9:00,36884.38,10,7.1,4.02,1.59,3.82,278
12/25/2021 10:00,36884.42,11.11,6.8,4.92,2.01,0,458
12/25/2021 11:00,36884.46,11.11,6.8,4.47,2.36,0,466
12/25/2021 12:00,36884.5,12.22,6.8,8.05,1.85,4.8,382
12/25/2021 13:00,36884.55,11.67,6.6,3.58,2.06,4.88,339
12/25/2021 14:00,36884.59,11.67,6.1,2.68,2.41,9.66,121
12/25/2021 15:00,36884.63,11.11,6.3,4.47,1.94,10,31
12/25/2021 16:00,36884.67,10,6.6,3.58,2.15,9,5
12/25/2021 17:00,36884.71,10.56,7,1.34,2.74,10,0
12/25/2021 18:00,36884.76,8.89,8.8,0.89,0.3,10,0
12/25/2021 19:00,36884.8,8.89,8.8,2.24,2.69,10,0
12/25/2021 20:00,36884.84,8.33,7.8,0.89,3.32,10,0
12/25/2021 21:00,36884.88,7.22,8.1,0.45,4.42,10,0
12/25/2021 22:00,36884.92,7.22,7.8,0.89,3.46,10,0
12/25/2021 23:00,36884.97,8.33,7.5,1.34,1.57,10,0
12/26/2021 0:00,36885,7.22,6.3,2.24,3.28,10,0
12/26/2021 1:00,36885.04,6.67,6.7,0.45,2.69,10,0
12/26/2021 2:00,36885.08,6.11,6,1.79,4.17,10,1
12/26/2021 3:00,36885.13,5.56,5.2,0.89,3.49,10,1
12/26/2021 4:00,36885.17,6.11,3.9,0.45,2.78,10,1
12/26/2021 5:00,36885.21,6.67,4,0.89,5.69,10,1
12/26/2021 6:00,36885.25,5.56,3.6,0.89,1.94,10,1
12/26/2021 7:00,36885.29,6.67,3.5,1.79,1.92,0,45
12/26/2021 8:00,36885.34,7.78,6.1,2.24,1.61,0,186
12/26/2021 9:00,36885.38,8.89,5.8,0.89,3.46,0,327
12/26/2021 10:00,36885.42,8.89,4.7,1.34,0.3,0,476
12/26/2021 11:00,36885.46,10,3.6,0.89,5.92,0,485
12/26/2021 12:00,36885.5,10.56,2.8,0.89,4.54,2.47,432
12/26/2021 13:00,36885.55,11.11,2.6,0.45,5.83,0,492
12/26/2021 14:00,36885.59,10.56,1.8,0.45,3.04,0,319
12/26/2021 15:00,36885.63,10,1,2.24,4.96,5.97,134
12/26/2021 16:00,36885.67,8.89,2,3.58,5.24,0,27
12/26/2021 17:00,36885.71,8.89,2.1,4.02,0.28,10,1
12/26/2021 18:00,36885.76,8.89,3.8,2.68,0.68,10,0
12/26/2021 19:00,36885.8,7.78,4.9,2.68,1.38,10,0
12/26/2021 20:00,36885.84,7.78,3.8,2.24,1.55,10,0
12/26/2021 21:00,36885.88,7.78,3.7,3.58,1.59,10,0
12/26/2021 22:00,36885.92,7.78,3.8,2.24,1.61,10,0
12/26/2021 23:00,36885.97,7.22,3.7,0.89,1.71,10,1
12/27/2021 0:00,36886,7.78,3.9,2.68,1.88,10,0
12/27/2021 1:00,36886.04,7.78,4.2,2.68,1.62,10,0
12/27/2021 2:00,36886.08,7.22,4.2,3.13,1.97,10,1
12/27/2021 3:00,36886.13,6.67,4.3,3.58,1.64,10,1
12/27/2021 4:00,36886.17,6.11,4.2,4.02,1.88,10,0
12/27/2021 5:00,36886.21,6.11,5.1,4.47,1.94,10,1
12/27/2021 6:00,36886.25,4.44,5.1,7.6,1.62,10,1
12/27/2021 7:00,36886.29,5,5.3,8.49,1.64,7.57,7
12/27/2021 8:00,36886.34,5.56,5.5,4.92,1.92,10,44
12/27/2021 9:00,36886.38,5.56,5.5,6.26,1.68,10,51
12/27/2021 10:00,36886.42,5.56,5.9,1.34,1.26,10,80
12/27/2021 11:00,36886.46,6.11,6.3,0.89,1.85,10,97
12/27/2021 12:00,36886.5,6.11,6.6,1.79,0.05,8.13,257
12/27/2021 13:00,36886.55,6.67,7,2.24,1.83,7.24,265
12/27/2021 14:00,36886.59,7.22,6.8,2.68,0.86,10,62
12/27/2021 15:00,36886.63,7.22,6.9,3.13,0.84,9.74,67
12/27/2021 16:00,36886.67,7.22,6.8,1.79,0.93,5.61,9
12/27/2021 17:00,36886.71,7.22,7.2,3.13,5.15,10,1
12/27/2021 18:00,36886.76,6.11,6.4,1.79,6.16,10,0
12/27/2021 19:00,36886.8,6.11,5.8,1.79,0.94,10,0
12/27/2021 20:00,36886.84,6.67,6.2,2.68,1.08,10,1
12/27/2021 21:00,36886.88,6.67,5.8,1.79,6.16,10,1
12/27/2021 22:00,36886.92,5.56,5,1.79,4.26,10,1
12/27/2021 23:00,36886.97,7.78,5,4.92,1.54,10,1
12/28/2021 0:00,36887,5,4.8,1.79,4.52,10,1
12/28/2021 1:00,36887.04,5.56,4.1,1.34,5.08,10,1
12/28/2021 2:00,36887.08,4.44,4.1,1.34,3.63,10,1
12/28/2021 3:00,36887.13,3.89,3.9,0.45,3.12,10,1
12/28/2021 4:00,36887.17,4.44,3.9,0.89,4.49,10,1
12/28/2021 5:00,36887.21,4.44,3.7,0.45,4.38,10,1
12/28/2021 6:00,36887.25,4.44,3.8,0.45,3.49,10,1
12/28/2021 7:00,36887.29,4.44,4.2,0.89,3.51,2.87,11
12/28/2021 8:00,36887.34,5,4.8,0.89,3.09,10,48
12/28/2021 9:00,36887.38,5,5,0.89,5.31,10,51
12/28/2021 10:00,36887.42,5,4.3,0.89,4.17,8.75,202
12/28/2021 11:00,36887.46,5.56,4,1.34,4.63,7.99,264
12/28/2021 12:00,36887.5,6.67,3.9,0.89,0.68,7.2,299
12/28/2021 13:00,36887.55,8.89,3.1,0.45,5.27,10,132
12/28/2021 14:00,36887.59,7.22,2.9,0,4.17,6.76,217
12/28/2021 15:00,36887.63,6.67,2.7,0.45,2.37,0,242
12/28/2021 16:00,36887.67,6.11,2.3,0.89,2.18,0,26
12/28/2021 17:00,36887.71,6.11,2.6,0.89,2.3,10,1
12/28/2021 18:00,36887.76,5.56,2.6,1.79,1.47,10,0
12/28/2021 19:00,36887.8,5.56,3.1,2.68,1.5,10,0
12/28/2021 20:00,36887.84,5,3.1,2.68,1.57,10,0
12/28/2021 21:00,36887.88,4.44,3,2.68,1.61,10,0
12/28/2021 22:00,36887.92,5,2.4,3.13,1.43,10,0
12/28/2021 23:00,36887.97,5.56,2.1,0.45,4.59,10,0
12/29/2021 0:00,36888,5,2.2,2.68,1.38,10,0
12/29/2021 1:00,36888.04,4.44,3,2.24,1.94,10,0
12/29/2021 2:00,36888.08,5,3,3.58,1.57,10,0
12/29/2021 3:00,36888.13,5.56,3.1,2.68,1.36,10,0
12/29/2021 4:00,36888.17,5.56,3.5,0.89,1.83,10,0
12/29/2021 5:00,36888.21,5.56,4,3.13,1.38,10,0
12/29/2021 6:00,36888.25,6.11,4.3,5.36,1.34,10,0
12/29/2021 7:00,36888.29,6.11,5,7.15,1.36,1.47,12
12/29/2021 8:00,36888.34,6.67,5.3,8.94,1.36,10,48
12/29/2021 9:00,36888.38,7.22,5.5,6.71,1.5,10,93
12/29/2021 10:00,36888.42,8.89,6.2,3.13,1.4,9.98,142
12/29/2021 11:00,36888.46,9.44,6.9,3.13,1.99,9.51,186
12/29/2021 12:00,36888.5,10,6.9,2.68,1.62,10,145
12/29/2021 13:00,36888.55,10.56,6.6,3.58,1.94,10,127
12/29/2021 14:00,36888.59,9.44,6.8,2.24,1.61,9.73,119
12/29/2021 15:00,36888.63,9.44,7.2,2.24,1.41,9.72,68
12/29/2021 16:00,36888.67,10,7.3,3.13,0.75,0,25
12/29/2021 17:00,36888.71,9.44,7,3.58,0.82,10,1
12/29/2021 18:00,36888.76,10,6.9,3.58,1.15,10,0
12/29/2021 19:00,36888.8,9.44,7.4,4.47,1.4,10,0
12/29/2021 20:00,36888.84,9.44,7.5,3.58,1.88,10,1
12/29/2021 21:00,36888.88,9.44,7.4,0.89,3.25,10,0
12/29/2021 22:00,36888.92,8.89,6.8,0.89,1.73,10,0
12/29/2021 23:00,36888.97,5.56,5.7,4.47,1.36,10,1
12/30/2021 0:00,36889,8.33,4.8,3.58,0.63,10,1
12/30/2021 1:00,36889.04,7.78,4.8,4.92,0.7,10,1
12/30/2021 2:00,36889.08,7.22,4.4,3.58,0.7,10,1
12/30/2021 3:00,36889.13,7.78,3.9,3.13,0.99,10,1
12/30/2021 4:00,36889.17,7.22,3.6,4.02,0.31,10,1
12/30/2021 5:00,36889.21,6.67,3.3,0.89,1.92,10,1
12/30/2021 6:00,36889.25,5.56,4.5,0.89,6.23,10,1
12/30/2021 7:00,36889.29,6.11,5.3,0.89,3.12,5.8,10
12/30/2021 8:00,36889.34,5.56,6,0.89,4.01,10,60
12/30/2021 9:00,36889.38,8.33,6.6,0.89,5.65,8.97,148
12/30/2021 10:00,36889.42,9.44,7.3,1.79,4.33,8.62,209
12/30/2021 11:00,36889.46,10.56,7.9,2.24,4.35,8.01,264
12/30/2021 12:00,36889.5,11.11,7.9,0.45,3.28,5.87,351
12/30/2021 13:00,36889.55,11.67,7.8,1.79,3.91,4.58,349
12/30/2021 14:00,36889.59,10.56,7.4,1.79,4.63,4.83,263
12/30/2021 15:00,36889.63,10.56,7.1,1.34,4.22,0,183
12/30/2021 16:00,36889.67,10,6.9,0.45,4.43,0,29
12/30/2021 17:00,36889.71,9.44,7.3,0.89,4.14,10,2
12/30/2021 18:00,36889.76,8.33,7,0.89,4.21,10,1
12/30/2021 19:00,36889.8,8.89,6.2,0.45,5.06,10,1
12/30/2021 20:00,36889.84,8.33,5.3,0.67,3.81,10,1
12/30/2021 21:00,36889.88,7.78,5.1,0.89,2.57,10,1
12/30/2021 22:00,36889.92,7.78,4.8,0.89,2.64,10,1
12/30/2021 23:00,36889.97,8.89,4.3,2.68,0.38,10,1
12/31/2021 0:00,36890,7.22,3,1.79,1.38,10,1
12/31/2021 1:00,36890.04,7.22,2.5,1.79,0.79,10,1
12/31/2021 2:00,36890.08,6.67,1.9,0.89,1.8,10,1
12/31/2021 3:00,36890.13,6.67,1.9,0.89,2.09,10,1
12/31/2021 4:00,36890.17,6.67,1.5,2.24,1.17,10,1
12/31/2021 5:00,36890.21,5,2.7,1.34,3.39,10,1
12/31/2021 6:00,36890.25,5.56,3.4,1.34,0.94,10,2
12/31/2021 7:00,36890.29,6.67,3.5,2.24,0.77,2.41,13
12/31/2021 8:00,36890.34,5.56,4.6,1.79,3.86,10,52
12/31/2021 9:00,36890.38,6.11,5.6,1.79,4.36,9.56,126
12/31/2021 10:00,36890.42,7.22,7.4,2.24,4.38,9.96,144
12/31/2021 11:00,36890.46,7.78,7.4,1.79,4.42,9.61,181
12/31/2021 12:00,36890.5,8.33,6.3,3.58,4.4,7.65,281
12/31/2021 13:00,36890.55,8.89,5.6,4.02,4.69,7.65,251
12/31/2021 14:00,36890.59,8.89,5.1,4.47,4.94,9.28,137
12/31/2021 15:00,36890.63,8.33,4.4,2.68,4.89,8.56,93
12/31/2021 16:00,36890.67,7.22,5.2,0.89,4.1,0,27
12/31/2021 17:00,36890.71,6.11,5.5,2.68,4.38,10,2
12/31/2021 18:00,36890.76,6.67,5.4,2.68,4.92,10,1
12/31/2021 19:00,36890.8,5.56,5.1,1.79,4.15,10,1
12/31/2021 20:00,36890.84,4.44,4.5,1.79,3.84,10,1
12/31/2021 21:00,36890.88,5,3.2,1.34,3.44,10,1
12/31/2021 22:00,36890.92,5,2.7,0.89,3.53,10,1
12/31/2021 23:00,36890.97,7.78,1.7,1.79,1.24,10,1
