DATE TIME,JDAY,TAIR,TDEW,WIND,PHI,CLOUD,SRO
1/1/2015 0:00,34334,2.78,-0.2,2.68,1.73,5.14,3
1/1/2015 1:00,34334.04,2.78,-0.2,1.79,1.45,4.99,3
1/1/2015 2:00,34334.08,2.22,-0.4,2.24,1.64,4.85,2
1/1/2015 3:00,34334.13,2.22,-0.4,2.24,1.36,4.71,3
1/1/2015 4:00,34334.17,2.22,-0.57,2.68,1.66,4.56,3
1/1/2015 5:00,34334.21,1.11,-1.66,3.13,1.64,4.42,3
1/1/2015 6:00,34334.25,2.22,-0.91,4.02,1.87,4.28,3
1/1/2015 7:00,34334.29,1.11,-2,2.68,1.62,4.13,34
1/1/2015 8:00,34334.34,3.33,-0.18,2.24,1.45,3.99,179
1/1/2015 9:00,34334.38,7.78,2.79,0.89,0.72,3.85,328
1/1/2015 10:00,34334.42,10.56,3.74,0.45,2.08,3.7,444
1/1/2015 11:00,34334.46,11.67,3.1,0.45,4.22,3.56,506
1/1/2015 12:00,34334.5,10.56,0.75,0.45,4.87,3.42,480
1/1/2015 13:00,34334.55,12.22,0.84,1.34,3.94,2.52,449
1/1/2015 14:00,34334.59,13.33,1.24,0.45,4.26,3.6,338
1/1/2015 15:00,34334.63,12.78,0.73,0.45,3.7,3.6,192
1/1/2015 16:00,34334.67,8.33,-2.72,0.45,4.82,3.6,41
1/1/2015 17:00,34334.71,7.78,-1.04,0.89,0.66,3.6,2
1/1/2015 18:00,34334.76,6.11,-2.1,1.79,1.4,3.6,2
1/1/2015 19:00,34334.8,5,-2.67,2.24,1.59,3.6,3
1/1/2015 20:00,34334.84,3.89,-2.81,3.13,1.34,3.6,3
1/1/2015 21:00,34334.88,4.44,-1.85,3.13,1.64,3.6,3
1/1/2015 22:00,34334.92,2.78,-3.02,4.02,1.55,3.6,3
1/1/2015 23:00,34334.97,3.33,-0.18,2.24,1.87,5.28,3
1/2/2015 0:00,34335,3.89,-2.38,4.47,1.61,3.6,3
1/2/2015 1:00,34335.04,3.89,-2.59,4.47,1.48,3.6,3
1/2/2015 2:00,34335.08,3.33,-3.12,4.92,1.34,3.6,3
1/2/2015 3:00,34335.13,2.22,-3.96,4.02,1.27,3.59,3
1/2/2015 4:00,34335.17,2.78,-3.43,3.13,1.69,3.59,3
1/2/2015 5:00,34335.21,2.22,-4.61,4.47,1.38,3.59,3
1/2/2015 6:00,34335.25,1.67,-4.7,4.02,1.52,3.59,3
1/2/2015 7:00,34335.29,1.67,-4.49,2.24,1.69,3.59,36
1/2/2015 8:00,34335.34,3.33,-3.56,2.24,1.54,3.59,183
1/2/2015 9:00,34335.38,9.44,0.77,1.34,1.1,3.59,328
1/2/2015 10:00,34335.42,12.22,1.73,0.45,2.64,3.59,443
1/2/2015 11:00,34335.46,11.11,0.7,0.89,5.99,3.59,503
1/2/2015 12:00,34335.5,13.33,1.86,0.89,5.74,3.59,477
1/2/2015 13:00,34335.55,13.89,1.42,0.45,1.85,3.05,441
1/2/2015 14:00,34335.59,13.33,0.59,0.45,4.15,3.88,334
1/2/2015 15:00,34335.63,12.78,0.09,0,4.24,3.88,191
1/2/2015 16:00,34335.67,8.89,-1.63,0.45,4.56,3.88,43
1/2/2015 17:00,34335.71,6.11,-3.11,0.45,5.32,3.88,2
1/2/2015 18:00,34335.76,6.67,-1.83,1.34,0.98,3.88,2
1/2/2015 19:00,34335.8,6.11,-2.1,2.24,1.83,3.88,2
1/2/2015 20:00,34335.84,4.44,-2.28,2.68,1.66,3.89,2
1/2/2015 21:00,34335.88,4.44,-2.07,0.45,2.74,3.89,2
1/2/2015 22:00,34335.92,3.89,-1.96,2.24,1.61,3.89,2
1/2/2015 23:00,34335.97,3.89,-2.38,4.47,1.71,3.6,3
1/3/2015 0:00,34336,3.89,-1.55,3.58,1.68,3.89,3
1/3/2015 1:00,34336.04,3.33,-1.68,3.13,1.88,3.89,3
1/3/2015 2:00,34336.08,2.78,-2.61,4.02,1.54,3.89,3
1/3/2015 3:00,34336.13,2.78,-3.02,3.58,1.54,3.89,3
1/3/2015 4:00,34336.17,2.78,-2.41,2.68,1.99,3.89,3
1/3/2015 5:00,34336.21,2.22,-2.94,2.68,1.8,3.9,3
1/3/2015 6:00,34336.25,1.67,-3.28,2.24,1.55,3.9,3
1/3/2015 7:00,34336.29,2.78,-2.41,3.13,1.52,3.9,34
1/3/2015 8:00,34336.34,4.44,-1.43,2.68,1.97,3.9,175
1/3/2015 9:00,34336.38,8.89,1.23,1.34,1.24,3.9,320
1/3/2015 10:00,34336.42,11.67,3.1,1.34,4.38,3.9,436
1/3/2015 11:00,34336.46,11.67,1.78,1.34,4.15,3.9,496
1/3/2015 12:00,34336.5,12.78,1.95,0.45,3.53,3.9,470
1/3/2015 13:00,34336.55,14.44,2.57,0.89,4.12,3.11,441
1/3/2015 14:00,34336.59,15,2.76,1.34,5.93,4.03,332
1/3/2015 15:00,34336.63,13.33,1.86,0.89,4.15,4.18,190
1/3/2015 16:00,34336.67,10,-0.04,0.45,4.61,4.33,44
1/3/2015 17:00,34336.71,8.33,-0.78,0.45,5.95,4.48,2
1/3/2015 18:00,34336.76,7.78,0.42,0.89,0.35,4.63,2
1/3/2015 19:00,34336.8,6.67,-0.18,1.79,1.43,4.78,3
1/3/2015 20:00,34336.84,5,-0.69,2.24,1.75,4.93,3
1/3/2015 21:00,34336.88,5.56,-0.58,1.34,1.47,5.08,3
1/3/2015 22:00,34336.92,4.44,-0.61,2.68,1.55,5.23,3
1/3/2015 23:00,34336.97,3.33,-2.28,4.02,1.57,3.89,2
1/4/2015 0:00,34337,3.89,-0.76,3.58,1.48,5.54,3
1/4/2015 1:00,34337.04,3.89,-0.76,4.02,1.52,5.69,3
1/4/2015 2:00,34337.08,4.44,-0.03,2.68,1.61,5.84,3
1/4/2015 3:00,34337.13,4.44,-0.03,4.02,1.57,5.99,3
1/4/2015 4:00,34337.17,3.33,-0.91,3.13,1.71,6.14,3
1/4/2015 5:00,34337.21,3.33,-0.91,2.68,1.66,6.29,3
1/4/2015 6:00,34337.25,4.44,-0.03,2.68,1.69,6.44,3
1/4/2015 7:00,34337.29,3.33,-1.1,2.68,1.75,6.59,29
1/4/2015 8:00,34337.34,5.56,0.65,1.34,1.94,6.74,124
1/4/2015 9:00,34337.38,6.11,0.79,2.24,1.62,6.89,200
1/4/2015 10:00,34337.42,10,3.88,0.89,2.48,7.04,239
1/4/2015 11:00,34337.46,11.11,4.26,0.89,4.26,7.19,253
1/4/2015 12:00,34337.5,13.89,5.44,1.79,5.76,7.34,340
1/4/2015 13:00,34337.55,15,6.74,1.34,4.29,3.91,425
1/4/2015 14:00,34337.59,14.44,4.63,0.45,4.99,4.47,324
1/4/2015 15:00,34337.63,12.78,3.36,0.45,0.49,4.45,187
1/4/2015 16:00,34337.67,10,1.79,0.89,4.33,4.43,51
1/4/2015 17:00,34337.71,7.78,0.88,0.45,0.33,4.4,2
1/4/2015 18:00,34337.76,7.78,1.1,1.34,0.47,4.38,1
1/4/2015 19:00,34337.8,7.78,1.97,1.34,1.08,4.36,1
1/4/2015 20:00,34337.84,6.67,1.72,2.68,1.47,4.33,1
1/4/2015 21:00,34337.88,6.67,1.72,1.79,2.09,4.31,2
1/4/2015 22:00,34337.92,5.56,1.42,2.24,1.52,4.29,2
1/4/2015 23:00,34337.97,3.89,-0.76,3.58,1.59,5.39,3
1/5/2015 0:00,34338,5,1.26,3.13,1.64,4.24,2
1/5/2015 1:00,34338.04,5,1.26,3.58,1.55,4.21,2
1/5/2015 2:00,34338.08,5,1.07,3.13,1.62,4.19,2
1/5/2015 3:00,34338.13,5.56,1.79,3.13,1.55,4.17,2
1/5/2015 4:00,34338.17,5.56,1.61,3.13,1.4,4.14,2
1/5/2015 5:00,34338.21,4.44,0.53,4.02,1.4,4.12,2
1/5/2015 6:00,34338.25,4.44,0.53,3.13,1.4,4.1,2
1/5/2015 7:00,34338.29,4.44,0.35,2.24,1.55,4.07,31
1/5/2015 8:00,34338.34,6.67,2.11,0.45,0.37,4.05,189
1/5/2015 9:00,34338.38,9.44,4.19,0.89,4.47,4.03,324
1/5/2015 10:00,34338.42,14.44,7.66,0.45,6.06,4,429
1/5/2015 11:00,34338.46,11.67,4.56,1.34,0.7,3.98,490
1/5/2015 12:00,34338.5,15.56,6.75,1.34,4.43,3.96,471
1/5/2015 13:00,34338.55,16.11,5.9,0.45,4.12,3.02,445
1/5/2015 14:00,34338.59,17.22,6.64,0.45,5.2,2.7,356
1/5/2015 15:00,34338.63,16.67,6.7,0.45,6.2,2.75,188
1/5/2015 16:00,34338.67,11.67,3.85,1.34,4.8,2.8,32
1/5/2015 17:00,34338.71,10.56,3.74,0.45,5.81,2.85,4
1/5/2015 18:00,34338.76,10.56,4.19,1.34,1.78,2.9,4
1/5/2015 19:00,34338.8,8.89,3.24,0.45,0.98,2.95,4
1/5/2015 20:00,34338.84,8.89,3.86,2.24,1.52,3,3
1/5/2015 21:00,34338.88,7.78,2.99,0.89,1.95,3.06,3
1/5/2015 22:00,34338.92,7.22,3.04,1.79,1.76,3.11,2
1/5/2015 23:00,34338.97,6.11,2.15,2.68,1.43,4.26,2
1/6/2015 0:00,34339,6.67,2.87,3.13,1.8,3.21,2
1/6/2015 1:00,34339.04,7.78,3.38,0.89,1.71,3.26,2
1/6/2015 2:00,34339.08,6.67,2.69,2.68,1.4,3.31,2
1/6/2015 3:00,34339.13,7.22,3.04,2.68,1.45,3.36,3
1/6/2015 4:00,34339.17,6.67,2.5,2.24,1.66,3.41,3
1/6/2015 5:00,34339.21,6.11,2.15,1.79,1.45,3.46,3
1/6/2015 6:00,34339.25,6.67,2.69,3.13,1.52,3.51,4
1/6/2015 7:00,34339.29,7.22,2.84,4.02,1.47,3.56,36
1/6/2015 8:00,34339.34,10,4.09,4.02,1.85,3.61,171
1/6/2015 9:00,34339.38,12.78,5.85,2.24,0.72,3.66,333
1/6/2015 10:00,34339.42,18.33,10.38,0.45,4.54,3.71,449
1/6/2015 11:00,34339.46,18.33,9.35,0,2.84,3.77,505
1/6/2015 12:00,34339.5,21.11,11.95,0.45,4.29,3.82,476
1/6/2015 13:00,34339.55,21.67,12.47,0.45,6.07,4.24,419
1/6/2015 14:00,34339.59,19.44,9.28,0.45,5.41,3.45,346
1/6/2015 15:00,34339.63,19.44,9.56,0,4.61,3.46,198
1/6/2015 16:00,34339.67,15,7.48,0.45,4.68,3.47,50
1/6/2015 17:00,34339.71,13.33,7.28,0.89,3.68,3.47,5
1/6/2015 18:00,34339.76,12.22,7.27,2.24,0.96,3.48,4
1/6/2015 19:00,34339.8,12.78,7.6,1.79,1.62,3.49,4
1/6/2015 20:00,34339.84,11.67,7.14,1.34,1.62,3.49,4
1/6/2015 21:00,34339.88,11.11,6,2.24,1.4,3.5,4
1/6/2015 22:00,34339.92,11.67,5.69,0.89,1.36,3.5,4
1/6/2015 23:00,34339.97,6.67,2.87,2.24,1.33,3.16,2
1/7/2015 0:00,34340,9.44,3.77,2.24,1.33,3.52,4
1/7/2015 1:00,34340.04,8.89,3.86,2.68,1.62,3.52,4
1/7/2015 2:00,34340.08,9.44,3.77,1.79,0.49,3.53,3
1/7/2015 3:00,34340.13,8.89,3.24,2.68,1.34,3.54,3
1/7/2015 4:00,34340.17,8.89,3.24,0.89,1.31,3.54,3
1/7/2015 5:00,34340.21,8.33,2.92,1.34,1.52,3.55,4
1/7/2015 6:00,34340.25,7.78,2.79,1.79,1.31,3.56,4
1/7/2015 7:00,34340.29,7.78,2.79,2.68,1.31,3.56,35
1/7/2015 8:00,34340.34,10.56,4.19,2.24,1.83,3.57,181
1/7/2015 9:00,34340.38,15.56,8.25,1.34,0.07,3.58,330
1/7/2015 10:00,34340.42,19.44,10.92,0.45,4,3.58,442
1/7/2015 11:00,34340.46,17.78,9.61,1.34,3.72,3.59,509
1/7/2015 12:00,34340.5,18.89,9.6,1.34,4.61,3.6,483
1/7/2015 13:00,34340.55,21.11,11.12,0.45,3.77,2.9,450
1/7/2015 14:00,34340.59,20.56,10.6,0,4.78,4.36,330
1/7/2015 15:00,34340.63,20,10.08,0.89,5.78,4.36,195
1/7/2015 16:00,34340.67,15.56,7.51,0.45,4.12,4.36,52
1/7/2015 17:00,34340.71,12.78,6.97,0.45,6.04,4.37,4
1/7/2015 18:00,34340.76,12.78,7.81,1.79,1.12,4.37,3
1/7/2015 19:00,34340.8,12.22,7.48,1.79,1.48,4.37,3
1/7/2015 20:00,34340.84,10.56,6.65,2.24,1.29,4.37,3
1/7/2015 21:00,34340.88,11.11,6.8,2.24,1.36,4.38,3
1/7/2015 22:00,34340.92,11.11,7.19,1.34,1.4,4.38,4
1/7/2015 23:00,34340.97,10,4.52,1.79,1.78,3.51,3
1/8/2015 0:00,34341,10.56,6.07,2.24,1.34,4.38,3
1/8/2015 1:00,34341.04,10,5.13,3.13,1.38,4.39,3
1/8/2015 2:00,34341.08,10,5.33,2.24,1.41,4.39,3
1/8/2015 3:00,34341.13,9.44,4.8,2.68,1.26,4.39,4
1/8/2015 4:00,34341.17,9.44,4.19,2.24,1.54,4.39,4
1/8/2015 5:00,34341.21,8.33,3.53,4.02,1.61,4.4,4
1/8/2015 6:00,34341.25,8.89,3.45,2.24,1.17,4.4,4
1/8/2015 7:00,34341.29,9.44,3.56,0.89,1.05,4.4,43
1/8/2015 8:00,34341.34,10,4.31,1.34,1.2,4.4,182
1/8/2015 9:00,34341.38,12.78,6.53,1.34,0.87,4.41,300
1/8/2015 10:00,34341.42,16.11,9.93,1.34,4.43,4.41,446
1/8/2015 11:00,34341.46,20,12.7,1.34,5.86,4.41,494
1/8/2015 12:00,34341.5,18.89,10.91,0.45,0.63,4.41,462
1/8/2015 13:00,34341.55,21.67,13.53,0.89,5.45,3.44,441
1/8/2015 14:00,34341.59,17.78,10.35,0.45,5.06,7.49,240
1/8/2015 15:00,34341.63,18.33,10.38,1.34,0.98,7.52,202
1/8/2015 16:00,34341.67,14.44,8.34,0.45,4.22,7.55,55
1/8/2015 17:00,34341.71,13.33,7.93,1.34,6.13,7.57,4
1/8/2015 18:00,34341.76,13.89,8.67,1.34,1.48,7.6,4
1/8/2015 19:00,34341.8,12.78,8.22,1.34,1.17,7.62,4
1/8/2015 20:00,34341.84,11.11,7.38,1.79,0.63,7.65,4
1/8/2015 21:00,34341.88,11.67,7.92,1.79,1.13,7.67,4
1/8/2015 22:00,34341.92,12.22,8.27,2.24,1.26,7.7,4
1/8/2015 23:00,34341.97,10.56,6.26,3.13,1.57,4.38,3
1/9/2015 0:00,34342,10.56,7.21,3.58,1.54,7.75,4
1/9/2015 1:00,34342.04,11.11,7,1.79,1.95,7.77,4
1/9/2015 2:00,34342.08,11.11,7,2.24,2.11,7.8,4
1/9/2015 3:00,34342.13,11.67,6.94,1.79,1.06,7.82,5
1/9/2015 4:00,34342.17,10.56,6.26,1.34,4.64,7.85,4
1/9/2015 5:00,34342.21,11.11,6.8,1.34,0.68,7.88,5
1/9/2015 6:00,34342.25,11.11,6.6,2.68,1.59,7.9,5
1/9/2015 7:00,34342.29,10.56,6.26,2.24,0.91,7.93,15
1/9/2015 8:00,34342.34,11.67,7.54,1.34,1.5,7.95,75
1/9/2015 9:00,34342.38,12.78,8.81,0.89,4.19,7.98,232
1/9/2015 10:00,34342.42,17.78,11.75,1.79,1.38,8,422
1/9/2015 11:00,34342.46,17.78,11.98,0.45,3.63,8.03,363
1/9/2015 12:00,34342.5,17.78,11.07,0.45,3.46,8.05,307
1/9/2015 13:00,34342.55,17.22,10.54,0.89,4.82,9.16,218
1/9/2015 14:00,34342.59,17.22,10.77,0.45,4.76,9.22,170
1/9/2015 15:00,34342.63,16.67,10.24,0.45,3.82,9.15,128
1/9/2015 16:00,34342.67,15,9.09,0.89,6.02,9.08,47
1/9/2015 17:00,34342.71,13.89,8.88,0.89,6.23,9.01,5
1/9/2015 18:00,34342.76,13.89,9.29,0.89,1.47,8.94,4
1/9/2015 19:00,34342.8,13.89,9.49,0.89,0.89,8.87,4
1/9/2015 20:00,34342.84,12.78,8.61,0.89,1.19,8.8,4
1/9/2015 21:00,34342.88,12.78,9,0.89,1.85,8.73,4
1/9/2015 22:00,34342.92,11.67,8.3,1.34,1.31,8.66,4
1/9/2015 23:00,34342.97,10.56,7.03,2.68,1.55,7.72,4
1/10/2015 0:00,34343,11.67,8.3,2.68,1.2,8.52,4
1/10/2015 1:00,34343.04,12.22,8.65,1.34,1.59,8.45,4
1/10/2015 2:00,34343.08,11.11,7.76,2.24,1.62,8.38,4
1/10/2015 3:00,34343.13,10.56,7.21,3.13,1.54,8.31,4
1/10/2015 4:00,34343.17,10.56,7.21,2.68,1.8,8.24,4
1/10/2015 5:00,34343.21,10.56,7.21,2.68,1.61,8.17,4
1/10/2015 6:00,34343.25,10.56,7.03,3.13,1.64,8.1,5
1/10/2015 7:00,34343.29,10,6.49,2.68,1.48,8.03,16
1/10/2015 8:00,34343.34,11.11,7.38,1.79,1.66,7.96,87
1/10/2015 9:00,34343.38,13.33,8.95,0.45,4.14,7.9,175
1/10/2015 10:00,34343.42,18.33,12.73,0.89,5.95,7.83,332
1/10/2015 11:00,34343.46,17.22,11.44,1.34,4.57,7.76,395
1/10/2015 12:00,34343.5,18.33,12.06,0.45,4.66,7.69,328
1/10/2015 13:00,34343.55,17.22,11.22,0.45,4.52,9.01,227
1/10/2015 14:00,34343.59,16.67,10.69,0,0.7,9.45,160
1/10/2015 15:00,34343.63,16.11,10.38,0.45,0.42,9.33,116
1/10/2015 16:00,34343.67,14.44,9.42,0.45,0.37,9.21,33
1/10/2015 17:00,34343.71,13.33,9.35,1.34,0.63,9.08,4
1/10/2015 18:00,34343.76,13.33,9.35,1.79,1.29,8.96,4
1/10/2015 19:00,34343.8,12.78,9.19,2.24,1.36,8.84,5
1/10/2015 20:00,34343.84,12.22,8.84,2.24,1.73,8.72,5
1/10/2015 21:00,34343.88,12.22,8.46,2.68,1.55,8.6,5
1/10/2015 22:00,34343.92,11.67,8.11,2.24,1.48,8.48,6
1/10/2015 23:00,34343.97,11.67,8.48,2.24,1.2,8.59,4
1/11/2015 0:00,34344,10.56,7.4,2.68,1.61,8.23,7
1/11/2015 1:00,34344.04,10.56,7.21,3.58,1.73,8.11,7
1/11/2015 2:00,34344.08,10.56,7.03,2.68,1.52,7.99,6
1/11/2015 3:00,34344.13,10.56,6.84,1.34,1.97,7.87,6
1/11/2015 4:00,34344.17,10,6.67,3.13,1.34,7.75,6
1/11/2015 5:00,34344.21,10.56,7.03,4.02,1.38,7.63,6
1/11/2015 6:00,34344.25,10,6.49,3.13,1.95,7.5,6
1/11/2015 7:00,34344.29,10.56,6.84,2.24,1.69,7.38,12
1/11/2015 8:00,34344.34,10.56,6.65,1.79,1.9,7.26,94
1/11/2015 9:00,34344.38,13.33,8.95,0.45,4.78,7.14,224
1/11/2015 10:00,34344.42,16.67,11.77,0.45,4,7.02,343
1/11/2015 11:00,34344.46,16.11,11.44,0.89,3.91,6.9,374
1/11/2015 12:00,34344.5,17.22,11.88,0.45,4.54,6.77,375
1/11/2015 13:00,34344.55,16.67,11.77,0.89,0.58,6.28,359
1/11/2015 14:00,34344.59,18.33,12.06,0.45,4.35,6.43,280
1/11/2015 15:00,34344.63,16.67,10.91,0,3.6,6.6,155
1/11/2015 16:00,34344.67,14.44,9.42,0.45,3.49,6.76,42
1/11/2015 17:00,34344.71,13.33,8.95,0.89,1.8,6.92,5
1/11/2015 18:00,34344.76,12.78,8.81,1.34,1.59,7.08,5
1/11/2015 19:00,34344.8,12.22,8.65,2.24,1.27,7.24,5
1/11/2015 20:00,34344.84,11.67,8.3,2.24,1.27,7.41,4
1/11/2015 21:00,34344.88,11.11,7.94,2.68,1.66,7.57,4
1/11/2015 22:00,34344.92,10.56,7.58,1.79,1.29,7.73,4
1/11/2015 23:00,34344.97,11.11,7.76,3.13,1.48,8.35,7
1/12/2015 0:00,34345,10.56,7.94,2.24,1.45,8.05,5
1/12/2015 1:00,34345.04,10,7.39,3.13,1.75,8.22,4
1/12/2015 2:00,34345.08,10,7.57,1.79,1.55,8.38,4
1/12/2015 3:00,34345.13,10,7.57,1.34,1.4,8.54,3
1/12/2015 4:00,34345.17,9.44,7.02,1.34,1.12,8.7,4
1/12/2015 5:00,34345.21,9.44,7.02,1.34,1.45,8.87,4
1/12/2015 6:00,34345.25,7.78,5.56,0.45,1.94,9.03,4
1/12/2015 7:00,34345.29,8.33,6.44,0.89,4.49,9.19,33
1/12/2015 8:00,34345.34,9.44,7.53,0.45,3.72,9.35,82
1/12/2015 9:00,34345.38,10,8.08,0.45,2.08,9.51,120
1/12/2015 10:00,34345.42,11.67,9.72,1.34,2.84,9.68,142
1/12/2015 11:00,34345.46,11.67,9.38,0.45,4.17,9.84,137
1/12/2015 12:00,34345.5,11.67,9.55,0.45,3.4,10,76
1/12/2015 13:00,34345.55,11.67,9.38,0.89,4.59,10,66
1/12/2015 14:00,34345.59,12.22,9.75,0.89,4.07,10,70
1/12/2015 15:00,34345.63,12.22,9.57,0.89,2.23,10,76
1/12/2015 16:00,34345.67,11.11,8.66,0.45,4.33,10,22
1/12/2015 17:00,34345.71,10.56,8.29,0.45,3.58,10,4
1/12/2015 18:00,34345.76,10.56,8.29,0.45,3.18,10,3
1/12/2015 19:00,34345.8,11.11,8.83,0.45,2.41,10,4
1/12/2015 20:00,34345.84,11.11,8.83,0.45,2.86,10,3
1/12/2015 21:00,34345.88,10.56,8.29,0,2.6,10,3
1/12/2015 22:00,34345.92,11.11,9.01,0.45,4.22,10,4
1/12/2015 23:00,34345.97,10.56,7.76,1.79,1.94,7.89,4
1/13/2015 0:00,34346,10.56,8.63,0.45,4.82,10,4
1/13/2015 1:00,34346.04,10,8.25,0.45,3.18,10,4
1/13/2015 2:00,34346.08,10,8.25,0.45,1.97,10,4
1/13/2015 3:00,34346.13,10,8.25,0.89,0.51,10,3
1/13/2015 4:00,34346.17,10,8.42,1.79,1.48,10,3
1/13/2015 5:00,34346.21,9.44,7.87,1.34,1.26,10,3
1/13/2015 6:00,34346.25,8.89,7.32,1.79,1.33,10,3
1/13/2015 7:00,34346.29,8.89,7.48,2.24,1.31,10,11
1/13/2015 8:00,34346.34,10,8.42,2.24,1.45,10,61
1/13/2015 9:00,34346.38,11.67,9.55,2.24,1.45,10,212
1/13/2015 10:00,34346.42,13.33,10.48,0.89,5.52,10,324
1/13/2015 11:00,34346.46,13.89,10.27,1.34,3.79,10,255
1/13/2015 12:00,34346.5,13.89,10.27,0.45,4.4,10,169
1/13/2015 13:00,34346.55,16.67,12.38,0.45,2.2,6.84,339
1/13/2015 14:00,34346.59,15,11.16,0.45,5.95,7.67,239
1/13/2015 15:00,34346.63,15.56,11.31,0,5.22,7.49,159
1/13/2015 16:00,34346.67,12.22,8.84,0.45,5.97,7.31,46
1/13/2015 17:00,34346.71,11.67,8.85,0.45,0.99,7.13,4
1/13/2015 18:00,34346.76,11.11,8.48,1.34,1.13,6.95,4
1/13/2015 19:00,34346.8,10,7.57,0.89,1.99,6.77,4
1/13/2015 20:00,34346.84,9.44,7.02,2.24,1.59,6.59,4
1/13/2015 21:00,34346.88,8.33,6.1,3.13,1.47,6.41,4
1/13/2015 22:00,34346.92,8.33,6.27,3.13,1.57,6.23,5
1/13/2015 23:00,34346.97,10.56,8.46,0.45,2.02,10,3
1/14/2015 0:00,34347,8.33,6.1,3.58,1.47,5.87,5
1/14/2015 1:00,34347.04,7.78,5.38,4.47,1.64,5.69,5
1/14/2015 2:00,34347.08,7.78,5.04,2.68,1.38,5.51,5
1/14/2015 3:00,34347.13,8.33,4.86,2.68,1.5,5.33,5
1/14/2015 4:00,34347.17,7.22,4.14,2.68,1.68,5.16,5
1/14/2015 5:00,34347.21,7.78,4.14,1.79,1.78,4.98,6
1/14/2015 6:00,34347.25,6.67,3.06,1.34,2.27,4.8,6
1/14/2015 7:00,34347.29,6.11,2.7,3.13,1.48,4.62,34
1/14/2015 8:00,34347.34,9.44,5.19,0.89,3.63,4.44,173
1/14/2015 9:00,34347.38,11.11,6.6,1.34,1.1,4.26,320
1/14/2015 10:00,34347.42,16.67,10.69,0.89,6,4.08,442
1/14/2015 11:00,34347.46,15.56,9.63,2.24,3.84,3.9,505
1/14/2015 12:00,34347.5,17.78,10.83,1.34,3.67,3.72,492
1/14/2015 13:00,34347.55,19.44,12.42,0.45,3.09,2.86,463
1/14/2015 14:00,34347.59,20,12.7,0.89,5.97,3.82,352
1/14/2015 15:00,34347.63,18.89,11.65,0.45,3.35,3.77,211
1/14/2015 16:00,34347.67,13.33,8.55,0.89,5.99,3.72,53
1/14/2015 17:00,34347.71,11.67,7.92,0.45,4.52,3.67,5
1/14/2015 18:00,34347.76,10.56,7.21,0.45,4.35,3.62,4
1/14/2015 19:00,34347.8,9.44,6.67,0.45,5.29,3.57,4
1/14/2015 20:00,34347.84,9.44,6.49,1.34,1.43,3.52,4
1/14/2015 21:00,34347.88,7.22,5.01,0.89,4.71,3.47,4
1/14/2015 22:00,34347.92,7.22,5.18,2.68,1.83,3.41,4
1/14/2015 23:00,34347.97,8.33,6.27,2.24,1.73,6.05,5
1/15/2015 0:00,34348,8.33,4.3,3.58,1.88,3.31,4
1/15/2015 1:00,34348.04,5.56,2.69,1.79,4.12,3.26,5
1/15/2015 2:00,34348.08,5,2.49,1.34,2.15,3.21,4
1/15/2015 3:00,34348.13,5.56,2.69,2.24,1.78,3.16,5
1/15/2015 4:00,34348.17,6.67,2.87,1.34,1.24,3.11,6
1/15/2015 5:00,34348.21,3.33,1.19,0.89,1.59,3.06,5
1/15/2015 6:00,34348.25,5.56,2.69,1.34,1.31,3.01,5
1/15/2015 7:00,34348.29,5.56,1.98,1.34,2.08,2.96,43
1/15/2015 8:00,34348.34,7.78,3.57,0.89,1.4,2.91,196
1/15/2015 9:00,34348.38,8.89,5.59,1.79,4.45,2.86,356
1/15/2015 10:00,34348.42,8.89,5.77,1.34,4.4,2.81,410
1/15/2015 11:00,34348.46,12.22,8.27,0.45,4.96,2.76,479
1/15/2015 12:00,34348.5,13.89,9.29,0.89,4.64,2.71,517
1/15/2015 13:00,34348.55,15,9.53,0.45,5.18,3.76,446
1/15/2015 14:00,34348.59,13.33,8.55,0.89,5.64,4.61,337
1/15/2015 15:00,34348.63,12.78,8.61,0,0.51,4.83,208
1/15/2015 16:00,34348.67,8.33,5.23,0.45,4.28,5.05,64
1/15/2015 17:00,34348.71,7.78,5.38,0.45,4.59,5.28,6
1/15/2015 18:00,34348.76,6.67,4.63,0.89,4.29,5.5,4
1/15/2015 19:00,34348.8,7.22,5.34,0.45,6.2,5.72,4
1/15/2015 20:00,34348.84,6.11,4.41,0.45,1.1,5.94,3
1/15/2015 21:00,34348.88,6.11,4.57,4.47,2.22,6.17,3
1/15/2015 22:00,34348.92,6.67,5.12,0.89,4.24,6.39,3
1/15/2015 23:00,34348.97,7.78,4.68,3.13,1.45,3.36,4
1/16/2015 0:00,34349,6.67,5.28,1.79,2.01,6.83,4
1/16/2015 1:00,34349.04,6.67,5.28,2.68,1.92,7.06,4
1/16/2015 2:00,34349.08,6.67,5.28,0.89,4.31,7.28,4
1/16/2015 3:00,34349.13,7.22,5.83,2.24,0.4,7.5,4
1/16/2015 4:00,34349.17,6.67,5.44,0.45,4.99,7.72,4
1/16/2015 5:00,34349.21,6.67,5.44,0.45,4.17,7.95,4
1/16/2015 6:00,34349.25,5.56,4.34,0.45,2.98,8.17,4
1/16/2015 7:00,34349.29,5.56,4.34,1.79,1.59,8.39,11
1/16/2015 8:00,34349.34,6.11,4.89,1.34,1.54,8.62,42
1/16/2015 9:00,34349.38,6.11,4.89,0.45,4.29,8.84,97
1/16/2015 10:00,34349.42,7.22,5.99,0.89,0.58,9.06,115
1/16/2015 11:00,34349.46,8.33,6.93,0.45,4.56,9.28,200
1/16/2015 12:00,34349.5,9.44,7.53,0,3.49,9.51,225
1/16/2015 13:00,34349.55,10.56,8.29,0.89,1.88,8.08,284
1/16/2015 14:00,34349.59,13.89,11.02,0.89,4.43,3.2,367
1/16/2015 15:00,34349.63,13.33,10.48,0,4.45,3.38,205
1/16/2015 16:00,34349.67,10.56,7.94,0.45,2.69,3.56,60
1/16/2015 17:00,34349.71,7.22,5.34,0.89,4.59,3.74,5
1/16/2015 18:00,34349.76,7.78,6.06,0.45,5.01,3.92,5
1/16/2015 19:00,34349.8,7.22,5.67,0.45,1.43,4.1,4
1/16/2015 20:00,34349.84,7.22,5.67,0.45,4.87,4.28,5
1/16/2015 21:00,34349.88,7.78,6.22,0.45,5.57,4.46,4
1/16/2015 22:00,34349.92,7.22,5.83,0.45,4.9,4.64,4
1/16/2015 23:00,34349.97,7.22,5.83,2.68,0.77,6.61,3
1/17/2015 0:00,34350,6.11,4.73,1.79,1.85,5,4
1/17/2015 1:00,34350.04,6.67,5.28,1.79,2.15,5.18,4
1/17/2015 2:00,34350.08,5.56,4.34,1.79,2.09,5.36,4
1/17/2015 3:00,34350.13,5.56,4.34,1.34,4.61,5.54,4
1/17/2015 4:00,34350.17,6.11,4.89,0.89,1.54,5.72,4
1/17/2015 5:00,34350.21,5.56,4.18,0.45,5.64,5.9,4
1/17/2015 6:00,34350.25,5.56,4.18,0.89,1.83,6.08,4
1/17/2015 7:00,34350.29,5.56,4.18,0.89,2.36,6.26,15
1/17/2015 8:00,34350.34,7.78,5.89,0.45,3.67,6.44,162
1/17/2015 9:00,34350.38,7.78,6.22,1.79,4.01,6.62,174
1/17/2015 10:00,34350.42,9.44,7.53,0.89,4.14,6.8,182
1/17/2015 11:00,34350.46,11.11,8.48,0.45,4.54,6.98,327
1/17/2015 12:00,34350.5,11.11,8.3,0.89,4.56,7.16,365
1/17/2015 13:00,34350.55,11.67,8.85,0.89,4.5,6.61,355
1/17/2015 14:00,34350.59,14.44,11.19,0.45,6.25,5.73,311
1/17/2015 15:00,34350.63,13.89,10.46,0.45,4.49,5.92,236
1/17/2015 16:00,34350.67,8.89,6.3,0.89,4.22,6.12,56
1/17/2015 17:00,34350.71,8.89,6.65,0.45,1.19,6.31,6
1/17/2015 18:00,34350.76,7.22,5.01,0.89,4.22,6.51,6
1/17/2015 19:00,34350.8,7.22,5.51,0.45,1.13,6.7,5
1/17/2015 20:00,34350.84,7.78,6.22,0.89,2.39,6.89,4
1/17/2015 21:00,34350.88,7.22,5.67,0.89,2.25,7.09,4
1/17/2015 22:00,34350.92,5.56,4.02,0,3.96,7.28,4
1/17/2015 23:00,34350.97,7.22,5.83,0.89,0.37,4.82,4
1/18/2015 0:00,34351,7.22,5.83,2.24,2.08,7.67,4
1/18/2015 1:00,34351.04,7.22,5.83,0.89,3.67,7.86,4
1/18/2015 2:00,34351.08,6.67,5.44,0.45,4.22,8.06,4
1/18/2015 3:00,34351.13,6.67,5.44,2.24,0.86,8.25,4
1/18/2015 4:00,34351.17,6.11,4.89,0.45,4.61,8.45,4
1/18/2015 5:00,34351.21,6.11,4.89,0.45,1.06,8.64,4
1/18/2015 6:00,34351.25,6.67,5.44,0.89,2.57,8.84,4
1/18/2015 7:00,34351.29,5.56,4.34,1.34,2.34,9.03,14
1/18/2015 8:00,34351.34,5.56,4.34,0.89,1.59,9.22,47
1/18/2015 9:00,34351.38,7.22,5.99,0.89,4.82,9.42,80
1/18/2015 10:00,34351.42,7.78,6.54,0.45,3.53,9.61,145
1/18/2015 11:00,34351.46,8.33,6.93,0,0.12,9.81,178
1/18/2015 12:00,34351.5,8.89,7.32,1.34,4.56,10,181
1/18/2015 13:00,34351.55,8.89,7.32,0.89,6.09,10,137
1/18/2015 14:00,34351.59,9.44,7.87,0.45,3.96,10,105
1/18/2015 15:00,34351.63,7.78,6.22,1.34,4.76,10,67
1/18/2015 16:00,34351.67,8.33,6.93,0.45,4.31,10,24
1/18/2015 17:00,34351.71,7.78,6.38,1.34,5.08,10,5
1/18/2015 18:00,34351.76,6.67,5.44,0.45,2.76,10,5
1/18/2015 19:00,34351.8,7.22,5.99,0.45,3.4,10,4
1/18/2015 20:00,34351.84,7.22,5.99,1.34,1.73,10,4
1/18/2015 21:00,34351.88,6.67,5.44,0.89,3.42,10,4
1/18/2015 22:00,34351.92,6.11,4.89,0.45,2.65,10,5
1/18/2015 23:00,34351.97,7.22,5.83,0.45,2.58,7.48,4
1/19/2015 0:00,34352,6.11,5.05,0.45,2.08,10,4
1/19/2015 1:00,34352.04,6.11,5.05,2.24,1.97,10,4
1/19/2015 2:00,34352.08,6.67,5.6,0.45,3.63,10,4
1/19/2015 3:00,34352.13,6.11,5.05,0,4.03,10,4
1/19/2015 4:00,34352.17,6.67,5.6,0.45,3.94,10,4
1/19/2015 5:00,34352.21,6.11,5.05,1.34,5.92,10,4
1/19/2015 6:00,34352.25,6.67,5.6,1.79,1.88,10,4
1/19/2015 7:00,34352.29,6.67,5.6,0.45,4.73,10,11
1/19/2015 8:00,34352.34,6.11,5.05,0.45,3.67,10,29
1/19/2015 9:00,34352.38,7.22,6.15,0.45,4.9,10,66
1/19/2015 10:00,34352.42,7.78,6.54,0.45,4.49,10,91
1/19/2015 11:00,34352.46,7.78,6.54,1.34,0.33,10,114
1/19/2015 12:00,34352.5,7.22,5.99,1.79,1.45,10,116
1/19/2015 13:00,34352.55,8.89,7.32,0.89,4.63,10,121
1/19/2015 14:00,34352.59,8.33,6.77,0.89,1.24,10,88
1/19/2015 15:00,34352.63,8.33,6.77,0.89,0.63,10,56
1/19/2015 16:00,34352.67,7.78,6.22,0.45,0.82,10,19
1/19/2015 17:00,34352.71,7.78,6.38,0.45,4.28,10,7
1/19/2015 18:00,34352.76,7.22,5.67,0,2.32,10,5
1/19/2015 19:00,34352.8,7.78,6.22,0,2.67,10,5
1/19/2015 20:00,34352.84,7.78,6.06,0.45,2.37,10,7
1/19/2015 21:00,34352.88,7.78,6.06,1.34,1.97,10,7
1/19/2015 22:00,34352.92,7.78,6.06,1.34,2.06,10,7
1/19/2015 23:00,34352.97,6.11,4.89,1.79,1.82,10,4
1/20/2015 0:00,34353,6.67,4.96,0.45,2.71,10,7
1/20/2015 1:00,34353.04,7.78,6.22,0.45,2.11,10,6
1/20/2015 2:00,34353.08,6.67,5.12,1.34,2.15,10,5
1/20/2015 3:00,34353.13,7.22,5.83,0.45,1.8,10,5
1/20/2015 4:00,34353.17,7.22,5.83,0.89,4.57,10,4
1/20/2015 5:00,34353.21,7.22,5.83,0.89,1.26,10,5
1/20/2015 6:00,34353.25,6.11,4.73,2.24,1.33,10,6
1/20/2015 7:00,34353.29,6.67,5.28,0.89,1.61,10,13
1/20/2015 8:00,34353.34,7.78,6.38,0.45,4.14,10,35
1/20/2015 9:00,34353.38,7.78,6.38,0.45,3.28,10,41
1/20/2015 10:00,34353.42,7.78,6.38,0.45,2.97,10,52
1/20/2015 11:00,34353.46,7.78,6.38,1.34,1.31,10,56
1/20/2015 12:00,34353.5,7.78,6.22,0.45,5.46,10,80
1/20/2015 13:00,34353.55,8.89,7.15,0.89,4.59,10,75
1/20/2015 14:00,34353.59,7.78,5.89,1.79,5.9,10,60
1/20/2015 15:00,34353.63,8.33,6.44,0.45,4.43,10,50
1/20/2015 16:00,34353.67,8.33,6.44,0.45,3.6,10,23
1/20/2015 17:00,34353.71,8.33,6.44,0.45,4.52,10,7
1/20/2015 18:00,34353.76,8.33,6.44,0.45,4.68,10,8
1/20/2015 19:00,34353.8,7.22,5.18,1.79,2.29,10,8
1/20/2015 20:00,34353.84,7.78,5.72,1.34,2.39,10,8
1/20/2015 21:00,34353.88,7.78,5.72,1.34,2.95,10,6
1/20/2015 22:00,34353.92,7.78,5.72,0.89,2.84,10,5
1/20/2015 23:00,34353.97,7.78,6.06,0.89,4.07,10,7
1/21/2015 0:00,34354,7.22,5.34,1.79,2.44,10,8
1/21/2015 1:00,34354.04,7.22,5.51,0.89,2.15,10,8
1/21/2015 2:00,34354.08,7.22,5.51,0.89,1.52,10,5
1/21/2015 3:00,34354.13,7.78,5.72,0.89,2.46,10,4
1/21/2015 4:00,34354.17,7.78,5.56,1.79,1.85,10,8
1/21/2015 5:00,34354.21,7.78,5.56,1.34,2.41,10,6
1/21/2015 6:00,34354.25,7.78,5.56,0.89,1.54,10,4
1/21/2015 7:00,34354.29,7.78,5.56,1.34,0.73,10,9
1/21/2015 8:00,34354.34,7.22,5.01,1.34,0.93,10,24
1/21/2015 9:00,34354.38,7.78,5.38,2.68,1.08,10,49
1/21/2015 10:00,34354.42,7.78,5.56,0.89,1.19,10,76
1/21/2015 11:00,34354.46,7.78,5.56,1.34,1.26,10,109
1/21/2015 12:00,34354.5,9.44,7.02,0.45,3.25,10,121
1/21/2015 13:00,34354.55,9.44,6.67,0.89,3.98,10,132
1/21/2015 14:00,34354.59,8.89,6.3,0.45,0.44,10,93
1/21/2015 15:00,34354.63,8.89,6.3,2.24,3.87,9.83,64
1/21/2015 16:00,34354.67,7.78,5.21,0.89,2.44,9.66,23
1/21/2015 17:00,34354.71,8.33,5.93,0.45,1.92,9.49,8
1/21/2015 18:00,34354.76,8.33,5.93,0.89,3.04,9.32,7
1/21/2015 19:00,34354.8,7.78,5.38,0.45,0.86,9.14,7
1/21/2015 20:00,34354.84,7.78,5.56,1.34,1.83,8.97,7
1/21/2015 21:00,34354.88,7.78,5.56,0.89,4.05,8.8,7
1/21/2015 22:00,34354.92,7.78,5.56,0.89,3.49,8.63,7
1/21/2015 23:00,34354.97,7.22,5.34,0.89,2.43,10,7
1/22/2015 0:00,34355,7.78,5.56,0.45,3.23,8.29,7
1/22/2015 1:00,34355.04,6.67,4.46,0.45,0.77,8.12,7
1/22/2015 2:00,34355.08,6.67,4.46,0.89,2.08,7.95,7
1/22/2015 3:00,34355.13,6.11,3.92,1.79,1.41,7.78,7
1/22/2015 4:00,34355.17,6.67,4.63,0.89,2.46,7.61,7
1/22/2015 5:00,34355.21,5,3.15,1.34,1.97,7.43,7
1/22/2015 6:00,34355.25,5,3.32,0.45,1.64,7.26,7
1/22/2015 7:00,34355.29,5.56,3.7,0.45,4.52,7.09,14
1/22/2015 8:00,34355.34,6.11,4.08,1.79,1.54,6.92,69
1/22/2015 9:00,34355.38,7.78,5.38,0.89,2.46,6.75,158
1/22/2015 10:00,34355.42,7.78,5.04,1.34,4.31,6.58,167
1/22/2015 11:00,34355.46,9.44,6.67,0.89,6.04,6.41,202
1/22/2015 12:00,34355.5,13.89,10.27,0.89,0.38,6.24,419
1/22/2015 13:00,34355.55,10.56,7.03,0.89,5.06,8,297
1/22/2015 14:00,34355.59,11.11,7.76,0.45,4.4,9.23,182
1/22/2015 15:00,34355.63,10.56,7.21,0.89,4.36,9.26,138
1/22/2015 16:00,34355.67,9.44,6.67,0.89,4.35,9.3,56
1/22/2015 17:00,34355.71,8.89,6.48,0.45,4.66,9.33,8
1/22/2015 18:00,34355.76,7.78,5.56,0.45,5.22,9.37,6
1/22/2015 19:00,34355.8,6.67,4.8,0.89,1.69,9.4,6
1/22/2015 20:00,34355.84,6.67,4.96,0.45,1.94,9.44,5
1/22/2015 21:00,34355.88,5,3.32,0.89,4.28,9.47,5
1/22/2015 22:00,34355.92,6.11,4.57,0.89,1.99,9.51,5
1/22/2015 23:00,34355.97,7.78,5.56,2.68,2.13,8.46,7
1/23/2015 0:00,34356,6.67,5.12,3.13,1.52,9.58,4
1/23/2015 1:00,34356.04,5.56,4.18,2.68,1.68,9.61,4
1/23/2015 2:00,34356.08,5,3.63,0.45,0.07,9.65,4
1/23/2015 3:00,34356.13,5,3.63,2.24,1.59,9.68,5
1/23/2015 4:00,34356.17,3.89,2.54,2.24,1.82,9.72,5
1/23/2015 5:00,34356.21,3.89,2.54,2.24,1.76,9.75,5
1/23/2015 6:00,34356.25,3.89,2.38,1.34,4.66,9.79,5
1/23/2015 7:00,34356.29,3.89,2.54,0.89,2.44,9.82,41
1/23/2015 8:00,34356.34,4.44,3.08,0.45,3.82,9.86,107
1/23/2015 9:00,34356.38,6.67,5.28,0.45,3.77,9.89,111
1/23/2015 10:00,34356.42,6.67,5.28,0.45,2.69,9.93,126
1/23/2015 11:00,34356.46,6.67,5.12,0.89,4.05,9.96,146
1/23/2015 12:00,34356.5,6.67,5.28,0,5.17,10,126
1/23/2015 13:00,34356.55,7.78,6.22,0.45,1.57,10,118
1/23/2015 14:00,34356.59,7.78,6.22,0.45,4.63,10,99
1/23/2015 15:00,34356.63,7.22,5.67,0,4.78,9.89,45
1/23/2015 16:00,34356.67,6.67,5.28,0.45,4.43,9.79,20
1/23/2015 17:00,34356.71,5.56,4.34,0.45,4.15,9.68,6
1/23/2015 18:00,34356.76,6.11,4.89,0.45,2.69,9.58,5
1/23/2015 19:00,34356.8,5.56,4.34,4.02,1.78,9.47,5
1/23/2015 20:00,34356.84,5.56,4.34,1.34,2.53,9.36,5
1/23/2015 21:00,34356.88,6.11,5.05,0.45,1.94,9.26,5
1/23/2015 22:00,34356.92,5,3.95,0.45,2.32,9.15,5
1/23/2015 23:00,34356.97,7.22,5.67,1.34,1.73,9.54,4
1/24/2015 0:00,34357,5.56,4.5,0.89,1.99,8.94,5
1/24/2015 1:00,34357.04,5.56,4.5,0.45,1.73,8.83,5
1/24/2015 2:00,34357.08,3.89,2.85,0.89,5.76,8.73,5
1/24/2015 3:00,34357.13,4.44,3.4,0.89,2.46,8.62,5
1/24/2015 4:00,34357.17,3.89,2.85,0.89,1.94,8.52,5
1/24/2015 5:00,34357.21,3.89,2.85,0.45,2.91,8.41,5
1/24/2015 6:00,34357.25,3.89,2.85,0,3.26,8.31,5
1/24/2015 7:00,34357.29,3.89,2.85,0.45,4.33,8.2,18
1/24/2015 8:00,34357.34,4.44,3.4,0.89,2.43,8.09,65
1/24/2015 9:00,34357.38,5,3.95,0.45,1.76,7.99,120
1/24/2015 10:00,34357.42,6.11,5.05,0.89,2.13,7.88,179
1/24/2015 11:00,34357.46,7.78,6.54,0.45,2.69,7.78,212
1/24/2015 12:00,34357.5,10.56,9.13,0.45,5.62,7.67,350
1/24/2015 13:00,34357.55,12.78,10.47,0.45,4.01,0,516
1/24/2015 14:00,34357.59,13.89,11.02,0.89,4.24,0.9,411
1/24/2015 15:00,34357.63,13.89,10.27,0.45,4.08,1.23,259
1/24/2015 16:00,34357.67,12.22,9.02,0.45,3.04,1.56,93
1/24/2015 17:00,34357.71,7.22,5.34,0.45,4.12,1.89,8
1/24/2015 18:00,34357.76,6.67,5.12,0.45,4,2.23,6
1/24/2015 19:00,34357.8,6.11,4.73,0.89,3.74,2.56,6
1/24/2015 20:00,34357.84,6.11,4.73,0.45,3.91,2.89,5
1/24/2015 21:00,34357.88,6.11,4.89,0.45,3.25,3.23,5
1/24/2015 22:00,34357.92,6.11,4.89,0.89,2.6,3.56,6
1/24/2015 23:00,34357.97,5.56,4.5,0.45,4.33,9.05,5
1/25/2015 0:00,34358,5.56,4.5,0.89,3.82,4.23,6
1/25/2015 1:00,34358.04,4.44,3.4,0.45,4.54,4.56,6
1/25/2015 2:00,34358.08,5,3.95,0.45,2.36,4.89,6
1/25/2015 3:00,34358.13,3.89,2.85,0.45,4.5,5.23,6
1/25/2015 4:00,34358.17,3.33,2.29,0.45,5.99,5.56,6
1/25/2015 5:00,34358.21,3.33,2.45,0.45,0.45,5.89,6
1/25/2015 6:00,34358.25,2.78,1.9,0.45,4.35,6.23,6
1/25/2015 7:00,34358.29,2.22,1.34,0.89,4.38,6.56,44
1/25/2015 8:00,34358.34,2.78,1.74,0.89,3.67,6.89,98
1/25/2015 9:00,34358.38,4.44,3.4,0.89,3.75,7.23,139
1/25/2015 10:00,34358.42,5.56,4.5,0.89,4.15,7.56,183
1/25/2015 11:00,34358.46,7.22,5.99,0.45,4.24,7.89,219
1/25/2015 12:00,34358.5,8.89,7.48,0.45,4.33,8.23,319
1/25/2015 13:00,34358.55,11.67,9.55,0.45,3.39,2.21,501
1/25/2015 14:00,34358.59,14.44,11.75,1.34,0.19,1.05,413
1/25/2015 15:00,34358.63,13.33,10.66,1.34,4.73,1.24,264
1/25/2015 16:00,34358.67,10,7.74,0.45,4.9,1.43,101
1/25/2015 17:00,34358.71,7.78,6.06,0.89,4.05,1.61,9
1/25/2015 18:00,34358.76,7.22,5.67,1.79,1.45,1.8,7
1/25/2015 19:00,34358.8,6.67,5.12,1.34,3.87,1.99,7
1/25/2015 20:00,34358.84,5.56,4.34,1.79,3.96,2.18,7
1/25/2015 21:00,34358.88,6.67,5.44,0.89,2.62,2.37,7
1/25/2015 22:00,34358.92,7.22,5.99,2.24,1.5,2.56,7
1/25/2015 23:00,34358.97,5.56,4.5,0,3.23,3.89,5
1/26/2015 0:00,34359,8.89,6.3,3.58,1.95,2.94,8
1/26/2015 1:00,34359.04,8.89,5.77,3.13,1.48,3.12,8
1/26/2015 2:00,34359.08,9.44,6.13,1.79,1.54,3.31,8
1/26/2015 3:00,34359.13,5.56,3.54,0.89,0.07,3.5,9
1/26/2015 4:00,34359.17,6.11,4.41,2.24,0.98,3.69,9
1/26/2015 5:00,34359.21,7.78,5.04,2.68,1.43,3.88,9
1/26/2015 6:00,34359.25,8.33,5.05,2.68,1.73,4.07,9
1/26/2015 7:00,34359.29,7.22,4.14,0.89,4.07,4.26,25
1/26/2015 8:00,34359.34,8.33,5.41,1.34,0.59,4.45,67
1/26/2015 9:00,34359.38,8.89,6.13,0.89,3.75,4.64,116
1/26/2015 10:00,34359.42,10.56,7.76,2.24,0.02,4.82,238
1/26/2015 11:00,34359.46,11.67,8.85,1.79,4.38,5.01,266
1/26/2015 12:00,34359.5,12.78,9.57,2.68,1.2,5.2,472
1/26/2015 13:00,34359.55,14.44,9.83,1.34,1.12,6.04,397
1/26/2015 14:00,34359.59,15,10.36,0.45,4.64,8.44,225
1/26/2015 15:00,34359.63,16.11,11.02,0.45,4.35,8.48,222
1/26/2015 16:00,34359.67,13.89,9.89,0.45,4.89,8.52,61
1/26/2015 17:00,34359.71,12.22,8.65,0.45,5.17,8.57,13
1/26/2015 18:00,34359.76,12.22,8.84,0.45,4.54,8.61,11
1/26/2015 19:00,34359.8,10.56,7.58,0.45,5.08,8.65,11
1/26/2015 20:00,34359.84,11.11,8.3,0.89,4.36,8.7,12
1/26/2015 21:00,34359.88,10.56,8.11,2.68,1.4,8.74,11
1/26/2015 22:00,34359.92,12.22,8.65,0.89,3.09,8.78,10
1/26/2015 23:00,34359.97,7.78,6.38,2.68,1.55,2.75,7
1/27/2015 0:00,34360,12.78,7.81,0.89,3.77,8.87,10
1/27/2015 1:00,34360.04,12.78,8.01,0.89,2.32,8.91,10
1/27/2015 2:00,34360.08,12.22,8.46,0.89,2.65,8.96,9
1/27/2015 3:00,34360.13,11.67,8.67,1.34,1.4,9,8
1/27/2015 4:00,34360.17,11.67,9.03,2.24,1.4,9.04,8
1/27/2015 5:00,34360.21,11.67,9.2,3.13,1.61,9.09,8
1/27/2015 6:00,34360.25,10.56,8.46,3.13,1.76,9.13,8
1/27/2015 7:00,34360.29,11.67,9.55,1.79,1.38,9.17,13
1/27/2015 8:00,34360.34,11.11,9.01,2.24,1.8,9.22,55
1/27/2015 9:00,34360.38,12.22,9.75,2.24,1.9,9.26,113
1/27/2015 10:00,34360.42,13.33,10.3,3.58,1.61,9.3,138
1/27/2015 11:00,34360.46,14.44,11.19,0.89,1.38,9.34,175
1/27/2015 12:00,34360.5,16.11,12.24,0.89,6.27,9.39,246
1/27/2015 13:00,34360.55,17.78,13.46,0.45,6.09,9.38,224
1/27/2015 14:00,34360.59,18.89,13.48,0.45,6.21,6.03,322
1/27/2015 15:00,34360.63,20,14.11,0.45,4.82,6.02,222
1/27/2015 16:00,34360.67,19.44,13.12,0,4.42,6,148
1/27/2015 17:00,34360.71,14.44,10.03,0,1.43,5.99,14
1/27/2015 18:00,34360.76,13.33,9.15,0.45,5.38,5.97,10
1/27/2015 19:00,34360.8,13.89,10.08,0.45,5.92,5.96,9
1/27/2015 20:00,34360.84,13.33,10.11,1.34,1.26,5.94,9
1/27/2015 21:00,34360.88,13.33,10.11,1.79,1.64,5.93,8
1/27/2015 22:00,34360.92,12.22,9.39,3.13,1.41,5.91,8
1/27/2015 23:00,34360.97,13.33,8.95,2.68,2.13,8.83,11
1/28/2015 0:00,34361,11.67,8.48,1.34,1.76,5.88,9
1/28/2015 1:00,34361.04,10,7.21,1.34,1.41,5.86,8
1/28/2015 2:00,34361.08,10,7.21,0.89,2.65,5.85,8
1/28/2015 3:00,34361.13,10,7.21,1.34,1.45,5.83,7
1/28/2015 4:00,34361.17,9.44,6.85,2.68,1.57,5.82,7
1/28/2015 5:00,34361.21,8.89,6.3,2.24,1.68,5.8,6
1/28/2015 6:00,34361.25,8.89,6.13,2.24,1.66,5.79,7
1/28/2015 7:00,34361.29,9.44,6.49,1.34,1.52,5.77,31
1/28/2015 8:00,34361.34,11.11,7.57,0.89,4.38,5.76,246
1/28/2015 9:00,34361.38,15,11.36,1.34,4.54,5.74,347
1/28/2015 10:00,34361.42,16.11,12.05,0.89,4.49,5.73,475
1/28/2015 11:00,34361.46,16.67,12.18,0.45,4.4,5.71,515
1/28/2015 12:00,34361.5,17.22,12.92,0.45,4.01,5.7,457
1/28/2015 13:00,34361.55,16.11,11.44,1.34,3.8,4.94,443
1/28/2015 14:00,34361.59,18.33,13.16,0.89,4.26,5.03,355
1/28/2015 15:00,34361.63,16.11,11.64,0.45,4.08,4.98,153
1/28/2015 16:00,34361.67,13.89,10.46,0.89,4.47,4.94,72
1/28/2015 17:00,34361.71,11.67,9.03,0.45,4.01,4.9,16
1/28/2015 18:00,34361.76,11.67,9.38,0.89,2.04,4.85,9
1/28/2015 19:00,34361.8,11.67,9.55,0.89,4.24,4.81,10
1/28/2015 20:00,34361.84,10.56,8.63,0.45,2.88,4.76,10
1/28/2015 21:00,34361.88,10,7.91,0,1.41,4.72,10
1/28/2015 22:00,34361.92,11.11,9.01,1.34,1.47,4.68,10
1/28/2015 23:00,34361.97,11.11,8.12,2.24,1.88,5.9,9
1/29/2015 0:00,34362,11.11,9.18,1.34,2.01,4.59,9
1/29/2015 1:00,34362.04,10,8.08,2.24,1.26,4.54,9
1/29/2015 2:00,34362.08,10,8.08,0.89,3.96,4.5,10
1/29/2015 3:00,34362.13,10,8.25,1.79,1.45,4.46,9
1/29/2015 4:00,34362.17,10,8.25,2.24,1.31,4.41,6
1/29/2015 5:00,34362.21,8.89,7.15,1.34,1.33,4.37,5
1/29/2015 6:00,34362.25,8.89,7.32,2.24,1.48,4.32,8
1/29/2015 7:00,34362.29,10,8.25,2.24,1.68,4.28,28
1/29/2015 8:00,34362.34,12.22,10.27,0.45,4.49,4.24,134
1/29/2015 9:00,34362.38,13.33,11.19,0,4.75,4.19,239
1/29/2015 10:00,34362.42,16.11,13.2,0.45,4.45,4.15,343
1/29/2015 11:00,34362.46,16.67,12.98,0.45,6.02,4.1,498
1/29/2015 12:00,34362.5,17.22,12.51,1.34,3.89,4.06,520
1/29/2015 13:00,34362.55,16.11,10.6,2.24,6.2,0,533
1/29/2015 14:00,34362.59,18.33,12.95,1.34,4.69,0,487
1/29/2015 15:00,34362.63,16.11,10.81,1.34,4.35,0.28,317
1/29/2015 16:00,34362.67,16.11,11.85,0.89,4.38,0.55,122
1/29/2015 17:00,34362.71,13.89,10.65,0.45,3.98,0.83,26
1/29/2015 18:00,34362.76,12.78,10.12,0.45,3.54,1.11,19
1/29/2015 19:00,34362.8,12.22,9.75,0.89,4.59,1.39,18
1/29/2015 20:00,34362.84,10.56,8.46,1.34,1.59,1.66,12
1/29/2015 21:00,34362.88,10,7.91,2.24,2.18,1.94,11
1/29/2015 22:00,34362.92,10,8.08,1.34,1.73,2.22,11
1/29/2015 23:00,34362.97,11.11,9.18,1.34,0.99,4.63,10
1/30/2015 0:00,34363,10.56,8.8,1.34,0.07,2.77,10
1/30/2015 1:00,34363.04,10,8.25,1.79,1.24,3.05,11
1/30/2015 2:00,34363.08,9.44,7.7,2.24,1.54,3.33,11
1/30/2015 3:00,34363.13,8.89,7.32,2.68,1.57,3.61,10
1/30/2015 4:00,34363.17,8.89,7.32,1.79,1.43,3.88,10
1/30/2015 5:00,34363.21,8.89,7.32,2.24,1.45,4.16,11
1/30/2015 6:00,34363.25,9.44,7.53,3.13,1.47,4.44,10
1/30/2015 7:00,34363.29,9.44,7.36,3.58,1.34,4.71,29
1/30/2015 8:00,34363.34,9.44,7.02,3.13,1.55,4.99,125
1/30/2015 9:00,34363.38,11.67,9.03,2.68,1.45,5.27,139
1/30/2015 10:00,34363.42,21.11,17.31,0.89,4.17,5.55,320
1/30/2015 11:00,34363.46,22.22,17.56,0.89,4.78,5.82,488
1/30/2015 12:00,34363.5,23.33,18.42,0.45,4.87,6.1,444
1/30/2015 13:00,34363.55,23.33,17.76,0.45,4.4,8.53,281
1/30/2015 14:00,34363.59,24.44,18.6,0.45,3.61,6.15,325
1/30/2015 15:00,34363.63,26.11,20.2,0.89,4.24,6.11,211
1/30/2015 16:00,34363.67,23.33,17.53,0.89,3.98,6.08,114
1/30/2015 17:00,34363.71,19.44,14.87,0.89,3.72,6.04,13
1/30/2015 18:00,34363.76,16.67,12.38,0.89,2.22,6,6
1/30/2015 19:00,34363.8,16.11,11.85,1.34,1.48,5.97,7
1/30/2015 20:00,34363.84,15.56,11.51,1.34,1.99,5.93,6
1/30/2015 21:00,34363.88,14.44,10.62,1.34,1.85,5.89,6
1/30/2015 22:00,34363.92,14.44,11.19,1.34,1.52,5.86,6
1/30/2015 23:00,34363.97,10.56,8.63,1.79,2.06,2.5,11
1/31/2015 0:00,34364,12.78,10.12,1.79,0.65,5.78,6
1/31/2015 1:00,34364.04,12.78,10.29,2.68,1.29,5.74,7
1/31/2015 2:00,34364.08,11.67,9.2,2.68,1.54,5.71,7
1/31/2015 3:00,34364.13,11.67,9.2,2.68,1.34,5.67,7
1/31/2015 4:00,34364.17,12.22,9.93,3.13,1.61,5.63,7
1/31/2015 5:00,34364.21,11.67,9.55,2.68,1.43,5.6,7
1/31/2015 6:00,34364.25,11.67,9.55,3.58,1.36,5.56,7
1/31/2015 7:00,34364.29,11.67,9.55,2.68,1.45,5.52,43
1/31/2015 8:00,34364.34,13.89,11.02,0.45,3.61,5.49,174
1/31/2015 9:00,34364.38,18.89,15.73,1.34,1.29,5.45,316
1/31/2015 10:00,34364.42,21.11,16.48,0.89,5.79,5.41,446
1/31/2015 11:00,34364.46,22.22,17.77,0.89,4.54,5.38,530
1/31/2015 12:00,34364.5,23.33,17.76,0.89,4.56,5.34,480
1/31/2015 13:00,34364.55,23.33,16.6,0.89,3.02,2.71,511
1/31/2015 14:00,34364.59,24.44,16.92,0.45,4.33,3.77,394
1/31/2015 15:00,34364.63,26.11,18.76,0.89,6.2,3.83,242
1/31/2015 16:00,34364.67,23.33,16.84,0.89,5.64,3.88,99
1/31/2015 17:00,34364.71,19.44,14.66,1.34,0.66,3.94,12
1/31/2015 18:00,34364.76,16.67,11.77,0.89,0.93,3.99,8
1/31/2015 19:00,34364.8,16.11,11.85,1.34,1.61,4.05,9
1/31/2015 20:00,34364.84,15.56,11.9,2.68,1.33,4.1,9
1/31/2015 21:00,34364.88,14.44,11.19,2.24,1.54,4.16,8
1/31/2015 22:00,34364.92,14.44,11.19,3.13,1.59,4.21,8
1/31/2015 23:00,34364.97,13.89,10.84,2.24,1.47,5.82,6
2/1/2015 0:00,34365,12.78,9.93,3.13,1.62,4.32,8
2/1/2015 1:00,34365.04,12.78,9.93,4.02,1.48,4.38,8
2/1/2015 2:00,34365.08,11.67,8.85,3.13,1.17,4.43,9
2/1/2015 3:00,34365.13,11.67,8.67,2.68,1.45,4.49,9
2/1/2015 4:00,34365.17,12.22,8.84,3.13,1.82,4.54,9
2/1/2015 5:00,34365.21,11.67,8.11,3.13,1.27,4.6,16
2/1/2015 6:00,34365.25,11.67,7.92,3.58,1.9,4.65,12
2/1/2015 7:00,34365.29,11.67,7.73,3.13,1.48,4.71,55
2/1/2015 8:00,34365.34,13.89,9.09,4.02,1.54,4.76,198
2/1/2015 9:00,34365.38,18.89,13.26,1.79,1.15,4.82,362
2/1/2015 10:00,34365.42,21.11,14.48,1.34,0.75,4.87,480
2/1/2015 11:00,34365.46,22.22,15.06,0.89,3.72,4.93,516
2/1/2015 12:00,34365.5,23.33,15.87,0.89,4.17,4.98,497
2/1/2015 13:00,34365.55,23.33,14.31,0.45,4.82,0,541
2/1/2015 14:00,34365.59,24.44,14.51,0.89,4.64,1.62,430
2/1/2015 15:00,34365.63,26.11,16.35,0.45,3.67,1.9,277
2/1/2015 16:00,34365.67,23.33,15.11,0.45,5.81,2.19,77
2/1/2015 17:00,34365.71,19.44,12.42,1.34,0.66,2.48,24
2/1/2015 18:00,34365.76,16.67,10.69,1.34,1.12,2.76,15
2/1/2015 19:00,34365.8,16.11,10.6,0.89,0.91,3.05,12
2/1/2015 20:00,34365.84,15.56,10.9,1.79,1.38,3.34,12
2/1/2015 21:00,34365.88,14.44,10.43,2.68,1.57,3.62,12
2/1/2015 22:00,34365.92,14.44,10.43,2.24,1.59,3.91,11
2/1/2015 23:00,34365.97,13.89,10.84,2.24,1.85,4.27,8
2/2/2015 0:00,34366,12.78,8.81,3.13,1.29,4.48,12
2/2/2015 1:00,34366.04,12.78,8.81,3.13,1.82,4.77,12
2/2/2015 2:00,34366.08,11.67,7.54,3.13,1.43,5.06,11
2/2/2015 3:00,34366.13,11.67,7.14,2.68,1.38,5.34,11
2/2/2015 4:00,34366.17,12.22,7.68,2.24,1.5,5.63,11
2/2/2015 5:00,34366.21,11.67,7.34,3.13,1.24,5.92,11
2/2/2015 6:00,34366.25,11.67,7.34,2.24,1.22,6.2,10
2/2/2015 7:00,34366.29,11.67,7.14,2.68,1.54,6.49,61
2/2/2015 8:00,34366.34,13.89,8.88,2.24,1.34,6.77,217
2/2/2015 9:00,34366.38,18.89,13.26,0.89,1.82,7.06,381
2/2/2015 10:00,34366.42,21.11,14.71,0,6,7.35,460
2/2/2015 11:00,34366.46,22.22,14.31,1.34,4.22,7.63,516
2/2/2015 12:00,34366.5,23.33,15.62,1.34,4.36,7.92,353
2/2/2015 13:00,34366.55,23.33,14.58,0.45,3.94,5.98,417
2/2/2015 14:00,34366.59,24.44,14.8,0.89,4.61,3.58,404
2/2/2015 15:00,34366.63,26.11,16.64,0.89,5.88,3.69,286
2/2/2015 16:00,34366.67,23.33,14.84,0.89,5.81,3.8,119
2/2/2015 17:00,34366.71,19.44,12.66,0.89,5.76,3.9,16
2/2/2015 18:00,34366.76,16.67,10.47,1.34,1.59,4.01,8
2/2/2015 19:00,34366.8,16.11,10.6,2.68,1.22,4.12,9
2/2/2015 20:00,34366.84,15.56,10.7,2.68,1.08,4.23,9
2/2/2015 21:00,34366.88,14.44,10.23,1.79,1.57,4.33,10
2/2/2015 22:00,34366.92,14.44,10.43,2.24,1.33,4.44,9
2/2/2015 23:00,34366.97,13.89,10.08,2.68,1.43,4.2,12
2/3/2015 0:00,34367,12.78,9.19,1.79,1.5,4.65,10
2/3/2015 1:00,34367.04,12.78,9.57,2.68,1.47,4.76,10
2/3/2015 2:00,34367.08,11.67,8.11,1.34,1.01,4.87,10
2/3/2015 3:00,34367.13,11.67,8.48,4.47,1.5,4.98,10
2/3/2015 4:00,34367.17,12.22,8.65,3.58,1.83,5.08,10
2/3/2015 5:00,34367.21,11.67,8.11,1.34,1.54,5.19,10
2/3/2015 6:00,34367.25,11.67,8.3,2.68,1.48,5.3,10
2/3/2015 7:00,34367.29,11.67,7.92,2.24,1.52,5.41,62
2/3/2015 8:00,34367.34,13.89,9.29,1.79,1.27,5.51,224
2/3/2015 9:00,34367.38,18.89,13.26,0.45,5.5,5.62,368
2/3/2015 10:00,34367.42,21.11,14.95,0.89,4.01,5.73,376
2/3/2015 11:00,34367.46,22.22,15.78,0.45,3.7,5.84,424
2/3/2015 12:00,34367.5,23.33,16.12,0.89,4.12,5.94,462
2/3/2015 13:00,34367.55,23.33,16.12,0.89,5.79,4.56,473
2/3/2015 14:00,34367.59,24.44,15.62,0.45,6.04,2.13,431
2/3/2015 15:00,34367.63,20.56,11.7,1.34,3.87,2.29,253
2/3/2015 16:00,34367.67,17.78,10.11,0.89,4.03,2.45,112
2/3/2015 17:00,34367.71,16.67,10.47,1.34,1.9,2.61,27
2/3/2015 18:00,34367.76,15.56,10.06,1.79,1.8,2.77,20
2/3/2015 19:00,34367.8,14.44,8.99,1.34,1.26,2.93,19
2/3/2015 20:00,34367.84,13.89,9.29,1.79,1.38,3.09,20
2/3/2015 21:00,34367.88,12.22,8.27,1.79,1.73,3.25,20
2/3/2015 22:00,34367.92,12.78,9.19,3.58,1.47,3.41,20
2/3/2015 23:00,34367.97,13.89,10.27,2.68,1.57,4.55,10
2/4/2015 0:00,34368,11.11,7.76,3.13,1.57,3.73,19
2/4/2015 1:00,34368.04,11.67,8.3,3.13,1.8,3.89,19
2/4/2015 2:00,34368.08,11.11,7.94,3.58,1.5,4.05,19
2/4/2015 3:00,34368.13,10.56,7.21,3.13,1.68,4.21,19
2/4/2015 4:00,34368.17,10,6.11,2.24,1.55,4.37,18
2/4/2015 5:00,34368.21,9.44,5.38,2.68,1.17,4.53,19
2/4/2015 6:00,34368.25,9.44,4.99,3.58,1.68,4.69,20
2/4/2015 7:00,34368.29,10,4.93,2.68,1.75,4.85,63
2/4/2015 8:00,34368.34,12.22,5.32,2.68,1.38,5.01,203
2/4/2015 9:00,34368.38,16.11,6.73,1.34,1.71,5.17,345
2/4/2015 10:00,34368.42,23.89,13.41,0.89,0.44,5.33,509
2/4/2015 11:00,34368.46,23.89,12.5,0.45,4.73,5.49,623
2/4/2015 12:00,34368.5,25,11.18,0.89,4.17,5.65,478
2/4/2015 13:00,34368.55,24.44,8.78,2.24,4.08,0,552
2/4/2015 14:00,34368.59,25,10.44,0.45,2.06,4.45,390
2/4/2015 15:00,34368.63,23.89,9.07,0.89,2.6,4.58,268
2/4/2015 16:00,34368.67,22.22,7.94,1.79,1.41,4.71,82
2/4/2015 17:00,34368.71,22.78,7.68,1.79,2.09,4.85,21
2/4/2015 18:00,34368.76,18.89,4.93,2.24,1.64,4.98,15
2/4/2015 19:00,34368.8,18.33,4.78,3.58,1.55,5.12,17
2/4/2015 20:00,34368.84,18.89,4.56,2.68,1.54,5.25,17
2/4/2015 21:00,34368.88,16.67,4.28,3.58,1.55,5.39,17
2/4/2015 22:00,34368.92,20,6.64,3.58,1.99,5.52,18
2/4/2015 23:00,34368.97,12.22,8.84,3.13,1.52,3.57,20
2/5/2015 0:00,34369,28.89,12.34,4.02,1.66,5.79,12
2/5/2015 1:00,34369.04,28.89,12.34,3.13,1.5,5.92,16
2/5/2015 2:00,34369.08,15,-0.05,2.68,1.43,6.06,18
2/5/2015 3:00,34369.13,15,0.33,3.58,1.61,6.19,18
2/5/2015 4:00,34369.17,17.78,3.2,4.92,1.61,6.32,18
2/5/2015 5:00,34369.21,16.67,2.2,3.58,1.4,6.46,18
2/5/2015 6:00,34369.25,14.44,-1.32,2.68,1.61,6.59,17
2/5/2015 7:00,34369.29,17.78,3.2,3.13,1.34,6.73,97
2/5/2015 8:00,34369.34,16.11,0.95,4.47,1.5,6.86,174
2/5/2015 9:00,34369.38,20,4.01,1.34,4.14,7,346
2/5/2015 10:00,34369.42,22.78,7.68,0.45,4.69,7.13,515
2/5/2015 11:00,34369.46,22.22,7.94,0.89,1.36,7.26,386
2/5/2015 12:00,34369.5,26.67,9.51,0.89,1.03,7.4,391
2/5/2015 13:00,34369.55,23.33,4.27,1.34,1.26,6.75,390
2/5/2015 14:00,34369.59,22.78,4.73,1.79,2.13,8.9,219
2/5/2015 15:00,34369.63,22.78,4.26,0.45,2.88,8.9,150
2/5/2015 16:00,34369.67,21.11,2.81,1.34,0.99,8.91,69
2/5/2015 17:00,34369.71,20,2.74,0.89,1.57,8.92,20
2/5/2015 18:00,34369.76,20.56,4.09,1.79,1.71,8.93,15
2/5/2015 19:00,34369.8,20.56,4.91,1.34,1.5,8.94,15
2/5/2015 20:00,34369.84,18.33,4.06,2.24,0.94,8.94,15
2/5/2015 21:00,34369.88,22.78,7.68,2.24,1.41,8.95,13
2/5/2015 22:00,34369.92,16.67,2.2,3.13,1.22,8.96,16
2/5/2015 23:00,34369.97,24.44,9.18,2.68,1.36,5.65,19
2/6/2015 0:00,34370,17.78,2.82,4.02,1.55,8.98,16
2/6/2015 1:00,34370.04,15.56,0.06,3.13,1.22,8.98,15
2/6/2015 2:00,34370.08,18.89,2.62,4.92,1.27,8.99,15
2/6/2015 3:00,34370.13,18.33,0.83,3.58,1.66,9,14
2/6/2015 4:00,34370.17,23.33,3.77,5.36,1.38,9.01,13
2/6/2015 5:00,34370.21,20,1.36,1.79,1.69,9.02,15
2/6/2015 6:00,34370.25,18.89,-2.76,3.58,2.39,9.02,13
2/6/2015 7:00,34370.29,19.44,-1.71,2.24,2.3,9.03,42
2/6/2015 8:00,34370.34,17.78,0.79,3.13,3.94,9.04,180
2/6/2015 9:00,34370.38,27.78,7.62,1.79,2.32,9.05,268
2/6/2015 10:00,34370.42,21.11,3.72,1.79,2.71,9.06,255
2/6/2015 11:00,34370.46,28.89,13.95,0.89,4.56,9.06,220
2/6/2015 12:00,34370.5,20.56,4.91,0.89,2.53,9.07,284
2/6/2015 13:00,34370.55,20.56,3.67,0.45,2.71,9.75,213
2/6/2015 14:00,34370.59,18.89,4.19,0.45,4.28,10,124
2/6/2015 15:00,34370.63,18.33,4.43,2.68,2.04,10,82
2/6/2015 16:00,34370.67,18.33,3.69,3.58,1.71,10,28
2/6/2015 17:00,34370.71,18.33,4.06,2.68,2.34,10,16
2/6/2015 18:00,34370.76,18.89,4.56,3.58,2.37,10,16
2/6/2015 19:00,34370.8,17.78,3.93,3.13,2.5,10,15
2/6/2015 20:00,34370.84,18.89,4.56,2.68,2.57,10,15
2/6/2015 21:00,34370.88,18.89,5.28,1.34,2.2,10,15
2/6/2015 22:00,34370.92,14.44,6.22,2.68,1.03,10,13
2/6/2015 23:00,34370.97,15,1.42,3.13,1.22,8.97,16
2/7/2015 0:00,34371,12.78,8.81,7.15,1.57,10,13
2/7/2015 1:00,34371.04,12.22,8.07,2.24,2.72,10,14
2/7/2015 2:00,34371.08,11.67,7.54,3.58,1.97,10,14
2/7/2015 3:00,34371.13,13.33,9.15,5.36,2.11,10,13
2/7/2015 4:00,34371.17,14.44,9.83,4.47,1.87,10,13
2/7/2015 5:00,34371.21,14.44,9.62,2.24,1.92,10,13
2/7/2015 6:00,34371.25,14.44,10.62,2.68,1.9,10,13
2/7/2015 7:00,34371.29,15,11.74,4.02,2.15,10,33
2/7/2015 8:00,34371.34,14.44,11.38,3.13,1.64,10,130
2/7/2015 9:00,34371.38,17.22,13.52,2.68,1.8,10,139
2/7/2015 10:00,34371.42,17.22,12.92,4.02,2.04,10,161
2/7/2015 11:00,34371.46,18.33,14,2.24,2.25,10,151
2/7/2015 12:00,34371.5,16.67,13.17,0.89,3.3,10,114
2/7/2015 13:00,34371.55,17.78,14.83,1.34,2.41,10,161
2/7/2015 14:00,34371.59,17.22,13.72,1.79,2.58,9.9,166
2/7/2015 15:00,34371.63,18.33,14.8,4.02,2.39,9.91,123
2/7/2015 16:00,34371.67,17.78,14.06,0.89,3.56,9.91,149
2/7/2015 17:00,34371.71,16.11,13.01,0.89,1.9,9.92,21
2/7/2015 18:00,34371.76,15.56,12.84,0.89,2.53,9.92,13
2/7/2015 19:00,34371.8,16.11,13.57,1.79,2.04,9.93,14
2/7/2015 20:00,34371.84,15.56,13.02,1.79,1.48,9.93,14
2/7/2015 21:00,34371.88,16.11,13.75,2.24,2.25,9.93,13
2/7/2015 22:00,34371.92,15.56,13.2,1.34,1.45,9.94,13
2/7/2015 23:00,34371.97,12.78,8.42,4.92,1.27,10,13
2/8/2015 0:00,34372,15,12.66,1.79,1.68,9.95,13
2/8/2015 1:00,34372.04,13.89,12.09,1.34,3.91,9.95,13
2/8/2015 2:00,34372.08,13.33,11.54,1.79,1.73,9.96,13
2/8/2015 3:00,34372.13,14.44,12.81,3.13,1.59,9.96,14
2/8/2015 4:00,34372.17,15,13.01,4.47,1.26,9.97,13
2/8/2015 5:00,34372.21,15,12.48,2.68,2.02,9.97,14
2/8/2015 6:00,34372.25,15.56,12.28,4.02,1.38,9.97,15
2/8/2015 7:00,34372.29,16.67,11.77,1.79,2.57,9.98,64
2/8/2015 8:00,34372.34,17.78,11.98,1.79,2.51,9.98,164
2/8/2015 9:00,34372.38,18.33,12.29,1.79,3.98,9.99,149
2/8/2015 10:00,34372.42,18.33,12.29,4.47,2.13,9.99,203
2/8/2015 11:00,34372.46,21.67,13.53,3.13,2.37,10,427
2/8/2015 12:00,34372.5,20,12.21,2.24,2.74,10,197
2/8/2015 13:00,34372.55,21.11,12.75,1.79,3.14,10,129
2/8/2015 14:00,34372.59,20.56,11.7,4.47,1.97,10,143
2/8/2015 15:00,34372.63,19.44,11.43,3.58,2.13,9.8,116
2/8/2015 16:00,34372.67,19.44,11.93,0.89,5.04,9.6,66
2/8/2015 17:00,34372.71,19.44,12.42,1.34,3.49,9.4,20
2/8/2015 18:00,34372.76,18.89,13.04,4.02,3.89,9.2,13
2/8/2015 19:00,34372.8,18.33,12.95,1.79,3.21,9,13
2/8/2015 20:00,34372.84,18.33,13.16,2.24,3.33,8.8,14
2/8/2015 21:00,34372.88,17.22,12.51,1.34,2.04,8.59,14
2/8/2015 22:00,34372.92,17.78,13.26,0.45,6.28,8.39,14
2/8/2015 23:00,34372.97,14.44,12.11,0.89,1.17,9.94,13
2/9/2015 0:00,34373,15,10.77,1.79,2.34,7.99,14
2/9/2015 1:00,34373.04,16.11,12.05,2.68,2.37,7.79,14
2/9/2015 2:00,34373.08,14.44,10.23,1.79,2.34,7.59,14
2/9/2015 3:00,34373.13,14.44,10.23,1.34,3.8,7.39,14
2/9/2015 4:00,34373.17,14.44,10.23,1.34,1.87,7.19,14
2/9/2015 5:00,34373.21,13.89,10.27,1.34,1.8,6.99,14
2/9/2015 6:00,34373.25,12.22,9.02,2.24,1.43,6.79,15
2/9/2015 7:00,34373.29,13.33,10.3,1.34,2.39,6.59,85
2/9/2015 8:00,34373.34,17.22,13.32,0.45,2.53,6.39,255
2/9/2015 9:00,34373.38,20,14.33,0.89,4.61,6.19,423
2/9/2015 10:00,34373.42,20,13.42,0.45,3.86,5.99,550
2/9/2015 11:00,34373.46,20,12.7,1.79,5.45,5.78,603
2/9/2015 12:00,34373.5,20,12.46,1.79,5.71,5.58,496
2/9/2015 13:00,34373.55,21.11,12.49,1.34,4.49,0,582
2/9/2015 14:00,34373.59,20.56,11.7,0.89,4.05,0,482
2/9/2015 15:00,34373.63,19.44,10.66,0.89,5.62,0.45,336
2/9/2015 16:00,34373.67,18.89,11.16,0.45,3.63,0.91,139
2/9/2015 17:00,34373.71,15,9.09,0.45,5.52,1.36,21
2/9/2015 18:00,34373.76,14.44,8.78,1.79,5.74,1.82,14
2/9/2015 19:00,34373.8,13.89,8.03,1.34,6.27,2.27,14
2/9/2015 20:00,34373.84,12.22,6.65,0.89,4.33,2.73,14
2/9/2015 21:00,34373.88,10.56,5.67,0.89,4.15,3.18,15
2/9/2015 22:00,34373.92,10,6.11,0.89,4.52,3.64,15
2/9/2015 23:00,34373.97,16.11,11.85,0.45,4.69,8.19,14
2/10/2015 0:00,34374,10,6.67,1.34,2.29,4.55,15
2/10/2015 1:00,34374.04,8.33,5.41,1.34,1.9,5,15
2/10/2015 2:00,34374.08,8.33,5.58,1.34,1.66,5.45,15
2/10/2015 3:00,34374.13,7.78,5.04,0.89,4.52,5.91,16
2/10/2015 4:00,34374.17,8.33,6.1,1.79,1.69,6.36,16
2/10/2015 5:00,34374.21,7.78,5.21,0.89,1.55,6.82,16
2/10/2015 6:00,34374.25,7.22,4.67,1.34,1.64,7.27,17
2/10/2015 7:00,34374.29,10,7.04,0.45,0.99,7.73,101
2/10/2015 8:00,34374.34,11.67,8.11,1.34,4.5,8.18,269
2/10/2015 9:00,34374.38,10.56,7.76,0.89,3.68,8.64,312
2/10/2015 10:00,34374.42,12.22,9.57,1.79,2.51,9.09,324
2/10/2015 11:00,34374.46,11.67,9.03,0.45,2.27,9.55,196
2/10/2015 12:00,34374.5,12.78,9.75,1.34,4.1,10,202
2/10/2015 13:00,34374.55,13.33,9.92,0.45,2.69,9.8,215
2/10/2015 14:00,34374.59,12.78,9.57,1.34,0.24,9.46,196
2/10/2015 15:00,34374.63,13.33,9.54,0.45,3.89,9.25,199
2/10/2015 16:00,34374.67,12.22,8.65,0.45,4.64,9.04,76
2/10/2015 17:00,34374.71,10,7.21,1.34,0.23,8.84,26
2/10/2015 18:00,34374.76,11.11,8.66,0.45,4.12,8.63,16
2/10/2015 19:00,34374.8,9.44,7.19,0.89,5.71,8.42,16
2/10/2015 20:00,34374.84,9.44,7.36,1.79,0.96,8.21,16
2/10/2015 21:00,34374.88,9.44,7.19,2.68,1.5,8,16
2/10/2015 22:00,34374.92,8.89,6.82,2.68,1.85,7.79,16
2/10/2015 23:00,34374.97,10.56,7.03,0.89,1.59,4.09,15
2/11/2015 0:00,34375,8.33,6.1,0.89,5.13,7.37,16
2/11/2015 1:00,34375.04,8.89,6.82,2.68,1.88,7.16,17
2/11/2015 2:00,34375.08,8.89,6.65,2.24,1.43,6.95,16
2/11/2015 3:00,34375.13,7.78,5.72,1.79,1.71,6.75,16
2/11/2015 4:00,34375.17,7.78,5.38,2.24,1.47,6.54,16
2/11/2015 5:00,34375.21,8.33,6.1,2.68,1.5,6.33,16
2/11/2015 6:00,34375.25,7.78,5.38,2.24,1.88,6.12,17
2/11/2015 7:00,34375.29,8.89,6.3,3.13,1.43,5.91,72
2/11/2015 8:00,34375.34,10.56,7.58,1.79,1.54,5.7,256
2/11/2015 9:00,34375.38,16.67,11.98,0.45,4.22,5.49,432
2/11/2015 10:00,34375.42,18.33,12.95,0.89,1.24,5.28,557
2/11/2015 11:00,34375.46,18.33,12.51,1.34,4.01,5.07,633
2/11/2015 12:00,34375.5,20,13.42,0.89,4.21,4.86,533
2/11/2015 13:00,34375.55,20.56,12.99,0.45,0.42,1.42,569
2/11/2015 14:00,34375.59,21.67,14.04,0.89,6.02,2.18,458
2/11/2015 15:00,34375.63,21.11,13.26,0.45,3.74,2.34,342
2/11/2015 16:00,34375.67,19.44,11.93,0.45,4.08,2.49,160
2/11/2015 17:00,34375.71,14.44,8.34,0.45,5.67,2.65,30
2/11/2015 18:00,34375.76,13.89,9.09,0.89,0.66,2.8,13
2/11/2015 19:00,34375.8,13.89,9.49,1.79,1.15,2.96,13
2/11/2015 20:00,34375.84,13.33,9.73,2.24,1.24,3.11,14
2/11/2015 21:00,34375.88,12.22,8.65,2.68,1.15,3.27,14
2/11/2015 22:00,34375.92,11.67,8.48,2.68,1.59,3.42,15
2/11/2015 23:00,34375.97,8.89,6.48,1.79,2.16,7.58,16
2/12/2015 0:00,34376,11.11,8.12,2.68,1.41,3.73,14
2/12/2015 1:00,34376.04,11.11,7.76,3.58,1.34,3.89,15
2/12/2015 2:00,34376.08,10,6.49,3.13,1.38,4.04,16
2/12/2015 3:00,34376.13,10,6.3,1.79,1.19,4.2,15
2/12/2015 4:00,34376.17,9.44,5.95,2.68,1.82,4.35,16
2/12/2015 5:00,34376.21,8.89,5.59,1.79,1.68,4.51,16
2/12/2015 6:00,34376.25,7.78,4.68,2.68,1.68,4.66,17
2/12/2015 7:00,34376.29,8.89,5.77,2.68,1.55,4.82,101
2/12/2015 8:00,34376.34,11.67,6.94,3.13,1.43,4.97,278
2/12/2015 9:00,34376.38,15.56,9.4,1.34,1.34,5.13,443
2/12/2015 10:00,34376.42,22.78,14.58,0.45,4.28,5.28,574
2/12/2015 11:00,34376.46,20.56,13.23,0.89,4.66,5.44,645
2/12/2015 12:00,34376.5,23.33,15.87,1.34,4.36,5.59,505
2/12/2015 13:00,34376.55,23.89,15.1,1.79,6.18,0,606
2/12/2015 14:00,34376.59,24.44,16.42,0.89,5.92,0,507
2/12/2015 15:00,34376.63,24.44,15.35,0.45,4.26,0.23,357
2/12/2015 16:00,34376.67,22.22,13.27,0.45,4.92,0.47,152
2/12/2015 17:00,34376.71,16.67,9.3,0.45,5.79,0.7,25
2/12/2015 18:00,34376.76,16.11,10.38,1.34,0.16,0.93,17
2/12/2015 19:00,34376.8,15.56,10.06,2.24,1.73,1.16,14
2/12/2015 20:00,34376.84,15,8.42,3.58,1.64,1.4,18
2/12/2015 21:00,34376.88,13.33,7.71,2.24,1.12,1.63,20
2/12/2015 22:00,34376.92,12.78,6.08,2.68,1.5,1.86,20
2/12/2015 23:00,34376.97,11.11,8.12,2.68,1.38,3.58,14
2/13/2015 0:00,34377,12.22,5.55,0.89,0.4,2.33,20
2/13/2015 1:00,34377.04,12.22,6,2.24,1.5,2.56,18
2/13/2015 2:00,34377.08,11.11,5.15,2.24,1.82,2.79,15
2/13/2015 3:00,34377.13,10.56,4.62,1.79,1.33,3.03,19
2/13/2015 4:00,34377.17,10,4.31,2.68,1.33,3.26,20
2/13/2015 5:00,34377.21,11.11,5.15,2.68,1.41,3.49,21
2/13/2015 6:00,34377.25,10,3.88,2.68,1.5,3.73,22
2/13/2015 7:00,34377.29,11.11,4.49,2.68,1.45,3.96,110
2/13/2015 8:00,34377.34,13.89,6.67,2.24,1.38,4.19,285
2/13/2015 9:00,34377.38,17.78,9.61,0.45,4.33,4.42,444
2/13/2015 10:00,34377.42,21.67,11.92,0.45,4.69,4.66,573
2/13/2015 11:00,34377.46,22.22,11.86,0.89,4.45,4.89,642
2/13/2015 12:00,34377.5,22.22,11.27,0,2.9,5.12,529
2/13/2015 13:00,34377.55,25,14.74,0.89,5.18,0,606
2/13/2015 14:00,34377.59,25,14.14,0.45,5.32,0,502
2/13/2015 15:00,34377.63,23.89,11.21,0.89,1.17,0.22,360
2/13/2015 16:00,34377.67,23.33,11.03,0.89,3.94,0.43,157
2/13/2015 17:00,34377.71,17.78,8.29,0.89,5.62,0.65,26
2/13/2015 18:00,34377.76,16.67,8.81,1.34,0.93,0.86,19
2/13/2015 19:00,34377.8,16.11,9.01,1.79,0.77,1.08,19
2/13/2015 20:00,34377.84,14.44,8.56,1.79,1.41,1.29,15
2/13/2015 21:00,34377.88,15,9.53,2.24,1.15,1.51,16
2/13/2015 22:00,34377.92,13.89,8.67,1.79,1.29,1.72,19
2/13/2015 23:00,34377.97,12.78,5.85,2.24,1.31,2.1,20
2/14/2015 0:00,34378,12.78,8.61,3.13,1.05,2.16,19
2/14/2015 1:00,34378.04,12.78,8.42,3.13,1.36,2.37,20
2/14/2015 2:00,34378.08,11.67,7.34,3.13,1.97,2.59,21
2/14/2015 3:00,34378.13,11.67,6.94,2.68,1.8,2.8,21
2/14/2015 4:00,34378.17,12.22,7.48,0.89,0.58,3.02,20
2/14/2015 5:00,34378.21,11.67,7.14,1.34,1.08,3.23,21
2/14/2015 6:00,34378.25,11.67,7.14,2.24,1.75,3.45,23
2/14/2015 7:00,34378.29,11.67,6.94,1.34,0.68,3.66,102
2/14/2015 8:00,34378.34,13.89,8.88,2.68,1.36,3.88,256
2/14/2015 9:00,34378.38,18.89,12.13,0.89,6.16,4.1,449
2/14/2015 10:00,34378.42,21.11,12.49,0.45,5.39,4.31,580
2/14/2015 11:00,34378.46,22.22,12.72,0.89,6.21,4.53,651
2/14/2015 12:00,34378.5,23.33,13.19,1.34,3.7,4.74,548
2/14/2015 13:00,34378.55,23.33,11.99,1.34,3.84,0,619
2/14/2015 14:00,34378.59,24.44,11.72,1.34,4.66,0,517
2/14/2015 15:00,34378.63,26.11,12.9,0.45,5.59,0.24,358
2/14/2015 16:00,34378.67,23.33,12.89,1.34,5.9,0.47,154
2/14/2015 17:00,34378.71,19.44,8.99,0.89,6.21,0.71,30
2/14/2015 18:00,34378.76,16.67,8.56,0.89,0.56,0.95,20
2/14/2015 19:00,34378.8,16.11,8.77,2.24,1.31,1.18,20
2/14/2015 20:00,34378.84,15.56,8.95,3.13,1.73,1.42,21
2/14/2015 21:00,34378.88,14.44,8.34,4.02,1.59,1.66,21
2/14/2015 22:00,34378.92,14.44,8.78,2.24,1.54,1.89,21
2/14/2015 23:00,34378.97,13.89,9.29,2.24,1.52,1.94,17
2/15/2015 0:00,34379,12.78,7.81,3.13,1.47,2.37,22
2/15/2015 1:00,34379.04,12.22,7.48,1.79,1.43,2.6,22
2/15/2015 2:00,34379.08,12.22,7.88,3.13,1.29,2.84,22
2/15/2015 3:00,34379.13,12.22,7.88,3.58,1.76,3.08,22
2/15/2015 4:00,34379.17,12.22,7.68,4.02,1.52,3.31,21
2/15/2015 5:00,34379.21,11.11,6.6,3.58,2.13,3.55,21
2/15/2015 6:00,34379.25,11.67,7.34,2.68,1.8,3.79,24
2/15/2015 7:00,34379.29,12.78,7.6,1.79,1.54,4.02,110
2/15/2015 8:00,34379.34,16.67,9.78,0.89,0.8,4.26,287
2/15/2015 9:00,34379.38,18.33,10.88,0.89,4.76,4.5,451
2/15/2015 10:00,34379.42,21.67,14.04,0.89,4.24,4.74,576
2/15/2015 11:00,34379.46,21.11,12.75,0.89,3.46,4.97,633
2/15/2015 12:00,34379.5,22.22,12.99,0.89,3.67,5.21,532
2/15/2015 13:00,34379.55,23.89,13.11,0.45,0.3,0,601
2/15/2015 14:00,34379.59,23.33,13.19,0.89,0.68,3.84,441
2/15/2015 15:00,34379.63,24.44,14.51,1.34,5.9,3.9,289
2/15/2015 16:00,34379.67,18.89,11.16,0.89,6.09,3.96,127
2/15/2015 17:00,34379.71,17.22,9.34,1.34,0.61,4.03,34
2/15/2015 18:00,34379.76,17.22,10.54,1.34,1.24,4.09,22
2/15/2015 19:00,34379.8,16.11,10.16,1.79,1.75,4.15,22
2/15/2015 20:00,34379.84,14.44,9.21,3.13,1.5,4.21,22
2/15/2015 21:00,34379.88,13.89,8.88,2.24,1.54,4.27,22
2/15/2015 22:00,34379.92,14.44,9.83,2.68,1.47,4.33,22
2/15/2015 23:00,34379.97,14.44,8.78,2.24,1.83,2.13,22
2/16/2015 0:00,34380,12.22,8.46,2.24,1.2,4.45,21
2/16/2015 1:00,34380.04,12.78,9.19,3.58,1.34,4.51,19
2/16/2015 2:00,34380.08,12.78,9,4.47,1.36,4.57,22
2/16/2015 3:00,34380.13,12.22,8.27,3.58,1.55,4.63,22
2/16/2015 4:00,34380.17,12.22,7.88,3.13,1.48,4.69,23
2/16/2015 5:00,34380.21,11.11,6.4,4.02,1.45,4.75,23
2/16/2015 6:00,34380.25,10.56,5.67,2.68,1.57,4.81,24
2/16/2015 7:00,34380.29,12.78,7.39,2.68,1.52,4.87,114
2/16/2015 8:00,34380.34,17.22,10.77,0.89,0.91,4.93,290
2/16/2015 9:00,34380.38,20,11.96,0.45,5.88,4.99,455
2/16/2015 10:00,34380.42,22.22,14.31,1.79,3.86,5.05,586
2/16/2015 11:00,34380.46,24.44,15.35,0.89,1.83,5.11,654
2/16/2015 12:00,34380.5,25,15.6,1.79,5.92,5.17,537
2/16/2015 13:00,34380.55,25,14.74,0.45,4,0,621
2/16/2015 14:00,34380.59,25.56,14.96,0.45,5.93,0,519
2/16/2015 15:00,34380.63,25,13.84,0.89,4.96,0.14,367
2/16/2015 16:00,34380.67,22.22,11.27,0.45,4.59,0.29,176
2/16/2015 17:00,34380.71,18.33,10.13,0.89,6.06,0.43,33
2/16/2015 18:00,34380.76,16.67,9.54,1.34,0.35,0.57,21
2/16/2015 19:00,34380.8,16.11,10.16,0.45,1.4,0.72,21
2/16/2015 20:00,34380.84,14.44,9.42,2.24,1.47,0.86,20
2/16/2015 21:00,34380.88,13.89,9.09,2.24,1.57,1,20
2/16/2015 22:00,34380.92,13.89,9.89,2.68,1.55,1.14,21
2/16/2015 23:00,34380.97,13.33,9.15,2.24,1.24,4.39,22
2/17/2015 0:00,34381,12.22,8.65,2.68,1.45,1.43,21
2/17/2015 1:00,34381.04,12.22,8.46,3.13,1.62,1.57,21
2/17/2015 2:00,34381.08,13.33,8.95,2.24,1.64,1.72,21
2/17/2015 3:00,34381.13,12.22,7.88,2.24,1.4,1.86,22
2/17/2015 4:00,34381.17,11.11,7,3.13,1.48,2,21
2/17/2015 5:00,34381.21,11.67,7.34,3.58,1.48,2.15,21
2/17/2015 6:00,34381.25,12.22,7.07,2.24,1.55,2.29,24
2/17/2015 7:00,34381.29,12.22,7.07,1.34,1.52,2.43,118
2/17/2015 8:00,34381.34,13.89,7.81,1.79,1.12,2.57,294
2/17/2015 9:00,34381.38,18.89,11.41,0.89,4.36,2.72,465
2/17/2015 10:00,34381.42,21.67,13.27,0.89,3.89,2.86,590
2/17/2015 11:00,34381.46,23.33,14.03,1.34,4.73,3,669
2/17/2015 12:00,34381.5,23.33,11.99,0.45,5.99,3.15,612
2/17/2015 13:00,34381.55,25,14.14,0.45,5.79,0,626
2/17/2015 14:00,34381.59,25,13.21,1.34,5.79,0,524
2/17/2015 15:00,34381.63,23.33,10.7,0.45,0.07,0.45,379
2/17/2015 16:00,34381.67,21.67,11.92,0.89,4.92,0.9,184
2/17/2015 17:00,34381.71,17.78,10.35,0.45,5.04,1.35,35
2/17/2015 18:00,34381.76,15,9.31,0.45,5.86,1.8,21
2/17/2015 19:00,34381.8,14.44,9.83,0.89,5.93,2.26,21
2/17/2015 20:00,34381.84,13.33,9.54,0.89,6.25,2.71,19
2/17/2015 21:00,34381.88,13.33,9.35,1.34,1.62,3.16,18
2/17/2015 22:00,34381.92,11.67,8.67,0.89,4.64,3.61,18
2/17/2015 23:00,34381.97,13.33,9.54,2.24,1.5,1.29,21
2/18/2015 0:00,34382,9.44,7.19,0,1.78,4.51,18
2/18/2015 1:00,34382.04,8.33,6.27,1.34,4.66,4.96,18
2/18/2015 2:00,34382.08,8.89,6.99,0.45,4.64,5.41,17
2/18/2015 3:00,34382.13,8.33,6.44,0,2.86,5.86,17
2/18/2015 4:00,34382.17,8.33,6.61,1.79,4.8,6.31,17
2/18/2015 5:00,34382.21,7.78,6.22,1.34,4.94,6.77,17
2/18/2015 6:00,34382.25,7.78,6.22,0.45,2.83,7.22,19
2/18/2015 7:00,34382.29,8.33,6.77,0.45,0.94,7.67,99
2/18/2015 8:00,34382.34,8.33,6.77,0.89,3.74,8.12,238
2/18/2015 9:00,34382.38,9.44,7.7,0.45,5.65,8.57,279
2/18/2015 10:00,34382.42,11.11,9.35,0.45,4.38,9.02,237
2/18/2015 11:00,34382.46,12.22,10.44,0.45,3.53,9.47,216
2/18/2015 12:00,34382.5,13.33,11.19,0.89,5.81,9.92,237
2/18/2015 13:00,34382.55,16.67,13.74,1.34,3.77,6.81,422
2/18/2015 14:00,34382.59,18.33,14.6,0.89,3.82,0,504
2/18/2015 15:00,34382.63,16.67,13.17,0.45,4.38,0.1,341
2/18/2015 16:00,34382.67,15.56,11.9,0.45,3.82,0.2,169
2/18/2015 17:00,34382.71,13.89,11.2,0.89,1.34,0.3,34
2/18/2015 18:00,34382.76,12.78,10.47,1.34,0.87,0.41,18
2/18/2015 19:00,34382.8,12.78,10.47,1.34,2.11,0.51,18
2/18/2015 20:00,34382.84,11.11,9.01,1.34,1.15,0.61,19
2/18/2015 21:00,34382.88,11.67,9.72,1.79,1.83,0.71,19
2/18/2015 22:00,34382.92,11.67,9.72,1.79,1.45,0.81,18
2/18/2015 23:00,34382.97,10.56,8.11,0.45,3.8,4.06,18
2/19/2015 0:00,34383,10,8.08,1.34,1.41,1.01,19
2/19/2015 1:00,34383.04,10,8.08,1.34,0.98,1.11,19
2/19/2015 2:00,34383.08,9.44,7.7,2.68,1.17,1.22,19
2/19/2015 3:00,34383.13,10,8.25,3.13,1.4,1.32,18
2/19/2015 4:00,34383.17,10,8.25,4.47,1.92,1.42,19
2/19/2015 5:00,34383.21,8.89,7.15,1.79,1.83,1.52,20
2/19/2015 6:00,34383.25,9.44,7.7,1.79,1.61,1.62,23
2/19/2015 7:00,34383.29,10.56,8.46,2.24,1.27,1.72,113
2/19/2015 8:00,34383.34,12.22,9.57,2.68,1.15,1.82,279
2/19/2015 9:00,34383.38,17.78,14.06,0.45,4.57,1.92,421
2/19/2015 10:00,34383.42,17.22,12.92,0,5.69,2.03,484
2/19/2015 11:00,34383.46,20,14.77,1.79,4.17,2.13,637
2/19/2015 12:00,34383.5,19.44,13.35,1.34,3.74,2.23,641
2/19/2015 13:00,34383.55,22.78,16.31,0.45,1.55,0.63,607
2/19/2015 14:00,34383.59,21.67,14.53,0.45,5.59,4.3,443
2/19/2015 15:00,34383.63,21.11,13.51,0.89,4.35,4.56,370
2/19/2015 16:00,34383.67,18.33,12.06,0.89,4.47,4.82,183
2/19/2015 17:00,34383.71,14.44,10.23,1.34,4.59,5.08,38
2/19/2015 18:00,34383.76,12.78,9.75,0.45,4.61,5.34,20
2/19/2015 19:00,34383.8,10.56,7.94,0.89,4.63,5.6,19
2/19/2015 20:00,34383.84,10,7.74,0.45,4.45,5.86,19
2/19/2015 21:00,34383.88,10.56,8.63,0,2.41,6.11,18
2/19/2015 22:00,34383.92,11.11,9.18,0.89,2.06,6.37,18
2/19/2015 23:00,34383.97,11.11,9.18,2.24,1.43,0.91,18
2/20/2015 0:00,34384,10.56,8.8,0.89,1.71,6.89,18
2/20/2015 1:00,34384.04,7.78,6.06,0.89,5.76,7.15,19
2/20/2015 2:00,34384.08,8.89,7.32,0.89,5.93,7.41,18
2/20/2015 3:00,34384.13,9.44,7.87,0.89,5.79,7.67,18
2/20/2015 4:00,34384.17,9.44,7.87,0.45,3.8,7.93,18
2/20/2015 5:00,34384.21,8.33,6.93,0.89,2.25,8.19,18
2/20/2015 6:00,34384.25,8.33,6.93,0.45,4.83,8.45,19
2/20/2015 7:00,34384.29,9.44,8.03,0.89,0.52,8.7,41
2/20/2015 8:00,34384.34,10,8.58,0.45,4.64,8.96,110
2/20/2015 9:00,34384.38,10.56,9.13,0.45,4.59,9.22,153
2/20/2015 10:00,34384.42,10.56,9.13,0.89,4.54,9.48,162
2/20/2015 11:00,34384.46,11.67,10.23,0.45,4.8,9.74,146
2/20/2015 12:00,34384.5,12.22,10.61,0.89,4.8,10,150
2/20/2015 13:00,34384.55,12.78,10.99,0.45,2.97,10,152
2/20/2015 14:00,34384.59,12.22,10.44,0.89,4.97,10,130
2/20/2015 15:00,34384.63,11.11,9.18,1.34,1.59,10,110
2/20/2015 16:00,34384.67,11.11,9.18,0.45,2.69,10,73
2/20/2015 17:00,34384.71,10.56,8.63,0.89,3.96,10,32
2/20/2015 18:00,34384.76,10.56,8.97,0.45,3.6,10,20
2/20/2015 19:00,34384.8,10,8.42,0,4.08,10,20
2/20/2015 20:00,34384.84,10.56,8.97,0.45,2.08,10,20
2/20/2015 21:00,34384.88,10.56,9.13,1.34,1.97,10,20
2/20/2015 22:00,34384.92,9.44,8.03,0.89,2.25,10,20
2/20/2015 23:00,34384.97,10.56,8.8,1.34,0.79,6.63,18
2/21/2015 0:00,34385,10,8.75,2.24,2.02,10,20
2/21/2015 1:00,34385.04,10,8.75,0.45,2.84,10,20
2/21/2015 2:00,34385.08,8.89,7.81,1.34,1.78,10,20
2/21/2015 3:00,34385.13,8.89,7.81,3.13,1.05,10,20
2/21/2015 4:00,34385.17,9.44,8.36,4.47,1.03,10,20
2/21/2015 5:00,34385.21,8.33,7.25,4.02,1.22,10,19
2/21/2015 6:00,34385.25,8.89,7.81,3.13,1.15,10,20
2/21/2015 7:00,34385.29,9.44,8.36,3.58,1.06,10,33
2/21/2015 8:00,34385.34,9.44,8.36,2.24,1.19,10,65
2/21/2015 9:00,34385.38,10,8.91,1.34,1.41,10,94
2/21/2015 10:00,34385.42,10,8.91,0.45,3.96,10,108
2/21/2015 11:00,34385.46,11.11,9.85,0,3.25,10,152
2/21/2015 12:00,34385.5,12.22,10.78,0.45,3.75,10,171
2/21/2015 13:00,34385.55,12.22,10.61,1.34,0.86,10,173
2/21/2015 14:00,34385.59,13.33,11.54,0.89,5.76,10,120
2/21/2015 15:00,34385.63,13.33,11.37,0.45,4.59,10,106
2/21/2015 16:00,34385.67,11.67,9.72,0.45,6.14,10,70
2/21/2015 17:00,34385.71,11.11,9.01,0.89,3.44,10,31
2/21/2015 18:00,34385.76,10.56,8.63,0.89,2.34,10,20
2/21/2015 19:00,34385.8,9.44,7.87,1.34,2.3,10,18
2/21/2015 20:00,34385.84,9.44,7.87,2.24,2.04,10,20
2/21/2015 21:00,34385.88,10.56,8.97,1.79,2.06,10,21
2/21/2015 22:00,34385.92,9.44,7.7,1.79,2.16,10,21
2/21/2015 23:00,34385.97,10,8.75,1.34,2.48,10,20
2/22/2015 0:00,34386,9.44,8.03,1.34,1.92,10,20
2/22/2015 1:00,34386.04,10,8.58,0.89,1.64,10,21
2/22/2015 2:00,34386.08,9.44,8.03,0.89,3.96,10,21
2/22/2015 3:00,34386.13,10,8.58,2.24,1.01,10,21
2/22/2015 4:00,34386.17,10,8.42,0.89,4.76,10,20
2/22/2015 5:00,34386.21,10,8.42,1.34,1.75,10,21
2/22/2015 6:00,34386.25,9.44,7.87,1.79,2.13,10,22
2/22/2015 7:00,34386.29,9.44,8.03,0.89,4.52,10,65
2/22/2015 8:00,34386.34,12.22,10.1,0.45,4.08,10,263
2/22/2015 9:00,34386.38,11.67,9.72,0.89,5.85,10,89
2/22/2015 10:00,34386.42,11.67,10.06,0.45,4.43,10,110
2/22/2015 11:00,34386.46,11.11,8.66,1.79,1.06,10,175
2/22/2015 12:00,34386.5,10,7.74,1.79,0.24,10,138
2/22/2015 13:00,34386.55,11.11,7.94,0.45,3.44,8.52,328
2/22/2015 14:00,34386.59,11.67,8.3,0.89,4.71,10,151
2/22/2015 15:00,34386.63,11.11,8.66,0.45,4.38,9.97,112
2/22/2015 16:00,34386.67,10.56,7.94,2.68,3.87,9.93,138
2/22/2015 17:00,34386.71,10,7.74,1.79,5.81,9.9,49
2/22/2015 18:00,34386.76,10,7.91,0.89,4.66,9.86,20
2/22/2015 19:00,34386.8,8.33,6.44,0.45,4.14,9.83,20
2/22/2015 20:00,34386.84,8.89,6.99,0.89,0.05,9.8,21
2/22/2015 21:00,34386.88,8.33,6.77,0.45,3.09,9.76,22
2/22/2015 22:00,34386.92,7.22,5.51,0.89,2.6,9.73,21
2/22/2015 23:00,34386.97,8.33,6.93,0.89,2.41,10,20
2/23/2015 0:00,34387,7.78,5.38,0.89,3.96,9.66,20
2/23/2015 1:00,34387.04,7.78,6.06,0.89,3.47,9.63,21
2/23/2015 2:00,34387.08,8.33,6.77,1.34,1.22,9.59,21
2/23/2015 3:00,34387.13,7.22,5.51,0.89,4.66,9.56,21
2/23/2015 4:00,34387.17,7.22,5.67,0.45,2.3,9.53,22
2/23/2015 5:00,34387.21,8.33,6.77,1.34,1.95,9.49,21
2/23/2015 6:00,34387.25,7.22,4.84,3.58,1.61,9.46,22
2/23/2015 7:00,34387.29,7.22,5.18,0.89,3.89,9.42,29
2/23/2015 8:00,34387.34,7.22,5.34,2.24,2.15,9.39,62
2/23/2015 9:00,34387.38,7.78,5.04,6.71,1.85,9.36,118
2/23/2015 10:00,34387.42,8.33,5.05,3.58,1.62,9.32,107
2/23/2015 11:00,34387.46,7.22,4.67,3.13,1.31,9.29,91
2/23/2015 12:00,34387.5,9.44,6.67,2.68,1.48,9.26,301
2/23/2015 13:00,34387.55,12.22,8.27,0.45,3.32,7.28,410
2/23/2015 14:00,34387.59,12.78,7.81,1.79,1.45,1.86,508
2/23/2015 15:00,34387.63,16.67,10.01,0.45,4.45,1.77,406
2/23/2015 16:00,34387.67,15,8.65,0.45,5.13,1.69,209
2/23/2015 17:00,34387.71,10.56,6.07,0.45,5.13,1.6,40
2/23/2015 18:00,34387.76,9.44,5.38,0.89,6.23,1.52,24
2/23/2015 19:00,34387.8,9.44,5.19,1.34,6.13,1.43,22
2/23/2015 20:00,34387.84,8.89,5.03,0.89,1.8,1.35,22
2/23/2015 21:00,34387.88,8.33,4.49,0.89,1.48,1.27,22
2/23/2015 22:00,34387.92,7.78,4.5,2.68,1.29,1.18,21
2/23/2015 23:00,34387.97,8.33,6.27,2.24,1.9,9.7,21
2/24/2015 0:00,34388,6.11,3.23,3.13,1.75,1.01,22
2/24/2015 1:00,34388.04,6.67,3.42,4.47,1.87,0.93,22
2/24/2015 2:00,34388.08,5.56,2.34,2.68,1.8,0.84,22
2/24/2015 3:00,34388.13,5,1.8,2.68,1.54,0.76,22
2/24/2015 4:00,34388.17,4.44,1.25,3.13,1.17,0.67,22
2/24/2015 5:00,34388.21,4.44,0.72,4.02,1.66,0.59,24
2/24/2015 6:00,34388.25,5,1.07,2.24,1.71,0.51,28
2/24/2015 7:00,34388.29,8.89,4.65,0.45,1.13,0.42,154
2/24/2015 8:00,34388.34,9.44,4.39,0.89,1.41,0.34,342
2/24/2015 9:00,34388.38,12.22,7.07,0.45,3.72,0.25,513
2/24/2015 10:00,34388.42,15,9.31,0.45,3.4,0.17,631
2/24/2015 11:00,34388.46,13.33,7.28,0.45,6.18,0.08,693
2/24/2015 12:00,34388.5,15,7.96,0.45,2.46,0,720
2/24/2015 13:00,34388.55,15.56,8.01,0.89,4.26,0,670
2/24/2015 14:00,34388.59,16.11,7.53,0.45,5.08,0,565
2/24/2015 15:00,34388.63,16.67,6.98,0.89,4.03,0,410
2/24/2015 16:00,34388.67,16.11,7,1.34,6.16,0,204
2/24/2015 17:00,34388.71,13.33,4.92,0.89,1.17,0,38
2/24/2015 18:00,34388.76,11.11,5.15,1.34,1.54,0,24
2/24/2015 19:00,34388.8,11.11,4.94,1.79,1.12,0,24
2/24/2015 20:00,34388.84,10.56,4.84,2.68,1.61,0,24
2/24/2015 21:00,34388.88,9.44,4.6,3.13,1.69,0,25
2/24/2015 22:00,34388.92,9.44,4.8,3.13,1.54,0,23
2/24/2015 23:00,34388.97,6.67,3.6,0.45,3.79,1.1,21
2/25/2015 0:00,34389,8.33,4.3,3.13,1.5,0,24
2/25/2015 1:00,34389.04,8.33,4.49,3.58,1.52,0,25
2/25/2015 2:00,34389.08,7.78,4.14,3.13,1.76,0,25
2/25/2015 3:00,34389.13,7.78,3.95,3.13,1.62,0,24
2/25/2015 4:00,34389.17,7.78,4.14,2.24,1.92,0,19
2/25/2015 5:00,34389.21,7.22,3.78,3.13,1.59,0,21
2/25/2015 6:00,34389.25,6.67,3.42,4.02,1.55,0,26
2/25/2015 7:00,34389.29,8.89,4.84,3.13,1.47,0,141
2/25/2015 8:00,34389.34,11.67,6.94,1.34,1.62,0,333
2/25/2015 9:00,34389.38,16.11,9.25,0.45,4.71,0,504
2/25/2015 10:00,34389.42,17.22,9.34,0.89,4.36,0,629
2/25/2015 11:00,34389.46,19.44,10.12,1.79,5.69,0,711
2/25/2015 12:00,34389.5,19.44,8.4,0.45,5.39,0,715
2/25/2015 13:00,34389.55,18.89,7.58,0.89,5.27,0,667
2/25/2015 14:00,34389.59,20,7.32,0.45,5.53,0,564
2/25/2015 15:00,34389.63,19.44,7.78,1.34,6.16,0.06,344
2/25/2015 16:00,34389.67,16.11,5.32,0.89,5.93,0.13,144
2/25/2015 17:00,34389.71,12.22,2.57,0.89,5.99,0.19,34
2/25/2015 18:00,34389.76,12.78,4.9,1.34,0.73,0.25,25
2/25/2015 19:00,34389.8,12.22,4.85,2.68,1.48,0.32,24
2/25/2015 20:00,34389.84,10.56,4.19,2.68,1.24,0.38,22
2/25/2015 21:00,34389.88,9.44,3.56,3.13,1.8,0.45,24
2/25/2015 22:00,34389.92,10.56,4.84,3.13,1.59,0.51,23
2/25/2015 23:00,34389.97,8.89,4.65,4.02,1.5,0,22
2/26/2015 0:00,34390,8.89,4.26,3.13,1.55,0.64,25
2/26/2015 1:00,34390.04,9.44,4.8,2.68,1.73,0.7,25
2/26/2015 2:00,34390.08,8.33,4.11,3.58,1.45,0.76,25
2/26/2015 3:00,34390.13,8.89,5.03,4.47,1.31,0.83,25
2/26/2015 4:00,34390.17,8.33,4.3,2.68,2.04,0.89,25
2/26/2015 5:00,34390.21,8.33,4.49,2.24,1.73,0.95,25
2/26/2015 6:00,34390.25,8.33,4.68,3.13,1.24,1.02,36
2/26/2015 7:00,34390.29,9.44,5.57,2.24,1.59,1.08,151
2/26/2015 8:00,34390.34,12.22,7.48,1.34,1.61,1.15,326
2/26/2015 9:00,34390.38,16.11,9.48,0.89,4.75,1.21,494
2/26/2015 10:00,34390.42,20.56,11.97,0.45,5.62,1.27,619
2/26/2015 11:00,34390.46,19.44,9.56,0.45,4.1,1.34,692
2/26/2015 12:00,34390.5,20.56,10.02,0.45,4.56,1.4,683
2/26/2015 13:00,34390.55,20,8.91,0.89,4.08,4.8,542
2/26/2015 14:00,34390.59,21.67,10.45,0.45,5.78,1.51,524
2/26/2015 15:00,34390.63,21.11,9.94,0,2.79,1.76,397
2/26/2015 16:00,34390.67,18.33,6.76,0.89,5.83,2.02,200
2/26/2015 17:00,34390.71,15,4.87,0.45,4.83,2.27,39
2/26/2015 18:00,34390.76,13.33,5.9,0.89,0.77,2.52,24
2/26/2015 19:00,34390.8,12.22,4.85,1.79,1.4,2.78,23
2/26/2015 20:00,34390.84,12.22,5.77,2.68,1.64,3.03,24
2/26/2015 21:00,34390.88,11.67,5.9,2.68,1.62,3.29,24
2/26/2015 22:00,34390.92,11.11,6,2.68,1.66,3.54,24
2/26/2015 23:00,34390.97,9.44,4.39,3.13,1.87,0.57,25
2/27/2015 0:00,34391,9.44,4.99,3.13,1.41,4.05,24
2/27/2015 1:00,34391.04,10,5.73,3.58,1.66,4.3,24
2/27/2015 2:00,34391.08,9.44,5.38,3.13,1.5,4.56,25
2/27/2015 3:00,34391.13,9.44,5.57,2.68,1.52,4.81,25
2/27/2015 4:00,34391.17,8.33,4.68,3.58,1.64,5.07,25
2/27/2015 5:00,34391.21,9.44,5.76,2.68,1.64,5.32,25
2/27/2015 6:00,34391.25,9.44,5.76,1.79,1.47,5.57,31
2/27/2015 7:00,34391.29,11.11,7.38,2.24,0.93,5.83,145
2/27/2015 8:00,34391.34,15.56,10.06,0.45,2.3,6.08,297
2/27/2015 9:00,34391.38,13.89,8.25,0.45,3.65,6.34,333
2/27/2015 10:00,34391.42,17.22,11,1.34,1.41,6.59,469
2/27/2015 11:00,34391.46,16.67,9.06,0.89,4.78,6.85,498
2/27/2015 12:00,34391.5,18.33,9.87,1.34,5.11,7.1,468
2/27/2015 13:00,34391.55,18.33,9.35,3.13,5.85,5.64,509
2/27/2015 14:00,34391.59,21.11,11.68,1.34,4.96,2.73,510
2/27/2015 15:00,34391.63,19.44,9.28,0.45,4,2.6,361
2/27/2015 16:00,34391.67,17.22,7.77,1.79,5.81,2.48,151
2/27/2015 17:00,34391.71,13.89,5.44,0.45,4.12,2.36,38
2/27/2015 18:00,34391.76,13.33,5.17,1.34,0.19,2.23,23
2/27/2015 19:00,34391.8,12.78,5.61,1.79,5.03,2.11,20
2/27/2015 20:00,34391.84,10.56,4.84,0.89,5.15,1.98,23
2/27/2015 21:00,34391.88,10,4.93,0.89,4.66,1.86,24
2/27/2015 22:00,34391.92,8.89,4.26,0.89,4.03,1.74,24
2/27/2015 23:00,34391.97,10,4.93,1.79,1.57,3.79,24
2/28/2015 0:00,34392,8.89,4.84,0.89,4.45,1.49,24
2/28/2015 1:00,34392.04,8.33,4.49,0.45,3.89,1.36,24
2/28/2015 2:00,34392.08,6.67,3.06,0.45,3.93,1.24,24
2/28/2015 3:00,34392.13,8.33,4.68,0.89,2.98,1.12,24
2/28/2015 4:00,34392.17,7.22,3.78,0.45,5.48,0.99,24
2/28/2015 5:00,34392.21,8.33,5.05,0.45,4.26,0.87,24
2/28/2015 6:00,34392.25,7.22,3.96,0.89,2.83,0.74,31
2/28/2015 7:00,34392.29,13.33,8.95,0.45,3.33,0.62,174
2/28/2015 8:00,34392.34,11.11,6,1.79,4.31,0.5,200
2/28/2015 9:00,34392.38,15,8.19,0.89,4.12,0.37,454
2/28/2015 10:00,34392.42,15,7.48,2.24,3.94,0.25,472
2/28/2015 11:00,34392.46,12.22,4.85,1.34,4.33,0.12,600
2/28/2015 12:00,34392.5,16.11,7,1.34,3.8,0,765
2/28/2015 13:00,34392.55,18.33,6.45,2.68,3.94,0,750
2/28/2015 14:00,34392.59,17.22,5.43,0.89,3.98,0,619
2/28/2015 15:00,34392.63,17.22,4.79,0.45,4.05,0,458
2/28/2015 16:00,34392.67,15,4.29,0.89,4.22,0,318
2/28/2015 17:00,34392.71,10,2.98,0.89,4.28,0,59
2/28/2015 18:00,34392.76,10.56,3.74,0.45,3.94,0,22
2/28/2015 19:00,34392.8,10.56,3.96,2.24,3.93,0,22
2/28/2015 20:00,34392.84,10,3.66,3.13,2.08,0,23
2/28/2015 21:00,34392.88,9.44,3.98,0.89,2.43,0,24
2/28/2015 22:00,34392.92,8.33,3.12,1.34,1.73,0,24
2/28/2015 23:00,34392.97,8.89,4.84,1.34,4.52,1.61,24
3/1/2015 0:00,34393,8.89,4.26,1.79,1.83,0,24
3/1/2015 1:00,34393.04,8.33,3.92,0.89,2.43,0,24
3/1/2015 2:00,34393.08,7.78,3.76,1.79,1.66,0,24
3/1/2015 3:00,34393.13,7.78,3.76,0.89,4.4,0,24
3/1/2015 4:00,34393.17,7.22,3.41,2.24,1.87,0,25
3/1/2015 5:00,34393.21,7.22,3.04,3.58,1.27,0,22
3/1/2015 6:00,34393.25,6.11,2.15,4.02,1.82,0,34
3/1/2015 7:00,34393.29,7.22,2.65,1.34,1.88,0,144
3/1/2015 8:00,34393.34,11.67,5.24,0.89,1.33,0,361
3/1/2015 9:00,34393.38,16.67,8.05,0.45,4.66,0,506
3/1/2015 10:00,34393.42,16.11,7.53,0.45,4.47,0,469
3/1/2015 11:00,34393.46,17.78,8.29,0.89,4.63,0,640
3/1/2015 12:00,34393.5,18.89,8.76,0.45,5.53,0,713
3/1/2015 13:00,34393.55,18.33,6.76,1.34,4.42,0,687
3/1/2015 14:00,34393.59,16.67,5.83,0.45,3.26,6.16,410
3/1/2015 15:00,34393.63,15,4.58,0,5.43,5.88,181
3/1/2015 16:00,34393.67,13.89,4.12,1.34,6.27,5.6,112
3/1/2015 17:00,34393.71,13.33,4.4,0.45,5.08,5.32,37
3/1/2015 18:00,34393.76,12.78,4.4,1.34,1.08,5.04,22
3/1/2015 19:00,34393.8,11.11,3.56,0.45,2.2,4.76,22
3/1/2015 20:00,34393.84,10.56,3.51,1.79,1.27,4.48,23
3/1/2015 21:00,34393.88,10,3.66,2.24,1.45,4.2,21
3/1/2015 22:00,34393.92,10.56,4.41,3.13,1.26,3.92,21
3/1/2015 23:00,34393.97,9.44,4.39,0.89,1.8,0,24
3/2/2015 0:00,34394,9.44,3.98,1.79,2.53,3.36,23
3/2/2015 1:00,34394.04,8.89,4.26,1.79,1.69,3.08,24
3/2/2015 2:00,34394.08,8.33,3.92,2.68,1.36,2.8,24
3/2/2015 3:00,34394.13,8.89,4.46,3.58,1.01,2.52,24
3/2/2015 4:00,34394.17,8.33,3.92,2.24,1.62,2.24,24
3/2/2015 5:00,34394.21,7.78,3.38,1.79,2.06,1.96,24
3/2/2015 6:00,34394.25,7.22,3.04,0.89,2.08,1.68,34
3/2/2015 7:00,34394.29,7.78,4.5,2.24,2.53,1.4,69
3/2/2015 8:00,34394.34,8.33,5.23,1.34,2.3,1.12,88
3/2/2015 9:00,34394.38,8.33,5.76,2.24,2.34,0.84,37
3/2/2015 10:00,34394.42,8.89,6.3,2.68,2.22,0.56,82
3/2/2015 11:00,34394.46,11.67,7.73,4.02,1.8,0.28,425
3/2/2015 12:00,34394.5,11.67,6.11,4.47,1.85,0,757
3/2/2015 13:00,34394.55,13.33,6.83,3.58,2.04,0,660
3/2/2015 14:00,34394.59,14.44,7.19,1.34,2.69,4.28,483
3/2/2015 15:00,34394.63,15.56,7.76,1.34,2.15,4.34,376
3/2/2015 16:00,34394.67,13.33,5.66,0.89,4.1,4.39,184
3/2/2015 17:00,34394.71,11.67,5.24,2.68,2.15,4.45,40
3/2/2015 18:00,34394.76,9.44,4.19,0.89,5.48,4.5,22
3/2/2015 19:00,34394.8,9.44,5.19,2.68,0.14,4.56,23
3/2/2015 20:00,34394.84,10,5.73,3.13,0.96,4.62,23
3/2/2015 21:00,34394.88,8.33,4.49,3.58,1.61,4.67,23
3/2/2015 22:00,34394.92,8.89,5.03,3.13,1.43,4.73,23
3/2/2015 23:00,34394.97,9.44,3.35,0.89,2.6,3.64,21
3/3/2015 0:00,34395,8.33,4.68,4.47,1.48,4.84,24
3/3/2015 1:00,34395.04,7.78,4.14,2.68,1.82,4.9,23
3/3/2015 2:00,34395.08,7.22,3.78,3.13,1.69,4.95,24
3/3/2015 3:00,34395.13,6.11,2.52,3.13,1.62,5.01,24
3/3/2015 4:00,34395.17,6.67,2.87,1.79,2.16,5.07,24
3/3/2015 5:00,34395.21,5.56,1.98,3.13,1.75,5.12,24
3/3/2015 6:00,34395.25,6.67,2.87,2.68,1.78,5.18,35
3/3/2015 7:00,34395.29,8.33,3.92,2.24,1.57,5.23,174
3/3/2015 8:00,34395.34,11.11,5.15,0.89,1.76,5.29,361
3/3/2015 9:00,34395.38,14.44,7.66,1.79,4.69,5.35,529
3/3/2015 10:00,34395.42,16.67,9.06,0.89,4.17,5.4,654
3/3/2015 11:00,34395.46,16.11,7.78,0.45,2.23,5.46,652
3/3/2015 12:00,34395.5,15.56,6.48,0.89,5.27,5.52,572
3/3/2015 13:00,34395.55,16.67,6.7,1.34,4.38,2.68,628
3/3/2015 14:00,34395.59,17.78,6.86,0.89,4.4,0,609
3/3/2015 15:00,34395.63,18.33,7.37,1.79,5.85,0,442
3/3/2015 16:00,34395.67,16.67,5.83,0.45,4.43,0,238
3/3/2015 17:00,34395.71,13.89,4.92,0.45,4.03,0,50
3/3/2015 18:00,34395.76,12.22,4.13,0.89,5.78,0,23
3/3/2015 19:00,34395.8,12.22,4.37,0.45,0.61,0,23
3/3/2015 20:00,34395.84,12.78,4.9,0,4.42,0,23
3/3/2015 21:00,34395.88,11.67,5.24,1.34,1.68,0,23
3/3/2015 22:00,34395.92,9.44,3.77,0.45,3.51,0,23
3/3/2015 23:00,34395.97,8.33,4.68,3.58,1.47,4.78,23
3/4/2015 0:00,34396,8.33,3.53,0.89,1.83,0,24
3/4/2015 1:00,34396.04,8.89,4.65,1.79,1.68,0,24
3/4/2015 2:00,34396.08,8.89,4.65,1.34,1.59,0,24
3/4/2015 3:00,34396.13,8.89,4.26,2.24,1.57,0,24
3/4/2015 4:00,34396.17,7.22,2.84,3.13,1.85,0,24
3/4/2015 5:00,34396.21,7.78,3.38,3.58,1.68,0,24
3/4/2015 6:00,34396.25,7.78,2.99,4.02,1.55,0,34
3/4/2015 7:00,34396.29,10,4.09,2.68,1.57,0,184
3/4/2015 8:00,34396.34,13.33,5.66,1.79,0.82,0,365
3/4/2015 9:00,34396.38,16.67,7.79,0.89,2.81,0,548
3/4/2015 10:00,34396.42,17.22,8.31,0.89,3.94,0,644
3/4/2015 11:00,34396.46,18.33,8.25,0.89,4.12,0,738
3/4/2015 12:00,34396.5,19.44,8.4,1.34,3.68,0,736
3/4/2015 13:00,34396.55,20.56,7.49,1.79,2.3,0,708
3/4/2015 14:00,34396.59,18.89,6.63,1.34,1.19,0,595
3/4/2015 15:00,34396.63,18.33,6.13,1.79,0.96,0,433
3/4/2015 16:00,34396.67,19.44,6.48,0.89,0.59,0,228
3/4/2015 17:00,34396.71,16.11,3.77,0.45,5.97,0,45
3/4/2015 18:00,34396.76,13.33,4.4,0.89,0.87,0,23
3/4/2015 19:00,34396.8,13.33,4.92,2.24,0.87,0,22
3/4/2015 20:00,34396.84,12.22,4.61,3.58,1.34,0,23
3/4/2015 21:00,34396.88,11.67,4.79,3.13,1.4,0,23
3/4/2015 22:00,34396.92,11.11,4.49,2.68,1.57,0,23
3/4/2015 23:00,34396.97,9.44,4.19,1.34,2.23,0,24
3/5/2015 0:00,34397,10.56,4.62,3.13,1.34,0,23
3/5/2015 1:00,34397.04,9.44,3.56,3.13,1.55,0,22
3/5/2015 2:00,34397.08,10.56,3.96,2.24,1.69,0,22
3/5/2015 3:00,34397.13,10,3.21,2.24,1.62,0,23
3/5/2015 4:00,34397.17,9.44,2.91,2.68,1.66,0,23
3/5/2015 5:00,34397.21,8.89,2.6,1.79,1.8,0,23
3/5/2015 6:00,34397.25,8.33,2.07,2.24,1.52,0,34
3/5/2015 7:00,34397.29,10,3.66,2.24,1.06,0,190
3/5/2015 8:00,34397.34,16.67,7.25,0.89,4.35,0,385
3/5/2015 9:00,34397.38,18.33,8.53,1.34,3.79,0,563
3/5/2015 10:00,34397.42,18.89,7.88,1.79,3.91,0,691
3/5/2015 11:00,34397.46,20.56,8.48,0.89,3.58,0,762
3/5/2015 12:00,34397.5,22.22,9.01,1.34,0.02,0,774
3/5/2015 13:00,34397.55,23.89,9.44,0.89,5.55,0,717
3/5/2015 14:00,34397.59,23.33,6.98,0.89,4.45,0,617
3/5/2015 15:00,34397.63,22.22,5.14,0.45,5.38,0,454
3/5/2015 16:00,34397.67,21.11,4.58,0.45,4.68,0,253
3/5/2015 17:00,34397.71,16.67,1.44,0.45,5.65,0,44
3/5/2015 18:00,34397.76,14.44,0.92,0.89,5.86,0,22
3/5/2015 19:00,34397.8,15.56,3.27,1.79,1.13,0,22
3/5/2015 20:00,34397.84,13.89,2.97,2.24,1.54,0,22
3/5/2015 21:00,34397.88,12.22,3.1,3.13,1.48,0,21
3/5/2015 22:00,34397.92,11.11,3.08,3.13,1.31,0,21
3/5/2015 23:00,34397.97,10,3.88,3.58,1.5,0,23
3/6/2015 0:00,34398,10.56,3.51,4.02,1.64,0,23
3/6/2015 1:00,34398.04,9.44,2.91,2.68,1.59,0,23
3/6/2015 2:00,34398.08,9.44,3.56,2.24,1.24,0,23
3/6/2015 3:00,34398.13,8.33,2.5,2.24,1.62,0,23
3/6/2015 4:00,34398.17,9.44,3.13,2.24,1.54,0,23
3/6/2015 5:00,34398.21,8.89,2.6,1.79,1.5,0,23
3/6/2015 6:00,34398.25,8.33,2.71,2.68,1.68,0,34
3/6/2015 7:00,34398.29,12.22,5.77,0.89,1.73,0,195
3/6/2015 8:00,34398.34,17.78,9.09,0.45,5.93,0,393
3/6/2015 9:00,34398.38,17.22,8.04,0.89,4.5,0,563
3/6/2015 10:00,34398.42,18.33,8.25,0.45,4.57,0,689
3/6/2015 11:00,34398.46,20,8.6,2.24,3.74,0,761
3/6/2015 12:00,34398.5,21.67,8.5,0.89,5.92,0,773
3/6/2015 13:00,34398.55,22.22,7.94,0.45,5.08,0,721
3/6/2015 14:00,34398.59,23.33,7.79,1.34,4.5,0,612
3/6/2015 15:00,34398.63,23.33,8.18,0.89,5.99,0,446
3/6/2015 16:00,34398.67,21.67,6.3,0.45,4.83,0,248
3/6/2015 17:00,34398.71,18.89,3.81,0.45,4.61,0,43
3/6/2015 18:00,34398.76,15.56,2.61,0.45,4.17,0,22
3/6/2015 19:00,34398.8,15,5.43,1.34,1.2,0,22
3/6/2015 20:00,34398.84,13.89,4.66,3.13,1.45,0,21
3/6/2015 21:00,34398.88,13.33,4.92,3.58,1.5,0,21
3/6/2015 22:00,34398.92,12.22,4.85,3.58,1.2,0,22
3/6/2015 23:00,34398.97,11.11,3.56,3.58,1.55,0,22
3/7/2015 0:00,34399,11.11,4.49,3.13,1.73,0,22
3/7/2015 1:00,34399.04,10.56,3.96,3.58,1.4,0,22
3/7/2015 2:00,34399.08,10.56,4.84,3.13,1.4,0,22
3/7/2015 3:00,34399.13,9.44,3.98,2.68,1.88,0,22
3/7/2015 4:00,34399.17,10,4.72,2.68,1.54,0,22
3/7/2015 5:00,34399.21,8.89,3.24,2.68,1.61,0,22
3/7/2015 6:00,34399.25,8.89,3.24,2.24,1.61,0,34
3/7/2015 7:00,34399.29,11.11,4.49,2.24,1.48,0,193
3/7/2015 8:00,34399.34,15.56,7.76,1.34,1.36,0,385
3/7/2015 9:00,34399.38,21.11,11.12,0.45,5.85,0,559
3/7/2015 10:00,34399.42,20.56,9.12,0.45,5.41,0,687
3/7/2015 11:00,34399.46,21.11,8.33,1.34,3.79,0,756
3/7/2015 12:00,34399.5,23.33,8.94,0.45,5.15,0,770
3/7/2015 13:00,34399.55,23.33,7.39,0.45,2.88,0,723
3/7/2015 14:00,34399.59,22.22,5.57,0.89,1.05,0,611
3/7/2015 15:00,34399.63,22.78,5.19,0.89,1.1,0,451
3/7/2015 16:00,34399.67,24.44,7.1,0.45,4.29,0,248
3/7/2015 17:00,34399.71,20,4.01,0.45,4.78,0,42
3/7/2015 18:00,34399.76,17.22,4.46,1.79,0.89,0,20
3/7/2015 19:00,34399.8,16.67,4.92,1.34,1.59,0,19
3/7/2015 20:00,34399.84,14.44,4.35,2.24,1.29,0,19
3/7/2015 21:00,34399.88,13.89,5.18,3.58,1.66,0,19
3/7/2015 22:00,34399.92,12.22,4.37,3.58,1.62,0,20
3/7/2015 23:00,34399.97,11.11,4.03,3.13,1.52,0,22
3/8/2015 0:00,34400,12.22,4.85,4.47,1.43,0,19
3/8/2015 1:00,34400.04,7.8,6.4,0.7,0.75,0,0
3/8/2015 2:00,34400.08,11.67,4.56,4.47,1.61,0,20
3/8/2015 3:00,34400.13,11.67,4.33,2.68,1.64,0,20
3/8/2015 4:00,34400.17,10.56,3.04,2.68,1.41,0,20
3/8/2015 5:00,34400.21,10.56,2.56,2.68,1.88,0,20
3/8/2015 6:00,34400.25,10.56,1.81,2.24,1.4,0,20
3/8/2015 7:00,34400.29,10.56,2.06,3.13,1.34,0,33
3/8/2015 8:00,34400.34,12.22,3.1,2.24,2.01,0,199
3/8/2015 9:00,34400.38,18.33,7.96,1.34,6.28,0,397
3/8/2015 10:00,34400.42,22.78,9.85,0.45,4.8,0,568
3/8/2015 11:00,34400.46,22.22,7.57,0.89,4.49,0,691
3/8/2015 12:00,34400.5,23.33,7.79,0.89,3.33,0,769
3/8/2015 13:00,34400.55,27.22,10.44,0.89,5.2,0,772
3/8/2015 14:00,34400.59,25,7.59,0.45,4.63,0,681
3/8/2015 15:00,34400.63,26.67,8.15,0.45,5.6,0,574
3/8/2015 16:00,34400.67,25.56,6.69,0.45,4.07,0,443
3/8/2015 17:00,34400.71,24.44,6.2,0.45,5.69,0,261
3/8/2015 18:00,34400.76,19.44,4.69,0.45,4.45,0,40
3/8/2015 19:00,34400.8,18.33,6.13,0.89,0.98,0,18
3/8/2015 20:00,34400.84,17.78,5.62,1.34,0.19,0,18
3/8/2015 21:00,34400.88,16.67,6.13,2.24,0.96,0,17
3/8/2015 22:00,34400.92,15.56,6.48,1.79,1.26,0,18
3/8/2015 23:00,34400.97,12.22,4.85,4.47,1.43,0,19
3/9/2015 0:00,34401,14.44,6.71,1.79,1.85,0,18
3/9/2015 1:00,34401.04,13.33,6.37,2.68,1.69,0,18
3/9/2015 2:00,34401.08,13.33,6.14,2.68,1.55,0,18
3/9/2015 3:00,34401.13,12.78,6.08,1.79,1.75,0,18
3/9/2015 4:00,34401.17,12.22,5.55,2.68,1.8,0,18
3/9/2015 5:00,34401.21,11.11,4.72,2.68,1.54,0,18
3/9/2015 6:00,34401.25,11.67,5.02,3.58,1.52,0,18
3/9/2015 7:00,34401.29,11.67,4.33,2.24,1.52,0,33
3/9/2015 8:00,34401.34,15,6.48,1.34,1.8,0,201
3/9/2015 9:00,34401.38,17.22,7.77,1.34,0.99,0,394
3/9/2015 10:00,34401.42,22.78,11.16,0.89,4.59,0,564
3/9/2015 11:00,34401.46,21.11,9.31,1.79,0.94,0,691
3/9/2015 12:00,34401.5,25,11.18,0.45,2.5,0,762
3/9/2015 13:00,34401.55,24.44,9.18,1.79,3.87,0,771
3/9/2015 14:00,34401.59,25.56,8.09,0.89,3.39,0,726
3/9/2015 15:00,34401.63,26.67,8.15,0.45,2.72,0.23,613
3/9/2015 16:00,34401.67,23.89,7.05,0.89,0.51,0.45,452
3/9/2015 17:00,34401.71,26.67,8.15,0.45,4.97,0.68,253
3/9/2015 18:00,34401.76,21.67,4.65,0.45,5.81,0.9,42
3/9/2015 19:00,34401.8,20,4.81,0.89,0.8,1.13,16
3/9/2015 20:00,34401.84,18.33,5.8,1.79,1.73,1.35,16
3/9/2015 21:00,34401.88,16.67,5.83,2.68,1.54,1.58,16
3/9/2015 22:00,34401.92,15,5.43,3.13,1.57,1.8,16
3/9/2015 23:00,34401.97,14.44,6.22,1.79,1.34,0,18
3/10/2015 0:00,34402,14.44,6.47,4.02,1.57,2.25,16
3/10/2015 1:00,34402.04,13.89,6.43,3.58,1.47,2.48,16
3/10/2015 2:00,34402.08,13.89,5.69,4.02,1.52,2.7,16
3/10/2015 3:00,34402.13,13.33,5.17,3.58,1.61,2.93,16
3/10/2015 4:00,34402.17,12.78,4.65,4.47,1.76,3.15,16
3/10/2015 5:00,34402.21,13.33,3.6,3.13,1.59,3.38,16
3/10/2015 6:00,34402.25,13.33,2.76,1.79,1.26,3.6,16
3/10/2015 7:00,34402.29,12.22,2.01,3.13,1.5,3.83,36
3/10/2015 8:00,34402.34,15,3.08,2.68,1.45,4.05,205
3/10/2015 9:00,34402.38,23.33,9.31,0.89,5.27,4.28,397
3/10/2015 10:00,34402.42,24.44,9.18,0.89,3.61,4.5,521
3/10/2015 11:00,34402.46,25.56,8.95,0.89,3.56,4.73,664
3/10/2015 12:00,34402.5,26.11,7.66,0.45,4.15,4.95,624
3/10/2015 13:00,34402.55,27.22,7.65,0.45,2.93,0,750
3/10/2015 14:00,34402.59,27.78,7.09,0.45,3.6,0,598
3/10/2015 15:00,34402.63,29.44,7.41,0.45,2.13,0.45,509
3/10/2015 16:00,34402.67,26.67,6.66,0.89,2.71,0.91,299
3/10/2015 17:00,34402.71,25,7.59,0.89,2.46,1.36,160
3/10/2015 18:00,34402.76,23.33,6.98,0.89,2.41,1.82,56
3/10/2015 19:00,34402.8,21.67,4.21,0.89,1.54,2.27,14
3/10/2015 20:00,34402.84,20,3.6,1.34,1.61,2.73,14
3/10/2015 21:00,34402.88,18.89,4.56,2.24,1.83,3.18,14
3/10/2015 22:00,34402.92,18.89,3.02,3.58,1.57,3.64,14
3/10/2015 23:00,34402.97,13.89,5.44,3.13,1.5,2.03,16
3/11/2015 0:00,34403,18.89,2.62,3.13,1.47,4.55,13
3/11/2015 1:00,34403.04,18.89,2.62,2.68,1.59,5,13
3/11/2015 2:00,34403.08,19.44,2.25,2.68,1.31,5.45,13
3/11/2015 3:00,34403.13,18.33,1.7,1.34,4.17,5.91,13
3/11/2015 4:00,34403.17,16.67,3.62,0.45,3.82,6.36,13
3/11/2015 5:00,34403.21,16.11,5.02,0.89,0.1,6.82,14
3/11/2015 6:00,34403.25,16.11,5.02,1.34,0.4,7.27,13
3/11/2015 7:00,34403.29,16.11,6.46,2.24,5.99,7.73,18
3/11/2015 8:00,34403.34,18.89,6.31,4.92,0.31,8.18,33
3/11/2015 9:00,34403.38,20.56,5.69,1.79,3.91,8.64,68
3/11/2015 10:00,34403.42,16.67,7.79,1.34,4.47,9.09,83
3/11/2015 11:00,34403.46,17.22,9.34,0.45,5.88,9.55,112
3/11/2015 12:00,34403.5,17.78,8.83,1.79,1.48,10,142
3/11/2015 13:00,34403.55,20,9.21,1.34,1.47,9.2,311
3/11/2015 14:00,34403.59,20.56,8.16,0.89,0.59,9.55,238
3/11/2015 15:00,34403.63,20,6.64,1.34,1.06,9.15,207
3/11/2015 16:00,34403.67,20.56,6.79,2.24,1.31,8.75,176
3/11/2015 17:00,34403.71,20,6.29,2.24,0.82,8.35,237
3/11/2015 18:00,34403.76,20.56,6.07,0.45,3.77,7.95,44
3/11/2015 19:00,34403.8,18.89,5.63,0.89,5.74,7.55,14
3/11/2015 20:00,34403.84,17.78,5.62,1.79,0.35,7.14,13
3/11/2015 21:00,34403.88,15.56,5.1,0.45,5.74,6.74,13
3/11/2015 22:00,34403.92,15,6.48,1.34,4.54,6.34,13
3/11/2015 23:00,34403.97,18.33,2.53,3.58,1.55,4.09,14
3/12/2015 0:00,34404,12.22,5.55,0.45,3.91,5.54,13
3/12/2015 1:00,34404.04,12.78,6.08,0.89,1.61,5.14,13
3/12/2015 2:00,34404.08,11.67,5.69,1.34,1.99,4.74,13
3/12/2015 3:00,34404.13,10.56,5.05,0.45,4.42,4.33,14
3/12/2015 4:00,34404.17,10,4.93,0.89,1.8,3.93,13
3/12/2015 5:00,34404.21,9.44,4.99,0.45,5.45,3.53,13
3/12/2015 6:00,34404.25,8.89,4.65,0.45,5.18,3.13,14
3/12/2015 7:00,34404.29,9.44,5.38,0.45,4.47,2.73,37
3/12/2015 8:00,34404.34,11.11,7.76,0.89,3.93,2.33,209
3/12/2015 9:00,34404.38,15.56,10.49,1.34,4.68,1.92,399
3/12/2015 10:00,34404.42,15.56,10.7,0.89,4.66,1.52,560
3/12/2015 11:00,34404.46,16.67,10.91,1.79,4.1,1.12,684
3/12/2015 12:00,34404.5,18.89,12.13,0.89,4.31,0.72,748
3/12/2015 13:00,34404.55,18.89,11.16,1.34,3.93,0,757
3/12/2015 14:00,34404.59,21.67,12.47,0.89,3.96,0,705
3/12/2015 15:00,34404.63,22.78,12.38,0.45,5.88,0,613
3/12/2015 16:00,34404.67,22.22,10.01,0.45,4.1,0,415
3/12/2015 17:00,34404.71,21.67,10.14,0.45,5.9,0,220
3/12/2015 18:00,34404.76,18.89,8.18,0.45,1.59,0,59
3/12/2015 19:00,34404.8,16.11,7.53,1.79,1.48,0,15
3/12/2015 20:00,34404.84,16.67,8.56,1.79,1.87,0,14
3/12/2015 21:00,34404.88,15.56,8.72,1.79,1.43,0,14
3/12/2015 22:00,34404.92,15,9.09,2.68,1.4,0,14
3/12/2015 23:00,34404.97,13.33,6.14,1.34,1.4,5.94,13
3/13/2015 0:00,34405,13.33,8.55,3.13,1.59,0,14
3/13/2015 1:00,34405.04,13.33,8.95,4.02,1.47,0,14
3/13/2015 2:00,34405.08,13.33,9.15,3.58,1.41,0,14
3/13/2015 3:00,34405.13,12.78,8.81,4.02,1.73,0,14
3/13/2015 4:00,34405.17,12.22,8.27,3.13,1.34,0,14
3/13/2015 5:00,34405.21,12.22,8.27,2.24,1.45,0,14
3/13/2015 6:00,34405.25,11.11,7.19,1.79,1.38,0,14
3/13/2015 7:00,34405.29,11.67,7.54,3.58,1.57,0,45
3/13/2015 8:00,34405.34,13.89,9.09,2.24,1.48,0,236
3/13/2015 9:00,34405.38,20,13.18,1.34,0.84,0,407
3/13/2015 10:00,34405.42,23.33,14.58,0.89,6.14,0,579
3/13/2015 11:00,34405.46,24.44,14.51,0.45,2.74,0,700
3/13/2015 12:00,34405.5,25.56,13.72,0.89,4.19,0,776
3/13/2015 13:00,34405.55,26.67,13.4,0.89,0.24,0,783
3/13/2015 14:00,34405.59,27.22,12.07,0.89,2.2,0,725
3/13/2015 15:00,34405.63,27.22,12.07,1.34,6.02,0,499
3/13/2015 16:00,34405.67,28.33,11.42,0.45,6.07,0,415
3/13/2015 17:00,34405.71,26.11,9.45,0,1.9,0,201
3/13/2015 18:00,34405.76,22.78,7.29,0.89,3.91,0,57
3/13/2015 19:00,34405.8,21.11,7.65,1.34,0.84,0,13
3/13/2015 20:00,34405.84,20.56,8.16,1.34,1.01,0,13
3/13/2015 21:00,34405.88,19.44,8.7,1.34,1.03,0,13
3/13/2015 22:00,34405.92,18.89,8.76,2.24,1.5,0,13
3/13/2015 23:00,34405.97,13.89,8.67,3.13,1.4,0,14
3/14/2015 0:00,34406,17.78,8.56,3.13,1.52,0,13
3/14/2015 1:00,34406.04,17.78,8.01,4.02,1.54,0,13
3/14/2015 2:00,34406.08,17.78,7.45,2.68,1.17,0,13
3/14/2015 3:00,34406.13,17.22,7.21,1.34,4.42,0,13
3/14/2015 4:00,34406.17,16.67,7.25,1.79,1.36,0,13
3/14/2015 5:00,34406.21,16.67,7.52,1.34,1.33,0,13
3/14/2015 6:00,34406.25,15,7.48,2.68,0.89,0,13
3/14/2015 7:00,34406.29,15.56,7.26,3.58,1.31,0,36
3/14/2015 8:00,34406.34,18.33,8.81,2.24,1.57,0,179
3/14/2015 9:00,34406.38,20.56,9.72,1.34,1.08,0,409
3/14/2015 10:00,34406.42,26.11,11.07,1.34,3.65,0,574
3/14/2015 11:00,34406.46,27.78,11.35,1.79,4.14,0,695
3/14/2015 12:00,34406.5,29.44,11.06,1.79,0.33,0,774
3/14/2015 13:00,34406.55,31.11,12.53,1.34,0.03,0,778
3/14/2015 14:00,34406.59,32.22,11.48,0.89,3.42,0,743
3/14/2015 15:00,34406.63,32.78,6.99,0.45,3.54,0.15,631
3/14/2015 16:00,34406.67,30.56,5.13,0,1.13,0.29,405
3/14/2015 17:00,34406.71,30,3.94,0.45,3.82,0.44,223
3/14/2015 18:00,34406.76,26.67,2.56,1.79,2.34,0.58,41
3/14/2015 19:00,34406.8,24.44,4.21,1.79,1.38,0.73,11
3/14/2015 20:00,34406.84,22.78,4.26,4.02,1.5,0.87,11
3/14/2015 21:00,34406.88,22.22,4.7,3.13,1.47,1.02,10
3/14/2015 22:00,34406.92,22.22,4.25,0.89,3.86,1.16,10
3/14/2015 23:00,34406.97,17.78,8.56,2.68,1.54,0,13
3/15/2015 0:00,34407,20.56,5.69,3.58,1.66,1.45,10
3/15/2015 1:00,34407.04,20.56,5.69,4.47,1.19,1.6,10
3/15/2015 2:00,34407.08,20.56,4.91,4.02,1.13,1.74,10
3/15/2015 3:00,34407.13,20.56,5.3,2.24,1.36,1.89,10
3/15/2015 4:00,34407.17,18.89,4.93,5.36,1.59,2.03,10
3/15/2015 5:00,34407.21,19.44,5.06,3.13,1.64,2.18,10
3/15/2015 6:00,34407.25,18.89,4.56,2.68,1.69,2.33,10
3/15/2015 7:00,34407.29,18.89,4.93,2.24,1.06,2.47,32
3/15/2015 8:00,34407.34,20,5.19,3.58,1.4,2.62,118
3/15/2015 9:00,34407.38,23.89,7.88,0.89,3.61,2.76,274
3/15/2015 10:00,34407.42,25.56,8.95,0.45,6.23,2.91,416
3/15/2015 11:00,34407.46,27.78,9.12,0.45,1.03,3.05,658
3/15/2015 12:00,34407.5,32.22,9.19,0.45,4.03,3.2,712
3/15/2015 13:00,34407.55,32.22,7.23,0.45,3.4,5.38,575
3/15/2015 14:00,34407.59,33.33,5.94,0.89,4.24,0,627
3/15/2015 15:00,34407.63,33.89,4.71,0.89,4.57,0.11,581
3/15/2015 16:00,34407.67,30.56,3.64,0.45,3.6,0.21,362
3/15/2015 17:00,34407.71,29.44,3.48,0.89,1.9,0.32,119
3/15/2015 18:00,34407.76,27.78,2.81,1.34,2.08,0.42,52
3/15/2015 19:00,34407.8,23.89,4.75,0.45,4.29,0.53,11
3/15/2015 20:00,34407.84,20,7.32,0.89,4.56,0.63,9
3/15/2015 21:00,34407.88,17.22,8.31,0.45,4.43,0.74,9
3/15/2015 22:00,34407.92,16.11,8.29,0.45,4.45,0.84,9
3/15/2015 23:00,34407.97,18.89,5.63,2.68,1.17,1.31,11
3/16/2015 0:00,34408,13.89,6.9,0.45,4.14,1.05,9
3/16/2015 1:00,34408.04,13.89,7.36,0.45,2.41,1.16,9
3/16/2015 2:00,34408.08,12.78,6.75,1.34,4.52,1.26,9
3/16/2015 3:00,34408.13,12.22,6.65,0.89,0.93,1.37,9
3/16/2015 4:00,34408.17,13.89,8.46,1.79,1.76,1.47,9
3/16/2015 5:00,34408.21,12.78,6.97,1.79,1.97,1.58,9
3/16/2015 6:00,34408.25,13.89,7.59,1.34,2.65,1.68,9
3/16/2015 7:00,34408.29,12.78,7.81,0.89,3.35,1.79,28
3/16/2015 8:00,34408.34,15.56,10.28,0.45,5.67,1.89,169
3/16/2015 9:00,34408.38,17.78,11.07,1.34,1.69,2,349
3/16/2015 10:00,34408.42,23.33,13.19,0.89,3.67,2.1,545
3/16/2015 11:00,34408.46,22.22,11.27,0.89,5.38,2.21,635
3/16/2015 12:00,34408.5,25.56,13.07,0.45,3.72,2.31,740
3/16/2015 13:00,34408.55,25,10.82,0.89,4.82,3.95,640
3/16/2015 14:00,34408.59,25,10.44,0.45,3.93,6.14,457
3/16/2015 15:00,34408.63,28.33,12.67,0.89,5.9,6.17,501
3/16/2015 16:00,34408.67,25.56,9.37,0.45,4.12,6.21,337
3/16/2015 17:00,34408.71,23.33,8.57,1.79,5.88,6.25,186
3/16/2015 18:00,34408.76,21.11,7.3,1.79,5.9,6.29,48
3/16/2015 19:00,34408.8,18.89,5.63,0.45,3.4,6.33,11
3/16/2015 20:00,34408.84,17.22,6.35,0.89,4.59,6.36,10
3/16/2015 21:00,34408.88,16.67,6.98,1.79,4.82,6.4,10
3/16/2015 22:00,34408.92,16.11,7,0.45,5.04,6.44,10
3/16/2015 23:00,34408.97,15,7.72,0.89,4.76,0.95,9
3/17/2015 0:00,34409,14.44,7.43,0.45,4.43,6.52,10
3/17/2015 1:00,34409.04,13.89,7.81,1.34,2.04,6.55,10
3/17/2015 2:00,34409.08,14.44,8.56,0.89,4.28,6.59,10
3/17/2015 3:00,34409.13,13.89,8.67,0.45,4.45,6.63,10
3/17/2015 4:00,34409.17,13.33,8.55,0,4.82,6.67,10
3/17/2015 5:00,34409.21,13.33,8.75,0.45,0.96,6.71,10
3/17/2015 6:00,34409.25,13.33,9.35,0.89,1.45,6.75,10
3/17/2015 7:00,34409.29,12.22,8.46,1.34,4.47,6.78,24
3/17/2015 8:00,34409.34,13.89,10.08,3.13,1.27,6.82,72
3/17/2015 9:00,34409.38,18.33,11.83,1.79,3.44,6.86,194
3/17/2015 10:00,34409.42,17.22,11,0.45,4,6.9,293
3/17/2015 11:00,34409.46,19.44,11.93,0.45,5.99,6.94,368
3/17/2015 12:00,34409.5,21.67,13.27,1.34,5.95,6.97,527
3/17/2015 13:00,34409.55,23.33,12.89,0.45,1.87,5.77,561
3/17/2015 14:00,34409.59,23.33,11.36,0.89,3.75,5.08,507
3/17/2015 15:00,34409.63,22.22,10.01,0.89,0.65,4.85,413
3/17/2015 16:00,34409.67,22.78,9.51,0.45,5.04,4.61,338
3/17/2015 17:00,34409.71,22.22,8.66,0.45,4.94,4.38,175
3/17/2015 18:00,34409.76,20,6.98,0.45,5.46,4.15,69
3/17/2015 19:00,34409.8,18.33,7.37,0.45,5.25,3.92,13
3/17/2015 20:00,34409.84,17.22,6.93,0.45,4.9,3.69,11
3/17/2015 21:00,34409.88,16.11,6.46,0.45,6.09,3.46,11
3/17/2015 22:00,34409.92,14.44,6.47,0.45,6.27,3.23,11
3/17/2015 23:00,34409.97,15,6.99,0.45,4.49,6.48,10
3/18/2015 0:00,34410,13.89,7.13,0.89,1.27,2.77,11
3/18/2015 1:00,34410.04,12.78,6.53,0.89,4.56,2.54,11
3/18/2015 2:00,34410.08,12.22,7.07,0.45,1.2,2.31,11
3/18/2015 3:00,34410.13,12.78,8.42,1.79,1.52,2.08,11
3/18/2015 4:00,34410.17,11.67,7.73,0.45,2.2,1.85,11
3/18/2015 5:00,34410.21,11.11,7.38,0.45,2.06,1.62,11
3/18/2015 6:00,34410.25,11.11,7.94,1.34,1.97,1.38,11
3/18/2015 7:00,34410.29,10,6.67,0.45,4.45,1.15,46
3/18/2015 8:00,34410.34,13.89,10.08,0.89,1.85,0.92,176
3/18/2015 9:00,34410.38,17.22,12.09,0.45,1.26,0.69,357
3/18/2015 10:00,34410.42,20,12.95,0.89,4.22,0.46,539
3/18/2015 11:00,34410.46,22.22,12.72,0.89,4.97,0.23,716
3/18/2015 12:00,34410.5,23.89,12.19,0.89,4.75,0,785
3/18/2015 13:00,34410.55,25.56,12.39,1.79,1.38,0,791
3/18/2015 14:00,34410.59,25.56,10.57,0.89,4.24,0,758
3/18/2015 15:00,34410.63,25.56,11.32,0.89,5.83,0,527
3/18/2015 16:00,34410.67,26.67,10.77,0.45,5.41,0,399
3/18/2015 17:00,34410.71,25.56,9.78,0.45,4.08,0,314
3/18/2015 18:00,34410.76,22.22,5.14,0.45,5.36,0,87
3/18/2015 19:00,34410.8,18.89,3.81,0.45,5.48,0,14
3/18/2015 20:00,34410.84,17.78,3.93,0.45,5.86,0,11
3/18/2015 21:00,34410.88,16.67,3.95,0.45,2.62,0,11
3/18/2015 22:00,34410.92,16.67,4.92,0.89,1.24,0,11
3/18/2015 23:00,34410.97,15,7.48,0.45,4.43,3,11
3/19/2015 0:00,34411,15.56,6.75,1.34,1.45,0,11
3/19/2015 1:00,34411.04,15,6.99,0.89,4.47,0,11
3/19/2015 2:00,34411.08,13.89,6.9,1.79,1.47,0,11
3/19/2015 3:00,34411.13,13.33,7.28,0.89,1.43,0,11
3/19/2015 4:00,34411.17,13.33,7.71,3.13,1.92,0,11
3/19/2015 5:00,34411.21,13.89,8.67,2.68,0.96,0,10
3/19/2015 6:00,34411.25,12.78,7.39,3.13,1.61,0,11
3/19/2015 7:00,34411.29,13.89,8.46,3.13,1.29,0,51
3/19/2015 8:00,34411.34,16.67,10.01,2.24,1.15,0,239
3/19/2015 9:00,34411.38,22.22,12.99,0.45,3.07,0,435
3/19/2015 10:00,34411.42,23.89,12.19,0.89,2.97,0,606
3/19/2015 11:00,34411.46,23.89,9.81,0.45,4.17,0,731
3/19/2015 12:00,34411.5,26.11,10.28,0.45,4.54,0,798
3/19/2015 13:00,34411.55,28.33,11.42,0.89,3.98,0,805
3/19/2015 14:00,34411.59,27.22,10.44,0.45,5.93,0,748
3/19/2015 15:00,34411.63,28.89,10.1,1.79,0.03,0.15,631
3/19/2015 16:00,34411.67,28.33,8.62,0.89,4.73,0.29,479
3/19/2015 17:00,34411.71,27.22,7.14,0.45,4.63,0.44,253
3/19/2015 18:00,34411.76,23.89,5.71,0.45,1.48,0.59,42
3/19/2015 19:00,34411.8,20.56,4.91,0.89,6.28,0.74,12
3/19/2015 20:00,34411.84,18.89,6.96,1.79,0.16,0.88,10
3/19/2015 21:00,34411.88,18.33,6.45,2.24,1.61,1.03,10
3/19/2015 22:00,34411.92,17.22,6.05,2.68,1.82,1.18,10
3/19/2015 23:00,34411.97,15.56,6.48,0.45,0.7,0,11
3/20/2015 0:00,34412,16.11,6.73,3.13,1.4,1.47,10
3/20/2015 1:00,34412.04,16.67,7.79,3.13,1.61,1.62,10
3/20/2015 2:00,34412.08,15.56,7.01,3.13,1.54,1.77,10
3/20/2015 3:00,34412.13,15,7.48,2.68,1.5,1.91,10
3/20/2015 4:00,34412.17,15,6.99,1.79,1.34,2.06,10
3/20/2015 5:00,34412.21,14.44,7.66,3.13,1.27,2.21,10
3/20/2015 6:00,34412.25,13.89,6.67,2.68,1.92,2.35,11
3/20/2015 7:00,34412.29,15,7.48,2.24,1.9,2.5,57
3/20/2015 8:00,34412.34,18.33,10.13,1.79,1.48,2.65,233
3/20/2015 9:00,34412.38,22.22,11.27,1.34,0.82,2.8,434
3/20/2015 10:00,34412.42,26.67,12.32,1.34,1.8,2.94,603
3/20/2015 11:00,34412.46,27.22,11.27,0.89,4.54,3.09,717
3/20/2015 12:00,34412.5,27.22,9.1,0.89,4.19,3.24,729
3/20/2015 13:00,34412.55,29.44,10.09,0.89,6.04,5.9,563
3/20/2015 14:00,34412.59,27.22,8.15,1.34,4.73,6.73,438
3/20/2015 15:00,34412.63,27.22,7.65,0.89,0.59,6.42,369
3/20/2015 16:00,34412.67,27.78,8.14,0,5.83,6.12,280
3/20/2015 17:00,34412.71,27.22,7.65,0.45,4.8,5.81,235
3/20/2015 18:00,34412.76,22.78,6.89,0.45,4.29,5.51,48
3/20/2015 19:00,34412.8,19.44,5.43,0.45,4.52,5.2,10
3/20/2015 20:00,34412.84,19.44,6.48,0.45,4.64,4.89,10
3/20/2015 21:00,34412.88,17.78,6.25,0,4.43,4.59,9
3/20/2015 22:00,34412.92,15.56,5.67,0.89,5.93,4.28,10
3/20/2015 23:00,34412.97,16.67,6.41,2.68,1.62,1.32,10
3/21/2015 0:00,34413,15.56,7.51,0.45,3.02,3.67,9
3/21/2015 1:00,34413.04,14.44,7.89,1.34,0.91,3.36,10
3/21/2015 2:00,34413.08,13.89,7.59,3.58,1.1,3.06,10
3/21/2015 3:00,34413.13,13.89,8.03,1.34,1.27,2.75,10
3/21/2015 4:00,34413.17,13.33,7.28,1.34,4.68,2.45,10
3/21/2015 5:00,34413.21,12.78,7.18,2.24,1.78,2.14,10
3/21/2015 6:00,34413.25,10.56,4.84,2.24,4.43,1.84,10
3/21/2015 7:00,34413.29,10.56,6.07,1.34,4,1.53,56
3/21/2015 8:00,34413.34,13.89,8.67,1.79,0.84,1.22,237
3/21/2015 9:00,34413.38,17.78,10.59,0.89,4.57,0.92,426
3/21/2015 10:00,34413.42,21.67,11.63,1.34,4.33,0.61,515
3/21/2015 11:00,34413.46,22.22,10.33,2.24,4.07,0.31,660
3/21/2015 12:00,34413.5,23.89,9.81,1.79,4.47,0,792
3/21/2015 13:00,34413.55,24.44,8.38,1.34,3.56,0,744
3/21/2015 14:00,34413.59,25.56,6.69,1.79,0.93,0,660
3/21/2015 15:00,34413.63,25.56,7.17,0.89,6.07,0.13,574
3/21/2015 16:00,34413.67,26.67,6.66,0.45,1.62,0.25,359
3/21/2015 17:00,34413.71,24.44,2.55,0.45,5.6,0.38,188
3/21/2015 18:00,34413.76,21.67,1.81,0.45,4.96,0.51,51
3/21/2015 19:00,34413.8,20,0.88,0.45,4.69,0.63,11
3/21/2015 20:00,34413.84,19.44,2.25,0.45,0.16,0.76,10
3/21/2015 21:00,34413.88,18.33,3.69,1.79,1.64,0.89,9
3/21/2015 22:00,34413.92,16.67,3.27,2.68,1.57,1.01,9
3/21/2015 23:00,34413.97,16.67,8.05,1.34,1.59,3.98,10
3/22/2015 0:00,34414,15.56,4.21,3.13,1.55,1.27,10
3/22/2015 1:00,34414.04,15,4.58,3.58,1.59,1.39,10
3/22/2015 2:00,34414.08,15,4.87,3.13,1.59,1.52,9
3/22/2015 3:00,34414.13,15,3.7,2.68,1.36,1.65,9
3/22/2015 4:00,34414.17,13.89,3.56,0.89,5.29,1.77,10
3/22/2015 5:00,34414.21,11.67,2.59,1.34,0.03,1.9,10
3/22/2015 6:00,34414.25,13.89,5.69,1.34,0.79,2.03,10
3/22/2015 7:00,34414.29,13.89,5.69,2.24,1.48,2.15,67
3/22/2015 8:00,34414.34,16.11,6.46,0.89,1.47,2.28,216
3/22/2015 9:00,34414.38,19.44,8.09,0.45,5.45,2.41,404
3/22/2015 10:00,34414.42,22.22,8.3,0.45,2.81,2.53,506
3/22/2015 11:00,34414.46,25,8.46,0.45,5.31,2.66,619
3/22/2015 12:00,34414.5,27.78,10.49,2.24,0.07,2.79,750
3/22/2015 13:00,34414.55,27.78,7.62,0.89,5.79,0,771
3/22/2015 14:00,34414.59,26.67,5.59,0.89,4.45,2.9,594
3/22/2015 15:00,34414.63,25,4.69,1.34,4.71,2.77,420
3/22/2015 16:00,34414.67,23.89,5.71,0.45,2.98,2.63,220
3/22/2015 17:00,34414.71,23.33,4.75,0.45,4.63,2.5,226
3/22/2015 18:00,34414.76,21.11,5,0.45,0.03,2.37,54
3/22/2015 19:00,34414.8,17.22,8.04,1.79,5.65,2.24,11
3/22/2015 20:00,34414.84,16.11,7.53,2.24,5.69,2.11,10
3/22/2015 21:00,34414.88,15,7.72,0.89,4.38,1.98,10
3/22/2015 22:00,34414.92,14.44,7.66,0.45,5.24,1.84,10
3/22/2015 23:00,34414.97,15.56,3.59,3.13,1.27,1.14,10
3/23/2015 0:00,34415,12.78,6.53,0.89,4.5,1.58,9
3/23/2015 1:00,34415.04,12.22,6.22,0.89,4.22,1.45,9
3/23/2015 2:00,34415.08,11.11,5.15,0.89,4.14,1.32,9
3/23/2015 3:00,34415.13,9.44,4.6,0.89,3.86,1.19,10
3/23/2015 4:00,34415.17,8.33,3.92,0.45,4.07,1.05,9
3/23/2015 5:00,34415.21,7.78,3.95,0.89,4.73,0.92,10
3/23/2015 6:00,34415.25,10,6.11,1.79,1.75,0.79,10
3/23/2015 7:00,34415.29,11.67,7.54,0.45,4.42,0.66,77
3/23/2015 8:00,34415.34,13.89,8.67,0.45,4.61,0.53,256
3/23/2015 9:00,34415.38,18.89,10.91,0.45,4.45,0.4,442
3/23/2015 10:00,34415.42,21.67,11.92,2.24,5.9,0.26,617
3/23/2015 11:00,34415.46,22.22,10.01,2.24,4.94,0.13,738
3/23/2015 12:00,34415.5,22.78,8.8,1.79,4.64,0,813
3/23/2015 13:00,34415.55,23.89,7.88,1.79,5.11,0,807
3/23/2015 14:00,34415.59,22.22,6.8,2.68,5.69,3.16,591
3/23/2015 15:00,34415.63,22.78,6.48,1.34,4.63,3.18,510
3/23/2015 16:00,34415.67,21.67,5.08,0.89,4.38,3.19,475
3/23/2015 17:00,34415.71,21.11,4.58,2.68,5.81,3.2,277
3/23/2015 18:00,34415.76,17.78,3.2,2.68,5.95,3.22,51
3/23/2015 19:00,34415.8,16.11,3.11,0.89,5.04,3.23,12
3/23/2015 20:00,34415.84,15.56,3.9,0.45,5.92,3.25,10
3/23/2015 21:00,34415.88,13.33,2.76,0.45,0.72,3.26,10
3/23/2015 22:00,34415.92,12.78,3.62,0.45,5.38,3.27,10
3/23/2015 23:00,34415.97,14.44,7.66,0.89,4.36,1.71,9
3/24/2015 0:00,34416,10.56,1.55,0.45,5.11,3.3,10
3/24/2015 1:00,34416.04,10.56,2.06,0.45,0.12,3.32,10
3/24/2015 2:00,34416.08,10,2.52,0.45,4.61,3.33,10
3/24/2015 3:00,34416.13,10,2.52,0.45,4.21,3.34,10
3/24/2015 4:00,34416.17,9.44,2.68,0.45,4.1,3.36,10
3/24/2015 5:00,34416.21,8.33,2.71,0.45,5.83,3.37,10
3/24/2015 6:00,34416.25,8.33,3.12,1.34,3.77,3.38,11
3/24/2015 7:00,34416.29,11.11,5.58,0.45,2.53,3.4,72
3/24/2015 8:00,34416.34,14.44,7.43,0.89,2.55,3.41,268
3/24/2015 9:00,34416.38,16.67,8.31,1.34,2.29,3.43,448
3/24/2015 10:00,34416.42,20,8.91,0.45,2.11,3.44,569
3/24/2015 11:00,34416.46,18.89,7.58,2.24,0.82,3.45,683
3/24/2015 12:00,34416.5,19.44,6.48,2.24,1.45,3.47,735
3/24/2015 13:00,34416.55,22.78,8.07,1.79,5.48,3.61,680
3/24/2015 14:00,34416.59,22.78,7.68,2.24,5.78,0,636
3/24/2015 15:00,34416.63,22.78,7.29,1.34,5.46,0,477
3/24/2015 16:00,34416.67,20.56,7.14,1.34,5.88,0,285
3/24/2015 17:00,34416.71,21.67,8.5,0.45,5.13,0,279
3/24/2015 18:00,34416.76,18.33,6.76,1.34,5.32,0,56
3/24/2015 19:00,34416.8,17.22,7.21,0.45,3.75,0,12
3/24/2015 20:00,34416.84,16.11,7.27,0.45,3.89,0,10
3/24/2015 21:00,34416.88,14.44,5.96,0.89,0.37,0,10
3/24/2015 22:00,34416.92,14.44,6.47,1.79,4.52,0,10
3/24/2015 23:00,34416.97,12.78,3.08,0.45,4.03,3.29,10
3/25/2015 0:00,34417,11.67,5.24,1.79,2.01,0,10
3/25/2015 1:00,34417.04,10.56,4.62,0.45,2.91,0,10
3/25/2015 2:00,34417.08,10.56,5.87,1.79,2.04,0,10
3/25/2015 3:00,34417.13,10.56,6.46,1.79,1.45,0,10
3/25/2015 4:00,34417.17,9.44,5.57,0.89,0.98,0,10
3/25/2015 5:00,34417.21,10.56,7.03,2.68,1.43,0,10
3/25/2015 6:00,34417.25,10,6.49,2.24,1.59,0,11
3/25/2015 7:00,34417.29,11.11,6.8,0.89,4.5,0,75
3/25/2015 8:00,34417.34,13.89,9.29,1.34,4.56,0,265
3/25/2015 9:00,34417.38,17.22,10.3,0.89,4.12,0,454
3/25/2015 10:00,34417.42,21.67,12.47,0.45,4.56,0,619
3/25/2015 11:00,34417.46,21.67,10.45,0.45,3.49,0,743
3/25/2015 12:00,34417.5,23.33,10.7,0.89,4.68,0,809
3/25/2015 13:00,34417.55,25,10.82,1.34,3.75,0,814
3/25/2015 14:00,34417.59,25,9.28,0.89,3.23,0,759
3/25/2015 15:00,34417.63,26.67,10.36,0.45,0.1,0,647
3/25/2015 16:00,34417.67,26.67,8.61,0.45,4.31,0,486
3/25/2015 17:00,34417.71,26.11,8.58,0.45,5.52,0,282
3/25/2015 18:00,34417.76,23.33,6.55,0.45,2.83,0,59
3/25/2015 19:00,34417.8,20,6.29,0.45,4.87,0,13
3/25/2015 20:00,34417.84,19.44,7.78,1.34,1.73,0,10
3/25/2015 21:00,34417.88,17.78,6.56,0.89,5.79,0,10
3/25/2015 22:00,34417.92,16.67,7.79,2.24,1.38,0,10
3/25/2015 23:00,34417.97,12.78,5.38,1.34,4.57,0,10
3/26/2015 0:00,34418,15,7.72,4.02,1.87,0,10
3/26/2015 1:00,34418.04,15,8.42,3.13,1.52,0,10
3/26/2015 2:00,34418.08,13.89,7.59,3.13,1.82,0,10
3/26/2015 3:00,34418.13,15,7.96,1.34,1.83,0,10
3/26/2015 4:00,34418.17,13.89,8.03,2.24,1.36,0,10
3/26/2015 5:00,34418.21,13.33,7.28,1.34,1.12,0,10
3/26/2015 6:00,34418.25,12.22,6.86,2.24,1.54,0,11
3/26/2015 7:00,34418.29,13.89,8.03,2.68,1.5,0,81
3/26/2015 8:00,34418.34,17.22,9.58,2.68,1.47,0,273
3/26/2015 9:00,34418.38,20.56,10.88,1.79,1.06,0,468
3/26/2015 10:00,34418.42,25,13.21,0.89,5.86,0,635
3/26/2015 11:00,34418.46,29.44,14.84,1.34,6.09,0,757
3/26/2015 12:00,34418.5,30.56,12.96,1.79,3.89,0,825
3/26/2015 13:00,34418.55,30,10.07,0.89,4.63,0,837
3/26/2015 14:00,34418.59,30.56,8.36,1.34,3.68,0,783
3/26/2015 15:00,34418.63,32.78,7.7,0.45,1.87,0,668
3/26/2015 16:00,34418.67,31.67,3.75,0.45,5.08,0,506
3/26/2015 17:00,34418.71,31.67,2.9,0.89,4.08,0,305
3/26/2015 18:00,34418.76,28.33,0.18,0.45,5.06,0,52
3/26/2015 19:00,34418.8,24.44,0.03,0.89,0.52,0,12
3/26/2015 20:00,34418.84,23.89,1.48,1.79,1.36,0,9
3/26/2015 21:00,34418.88,21.67,2.32,2.68,1.38,0,9
3/26/2015 22:00,34418.92,20,2.3,3.58,1.47,0,9
3/26/2015 23:00,34418.97,15.56,7.51,3.13,1.52,0,10
3/27/2015 0:00,34419,18.89,3.42,4.47,1.34,0,9
3/27/2015 1:00,34419.04,20,4.01,2.68,1.47,0,9
3/27/2015 2:00,34419.08,18.89,3.81,2.68,1.94,0,9
3/27/2015 3:00,34419.13,18.33,3.32,2.24,1.76,0,9
3/27/2015 4:00,34419.17,16.67,3.27,2.68,1.13,0,9
3/27/2015 5:00,34419.21,16.67,3.95,2.68,1.8,0,9
3/27/2015 6:00,34419.25,18.33,4.43,1.79,0.52,0,10
3/27/2015 7:00,34419.29,19.44,5.06,0.89,2.06,0,87
3/27/2015 8:00,34419.34,22.78,8.07,0.45,1.33,0,284
3/27/2015 9:00,34419.38,26.11,8.58,0.89,4.61,0,480
3/27/2015 10:00,34419.42,29.44,8.53,0.89,3.79,0,649
3/27/2015 11:00,34419.46,29.44,6.82,0.89,4.36,0,771
3/27/2015 12:00,34419.5,31.11,6.97,0.45,3.65,0,836
3/27/2015 13:00,34419.55,33.33,7.46,0.89,1.95,0,843
3/27/2015 14:00,34419.59,31.11,6.97,1.79,0.19,0,785
3/27/2015 15:00,34419.63,35,8.1,1.34,4.8,0,669
3/27/2015 16:00,34419.67,34.44,5.17,2.68,4.64,0,509
3/27/2015 17:00,34419.71,33.33,5.12,0.89,4.12,0,302
3/27/2015 18:00,34419.76,28.33,4.62,0.89,0.86,0,44
3/27/2015 19:00,34419.8,25,4.69,1.79,5.5,0,10
3/27/2015 20:00,34419.84,23.33,5.68,0.45,4.87,0,7
3/27/2015 21:00,34419.88,21.67,6.69,2.24,4.64,0,7
3/27/2015 22:00,34419.92,20,7.32,0.45,5.03,0,7
3/27/2015 23:00,34419.97,18.89,3.02,3.13,1.8,0,9
3/28/2015 0:00,34420,17.78,6.56,0.45,0.23,0,8
3/28/2015 1:00,34420.04,17.22,7.77,1.34,1.88,0,8
3/28/2015 2:00,34420.08,15.56,6.48,0.89,1.75,0,8
3/28/2015 3:00,34420.13,15,6.23,0.45,2.37,0,8
3/28/2015 4:00,34420.17,15.56,7.26,1.34,1.24,0,8
3/28/2015 5:00,34420.21,13.33,6.61,0.45,4.17,0,8
3/28/2015 6:00,34420.25,12.78,6.3,2.24,1.82,0,9
3/28/2015 7:00,34420.29,15.56,7.26,1.34,4.45,0,91
3/28/2015 8:00,34420.34,17.22,9.58,1.34,3.96,0,280
3/28/2015 9:00,34420.38,21.67,11.05,1.34,4.35,0,475
3/28/2015 10:00,34420.42,25,11.88,0.45,4.47,0,642
3/28/2015 11:00,34420.46,25.56,10.57,0.89,4.12,0,765
3/28/2015 12:00,34420.5,26.67,10.36,0.45,4.73,0,829
3/28/2015 13:00,34420.55,28.33,10.08,0.45,0.82,0,835
3/28/2015 14:00,34420.59,29.44,9.07,0.89,4.47,0,781
3/28/2015 15:00,34420.63,31.67,10.45,0.45,0.24,0,668
3/28/2015 16:00,34420.67,28.89,7.5,0.45,0.66,0,451
3/28/2015 17:00,34420.71,28.33,6.46,0.45,4.12,0,271
3/28/2015 18:00,34420.76,25,4.16,0.45,4.63,0,48
3/28/2015 19:00,34420.8,21.67,4.65,0.45,3.58,0,10
3/28/2015 20:00,34420.84,20.56,5.69,0.45,3.44,0,8
3/28/2015 21:00,34420.88,20,6.64,0,0.96,0,8
3/28/2015 22:00,34420.92,18.33,5.8,0.89,4.57,0,8
3/28/2015 23:00,34420.97,18.89,6.96,0.89,0.91,0,7
3/29/2015 0:00,34421,17.22,7.21,0.89,1.62,0,8
3/29/2015 1:00,34421.04,16.67,7.25,1.79,1.9,0,8
3/29/2015 2:00,34421.08,16.11,7.53,2.24,1.61,0,8
3/29/2015 3:00,34421.13,15,6.74,2.68,1.73,0,8
3/29/2015 4:00,34421.17,16.11,7.53,1.79,1.31,0,8
3/29/2015 5:00,34421.21,15,7.24,2.24,1.75,0,8
3/29/2015 6:00,34421.25,15,6.99,1.79,1.75,0,9
3/29/2015 7:00,34421.29,15,7.72,0.89,4.1,0,88
3/29/2015 8:00,34421.34,18.33,10.38,2.24,1.15,0,283
3/29/2015 9:00,34421.38,21.11,10.83,1.34,1.08,0,466
3/29/2015 10:00,34421.42,27.78,12.17,1.34,4.07,0,647
3/29/2015 11:00,34421.46,27.22,9.56,0.89,3.09,0,768
3/29/2015 12:00,34421.5,27.78,8.64,1.34,3.44,0,828
3/29/2015 13:00,34421.55,30,7.88,0.45,4.28,0,840
3/29/2015 14:00,34421.59,30,6.03,0.89,4.83,0,784
3/29/2015 15:00,34421.63,31.67,6.77,0.89,5.13,0,666
3/29/2015 16:00,34421.67,30.56,6.5,0.45,3.84,0,500
3/29/2015 17:00,34421.71,30.56,6.5,0.45,4.31,0,301
3/29/2015 18:00,34421.76,26.67,3.84,0.45,4.68,0,49
3/29/2015 19:00,34421.8,23.33,2.72,0.45,6.28,0,11
3/29/2015 20:00,34421.84,22.78,2.77,1.79,0.4,0,7
3/29/2015 21:00,34421.88,22.78,3.29,1.79,1.41,0,7
3/29/2015 22:00,34421.92,22.22,3.78,1.34,1.69,0,7
3/29/2015 23:00,34421.97,17.22,6.35,0.89,1.06,0,8
3/30/2015 0:00,34422,18.89,5.97,1.79,0.65,0,7
3/30/2015 1:00,34422.04,18.33,4.78,3.13,1.26,0,7
3/30/2015 2:00,34422.08,18.33,5.8,3.13,1.64,0,7
3/30/2015 3:00,34422.13,16.67,5.23,2.24,1.68,0,7
3/30/2015 4:00,34422.17,15.56,5.94,3.13,1.71,0,7
3/30/2015 5:00,34422.21,16.67,6.13,1.79,1.85,0,8
3/30/2015 6:00,34422.25,16.67,5.53,1.34,1.54,0,9
3/30/2015 7:00,34422.29,17.78,7.15,2.68,1.57,0,96
3/30/2015 8:00,34422.34,23.33,9.67,0.89,3.68,0,288
3/30/2015 9:00,34422.38,25.56,10.95,0.45,5.46,0,484
3/30/2015 10:00,34422.42,27.78,7.62,0.89,4.22,0,654
3/30/2015 11:00,34422.46,29.44,7.41,0.89,2.13,0,773
3/30/2015 12:00,34422.5,31.11,6.97,1.34,3.77,0,840
3/30/2015 13:00,34422.55,32.78,6.99,0.45,2.98,0,849
3/30/2015 14:00,34422.59,32.78,5.48,0.45,4.71,0,790
3/30/2015 15:00,34422.63,34.44,6.03,0.89,4.59,0,652
3/30/2015 16:00,34422.67,33.33,3.35,1.34,5.1,0,497
3/30/2015 17:00,34422.71,32.22,2.45,0.89,4.4,0,301
3/30/2015 18:00,34422.76,27.78,-0.27,0.89,4.19,0,41
3/30/2015 19:00,34422.8,25,-1.72,0.45,5.69,0,9
3/30/2015 20:00,34422.84,23.89,1.48,0.45,1.38,0,7
3/30/2015 21:00,34422.88,22.22,1.77,0,3.18,0,7
3/30/2015 22:00,34422.92,17.78,2.04,0.89,4.5,0,7
3/30/2015 23:00,34422.97,20,4.01,0.45,5.1,0,7
3/31/2015 0:00,34423,14.44,5.44,0.89,4.31,0,7
3/31/2015 1:00,34423.04,13.89,5.94,0.89,4.64,0,7
3/31/2015 2:00,34423.08,13.33,6.14,0.45,3.12,0,7
3/31/2015 3:00,34423.13,13.89,7.13,0.45,3.67,0,7
3/31/2015 4:00,34423.17,13.33,6.37,0.45,5.04,0,7
3/31/2015 5:00,34423.21,11.67,5.69,0.45,1.05,0,7
3/31/2015 6:00,34423.25,11.11,4.72,0.45,4.43,0,9
3/31/2015 7:00,34423.29,12.22,4.85,0.89,4.5,0,95
3/31/2015 8:00,34423.34,18.89,7.58,2.68,5.48,0,289
3/31/2015 9:00,34423.38,21.11,6.57,0.89,5.48,0,497
3/31/2015 10:00,34423.42,21.67,6.69,0.89,4.69,0,668
3/31/2015 11:00,34423.46,23.89,5.71,1.34,5.88,0,795
3/31/2015 12:00,34423.5,26.11,6.69,1.34,5.34,0,859
3/31/2015 13:00,34423.55,25,5.21,2.68,4.71,0,858
3/31/2015 14:00,34423.59,25,6.21,2.24,5.59,0,794
3/31/2015 15:00,34423.63,26.11,7.18,0.89,5.57,0,669
3/31/2015 16:00,34423.67,25,5.21,2.68,5.01,0,504
3/31/2015 17:00,34423.71,23.89,4.75,2.68,5.67,0,266
3/31/2015 18:00,34423.76,21.11,5,1.34,4.22,0,54
3/31/2015 19:00,34423.8,18.33,3.69,1.34,5.38,0,12
3/31/2015 20:00,34423.84,18.33,3.32,1.34,5.55,0,8
3/31/2015 21:00,34423.88,15.56,1.92,0.89,4.68,0,8
3/31/2015 22:00,34423.92,14.44,2.88,0.45,5.36,0,8
3/31/2015 23:00,34423.97,16.11,5.32,0.45,5.24,0,7
4/1/2015 0:00,34424,12.22,3.1,0.45,3.53,0,8
4/1/2015 1:00,34424.04,11.11,2.58,0.45,0.65,0,8
4/1/2015 2:00,34424.08,9.44,1.51,0.89,4.07,0,8
4/1/2015 3:00,34424.13,7.78,0.65,0.89,4.17,0,8
4/1/2015 4:00,34424.17,7.22,0.57,0.89,3.98,0,8
4/1/2015 5:00,34424.21,7.78,1.1,0.45,3.35,0,8
4/1/2015 6:00,34424.25,7.78,2.18,0.89,0.73,0,10
4/1/2015 7:00,34424.29,11.67,5.69,0.45,2.69,0,100
4/1/2015 8:00,34424.34,12.22,4.61,0.89,4.35,0,294
4/1/2015 9:00,34424.38,17.78,7.15,0.89,3.67,0,486
4/1/2015 10:00,34424.42,18.33,5.47,2.24,4.24,0,660
4/1/2015 11:00,34424.46,20,5.57,3.13,3.96,0,748
4/1/2015 12:00,34424.5,21.11,5,1.34,6.02,0,843
4/1/2015 13:00,34424.55,22.78,4.26,0.89,4,0,854
4/1/2015 14:00,34424.59,23.89,3.2,1.34,4.05,0,694
4/1/2015 15:00,34424.63,23.33,-0.24,2.24,5.27,0,634
4/1/2015 16:00,34424.67,22.78,-2.06,2.24,4.99,0,556
4/1/2015 17:00,34424.71,20,-4.37,2.24,5.59,0,265
4/1/2015 18:00,34424.76,18.89,-6,0.89,5.92,0,70
4/1/2015 19:00,34424.8,16.67,-6.48,1.34,5.93,0,16
4/1/2015 20:00,34424.84,15,-6.64,0.89,5.55,0,9
4/1/2015 21:00,34424.88,14.44,-5.44,1.34,5.62,0,9
4/1/2015 22:00,34424.92,12.78,-5.39,0.45,4.22,0,9
4/1/2015 23:00,34424.97,13.33,3.32,0.45,4.59,0,8
4/2/2015 0:00,34425,9.44,-2.62,0.45,4.59,0,9
4/2/2015 1:00,34425.04,8.89,-2.21,0.89,4.8,0,9
4/2/2015 2:00,34425.08,8.89,-1.92,1.79,1.87,0,9
4/2/2015 3:00,34425.13,8.33,-1.58,0.45,2.55,0,9
4/2/2015 4:00,34425.17,7.22,-1.82,1.34,1.94,0,9
4/2/2015 5:00,34425.21,7.78,-0.79,2.24,1.62,0,9
4/2/2015 6:00,34425.25,6.11,-1.86,0.89,2.46,0,12
4/2/2015 7:00,34425.29,10.56,1.29,1.34,1.87,0,111
4/2/2015 8:00,34425.34,12.22,1.44,0.89,4.78,0,314
4/2/2015 9:00,34425.38,15,2.43,0.45,2.08,0,517
4/2/2015 10:00,34425.42,16.67,2.56,0.45,0.58,0,686
4/2/2015 11:00,34425.46,18.33,2.12,0.45,1.61,0,805
4/2/2015 12:00,34425.5,21.67,3.29,0.45,4.14,0,867
4/2/2015 13:00,34425.55,22.78,2.24,0.45,4.35,0,869
4/2/2015 14:00,34425.59,22.78,1.13,0.89,5.85,0,809
4/2/2015 15:00,34425.63,25,0.49,1.79,0.19,0,690
4/2/2015 16:00,34425.67,24.44,0.03,2.24,5.76,0,523
4/2/2015 17:00,34425.71,23.33,-1.6,0.45,4.03,0,282
4/2/2015 18:00,34425.76,20,-3.69,0.89,5.69,0,42
4/2/2015 19:00,34425.8,17.22,-3.61,0.45,0.31,0,13
4/2/2015 20:00,34425.84,15.56,-3.47,0,5.46,0,9
4/2/2015 21:00,34425.88,15,-2.99,0.45,5.45,0,9
4/2/2015 22:00,34425.92,13.89,-2.64,0.45,5.38,0,9
4/2/2015 23:00,34425.97,11.67,-3.79,0.89,4.52,0,9
4/3/2015 0:00,34426,13.33,-0.09,2.24,1.59,0,9
4/3/2015 1:00,34426.04,11.67,-0.6,2.24,1.75,0,9
4/3/2015 2:00,34426.08,11.67,-0.6,2.24,1.61,0,9
4/3/2015 3:00,34426.13,11.67,0.93,2.68,1.54,0,9
4/3/2015 4:00,34426.17,11.11,0.12,0.89,2.91,0,9
4/3/2015 5:00,34426.21,10,0.23,2.24,1.83,0,9
4/3/2015 6:00,34426.25,10,0.77,3.58,1.75,0,12
4/3/2015 7:00,34426.29,12.22,2.01,2.68,1.62,0,115
4/3/2015 8:00,34426.34,16.11,2.42,1.34,1.05,0,316
4/3/2015 9:00,34426.38,21.11,3.72,1.79,4.36,0,516
4/3/2015 10:00,34426.42,23.33,3.77,1.79,4.49,0,684
4/3/2015 11:00,34426.46,23.33,2.17,0.89,5.95,0,805
4/3/2015 12:00,34426.5,25.56,2.28,0.89,5.62,0,870
4/3/2015 13:00,34426.55,26.11,1.42,0.89,2.69,0,871
4/3/2015 14:00,34426.59,26.67,-0.35,0.89,4.19,0,817
4/3/2015 15:00,34426.63,27.22,-1.6,0.89,4.47,0,700
4/3/2015 16:00,34426.67,27.78,-2.07,0.45,4.82,0,532
4/3/2015 17:00,34426.71,26.11,-2.5,0.45,3.49,0,302
4/3/2015 18:00,34426.76,22.78,-4.35,0.45,4.42,0,43
4/3/2015 19:00,34426.8,19.44,-4.15,0.45,0.52,0,13
4/3/2015 20:00,34426.84,17.78,-2.06,1.34,0.03,0,9
4/3/2015 21:00,34426.88,18.89,-2.19,1.34,0.21,0,8
4/3/2015 22:00,34426.92,16.67,-3.01,0.45,5.38,0,8
4/3/2015 23:00,34426.97,12.78,-2.03,2.24,1.68,0,9
4/4/2015 0:00,34427,15,-0.43,3.13,1.52,0,8
4/4/2015 1:00,34427.04,14.44,-0.16,3.13,1.55,0,8
4/4/2015 2:00,34427.08,14.44,-0.54,2.24,1.61,0,8
4/4/2015 3:00,34427.13,13.89,-1.42,2.24,1.78,0,8
4/4/2015 4:00,34427.17,13.33,-0.79,1.34,1.87,0,8
4/4/2015 5:00,34427.21,12.22,-0.42,2.68,1.41,0,8
4/4/2015 6:00,34427.25,11.11,-2.44,0.45,3.02,0,13
4/4/2015 7:00,34427.29,11.67,-2.29,1.34,4.4,0,124
4/4/2015 8:00,34427.34,16.11,1.33,0.89,4.4,0,324
4/4/2015 9:00,34427.38,19.44,1.35,0.45,3.47,0,526
4/4/2015 10:00,34427.42,21.67,0.74,0.89,4.4,0,694
4/4/2015 11:00,34427.46,23.33,-0.24,0.45,5.36,0,814
4/4/2015 12:00,34427.5,26.11,-0.81,0.45,4.35,0,880
4/4/2015 13:00,34427.55,26.67,-2.97,0.45,3.86,0,881
4/4/2015 14:00,34427.59,27.22,-4.56,1.79,4.66,0,822
4/4/2015 15:00,34427.63,26.67,-5,0.89,4.87,0,700
4/4/2015 16:00,34427.67,27.22,-4.56,0.89,4.31,0,533
4/4/2015 17:00,34427.71,25.56,-7,0.45,3.93,0,292
4/4/2015 18:00,34427.76,20.56,-7.88,0.45,4,0,39
4/4/2015 19:00,34427.8,18.89,-5.29,2.24,5.88,0,11
4/4/2015 20:00,34427.84,17.78,-3.7,1.79,5.39,0,8
4/4/2015 21:00,34427.88,16.67,-4.65,0,0.77,0,8
4/4/2015 22:00,34427.92,15.56,-1.17,0.89,4.24,0,8
4/4/2015 23:00,34427.97,15.56,0.06,2.24,1.03,0,8
4/5/2015 0:00,34428,11.67,0.33,0.45,5.22,0,8
4/5/2015 1:00,34428.04,10,-0.04,0.89,4.38,0,8
4/5/2015 2:00,34428.08,10,0.23,0.45,2.04,0,8
4/5/2015 3:00,34428.13,8.33,-0.78,0.89,5.92,0,8
4/5/2015 4:00,34428.17,7.22,-0.82,0.89,4.49,0,8
4/5/2015 5:00,34428.21,7.22,-0.34,0.45,4.76,0,8
4/5/2015 6:00,34428.25,6.11,-0.93,0.89,4.45,0,15
4/5/2015 7:00,34428.29,10,1.29,0.45,2.91,0,117
4/5/2015 8:00,34428.34,13.33,1.86,0.45,3.11,0,283
4/5/2015 9:00,34428.38,15.56,1.92,1.34,4.1,0,524
4/5/2015 10:00,34428.42,18.89,1.76,0.89,3.79,0,691
4/5/2015 11:00,34428.46,21.11,1.33,0.89,4.35,0,815
4/5/2015 12:00,34428.5,22.22,0.07,1.34,4.15,0,883
4/5/2015 13:00,34428.55,21.67,-1.01,1.79,4.66,3.35,727
4/5/2015 14:00,34428.59,21.67,-1.01,0.89,3.23,6.28,504
4/5/2015 15:00,34428.63,20.56,-0.77,0.89,5.01,5.99,362
4/5/2015 16:00,34428.67,20,0.37,1.34,4.01,5.71,220
4/5/2015 17:00,34428.71,16.11,3.77,2.68,5.39,5.42,156
4/5/2015 18:00,34428.76,13.89,3.56,0.89,5.22,5.14,50
4/5/2015 19:00,34428.8,13.89,4.66,2.24,5.83,4.85,11
4/5/2015 20:00,34428.84,12.78,3.89,2.68,6.13,4.57,9
4/5/2015 21:00,34428.88,12.22,3.37,0.45,3.61,4.28,9
4/5/2015 22:00,34428.92,11.67,5.47,0.89,5.97,4,9
4/5/2015 23:00,34428.97,13.89,0.06,0.89,4.24,0,8
4/6/2015 0:00,34429,10,3.88,0.45,3.32,3.43,9
4/6/2015 1:00,34429.04,9.44,3.77,0.89,5.99,3.14,9
4/6/2015 2:00,34429.08,8.89,3.45,0.45,3.65,2.85,8
4/6/2015 3:00,34429.13,7.78,2.38,0.45,4.28,2.57,9
4/6/2015 4:00,34429.17,6.67,1.92,0.89,4.38,2.28,9
4/6/2015 5:00,34429.21,5.56,1.61,0.45,6.14,2,9
4/6/2015 6:00,34429.25,6.11,2.33,0.89,4.38,1.71,15
4/6/2015 7:00,34429.29,7.22,3.41,0.89,4.43,1.43,94
4/6/2015 8:00,34429.34,10,4.72,0.89,4.78,1.14,262
4/6/2015 9:00,34429.38,13.89,5.94,0.89,4.9,0.86,511
4/6/2015 10:00,34429.42,18.89,6.96,0.45,5.81,0.57,675
4/6/2015 11:00,34429.46,18.33,3.69,0.89,4.01,0.29,813
4/6/2015 12:00,34429.5,20,2.74,0.89,4.19,0,871
4/6/2015 13:00,34429.55,20,1.36,0.45,2.29,0,867
4/6/2015 14:00,34429.59,20,-0.15,0.89,2.95,0,763
4/6/2015 15:00,34429.63,19.44,-1.71,1.34,3.79,0.45,540
4/6/2015 16:00,34429.67,18.89,-2.76,2.24,4.15,0.91,420
4/6/2015 17:00,34429.71,17.78,-3.14,0.45,5.57,1.36,195
4/6/2015 18:00,34429.76,15.56,-4.49,0.45,5.39,1.82,68
4/6/2015 19:00,34429.8,14.44,-5.98,0.45,5.9,2.27,12
4/6/2015 20:00,34429.84,15,-3.46,0.89,1.01,2.73,9
4/6/2015 21:00,34429.88,13.89,-4.43,1.79,1.82,3.18,9
4/6/2015 22:00,34429.92,13.33,-2.31,0.45,4.57,3.64,9
4/6/2015 23:00,34429.97,10.56,4.19,0.45,4.64,3.71,9
4/7/2015 0:00,34430,10.56,-1.29,0,1.36,4.55,9
4/7/2015 1:00,34430.04,11.67,-1.25,2.68,2.29,5,9
4/7/2015 2:00,34430.08,10.56,-0.99,2.24,2.86,5.45,9
4/7/2015 3:00,34430.13,10,-0.61,2.24,2.93,5.91,9
4/7/2015 4:00,34430.17,10,-0.32,3.58,2.44,6.36,9
4/7/2015 5:00,34430.21,9.44,-0.01,4.02,2.44,6.82,9
4/7/2015 6:00,34430.25,9.44,0.51,2.68,2.48,7.27,13
4/7/2015 7:00,34430.29,10.56,1.81,3.13,2.5,7.73,49
4/7/2015 8:00,34430.34,12.22,3.1,1.34,2.65,8.18,75
4/7/2015 9:00,34430.38,9.44,2.22,4.02,2.53,8.64,63
4/7/2015 10:00,34430.42,8.33,3.12,5.36,1.94,9.09,66
4/7/2015 11:00,34430.46,8.33,3.33,5.81,2.13,9.55,121
4/7/2015 12:00,34430.5,8.33,4.11,6.26,1.9,10,202
4/7/2015 13:00,34430.55,10,6.11,4.47,2.23,10,236
4/7/2015 14:00,34430.59,12.22,7.27,6.71,2.15,0,752
4/7/2015 15:00,34430.63,12.78,6.53,3.58,2.43,0.13,600
4/7/2015 16:00,34430.67,11.67,5.69,2.68,1.8,0.27,138
4/7/2015 17:00,34430.71,12.22,5.77,2.68,2.25,0.4,116
4/7/2015 18:00,34430.76,12.78,5.85,1.34,2.18,0.54,90
4/7/2015 19:00,34430.8,10,3.88,0.89,4.14,0.67,20
4/7/2015 20:00,34430.84,10,4.52,0,1.92,0.81,9
4/7/2015 21:00,34430.88,10.56,5.67,0.45,4.4,0.94,9
4/7/2015 22:00,34430.92,10,5.92,0,5.39,1.08,9
4/7/2015 23:00,34430.97,11.67,-1.94,0.45,4.14,4.09,9
4/8/2015 0:00,34431,9.44,4.6,0.89,4.5,1.35,9
4/8/2015 1:00,34431.04,8.33,4.11,0,1.03,1.48,9
4/8/2015 2:00,34431.08,7.78,3.95,0.45,4.29,1.61,9
4/8/2015 3:00,34431.13,6.67,3.24,0.45,3.16,1.75,9
4/8/2015 4:00,34431.17,7.78,4.5,2.24,1.82,1.88,9
4/8/2015 5:00,34431.21,7.22,4.14,2.24,1.57,2.02,9
4/8/2015 6:00,34431.25,6.67,3.78,0.89,4,2.15,18
4/8/2015 7:00,34431.29,8.89,5.22,0.89,1.41,2.29,147
4/8/2015 8:00,34431.34,12.22,7.68,0.45,4.52,2.42,346
4/8/2015 9:00,34431.38,17.78,9.86,0.89,6.16,2.56,546
4/8/2015 10:00,34431.42,18.33,9.08,0.45,3.96,2.69,720
4/8/2015 11:00,34431.46,17.22,5.74,1.34,5.88,2.83,839
4/8/2015 12:00,34431.5,18.33,5.47,0.45,5.18,2.96,799
4/8/2015 13:00,34431.55,19.44,4.69,0.89,3.84,0,864
4/8/2015 14:00,34431.59,20,4.41,0.89,4.4,0,799
4/8/2015 15:00,34431.63,20,3.6,1.34,4.64,0.27,686
4/8/2015 16:00,34431.67,20.56,3.67,0.89,4.99,0.55,536
4/8/2015 17:00,34431.71,18.33,2.12,0.45,0.38,0.82,299
4/8/2015 18:00,34431.76,16.67,2.2,0.89,4.76,1.1,49
4/8/2015 19:00,34431.8,13.89,1.75,0.45,5.25,1.37,16
4/8/2015 20:00,34431.84,12.22,2.57,0.45,5.1,1.65,10
4/8/2015 21:00,34431.88,11.67,3.1,0.89,6.11,1.92,11
4/8/2015 22:00,34431.92,11.11,3.56,0.45,0.02,2.19,10
4/8/2015 23:00,34431.97,10,5.33,0.45,5.08,1.21,9
4/9/2015 0:00,34432,10,3.88,2.68,1.66,2.74,11
4/9/2015 1:00,34432.04,9.44,3.98,1.79,1.8,3.02,11
4/9/2015 2:00,34432.08,8.33,3.12,0.89,4.29,3.29,11
4/9/2015 3:00,34432.13,7.78,2.38,0.89,4.1,3.57,11
4/9/2015 4:00,34432.17,8.89,3.86,1.79,1.66,3.84,11
4/9/2015 5:00,34432.21,8.89,3.86,2.68,1.73,4.11,11
4/9/2015 6:00,34432.25,8.33,3.33,1.79,1.71,4.39,20
4/9/2015 7:00,34432.29,10.56,4.62,1.34,1.78,4.66,150
4/9/2015 8:00,34432.34,11.67,6.33,0.89,4.83,4.94,301
4/9/2015 9:00,34432.38,16.11,8.04,0.89,3.91,5.21,518
4/9/2015 10:00,34432.42,18.33,7.67,0.45,4.33,5.49,673
4/9/2015 11:00,34432.46,20,6.98,1.34,5.31,5.76,725
4/9/2015 12:00,34432.5,19.44,5.43,0.45,3.86,6.03,649
4/9/2015 13:00,34432.55,21.11,5,2.24,0.93,4.14,708
4/9/2015 14:00,34432.59,22.22,5.14,1.34,5.95,5.49,555
4/9/2015 15:00,34432.63,21.67,4.21,0.45,4.26,5.24,418
4/9/2015 16:00,34432.67,20.56,4.51,0.45,2.36,4.99,338
4/9/2015 17:00,34432.71,20,4.41,1.34,4.28,4.74,204
4/9/2015 18:00,34432.76,20,4.81,0.45,5.48,4.49,80
4/9/2015 19:00,34432.8,16.11,4.09,0.89,0.61,4.24,18
4/9/2015 20:00,34432.84,16.11,6.46,1.34,1.13,3.99,11
4/9/2015 21:00,34432.88,14.44,5.44,0.45,5.71,3.74,11
4/9/2015 22:00,34432.92,13.89,4.66,0.89,1.52,3.49,11
4/9/2015 23:00,34432.97,8.89,2.6,0.45,5.74,2.47,11
4/10/2015 0:00,34433,12.78,4.65,3.58,1.55,3,11
4/10/2015 1:00,34433.04,12.78,3.89,2.24,1.73,2.75,10
4/10/2015 2:00,34433.08,11.67,3.35,1.79,1.68,2.5,11
4/10/2015 3:00,34433.13,11.67,2.85,1.34,1.19,2.25,10
4/10/2015 4:00,34433.17,11.11,2.83,1.34,1.4,2,11
4/10/2015 5:00,34433.21,10,2.04,1.34,1.38,1.75,11
4/10/2015 6:00,34433.25,9.44,2.22,3.13,1.5,1.5,20
4/10/2015 7:00,34433.29,11.67,3.85,3.13,1.87,1.25,147
4/10/2015 8:00,34433.34,16.67,6.7,0.45,3.72,1,341
4/10/2015 9:00,34433.38,22.22,9.35,0.45,5.86,0.75,540
4/10/2015 10:00,34433.42,21.67,6.69,0.89,4.12,0.5,701
4/10/2015 11:00,34433.46,23.89,7.05,0.89,4.29,0.25,826
4/10/2015 12:00,34433.5,24.44,5.72,2.24,4.33,0,874
4/10/2015 13:00,34433.55,25.56,5.7,1.34,4.38,0,878
4/10/2015 14:00,34433.59,26.11,3.97,1.34,5.78,0,823
4/10/2015 15:00,34433.63,27.78,4.15,0.45,5.31,0,709
4/10/2015 16:00,34433.67,26.11,2.1,0.89,4.47,0,540
4/10/2015 17:00,34433.71,24.44,1.34,0.45,4.07,0,299
4/10/2015 18:00,34433.76,22.22,0.66,0.45,5.25,0,50
4/10/2015 19:00,34433.8,18.89,0.4,0.45,3.68,0,17
4/10/2015 20:00,34433.84,17.78,0.35,0.89,5.88,0,11
4/10/2015 21:00,34433.88,17.78,1.63,1.34,1.75,0,11
4/10/2015 22:00,34433.92,16.11,0.15,0.45,4.5,0,11
4/10/2015 23:00,34433.97,13.33,3.87,2.68,1.52,3.24,10
4/11/2015 0:00,34434,14.44,2.25,1.79,1.5,0,11
4/11/2015 1:00,34434.04,12.22,0.84,0.89,6.02,0,11
4/11/2015 2:00,34434.08,12.78,3.08,1.34,1.75,0,11
4/11/2015 3:00,34434.13,11.67,2.32,2.24,1.8,0,11
4/11/2015 4:00,34434.17,11.11,2.83,0.89,0.77,0,11
4/11/2015 5:00,34434.21,10,1.29,0.45,0.75,0,11
4/11/2015 6:00,34434.25,10,2.04,0.45,3.63,0,21
4/11/2015 7:00,34434.29,13.33,4.4,0.89,1.47,0,167
4/11/2015 8:00,34434.34,17.22,6.64,0.89,4.17,0,348
4/11/2015 9:00,34434.38,20,6.64,0.45,3.94,0,557
4/11/2015 10:00,34434.42,22.22,6.4,0.45,4.4,0,706
4/11/2015 11:00,34434.46,24.44,6.2,0,5.92,0,740
4/11/2015 12:00,34434.5,25.56,5.17,0.89,5.48,0,887
4/11/2015 13:00,34434.55,27.22,4.92,1.34,4.87,0,897
4/11/2015 14:00,34434.59,26.11,2.1,1.79,4.71,0,822
4/11/2015 15:00,34434.63,27.22,3.69,2.68,5.65,0,712
4/11/2015 16:00,34434.67,25,4.16,2.68,5.41,0,463
4/11/2015 17:00,34434.71,24.44,4.21,2.24,5.78,0,309
4/11/2015 18:00,34434.76,22.22,2.8,1.79,5.1,0,77
4/11/2015 19:00,34434.8,18.89,1.76,1.34,5.64,0,16
4/11/2015 20:00,34434.84,17.78,1.63,0.89,4,0,10
4/11/2015 21:00,34434.88,16.67,2.2,0.45,3.12,0,10
4/11/2015 22:00,34434.92,14.44,2.25,0.45,5.2,0,10
4/11/2015 23:00,34434.97,15,2.1,0.89,1.12,0,11
4/12/2015 0:00,34435,12.22,3.62,0.45,5.24,0,10
4/12/2015 1:00,34435.04,12.78,4.65,1.34,1.47,0,10
4/12/2015 2:00,34435.08,11.67,3.85,1.34,1.97,0,10
4/12/2015 3:00,34435.13,11.67,3.85,0.45,3.18,0,10
4/12/2015 4:00,34435.17,11.67,4.56,1.34,1.22,0,10
4/12/2015 5:00,34435.21,10.56,4.62,1.79,1.19,0,10
4/12/2015 6:00,34435.25,11.11,5.15,0.89,1.5,0,22
4/12/2015 7:00,34435.29,14.44,6.95,0.45,2.16,0,165
4/12/2015 8:00,34435.34,19.44,8.7,2.24,1.97,0,359
4/12/2015 9:00,34435.38,23.33,9.31,0.89,4.78,0,566
4/12/2015 10:00,34435.42,21.67,7.07,1.79,3.47,0,720
4/12/2015 11:00,34435.46,23.33,7.79,1.79,4.28,0,836
4/12/2015 12:00,34435.5,25,7.59,1.34,4.47,0,888
4/12/2015 13:00,34435.55,26.11,7.18,1.34,3.56,0,898
4/12/2015 14:00,34435.59,27.78,7.09,0.45,3.7,0,838
4/12/2015 15:00,34435.63,29.44,6.82,0.45,4.07,0,709
4/12/2015 16:00,34435.67,28.89,5.73,0.89,4.66,0,554
4/12/2015 17:00,34435.71,27.22,5.5,0.89,4.92,0,310
4/12/2015 18:00,34435.76,25,6.21,0.45,5.06,0,43
4/12/2015 19:00,34435.8,21.67,5.49,0.45,4.28,0,16
4/12/2015 20:00,34435.84,20.56,5.3,0.89,1.05,0,9
4/12/2015 21:00,34435.88,20,4.01,0.45,5.92,0,9
4/12/2015 22:00,34435.92,20,5.57,2.24,1.47,0,9
4/12/2015 23:00,34435.97,13.33,3.04,0.89,3.87,0,10
4/13/2015 0:00,34436,17.22,6.35,2.24,1.54,0,9
4/13/2015 1:00,34436.04,16.11,6.18,3.13,1.5,0,9
4/13/2015 2:00,34436.08,15.56,6.48,3.58,1.48,0,9
4/13/2015 3:00,34436.13,15,6.48,2.68,1.48,0,9
4/13/2015 4:00,34436.17,15,6.23,3.13,1.57,0,9
4/13/2015 5:00,34436.21,15.56,7.01,3.13,1.5,0,9
4/13/2015 6:00,34436.25,15,6.23,3.58,1.48,0,22
4/13/2015 7:00,34436.29,17.78,8.01,2.68,1.66,0,161
4/13/2015 8:00,34436.34,21.11,8,0.45,0.1,0,361
4/13/2015 9:00,34436.38,25.56,9.78,2.68,2.41,0,560
4/13/2015 10:00,34436.42,29.44,9.07,1.79,2.36,0,730
4/13/2015 11:00,34436.46,27.78,6.55,1.79,3.47,0,848
4/13/2015 12:00,34436.5,30,6.67,0.89,0.42,0,910
4/13/2015 13:00,34436.55,31.67,6.06,0.45,4.29,0,911
4/13/2015 14:00,34436.59,33.33,5.94,0,5.22,0,848
4/13/2015 15:00,34436.63,32.22,5.02,0.45,0.98,0,721
4/13/2015 16:00,34436.67,32.78,2.9,0.89,4.5,0,551
4/13/2015 17:00,34436.71,30,1.54,0.45,5.78,0,310
4/13/2015 18:00,34436.76,25.56,5.7,0.89,5.52,0,52
4/13/2015 19:00,34436.8,23.33,5.68,0.45,6.09,0,18
4/13/2015 20:00,34436.84,20,3.6,1.34,4.97,0,8
4/13/2015 21:00,34436.88,17.22,1.54,2.24,4.85,0,8
4/13/2015 22:00,34436.92,16.11,-0.26,1.34,4.97,0,8
4/13/2015 23:00,34436.97,18.33,6.45,1.79,1.64,0,9
4/14/2015 0:00,34437,12.78,1.95,0.45,4.8,0,8
4/14/2015 1:00,34437.04,11.67,3.1,0.45,5.79,0,8
4/14/2015 2:00,34437.08,12.22,4.61,0.89,5.57,0,8
4/14/2015 3:00,34437.13,12.22,5.09,0.45,5.45,0,8
4/14/2015 4:00,34437.17,11.11,4.49,0.45,4.47,0,8
4/14/2015 5:00,34437.21,11.11,5.58,0.89,5.86,0,8
4/14/2015 6:00,34437.25,10.56,5.26,0.45,5.64,0,18
4/14/2015 7:00,34437.29,11.67,4.09,2.68,6,0,138
4/14/2015 8:00,34437.34,13.33,4.14,1.79,4.56,0,371
4/14/2015 9:00,34437.38,15.56,4.81,0.89,5.1,0,569
4/14/2015 10:00,34437.42,18.33,5.47,1.79,4.8,0,728
4/14/2015 11:00,34437.46,20,4.01,0.89,4.14,0,843
4/14/2015 12:00,34437.5,22.78,2.24,1.79,5.78,0,908
4/14/2015 13:00,34437.55,22.22,-1.83,1.79,4.49,0,911
4/14/2015 14:00,34437.59,22.22,-4.8,1.34,3.93,0,853
4/14/2015 15:00,34437.63,22.78,-5.2,2.24,5.6,0,736
4/14/2015 16:00,34437.67,21.11,-7.43,2.24,4.71,0,570
4/14/2015 17:00,34437.71,20.56,-7.88,2.24,5.53,0,320
4/14/2015 18:00,34437.76,18.33,-7.2,1.79,5.81,0,66
4/14/2015 19:00,34437.8,15.56,-6.78,1.34,5.6,0,16
4/14/2015 20:00,34437.84,12.78,-6.87,1.34,4.87,0,9
4/14/2015 21:00,34437.88,11.67,-6.35,0.45,4.43,0,9
4/14/2015 22:00,34437.92,11.11,-5.5,0.45,4.24,0,8
4/14/2015 23:00,34437.97,12.78,0.73,0.45,5.67,0,8
4/15/2015 0:00,34438,8.33,-5.28,0.89,4.57,0,8
4/15/2015 1:00,34438.04,7.78,-4.77,0.45,2.71,0,8
4/15/2015 2:00,34438.08,8.33,-4.27,0.89,3.72,0,8
4/15/2015 3:00,34438.13,8.33,-3.95,0.89,2.58,0,8
4/15/2015 4:00,34438.17,6.67,-5.15,0.45,4.24,0,8
4/15/2015 5:00,34438.21,7.22,-1.56,1.34,1.71,0,8
4/15/2015 6:00,34438.25,8.89,-1.92,1.34,1.99,0,24
4/15/2015 7:00,34438.29,11.67,-0.28,0.45,1.1,0,174
4/15/2015 8:00,34438.34,15.56,0.06,0.89,3.49,0,378
4/15/2015 9:00,34438.38,17.22,-0.14,0.45,3.3,0,575
4/15/2015 10:00,34438.42,18.33,-0.57,1.79,3.72,0,737
4/15/2015 11:00,34438.46,18.89,-1.64,2.24,3.87,0,853
4/15/2015 12:00,34438.5,22.22,0.07,1.79,4.22,0,912
4/15/2015 13:00,34438.55,22.22,0.07,2.24,3.84,0,907
4/15/2015 14:00,34438.59,23.33,-0.24,2.24,3.79,0,843
4/15/2015 15:00,34438.63,23.89,0.23,0.89,1.76,0,721
4/15/2015 16:00,34438.67,23.89,-0.44,0.45,5.13,0,553
4/15/2015 17:00,34438.71,23.89,-0.44,0.89,4.52,0,317
4/15/2015 18:00,34438.76,20.56,-2.57,0.45,5.45,0,44
4/15/2015 19:00,34438.8,17.78,-2.06,0.45,4.14,0,16
4/15/2015 20:00,34438.84,17.22,-1.53,0.45,3.4,0,9
4/15/2015 21:00,34438.88,16.11,-1.56,0.45,2.44,0,9
4/15/2015 22:00,34438.92,14.44,-0.93,1.79,1.85,0,9
4/15/2015 23:00,34438.97,9.44,-5.76,0.45,3.11,0,8
4/16/2015 0:00,34439,14.44,0.92,2.24,1.41,0,9
4/16/2015 1:00,34439.04,13.89,0.42,2.24,1.41,0,8
4/16/2015 2:00,34439.08,13.33,0.92,3.13,0.8,0,9
4/16/2015 3:00,34439.13,13.33,1.24,3.13,1.76,0,9
4/16/2015 4:00,34439.17,11.67,0.63,2.68,1.41,0,8
4/16/2015 5:00,34439.21,10.56,-0.1,2.24,1.99,0,9
4/16/2015 6:00,34439.25,12.22,1.14,1.34,1.4,0,25
4/16/2015 7:00,34439.29,13.89,1.75,1.79,0.79,0,175
4/16/2015 8:00,34439.34,20,5.57,0.89,5.78,0,378
4/16/2015 9:00,34439.38,23.33,5.68,1.34,2.29,0,576
4/16/2015 10:00,34439.42,23.33,2.17,0.89,3.89,0,739
4/16/2015 11:00,34439.46,25,1.16,0.45,3.91,0,857
4/16/2015 12:00,34439.5,26.11,-0.03,0.45,6.13,0,915
4/16/2015 13:00,34439.55,27.22,-2.52,0.45,5.06,0,916
4/16/2015 14:00,34439.59,27.78,-3.06,1.34,3.26,0,857
4/16/2015 15:00,34439.63,28.89,-2.18,1.34,5.85,0,735
4/16/2015 16:00,34439.67,27.78,-4.12,0.45,4.28,0,566
4/16/2015 17:00,34439.71,27.78,-3.06,0.45,3.63,0,335
4/16/2015 18:00,34439.76,25.56,-2.95,0.89,4.61,0,55
4/16/2015 19:00,34439.8,21.11,-3.45,0.45,4.31,0,17
4/16/2015 20:00,34439.84,20.56,-1.95,1.79,0.23,0,8
4/16/2015 21:00,34439.88,19.44,1.81,1.79,1.01,0,8
4/16/2015 22:00,34439.92,18.33,0.38,0.89,1.4,0,8
4/16/2015 23:00,34439.97,13.89,-0.66,1.79,1.66,0,9
4/17/2015 0:00,34440,16.67,-0.19,1.79,1.61,0,8
4/17/2015 1:00,34440.04,14.44,0.2,1.34,1.57,0,8
4/17/2015 2:00,34440.08,13.89,0.06,3.13,1.55,0,8
4/17/2015 3:00,34440.13,13.89,0.42,3.58,1.85,0,8
4/17/2015 4:00,34440.17,13.89,0.42,3.58,1.66,0,8
4/17/2015 5:00,34440.21,13.89,0.42,3.13,1.62,0,8
4/17/2015 6:00,34440.25,13.89,0.76,3.58,1.41,0,26
4/17/2015 7:00,34440.29,16.67,1.05,3.13,1.41,0,178
4/17/2015 8:00,34440.34,20,-0.15,1.79,1.8,0,381
4/17/2015 9:00,34440.38,25,1.16,0.89,4.94,0,580
4/17/2015 10:00,34440.42,26.11,1.42,0.45,3.21,0,744
4/17/2015 11:00,34440.46,27.22,0.1,0.45,4.9,0,860
4/17/2015 12:00,34440.5,27.78,-1.15,0.45,4.49,0,919
4/17/2015 13:00,34440.55,30.56,0.16,2.24,4.05,0,919
4/17/2015 14:00,34440.59,31.11,-0.4,0.89,4.56,0,853
4/17/2015 15:00,34440.63,31.11,-0.4,0.45,5.36,0.09,733
4/17/2015 16:00,34440.67,32.22,-0.61,0.89,4.89,0.18,569
4/17/2015 17:00,34440.71,30,-2.36,0.45,5.22,0.27,334
4/17/2015 18:00,34440.76,26.67,-3.95,0.45,4.19,0.36,61
4/17/2015 19:00,34440.8,23.33,-2.33,0.45,5.31,0.45,16
4/17/2015 20:00,34440.84,21.67,-1.64,0.89,1.45,0.54,7
4/17/2015 21:00,34440.88,21.11,-2.11,0.89,0.86,0.63,7
4/17/2015 22:00,34440.92,18.89,0.4,0.89,0.07,0.71,7
4/17/2015 23:00,34440.97,16.11,-0.68,2.24,1.88,0,8
4/18/2015 0:00,34441,16.67,-0.19,0.89,2.08,0.89,7
4/18/2015 1:00,34441.04,16.67,1.82,2.68,1.78,0.98,7
4/18/2015 2:00,34441.08,16.67,1.82,3.13,1.48,1.07,7
4/18/2015 3:00,34441.13,16.11,1.33,3.58,1.55,1.16,7
4/18/2015 4:00,34441.17,16.11,2.06,2.68,1.5,1.25,7
4/18/2015 5:00,34441.21,15,1.06,2.68,1.82,1.34,7
4/18/2015 6:00,34441.25,15.56,1.56,3.13,1.57,1.43,30
4/18/2015 7:00,34441.29,18.33,2.53,2.24,1.48,1.52,161
4/18/2015 8:00,34441.34,21.11,2.81,2.24,1.13,1.61,386
4/18/2015 9:00,34441.38,28.33,3.96,1.34,3.86,1.7,595
4/18/2015 10:00,34441.42,27.22,1.63,2.24,3.94,1.79,684
4/18/2015 11:00,34441.46,30,3.18,2.24,3.79,1.88,803
4/18/2015 12:00,34441.5,28.33,0.18,1.34,4.31,1.96,852
4/18/2015 13:00,34441.55,30,1.54,0.45,3.39,3.38,760
4/18/2015 14:00,34441.59,30.56,1.1,1.79,4.8,0,834
4/18/2015 15:00,34441.63,32.22,1.5,0.89,4.43,0,744
4/18/2015 16:00,34441.67,31.67,0.04,0.89,4.4,0,568
4/18/2015 17:00,34441.71,30.56,0.16,0.45,4.49,0,316
4/18/2015 18:00,34441.76,27.78,-1.15,0.89,5.6,0,70
4/18/2015 19:00,34441.8,25,-0.21,0.45,3.67,0,15
4/18/2015 20:00,34441.84,22.22,-1.17,0.89,0.21,0,7
4/18/2015 21:00,34441.88,22.22,0.66,1.34,0.37,0,6
4/18/2015 22:00,34441.92,21.67,1.29,0.89,1.12,0,6
4/18/2015 23:00,34441.97,18.89,0.4,1.34,1.75,0.8,7
4/19/2015 0:00,34442,19.44,1.81,2.24,1.87,0,7
4/19/2015 1:00,34442.04,17.78,0.35,1.79,1.66,0,7
4/19/2015 2:00,34442.08,17.78,2.82,3.13,1.33,0,7
4/19/2015 3:00,34442.13,17.78,2.82,2.68,1.69,0,7
4/19/2015 4:00,34442.17,16.67,2.56,3.13,1.55,0,7
4/19/2015 5:00,34442.21,16.11,2.06,3.13,1.69,0,7
4/19/2015 6:00,34442.25,17.22,3.42,2.68,1.69,0,28
4/19/2015 7:00,34442.29,20,4.01,1.79,1.78,0,181
4/19/2015 8:00,34442.34,24.44,7.54,0.89,0.09,0,382
4/19/2015 9:00,34442.38,29.44,7.98,0.89,4.22,0,575
4/19/2015 10:00,34442.42,28.89,5.09,0.45,4.05,0,739
4/19/2015 11:00,34442.46,30,3.94,0.45,5.1,0,853
4/19/2015 12:00,34442.5,32.22,3.36,0.89,4.9,0,911
4/19/2015 13:00,34442.55,32.22,3.36,2.24,4.63,0,908
4/19/2015 14:00,34442.59,33.33,4.26,1.79,6.28,0,846
4/19/2015 15:00,34442.63,33.89,4.71,0.89,4.69,0,728
4/19/2015 16:00,34442.67,33.89,3.8,0.45,1.83,0,570
4/19/2015 17:00,34442.71,33.33,3.35,0.89,4.33,0,343
4/19/2015 18:00,34442.76,30.56,2.84,0.45,5.9,0,129
4/19/2015 19:00,34442.8,26.67,3.22,0.89,4.68,0,29
4/19/2015 20:00,34442.84,24.44,2.55,0.45,3.94,0,6
4/19/2015 21:00,34442.88,23.89,3.73,0.45,0.7,0,6
4/19/2015 22:00,34442.92,21.67,4.21,0,0.4,0,6
4/19/2015 23:00,34442.97,20.56,1.85,2.68,1.33,0,6
4/20/2015 0:00,34443,17.78,7.15,0.89,5.92,0,6
4/20/2015 1:00,34443.04,18.89,5.97,0.45,2.57,0,6
4/20/2015 2:00,34443.08,17.78,6.25,1.79,1.17,0,6
4/20/2015 3:00,34443.13,17.78,4.62,0.89,1.5,0,6
4/20/2015 4:00,34443.17,17.22,4.79,1.34,1.33,0,6
4/20/2015 5:00,34443.21,15.56,4.21,0.89,1.01,0,6
4/20/2015 6:00,34443.25,16.67,6.98,0.45,1.38,0,30
4/20/2015 7:00,34443.29,18.33,7.07,0.45,1.57,0,181
4/20/2015 8:00,34443.34,21.11,8.33,1.79,3.86,0,381
4/20/2015 9:00,34443.38,24.44,9.94,0.89,4.85,0,573
4/20/2015 10:00,34443.42,26.11,8.12,0.89,2.44,0,732
4/20/2015 11:00,34443.46,27.22,8.15,0.89,4.57,0,843
4/20/2015 12:00,34443.5,29.44,8.53,1.34,4.15,0,898
4/20/2015 13:00,34443.55,31.11,8.24,0.89,4.89,0,902
4/20/2015 14:00,34443.59,31.67,6.77,0.45,5.25,0,790
4/20/2015 15:00,34443.63,31.67,5.33,1.79,4.35,0.27,544
4/20/2015 16:00,34443.67,30.56,2.84,1.34,4.43,0.55,384
4/20/2015 17:00,34443.71,30,3.94,1.34,0.4,0.82,297
4/20/2015 18:00,34443.76,26.11,5.65,0.89,0.1,1.09,95
4/20/2015 19:00,34443.8,24.44,8.38,1.34,4.68,1.37,17
4/20/2015 20:00,34443.84,22.22,8.3,0.89,4.38,1.64,6
4/20/2015 21:00,34443.88,20.56,7.83,0.45,4.9,1.91,6
4/20/2015 22:00,34443.92,19.44,8.09,0.45,4.45,2.19,7
4/20/2015 23:00,34443.97,18.89,4.56,0.89,4.22,0,6
4/21/2015 0:00,34444,17.22,8.31,0.45,4.76,2.73,7
4/21/2015 1:00,34444.04,15,6.48,0.45,4.21,3.01,7
4/21/2015 2:00,34444.08,13.89,6.19,1.34,4.5,3.28,7
4/21/2015 3:00,34444.13,13.33,6.37,0.89,4.5,3.55,7
4/21/2015 4:00,34444.17,13.33,6.83,0.45,5.64,3.82,7
4/21/2015 5:00,34444.21,12.78,6.97,0.89,4.47,4.1,7
4/21/2015 6:00,34444.25,11.67,6.33,0.89,4.03,4.37,23
4/21/2015 7:00,34444.29,15.56,9.18,0.89,4.01,4.64,169
4/21/2015 8:00,34444.34,17.78,9.61,0.89,3.56,4.92,369
4/21/2015 9:00,34444.38,19.44,9.56,2.24,4.1,5.19,563
4/21/2015 10:00,34444.42,22.22,10.65,1.34,4.33,5.46,679
4/21/2015 11:00,34444.46,22.22,9.01,1.79,4,5.74,775
4/21/2015 12:00,34444.5,24.44,9.57,0.89,4.22,6.01,674
4/21/2015 13:00,34444.55,24.44,8.78,0.45,3.74,7.52,524
4/21/2015 14:00,34444.59,26.67,9.51,0.89,3.77,5.58,577
4/21/2015 15:00,34444.63,26.67,9.07,0.45,5.34,5.67,669
4/21/2015 16:00,34444.67,24.44,7.1,0.89,3.91,5.75,412
4/21/2015 17:00,34444.71,23.33,6.98,0.45,5.01,5.84,136
4/21/2015 18:00,34444.76,23.33,7.79,0.45,2.88,5.93,81
4/21/2015 19:00,34444.8,21.67,7.07,1.34,3.82,6.02,25
4/21/2015 20:00,34444.84,17.78,6.86,1.34,5.78,6.11,7
4/21/2015 21:00,34444.88,16.67,7.25,0.89,5.52,6.19,8
4/21/2015 22:00,34444.92,15.56,7.01,0.45,4.59,6.28,8
4/21/2015 23:00,34444.97,18.89,9.05,0.45,5.78,2.46,7
4/22/2015 0:00,34445,13.89,6.9,1.34,4.63,6.46,8
4/22/2015 1:00,34445.04,12.78,6.3,0.45,4.22,6.55,8
4/22/2015 2:00,34445.08,11.67,5.9,0.45,4.54,6.63,8
4/22/2015 3:00,34445.13,11.67,6.53,0.45,4.31,6.72,8
4/22/2015 4:00,34445.17,11.67,6.94,0,0.51,6.81,8
4/22/2015 5:00,34445.21,11.11,6.6,0.45,4.36,6.9,8
4/22/2015 6:00,34445.25,11.11,6.8,0.45,3.75,6.99,26
4/22/2015 7:00,34445.29,15,9.31,0.45,3.33,7.07,179
4/22/2015 8:00,34445.34,16.67,9.3,1.34,3.79,7.16,365
4/22/2015 9:00,34445.38,18.89,10.4,1.34,4.33,7.25,521
4/22/2015 10:00,34445.42,21.11,10.54,0.45,3.56,7.34,706
4/22/2015 11:00,34445.46,22.22,10.01,3.13,3.74,7.43,734
4/22/2015 12:00,34445.5,22.78,9.85,0.45,4.07,7.51,559
4/22/2015 13:00,34445.55,26.11,11.82,0.45,5.53,6.14,627
4/22/2015 14:00,34445.59,27.22,12.45,0.89,4.29,0,880
4/22/2015 15:00,34445.63,25,9.28,0.45,4.57,0,395
4/22/2015 16:00,34445.67,25.56,9.37,0.45,4.42,0,374
4/22/2015 17:00,34445.71,23.89,8.29,0.45,4.05,0,260
4/22/2015 18:00,34445.76,21.11,7.65,0.89,5.5,0,72
4/22/2015 19:00,34445.8,19.44,7.14,0.45,5.04,0,18
4/22/2015 20:00,34445.84,18.33,7.96,0.45,4.89,0,8
4/22/2015 21:00,34445.88,17.78,8.01,0.45,0.14,0,8
4/22/2015 22:00,34445.92,17.22,8.04,0.45,0.58,0,8
4/22/2015 23:00,34445.97,14.44,6.71,0.45,4.29,6.37,8
4/23/2015 0:00,34446,15,7.48,0.45,4.61,0,8
4/23/2015 1:00,34446.04,15.56,8.72,0.89,0.45,0,8
4/23/2015 2:00,34446.08,15.56,8.95,0.45,1.17,0,8
4/23/2015 3:00,34446.13,13.33,7.5,0.89,4.05,0,8
4/23/2015 4:00,34446.17,11.11,6.4,0.45,2.86,0,8
4/23/2015 5:00,34446.21,12.78,8.22,1.79,1.82,0,8
4/23/2015 6:00,34446.25,13.33,8.34,0.45,4.54,0,36
4/23/2015 7:00,34446.29,15,10.16,0.89,3.91,0,152
4/23/2015 8:00,34446.34,19.44,11.43,0.45,4.22,0,332
4/23/2015 9:00,34446.38,20.56,10.88,0.89,4.61,0,546
4/23/2015 10:00,34446.42,24.44,12.38,1.79,4.22,0,744
4/23/2015 11:00,34446.46,25,11.18,1.34,3.89,0,833
4/23/2015 12:00,34446.5,27.22,12.07,0.45,5.69,0,921
4/23/2015 13:00,34446.55,26.11,9.87,0.45,3.77,3.62,762
4/23/2015 14:00,34446.59,27.78,10.05,0.89,3,0,820
4/23/2015 15:00,34446.63,28.89,10.1,0.89,4.85,0.19,720
4/23/2015 16:00,34446.67,26.11,8.58,0.45,3.7,0.38,366
4/23/2015 17:00,34446.71,21.11,8.99,4.92,1.13,0.57,106
4/23/2015 18:00,34446.76,20.56,9.42,4.47,1.08,0.76,81
4/23/2015 19:00,34446.8,18.89,9.33,3.58,1.03,0.95,45
4/23/2015 20:00,34446.84,18.33,8.53,0.89,4.73,1.14,8
4/23/2015 21:00,34446.88,17.22,7.21,0.45,4.47,1.33,8
4/23/2015 22:00,34446.92,15.56,5.94,0.45,1.62,1.52,8
4/23/2015 23:00,34446.97,17.22,8.83,0.45,5.43,0,8
4/24/2015 0:00,34447,13.33,5.42,0.89,4.56,1.9,8
4/24/2015 1:00,34447.04,12.78,6.3,0.45,5.5,2.08,8
4/24/2015 2:00,34447.08,12.22,6,0.45,5.27,2.27,8
4/24/2015 3:00,34447.13,12.78,6.3,0.89,4.38,2.46,8
4/24/2015 4:00,34447.17,12.78,6.53,0.45,4.33,2.65,8
4/24/2015 5:00,34447.21,12.22,6.22,0.45,4.49,2.84,8
4/24/2015 6:00,34447.25,11.67,6.11,0.45,5.39,3.03,22
4/24/2015 7:00,34447.29,13.89,7.59,0.45,2.16,3.22,105
4/24/2015 8:00,34447.34,17.22,8.57,0.45,5.32,3.41,384
4/24/2015 9:00,34447.38,19.44,8.99,1.79,5.83,3.6,553
4/24/2015 10:00,34447.42,22.22,10.01,0.45,4.14,3.79,697
4/24/2015 11:00,34447.46,22.22,8.3,0.45,4.31,3.98,575
4/24/2015 12:00,34447.5,23.89,8.29,0.89,4.57,4.17,787
4/24/2015 13:00,34447.55,25,5.21,0.45,4.97,0,888
4/24/2015 14:00,34447.59,24.44,3.68,3.13,6.11,0,854
4/24/2015 15:00,34447.63,25,3.6,1.34,6.02,0.23,732
4/24/2015 16:00,34447.67,25.56,3.5,3.58,6.23,0.47,568
4/24/2015 17:00,34447.71,23.89,3.73,1.34,5.79,0.7,358
4/24/2015 18:00,34447.76,21.67,-0.4,3.58,5.74,0.93,91
4/24/2015 19:00,34447.8,19.44,-1.16,0.89,5.06,1.17,15
4/24/2015 20:00,34447.84,18.33,-2.11,2.68,6.13,1.4,8
4/24/2015 21:00,34447.88,15.56,-2.05,0.89,3.65,1.63,8
4/24/2015 22:00,34447.92,15,0.33,0.89,4.75,1.87,8
4/24/2015 23:00,34447.97,14.44,5.71,0.89,3.96,1.71,8
4/25/2015 0:00,34448,12.78,-0.25,0.45,4.29,2.33,8
4/25/2015 1:00,34448.04,13.33,1.55,0.89,4.5,2.57,8
4/25/2015 2:00,34448.08,13.89,2.97,1.34,6.13,2.8,8
4/25/2015 3:00,34448.13,12.22,4.13,2.24,0.8,3.03,8
4/25/2015 4:00,34448.17,11.11,6,3.13,1.5,3.27,8
4/25/2015 5:00,34448.21,10.56,6.65,3.13,1.59,3.5,8
4/25/2015 6:00,34448.25,10,6.49,4.02,1.87,3.73,10
4/25/2015 7:00,34448.29,10.56,6.84,2.24,1.85,3.97,16
4/25/2015 8:00,34448.34,10.56,7.76,2.24,2.43,4.2,87
4/25/2015 9:00,34448.38,11.11,7.94,2.68,1.5,4.43,149
4/25/2015 10:00,34448.42,11.11,8.12,2.24,0.84,4.67,248
4/25/2015 11:00,34448.46,15,10.97,0.89,3.84,4.9,348
4/25/2015 12:00,34448.5,17.22,11.22,0.45,4.36,5.13,737
4/25/2015 13:00,34448.55,18.89,11.65,1.34,3.94,2.11,813
4/25/2015 14:00,34448.59,18.89,10.4,2.24,4.14,1.62,720
4/25/2015 15:00,34448.63,22.22,11.86,0.45,5.48,1.76,738
4/25/2015 16:00,34448.67,21.11,9.63,0.89,0.26,1.89,526
4/25/2015 17:00,34448.71,18.89,8.48,0.45,4.8,2.02,141
4/25/2015 18:00,34448.76,17.78,6.25,2.24,5.55,2.15,74
4/25/2015 19:00,34448.8,15.56,6.48,4.92,0.23,2.29,17
4/25/2015 20:00,34448.84,14.44,6.47,1.79,6.09,2.42,8
4/25/2015 21:00,34448.88,13.33,6.37,0.45,3.8,2.55,8
4/25/2015 22:00,34448.92,12.78,7.18,1.34,5.81,2.68,8
4/25/2015 23:00,34448.97,13.33,0.26,0,3.39,2.1,8
4/26/2015 0:00,34449,11.11,7.19,0.45,4.42,2.95,8
4/26/2015 1:00,34449.04,11.67,7.73,0.45,4.54,3.08,8
4/26/2015 2:00,34449.08,10,6.49,0.45,2.76,3.21,8
4/26/2015 3:00,34449.13,9.44,6.13,0.89,4.07,3.35,8
4/26/2015 4:00,34449.17,10,6.67,0.45,3.94,3.48,8
4/26/2015 5:00,34449.21,8.89,5.77,0.89,4.85,3.61,8
4/26/2015 6:00,34449.25,11.11,7.76,0.45,4.56,3.74,49
4/26/2015 7:00,34449.29,12.22,8.46,0.45,3.91,3.88,216
4/26/2015 8:00,34449.34,13.89,8.67,0.45,4.71,4.01,413
4/26/2015 9:00,34449.38,19.44,12.18,0.89,5.9,4.14,601
4/26/2015 10:00,34449.42,21.11,11.4,0.89,4.43,4.27,747
4/26/2015 11:00,34449.46,20.56,10.02,2.68,0.65,4.4,872
4/26/2015 12:00,34449.5,21.67,8.84,0.89,4.54,4.54,772
4/26/2015 13:00,34449.55,23.89,9.07,0.45,3.44,0,888
4/26/2015 14:00,34449.59,25,8.46,1.79,3.82,0,894
4/26/2015 15:00,34449.63,25.56,8.95,0.45,5.43,0,586
4/26/2015 16:00,34449.67,25,8.03,0.89,5.71,0,479
4/26/2015 17:00,34449.71,25,8.03,1.34,4.99,0,325
4/26/2015 18:00,34449.76,22.78,5.63,0.89,4.87,0,121
4/26/2015 19:00,34449.8,20.56,6.07,0.45,2.79,0,21
4/26/2015 20:00,34449.84,18.33,5.8,0.45,5.48,0,9
4/26/2015 21:00,34449.88,17.22,6.05,0.89,2.27,0,9
4/26/2015 22:00,34449.92,16.11,6.46,0.89,2.83,0,9
4/26/2015 23:00,34449.97,12.22,7.07,0.89,4.64,2.82,8
4/27/2015 0:00,34450,16.11,7,2.24,2.15,0,9
4/27/2015 1:00,34450.04,15.56,7.01,2.24,2.55,0,9
4/27/2015 2:00,34450.08,15.56,7.26,4.02,2.22,0,9
4/27/2015 3:00,34450.13,16.11,7.78,2.68,2.48,0,9
4/27/2015 4:00,34450.17,15,6.74,1.79,2.5,0,9
4/27/2015 5:00,34450.21,13.89,6.43,0.45,2.51,0,9
4/27/2015 6:00,34450.25,15.56,8.95,1.79,1.59,0,41
4/27/2015 7:00,34450.29,17.22,10.07,1.34,1.33,0,187
4/27/2015 8:00,34450.34,21.11,11.68,1.34,2.04,0,414
4/27/2015 9:00,34450.38,22.78,9.51,1.79,3.37,0,602
4/27/2015 10:00,34450.42,23.33,8.94,1.34,4.4,0,756
4/27/2015 11:00,34450.46,24.44,8.78,0.89,3,0,863
4/27/2015 12:00,34450.5,26.67,9.51,1.79,4.03,0,915
4/27/2015 13:00,34450.55,27.78,9.12,0.45,3.51,0,915
4/27/2015 14:00,34450.59,28.33,7.57,1.79,3.86,0,857
4/27/2015 15:00,34450.63,28.89,7.5,1.34,2.91,0,739
4/27/2015 16:00,34450.67,30.56,7.14,0.45,3.98,0,577
4/27/2015 17:00,34450.71,28.89,5.09,0.45,3.12,0,368
4/27/2015 18:00,34450.76,27.78,4.79,0.89,3.77,0,53
4/27/2015 19:00,34450.8,24.44,5.23,0.89,4.54,0,18
4/27/2015 20:00,34450.84,22.78,6.48,0.89,6.09,0,9
4/27/2015 21:00,34450.88,21.11,6.93,1.34,1.15,0,8
4/27/2015 22:00,34450.92,21.11,8,2.68,1.41,0,8
4/27/2015 23:00,34450.97,16.11,6.73,1.34,2.48,0,9
4/28/2015 0:00,34451,18.33,8.25,1.79,1.73,0,8
4/28/2015 1:00,34451.04,18.89,9.05,2.68,1.5,0,8
4/28/2015 2:00,34451.08,17.78,8.29,3.13,1.48,0,8
4/28/2015 3:00,34451.13,17.78,8.29,3.58,2.02,0,8
4/28/2015 4:00,34451.17,16.67,8.31,3.13,1.43,0,8
4/28/2015 5:00,34451.21,16.67,8.05,3.13,1.59,0,9
4/28/2015 6:00,34451.25,17.22,8.57,2.68,1.47,0,47
4/28/2015 7:00,34451.29,20,9.51,2.68,1.57,0,217
4/28/2015 8:00,34451.34,23.89,9.81,1.79,1.34,0,421
4/28/2015 9:00,34451.38,30,11.55,0.89,3.61,0,613
4/28/2015 10:00,34451.42,29.44,9.07,0.45,3.12,0,770
4/28/2015 11:00,34451.46,30,9.01,0.89,4.76,0,877
4/28/2015 12:00,34451.5,32.22,9.79,0.89,5.13,0,931
4/28/2015 13:00,34451.55,32.78,7.7,0.89,1.66,0,931
4/28/2015 14:00,34451.59,34.44,8.38,0.89,4.05,0,874
4/28/2015 15:00,34451.63,36.11,6.53,0.89,4.26,0.04,761
4/28/2015 16:00,34451.67,35,4.7,0.45,4.61,0.07,599
4/28/2015 17:00,34451.71,34.44,4.25,0.45,5.9,0.11,394
4/28/2015 18:00,34451.76,30,6.03,0.45,0.65,0.15,113
4/28/2015 19:00,34451.8,26.11,6.69,0.89,4.83,0.19,16
4/28/2015 20:00,34451.84,25,7.14,0.89,6.11,0.22,7
4/28/2015 21:00,34451.88,23.89,7.05,0.89,4.59,0.26,7
4/28/2015 22:00,34451.92,22.78,7.29,0.89,5.93,0.3,7
4/28/2015 23:00,34451.97,19.44,8.09,2.68,1.5,0,8
4/29/2015 0:00,34452,19.44,7.78,1.34,4.63,0.37,7
4/29/2015 1:00,34452.04,18.89,8.76,1.34,4.07,0.41,7
4/29/2015 2:00,34452.08,17.22,8.57,0.89,4.54,0.44,7
4/29/2015 3:00,34452.13,18.33,10.13,1.34,1.8,0.48,7
4/29/2015 4:00,34452.17,15.56,8.72,0.45,5.69,0.52,7
4/29/2015 5:00,34452.21,16.67,9.3,1.79,1.52,0.56,8
4/29/2015 6:00,34452.25,16.11,9.93,0.45,3.35,0.59,44
4/29/2015 7:00,34452.29,20,11.7,0.45,1.94,0.63,222
4/29/2015 8:00,34452.34,22.78,11.78,0.89,4.05,0.67,422
4/29/2015 9:00,34452.38,25.56,11.32,1.34,4.28,0.7,594
4/29/2015 10:00,34452.42,28.33,10.99,1.34,5.86,0.74,735
4/29/2015 11:00,34452.46,30,10.58,0.89,3.63,0.78,872
4/29/2015 12:00,34452.5,31.67,10.45,1.34,4.07,0.82,893
4/29/2015 13:00,34452.55,32.22,9.19,0.45,2.41,0,879
4/29/2015 14:00,34452.59,33.33,10.13,0.45,4.85,0,781
4/29/2015 15:00,34452.63,33.89,7.92,0.89,4.43,0,712
4/29/2015 16:00,34452.67,33.89,7.92,0.89,3.47,0,554
4/29/2015 17:00,34452.71,31.11,6.3,0.45,4.5,0,375
4/29/2015 18:00,34452.76,30.56,6.5,0.89,5.24,0,121
4/29/2015 19:00,34452.8,26.67,5.03,1.34,5.88,0,34
4/29/2015 20:00,34452.84,25.56,5.17,0.89,5.69,0,7
4/29/2015 21:00,34452.88,24.44,6.66,1.34,0.87,0,7
4/29/2015 22:00,34452.92,23.33,5.22,0.89,0.07,0,7
4/29/2015 23:00,34452.97,22.22,7.94,1.79,1.55,0.33,7
4/30/2015 0:00,34453,21.11,7.65,1.79,1.24,0,7
4/30/2015 1:00,34453.04,19.44,6.81,1.79,0.91,0,7
4/30/2015 2:00,34453.08,19.44,8.4,1.34,0.82,0,7
4/30/2015 3:00,34453.13,17.78,7.15,0.45,5.55,0,7
4/30/2015 4:00,34453.17,18.33,8.53,0.89,1.45,0,7
4/30/2015 5:00,34453.21,18.33,8.25,1.79,1.19,0,7
4/30/2015 6:00,34453.25,18.33,8.25,0.45,0.21,0,44
4/30/2015 7:00,34453.29,23.33,11.67,0.89,1.13,0,237
4/30/2015 8:00,34453.34,22.22,10.33,0.45,4.63,0,439
4/30/2015 9:00,34453.38,26.67,11.17,0.45,3.25,0,619
4/30/2015 10:00,34453.42,28.33,10.99,0.45,2.02,0,769
4/30/2015 11:00,34453.46,30.56,10.56,0.45,3.32,0,876
4/30/2015 12:00,34453.5,31.67,10.45,0.45,6.16,0,926
4/30/2015 13:00,34453.55,34.44,11.08,0.89,4.17,0,924
4/30/2015 14:00,34453.59,36.11,10.5,1.79,5.74,0,882
4/30/2015 15:00,34453.63,35,8.85,0.45,4.36,0,687
4/30/2015 16:00,34453.67,35.56,6.95,0.89,4.89,0,545
4/30/2015 17:00,34453.71,35,7.31,0.45,3.94,0,360
4/30/2015 18:00,34453.76,32.78,6.25,0.45,4.87,0,68
4/30/2015 19:00,34453.8,28.33,5.26,0.89,4.4,0,21
4/30/2015 20:00,34453.84,26.67,5.03,0.45,5.24,0,6
4/30/2015 21:00,34453.88,24.44,5.23,0.45,4.54,0,6
4/30/2015 22:00,34453.92,23.89,6.61,1.34,1.31,0,6
4/30/2015 23:00,34453.97,22.78,6.48,0.89,4.43,0,7
5/1/2015 0:00,34454,21.11,6.57,2.68,1.43,0,6
5/1/2015 1:00,34454.04,21.11,6.57,2.68,1.55,0,6
5/1/2015 2:00,34454.08,21.67,5.9,2.68,1.54,0,6
5/1/2015 3:00,34454.13,21.11,4.16,0.89,1.1,0,6
5/1/2015 4:00,34454.17,21.11,4.58,0.89,4.05,0,6
5/1/2015 5:00,34454.21,20,7.65,2.24,1.47,0,7
5/1/2015 6:00,34454.25,21.67,6.3,0.45,4.59,0,42
5/1/2015 7:00,34454.29,23.89,6.61,1.79,1.94,0,234
5/1/2015 8:00,34454.34,28.89,6.93,0.89,3.74,0,438
5/1/2015 9:00,34454.38,29.44,4.2,1.34,2.36,0,621
5/1/2015 10:00,34454.42,31.11,5.6,1.34,3.12,0,772
5/1/2015 11:00,34454.46,31.11,6.3,2.24,4.01,0,869
5/1/2015 12:00,34454.5,32.22,4.21,2.68,3.65,0,929
5/1/2015 13:00,34454.55,34.44,4.25,2.24,4.43,0,925
5/1/2015 14:00,34454.59,35,1.59,0.45,1.48,0,871
5/1/2015 15:00,34454.63,35.56,2.03,1.34,1.66,0,763
5/1/2015 16:00,34454.67,34.44,2.25,2.24,2.37,0,587
5/1/2015 17:00,34454.71,32.78,1.95,2.68,4.01,0,389
5/1/2015 18:00,34454.76,32.22,2.45,0.45,2.2,0,96
5/1/2015 19:00,34454.8,29.44,0.2,1.79,2.13,0,19
5/1/2015 20:00,34454.84,27.78,-0.27,1.34,2.18,0,6
5/1/2015 21:00,34454.88,24.44,1.96,0.89,5.62,0,6
5/1/2015 22:00,34454.92,21.67,3.29,0.45,4.8,0,6
5/1/2015 23:00,34454.97,22.22,6.4,2.68,1.52,0,6
5/2/2015 0:00,34455,20,4.01,0.45,2.36,0,6
5/2/2015 1:00,34455.04,20.56,4.09,0.45,2.83,0,6
5/2/2015 2:00,34455.08,20.56,1.85,1.34,2.76,0,6
5/2/2015 3:00,34455.13,19.44,0.88,0.45,1.97,0,6
5/2/2015 4:00,34455.17,18.33,4.06,1.79,1.08,0,6
5/2/2015 5:00,34455.21,17.78,4.28,3.13,1.52,0,6
5/2/2015 6:00,34455.25,18.89,5.28,2.24,1.59,0,56
5/2/2015 7:00,34455.29,21.67,6.3,2.68,1.05,0,235
5/2/2015 8:00,34455.34,23.89,5.71,2.24,0.99,0,440
5/2/2015 9:00,34455.38,30,4.67,0.45,4.68,0,631
5/2/2015 10:00,34455.42,31.67,3.75,0.89,3.67,0,791
5/2/2015 11:00,34455.46,31.67,2,0.45,1.76,0,901
5/2/2015 12:00,34455.5,33.33,1.37,1.34,2.43,0,952
5/2/2015 13:00,34455.55,32.78,-0.17,0.45,0.66,0,950
5/2/2015 14:00,34455.59,33.89,-0.47,1.34,3.79,0,891
5/2/2015 15:00,34455.63,34.44,-1.32,0.45,0.98,0,777
5/2/2015 16:00,34455.67,32.78,-5.53,1.34,3.79,0,614
5/2/2015 17:00,34455.71,33.33,-3.57,0.89,3.7,0,410
5/2/2015 18:00,34455.76,30.56,-4.33,0.45,4.26,0,142
5/2/2015 19:00,34455.8,27.22,-4.56,0.45,4.19,0,18
5/2/2015 20:00,34455.84,25,-5.28,0.45,4.47,0,6
5/2/2015 21:00,34455.88,23.89,-6.16,0.45,4.05,0,6
5/2/2015 22:00,34455.92,22.78,-5.2,2.24,1.71,0,6
5/2/2015 23:00,34455.97,21.67,5.08,2.68,3.84,0,6
5/3/2015 0:00,34456,21.67,-8.95,0.45,3.02,0,6
5/3/2015 1:00,34456.04,18.33,-8.8,0.89,2.11,0,6
5/3/2015 2:00,34456.08,18.33,0.38,0.45,1.41,0,6
5/3/2015 3:00,34456.13,16.67,-1.08,2.68,1.55,0,6
5/3/2015 4:00,34456.17,16.11,-2.5,0.89,3.21,0,6
5/3/2015 5:00,34456.21,15,-2.09,0.89,4.63,0,6
5/3/2015 6:00,34456.25,18.89,0.4,0.45,2.5,0,59
5/3/2015 7:00,34456.29,21.11,2.81,1.79,2.23,0,240
5/3/2015 8:00,34456.34,23.89,3.2,1.34,0.89,0,440
5/3/2015 9:00,34456.38,28.89,3.74,1.34,4.35,0,632
5/3/2015 10:00,34456.42,29.44,3.48,1.79,3.8,0,791
5/3/2015 11:00,34456.46,29.44,1.93,2.24,4.1,0,899
5/3/2015 12:00,34456.5,30,0.65,2.24,4.07,0,945
5/3/2015 13:00,34456.55,31.11,-0.4,2.24,3.77,0,944
5/3/2015 14:00,34456.59,31.67,-1.04,1.34,4.59,0,885
5/3/2015 15:00,34456.63,32.22,-0.61,0.45,5.81,0,766
5/3/2015 16:00,34456.67,32.22,-0.61,2.68,3.8,0,606
5/3/2015 17:00,34456.71,31.11,-0.4,1.79,3.84,0,380
5/3/2015 18:00,34456.76,28.33,-2.62,0.89,4.5,0,89
5/3/2015 19:00,34456.8,26.11,-1.63,0.45,3.94,0,18
5/3/2015 20:00,34456.84,22.22,2.8,0.89,4.29,0,6
5/3/2015 21:00,34456.88,20,4.81,0.89,4.59,0,6
5/3/2015 22:00,34456.92,17.22,4.12,0.45,4.43,0,6
5/3/2015 23:00,34456.97,22.22,-6.54,2.68,2.27,0,6
5/4/2015 0:00,34457,16.11,5.61,0.45,4.36,0,6
5/4/2015 1:00,34457.04,15,5.15,0.89,4.45,0,6
5/4/2015 2:00,34457.08,14.44,5.71,0.45,4.29,0,6
5/4/2015 3:00,34457.13,12.78,5.38,0.89,4.75,0,6
5/4/2015 4:00,34457.17,12.22,6,0.45,4.24,0,6
5/4/2015 5:00,34457.21,13.33,7.06,1.34,1.9,0,6
5/4/2015 6:00,34457.25,12.22,6.22,0.89,4.26,0,56
5/4/2015 7:00,34457.29,15,8.42,0.89,4.21,0,231
5/4/2015 8:00,34457.34,18.89,9.6,1.34,4.52,0,430
5/4/2015 9:00,34457.38,22.78,9.51,1.34,4.78,0,616
5/4/2015 10:00,34457.42,24.44,8.78,0.45,2.81,0,768
5/4/2015 11:00,34457.46,26.11,8.58,1.79,4.14,0,875
5/4/2015 12:00,34457.5,26.67,7.66,0.89,1.76,0,930
5/4/2015 13:00,34457.55,27.78,6.55,1.34,4.26,0,932
5/4/2015 14:00,34457.59,30,6.67,0.89,5.2,0,903
5/4/2015 15:00,34457.63,30.56,6.5,1.79,5.99,0,766
5/4/2015 16:00,34457.67,28.33,5.26,0.89,3.12,0,465
5/4/2015 17:00,34457.71,27.22,5.5,0.45,6.14,0,238
5/4/2015 18:00,34457.76,26.11,6.69,0.89,6.27,0,128
5/4/2015 19:00,34457.8,23.89,6.61,0.45,1.68,0,29
5/4/2015 20:00,34457.84,22.22,6.4,0.89,5.64,0,7
5/4/2015 21:00,34457.88,18.89,5.63,0.89,4.26,0,6
5/4/2015 22:00,34457.92,16.11,5.32,0.89,4.42,0,7
5/4/2015 23:00,34457.97,16.11,4.72,0.89,4.59,0,6
5/5/2015 0:00,34458,13.89,6.19,0.45,4.17,0,7
5/5/2015 1:00,34458.04,12.22,5.55,0.89,4.42,0,7
5/5/2015 2:00,34458.08,12.22,6.22,0.89,4.49,0,7
5/5/2015 3:00,34458.13,10.56,5.26,0.89,4.38,0,7
5/5/2015 4:00,34458.17,11.67,6.53,0.45,1.78,0,7
5/5/2015 5:00,34458.21,11.67,6.33,0.89,3.79,0,7
5/5/2015 6:00,34458.25,14.44,8.56,0.89,3.16,0,58
5/5/2015 7:00,34458.29,13.89,8.03,0.89,4.12,0,224
5/5/2015 8:00,34458.34,18.89,10.14,0.45,3.56,0,422
5/5/2015 9:00,34458.38,21.67,10.75,1.79,5.15,0,605
5/5/2015 10:00,34458.42,24.44,11.38,0.89,3.44,0,758
5/5/2015 11:00,34458.46,25,9.68,0.89,4.45,0,868
5/5/2015 12:00,34458.5,26.67,8.15,1.34,0.56,0,925
5/5/2015 13:00,34458.55,27.78,6.55,0.89,3.21,0,928
5/5/2015 14:00,34458.59,28.33,4.62,0.89,4,0,872
5/5/2015 15:00,34458.63,30,3.18,1.34,3.87,0,759
5/5/2015 16:00,34458.67,28.89,2.26,0.89,4,0,592
5/5/2015 17:00,34458.71,28.33,2.56,0.45,5.67,0,364
5/5/2015 18:00,34458.76,26.11,3.37,0.89,4.1,0,68
5/5/2015 19:00,34458.8,21.67,4.21,0.89,0.42,0,24
5/5/2015 20:00,34458.84,19.44,5.43,1.79,5.79,0,7
5/5/2015 21:00,34458.88,16.11,4.41,0.89,4.07,0,7
5/5/2015 22:00,34458.92,13.89,4.12,0.89,4.85,0,7
5/5/2015 23:00,34458.97,15.56,6.48,0.45,0.89,0,7
5/6/2015 0:00,34459,12.78,5.38,0.45,3.67,0,7
5/6/2015 1:00,34459.04,12.22,5.55,0.45,5.22,0,7
5/6/2015 2:00,34459.08,10.56,4.62,0.45,3.82,0,7
5/6/2015 3:00,34459.13,10,4.31,0.89,4.45,0,7
5/6/2015 4:00,34459.17,10.56,5.46,0.89,3.94,0,7
5/6/2015 5:00,34459.21,8.89,4.26,0.89,4.47,0,7
5/6/2015 6:00,34459.25,10,5.33,0.45,3.89,0,54
5/6/2015 7:00,34459.29,13.33,7.06,0.45,4.76,0,212
5/6/2015 8:00,34459.34,16.11,7.78,0.45,5.39,0,404
5/6/2015 9:00,34459.38,17.78,7.73,0.45,5.06,0,596
5/6/2015 10:00,34459.42,21.11,8.67,0,3.98,0,758
5/6/2015 11:00,34459.46,21.11,6.57,1.79,4.12,0,871
5/6/2015 12:00,34459.5,23.33,6.98,0.45,1.43,0,927
5/6/2015 13:00,34459.55,25.56,6.2,1.34,4.21,0,925
5/6/2015 14:00,34459.59,25.56,4.63,0.89,4.45,0,874
5/6/2015 15:00,34459.63,27.22,5.5,0.89,4.73,0.45,759
5/6/2015 16:00,34459.67,26.11,4.55,1.34,4.68,0.89,595
5/6/2015 17:00,34459.71,25,3.02,0.89,4.28,1.34,376
5/6/2015 18:00,34459.76,23.33,1.01,0.89,4.26,1.78,68
5/6/2015 19:00,34459.8,19.44,0.39,0.45,6.21,2.23,24
5/6/2015 20:00,34459.84,18.89,2.62,1.34,5.86,2.67,7
5/6/2015 21:00,34459.88,17.78,5.62,0.89,5.13,3.12,7
5/6/2015 22:00,34459.92,16.11,6.18,0.89,4.63,3.57,7
5/6/2015 23:00,34459.97,13.89,5.44,0.45,4.69,0,7
5/7/2015 0:00,34460,12.78,5.14,0.45,4.63,4.46,7
5/7/2015 1:00,34460.04,13.33,6.14,0.45,4.17,4.9,7
5/7/2015 2:00,34460.08,12.78,6.08,0.45,3.53,5.35,7
5/7/2015 3:00,34460.13,12.22,4.85,1.79,1.92,5.79,7
5/7/2015 4:00,34460.17,12.78,5.61,0.89,2.83,6.24,7
5/7/2015 5:00,34460.21,12.78,6.08,0.89,3.87,6.69,8
5/7/2015 6:00,34460.25,12.78,6.53,0.45,4.08,7.13,27
5/7/2015 7:00,34460.29,12.78,4.9,0.89,4.07,7.58,173
5/7/2015 8:00,34460.34,12.22,5.55,0.45,2.91,8.02,115
5/7/2015 9:00,34460.38,14.44,7.43,0.45,5.62,8.47,198
5/7/2015 10:00,34460.42,12.78,7.39,0.45,5.03,8.92,152
5/7/2015 11:00,34460.46,15,7.96,0.89,0.26,9.36,485
5/7/2015 12:00,34460.5,13.33,6.37,3.13,1.66,9.81,341
5/7/2015 13:00,34460.55,15.56,6.75,4.02,0.8,2.53,823
5/7/2015 14:00,34460.59,16.11,5.9,1.79,0.66,8.09,434
5/7/2015 15:00,34460.63,16.11,5.02,0.45,1.78,8.17,117
5/7/2015 16:00,34460.67,17.22,5.11,1.34,4.36,8.26,316
5/7/2015 17:00,34460.71,13.89,4.66,1.79,4.24,8.34,196
5/7/2015 18:00,34460.76,8.89,3.66,0.89,3.49,8.42,29
5/7/2015 19:00,34460.8,9.44,3.98,3.58,0.17,8.5,21
5/7/2015 20:00,34460.84,11.11,4.26,4.02,0.84,8.58,8
5/7/2015 21:00,34460.88,11.11,4.72,1.79,0.68,8.66,7
5/7/2015 22:00,34460.92,10,4.31,0.45,5.36,8.75,7
5/7/2015 23:00,34460.97,13.89,5.18,0.45,4.69,4.01,7
5/8/2015 0:00,34461,9.44,5.38,0.89,2.88,8.91,7
5/8/2015 1:00,34461.04,9.44,5.38,1.34,2.5,8.99,7
5/8/2015 2:00,34461.08,9.44,5.19,1.79,2.48,9.07,7
5/8/2015 3:00,34461.13,10,5.53,0.89,1.06,9.15,7
5/8/2015 4:00,34461.17,10,5.73,1.79,2.09,9.24,7
5/8/2015 5:00,34461.21,10.56,6.65,3.58,1.62,9.32,7
5/8/2015 6:00,34461.25,10,5.92,3.13,1.85,9.4,18
5/8/2015 7:00,34461.29,10.56,6.65,2.24,2.3,9.48,37
5/8/2015 8:00,34461.34,12.78,7.81,2.24,1.94,9.56,257
5/8/2015 9:00,34461.38,16.11,9.71,1.79,3.54,9.64,371
5/8/2015 10:00,34461.42,16.11,7.78,0.89,4.43,9.73,515
5/8/2015 11:00,34461.46,17.22,7.77,0.45,4.15,9.81,507
5/8/2015 12:00,34461.5,17.22,7.21,0.89,3.54,9.89,332
5/8/2015 13:00,34461.55,16.67,6.41,2.68,1.31,10,268
5/8/2015 14:00,34461.59,16.11,5.9,1.79,1.2,9.54,309
5/8/2015 15:00,34461.63,16.11,5.61,1.79,1.41,9.11,222
5/8/2015 16:00,34461.67,15.56,4.81,2.68,1.88,8.68,140
5/8/2015 17:00,34461.71,17.22,6.05,4.47,1.52,8.24,324
5/8/2015 18:00,34461.76,16.67,5.53,1.79,2.46,7.81,170
5/8/2015 19:00,34461.8,15,4.29,1.79,2.13,7.37,31
5/8/2015 20:00,34461.84,15,4.87,1.34,1.69,6.94,8
5/8/2015 21:00,34461.88,14.44,6.22,1.79,1.08,6.51,8
5/8/2015 22:00,34461.92,15,6.48,1.34,1.87,6.07,8
5/8/2015 23:00,34461.97,10,5.33,0.45,3.79,8.83,8
5/9/2015 0:00,34462,14.44,6.47,2.24,2.04,5.21,8
5/9/2015 1:00,34462.04,15,6.74,0.89,1.61,4.77,8
5/9/2015 2:00,34462.08,14.44,6.47,1.79,1.52,4.34,8
5/9/2015 3:00,34462.13,14.44,6.47,1.34,1.76,3.9,8
5/9/2015 4:00,34462.17,14.44,6.71,1.79,1.33,3.47,8
5/9/2015 5:00,34462.21,14.44,6.47,1.34,1.47,3.04,8
5/9/2015 6:00,34462.25,14.44,6.22,1.34,1.59,2.6,29
5/9/2015 7:00,34462.29,17.78,8.56,0.89,1.4,2.17,216
5/9/2015 8:00,34462.34,19.44,7.78,0.89,4.31,1.74,435
5/9/2015 9:00,34462.38,21.67,7.8,0.45,0.49,1.3,622
5/9/2015 10:00,34462.42,23.89,8.68,1.34,4.38,0.87,765
5/9/2015 11:00,34462.46,25,8.46,0.45,1.31,0.43,884
5/9/2015 12:00,34462.5,24.44,7.54,2.24,3.94,0,934
5/9/2015 13:00,34462.55,25,7.59,0.89,3.79,0,929
5/9/2015 14:00,34462.59,26.11,7.66,1.34,3.58,0,860
5/9/2015 15:00,34462.63,27.22,8.15,1.79,4.15,0,744
5/9/2015 16:00,34462.67,26.67,7.66,0.89,3.72,0,581
5/9/2015 17:00,34462.71,26.11,7.66,1.34,4.05,0,384
5/9/2015 18:00,34462.76,23.33,6.98,0.45,0.28,0,124
5/9/2015 19:00,34462.8,20.56,7.14,0.45,4.63,0,26
5/9/2015 20:00,34462.84,19.44,7.47,0.45,6.07,0,8
5/9/2015 21:00,34462.88,19.44,8.4,0.89,3.6,0,8
5/9/2015 22:00,34462.92,18.89,8.18,0.89,4.38,0,8
5/9/2015 23:00,34462.97,13.89,5.69,1.79,1.71,5.64,8
5/10/2015 0:00,34463,16.67,8.56,2.68,1.47,0,8
5/10/2015 1:00,34463.04,16.67,9.3,2.24,1.43,0,8
5/10/2015 2:00,34463.08,15.56,8.48,3.58,1.59,0,8
5/10/2015 3:00,34463.13,16.11,9.25,2.24,1.55,0,8
5/10/2015 4:00,34463.17,15.56,8.48,1.34,1.83,0,8
5/10/2015 5:00,34463.21,14.44,8.34,2.24,1.9,0,9
5/10/2015 6:00,34463.25,16.11,9.93,2.24,1.69,0,66
5/10/2015 7:00,34463.29,17.78,9.86,1.79,1.1,0,235
5/10/2015 8:00,34463.34,23.89,11.54,0.89,4.1,0,431
5/10/2015 9:00,34463.38,24.44,9.94,0.45,3.96,0,623
5/10/2015 10:00,34463.42,26.11,9.45,0.89,4.15,0,778
5/10/2015 11:00,34463.46,27.78,10.05,0.89,4.8,0,882
5/10/2015 12:00,34463.5,28.33,9.61,0.45,4.38,0,934
5/10/2015 13:00,34463.55,30.56,10.56,0.45,5.32,0,925
5/10/2015 14:00,34463.59,32.78,10.85,0.45,1.01,0,871
5/10/2015 15:00,34463.63,31.11,9.42,0.89,4.92,0,760
5/10/2015 16:00,34463.67,32.78,9.03,0.45,5.18,0,598
5/10/2015 17:00,34463.71,32.22,8.56,0.89,5.65,0,396
5/10/2015 18:00,34463.76,28.89,6.34,1.34,5.34,0,110
5/10/2015 19:00,34463.8,24.44,3.68,0.45,3.72,0,23
5/10/2015 20:00,34463.84,22.22,2.8,0.45,4.03,0,8
5/10/2015 21:00,34463.88,21.11,1.84,0.45,5.01,0,7
5/10/2015 22:00,34463.92,20,1.84,1.34,4.59,0,7
5/10/2015 23:00,34463.97,18.33,8.53,0.45,6.13,0,8
5/11/2015 0:00,34464,16.11,3.45,0.45,5.36,0,7
5/11/2015 1:00,34464.04,16.11,4.41,0.89,3.87,0,7
5/11/2015 2:00,34464.08,16.11,4.72,0.45,4.19,0,7
5/11/2015 3:00,34464.13,16.11,6.18,0.89,1.15,0,7
5/11/2015 4:00,34464.17,13.89,4.66,0.89,4.01,0,7
5/11/2015 5:00,34464.21,15,5.43,0.45,4.35,0,8
5/11/2015 6:00,34464.25,15.56,5.94,0,4.56,0,58
5/11/2015 7:00,34464.29,17.78,7.73,0.45,4.28,0,213
5/11/2015 8:00,34464.34,21.11,8,0.45,4.5,0,358
5/11/2015 9:00,34464.38,25,7.14,0.89,5.25,0,552
5/11/2015 10:00,34464.42,26.67,6.13,0.89,4.24,0,721
5/11/2015 11:00,34464.46,28.33,4.62,1.79,3.75,0,853
5/11/2015 12:00,34464.5,28.89,3.02,1.34,4.45,0,930
5/11/2015 13:00,34464.55,30,2.38,2.68,3.72,0,921
5/11/2015 14:00,34464.59,31.11,3.3,0.45,5.41,0,803
5/11/2015 15:00,34464.63,31.11,4.1,1.79,5.06,0,692
5/11/2015 16:00,34464.67,29.44,2.72,0.89,5.69,0,537
5/11/2015 17:00,34464.71,27.78,2.1,2.68,4.99,0,374
5/11/2015 18:00,34464.76,26.11,2.1,1.34,4.45,0,108
5/11/2015 19:00,34464.8,21.11,3.27,1.34,5.64,0,25
5/11/2015 20:00,34464.84,17.78,4.62,1.34,5.86,0,7
5/11/2015 21:00,34464.88,16.11,4.09,0.45,4.89,0,7
5/11/2015 22:00,34464.92,15,1.76,0.45,5.36,0,7
5/11/2015 23:00,34464.97,16.67,2.2,0.45,3.6,0,7
5/12/2015 0:00,34465,11.67,2.05,0.45,4.76,0,7
5/12/2015 1:00,34465.04,10.56,2.8,0.45,5.74,0,7
5/12/2015 2:00,34465.08,10.56,3.96,0.45,4.03,0,7
5/12/2015 3:00,34465.13,10,4.09,0.89,4.38,0,7
5/12/2015 4:00,34465.17,8.89,3.24,0.45,4.29,0,7
5/12/2015 5:00,34465.21,9.44,3.98,0.45,4.38,0,8
5/12/2015 6:00,34465.25,10,4.31,0.45,4.21,0,50
5/12/2015 7:00,34465.29,14.44,6.95,0.89,5.6,0,214
5/12/2015 8:00,34465.34,14.44,5.18,1.34,5.13,0,406
5/12/2015 9:00,34465.38,17.78,5.94,0.45,5.39,0,639
5/12/2015 10:00,34465.42,21.67,6.3,0.89,5.11,0,790
5/12/2015 11:00,34465.46,21.67,3.76,0.45,1.48,0,898
5/12/2015 12:00,34465.5,22.78,2.24,0.45,3.72,0,955
5/12/2015 13:00,34465.55,25,1.81,0.89,3.89,0,910
5/12/2015 14:00,34465.59,25.56,0.95,0.45,6.04,0,899
5/12/2015 15:00,34465.63,27.22,0.1,2.24,5.99,0.12,777
5/12/2015 16:00,34465.67,25.56,-2.95,1.34,4.38,0.24,617
5/12/2015 17:00,34465.71,25.56,-2.95,0.45,1.4,0.35,423
5/12/2015 18:00,34465.76,21.67,-4.46,0.89,5.59,0.47,146
5/12/2015 19:00,34465.8,19.44,-3.51,1.34,5.52,0.59,29
5/12/2015 20:00,34465.84,17.22,-4.76,0.89,5.97,0.71,7
5/12/2015 21:00,34465.88,16.67,-3.54,0,2.3,0.83,7
5/12/2015 22:00,34465.92,14.44,-0.93,0.89,4.21,0.94,7
5/12/2015 23:00,34465.97,12.78,2.53,0.89,5.03,0,7
5/13/2015 0:00,34466,13.33,1.55,0.89,4.63,1.18,7
5/13/2015 1:00,34466.04,12.22,1.44,0.45,4.75,1.3,7
5/13/2015 2:00,34466.08,11.11,1.54,0.45,4.07,1.42,7
5/13/2015 3:00,34466.13,11.11,2.33,0.45,0.54,1.53,7
5/13/2015 4:00,34466.17,9.44,1.51,0.45,4.4,1.65,7
5/13/2015 5:00,34466.21,11.11,3.08,0.89,4.15,1.77,8
5/13/2015 6:00,34466.25,10.56,2.56,0.89,4.49,1.89,73
5/13/2015 7:00,34466.29,13.89,4.92,0.45,1.31,2.01,251
5/13/2015 8:00,34466.34,18.33,6.76,0.45,3.86,2.12,441
5/13/2015 9:00,34466.38,18.89,5.63,0.89,2.39,2.24,611
5/13/2015 10:00,34466.42,20.56,5.69,1.79,0.96,2.36,763
5/13/2015 11:00,34466.46,21.67,4.21,0.89,4.43,2.48,811
5/13/2015 12:00,34466.5,23.89,3.73,1.79,0.1,2.6,877
5/13/2015 13:00,34466.55,24.44,2.55,1.34,4.22,0,899
5/13/2015 14:00,34466.59,24.44,2.55,0.45,0.14,0,836
5/13/2015 15:00,34466.63,23.89,1.48,0.89,3.18,0.41,568
5/13/2015 16:00,34466.67,23.89,1.48,0.45,0.93,0.81,394
5/13/2015 17:00,34466.71,22.22,0.07,0.45,3.51,1.22,365
5/13/2015 18:00,34466.76,21.11,0.27,0.45,4.22,1.63,140
5/13/2015 19:00,34466.8,19.44,-1.16,0.89,5.27,2.04,41
5/13/2015 20:00,34466.84,17.78,-2.06,1.34,5.52,2.44,8
5/13/2015 21:00,34466.88,16.67,1.44,1.34,5.78,2.85,8
5/13/2015 22:00,34466.92,16.11,3.45,0.45,4.54,3.26,7
5/13/2015 23:00,34466.97,13.89,0.76,0.89,4.75,1.06,7
5/14/2015 0:00,34467,14.44,2.25,0.89,5.2,4.07,7
5/14/2015 1:00,34467.04,13.33,1.86,0.45,5.79,4.48,7
5/14/2015 2:00,34467.08,12.78,2.24,0.89,4.75,4.89,7
5/14/2015 3:00,34467.13,12.78,3.36,0.45,4.63,5.3,7
5/14/2015 4:00,34467.17,11.11,2.83,0.89,4.43,5.7,7
5/14/2015 5:00,34467.21,11.67,3.85,0.45,0.63,6.11,8
5/14/2015 6:00,34467.25,12.78,4.9,0,0.89,6.52,30
5/14/2015 7:00,34467.29,13.89,4.92,0.45,4.05,6.92,109
5/14/2015 8:00,34467.34,13.89,4.92,0.45,4.14,7.33,144
5/14/2015 9:00,34467.38,13.89,8.25,0.45,4.31,7.74,175
5/14/2015 10:00,34467.42,16.11,7.27,0.45,4.69,8.15,417
5/14/2015 11:00,34467.46,17.22,7.21,1.79,2.55,8.55,319
5/14/2015 12:00,34467.5,19.44,7.47,2.24,3.93,8.96,439
5/14/2015 13:00,34467.55,18.89,7.27,0.45,2.16,10,270
5/14/2015 14:00,34467.59,15,7.48,0.89,1.4,10,238
5/14/2015 15:00,34467.63,17.22,7.49,2.68,0.96,9.72,255
5/14/2015 16:00,34467.67,17.78,6.25,3.13,0.98,9.44,484
5/14/2015 17:00,34467.71,20,6.29,1.79,0.75,9.17,339
5/14/2015 18:00,34467.76,14.44,6.22,2.24,2.34,8.89,135
5/14/2015 19:00,34467.8,13.33,6.37,0.89,4.47,8.61,27
5/14/2015 20:00,34467.84,12.78,7.18,0.45,4.21,8.33,8
5/14/2015 21:00,34467.88,12.22,7.07,0.45,5.62,8.06,8
5/14/2015 22:00,34467.92,12.22,7.07,1.34,0.17,7.78,8
5/14/2015 23:00,34467.97,15,3.08,0.89,4.59,3.67,7
5/15/2015 0:00,34468,12.22,7.27,1.34,4.4,7.22,8
5/15/2015 1:00,34468.04,12.22,8.46,1.34,3.58,6.94,8
5/15/2015 2:00,34468.08,12.22,8.65,1.34,3.94,6.67,7
5/15/2015 3:00,34468.13,11.11,7.76,0.45,4,6.39,8
5/15/2015 4:00,34468.17,11.11,7.57,1.34,3.56,6.11,8
5/15/2015 5:00,34468.21,11.11,7.57,0.89,3.91,5.83,8
5/15/2015 6:00,34468.25,12.22,8.27,0.45,2.08,5.56,26
5/15/2015 7:00,34468.29,12.78,8.42,0.89,1.68,5.28,80
5/15/2015 8:00,34468.34,14.44,8.78,1.34,4.07,5,187
5/15/2015 9:00,34468.38,15.56,8.95,0.45,3.8,4.72,299
5/15/2015 10:00,34468.42,16.11,8.53,2.24,0.72,4.44,603
5/15/2015 11:00,34468.46,18.33,10.38,0.45,3.87,4.17,374
5/15/2015 12:00,34468.5,20,9.51,1.34,4.96,3.89,829
5/15/2015 13:00,34468.55,18.33,8.25,1.79,3.94,10,232
5/15/2015 14:00,34468.59,21.67,8.5,0.45,4.26,6.29,570
5/15/2015 15:00,34468.63,16.67,7.52,5.36,1.22,6,175
5/15/2015 16:00,34468.67,16.11,8.04,3.58,1.99,5.72,67
5/15/2015 17:00,34468.71,17.22,7.21,2.24,1.75,5.43,95
5/15/2015 18:00,34468.76,18.33,7.96,1.79,1.99,5.15,62
5/15/2015 19:00,34468.8,17.22,7.49,0.89,3.51,4.86,24
5/15/2015 20:00,34468.84,16.67,7.79,0.89,3.79,4.57,8
5/15/2015 21:00,34468.88,15.56,8.25,0.45,0.1,4.29,8
5/15/2015 22:00,34468.92,13.89,7.36,0.89,4.83,4,8
5/15/2015 23:00,34468.97,13.33,7.93,1.34,6.02,7.5,8
5/16/2015 0:00,34469,11.67,6.11,0.89,4.69,3.43,8
5/16/2015 1:00,34469.04,10.56,5.26,0.89,4.15,3.14,8
5/16/2015 2:00,34469.08,10.56,5.26,0.45,4.71,2.86,8
5/16/2015 3:00,34469.13,10,5.33,0.89,3.98,2.57,8
5/16/2015 4:00,34469.17,8.89,4.65,0.89,4.42,2.29,8
5/16/2015 5:00,34469.21,10.56,6.65,1.79,1.69,2,9
5/16/2015 6:00,34469.25,10.56,6.46,0.89,4.14,1.72,80
5/16/2015 7:00,34469.29,15.56,10.06,0.89,0.73,1.43,257
5/16/2015 8:00,34469.34,17.78,10.11,0.45,5.18,1.14,454
5/16/2015 9:00,34469.38,19.44,9.84,0.89,4,0.86,635
5/16/2015 10:00,34469.42,22.78,11.16,0.89,5.06,0.57,782
5/16/2015 11:00,34469.46,23.89,8.68,0.89,1.34,0.29,890
5/16/2015 12:00,34469.5,24.44,7.1,0.89,5.03,0,936
5/16/2015 13:00,34469.55,25.56,6.2,0.89,4.89,0,937
5/16/2015 14:00,34469.59,25.56,5.7,0.89,4.38,0,880
5/16/2015 15:00,34469.63,27.22,6.61,0.45,2.57,0,760
5/16/2015 16:00,34469.67,27.22,5.5,0.45,4.83,0,598
5/16/2015 17:00,34469.71,26.11,5.11,0.45,1.36,0,407
5/16/2015 18:00,34469.76,24.44,3.68,0.45,4.43,0,160
5/16/2015 19:00,34469.8,21.11,2.81,0.45,4.97,0,30
5/16/2015 20:00,34469.84,20,4.01,0.45,5.45,0,8
5/16/2015 21:00,34469.88,18.89,3.81,0.45,5.74,0,8
5/16/2015 22:00,34469.92,16.67,2.92,0.89,4.56,0,8
5/16/2015 23:00,34469.97,12.22,6.43,0.89,4.33,3.72,8
5/17/2015 0:00,34470,12.78,4.9,0,3.37,0,8
5/17/2015 1:00,34470.04,12.22,5.32,0.45,4.43,0,8
5/17/2015 2:00,34470.08,11.11,5.37,0.45,4.15,0,8
5/17/2015 3:00,34470.13,11.11,5.79,0.89,4.38,0,8
5/17/2015 4:00,34470.17,12.78,7.81,0.89,1.55,0,8
5/17/2015 5:00,34470.21,10.56,5.67,0.89,4,0,9
5/17/2015 6:00,34470.25,12.78,7.6,0.45,4.29,0,77
5/17/2015 7:00,34470.29,15.56,9.18,0.45,4.54,0,199
5/17/2015 8:00,34470.34,16.67,8.81,0,2.88,0,243
5/17/2015 9:00,34470.38,19.44,9.28,0.45,4.83,0,329
5/17/2015 10:00,34470.42,21.67,9.82,1.79,3.74,0,535
5/17/2015 11:00,34470.46,23.33,8.94,0.45,5.52,0,812
5/17/2015 12:00,34470.5,25,8.88,0.45,4.8,0,935
5/17/2015 13:00,34470.55,22.78,6.89,0.89,3.91,6.69,618
5/17/2015 14:00,34470.59,23.89,7.88,0.45,5.65,8.07,444
5/17/2015 15:00,34470.63,23.89,7.47,0.45,5.1,7.7,375
5/17/2015 16:00,34470.67,25,7.14,0.89,4.57,7.33,374
5/17/2015 17:00,34470.71,25.56,6.2,0.89,4.31,6.97,390
5/17/2015 18:00,34470.76,22.78,6.06,2.24,5.85,6.6,130
5/17/2015 19:00,34470.8,20,5.57,0.89,4.78,6.23,45
5/17/2015 20:00,34470.84,18.89,5.63,0.45,5.24,5.87,8
5/17/2015 21:00,34470.88,18.89,6.96,0.45,0.93,5.5,8
5/17/2015 22:00,34470.92,16.67,5.23,0.45,3.19,5.13,8
5/17/2015 23:00,34470.97,15,4.58,0.45,5.24,0,8
5/18/2015 0:00,34471,17.22,7.77,1.79,1.41,4.4,8
5/18/2015 1:00,34471.04,15.56,7.01,1.34,4.26,4.03,8
5/18/2015 2:00,34471.08,13.89,7.13,0.89,4.42,3.67,8
5/18/2015 3:00,34471.13,12.78,6.53,0.89,4.52,3.3,8
5/18/2015 4:00,34471.17,12.22,6.43,0.89,4.57,2.93,8
5/18/2015 5:00,34471.21,12.22,7.27,1.79,5.81,2.57,9
5/18/2015 6:00,34471.25,13.33,7.93,0.45,5.11,2.2,55
5/18/2015 7:00,34471.29,17.22,10.07,0.89,5.81,1.83,269
5/18/2015 8:00,34471.34,16.11,7.78,0.45,4.54,1.47,211
5/18/2015 9:00,34471.38,18.33,8.53,0.89,5.65,1.1,270
5/18/2015 10:00,34471.42,18.89,7.88,0.89,4.5,0.73,391
5/18/2015 11:00,34471.46,22.78,8.8,0.45,2.53,0.37,620
5/18/2015 12:00,34471.5,24.44,7.96,1.34,4.12,0,935
5/18/2015 13:00,34471.55,25,7.14,0.45,4.45,0,911
5/18/2015 14:00,34471.59,27.22,7.65,0.89,4.4,0,890
5/18/2015 15:00,34471.63,26.67,5.59,2.24,4.5,0,779
5/18/2015 16:00,34471.67,27.22,4.92,1.79,4.96,0,620
5/18/2015 17:00,34471.71,25.56,4.08,0.89,5.1,0,436
5/18/2015 18:00,34471.76,23.89,3.73,1.79,4.43,0,213
5/18/2015 19:00,34471.8,21.67,3.76,0.45,5.22,0,53
5/18/2015 20:00,34471.84,20,4.81,0.45,4.57,0,9
5/18/2015 21:00,34471.88,16.67,5.23,1.34,4.42,0,8
5/18/2015 22:00,34471.92,15,5.7,0.89,5.18,0,8
5/18/2015 23:00,34471.97,16.11,6.18,0.45,0.99,4.77,8
5/19/2015 0:00,34472,13.33,6.14,0.45,2.5,0,8
5/19/2015 1:00,34472.04,12.22,6,0.45,5.78,0,8
5/19/2015 2:00,34472.08,10.56,5.05,0.45,4.24,0,8
5/19/2015 3:00,34472.13,10,5.13,0.45,4.59,0,8
5/19/2015 4:00,34472.17,8.89,4.65,1.34,4.59,0,8
5/19/2015 5:00,34472.21,10,6.11,0.89,4.05,0,10
5/19/2015 6:00,34472.25,11.11,6.8,0.89,4.33,0,84
5/19/2015 7:00,34472.29,14.44,8.78,1.34,4.64,0,265
5/19/2015 8:00,34472.34,18.89,10.4,1.34,4.35,0,462
5/19/2015 9:00,34472.38,20,8.91,2.24,3.84,0,639
5/19/2015 10:00,34472.42,23.89,10.52,0.89,4.78,0,788
5/19/2015 11:00,34472.46,23.33,8.57,2.24,1.03,0,890
5/19/2015 12:00,34472.5,25,8.03,0.89,3.28,0,940
5/19/2015 13:00,34472.55,26.11,7.18,0.45,3.12,0,937
5/19/2015 14:00,34472.59,27.78,7.09,1.34,4.85,0,880
5/19/2015 15:00,34472.63,27.78,7.09,1.34,4.22,0,760
5/19/2015 16:00,34472.67,26.67,5.59,0.89,4.73,0,599
5/19/2015 17:00,34472.71,26.11,5.11,0.89,4.66,0,414
5/19/2015 18:00,34472.76,23.89,4.25,0.45,1.33,0,162
5/19/2015 19:00,34472.8,21.11,3.72,0.45,0.59,0,27
5/19/2015 20:00,34472.84,20.56,4.51,0.45,2.41,0,9
5/19/2015 21:00,34472.88,18.89,5.63,0.45,5.97,0,8
5/19/2015 22:00,34472.92,16.11,5.32,0.89,4.42,0,8
5/19/2015 23:00,34472.97,13.89,5.69,1.79,4.99,0,8
5/20/2015 0:00,34473,13.89,5.94,0.45,4.71,0,8
5/20/2015 1:00,34473.04,12.78,5.61,0.45,4.75,0,8
5/20/2015 2:00,34473.08,13.33,6.37,0.89,4.01,0,8
5/20/2015 3:00,34473.13,12.22,5.77,0.45,5.1,0,8
5/20/2015 4:00,34473.17,11.11,5.58,0.45,4.54,0,8
5/20/2015 5:00,34473.21,10.56,5.46,0.89,4.5,0,9
5/20/2015 6:00,34473.25,12.22,7.07,0.89,4.05,0,55
5/20/2015 7:00,34473.29,15,8.19,0.89,4.54,0,251
5/20/2015 8:00,34473.34,18.33,9.08,1.79,4.64,0,409
5/20/2015 9:00,34473.38,19.44,8.7,1.79,3.79,0,401
5/20/2015 10:00,34473.42,22.78,9.85,1.34,3.96,0,631
5/20/2015 11:00,34473.46,25,8.88,0.45,2.13,0,925
5/20/2015 12:00,34473.5,26.67,7.17,1.34,4.54,0,934
5/20/2015 13:00,34473.55,28.33,7.57,0.89,4.66,0,940
5/20/2015 14:00,34473.59,29.44,6.82,0.45,4.52,0,894
5/20/2015 15:00,34473.63,29.44,6.2,0.89,4.5,0.23,773
5/20/2015 16:00,34473.67,29.44,5.56,0.89,4.45,0.47,613
5/20/2015 17:00,34473.71,28.33,4.62,0.89,4.49,0.7,427
5/20/2015 18:00,34473.76,26.11,3.97,0.89,4.5,0.94,169
5/20/2015 19:00,34473.8,22.22,4.25,0.45,1.13,1.17,27
5/20/2015 20:00,34473.84,19.44,5.43,0.89,5.22,1.41,8
5/20/2015 21:00,34473.88,18.33,6.76,0.45,4.83,1.64,8
5/20/2015 22:00,34473.92,16.67,6.41,1.79,4.85,1.88,8
5/20/2015 23:00,34473.97,15,6.23,0.89,4.29,0,8
5/21/2015 0:00,34474,14.44,6.47,1.34,5.81,2.34,8
5/21/2015 1:00,34474.04,13.89,6.67,1.34,4.76,2.58,8
5/21/2015 2:00,34474.08,12.78,6.3,0.89,5.62,2.81,8
5/21/2015 3:00,34474.13,12.78,6.75,0,0.93,3.05,8
5/21/2015 4:00,34474.17,12.22,6.65,0.45,3.58,3.28,8
5/21/2015 5:00,34474.21,11.67,6.53,0.45,4.42,3.52,9
5/21/2015 6:00,34474.25,13.33,8.34,0,1.33,3.75,49
5/21/2015 7:00,34474.29,14.44,7.89,0.89,4.03,3.99,120
5/21/2015 8:00,34474.34,17.78,9.86,0.45,5.55,4.22,303
5/21/2015 9:00,34474.38,17.78,8.83,0.45,3.8,4.45,306
5/21/2015 10:00,34474.42,18.89,8.76,0.89,4.78,4.69,336
5/21/2015 11:00,34474.46,21.67,8.84,1.34,4.47,4.92,664
5/21/2015 12:00,34474.5,22.78,8.8,1.34,4.5,5.16,765
5/21/2015 13:00,34474.55,22.22,8.3,1.34,4.14,6.79,613
5/21/2015 14:00,34474.59,21.11,8,0.89,4.57,10,249
5/21/2015 15:00,34474.63,20,7.97,0.45,4.22,9.96,134
5/21/2015 16:00,34474.67,20,7.97,0.89,0.79,9.91,124
5/21/2015 17:00,34474.71,21.11,8.67,1.34,4.15,9.87,166
5/21/2015 18:00,34474.76,19.44,7.14,0.45,3.42,9.83,88
5/21/2015 19:00,34474.8,18.89,7.58,0,5.62,9.79,27
5/21/2015 20:00,34474.84,18.33,7.67,0.45,0.61,9.74,8
5/21/2015 21:00,34474.88,17.78,7.45,0,1.4,9.7,8
5/21/2015 22:00,34474.92,16.67,6.98,0.45,4.82,9.66,8
5/21/2015 23:00,34474.97,15,5.96,0.89,3.72,2.11,8
5/22/2015 0:00,34475,15.56,7.26,0.89,4.94,9.57,8
5/22/2015 1:00,34475.04,15.56,8.01,0.89,5.59,9.53,8
5/22/2015 2:00,34475.08,15,7.96,0.45,4.61,9.49,8
5/22/2015 3:00,34475.13,13.89,7.36,0.45,4.49,9.44,8
5/22/2015 4:00,34475.17,15.56,8.01,0.89,5.69,9.4,8
5/22/2015 5:00,34475.21,15.56,7.76,1.34,5.65,9.36,8
5/22/2015 6:00,34475.25,13.89,6.9,0.45,5.29,9.32,19
5/22/2015 7:00,34475.29,15,7.96,1.34,5.64,9.27,57
5/22/2015 8:00,34475.34,16.11,8.77,2.24,5.64,9.23,78
5/22/2015 9:00,34475.38,17.22,8.57,0.89,5.62,9.19,152
5/22/2015 10:00,34475.42,18.89,8.48,1.34,5.83,9.14,303
5/22/2015 11:00,34475.46,20,8.6,0.45,3.79,9.1,326
5/22/2015 12:00,34475.5,21.67,8.84,0.45,6.02,9.06,432
5/22/2015 13:00,34475.55,22.78,8.44,0.45,4.61,7.25,577
5/22/2015 14:00,34475.59,21.67,7.07,0,3.37,9.09,359
5/22/2015 15:00,34475.63,22.78,6.89,0.45,4.17,8.67,370
5/22/2015 16:00,34475.67,23.33,6.98,0.45,4.52,8.26,301
5/22/2015 17:00,34475.71,22.22,7.18,0.89,2.79,7.85,136
5/22/2015 18:00,34475.76,21.11,6.57,0.45,2.27,7.44,108
5/22/2015 19:00,34475.8,19.44,6.14,0.45,4.76,7.02,39
5/22/2015 20:00,34475.84,19.44,7.47,0.45,3.67,6.61,9
5/22/2015 21:00,34475.88,18.33,7.37,0.45,2.93,6.2,8
5/22/2015 22:00,34475.92,17.78,7.73,0.45,4.15,5.78,8
5/22/2015 23:00,34475.97,16.11,7.78,0.45,4.33,9.61,8
5/23/2015 0:00,34476,15,7.72,0.45,4.4,4.96,8
5/23/2015 1:00,34476.04,14.44,7.89,0,3.18,4.54,8
5/23/2015 2:00,34476.08,13.89,7.59,0.45,4.61,4.13,8
5/23/2015 3:00,34476.13,13.89,8.03,1.34,4.63,3.72,8
5/23/2015 4:00,34476.17,13.89,8.25,0.89,1.57,3.3,8
5/23/2015 5:00,34476.21,12.78,7.6,0.89,4.5,2.89,10
5/23/2015 6:00,34476.25,14.44,8.99,0.45,6.2,2.48,56
5/23/2015 7:00,34476.29,15.56,9.18,0.45,2.91,2.07,121
5/23/2015 8:00,34476.34,18.89,11.16,0.45,4.8,1.65,229
5/23/2015 9:00,34476.38,23.89,13.41,0.89,6,1.24,621
5/23/2015 10:00,34476.42,23.89,11.21,0.45,4.56,0.83,673
5/23/2015 11:00,34476.46,25.56,10.57,0.89,4.35,0.41,827
5/23/2015 12:00,34476.5,26.11,9.87,0.45,4.29,0,962
5/23/2015 13:00,34476.55,26.67,9.51,2.24,4.54,0,975
5/23/2015 14:00,34476.59,27.78,9.59,0.89,3.51,0,876
5/23/2015 15:00,34476.63,28.33,9.61,0.45,3.84,0,798
5/23/2015 16:00,34476.67,28.33,9.12,0.89,4.71,0,603
5/23/2015 17:00,34476.71,25,8.46,0.89,4.76,0,216
5/23/2015 18:00,34476.76,24.44,7.96,1.34,4.8,0,182
5/23/2015 19:00,34476.8,21.67,7.07,1.34,5.79,0,31
5/23/2015 20:00,34476.84,19.44,7.78,2.68,5.74,0,9
5/23/2015 21:00,34476.88,17.78,8.01,0.89,4.52,0,8
5/23/2015 22:00,34476.92,16.11,7.53,0.89,4.78,0,8
5/23/2015 23:00,34476.97,16.11,7.27,0.45,4.05,5.37,8
5/24/2015 0:00,34477,13.33,6.83,0.89,4.24,0,8
5/24/2015 1:00,34477.04,12.22,6.65,0.89,4.35,0,8
5/24/2015 2:00,34477.08,12.22,6.86,0.45,4.19,0,8
5/24/2015 3:00,34477.13,12.22,7.48,0.89,4.12,0,8
5/24/2015 4:00,34477.17,12.22,7.88,1.34,2.32,0,8
5/24/2015 5:00,34477.21,12.22,8.07,0.89,2.72,0,10
5/24/2015 6:00,34477.25,15.56,10.28,1.79,0.65,0,91
5/24/2015 7:00,34477.29,18.89,11.16,0.89,4.22,0,268
5/24/2015 8:00,34477.34,20,11.18,1.34,4.21,0,460
5/24/2015 9:00,34477.38,20.56,10.6,1.79,4.03,0,639
5/24/2015 10:00,34477.42,22.22,10.65,1.34,4.96,0,784
5/24/2015 11:00,34477.46,25.56,10.95,0.45,3.58,0,884
5/24/2015 12:00,34477.5,27.22,11.27,0.89,4.57,0,932
5/24/2015 13:00,34477.55,27.78,10.05,1.34,2.08,0,930
5/24/2015 14:00,34477.59,29.44,10.09,1.79,4.71,0,876
5/24/2015 15:00,34477.63,30.56,10.56,1.34,5.18,0.03,770
5/24/2015 16:00,34477.67,30.56,10.56,1.79,3.61,0.05,616
5/24/2015 17:00,34477.71,28.89,10.1,0.45,4.61,0.08,418
5/24/2015 18:00,34477.76,27.22,9.56,0.89,4.56,0.1,169
5/24/2015 19:00,34477.8,24.44,8.78,0.45,4.49,0.13,31
5/24/2015 20:00,34477.84,23.33,8.94,0.45,3.53,0.16,9
5/24/2015 21:00,34477.88,22.22,8.3,0.89,4.64,0.18,8
5/24/2015 22:00,34477.92,21.11,8,0.45,4.57,0.21,8
5/24/2015 23:00,34477.97,15,7.48,0.89,4.96,0,8
5/25/2015 0:00,34478,16.67,7.79,0.89,4.52,0.26,8
5/25/2015 1:00,34478.04,16.11,8.53,0.89,0.37,0.29,8
5/25/2015 2:00,34478.08,18.33,10.38,1.34,1.22,0.31,8
5/25/2015 3:00,34478.13,16.67,8.56,1.34,4.4,0.34,8
5/25/2015 4:00,34478.17,13.89,7.59,0.89,4.31,0.37,8
5/25/2015 5:00,34478.21,13.89,8.25,0.89,0.59,0.39,11
5/25/2015 6:00,34478.25,15,9.09,1.34,4.56,0.42,84
5/25/2015 7:00,34478.29,18.89,10.91,1.34,4.71,0.45,256
5/25/2015 8:00,34478.34,24.44,13.32,0.89,6.23,0.47,450
5/25/2015 9:00,34478.38,25.56,11.68,1.79,3.37,0.5,628
5/25/2015 10:00,34478.42,27.78,12.17,0.89,3.8,0.52,775
5/25/2015 11:00,34478.46,28.89,11.48,1.34,4.59,0.55,879
5/25/2015 12:00,34478.5,30.56,11.06,0.45,4.36,0.58,926
5/25/2015 13:00,34478.55,31.11,10.52,0.45,5.99,0,922
5/25/2015 14:00,34478.59,32.78,10.26,0.89,4.08,0,867
5/25/2015 15:00,34478.63,33.33,10.74,0.45,5.36,0,759
5/25/2015 16:00,34478.67,33.33,10.74,0.45,4.5,0,604
5/25/2015 17:00,34478.71,31.67,8.71,0.89,1.64,0,426
5/25/2015 18:00,34478.76,29.44,7.98,0.89,3.91,0,168
5/25/2015 19:00,34478.8,26.11,7.18,0.89,4.35,0,28
5/25/2015 20:00,34478.84,23.33,6.12,1.34,5.08,0,9
5/25/2015 21:00,34478.88,22.22,7.57,0.45,1.45,0,8
5/25/2015 22:00,34478.92,20.56,9.12,0.89,4.59,0,8
5/25/2015 23:00,34478.97,18.89,7.88,0.45,4.71,0.24,8
5/26/2015 0:00,34479,17.78,8.83,0.89,5.65,0,8
5/26/2015 1:00,34479.04,15.56,8.48,0.45,1.45,0,8
5/26/2015 2:00,34479.08,13.89,7.81,0.45,6,0,8
5/26/2015 3:00,34479.13,13.33,7.71,0.89,4.82,0,8
5/26/2015 4:00,34479.17,12.78,7.81,0.89,3.91,0,8
5/26/2015 5:00,34479.21,12.78,8.01,0.45,4.01,0,10
5/26/2015 6:00,34479.25,13.89,8.46,0.45,4.69,0,81
5/26/2015 7:00,34479.29,16.67,9.54,0.45,4.71,0,255
5/26/2015 8:00,34479.34,20,11.44,0.45,4.29,0,450
5/26/2015 9:00,34479.38,22.22,11.57,0.45,4.17,0,629
5/26/2015 10:00,34479.42,24.44,11.72,0.45,1.68,0,781
5/26/2015 11:00,34479.46,26.67,11.57,0.45,4.03,0,885
5/26/2015 12:00,34479.5,28.89,10.57,1.34,4.5,0,938
5/26/2015 13:00,34479.55,28.89,9.11,1.79,4.63,0,935
5/26/2015 14:00,34479.59,31.11,9.42,1.34,4.66,0,881
5/26/2015 15:00,34479.63,32.22,9.19,0.45,5.57,0,772
5/26/2015 16:00,34479.67,31.11,8.24,0.45,1.88,0,617
5/26/2015 17:00,34479.71,31.11,8.84,1.34,5.04,0,432
5/26/2015 18:00,34479.76,28.89,8.05,0.89,4.73,0,170
5/26/2015 19:00,34479.8,26.11,7.18,1.34,5.57,0,28
5/26/2015 20:00,34479.84,23.33,6.98,0.45,5.79,0,9
5/26/2015 21:00,34479.88,22.22,7.57,0.45,5.04,0,8
5/26/2015 22:00,34479.92,20,7.32,0.89,4.24,0,7
5/26/2015 23:00,34479.97,19.44,9.56,0.89,5.22,0,8
5/27/2015 0:00,34480,17.22,8.83,0.45,5.6,0,8
5/27/2015 1:00,34480.04,15.56,7.76,0.89,4.19,0,8
5/27/2015 2:00,34480.08,15.56,8.25,0.89,4.73,0,8
5/27/2015 3:00,34480.13,13.33,7.06,0.89,4.36,0,8
5/27/2015 4:00,34480.17,12.78,7.18,1.34,4.24,0,8
5/27/2015 5:00,34480.21,13.33,7.93,0.45,5.53,0,10
5/27/2015 6:00,34480.25,15.56,8.72,1.34,4.36,0,95
5/27/2015 7:00,34480.29,17.78,10.11,0.45,4.87,0,273
5/27/2015 8:00,34480.34,21.67,11.35,1.79,3.53,0,471
5/27/2015 9:00,34480.38,23.89,10.87,0.89,4.05,0,653
5/27/2015 10:00,34480.42,26.11,10.67,0.89,3.74,0,802
5/27/2015 11:00,34480.46,28.33,10.08,1.79,4.28,0,904
5/27/2015 12:00,34480.5,30.56,8.94,0.89,4.24,0,950
5/27/2015 13:00,34480.55,31.11,6.97,0.45,1.48,0,948
5/27/2015 14:00,34480.59,32.78,6.25,0.89,4.49,0,896
5/27/2015 15:00,34480.63,33.33,5.12,0.89,4.12,0.17,787
5/27/2015 16:00,34480.67,34.44,5.17,0.89,6.25,0.35,632
5/27/2015 17:00,34480.71,31.67,2,1.79,4.38,0.52,446
5/27/2015 18:00,34480.76,30,0.65,0.89,4.47,0.69,185
5/27/2015 19:00,34480.8,27.22,3.03,0.45,4.83,0.87,27
5/27/2015 20:00,34480.84,23.89,2.65,0.45,5.18,1.04,9
5/27/2015 21:00,34480.88,23.33,6.12,0.45,4.85,1.21,7
5/27/2015 22:00,34480.92,21.67,7.44,0.45,6.09,1.39,7
5/27/2015 23:00,34480.97,17.78,8.29,0.45,4.64,0,7
5/28/2015 0:00,34481,18.89,8.18,0.89,1.38,1.73,7
5/28/2015 1:00,34481.04,18.89,6.63,0.89,1.88,1.91,7
5/28/2015 2:00,34481.08,17.22,6.35,1.34,1.95,2.08,7
5/28/2015 3:00,34481.13,18.33,6.76,1.34,2.22,2.25,7
5/28/2015 4:00,34481.17,14.44,5.71,0.89,4.64,2.43,7
5/28/2015 5:00,34481.21,14.44,6.71,1.34,1.24,2.6,10
5/28/2015 6:00,34481.25,17.78,8.01,1.79,1.52,2.77,102
5/28/2015 7:00,34481.29,20.56,8.8,1.34,4.63,2.95,281
5/28/2015 8:00,34481.34,25,10.82,0.89,5.08,3.12,477
5/28/2015 9:00,34481.38,26.67,8.15,0.45,4.94,3.29,654
5/28/2015 10:00,34481.42,30,9.55,0.89,3.6,3.47,810
5/28/2015 11:00,34481.46,31.11,8.84,0.89,2.53,3.64,897
5/28/2015 12:00,34481.5,31.11,7.62,1.34,4.31,3.81,842
5/28/2015 13:00,34481.55,31.67,7.44,0.45,4.9,4.63,758
5/28/2015 14:00,34481.59,31.67,7.44,1.34,4.4,7.25,514
5/28/2015 15:00,34481.63,31.67,6.06,0.89,4,6.92,610
5/28/2015 16:00,34481.67,35.56,7.77,0.89,4.78,6.59,523
5/28/2015 17:00,34481.71,33.89,5.58,0.45,4.56,6.26,460
5/28/2015 18:00,34481.76,31.11,5.6,0.89,4.29,5.93,184
5/28/2015 19:00,34481.8,27.78,7.09,0.45,4.14,5.6,25
5/28/2015 20:00,34481.84,25,7.14,0.89,5.03,5.27,8
5/28/2015 21:00,34481.88,23.89,7.88,0.45,4.59,4.94,7
5/28/2015 22:00,34481.92,21.67,7.07,0.45,5.64,4.61,7
5/28/2015 23:00,34481.97,19.44,7.14,0.45,4.49,1.56,7
5/29/2015 0:00,34482,20.56,6.43,1.79,1.73,3.95,7
5/29/2015 1:00,34482.04,20,6.64,1.79,1.64,3.62,7
5/29/2015 2:00,34482.08,20.56,7.14,2.24,1.87,3.29,7
5/29/2015 3:00,34482.13,18.33,6.13,0.89,4.26,2.96,7
5/29/2015 4:00,34482.17,18.33,6.76,0.45,4.63,2.63,7
5/29/2015 5:00,34482.21,18.33,7.96,0.89,2.29,2.31,10
5/29/2015 6:00,34482.25,19.44,8.4,1.79,1.26,1.98,101
5/29/2015 7:00,34482.29,23.89,10.17,0.89,6.13,1.65,283
5/29/2015 8:00,34482.34,27.22,10,0.89,4.01,1.32,471
5/29/2015 9:00,34482.38,29.44,10.58,1.34,3.32,0.99,653
5/29/2015 10:00,34482.42,31.11,10.52,0.89,2.97,0.66,798
5/29/2015 11:00,34482.46,32.22,9.19,0.89,3.65,0.33,897
5/29/2015 12:00,34482.5,34.44,8.38,0.45,4.49,0,934
5/29/2015 13:00,34482.55,35.56,8.56,1.34,4.61,0,932
5/29/2015 14:00,34482.59,36.11,7.4,0.45,4.63,0,872
5/29/2015 15:00,34482.63,37.78,6.95,0.89,4.5,0.14,763
5/29/2015 16:00,34482.67,36.67,4.03,0.89,0.93,0.28,527
5/29/2015 17:00,34482.71,33.89,1.81,0.89,4.87,0.42,415
5/29/2015 18:00,34482.76,32.22,2.45,0.89,5.53,0.56,149
5/29/2015 19:00,34482.8,30.56,0.16,0.45,0.52,0.7,59
5/29/2015 20:00,34482.84,28.33,-1.63,0.89,4.45,0.84,8
5/29/2015 21:00,34482.88,26.11,-2.5,0.89,5.01,0.98,6
5/29/2015 22:00,34482.92,23.89,1.48,0.45,0.05,1.12,6
5/29/2015 23:00,34482.97,22.22,9.01,1.34,1.82,4.28,7
5/30/2015 0:00,34483,23.33,2.72,1.34,1.26,1.4,6
5/30/2015 1:00,34483.04,22.78,4.73,0.45,5.76,1.54,6
5/30/2015 2:00,34483.08,22.22,5.57,3.13,1.54,1.67,6
5/30/2015 3:00,34483.13,22.78,6.06,2.24,1.64,1.81,6
5/30/2015 4:00,34483.17,21.11,5,1.34,1.69,1.95,6
5/30/2015 5:00,34483.21,20.56,5.3,1.34,1.4,2.09,10
5/30/2015 6:00,34483.25,22.78,7.68,1.34,1.15,2.23,81
5/30/2015 7:00,34483.29,24.44,6.66,0.89,4.64,2.37,277
5/30/2015 8:00,34483.34,30.56,7.76,0.89,4.17,2.51,453
5/30/2015 9:00,34483.38,30.56,6.5,0.89,4.28,2.65,594
5/30/2015 10:00,34483.42,32.78,8.38,1.34,3.72,2.79,797
5/30/2015 11:00,34483.46,34.44,9.79,0.45,4.12,2.93,834
5/30/2015 12:00,34483.5,36.11,8.23,1.79,4.43,3.07,874
5/30/2015 13:00,34483.55,38.89,7.85,1.34,4,0,914
5/30/2015 14:00,34483.59,36.67,6.05,0.89,4.36,0,812
5/30/2015 15:00,34483.63,40,6.68,0.45,3.23,0,758
5/30/2015 16:00,34483.67,40,5.54,0.45,2.72,0,645
5/30/2015 17:00,34483.71,38.33,4.23,0.45,4.29,0,456
5/30/2015 18:00,34483.76,35.56,5.15,0.45,4.83,0,191
5/30/2015 19:00,34483.8,31.67,4.56,0,4.56,0,23
5/30/2015 20:00,34483.84,30,6.03,0.45,4.83,0,7
5/30/2015 21:00,34483.88,27.78,4.15,0.45,4.63,0,5
5/30/2015 22:00,34483.92,25.56,5.17,0.45,5.17,0,6
5/30/2015 23:00,34483.97,24.44,1.96,2.24,1.66,1.26,6
5/31/2015 0:00,34484,22.78,6.89,1.34,2.08,0,6
5/31/2015 1:00,34484.04,21.11,6.19,0.45,0.38,0,6
5/31/2015 2:00,34484.08,20,5.93,1.79,1.62,0,6
5/31/2015 3:00,34484.13,22.22,7.18,0.89,1.92,0,6
5/31/2015 4:00,34484.17,18.33,5.8,0.89,4.99,0,6
5/31/2015 5:00,34484.21,19.44,8.4,2.24,1.26,0,8
5/31/2015 6:00,34484.25,19.44,7.47,1.34,4.21,0,101
5/31/2015 7:00,34484.29,23.89,9.44,1.34,1.24,0,277
5/31/2015 8:00,34484.34,30,12.01,0.89,3.74,0,470
5/31/2015 9:00,34484.38,30.56,8.94,2.24,3.7,0,651
5/31/2015 10:00,34484.42,31.11,9.97,2.68,4.22,0,796
5/31/2015 11:00,34484.46,32.78,9.03,0.89,4.92,0,896
5/31/2015 12:00,34484.5,35,6.49,0.45,3.84,0,948
5/31/2015 13:00,34484.55,37.78,6.95,0.45,2.16,0,939
5/31/2015 14:00,34484.59,37.78,6.95,0.89,1.41,0,795
5/31/2015 15:00,34484.63,40,6.68,1.34,5.55,0,801
5/31/2015 16:00,34484.67,37.22,6.5,1.34,4.36,0,623
5/31/2015 17:00,34484.71,33.89,7.18,4.47,5.83,0,423
5/31/2015 18:00,34484.76,28.33,4.62,2.68,5.52,0,136
5/31/2015 19:00,34484.8,27.22,3.69,0.89,5.32,0,34
5/31/2015 20:00,34484.84,24.44,3.68,0.89,4.82,0,8
5/31/2015 21:00,34484.88,22.22,2.8,0.45,3.61,0,6
5/31/2015 22:00,34484.92,20,3.18,0.45,5.92,0,6
5/31/2015 23:00,34484.97,23.33,5.68,0.89,4.19,0,6
6/1/2015 0:00,34485,16.11,5.02,1.34,3.77,0,6
6/1/2015 1:00,34485.04,15.56,4.81,0.89,4.43,0,6
6/1/2015 2:00,34485.08,14.44,4.63,1.79,5.03,0,6
6/1/2015 3:00,34485.13,13.33,4.66,1.34,5.17,0,6
6/1/2015 4:00,34485.17,12.78,4.4,0.45,5.38,0,6
6/1/2015 5:00,34485.21,12.78,4.4,1.34,4.24,0,9
6/1/2015 6:00,34485.25,12.78,4.65,0.89,4.63,0,101
6/1/2015 7:00,34485.29,16.67,6.41,0.89,4.1,0,285
6/1/2015 8:00,34485.34,20,7.32,0.89,4.14,0,480
6/1/2015 9:00,34485.38,23.89,7.47,0.45,3.02,0,661
6/1/2015 10:00,34485.42,26.11,6.69,0.89,4.56,0,811
6/1/2015 11:00,34485.46,27.22,6.07,1.79,4.5,0,912
6/1/2015 12:00,34485.5,28.89,6.34,1.79,4.5,0,958
6/1/2015 13:00,34485.55,30.56,5.83,1.79,3.89,0,956
6/1/2015 14:00,34485.59,31.67,5.33,1.34,4.96,0,908
6/1/2015 15:00,34485.63,32.22,5.79,0.89,4.82,0,790
6/1/2015 16:00,34485.67,33.33,6.71,1.34,4.21,0,633
6/1/2015 17:00,34485.71,32.78,9.03,0.45,5.53,0,447
6/1/2015 18:00,34485.76,28.89,8.05,0.45,4.42,0,196
6/1/2015 19:00,34485.8,25.56,8.09,0.89,5.31,0,26
6/1/2015 20:00,34485.84,23.89,7.88,0.89,5.69,0,8
6/1/2015 21:00,34485.88,22.78,7.29,0.45,0.44,0,6
6/1/2015 22:00,34485.92,20.56,8.8,1.34,4.31,0,6
6/1/2015 23:00,34485.97,17.22,4.46,1.34,4.68,0,6
6/2/2015 0:00,34486,17.22,8.57,1.79,4.17,0,6
6/2/2015 1:00,34486.04,17.22,9.83,0.89,4.08,0,6
6/2/2015 2:00,34486.08,15.56,9.18,0.89,4.49,0,6
6/2/2015 3:00,34486.13,15.56,9.84,0.45,4.71,0,6
6/2/2015 4:00,34486.17,13.89,8.88,0.89,5.6,0,6
6/2/2015 5:00,34486.21,14.44,9.83,0.45,0.35,0,10
6/2/2015 6:00,34486.25,16.11,10.6,0.89,3.77,0,104
6/2/2015 7:00,34486.29,20,12.7,0.45,4.12,0,281
6/2/2015 8:00,34486.34,22.78,13.24,0.89,4.08,0,472
6/2/2015 9:00,34486.38,24.44,12.05,0.89,4.19,0,651
6/2/2015 10:00,34486.42,26.67,11.57,1.79,4.31,0,799
6/2/2015 11:00,34486.46,28.33,10.99,1.34,4.49,0,900
6/2/2015 12:00,34486.5,30,11.07,1.34,4.47,0,947
6/2/2015 13:00,34486.55,30,10.58,0.89,2.88,0,946
6/2/2015 14:00,34486.59,31.11,10.52,1.34,4.49,0,888
6/2/2015 15:00,34486.63,32.22,10.37,0.45,1.2,0,779
6/2/2015 16:00,34486.67,31.67,9.31,0.89,4.9,0,626
6/2/2015 17:00,34486.71,30,6.67,1.79,4.38,0,445
6/2/2015 18:00,34486.76,29.44,5.56,1.34,5.27,0,195
6/2/2015 19:00,34486.8,26.11,6.69,0.89,5.08,0,26
6/2/2015 20:00,34486.84,23.89,6.61,0.45,3.32,0,8
6/2/2015 21:00,34486.88,23.33,8.18,1.34,5.76,0,6
6/2/2015 22:00,34486.92,22.22,8.3,0.45,4.15,0,6
6/2/2015 23:00,34486.97,18.33,8.53,1.79,4.97,0,6
6/3/2015 0:00,34487,18.89,8.48,0.45,4.14,0,6
6/3/2015 1:00,34487.04,18.89,8.76,0.45,4.78,0,6
6/3/2015 2:00,34487.08,16.67,7.79,0.89,4.76,0,6
6/3/2015 3:00,34487.13,16.11,8.04,0.45,4.12,0,6
6/3/2015 4:00,34487.17,15,7.48,1.34,2.39,0,6
6/3/2015 5:00,34487.21,16.11,8.53,0.89,4.49,0,9
6/3/2015 6:00,34487.25,16.67,9.54,0.45,5.85,0,73
6/3/2015 7:00,34487.29,21.11,10.54,0.89,1.22,0,283
6/3/2015 8:00,34487.34,24.44,11.72,1.34,4.01,0,478
6/3/2015 9:00,34487.38,26.11,9.45,2.24,4.59,0,661
6/3/2015 10:00,34487.42,27.78,8.14,0.89,3.84,0,810
6/3/2015 11:00,34487.46,28.89,7.5,0.89,4.56,0,903
6/3/2015 12:00,34487.5,30,5.36,1.34,4.36,0,962
6/3/2015 13:00,34487.55,31.67,5.33,0.89,4.42,0,961
6/3/2015 14:00,34487.59,31.67,2.9,1.34,4.57,0,910
6/3/2015 15:00,34487.63,30.56,2.84,0.89,4.68,0,561
6/3/2015 16:00,34487.67,31.11,4.1,0.45,6.28,0,515
6/3/2015 17:00,34487.71,27.78,2.1,0.45,5.9,0,343
6/3/2015 18:00,34487.76,27.22,5.5,0.89,4.49,0,114
6/3/2015 19:00,34487.8,23.33,6.98,0.89,5.11,0,45
6/3/2015 20:00,34487.84,20.56,7.49,0.45,4.35,0,7
6/3/2015 21:00,34487.88,19.44,7.78,0.89,4.35,0,6
6/3/2015 22:00,34487.92,17.22,7.21,1.34,4.26,0,7
6/3/2015 23:00,34487.97,19.44,7.47,0.45,5.72,0,6
6/4/2015 0:00,34488,15,7.24,0.45,4.49,0,7
6/4/2015 1:00,34488.04,14.44,7.19,0.89,4.43,0,7
6/4/2015 2:00,34488.08,13.89,7.36,1.34,4.4,0,7
6/4/2015 3:00,34488.13,13.89,8.03,0.89,5.15,0,7
6/4/2015 4:00,34488.17,12.78,7.6,0.45,4.42,0,7
6/4/2015 5:00,34488.21,12.22,7.68,0.45,4.35,0,9
6/4/2015 6:00,34488.25,13.89,8.67,0.45,4.35,0,85
6/4/2015 7:00,34488.29,17.22,9.83,1.34,4.38,0,274
6/4/2015 8:00,34488.34,20,10.91,1.34,4.33,0,466
6/4/2015 9:00,34488.38,22.22,10.33,0.89,4.24,0,644
6/4/2015 10:00,34488.42,23.89,9.81,0.89,4.07,0,793
6/4/2015 11:00,34488.46,27.22,9.56,0.45,4,0,899
6/4/2015 12:00,34488.5,26.11,6.69,0.45,4.54,0,947
6/4/2015 13:00,34488.55,28.89,7.5,0.89,5.2,0,946
6/4/2015 14:00,34488.59,29.44,6.2,1.34,5.18,0,896
6/4/2015 15:00,34488.63,30,6.03,0.89,4.45,0,791
6/4/2015 16:00,34488.67,30,5.36,0.89,4.31,0,640
6/4/2015 17:00,34488.71,30,4.67,1.34,4.33,0,458
6/4/2015 18:00,34488.76,27.78,3.5,0.45,4.68,0,195
6/4/2015 19:00,34488.8,24.44,4.21,0.89,4.28,0,35
6/4/2015 20:00,34488.84,23.33,5.68,0.45,4.89,0,10
6/4/2015 21:00,34488.88,22.22,6.4,0.45,4.63,0,7
6/4/2015 22:00,34488.92,22.22,5.99,0.45,5.69,0,7
6/4/2015 23:00,34488.97,16.11,7.53,0.45,4.57,0,6
6/5/2015 0:00,34489,18.89,7.27,0.45,4.64,0,7
6/5/2015 1:00,34489.04,17.78,6.56,0.45,4.5,0,7
6/5/2015 2:00,34489.08,16.11,7.27,0.45,4.03,0,7
6/5/2015 3:00,34489.13,16.11,6.73,0.89,0.02,0,7
6/5/2015 4:00,34489.17,15.56,7.51,0.45,2.9,0,7
6/5/2015 5:00,34489.21,15,6.99,0.45,1.73,0,10
6/5/2015 6:00,34489.25,17.78,8.83,1.79,2.43,0,95
6/5/2015 7:00,34489.29,22.78,11.16,1.34,2.58,0,269
6/5/2015 8:00,34489.34,22.78,8.44,0.89,4.26,0,461
6/5/2015 9:00,34489.38,25,8.88,0.89,3.91,0,637
6/5/2015 10:00,34489.42,28.33,9.61,2.68,3.7,0,784
6/5/2015 11:00,34489.46,28.89,9.61,0.89,1.15,0,888
6/5/2015 12:00,34489.5,29.44,8.53,1.34,4.12,0,956
6/5/2015 13:00,34489.55,30,7.88,1.79,4.78,0,904
6/5/2015 14:00,34489.59,33.89,11.22,1.34,4.83,3.23,732
6/5/2015 15:00,34489.63,31.67,9.89,0.89,5.06,3.26,615
6/5/2015 16:00,34489.67,31.11,9.97,1.79,0.3,3.28,488
6/5/2015 17:00,34489.71,29.44,8.53,2.24,0.87,3.31,277
6/5/2015 18:00,34489.76,26.11,5.65,1.34,2.91,3.34,40
6/5/2015 19:00,34489.8,24.44,7.54,3.58,1.15,3.36,43
6/5/2015 20:00,34489.84,25,8.88,2.68,1.19,3.39,9
6/5/2015 21:00,34489.88,23.33,8.18,2.24,1.43,3.41,7
6/5/2015 22:00,34489.92,22.78,8.07,2.68,0.84,3.44,7
6/5/2015 23:00,34489.97,18.89,5.28,1.34,4.54,0,7
6/6/2015 0:00,34490,21.67,9.17,1.79,1.22,3.49,7
6/6/2015 1:00,34490.04,20.56,8.16,0.89,1.82,3.52,7
6/6/2015 2:00,34490.08,20.56,8.8,2.68,1.85,3.55,6
6/6/2015 3:00,34490.13,18.89,7.88,2.68,1.61,3.57,7
6/6/2015 4:00,34490.17,18.33,7.67,2.68,1.75,3.6,6
6/6/2015 5:00,34490.21,19.44,8.7,0.89,1.4,3.63,10
6/6/2015 6:00,34490.25,21.11,8.67,0.45,4.47,3.65,99
6/6/2015 7:00,34490.29,23.33,10.02,0.45,1.59,3.68,273
6/6/2015 8:00,34490.34,25.56,8.95,0.89,4.08,3.7,463
6/6/2015 9:00,34490.38,28.33,9.61,0.89,3.74,3.73,643
6/6/2015 10:00,34490.42,29.44,9.59,1.34,2.5,3.76,786
6/6/2015 11:00,34490.46,30.56,8.94,1.34,3.82,3.78,887
6/6/2015 12:00,34490.5,31.11,8.24,1.34,4.85,3.81,846
6/6/2015 13:00,34490.55,32.78,8.38,0.45,3.12,7.06,599
6/6/2015 14:00,34490.59,32.22,8.56,0.45,0.58,7.41,505
6/6/2015 15:00,34490.63,34.44,9.1,1.79,3.91,7.08,549
6/6/2015 16:00,34490.67,32.78,9.03,0.89,4.73,6.74,362
6/6/2015 17:00,34490.71,31.67,7.44,0.89,4.31,6.4,265
6/6/2015 18:00,34490.76,30.56,7.14,1.79,0.86,6.07,137
6/6/2015 19:00,34490.8,28.33,8.62,0.89,4.35,5.73,31
6/6/2015 20:00,34490.84,26.11,8.58,0.45,3.94,5.39,8
6/6/2015 21:00,34490.88,25.56,8.52,0.45,4.47,5.05,6
6/6/2015 22:00,34490.92,25.56,8.52,1.79,2.02,4.72,6
6/6/2015 23:00,34490.97,22.22,8.3,1.79,2.41,3.47,6
6/7/2015 0:00,34491,22.78,6.48,2.24,1.97,4.04,6
6/7/2015 1:00,34491.04,21.11,7.65,0.45,3.91,3.71,6
6/7/2015 2:00,34491.08,20.56,9.12,0.45,1.4,3.37,6
6/7/2015 3:00,34491.13,21.67,9.82,1.34,1.75,3.03,6
6/7/2015 4:00,34491.17,21.11,8.99,1.34,0.35,2.7,6
6/7/2015 5:00,34491.21,20.56,9.72,1.79,1.64,2.36,10
6/7/2015 6:00,34491.25,22.78,9.51,2.24,1.68,2.02,103
6/7/2015 7:00,34491.29,26.11,11.07,0.89,4.4,1.68,277
6/7/2015 8:00,34491.34,27.22,10.44,0.89,4.52,1.35,467
6/7/2015 9:00,34491.38,30.56,10.03,3.58,3.93,1.01,641
6/7/2015 10:00,34491.42,31.67,8.71,1.34,5.5,0.67,788
6/7/2015 11:00,34491.46,33.33,10.13,0.45,4.14,0.34,889
6/7/2015 12:00,34491.5,35,10.92,1.34,5.2,0,939
6/7/2015 13:00,34491.55,36.67,10.24,0.45,5.34,0,937
6/7/2015 14:00,34491.59,37.22,9.15,0.89,4.76,0,884
6/7/2015 15:00,34491.63,36.67,7.86,1.34,5.34,0,781
6/7/2015 16:00,34491.67,38.89,8.79,0.89,4.1,0,633
6/7/2015 17:00,34491.71,37.78,7.89,0.89,3.46,0,451
6/7/2015 18:00,34491.76,35.56,6.07,0.45,3.11,0,182
6/7/2015 19:00,34491.8,32.78,6.99,0.45,4.64,0,40
6/7/2015 20:00,34491.84,30.56,7.76,0.89,5.92,0,9
6/7/2015 21:00,34491.88,30.56,8.94,1.34,0.05,0,6
6/7/2015 22:00,34491.92,29.44,9.59,2.68,1.78,0,6
6/7/2015 23:00,34491.97,24.44,7.96,2.24,1.66,4.38,6
6/8/2015 0:00,34492,25.56,7.63,1.34,1.08,0,7
6/8/2015 1:00,34492.04,26.11,9.45,1.79,0.93,0,7
6/8/2015 2:00,34492.08,27.22,8.15,2.24,1.34,0,8
6/8/2015 3:00,34492.13,26.11,9.02,0.89,1.08,0,8
6/8/2015 4:00,34492.17,25,7.14,0.45,2.16,0,8
6/8/2015 5:00,34492.21,23.89,8.29,2.24,1.59,0,12
6/8/2015 6:00,34492.25,28.89,9.11,0.45,5.22,0,107
6/8/2015 7:00,34492.29,32.22,9.19,0.89,1.54,0,285
6/8/2015 8:00,34492.34,33.89,8.63,1.34,3.86,0,476
6/8/2015 9:00,34492.38,35.56,8.56,0.45,6.02,0,653
6/8/2015 10:00,34492.42,37.22,7.43,0.45,2.32,0,801
6/8/2015 11:00,34492.46,38.89,7.85,0.45,4.68,0,909
6/8/2015 12:00,34492.5,40,7.75,0.89,4.45,0,971
6/8/2015 13:00,34492.55,41.67,6.86,0.45,5.32,0,969
6/8/2015 14:00,34492.59,42.78,6.49,1.34,5.01,0,917
6/8/2015 15:00,34492.63,42.78,6.49,2.68,4.36,0.39,810
6/8/2015 16:00,34492.67,42.22,6.05,1.79,4.71,0.77,632
6/8/2015 17:00,34492.71,41.11,6.42,0.89,5.17,1.16,449
6/8/2015 18:00,34492.76,40,5.54,0.45,5.64,1.54,193
6/8/2015 19:00,34492.8,36.67,5.07,0.45,4.63,1.93,31
6/8/2015 20:00,34492.84,33.33,5.12,0.45,5.62,2.31,10
6/8/2015 21:00,34492.88,33.89,6.4,1.34,1.17,2.7,11
6/8/2015 22:00,34492.92,32.22,6.53,0.89,1.82,3.08,29
6/8/2015 23:00,34492.97,28.33,8.62,0.89,4.28,0,6
6/9/2015 0:00,34493,28.89,6.93,0.45,3.84,3.85,29
6/9/2015 1:00,34493.04,27.78,7.62,1.34,0.72,4.24,26
6/9/2015 2:00,34493.08,26.67,8.61,0.89,4.52,4.62,29
6/9/2015 3:00,34493.13,26.67,8.15,0.45,2.74,5.01,29
6/9/2015 4:00,34493.17,26.11,8.12,0.89,4.07,5.39,23
6/9/2015 5:00,34493.21,25,7.14,0.89,3.94,5.78,27
6/9/2015 6:00,34493.25,27.22,11.27,0.89,0.96,6.16,124
6/9/2015 7:00,34493.29,31.11,8.84,1.79,3.72,6.55,307
6/9/2015 8:00,34493.34,31.67,9.31,1.34,3.91,6.93,440
6/9/2015 9:00,34493.38,30.56,8.94,2.68,3.96,7.32,483
6/9/2015 10:00,34493.42,30.56,10.56,2.24,3.89,7.7,472
6/9/2015 11:00,34493.46,30.56,10.56,3.13,3.65,8.09,536
6/9/2015 12:00,34493.5,32.78,11.96,2.24,2.51,8.47,499
6/9/2015 13:00,34493.55,33.33,11.33,0.45,5.38,8.57,463
6/9/2015 14:00,34493.59,33.33,10.13,0.45,3.35,9.35,340
6/9/2015 15:00,34493.63,32.78,9.03,2.24,0.99,9.25,473
6/9/2015 16:00,34493.67,31.67,9.31,0.89,5.36,9.15,278
6/9/2015 17:00,34493.71,31.11,10.52,1.79,4.14,9.06,212
6/9/2015 18:00,34493.76,30,12.46,0.45,1.82,8.96,100
6/9/2015 19:00,34493.8,28.33,12.26,0.89,5.06,8.87,66
6/9/2015 20:00,34493.84,27.22,12.83,0.45,4.22,8.77,26
6/9/2015 21:00,34493.88,25.56,12.39,0.89,4.4,8.67,21
6/9/2015 22:00,34493.92,25.56,11.68,1.79,4,8.58,20
6/9/2015 23:00,34493.97,31.11,7.62,1.79,0.79,3.47,31
6/10/2015 0:00,34494,23.89,13.11,0.89,3.18,8.38,20
6/10/2015 1:00,34494.04,24.44,11.72,1.79,2.64,8.29,19
6/10/2015 2:00,34494.08,23.33,11.03,1.34,2.55,8.19,18
6/10/2015 3:00,34494.13,23.89,12.5,0.45,4.64,8.09,18
6/10/2015 4:00,34494.17,22.78,12.67,0.45,3.94,8,17
6/10/2015 5:00,34494.21,22.78,12.96,0.45,1.57,7.9,16
6/10/2015 6:00,34494.25,22.22,12.44,0.45,5.43,7.8,40
6/10/2015 7:00,34494.29,28.33,16.28,0.45,1.13,7.71,267
6/10/2015 8:00,34494.34,28.89,14.33,0.45,3.96,7.61,518
6/10/2015 9:00,34494.38,28.33,12.67,0.89,4.26,7.51,417
6/10/2015 10:00,34494.42,28.33,12.26,2.68,6.06,7.42,288
6/10/2015 11:00,34494.46,31.11,14.33,1.79,6.07,7.32,576
6/10/2015 12:00,34494.5,31.67,13.48,0.89,5.45,7.22,618
6/10/2015 13:00,34494.55,32.78,13.01,2.68,5.78,0,987
6/10/2015 14:00,34494.59,34.44,13.94,3.58,6.02,0,875
6/10/2015 15:00,34494.63,33.89,13.98,3.58,5.17,0,824
6/10/2015 16:00,34494.67,33.89,13.46,1.79,5.48,0,677
6/10/2015 17:00,34494.71,31.11,12.05,0.89,5.2,0,495
6/10/2015 18:00,34494.76,28.33,11.42,0.45,0.17,0,233
6/10/2015 19:00,34494.8,26.67,11.57,0.89,5.41,0,79
6/10/2015 20:00,34494.84,25.56,12.39,0.45,4.35,0,52
6/10/2015 21:00,34494.88,23.89,13.99,0.45,4.76,0,47
6/10/2015 22:00,34494.92,22.22,14.81,0.89,4.4,0,43
6/10/2015 23:00,34494.97,24.44,12.7,0.45,4.03,8.48,20
6/11/2015 0:00,34495,20,14.33,1.34,4.36,0,38
6/11/2015 1:00,34495.04,20,14.77,0.45,2.5,0,36
6/11/2015 2:00,34495.08,20,15.2,0.45,2.81,0,34
6/11/2015 3:00,34495.13,19.44,14.66,0.45,4.4,0,33
6/11/2015 4:00,34495.17,17.78,13.66,1.34,1.5,0,28
6/11/2015 5:00,34495.21,18.89,14.54,1.34,1.97,0,11
6/11/2015 6:00,34495.25,22.22,16.24,1.34,1.26,0,99
6/11/2015 7:00,34495.29,24.44,16.16,0.45,3.09,0,269
6/11/2015 8:00,34495.34,25.56,15.83,1.34,4.35,0,456
6/11/2015 9:00,34495.38,27.78,16.09,2.24,3.89,0,626
6/11/2015 10:00,34495.42,29.44,15.94,0.45,5.38,0,787
6/11/2015 11:00,34495.46,31.67,15.66,0.45,4,0,889
6/11/2015 12:00,34495.5,31.67,13.48,1.34,5.08,0,942
6/11/2015 13:00,34495.55,34.44,14.46,1.34,4.52,0,952
6/11/2015 14:00,34495.59,35.56,14.37,1.34,4.83,0,906
6/11/2015 15:00,34495.63,35.56,14.37,0.89,2.65,0.05,813
6/11/2015 16:00,34495.67,35,13.34,0.45,4.64,0.11,655
6/11/2015 17:00,34495.71,35,13.89,0.45,5.03,0.16,478
6/11/2015 18:00,34495.76,34.44,14.46,0.89,5.55,0.22,221
6/11/2015 19:00,34495.8,31.67,13.94,1.34,5.67,0.27,76
6/11/2015 20:00,34495.84,30,14.17,0.89,5.81,0.33,41
6/11/2015 21:00,34495.88,28.33,13.45,0.45,0.14,0.38,30
6/11/2015 22:00,34495.92,27.22,13.19,0.45,5.29,0.44,20
6/11/2015 23:00,34495.97,21.11,15.17,0.45,4.56,0,41
6/12/2015 0:00,34496,25.56,14.35,0.45,4.54,0.55,10
6/12/2015 1:00,34496.04,25,14.44,0.45,4.19,0.6,10
6/12/2015 2:00,34496.08,25.56,15.26,0.89,1.45,0.66,10
6/12/2015 3:00,34496.13,25,15.6,2.24,1.47,0.71,9
6/12/2015 4:00,34496.17,23.89,13.99,1.34,1.8,0.77,9
6/12/2015 5:00,34496.21,23.33,14.03,2.24,1.47,0.82,10
6/12/2015 6:00,34496.25,25,14.74,2.24,1.71,0.88,94
6/12/2015 7:00,34496.29,30.56,17.65,0.45,3.26,0.93,265
6/12/2015 8:00,34496.34,33.33,16.74,0.89,3.26,0.99,456
6/12/2015 9:00,34496.38,32.78,14.93,0.89,3.72,1.04,593
6/12/2015 10:00,34496.42,34.44,15.46,0.89,2.06,1.1,755
6/12/2015 11:00,34496.46,35.56,14.91,0.89,5.32,1.15,868
6/12/2015 12:00,34496.5,37.22,14.07,1.79,3.86,1.21,927
6/12/2015 13:00,34496.55,37.78,13.92,0.89,3.18,0,931
6/12/2015 14:00,34496.59,39.44,14.01,1.79,4.68,0,948
6/12/2015 15:00,34496.63,41.11,14.7,1.34,4.92,0,810
6/12/2015 16:00,34496.67,39.44,14.01,2.24,4.54,0,644
6/12/2015 17:00,34496.71,40,15.16,0.89,4.08,0,383
6/12/2015 18:00,34496.76,38.89,14.22,0.45,4.61,0,213
6/12/2015 19:00,34496.8,35.56,13.82,0.89,4.45,0,94
6/12/2015 20:00,34496.84,32.78,13.01,0.45,4.21,0,26
6/12/2015 21:00,34496.88,31.67,13.02,0.89,0.4,0,20
6/12/2015 22:00,34496.92,32.22,13.5,1.34,0.14,0,17
6/12/2015 23:00,34496.97,26.11,13.58,0.45,4.61,0.49,14
6/13/2015 0:00,34497,28.33,13.07,0.89,3.21,0,15
6/13/2015 1:00,34497.04,27.78,13.7,0.45,4.69,0,15
6/13/2015 2:00,34497.08,26.67,14.42,1.79,1.76,0,14
6/13/2015 3:00,34497.13,26.11,12.9,0.89,2.34,0,14
6/13/2015 4:00,34497.17,25.56,15.83,0,3.04,0,13
6/13/2015 5:00,34497.21,26.67,15.38,1.34,1.92,0,16
6/13/2015 6:00,34497.25,30,15.72,0.45,3.46,0,103
6/13/2015 7:00,34497.29,30.56,15.46,0.89,4.47,0,273
6/13/2015 8:00,34497.34,34.44,16.4,0.89,4.56,0,460
6/13/2015 9:00,34497.38,35,13.34,0.45,3.87,0,635
6/13/2015 10:00,34497.42,37.78,15.15,2.24,3.63,0,782
6/13/2015 11:00,34497.46,39.44,15.35,2.24,4.07,0,885
6/13/2015 12:00,34497.5,39.44,13.3,3.13,4.59,0,938
6/13/2015 13:00,34497.55,40.56,12.72,1.79,4.47,0,936
6/13/2015 14:00,34497.59,41.67,11.06,0.89,4.82,0,892
6/13/2015 15:00,34497.63,41.67,9.09,0.89,4.31,0,800
6/13/2015 16:00,34497.67,41.11,7.57,1.34,2.9,0,657
6/13/2015 17:00,34497.71,40,7.75,2.68,4.49,0,479
6/13/2015 18:00,34497.76,37.78,6.95,0.89,4.52,0,230
6/13/2015 19:00,34497.8,33.33,8.85,1.34,4.38,0,53
6/13/2015 20:00,34497.84,30.56,8.94,0.89,4.56,0,30
6/13/2015 21:00,34497.88,26.67,7.17,0.89,4.59,0,22
6/13/2015 22:00,34497.92,25.56,8.52,1.34,4.57,0,18
6/13/2015 23:00,34497.97,29.44,13.67,1.79,1.34,0,16
6/14/2015 0:00,34498,24.44,9.94,0.45,3.44,0,17
6/14/2015 1:00,34498.04,22.22,9.01,0.45,5.04,0,15
6/14/2015 2:00,34498.08,20.56,9.12,0.89,4.78,0,14
6/14/2015 3:00,34498.13,21.67,10.14,0.89,2.15,0,13
6/14/2015 4:00,34498.17,22.78,10.52,1.79,1.27,0,12
6/14/2015 5:00,34498.21,22.22,8.3,0.45,2.9,0,14
6/14/2015 6:00,34498.25,23.33,8.94,1.34,4.5,0,112
6/14/2015 7:00,34498.29,22.78,10.52,1.34,4.31,0,281
6/14/2015 8:00,34498.34,27.78,12.57,0.45,3.56,0,472
6/14/2015 9:00,34498.38,31.11,11.04,0.45,3.84,0,650
6/14/2015 10:00,34498.42,34.44,11.08,1.34,3.87,0,800
6/14/2015 11:00,34498.46,35,9.57,0.89,4.45,0,909
6/14/2015 12:00,34498.5,37.78,6.95,1.79,4.47,0,963
6/14/2015 13:00,34498.55,38.33,6.41,0.45,3.98,0,966
6/14/2015 14:00,34498.59,39.44,3.88,0.45,5.71,0,923
6/14/2015 15:00,34498.63,40,2.98,1.34,4.56,0,826
6/14/2015 16:00,34498.67,39.44,-0.49,1.34,4.38,0,680
6/14/2015 17:00,34498.71,37.78,2.57,0.89,4.5,0,497
6/14/2015 18:00,34498.76,35.56,4.18,0.45,5.24,0,216
6/14/2015 19:00,34498.8,33.89,4.71,0.45,5.38,0,25
6/14/2015 20:00,34498.84,29.44,1.09,0.45,5.65,0,11
6/14/2015 21:00,34498.88,28.33,3.28,0.45,4.99,0,6
6/14/2015 22:00,34498.92,26.11,5.11,1.34,4.47,0,6
6/14/2015 23:00,34498.97,23.33,8.57,0.89,4.69,0,19
6/15/2015 0:00,34499,24.44,7.1,1.34,1.99,0,6
6/15/2015 1:00,34499.04,21.11,6.19,0.45,1.92,0,5
6/15/2015 2:00,34499.08,20,6.64,0.45,4.22,0,5
6/15/2015 3:00,34499.13,18.89,6.63,0.89,4.75,0,5
6/15/2015 4:00,34499.17,20.56,8.16,1.79,1.34,0,5
6/15/2015 5:00,34499.21,20.56,6.43,1.79,1.2,0,9
6/15/2015 6:00,34499.25,21.11,7.65,0.89,4.26,0,110
6/15/2015 7:00,34499.29,21.67,8.15,1.34,4.43,0,292
6/15/2015 8:00,34499.34,26.11,10.28,0.89,3.94,0,481
6/15/2015 9:00,34499.38,29.44,11.52,0.45,4.17,0,658
6/15/2015 10:00,34499.42,32.78,11.41,0.45,3.8,0,807
6/15/2015 11:00,34499.46,33.89,9.32,2.68,4.75,0,913
6/15/2015 12:00,34499.5,36.11,6.53,0.45,0.12,0,971
6/15/2015 13:00,34499.55,37.22,3.35,0.89,4.89,0,976
6/15/2015 14:00,34499.59,39.44,1.11,0.45,4,0,931
6/15/2015 15:00,34499.63,38.89,-2.68,1.34,4.5,0,833
6/15/2015 16:00,34499.67,39.44,-2.27,1.34,4.61,0,679
6/15/2015 17:00,34499.71,38.33,-1.33,1.34,5.81,0,492
6/15/2015 18:00,34499.76,34.44,1.15,1.34,4.9,0,218
6/15/2015 19:00,34499.8,31.67,2,0.89,5.45,0,25
6/15/2015 20:00,34499.84,28.89,1.47,0.89,5.71,0,8
6/15/2015 21:00,34499.88,26.67,0.43,0.89,4.56,0,5
6/15/2015 22:00,34499.92,25,1.16,1.34,4.57,0,5
6/15/2015 23:00,34499.97,22.78,6.06,1.34,4.56,0,6
6/16/2015 0:00,34500,20.56,7.14,0.45,4.47,0,5
6/16/2015 1:00,34500.04,19.44,7.47,1.34,4.61,0,6
6/16/2015 2:00,34500.08,18.89,6.63,1.34,4.47,0,6
6/16/2015 3:00,34500.13,17.78,5.29,1.34,4.47,0,6
6/16/2015 4:00,34500.17,18.33,5.8,0.45,4.05,0,6
6/16/2015 5:00,34500.21,18.33,6.45,0.45,3.44,0,10
6/16/2015 6:00,34500.25,22.22,6.8,0.45,2.58,0,112
6/16/2015 7:00,34500.29,21.67,6.3,1.34,4.35,0,292
6/16/2015 8:00,34500.34,26.11,9.02,0.45,4.73,0,480
6/16/2015 9:00,34500.38,29.44,9.59,1.34,4.03,0,656
6/16/2015 10:00,34500.42,30,9.01,2.24,3.87,0,801
6/16/2015 11:00,34500.46,32.78,8.38,0.89,5.06,0,908
6/16/2015 12:00,34500.5,35.56,8.56,0.45,3.49,0,962
6/16/2015 13:00,34500.55,37.22,8.31,1.34,4.35,0,964
6/16/2015 14:00,34500.59,38.33,6.41,1.79,4.36,0,920
6/16/2015 15:00,34500.63,37.78,3.79,1.79,4.52,0,813
6/16/2015 16:00,34500.67,38.89,3.44,0.89,4.71,0,664
6/16/2015 17:00,34500.71,37.22,2.14,0.89,4.71,0,486
6/16/2015 18:00,34500.76,34.44,3.29,0.45,2.72,0,213
6/16/2015 19:00,34500.8,31.11,4.87,0.89,4.71,0,27
6/16/2015 20:00,34500.84,28.89,3.74,0.45,5.62,0,9
6/16/2015 21:00,34500.88,27.78,3.5,0.45,4.66,0,5
6/16/2015 22:00,34500.92,26.67,6.13,1.79,0.14,0,5
6/16/2015 23:00,34500.97,22.78,5.63,0.89,4.68,0,6
6/17/2015 0:00,34501,24.44,3.12,0.89,2.71,0,6
6/17/2015 1:00,34501.04,22.78,3.29,0,1.08,0,5
6/17/2015 2:00,34501.08,22.78,5.63,1.34,1.33,0,5
6/17/2015 3:00,34501.13,22.78,5.19,2.24,1.33,0,6
6/17/2015 4:00,34501.17,21.67,3.76,2.24,1.78,0,5
6/17/2015 5:00,34501.21,22.78,5.19,1.79,0.98,0,9
6/17/2015 6:00,34501.25,25.56,5.17,0.45,2.83,0,112
6/17/2015 7:00,34501.29,26.11,6.69,0.89,4.29,0,285
6/17/2015 8:00,34501.34,28.89,6.93,0,3.35,0,436
6/17/2015 9:00,34501.38,33.89,9.32,1.34,6.14,0,661
6/17/2015 10:00,34501.42,35.56,8.56,0.45,4.69,0,813
6/17/2015 11:00,34501.46,37.78,7.89,1.79,4.17,0,918
6/17/2015 12:00,34501.5,38.33,6.41,1.79,4.9,0,965
6/17/2015 13:00,34501.55,39.44,3.88,0.89,5.15,0,965
6/17/2015 14:00,34501.59,40.56,4.75,0.89,0.56,0,917
6/17/2015 15:00,34501.63,41.11,5.18,0.89,5.92,0,806
6/17/2015 16:00,34501.67,40,1.53,0.45,5.13,0,664
6/17/2015 17:00,34501.71,40.56,-1.44,0.89,4.71,0,492
6/17/2015 18:00,34501.76,37.78,-1.75,0.89,3.93,0,207
6/17/2015 19:00,34501.8,34.44,-1.32,0.89,5.69,0,26
6/17/2015 20:00,34501.84,30.56,0.16,0.89,5.04,0,9
6/17/2015 21:00,34501.88,29.44,0.2,0,3.32,0,5
6/17/2015 22:00,34501.92,28.89,3.02,0.45,5.36,0,5
6/17/2015 23:00,34501.97,26.11,6.69,1.34,0.58,0,5
6/18/2015 0:00,34502,22.78,2.24,0.89,4.63,0,5
6/18/2015 1:00,34502.04,23.33,3.25,1.79,1.33,0,5
6/18/2015 2:00,34502.08,23.33,2.72,1.34,2.22,0,5
6/18/2015 3:00,34502.13,21.67,0.74,1.34,1.97,0,5
6/18/2015 4:00,34502.17,22.22,3.3,1.34,1.13,0,5
6/18/2015 5:00,34502.21,22.22,5.57,2.24,1.43,0,9
6/18/2015 6:00,34502.25,25,5.21,0.45,0.8,0,112
6/18/2015 7:00,34502.29,26.67,6.66,1.34,1.1,0,292
6/18/2015 8:00,34502.34,31.67,7.44,0.45,2.55,0,485
6/18/2015 9:00,34502.38,33.33,5.94,2.68,3.87,0,663
6/18/2015 10:00,34502.42,35,6.49,1.34,3.91,0,810
6/18/2015 11:00,34502.46,36.67,5.07,1.34,4.19,0,917
6/18/2015 12:00,34502.5,38.33,3.01,1.34,5.25,0,972
6/18/2015 13:00,34502.55,40,-0.07,1.79,4.66,0,977
6/18/2015 14:00,34502.59,40,-0.07,1.34,4.66,0,927
6/18/2015 15:00,34502.63,40.56,-1.44,0.89,4.28,0,822
6/18/2015 16:00,34502.67,39.44,-2.27,2.24,4.31,0,677
6/18/2015 17:00,34502.71,37.78,-0.17,2.24,4.64,0,487
6/18/2015 18:00,34502.76,37.22,-2.17,2.24,5.1,0,206
6/18/2015 19:00,34502.8,32.78,-1.34,1.34,5.99,0,24
6/18/2015 20:00,34502.84,30,3.94,1.34,5.53,0,8
6/18/2015 21:00,34502.88,27.22,3.69,0.89,4.38,0,5
6/18/2015 22:00,34502.92,25,3.02,0.89,4.42,0,5
6/18/2015 23:00,34502.97,25.56,1.63,0.89,3.93,0,5
6/19/2015 0:00,34503,21.67,2.32,0.89,3.96,0,5
6/19/2015 1:00,34503.04,20,0.37,0.45,4.42,0,5
6/19/2015 2:00,34503.08,20.56,0.85,0.45,4.17,0,5
6/19/2015 3:00,34503.13,19.44,0.88,0.89,4.54,0,5
6/19/2015 4:00,34503.17,20,3.18,0.89,2.01,0,5
6/19/2015 5:00,34503.21,18.33,1.27,0.89,2.5,0,8
6/19/2015 6:00,34503.25,21.11,3.27,0.45,2.58,0,80
6/19/2015 7:00,34503.29,20.56,1.85,1.34,4.26,0,271
6/19/2015 8:00,34503.34,26.11,5.11,0.89,3.86,0,475
6/19/2015 9:00,34503.38,28.89,5.73,1.34,4.1,0,659
6/19/2015 10:00,34503.42,31.11,5.6,3.13,3.87,0,811
6/19/2015 11:00,34503.46,34.44,6.03,1.79,4.78,0,912
6/19/2015 12:00,34503.5,35.56,3.14,1.34,4.03,0,967
6/19/2015 13:00,34503.55,37.22,0.83,0.45,3.3,0,965
6/19/2015 14:00,34503.59,37.22,-2.17,1.34,4.35,0,924
6/19/2015 15:00,34503.63,37.22,-2.17,1.79,4.47,0,806
6/19/2015 16:00,34503.67,37.22,-2.17,2.24,4.61,0,669
6/19/2015 17:00,34503.71,36.67,-1.02,0.45,3.75,0,486
6/19/2015 18:00,34503.76,35.56,-0.46,0.89,1.97,0,221
6/19/2015 19:00,34503.8,31.67,1.05,0.45,1.64,0,28
6/19/2015 20:00,34503.84,28.89,1.47,0.89,4.89,0,8
6/19/2015 21:00,34503.88,27.22,1.63,0.45,4.05,0,5
6/19/2015 22:00,34503.92,26.11,2.1,0.45,4.12,0,5
6/19/2015 23:00,34503.97,23.33,2.72,1.79,4.5,0,5
6/20/2015 0:00,34504,24.44,2.55,2.24,1.88,0,5
6/20/2015 1:00,34504.04,24.44,2.55,1.34,2.46,0,5
6/20/2015 2:00,34504.08,22.22,2.29,1.34,1.73,0,5
6/20/2015 3:00,34504.13,22.22,3.3,2.68,1.48,0,5
6/20/2015 4:00,34504.17,22.78,2.24,1.79,1.48,0,5
6/20/2015 5:00,34504.21,21.67,1.29,1.34,1.57,0,9
6/20/2015 6:00,34504.25,22.22,2.29,2.68,1.64,0,91
6/20/2015 7:00,34504.29,26.67,3.22,1.79,1.19,0,279
6/20/2015 8:00,34504.34,30,3.18,0.89,4.49,0,491
6/20/2015 9:00,34504.38,32.78,4.66,0.89,3.35,0,666
6/20/2015 10:00,34504.42,33.89,5.58,0.45,2.01,0,810
6/20/2015 11:00,34504.46,36.11,5.6,0.89,4.8,0,920
6/20/2015 12:00,34504.5,37.22,4.47,0.45,5.6,0,966
6/20/2015 13:00,34504.55,38.33,3.01,0.89,4.4,0,970
6/20/2015 14:00,34504.59,40.56,0.35,1.34,4.68,0,907
6/20/2015 15:00,34504.63,40.56,-1.44,0.89,4.15,0,787
6/20/2015 16:00,34504.67,41.67,-0.61,1.34,5.43,0,652
6/20/2015 17:00,34504.71,40.56,0.35,1.34,4.82,0,455
6/20/2015 18:00,34504.76,36.67,0.4,0.45,3.79,0,204
6/20/2015 19:00,34504.8,33.89,1.81,0.45,4.97,0,62
6/20/2015 20:00,34504.84,31.11,-1.48,0.45,3.47,0,9
6/20/2015 21:00,34504.88,30,-1.29,0.45,5.38,0,5
6/20/2015 22:00,34504.92,27.78,0.56,0.89,0.84,0,5
6/20/2015 23:00,34504.97,25.56,4.63,1.34,1.75,0,5
6/21/2015 0:00,34505,26.11,-0.03,0.89,1.31,0,5
6/21/2015 1:00,34505.04,24.44,0.7,0.45,4.97,0,5
6/21/2015 2:00,34505.08,22.78,1.7,2.24,1.41,0,5
6/21/2015 3:00,34505.13,23.33,2.17,1.79,1.05,0,5
6/21/2015 4:00,34505.17,22.22,3.3,0.45,5.83,0,5
6/21/2015 5:00,34505.21,21.67,3.76,1.34,1.69,0,7
6/21/2015 6:00,34505.25,21.11,1.33,1.79,4.5,0,94
6/21/2015 7:00,34505.29,25.56,6.2,1.34,1.36,0,271
6/21/2015 8:00,34505.34,28.33,3.28,1.34,3.94,0,462
6/21/2015 9:00,34505.38,31.11,3.3,0.89,4.24,0,650
6/21/2015 10:00,34505.42,33.89,2.84,1.79,4.59,0,805
6/21/2015 11:00,34505.46,33.89,1.81,0.89,4.87,0,910
6/21/2015 12:00,34505.5,35.56,0.83,0.45,3.75,0,969
6/21/2015 13:00,34505.55,37.22,-0.6,1.34,3.47,0,975
6/21/2015 14:00,34505.59,36.67,-2.59,1.79,4.54,0,917
6/21/2015 15:00,34505.63,37.78,-3.51,1.34,4.69,0,817
6/21/2015 16:00,34505.67,37.78,-3.51,0.89,4.78,0,667
6/21/2015 17:00,34505.71,35.56,-3.43,1.34,4.66,0,490
6/21/2015 18:00,34505.76,34.44,-2.72,1.34,4.94,0,219
6/21/2015 19:00,34505.8,30.56,-1.92,1.79,5.11,0,23
6/21/2015 20:00,34505.84,28.33,0.18,2.24,5.88,0,9
6/21/2015 21:00,34505.88,26.11,0.71,0.89,4.15,0,5
6/21/2015 22:00,34505.92,23.89,-1.14,0.89,4.76,0,5
6/21/2015 23:00,34505.97,27.22,1.63,2.68,1.4,0,5
6/22/2015 0:00,34506,20.56,-3.23,1.34,4.31,0,5
6/22/2015 1:00,34506.04,18.33,-5.08,0.89,4.64,0,5
6/22/2015 2:00,34506.08,17.78,-4.91,0.89,4.63,0,5
6/22/2015 3:00,34506.13,17.78,-3.7,0.89,4.14,0,5
6/22/2015 4:00,34506.17,18.33,-3.23,0.45,3.94,0,5
6/22/2015 5:00,34506.21,17.78,0.35,0.89,1.76,0,9
6/22/2015 6:00,34506.25,21.11,3.27,0.45,6.07,0,109
6/22/2015 7:00,34506.29,20.56,-0.21,0.89,3.89,0,287
6/22/2015 8:00,34506.34,25,1.16,0.45,1.97,0,482
6/22/2015 9:00,34506.38,28.33,3.28,1.34,3.72,0,657
6/22/2015 10:00,34506.42,31.11,3.3,0.89,4.29,0,805
6/22/2015 11:00,34506.46,32.22,1.5,0.45,6.18,0,913
6/22/2015 12:00,34506.5,34.44,-0.04,1.34,4.31,0,974
6/22/2015 13:00,34506.55,35,-0.89,1.34,4.45,0,974
6/22/2015 14:00,34506.59,35.56,-3.43,2.24,4.69,0,921
6/22/2015 15:00,34506.63,37.22,0.83,0.89,4.14,0,820
6/22/2015 16:00,34506.67,37.78,-0.17,1.34,5.24,0,668
6/22/2015 17:00,34506.71,36.11,-1.45,0.89,4.85,0,484
6/22/2015 18:00,34506.76,33.33,-2.18,1.34,5.69,0,221
6/22/2015 19:00,34506.8,31.67,-3.47,1.34,5.48,0,32
6/22/2015 20:00,34506.84,27.78,-1.15,0.45,3.93,0,10
6/22/2015 21:00,34506.88,26.11,-0.81,0.89,4.78,0,5
6/22/2015 22:00,34506.92,23.33,-0.24,1.34,4.42,0,5
6/22/2015 23:00,34506.97,22.22,-1.83,1.34,4.87,0,5
6/23/2015 0:00,34507,19.44,2.25,0.45,5.04,0,6
6/23/2015 1:00,34507.04,20.56,5.3,0.89,0.94,0,5
6/23/2015 2:00,34507.08,19.44,4.31,0.45,1.71,0,5
6/23/2015 3:00,34507.13,18.33,1.7,0.89,2.2,0,5
6/23/2015 4:00,34507.17,18.89,2.2,0.89,1.99,0,5
6/23/2015 5:00,34507.21,18.89,1.76,1.79,1.9,0,8
6/23/2015 6:00,34507.25,20.56,2.32,2.68,1.71,0,102
6/23/2015 7:00,34507.29,25.56,2.9,0.89,4.61,0,287
6/23/2015 8:00,34507.34,27.78,2.1,1.34,4.03,0,479
6/23/2015 9:00,34507.38,30,2.38,0.89,4.56,0,658
6/23/2015 10:00,34507.42,31.67,2,1.79,4.64,0,811
6/23/2015 11:00,34507.46,34.44,3.29,1.79,4.17,0,918
6/23/2015 12:00,34507.5,34.44,3.29,0.89,1.48,0,966
6/23/2015 13:00,34507.55,35,1.59,2.24,4.35,0,971
6/23/2015 14:00,34507.59,36.67,2.91,1.79,4.61,0,918
6/23/2015 15:00,34507.63,37.22,0.83,2.24,4.33,0,816
6/23/2015 16:00,34507.67,38.33,3.01,1.79,4.49,0,665
6/23/2015 17:00,34507.71,36.11,3.58,0.89,5.22,0,483
6/23/2015 18:00,34507.76,35,4.7,0.89,4.5,0,221
6/23/2015 19:00,34507.8,31.11,3.3,1.34,4.97,0,27
6/23/2015 20:00,34507.84,28.33,5.26,1.34,4.26,0,9
6/23/2015 21:00,34507.88,26.67,5.59,0.89,4.33,0,5
6/23/2015 22:00,34507.92,26.11,6.18,0.89,4.61,0,5
6/23/2015 23:00,34507.97,21.67,0.74,0.45,5.11,0,5
6/24/2015 0:00,34508,21.67,5.08,0.89,5.93,0,5
6/24/2015 1:00,34508.04,22.22,6.4,1.34,4.56,0,5
6/24/2015 2:00,34508.08,19.44,7.14,1.34,4.05,0,5
6/24/2015 3:00,34508.13,20.56,8.16,0.45,4.19,0,5
6/24/2015 4:00,34508.17,20,6.98,0.89,1.64,0,5
6/24/2015 5:00,34508.21,18.33,7.07,0.45,4.24,0,9
6/24/2015 6:00,34508.25,22.78,10.19,0.45,4.26,0,95
6/24/2015 7:00,34508.29,25,10.82,0.45,1.12,0,269
6/24/2015 8:00,34508.34,27.78,9.12,0.45,4.87,0,459
6/24/2015 9:00,34508.38,30,8.46,1.79,3.93,0,635
6/24/2015 10:00,34508.42,32.78,9.03,1.34,3.19,0,783
6/24/2015 11:00,34508.46,33.89,8.63,0.45,3.58,0,886
6/24/2015 12:00,34508.5,36.11,7.4,0.45,4.12,0,941
6/24/2015 13:00,34508.55,38.33,8.34,1.34,4.19,0,941
6/24/2015 14:00,34508.59,38.33,6.41,1.34,4.5,0,896
6/24/2015 15:00,34508.63,39.44,7.31,1.34,4.36,0,791
6/24/2015 16:00,34508.67,38.89,5.8,1.34,4.5,0,641
6/24/2015 17:00,34508.71,37.78,5.97,1.34,4.78,0,461
6/24/2015 18:00,34508.76,36.11,5.6,0.89,4.4,0,210
6/24/2015 19:00,34508.8,32.78,5.48,1.34,4.43,0,31
6/24/2015 20:00,34508.84,31.11,5.6,0.45,4.33,0,9
6/24/2015 21:00,34508.88,28.89,5.09,0.45,4.5,0,5
6/24/2015 22:00,34508.92,29.44,6.2,0.45,4.47,0,5
6/24/2015 23:00,34508.97,22.78,4.26,1.34,4.38,0,5
6/25/2015 0:00,34509,26.11,6.69,0.89,2.5,0,5
6/25/2015 1:00,34509.04,26.11,7.18,1.34,1.64,0,5
6/25/2015 2:00,34509.08,24.44,7.96,1.79,1.55,0,5
6/25/2015 3:00,34509.13,25,8.46,3.13,1.38,0,5
6/25/2015 4:00,34509.17,25,6.21,1.34,3.25,0,5
6/25/2015 5:00,34509.21,23.89,5.71,0.89,1.73,0,8
6/25/2015 6:00,34509.25,24.44,8.38,2.24,1.26,0,92
6/25/2015 7:00,34509.29,28.89,10.1,1.34,1.1,0,268
6/25/2015 8:00,34509.34,31.67,8.71,0.89,4.29,0,462
6/25/2015 9:00,34509.38,34.44,9.79,0.45,3.63,0,642
6/25/2015 10:00,34509.42,36.11,9.78,1.79,3.82,0,790
6/25/2015 11:00,34509.46,37.78,9.61,0.45,3.84,0,893
6/25/2015 12:00,34509.5,39.44,10.14,0.89,4.56,0,946
6/25/2015 13:00,34509.55,39.44,9.25,0.89,3.77,0,949
6/25/2015 14:00,34509.59,42.22,9.54,1.34,4.33,0,900
6/25/2015 15:00,34509.63,42.22,8.46,0.45,4.1,0.2,802
6/25/2015 16:00,34509.67,42.22,7.3,1.34,3.6,0.39,655
6/25/2015 17:00,34509.71,41.67,4.28,0.89,3.33,0.59,470
6/25/2015 18:00,34509.76,40.56,3.41,0.89,3.65,0.79,210
6/25/2015 19:00,34509.8,37.22,3.35,0.45,3.96,0.99,39
6/25/2015 20:00,34509.84,33.33,7.46,0.89,3.98,1.18,9
6/25/2015 21:00,34509.88,32.22,7.91,0.45,5.71,1.38,5
6/25/2015 22:00,34509.92,30.56,8.36,0.45,4.45,1.58,5
6/25/2015 23:00,34509.97,27.22,6.07,0.89,4.38,0,5
6/26/2015 0:00,34510,27.78,9.12,1.79,1.17,1.97,5
6/26/2015 1:00,34510.04,28.33,9.12,1.34,2.13,2.17,5
6/26/2015 2:00,34510.08,26.67,6.66,1.34,1.9,2.37,5
6/26/2015 3:00,34510.13,26.67,6.13,0.89,1.13,2.56,5
6/26/2015 4:00,34510.17,26.11,6.69,0.45,5.69,2.76,5
6/26/2015 5:00,34510.21,22.78,6.48,0.89,2.2,2.96,7
6/26/2015 6:00,34510.25,25,11.18,0.89,1.06,3.16,79
6/26/2015 7:00,34510.29,29.44,11.06,0.45,5.85,3.35,257
6/26/2015 8:00,34510.34,34.44,12.28,0.89,5.76,3.55,440
6/26/2015 9:00,34510.38,34.44,9.1,0.89,3.65,3.75,482
6/26/2015 10:00,34510.42,35.56,7.77,3.13,3.72,3.95,701
6/26/2015 11:00,34510.46,37.22,9.15,0.89,4.21,4.14,685
6/26/2015 12:00,34510.5,38.89,9.68,1.34,4.21,4.34,822
6/26/2015 13:00,34510.55,42.22,8.46,1.79,3.8,1.13,881
6/26/2015 14:00,34510.59,44.44,11.32,0.45,4.8,2.12,766
6/26/2015 15:00,34510.63,43.33,9.34,0.45,5.79,2.09,667
6/26/2015 16:00,34510.67,46.67,10.81,0.89,5.64,2.05,642
6/26/2015 17:00,34510.71,44.44,7.79,0.45,2.71,2.02,426
6/26/2015 18:00,34510.76,38.89,9.68,0.45,4.28,1.98,142
6/26/2015 19:00,34510.8,37.22,8.31,0.45,5.76,1.95,48
6/26/2015 20:00,34510.84,34.44,7.64,0.45,4.56,1.92,9
6/26/2015 21:00,34510.88,32.22,9.79,1.34,4.83,1.88,5
6/26/2015 22:00,34510.92,28.33,10.54,1.79,4.64,1.85,5
6/26/2015 23:00,34510.97,28.89,9.11,0.89,4.56,1.78,5
6/27/2015 0:00,34511,25.56,9.78,0.45,4.33,1.78,5
6/27/2015 1:00,34511.04,25,9.28,0.89,3.86,1.75,5
6/27/2015 2:00,34511.08,25.56,10.18,2.24,1.48,1.72,5
6/27/2015 3:00,34511.13,26.11,11.82,0.89,1.47,1.68,5
6/27/2015 4:00,34511.17,24.44,10.31,0.89,4.17,1.65,5
6/27/2015 5:00,34511.21,22.78,9.85,0.89,1.62,1.62,7
6/27/2015 6:00,34511.25,25.56,10.95,0.45,2.25,1.58,75
6/27/2015 7:00,34511.29,25.56,11.68,1.34,4.1,1.55,252
6/27/2015 8:00,34511.34,30,10.07,1.34,4.33,1.52,420
6/27/2015 9:00,34511.38,31.67,9.31,0.45,3.09,1.48,589
6/27/2015 10:00,34511.42,35,10.92,0.89,4.85,1.45,710
6/27/2015 11:00,34511.46,37.22,7.43,0.89,4.22,1.42,852
6/27/2015 12:00,34511.5,38.89,6.86,0.45,3.87,1.38,925
6/27/2015 13:00,34511.55,40,6.68,1.79,4.21,0,923
6/27/2015 14:00,34511.59,41.11,6.42,0.89,1.95,0,864
6/27/2015 15:00,34511.63,39.44,6.24,0.45,5.85,0.4,572
6/27/2015 16:00,34511.67,38.33,6.41,0.45,4.56,0.81,249
6/27/2015 17:00,34511.71,36.67,6.05,0,3.16,1.21,162
6/27/2015 18:00,34511.76,35.56,6.95,2.68,0.68,1.62,112
6/27/2015 19:00,34511.8,33.89,6.4,0.89,4.38,2.02,41
6/27/2015 20:00,34511.84,31.67,8.09,0.89,4.42,2.43,7
6/27/2015 21:00,34511.88,30,12.46,0.89,5.69,2.83,5
6/27/2015 22:00,34511.92,28.33,11.42,0.89,4.08,3.24,5
6/27/2015 23:00,34511.97,26.67,10.36,0.89,4.01,1.82,5
6/28/2015 0:00,34512,25.56,12.04,0.45,4.68,4.05,5
6/28/2015 1:00,34512.04,23.89,11.87,0.89,4.31,4.45,5
6/28/2015 2:00,34512.08,22.78,11.47,0.45,5.18,4.86,5
6/28/2015 3:00,34512.13,22.78,11.78,0.45,3.46,5.26,5
6/28/2015 4:00,34512.17,22.22,11.57,0.45,5.1,5.67,5
6/28/2015 5:00,34512.21,22.22,12.44,2.24,0.68,6.07,7
6/28/2015 6:00,34512.25,23.89,13.11,1.34,4.08,6.47,84
6/28/2015 7:00,34512.29,25.56,12.73,0.89,4.68,6.88,239
6/28/2015 8:00,34512.34,25.56,12.73,0.89,3.89,7.28,258
6/28/2015 9:00,34512.38,28.33,13.45,1.34,4.12,7.69,546
6/28/2015 10:00,34512.42,30,14.57,0.45,2.62,8.09,497
6/28/2015 11:00,34512.46,33.33,15.87,0.89,5.15,8.5,471
6/28/2015 12:00,34512.5,33.33,16.31,0.45,5.43,8.9,454
6/28/2015 13:00,34512.55,36.11,14.85,0.89,4.57,6.4,652
6/28/2015 14:00,34512.59,35,13.34,2.24,4.71,8.53,416
6/28/2015 15:00,34512.63,37.78,14.55,0.45,3.72,8.54,510
6/28/2015 16:00,34512.67,37.22,12.13,1.79,0.84,8.55,539
6/28/2015 17:00,34512.71,36.67,12.98,0.45,5.86,8.57,215
6/28/2015 18:00,34512.76,35,12.17,1.34,4.89,8.58,145
6/28/2015 19:00,34512.8,34.44,11.69,1.34,5.48,8.59,78
6/28/2015 20:00,34512.84,31.11,11.04,0.89,5.08,8.61,12
6/28/2015 21:00,34512.88,28.89,11.92,1.34,4.63,8.62,5
6/28/2015 22:00,34512.92,27.78,12.17,1.34,4.54,8.63,6
6/28/2015 23:00,34512.97,26.67,11.95,0.89,4.57,3.64,5
6/29/2015 0:00,34513,25,11.53,0.45,4.76,8.66,6
6/29/2015 1:00,34513.04,23.33,10.7,0.89,4.71,8.67,6
6/29/2015 2:00,34513.08,22.78,10.19,0.89,4.59,8.69,5
6/29/2015 3:00,34513.13,21.67,9.82,0.89,4.21,8.7,5
6/29/2015 4:00,34513.17,20.56,9.72,0.89,4.45,8.71,6
6/29/2015 5:00,34513.21,21.11,10.83,0.45,4.45,8.73,11
6/29/2015 6:00,34513.25,22.78,11.47,0.45,4.87,8.74,88
6/29/2015 7:00,34513.29,23.89,11.87,0.45,4.61,8.75,150
6/29/2015 8:00,34513.34,27.78,12.95,0.45,2.06,8.77,384
6/29/2015 9:00,34513.38,30.56,13.4,0.45,1.76,8.78,512
6/29/2015 10:00,34513.42,31.11,13.89,0.45,4.29,8.79,439
6/29/2015 11:00,34513.46,32.22,14.43,2.24,3.91,8.81,439
6/29/2015 12:00,34513.5,33.33,14.48,2.68,3.93,8.82,463
6/29/2015 13:00,34513.55,36.11,14.85,1.34,4.17,6.02,679
6/29/2015 14:00,34513.59,37.78,15.15,2.24,3.87,5.18,651
6/29/2015 15:00,34513.63,40.56,15.63,0.89,4.78,5.05,776
6/29/2015 16:00,34513.67,38.89,12.1,1.34,4.68,4.91,627
6/29/2015 17:00,34513.71,36.11,10.5,0.89,4.9,4.78,345
6/29/2015 18:00,34513.76,35,10.92,1.34,4.24,4.64,153
6/29/2015 19:00,34513.8,33.33,11.89,0.89,3.39,4.51,44
6/29/2015 20:00,34513.84,30.56,10.56,0.45,4.12,4.38,10
6/29/2015 21:00,34513.88,30.56,11.06,0.89,4.49,4.24,6
6/29/2015 22:00,34513.92,28.33,10.08,0.45,5.36,4.11,5
6/29/2015 23:00,34513.97,25.56,11.32,0.45,4.26,8.65,6
6/30/2015 0:00,34514,28.33,10.54,0.89,4.33,3.84,6
6/30/2015 1:00,34514.04,26.11,9.02,1.34,4.05,3.7,5
6/30/2015 2:00,34514.08,26.67,13.05,1.79,1.36,3.57,5
6/30/2015 3:00,34514.13,26.67,13.4,1.79,0.96,3.44,5
6/30/2015 4:00,34514.17,27.22,11.67,1.79,1.9,3.3,5
6/30/2015 5:00,34514.21,25.56,10.57,0.89,2.09,3.17,7
6/30/2015 6:00,34514.25,27.22,12.45,1.79,1.29,3.03,88
6/30/2015 7:00,34514.29,30,13.34,0.45,2.74,2.9,165
6/30/2015 8:00,34514.34,36.11,15.92,0.45,6.06,2.77,401
6/30/2015 9:00,34514.38,35.56,14.91,0.45,4.47,2.63,618
6/30/2015 10:00,34514.42,35.56,14.37,0.89,4.03,2.5,574
6/30/2015 11:00,34514.46,38.33,13.75,1.79,4.33,2.36,747
6/30/2015 12:00,34514.5,40.56,12.72,2.24,3.8,2.23,906
6/30/2015 13:00,34514.55,41.11,13.18,0.89,4.5,0,910
6/30/2015 14:00,34514.59,42.78,12.88,0.89,4.47,0,880
6/30/2015 15:00,34514.63,40.56,11.05,0.89,4.08,0.45,578
6/30/2015 16:00,34514.67,43.89,11.9,0.89,4.29,0.91,606
6/30/2015 17:00,34514.71,42.22,11.51,1.79,3.77,1.36,426
6/30/2015 18:00,34514.76,39.44,11.79,0.89,5.2,1.82,207
6/30/2015 19:00,34514.8,38.33,10.87,0.89,4.97,2.27,63
6/30/2015 20:00,34514.84,35,9.57,0.45,5.92,2.73,11
6/30/2015 21:00,34514.88,33.89,9.97,0.45,1.13,3.18,5
6/30/2015 22:00,34514.92,31.67,8.71,0.89,5.76,3.64,5
6/30/2015 23:00,34514.97,27.78,10.05,0.45,3.47,3.97,5
7/1/2015 0:00,34515,30,8.46,0.45,4.78,4.55,5
7/1/2015 1:00,34515.04,28.89,9.11,0.45,5.04,5,5
7/1/2015 2:00,34515.08,28.89,11.92,2.24,1.75,5.45,5
7/1/2015 3:00,34515.13,28.33,10.08,0.45,3.32,5.91,5
7/1/2015 4:00,34515.17,28.33,10.99,1.34,1.97,6.36,5
7/1/2015 5:00,34515.21,27.22,12.45,2.24,1.38,6.82,7
7/1/2015 6:00,34515.25,29.44,12.84,0.89,4.63,7.27,67
7/1/2015 7:00,34515.29,30.56,8.94,1.79,2.88,7.73,139
7/1/2015 8:00,34515.34,30.56,7.76,3.13,3.4,8.18,214
7/1/2015 9:00,34515.38,35,8.1,3.13,2.18,8.64,361
7/1/2015 10:00,34515.42,34.44,7.64,1.79,1.12,9.09,383
7/1/2015 11:00,34515.46,35.56,6.95,1.34,0.42,9.55,328
7/1/2015 12:00,34515.5,35.56,6.95,2.24,0.17,10,196
7/1/2015 13:00,34515.55,36.11,8.23,0.89,0.26,10,162
7/1/2015 14:00,34515.59,36.67,8.69,0.89,4.63,10,110
7/1/2015 15:00,34515.63,36.11,7.4,0.45,4.01,9.93,160
7/1/2015 16:00,34515.67,38.33,11.64,0.45,3.91,9.87,256
7/1/2015 17:00,34515.71,38.89,8.79,0,0.7,9.8,249
7/1/2015 18:00,34515.76,37.22,9.15,0.89,5.1,9.73,195
7/1/2015 19:00,34515.8,34.44,10.45,0.45,0.66,9.67,28
7/1/2015 20:00,34515.84,32.22,13.5,0.45,2.62,9.6,8
7/1/2015 21:00,34515.88,30.56,13.83,0.89,4.14,9.54,5
7/1/2015 22:00,34515.92,30,14.17,0.89,4.29,9.47,5
7/1/2015 23:00,34515.97,31.11,7.62,0.45,4.29,4.09,5
7/2/2015 0:00,34516,28.33,15.95,1.79,4.57,9.34,5
7/2/2015 1:00,34516.04,27.78,16.09,1.34,2.27,9.27,5
7/2/2015 2:00,34516.08,27.22,16.81,1.79,0.03,9.2,5
7/2/2015 3:00,34516.13,26.11,16.35,0.89,3.93,9.14,5
7/2/2015 4:00,34516.17,26.11,16.92,0.89,2.04,9.07,5
7/2/2015 5:00,34516.21,25.56,16.67,0.45,5.71,9.01,6
7/2/2015 6:00,34516.25,26.67,16.58,0.89,5.22,8.94,23
7/2/2015 7:00,34516.29,28.33,17.54,1.34,0.82,8.87,43
7/2/2015 8:00,34516.34,26.67,17.71,0.45,0.56,8.81,82
7/2/2015 9:00,34516.38,32.78,19.34,0.45,5.97,8.74,435
7/2/2015 10:00,34516.42,35,17.8,0.89,3.89,8.67,566
7/2/2015 11:00,34516.46,33.89,14.97,0.45,3.8,8.61,430
7/2/2015 12:00,34516.5,35,15.46,0.89,5.15,8.54,492
7/2/2015 13:00,34516.55,35,14.95,0.45,2.32,8.1,509
7/2/2015 14:00,34516.59,37.78,14.55,0.45,6.18,0,809
7/2/2015 15:00,34516.63,35,13.34,0.89,4.5,0.05,455
7/2/2015 16:00,34516.67,35.56,13.24,0.45,4.69,0.09,350
7/2/2015 17:00,34516.71,30.56,13.4,1.34,1.43,0.14,63
7/2/2015 18:00,34516.76,30.56,14.25,0.89,1.41,0.19,67
7/2/2015 19:00,34516.8,31.11,15.57,0.45,1.26,0.24,34
7/2/2015 20:00,34516.84,29.44,16.63,0.45,0.58,0.28,7
7/2/2015 21:00,34516.88,28.33,17.84,0.89,1.66,0.33,5
7/2/2015 22:00,34516.92,26.67,17.16,0.45,6,0.38,5
7/2/2015 23:00,34516.97,27.78,15.44,4.02,1.5,9.4,5
7/3/2015 0:00,34517,26.11,17.46,1.79,1.01,0.47,6
7/3/2015 1:00,34517.04,25,16.15,1.34,4.57,0.52,5
7/3/2015 2:00,34517.08,22.78,12.67,0.45,5.32,0.57,5
7/3/2015 3:00,34517.13,23.89,13.11,0.45,3.47,0.62,5
7/3/2015 4:00,34517.17,23.33,15.36,1.34,1.59,0.66,5
7/3/2015 5:00,34517.21,23.89,15.63,0.89,3.63,0.71,7
7/3/2015 6:00,34517.25,24.44,14.8,0.45,2.34,0.76,71
7/3/2015 7:00,34517.29,26.11,15.48,0.89,4.1,0.81,221
7/3/2015 8:00,34517.34,30.56,16.59,0.89,3.91,0.85,440
7/3/2015 9:00,34517.38,32.78,15.38,1.34,4.4,0.9,613
7/3/2015 10:00,34517.42,35,13.34,0.89,3.67,0.95,762
7/3/2015 11:00,34517.46,36.11,11.19,0.45,3.82,1,873
7/3/2015 12:00,34517.5,37.78,10.41,1.34,4.28,1.04,929
7/3/2015 13:00,34517.55,38.89,9.68,0.45,4.76,0,933
7/3/2015 14:00,34517.59,39.44,9.25,0.89,2.34,0,885
7/3/2015 15:00,34517.63,41.67,11.96,0.89,4.85,0.06,786
7/3/2015 16:00,34517.67,41.11,11.51,2.24,4.71,0.12,646
7/3/2015 17:00,34517.71,40,11.45,0.45,5.03,0.19,462
7/3/2015 18:00,34517.76,38.33,12.37,0.45,5.92,0.25,251
7/3/2015 19:00,34517.8,36.11,11.86,2.24,5.83,0.31,61
7/3/2015 20:00,34517.84,33.89,11.81,1.34,5.45,0.37,13
7/3/2015 21:00,34517.88,32.22,12.01,0.89,4.54,0.44,5
7/3/2015 22:00,34517.92,30,10.58,1.34,4.56,0.5,5
7/3/2015 23:00,34517.97,27.22,17.39,0.89,2.06,0.43,5
7/4/2015 0:00,34518,28.33,9.12,1.34,4.78,0.62,5
7/4/2015 1:00,34518.04,25.56,9.37,0.45,3.61,0.68,5
7/4/2015 2:00,34518.08,25.56,10.18,0.45,4.03,0.75,6
7/4/2015 3:00,34518.13,23.89,8.68,0.89,5.03,0.81,5
7/4/2015 4:00,34518.17,23.89,9.07,0.89,2.57,0.87,5
7/4/2015 5:00,34518.21,23.33,9.31,0.89,5.08,0.93,7
7/4/2015 6:00,34518.25,25,10.82,1.34,1.87,0.99,48
7/4/2015 7:00,34518.29,26.67,11.17,1.34,4.47,1.06,254
7/4/2015 8:00,34518.34,32.22,13.02,1.34,4.17,1.12,442
7/4/2015 9:00,34518.38,33.33,13.99,2.24,4.14,1.18,615
7/4/2015 10:00,34518.42,33.89,13.46,1.79,4.01,1.24,720
7/4/2015 11:00,34518.46,36.67,14.2,1.34,3.93,1.31,869
7/4/2015 12:00,34518.5,38.33,13.07,0.89,5.81,1.37,924
7/4/2015 13:00,34518.55,40.56,14.24,0.45,2.32,0,933
7/4/2015 14:00,34518.59,40.56,13.49,1.79,4.03,0,880
7/4/2015 15:00,34518.63,41.67,12.82,1.34,4.57,0.08,782
7/4/2015 16:00,34518.67,42.22,13.28,0.89,3.96,0.17,636
7/4/2015 17:00,34518.71,41.11,12.36,1.34,4.49,0.25,461
7/4/2015 18:00,34518.76,39.44,11.79,0.45,5.62,0.34,230
7/4/2015 19:00,34518.8,35.56,11.39,0.89,4.64,0.42,27
7/4/2015 20:00,34518.84,32.22,12.52,0.89,4.38,0.51,9
7/4/2015 21:00,34518.88,30.56,12.96,0.45,3.32,0.59,5
7/4/2015 22:00,34518.92,28.89,12.76,1.79,5.62,0.68,5
7/4/2015 23:00,34518.97,29.44,11.52,0.89,4.57,0.56,5
7/5/2015 0:00,34519,25.56,13.72,0.45,4.52,0.85,5
7/5/2015 1:00,34519.04,23.89,12.5,0.45,4.42,0.93,5
7/5/2015 2:00,34519.08,22.78,12.08,0.89,4.4,1.02,5
7/5/2015 3:00,34519.13,22.22,12.44,0.89,4.36,1.1,5
7/5/2015 4:00,34519.17,21.67,12.47,0.45,5.22,1.19,5
7/5/2015 5:00,34519.21,21.67,11.92,0.89,3.98,1.27,7
7/5/2015 6:00,34519.25,23.33,13.19,0.89,4.31,1.35,78
7/5/2015 7:00,34519.29,24.44,13.32,0.89,4.87,1.44,244
7/5/2015 8:00,34519.34,28.89,14.71,0.89,3.96,1.52,429
7/5/2015 9:00,34519.38,30,14.17,0.89,5.25,1.61,603
7/5/2015 10:00,34519.42,33.33,14.96,0.89,4.26,1.69,752
7/5/2015 11:00,34519.46,33.89,13.46,0.45,3.86,1.78,858
7/5/2015 12:00,34519.5,35.56,13.24,2.24,4.52,1.86,914
7/5/2015 13:00,34519.55,36.67,12.33,1.34,4.29,0,921
7/5/2015 14:00,34519.59,38.33,13.07,1.79,4.35,0,878
7/5/2015 15:00,34519.63,38.89,12.84,1.79,4.52,0.09,782
7/5/2015 16:00,34519.67,39.44,12.56,2.68,4.5,0.18,637
7/5/2015 17:00,34519.71,37.22,12.13,2.24,5.72,0.27,460
7/5/2015 18:00,34519.76,36.67,12.98,1.79,5.29,0.36,217
7/5/2015 19:00,34519.8,32.78,10.85,1.34,5.31,0.45,25
7/5/2015 20:00,34519.84,30.56,12.04,0.45,5.15,0.54,8
7/5/2015 21:00,34519.88,28.33,11.85,0.45,4.64,0.63,5
7/5/2015 22:00,34519.92,26.11,11.45,1.34,4.31,0.72,5
7/5/2015 23:00,34519.97,26.11,12.9,0.89,4.68,0.76,5
7/6/2015 0:00,34520,23.33,10.36,0.45,5.08,0.9,5
7/6/2015 1:00,34520.04,22.78,10.19,0.89,4.83,0.99,5
7/6/2015 2:00,34520.08,21.67,9.82,0.89,4.83,1.08,5
7/6/2015 3:00,34520.13,21.11,11.12,0.45,4.75,1.17,6
7/6/2015 4:00,34520.17,20.56,11.7,0.45,5.15,1.26,6
7/6/2015 5:00,34520.21,18.89,10.91,0.45,4.49,1.35,7
7/6/2015 6:00,34520.25,20.56,11.97,0.89,4.47,1.44,80
7/6/2015 7:00,34520.29,25.56,14.35,0.89,3.77,1.53,247
7/6/2015 8:00,34520.34,27.22,13.91,0.45,4.87,1.62,431
7/6/2015 9:00,34520.38,28.89,13.57,0.89,3.68,1.71,605
7/6/2015 10:00,34520.42,31.11,12.99,1.79,3.94,1.8,752
7/6/2015 11:00,34520.46,31.67,12.53,1.34,4.21,1.89,856
7/6/2015 12:00,34520.5,34.44,12.86,1.34,4.08,1.98,911
7/6/2015 13:00,34520.55,35,11.55,1.34,4.92,0,916
7/6/2015 14:00,34520.59,36.11,12.5,1.34,4.85,0,873
7/6/2015 15:00,34520.63,35.56,12.03,1.34,5.13,0.07,773
7/6/2015 16:00,34520.67,37.22,12.8,4.02,6.02,0.13,631
7/6/2015 17:00,34520.71,35,10.26,1.79,5.38,0.2,460
7/6/2015 18:00,34520.76,32.78,8.38,0.89,5.53,0.26,214
7/6/2015 19:00,34520.8,30,7.88,1.34,5.65,0.33,26
7/6/2015 20:00,34520.84,27.78,7.62,1.34,4.99,0.39,9
7/6/2015 21:00,34520.88,27.22,9.56,1.34,4.52,0.46,5
7/6/2015 22:00,34520.92,25.56,9.37,0.45,0.33,0.52,5
7/6/2015 23:00,34520.97,25,11.18,0.45,6.07,0.81,5
7/7/2015 0:00,34521,22.78,10.52,1.79,4.85,0.65,5
7/7/2015 1:00,34521.04,21.11,9.94,1.34,5.32,0.72,6
7/7/2015 2:00,34521.08,21.11,10.54,1.34,3.98,0.78,6
7/7/2015 3:00,34521.13,20,10.36,0.89,4.45,0.85,5
7/7/2015 4:00,34521.17,19.44,10.39,0.45,4.8,0.91,6
7/7/2015 5:00,34521.21,17.78,9.86,0.89,4.49,0.98,7
7/7/2015 6:00,34521.25,18.89,11.16,0.45,4.43,1.04,46
7/7/2015 7:00,34521.29,21.11,12.22,0.45,3.14,1.11,129
7/7/2015 8:00,34521.34,25.56,13.07,0.89,4.14,1.17,437
7/7/2015 9:00,34521.38,27.22,13.19,0.45,4.08,1.24,527
7/7/2015 10:00,34521.42,30,12.91,0.89,4.83,1.3,642
7/7/2015 11:00,34521.46,32.22,12.52,0.89,3.94,1.37,858
7/7/2015 12:00,34521.5,31.67,11.52,1.34,4.45,1.43,922
7/7/2015 13:00,34521.55,33.33,11.89,1.34,4.92,0,925
7/7/2015 14:00,34521.59,34.44,11.08,0.89,4.56,0,880
7/7/2015 15:00,34521.63,36.67,12.33,1.34,4.56,0.08,782
7/7/2015 16:00,34521.67,37.78,11.17,1.34,5.57,0.15,641
7/7/2015 17:00,34521.71,35,8.85,1.34,4.63,0.23,465
7/7/2015 18:00,34521.76,33.89,8.63,1.34,5.59,0.31,221
7/7/2015 19:00,34521.8,31.11,10.52,1.79,5.57,0.38,27
7/7/2015 20:00,34521.84,28.89,11.03,1.79,4.66,0.46,9
7/7/2015 21:00,34521.88,26.11,9.87,1.34,4.63,0.53,6
7/7/2015 22:00,34521.92,24.44,10.31,0.89,4.19,0.61,6
7/7/2015 23:00,34521.97,23.89,9.07,1.34,4.33,0.59,6
7/8/2015 0:00,34522,21.67,10.14,0.89,5.65,0.76,6
7/8/2015 1:00,34522.04,20.56,10.02,1.34,4.76,0.84,6
7/8/2015 2:00,34522.08,20,9.51,1.34,4.76,0.92,6
7/8/2015 3:00,34522.13,18.89,8.18,1.34,4.47,0.99,6
7/8/2015 4:00,34522.17,18.89,9.05,0.89,4.38,1.07,6
7/8/2015 5:00,34522.21,17.22,8.31,0.89,4.43,1.15,7
7/8/2015 6:00,34522.25,18.89,9.6,0.45,4.42,1.22,68
7/8/2015 7:00,34522.29,22.22,10.96,0.45,2.11,1.3,247
7/8/2015 8:00,34522.34,24.44,11.72,0.45,3.82,1.37,433
7/8/2015 9:00,34522.38,26.67,11.57,0.45,4.15,1.45,609
7/8/2015 10:00,34522.42,28.89,10.57,0.45,4.31,1.53,763
7/8/2015 11:00,34522.46,31.11,11.04,1.34,4.49,1.6,827
7/8/2015 12:00,34522.5,32.22,9.79,1.34,4.83,1.68,917
7/8/2015 13:00,34522.55,32.78,9.66,0.45,3.84,0,920
7/8/2015 14:00,34522.59,33.89,9.32,0.45,3.82,0,874
7/8/2015 15:00,34522.63,33.89,9.97,2.24,4.76,0.18,774
7/8/2015 16:00,34522.67,34.44,10.45,0.89,1.95,0.35,630
7/8/2015 17:00,34522.71,33.33,10.74,2.24,4.42,0.53,455
7/8/2015 18:00,34522.76,31.11,9.97,1.34,4.38,0.71,224
7/8/2015 19:00,34522.8,28.33,9.12,1.79,5.29,0.88,28
7/8/2015 20:00,34522.84,25,10.07,2.68,5.59,1.06,9
7/8/2015 21:00,34522.88,22.22,9.68,1.79,5.24,1.24,6
7/8/2015 22:00,34522.92,20,9.21,0.45,5.1,1.41,6
7/8/2015 23:00,34522.97,23.89,11.21,1.79,4.64,0.69,6
7/9/2015 0:00,34523,18.89,10.66,0.89,4.63,1.77,6
7/9/2015 1:00,34523.04,17.78,10.11,0.89,4.75,1.94,6
7/9/2015 2:00,34523.08,18.33,11.12,0.89,4.61,2.12,6
7/9/2015 3:00,34523.13,16.11,9.71,0.45,4.31,2.3,6
7/9/2015 4:00,34523.17,15.56,9.63,0.45,5.22,2.47,6
7/9/2015 5:00,34523.21,16.11,10.6,0.45,3.33,2.65,7
7/9/2015 6:00,34523.25,16.67,11.13,0.45,4.47,2.83,35
7/9/2015 7:00,34523.29,18.33,11.6,0.45,4.82,3,122
7/9/2015 8:00,34523.34,19.44,12.18,0.89,3.21,3.18,196
7/9/2015 9:00,34523.38,21.67,11.63,1.34,2.48,3.36,297
7/9/2015 10:00,34523.42,23.33,12.89,2.24,1.76,3.54,412
7/9/2015 11:00,34523.46,26.11,12.54,3.58,3.87,3.71,816
7/9/2015 12:00,34523.5,26.67,11.95,2.68,2.97,3.89,842
7/9/2015 13:00,34523.55,27.78,11.77,1.34,3.98,0,911
7/9/2015 14:00,34523.59,29.44,11.97,0.89,4.73,0,867
7/9/2015 15:00,34523.63,30,11.55,0.89,2.22,0.38,774
7/9/2015 16:00,34523.67,30,11.07,0.45,4.43,0.75,612
7/9/2015 17:00,34523.71,31.11,11.04,0.45,4.61,1.13,456
7/9/2015 18:00,34523.76,29.44,9.59,0.89,4.35,1.51,228
7/9/2015 19:00,34523.8,26.67,9.94,0.89,4.45,1.89,29
7/9/2015 20:00,34523.84,24.44,11.03,1.79,5.22,2.26,8
7/9/2015 21:00,34523.88,21.67,10.14,0.45,0.09,2.64,6
7/9/2015 22:00,34523.92,20.56,10.88,1.34,4.94,3.02,6
7/9/2015 23:00,34523.97,18.89,9.6,0.89,4.26,1.59,6
7/10/2015 0:00,34524,18.89,10.91,0.89,4.31,3.77,6
7/10/2015 1:00,34524.04,18.89,11.65,0.45,3.91,4.15,6
7/10/2015 2:00,34524.08,17.78,10.83,0.45,4.45,4.52,6
7/10/2015 3:00,34524.13,17.78,11.07,0.89,4.63,4.9,6
7/10/2015 4:00,34524.17,17.78,11.07,0.45,5.01,5.28,6
7/10/2015 5:00,34524.21,18.89,12.13,0.89,6.07,5.66,7
7/10/2015 6:00,34524.25,18.89,11.89,0.45,4.08,6.03,44
7/10/2015 7:00,34524.29,19.44,12.66,0.89,4,6.41,61
7/10/2015 8:00,34524.34,18.33,14,0.89,3.75,6.79,107
7/10/2015 9:00,34524.38,22.78,15.83,0.89,4.49,7.16,383
7/10/2015 10:00,34524.42,22.78,14.58,0.89,4.5,7.54,320
7/10/2015 11:00,34524.46,23.33,14.03,0.45,3.93,7.92,276
7/10/2015 12:00,34524.5,27.78,15.1,0.45,5.71,8.29,516
7/10/2015 13:00,34524.55,28.33,13.45,1.34,4.94,4.04,791
7/10/2015 14:00,34524.59,29.44,12.41,0.89,4.71,0,827
7/10/2015 15:00,34524.63,31.67,12.53,0.45,5.52,0.08,738
7/10/2015 16:00,34524.67,31.67,11.52,0.89,5.1,0.17,612
7/10/2015 17:00,34524.71,31.11,11.04,0.89,4.43,0.25,476
7/10/2015 18:00,34524.76,29.44,10.58,1.34,4.01,0.34,241
7/10/2015 19:00,34524.8,26.11,10.28,0.89,4.85,0.42,29
7/10/2015 20:00,34524.84,25,9.68,0.89,5.59,0.51,9
7/10/2015 21:00,34524.88,22.78,9.16,0.45,5.93,0.59,6
7/10/2015 22:00,34524.92,22.78,10.84,1.34,4.47,0.68,6
7/10/2015 23:00,34524.97,20,11.44,0.89,4.68,3.39,6
7/11/2015 0:00,34525,20.56,11.7,0.89,4.92,0.85,6
7/11/2015 1:00,34525.04,19.44,11.43,0.89,4.73,0.93,6
7/11/2015 2:00,34525.08,18.33,11.36,0.89,4.38,1.01,6
7/11/2015 3:00,34525.13,16.67,10.47,0.89,4.21,1.1,6
7/11/2015 4:00,34525.17,16.11,10.38,1.34,4.56,1.18,6
7/11/2015 5:00,34525.21,16.11,10.6,0.89,4,1.27,7
7/11/2015 6:00,34525.25,17.78,11.75,0.45,5.24,1.35,71
7/11/2015 7:00,34525.29,20.56,12.74,0.45,4.1,1.44,242
7/11/2015 8:00,34525.34,23.89,13.7,0.45,1.57,1.52,429
7/11/2015 9:00,34525.38,26.11,13.58,0.89,4.75,1.61,604
7/11/2015 10:00,34525.42,29.44,14.07,1.34,4.49,1.69,753
7/11/2015 11:00,34525.46,30,13.34,1.34,4.76,1.78,857
7/11/2015 12:00,34525.5,31.67,12.53,1.34,4.28,1.86,912
7/11/2015 13:00,34525.55,32.78,11.96,2.24,4.71,0,909
7/11/2015 14:00,34525.59,34.44,12.28,0.89,4.82,0,870
7/11/2015 15:00,34525.63,34.44,11.08,0.89,5.06,0.1,767
7/11/2015 16:00,34525.67,34.44,11.08,1.34,4.28,0.19,623
7/11/2015 17:00,34525.71,33.89,11.22,2.24,4.08,0.29,445
7/11/2015 18:00,34525.76,32.78,10.85,0.89,4.57,0.38,221
7/11/2015 19:00,34525.8,29.44,9.07,0.89,5.71,0.48,27
7/11/2015 20:00,34525.84,27.78,8.64,1.34,5.62,0.57,8
7/11/2015 21:00,34525.88,26.11,9.45,0.89,4.97,0.67,6
7/11/2015 22:00,34525.92,25,10.44,0.89,4.56,0.76,6
7/11/2015 23:00,34525.97,21.11,11.12,1.79,4.64,0.76,6
7/12/2015 0:00,34526,21.11,9.94,0.89,4.22,0.95,6
7/12/2015 1:00,34526.04,20,10.08,0.89,4.5,1.05,6
7/12/2015 2:00,34526.08,18.89,10.14,1.34,4.64,1.14,6
7/12/2015 3:00,34526.13,18.89,10.91,0.89,3.75,1.24,6
7/12/2015 4:00,34526.17,18.89,11.16,0.89,3.05,1.33,6
7/12/2015 5:00,34526.21,16.67,9.54,0.45,4.45,1.43,7
7/12/2015 6:00,34526.25,19.44,11.69,2.24,1.92,1.52,77
7/12/2015 7:00,34526.29,22.78,12.38,0.89,3.8,1.62,270
7/12/2015 8:00,34526.34,22.78,12.08,0.89,4.31,1.71,229
7/12/2015 9:00,34526.38,26.67,12.69,1.34,4.61,1.81,607
7/12/2015 10:00,34526.42,27.78,12.95,0.89,3.68,1.9,646
7/12/2015 11:00,34526.46,31.11,13.89,0.89,4.03,2,870
7/12/2015 12:00,34526.5,31.67,12.53,0.45,4.33,2.09,906
7/12/2015 13:00,34526.55,34.44,13.41,0.45,4.89,0,915
7/12/2015 14:00,34526.59,34.44,12.28,0.45,5.01,0,835
7/12/2015 15:00,34526.63,33.33,11.89,1.34,4.45,0.07,473
7/12/2015 16:00,34526.67,32.78,11.41,1.34,4.57,0.14,526
7/12/2015 17:00,34526.71,33.89,12.93,0.89,4.35,0.22,364
7/12/2015 18:00,34526.76,31.11,11.55,0.45,1.85,0.29,135
7/12/2015 19:00,34526.8,30,12.01,2.24,5.69,0.36,45
7/12/2015 20:00,34526.84,27.22,11.27,0.45,5.04,0.43,9
7/12/2015 21:00,34526.88,25.56,11.68,1.34,4.29,0.5,6
7/12/2015 22:00,34526.92,25,11.88,0.89,4.99,0.57,6
7/12/2015 23:00,34526.97,22.78,9.51,0.89,4.73,0.86,6
7/13/2015 0:00,34527,22.22,10.96,0.45,4.36,0.72,6
7/13/2015 1:00,34527.04,21.11,10.54,0.45,4.08,0.79,6
7/13/2015 2:00,34527.08,21.11,10.83,0.45,4.07,0.86,6
7/13/2015 3:00,34527.13,21.11,11.12,0.89,4.36,0.93,6
7/13/2015 4:00,34527.17,20.56,11.16,0.45,4.45,1,6
7/13/2015 5:00,34527.21,18.89,10.14,0.45,4.73,1.08,7
7/13/2015 6:00,34527.25,20,11.18,0.45,3.96,1.15,64
7/13/2015 7:00,34527.29,24.44,13.32,0.89,4.17,1.22,241
7/13/2015 8:00,34527.34,26.11,12.9,2.24,3.72,1.29,426
7/13/2015 9:00,34527.38,27.22,12.83,0.45,4.61,1.36,601
7/13/2015 10:00,34527.42,28.89,12.76,1.79,4.87,1.43,750
7/13/2015 11:00,34527.46,31.67,13.48,0.45,4.26,1.51,860
7/13/2015 12:00,34527.5,33.33,13.49,1.34,3.91,1.58,917
7/13/2015 13:00,34527.55,34.44,12.28,0.45,2.81,0,932
7/13/2015 14:00,34527.59,36.11,12.5,2.24,4.71,0,893
7/13/2015 15:00,34527.63,38.89,14.22,1.34,5.38,0.02,789
7/13/2015 16:00,34527.67,35.56,11.39,0.89,4.68,0.05,648
7/13/2015 17:00,34527.71,35,10.92,1.79,5.59,0.07,442
7/13/2015 18:00,34527.76,33.89,9.97,1.34,5.79,0.09,224
7/13/2015 19:00,34527.8,31.11,8.84,0.89,4.61,0.12,51
7/13/2015 20:00,34527.84,28.33,9.61,0.45,0.79,0.14,8
7/13/2015 21:00,34527.88,27.22,8.63,0.45,3.65,0.16,5
7/13/2015 22:00,34527.92,25.56,10.95,1.34,4.96,0.19,5
7/13/2015 23:00,34527.97,22.78,10.84,1.34,5.01,0.65,6
7/14/2015 0:00,34528,21.67,10.75,0.89,4.28,0.23,5
7/14/2015 1:00,34528.04,21.11,11.12,0.89,4.47,0.25,6
7/14/2015 2:00,34528.08,20,11.18,0.45,3.91,0.28,5
7/14/2015 3:00,34528.13,18.89,11.16,0.89,4.21,0.3,6
7/14/2015 4:00,34528.17,17.78,10.83,0.89,4.29,0.32,6
7/14/2015 5:00,34528.21,17.78,10.83,0.89,3.96,0.35,7
7/14/2015 6:00,34528.25,19.44,11.69,0.89,4.24,0.37,74
7/14/2015 7:00,34528.29,22.78,13.24,0.89,4.61,0.39,242
7/14/2015 8:00,34528.34,26.67,13.75,0.45,4.33,0.42,433
7/14/2015 9:00,34528.38,28.89,12.76,1.34,3.94,0.44,613
7/14/2015 10:00,34528.42,32.22,13.02,2.24,4.47,0.46,767
7/14/2015 11:00,34528.46,33.33,11.33,0.89,4.75,0.49,867
7/14/2015 12:00,34528.5,33.89,10.61,0.89,4.26,0.51,930
7/14/2015 13:00,34528.55,35.56,10.03,1.79,4.54,0,934
7/14/2015 14:00,34528.59,36.11,8.23,1.34,4.75,0,890
7/14/2015 15:00,34528.63,36.11,8.23,1.79,4.45,0.05,790
7/14/2015 16:00,34528.67,36.11,5.6,2.24,4.4,0.09,648
7/14/2015 17:00,34528.71,36.11,5.6,0.45,3.96,0.14,470
7/14/2015 18:00,34528.76,34.44,4.25,0.89,4.42,0.18,245
7/14/2015 19:00,34528.8,31.11,4.1,0.89,4.57,0.23,26
7/14/2015 20:00,34528.84,28.89,4.43,0.89,5.64,0.27,8
7/14/2015 21:00,34528.88,25.56,8.95,0.89,4.78,0.32,5
7/14/2015 22:00,34528.92,22.78,9.85,1.79,4.54,0.36,5
7/14/2015 23:00,34528.97,23.89,11.54,1.34,4.61,0.21,5
7/15/2015 0:00,34529,21.11,8.67,0.45,0.61,0.45,5
7/15/2015 1:00,34529.04,18.89,7.88,0.89,4.89,0.5,6
7/15/2015 2:00,34529.08,17.78,7.45,0.89,4.29,0.55,6
7/15/2015 3:00,34529.13,18.89,8.48,0.89,3.11,0.59,6
7/15/2015 4:00,34529.17,17.78,8.01,0.89,4.4,0.64,6
7/15/2015 5:00,34529.21,17.22,8.31,0.89,4.42,0.68,7
7/15/2015 6:00,34529.25,20.56,10.88,0.45,1.55,0.73,73
7/15/2015 7:00,34529.29,22.22,10.33,0.89,4.14,0.77,248
7/15/2015 8:00,34529.34,25,11.18,1.34,3.98,0.82,435
7/15/2015 9:00,34529.38,26.67,11.17,0.45,5.55,0.86,613
7/15/2015 10:00,34529.42,30.56,12.04,2.24,4.12,0.91,764
7/15/2015 11:00,34529.46,32.22,11.48,2.24,4.31,0.95,870
7/15/2015 12:00,34529.5,33.33,10.74,1.34,4.66,1,925
7/15/2015 13:00,34529.55,35,10.26,1.34,4.97,0,929
7/15/2015 14:00,34529.59,36.11,9.02,0.89,4.05,0,881
7/15/2015 15:00,34529.63,36.67,7.86,1.34,4.4,0.04,784
7/15/2015 16:00,34529.67,37.78,8.77,1.34,4.05,0.09,635
7/15/2015 17:00,34529.71,36.67,8.69,1.34,4.38,0.13,452
7/15/2015 18:00,34529.76,34.44,8.38,1.34,4.56,0.17,238
7/15/2015 19:00,34529.8,32.22,7.91,0.45,4.08,0.22,30
7/15/2015 20:00,34529.84,28.89,6.34,0.45,4.69,0.26,8
7/15/2015 21:00,34529.88,28.89,6.34,0.89,5.64,0.3,5
7/15/2015 22:00,34529.92,26.67,5.59,0.89,4.52,0.35,5
7/15/2015 23:00,34529.97,22.22,9.35,0.45,0.26,0.41,5
7/16/2015 0:00,34530,24.44,6.2,0.89,1.03,0.43,5
7/16/2015 1:00,34530.04,25,7.59,1.34,1.88,0.48,5
7/16/2015 2:00,34530.08,23.33,6.98,0.89,0.72,0.52,5
7/16/2015 3:00,34530.13,22.78,8.44,1.79,1.61,0.56,6
7/16/2015 4:00,34530.17,21.11,5.8,0.45,3.26,0.61,5
7/16/2015 5:00,34530.21,20.56,6.79,0.45,1.97,0.65,7
7/16/2015 6:00,34530.25,22.22,8.3,0.45,4.29,0.69,68
7/16/2015 7:00,34530.29,26.11,10.67,0.89,4.63,0.74,238
7/16/2015 8:00,34530.34,28.89,10.57,0.89,4.08,0.78,430
7/16/2015 9:00,34530.38,30,8.46,0.45,3.68,0.82,609
7/16/2015 10:00,34530.42,32.22,8.56,0.89,3.32,0.87,761
7/16/2015 11:00,34530.46,33.89,8.63,1.34,4.14,0.91,870
7/16/2015 12:00,34530.5,36.67,9.48,0.89,4.42,0.95,925
7/16/2015 13:00,34530.55,36.67,8.69,0.89,4.14,0,931
7/16/2015 14:00,34530.59,38.89,6.86,1.34,4.87,0,885
7/16/2015 15:00,34530.63,39.44,6.24,1.34,4.82,0.06,787
7/16/2015 16:00,34530.67,38.89,6.86,1.34,4.1,0.11,640
7/16/2015 17:00,34530.71,38.33,7.4,0.89,4.61,0.17,461
7/16/2015 18:00,34530.76,36.11,7.4,0.89,4.36,0.22,235
7/16/2015 19:00,34530.8,33.33,6.71,0.45,5.72,0.28,26
7/16/2015 20:00,34530.84,30.56,5.13,0.45,4.82,0.33,8
7/16/2015 21:00,34530.88,30,6.03,0.89,3.75,0.39,5
7/16/2015 22:00,34530.92,29.44,6.82,0.45,0.26,0.44,5
7/16/2015 23:00,34530.97,24.44,4.21,1.34,4.71,0.39,6
7/17/2015 0:00,34531,26.67,7.66,1.79,1.38,0.55,5
7/17/2015 1:00,34531.04,26.11,8.58,1.34,1.27,0.61,5
7/17/2015 2:00,34531.08,25,7.14,0.45,2.72,0.66,5
7/17/2015 3:00,34531.13,24.44,7.96,1.34,1.69,0.72,5
7/17/2015 4:00,34531.17,23.33,7.39,0.89,3.84,0.77,5
7/17/2015 5:00,34531.21,22.22,7.94,0.45,4.26,0.83,6
7/17/2015 6:00,34531.25,24.44,9.18,0.45,6.02,0.88,69
7/17/2015 7:00,34531.29,25.56,11.68,0.89,1.34,0.94,239
7/17/2015 8:00,34531.34,28.89,11.92,0.89,3.94,0.99,427
7/17/2015 9:00,34531.38,31.11,10.52,0.89,6.11,1.05,608
7/17/2015 10:00,34531.42,33.89,11.22,2.24,3.94,1.1,759
7/17/2015 11:00,34531.46,33.89,9.97,1.79,4,1.16,867
7/17/2015 12:00,34531.5,36.67,10.97,0.45,4.73,1.21,921
7/17/2015 13:00,34531.55,37.78,10.41,1.79,4.52,0,926
7/17/2015 14:00,34531.59,39.44,10.14,1.34,4.52,0,892
7/17/2015 15:00,34531.63,42.78,9.98,0.89,4.05,0.05,795
7/17/2015 16:00,34531.67,40.56,7.13,0.89,5.45,0.11,644
7/17/2015 17:00,34531.71,40.56,7.13,0.89,5.1,0.16,467
7/17/2015 18:00,34531.76,38.33,5.36,0.89,4.78,0.21,229
7/17/2015 19:00,34531.8,33.89,7.18,0.45,4.19,0.27,24
7/17/2015 20:00,34531.84,31.11,5.6,0.89,4.61,0.32,7
7/17/2015 21:00,34531.88,29.44,7.41,0.45,5.1,0.37,5
7/17/2015 22:00,34531.92,28.89,7.5,0.45,4.4,0.43,5
7/17/2015 23:00,34531.97,27.78,7.09,0.89,0.02,0.5,5
7/18/2015 0:00,34532,25.56,8.95,0.45,4.97,0.53,5
7/18/2015 1:00,34532.04,24.44,8.38,0.89,4.22,0.59,5
7/18/2015 2:00,34532.08,23.33,8.57,0.89,4.57,0.64,5
7/18/2015 3:00,34532.13,22.78,9.16,0.89,3.18,0.69,6
7/18/2015 4:00,34532.17,21.67,7.44,1.34,2.34,0.75,5
7/18/2015 5:00,34532.21,21.67,9.17,2.68,1.54,0.8,7
7/18/2015 6:00,34532.25,22.78,8.8,2.68,1.54,0.85,47
7/18/2015 7:00,34532.29,27.22,10,2.24,1.06,0.91,238
7/18/2015 8:00,34532.34,31.11,11.04,0.89,3.44,0.96,431
7/18/2015 9:00,34532.38,31.67,9.31,0.89,3.61,1.01,609
7/18/2015 10:00,34532.42,35,10.92,0.89,3.84,1.07,761
7/18/2015 11:00,34532.46,36.67,10.97,0.45,5.6,1.12,869
7/18/2015 12:00,34532.5,37.78,11.9,2.68,4.52,1.17,921
7/18/2015 13:00,34532.55,38.33,10.07,0.45,3.05,0,924
7/18/2015 14:00,34532.59,39.44,9.25,0.45,4.54,0,875
7/18/2015 15:00,34532.63,40,6.68,0.45,2.39,0.2,772
7/18/2015 16:00,34532.67,38.89,4.66,0.89,1.75,0.4,631
7/18/2015 17:00,34532.71,35.56,6.95,0.45,2.27,0.59,294
7/18/2015 18:00,34532.76,35.56,9.31,3.13,3.82,0.79,222
7/18/2015 19:00,34532.8,26.11,11.07,8.49,3.75,0.99,37
7/18/2015 20:00,34532.84,24.44,15.35,2.24,5.48,1.19,8
7/18/2015 21:00,34532.88,25.56,16.67,0.45,4.73,1.39,5
7/18/2015 22:00,34532.92,23.89,16.89,1.34,1.97,1.58,5
7/18/2015 23:00,34532.97,26.11,8.58,0.89,5.1,0.48,5
7/19/2015 0:00,34533,24.44,17.66,0.45,1.9,1.98,5
7/19/2015 1:00,34533.04,25.56,17.47,1.34,1.99,2.18,5
7/19/2015 2:00,34533.08,23.89,16.15,1.34,1.43,2.38,5
7/19/2015 3:00,34533.13,25,16.15,1.79,1.97,2.58,5
7/19/2015 4:00,34533.17,23.89,15.37,1.79,1.69,2.77,5
7/19/2015 5:00,34533.21,23.89,15.89,0.89,2.9,2.97,7
7/19/2015 6:00,34533.25,23.89,16.65,0.45,4.99,3.17,46
7/19/2015 7:00,34533.29,23.33,16.12,0.45,4.31,3.37,74
7/19/2015 8:00,34533.34,26.67,17.99,0.89,4.56,3.57,242
7/19/2015 9:00,34533.38,27.78,18.48,0.89,4.54,3.76,360
7/19/2015 10:00,34533.42,26.11,16.64,0.45,3.46,3.96,441
7/19/2015 11:00,34533.46,26.67,16.87,1.34,3.84,4.16,406
7/19/2015 12:00,34533.5,31.67,19.01,0.45,4.14,4.36,814
7/19/2015 13:00,34533.55,31.67,16.85,0.45,5.15,0,911
7/19/2015 14:00,34533.59,33.89,16.8,1.79,4.59,0,861
7/19/2015 15:00,34533.63,32.78,14.93,1.34,4.42,0.15,707
7/19/2015 16:00,34533.67,33.89,14.97,1.34,3.19,0.29,619
7/19/2015 17:00,34533.71,33.89,14.97,0.89,4.61,0.44,358
7/19/2015 18:00,34533.76,31.11,12.99,0.89,4.05,0.58,201
7/19/2015 19:00,34533.8,28.89,13.95,0.89,4.43,0.73,39
7/19/2015 20:00,34533.84,27.22,14.26,0.45,2.93,0.87,7
7/19/2015 21:00,34533.88,26.67,14.42,0.45,4.49,1.02,5
7/19/2015 22:00,34533.92,27.22,15.26,0,5.78,1.17,5
7/19/2015 23:00,34533.97,24.44,16.92,0.45,5.67,1.78,5
7/20/2015 0:00,34534,25,14.44,0.45,4.8,1.46,5
7/20/2015 1:00,34534.04,26.11,15.48,1.34,3.8,1.6,5
7/20/2015 2:00,34534.08,25.56,16.12,0.89,2.6,1.75,5
7/20/2015 3:00,34534.13,25,16.15,0.89,2.9,1.89,5
7/20/2015 4:00,34534.17,23.89,15.37,0.89,2.72,2.04,5
7/20/2015 5:00,34534.21,23.89,15.63,0.89,3.61,2.19,5
7/20/2015 6:00,34534.25,24.44,16.67,0.45,4.47,2.33,26
7/20/2015 7:00,34534.29,27.22,19.04,0.45,4.97,2.48,144
7/20/2015 8:00,34534.34,28.33,19.28,0.45,4.29,2.62,282
7/20/2015 9:00,34534.38,30.56,18.65,0.45,1.15,2.77,568
7/20/2015 10:00,34534.42,32.78,17.85,2.68,3.98,2.91,658
7/20/2015 11:00,34534.46,33.89,17.24,2.68,4.96,3.06,735
7/20/2015 12:00,34534.5,35.56,15.44,2.68,3.82,3.21,866
7/20/2015 13:00,34534.55,36.11,15.92,0.89,1.31,0,928
7/20/2015 14:00,34534.59,37.22,15.82,0.89,5.24,2.54,745
7/20/2015 15:00,34534.63,37.22,14.67,0.45,4.1,2.55,771
7/20/2015 16:00,34534.67,37.78,15.15,1.34,2.98,2.55,618
7/20/2015 17:00,34534.71,36.67,14.2,0.45,0.72,2.56,418
7/20/2015 18:00,34534.76,28.89,11.92,4.92,0.59,2.56,119
7/20/2015 19:00,34534.8,27.78,14.76,4.92,0.89,2.57,48
7/20/2015 20:00,34534.84,27.78,15.1,5.36,1.31,2.57,7
7/20/2015 21:00,34534.88,27.78,15.77,3.58,1.22,2.58,5
7/20/2015 22:00,34534.92,27.78,16.09,4.02,1.31,2.58,5
7/20/2015 23:00,34534.97,26.11,14.87,0.45,3.54,1.31,5
7/21/2015 0:00,34535,27.22,16.51,2.68,1.61,2.59,6
7/21/2015 1:00,34535.04,26.11,15.77,1.79,1.88,2.6,5
7/21/2015 2:00,34535.08,26.11,16.35,2.24,1.48,2.6,5
7/21/2015 3:00,34535.13,25.56,15.55,2.24,1.64,2.61,5
7/21/2015 4:00,34535.17,26.11,16.64,1.79,1.54,2.61,5
7/21/2015 5:00,34535.21,25,15.6,0.89,2.44,2.61,6
7/21/2015 6:00,34535.25,25.56,16.12,1.34,3.33,2.62,44
7/21/2015 7:00,34535.29,29.44,17.63,0.89,2.02,2.62,212
7/21/2015 8:00,34535.34,31.11,17.09,1.79,3.77,2.63,398
7/21/2015 9:00,34535.38,31.11,15.96,1.34,3.23,2.63,577
7/21/2015 10:00,34535.42,33.33,16.74,1.79,4.1,2.64,722
7/21/2015 11:00,34535.46,36.11,16.43,0.89,2.95,2.64,826
7/21/2015 12:00,34535.5,36.11,15.92,0.89,5.38,2.65,885
7/21/2015 13:00,34535.55,38.89,17.26,0.89,4.42,0,897
7/21/2015 14:00,34535.59,39.44,16.59,0.89,5.38,0,835
7/21/2015 15:00,34535.63,40,16.45,1.34,2.11,0.13,770
7/21/2015 16:00,34535.67,39.44,15.35,0.89,4.69,0.26,602
7/21/2015 17:00,34535.71,38.33,13.75,1.34,4.71,0.39,476
7/21/2015 18:00,34535.76,35.56,12.03,0.89,4.64,0.52,204
7/21/2015 19:00,34535.8,32.78,13.51,0.89,5.04,0.65,41
7/21/2015 20:00,34535.84,30,14.17,0.45,5.45,0.77,8
7/21/2015 21:00,34535.88,28.33,15.27,0.89,4.57,0.9,5
7/21/2015 22:00,34535.92,26.11,14.23,0.89,4.1,1.03,5
7/21/2015 23:00,34535.97,27.22,15.58,1.34,4.05,2.59,5
7/22/2015 0:00,34536,23.89,12.19,0.45,5.5,1.29,5
7/22/2015 1:00,34536.04,22.78,11.78,0.45,4.69,1.42,5
7/22/2015 2:00,34536.08,23.33,12.29,0.89,4.56,1.55,6
7/22/2015 3:00,34536.13,22.22,10.96,0.45,4.75,1.68,6
7/22/2015 4:00,34536.17,22.78,11.78,0.89,4.1,1.81,6
7/22/2015 5:00,34536.21,22.22,11.86,0.89,4.64,1.94,6
7/22/2015 6:00,34536.25,23.89,13.41,0.89,1.12,2.06,47
7/22/2015 7:00,34536.29,26.67,14.42,0.89,4.05,2.19,211
7/22/2015 8:00,34536.34,29.44,14.46,0.89,3.84,2.32,394
7/22/2015 9:00,34536.38,30.56,13.83,0.89,3.3,2.45,573
7/22/2015 10:00,34536.42,32.22,13.98,0.89,4.36,2.58,714
7/22/2015 11:00,34536.46,33.89,14.97,0.89,3.75,2.71,823
7/22/2015 12:00,34536.5,35,14.43,0.89,6.2,2.84,878
7/22/2015 13:00,34536.55,36.67,12.33,0.89,4.73,0,880
7/22/2015 14:00,34536.59,38.33,10.07,0.89,4.68,0,851
7/22/2015 15:00,34536.63,37.22,9.15,1.79,4.22,0.17,757
7/22/2015 16:00,34536.67,36.11,7.4,1.34,4.71,0.33,607
7/22/2015 17:00,34536.71,35.56,6.95,0.89,4.03,0.5,458
7/22/2015 18:00,34536.76,32.78,8.38,0.89,4.29,0.67,188
7/22/2015 19:00,34536.8,28.89,9.61,0.45,4.29,0.83,34
7/22/2015 20:00,34536.84,29.44,4.9,1.34,4.85,1,7
7/22/2015 21:00,34536.88,26.11,3.97,1.79,4.75,1.17,5
7/22/2015 22:00,34536.92,23.89,4.25,0.89,4.26,1.33,5
7/22/2015 23:00,34536.97,26.11,13.91,0.45,4.4,1.16,6
7/23/2015 0:00,34537,20.56,3.67,1.34,4.57,1.67,6
7/23/2015 1:00,34537.04,19.44,6.81,0.89,4.66,1.83,6
7/23/2015 2:00,34537.08,18.89,7.88,0.89,4.59,2,5
7/23/2015 3:00,34537.13,17.22,7.49,0.89,4.64,2.16,5
7/23/2015 4:00,34537.17,16.67,8.05,0.45,4.52,2.33,6
7/23/2015 5:00,34537.21,16.67,8.31,0.89,4.07,2.5,6
7/23/2015 6:00,34537.25,16.67,8.56,0.45,3.96,2.66,27
7/23/2015 7:00,34537.29,20,10.91,0.89,4.54,2.83,168
7/23/2015 8:00,34537.34,23.89,11.87,0.45,3.47,3,298
7/23/2015 9:00,34537.38,25,9.28,0.89,4.31,3.16,531
7/23/2015 10:00,34537.42,29.44,9.59,2.24,3.51,3.33,750
7/23/2015 11:00,34537.46,31.67,6.77,0.89,5.97,3.5,857
7/23/2015 12:00,34537.5,33.33,4.26,0.45,3.44,3.66,845
7/23/2015 13:00,34537.55,33.89,4.71,0.89,3.61,0,915
7/23/2015 14:00,34537.59,35,5.62,0.45,5.53,0,886
7/23/2015 15:00,34537.63,35,5.62,0.89,4.87,0.05,773
7/23/2015 16:00,34537.67,35,6.49,2.24,4.57,0.1,629
7/23/2015 17:00,34537.71,35.56,5.15,1.34,5.53,0.15,451
7/23/2015 18:00,34537.76,32.22,3.36,0.45,2.76,0.2,227
7/23/2015 19:00,34537.8,30,4.67,0.45,2.95,0.24,25
7/23/2015 20:00,34537.84,27.78,3.5,1.34,4.94,0.29,7
7/23/2015 21:00,34537.88,26.11,2.75,1.79,5.74,0.34,5
7/23/2015 22:00,34537.92,25,3.02,0.89,4.33,0.39,5
7/23/2015 23:00,34537.97,22.22,2.8,0.89,4.43,1.5,5
7/24/2015 0:00,34538,21.67,6.69,0.89,4.33,0.49,5
7/24/2015 1:00,34538.04,19.44,6.48,0.89,4.68,0.54,6
7/24/2015 2:00,34538.08,18.89,6.96,0.89,4.66,0.59,5
7/24/2015 3:00,34538.13,19.44,7.78,0.89,4.43,0.64,5
7/24/2015 4:00,34538.17,18.33,7.07,0.45,4.21,0.68,5
7/24/2015 5:00,34538.21,17.22,7.49,0.89,4.26,0.73,6
7/24/2015 6:00,34538.25,20.56,8.8,0.89,3.84,0.78,60
7/24/2015 7:00,34538.29,22.22,9.35,0.89,4.07,0.83,230
7/24/2015 8:00,34538.34,25.56,10.18,1.79,4.52,0.88,420
7/24/2015 9:00,34538.38,27.22,9.1,0.45,4.73,0.93,599
7/24/2015 10:00,34538.42,30,9.01,0.45,1.36,0.98,749
7/24/2015 11:00,34538.46,32.22,8.56,0.89,4.87,1.03,860
7/24/2015 12:00,34538.5,33.33,7.46,1.34,4.87,1.08,918
7/24/2015 13:00,34538.55,36.67,7.86,0.45,4.49,0,924
7/24/2015 14:00,34538.59,37.22,5.52,1.34,5.04,0,875
7/24/2015 15:00,34538.63,36.11,4.63,0.89,4.73,0,779
7/24/2015 16:00,34538.67,36.67,4.03,2.24,5.17,0,630
7/24/2015 17:00,34538.71,36.67,5.07,1.79,5.67,0,450
7/24/2015 18:00,34538.76,35,4.7,1.79,5.6,0,210
7/24/2015 19:00,34538.8,32.22,3.36,1.34,5.43,0,25
7/24/2015 20:00,34538.84,30,2.38,0.45,4.38,0,7
7/24/2015 21:00,34538.88,27.78,0.56,0.89,5.43,0,5
7/24/2015 22:00,34538.92,26.11,-0.03,0.45,4.42,0,5
7/24/2015 23:00,34538.97,22.22,4.7,1.34,4.36,0.44,5
7/25/2015 0:00,34539,24.44,0.7,0.89,4.4,0,5
7/25/2015 1:00,34539.04,22.78,1.13,0.89,4.56,0,5
7/25/2015 2:00,34539.08,21.11,4.16,1.34,4.68,0,6
7/25/2015 3:00,34539.13,20,2.74,0.45,4.52,0,6
7/25/2015 4:00,34539.17,19.44,3.92,0.89,4.71,0,6
7/25/2015 5:00,34539.21,20,5.93,0.45,2.37,0,6
7/25/2015 6:00,34539.25,21.67,4.21,0.89,4.57,0,62
7/25/2015 7:00,34539.29,22.78,6.48,0.45,3.79,0,234
7/25/2015 8:00,34539.34,26.67,6.66,0.89,4.61,0,427
7/25/2015 9:00,34539.38,29.44,6.2,0.45,3.94,0,610
7/25/2015 10:00,34539.42,31.67,4.56,0.89,4.45,0,765
7/25/2015 11:00,34539.46,35,4.7,1.34,4.24,0,877
7/25/2015 12:00,34539.5,34.44,4.25,1.79,4.07,0,935
7/25/2015 13:00,34539.55,36.11,5.6,1.34,5.27,0,938
7/25/2015 14:00,34539.59,36.67,6.05,0.89,4.63,0,888
7/25/2015 15:00,34539.63,36.67,6.05,1.79,4.38,0.02,785
7/25/2015 16:00,34539.67,37.78,5.97,1.79,4.22,0.04,638
7/25/2015 17:00,34539.71,36.11,5.6,0.89,5.01,0.06,455
7/25/2015 18:00,34539.76,34.44,5.17,1.79,4.47,0.08,225
7/25/2015 19:00,34539.8,31.67,6.06,0.89,4.68,0.1,23
7/25/2015 20:00,34539.84,30,6.67,0.45,5.25,0.12,7
7/25/2015 21:00,34539.88,27.78,5.39,0.45,3.65,0.14,5
7/25/2015 22:00,34539.92,26.11,6.69,1.34,4.61,0.16,5
7/25/2015 23:00,34539.97,24.44,0.03,0.89,4.35,0,5
7/26/2015 0:00,34540,21.67,7.44,1.34,4.42,0.21,5
7/26/2015 1:00,34540.04,20.56,7.49,0.89,4.96,0.23,6
7/26/2015 2:00,34540.08,21.11,8.67,0.89,4.59,0.25,5
7/26/2015 3:00,34540.13,21.11,9.94,1.34,1.05,0.27,5
7/26/2015 4:00,34540.17,20.56,9.72,0.45,2.48,0.29,6
7/26/2015 5:00,34540.21,20,8.29,0.89,4.05,0.31,6
7/26/2015 6:00,34540.25,21.67,9.17,0.45,4.24,0.33,54
7/26/2015 7:00,34540.29,24.44,10.67,0.45,4.57,0.35,222
7/26/2015 8:00,34540.34,26.11,9.87,1.79,3.75,0.37,417
7/26/2015 9:00,34540.38,28.89,11.92,1.34,3.87,0.39,599
7/26/2015 10:00,34540.42,30,11.07,1.34,4.78,0.41,752
7/26/2015 11:00,34540.46,31.67,10.45,0.45,5.24,0.43,863
7/26/2015 12:00,34540.5,33.33,8.85,1.79,4.8,0.45,922
7/26/2015 13:00,34540.55,35,8.85,0.45,3.84,0,927
7/26/2015 14:00,34540.59,36.11,8.23,0.89,5.04,0,881
7/26/2015 15:00,34540.63,36.67,6.98,0.45,4.9,0,777
7/26/2015 16:00,34540.67,37.22,5.52,2.24,4.54,0,630
7/26/2015 17:00,34540.71,36.11,2.47,0.89,3.72,0,452
7/26/2015 18:00,34540.76,33.89,2.84,0.89,4.8,0,222
7/26/2015 19:00,34540.8,30.56,5.83,0.45,4.33,0,26
7/26/2015 20:00,34540.84,28.89,7.5,0.89,5.65,0,7
7/26/2015 21:00,34540.88,25.56,10.18,1.34,5.57,0,5
7/26/2015 22:00,34540.92,23.33,10.7,0.45,1.95,0,5
7/26/2015 23:00,34540.97,23.33,7.39,0.89,4.21,0.18,5
7/27/2015 0:00,34541,20,9.51,0.89,4.59,0,5
7/27/2015 1:00,34541.04,20,9.8,0.45,4.35,0,6
7/27/2015 2:00,34541.08,18.89,9.05,0.89,4.43,0,5
7/27/2015 3:00,34541.13,20.56,11.97,0.89,5.04,0,6
7/27/2015 4:00,34541.17,20,9.51,0.89,4.19,0,6
7/27/2015 5:00,34541.21,18.89,8.48,0.89,4.66,0,6
7/27/2015 6:00,34541.25,18.89,8.18,0.45,4.15,0,54
7/27/2015 7:00,34541.29,24.44,11.38,0,5.11,0,219
7/27/2015 8:00,34541.34,26.11,9.87,0.89,4.12,0,418
7/27/2015 9:00,34541.38,28.33,9.12,0.89,4.38,0,603
7/27/2015 10:00,34541.42,31.11,8.84,0.45,4.07,0,763
7/27/2015 11:00,34541.46,31.67,8.71,0.45,2.97,0,878
7/27/2015 12:00,34541.5,33.33,8.85,0.45,5.34,0,937
7/27/2015 13:00,34541.55,35.56,8.56,0.45,3.26,0,930
7/27/2015 14:00,34541.59,36.11,8.23,1.34,4.45,0,875
7/27/2015 15:00,34541.63,38.33,8.34,0.89,4.14,0.04,772
7/27/2015 16:00,34541.67,37.22,7.43,1.34,4.75,0.08,627
7/27/2015 17:00,34541.71,36.11,7.4,2.24,4.59,0.12,446
7/27/2015 18:00,34541.76,33.89,6.4,2.24,4.28,0.16,216
7/27/2015 19:00,34541.8,30.56,5.13,1.34,3.98,0.19,27
7/27/2015 20:00,34541.84,29.44,6.82,0.45,3.68,0.23,7
7/27/2015 21:00,34541.88,28.33,7.02,0.89,4.57,0.27,5
7/27/2015 22:00,34541.92,26.11,6.69,0.89,5.2,0.31,5
7/27/2015 23:00,34541.97,21.67,10.45,0.45,5.24,0,5
7/28/2015 0:00,34542,23.89,7.88,0.89,6.02,0.39,5
7/28/2015 1:00,34542.04,23.89,7.88,1.34,1.64,0.43,5
7/28/2015 2:00,34542.08,23.89,8.29,1.79,1.76,0.47,6
7/28/2015 3:00,34542.13,23.33,8.57,2.68,1.5,0.5,5
7/28/2015 4:00,34542.17,23.89,7.88,0.89,1.54,0.54,6
7/28/2015 5:00,34542.21,22.22,7.57,1.79,1.69,0.58,6
7/28/2015 6:00,34542.25,22.78,7.68,1.34,1.69,0.62,46
7/28/2015 7:00,34542.29,26.11,9.87,0.89,2.15,0.66,210
7/28/2015 8:00,34542.34,30,9.01,0.89,4.45,0.7,404
7/28/2015 9:00,34542.38,31.11,8.84,1.34,4.28,0.74,587
7/28/2015 10:00,34542.42,34.44,9.1,0.45,4.47,0.78,744
7/28/2015 11:00,34542.46,35,8.1,0,2.15,0.81,856
7/28/2015 12:00,34542.5,37.22,9.15,0.45,4.12,0.85,917
7/28/2015 13:00,34542.55,38.33,7.4,1.34,4.76,0,924
7/28/2015 14:00,34542.59,38.33,5.36,1.79,4.75,0,878
7/28/2015 15:00,34542.63,40.56,7.13,1.34,4.38,0.01,778
7/28/2015 16:00,34542.67,40,4.31,1.34,4.42,0.02,627
7/28/2015 17:00,34542.71,40,4.31,0.89,4.15,0.03,442
7/28/2015 18:00,34542.76,38.89,4.66,0.89,6.27,0.04,209
7/28/2015 19:00,34542.8,35.56,3.14,0.89,4.47,0.06,26
7/28/2015 20:00,34542.84,32.22,5.79,0.45,3.94,0.07,7
7/28/2015 21:00,34542.88,30,5.36,0.89,4.56,0.08,5
7/28/2015 22:00,34542.92,28.89,6.34,0.45,5.24,0.09,5
7/28/2015 23:00,34542.97,24.44,7.1,1.34,4.49,0.35,5
7/29/2015 0:00,34543,26.11,8.12,1.79,1.61,0.11,5
7/29/2015 1:00,34543.04,27.22,6.61,1.34,1.27,0.12,5
7/29/2015 2:00,34543.08,26.11,5.11,0.45,5.83,0.13,5
7/29/2015 3:00,34543.13,24.44,7.54,0.89,0.8,0.15,5
7/29/2015 4:00,34543.17,25,6.21,1.34,1.19,0.16,5
7/29/2015 5:00,34543.21,25,6.21,1.79,1.64,0.17,6
7/29/2015 6:00,34543.25,24.44,7.54,1.79,1.01,0.18,49
7/29/2015 7:00,34543.29,27.78,6.55,0.89,1.78,0.19,213
7/29/2015 8:00,34543.34,31.11,8.84,0.45,4.12,0.2,405
7/29/2015 9:00,34543.38,35,8.85,0.89,0.24,0.21,594
7/29/2015 10:00,34543.42,36.67,9.48,1.79,3.61,0.22,749
7/29/2015 11:00,34543.46,38.33,9.23,0.89,4.08,0.23,858
7/29/2015 12:00,34543.5,41.11,8.65,0.89,4.17,0.25,920
7/29/2015 13:00,34543.55,41.67,8.01,1.34,3.87,0,928
7/29/2015 14:00,34543.59,41.67,6.86,1.34,4.12,0,880
7/29/2015 15:00,34543.63,43.89,8.62,0.89,4.75,0.18,774
7/29/2015 16:00,34543.67,43.33,5.57,1.79,4.22,0.37,620
7/29/2015 17:00,34543.71,43.33,4.09,0.89,3.82,0.55,437
7/29/2015 18:00,34543.76,42.22,3.23,0.45,5.69,0.74,208
7/29/2015 19:00,34543.8,36.11,6.53,0.89,4.49,0.92,26
7/29/2015 20:00,34543.84,33.89,7.18,1.34,5.32,1.11,6
7/29/2015 21:00,34543.88,33.89,6.4,0.45,3.72,1.29,5
7/29/2015 22:00,34543.92,32.22,6.53,0.89,4.42,1.48,5
7/29/2015 23:00,34543.97,27.22,6.61,0.45,4.94,0.1,5
7/30/2015 0:00,34544,26.67,9.94,0.45,4.35,1.84,5
7/30/2015 1:00,34544.04,25.56,9.78,0.45,5.08,2.03,5
7/30/2015 2:00,34544.08,25,10.07,0.89,2.78,2.21,5
7/30/2015 3:00,34544.13,26.11,11.07,2.68,1.31,2.4,5
7/30/2015 4:00,34544.17,26.11,9.45,1.79,1.34,2.58,5
7/30/2015 5:00,34544.21,27.22,9.1,0.89,2.6,2.77,6
7/30/2015 6:00,34544.25,26.11,9.45,0.45,0.17,2.95,37
7/30/2015 7:00,34544.29,27.78,10.05,0.45,4.61,3.13,191
7/30/2015 8:00,34544.34,31.11,10.52,0.89,4.5,3.32,364
7/30/2015 9:00,34544.38,35,11.55,1.34,0.12,3.5,518
7/30/2015 10:00,34544.42,36.67,12.33,1.34,0.56,3.69,640
7/30/2015 11:00,34544.46,39.44,12.56,2.24,6.07,3.87,622
7/30/2015 12:00,34544.5,38.89,10.53,1.34,4.89,4.06,821
7/30/2015 13:00,34544.55,41.67,11.06,1.34,4.57,0,873
7/30/2015 14:00,34544.59,39.44,9.25,0.89,4.73,8.2,432
7/30/2015 15:00,34544.63,38.89,8.79,0.89,4.59,8.01,445
7/30/2015 16:00,34544.67,38.89,9.68,0.89,4.28,7.82,231
7/30/2015 17:00,34544.71,37.22,7.43,0.45,4.26,7.63,159
7/30/2015 18:00,34544.76,36.11,12.5,0.89,3.87,7.44,51
7/30/2015 19:00,34544.8,33.89,12.37,0.45,3.6,7.25,17
7/30/2015 20:00,34544.84,32.78,13.01,1.79,1.76,7.06,6
7/30/2015 21:00,34544.88,32.22,12.52,0.45,5.62,6.87,5
7/30/2015 22:00,34544.92,32.22,13.98,0.89,0.99,6.68,5
7/30/2015 23:00,34544.97,28.89,10.1,0.45,5.38,1.66,5
7/31/2015 0:00,34545,32.22,12.52,2.68,0.16,6.3,5
7/31/2015 1:00,34545.04,32.22,10.37,2.24,2.11,6.11,5
7/31/2015 2:00,34545.08,30.56,10.56,0.45,4.43,5.92,5
7/31/2015 3:00,34545.13,28.89,13.17,2.24,3.56,5.73,5
7/31/2015 4:00,34545.17,28.89,13.57,0.45,2.29,5.54,5
7/31/2015 5:00,34545.21,28.89,12.76,0.45,3.87,5.35,5
7/31/2015 6:00,34545.25,26.67,14.09,0.89,4.76,5.16,12
7/31/2015 7:00,34545.29,27.78,14.76,1.79,1.82,4.97,56
7/31/2015 8:00,34545.34,31.11,14.75,0.89,1.22,4.78,251
7/31/2015 9:00,34545.38,34.44,13.41,0.45,2.74,4.59,255
7/31/2015 10:00,34545.42,38.33,12.37,0.89,4.01,4.4,673
7/31/2015 11:00,34545.46,37.78,11.17,1.34,4.66,4.21,802
7/31/2015 12:00,34545.5,40,11.45,0.89,3.68,4.02,822
7/31/2015 13:00,34545.55,41.67,11.06,1.34,4.4,1.03,862
7/31/2015 14:00,34545.59,41.67,11.96,1.79,4.66,0,800
7/31/2015 15:00,34545.63,41.11,12.36,0.89,4.99,0.12,695
7/31/2015 16:00,34545.67,41.11,12.36,0.89,4.35,0.24,567
7/31/2015 17:00,34545.71,40,11.45,1.34,4.99,0.37,395
7/31/2015 18:00,34545.76,37.22,9.95,1.79,4.73,0.49,218
7/31/2015 19:00,34545.8,33.33,9.5,3.13,5.67,0.61,44
7/31/2015 20:00,34545.84,31.11,9.97,1.34,4.63,0.73,6
7/31/2015 21:00,34545.88,28.89,11.03,1.79,4.49,0.86,5
7/31/2015 22:00,34545.92,27.22,10.86,1.79,4.68,0.98,5
7/31/2015 23:00,34545.97,31.67,13.94,1.34,1.75,6.49,5
8/1/2015 0:00,34546,25,11.88,0.89,4.68,1.22,5
8/1/2015 1:00,34546.04,24.44,12.05,0.89,0.3,1.35,5
8/1/2015 2:00,34546.08,23.89,11.87,0.89,2.6,1.47,5
8/1/2015 3:00,34546.13,22.78,10.84,1.34,3.93,1.59,6
8/1/2015 4:00,34546.17,22.78,10.52,0.89,4.12,1.71,5
8/1/2015 5:00,34546.21,21.11,9.94,1.34,3.96,1.83,6
8/1/2015 6:00,34546.25,22.78,10.84,0.45,2.27,1.96,32
8/1/2015 7:00,34546.29,25,12.56,0.89,4.03,2.08,189
8/1/2015 8:00,34546.34,28.33,13.07,0.45,2.9,2.2,374
8/1/2015 9:00,34546.38,30.56,9.49,0.89,4.15,2.32,564
8/1/2015 10:00,34546.42,33.33,8.17,0.89,4.35,2.45,720
8/1/2015 11:00,34546.46,36.11,8.23,0.89,4.99,2.57,819
8/1/2015 12:00,34546.5,37.22,7.43,0.45,2.37,2.69,874
8/1/2015 13:00,34546.55,37.78,6.95,1.34,3.98,0,905
8/1/2015 14:00,34546.59,38.89,6.86,1.79,3.7,0,852
8/1/2015 15:00,34546.63,39.44,7.31,1.79,4.63,0.06,745
8/1/2015 16:00,34546.67,40,8.75,0.89,4.43,0.13,601
8/1/2015 17:00,34546.71,39.44,8.3,1.79,5.17,0.19,424
8/1/2015 18:00,34546.76,36.67,6.98,1.34,4.71,0.26,198
8/1/2015 19:00,34546.8,32.78,5.48,1.79,5.46,0.32,27
8/1/2015 20:00,34546.84,30,6.67,0.45,4.89,0.39,6
8/1/2015 21:00,34546.88,28.89,7.5,1.79,5.08,0.45,5
8/1/2015 22:00,34546.92,27.78,9.59,0.89,4.07,0.52,5
8/1/2015 23:00,34546.97,25.56,11.68,0.89,5.11,1.1,5
8/2/2015 0:00,34547,24.44,6.66,1.34,4.64,0.64,5
8/2/2015 1:00,34547.04,23.33,6.98,0.45,4.78,0.71,5
8/2/2015 2:00,34547.08,22.78,7.29,0.89,4.22,0.77,6
8/2/2015 3:00,34547.13,21.67,6.3,1.34,3.94,0.84,6
8/2/2015 4:00,34547.17,21.11,6.93,0.89,1.34,0.9,6
8/2/2015 5:00,34547.21,20.56,8.16,0,0.54,0.97,5
8/2/2015 6:00,34547.25,21.11,7.3,0.89,4.05,1.03,38
8/2/2015 7:00,34547.29,23.33,8.18,1.34,4.64,1.1,206
8/2/2015 8:00,34547.34,26.67,9.94,0.45,5.06,1.16,396
8/2/2015 9:00,34547.38,30,11.55,0.45,3.16,1.23,579
8/2/2015 10:00,34547.42,31.11,11.55,0.89,4.36,1.29,733
8/2/2015 11:00,34547.46,34.44,12.28,0.45,5.27,1.35,845
8/2/2015 12:00,34547.5,36.11,11.19,1.34,4.31,1.42,904
8/2/2015 13:00,34547.55,38.33,10.87,0.89,4.94,0,908
8/2/2015 14:00,34547.59,38.33,10.07,0.45,3.68,0,847
8/2/2015 15:00,34547.63,38.33,10.07,2.24,4.61,0.18,767
8/2/2015 16:00,34547.67,39.44,10.99,0.89,5.24,0.36,616
8/2/2015 17:00,34547.71,36.11,10.5,1.79,5.43,0.55,387
8/2/2015 18:00,34547.76,33.33,10.13,1.34,4.8,0.73,198
8/2/2015 19:00,34547.8,31.11,9.42,1.79,5.27,0.91,23
8/2/2015 20:00,34547.84,29.44,11.97,0.89,4.54,1.09,6
8/2/2015 21:00,34547.88,27.78,11.35,0.89,4.57,1.28,5
8/2/2015 22:00,34547.92,25.56,9.78,0.89,4.21,1.46,5
8/2/2015 23:00,34547.97,25.56,8.95,1.34,4.5,0.58,5
8/3/2015 0:00,34548,23.33,10.36,0.45,3.7,1.82,5
8/3/2015 1:00,34548.04,21.67,8.84,0.45,4.89,2.01,6
8/3/2015 2:00,34548.08,21.11,8.99,0.45,2.9,2.19,6
8/3/2015 3:00,34548.13,20,7.97,0.89,4.01,2.37,6
8/3/2015 4:00,34548.17,20,7.97,0.89,4.28,2.55,6
8/3/2015 5:00,34548.21,19.44,7.14,1.34,4.78,2.74,6
8/3/2015 6:00,34548.25,18.89,7.58,0.45,4.83,2.92,44
8/3/2015 7:00,34548.29,22.78,9.85,0.45,4.69,3.1,204
8/3/2015 8:00,34548.34,25.56,9.78,0.89,3.7,3.28,401
8/3/2015 9:00,34548.38,27.78,11.35,0.89,4.08,3.47,536
8/3/2015 10:00,34548.42,30,12.46,1.34,4.49,3.65,722
8/3/2015 11:00,34548.46,31.67,12.53,0.45,5.11,3.83,846
8/3/2015 12:00,34548.5,33.33,11.89,0.45,4.56,4.01,819
8/3/2015 13:00,34548.55,33.33,11.33,1.34,4.76,4.96,726
8/3/2015 14:00,34548.59,35,12.17,1.79,3.72,2.56,729
8/3/2015 15:00,34548.63,37.78,12.6,0.89,4.61,2.82,755
8/3/2015 16:00,34548.67,36.11,11.19,1.79,4.71,3.08,611
8/3/2015 17:00,34548.71,35,10.92,1.79,4.38,3.33,415
8/3/2015 18:00,34548.76,33.33,10.13,1.34,4.76,3.59,199
8/3/2015 19:00,34548.8,31.11,10.52,0.89,4.89,3.85,25
8/3/2015 20:00,34548.84,28.89,11.03,1.34,5.29,4.1,6
8/3/2015 21:00,34548.88,26.11,11.07,1.34,5.71,4.36,5
8/3/2015 22:00,34548.92,24.44,9.94,0.89,4.87,4.61,5
8/3/2015 23:00,34548.97,24.44,9.18,1.34,4.68,1.64,5
8/4/2015 0:00,34549,21.11,8.99,1.34,5.31,5.13,6
8/4/2015 1:00,34549.04,19.44,9.28,2.68,6,5.38,6
8/4/2015 2:00,34549.08,19.44,10.12,1.34,4.8,5.64,6
8/4/2015 3:00,34549.13,18.33,10.13,0.89,4.71,5.9,6
8/4/2015 4:00,34549.17,17.78,10.11,0.89,4.31,6.15,5
8/4/2015 5:00,34549.21,16.67,9.3,0.45,4,6.41,6
8/4/2015 6:00,34549.25,18.89,11.16,0.89,3.82,6.66,41
8/4/2015 7:00,34549.29,21.67,12.2,0.89,4.01,6.92,197
8/4/2015 8:00,34549.34,24.44,12.05,0.89,4.08,7.18,387
8/4/2015 9:00,34549.38,25,12.56,1.34,4.12,7.43,568
8/4/2015 10:00,34549.42,26.11,11.82,1.34,4.33,7.69,607
8/4/2015 11:00,34549.46,27.78,12.17,1.79,4.68,7.95,545
8/4/2015 12:00,34549.5,28.33,11.85,0.89,4.31,8.2,514
8/4/2015 13:00,34549.55,30,12.91,0.89,2.39,9.46,361
8/4/2015 14:00,34549.59,28.89,11.92,0.89,5.55,9.58,307
8/4/2015 15:00,34549.63,28.33,11.42,0.45,0.66,9.42,285
8/4/2015 16:00,34549.67,31.11,12.05,1.34,4.99,9.26,368
8/4/2015 17:00,34549.71,28.33,11.85,2.24,4.36,9.1,250
8/4/2015 18:00,34549.76,26.11,10.67,1.79,4.94,8.94,136
8/4/2015 19:00,34549.8,25,10.44,1.79,6.02,8.79,28
8/4/2015 20:00,34549.84,23.89,9.81,0.45,3.93,8.63,6
8/4/2015 21:00,34549.88,22.78,10.52,0.45,4.1,8.47,5
8/4/2015 22:00,34549.92,21.11,10.83,0.45,4.9,8.31,5
8/4/2015 23:00,34549.97,23.33,10.02,1.79,4.96,4.87,5
8/5/2015 0:00,34550,20,10.91,0.45,4.54,7.99,6
8/5/2015 1:00,34550.04,18.89,10.4,0.89,5.34,7.84,6
8/5/2015 2:00,34550.08,17.22,9.58,0.89,4.42,7.68,5
8/5/2015 3:00,34550.13,17.78,10.35,0.89,4.29,7.52,5
8/5/2015 4:00,34550.17,17.22,10.54,0.89,4.24,7.36,6
8/5/2015 5:00,34550.21,17.22,10.77,0.89,4.1,7.2,6
8/5/2015 6:00,34550.25,17.22,10.77,0.89,4,7.04,17
8/5/2015 7:00,34550.29,20,12.21,0.45,4.43,6.89,160
8/5/2015 8:00,34550.34,22.22,12.15,0.89,3.67,6.73,347
8/5/2015 9:00,34550.38,25,12.89,0.45,3.47,6.57,559
8/5/2015 10:00,34550.42,28.89,13.95,0.89,4.83,6.41,743
8/5/2015 11:00,34550.46,31.11,13.89,0.89,4.89,6.25,809
8/5/2015 12:00,34550.5,32.22,14.43,1.34,5.99,6.09,692
8/5/2015 13:00,34550.55,31.67,13.02,1.34,4.28,7.18,573
8/5/2015 14:00,34550.59,33.89,13.46,0.89,4.61,5.01,635
8/5/2015 15:00,34550.63,33.33,12.44,1.34,3.56,5.08,506
8/5/2015 16:00,34550.67,31.11,12.53,0.89,1.38,5.15,358
8/5/2015 17:00,34550.71,30,12.91,0.89,4.78,5.22,221
8/5/2015 18:00,34550.76,28.89,12.34,0.89,5.85,5.3,124
8/5/2015 19:00,34550.8,27.78,13.33,1.79,4.08,5.37,33
8/5/2015 20:00,34550.84,26.11,13.24,0.89,3.84,5.44,7
8/5/2015 21:00,34550.88,26.11,14.23,1.34,4.05,5.51,5
8/5/2015 22:00,34550.92,25,14.44,0.89,1.71,5.59,5
8/5/2015 23:00,34550.97,20,10.91,1.34,4.71,8.15,5
8/6/2015 0:00,34551,24.44,14.8,1.79,1.68,5.73,5
8/6/2015 1:00,34551.04,23.89,13.99,0.89,4.03,5.8,5
8/6/2015 2:00,34551.08,23.89,13.7,0.89,1.08,5.88,5
8/6/2015 3:00,34551.13,22.78,13.79,1.34,0.24,5.95,5
8/6/2015 4:00,34551.17,23.33,14.84,1.79,1.38,6.02,5
8/6/2015 5:00,34551.21,22.78,13.79,2.24,1.48,6.09,5
8/6/2015 6:00,34551.25,22.78,13.51,0.89,3,6.17,18
8/6/2015 7:00,34551.29,25,14.44,0.45,1.57,6.24,123
8/6/2015 8:00,34551.34,27.78,14.42,0.45,3.26,6.31,281
8/6/2015 9:00,34551.38,30,14.57,0.89,4.22,6.38,427
8/6/2015 10:00,34551.42,32.22,13.98,0.89,4.66,6.46,480
8/6/2015 11:00,34551.46,33.89,13.46,0.45,4.47,6.53,654
8/6/2015 12:00,34551.5,34.44,12.86,0.45,1.76,6.6,653
8/6/2015 13:00,34551.55,35,12.17,1.34,3.77,6.2,645
8/6/2015 14:00,34551.59,34.44,11.69,1.34,4.45,7.14,506
8/6/2015 15:00,34551.63,33.89,11.81,1.34,4.57,6.9,442
8/6/2015 16:00,34551.67,32.78,11.96,1.34,4.49,6.65,305
8/6/2015 17:00,34551.71,31.67,11.52,0.45,6.04,6.4,187
8/6/2015 18:00,34551.76,30,10.58,0.45,4.19,6.16,135
8/6/2015 19:00,34551.8,28.89,11.48,0.45,4.89,5.91,24
8/6/2015 20:00,34551.84,27.22,12.07,0.89,4.5,5.66,5
8/6/2015 21:00,34551.88,25.56,10.95,1.34,4.78,5.42,5
8/6/2015 22:00,34551.92,26.11,10.28,1.34,0.47,5.17,5
8/6/2015 23:00,34551.97,24.44,13.32,0.89,3.79,5.66,5
8/7/2015 0:00,34552,24.44,11.38,0.45,4.22,4.68,5
8/7/2015 1:00,34552.04,24.44,11.38,1.34,1.26,4.43,5
8/7/2015 2:00,34552.08,22.78,10.52,0.89,4.42,4.19,6
8/7/2015 3:00,34552.13,22.22,10.96,0.89,4,3.94,6
8/7/2015 4:00,34552.17,22.22,12.15,0.89,4.31,3.69,6
8/7/2015 5:00,34552.21,20,10.91,0.89,2.16,3.45,5
8/7/2015 6:00,34552.25,20.56,12.99,0.45,1.57,3.2,25
8/7/2015 7:00,34552.29,23.89,13.41,1.34,4.57,2.95,195
8/7/2015 8:00,34552.34,25.56,14.35,0.89,4.21,2.71,377
8/7/2015 9:00,34552.38,28.33,13.83,2.24,0.84,2.46,560
8/7/2015 10:00,34552.42,30,13.34,2.24,1.22,2.22,719
8/7/2015 11:00,34552.46,32.22,10.93,1.79,4.26,1.97,832
8/7/2015 12:00,34552.5,33.89,9.97,1.34,4.54,1.72,892
8/7/2015 13:00,34552.55,33.89,8.63,0.89,0.3,0,895
8/7/2015 14:00,34552.59,35.56,8.56,0.89,3.74,0,844
8/7/2015 15:00,34552.63,37.22,9.95,0.45,3.46,0.08,746
8/7/2015 16:00,34552.67,35.56,8.56,1.79,4.4,0.16,592
8/7/2015 17:00,34552.71,34.44,7.64,2.24,4.14,0.24,410
8/7/2015 18:00,34552.76,33.33,7.46,1.34,4.5,0.32,169
8/7/2015 19:00,34552.8,29.44,6.82,0.45,5.18,0.4,23
8/7/2015 20:00,34552.84,27.78,9.59,1.34,4.87,0.48,6
8/7/2015 21:00,34552.88,26.11,10.28,1.34,4.49,0.56,5
8/7/2015 22:00,34552.92,23.33,9.67,1.79,4.56,0.64,5
8/7/2015 23:00,34552.97,25,10.44,0.45,0.99,4.93,5
8/8/2015 0:00,34553,22.78,9.51,0.89,4.5,0.8,6
8/8/2015 1:00,34553.04,21.11,10.24,1.34,4.49,0.88,6
8/8/2015 2:00,34553.08,20.56,10.31,0.45,4.49,0.96,6
8/8/2015 3:00,34553.13,19.44,10.39,0.89,4.68,1.04,6
8/8/2015 4:00,34553.17,18.89,10.66,0.45,6.04,1.12,5
8/8/2015 5:00,34553.21,19.44,11.69,0.45,2.36,1.19,6
8/8/2015 6:00,34553.25,18.89,10.66,0.89,4.35,1.27,36
8/8/2015 7:00,34553.29,21.11,11.95,0.89,4.31,1.35,183
8/8/2015 8:00,34553.34,26.11,13.58,0.45,4.71,1.43,375
8/8/2015 9:00,34553.38,27.22,10.86,2.24,3.98,1.51,561
8/8/2015 10:00,34553.42,30,11.55,2.68,3.82,1.59,718
8/8/2015 11:00,34553.46,33.33,13.49,0.45,0.44,1.67,828
8/8/2015 12:00,34553.5,33.33,11.33,0.45,2.51,1.75,890
8/8/2015 13:00,34553.55,35.56,10.73,0.89,4.21,0,897
8/8/2015 14:00,34553.59,35,8.85,2.24,4.63,0,845
8/8/2015 15:00,34553.63,37.22,9.95,1.79,3.87,0.09,741
8/8/2015 16:00,34553.67,36.11,8.23,0.89,3.46,0.17,590
8/8/2015 17:00,34553.71,35,7.31,1.34,4.59,0.26,404
8/8/2015 18:00,34553.76,33.89,8.63,0.89,4.45,0.35,162
8/8/2015 19:00,34553.8,31.11,7.62,1.34,4.68,0.44,22
8/8/2015 20:00,34553.84,27.78,7.09,0.45,4.42,0.52,5
8/8/2015 21:00,34553.88,26.11,8.12,1.34,4.76,0.61,5
8/8/2015 22:00,34553.92,24.44,9.18,0.45,5.29,0.7,5
8/8/2015 23:00,34553.97,22.78,10.19,0.89,4.5,0.72,5
8/9/2015 0:00,34554,21.67,11.63,0.45,4.31,0.87,6
8/9/2015 1:00,34554.04,20,11.7,0.89,4.24,0.96,5
8/9/2015 2:00,34554.08,20,12.21,0.89,4.99,1.05,6
8/9/2015 3:00,34554.13,20,12.46,0.89,1.71,1.13,6
8/9/2015 4:00,34554.17,21.11,13.01,1.79,1.73,1.22,6
8/9/2015 5:00,34554.21,20.56,10.31,2.24,1.31,1.31,6
8/9/2015 6:00,34554.25,22.78,10.84,0.45,2.39,1.39,34
8/9/2015 7:00,34554.29,24.44,12.05,0.45,1.5,1.48,182
8/9/2015 8:00,34554.34,26.67,11.95,0.89,4.45,1.57,377
8/9/2015 9:00,34554.38,28.89,11.48,2.68,3.84,1.66,556
8/9/2015 10:00,34554.42,30.56,11.56,1.34,5.01,1.74,708
8/9/2015 11:00,34554.46,34.44,12.28,0.45,2.39,1.83,826
8/9/2015 12:00,34554.5,35,11.55,1.34,4.36,1.92,885
8/9/2015 13:00,34554.55,35.56,9.31,1.34,4.61,0,895
8/9/2015 14:00,34554.59,36.67,8.69,1.79,4.68,0,850
8/9/2015 15:00,34554.63,37.78,7.89,1.34,4.68,0.06,743
8/9/2015 16:00,34554.67,38.33,7.4,0.89,4.76,0.13,586
8/9/2015 17:00,34554.71,36.11,5.6,1.34,4.61,0.19,398
8/9/2015 18:00,34554.76,34.44,6.03,1.34,4.43,0.25,148
8/9/2015 19:00,34554.8,31.67,7.44,0.45,2.91,0.31,22
8/9/2015 20:00,34554.84,28.33,8.11,0.89,4.47,0.38,5
8/9/2015 21:00,34554.88,27.22,8.15,0.45,5.31,0.44,5
8/9/2015 22:00,34554.92,25.56,8.52,1.34,5.03,0.5,5
8/9/2015 23:00,34554.97,22.78,9.85,0.45,4.14,0.78,5
8/10/2015 0:00,34555,23.89,9.81,0.89,4.83,0.63,5
8/10/2015 1:00,34555.04,22.78,9.16,0.89,4.71,0.69,6
8/10/2015 2:00,34555.08,21.11,9.94,0.45,3.8,0.75,6
8/10/2015 3:00,34555.13,22.22,10.96,2.68,1.73,0.81,6
8/10/2015 4:00,34555.17,21.67,9.17,0.89,3.09,0.88,5
8/10/2015 5:00,34555.21,18.89,7.88,1.34,4.17,0.94,5
8/10/2015 6:00,34555.25,21.11,10.24,2.24,1.47,1,32
8/10/2015 7:00,34555.29,25.56,12.73,1.34,4.5,1.06,180
8/10/2015 8:00,34555.34,28.33,14.2,0.45,3.16,1.13,373
8/10/2015 9:00,34555.38,27.78,12.17,1.79,4.07,1.19,557
8/10/2015 10:00,34555.42,30,12.46,1.34,3.54,1.25,715
8/10/2015 11:00,34555.46,32.78,12.49,1.34,4.17,1.31,828
8/10/2015 12:00,34555.5,35,11.55,1.79,4.19,1.38,894
8/10/2015 13:00,34555.55,35.56,8.56,1.79,4.47,0,904
8/10/2015 14:00,34555.59,36.67,7.86,2.24,4.68,0,855
8/10/2015 15:00,34555.63,37.22,7.43,2.68,3.91,0.07,747
8/10/2015 16:00,34555.67,36.67,7.86,1.79,5.13,0.14,588
8/10/2015 17:00,34555.71,35.56,6.95,1.79,5.03,0.21,405
8/10/2015 18:00,34555.76,32.78,6.25,1.79,5.03,0.28,152
8/10/2015 19:00,34555.8,29.44,6.2,4.02,5.92,0.35,19
8/10/2015 20:00,34555.84,27.78,7.09,1.34,5.15,0.41,5
8/10/2015 21:00,34555.88,25,9.28,1.34,4.83,0.48,5
8/10/2015 22:00,34555.92,23.33,9.67,1.34,4.47,0.55,5
8/10/2015 23:00,34555.97,24.44,9.57,0.89,4.59,0.56,5
8/11/2015 0:00,34556,20.56,9.42,0.45,4.45,0.69,6
8/11/2015 1:00,34556.04,20,9.51,0.89,4.33,0.76,6
8/11/2015 2:00,34556.08,18.33,9.08,0.89,4.33,0.83,6
8/11/2015 3:00,34556.13,18.89,9.87,0.89,4.28,0.9,5
8/11/2015 4:00,34556.17,17.22,9.34,0.89,4.5,0.97,6
8/11/2015 5:00,34556.21,17.78,10.35,0.89,1.83,1.04,6
8/11/2015 6:00,34556.25,19.44,11.18,0.89,3.82,1.11,34
8/11/2015 7:00,34556.29,20.56,11.7,0.89,4.05,1.17,186
8/11/2015 8:00,34556.34,23.33,11.67,1.34,4.49,1.24,377
8/11/2015 9:00,34556.38,26.11,12.54,1.34,3.51,1.31,563
8/11/2015 10:00,34556.42,27.22,12.07,1.79,3.84,1.38,717
8/11/2015 11:00,34556.46,30,12.01,1.79,3.98,1.45,831
8/11/2015 12:00,34556.5,33.33,12.98,1.34,4.73,1.52,890
8/11/2015 13:00,34556.55,35.56,11.39,0.89,3.94,0,901
8/11/2015 14:00,34556.59,35.56,9.31,0.89,3.79,0,852
8/11/2015 15:00,34556.63,35.56,7.77,0.89,4.73,0.05,746
8/11/2015 16:00,34556.67,36.67,7.86,0.89,4,0.09,593
8/11/2015 17:00,34556.71,35.56,6.95,1.79,4.4,0.14,404
8/11/2015 18:00,34556.76,32.78,6.99,0.89,4.61,0.18,134
8/11/2015 19:00,34556.8,30,7.88,0.45,4.8,0.23,20
8/11/2015 20:00,34556.84,27.78,7.09,0.89,5.41,0.27,5
8/11/2015 21:00,34556.88,26.67,6.66,0.45,5.24,0.32,5
8/11/2015 22:00,34556.92,25,7.59,0.89,4.54,0.37,5
8/11/2015 23:00,34556.97,22.78,10.52,0.89,4.78,0.62,6
8/12/2015 0:00,34557,22.22,7.94,0.45,4.82,0.46,6
8/12/2015 1:00,34557.04,20,6.98,0.89,4.56,0.5,6
8/12/2015 2:00,34557.08,19.44,7.47,0.89,4.31,0.55,5
8/12/2015 3:00,34557.13,19.44,8.4,0.89,4.29,0.6,5
8/12/2015 4:00,34557.17,18.89,8.48,0.89,3.58,0.64,5
8/12/2015 5:00,34557.21,17.78,7.73,0.45,3.98,0.69,6
8/12/2015 6:00,34557.25,19.44,9.56,1.34,1.92,0.73,32
8/12/2015 7:00,34557.29,20.56,10.02,0.89,4.14,0.78,185
8/12/2015 8:00,34557.34,23.89,10.52,1.34,4.24,0.82,383
8/12/2015 9:00,34557.38,27.22,11.67,1.79,4.33,0.87,571
8/12/2015 10:00,34557.42,27.78,10.93,2.68,3.91,0.92,727
8/12/2015 11:00,34557.46,30.56,11.56,1.79,4.38,0.96,839
8/12/2015 12:00,34557.5,32.22,10.93,0.89,4.36,1.01,896
8/12/2015 13:00,34557.55,35.56,11.39,1.34,0.31,0,901
8/12/2015 14:00,34557.59,36.11,10.5,1.34,5.72,0,853
8/12/2015 15:00,34557.63,37.78,9.61,0.45,4.54,0.03,750
8/12/2015 16:00,34557.67,38.33,9.23,0.89,5.08,0.06,600
8/12/2015 17:00,34557.71,36.67,6.98,0.45,4.49,0.09,407
8/12/2015 18:00,34557.76,33.89,6.4,0.45,4.56,0.11,123
8/12/2015 19:00,34557.8,30,6.03,0.89,4.4,0.14,18
8/12/2015 20:00,34557.84,27.78,7.62,0.89,4.05,0.17,5
8/12/2015 21:00,34557.88,26.11,8.12,0.89,4.69,0.2,5
8/12/2015 22:00,34557.92,24.44,8.78,0.89,4.59,0.23,5
8/12/2015 23:00,34557.97,22.78,7.29,0.89,4.66,0.41,5
8/13/2015 0:00,34558,22.22,7.94,0.45,4.69,0.28,6
8/13/2015 1:00,34558.04,21.11,8,0.89,4.59,0.31,6
8/13/2015 2:00,34558.08,19.44,7.14,1.34,4.68,0.34,5
8/13/2015 3:00,34558.13,20.56,8.48,1.34,2.09,0.37,5
8/13/2015 4:00,34558.17,20,8.29,0.45,1.73,0.4,5
8/13/2015 5:00,34558.21,17.78,7.15,0.89,4.1,0.43,5
8/13/2015 6:00,34558.25,20,9.51,0.45,0.07,0.46,24
8/13/2015 7:00,34558.29,20.56,8.16,0.89,4.52,0.48,186
8/13/2015 8:00,34558.34,25,10.82,0.45,5.31,0.51,382
8/13/2015 9:00,34558.38,27.78,10.05,0.45,4.85,0.54,567
8/13/2015 10:00,34558.42,30,11.07,2.24,3.77,0.57,708
8/13/2015 11:00,34558.46,31.67,11,1.34,4.75,0.6,832
8/13/2015 12:00,34558.5,34.44,11.69,0.45,3.72,0.63,898
8/13/2015 13:00,34558.55,37.22,11.43,0.89,1.76,0,894
8/13/2015 14:00,34558.59,36.67,9.48,1.79,4.52,0,834
8/13/2015 15:00,34558.63,38.89,9.68,1.79,4.94,0.09,729
8/13/2015 16:00,34558.67,37.78,7.89,1.34,4.36,0.17,578
8/13/2015 17:00,34558.71,37.22,6.5,0.89,4.49,0.26,396
8/13/2015 18:00,34558.76,34.44,7.64,0.45,6.2,0.35,114
8/13/2015 19:00,34558.8,31.11,8.84,0.89,4.36,0.44,20
8/13/2015 20:00,34558.84,28.89,8.59,0.45,4.59,0.52,5
8/13/2015 21:00,34558.88,27.22,10,1.34,5.29,0.61,5
8/13/2015 22:00,34558.92,25,8.88,1.34,4.69,0.7,5
8/13/2015 23:00,34558.97,23.89,9.07,0.45,4.43,0.26,5
8/14/2015 0:00,34559,23.33,7.39,0.89,4.64,0.87,6
8/14/2015 1:00,34559.04,22.22,6.8,1.34,4.49,0.96,6
8/14/2015 2:00,34559.08,21.11,8.33,1.34,4.64,1.05,5
8/14/2015 3:00,34559.13,19.44,8.09,1.34,4.54,1.14,5
8/14/2015 4:00,34559.17,19.44,8.99,0.89,5.36,1.22,5
8/14/2015 5:00,34559.21,18.89,9.33,1.34,4.43,1.31,5
8/14/2015 6:00,34559.25,17.78,9.35,0.89,4.69,1.4,21
8/14/2015 7:00,34559.29,22.22,12.72,0.89,4.05,1.49,175
8/14/2015 8:00,34559.34,23.89,11.87,0.45,4.19,1.57,361
8/14/2015 9:00,34559.38,26.67,11.95,2.24,3.96,1.66,545
8/14/2015 10:00,34559.42,28.89,11.92,1.79,4.21,1.75,701
8/14/2015 11:00,34559.46,31.67,12.53,0.89,5.01,1.83,815
8/14/2015 12:00,34559.5,33.33,12.98,1.34,4.08,1.92,877
8/14/2015 13:00,34559.55,33.89,11.81,1.34,4.92,0,880
8/14/2015 14:00,34559.59,35,10.92,1.79,4.68,0,831
8/14/2015 15:00,34559.63,35.56,11.39,0.89,4.4,0.07,726
8/14/2015 16:00,34559.67,36.67,10.97,1.79,4.57,0.13,576
8/14/2015 17:00,34559.71,35.56,9.31,1.34,5.01,0.2,393
8/14/2015 18:00,34559.76,33.89,9.97,2.24,4.97,0.27,115
8/14/2015 19:00,34559.8,30,7.88,0.89,5.71,0.34,17
8/14/2015 20:00,34559.84,27.78,6.55,0.45,4.4,0.4,5
8/14/2015 21:00,34559.88,26.11,5.65,1.34,4.9,0.47,5
8/14/2015 22:00,34559.92,25.56,5.7,0.89,4.61,0.54,5
8/14/2015 23:00,34559.97,24.44,7.96,1.34,4.73,0.79,5
8/15/2015 0:00,34560,22.78,3.78,0.45,4.66,0.67,5
8/15/2015 1:00,34560.04,23.33,4.75,0.89,4.71,0.74,5
8/15/2015 2:00,34560.08,21.67,3.76,1.34,4.14,0.81,5
8/15/2015 3:00,34560.13,22.78,8.44,0.89,1.87,0.88,5
8/15/2015 4:00,34560.17,20.56,5.3,0.89,4.31,0.94,6
8/15/2015 5:00,34560.21,21.11,6.93,0.89,1.33,1.01,5
8/15/2015 6:00,34560.25,22.78,10.52,2.24,1.82,1.08,26
8/15/2015 7:00,34560.29,25.56,10.95,0.45,1.05,1.15,160
8/15/2015 8:00,34560.34,26.11,9.45,1.34,4.24,1.21,358
8/15/2015 9:00,34560.38,30.56,11.06,0.89,3.94,1.28,548
8/15/2015 10:00,34560.42,32.22,12.01,0.45,5.34,1.35,715
8/15/2015 11:00,34560.46,35,12.17,0.89,4.56,1.41,829
8/15/2015 12:00,34560.5,35.56,10.73,0.89,5.38,1.48,884
8/15/2015 13:00,34560.55,38.33,11.64,2.24,4.61,0,890
8/15/2015 14:00,34560.59,38.33,10.07,1.34,0.82,0,836
8/15/2015 15:00,34560.63,38.89,9.68,1.34,4.03,0.02,729
8/15/2015 16:00,34560.67,38.89,8.79,1.79,4.52,0.04,573
8/15/2015 17:00,34560.71,36.67,7.86,0.89,4.56,0.06,356
8/15/2015 18:00,34560.76,35,8.85,1.34,4.15,0.07,120
8/15/2015 19:00,34560.8,31.11,7.62,0.89,4.54,0.09,33
8/15/2015 20:00,34560.84,31.11,7.62,0.89,4.29,0.11,5
8/15/2015 21:00,34560.88,30.56,5.13,0.45,5.71,0.13,5
8/15/2015 22:00,34560.92,28.89,5.73,0.89,4.63,0.15,5
8/15/2015 23:00,34560.97,24.44,4.73,0.45,4.54,0.61,6
8/16/2015 0:00,34561,28.33,6.46,1.79,1.78,0.19,5
8/16/2015 1:00,34561.04,26.11,6.69,0.45,4.22,0.21,5
8/16/2015 2:00,34561.08,25.56,5.7,0.89,1.36,0.22,5
8/16/2015 3:00,34561.13,25,7.14,2.68,1.38,0.24,5
8/16/2015 4:00,34561.17,25.56,6.69,2.24,1.52,0.26,6
8/16/2015 5:00,34561.21,25.56,6.69,2.24,1.62,0.28,6
8/16/2015 6:00,34561.25,25,7.14,1.79,1.5,0.3,28
8/16/2015 7:00,34561.29,28.89,9.11,0.89,1.41,0.32,180
8/16/2015 8:00,34561.34,31.67,11.52,0.45,6.06,0.34,368
8/16/2015 9:00,34561.38,35,12.17,1.34,4,0.36,560
8/16/2015 10:00,34561.42,35,12.17,0.89,3.74,0.37,686
8/16/2015 11:00,34561.46,37.78,11.17,1.79,4.08,0.39,822
8/16/2015 12:00,34561.5,38.89,7.85,0.89,3.33,0.41,894
8/16/2015 13:00,34561.55,40.56,7.13,1.79,4.61,0,877
8/16/2015 14:00,34561.59,42.22,4.71,1.34,4.26,0,846
8/16/2015 15:00,34561.63,42.22,4.71,1.34,4.54,0.09,710
8/16/2015 16:00,34561.67,41.67,4.28,1.34,4.59,0.18,557
8/16/2015 17:00,34561.71,41.11,3.85,1.79,4.83,0.27,387
8/16/2015 18:00,34561.76,38.33,4.23,0.89,4.64,0.36,109
8/16/2015 19:00,34561.8,34.44,5.17,0.45,5.92,0.45,16
8/16/2015 20:00,34561.84,33.33,5.94,0.45,4.73,0.54,5
8/16/2015 21:00,34561.88,32.22,4.21,0.89,5.76,0.63,5
8/16/2015 22:00,34561.92,31.67,5.33,1.79,1.87,0.73,5
8/16/2015 23:00,34561.97,28.33,6.46,0.89,2.06,0.17,5
8/17/2015 0:00,34562,29.44,4.2,1.34,1.57,0.91,5
8/17/2015 1:00,34562.04,27.78,4.15,1.79,1.27,1,5
8/17/2015 2:00,34562.08,27.78,5.98,2.24,1.5,1.09,5
8/17/2015 3:00,34562.13,27.22,5.5,3.13,1.43,1.18,5
8/17/2015 4:00,34562.17,26.11,5.11,2.24,1.15,1.27,5
8/17/2015 5:00,34562.21,25.56,4.08,1.34,0.07,1.36,5
8/17/2015 6:00,34562.25,26.11,6.18,2.24,1.06,1.45,25
8/17/2015 7:00,34562.29,28.33,6.46,1.79,0.94,1.54,148
8/17/2015 8:00,34562.34,32.78,9.03,0.45,1.87,1.63,297
8/17/2015 9:00,34562.38,33.89,7.18,0.89,4.5,1.72,490
8/17/2015 10:00,34562.42,36.11,8.23,1.34,4.08,1.81,679
8/17/2015 11:00,34562.46,38.89,9.68,1.34,3.89,1.9,804
8/17/2015 12:00,34562.5,40,8.75,0.45,3.4,2,870
8/17/2015 13:00,34562.55,42.22,8.46,0.45,4,0,882
8/17/2015 14:00,34562.59,42.78,5.14,1.34,4.38,0,828
8/17/2015 15:00,34562.63,43.89,6,0.89,4.73,0.12,723
8/17/2015 16:00,34562.67,43.33,5.57,0.89,4.94,0.25,568
8/17/2015 17:00,34562.71,42.22,6.05,0.45,4.68,0.37,374
8/17/2015 18:00,34562.76,38.33,5.36,1.34,4.5,0.5,109
8/17/2015 19:00,34562.8,35,6.49,0.45,4.63,0.62,18
8/17/2015 20:00,34562.84,33.33,6.71,1.34,4.38,0.74,5
8/17/2015 21:00,34562.88,33.33,6.71,0.89,4.52,0.87,5
8/17/2015 22:00,34562.92,30,5.36,0.89,4.89,0.99,5
8/17/2015 23:00,34562.97,29.44,4.9,2.68,1.54,0.82,5
8/18/2015 0:00,34563,26.11,8.58,1.34,4.71,1.24,5
8/18/2015 1:00,34563.04,26.11,9.45,0.89,4.22,1.37,5
8/18/2015 2:00,34563.08,25,8.03,0.45,5.81,1.49,6
8/18/2015 3:00,34563.13,25.56,9.78,0.89,1.4,1.61,6
8/18/2015 4:00,34563.17,25,9.28,1.34,1.73,1.74,6
8/18/2015 5:00,34563.21,24.44,8.38,0.45,4.21,1.86,6
8/18/2015 6:00,34563.25,26.11,7.66,0.89,2.78,1.99,22
8/18/2015 7:00,34563.29,28.89,8.05,0.45,2.91,2.11,138
8/18/2015 8:00,34563.34,29.44,6.2,0.89,3.6,2.23,317
8/18/2015 9:00,34563.38,32.22,7.91,2.68,3.84,2.36,509
8/18/2015 10:00,34563.42,33.33,6.71,1.34,4.21,2.48,669
8/18/2015 11:00,34563.46,35,9.57,2.24,4.08,2.61,763
8/18/2015 12:00,34563.5,37.22,9.95,3.58,3.87,2.73,848
8/18/2015 13:00,34563.55,40,11.45,0.89,4.08,0,867
8/18/2015 14:00,34563.59,40.56,9.2,0.45,2.16,0,819
8/18/2015 15:00,34563.63,41.67,5.62,1.79,4.56,0.04,714
8/18/2015 16:00,34563.67,40,4.31,1.79,4.64,0.09,566
8/18/2015 17:00,34563.71,38.33,3.01,1.79,4.57,0.13,367
8/18/2015 18:00,34563.76,36.11,2.47,0.89,4.56,0.17,85
8/18/2015 19:00,34563.8,32.78,1.95,0.89,4.92,0.22,25
8/18/2015 20:00,34563.84,31.67,1.05,0.45,4.45,0.26,5
8/18/2015 21:00,34563.88,30,-0.29,0.45,4.15,0.3,5
8/18/2015 22:00,34563.92,27.78,-0.27,0.45,4.47,0.35,5
8/18/2015 23:00,34563.97,26.67,6.66,0.89,4.63,1.12,5
8/19/2015 0:00,34564,25.56,5.7,0.45,4.4,0.43,5
8/19/2015 1:00,34564.04,24.44,5.23,1.79,1.36,0.47,6
8/19/2015 2:00,34564.08,23.89,5.24,2.24,1.64,0.52,5
8/19/2015 3:00,34564.13,24.44,6.66,2.24,1.57,0.56,6
8/19/2015 4:00,34564.17,23.33,5.68,0.89,4.54,0.6,6
8/19/2015 5:00,34564.21,22.22,3.78,1.34,0.47,0.65,6
8/19/2015 6:00,34564.25,22.78,9.51,1.79,0.56,0.69,21
8/19/2015 7:00,34564.29,22.78,7.68,1.34,4.47,0.73,150
8/19/2015 8:00,34564.34,25.56,8.95,0.89,5.01,0.78,352
8/19/2015 9:00,34564.38,28.89,9.61,0.89,3.74,0.82,546
8/19/2015 10:00,34564.42,32.22,9.19,0.45,1.29,0.86,705
8/19/2015 11:00,34564.46,33.89,9.32,0.89,4.33,0.91,818
8/19/2015 12:00,34564.5,36.11,7.4,1.34,4.57,0.95,884
8/19/2015 13:00,34564.55,38.33,7.4,1.34,2.93,0,890
8/19/2015 14:00,34564.59,39.44,5.1,0.89,4.47,0,836
8/19/2015 15:00,34564.63,39.44,3.88,0.45,4.87,0.05,728
8/19/2015 16:00,34564.67,38.89,3.44,1.79,4.5,0.1,571
8/19/2015 17:00,34564.71,38.33,1.69,0.89,4.45,0.15,385
8/19/2015 18:00,34564.76,35.56,2.03,0.89,3.86,0.2,82
8/19/2015 19:00,34564.8,31.11,2.45,0.45,0.84,0.25,15
8/19/2015 20:00,34564.84,28.89,3.02,0.45,5.24,0.3,5
8/19/2015 21:00,34564.88,26.67,3.22,0.89,4.38,0.35,5
8/19/2015 22:00,34564.92,25,3.02,0.89,4.01,0.41,5
8/19/2015 23:00,34564.97,26.11,2.1,0.89,5.03,0.39,5
8/20/2015 0:00,34565,21.11,6.93,0.45,3.86,0.51,5
8/20/2015 1:00,34565.04,19.44,8.7,0,3.61,0.56,6
8/20/2015 2:00,34565.08,20,9.51,0.45,0.68,0.61,6
8/20/2015 3:00,34565.13,18.89,8.48,0.45,5.38,0.66,5
8/20/2015 4:00,34565.17,20.56,9.72,1.79,1.36,0.71,5
8/20/2015 5:00,34565.21,19.44,6.81,0.89,2.95,0.76,5
8/20/2015 6:00,34565.25,17.78,7.45,0.45,3.02,0.81,19
8/20/2015 7:00,34565.29,20.56,9.72,0.89,4.38,0.86,147
8/20/2015 8:00,34565.34,23.33,10.36,0.89,4.31,0.91,347
8/20/2015 9:00,34565.38,26.67,10.36,0.89,3.56,0.96,541
8/20/2015 10:00,34565.42,28.89,10.57,1.79,4.24,1.01,702
8/20/2015 11:00,34565.46,31.11,10.52,0.89,4.26,1.06,817
8/20/2015 12:00,34565.5,33.89,10.61,1.34,4.08,1.12,880
8/20/2015 13:00,34565.55,35,8.85,0.89,4.31,0,882
8/20/2015 14:00,34565.59,35.56,8.56,1.79,4.57,0,828
8/20/2015 15:00,34565.63,36.67,7.86,1.34,4.85,0.06,716
8/20/2015 16:00,34565.67,36.67,6.98,0.89,5.67,0.13,559
8/20/2015 17:00,34565.71,36.11,7.4,1.34,4.42,0.19,371
8/20/2015 18:00,34565.76,32.78,6.25,0.89,4.71,0.25,86
8/20/2015 19:00,34565.8,28.89,6.93,0.45,3.75,0.32,17
8/20/2015 20:00,34565.84,28.33,7.57,0.45,4.24,0.38,5
8/20/2015 21:00,34565.88,27.78,7.62,0.45,4.59,0.44,5
8/20/2015 22:00,34565.92,24.44,6.66,0.89,4.57,0.5,5
8/20/2015 23:00,34565.97,23.89,5.24,0.45,4.73,0.46,5
8/21/2015 0:00,34566,21.11,10.24,1.34,4.5,0.63,5
8/21/2015 1:00,34566.04,20.56,9.72,0.89,4.08,0.69,5
8/21/2015 2:00,34566.08,20,10.36,1.34,1.87,0.76,5
8/21/2015 3:00,34566.13,21.11,10.24,0.89,4.29,0.82,5
8/21/2015 4:00,34566.17,20.56,8.48,1.79,1.73,0.88,5
8/21/2015 5:00,34566.21,18.89,9.05,0.89,4.36,0.95,5
8/21/2015 6:00,34566.25,17.78,9.86,0.89,4.01,1.01,21
8/21/2015 7:00,34566.29,21.11,11.4,1.34,4.15,1.07,161
8/21/2015 8:00,34566.34,22.78,11.78,0.45,4.76,1.14,352
8/21/2015 9:00,34566.38,28.33,13.83,0.89,4.21,1.2,539
8/21/2015 10:00,34566.42,30.56,12.5,0.45,0.45,1.26,698
8/21/2015 11:00,34566.46,32.22,11.48,0.45,4.12,1.33,813
8/21/2015 12:00,34566.5,34.44,11.69,1.79,4.78,1.39,874
8/21/2015 13:00,34566.55,35,9.57,0.89,3.89,0,879
8/21/2015 14:00,34566.59,35.56,8.56,0.89,4.47,0,823
8/21/2015 15:00,34566.63,36.11,9.78,3.13,3.6,0.11,687
8/21/2015 16:00,34566.67,36.11,9.78,0.89,5.18,0.22,527
8/21/2015 17:00,34566.71,35.56,7.77,0.89,4.38,0.34,339
8/21/2015 18:00,34566.76,32.22,5.02,0.89,4.26,0.45,88
8/21/2015 19:00,34566.8,29.44,7.98,0.45,4.35,0.56,17
8/21/2015 20:00,34566.84,27.78,8.64,0.45,4.52,0.67,5
8/21/2015 21:00,34566.88,26.11,8.58,0.89,4.33,0.79,5
8/21/2015 22:00,34566.92,24.44,8.38,0.89,5.59,0.9,5
8/21/2015 23:00,34566.97,23.33,8.94,0.45,4.12,0.57,5
8/22/2015 0:00,34567,20,10.64,1.34,4.52,1.12,5
8/22/2015 1:00,34567.04,20,11.44,0.89,4.4,1.23,5
8/22/2015 2:00,34567.08,20.56,11.97,1.34,1.82,1.35,5
8/22/2015 3:00,34567.13,20.56,11.43,1.79,1.17,1.46,5
8/22/2015 4:00,34567.17,20.56,10.88,0.89,4.45,1.57,5
8/22/2015 5:00,34567.21,18.33,9.87,0.45,4.96,1.68,5
8/22/2015 6:00,34567.25,19.44,11.18,0.89,1.38,1.79,13
8/22/2015 7:00,34567.29,21.11,11.4,0,4.52,1.91,95
8/22/2015 8:00,34567.34,22.22,11.86,0.45,4.26,2.02,272
8/22/2015 9:00,34567.38,26.11,12.54,2.24,4,2.13,475
8/22/2015 10:00,34567.42,29.44,13.26,0.89,4.22,2.24,669
8/22/2015 11:00,34567.46,32.78,13.51,1.34,3.49,2.36,790
8/22/2015 12:00,34567.5,33.89,11.81,0.89,4.4,2.47,848
8/22/2015 13:00,34567.55,37.22,12.13,0.89,4.38,0,864
8/22/2015 14:00,34567.59,37.22,10.71,0.89,5.17,0,807
8/22/2015 15:00,34567.63,37.78,10.41,0.45,5.36,0.12,692
8/22/2015 16:00,34567.67,38.33,10.07,0.89,5.29,0.23,537
8/22/2015 17:00,34567.71,37.22,9.95,0.45,5.03,0.35,339
8/22/2015 18:00,34567.76,33.89,9.32,0.45,5.79,0.46,95
8/22/2015 19:00,34567.8,31.11,10.52,0.45,4.33,0.58,21
8/22/2015 20:00,34567.84,28.89,9.11,0.45,5.41,0.69,5
8/22/2015 21:00,34567.88,27.78,9.12,0.45,4.07,0.81,5
8/22/2015 22:00,34567.92,25.56,8.52,0.89,4.57,0.92,5
8/22/2015 23:00,34567.97,21.67,10.14,0.89,4.36,1.01,5
8/23/2015 0:00,34568,22.78,9.51,0.89,4.31,1.15,5
8/23/2015 1:00,34568.04,21.67,9.82,0.89,4.38,1.27,5
8/23/2015 2:00,34568.08,22.22,10.33,0.89,1.8,1.38,6
8/23/2015 3:00,34568.13,20.56,9.72,0.89,5.01,1.5,5
8/23/2015 4:00,34568.17,19.44,9.56,0.89,4.15,1.61,5
8/23/2015 5:00,34568.21,18.89,10.4,0.45,3.53,1.73,5
8/23/2015 6:00,34568.25,19.44,11.43,1.79,1.1,1.84,15
8/23/2015 7:00,34568.29,21.67,11.92,1.79,4.63,1.96,121
8/23/2015 8:00,34568.34,22.22,12.15,1.34,4,2.07,291
8/23/2015 9:00,34568.38,27.22,13.56,0.45,4.28,2.19,445
8/23/2015 10:00,34568.42,31.11,13.45,0.45,5.83,2.3,671
8/23/2015 11:00,34568.46,33.89,12.37,2.24,3.96,2.42,776
8/23/2015 12:00,34568.5,35,12.17,0.45,5.71,2.53,844
8/23/2015 13:00,34568.55,35.56,12.03,0.89,4.19,4.5,719
8/23/2015 14:00,34568.59,37.22,11.43,1.34,4.15,0,785
8/23/2015 15:00,34568.63,38.33,10.87,0.89,4.54,0.07,691
8/23/2015 16:00,34568.67,36.67,10.24,1.34,4.52,0.14,418
8/23/2015 17:00,34568.71,36.67,9.48,1.34,4.19,0.21,327
8/23/2015 18:00,34568.76,33.89,9.97,0.89,6.11,0.28,93
8/23/2015 19:00,34568.8,30.56,9.49,0.45,5.22,0.35,19
8/23/2015 20:00,34568.84,28.89,9.11,1.34,4.82,0.42,5
8/23/2015 21:00,34568.88,28.33,10.08,0.89,4.38,0.49,5
8/23/2015 22:00,34568.92,26.11,10.67,0.89,4.56,0.56,5
8/23/2015 23:00,34568.97,25,10.07,0.45,1.1,1.04,5
8/24/2015 0:00,34569,22.22,9.68,1.34,4.45,0.7,6
8/24/2015 1:00,34569.04,21.67,10.14,0.89,2.62,0.77,5
8/24/2015 2:00,34569.08,22.22,10.96,0.89,4.38,0.84,6
8/24/2015 3:00,34569.13,21.11,10.54,0.89,4.14,0.91,6
8/24/2015 4:00,34569.17,20.56,10.6,0.45,5.92,0.98,5
8/24/2015 5:00,34569.21,20,9.8,0.89,4.71,1.05,5
8/24/2015 6:00,34569.25,21.11,11.4,1.79,1.03,1.12,14
8/24/2015 7:00,34569.29,23.89,11.87,0.89,0.93,1.19,134
8/24/2015 8:00,34569.34,24.44,10.67,0.89,4.33,1.26,328
8/24/2015 9:00,34569.38,28.33,12.26,0.89,4.24,1.33,525
8/24/2015 10:00,34569.42,31.11,12.53,0.89,4.47,1.4,693
8/24/2015 11:00,34569.46,33.33,12.98,0.89,4.56,1.47,805
8/24/2015 12:00,34569.5,35,12.17,0.89,5.5,1.54,865
8/24/2015 13:00,34569.55,36.67,11.66,1.34,4.61,0,864
8/24/2015 14:00,34569.59,38.33,10.87,1.79,4.45,0,807
8/24/2015 15:00,34569.63,38.89,10.53,1.79,4.22,0.07,694
8/24/2015 16:00,34569.67,38.89,9.68,1.34,4.57,0.15,542
8/24/2015 17:00,34569.71,37.78,8.77,0.89,4.56,0.22,355
8/24/2015 18:00,34569.76,35,8.1,0.89,5.9,0.3,66
8/24/2015 19:00,34569.8,31.67,7.44,0.45,4.82,0.37,14
8/24/2015 20:00,34569.84,30.56,8.36,0.89,4.9,0.45,5
8/24/2015 21:00,34569.88,27.22,6.61,0.89,4.26,0.52,5
8/24/2015 22:00,34569.92,26.67,7.17,0.89,4.57,0.59,5
8/24/2015 23:00,34569.97,24.44,11.03,0.45,4.64,0.63,5
8/25/2015 0:00,34570,25,6.68,0.89,4.52,0.74,6
8/25/2015 1:00,34570.04,22.78,6.06,0.45,5.69,0.82,5
8/25/2015 2:00,34570.08,22.22,7.94,0.45,5.22,0.89,5
8/25/2015 3:00,34570.13,23.33,10.36,0.89,1.8,0.97,6
8/25/2015 4:00,34570.17,22.78,10.52,0.89,1.15,1.04,5
8/25/2015 5:00,34570.21,21.67,8.84,0.89,3.28,1.11,5
8/25/2015 6:00,34570.25,22.22,10.33,1.79,1.76,1.19,15
8/25/2015 7:00,34570.29,23.89,9.81,3.13,1.13,1.26,144
8/25/2015 8:00,34570.34,29.44,10.58,0.89,5.93,1.34,346
8/25/2015 9:00,34570.38,31.11,9.97,0.89,4.1,1.41,535
8/25/2015 10:00,34570.42,33.89,11.81,1.34,3.96,1.48,687
8/25/2015 11:00,34570.46,34.44,11.08,1.34,4.49,1.56,798
8/25/2015 12:00,34570.5,36.11,11.19,1.34,3.74,1.63,861
8/25/2015 13:00,34570.55,38.89,9.68,0.45,5.52,0,867
8/25/2015 14:00,34570.59,38.89,7.85,0.89,4.73,0,815
8/25/2015 15:00,34570.63,40,5.54,1.79,4.73,0.09,721
8/25/2015 16:00,34570.67,40.56,4.75,1.34,4.42,0.18,539
8/25/2015 17:00,34570.71,40,4.31,0.89,3.96,0.27,385
8/25/2015 18:00,34570.76,37.22,4.47,0.45,4.97,0.36,59
8/25/2015 19:00,34570.8,33.89,5.58,0.89,4.66,0.46,14
8/25/2015 20:00,34570.84,32.22,6.53,0.89,3,0.55,5
8/25/2015 21:00,34570.88,30,6.67,0.45,5.65,0.64,5
8/25/2015 22:00,34570.92,28.89,9.11,1.79,1.4,0.73,5
8/25/2015 23:00,34570.97,25.56,8.09,0.45,2.36,0.67,5
8/26/2015 0:00,34571,27.78,6.55,1.34,1.9,0.91,5
8/26/2015 1:00,34571.04,25.56,4.63,0.45,4.4,1,5
8/26/2015 2:00,34571.08,25,8.46,0.45,2.65,1.09,5
8/26/2015 3:00,34571.13,25,5.72,0.45,1.29,1.18,5
8/26/2015 4:00,34571.17,24.44,5.72,0.89,1.95,1.28,6
8/26/2015 5:00,34571.21,22.78,4.73,0.45,3.79,1.37,5
8/26/2015 6:00,34571.25,21.67,5.9,0.89,3.87,1.46,11
8/26/2015 7:00,34571.29,24.44,8.78,0,4.31,1.55,61
8/26/2015 8:00,34571.34,27.22,10,0.89,0.91,1.64,315
8/26/2015 9:00,34571.38,31.11,8.84,0.45,4.73,1.73,528
8/26/2015 10:00,34571.42,32.78,9.66,1.34,4.24,1.82,677
8/26/2015 11:00,34571.46,35.56,10.73,0.45,4.12,1.91,786
8/26/2015 12:00,34571.5,38.33,8.34,0.45,5.53,2.01,851
8/26/2015 13:00,34571.55,38.89,4.66,1.79,4.43,0,863
8/26/2015 14:00,34571.59,39.44,3.88,2.68,4.57,0,807
8/26/2015 15:00,34571.63,40,4.31,0.45,4.85,0.11,696
8/26/2015 16:00,34571.67,40,5.54,0.45,0.33,0.21,534
8/26/2015 17:00,34571.71,38.89,4.66,0.89,5.01,0.32,318
8/26/2015 18:00,34571.76,36.67,2.91,1.34,5.69,0.43,48
8/26/2015 19:00,34571.8,33.89,2.84,0.45,0.26,0.54,10
8/26/2015 20:00,34571.84,31.11,3.3,0.45,5.48,0.64,5
8/26/2015 21:00,34571.88,31.11,2.45,0.89,0.23,0.75,5
8/26/2015 22:00,34571.92,29.44,3.48,0.45,4.83,0.86,5
8/26/2015 23:00,34571.97,27.22,9.1,1.79,0.94,0.82,5
8/27/2015 0:00,34572,25.56,5.17,0.89,1.97,1.07,5
8/27/2015 1:00,34572.04,25,6.21,0.45,6.09,1.18,5
8/27/2015 2:00,34572.08,25,7.14,1.34,1.57,1.28,6
8/27/2015 3:00,34572.13,23.89,9.07,0.45,5.86,1.39,5
8/27/2015 4:00,34572.17,22.78,7.68,0.89,1.17,1.5,5
8/27/2015 5:00,34572.21,23.33,6.55,0.89,1.26,1.61,5
8/27/2015 6:00,34572.25,23.89,4.75,0.89,3.68,1.71,12
8/27/2015 7:00,34572.29,26.67,6.13,0.45,1.24,1.82,106
8/27/2015 8:00,34572.34,27.22,7.65,0.45,1.15,1.93,287
8/27/2015 9:00,34572.38,32.22,7.91,0.89,3.72,2.03,470
8/27/2015 10:00,34572.42,33.89,10.61,0.89,3.98,2.14,595
8/27/2015 11:00,34572.46,35,9.57,0.89,4.17,2.25,755
8/27/2015 12:00,34572.5,36.67,9.48,2.24,4.07,2.36,840
8/27/2015 13:00,34572.55,38.89,9.68,1.79,4.73,0,852
8/27/2015 14:00,34572.59,40,7.75,0.45,4.42,0,781
8/27/2015 15:00,34572.63,41.11,6.42,0.89,5.03,0.11,688
8/27/2015 16:00,34572.67,40.56,5.98,1.34,4.76,0.22,531
8/27/2015 17:00,34572.71,39.44,5.1,1.34,4.38,0.33,341
8/27/2015 18:00,34572.76,37.22,5.52,4.02,6.21,0.45,63
8/27/2015 19:00,34572.8,34.44,4.25,0.89,4.31,0.56,11
8/27/2015 20:00,34572.84,32.78,5.48,0.89,5.76,0.67,5
8/27/2015 21:00,34572.88,31.11,4.87,1.34,6.27,0.78,5
8/27/2015 22:00,34572.92,30.56,5.83,0.89,4.61,0.89,5
8/27/2015 23:00,34572.97,27.78,4.15,0.89,1.73,0.96,5
8/28/2015 0:00,34573,26.67,6.66,0.45,5.81,1.11,5
8/28/2015 1:00,34573.04,26.67,8.15,1.34,1.43,1.23,5
8/28/2015 2:00,34573.08,25.56,7.17,2.24,2.36,1.34,5
8/28/2015 3:00,34573.13,24.44,7.1,1.79,1.75,1.45,6
8/28/2015 4:00,34573.17,25,7.59,2.24,1.17,1.56,5
8/28/2015 5:00,34573.21,25,6.68,2.68,1.33,1.67,5
8/28/2015 6:00,34573.25,25.56,6.2,2.68,1.52,1.78,13
8/28/2015 7:00,34573.29,27.78,7.09,1.34,4.63,1.89,123
8/28/2015 8:00,34573.34,30,11.07,1.34,1.27,2.01,320
8/28/2015 9:00,34573.38,34.44,9.79,1.79,4.12,2.12,517
8/28/2015 10:00,34573.42,36.11,9.02,2.24,4.14,2.23,681
8/28/2015 11:00,34573.46,36.11,9.02,0.89,3.23,2.34,795
8/28/2015 12:00,34573.5,40.56,11.05,0.45,2.88,2.45,835
8/28/2015 13:00,34573.55,40,9.7,1.79,3.82,0,850
8/28/2015 14:00,34573.59,41.11,9.65,0.45,3.32,0,803
8/28/2015 15:00,34573.63,42.78,8.9,0.45,4.28,0.09,696
8/28/2015 16:00,34573.67,41.67,6.86,1.34,4.15,0.19,536
8/28/2015 17:00,34573.71,41.11,5.18,0.89,4.61,0.28,342
8/28/2015 18:00,34573.76,38.89,5.8,1.34,4.56,0.37,64
8/28/2015 19:00,34573.8,34.44,6.85,2.68,5.64,0.46,11
8/28/2015 20:00,34573.84,32.22,6.53,1.79,5.83,0.56,5
8/28/2015 21:00,34573.88,29.44,7.98,1.79,4.73,0.65,5
8/28/2015 22:00,34573.92,27.22,8.15,1.34,4.43,0.74,5
8/28/2015 23:00,34573.97,28.33,5.26,0.89,3.8,1,5
8/29/2015 0:00,34574,26.67,10.77,1.79,0.73,0.93,5
8/29/2015 1:00,34574.04,25,8.03,1.34,4.57,1.02,5
8/29/2015 2:00,34574.08,24.44,9.18,0.45,5.29,1.11,6
8/29/2015 3:00,34574.13,25,10.44,1.34,1.73,1.2,5
8/29/2015 4:00,34574.17,24.44,8.38,0.45,4.19,1.3,6
8/29/2015 5:00,34574.21,22.22,8.3,0.45,4.54,1.39,6
8/29/2015 6:00,34574.25,21.11,8,0.89,4.29,1.48,16
8/29/2015 7:00,34574.29,24.44,9.94,0.45,4.31,1.58,156
8/29/2015 8:00,34574.34,28.33,10.54,0.89,4.89,1.67,349
8/29/2015 9:00,34574.38,31.11,9.97,1.34,5.79,1.76,535
8/29/2015 10:00,34574.42,33.33,10.74,2.24,4.4,1.85,689
8/29/2015 11:00,34574.46,32.78,10.26,1.34,4.97,1.95,795
8/29/2015 12:00,34574.5,33.89,10.61,1.79,4.5,2.04,843
8/29/2015 13:00,34574.55,35,10.26,1.34,4.64,0.16,813
8/29/2015 14:00,34574.59,35.56,9.31,0.89,4.89,0,723
8/29/2015 15:00,34574.63,35.56,9.31,1.34,4.64,0.08,650
8/29/2015 16:00,34574.67,35.56,9.31,1.79,3.75,0.16,404
8/29/2015 17:00,34574.71,35,10.26,2.24,5.45,0.24,315
8/29/2015 18:00,34574.76,33.33,11.33,0.89,5.53,0.31,94
8/29/2015 19:00,34574.8,30.56,12.5,3.58,5.97,0.39,15
8/29/2015 20:00,34574.84,27.22,13.91,1.79,5.76,0.47,5
8/29/2015 21:00,34574.88,26.11,13.24,0.89,4.99,0.55,5
8/29/2015 22:00,34574.92,25,11.88,0.45,5.59,0.63,5
8/29/2015 23:00,34574.97,27.22,8.63,0.89,4.71,0.83,5
8/30/2015 0:00,34575,21.67,7.07,1.34,4.43,0.79,5
8/30/2015 1:00,34575.04,20.56,7.14,0.45,4.71,0.87,5
8/30/2015 2:00,34575.08,20.56,8.16,1.34,4.54,0.94,5
8/30/2015 3:00,34575.13,18.89,6.63,0.89,5.59,1.02,5
8/30/2015 4:00,34575.17,18.33,6.45,0.89,4.96,1.1,5
8/30/2015 5:00,34575.21,17.78,6.86,0.89,4.75,1.18,5
8/30/2015 6:00,34575.25,18.33,8.53,0.45,4.43,1.26,12
8/30/2015 7:00,34575.29,20,9.21,0.89,4.36,1.34,106
8/30/2015 8:00,34575.34,23.89,9.81,2.24,0.93,1.42,312
8/30/2015 9:00,34575.38,27.78,12.57,1.34,1.69,1.5,522
8/30/2015 10:00,34575.42,30.56,12.5,1.34,1.83,1.57,671
8/30/2015 11:00,34575.46,30,10.58,3.13,4.45,1.65,784
8/30/2015 12:00,34575.5,31.11,9.42,1.79,4.59,1.73,847
8/30/2015 13:00,34575.55,31.67,8.09,1.79,4.8,0,849
8/30/2015 14:00,34575.59,32.78,7.7,2.24,5.24,0,791
8/30/2015 15:00,34575.63,33.33,7.46,0.89,5.5,0.07,675
8/30/2015 16:00,34575.67,32.78,6.99,2.24,5.46,0.14,511
8/30/2015 17:00,34575.71,32.22,7.23,0.89,5.72,0.21,318
8/30/2015 18:00,34575.76,29.44,4.2,0.45,5.2,0.28,56
8/30/2015 19:00,34575.8,26.11,2.75,0.89,5.17,0.35,12
8/30/2015 20:00,34575.84,25,4.69,0.45,6.02,0.42,5
8/30/2015 21:00,34575.88,23.33,4.27,0.89,4.68,0.49,5
8/30/2015 22:00,34575.92,22.78,5.19,1.34,4.64,0.56,6
8/30/2015 23:00,34575.97,22.78,9.51,1.79,4.85,0.71,5
8/31/2015 0:00,34576,20.56,8.48,0.45,4.92,0.7,5
8/31/2015 1:00,34576.04,18.89,8.76,0.45,4.15,0.77,5
8/31/2015 2:00,34576.08,19.44,9.84,0.45,4.82,0.84,5
8/31/2015 3:00,34576.13,17.78,8.83,0.89,2.39,0.91,5
8/31/2015 4:00,34576.17,19.44,9.28,1.34,2.15,0.98,6
8/31/2015 5:00,34576.21,17.22,7.49,0.89,3.18,1.05,5
8/31/2015 6:00,34576.25,17.78,7.45,0.45,4.19,1.12,15
8/31/2015 7:00,34576.29,21.67,11.35,1.34,1.05,1.19,136
8/31/2015 8:00,34576.34,25.56,12.04,0.45,4.19,1.26,328
8/31/2015 9:00,34576.38,25.56,9.37,1.79,3.86,1.33,521
8/31/2015 10:00,34576.42,27.22,9.1,1.79,3.44,1.4,680
8/31/2015 11:00,34576.46,30,10.07,0.89,3.54,1.47,792
8/31/2015 12:00,34576.5,32.22,9.79,0.89,4.17,1.53,848
8/31/2015 13:00,34576.55,33.33,9.5,1.34,3.74,0,850
8/31/2015 14:00,34576.59,33.89,7.92,0.45,0.12,0,790
8/31/2015 15:00,34576.63,35,6.49,0.89,3.05,0.05,668
8/31/2015 16:00,34576.67,35.56,6.07,0.45,3.11,0.11,504
8/31/2015 17:00,34576.71,34.44,5.17,0.89,4.08,0.16,313
8/31/2015 18:00,34576.76,31.11,4.1,0.89,4.43,0.21,75
8/31/2015 19:00,34576.8,28.89,4.43,0.89,5.03,0.26,14
8/31/2015 20:00,34576.84,27.22,4.31,0.45,4.76,0.32,5
8/31/2015 21:00,34576.88,27.22,4.92,0.89,4.12,0.37,5
8/31/2015 22:00,34576.92,26.11,8.58,1.34,1.33,0.42,5
8/31/2015 23:00,34576.97,21.11,5.8,0.89,4.42,0.63,5
9/1/2015 0:00,34577,23.89,5.71,1.79,1.68,0.53,6
9/1/2015 1:00,34577.04,22.78,7.68,0.89,2.16,0.58,5
9/1/2015 2:00,34577.08,22.78,7.68,3.13,1.61,0.63,5
9/1/2015 3:00,34577.13,21.67,6.3,3.13,1.38,0.68,5
9/1/2015 4:00,34577.17,22.22,7.57,2.24,1.61,0.74,5
9/1/2015 5:00,34577.21,21.11,6.93,1.79,1.73,0.79,5
9/1/2015 6:00,34577.25,21.11,6.93,3.13,1.47,0.84,13
9/1/2015 7:00,34577.29,23.33,8.18,2.68,1.82,0.9,118
9/1/2015 8:00,34577.34,27.22,9.56,0.89,4.47,0.95,289
9/1/2015 9:00,34577.38,30.56,8.36,0.89,4.14,1,504
9/1/2015 10:00,34577.42,32.22,8.56,1.34,4.33,1.05,670
9/1/2015 11:00,34577.46,33.89,8.63,1.79,4.54,1.11,785
9/1/2015 12:00,34577.5,36.11,7.4,1.34,4.83,1.16,851
9/1/2015 13:00,34577.55,36.67,6.05,0.89,4.64,0,841
9/1/2015 14:00,34577.59,36.11,5.6,0.89,4.49,0,751
9/1/2015 15:00,34577.63,36.11,5.6,0.89,4.45,0.19,608
9/1/2015 16:00,34577.67,36.11,5.6,0.45,1.55,0.37,464
9/1/2015 17:00,34577.71,35,4.7,1.79,4.75,0.56,297
9/1/2015 18:00,34577.76,32.22,4.21,0.89,4.49,0.75,61
9/1/2015 19:00,34577.8,30,6.03,0.45,4.03,0.93,12
9/1/2015 20:00,34577.84,28.89,5.73,1.34,5.92,1.12,5
9/1/2015 21:00,34577.88,26.67,5.59,0.89,4.61,1.31,5
9/1/2015 22:00,34577.92,25.56,5.17,0.89,4.31,1.49,5
9/1/2015 23:00,34577.97,25,6.68,2.24,1.83,0.47,5
9/2/2015 0:00,34578,21.11,6.19,0.89,4.64,1.87,5
9/2/2015 1:00,34578.04,21.11,6.93,0.45,4.33,2.05,5
9/2/2015 2:00,34578.08,20.56,6.43,1.34,4.38,2.24,6
9/2/2015 3:00,34578.13,18.89,6.31,0.89,4.69,2.43,6
9/2/2015 4:00,34578.17,20,7.65,0.45,5.2,2.61,5
9/2/2015 5:00,34578.21,19.44,7.47,0.45,5.38,2.8,5
9/2/2015 6:00,34578.25,19.44,8.7,1.34,1.66,2.99,14
9/2/2015 7:00,34578.29,22.22,10.01,0.89,1.34,3.17,114
9/2/2015 8:00,34578.34,24.44,9.57,0.89,4.08,3.36,286
9/2/2015 9:00,34578.38,26.67,10.36,2.24,3.87,3.55,485
9/2/2015 10:00,34578.42,28.33,10.08,0.89,4.03,3.73,649
9/2/2015 11:00,34578.46,31.11,9.97,0.89,3.79,3.92,763
9/2/2015 12:00,34578.5,31.67,9.31,1.34,4.17,4.11,762
9/2/2015 13:00,34578.55,33.33,8.85,0.89,4.35,0,829
9/2/2015 14:00,34578.59,34.44,9.1,1.79,4.4,0,752
9/2/2015 15:00,34578.63,35.56,8.56,0.45,3.28,0.08,641
9/2/2015 16:00,34578.67,35,7.31,0.45,0.19,0.15,497
9/2/2015 17:00,34578.71,32.22,6.53,1.34,4.68,0.23,267
9/2/2015 18:00,34578.76,30,6.67,1.34,4.35,0.31,51
9/2/2015 19:00,34578.8,27.22,7.65,1.34,3.91,0.39,11
9/2/2015 20:00,34578.84,24.44,7.54,0.89,4.19,0.46,5
9/2/2015 21:00,34578.88,23.33,8.57,0.89,5.22,0.54,5
9/2/2015 22:00,34578.92,22.22,9.01,0.89,4.43,0.62,5
9/2/2015 23:00,34578.97,21.67,5.08,1.34,4.63,1.68,5
9/3/2015 0:00,34579,18.89,8.76,0.89,4.49,0.77,5
9/3/2015 1:00,34579.04,17.78,8.56,0.89,5.29,0.85,5
9/3/2015 2:00,34579.08,16.67,8.56,0.89,4.12,0.92,6
9/3/2015 3:00,34579.13,17.22,9.83,0.89,4.36,1,6
9/3/2015 4:00,34579.17,16.11,9.01,0.89,4.36,1.08,6
9/3/2015 5:00,34579.21,16.11,9.48,0.89,4.17,1.16,6
9/3/2015 6:00,34579.25,16.11,9.71,1.79,4.75,1.23,13
9/3/2015 7:00,34579.29,17.78,10.35,0.45,4.33,1.31,128
9/3/2015 8:00,34579.34,21.11,11.12,1.79,4.26,1.39,312
9/3/2015 9:00,34579.38,23.89,11.87,0.89,4.24,1.46,500
9/3/2015 10:00,34579.42,26.11,11.82,0.45,5.22,1.54,660
9/3/2015 11:00,34579.46,29.44,11.52,0.89,4.03,1.62,775
9/3/2015 12:00,34579.5,30.56,9.49,0.45,2.69,1.7,837
9/3/2015 13:00,34579.55,31.11,7.62,1.34,4.82,0,836
9/3/2015 14:00,34579.59,31.67,7.44,0.45,3.02,0,772
9/3/2015 15:00,34579.63,31.67,6.06,0.89,4.56,0.08,653
9/3/2015 16:00,34579.67,32.22,7.23,0.89,4.19,0.16,491
9/3/2015 17:00,34579.71,31.11,7.62,0.45,5.22,0.25,297
9/3/2015 18:00,34579.76,27.78,7.62,1.79,4.61,0.33,45
9/3/2015 19:00,34579.8,25.56,7.63,0.89,4.9,0.41,10
9/3/2015 20:00,34579.84,23.89,7.88,0.45,4.56,0.49,5
9/3/2015 21:00,34579.88,21.67,7.8,0.45,0.75,0.58,5
9/3/2015 22:00,34579.92,20.56,8.16,0.89,4.45,0.66,5
9/3/2015 23:00,34579.97,21.11,9.63,1.34,4.78,0.69,5
9/4/2015 0:00,34580,17.78,4.28,0.89,4.52,0.82,5
9/4/2015 1:00,34580.04,16.67,5.23,0.45,4.71,0.9,6
9/4/2015 2:00,34580.08,16.11,5.32,1.34,4.49,0.99,6
9/4/2015 3:00,34580.13,16.67,6.41,0.45,4.68,1.07,6
9/4/2015 4:00,34580.17,15.56,4.81,1.34,4.59,1.15,6
9/4/2015 5:00,34580.21,16.67,6.98,0.89,1.13,1.23,6
9/4/2015 6:00,34580.25,16.67,7.25,0.45,2.41,1.32,13
9/4/2015 7:00,34580.29,18.33,8.25,0,2.98,1.4,125
9/4/2015 8:00,34580.34,21.67,9.17,1.34,4.63,1.48,310
9/4/2015 9:00,34580.38,23.33,9.67,1.34,3.3,1.56,495
9/4/2015 10:00,34580.42,26.11,10.67,0.89,3.58,1.64,651
9/4/2015 11:00,34580.46,27.78,9.59,0.89,4.24,1.73,768
9/4/2015 12:00,34580.5,31.11,9.42,2.24,4.38,1.81,832
9/4/2015 13:00,34580.55,30.56,7.76,1.79,4.38,0,831
9/4/2015 14:00,34580.59,31.67,7.44,1.34,4.4,0,771
9/4/2015 15:00,34580.63,31.11,5.6,0.89,1.97,0.12,657
9/4/2015 16:00,34580.67,31.11,4.87,0.89,3.61,0.24,494
9/4/2015 17:00,34580.71,30.56,2,1.34,5.59,0.36,299
9/4/2015 18:00,34580.76,27.22,-4.56,0.45,4.75,0.48,42
9/4/2015 19:00,34580.8,23.89,-7.19,1.34,4.8,0.6,9
9/4/2015 20:00,34580.84,21.67,4.65,0.45,5.18,0.72,5
9/4/2015 21:00,34580.88,18.33,5.13,1.79,4.54,0.84,5
9/4/2015 22:00,34580.92,17.22,5.43,0.89,4.69,0.96,6
9/4/2015 23:00,34580.97,19.44,5.06,0.89,5.18,0.74,5
9/5/2015 0:00,34581,16.11,2.77,0.89,4.28,1.2,6
9/5/2015 1:00,34581.04,16.11,3.11,0.45,0.26,1.32,6
9/5/2015 2:00,34581.08,16.11,4.09,1.34,2.06,1.44,6
9/5/2015 3:00,34581.13,15,2.1,0.89,4.19,1.56,6
9/5/2015 4:00,34581.17,14.44,3.19,0.45,3.74,1.67,6
9/5/2015 5:00,34581.21,13.33,2.17,1.34,4.28,1.79,6
9/5/2015 6:00,34581.25,13.33,2.46,0.89,4.35,1.91,11
9/5/2015 7:00,34581.29,16.67,4.6,1.79,2.36,2.03,89
9/5/2015 8:00,34581.34,17.22,4.46,1.34,4.49,2.15,308
9/5/2015 9:00,34581.38,21.11,5.8,0.89,4.03,2.27,469
9/5/2015 10:00,34581.42,22.78,5.63,1.34,3.56,2.39,621
9/5/2015 11:00,34581.46,26.11,6.69,0.89,4.07,2.51,760
9/5/2015 12:00,34581.5,28.89,6.34,0.89,4.43,2.63,809
9/5/2015 13:00,34581.55,31.67,6.06,0.89,2.01,0,818
9/5/2015 14:00,34581.59,30.56,3.64,0.45,5.9,0,766
9/5/2015 15:00,34581.63,30.56,4.4,0.89,4.61,0.1,649
9/5/2015 16:00,34581.67,31.67,5.33,0.89,4.59,0.2,488
9/5/2015 17:00,34581.71,29.44,4.9,1.34,4.43,0.3,294
9/5/2015 18:00,34581.76,26.67,2.56,0.45,4.63,0.4,49
9/5/2015 19:00,34581.8,25,1.81,0.45,4.59,0.51,10
9/5/2015 20:00,34581.84,23.33,2.17,0.45,4.36,0.61,5
9/5/2015 21:00,34581.88,21.67,0.18,0.89,4.73,0.71,5
9/5/2015 22:00,34581.92,21.11,0.27,0.45,3.87,0.81,5
9/5/2015 23:00,34581.97,16.11,4.72,1.34,4.66,1.08,6
9/6/2015 0:00,34582,20.56,2.78,2.24,1.55,1.01,5
9/6/2015 1:00,34582.04,19.44,3.52,0.89,2.22,1.11,5
9/6/2015 2:00,34582.08,18.33,2.93,1.79,1.83,1.21,6
9/6/2015 3:00,34582.13,18.33,4.43,2.24,1.78,1.32,6
9/6/2015 4:00,34582.17,18.33,4.43,2.68,1.64,1.42,6
9/6/2015 5:00,34582.21,17.78,3.93,2.68,1.94,1.52,6
9/6/2015 6:00,34582.25,17.78,3.56,2.24,1.87,1.62,12
9/6/2015 7:00,34582.29,18.89,4.56,0.89,1.2,1.72,87
9/6/2015 8:00,34582.34,23.89,6.61,0.45,5.45,1.82,278
9/6/2015 9:00,34582.38,24.44,5.23,0.45,3.98,1.92,457
9/6/2015 10:00,34582.42,28.33,5.87,0.89,4.12,2.02,639
9/6/2015 11:00,34582.46,28.89,5.73,0.89,3.84,2.12,706
9/6/2015 12:00,34582.5,31.67,6.06,0.89,3.49,2.23,817
9/6/2015 13:00,34582.55,33.33,4.26,1.34,0.44,0,796
9/6/2015 14:00,34582.59,33.33,2.39,2.68,4.54,0,764
9/6/2015 15:00,34582.63,34.44,2.25,1.34,5.2,0.18,645
9/6/2015 16:00,34582.67,34.44,1.15,0.89,4.66,0.37,494
9/6/2015 17:00,34582.71,33.33,1.37,0.45,5.13,0.55,290
9/6/2015 18:00,34582.76,30,-0.29,0.89,4.31,0.73,41
9/6/2015 19:00,34582.8,26.67,-1.18,0.89,4.76,0.91,9
9/6/2015 20:00,34582.84,25,-1.72,0.45,5.9,1.1,5
9/6/2015 21:00,34582.88,23.33,-0.24,0.45,0.07,1.28,5
9/6/2015 22:00,34582.92,22.78,1.7,1.79,1.2,1.46,6
9/6/2015 23:00,34582.97,20,3.6,1.34,1.41,0.91,5
9/7/2015 0:00,34583,21.67,1.29,3.13,1.48,1.83,5
9/7/2015 1:00,34583.04,21.11,1.84,3.13,1.47,2.01,5
9/7/2015 2:00,34583.08,21.11,1.33,3.13,1.55,2.19,5
9/7/2015 3:00,34583.13,20.56,-0.21,2.24,1.55,2.37,5
9/7/2015 4:00,34583.17,21.11,0.27,1.34,1.64,2.56,5
9/7/2015 5:00,34583.21,18.89,0.87,2.24,1.43,2.74,5
9/7/2015 6:00,34583.25,18.89,-0.09,2.68,1.43,2.92,10
9/7/2015 7:00,34583.29,20,0.37,2.24,1.43,3.1,71
9/7/2015 8:00,34583.34,22.22,0.66,1.34,1.06,3.29,215
9/7/2015 9:00,34583.38,27.78,4.79,0.45,5.1,3.47,385
9/7/2015 10:00,34583.42,28.89,0.64,0.89,4.35,3.65,525
9/7/2015 11:00,34583.46,31.11,2.45,0.89,2.72,3.83,664
9/7/2015 12:00,34583.5,33.89,3.8,0.89,4.78,4.02,753
9/7/2015 13:00,34583.55,34.44,2.25,0.45,3.04,3.37,729
9/7/2015 14:00,34583.59,35.56,3.14,1.34,4.22,0,740
9/7/2015 15:00,34583.63,36.67,1.7,0.89,4.49,0.18,611
9/7/2015 16:00,34583.67,36.11,-0.03,0.89,4.66,0.37,454
9/7/2015 17:00,34583.71,35,-0.89,0.89,4.42,0.55,260
9/7/2015 18:00,34583.76,32.78,-1.34,0.45,4.42,0.74,49
9/7/2015 19:00,34583.8,30,-2.36,1.34,5.67,0.92,8
9/7/2015 20:00,34583.84,29.44,-1.73,0.45,0.63,1.1,5
9/7/2015 21:00,34583.88,27.22,-3.5,0.45,5.18,1.29,5
9/7/2015 22:00,34583.92,26.11,-0.81,2.24,1.26,1.47,5
9/7/2015 23:00,34583.97,21.67,0.18,2.68,1.57,1.64,5
9/8/2015 0:00,34584,23.89,-1.14,2.68,1.19,1.84,5
9/8/2015 1:00,34584.04,23.33,-0.9,2.68,1.64,2.02,5
9/8/2015 2:00,34584.08,23.33,0.4,3.13,1.38,2.21,5
9/8/2015 3:00,34584.13,22.78,-0.07,3.13,1.5,2.39,5
9/8/2015 4:00,34584.17,23.33,-0.9,1.34,1.13,2.57,5
9/8/2015 5:00,34584.21,22.78,-0.07,1.34,1.06,2.76,5
9/8/2015 6:00,34584.25,21.11,0.27,1.34,1.29,2.94,10
9/8/2015 7:00,34584.29,22.78,-0.07,0.89,0.87,3.12,76
9/8/2015 8:00,34584.34,25,1.16,0.45,4.45,3.31,230
9/8/2015 9:00,34584.38,26.67,3.22,0.89,3.39,3.49,404
9/8/2015 10:00,34584.42,28.89,3.74,0.45,4.33,3.68,526
9/8/2015 11:00,34584.46,32.22,5.79,0.45,3.19,3.86,633
9/8/2015 12:00,34584.5,35,4.7,0.89,4.4,4.04,749
9/8/2015 13:00,34584.55,36.11,3.58,0.89,4.47,2.12,761
9/8/2015 14:00,34584.59,37.78,2.57,0.89,4.28,0,711
9/8/2015 15:00,34584.63,40,1.53,0.45,4.43,0.14,595
9/8/2015 16:00,34584.67,38.89,0.68,0.89,5.76,0.28,445
9/8/2015 17:00,34584.71,37.78,1.26,0.45,4.45,0.42,252
9/8/2015 18:00,34584.76,34.44,1.15,0.45,4.75,0.56,39
9/8/2015 19:00,34584.8,32.22,0.48,0.89,4.76,0.7,8
9/8/2015 20:00,34584.84,31.11,-1.48,0.89,6.27,0.84,5
9/8/2015 21:00,34584.88,29.44,-0.73,1.34,3.72,0.97,5
9/8/2015 22:00,34584.92,27.78,2.1,1.79,1.54,1.11,5
9/8/2015 23:00,34584.97,23.89,-0.44,2.68,1.82,1.65,5
9/9/2015 0:00,34585,26.67,1.88,0.89,1.66,1.39,5
9/9/2015 1:00,34585.04,25,4.69,1.79,0.82,1.53,5
9/9/2015 2:00,34585.08,24.44,2.55,0.89,4.21,1.67,5
9/9/2015 3:00,34585.13,24.44,6.2,1.79,0.77,1.81,6
9/9/2015 4:00,34585.17,24.44,4.73,1.79,1.52,1.95,6
9/9/2015 5:00,34585.21,25,4.16,3.13,1.52,2.09,5
9/9/2015 6:00,34585.25,25,5.21,3.58,1.48,2.23,9
9/9/2015 7:00,34585.29,25,4.69,2.68,1.64,2.37,82
9/9/2015 8:00,34585.34,29.44,7.41,0.45,4.69,2.51,235
9/9/2015 9:00,34585.38,31.67,7.44,0.45,4.03,2.65,420
9/9/2015 10:00,34585.42,33.89,7.18,0.89,4.71,2.79,574
9/9/2015 11:00,34585.46,35.56,6.95,0.45,0.93,2.92,713
9/9/2015 12:00,34585.5,38.33,7.4,1.34,5.25,3.06,784
9/9/2015 13:00,34585.55,39.44,6.24,0.89,4.99,0,794
9/9/2015 14:00,34585.59,40,4.31,0.45,4.64,0,735
9/9/2015 15:00,34585.63,41.11,3.85,1.79,4.61,0.17,633
9/9/2015 16:00,34585.67,40.56,4.75,1.79,4.42,0.34,465
9/9/2015 17:00,34585.71,40.56,4.75,1.34,4.31,0.51,255
9/9/2015 18:00,34585.76,36.11,3.58,0.45,4.05,0.68,71
9/9/2015 19:00,34585.8,34.44,5.17,1.34,3.89,0.85,8
9/9/2015 20:00,34585.84,32.78,4.66,0.45,3.79,1.01,5
9/9/2015 21:00,34585.88,31.67,5.33,0.45,2.93,1.18,5
9/9/2015 22:00,34585.92,29.44,4.9,0.45,2.53,1.35,5
9/9/2015 23:00,34585.97,27.78,0.56,0.45,3.4,1.25,5
9/10/2015 0:00,34586,27.78,5.39,1.79,1.61,1.69,5
9/10/2015 1:00,34586.04,27.78,5.98,2.24,1.69,1.86,5
9/10/2015 2:00,34586.08,26.67,5.59,2.24,1.69,2.03,5
9/10/2015 3:00,34586.13,27.78,5.98,1.34,1.43,2.2,5
9/10/2015 4:00,34586.17,26.67,6.66,1.34,1.2,2.37,5
9/10/2015 5:00,34586.21,25,9.28,1.79,1.03,2.54,5
9/10/2015 6:00,34586.25,25.56,7.17,2.68,1.15,2.7,9
9/10/2015 7:00,34586.29,26.11,6.69,2.24,1.1,2.87,80
9/10/2015 8:00,34586.34,29.44,7.41,0.45,4.56,3.04,237
9/10/2015 9:00,34586.38,33.33,10.13,0.45,4.45,3.21,390
9/10/2015 10:00,34586.42,38.89,12.1,0.45,3.32,3.38,579
9/10/2015 11:00,34586.46,36.67,7.86,1.34,4.83,3.55,701
9/10/2015 12:00,34586.5,40,8.75,0.89,4.38,3.72,757
9/10/2015 13:00,34586.55,40,7.75,1.79,4,1.86,760
9/10/2015 14:00,34586.59,40.56,7.13,0.89,1.41,2.69,639
9/10/2015 15:00,34586.63,38.89,6.86,0.89,4.5,2.83,459
9/10/2015 16:00,34586.67,38.33,6.41,0.89,4,2.98,229
9/10/2015 17:00,34586.71,37.78,7.89,0.89,4.28,3.13,127
9/10/2015 18:00,34586.76,35.56,6.07,0.89,4.28,3.27,59
9/10/2015 19:00,34586.8,33.33,5.12,0.89,5.13,3.42,7
9/10/2015 20:00,34586.84,32.22,7.91,0.89,0.56,3.56,5
9/10/2015 21:00,34586.88,32.22,6.53,1.79,0.87,3.71,5
9/10/2015 22:00,34586.92,30.56,7.14,2.24,1.19,3.86,5
9/10/2015 23:00,34586.97,29.44,7.41,1.34,1.22,1.52,5
9/11/2015 0:00,34587,27.78,7.09,2.24,1.52,4.15,5
9/11/2015 1:00,34587.04,27.78,6.55,2.24,1.87,4.29,5
9/11/2015 2:00,34587.08,28.33,5.26,1.34,2.09,4.44,5
9/11/2015 3:00,34587.13,26.11,8.58,2.68,0.87,4.59,5
9/11/2015 4:00,34587.17,27.22,7.65,2.68,1.34,4.73,5
9/11/2015 5:00,34587.21,27.22,6.07,1.34,1.36,4.88,5
9/11/2015 6:00,34587.25,25.56,5.7,1.34,4.31,5.02,8
9/11/2015 7:00,34587.29,26.11,7.18,0.89,0.54,5.17,65
9/11/2015 8:00,34587.34,26.67,9.07,0.89,4.66,5.32,146
9/11/2015 9:00,34587.38,28.33,9.12,0.45,4.56,5.46,258
9/11/2015 10:00,34587.42,31.11,10.52,0.89,0.73,5.61,388
9/11/2015 11:00,34587.46,35,9.57,2.24,3.91,5.75,568
9/11/2015 12:00,34587.5,36.11,8.23,1.79,3.91,5.9,641
9/11/2015 13:00,34587.55,38.89,8.79,1.79,4.83,3.6,709
9/11/2015 14:00,34587.59,40,9.7,0.89,4.69,1.99,650
9/11/2015 15:00,34587.63,39.44,8.3,1.34,4.38,2.23,613
9/11/2015 16:00,34587.67,39.44,9.25,0.89,4.52,2.48,360
9/11/2015 17:00,34587.71,35.56,8.56,0.89,5.08,2.72,143
9/11/2015 18:00,34587.76,33.89,8.63,0.89,5.43,2.96,41
9/11/2015 19:00,34587.8,32.22,6.53,0.45,3.98,3.21,6
9/11/2015 20:00,34587.84,31.11,4.1,1.34,4.68,3.45,5
9/11/2015 21:00,34587.88,30.56,3.64,0.89,4.4,3.7,5
9/11/2015 22:00,34587.92,29.44,3.48,0.89,2.6,3.94,5
9/11/2015 23:00,34587.97,30,7.88,3.13,1.62,4,5
9/12/2015 0:00,34588,27.78,4.79,1.34,1.47,4.43,5
9/12/2015 1:00,34588.04,25.56,10.18,2.24,1.05,4.68,5
9/12/2015 2:00,34588.08,27.22,7.65,3.13,1.43,4.92,5
9/12/2015 3:00,34588.13,27.78,8.14,3.58,1.52,5.17,5
9/12/2015 4:00,34588.17,26.67,7.17,2.68,1.41,5.41,5
9/12/2015 5:00,34588.21,25.56,6.69,2.68,1.27,5.66,5
9/12/2015 6:00,34588.25,26.11,7.18,1.79,1.57,5.9,9
9/12/2015 7:00,34588.29,26.11,7.18,0.89,1.9,6.15,83
9/12/2015 8:00,34588.34,27.78,9.12,1.79,0.07,6.39,223
9/12/2015 9:00,34588.38,30,9.01,0.89,0.28,6.63,194
9/12/2015 10:00,34588.42,35.56,13.24,0.89,5.85,6.88,446
9/12/2015 11:00,34588.46,36.67,12.33,0.45,4.33,7.12,633
9/12/2015 12:00,34588.5,37.22,9.95,0.89,4.68,7.37,534
9/12/2015 13:00,34588.55,37.22,8.31,0.89,4.54,5.4,625
9/12/2015 14:00,34588.59,36.11,3.58,1.34,4.28,8.73,335
9/12/2015 15:00,34588.63,36.11,-3.01,1.34,5.81,8.67,356
9/12/2015 16:00,34588.67,33.33,-0.91,2.24,4.49,8.62,185
9/12/2015 17:00,34588.71,32.22,-0.61,0.89,5.76,8.56,126
9/12/2015 18:00,34588.76,30.56,1.1,0.89,4.75,8.5,33
9/12/2015 19:00,34588.8,27.78,2.81,0.89,4.66,8.45,5
9/12/2015 20:00,34588.84,27.78,4.79,0.89,4.43,8.39,5
9/12/2015 21:00,34588.88,26.67,5.03,0.89,0.58,8.33,5
9/12/2015 22:00,34588.92,26.11,5.11,1.34,1.5,8.27,5
9/12/2015 23:00,34588.97,28.89,3.74,0.89,3.63,4.19,5
9/13/2015 0:00,34589,25,6.21,0.45,2.72,8.16,5
9/13/2015 1:00,34589.04,25.56,7.17,3.13,1.61,8.1,5
9/13/2015 2:00,34589.08,26.11,3.97,1.34,3.86,8.05,5
9/13/2015 3:00,34589.13,25.56,4.63,0.89,4.31,7.99,5
9/13/2015 4:00,34589.17,25,8.03,0.45,4.29,7.93,5
9/13/2015 5:00,34589.21,23.89,9.44,1.34,0.58,7.88,5
9/13/2015 6:00,34589.25,23.89,7.47,2.68,1.64,7.82,8
9/13/2015 7:00,34589.29,26.11,6.18,0.45,1.24,7.76,76
9/13/2015 8:00,34589.34,28.89,8.59,1.34,1.24,7.71,250
9/13/2015 9:00,34589.38,30,6.67,1.79,3.91,7.65,360
9/13/2015 10:00,34589.42,32.22,5.79,2.24,4.03,7.59,555
9/13/2015 11:00,34589.46,32.22,6.53,0.45,1.71,7.54,516
9/13/2015 12:00,34589.5,35.56,6.07,1.34,2.62,7.48,523
9/13/2015 13:00,34589.55,36.67,4.03,0.89,4.12,0,787
9/13/2015 14:00,34589.59,38.89,4.66,0.45,4.83,0,755
9/13/2015 15:00,34589.63,38.89,4.66,0.89,4.59,0.45,600
9/13/2015 16:00,34589.67,38.89,3.44,0.45,5.13,0.91,448
9/13/2015 17:00,34589.71,34.44,2.25,0.45,4.61,1.36,208
9/13/2015 18:00,34589.76,31.67,3.75,0.45,4.29,1.82,32
9/13/2015 19:00,34589.8,30,4.67,0.89,5.85,2.27,6
9/13/2015 20:00,34589.84,30.56,5.13,1.34,0.96,2.73,5
9/13/2015 21:00,34589.88,27.78,5.39,2.24,1.4,3.18,5
9/13/2015 22:00,34589.92,27.22,3.03,2.24,1.88,3.64,5
9/13/2015 23:00,34589.97,25.56,5.7,0.89,4.07,8.22,5
9/14/2015 0:00,34590,25,3.02,0.89,4.49,4.55,5
9/14/2015 1:00,34590.04,23.89,6.61,2.24,1.34,5,5
9/14/2015 2:00,34590.08,23.89,2.65,0.89,3.84,5.45,5
9/14/2015 3:00,34590.13,23.33,4.27,0.89,2.67,5.91,5
9/14/2015 4:00,34590.17,23.33,4.75,1.34,1.71,6.36,5
9/14/2015 5:00,34590.21,22.78,4.73,1.79,1.24,6.82,5
9/14/2015 6:00,34590.25,21.67,4.21,2.68,1.8,7.27,10
9/14/2015 7:00,34590.29,24.44,5.72,0.89,1.15,7.73,89
9/14/2015 8:00,34590.34,25,6.21,1.34,4.47,8.18,137
9/14/2015 9:00,34590.38,25,8.03,1.79,4.1,8.64,97
9/14/2015 10:00,34590.42,25,9.28,0.89,3.39,9.09,71
9/14/2015 11:00,34590.46,21.11,11.12,3.13,2.02,9.55,95
9/14/2015 12:00,34590.5,22.22,12.44,4.47,1.85,10,131
9/14/2015 13:00,34590.55,23.33,14.31,4.47,1.55,10,103
9/14/2015 14:00,34590.59,25.56,15.83,3.58,1.17,7.56,413
9/14/2015 15:00,34590.63,26.11,13.91,2.68,2.27,7.5,167
9/14/2015 16:00,34590.67,26.11,12.19,2.24,3.11,7.44,149
9/14/2015 17:00,34590.71,25,10.07,1.34,2.13,7.39,119
9/14/2015 18:00,34590.76,24.44,11.38,1.79,2.13,7.33,40
9/14/2015 19:00,34590.8,24.44,11.72,2.24,2.23,7.28,6
9/14/2015 20:00,34590.84,23.33,11.36,1.79,1.78,7.22,5
9/14/2015 21:00,34590.88,23.89,11.87,0.45,3.4,7.17,5
9/14/2015 22:00,34590.92,23.89,12.19,0.45,6.13,7.11,5
9/14/2015 23:00,34590.97,26.67,4.45,2.68,1.61,4.09,5
9/15/2015 0:00,34591,22.22,11.57,1.79,1.88,7,5
9/15/2015 1:00,34591.04,21.67,12.47,0.89,1.88,6.94,5
9/15/2015 2:00,34591.08,21.67,12.74,2.24,2.06,6.89,5
9/15/2015 3:00,34591.13,20.56,12.74,0.89,4.64,6.83,5
9/15/2015 4:00,34591.17,21.11,14.48,0.45,5.27,6.77,5
9/15/2015 5:00,34591.21,18.89,13.7,0.45,4.64,6.72,5
9/15/2015 6:00,34591.25,18.89,14.54,0.89,1.4,6.66,6
9/15/2015 7:00,34591.29,19.44,15.28,2.68,2.3,6.61,36
9/15/2015 8:00,34591.34,22.78,17.67,0.89,3.98,6.55,181
9/15/2015 9:00,34591.38,22.78,17.45,0.89,4.71,6.49,262
9/15/2015 10:00,34591.42,26.11,18.51,0.89,5.85,6.44,444
9/15/2015 11:00,34591.46,25,16.42,1.34,3.54,6.38,402
9/15/2015 12:00,34591.5,28.89,18.66,1.34,4.19,6.33,603
9/15/2015 13:00,34591.55,30,17.48,1.34,4.17,0,797
9/15/2015 14:00,34591.59,30.56,16.59,1.79,4.08,0,730
9/15/2015 15:00,34591.63,30,16.08,0.89,4.19,0,614
9/15/2015 16:00,34591.67,29.44,15.21,0.89,4.43,0,395
9/15/2015 17:00,34591.71,28.89,14.33,1.34,5.13,0,270
9/15/2015 18:00,34591.76,25,10.82,0.89,5.17,0,56
9/15/2015 19:00,34591.8,23.33,9.31,2.24,5.67,0,6
9/15/2015 20:00,34591.84,22.22,5.14,0.45,5.29,0,5
9/15/2015 21:00,34591.88,19.44,4.31,1.79,5.06,0,5
9/15/2015 22:00,34591.92,20,5.19,1.34,5.55,0,5
9/15/2015 23:00,34591.97,23.33,12.6,0.89,1.15,7.05,5
9/16/2015 0:00,34592,17.78,5.29,1.34,5.29,0,5
9/16/2015 1:00,34592.04,16.67,6.13,0.45,3.46,0,5
9/16/2015 2:00,34592.08,15,5.43,0.89,4.43,0,5
9/16/2015 3:00,34592.13,15,6.48,1.34,4.45,0,5
9/16/2015 4:00,34592.17,13.89,6.19,0.45,5.38,0,6
9/16/2015 5:00,34592.21,11.67,5.02,1.34,4.61,0,6
9/16/2015 6:00,34592.25,11.11,5.37,0.89,4.08,0,8
9/16/2015 7:00,34592.29,13.33,6.83,0.45,4.83,0,110
9/16/2015 8:00,34592.34,17.22,8.57,0.45,5.29,0,312
9/16/2015 9:00,34592.38,18.89,7.88,1.34,0.66,0,499
9/16/2015 10:00,34592.42,22.22,7.57,1.34,4.33,0,656
9/16/2015 11:00,34592.46,25.56,7.63,1.34,3.56,0,767
9/16/2015 12:00,34592.5,26.67,7.17,0.45,3.4,0,822
9/16/2015 13:00,34592.55,27.22,5.5,2.24,4.01,0,817
9/16/2015 14:00,34592.59,27.22,4.92,1.79,5.01,0,748
9/16/2015 15:00,34592.63,28.33,5.26,1.34,3.8,0,625
9/16/2015 16:00,34592.67,28.33,4.62,0.89,4.71,0,457
9/16/2015 17:00,34592.71,26.67,2.56,0.45,4.17,0,230
9/16/2015 18:00,34592.76,23.89,2.65,0.45,5.79,0,27
9/16/2015 19:00,34592.8,21.11,2.33,0.89,5.65,0,6
9/16/2015 20:00,34592.84,20,3.6,0.89,4.4,0,5
9/16/2015 21:00,34592.88,20,5.57,1.34,5.55,0,5
9/16/2015 22:00,34592.92,17.78,4.62,0.45,4.87,0,5
9/16/2015 23:00,34592.97,18.89,4.56,0.89,5.13,0,5
9/17/2015 0:00,34593,16.11,6.18,0.45,4.89,0,6
9/17/2015 1:00,34593.04,15.56,5.94,0.45,4.61,0,6
9/17/2015 2:00,34593.08,15.56,6.21,0.89,5.78,0,6
9/17/2015 3:00,34593.13,16.11,6.18,1.79,1.78,0,6
9/17/2015 4:00,34593.17,15,5.96,1.79,1.76,0,6
9/17/2015 5:00,34593.21,16.11,6.73,1.34,1.05,0,6
9/17/2015 6:00,34593.25,13.89,4.92,0.89,4.43,0,9
9/17/2015 7:00,34593.29,17.22,6.93,0.89,2.04,0,111
9/17/2015 8:00,34593.34,18.89,7.58,0.89,4.4,0,309
9/17/2015 9:00,34593.38,23.33,9.31,0.89,3.63,0,498
9/17/2015 10:00,34593.42,27.22,10.44,1.34,3.68,0,654
9/17/2015 11:00,34593.46,25.56,8.95,0.89,4.73,0,761
9/17/2015 12:00,34593.5,27.78,10.05,0.89,5.06,0,814
9/17/2015 13:00,34593.55,26.67,6.66,2.68,4.78,0,805
9/17/2015 14:00,34593.59,28.33,8.11,1.34,4.73,0,735
9/17/2015 15:00,34593.63,28.33,8.11,1.34,4.47,0.04,612
9/17/2015 16:00,34593.67,28.33,9.12,0.89,4.99,0.07,442
9/17/2015 17:00,34593.71,27.22,8.63,1.34,4.49,0.11,212
9/17/2015 18:00,34593.76,23.89,7.47,1.34,5.39,0.15,28
9/17/2015 19:00,34593.8,22.22,7.57,0.89,4.5,0.19,6
9/17/2015 20:00,34593.84,20.56,7.49,0.45,5.71,0.22,5
9/17/2015 21:00,34593.88,20.56,8.48,0.89,5.01,0.26,5
9/17/2015 22:00,34593.92,18.89,8.18,0.89,6.13,0.3,5
9/17/2015 23:00,34593.97,16.11,5.02,0.45,2.67,0,6
9/18/2015 0:00,34594,17.78,8.56,0.89,4.12,0.37,6
9/18/2015 1:00,34594.04,16.11,7.53,0.45,5.69,0.41,6
9/18/2015 2:00,34594.08,17.22,9.34,0.45,2.5,0.45,6
9/18/2015 3:00,34594.13,15.56,8.01,1.34,4.64,0.48,6
9/18/2015 4:00,34594.17,15,8.19,0.45,5.2,0.52,6
9/18/2015 5:00,34594.21,16.11,9.48,0.45,2.44,0.56,6
9/18/2015 6:00,34594.25,15.56,8.95,0.89,1.36,0.59,8
9/18/2015 7:00,34594.29,18.33,11.12,1.79,1.45,0.63,100
9/18/2015 8:00,34594.34,21.11,11.4,0.45,4.07,0.67,295
9/18/2015 9:00,34594.38,23.89,11.21,0.45,3.02,0.71,482
9/18/2015 10:00,34594.42,27.22,11.67,1.34,4.47,0.74,636
9/18/2015 11:00,34594.46,27.78,10.49,2.24,3.89,0.78,748
9/18/2015 12:00,34594.5,29.44,11.06,0.45,0.45,0.82,801
9/18/2015 13:00,34594.55,31.67,12.04,0.45,3.32,0,797
9/18/2015 14:00,34594.59,32.22,10.37,0.45,4.21,0,733
9/18/2015 15:00,34594.63,33.33,10.13,0.45,0.52,0,610
9/18/2015 16:00,34594.67,33.33,8.85,0.89,4.47,0,446
9/18/2015 17:00,34594.71,31.11,6.3,0.89,4.64,0,223
9/18/2015 18:00,34594.76,26.67,5.03,0.89,4.73,0,25
9/18/2015 19:00,34594.8,25,5.72,0.45,3.84,0,6
9/18/2015 20:00,34594.84,23.33,4.75,0.45,5.81,0,5
9/18/2015 21:00,34594.88,23.33,5.22,0.45,4.82,0,5
9/18/2015 22:00,34594.92,22.78,6.89,2.24,1.43,0,5
9/18/2015 23:00,34594.97,18.33,8.53,0.45,4.19,0.33,5
9/19/2015 0:00,34595,21.11,7.3,2.24,1.78,0,5
9/19/2015 1:00,34595.04,20,5.57,0.89,2.74,0,5
9/19/2015 2:00,34595.08,19.44,6.81,1.79,1.73,0,5
9/19/2015 3:00,34595.13,18.33,6.45,2.68,1.61,0,5
9/19/2015 4:00,34595.17,18.33,6.45,3.13,1.38,0,5
9/19/2015 5:00,34595.21,17.78,6.25,2.68,1.5,0,5
9/19/2015 6:00,34595.25,18.89,6.96,2.68,1.4,0,8
9/19/2015 7:00,34595.29,20,7.65,2.68,1.24,0,105
9/19/2015 8:00,34595.34,23.89,10.17,0.89,0.96,0,302
9/19/2015 9:00,34595.38,27.78,9.59,1.34,4.26,0,488
9/19/2015 10:00,34595.42,30,9.55,1.34,2.36,0,641
9/19/2015 11:00,34595.46,32.22,9.79,0.45,3.37,0,754
9/19/2015 12:00,34595.5,33.33,9.5,0.89,4.15,0,812
9/19/2015 13:00,34595.55,35,8.1,0.45,5.76,0,808
9/19/2015 14:00,34595.59,34.44,6.85,1.34,3.53,0,740
9/19/2015 15:00,34595.63,35.56,6.95,0.45,4.96,0.06,620
9/19/2015 16:00,34595.67,36.11,5.6,0.89,4.78,0.11,450
9/19/2015 17:00,34595.71,34.44,3.29,0.45,3.74,0.17,222
9/19/2015 18:00,34595.76,30,3.18,0.89,4.69,0.23,24
9/19/2015 19:00,34595.8,28.33,5.26,0.45,5.78,0.29,6
9/19/2015 20:00,34595.84,27.22,5.5,0.89,0.21,0.34,5
9/19/2015 21:00,34595.88,26.67,5.03,1.79,1.52,0.4,5
9/19/2015 22:00,34595.92,25.56,5.7,2.68,1.61,0.46,5
9/19/2015 23:00,34595.97,20.56,6.07,2.68,1.54,0,5
9/20/2015 0:00,34596,23.33,3.77,2.24,1.64,0.57,5
9/20/2015 1:00,34596.04,23.89,4.75,1.34,1.01,0.63,5
9/20/2015 2:00,34596.08,22.22,4.7,1.79,1.48,0.69,5
9/20/2015 3:00,34596.13,21.67,3.76,1.79,1.22,0.74,5
9/20/2015 4:00,34596.17,22.22,5.57,2.68,1.41,0.8,5
9/20/2015 5:00,34596.21,22.22,3.3,2.68,1.55,0.86,5
9/20/2015 6:00,34596.25,23.33,3.25,0.89,0.93,0.92,8
9/20/2015 7:00,34596.29,23.89,6.17,0.89,1.82,0.97,89
9/20/2015 8:00,34596.34,27.22,7.14,0.45,4.89,1.03,294
9/20/2015 9:00,34596.38,30,6.03,0.45,3.86,1.09,488
9/20/2015 10:00,34596.42,33.33,7.46,0.45,5.76,1.14,638
9/20/2015 11:00,34596.46,35.56,6.07,0.89,4.26,1.2,740
9/20/2015 12:00,34596.5,37.78,6.95,0.89,4.71,1.26,789
9/20/2015 13:00,34596.55,38.33,6.41,0.45,4.12,0,779
9/20/2015 14:00,34596.59,39.44,6.24,1.79,4.61,0,712
9/20/2015 15:00,34596.63,40,5.54,0.89,5.1,0,590
9/20/2015 16:00,34596.67,38.89,5.8,1.34,4.28,0,431
9/20/2015 17:00,34596.71,38.33,5.36,0.89,3.96,0,228
9/20/2015 18:00,34596.76,33.89,4.71,0.89,5.22,0,33
9/20/2015 19:00,34596.8,31.67,3.75,0.45,3.75,0,5
9/20/2015 20:00,34596.84,29.44,4.2,0.89,0.47,0,5
9/20/2015 21:00,34596.88,30.56,5.83,1.34,1.05,0,5
9/20/2015 22:00,34596.92,28.33,5.87,1.79,1.31,0,5
9/20/2015 23:00,34596.97,24.44,5.72,1.79,0.79,0.51,5
9/21/2015 0:00,34597,25.56,7.63,2.24,1.22,0,5
9/21/2015 1:00,34597.04,27.22,8.15,1.34,1.22,0,5
9/21/2015 2:00,34597.08,26.11,7.18,0.89,2.48,0,6
9/21/2015 3:00,34597.13,23.89,6.17,0.45,2.44,0,5
9/21/2015 4:00,34597.17,24.44,10.31,1.34,1.01,0,5
9/21/2015 5:00,34597.21,24.44,9.18,1.34,0.73,0,5
9/21/2015 6:00,34597.25,23.33,10.36,1.34,0.86,0,7
9/21/2015 7:00,34597.29,27.22,12.45,1.34,6.28,0,83
9/21/2015 8:00,34597.34,29.44,11.52,0.45,1.29,0,283
9/21/2015 9:00,34597.38,35,12.17,0.45,6,0,474
9/21/2015 10:00,34597.42,36.11,9.02,0.45,3.05,0,626
9/21/2015 11:00,34597.46,37.78,9.61,0.45,2.78,0,741
9/21/2015 12:00,34597.5,38.89,8.79,1.79,5.39,0,796
9/21/2015 13:00,34597.55,38.89,8.79,0.45,5.36,0,784
9/21/2015 14:00,34597.59,39.44,9.25,0.89,5.13,0,713
9/21/2015 15:00,34597.63,41.11,8.65,1.34,4.92,0.02,593
9/21/2015 16:00,34597.67,39.44,6.24,0.45,4.5,0.03,421
9/21/2015 17:00,34597.71,37.22,5.52,1.79,4.5,0.05,197
9/21/2015 18:00,34597.76,35.56,6.07,2.24,5.74,0.07,23
9/21/2015 19:00,34597.8,31.67,5.33,1.79,6.21,0.09,5
9/21/2015 20:00,34597.84,31.11,5.6,0.45,3.04,0.1,5
9/21/2015 21:00,34597.88,30.56,5.83,0.89,6.18,0.12,5
9/21/2015 22:00,34597.92,30,6.67,0.89,1.01,0.14,5
9/21/2015 23:00,34597.97,27.22,7.14,1.34,1.29,0,5
9/22/2015 0:00,34598,27.22,7.65,2.68,1.71,0.17,5
9/22/2015 1:00,34598.04,27.78,7.09,2.68,1.69,0.19,5
9/22/2015 2:00,34598.08,26.11,6.69,0.89,4.26,0.21,5
9/22/2015 3:00,34598.13,25.56,6.69,0.45,5.95,0.23,5
9/22/2015 4:00,34598.17,23.33,9.31,1.34,0.91,0.24,5
9/22/2015 5:00,34598.21,23.33,11.36,1.34,1.06,0.26,5
9/22/2015 6:00,34598.25,23.33,7.79,1.79,1.52,0.28,7
9/22/2015 7:00,34598.29,27.22,8.63,0.45,4.64,0.3,90
9/22/2015 8:00,34598.34,28.33,9.12,0.45,5.06,0.31,281
9/22/2015 9:00,34598.38,31.67,9.89,0.89,3.82,0.33,472
9/22/2015 10:00,34598.42,35,8.1,0.45,0.09,0.35,630
9/22/2015 11:00,34598.46,35.56,5.15,1.34,4.83,0.37,739
9/22/2015 12:00,34598.5,36.11,4.63,1.79,4.61,0.38,789
9/22/2015 13:00,34598.55,36.67,4.03,1.79,4.54,0,777
9/22/2015 14:00,34598.59,38.33,6.41,1.34,4.17,0,705
9/22/2015 15:00,34598.63,37.78,5.97,0.45,5.25,0,581
9/22/2015 16:00,34598.67,36.67,4.03,0.89,4.68,0,417
9/22/2015 17:00,34598.71,35,3.73,1.34,5.97,0,189
9/22/2015 18:00,34598.76,31.11,2.45,0.45,5.93,0,22
9/22/2015 19:00,34598.8,29.44,3.48,0.45,4.69,0,5
9/22/2015 20:00,34598.84,26.11,2.1,0.89,4.96,0,5
9/22/2015 21:00,34598.88,25,3.02,1.34,4.43,0,5
9/22/2015 22:00,34598.92,21.67,-0.4,1.79,4.4,0,6
9/22/2015 23:00,34598.97,27.78,6.55,1.79,1.61,0.16,5
9/23/2015 0:00,34599,20,-3.69,1.34,4.63,0,5
9/23/2015 1:00,34599.04,21.11,1.84,0.45,5.46,0,5
9/23/2015 2:00,34599.08,19.44,2.25,0.89,1.71,0,5
9/23/2015 3:00,34599.13,19.44,3.11,0.89,1.34,0,6
9/23/2015 4:00,34599.17,17.78,0.35,1.34,4.42,0,6
9/23/2015 5:00,34599.21,17.22,0.3,0.45,3.68,0,6
9/23/2015 6:00,34599.25,15.56,-0.34,0.89,3.96,0,7
9/23/2015 7:00,34599.29,17.78,2.04,0.89,4.92,0,82
9/23/2015 8:00,34599.34,21.67,4.65,0.89,5.04,0,277
9/23/2015 9:00,34599.38,26.11,6.18,0.89,2.53,0,465
9/23/2015 10:00,34599.42,28.89,6.93,2.68,4.57,0,624
9/23/2015 11:00,34599.46,31.11,6.97,0.89,4.33,0,734
9/23/2015 12:00,34599.5,33.89,7.92,0.45,3.77,0,790
9/23/2015 13:00,34599.55,33.89,4.71,1.34,4.68,0,785
9/23/2015 14:00,34599.59,33.89,3.8,1.34,4.99,0,716
9/23/2015 15:00,34599.63,35.56,4.18,0.45,3.19,0.08,595
9/23/2015 16:00,34599.67,35,2.7,0.89,3.79,0.16,428
9/23/2015 17:00,34599.71,32.78,1.95,0.89,4.36,0.24,197
9/23/2015 18:00,34599.76,28.33,2.56,0.45,4.83,0.31,22
9/23/2015 19:00,34599.8,27.22,4.31,0.45,3.86,0.39,5
9/23/2015 20:00,34599.84,25,3.02,0.45,5.62,0.47,5
9/23/2015 21:00,34599.88,23.89,7.05,0.45,6.04,0.55,5
9/23/2015 22:00,34599.92,24.44,4.73,1.79,1.8,0.63,5
9/23/2015 23:00,34599.97,21.67,-2.3,0.89,4.85,0,5
9/24/2015 0:00,34600,22.78,3.78,2.24,1.94,0.78,5
9/24/2015 1:00,34600.04,22.22,2.8,2.24,1.75,0.86,6
9/24/2015 2:00,34600.08,21.11,3.27,1.79,1.54,0.94,5
9/24/2015 3:00,34600.13,21.11,3.72,2.68,1.62,1.02,5
9/24/2015 4:00,34600.17,20.56,3.67,1.34,1.48,1.1,5
9/24/2015 5:00,34600.21,20.56,3.67,3.13,1.45,1.18,5
9/24/2015 6:00,34600.25,20,4.01,3.58,1.5,1.26,8
9/24/2015 7:00,34600.29,21.67,5.08,1.34,1.1,1.33,57
9/24/2015 8:00,34600.34,24.44,7.1,1.79,0.84,1.41,222
9/24/2015 9:00,34600.38,27.78,6.55,0.89,4.64,1.49,347
9/24/2015 10:00,34600.42,31.11,6.3,0.45,4.9,1.57,573
9/24/2015 11:00,34600.46,33.33,5.94,2.24,4.71,1.65,726
9/24/2015 12:00,34600.5,35.56,6.07,2.24,3.96,1.73,767
9/24/2015 13:00,34600.55,36.11,5.6,0.45,4.1,2.07,707
9/24/2015 14:00,34600.59,35.56,6.07,0.45,3.91,2.43,596
9/24/2015 15:00,34600.63,36.67,6.05,1.34,4.57,2.4,508
9/24/2015 16:00,34600.67,35.56,6.07,1.34,4.52,2.36,305
9/24/2015 17:00,34600.71,32.22,5.02,1.34,4.69,2.32,150
9/24/2015 18:00,34600.76,30.56,6.5,0.45,4.92,2.29,30
9/24/2015 19:00,34600.8,28.89,6.93,0.89,4.22,2.25,5
9/24/2015 20:00,34600.84,27.78,5.98,0.89,4.96,2.21,5
9/24/2015 21:00,34600.88,26.11,5.11,0.45,4.21,2.18,5
9/24/2015 22:00,34600.92,24.44,5.23,0.45,2.43,2.14,5
9/24/2015 23:00,34600.97,23.33,4.27,2.68,1.55,0.71,5
9/25/2015 0:00,34601,24.44,6.2,2.24,1.52,2.06,5
9/25/2015 1:00,34601.04,23.89,6.17,2.24,1.5,2.03,5
9/25/2015 2:00,34601.08,23.33,5.68,3.13,1.94,1.99,5
9/25/2015 3:00,34601.13,25,6.21,0.89,2.48,1.95,5
9/25/2015 4:00,34601.17,21.67,6.69,1.34,0.03,1.92,5
9/25/2015 5:00,34601.21,21.67,5.9,1.79,1.9,1.88,5
9/25/2015 6:00,34601.25,21.67,5.49,2.68,1.33,1.84,7
9/25/2015 7:00,34601.29,22.78,6.06,3.58,1.61,1.81,77
9/25/2015 8:00,34601.34,29.44,8.53,0.45,4.68,1.77,270
9/25/2015 9:00,34601.38,32.22,10.37,1.34,4.85,1.73,454
9/25/2015 10:00,34601.42,33.33,8.85,1.79,4.38,1.69,606
9/25/2015 11:00,34601.46,35.56,7.77,2.24,4.85,1.66,713
9/25/2015 12:00,34601.5,37.22,6.5,0.45,2.27,1.62,765
9/25/2015 13:00,34601.55,37.78,5.97,1.34,4.47,0,752
9/25/2015 14:00,34601.59,37.78,4.91,0.45,5.38,0,684
9/25/2015 15:00,34601.63,38.89,4.66,0.89,2.93,0.11,560
9/25/2015 16:00,34601.67,38.89,4.66,1.34,5.04,0.22,392
9/25/2015 17:00,34601.71,37.22,3.35,0.89,4.68,0.33,172
9/25/2015 18:00,34601.76,32.78,0.93,1.34,5.29,0.44,22
9/25/2015 19:00,34601.8,30,0.65,0.89,4.61,0.55,5
9/25/2015 20:00,34601.84,28.33,2.56,0.45,4.99,0.66,5
9/25/2015 21:00,34601.88,27.22,2.35,0.89,4.49,0.77,5
9/25/2015 22:00,34601.92,25.56,2.28,0.45,4.78,0.88,5
9/25/2015 23:00,34601.97,25,5.21,1.79,2.08,2.1,5
9/26/2015 0:00,34602,23.89,4.25,0.45,3.16,1.1,5
9/26/2015 1:00,34602.04,24.44,5.23,1.34,1.31,1.21,5
9/26/2015 2:00,34602.08,22.78,3.29,0.89,4.22,1.32,5
9/26/2015 3:00,34602.13,21.67,2.82,0.45,2.37,1.43,5
9/26/2015 4:00,34602.17,22.22,2.8,0.45,4.42,1.54,5
9/26/2015 5:00,34602.21,21.11,3.72,1.34,1.2,1.65,5
9/26/2015 6:00,34602.25,20.56,7.14,1.34,0.94,1.76,6
9/26/2015 7:00,34602.29,23.89,7.47,1.79,1.26,1.87,75
9/26/2015 8:00,34602.34,25.56,5.7,1.34,4.5,1.98,260
9/26/2015 9:00,34602.38,28.89,6.34,3.13,4.05,2.09,443
9/26/2015 10:00,34602.42,31.11,6.97,1.34,4.42,2.2,597
9/26/2015 11:00,34602.46,33.33,7.46,0.89,3.98,2.31,703
9/26/2015 12:00,34602.5,34.44,7.64,0.45,3.42,2.42,745
9/26/2015 13:00,34602.55,37.22,8.31,0.89,4.28,0,731
9/26/2015 14:00,34602.59,36.11,7.4,1.34,4.78,3.48,564
9/26/2015 15:00,34602.63,36.11,6.53,1.34,4.49,3.61,465
9/26/2015 16:00,34602.67,36.67,6.98,0.45,4.63,3.74,278
9/26/2015 17:00,34602.71,36.11,8.23,0.45,3.49,3.87,132
9/26/2015 18:00,34602.76,32.78,4.66,1.79,5.57,4,34
9/26/2015 19:00,34602.8,29.44,5.56,0.45,4.9,4.14,5
9/26/2015 20:00,34602.84,27.78,7.09,1.34,4.63,4.27,5
9/26/2015 21:00,34602.88,27.22,8.15,1.34,4.61,4.4,5
9/26/2015 22:00,34602.92,26.11,8.12,1.79,1.61,4.53,5
9/26/2015 23:00,34602.97,25,3.6,0.89,4.19,0.99,5
9/27/2015 0:00,34603,25,8.03,2.24,0.65,4.79,5
9/27/2015 1:00,34603.04,23.89,7.88,1.79,1.8,4.93,5
9/27/2015 2:00,34603.08,24.44,7.96,2.24,1.5,5.06,5
9/27/2015 3:00,34603.13,23.33,7.39,3.58,1.4,5.19,5
9/27/2015 4:00,34603.17,22.78,7.29,2.24,1.59,5.32,5
9/27/2015 5:00,34603.21,23.33,7.39,0.45,2.86,5.45,6
9/27/2015 6:00,34603.25,22.78,8.07,3.13,1.36,5.58,8
9/27/2015 7:00,34603.29,23.89,8.29,2.24,1.54,5.72,70
9/27/2015 8:00,34603.34,26.67,9.07,0.89,0.61,5.85,241
9/27/2015 9:00,34603.38,29.44,9.07,0.89,4.24,5.98,382
9/27/2015 10:00,34603.42,32.78,9.03,1.79,3.25,6.11,502
9/27/2015 11:00,34603.46,31.11,7.62,0.45,3.47,6.24,493
9/27/2015 12:00,34603.5,32.78,8.38,0.89,3.58,6.37,567
9/27/2015 13:00,34603.55,35,9.57,0.89,3.89,5.61,569
9/27/2015 14:00,34603.59,35,9.57,0.45,4.82,4.3,535
9/27/2015 15:00,34603.63,33.89,9.32,0,4.15,4.56,318
9/27/2015 16:00,34603.67,33.89,9.32,0.89,4.21,4.81,206
9/27/2015 17:00,34603.71,32.22,8.56,0.89,4.73,5.06,109
9/27/2015 18:00,34603.76,30.56,8.36,0.45,4.38,5.32,25
9/27/2015 19:00,34603.8,27.78,8.14,0.45,5.15,5.57,5
9/27/2015 20:00,34603.84,28.33,9.12,0.89,1.01,5.82,5
9/27/2015 21:00,34603.88,26.11,8.12,0.89,4.19,6.08,5
9/27/2015 22:00,34603.92,25.56,10.57,2.24,1.8,6.33,5
9/27/2015 23:00,34603.97,26.11,9.02,1.34,1.38,4.66,5
9/28/2015 0:00,34604,25.56,9.78,4.02,1.48,6.84,5
9/28/2015 1:00,34604.04,24.44,8.78,3.13,1.52,7.09,5
9/28/2015 2:00,34604.08,25,8.88,0.89,0.94,7.35,5
9/28/2015 3:00,34604.13,23.33,11.03,1.34,1.24,7.6,5
9/28/2015 4:00,34604.17,22.78,8.44,2.24,1.85,7.85,5
9/28/2015 5:00,34604.21,23.89,9.07,3.13,1.45,8.11,5
9/28/2015 6:00,34604.25,23.89,7.88,1.79,1.83,8.36,6
9/28/2015 7:00,34604.29,25,8.03,0.89,1.75,8.61,37
9/28/2015 8:00,34604.34,25,8.88,0.89,0.66,8.87,117
9/28/2015 9:00,34604.38,25.56,9.78,0.45,4.38,9.12,175
9/28/2015 10:00,34604.42,26.67,9.07,2.24,2.01,9.37,218
9/28/2015 11:00,34604.46,31.67,10.45,0.45,2.64,9.63,388
9/28/2015 12:00,34604.5,29.44,10.09,0.89,4.85,9.88,280
9/28/2015 13:00,34604.55,31.11,11.55,1.79,4.22,8.92,344
9/28/2015 14:00,34604.59,29.44,11.52,0.45,4.75,9.51,249
9/28/2015 15:00,34604.63,31.67,11.52,0.89,5.24,9.4,283
9/28/2015 16:00,34604.67,30.56,10.56,0.45,4.52,9.28,171
9/28/2015 17:00,34604.71,29.44,10.09,0.45,5.43,9.17,92
9/28/2015 18:00,34604.76,26.67,10.77,0.45,3.47,9.06,18
9/28/2015 19:00,34604.8,26.11,11.07,1.34,4.61,8.95,5
9/28/2015 20:00,34604.84,25.56,10.18,0.89,4.69,8.83,5
9/28/2015 21:00,34604.88,25,10.07,2.68,2.11,8.72,5
9/28/2015 22:00,34604.92,24.44,9.94,1.79,4.56,8.61,5
9/28/2015 23:00,34604.97,24.44,10.67,1.34,0.52,6.59,5
9/29/2015 0:00,34605,22.22,7.94,0.45,3.8,8.38,5
9/29/2015 1:00,34605.04,21.67,7.8,0.45,1.13,8.27,5
9/29/2015 2:00,34605.08,21.11,7.3,1.34,1.78,8.15,5
9/29/2015 3:00,34605.13,18.89,6.63,0.89,4.69,8.04,5
9/29/2015 4:00,34605.17,18.33,6.45,0.89,4.19,7.93,5
9/29/2015 5:00,34605.21,20.56,9.12,0.89,2.55,7.81,5
9/29/2015 6:00,34605.25,17.22,6.05,1.34,4.35,7.7,6
9/29/2015 7:00,34605.29,18.89,8.48,0.45,4.38,7.59,45
9/29/2015 8:00,34605.34,21.11,11.12,2.24,0.91,7.48,136
9/29/2015 9:00,34605.38,25.56,10.57,0.89,2.76,7.36,201
9/29/2015 10:00,34605.42,26.67,9.94,1.34,3.96,7.25,325
9/29/2015 11:00,34605.46,26.67,9.07,0.89,3.93,7.14,464
9/29/2015 12:00,34605.5,28.89,9.61,1.34,4.38,7.02,518
9/29/2015 13:00,34605.55,28.89,8.05,1.34,4.35,9.56,287
9/29/2015 14:00,34605.59,26.67,4.45,1.34,5.71,9.73,231
9/29/2015 15:00,34605.63,30,6.67,0.89,4.15,9.71,236
9/29/2015 16:00,34605.67,26.67,6.13,1.79,5.1,9.7,166
9/29/2015 17:00,34605.71,25,5.72,1.34,5.72,9.68,81
9/29/2015 18:00,34605.76,23.33,3.77,0.45,3.56,9.67,18
9/29/2015 19:00,34605.8,23.89,5.71,2.68,1.57,9.65,5
9/29/2015 20:00,34605.84,21.67,6.3,0.89,4.78,9.64,5
9/29/2015 21:00,34605.88,21.67,7.8,1.34,1.12,9.62,5
9/29/2015 22:00,34605.92,19.44,6.48,0.89,4.5,9.61,5
9/29/2015 23:00,34605.97,24.44,11.03,0.89,1.54,8.49,5
9/30/2015 0:00,34606,18.33,6.76,0.89,0.61,9.58,5
9/30/2015 1:00,34606.04,19.44,8.09,2.24,1.34,9.56,5
9/30/2015 2:00,34606.08,20,8.29,2.68,1.8,9.55,5
9/30/2015 3:00,34606.13,18.33,6.76,1.34,4.14,9.53,5
9/30/2015 4:00,34606.17,17.78,7.15,1.34,1.12,9.52,5
9/30/2015 5:00,34606.21,18.89,7.58,2.24,1.9,9.5,5
9/30/2015 6:00,34606.25,17.22,7.21,2.24,3.8,9.49,6
9/30/2015 7:00,34606.29,18.89,7.88,2.24,1.85,9.47,42
9/30/2015 8:00,34606.34,21.11,9.31,0.45,3.87,9.46,91
9/30/2015 9:00,34606.38,21.11,9.31,0.89,4.42,9.44,159
9/30/2015 10:00,34606.42,22.78,10.19,0.89,4.14,9.43,323
9/30/2015 11:00,34606.46,24.44,9.57,0.89,4.94,9.41,362
9/30/2015 12:00,34606.5,25.56,9.78,0.89,4.85,9.4,323
9/30/2015 13:00,34606.55,25.56,8.95,0.45,3.98,8.79,350
9/30/2015 14:00,34606.59,26.67,8.61,0.89,4.42,8.21,335
9/30/2015 15:00,34606.63,26.67,5.03,1.34,4.99,8.29,281
9/30/2015 16:00,34606.67,25,4.16,0.45,4.12,8.37,211
9/30/2015 17:00,34606.71,23.33,5.22,1.34,4.9,8.45,67
9/30/2015 18:00,34606.76,23.33,6.55,0.89,0.7,8.54,17
9/30/2015 19:00,34606.8,21.11,5.8,0.89,4.45,8.62,5
9/30/2015 20:00,34606.84,20,8.6,1.34,4.76,8.7,5
9/30/2015 21:00,34606.88,19.44,9.28,0.89,4.5,8.78,5
9/30/2015 22:00,34606.92,18.89,9.87,0.45,4.1,8.86,5
9/30/2015 23:00,34606.97,20,6.98,1.34,4.33,9.59,5
10/1/2015 0:00,34607,18.89,9.87,2.68,1.38,9.02,5
10/1/2015 1:00,34607.04,20,10.91,2.24,1.95,9.11,5
10/1/2015 2:00,34607.08,18.33,9.87,1.34,4.21,9.19,5
10/1/2015 3:00,34607.13,16.67,9.54,0.89,4.61,9.27,5
10/1/2015 4:00,34607.17,17.22,10.07,2.24,1.29,9.35,6
10/1/2015 5:00,34607.21,16.11,9.25,0.89,4.17,9.43,6
10/1/2015 6:00,34607.25,15.56,9.18,1.34,2.22,9.51,6
10/1/2015 7:00,34607.29,16.67,10.01,0.89,3.96,9.59,34
10/1/2015 8:00,34607.34,17.22,10.07,0.45,2.04,9.67,64
10/1/2015 9:00,34607.38,17.22,10.54,1.34,4.03,9.76,65
10/1/2015 10:00,34607.42,18.89,11.65,0.45,1.45,9.84,121
10/1/2015 11:00,34607.46,17.22,11.22,0.89,3.98,9.92,115
10/1/2015 12:00,34607.5,16.67,12.58,3.13,0.33,10,103
10/1/2015 13:00,34607.55,20,14.11,4.02,1.01,8.77,350
10/1/2015 14:00,34607.59,23.33,14.58,4.92,1.38,0,651
10/1/2015 15:00,34607.63,30,17.14,0.89,2.01,0.03,524
10/1/2015 16:00,34607.67,27.22,13.19,1.34,4.38,0.06,379
10/1/2015 17:00,34607.71,25.56,12.39,0.45,4.22,0.09,128
10/1/2015 18:00,34607.76,21.11,11.4,0.45,5.99,0.13,14
10/1/2015 19:00,34607.8,20,12.21,0.45,4.36,0.16,5
10/1/2015 20:00,34607.84,20,12.7,0,4.49,0.19,5
10/1/2015 21:00,34607.88,18.33,12.06,0.45,5.18,0.22,5
10/1/2015 22:00,34607.92,18.33,12.51,0.89,4.71,0.25,5
10/1/2015 23:00,34607.97,17.78,9.61,0.45,0.03,8.94,5
10/2/2015 0:00,34608,15,10.77,1.34,4.36,0.32,5
10/2/2015 1:00,34608.04,15,11.55,0.45,4.83,0.35,5
10/2/2015 2:00,34608.08,14.44,11.01,1.34,5.92,0.38,5
10/2/2015 3:00,34608.13,15,11.55,0.89,4.35,0.41,5
10/2/2015 4:00,34608.17,13.33,10.3,1.34,4.66,0.44,5
10/2/2015 5:00,34608.21,13.89,10.84,0.45,4.22,0.47,5
10/2/2015 6:00,34608.25,12.78,9.93,0.89,3.96,0.51,6
10/2/2015 7:00,34608.29,14.44,11.75,1.34,3.8,0.54,80
10/2/2015 8:00,34608.34,18.33,14,0.45,3.51,0.57,268
10/2/2015 9:00,34608.38,21.11,15.84,0.45,3.56,0.6,447
10/2/2015 10:00,34608.42,23.33,16.12,0.45,4.66,0.63,595
10/2/2015 11:00,34608.46,24.44,15.08,0.45,4.47,0.66,698
10/2/2015 12:00,34608.5,25.56,13.72,0.45,4.73,0.7,748
10/2/2015 13:00,34608.55,27.78,13.33,1.34,4.94,0,734
10/2/2015 14:00,34608.59,27.78,12.17,0.45,2.32,0,661
10/2/2015 15:00,34608.63,28.33,11.85,0.45,1.48,0.06,529
10/2/2015 16:00,34608.67,27.78,11.77,1.34,4.49,0.11,357
10/2/2015 17:00,34608.71,27.78,11.77,0.45,2.62,0.17,136
10/2/2015 18:00,34608.76,23.33,10.02,0.45,5.22,0.22,15
10/2/2015 19:00,34608.8,21.67,10.45,0.45,5.55,0.28,4
10/2/2015 20:00,34608.84,23.33,12.29,1.34,1.55,0.33,4
10/2/2015 21:00,34608.88,21.67,11.05,1.34,1.22,0.39,4
10/2/2015 22:00,34608.92,21.67,11.92,1.34,1.69,0.45,4
10/2/2015 23:00,34608.97,17.22,11.88,0.89,4.54,0.28,5
10/3/2015 0:00,34609,19.44,11.18,1.79,1.71,0.56,4
10/3/2015 1:00,34609.04,18.89,10.91,1.79,1.83,0.61,4
10/3/2015 2:00,34609.08,18.33,10.63,2.24,1.59,0.67,4
10/3/2015 3:00,34609.13,18.89,11.16,3.58,1.33,0.72,4
10/3/2015 4:00,34609.17,17.78,10.11,4.02,1.55,0.78,4
10/3/2015 5:00,34609.21,18.33,10.63,3.58,1.54,0.83,4
10/3/2015 6:00,34609.25,17.22,9.83,3.13,1.45,0.89,5
10/3/2015 7:00,34609.29,18.33,10.38,3.13,1.29,0.95,62
10/3/2015 8:00,34609.34,20.56,10.88,1.79,0.84,1,245
10/3/2015 9:00,34609.38,25,13.21,1.34,1.34,1.06,427
10/3/2015 10:00,34609.42,27.78,12.17,0.89,4.29,1.11,583
10/3/2015 11:00,34609.46,29.44,11.97,0.89,4.24,1.17,689
10/3/2015 12:00,34609.5,30,11.07,0.45,4.54,1.22,739
10/3/2015 13:00,34609.55,30.56,11.06,1.79,4.14,0,728
10/3/2015 14:00,34609.59,30.56,9.49,0.89,2.13,0,658
10/3/2015 15:00,34609.63,31.11,9.42,1.34,4.15,0.1,532
10/3/2015 16:00,34609.67,29.44,7.98,0.45,3.47,0.19,364
10/3/2015 17:00,34609.71,28.89,8.59,0.89,4.78,0.29,142
10/3/2015 18:00,34609.76,26.67,8.15,0.89,4.68,0.38,14
10/3/2015 19:00,34609.8,25.56,8.52,0.89,3.21,0.48,5
10/3/2015 20:00,34609.84,23.89,7.05,1.34,4.63,0.57,5
10/3/2015 21:00,34609.88,17.78,6.56,1.79,4.68,0.67,5
10/3/2015 22:00,34609.92,13.89,5.18,1.34,4.22,0.76,5
10/3/2015 23:00,34609.97,21.11,11.12,1.34,3.93,0.5,4
10/4/2015 0:00,34610,13.33,6.83,0.89,5.46,0.95,6
10/4/2015 1:00,34610.04,11.67,5.69,0.89,4.35,1.05,6
10/4/2015 2:00,34610.08,13.33,7.06,0.45,4.19,1.14,6
10/4/2015 3:00,34610.13,12.22,5.77,0.45,5.83,1.24,6
10/4/2015 4:00,34610.17,12.22,6,0.45,4.03,1.33,5
10/4/2015 5:00,34610.21,12.78,6.53,2.68,2.27,1.43,5
10/4/2015 6:00,34610.25,13.33,7.5,1.34,4.59,1.52,6
10/4/2015 7:00,34610.29,12.78,7.18,0.89,4.52,1.62,36
10/4/2015 8:00,34610.34,13.89,8.03,0.89,4.59,1.71,72
10/4/2015 9:00,34610.38,18.89,10.91,0.89,1.97,1.81,322
10/4/2015 10:00,34610.42,18.89,9.33,0.89,3.82,1.9,489
10/4/2015 11:00,34610.46,22.78,10.52,1.34,6,2,664
10/4/2015 12:00,34610.5,24.44,9.57,0.89,6.09,2.09,721
10/4/2015 13:00,34610.55,25,9.68,0.45,5.38,6.17,517
10/4/2015 14:00,34610.59,25,8.46,0.89,3.46,0,640
10/4/2015 15:00,34610.63,23.89,7.88,1.79,3.74,0.08,368
10/4/2015 16:00,34610.67,22.22,6.8,0.89,2.86,0.17,169
10/4/2015 17:00,34610.71,23.89,7.88,1.34,4.61,0.25,153
10/4/2015 18:00,34610.76,20.56,7.49,0.45,4.43,0.33,19
10/4/2015 19:00,34610.8,18.89,8.18,0.45,4.14,0.42,5
10/4/2015 20:00,34610.84,17.78,8.83,0.89,3.09,0.5,5
10/4/2015 21:00,34610.88,16.67,8.56,3.58,2.39,0.58,5
10/4/2015 22:00,34610.92,17.78,9.86,4.02,2.37,0.66,5
10/4/2015 23:00,34610.97,12.78,5.61,2.24,4.63,0.86,5
10/5/2015 0:00,34611,17.78,10.11,2.68,1.27,0.83,5
10/5/2015 1:00,34611.04,16.67,9.06,1.79,1.75,0.91,5
10/5/2015 2:00,34611.08,16.11,8.53,2.68,1.62,1,5
10/5/2015 3:00,34611.13,15.56,8.72,0.89,1.94,1.08,5
10/5/2015 4:00,34611.17,15.56,8.48,0.89,2.06,1.16,5
10/5/2015 5:00,34611.21,15,8.42,2.24,1.61,1.25,5
10/5/2015 6:00,34611.25,15,8.19,2.68,1.88,1.33,6
10/5/2015 7:00,34611.29,16.11,9.01,2.24,1.36,1.41,57
10/5/2015 8:00,34611.34,20,11.44,2.68,1.06,1.49,302
10/5/2015 9:00,34611.38,23.89,11.87,1.34,3.49,1.58,434
10/5/2015 10:00,34611.42,25,10.44,0.89,4.45,1.66,519
10/5/2015 11:00,34611.46,25.56,9.37,0.45,1.92,1.74,679
10/5/2015 12:00,34611.5,27.22,10,1.34,3.74,1.83,722
10/5/2015 13:00,34611.55,28.33,10.08,0.89,3.91,0,700
10/5/2015 14:00,34611.59,28.89,9.11,0.89,4.75,0,615
10/5/2015 15:00,34611.63,28.89,9.11,1.34,3.79,0.09,553
10/5/2015 16:00,34611.67,28.89,9.11,1.34,4.03,0.18,377
10/5/2015 17:00,34611.71,27.22,8.15,0.45,4.49,0.26,158
10/5/2015 18:00,34611.76,23.33,6.98,0.45,4.57,0.35,25
10/5/2015 19:00,34611.8,22.78,7.29,0.45,4.52,0.44,5
10/5/2015 20:00,34611.84,21.11,6.93,0,4.29,0.53,5
10/5/2015 21:00,34611.88,21.67,8.84,1.79,1.47,0.62,5
10/5/2015 22:00,34611.92,20,7.65,2.24,1.82,0.7,5
10/5/2015 23:00,34611.97,17.78,9.86,2.24,1.38,0.75,5
10/6/2015 0:00,34612,17.78,6.56,1.34,4.59,0.88,5
10/6/2015 1:00,34612.04,18.33,7.96,1.79,1.41,0.97,6
10/6/2015 2:00,34612.08,18.89,9.05,2.24,1.64,1.06,6
10/6/2015 3:00,34612.13,17.78,8.01,2.24,1.71,1.14,5
10/6/2015 4:00,34612.17,18.89,9.6,3.13,1.54,1.23,6
10/6/2015 5:00,34612.21,18.33,8.81,2.68,1.36,1.32,5
10/6/2015 6:00,34612.25,17.22,7.77,0.89,3.79,1.41,6
10/6/2015 7:00,34612.29,18.89,8.48,0.45,3.47,1.49,55
10/6/2015 8:00,34612.34,22.22,10.65,0.89,1.59,1.58,234
10/6/2015 9:00,34612.38,24.44,10.67,0.89,4.8,1.67,414
10/6/2015 10:00,34612.42,26.11,10.28,0.89,4.17,1.76,568
10/6/2015 11:00,34612.46,27.22,10,0.89,4.4,1.85,672
10/6/2015 12:00,34612.5,29.44,10.58,2.24,3.98,1.93,716
10/6/2015 13:00,34612.55,30,10.07,0.45,5.11,0,704
10/6/2015 14:00,34612.59,30.56,10.03,0.89,4.73,0,624
10/6/2015 15:00,34612.63,28.89,8.59,1.34,0.68,0.07,486
10/6/2015 16:00,34612.67,28.89,8.59,0.45,4.36,0.14,329
10/6/2015 17:00,34612.71,27.78,8.64,0.45,4.57,0.2,117
10/6/2015 18:00,34612.76,23.89,7.88,0.45,4.42,0.27,14
10/6/2015 19:00,34612.8,22.78,8.07,0.45,5.6,0.34,5
10/6/2015 20:00,34612.84,22.78,8.8,1.79,1.87,0.41,5
10/6/2015 21:00,34612.88,23.33,9.67,1.79,1.22,0.48,5
10/6/2015 22:00,34612.92,21.11,8,0.89,4.75,0.55,5
10/6/2015 23:00,34612.97,20.56,8.8,2.24,1.57,0.79,5
10/7/2015 0:00,34613,20.56,10.88,1.34,1.22,0.68,5
10/7/2015 1:00,34613.04,20.56,10.6,2.68,1.85,0.75,5
10/7/2015 2:00,34613.08,20,9.8,3.58,1.5,0.82,5
10/7/2015 3:00,34613.13,18.89,8.76,3.13,1.54,0.89,5
10/7/2015 4:00,34613.17,18.89,8.76,4.02,1.5,0.95,5
10/7/2015 5:00,34613.21,17.22,7.49,1.34,3.82,1.02,5
10/7/2015 6:00,34613.25,16.11,7.53,0.45,0.63,1.09,6
10/7/2015 7:00,34613.29,18.89,10.4,0.89,1.55,1.16,59
10/7/2015 8:00,34613.34,23.33,11.99,0.45,5.86,1.23,236
10/7/2015 9:00,34613.38,25.56,12.73,0.45,5.71,1.3,413
10/7/2015 10:00,34613.42,28.89,11.92,0.45,0.49,1.36,567
10/7/2015 11:00,34613.46,29.44,11.06,0.45,3.93,1.43,671
10/7/2015 12:00,34613.5,30.56,10.56,0,2.58,1.5,719
10/7/2015 13:00,34613.55,31.11,10.52,0.45,5.04,0,705
10/7/2015 14:00,34613.59,30.56,9.49,0.89,4.57,0,644
10/7/2015 15:00,34613.63,33.33,11.33,0.45,4.29,0.12,508
10/7/2015 16:00,34613.67,31.11,9.97,0.45,1.57,0.24,336
10/7/2015 17:00,34613.71,29.44,10.09,0.89,4.96,0.36,115
10/7/2015 18:00,34613.76,25,9.28,1.34,4.64,0.48,14
10/7/2015 19:00,34613.8,24.44,9.94,0.45,5.52,0.61,5
10/7/2015 20:00,34613.84,23.89,10.17,0.45,5.78,0.73,5
10/7/2015 21:00,34613.88,23.89,10.52,0.89,0.73,0.85,5
10/7/2015 22:00,34613.92,22.78,9.85,0.89,1.24,0.97,5
10/7/2015 23:00,34613.97,21.11,8.33,1.34,1.43,0.61,5
10/8/2015 0:00,34614,21.11,10.24,0.89,1.92,1.21,6
10/8/2015 1:00,34614.04,21.11,9.63,1.79,2.11,1.33,6
10/8/2015 2:00,34614.08,21.11,10.24,2.24,1.5,1.45,5
10/8/2015 3:00,34614.13,21.67,9.82,1.79,5.32,1.57,5
10/8/2015 4:00,34614.17,20,9.51,0.45,4.73,1.7,6
10/8/2015 5:00,34614.21,20.56,9.42,2.24,1.62,1.82,6
10/8/2015 6:00,34614.25,20.56,9.12,2.24,1.71,1.94,6
10/8/2015 7:00,34614.29,22.78,10.84,0.89,1.34,2.06,64
10/8/2015 8:00,34614.34,22.78,10.52,1.79,1.26,2.18,213
10/8/2015 9:00,34614.38,28.89,12.34,0.45,3.89,2.3,338
10/8/2015 10:00,34614.42,28.89,11.92,1.79,3.77,2.42,478
10/8/2015 11:00,34614.46,30,12.91,1.34,4.33,2.54,478
10/8/2015 12:00,34614.5,32.22,13.5,0.45,5.67,2.66,692
10/8/2015 13:00,34614.55,33.33,12.44,0.89,4.35,0,683
10/8/2015 14:00,34614.59,33.33,11.89,0.45,2.04,2.85,534
10/8/2015 15:00,34614.63,34.44,11.08,1.34,4.63,2.78,500
10/8/2015 16:00,34614.67,32.22,10.37,1.34,4.24,2.71,262
10/8/2015 17:00,34614.71,30,10.58,0.89,4.56,2.64,110
10/8/2015 18:00,34614.76,26.67,10.36,0.45,3.98,2.58,14
10/8/2015 19:00,34614.8,25.56,10.57,0.45,3.8,2.51,5
10/8/2015 20:00,34614.84,25.56,10.95,0.45,4.29,2.44,5
10/8/2015 21:00,34614.88,25,11.18,0.45,4.43,2.37,5
10/8/2015 22:00,34614.92,24.44,11.72,0.89,1.88,2.3,6
10/8/2015 23:00,34614.97,21.67,9.5,1.34,4.83,1.09,5
10/9/2015 0:00,34615,22.78,10.19,2.24,1.27,2.16,6
10/9/2015 1:00,34615.04,22.78,10.52,3.58,1.61,2.09,5
10/9/2015 2:00,34615.08,21.67,9.82,1.79,2.13,2.02,6
10/9/2015 3:00,34615.13,21.67,9.17,0.45,1.71,1.95,6
10/9/2015 4:00,34615.17,21.11,8.99,1.34,0.89,1.88,5
10/9/2015 5:00,34615.21,20,8.91,1.79,1.75,1.81,5
10/9/2015 6:00,34615.25,20,8.91,2.68,1.43,1.74,6
10/9/2015 7:00,34615.29,22.22,10.33,0.89,1.03,1.67,54
10/9/2015 8:00,34615.34,25,11.53,0.89,6.13,1.61,254
10/9/2015 9:00,34615.38,29.44,12.41,0.45,3.8,1.54,412
10/9/2015 10:00,34615.42,30.56,12.04,1.34,4.22,1.47,562
10/9/2015 11:00,34615.46,32.78,13.51,1.34,4.97,1.4,668
10/9/2015 12:00,34615.5,33.89,12.93,1.79,3.54,1.33,713
10/9/2015 13:00,34615.55,34.44,12.86,0.45,3.91,0,697
10/9/2015 14:00,34615.59,33.89,11.81,0.45,4.8,0,622
10/9/2015 15:00,34615.63,35,12.76,0.45,4.42,0.05,492
10/9/2015 16:00,34615.67,35,12.76,0.45,3.61,0.1,320
10/9/2015 17:00,34615.71,31.67,10.45,1.34,4.45,0.16,112
10/9/2015 18:00,34615.76,28.33,8.62,1.34,4.69,0.21,12
10/9/2015 19:00,34615.8,26.67,8.61,0.45,5.85,0.26,5
10/9/2015 20:00,34615.84,25,8.88,0.89,6.23,0.31,5
10/9/2015 21:00,34615.88,26.11,9.87,1.79,1.36,0.36,5
10/9/2015 22:00,34615.92,24.44,9.18,0.89,1.24,0.41,5
10/9/2015 23:00,34615.97,22.22,11.86,2.24,1.47,2.23,6
10/10/2015 0:00,34616,23.33,10.02,2.24,1.83,0.52,5
10/10/2015 1:00,34616.04,23.89,10.17,1.79,2.08,0.57,5
10/10/2015 2:00,34616.08,22.22,9.35,2.68,1.45,0.62,5
10/10/2015 3:00,34616.13,23.33,10.02,1.79,1.52,0.67,5
10/10/2015 4:00,34616.17,21.11,8.67,2.68,1.08,0.73,5
10/10/2015 5:00,34616.21,21.11,8.67,3.13,1.59,0.78,5
10/10/2015 6:00,34616.25,21.67,8.15,0.89,3.04,0.83,6
10/10/2015 7:00,34616.29,21.67,8.15,2.68,1.57,0.88,51
10/10/2015 8:00,34616.34,26.11,10.28,0.45,2.37,0.93,228
10/10/2015 9:00,34616.38,28.89,11.48,0.89,4.28,0.98,410
10/10/2015 10:00,34616.42,33.89,12.93,0.45,2.57,1.04,559
10/10/2015 11:00,34616.46,35,13.34,1.79,4.01,1.09,664
10/10/2015 12:00,34616.5,36.11,13.12,1.34,4.14,1.14,711
10/10/2015 13:00,34616.55,37.22,12.8,1.34,4.38,0,695
10/10/2015 14:00,34616.59,37.78,10.41,0.89,4.52,0,623
10/10/2015 15:00,34616.63,37.22,9.15,0.45,4.49,0.11,493
10/10/2015 16:00,34616.67,37.22,9.95,0.89,4.35,0.21,326
10/10/2015 17:00,34616.71,34.44,8.38,0.45,3.94,0.32,110
10/10/2015 18:00,34616.76,29.44,9.59,0.89,4.83,0.42,11
10/10/2015 19:00,34616.8,27.78,9.12,0.45,4.92,0.53,5
10/10/2015 20:00,34616.84,26.67,8.15,0.89,4.4,0.63,5
10/10/2015 21:00,34616.88,26.11,9.87,0.45,0.94,0.74,5
10/10/2015 22:00,34616.92,23.89,9.07,0.45,0.09,0.84,5
10/10/2015 23:00,34616.97,24.44,9.94,2.24,1.52,0.47,5
10/11/2015 0:00,34617,23.33,10.02,0.89,1.83,1.05,5
10/11/2015 1:00,34617.04,21.67,8.15,0.89,4.21,1.16,5
10/11/2015 2:00,34617.08,21.67,9.17,0.45,6.07,1.26,5
10/11/2015 3:00,34617.13,21.11,10.24,0.89,0.87,1.37,5
10/11/2015 4:00,34617.17,20,8.91,0.89,4.33,1.47,5
10/11/2015 5:00,34617.21,20,8.6,0.89,3.91,1.58,5
10/11/2015 6:00,34617.25,18.89,9.33,1.34,1.59,1.68,6
10/11/2015 7:00,34617.29,21.11,11.12,1.34,1.8,1.79,50
10/11/2015 8:00,34617.34,22.22,10.33,1.34,4.63,1.89,216
10/11/2015 9:00,34617.38,26.67,13.05,0.89,4.05,2,394
10/11/2015 10:00,34617.42,28.33,13.07,0.89,3.94,2.1,540
10/11/2015 11:00,34617.46,29.44,12.84,1.34,3.98,2.21,641
10/11/2015 12:00,34617.5,31.67,13.02,0.89,4.19,2.32,688
10/11/2015 13:00,34617.55,33.89,13.98,0.45,3.93,0,675
10/11/2015 14:00,34617.59,33.89,12.93,0.45,5.93,0,606
10/11/2015 15:00,34617.63,34.44,11.08,0.45,4.83,0.09,482
10/11/2015 16:00,34617.67,33.33,10.13,0.45,4.22,0.17,317
10/11/2015 17:00,34617.71,32.22,10.93,0.45,4.96,0.26,107
10/11/2015 18:00,34617.76,27.78,10.49,0.89,4.76,0.35,11
10/11/2015 19:00,34617.8,26.11,10.28,0.89,5.13,0.43,5
10/11/2015 20:00,34617.84,26.67,11.95,0.45,4.22,0.52,5
10/11/2015 21:00,34617.88,23.89,12.19,1.79,1.57,0.6,5
10/11/2015 22:00,34617.92,23.89,11.21,2.24,1.54,0.69,5
10/11/2015 23:00,34617.97,24.44,10.67,0.45,1.4,0.95,5
10/12/2015 0:00,34618,23.33,11.67,2.68,1.88,0.86,5
10/12/2015 1:00,34618.04,23.33,10.7,1.34,3.98,0.95,5
10/12/2015 2:00,34618.08,21.67,10.14,1.79,1.52,1.04,5
10/12/2015 3:00,34618.13,22.78,10.52,1.34,1.33,1.12,5
10/12/2015 4:00,34618.17,22.22,10.33,1.79,1.2,1.21,5
10/12/2015 5:00,34618.21,21.67,9.17,0.89,1.62,1.29,5
10/12/2015 6:00,34618.25,20.56,9.12,2.24,1.62,1.38,6
10/12/2015 7:00,34618.29,22.22,9.68,1.79,1.5,1.47,48
10/12/2015 8:00,34618.34,26.11,11.45,0.45,4.14,1.55,216
10/12/2015 9:00,34618.38,28.89,12.34,0.45,3.53,1.64,394
10/12/2015 10:00,34618.42,30.56,12.5,0.89,4.45,1.73,543
10/12/2015 11:00,34618.46,32.22,12.52,1.79,3.98,1.81,645
10/12/2015 12:00,34618.5,33.89,11.81,0.89,3.42,1.9,692
10/12/2015 13:00,34618.55,35.56,12.64,0.45,4.64,0,678
10/12/2015 14:00,34618.59,36.11,11.19,0.89,2.44,0,604
10/12/2015 15:00,34618.63,35.56,10.03,0.45,4.99,0.1,479
10/12/2015 16:00,34618.67,36.67,10.97,0.45,5.01,0.21,312
10/12/2015 17:00,34618.71,33.89,9.97,0.45,4.59,0.31,100
10/12/2015 18:00,34618.76,30.56,8.94,0.45,4.19,0.42,11
10/12/2015 19:00,34618.8,28.89,8.59,0.45,6.23,0.52,5
10/12/2015 20:00,34618.84,28.33,9.12,0.45,4.29,0.63,5
10/12/2015 21:00,34618.88,25.56,10.18,0.45,4.49,0.73,5
10/12/2015 22:00,34618.92,25,10.07,1.79,1.78,0.84,5
10/12/2015 23:00,34618.97,23.89,11.54,3.13,1.47,0.78,5
10/13/2015 0:00,34619,23.89,8.68,2.68,1.43,1.05,5
10/13/2015 1:00,34619.04,23.89,9.44,3.58,1.27,1.15,5
10/13/2015 2:00,34619.08,23.33,8.57,3.13,1.75,1.26,5
10/13/2015 3:00,34619.13,25.56,9.37,1.79,1.69,1.36,5
10/13/2015 4:00,34619.17,22.22,7.57,0.89,3.89,1.47,5
10/13/2015 5:00,34619.21,22.22,9.35,0.89,1.31,1.57,5
10/13/2015 6:00,34619.25,22.22,8.66,2.24,1.54,1.68,6
10/13/2015 7:00,34619.29,23.33,8.57,1.34,1.12,1.78,49
10/13/2015 8:00,34619.34,26.11,11.07,1.79,1.4,1.89,213
10/13/2015 9:00,34619.38,30,12.46,0.89,4.42,1.99,389
10/13/2015 10:00,34619.42,32.22,12.52,0.89,4.61,2.1,538
10/13/2015 11:00,34619.46,32.22,12.01,1.79,4.28,2.2,637
10/13/2015 12:00,34619.5,34.44,12.28,0.45,0.23,2.31,680
10/13/2015 13:00,34619.55,35,10.92,1.34,3.93,2.7,619
10/13/2015 14:00,34619.59,31.67,10.45,0.89,3.98,7.97,319
10/13/2015 15:00,34619.63,36.11,11.19,0.45,5.64,7.87,421
10/13/2015 16:00,34619.67,35.56,10.03,0.89,4.68,7.77,349
10/13/2015 17:00,34619.71,34.44,9.1,0.45,5.2,7.67,113
10/13/2015 18:00,34619.76,30,7.29,0.45,5.18,7.57,10
10/13/2015 19:00,34619.8,29.44,8.53,1.34,1.06,7.47,5
10/13/2015 20:00,34619.84,27.78,7.09,0.45,5.34,7.37,5
10/13/2015 21:00,34619.88,26.67,8.61,0.89,1.48,7.27,5
10/13/2015 22:00,34619.92,25.56,8.95,0.89,1.5,7.17,5
10/13/2015 23:00,34619.97,25,9.68,1.34,1.27,0.94,5
10/14/2015 0:00,34620,24.44,9.57,2.24,1.78,6.97,5
10/14/2015 1:00,34620.04,24.44,9.18,0.45,3.91,6.87,5
10/14/2015 2:00,34620.08,23.33,8.57,0.89,2.76,6.77,5
10/14/2015 3:00,34620.13,23.33,10.7,2.68,2.39,6.67,5
10/14/2015 4:00,34620.17,22.78,10.19,1.79,1.92,6.57,5
10/14/2015 5:00,34620.21,21.11,9.63,1.79,1.41,6.46,5
10/14/2015 6:00,34620.25,21.11,9.31,0.89,4.45,6.36,6
10/14/2015 7:00,34620.29,22.78,9.85,1.79,1.88,6.26,43
10/14/2015 8:00,34620.34,22.78,9.85,1.34,1.48,6.16,95
10/14/2015 9:00,34620.38,30.56,13.83,0.89,6.18,6.06,364
10/14/2015 10:00,34620.42,28.89,9.61,0.89,4.71,5.96,415
10/14/2015 11:00,34620.46,31.67,11,0.45,0.93,5.86,518
10/14/2015 12:00,34620.5,32.22,10.93,1.79,4.14,5.76,549
10/14/2015 13:00,34620.55,31.11,8.84,0.89,4.26,7.17,430
10/14/2015 14:00,34620.59,31.11,8.24,0.89,3.72,8.16,306
10/14/2015 15:00,34620.63,31.11,8.24,0.45,4.24,7.93,203
10/14/2015 16:00,34620.67,30,7.29,1.34,3.8,7.71,157
10/14/2015 17:00,34620.71,28.33,5.87,0.45,3.89,7.49,62
10/14/2015 18:00,34620.76,27.22,4.92,0.45,4.12,7.27,9
10/14/2015 19:00,34620.8,26.67,7.17,1.34,0.65,7.04,5
10/14/2015 20:00,34620.84,26.67,6.66,1.79,1.4,6.82,5
10/14/2015 21:00,34620.88,25,7.14,2.24,1.27,6.6,5
10/14/2015 22:00,34620.92,25,6.21,1.79,1.66,6.37,5
10/14/2015 23:00,34620.97,24.44,8.38,2.68,1.48,7.07,5
10/15/2015 0:00,34621,23.89,6.61,0.45,4.21,5.93,5
10/15/2015 1:00,34621.04,22.22,4.7,1.34,2.57,5.71,5
10/15/2015 2:00,34621.08,22.78,8.07,0.89,3.35,5.48,5
10/15/2015 3:00,34621.13,23.33,10.36,6.71,1.01,5.26,5
10/15/2015 4:00,34621.17,20.56,10.02,4.92,0.24,5.04,5
10/15/2015 5:00,34621.21,22.22,11.57,6.71,0.28,4.81,6
10/15/2015 6:00,34621.25,24.44,11.72,3.13,1.52,4.59,5
10/15/2015 7:00,34621.29,20.56,11.16,0.45,4.8,4.37,14
10/15/2015 8:00,34621.34,21.67,12.47,0.45,5.55,4.15,43
10/15/2015 9:00,34621.38,22.22,14.57,0.45,4.1,3.92,117
10/15/2015 10:00,34621.42,24.44,14.51,0.89,0.77,3.7,340
10/15/2015 11:00,34621.46,26.11,15.17,3.58,2.41,3.48,335
10/15/2015 12:00,34621.5,31.11,16.72,0.89,4.12,3.25,648
10/15/2015 13:00,34621.55,31.67,15.25,1.79,2.37,0,648
10/15/2015 14:00,34621.59,32.78,14.93,0.89,4.01,0,586
10/15/2015 15:00,34621.63,31.67,12.53,0.89,5.86,0.2,381
10/15/2015 16:00,34621.67,31.11,12.53,0.89,3.77,0.41,290
10/15/2015 17:00,34621.71,29.44,12.84,0.45,4.15,0.61,42
10/15/2015 18:00,34621.76,27.78,12.17,2.24,3.87,0.81,11
10/15/2015 19:00,34621.8,23.89,13.11,0.89,2.3,1.01,5
10/15/2015 20:00,34621.84,22.78,15.83,1.79,2.29,1.22,5
10/15/2015 21:00,34621.88,21.67,15.25,0.45,1.55,1.42,5
10/15/2015 22:00,34621.92,21.67,15.01,0.45,3.19,1.62,5
10/15/2015 23:00,34621.97,24.44,6.2,2.24,1.1,6.15,5
10/16/2015 0:00,34622,22.78,15.59,2.24,1.17,2.03,5
10/16/2015 1:00,34622.04,21.11,15.17,0.89,3.89,2.23,5
10/16/2015 2:00,34622.08,20.56,15.74,0.45,0.1,2.44,5
10/16/2015 3:00,34622.13,18.89,14.94,0.45,4.14,2.64,5
10/16/2015 4:00,34622.17,20,16.23,0.45,3.98,2.84,5
10/16/2015 5:00,34622.21,18.33,14.99,0.45,3.14,3.04,5
10/16/2015 6:00,34622.25,19.44,16.08,0.89,2.01,3.25,5
10/16/2015 7:00,34622.29,20,16.81,0.89,4.56,3.45,41
10/16/2015 8:00,34622.34,23.89,18.96,0.45,2.2,3.65,196
10/16/2015 9:00,34622.38,24.44,18.6,0.45,4.61,3.86,368
10/16/2015 10:00,34622.42,27.22,19.04,0.45,5.65,4.06,518
10/16/2015 11:00,34622.46,28.33,19,1.34,4.56,4.26,549
10/16/2015 12:00,34622.5,30.56,18.33,1.34,3.84,4.47,602
10/16/2015 13:00,34622.55,30,16.44,1.79,4.15,0,651
10/16/2015 14:00,34622.59,30.56,15.46,2.24,4.43,0,593
10/16/2015 15:00,34622.63,31.11,15.57,1.79,3.87,0.15,434
10/16/2015 16:00,34622.67,29.44,15.58,0.89,3.68,0.3,144
10/16/2015 17:00,34622.71,28.89,14.33,0.89,4.1,0.45,83
10/16/2015 18:00,34622.76,27.22,13.91,1.34,3.77,0.6,11
10/16/2015 19:00,34622.8,25.56,14.35,0.89,2.64,0.76,5
10/16/2015 20:00,34622.84,23.33,14.31,2.68,0.89,0.91,5
10/16/2015 21:00,34622.88,22.78,14.84,2.24,1.41,1.06,5
10/16/2015 22:00,34622.92,23.33,16.36,3.13,1.9,1.21,5
10/16/2015 23:00,34622.97,22.78,16.07,4.92,0.94,1.83,5
10/17/2015 0:00,34623,22.22,16.24,0.89,3.98,1.51,5
10/17/2015 1:00,34623.04,21.67,14.53,0.89,1.5,1.66,5
10/17/2015 2:00,34623.08,21.67,15.93,0.89,1.29,1.81,5
10/17/2015 3:00,34623.13,21.67,15.71,1.79,0.86,1.97,5
10/17/2015 4:00,34623.17,20.56,14.18,1.79,1.2,2.12,5
10/17/2015 5:00,34623.21,21.11,14.48,2.24,1.48,2.27,5
10/17/2015 6:00,34623.25,21.11,13.51,0.89,4.12,2.42,5
10/17/2015 7:00,34623.29,18.33,13.38,0.89,4.57,2.57,24
10/17/2015 8:00,34623.34,20.56,14.87,0.45,1.82,2.72,74
10/17/2015 9:00,34623.38,22.78,16.31,0.45,4.12,2.87,161
10/17/2015 10:00,34623.42,25.56,17.72,0.89,4.56,3.02,382
10/17/2015 11:00,34623.46,27.22,17.68,0.45,5.08,3.17,526
10/17/2015 12:00,34623.5,29.44,16.63,1.34,4.42,3.33,638
10/17/2015 13:00,34623.55,28.89,15.07,1.34,4.4,1.2,627
10/17/2015 14:00,34623.59,28.33,13.83,1.79,3.8,0,562
10/17/2015 15:00,34623.63,28.33,12.67,1.34,4.97,0.23,438
10/17/2015 16:00,34623.67,26.11,11.07,1.34,5.15,0.45,220
10/17/2015 17:00,34623.71,25,10.82,1.34,5.46,0.68,61
10/17/2015 18:00,34623.76,22.22,9.35,1.34,5.55,0.91,10
10/17/2015 19:00,34623.8,21.11,9.63,0.45,3.05,1.13,5
10/17/2015 20:00,34623.84,20.56,10.6,0.45,4.42,1.36,5
10/17/2015 21:00,34623.88,20,10.91,0.45,5.41,1.58,5
10/17/2015 22:00,34623.92,18.33,9.61,0.89,4.38,1.81,6
10/17/2015 23:00,34623.97,22.78,15.09,0.89,2.27,1.36,5
10/18/2015 0:00,34624,18.33,12.29,1.34,4.73,2.26,6
10/18/2015 1:00,34624.04,17.22,11.66,0.45,2.5,2.49,6
10/18/2015 2:00,34624.08,16.11,10.81,1.34,4.57,2.72,6
10/18/2015 3:00,34624.13,16.11,11.44,0.45,4.45,2.94,6
10/18/2015 4:00,34624.17,16.67,11.98,2.24,4.96,3.17,6
10/18/2015 5:00,34624.21,15.56,11.11,0.89,4.29,3.4,6
10/18/2015 6:00,34624.25,16.67,12.18,0.89,3.75,3.62,6
10/18/2015 7:00,34624.29,15.56,11.31,0.89,1.85,3.85,13
10/18/2015 8:00,34624.34,16.67,12.38,0.45,3.8,4.08,26
10/18/2015 9:00,34624.38,19.44,13.58,0,3.87,4.3,266
10/18/2015 10:00,34624.42,23.33,15.87,0.89,4.42,4.53,449
10/18/2015 11:00,34624.46,23.33,13.47,1.34,4.59,4.75,494
10/18/2015 12:00,34624.5,23.89,12.81,0.89,4.63,4.98,573
10/18/2015 13:00,34624.55,23.33,11.99,0.89,4.36,8.87,307
10/18/2015 14:00,34624.59,25.56,12.39,0.45,5.27,3.01,492
10/18/2015 15:00,34624.63,24.44,10.67,0.89,4.9,2.94,348
10/18/2015 16:00,34624.67,23.33,9.31,1.34,4.42,2.86,189
10/18/2015 17:00,34624.71,21.67,7.8,0.45,5.86,2.79,76
10/18/2015 18:00,34624.76,20.56,7.83,0.45,5.18,2.71,11
10/18/2015 19:00,34624.8,19.44,7.78,0.89,5.55,2.63,6
10/18/2015 20:00,34624.84,18.89,8.18,0.89,5.71,2.56,6
10/18/2015 21:00,34624.88,16.67,6.41,0.45,3.8,2.48,6
10/18/2015 22:00,34624.92,16.11,8.53,0.89,4.66,2.41,6
10/18/2015 23:00,34624.97,18.89,11.41,0.89,4.68,2.04,6
10/19/2015 0:00,34625,13.89,8.03,1.34,4.64,2.25,6
10/19/2015 1:00,34625.04,13.89,8.25,0.45,6.27,2.18,6
10/19/2015 2:00,34625.08,13.89,7.81,0.45,4,2.1,6
10/19/2015 3:00,34625.13,13.89,7.81,0.45,4.19,2.03,6
10/19/2015 4:00,34625.17,12.78,7.39,1.79,2.16,1.95,6
10/19/2015 5:00,34625.21,13.33,8.14,1.34,1.57,1.87,6
10/19/2015 6:00,34625.25,12.22,7.27,0.89,4.03,1.8,6
10/19/2015 7:00,34625.29,15,9.74,0.45,2.64,1.72,42
10/19/2015 8:00,34625.34,16.67,10.01,0.89,4.69,1.65,208
10/19/2015 9:00,34625.38,20,10.91,0.45,1.34,1.57,382
10/19/2015 10:00,34625.42,21.94,11.39,0.45,3.26,1.5,522
10/19/2015 11:00,34625.46,23.89,11.87,0.45,5.17,1.42,662
10/19/2015 12:00,34625.5,25,11.53,2.24,6.18,1.34,671
10/19/2015 13:00,34625.55,25,10.44,1.34,5.29,2.61,597
10/19/2015 14:00,34625.59,26.11,10.67,0.89,5.71,0,552
10/19/2015 15:00,34625.63,25.56,9.37,1.34,4.82,0.1,452
10/19/2015 16:00,34625.67,24.44,8.78,0.89,4.76,0.19,277
10/19/2015 17:00,34625.71,23.33,7.79,0.89,5.27,0.29,64
10/19/2015 18:00,34625.76,20,6.98,1.79,5.92,0.39,8
10/19/2015 19:00,34625.8,18.89,6.96,0.45,5.46,0.48,5
10/19/2015 20:00,34625.84,18.33,7.37,0.89,4.64,0.58,6
10/19/2015 21:00,34625.88,17.78,7.73,0.89,4.19,0.68,6
10/19/2015 22:00,34625.92,17.78,8.56,0.89,4.4,0.77,6
10/19/2015 23:00,34625.97,15,8.65,0.89,4.61,2.33,6
10/20/2015 0:00,34626,15,7.72,0.45,4.45,0.96,6
10/20/2015 1:00,34626.04,15,7.96,1.34,1.9,1.06,6
10/20/2015 2:00,34626.08,15.56,9.4,2.24,1.62,1.16,6
10/20/2015 3:00,34626.13,13.33,7.5,0.89,4.89,1.25,6
10/20/2015 4:00,34626.17,13.89,8.46,0.89,1.36,1.35,6
10/20/2015 5:00,34626.21,14.44,8.99,2.68,1.69,1.45,6
10/20/2015 6:00,34626.25,12.22,7.07,1.34,4.17,1.54,6
10/20/2015 7:00,34626.29,13.89,8.25,0.89,4.26,1.64,39
10/20/2015 8:00,34626.34,16.11,9.71,0.45,3.8,1.74,198
10/20/2015 9:00,34626.38,21.67,12.74,0.45,6.07,1.83,371
10/20/2015 10:00,34626.42,23.33,13.47,0.45,3.12,1.93,516
10/20/2015 11:00,34626.46,25,13.53,1.34,4.14,2.03,614
10/20/2015 12:00,34626.5,23.89,11.54,1.79,3.96,2.12,655
10/20/2015 13:00,34626.55,25.56,12.04,1.34,4.08,0,643
10/20/2015 14:00,34626.59,25,10.07,0.89,4.83,0,565
10/20/2015 15:00,34626.63,26.11,10.28,2.68,3.74,0.06,429
10/20/2015 16:00,34626.67,25,9.28,1.34,4.01,0.12,267
10/20/2015 17:00,34626.71,23.89,9.07,0.89,4.03,0.18,60
10/20/2015 18:00,34626.76,20.56,7.49,0.45,3.94,0.24,8
10/20/2015 19:00,34626.8,20,8.6,0.89,2.57,0.3,5
10/20/2015 20:00,34626.84,19.44,8.7,0.89,2.46,0.36,5
10/20/2015 21:00,34626.88,18.89,9.6,2.68,1.12,0.42,6
10/20/2015 22:00,34626.92,17.22,8.57,3.13,1.71,0.48,6
10/20/2015 23:00,34626.97,15.56,7.26,0.45,2.95,0.87,6
10/21/2015 0:00,34627,16.67,9.06,3.58,1.1,0.6,6
10/21/2015 1:00,34627.04,16.67,9.54,2.68,1.61,0.66,6
10/21/2015 2:00,34627.08,16.11,9.48,2.24,1.52,0.72,6
10/21/2015 3:00,34627.13,15,8.87,4.47,1.48,0.78,6
10/21/2015 4:00,34627.17,14.44,8.56,3.13,1.43,0.84,6
10/21/2015 5:00,34627.21,14.44,8.78,4.02,1.5,0.9,6
10/21/2015 6:00,34627.25,15,9.31,4.02,1.59,0.96,6
10/21/2015 7:00,34627.29,16.11,10.16,3.13,1.48,1.02,36
10/21/2015 8:00,34627.34,17.22,10.07,3.13,1.41,1.08,196
10/21/2015 9:00,34627.38,22.78,12.96,0.89,4.31,1.14,372
10/21/2015 10:00,34627.42,24.44,12.38,1.79,4.66,1.2,525
10/21/2015 11:00,34627.46,25,11.18,2.24,4.76,1.26,620
10/21/2015 12:00,34627.5,25.56,10.18,0.45,1.4,1.32,663
10/21/2015 13:00,34627.55,28.33,10.99,0.45,3.91,0,633
10/21/2015 14:00,34627.59,28.33,10.54,0,1.55,0,558
10/21/2015 15:00,34627.63,28.89,10.1,0.45,6.06,0.1,444
10/21/2015 16:00,34627.67,28.33,8.62,0,4.08,0.19,279
10/21/2015 17:00,34627.71,26.11,7.18,0.45,4.12,0.29,56
10/21/2015 18:00,34627.76,22.22,6.4,0.45,3.77,0.38,8
10/21/2015 19:00,34627.8,20.56,6.43,1.34,6.23,0.48,5
10/21/2015 20:00,34627.84,20,8.6,0.45,0.33,0.58,5
10/21/2015 21:00,34627.88,20,8.29,1.79,1.27,0.67,5
10/21/2015 22:00,34627.92,19.44,8.09,2.68,1.69,0.77,5
10/21/2015 23:00,34627.97,16.67,8.81,2.68,1.75,0.54,6
10/22/2015 0:00,34628,17.22,7.21,2.24,1.59,0.96,6
10/22/2015 1:00,34628.04,16.67,7.25,3.13,1.82,1.06,6
10/22/2015 2:00,34628.08,17.22,7.49,3.13,1.75,1.15,6
10/22/2015 3:00,34628.13,17.78,8.01,2.68,1.47,1.25,6
10/22/2015 4:00,34628.17,16.11,6.73,1.34,0.16,1.35,6
10/22/2015 5:00,34628.21,15.56,6.48,1.79,1.33,1.44,6
10/22/2015 6:00,34628.25,16.67,6.98,2.68,1.99,1.54,6
10/22/2015 7:00,34628.29,17.78,6.56,1.79,2.2,1.63,37
10/22/2015 8:00,34628.34,21.11,7.65,0.89,1.38,1.73,200
10/22/2015 9:00,34628.38,24.44,7.96,0.89,4.43,1.83,375
10/22/2015 10:00,34628.42,26.67,9.51,1.34,4.31,1.92,519
10/22/2015 11:00,34628.46,28.33,10.08,0.89,3.87,2.02,618
10/22/2015 12:00,34628.5,28.33,9.61,1.34,3.53,2.11,647
10/22/2015 13:00,34628.55,30,10.07,1.34,4.24,0,616
10/22/2015 14:00,34628.59,30.56,8.94,0.45,1.19,0,566
10/22/2015 15:00,34628.63,30.56,7.76,0.45,3.35,0.13,441
10/22/2015 16:00,34628.67,29.44,6.82,0.89,4.47,0.26,269
10/22/2015 17:00,34628.71,26.67,5.03,0.45,5.55,0.39,59
10/22/2015 18:00,34628.76,23.89,4.25,0.45,5.13,0.52,7
10/22/2015 19:00,34628.8,22.78,4.73,0.89,5.1,0.65,5
10/22/2015 20:00,34628.84,22.22,5.14,1.34,1.1,0.78,5
10/22/2015 21:00,34628.88,21.11,5.41,1.34,1.26,0.91,5
10/22/2015 22:00,34628.92,20,4.01,0.45,2.22,1.04,5
10/22/2015 23:00,34628.97,17.78,7.15,3.13,1.45,0.87,5
10/23/2015 0:00,34629,18.33,5.13,0.89,1.08,1.3,5
10/23/2015 1:00,34629.04,17.78,5.29,0.89,1.31,1.43,6
10/23/2015 2:00,34629.08,18.33,6.45,2.68,1.85,1.56,6
10/23/2015 3:00,34629.13,16.67,5.83,2.68,1.94,1.69,6
10/23/2015 4:00,34629.17,17.22,6.64,3.13,1.73,1.82,6
10/23/2015 5:00,34629.21,17.78,5.94,1.79,1.62,1.95,6
10/23/2015 6:00,34629.25,16.11,5.32,1.79,1.48,2.08,6
10/23/2015 7:00,34629.29,17.22,6.35,2.68,1.55,2.21,39
10/23/2015 8:00,34629.34,20,5.57,1.79,1.9,2.34,205
10/23/2015 9:00,34629.38,23.89,7.47,0.89,4.52,2.47,375
10/23/2015 10:00,34629.42,25.56,8.09,1.34,4.29,2.6,486
10/23/2015 11:00,34629.46,27.22,8.63,1.79,3.7,2.73,571
10/23/2015 12:00,34629.5,27.78,8.14,0.89,4.52,2.86,627
10/23/2015 13:00,34629.55,30.56,8.94,1.79,3.91,0,613
10/23/2015 14:00,34629.59,30,7.88,0.45,2.81,0,545
10/23/2015 15:00,34629.63,30.56,7.76,0.89,4.66,0.3,395
10/23/2015 16:00,34629.67,28.33,7.02,0.45,4.07,0.61,165
10/23/2015 17:00,34629.71,26.11,7.66,0.45,4.33,0.91,61
10/23/2015 18:00,34629.76,24.44,7.54,0.89,0.7,1.22,7
10/23/2015 19:00,34629.8,22.78,7.29,1.34,0.91,1.52,5
10/23/2015 20:00,34629.84,22.22,8.3,0.89,0.59,1.82,5
10/23/2015 21:00,34629.88,22.78,8.07,2.24,1.15,2.13,5
10/23/2015 22:00,34629.92,22.22,7.94,1.34,1.47,2.43,5
10/23/2015 23:00,34629.97,18.89,4.93,1.34,1.64,1.17,5
10/24/2015 0:00,34630,20,6.98,3.13,1.64,3.04,5
10/24/2015 1:00,34630.04,18.89,6.63,3.13,1.4,3.34,6
10/24/2015 2:00,34630.08,19.44,6.81,2.68,1.4,3.65,5
10/24/2015 3:00,34630.13,19.44,6.48,2.24,1.95,3.95,5
10/24/2015 4:00,34630.17,17.78,5.62,2.24,1.71,4.25,6
10/24/2015 5:00,34630.21,18.33,5.8,1.34,1.43,4.56,6
10/24/2015 6:00,34630.25,17.22,6.64,1.79,1.48,4.86,6
10/24/2015 7:00,34630.29,17.78,6.86,2.68,1.08,5.16,35
10/24/2015 8:00,34630.34,20.56,8.8,0.45,5.57,5.47,199
10/24/2015 9:00,34630.38,25,8.88,0.89,4.5,5.77,301
10/24/2015 10:00,34630.42,26.11,7.18,2.24,3.87,6.08,507
10/24/2015 11:00,34630.46,27.22,8.15,0.89,4.14,6.38,532
10/24/2015 12:00,34630.5,28.33,8.62,0.89,3.94,6.68,467
10/24/2015 13:00,34630.55,32.22,10.37,0.45,5.59,4.22,534
10/24/2015 14:00,34630.59,31.11,8.84,0.89,5.76,0,499
10/24/2015 15:00,34630.63,28.89,5.09,0.89,4.57,0.4,312
10/24/2015 16:00,34630.67,28.33,5.87,0.89,4.5,0.81,188
10/24/2015 17:00,34630.71,25.56,6.2,0.45,4.76,1.21,54
10/24/2015 18:00,34630.76,23.33,5.22,0.89,6.21,1.61,6
10/24/2015 19:00,34630.8,23.33,6.55,1.79,0.66,2.02,5
10/24/2015 20:00,34630.84,21.67,6.69,1.34,0.99,2.42,5
10/24/2015 21:00,34630.88,21.11,6.57,1.34,1.17,2.82,5
10/24/2015 22:00,34630.92,20.56,5.3,2.68,1.59,3.23,5
10/24/2015 23:00,34630.97,20,6.29,2.24,1.52,2.73,5
10/25/2015 0:00,34631,20.56,6.43,3.13,1.52,4.03,5
10/25/2015 1:00,34631.04,19.44,5.06,0.89,3.72,4.44,5
10/25/2015 2:00,34631.08,20,5.19,1.34,0.91,4.84,6
10/25/2015 3:00,34631.13,18.89,4.93,0.89,1.2,5.25,5
10/25/2015 4:00,34631.17,19.44,5.43,1.79,1.17,5.65,6
10/25/2015 5:00,34631.21,18.33,4.78,3.13,1.62,6.05,5
10/25/2015 6:00,34631.25,19.44,5.06,2.68,1.57,6.46,6
10/25/2015 7:00,34631.29,19.44,3.92,0.89,1.27,6.86,23
10/25/2015 8:00,34631.34,19.44,3.92,0.45,4.45,7.26,94
10/25/2015 9:00,34631.38,22.22,5.14,1.79,2.16,7.67,173
10/25/2015 10:00,34631.42,23.33,5.68,0.45,4.35,8.07,241
10/25/2015 11:00,34631.46,25,5.21,1.34,2.29,8.47,299
10/25/2015 12:00,34631.5,26.11,5.11,1.34,3.25,8.88,319
10/25/2015 13:00,34631.55,28.33,5.87,0,3.75,8.59,312
10/25/2015 14:00,34631.59,26.67,6.13,1.34,4.87,7.37,320
10/25/2015 15:00,34631.63,28.89,5.09,1.34,4.76,7.21,406
10/25/2015 16:00,34631.67,26.67,4.45,0.45,4.71,7.04,263
10/25/2015 17:00,34631.71,25,4.69,0.89,4.68,6.88,55
10/25/2015 18:00,34631.76,22.22,4.25,0.89,5.81,6.71,7
10/25/2015 19:00,34631.8,21.67,6.69,0.45,0.35,6.55,5
10/25/2015 20:00,34631.84,21.11,5.41,1.79,4.03,6.38,5
10/25/2015 21:00,34631.88,19.44,5.43,1.34,1.75,6.21,5
10/25/2015 22:00,34631.92,17.78,3.93,2.68,1.83,6.05,6
10/25/2015 23:00,34631.97,20,5.57,2.68,1.57,3.63,5
10/26/2015 0:00,34632,18.33,4.78,2.68,1.52,5.72,6
10/26/2015 1:00,34632.04,16.67,2.92,0.89,1.97,5.55,6
10/26/2015 2:00,34632.08,16.11,3.11,0.89,4.01,5.39,6
10/26/2015 3:00,34632.13,16.11,4.09,2.24,1.83,5.22,6
10/26/2015 4:00,34632.17,15.56,2.94,0.89,0.91,5.06,6
10/26/2015 5:00,34632.21,16.11,5.02,2.24,0.87,4.89,6
10/26/2015 6:00,34632.25,16.11,3.77,2.24,1.52,4.72,6
10/26/2015 7:00,34632.29,15.56,2.94,1.79,1.88,4.56,32
10/26/2015 8:00,34632.34,17.78,4.28,0.89,1.4,4.39,192
10/26/2015 9:00,34632.38,21.67,7.07,0.89,0.75,4.23,365
10/26/2015 10:00,34632.42,25.56,9.37,0.89,1.75,4.06,508
10/26/2015 11:00,34632.46,27.78,9.12,1.79,3.72,3.9,608
10/26/2015 12:00,34632.5,27.78,7.62,1.34,2.57,3.73,591
10/26/2015 13:00,34632.55,29.44,7.41,0.45,4.1,3,561
10/26/2015 14:00,34632.59,30.56,6.5,0.89,4.89,0,560
10/26/2015 15:00,34632.63,31.67,8.09,0.45,5.78,0.35,433
10/26/2015 16:00,34632.67,30.56,7.14,0.45,4.92,0.7,265
10/26/2015 17:00,34632.71,25.56,3.5,0.45,5.22,1.04,48
10/26/2015 18:00,34632.76,22.78,4.73,0.89,0.33,1.39,6
10/26/2015 19:00,34632.8,22.22,6.4,1.34,0.56,1.74,5
10/26/2015 20:00,34632.84,20.56,5.3,1.79,1.34,2.09,5
10/26/2015 21:00,34632.88,20,5.57,2.68,1.29,2.43,5
10/26/2015 22:00,34632.92,19.44,5.43,2.68,1.41,2.78,6
10/26/2015 23:00,34632.97,19.44,3.92,1.79,1.54,5.88,6
10/27/2015 0:00,34633,19.44,4.69,1.79,1.5,3.48,6
10/27/2015 1:00,34633.04,18.89,4.93,2.24,1.82,3.83,5
10/27/2015 2:00,34633.08,19.44,4.31,2.68,1.41,4.17,5
10/27/2015 3:00,34633.13,18.89,4.19,2.68,1.68,4.52,6
10/27/2015 4:00,34633.17,17.78,3.93,0.89,4.85,4.87,6
10/27/2015 5:00,34633.21,17.22,3.78,0.89,1.52,5.22,6
10/27/2015 6:00,34633.25,17.22,3.42,0.45,5.95,5.56,6
10/27/2015 7:00,34633.29,17.22,6.05,1.79,0.82,5.91,18
10/27/2015 8:00,34633.34,19.44,3.92,1.79,1.15,6.26,152
10/27/2015 9:00,34633.38,21.67,4.21,1.34,2.23,6.61,205
10/27/2015 10:00,34633.42,22.22,5.57,2.24,0.8,6.96,243
10/27/2015 11:00,34633.46,28.89,8.05,1.34,4.68,7.3,521
10/27/2015 12:00,34633.5,27.22,7.14,0.89,4.57,7.65,400
10/27/2015 13:00,34633.55,26.67,5.03,0.89,4.03,8.17,335
10/27/2015 14:00,34633.59,27.22,3.69,0.45,2.48,7.39,314
10/27/2015 15:00,34633.63,27.22,6.07,0.89,4.49,7.26,253
10/27/2015 16:00,34633.67,25,5.21,0.45,4.66,7.12,139
10/27/2015 17:00,34633.71,22.78,6.06,0.89,4.38,6.99,29
10/27/2015 18:00,34633.76,21.67,5.9,0.89,4.54,6.85,5
10/27/2015 19:00,34633.8,21.11,5.8,0.45,4.63,6.71,5
10/27/2015 20:00,34633.84,20,6.98,0.89,4.9,6.58,5
10/27/2015 21:00,34633.88,19.44,7.47,0.45,4.82,6.44,5
10/27/2015 22:00,34633.92,20.56,8.16,2.24,1.55,6.3,5
10/27/2015 23:00,34633.97,18.33,4.43,2.24,1.06,3.13,5
10/28/2015 0:00,34634,21.11,7.65,2.24,1.78,6.03,5
10/28/2015 1:00,34634.04,21.67,8.15,1.34,0.82,5.9,5
10/28/2015 2:00,34634.08,18.89,5.63,0.89,4.36,5.76,5
10/28/2015 3:00,34634.13,17.78,7.73,0.89,5.62,5.62,5
10/28/2015 4:00,34634.17,18.33,10.63,2.24,1.2,5.49,6
10/28/2015 5:00,34634.21,16.67,10.24,1.79,0.63,5.35,6
10/28/2015 6:00,34634.25,17.22,11.44,2.24,0.63,5.22,6
10/28/2015 7:00,34634.29,15.56,10.49,4.02,1.34,5.08,9
10/28/2015 8:00,34634.34,16.11,11.44,4.47,1.31,4.94,44
10/28/2015 9:00,34634.38,17.78,11.98,3.13,1.38,4.81,122
10/28/2015 10:00,34634.42,19.44,12.18,1.34,0.99,4.67,201
10/28/2015 11:00,34634.46,22.78,14.06,0.89,4.21,4.53,402
10/28/2015 12:00,34634.5,25,14.44,0.89,5.52,4.4,561
10/28/2015 13:00,34634.55,26.11,13.58,0.89,4.59,3.39,544
10/28/2015 14:00,34634.59,25,11.53,0.89,4.38,0,522
10/28/2015 15:00,34634.63,26.11,12.54,1.34,4.64,0.17,369
10/28/2015 16:00,34634.67,22.22,10.01,1.34,5.18,0.34,223
10/28/2015 17:00,34634.71,21.11,10.54,1.79,5.43,0.51,59
10/28/2015 18:00,34634.76,19.44,9.84,1.34,5.52,0.68,6
10/28/2015 19:00,34634.8,18.33,9.87,1.34,5.6,0.85,5
10/28/2015 20:00,34634.84,17.78,10.35,1.79,5.52,1.03,5
10/28/2015 21:00,34634.88,16.67,9.54,0.89,5.55,1.2,6
10/28/2015 22:00,34634.92,15.56,9.63,0.45,5.38,1.37,5
10/28/2015 23:00,34634.97,20.56,7.83,2.24,1.76,6.17,5
10/29/2015 0:00,34635,14.44,9.42,0.89,4.17,1.71,6
10/29/2015 1:00,34635.04,12.78,8.81,0.89,4.61,1.88,6
10/29/2015 2:00,34635.08,12.78,9,0.89,4.26,2.05,6
10/29/2015 3:00,34635.13,12.22,8.27,0.89,2.53,2.22,6
10/29/2015 4:00,34635.17,11.11,7.94,0.89,5.01,2.39,6
10/29/2015 5:00,34635.21,11.67,8.67,1.79,1.95,2.56,6
10/29/2015 6:00,34635.25,11.11,7.94,1.79,1.82,2.74,6
10/29/2015 7:00,34635.29,12.22,8.65,2.24,1.9,2.91,30
10/29/2015 8:00,34635.34,13.89,9.49,1.34,1.66,3.08,177
10/29/2015 9:00,34635.38,17.78,11.98,0.89,4.82,3.25,341
10/29/2015 10:00,34635.42,17.78,12.2,1.79,4,3.42,446
10/29/2015 11:00,34635.46,17.78,11.75,0.89,2.72,3.59,446
10/29/2015 12:00,34635.5,20,12.46,0.45,6,3.76,579
10/29/2015 13:00,34635.55,21.67,12.47,0.89,4.22,4.47,508
10/29/2015 14:00,34635.59,22.78,12.96,0.89,4.42,0,491
10/29/2015 15:00,34635.63,22.78,11.78,0.45,4.15,0.18,355
10/29/2015 16:00,34635.67,20.56,10.31,1.34,2.48,0.37,228
10/29/2015 17:00,34635.71,20,10.08,0.45,3.11,0.55,47
10/29/2015 18:00,34635.76,17.78,9.35,0.89,2.53,0.74,6
10/29/2015 19:00,34635.8,17.22,9.34,0.45,3.96,0.92,5
10/29/2015 20:00,34635.84,16.67,10.24,2.68,1.88,1.11,5
10/29/2015 21:00,34635.88,15.56,9.63,2.24,1.66,1.29,5
10/29/2015 22:00,34635.92,15,9.74,2.68,1.48,1.47,5
10/29/2015 23:00,34635.97,16.11,9.93,1.79,5.97,1.54,5
10/30/2015 0:00,34636,15,10.16,2.24,1.5,1.84,5
10/30/2015 1:00,34636.04,13.89,9.49,4.02,1.83,2.03,5
10/30/2015 2:00,34636.08,13.33,8.75,3.13,1.62,2.21,5
10/30/2015 3:00,34636.13,12.78,8.42,3.13,1.59,2.4,5
10/30/2015 4:00,34636.17,12.78,8.81,2.68,1.36,2.58,5
10/30/2015 5:00,34636.21,13.33,9.35,3.58,1.54,2.76,5
10/30/2015 6:00,34636.25,12.22,8.27,3.13,1.8,2.95,5
10/30/2015 7:00,34636.29,13.33,9.35,2.68,1.59,3.13,23
10/30/2015 8:00,34636.34,13.89,9.09,3.13,1.17,3.32,162
10/30/2015 9:00,34636.38,17.78,11.3,2.24,1.19,3.5,332
10/30/2015 10:00,34636.42,23.33,13.19,1.34,4.26,3.68,476
10/30/2015 11:00,34636.46,23.33,11.36,0.89,4.24,3.87,575
10/30/2015 12:00,34636.5,23.89,10.87,0.89,4.42,4.05,566
10/30/2015 13:00,34636.55,25,10.82,1.34,4.63,3.89,523
10/30/2015 14:00,34636.59,25,9.68,0.89,4.97,0,514
10/30/2015 15:00,34636.63,26.11,10.28,0.45,5.69,0.17,387
10/30/2015 16:00,34636.67,25,8.88,0,3.6,0.34,224
10/30/2015 17:00,34636.71,22.22,7.94,0.45,2.81,0.51,45
10/30/2015 18:00,34636.76,19.44,7.78,0.45,4.24,0.68,6
10/30/2015 19:00,34636.8,18.33,7.37,0.45,4.56,0.85,5
10/30/2015 20:00,34636.84,18.89,9.33,2.24,1.34,1.02,5
10/30/2015 21:00,34636.88,17.22,8.31,2.68,1.88,1.18,5
10/30/2015 22:00,34636.92,16.67,8.31,3.13,1.52,1.35,5
10/30/2015 23:00,34636.97,14.44,9.42,2.24,1.78,1.66,5
10/31/2015 0:00,34637,16.11,8.29,3.58,1.57,1.69,5
10/31/2015 1:00,34637.04,16.11,8.77,3.13,1.48,1.86,5
10/31/2015 2:00,34637.08,16.11,8.77,3.13,1.64,2.03,5
10/31/2015 3:00,34637.13,15,7.96,3.13,1.64,2.2,5
10/31/2015 4:00,34637.17,15.56,8.72,4.02,1.62,2.37,5
10/31/2015 5:00,34637.21,15,8.19,3.58,1.45,2.54,5
10/31/2015 6:00,34637.25,13.89,7.36,2.68,1.52,2.71,5
10/31/2015 7:00,34637.29,15,8.19,3.13,1.66,2.88,24
10/31/2015 8:00,34637.34,16.67,8.81,2.68,1.59,3.05,166
10/31/2015 9:00,34637.38,19.44,9.56,1.79,0.87,3.21,334
10/31/2015 10:00,34637.42,26.11,13.91,0.89,6.27,3.38,478
10/31/2015 11:00,34637.46,27.22,11.67,0.89,4.54,3.55,578
10/31/2015 12:00,34637.5,27.22,9.56,0.45,3.12,3.72,573
10/31/2015 13:00,34637.55,30,10.07,0.89,4.76,3.39,533
10/31/2015 14:00,34637.59,30,8.46,0.89,4.26,0,531
10/31/2015 15:00,34637.63,30.56,8.36,0.45,0.96,0.22,405
10/31/2015 16:00,34637.67,28.33,5.87,0.45,5.08,0.45,238
10/31/2015 17:00,34637.71,25,5.21,0.89,4.19,0.67,46
10/31/2015 18:00,34637.76,22.22,5.99,0.89,0.16,0.9,6
10/31/2015 19:00,34637.8,22.78,8.07,1.34,0.91,1.12,5
10/31/2015 20:00,34637.84,20.56,6.07,2.24,1.05,1.34,5
10/31/2015 21:00,34637.88,20,6.98,3.13,1.64,1.57,6
10/31/2015 22:00,34637.92,17.78,6.56,3.13,1.68,1.79,6
10/31/2015 23:00,34637.97,17.22,9.34,3.58,1.27,1.52,5
11/1/2015 0:00,34638,17.22,6.93,3.13,1.69,2.24,6
11/1/2015 1:00,34638.04,17.78,7.15,2.68,1.76,2.46,6
11/1/2015 2:00,34638.08,17.22,6.93,3.13,1.59,2.69,6
11/1/2015 3:00,34638.13,17.22,6.64,2.68,1.33,2.91,6
11/1/2015 4:00,34638.17,16.11,5.61,3.58,1.43,3.14,6
11/1/2015 5:00,34638.21,16.11,6.18,2.68,1.62,3.36,6
11/1/2015 6:00,34638.25,16.67,6.13,2.68,1.15,3.58,24
11/1/2015 7:00,34638.29,18.33,7.67,1.34,1.2,3.81,167
11/1/2015 8:00,34638.34,25,11.18,0.45,5.78,4.03,335
11/1/2015 9:00,34638.38,26.11,9.02,0,5.55,4.26,478
11/1/2015 10:00,34638.42,26.67,8.15,0.89,4.56,4.48,578
11/1/2015 11:00,34638.46,26.11,8.12,0.89,4.54,4.7,562
11/1/2015 12:00,34638.5,28.89,9.11,0.89,4.31,4.93,527
11/1/2015 13:00,34638.55,30,10.07,0.89,5.24,3.56,525
11/1/2015 14:00,34638.59,28.89,8.59,1.34,4.47,4.84,397
11/1/2015 15:00,34638.63,26.11,7.18,1.34,4.75,5.07,233
11/1/2015 16:00,34638.67,22.78,6.48,0.89,4.54,5.31,47
11/1/2015 17:00,34638.71,20,6.98,0.45,4.28,5.54,6
11/1/2015 18:00,34638.76,18.89,7.58,1.34,4.5,5.77,5
11/1/2015 19:00,34638.8,18.89,9.05,0.89,5.78,6.01,6
11/1/2015 20:00,34638.84,18.89,9.6,1.34,1.33,6.24,6
11/1/2015 21:00,34638.88,17.78,8.83,1.34,1.78,6.48,6
11/1/2015 22:00,34638.92,17.22,8.57,0.89,5.32,6.71,6
11/1/2015 23:00,34638.97,18.33,7.37,3.13,1.5,2.02,6
11/2/2015 0:00,34639,17.22,8.83,1.79,1.82,7.18,6
11/2/2015 1:00,34639.04,17.22,8.57,1.34,1.36,7.42,6
11/2/2015 2:00,34639.08,16.67,8.31,0.45,3.42,7.65,6
11/2/2015 3:00,34639.13,15,7.24,1.34,4.4,7.89,6
11/2/2015 4:00,34639.17,15.56,7.76,0.45,3.54,8.12,6
11/2/2015 5:00,34639.21,13.89,7.36,1.34,4.24,8.36,6
11/2/2015 6:00,34639.25,13.33,8.75,1.79,3.58,8.59,8
11/2/2015 7:00,34639.29,13.89,9.49,0.89,0.65,8.83,13
11/2/2015 8:00,34639.34,12.78,9.57,2.24,4.78,9.06,14
11/2/2015 9:00,34639.38,12.78,10.12,0.89,3.96,9.3,42
11/2/2015 10:00,34639.42,12.5,10.02,0.67,4.4,9.53,38
11/2/2015 11:00,34639.46,12.22,9.93,0.45,4.83,9.77,34
11/2/2015 12:00,34639.5,11.11,9.01,1.34,4.63,10,41
11/2/2015 13:00,34639.55,11.11,9.01,0.89,4.85,10,43
11/2/2015 14:00,34639.59,11.67,9.72,0.89,4.73,10,31
11/2/2015 15:00,34639.63,11.11,9.18,0.89,4.28,9.92,23
11/2/2015 16:00,34639.67,10.56,8.8,0.45,0.23,9.84,20
11/2/2015 17:00,34639.71,10,7.91,0.89,1.29,9.76,6
11/2/2015 18:00,34639.76,11.11,8.48,2.68,1.4,9.68,6
11/2/2015 19:00,34639.8,11.11,8.66,2.24,1.54,9.6,6
11/2/2015 20:00,34639.84,10,7.91,0.89,5.71,9.52,6
11/2/2015 21:00,34639.88,10.56,8.63,0.89,2.79,9.44,6
11/2/2015 22:00,34639.92,10.56,8.8,0.45,3.44,9.36,6
11/2/2015 23:00,34639.97,16.11,7.78,2.68,1.43,6.95,6
11/3/2015 0:00,34640,9.44,7.7,0.89,3.94,9.2,6
11/3/2015 1:00,34640.04,10,8.42,2.24,3.68,9.12,6
11/3/2015 2:00,34640.08,10,8.25,1.34,2.74,9.04,6
11/3/2015 3:00,34640.13,10,8.42,0.45,5.32,8.96,6
11/3/2015 4:00,34640.17,10,8.25,1.79,2.25,8.88,6
11/3/2015 5:00,34640.21,9.44,7.36,0.89,1.76,8.8,6
11/3/2015 6:00,34640.25,9.44,7.7,0.45,3.09,8.72,16
11/3/2015 7:00,34640.29,10.56,8.8,0.45,4.64,8.64,97
11/3/2015 8:00,34640.34,13.33,10.11,0.45,4.26,8.56,297
11/3/2015 9:00,34640.38,13.89,10.65,0.89,3.89,8.48,244
11/3/2015 10:00,34640.42,13.89,10.27,0.45,3.47,8.4,310
11/3/2015 11:00,34640.46,17.22,12.09,0.45,1.97,8.32,448
11/3/2015 12:00,34640.5,16.67,10.91,0.45,3.16,8.24,345
11/3/2015 13:00,34640.55,17.78,11.53,0.89,5.17,7.7,347
11/3/2015 14:00,34640.59,17.78,10.83,0.45,4.89,8.21,259
11/3/2015 15:00,34640.63,16.11,9.25,0.45,4.12,8.06,120
11/3/2015 16:00,34640.67,15,8.42,1.34,4.49,7.92,94
11/3/2015 17:00,34640.71,12.78,8.01,1.79,0.86,7.77,7
11/3/2015 18:00,34640.76,12.22,7.48,1.79,6.21,7.63,5
11/3/2015 19:00,34640.8,10.56,6.84,1.34,2.44,7.48,5
11/3/2015 20:00,34640.84,10,6.67,0.45,5.24,7.34,5
11/3/2015 21:00,34640.88,11.11,7.94,1.79,2.06,7.19,6
11/3/2015 22:00,34640.92,10.56,7.21,0.45,4.49,7.05,6
11/3/2015 23:00,34640.97,10.56,8.8,0.89,2.46,9.28,6
11/4/2015 0:00,34641,11.11,8.3,1.34,1.82,6.76,6
11/4/2015 1:00,34641.04,10,7.21,0.45,5.64,6.61,6
11/4/2015 2:00,34641.08,9.44,7.02,0.45,3.16,6.46,5
11/4/2015 3:00,34641.13,10,7.91,1.34,1.54,6.32,5
11/4/2015 4:00,34641.17,8.89,6.82,1.34,2.25,6.17,5
11/4/2015 5:00,34641.21,7.78,5.89,0.45,4.59,6.03,5
11/4/2015 6:00,34641.25,8.33,6.44,0.89,3.96,5.88,13
11/4/2015 7:00,34641.29,10.56,8.63,1.34,1.87,5.74,87
11/4/2015 8:00,34641.34,10.56,8.11,1.34,2.46,5.59,153
11/4/2015 9:00,34641.38,12.22,9.75,0.89,4.68,5.45,227
11/4/2015 10:00,34641.42,13.89,10.27,0.45,4.33,5.3,440
11/4/2015 11:00,34641.46,16.11,11.23,0.89,5.43,5.16,405
11/4/2015 12:00,34641.5,17.78,11.3,0.89,4.42,5.01,514
11/4/2015 13:00,34641.55,17.22,10.07,0.45,5.46,7.75,342
11/4/2015 14:00,34641.59,18.33,10.13,2.24,5.86,6.23,342
11/4/2015 15:00,34641.63,16.67,8.05,1.34,4.47,6.16,217
11/4/2015 16:00,34641.67,13.33,5.66,0.89,4.38,6.1,43
11/4/2015 17:00,34641.71,11.67,4.56,0.89,3.94,6.03,5
11/4/2015 18:00,34641.76,10.56,3.96,0.89,2.53,5.96,4
11/4/2015 19:00,34641.8,12.22,5.77,0.89,1.9,5.9,5
11/4/2015 20:00,34641.84,11.67,5.9,1.34,1.73,5.83,5
11/4/2015 21:00,34641.88,11.11,6.6,2.68,1.64,5.77,5
11/4/2015 22:00,34641.92,10,5.53,2.24,1.66,5.7,5
11/4/2015 23:00,34641.97,10.56,7.76,0.89,2.09,6.9,6
11/5/2015 0:00,34642,10.56,4.62,2.68,1.5,5.57,5
11/5/2015 1:00,34642.04,9.44,3.13,2.68,1.82,5.5,5
11/5/2015 2:00,34642.08,9.44,1.99,3.13,1.48,5.44,5
11/5/2015 3:00,34642.13,10,2.28,2.68,1.4,5.37,5
11/5/2015 4:00,34642.17,10,1.29,2.24,1.64,5.3,5
11/5/2015 5:00,34642.21,10,0.77,2.68,1.59,5.24,5
11/5/2015 6:00,34642.25,9.44,-0.01,3.13,1.57,5.17,15
11/5/2015 7:00,34642.29,10.56,0.75,2.24,1.47,5.11,149
11/5/2015 8:00,34642.34,13.89,3.27,0.45,3.18,5.04,278
11/5/2015 9:00,34642.38,16.11,4.72,0.45,3.94,4.97,441
11/5/2015 10:00,34642.42,16.11,4.41,0.89,3.96,4.91,526
11/5/2015 11:00,34642.46,16.67,4.6,2.24,4.71,4.84,544
11/5/2015 12:00,34642.5,20,7.32,0.89,5.95,4.78,520
11/5/2015 13:00,34642.55,20.56,6.79,0.45,4.83,4.01,499
11/5/2015 14:00,34642.59,19.44,5.43,0.45,4.07,5.55,363
11/5/2015 15:00,34642.63,18.33,4.06,0.89,4.52,5.54,202
11/5/2015 16:00,34642.67,15,3.08,0.45,3.84,5.53,32
11/5/2015 17:00,34642.71,13.89,3.56,0.45,4.4,5.53,5
11/5/2015 18:00,34642.76,12.22,2.84,0.89,0.02,5.52,5
11/5/2015 19:00,34642.8,13.33,4.92,1.34,1.88,5.51,5
11/5/2015 20:00,34642.84,11.11,3.8,1.79,1.82,5.51,6
11/5/2015 21:00,34642.88,11.11,4.26,2.24,1.69,5.5,6
11/5/2015 22:00,34642.92,10.56,4.19,2.68,1.61,5.49,6
11/5/2015 23:00,34642.97,10.56,5.87,2.68,1.45,5.63,5
11/6/2015 0:00,34643,10,4.09,3.13,1.57,5.48,6
11/6/2015 1:00,34643.04,10.56,4.84,2.68,1.55,5.47,6
11/6/2015 2:00,34643.08,10,4.52,2.24,1.83,5.46,6
11/6/2015 3:00,34643.13,8.89,3.24,2.24,1.75,5.46,6
11/6/2015 4:00,34643.17,8.33,3.33,2.68,1.62,5.45,6
11/6/2015 5:00,34643.21,8.33,3.33,2.68,1.83,5.44,6
11/6/2015 6:00,34643.25,8.33,3.53,1.79,1.85,5.44,18
11/6/2015 7:00,34643.29,10,4.31,1.79,1.54,5.43,149
11/6/2015 8:00,34643.34,13.89,7.13,0.89,4.28,5.42,318
11/6/2015 9:00,34643.38,16.11,7.27,1.34,3.16,5.42,463
11/6/2015 10:00,34643.42,16.67,6.7,2.68,3.89,5.41,559
11/6/2015 11:00,34643.46,17.22,5.43,1.34,3.42,5.4,555
11/6/2015 12:00,34643.5,20,7.32,0.45,5.9,5.39,492
11/6/2015 13:00,34643.55,20,6.29,0.89,3.35,3.89,499
11/6/2015 14:00,34643.59,20,5.57,0.45,1.48,5.1,374
11/6/2015 15:00,34643.63,19.44,4.31,0.45,3.49,5.12,218
11/6/2015 16:00,34643.67,15.56,2.27,0.45,4.66,5.14,40
11/6/2015 17:00,34643.71,13.89,2.68,0,4.63,5.15,6
11/6/2015 18:00,34643.76,12.78,3.08,0.89,5.93,5.17,6
11/6/2015 19:00,34643.8,12.78,3.62,1.79,1.57,5.19,6
11/6/2015 20:00,34643.84,11.67,3.85,3.13,1.71,5.2,6
11/6/2015 21:00,34643.88,11.11,4.03,3.13,1.64,5.22,6
11/6/2015 22:00,34643.92,10.56,4.19,2.24,1.75,5.24,6
11/6/2015 23:00,34643.97,11.11,4.94,3.13,1.87,5.48,6
11/7/2015 0:00,34644,10,4.31,3.13,1.57,5.27,6
11/7/2015 1:00,34644.04,10.56,5.26,3.13,1.59,5.28,6
11/7/2015 2:00,34644.08,9.44,4.39,3.58,1.5,5.3,6
11/7/2015 3:00,34644.13,10.56,5.05,3.58,1.8,5.32,6
11/7/2015 4:00,34644.17,9.44,3.98,3.13,1.8,5.33,6
11/7/2015 5:00,34644.21,10.56,4.84,1.34,1.95,5.35,6
11/7/2015 6:00,34644.25,10,4.31,0.45,0.03,5.37,18
11/7/2015 7:00,34644.29,11.11,4.72,0.89,1.45,5.38,153
11/7/2015 8:00,34644.34,15.56,7.51,0.45,4.42,5.4,323
11/7/2015 9:00,34644.38,17.78,8.56,0.89,4.21,5.42,470
11/7/2015 10:00,34644.42,18.89,7.58,0.89,4.45,5.43,567
11/7/2015 11:00,34644.46,18.89,5.63,0.45,3.82,5.45,557
11/7/2015 12:00,34644.5,22.78,8.44,0.45,5.9,5.47,486
11/7/2015 13:00,34644.55,23.33,7.39,1.34,5.22,4.1,490
11/7/2015 14:00,34644.59,23.33,5.68,1.34,4.63,4.65,384
11/7/2015 15:00,34644.63,21.11,3.72,0.89,4.66,4.7,224
11/7/2015 16:00,34644.67,18.33,2.93,0.89,5.38,4.75,33
11/7/2015 17:00,34644.71,16.67,4.6,1.34,1.13,4.8,7
11/7/2015 18:00,34644.76,15,3.08,1.79,1.59,4.84,7
11/7/2015 19:00,34644.8,14.44,3.78,2.24,1.87,4.89,7
11/7/2015 20:00,34644.84,13.89,3.84,1.79,1.64,4.94,7
11/7/2015 21:00,34644.88,12.22,2.84,3.13,1.5,4.99,7
11/7/2015 22:00,34644.92,12.22,3.62,3.58,1.55,5.04,7
11/7/2015 23:00,34644.97,11.11,4.94,3.13,1.62,5.25,6
11/8/2015 0:00,34645,11.67,3.35,3.13,1.62,5.14,7
11/8/2015 1:00,34645.04,11.67,3.1,2.68,1.64,5.19,7
11/8/2015 2:00,34645.08,11.11,3.08,1.79,1.36,5.23,7
11/8/2015 3:00,34645.13,11.67,3.6,2.24,1.31,5.28,7
11/8/2015 4:00,34645.17,10,2.98,3.13,1.47,5.33,7
11/8/2015 5:00,34645.21,10.56,3.51,2.24,1.59,5.38,7
11/8/2015 6:00,34645.25,10,3.21,3.58,1.95,5.43,18
11/8/2015 7:00,34645.29,12.22,3.88,1.34,1.71,5.48,148
11/8/2015 8:00,34645.34,16.11,6.46,0.45,4.28,5.53,305
11/8/2015 9:00,34645.38,18.89,8.18,0.89,3.75,5.57,438
11/8/2015 10:00,34645.42,20.56,7.83,0.89,4.52,5.62,562
11/8/2015 11:00,34645.46,21.11,6.93,0.89,4.69,5.67,463
11/8/2015 12:00,34645.5,22.78,7.68,0.45,4.1,5.72,472
11/8/2015 13:00,34645.55,23.89,6.61,0.89,3.68,3.99,490
11/8/2015 14:00,34645.59,22.78,4.73,0.45,2.2,6.02,339
11/8/2015 15:00,34645.63,21.11,4.16,0,2.88,6.18,184
11/8/2015 16:00,34645.67,17.22,4.46,0.89,5.76,6.33,28
11/8/2015 17:00,34645.71,16.11,3.77,1.79,5.64,6.49,7
11/8/2015 18:00,34645.76,15.56,3.9,1.79,0.3,6.65,6
11/8/2015 19:00,34645.8,15,4.58,1.79,4.64,6.8,7
11/8/2015 20:00,34645.84,13.33,6.37,4.02,5.86,6.96,7
11/8/2015 21:00,34645.88,13.89,7.13,1.79,5.65,7.12,7
11/8/2015 22:00,34645.92,11.67,6.74,1.79,5.41,7.28,7
11/8/2015 23:00,34645.97,11.67,3.1,2.68,1.62,5.09,7
11/9/2015 0:00,34646,11.11,6.4,1.34,6.2,7.59,6
11/9/2015 1:00,34646.04,11.67,7.14,3.58,1.54,7.75,6
11/9/2015 2:00,34646.08,12.78,8.01,1.34,2.51,7.91,6
11/9/2015 3:00,34646.13,10.56,7.03,0.45,4.78,8.06,6
11/9/2015 4:00,34646.17,10,7.04,0.45,4.15,8.22,6
11/9/2015 5:00,34646.21,8.89,6.3,0.45,4.05,8.38,6
11/9/2015 6:00,34646.25,9.44,7.19,0.45,3.91,8.53,13
11/9/2015 7:00,34646.29,11.11,8.3,0.89,4.5,8.69,139
11/9/2015 8:00,34646.34,13.33,10.11,0.89,3.11,8.85,288
11/9/2015 9:00,34646.38,15,10.57,1.79,4.03,9.01,386
11/9/2015 10:00,34646.42,16.11,10.16,0.45,2.93,9.16,562
11/9/2015 11:00,34646.46,13.89,7.59,0.45,3.56,9.32,468
11/9/2015 12:00,34646.5,15,8.42,0.89,3.3,9.48,248
11/9/2015 13:00,34646.55,13.89,7.81,0.89,4.89,10,114
11/9/2015 14:00,34646.59,9.44,4.39,0.89,4.73,10,32
11/9/2015 15:00,34646.63,10.56,6.84,4.92,1.41,9.84,57
11/9/2015 16:00,34646.67,10,6.67,4.02,1.48,9.68,17
11/9/2015 17:00,34646.71,8.89,5.22,5.36,1.03,9.52,6
11/9/2015 18:00,34646.76,10,6.49,4.02,1.41,9.36,7
11/9/2015 19:00,34646.8,8.89,4.65,2.24,1.85,9.2,7
11/9/2015 20:00,34646.84,8.89,4.46,1.34,1.5,9.04,7
11/9/2015 21:00,34646.88,8.33,4.49,2.68,1.59,8.88,7
11/9/2015 22:00,34646.92,8.33,4.68,2.68,1.55,8.73,7
11/9/2015 23:00,34646.97,12.78,7.81,4.02,6.18,7.43,7
11/10/2015 0:00,34647,7.22,4.14,2.68,1.83,8.41,7
11/10/2015 1:00,34647.04,8.33,5.41,3.13,1.54,8.25,7
11/10/2015 2:00,34647.08,7.78,5.04,1.34,1.85,8.09,7
11/10/2015 3:00,34647.13,7.22,4.49,2.24,1.61,7.93,7
11/10/2015 4:00,34647.17,7.22,4.49,1.34,1.75,7.77,7
11/10/2015 5:00,34647.21,7.78,5.21,2.68,1.82,7.61,8
11/10/2015 6:00,34647.25,8.33,5.41,1.34,1.97,7.45,16
11/10/2015 7:00,34647.29,8.33,5.41,1.34,2.06,7.29,61
11/10/2015 8:00,34647.34,11.11,7.38,0.89,6.07,7.13,137
11/10/2015 9:00,34647.38,12.78,8.01,0.89,4.47,6.97,445
11/10/2015 10:00,34647.42,15.56,9.18,0.89,5.24,6.81,499
11/10/2015 11:00,34647.46,13.89,7.36,0.89,4.33,6.65,432
11/10/2015 12:00,34647.5,13.89,6.9,0.45,3.61,6.49,430
11/10/2015 13:00,34647.55,13.89,7.81,3.13,5.79,7.69,332
11/10/2015 14:00,34647.59,15,7.96,0.45,5.03,6.84,304
11/10/2015 15:00,34647.63,13.33,5.66,0.89,4.83,6.69,204
11/10/2015 16:00,34647.67,10.56,4.62,0.45,4.92,6.54,30
11/10/2015 17:00,34647.71,10,5.33,0,1.41,6.39,7
11/10/2015 18:00,34647.76,8.89,4.65,0,5.86,6.25,7
11/10/2015 19:00,34647.8,7.78,4.14,0.45,5.65,6.1,7
11/10/2015 20:00,34647.84,7.78,4.14,0.45,5.08,5.95,7
11/10/2015 21:00,34647.88,7.78,4.68,0.89,1.48,5.8,7
11/10/2015 22:00,34647.92,7.22,4.32,2.24,3.82,5.65,6
11/10/2015 23:00,34647.97,7.78,4.32,2.68,1.78,8.57,7
11/11/2015 0:00,34648,7.22,4.84,1.34,1.87,5.36,6
11/11/2015 1:00,34648.04,6.11,3.58,1.79,2.41,5.21,6
11/11/2015 2:00,34648.08,7.22,4.49,1.79,1.52,5.06,6
11/11/2015 3:00,34648.13,6.67,3.95,1.34,1.9,4.91,6
11/11/2015 4:00,34648.17,6.67,3.6,1.79,1.5,4.76,7
11/11/2015 5:00,34648.21,7.22,3.78,3.13,1.76,4.61,7
11/11/2015 6:00,34648.25,6.67,2.31,3.13,1.59,4.47,15
11/11/2015 7:00,34648.29,8.33,3.33,4.02,1.52,4.32,134
11/11/2015 8:00,34648.34,10,3.21,1.34,0.98,4.17,296
11/11/2015 9:00,34648.38,15,7.24,1.79,3.86,4.02,450
11/11/2015 10:00,34648.42,15,7.72,1.34,4.28,3.87,547
11/11/2015 11:00,34648.46,15.56,7.26,1.34,2.46,3.72,576
11/11/2015 12:00,34648.5,16.67,7.52,0.89,4.5,3.58,540
11/11/2015 13:00,34648.55,16.67,7.25,0.45,3.74,3.31,498
11/11/2015 14:00,34648.59,18.33,8.25,0.45,5.97,4.82,368
11/11/2015 15:00,34648.63,16.67,6.7,0,5.81,4.81,201
11/11/2015 16:00,34648.67,12.78,4.9,0,4.94,4.79,33
11/11/2015 17:00,34648.71,11.67,5.02,0.45,4.52,4.77,7
11/11/2015 18:00,34648.76,10.56,5.05,0.89,0.02,4.76,7
11/11/2015 19:00,34648.8,9.44,3.77,0.45,5.64,4.74,7
11/11/2015 20:00,34648.84,9.44,4.6,2.68,1.61,4.72,7
11/11/2015 21:00,34648.88,8.89,4.65,1.79,1.73,4.71,7
11/11/2015 22:00,34648.92,8.33,4.49,2.68,1.71,4.69,7
11/11/2015 23:00,34648.97,6.11,3.41,0.89,4.28,5.5,7
11/12/2015 0:00,34649,8.33,4.68,3.13,1.75,4.66,7
11/12/2015 1:00,34649.04,8.33,4.68,3.13,1.73,4.64,7
11/12/2015 2:00,34649.08,7.78,4.32,2.68,1.62,4.62,7
11/12/2015 3:00,34649.13,6.67,3.42,2.68,2.01,4.61,7
11/12/2015 4:00,34649.17,6.67,3.24,2.24,1.85,4.59,7
11/12/2015 5:00,34649.21,6.67,3.06,3.13,1.66,4.57,7
11/12/2015 6:00,34649.25,7.22,3.78,3.13,1.83,4.56,15
11/12/2015 7:00,34649.29,8.33,4.49,1.79,1.4,4.54,131
11/12/2015 8:00,34649.34,11.11,6,1.34,1.68,4.52,295
11/12/2015 9:00,34649.38,15,8.65,0.89,4.47,4.51,437
11/12/2015 10:00,34649.42,15.56,8.48,0.45,3.93,4.49,535
11/12/2015 11:00,34649.46,17.78,9.61,0.89,5.59,4.47,562
11/12/2015 12:00,34649.5,17.78,9.09,0.89,5.41,4.46,510
11/12/2015 13:00,34649.55,19.44,10.39,0.89,4.96,3.87,481
11/12/2015 14:00,34649.59,18.89,9.05,0.89,4.29,5.26,353
11/12/2015 15:00,34649.63,16.11,6.73,0.45,4.17,5.21,192
11/12/2015 16:00,34649.67,13.33,6.14,0.89,5.15,5.17,33
11/12/2015 17:00,34649.71,11.11,5.37,1.34,5.15,5.12,7
11/12/2015 18:00,34649.76,11.67,6.53,0.89,0.1,5.07,7
11/12/2015 19:00,34649.8,11.11,6.2,1.79,1.69,5.03,7
11/12/2015 20:00,34649.84,10,5.73,2.68,1.45,4.98,7
11/12/2015 21:00,34649.88,9.44,5.57,2.24,1.66,4.94,7
11/12/2015 22:00,34649.92,8.89,5.4,3.13,1.69,4.89,7
11/12/2015 23:00,34649.97,8.89,5.4,2.68,1.68,4.67,7
11/13/2015 0:00,34650,9.44,6.13,3.58,1.68,4.8,7
11/13/2015 1:00,34650.04,7.78,4.86,3.13,1.48,4.75,7
11/13/2015 2:00,34650.08,7.78,4.86,3.58,1.78,4.71,7
11/13/2015 3:00,34650.13,8.33,5.41,2.68,1.36,4.66,7
11/13/2015 4:00,34650.17,7.78,5.04,2.24,1.82,4.61,7
11/13/2015 5:00,34650.21,6.67,3.95,2.24,1.69,4.57,7
11/13/2015 6:00,34650.25,6.67,4.12,2.24,1.57,4.52,14
11/13/2015 7:00,34650.29,8.33,5.41,2.24,1.69,4.48,119
11/13/2015 8:00,34650.34,10.56,6.84,1.79,1.41,4.43,282
11/13/2015 9:00,34650.38,16.11,11.23,0.45,0.07,4.38,426
11/13/2015 10:00,34650.42,16.11,9.93,0.45,4.21,4.34,521
11/13/2015 11:00,34650.46,17.22,10.07,1.34,3.79,4.29,552
11/13/2015 12:00,34650.5,19.44,11.18,1.34,4.43,4.25,514
11/13/2015 13:00,34650.55,18.33,9.08,0.89,3.94,3.52,487
11/13/2015 14:00,34650.59,20,9.8,0.45,4.36,4.96,359
11/13/2015 15:00,34650.63,18.89,9.05,0.89,4.5,4.91,191
11/13/2015 16:00,34650.67,15,7.24,0.45,5.1,4.87,34
11/13/2015 17:00,34650.71,12.22,5.55,0.45,5.85,4.83,7
11/13/2015 18:00,34650.76,12.22,6.43,0.89,0.03,4.79,7
11/13/2015 19:00,34650.8,12.22,7.07,0.89,0.93,4.75,7
11/13/2015 20:00,34650.84,12.22,7.48,1.34,2.3,4.7,7
11/13/2015 21:00,34650.88,11.11,7,1.79,1.62,4.66,7
11/13/2015 22:00,34650.92,10.56,7.03,2.68,1.76,4.62,7
11/13/2015 23:00,34650.97,8.89,5.4,3.13,1.4,4.84,7
11/14/2015 0:00,34651,10,6.85,2.24,1.85,4.53,7
11/14/2015 1:00,34651.04,8.89,5.77,3.13,1.54,4.49,7
11/14/2015 2:00,34651.08,9.44,6.31,1.79,2.01,4.45,7
11/14/2015 3:00,34651.13,8.89,5.77,2.68,1.52,4.41,7
11/14/2015 4:00,34651.17,7.78,4.5,2.68,1.47,4.36,7
11/14/2015 5:00,34651.21,7.78,4.5,2.68,1.34,4.32,7
11/14/2015 6:00,34651.25,8.89,5.4,2.24,1.47,4.28,13
11/14/2015 7:00,34651.29,8.89,4.84,1.79,1.57,4.24,120
11/14/2015 8:00,34651.34,11.67,6.94,0.89,1.62,4.19,286
11/14/2015 9:00,34651.38,17.78,11.75,0.45,1.69,4.15,431
11/14/2015 10:00,34651.42,21.11,14,0.45,0.35,4.11,529
11/14/2015 11:00,34651.46,19.44,11.43,1.34,3.82,4.07,564
11/14/2015 12:00,34651.5,22.78,12.96,0.89,4.42,4.03,518
11/14/2015 13:00,34651.55,22.78,11.78,0.45,3.23,3.39,487
11/14/2015 14:00,34651.59,24.44,11.03,0.89,3.75,4.67,364
11/14/2015 15:00,34651.63,21.67,8.5,0.89,4.21,4.91,207
11/14/2015 16:00,34651.67,17.78,5.29,1.34,1.78,5.16,39
11/14/2015 17:00,34651.71,16.67,5.23,1.34,1.57,5.4,13
11/14/2015 18:00,34651.76,15,5.43,0.89,1.29,5.64,16
11/14/2015 19:00,34651.8,13.89,4.66,2.24,1.4,5.88,17
11/14/2015 20:00,34651.84,13.33,3.87,2.68,1.48,6.13,19
11/14/2015 21:00,34651.88,12.78,3.36,3.13,1.52,6.37,21
11/14/2015 22:00,34651.92,12.22,2.01,2.68,1.62,6.61,20
11/14/2015 23:00,34651.97,10,6.85,2.24,1.61,4.58,7
11/15/2015 0:00,34652,12.78,1.35,3.58,1.54,7.09,15
11/15/2015 1:00,34652.04,12.78,1.95,3.58,1.71,7.34,14
11/15/2015 2:00,34652.08,10.56,0.75,1.79,4.4,7.58,12
11/15/2015 3:00,34652.13,10,3.43,1.79,0.26,7.82,11
11/15/2015 4:00,34652.17,10.56,2.56,2.24,2.02,8.06,11
11/15/2015 5:00,34652.21,10.56,3.04,1.34,1.64,8.3,10
11/15/2015 6:00,34652.25,8.89,1.47,2.68,1.94,8.55,17
11/15/2015 7:00,34652.29,8.89,2.38,1.34,1.59,8.79,96
11/15/2015 8:00,34652.34,9.44,3.77,0.89,5.9,9.03,47
11/15/2015 9:00,34652.38,10,5.33,2.68,1.29,9.27,37
11/15/2015 10:00,34652.42,10,5.92,5.81,1.54,9.52,29
11/15/2015 11:00,34652.46,9.44,4.8,1.79,1.87,9.76,97
11/15/2015 12:00,34652.5,10,6.3,1.34,2.74,10,159
11/15/2015 13:00,34652.55,10,6.85,1.34,4.01,10,167
11/15/2015 14:00,34652.59,8.89,6.13,0.45,1.4,10,48
11/15/2015 15:00,34652.63,8.89,6.3,0.89,1.55,9.71,46
11/15/2015 16:00,34652.67,8.89,6.3,0.89,3.74,9.42,27
11/15/2015 17:00,34652.71,8.33,5.76,0.89,2.58,9.13,9
11/15/2015 18:00,34652.76,8.33,5.76,1.34,4.69,8.84,9
11/15/2015 19:00,34652.8,7.78,5.21,0.89,5.5,8.55,10
11/15/2015 20:00,34652.84,7.78,4.86,0.89,5.52,8.26,10
11/15/2015 21:00,34652.88,7.78,5.38,1.79,5.79,7.97,9
11/15/2015 22:00,34652.92,7.78,3.38,2.68,0.35,7.68,9
11/15/2015 23:00,34652.97,12.22,2.29,3.58,1.61,6.85,17
11/16/2015 0:00,34653,5,2.32,0.45,5.45,7.1,9
11/16/2015 1:00,34653.04,5.56,3.03,0.89,5.1,6.81,9
11/16/2015 2:00,34653.08,5.56,2.69,1.34,5.67,6.52,9
11/16/2015 3:00,34653.13,4.44,1.25,0.45,4.78,6.23,8
11/16/2015 4:00,34653.17,4.44,1.6,0.89,4.08,5.94,8
11/16/2015 5:00,34653.21,3.33,0.69,0.45,4.61,5.65,7
11/16/2015 6:00,34653.25,2.78,0.48,0.89,4.87,5.36,15
11/16/2015 7:00,34653.29,5,2.15,1.34,4.17,5.07,139
11/16/2015 8:00,34653.34,7.22,3.6,0.89,2.37,4.78,286
11/16/2015 9:00,34653.38,9.44,5.19,1.34,3.96,4.48,431
11/16/2015 10:00,34653.42,12.22,7.07,0.89,1.55,4.19,530
11/16/2015 11:00,34653.46,12.78,6.75,0.89,1.66,3.9,549
11/16/2015 12:00,34653.5,11.67,5.24,1.34,1.19,3.61,524
11/16/2015 13:00,34653.55,12.78,5.14,1.34,0.59,3.31,483
11/16/2015 14:00,34653.59,13.89,5.94,2.68,2.2,4.94,352
11/16/2015 15:00,34653.63,12.78,4.9,1.79,2.57,4.92,195
11/16/2015 16:00,34653.67,8.89,2.38,0.45,1.87,4.9,39
11/16/2015 17:00,34653.71,7.78,1.1,1.79,2.41,4.88,13
11/16/2015 18:00,34653.76,8.33,2.07,2.68,2.41,4.87,11
11/16/2015 19:00,34653.8,7.78,1.75,2.24,2.55,4.85,10
11/16/2015 20:00,34653.84,7.22,1.85,2.68,2.51,4.83,10
11/16/2015 21:00,34653.88,7.22,1.85,1.79,2.57,4.81,11
11/16/2015 22:00,34653.92,6.67,1.11,4.92,2.41,4.79,11
11/16/2015 23:00,34653.97,6.67,3.42,0.89,5.62,7.39,10
11/17/2015 0:00,34654,6.67,1.92,2.68,1.87,4.76,11
11/17/2015 1:00,34654.04,6.67,2.5,3.13,1.43,4.74,10
11/17/2015 2:00,34654.08,5.56,1.79,3.58,1.55,4.72,10
11/17/2015 3:00,34654.13,6.11,2.15,2.68,1.75,4.71,10
11/17/2015 4:00,34654.17,5.56,1.42,2.68,1.69,4.69,10
11/17/2015 5:00,34654.21,5.56,1.79,3.58,1.47,4.67,11
11/17/2015 6:00,34654.25,5.56,1.42,3.58,1.54,4.65,15
11/17/2015 7:00,34654.29,7.22,3.04,2.68,1.55,4.64,117
11/17/2015 8:00,34654.34,9.44,4.39,1.79,1.4,4.62,278
11/17/2015 9:00,34654.38,13.89,6.43,0.45,4.87,4.6,420
11/17/2015 10:00,34654.42,13.89,5.18,0.89,4.22,4.58,513
11/17/2015 11:00,34654.46,15,5.15,0.89,3.89,4.56,537
11/17/2015 12:00,34654.5,15,4.58,0.45,4.83,4.55,493
11/17/2015 13:00,34654.55,15,3.7,1.34,4.28,4.37,453
11/17/2015 14:00,34654.59,15,4,0.45,3.51,6.81,290
11/17/2015 15:00,34654.63,12.78,2.81,0.45,4.73,6.57,87
11/17/2015 16:00,34654.67,11.11,2.07,0.89,5.92,6.33,26
11/17/2015 17:00,34654.71,11.11,2.33,0.89,1.52,6.08,9
11/17/2015 18:00,34654.76,10.56,2.56,1.34,1.73,5.84,10
11/17/2015 19:00,34654.8,10.56,3.51,2.24,1.85,5.59,11
11/17/2015 20:00,34654.84,8.89,2.6,1.79,1.69,5.35,11
11/17/2015 21:00,34654.88,8.89,3.45,2.68,1.75,5.1,11
11/17/2015 22:00,34654.92,7.78,2.79,3.58,1.61,4.86,10
11/17/2015 23:00,34654.97,6.67,1.11,2.68,1.88,4.78,11
11/18/2015 0:00,34655,7.78,3.38,2.24,1.55,4.37,11
11/18/2015 1:00,34655.04,6.67,2.69,2.68,1.33,4.12,11
11/18/2015 2:00,34655.08,6.67,2.69,3.58,1.64,3.88,11
11/18/2015 3:00,34655.13,6.11,2.52,3.58,1.61,3.63,11
11/18/2015 4:00,34655.17,6.11,2.52,3.58,1.64,3.39,11
11/18/2015 5:00,34655.21,6.11,2.7,2.68,1.76,3.14,10
11/18/2015 6:00,34655.25,5.56,2.34,2.68,1.73,2.9,16
11/18/2015 7:00,34655.29,6.67,2.87,3.13,1.8,2.65,99
11/18/2015 8:00,34655.34,9.44,4.99,1.34,1.82,2.41,249
11/18/2015 9:00,34655.38,14.44,7.89,0.89,4.52,2.16,412
11/18/2015 10:00,34655.42,15,7.24,0.89,3.32,1.92,496
11/18/2015 11:00,34655.46,15.56,6.48,0.89,4.15,1.67,437
11/18/2015 12:00,34655.5,17.78,7.45,0.45,3.7,1.43,559
11/18/2015 13:00,34655.55,16.67,5.53,0.45,1.92,3.2,480
11/18/2015 14:00,34655.59,17.22,5.43,1.34,3.84,5.34,336
11/18/2015 15:00,34655.63,15.56,3.9,0.45,4.21,5.28,188
11/18/2015 16:00,34655.67,11.67,1.5,0.45,2.3,5.22,32
11/18/2015 17:00,34655.71,11.11,1.8,0.45,2.41,5.17,8
11/18/2015 18:00,34655.76,10.56,1.81,1.79,0.89,5.11,8
11/18/2015 19:00,34655.8,10,2.98,2.24,1.68,5.05,8
11/18/2015 20:00,34655.84,9.44,3.35,3.58,1.59,4.99,8
11/18/2015 21:00,34655.88,8.89,3.24,2.24,1.75,4.93,8
11/18/2015 22:00,34655.92,8.89,3.45,3.13,1.34,4.87,8
11/18/2015 23:00,34655.97,8.33,3.53,3.13,1.68,4.61,10
11/19/2015 0:00,34656,7.78,3.19,2.68,1.52,4.75,8
11/19/2015 1:00,34656.04,7.78,3.57,3.58,1.31,4.69,8
11/19/2015 2:00,34656.08,8.33,4.11,4.02,1.5,4.63,8
11/19/2015 3:00,34656.13,8.33,4.11,4.02,1.34,4.57,8
11/19/2015 4:00,34656.17,7.78,3.95,3.58,1.55,4.51,8
11/19/2015 5:00,34656.21,7.78,3.95,3.58,1.62,4.45,8
11/19/2015 6:00,34656.25,7.78,3.95,3.13,1.95,4.39,11
11/19/2015 7:00,34656.29,8.89,4.84,0.89,1.43,4.33,110
11/19/2015 8:00,34656.34,12.22,7.07,0.45,1.9,4.27,271
11/19/2015 9:00,34656.38,16.67,10.01,0.89,1.54,4.21,411
11/19/2015 10:00,34656.42,16.67,8.81,0.45,3.94,4.15,509
11/19/2015 11:00,34656.46,17.22,8.04,0.89,3.94,4.09,553
11/19/2015 12:00,34656.5,18.89,8.18,0.89,4.15,4.03,504
11/19/2015 13:00,34656.55,19.44,8.4,0.45,5.01,3.89,461
11/19/2015 14:00,34656.59,20,9.21,0.45,4.12,5.47,330
11/19/2015 15:00,34656.63,18.33,7.96,0.45,5.64,5.42,175
11/19/2015 16:00,34656.67,13.89,5.69,0.45,5.29,5.36,26
11/19/2015 17:00,34656.71,12.78,6.08,0.89,0.8,5.31,8
11/19/2015 18:00,34656.76,12.78,6.3,1.34,1.64,5.25,8
11/19/2015 19:00,34656.8,13.33,7.28,1.79,1.4,5.2,8
11/19/2015 20:00,34656.84,12.22,7.07,2.68,1.41,5.14,8
11/19/2015 21:00,34656.88,10.56,5.87,3.13,1.52,5.08,7
11/19/2015 22:00,34656.92,11.11,6.8,3.13,1.5,5.03,7
11/19/2015 23:00,34656.97,8.89,3.86,3.13,1.69,4.81,8
11/20/2015 0:00,34657,10,6.11,2.24,1.54,4.92,7
11/20/2015 1:00,34657.04,10,6.3,2.68,1.38,4.86,7
11/20/2015 2:00,34657.08,8.89,5.4,2.68,1.31,4.8,7
11/20/2015 3:00,34657.13,8.89,5.4,4.47,1.55,4.75,7
11/20/2015 4:00,34657.17,8.33,4.86,2.24,1.73,4.69,7
11/20/2015 5:00,34657.21,8.89,5.77,2.68,1.64,4.64,8
11/20/2015 6:00,34657.25,9.44,5.95,2.68,1.48,4.58,10
11/20/2015 7:00,34657.29,8.89,5.22,2.68,1.29,4.53,95
11/20/2015 8:00,34657.34,11.11,6.8,1.79,1.17,4.47,252
11/20/2015 9:00,34657.38,17.22,11.44,0.45,4.4,4.41,393
11/20/2015 10:00,34657.42,18.89,11.41,0.45,3.46,4.36,500
11/20/2015 11:00,34657.46,19.44,10.66,0.89,3.8,4.3,577
11/20/2015 12:00,34657.5,20,10.36,0.89,4.26,4.25,495
11/20/2015 13:00,34657.55,20,9.8,0.89,3.89,4.17,451
11/20/2015 14:00,34657.59,20,9.8,0.45,0.7,5.43,329
11/20/2015 15:00,34657.63,20,9.8,0.45,3.53,5.39,172
11/20/2015 16:00,34657.67,15,6.74,0.45,5.11,5.34,28
11/20/2015 17:00,34657.71,15.56,8.72,1.79,1.9,5.29,8
11/20/2015 18:00,34657.76,13.33,6.61,1.79,2.46,5.24,8
11/20/2015 19:00,34657.8,12.78,6.75,1.79,1.54,5.19,8
11/20/2015 20:00,34657.84,12.78,7.6,1.79,1.29,5.14,8
11/20/2015 21:00,34657.88,11.67,7.14,3.13,1.43,5.09,8
11/20/2015 22:00,34657.92,11.11,6.8,2.68,1.48,5.04,8
11/20/2015 23:00,34657.97,11.11,6.6,2.68,1.69,4.97,7
11/21/2015 0:00,34658,11.11,7.38,3.13,1.62,4.95,8
11/21/2015 1:00,34658.04,11.11,7.38,3.13,1.62,4.9,8
11/21/2015 2:00,34658.08,10.56,7.03,3.13,1.78,4.85,8
11/21/2015 3:00,34658.13,10,6.49,1.79,1.55,4.8,8
11/21/2015 4:00,34658.17,10,6.3,3.58,1.27,4.75,8
11/21/2015 5:00,34658.21,8.89,5.4,2.68,1.57,4.7,8
11/21/2015 6:00,34658.25,8.89,5.4,3.13,1.62,4.65,11
11/21/2015 7:00,34658.29,10,5.92,2.24,1.26,4.6,99
11/21/2015 8:00,34658.34,12.78,7.6,0.89,1.03,4.55,258
11/21/2015 9:00,34658.38,19.44,12.18,0.89,4.76,4.51,400
11/21/2015 10:00,34658.42,21.11,12.49,0.89,5.95,4.46,497
11/21/2015 11:00,34658.46,23.89,14.56,0.45,5.39,4.41,549
11/21/2015 12:00,34658.5,25,15.03,0.89,5.95,4.36,489
11/21/2015 13:00,34658.55,25,15.03,1.34,6.21,4.16,449
11/21/2015 14:00,34658.59,22.78,12.08,0.45,4.99,5.29,331
11/21/2015 15:00,34658.63,21.11,10.54,0.45,4.21,5.23,183
11/21/2015 16:00,34658.67,17.22,9.08,0.45,4.22,5.16,37
11/21/2015 17:00,34658.71,16.11,9.71,0.45,4.66,5.1,11
11/21/2015 18:00,34658.76,14.44,8.99,1.34,0.14,5.03,11
11/21/2015 19:00,34658.8,13.89,9.09,0.89,3.35,4.97,11
11/21/2015 20:00,34658.84,13.89,8.88,1.79,1.73,4.9,11
11/21/2015 21:00,34658.88,12.78,8.22,1.79,1.76,4.84,11
11/21/2015 22:00,34658.92,12.78,7.6,2.24,1.19,4.78,11
11/21/2015 23:00,34658.97,11.11,7,2.68,1.54,4.99,8
11/22/2015 0:00,34659,12.78,7.39,3.58,1.52,4.65,11
11/22/2015 1:00,34659.04,11.67,6.53,3.13,1.47,4.58,11
11/22/2015 2:00,34659.08,11.11,5.79,2.68,1.62,4.52,11
11/22/2015 3:00,34659.13,11.11,5.15,3.13,1.54,4.45,11
11/22/2015 4:00,34659.17,10.56,4.84,2.68,1.45,4.39,11
11/22/2015 5:00,34659.21,10.56,4.62,2.24,1.29,4.33,11
11/22/2015 6:00,34659.25,11.11,4.49,2.24,1.03,4.26,15
11/22/2015 7:00,34659.29,12.22,5.32,1.34,1.5,4.2,89
11/22/2015 8:00,34659.34,16.11,7.53,0.89,0.66,4.13,283
11/22/2015 9:00,34659.38,19.44,9.84,1.34,3.87,4.07,424
11/22/2015 10:00,34659.42,21.11,10.83,0.89,4.15,4,516
11/22/2015 11:00,34659.46,21.67,10.75,0.89,4.21,3.94,552
11/22/2015 12:00,34659.5,23.33,11.03,0.89,4.12,3.88,501
11/22/2015 13:00,34659.55,24.44,9.94,0,2.13,3.5,463
11/22/2015 14:00,34659.59,25,9.28,0.45,4.96,4.91,339
11/22/2015 15:00,34659.63,23.89,8.68,1.34,0.09,4.86,184
11/22/2015 16:00,34659.67,18.89,6.31,0.89,6.04,4.81,32
11/22/2015 17:00,34659.71,17.22,7.21,2.24,1.15,4.76,10
11/22/2015 18:00,34659.76,17.22,7.21,2.24,1.55,4.71,10
11/22/2015 19:00,34659.8,15.56,6.75,2.24,1.62,4.66,10
11/22/2015 20:00,34659.84,13.89,6.19,2.68,1.45,4.62,10
11/22/2015 21:00,34659.88,13.33,6.14,3.58,1.27,4.57,10
11/22/2015 22:00,34659.92,13.33,5.66,4.02,1.54,4.52,10
11/22/2015 23:00,34659.97,11.67,6.74,2.68,1.47,4.71,11
11/23/2015 0:00,34660,12.78,4.65,2.24,1.5,4.42,10
11/23/2015 1:00,34660.04,12.78,4.4,2.24,1.41,4.37,10
11/23/2015 2:00,34660.08,13.89,4.66,1.79,1.61,4.32,10
11/23/2015 3:00,34660.13,13.89,3.84,1.79,1.36,4.27,10
11/23/2015 4:00,34660.17,13.33,2.17,1.34,4.42,4.22,10
11/23/2015 5:00,34660.21,12.22,3.62,0.89,1.36,4.17,10
11/23/2015 6:00,34660.25,12.78,3.36,1.34,4.43,4.12,11
11/23/2015 7:00,34660.29,12.22,3.37,2.24,1.24,4.07,46
11/23/2015 8:00,34660.34,16.11,5.02,1.34,1.66,4.02,262
11/23/2015 9:00,34660.38,20,8.91,0.89,4.42,3.97,400
11/23/2015 10:00,34660.42,23.89,10.87,0.89,3.7,3.92,494
11/23/2015 11:00,34660.46,23.33,7.39,0.89,3.21,3.87,537
11/23/2015 12:00,34660.5,25.56,8.52,1.34,3.98,3.83,500
11/23/2015 13:00,34660.55,26.11,7.18,0.45,2.08,3.86,452
11/23/2015 14:00,34660.59,25.56,6.2,0.89,3.89,5.43,323
11/23/2015 15:00,34660.63,23.89,6.17,0.45,2.55,5.41,165
11/23/2015 16:00,34660.67,17.78,7.15,1.79,4.87,5.4,30
11/23/2015 17:00,34660.71,15.56,6.21,0.45,4.73,5.38,9
11/23/2015 18:00,34660.76,15,6.74,0.45,0.33,5.37,9
11/23/2015 19:00,34660.8,15.56,6.48,1.79,0.94,5.35,9
11/23/2015 20:00,34660.84,14.44,4.63,2.24,1.64,5.33,9
11/23/2015 21:00,34660.88,13.33,4.66,2.24,1.47,5.32,9
11/23/2015 22:00,34660.92,11.11,3.56,1.34,4.61,5.3,8
11/23/2015 23:00,34660.97,13.33,4.92,0.89,0.12,4.47,10
11/24/2015 0:00,34661,10,4.72,1.34,4.26,5.27,9
11/24/2015 1:00,34661.04,10,4.72,1.34,1.27,5.25,9
11/24/2015 2:00,34661.08,10,3.88,1.79,1.2,5.24,9
11/24/2015 3:00,34661.13,8.89,4.65,0.45,4.5,5.22,9
11/24/2015 4:00,34661.17,8.89,3.03,2.24,1.69,5.2,9
11/24/2015 5:00,34661.21,8.89,3.03,0.89,4.96,5.19,9
11/24/2015 6:00,34661.25,7.22,2.65,0.89,1.99,5.17,11
11/24/2015 7:00,34661.29,6.11,1.58,1.79,4.52,5.15,77
11/24/2015 8:00,34661.34,8.33,4.11,1.79,4.61,5.14,210
11/24/2015 9:00,34661.38,11.11,7,0.89,4.61,5.12,348
11/24/2015 10:00,34661.42,16.11,10.38,1.34,1.95,5.11,454
11/24/2015 11:00,34661.46,16.67,9.78,2.24,2.25,5.09,484
11/24/2015 12:00,34661.5,18.89,10.66,2.68,3.96,5.07,458
11/24/2015 13:00,34661.55,17.22,8.31,1.79,3.54,6.55,359
11/24/2015 14:00,34661.59,15,6.74,1.79,2.6,10,109
11/24/2015 15:00,34661.63,13.33,7.06,0.45,3.91,10,37
11/24/2015 16:00,34661.67,10,5.73,0.89,5.17,10,11
11/24/2015 17:00,34661.71,7.78,3.76,3.13,6.06,10,8
11/24/2015 18:00,34661.76,8.89,4.65,4.92,0.99,10,8
11/24/2015 19:00,34661.8,9.44,4.99,4.02,1.27,10,8
11/24/2015 20:00,34661.84,8.89,3.86,3.13,6.23,10,8
11/24/2015 21:00,34661.88,6.67,2.87,0.89,4.75,10,8
11/24/2015 22:00,34661.92,6.67,2.87,0.45,4.73,10,9
11/24/2015 23:00,34661.97,10.56,4.62,1.79,1.59,5.28,9
11/25/2015 0:00,34662,4.44,1.08,0.45,4.5,10,9
11/25/2015 1:00,34662.04,5.56,2.16,1.79,0.52,10,9
11/25/2015 2:00,34662.08,5.56,2.34,2.68,2.01,10,9
11/25/2015 3:00,34662.13,5.56,2.86,2.24,1.59,10,9
11/25/2015 4:00,34662.17,6.11,3.23,2.24,1.68,10,9
11/25/2015 5:00,34662.21,5,2.66,0.89,4.36,10,9
11/25/2015 6:00,34662.25,5.56,3.37,0.45,4.08,10,9
11/25/2015 7:00,34662.29,5,2.99,0.45,3.93,10,23
11/25/2015 8:00,34662.34,6.67,4.46,0.89,6.02,10,83
11/25/2015 9:00,34662.38,8.33,5.23,0.45,3.8,10,235
11/25/2015 10:00,34662.42,8.89,5.22,1.34,4.01,10,266
11/25/2015 11:00,34662.46,9.44,5.38,0.45,4.26,10,195
11/25/2015 12:00,34662.5,10,5.73,0.45,3.16,10,157
11/25/2015 13:00,34662.55,9.44,4.8,0.45,4.14,9.83,184
11/25/2015 14:00,34662.59,7.78,3.57,0,3.93,10,49
11/25/2015 15:00,34662.63,7.78,3.19,1.34,0.47,9.73,45
11/25/2015 16:00,34662.67,6.67,2.31,4.02,0.12,9.45,21
11/25/2015 17:00,34662.71,6.67,2.31,4.47,0.63,9.18,9
11/25/2015 18:00,34662.76,7.22,2.65,1.79,0.89,8.91,9
11/25/2015 19:00,34662.8,6.67,2.69,2.24,1.41,8.63,9
11/25/2015 20:00,34662.84,5,1.44,2.68,1.45,8.36,9
11/25/2015 21:00,34662.88,5.56,2.16,2.24,1.83,8.08,9
11/25/2015 22:00,34662.92,4.44,1.25,2.24,1.68,7.81,9
11/25/2015 23:00,34662.97,5.56,1.42,0.45,5.79,10,9
11/26/2015 0:00,34663,5,1.8,3.58,1.36,7.26,9
11/26/2015 1:00,34663.04,5,1.44,3.13,1.59,6.99,9
11/26/2015 2:00,34663.08,2.78,-0.55,0.89,3.23,6.72,9
11/26/2015 3:00,34663.13,3.89,0.71,2.24,1.87,6.44,9
11/26/2015 4:00,34663.17,3.33,-0.36,2.24,2.04,6.17,9
11/26/2015 5:00,34663.21,4.44,0.35,2.24,2.01,5.89,9
11/26/2015 6:00,34663.25,4.44,-0.03,1.79,1.68,5.62,12
11/26/2015 7:00,34663.29,3.89,-0.57,2.24,1.47,5.35,90
11/26/2015 8:00,34663.34,7.22,1.22,1.79,1.57,5.07,247
11/26/2015 9:00,34663.38,8.33,1.4,1.34,1.55,4.8,387
11/26/2015 10:00,34663.42,13.89,5.44,0.45,5.01,4.53,486
11/26/2015 11:00,34663.46,13.33,4.4,0.89,4.42,4.25,532
11/26/2015 12:00,34663.5,16.11,7,0.89,5.18,3.98,489
11/26/2015 13:00,34663.55,12.22,3.1,0.89,4.28,3.92,444
11/26/2015 14:00,34663.59,13.89,4.66,0.45,1.06,5.19,324
11/26/2015 15:00,34663.63,12.22,3.62,0.45,4.99,5.14,172
11/26/2015 16:00,34663.67,8.33,1.63,0.45,5.85,5.09,29
11/26/2015 17:00,34663.71,6.67,0.26,0.45,5.48,5.04,9
11/26/2015 18:00,34663.76,6.67,0.91,0.45,4.59,4.99,9
11/26/2015 19:00,34663.8,6.11,0.79,0.89,4.45,4.94,9
11/26/2015 20:00,34663.84,5.56,0.85,1.34,1.73,4.9,9
11/26/2015 21:00,34663.88,5,0.89,3.13,1.66,4.85,9
11/26/2015 22:00,34663.92,5.56,1.98,3.13,1.48,4.8,9
11/26/2015 23:00,34663.97,3.89,0.71,2.68,1.9,7.54,9
11/27/2015 0:00,34664,3.33,0.52,0.89,2.16,4.7,9
11/27/2015 1:00,34664.04,3.33,0.52,2.68,1.83,4.65,9
11/27/2015 2:00,34664.08,4.44,1.43,2.68,1.66,4.6,9
11/27/2015 3:00,34664.13,4.44,1.25,3.13,1.48,4.55,9
11/27/2015 4:00,34664.17,4.44,1.25,3.13,1.83,4.51,9
11/27/2015 5:00,34664.21,3.89,0.71,0.89,3.11,4.46,9
11/27/2015 6:00,34664.25,2.22,-0.4,0.89,1.4,4.41,11
11/27/2015 7:00,34664.29,2.78,-0.37,0.89,4.05,4.36,92
11/27/2015 8:00,34664.34,5,1.44,0.45,4.71,4.31,230
11/27/2015 9:00,34664.38,7.78,3.95,1.34,4.54,4.26,358
11/27/2015 10:00,34664.42,10.56,5.67,1.34,3.86,4.21,378
11/27/2015 11:00,34664.46,11.11,4.94,1.79,4.14,4.16,446
11/27/2015 12:00,34664.5,12.78,5.85,0.89,4.45,4.12,483
11/27/2015 13:00,34664.55,13.89,6.19,0.89,4.61,4,440
11/27/2015 14:00,34664.59,15,6.74,0.89,5.64,5,327
11/27/2015 15:00,34664.63,10,2.52,0.89,4.45,4.95,124
11/27/2015 16:00,34664.67,7.22,1.65,0.89,4.36,4.91,29
11/27/2015 17:00,34664.71,7.78,2.59,0.89,0.02,4.86,10
11/27/2015 18:00,34664.76,8.33,2.71,1.34,0.63,4.81,10
11/27/2015 19:00,34664.8,8.33,3.12,1.34,1.73,4.76,10
11/27/2015 20:00,34664.84,7.22,2.26,0.89,4.35,4.71,10
11/27/2015 21:00,34664.88,5,1.07,0.45,3.47,4.66,10
11/27/2015 22:00,34664.92,6.67,2.31,1.79,1.66,4.62,10
11/27/2015 23:00,34664.97,4.44,1.08,0.89,3.11,4.75,9
11/28/2015 0:00,34665,6.67,3.06,1.79,1.9,4.52,10
11/28/2015 1:00,34665.04,6.67,3.24,1.34,1.68,4.47,10
11/28/2015 2:00,34665.08,6.67,2.69,1.79,1.8,4.42,10
11/28/2015 3:00,34665.13,5.56,1.61,1.79,1.55,4.37,10
11/28/2015 4:00,34665.17,6.67,1.72,1.34,1.15,4.33,10
11/28/2015 5:00,34665.21,5.56,0.45,1.34,4.1,4.28,10
11/28/2015 6:00,34665.25,6.11,1.38,0.89,0.87,4.23,12
11/28/2015 7:00,34665.29,5,0.12,1.34,4.4,4.18,88
11/28/2015 8:00,34665.34,7.22,1.44,0.45,4.07,4.13,246
11/28/2015 9:00,34665.38,10.56,4.19,1.34,4.24,4.08,388
11/28/2015 10:00,34665.42,12.22,4.13,0.45,4.59,4.04,487
11/28/2015 11:00,34665.46,13.89,4.12,1.79,4.43,3.99,531
11/28/2015 12:00,34665.5,14.44,4.91,1.34,4.4,3.94,486
11/28/2015 13:00,34665.55,14.44,4.07,0.89,5.62,3.92,440
11/28/2015 14:00,34665.59,15,4.87,0.45,4.24,5.21,320
11/28/2015 15:00,34665.63,14.44,4.35,1.34,0.49,5.14,174
11/28/2015 16:00,34665.67,10,1.03,2.24,0.45,5.07,32
11/28/2015 17:00,34665.71,10.56,1.81,1.34,1.38,5,10
11/28/2015 18:00,34665.76,9.44,1.75,1.34,1.54,4.93,10
11/28/2015 19:00,34665.8,7.22,0.35,0.45,4.03,4.86,10
11/28/2015 20:00,34665.84,6.11,-0.26,1.34,0.73,4.79,11
11/28/2015 21:00,34665.88,7.78,1.97,1.34,1.26,4.72,10
11/28/2015 22:00,34665.92,6.11,-0.05,3.58,1.57,4.65,11
11/28/2015 23:00,34665.97,7.22,3.41,3.13,1.41,4.57,10
11/29/2015 0:00,34666,5.56,-0.16,2.68,1.47,4.51,11
11/29/2015 1:00,34666.04,5,-1.11,0.45,3.46,4.44,10
11/29/2015 2:00,34666.08,6.11,0.16,1.79,1.66,4.37,10
11/29/2015 3:00,34666.13,5,-1.32,0.45,4.54,4.3,10
11/29/2015 4:00,34666.17,5,-1.11,2.24,1.9,4.23,10
11/29/2015 5:00,34666.21,5,-1.76,2.68,1.75,4.17,10
11/29/2015 6:00,34666.25,5,-2.21,1.34,4.49,4.1,12
11/29/2015 7:00,34666.29,5.56,-1.68,1.34,3.68,4.03,87
11/29/2015 8:00,34666.34,8.89,0.75,0.45,3,3.96,249
11/29/2015 9:00,34666.38,10,2.52,0.89,4.17,3.89,391
11/29/2015 10:00,34666.42,12.78,4.14,0.89,4.12,3.82,490
11/29/2015 11:00,34666.46,13.33,3.32,0.89,3.04,3.75,530
11/29/2015 12:00,34666.5,14.44,3.19,1.79,1.54,3.68,491
11/29/2015 13:00,34666.55,15,3.39,0.89,2.58,3.5,448
11/29/2015 14:00,34666.59,15,3.08,0.45,3.6,4.95,325
11/29/2015 15:00,34666.63,14.44,2.88,0.45,3.89,5.06,174
11/29/2015 16:00,34666.67,10,-0.9,0.45,4.15,5.18,30
11/29/2015 17:00,34666.71,9.44,-0.56,0.89,1.57,5.29,11
11/29/2015 18:00,34666.76,8.89,0.75,1.79,1.8,5.4,11
11/29/2015 19:00,34666.8,7.22,0.12,2.68,1.61,5.52,11
11/29/2015 20:00,34666.84,6.11,-0.48,1.34,2.13,5.63,11
11/29/2015 21:00,34666.88,6.67,0.69,3.13,1.34,5.75,11
11/29/2015 22:00,34666.92,5.56,-0.16,3.13,1.48,5.86,11
11/29/2015 23:00,34666.97,6.67,0.91,4.02,1.64,4.58,11
11/30/2015 0:00,34667,6.11,0.37,4.47,1.82,6.09,11
11/30/2015 1:00,34667.04,4.44,-0.61,3.13,1.62,6.21,11
11/30/2015 2:00,34667.08,5,-0.08,2.24,1.76,6.32,11
11/30/2015 3:00,34667.13,5,-0.08,3.13,1.66,6.44,11
11/30/2015 4:00,34667.17,5.56,-0.58,0.89,2.48,6.55,11
11/30/2015 5:00,34667.21,3.89,-1.75,3.13,1.59,6.66,11
11/30/2015 6:00,34667.25,5,-1.32,0.89,2.44,6.78,12
11/30/2015 7:00,34667.29,3.33,-2.7,0.89,4.24,6.89,57
11/30/2015 8:00,34667.34,7.22,0.79,1.34,1.34,7.01,271
11/30/2015 9:00,34667.38,8.89,2.38,0.89,1.29,7.12,351
11/30/2015 10:00,34667.42,13.89,4.92,0.89,1.61,7.24,467
11/30/2015 11:00,34667.46,15,4.58,1.34,4.03,7.35,520
11/30/2015 12:00,34667.5,13.89,3.56,0.89,3.21,7.47,342
11/30/2015 13:00,34667.55,13.33,2.46,0.45,4.92,9.13,222
11/30/2015 14:00,34667.59,15,3.7,0.89,5.95,4.88,325
11/30/2015 15:00,34667.63,11.11,1.54,0.45,5.18,4.84,93
11/30/2015 16:00,34667.67,10,1.54,0.45,5.22,4.8,26
11/30/2015 17:00,34667.71,9.44,1.99,0.45,0.14,4.76,11
11/30/2015 18:00,34667.76,8.33,0.71,0.45,4.4,4.72,11
11/30/2015 19:00,34667.8,8.33,1.17,0.89,4.64,4.68,11
11/30/2015 20:00,34667.84,7.78,1.75,0.89,5.79,4.64,11
11/30/2015 21:00,34667.88,8.33,1.85,0.45,4.47,4.6,11
11/30/2015 22:00,34667.92,7.78,2.59,2.68,1.34,4.56,11
11/30/2015 23:00,34667.97,6.11,0.37,2.68,1.59,5.98,11
12/1/2015 0:00,34668,6.11,1.19,1.79,1.22,4.48,11
12/1/2015 1:00,34668.04,6.11,1.58,2.68,1.55,4.44,11
12/1/2015 2:00,34668.08,4.44,0.16,1.34,4.49,4.4,11
12/1/2015 3:00,34668.13,3.33,-0.18,0.89,1.94,4.35,11
12/1/2015 4:00,34668.17,4.44,0.35,1.79,1.95,4.31,11
12/1/2015 5:00,34668.21,5,1.07,1.34,1.59,4.27,11
12/1/2015 6:00,34668.25,3.89,-0.19,1.79,1.68,4.23,14
12/1/2015 7:00,34668.29,5,0.31,0.45,1.27,4.19,82
12/1/2015 8:00,34668.34,7.22,2.65,0.45,1.61,4.15,208
12/1/2015 9:00,34668.38,11.11,4.72,1.34,2.64,4.11,359
12/1/2015 10:00,34668.42,12.78,5.14,0.89,4.52,4.07,465
12/1/2015 11:00,34668.46,13.89,5.18,0.89,4.69,4.03,520
12/1/2015 12:00,34668.5,15.56,5.94,0.45,3.93,3.99,479
12/1/2015 13:00,34668.55,15,4.58,0.89,4.87,3.9,435
12/1/2015 14:00,34668.59,16.11,4.72,0.45,2.41,5.26,314
12/1/2015 15:00,34668.63,16.11,4.09,0.45,3.96,5.4,190
12/1/2015 16:00,34668.67,11.11,0.99,0.45,5.32,5.55,31
12/1/2015 17:00,34668.71,10,1.29,1.79,1.19,5.7,14
12/1/2015 18:00,34668.76,10.56,2.06,2.24,1.66,5.84,14
12/1/2015 19:00,34668.8,8.89,0.25,2.24,2.08,5.99,14
12/1/2015 20:00,34668.84,7.78,0.18,0.45,4.36,6.14,13
12/1/2015 21:00,34668.88,7.22,1.01,2.68,1.59,6.28,14
12/1/2015 22:00,34668.92,7.78,1.97,2.24,1.45,6.43,13
12/1/2015 23:00,34668.97,7.22,2.06,0.89,1.71,4.52,11
12/2/2015 0:00,34669,6.11,1.19,3.58,1.38,6.73,13
12/2/2015 1:00,34669.04,6.11,1.19,2.68,1.61,6.87,13
12/2/2015 2:00,34669.08,6.11,1.38,3.13,1.55,7.02,14
12/2/2015 3:00,34669.13,6.67,1.92,2.24,1.78,7.17,14
12/2/2015 4:00,34669.17,6.11,1.77,2.68,1.43,7.31,14
12/2/2015 5:00,34669.21,6.11,1.96,1.79,1.66,7.46,14
12/2/2015 6:00,34669.25,5.56,1.23,2.24,1.43,7.61,15
12/2/2015 7:00,34669.29,7.22,1.85,1.34,1.24,7.75,84
12/2/2015 8:00,34669.34,8.89,3.86,0.89,4.64,7.9,186
12/2/2015 9:00,34669.38,10,4.31,0.89,4.43,8.05,283
12/2/2015 10:00,34669.42,13.89,6.67,0.45,5.93,8.2,313
12/2/2015 11:00,34669.46,14.44,5.44,0.89,4.1,8.34,360
12/2/2015 12:00,34669.5,12.78,3.89,0.45,3.98,8.49,283
12/2/2015 13:00,34669.55,15.56,5.94,0.89,0.7,7.83,289
12/2/2015 14:00,34669.59,13.89,4.12,0.45,4.57,7.27,250
12/2/2015 15:00,34669.63,12.78,4.14,0.89,5.71,7.25,82
12/2/2015 16:00,34669.67,11.67,3.85,0.89,4.17,7.23,30
12/2/2015 17:00,34669.71,11.11,3.8,0.89,4.22,7.21,14
12/2/2015 18:00,34669.76,10.56,3.51,0.89,4.17,7.19,14
12/2/2015 19:00,34669.8,10.56,3.74,1.34,1.94,7.17,14
12/2/2015 20:00,34669.84,10,4.31,1.79,1.82,7.15,14
12/2/2015 21:00,34669.88,10,4.09,1.79,1.59,7.13,14
12/2/2015 22:00,34669.92,10,4.31,2.24,1.85,7.11,14
12/2/2015 23:00,34669.97,7.22,1.65,1.34,1.54,6.58,13
12/3/2015 0:00,34670,8.89,3.45,3.58,1.59,7.07,14
12/3/2015 1:00,34670.04,8.89,2.82,3.58,1.83,7.05,13
12/3/2015 2:00,34670.08,10,2.52,1.79,1.9,7.03,13
12/3/2015 3:00,34670.13,10.56,2.31,2.24,1.54,7.01,13
12/3/2015 4:00,34670.17,11.67,1.78,2.24,1.78,6.99,13
12/3/2015 5:00,34670.21,11.67,1.78,1.79,1.41,6.97,13
12/3/2015 6:00,34670.25,10.56,1.29,3.13,1.52,6.95,13
12/3/2015 7:00,34670.29,12.22,1.73,1.34,1.4,6.93,63
12/3/2015 8:00,34670.34,12.78,3.08,1.79,1.76,6.91,169
12/3/2015 9:00,34670.38,16.11,5.9,0.89,4.56,6.88,241
12/3/2015 10:00,34670.42,15.56,5.94,1.79,1.64,6.86,191
12/3/2015 11:00,34670.46,17.22,6.05,1.34,1.03,6.84,308
12/3/2015 12:00,34670.5,20.56,6.07,0.45,4.66,6.82,370
12/3/2015 13:00,34670.55,21.11,3.27,0.89,2.51,7.77,291
12/3/2015 14:00,34670.59,18.33,0.83,3.13,2.37,10,93
12/3/2015 15:00,34670.63,18.33,-0.57,2.68,2.39,9.72,61
12/3/2015 16:00,34670.67,16.11,-1.12,1.79,4.4,9.44,22
12/3/2015 17:00,34670.71,12.78,4.65,1.79,5.27,9.17,13
12/3/2015 18:00,34670.76,13.33,4.66,2.24,5.92,8.89,13
12/3/2015 19:00,34670.8,12.78,4.65,0.45,4.99,8.61,14
12/3/2015 20:00,34670.84,13.89,5.44,4.47,1.22,8.33,14
12/3/2015 21:00,34670.88,12.22,4.85,0.89,4.75,8.05,13
12/3/2015 22:00,34670.92,11.67,5.02,0.89,4.5,7.78,13
12/3/2015 23:00,34670.97,8.33,3.12,3.13,1.83,7.09,15
12/4/2015 0:00,34671,11.11,5.79,0.45,0.23,7.22,13
12/4/2015 1:00,34671.04,10,4.52,0.89,4.75,6.94,13
12/4/2015 2:00,34671.08,8.33,4.11,0.45,0.94,6.66,13
12/4/2015 3:00,34671.13,8.89,4.46,1.34,5.83,6.39,13
12/4/2015 4:00,34671.17,8.89,4.06,0.45,3.7,6.11,13
12/4/2015 5:00,34671.21,8.89,4.46,0.45,4.14,5.83,13
12/4/2015 6:00,34671.25,8.33,4.11,1.34,4.59,5.55,14
12/4/2015 7:00,34671.29,9.44,5.38,1.34,2.46,5.27,74
12/4/2015 8:00,34671.34,9.44,4.99,1.34,4.68,5,226
12/4/2015 9:00,34671.38,13.89,9.09,0.45,4.83,4.72,363
12/4/2015 10:00,34671.42,17.22,10.54,0.89,5.25,4.44,464
12/4/2015 11:00,34671.46,18.33,10.13,1.79,0.07,4.16,513
12/4/2015 12:00,34671.5,17.78,8.29,1.34,5.43,3.88,477
12/4/2015 13:00,34671.55,17.22,7.21,0.89,4.66,3.52,439
12/4/2015 14:00,34671.59,16.67,6.13,0.45,4.38,4.76,322
12/4/2015 15:00,34671.63,15.56,5.38,0.45,5.24,4.87,175
12/4/2015 16:00,34671.67,11.67,4.33,0.45,4.22,4.98,33
12/4/2015 17:00,34671.71,11.67,4.79,0.45,4.21,5.09,14
12/4/2015 18:00,34671.76,11.67,5.24,0.45,4.61,5.2,14
12/4/2015 19:00,34671.8,9.44,3.98,0.45,4.17,5.31,14
12/4/2015 20:00,34671.84,8.89,4.26,3.13,1.4,5.43,14
12/4/2015 21:00,34671.88,8.89,4.46,1.34,1.75,5.54,13
12/4/2015 22:00,34671.92,7.78,3.38,0.89,3.87,5.65,13
12/4/2015 23:00,34671.97,11.11,4.94,0.45,3.89,7.5,13
12/5/2015 0:00,34672,7.22,3.6,2.24,1.99,5.87,13
12/5/2015 1:00,34672.04,7.22,3.6,3.58,1.4,5.98,14
12/5/2015 2:00,34672.08,7.22,3.41,3.13,1.52,6.09,13
12/5/2015 3:00,34672.13,7.78,3.76,1.79,1.71,6.2,10
12/5/2015 4:00,34672.17,7.78,3.76,3.13,1.61,6.31,9
12/5/2015 5:00,34672.21,7.78,2.99,2.24,1.85,6.42,10
12/5/2015 6:00,34672.25,6.67,1.72,3.13,1.54,6.53,11
12/5/2015 7:00,34672.29,7.78,2.79,1.79,1.36,6.64,66
12/5/2015 8:00,34672.34,8.89,3.24,1.79,1.69,6.75,209
12/5/2015 9:00,34672.38,10.56,4.19,1.79,1.12,6.86,308
12/5/2015 10:00,34672.42,15,7.72,1.34,4.33,6.97,291
12/5/2015 11:00,34672.46,14.44,7.66,0.45,5.25,7.08,235
12/5/2015 12:00,34672.5,15,7.48,0.89,4.57,7.19,350
12/5/2015 13:00,34672.55,16.11,7.78,0.45,4.94,8.1,273
12/5/2015 14:00,34672.59,14.44,6.95,1.79,1.19,7.57,236
12/5/2015 15:00,34672.63,13.89,6.19,4.02,1.57,7.37,114
12/5/2015 16:00,34672.67,13.89,4.92,2.68,1.78,7.18,34
12/5/2015 17:00,34672.71,12.22,4.61,1.34,3.98,6.98,25
12/5/2015 18:00,34672.76,11.67,4.79,0.89,1.78,6.78,26
12/5/2015 19:00,34672.8,10.56,4.62,0.89,4.59,6.59,21
12/5/2015 20:00,34672.84,10.56,5.26,1.34,1.26,6.39,24
12/5/2015 21:00,34672.88,10.56,5.26,1.79,1.68,6.19,25
12/5/2015 22:00,34672.92,8.89,3.45,3.13,1.54,5.99,30
12/5/2015 23:00,34672.97,8.33,4.49,2.24,1.82,5.76,13
12/6/2015 0:00,34673,10.56,3.28,3.13,1.83,5.6,39
12/6/2015 1:00,34673.04,10,1.79,3.58,1.68,5.4,36
12/6/2015 2:00,34673.08,11.11,0.7,3.13,1.41,5.2,36
12/6/2015 3:00,34673.13,10,-0.32,4.02,1.73,5.01,32
12/6/2015 4:00,34673.17,10.56,-0.99,4.47,1.34,4.81,35
12/6/2015 5:00,34673.21,10.56,-1.93,3.13,1.45,4.61,42
12/6/2015 6:00,34673.25,11.11,-2.79,1.79,1.87,4.42,41
12/6/2015 7:00,34673.29,11.11,-2.09,0.89,1.12,4.22,69
12/6/2015 8:00,34673.34,10.56,-0.39,0.45,5.04,4.02,136
12/6/2015 9:00,34673.38,10.56,0.75,0.89,3.82,3.82,195
12/6/2015 10:00,34673.42,12.78,3.89,0.89,4.15,3.63,262
12/6/2015 11:00,34673.46,19.44,8.99,0.89,6,3.43,534
12/6/2015 12:00,34673.5,18.33,6.76,0.45,2.55,3.23,490
12/6/2015 13:00,34673.55,17.22,5.43,1.79,1.54,1.83,464
12/6/2015 14:00,34673.59,18.33,5.13,0.45,3.56,4.47,326
12/6/2015 15:00,34673.63,17.22,4.12,0.89,1.92,4.55,202
12/6/2015 16:00,34673.67,13.89,4.39,1.34,1.17,4.62,60
12/6/2015 17:00,34673.71,12.78,4.14,0.45,1.05,4.69,43
12/6/2015 18:00,34673.76,12.78,3.89,1.34,1.24,4.77,33
12/6/2015 19:00,34673.8,11.67,3.6,1.79,1.43,4.84,33
12/6/2015 20:00,34673.84,10.56,3.04,2.24,1.5,4.91,32
12/6/2015 21:00,34673.88,10.56,3.04,1.79,1.15,4.99,23
12/6/2015 22:00,34673.92,10,2.98,1.79,1.66,5.06,18
12/6/2015 23:00,34673.97,8.89,3.03,3.58,1.55,5.8,35
12/7/2015 0:00,34674,8.89,1.7,3.13,1.38,5.21,16
12/7/2015 1:00,34674.04,8.89,1.7,2.68,1.68,5.28,52
12/7/2015 2:00,34674.08,8.33,1.63,1.34,1.29,5.35,35
12/7/2015 3:00,34674.13,8.89,0.75,1.34,1.8,5.43,22
12/7/2015 4:00,34674.17,7.78,0.42,2.68,1.71,5.5,19
12/7/2015 5:00,34674.21,7.78,0.65,2.24,1.52,5.57,19
12/7/2015 6:00,34674.25,7.78,0.42,1.79,1.31,5.65,20
12/7/2015 7:00,34674.29,7.78,0.65,2.68,1.45,5.72,79
12/7/2015 8:00,34674.34,11.67,3.35,0.45,3.05,5.79,237
12/7/2015 9:00,34674.38,13.33,4.92,1.34,1.5,5.87,355
12/7/2015 10:00,34674.42,17.22,6.64,0.89,4.8,5.94,487
12/7/2015 11:00,34674.46,16.67,5.83,0.45,4.73,6.01,361
12/7/2015 12:00,34674.5,17.22,4.79,0.89,4.29,6.09,398
12/7/2015 13:00,34674.55,19.44,7.14,0.45,4.19,5.79,370
12/7/2015 14:00,34674.59,17.22,5.43,0.45,3.94,7.1,251
12/7/2015 15:00,34674.63,16.11,5.02,0.45,4.4,7.14,165
12/7/2015 16:00,34674.67,13.33,3.32,0.45,5.48,7.17,56
12/7/2015 17:00,34674.71,12.78,5.61,0.89,0.63,7.2,45
12/7/2015 18:00,34674.76,12.78,5.38,1.34,0.72,7.23,39
12/7/2015 19:00,34674.8,12.22,5.09,1.34,1.61,7.27,38
12/7/2015 20:00,34674.84,11.67,5.02,1.34,1.48,7.3,38
12/7/2015 21:00,34674.88,10.56,4.19,2.24,1.54,7.33,44
12/7/2015 22:00,34674.92,10,4.09,2.24,1.75,7.36,36
12/7/2015 23:00,34674.97,9.44,2.45,3.13,1.54,5.13,17
12/8/2015 0:00,34675,9.44,3.98,2.24,1.38,7.43,24
12/8/2015 1:00,34675.04,9.44,4.19,1.34,1.62,7.46,23
12/8/2015 2:00,34675.08,8.89,3.66,2.24,1.52,7.49,36
12/8/2015 3:00,34675.13,8.89,3.66,2.24,1.52,7.53,50
12/8/2015 4:00,34675.17,8.89,3.86,2.24,1.66,7.56,26
12/8/2015 5:00,34675.21,8.33,3.33,2.68,1.47,7.59,26
12/8/2015 6:00,34675.25,8.33,3.72,3.13,1.62,7.63,27
12/8/2015 7:00,34675.29,8.89,3.86,1.34,1.73,7.66,94
12/8/2015 8:00,34675.34,10.56,5.26,1.34,1.22,7.69,178
12/8/2015 9:00,34675.38,12.22,5.77,1.79,1.2,7.72,315
12/8/2015 10:00,34675.42,15.56,8.25,0.89,4.73,7.76,296
12/8/2015 11:00,34675.46,16.11,7.53,0.45,3.21,7.79,322
12/8/2015 12:00,34675.5,16.11,6.18,0.45,4.24,7.82,315
12/8/2015 13:00,34675.55,17.22,6.93,0.45,4.73,7.28,309
12/8/2015 14:00,34675.59,16.67,6.41,0.89,4.85,6.11,282
12/8/2015 15:00,34675.63,13.89,5.18,0.45,4.59,6.01,183
12/8/2015 16:00,34675.67,12.78,5.38,0.89,4.07,5.91,83
12/8/2015 17:00,34675.71,11.11,4.72,0.89,5.27,5.81,67
12/8/2015 18:00,34675.76,11.11,5.58,1.34,0.54,5.71,65
12/8/2015 19:00,34675.8,10.56,5.26,2.24,1.61,5.61,63
12/8/2015 20:00,34675.84,10.56,5.67,3.58,1.62,5.51,65
12/8/2015 21:00,34675.88,10,4.93,1.79,2.15,5.41,64
12/8/2015 22:00,34675.92,10,5.13,2.24,1.59,5.3,63
12/8/2015 23:00,34675.97,9.44,3.56,3.58,1.64,7.4,34
12/9/2015 0:00,34676,8.89,4.46,2.24,1.61,5.1,61
12/9/2015 1:00,34676.04,8.89,4.65,2.68,1.54,5,60
12/9/2015 2:00,34676.08,7.78,3.57,2.24,1.36,4.9,59
12/9/2015 3:00,34676.13,7.78,3.95,0.89,0.24,4.8,57
12/9/2015 4:00,34676.17,6.11,2.88,0.45,4.07,4.7,57
12/9/2015 5:00,34676.21,6.11,3.23,1.79,2.08,4.6,54
12/9/2015 6:00,34676.25,5.56,2.86,0.45,0.24,4.5,53
12/9/2015 7:00,34676.29,6.67,3.95,0,4.03,4.4,96
12/9/2015 8:00,34676.34,7.78,5.04,0.45,5.04,4.3,233
12/9/2015 9:00,34676.38,11.67,8.3,0.45,3.67,4.2,317
12/9/2015 10:00,34676.42,13.33,8.95,0.45,3.84,4.1,457
12/9/2015 11:00,34676.46,13.33,8.75,0.89,4.35,4,488
12/9/2015 12:00,34676.5,15.56,9.63,0.89,2.2,3.9,470
12/9/2015 13:00,34676.55,14.44,7.89,1.34,3.4,4.22,416
12/9/2015 14:00,34676.59,13.89,7.81,1.34,2.55,5.9,287
12/9/2015 15:00,34676.63,12.78,7.18,0.89,2.58,6.09,149
12/9/2015 16:00,34676.67,11.11,5.79,0.45,2.6,6.28,84
12/9/2015 17:00,34676.71,11.11,6.2,0.89,2.97,6.46,64
12/9/2015 18:00,34676.76,10,5.92,0,4.08,6.65,65
12/9/2015 19:00,34676.8,10,6.3,1.34,1.87,6.83,65
12/9/2015 20:00,34676.84,7.78,4.5,2.24,2.18,7.02,64
12/9/2015 21:00,34676.88,8.33,5.41,2.24,1.68,7.21,64
12/9/2015 22:00,34676.92,7.78,5.04,2.68,1.75,7.39,63
12/9/2015 23:00,34676.97,10,5.13,1.79,1.95,5.2,62
12/10/2015 0:00,34677,7.78,5.21,2.24,1.62,7.77,61
12/10/2015 1:00,34677.04,8.33,5.58,2.68,1.34,7.95,61
12/10/2015 2:00,34677.08,7.78,5.04,2.24,1.55,8.14,61
12/10/2015 3:00,34677.13,8.33,5.58,3.58,1.4,8.32,60
12/10/2015 4:00,34677.17,8.89,5.95,1.34,2.01,8.51,60
12/10/2015 5:00,34677.21,8.33,5.41,2.24,1.48,8.7,58
12/10/2015 6:00,34677.25,9.44,6.31,1.34,0.4,8.88,60
12/10/2015 7:00,34677.29,10,7.04,2.24,2.06,9.07,66
12/10/2015 8:00,34677.34,11.11,7.57,1.34,2.57,9.26,87
12/10/2015 9:00,34677.38,10.56,7.03,3.58,2.18,9.44,102
12/10/2015 10:00,34677.42,10.56,7.58,0.89,2.37,9.63,120
12/10/2015 11:00,34677.46,10.56,8.29,3.13,2.2,9.81,120
12/10/2015 12:00,34677.5,11.11,9.01,0.45,4.89,10,115
12/10/2015 13:00,34677.55,11.11,9.18,0.45,5.01,10,115
12/10/2015 14:00,34677.59,11.67,9.72,0.89,1.8,10,96
12/10/2015 15:00,34677.63,11.67,9.72,1.79,2.08,9.95,101
12/10/2015 16:00,34677.67,11.11,9.18,0.45,4.96,9.89,66
12/10/2015 17:00,34677.71,10.56,8.63,0.45,0.91,9.84,55
12/10/2015 18:00,34677.76,10.56,8.8,0.89,2.84,9.78,55
12/10/2015 19:00,34677.8,11.11,9.35,0.45,4.47,9.73,54
12/10/2015 20:00,34677.84,10.56,8.97,0,3.35,9.67,54
12/10/2015 21:00,34677.88,10,8.42,0.45,0.3,9.62,52
12/10/2015 22:00,34677.92,9.44,7.87,0.45,3.35,9.56,38
12/10/2015 23:00,34677.97,7.78,5.21,3.13,2.11,7.58,63
12/11/2015 0:00,34678,9.44,8.03,1.79,2.16,9.45,50
12/11/2015 1:00,34678.04,9.44,8.03,1.79,3.26,9.4,54
12/11/2015 2:00,34678.08,10,8.58,0.89,4.14,9.35,54
12/11/2015 3:00,34678.13,8.89,7.48,0.89,2.84,9.29,54
12/11/2015 4:00,34678.17,7.78,6.38,0.45,0.63,9.24,58
12/11/2015 5:00,34678.21,7.78,6.06,1.79,0.28,9.18,58
12/11/2015 6:00,34678.25,8.33,6.44,1.34,1.78,9.13,47
12/11/2015 7:00,34678.29,8.89,6.65,1.34,1.59,9.07,87
12/11/2015 8:00,34678.34,8.89,6.48,1.34,1.24,9.02,98
12/11/2015 9:00,34678.38,10.56,7.58,0.89,0.99,8.96,206
12/11/2015 10:00,34678.42,11.67,7.73,0.89,4.68,8.91,342
12/11/2015 11:00,34678.46,12.78,8.42,0.45,3.26,8.85,297
12/11/2015 12:00,34678.5,9.44,5.57,1.79,1.34,8.8,258
12/11/2015 13:00,34678.55,12.22,7.68,1.79,6.06,6.39,344
12/11/2015 14:00,34678.59,13.89,9.09,1.34,5.76,7.75,225
12/11/2015 15:00,34678.63,13.33,7.71,2.24,5.65,7.53,219
12/11/2015 16:00,34678.67,9.44,4.6,0.45,5.25,7.31,80
12/11/2015 17:00,34678.71,8.89,4.65,0.89,6.04,7.09,59
12/11/2015 18:00,34678.76,8.33,3.92,1.34,5.81,6.88,57
12/11/2015 19:00,34678.8,6.67,2.5,0.45,5.62,6.66,53
12/11/2015 20:00,34678.84,7.22,3.41,1.34,1.66,6.44,50
12/11/2015 21:00,34678.88,7.22,3.6,0.45,1.19,6.22,58
12/11/2015 22:00,34678.92,6.11,3.06,2.24,1.87,6.01,59
12/11/2015 23:00,34678.97,10,8.58,0.45,4.33,9.51,49
12/12/2015 0:00,34679,5,2.32,1.79,1.71,5.57,58
12/12/2015 1:00,34679.04,4.44,2.11,2.24,1.99,5.35,58
12/12/2015 2:00,34679.08,5,2.66,2.68,1.88,5.13,51
12/12/2015 3:00,34679.13,4.44,2.28,2.68,1.8,4.92,56
12/12/2015 4:00,34679.17,3.89,1.73,2.68,1.61,4.7,58
12/12/2015 5:00,34679.21,3.89,1.57,2.68,1.48,4.48,59
12/12/2015 6:00,34679.25,4.44,1.94,2.24,1.76,4.26,59
12/12/2015 7:00,34679.29,5,2.15,1.34,2.18,4.04,107
12/12/2015 8:00,34679.34,6.11,2.7,1.79,1.55,3.83,257
12/12/2015 9:00,34679.38,11.67,6.94,0.89,3.54,3.61,395
12/12/2015 10:00,34679.42,12.78,7.18,0.89,4.08,3.39,499
12/12/2015 11:00,34679.46,13.33,7.5,0.89,4.33,3.17,545
12/12/2015 12:00,34679.5,14.44,7.89,0.89,3.93,2.96,489
12/12/2015 13:00,34679.55,13.89,7.13,0.45,4.29,0,488
12/12/2015 14:00,34679.59,13.89,6.9,0,5.99,3.17,344
12/12/2015 15:00,34679.63,12.78,6.08,0,3.26,3.48,210
12/12/2015 16:00,34679.67,10,4.31,0.45,4.52,3.79,94
12/12/2015 17:00,34679.71,7.78,2.99,1.34,6.28,4.1,66
12/12/2015 18:00,34679.76,8.89,4.26,1.34,1.97,4.41,64
12/12/2015 19:00,34679.8,7.78,3.76,2.24,1.4,4.73,63
12/12/2015 20:00,34679.84,7.78,4.14,2.68,1.69,5.04,64
12/12/2015 21:00,34679.88,6.67,3.24,2.68,1.68,5.35,65
12/12/2015 22:00,34679.92,7.22,3.96,2.68,1.85,5.66,65
12/12/2015 23:00,34679.97,5,1.97,0.89,2.95,5.79,58
12/13/2015 0:00,34680,5.56,2.69,2.68,1.34,6.28,65
12/13/2015 1:00,34680.04,6.11,3.41,2.68,1.76,6.59,62
12/13/2015 2:00,34680.08,6.11,3.06,1.34,1.31,6.9,64
12/13/2015 3:00,34680.13,5,2.32,3.13,1.71,7.21,65
12/13/2015 4:00,34680.17,5.56,2.86,2.68,2.11,7.52,65
12/13/2015 5:00,34680.21,5.56,2.86,3.58,1.8,7.83,63
12/13/2015 6:00,34680.25,5,2.32,2.68,1.8,8.14,64
12/13/2015 7:00,34680.29,6.11,2.88,3.13,1.55,8.45,110
12/13/2015 8:00,34680.34,8.89,5.4,0.45,3.56,8.76,240
12/13/2015 9:00,34680.38,10,5.73,0.45,1.85,9.07,206
12/13/2015 10:00,34680.42,10,5.13,1.34,2.95,9.38,244
12/13/2015 11:00,34680.46,10.56,4.84,8.05,2.29,9.69,266
12/13/2015 12:00,34680.5,9.44,4.8,4.47,2.55,10,128
12/13/2015 13:00,34680.55,8.33,5.23,0.89,4.4,10,103
12/13/2015 14:00,34680.59,7.78,5.21,2.68,2.22,10,83
12/13/2015 15:00,34680.63,8.89,6.48,0.45,3.8,9.95,90
12/13/2015 16:00,34680.67,7.78,5.56,0.89,4.52,9.89,62
12/13/2015 17:00,34680.71,7.78,5.72,0.45,4.29,9.84,49
12/13/2015 18:00,34680.76,7.78,5.89,2.68,3.58,9.78,42
12/13/2015 19:00,34680.8,7.22,5.34,0.89,5.01,9.73,42
12/13/2015 20:00,34680.84,6.11,4.08,0.45,4.19,9.68,60
12/13/2015 21:00,34680.88,5,2.82,0.89,4.36,9.62,57
12/13/2015 22:00,34680.92,5,2.82,0.45,5.43,9.57,57
12/13/2015 23:00,34680.97,6.11,3.06,2.68,1.64,5.97,65
12/14/2015 0:00,34681,3.33,1.02,0.89,4.56,9.46,42
12/14/2015 1:00,34681.04,3.33,1.35,0.45,5.39,9.41,31
12/14/2015 2:00,34681.08,2.78,0.8,1.34,4.1,9.35,36
12/14/2015 3:00,34681.13,2.22,0.42,0.45,6.11,9.3,50
12/14/2015 4:00,34681.17,1.67,-0.13,0.89,3.72,9.24,51
12/14/2015 5:00,34681.21,2.22,0.42,0.89,3.72,9.19,52
12/14/2015 6:00,34681.25,1.11,-0.52,0.89,2.55,9.14,54
12/14/2015 7:00,34681.29,2.78,1.28,0.45,1.31,9.08,82
12/14/2015 8:00,34681.34,2.22,0.73,0.89,3.94,9.03,148
12/14/2015 9:00,34681.38,5,3.15,0.45,0.66,8.97,298
12/14/2015 10:00,34681.42,6.67,4.12,0.45,2.09,8.92,322
12/14/2015 11:00,34681.46,7.78,4.86,0.89,4.8,8.87,297
12/14/2015 12:00,34681.5,6.67,3.78,0.45,4.57,8.81,256
12/14/2015 13:00,34681.55,7.22,3.41,1.79,0.37,4.37,408
12/14/2015 14:00,34681.59,8.33,4.11,0.89,1.22,6.72,259
12/14/2015 15:00,34681.63,8.33,4.11,2.24,2.36,6.41,210
12/14/2015 16:00,34681.67,5.56,1.79,2.68,2.32,6.11,91
12/14/2015 17:00,34681.71,5.56,1.79,2.68,1.97,5.8,70
12/14/2015 18:00,34681.76,5,1.26,0.89,4.71,5.5,68
12/14/2015 19:00,34681.8,4.44,0.53,0.89,4.35,5.19,64
12/14/2015 20:00,34681.84,4.44,0.53,1.79,2.22,4.89,69
12/14/2015 21:00,34681.88,4.44,0.72,1.79,2.44,4.58,69
12/14/2015 22:00,34681.92,3.89,0.36,2.24,1.88,4.28,68
12/14/2015 23:00,34681.97,4.44,2.28,0.89,5.95,9.51,57
12/15/2015 0:00,34682,3.33,1.02,2.68,1.48,3.67,68
12/15/2015 1:00,34682.04,2.78,0.48,3.13,1.64,3.36,66
12/15/2015 2:00,34682.08,2.22,0.09,2.68,1.45,3.05,69
12/15/2015 3:00,34682.13,2.22,0.09,3.13,1.36,2.75,70
12/15/2015 4:00,34682.17,2.78,0.14,3.13,1.71,2.44,71
12/15/2015 5:00,34682.21,2.22,-0.91,2.24,1.68,2.14,71
12/15/2015 6:00,34682.25,1.67,-1.63,3.13,1.8,1.83,72
12/15/2015 7:00,34682.29,2.22,-0.91,2.24,1.33,1.53,77
12/15/2015 8:00,34682.34,3.89,-0.57,4.02,1.29,1.22,242
12/15/2015 9:00,34682.38,5.56,0.65,3.13,1.33,0.92,386
12/15/2015 10:00,34682.42,13.33,7.28,0.45,2.62,0.61,501
12/15/2015 11:00,34682.46,11.11,4.49,0.45,4.28,0.31,552
12/15/2015 12:00,34682.5,11.67,4.33,0.45,4.21,0,527
12/15/2015 13:00,34682.55,11.67,3.6,0,2.79,0,493
12/15/2015 14:00,34682.59,12.22,3.88,0.45,1.15,0,402
12/15/2015 15:00,34682.63,11.11,2.83,0.89,4.82,0,265
12/15/2015 16:00,34682.67,7.22,0.35,0.45,4.52,0,103
12/15/2015 17:00,34682.71,6.11,0.16,0,5.36,0,73
12/15/2015 18:00,34682.76,5.56,0.05,2.24,0.31,0,72
12/15/2015 19:00,34682.8,5.56,0.25,2.24,1.55,0,71
12/15/2015 20:00,34682.84,5,0.31,2.24,1.75,0,74
12/15/2015 21:00,34682.88,3.89,-0.19,4.02,1.97,0,71
12/15/2015 22:00,34682.92,3.89,-0.19,3.13,1.54,0,74
12/15/2015 23:00,34682.97,3.89,1.23,2.68,1.88,3.97,63
12/16/2015 0:00,34683,3.89,0.36,2.24,2.02,0,70
12/16/2015 1:00,34683.04,3.89,0.18,3.58,1.43,0,65
12/16/2015 2:00,34683.08,3.33,-0.54,2.68,1.8,0,52
12/16/2015 3:00,34683.13,3.33,-0.91,1.79,1.68,0,40
12/16/2015 4:00,34683.17,2.78,-1.27,2.68,1.78,0,32
12/16/2015 5:00,34683.21,2.22,-1.99,3.13,1.64,0,32
12/16/2015 6:00,34683.25,2.22,-1.99,2.68,1.59,0,33
12/16/2015 7:00,34683.29,2.22,-2.36,2.68,1.92,0,76
12/16/2015 8:00,34683.34,3.89,-1.15,1.34,1.87,0,221
12/16/2015 9:00,34683.38,7.78,1.75,0.89,1.26,0,359
12/16/2015 10:00,34683.42,10.56,3.51,1.34,4.24,0,478
12/16/2015 11:00,34683.46,11.11,3.56,0.45,6.11,0,545
12/16/2015 12:00,34683.5,11.67,3.35,0.45,2.76,0,520
12/16/2015 13:00,34683.55,12.22,3.1,0.45,2.84,0,482
12/16/2015 14:00,34683.59,13.33,3.6,0.45,3.14,0,380
12/16/2015 15:00,34683.63,12.78,3.62,0.89,5.83,0.16,222
12/16/2015 16:00,34683.67,7.22,-0.34,0.89,5.62,0.33,82
12/16/2015 17:00,34683.71,6.67,0.04,1.34,0.37,0.49,61
12/16/2015 18:00,34683.76,7.22,1.44,1.34,0.56,0.66,66
12/16/2015 19:00,34683.8,5.56,0.25,1.34,1.59,0.82,67
12/16/2015 20:00,34683.84,5,0.31,2.24,1.73,0.99,66
12/16/2015 21:00,34683.88,4.44,0.16,3.13,1.54,1.15,69
12/16/2015 22:00,34683.92,3.89,-0.19,2.68,1.68,1.32,66
12/16/2015 23:00,34683.97,3.89,-0.01,3.58,1.47,0,73
12/17/2015 0:00,34684,3.33,-0.36,1.79,1.87,1.65,68
12/17/2015 1:00,34684.04,3.33,-0.18,2.24,1.85,1.81,68
12/17/2015 2:00,34684.08,2.78,-0.72,2.68,1.38,1.98,68
12/17/2015 3:00,34684.13,2.78,-0.72,2.24,2.08,2.14,63
12/17/2015 4:00,34684.17,3.33,-0.01,1.79,1.8,2.31,64
12/17/2015 5:00,34684.21,3.33,-0.01,3.13,1.36,2.47,65
12/17/2015 6:00,34684.25,3.33,-0.01,2.24,1.82,2.64,65
12/17/2015 7:00,34684.29,2.78,-0.55,2.24,1.54,2.8,104
12/17/2015 8:00,34684.34,4.44,0.72,1.79,1.54,2.97,239
12/17/2015 9:00,34684.38,9.44,4.39,0.45,4.42,3.13,380
12/17/2015 10:00,34684.42,10.56,4.62,0.89,4.56,3.3,453
12/17/2015 11:00,34684.46,11.11,4.49,1.34,4.56,3.46,463
12/17/2015 12:00,34684.5,11.67,3.85,0.89,4.82,3.63,471
12/17/2015 13:00,34684.55,13.33,4.4,0.89,3.39,1.15,460
12/17/2015 14:00,34684.59,13.89,4.12,0.45,4.85,0,388
12/17/2015 15:00,34684.63,13.89,4.92,0.89,4.92,0,234
12/17/2015 16:00,34684.67,8.33,0.47,0.45,5.64,0,78
12/17/2015 17:00,34684.71,7.78,1.1,0.45,1.01,0,63
12/17/2015 18:00,34684.76,8.33,1.63,0.89,1.85,0,59
12/17/2015 19:00,34684.8,6.67,1.11,2.68,1.73,0,54
12/17/2015 20:00,34684.84,6.11,1.19,2.68,1.48,0,47
12/17/2015 21:00,34684.88,5.56,1.04,2.24,1.68,0,56
12/17/2015 22:00,34684.92,5.56,1.61,2.68,1.68,0,67
12/17/2015 23:00,34684.97,4.44,0.53,3.13,1.94,1.48,68
12/18/2015 0:00,34685,4.44,0.9,2.68,1.62,0,69
12/18/2015 1:00,34685.04,3.89,0.54,2.68,1.69,0,71
12/18/2015 2:00,34685.08,3.89,0.71,2.68,1.62,0,71
12/18/2015 3:00,34685.13,3.89,0.71,3.13,1.47,0,70
12/18/2015 4:00,34685.17,3.89,0.89,3.58,1.83,0,71
12/18/2015 5:00,34685.21,3.89,0.89,2.68,1.48,0,73
12/18/2015 6:00,34685.25,3.33,0.34,3.58,1.4,0,73
12/18/2015 7:00,34685.29,3.89,0.71,3.58,1.43,0,111
12/18/2015 8:00,34685.34,5.56,1.79,2.68,1.29,0,255
12/18/2015 9:00,34685.38,11.11,5.79,0.89,1.5,0,394
12/18/2015 10:00,34685.42,12.78,5.85,1.34,4.36,0,499
12/18/2015 11:00,34685.46,17.78,9.09,0.45,0.09,0,545
12/18/2015 12:00,34685.5,17.22,6.64,1.34,4.66,0,519
12/18/2015 13:00,34685.55,16.11,5.32,0.89,4.61,0,489
12/18/2015 14:00,34685.59,15.56,3.9,0.45,4.03,1.67,358
12/18/2015 15:00,34685.63,15.56,4.21,0.45,4.31,2.05,214
12/18/2015 16:00,34685.67,11.67,1.5,0.45,3.63,2.43,73
12/18/2015 17:00,34685.71,10,0.5,1.79,2.3,2.81,48
12/18/2015 18:00,34685.76,9.44,1.51,1.79,0.38,3.19,44
12/18/2015 19:00,34685.8,10.56,2.06,0.45,0.96,3.56,42
12/18/2015 20:00,34685.84,7.78,1.1,2.68,1.12,3.94,40
12/18/2015 21:00,34685.88,8.33,2.07,1.34,1.31,4.32,38
12/18/2015 22:00,34685.92,6.67,0.91,2.68,1.68,4.7,36
12/18/2015 23:00,34685.97,5,1.26,2.68,1.31,0,69
12/19/2015 0:00,34686,7.22,1.85,3.58,1.38,5.46,34
12/19/2015 1:00,34686.04,7.78,1.1,4.47,1.88,5.84,33
12/19/2015 2:00,34686.08,6.67,0.91,1.79,4.4,6.21,32
12/19/2015 3:00,34686.13,7.22,1.44,1.34,1.57,6.59,33
12/19/2015 4:00,34686.17,6.11,0.79,1.34,1.68,6.97,32
12/19/2015 5:00,34686.21,5.56,0.45,1.79,0.37,7.35,31
12/19/2015 6:00,34686.25,8.33,2.71,3.58,1.2,7.73,31
12/19/2015 7:00,34686.29,5.56,1.98,4.47,1.24,8.11,38
12/19/2015 8:00,34686.34,6.67,3.42,1.34,4.78,8.49,35
12/19/2015 9:00,34686.38,6.11,3.41,0.45,1.38,8.86,43
12/19/2015 10:00,34686.42,6.67,4.12,3.13,1.22,9.24,67
12/19/2015 11:00,34686.46,8.33,5.76,0.89,4.01,9.62,100
12/19/2015 12:00,34686.5,8.33,5.93,0.45,4.66,10,86
12/19/2015 13:00,34686.55,7.78,5.56,0.45,4.64,10,121
12/19/2015 14:00,34686.59,7.78,5.72,1.34,1.82,10,113
12/19/2015 15:00,34686.63,8.33,6.27,0.89,4.33,9.86,59
12/19/2015 16:00,34686.67,7.22,5.34,0.45,4.24,9.71,24
12/19/2015 17:00,34686.71,7.22,5.34,1.34,1.05,9.57,20
12/19/2015 18:00,34686.76,7.22,5.51,0.45,4.8,9.42,20
12/19/2015 19:00,34686.8,7.22,5.51,0.45,5.06,9.28,19
12/19/2015 20:00,34686.84,6.67,4.96,0.45,4.87,9.14,19
12/19/2015 21:00,34686.88,7.22,5.67,0.89,2.43,8.99,19
12/19/2015 22:00,34686.92,6.11,4.57,0.45,4.54,8.85,18
12/19/2015 23:00,34686.97,6.11,0.99,2.68,1.22,5.08,35
12/20/2015 0:00,34687,7.22,5.67,0.89,4.52,8.56,18
12/20/2015 1:00,34687.04,6.11,4.57,0.45,4.83,8.42,18
12/20/2015 2:00,34687.08,5.56,4.02,0.89,4.47,8.27,18
12/20/2015 3:00,34687.13,5.56,4.18,1.79,0.63,8.13,18
12/20/2015 4:00,34687.17,6.11,4.73,1.34,2.27,7.99,18
12/20/2015 5:00,34687.21,5.56,4.18,0,3.84,7.84,17
12/20/2015 6:00,34687.25,4.44,3.08,0.45,3.51,7.7,17
12/20/2015 7:00,34687.29,5,3.63,0.45,2.9,7.55,31
12/20/2015 8:00,34687.34,5.56,4.18,2.68,1.62,7.41,72
12/20/2015 9:00,34687.38,6.11,4.73,0.89,2.02,7.27,123
12/20/2015 10:00,34687.42,10.56,8.29,0.89,2.29,7.12,271
12/20/2015 11:00,34687.46,11.11,8.48,0.45,3.91,6.98,389
12/20/2015 12:00,34687.5,11.11,8.12,0.45,2.69,6.84,358
12/20/2015 13:00,34687.55,10,6.67,0.89,4.38,5.71,365
12/20/2015 14:00,34687.59,11.67,7.54,2.24,3.82,5.64,289
12/20/2015 15:00,34687.63,9.44,5.76,1.79,3.89,5.83,130
12/20/2015 16:00,34687.67,8.33,5.23,0.45,2.3,6.03,30
12/20/2015 17:00,34687.71,8.33,5.23,2.68,2.13,6.23,17
12/20/2015 18:00,34687.76,8.33,5.23,1.34,2.48,6.43,18
12/20/2015 19:00,34687.8,7.22,4.49,1.79,2.25,6.63,17
12/20/2015 20:00,34687.84,7.22,4.49,1.34,2.18,6.83,17
12/20/2015 21:00,34687.88,8.33,5.58,2.24,2.32,7.02,18
12/20/2015 22:00,34687.92,8.33,5.58,1.34,2.27,7.22,18
12/20/2015 23:00,34687.97,7.22,5.67,0.45,4.4,8.71,18
12/21/2015 0:00,34688,7.78,4.86,1.34,2.48,7.62,17
12/21/2015 1:00,34688.04,8.33,5.41,1.79,2.09,7.82,17
12/21/2015 2:00,34688.08,7.78,4.5,3.13,2.09,8.02,17
12/21/2015 3:00,34688.13,7.78,4.32,2.68,1.75,8.21,17
12/21/2015 4:00,34688.17,8.33,5.05,0.45,3.19,8.41,17
12/21/2015 5:00,34688.21,7.22,3.96,0.89,2.43,8.61,16
12/21/2015 6:00,34688.25,8.33,5.05,2.24,1.78,8.81,17
12/21/2015 7:00,34688.29,8.89,5.22,3.58,1.82,9.01,26
12/21/2015 8:00,34688.34,8.89,5.03,1.79,1.66,9.21,64
12/21/2015 9:00,34688.38,10.56,6.07,2.68,1.85,9.4,99
12/21/2015 10:00,34688.42,10.56,5.26,2.24,1.95,9.6,125
12/21/2015 11:00,34688.46,11.67,5.47,3.58,2.37,9.8,150
12/21/2015 12:00,34688.5,12.22,6.65,2.24,1.68,10,143
12/21/2015 13:00,34688.55,12.22,6.22,1.34,1.9,10,153
12/21/2015 14:00,34688.59,10.56,4.62,1.79,1.82,10,96
12/21/2015 15:00,34688.63,10,6.67,2.24,1.52,10,39
12/21/2015 16:00,34688.67,10.56,7.58,0.89,2.15,10,22
12/21/2015 17:00,34688.71,10,7.21,2.24,1.01,10,17
12/21/2015 18:00,34688.76,10.56,8.11,3.58,1.75,10,17
12/21/2015 19:00,34688.8,10.56,8.29,2.24,2.46,10,16
12/21/2015 20:00,34688.84,10.56,8.46,0.89,4.57,10,16
12/21/2015 21:00,34688.88,10.56,8.46,2.68,2.32,10,16
12/21/2015 22:00,34688.92,11.11,9.18,2.24,2.43,10,16
12/21/2015 23:00,34688.97,7.78,4.86,1.34,2.69,7.42,18
12/22/2015 0:00,34689,11.11,9.35,4.47,2.23,10,16
12/22/2015 1:00,34689.04,11.11,9.35,2.68,2.32,10,15
12/22/2015 2:00,34689.08,11.11,9.35,3.13,2.3,10,15
12/22/2015 3:00,34689.13,10.56,8.97,3.13,2.37,10,14
12/22/2015 4:00,34689.17,10.56,8.97,1.79,1.1,10,14
12/22/2015 5:00,34689.21,11.11,9.51,0.89,2.71,10,15
12/22/2015 6:00,34689.25,10.56,9.13,1.34,2.09,10,15
12/22/2015 7:00,34689.29,11.11,9.68,0.89,4.22,10,24
12/22/2015 8:00,34689.34,11.67,10.23,0.45,4.31,10,58
12/22/2015 9:00,34689.38,11.67,10.23,1.34,1.92,10,76
12/22/2015 10:00,34689.42,11.67,10.06,0.89,2.58,10,86
12/22/2015 11:00,34689.46,13.33,11.37,0.89,1.99,10,162
12/22/2015 12:00,34689.5,12.78,11.16,0.89,2.6,10,111
12/22/2015 13:00,34689.55,12.78,10.99,0.89,1.85,10,98
12/22/2015 14:00,34689.59,13.33,11.54,1.79,1.59,9.2,164
12/22/2015 15:00,34689.63,12.78,10.82,1.79,1.97,9.07,146
12/22/2015 16:00,34689.67,12.22,10.44,1.34,4.42,8.95,35
12/22/2015 17:00,34689.71,11.11,9.51,0.89,4.52,8.83,16
12/22/2015 18:00,34689.76,11.67,10.06,0.45,3.96,8.71,15
12/22/2015 19:00,34689.8,10.56,8.97,0.89,4.26,8.59,15
12/22/2015 20:00,34689.84,11.11,9.18,0.89,4.76,8.47,15
12/22/2015 21:00,34689.88,10.56,7.58,2.24,6.06,8.34,14
12/22/2015 22:00,34689.92,10.56,7.4,0.45,5.29,8.22,15
12/22/2015 23:00,34689.97,10.56,8.63,2.24,2.41,10,17
12/23/2015 0:00,34690,8.33,5.76,0.89,4.47,7.98,15
12/23/2015 1:00,34690.04,8.33,5.93,0.89,5.18,7.86,14
12/23/2015 2:00,34690.08,7.78,5.72,0.89,4.83,7.74,14
12/23/2015 3:00,34690.13,7.22,5.34,1.34,4.54,7.62,14
12/23/2015 4:00,34690.17,6.67,5.12,2.68,5.69,7.49,14
12/23/2015 5:00,34690.21,6.67,4.8,0.89,5.97,7.37,14
12/23/2015 6:00,34690.25,6.11,3.75,0.45,6,7.25,13
12/23/2015 7:00,34690.29,6.67,4.29,0.89,4.5,7.13,31
12/23/2015 8:00,34690.34,6.67,3.95,0.45,4.82,7.01,100
12/23/2015 9:00,34690.38,8.89,5.77,1.34,4.54,6.89,236
12/23/2015 10:00,34690.42,10.56,6.65,0.45,4.87,6.76,404
12/23/2015 11:00,34690.46,9.44,5.95,1.79,5.48,6.64,311
12/23/2015 12:00,34690.5,12.22,7.68,2.68,5.59,6.52,372
12/23/2015 13:00,34690.55,12.22,7.48,3.13,6.25,2.95,437
12/23/2015 14:00,34690.59,12.22,7.88,0.89,4.43,5.08,303
12/23/2015 15:00,34690.63,10.56,6.26,0.89,4.71,5.31,190
12/23/2015 16:00,34690.67,8.89,5.03,0.89,5.43,5.53,66
12/23/2015 17:00,34690.71,7.78,2.99,3.58,0.05,5.76,44
12/23/2015 18:00,34690.76,7.78,2.79,0.89,5.38,5.98,45
12/23/2015 19:00,34690.8,7.22,2.06,1.34,5.79,6.2,42
12/23/2015 20:00,34690.84,6.11,1.58,0.45,3.96,6.43,44
12/23/2015 21:00,34690.88,5,1.26,0.89,4.59,6.65,44
12/23/2015 22:00,34690.92,3.89,0.36,0.45,4.76,6.87,42
12/23/2015 23:00,34690.97,10,7.04,1.79,0.79,8.1,15
12/24/2015 0:00,34691,4.44,1.43,1.34,1.5,7.32,31
12/24/2015 1:00,34691.04,4.44,1.6,1.34,2.01,7.54,26
12/24/2015 2:00,34691.08,2.22,-0.07,0.89,4.59,7.77,23
12/24/2015 3:00,34691.13,3.33,1.19,0.45,2.78,7.99,20
12/24/2015 4:00,34691.17,3.33,1.19,2.68,1.62,8.21,19
12/24/2015 5:00,34691.21,0.56,-1.87,1.79,4.31,8.44,18
12/24/2015 6:00,34691.25,2.78,0.96,2.24,1.62,8.66,18
12/24/2015 7:00,34691.29,3.89,1.4,1.34,2.88,8.88,54
12/24/2015 8:00,34691.34,5.56,2.69,1.34,3.04,9.11,163
12/24/2015 9:00,34691.38,6.67,3.42,2.68,2.37,9.33,245
12/24/2015 10:00,34691.42,6.67,2.87,1.79,2.83,9.55,267
12/24/2015 11:00,34691.46,5.56,1.98,1.34,2.46,9.78,155
12/24/2015 12:00,34691.5,5,1.97,3.58,2.09,10,131
12/24/2015 13:00,34691.55,5.56,2.51,4.02,2.41,10,118
12/24/2015 14:00,34691.59,5.56,2.86,1.34,2.43,10,59
12/24/2015 15:00,34691.63,5,2.66,3.13,0.1,9.81,41
12/24/2015 16:00,34691.67,5,2.49,2.68,1.87,9.61,26
12/24/2015 17:00,34691.71,4.44,1.77,4.47,5.88,9.42,15
12/24/2015 18:00,34691.76,3.33,0.85,0.89,2.46,9.23,15
12/24/2015 19:00,34691.8,3.89,1.57,2.24,1.5,9.03,14
12/24/2015 20:00,34691.84,2.78,0.8,0.89,3.96,8.84,14
12/24/2015 21:00,34691.88,2.78,0.64,0.89,2.08,8.65,14
12/24/2015 22:00,34691.92,3.89,1.57,2.68,0.99,8.45,14
12/24/2015 23:00,34691.97,3.33,0.34,1.34,6.02,7.1,37
12/25/2015 0:00,34692,2.22,0.09,0.89,4.07,8.07,14
12/25/2015 1:00,34692.04,2.78,0.8,1.79,1.45,7.88,13
12/25/2015 2:00,34692.08,1.67,0.03,1.79,1.92,7.68,13
12/25/2015 3:00,34692.13,1.67,-0.13,0.89,0.82,7.49,13
12/25/2015 4:00,34692.17,1.11,-0.68,2.24,1.87,7.3,13
12/25/2015 5:00,34692.21,1.11,-0.52,3.13,1.83,7.1,13
12/25/2015 6:00,34692.25,1.11,-0.52,1.79,1.92,6.91,13
12/25/2015 7:00,34692.29,1.67,-0.13,2.68,1.55,6.72,51
12/25/2015 8:00,34692.34,3.33,1.02,1.34,1.73,6.52,197
12/25/2015 9:00,34692.38,6.11,3.06,1.34,1.1,6.33,329
12/25/2015 10:00,34692.42,10,5.73,0.89,2.86,6.14,439
12/25/2015 11:00,34692.46,10,5.53,0.45,4,5.94,504
12/25/2015 12:00,34692.5,8.89,3.66,0,5.86,5.75,404
12/25/2015 13:00,34692.55,8.89,2.82,0.89,4.4,0,481
12/25/2015 14:00,34692.59,8.89,2.6,0.45,6.23,2.57,349
12/25/2015 15:00,34692.63,8.33,2.29,0.89,5.43,2.7,200
12/25/2015 16:00,34692.67,5.56,0.65,0.45,5.85,2.82,46
12/25/2015 17:00,34692.71,3.89,-0.76,0.89,5.39,2.94,19
12/25/2015 18:00,34692.76,4.44,-0.03,1.34,5.34,3.06,18
12/25/2015 19:00,34692.8,3.33,-0.73,0.89,4.73,3.19,19
12/25/2015 20:00,34692.84,2.22,-1.09,0.45,5.11,3.31,19
12/25/2015 21:00,34692.88,2.22,-0.74,0.89,6.21,3.43,20
12/25/2015 22:00,34692.92,1.11,-1.66,0.45,4.38,3.55,17
12/25/2015 23:00,34692.97,3.33,1.02,1.34,0.24,8.26,14
12/26/2015 0:00,34693,0,-2.25,0.89,4.69,3.8,17
12/26/2015 1:00,34693.04,0,-2.09,0.89,2.43,3.92,13
12/26/2015 2:00,34693.08,0.56,-1.55,2.24,2.09,4.04,13
12/26/2015 3:00,34693.13,0.56,-1.87,1.34,2.43,4.17,13
12/26/2015 4:00,34693.17,0.56,-1.87,2.24,1.85,4.29,16
12/26/2015 5:00,34693.21,0,-2.74,1.79,1.27,4.41,16
12/26/2015 6:00,34693.25,0,-3.08,1.79,1.71,4.54,16
12/26/2015 7:00,34693.29,0.56,-3.6,1.34,2.16,4.66,54
12/26/2015 8:00,34693.34,1.67,-2.34,0.45,2.36,4.78,205
12/26/2015 9:00,34693.38,3.89,-0.19,0.89,3.87,4.9,352
12/26/2015 10:00,34693.42,7.78,2.99,1.79,4.49,5.03,463
12/26/2015 11:00,34693.46,8.33,2.92,1.79,4.01,5.15,517
12/26/2015 12:00,34693.5,6.11,0.79,0.45,3.28,5.27,422
12/26/2015 13:00,34693.55,8.89,2.6,0.89,2.27,0,487
12/26/2015 14:00,34693.59,9.44,3.13,0.45,5.22,0,371
12/26/2015 15:00,34693.63,8.33,2.5,0.89,3.89,0.18,220
12/26/2015 16:00,34693.67,4.44,-0.22,0.45,4.54,0.36,65
12/26/2015 17:00,34693.71,5,0.51,0.89,1.9,0.54,33
12/26/2015 18:00,34693.76,3.33,-0.73,0.45,0.16,0.72,36
12/26/2015 19:00,34693.8,3.89,0.54,1.79,1.52,0.9,38
12/26/2015 20:00,34693.84,2.78,-0.2,2.24,1.8,1.08,40
12/26/2015 21:00,34693.88,2.78,-0.03,1.79,1.8,1.26,39
12/26/2015 22:00,34693.92,2.22,-0.4,2.24,1.57,1.44,39
12/26/2015 23:00,34693.97,1.67,-0.95,2.24,1.88,3.68,15
12/27/2015 0:00,34694,1.11,-1.49,3.58,1.68,1.8,39
12/27/2015 1:00,34694.04,1.67,-1.28,3.13,1.66,1.98,38
12/27/2015 2:00,34694.08,1.67,-1.28,4.02,1.8,2.16,38
12/27/2015 3:00,34694.13,1.11,-1.83,3.58,1.76,2.34,38
12/27/2015 4:00,34694.17,1.11,-1.83,0.89,2.02,2.52,37
12/27/2015 5:00,34694.21,0.56,-2.37,2.68,1.97,2.7,21
12/27/2015 6:00,34694.25,0.56,-2.54,2.68,1.52,2.88,29
12/27/2015 7:00,34694.29,1.11,-2.17,2.24,1.26,3.06,46
12/27/2015 8:00,34694.34,1.67,-1.98,2.68,1.82,3.24,168
12/27/2015 9:00,34694.38,6.67,1.72,2.68,2.55,3.42,353
12/27/2015 10:00,34694.42,7.78,3.19,1.34,4.14,3.6,442
12/27/2015 11:00,34694.46,10,4.31,1.34,4.85,3.78,515
12/27/2015 12:00,34694.5,10.56,3.96,0.89,5.06,3.96,463
12/27/2015 13:00,34694.55,9.44,3.35,0.89,5.64,4.05,415
12/27/2015 14:00,34694.59,8.89,2.15,0.45,4.49,6.24,273
12/27/2015 15:00,34694.63,7.22,1.01,0.45,4.68,6.32,105
12/27/2015 16:00,34694.67,5.56,0.25,0.45,0.51,6.41,42
12/27/2015 17:00,34694.71,4.44,0.53,0.45,4,6.49,24
12/27/2015 18:00,34694.76,3.89,0.54,0.45,4.76,6.58,22
12/27/2015 19:00,34694.8,5,0.89,1.79,1.43,6.66,21
12/27/2015 20:00,34694.84,3.33,-1.29,1.34,4.63,6.75,21
12/27/2015 21:00,34694.88,2.78,-1.27,1.34,2.39,6.83,21
12/27/2015 22:00,34694.92,2.22,-1.26,0.45,4.92,6.92,19
12/27/2015 23:00,34694.97,1.67,-0.95,2.68,1.9,1.62,39
12/28/2015 0:00,34695,3.33,-0.36,2.24,1.94,7.09,18
12/28/2015 1:00,34695.04,3.89,-0.19,2.68,1.52,7.17,20
12/28/2015 2:00,34695.08,2.22,-1.44,0.89,4.12,7.25,21
12/28/2015 3:00,34695.13,0.56,-2.03,0.89,4.4,7.34,18
12/28/2015 4:00,34695.17,1.67,-0.95,1.34,0.84,7.42,18
12/28/2015 5:00,34695.21,2.78,-0.55,0.45,4.76,7.51,21
12/28/2015 6:00,34695.25,1.67,-0.95,1.34,4.52,7.59,19
12/28/2015 7:00,34695.29,2.22,-0.24,1.34,4.5,7.68,31
12/28/2015 8:00,34695.34,2.78,0.48,0.89,4.89,7.76,59
12/28/2015 9:00,34695.38,5,2.15,2.24,0.24,7.85,168
12/28/2015 10:00,34695.42,7.22,3.6,0.89,5.06,7.93,245
12/28/2015 11:00,34695.46,8.89,4.46,1.34,5.71,8.02,314
12/28/2015 12:00,34695.5,6.67,2.11,1.34,4.45,8.1,296
12/28/2015 13:00,34695.55,6.11,1.58,0.89,4.49,8.28,258
12/28/2015 14:00,34695.59,5.56,1.23,1.34,4.92,7.59,229
12/28/2015 15:00,34695.63,7.22,2.45,0.89,4.66,7.28,219
12/28/2015 16:00,34695.67,3.89,0.18,0.89,4.8,6.97,69
12/28/2015 17:00,34695.71,3.89,0.89,0.89,4,6.65,19
12/28/2015 18:00,34695.76,3.89,0.89,0.45,4.33,6.34,19
12/28/2015 19:00,34695.8,3.33,0.52,0.45,4.5,6.03,19
12/28/2015 20:00,34695.84,3.89,1.23,0.89,4.49,5.72,18
12/28/2015 21:00,34695.88,3.89,1.23,0.89,4.42,5.41,18
12/28/2015 22:00,34695.92,3.33,0.69,0.45,4.66,5.1,18
12/28/2015 23:00,34695.97,2.78,-1.27,0.45,2.37,7,20
12/29/2015 0:00,34696,2.22,-0.07,0.89,4.24,4.47,16
12/29/2015 1:00,34696.04,1.67,-0.29,0.89,3.7,4.16,14
12/29/2015 2:00,34696.08,2.22,0.42,0.45,2.48,3.85,14
12/29/2015 3:00,34696.13,2.22,0.25,0.45,2.58,3.54,13
12/29/2015 4:00,34696.17,2.78,0.8,0.45,2.43,3.23,14
12/29/2015 5:00,34696.21,1.67,-0.13,3.13,1.88,2.91,14
12/29/2015 6:00,34696.25,1.67,0.03,2.24,1.61,2.6,14
12/29/2015 7:00,34696.29,1.67,-0.13,1.79,1.95,2.29,29
12/29/2015 8:00,34696.34,2.78,0.96,1.79,1.31,1.98,79
12/29/2015 9:00,34696.38,4.44,2.28,1.34,2.34,1.67,155
12/29/2015 10:00,34696.42,5,2.32,0.89,3.98,1.36,172
12/29/2015 11:00,34696.46,8.89,5.22,0.89,4.08,1.04,412
12/29/2015 12:00,34696.5,10,5.33,0.89,4.78,0.73,515
12/29/2015 13:00,34696.55,10,4.31,0.45,4.57,2.05,453
12/29/2015 14:00,34696.59,9.44,3.13,0.89,3.11,3.87,331
12/29/2015 15:00,34696.63,9.44,2.91,1.34,3.77,3.81,199
12/29/2015 16:00,34696.67,6.11,0.37,1.34,4,3.74,54
12/29/2015 17:00,34696.71,5.56,0.25,0.45,2.71,3.68,22
12/29/2015 18:00,34696.76,5,-0.08,2.24,1.48,3.62,20
12/29/2015 19:00,34696.8,4.44,0.16,2.68,1.62,3.55,18
12/29/2015 20:00,34696.84,3.89,-0.01,2.68,1.48,3.49,17
12/29/2015 21:00,34696.88,3.33,-0.18,2.68,1.5,3.43,17
12/29/2015 22:00,34696.92,3.33,-0.01,3.13,1.41,3.36,17
12/29/2015 23:00,34696.97,3.33,0.85,1.34,2.55,4.78,18
12/30/2015 0:00,34697,3.33,0.34,2.68,1.68,3.24,17
12/30/2015 1:00,34697.04,2.22,-0.57,2.68,1.78,3.17,16
12/30/2015 2:00,34697.08,2.22,-0.4,3.58,1.47,3.11,16
12/30/2015 3:00,34697.13,2.78,-0.37,3.13,1.8,3.05,16
12/30/2015 4:00,34697.17,1.67,-1.28,3.13,1.43,2.98,16
12/30/2015 5:00,34697.21,2.22,-0.74,2.68,1.55,2.92,16
12/30/2015 6:00,34697.25,1.67,-1.28,2.68,1.66,2.85,16
12/30/2015 7:00,34697.29,1.67,-1.28,4.02,1.55,2.79,47
12/30/2015 8:00,34697.34,3.33,-0.18,1.79,1.87,2.73,189
12/30/2015 9:00,34697.38,8.89,4.46,0.45,5.85,2.66,333
12/30/2015 10:00,34697.42,10,4.31,0.89,4,2.6,448
12/30/2015 11:00,34697.46,10.56,4.19,0.89,3.82,2.54,514
12/30/2015 12:00,34697.5,11.11,4.03,0.45,4.38,2.47,497
12/30/2015 13:00,34697.55,13.33,6.14,0,5.86,1.22,462
12/30/2015 14:00,34697.59,12.22,4.61,0.89,4.49,2.54,352
12/30/2015 15:00,34697.63,10.56,3.04,0.89,4.73,2.53,203
12/30/2015 16:00,34697.67,7.22,1.01,0.45,4.29,2.52,56
12/30/2015 17:00,34697.71,5.56,0.05,0.45,5.17,2.51,20
12/30/2015 18:00,34697.76,6.11,0.99,1.79,0.93,2.5,19
12/30/2015 19:00,34697.8,5.56,1.04,1.34,1.54,2.48,19
12/30/2015 20:00,34697.84,5,0.89,1.34,1.47,2.47,19
12/30/2015 21:00,34697.88,3.89,0.54,2.24,1.82,2.46,18
12/30/2015 22:00,34697.92,2.78,-0.2,2.68,1.45,2.45,18
12/30/2015 23:00,34697.97,2.78,-0.37,3.13,1.82,3.3,17
12/31/2015 0:00,34698,3.89,0.89,2.68,1.52,2.42,18
12/31/2015 1:00,34698.04,3.33,0.34,2.68,1.41,2.41,18
12/31/2015 2:00,34698.08,3.33,0.52,2.68,1.5,2.4,18
12/31/2015 3:00,34698.13,2.78,0.14,1.79,1.87,2.39,17
12/31/2015 4:00,34698.17,2.22,-0.4,2.68,1.62,2.37,16
12/31/2015 5:00,34698.21,2.22,-0.57,2.68,1.8,2.36,16
12/31/2015 6:00,34698.25,2.78,-0.03,3.58,1.29,2.35,17
12/31/2015 7:00,34698.29,2.22,-1.09,4.02,1.52,2.34,46
12/31/2015 8:00,34698.34,3.89,-0.38,3.13,1.64,2.33,189
12/31/2015 9:00,34698.38,8.89,3.24,0.89,0.07,2.31,339
12/31/2015 10:00,34698.42,10,3.66,0.89,3.49,2.3,460
12/31/2015 11:00,34698.46,12.22,5.77,0.45,3.75,2.29,521
12/31/2015 12:00,34698.5,13.89,6.43,0.89,5.85,2.28,501
12/31/2015 13:00,34698.55,14.44,6.95,1.34,5.74,0,471
12/31/2015 14:00,34698.59,12.78,4.9,0.45,4.9,2.07,358
12/31/2015 15:00,34698.63,11.67,3.85,0,6.2,2.06,211
12/31/2015 16:00,34698.67,7.22,1.22,0.45,4.14,2.06,58
12/31/2015 17:00,34698.71,6.11,1.38,0.45,1.03,2.05,20
12/31/2015 18:00,34698.76,5.56,1.23,1.34,0.86,2.04,18
12/31/2015 19:00,34698.8,5.56,1.61,1.79,1.52,2.04,18
12/31/2015 20:00,34698.84,4.44,1.08,1.79,1.68,2.03,18
12/31/2015 21:00,34698.88,3.33,0.17,2.24,1.73,2.02,18
12/31/2015 22:00,34698.92,2.78,-0.2,2.68,1.66,2.02,18
12/31/2015 23:00,34698.97,3.33,0.17,2.68,1.57,2.43,17
