Date,SPL_OUT,FKC_OUT,MC_OUT,SJR_OUT,M_IN,MIL_EVAP
1977-10-01,0,6.54,0,9.89,11.41,-0.62
1977-10-02,0,6.54,0,9.89,11.41,-0.62
1977-10-03,0,6.54,0,9.89,11.41,-0.88
1977-10-04,0,6.54,0,9.89,11.41,-0.88
1977-10-05,0,6.54,0,9.89,11.41,-0.88
1977-10-06,0,6.54,0,9.89,11.41,-0.88
1977-10-07,0,6.54,0,9.89,11.41,-0.88
1977-10-08,0,6.54,0,9.89,11.41,-0.88
1977-10-09,0,6.54,0,9.89,11.41,-0.88
1977-10-10,0,6.54,0,9.89,11.41,-0.88
1977-10-11,0,6.54,0,9.89,11.41,-0.88
1977-10-12,0,6.54,0,9.89,11.41,-0.88
1977-10-13,0,6.54,0,9.89,11.41,-0.88
1977-10-14,0,6.54,0,9.89,11.41,-0.88
1977-10-15,0,6.54,0,9.89,11.41,-0.88
1977-10-16,0,6.54,0,9.89,11.41,-0.88
1977-10-17,0,6.54,0,9.89,11.41,-0.88
1977-10-18,0,6.54,0,9.89,11.41,-0.88
1977-10-19,0,6.54,0,9.89,11.41,-0.88
1977-10-20,0,6.54,0,9.89,11.41,-0.88
1977-10-21,0,6.54,0,9.89,11.41,-0.88
1977-10-22,0,6.54,0,9.89,11.41,-0.88
1977-10-23,0,6.54,0,9.89,11.41,-0.88
1977-10-24,0,6.54,0,9.89,11.41,-0.88
1977-10-25,0,6.54,0,9.89,11.41,-0.88
1977-10-26,0,6.54,0,9.89,11.41,-0.88
1977-10-27,0,6.54,0,9.89,11.41,-0.88
1977-10-28,0,6.54,0,9.89,11.41,-0.88
1977-10-29,0,6.54,0,9.89,11.41,-0.88
1977-10-30,0,6.54,0,9.89,11.41,-0.88
1977-10-31,0,6.54,0,9.89,11.41,-0.88
1977-11-01,0,0,0,10.95,7.25,-0.88
1977-11-02,0,0,0,10.95,7.25,-1.48
1977-11-03,0,0,0,10.95,7.25,-1.48
1977-11-04,0,0,0,10.95,7.25,-1.48
1977-11-05,0,0,0,10.95,7.25,-1.48
1977-11-06,0,0,0,10.95,7.25,-1.48
1977-11-07,0,0,0,10.95,7.25,-1.48
1977-11-08,0,0,0,10.95,7.25,-1.48
1977-11-09,0,0,0,10.95,7.25,-1.48
1977-11-10,0,0,0,10.95,7.25,-1.48
1977-11-11,0,0,0,10.95,7.25,-1.48
1977-11-12,0,0,0,10.95,7.25,-1.48
1977-11-13,0,0,0,10.95,7.25,-1.48
1977-11-14,0,0,0,10.95,7.25,-1.48
1977-11-15,0,0,0,10.95,7.25,-1.48
1977-11-16,0,0,0,10.95,7.25,-1.48
1977-11-17,0,0,0,10.95,7.25,-1.48
1977-11-18,0,0,0,10.95,7.25,-1.48
1977-11-19,0,0,0,10.95,7.25,-1.48
1977-11-20,0,0,0,10.95,7.25,-1.48
1977-11-21,0,0,0,10.95,7.25,-1.48
1977-11-22,0,0,0,10.95,7.25,-1.48
1977-11-23,0,0,0,10.95,7.25,-1.48
1977-11-24,0,0,0,10.95,7.25,-1.48
1977-11-25,0,0,0,10.95,7.25,-1.48
1977-11-26,0,0,0,10.95,7.25,-1.48
1977-11-27,0,0,0,10.95,7.25,-1.48
1977-11-28,0,0,0,10.95,7.25,-1.48
1977-11-29,0,0,0,10.95,7.25,-1.48
1977-11-30,0,0,0,10.95,7.25,-1.48
1977-12-01,0,0.46,0,3.4,39.69,-1.48
1977-12-02,0,0.46,0,3.4,39.69,-1.48
1977-12-03,0,0.46,0,3.4,39.69,-2.02
1977-12-04,0,0.46,0,3.4,39.69,-2.02
1977-12-05,0,0.46,0,3.4,39.69,-2.02
1977-12-06,0,0.46,0,3.4,39.69,-2.02
1977-12-07,0,0.46,0,3.4,39.69,-2.02
1977-12-08,0,0.46,0,3.4,39.69,-2.02
1977-12-09,0,0.46,0,3.4,39.69,-2.02
1977-12-10,0,0.46,0,3.4,39.69,-2.02
1977-12-11,0,0.46,0,3.4,39.69,-2.02
1977-12-12,0,0.46,0,3.4,39.69,-2.02
1977-12-13,0,0.46,0,3.4,39.69,-2.02
1977-12-14,0,0.46,0,3.4,39.69,-2.02
1977-12-15,0,0.46,0,3.4,39.69,-2.02
1977-12-16,0,0.46,0,3.4,39.69,-2.02
1977-12-17,0,0.46,0,3.4,39.69,-2.02
1977-12-18,0,0.46,0,3.4,39.69,-2.02
1977-12-19,0,0.46,0,3.4,39.69,-2.02
1977-12-20,0,0.46,0,3.4,39.69,-2.02
1977-12-21,0,0.46,0,3.4,39.69,-2.02
1977-12-22,0,0.46,0,3.4,39.69,-2.02
1977-12-23,0,0.46,0,3.4,39.69,-2.02
1977-12-24,0,0.46,0,3.4,39.69,-2.02
1977-12-25,0,0.46,0,3.4,39.69,-2.02
1977-12-26,0,0.46,0,3.4,39.69,-2.02
1977-12-27,0,0.46,0,3.4,39.69,-2.02
1977-12-28,0,0.46,0,3.4,39.69,-2.02
1977-12-29,0,0.46,0,3.4,39.69,-2.02
1977-12-30,0,0.46,0,3.4,39.69,-2.02
1977-12-31,0,0.46,0,3.4,39.69,-2.02
1978-01-01,0,0.46,0,2.8,76.31,-2.02
1978-01-02,0,0.46,0,2.8,76.31,-2.41
1978-01-03,0,0.46,0,2.8,76.31,-2.41
1978-01-04,0,0.46,0,2.8,76.31,-2.41
1978-01-05,0,0.46,0,2.8,76.31,-2.41
1978-01-06,0,0.46,0,2.8,76.31,-2.41
1978-01-07,0,0.46,0,2.8,76.31,-2.41
1978-01-08,0,0.46,0,2.8,76.31,-2.41
1978-01-09,0,0.46,0,2.8,76.31,-2.41
1978-01-10,0,0.46,0,2.8,76.31,-2.41
1978-01-11,0,0.46,0,2.8,76.31,-2.41
1978-01-12,0,0.46,0,2.8,76.31,-2.41
1978-01-13,0,0.46,0,2.8,76.31,-2.41
1978-01-14,0,0.46,0,2.8,76.31,-2.41
1978-01-15,0,0.46,0,2.8,76.31,-2.41
1978-01-16,0,0.46,0,2.8,76.31,-2.41
1978-01-17,0,0.46,0,2.8,76.31,-2.41
1978-01-18,0,0.46,0,2.8,76.31,-2.41
1978-01-19,0,0.46,0,2.8,76.31,-2.41
1978-01-20,0,0.46,0,2.8,76.31,-2.41
1978-01-21,0,0.46,0,2.8,76.31,-2.41
1978-01-22,0,0.46,0,2.8,76.31,-2.41
1978-01-23,0,0.46,0,2.8,76.31,-2.41
1978-01-24,0,0.46,0,2.8,76.31,-2.41
1978-01-25,0,0.46,0,2.8,76.31,-2.41
1978-01-26,0,0.46,0,2.8,76.31,-2.41
1978-01-27,0,0.46,0,2.8,76.31,-2.41
1978-01-28,0,0.46,0,2.8,76.31,-2.41
1978-01-29,0,0.46,0,2.8,76.31,-2.41
1978-01-30,0,0.46,0,2.8,76.31,-2.41
1978-01-31,0,0.46,0,2.8,76.31,-2.41
1978-02-01,0,3.37,1.49,53.83,101.14,-2.41
1978-02-02,0,3.37,1.49,53.83,101.14,-2.01
1978-02-03,0,3.37,1.49,53.83,101.14,-2.01
1978-02-04,0,3.37,1.49,53.83,101.14,-2.01
1978-02-05,0,3.37,1.49,53.83,101.14,-2.01
1978-02-06,0,3.37,1.49,53.83,101.14,-2.01
1978-02-07,0,3.37,1.49,53.83,101.14,-2.01
1978-02-08,0,3.37,1.49,53.83,101.14,-2.01
1978-02-09,0,3.37,1.49,53.83,101.14,-2.01
1978-02-10,0,3.37,1.49,53.83,101.14,-2.01
1978-02-11,0,3.37,1.49,53.83,101.14,-2.01
1978-02-12,0,3.37,1.49,53.83,101.14,-2.01
1978-02-13,0,3.37,1.49,53.83,101.14,-2.01
1978-02-14,0,3.37,1.49,53.83,101.14,-2.01
1978-02-15,0,3.37,1.49,53.83,101.14,-2.01
1978-02-16,0,3.37,1.49,53.83,101.14,-2.01
1978-02-17,0,3.37,1.49,53.83,101.14,-2.01
1978-02-18,0,3.37,1.49,53.83,101.14,-2.01
1978-02-19,0,3.37,1.49,53.83,101.14,-2.01
1978-02-20,0,3.37,1.49,53.83,101.14,-2.01
1978-02-21,0,3.37,1.49,53.83,101.14,-2.01
1978-02-22,0,3.37,1.49,53.83,101.14,-2.01
1978-02-23,0,3.37,1.49,53.83,101.14,-2.01
1978-02-24,0,3.37,1.49,53.83,101.14,-2.01
1978-02-25,0,3.37,1.49,53.83,101.14,-2.01
1978-02-26,0,3.37,1.49,53.83,101.14,-2.01
1978-02-27,0,3.37,1.49,53.83,101.14,-2.01
1978-02-28,0,3.37,1.49,53.83,101.14,-2.01
1978-03-01,0,23.96,1.51,82.38,110.98,-2.01
1978-03-02,0,23.96,1.7,84.7,110.98,-2.01
1978-03-03,0,23.96,1.7,84.7,110.98,-2.01
1978-03-04,0,23.96,1.7,84.7,110.98,-2.01
1978-03-05,0,23.96,1.7,84.7,110.98,-1.4
1978-03-06,0,23.96,1.7,84.7,110.98,-1.4
1978-03-07,0,23.96,1.7,84.7,110.98,-1.4
1978-03-08,0,23.96,1.7,84.7,110.98,-1.4
1978-03-09,0,23.96,1.7,84.7,110.98,-1.4
1978-03-10,0,23.96,1.7,84.7,110.98,-1.4
1978-03-11,0,23.96,1.7,84.7,110.98,-1.4
1978-03-12,0,23.96,1.7,84.7,110.98,-1.4
1978-03-13,0,23.96,1.7,84.7,110.98,-1.4
1978-03-14,0,23.96,1.7,84.7,110.98,-1.4
1978-03-15,0,23.96,1.7,84.7,110.98,-1.4
1978-03-16,0,23.96,1.7,84.7,110.98,-1.4
1978-03-17,0,23.96,0.73,73,110.98,-1.4
1978-03-18,0,23.96,0.15,65.94,110.98,-1.4
1978-03-19,0,23.96,0.15,65.94,110.98,-1.4
1978-03-20,0,23.96,0.15,65.94,110.98,-1.4
1978-03-21,0,23.96,0.15,65.94,110.98,-1.4
1978-03-22,0,23.96,0.15,65.94,110.98,-1.4
1978-03-23,0,23.96,0.15,65.94,110.98,-1.4
1978-03-24,0,23.96,0.15,65.94,110.98,-1.4
1978-03-25,0,23.96,0.15,65.94,110.98,-1.4
1978-03-26,0,23.96,0.15,65.94,110.98,-1.4
1978-03-27,0,23.96,0.15,65.94,110.98,-1.4
1978-03-28,0,23.96,0.15,65.94,110.98,-1.4
1978-03-29,0,23.96,0.15,65.94,110.98,-1.4
1978-03-30,0,23.96,0.15,65.94,110.98,-1.4
1978-03-31,0,23.96,0.15,65.94,110.98,-1.4
1978-04-01,0,32.37,0.29,124.37,125.31,-1.4
1978-04-02,0,32.37,0.29,124.37,125.31,-1.4
1978-04-03,0,32.37,0.29,124.37,125.31,-1.4
1978-04-04,0,32.37,0.29,124.37,125.31,-0.91
1978-04-05,0,32.37,0.29,124.37,125.31,-0.91
1978-04-06,0,32.37,0.29,124.37,125.31,-0.91
1978-04-07,0,32.37,0.29,124.37,125.31,-0.91
1978-04-08,0,32.37,0.29,124.37,125.31,-0.91
1978-04-09,0,32.37,0.29,124.37,125.31,-0.91
1978-04-10,0,32.37,0.29,124.37,125.31,-0.91
1978-04-11,0,32.37,0.29,124.37,125.31,-0.91
1978-04-12,0,32.37,0.29,124.37,125.31,-0.91
1978-04-13,0,32.37,0.29,124.37,125.31,-0.91
1978-04-14,0,32.37,0.29,124.37,125.31,-0.91
1978-04-15,0,32.37,0.29,124.37,125.31,-0.91
1978-04-16,0,32.37,0.29,124.37,125.31,-0.91
1978-04-17,0,32.37,0.29,124.37,125.31,-0.91
1978-04-18,0,32.37,0.29,124.37,125.31,-0.91
1978-04-19,0,32.37,0.29,124.37,125.31,-0.91
1978-04-20,0,32.37,0.29,124.37,125.31,-0.91
1978-04-21,0,32.37,0.29,124.37,125.31,-0.91
1978-04-22,0,32.37,0.29,124.37,125.31,-0.91
1978-04-23,0,32.37,0.29,124.37,125.31,-0.91
1978-04-24,0,32.37,0.29,124.37,125.31,-0.91
1978-04-25,0,32.37,0.29,124.37,125.31,-0.91
1978-04-26,0,32.37,0.29,124.37,125.31,-0.91
1978-04-27,0,32.37,0.29,124.37,125.31,-0.91
1978-04-28,0,32.37,0.29,124.37,125.31,-0.91
1978-04-29,0,32.37,0.29,124.37,125.31,-0.91
1978-04-30,0,32.37,0.29,124.37,125.31,-0.91
1978-05-01,0,53.25,35.4,126.82,226.36,-0.91
1978-05-02,0,53.25,35.4,126.82,226.36,-0.91
1978-05-03,0,53.25,35.4,126.82,226.36,-0.91
1978-05-04,0,53.25,35.4,126.82,226.36,-0.91
1978-05-05,0,53.25,35.4,126.82,226.36,-0.37
1978-05-06,0,53.25,35.4,126.82,226.36,-0.37
1978-05-07,0,53.25,35.4,126.82,226.36,-0.37
1978-05-08,0,53.25,35.4,126.82,226.36,-0.37
1978-05-09,0,53.25,35.4,126.82,226.36,-0.37
1978-05-10,0,53.25,35.4,126.82,226.36,-0.37
1978-05-11,0,53.25,35.4,126.82,226.36,-0.37
1978-05-12,0,53.25,35.4,126.82,226.36,-0.37
1978-05-13,0,53.25,35.4,126.82,226.36,-0.37
1978-05-14,0,53.25,35.4,126.82,226.36,-0.37
1978-05-15,0,53.25,35.4,126.82,226.36,-0.37
1978-05-16,0,53.25,35.4,126.82,226.36,-0.37
1978-05-17,0,53.25,35.4,126.82,226.36,-0.37
1978-05-18,0,53.25,35.4,126.82,226.36,-0.37
1978-05-19,0,53.25,35.4,126.82,226.36,-0.37
1978-05-20,0,53.25,35.4,126.82,226.36,-0.37
1978-05-21,0,53.25,35.4,126.82,226.36,-0.37
1978-05-22,0,53.25,35.4,126.82,226.36,-0.37
1978-05-23,0,53.25,35.4,126.82,226.36,-0.37
1978-05-24,0,53.25,35.4,126.82,226.36,-0.37
1978-05-25,0,53.25,35.4,126.82,226.36,-0.37
1978-05-26,0,53.25,35.4,126.82,226.36,-0.37
1978-05-27,0,53.25,35.4,126.82,226.36,-0.37
1978-05-28,0,53.25,35.4,126.82,226.36,-0.37
1978-05-29,0,53.25,35.4,126.82,226.36,-0.37
1978-05-30,0,53.25,35.4,126.82,226.36,-0.37
1978-05-31,0,53.25,35.4,126.82,226.36,-0.37
1978-06-01,0,122.48,35.4,104.26,344.9,-0.37
1978-06-02,0,122.48,35.4,104.26,344.9,-0.37
1978-06-03,0,122.48,35.4,104.26,344.9,-0.37
1978-06-04,0,122.48,35.4,104.26,344.9,-0.18
1978-06-05,0,122.48,35.4,104.26,344.9,-0.18
1978-06-06,0,122.48,35.4,104.26,344.9,-0.18
1978-06-07,0,122.48,35.4,104.26,344.9,-0.18
1978-06-08,0,122.48,35.4,104.26,344.9,-0.18
1978-06-09,0,122.48,35.4,104.26,344.9,-0.18
1978-06-10,0,122.48,35.4,104.26,344.9,-0.18
1978-06-11,0,122.48,35.4,104.26,344.9,-0.18
1978-06-12,0,122.48,35.4,104.26,344.9,-0.18
1978-06-13,0,122.48,35.4,104.26,344.9,-0.18
1978-06-14,0,122.48,35.4,104.26,344.9,-0.18
1978-06-15,0,122.48,35.4,104.26,344.9,-0.18
1978-06-16,0,122.48,35.4,104.26,344.9,-0.18
1978-06-17,0,122.48,35.4,104.26,344.9,-0.18
1978-06-18,0,122.48,35.4,104.26,344.9,-0.18
1978-06-19,0,122.48,35.4,104.26,344.9,-0.18
1978-06-20,0,122.48,35.4,116.51,344.9,-0.18
1978-06-21,0,122.48,35.4,185,344.9,-0.18
1978-06-22,0,122.48,35.4,185,344.9,-0.18
1978-06-23,0,122.48,35.4,185,344.9,-0.18
1978-06-24,0,122.48,35.4,185,344.9,-0.18
1978-06-25,0,122.48,35.4,185,344.9,-0.18
1978-06-26,0,122.48,35.4,185,344.9,-0.18
1978-06-27,0,122.48,35.4,185,344.9,-0.18
1978-06-28,0,122.48,35.4,185,344.9,-0.18
1978-06-29,0,122.48,35.4,185,344.9,-0.18
1978-06-30,0,122.48,35.4,185,344.9,-0.18
1978-07-01,0,127.02,35.4,48.88,213.71,-0.18
1978-07-02,0,127.02,35.4,48.88,213.71,-0.18
1978-07-03,0,127.02,35.4,48.88,213.71,-0.18
1978-07-04,0,127.02,35.4,48.88,213.71,-0.18
1978-07-05,0,127.02,35.4,48.88,213.71,-0.23
1978-07-06,0,127.02,35.4,48.88,213.71,-0.23
1978-07-07,0,127.02,35.4,48.88,213.71,-0.23
1978-07-08,0,127.02,35.4,48.88,213.71,-0.23
1978-07-09,0,127.02,35.4,48.88,213.71,-0.23
1978-07-10,0,127.02,35.4,48.88,213.71,-0.23
1978-07-11,0,127.02,35.4,48.88,213.71,-0.23
1978-07-12,0,127.02,35.4,48.88,213.71,-0.23
1978-07-13,0,127.02,35.4,48.88,213.71,-0.23
1978-07-14,0,127.02,35.4,48.88,213.71,-0.23
1978-07-15,0,127.02,35.4,48.88,213.71,-0.23
1978-07-16,0,127.02,35.4,48.88,213.71,-0.23
1978-07-17,0,127.02,35.4,48.88,213.71,-0.23
1978-07-18,0,127.02,35.4,48.88,213.71,-0.23
1978-07-19,0,127.02,35.4,48.88,213.71,-0.23
1978-07-20,0,127.02,35.4,48.88,213.71,-0.23
1978-07-21,0,127.02,35.4,48.88,213.71,-0.23
1978-07-22,0,127.02,35.4,48.88,213.71,-0.23
1978-07-23,0,127.02,35.4,48.88,213.71,-0.23
1978-07-24,0,127.02,35.4,48.88,213.71,-0.23
1978-07-25,0,127.02,35.4,48.88,213.71,-0.23
1978-07-26,0,127.02,35.4,48.88,213.71,-0.23
1978-07-27,0,127.02,35.4,48.88,213.71,-0.23
1978-07-28,0,127.02,35.4,48.88,213.71,-0.23
1978-07-29,0,127.02,35.4,48.88,213.71,-0.23
1978-07-30,0,127.02,35.4,48.88,213.71,-0.23
1978-07-31,0,127.02,35.4,48.88,213.71,-0.23
1978-08-01,0,105.24,35.4,9.89,111.29,-0.23
1978-08-02,0,105.24,35.4,9.89,111.29,-0.23
1978-08-03,0,105.24,35.4,9.89,111.29,-0.23
1978-08-04,0,105.24,35.4,9.89,111.29,-0.23
1978-08-05,0,105.24,35.4,9.89,111.29,-0.36
1978-08-06,0,105.24,35.4,9.89,111.29,-0.36
1978-08-07,0,105.24,35.4,9.89,111.29,-0.36
1978-08-08,0,105.24,35.4,9.89,111.29,-0.36
1978-08-09,0,105.24,35.4,9.89,111.29,-0.36
1978-08-10,0,105.24,35.4,9.89,111.29,-0.36
1978-08-11,0,105.24,35.4,9.89,111.29,-0.36
1978-08-12,0,105.24,35.4,9.89,111.29,-0.36
1978-08-13,0,105.24,35.4,9.89,111.29,-0.36
1978-08-14,0,105.24,35.4,9.89,111.29,-0.36
1978-08-15,0,105.24,35.4,9.89,111.29,-0.36
1978-08-16,0,105.24,35.4,9.89,111.29,-0.36
1978-08-17,0,105.24,35.4,9.89,111.29,-0.36
1978-08-18,0,105.24,35.4,9.89,111.29,-0.36
1978-08-19,0,105.24,35.4,9.89,111.29,-0.36
1978-08-20,0,105.24,35.4,9.89,111.29,-0.36
1978-08-21,0,105.24,35.4,9.89,111.29,-0.36
1978-08-22,0,105.24,35.4,9.89,111.29,-0.36
1978-08-23,0,105.24,35.4,9.89,111.29,-0.36
1978-08-24,0,105.24,35.4,9.89,111.29,-0.36
1978-08-25,0,105.24,35.4,9.89,111.29,-0.36
1978-08-26,0,105.24,35.4,9.89,111.29,-0.36
1978-08-27,0,105.24,35.4,9.89,111.29,-0.36
1978-08-28,0,105.24,35.4,9.89,111.29,-0.36
1978-08-29,0,105.24,35.4,9.89,111.29,-0.36
1978-08-30,0,105.24,35.4,9.89,111.29,-0.36
1978-08-31,0,105.24,35.4,9.89,111.29,-0.36
1978-09-01,0,68.74,20.8,9.89,102.97,-0.36
1978-09-02,0,68.74,20.8,9.89,102.97,-0.62
1978-09-03,0,68.74,20.8,9.89,102.97,-0.62
1978-09-04,0,68.74,20.8,9.89,102.97,-0.62
1978-09-05,0,68.74,20.8,9.89,102.97,-0.62
1978-09-06,0,68.74,20.8,9.89,102.97,-0.62
1978-09-07,0,68.74,20.8,9.89,102.97,-0.62
1978-09-08,0,68.74,20.8,9.89,102.97,-0.62
1978-09-09,0,68.74,20.8,9.89,102.97,-0.62
1978-09-10,0,68.74,20.8,9.89,102.97,-0.62
1978-09-11,0,68.74,20.8,9.89,102.97,-0.62
1978-09-12,0,68.74,20.8,9.89,102.97,-0.62
1978-09-13,0,68.74,20.8,9.89,102.97,-0.62
1978-09-14,0,68.74,20.8,9.89,102.97,-0.62
1978-09-15,0,68.74,20.8,9.89,102.97,-0.62
1978-09-16,0,68.74,20.8,9.89,102.97,-0.62
1978-09-17,0,68.74,20.8,9.89,102.97,-0.62
1978-09-18,0,68.74,20.8,9.89,102.97,-0.62
1978-09-19,0,68.74,20.8,9.89,102.97,-0.62
1978-09-20,0,68.74,20.8,9.89,102.97,-0.62
1978-09-21,0,68.74,20.8,9.89,102.97,-0.62
1978-09-22,0,68.74,20.8,9.89,102.97,-0.62
1978-09-23,0,68.74,20.8,9.89,102.97,-0.62
1978-09-24,0,68.74,20.8,9.89,102.97,-0.62
1978-09-25,0,68.74,20.8,9.89,102.97,-0.62
1978-09-26,0,68.74,20.8,9.89,102.97,-0.62
1978-09-27,0,68.74,20.8,9.89,102.97,-0.62
1978-09-28,0,68.74,20.8,9.89,102.97,-0.62
1978-09-29,0,68.74,20.8,9.89,102.97,-0.62
1978-09-30,0,68.74,20.8,9.89,102.97,-0.62
1978-10-01,0,46.93,4.84,9.89,41.58,-0.62
1978-10-02,0,46.93,4.84,9.89,41.58,-0.62
1978-10-03,0,46.93,4.84,9.89,41.58,-1.02
1978-10-04,0,46.93,4.84,9.89,41.58,-1.02
1978-10-05,0,46.93,4.84,9.89,41.58,-1.02
1978-10-06,0,46.93,4.84,9.89,41.58,-1.02
1978-10-07,0,46.93,4.84,9.89,41.58,-1.02
1978-10-08,0,46.93,4.84,9.89,41.58,-1.02
1978-10-09,0,46.93,4.84,9.89,41.58,-1.02
1978-10-10,0,46.93,4.84,9.89,41.58,-1.02
1978-10-11,0,46.93,4.84,9.89,41.58,-1.02
1978-10-12,0,46.93,4.84,9.89,41.58,-1.02
1978-10-13,0,46.93,4.84,9.89,41.58,-1.02
1978-10-14,0,46.93,4.84,9.89,41.58,-1.02
1978-10-15,0,46.93,4.84,9.89,41.58,-1.02
1978-10-16,0,46.93,4.84,9.89,41.58,-1.02
1978-10-17,0,46.93,4.84,9.89,41.58,-1.02
1978-10-18,0,46.93,4.84,9.89,41.58,-1.02
1978-10-19,0,46.93,4.84,9.89,41.58,-1.02
1978-10-20,0,46.93,4.84,9.89,41.58,-1.02
1978-10-21,0,46.93,4.84,9.89,41.58,-1.02
1978-10-22,0,46.93,4.84,9.89,41.58,-1.02
1978-10-23,0,46.93,4.84,9.89,41.58,-1.02
1978-10-24,0,46.93,4.84,9.89,41.58,-1.02
1978-10-25,0,46.93,4.84,9.89,41.58,-1.02
1978-10-26,0,46.93,4.84,9.89,41.58,-1.02
1978-10-27,0,46.93,4.84,9.89,41.58,-1.02
1978-10-28,0,46.93,4.84,9.89,41.58,-1.02
1978-10-29,0,46.93,4.84,9.89,41.58,-1.02
1978-10-30,0,46.93,4.84,9.89,41.58,-1.02
1978-10-31,0,46.93,4.84,9.89,41.58,-1.02
1978-11-01,0,15.08,0.27,13.19,27.85,-1.02
1978-11-02,0,15.08,0.27,13.19,27.85,-1.67
1978-11-03,0,15.08,0.27,13.19,27.85,-1.67
1978-11-04,0,15.08,0.27,13.19,27.85,-1.67
1978-11-05,0,15.08,0.27,13.19,27.85,-1.67
1978-11-06,0,15.08,0.27,13.19,27.85,-1.67
1978-11-07,0,15.08,0.27,13.19,27.85,-1.67
1978-11-08,0,15.08,0.27,13.19,27.85,-1.67
1978-11-09,0,15.08,0.27,13.19,27.85,-1.67
1978-11-10,0,15.08,0.27,13.19,27.85,-1.67
1978-11-11,0,15.08,0.27,13.19,27.85,-1.67
1978-11-12,0,15.08,0.27,13.19,27.85,-1.67
1978-11-13,0,15.08,0.27,13.19,27.85,-1.67
1978-11-14,0,15.08,0.27,13.19,27.85,-1.67
1978-11-15,0,15.08,0.27,13.19,27.85,-1.67
1978-11-16,0,15.08,0.27,13.19,27.85,-1.67
1978-11-17,0,15.08,0.27,13.19,27.85,-1.67
1978-11-18,0,15.08,0.27,13.19,27.85,-1.67
1978-11-19,0,15.08,0.27,13.19,27.85,-1.67
1978-11-20,0,15.08,0.27,13.19,27.85,-1.67
1978-11-21,0,15.08,0.27,13.19,27.85,-1.67
1978-11-22,0,15.08,0.27,13.19,27.85,-1.67
1978-11-23,0,15.08,0.27,13.19,27.85,-1.67
1978-11-24,0,15.08,0.27,13.19,27.85,-1.67
1978-11-25,0,15.08,0.27,13.19,27.85,-1.67
1978-11-26,0,15.08,0.27,13.19,27.85,-1.67
1978-11-27,0,15.08,0.27,13.19,27.85,-1.67
1978-11-28,0,15.08,0.27,13.19,27.85,-1.67
1978-11-29,0,15.08,0.27,13.19,27.85,-1.67
1978-11-30,0,15.08,0.27,13.19,27.85,-1.67
1978-12-01,0,13.21,0,3.4,27.29,-1.67
1978-12-02,0,13.21,0,3.4,27.29,-1.67
1978-12-03,0,13.21,0,3.4,27.29,-2.19
1978-12-04,0,13.21,0,3.4,27.29,-2.19
1978-12-05,0,13.21,0,3.4,27.29,-2.19
1978-12-06,0,13.21,0,3.4,27.29,-2.19
1978-12-07,0,13.21,0,3.4,27.29,-2.19
1978-12-08,0,13.21,0,3.4,27.29,-2.19
1978-12-09,0,13.21,0,3.4,27.29,-2.19
1978-12-10,0,13.21,0,3.4,27.29,-2.19
1978-12-11,0,13.21,0,3.4,27.29,-2.19
1978-12-12,0,13.21,0,3.4,27.29,-2.19
1978-12-13,0,13.21,0,3.4,27.29,-2.19
1978-12-14,0,13.21,0,3.4,27.29,-2.19
1978-12-15,0,13.21,0,3.4,27.29,-2.19
1978-12-16,0,13.21,0,3.4,27.29,-2.19
1978-12-17,0,13.21,0,3.4,27.29,-2.19
1978-12-18,0,13.21,0,3.4,27.29,-2.19
1978-12-19,0,13.21,0,3.4,27.29,-2.19
1978-12-20,0,13.21,0,3.4,27.29,-2.19
1978-12-21,0,13.21,0,3.4,27.29,-2.19
1978-12-22,0,13.21,0,3.4,27.29,-2.19
1978-12-23,0,13.21,0,3.4,27.29,-2.19
1978-12-24,0,13.21,0,3.4,27.29,-2.19
1978-12-25,0,13.21,0,3.4,27.29,-2.19
1978-12-26,0,13.21,0,3.4,27.29,-2.19
1978-12-27,0,13.21,0,3.4,27.29,-2.19
1978-12-28,0,13.21,0,3.4,27.29,-2.19
1978-12-29,0,13.21,0,3.4,27.29,-2.19
1978-12-30,0,13.21,0,3.4,27.29,-2.19
1978-12-31,0,13.21,0,3.4,27.29,-2.19
1979-01-01,0,41.13,0.29,2.8,60.14,-2.19
1979-01-02,0,41.13,0.29,2.8,60.14,-2.18
1979-01-03,0,41.13,0.29,2.8,60.14,-2.18
1979-01-04,0,41.13,0.29,2.8,60.14,-2.18
1979-01-05,0,41.13,0.29,2.8,60.14,-2.18
1979-01-06,0,41.13,0.29,2.8,60.14,-2.18
1979-01-07,0,41.13,0.29,2.8,60.14,-2.18
1979-01-08,0,41.13,0.29,2.8,60.14,-2.18
1979-01-09,0,41.13,0.29,2.8,60.14,-2.18
1979-01-10,0,41.13,0.29,2.8,60.14,-2.18
1979-01-11,0,41.13,0.29,2.8,60.14,-2.18
1979-01-12,0,41.13,0.29,2.8,60.14,-2.18
1979-01-13,0,41.13,0.29,2.8,60.14,-2.18
1979-01-14,0,41.13,0.29,2.8,60.14,-2.18
1979-01-15,0,41.13,0.29,2.8,60.14,-2.18
1979-01-16,0,41.13,0.29,2.8,60.14,-2.18
1979-01-17,0,41.13,0.29,2.8,60.14,-2.18
1979-01-18,0,41.13,0.29,2.8,60.14,-2.18
1979-01-19,0,41.13,0.29,2.8,60.14,-2.18
1979-01-20,0,41.13,0.29,8.33,60.14,-2.18
1979-01-21,0,41.13,0.29,18.49,60.14,-2.18
1979-01-22,0,41.13,0.29,18.49,60.14,-2.18
1979-01-23,0,41.13,0.29,18.49,60.14,-2.18
1979-01-24,0,41.13,0.29,18.49,60.14,-2.18
1979-01-25,0,41.13,0.29,18.49,60.14,-2.18
1979-01-26,0,41.13,0.29,18.49,60.14,-2.18
1979-01-27,0,41.13,0.29,18.49,60.14,-2.18
1979-01-28,0,41.13,0.29,18.49,60.14,-2.18
1979-01-29,0,41.13,0.29,18.49,60.14,-2.18
1979-01-30,0,41.13,0.29,18.49,60.14,-2.18
1979-01-31,0,41.13,0.29,18.49,60.14,-2.18
1979-02-01,0,56.9,0.07,10.25,68.53,-2.18
1979-02-02,0,56.9,0.07,10.25,68.53,-1.48
1979-02-03,0,56.9,0.07,10.25,68.53,-1.48
1979-02-04,0,56.9,0.07,10.25,68.53,-1.48
1979-02-05,0,56.9,0.07,10.25,68.53,-1.48
1979-02-06,0,56.9,0.07,10.25,68.53,-1.48
1979-02-07,0,56.9,0.07,10.25,68.53,-1.48
1979-02-08,0,56.9,0.07,10.25,68.53,-1.48
1979-02-09,0,56.9,0.07,10.25,68.53,-1.48
1979-02-10,0,56.9,0.07,10.25,68.53,-1.48
1979-02-11,0,56.9,0.07,10.25,68.53,-1.48
1979-02-12,0,56.9,0.07,10.25,68.53,-1.48
1979-02-13,0,56.9,0.07,10.25,68.53,-1.48
1979-02-14,0,56.9,0.07,10.25,68.53,-1.48
1979-02-15,0,56.9,0.07,10.25,68.53,-1.48
1979-02-16,0,56.9,0.07,10.25,68.53,-1.48
1979-02-17,0,56.9,0.07,10.25,68.53,-1.48
1979-02-18,0,56.9,0.07,10.25,68.53,-1.48
1979-02-19,0,56.9,0.07,10.25,68.53,-1.48
1979-02-20,0,56.9,0.07,10.25,68.53,-1.48
1979-02-21,0,56.9,0.07,10.25,68.53,-1.48
1979-02-22,0,56.9,0.07,10.25,68.53,-1.48
1979-02-23,0,56.9,0.07,10.25,68.53,-1.48
1979-02-24,0,56.9,0.07,10.25,68.53,-1.48
1979-02-25,0,56.9,0.07,10.25,68.53,-1.48
1979-02-26,0,56.9,0.07,10.25,68.53,-1.48
1979-02-27,0,56.9,0.07,10.25,68.53,-1.48
1979-02-28,0,56.9,0.07,10.25,68.53,-1.48
1979-03-01,0,42.21,0.73,29.36,96.05,-1.48
1979-03-02,0,42.21,2.5,50.72,96.05,-1.48
1979-03-03,0,42.21,2.5,50.72,96.05,-1.48
1979-03-04,0,42.21,2.5,50.72,96.05,-1.48
1979-03-05,0,42.21,2.5,50.72,96.05,-0.97
1979-03-06,0,42.21,2.5,50.72,96.05,-0.97
1979-03-07,0,42.21,2.5,50.72,96.05,-0.97
1979-03-08,0,42.21,2.5,50.72,96.05,-0.97
1979-03-09,0,42.21,2.5,50.72,96.05,-0.97
1979-03-10,0,42.21,2.5,50.72,96.05,-0.97
1979-03-11,0,42.21,2.5,50.72,96.05,-0.97
1979-03-12,0,42.21,2.5,50.72,96.05,-0.97
1979-03-13,0,42.21,2.5,50.72,96.05,-0.97
1979-03-14,0,42.21,2.5,50.72,96.05,-0.97
1979-03-15,0,42.21,2.5,50.72,96.05,-0.97
1979-03-16,0,42.21,2.5,50.72,96.05,-0.97
1979-03-17,0,42.21,1.53,39.03,96.05,-0.97
1979-03-18,0,42.21,0.68,28.72,96.05,-0.97
1979-03-19,0,42.21,0.68,28.72,96.05,-0.97
1979-03-20,0,42.21,0.68,28.72,96.05,-0.97
1979-03-21,0,42.21,0.68,28.72,96.05,-0.97
1979-03-22,0,42.21,0.68,28.72,96.05,-0.97
1979-03-23,0,42.21,0.68,28.72,96.05,-0.97
1979-03-24,0,42.21,0.68,28.72,96.05,-0.97
1979-03-25,0,42.21,0.68,28.72,96.05,-0.97
1979-03-26,0,42.21,0.68,28.72,96.05,-0.97
1979-03-27,0,42.21,0.68,28.72,96.05,-0.97
1979-03-28,0,42.21,0.68,28.72,96.05,-0.97
1979-03-29,0,42.21,0.68,28.72,96.05,-0.97
1979-03-30,0,42.21,0.68,28.72,96.05,-0.97
1979-03-31,0,42.21,0.68,28.72,96.05,-0.97
1979-04-01,0,46.19,8.97,45.79,119.12,-0.97
1979-04-02,0,46.19,8.97,45.79,119.12,-0.97
1979-04-03,0,46.19,8.97,45.79,119.12,-0.97
1979-04-04,0,46.19,8.97,45.79,119.12,-0.59
1979-04-05,0,46.19,8.97,45.79,119.12,-0.59
1979-04-06,0,46.19,8.97,45.79,119.12,-0.59
1979-04-07,0,46.19,8.97,45.79,119.12,-0.59
1979-04-08,0,46.19,8.97,45.79,119.12,-0.59
1979-04-09,0,46.19,8.97,45.79,119.12,-0.59
1979-04-10,0,46.19,8.97,45.79,119.12,-0.59
1979-04-11,0,46.19,8.97,45.79,119.12,-0.59
1979-04-12,0,46.19,8.97,45.79,119.12,-0.59
1979-04-13,0,46.19,8.97,45.79,119.12,-0.59
1979-04-14,0,46.19,8.97,45.79,119.12,-0.59
1979-04-15,0,46.19,8.97,45.79,119.12,-0.59
1979-04-16,0,46.19,8.97,45.79,119.12,-0.59
1979-04-17,0,46.19,8.97,45.79,119.12,-0.59
1979-04-18,0,46.19,8.97,45.79,119.12,-0.59
1979-04-19,0,46.19,8.97,45.79,119.12,-0.59
1979-04-20,0,46.19,8.97,45.79,119.12,-0.59
1979-04-21,0,46.19,8.97,45.79,119.12,-0.59
1979-04-22,0,46.19,8.97,45.79,119.12,-0.59
1979-04-23,0,46.19,8.97,45.79,119.12,-0.59
1979-04-24,0,46.19,8.97,45.79,119.12,-0.59
1979-04-25,0,46.19,8.97,45.79,119.12,-0.59
1979-04-26,0,46.19,8.97,45.79,119.12,-0.59
1979-04-27,0,46.19,8.97,45.79,119.12,-0.59
1979-04-28,0,46.19,8.97,45.79,119.12,-0.59
1979-04-29,0,46.19,8.97,45.79,119.12,-0.59
1979-04-30,0,46.19,8.97,45.79,119.12,-0.59
1979-05-01,0,92.09,24.48,9.89,155.23,-0.59
1979-05-02,0,92.09,24.48,9.89,155.23,-0.59
1979-05-03,0,92.09,24.48,9.89,155.23,-0.59
1979-05-04,0,92.09,24.48,9.89,155.23,-0.59
1979-05-05,0,92.09,24.48,9.89,155.23,-0.3
1979-05-06,0,92.09,24.48,9.89,155.23,-0.3
1979-05-07,0,92.09,24.48,9.89,155.23,-0.3
1979-05-08,0,92.09,24.48,9.89,155.23,-0.3
1979-05-09,0,92.09,24.48,9.89,155.23,-0.3
1979-05-10,0,92.09,24.48,9.89,155.23,-0.3
1979-05-11,0,92.09,24.48,9.89,155.23,-0.3
1979-05-12,0,92.09,24.48,9.89,155.23,-0.3
1979-05-13,0,92.09,24.48,9.89,155.23,-0.3
1979-05-14,0,92.09,26.5,34.25,155.23,-0.3
1979-05-15,0,92.09,26.56,34.91,155.23,-0.3
1979-05-16,0,92.09,26.56,34.91,155.23,-0.3
1979-05-17,0,92.09,26.56,34.91,155.23,-0.3
1979-05-18,0,92.09,26.56,34.91,155.23,-0.3
1979-05-19,0,92.09,26.56,34.91,155.23,-0.3
1979-05-20,0,92.09,26.56,34.91,155.23,-0.3
1979-05-21,0,92.09,26.56,34.91,155.23,-0.3
1979-05-22,0,92.09,26.56,34.91,155.23,-0.3
1979-05-23,0,92.09,26.56,34.91,155.23,-0.3
1979-05-24,0,92.09,26.56,34.91,155.23,-0.3
1979-05-25,0,92.09,26.56,34.91,155.23,-0.3
1979-05-26,0,92.09,26.56,34.91,155.23,-0.3
1979-05-27,0,92.09,26.56,34.91,155.23,-0.3
1979-05-28,0,92.09,26.56,34.91,155.23,-0.3
1979-05-29,0,92.09,26.56,34.91,155.23,-0.3
1979-05-30,0,92.09,26.56,34.91,155.23,-0.3
1979-05-31,0,92.09,26.56,34.91,155.23,-0.3
1979-06-01,0,102.43,26.93,9.89,134.43,-0.3
1979-06-02,0,102.43,26.93,9.89,134.43,-0.3
1979-06-03,0,102.43,26.93,9.89,134.43,-0.3
1979-06-04,0,102.43,26.93,9.89,134.43,-0.18
1979-06-05,0,102.43,26.93,9.89,134.43,-0.18
1979-06-06,0,102.43,26.93,9.89,134.43,-0.18
1979-06-07,0,102.43,26.93,9.89,134.43,-0.18
1979-06-08,0,102.43,26.93,9.89,134.43,-0.18
1979-06-09,0,102.43,26.93,9.89,134.43,-0.18
1979-06-10,0,102.43,26.93,9.89,134.43,-0.18
1979-06-11,0,102.43,26.93,9.89,134.43,-0.18
1979-06-12,0,102.43,26.93,9.89,134.43,-0.18
1979-06-13,0,102.43,26.93,9.89,134.43,-0.18
1979-06-14,0,102.43,26.93,9.89,134.43,-0.18
1979-06-15,0,102.43,26.93,9.89,134.43,-0.18
1979-06-16,0,102.43,26.93,9.89,134.43,-0.18
1979-06-17,0,102.43,26.93,9.89,134.43,-0.18
1979-06-18,0,102.43,26.93,9.89,134.43,-0.18
1979-06-19,0,102.43,26.93,9.89,134.43,-0.18
1979-06-20,0,102.43,26.93,9.89,134.43,-0.18
1979-06-21,0,102.43,26.93,9.89,134.43,-0.18
1979-06-22,0,102.43,26.93,9.89,134.43,-0.18
1979-06-23,0,102.43,26.93,9.89,134.43,-0.18
1979-06-24,0,102.43,26.93,9.89,134.43,-0.18
1979-06-25,0,102.43,26.93,9.89,134.43,-0.18
1979-06-26,0,102.43,26.93,9.89,134.43,-0.18
1979-06-27,0,102.43,26.93,9.89,134.43,-0.18
1979-06-28,0,102.43,26.93,9.89,134.43,-0.18
1979-06-29,0,102.43,26.93,9.89,134.43,-0.18
1979-06-30,0,102.43,26.93,9.89,134.43,-0.18
1979-07-01,0,85.63,27.4,9.89,57.84,-0.18
1979-07-02,0,85.63,27.4,9.89,57.84,-0.18
1979-07-03,0,85.63,27.4,9.89,57.84,-0.18
1979-07-04,0,85.63,27.4,9.89,57.84,-0.18
1979-07-05,0,85.63,27.4,9.89,57.84,-0.25
1979-07-06,0,85.63,27.4,9.89,57.84,-0.25
1979-07-07,0,85.63,27.4,9.89,57.84,-0.25
1979-07-08,0,85.63,27.4,9.89,57.84,-0.25
1979-07-09,0,85.63,27.4,9.89,57.84,-0.25
1979-07-10,0,85.63,27.4,9.89,57.84,-0.25
1979-07-11,0,85.63,27.4,9.89,57.84,-0.25
1979-07-12,0,85.63,27.4,9.89,57.84,-0.25
1979-07-13,0,85.63,27.4,9.89,57.84,-0.25
1979-07-14,0,85.63,27.4,9.89,57.84,-0.25
1979-07-15,0,85.63,27.4,9.89,57.84,-0.25
1979-07-16,0,85.63,27.4,9.89,57.84,-0.25
1979-07-17,0,85.63,27.4,9.89,57.84,-0.25
1979-07-18,0,85.63,27.4,9.89,57.84,-0.25
1979-07-19,0,85.63,27.4,9.89,57.84,-0.25
1979-07-20,0,85.63,27.4,9.89,57.84,-0.25
1979-07-21,0,85.63,27.4,9.89,57.84,-0.25
1979-07-22,0,85.63,27.4,9.89,57.84,-0.25
1979-07-23,0,85.63,27.4,9.89,57.84,-0.25
1979-07-24,0,85.63,27.4,9.89,57.84,-0.25
1979-07-25,0,85.63,27.4,9.89,57.84,-0.25
1979-07-26,0,85.63,27.4,9.89,57.84,-0.25
1979-07-27,0,85.63,27.4,9.89,57.84,-0.25
1979-07-28,0,85.63,27.4,9.89,57.84,-0.25
1979-07-29,0,85.63,27.4,9.89,57.84,-0.25
1979-07-30,0,85.63,27.4,9.89,57.84,-0.25
1979-07-31,0,85.63,27.4,9.89,57.84,-0.25
1979-08-01,0,75.06,23.74,9.89,48.06,-0.25
1979-08-02,0,75.06,23.74,9.89,48.06,-0.25
1979-08-03,0,75.06,23.74,9.89,48.06,-0.25
1979-08-04,0,75.06,23.74,9.89,48.06,-0.25
1979-08-05,0,75.06,23.74,9.89,48.06,-0.39
1979-08-06,0,75.06,23.74,9.89,48.06,-0.39
1979-08-07,0,75.06,23.74,9.89,48.06,-0.39
1979-08-08,0,75.06,23.74,9.89,48.06,-0.39
1979-08-09,0,75.06,23.74,9.89,48.06,-0.39
1979-08-10,0,75.06,23.74,9.89,48.06,-0.39
1979-08-11,0,75.06,23.74,9.89,48.06,-0.39
1979-08-12,0,75.06,23.74,9.89,48.06,-0.39
1979-08-13,0,75.06,23.74,9.89,48.06,-0.39
1979-08-14,0,75.06,23.74,9.89,48.06,-0.39
1979-08-15,0,75.06,23.74,9.89,48.06,-0.39
1979-08-16,0,75.06,23.74,9.89,48.06,-0.39
1979-08-17,0,75.06,23.74,9.89,48.06,-0.39
1979-08-18,0,75.06,23.74,9.89,48.06,-0.39
1979-08-19,0,75.06,23.74,9.89,48.06,-0.39
1979-08-20,0,75.06,23.74,9.89,48.06,-0.39
1979-08-21,0,75.06,23.74,9.89,48.06,-0.39
1979-08-22,0,75.06,23.74,9.89,48.06,-0.39
1979-08-23,0,75.06,23.74,9.89,48.06,-0.39
1979-08-24,0,75.06,23.74,9.89,48.06,-0.39
1979-08-25,0,75.06,23.74,9.89,48.06,-0.39
1979-08-26,0,75.06,23.74,9.89,48.06,-0.39
1979-08-27,0,75.06,23.74,9.89,48.06,-0.39
1979-08-28,0,75.06,23.74,9.89,48.06,-0.39
1979-08-29,0,75.06,23.74,9.89,48.06,-0.39
1979-08-30,0,75.06,23.74,9.89,48.06,-0.39
1979-08-31,0,75.06,23.74,9.89,48.06,-0.39
1979-09-01,0,42.16,8.8,9.89,48.49,-0.39
1979-09-02,0,42.16,8.8,9.89,48.49,-0.39
1979-09-03,0,42.16,8.8,9.89,48.49,-0.61
1979-09-04,0,42.16,8.8,9.89,48.49,-0.61
1979-09-05,0,42.16,8.8,9.89,48.49,-0.61
1979-09-06,0,42.16,8.8,9.89,48.49,-0.61
1979-09-07,0,42.16,8.8,9.89,48.49,-0.61
1979-09-08,0,42.16,8.8,9.89,48.49,-0.61
1979-09-09,0,42.16,8.8,9.89,48.49,-0.61
1979-09-10,0,42.16,8.8,9.89,48.49,-0.61
1979-09-11,0,42.16,8.8,9.89,48.49,-0.61
1979-09-12,0,42.16,8.8,9.89,48.49,-0.61
1979-09-13,0,42.16,8.8,9.89,48.49,-0.61
1979-09-14,0,42.16,8.8,9.89,48.49,-0.61
1979-09-15,0,42.16,8.8,9.89,48.49,-0.61
1979-09-16,0,42.16,8.8,9.89,48.49,-0.61
1979-09-17,0,42.16,8.8,9.89,48.49,-0.61
1979-09-18,0,42.16,8.8,9.89,48.49,-0.61
1979-09-19,0,42.16,8.8,9.89,48.49,-0.61
1979-09-20,0,42.16,8.8,9.89,48.49,-0.61
1979-09-21,0,42.16,8.8,9.89,48.49,-0.61
1979-09-22,0,42.16,8.8,9.89,48.49,-0.61
1979-09-23,0,42.16,8.8,9.89,48.49,-0.61
1979-09-24,0,42.16,8.8,9.89,48.49,-0.61
1979-09-25,0,42.16,8.8,9.89,48.49,-0.61
1979-09-26,0,42.16,8.8,9.89,48.49,-0.61
1979-09-27,0,42.16,8.8,9.89,48.49,-0.61
1979-09-28,0,42.16,8.8,9.89,48.49,-0.61
1979-09-29,0,42.16,8.8,9.89,48.49,-0.61
1979-09-30,0,42.16,8.8,9.89,48.49,-0.61
1979-10-01,0,14.98,1.06,9.89,36.66,-0.61
1979-10-02,0,14.98,1.06,9.89,36.66,-0.61
1979-10-03,0,14.98,1.06,9.89,36.66,-0.61
1979-10-04,0,14.98,1.06,9.89,36.66,-1.03
1979-10-05,0,14.98,1.06,9.89,36.66,-1.03
1979-10-06,0,14.98,1.06,9.89,36.66,-1.03
1979-10-07,0,14.98,1.06,9.89,36.66,-1.03
1979-10-08,0,14.98,1.06,9.89,36.66,-1.03
1979-10-09,0,14.98,1.06,9.89,36.66,-1.03
1979-10-10,0,14.98,1.06,9.89,36.66,-1.03
1979-10-11,0,14.98,1.06,9.89,36.66,-1.03
1979-10-12,0,14.98,1.06,9.89,36.66,-1.03
1979-10-13,0,14.98,1.06,9.89,36.66,-1.03
1979-10-14,0,14.98,1.06,9.89,36.66,-1.03
1979-10-15,0,14.98,1.06,9.89,36.66,-1.03
1979-10-16,0,14.98,1.06,9.89,36.66,-1.03
1979-10-17,0,14.98,1.06,9.89,36.66,-1.03
1979-10-18,0,14.98,1.06,9.89,36.66,-1.03
1979-10-19,0,14.98,1.06,9.89,36.66,-1.03
1979-10-20,0,14.98,1.06,9.89,36.66,-1.03
1979-10-21,0,14.98,1.06,9.89,36.66,-1.03
1979-10-22,0,14.98,1.06,9.89,36.66,-1.03
1979-10-23,0,14.98,1.06,9.89,36.66,-1.03
1979-10-24,0,14.98,1.06,9.89,36.66,-1.03
1979-10-25,0,14.98,1.06,9.89,36.66,-1.03
1979-10-26,0,14.98,1.06,9.89,36.66,-1.03
1979-10-27,0,14.98,1.06,9.89,36.66,-1.03
1979-10-28,0,14.98,1.06,9.89,36.66,-1.03
1979-10-29,0,14.98,1.06,9.89,36.66,-1.03
1979-10-30,0,14.98,1.06,9.89,36.66,-1.03
1979-10-31,0,14.98,1.06,9.89,36.66,-1.03
1979-11-01,0,4.09,0,13.19,36.48,-1.03
1979-11-02,0,4.09,0,13.19,36.48,-1.03
1979-11-03,0,4.09,0,13.19,36.48,-1.48
1979-11-04,0,4.09,0,13.19,36.48,-1.48
1979-11-05,0,4.09,0,13.19,36.48,-1.48
1979-11-06,0,4.09,0,13.19,36.48,-1.48
1979-11-07,0,4.09,0,13.19,36.48,-1.48
1979-11-08,0,4.09,0,13.19,36.48,-1.48
1979-11-09,0,4.09,0,13.19,36.48,-1.48
1979-11-10,0,4.09,0,13.19,36.48,-1.48
1979-11-11,0,4.09,0,13.19,36.48,-1.48
1979-11-12,0,4.09,0,13.19,36.48,-1.48
1979-11-13,0,4.09,0,13.19,36.48,-1.48
1979-11-14,0,4.09,0,13.19,36.48,-1.48
1979-11-15,0,4.09,0,13.19,36.48,-1.48
1979-11-16,0,4.09,0,13.19,36.48,-1.48
1979-11-17,0,4.09,0,13.19,36.48,-1.48
1979-11-18,0,4.09,0,13.19,36.48,-1.48
1979-11-19,0,4.09,0,13.19,36.48,-1.48
1979-11-20,0,4.09,0,13.19,36.48,-1.48
1979-11-21,0,4.09,0,13.19,36.48,-1.48
1979-11-22,0,4.09,0,13.19,36.48,-1.48
1979-11-23,0,4.09,0,13.19,36.48,-1.48
1979-11-24,0,4.09,0,13.19,36.48,-1.48
1979-11-25,0,4.09,0,13.19,36.48,-1.48
1979-11-26,0,4.09,0,13.19,36.48,-1.48
1979-11-27,0,4.09,0,13.19,36.48,-1.48
1979-11-28,0,4.09,0,13.19,36.48,-1.48
1979-11-29,0,4.09,0,13.19,36.48,-1.48
1979-11-30,0,4.09,0,13.19,36.48,-1.48
1979-12-01,0,2.57,0,3.4,26.11,-1.48
1979-12-02,0,2.57,0,3.4,26.11,-1.48
1979-12-03,0,2.57,0,3.4,26.11,-1.48
1979-12-04,0,2.57,0,3.4,26.11,-1.92
1979-12-05,0,2.57,0,3.4,26.11,-1.92
1979-12-06,0,2.57,0,3.4,26.11,-1.92
1979-12-07,0,2.57,0,3.4,26.11,-1.92
1979-12-08,0,2.57,0,3.4,26.11,-1.92
1979-12-09,0,2.57,0,3.4,26.11,-1.92
1979-12-10,0,2.57,0,3.4,26.11,-1.92
1979-12-11,0,2.57,0,3.4,26.11,-1.92
1979-12-12,0,2.57,0,3.4,26.11,-1.92
1979-12-13,0,2.57,0,3.4,26.11,-1.92
1979-12-14,0,2.57,0,3.4,26.11,-1.92
1979-12-15,0,2.57,0,3.4,26.11,-1.92
1979-12-16,0,2.57,0,3.4,26.11,-1.92
1979-12-17,0,2.57,0,3.4,26.11,-1.92
1979-12-18,0,2.57,0,3.4,26.11,-1.92
1979-12-19,0,2.57,0,3.4,26.11,-1.92
1979-12-20,0,2.57,0,3.4,26.11,-1.92
1979-12-21,0,2.57,0,3.4,26.11,-1.92
1979-12-22,0,2.57,0,3.4,26.11,-1.92
1979-12-23,0,2.57,0,3.4,26.11,-1.92
1979-12-24,0,2.57,0,3.4,26.11,-1.92
1979-12-25,0,2.57,0,3.4,26.11,-1.92
1979-12-26,0,2.57,0,3.4,26.11,-1.92
1979-12-27,0,2.57,0,3.4,26.11,-1.92
1979-12-28,0,2.57,0,3.4,26.11,-1.92
1979-12-29,0,2.57,0,3.4,26.11,-1.92
1979-12-30,0,2.57,0,3.4,26.11,-1.92
1979-12-31,0,2.57,0,3.4,26.11,-1.92
1980-01-01,0,2.27,5.27,2.8,120.15,-1.92
1980-01-02,0,2.27,5.27,2.8,120.15,-1.92
1980-01-03,0,2.27,5.27,2.8,120.15,-2.4
1980-01-04,0,2.27,5.27,2.8,120.15,-2.4
1980-01-05,0,2.27,5.27,2.8,120.15,-2.4
1980-01-06,0,2.27,5.27,2.8,120.15,-2.4
1980-01-07,0,2.27,5.27,2.8,120.15,-2.4
1980-01-08,0,2.27,5.27,2.8,120.15,-2.4
1980-01-09,0,2.27,5.27,2.8,120.15,-2.4
1980-01-10,0,2.27,5.27,2.8,120.15,-2.4
1980-01-11,0,2.27,5.27,2.8,120.15,-2.4
1980-01-12,0,2.27,5.27,2.8,120.15,-2.4
1980-01-13,0,2.27,5.27,2.8,120.15,-2.4
1980-01-14,0,2.27,5.27,2.8,120.15,-2.4
1980-01-15,0,2.27,5.27,133.8,120.15,-2.4
1980-01-16,0,2.27,5.27,140.5,120.15,-2.4
1980-01-17,0,2.27,5.27,140.5,120.15,-2.4
1980-01-18,0,2.27,5.27,140.5,120.15,-2.4
1980-01-19,0,2.27,5.27,140.5,120.15,-2.4
1980-01-20,0,2.27,5.27,140.5,120.15,-2.4
1980-01-21,0,2.27,5.27,140.5,120.15,-2.4
1980-01-22,0,2.27,5.27,140.5,120.15,-2.4
1980-01-23,0,2.27,5.27,140.5,120.15,-2.4
1980-01-24,0,2.27,5.27,140.5,120.15,-2.4
1980-01-25,0,2.27,5.27,140.5,120.15,-2.4
1980-01-26,0,2.27,5.27,140.5,120.15,-2.4
1980-01-27,0,2.27,5.27,140.5,120.15,-2.4
1980-01-28,0,2.27,5.27,140.5,120.15,-2.4
1980-01-29,0,2.27,5.27,140.5,120.15,-2.4
1980-01-30,0,2.27,5.27,140.5,120.15,-2.4
1980-01-31,0,2.27,5.27,140.5,120.15,-2.4
1980-02-01,0,10.67,9.46,101.71,134.8,-2.4
1980-02-02,0,10.67,9.46,101.71,134.8,-2.4
1980-02-03,0,10.67,9.46,101.71,134.8,-1.93
1980-02-04,0,10.67,9.46,101.71,134.8,-1.93
1980-02-05,0,10.67,9.46,101.71,134.8,-1.93
1980-02-06,0,10.67,9.46,101.71,134.8,-1.93
1980-02-07,0,10.67,9.46,101.71,134.8,-1.93
1980-02-08,0,10.67,9.46,101.71,134.8,-1.93
1980-02-09,0,10.67,9.46,101.71,134.8,-1.93
1980-02-10,0,10.67,9.46,101.71,134.8,-1.93
1980-02-11,0,10.67,9.46,101.71,134.8,-1.93
1980-02-12,0,10.67,9.46,101.71,134.8,-1.93
1980-02-13,0,10.67,9.46,101.71,134.8,-1.93
1980-02-14,0,10.67,9.46,101.71,134.8,-1.93
1980-02-15,0,10.67,9.46,101.71,134.8,-1.93
1980-02-16,0,10.67,9.46,101.71,134.8,-1.93
1980-02-17,0,10.67,9.46,101.71,134.8,-1.93
1980-02-18,0,10.67,9.46,101.71,134.8,-1.93
1980-02-19,0,10.67,9.46,101.71,134.8,-1.93
1980-02-20,0,10.67,9.46,101.71,134.8,-1.93
1980-02-21,0,10.67,9.46,101.71,134.8,-1.93
1980-02-22,0,10.67,9.46,101.71,134.8,-1.93
1980-02-23,0,10.67,9.46,101.71,134.8,-1.93
1980-02-24,0,10.67,9.46,101.71,134.8,-1.93
1980-02-25,0,10.67,9.46,101.71,134.8,-1.93
1980-02-26,0,10.67,9.46,101.71,134.8,-1.93
1980-02-27,0,10.67,9.46,101.71,134.8,-1.93
1980-02-28,0,10.67,9.46,101.71,134.8,-1.93
1980-02-29,0,10.67,9.46,101.71,134.8,-1.93
1980-03-01,0,25.34,1.13,61.38,119.55,-1.93
1980-03-02,0,25.34,1.13,61.38,119.55,-1.93
1980-03-03,0,25.34,1.13,61.38,119.55,-1.93
1980-03-04,0,25.34,1.13,61.38,119.55,-1.93
1980-03-05,0,25.34,1.13,61.38,119.55,-1.28
1980-03-06,0,25.34,1.13,61.38,119.55,-1.28
1980-03-07,0,25.34,1.13,61.38,119.55,-1.28
1980-03-08,0,25.34,1.13,61.38,119.55,-1.28
1980-03-09,0,25.34,1.13,61.38,119.55,-1.28
1980-03-10,0,25.34,1.13,61.38,119.55,-1.28
1980-03-11,0,25.34,1.13,61.38,119.55,-1.28
1980-03-12,0,25.34,1.13,61.38,119.55,-1.28
1980-03-13,0,25.34,1.13,61.38,119.55,-1.28
1980-03-14,0,25.34,1.13,61.38,119.55,-1.28
1980-03-15,0,25.34,1.13,61.38,119.55,-1.28
1980-03-16,0,25.34,2.41,76.86,119.55,-1.28
1980-03-17,0,25.34,2.54,78.39,119.55,-1.28
1980-03-18,0,25.34,1.13,61.38,119.55,-1.28
1980-03-19,0,25.34,1.13,61.38,119.55,-1.28
1980-03-20,0,25.34,1.13,61.38,119.55,-1.28
1980-03-21,0,25.34,1.13,61.38,119.55,-1.28
1980-03-22,0,25.34,1.13,61.38,119.55,-1.28
1980-03-23,0,25.34,1.13,61.38,119.55,-1.28
1980-03-24,0,25.34,1.13,61.38,119.55,-1.28
1980-03-25,0,25.34,1.13,61.38,119.55,-1.28
1980-03-26,0,25.34,1.13,61.38,119.55,-1.28
1980-03-27,0,25.34,1.13,61.38,119.55,-1.28
1980-03-28,0,25.34,1.13,61.38,119.55,-1.28
1980-03-29,0,25.34,1.13,61.38,119.55,-1.28
1980-03-30,0,25.34,1.13,61.38,119.55,-1.28
1980-03-31,0,25.34,1.13,61.38,119.55,-1.28
1980-04-01,0,63.15,20.34,45.79,137.86,-1.28
1980-04-02,0,63.15,20.34,45.79,137.86,-1.28
1980-04-03,0,63.15,20.34,45.79,137.86,-1.28
1980-04-04,0,63.15,20.34,45.79,137.86,-0.82
1980-04-05,0,63.15,20.34,45.79,137.86,-0.82
1980-04-06,0,63.15,20.34,45.79,137.86,-0.82
1980-04-07,0,63.15,20.34,45.79,137.86,-0.82
1980-04-08,0,63.15,20.34,45.79,137.86,-0.82
1980-04-09,0,63.15,20.34,45.79,137.86,-0.82
1980-04-10,0,63.15,20.34,45.79,137.86,-0.82
1980-04-11,0,63.15,20.34,45.79,137.86,-0.82
1980-04-12,0,63.15,20.34,45.79,137.86,-0.82
1980-04-13,0,63.15,20.34,45.79,137.86,-0.82
1980-04-14,0,63.15,20.34,45.79,137.86,-0.82
1980-04-15,0,63.15,20.34,45.79,137.86,-0.82
1980-04-16,0,63.15,20.34,45.79,137.86,-0.82
1980-04-17,0,63.15,20.34,45.79,137.86,-0.82
1980-04-18,0,63.15,20.34,45.79,137.86,-0.82
1980-04-19,0,63.15,20.34,45.79,137.86,-0.82
1980-04-20,0,63.15,20.34,45.79,137.86,-0.82
1980-04-21,0,63.15,20.34,45.79,137.86,-0.82
1980-04-22,0,63.15,20.34,45.79,137.86,-0.82
1980-04-23,0,63.15,20.34,45.79,137.86,-0.82
1980-04-24,0,63.15,20.34,45.79,137.86,-0.82
1980-04-25,0,63.15,20.34,45.79,137.86,-0.82
1980-04-26,0,63.15,20.34,45.79,137.86,-0.82
1980-04-27,0,63.15,20.34,45.79,137.86,-0.82
1980-04-28,0,63.15,20.34,45.79,137.86,-0.82
1980-04-29,0,63.15,20.34,45.79,137.86,-0.82
1980-04-30,0,63.15,20.34,45.79,137.86,-0.82
1980-05-01,0,92,30.41,46.92,177.39,-0.82
1980-05-02,0,92,30.41,46.92,177.39,-0.82
1980-05-03,0,92,30.41,46.92,177.39,-0.82
1980-05-04,0,92,30.41,46.92,177.39,-0.82
1980-05-05,0,92,30.41,46.92,177.39,-0.39
1980-05-06,0,92,30.41,46.92,177.39,-0.39
1980-05-07,0,92,30.41,46.92,177.39,-0.39
1980-05-08,0,92,30.41,46.92,177.39,-0.39
1980-05-09,0,92,30.41,46.92,177.39,-0.39
1980-05-10,0,92,30.41,46.92,177.39,-0.39
1980-05-11,0,92,30.41,46.92,177.39,-0.39
1980-05-12,0,92,30.41,46.92,177.39,-0.39
1980-05-13,0,92,30.41,46.92,177.39,-0.39
1980-05-14,0,92,30.41,46.92,177.39,-0.39
1980-05-15,0,92,30.41,46.92,177.39,-0.39
1980-05-16,0,92,30.41,46.92,177.39,-0.39
1980-05-17,0,92,30.41,46.92,177.39,-0.39
1980-05-18,0,92,30.41,46.92,177.39,-0.39
1980-05-19,0,92,30.41,46.92,177.39,-0.39
1980-05-20,0,92,30.41,46.92,177.39,-0.39
1980-05-21,0,92,30.41,46.92,177.39,-0.39
1980-05-22,0,92,30.41,46.92,177.39,-0.39
1980-05-23,0,92,30.41,46.92,177.39,-0.39
1980-05-24,0,92,30.41,46.92,177.39,-0.39
1980-05-25,0,92,30.41,46.92,177.39,-0.39
1980-05-26,0,92,30.41,46.92,177.39,-0.39
1980-05-27,0,92,30.41,46.92,177.39,-0.39
1980-05-28,0,92,30.41,46.92,177.39,-0.39
1980-05-29,0,92,30.41,46.92,177.39,-0.39
1980-05-30,0,92,30.41,46.92,177.39,-0.39
1980-05-31,0,92,30.41,46.92,177.39,-0.39
1980-06-01,0,126.3,35.4,52.32,237.69,-0.39
1980-06-02,0,126.3,35.4,52.32,237.69,-0.39
1980-06-03,0,126.3,35.4,52.32,237.69,-0.39
1980-06-04,0,126.3,35.4,52.32,237.69,-0.21
1980-06-05,0,126.3,35.4,52.32,237.69,-0.21
1980-06-06,0,126.3,35.4,52.32,237.69,-0.21
1980-06-07,0,126.3,35.4,52.32,237.69,-0.21
1980-06-08,0,126.3,35.4,52.32,237.69,-0.21
1980-06-09,0,126.3,35.4,52.32,237.69,-0.21
1980-06-10,0,126.3,35.4,52.32,237.69,-0.21
1980-06-11,0,126.3,35.4,52.32,237.69,-0.21
1980-06-12,0,126.3,35.4,52.32,237.69,-0.21
1980-06-13,0,126.3,35.4,52.32,237.69,-0.21
1980-06-14,0,126.3,35.4,52.32,237.69,-0.21
1980-06-15,0,126.3,35.4,52.32,237.69,-0.21
1980-06-16,0,126.3,35.4,65.43,237.69,-0.21
1980-06-17,0,126.3,35.4,74.08,237.69,-0.21
1980-06-18,0,126.3,35.4,74.08,237.69,-0.21
1980-06-19,0,126.3,35.4,74.08,237.69,-0.21
1980-06-20,0,126.3,35.4,74.08,237.69,-0.21
1980-06-21,0,126.3,35.4,74.08,237.69,-0.21
1980-06-22,0,126.3,35.4,74.08,237.69,-0.21
1980-06-23,0,126.3,35.4,74.08,237.69,-0.21
1980-06-24,0,126.3,35.4,74.08,237.69,-0.21
1980-06-25,0,126.3,35.4,74.08,237.69,-0.21
1980-06-26,0,126.3,35.4,74.08,237.69,-0.21
1980-06-27,0,126.3,35.4,74.08,237.69,-0.21
1980-06-28,0,126.3,35.4,74.08,237.69,-0.21
1980-06-29,0,126.3,35.4,74.08,237.69,-0.21
1980-06-30,0,126.3,35.4,74.08,237.69,-0.21
1980-07-01,0,127.02,35.4,30.92,195.74,-0.21
1980-07-02,0,127.02,35.4,30.92,195.74,-0.21
1980-07-03,0,127.02,35.4,30.92,195.74,-0.21
1980-07-04,0,127.02,35.4,30.92,195.74,-0.21
1980-07-05,0,127.02,35.4,30.92,195.74,-0.27
1980-07-06,0,127.02,35.4,30.92,195.74,-0.27
1980-07-07,0,127.02,35.4,30.92,195.74,-0.27
1980-07-08,0,127.02,35.4,30.92,195.74,-0.27
1980-07-09,0,127.02,35.4,30.92,195.74,-0.27
1980-07-10,0,127.02,35.4,30.92,195.74,-0.27
1980-07-11,0,127.02,35.4,30.92,195.74,-0.27
1980-07-12,0,127.02,35.4,30.92,195.74,-0.27
1980-07-13,0,127.02,35.4,30.92,195.74,-0.27
1980-07-14,0,127.02,35.4,30.92,195.74,-0.27
1980-07-15,0,127.02,35.4,30.92,195.74,-0.27
1980-07-16,0,127.02,35.4,30.92,195.74,-0.27
1980-07-17,0,127.02,35.4,30.92,195.74,-0.27
1980-07-18,0,127.02,35.4,30.92,195.74,-0.27
1980-07-19,0,127.02,35.4,30.92,195.74,-0.27
1980-07-20,0,127.02,35.4,30.92,195.74,-0.27
1980-07-21,0,127.02,35.4,30.92,195.74,-0.27
1980-07-22,0,127.02,35.4,30.92,195.74,-0.27
1980-07-23,0,127.02,35.4,30.92,195.74,-0.27
1980-07-24,0,127.02,35.4,30.92,195.74,-0.27
1980-07-25,0,127.02,35.4,30.92,195.74,-0.27
1980-07-26,0,127.02,35.4,30.92,195.74,-0.27
1980-07-27,0,127.02,35.4,30.92,195.74,-0.27
1980-07-28,0,127.02,35.4,30.92,195.74,-0.27
1980-07-29,0,127.02,35.4,30.92,195.74,-0.27
1980-07-30,0,127.02,35.4,30.92,195.74,-0.27
1980-07-31,0,127.02,35.4,30.92,195.74,-0.27
1980-08-01,0,100.8,34.34,9.89,97.13,-0.27
1980-08-02,0,100.8,34.34,9.89,97.13,-0.27
1980-08-03,0,100.8,34.34,9.89,97.13,-0.27
1980-08-04,0,100.8,34.34,9.89,97.13,-0.27
1980-08-05,0,100.8,34.34,9.89,97.13,-0.42
1980-08-06,0,100.8,34.34,9.89,97.13,-0.42
1980-08-07,0,100.8,34.34,9.89,97.13,-0.42
1980-08-08,0,100.8,34.34,9.89,97.13,-0.42
1980-08-09,0,100.8,34.34,9.89,97.13,-0.42
1980-08-10,0,100.8,34.34,9.89,97.13,-0.42
1980-08-11,0,100.8,34.34,9.89,97.13,-0.42
1980-08-12,0,100.8,34.34,9.89,97.13,-0.42
1980-08-13,0,100.8,34.34,9.89,97.13,-0.42
1980-08-14,0,100.8,34.34,9.89,97.13,-0.42
1980-08-15,0,100.8,34.34,9.89,97.13,-0.42
1980-08-16,0,100.8,34.34,9.89,97.13,-0.42
1980-08-17,0,100.8,34.34,9.89,97.13,-0.42
1980-08-18,0,100.8,34.34,9.89,97.13,-0.42
1980-08-19,0,100.8,34.34,9.89,97.13,-0.42
1980-08-20,0,100.8,34.34,9.89,97.13,-0.42
1980-08-21,0,100.8,34.34,9.89,97.13,-0.42
1980-08-22,0,100.8,34.34,9.89,97.13,-0.42
1980-08-23,0,100.8,34.34,9.89,97.13,-0.42
1980-08-24,0,100.8,34.34,9.89,97.13,-0.42
1980-08-25,0,100.8,34.34,9.89,97.13,-0.42
1980-08-26,0,100.8,34.34,9.89,97.13,-0.42
1980-08-27,0,100.8,34.34,9.89,97.13,-0.42
1980-08-28,0,100.8,34.34,9.89,97.13,-0.42
1980-08-29,0,100.8,34.34,9.89,97.13,-0.42
1980-08-30,0,100.8,34.34,9.89,97.13,-0.42
1980-08-31,0,100.8,34.34,9.89,97.13,-0.42
1980-09-01,0,62.16,12.97,9.89,54.31,-0.42
1980-09-02,0,62.16,12.97,9.89,54.31,-0.62
1980-09-03,0,62.16,12.97,9.89,54.31,-0.62
1980-09-04,0,62.16,12.97,9.89,54.31,-0.62
1980-09-05,0,62.16,12.97,9.89,54.31,-0.62
1980-09-06,0,62.16,12.97,9.89,54.31,-0.62
1980-09-07,0,62.16,12.97,9.89,54.31,-0.62
1980-09-08,0,62.16,12.97,9.89,54.31,-0.62
1980-09-09,0,62.16,12.97,9.89,54.31,-0.62
1980-09-10,0,62.16,12.97,9.89,54.31,-0.62
1980-09-11,0,62.16,12.97,9.89,54.31,-0.62
1980-09-12,0,62.16,12.97,9.89,54.31,-0.62
1980-09-13,0,62.16,12.97,9.89,54.31,-0.62
1980-09-14,0,62.16,12.97,9.89,54.31,-0.62
1980-09-15,0,62.16,12.97,9.89,54.31,-0.62
1980-09-16,0,62.16,12.97,9.89,54.31,-0.62
1980-09-17,0,62.16,12.97,9.89,54.31,-0.62
1980-09-18,0,62.16,12.97,9.89,54.31,-0.62
1980-09-19,0,62.16,12.97,9.89,54.31,-0.62
1980-09-20,0,62.16,12.97,9.89,54.31,-0.62
1980-09-21,0,62.16,12.97,9.89,54.31,-0.62
1980-09-22,0,62.16,12.97,9.89,54.31,-0.62
1980-09-23,0,62.16,12.97,9.89,54.31,-0.62
1980-09-24,0,62.16,12.97,9.89,54.31,-0.62
1980-09-25,0,62.16,12.97,9.89,54.31,-0.62
1980-09-26,0,62.16,12.97,9.89,54.31,-0.62
1980-09-27,0,62.16,12.97,9.89,54.31,-0.62
1980-09-28,0,62.16,12.97,9.89,54.31,-0.62
1980-09-29,0,62.16,12.97,9.89,54.31,-0.62
1980-09-30,0,62.16,12.97,9.89,54.31,-0.62
1980-10-01,0,25.26,1.66,9.89,40.06,-0.62
1980-10-02,0,25.26,1.66,9.89,40.06,-0.62
1980-10-03,0,25.26,1.66,9.89,40.06,-1.08
1980-10-04,0,25.26,1.66,9.89,40.06,-1.08
1980-10-05,0,25.26,1.66,9.89,40.06,-1.08
1980-10-06,0,25.26,1.66,9.89,40.06,-1.08
1980-10-07,0,25.26,1.66,9.89,40.06,-1.08
1980-10-08,0,25.26,1.66,9.89,40.06,-1.08
1980-10-09,0,25.26,1.66,9.89,40.06,-1.08
1980-10-10,0,25.26,1.66,9.89,40.06,-1.08
1980-10-11,0,25.26,1.66,9.89,40.06,-1.08
1980-10-12,0,25.26,1.66,9.89,40.06,-1.08
1980-10-13,0,25.26,1.66,9.89,40.06,-1.08
1980-10-14,0,25.26,1.66,9.89,40.06,-1.08
1980-10-15,0,25.26,1.66,9.89,40.06,-1.08
1980-10-16,0,25.26,1.66,9.89,40.06,-1.08
1980-10-17,0,25.26,1.66,9.89,40.06,-1.08
1980-10-18,0,25.26,1.66,9.89,40.06,-1.08
1980-10-19,0,25.26,1.66,9.89,40.06,-1.08
1980-10-20,0,25.26,1.66,9.89,40.06,-1.08
1980-10-21,0,25.26,1.66,9.89,40.06,-1.08
1980-10-22,0,25.26,1.66,9.89,40.06,-1.08
1980-10-23,0,25.26,1.66,9.89,40.06,-1.08
1980-10-24,0,25.26,1.66,9.89,40.06,-1.08
1980-10-25,0,25.26,1.66,9.89,40.06,-1.08
1980-10-26,0,25.26,1.66,9.89,40.06,-1.08
1980-10-27,0,25.26,1.66,9.89,40.06,-1.08
1980-10-28,0,25.26,1.66,9.89,40.06,-1.08
1980-10-29,0,25.26,1.66,9.89,40.06,-1.08
1980-10-30,0,25.26,1.66,9.89,40.06,-1.08
1980-10-31,0,25.26,1.66,9.89,40.06,-1.08
1980-11-01,0,7.83,0.59,13.19,28.63,-1.08
1980-11-02,0,7.83,0.59,13.19,28.63,-1.62
1980-11-03,0,7.83,0.59,13.19,28.63,-1.62
1980-11-04,0,7.83,0.59,13.19,28.63,-1.62
1980-11-05,0,7.83,0.59,13.19,28.63,-1.62
1980-11-06,0,7.83,0.59,13.19,28.63,-1.62
1980-11-07,0,7.83,0.59,13.19,28.63,-1.62
1980-11-08,0,7.83,0.59,13.19,28.63,-1.62
1980-11-09,0,7.83,0.59,13.19,28.63,-1.62
1980-11-10,0,7.83,0.59,13.19,28.63,-1.62
1980-11-11,0,7.83,0.59,13.19,28.63,-1.62
1980-11-12,0,7.83,0.59,13.19,28.63,-1.62
1980-11-13,0,7.83,0.59,13.19,28.63,-1.62
1980-11-14,0,7.83,0.59,13.19,28.63,-1.62
1980-11-15,0,7.83,0.59,13.19,28.63,-1.62
1980-11-16,0,7.83,0.59,13.19,28.63,-1.62
1980-11-17,0,7.83,0.59,13.19,28.63,-1.62
1980-11-18,0,7.83,0.59,13.19,28.63,-1.62
1980-11-19,0,7.83,0.59,13.19,28.63,-1.62
1980-11-20,0,7.83,0.59,13.19,28.63,-1.62
1980-11-21,0,7.83,0.59,13.19,28.63,-1.62
1980-11-22,0,7.83,0.59,13.19,28.63,-1.62
1980-11-23,0,7.83,0.59,13.19,28.63,-1.62
1980-11-24,0,7.83,0.59,13.19,28.63,-1.62
1980-11-25,0,7.83,0.59,13.19,28.63,-1.62
1980-11-26,0,7.83,0.59,13.19,28.63,-1.62
1980-11-27,0,7.83,0.59,13.19,28.63,-1.62
1980-11-28,0,7.83,0.59,13.19,28.63,-1.62
1980-11-29,0,7.83,0.59,13.19,28.63,-1.62
1980-11-30,0,7.83,0.59,13.19,28.63,-1.62
1980-12-01,0,6.2,0,3.4,25.46,-1.62
1980-12-02,0,6.2,0,3.4,25.46,-1.62
1980-12-03,0,6.2,0,3.4,25.46,-2.37
1980-12-04,0,6.2,0,3.4,25.46,-2.37
1980-12-05,0,6.2,0,3.4,25.46,-2.37
1980-12-06,0,6.2,0,3.4,25.46,-2.37
1980-12-07,0,6.2,0,3.4,25.46,-2.37
1980-12-08,0,6.2,0,3.4,25.46,-2.37
1980-12-09,0,6.2,0,3.4,25.46,-2.37
1980-12-10,0,6.2,0,3.4,25.46,-2.37
1980-12-11,0,6.2,0,3.4,25.46,-2.37
1980-12-12,0,6.2,0,3.4,25.46,-2.37
1980-12-13,0,6.2,0,3.4,25.46,-2.37
1980-12-14,0,6.2,0,3.4,25.46,-2.37
1980-12-15,0,6.2,0,3.4,25.46,-2.37
1980-12-16,0,6.2,0,3.4,25.46,-2.37
1980-12-17,0,6.2,0,3.4,25.46,-2.37
1980-12-18,0,6.2,0,3.4,25.46,-2.37
1980-12-19,0,6.2,0,3.4,25.46,-2.37
1980-12-20,0,6.2,0,3.4,25.46,-2.37
1980-12-21,0,6.2,0,3.4,25.46,-2.37
1980-12-22,0,6.2,0,3.4,25.46,-2.37
1980-12-23,0,6.2,0,3.4,25.46,-2.37
1980-12-24,0,6.2,0,3.4,25.46,-2.37
1980-12-25,0,6.2,0,3.4,25.46,-2.37
1980-12-26,0,6.2,0,3.4,25.46,-2.37
1980-12-27,0,6.2,0,3.4,25.46,-2.37
1980-12-28,0,6.2,0,3.4,25.46,-2.37
1980-12-29,0,6.2,0,3.4,25.46,-2.37
1980-12-30,0,6.2,0,3.4,25.46,-2.37
1980-12-31,0,6.2,0,3.4,25.46,-2.37
1981-01-01,0,11.08,0.04,2.8,31.87,-2.37
1981-01-02,0,11.08,0.04,2.8,31.87,-1.94
1981-01-03,0,11.08,0.04,2.8,31.87,-1.94
1981-01-04,0,11.08,0.04,2.8,31.87,-1.94
1981-01-05,0,11.08,0.04,2.8,31.87,-1.94
1981-01-06,0,11.08,0.04,2.8,31.87,-1.94
1981-01-07,0,11.08,0.04,2.8,31.87,-1.94
1981-01-08,0,11.08,0.04,2.8,31.87,-1.94
1981-01-09,0,11.08,0.04,2.8,31.87,-1.94
1981-01-10,0,11.08,0.04,2.8,31.87,-1.94
1981-01-11,0,11.08,0.04,2.8,31.87,-1.94
1981-01-12,0,11.08,0.04,2.8,31.87,-1.94
1981-01-13,0,11.08,0.04,2.8,31.87,-1.94
1981-01-14,0,11.08,0.04,2.8,31.87,-1.94
1981-01-15,0,11.08,0.04,2.8,31.87,-1.94
1981-01-16,0,11.08,0.04,2.8,31.87,-1.94
1981-01-17,0,11.08,0.04,2.8,31.87,-1.94
1981-01-18,0,11.08,0.04,2.8,31.87,-1.94
1981-01-19,0,11.08,0.04,2.8,31.87,-1.94
1981-01-20,0,11.08,0.04,2.8,31.87,-1.94
1981-01-21,0,11.08,0.04,2.8,31.87,-1.94
1981-01-22,0,11.08,0.04,2.8,31.87,-1.94
1981-01-23,0,11.08,0.04,2.8,31.87,-1.94
1981-01-24,0,11.08,0.04,2.8,31.87,-1.94
1981-01-25,0,11.08,0.04,2.8,31.87,-1.94
1981-01-26,0,11.08,0.04,2.8,31.87,-1.94
1981-01-27,0,11.08,0.04,2.8,31.87,-1.94
1981-01-28,0,11.08,0.04,15.53,31.87,-1.94
1981-01-29,0,11.08,0.04,20.49,31.87,-1.94
1981-01-30,0,11.08,0.04,20.49,31.87,-1.94
1981-01-31,0,11.08,0.04,20.49,31.87,-1.94
1981-02-01,0,32.69,0.87,10.25,44.28,-1.94
1981-02-02,0,32.69,0.87,10.25,44.28,-1.27
1981-02-03,0,32.69,0.87,10.25,44.28,-1.27
1981-02-04,0,32.69,0.87,10.25,44.28,-1.27
1981-02-05,0,32.69,0.87,10.25,44.28,-1.27
1981-02-06,0,32.69,0.87,10.25,44.28,-1.27
1981-02-07,0,32.69,0.87,10.25,44.28,-1.27
1981-02-08,0,32.69,0.87,10.25,44.28,-1.27
1981-02-09,0,32.69,0.87,10.25,44.28,-1.27
1981-02-10,0,32.69,0.87,10.25,44.28,-1.27
1981-02-11,0,32.69,0.87,10.25,44.28,-1.27
1981-02-12,0,32.69,0.87,10.25,44.28,-1.27
1981-02-13,0,32.69,0.87,10.25,44.28,-1.27
1981-02-14,0,32.69,0.87,10.25,44.28,-1.27
1981-02-15,0,32.69,0.87,10.25,44.28,-1.27
1981-02-16,0,32.69,0.87,10.25,44.28,-1.27
1981-02-17,0,32.69,0.87,10.25,44.28,-1.27
1981-02-18,0,32.69,0.87,10.25,44.28,-1.27
1981-02-19,0,32.69,0.87,10.25,44.28,-1.27
1981-02-20,0,32.69,0.87,10.25,44.28,-1.27
1981-02-21,0,32.69,0.87,10.25,44.28,-1.27
1981-02-22,0,32.69,0.87,10.25,44.28,-1.27
1981-02-23,0,32.69,0.87,10.25,44.28,-1.27
1981-02-24,0,32.69,0.87,10.25,44.28,-1.27
1981-02-25,0,32.69,0.87,10.25,44.28,-1.27
1981-02-26,0,32.69,0.87,10.25,44.28,-1.27
1981-02-27,0,32.69,0.87,10.25,44.28,-1.27
1981-02-28,0,32.69,0.87,10.25,44.28,-1.27
1981-03-01,0,18.7,0,28.72,59.75,-1.27
1981-03-02,0,18.7,0,28.72,59.75,-1.27
1981-03-03,0,18.7,0,28.72,59.75,-1.27
1981-03-04,0,18.7,0,28.72,59.75,-1.27
1981-03-05,0,18.7,0.79,38.22,59.75,-0.83
1981-03-06,0,18.7,0.9,39.53,59.75,-0.83
1981-03-07,0,18.7,0.9,39.53,59.75,-0.83
1981-03-08,0,18.7,0.9,39.53,59.75,-0.83
1981-03-09,0,18.7,0.9,39.53,59.75,-0.83
1981-03-10,0,18.7,0.9,39.53,59.75,-0.83
1981-03-11,0,18.7,0.9,39.53,59.75,-0.83
1981-03-12,0,18.7,0.9,39.53,59.75,-0.83
1981-03-13,0,18.7,0.9,39.53,59.75,-0.83
1981-03-14,0,18.7,0.9,39.53,59.75,-0.83
1981-03-15,0,18.7,0.9,39.53,59.75,-0.83
1981-03-16,0,18.7,0.9,39.53,59.75,-0.83
1981-03-17,0,18.7,0,28.72,59.75,-0.83
1981-03-18,0,18.7,0,28.72,59.75,-0.83
1981-03-19,0,18.7,0,28.72,59.75,-0.83
1981-03-20,0,18.7,0,28.72,59.75,-0.83
1981-03-21,0,18.7,0,28.72,59.75,-0.83
1981-03-22,0,18.7,0,28.72,59.75,-0.83
1981-03-23,0,18.7,0,28.72,59.75,-0.83
1981-03-24,0,18.7,0,28.72,59.75,-0.83
1981-03-25,0,18.7,0,28.72,59.75,-0.83
1981-03-26,0,18.7,0,28.72,59.75,-0.83
1981-03-27,0,18.7,0,28.72,59.75,-0.83
1981-03-28,0,18.7,0,28.72,59.75,-0.83
1981-03-29,0,18.7,0,28.72,59.75,-0.83
1981-03-30,0,18.7,0,28.72,59.75,-0.83
1981-03-31,0,18.7,0,28.72,59.75,-0.83
1981-04-01,0,37.69,0,27.84,72.03,-0.83
1981-04-02,0,37.69,0,27.84,72.03,-0.83
1981-04-03,0,37.69,0,27.84,72.03,-0.83
1981-04-04,0,37.69,0,27.84,72.03,-0.51
1981-04-05,0,37.69,0,27.84,72.03,-0.51
1981-04-06,0,37.69,0,27.84,72.03,-0.51
1981-04-07,0,37.69,0,27.84,72.03,-0.51
1981-04-08,0,37.69,0,27.84,72.03,-0.51
1981-04-09,0,37.69,0,27.84,72.03,-0.51
1981-04-10,0,37.69,0,27.84,72.03,-0.51
1981-04-11,0,37.69,0,27.84,72.03,-0.51
1981-04-12,0,37.69,0,27.84,72.03,-0.51
1981-04-13,0,37.69,0,27.84,72.03,-0.51
1981-04-14,0,37.69,0,27.84,72.03,-0.51
1981-04-15,0,37.69,0,27.84,72.03,-0.51
1981-04-16,0,37.69,0,27.84,72.03,-0.51
1981-04-17,0,37.69,0,27.84,72.03,-0.51
1981-04-18,0,37.69,0,27.84,72.03,-0.51
1981-04-19,0,37.69,0,27.84,72.03,-0.51
1981-04-20,0,37.69,0,27.84,72.03,-0.51
1981-04-21,0,37.69,0,27.84,72.03,-0.51
1981-04-22,0,37.69,0,27.84,72.03,-0.51
1981-04-23,0,37.69,0,27.84,72.03,-0.51
1981-04-24,0,37.69,0,27.84,72.03,-0.51
1981-04-25,0,37.69,0,27.84,72.03,-0.51
1981-04-26,0,37.69,0,27.84,72.03,-0.51
1981-04-27,0,37.69,0,27.84,72.03,-0.51
1981-04-28,0,37.69,0,27.84,72.03,-0.51
1981-04-29,0,37.69,0,27.84,72.03,-0.51
1981-04-30,0,37.69,0,27.84,72.03,-0.51
1981-05-01,0,47.29,8.21,9.89,87.98,-0.51
1981-05-02,0,47.29,8.21,9.89,87.98,-0.51
1981-05-03,0,47.29,8.21,9.89,87.98,-0.51
1981-05-04,0,47.29,8.21,9.89,87.98,-0.51
1981-05-05,0,47.29,8.21,9.89,87.98,-0.3
1981-05-06,0,47.29,8.21,9.89,87.98,-0.3
1981-05-07,0,47.29,8.21,9.89,87.98,-0.3
1981-05-08,0,47.29,8.21,9.89,87.98,-0.3
1981-05-09,0,47.29,8.21,9.89,87.98,-0.3
1981-05-10,0,47.29,8.21,9.89,87.98,-0.3
1981-05-11,0,47.29,8.21,9.89,87.98,-0.3
1981-05-12,0,47.29,8.21,9.89,87.98,-0.3
1981-05-13,0,47.29,8.21,9.89,87.98,-0.3
1981-05-14,0,47.29,8.21,9.89,87.98,-0.3
1981-05-15,0,47.29,8.21,9.89,87.98,-0.3
1981-05-16,0,47.29,8.21,9.89,87.98,-0.3
1981-05-17,0,47.29,8.21,9.89,87.98,-0.3
1981-05-18,0,47.29,8.21,9.89,87.98,-0.3
1981-05-19,0,47.29,8.21,9.89,87.98,-0.3
1981-05-20,0,47.29,8.21,9.89,87.98,-0.3
1981-05-21,0,47.29,8.21,9.89,87.98,-0.3
1981-05-22,0,47.29,8.21,9.89,87.98,-0.3
1981-05-23,0,47.29,8.21,9.89,87.98,-0.3
1981-05-24,0,47.29,8.21,9.89,87.98,-0.3
1981-05-25,0,47.29,8.21,9.89,87.98,-0.3
1981-05-26,0,47.29,8.21,9.89,87.98,-0.3
1981-05-27,0,47.29,8.21,9.89,87.98,-0.3
1981-05-28,0,47.29,8.21,9.89,87.98,-0.3
1981-05-29,0,47.29,8.21,9.89,87.98,-0.3
1981-05-30,0,47.29,8.21,9.89,87.98,-0.3
1981-05-31,0,47.29,8.21,9.89,87.98,-0.3
1981-06-01,0,67.16,24.82,9.89,65.05,-0.3
1981-06-02,0,67.16,24.82,9.89,65.05,-0.3
1981-06-03,0,67.16,24.82,9.89,65.05,-0.3
1981-06-04,0,67.16,24.82,9.89,65.05,-0.18
1981-06-05,0,67.16,24.82,9.89,65.05,-0.18
1981-06-06,0,67.16,24.82,9.89,65.05,-0.18
1981-06-07,0,67.16,24.82,9.89,65.05,-0.18
1981-06-08,0,67.16,24.82,9.89,65.05,-0.18
1981-06-09,0,67.16,24.82,9.89,65.05,-0.18
1981-06-10,0,67.16,24.82,9.89,65.05,-0.18
1981-06-11,0,67.16,24.82,9.89,65.05,-0.18
1981-06-12,0,67.16,24.82,9.89,65.05,-0.18
1981-06-13,0,67.16,24.82,9.89,65.05,-0.18
1981-06-14,0,67.16,24.82,9.89,65.05,-0.18
1981-06-15,0,67.16,24.82,9.89,65.05,-0.18
1981-06-16,0,67.16,24.82,9.89,65.05,-0.18
1981-06-17,0,67.16,24.82,9.89,65.05,-0.18
1981-06-18,0,67.16,24.82,9.89,65.05,-0.18
1981-06-19,0,67.16,24.82,9.89,65.05,-0.18
1981-06-20,0,67.16,24.82,9.89,65.05,-0.18
1981-06-21,0,67.16,24.82,9.89,65.05,-0.18
1981-06-22,0,67.16,24.82,9.89,65.05,-0.18
1981-06-23,0,67.16,24.82,9.89,65.05,-0.18
1981-06-24,0,67.16,24.82,9.89,65.05,-0.18
1981-06-25,0,67.16,24.82,9.89,65.05,-0.18
1981-06-26,0,67.16,24.82,9.89,65.05,-0.18
1981-06-27,0,67.16,24.82,9.89,65.05,-0.18
1981-06-28,0,67.16,24.82,9.89,65.05,-0.18
1981-06-29,0,67.16,24.82,9.89,65.05,-0.18
1981-06-30,0,67.16,24.82,9.89,65.05,-0.18
1981-07-01,0,72.37,30.14,9.89,37.53,-0.18
1981-07-02,0,72.37,30.14,9.89,37.53,-0.18
1981-07-03,0,72.37,30.14,9.89,37.53,-0.18
1981-07-04,0,72.37,30.14,9.89,37.53,-0.18
1981-07-05,0,72.37,30.14,9.89,37.53,-0.18
1981-07-06,0,72.37,30.14,9.89,37.53,-0.18
1981-07-07,0,72.37,30.14,9.89,37.53,-0.18
1981-07-08,0,72.37,30.14,9.89,37.53,-0.18
1981-07-09,0,72.37,30.14,9.89,37.53,-0.18
1981-07-10,0,72.37,30.14,9.89,37.53,-0.18
1981-07-11,0,72.37,30.14,9.89,37.53,-0.18
1981-07-12,0,72.37,30.14,9.89,37.53,-0.18
1981-07-13,0,72.37,30.14,9.89,37.53,-0.18
1981-07-14,0,72.37,30.14,9.89,37.53,-0.18
1981-07-15,0,72.37,30.14,9.89,37.53,-0.18
1981-07-16,0,72.37,30.14,9.89,37.53,-0.18
1981-07-17,0,72.37,30.14,9.89,37.53,-0.18
1981-07-18,0,72.37,30.14,9.89,37.53,-0.18
1981-07-19,0,72.37,30.14,9.89,37.53,-0.18
1981-07-20,0,72.37,30.14,9.89,37.53,-0.18
1981-07-21,0,72.37,30.14,9.89,37.53,-0.18
1981-07-22,0,72.37,30.14,9.89,37.53,-0.18
1981-07-23,0,72.37,30.14,9.89,37.53,-0.18
1981-07-24,0,72.37,30.14,9.89,37.53,-0.18
1981-07-25,0,72.37,30.14,9.89,37.53,-0.18
1981-07-26,0,72.37,30.14,9.89,37.53,-0.18
1981-07-27,0,72.37,30.14,9.89,37.53,-0.18
1981-07-28,0,72.37,30.14,9.89,37.53,-0.18
1981-07-29,0,72.37,30.14,9.89,37.53,-0.18
1981-07-30,0,72.37,30.14,9.89,37.53,-0.18
1981-07-31,0,72.37,30.14,9.89,37.53,-0.18
1981-08-01,0,63.73,20.79,9.89,52.6,-0.18
1981-08-02,0,63.73,20.79,9.89,52.6,-0.18
1981-08-03,0,63.73,20.79,9.89,52.6,-0.18
1981-08-04,0,63.73,20.79,9.89,52.6,-0.18
1981-08-05,0,63.73,20.79,9.89,52.6,-0.4
1981-08-06,0,63.73,20.79,9.89,52.6,-0.4
1981-08-07,0,63.73,20.79,9.89,52.6,-0.4
1981-08-08,0,63.73,20.79,9.89,52.6,-0.4
1981-08-09,0,63.73,20.79,9.89,52.6,-0.4
1981-08-10,0,63.73,20.79,9.89,52.6,-0.4
1981-08-11,0,63.73,20.79,9.89,52.6,-0.4
1981-08-12,0,63.73,20.79,9.89,52.6,-0.4
1981-08-13,0,63.73,20.79,9.89,52.6,-0.4
1981-08-14,0,63.73,20.79,9.89,52.6,-0.4
1981-08-15,0,63.73,20.79,9.89,52.6,-0.4
1981-08-16,0,63.73,20.79,9.89,52.6,-0.4
1981-08-17,0,63.73,20.79,9.89,52.6,-0.4
1981-08-18,0,63.73,20.79,9.89,52.6,-0.4
1981-08-19,0,63.73,20.79,9.89,52.6,-0.4
1981-08-20,0,63.73,20.79,9.89,52.6,-0.4
1981-08-21,0,63.73,20.79,9.89,52.6,-0.4
1981-08-22,0,63.73,20.79,9.89,52.6,-0.4
1981-08-23,0,63.73,20.79,9.89,52.6,-0.4
1981-08-24,0,63.73,20.79,9.89,52.6,-0.4
1981-08-25,0,63.73,20.79,9.89,52.6,-0.4
1981-08-26,0,63.73,20.79,9.89,52.6,-0.4
1981-08-27,0,63.73,20.79,9.89,52.6,-0.4
1981-08-28,0,63.73,20.79,9.89,52.6,-0.4
1981-08-29,0,63.73,20.79,9.89,52.6,-0.4
1981-08-30,0,63.73,20.79,9.89,52.6,-0.4
1981-08-31,0,63.73,20.79,9.89,52.6,-0.4
1981-09-01,0,35.01,3.34,9.89,51.79,-0.4
1981-09-02,0,35.01,3.34,9.89,51.79,-0.61
1981-09-03,0,35.01,3.34,9.89,51.79,-0.61
1981-09-04,0,35.01,3.34,9.89,51.79,-0.61
1981-09-05,0,35.01,3.34,9.89,51.79,-0.61
1981-09-06,0,35.01,3.34,9.89,51.79,-0.61
1981-09-07,0,35.01,3.34,9.89,51.79,-0.61
1981-09-08,0,35.01,3.34,9.89,51.79,-0.61
1981-09-09,0,35.01,3.34,9.89,51.79,-0.61
1981-09-10,0,35.01,3.34,9.89,51.79,-0.61
1981-09-11,0,35.01,3.34,9.89,51.79,-0.61
1981-09-12,0,35.01,3.34,9.89,51.79,-0.61
1981-09-13,0,35.01,3.34,9.89,51.79,-0.61
1981-09-14,0,35.01,3.34,9.89,51.79,-0.61
1981-09-15,0,35.01,3.34,9.89,51.79,-0.61
1981-09-16,0,35.01,3.34,9.89,51.79,-0.61
1981-09-17,0,35.01,3.34,9.89,51.79,-0.61
1981-09-18,0,35.01,3.34,9.89,51.79,-0.61
1981-09-19,0,35.01,3.34,9.89,51.79,-0.61
1981-09-20,0,35.01,3.34,9.89,51.79,-0.61
1981-09-21,0,35.01,3.34,9.89,51.79,-0.61
1981-09-22,0,35.01,3.34,9.89,51.79,-0.61
1981-09-23,0,35.01,3.34,9.89,51.79,-0.61
1981-09-24,0,35.01,3.34,9.89,51.79,-0.61
1981-09-25,0,35.01,3.34,9.89,51.79,-0.61
1981-09-26,0,35.01,3.34,9.89,51.79,-0.61
1981-09-27,0,35.01,3.34,9.89,51.79,-0.61
1981-09-28,0,35.01,3.34,9.89,51.79,-0.61
1981-09-29,0,35.01,3.34,9.89,51.79,-0.61
1981-09-30,0,35.01,3.34,9.89,51.79,-0.61
1981-10-01,0,12.67,0,9.89,20.36,-0.61
1981-10-02,0,12.67,0,9.89,20.36,-0.61
1981-10-03,0,12.67,0,9.89,20.36,-0.96
1981-10-04,0,12.67,0,9.89,20.36,-0.96
1981-10-05,0,12.67,0,9.89,20.36,-0.96
1981-10-06,0,12.67,0,9.89,20.36,-0.96
1981-10-07,0,12.67,0,9.89,20.36,-0.96
1981-10-08,0,12.67,0,9.89,20.36,-0.96
1981-10-09,0,12.67,0,9.89,20.36,-0.96
1981-10-10,0,12.67,0,9.89,20.36,-0.96
1981-10-11,0,12.67,0,9.89,20.36,-0.96
1981-10-12,0,12.67,0,9.89,20.36,-0.96
1981-10-13,0,12.67,0,9.89,20.36,-0.96
1981-10-14,0,12.67,0,9.89,20.36,-0.96
1981-10-15,0,12.67,0,9.89,20.36,-0.96
1981-10-16,0,12.67,0,9.89,20.36,-0.96
1981-10-17,0,12.67,0,9.89,20.36,-0.96
1981-10-18,0,12.67,0,9.89,20.36,-0.96
1981-10-19,0,12.67,0,9.89,20.36,-0.96
1981-10-20,0,12.67,0,9.89,20.36,-0.96
1981-10-21,0,12.67,0,9.89,20.36,-0.96
1981-10-22,0,12.67,0,9.89,20.36,-0.96
1981-10-23,0,12.67,0,9.89,20.36,-0.96
1981-10-24,0,12.67,0,9.89,20.36,-0.96
1981-10-25,0,12.67,0,9.89,20.36,-0.96
1981-10-26,0,12.67,0,9.89,20.36,-0.96
1981-10-27,0,12.67,0,9.89,20.36,-0.96
1981-10-28,0,12.67,0,9.89,20.36,-0.96
1981-10-29,0,12.67,0,9.89,20.36,-0.96
1981-10-30,0,12.67,0,9.89,20.36,-0.96
1981-10-31,0,12.67,0,9.89,20.36,-0.96
1981-11-01,0,3.69,0,13.19,41.9,-0.96
1981-11-02,0,3.69,0,13.19,41.9,-1.67
1981-11-03,0,3.69,0,13.19,41.9,-1.67
1981-11-04,0,3.69,0,13.19,41.9,-1.67
1981-11-05,0,3.69,0,13.19,41.9,-1.67
1981-11-06,0,3.69,0,13.19,41.9,-1.67
1981-11-07,0,3.69,0,13.19,41.9,-1.67
1981-11-08,0,3.69,0,13.19,41.9,-1.67
1981-11-09,0,3.69,0,13.19,41.9,-1.67
1981-11-10,0,3.69,0,13.19,41.9,-1.67
1981-11-11,0,3.69,0,13.19,41.9,-1.67
1981-11-12,0,3.69,0,13.19,41.9,-1.67
1981-11-13,0,3.69,0,13.19,41.9,-1.67
1981-11-14,0,3.69,0,13.19,41.9,-1.67
1981-11-15,0,3.69,0,13.19,41.9,-1.67
1981-11-16,0,3.69,0,13.19,41.9,-1.67
1981-11-17,0,3.69,0,13.19,41.9,-1.67
1981-11-18,0,3.69,0,13.19,41.9,-1.67
1981-11-19,0,3.69,0,13.19,41.9,-1.67
1981-11-20,0,3.69,0,13.19,41.9,-1.67
1981-11-21,0,3.69,0,13.19,41.9,-1.67
1981-11-22,0,3.69,0,13.19,41.9,-1.67
1981-11-23,0,3.69,0,13.19,41.9,-1.67
1981-11-24,0,3.69,0,13.19,41.9,-1.67
1981-11-25,0,3.69,0,13.19,41.9,-1.67
1981-11-26,0,3.69,0,13.19,41.9,-1.67
1981-11-27,0,3.69,0,13.19,41.9,-1.67
1981-11-28,0,3.69,0,13.19,41.9,-1.67
1981-11-29,0,3.69,0,13.19,41.9,-1.67
1981-11-30,0,3.69,0,13.19,41.9,-1.67
1981-12-01,0,2.19,0,3.4,37.93,-1.67
1981-12-02,0,2.19,0,3.4,37.93,-1.67
1981-12-03,0,2.19,0,3.4,37.93,-1.92
1981-12-04,0,2.19,0,3.4,37.93,-1.92
1981-12-05,0,2.19,0,3.4,37.93,-1.92
1981-12-06,0,2.19,0,3.4,37.93,-1.92
1981-12-07,0,2.19,0,3.4,37.93,-1.92
1981-12-08,0,2.19,0,3.4,37.93,-1.92
1981-12-09,0,2.19,0,3.4,37.93,-1.92
1981-12-10,0,2.19,0,3.4,37.93,-1.92
1981-12-11,0,2.19,0,3.4,37.93,-1.92
1981-12-12,0,2.19,0,3.4,37.93,-1.92
1981-12-13,0,2.19,0,3.4,37.93,-1.92
1981-12-14,0,2.19,0,3.4,37.93,-1.92
1981-12-15,0,2.19,0,3.4,37.93,-1.92
1981-12-16,0,2.19,0,3.4,37.93,-1.92
1981-12-17,0,2.19,0,3.4,37.93,-1.92
1981-12-18,0,2.19,0,3.4,37.93,-1.92
1981-12-19,0,2.19,0,3.4,37.93,-1.92
1981-12-20,0,2.19,0,3.4,37.93,-1.92
1981-12-21,0,2.19,0,3.4,37.93,-1.92
1981-12-22,0,2.19,0,3.4,37.93,-1.92
1981-12-23,0,2.19,0,3.4,37.93,-1.92
1981-12-24,0,2.19,0,3.4,37.93,-1.92
1981-12-25,0,2.19,0,3.4,37.93,-1.92
1981-12-26,0,2.19,0,3.4,37.93,-1.92
1981-12-27,0,2.19,0,3.4,37.93,-1.92
1981-12-28,0,2.19,0,3.4,37.93,-1.92
1981-12-29,0,2.19,0,3.4,37.93,-1.92
1981-12-30,0,2.19,0,3.4,37.93,-1.92
1981-12-31,0,2.19,0,3.4,37.93,-1.92
1982-01-01,0,2.19,0,2.8,61,-1.92
1982-01-02,0,2.19,0,2.8,61,-2.39
1982-01-03,0,2.19,0,2.8,61,-2.39
1982-01-04,0,2.19,0,2.8,61,-2.39
1982-01-05,0,2.19,0,2.8,61,-2.39
1982-01-06,0,2.19,0,2.8,61,-2.39
1982-01-07,0,2.19,0,2.8,61,-2.39
1982-01-08,0,2.19,0,2.8,61,-2.39
1982-01-09,0,2.19,0,2.8,61,-2.39
1982-01-10,0,2.19,0,2.8,61,-2.39
1982-01-11,0,2.19,0,2.8,61,-2.39
1982-01-12,0,2.19,0,2.8,61,-2.39
1982-01-13,0,2.19,0,2.8,61,-2.39
1982-01-14,0,2.19,0,2.8,61,-2.39
1982-01-15,0,2.19,0,2.8,61,-2.39
1982-01-16,0,2.19,0,2.8,61,-2.39
1982-01-17,0,2.19,0,2.8,61,-2.39
1982-01-18,0,2.19,0,2.8,61,-2.39
1982-01-19,0,2.19,0,2.8,61,-2.39
1982-01-20,0,2.19,0,2.8,61,-2.39
1982-01-21,0,2.19,0,2.8,61,-2.39
1982-01-22,0,2.19,0,2.8,61,-2.39
1982-01-23,0,2.19,0,2.8,61,-2.39
1982-01-24,0,2.19,0,2.8,61,-2.39
1982-01-25,0,2.19,0,2.8,61,-2.39
1982-01-26,0,2.19,0,2.8,61,-2.39
1982-01-27,0,2.19,0,2.8,61,-2.39
1982-01-28,0,2.19,0,2.8,61,-2.39
1982-01-29,0,2.19,0,2.8,61,-2.39
1982-01-30,0,2.19,0,2.8,61,-2.39
1982-01-31,0,2.19,0,2.8,61,-2.39
1982-02-01,0,46.48,2.18,17.33,90.22,-2.39
1982-02-02,0,46.48,2.18,17.33,90.22,-1.98
1982-02-03,0,46.48,2.18,17.33,90.22,-1.98
1982-02-04,0,46.48,2.18,17.33,90.22,-1.98
1982-02-05,0,46.48,2.18,17.33,90.22,-1.98
1982-02-06,0,46.48,2.18,17.33,90.22,-1.98
1982-02-07,0,46.48,2.18,17.33,90.22,-1.98
1982-02-08,0,46.48,2.18,17.33,90.22,-1.98
1982-02-09,0,46.48,2.18,17.33,90.22,-1.98
1982-02-10,0,46.48,2.18,17.33,90.22,-1.98
1982-02-11,0,46.48,2.18,17.33,90.22,-1.98
1982-02-12,0,46.48,2.18,17.33,90.22,-1.98
1982-02-13,0,46.48,2.18,17.33,90.22,-1.98
1982-02-14,0,46.48,2.18,17.33,90.22,-1.98
1982-02-15,0,46.48,2.18,17.33,90.22,-1.98
1982-02-16,0,46.48,2.18,17.33,90.22,-1.98
1982-02-17,0,46.48,2.18,17.33,90.22,-1.98
1982-02-18,0,46.48,2.18,17.33,90.22,-1.98
1982-02-19,0,46.48,3.41,32.15,90.22,-1.98
1982-02-20,0,46.48,4,39.33,90.22,-1.98
1982-02-21,0,46.48,4,39.33,90.22,-1.98
1982-02-22,0,46.48,4,39.33,90.22,-1.98
1982-02-23,0,46.48,4,39.33,90.22,-1.98
1982-02-24,0,46.48,4,39.33,90.22,-1.98
1982-02-25,0,46.48,4,39.33,90.22,-1.98
1982-02-26,0,46.48,4,39.33,90.22,-1.98
1982-02-27,0,46.48,4,39.33,90.22,-1.98
1982-02-28,0,46.48,4,39.33,90.22,-1.98
1982-03-01,0,65.32,0.35,34.71,101,-1.98
1982-03-02,0,65.32,0.35,34.71,101,-1.98
1982-03-03,0,65.32,0.35,34.71,101,-1.98
1982-03-04,0,65.32,0.35,34.71,101,-1.98
1982-03-05,0,65.32,0.35,34.71,101,-1.4
1982-03-06,0,65.32,0.35,34.71,101,-1.4
1982-03-07,0,65.32,0.35,34.71,101,-1.4
1982-03-08,0,65.32,0.35,34.71,101,-1.4
1982-03-09,0,65.32,0.35,34.71,101,-1.4
1982-03-10,0,65.32,0.35,34.71,101,-1.4
1982-03-11,0,65.32,0.35,34.71,101,-1.4
1982-03-12,0,65.32,0.35,34.71,101,-1.4
1982-03-13,0,65.32,0.35,34.71,101,-1.4
1982-03-14,0,65.32,0.35,34.71,101,-1.4
1982-03-15,0,65.32,0.35,34.71,101,-1.4
1982-03-16,0,65.32,0.35,34.71,101,-1.4
1982-03-17,0,65.32,0.28,33.86,101,-1.4
1982-03-18,0,65.32,0.28,33.86,101,-1.4
1982-03-19,0,65.32,0.28,33.86,101,-1.4
1982-03-20,0,65.32,0.28,33.86,101,-1.4
1982-03-21,0,65.32,0.28,33.86,101,-1.4
1982-03-22,0,65.32,0.28,33.86,101,-1.4
1982-03-23,0,65.32,0.28,33.86,101,-1.4
1982-03-24,0,65.32,0.28,33.86,101,-1.4
1982-03-25,0,65.32,0.28,33.86,101,-1.4
1982-03-26,0,65.32,0.28,33.86,101,-1.4
1982-03-27,0,65.32,0.28,33.86,101,-1.4
1982-03-28,0,65.32,0.28,33.86,101,-1.4
1982-03-29,0,65.32,0.28,33.86,101,-1.4
1982-03-30,0,65.32,0.28,33.86,101,-1.4
1982-03-31,0,65.32,0.28,33.86,101,-1.4
1982-04-01,0,15.33,3.97,125.71,215.82,-1.4
1982-04-02,0,15.33,3.97,125.71,215.82,-1.4
1982-04-03,0,15.33,3.97,125.71,215.82,-1.4
1982-04-04,0,15.33,3.97,125.71,215.82,-0.9
1982-04-05,0,15.33,3.97,125.71,215.82,-0.9
1982-04-06,0,15.33,3.97,125.71,215.82,-0.9
1982-04-07,0,15.33,3.97,125.71,215.82,-0.9
1982-04-08,0,15.33,3.97,125.71,215.82,-0.9
1982-04-09,0,15.33,3.97,125.71,215.82,-0.9
1982-04-10,0,15.33,3.97,125.71,215.82,-0.9
1982-04-11,0,15.33,3.97,125.71,215.82,-0.9
1982-04-12,0,15.33,6.13,151.76,215.82,-0.9
1982-04-13,0,15.33,6.81,171.07,215.82,-0.9
1982-04-14,0,15.33,6.81,171.07,215.82,-0.9
1982-04-15,0,15.33,6.81,171.07,215.82,-0.9
1982-04-16,0,15.33,6.81,171.07,215.82,-0.9
1982-04-17,0,15.33,6.81,171.07,215.82,-0.9
1982-04-18,0,15.33,6.81,171.07,215.82,-0.9
1982-04-19,0,15.33,6.81,171.07,215.82,-0.9
1982-04-20,0,15.33,6.81,171.07,215.82,-0.9
1982-04-21,0,15.33,6.81,171.07,215.82,-0.9
1982-04-22,0,15.33,6.81,171.07,215.82,-0.9
1982-04-23,0,15.33,6.81,171.07,215.82,-0.9
1982-04-24,0,15.33,6.81,171.07,215.82,-0.9
1982-04-25,0,15.33,6.81,171.07,215.82,-0.9
1982-04-26,0,15.33,6.81,171.07,215.82,-0.9
1982-04-27,0,15.33,6.81,171.07,215.82,-0.9
1982-04-28,0,15.33,6.81,171.07,215.82,-0.9
1982-04-29,0,15.33,6.81,171.07,215.82,-0.9
1982-04-30,0,15.33,6.81,171.07,215.82,-0.9
1982-05-01,0,82.87,33.98,133.5,252.02,-0.9
1982-05-02,0,82.87,33.98,133.5,252.02,-0.9
1982-05-03,0,82.87,33.98,133.5,252.02,-0.9
1982-05-04,0,82.87,33.98,133.5,252.02,-0.9
1982-05-05,0,82.87,33.98,133.5,252.02,-0.38
1982-05-06,0,82.87,33.98,133.5,252.02,-0.38
1982-05-07,0,82.87,33.98,133.5,252.02,-0.38
1982-05-08,0,82.87,33.98,133.5,252.02,-0.38
1982-05-09,0,82.87,33.98,133.5,252.02,-0.38
1982-05-10,0,82.87,33.98,133.5,252.02,-0.38
1982-05-11,0,82.87,33.98,133.5,252.02,-0.38
1982-05-12,0,82.87,33.98,133.5,252.02,-0.38
1982-05-13,0,82.87,33.98,133.5,252.02,-0.38
1982-05-14,0,82.87,33.98,133.5,252.02,-0.38
1982-05-15,0,82.87,33.98,133.5,252.02,-0.38
1982-05-16,0,82.87,33.98,133.5,252.02,-0.38
1982-05-17,0,82.87,33.98,133.5,252.02,-0.38
1982-05-18,0,82.87,33.98,133.5,252.02,-0.38
1982-05-19,0,82.87,33.98,133.5,252.02,-0.38
1982-05-20,0,82.87,33.98,133.5,252.02,-0.38
1982-05-21,0,82.87,33.98,133.5,252.02,-0.38
1982-05-22,0,82.87,33.98,133.5,252.02,-0.38
1982-05-23,0,82.87,33.98,133.5,252.02,-0.38
1982-05-24,0,82.87,33.98,133.5,252.02,-0.38
1982-05-25,0,82.87,33.98,133.5,252.02,-0.38
1982-05-26,0,82.87,33.98,133.5,252.02,-0.38
1982-05-27,0,82.87,33.98,133.5,252.02,-0.38
1982-05-28,0,82.87,33.98,133.5,252.02,-0.38
1982-05-29,0,82.87,33.98,133.5,252.02,-0.38
1982-05-30,0,82.87,33.98,133.5,252.02,-0.38
1982-05-31,0,82.87,33.98,133.5,252.02,-0.38
1982-06-01,0,126.31,35.4,88.31,251.93,-0.38
1982-06-02,0,126.31,35.4,88.31,251.93,-0.38
1982-06-03,0,126.31,35.4,88.31,251.93,-0.38
1982-06-04,0,126.31,35.4,88.31,251.93,-0.22
1982-06-05,0,126.31,35.4,88.31,251.93,-0.22
1982-06-06,0,126.31,35.4,88.31,251.93,-0.22
1982-06-07,0,126.31,35.4,88.31,251.93,-0.22
1982-06-08,0,126.31,35.4,88.31,251.93,-0.22
1982-06-09,0,126.31,35.4,88.31,251.93,-0.22
1982-06-10,0,126.31,35.4,88.31,251.93,-0.22
1982-06-11,0,126.31,35.4,88.31,251.93,-0.22
1982-06-12,0,126.31,35.4,88.31,251.93,-0.22
1982-06-13,0,126.31,35.4,88.31,251.93,-0.22
1982-06-14,0,126.31,35.4,88.31,251.93,-0.22
1982-06-15,0,126.31,35.4,88.31,251.93,-0.22
1982-06-16,0,126.31,35.4,88.31,251.93,-0.22
1982-06-17,0,126.31,35.4,88.31,251.93,-0.22
1982-06-18,0,126.31,35.4,88.31,251.93,-0.22
1982-06-19,0,126.31,35.4,88.31,251.93,-0.22
1982-06-20,0,126.31,35.4,88.31,251.93,-0.22
1982-06-21,0,126.31,35.4,88.31,251.93,-0.22
1982-06-22,0,126.31,35.4,88.31,251.93,-0.22
1982-06-23,0,126.31,35.4,88.31,251.93,-0.22
1982-06-24,0,126.31,35.4,88.31,251.93,-0.22
1982-06-25,0,126.31,35.4,88.31,251.93,-0.22
1982-06-26,0,126.31,35.4,88.31,251.93,-0.22
1982-06-27,0,126.31,35.4,88.31,251.93,-0.22
1982-06-28,0,126.31,35.4,88.31,251.93,-0.22
1982-06-29,0,126.31,35.4,88.31,251.93,-0.22
1982-06-30,0,126.31,35.4,88.31,251.93,-0.22
1982-07-01,0,112.38,35.4,9.89,159.75,-0.22
1982-07-02,0,112.38,35.4,9.89,159.75,-0.22
1982-07-03,0,112.38,35.4,9.89,159.75,-0.22
1982-07-04,0,112.38,35.4,9.89,159.75,-0.22
1982-07-05,0,112.38,35.4,9.89,159.75,-0.21
1982-07-06,0,112.38,35.4,9.89,159.75,-0.21
1982-07-07,0,112.38,35.4,9.89,159.75,-0.21
1982-07-08,0,112.38,35.4,9.89,159.75,-0.21
1982-07-09,0,112.38,35.4,9.89,159.75,-0.21
1982-07-10,0,112.38,35.4,9.89,159.75,-0.21
1982-07-11,0,112.38,35.4,9.89,159.75,-0.21
1982-07-12,0,112.38,35.4,9.89,159.75,-0.21
1982-07-13,0,112.38,35.4,9.89,159.75,-0.21
1982-07-14,0,112.38,35.4,9.89,159.75,-0.21
1982-07-15,0,112.38,35.4,9.89,159.75,-0.21
1982-07-16,0,112.38,35.4,9.89,159.75,-0.21
1982-07-17,0,112.38,35.4,9.89,159.75,-0.21
1982-07-18,0,112.38,35.4,9.89,159.75,-0.21
1982-07-19,0,112.38,35.4,9.89,159.75,-0.21
1982-07-20,0,112.38,35.4,9.89,159.75,-0.21
1982-07-21,0,112.38,35.4,9.89,159.75,-0.21
1982-07-22,0,112.38,35.4,9.89,159.75,-0.21
1982-07-23,0,112.38,35.4,9.89,159.75,-0.21
1982-07-24,0,112.38,35.4,9.89,159.75,-0.21
1982-07-25,0,112.38,35.4,9.89,159.75,-0.21
1982-07-26,0,112.38,35.4,9.89,159.75,-0.21
1982-07-27,0,112.38,35.4,9.89,159.75,-0.21
1982-07-28,0,112.38,35.4,9.89,159.75,-0.21
1982-07-29,0,112.38,35.4,9.89,159.75,-0.21
1982-07-30,0,112.38,35.4,9.89,159.75,-0.21
1982-07-31,0,112.38,35.4,9.89,159.75,-0.21
1982-08-01,0,100.89,35.4,9.89,109.75,-0.21
1982-08-02,0,100.89,35.4,9.89,109.75,-0.21
1982-08-03,0,100.89,35.4,9.89,109.75,-0.21
1982-08-04,0,100.89,35.4,9.89,109.75,-0.21
1982-08-05,0,100.89,35.4,9.89,109.75,-0.4
1982-08-06,0,100.89,35.4,9.89,109.75,-0.4
1982-08-07,0,100.89,35.4,9.89,109.75,-0.4
1982-08-08,0,100.89,35.4,9.89,109.75,-0.4
1982-08-09,0,100.89,35.4,9.89,109.75,-0.4
1982-08-10,0,100.89,35.4,9.89,109.75,-0.4
1982-08-11,0,100.89,35.4,9.89,109.75,-0.4
1982-08-12,0,100.89,35.4,9.89,109.75,-0.4
1982-08-13,0,100.89,35.4,9.89,109.75,-0.4
1982-08-14,0,100.89,35.4,9.89,109.75,-0.4
1982-08-15,0,100.89,35.4,9.89,109.75,-0.4
1982-08-16,0,100.89,35.4,9.89,109.75,-0.4
1982-08-17,0,100.89,35.4,9.89,109.75,-0.4
1982-08-18,0,100.89,35.4,9.89,109.75,-0.4
1982-08-19,0,100.89,35.4,9.89,109.75,-0.4
1982-08-20,0,100.89,35.4,9.89,109.75,-0.4
1982-08-21,0,100.89,35.4,9.89,109.75,-0.4
1982-08-22,0,100.89,35.4,9.89,109.75,-0.4
1982-08-23,0,100.89,35.4,9.89,109.75,-0.4
1982-08-24,0,100.89,35.4,9.89,109.75,-0.4
1982-08-25,0,100.89,35.4,9.89,109.75,-0.4
1982-08-26,0,100.89,35.4,9.89,109.75,-0.4
1982-08-27,0,100.89,35.4,9.89,109.75,-0.4
1982-08-28,0,100.89,35.4,9.89,109.75,-0.4
1982-08-29,0,100.89,35.4,9.89,109.75,-0.4
1982-08-30,0,100.89,35.4,9.89,109.75,-0.4
1982-08-31,0,100.89,35.4,9.89,109.75,-0.4
1982-09-01,0,62.22,15.35,9.89,88.85,-0.4
1982-09-02,0,62.22,15.35,9.89,88.85,-0.62
1982-09-03,0,62.22,15.35,9.89,88.85,-0.62
1982-09-04,0,62.22,15.35,9.89,88.85,-0.62
1982-09-05,0,62.22,15.35,9.89,88.85,-0.62
1982-09-06,0,62.22,15.35,9.89,88.85,-0.62
1982-09-07,0,62.22,15.35,9.89,88.85,-0.62
1982-09-08,0,62.22,15.35,9.89,88.85,-0.62
1982-09-09,0,62.22,15.35,9.89,88.85,-0.62
1982-09-10,0,62.22,15.35,9.89,88.85,-0.62
1982-09-11,0,62.22,15.35,9.89,88.85,-0.62
1982-09-12,0,62.22,15.35,9.89,88.85,-0.62
1982-09-13,0,62.22,15.35,9.89,88.85,-0.62
1982-09-14,0,62.22,15.35,9.89,88.85,-0.62
1982-09-15,0,62.22,15.35,9.89,88.85,-0.62
1982-09-16,0,62.22,15.35,9.89,88.85,-0.62
1982-09-17,0,62.22,15.35,9.89,88.85,-0.62
1982-09-18,0,62.22,15.35,9.89,88.85,-0.62
1982-09-19,0,62.22,15.35,9.89,88.85,-0.62
1982-09-20,0,62.22,15.35,9.89,88.85,-0.62
1982-09-21,0,62.22,15.35,9.89,88.85,-0.62
1982-09-22,0,62.22,15.35,9.89,88.85,-0.62
1982-09-23,0,62.22,15.35,9.89,88.85,-0.62
1982-09-24,0,62.22,15.35,9.89,88.85,-0.62
1982-09-25,0,62.22,15.35,9.89,88.85,-0.62
1982-09-26,0,62.22,15.35,9.89,88.85,-0.62
1982-09-27,0,62.22,15.35,9.89,88.85,-0.62
1982-09-28,0,62.22,15.35,9.89,88.85,-0.62
1982-09-29,0,62.22,15.35,9.89,88.85,-0.62
1982-09-30,0,62.22,15.35,9.89,88.85,-0.62
1982-10-01,0,59.26,6.83,9.89,103.62,-0.62
1982-10-02,0,59.26,6.83,9.89,103.62,-0.62
1982-10-03,0,59.26,6.83,9.89,103.62,-0.76
1982-10-04,0,59.26,6.83,9.89,103.62,-0.76
1982-10-05,0,59.26,6.83,9.89,103.62,-0.76
1982-10-06,0,59.26,6.83,9.89,103.62,-0.76
1982-10-07,0,59.26,6.83,9.89,103.62,-0.76
1982-10-08,0,59.26,6.83,9.89,103.62,-0.76
1982-10-09,0,59.26,6.83,9.89,103.62,-0.76
1982-10-10,0,59.26,6.83,9.89,103.62,-0.76
1982-10-11,0,59.26,6.83,9.89,103.62,-0.76
1982-10-12,0,59.26,6.83,9.89,103.62,-0.76
1982-10-13,0,59.26,6.83,9.89,103.62,-0.76
1982-10-14,0,59.26,6.83,9.89,103.62,-0.76
1982-10-15,0,59.26,6.83,9.89,103.62,-0.76
1982-10-16,0,59.26,6.83,9.89,103.62,-0.76
1982-10-17,0,59.26,6.83,9.89,103.62,-0.76
1982-10-18,0,59.26,7.94,23.27,103.62,-0.76
1982-10-19,0,59.26,9.66,74.56,103.62,-0.76
1982-10-20,0,59.26,9.66,74.56,103.62,-0.76
1982-10-21,0,59.26,9.66,74.56,103.62,-0.76
1982-10-22,0,59.26,9.66,74.56,103.62,-0.76
1982-10-23,0,59.26,9.66,74.56,103.62,-0.76
1982-10-24,0,59.26,9.66,74.56,103.62,-0.76
1982-10-25,0,59.26,9.66,74.56,103.62,-0.76
1982-10-26,0,59.26,9.66,74.56,103.62,-0.76
1982-10-27,0,59.26,9.66,74.56,103.62,-0.76
1982-10-28,0,59.26,9.66,74.56,103.62,-0.76
1982-10-29,0,59.26,9.66,74.56,103.62,-0.76
1982-10-30,0,59.26,9.66,65.35,103.62,-0.76
1982-10-31,0,59.26,8.87,34.59,103.62,-0.76
1982-11-01,0,41.82,2.6,43.19,87.99,-0.76
1982-11-02,0,41.82,2.6,43.19,87.99,-0.92
1982-11-03,0,41.82,2.6,43.19,87.99,-0.92
1982-11-04,0,41.82,2.6,43.19,87.99,-0.92
1982-11-05,0,41.82,2.6,43.19,87.99,-0.92
1982-11-06,0,41.82,2.6,43.19,87.99,-0.92
1982-11-07,0,41.82,2.6,43.19,87.99,-0.92
1982-11-08,0,41.82,2.6,43.19,87.99,-0.92
1982-11-09,0,41.82,2.6,43.19,87.99,-0.92
1982-11-10,0,41.82,2.6,43.19,87.99,-0.92
1982-11-11,0,41.82,2.6,43.19,87.99,-0.92
1982-11-12,0,41.82,2.6,43.19,87.99,-0.92
1982-11-13,0,41.82,2.6,43.19,87.99,-0.92
1982-11-14,0,41.82,2.6,43.19,87.99,-0.92
1982-11-15,0,41.82,2.6,43.19,87.99,-0.92
1982-11-16,0,41.82,2.6,43.19,87.99,-0.92
1982-11-17,0,41.82,2.6,43.19,87.99,-0.92
1982-11-18,0,41.82,2.6,43.19,87.99,-0.92
1982-11-19,0,41.82,2.6,43.19,87.99,-0.92
1982-11-20,0,41.82,2.6,43.19,87.99,-0.92
1982-11-21,0,41.82,2.6,43.19,87.99,-0.92
1982-11-22,0,41.82,2.6,43.19,87.99,-0.92
1982-11-23,0,41.82,2.6,43.19,87.99,-0.92
1982-11-24,0,41.82,2.6,43.19,87.99,-0.92
1982-11-25,0,41.82,2.6,43.19,87.99,-0.92
1982-11-26,0,41.82,2.6,43.19,87.99,-0.92
1982-11-27,0,41.82,2.6,43.19,87.99,-0.92
1982-11-28,0,41.82,2.6,66.54,87.99,-0.92
1982-11-29,0,41.82,2.6,81.06,87.99,-0.92
1982-11-30,0,41.82,2.6,81.06,87.99,-0.92
1982-12-01,0,4.27,6.56,97.1,101.66,-0.92
1982-12-02,0,4.27,6.56,97.1,101.66,-0.92
1982-12-03,0,4.27,6.56,97.1,101.66,-1.74
1982-12-04,0,4.27,6.56,97.1,101.66,-1.74
1982-12-05,0,4.27,6.56,97.1,101.66,-1.74
1982-12-06,0,4.27,6.56,97.1,101.66,-1.74
1982-12-07,0,4.27,6.56,97.1,101.66,-1.74
1982-12-08,0,4.27,6.56,97.1,101.66,-1.74
1982-12-09,0,4.27,6.56,97.1,101.66,-1.74
1982-12-10,0,4.27,6.56,97.1,101.66,-1.74
1982-12-11,0,4.27,6.56,97.1,101.66,-1.74
1982-12-12,0,4.27,6.56,97.1,101.66,-1.74
1982-12-13,0,4.27,6.56,97.1,101.66,-1.74
1982-12-14,0,4.27,6.56,97.1,101.66,-1.74
1982-12-15,0,4.27,6.56,97.1,101.66,-1.74
1982-12-16,0,4.27,6.56,97.1,101.66,-1.74
1982-12-17,0,4.27,6.56,97.1,101.66,-1.74
1982-12-18,0,4.27,6.56,97.1,101.66,-1.74
1982-12-19,0,4.27,6.56,97.1,101.66,-1.74
1982-12-20,0,4.27,6.56,97.1,101.66,-1.74
1982-12-21,0,4.27,6.56,97.1,101.66,-1.74
1982-12-22,0,4.27,6.56,97.1,101.66,-1.74
1982-12-23,0,4.27,6.56,97.1,101.66,-1.74
1982-12-24,0,4.27,6.56,97.1,101.66,-1.74
1982-12-25,0,4.27,6.56,97.1,101.66,-1.74
1982-12-26,0,4.27,6.56,97.1,101.66,-1.74
1982-12-27,0,4.27,6.56,97.1,101.66,-1.74
1982-12-28,0,4.27,6.56,97.1,101.66,-1.74
1982-12-29,0,4.27,6.56,97.1,101.66,-1.74
1982-12-30,0,4.27,6.56,97.1,101.66,-1.74
1982-12-31,0,4.27,6.56,97.1,101.66,-1.74
1983-01-01,0,3.18,7.04,103.38,111.21,-1.74
1983-01-02,0,3.18,7.04,103.38,111.21,-2.36
1983-01-03,0,3.18,7.04,103.38,111.21,-2.36
1983-01-04,0,3.18,7.04,103.38,111.21,-2.36
1983-01-05,0,3.18,7.04,103.38,111.21,-2.36
1983-01-06,0,3.18,7.04,103.38,111.21,-2.36
1983-01-07,0,3.18,7.04,103.38,111.21,-2.36
1983-01-08,0,3.18,7.04,103.38,111.21,-2.36
1983-01-09,0,3.18,7.04,103.38,111.21,-2.36
1983-01-10,0,3.18,7.04,103.38,111.21,-2.36
1983-01-11,0,3.18,7.04,103.38,111.21,-2.36
1983-01-12,0,3.18,7.04,103.38,111.21,-2.36
1983-01-13,0,3.18,7.04,103.38,111.21,-2.36
1983-01-14,0,3.18,7.04,103.38,111.21,-2.36
1983-01-15,0,3.18,7.04,103.38,111.21,-2.36
1983-01-16,0,3.18,7.04,103.38,111.21,-2.36
1983-01-17,0,3.18,7.04,103.38,111.21,-2.36
1983-01-18,0,3.18,7.04,103.38,111.21,-2.36
1983-01-19,0,3.18,7.04,103.38,111.21,-2.36
1983-01-20,0,3.18,7.04,103.38,111.21,-2.36
1983-01-21,0,3.18,7.04,103.38,111.21,-2.36
1983-01-22,0,3.18,7.04,103.38,111.21,-2.36
1983-01-23,0,3.18,7.04,103.38,111.21,-2.36
1983-01-24,0,3.18,7.04,103.38,111.21,-2.36
1983-01-25,0,3.18,7.04,103.38,111.21,-2.36
1983-01-26,0,3.18,7.04,103.38,111.21,-2.36
1983-01-27,0,3.18,7.04,103.38,111.21,-2.36
1983-01-28,0,3.18,7.04,103.38,111.21,-2.36
1983-01-29,0,3.18,7.04,103.38,111.21,-2.36
1983-01-30,0,3.18,7.04,103.38,111.21,-2.36
1983-01-31,0,3.18,7.04,103.38,111.21,-2.36
1983-02-01,0,16.07,0.63,103.81,134.78,-2.36
1983-02-02,0,16.07,0.63,103.81,134.78,-2.05
1983-02-03,0,16.07,0.63,103.81,134.78,-2.05
1983-02-04,0,16.07,0.63,103.81,134.78,-2.05
1983-02-05,0,16.07,0.63,103.81,134.78,-2.05
1983-02-06,0,16.07,0.63,103.81,134.78,-2.05
1983-02-07,0,16.07,0.63,103.81,134.78,-2.05
1983-02-08,0,16.07,0.63,103.81,134.78,-2.05
1983-02-09,0,16.07,0.63,103.81,134.78,-2.05
1983-02-10,0,16.07,0.63,103.81,134.78,-2.05
1983-02-11,0,16.07,0.63,103.81,134.78,-2.05
1983-02-12,0,16.07,0.63,103.81,134.78,-2.05
1983-02-13,0,16.07,0.63,103.81,134.78,-2.05
1983-02-14,0,16.07,0.63,103.81,134.78,-2.05
1983-02-15,0,16.07,0.63,103.81,134.78,-2.05
1983-02-16,0,16.07,0.63,103.81,134.78,-2.05
1983-02-17,0,16.07,0.63,103.81,134.78,-2.05
1983-02-18,0,16.07,0.63,103.81,134.78,-2.05
1983-02-19,0,16.07,0.63,103.81,134.78,-2.05
1983-02-20,0,16.07,0.63,103.81,134.78,-2.05
1983-02-21,0,16.07,0.63,103.81,134.78,-2.05
1983-02-22,0,16.07,0.63,103.81,134.78,-2.05
1983-02-23,0,16.07,0.63,103.81,134.78,-2.05
1983-02-24,0,16.07,0.63,103.81,134.78,-2.05
1983-02-25,0,16.07,0.63,103.81,134.78,-2.05
1983-02-26,0,16.07,0.63,103.81,134.78,-2.05
1983-02-27,0,16.07,0.63,103.81,134.78,-2.05
1983-02-28,0,16.07,1.2,110.61,134.78,-2.05
1983-03-01,0,2.59,0.9,168.89,173,-2.05
1983-03-02,0,2.59,0.9,168.89,173,-2.05
1983-03-03,0,2.59,0.9,168.89,173,-2.05
1983-03-04,0,2.59,0.9,168.89,173,-2.05
1983-03-05,0,2.59,0.9,168.89,173,-1.5
1983-03-06,0,2.59,0.9,168.89,173,-1.5
1983-03-07,0,2.59,0.9,168.89,173,-1.5
1983-03-08,0,2.59,0.9,168.89,173,-1.5
1983-03-09,0,2.59,0.9,168.89,173,-1.5
1983-03-10,0,2.59,0.9,168.89,173,-1.5
1983-03-11,0,2.59,0.9,168.89,173,-1.5
1983-03-12,0,2.59,0.9,168.89,173,-1.5
1983-03-13,0,2.59,0.9,168.89,173,-1.5
1983-03-14,0,2.59,0.9,168.89,173,-1.5
1983-03-15,0,2.59,0.9,168.89,173,-1.5
1983-03-16,0,2.59,0.9,168.89,173,-1.5
1983-03-17,0,2.59,0,158.05,173,-1.5
1983-03-18,0,2.59,0,158.05,173,-1.5
1983-03-19,0,2.59,0,158.05,173,-1.5
1983-03-20,0,2.59,0,158.05,173,-1.5
1983-03-21,0,2.59,0,158.05,173,-1.5
1983-03-22,0,2.59,0,158.05,173,-1.5
1983-03-23,0,2.59,0,158.05,173,-1.5
1983-03-24,0,2.59,0,158.05,173,-1.5
1983-03-25,0,2.59,0,158.05,173,-1.5
1983-03-26,0,2.59,0,158.05,173,-1.5
1983-03-27,0,2.59,0,158.05,173,-1.5
1983-03-28,0,2.59,0,158.05,173,-1.5
1983-03-29,0,2.59,0,158.05,173,-1.5
1983-03-30,0,2.59,0,158.05,173,-1.5
1983-03-31,0,2.59,0,158.05,173,-1.5
1983-04-01,0,27.08,1.27,211.42,148.81,-1.5
1983-04-02,0,27.08,1.27,211.42,148.81,-1.5
1983-04-03,0,27.08,1.27,211.42,148.81,-1.5
1983-04-04,0,27.08,1.27,211.42,148.81,-0.89
1983-04-05,0,27.08,1.27,211.42,148.81,-0.89
1983-04-06,0,27.08,1.27,211.42,148.81,-0.89
1983-04-07,0,27.08,1.27,211.42,148.81,-0.89
1983-04-08,0,27.08,1.27,211.42,148.81,-0.89
1983-04-09,0,27.08,1.27,211.42,148.81,-0.89
1983-04-10,0,27.08,1.27,211.42,148.81,-0.89
1983-04-11,0,27.08,1.27,211.42,148.81,-0.89
1983-04-12,0,27.08,1.27,211.42,148.81,-0.89
1983-04-13,0,27.08,1.27,211.42,148.81,-0.89
1983-04-14,0,27.08,1.27,211.42,148.81,-0.89
1983-04-15,0,27.08,1.27,211.42,148.81,-0.89
1983-04-16,0,27.08,1.27,211.42,148.81,-0.89
1983-04-17,0,27.08,1.27,211.42,148.81,-0.89
1983-04-18,0,27.08,1.27,211.42,148.81,-0.89
1983-04-19,0,27.08,1.27,211.42,148.81,-0.89
1983-04-20,0,27.08,1.27,211.42,148.81,-0.89
1983-04-21,0,27.08,1.27,211.42,148.81,-0.89
1983-04-22,0,27.08,1.27,211.42,148.81,-0.89
1983-04-23,0,27.08,1.27,211.42,148.81,-0.89
1983-04-24,0,27.08,1.27,211.42,148.81,-0.89
1983-04-25,0,27.08,1.27,211.42,148.81,-0.89
1983-04-26,0,27.08,1.27,211.42,148.81,-0.89
1983-04-27,0,27.08,1.27,211.42,148.81,-0.89
1983-04-28,0,27.08,1.27,211.42,148.81,-0.89
1983-04-29,0,27.08,1.27,211.42,148.81,-0.89
1983-04-30,0,27.08,1.27,211.42,148.81,-0.89
1983-05-01,0,41.92,35.4,217.1,244.41,-0.89
1983-05-02,0,41.92,35.4,217.1,244.41,-0.89
1983-05-03,0,41.92,35.4,217.1,244.41,-0.89
1983-05-04,0,41.92,35.4,217.1,244.41,-0.89
1983-05-05,0,41.92,35.4,217.1,244.41,-0.38
1983-05-06,0,41.92,35.4,217.1,244.41,-0.38
1983-05-07,0,41.92,35.4,217.1,244.41,-0.38
1983-05-08,0,41.92,35.4,217.1,244.41,-0.38
1983-05-09,0,41.92,35.4,217.1,244.41,-0.38
1983-05-10,0,41.92,35.4,217.1,244.41,-0.38
1983-05-11,0,41.92,35.4,217.1,244.41,-0.38
1983-05-12,0,41.92,35.4,217.1,244.41,-0.38
1983-05-13,0,41.92,35.4,217.1,244.41,-0.38
1983-05-14,0,41.92,35.4,217.1,244.41,-0.38
1983-05-15,0,41.92,35.4,217.1,244.41,-0.38
1983-05-16,0,41.92,35.4,217.1,244.41,-0.38
1983-05-17,0,41.92,35.4,217.1,244.41,-0.38
1983-05-18,0,41.92,35.4,217.1,244.41,-0.38
1983-05-19,0,41.92,35.4,217.1,244.41,-0.38
1983-05-20,0,41.92,35.4,217.1,244.41,-0.38
1983-05-21,0,41.92,35.4,217.1,244.41,-0.38
1983-05-22,0,41.92,35.4,217.1,244.41,-0.38
1983-05-23,0,41.92,35.4,217.1,244.41,-0.38
1983-05-24,0,41.92,35.4,217.1,244.41,-0.38
1983-05-25,0,41.92,35.4,217.1,244.41,-0.38
1983-05-26,0,41.92,35.4,217.1,244.41,-0.38
1983-05-27,0,41.92,35.4,217.1,244.41,-0.38
1983-05-28,0,41.92,35.4,217.1,244.41,-0.38
1983-05-29,0,41.92,35.4,217.1,244.41,-0.38
1983-05-30,0,41.92,35.4,217.1,244.41,-0.38
1983-05-31,0,41.92,35.4,217.1,244.41,-0.38
1983-06-01,0,66.57,35.4,141.81,532.66,-0.38
1983-06-02,0,66.57,35.4,141.81,532.66,-0.38
1983-06-03,0,66.57,35.4,141.81,532.66,-0.38
1983-06-04,0,66.57,35.4,141.81,532.66,-0.23
1983-06-05,0,66.57,35.4,141.81,532.66,-0.23
1983-06-06,0,66.57,35.4,141.81,532.66,-0.23
1983-06-07,0,66.57,35.4,141.81,532.66,-0.23
1983-06-08,0,66.57,35.4,141.81,532.66,-0.23
1983-06-09,0,66.57,35.4,141.81,532.66,-0.23
1983-06-10,0,66.57,35.4,141.81,532.66,-0.23
1983-06-11,0,66.57,35.4,141.81,532.66,-0.23
1983-06-12,0,66.57,35.4,141.81,532.66,-0.23
1983-06-13,0,66.57,35.4,141.81,532.66,-0.23
1983-06-14,0,66.57,35.4,141.81,532.66,-0.23
1983-06-15,0,66.57,35.4,141.81,532.66,-0.23
1983-06-16,0,66.57,35.4,141.81,532.66,-0.23
1983-06-17,0,66.57,35.4,141.81,532.66,-0.23
1983-06-18,0,66.57,35.4,141.81,532.66,-0.23
1983-06-19,3.39,66.57,35.4,226.53,532.66,-0.23
1983-06-20,202.42,66.57,35.4,226.53,532.66,-0.23
1983-06-21,202.42,66.57,35.4,226.53,532.66,-0.23
1983-06-22,202.42,66.57,35.4,226.53,532.66,-0.23
1983-06-23,202.42,66.57,35.4,226.53,532.66,-0.23
1983-06-24,202.42,66.57,35.4,226.53,532.66,-0.23
1983-06-25,202.42,66.57,35.4,226.53,532.66,-0.23
1983-06-26,202.42,66.57,35.4,226.53,532.66,-0.23
1983-06-27,202.42,66.57,35.4,226.53,532.66,-0.23
1983-06-28,202.42,66.57,35.4,226.53,532.66,-0.23
1983-06-29,202.42,66.57,35.4,226.53,532.66,-0.23
1983-06-30,202.42,66.57,35.4,226.53,532.66,-0.23
1983-07-01,0,126.5,35.4,151.97,316.22,-0.23
1983-07-02,0,126.5,35.4,151.97,316.22,-0.23
1983-07-03,0,126.5,35.4,151.97,316.22,-0.23
1983-07-04,0,126.5,35.4,151.97,316.22,-0.23
1983-07-05,0,126.5,35.4,151.97,316.22,-0.23
1983-07-06,0,126.5,35.4,151.97,316.22,-0.23
1983-07-07,0,126.5,35.4,151.97,316.22,-0.23
1983-07-08,0,126.5,35.4,151.97,316.22,-0.23
1983-07-09,0,126.5,35.4,151.97,316.22,-0.23
1983-07-10,0,126.5,35.4,151.97,316.22,-0.23
1983-07-11,0,126.5,35.4,151.97,316.22,-0.23
1983-07-12,0,126.5,35.4,151.97,316.22,-0.23
1983-07-13,0,126.5,35.4,151.97,316.22,-0.23
1983-07-14,0,126.5,35.4,151.97,316.22,-0.23
1983-07-15,0,126.5,35.4,151.97,316.22,-0.23
1983-07-16,0,126.5,35.4,151.97,316.22,-0.23
1983-07-17,0,126.5,35.4,151.97,316.22,-0.23
1983-07-18,0,126.5,35.4,151.97,316.22,-0.23
1983-07-19,0,126.5,35.4,151.97,316.22,-0.23
1983-07-20,0,126.5,35.4,151.97,316.22,-0.23
1983-07-21,0,126.5,35.4,151.97,316.22,-0.23
1983-07-22,0,126.5,35.4,151.97,316.22,-0.23
1983-07-23,0,126.5,35.4,151.97,316.22,-0.23
1983-07-24,0,126.5,35.4,151.97,316.22,-0.23
1983-07-25,0,126.5,35.4,151.97,316.22,-0.23
1983-07-26,0,126.5,35.4,151.97,316.22,-0.23
1983-07-27,0,126.5,35.4,151.97,316.22,-0.23
1983-07-28,0,126.5,35.4,151.97,316.22,-0.23
1983-07-29,0,126.5,35.4,151.97,316.22,-0.23
1983-07-30,0,126.5,35.4,151.97,316.22,-0.23
1983-07-31,0,126.5,35.4,151.97,316.22,-0.23
1983-08-01,0,109.57,35.4,9.89,152.68,-0.23
1983-08-02,0,109.57,35.4,9.89,152.68,-0.23
1983-08-03,0,109.57,35.4,9.89,152.68,-0.23
1983-08-04,0,109.57,35.4,9.89,152.68,-0.23
1983-08-05,0,109.57,35.4,9.89,152.68,-0.38
1983-08-06,0,109.57,35.4,9.89,152.68,-0.38
1983-08-07,0,109.57,35.4,9.89,152.68,-0.38
1983-08-08,0,109.57,35.4,9.89,152.68,-0.38
1983-08-09,0,109.57,35.4,9.89,152.68,-0.38
1983-08-10,0,109.57,35.4,9.89,152.68,-0.38
1983-08-11,0,109.57,35.4,9.89,152.68,-0.38
1983-08-12,0,109.57,35.4,9.89,152.68,-0.38
1983-08-13,0,109.57,35.4,9.89,152.68,-0.38
1983-08-14,0,109.57,35.4,9.89,152.68,-0.38
1983-08-15,0,109.57,35.4,9.89,152.68,-0.38
1983-08-16,0,109.57,35.4,9.89,152.68,-0.38
1983-08-17,0,109.57,35.4,9.89,152.68,-0.38
1983-08-18,0,109.57,35.4,9.89,152.68,-0.38
1983-08-19,0,109.57,35.4,9.89,152.68,-0.38
1983-08-20,0,109.57,35.4,9.89,152.68,-0.38
1983-08-21,0,109.57,35.4,9.89,152.68,-0.38
1983-08-22,0,109.57,35.4,9.89,152.68,-0.38
1983-08-23,0,109.57,35.4,9.89,152.68,-0.38
1983-08-24,0,109.57,35.4,9.89,152.68,-0.38
1983-08-25,0,109.57,35.4,9.89,152.68,-0.38
1983-08-26,0,109.57,35.4,9.89,152.68,-0.38
1983-08-27,0,109.57,35.4,9.89,152.68,-0.38
1983-08-28,0,109.57,35.4,9.89,152.68,-0.38
1983-08-29,0,109.57,35.4,9.89,152.68,-0.38
1983-08-30,0,109.57,35.4,9.89,152.68,-0.38
1983-08-31,0,109.57,35.4,9.89,152.68,-0.38
1983-09-01,0,81.35,28.68,9.89,92.58,-0.38
1983-09-02,0,81.35,28.68,9.89,92.58,-0.38
1983-09-03,0,81.35,28.68,9.89,92.58,-0.62
1983-09-04,0,81.35,28.68,9.89,92.58,-0.62
1983-09-05,0,81.35,28.68,9.89,92.58,-0.62
1983-09-06,0,81.35,28.68,9.89,92.58,-0.62
1983-09-07,0,81.35,28.68,9.89,92.58,-0.62
1983-09-08,0,81.35,28.68,9.89,92.58,-0.62
1983-09-09,0,81.35,28.68,9.89,92.58,-0.62
1983-09-10,0,81.35,28.68,9.89,92.58,-0.62
1983-09-11,0,81.35,28.68,9.89,92.58,-0.62
1983-09-12,0,81.35,28.68,9.89,92.58,-0.62
1983-09-13,0,81.35,28.68,9.89,92.58,-0.62
1983-09-14,0,81.35,28.68,9.89,92.58,-0.62
1983-09-15,0,81.35,28.68,9.89,92.58,-0.62
1983-09-16,0,81.35,28.68,9.89,92.58,-0.62
1983-09-17,0,81.35,28.68,9.89,92.58,-0.62
1983-09-18,0,81.35,28.68,9.89,92.58,-0.62
1983-09-19,0,81.35,28.68,9.89,92.58,-0.62
1983-09-20,0,81.35,28.68,9.89,92.58,-0.62
1983-09-21,0,81.35,28.68,9.89,92.58,-0.62
1983-09-22,0,81.35,28.68,9.89,92.58,-0.62
1983-09-23,0,81.35,28.68,9.89,92.58,-0.62
1983-09-24,0,81.35,28.68,9.89,92.58,-0.62
1983-09-25,0,81.35,28.68,9.89,92.58,-0.62
1983-09-26,0,81.35,28.68,9.89,92.58,-0.62
1983-09-27,0,81.35,28.68,9.89,92.58,-0.62
1983-09-28,0,81.35,28.68,9.89,92.58,-0.62
1983-09-29,0,81.35,28.68,9.89,92.58,-0.62
1983-09-30,0,81.35,28.68,9.89,92.58,-0.62
1983-10-01,0,55.48,5.75,9.89,48.94,-0.62
1983-10-02,0,55.48,5.75,9.89,48.94,-0.62
1983-10-03,0,55.48,5.75,9.89,48.94,-0.62
1983-10-04,0,55.48,5.75,9.89,48.94,-1
1983-10-05,0,55.48,5.75,9.89,48.94,-1
1983-10-06,0,55.48,5.75,9.89,48.94,-1
1983-10-07,0,55.48,5.75,9.89,48.94,-1
1983-10-08,0,55.48,5.75,9.89,48.94,-1
1983-10-09,0,55.48,5.75,9.89,48.94,-1
1983-10-10,0,55.48,5.75,9.89,48.94,-1
1983-10-11,0,55.48,5.75,9.89,48.94,-1
1983-10-12,0,55.48,5.75,9.89,48.94,-1
1983-10-13,0,55.48,5.75,9.89,48.94,-1
1983-10-14,0,55.48,5.75,9.89,48.94,-1
1983-10-15,0,55.48,5.75,9.89,48.94,-1
1983-10-16,0,55.48,5.75,9.89,48.94,-1
1983-10-17,0,55.48,5.75,9.89,48.94,-1
1983-10-18,0,55.48,5.75,9.89,48.94,-1
1983-10-19,0,55.48,5.75,9.89,48.94,-1
1983-10-20,0,55.48,5.75,9.89,48.94,-1
1983-10-21,0,55.48,5.75,9.89,48.94,-1
1983-10-22,0,55.48,5.75,9.89,48.94,-1
1983-10-23,0,55.48,5.75,9.89,48.94,-1
1983-10-24,0,55.48,5.75,9.89,48.94,-1
1983-10-25,0,55.48,5.75,9.89,48.94,-1
1983-10-26,0,55.48,5.75,9.89,48.94,-1
1983-10-27,0,55.48,5.75,9.89,48.94,-1
1983-10-28,0,55.48,5.75,9.89,48.94,-1
1983-10-29,0,55.48,5.75,9.89,48.94,-1
1983-10-30,0,55.48,5.75,9.89,48.94,-1
1983-10-31,0,55.48,5.75,9.89,48.94,-1
1983-11-01,0,39.45,2.84,13.19,83.62,-1
1983-11-02,0,39.45,2.84,13.19,83.62,-1
1983-11-03,0,39.45,2.84,13.19,83.62,-1.71
1983-11-04,0,39.45,2.84,13.19,83.62,-1.71
1983-11-05,0,39.45,2.84,13.19,83.62,-1.71
1983-11-06,0,39.45,2.84,13.19,83.62,-1.71
1983-11-07,0,39.45,2.84,13.19,83.62,-1.71
1983-11-08,0,39.45,2.84,13.19,83.62,-1.71
1983-11-09,0,39.45,2.84,13.19,83.62,-1.71
1983-11-10,0,39.45,2.84,13.19,83.62,-1.71
1983-11-11,0,39.45,2.84,13.19,83.62,-1.71
1983-11-12,0,39.45,2.84,13.19,83.62,-1.71
1983-11-13,0,39.45,2.84,13.19,83.62,-1.71
1983-11-14,0,39.45,2.84,13.19,83.62,-1.71
1983-11-15,0,39.45,2.84,13.19,83.62,-1.71
1983-11-16,0,39.45,2.84,13.19,83.62,-1.71
1983-11-17,0,39.45,2.84,13.19,83.62,-1.71
1983-11-18,0,39.45,2.84,14.63,83.62,-1.71
1983-11-19,0,39.45,2.84,40.95,83.62,-1.71
1983-11-20,0,39.45,2.84,40.95,83.62,-1.71
1983-11-21,0,39.45,2.84,40.95,83.62,-1.71
1983-11-22,0,39.45,2.84,40.95,83.62,-1.71
1983-11-23,0,39.45,2.84,40.95,83.62,-1.71
1983-11-24,0,39.45,2.84,40.95,83.62,-1.71
1983-11-25,0,39.45,2.84,40.95,83.62,-1.71
1983-11-26,0,39.45,2.84,40.95,83.62,-1.71
1983-11-27,0,39.45,2.84,40.95,83.62,-1.71
1983-11-28,0,39.45,2.84,40.95,83.62,-1.71
1983-11-29,0,39.45,2.84,50.46,83.62,-1.71
1983-11-30,0,39.45,2.84,81.39,83.62,-1.71
1983-12-01,0,14.76,6.78,74.1,95.86,-1.71
1983-12-02,0,14.76,6.78,77.83,95.86,-1.71
1983-12-03,0,14.76,6.78,88.11,95.86,-1.71
1983-12-04,0,14.76,6.78,88.11,95.86,-2.09
1983-12-05,0,14.76,6.78,88.11,95.86,-2.09
1983-12-06,0,14.76,6.78,88.11,95.86,-2.09
1983-12-07,0,14.76,6.78,88.11,95.86,-2.09
1983-12-08,0,14.76,6.78,88.11,95.86,-2.09
1983-12-09,0,14.76,6.78,88.11,95.86,-2.09
1983-12-10,0,14.76,6.78,88.11,95.86,-2.09
1983-12-11,0,14.76,6.78,88.11,95.86,-2.09
1983-12-12,0,14.76,6.78,88.11,95.86,-2.09
1983-12-13,0,14.76,6.78,88.11,95.86,-2.09
1983-12-14,0,14.76,6.78,88.11,95.86,-2.09
1983-12-15,0,14.76,6.78,88.11,95.86,-2.09
1983-12-16,0,14.76,6.78,88.11,95.86,-2.09
1983-12-17,0,14.76,6.78,88.11,95.86,-2.09
1983-12-18,0,14.76,6.78,88.11,95.86,-2.09
1983-12-19,0,14.76,6.78,88.11,95.86,-2.09
1983-12-20,0,14.76,6.78,88.11,95.86,-2.09
1983-12-21,0,14.76,6.78,88.11,95.86,-2.09
1983-12-22,0,14.76,6.78,88.11,95.86,-2.09
1983-12-23,0,14.76,6.78,88.11,95.86,-2.09
1983-12-24,0,14.76,6.78,88.11,95.86,-2.09
1983-12-25,0,14.76,6.78,88.11,95.86,-2.09
1983-12-26,0,14.76,6.78,88.11,95.86,-2.09
1983-12-27,0,14.76,6.78,88.11,95.86,-2.09
1983-12-28,0,14.76,6.78,88.11,95.86,-2.09
1983-12-29,0,14.76,6.78,88.11,95.86,-2.09
1983-12-30,0,14.76,6.78,88.11,95.86,-2.09
1983-12-31,0,14.76,6.78,88.11,95.86,-2.09
1984-01-01,0,49.63,2.24,22.81,91.96,-2.09
1984-01-02,0,49.63,2.24,22.81,91.96,-2.09
1984-01-03,0,49.63,2.24,22.81,91.96,-2.11
1984-01-04,0,49.63,2.24,22.81,91.96,-2.11
1984-01-05,0,49.63,2.24,22.81,91.96,-2.11
1984-01-06,0,49.63,2.24,22.81,91.96,-2.11
1984-01-07,0,49.63,2.24,22.81,91.96,-2.11
1984-01-08,0,49.63,2.24,22.81,91.96,-2.11
1984-01-09,0,49.63,2.24,22.81,91.96,-2.11
1984-01-10,0,49.63,2.24,22.81,91.96,-2.11
1984-01-11,0,49.63,2.24,22.81,91.96,-2.11
1984-01-12,0,49.63,2.24,22.81,91.96,-2.11
1984-01-13,0,49.63,2.24,22.81,91.96,-2.11
1984-01-14,0,49.63,2.24,22.81,91.96,-2.11
1984-01-15,0,49.63,2.24,22.81,91.96,-2.11
1984-01-16,0,49.63,2.24,22.81,91.96,-2.11
1984-01-17,0,49.63,2.24,22.81,91.96,-2.11
1984-01-18,0,49.63,2.24,22.81,91.96,-2.11
1984-01-19,0,49.63,2.24,22.81,91.96,-2.11
1984-01-20,0,49.63,2.24,22.81,91.96,-2.11
1984-01-21,0,49.63,2.24,22.81,91.96,-2.11
1984-01-22,0,49.63,2.24,22.81,91.96,-2.11
1984-01-23,0,49.63,2.24,22.81,91.96,-2.11
1984-01-24,0,49.63,2.24,22.81,91.96,-2.11
1984-01-25,0,49.63,2.24,38.91,91.96,-2.11
1984-01-26,0,49.63,2.24,39.86,91.96,-2.11
1984-01-27,0,49.63,2.24,39.86,91.96,-2.11
1984-01-28,0,49.63,2.24,39.86,91.96,-2.11
1984-01-29,0,49.63,2.24,39.86,91.96,-2.11
1984-01-30,0,49.63,2.24,39.86,91.96,-2.11
1984-01-31,0,49.63,2.24,39.86,91.96,-2.11
1984-02-01,0,57.83,1.05,9.89,69.8,-2.11
1984-02-02,0,57.83,1.05,9.89,69.8,-2.11
1984-02-03,0,57.83,1.05,9.89,69.8,-1.47
1984-02-04,0,57.83,1.05,9.89,69.8,-1.47
1984-02-05,0,57.83,1.05,9.89,69.8,-1.47
1984-02-06,0,57.83,1.05,9.89,69.8,-1.47
1984-02-07,0,57.83,1.05,9.89,69.8,-1.47
1984-02-08,0,57.83,1.05,9.89,69.8,-1.47
1984-02-09,0,57.83,1.05,9.89,69.8,-1.47
1984-02-10,0,57.83,1.05,9.89,69.8,-1.47
1984-02-11,0,57.83,1.05,9.89,69.8,-1.47
1984-02-12,0,57.83,1.05,9.89,69.8,-1.47
1984-02-13,0,57.83,1.05,9.89,69.8,-1.47
1984-02-14,0,57.83,1.05,9.89,69.8,-1.47
1984-02-15,0,57.83,1.05,9.89,69.8,-1.47
1984-02-16,0,57.83,1.05,9.89,69.8,-1.47
1984-02-17,0,57.83,1.05,9.89,69.8,-1.47
1984-02-18,0,57.83,1.05,9.89,69.8,-1.47
1984-02-19,0,57.83,1.05,9.89,69.8,-1.47
1984-02-20,0,57.83,1.05,9.89,69.8,-1.47
1984-02-21,0,57.83,1.05,9.89,69.8,-1.47
1984-02-22,0,57.83,1.05,9.89,69.8,-1.47
1984-02-23,0,57.83,1.05,9.89,69.8,-1.47
1984-02-24,0,57.83,1.05,9.89,69.8,-1.47
1984-02-25,0,57.83,1.05,9.89,69.8,-1.47
1984-02-26,0,57.83,1.05,9.89,69.8,-1.47
1984-02-27,0,57.83,1.05,9.89,69.8,-1.47
1984-02-28,0,57.83,1.05,9.89,69.8,-1.47
1984-02-29,0,57.83,1.05,9.89,69.8,-1.47
1984-03-01,0,35.59,5.45,28.72,88.36,-1.47
1984-03-02,0,35.59,5.81,33.06,88.36,-1.47
1984-03-03,0,35.59,6.82,45.33,88.36,-1.47
1984-03-04,0,35.59,6.82,45.33,88.36,-1.47
1984-03-05,0,35.59,6.82,45.33,88.36,-1.01
1984-03-06,0,35.59,6.82,45.33,88.36,-1.01
1984-03-07,0,35.59,6.82,45.33,88.36,-1.01
1984-03-08,0,35.59,6.82,45.33,88.36,-1.01
1984-03-09,0,35.59,6.82,45.33,88.36,-1.01
1984-03-10,0,35.59,6.82,45.33,88.36,-1.01
1984-03-11,0,35.59,6.82,45.33,88.36,-1.01
1984-03-12,0,35.59,6.82,45.33,88.36,-1.01
1984-03-13,0,35.59,6.82,45.33,88.36,-1.01
1984-03-14,0,35.59,6.82,45.33,88.36,-1.01
1984-03-15,0,35.59,6.82,45.33,88.36,-1.01
1984-03-16,0,35.59,6.82,45.33,88.36,-1.01
1984-03-17,0,35.59,5.86,33.63,88.36,-1.01
1984-03-18,0,35.59,5.45,28.72,88.36,-1.01
1984-03-19,0,35.59,5.45,28.72,88.36,-1.01
1984-03-20,0,35.59,5.45,28.72,88.36,-1.01
1984-03-21,0,35.59,5.45,28.72,88.36,-1.01
1984-03-22,0,35.59,5.45,28.72,88.36,-1.01
1984-03-23,0,35.59,5.45,28.72,88.36,-1.01
1984-03-24,0,35.59,5.45,28.72,88.36,-1.01
1984-03-25,0,35.59,5.45,28.72,88.36,-1.01
1984-03-26,0,35.59,5.45,28.72,88.36,-1.01
1984-03-27,0,35.59,5.45,28.72,88.36,-1.01
1984-03-28,0,35.59,5.45,28.72,88.36,-1.01
1984-03-29,0,35.59,5.45,28.72,88.36,-1.01
1984-03-30,0,35.59,5.45,28.72,88.36,-1.01
1984-03-31,0,35.59,5.45,28.72,88.36,-1.01
1984-04-01,0,49.22,9.78,45.79,102.35,-1.01
1984-04-02,0,49.22,9.78,45.79,102.35,-1.01
1984-04-03,0,49.22,9.78,45.79,102.35,-1.01
1984-04-04,0,49.22,9.78,45.79,102.35,-0.58
1984-04-05,0,49.22,9.78,45.79,102.35,-0.58
1984-04-06,0,49.22,9.78,45.79,102.35,-0.58
1984-04-07,0,49.22,9.78,45.79,102.35,-0.58
1984-04-08,0,49.22,9.78,45.79,102.35,-0.58
1984-04-09,0,49.22,9.78,45.79,102.35,-0.58
1984-04-10,0,49.22,9.78,45.79,102.35,-0.58
1984-04-11,0,49.22,9.78,45.79,102.35,-0.58
1984-04-12,0,49.22,9.78,45.79,102.35,-0.58
1984-04-13,0,49.22,9.78,45.79,102.35,-0.58
1984-04-14,0,49.22,9.78,45.79,102.35,-0.58
1984-04-15,0,49.22,9.78,45.79,102.35,-0.58
1984-04-16,0,49.22,9.78,45.79,102.35,-0.58
1984-04-17,0,49.22,9.78,45.79,102.35,-0.58
1984-04-18,0,49.22,9.78,45.79,102.35,-0.58
1984-04-19,0,49.22,9.78,45.79,102.35,-0.58
1984-04-20,0,49.22,9.78,45.79,102.35,-0.58
1984-04-21,0,49.22,9.78,45.79,102.35,-0.58
1984-04-22,0,49.22,9.78,45.79,102.35,-0.58
1984-04-23,0,49.22,9.78,45.79,102.35,-0.58
1984-04-24,0,49.22,9.78,45.79,102.35,-0.58
1984-04-25,0,49.22,9.78,45.79,102.35,-0.58
1984-04-26,0,49.22,9.78,45.79,102.35,-0.58
1984-04-27,0,49.22,9.78,45.79,102.35,-0.58
1984-04-28,0,49.22,9.78,45.79,102.35,-0.58
1984-04-29,0,49.22,9.78,45.79,102.35,-0.58
1984-04-30,0,49.22,9.78,45.79,102.35,-0.58
1984-05-01,0,61.81,18.65,9.89,112.58,-0.58
1984-05-02,0,61.81,18.65,9.89,112.58,-0.58
1984-05-03,0,61.81,18.65,9.89,112.58,-0.58
1984-05-04,0,61.81,18.65,9.89,112.58,-0.58
1984-05-05,0,61.81,18.65,9.89,112.58,-0.3
1984-05-06,0,61.81,18.65,9.89,112.58,-0.3
1984-05-07,0,61.81,18.65,9.89,112.58,-0.3
1984-05-08,0,61.81,18.65,9.89,112.58,-0.3
1984-05-09,0,61.81,18.65,9.89,112.58,-0.3
1984-05-10,0,61.81,18.65,9.89,112.58,-0.3
1984-05-11,0,61.81,18.65,9.89,112.58,-0.3
1984-05-12,0,61.81,18.65,9.89,112.58,-0.3
1984-05-13,0,61.81,18.65,9.89,112.58,-0.3
1984-05-14,0,61.81,18.65,9.89,112.58,-0.3
1984-05-15,0,61.81,18.65,9.89,112.58,-0.3
1984-05-16,0,61.81,18.65,9.89,112.58,-0.3
1984-05-17,0,61.81,18.65,9.89,112.58,-0.3
1984-05-18,0,61.81,18.65,9.89,112.58,-0.3
1984-05-19,0,61.81,18.65,9.89,112.58,-0.3
1984-05-20,0,61.81,18.65,9.89,112.58,-0.3
1984-05-21,0,61.81,18.65,9.89,112.58,-0.3
1984-05-22,0,61.81,18.65,9.89,112.58,-0.3
1984-05-23,0,61.81,18.65,9.89,112.58,-0.3
1984-05-24,0,61.81,18.65,9.89,112.58,-0.3
1984-05-25,0,61.81,18.65,9.89,112.58,-0.3
1984-05-26,0,61.81,18.65,9.89,112.58,-0.3
1984-05-27,0,61.81,18.65,9.89,112.58,-0.3
1984-05-28,0,61.81,18.65,9.89,112.58,-0.3
1984-05-29,0,61.81,18.65,9.89,112.58,-0.3
1984-05-30,0,61.81,18.65,9.89,112.58,-0.3
1984-05-31,0,61.81,18.65,9.89,112.58,-0.3
1984-06-01,0,87.92,25.83,9.89,99.65,-0.3
1984-06-02,0,87.92,25.83,9.89,99.65,-0.3
1984-06-03,0,87.92,25.83,9.89,99.65,-0.3
1984-06-04,0,87.92,25.83,9.89,99.65,-0.17
1984-06-05,0,87.92,25.83,9.89,99.65,-0.17
1984-06-06,0,87.92,25.83,9.89,99.65,-0.17
1984-06-07,0,87.92,25.83,9.89,99.65,-0.17
1984-06-08,0,87.92,25.83,9.89,99.65,-0.17
1984-06-09,0,87.92,25.83,9.89,99.65,-0.17
1984-06-10,0,87.92,25.83,9.89,99.65,-0.17
1984-06-11,0,87.92,25.83,9.89,99.65,-0.17
1984-06-12,0,87.92,25.83,9.89,99.65,-0.17
1984-06-13,0,87.92,25.83,9.89,99.65,-0.17
1984-06-14,0,87.92,25.83,9.89,99.65,-0.17
1984-06-15,0,87.92,25.83,9.89,99.65,-0.17
1984-06-16,0,87.92,25.83,9.89,99.65,-0.17
1984-06-17,0,87.92,25.83,9.89,99.65,-0.17
1984-06-18,0,87.92,25.83,9.89,99.65,-0.17
1984-06-19,0,87.92,25.83,9.89,99.65,-0.17
1984-06-20,0,87.92,25.83,9.89,99.65,-0.17
1984-06-21,0,87.92,25.83,9.89,99.65,-0.17
1984-06-22,0,87.92,25.83,9.89,99.65,-0.17
1984-06-23,0,87.92,25.83,9.89,99.65,-0.17
1984-06-24,0,87.92,25.83,9.89,99.65,-0.17
1984-06-25,0,87.92,25.83,9.89,99.65,-0.17
1984-06-26,0,87.92,25.83,9.89,99.65,-0.17
1984-06-27,0,87.92,25.83,9.89,99.65,-0.17
1984-06-28,0,87.92,25.83,9.89,99.65,-0.17
1984-06-29,0,87.92,25.83,9.89,99.65,-0.17
1984-06-30,0,87.92,25.83,9.89,99.65,-0.17
1984-07-01,0,92.41,30.18,9.89,75.66,-0.17
1984-07-02,0,92.41,30.18,9.89,75.66,-0.17
1984-07-03,0,92.41,30.18,9.89,75.66,-0.17
1984-07-04,0,92.41,30.18,9.89,75.66,-0.17
1984-07-05,0,92.41,30.18,9.89,75.66,-0.17
1984-07-06,0,92.41,30.18,9.89,75.66,-0.17
1984-07-07,0,92.41,30.18,9.89,75.66,-0.17
1984-07-08,0,92.41,30.18,9.89,75.66,-0.17
1984-07-09,0,92.41,30.18,9.89,75.66,-0.17
1984-07-10,0,92.41,30.18,9.89,75.66,-0.17
1984-07-11,0,92.41,30.18,9.89,75.66,-0.17
1984-07-12,0,92.41,30.18,9.89,75.66,-0.17
1984-07-13,0,92.41,30.18,9.89,75.66,-0.17
1984-07-14,0,92.41,30.18,9.89,75.66,-0.17
1984-07-15,0,92.41,30.18,9.89,75.66,-0.17
1984-07-16,0,92.41,30.18,9.89,75.66,-0.17
1984-07-17,0,92.41,30.18,9.89,75.66,-0.17
1984-07-18,0,92.41,30.18,9.89,75.66,-0.17
1984-07-19,0,92.41,30.18,9.89,75.66,-0.17
1984-07-20,0,92.41,30.18,9.89,75.66,-0.17
1984-07-21,0,92.41,30.18,9.89,75.66,-0.17
1984-07-22,0,92.41,30.18,9.89,75.66,-0.17
1984-07-23,0,92.41,30.18,9.89,75.66,-0.17
1984-07-24,0,92.41,30.18,9.89,75.66,-0.17
1984-07-25,0,92.41,30.18,9.89,75.66,-0.17
1984-07-26,0,92.41,30.18,9.89,75.66,-0.17
1984-07-27,0,92.41,30.18,9.89,75.66,-0.17
1984-07-28,0,92.41,30.18,9.89,75.66,-0.17
1984-07-29,0,92.41,30.18,9.89,75.66,-0.17
1984-07-30,0,92.41,30.18,9.89,75.66,-0.17
1984-07-31,0,92.41,30.18,9.89,75.66,-0.17
1984-08-01,0,80.97,26.18,9.89,69.18,-0.17
1984-08-02,0,80.97,26.18,9.89,69.18,-0.17
1984-08-03,0,80.97,26.18,9.89,69.18,-0.17
1984-08-04,0,80.97,26.18,9.89,69.18,-0.17
1984-08-05,0,80.97,26.18,9.89,69.18,-0.37
1984-08-06,0,80.97,26.18,9.89,69.18,-0.37
1984-08-07,0,80.97,26.18,9.89,69.18,-0.37
1984-08-08,0,80.97,26.18,9.89,69.18,-0.37
1984-08-09,0,80.97,26.18,9.89,69.18,-0.37
1984-08-10,0,80.97,26.18,9.89,69.18,-0.37
1984-08-11,0,80.97,26.18,9.89,69.18,-0.37
1984-08-12,0,80.97,26.18,9.89,69.18,-0.37
1984-08-13,0,80.97,26.18,9.89,69.18,-0.37
1984-08-14,0,80.97,26.18,9.89,69.18,-0.37
1984-08-15,0,80.97,26.18,9.89,69.18,-0.37
1984-08-16,0,80.97,26.18,9.89,69.18,-0.37
1984-08-17,0,80.97,26.18,9.89,69.18,-0.37
1984-08-18,0,80.97,26.18,9.89,69.18,-0.37
1984-08-19,0,80.97,26.18,9.89,69.18,-0.37
1984-08-20,0,80.97,26.18,9.89,69.18,-0.37
1984-08-21,0,80.97,26.18,9.89,69.18,-0.37
1984-08-22,0,80.97,26.18,9.89,69.18,-0.37
1984-08-23,0,80.97,26.18,9.89,69.18,-0.37
1984-08-24,0,80.97,26.18,9.89,69.18,-0.37
1984-08-25,0,80.97,26.18,9.89,69.18,-0.37
1984-08-26,0,80.97,26.18,9.89,69.18,-0.37
1984-08-27,0,80.97,26.18,9.89,69.18,-0.37
1984-08-28,0,80.97,26.18,9.89,69.18,-0.37
1984-08-29,0,80.97,26.18,9.89,69.18,-0.37
1984-08-30,0,80.97,26.18,9.89,69.18,-0.37
1984-08-31,0,80.97,26.18,9.89,69.18,-0.37
1984-09-01,0,45.39,9.76,9.89,60.19,-0.37
1984-09-02,0,45.39,9.76,9.89,60.19,-0.58
1984-09-03,0,45.39,9.76,9.89,60.19,-0.58
1984-09-04,0,45.39,9.76,9.89,60.19,-0.58
1984-09-05,0,45.39,9.76,9.89,60.19,-0.58
1984-09-06,0,45.39,9.76,9.89,60.19,-0.58
1984-09-07,0,45.39,9.76,9.89,60.19,-0.58
1984-09-08,0,45.39,9.76,9.89,60.19,-0.58
1984-09-09,0,45.39,9.76,9.89,60.19,-0.58
1984-09-10,0,45.39,9.76,9.89,60.19,-0.58
1984-09-11,0,45.39,9.76,9.89,60.19,-0.58
1984-09-12,0,45.39,9.76,9.89,60.19,-0.58
1984-09-13,0,45.39,9.76,9.89,60.19,-0.58
1984-09-14,0,45.39,9.76,9.89,60.19,-0.58
1984-09-15,0,45.39,9.76,9.89,60.19,-0.58
1984-09-16,0,45.39,9.76,9.89,60.19,-0.58
1984-09-17,0,45.39,9.76,9.89,60.19,-0.58
1984-09-18,0,45.39,9.76,9.89,60.19,-0.58
1984-09-19,0,45.39,9.76,9.89,60.19,-0.58
1984-09-20,0,45.39,9.76,9.89,60.19,-0.58
1984-09-21,0,45.39,9.76,9.89,60.19,-0.58
1984-09-22,0,45.39,9.76,9.89,60.19,-0.58
1984-09-23,0,45.39,9.76,9.89,60.19,-0.58
1984-09-24,0,45.39,9.76,9.89,60.19,-0.58
1984-09-25,0,45.39,9.76,9.89,60.19,-0.58
1984-09-26,0,45.39,9.76,9.89,60.19,-0.58
1984-09-27,0,45.39,9.76,9.89,60.19,-0.58
1984-09-28,0,45.39,9.76,9.89,60.19,-0.58
1984-09-29,0,45.39,9.76,9.89,60.19,-0.58
1984-09-30,0,45.39,9.76,9.89,60.19,-0.58
1984-10-01,0,16.02,1.18,9.89,37.44,-0.58
1984-10-02,0,16.02,1.18,9.89,37.44,-0.58
1984-10-03,0,16.02,1.18,9.89,37.44,-1.1
1984-10-04,0,16.02,1.18,9.89,37.44,-1.1
1984-10-05,0,16.02,1.18,9.89,37.44,-1.1
1984-10-06,0,16.02,1.18,9.89,37.44,-1.1
1984-10-07,0,16.02,1.18,9.89,37.44,-1.1
1984-10-08,0,16.02,1.18,9.89,37.44,-1.1
1984-10-09,0,16.02,1.18,9.89,37.44,-1.1
1984-10-10,0,16.02,1.18,9.89,37.44,-1.1
1984-10-11,0,16.02,1.18,9.89,37.44,-1.1
1984-10-12,0,16.02,1.18,9.89,37.44,-1.1
1984-10-13,0,16.02,1.18,9.89,37.44,-1.1
1984-10-14,0,16.02,1.18,9.89,37.44,-1.1
1984-10-15,0,16.02,1.18,9.89,37.44,-1.1
1984-10-16,0,16.02,1.18,9.89,37.44,-1.1
1984-10-17,0,16.02,1.18,9.89,37.44,-1.1
1984-10-18,0,16.02,1.18,9.89,37.44,-1.1
1984-10-19,0,16.02,1.18,9.89,37.44,-1.1
1984-10-20,0,16.02,1.18,9.89,37.44,-1.1
1984-10-21,0,16.02,1.18,9.89,37.44,-1.1
1984-10-22,0,16.02,1.18,9.89,37.44,-1.1
1984-10-23,0,16.02,1.18,9.89,37.44,-1.1
1984-10-24,0,16.02,1.18,9.89,37.44,-1.1
1984-10-25,0,16.02,1.18,9.89,37.44,-1.1
1984-10-26,0,16.02,1.18,9.89,37.44,-1.1
1984-10-27,0,16.02,1.18,9.89,37.44,-1.1
1984-10-28,0,16.02,1.18,9.89,37.44,-1.1
1984-10-29,0,16.02,1.18,9.89,37.44,-1.1
1984-10-30,0,16.02,1.18,9.89,37.44,-1.1
1984-10-31,0,16.02,1.18,9.89,37.44,-1.1
1984-11-01,0,4.27,0.04,13.19,42.63,-1.1
1984-11-02,0,4.27,0.04,13.19,42.63,-1.9
1984-11-03,0,4.27,0.04,13.19,42.63,-1.9
1984-11-04,0,4.27,0.04,13.19,42.63,-1.9
1984-11-05,0,4.27,0.04,13.19,42.63,-1.9
1984-11-06,0,4.27,0.04,13.19,42.63,-1.9
1984-11-07,0,4.27,0.04,13.19,42.63,-1.9
1984-11-08,0,4.27,0.04,13.19,42.63,-1.9
1984-11-09,0,4.27,0.04,13.19,42.63,-1.9
1984-11-10,0,4.27,0.04,13.19,42.63,-1.9
1984-11-11,0,4.27,0.04,13.19,42.63,-1.9
1984-11-12,0,4.27,0.04,13.19,42.63,-1.9
1984-11-13,0,4.27,0.04,13.19,42.63,-1.9
1984-11-14,0,4.27,0.04,13.19,42.63,-1.9
1984-11-15,0,4.27,0.04,13.19,42.63,-1.9
1984-11-16,0,4.27,0.04,13.19,42.63,-1.9
1984-11-17,0,4.27,0.04,13.19,42.63,-1.9
1984-11-18,0,4.27,0.04,13.19,42.63,-1.9
1984-11-19,0,4.27,0.04,13.19,42.63,-1.9
1984-11-20,0,4.27,0.04,13.19,42.63,-1.9
1984-11-21,0,4.27,0.04,13.19,42.63,-1.9
1984-11-22,0,4.27,0.04,13.19,42.63,-1.9
1984-11-23,0,4.27,0.04,13.19,42.63,-1.9
1984-11-24,0,4.27,0.04,13.19,42.63,-1.9
1984-11-25,0,4.27,0.04,13.19,42.63,-1.9
1984-11-26,0,4.27,0.04,13.19,42.63,-1.9
1984-11-27,0,4.27,0.04,13.19,42.63,-1.9
1984-11-28,0,4.27,0.04,13.19,42.63,-1.9
1984-11-29,0,4.27,0.04,13.19,42.63,-1.9
1984-11-30,0,4.27,0.04,13.19,42.63,-1.9
1984-12-01,0,2.75,0,3.4,31.35,-1.9
1984-12-02,0,2.75,0,3.4,31.35,-1.9
1984-12-03,0,2.75,0,3.4,31.35,-2.25
1984-12-04,0,2.75,0,3.4,31.35,-2.25
1984-12-05,0,2.75,0,3.4,31.35,-2.25
1984-12-06,0,2.75,0,3.4,31.35,-2.25
1984-12-07,0,2.75,0,3.4,31.35,-2.25
1984-12-08,0,2.75,0,3.4,31.35,-2.25
1984-12-09,0,2.75,0,3.4,31.35,-2.25
1984-12-10,0,2.75,0,3.4,31.35,-2.25
1984-12-11,0,2.75,0,3.4,31.35,-2.25
1984-12-12,0,2.75,0,3.4,31.35,-2.25
1984-12-13,0,2.75,0,3.4,31.35,-2.25
1984-12-14,0,2.75,0,3.4,31.35,-2.25
1984-12-15,0,2.75,0,3.4,31.35,-2.25
1984-12-16,0,2.75,0,3.4,31.35,-2.25
1984-12-17,0,2.75,0,3.4,31.35,-2.25
1984-12-18,0,2.75,0,3.4,31.35,-2.25
1984-12-19,0,2.75,0,3.4,31.35,-2.25
1984-12-20,0,2.75,0,3.4,31.35,-2.25
1984-12-21,0,2.75,0,3.4,31.35,-2.25
1984-12-22,0,2.75,0,3.4,31.35,-2.25
1984-12-23,0,2.75,0,3.4,31.35,-2.25
1984-12-24,0,2.75,0,3.4,31.35,-2.25
1984-12-25,0,2.75,0,3.4,31.35,-2.25
1984-12-26,0,2.75,0,3.4,31.35,-2.25
1984-12-27,0,2.75,0,3.4,31.35,-2.25
1984-12-28,0,2.75,0,3.4,31.35,-2.25
1984-12-29,0,2.75,0,3.4,31.35,-2.25
1984-12-30,0,2.75,0,3.4,31.35,-2.25
1984-12-31,0,2.75,0,3.4,31.35,-2.25
1985-01-01,0,2.75,0,2.8,29.04,-2.25
1985-01-02,0,2.75,0,2.8,29.04,-1.86
1985-01-03,0,2.75,0,2.8,29.04,-1.86
1985-01-04,0,2.75,0,2.8,29.04,-1.86
1985-01-05,0,2.75,0,2.8,29.04,-1.86
1985-01-06,0,2.75,0,2.8,29.04,-1.86
1985-01-07,0,2.75,0,2.8,29.04,-1.86
1985-01-08,0,2.75,0,2.8,29.04,-1.86
1985-01-09,0,2.75,0,2.8,29.04,-1.86
1985-01-10,0,2.75,0,2.8,29.04,-1.86
1985-01-11,0,2.75,0,2.8,29.04,-1.86
1985-01-12,0,2.75,0,2.8,29.04,-1.86
1985-01-13,0,2.75,0,2.8,29.04,-1.86
1985-01-14,0,2.75,0,2.8,29.04,-1.86
1985-01-15,0,2.75,0,2.8,29.04,-1.86
1985-01-16,0,2.75,0,2.8,29.04,-1.86
1985-01-17,0,2.75,0,2.8,29.04,-1.86
1985-01-18,0,2.75,0,2.8,29.04,-1.86
1985-01-19,0,2.75,0,2.8,29.04,-1.86
1985-01-20,0,2.75,0,2.8,29.04,-1.86
1985-01-21,0,2.75,0,2.8,29.04,-1.86
1985-01-22,0,2.75,0,2.8,29.04,-1.86
1985-01-23,0,2.75,0,2.8,29.04,-1.86
1985-01-24,0,2.75,0,2.8,29.04,-1.86
1985-01-25,0,2.75,0,2.8,29.04,-1.86
1985-01-26,0,2.75,0,2.8,29.04,-1.86
1985-01-27,0,2.75,0,2.8,29.04,-1.86
1985-01-28,0,2.75,0,2.8,29.04,-1.86
1985-01-29,0,2.75,0,2.8,29.04,-1.86
1985-01-30,0,2.75,0,2.8,29.04,-1.86
1985-01-31,0,2.75,0,2.8,29.04,-1.86
1985-02-01,0,21.27,0,10.25,37.68,-1.86
1985-02-02,0,21.27,0,10.25,37.68,-1.21
1985-02-03,0,21.27,0,10.25,37.68,-1.21
1985-02-04,0,21.27,0,10.25,37.68,-1.21
1985-02-05,0,21.27,0,10.25,37.68,-1.21
1985-02-06,0,21.27,0,10.25,37.68,-1.21
1985-02-07,0,21.27,0,10.25,37.68,-1.21
1985-02-08,0,21.27,0,10.25,37.68,-1.21
1985-02-09,0,21.27,0,10.25,37.68,-1.21
1985-02-10,0,21.27,0,10.25,37.68,-1.21
1985-02-11,0,21.27,0,10.25,37.68,-1.21
1985-02-12,0,21.27,0,10.25,37.68,-1.21
1985-02-13,0,21.27,0,10.25,37.68,-1.21
1985-02-14,0,21.27,0,10.25,37.68,-1.21
1985-02-15,0,21.27,0,10.25,37.68,-1.21
1985-02-16,0,21.27,0,10.25,37.68,-1.21
1985-02-17,0,21.27,0,10.25,37.68,-1.21
1985-02-18,0,21.27,0,10.25,37.68,-1.21
1985-02-19,0,21.27,0,10.25,37.68,-1.21
1985-02-20,0,21.27,0,10.25,37.68,-1.21
1985-02-21,0,21.27,0,10.25,37.68,-1.21
1985-02-22,0,21.27,0,10.25,37.68,-1.21
1985-02-23,0,21.27,0,10.25,37.68,-1.21
1985-02-24,0,21.27,0,10.25,37.68,-1.21
1985-02-25,0,21.27,0,10.25,37.68,-1.21
1985-02-26,0,21.27,0,10.25,37.68,-1.21
1985-02-27,0,21.27,0,10.25,37.68,-1.21
1985-02-28,0,21.27,0,10.25,37.68,-1.21
1985-03-01,0,17.67,0,28.72,48.63,-1.21
1985-03-02,0,17.67,0,28.72,48.63,-1.21
1985-03-03,0,17.67,0,28.72,48.63,-1.21
1985-03-04,0,17.67,0,28.72,48.63,-1.21
1985-03-05,0,17.67,0,28.72,48.63,-0.75
1985-03-06,0,17.67,0,28.72,48.63,-0.75
1985-03-07,0,17.67,0,28.72,48.63,-0.75
1985-03-08,0,17.67,0,28.72,48.63,-0.75
1985-03-09,0,17.67,0,28.72,48.63,-0.75
1985-03-10,0,17.67,0,28.72,48.63,-0.75
1985-03-11,0,17.67,0,28.72,48.63,-0.75
1985-03-12,0,17.67,0,28.72,48.63,-0.75
1985-03-13,0,17.67,0,28.72,48.63,-0.75
1985-03-14,0,17.67,0,28.72,48.63,-0.75
1985-03-15,0,17.67,0,28.72,48.63,-0.75
1985-03-16,0,17.67,0,28.72,48.63,-0.75
1985-03-17,0,17.67,0,28.72,48.63,-0.75
1985-03-18,0,17.67,0,28.72,48.63,-0.75
1985-03-19,0,17.67,0,28.72,48.63,-0.75
1985-03-20,0,17.67,0,28.72,48.63,-0.75
1985-03-21,0,17.67,0,28.72,48.63,-0.75
1985-03-22,0,17.67,0,28.72,48.63,-0.75
1985-03-23,0,17.67,0,28.72,48.63,-0.75
1985-03-24,0,17.67,0,28.72,48.63,-0.75
1985-03-25,0,17.67,0,28.72,48.63,-0.75
1985-03-26,0,17.67,0,28.72,48.63,-0.75
1985-03-27,0,17.67,0,28.72,48.63,-0.75
1985-03-28,0,17.67,0,28.72,48.63,-0.75
1985-03-29,0,17.67,0,28.72,48.63,-0.75
1985-03-30,0,17.67,0,28.72,48.63,-0.75
1985-03-31,0,17.67,0,28.72,48.63,-0.75
1985-04-01,0,32.19,0,27.84,93.65,-0.75
1985-04-02,0,32.19,0,27.84,93.65,-0.75
1985-04-03,0,32.19,0,27.84,93.65,-0.75
1985-04-04,0,32.19,0,27.84,93.65,-0.52
1985-04-05,0,32.19,0,27.84,93.65,-0.52
1985-04-06,0,32.19,0,27.84,93.65,-0.52
1985-04-07,0,32.19,0,27.84,93.65,-0.52
1985-04-08,0,32.19,0,27.84,93.65,-0.52
1985-04-09,0,32.19,0,27.84,93.65,-0.52
1985-04-10,0,32.19,0,27.84,93.65,-0.52
1985-04-11,0,32.19,0,27.84,93.65,-0.52
1985-04-12,0,32.19,0,27.84,93.65,-0.52
1985-04-13,0,32.19,0,27.84,93.65,-0.52
1985-04-14,0,32.19,0,27.84,93.65,-0.52
1985-04-15,0,32.19,0,27.84,93.65,-0.52
1985-04-16,0,32.19,0,27.84,93.65,-0.52
1985-04-17,0,32.19,0,27.84,93.65,-0.52
1985-04-18,0,32.19,0,27.84,93.65,-0.52
1985-04-19,0,32.19,0,27.84,93.65,-0.52
1985-04-20,0,32.19,0,27.84,93.65,-0.52
1985-04-21,0,32.19,0,27.84,93.65,-0.52
1985-04-22,0,32.19,0,27.84,93.65,-0.52
1985-04-23,0,32.19,0,27.84,93.65,-0.52
1985-04-24,0,32.19,0,27.84,93.65,-0.52
1985-04-25,0,32.19,0,27.84,93.65,-0.52
1985-04-26,0,32.19,0,27.84,93.65,-0.52
1985-04-27,0,32.19,0,27.84,93.65,-0.52
1985-04-28,0,32.19,0,27.84,93.65,-0.52
1985-04-29,0,32.19,0,27.84,93.65,-0.52
1985-04-30,0,32.19,0,27.84,93.65,-0.52
1985-05-01,0,44.79,7.62,9.89,86.11,-0.52
1985-05-02,0,44.79,7.62,9.89,86.11,-0.52
1985-05-03,0,44.79,7.62,9.89,86.11,-0.52
1985-05-04,0,44.79,7.62,9.89,86.11,-0.52
1985-05-05,0,44.79,7.62,9.89,86.11,-0.23
1985-05-06,0,44.79,7.62,9.89,86.11,-0.23
1985-05-07,0,44.79,7.62,9.89,86.11,-0.23
1985-05-08,0,44.79,7.62,9.89,86.11,-0.23
1985-05-09,0,44.79,7.62,9.89,86.11,-0.23
1985-05-10,0,44.79,7.62,9.89,86.11,-0.23
1985-05-11,0,44.79,7.62,9.89,86.11,-0.23
1985-05-12,0,44.79,7.62,9.89,86.11,-0.23
1985-05-13,0,44.79,7.62,9.89,86.11,-0.23
1985-05-14,0,44.79,7.62,9.89,86.11,-0.23
1985-05-15,0,44.79,7.62,9.89,86.11,-0.23
1985-05-16,0,44.79,7.62,9.89,86.11,-0.23
1985-05-17,0,44.79,7.62,9.89,86.11,-0.23
1985-05-18,0,44.79,7.62,9.89,86.11,-0.23
1985-05-19,0,44.79,7.62,9.89,86.11,-0.23
1985-05-20,0,44.79,7.62,9.89,86.11,-0.23
1985-05-21,0,44.79,7.62,9.89,86.11,-0.23
1985-05-22,0,44.79,7.62,9.89,86.11,-0.23
1985-05-23,0,44.79,7.62,9.89,86.11,-0.23
1985-05-24,0,44.79,7.62,9.89,86.11,-0.23
1985-05-25,0,44.79,7.62,9.89,86.11,-0.23
1985-05-26,0,44.79,7.62,9.89,86.11,-0.23
1985-05-27,0,44.79,7.62,9.89,86.11,-0.23
1985-05-28,0,44.79,7.62,9.89,86.11,-0.23
1985-05-29,0,44.79,7.62,9.89,86.11,-0.23
1985-05-30,0,44.79,7.62,9.89,86.11,-0.23
1985-05-31,0,44.79,7.62,9.89,86.11,-0.23
1985-06-01,0,64.93,22.79,9.89,51.76,-0.23
1985-06-02,0,64.93,22.79,9.89,51.76,-0.23
1985-06-03,0,64.93,22.79,9.89,51.76,-0.23
1985-06-04,0,64.93,22.79,9.89,51.76,-0.13
1985-06-05,0,64.93,22.79,9.89,51.76,-0.13
1985-06-06,0,64.93,22.79,9.89,51.76,-0.13
1985-06-07,0,64.93,22.79,9.89,51.76,-0.13
1985-06-08,0,64.93,22.79,9.89,51.76,-0.13
1985-06-09,0,64.93,22.79,9.89,51.76,-0.13
1985-06-10,0,64.93,22.79,9.89,51.76,-0.13
1985-06-11,0,64.93,22.79,9.89,51.76,-0.13
1985-06-12,0,64.93,22.79,9.89,51.76,-0.13
1985-06-13,0,64.93,22.79,9.89,51.76,-0.13
1985-06-14,0,64.93,22.79,9.89,51.76,-0.13
1985-06-15,0,64.93,22.79,9.89,51.76,-0.13
1985-06-16,0,64.93,22.79,9.89,51.76,-0.13
1985-06-17,0,64.93,22.79,9.89,51.76,-0.13
1985-06-18,0,64.93,22.79,9.89,51.76,-0.13
1985-06-19,0,64.93,22.79,9.89,51.76,-0.13
1985-06-20,0,64.93,22.79,9.89,51.76,-0.13
1985-06-21,0,64.93,22.79,9.89,51.76,-0.13
1985-06-22,0,64.93,22.79,9.89,51.76,-0.13
1985-06-23,0,64.93,22.79,9.89,51.76,-0.13
1985-06-24,0,64.93,22.79,9.89,51.76,-0.13
1985-06-25,0,64.93,22.79,9.89,51.76,-0.13
1985-06-26,0,64.93,22.79,9.89,51.76,-0.13
1985-06-27,0,64.93,22.79,9.89,51.76,-0.13
1985-06-28,0,64.93,22.79,9.89,51.76,-0.13
1985-06-29,0,64.93,22.79,9.89,51.76,-0.13
1985-06-30,0,64.93,22.79,9.89,51.76,-0.13
1985-07-01,0,68.16,27.69,9.89,36.48,-0.13
1985-07-02,0,68.16,27.69,9.89,36.48,-0.13
1985-07-03,0,68.16,27.69,9.89,36.48,-0.13
1985-07-04,0,68.16,27.69,9.89,36.48,-0.13
1985-07-05,0,68.16,27.69,9.89,36.48,-0.27
1985-07-06,0,68.16,27.69,9.89,36.48,-0.27
1985-07-07,0,68.16,27.69,9.89,36.48,-0.27
1985-07-08,0,68.16,27.69,9.89,36.48,-0.27
1985-07-09,0,68.16,27.69,9.89,36.48,-0.27
1985-07-10,0,68.16,27.69,9.89,36.48,-0.27
1985-07-11,0,68.16,27.69,9.89,36.48,-0.27
1985-07-12,0,68.16,27.69,9.89,36.48,-0.27
1985-07-13,0,68.16,27.69,9.89,36.48,-0.27
1985-07-14,0,68.16,27.69,9.89,36.48,-0.27
1985-07-15,0,68.16,27.69,9.89,36.48,-0.27
1985-07-16,0,68.16,27.69,9.89,36.48,-0.27
1985-07-17,0,68.16,27.69,9.89,36.48,-0.27
1985-07-18,0,68.16,27.69,9.89,36.48,-0.27
1985-07-19,0,68.16,27.69,9.89,36.48,-0.27
1985-07-20,0,68.16,27.69,9.89,36.48,-0.27
1985-07-21,0,68.16,27.69,9.89,36.48,-0.27
1985-07-22,0,68.16,27.69,9.89,36.48,-0.27
1985-07-23,0,68.16,27.69,9.89,36.48,-0.27
1985-07-24,0,68.16,27.69,9.89,36.48,-0.27
1985-07-25,0,68.16,27.69,9.89,36.48,-0.27
1985-07-26,0,68.16,27.69,9.89,36.48,-0.27
1985-07-27,0,68.16,27.69,9.89,36.48,-0.27
1985-07-28,0,68.16,27.69,9.89,36.48,-0.27
1985-07-29,0,68.16,27.69,9.89,36.48,-0.27
1985-07-30,0,68.16,27.69,9.89,36.48,-0.27
1985-07-31,0,68.16,27.69,9.89,36.48,-0.27
1985-08-01,0,61.67,19.11,9.89,44.87,-0.27
1985-08-02,0,61.67,19.11,9.89,44.87,-0.27
1985-08-03,0,61.67,19.11,9.89,44.87,-0.27
1985-08-04,0,61.67,19.11,9.89,44.87,-0.27
1985-08-05,0,61.67,19.11,9.89,44.87,-0.41
1985-08-06,0,61.67,19.11,9.89,44.87,-0.41
1985-08-07,0,61.67,19.11,9.89,44.87,-0.41
1985-08-08,0,61.67,19.11,9.89,44.87,-0.41
1985-08-09,0,61.67,19.11,9.89,44.87,-0.41
1985-08-10,0,61.67,19.11,9.89,44.87,-0.41
1985-08-11,0,61.67,19.11,9.89,44.87,-0.41
1985-08-12,0,61.67,19.11,9.89,44.87,-0.41
1985-08-13,0,61.67,19.11,9.89,44.87,-0.41
1985-08-14,0,61.67,19.11,9.89,44.87,-0.41
1985-08-15,0,61.67,19.11,9.89,44.87,-0.41
1985-08-16,0,61.67,19.11,9.89,44.87,-0.41
1985-08-17,0,61.67,19.11,9.89,44.87,-0.41
1985-08-18,0,61.67,19.11,9.89,44.87,-0.41
1985-08-19,0,61.67,19.11,9.89,44.87,-0.41
1985-08-20,0,61.67,19.11,9.89,44.87,-0.41
1985-08-21,0,61.67,19.11,9.89,44.87,-0.41
1985-08-22,0,61.67,19.11,9.89,44.87,-0.41
1985-08-23,0,61.67,19.11,9.89,44.87,-0.41
1985-08-24,0,61.67,19.11,9.89,44.87,-0.41
1985-08-25,0,61.67,19.11,9.89,44.87,-0.41
1985-08-26,0,61.67,19.11,9.89,44.87,-0.41
1985-08-27,0,61.67,19.11,9.89,44.87,-0.41
1985-08-28,0,61.67,19.11,9.89,44.87,-0.41
1985-08-29,0,61.67,19.11,9.89,44.87,-0.41
1985-08-30,0,61.67,19.11,9.89,44.87,-0.41
1985-08-31,0,61.67,19.11,9.89,44.87,-0.41
1985-09-01,0,33.05,3.05,9.89,54.66,-0.41
1985-09-02,0,33.05,3.05,9.89,54.66,-0.61
1985-09-03,0,33.05,3.05,9.89,54.66,-0.61
1985-09-04,0,33.05,3.05,9.89,54.66,-0.61
1985-09-05,0,33.05,3.05,9.89,54.66,-0.61
1985-09-06,0,33.05,3.05,9.89,54.66,-0.61
1985-09-07,0,33.05,3.05,9.89,54.66,-0.61
1985-09-08,0,33.05,3.05,9.89,54.66,-0.61
1985-09-09,0,33.05,3.05,9.89,54.66,-0.61
1985-09-10,0,33.05,3.05,9.89,54.66,-0.61
1985-09-11,0,33.05,3.05,9.89,54.66,-0.61
1985-09-12,0,33.05,3.05,9.89,54.66,-0.61
1985-09-13,0,33.05,3.05,9.89,54.66,-0.61
1985-09-14,0,33.05,3.05,9.89,54.66,-0.61
1985-09-15,0,33.05,3.05,9.89,54.66,-0.61
1985-09-16,0,33.05,3.05,9.89,54.66,-0.61
1985-09-17,0,33.05,3.05,9.89,54.66,-0.61
1985-09-18,0,33.05,3.05,9.89,54.66,-0.61
1985-09-19,0,33.05,3.05,9.89,54.66,-0.61
1985-09-20,0,33.05,3.05,9.89,54.66,-0.61
1985-09-21,0,33.05,3.05,9.89,54.66,-0.61
1985-09-22,0,33.05,3.05,9.89,54.66,-0.61
1985-09-23,0,33.05,3.05,9.89,54.66,-0.61
1985-09-24,0,33.05,3.05,9.89,54.66,-0.61
1985-09-25,0,33.05,3.05,9.89,54.66,-0.61
1985-09-26,0,33.05,3.05,9.89,54.66,-0.61
1985-09-27,0,33.05,3.05,9.89,54.66,-0.61
1985-09-28,0,33.05,3.05,9.89,54.66,-0.61
1985-09-29,0,33.05,3.05,9.89,54.66,-0.61
1985-09-30,0,33.05,3.05,9.89,54.66,-0.61
1985-10-01,0,12.04,0,9.89,23.09,-0.61
1985-10-02,0,12.04,0,9.89,23.09,-0.61
1985-10-03,0,12.04,0,9.89,23.09,-0.98
1985-10-04,0,12.04,0,9.89,23.09,-0.98
1985-10-05,0,12.04,0,9.89,23.09,-0.98
1985-10-06,0,12.04,0,9.89,23.09,-0.98
1985-10-07,0,12.04,0,9.89,23.09,-0.98
1985-10-08,0,12.04,0,9.89,23.09,-0.98
1985-10-09,0,12.04,0,9.89,23.09,-0.98
1985-10-10,0,12.04,0,9.89,23.09,-0.98
1985-10-11,0,12.04,0,9.89,23.09,-0.98
1985-10-12,0,12.04,0,9.89,23.09,-0.98
1985-10-13,0,12.04,0,9.89,23.09,-0.98
1985-10-14,0,12.04,0,9.89,23.09,-0.98
1985-10-15,0,12.04,0,9.89,23.09,-0.98
1985-10-16,0,12.04,0,9.89,23.09,-0.98
1985-10-17,0,12.04,0,9.89,23.09,-0.98
1985-10-18,0,12.04,0,9.89,23.09,-0.98
1985-10-19,0,12.04,0,9.89,23.09,-0.98
1985-10-20,0,12.04,0,9.89,23.09,-0.98
1985-10-21,0,12.04,0,9.89,23.09,-0.98
1985-10-22,0,12.04,0,9.89,23.09,-0.98
1985-10-23,0,12.04,0,9.89,23.09,-0.98
1985-10-24,0,12.04,0,9.89,23.09,-0.98
1985-10-25,0,12.04,0,9.89,23.09,-0.98
1985-10-26,0,12.04,0,9.89,23.09,-0.98
1985-10-27,0,12.04,0,9.89,23.09,-0.98
1985-10-28,0,12.04,0,9.89,23.09,-0.98
1985-10-29,0,12.04,0,9.89,23.09,-0.98
1985-10-30,0,12.04,0,9.89,23.09,-0.98
1985-10-31,0,12.04,0,9.89,23.09,-0.98
1985-11-01,0,3.58,0,13.19,26.51,-0.98
1985-11-02,0,3.58,0,13.19,26.51,-1.51
1985-11-03,0,3.58,0,13.19,26.51,-1.51
1985-11-04,0,3.58,0,13.19,26.51,-1.51
1985-11-05,0,3.58,0,13.19,26.51,-1.51
1985-11-06,0,3.58,0,13.19,26.51,-1.51
1985-11-07,0,3.58,0,13.19,26.51,-1.51
1985-11-08,0,3.58,0,13.19,26.51,-1.51
1985-11-09,0,3.58,0,13.19,26.51,-1.51
1985-11-10,0,3.58,0,13.19,26.51,-1.51
1985-11-11,0,3.58,0,13.19,26.51,-1.51
1985-11-12,0,3.58,0,13.19,26.51,-1.51
1985-11-13,0,3.58,0,13.19,26.51,-1.51
1985-11-14,0,3.58,0,13.19,26.51,-1.51
1985-11-15,0,3.58,0,13.19,26.51,-1.51
1985-11-16,0,3.58,0,13.19,26.51,-1.51
1985-11-17,0,3.58,0,13.19,26.51,-1.51
1985-11-18,0,3.58,0,13.19,26.51,-1.51
1985-11-19,0,3.58,0,13.19,26.51,-1.51
1985-11-20,0,3.58,0,13.19,26.51,-1.51
1985-11-21,0,3.58,0,13.19,26.51,-1.51
1985-11-22,0,3.58,0,13.19,26.51,-1.51
1985-11-23,0,3.58,0,13.19,26.51,-1.51
1985-11-24,0,3.58,0,13.19,26.51,-1.51
1985-11-25,0,3.58,0,13.19,26.51,-1.51
1985-11-26,0,3.58,0,13.19,26.51,-1.51
1985-11-27,0,3.58,0,13.19,26.51,-1.51
1985-11-28,0,3.58,0,13.19,26.51,-1.51
1985-11-29,0,3.58,0,13.19,26.51,-1.51
1985-11-30,0,3.58,0,13.19,26.51,-1.51
1985-12-01,0,2.08,0,3.4,39.51,-1.51
1985-12-02,0,2.08,0,3.4,39.51,-1.51
1985-12-03,0,2.08,0,3.4,39.51,-1.98
1985-12-04,0,2.08,0,3.4,39.51,-1.98
1985-12-05,0,2.08,0,3.4,39.51,-1.98
1985-12-06,0,2.08,0,3.4,39.51,-1.98
1985-12-07,0,2.08,0,3.4,39.51,-1.98
1985-12-08,0,2.08,0,3.4,39.51,-1.98
1985-12-09,0,2.08,0,3.4,39.51,-1.98
1985-12-10,0,2.08,0,3.4,39.51,-1.98
1985-12-11,0,2.08,0,3.4,39.51,-1.98
1985-12-12,0,2.08,0,3.4,39.51,-1.98
1985-12-13,0,2.08,0,3.4,39.51,-1.98
1985-12-14,0,2.08,0,3.4,39.51,-1.98
1985-12-15,0,2.08,0,3.4,39.51,-1.98
1985-12-16,0,2.08,0,3.4,39.51,-1.98
1985-12-17,0,2.08,0,3.4,39.51,-1.98
1985-12-18,0,2.08,0,3.4,39.51,-1.98
1985-12-19,0,2.08,0,3.4,39.51,-1.98
1985-12-20,0,2.08,0,3.4,39.51,-1.98
1985-12-21,0,2.08,0,3.4,39.51,-1.98
1985-12-22,0,2.08,0,3.4,39.51,-1.98
1985-12-23,0,2.08,0,3.4,39.51,-1.98
1985-12-24,0,2.08,0,3.4,39.51,-1.98
1985-12-25,0,2.08,0,3.4,39.51,-1.98
1985-12-26,0,2.08,0,3.4,39.51,-1.98
1985-12-27,0,2.08,0,3.4,39.51,-1.98
1985-12-28,0,2.08,0,3.4,39.51,-1.98
1985-12-29,0,2.08,0,3.4,39.51,-1.98
1985-12-30,0,2.08,0,3.4,39.51,-1.98
1985-12-31,0,2.08,0,3.4,39.51,-1.98
1986-01-01,0,2.08,0,2.8,48.81,-1.98
1986-01-02,0,2.08,0,2.8,48.81,-2.26
1986-01-03,0,2.08,0,2.8,48.81,-2.26
1986-01-04,0,2.08,0,2.8,48.81,-2.26
1986-01-05,0,2.08,0,2.8,48.81,-2.26
1986-01-06,0,2.08,0,2.8,48.81,-2.26
1986-01-07,0,2.08,0,2.8,48.81,-2.26
1986-01-08,0,2.08,0,2.8,48.81,-2.26
1986-01-09,0,2.08,0,2.8,48.81,-2.26
1986-01-10,0,2.08,0,2.8,48.81,-2.26
1986-01-11,0,2.08,0,2.8,48.81,-2.26
1986-01-12,0,2.08,0,2.8,48.81,-2.26
1986-01-13,0,2.08,0,2.8,48.81,-2.26
1986-01-14,0,2.08,0,2.8,48.81,-2.26
1986-01-15,0,2.08,0,2.8,48.81,-2.26
1986-01-16,0,2.08,0,2.8,48.81,-2.26
1986-01-17,0,2.08,0,2.8,48.81,-2.26
1986-01-18,0,2.08,0,2.8,48.81,-2.26
1986-01-19,0,2.08,0,2.8,48.81,-2.26
1986-01-20,0,2.08,0,2.8,48.81,-2.26
1986-01-21,0,2.08,0,2.8,48.81,-2.26
1986-01-22,0,2.08,0,2.8,48.81,-2.26
1986-01-23,0,2.08,0,2.8,48.81,-2.26
1986-01-24,0,2.08,0,2.8,48.81,-2.26
1986-01-25,0,2.08,0,2.8,48.81,-2.26
1986-01-26,0,2.08,0,2.8,48.81,-2.26
1986-01-27,0,2.08,0,2.8,48.81,-2.26
1986-01-28,0,2.08,0,2.8,48.81,-2.26
1986-01-29,0,2.08,0,2.8,48.81,-2.26
1986-01-30,0,2.08,0,2.8,48.81,-2.26
1986-01-31,0,2.08,0,2.8,48.81,-2.26
1986-02-01,0,11.05,7.14,49.99,165.58,-2.26
1986-02-02,0,11.05,7.14,49.99,165.58,-1.68
1986-02-03,0,11.05,7.14,49.99,165.58,-1.68
1986-02-04,0,11.05,7.14,49.99,165.58,-1.68
1986-02-05,0,11.05,7.14,49.99,165.58,-1.68
1986-02-06,0,11.05,7.14,49.99,165.58,-1.68
1986-02-07,0,11.05,7.14,49.99,165.58,-1.68
1986-02-08,0,11.05,7.14,49.99,165.58,-1.68
1986-02-09,0,11.05,7.14,49.99,165.58,-1.68
1986-02-10,0,11.05,7.14,49.99,165.58,-1.68
1986-02-11,0,11.05,7.14,49.99,165.58,-1.68
1986-02-12,0,11.05,9.97,137.2,165.58,-1.68
1986-02-13,0,11.05,9.97,176.24,165.58,-1.68
1986-02-14,0,11.05,9.97,176.24,165.58,-1.68
1986-02-15,0,11.05,9.97,176.24,165.58,-1.68
1986-02-16,0,11.05,9.97,176.24,165.58,-1.68
1986-02-17,0,11.05,9.97,176.24,165.58,-1.68
1986-02-18,0,11.05,9.97,176.24,165.58,-1.68
1986-02-19,0,11.05,9.97,176.24,165.58,-1.68
1986-02-20,0,11.05,9.97,176.24,165.58,-1.68
1986-02-21,0,11.05,9.97,176.24,165.58,-1.68
1986-02-22,0,11.05,9.97,176.24,165.58,-1.68
1986-02-23,0,11.05,9.97,176.24,165.58,-1.68
1986-02-24,0,11.05,9.97,176.24,165.58,-1.68
1986-02-25,0,11.05,9.97,176.24,165.58,-1.68
1986-02-26,0,11.05,9.97,176.24,165.58,-1.68
1986-02-27,0,11.05,9.97,176.24,165.58,-1.68
1986-02-28,0,11.05,9.97,131.96,165.58,-1.68
1986-03-01,0,13.16,7.26,120.8,181.2,-1.68
1986-03-02,0,13.16,7.26,120.8,181.2,-1.68
1986-03-03,0,13.16,7.26,120.8,181.2,-1.68
1986-03-04,0,13.16,7.26,120.8,181.2,-1.68
1986-03-05,0,13.16,7.26,120.8,181.2,-0.95
1986-03-06,0,13.16,7.26,120.8,181.2,-0.95
1986-03-07,0,13.16,7.26,120.8,181.2,-0.95
1986-03-08,0,13.16,7.26,120.8,181.2,-0.95
1986-03-09,0,13.16,7.26,120.8,181.2,-0.95
1986-03-10,0,13.16,7.26,120.8,181.2,-0.95
1986-03-11,0,13.16,7.26,120.8,181.2,-0.95
1986-03-12,0,13.16,7.26,120.8,181.2,-0.95
1986-03-13,0,13.16,7.26,120.8,181.2,-0.95
1986-03-14,0,13.16,7.26,120.8,181.2,-0.95
1986-03-15,0,13.16,7.26,120.8,181.2,-0.95
1986-03-16,0,13.16,7.26,120.8,181.2,-0.95
1986-03-17,0,13.16,7.26,120.8,181.2,-0.95
1986-03-18,0,13.16,7.26,120.8,181.2,-0.95
1986-03-19,0,13.16,7.26,120.8,181.2,-0.95
1986-03-20,0,13.16,7.26,120.8,181.2,-0.95
1986-03-21,0,13.16,7.26,120.8,181.2,-0.95
1986-03-22,0,13.16,7.26,120.8,181.2,-0.95
1986-03-23,0,13.16,7.26,120.8,181.2,-0.95
1986-03-24,0,13.16,7.26,120.8,181.2,-0.95
1986-03-25,0,13.16,7.26,120.8,181.2,-0.95
1986-03-26,0,13.16,7.26,120.8,181.2,-0.95
1986-03-27,0,13.16,7.26,120.8,181.2,-0.95
1986-03-28,0,13.16,7.26,120.8,181.2,-0.95
1986-03-29,0,13.16,7.26,120.8,181.2,-0.95
1986-03-30,0,13.16,7.26,120.8,181.2,-0.95
1986-03-31,0,13.16,7.26,120.8,181.2,-0.95
1986-04-01,0,85.89,14.4,51.5,165.99,-0.95
1986-04-02,0,85.89,14.4,51.5,165.99,-0.95
1986-04-03,0,85.89,14.4,51.5,165.99,-0.95
1986-04-04,0,85.89,14.4,51.5,165.99,-0.71
1986-04-05,0,85.89,14.4,51.5,165.99,-0.71
1986-04-06,0,85.89,14.4,51.5,165.99,-0.71
1986-04-07,0,85.89,14.4,51.5,165.99,-0.71
1986-04-08,0,85.89,14.4,51.5,165.99,-0.71
1986-04-09,0,85.89,14.4,51.5,165.99,-0.71
1986-04-10,0,85.89,14.4,51.5,165.99,-0.71
1986-04-11,0,85.89,14.4,51.5,165.99,-0.71
1986-04-12,0,85.89,14.4,51.5,165.99,-0.71
1986-04-13,0,85.89,14.4,51.5,165.99,-0.71
1986-04-14,0,85.89,14.4,51.5,165.99,-0.71
1986-04-15,0,85.89,14.4,51.5,165.99,-0.71
1986-04-16,0,85.89,14.4,51.5,165.99,-0.71
1986-04-17,0,85.89,14.4,51.5,165.99,-0.71
1986-04-18,0,85.89,14.4,51.5,165.99,-0.71
1986-04-19,0,85.89,14.4,51.5,165.99,-0.71
1986-04-20,0,85.89,14.4,51.5,165.99,-0.71
1986-04-21,0,85.89,14.4,51.5,165.99,-0.71
1986-04-22,0,85.89,14.4,51.5,165.99,-0.71
1986-04-23,0,85.89,14.4,51.5,165.99,-0.71
1986-04-24,0,85.89,14.4,51.5,165.99,-0.71
1986-04-25,0,85.89,14.4,51.5,165.99,-0.71
1986-04-26,0,85.89,14.4,51.5,165.99,-0.71
1986-04-27,0,85.89,14.4,51.5,165.99,-0.71
1986-04-28,0,85.89,14.4,51.5,165.99,-0.71
1986-04-29,0,85.89,14.4,51.5,165.99,-0.71
1986-04-30,0,85.89,14.4,51.5,165.99,-0.71
1986-05-01,0,99.97,25.92,91.85,213.43,-0.71
1986-05-02,0,99.97,25.92,91.85,213.43,-0.71
1986-05-03,0,99.97,25.92,91.85,213.43,-0.71
1986-05-04,0,99.97,25.92,91.85,213.43,-0.71
1986-05-05,0,99.97,25.92,91.85,213.43,-0.39
1986-05-06,0,99.97,25.92,91.85,213.43,-0.39
1986-05-07,0,99.97,25.92,91.85,213.43,-0.39
1986-05-08,0,99.97,25.92,91.85,213.43,-0.39
1986-05-09,0,99.97,25.92,91.85,213.43,-0.39
1986-05-10,0,99.97,25.92,91.85,213.43,-0.39
1986-05-11,0,99.97,25.92,91.85,213.43,-0.39
1986-05-12,0,99.97,25.92,91.85,213.43,-0.39
1986-05-13,0,99.97,25.92,91.85,213.43,-0.39
1986-05-14,0,99.97,25.92,91.85,213.43,-0.39
1986-05-15,0,99.97,25.92,91.85,213.43,-0.39
1986-05-16,0,99.97,25.92,91.85,213.43,-0.39
1986-05-17,0,99.97,25.92,91.85,213.43,-0.39
1986-05-18,0,99.97,25.92,91.85,213.43,-0.39
1986-05-19,0,99.97,25.92,91.85,213.43,-0.39
1986-05-20,0,99.97,25.92,91.85,213.43,-0.39
1986-05-21,0,99.97,25.92,91.85,213.43,-0.39
1986-05-22,0,99.97,25.92,91.85,213.43,-0.39
1986-05-23,0,99.97,25.92,91.85,213.43,-0.39
1986-05-24,0,99.97,25.92,91.85,213.43,-0.39
1986-05-25,0,99.97,25.92,91.85,213.43,-0.39
1986-05-26,0,99.97,25.92,91.85,213.43,-0.39
1986-05-27,0,99.97,25.92,91.85,213.43,-0.39
1986-05-28,0,99.97,25.92,91.85,213.43,-0.39
1986-05-29,0,99.97,25.92,91.85,213.43,-0.39
1986-05-30,0,99.97,25.92,91.85,213.43,-0.39
1986-05-31,0,99.97,25.92,91.85,213.43,-0.39
1986-06-01,0,125.42,35.21,49.8,246.47,-0.39
1986-06-02,0,125.42,35.21,49.8,246.47,-0.39
1986-06-03,0,125.42,35.21,49.8,246.47,-0.39
1986-06-04,0,125.42,35.21,49.8,246.47,-0.19
1986-06-05,0,125.42,35.21,49.8,246.47,-0.19
1986-06-06,0,125.42,35.21,49.8,246.47,-0.19
1986-06-07,0,125.42,35.21,49.8,246.47,-0.19
1986-06-08,0,125.42,35.21,49.8,246.47,-0.19
1986-06-09,0,125.42,35.21,49.8,246.47,-0.19
1986-06-10,0,125.42,35.21,49.8,246.47,-0.19
1986-06-11,0,125.42,35.21,49.8,246.47,-0.19
1986-06-12,0,125.42,35.21,49.8,246.47,-0.19
1986-06-13,0,125.42,35.21,59.69,246.47,-0.19
1986-06-14,0,125.42,35.21,83.86,246.47,-0.19
1986-06-15,0,125.42,35.21,83.86,246.47,-0.19
1986-06-16,0,125.42,35.21,83.86,246.47,-0.19
1986-06-17,0,125.42,35.21,83.86,246.47,-0.19
1986-06-18,0,125.42,35.21,83.86,246.47,-0.19
1986-06-19,0,125.42,35.21,83.86,246.47,-0.19
1986-06-20,0,125.42,35.21,83.86,246.47,-0.19
1986-06-21,0,125.42,35.21,83.86,246.47,-0.19
1986-06-22,0,125.42,35.21,83.86,246.47,-0.19
1986-06-23,0,125.42,35.21,83.86,246.47,-0.19
1986-06-24,0,125.42,35.21,83.86,246.47,-0.19
1986-06-25,0,125.42,35.21,83.86,246.47,-0.19
1986-06-26,0,125.42,35.21,83.86,246.47,-0.19
1986-06-27,0,125.42,35.21,83.86,246.47,-0.19
1986-06-28,0,125.42,35.21,83.86,246.47,-0.19
1986-06-29,0,125.42,35.21,83.86,246.47,-0.19
1986-06-30,0,125.42,35.21,83.86,246.47,-0.19
1986-07-01,0,99.04,32.9,9.89,112.63,-0.19
1986-07-02,0,99.04,32.9,9.89,112.63,-0.19
1986-07-03,0,99.04,32.9,9.89,112.63,-0.19
1986-07-04,0,99.04,32.9,9.89,112.63,-0.19
1986-07-05,0,99.04,32.9,9.89,112.63,-0.22
1986-07-06,0,99.04,32.9,9.89,112.63,-0.22
1986-07-07,0,99.04,32.9,9.89,112.63,-0.22
1986-07-08,0,99.04,32.9,9.89,112.63,-0.22
1986-07-09,0,99.04,32.9,9.89,112.63,-0.22
1986-07-10,0,99.04,32.9,9.89,112.63,-0.22
1986-07-11,0,99.04,32.9,9.89,112.63,-0.22
1986-07-12,0,99.04,32.9,9.89,112.63,-0.22
1986-07-13,0,99.04,32.9,9.89,112.63,-0.22
1986-07-14,0,99.04,32.9,9.89,112.63,-0.22
1986-07-15,0,99.04,32.9,9.89,112.63,-0.22
1986-07-16,0,99.04,32.9,9.89,112.63,-0.22
1986-07-17,0,99.04,32.9,9.89,112.63,-0.22
1986-07-18,0,99.04,32.9,9.89,112.63,-0.22
1986-07-19,0,99.04,32.9,9.89,112.63,-0.22
1986-07-20,0,99.04,32.9,9.89,112.63,-0.22
1986-07-21,0,99.04,32.9,9.89,112.63,-0.22
1986-07-22,0,99.04,32.9,9.89,112.63,-0.22
1986-07-23,0,99.04,32.9,9.89,112.63,-0.22
1986-07-24,0,99.04,32.9,9.89,112.63,-0.22
1986-07-25,0,99.04,32.9,9.89,112.63,-0.22
1986-07-26,0,99.04,32.9,9.89,112.63,-0.22
1986-07-27,0,99.04,32.9,9.89,112.63,-0.22
1986-07-28,0,99.04,32.9,9.89,112.63,-0.22
1986-07-29,0,99.04,32.9,9.89,112.63,-0.22
1986-07-30,0,99.04,32.9,9.89,112.63,-0.22
1986-07-31,0,99.04,32.9,9.89,112.63,-0.22
1986-08-01,0,86.75,28.56,9.89,61.37,-0.22
1986-08-02,0,86.75,28.56,9.89,61.37,-0.22
1986-08-03,0,86.75,28.56,9.89,61.37,-0.22
1986-08-04,0,86.75,28.56,9.89,61.37,-0.22
1986-08-05,0,86.75,28.56,9.89,61.37,-0.37
1986-08-06,0,86.75,28.56,9.89,61.37,-0.37
1986-08-07,0,86.75,28.56,9.89,61.37,-0.37
1986-08-08,0,86.75,28.56,9.89,61.37,-0.37
1986-08-09,0,86.75,28.56,9.89,61.37,-0.37
1986-08-10,0,86.75,28.56,9.89,61.37,-0.37
1986-08-11,0,86.75,28.56,9.89,61.37,-0.37
1986-08-12,0,86.75,28.56,9.89,61.37,-0.37
1986-08-13,0,86.75,28.56,9.89,61.37,-0.37
1986-08-14,0,86.75,28.56,9.89,61.37,-0.37
1986-08-15,0,86.75,28.56,9.89,61.37,-0.37
1986-08-16,0,86.75,28.56,9.89,61.37,-0.37
1986-08-17,0,86.75,28.56,9.89,61.37,-0.37
1986-08-18,0,86.75,28.56,9.89,61.37,-0.37
1986-08-19,0,86.75,28.56,9.89,61.37,-0.37
1986-08-20,0,86.75,28.56,9.89,61.37,-0.37
1986-08-21,0,86.75,28.56,9.89,61.37,-0.37
1986-08-22,0,86.75,28.56,9.89,61.37,-0.37
1986-08-23,0,86.75,28.56,9.89,61.37,-0.37
1986-08-24,0,86.75,28.56,9.89,61.37,-0.37
1986-08-25,0,86.75,28.56,9.89,61.37,-0.37
1986-08-26,0,86.75,28.56,9.89,61.37,-0.37
1986-08-27,0,86.75,28.56,9.89,61.37,-0.37
1986-08-28,0,86.75,28.56,9.89,61.37,-0.37
1986-08-29,0,86.75,28.56,9.89,61.37,-0.37
1986-08-30,0,86.75,28.56,9.89,61.37,-0.37
1986-08-31,0,86.75,28.56,9.89,61.37,-0.37
1986-09-01,0,48.55,10.7,9.89,51.07,-0.37
1986-09-02,0,48.55,10.7,9.89,51.07,-0.58
1986-09-03,0,48.55,10.7,9.89,51.07,-0.58
1986-09-04,0,48.55,10.7,9.89,51.07,-0.58
1986-09-05,0,48.55,10.7,9.89,51.07,-0.58
1986-09-06,0,48.55,10.7,9.89,51.07,-0.58
1986-09-07,0,48.55,10.7,9.89,51.07,-0.58
1986-09-08,0,48.55,10.7,9.89,51.07,-0.58
1986-09-09,0,48.55,10.7,9.89,51.07,-0.58
1986-09-10,0,48.55,10.7,9.89,51.07,-0.58
1986-09-11,0,48.55,10.7,9.89,51.07,-0.58
1986-09-12,0,48.55,10.7,9.89,51.07,-0.58
1986-09-13,0,48.55,10.7,9.89,51.07,-0.58
1986-09-14,0,48.55,10.7,9.89,51.07,-0.58
1986-09-15,0,48.55,10.7,9.89,51.07,-0.58
1986-09-16,0,48.55,10.7,9.89,51.07,-0.58
1986-09-17,0,48.55,10.7,9.89,51.07,-0.58
1986-09-18,0,48.55,10.7,9.89,51.07,-0.58
1986-09-19,0,48.55,10.7,9.89,51.07,-0.58
1986-09-20,0,48.55,10.7,9.89,51.07,-0.58
1986-09-21,0,48.55,10.7,9.89,51.07,-0.58
1986-09-22,0,48.55,10.7,9.89,51.07,-0.58
1986-09-23,0,48.55,10.7,9.89,51.07,-0.58
1986-09-24,0,48.55,10.7,9.89,51.07,-0.58
1986-09-25,0,48.55,10.7,9.89,51.07,-0.58
1986-09-26,0,48.55,10.7,9.89,51.07,-0.58
1986-09-27,0,48.55,10.7,9.89,51.07,-0.58
1986-09-28,0,48.55,10.7,9.89,51.07,-0.58
1986-09-29,0,48.55,10.7,9.89,51.07,-0.58
1986-09-30,0,48.55,10.7,9.89,51.07,-0.58
1986-10-01,0,17.04,1.33,9.89,41.64,-0.58
1986-10-02,0,17.04,1.33,9.89,41.64,-0.58
1986-10-03,0,17.04,1.33,9.89,41.64,-1.15
1986-10-04,0,17.04,1.33,9.89,41.64,-1.15
1986-10-05,0,17.04,1.33,9.89,41.64,-1.15
1986-10-06,0,17.04,1.33,9.89,41.64,-1.15
1986-10-07,0,17.04,1.33,9.89,41.64,-1.15
1986-10-08,0,17.04,1.33,9.89,41.64,-1.15
1986-10-09,0,17.04,1.33,9.89,41.64,-1.15
1986-10-10,0,17.04,1.33,9.89,41.64,-1.15
1986-10-11,0,17.04,1.33,9.89,41.64,-1.15
1986-10-12,0,17.04,1.33,9.89,41.64,-1.15
1986-10-13,0,17.04,1.33,9.89,41.64,-1.15
1986-10-14,0,17.04,1.33,9.89,41.64,-1.15
1986-10-15,0,17.04,1.33,9.89,41.64,-1.15
1986-10-16,0,17.04,1.33,9.89,41.64,-1.15
1986-10-17,0,17.04,1.33,9.89,41.64,-1.15
1986-10-18,0,17.04,1.33,9.89,41.64,-1.15
1986-10-19,0,17.04,1.33,9.89,41.64,-1.15
1986-10-20,0,17.04,1.33,9.89,41.64,-1.15
1986-10-21,0,17.04,1.33,9.89,41.64,-1.15
1986-10-22,0,17.04,1.33,9.89,41.64,-1.15
1986-10-23,0,17.04,1.33,9.89,41.64,-1.15
1986-10-24,0,17.04,1.33,9.89,41.64,-1.15
1986-10-25,0,17.04,1.33,9.89,41.64,-1.15
1986-10-26,0,17.04,1.33,9.89,41.64,-1.15
1986-10-27,0,17.04,1.33,9.89,41.64,-1.15
1986-10-28,0,17.04,1.33,9.89,41.64,-1.15
1986-10-29,0,17.04,1.33,9.89,41.64,-1.15
1986-10-30,0,17.04,1.33,9.89,41.64,-1.15
1986-10-31,0,17.04,1.33,9.89,41.64,-1.15
1986-11-01,0,4.44,0.46,13.19,28.27,-1.15
1986-11-02,0,4.44,0.46,13.19,28.27,-1.61
1986-11-03,0,4.44,0.46,13.19,28.27,-1.61
1986-11-04,0,4.44,0.46,13.19,28.27,-1.61
1986-11-05,0,4.44,0.46,13.19,28.27,-1.61
1986-11-06,0,4.44,0.46,13.19,28.27,-1.61
1986-11-07,0,4.44,0.46,13.19,28.27,-1.61
1986-11-08,0,4.44,0.46,13.19,28.27,-1.61
1986-11-09,0,4.44,0.46,13.19,28.27,-1.61
1986-11-10,0,4.44,0.46,13.19,28.27,-1.61
1986-11-11,0,4.44,0.46,13.19,28.27,-1.61
1986-11-12,0,4.44,0.46,13.19,28.27,-1.61
1986-11-13,0,4.44,0.46,13.19,28.27,-1.61
1986-11-14,0,4.44,0.46,13.19,28.27,-1.61
1986-11-15,0,4.44,0.46,13.19,28.27,-1.61
1986-11-16,0,4.44,0.46,13.19,28.27,-1.61
1986-11-17,0,4.44,0.46,13.19,28.27,-1.61
1986-11-18,0,4.44,0.46,13.19,28.27,-1.61
1986-11-19,0,4.44,0.46,13.19,28.27,-1.61
1986-11-20,0,4.44,0.46,13.19,28.27,-1.61
1986-11-21,0,4.44,0.46,13.19,28.27,-1.61
1986-11-22,0,4.44,0.46,13.19,28.27,-1.61
1986-11-23,0,4.44,0.46,13.19,28.27,-1.61
1986-11-24,0,4.44,0.46,13.19,28.27,-1.61
1986-11-25,0,4.44,0.46,13.19,28.27,-1.61
1986-11-26,0,4.44,0.46,13.19,28.27,-1.61
1986-11-27,0,4.44,0.46,13.19,28.27,-1.61
1986-11-28,0,4.44,0.46,13.19,28.27,-1.61
1986-11-29,0,4.44,0.46,13.19,28.27,-1.61
1986-11-30,0,4.44,0.46,13.19,28.27,-1.61
1986-12-01,0,2.92,0,3.4,18.96,-1.61
1986-12-02,0,2.92,0,3.4,18.96,-1.61
1986-12-03,0,2.92,0,3.4,18.96,-1.86
1986-12-04,0,2.92,0,3.4,18.96,-1.86
1986-12-05,0,2.92,0,3.4,18.96,-1.86
1986-12-06,0,2.92,0,3.4,18.96,-1.86
1986-12-07,0,2.92,0,3.4,18.96,-1.86
1986-12-08,0,2.92,0,3.4,18.96,-1.86
1986-12-09,0,2.92,0,3.4,18.96,-1.86
1986-12-10,0,2.92,0,3.4,18.96,-1.86
1986-12-11,0,2.92,0,3.4,18.96,-1.86
1986-12-12,0,2.92,0,3.4,18.96,-1.86
1986-12-13,0,2.92,0,3.4,18.96,-1.86
1986-12-14,0,2.92,0,3.4,18.96,-1.86
1986-12-15,0,2.92,0,3.4,18.96,-1.86
1986-12-16,0,2.92,0,3.4,18.96,-1.86
1986-12-17,0,2.92,0,3.4,18.96,-1.86
1986-12-18,0,2.92,0,3.4,18.96,-1.86
1986-12-19,0,2.92,0,3.4,18.96,-1.86
1986-12-20,0,2.92,0,3.4,18.96,-1.86
1986-12-21,0,2.92,0,3.4,18.96,-1.86
1986-12-22,0,2.92,0,3.4,18.96,-1.86
1986-12-23,0,2.92,0,3.4,18.96,-1.86
1986-12-24,0,2.92,0,3.4,18.96,-1.86
1986-12-25,0,2.92,0,3.4,18.96,-1.86
1986-12-26,0,2.92,0,3.4,18.96,-1.86
1986-12-27,0,2.92,0,3.4,18.96,-1.86
1986-12-28,0,2.92,0,3.4,18.96,-1.86
1986-12-29,0,2.92,0,3.4,18.96,-1.86
1986-12-30,0,2.92,0,3.4,18.96,-1.86
1986-12-31,0,2.92,0,3.4,18.96,-1.86
1987-01-01,0,2.92,0,2.8,24,-1.86
1987-01-02,0,2.92,0,2.8,24,-1.75
1987-01-03,0,2.92,0,2.8,24,-1.75
1987-01-04,0,2.92,0,2.8,24,-1.75
1987-01-05,0,2.92,0,2.8,24,-1.75
1987-01-06,0,2.92,0,2.8,24,-1.75
1987-01-07,0,2.92,0,2.8,24,-1.75
1987-01-08,0,2.92,0,2.8,24,-1.75
1987-01-09,0,2.92,0,2.8,24,-1.75
1987-01-10,0,2.92,0,2.8,24,-1.75
1987-01-11,0,2.92,0,2.8,24,-1.75
1987-01-12,0,2.92,0,2.8,24,-1.75
1987-01-13,0,2.92,0,2.8,24,-1.75
1987-01-14,0,2.92,0,2.8,24,-1.75
1987-01-15,0,2.92,0,2.8,24,-1.75
1987-01-16,0,2.92,0,2.8,24,-1.75
1987-01-17,0,2.92,0,2.8,24,-1.75
1987-01-18,0,2.92,0,2.8,24,-1.75
1987-01-19,0,2.92,0,2.8,24,-1.75
1987-01-20,0,2.92,0,2.8,24,-1.75
1987-01-21,0,2.92,0,2.8,24,-1.75
1987-01-22,0,2.92,0,2.8,24,-1.75
1987-01-23,0,2.92,0,2.8,24,-1.75
1987-01-24,0,2.92,0,2.8,24,-1.75
1987-01-25,0,2.92,0,2.8,24,-1.75
1987-01-26,0,2.92,0,2.8,24,-1.75
1987-01-27,0,2.92,0,2.8,24,-1.75
1987-01-28,0,2.92,0,2.8,24,-1.75
1987-01-29,0,2.92,0,2.8,24,-1.75
1987-01-30,0,2.92,0,2.8,24,-1.75
1987-01-31,0,2.92,0,2.8,24,-1.75
1987-02-01,0,22.78,0,10.25,34.93,-1.75
1987-02-02,0,22.78,0,10.25,34.93,-1.18
1987-02-03,0,22.78,0,10.25,34.93,-1.18
1987-02-04,0,22.78,0,10.25,34.93,-1.18
1987-02-05,0,22.78,0,10.25,34.93,-1.18
1987-02-06,0,22.78,0,10.25,34.93,-1.18
1987-02-07,0,22.78,0,10.25,34.93,-1.18
1987-02-08,0,22.78,0,10.25,34.93,-1.18
1987-02-09,0,22.78,0,10.25,34.93,-1.18
1987-02-10,0,22.78,0,10.25,34.93,-1.18
1987-02-11,0,22.78,0,10.25,34.93,-1.18
1987-02-12,0,22.78,0,10.25,34.93,-1.18
1987-02-13,0,22.78,0,10.25,34.93,-1.18
1987-02-14,0,22.78,0,10.25,34.93,-1.18
1987-02-15,0,22.78,0,10.25,34.93,-1.18
1987-02-16,0,22.78,0,10.25,34.93,-1.18
1987-02-17,0,22.78,0,10.25,34.93,-1.18
1987-02-18,0,22.78,0,10.25,34.93,-1.18
1987-02-19,0,22.78,0,10.25,34.93,-1.18
1987-02-20,0,22.78,0,10.25,34.93,-1.18
1987-02-21,0,22.78,0,10.25,34.93,-1.18
1987-02-22,0,22.78,0,10.25,34.93,-1.18
1987-02-23,0,22.78,0,10.25,34.93,-1.18
1987-02-24,0,22.78,0,10.25,34.93,-1.18
1987-02-25,0,22.78,0,10.25,34.93,-1.18
1987-02-26,0,22.78,0,10.25,34.93,-1.18
1987-02-27,0,22.78,0,10.25,34.93,-1.18
1987-02-28,0,22.78,0,10.25,34.93,-1.18
1987-03-01,0,14.16,0,28.72,55.32,-1.18
1987-03-02,0,14.16,0,28.72,55.32,-1.18
1987-03-03,0,14.16,0,28.72,55.32,-1.18
1987-03-04,0,14.16,0,28.72,55.32,-1.18
1987-03-05,0,14.16,0,28.72,55.32,-0.78
1987-03-06,0,14.16,0,28.72,55.32,-0.78
1987-03-07,0,14.16,0,28.72,55.32,-0.78
1987-03-08,0,14.16,0,28.72,55.32,-0.78
1987-03-09,0,14.16,0,28.72,55.32,-0.78
1987-03-10,0,14.16,0,28.72,55.32,-0.78
1987-03-11,0,14.16,0,28.72,55.32,-0.78
1987-03-12,0,14.16,0,28.72,55.32,-0.78
1987-03-13,0,14.16,0,28.72,55.32,-0.78
1987-03-14,0,14.16,0,28.72,55.32,-0.78
1987-03-15,0,14.16,0,28.72,55.32,-0.78
1987-03-16,0,14.16,0,28.72,55.32,-0.78
1987-03-17,0,14.16,0,28.72,55.32,-0.78
1987-03-18,0,14.16,0,28.72,55.32,-0.78
1987-03-19,0,14.16,0,28.72,55.32,-0.78
1987-03-20,0,14.16,0,28.72,55.32,-0.78
1987-03-21,0,14.16,0,28.72,55.32,-0.78
1987-03-22,0,14.16,0,28.72,55.32,-0.78
1987-03-23,0,14.16,0,28.72,55.32,-0.78
1987-03-24,0,14.16,0,28.72,55.32,-0.78
1987-03-25,0,14.16,0,28.72,55.32,-0.78
1987-03-26,0,14.16,0,28.72,55.32,-0.78
1987-03-27,0,14.16,0,28.72,55.32,-0.78
1987-03-28,0,14.16,0,28.72,55.32,-0.78
1987-03-29,0,14.16,0,28.72,55.32,-0.78
1987-03-30,0,14.16,0,28.72,55.32,-0.78
1987-03-31,0,14.16,0,28.72,55.32,-0.78
1987-04-01,0,25.67,0,9.9,61.65,-0.78
1987-04-02,0,25.67,0,9.9,61.65,-0.78
1987-04-03,0,25.67,0,9.9,61.65,-0.78
1987-04-04,0,25.67,0,9.9,61.65,-0.52
1987-04-05,0,25.67,0,9.9,61.65,-0.52
1987-04-06,0,25.67,0,9.9,61.65,-0.52
1987-04-07,0,25.67,0,9.9,61.65,-0.52
1987-04-08,0,25.67,0,9.9,61.65,-0.52
1987-04-09,0,25.67,0,9.9,61.65,-0.52
1987-04-10,0,25.67,0,9.9,61.65,-0.52
1987-04-11,0,25.67,0,9.9,61.65,-0.52
1987-04-12,0,25.67,0,9.9,61.65,-0.52
1987-04-13,0,25.67,0,9.9,61.65,-0.52
1987-04-14,0,25.67,0,9.9,61.65,-0.52
1987-04-15,0,25.67,0,9.9,61.65,-0.52
1987-04-16,0,25.67,0,9.9,61.65,-0.52
1987-04-17,0,25.67,0,9.9,61.65,-0.52
1987-04-18,0,25.67,0,9.9,61.65,-0.52
1987-04-19,0,25.67,0,9.9,61.65,-0.52
1987-04-20,0,25.67,0,9.9,61.65,-0.52
1987-04-21,0,25.67,0,9.9,61.65,-0.52
1987-04-22,0,25.67,0,9.9,61.65,-0.52
1987-04-23,0,25.67,0,9.9,61.65,-0.52
1987-04-24,0,25.67,0,9.9,61.65,-0.52
1987-04-25,0,25.67,0,9.9,61.65,-0.52
1987-04-26,0,25.67,0,9.9,61.65,-0.52
1987-04-27,0,25.67,0,9.9,61.65,-0.52
1987-04-28,0,25.67,0,9.9,61.65,-0.52
1987-04-29,0,25.67,0,9.9,61.65,-0.52
1987-04-30,0,25.67,0,9.9,61.65,-0.52
1987-05-01,0,35.48,5.96,9.89,57.41,-0.52
1987-05-02,0,35.48,5.96,9.89,57.41,-0.52
1987-05-03,0,35.48,5.96,9.89,57.41,-0.52
1987-05-04,0,35.48,5.96,9.89,57.41,-0.52
1987-05-05,0,35.48,5.96,9.89,57.41,-0.24
1987-05-06,0,35.48,5.96,9.89,57.41,-0.24
1987-05-07,0,35.48,5.96,9.89,57.41,-0.24
1987-05-08,0,35.48,5.96,9.89,57.41,-0.24
1987-05-09,0,35.48,5.96,9.89,57.41,-0.24
1987-05-10,0,35.48,5.96,9.89,57.41,-0.24
1987-05-11,0,35.48,5.96,9.89,57.41,-0.24
1987-05-12,0,35.48,5.96,9.89,57.41,-0.24
1987-05-13,0,35.48,5.96,9.89,57.41,-0.24
1987-05-14,0,35.48,5.96,9.89,57.41,-0.24
1987-05-15,0,35.48,5.96,9.89,57.41,-0.24
1987-05-16,0,35.48,5.96,9.89,57.41,-0.24
1987-05-17,0,35.48,5.96,9.89,57.41,-0.24
1987-05-18,0,35.48,5.96,9.89,57.41,-0.24
1987-05-19,0,35.48,5.96,9.89,57.41,-0.24
1987-05-20,0,35.48,5.96,9.89,57.41,-0.24
1987-05-21,0,35.48,5.96,9.89,57.41,-0.24
1987-05-22,0,35.48,5.96,9.89,57.41,-0.24
1987-05-23,0,35.48,5.96,9.89,57.41,-0.24
1987-05-24,0,35.48,5.96,9.89,57.41,-0.24
1987-05-25,0,35.48,5.96,9.89,57.41,-0.24
1987-05-26,0,35.48,5.96,9.89,57.41,-0.24
1987-05-27,0,35.48,5.96,9.89,57.41,-0.24
1987-05-28,0,35.48,5.96,9.89,57.41,-0.24
1987-05-29,0,35.48,5.96,9.89,57.41,-0.24
1987-05-30,0,35.48,5.96,9.89,57.41,-0.24
1987-05-31,0,35.48,5.96,9.89,57.41,-0.24
1987-06-01,0,51.58,17.62,9.89,33.66,-0.24
1987-06-02,0,51.58,17.62,9.89,33.66,-0.24
1987-06-03,0,51.58,17.62,9.89,33.66,-0.24
1987-06-04,0,51.58,17.62,9.89,33.66,-0.13
1987-06-05,0,51.58,17.62,9.89,33.66,-0.13
1987-06-06,0,51.58,17.62,9.89,33.66,-0.13
1987-06-07,0,51.58,17.62,9.89,33.66,-0.13
1987-06-08,0,51.58,17.62,9.89,33.66,-0.13
1987-06-09,0,51.58,17.62,9.89,33.66,-0.13
1987-06-10,0,51.58,17.62,9.89,33.66,-0.13
1987-06-11,0,51.58,17.62,9.89,33.66,-0.13
1987-06-12,0,51.58,17.62,9.89,33.66,-0.13
1987-06-13,0,51.58,17.62,9.89,33.66,-0.13
1987-06-14,0,51.58,17.62,9.89,33.66,-0.13
1987-06-15,0,51.58,17.62,9.89,33.66,-0.13
1987-06-16,0,51.58,17.62,9.89,33.66,-0.13
1987-06-17,0,51.58,17.62,9.89,33.66,-0.13
1987-06-18,0,51.58,17.62,9.89,33.66,-0.13
1987-06-19,0,51.58,17.62,9.89,33.66,-0.13
1987-06-20,0,51.58,17.62,9.89,33.66,-0.13
1987-06-21,0,51.58,17.62,9.89,33.66,-0.13
1987-06-22,0,51.58,17.62,9.89,33.66,-0.13
1987-06-23,0,51.58,17.62,9.89,33.66,-0.13
1987-06-24,0,51.58,17.62,9.89,33.66,-0.13
1987-06-25,0,51.58,17.62,9.89,33.66,-0.13
1987-06-26,0,51.58,17.62,9.89,33.66,-0.13
1987-06-27,0,51.58,17.62,9.89,33.66,-0.13
1987-06-28,0,51.58,17.62,9.89,33.66,-0.13
1987-06-29,0,51.58,17.62,9.89,33.66,-0.13
1987-06-30,0,51.58,17.62,9.89,33.66,-0.13
1987-07-01,0,54.2,21.42,9.89,29.32,-0.13
1987-07-02,0,54.2,21.42,9.89,29.32,-0.13
1987-07-03,0,54.2,21.42,9.89,29.32,-0.13
1987-07-04,0,54.2,21.42,9.89,29.32,-0.13
1987-07-05,0,54.2,21.42,9.89,29.32,-0.16
1987-07-06,0,54.2,21.42,9.89,29.32,-0.16
1987-07-07,0,54.2,21.42,9.89,29.32,-0.16
1987-07-08,0,54.2,21.42,9.89,29.32,-0.16
1987-07-09,0,54.2,21.42,9.89,29.32,-0.16
1987-07-10,0,54.2,21.42,9.89,29.32,-0.16
1987-07-11,0,54.2,21.42,9.89,29.32,-0.16
1987-07-12,0,54.2,21.42,9.89,29.32,-0.16
1987-07-13,0,54.2,21.42,9.89,29.32,-0.16
1987-07-14,0,54.2,21.42,9.89,29.32,-0.16
1987-07-15,0,54.2,21.42,9.89,29.32,-0.16
1987-07-16,0,54.2,21.42,9.89,29.32,-0.16
1987-07-17,0,54.2,21.42,9.89,29.32,-0.16
1987-07-18,0,54.2,21.42,9.89,29.32,-0.16
1987-07-19,0,54.2,21.42,9.89,29.32,-0.16
1987-07-20,0,54.2,21.42,9.89,29.32,-0.16
1987-07-21,0,54.2,21.42,9.89,29.32,-0.16
1987-07-22,0,54.2,21.42,9.89,29.32,-0.16
1987-07-23,0,54.2,21.42,9.89,29.32,-0.16
1987-07-24,0,54.2,21.42,9.89,29.32,-0.16
1987-07-25,0,54.2,21.42,9.89,29.32,-0.16
1987-07-26,0,54.2,21.42,9.89,29.32,-0.16
1987-07-27,0,54.2,21.42,9.89,29.32,-0.16
1987-07-28,0,54.2,21.42,9.89,29.32,-0.16
1987-07-29,0,54.2,21.42,9.89,29.32,-0.16
1987-07-30,0,54.2,21.42,9.89,29.32,-0.16
1987-07-31,0,54.2,21.42,9.89,29.32,-0.16
1987-08-01,0,49.1,14.81,9.89,35.16,-0.16
1987-08-02,0,49.1,14.81,9.89,35.16,-0.16
1987-08-03,0,49.1,14.81,9.89,35.16,-0.16
1987-08-04,0,49.1,14.81,9.89,35.16,-0.16
1987-08-05,0,49.1,14.81,9.89,35.16,-0.3
1987-08-06,0,49.1,14.81,9.89,35.16,-0.3
1987-08-07,0,49.1,14.81,9.89,35.16,-0.3
1987-08-08,0,49.1,14.81,9.89,35.16,-0.3
1987-08-09,0,49.1,14.81,9.89,35.16,-0.3
1987-08-10,0,49.1,14.81,9.89,35.16,-0.3
1987-08-11,0,49.1,14.81,9.89,35.16,-0.3
1987-08-12,0,49.1,14.81,9.89,35.16,-0.3
1987-08-13,0,49.1,14.81,9.89,35.16,-0.3
1987-08-14,0,49.1,14.81,9.89,35.16,-0.3
1987-08-15,0,49.1,14.81,9.89,35.16,-0.3
1987-08-16,0,49.1,14.81,9.89,35.16,-0.3
1987-08-17,0,49.1,14.81,9.89,35.16,-0.3
1987-08-18,0,49.1,14.81,9.89,35.16,-0.3
1987-08-19,0,49.1,14.81,9.89,35.16,-0.3
1987-08-20,0,49.1,14.81,9.89,35.16,-0.3
1987-08-21,0,49.1,14.81,9.89,35.16,-0.3
1987-08-22,0,49.1,14.81,9.89,35.16,-0.3
1987-08-23,0,49.1,14.81,9.89,35.16,-0.3
1987-08-24,0,49.1,14.81,9.89,35.16,-0.3
1987-08-25,0,49.1,14.81,9.89,35.16,-0.3
1987-08-26,0,49.1,14.81,9.89,35.16,-0.3
1987-08-27,0,49.1,14.81,9.89,35.16,-0.3
1987-08-28,0,49.1,14.81,9.89,35.16,-0.3
1987-08-29,0,49.1,14.81,9.89,35.16,-0.3
1987-08-30,0,49.1,14.81,9.89,35.16,-0.3
1987-08-31,0,49.1,14.81,9.89,35.16,-0.3
1987-09-01,0,26.56,2.31,9.89,41.66,-0.3
1987-09-02,0,26.56,2.31,9.89,41.66,-0.3
1987-09-03,0,26.56,2.31,9.89,41.66,-0.47
1987-09-04,0,26.56,2.31,9.89,41.66,-0.47
1987-09-05,0,26.56,2.31,9.89,41.66,-0.47
1987-09-06,0,26.56,2.31,9.89,41.66,-0.47
1987-09-07,0,26.56,2.31,9.89,41.66,-0.47
1987-09-08,0,26.56,2.31,9.89,41.66,-0.47
1987-09-09,0,26.56,2.31,9.89,41.66,-0.47
1987-09-10,0,26.56,2.31,9.89,41.66,-0.47
1987-09-11,0,26.56,2.31,9.89,41.66,-0.47
1987-09-12,0,26.56,2.31,9.89,41.66,-0.47
1987-09-13,0,26.56,2.31,9.89,41.66,-0.47
1987-09-14,0,26.56,2.31,9.89,41.66,-0.47
1987-09-15,0,26.56,2.31,9.89,41.66,-0.47
1987-09-16,0,26.56,2.31,9.89,41.66,-0.47
1987-09-17,0,26.56,2.31,9.89,41.66,-0.47
1987-09-18,0,26.56,2.31,9.89,41.66,-0.47
1987-09-19,0,26.56,2.31,9.89,41.66,-0.47
1987-09-20,0,26.56,2.31,9.89,41.66,-0.47
1987-09-21,0,26.56,2.31,9.89,41.66,-0.47
1987-09-22,0,26.56,2.31,9.89,41.66,-0.47
1987-09-23,0,26.56,2.31,9.89,41.66,-0.47
1987-09-24,0,26.56,2.31,9.89,41.66,-0.47
1987-09-25,0,26.56,2.31,9.89,41.66,-0.47
1987-09-26,0,26.56,2.31,9.89,41.66,-0.47
1987-09-27,0,26.56,2.31,9.89,41.66,-0.47
1987-09-28,0,26.56,2.31,9.89,41.66,-0.47
1987-09-29,0,26.56,2.31,9.89,41.66,-0.47
1987-09-30,0,26.56,2.31,9.89,41.66,-0.47
1987-10-01,0,9.95,0,9.89,19.55,-0.47
1987-10-02,0,9.95,0,9.89,19.55,-0.47
1987-10-03,0,9.95,0,9.89,19.55,-0.47
1987-10-04,0,9.95,0,9.89,19.55,-0.74
1987-10-05,0,9.95,0,9.89,19.55,-0.74
1987-10-06,0,9.95,0,9.89,19.55,-0.74
1987-10-07,0,9.95,0,9.89,19.55,-0.74
1987-10-08,0,9.95,0,9.89,19.55,-0.74
1987-10-09,0,9.95,0,9.89,19.55,-0.74
1987-10-10,0,9.95,0,9.89,19.55,-0.74
1987-10-11,0,9.95,0,9.89,19.55,-0.74
1987-10-12,0,9.95,0,9.89,19.55,-0.74
1987-10-13,0,9.95,0,9.89,19.55,-0.74
1987-10-14,0,9.95,0,9.89,19.55,-0.74
1987-10-15,0,9.95,0,9.89,19.55,-0.74
1987-10-16,0,9.95,0,9.89,19.55,-0.74
1987-10-17,0,9.95,0,9.89,19.55,-0.74
1987-10-18,0,9.95,0,9.89,19.55,-0.74
1987-10-19,0,9.95,0,9.89,19.55,-0.74
1987-10-20,0,9.95,0,9.89,19.55,-0.74
1987-10-21,0,9.95,0,9.89,19.55,-0.74
1987-10-22,0,9.95,0,9.89,19.55,-0.74
1987-10-23,0,9.95,0,9.89,19.55,-0.74
1987-10-24,0,9.95,0,9.89,19.55,-0.74
1987-10-25,0,9.95,0,9.89,19.55,-0.74
1987-10-26,0,9.95,0,9.89,19.55,-0.74
1987-10-27,0,9.95,0,9.89,19.55,-0.74
1987-10-28,0,9.95,0,9.89,19.55,-0.74
1987-10-29,0,9.95,0,9.89,19.55,-0.74
1987-10-30,0,9.95,0,9.89,19.55,-0.74
1987-10-31,0,9.95,0,9.89,19.55,-0.74
1987-11-01,0,3.22,0,13.19,19.05,-0.74
1987-11-02,0,3.22,0,13.19,19.05,-0.74
1987-11-03,0,3.22,0,13.19,19.05,-1.12
1987-11-04,0,3.22,0,13.19,19.05,-1.12
1987-11-05,0,3.22,0,13.19,19.05,-1.12
1987-11-06,0,3.22,0,13.19,19.05,-1.12
1987-11-07,0,3.22,0,13.19,19.05,-1.12
1987-11-08,0,3.22,0,13.19,19.05,-1.12
1987-11-09,0,3.22,0,13.19,19.05,-1.12
1987-11-10,0,3.22,0,13.19,19.05,-1.12
1987-11-11,0,3.22,0,13.19,19.05,-1.12
1987-11-12,0,3.22,0,13.19,19.05,-1.12
1987-11-13,0,3.22,0,13.19,19.05,-1.12
1987-11-14,0,3.22,0,13.19,19.05,-1.12
1987-11-15,0,3.22,0,13.19,19.05,-1.12
1987-11-16,0,3.22,0,13.19,19.05,-1.12
1987-11-17,0,3.22,0,13.19,19.05,-1.12
1987-11-18,0,3.22,0,13.19,19.05,-1.12
1987-11-19,0,3.22,0,13.19,19.05,-1.12
1987-11-20,0,3.22,0,13.19,19.05,-1.12
1987-11-21,0,3.22,0,13.19,19.05,-1.12
1987-11-22,0,3.22,0,13.19,19.05,-1.12
1987-11-23,0,3.22,0,13.19,19.05,-1.12
1987-11-24,0,3.22,0,13.19,19.05,-1.12
1987-11-25,0,3.22,0,13.19,19.05,-1.12
1987-11-26,0,3.22,0,13.19,19.05,-1.12
1987-11-27,0,3.22,0,13.19,19.05,-1.12
1987-11-28,0,3.22,0,13.19,19.05,-1.12
1987-11-29,0,3.22,0,13.19,19.05,-1.12
1987-11-30,0,3.22,0,13.19,19.05,-1.12
1987-12-01,0,1.73,0,3.4,18.8,-1.12
1987-12-02,0,1.73,0,3.4,18.8,-1.12
1987-12-03,0,1.73,0,3.4,18.8,-1.12
1987-12-04,0,1.73,0,3.4,18.8,-1.46
1987-12-05,0,1.73,0,3.4,18.8,-1.46
1987-12-06,0,1.73,0,3.4,18.8,-1.46
1987-12-07,0,1.73,0,3.4,18.8,-1.46
1987-12-08,0,1.73,0,3.4,18.8,-1.46
1987-12-09,0,1.73,0,3.4,18.8,-1.46
1987-12-10,0,1.73,0,3.4,18.8,-1.46
1987-12-11,0,1.73,0,3.4,18.8,-1.46
1987-12-12,0,1.73,0,3.4,18.8,-1.46
1987-12-13,0,1.73,0,3.4,18.8,-1.46
1987-12-14,0,1.73,0,3.4,18.8,-1.46
1987-12-15,0,1.73,0,3.4,18.8,-1.46
1987-12-16,0,1.73,0,3.4,18.8,-1.46
1987-12-17,0,1.73,0,3.4,18.8,-1.46
1987-12-18,0,1.73,0,3.4,18.8,-1.46
1987-12-19,0,1.73,0,3.4,18.8,-1.46
1987-12-20,0,1.73,0,3.4,18.8,-1.46
1987-12-21,0,1.73,0,3.4,18.8,-1.46
1987-12-22,0,1.73,0,3.4,18.8,-1.46
1987-12-23,0,1.73,0,3.4,18.8,-1.46
1987-12-24,0,1.73,0,3.4,18.8,-1.46
1987-12-25,0,1.73,0,3.4,18.8,-1.46
1987-12-26,0,1.73,0,3.4,18.8,-1.46
1987-12-27,0,1.73,0,3.4,18.8,-1.46
1987-12-28,0,1.73,0,3.4,18.8,-1.46
1987-12-29,0,1.73,0,3.4,18.8,-1.46
1987-12-30,0,1.73,0,3.4,18.8,-1.46
1987-12-31,0,1.73,0,3.4,18.8,-1.46
1988-01-01,0,1.73,0,2.8,32.75,-1.46
1988-01-02,0,1.73,0,2.8,32.75,-1.46
1988-01-03,0,1.73,0,2.8,32.75,-1.55
1988-01-04,0,1.73,0,2.8,32.75,-1.55
1988-01-05,0,1.73,0,2.8,32.75,-1.55
1988-01-06,0,1.73,0,2.8,32.75,-1.55
1988-01-07,0,1.73,0,2.8,32.75,-1.55
1988-01-08,0,1.73,0,2.8,32.75,-1.55
1988-01-09,0,1.73,0,2.8,32.75,-1.55
1988-01-10,0,1.73,0,2.8,32.75,-1.55
1988-01-11,0,1.73,0,2.8,32.75,-1.55
1988-01-12,0,1.73,0,2.8,32.75,-1.55
1988-01-13,0,1.73,0,2.8,32.75,-1.55
1988-01-14,0,1.73,0,2.8,32.75,-1.55
1988-01-15,0,1.73,0,2.8,32.75,-1.55
1988-01-16,0,1.73,0,2.8,32.75,-1.55
1988-01-17,0,1.73,0,2.8,32.75,-1.55
1988-01-18,0,1.73,0,2.8,32.75,-1.55
1988-01-19,0,1.73,0,2.8,32.75,-1.55
1988-01-20,0,1.73,0,2.8,32.75,-1.55
1988-01-21,0,1.73,0,2.8,32.75,-1.55
1988-01-22,0,1.73,0,2.8,32.75,-1.55
1988-01-23,0,1.73,0,2.8,32.75,-1.55
1988-01-24,0,1.73,0,2.8,32.75,-1.55
1988-01-25,0,1.73,0,2.8,32.75,-1.55
1988-01-26,0,1.73,0,2.8,32.75,-1.55
1988-01-27,0,1.73,0,2.8,32.75,-1.55
1988-01-28,0,1.73,0,2.8,32.75,-1.55
1988-01-29,0,1.73,0,2.8,32.75,-1.55
1988-01-30,0,1.73,0,2.8,32.75,-1.55
1988-01-31,0,1.73,0,2.8,32.75,-1.55
1988-02-01,0,9.16,0,9.89,28.59,-1.55
1988-02-02,0,9.16,0,9.89,28.59,-1.55
1988-02-03,0,9.16,0,9.89,28.59,-1.04
1988-02-04,0,9.16,0,9.89,28.59,-1.04
1988-02-05,0,9.16,0,9.89,28.59,-1.04
1988-02-06,0,9.16,0,9.89,28.59,-1.04
1988-02-07,0,9.16,0,9.89,28.59,-1.04
1988-02-08,0,9.16,0,9.89,28.59,-1.04
1988-02-09,0,9.16,0,9.89,28.59,-1.04
1988-02-10,0,9.16,0,9.89,28.59,-1.04
1988-02-11,0,9.16,0,9.89,28.59,-1.04
1988-02-12,0,9.16,0,9.89,28.59,-1.04
1988-02-13,0,9.16,0,9.89,28.59,-1.04
1988-02-14,0,9.16,0,9.89,28.59,-1.04
1988-02-15,0,9.16,0,9.89,28.59,-1.04
1988-02-16,0,9.16,0,9.89,28.59,-1.04
1988-02-17,0,9.16,0,9.89,28.59,-1.04
1988-02-18,0,9.16,0,9.89,28.59,-1.04
1988-02-19,0,9.16,0,9.89,28.59,-1.04
1988-02-20,0,9.16,0,9.89,28.59,-1.04
1988-02-21,0,9.16,0,9.89,28.59,-1.04
1988-02-22,0,9.16,0,9.89,28.59,-1.04
1988-02-23,0,9.16,0,9.89,28.59,-1.04
1988-02-24,0,9.16,0,9.89,28.59,-1.04
1988-02-25,0,9.16,0,9.89,28.59,-1.04
1988-02-26,0,9.16,0,9.89,28.59,-1.04
1988-02-27,0,9.16,0,9.89,28.59,-1.04
1988-02-28,0,9.16,0,9.89,28.59,-1.04
1988-02-29,0,9.16,0,9.89,28.59,-1.04
1988-03-01,0,11.01,0,28.72,36.44,-1.04
1988-03-02,0,11.01,0,28.72,36.44,-1.04
1988-03-03,0,11.01,0,28.72,36.44,-1.04
1988-03-04,0,11.01,0,28.72,36.44,-1.04
1988-03-05,0,11.01,0,28.72,36.44,-0.72
1988-03-06,0,11.01,0,28.72,36.44,-0.72
1988-03-07,0,11.01,0,28.72,36.44,-0.72
1988-03-08,0,11.01,0,28.72,36.44,-0.72
1988-03-09,0,11.01,0,28.72,36.44,-0.72
1988-03-10,0,11.01,0,28.72,36.44,-0.72
1988-03-11,0,11.01,0,28.72,36.44,-0.72
1988-03-12,0,11.01,0,28.72,36.44,-0.72
1988-03-13,0,11.01,0,28.72,36.44,-0.72
1988-03-14,0,11.01,0,28.72,36.44,-0.72
1988-03-15,0,11.01,0,28.72,36.44,-0.72
1988-03-16,0,11.01,0,28.72,36.44,-0.72
1988-03-17,0,11.01,0,28.72,36.44,-0.72
1988-03-18,0,11.01,0,28.72,36.44,-0.72
1988-03-19,0,11.01,0,28.72,36.44,-0.72
1988-03-20,0,11.01,0,28.72,36.44,-0.72
1988-03-21,0,11.01,0,28.72,36.44,-0.72
1988-03-22,0,11.01,0,28.72,36.44,-0.72
1988-03-23,0,11.01,0,28.72,36.44,-0.72
1988-03-24,0,11.01,0,28.72,36.44,-0.72
1988-03-25,0,11.01,0,28.72,36.44,-0.72
1988-03-26,0,11.01,0,28.72,36.44,-0.72
1988-03-27,0,11.01,0,28.72,36.44,-0.72
1988-03-28,0,11.01,0,28.72,36.44,-0.72
1988-03-29,0,11.01,0,28.72,36.44,-0.72
1988-03-30,0,11.01,0,28.72,36.44,-0.72
1988-03-31,0,11.01,0,28.72,36.44,-0.72
1988-04-01,0,13.84,0,9.9,56.8,-0.72
1988-04-02,0,13.84,0,9.9,56.8,-0.72
1988-04-03,0,13.84,0,9.9,56.8,-0.72
1988-04-04,0,13.84,0,9.9,56.8,-0.47
1988-04-05,0,13.84,0,9.9,56.8,-0.47
1988-04-06,0,13.84,0,9.9,56.8,-0.47
1988-04-07,0,13.84,0,9.9,56.8,-0.47
1988-04-08,0,13.84,0,9.9,56.8,-0.47
1988-04-09,0,13.84,0,9.9,56.8,-0.47
1988-04-10,0,13.84,0,9.9,56.8,-0.47
1988-04-11,0,13.84,0,9.9,56.8,-0.47
1988-04-12,0,13.84,0,9.9,56.8,-0.47
1988-04-13,0,13.84,0,9.9,56.8,-0.47
1988-04-14,0,13.84,0,9.9,56.8,-0.47
1988-04-15,0,13.84,0,9.9,56.8,-0.47
1988-04-16,0,13.84,0,9.9,56.8,-0.47
1988-04-17,0,13.84,0,9.9,56.8,-0.47
1988-04-18,0,13.84,0,9.9,56.8,-0.47
1988-04-19,0,13.84,0,9.9,56.8,-0.47
1988-04-20,0,13.84,0,9.9,56.8,-0.47
1988-04-21,0,13.84,0,9.9,56.8,-0.47
1988-04-22,0,13.84,0,9.9,56.8,-0.47
1988-04-23,0,13.84,0,9.9,56.8,-0.47
1988-04-24,0,13.84,0,9.9,56.8,-0.47
1988-04-25,0,13.84,0,9.9,56.8,-0.47
1988-04-26,0,13.84,0,9.9,56.8,-0.47
1988-04-27,0,13.84,0,9.9,56.8,-0.47
1988-04-28,0,13.84,0,9.9,56.8,-0.47
1988-04-29,0,13.84,0,9.9,56.8,-0.47
1988-04-30,0,13.84,0,9.9,56.8,-0.47
1988-05-01,0,19.64,4.73,9.89,40.59,-0.47
1988-05-02,0,19.64,4.73,9.89,40.59,-0.47
1988-05-03,0,19.64,4.73,9.89,40.59,-0.47
1988-05-04,0,19.64,4.73,9.89,40.59,-0.47
1988-05-05,0,19.64,4.73,9.89,40.59,-0.22
1988-05-06,0,19.64,4.73,9.89,40.59,-0.22
1988-05-07,0,19.64,4.73,9.89,40.59,-0.22
1988-05-08,0,19.64,4.73,9.89,40.59,-0.22
1988-05-09,0,19.64,4.73,9.89,40.59,-0.22
1988-05-10,0,19.64,4.73,9.89,40.59,-0.22
1988-05-11,0,19.64,4.73,9.89,40.59,-0.22
1988-05-12,0,19.64,4.73,9.89,40.59,-0.22
1988-05-13,0,19.64,4.73,9.89,40.59,-0.22
1988-05-14,0,19.64,4.73,9.89,40.59,-0.22
1988-05-15,0,19.64,4.73,9.89,40.59,-0.22
1988-05-16,0,19.64,4.73,9.89,40.59,-0.22
1988-05-17,0,19.64,4.73,9.89,40.59,-0.22
1988-05-18,0,19.64,4.73,9.89,40.59,-0.22
1988-05-19,0,19.64,4.73,9.89,40.59,-0.22
1988-05-20,0,19.64,4.73,9.89,40.59,-0.22
1988-05-21,0,19.64,4.73,9.89,40.59,-0.22
1988-05-22,0,19.64,4.73,9.89,40.59,-0.22
1988-05-23,0,19.64,4.73,9.89,40.59,-0.22
1988-05-24,0,19.64,4.73,9.89,40.59,-0.22
1988-05-25,0,19.64,4.73,9.89,40.59,-0.22
1988-05-26,0,19.64,4.73,9.89,40.59,-0.22
1988-05-27,0,19.64,4.73,9.89,40.59,-0.22
1988-05-28,0,19.64,4.73,9.89,40.59,-0.22
1988-05-29,0,19.64,4.73,9.89,40.59,-0.22
1988-05-30,0,19.64,4.73,9.89,40.59,-0.22
1988-05-31,0,19.64,4.73,9.89,40.59,-0.22
1988-06-01,0,42.67,13.66,9.89,39.09,-0.22
1988-06-02,0,42.67,13.66,9.89,39.09,-0.22
1988-06-03,0,42.67,13.66,9.89,39.09,-0.22
1988-06-04,0,42.67,13.66,9.89,39.09,-0.12
1988-06-05,0,42.67,13.66,9.89,39.09,-0.12
1988-06-06,0,42.67,13.66,9.89,39.09,-0.12
1988-06-07,0,42.67,13.66,9.89,39.09,-0.12
1988-06-08,0,42.67,13.66,9.89,39.09,-0.12
1988-06-09,0,42.67,13.66,9.89,39.09,-0.12
1988-06-10,0,42.67,13.66,9.89,39.09,-0.12
1988-06-11,0,42.67,13.66,9.89,39.09,-0.12
1988-06-12,0,42.67,13.66,9.89,39.09,-0.12
1988-06-13,0,42.67,13.66,9.89,39.09,-0.12
1988-06-14,0,42.67,13.66,9.89,39.09,-0.12
1988-06-15,0,42.67,13.66,9.89,39.09,-0.12
1988-06-16,0,42.67,13.66,9.89,39.09,-0.12
1988-06-17,0,42.67,13.66,9.89,39.09,-0.12
1988-06-18,0,42.67,13.66,9.89,39.09,-0.12
1988-06-19,0,42.67,13.66,9.89,39.09,-0.12
1988-06-20,0,42.67,13.66,9.89,39.09,-0.12
1988-06-21,0,42.67,13.66,9.89,39.09,-0.12
1988-06-22,0,42.67,13.66,9.89,39.09,-0.12
1988-06-23,0,42.67,13.66,9.89,39.09,-0.12
1988-06-24,0,42.67,13.66,9.89,39.09,-0.12
1988-06-25,0,42.67,13.66,9.89,39.09,-0.12
1988-06-26,0,42.67,13.66,9.89,39.09,-0.12
1988-06-27,0,42.67,13.66,9.89,39.09,-0.12
1988-06-28,0,42.67,13.66,9.89,39.09,-0.12
1988-06-29,0,42.67,13.66,9.89,39.09,-0.12
1988-06-30,0,42.67,13.66,9.89,39.09,-0.12
1988-07-01,0,53.31,16.64,9.89,36.43,-0.12
1988-07-02,0,53.31,16.64,9.89,36.43,-0.12
1988-07-03,0,53.31,16.64,9.89,36.43,-0.12
1988-07-04,0,53.31,16.64,9.89,36.43,-0.12
1988-07-05,0,53.31,16.64,9.89,36.43,-0.15
1988-07-06,0,53.31,16.64,9.89,36.43,-0.15
1988-07-07,0,53.31,16.64,9.89,36.43,-0.15
1988-07-08,0,53.31,16.64,9.89,36.43,-0.15
1988-07-09,0,53.31,16.64,9.89,36.43,-0.15
1988-07-10,0,53.31,16.64,9.89,36.43,-0.15
1988-07-11,0,53.31,16.64,9.89,36.43,-0.15
1988-07-12,0,53.31,16.64,9.89,36.43,-0.15
1988-07-13,0,53.31,16.64,9.89,36.43,-0.15
1988-07-14,0,53.31,16.64,9.89,36.43,-0.15
1988-07-15,0,53.31,16.64,9.89,36.43,-0.15
1988-07-16,0,53.31,16.64,9.89,36.43,-0.15
1988-07-17,0,53.31,16.64,9.89,36.43,-0.15
1988-07-18,0,53.31,16.64,9.89,36.43,-0.15
1988-07-19,0,53.31,16.64,9.89,36.43,-0.15
1988-07-20,0,53.31,16.64,9.89,36.43,-0.15
1988-07-21,0,53.31,16.64,9.89,36.43,-0.15
1988-07-22,0,53.31,16.64,9.89,36.43,-0.15
1988-07-23,0,53.31,16.64,9.89,36.43,-0.15
1988-07-24,0,53.31,16.64,9.89,36.43,-0.15
1988-07-25,0,53.31,16.64,9.89,36.43,-0.15
1988-07-26,0,53.31,16.64,9.89,36.43,-0.15
1988-07-27,0,53.31,16.64,9.89,36.43,-0.15
1988-07-28,0,53.31,16.64,9.89,36.43,-0.15
1988-07-29,0,53.31,16.64,9.89,36.43,-0.15
1988-07-30,0,53.31,16.64,9.89,36.43,-0.15
1988-07-31,0,53.31,16.64,9.89,36.43,-0.15
1988-08-01,0,32.12,11.53,9.89,37.51,-0.15
1988-08-02,0,32.12,11.53,9.89,37.51,-0.15
1988-08-03,0,32.12,11.53,9.89,37.51,-0.15
1988-08-04,0,32.12,11.53,9.89,37.51,-0.15
1988-08-05,0,32.12,11.53,9.89,37.51,-0.23
1988-08-06,0,32.12,11.53,9.89,37.51,-0.23
1988-08-07,0,32.12,11.53,9.89,37.51,-0.23
1988-08-08,0,32.12,11.53,9.89,37.51,-0.23
1988-08-09,0,32.12,11.53,9.89,37.51,-0.23
1988-08-10,0,32.12,11.53,9.89,37.51,-0.23
1988-08-11,0,32.12,11.53,9.89,37.51,-0.23
1988-08-12,0,32.12,11.53,9.89,37.51,-0.23
1988-08-13,0,32.12,11.53,9.89,37.51,-0.23
1988-08-14,0,32.12,11.53,9.89,37.51,-0.23
1988-08-15,0,32.12,11.53,9.89,37.51,-0.23
1988-08-16,0,32.12,11.53,9.89,37.51,-0.23
1988-08-17,0,32.12,11.53,9.89,37.51,-0.23
1988-08-18,0,32.12,11.53,9.89,37.51,-0.23
1988-08-19,0,32.12,11.53,9.89,37.51,-0.23
1988-08-20,0,32.12,11.53,9.89,37.51,-0.23
1988-08-21,0,32.12,11.53,9.89,37.51,-0.23
1988-08-22,0,32.12,11.53,9.89,37.51,-0.23
1988-08-23,0,32.12,11.53,9.89,37.51,-0.23
1988-08-24,0,32.12,11.53,9.89,37.51,-0.23
1988-08-25,0,32.12,11.53,9.89,37.51,-0.23
1988-08-26,0,32.12,11.53,9.89,37.51,-0.23
1988-08-27,0,32.12,11.53,9.89,37.51,-0.23
1988-08-28,0,32.12,11.53,9.89,37.51,-0.23
1988-08-29,0,32.12,11.53,9.89,37.51,-0.23
1988-08-30,0,32.12,11.53,9.89,37.51,-0.23
1988-08-31,0,32.12,11.53,9.89,37.51,-0.23
1988-09-01,0,18.78,1.75,9.89,39.68,-0.23
1988-09-02,0,18.78,1.75,9.89,39.68,-0.41
1988-09-03,0,18.78,1.75,9.89,39.68,-0.41
1988-09-04,0,18.78,1.75,9.89,39.68,-0.41
1988-09-05,0,18.78,1.75,9.89,39.68,-0.41
1988-09-06,0,18.78,1.75,9.89,39.68,-0.41
1988-09-07,0,18.78,1.75,9.89,39.68,-0.41
1988-09-08,0,18.78,1.75,9.89,39.68,-0.41
1988-09-09,0,18.78,1.75,9.89,39.68,-0.41
1988-09-10,0,18.78,1.75,9.89,39.68,-0.41
1988-09-11,0,18.78,1.75,9.89,39.68,-0.41
1988-09-12,0,18.78,1.75,9.89,39.68,-0.41
1988-09-13,0,18.78,1.75,9.89,39.68,-0.41
1988-09-14,0,18.78,1.75,9.89,39.68,-0.41
1988-09-15,0,18.78,1.75,9.89,39.68,-0.41
1988-09-16,0,18.78,1.75,9.89,39.68,-0.41
1988-09-17,0,18.78,1.75,9.89,39.68,-0.41
1988-09-18,0,18.78,1.75,9.89,39.68,-0.41
1988-09-19,0,18.78,1.75,9.89,39.68,-0.41
1988-09-20,0,18.78,1.75,9.89,39.68,-0.41
1988-09-21,0,18.78,1.75,9.89,39.68,-0.41
1988-09-22,0,18.78,1.75,9.89,39.68,-0.41
1988-09-23,0,18.78,1.75,9.89,39.68,-0.41
1988-09-24,0,18.78,1.75,9.89,39.68,-0.41
1988-09-25,0,18.78,1.75,9.89,39.68,-0.41
1988-09-26,0,18.78,1.75,9.89,39.68,-0.41
1988-09-27,0,18.78,1.75,9.89,39.68,-0.41
1988-09-28,0,18.78,1.75,9.89,39.68,-0.41
1988-09-29,0,18.78,1.75,9.89,39.68,-0.41
1988-09-30,0,18.78,1.75,9.89,39.68,-0.41
1988-10-01,0,13.86,0,9.89,14.39,-0.41
1988-10-02,0,13.86,0,9.89,14.39,-0.41
1988-10-03,0,13.86,0,9.89,14.39,-0.74
1988-10-04,0,13.86,0,9.89,14.39,-0.74
1988-10-05,0,13.86,0,9.89,14.39,-0.74
1988-10-06,0,13.86,0,9.89,14.39,-0.74
1988-10-07,0,13.86,0,9.89,14.39,-0.74
1988-10-08,0,13.86,0,9.89,14.39,-0.74
1988-10-09,0,13.86,0,9.89,14.39,-0.74
1988-10-10,0,13.86,0,9.89,14.39,-0.74
1988-10-11,0,13.86,0,9.89,14.39,-0.74
1988-10-12,0,13.86,0,9.89,14.39,-0.74
1988-10-13,0,13.86,0,9.89,14.39,-0.74
1988-10-14,0,13.86,0,9.89,14.39,-0.74
1988-10-15,0,13.86,0,9.89,14.39,-0.74
1988-10-16,0,13.86,0,9.89,14.39,-0.74
1988-10-17,0,13.86,0,9.89,14.39,-0.74
1988-10-18,0,13.86,0,9.89,14.39,-0.74
1988-10-19,0,13.86,0,9.89,14.39,-0.74
1988-10-20,0,13.86,0,9.89,14.39,-0.74
1988-10-21,0,13.86,0,9.89,14.39,-0.74
1988-10-22,0,13.86,0,9.89,14.39,-0.74
1988-10-23,0,13.86,0,9.89,14.39,-0.74
1988-10-24,0,13.86,0,9.89,14.39,-0.74
1988-10-25,0,13.86,0,9.89,14.39,-0.74
1988-10-26,0,13.86,0,9.89,14.39,-0.74
1988-10-27,0,13.86,0,9.89,14.39,-0.74
1988-10-28,0,13.86,0,9.89,14.39,-0.74
1988-10-29,0,13.86,0,9.89,14.39,-0.74
1988-10-30,0,13.86,0,9.89,14.39,-0.74
1988-10-31,0,13.86,0,9.89,14.39,-0.74
1988-11-01,0,5.88,0,13.19,13.21,-0.74
1988-11-02,0,5.88,0,13.19,13.21,-1.14
1988-11-03,0,5.88,0,13.19,13.21,-1.14
1988-11-04,0,5.88,0,13.19,13.21,-1.14
1988-11-05,0,5.88,0,13.19,13.21,-1.14
1988-11-06,0,5.88,0,13.19,13.21,-1.14
1988-11-07,0,5.88,0,13.19,13.21,-1.14
1988-11-08,0,5.88,0,13.19,13.21,-1.14
1988-11-09,0,5.88,0,13.19,13.21,-1.14
1988-11-10,0,5.88,0,13.19,13.21,-1.14
1988-11-11,0,5.88,0,13.19,13.21,-1.14
1988-11-12,0,5.88,0,13.19,13.21,-1.14
1988-11-13,0,5.88,0,13.19,13.21,-1.14
1988-11-14,0,5.88,0,13.19,13.21,-1.14
1988-11-15,0,5.88,0,13.19,13.21,-1.14
1988-11-16,0,5.88,0,13.19,13.21,-1.14
1988-11-17,0,5.88,0,13.19,13.21,-1.14
1988-11-18,0,5.88,0,13.19,13.21,-1.14
1988-11-19,0,5.88,0,13.19,13.21,-1.14
1988-11-20,0,5.88,0,13.19,13.21,-1.14
1988-11-21,0,5.88,0,13.19,13.21,-1.14
1988-11-22,0,5.88,0,13.19,13.21,-1.14
1988-11-23,0,5.88,0,13.19,13.21,-1.14
1988-11-24,0,5.88,0,13.19,13.21,-1.14
1988-11-25,0,5.88,0,13.19,13.21,-1.14
1988-11-26,0,5.88,0,13.19,13.21,-1.14
1988-11-27,0,5.88,0,13.19,13.21,-1.14
1988-11-28,0,5.88,0,13.19,13.21,-1.14
1988-11-29,0,5.88,0,13.19,13.21,-1.14
1988-11-30,0,5.88,0,13.19,13.21,-1.14
1988-12-01,0,0.46,0,3.4,16.38,-1.14
1988-12-02,0,0.46,0,3.4,16.38,-1.14
1988-12-03,0,0.46,0,3.4,16.38,-1.64
1988-12-04,0,0.46,0,3.4,16.38,-1.64
1988-12-05,0,0.46,0,3.4,16.38,-1.64
1988-12-06,0,0.46,0,3.4,16.38,-1.64
1988-12-07,0,0.46,0,3.4,16.38,-1.64
1988-12-08,0,0.46,0,3.4,16.38,-1.64
1988-12-09,0,0.46,0,3.4,16.38,-1.64
1988-12-10,0,0.46,0,3.4,16.38,-1.64
1988-12-11,0,0.46,0,3.4,16.38,-1.64
1988-12-12,0,0.46,0,3.4,16.38,-1.64
1988-12-13,0,0.46,0,3.4,16.38,-1.64
1988-12-14,0,0.46,0,3.4,16.38,-1.64
1988-12-15,0,0.46,0,3.4,16.38,-1.64
1988-12-16,0,0.46,0,3.4,16.38,-1.64
1988-12-17,0,0.46,0,3.4,16.38,-1.64
1988-12-18,0,0.46,0,3.4,16.38,-1.64
1988-12-19,0,0.46,0,3.4,16.38,-1.64
1988-12-20,0,0.46,0,3.4,16.38,-1.64
1988-12-21,0,0.46,0,3.4,16.38,-1.64
1988-12-22,0,0.46,0,3.4,16.38,-1.64
1988-12-23,0,0.46,0,3.4,16.38,-1.64
1988-12-24,0,0.46,0,3.4,16.38,-1.64
1988-12-25,0,0.46,0,3.4,16.38,-1.64
1988-12-26,0,0.46,0,3.4,16.38,-1.64
1988-12-27,0,0.46,0,3.4,16.38,-1.64
1988-12-28,0,0.46,0,3.4,16.38,-1.64
1988-12-29,0,0.46,0,3.4,16.38,-1.64
1988-12-30,0,0.46,0,3.4,16.38,-1.64
1988-12-31,0,0.46,0,3.4,16.38,-1.64
1989-01-01,0,0.46,0,2.8,17.02,-1.64
1989-01-02,0,0.46,0,2.8,17.02,-1.57
1989-01-03,0,0.46,0,2.8,17.02,-1.57
1989-01-04,0,0.46,0,2.8,17.02,-1.57
1989-01-05,0,0.46,0,2.8,17.02,-1.57
1989-01-06,0,0.46,0,2.8,17.02,-1.57
1989-01-07,0,0.46,0,2.8,17.02,-1.57
1989-01-08,0,0.46,0,2.8,17.02,-1.57
1989-01-09,0,0.46,0,2.8,17.02,-1.57
1989-01-10,0,0.46,0,2.8,17.02,-1.57
1989-01-11,0,0.46,0,2.8,17.02,-1.57
1989-01-12,0,0.46,0,2.8,17.02,-1.57
1989-01-13,0,0.46,0,2.8,17.02,-1.57
1989-01-14,0,0.46,0,2.8,17.02,-1.57
1989-01-15,0,0.46,0,2.8,17.02,-1.57
1989-01-16,0,0.46,0,2.8,17.02,-1.57
1989-01-17,0,0.46,0,2.8,17.02,-1.57
1989-01-18,0,0.46,0,2.8,17.02,-1.57
1989-01-19,0,0.46,0,2.8,17.02,-1.57
1989-01-20,0,0.46,0,2.8,17.02,-1.57
1989-01-21,0,0.46,0,2.8,17.02,-1.57
1989-01-22,0,0.46,0,2.8,17.02,-1.57
1989-01-23,0,0.46,0,2.8,17.02,-1.57
1989-01-24,0,0.46,0,2.8,17.02,-1.57
1989-01-25,0,0.46,0,2.8,17.02,-1.57
1989-01-26,0,0.46,0,2.8,17.02,-1.57
1989-01-27,0,0.46,0,2.8,17.02,-1.57
1989-01-28,0,0.46,0,2.8,17.02,-1.57
1989-01-29,0,0.46,0,2.8,17.02,-1.57
1989-01-30,0,0.46,0,2.8,17.02,-1.57
1989-01-31,0,0.46,0,2.8,17.02,-1.57
1989-02-01,0,7.42,0,10.25,24.83,-1.57
1989-02-02,0,7.42,0,10.25,24.83,-1.02
1989-02-03,0,7.42,0,10.25,24.83,-1.02
1989-02-04,0,7.42,0,10.25,24.83,-1.02
1989-02-05,0,7.42,0,10.25,24.83,-1.02
1989-02-06,0,7.42,0,10.25,24.83,-1.02
1989-02-07,0,7.42,0,10.25,24.83,-1.02
1989-02-08,0,7.42,0,10.25,24.83,-1.02
1989-02-09,0,7.42,0,10.25,24.83,-1.02
1989-02-10,0,7.42,0,10.25,24.83,-1.02
1989-02-11,0,7.42,0,10.25,24.83,-1.02
1989-02-12,0,7.42,0,10.25,24.83,-1.02
1989-02-13,0,7.42,0,10.25,24.83,-1.02
1989-02-14,0,7.42,0,10.25,24.83,-1.02
1989-02-15,0,7.42,0,10.25,24.83,-1.02
1989-02-16,0,7.42,0,10.25,24.83,-1.02
1989-02-17,0,7.42,0,10.25,24.83,-1.02
1989-02-18,0,7.42,0,10.25,24.83,-1.02
1989-02-19,0,7.42,0,10.25,24.83,-1.02
1989-02-20,0,7.42,0,10.25,24.83,-1.02
1989-02-21,0,7.42,0,10.25,24.83,-1.02
1989-02-22,0,7.42,0,10.25,24.83,-1.02
1989-02-23,0,7.42,0,10.25,24.83,-1.02
1989-02-24,0,7.42,0,10.25,24.83,-1.02
1989-02-25,0,7.42,0,10.25,24.83,-1.02
1989-02-26,0,7.42,0,10.25,24.83,-1.02
1989-02-27,0,7.42,0,10.25,24.83,-1.02
1989-02-28,0,7.42,0,10.25,24.83,-1.02
1989-03-01,0,11.58,0,28.72,50.94,-1.02
1989-03-02,0,11.58,0,28.72,50.94,-1.02
1989-03-03,0,11.58,0,28.72,50.94,-1.02
1989-03-04,0,11.58,0,28.72,50.94,-1.02
1989-03-05,0,11.58,0,28.72,50.94,-0.68
1989-03-06,0,11.58,0,28.72,50.94,-0.68
1989-03-07,0,11.58,0,28.72,50.94,-0.68
1989-03-08,0,11.58,0,28.72,50.94,-0.68
1989-03-09,0,11.58,0,28.72,50.94,-0.68
1989-03-10,0,11.58,0,28.72,50.94,-0.68
1989-03-11,0,11.58,0,28.72,50.94,-0.68
1989-03-12,0,11.58,0,28.72,50.94,-0.68
1989-03-13,0,11.58,0,28.72,50.94,-0.68
1989-03-14,0,11.58,0,28.72,50.94,-0.68
1989-03-15,0,11.58,0,28.72,50.94,-0.68
1989-03-16,0,11.58,0,28.72,50.94,-0.68
1989-03-17,0,11.58,0,28.72,50.94,-0.68
1989-03-18,0,11.58,0,28.72,50.94,-0.68
1989-03-19,0,11.58,0,28.72,50.94,-0.68
1989-03-20,0,11.58,0,28.72,50.94,-0.68
1989-03-21,0,11.58,0,28.72,50.94,-0.68
1989-03-22,0,11.58,0,28.72,50.94,-0.68
1989-03-23,0,11.58,0,28.72,50.94,-0.68
1989-03-24,0,11.58,0,28.72,50.94,-0.68
1989-03-25,0,11.58,0,28.72,50.94,-0.68
1989-03-26,0,11.58,0,28.72,50.94,-0.68
1989-03-27,0,11.58,0,28.72,50.94,-0.68
1989-03-28,0,11.58,0,28.72,50.94,-0.68
1989-03-29,0,11.58,0,28.72,50.94,-0.68
1989-03-30,0,11.58,0,28.72,50.94,-0.68
1989-03-31,0,11.58,0,28.72,50.94,-0.68
1989-04-01,0,14.55,0,27.84,92.1,-0.68
1989-04-02,0,14.55,0,27.84,92.1,-0.68
1989-04-03,0,14.55,0,27.84,92.1,-0.68
1989-04-04,0,14.55,0,27.84,92.1,-0.5
1989-04-05,0,14.55,0,27.84,92.1,-0.5
1989-04-06,0,14.55,0,27.84,92.1,-0.5
1989-04-07,0,14.55,0,27.84,92.1,-0.5
1989-04-08,0,14.55,0,27.84,92.1,-0.5
1989-04-09,0,14.55,0,27.84,92.1,-0.5
1989-04-10,0,14.55,0,27.84,92.1,-0.5
1989-04-11,0,14.55,0,27.84,92.1,-0.5
1989-04-12,0,14.55,0,27.84,92.1,-0.5
1989-04-13,0,14.55,0,27.84,92.1,-0.5
1989-04-14,0,14.55,0,27.84,92.1,-0.5
1989-04-15,0,14.55,0,27.84,92.1,-0.5
1989-04-16,0,14.55,0,27.84,92.1,-0.5
1989-04-17,0,14.55,0,27.84,92.1,-0.5
1989-04-18,0,14.55,0,27.84,92.1,-0.5
1989-04-19,0,14.55,0,27.84,92.1,-0.5
1989-04-20,0,14.55,0,27.84,92.1,-0.5
1989-04-21,0,14.55,0,27.84,92.1,-0.5
1989-04-22,0,14.55,0,27.84,92.1,-0.5
1989-04-23,0,14.55,0,27.84,92.1,-0.5
1989-04-24,0,14.55,0,27.84,92.1,-0.5
1989-04-25,0,14.55,0,27.84,92.1,-0.5
1989-04-26,0,14.55,0,27.84,92.1,-0.5
1989-04-27,0,14.55,0,27.84,92.1,-0.5
1989-04-28,0,14.55,0,27.84,92.1,-0.5
1989-04-29,0,14.55,0,27.84,92.1,-0.5
1989-04-30,0,14.55,0,27.84,92.1,-0.5
1989-05-01,0,20.66,4.95,9.89,55.19,-0.5
1989-05-02,0,20.66,4.95,9.89,55.19,-0.5
1989-05-03,0,20.66,4.95,9.89,55.19,-0.5
1989-05-04,0,20.66,4.95,9.89,55.19,-0.5
1989-05-05,0,20.66,4.95,9.89,55.19,-0.25
1989-05-06,0,20.66,4.95,9.89,55.19,-0.25
1989-05-07,0,20.66,4.95,9.89,55.19,-0.25
1989-05-08,0,20.66,4.95,9.89,55.19,-0.25
1989-05-09,0,20.66,4.95,9.89,55.19,-0.25
1989-05-10,0,20.66,4.95,9.89,55.19,-0.25
1989-05-11,0,20.66,4.95,9.89,55.19,-0.25
1989-05-12,0,20.66,4.95,9.89,55.19,-0.25
1989-05-13,0,20.66,4.95,9.89,55.19,-0.25
1989-05-14,0,20.66,4.95,9.89,55.19,-0.25
1989-05-15,0,20.66,4.95,9.89,55.19,-0.25
1989-05-16,0,20.66,4.95,9.89,55.19,-0.25
1989-05-17,0,20.66,4.95,9.89,55.19,-0.25
1989-05-18,0,20.66,4.95,9.89,55.19,-0.25
1989-05-19,0,20.66,4.95,9.89,55.19,-0.25
1989-05-20,0,20.66,4.95,9.89,55.19,-0.25
1989-05-21,0,20.66,4.95,9.89,55.19,-0.25
1989-05-22,0,20.66,4.95,9.89,55.19,-0.25
1989-05-23,0,20.66,4.95,9.89,55.19,-0.25
1989-05-24,0,20.66,4.95,9.89,55.19,-0.25
1989-05-25,0,20.66,4.95,9.89,55.19,-0.25
1989-05-26,0,20.66,4.95,9.89,55.19,-0.25
1989-05-27,0,20.66,4.95,9.89,55.19,-0.25
1989-05-28,0,20.66,4.95,9.89,55.19,-0.25
1989-05-29,0,20.66,4.95,9.89,55.19,-0.25
1989-05-30,0,20.66,4.95,9.89,55.19,-0.25
1989-05-31,0,20.66,4.95,9.89,55.19,-0.25
1989-06-01,0,45.02,14.38,9.89,41.04,-0.25
1989-06-02,0,45.02,14.38,9.89,41.04,-0.25
1989-06-03,0,45.02,14.38,9.89,41.04,-0.25
1989-06-04,0,45.02,14.38,9.89,41.04,-0.11
1989-06-05,0,45.02,14.38,9.89,41.04,-0.11
1989-06-06,0,45.02,14.38,9.89,41.04,-0.11
1989-06-07,0,45.02,14.38,9.89,41.04,-0.11
1989-06-08,0,45.02,14.38,9.89,41.04,-0.11
1989-06-09,0,45.02,14.38,9.89,41.04,-0.11
1989-06-10,0,45.02,14.38,9.89,41.04,-0.11
1989-06-11,0,45.02,14.38,9.89,41.04,-0.11
1989-06-12,0,45.02,14.38,9.89,41.04,-0.11
1989-06-13,0,45.02,14.38,9.89,41.04,-0.11
1989-06-14,0,45.02,14.38,9.89,41.04,-0.11
1989-06-15,0,45.02,14.38,9.89,41.04,-0.11
1989-06-16,0,45.02,14.38,9.89,41.04,-0.11
1989-06-17,0,45.02,14.38,9.89,41.04,-0.11
1989-06-18,0,45.02,14.38,9.89,41.04,-0.11
1989-06-19,0,45.02,14.38,9.89,41.04,-0.11
1989-06-20,0,45.02,14.38,9.89,41.04,-0.11
1989-06-21,0,45.02,14.38,9.89,41.04,-0.11
1989-06-22,0,45.02,14.38,9.89,41.04,-0.11
1989-06-23,0,45.02,14.38,9.89,41.04,-0.11
1989-06-24,0,45.02,14.38,9.89,41.04,-0.11
1989-06-25,0,45.02,14.38,9.89,41.04,-0.11
1989-06-26,0,45.02,14.38,9.89,41.04,-0.11
1989-06-27,0,45.02,14.38,9.89,41.04,-0.11
1989-06-28,0,45.02,14.38,9.89,41.04,-0.11
1989-06-29,0,45.02,14.38,9.89,41.04,-0.11
1989-06-30,0,45.02,14.38,9.89,41.04,-0.11
1989-07-01,0,56.27,17.52,9.89,32.89,-0.11
1989-07-02,0,56.27,17.52,9.89,32.89,-0.11
1989-07-03,0,56.27,17.52,9.89,32.89,-0.11
1989-07-04,0,56.27,17.52,9.89,32.89,-0.11
1989-07-05,0,56.27,17.52,9.89,32.89,-0.18
1989-07-06,0,56.27,17.52,9.89,32.89,-0.18
1989-07-07,0,56.27,17.52,9.89,32.89,-0.18
1989-07-08,0,56.27,17.52,9.89,32.89,-0.18
1989-07-09,0,56.27,17.52,9.89,32.89,-0.18
1989-07-10,0,56.27,17.52,9.89,32.89,-0.18
1989-07-11,0,56.27,17.52,9.89,32.89,-0.18
1989-07-12,0,56.27,17.52,9.89,32.89,-0.18
1989-07-13,0,56.27,17.52,9.89,32.89,-0.18
1989-07-14,0,56.27,17.52,9.89,32.89,-0.18
1989-07-15,0,56.27,17.52,9.89,32.89,-0.18
1989-07-16,0,56.27,17.52,9.89,32.89,-0.18
1989-07-17,0,56.27,17.52,9.89,32.89,-0.18
1989-07-18,0,56.27,17.52,9.89,32.89,-0.18
1989-07-19,0,56.27,17.52,9.89,32.89,-0.18
1989-07-20,0,56.27,17.52,9.89,32.89,-0.18
1989-07-21,0,56.27,17.52,9.89,32.89,-0.18
1989-07-22,0,56.27,17.52,9.89,32.89,-0.18
1989-07-23,0,56.27,17.52,9.89,32.89,-0.18
1989-07-24,0,56.27,17.52,9.89,32.89,-0.18
1989-07-25,0,56.27,17.52,9.89,32.89,-0.18
1989-07-26,0,56.27,17.52,9.89,32.89,-0.18
1989-07-27,0,56.27,17.52,9.89,32.89,-0.18
1989-07-28,0,56.27,17.52,9.89,32.89,-0.18
1989-07-29,0,56.27,17.52,9.89,32.89,-0.18
1989-07-30,0,56.27,17.52,9.89,32.89,-0.18
1989-07-31,0,56.27,17.52,9.89,32.89,-0.18
1989-08-01,0,33.83,12.13,9.89,36.54,-0.18
1989-08-02,0,33.83,12.13,9.89,36.54,-0.18
1989-08-03,0,33.83,12.13,9.89,36.54,-0.18
1989-08-04,0,33.83,12.13,9.89,36.54,-0.18
1989-08-05,0,33.83,12.13,9.89,36.54,-0.23
1989-08-06,0,33.83,12.13,9.89,36.54,-0.23
1989-08-07,0,33.83,12.13,9.89,36.54,-0.23
1989-08-08,0,33.83,12.13,9.89,36.54,-0.23
1989-08-09,0,33.83,12.13,9.89,36.54,-0.23
1989-08-10,0,33.83,12.13,9.89,36.54,-0.23
1989-08-11,0,33.83,12.13,9.89,36.54,-0.23
1989-08-12,0,33.83,12.13,9.89,36.54,-0.23
1989-08-13,0,33.83,12.13,9.89,36.54,-0.23
1989-08-14,0,33.83,12.13,9.89,36.54,-0.23
1989-08-15,0,33.83,12.13,9.89,36.54,-0.23
1989-08-16,0,33.83,12.13,9.89,36.54,-0.23
1989-08-17,0,33.83,12.13,9.89,36.54,-0.23
1989-08-18,0,33.83,12.13,9.89,36.54,-0.23
1989-08-19,0,33.83,12.13,9.89,36.54,-0.23
1989-08-20,0,33.83,12.13,9.89,36.54,-0.23
1989-08-21,0,33.83,12.13,9.89,36.54,-0.23
1989-08-22,0,33.83,12.13,9.89,36.54,-0.23
1989-08-23,0,33.83,12.13,9.89,36.54,-0.23
1989-08-24,0,33.83,12.13,9.89,36.54,-0.23
1989-08-25,0,33.83,12.13,9.89,36.54,-0.23
1989-08-26,0,33.83,12.13,9.89,36.54,-0.23
1989-08-27,0,33.83,12.13,9.89,36.54,-0.23
1989-08-28,0,33.83,12.13,9.89,36.54,-0.23
1989-08-29,0,33.83,12.13,9.89,36.54,-0.23
1989-08-30,0,33.83,12.13,9.89,36.54,-0.23
1989-08-31,0,33.83,12.13,9.89,36.54,-0.23
1989-09-01,0,19.72,1.85,9.89,42.49,-0.23
1989-09-02,0,19.72,1.85,9.89,42.49,-0.42
1989-09-03,0,19.72,1.85,9.89,42.49,-0.42
1989-09-04,0,19.72,1.85,9.89,42.49,-0.42
1989-09-05,0,19.72,1.85,9.89,42.49,-0.42
1989-09-06,0,19.72,1.85,9.89,42.49,-0.42
1989-09-07,0,19.72,1.85,9.89,42.49,-0.42
1989-09-08,0,19.72,1.85,9.89,42.49,-0.42
1989-09-09,0,19.72,1.85,9.89,42.49,-0.42
1989-09-10,0,19.72,1.85,9.89,42.49,-0.42
1989-09-11,0,19.72,1.85,9.89,42.49,-0.42
1989-09-12,0,19.72,1.85,9.89,42.49,-0.42
1989-09-13,0,19.72,1.85,9.89,42.49,-0.42
1989-09-14,0,19.72,1.85,9.89,42.49,-0.42
1989-09-15,0,19.72,1.85,9.89,42.49,-0.42
1989-09-16,0,19.72,1.85,9.89,42.49,-0.42
1989-09-17,0,19.72,1.85,9.89,42.49,-0.42
1989-09-18,0,19.72,1.85,9.89,42.49,-0.42
1989-09-19,0,19.72,1.85,9.89,42.49,-0.42
1989-09-20,0,19.72,1.85,9.89,42.49,-0.42
1989-09-21,0,19.72,1.85,9.89,42.49,-0.42
1989-09-22,0,19.72,1.85,9.89,42.49,-0.42
1989-09-23,0,19.72,1.85,9.89,42.49,-0.42
1989-09-24,0,19.72,1.85,9.89,42.49,-0.42
1989-09-25,0,19.72,1.85,9.89,42.49,-0.42
1989-09-26,0,19.72,1.85,9.89,42.49,-0.42
1989-09-27,0,19.72,1.85,9.89,42.49,-0.42
1989-09-28,0,19.72,1.85,9.89,42.49,-0.42
1989-09-29,0,19.72,1.85,9.89,42.49,-0.42
1989-09-30,0,19.72,1.85,9.89,42.49,-0.42
1989-10-01,0,14.54,0,9.89,22.81,-0.42
1989-10-02,0,14.54,0,9.89,22.81,-0.42
1989-10-03,0,14.54,0,9.89,22.81,-0.85
1989-10-04,0,14.54,0,9.89,22.81,-0.85
1989-10-05,0,14.54,0,9.89,22.81,-0.85
1989-10-06,0,14.54,0,9.89,22.81,-0.85
1989-10-07,0,14.54,0,9.89,22.81,-0.85
1989-10-08,0,14.54,0,9.89,22.81,-0.85
1989-10-09,0,14.54,0,9.89,22.81,-0.85
1989-10-10,0,14.54,0,9.89,22.81,-0.85
1989-10-11,0,14.54,0,9.89,22.81,-0.85
1989-10-12,0,14.54,0,9.89,22.81,-0.85
1989-10-13,0,14.54,0,9.89,22.81,-0.85
1989-10-14,0,14.54,0,9.89,22.81,-0.85
1989-10-15,0,14.54,0,9.89,22.81,-0.85
1989-10-16,0,14.54,0,9.89,22.81,-0.85
1989-10-17,0,14.54,0,9.89,22.81,-0.85
1989-10-18,0,14.54,0,9.89,22.81,-0.85
1989-10-19,0,14.54,0,9.89,22.81,-0.85
1989-10-20,0,14.54,0,9.89,22.81,-0.85
1989-10-21,0,14.54,0,9.89,22.81,-0.85
1989-10-22,0,14.54,0,9.89,22.81,-0.85
1989-10-23,0,14.54,0,9.89,22.81,-0.85
1989-10-24,0,14.54,0,9.89,22.81,-0.85
1989-10-25,0,14.54,0,9.89,22.81,-0.85
1989-10-26,0,14.54,0,9.89,22.81,-0.85
1989-10-27,0,14.54,0,9.89,22.81,-0.85
1989-10-28,0,14.54,0,9.89,22.81,-0.85
1989-10-29,0,14.54,0,9.89,22.81,-0.85
1989-10-30,0,14.54,0,9.89,22.81,-0.85
1989-10-31,0,14.54,0,9.89,22.81,-0.85
1989-11-01,0,6.12,0,13.19,18.3,-0.85
1989-11-02,0,6.12,0,13.19,18.3,-1.18
1989-11-03,0,6.12,0,13.19,18.3,-1.18
1989-11-04,0,6.12,0,13.19,18.3,-1.18
1989-11-05,0,6.12,0,13.19,18.3,-1.18
1989-11-06,0,6.12,0,13.19,18.3,-1.18
1989-11-07,0,6.12,0,13.19,18.3,-1.18
1989-11-08,0,6.12,0,13.19,18.3,-1.18
1989-11-09,0,6.12,0,13.19,18.3,-1.18
1989-11-10,0,6.12,0,13.19,18.3,-1.18
1989-11-11,0,6.12,0,13.19,18.3,-1.18
1989-11-12,0,6.12,0,13.19,18.3,-1.18
1989-11-13,0,6.12,0,13.19,18.3,-1.18
1989-11-14,0,6.12,0,13.19,18.3,-1.18
1989-11-15,0,6.12,0,13.19,18.3,-1.18
1989-11-16,0,6.12,0,13.19,18.3,-1.18
1989-11-17,0,6.12,0,13.19,18.3,-1.18
1989-11-18,0,6.12,0,13.19,18.3,-1.18
1989-11-19,0,6.12,0,13.19,18.3,-1.18
1989-11-20,0,6.12,0,13.19,18.3,-1.18
1989-11-21,0,6.12,0,13.19,18.3,-1.18
1989-11-22,0,6.12,0,13.19,18.3,-1.18
1989-11-23,0,6.12,0,13.19,18.3,-1.18
1989-11-24,0,6.12,0,13.19,18.3,-1.18
1989-11-25,0,6.12,0,13.19,18.3,-1.18
1989-11-26,0,6.12,0,13.19,18.3,-1.18
1989-11-27,0,6.12,0,13.19,18.3,-1.18
1989-11-28,0,6.12,0,13.19,18.3,-1.18
1989-11-29,0,6.12,0,13.19,18.3,-1.18
1989-11-30,0,6.12,0,13.19,18.3,-1.18
1989-12-01,0,0.46,0,3.4,15.69,-1.18
1989-12-02,0,0.46,0,3.4,15.69,-1.18
1989-12-03,0,0.46,0,3.4,15.69,-1.48
1989-12-04,0,0.46,0,3.4,15.69,-1.48
1989-12-05,0,0.46,0,3.4,15.69,-1.48
1989-12-06,0,0.46,0,3.4,15.69,-1.48
1989-12-07,0,0.46,0,3.4,15.69,-1.48
1989-12-08,0,0.46,0,3.4,15.69,-1.48
1989-12-09,0,0.46,0,3.4,15.69,-1.48
1989-12-10,0,0.46,0,3.4,15.69,-1.48
1989-12-11,0,0.46,0,3.4,15.69,-1.48
1989-12-12,0,0.46,0,3.4,15.69,-1.48
1989-12-13,0,0.46,0,3.4,15.69,-1.48
1989-12-14,0,0.46,0,3.4,15.69,-1.48
1989-12-15,0,0.46,0,3.4,15.69,-1.48
1989-12-16,0,0.46,0,3.4,15.69,-1.48
1989-12-17,0,0.46,0,3.4,15.69,-1.48
1989-12-18,0,0.46,0,3.4,15.69,-1.48
1989-12-19,0,0.46,0,3.4,15.69,-1.48
1989-12-20,0,0.46,0,3.4,15.69,-1.48
1989-12-21,0,0.46,0,3.4,15.69,-1.48
1989-12-22,0,0.46,0,3.4,15.69,-1.48
1989-12-23,0,0.46,0,3.4,15.69,-1.48
1989-12-24,0,0.46,0,3.4,15.69,-1.48
1989-12-25,0,0.46,0,3.4,15.69,-1.48
1989-12-26,0,0.46,0,3.4,15.69,-1.48
1989-12-27,0,0.46,0,3.4,15.69,-1.48
1989-12-28,0,0.46,0,3.4,15.69,-1.48
1989-12-29,0,0.46,0,3.4,15.69,-1.48
1989-12-30,0,0.46,0,3.4,15.69,-1.48
1989-12-31,0,0.46,0,3.4,15.69,-1.48
1990-01-01,0,0.46,0,2.8,18.57,-1.48
1990-01-02,0,0.46,0,2.8,18.57,-1.42
1990-01-03,0,0.46,0,2.8,18.57,-1.42
1990-01-04,0,0.46,0,2.8,18.57,-1.42
1990-01-05,0,0.46,0,2.8,18.57,-1.42
1990-01-06,0,0.46,0,2.8,18.57,-1.42
1990-01-07,0,0.46,0,2.8,18.57,-1.42
1990-01-08,0,0.46,0,2.8,18.57,-1.42
1990-01-09,0,0.46,0,2.8,18.57,-1.42
1990-01-10,0,0.46,0,2.8,18.57,-1.42
1990-01-11,0,0.46,0,2.8,18.57,-1.42
1990-01-12,0,0.46,0,2.8,18.57,-1.42
1990-01-13,0,0.46,0,2.8,18.57,-1.42
1990-01-14,0,0.46,0,2.8,18.57,-1.42
1990-01-15,0,0.46,0,2.8,18.57,-1.42
1990-01-16,0,0.46,0,2.8,18.57,-1.42
1990-01-17,0,0.46,0,2.8,18.57,-1.42
1990-01-18,0,0.46,0,2.8,18.57,-1.42
1990-01-19,0,0.46,0,2.8,18.57,-1.42
1990-01-20,0,0.46,0,2.8,18.57,-1.42
1990-01-21,0,0.46,0,2.8,18.57,-1.42
1990-01-22,0,0.46,0,2.8,18.57,-1.42
1990-01-23,0,0.46,0,2.8,18.57,-1.42
1990-01-24,0,0.46,0,2.8,18.57,-1.42
1990-01-25,0,0.46,0,2.8,18.57,-1.42
1990-01-26,0,0.46,0,2.8,18.57,-1.42
1990-01-27,0,0.46,0,2.8,18.57,-1.42
1990-01-28,0,0.46,0,2.8,18.57,-1.42
1990-01-29,0,0.46,0,2.8,18.57,-1.42
1990-01-30,0,0.46,0,2.8,18.57,-1.42
1990-01-31,0,0.46,0,2.8,18.57,-1.42
1990-02-01,0,7.8,0,10.25,23.45,-1.42
1990-02-02,0,7.8,0,10.25,23.45,-1.05
1990-02-03,0,7.8,0,10.25,23.45,-1.05
1990-02-04,0,7.8,0,10.25,23.45,-1.05
1990-02-05,0,7.8,0,10.25,23.45,-1.05
1990-02-06,0,7.8,0,10.25,23.45,-1.05
1990-02-07,0,7.8,0,10.25,23.45,-1.05
1990-02-08,0,7.8,0,10.25,23.45,-1.05
1990-02-09,0,7.8,0,10.25,23.45,-1.05
1990-02-10,0,7.8,0,10.25,23.45,-1.05
1990-02-11,0,7.8,0,10.25,23.45,-1.05
1990-02-12,0,7.8,0,10.25,23.45,-1.05
1990-02-13,0,7.8,0,10.25,23.45,-1.05
1990-02-14,0,7.8,0,10.25,23.45,-1.05
1990-02-15,0,7.8,0,10.25,23.45,-1.05
1990-02-16,0,7.8,0,10.25,23.45,-1.05
1990-02-17,0,7.8,0,10.25,23.45,-1.05
1990-02-18,0,7.8,0,10.25,23.45,-1.05
1990-02-19,0,7.8,0,10.25,23.45,-1.05
1990-02-20,0,7.8,0,10.25,23.45,-1.05
1990-02-21,0,7.8,0,10.25,23.45,-1.05
1990-02-22,0,7.8,0,10.25,23.45,-1.05
1990-02-23,0,7.8,0,10.25,23.45,-1.05
1990-02-24,0,7.8,0,10.25,23.45,-1.05
1990-02-25,0,7.8,0,10.25,23.45,-1.05
1990-02-26,0,7.8,0,10.25,23.45,-1.05
1990-02-27,0,7.8,0,10.25,23.45,-1.05
1990-02-28,0,7.8,0,10.25,23.45,-1.05
1990-03-01,0,8.95,0,28.72,34.85,-1.05
1990-03-02,0,8.95,0,28.72,34.85,-1.05
1990-03-03,0,8.95,0,28.72,34.85,-1.05
1990-03-04,0,8.95,0,28.72,34.85,-1.05
1990-03-05,0,8.95,0,28.72,34.85,-0.79
1990-03-06,0,8.95,0,28.72,34.85,-0.79
1990-03-07,0,8.95,0,28.72,34.85,-0.79
1990-03-08,0,8.95,0,28.72,34.85,-0.79
1990-03-09,0,8.95,0,28.72,34.85,-0.79
1990-03-10,0,8.95,0,28.72,34.85,-0.79
1990-03-11,0,8.95,0,28.72,34.85,-0.79
1990-03-12,0,8.95,0,28.72,34.85,-0.79
1990-03-13,0,8.95,0,28.72,34.85,-0.79
1990-03-14,0,8.95,0,28.72,34.85,-0.79
1990-03-15,0,8.95,0,28.72,34.85,-0.79
1990-03-16,0,8.95,0,28.72,34.85,-0.79
1990-03-17,0,8.95,0,28.72,34.85,-0.79
1990-03-18,0,8.95,0,28.72,34.85,-0.79
1990-03-19,0,8.95,0,28.72,34.85,-0.79
1990-03-20,0,8.95,0,28.72,34.85,-0.79
1990-03-21,0,8.95,0,28.72,34.85,-0.79
1990-03-22,0,8.95,0,28.72,34.85,-0.79
1990-03-23,0,8.95,0,28.72,34.85,-0.79
1990-03-24,0,8.95,0,28.72,34.85,-0.79
1990-03-25,0,8.95,0,28.72,34.85,-0.79
1990-03-26,0,8.95,0,28.72,34.85,-0.79
1990-03-27,0,8.95,0,28.72,34.85,-0.79
1990-03-28,0,8.95,0,28.72,34.85,-0.79
1990-03-29,0,8.95,0,28.72,34.85,-0.79
1990-03-30,0,8.95,0,28.72,34.85,-0.79
1990-03-31,0,8.95,0,28.72,34.85,-0.79
1990-04-01,0,11.29,0,9.9,64.67,-0.79
1990-04-02,0,11.29,0,9.9,64.67,-0.79
1990-04-03,0,11.29,0,9.9,64.67,-0.79
1990-04-04,0,11.29,0,9.9,64.67,-0.47
1990-04-05,0,11.29,0,9.9,64.67,-0.47
1990-04-06,0,11.29,0,9.9,64.67,-0.47
1990-04-07,0,11.29,0,9.9,64.67,-0.47
1990-04-08,0,11.29,0,9.9,64.67,-0.47
1990-04-09,0,11.29,0,9.9,64.67,-0.47
1990-04-10,0,11.29,0,9.9,64.67,-0.47
1990-04-11,0,11.29,0,9.9,64.67,-0.47
1990-04-12,0,11.29,0,9.9,64.67,-0.47
1990-04-13,0,11.29,0,9.9,64.67,-0.47
1990-04-14,0,11.29,0,9.9,64.67,-0.47
1990-04-15,0,11.29,0,9.9,64.67,-0.47
1990-04-16,0,11.29,0,9.9,64.67,-0.47
1990-04-17,0,11.29,0,9.9,64.67,-0.47
1990-04-18,0,11.29,0,9.9,64.67,-0.47
1990-04-19,0,11.29,0,9.9,64.67,-0.47
1990-04-20,0,11.29,0,9.9,64.67,-0.47
1990-04-21,0,11.29,0,9.9,64.67,-0.47
1990-04-22,0,11.29,0,9.9,64.67,-0.47
1990-04-23,0,11.29,0,9.9,64.67,-0.47
1990-04-24,0,11.29,0,9.9,64.67,-0.47
1990-04-25,0,11.29,0,9.9,64.67,-0.47
1990-04-26,0,11.29,0,9.9,64.67,-0.47
1990-04-27,0,11.29,0,9.9,64.67,-0.47
1990-04-28,0,11.29,0,9.9,64.67,-0.47
1990-04-29,0,11.29,0,9.9,64.67,-0.47
1990-04-30,0,11.29,0,9.9,64.67,-0.47
1990-05-01,0,15.92,3.91,9.89,24.32,-0.47
1990-05-02,0,15.92,3.91,9.89,24.32,-0.47
1990-05-03,0,15.92,3.91,9.89,24.32,-0.47
1990-05-04,0,15.92,3.91,9.89,24.32,-0.47
1990-05-05,0,15.92,3.91,9.89,24.32,-0.22
1990-05-06,0,15.92,3.91,9.89,24.32,-0.22
1990-05-07,0,15.92,3.91,9.89,24.32,-0.22
1990-05-08,0,15.92,3.91,9.89,24.32,-0.22
1990-05-09,0,15.92,3.91,9.89,24.32,-0.22
1990-05-10,0,15.92,3.91,9.89,24.32,-0.22
1990-05-11,0,15.92,3.91,9.89,24.32,-0.22
1990-05-12,0,15.92,3.91,9.89,24.32,-0.22
1990-05-13,0,15.92,3.91,9.89,24.32,-0.22
1990-05-14,0,15.92,3.91,9.89,24.32,-0.22
1990-05-15,0,15.92,3.91,9.89,24.32,-0.22
1990-05-16,0,15.92,3.91,9.89,24.32,-0.22
1990-05-17,0,15.92,3.91,9.89,24.32,-0.22
1990-05-18,0,15.92,3.91,9.89,24.32,-0.22
1990-05-19,0,15.92,3.91,9.89,24.32,-0.22
1990-05-20,0,15.92,3.91,9.89,24.32,-0.22
1990-05-21,0,15.92,3.91,9.89,24.32,-0.22
1990-05-22,0,15.92,3.91,9.89,24.32,-0.22
1990-05-23,0,15.92,3.91,9.89,24.32,-0.22
1990-05-24,0,15.92,3.91,9.89,24.32,-0.22
1990-05-25,0,15.92,3.91,9.89,24.32,-0.22
1990-05-26,0,15.92,3.91,9.89,24.32,-0.22
1990-05-27,0,15.92,3.91,9.89,24.32,-0.22
1990-05-28,0,15.92,3.91,9.89,24.32,-0.22
1990-05-29,0,15.92,3.91,9.89,24.32,-0.22
1990-05-30,0,15.92,3.91,9.89,24.32,-0.22
1990-05-31,0,15.92,3.91,9.89,24.32,-0.22
1990-06-01,0,34.13,11.04,9.89,26.29,-0.22
1990-06-02,0,34.13,11.04,9.89,26.29,-0.22
1990-06-03,0,34.13,11.04,9.89,26.29,-0.22
1990-06-04,0,34.13,11.04,9.89,26.29,-0.09
1990-06-05,0,34.13,11.04,9.89,26.29,-0.09
1990-06-06,0,34.13,11.04,9.89,26.29,-0.09
1990-06-07,0,34.13,11.04,9.89,26.29,-0.09
1990-06-08,0,34.13,11.04,9.89,26.29,-0.09
1990-06-09,0,34.13,11.04,9.89,26.29,-0.09
1990-06-10,0,34.13,11.04,9.89,26.29,-0.09
1990-06-11,0,34.13,11.04,9.89,26.29,-0.09
1990-06-12,0,34.13,11.04,9.89,26.29,-0.09
1990-06-13,0,34.13,11.04,9.89,26.29,-0.09
1990-06-14,0,34.13,11.04,9.89,26.29,-0.09
1990-06-15,0,34.13,11.04,9.89,26.29,-0.09
1990-06-16,0,34.13,11.04,9.89,26.29,-0.09
1990-06-17,0,34.13,11.04,9.89,26.29,-0.09
1990-06-18,0,34.13,11.04,9.89,26.29,-0.09
1990-06-19,0,34.13,11.04,9.89,26.29,-0.09
1990-06-20,0,34.13,11.04,9.89,26.29,-0.09
1990-06-21,0,34.13,11.04,9.89,26.29,-0.09
1990-06-22,0,34.13,11.04,9.89,26.29,-0.09
1990-06-23,0,34.13,11.04,9.89,26.29,-0.09
1990-06-24,0,34.13,11.04,9.89,26.29,-0.09
1990-06-25,0,34.13,11.04,9.89,26.29,-0.09
1990-06-26,0,34.13,11.04,9.89,26.29,-0.09
1990-06-27,0,34.13,11.04,9.89,26.29,-0.09
1990-06-28,0,34.13,11.04,9.89,26.29,-0.09
1990-06-29,0,34.13,11.04,9.89,26.29,-0.09
1990-06-30,0,34.13,11.04,9.89,26.29,-0.09
1990-07-01,0,42.57,13.47,9.89,36.74,-0.09
1990-07-02,0,42.57,13.47,9.89,36.74,-0.09
1990-07-03,0,42.57,13.47,9.89,36.74,-0.09
1990-07-04,0,42.57,13.47,9.89,36.74,-0.09
1990-07-05,0,42.57,13.47,9.89,36.74,-0.13
1990-07-06,0,42.57,13.47,9.89,36.74,-0.13
1990-07-07,0,42.57,13.47,9.89,36.74,-0.13
1990-07-08,0,42.57,13.47,9.89,36.74,-0.13
1990-07-09,0,42.57,13.47,9.89,36.74,-0.13
1990-07-10,0,42.57,13.47,9.89,36.74,-0.13
1990-07-11,0,42.57,13.47,9.89,36.74,-0.13
1990-07-12,0,42.57,13.47,9.89,36.74,-0.13
1990-07-13,0,42.57,13.47,9.89,36.74,-0.13
1990-07-14,0,42.57,13.47,9.89,36.74,-0.13
1990-07-15,0,42.57,13.47,9.89,36.74,-0.13
1990-07-16,0,42.57,13.47,9.89,36.74,-0.13
1990-07-17,0,42.57,13.47,9.89,36.74,-0.13
1990-07-18,0,42.57,13.47,9.89,36.74,-0.13
1990-07-19,0,42.57,13.47,9.89,36.74,-0.13
1990-07-20,0,42.57,13.47,9.89,36.74,-0.13
1990-07-21,0,42.57,13.47,9.89,36.74,-0.13
1990-07-22,0,42.57,13.47,9.89,36.74,-0.13
1990-07-23,0,42.57,13.47,9.89,36.74,-0.13
1990-07-24,0,42.57,13.47,9.89,36.74,-0.13
1990-07-25,0,42.57,13.47,9.89,36.74,-0.13
1990-07-26,0,42.57,13.47,9.89,36.74,-0.13
1990-07-27,0,42.57,13.47,9.89,36.74,-0.13
1990-07-28,0,42.57,13.47,9.89,36.74,-0.13
1990-07-29,0,42.57,13.47,9.89,36.74,-0.13
1990-07-30,0,42.57,13.47,9.89,36.74,-0.13
1990-07-31,0,42.57,13.47,9.89,36.74,-0.13
1990-08-01,0,25.92,9.35,9.89,34.98,-0.13
1990-08-02,0,25.92,9.35,9.89,34.98,-0.13
1990-08-03,0,25.92,9.35,9.89,34.98,-0.13
1990-08-04,0,25.92,9.35,9.89,34.98,-0.13
1990-08-05,0,25.92,9.35,9.89,34.98,-0.24
1990-08-06,0,25.92,9.35,9.89,34.98,-0.24
1990-08-07,0,25.92,9.35,9.89,34.98,-0.24
1990-08-08,0,25.92,9.35,9.89,34.98,-0.24
1990-08-09,0,25.92,9.35,9.89,34.98,-0.24
1990-08-10,0,25.92,9.35,9.89,34.98,-0.24
1990-08-11,0,25.92,9.35,9.89,34.98,-0.24
1990-08-12,0,25.92,9.35,9.89,34.98,-0.24
1990-08-13,0,25.92,9.35,9.89,34.98,-0.24
1990-08-14,0,25.92,9.35,9.89,34.98,-0.24
1990-08-15,0,25.92,9.35,9.89,34.98,-0.24
1990-08-16,0,25.92,9.35,9.89,34.98,-0.24
1990-08-17,0,25.92,9.35,9.89,34.98,-0.24
1990-08-18,0,25.92,9.35,9.89,34.98,-0.24
1990-08-19,0,25.92,9.35,9.89,34.98,-0.24
1990-08-20,0,25.92,9.35,9.89,34.98,-0.24
1990-08-21,0,25.92,9.35,9.89,34.98,-0.24
1990-08-22,0,25.92,9.35,9.89,34.98,-0.24
1990-08-23,0,25.92,9.35,9.89,34.98,-0.24
1990-08-24,0,25.92,9.35,9.89,34.98,-0.24
1990-08-25,0,25.92,9.35,9.89,34.98,-0.24
1990-08-26,0,25.92,9.35,9.89,34.98,-0.24
1990-08-27,0,25.92,9.35,9.89,34.98,-0.24
1990-08-28,0,25.92,9.35,9.89,34.98,-0.24
1990-08-29,0,25.92,9.35,9.89,34.98,-0.24
1990-08-30,0,25.92,9.35,9.89,34.98,-0.24
1990-08-31,0,25.92,9.35,9.89,34.98,-0.24
1990-09-01,0,15.36,1.37,9.89,33.5,-0.24
1990-09-02,0,15.36,1.37,9.89,33.5,-0.33
1990-09-03,0,15.36,1.37,9.89,33.5,-0.33
1990-09-04,0,15.36,1.37,9.89,33.5,-0.33
1990-09-05,0,15.36,1.37,9.89,33.5,-0.33
1990-09-06,0,15.36,1.37,9.89,33.5,-0.33
1990-09-07,0,15.36,1.37,9.89,33.5,-0.33
1990-09-08,0,15.36,1.37,9.89,33.5,-0.33
1990-09-09,0,15.36,1.37,9.89,33.5,-0.33
1990-09-10,0,15.36,1.37,9.89,33.5,-0.33
1990-09-11,0,15.36,1.37,9.89,33.5,-0.33
1990-09-12,0,15.36,1.37,9.89,33.5,-0.33
1990-09-13,0,15.36,1.37,9.89,33.5,-0.33
1990-09-14,0,15.36,1.37,9.89,33.5,-0.33
1990-09-15,0,15.36,1.37,9.89,33.5,-0.33
1990-09-16,0,15.36,1.37,9.89,33.5,-0.33
1990-09-17,0,15.36,1.37,9.89,33.5,-0.33
1990-09-18,0,15.36,1.37,9.89,33.5,-0.33
1990-09-19,0,15.36,1.37,9.89,33.5,-0.33
1990-09-20,0,15.36,1.37,9.89,33.5,-0.33
1990-09-21,0,15.36,1.37,9.89,33.5,-0.33
1990-09-22,0,15.36,1.37,9.89,33.5,-0.33
1990-09-23,0,15.36,1.37,9.89,33.5,-0.33
1990-09-24,0,15.36,1.37,9.89,33.5,-0.33
1990-09-25,0,15.36,1.37,9.89,33.5,-0.33
1990-09-26,0,15.36,1.37,9.89,33.5,-0.33
1990-09-27,0,15.36,1.37,9.89,33.5,-0.33
1990-09-28,0,15.36,1.37,9.89,33.5,-0.33
1990-09-29,0,15.36,1.37,9.89,33.5,-0.33
1990-09-30,0,15.36,1.37,9.89,33.5,-0.33
1990-10-01,0,11.38,0,9.89,14.76,-0.33
1990-10-02,0,11.38,0,9.89,14.76,-0.33
1990-10-03,0,11.38,0,9.89,14.76,-0.47
1990-10-04,0,11.38,0,9.89,14.76,-0.47
1990-10-05,0,11.38,0,9.89,14.76,-0.47
1990-10-06,0,11.38,0,9.89,14.76,-0.47
1990-10-07,0,11.38,0,9.89,14.76,-0.47
1990-10-08,0,11.38,0,9.89,14.76,-0.47
1990-10-09,0,11.38,0,9.89,14.76,-0.47
1990-10-10,0,11.38,0,9.89,14.76,-0.47
1990-10-11,0,11.38,0,9.89,14.76,-0.47
1990-10-12,0,11.38,0,9.89,14.76,-0.47
1990-10-13,0,11.38,0,9.89,14.76,-0.47
1990-10-14,0,11.38,0,9.89,14.76,-0.47
1990-10-15,0,11.38,0,9.89,14.76,-0.47
1990-10-16,0,11.38,0,9.89,14.76,-0.47
1990-10-17,0,11.38,0,9.89,14.76,-0.47
1990-10-18,0,11.38,0,9.89,14.76,-0.47
1990-10-19,0,11.38,0,9.89,14.76,-0.47
1990-10-20,0,11.38,0,9.89,14.76,-0.47
1990-10-21,0,11.38,0,9.89,14.76,-0.47
1990-10-22,0,11.38,0,9.89,14.76,-0.47
1990-10-23,0,11.38,0,9.89,14.76,-0.47
1990-10-24,0,11.38,0,9.89,14.76,-0.47
1990-10-25,0,11.38,0,9.89,14.76,-0.47
1990-10-26,0,11.38,0,9.89,14.76,-0.47
1990-10-27,0,11.38,0,9.89,14.76,-0.47
1990-10-28,0,11.38,0,9.89,14.76,-0.47
1990-10-29,0,11.38,0,9.89,14.76,-0.47
1990-10-30,0,11.38,0,9.89,14.76,-0.47
1990-10-31,0,11.38,0,9.89,14.76,-0.47
1990-11-01,0,5.03,0,13.19,9.58,-0.47
1990-11-02,0,5.03,0,13.19,9.58,-0.86
1990-11-03,0,5.03,0,13.19,9.58,-0.86
1990-11-04,0,5.03,0,13.19,9.58,-0.86
1990-11-05,0,5.03,0,13.19,9.58,-0.86
1990-11-06,0,5.03,0,13.19,9.58,-0.86
1990-11-07,0,5.03,0,13.19,9.58,-0.86
1990-11-08,0,5.03,0,13.19,9.58,-0.86
1990-11-09,0,5.03,0,13.19,9.58,-0.86
1990-11-10,0,5.03,0,13.19,9.58,-0.86
1990-11-11,0,5.03,0,13.19,9.58,-0.86
1990-11-12,0,5.03,0,13.19,9.58,-0.86
1990-11-13,0,5.03,0,13.19,9.58,-0.86
1990-11-14,0,5.03,0,13.19,9.58,-0.86
1990-11-15,0,5.03,0,13.19,9.58,-0.86
1990-11-16,0,5.03,0,13.19,9.58,-0.86
1990-11-17,0,5.03,0,13.19,9.58,-0.86
1990-11-18,0,5.03,0,13.19,9.58,-0.86
1990-11-19,0,5.03,0,13.19,9.58,-0.86
1990-11-20,0,5.03,0,13.19,9.58,-0.86
1990-11-21,0,5.03,0,13.19,9.58,-0.86
1990-11-22,0,5.03,0,13.19,9.58,-0.86
1990-11-23,0,5.03,0,13.19,9.58,-0.86
1990-11-24,0,5.03,0,13.19,9.58,-0.86
1990-11-25,0,5.03,0,13.19,9.58,-0.86
1990-11-26,0,5.03,0,13.19,9.58,-0.86
1990-11-27,0,5.03,0,13.19,9.58,-0.86
1990-11-28,0,5.03,0,13.19,9.58,-0.86
1990-11-29,0,5.03,0,13.19,9.58,-0.86
1990-11-30,0,5.03,0,13.19,9.58,-0.86
1990-12-01,0,0.46,0,3.4,11.02,-0.86
1990-12-02,0,0.46,0,3.4,11.02,-0.86
1990-12-03,0,0.46,0,3.4,11.02,-1.3
1990-12-04,0,0.46,0,3.4,11.02,-1.3
1990-12-05,0,0.46,0,3.4,11.02,-1.3
1990-12-06,0,0.46,0,3.4,11.02,-1.3
1990-12-07,0,0.46,0,3.4,11.02,-1.3
1990-12-08,0,0.46,0,3.4,11.02,-1.3
1990-12-09,0,0.46,0,3.4,11.02,-1.3
1990-12-10,0,0.46,0,3.4,11.02,-1.3
1990-12-11,0,0.46,0,3.4,11.02,-1.3
1990-12-12,0,0.46,0,3.4,11.02,-1.3
1990-12-13,0,0.46,0,3.4,11.02,-1.3
1990-12-14,0,0.46,0,3.4,11.02,-1.3
1990-12-15,0,0.46,0,3.4,11.02,-1.3
1990-12-16,0,0.46,0,3.4,11.02,-1.3
1990-12-17,0,0.46,0,3.4,11.02,-1.3
1990-12-18,0,0.46,0,3.4,11.02,-1.3
1990-12-19,0,0.46,0,3.4,11.02,-1.3
1990-12-20,0,0.46,0,3.4,11.02,-1.3
1990-12-21,0,0.46,0,3.4,11.02,-1.3
1990-12-22,0,0.46,0,3.4,11.02,-1.3
1990-12-23,0,0.46,0,3.4,11.02,-1.3
1990-12-24,0,0.46,0,3.4,11.02,-1.3
1990-12-25,0,0.46,0,3.4,11.02,-1.3
1990-12-26,0,0.46,0,3.4,11.02,-1.3
1990-12-27,0,0.46,0,3.4,11.02,-1.3
1990-12-28,0,0.46,0,3.4,11.02,-1.3
1990-12-29,0,0.46,0,3.4,11.02,-1.3
1990-12-30,0,0.46,0,3.4,11.02,-1.3
1990-12-31,0,0.46,0,3.4,11.02,-1.3
1991-01-01,0,0.46,0,2.8,11.26,-1.3
1991-01-02,0,0.46,0,2.8,11.26,-1.44
1991-01-03,0,0.46,0,2.8,11.26,-1.44
1991-01-04,0,0.46,0,2.8,11.26,-1.44
1991-01-05,0,0.46,0,2.8,11.26,-1.44
1991-01-06,0,0.46,0,2.8,11.26,-1.44
1991-01-07,0,0.46,0,2.8,11.26,-1.44
1991-01-08,0,0.46,0,2.8,11.26,-1.44
1991-01-09,0,0.46,0,2.8,11.26,-1.44
1991-01-10,0,0.46,0,2.8,11.26,-1.44
1991-01-11,0,0.46,0,2.8,11.26,-1.44
1991-01-12,0,0.46,0,2.8,11.26,-1.44
1991-01-13,0,0.46,0,2.8,11.26,-1.44
1991-01-14,0,0.46,0,2.8,11.26,-1.44
1991-01-15,0,0.46,0,2.8,11.26,-1.44
1991-01-16,0,0.46,0,2.8,11.26,-1.44
1991-01-17,0,0.46,0,2.8,11.26,-1.44
1991-01-18,0,0.46,0,2.8,11.26,-1.44
1991-01-19,0,0.46,0,2.8,11.26,-1.44
1991-01-20,0,0.46,0,2.8,11.26,-1.44
1991-01-21,0,0.46,0,2.8,11.26,-1.44
1991-01-22,0,0.46,0,2.8,11.26,-1.44
1991-01-23,0,0.46,0,2.8,11.26,-1.44
1991-01-24,0,0.46,0,2.8,11.26,-1.44
1991-01-25,0,0.46,0,2.8,11.26,-1.44
1991-01-26,0,0.46,0,2.8,11.26,-1.44
1991-01-27,0,0.46,0,2.8,11.26,-1.44
1991-01-28,0,0.46,0,2.8,11.26,-1.44
1991-01-29,0,0.46,0,2.8,11.26,-1.44
1991-01-30,0,0.46,0,2.8,11.26,-1.44
1991-01-31,0,0.46,0,2.8,11.26,-1.44
1991-02-01,0,6.05,0,10.25,12.24,-1.44
1991-02-02,0,6.05,0,10.25,12.24,-1.01
1991-02-03,0,6.05,0,10.25,12.24,-1.01
1991-02-04,0,6.05,0,10.25,12.24,-1.01
1991-02-05,0,6.05,0,10.25,12.24,-1.01
1991-02-06,0,6.05,0,10.25,12.24,-1.01
1991-02-07,0,6.05,0,10.25,12.24,-1.01
1991-02-08,0,6.05,0,10.25,12.24,-1.01
1991-02-09,0,6.05,0,10.25,12.24,-1.01
1991-02-10,0,6.05,0,10.25,12.24,-1.01
1991-02-11,0,6.05,0,10.25,12.24,-1.01
1991-02-12,0,6.05,0,10.25,12.24,-1.01
1991-02-13,0,6.05,0,10.25,12.24,-1.01
1991-02-14,0,6.05,0,10.25,12.24,-1.01
1991-02-15,0,6.05,0,10.25,12.24,-1.01
1991-02-16,0,6.05,0,10.25,12.24,-1.01
1991-02-17,0,6.05,0,10.25,12.24,-1.01
1991-02-18,0,6.05,0,10.25,12.24,-1.01
1991-02-19,0,6.05,0,10.25,12.24,-1.01
1991-02-20,0,6.05,0,10.25,12.24,-1.01
1991-02-21,0,6.05,0,10.25,12.24,-1.01
1991-02-22,0,6.05,0,10.25,12.24,-1.01
1991-02-23,0,6.05,0,10.25,12.24,-1.01
1991-02-24,0,6.05,0,10.25,12.24,-1.01
1991-02-25,0,6.05,0,10.25,12.24,-1.01
1991-02-26,0,6.05,0,10.25,12.24,-1.01
1991-02-27,0,6.05,0,10.25,12.24,-1.01
1991-02-28,0,6.05,0,10.25,12.24,-1.01
1991-03-01,0,12.47,0,28.72,45.5,-1.01
1991-03-02,0,12.47,0,28.72,45.5,-1.01
1991-03-03,0,12.47,0,28.72,45.5,-1.01
1991-03-04,0,12.47,0,28.72,45.5,-1.01
1991-03-05,0,12.47,0,28.72,45.5,-0.76
1991-03-06,0,12.47,0,28.72,45.5,-0.76
1991-03-07,0,12.47,0,28.72,45.5,-0.76
1991-03-08,0,12.47,0,28.72,45.5,-0.76
1991-03-09,0,12.47,0,28.72,45.5,-0.76
1991-03-10,0,12.47,0,28.72,45.5,-0.76
1991-03-11,0,12.47,0,28.72,45.5,-0.76
1991-03-12,0,12.47,0,28.72,45.5,-0.76
1991-03-13,0,12.47,0,28.72,45.5,-0.76
1991-03-14,0,12.47,0,28.72,45.5,-0.76
1991-03-15,0,12.47,0,28.72,45.5,-0.76
1991-03-16,0,12.47,0,28.72,45.5,-0.76
1991-03-17,0,12.47,0,28.72,45.5,-0.76
1991-03-18,0,12.47,0,28.72,45.5,-0.76
1991-03-19,0,12.47,0,28.72,45.5,-0.76
1991-03-20,0,12.47,0,28.72,45.5,-0.76
1991-03-21,0,12.47,0,28.72,45.5,-0.76
1991-03-22,0,12.47,0,28.72,45.5,-0.76
1991-03-23,0,12.47,0,28.72,45.5,-0.76
1991-03-24,0,12.47,0,28.72,45.5,-0.76
1991-03-25,0,12.47,0,28.72,45.5,-0.76
1991-03-26,0,12.47,0,28.72,45.5,-0.76
1991-03-27,0,12.47,0,28.72,45.5,-0.76
1991-03-28,0,12.47,0,28.72,45.5,-0.76
1991-03-29,0,12.47,0,28.72,45.5,-0.76
1991-03-30,0,12.47,0,28.72,45.5,-0.76
1991-03-31,0,12.47,0,28.72,45.5,-0.76
1991-04-01,0,15.66,0,27.84,48.92,-0.76
1991-04-02,0,15.66,0,27.84,48.92,-0.76
1991-04-03,0,15.66,0,27.84,48.92,-0.76
1991-04-04,0,15.66,0,27.84,48.92,-0.51
1991-04-05,0,15.66,0,27.84,48.92,-0.51
1991-04-06,0,15.66,0,27.84,48.92,-0.51
1991-04-07,0,15.66,0,27.84,48.92,-0.51
1991-04-08,0,15.66,0,27.84,48.92,-0.51
1991-04-09,0,15.66,0,27.84,48.92,-0.51
1991-04-10,0,15.66,0,27.84,48.92,-0.51
1991-04-11,0,15.66,0,27.84,48.92,-0.51
1991-04-12,0,15.66,0,27.84,48.92,-0.51
1991-04-13,0,15.66,0,27.84,48.92,-0.51
1991-04-14,0,15.66,0,27.84,48.92,-0.51
1991-04-15,0,15.66,0,27.84,48.92,-0.51
1991-04-16,0,15.66,0,27.84,48.92,-0.51
1991-04-17,0,15.66,0,27.84,48.92,-0.51
1991-04-18,0,15.66,0,27.84,48.92,-0.51
1991-04-19,0,15.66,0,27.84,48.92,-0.51
1991-04-20,0,15.66,0,27.84,48.92,-0.51
1991-04-21,0,15.66,0,27.84,48.92,-0.51
1991-04-22,0,15.66,0,27.84,48.92,-0.51
1991-04-23,0,15.66,0,27.84,48.92,-0.51
1991-04-24,0,15.66,0,27.84,48.92,-0.51
1991-04-25,0,15.66,0,27.84,48.92,-0.51
1991-04-26,0,15.66,0,27.84,48.92,-0.51
1991-04-27,0,15.66,0,27.84,48.92,-0.51
1991-04-28,0,15.66,0,27.84,48.92,-0.51
1991-04-29,0,15.66,0,27.84,48.92,-0.51
1991-04-30,0,15.66,0,27.84,48.92,-0.51
1991-05-01,0,22.29,5.31,9.89,55.93,-0.51
1991-05-02,0,22.29,5.31,9.89,55.93,-0.51
1991-05-03,0,22.29,5.31,9.89,55.93,-0.51
1991-05-04,0,22.29,5.31,9.89,55.93,-0.51
1991-05-05,0,22.29,5.31,9.89,55.93,-0.24
1991-05-06,0,22.29,5.31,9.89,55.93,-0.24
1991-05-07,0,22.29,5.31,9.89,55.93,-0.24
1991-05-08,0,22.29,5.31,9.89,55.93,-0.24
1991-05-09,0,22.29,5.31,9.89,55.93,-0.24
1991-05-10,0,22.29,5.31,9.89,55.93,-0.24
1991-05-11,0,22.29,5.31,9.89,55.93,-0.24
1991-05-12,0,22.29,5.31,9.89,55.93,-0.24
1991-05-13,0,22.29,5.31,9.89,55.93,-0.24
1991-05-14,0,22.29,5.31,9.89,55.93,-0.24
1991-05-15,0,22.29,5.31,9.89,55.93,-0.24
1991-05-16,0,22.29,5.31,9.89,55.93,-0.24
1991-05-17,0,22.29,5.31,9.89,55.93,-0.24
1991-05-18,0,22.29,5.31,9.89,55.93,-0.24
1991-05-19,0,22.29,5.31,9.89,55.93,-0.24
1991-05-20,0,22.29,5.31,9.89,55.93,-0.24
1991-05-21,0,22.29,5.31,9.89,55.93,-0.24
1991-05-22,0,22.29,5.31,9.89,55.93,-0.24
1991-05-23,0,22.29,5.31,9.89,55.93,-0.24
1991-05-24,0,22.29,5.31,9.89,55.93,-0.24
1991-05-25,0,22.29,5.31,9.89,55.93,-0.24
1991-05-26,0,22.29,5.31,9.89,55.93,-0.24
1991-05-27,0,22.29,5.31,9.89,55.93,-0.24
1991-05-28,0,22.29,5.31,9.89,55.93,-0.24
1991-05-29,0,22.29,5.31,9.89,55.93,-0.24
1991-05-30,0,22.29,5.31,9.89,55.93,-0.24
1991-05-31,0,22.29,5.31,9.89,55.93,-0.24
1991-06-01,0,48.81,15.55,9.89,94.76,-0.24
1991-06-02,0,48.81,15.55,9.89,94.76,-0.24
1991-06-03,0,48.81,15.55,9.89,94.76,-0.24
1991-06-04,0,48.81,15.55,9.89,94.76,-0.13
1991-06-05,0,48.81,15.55,9.89,94.76,-0.13
1991-06-06,0,48.81,15.55,9.89,94.76,-0.13
1991-06-07,0,48.81,15.55,9.89,94.76,-0.13
1991-06-08,0,48.81,15.55,9.89,94.76,-0.13
1991-06-09,0,48.81,15.55,9.89,94.76,-0.13
1991-06-10,0,48.81,15.55,9.89,94.76,-0.13
1991-06-11,0,48.81,15.55,9.89,94.76,-0.13
1991-06-12,0,48.81,15.55,9.89,94.76,-0.13
1991-06-13,0,48.81,15.55,9.89,94.76,-0.13
1991-06-14,0,48.81,15.55,9.89,94.76,-0.13
1991-06-15,0,48.81,15.55,9.89,94.76,-0.13
1991-06-16,0,48.81,15.55,9.89,94.76,-0.13
1991-06-17,0,48.81,15.55,9.89,94.76,-0.13
1991-06-18,0,48.81,15.55,9.89,94.76,-0.13
1991-06-19,0,48.81,15.55,9.89,94.76,-0.13
1991-06-20,0,48.81,15.55,9.89,94.76,-0.13
1991-06-21,0,48.81,15.55,9.89,94.76,-0.13
1991-06-22,0,48.81,15.55,9.89,94.76,-0.13
1991-06-23,0,48.81,15.55,9.89,94.76,-0.13
1991-06-24,0,48.81,15.55,9.89,94.76,-0.13
1991-06-25,0,48.81,15.55,9.89,94.76,-0.13
1991-06-26,0,48.81,15.55,9.89,94.76,-0.13
1991-06-27,0,48.81,15.55,9.89,94.76,-0.13
1991-06-28,0,48.81,15.55,9.89,94.76,-0.13
1991-06-29,0,48.81,15.55,9.89,94.76,-0.13
1991-06-30,0,48.81,15.55,9.89,94.76,-0.13
1991-07-01,0,61.04,18.93,9.89,57.81,-0.13
1991-07-02,0,61.04,18.93,9.89,57.81,-0.13
1991-07-03,0,61.04,18.93,9.89,57.81,-0.13
1991-07-04,0,61.04,18.93,9.89,57.81,-0.13
1991-07-05,0,61.04,18.93,9.89,57.81,-0.14
1991-07-06,0,61.04,18.93,9.89,57.81,-0.14
1991-07-07,0,61.04,18.93,9.89,57.81,-0.14
1991-07-08,0,61.04,18.93,9.89,57.81,-0.14
1991-07-09,0,61.04,18.93,9.89,57.81,-0.14
1991-07-10,0,61.04,18.93,9.89,57.81,-0.14
1991-07-11,0,61.04,18.93,9.89,57.81,-0.14
1991-07-12,0,61.04,18.93,9.89,57.81,-0.14
1991-07-13,0,61.04,18.93,9.89,57.81,-0.14
1991-07-14,0,61.04,18.93,9.89,57.81,-0.14
1991-07-15,0,61.04,18.93,9.89,57.81,-0.14
1991-07-16,0,61.04,18.93,9.89,57.81,-0.14
1991-07-17,0,61.04,18.93,9.89,57.81,-0.14
1991-07-18,0,61.04,18.93,9.89,57.81,-0.14
1991-07-19,0,61.04,18.93,9.89,57.81,-0.14
1991-07-20,0,61.04,18.93,9.89,57.81,-0.14
1991-07-21,0,61.04,18.93,9.89,57.81,-0.14
1991-07-22,0,61.04,18.93,9.89,57.81,-0.14
1991-07-23,0,61.04,18.93,9.89,57.81,-0.14
1991-07-24,0,61.04,18.93,9.89,57.81,-0.14
1991-07-25,0,61.04,18.93,9.89,57.81,-0.14
1991-07-26,0,61.04,18.93,9.89,57.81,-0.14
1991-07-27,0,61.04,18.93,9.89,57.81,-0.14
1991-07-28,0,61.04,18.93,9.89,57.81,-0.14
1991-07-29,0,61.04,18.93,9.89,57.81,-0.14
1991-07-30,0,61.04,18.93,9.89,57.81,-0.14
1991-07-31,0,61.04,18.93,9.89,57.81,-0.14
1991-08-01,0,36.58,13.1,9.89,43.82,-0.14
1991-08-02,0,36.58,13.1,9.89,43.82,-0.14
1991-08-03,0,36.58,13.1,9.89,43.82,-0.14
1991-08-04,0,36.58,13.1,9.89,43.82,-0.14
1991-08-05,0,36.58,13.1,9.89,43.82,-0.31
1991-08-06,0,36.58,13.1,9.89,43.82,-0.31
1991-08-07,0,36.58,13.1,9.89,43.82,-0.31
1991-08-08,0,36.58,13.1,9.89,43.82,-0.31
1991-08-09,0,36.58,13.1,9.89,43.82,-0.31
1991-08-10,0,36.58,13.1,9.89,43.82,-0.31
1991-08-11,0,36.58,13.1,9.89,43.82,-0.31
1991-08-12,0,36.58,13.1,9.89,43.82,-0.31
1991-08-13,0,36.58,13.1,9.89,43.82,-0.31
1991-08-14,0,36.58,13.1,9.89,43.82,-0.31
1991-08-15,0,36.58,13.1,9.89,43.82,-0.31
1991-08-16,0,36.58,13.1,9.89,43.82,-0.31
1991-08-17,0,36.58,13.1,9.89,43.82,-0.31
1991-08-18,0,36.58,13.1,9.89,43.82,-0.31
1991-08-19,0,36.58,13.1,9.89,43.82,-0.31
1991-08-20,0,36.58,13.1,9.89,43.82,-0.31
1991-08-21,0,36.58,13.1,9.89,43.82,-0.31
1991-08-22,0,36.58,13.1,9.89,43.82,-0.31
1991-08-23,0,36.58,13.1,9.89,43.82,-0.31
1991-08-24,0,36.58,13.1,9.89,43.82,-0.31
1991-08-25,0,36.58,13.1,9.89,43.82,-0.31
1991-08-26,0,36.58,13.1,9.89,43.82,-0.31
1991-08-27,0,36.58,13.1,9.89,43.82,-0.31
1991-08-28,0,36.58,13.1,9.89,43.82,-0.31
1991-08-29,0,36.58,13.1,9.89,43.82,-0.31
1991-08-30,0,36.58,13.1,9.89,43.82,-0.31
1991-08-31,0,36.58,13.1,9.89,43.82,-0.31
1991-09-01,0,21.24,2.02,9.89,52.44,-0.31
1991-09-02,0,21.24,2.02,9.89,52.44,-0.31
1991-09-03,0,21.24,2.02,9.89,52.44,-0.46
1991-09-04,0,21.24,2.02,9.89,52.44,-0.46
1991-09-05,0,21.24,2.02,9.89,52.44,-0.46
1991-09-06,0,21.24,2.02,9.89,52.44,-0.46
1991-09-07,0,21.24,2.02,9.89,52.44,-0.46
1991-09-08,0,21.24,2.02,9.89,52.44,-0.46
1991-09-09,0,21.24,2.02,9.89,52.44,-0.46
1991-09-10,0,21.24,2.02,9.89,52.44,-0.46
1991-09-11,0,21.24,2.02,9.89,52.44,-0.46
1991-09-12,0,21.24,2.02,9.89,52.44,-0.46
1991-09-13,0,21.24,2.02,9.89,52.44,-0.46
1991-09-14,0,21.24,2.02,9.89,52.44,-0.46
1991-09-15,0,21.24,2.02,9.89,52.44,-0.46
1991-09-16,0,21.24,2.02,9.89,52.44,-0.46
1991-09-17,0,21.24,2.02,9.89,52.44,-0.46
1991-09-18,0,21.24,2.02,9.89,52.44,-0.46
1991-09-19,0,21.24,2.02,9.89,52.44,-0.46
1991-09-20,0,21.24,2.02,9.89,52.44,-0.46
1991-09-21,0,21.24,2.02,9.89,52.44,-0.46
1991-09-22,0,21.24,2.02,9.89,52.44,-0.46
1991-09-23,0,21.24,2.02,9.89,52.44,-0.46
1991-09-24,0,21.24,2.02,9.89,52.44,-0.46
1991-09-25,0,21.24,2.02,9.89,52.44,-0.46
1991-09-26,0,21.24,2.02,9.89,52.44,-0.46
1991-09-27,0,21.24,2.02,9.89,52.44,-0.46
1991-09-28,0,21.24,2.02,9.89,52.44,-0.46
1991-09-29,0,21.24,2.02,9.89,52.44,-0.46
1991-09-30,0,21.24,2.02,9.89,52.44,-0.46
1991-10-01,0,15.64,0,9.89,19.28,-0.46
1991-10-02,0,15.64,0,9.89,19.28,-0.46
1991-10-03,0,15.64,0,9.89,19.28,-0.46
1991-10-04,0,15.64,0,9.89,19.28,-0.93
1991-10-05,0,15.64,0,9.89,19.28,-0.93
1991-10-06,0,15.64,0,9.89,19.28,-0.93
1991-10-07,0,15.64,0,9.89,19.28,-0.93
1991-10-08,0,15.64,0,9.89,19.28,-0.93
1991-10-09,0,15.64,0,9.89,19.28,-0.93
1991-10-10,0,15.64,0,9.89,19.28,-0.93
1991-10-11,0,15.64,0,9.89,19.28,-0.93
1991-10-12,0,15.64,0,9.89,19.28,-0.93
1991-10-13,0,15.64,0,9.89,19.28,-0.93
1991-10-14,0,15.64,0,9.89,19.28,-0.93
1991-10-15,0,15.64,0,9.89,19.28,-0.93
1991-10-16,0,15.64,0,9.89,19.28,-0.93
1991-10-17,0,15.64,0,9.89,19.28,-0.93
1991-10-18,0,15.64,0,9.89,19.28,-0.93
1991-10-19,0,15.64,0,9.89,19.28,-0.93
1991-10-20,0,15.64,0,9.89,19.28,-0.93
1991-10-21,0,15.64,0,9.89,19.28,-0.93
1991-10-22,0,15.64,0,9.89,19.28,-0.93
1991-10-23,0,15.64,0,9.89,19.28,-0.93
1991-10-24,0,15.64,0,9.89,19.28,-0.93
1991-10-25,0,15.64,0,9.89,19.28,-0.93
1991-10-26,0,15.64,0,9.89,19.28,-0.93
1991-10-27,0,15.64,0,9.89,19.28,-0.93
1991-10-28,0,15.64,0,9.89,19.28,-0.93
1991-10-29,0,15.64,0,9.89,19.28,-0.93
1991-10-30,0,15.64,0,9.89,19.28,-0.93
1991-10-31,0,15.64,0,9.89,19.28,-0.93
1991-11-01,0,6.5,0,13.19,18.68,-0.93
1991-11-02,0,6.5,0,13.19,18.68,-0.93
1991-11-03,0,6.5,0,13.19,18.68,-1.56
1991-11-04,0,6.5,0,13.19,18.68,-1.56
1991-11-05,0,6.5,0,13.19,18.68,-1.56
1991-11-06,0,6.5,0,13.19,18.68,-1.56
1991-11-07,0,6.5,0,13.19,18.68,-1.56
1991-11-08,0,6.5,0,13.19,18.68,-1.56
1991-11-09,0,6.5,0,13.19,18.68,-1.56
1991-11-10,0,6.5,0,13.19,18.68,-1.56
1991-11-11,0,6.5,0,13.19,18.68,-1.56
1991-11-12,0,6.5,0,13.19,18.68,-1.56
1991-11-13,0,6.5,0,13.19,18.68,-1.56
1991-11-14,0,6.5,0,13.19,18.68,-1.56
1991-11-15,0,6.5,0,13.19,18.68,-1.56
1991-11-16,0,6.5,0,13.19,18.68,-1.56
1991-11-17,0,6.5,0,13.19,18.68,-1.56
1991-11-18,0,6.5,0,13.19,18.68,-1.56
1991-11-19,0,6.5,0,13.19,18.68,-1.56
1991-11-20,0,6.5,0,13.19,18.68,-1.56
1991-11-21,0,6.5,0,13.19,18.68,-1.56
1991-11-22,0,6.5,0,13.19,18.68,-1.56
1991-11-23,0,6.5,0,13.19,18.68,-1.56
1991-11-24,0,6.5,0,13.19,18.68,-1.56
1991-11-25,0,6.5,0,13.19,18.68,-1.56
1991-11-26,0,6.5,0,13.19,18.68,-1.56
1991-11-27,0,6.5,0,13.19,18.68,-1.56
1991-11-28,0,6.5,0,13.19,18.68,-1.56
1991-11-29,0,6.5,0,13.19,18.68,-1.56
1991-11-30,0,6.5,0,13.19,18.68,-1.56
1991-12-01,0,0.46,0,3.4,17.62,-1.56
1991-12-02,0,0.46,0,3.4,17.62,-1.56
1991-12-03,0,0.46,0,3.4,17.62,-1.56
1991-12-04,0,0.46,0,3.4,17.62,-1.78
1991-12-05,0,0.46,0,3.4,17.62,-1.78
1991-12-06,0,0.46,0,3.4,17.62,-1.78
1991-12-07,0,0.46,0,3.4,17.62,-1.78
1991-12-08,0,0.46,0,3.4,17.62,-1.78
1991-12-09,0,0.46,0,3.4,17.62,-1.78
1991-12-10,0,0.46,0,3.4,17.62,-1.78
1991-12-11,0,0.46,0,3.4,17.62,-1.78
1991-12-12,0,0.46,0,3.4,17.62,-1.78
1991-12-13,0,0.46,0,3.4,17.62,-1.78
1991-12-14,0,0.46,0,3.4,17.62,-1.78
1991-12-15,0,0.46,0,3.4,17.62,-1.78
1991-12-16,0,0.46,0,3.4,17.62,-1.78
1991-12-17,0,0.46,0,3.4,17.62,-1.78
1991-12-18,0,0.46,0,3.4,17.62,-1.78
1991-12-19,0,0.46,0,3.4,17.62,-1.78
1991-12-20,0,0.46,0,3.4,17.62,-1.78
1991-12-21,0,0.46,0,3.4,17.62,-1.78
1991-12-22,0,0.46,0,3.4,17.62,-1.78
1991-12-23,0,0.46,0,3.4,17.62,-1.78
1991-12-24,0,0.46,0,3.4,17.62,-1.78
1991-12-25,0,0.46,0,3.4,17.62,-1.78
1991-12-26,0,0.46,0,3.4,17.62,-1.78
1991-12-27,0,0.46,0,3.4,17.62,-1.78
1991-12-28,0,0.46,0,3.4,17.62,-1.78
1991-12-29,0,0.46,0,3.4,17.62,-1.78
1991-12-30,0,0.46,0,3.4,17.62,-1.78
1991-12-31,0,0.46,0,3.4,17.62,-1.78
1992-01-01,0,0.46,0,2.8,18.5,-1.78
1992-01-02,0,0.46,0,2.8,18.5,-1.78
1992-01-03,0,0.46,0,2.8,18.5,-1.58
1992-01-04,0,0.46,0,2.8,18.5,-1.58
1992-01-05,0,0.46,0,2.8,18.5,-1.58
1992-01-06,0,0.46,0,2.8,18.5,-1.58
1992-01-07,0,0.46,0,2.8,18.5,-1.58
1992-01-08,0,0.46,0,2.8,18.5,-1.58
1992-01-09,0,0.46,0,2.8,18.5,-1.58
1992-01-10,0,0.46,0,2.8,18.5,-1.58
1992-01-11,0,0.46,0,2.8,18.5,-1.58
1992-01-12,0,0.46,0,2.8,18.5,-1.58
1992-01-13,0,0.46,0,2.8,18.5,-1.58
1992-01-14,0,0.46,0,2.8,18.5,-1.58
1992-01-15,0,0.46,0,2.8,18.5,-1.58
1992-01-16,0,0.46,0,2.8,18.5,-1.58
1992-01-17,0,0.46,0,2.8,18.5,-1.58
1992-01-18,0,0.46,0,2.8,18.5,-1.58
1992-01-19,0,0.46,0,2.8,18.5,-1.58
1992-01-20,0,0.46,0,2.8,18.5,-1.58
1992-01-21,0,0.46,0,2.8,18.5,-1.58
1992-01-22,0,0.46,0,2.8,18.5,-1.58
1992-01-23,0,0.46,0,2.8,18.5,-1.58
1992-01-24,0,0.46,0,2.8,18.5,-1.58
1992-01-25,0,0.46,0,2.8,18.5,-1.58
1992-01-26,0,0.46,0,2.8,18.5,-1.58
1992-01-27,0,0.46,0,2.8,18.5,-1.58
1992-01-28,0,0.46,0,2.8,18.5,-1.58
1992-01-29,0,0.46,0,2.8,18.5,-1.58
1992-01-30,0,0.46,0,2.8,18.5,-1.58
1992-01-31,0,0.46,0,2.8,18.5,-1.58
1992-02-01,0,8.12,0,9.89,39.27,-1.58
1992-02-02,0,8.12,0,9.89,39.27,-1.58
1992-02-03,0,8.12,0,9.89,39.27,-1.14
1992-02-04,0,8.12,0,9.89,39.27,-1.14
1992-02-05,0,8.12,0,9.89,39.27,-1.14
1992-02-06,0,8.12,0,9.89,39.27,-1.14
1992-02-07,0,8.12,0,9.89,39.27,-1.14
1992-02-08,0,8.12,0,9.89,39.27,-1.14
1992-02-09,0,8.12,0,9.89,39.27,-1.14
1992-02-10,0,8.12,0,9.89,39.27,-1.14
1992-02-11,0,8.12,0,9.89,39.27,-1.14
1992-02-12,0,8.12,0,9.89,39.27,-1.14
1992-02-13,0,8.12,0,9.89,39.27,-1.14
1992-02-14,0,8.12,0,9.89,39.27,-1.14
1992-02-15,0,8.12,0,9.89,39.27,-1.14
1992-02-16,0,8.12,0,9.89,39.27,-1.14
1992-02-17,0,8.12,0,9.89,39.27,-1.14
1992-02-18,0,8.12,0,9.89,39.27,-1.14
1992-02-19,0,8.12,0,9.89,39.27,-1.14
1992-02-20,0,8.12,0,9.89,39.27,-1.14
1992-02-21,0,8.12,0,9.89,39.27,-1.14
1992-02-22,0,8.12,0,9.89,39.27,-1.14
1992-02-23,0,8.12,0,9.89,39.27,-1.14
1992-02-24,0,8.12,0,9.89,39.27,-1.14
1992-02-25,0,8.12,0,9.89,39.27,-1.14
1992-02-26,0,8.12,0,9.89,39.27,-1.14
1992-02-27,0,8.12,0,9.89,39.27,-1.14
1992-02-28,0,8.12,0,9.89,39.27,-1.14
1992-02-29,0,8.12,0,9.89,39.27,-1.14
1992-03-01,0,10.87,0,28.72,36.9,-1.14
1992-03-02,0,10.87,0,28.72,36.9,-1.14
1992-03-03,0,10.87,0,28.72,36.9,-1.14
1992-03-04,0,10.87,0,28.72,36.9,-1.14
1992-03-05,0,10.87,0,28.72,36.9,-0.79
1992-03-06,0,10.87,0,28.72,36.9,-0.79
1992-03-07,0,10.87,0,28.72,36.9,-0.79
1992-03-08,0,10.87,0,28.72,36.9,-0.79
1992-03-09,0,10.87,0,28.72,36.9,-0.79
1992-03-10,0,10.87,0,28.72,36.9,-0.79
1992-03-11,0,10.87,0,28.72,36.9,-0.79
1992-03-12,0,10.87,0,28.72,36.9,-0.79
1992-03-13,0,10.87,0,28.72,36.9,-0.79
1992-03-14,0,10.87,0,28.72,36.9,-0.79
1992-03-15,0,10.87,0,28.72,36.9,-0.79
1992-03-16,0,10.87,0,28.72,36.9,-0.79
1992-03-17,0,10.87,0,28.72,36.9,-0.79
1992-03-18,0,10.87,0,28.72,36.9,-0.79
1992-03-19,0,10.87,0,28.72,36.9,-0.79
1992-03-20,0,10.87,0,28.72,36.9,-0.79
1992-03-21,0,10.87,0,28.72,36.9,-0.79
1992-03-22,0,10.87,0,28.72,36.9,-0.79
1992-03-23,0,10.87,0,28.72,36.9,-0.79
1992-03-24,0,10.87,0,28.72,36.9,-0.79
1992-03-25,0,10.87,0,28.72,36.9,-0.79
1992-03-26,0,10.87,0,28.72,36.9,-0.79
1992-03-27,0,10.87,0,28.72,36.9,-0.79
1992-03-28,0,10.87,0,28.72,36.9,-0.79
1992-03-29,0,10.87,0,28.72,36.9,-0.79
1992-03-30,0,10.87,0,28.72,36.9,-0.79
1992-03-31,0,10.87,0,28.72,36.9,-0.79
1992-04-01,0,13.67,0,9.9,74.19,-0.79
1992-04-02,0,13.67,0,9.9,74.19,-0.79
1992-04-03,0,13.67,0,9.9,74.19,-0.79
1992-04-04,0,13.67,0,9.9,74.19,-0.51
1992-04-05,0,13.67,0,9.9,74.19,-0.51
1992-04-06,0,13.67,0,9.9,74.19,-0.51
1992-04-07,0,13.67,0,9.9,74.19,-0.51
1992-04-08,0,13.67,0,9.9,74.19,-0.51
1992-04-09,0,13.67,0,9.9,74.19,-0.51
1992-04-10,0,13.67,0,9.9,74.19,-0.51
1992-04-11,0,13.67,0,9.9,74.19,-0.51
1992-04-12,0,13.67,0,9.9,74.19,-0.51
1992-04-13,0,13.67,0,9.9,74.19,-0.51
1992-04-14,0,13.67,0,9.9,74.19,-0.51
1992-04-15,0,13.67,0,9.9,74.19,-0.51
1992-04-16,0,13.67,0,9.9,74.19,-0.51
1992-04-17,0,13.67,0,9.9,74.19,-0.51
1992-04-18,0,13.67,0,9.9,74.19,-0.51
1992-04-19,0,13.67,0,9.9,74.19,-0.51
1992-04-20,0,13.67,0,9.9,74.19,-0.51
1992-04-21,0,13.67,0,9.9,74.19,-0.51
1992-04-22,0,13.67,0,9.9,74.19,-0.51
1992-04-23,0,13.67,0,9.9,74.19,-0.51
1992-04-24,0,13.67,0,9.9,74.19,-0.51
1992-04-25,0,13.67,0,9.9,74.19,-0.51
1992-04-26,0,13.67,0,9.9,74.19,-0.51
1992-04-27,0,13.67,0,9.9,74.19,-0.51
1992-04-28,0,13.67,0,9.9,74.19,-0.51
1992-04-29,0,13.67,0,9.9,74.19,-0.51
1992-04-30,0,13.67,0,9.9,74.19,-0.51
1992-05-01,0,19.37,4.67,9.89,55.23,-0.51
1992-05-02,0,19.37,4.67,9.89,55.23,-0.51
1992-05-03,0,19.37,4.67,9.89,55.23,-0.51
1992-05-04,0,19.37,4.67,9.89,55.23,-0.51
1992-05-05,0,19.37,4.67,9.89,55.23,-0.23
1992-05-06,0,19.37,4.67,9.89,55.23,-0.23
1992-05-07,0,19.37,4.67,9.89,55.23,-0.23
1992-05-08,0,19.37,4.67,9.89,55.23,-0.23
1992-05-09,0,19.37,4.67,9.89,55.23,-0.23
1992-05-10,0,19.37,4.67,9.89,55.23,-0.23
1992-05-11,0,19.37,4.67,9.89,55.23,-0.23
1992-05-12,0,19.37,4.67,9.89,55.23,-0.23
1992-05-13,0,19.37,4.67,9.89,55.23,-0.23
1992-05-14,0,19.37,4.67,9.89,55.23,-0.23
1992-05-15,0,19.37,4.67,9.89,55.23,-0.23
1992-05-16,0,19.37,4.67,9.89,55.23,-0.23
1992-05-17,0,19.37,4.67,9.89,55.23,-0.23
1992-05-18,0,19.37,4.67,9.89,55.23,-0.23
1992-05-19,0,19.37,4.67,9.89,55.23,-0.23
1992-05-20,0,19.37,4.67,9.89,55.23,-0.23
1992-05-21,0,19.37,4.67,9.89,55.23,-0.23
1992-05-22,0,19.37,4.67,9.89,55.23,-0.23
1992-05-23,0,19.37,4.67,9.89,55.23,-0.23
1992-05-24,0,19.37,4.67,9.89,55.23,-0.23
1992-05-25,0,19.37,4.67,9.89,55.23,-0.23
1992-05-26,0,19.37,4.67,9.89,55.23,-0.23
1992-05-27,0,19.37,4.67,9.89,55.23,-0.23
1992-05-28,0,19.37,4.67,9.89,55.23,-0.23
1992-05-29,0,19.37,4.67,9.89,55.23,-0.23
1992-05-30,0,19.37,4.67,9.89,55.23,-0.23
1992-05-31,0,19.37,4.67,9.89,55.23,-0.23
1992-06-01,0,41.98,13.45,9.89,15.42,-0.23
1992-06-02,0,41.98,13.45,9.89,15.42,-0.23
1992-06-03,0,41.98,13.45,9.89,15.42,-0.23
1992-06-04,0,41.98,13.45,9.89,15.42,-0.12
1992-06-05,0,41.98,13.45,9.89,15.42,-0.12
1992-06-06,0,41.98,13.45,9.89,15.42,-0.12
1992-06-07,0,41.98,13.45,9.89,15.42,-0.12
1992-06-08,0,41.98,13.45,9.89,15.42,-0.12
1992-06-09,0,41.98,13.45,9.89,15.42,-0.12
1992-06-10,0,41.98,13.45,9.89,15.42,-0.12
1992-06-11,0,41.98,13.45,9.89,15.42,-0.12
1992-06-12,0,41.98,13.45,9.89,15.42,-0.12
1992-06-13,0,41.98,13.45,9.89,15.42,-0.12
1992-06-14,0,41.98,13.45,9.89,15.42,-0.12
1992-06-15,0,41.98,13.45,9.89,15.42,-0.12
1992-06-16,0,41.98,13.45,9.89,15.42,-0.12
1992-06-17,0,41.98,13.45,9.89,15.42,-0.12
1992-06-18,0,41.98,13.45,9.89,15.42,-0.12
1992-06-19,0,41.98,13.45,9.89,15.42,-0.12
1992-06-20,0,41.98,13.45,9.89,15.42,-0.12
1992-06-21,0,41.98,13.45,9.89,15.42,-0.12
1992-06-22,0,41.98,13.45,9.89,15.42,-0.12
1992-06-23,0,41.98,13.45,9.89,15.42,-0.12
1992-06-24,0,41.98,13.45,9.89,15.42,-0.12
1992-06-25,0,41.98,13.45,9.89,15.42,-0.12
1992-06-26,0,41.98,13.45,9.89,15.42,-0.12
1992-06-27,0,41.98,13.45,9.89,15.42,-0.12
1992-06-28,0,41.98,13.45,9.89,15.42,-0.12
1992-06-29,0,41.98,13.45,9.89,15.42,-0.12
1992-06-30,0,41.98,13.45,9.89,15.42,-0.12
1992-07-01,0,52.45,16.39,9.89,33.76,-0.12
1992-07-02,0,52.45,16.39,9.89,33.76,-0.12
1992-07-03,0,52.45,16.39,9.89,33.76,-0.12
1992-07-04,0,52.45,16.39,9.89,33.76,-0.12
1992-07-05,0,52.45,16.39,9.89,33.76,-0.21
1992-07-06,0,52.45,16.39,9.89,33.76,-0.21
1992-07-07,0,52.45,16.39,9.89,33.76,-0.21
1992-07-08,0,52.45,16.39,9.89,33.76,-0.21
1992-07-09,0,52.45,16.39,9.89,33.76,-0.21
1992-07-10,0,52.45,16.39,9.89,33.76,-0.21
1992-07-11,0,52.45,16.39,9.89,33.76,-0.21
1992-07-12,0,52.45,16.39,9.89,33.76,-0.21
1992-07-13,0,52.45,16.39,9.89,33.76,-0.21
1992-07-14,0,52.45,16.39,9.89,33.76,-0.21
1992-07-15,0,52.45,16.39,9.89,33.76,-0.21
1992-07-16,0,52.45,16.39,9.89,33.76,-0.21
1992-07-17,0,52.45,16.39,9.89,33.76,-0.21
1992-07-18,0,52.45,16.39,9.89,33.76,-0.21
1992-07-19,0,52.45,16.39,9.89,33.76,-0.21
1992-07-20,0,52.45,16.39,9.89,33.76,-0.21
1992-07-21,0,52.45,16.39,9.89,33.76,-0.21
1992-07-22,0,52.45,16.39,9.89,33.76,-0.21
1992-07-23,0,52.45,16.39,9.89,33.76,-0.21
1992-07-24,0,52.45,16.39,9.89,33.76,-0.21
1992-07-25,0,52.45,16.39,9.89,33.76,-0.21
1992-07-26,0,52.45,16.39,9.89,33.76,-0.21
1992-07-27,0,52.45,16.39,9.89,33.76,-0.21
1992-07-28,0,52.45,16.39,9.89,33.76,-0.21
1992-07-29,0,52.45,16.39,9.89,33.76,-0.21
1992-07-30,0,52.45,16.39,9.89,33.76,-0.21
1992-07-31,0,52.45,16.39,9.89,33.76,-0.21
1992-08-01,0,31.62,11.36,9.89,34.93,-0.21
1992-08-02,0,31.62,11.36,9.89,34.93,-0.21
1992-08-03,0,31.62,11.36,9.89,34.93,-0.21
1992-08-04,0,31.62,11.36,9.89,34.93,-0.21
1992-08-05,0,31.62,11.36,9.89,34.93,-0.38
1992-08-06,0,31.62,11.36,9.89,34.93,-0.38
1992-08-07,0,31.62,11.36,9.89,34.93,-0.38
1992-08-08,0,31.62,11.36,9.89,34.93,-0.38
1992-08-09,0,31.62,11.36,9.89,34.93,-0.38
1992-08-10,0,31.62,11.36,9.89,34.93,-0.38
1992-08-11,0,31.62,11.36,9.89,34.93,-0.38
1992-08-12,0,31.62,11.36,9.89,34.93,-0.38
1992-08-13,0,31.62,11.36,9.89,34.93,-0.38
1992-08-14,0,31.62,11.36,9.89,34.93,-0.38
1992-08-15,0,31.62,11.36,9.89,34.93,-0.38
1992-08-16,0,31.62,11.36,9.89,34.93,-0.38
1992-08-17,0,31.62,11.36,9.89,34.93,-0.38
1992-08-18,0,31.62,11.36,9.89,34.93,-0.38
1992-08-19,0,31.62,11.36,9.89,34.93,-0.38
1992-08-20,0,31.62,11.36,9.89,34.93,-0.38
1992-08-21,0,31.62,11.36,9.89,34.93,-0.38
1992-08-22,0,31.62,11.36,9.89,34.93,-0.38
1992-08-23,0,31.62,11.36,9.89,34.93,-0.38
1992-08-24,0,31.62,11.36,9.89,34.93,-0.38
1992-08-25,0,31.62,11.36,9.89,34.93,-0.38
1992-08-26,0,31.62,11.36,9.89,34.93,-0.38
1992-08-27,0,31.62,11.36,9.89,34.93,-0.38
1992-08-28,0,31.62,11.36,9.89,34.93,-0.38
1992-08-29,0,31.62,11.36,9.89,34.93,-0.38
1992-08-30,0,31.62,11.36,9.89,34.93,-0.38
1992-08-31,0,31.62,11.36,9.89,34.93,-0.38
1992-09-01,0,18.51,1.72,9.89,37.18,-0.38
1992-09-02,0,18.51,1.72,9.89,37.18,-0.6
1992-09-03,0,18.51,1.72,9.89,37.18,-0.6
1992-09-04,0,18.51,1.72,9.89,37.18,-0.6
1992-09-05,0,18.51,1.72,9.89,37.18,-0.6
1992-09-06,0,18.51,1.72,9.89,37.18,-0.6
1992-09-07,0,18.51,1.72,9.89,37.18,-0.6
1992-09-08,0,18.51,1.72,9.89,37.18,-0.6
1992-09-09,0,18.51,1.72,9.89,37.18,-0.6
1992-09-10,0,18.51,1.72,9.89,37.18,-0.6
1992-09-11,0,18.51,1.72,9.89,37.18,-0.6
1992-09-12,0,18.51,1.72,9.89,37.18,-0.6
1992-09-13,0,18.51,1.72,9.89,37.18,-0.6
1992-09-14,0,18.51,1.72,9.89,37.18,-0.6
1992-09-15,0,18.51,1.72,9.89,37.18,-0.6
1992-09-16,0,18.51,1.72,9.89,37.18,-0.6
1992-09-17,0,18.51,1.72,9.89,37.18,-0.6
1992-09-18,0,18.51,1.72,9.89,37.18,-0.6
1992-09-19,0,18.51,1.72,9.89,37.18,-0.6
1992-09-20,0,18.51,1.72,9.89,37.18,-0.6
1992-09-21,0,18.51,1.72,9.89,37.18,-0.6
1992-09-22,0,18.51,1.72,9.89,37.18,-0.6
1992-09-23,0,18.51,1.72,9.89,37.18,-0.6
1992-09-24,0,18.51,1.72,9.89,37.18,-0.6
1992-09-25,0,18.51,1.72,9.89,37.18,-0.6
1992-09-26,0,18.51,1.72,9.89,37.18,-0.6
1992-09-27,0,18.51,1.72,9.89,37.18,-0.6
1992-09-28,0,18.51,1.72,9.89,37.18,-0.6
1992-09-29,0,18.51,1.72,9.89,37.18,-0.6
1992-09-30,0,18.51,1.72,9.89,37.18,-0.6
1992-10-01,0,13.66,0,9.89,16.12,-0.6
1992-10-02,0,13.66,0,9.89,16.12,-0.6
1992-10-03,0,13.66,0,9.89,16.12,-0.86
1992-10-04,0,13.66,0,9.89,16.12,-0.86
1992-10-05,0,13.66,0,9.89,16.12,-0.86
1992-10-06,0,13.66,0,9.89,16.12,-0.86
1992-10-07,0,13.66,0,9.89,16.12,-0.86
1992-10-08,0,13.66,0,9.89,16.12,-0.86
1992-10-09,0,13.66,0,9.89,16.12,-0.86
1992-10-10,0,13.66,0,9.89,16.12,-0.86
1992-10-11,0,13.66,0,9.89,16.12,-0.86
1992-10-12,0,13.66,0,9.89,16.12,-0.86
1992-10-13,0,13.66,0,9.89,16.12,-0.86
1992-10-14,0,13.66,0,9.89,16.12,-0.86
1992-10-15,0,13.66,0,9.89,16.12,-0.86
1992-10-16,0,13.66,0,9.89,16.12,-0.86
1992-10-17,0,13.66,0,9.89,16.12,-0.86
1992-10-18,0,13.66,0,9.89,16.12,-0.86
1992-10-19,0,13.66,0,9.89,16.12,-0.86
1992-10-20,0,13.66,0,9.89,16.12,-0.86
1992-10-21,0,13.66,0,9.89,16.12,-0.86
1992-10-22,0,13.66,0,9.89,16.12,-0.86
1992-10-23,0,13.66,0,9.89,16.12,-0.86
1992-10-24,0,13.66,0,9.89,16.12,-0.86
1992-10-25,0,13.66,0,9.89,16.12,-0.86
1992-10-26,0,13.66,0,9.89,16.12,-0.86
1992-10-27,0,13.66,0,9.89,16.12,-0.86
1992-10-28,0,13.66,0,9.89,16.12,-0.86
1992-10-29,0,13.66,0,9.89,16.12,-0.86
1992-10-30,0,13.66,0,9.89,16.12,-0.86
1992-10-31,0,13.66,0,9.89,16.12,-0.86
1992-11-01,0,5.82,0,13.19,15.68,-0.86
1992-11-02,0,5.82,0,13.19,15.68,-1.4
1992-11-03,0,5.82,0,13.19,15.68,-1.4
1992-11-04,0,5.82,0,13.19,15.68,-1.4
1992-11-05,0,5.82,0,13.19,15.68,-1.4
1992-11-06,0,5.82,0,13.19,15.68,-1.4
1992-11-07,0,5.82,0,13.19,15.68,-1.4
1992-11-08,0,5.82,0,13.19,15.68,-1.4
1992-11-09,0,5.82,0,13.19,15.68,-1.4
1992-11-10,0,5.82,0,13.19,15.68,-1.4
1992-11-11,0,5.82,0,13.19,15.68,-1.4
1992-11-12,0,5.82,0,13.19,15.68,-1.4
1992-11-13,0,5.82,0,13.19,15.68,-1.4
1992-11-14,0,5.82,0,13.19,15.68,-1.4
1992-11-15,0,5.82,0,13.19,15.68,-1.4
1992-11-16,0,5.82,0,13.19,15.68,-1.4
1992-11-17,0,5.82,0,13.19,15.68,-1.4
1992-11-18,0,5.82,0,13.19,15.68,-1.4
1992-11-19,0,5.82,0,13.19,15.68,-1.4
1992-11-20,0,5.82,0,13.19,15.68,-1.4
1992-11-21,0,5.82,0,13.19,15.68,-1.4
1992-11-22,0,5.82,0,13.19,15.68,-1.4
1992-11-23,0,5.82,0,13.19,15.68,-1.4
1992-11-24,0,5.82,0,13.19,15.68,-1.4
1992-11-25,0,5.82,0,13.19,15.68,-1.4
1992-11-26,0,5.82,0,13.19,15.68,-1.4
1992-11-27,0,5.82,0,13.19,15.68,-1.4
1992-11-28,0,5.82,0,13.19,15.68,-1.4
1992-11-29,0,5.82,0,13.19,15.68,-1.4
1992-11-30,0,5.82,0,13.19,15.68,-1.4
1992-12-01,0,0.46,0,3.4,21.66,-1.4
1992-12-02,0,0.46,0,3.4,21.66,-1.4
1992-12-03,0,0.46,0,3.4,21.66,-2.12
1992-12-04,0,0.46,0,3.4,21.66,-2.12
1992-12-05,0,0.46,0,3.4,21.66,-2.12
1992-12-06,0,0.46,0,3.4,21.66,-2.12
1992-12-07,0,0.46,0,3.4,21.66,-2.12
1992-12-08,0,0.46,0,3.4,21.66,-2.12
1992-12-09,0,0.46,0,3.4,21.66,-2.12
1992-12-10,0,0.46,0,3.4,21.66,-2.12
1992-12-11,0,0.46,0,3.4,21.66,-2.12
1992-12-12,0,0.46,0,3.4,21.66,-2.12
1992-12-13,0,0.46,0,3.4,21.66,-2.12
1992-12-14,0,0.46,0,3.4,21.66,-2.12
1992-12-15,0,0.46,0,3.4,21.66,-2.12
1992-12-16,0,0.46,0,3.4,21.66,-2.12
1992-12-17,0,0.46,0,3.4,21.66,-2.12
1992-12-18,0,0.46,0,3.4,21.66,-2.12
1992-12-19,0,0.46,0,3.4,21.66,-2.12
1992-12-20,0,0.46,0,3.4,21.66,-2.12
1992-12-21,0,0.46,0,3.4,21.66,-2.12
1992-12-22,0,0.46,0,3.4,21.66,-2.12
1992-12-23,0,0.46,0,3.4,21.66,-2.12
1992-12-24,0,0.46,0,3.4,21.66,-2.12
1992-12-25,0,0.46,0,3.4,21.66,-2.12
1992-12-26,0,0.46,0,3.4,21.66,-2.12
1992-12-27,0,0.46,0,3.4,21.66,-2.12
1992-12-28,0,0.46,0,3.4,21.66,-2.12
1992-12-29,0,0.46,0,3.4,21.66,-2.12
1992-12-30,0,0.46,0,3.4,21.66,-2.12
1992-12-31,0,0.46,0,3.4,21.66,-2.12
1993-01-01,0,0.46,0,2.8,90,-2.12
1993-01-02,0,0.46,0,2.8,90,-2.37
1993-01-03,0,0.46,0,2.8,90,-2.37
1993-01-04,0,0.46,0,2.8,90,-2.37
1993-01-05,0,0.46,0,2.8,90,-2.37
1993-01-06,0,0.46,0,2.8,90,-2.37
1993-01-07,0,0.46,0,2.8,90,-2.37
1993-01-08,0,0.46,0,2.8,90,-2.37
1993-01-09,0,0.46,0,2.8,90,-2.37
1993-01-10,0,0.46,0,2.8,90,-2.37
1993-01-11,0,0.46,0,2.8,90,-2.37
1993-01-12,0,0.46,0,2.8,90,-2.37
1993-01-13,0,0.46,0,2.8,90,-2.37
1993-01-14,0,0.46,0,2.8,90,-2.37
1993-01-15,0,0.46,0,2.8,90,-2.37
1993-01-16,0,0.46,0,2.8,90,-2.37
1993-01-17,0,0.46,0,2.8,90,-2.37
1993-01-18,0,0.46,0,2.8,90,-2.37
1993-01-19,0,0.46,0,2.8,90,-2.37
1993-01-20,0,0.46,0,2.8,90,-2.37
1993-01-21,0,0.46,0,2.8,90,-2.37
1993-01-22,0,0.46,0,2.8,90,-2.37
1993-01-23,0,0.46,0,2.8,90,-2.37
1993-01-24,0,0.46,0,2.8,90,-2.37
1993-01-25,0,0.46,0,2.8,90,-2.37
1993-01-26,0,0.46,0,2.8,90,-2.37
1993-01-27,0,0.46,0,2.8,90,-2.37
1993-01-28,0,0.46,0,2.8,90,-2.37
1993-01-29,0,0.46,0,2.8,90,-2.37
1993-01-30,0,0.46,0,2.8,90,-2.37
1993-01-31,0,0.46,0,2.8,90,-2.37
1993-02-01,0,22.4,0.63,10.25,66.91,-2.37
1993-02-02,0,22.4,0.63,10.25,66.91,-1.87
1993-02-03,0,22.4,0.63,10.25,66.91,-1.87
1993-02-04,0,22.4,0.63,10.25,66.91,-1.87
1993-02-05,0,22.4,0.63,10.25,66.91,-1.87
1993-02-06,0,22.4,0.63,10.25,66.91,-1.87
1993-02-07,0,22.4,0.63,10.25,66.91,-1.87
1993-02-08,0,22.4,0.63,10.25,66.91,-1.87
1993-02-09,0,22.4,0.63,10.25,66.91,-1.87
1993-02-10,0,22.4,0.63,10.25,66.91,-1.87
1993-02-11,0,22.4,0.63,10.25,66.91,-1.87
1993-02-12,0,22.4,0.63,10.25,66.91,-1.87
1993-02-13,0,22.4,0.63,10.25,66.91,-1.87
1993-02-14,0,22.4,0.63,10.25,66.91,-1.87
1993-02-15,0,22.4,0.63,10.25,66.91,-1.87
1993-02-16,0,22.4,0.63,10.25,66.91,-1.87
1993-02-17,0,22.4,0.63,10.25,66.91,-1.87
1993-02-18,0,22.4,0.63,10.25,66.91,-1.87
1993-02-19,0,22.4,0.63,10.25,66.91,-1.87
1993-02-20,0,22.4,0.63,10.25,66.91,-1.87
1993-02-21,0,22.4,0.63,10.25,66.91,-1.87
1993-02-22,0,22.4,0.63,10.25,66.91,-1.87
1993-02-23,0,22.4,0.63,10.25,66.91,-1.87
1993-02-24,0,22.4,0.63,10.25,66.91,-1.87
1993-02-25,0,22.4,0.63,10.25,66.91,-1.87
1993-02-26,0,22.4,0.63,10.25,66.91,-1.87
1993-02-27,0,22.4,1.98,26.48,66.91,-1.87
1993-02-28,0,22.4,3.17,40.95,66.91,-1.87
1993-03-01,0,62.01,1.93,29.64,85.2,-1.87
1993-03-02,0,62.01,1.93,29.64,85.2,-1.87
1993-03-03,0,62.01,1.93,29.64,85.2,-1.87
1993-03-04,0,62.01,1.93,29.64,85.2,-1.87
1993-03-05,0,62.01,1.93,29.64,85.2,-1.19
1993-03-06,0,62.01,1.93,29.64,85.2,-1.19
1993-03-07,0,62.01,1.93,29.64,85.2,-1.19
1993-03-08,0,62.01,1.93,29.64,85.2,-1.19
1993-03-09,0,62.01,1.93,29.64,85.2,-1.19
1993-03-10,0,62.01,1.93,29.64,85.2,-1.19
1993-03-11,0,62.01,1.93,29.64,85.2,-1.19
1993-03-12,0,62.01,1.93,29.64,85.2,-1.19
1993-03-13,0,62.01,1.93,29.64,85.2,-1.19
1993-03-14,0,62.01,1.93,29.64,85.2,-1.19
1993-03-15,0,62.01,1.93,29.64,85.2,-1.19
1993-03-16,0,62.01,1.93,29.64,85.2,-1.19
1993-03-17,0,62.01,1.93,29.64,85.2,-1.19
1993-03-18,0,62.01,1.93,29.64,85.2,-1.19
1993-03-19,0,62.01,1.93,29.64,85.2,-1.19
1993-03-20,0,62.01,1.93,29.64,85.2,-1.19
1993-03-21,0,62.01,1.93,29.64,85.2,-1.19
1993-03-22,0,62.01,1.93,29.64,85.2,-1.19
1993-03-23,0,62.01,1.93,29.64,85.2,-1.19
1993-03-24,0,62.01,1.93,29.64,85.2,-1.19
1993-03-25,0,62.01,1.93,29.64,85.2,-1.19
1993-03-26,0,62.01,1.93,29.64,85.2,-1.19
1993-03-27,0,62.01,1.93,29.64,85.2,-1.19
1993-03-28,0,62.01,1.93,29.64,85.2,-1.19
1993-03-29,0,62.01,1.93,29.64,85.2,-1.19
1993-03-30,0,62.01,1.93,29.64,85.2,-1.19
1993-03-31,0,62.01,1.93,29.64,85.2,-1.19
1993-04-01,0,87.97,15.34,45.79,117.53,-1.19
1993-04-02,0,87.97,15.34,45.79,117.53,-1.19
1993-04-03,0,87.97,15.34,45.79,117.53,-1.19
1993-04-04,0,87.97,15.34,45.79,117.53,-0.75
1993-04-05,0,87.97,15.34,45.79,117.53,-0.75
1993-04-06,0,87.97,15.34,45.79,117.53,-0.75
1993-04-07,0,87.97,15.34,45.79,117.53,-0.75
1993-04-08,0,87.97,15.34,45.79,117.53,-0.75
1993-04-09,0,87.97,15.34,45.79,117.53,-0.75
1993-04-10,0,87.97,15.34,45.79,117.53,-0.75
1993-04-11,0,87.97,15.34,45.79,117.53,-0.75
1993-04-12,0,87.97,15.34,45.79,117.53,-0.75
1993-04-13,0,87.97,15.34,45.79,117.53,-0.75
1993-04-14,0,87.97,15.34,45.79,117.53,-0.75
1993-04-15,0,87.97,15.34,45.79,117.53,-0.75
1993-04-16,0,87.97,15.34,45.79,117.53,-0.75
1993-04-17,0,87.97,15.34,45.79,117.53,-0.75
1993-04-18,0,87.97,15.34,45.79,117.53,-0.75
1993-04-19,0,87.97,15.34,45.79,117.53,-0.75
1993-04-20,0,87.97,15.34,45.79,117.53,-0.75
1993-04-21,0,87.97,15.34,45.79,117.53,-0.75
1993-04-22,0,87.97,15.34,45.79,117.53,-0.75
1993-04-23,0,87.97,15.34,45.79,117.53,-0.75
1993-04-24,0,87.97,15.34,45.79,117.53,-0.75
1993-04-25,0,87.97,15.34,45.79,117.53,-0.75
1993-04-26,0,87.97,15.34,45.79,117.53,-0.75
1993-04-27,0,87.97,15.34,45.79,117.53,-0.75
1993-04-28,0,87.97,15.34,45.79,117.53,-0.75
1993-04-29,0,87.97,15.34,45.79,117.53,-0.75
1993-04-30,0,87.97,15.34,45.79,117.53,-0.75
1993-05-01,0,99.25,27.22,46.92,217.39,-0.75
1993-05-02,0,99.25,27.22,46.92,217.39,-0.75
1993-05-03,0,99.25,27.22,46.92,217.39,-0.75
1993-05-04,0,99.25,27.22,46.92,217.39,-0.75
1993-05-05,0,99.25,27.22,46.92,217.39,-0.34
1993-05-06,0,99.25,27.22,46.92,217.39,-0.34
1993-05-07,0,99.25,27.22,46.92,217.39,-0.34
1993-05-08,0,99.25,27.22,46.92,217.39,-0.34
1993-05-09,0,99.25,27.22,46.92,217.39,-0.34
1993-05-10,0,99.25,27.22,46.92,217.39,-0.34
1993-05-11,0,99.25,27.22,46.92,217.39,-0.34
1993-05-12,0,99.25,27.22,46.92,217.39,-0.34
1993-05-13,0,99.25,27.22,46.92,217.39,-0.34
1993-05-14,0,99.25,27.22,46.92,217.39,-0.34
1993-05-15,0,99.25,27.22,46.92,217.39,-0.34
1993-05-16,0,99.25,27.22,46.92,217.39,-0.34
1993-05-17,0,99.25,27.22,46.92,217.39,-0.34
1993-05-18,0,99.25,27.22,46.92,217.39,-0.34
1993-05-19,0,99.25,27.22,46.92,217.39,-0.34
1993-05-20,0,99.25,27.22,46.92,217.39,-0.34
1993-05-21,0,99.25,27.22,46.92,217.39,-0.34
1993-05-22,0,99.25,27.22,46.92,217.39,-0.34
1993-05-23,0,99.25,27.22,46.92,217.39,-0.34
1993-05-24,0,99.25,27.22,46.92,217.39,-0.34
1993-05-25,0,99.25,27.22,46.92,217.39,-0.34
1993-05-26,0,99.25,27.22,46.92,217.39,-0.34
1993-05-27,0,99.25,27.22,46.92,217.39,-0.34
1993-05-28,0,99.25,27.22,46.92,217.39,-0.34
1993-05-29,0,99.25,27.22,46.92,217.39,-0.34
1993-05-30,0,99.25,27.22,46.92,217.39,-0.34
1993-05-31,0,99.25,27.22,46.92,217.39,-0.34
1993-06-01,0,125.72,35.4,46.92,246.36,-0.34
1993-06-02,0,125.72,35.4,46.92,246.36,-0.34
1993-06-03,0,125.72,35.4,46.92,246.36,-0.34
1993-06-04,0,125.72,35.4,46.92,246.36,-0.17
1993-06-05,0,125.72,35.4,46.92,246.36,-0.17
1993-06-06,0,125.72,35.4,46.92,246.36,-0.17
1993-06-07,0,125.72,35.4,46.92,246.36,-0.17
1993-06-08,0,125.72,35.4,46.92,246.36,-0.17
1993-06-09,0,125.72,35.4,46.92,246.36,-0.17
1993-06-10,0,125.72,35.4,46.92,246.36,-0.17
1993-06-11,0,125.72,35.4,46.92,246.36,-0.17
1993-06-12,0,125.72,35.4,46.92,246.36,-0.17
1993-06-13,0,125.72,35.4,46.92,246.36,-0.17
1993-06-14,0,125.72,35.4,46.92,246.36,-0.17
1993-06-15,0,125.72,35.4,46.92,246.36,-0.17
1993-06-16,0,125.72,35.4,46.92,246.36,-0.17
1993-06-17,0,125.72,35.4,46.92,246.36,-0.17
1993-06-18,0,125.72,35.4,46.92,246.36,-0.17
1993-06-19,0,125.72,35.4,46.92,246.36,-0.17
1993-06-20,0,125.72,35.4,46.92,246.36,-0.17
1993-06-21,0,125.72,35.4,46.92,246.36,-0.17
1993-06-22,0,125.72,35.4,46.92,246.36,-0.17
1993-06-23,0,125.72,35.4,46.92,246.36,-0.17
1993-06-24,0,125.72,35.4,46.92,246.36,-0.17
1993-06-25,0,125.72,35.4,46.92,246.36,-0.17
1993-06-26,0,125.72,35.4,46.92,246.36,-0.17
1993-06-27,0,125.72,35.4,46.92,246.36,-0.17
1993-06-28,0,125.72,35.4,46.92,246.36,-0.17
1993-06-29,0,125.72,35.4,46.92,246.36,-0.17
1993-06-30,0,125.72,35.4,46.92,246.36,-0.17
1993-07-01,0,107.33,35.4,9.89,148.6,-0.17
1993-07-02,0,107.33,35.4,9.89,148.6,-0.17
1993-07-03,0,107.33,35.4,9.89,148.6,-0.17
1993-07-04,0,107.33,35.4,9.89,148.6,-0.17
1993-07-05,0,107.33,35.4,9.89,148.6,-0.22
1993-07-06,0,107.33,35.4,9.89,148.6,-0.22
1993-07-07,0,107.33,35.4,9.89,148.6,-0.22
1993-07-08,0,107.33,35.4,9.89,148.6,-0.22
1993-07-09,0,107.33,35.4,9.89,148.6,-0.22
1993-07-10,0,107.33,35.4,9.89,148.6,-0.22
1993-07-11,0,107.33,35.4,9.89,148.6,-0.22
1993-07-12,0,107.33,35.4,9.89,148.6,-0.22
1993-07-13,0,107.33,35.4,9.89,148.6,-0.22
1993-07-14,0,107.33,35.4,9.89,148.6,-0.22
1993-07-15,0,107.33,35.4,9.89,148.6,-0.22
1993-07-16,0,107.33,35.4,9.89,148.6,-0.22
1993-07-17,0,107.33,35.4,9.89,148.6,-0.22
1993-07-18,0,107.33,35.4,9.89,148.6,-0.22
1993-07-19,0,107.33,35.4,9.89,148.6,-0.22
1993-07-20,0,107.33,35.4,9.89,148.6,-0.22
1993-07-21,0,107.33,35.4,9.89,148.6,-0.22
1993-07-22,0,107.33,35.4,9.89,148.6,-0.22
1993-07-23,0,107.33,35.4,9.89,148.6,-0.22
1993-07-24,0,107.33,35.4,9.89,148.6,-0.22
1993-07-25,0,107.33,35.4,9.89,148.6,-0.22
1993-07-26,0,107.33,35.4,9.89,148.6,-0.22
1993-07-27,0,107.33,35.4,9.89,148.6,-0.22
1993-07-28,0,107.33,35.4,9.89,148.6,-0.22
1993-07-29,0,107.33,35.4,9.89,148.6,-0.22
1993-07-30,0,107.33,35.4,9.89,148.6,-0.22
1993-07-31,0,107.33,35.4,9.89,148.6,-0.22
1993-08-01,0,93.98,32.97,9.89,70.6,-0.22
1993-08-02,0,93.98,32.97,9.89,70.6,-0.22
1993-08-03,0,93.98,32.97,9.89,70.6,-0.22
1993-08-04,0,93.98,32.97,9.89,70.6,-0.22
1993-08-05,0,93.98,32.97,9.89,70.6,-0.38
1993-08-06,0,93.98,32.97,9.89,70.6,-0.38
1993-08-07,0,93.98,32.97,9.89,70.6,-0.38
1993-08-08,0,93.98,32.97,9.89,70.6,-0.38
1993-08-09,0,93.98,32.97,9.89,70.6,-0.38
1993-08-10,0,93.98,32.97,9.89,70.6,-0.38
1993-08-11,0,93.98,32.97,9.89,70.6,-0.38
1993-08-12,0,93.98,32.97,9.89,70.6,-0.38
1993-08-13,0,93.98,32.97,9.89,70.6,-0.38
1993-08-14,0,93.98,32.97,9.89,70.6,-0.38
1993-08-15,0,93.98,32.97,9.89,70.6,-0.38
1993-08-16,0,93.98,32.97,9.89,70.6,-0.38
1993-08-17,0,93.98,32.97,9.89,70.6,-0.38
1993-08-18,0,93.98,32.97,9.89,70.6,-0.38
1993-08-19,0,93.98,32.97,9.89,70.6,-0.38
1993-08-20,0,93.98,32.97,9.89,70.6,-0.38
1993-08-21,0,93.98,32.97,9.89,70.6,-0.38
1993-08-22,0,93.98,32.97,9.89,70.6,-0.38
1993-08-23,0,93.98,32.97,9.89,70.6,-0.38
1993-08-24,0,93.98,32.97,9.89,70.6,-0.38
1993-08-25,0,93.98,32.97,9.89,70.6,-0.38
1993-08-26,0,93.98,32.97,9.89,70.6,-0.38
1993-08-27,0,93.98,32.97,9.89,70.6,-0.38
1993-08-28,0,93.98,32.97,9.89,70.6,-0.38
1993-08-29,0,93.98,32.97,9.89,70.6,-0.38
1993-08-30,0,93.98,32.97,9.89,70.6,-0.38
1993-08-31,0,93.98,32.97,9.89,70.6,-0.38
1993-09-01,0,52.51,12.43,9.89,49.48,-0.38
1993-09-02,0,52.51,12.43,9.89,49.48,-0.6
1993-09-03,0,52.51,12.43,9.89,49.48,-0.6
1993-09-04,0,52.51,12.43,9.89,49.48,-0.6
1993-09-05,0,52.51,12.43,9.89,49.48,-0.6
1993-09-06,0,52.51,12.43,9.89,49.48,-0.6
1993-09-07,0,52.51,12.43,9.89,49.48,-0.6
1993-09-08,0,52.51,12.43,9.89,49.48,-0.6
1993-09-09,0,52.51,12.43,9.89,49.48,-0.6
1993-09-10,0,52.51,12.43,9.89,49.48,-0.6
1993-09-11,0,52.51,12.43,9.89,49.48,-0.6
1993-09-12,0,52.51,12.43,9.89,49.48,-0.6
1993-09-13,0,52.51,12.43,9.89,49.48,-0.6
1993-09-14,0,52.51,12.43,9.89,49.48,-0.6
1993-09-15,0,52.51,12.43,9.89,49.48,-0.6
1993-09-16,0,52.51,12.43,9.89,49.48,-0.6
1993-09-17,0,52.51,12.43,9.89,49.48,-0.6
1993-09-18,0,52.51,12.43,9.89,49.48,-0.6
1993-09-19,0,52.51,12.43,9.89,49.48,-0.6
1993-09-20,0,52.51,12.43,9.89,49.48,-0.6
1993-09-21,0,52.51,12.43,9.89,49.48,-0.6
1993-09-22,0,52.51,12.43,9.89,49.48,-0.6
1993-09-23,0,52.51,12.43,9.89,49.48,-0.6
1993-09-24,0,52.51,12.43,9.89,49.48,-0.6
1993-09-25,0,52.51,12.43,9.89,49.48,-0.6
1993-09-26,0,52.51,12.43,9.89,49.48,-0.6
1993-09-27,0,52.51,12.43,9.89,49.48,-0.6
1993-09-28,0,52.51,12.43,9.89,49.48,-0.6
1993-09-29,0,52.51,12.43,9.89,49.48,-0.6
1993-09-30,0,52.51,12.43,9.89,49.48,-0.6
1993-10-01,0,18.32,1.71,9.89,37.71,-0.6
1993-10-02,0,18.32,1.71,9.89,37.71,-0.6
1993-10-03,0,18.32,1.71,9.89,37.71,-0.95
1993-10-04,0,18.32,1.71,9.89,37.71,-0.95
1993-10-05,0,18.32,1.71,9.89,37.71,-0.95
1993-10-06,0,18.32,1.71,9.89,37.71,-0.95
1993-10-07,0,18.32,1.71,9.89,37.71,-0.95
1993-10-08,0,18.32,1.71,9.89,37.71,-0.95
1993-10-09,0,18.32,1.71,9.89,37.71,-0.95
1993-10-10,0,18.32,1.71,9.89,37.71,-0.95
1993-10-11,0,18.32,1.71,9.89,37.71,-0.95
1993-10-12,0,18.32,1.71,9.89,37.71,-0.95
1993-10-13,0,18.32,1.71,9.89,37.71,-0.95
1993-10-14,0,18.32,1.71,9.89,37.71,-0.95
1993-10-15,0,18.32,1.71,9.89,37.71,-0.95
1993-10-16,0,18.32,1.71,9.89,37.71,-0.95
1993-10-17,0,18.32,1.71,9.89,37.71,-0.95
1993-10-18,0,18.32,1.71,9.89,37.71,-0.95
1993-10-19,0,18.32,1.71,9.89,37.71,-0.95
1993-10-20,0,18.32,1.71,9.89,37.71,-0.95
1993-10-21,0,18.32,1.71,9.89,37.71,-0.95
1993-10-22,0,18.32,1.71,9.89,37.71,-0.95
1993-10-23,0,18.32,1.71,9.89,37.71,-0.95
1993-10-24,0,18.32,1.71,9.89,37.71,-0.95
1993-10-25,0,18.32,1.71,9.89,37.71,-0.95
1993-10-26,0,18.32,1.71,9.89,37.71,-0.95
1993-10-27,0,18.32,1.71,9.89,37.71,-0.95
1993-10-28,0,18.32,1.71,9.89,37.71,-0.95
1993-10-29,0,18.32,1.71,9.89,37.71,-0.95
1993-10-30,0,18.32,1.71,9.89,37.71,-0.95
1993-10-31,0,18.32,1.71,9.89,37.71,-0.95
1993-11-01,0,4.66,0.14,13.19,26.64,-0.95
1993-11-02,0,4.66,0.14,13.19,26.64,-1.44
1993-11-03,0,4.66,0.14,13.19,26.64,-1.44
1993-11-04,0,4.66,0.14,13.19,26.64,-1.44
1993-11-05,0,4.66,0.14,13.19,26.64,-1.44
1993-11-06,0,4.66,0.14,13.19,26.64,-1.44
1993-11-07,0,4.66,0.14,13.19,26.64,-1.44
1993-11-08,0,4.66,0.14,13.19,26.64,-1.44
1993-11-09,0,4.66,0.14,13.19,26.64,-1.44
1993-11-10,0,4.66,0.14,13.19,26.64,-1.44
1993-11-11,0,4.66,0.14,13.19,26.64,-1.44
1993-11-12,0,4.66,0.14,13.19,26.64,-1.44
1993-11-13,0,4.66,0.14,13.19,26.64,-1.44
1993-11-14,0,4.66,0.14,13.19,26.64,-1.44
1993-11-15,0,4.66,0.14,13.19,26.64,-1.44
1993-11-16,0,4.66,0.14,13.19,26.64,-1.44
1993-11-17,0,4.66,0.14,13.19,26.64,-1.44
1993-11-18,0,4.66,0.14,13.19,26.64,-1.44
1993-11-19,0,4.66,0.14,13.19,26.64,-1.44
1993-11-20,0,4.66,0.14,13.19,26.64,-1.44
1993-11-21,0,4.66,0.14,13.19,26.64,-1.44
1993-11-22,0,4.66,0.14,13.19,26.64,-1.44
1993-11-23,0,4.66,0.14,13.19,26.64,-1.44
1993-11-24,0,4.66,0.14,13.19,26.64,-1.44
1993-11-25,0,4.66,0.14,13.19,26.64,-1.44
1993-11-26,0,4.66,0.14,13.19,26.64,-1.44
1993-11-27,0,4.66,0.14,13.19,26.64,-1.44
1993-11-28,0,4.66,0.14,13.19,26.64,-1.44
1993-11-29,0,4.66,0.14,13.19,26.64,-1.44
1993-11-30,0,4.66,0.14,13.19,26.64,-1.44
1993-12-01,0,3.13,0,3.4,22.15,-1.44
1993-12-02,0,3.13,0,3.4,22.15,-1.44
1993-12-03,0,3.13,0,3.4,22.15,-1.87
1993-12-04,0,3.13,0,3.4,22.15,-1.87
1993-12-05,0,3.13,0,3.4,22.15,-1.87
1993-12-06,0,3.13,0,3.4,22.15,-1.87
1993-12-07,0,3.13,0,3.4,22.15,-1.87
1993-12-08,0,3.13,0,3.4,22.15,-1.87
1993-12-09,0,3.13,0,3.4,22.15,-1.87
1993-12-10,0,3.13,0,3.4,22.15,-1.87
1993-12-11,0,3.13,0,3.4,22.15,-1.87
1993-12-12,0,3.13,0,3.4,22.15,-1.87
1993-12-13,0,3.13,0,3.4,22.15,-1.87
1993-12-14,0,3.13,0,3.4,22.15,-1.87
1993-12-15,0,3.13,0,3.4,22.15,-1.87
1993-12-16,0,3.13,0,3.4,22.15,-1.87
1993-12-17,0,3.13,0,3.4,22.15,-1.87
1993-12-18,0,3.13,0,3.4,22.15,-1.87
1993-12-19,0,3.13,0,3.4,22.15,-1.87
1993-12-20,0,3.13,0,3.4,22.15,-1.87
1993-12-21,0,3.13,0,3.4,22.15,-1.87
1993-12-22,0,3.13,0,3.4,22.15,-1.87
1993-12-23,0,3.13,0,3.4,22.15,-1.87
1993-12-24,0,3.13,0,3.4,22.15,-1.87
1993-12-25,0,3.13,0,3.4,22.15,-1.87
1993-12-26,0,3.13,0,3.4,22.15,-1.87
1993-12-27,0,3.13,0,3.4,22.15,-1.87
1993-12-28,0,3.13,0,3.4,22.15,-1.87
1993-12-29,0,3.13,0,3.4,22.15,-1.87
1993-12-30,0,3.13,0,3.4,22.15,-1.87
1993-12-31,0,3.13,0,3.4,22.15,-1.87
1994-01-01,0,3.13,0,2.8,26.28,-1.87
1994-01-02,0,3.13,0,2.8,26.28,-1.83
1994-01-03,0,3.13,0,2.8,26.28,-1.83
1994-01-04,0,3.13,0,2.8,26.28,-1.83
1994-01-05,0,3.13,0,2.8,26.28,-1.83
1994-01-06,0,3.13,0,2.8,26.28,-1.83
1994-01-07,0,3.13,0,2.8,26.28,-1.83
1994-01-08,0,3.13,0,2.8,26.28,-1.83
1994-01-09,0,3.13,0,2.8,26.28,-1.83
1994-01-10,0,3.13,0,2.8,26.28,-1.83
1994-01-11,0,3.13,0,2.8,26.28,-1.83
1994-01-12,0,3.13,0,2.8,26.28,-1.83
1994-01-13,0,3.13,0,2.8,26.28,-1.83
1994-01-14,0,3.13,0,2.8,26.28,-1.83
1994-01-15,0,3.13,0,2.8,26.28,-1.83
1994-01-16,0,3.13,0,2.8,26.28,-1.83
1994-01-17,0,3.13,0,2.8,26.28,-1.83
1994-01-18,0,3.13,0,2.8,26.28,-1.83
1994-01-19,0,3.13,0,2.8,26.28,-1.83
1994-01-20,0,3.13,0,2.8,26.28,-1.83
1994-01-21,0,3.13,0,2.8,26.28,-1.83
1994-01-22,0,3.13,0,2.8,26.28,-1.83
1994-01-23,0,3.13,0,2.8,26.28,-1.83
1994-01-24,0,3.13,0,2.8,26.28,-1.83
1994-01-25,0,3.13,0,2.8,26.28,-1.83
1994-01-26,0,3.13,0,2.8,26.28,-1.83
1994-01-27,0,3.13,0,2.8,26.28,-1.83
1994-01-28,0,3.13,0,2.8,26.28,-1.83
1994-01-29,0,3.13,0,2.8,26.28,-1.83
1994-01-30,0,3.13,0,2.8,26.28,-1.83
1994-01-31,0,3.13,0,2.8,26.28,-1.83
1994-02-01,0,24.66,0,10.25,36.75,-1.83
1994-02-02,0,24.66,0,10.25,36.75,-1.22
1994-02-03,0,24.66,0,10.25,36.75,-1.22
1994-02-04,0,24.66,0,10.25,36.75,-1.22
1994-02-05,0,24.66,0,10.25,36.75,-1.22
1994-02-06,0,24.66,0,10.25,36.75,-1.22
1994-02-07,0,24.66,0,10.25,36.75,-1.22
1994-02-08,0,24.66,0,10.25,36.75,-1.22
1994-02-09,0,24.66,0,10.25,36.75,-1.22
1994-02-10,0,24.66,0,10.25,36.75,-1.22
1994-02-11,0,24.66,0,10.25,36.75,-1.22
1994-02-12,0,24.66,0,10.25,36.75,-1.22
1994-02-13,0,24.66,0,10.25,36.75,-1.22
1994-02-14,0,24.66,0,10.25,36.75,-1.22
1994-02-15,0,24.66,0,10.25,36.75,-1.22
1994-02-16,0,24.66,0,10.25,36.75,-1.22
1994-02-17,0,24.66,0,10.25,36.75,-1.22
1994-02-18,0,24.66,0,10.25,36.75,-1.22
1994-02-19,0,24.66,0,10.25,36.75,-1.22
1994-02-20,0,24.66,0,10.25,36.75,-1.22
1994-02-21,0,24.66,0,10.25,36.75,-1.22
1994-02-22,0,24.66,0,10.25,36.75,-1.22
1994-02-23,0,24.66,0,10.25,36.75,-1.22
1994-02-24,0,24.66,0,10.25,36.75,-1.22
1994-02-25,0,24.66,0,10.25,36.75,-1.22
1994-02-26,0,24.66,0,10.25,36.75,-1.22
1994-02-27,0,24.66,0,10.25,36.75,-1.22
1994-02-28,0,24.66,0,10.25,36.75,-1.22
1994-03-01,0,15.8,0,28.72,59.28,-1.22
1994-03-02,0,15.8,0,28.72,59.28,-1.22
1994-03-03,0,15.8,0,28.72,59.28,-1.22
1994-03-04,0,15.8,0,28.72,59.28,-1.22
1994-03-05,0,15.8,0,28.72,59.28,-0.78
1994-03-06,0,15.8,0,28.72,59.28,-0.78
1994-03-07,0,15.8,0,28.72,59.28,-0.78
1994-03-08,0,15.8,0,28.72,59.28,-0.78
1994-03-09,0,15.8,0,28.72,59.28,-0.78
1994-03-10,0,15.8,0,28.72,59.28,-0.78
1994-03-11,0,15.8,0,28.72,59.28,-0.78
1994-03-12,0,15.8,0,28.72,59.28,-0.78
1994-03-13,0,15.8,0,28.72,59.28,-0.78
1994-03-14,0,15.8,0,28.72,59.28,-0.78
1994-03-15,0,15.8,0,28.72,59.28,-0.78
1994-03-16,0,15.8,0,28.72,59.28,-0.78
1994-03-17,0,15.8,0,28.72,59.28,-0.78
1994-03-18,0,15.8,0,28.72,59.28,-0.78
1994-03-19,0,15.8,0,28.72,59.28,-0.78
1994-03-20,0,15.8,0,28.72,59.28,-0.78
1994-03-21,0,15.8,0,28.72,59.28,-0.78
1994-03-22,0,15.8,0,28.72,59.28,-0.78
1994-03-23,0,15.8,0,28.72,59.28,-0.78
1994-03-24,0,15.8,0,28.72,59.28,-0.78
1994-03-25,0,15.8,0,28.72,59.28,-0.78
1994-03-26,0,15.8,0,28.72,59.28,-0.78
1994-03-27,0,15.8,0,28.72,59.28,-0.78
1994-03-28,0,15.8,0,28.72,59.28,-0.78
1994-03-29,0,15.8,0,28.72,59.28,-0.78
1994-03-30,0,15.8,0,28.72,59.28,-0.78
1994-03-31,0,15.8,0,28.72,59.28,-0.78
1994-04-01,0,28.71,0,9.9,56.05,-0.78
1994-04-02,0,28.71,0,9.9,56.05,-0.78
1994-04-03,0,28.71,0,9.9,56.05,-0.78
1994-04-04,0,28.71,0,9.9,56.05,-0.53
1994-04-05,0,28.71,0,9.9,56.05,-0.53
1994-04-06,0,28.71,0,9.9,56.05,-0.53
1994-04-07,0,28.71,0,9.9,56.05,-0.53
1994-04-08,0,28.71,0,9.9,56.05,-0.53
1994-04-09,0,28.71,0,9.9,56.05,-0.53
1994-04-10,0,28.71,0,9.9,56.05,-0.53
1994-04-11,0,28.71,0,9.9,56.05,-0.53
1994-04-12,0,28.71,0,9.9,56.05,-0.53
1994-04-13,0,28.71,0,9.9,56.05,-0.53
1994-04-14,0,28.71,0,9.9,56.05,-0.53
1994-04-15,0,28.71,0,9.9,56.05,-0.53
1994-04-16,0,28.71,0,9.9,56.05,-0.53
1994-04-17,0,28.71,0,9.9,56.05,-0.53
1994-04-18,0,28.71,0,9.9,56.05,-0.53
1994-04-19,0,28.71,0,9.9,56.05,-0.53
1994-04-20,0,28.71,0,9.9,56.05,-0.53
1994-04-21,0,28.71,0,9.9,56.05,-0.53
1994-04-22,0,28.71,0,9.9,56.05,-0.53
1994-04-23,0,28.71,0,9.9,56.05,-0.53
1994-04-24,0,28.71,0,9.9,56.05,-0.53
1994-04-25,0,28.71,0,9.9,56.05,-0.53
1994-04-26,0,28.71,0,9.9,56.05,-0.53
1994-04-27,0,28.71,0,9.9,56.05,-0.53
1994-04-28,0,28.71,0,9.9,56.05,-0.53
1994-04-29,0,28.71,0,9.9,56.05,-0.53
1994-04-30,0,28.71,0,9.9,56.05,-0.53
1994-05-01,0,39.75,6.61,9.89,59.77,-0.53
1994-05-02,0,39.75,6.61,9.89,59.77,-0.53
1994-05-03,0,39.75,6.61,9.89,59.77,-0.53
1994-05-04,0,39.75,6.61,9.89,59.77,-0.53
1994-05-05,0,39.75,6.61,9.89,59.77,-0.26
1994-05-06,0,39.75,6.61,9.89,59.77,-0.26
1994-05-07,0,39.75,6.61,9.89,59.77,-0.26
1994-05-08,0,39.75,6.61,9.89,59.77,-0.26
1994-05-09,0,39.75,6.61,9.89,59.77,-0.26
1994-05-10,0,39.75,6.61,9.89,59.77,-0.26
1994-05-11,0,39.75,6.61,9.89,59.77,-0.26
1994-05-12,0,39.75,6.61,9.89,59.77,-0.26
1994-05-13,0,39.75,6.61,9.89,59.77,-0.26
1994-05-14,0,39.75,6.61,9.89,59.77,-0.26
1994-05-15,0,39.75,6.61,9.89,59.77,-0.26
1994-05-16,0,39.75,6.61,9.89,59.77,-0.26
1994-05-17,0,39.75,6.61,9.89,59.77,-0.26
1994-05-18,0,39.75,6.61,9.89,59.77,-0.26
1994-05-19,0,39.75,6.61,9.89,59.77,-0.26
1994-05-20,0,39.75,6.61,9.89,59.77,-0.26
1994-05-21,0,39.75,6.61,9.89,59.77,-0.26
1994-05-22,0,39.75,6.61,9.89,59.77,-0.26
1994-05-23,0,39.75,6.61,9.89,59.77,-0.26
1994-05-24,0,39.75,6.61,9.89,59.77,-0.26
1994-05-25,0,39.75,6.61,9.89,59.77,-0.26
1994-05-26,0,39.75,6.61,9.89,59.77,-0.26
1994-05-27,0,39.75,6.61,9.89,59.77,-0.26
1994-05-28,0,39.75,6.61,9.89,59.77,-0.26
1994-05-29,0,39.75,6.61,9.89,59.77,-0.26
1994-05-30,0,39.75,6.61,9.89,59.77,-0.26
1994-05-31,0,39.75,6.61,9.89,59.77,-0.26
1994-06-01,0,57.89,19.71,9.89,50.63,-0.26
1994-06-02,0,57.89,19.71,9.89,50.63,-0.26
1994-06-03,0,57.89,19.71,9.89,50.63,-0.26
1994-06-04,0,57.89,19.71,9.89,50.63,-0.16
1994-06-05,0,57.89,19.71,9.89,50.63,-0.16
1994-06-06,0,57.89,19.71,9.89,50.63,-0.16
1994-06-07,0,57.89,19.71,9.89,50.63,-0.16
1994-06-08,0,57.89,19.71,9.89,50.63,-0.16
1994-06-09,0,57.89,19.71,9.89,50.63,-0.16
1994-06-10,0,57.89,19.71,9.89,50.63,-0.16
1994-06-11,0,57.89,19.71,9.89,50.63,-0.16
1994-06-12,0,57.89,19.71,9.89,50.63,-0.16
1994-06-13,0,57.89,19.71,9.89,50.63,-0.16
1994-06-14,0,57.89,19.71,9.89,50.63,-0.16
1994-06-15,0,57.89,19.71,9.89,50.63,-0.16
1994-06-16,0,57.89,19.71,9.89,50.63,-0.16
1994-06-17,0,57.89,19.71,9.89,50.63,-0.16
1994-06-18,0,57.89,19.71,9.89,50.63,-0.16
1994-06-19,0,57.89,19.71,9.89,50.63,-0.16
1994-06-20,0,57.89,19.71,9.89,50.63,-0.16
1994-06-21,0,57.89,19.71,9.89,50.63,-0.16
1994-06-22,0,57.89,19.71,9.89,50.63,-0.16
1994-06-23,0,57.89,19.71,9.89,50.63,-0.16
1994-06-24,0,57.89,19.71,9.89,50.63,-0.16
1994-06-25,0,57.89,19.71,9.89,50.63,-0.16
1994-06-26,0,57.89,19.71,9.89,50.63,-0.16
1994-06-27,0,57.89,19.71,9.89,50.63,-0.16
1994-06-28,0,57.89,19.71,9.89,50.63,-0.16
1994-06-29,0,57.89,19.71,9.89,50.63,-0.16
1994-06-30,0,57.89,19.71,9.89,50.63,-0.16
1994-07-01,0,60.8,23.96,9.89,31,-0.16
1994-07-02,0,60.8,23.96,9.89,31,-0.16
1994-07-03,0,60.8,23.96,9.89,31,-0.16
1994-07-04,0,60.8,23.96,9.89,31,-0.16
1994-07-05,0,60.8,23.96,9.89,31,-0.3
1994-07-06,0,60.8,23.96,9.89,31,-0.3
1994-07-07,0,60.8,23.96,9.89,31,-0.3
1994-07-08,0,60.8,23.96,9.89,31,-0.3
1994-07-09,0,60.8,23.96,9.89,31,-0.3
1994-07-10,0,60.8,23.96,9.89,31,-0.3
1994-07-11,0,60.8,23.96,9.89,31,-0.3
1994-07-12,0,60.8,23.96,9.89,31,-0.3
1994-07-13,0,60.8,23.96,9.89,31,-0.3
1994-07-14,0,60.8,23.96,9.89,31,-0.3
1994-07-15,0,60.8,23.96,9.89,31,-0.3
1994-07-16,0,60.8,23.96,9.89,31,-0.3
1994-07-17,0,60.8,23.96,9.89,31,-0.3
1994-07-18,0,60.8,23.96,9.89,31,-0.3
1994-07-19,0,60.8,23.96,9.89,31,-0.3
1994-07-20,0,60.8,23.96,9.89,31,-0.3
1994-07-21,0,60.8,23.96,9.89,31,-0.3
1994-07-22,0,60.8,23.96,9.89,31,-0.3
1994-07-23,0,60.8,23.96,9.89,31,-0.3
1994-07-24,0,60.8,23.96,9.89,31,-0.3
1994-07-25,0,60.8,23.96,9.89,31,-0.3
1994-07-26,0,60.8,23.96,9.89,31,-0.3
1994-07-27,0,60.8,23.96,9.89,31,-0.3
1994-07-28,0,60.8,23.96,9.89,31,-0.3
1994-07-29,0,60.8,23.96,9.89,31,-0.3
1994-07-30,0,60.8,23.96,9.89,31,-0.3
1994-07-31,0,60.8,23.96,9.89,31,-0.3
1994-08-01,0,55.04,16.55,9.89,40.14,-0.3
1994-08-02,0,55.04,16.55,9.89,40.14,-0.3
1994-08-03,0,55.04,16.55,9.89,40.14,-0.3
1994-08-04,0,55.04,16.55,9.89,40.14,-0.3
1994-08-05,0,55.04,16.55,9.89,40.14,-0.45
1994-08-06,0,55.04,16.55,9.89,40.14,-0.45
1994-08-07,0,55.04,16.55,9.89,40.14,-0.45
1994-08-08,0,55.04,16.55,9.89,40.14,-0.45
1994-08-09,0,55.04,16.55,9.89,40.14,-0.45
1994-08-10,0,55.04,16.55,9.89,40.14,-0.45
1994-08-11,0,55.04,16.55,9.89,40.14,-0.45
1994-08-12,0,55.04,16.55,9.89,40.14,-0.45
1994-08-13,0,55.04,16.55,9.89,40.14,-0.45
1994-08-14,0,55.04,16.55,9.89,40.14,-0.45
1994-08-15,0,55.04,16.55,9.89,40.14,-0.45
1994-08-16,0,55.04,16.55,9.89,40.14,-0.45
1994-08-17,0,55.04,16.55,9.89,40.14,-0.45
1994-08-18,0,55.04,16.55,9.89,40.14,-0.45
1994-08-19,0,55.04,16.55,9.89,40.14,-0.45
1994-08-20,0,55.04,16.55,9.89,40.14,-0.45
1994-08-21,0,55.04,16.55,9.89,40.14,-0.45
1994-08-22,0,55.04,16.55,9.89,40.14,-0.45
1994-08-23,0,55.04,16.55,9.89,40.14,-0.45
1994-08-24,0,55.04,16.55,9.89,40.14,-0.45
1994-08-25,0,55.04,16.55,9.89,40.14,-0.45
1994-08-26,0,55.04,16.55,9.89,40.14,-0.45
1994-08-27,0,55.04,16.55,9.89,40.14,-0.45
1994-08-28,0,55.04,16.55,9.89,40.14,-0.45
1994-08-29,0,55.04,16.55,9.89,40.14,-0.45
1994-08-30,0,55.04,16.55,9.89,40.14,-0.45
1994-08-31,0,55.04,16.55,9.89,40.14,-0.45
1994-09-01,0,29.63,2.61,9.89,46.44,-0.45
1994-09-02,0,29.63,2.61,9.89,46.44,-0.62
1994-09-03,0,29.63,2.61,9.89,46.44,-0.62
1994-09-04,0,29.63,2.61,9.89,46.44,-0.62
1994-09-05,0,29.63,2.61,9.89,46.44,-0.62
1994-09-06,0,29.63,2.61,9.89,46.44,-0.62
1994-09-07,0,29.63,2.61,9.89,46.44,-0.62
1994-09-08,0,29.63,2.61,9.89,46.44,-0.62
1994-09-09,0,29.63,2.61,9.89,46.44,-0.62
1994-09-10,0,29.63,2.61,9.89,46.44,-0.62
1994-09-11,0,29.63,2.61,9.89,46.44,-0.62
1994-09-12,0,29.63,2.61,9.89,46.44,-0.62
1994-09-13,0,29.63,2.61,9.89,46.44,-0.62
1994-09-14,0,29.63,2.61,9.89,46.44,-0.62
1994-09-15,0,29.63,2.61,9.89,46.44,-0.62
1994-09-16,0,29.63,2.61,9.89,46.44,-0.62
1994-09-17,0,29.63,2.61,9.89,46.44,-0.62
1994-09-18,0,29.63,2.61,9.89,46.44,-0.62
1994-09-19,0,29.63,2.61,9.89,46.44,-0.62
1994-09-20,0,29.63,2.61,9.89,46.44,-0.62
1994-09-21,0,29.63,2.61,9.89,46.44,-0.62
1994-09-22,0,29.63,2.61,9.89,46.44,-0.62
1994-09-23,0,29.63,2.61,9.89,46.44,-0.62
1994-09-24,0,29.63,2.61,9.89,46.44,-0.62
1994-09-25,0,29.63,2.61,9.89,46.44,-0.62
1994-09-26,0,29.63,2.61,9.89,46.44,-0.62
1994-09-27,0,29.63,2.61,9.89,46.44,-0.62
1994-09-28,0,29.63,2.61,9.89,46.44,-0.62
1994-09-29,0,29.63,2.61,9.89,46.44,-0.62
1994-09-30,0,29.63,2.61,9.89,46.44,-0.62
1994-10-01,0,10.94,0,9.89,30.94,-0.62
1994-10-02,0,10.94,0,9.89,30.94,-0.62
1994-10-03,0,10.94,0,9.89,30.94,-1.01
1994-10-04,0,10.94,0,9.89,30.94,-1.01
1994-10-05,0,10.94,0,9.89,30.94,-1.01
1994-10-06,0,10.94,0,9.89,30.94,-1.01
1994-10-07,0,10.94,0,9.89,30.94,-1.01
1994-10-08,0,10.94,0,9.89,30.94,-1.01
1994-10-09,0,10.94,0,9.89,30.94,-1.01
1994-10-10,0,10.94,0,9.89,30.94,-1.01
1994-10-11,0,10.94,0,9.89,30.94,-1.01
1994-10-12,0,10.94,0,9.89,30.94,-1.01
1994-10-13,0,10.94,0,9.89,30.94,-1.01
1994-10-14,0,10.94,0,9.89,30.94,-1.01
1994-10-15,0,10.94,0,9.89,30.94,-1.01
1994-10-16,0,10.94,0,9.89,30.94,-1.01
1994-10-17,0,10.94,0,9.89,30.94,-1.01
1994-10-18,0,10.94,0,9.89,30.94,-1.01
1994-10-19,0,10.94,0,9.89,30.94,-1.01
1994-10-20,0,10.94,0,9.89,30.94,-1.01
1994-10-21,0,10.94,0,9.89,30.94,-1.01
1994-10-22,0,10.94,0,9.89,30.94,-1.01
1994-10-23,0,10.94,0,9.89,30.94,-1.01
1994-10-24,0,10.94,0,9.89,30.94,-1.01
1994-10-25,0,10.94,0,9.89,30.94,-1.01
1994-10-26,0,10.94,0,9.89,30.94,-1.01
1994-10-27,0,10.94,0,9.89,30.94,-1.01
1994-10-28,0,10.94,0,9.89,30.94,-1.01
1994-10-29,0,10.94,0,9.89,30.94,-1.01
1994-10-30,0,10.94,0,9.89,30.94,-1.01
1994-10-31,0,10.94,0,9.89,30.94,-1.01
1994-11-01,0,3.39,0,13.19,28.43,-1.01
1994-11-02,0,3.39,0,13.19,28.43,-1.33
1994-11-03,0,3.39,0,13.19,28.43,-1.33
1994-11-04,0,3.39,0,13.19,28.43,-1.33
1994-11-05,0,3.39,0,13.19,28.43,-1.33
1994-11-06,0,3.39,0,13.19,28.43,-1.33
1994-11-07,0,3.39,0,13.19,28.43,-1.33
1994-11-08,0,3.39,0,13.19,28.43,-1.33
1994-11-09,0,3.39,0,13.19,28.43,-1.33
1994-11-10,0,3.39,0,13.19,28.43,-1.33
1994-11-11,0,3.39,0,13.19,28.43,-1.33
1994-11-12,0,3.39,0,13.19,28.43,-1.33
1994-11-13,0,3.39,0,13.19,28.43,-1.33
1994-11-14,0,3.39,0,13.19,28.43,-1.33
1994-11-15,0,3.39,0,13.19,28.43,-1.33
1994-11-16,0,3.39,0,13.19,28.43,-1.33
1994-11-17,0,3.39,0,13.19,28.43,-1.33
1994-11-18,0,3.39,0,13.19,28.43,-1.33
1994-11-19,0,3.39,0,13.19,28.43,-1.33
1994-11-20,0,3.39,0,13.19,28.43,-1.33
1994-11-21,0,3.39,0,13.19,28.43,-1.33
1994-11-22,0,3.39,0,13.19,28.43,-1.33
1994-11-23,0,3.39,0,13.19,28.43,-1.33
1994-11-24,0,3.39,0,13.19,28.43,-1.33
1994-11-25,0,3.39,0,13.19,28.43,-1.33
1994-11-26,0,3.39,0,13.19,28.43,-1.33
1994-11-27,0,3.39,0,13.19,28.43,-1.33
1994-11-28,0,3.39,0,13.19,28.43,-1.33
1994-11-29,0,3.39,0,13.19,28.43,-1.33
1994-11-30,0,3.39,0,13.19,28.43,-1.33
1994-12-01,0,1.9,0,3.4,30.01,-1.33
1994-12-02,0,1.9,0,3.4,30.01,-1.33
1994-12-03,0,1.9,0,3.4,30.01,-1.97
1994-12-04,0,1.9,0,3.4,30.01,-1.97
1994-12-05,0,1.9,0,3.4,30.01,-1.97
1994-12-06,0,1.9,0,3.4,30.01,-1.97
1994-12-07,0,1.9,0,3.4,30.01,-1.97
1994-12-08,0,1.9,0,3.4,30.01,-1.97
1994-12-09,0,1.9,0,3.4,30.01,-1.97
1994-12-10,0,1.9,0,3.4,30.01,-1.97
1994-12-11,0,1.9,0,3.4,30.01,-1.97
1994-12-12,0,1.9,0,3.4,30.01,-1.97
1994-12-13,0,1.9,0,3.4,30.01,-1.97
1994-12-14,0,1.9,0,3.4,30.01,-1.97
1994-12-15,0,1.9,0,3.4,30.01,-1.97
1994-12-16,0,1.9,0,3.4,30.01,-1.97
1994-12-17,0,1.9,0,3.4,30.01,-1.97
1994-12-18,0,1.9,0,3.4,30.01,-1.97
1994-12-19,0,1.9,0,3.4,30.01,-1.97
1994-12-20,0,1.9,0,3.4,30.01,-1.97
1994-12-21,0,1.9,0,3.4,30.01,-1.97
1994-12-22,0,1.9,0,3.4,30.01,-1.97
1994-12-23,0,1.9,0,3.4,30.01,-1.97
1994-12-24,0,1.9,0,3.4,30.01,-1.97
1994-12-25,0,1.9,0,3.4,30.01,-1.97
1994-12-26,0,1.9,0,3.4,30.01,-1.97
1994-12-27,0,1.9,0,3.4,30.01,-1.97
1994-12-28,0,1.9,0,3.4,30.01,-1.97
1994-12-29,0,1.9,0,3.4,30.01,-1.97
1994-12-30,0,1.9,0,3.4,30.01,-1.97
1994-12-31,0,1.9,0,3.4,30.01,-1.97
1995-01-01,0,18.61,0.16,2.8,99.7,-1.97
1995-01-02,0,18.61,0.16,2.8,99.7,-2.42
1995-01-03,0,18.61,0.16,2.8,99.7,-2.42
1995-01-04,0,18.61,0.16,2.8,99.7,-2.42
1995-01-05,0,18.61,0.16,2.8,99.7,-2.42
1995-01-06,0,18.61,0.16,2.8,99.7,-2.42
1995-01-07,0,18.61,0.16,2.8,99.7,-2.42
1995-01-08,0,18.61,0.16,2.8,99.7,-2.42
1995-01-09,0,18.61,0.16,2.8,99.7,-2.42
1995-01-10,0,18.61,0.16,2.8,99.7,-2.42
1995-01-11,0,18.61,0.16,2.8,99.7,-2.42
1995-01-12,0,18.61,0.16,2.8,99.7,-2.42
1995-01-13,0,18.61,0.16,2.8,99.7,-2.42
1995-01-14,0,18.61,0.16,2.8,99.7,-2.42
1995-01-15,0,18.61,0.16,2.8,99.7,-2.42
1995-01-16,0,18.61,0.16,2.8,99.7,-2.42
1995-01-17,0,18.61,0.16,2.8,99.7,-2.42
1995-01-18,0,18.61,0.16,2.8,99.7,-2.42
1995-01-19,0,18.61,0.16,2.8,99.7,-2.42
1995-01-20,0,18.61,0.16,2.8,99.7,-2.42
1995-01-21,0,18.61,0.16,2.8,99.7,-2.42
1995-01-22,0,18.61,0.16,2.8,99.7,-2.42
1995-01-23,0,18.61,0.16,2.8,99.7,-2.42
1995-01-24,0,18.61,0.16,2.8,99.7,-2.42
1995-01-25,0,18.61,0.16,2.8,99.7,-2.42
1995-01-26,0,18.61,0.16,2.8,99.7,-2.42
1995-01-27,0,18.61,0.16,2.8,99.7,-2.42
1995-01-28,0,18.61,0.16,2.8,99.7,-2.42
1995-01-29,0,18.61,0.16,2.8,99.7,-2.42
1995-01-30,0,18.61,0.16,46.85,99.7,-2.42
1995-01-31,0,18.61,0.16,80.62,99.7,-2.42
1995-02-01,0,44.56,1.3,17.96,66.68,-2.42
1995-02-02,0,44.56,1.3,17.96,66.68,-2.11
1995-02-03,0,44.56,1.3,17.96,66.68,-2.11
1995-02-04,0,44.56,1.3,17.96,66.68,-2.11
1995-02-05,0,44.56,1.3,17.96,66.68,-2.11
1995-02-06,0,44.56,1.3,17.96,66.68,-2.11
1995-02-07,0,44.56,1.3,17.96,66.68,-2.11
1995-02-08,0,44.56,1.3,17.96,66.68,-2.11
1995-02-09,0,44.56,1.3,17.96,66.68,-2.11
1995-02-10,0,44.56,1.3,17.96,66.68,-2.11
1995-02-11,0,44.56,1.3,17.96,66.68,-2.11
1995-02-12,0,44.56,1.3,17.96,66.68,-2.11
1995-02-13,0,44.56,1.3,17.96,66.68,-2.11
1995-02-14,0,44.56,1.3,17.96,66.68,-2.11
1995-02-15,0,44.56,1.3,17.96,66.68,-2.11
1995-02-16,0,44.56,1.3,17.96,66.68,-2.11
1995-02-17,0,44.56,1.3,17.96,66.68,-2.11
1995-02-18,0,44.56,1.3,17.96,66.68,-2.11
1995-02-19,0,44.56,1.3,17.96,66.68,-2.11
1995-02-20,0,44.56,1.3,17.96,66.68,-2.11
1995-02-21,0,44.56,1.34,18.46,66.68,-2.11
1995-02-22,0,44.56,1.49,20.18,66.68,-2.11
1995-02-23,0,44.56,1.49,20.18,66.68,-2.11
1995-02-24,0,44.56,1.49,20.18,66.68,-2.11
1995-02-25,0,44.56,1.49,20.18,66.68,-2.11
1995-02-26,0,44.56,1.49,20.18,66.68,-2.11
1995-02-27,0,44.56,1.49,20.18,66.68,-2.11
1995-02-28,0,44.56,1.49,20.18,66.68,-2.11
1995-03-01,0,29.33,1.01,118.14,149.1,-2.11
1995-03-02,0,29.33,1.01,118.14,149.1,-2.11
1995-03-03,0,29.33,1.01,118.14,149.1,-2.11
1995-03-04,0,29.33,1.01,118.14,149.1,-2.11
1995-03-05,0,29.33,1.01,118.14,149.1,-1.47
1995-03-06,0,29.33,1.01,118.14,149.1,-1.47
1995-03-07,0,29.33,1.01,118.14,149.1,-1.47
1995-03-08,0,29.33,1.01,118.14,149.1,-1.47
1995-03-09,0,29.33,1.01,118.14,149.1,-1.47
1995-03-10,0,29.33,1.01,118.14,149.1,-1.47
1995-03-11,0,29.33,1.01,118.14,149.1,-1.47
1995-03-12,0,29.33,1.01,118.14,149.1,-1.47
1995-03-13,0,29.33,1.01,118.14,149.1,-1.47
1995-03-14,0,29.33,1.01,118.14,149.1,-1.47
1995-03-15,0,29.33,1.01,118.14,149.1,-1.47
1995-03-16,0,29.33,1.01,118.14,149.1,-1.47
1995-03-17,0,29.33,0.04,106.45,149.1,-1.47
1995-03-18,0,29.33,0,105.96,149.1,-1.47
1995-03-19,0,29.33,0,105.96,149.1,-1.47
1995-03-20,0,29.33,0,105.96,149.1,-1.47
1995-03-21,0,29.33,0,105.96,149.1,-1.47
1995-03-22,0,29.33,0,105.96,149.1,-1.47
1995-03-23,0,29.33,0,105.96,149.1,-1.47
1995-03-24,0,29.33,0,105.96,149.1,-1.47
1995-03-25,0,29.33,0,105.96,149.1,-1.47
1995-03-26,0,29.33,0,105.96,149.1,-1.47
1995-03-27,0,29.33,0,105.96,149.1,-1.47
1995-03-28,0,29.33,0,105.96,149.1,-1.47
1995-03-29,0,29.33,0,105.96,149.1,-1.47
1995-03-30,0,29.33,0,105.96,149.1,-1.47
1995-03-31,0,29.33,0,105.96,149.1,-1.47
1995-04-01,0,74.5,9.45,98.42,156.99,-1.47
1995-04-02,0,74.5,9.45,98.42,156.99,-1.47
1995-04-03,0,74.5,9.45,98.42,156.99,-1.47
1995-04-04,0,74.5,9.45,98.42,156.99,-0.81
1995-04-05,0,74.5,9.45,98.42,156.99,-0.81
1995-04-06,0,74.5,9.45,98.42,156.99,-0.81
1995-04-07,0,74.5,9.45,98.42,156.99,-0.81
1995-04-08,0,74.5,9.45,98.42,156.99,-0.81
1995-04-09,0,74.5,9.45,98.42,156.99,-0.81
1995-04-10,0,74.5,9.45,98.42,156.99,-0.81
1995-04-11,0,74.5,9.45,98.42,156.99,-0.81
1995-04-12,0,74.5,9.45,98.42,156.99,-0.81
1995-04-13,0,74.5,9.45,98.42,156.99,-0.81
1995-04-14,0,74.5,9.45,98.42,156.99,-0.81
1995-04-15,0,74.5,9.45,98.42,156.99,-0.81
1995-04-16,0,74.5,9.45,98.42,156.99,-0.81
1995-04-17,0,74.5,9.45,98.42,156.99,-0.81
1995-04-18,0,74.5,9.45,98.42,156.99,-0.81
1995-04-19,0,74.5,9.45,98.42,156.99,-0.81
1995-04-20,0,74.5,9.45,98.42,156.99,-0.81
1995-04-21,0,74.5,9.45,98.42,156.99,-0.81
1995-04-22,0,74.5,9.45,98.42,156.99,-0.81
1995-04-23,0,74.5,9.45,98.42,156.99,-0.81
1995-04-24,0,74.5,9.45,98.42,156.99,-0.81
1995-04-25,0,74.5,9.45,98.42,156.99,-0.81
1995-04-26,0,74.5,9.45,98.42,156.99,-0.81
1995-04-27,0,74.5,9.45,98.42,156.99,-0.81
1995-04-28,0,74.5,9.45,98.42,156.99,-0.81
1995-04-29,0,74.5,9.45,98.42,156.99,-0.81
1995-04-30,0,74.5,9.45,98.42,156.99,-0.81
1995-05-01,0,57.46,35.4,133.74,214.01,-0.81
1995-05-02,0,57.46,35.4,133.74,214.01,-0.81
1995-05-03,0,57.46,35.4,133.74,214.01,-0.81
1995-05-04,0,57.46,35.4,133.74,214.01,-0.81
1995-05-05,0,57.46,35.4,133.74,214.01,-0.4
1995-05-06,0,57.46,35.4,133.74,214.01,-0.4
1995-05-07,0,57.46,35.4,133.74,214.01,-0.4
1995-05-08,0,57.46,35.4,133.74,214.01,-0.4
1995-05-09,0,57.46,35.4,133.74,214.01,-0.4
1995-05-10,0,57.46,35.4,133.74,214.01,-0.4
1995-05-11,0,57.46,35.4,133.74,214.01,-0.4
1995-05-12,0,57.46,35.4,133.74,214.01,-0.4
1995-05-13,0,57.46,35.4,133.74,214.01,-0.4
1995-05-14,0,57.46,35.4,133.74,214.01,-0.4
1995-05-15,0,57.46,35.4,133.74,214.01,-0.4
1995-05-16,0,57.46,35.4,133.74,214.01,-0.4
1995-05-17,0,57.46,35.4,133.74,214.01,-0.4
1995-05-18,0,57.46,35.4,133.74,214.01,-0.4
1995-05-19,0,57.46,35.4,133.74,214.01,-0.4
1995-05-20,0,57.46,35.4,133.74,214.01,-0.4
1995-05-21,0,57.46,35.4,133.74,214.01,-0.4
1995-05-22,0,57.46,35.4,133.74,214.01,-0.4
1995-05-23,0,57.46,35.4,133.74,214.01,-0.4
1995-05-24,0,57.46,35.4,133.74,214.01,-0.4
1995-05-25,0,57.46,35.4,133.74,214.01,-0.4
1995-05-26,0,57.46,35.4,133.74,214.01,-0.4
1995-05-27,0,57.46,35.4,133.74,214.01,-0.4
1995-05-28,0,57.46,35.4,133.74,214.01,-0.4
1995-05-29,0,57.46,35.4,133.74,214.01,-0.4
1995-05-30,0,57.46,35.4,133.74,214.01,-0.4
1995-05-31,0,57.46,35.4,133.74,214.01,-0.4
1995-06-01,0,115.43,35.4,101.6,362.63,-0.4
1995-06-02,0,115.43,35.4,101.6,362.63,-0.4
1995-06-03,0,115.43,35.4,101.6,362.63,-0.4
1995-06-04,0,115.43,35.4,101.6,362.63,-0.2
1995-06-05,0,115.43,35.4,101.6,362.63,-0.2
1995-06-06,0,115.43,35.4,101.6,362.63,-0.2
1995-06-07,0,115.43,35.4,101.6,362.63,-0.2
1995-06-08,0,115.43,35.4,101.6,362.63,-0.2
1995-06-09,0,115.43,35.4,101.6,362.63,-0.2
1995-06-10,0,115.43,35.4,101.6,362.63,-0.2
1995-06-11,0,115.43,35.4,101.6,362.63,-0.2
1995-06-12,0,115.43,35.4,101.6,362.63,-0.2
1995-06-13,0,115.43,35.4,101.6,362.63,-0.2
1995-06-14,0,115.43,35.4,101.6,362.63,-0.2
1995-06-15,0,115.43,35.4,101.6,362.63,-0.2
1995-06-16,0,115.43,35.4,101.6,362.63,-0.2
1995-06-17,0,115.43,35.4,101.6,362.63,-0.2
1995-06-18,0,115.43,35.4,101.6,362.63,-0.2
1995-06-19,0,115.43,35.4,101.6,362.63,-0.2
1995-06-20,0,115.43,35.4,101.6,362.63,-0.2
1995-06-21,0,115.43,35.4,135.29,362.63,-0.2
1995-06-22,0,115.43,35.4,209.83,362.63,-0.2
1995-06-23,0,115.43,35.4,209.83,362.63,-0.2
1995-06-24,0,115.43,35.4,209.83,362.63,-0.2
1995-06-25,0,115.43,35.4,209.83,362.63,-0.2
1995-06-26,0,115.43,35.4,209.83,362.63,-0.2
1995-06-27,0,115.43,35.4,209.83,362.63,-0.2
1995-06-28,0,115.43,35.4,209.83,362.63,-0.2
1995-06-29,0,115.43,35.4,209.83,362.63,-0.2
1995-06-30,0,115.43,35.4,209.83,362.63,-0.2
1995-07-01,0,126.51,35.4,181.83,346.15,-0.2
1995-07-02,0,126.51,35.4,181.83,346.15,-0.2
1995-07-03,0,126.51,35.4,181.83,346.15,-0.2
1995-07-04,0,126.51,35.4,181.83,346.15,-0.2
1995-07-05,0,126.51,35.4,181.83,346.15,-0.16
1995-07-06,0,126.51,35.4,181.83,346.15,-0.16
1995-07-07,0,126.51,35.4,181.83,346.15,-0.16
1995-07-08,0,126.51,35.4,181.83,346.15,-0.16
1995-07-09,0,126.51,35.4,181.83,346.15,-0.16
1995-07-10,0,126.51,35.4,181.83,346.15,-0.16
1995-07-11,0,126.51,35.4,181.83,346.15,-0.16
1995-07-12,0,126.51,35.4,181.83,346.15,-0.16
1995-07-13,0,126.51,35.4,181.83,346.15,-0.16
1995-07-14,0,126.51,35.4,181.83,346.15,-0.16
1995-07-15,0,126.51,35.4,181.83,346.15,-0.16
1995-07-16,0,126.51,35.4,181.83,346.15,-0.16
1995-07-17,0,126.51,35.4,181.83,346.15,-0.16
1995-07-18,0,126.51,35.4,181.83,346.15,-0.16
1995-07-19,0,126.51,35.4,181.83,346.15,-0.16
1995-07-20,0,126.51,35.4,181.83,346.15,-0.16
1995-07-21,0,126.51,35.4,181.83,346.15,-0.16
1995-07-22,0,126.51,35.4,181.83,346.15,-0.16
1995-07-23,0,126.51,35.4,181.83,346.15,-0.16
1995-07-24,0,126.51,35.4,181.83,346.15,-0.16
1995-07-25,0,126.51,35.4,181.83,346.15,-0.16
1995-07-26,0,126.51,35.4,181.83,346.15,-0.16
1995-07-27,0,126.51,35.4,181.83,346.15,-0.16
1995-07-28,0,126.51,35.4,181.83,346.15,-0.16
1995-07-29,0,126.51,35.4,181.83,346.15,-0.16
1995-07-30,0,126.51,35.4,181.83,346.15,-0.16
1995-07-31,0,126.51,35.4,181.83,346.15,-0.16
1995-08-01,0,109.7,35.4,9.89,140.91,-0.16
1995-08-02,0,109.7,35.4,9.89,140.91,-0.16
1995-08-03,0,109.7,35.4,9.89,140.91,-0.16
1995-08-04,0,109.7,35.4,9.89,140.91,-0.16
1995-08-05,0,109.7,35.4,9.89,140.91,-0.36
1995-08-06,0,109.7,35.4,9.89,140.91,-0.36
1995-08-07,0,109.7,35.4,9.89,140.91,-0.36
1995-08-08,0,109.7,35.4,9.89,140.91,-0.36
1995-08-09,0,109.7,35.4,9.89,140.91,-0.36
1995-08-10,0,109.7,35.4,9.89,140.91,-0.36
1995-08-11,0,109.7,35.4,9.89,140.91,-0.36
1995-08-12,0,109.7,35.4,9.89,140.91,-0.36
1995-08-13,0,109.7,35.4,9.89,140.91,-0.36
1995-08-14,0,109.7,35.4,9.89,140.91,-0.36
1995-08-15,0,109.7,35.4,9.89,140.91,-0.36
1995-08-16,0,109.7,35.4,9.89,140.91,-0.36
1995-08-17,0,109.7,35.4,9.89,140.91,-0.36
1995-08-18,0,109.7,35.4,9.89,140.91,-0.36
1995-08-19,0,109.7,35.4,9.89,140.91,-0.36
1995-08-20,0,109.7,35.4,9.89,140.91,-0.36
1995-08-21,0,109.7,35.4,9.89,140.91,-0.36
1995-08-22,0,109.7,35.4,9.89,140.91,-0.36
1995-08-23,0,109.7,35.4,9.89,140.91,-0.36
1995-08-24,0,109.7,35.4,9.89,140.91,-0.36
1995-08-25,0,109.7,35.4,9.89,140.91,-0.36
1995-08-26,0,109.7,35.4,9.89,140.91,-0.36
1995-08-27,0,109.7,35.4,9.89,140.91,-0.36
1995-08-28,0,109.7,35.4,9.89,140.91,-0.36
1995-08-29,0,109.7,35.4,9.89,140.91,-0.36
1995-08-30,0,109.7,35.4,9.89,140.91,-0.36
1995-08-31,0,109.7,35.4,9.89,140.91,-0.36
1995-09-01,0,81.45,31.52,9.89,74.89,-0.36
1995-09-02,0,81.45,31.52,9.89,74.89,-0.36
1995-09-03,0,81.45,31.52,9.89,74.89,-0.62
1995-09-04,0,81.45,31.52,9.89,74.89,-0.62
1995-09-05,0,81.45,31.52,9.89,74.89,-0.62
1995-09-06,0,81.45,31.52,9.89,74.89,-0.62
1995-09-07,0,81.45,31.52,9.89,74.89,-0.62
1995-09-08,0,81.45,31.52,9.89,74.89,-0.62
1995-09-09,0,81.45,31.52,9.89,74.89,-0.62
1995-09-10,0,81.45,31.52,9.89,74.89,-0.62
1995-09-11,0,81.45,31.52,9.89,74.89,-0.62
1995-09-12,0,81.45,31.52,9.89,74.89,-0.62
1995-09-13,0,81.45,31.52,9.89,74.89,-0.62
1995-09-14,0,81.45,31.52,9.89,74.89,-0.62
1995-09-15,0,81.45,31.52,9.89,74.89,-0.62
1995-09-16,0,81.45,31.52,9.89,74.89,-0.62
1995-09-17,0,81.45,31.52,9.89,74.89,-0.62
1995-09-18,0,81.45,31.52,9.89,74.89,-0.62
1995-09-19,0,81.45,31.52,9.89,74.89,-0.62
1995-09-20,0,81.45,31.52,9.89,74.89,-0.62
1995-09-21,0,81.45,31.52,9.89,74.89,-0.62
1995-09-22,0,81.45,31.52,9.89,74.89,-0.62
1995-09-23,0,81.45,31.52,9.89,74.89,-0.62
1995-09-24,0,81.45,31.52,9.89,74.89,-0.62
1995-09-25,0,81.45,31.52,9.89,74.89,-0.62
1995-09-26,0,81.45,31.52,9.89,74.89,-0.62
1995-09-27,0,81.45,31.52,9.89,74.89,-0.62
1995-09-28,0,81.45,31.52,9.89,74.89,-0.62
1995-09-29,0,81.45,31.52,9.89,74.89,-0.62
1995-09-30,0,81.45,31.52,9.89,74.89,-0.62
1995-10-01,0,55.54,12.27,9.89,35.85,-0.62
1995-10-02,0,55.54,12.27,9.89,35.85,-0.62
1995-10-03,0,55.54,12.27,9.89,35.85,-0.62
1995-10-04,0,55.54,12.27,9.89,35.85,-1.15
1995-10-05,0,55.54,12.27,9.89,35.85,-1.15
1995-10-06,0,55.54,12.27,9.89,35.85,-1.15
1995-10-07,0,55.54,12.27,9.89,35.85,-1.15
1995-10-08,0,55.54,12.27,9.89,35.85,-1.15
1995-10-09,0,55.54,12.27,9.89,35.85,-1.15
1995-10-10,0,55.54,12.27,9.89,35.85,-1.15
1995-10-11,0,55.54,12.27,9.89,35.85,-1.15
1995-10-12,0,55.54,12.27,9.89,35.85,-1.15
1995-10-13,0,55.54,12.27,9.89,35.85,-1.15
1995-10-14,0,55.54,12.27,9.89,35.85,-1.15
1995-10-15,0,55.54,12.27,9.89,35.85,-1.15
1995-10-16,0,55.54,12.27,9.89,35.85,-1.15
1995-10-17,0,55.54,12.27,9.89,35.85,-1.15
1995-10-18,0,55.54,12.27,9.89,35.85,-1.15
1995-10-19,0,55.54,12.27,9.89,35.85,-1.15
1995-10-20,0,55.54,12.27,9.89,35.85,-1.15
1995-10-21,0,55.54,12.27,9.89,35.85,-1.15
1995-10-22,0,55.54,12.27,9.89,35.85,-1.15
1995-10-23,0,55.54,12.27,9.89,35.85,-1.15
1995-10-24,0,55.54,12.27,9.89,35.85,-1.15
1995-10-25,0,55.54,12.27,9.89,35.85,-1.15
1995-10-26,0,55.54,12.27,9.89,35.85,-1.15
1995-10-27,0,55.54,12.27,9.89,35.85,-1.15
1995-10-28,0,55.54,12.27,9.89,35.85,-1.15
1995-10-29,0,55.54,12.27,9.89,35.85,-1.15
1995-10-30,0,55.54,12.27,9.89,35.85,-1.15
1995-10-31,0,55.54,12.27,9.89,35.85,-1.15
1995-11-01,0,17.62,0.73,13.19,20.95,-1.15
1995-11-02,0,17.62,0.73,13.19,20.95,-1.15
1995-11-03,0,17.62,0.73,13.19,20.95,-1.64
1995-11-04,0,17.62,0.73,13.19,20.95,-1.64
1995-11-05,0,17.62,0.73,13.19,20.95,-1.64
1995-11-06,0,17.62,0.73,13.19,20.95,-1.64
1995-11-07,0,17.62,0.73,13.19,20.95,-1.64
1995-11-08,0,17.62,0.73,13.19,20.95,-1.64
1995-11-09,0,17.62,0.73,13.19,20.95,-1.64
1995-11-10,0,17.62,0.73,13.19,20.95,-1.64
1995-11-11,0,17.62,0.73,13.19,20.95,-1.64
1995-11-12,0,17.62,0.73,13.19,20.95,-1.64
1995-11-13,0,17.62,0.73,13.19,20.95,-1.64
1995-11-14,0,17.62,0.73,13.19,20.95,-1.64
1995-11-15,0,17.62,0.73,13.19,20.95,-1.64
1995-11-16,0,17.62,0.73,13.19,20.95,-1.64
1995-11-17,0,17.62,0.73,13.19,20.95,-1.64
1995-11-18,0,17.62,0.73,13.19,20.95,-1.64
1995-11-19,0,17.62,0.73,13.19,20.95,-1.64
1995-11-20,0,17.62,0.73,13.19,20.95,-1.64
1995-11-21,0,17.62,0.73,13.19,20.95,-1.64
1995-11-22,0,17.62,0.73,13.19,20.95,-1.64
1995-11-23,0,17.62,0.73,13.19,20.95,-1.64
1995-11-24,0,17.62,0.73,13.19,20.95,-1.64
1995-11-25,0,17.62,0.73,13.19,20.95,-1.64
1995-11-26,0,17.62,0.73,13.19,20.95,-1.64
1995-11-27,0,17.62,0.73,13.19,20.95,-1.64
1995-11-28,0,17.62,0.73,13.19,20.95,-1.64
1995-11-29,0,17.62,0.73,13.19,20.95,-1.64
1995-11-30,0,17.62,0.73,13.19,20.95,-1.64
1995-12-01,0,15.67,0.26,3.4,33.5,-1.64
1995-12-02,0,15.67,0.26,3.4,33.5,-1.64
1995-12-03,0,15.67,0.26,3.4,33.5,-1.64
1995-12-04,0,15.67,0.26,3.4,33.5,-2.3
1995-12-05,0,15.67,0.26,3.4,33.5,-2.3
1995-12-06,0,15.67,0.26,3.4,33.5,-2.3
1995-12-07,0,15.67,0.26,3.4,33.5,-2.3
1995-12-08,0,15.67,0.26,3.4,33.5,-2.3
1995-12-09,0,15.67,0.26,3.4,33.5,-2.3
1995-12-10,0,15.67,0.26,3.4,33.5,-2.3
1995-12-11,0,15.67,0.26,3.4,33.5,-2.3
1995-12-12,0,15.67,0.26,3.4,33.5,-2.3
1995-12-13,0,15.67,0.26,3.4,33.5,-2.3
1995-12-14,0,15.67,0.26,3.4,33.5,-2.3
1995-12-15,0,15.67,0.26,3.4,33.5,-2.3
1995-12-16,0,15.67,0.26,3.4,33.5,-2.3
1995-12-17,0,15.67,0.26,3.4,33.5,-2.3
1995-12-18,0,15.67,0.26,3.4,33.5,-2.3
1995-12-19,0,15.67,0.26,3.4,33.5,-2.3
1995-12-20,0,15.67,0.26,3.4,33.5,-2.3
1995-12-21,0,15.67,0.26,3.4,33.5,-2.3
1995-12-22,0,15.67,0.26,3.4,33.5,-2.3
1995-12-23,0,15.67,0.26,3.4,33.5,-2.3
1995-12-24,0,15.67,0.26,3.4,33.5,-2.3
1995-12-25,0,15.67,0.26,3.4,33.5,-2.3
1995-12-26,0,15.67,0.26,3.4,33.5,-2.3
1995-12-27,0,15.67,0.26,3.4,33.5,-2.3
1995-12-28,0,15.67,0.26,3.4,33.5,-2.3
1995-12-29,0,15.67,0.26,3.4,33.5,-2.3
1995-12-30,0,15.67,0.26,3.4,33.5,-2.3
1995-12-31,0,15.67,0.26,3.4,33.5,-2.3
1996-01-01,0,15.67,0.21,2.8,49.6,-2.3
1996-01-02,0,15.67,0.21,2.8,49.6,-2.3
1996-01-03,0,15.67,0.21,2.8,49.6,-2.32
1996-01-04,0,15.67,0.21,2.8,49.6,-2.32
1996-01-05,0,15.67,0.21,2.8,49.6,-2.32
1996-01-06,0,15.67,0.21,2.8,49.6,-2.32
1996-01-07,0,15.67,0.21,2.8,49.6,-2.32
1996-01-08,0,15.67,0.21,2.8,49.6,-2.32
1996-01-09,0,15.67,0.21,2.8,49.6,-2.32
1996-01-10,0,15.67,0.21,2.8,49.6,-2.32
1996-01-11,0,15.67,0.21,2.8,49.6,-2.32
1996-01-12,0,15.67,0.21,2.8,49.6,-2.32
1996-01-13,0,15.67,0.21,2.8,49.6,-2.32
1996-01-14,0,15.67,0.21,2.8,49.6,-2.32
1996-01-15,0,15.67,0.21,2.8,49.6,-2.32
1996-01-16,0,15.67,0.21,2.8,49.6,-2.32
1996-01-17,0,15.67,0.21,2.8,49.6,-2.32
1996-01-18,0,15.67,0.21,2.8,49.6,-2.32
1996-01-19,0,15.67,0.21,2.8,49.6,-2.32
1996-01-20,0,15.67,0.21,2.8,49.6,-2.32
1996-01-21,0,15.67,0.21,2.8,49.6,-2.32
1996-01-22,0,15.67,0.21,2.8,49.6,-2.32
1996-01-23,0,15.67,0.21,2.8,49.6,-2.32
1996-01-24,0,15.67,0.21,2.8,49.6,-2.32
1996-01-25,0,15.67,0.21,2.8,49.6,-2.32
1996-01-26,0,15.67,0.21,2.8,49.6,-2.32
1996-01-27,0,15.67,0.21,2.8,49.6,-2.32
1996-01-28,0,15.67,0.21,2.8,49.6,-2.32
1996-01-29,0,15.67,0.21,2.8,49.6,-2.32
1996-01-30,0,15.67,0.21,2.8,49.6,-2.32
1996-01-31,0,15.67,0.21,2.8,49.6,-2.32
1996-02-01,0,66.16,1.1,9.89,116.52,-2.32
1996-02-02,0,66.16,1.1,9.89,116.52,-2.32
1996-02-03,0,66.16,1.1,9.89,116.52,-1.73
1996-02-04,0,66.16,1.1,9.89,116.52,-1.73
1996-02-05,0,66.16,1.1,9.89,116.52,-1.73
1996-02-06,0,66.16,1.1,9.89,116.52,-1.73
1996-02-07,0,66.16,1.1,9.89,116.52,-1.73
1996-02-08,0,66.16,1.1,9.89,116.52,-1.73
1996-02-09,0,66.16,1.1,9.89,116.52,-1.73
1996-02-10,0,66.16,1.1,9.89,116.52,-1.73
1996-02-11,0,66.16,1.1,9.89,116.52,-1.73
1996-02-12,0,66.16,1.1,9.89,116.52,-1.73
1996-02-13,0,66.16,1.1,9.89,116.52,-1.73
1996-02-14,0,66.16,1.1,9.89,116.52,-1.73
1996-02-15,0,66.16,1.1,9.89,116.52,-1.73
1996-02-16,0,66.16,1.1,9.89,116.52,-1.73
1996-02-17,0,66.16,1.1,9.89,116.52,-1.73
1996-02-18,0,66.16,1.1,9.89,116.52,-1.73
1996-02-19,0,66.16,1.1,9.89,116.52,-1.73
1996-02-20,0,66.16,1.1,9.89,116.52,-1.73
1996-02-21,0,66.16,1.1,9.89,116.52,-1.73
1996-02-22,0,66.16,1.1,9.89,116.52,-1.73
1996-02-23,0,66.16,1.1,9.89,116.52,-1.73
1996-02-24,0,66.16,1.1,9.89,116.52,-1.73
1996-02-25,0,66.16,1.1,9.89,116.52,-1.73
1996-02-26,0,66.16,1.1,9.89,116.52,-1.73
1996-02-27,0,66.16,2.28,24.06,116.52,-1.73
1996-02-28,0,66.16,3.93,46.06,116.52,-1.73
1996-02-29,0,66.16,3.93,46.06,116.52,-1.73
1996-03-01,0,23.47,5.93,88.62,118.65,-1.73
1996-03-02,0,23.47,5.93,88.62,118.65,-1.73
1996-03-03,0,23.47,5.93,88.62,118.65,-1.73
1996-03-04,0,23.47,5.93,88.62,118.65,-1.73
1996-03-05,0,23.47,5.93,88.62,118.65,-1.07
1996-03-06,0,23.47,5.93,88.62,118.65,-1.07
1996-03-07,0,23.47,5.93,88.62,118.65,-1.07
1996-03-08,0,23.47,5.93,88.62,118.65,-1.07
1996-03-09,0,23.47,5.93,88.62,118.65,-1.07
1996-03-10,0,23.47,5.93,88.62,118.65,-1.07
1996-03-11,0,23.47,5.93,88.62,118.65,-1.07
1996-03-12,0,23.47,5.93,88.62,118.65,-1.07
1996-03-13,0,23.47,5.93,88.62,118.65,-1.07
1996-03-14,0,23.47,5.93,88.62,118.65,-1.07
1996-03-15,0,23.47,5.93,88.62,118.65,-1.07
1996-03-16,0,23.47,5.93,88.62,118.65,-1.07
1996-03-17,0,23.47,4.96,76.93,118.65,-1.07
1996-03-18,0,23.47,4.19,67.64,118.65,-1.07
1996-03-19,0,23.47,4.19,67.64,118.65,-1.07
1996-03-20,0,23.47,4.19,67.64,118.65,-1.07
1996-03-21,0,23.47,4.19,67.64,118.65,-1.07
1996-03-22,0,23.47,4.19,67.64,118.65,-1.07
1996-03-23,0,23.47,4.19,67.64,118.65,-1.07
1996-03-24,0,23.47,4.19,67.64,118.65,-1.07
1996-03-25,0,23.47,4.19,67.64,118.65,-1.07
1996-03-26,0,23.47,4.19,67.64,118.65,-1.07
1996-03-27,0,23.47,4.19,67.64,118.65,-1.07
1996-03-28,0,23.47,4.19,67.64,118.65,-1.07
1996-03-29,0,23.47,4.19,67.64,118.65,-1.07
1996-03-30,0,23.47,4.19,67.64,118.65,-1.07
1996-03-31,0,23.47,4.19,67.64,118.65,-1.07
1996-04-01,0,83.12,14.69,47.23,133.92,-1.07
1996-04-02,0,83.12,14.69,47.23,133.92,-1.07
1996-04-03,0,83.12,14.69,47.23,133.92,-1.07
1996-04-04,0,83.12,14.69,47.23,133.92,-0.66
1996-04-05,0,83.12,14.69,47.23,133.92,-0.66
1996-04-06,0,83.12,14.69,47.23,133.92,-0.66
1996-04-07,0,83.12,14.69,47.23,133.92,-0.66
1996-04-08,0,83.12,14.69,47.23,133.92,-0.66
1996-04-09,0,83.12,14.69,47.23,133.92,-0.66
1996-04-10,0,83.12,14.69,47.23,133.92,-0.66
1996-04-11,0,83.12,14.69,47.23,133.92,-0.66
1996-04-12,0,83.12,14.69,47.23,133.92,-0.66
1996-04-13,0,83.12,14.69,47.23,133.92,-0.66
1996-04-14,0,83.12,14.69,47.23,133.92,-0.66
1996-04-15,0,83.12,14.69,47.23,133.92,-0.66
1996-04-16,0,83.12,14.69,47.23,133.92,-0.66
1996-04-17,0,83.12,14.69,47.23,133.92,-0.66
1996-04-18,0,83.12,14.69,47.23,133.92,-0.66
1996-04-19,0,83.12,14.69,47.23,133.92,-0.66
1996-04-20,0,83.12,14.69,47.23,133.92,-0.66
1996-04-21,0,83.12,14.69,47.23,133.92,-0.66
1996-04-22,0,83.12,14.69,47.23,133.92,-0.66
1996-04-23,0,83.12,14.69,47.23,133.92,-0.66
1996-04-24,0,83.12,14.69,47.23,133.92,-0.66
1996-04-25,0,83.12,14.69,47.23,133.92,-0.66
1996-04-26,0,83.12,14.69,47.23,133.92,-0.66
1996-04-27,0,83.12,14.69,47.23,133.92,-0.66
1996-04-28,0,83.12,14.69,47.23,133.92,-0.66
1996-04-29,0,83.12,14.69,47.23,133.92,-0.66
1996-04-30,0,83.12,14.69,47.23,133.92,-0.66
1996-05-01,0,96.15,25.76,9.89,185.02,-0.66
1996-05-02,0,96.15,25.76,9.89,185.02,-0.66
1996-05-03,0,96.15,25.76,9.89,185.02,-0.66
1996-05-04,0,96.15,25.76,9.89,185.02,-0.66
1996-05-05,0,96.15,25.76,9.89,185.02,-0.38
1996-05-06,0,96.15,25.76,9.89,185.02,-0.38
1996-05-07,0,96.15,25.76,9.89,185.02,-0.38
1996-05-08,0,96.15,25.76,9.89,185.02,-0.38
1996-05-09,0,96.15,25.76,9.89,185.02,-0.38
1996-05-10,0,96.15,25.76,9.89,185.02,-0.38
1996-05-11,0,96.15,25.76,9.89,185.02,-0.38
1996-05-12,0,96.15,25.76,9.89,185.02,-0.38
1996-05-13,0,96.15,25.76,9.89,185.02,-0.38
1996-05-14,0,96.15,25.76,9.89,185.02,-0.38
1996-05-15,0,96.15,25.76,9.89,185.02,-0.38
1996-05-16,0,96.15,25.76,9.89,185.02,-0.38
1996-05-17,0,96.15,25.76,9.89,185.02,-0.38
1996-05-18,0,96.15,25.76,9.89,185.02,-0.38
1996-05-19,0,96.15,25.76,9.89,185.02,-0.38
1996-05-20,0,96.15,25.76,9.89,185.02,-0.38
1996-05-21,0,96.15,25.76,9.89,185.02,-0.38
1996-05-22,0,96.15,25.76,9.89,185.02,-0.38
1996-05-23,0,96.15,25.76,9.89,185.02,-0.38
1996-05-24,0,96.15,25.76,9.89,185.02,-0.38
1996-05-25,0,96.15,28.6,45.69,185.02,-0.38
1996-05-26,0,96.15,28.6,58.63,185.02,-0.38
1996-05-27,0,96.15,28.6,58.63,185.02,-0.38
1996-05-28,0,96.15,28.6,58.63,185.02,-0.38
1996-05-29,0,96.15,28.6,58.63,185.02,-0.38
1996-05-30,0,96.15,28.6,58.63,185.02,-0.38
1996-05-31,0,96.15,28.6,58.63,185.02,-0.38
1996-06-01,0,122.03,32.14,13.72,170.18,-0.38
1996-06-02,0,122.03,32.14,13.72,170.18,-0.38
1996-06-03,0,122.03,32.14,13.72,170.18,-0.38
1996-06-04,0,122.03,32.14,13.72,170.18,-0.24
1996-06-05,0,122.03,32.14,13.72,170.18,-0.24
1996-06-06,0,122.03,32.14,13.72,170.18,-0.24
1996-06-07,0,122.03,32.14,13.72,170.18,-0.24
1996-06-08,0,122.03,32.14,13.72,170.18,-0.24
1996-06-09,0,122.03,32.14,13.72,170.18,-0.24
1996-06-10,0,122.03,32.14,13.72,170.18,-0.24
1996-06-11,0,122.03,32.14,13.72,170.18,-0.24
1996-06-12,0,122.03,32.14,13.72,170.18,-0.24
1996-06-13,0,122.03,32.14,13.72,170.18,-0.24
1996-06-14,0,122.03,32.14,13.72,170.18,-0.24
1996-06-15,0,122.03,32.14,13.72,170.18,-0.24
1996-06-16,0,122.03,32.14,13.72,170.18,-0.24
1996-06-17,0,122.03,32.14,13.72,170.18,-0.24
1996-06-18,0,122.03,32.14,13.72,170.18,-0.24
1996-06-19,0,122.03,32.14,13.72,170.18,-0.24
1996-06-20,0,122.03,32.14,13.72,170.18,-0.24
1996-06-21,0,122.03,32.14,13.72,170.18,-0.24
1996-06-22,0,122.03,32.14,13.72,170.18,-0.24
1996-06-23,0,122.03,32.14,13.72,170.18,-0.24
1996-06-24,0,122.03,32.14,13.72,170.18,-0.24
1996-06-25,0,122.03,32.14,13.72,170.18,-0.24
1996-06-26,0,122.03,32.14,13.72,170.18,-0.24
1996-06-27,0,122.03,32.14,13.72,170.18,-0.24
1996-06-28,0,122.03,32.14,13.72,170.18,-0.24
1996-06-29,0,122.03,32.14,13.72,170.18,-0.24
1996-06-30,0,122.03,32.14,13.72,170.18,-0.24
1996-07-01,0,92.54,30.23,9.89,84.55,-0.24
1996-07-02,0,92.54,30.23,9.89,84.55,-0.24
1996-07-03,0,92.54,30.23,9.89,84.55,-0.24
1996-07-04,0,92.54,30.23,9.89,84.55,-0.24
1996-07-05,0,92.54,30.23,9.89,84.55,-0.28
1996-07-06,0,92.54,30.23,9.89,84.55,-0.28
1996-07-07,0,92.54,30.23,9.89,84.55,-0.28
1996-07-08,0,92.54,30.23,9.89,84.55,-0.28
1996-07-09,0,92.54,30.23,9.89,84.55,-0.28
1996-07-10,0,92.54,30.23,9.89,84.55,-0.28
1996-07-11,0,92.54,30.23,9.89,84.55,-0.28
1996-07-12,0,92.54,30.23,9.89,84.55,-0.28
1996-07-13,0,92.54,30.23,9.89,84.55,-0.28
1996-07-14,0,92.54,30.23,9.89,84.55,-0.28
1996-07-15,0,92.54,30.23,9.89,84.55,-0.28
1996-07-16,0,92.54,30.23,9.89,84.55,-0.28
1996-07-17,0,92.54,30.23,9.89,84.55,-0.28
1996-07-18,0,92.54,30.23,9.89,84.55,-0.28
1996-07-19,0,92.54,30.23,9.89,84.55,-0.28
1996-07-20,0,92.54,30.23,9.89,84.55,-0.28
1996-07-21,0,92.54,30.23,9.89,84.55,-0.28
1996-07-22,0,92.54,30.23,9.89,84.55,-0.28
1996-07-23,0,92.54,30.23,9.89,84.55,-0.28
1996-07-24,0,92.54,30.23,9.89,84.55,-0.28
1996-07-25,0,92.54,30.23,9.89,84.55,-0.28
1996-07-26,0,92.54,30.23,9.89,84.55,-0.28
1996-07-27,0,92.54,30.23,9.89,84.55,-0.28
1996-07-28,0,92.54,30.23,9.89,84.55,-0.28
1996-07-29,0,92.54,30.23,9.89,84.55,-0.28
1996-07-30,0,92.54,30.23,9.89,84.55,-0.28
1996-07-31,0,92.54,30.23,9.89,84.55,-0.28
1996-08-01,0,81.09,26.22,9.89,56.87,-0.28
1996-08-02,0,81.09,26.22,9.89,56.87,-0.28
1996-08-03,0,81.09,26.22,9.89,56.87,-0.28
1996-08-04,0,81.09,26.22,9.89,56.87,-0.28
1996-08-05,0,81.09,26.22,9.89,56.87,-0.41
1996-08-06,0,81.09,26.22,9.89,56.87,-0.41
1996-08-07,0,81.09,26.22,9.89,56.87,-0.41
1996-08-08,0,81.09,26.22,9.89,56.87,-0.41
1996-08-09,0,81.09,26.22,9.89,56.87,-0.41
1996-08-10,0,81.09,26.22,9.89,56.87,-0.41
1996-08-11,0,81.09,26.22,9.89,56.87,-0.41
1996-08-12,0,81.09,26.22,9.89,56.87,-0.41
1996-08-13,0,81.09,26.22,9.89,56.87,-0.41
1996-08-14,0,81.09,26.22,9.89,56.87,-0.41
1996-08-15,0,81.09,26.22,9.89,56.87,-0.41
1996-08-16,0,81.09,26.22,9.89,56.87,-0.41
1996-08-17,0,81.09,26.22,9.89,56.87,-0.41
1996-08-18,0,81.09,26.22,9.89,56.87,-0.41
1996-08-19,0,81.09,26.22,9.89,56.87,-0.41
1996-08-20,0,81.09,26.22,9.89,56.87,-0.41
1996-08-21,0,81.09,26.22,9.89,56.87,-0.41
1996-08-22,0,81.09,26.22,9.89,56.87,-0.41
1996-08-23,0,81.09,26.22,9.89,56.87,-0.41
1996-08-24,0,81.09,26.22,9.89,56.87,-0.41
1996-08-25,0,81.09,26.22,9.89,56.87,-0.41
1996-08-26,0,81.09,26.22,9.89,56.87,-0.41
1996-08-27,0,81.09,26.22,9.89,56.87,-0.41
1996-08-28,0,81.09,26.22,9.89,56.87,-0.41
1996-08-29,0,81.09,26.22,9.89,56.87,-0.41
1996-08-30,0,81.09,26.22,9.89,56.87,-0.41
1996-08-31,0,81.09,26.22,9.89,56.87,-0.41
1996-09-01,0,45.45,9.78,9.89,49.37,-0.41
1996-09-02,0,45.45,9.78,9.89,49.37,-0.62
1996-09-03,0,45.45,9.78,9.89,49.37,-0.62
1996-09-04,0,45.45,9.78,9.89,49.37,-0.62
1996-09-05,0,45.45,9.78,9.89,49.37,-0.62
1996-09-06,0,45.45,9.78,9.89,49.37,-0.62
1996-09-07,0,45.45,9.78,9.89,49.37,-0.62
1996-09-08,0,45.45,9.78,9.89,49.37,-0.62
1996-09-09,0,45.45,9.78,9.89,49.37,-0.62
1996-09-10,0,45.45,9.78,9.89,49.37,-0.62
1996-09-11,0,45.45,9.78,9.89,49.37,-0.62
1996-09-12,0,45.45,9.78,9.89,49.37,-0.62
1996-09-13,0,45.45,9.78,9.89,49.37,-0.62
1996-09-14,0,45.45,9.78,9.89,49.37,-0.62
1996-09-15,0,45.45,9.78,9.89,49.37,-0.62
1996-09-16,0,45.45,9.78,9.89,49.37,-0.62
1996-09-17,0,45.45,9.78,9.89,49.37,-0.62
1996-09-18,0,45.45,9.78,9.89,49.37,-0.62
1996-09-19,0,45.45,9.78,9.89,49.37,-0.62
1996-09-20,0,45.45,9.78,9.89,49.37,-0.62
1996-09-21,0,45.45,9.78,9.89,49.37,-0.62
1996-09-22,0,45.45,9.78,9.89,49.37,-0.62
1996-09-23,0,45.45,9.78,9.89,49.37,-0.62
1996-09-24,0,45.45,9.78,9.89,49.37,-0.62
1996-09-25,0,45.45,9.78,9.89,49.37,-0.62
1996-09-26,0,45.45,9.78,9.89,49.37,-0.62
1996-09-27,0,45.45,9.78,9.89,49.37,-0.62
1996-09-28,0,45.45,9.78,9.89,49.37,-0.62
1996-09-29,0,45.45,9.78,9.89,49.37,-0.62
1996-09-30,0,45.45,9.78,9.89,49.37,-0.62
1996-10-01,0,16.04,1.09,9.89,34.17,-0.62
1996-10-02,0,16.04,1.09,9.89,34.17,-0.62
1996-10-03,0,16.04,1.09,9.89,34.17,-1.2
1996-10-04,0,16.04,1.09,9.89,34.17,-1.2
1996-10-05,0,16.04,1.09,9.89,34.17,-1.2
1996-10-06,0,16.04,1.09,9.89,34.17,-1.2
1996-10-07,0,16.04,1.09,9.89,34.17,-1.2
1996-10-08,0,16.04,1.09,9.89,34.17,-1.2
1996-10-09,0,16.04,1.09,9.89,34.17,-1.2
1996-10-10,0,16.04,1.09,9.89,34.17,-1.2
1996-10-11,0,16.04,1.09,9.89,34.17,-1.2
1996-10-12,0,16.04,1.09,9.89,34.17,-1.2
1996-10-13,0,16.04,1.09,9.89,34.17,-1.2
1996-10-14,0,16.04,1.09,9.89,34.17,-1.2
1996-10-15,0,16.04,1.09,9.89,34.17,-1.2
1996-10-16,0,16.04,1.09,9.89,34.17,-1.2
1996-10-17,0,16.04,1.09,9.89,34.17,-1.2
1996-10-18,0,16.04,1.09,9.89,34.17,-1.2
1996-10-19,0,16.04,1.09,9.89,34.17,-1.2
1996-10-20,0,16.04,1.09,9.89,34.17,-1.2
1996-10-21,0,16.04,1.09,9.89,34.17,-1.2
1996-10-22,0,16.04,1.09,9.89,34.17,-1.2
1996-10-23,0,16.04,1.09,9.89,34.17,-1.2
1996-10-24,0,16.04,1.09,9.89,34.17,-1.2
1996-10-25,0,16.04,1.09,9.89,34.17,-1.2
1996-10-26,0,16.04,1.09,9.89,34.17,-1.2
1996-10-27,0,16.04,1.09,9.89,34.17,-1.2
1996-10-28,0,16.04,1.09,9.89,34.17,-1.2
1996-10-29,0,16.04,1.09,9.89,34.17,-1.2
1996-10-30,0,16.04,1.09,9.89,34.17,-1.2
1996-10-31,0,16.04,1.09,9.89,34.17,-1.2
1996-11-01,0,4.27,0.06,13.19,65.06,-1.2
1996-11-02,0,4.27,0.06,13.19,65.06,-1.89
1996-11-03,0,4.27,0.06,13.19,65.06,-1.89
1996-11-04,0,4.27,0.06,13.19,65.06,-1.89
1996-11-05,0,4.27,0.06,13.19,65.06,-1.89
1996-11-06,0,4.27,0.06,13.19,65.06,-1.89
1996-11-07,0,4.27,0.06,13.19,65.06,-1.89
1996-11-08,0,4.27,0.06,13.19,65.06,-1.89
1996-11-09,0,4.27,0.06,13.19,65.06,-1.89
1996-11-10,0,4.27,0.06,13.19,65.06,-1.89
1996-11-11,0,4.27,0.06,13.19,65.06,-1.89
1996-11-12,0,4.27,0.06,13.19,65.06,-1.89
1996-11-13,0,4.27,0.06,13.19,65.06,-1.89
1996-11-14,0,4.27,0.06,13.19,65.06,-1.89
1996-11-15,0,4.27,0.06,13.19,65.06,-1.89
1996-11-16,0,4.27,0.06,13.19,65.06,-1.89
1996-11-17,0,4.27,0.06,13.19,65.06,-1.89
1996-11-18,0,4.27,0.06,13.19,65.06,-1.89
1996-11-19,0,4.27,0.06,13.19,65.06,-1.89
1996-11-20,0,4.27,0.06,13.19,65.06,-1.89
1996-11-21,0,4.27,0.06,13.19,65.06,-1.89
1996-11-22,0,4.27,0.06,13.19,65.06,-1.89
1996-11-23,0,4.27,0.06,13.19,65.06,-1.89
1996-11-24,0,4.27,0.06,13.19,65.06,-1.89
1996-11-25,0,4.27,0.06,13.19,65.06,-1.89
1996-11-26,0,4.27,0.06,13.19,65.06,-1.89
1996-11-27,0,4.27,0.06,13.19,65.06,-1.89
1996-11-28,0,4.27,0.06,13.19,65.06,-1.89
1996-11-29,0,4.27,0.06,13.19,65.06,-1.89
1996-11-30,0,4.27,0.06,13.19,65.06,-1.89
1996-12-01,0,2.58,4.2,3.4,103.34,-1.89
1996-12-02,0,2.58,4.2,3.4,103.34,-1.89
1996-12-03,0,2.58,4.2,3.4,103.34,-2.17
1996-12-04,0,2.58,4.2,3.4,103.34,-2.17
1996-12-05,0,2.58,4.2,3.4,103.34,-2.17
1996-12-06,0,2.58,4.2,3.4,103.34,-2.17
1996-12-07,0,2.58,4.2,3.4,103.34,-2.17
1996-12-08,0,2.58,4.2,3.4,103.34,-2.17
1996-12-09,0,2.58,4.2,3.4,103.34,-2.17
1996-12-10,0,2.58,4.2,3.4,103.34,-2.17
1996-12-11,0,2.58,4.2,3.4,103.34,-2.17
1996-12-12,0,2.58,4.2,6.03,103.34,-2.17
1996-12-13,0,2.58,4.2,99.75,103.34,-2.17
1996-12-14,0,2.58,4.2,101.37,103.34,-2.17
1996-12-15,0,2.58,4.2,101.37,103.34,-2.17
1996-12-16,0,2.58,4.2,101.37,103.34,-2.17
1996-12-17,0,2.58,4.2,101.37,103.34,-2.17
1996-12-18,0,2.58,4.2,101.37,103.34,-2.17
1996-12-19,0,2.58,4.2,101.37,103.34,-2.17
1996-12-20,0,2.58,4.2,101.37,103.34,-2.17
1996-12-21,0,2.58,4.2,101.37,103.34,-2.17
1996-12-22,0,2.58,4.2,101.37,103.34,-2.17
1996-12-23,0,2.58,4.2,101.37,103.34,-2.17
1996-12-24,0,2.58,4.2,101.37,103.34,-2.17
1996-12-25,0,2.58,4.2,101.37,103.34,-2.17
1996-12-26,0,2.58,4.2,101.37,103.34,-2.17
1996-12-27,0,2.58,4.2,101.37,103.34,-2.17
1996-12-28,0,2.58,4.2,101.37,103.34,-2.17
1996-12-29,0,2.58,4.2,101.37,103.34,-2.17
1996-12-30,0,2.58,4.2,101.37,103.34,-2.17
1996-12-31,0,2.58,4.2,101.37,103.34,-2.17
1997-01-01,0,2.58,20.24,226.53,278.84,-2.17
1997-01-02,0,2.58,20.24,226.53,278.84,-2.09
1997-01-03,0,2.58,20.24,226.53,278.84,-2.09
1997-01-04,0,2.58,20.24,226.53,278.84,-2.09
1997-01-05,0,2.58,20.24,226.53,278.84,-2.09
1997-01-06,0,2.58,20.24,226.53,278.84,-2.09
1997-01-07,0,2.58,20.24,226.53,278.84,-2.09
1997-01-08,0,2.58,20.24,226.53,278.84,-2.09
1997-01-09,0,2.58,20.24,226.53,278.84,-2.09
1997-01-10,0,2.58,20.24,226.53,278.84,-2.09
1997-01-11,0,2.58,20.24,226.53,278.84,-2.09
1997-01-12,0,2.58,20.24,226.53,278.84,-2.09
1997-01-13,0,2.58,20.24,226.53,278.84,-2.09
1997-01-14,0,2.58,20.24,226.53,278.84,-2.09
1997-01-15,0,2.58,20.24,226.53,278.84,-2.09
1997-01-16,0,2.58,20.24,226.53,278.84,-2.09
1997-01-17,0,2.58,20.24,226.53,278.84,-2.09
1997-01-18,0,2.58,20.24,226.53,278.84,-2.09
1997-01-19,0,2.58,20.24,226.53,278.84,-2.09
1997-01-20,0,2.58,20.24,226.53,278.84,-2.09
1997-01-21,0,2.58,20.24,226.53,278.84,-2.09
1997-01-22,0,2.58,20.24,226.53,278.84,-2.09
1997-01-23,0,2.58,20.24,226.53,278.84,-2.09
1997-01-24,0,2.58,20.24,226.53,278.84,-2.09
1997-01-25,0,2.58,20.24,226.53,278.84,-2.09
1997-01-26,0,2.58,20.24,226.53,278.84,-2.09
1997-01-27,0,2.58,20.24,226.53,278.84,-2.09
1997-01-28,0,2.58,20.24,226.53,278.84,-2.09
1997-01-29,0,2.58,20.24,226.53,278.84,-2.09
1997-01-30,0,2.58,20.24,226.53,278.84,-2.09
1997-01-31,0,2.58,20.24,226.53,278.84,-2.09
1997-02-01,0,18.64,6.66,226.53,124.24,-2.09
1997-02-02,0,18.64,6.66,226.53,124.24,-1.44
1997-02-03,0,18.64,6.66,226.53,124.24,-1.44
1997-02-04,0,18.64,6.66,226.53,124.24,-1.44
1997-02-05,0,18.64,6.66,226.53,124.24,-1.44
1997-02-06,0,18.64,6.66,226.53,124.24,-1.44
1997-02-07,0,18.64,6.66,226.53,124.24,-1.44
1997-02-08,0,18.64,6.66,226.53,124.24,-1.44
1997-02-09,0,18.64,6.66,226.53,124.24,-1.44
1997-02-10,0,18.64,6.66,226.53,124.24,-1.44
1997-02-11,0,18.64,6.66,226.53,124.24,-1.44
1997-02-12,0,18.64,6.66,226.53,124.24,-1.44
1997-02-13,0,18.64,6.66,138.82,124.24,-1.44
1997-02-14,0,18.64,6.66,60.59,124.24,-1.44
1997-02-15,0,18.64,6.66,60.59,124.24,-1.44
1997-02-16,0,18.64,6.66,60.59,124.24,-1.44
1997-02-17,0,18.64,6.66,60.59,124.24,-1.44
1997-02-18,0,18.64,6.66,60.59,124.24,-1.44
1997-02-19,0,18.64,6.66,60.59,124.24,-1.44
1997-02-20,0,18.64,6.66,60.59,124.24,-1.44
1997-02-21,0,18.64,6.66,60.59,124.24,-1.44
1997-02-22,0,18.64,6.66,60.59,124.24,-1.44
1997-02-23,0,18.64,6.66,60.59,124.24,-1.44
1997-02-24,0,18.64,6.66,60.59,124.24,-1.44
1997-02-25,0,18.64,6.66,60.59,124.24,-1.44
1997-02-26,0,18.64,6.66,60.59,124.24,-1.44
1997-02-27,0,18.64,6.66,60.59,124.24,-1.44
1997-02-28,0,18.64,6.66,60.59,124.24,-1.44
1997-03-01,0,55.79,7.6,28.72,119.78,-1.44
1997-03-02,0,55.79,7.6,28.72,119.78,-1.44
1997-03-03,0,55.79,7.6,28.72,119.78,-1.44
1997-03-04,0,55.79,7.6,28.72,119.78,-1.44
1997-03-05,0,55.79,7.6,28.72,119.78,-0.93
1997-03-06,0,55.79,7.6,28.72,119.78,-0.93
1997-03-07,0,55.79,7.6,28.72,119.78,-0.93
1997-03-08,0,55.79,7.6,28.72,119.78,-0.93
1997-03-09,0,55.79,7.6,28.72,119.78,-0.93
1997-03-10,0,55.79,9.52,51.79,119.78,-0.93
1997-03-11,0,55.79,9.67,53.7,119.78,-0.93
1997-03-12,0,55.79,9.67,53.7,119.78,-0.93
1997-03-13,0,55.79,9.67,53.7,119.78,-0.93
1997-03-14,0,55.79,9.67,53.7,119.78,-0.93
1997-03-15,0,55.79,9.67,53.7,119.78,-0.93
1997-03-16,0,55.79,9.67,53.7,119.78,-0.93
1997-03-17,0,55.79,8.7,42,119.78,-0.93
1997-03-18,0,55.79,7.6,28.72,119.78,-0.93
1997-03-19,0,55.79,7.6,28.72,119.78,-0.93
1997-03-20,0,55.79,7.6,28.72,119.78,-0.93
1997-03-21,0,55.79,7.6,28.72,119.78,-0.93
1997-03-22,0,55.79,7.6,28.72,119.78,-0.93
1997-03-23,0,55.79,7.6,28.72,119.78,-0.93
1997-03-24,0,55.79,7.6,28.72,119.78,-0.93
1997-03-25,0,55.79,7.6,28.72,119.78,-0.93
1997-03-26,0,55.79,7.6,28.72,119.78,-0.93
1997-03-27,0,55.79,7.6,28.72,119.78,-0.93
1997-03-28,0,55.79,7.6,28.72,119.78,-0.93
1997-03-29,0,55.79,7.6,28.72,119.78,-0.93
1997-03-30,0,55.79,7.6,28.72,119.78,-0.93
1997-03-31,0,55.79,7.6,28.72,119.78,-0.93
1997-04-01,0,53.27,10.21,45.79,131.68,-0.93
1997-04-02,0,53.27,10.21,45.79,131.68,-0.93
1997-04-03,0,53.27,10.21,45.79,131.68,-0.93
1997-04-04,0,53.27,10.21,45.79,131.68,-0.55
1997-04-05,0,53.27,10.21,45.79,131.68,-0.55
1997-04-06,0,53.27,10.21,45.79,131.68,-0.55
1997-04-07,0,53.27,10.21,45.79,131.68,-0.55
1997-04-08,0,53.27,10.21,45.79,131.68,-0.55
1997-04-09,0,53.27,10.21,45.79,131.68,-0.55
1997-04-10,0,53.27,10.21,45.79,131.68,-0.55
1997-04-11,0,53.27,10.21,45.79,131.68,-0.55
1997-04-12,0,53.27,10.21,45.79,131.68,-0.55
1997-04-13,0,53.27,10.21,45.79,131.68,-0.55
1997-04-14,0,53.27,10.21,45.79,131.68,-0.55
1997-04-15,0,53.27,10.21,45.79,131.68,-0.55
1997-04-16,0,53.27,10.21,45.79,131.68,-0.55
1997-04-17,0,53.27,10.21,45.79,131.68,-0.55
1997-04-18,0,53.27,10.21,45.79,131.68,-0.55
1997-04-19,0,53.27,10.21,45.79,131.68,-0.55
1997-04-20,0,53.27,10.21,45.79,131.68,-0.55
1997-04-21,0,53.27,10.21,45.79,131.68,-0.55
1997-04-22,0,53.27,10.21,45.79,131.68,-0.55
1997-04-23,0,53.27,10.21,45.79,131.68,-0.55
1997-04-24,0,53.27,10.21,45.79,131.68,-0.55
1997-04-25,0,53.27,10.21,45.79,131.68,-0.55
1997-04-26,0,53.27,10.21,45.79,131.68,-0.55
1997-04-27,0,53.27,10.21,45.79,131.68,-0.55
1997-04-28,0,53.27,10.21,45.79,131.68,-0.55
1997-04-29,0,53.27,10.21,45.79,131.68,-0.55
1997-04-30,0,53.27,10.21,45.79,131.68,-0.55
1997-05-01,0,92.9,24.55,46.92,185.93,-0.55
1997-05-02,0,92.9,24.55,46.92,185.93,-0.55
1997-05-03,0,92.9,24.55,46.92,185.93,-0.55
1997-05-04,0,92.9,24.55,46.92,185.93,-0.55
1997-05-05,0,92.9,24.55,46.92,185.93,-0.31
1997-05-06,0,92.9,24.55,46.92,185.93,-0.31
1997-05-07,0,92.9,24.55,46.92,185.93,-0.31
1997-05-08,0,92.9,24.55,46.92,185.93,-0.31
1997-05-09,0,92.9,24.55,46.92,185.93,-0.31
1997-05-10,0,92.9,25.38,56.95,185.93,-0.31
1997-05-11,0,92.9,26.06,65.08,185.93,-0.31
1997-05-12,0,92.9,26.06,65.08,185.93,-0.31
1997-05-13,0,92.9,26.06,65.08,185.93,-0.31
1997-05-14,0,92.9,26.06,65.08,185.93,-0.31
1997-05-15,0,92.9,26.06,65.08,185.93,-0.31
1997-05-16,0,92.9,26.06,65.08,185.93,-0.31
1997-05-17,0,92.9,26.06,65.08,185.93,-0.31
1997-05-18,0,92.9,26.06,65.08,185.93,-0.31
1997-05-19,0,92.9,26.06,65.08,185.93,-0.31
1997-05-20,0,92.9,26.06,65.08,185.93,-0.31
1997-05-21,0,92.9,26.06,65.08,185.93,-0.31
1997-05-22,0,92.9,26.06,65.08,185.93,-0.31
1997-05-23,0,92.9,26.06,65.08,185.93,-0.31
1997-05-24,0,92.9,26.06,65.08,185.93,-0.31
1997-05-25,0,92.9,26.06,65.08,185.93,-0.31
1997-05-26,0,92.9,26.06,65.08,185.93,-0.31
1997-05-27,0,92.9,26.06,65.08,185.93,-0.31
1997-05-28,0,92.9,26.06,65.08,185.93,-0.31
1997-05-29,0,92.9,26.06,65.08,185.93,-0.31
1997-05-30,0,92.9,26.06,65.08,185.93,-0.31
1997-05-31,0,92.9,26.06,65.08,185.93,-0.31
1997-06-01,0,79.51,22.71,46.92,122.78,-0.31
1997-06-02,0,79.51,22.71,46.92,122.78,-0.31
1997-06-03,0,79.51,22.71,46.92,122.78,-0.31
1997-06-04,0,79.51,22.71,46.92,122.78,-0.16
1997-06-05,0,79.51,22.71,46.92,122.78,-0.16
1997-06-06,0,79.51,22.71,46.92,122.78,-0.16
1997-06-07,0,79.51,22.71,46.92,122.78,-0.16
1997-06-08,0,79.51,22.71,46.92,122.78,-0.16
1997-06-09,0,79.51,22.71,46.92,122.78,-0.16
1997-06-10,0,79.51,22.71,46.92,122.78,-0.16
1997-06-11,0,79.51,22.71,46.92,122.78,-0.16
1997-06-12,0,79.51,22.71,46.92,122.78,-0.16
1997-06-13,0,79.51,22.71,46.92,122.78,-0.16
1997-06-14,0,79.51,22.71,46.92,122.78,-0.16
1997-06-15,0,79.51,22.71,46.92,122.78,-0.16
1997-06-16,0,79.51,22.71,46.92,122.78,-0.16
1997-06-17,0,79.51,22.71,46.92,122.78,-0.16
1997-06-18,0,79.51,22.71,46.92,122.78,-0.16
1997-06-19,0,79.51,22.71,46.92,122.78,-0.16
1997-06-20,0,79.51,22.71,46.92,122.78,-0.16
1997-06-21,0,79.51,22.71,46.92,122.78,-0.16
1997-06-22,0,79.51,22.71,46.92,122.78,-0.16
1997-06-23,0,79.51,22.71,46.92,122.78,-0.16
1997-06-24,0,79.51,22.71,46.92,122.78,-0.16
1997-06-25,0,79.51,22.71,46.92,122.78,-0.16
1997-06-26,0,79.51,22.71,46.92,122.78,-0.16
1997-06-27,0,79.51,22.71,46.92,122.78,-0.16
1997-06-28,0,79.51,22.71,46.92,122.78,-0.16
1997-06-29,0,79.51,22.71,46.92,122.78,-0.16
1997-06-30,0,79.51,22.71,46.92,122.78,-0.16
1997-07-01,0,83.59,26.56,9.89,63.05,-0.16
1997-07-02,0,83.59,26.56,9.89,63.05,-0.16
1997-07-03,0,83.59,26.56,9.89,63.05,-0.16
1997-07-04,0,83.59,26.56,9.89,63.05,-0.16
1997-07-05,0,83.59,26.56,9.89,63.05,-0.26
1997-07-06,0,83.59,26.56,9.89,63.05,-0.26
1997-07-07,0,83.59,26.56,9.89,63.05,-0.26
1997-07-08,0,83.59,26.56,9.89,63.05,-0.26
1997-07-09,0,83.59,26.56,9.89,63.05,-0.26
1997-07-10,0,83.59,26.56,9.89,63.05,-0.26
1997-07-11,0,83.59,26.56,9.89,63.05,-0.26
1997-07-12,0,83.59,26.56,9.89,63.05,-0.26
1997-07-13,0,83.59,26.56,9.89,63.05,-0.26
1997-07-14,0,83.59,26.56,9.89,63.05,-0.26
1997-07-15,0,83.59,26.56,9.89,63.05,-0.26
1997-07-16,0,83.59,26.56,9.89,63.05,-0.26
1997-07-17,0,83.59,26.56,9.89,63.05,-0.26
1997-07-18,0,83.59,26.56,9.89,63.05,-0.26
1997-07-19,0,83.59,26.56,9.89,63.05,-0.26
1997-07-20,0,83.59,26.56,9.89,63.05,-0.26
1997-07-21,0,83.59,26.56,9.89,63.05,-0.26
1997-07-22,0,83.59,26.56,9.89,63.05,-0.26
1997-07-23,0,83.59,26.56,9.89,63.05,-0.26
1997-07-24,0,83.59,26.56,9.89,63.05,-0.26
1997-07-25,0,83.59,26.56,9.89,63.05,-0.26
1997-07-26,0,83.59,26.56,9.89,63.05,-0.26
1997-07-27,0,83.59,26.56,9.89,63.05,-0.26
1997-07-28,0,83.59,26.56,9.89,63.05,-0.26
1997-07-29,0,83.59,26.56,9.89,63.05,-0.26
1997-07-30,0,83.59,26.56,9.89,63.05,-0.26
1997-07-31,0,83.59,26.56,9.89,63.05,-0.26
1997-08-01,0,73.28,23.01,9.89,47.97,-0.26
1997-08-02,0,73.28,23.01,9.89,47.97,-0.26
1997-08-03,0,73.28,23.01,9.89,47.97,-0.26
1997-08-04,0,73.28,23.01,9.89,47.97,-0.26
1997-08-05,0,73.28,23.01,9.89,47.97,-0.38
1997-08-06,0,73.28,23.01,9.89,47.97,-0.38
1997-08-07,0,73.28,23.01,9.89,47.97,-0.38
1997-08-08,0,73.28,23.01,9.89,47.97,-0.38
1997-08-09,0,73.28,23.01,9.89,47.97,-0.38
1997-08-10,0,73.28,23.01,9.89,47.97,-0.38
1997-08-11,0,73.28,23.01,9.89,47.97,-0.38
1997-08-12,0,73.28,23.01,9.89,47.97,-0.38
1997-08-13,0,73.28,23.01,9.89,47.97,-0.38
1997-08-14,0,73.28,23.01,9.89,47.97,-0.38
1997-08-15,0,73.28,23.01,9.89,47.97,-0.38
1997-08-16,0,73.28,23.01,9.89,47.97,-0.38
1997-08-17,0,73.28,23.01,9.89,47.97,-0.38
1997-08-18,0,73.28,23.01,9.89,47.97,-0.38
1997-08-19,0,73.28,23.01,9.89,47.97,-0.38
1997-08-20,0,73.28,23.01,9.89,47.97,-0.38
1997-08-21,0,73.28,23.01,9.89,47.97,-0.38
1997-08-22,0,73.28,23.01,9.89,47.97,-0.38
1997-08-23,0,73.28,23.01,9.89,47.97,-0.38
1997-08-24,0,73.28,23.01,9.89,47.97,-0.38
1997-08-25,0,73.28,23.01,9.89,47.97,-0.38
1997-08-26,0,73.28,23.01,9.89,47.97,-0.38
1997-08-27,0,73.28,23.01,9.89,47.97,-0.38
1997-08-28,0,73.28,23.01,9.89,47.97,-0.38
1997-08-29,0,73.28,23.01,9.89,47.97,-0.38
1997-08-30,0,73.28,23.01,9.89,47.97,-0.38
1997-08-31,0,73.28,23.01,9.89,47.97,-0.38
1997-09-01,0,41.18,8.51,9.89,50.73,-0.38
1997-09-02,0,41.18,8.51,9.89,50.73,-0.61
1997-09-03,0,41.18,8.51,9.89,50.73,-0.61
1997-09-04,0,41.18,8.51,9.89,50.73,-0.61
1997-09-05,0,41.18,8.51,9.89,50.73,-0.61
1997-09-06,0,41.18,8.51,9.89,50.73,-0.61
1997-09-07,0,41.18,8.51,9.89,50.73,-0.61
1997-09-08,0,41.18,8.51,9.89,50.73,-0.61
1997-09-09,0,41.18,8.51,9.89,50.73,-0.61
1997-09-10,0,41.18,8.51,9.89,50.73,-0.61
1997-09-11,0,41.18,8.51,9.89,50.73,-0.61
1997-09-12,0,41.18,8.51,9.89,50.73,-0.61
1997-09-13,0,41.18,8.51,9.89,50.73,-0.61
1997-09-14,0,41.18,8.51,9.89,50.73,-0.61
1997-09-15,0,41.18,8.51,9.89,50.73,-0.61
1997-09-16,0,41.18,8.51,9.89,50.73,-0.61
1997-09-17,0,41.18,8.51,9.89,50.73,-0.61
1997-09-18,0,41.18,8.51,9.89,50.73,-0.61
1997-09-19,0,41.18,8.51,9.89,50.73,-0.61
1997-09-20,0,41.18,8.51,9.89,50.73,-0.61
1997-09-21,0,41.18,8.51,9.89,50.73,-0.61
1997-09-22,0,41.18,8.51,9.89,50.73,-0.61
1997-09-23,0,41.18,8.51,9.89,50.73,-0.61
1997-09-24,0,41.18,8.51,9.89,50.73,-0.61
1997-09-25,0,41.18,8.51,9.89,50.73,-0.61
1997-09-26,0,41.18,8.51,9.89,50.73,-0.61
1997-09-27,0,41.18,8.51,9.89,50.73,-0.61
1997-09-28,0,41.18,8.51,9.89,50.73,-0.61
1997-09-29,0,41.18,8.51,9.89,50.73,-0.61
1997-09-30,0,41.18,8.51,9.89,50.73,-0.61
1997-10-01,0,14.67,1.03,9.89,33.77,-0.61
1997-10-02,0,14.67,1.03,9.89,33.77,-0.61
1997-10-03,0,14.67,1.03,9.89,33.77,-0.96
1997-10-04,0,14.67,1.03,9.89,33.77,-0.96
1997-10-05,0,14.67,1.03,9.89,33.77,-0.96
1997-10-06,0,14.67,1.03,9.89,33.77,-0.96
1997-10-07,0,14.67,1.03,9.89,33.77,-0.96
1997-10-08,0,14.67,1.03,9.89,33.77,-0.96
1997-10-09,0,14.67,1.03,9.89,33.77,-0.96
1997-10-10,0,14.67,1.03,9.89,33.77,-0.96
1997-10-11,0,14.67,1.03,9.89,33.77,-0.96
1997-10-12,0,14.67,1.03,9.89,33.77,-0.96
1997-10-13,0,14.67,1.03,9.89,33.77,-0.96
1997-10-14,0,14.67,1.03,9.89,33.77,-0.96
1997-10-15,0,14.67,1.03,9.89,33.77,-0.96
1997-10-16,0,14.67,1.03,9.89,33.77,-0.96
1997-10-17,0,14.67,1.03,9.89,33.77,-0.96
1997-10-18,0,14.67,1.03,9.89,33.77,-0.96
1997-10-19,0,14.67,1.03,9.89,33.77,-0.96
1997-10-20,0,14.67,1.03,9.89,33.77,-0.96
1997-10-21,0,14.67,1.03,9.89,33.77,-0.96
1997-10-22,0,14.67,1.03,9.89,33.77,-0.96
1997-10-23,0,14.67,1.03,9.89,33.77,-0.96
1997-10-24,0,14.67,1.03,9.89,33.77,-0.96
1997-10-25,0,14.67,1.03,9.89,33.77,-0.96
1997-10-26,0,14.67,1.03,9.89,33.77,-0.96
1997-10-27,0,14.67,1.03,9.89,33.77,-0.96
1997-10-28,0,14.67,1.03,9.89,33.77,-0.96
1997-10-29,0,14.67,1.03,9.89,33.77,-0.96
1997-10-30,0,14.67,1.03,9.89,33.77,-0.96
1997-10-31,0,14.67,1.03,9.89,33.77,-0.96
1997-11-01,0,4.03,0,13.19,33.86,-0.96
1997-11-02,0,4.03,0,13.19,33.86,-1.26
1997-11-03,0,4.03,0,13.19,33.86,-1.26
1997-11-04,0,4.03,0,13.19,33.86,-1.26
1997-11-05,0,4.03,0,13.19,33.86,-1.26
1997-11-06,0,4.03,0,13.19,33.86,-1.26
1997-11-07,0,4.03,0,13.19,33.86,-1.26
1997-11-08,0,4.03,0,13.19,33.86,-1.26
1997-11-09,0,4.03,0,13.19,33.86,-1.26
1997-11-10,0,4.03,0,13.19,33.86,-1.26
1997-11-11,0,4.03,0,13.19,33.86,-1.26
1997-11-12,0,4.03,0,13.19,33.86,-1.26
1997-11-13,0,4.03,0,13.19,33.86,-1.26
1997-11-14,0,4.03,0,13.19,33.86,-1.26
1997-11-15,0,4.03,0,13.19,33.86,-1.26
1997-11-16,0,4.03,0,13.19,33.86,-1.26
1997-11-17,0,4.03,0,13.19,33.86,-1.26
1997-11-18,0,4.03,0,13.19,33.86,-1.26
1997-11-19,0,4.03,0,13.19,33.86,-1.26
1997-11-20,0,4.03,0,13.19,33.86,-1.26
1997-11-21,0,4.03,0,13.19,33.86,-1.26
1997-11-22,0,4.03,0,13.19,33.86,-1.26
1997-11-23,0,4.03,0,13.19,33.86,-1.26
1997-11-24,0,4.03,0,13.19,33.86,-1.26
1997-11-25,0,4.03,0,13.19,33.86,-1.26
1997-11-26,0,4.03,0,13.19,33.86,-1.26
1997-11-27,0,4.03,0,13.19,33.86,-1.26
1997-11-28,0,4.03,0,13.19,33.86,-1.26
1997-11-29,0,4.03,0,13.19,33.86,-1.26
1997-11-30,0,4.03,0,13.19,33.86,-1.26
1997-12-01,0,2.52,0,3.4,28.61,-1.26
1997-12-02,0,2.52,0,3.4,28.61,-1.26
1997-12-03,0,2.52,0,3.4,28.61,-1.88
1997-12-04,0,2.52,0,3.4,28.61,-1.88
1997-12-05,0,2.52,0,3.4,28.61,-1.88
1997-12-06,0,2.52,0,3.4,28.61,-1.88
1997-12-07,0,2.52,0,3.4,28.61,-1.88
1997-12-08,0,2.52,0,3.4,28.61,-1.88
1997-12-09,0,2.52,0,3.4,28.61,-1.88
1997-12-10,0,2.52,0,3.4,28.61,-1.88
1997-12-11,0,2.52,0,3.4,28.61,-1.88
1997-12-12,0,2.52,0,3.4,28.61,-1.88
1997-12-13,0,2.52,0,3.4,28.61,-1.88
1997-12-14,0,2.52,0,3.4,28.61,-1.88
1997-12-15,0,2.52,0,3.4,28.61,-1.88
1997-12-16,0,2.52,0,3.4,28.61,-1.88
1997-12-17,0,2.52,0,3.4,28.61,-1.88
1997-12-18,0,2.52,0,3.4,28.61,-1.88
1997-12-19,0,2.52,0,3.4,28.61,-1.88
1997-12-20,0,2.52,0,3.4,28.61,-1.88
1997-12-21,0,2.52,0,3.4,28.61,-1.88
1997-12-22,0,2.52,0,3.4,28.61,-1.88
1997-12-23,0,2.52,0,3.4,28.61,-1.88
1997-12-24,0,2.52,0,3.4,28.61,-1.88
1997-12-25,0,2.52,0,3.4,28.61,-1.88
1997-12-26,0,2.52,0,3.4,28.61,-1.88
1997-12-27,0,2.52,0,3.4,28.61,-1.88
1997-12-28,0,2.52,0,3.4,28.61,-1.88
1997-12-29,0,2.52,0,3.4,28.61,-1.88
1997-12-30,0,2.52,0,3.4,28.61,-1.88
1997-12-31,0,2.52,0,3.4,28.61,-1.88
1998-01-01,0,2.52,0,2.8,56.08,-1.88
1998-01-02,0,2.52,0,2.8,56.08,-2.44
1998-01-03,0,2.52,0,2.8,56.08,-2.44
1998-01-04,0,2.52,0,2.8,56.08,-2.44
1998-01-05,0,2.52,0,2.8,56.08,-2.44
1998-01-06,0,2.52,0,2.8,56.08,-2.44
1998-01-07,0,2.52,0,2.8,56.08,-2.44
1998-01-08,0,2.52,0,2.8,56.08,-2.44
1998-01-09,0,2.52,0,2.8,56.08,-2.44
1998-01-10,0,2.52,0,2.8,56.08,-2.44
1998-01-11,0,2.52,0,2.8,56.08,-2.44
1998-01-12,0,2.52,0,2.8,56.08,-2.44
1998-01-13,0,2.52,0,2.8,56.08,-2.44
1998-01-14,0,2.52,0,2.8,56.08,-2.44
1998-01-15,0,2.52,0,2.8,56.08,-2.44
1998-01-16,0,2.52,0,2.8,56.08,-2.44
1998-01-17,0,2.52,0,2.8,56.08,-2.44
1998-01-18,0,2.52,0,2.8,56.08,-2.44
1998-01-19,0,2.52,0,2.8,56.08,-2.44
1998-01-20,0,2.52,0,2.8,56.08,-2.44
1998-01-21,0,2.52,0,2.8,56.08,-2.44
1998-01-22,0,2.52,0,2.8,56.08,-2.44
1998-01-23,0,2.52,0,2.8,56.08,-2.44
1998-01-24,0,2.52,0,2.8,56.08,-2.44
1998-01-25,0,2.52,0,2.8,56.08,-2.44
1998-01-26,0,2.52,0,2.8,56.08,-2.44
1998-01-27,0,2.52,0,2.8,56.08,-2.44
1998-01-28,0,2.52,0,2.8,56.08,-2.44
1998-01-29,0,2.52,0,2.8,56.08,-2.44
1998-01-30,0,2.52,0,2.8,56.08,-2.44
1998-01-31,0,2.52,0,2.8,56.08,-2.44
1998-02-01,0,11.05,4.7,10.25,115.86,-2.44
1998-02-02,0,11.05,4.7,10.25,115.86,-2.09
1998-02-03,0,11.05,4.7,10.25,115.86,-2.09
1998-02-04,0,11.05,4.7,10.25,115.86,-2.09
1998-02-05,0,11.05,4.7,10.25,115.86,-2.09
1998-02-06,0,11.05,4.7,10.25,115.86,-2.09
1998-02-07,0,11.05,4.7,10.25,115.86,-2.09
1998-02-08,0,11.05,7.53,96.76,115.86,-2.09
1998-02-09,0,11.05,7.53,96.9,115.86,-2.09
1998-02-10,0,11.05,7.53,96.9,115.86,-2.09
1998-02-11,0,11.05,7.53,96.9,115.86,-2.09
1998-02-12,0,11.05,7.53,96.9,115.86,-2.09
1998-02-13,0,11.05,7.53,96.9,115.86,-2.09
1998-02-14,0,11.05,7.53,96.9,115.86,-2.09
1998-02-15,0,11.05,7.53,96.9,115.86,-2.09
1998-02-16,0,11.05,7.53,96.9,115.86,-2.09
1998-02-17,0,11.05,7.53,96.9,115.86,-2.09
1998-02-18,0,11.05,7.53,96.9,115.86,-2.09
1998-02-19,0,11.05,7.53,96.9,115.86,-2.09
1998-02-20,0,11.05,7.53,96.9,115.86,-2.09
1998-02-21,0,11.05,7.53,96.9,115.86,-2.09
1998-02-22,0,11.05,7.53,96.9,115.86,-2.09
1998-02-23,0,11.05,7.53,96.9,115.86,-2.09
1998-02-24,0,11.05,7.53,96.9,115.86,-2.09
1998-02-25,0,11.05,7.53,96.9,115.86,-2.09
1998-02-26,0,11.05,7.53,96.9,115.86,-2.09
1998-02-27,0,11.05,7.53,96.9,115.86,-2.09
1998-02-28,0,11.05,7.53,96.9,115.86,-2.09
1998-03-01,0,25.54,0.06,67.09,93.3,-2.09
1998-03-02,0,25.54,0.06,67.09,93.3,-2.09
1998-03-03,0,25.54,0.06,67.09,93.3,-2.09
1998-03-04,0,25.54,0.06,67.09,93.3,-2.09
1998-03-05,0,25.54,0.06,67.09,93.3,-1.4
1998-03-06,0,25.54,0.06,67.09,93.3,-1.4
1998-03-07,0,25.54,0.06,67.09,93.3,-1.4
1998-03-08,0,25.54,0.06,67.09,93.3,-1.4
1998-03-09,0,25.54,0.06,67.09,93.3,-1.4
1998-03-10,0,25.54,0.06,67.09,93.3,-1.4
1998-03-11,0,25.54,0.06,67.09,93.3,-1.4
1998-03-12,0,25.54,0.06,67.09,93.3,-1.4
1998-03-13,0,25.54,0.06,67.09,93.3,-1.4
1998-03-14,0,25.54,0.06,67.09,93.3,-1.4
1998-03-15,0,25.54,0.06,67.09,93.3,-1.4
1998-03-16,0,25.54,0.06,67.09,93.3,-1.4
1998-03-17,0,25.54,0,66.35,93.3,-1.4
1998-03-18,0,25.54,0,66.35,93.3,-1.4
1998-03-19,0,25.54,0,66.35,93.3,-1.4
1998-03-20,0,25.54,0,66.35,93.3,-1.4
1998-03-21,0,25.54,0,66.35,93.3,-1.4
1998-03-22,0,25.54,0,66.35,93.3,-1.4
1998-03-23,0,25.54,0,66.35,93.3,-1.4
1998-03-24,0,25.54,0,66.35,93.3,-1.4
1998-03-25,0,25.54,0,66.35,93.3,-1.4
1998-03-26,0,25.54,0,66.35,93.3,-1.4
1998-03-27,0,25.54,0,66.35,93.3,-1.4
1998-03-28,0,25.54,0,66.35,93.3,-1.4
1998-03-29,0,25.54,0,66.35,93.3,-1.4
1998-03-30,0,25.54,0,66.35,93.3,-1.4
1998-03-31,0,25.54,0,66.35,93.3,-1.4
1998-04-01,0,16.01,2.73,80.39,126.95,-1.4
1998-04-02,0,16.01,2.73,80.39,126.95,-1.4
1998-04-03,0,16.01,2.73,80.39,126.95,-1.4
1998-04-04,0,16.01,2.73,80.39,126.95,-0.76
1998-04-05,0,16.01,2.73,80.39,126.95,-0.76
1998-04-06,0,16.01,2.73,80.39,126.95,-0.76
1998-04-07,0,16.01,2.73,80.39,126.95,-0.76
1998-04-08,0,16.01,2.73,80.39,126.95,-0.76
1998-04-09,0,16.01,2.73,80.39,126.95,-0.76
1998-04-10,0,16.01,2.73,80.39,126.95,-0.76
1998-04-11,0,16.01,2.73,80.39,126.95,-0.76
1998-04-12,0,16.01,2.73,80.39,126.95,-0.76
1998-04-13,0,16.01,2.73,80.39,126.95,-0.76
1998-04-14,0,16.01,2.73,80.39,126.95,-0.76
1998-04-15,0,16.01,2.73,80.39,126.95,-0.76
1998-04-16,0,16.01,2.73,80.39,126.95,-0.76
1998-04-17,0,16.01,2.73,80.39,126.95,-0.76
1998-04-18,0,16.01,2.73,80.39,126.95,-0.76
1998-04-19,0,16.01,2.73,80.39,126.95,-0.76
1998-04-20,0,16.01,2.73,80.39,126.95,-0.76
1998-04-21,0,16.01,2.73,80.39,126.95,-0.76
1998-04-22,0,16.01,2.73,80.39,126.95,-0.76
1998-04-23,0,16.01,2.73,80.39,126.95,-0.76
1998-04-24,0,16.01,2.73,80.39,126.95,-0.76
1998-04-25,0,16.01,2.73,80.39,126.95,-0.76
1998-04-26,0,16.01,2.73,80.39,126.95,-0.76
1998-04-27,0,16.01,2.73,80.39,126.95,-0.76
1998-04-28,0,16.01,2.73,80.39,126.95,-0.76
1998-04-29,0,16.01,2.73,80.39,126.95,-0.76
1998-04-30,0,16.01,2.73,80.39,126.95,-0.76
1998-05-01,0,44.68,35.4,112.84,125.48,-0.76
1998-05-02,0,44.68,35.4,112.84,125.48,-0.76
1998-05-03,0,44.68,35.4,112.84,125.48,-0.76
1998-05-04,0,44.68,35.4,112.84,125.48,-0.76
1998-05-05,0,44.68,35.4,112.84,125.48,-0.36
1998-05-06,0,44.68,35.4,112.84,125.48,-0.36
1998-05-07,0,44.68,35.4,112.84,125.48,-0.36
1998-05-08,0,44.68,35.4,112.84,125.48,-0.36
1998-05-09,0,44.68,35.4,112.84,125.48,-0.36
1998-05-10,0,44.68,35.4,112.84,125.48,-0.36
1998-05-11,0,44.68,35.4,112.84,125.48,-0.36
1998-05-12,0,44.68,35.4,112.84,125.48,-0.36
1998-05-13,0,44.68,35.4,112.84,125.48,-0.36
1998-05-14,0,44.68,35.4,112.84,125.48,-0.36
1998-05-15,0,44.68,35.4,112.84,125.48,-0.36
1998-05-16,0,44.68,35.4,112.84,125.48,-0.36
1998-05-17,0,44.68,35.4,112.84,125.48,-0.36
1998-05-18,0,44.68,35.4,112.84,125.48,-0.36
1998-05-19,0,44.68,35.4,112.84,125.48,-0.36
1998-05-20,0,44.68,35.4,112.84,125.48,-0.36
1998-05-21,0,44.68,35.4,112.84,125.48,-0.36
1998-05-22,0,44.68,35.4,112.84,125.48,-0.36
1998-05-23,0,44.68,35.4,112.84,125.48,-0.36
1998-05-24,0,44.68,35.4,112.84,125.48,-0.36
1998-05-25,0,44.68,35.4,112.84,125.48,-0.36
1998-05-26,0,44.68,35.4,112.84,125.48,-0.36
1998-05-27,0,44.68,35.4,112.84,125.48,-0.36
1998-05-28,0,44.68,35.4,112.84,125.48,-0.36
1998-05-29,0,44.68,35.4,112.84,125.48,-0.36
1998-05-30,0,44.68,35.4,112.84,125.48,-0.36
1998-05-31,0,44.68,35.4,112.84,125.48,-0.36
1998-06-01,0,72.85,35.4,89.85,334.85,-0.36
1998-06-02,0,72.85,35.4,89.85,334.85,-0.36
1998-06-03,0,72.85,35.4,89.85,334.85,-0.36
1998-06-04,0,72.85,35.4,89.85,334.85,-0.17
1998-06-05,0,72.85,35.4,89.85,334.85,-0.17
1998-06-06,0,72.85,35.4,89.85,334.85,-0.17
1998-06-07,0,72.85,35.4,89.85,334.85,-0.17
1998-06-08,0,72.85,35.4,89.85,334.85,-0.17
1998-06-09,0,72.85,35.4,89.85,334.85,-0.17
1998-06-10,0,72.85,35.4,89.85,334.85,-0.17
1998-06-11,0,72.85,35.4,89.85,334.85,-0.17
1998-06-12,0,72.85,35.4,89.85,334.85,-0.17
1998-06-13,0,72.85,35.4,89.85,334.85,-0.17
1998-06-14,0,72.85,35.4,89.85,334.85,-0.17
1998-06-15,0,72.85,35.4,89.85,334.85,-0.17
1998-06-16,0,72.85,35.4,89.85,334.85,-0.17
1998-06-17,0,72.85,35.4,89.85,334.85,-0.17
1998-06-18,0,72.85,35.4,89.85,334.85,-0.17
1998-06-19,0,72.85,35.4,127.1,334.85,-0.17
1998-06-20,0,72.85,35.4,224.72,334.85,-0.17
1998-06-21,0,72.85,35.4,224.72,334.85,-0.17
1998-06-22,0,72.85,35.4,224.72,334.85,-0.17
1998-06-23,0,72.85,35.4,224.72,334.85,-0.17
1998-06-24,0,72.85,35.4,224.72,334.85,-0.17
1998-06-25,0,72.85,35.4,224.72,334.85,-0.17
1998-06-26,0,72.85,35.4,224.72,334.85,-0.17
1998-06-27,0,72.85,35.4,224.72,334.85,-0.17
1998-06-28,0,72.85,35.4,224.72,334.85,-0.17
1998-06-29,0,72.85,35.4,224.72,334.85,-0.17
1998-06-30,0,72.85,35.4,224.72,334.85,-0.17
1998-07-01,0,126.89,35.4,144.98,309.71,-0.17
1998-07-02,0,126.89,35.4,144.98,309.71,-0.17
1998-07-03,0,126.89,35.4,144.98,309.71,-0.17
1998-07-04,0,126.89,35.4,144.98,309.71,-0.17
1998-07-05,0,126.89,35.4,144.98,309.71,-0.23
1998-07-06,0,126.89,35.4,144.98,309.71,-0.23
1998-07-07,0,126.89,35.4,144.98,309.71,-0.23
1998-07-08,0,126.89,35.4,144.98,309.71,-0.23
1998-07-09,0,126.89,35.4,144.98,309.71,-0.23
1998-07-10,0,126.89,35.4,144.98,309.71,-0.23
1998-07-11,0,126.89,35.4,144.98,309.71,-0.23
1998-07-12,0,126.89,35.4,144.98,309.71,-0.23
1998-07-13,0,126.89,35.4,144.98,309.71,-0.23
1998-07-14,0,126.89,35.4,144.98,309.71,-0.23
1998-07-15,0,126.89,35.4,144.98,309.71,-0.23
1998-07-16,0,126.89,35.4,144.98,309.71,-0.23
1998-07-17,0,126.89,35.4,144.98,309.71,-0.23
1998-07-18,0,126.89,35.4,144.98,309.71,-0.23
1998-07-19,0,126.89,35.4,144.98,309.71,-0.23
1998-07-20,0,126.89,35.4,144.98,309.71,-0.23
1998-07-21,0,126.89,35.4,144.98,309.71,-0.23
1998-07-22,0,126.89,35.4,144.98,309.71,-0.23
1998-07-23,0,126.89,35.4,144.98,309.71,-0.23
1998-07-24,0,126.89,35.4,144.98,309.71,-0.23
1998-07-25,0,126.89,35.4,144.98,309.71,-0.23
1998-07-26,0,126.89,35.4,144.98,309.71,-0.23
1998-07-27,0,126.89,35.4,144.98,309.71,-0.23
1998-07-28,0,126.89,35.4,144.98,309.71,-0.23
1998-07-29,0,126.89,35.4,144.98,309.71,-0.23
1998-07-30,0,126.89,35.4,144.98,309.71,-0.23
1998-07-31,0,126.89,35.4,144.98,309.71,-0.23
1998-08-01,0,101.29,35.4,9.89,115.67,-0.23
1998-08-02,0,101.29,35.4,9.89,115.67,-0.23
1998-08-03,0,101.29,35.4,9.89,115.67,-0.23
1998-08-04,0,101.29,35.4,9.89,115.67,-0.23
1998-08-05,0,101.29,35.4,9.89,115.67,-0.37
1998-08-06,0,101.29,35.4,9.89,115.67,-0.37
1998-08-07,0,101.29,35.4,9.89,115.67,-0.37
1998-08-08,0,101.29,35.4,9.89,115.67,-0.37
1998-08-09,0,101.29,35.4,9.89,115.67,-0.37
1998-08-10,0,101.29,35.4,9.89,115.67,-0.37
1998-08-11,0,101.29,35.4,9.89,115.67,-0.37
1998-08-12,0,101.29,35.4,9.89,115.67,-0.37
1998-08-13,0,101.29,35.4,9.89,115.67,-0.37
1998-08-14,0,101.29,35.4,9.89,115.67,-0.37
1998-08-15,0,101.29,35.4,9.89,115.67,-0.37
1998-08-16,0,101.29,35.4,9.89,115.67,-0.37
1998-08-17,0,101.29,35.4,9.89,115.67,-0.37
1998-08-18,0,101.29,35.4,9.89,115.67,-0.37
1998-08-19,0,101.29,35.4,9.89,115.67,-0.37
1998-08-20,0,101.29,35.4,9.89,115.67,-0.37
1998-08-21,0,101.29,35.4,9.89,115.67,-0.37
1998-08-22,0,101.29,35.4,9.89,115.67,-0.37
1998-08-23,0,101.29,35.4,9.89,115.67,-0.37
1998-08-24,0,101.29,35.4,9.89,115.67,-0.37
1998-08-25,0,101.29,35.4,9.89,115.67,-0.37
1998-08-26,0,101.29,35.4,9.89,115.67,-0.37
1998-08-27,0,101.29,35.4,9.89,115.67,-0.37
1998-08-28,0,101.29,35.4,9.89,115.67,-0.37
1998-08-29,0,101.29,35.4,9.89,115.67,-0.37
1998-08-30,0,101.29,35.4,9.89,115.67,-0.37
1998-08-31,0,101.29,35.4,9.89,115.67,-0.37
1998-09-01,0,75.24,26.28,9.89,70.53,-0.37
1998-09-02,0,75.24,26.28,9.89,70.53,-0.6
1998-09-03,0,75.24,26.28,9.89,70.53,-0.6
1998-09-04,0,75.24,26.28,9.89,70.53,-0.6
1998-09-05,0,75.24,26.28,9.89,70.53,-0.6
1998-09-06,0,75.24,26.28,9.89,70.53,-0.6
1998-09-07,0,75.24,26.28,9.89,70.53,-0.6
1998-09-08,0,75.24,26.28,9.89,70.53,-0.6
1998-09-09,0,75.24,26.28,9.89,70.53,-0.6
1998-09-10,0,75.24,26.28,9.89,70.53,-0.6
1998-09-11,0,75.24,26.28,9.89,70.53,-0.6
1998-09-12,0,75.24,26.28,9.89,70.53,-0.6
1998-09-13,0,75.24,26.28,9.89,70.53,-0.6
1998-09-14,0,75.24,26.28,9.89,70.53,-0.6
1998-09-15,0,75.24,26.28,9.89,70.53,-0.6
1998-09-16,0,75.24,26.28,9.89,70.53,-0.6
1998-09-17,0,75.24,26.28,9.89,70.53,-0.6
1998-09-18,0,75.24,26.28,9.89,70.53,-0.6
1998-09-19,0,75.24,26.28,9.89,70.53,-0.6
1998-09-20,0,75.24,26.28,9.89,70.53,-0.6
1998-09-21,0,75.24,26.28,9.89,70.53,-0.6
1998-09-22,0,75.24,26.28,9.89,70.53,-0.6
1998-09-23,0,75.24,26.28,9.89,70.53,-0.6
1998-09-24,0,75.24,26.28,9.89,70.53,-0.6
1998-09-25,0,75.24,26.28,9.89,70.53,-0.6
1998-09-26,0,75.24,26.28,9.89,70.53,-0.6
1998-09-27,0,75.24,26.28,9.89,70.53,-0.6
1998-09-28,0,75.24,26.28,9.89,70.53,-0.6
1998-09-29,0,75.24,26.28,9.89,70.53,-0.6
1998-09-30,0,75.24,26.28,9.89,70.53,-0.6
1998-10-01,0,51.34,5.77,9.89,41.92,-0.6
1998-10-02,0,51.34,5.77,9.89,41.92,-0.6
1998-10-03,0,51.34,5.77,9.89,41.92,-0.91
1998-10-04,0,51.34,5.77,9.89,41.92,-0.91
1998-10-05,0,51.34,5.77,9.89,41.92,-0.91
1998-10-06,0,51.34,5.77,9.89,41.92,-0.91
1998-10-07,0,51.34,5.77,9.89,41.92,-0.91
1998-10-08,0,51.34,5.77,9.89,41.92,-0.91
1998-10-09,0,51.34,5.77,9.89,41.92,-0.91
1998-10-10,0,51.34,5.77,9.89,41.92,-0.91
1998-10-11,0,51.34,5.77,9.89,41.92,-0.91
1998-10-12,0,51.34,5.77,9.89,41.92,-0.91
1998-10-13,0,51.34,5.77,9.89,41.92,-0.91
1998-10-14,0,51.34,5.77,9.89,41.92,-0.91
1998-10-15,0,51.34,5.77,9.89,41.92,-0.91
1998-10-16,0,51.34,5.77,9.89,41.92,-0.91
1998-10-17,0,51.34,5.77,9.89,41.92,-0.91
1998-10-18,0,51.34,5.77,9.89,41.92,-0.91
1998-10-19,0,51.34,5.77,9.89,41.92,-0.91
1998-10-20,0,51.34,5.77,9.89,41.92,-0.91
1998-10-21,0,51.34,5.77,9.89,41.92,-0.91
1998-10-22,0,51.34,5.77,9.89,41.92,-0.91
1998-10-23,0,51.34,5.77,9.89,41.92,-0.91
1998-10-24,0,51.34,5.77,9.89,41.92,-0.91
1998-10-25,0,51.34,5.77,9.89,41.92,-0.91
1998-10-26,0,51.34,5.77,9.89,41.92,-0.91
1998-10-27,0,51.34,5.77,9.89,41.92,-0.91
1998-10-28,0,51.34,5.77,9.89,41.92,-0.91
1998-10-29,0,51.34,5.77,9.89,41.92,-0.91
1998-10-30,0,51.34,5.77,9.89,41.92,-0.91
1998-10-31,0,51.34,5.77,9.89,41.92,-0.91
1998-11-01,0,16.38,1.54,13.19,32.12,-0.91
1998-11-02,0,16.38,1.54,13.19,32.12,-1.52
1998-11-03,0,16.38,1.54,13.19,32.12,-1.52
1998-11-04,0,16.38,1.54,13.19,32.12,-1.52
1998-11-05,0,16.38,1.54,13.19,32.12,-1.52
1998-11-06,0,16.38,1.54,13.19,32.12,-1.52
1998-11-07,0,16.38,1.54,13.19,32.12,-1.52
1998-11-08,0,16.38,1.54,13.19,32.12,-1.52
1998-11-09,0,16.38,1.54,13.19,32.12,-1.52
1998-11-10,0,16.38,1.54,13.19,32.12,-1.52
1998-11-11,0,16.38,1.54,13.19,32.12,-1.52
1998-11-12,0,16.38,1.54,13.19,32.12,-1.52
1998-11-13,0,16.38,1.54,13.19,32.12,-1.52
1998-11-14,0,16.38,1.54,13.19,32.12,-1.52
1998-11-15,0,16.38,1.54,13.19,32.12,-1.52
1998-11-16,0,16.38,1.54,13.19,32.12,-1.52
1998-11-17,0,16.38,1.54,13.19,32.12,-1.52
1998-11-18,0,16.38,1.54,13.19,32.12,-1.52
1998-11-19,0,16.38,1.54,13.19,32.12,-1.52
1998-11-20,0,16.38,1.54,13.19,32.12,-1.52
1998-11-21,0,16.38,1.54,13.19,32.12,-1.52
1998-11-22,0,16.38,1.54,13.19,32.12,-1.52
1998-11-23,0,16.38,1.54,13.19,32.12,-1.52
1998-11-24,0,16.38,1.54,13.19,32.12,-1.52
1998-11-25,0,16.38,1.54,13.19,32.12,-1.52
1998-11-26,0,16.38,1.54,13.19,32.12,-1.52
1998-11-27,0,16.38,1.54,13.19,32.12,-1.52
1998-11-28,0,16.38,1.54,13.19,32.12,-1.52
1998-11-29,0,16.38,1.54,13.19,32.12,-1.52
1998-11-30,0,16.38,1.54,13.19,32.12,-1.52
1998-12-01,0,14.47,1.19,3.4,35.5,-1.52
1998-12-02,0,14.47,1.19,3.4,35.5,-1.52
1998-12-03,0,14.47,1.19,3.4,35.5,-2.15
1998-12-04,0,14.47,1.19,3.4,35.5,-2.15
1998-12-05,0,14.47,1.19,3.4,35.5,-2.15
1998-12-06,0,14.47,1.19,3.4,35.5,-2.15
1998-12-07,0,14.47,1.19,3.4,35.5,-2.15
1998-12-08,0,14.47,1.19,3.4,35.5,-2.15
1998-12-09,0,14.47,1.19,3.4,35.5,-2.15
1998-12-10,0,14.47,1.19,3.4,35.5,-2.15
1998-12-11,0,14.47,1.19,3.4,35.5,-2.15
1998-12-12,0,14.47,1.19,3.4,35.5,-2.15
1998-12-13,0,14.47,1.19,3.4,35.5,-2.15
1998-12-14,0,14.47,1.19,3.4,35.5,-2.15
1998-12-15,0,14.47,1.19,3.4,35.5,-2.15
1998-12-16,0,14.47,1.19,3.4,35.5,-2.15
1998-12-17,0,14.47,1.19,3.4,35.5,-2.15
1998-12-18,0,14.47,1.19,3.4,35.5,-2.15
1998-12-19,0,14.47,1.19,3.4,35.5,-2.15
1998-12-20,0,14.47,1.19,3.4,35.5,-2.15
1998-12-21,0,14.47,1.19,3.4,35.5,-2.15
1998-12-22,0,14.47,1.19,3.4,35.5,-2.15
1998-12-23,0,14.47,1.19,3.4,35.5,-2.15
1998-12-24,0,14.47,1.19,3.4,35.5,-2.15
1998-12-25,0,14.47,1.19,3.4,35.5,-2.15
1998-12-26,0,14.47,1.19,3.4,35.5,-2.15
1998-12-27,0,14.47,1.19,3.4,35.5,-2.15
1998-12-28,0,14.47,1.19,3.4,35.5,-2.15
1998-12-29,0,14.47,1.19,3.4,35.5,-2.15
1998-12-30,0,14.47,1.19,3.4,35.5,-2.15
1998-12-31,0,14.47,1.19,3.4,35.5,-2.15
1999-01-01,0,14.47,0.95,2.8,48.4,-2.15
1999-01-02,0,14.47,0.95,2.8,48.4,-2.11
1999-01-03,0,14.47,0.95,2.8,48.4,-2.11
1999-01-04,0,14.47,0.95,2.8,48.4,-2.11
1999-01-05,0,14.47,0.95,2.8,48.4,-2.11
1999-01-06,0,14.47,0.95,2.8,48.4,-2.11
1999-01-07,0,14.47,0.95,2.8,48.4,-2.11
1999-01-08,0,14.47,0.95,2.8,48.4,-2.11
1999-01-09,0,14.47,0.95,2.8,48.4,-2.11
1999-01-10,0,14.47,0.95,2.8,48.4,-2.11
1999-01-11,0,14.47,0.95,2.8,48.4,-2.11
1999-01-12,0,14.47,0.95,2.8,48.4,-2.11
1999-01-13,0,14.47,0.95,2.8,48.4,-2.11
1999-01-14,0,14.47,0.95,2.8,48.4,-2.11
1999-01-15,0,14.47,0.95,2.8,48.4,-2.11
1999-01-16,0,14.47,0.95,2.8,48.4,-2.11
1999-01-17,0,14.47,0.95,2.8,48.4,-2.11
1999-01-18,0,14.47,0.95,2.8,48.4,-2.11
1999-01-19,0,14.47,0.95,2.8,48.4,-2.11
1999-01-20,0,14.47,0.95,2.8,48.4,-2.11
1999-01-21,0,14.47,0.95,2.8,48.4,-2.11
1999-01-22,0,14.47,0.95,2.8,48.4,-2.11
1999-01-23,0,14.47,0.95,2.8,48.4,-2.11
1999-01-24,0,14.47,0.95,2.8,48.4,-2.11
1999-01-25,0,14.47,0.95,2.8,48.4,-2.11
1999-01-26,0,14.47,0.95,2.8,48.4,-2.11
1999-01-27,0,14.47,0.95,2.8,48.4,-2.11
1999-01-28,0,14.47,0.95,2.8,48.4,-2.11
1999-01-29,0,14.47,0.95,2.8,48.4,-2.11
1999-01-30,0,14.47,0.95,2.8,48.4,-2.11
1999-01-31,0,14.47,0.95,2.8,48.4,-2.11
1999-02-01,0,55.31,1.58,10.25,73.45,-2.11
1999-02-02,0,55.31,1.58,10.25,73.45,-1.44
1999-02-03,0,55.31,1.58,10.25,73.45,-1.44
1999-02-04,0,55.31,1.58,10.25,73.45,-1.44
1999-02-05,0,55.31,1.58,10.25,73.45,-1.44
1999-02-06,0,55.31,1.58,10.25,73.45,-1.44
1999-02-07,0,55.31,1.58,10.25,73.45,-1.44
1999-02-08,0,55.31,1.58,10.25,73.45,-1.44
1999-02-09,0,55.31,1.58,10.25,73.45,-1.44
1999-02-10,0,55.31,1.58,10.25,73.45,-1.44
1999-02-11,0,55.31,1.58,10.25,73.45,-1.44
1999-02-12,0,55.31,1.58,10.25,73.45,-1.44
1999-02-13,0,55.31,1.58,10.25,73.45,-1.44
1999-02-14,0,55.31,1.58,10.25,73.45,-1.44
1999-02-15,0,55.31,1.58,10.25,73.45,-1.44
1999-02-16,0,55.31,1.58,10.25,73.45,-1.44
1999-02-17,0,55.31,1.58,10.25,73.45,-1.44
1999-02-18,0,55.31,1.58,10.25,73.45,-1.44
1999-02-19,0,55.31,1.58,10.25,73.45,-1.44
1999-02-20,0,55.31,1.58,10.25,73.45,-1.44
1999-02-21,0,55.31,1.58,10.25,73.45,-1.44
1999-02-22,0,55.31,1.58,10.25,73.45,-1.44
1999-02-23,0,55.31,1.58,10.25,73.45,-1.44
1999-02-24,0,55.31,1.58,10.25,73.45,-1.44
1999-02-25,0,55.31,1.58,10.25,73.45,-1.44
1999-02-26,0,55.31,1.58,10.25,73.45,-1.44
1999-02-27,0,55.31,1.58,10.25,73.45,-1.44
1999-02-28,0,55.31,1.58,10.25,73.45,-1.44
1999-03-01,0,21.36,0,28.72,62.04,-1.44
1999-03-02,0,21.36,0,28.72,62.04,-1.44
1999-03-03,0,21.36,0,28.72,62.04,-1.44
1999-03-04,0,21.36,0,28.72,62.04,-1.44
1999-03-05,0,21.36,0,28.72,62.04,-0.92
1999-03-06,0,21.36,0,28.72,62.04,-0.92
1999-03-07,0,21.36,0,28.72,62.04,-0.92
1999-03-08,0,21.36,0,28.72,62.04,-0.92
1999-03-09,0,21.36,0,28.72,62.04,-0.92
1999-03-10,0,21.36,0,28.72,62.04,-0.92
1999-03-11,0,21.36,0,28.72,62.04,-0.92
1999-03-12,0,21.36,0,28.72,62.04,-0.92
1999-03-13,0,21.36,0,28.72,62.04,-0.92
1999-03-14,0,21.36,0,28.72,62.04,-0.92
1999-03-15,0,21.36,0,28.72,62.04,-0.92
1999-03-16,0,21.36,0,28.72,62.04,-0.92
1999-03-17,0,21.36,0,28.72,62.04,-0.92
1999-03-18,0,21.36,0,28.72,62.04,-0.92
1999-03-19,0,21.36,0,28.72,62.04,-0.92
1999-03-20,0,21.36,0,28.72,62.04,-0.92
1999-03-21,0,21.36,0,28.72,62.04,-0.92
1999-03-22,0,21.36,0,28.72,62.04,-0.92
1999-03-23,0,21.36,0,28.72,62.04,-0.92
1999-03-24,0,21.36,0,28.72,62.04,-0.92
1999-03-25,0,21.36,0,28.72,62.04,-0.92
1999-03-26,0,21.36,0,28.72,62.04,-0.92
1999-03-27,0,21.36,0,28.72,62.04,-0.92
1999-03-28,0,21.36,0,28.72,62.04,-0.92
1999-03-29,0,21.36,0,28.72,62.04,-0.92
1999-03-30,0,21.36,0,28.72,62.04,-0.92
1999-03-31,0,21.36,0,28.72,62.04,-0.92
1999-04-01,0,43.17,0,45.79,77.81,-0.92
1999-04-02,0,43.17,0,45.79,77.81,-0.92
1999-04-03,0,43.17,0,45.79,77.81,-0.92
1999-04-04,0,43.17,0,45.79,77.81,-0.6
1999-04-05,0,43.17,0,45.79,77.81,-0.6
1999-04-06,0,43.17,0,45.79,77.81,-0.6
1999-04-07,0,43.17,0,45.79,77.81,-0.6
1999-04-08,0,43.17,0,45.79,77.81,-0.6
1999-04-09,0,43.17,0,45.79,77.81,-0.6
1999-04-10,0,43.17,0,45.79,77.81,-0.6
1999-04-11,0,43.17,0,45.79,77.81,-0.6
1999-04-12,0,43.17,0,45.79,77.81,-0.6
1999-04-13,0,43.17,0,45.79,77.81,-0.6
1999-04-14,0,43.17,0,45.79,77.81,-0.6
1999-04-15,0,43.17,0,45.79,77.81,-0.6
1999-04-16,0,43.17,0,45.79,77.81,-0.6
1999-04-17,0,43.17,0,45.79,77.81,-0.6
1999-04-18,0,43.17,0,45.79,77.81,-0.6
1999-04-19,0,43.17,0,45.79,77.81,-0.6
1999-04-20,0,43.17,0,45.79,77.81,-0.6
1999-04-21,0,43.17,0,45.79,77.81,-0.6
1999-04-22,0,43.17,0,45.79,77.81,-0.6
1999-04-23,0,43.17,0,45.79,77.81,-0.6
1999-04-24,0,43.17,0,45.79,77.81,-0.6
1999-04-25,0,43.17,0,45.79,77.81,-0.6
1999-04-26,0,43.17,0,45.79,77.81,-0.6
1999-04-27,0,43.17,0,45.79,77.81,-0.6
1999-04-28,0,43.17,0,45.79,77.81,-0.6
1999-04-29,0,43.17,0,45.79,77.81,-0.6
1999-04-30,0,43.17,0,45.79,77.81,-0.6
1999-05-01,0,54.2,9.8,9.89,99.12,-0.6
1999-05-02,0,54.2,9.8,9.89,99.12,-0.6
1999-05-03,0,54.2,9.8,9.89,99.12,-0.6
1999-05-04,0,54.2,9.8,9.89,99.12,-0.6
1999-05-05,0,54.2,9.8,9.89,99.12,-0.31
1999-05-06,0,54.2,9.8,9.89,99.12,-0.31
1999-05-07,0,54.2,9.8,9.89,99.12,-0.31
1999-05-08,0,54.2,9.8,9.89,99.12,-0.31
1999-05-09,0,54.2,9.8,9.89,99.12,-0.31
1999-05-10,0,54.2,9.8,9.89,99.12,-0.31
1999-05-11,0,54.2,9.8,9.89,99.12,-0.31
1999-05-12,0,54.2,9.8,9.89,99.12,-0.31
1999-05-13,0,54.2,9.8,9.89,99.12,-0.31
1999-05-14,0,54.2,9.8,9.89,99.12,-0.31
1999-05-15,0,54.2,9.8,9.89,99.12,-0.31
1999-05-16,0,54.2,9.8,9.89,99.12,-0.31
1999-05-17,0,54.2,9.8,9.89,99.12,-0.31
1999-05-18,0,54.2,9.8,9.89,99.12,-0.31
1999-05-19,0,54.2,9.8,9.89,99.12,-0.31
1999-05-20,0,54.2,9.8,9.89,99.12,-0.31
1999-05-21,0,54.2,9.8,9.89,99.12,-0.31
1999-05-22,0,54.2,9.8,9.89,99.12,-0.31
1999-05-23,0,54.2,9.8,9.89,99.12,-0.31
1999-05-24,0,54.2,9.8,9.89,99.12,-0.31
1999-05-25,0,54.2,9.8,9.89,99.12,-0.31
1999-05-26,0,54.2,9.8,9.89,99.12,-0.31
1999-05-27,0,54.2,9.8,9.89,99.12,-0.31
1999-05-28,0,54.2,9.8,9.89,99.12,-0.31
1999-05-29,0,54.2,9.8,9.89,99.12,-0.31
1999-05-30,0,54.2,9.8,9.89,99.12,-0.31
1999-05-31,0,54.2,9.8,9.89,99.12,-0.31
1999-06-01,0,77.07,29.96,9.89,124.88,-0.31
1999-06-02,0,77.07,29.96,9.89,124.88,-0.31
1999-06-03,0,77.07,29.96,9.89,124.88,-0.31
1999-06-04,0,77.07,29.96,9.89,124.88,-0.17
1999-06-05,0,77.07,29.96,9.89,124.88,-0.17
1999-06-06,0,77.07,29.96,9.89,124.88,-0.17
1999-06-07,0,77.07,29.96,9.89,124.88,-0.17
1999-06-08,0,77.07,29.96,9.89,124.88,-0.17
1999-06-09,0,77.07,29.96,9.89,124.88,-0.17
1999-06-10,0,77.07,29.96,9.89,124.88,-0.17
1999-06-11,0,77.07,29.96,9.89,124.88,-0.17
1999-06-12,0,77.07,29.96,9.89,124.88,-0.17
1999-06-13,0,77.07,29.96,9.89,124.88,-0.17
1999-06-14,0,77.07,29.96,9.89,124.88,-0.17
1999-06-15,0,77.07,29.96,9.89,124.88,-0.17
1999-06-16,0,77.07,29.96,9.89,124.88,-0.17
1999-06-17,0,77.07,29.96,9.89,124.88,-0.17
1999-06-18,0,77.07,29.96,9.89,124.88,-0.17
1999-06-19,0,77.07,29.96,9.89,124.88,-0.17
1999-06-20,0,77.07,29.96,9.89,124.88,-0.17
1999-06-21,0,77.07,29.96,9.89,124.88,-0.17
1999-06-22,0,77.07,29.96,9.89,124.88,-0.17
1999-06-23,0,77.07,29.96,9.89,124.88,-0.17
1999-06-24,0,77.07,29.96,9.89,124.88,-0.17
1999-06-25,0,77.07,29.96,9.89,124.88,-0.17
1999-06-26,0,77.07,29.96,9.89,124.88,-0.17
1999-06-27,0,77.07,29.96,9.89,124.88,-0.17
1999-06-28,0,77.07,29.96,9.89,124.88,-0.17
1999-06-29,0,77.07,29.96,9.89,124.88,-0.17
1999-06-30,0,77.07,29.96,9.89,124.88,-0.17
1999-07-01,0,81.02,35.4,9.89,59.6,-0.17
1999-07-02,0,81.02,35.4,9.89,59.6,-0.17
1999-07-03,0,81.02,35.4,9.89,59.6,-0.17
1999-07-04,0,81.02,35.4,9.89,59.6,-0.17
1999-07-05,0,81.02,35.4,9.89,59.6,-0.25
1999-07-06,0,81.02,35.4,9.89,59.6,-0.25
1999-07-07,0,81.02,35.4,9.89,59.6,-0.25
1999-07-08,0,81.02,35.4,9.89,59.6,-0.25
1999-07-09,0,81.02,35.4,9.89,59.6,-0.25
1999-07-10,0,81.02,35.4,9.89,59.6,-0.25
1999-07-11,0,81.02,35.4,9.89,59.6,-0.25
1999-07-12,0,81.02,35.4,9.89,59.6,-0.25
1999-07-13,0,81.02,35.4,9.89,59.6,-0.25
1999-07-14,0,81.02,35.4,9.89,59.6,-0.25
1999-07-15,0,81.02,35.4,9.89,59.6,-0.25
1999-07-16,0,81.02,35.4,9.89,59.6,-0.25
1999-07-17,0,81.02,35.4,9.89,59.6,-0.25
1999-07-18,0,81.02,35.4,9.89,59.6,-0.25
1999-07-19,0,81.02,35.4,9.89,59.6,-0.25
1999-07-20,0,81.02,35.4,9.89,59.6,-0.25
1999-07-21,0,81.02,35.4,9.89,59.6,-0.25
1999-07-22,0,81.02,35.4,9.89,59.6,-0.25
1999-07-23,0,81.02,35.4,9.89,59.6,-0.25
1999-07-24,0,81.02,35.4,9.89,59.6,-0.25
1999-07-25,0,81.02,35.4,9.89,59.6,-0.25
1999-07-26,0,81.02,35.4,9.89,59.6,-0.25
1999-07-27,0,81.02,35.4,9.89,59.6,-0.25
1999-07-28,0,81.02,35.4,9.89,59.6,-0.25
1999-07-29,0,81.02,35.4,9.89,59.6,-0.25
1999-07-30,0,81.02,35.4,9.89,59.6,-0.25
1999-07-31,0,81.02,35.4,9.89,59.6,-0.25
1999-08-01,0,71.05,25.87,9.89,52.06,-0.25
1999-08-02,0,71.05,25.87,9.89,52.06,-0.25
1999-08-03,0,71.05,25.87,9.89,52.06,-0.25
1999-08-04,0,71.05,25.87,9.89,52.06,-0.25
1999-08-05,0,71.05,25.87,9.89,52.06,-0.38
1999-08-06,0,71.05,25.87,9.89,52.06,-0.38
1999-08-07,0,71.05,25.87,9.89,52.06,-0.38
1999-08-08,0,71.05,25.87,9.89,52.06,-0.38
1999-08-09,0,71.05,25.87,9.89,52.06,-0.38
1999-08-10,0,71.05,25.87,9.89,52.06,-0.38
1999-08-11,0,71.05,25.87,9.89,52.06,-0.38
1999-08-12,0,71.05,25.87,9.89,52.06,-0.38
1999-08-13,0,71.05,25.87,9.89,52.06,-0.38
1999-08-14,0,71.05,25.87,9.89,52.06,-0.38
1999-08-15,0,71.05,25.87,9.89,52.06,-0.38
1999-08-16,0,71.05,25.87,9.89,52.06,-0.38
1999-08-17,0,71.05,25.87,9.89,52.06,-0.38
1999-08-18,0,71.05,25.87,9.89,52.06,-0.38
1999-08-19,0,71.05,25.87,9.89,52.06,-0.38
1999-08-20,0,71.05,25.87,9.89,52.06,-0.38
1999-08-21,0,71.05,25.87,9.89,52.06,-0.38
1999-08-22,0,71.05,25.87,9.89,52.06,-0.38
1999-08-23,0,71.05,25.87,9.89,52.06,-0.38
1999-08-24,0,71.05,25.87,9.89,52.06,-0.38
1999-08-25,0,71.05,25.87,9.89,52.06,-0.38
1999-08-26,0,71.05,25.87,9.89,52.06,-0.38
1999-08-27,0,71.05,25.87,9.89,52.06,-0.38
1999-08-28,0,71.05,25.87,9.89,52.06,-0.38
1999-08-29,0,71.05,25.87,9.89,52.06,-0.38
1999-08-30,0,71.05,25.87,9.89,52.06,-0.38
1999-08-31,0,71.05,25.87,9.89,52.06,-0.38
1999-09-01,0,39.96,4.22,9.89,49.78,-0.38
1999-09-02,0,39.96,4.22,9.89,49.78,-0.38
1999-09-03,0,39.96,4.22,9.89,49.78,-0.61
1999-09-04,0,39.96,4.22,9.89,49.78,-0.61
1999-09-05,0,39.96,4.22,9.89,49.78,-0.61
1999-09-06,0,39.96,4.22,9.89,49.78,-0.61
1999-09-07,0,39.96,4.22,9.89,49.78,-0.61
1999-09-08,0,39.96,4.22,9.89,49.78,-0.61
1999-09-09,0,39.96,4.22,9.89,49.78,-0.61
1999-09-10,0,39.96,4.22,9.89,49.78,-0.61
1999-09-11,0,39.96,4.22,9.89,49.78,-0.61
1999-09-12,0,39.96,4.22,9.89,49.78,-0.61
1999-09-13,0,39.96,4.22,9.89,49.78,-0.61
1999-09-14,0,39.96,4.22,9.89,49.78,-0.61
1999-09-15,0,39.96,4.22,9.89,49.78,-0.61
1999-09-16,0,39.96,4.22,9.89,49.78,-0.61
1999-09-17,0,39.96,4.22,9.89,49.78,-0.61
1999-09-18,0,39.96,4.22,9.89,49.78,-0.61
1999-09-19,0,39.96,4.22,9.89,49.78,-0.61
1999-09-20,0,39.96,4.22,9.89,49.78,-0.61
1999-09-21,0,39.96,4.22,9.89,49.78,-0.61
1999-09-22,0,39.96,4.22,9.89,49.78,-0.61
1999-09-23,0,39.96,4.22,9.89,49.78,-0.61
1999-09-24,0,39.96,4.22,9.89,49.78,-0.61
1999-09-25,0,39.96,4.22,9.89,49.78,-0.61
1999-09-26,0,39.96,4.22,9.89,49.78,-0.61
1999-09-27,0,39.96,4.22,9.89,49.78,-0.61
1999-09-28,0,39.96,4.22,9.89,49.78,-0.61
1999-09-29,0,39.96,4.22,9.89,49.78,-0.61
1999-09-30,0,39.96,4.22,9.89,49.78,-0.61
1999-10-01,0,14.27,0,9.89,30.82,-0.61
1999-10-02,0,14.27,0,9.89,30.82,-0.61
1999-10-03,0,14.27,0,9.89,30.82,-0.61
1999-10-04,0,14.27,0,9.89,30.82,-1.04
1999-10-05,0,14.27,0,9.89,30.82,-1.04
1999-10-06,0,14.27,0,9.89,30.82,-1.04
1999-10-07,0,14.27,0,9.89,30.82,-1.04
1999-10-08,0,14.27,0,9.89,30.82,-1.04
1999-10-09,0,14.27,0,9.89,30.82,-1.04
1999-10-10,0,14.27,0,9.89,30.82,-1.04
1999-10-11,0,14.27,0,9.89,30.82,-1.04
1999-10-12,0,14.27,0,9.89,30.82,-1.04
1999-10-13,0,14.27,0,9.89,30.82,-1.04
1999-10-14,0,14.27,0,9.89,30.82,-1.04
1999-10-15,0,14.27,0,9.89,30.82,-1.04
1999-10-16,0,14.27,0,9.89,30.82,-1.04
1999-10-17,0,14.27,0,9.89,30.82,-1.04
1999-10-18,0,14.27,0,9.89,30.82,-1.04
1999-10-19,0,14.27,0,9.89,30.82,-1.04
1999-10-20,0,14.27,0,9.89,30.82,-1.04
1999-10-21,0,14.27,0,9.89,30.82,-1.04
1999-10-22,0,14.27,0,9.89,30.82,-1.04
1999-10-23,0,14.27,0,9.89,30.82,-1.04
1999-10-24,0,14.27,0,9.89,30.82,-1.04
1999-10-25,0,14.27,0,9.89,30.82,-1.04
1999-10-26,0,14.27,0,9.89,30.82,-1.04
1999-10-27,0,14.27,0,9.89,30.82,-1.04
1999-10-28,0,14.27,0,9.89,30.82,-1.04
1999-10-29,0,14.27,0,9.89,30.82,-1.04
1999-10-30,0,14.27,0,9.89,30.82,-1.04
1999-10-31,0,14.27,0,9.89,30.82,-1.04
1999-11-01,0,3.96,0,13.19,23.09,-1.04
1999-11-02,0,3.96,0,13.19,23.09,-1.04
1999-11-03,0,3.96,0,13.19,23.09,-1.56
1999-11-04,0,3.96,0,13.19,23.09,-1.56
1999-11-05,0,3.96,0,13.19,23.09,-1.56
1999-11-06,0,3.96,0,13.19,23.09,-1.56
1999-11-07,0,3.96,0,13.19,23.09,-1.56
1999-11-08,0,3.96,0,13.19,23.09,-1.56
1999-11-09,0,3.96,0,13.19,23.09,-1.56
1999-11-10,0,3.96,0,13.19,23.09,-1.56
1999-11-11,0,3.96,0,13.19,23.09,-1.56
1999-11-12,0,3.96,0,13.19,23.09,-1.56
1999-11-13,0,3.96,0,13.19,23.09,-1.56
1999-11-14,0,3.96,0,13.19,23.09,-1.56
1999-11-15,0,3.96,0,13.19,23.09,-1.56
1999-11-16,0,3.96,0,13.19,23.09,-1.56
1999-11-17,0,3.96,0,13.19,23.09,-1.56
1999-11-18,0,3.96,0,13.19,23.09,-1.56
1999-11-19,0,3.96,0,13.19,23.09,-1.56
1999-11-20,0,3.96,0,13.19,23.09,-1.56
1999-11-21,0,3.96,0,13.19,23.09,-1.56
1999-11-22,0,3.96,0,13.19,23.09,-1.56
1999-11-23,0,3.96,0,13.19,23.09,-1.56
1999-11-24,0,3.96,0,13.19,23.09,-1.56
1999-11-25,0,3.96,0,13.19,23.09,-1.56
1999-11-26,0,3.96,0,13.19,23.09,-1.56
1999-11-27,0,3.96,0,13.19,23.09,-1.56
1999-11-28,0,3.96,0,13.19,23.09,-1.56
1999-11-29,0,3.96,0,13.19,23.09,-1.56
1999-11-30,0,3.96,0,13.19,23.09,-1.56
1999-12-01,0,2.46,0,3.4,18.69,-1.56
1999-12-02,0,2.46,0,3.4,18.69,-1.56
1999-12-03,0,2.46,0,3.4,18.69,-1.56
1999-12-04,0,2.46,0,3.4,18.69,-2.18
1999-12-05,0,2.46,0,3.4,18.69,-2.18
1999-12-06,0,2.46,0,3.4,18.69,-2.18
1999-12-07,0,2.46,0,3.4,18.69,-2.18
1999-12-08,0,2.46,0,3.4,18.69,-2.18
1999-12-09,0,2.46,0,3.4,18.69,-2.18
1999-12-10,0,2.46,0,3.4,18.69,-2.18
1999-12-11,0,2.46,0,3.4,18.69,-2.18
1999-12-12,0,2.46,0,3.4,18.69,-2.18
1999-12-13,0,2.46,0,3.4,18.69,-2.18
1999-12-14,0,2.46,0,3.4,18.69,-2.18
1999-12-15,0,2.46,0,3.4,18.69,-2.18
1999-12-16,0,2.46,0,3.4,18.69,-2.18
1999-12-17,0,2.46,0,3.4,18.69,-2.18
1999-12-18,0,2.46,0,3.4,18.69,-2.18
1999-12-19,0,2.46,0,3.4,18.69,-2.18
1999-12-20,0,2.46,0,3.4,18.69,-2.18
1999-12-21,0,2.46,0,3.4,18.69,-2.18
1999-12-22,0,2.46,0,3.4,18.69,-2.18
1999-12-23,0,2.46,0,3.4,18.69,-2.18
1999-12-24,0,2.46,0,3.4,18.69,-2.18
1999-12-25,0,2.46,0,3.4,18.69,-2.18
1999-12-26,0,2.46,0,3.4,18.69,-2.18
1999-12-27,0,2.46,0,3.4,18.69,-2.18
1999-12-28,0,2.46,0,3.4,18.69,-2.18
1999-12-29,0,2.46,0,3.4,18.69,-2.18
1999-12-30,0,2.46,0,3.4,18.69,-2.18
1999-12-31,0,2.46,0,3.4,18.69,-2.18
2000-01-01,0,2.46,0,2.8,43.58,-2.18
2000-01-02,0,2.46,0,2.8,43.58,-2.18
2000-01-03,0,2.46,0,2.8,43.58,-2.15
2000-01-04,0,2.46,0,2.8,43.58,-2.15
2000-01-05,0,2.46,0,2.8,43.58,-2.15
2000-01-06,0,2.46,0,2.8,43.58,-2.15
2000-01-07,0,2.46,0,2.8,43.58,-2.15
2000-01-08,0,2.46,0,2.8,43.58,-2.15
2000-01-09,0,2.46,0,2.8,43.58,-2.15
2000-01-10,0,2.46,0,2.8,43.58,-2.15
2000-01-11,0,2.46,0,2.8,43.58,-2.15
2000-01-12,0,2.46,0,2.8,43.58,-2.15
2000-01-13,0,2.46,0,2.8,43.58,-2.15
2000-01-14,0,2.46,0,2.8,43.58,-2.15
2000-01-15,0,2.46,0,2.8,43.58,-2.15
2000-01-16,0,2.46,0,2.8,43.58,-2.15
2000-01-17,0,2.46,0,2.8,43.58,-2.15
2000-01-18,0,2.46,0,2.8,43.58,-2.15
2000-01-19,0,2.46,0,2.8,43.58,-2.15
2000-01-20,0,2.46,0,2.8,43.58,-2.15
2000-01-21,0,2.46,0,2.8,43.58,-2.15
2000-01-22,0,2.46,0,2.8,43.58,-2.15
2000-01-23,0,2.46,0,2.8,43.58,-2.15
2000-01-24,0,2.46,0,2.8,43.58,-2.15
2000-01-25,0,2.46,0,2.8,43.58,-2.15
2000-01-26,0,2.46,0,2.8,43.58,-2.15
2000-01-27,0,2.46,0,2.8,43.58,-2.15
2000-01-28,0,2.46,0,2.8,43.58,-2.15
2000-01-29,0,2.46,0,2.8,43.58,-2.15
2000-01-30,0,2.46,0,2.8,43.58,-2.15
2000-01-31,0,2.46,0,2.8,43.58,-2.15
2000-02-01,0,18.04,0,9.89,65.11,-2.15
2000-02-02,0,18.04,0,9.89,65.11,-2.15
2000-02-03,0,18.04,0,9.89,65.11,-1.49
2000-02-04,0,18.04,0,9.89,65.11,-1.49
2000-02-05,0,18.04,0,9.89,65.11,-1.49
2000-02-06,0,18.04,0,9.89,65.11,-1.49
2000-02-07,0,18.04,0,9.89,65.11,-1.49
2000-02-08,0,18.04,0,9.89,65.11,-1.49
2000-02-09,0,18.04,0,9.89,65.11,-1.49
2000-02-10,0,18.04,0,9.89,65.11,-1.49
2000-02-11,0,18.04,0,9.89,65.11,-1.49
2000-02-12,0,18.04,0,9.89,65.11,-1.49
2000-02-13,0,18.04,0,9.89,65.11,-1.49
2000-02-14,0,18.04,0,9.89,65.11,-1.49
2000-02-15,0,18.04,0,9.89,65.11,-1.49
2000-02-16,0,18.04,0,9.89,65.11,-1.49
2000-02-17,0,18.04,0,9.89,65.11,-1.49
2000-02-18,0,18.04,0,9.89,65.11,-1.49
2000-02-19,0,18.04,0,9.89,65.11,-1.49
2000-02-20,0,18.04,0,9.89,65.11,-1.49
2000-02-21,0,18.04,0,9.89,65.11,-1.49
2000-02-22,0,18.04,0,9.89,65.11,-1.49
2000-02-23,0,18.04,0,9.89,65.11,-1.49
2000-02-24,0,18.04,0,9.89,65.11,-1.49
2000-02-25,0,18.04,0,9.89,65.11,-1.49
2000-02-26,0,18.04,0,9.89,65.11,-1.49
2000-02-27,0,18.04,0,9.89,65.11,-1.49
2000-02-28,0,18.04,0,9.89,65.11,-1.49
2000-02-29,0,18.04,0,9.89,65.11,-1.49
2000-03-01,0,23.35,0.66,28.72,78.35,-1.49
2000-03-02,0,23.35,0.66,28.72,78.35,-1.49
2000-03-03,0,23.35,0.66,28.72,78.35,-1.49
2000-03-04,0,23.35,0.66,28.72,78.35,-1.49
2000-03-05,0,23.35,0.66,28.72,78.35,-0.93
2000-03-06,0,23.35,0.66,28.72,78.35,-0.93
2000-03-07,0,23.35,0.66,28.72,78.35,-0.93
2000-03-08,0,23.35,0.66,28.72,78.35,-0.93
2000-03-09,0,23.35,0.66,28.72,78.35,-0.93
2000-03-10,0,23.35,0.66,28.72,78.35,-0.93
2000-03-11,0,23.35,0.66,28.72,78.35,-0.93
2000-03-12,0,23.35,0.66,28.72,78.35,-0.93
2000-03-13,0,23.35,0.66,28.72,78.35,-0.93
2000-03-14,0,23.35,0.66,28.72,78.35,-0.93
2000-03-15,0,23.35,0.66,28.72,78.35,-0.93
2000-03-16,0,23.35,0.96,32.29,78.35,-0.93
2000-03-17,0,23.35,1.6,40.13,78.35,-0.93
2000-03-18,0,23.35,0.66,28.72,78.35,-0.93
2000-03-19,0,23.35,0.66,28.72,78.35,-0.93
2000-03-20,0,23.35,0.66,28.72,78.35,-0.93
2000-03-21,0,23.35,0.66,28.72,78.35,-0.93
2000-03-22,0,23.35,0.66,28.72,78.35,-0.93
2000-03-23,0,23.35,0.66,28.72,78.35,-0.93
2000-03-24,0,23.35,0.66,28.72,78.35,-0.93
2000-03-25,0,23.35,0.66,28.72,78.35,-0.93
2000-03-26,0,23.35,0.66,28.72,78.35,-0.93
2000-03-27,0,23.35,0.66,28.72,78.35,-0.93
2000-03-28,0,23.35,0.66,28.72,78.35,-0.93
2000-03-29,0,23.35,0.66,28.72,78.35,-0.93
2000-03-30,0,23.35,0.66,28.72,78.35,-0.93
2000-03-31,0,23.35,0.66,28.72,78.35,-0.93
2000-04-01,0,45.34,8.96,45.79,116.76,-0.93
2000-04-02,0,45.34,8.96,45.79,116.76,-0.93
2000-04-03,0,45.34,8.96,45.79,116.76,-0.93
2000-04-04,0,45.34,8.96,45.79,116.76,-0.58
2000-04-05,0,45.34,8.96,45.79,116.76,-0.58
2000-04-06,0,45.34,8.96,45.79,116.76,-0.58
2000-04-07,0,45.34,8.96,45.79,116.76,-0.58
2000-04-08,0,45.34,8.96,45.79,116.76,-0.58
2000-04-09,0,45.34,8.96,45.79,116.76,-0.58
2000-04-10,0,45.34,8.96,45.79,116.76,-0.58
2000-04-11,0,45.34,8.96,45.79,116.76,-0.58
2000-04-12,0,45.34,8.96,45.79,116.76,-0.58
2000-04-13,0,45.34,8.96,45.79,116.76,-0.58
2000-04-14,0,45.34,8.96,45.79,116.76,-0.58
2000-04-15,0,45.34,8.96,45.79,116.76,-0.58
2000-04-16,0,45.34,8.96,45.79,116.76,-0.58
2000-04-17,0,45.34,8.96,45.79,116.76,-0.58
2000-04-18,0,45.34,8.96,45.79,116.76,-0.58
2000-04-19,0,45.34,8.96,45.79,116.76,-0.58
2000-04-20,0,45.34,8.96,45.79,116.76,-0.58
2000-04-21,0,45.34,8.96,45.79,116.76,-0.58
2000-04-22,0,45.34,8.96,45.79,116.76,-0.58
2000-04-23,0,45.34,8.96,45.79,116.76,-0.58
2000-04-24,0,45.34,8.96,45.79,116.76,-0.58
2000-04-25,0,45.34,8.96,45.79,116.76,-0.58
2000-04-26,0,45.34,8.96,45.79,116.76,-0.58
2000-04-27,0,45.34,8.96,45.79,116.76,-0.58
2000-04-28,0,45.34,8.96,45.79,116.76,-0.58
2000-04-29,0,45.34,8.96,45.79,116.76,-0.58
2000-04-30,0,45.34,8.96,45.79,116.76,-0.58
2000-05-01,0,90.86,22.84,9.89,136.57,-0.58
2000-05-02,0,90.86,22.84,9.89,136.57,-0.58
2000-05-03,0,90.86,22.84,9.89,136.57,-0.58
2000-05-04,0,90.86,22.84,9.89,136.57,-0.58
2000-05-05,0,90.86,22.84,9.89,136.57,-0.27
2000-05-06,0,90.86,22.84,9.89,136.57,-0.27
2000-05-07,0,90.86,22.84,9.89,136.57,-0.27
2000-05-08,0,90.86,22.84,9.89,136.57,-0.27
2000-05-09,0,90.86,22.84,9.89,136.57,-0.27
2000-05-10,0,90.86,22.84,9.89,136.57,-0.27
2000-05-11,0,90.86,22.84,9.89,136.57,-0.27
2000-05-12,0,90.86,22.84,9.89,136.57,-0.27
2000-05-13,0,90.86,22.84,9.89,136.57,-0.27
2000-05-14,0,90.86,22.84,9.89,136.57,-0.27
2000-05-15,0,90.86,22.84,9.89,136.57,-0.27
2000-05-16,0,90.86,22.84,9.89,136.57,-0.27
2000-05-17,0,90.86,22.84,9.89,136.57,-0.27
2000-05-18,0,90.86,22.84,9.89,136.57,-0.27
2000-05-19,0,90.86,22.84,9.89,136.57,-0.27
2000-05-20,0,90.86,22.84,9.89,136.57,-0.27
2000-05-21,0,90.86,22.84,9.89,136.57,-0.27
2000-05-22,0,90.86,22.84,9.89,136.57,-0.27
2000-05-23,0,90.86,22.84,9.89,136.57,-0.27
2000-05-24,0,90.86,22.84,9.89,136.57,-0.27
2000-05-25,0,90.86,22.84,9.89,136.57,-0.27
2000-05-26,0,90.86,22.84,9.89,136.57,-0.27
2000-05-27,0,90.86,22.84,9.89,136.57,-0.27
2000-05-28,0,90.86,22.84,9.89,136.57,-0.27
2000-05-29,0,90.86,22.84,9.89,136.57,-0.27
2000-05-30,0,90.86,22.84,9.89,136.57,-0.27
2000-05-31,0,90.86,22.84,9.89,136.57,-0.27
2000-06-01,0,96.36,25.53,9.89,129.96,-0.27
2000-06-02,0,96.36,25.53,9.89,129.96,-0.27
2000-06-03,0,96.36,25.53,9.89,129.96,-0.27
2000-06-04,0,96.36,25.53,9.89,129.96,-0.17
2000-06-05,0,96.36,25.53,9.89,129.96,-0.17
2000-06-06,0,96.36,25.53,9.89,129.96,-0.17
2000-06-07,0,96.36,25.53,9.89,129.96,-0.17
2000-06-08,0,96.36,25.53,9.89,129.96,-0.17
2000-06-09,0,96.36,25.53,9.89,129.96,-0.17
2000-06-10,0,96.36,25.53,9.89,129.96,-0.17
2000-06-11,0,96.36,25.53,9.89,129.96,-0.17
2000-06-12,0,96.36,25.53,9.89,129.96,-0.17
2000-06-13,0,96.36,25.53,9.89,129.96,-0.17
2000-06-14,0,96.36,25.53,9.89,129.96,-0.17
2000-06-15,0,96.36,25.53,9.89,129.96,-0.17
2000-06-16,0,96.36,25.53,9.89,129.96,-0.17
2000-06-17,0,96.36,25.53,9.89,129.96,-0.17
2000-06-18,0,96.36,25.53,9.89,129.96,-0.17
2000-06-19,0,96.36,25.53,9.89,129.96,-0.17
2000-06-20,0,96.36,25.53,9.89,129.96,-0.17
2000-06-21,0,96.36,25.53,9.89,129.96,-0.17
2000-06-22,0,96.36,25.53,9.89,129.96,-0.17
2000-06-23,0,96.36,25.53,9.89,129.96,-0.17
2000-06-24,0,96.36,25.53,9.89,129.96,-0.17
2000-06-25,0,96.36,25.53,9.89,129.96,-0.17
2000-06-26,0,96.36,25.53,9.89,129.96,-0.17
2000-06-27,0,96.36,25.53,9.89,129.96,-0.17
2000-06-28,0,96.36,25.53,9.89,129.96,-0.17
2000-06-29,0,96.36,25.53,9.89,129.96,-0.17
2000-06-30,0,96.36,25.53,9.89,129.96,-0.17
2000-07-01,0,83.62,26.57,9.89,49.75,-0.17
2000-07-02,0,83.62,26.57,9.89,49.75,-0.17
2000-07-03,0,83.62,26.57,9.89,49.75,-0.17
2000-07-04,0,83.62,26.57,9.89,49.75,-0.17
2000-07-05,0,83.62,26.57,9.89,49.75,-0.21
2000-07-06,0,83.62,26.57,9.89,49.75,-0.21
2000-07-07,0,83.62,26.57,9.89,49.75,-0.21
2000-07-08,0,83.62,26.57,9.89,49.75,-0.21
2000-07-09,0,83.62,26.57,9.89,49.75,-0.21
2000-07-10,0,83.62,26.57,9.89,49.75,-0.21
2000-07-11,0,83.62,26.57,9.89,49.75,-0.21
2000-07-12,0,83.62,26.57,9.89,49.75,-0.21
2000-07-13,0,83.62,26.57,9.89,49.75,-0.21
2000-07-14,0,83.62,26.57,9.89,49.75,-0.21
2000-07-15,0,83.62,26.57,9.89,49.75,-0.21
2000-07-16,0,83.62,26.57,9.89,49.75,-0.21
2000-07-17,0,83.62,26.57,9.89,49.75,-0.21
2000-07-18,0,83.62,26.57,9.89,49.75,-0.21
2000-07-19,0,83.62,26.57,9.89,49.75,-0.21
2000-07-20,0,83.62,26.57,9.89,49.75,-0.21
2000-07-21,0,83.62,26.57,9.89,49.75,-0.21
2000-07-22,0,83.62,26.57,9.89,49.75,-0.21
2000-07-23,0,83.62,26.57,9.89,49.75,-0.21
2000-07-24,0,83.62,26.57,9.89,49.75,-0.21
2000-07-25,0,83.62,26.57,9.89,49.75,-0.21
2000-07-26,0,83.62,26.57,9.89,49.75,-0.21
2000-07-27,0,83.62,26.57,9.89,49.75,-0.21
2000-07-28,0,83.62,26.57,9.89,49.75,-0.21
2000-07-29,0,83.62,26.57,9.89,49.75,-0.21
2000-07-30,0,83.62,26.57,9.89,49.75,-0.21
2000-07-31,0,83.62,26.57,9.89,49.75,-0.21
2000-08-01,0,73.31,23.02,9.89,45.97,-0.21
2000-08-02,0,73.31,23.02,9.89,45.97,-0.21
2000-08-03,0,73.31,23.02,9.89,45.97,-0.21
2000-08-04,0,73.31,23.02,9.89,45.97,-0.21
2000-08-05,0,73.31,23.02,9.89,45.97,-0.31
2000-08-06,0,73.31,23.02,9.89,45.97,-0.31
2000-08-07,0,73.31,23.02,9.89,45.97,-0.31
2000-08-08,0,73.31,23.02,9.89,45.97,-0.31
2000-08-09,0,73.31,23.02,9.89,45.97,-0.31
2000-08-10,0,73.31,23.02,9.89,45.97,-0.31
2000-08-11,0,73.31,23.02,9.89,45.97,-0.31
2000-08-12,0,73.31,23.02,9.89,45.97,-0.31
2000-08-13,0,73.31,23.02,9.89,45.97,-0.31
2000-08-14,0,73.31,23.02,9.89,45.97,-0.31
2000-08-15,0,73.31,23.02,9.89,45.97,-0.31
2000-08-16,0,73.31,23.02,9.89,45.97,-0.31
2000-08-17,0,73.31,23.02,9.89,45.97,-0.31
2000-08-18,0,73.31,23.02,9.89,45.97,-0.31
2000-08-19,0,73.31,23.02,9.89,45.97,-0.31
2000-08-20,0,73.31,23.02,9.89,45.97,-0.31
2000-08-21,0,73.31,23.02,9.89,45.97,-0.31
2000-08-22,0,73.31,23.02,9.89,45.97,-0.31
2000-08-23,0,73.31,23.02,9.89,45.97,-0.31
2000-08-24,0,73.31,23.02,9.89,45.97,-0.31
2000-08-25,0,73.31,23.02,9.89,45.97,-0.31
2000-08-26,0,73.31,23.02,9.89,45.97,-0.31
2000-08-27,0,73.31,23.02,9.89,45.97,-0.31
2000-08-28,0,73.31,23.02,9.89,45.97,-0.31
2000-08-29,0,73.31,23.02,9.89,45.97,-0.31
2000-08-30,0,73.31,23.02,9.89,45.97,-0.31
2000-08-31,0,73.31,23.02,9.89,45.97,-0.31
2000-09-01,0,41.2,8.52,9.89,48.1,-0.31
2000-09-02,0,41.2,8.52,9.89,48.1,-0.52
2000-09-03,0,41.2,8.52,9.89,48.1,-0.52
2000-09-04,0,41.2,8.52,9.89,48.1,-0.52
2000-09-05,0,41.2,8.52,9.89,48.1,-0.52
2000-09-06,0,41.2,8.52,9.89,48.1,-0.52
2000-09-07,0,41.2,8.52,9.89,48.1,-0.52
2000-09-08,0,41.2,8.52,9.89,48.1,-0.52
2000-09-09,0,41.2,8.52,9.89,48.1,-0.52
2000-09-10,0,41.2,8.52,9.89,48.1,-0.52
2000-09-11,0,41.2,8.52,9.89,48.1,-0.52
2000-09-12,0,41.2,8.52,9.89,48.1,-0.52
2000-09-13,0,41.2,8.52,9.89,48.1,-0.52
2000-09-14,0,41.2,8.52,9.89,48.1,-0.52
2000-09-15,0,41.2,8.52,9.89,48.1,-0.52
2000-09-16,0,41.2,8.52,9.89,48.1,-0.52
2000-09-17,0,41.2,8.52,9.89,48.1,-0.52
2000-09-18,0,41.2,8.52,9.89,48.1,-0.52
2000-09-19,0,41.2,8.52,9.89,48.1,-0.52
2000-09-20,0,41.2,8.52,9.89,48.1,-0.52
2000-09-21,0,41.2,8.52,9.89,48.1,-0.52
2000-09-22,0,41.2,8.52,9.89,48.1,-0.52
2000-09-23,0,41.2,8.52,9.89,48.1,-0.52
2000-09-24,0,41.2,8.52,9.89,48.1,-0.52
2000-09-25,0,41.2,8.52,9.89,48.1,-0.52
2000-09-26,0,41.2,8.52,9.89,48.1,-0.52
2000-09-27,0,41.2,8.52,9.89,48.1,-0.52
2000-09-28,0,41.2,8.52,9.89,48.1,-0.52
2000-09-29,0,41.2,8.52,9.89,48.1,-0.52
2000-09-30,0,41.2,8.52,9.89,48.1,-0.52
2000-10-01,0,14.67,0.21,9.89,34.38,-0.52
2000-10-02,0,14.67,0.21,9.89,34.38,-0.52
2000-10-03,0,14.67,0.21,9.89,34.38,-0.69
2000-10-04,0,14.67,0.21,9.89,34.38,-0.69
2000-10-05,0,14.67,0.21,9.89,34.38,-0.69
2000-10-06,0,14.67,0.21,9.89,34.38,-0.69
2000-10-07,0,14.67,0.21,9.89,34.38,-0.69
2000-10-08,0,14.67,0.21,9.89,34.38,-0.69
2000-10-09,0,14.67,0.21,9.89,34.38,-0.69
2000-10-10,0,14.67,0.21,9.89,34.38,-0.69
2000-10-11,0,14.67,0.21,9.89,34.38,-0.69
2000-10-12,0,14.67,0.21,9.89,34.38,-0.69
2000-10-13,0,14.67,0.21,9.89,34.38,-0.69
2000-10-14,0,14.67,0.21,9.89,34.38,-0.69
2000-10-15,0,14.67,0.21,9.89,34.38,-0.69
2000-10-16,0,14.67,0.21,9.89,34.38,-0.69
2000-10-17,0,14.67,0.21,9.89,34.38,-0.69
2000-10-18,0,14.67,0.21,9.89,34.38,-0.69
2000-10-19,0,14.67,0.21,9.89,34.38,-0.69
2000-10-20,0,14.67,0.21,9.89,34.38,-0.69
2000-10-21,0,14.67,0.21,9.89,34.38,-0.69
2000-10-22,0,14.67,0.21,9.89,34.38,-0.69
2000-10-23,0,14.67,0.21,9.89,34.38,-0.69
2000-10-24,0,14.67,0.21,9.89,34.38,-0.69
2000-10-25,0,14.67,0.21,9.89,34.38,-0.69
2000-10-26,0,14.67,0.21,9.89,34.38,-0.69
2000-10-27,0,14.67,0.21,9.89,34.38,-0.69
2000-10-28,0,14.67,0.21,9.89,34.38,-0.69
2000-10-29,0,14.67,0.21,9.89,34.38,-0.69
2000-10-30,0,14.67,0.21,9.89,34.38,-0.69
2000-10-31,0,14.67,0.21,9.89,34.38,-0.69
2000-11-01,0,4.03,0.27,13.19,30.76,-0.69
2000-11-02,0,4.03,0.27,13.19,30.76,-1.6
2000-11-03,0,4.03,0.27,13.19,30.76,-1.6
2000-11-04,0,4.03,0.27,13.19,30.76,-1.6
2000-11-05,0,4.03,0.27,13.19,30.76,-1.6
2000-11-06,0,4.03,0.27,13.19,30.76,-1.6
2000-11-07,0,4.03,0.27,13.19,30.76,-1.6
2000-11-08,0,4.03,0.27,13.19,30.76,-1.6
2000-11-09,0,4.03,0.27,13.19,30.76,-1.6
2000-11-10,0,4.03,0.27,13.19,30.76,-1.6
2000-11-11,0,4.03,0.27,13.19,30.76,-1.6
2000-11-12,0,4.03,0.27,13.19,30.76,-1.6
2000-11-13,0,4.03,0.27,13.19,30.76,-1.6
2000-11-14,0,4.03,0.27,13.19,30.76,-1.6
2000-11-15,0,4.03,0.27,13.19,30.76,-1.6
2000-11-16,0,4.03,0.27,13.19,30.76,-1.6
2000-11-17,0,4.03,0.27,13.19,30.76,-1.6
2000-11-18,0,4.03,0.27,13.19,30.76,-1.6
2000-11-19,0,4.03,0.27,13.19,30.76,-1.6
2000-11-20,0,4.03,0.27,13.19,30.76,-1.6
2000-11-21,0,4.03,0.27,13.19,30.76,-1.6
2000-11-22,0,4.03,0.27,13.19,30.76,-1.6
2000-11-23,0,4.03,0.27,13.19,30.76,-1.6
2000-11-24,0,4.03,0.27,13.19,30.76,-1.6
2000-11-25,0,4.03,0.27,13.19,30.76,-1.6
2000-11-26,0,4.03,0.27,13.19,30.76,-1.6
2000-11-27,0,4.03,0.27,13.19,30.76,-1.6
2000-11-28,0,4.03,0.27,13.19,30.76,-1.6
2000-11-29,0,4.03,0.27,13.19,30.76,-1.6
2000-11-30,0,4.03,0.27,13.19,30.76,-1.6
2000-12-01,0,2.52,0.11,3.4,20.01,-1.6
2000-12-02,0,2.52,0.11,3.4,20.01,-1.6
2000-12-03,0,2.52,0.11,3.4,20.01,-2.1
2000-12-04,0,2.52,0.11,3.4,20.01,-2.1
2000-12-05,0,2.52,0.11,3.4,20.01,-2.1
2000-12-06,0,2.52,0.11,3.4,20.01,-2.1
2000-12-07,0,2.52,0.11,3.4,20.01,-2.1
2000-12-08,0,2.52,0.11,3.4,20.01,-2.1
2000-12-09,0,2.52,0.11,3.4,20.01,-2.1
2000-12-10,0,2.52,0.11,3.4,20.01,-2.1
2000-12-11,0,2.52,0.11,3.4,20.01,-2.1
2000-12-12,0,2.52,0.11,3.4,20.01,-2.1
2000-12-13,0,2.52,0.11,3.4,20.01,-2.1
2000-12-14,0,2.52,0.11,3.4,20.01,-2.1
2000-12-15,0,2.52,0.11,3.4,20.01,-2.1
2000-12-16,0,2.52,0.11,3.4,20.01,-2.1
2000-12-17,0,2.52,0.11,3.4,20.01,-2.1
2000-12-18,0,2.52,0.11,3.4,20.01,-2.1
2000-12-19,0,2.52,0.11,3.4,20.01,-2.1
2000-12-20,0,2.52,0.11,3.4,20.01,-2.1
2000-12-21,0,2.52,0.11,3.4,20.01,-2.1
2000-12-22,0,2.52,0.11,3.4,20.01,-2.1
2000-12-23,0,2.52,0.11,3.4,20.01,-2.1
2000-12-24,0,2.52,0.11,3.4,20.01,-2.1
2000-12-25,0,2.52,0.11,3.4,20.01,-2.1
2000-12-26,0,2.52,0.11,3.4,20.01,-2.1
2000-12-27,0,2.52,0.11,3.4,20.01,-2.1
2000-12-28,0,2.52,0.11,3.4,20.01,-2.1
2000-12-29,0,2.52,0.11,3.4,20.01,-2.1
2000-12-30,0,2.52,0.11,3.4,20.01,-2.1
2000-12-31,0,2.52,0.11,3.4,20.01,-2.1
2001-01-01,0,2.52,0.09,2.8,23.38,-2.1
2001-01-02,0,2.52,0.09,2.8,23.38,-1.87
2001-01-03,0,2.52,0.09,2.8,23.38,-1.87
2001-01-04,0,2.52,0.09,2.8,23.38,-1.87
2001-01-05,0,2.52,0.09,2.8,23.38,-1.87
2001-01-06,0,2.52,0.09,2.8,23.38,-1.87
2001-01-07,0,2.52,0.09,2.8,23.38,-1.87
2001-01-08,0,2.52,0.09,2.8,23.38,-1.87
2001-01-09,0,2.52,0.09,2.8,23.38,-1.87
2001-01-10,0,2.52,0.09,2.8,23.38,-1.87
2001-01-11,0,2.52,0.09,2.8,23.38,-1.87
2001-01-12,0,2.52,0.09,2.8,23.38,-1.87
2001-01-13,0,2.52,0.09,2.8,23.38,-1.87
2001-01-14,0,2.52,0.09,2.8,23.38,-1.87
2001-01-15,0,2.52,0.09,2.8,23.38,-1.87
2001-01-16,0,2.52,0.09,2.8,23.38,-1.87
2001-01-17,0,2.52,0.09,2.8,23.38,-1.87
2001-01-18,0,2.52,0.09,2.8,23.38,-1.87
2001-01-19,0,2.52,0.09,2.8,23.38,-1.87
2001-01-20,0,2.52,0.09,2.8,23.38,-1.87
2001-01-21,0,2.52,0.09,2.8,23.38,-1.87
2001-01-22,0,2.52,0.09,2.8,23.38,-1.87
2001-01-23,0,2.52,0.09,2.8,23.38,-1.87
2001-01-24,0,2.52,0.09,2.8,23.38,-1.87
2001-01-25,0,2.52,0.09,2.8,23.38,-1.87
2001-01-26,0,2.52,0.09,2.8,23.38,-1.87
2001-01-27,0,2.52,0.09,2.8,23.38,-1.87
2001-01-28,0,2.52,0.09,2.8,23.38,-1.87
2001-01-29,0,2.52,0.09,2.8,23.38,-1.87
2001-01-30,0,2.52,0.09,2.8,23.38,-1.87
2001-01-31,0,2.52,0.09,2.8,23.38,-1.87
2001-02-01,0,19.28,0.08,10.25,31.62,-1.87
2001-02-02,0,19.28,0.08,10.25,31.62,-1.24
2001-02-03,0,19.28,0.08,10.25,31.62,-1.24
2001-02-04,0,19.28,0.08,10.25,31.62,-1.24
2001-02-05,0,19.28,0.08,10.25,31.62,-1.24
2001-02-06,0,19.28,0.08,10.25,31.62,-1.24
2001-02-07,0,19.28,0.08,10.25,31.62,-1.24
2001-02-08,0,19.28,0.08,10.25,31.62,-1.24
2001-02-09,0,19.28,0.08,10.25,31.62,-1.24
2001-02-10,0,19.28,0.08,10.25,31.62,-1.24
2001-02-11,0,19.28,0.08,10.25,31.62,-1.24
2001-02-12,0,19.28,0.08,10.25,31.62,-1.24
2001-02-13,0,19.28,0.08,10.25,31.62,-1.24
2001-02-14,0,19.28,0.08,10.25,31.62,-1.24
2001-02-15,0,19.28,0.08,10.25,31.62,-1.24
2001-02-16,0,19.28,0.08,10.25,31.62,-1.24
2001-02-17,0,19.28,0.08,10.25,31.62,-1.24
2001-02-18,0,19.28,0.08,10.25,31.62,-1.24
2001-02-19,0,19.28,0.08,10.25,31.62,-1.24
2001-02-20,0,19.28,0.08,10.25,31.62,-1.24
2001-02-21,0,19.28,0.08,10.25,31.62,-1.24
2001-02-22,0,19.28,0.08,10.25,31.62,-1.24
2001-02-23,0,19.28,0.08,10.25,31.62,-1.24
2001-02-24,0,19.28,0.08,10.25,31.62,-1.24
2001-02-25,0,19.28,0.08,10.25,31.62,-1.24
2001-02-26,0,19.28,0.08,10.25,31.62,-1.24
2001-02-27,0,19.28,0.08,10.25,31.62,-1.24
2001-02-28,0,19.28,0.08,10.25,31.62,-1.24
2001-03-01,0,16.76,0,28.72,65.06,-1.24
2001-03-02,0,16.76,0,28.72,65.06,-1.24
2001-03-03,0,16.76,0,28.72,65.06,-1.24
2001-03-04,0,16.76,0,28.72,65.06,-1.24
2001-03-05,0,16.76,0,28.72,65.06,-0.82
2001-03-06,0,16.76,0,28.72,65.06,-0.82
2001-03-07,0,16.76,0,28.72,65.06,-0.82
2001-03-08,0,16.76,0,28.72,65.06,-0.82
2001-03-09,0,16.76,0,28.72,65.06,-0.82
2001-03-10,0,16.76,0,28.72,65.06,-0.82
2001-03-11,0,16.76,0,28.72,65.06,-0.82
2001-03-12,0,16.76,0,28.72,65.06,-0.82
2001-03-13,0,16.76,0,28.72,65.06,-0.82
2001-03-14,0,16.76,0,28.72,65.06,-0.82
2001-03-15,0,16.76,0,28.72,65.06,-0.82
2001-03-16,0,16.76,0,28.72,65.06,-0.82
2001-03-17,0,16.76,0,28.72,65.06,-0.82
2001-03-18,0,16.76,0,28.72,65.06,-0.82
2001-03-19,0,16.76,0,28.72,65.06,-0.82
2001-03-20,0,16.76,0,28.72,65.06,-0.82
2001-03-21,0,16.76,0,28.72,65.06,-0.82
2001-03-22,0,16.76,0,28.72,65.06,-0.82
2001-03-23,0,16.76,0,28.72,65.06,-0.82
2001-03-24,0,16.76,0,28.72,65.06,-0.82
2001-03-25,0,16.76,0,28.72,65.06,-0.82
2001-03-26,0,16.76,0,28.72,65.06,-0.82
2001-03-27,0,16.76,0,28.72,65.06,-0.82
2001-03-28,0,16.76,0,28.72,65.06,-0.82
2001-03-29,0,16.76,0,28.72,65.06,-0.82
2001-03-30,0,16.76,0,28.72,65.06,-0.82
2001-03-31,0,16.76,0,28.72,65.06,-0.82
2001-04-01,0,30.5,0,27.84,66.76,-0.82
2001-04-02,0,30.5,0,27.84,66.76,-0.82
2001-04-03,0,30.5,0,27.84,66.76,-0.82
2001-04-04,0,30.5,0,27.84,66.76,-0.53
2001-04-05,0,30.5,0,27.84,66.76,-0.53
2001-04-06,0,30.5,0,27.84,66.76,-0.53
2001-04-07,0,30.5,0,27.84,66.76,-0.53
2001-04-08,0,30.5,0,27.84,66.76,-0.53
2001-04-09,0,30.5,0,27.84,66.76,-0.53
2001-04-10,0,30.5,0,27.84,66.76,-0.53
2001-04-11,0,30.5,0,27.84,66.76,-0.53
2001-04-12,0,30.5,0,27.84,66.76,-0.53
2001-04-13,0,30.5,0,27.84,66.76,-0.53
2001-04-14,0,30.5,0,27.84,66.76,-0.53
2001-04-15,0,30.5,0,27.84,66.76,-0.53
2001-04-16,0,30.5,0,27.84,66.76,-0.53
2001-04-17,0,30.5,0,27.84,66.76,-0.53
2001-04-18,0,30.5,0,27.84,66.76,-0.53
2001-04-19,0,30.5,0,27.84,66.76,-0.53
2001-04-20,0,30.5,0,27.84,66.76,-0.53
2001-04-21,0,30.5,0,27.84,66.76,-0.53
2001-04-22,0,30.5,0,27.84,66.76,-0.53
2001-04-23,0,30.5,0,27.84,66.76,-0.53
2001-04-24,0,30.5,0,27.84,66.76,-0.53
2001-04-25,0,30.5,0,27.84,66.76,-0.53
2001-04-26,0,30.5,0,27.84,66.76,-0.53
2001-04-27,0,30.5,0,27.84,66.76,-0.53
2001-04-28,0,30.5,0,27.84,66.76,-0.53
2001-04-29,0,30.5,0,27.84,66.76,-0.53
2001-04-30,0,30.5,0,27.84,66.76,-0.53
2001-05-01,0,42.28,7.05,9.89,108.51,-0.53
2001-05-02,0,42.28,7.05,9.89,108.51,-0.53
2001-05-03,0,42.28,7.05,9.89,108.51,-0.53
2001-05-04,0,42.28,7.05,9.89,108.51,-0.53
2001-05-05,0,42.28,7.05,9.89,108.51,-0.26
2001-05-06,0,42.28,7.05,9.89,108.51,-0.26
2001-05-07,0,42.28,7.05,9.89,108.51,-0.26
2001-05-08,0,42.28,7.05,9.89,108.51,-0.26
2001-05-09,0,42.28,7.05,9.89,108.51,-0.26
2001-05-10,0,42.28,7.05,9.89,108.51,-0.26
2001-05-11,0,42.28,7.05,9.89,108.51,-0.26
2001-05-12,0,42.28,7.05,9.89,108.51,-0.26
2001-05-13,0,42.28,7.05,9.89,108.51,-0.26
2001-05-14,0,42.28,7.05,9.89,108.51,-0.26
2001-05-15,0,42.28,7.05,9.89,108.51,-0.26
2001-05-16,0,42.28,7.05,9.89,108.51,-0.26
2001-05-17,0,42.28,7.05,9.89,108.51,-0.26
2001-05-18,0,42.28,7.05,9.89,108.51,-0.26
2001-05-19,0,42.28,7.05,9.89,108.51,-0.26
2001-05-20,0,42.28,7.05,9.89,108.51,-0.26
2001-05-21,0,42.28,7.05,9.89,108.51,-0.26
2001-05-22,0,42.28,7.05,9.89,108.51,-0.26
2001-05-23,0,42.28,7.05,9.89,108.51,-0.26
2001-05-24,0,42.28,7.05,9.89,108.51,-0.26
2001-05-25,0,42.28,7.05,9.89,108.51,-0.26
2001-05-26,0,42.28,7.05,9.89,108.51,-0.26
2001-05-27,0,42.28,7.05,9.89,108.51,-0.26
2001-05-28,0,42.28,7.05,9.89,108.51,-0.26
2001-05-29,0,42.28,7.05,9.89,108.51,-0.26
2001-05-30,0,42.28,7.05,9.89,108.51,-0.26
2001-05-31,0,42.28,7.05,9.89,108.51,-0.26
2001-06-01,0,61.59,21.11,9.89,57.78,-0.26
2001-06-02,0,61.59,21.11,9.89,57.78,-0.26
2001-06-03,0,61.59,21.11,9.89,57.78,-0.26
2001-06-04,0,61.59,21.11,9.89,57.78,-0.15
2001-06-05,0,61.59,21.11,9.89,57.78,-0.15
2001-06-06,0,61.59,21.11,9.89,57.78,-0.15
2001-06-07,0,61.59,21.11,9.89,57.78,-0.15
2001-06-08,0,61.59,21.11,9.89,57.78,-0.15
2001-06-09,0,61.59,21.11,9.89,57.78,-0.15
2001-06-10,0,61.59,21.11,9.89,57.78,-0.15
2001-06-11,0,61.59,21.11,9.89,57.78,-0.15
2001-06-12,0,61.59,21.11,9.89,57.78,-0.15
2001-06-13,0,61.59,21.11,9.89,57.78,-0.15
2001-06-14,0,61.59,21.11,9.89,57.78,-0.15
2001-06-15,0,61.59,21.11,9.89,57.78,-0.15
2001-06-16,0,61.59,21.11,9.89,57.78,-0.15
2001-06-17,0,61.59,21.11,9.89,57.78,-0.15
2001-06-18,0,61.59,21.11,9.89,57.78,-0.15
2001-06-19,0,61.59,21.11,9.89,57.78,-0.15
2001-06-20,0,61.59,21.11,9.89,57.78,-0.15
2001-06-21,0,61.59,21.11,9.89,57.78,-0.15
2001-06-22,0,61.59,21.11,9.89,57.78,-0.15
2001-06-23,0,61.59,21.11,9.89,57.78,-0.15
2001-06-24,0,61.59,21.11,9.89,57.78,-0.15
2001-06-25,0,61.59,21.11,9.89,57.78,-0.15
2001-06-26,0,61.59,21.11,9.89,57.78,-0.15
2001-06-27,0,61.59,21.11,9.89,57.78,-0.15
2001-06-28,0,61.59,21.11,9.89,57.78,-0.15
2001-06-29,0,61.59,21.11,9.89,57.78,-0.15
2001-06-30,0,61.59,21.11,9.89,57.78,-0.15
2001-07-01,0,64.67,25.65,9.89,34.3,-0.15
2001-07-02,0,64.67,25.65,9.89,34.3,-0.15
2001-07-03,0,64.67,25.65,9.89,34.3,-0.15
2001-07-04,0,64.67,25.65,9.89,34.3,-0.15
2001-07-05,0,64.67,25.65,9.89,34.3,-0.19
2001-07-06,0,64.67,25.65,9.89,34.3,-0.19
2001-07-07,0,64.67,25.65,9.89,34.3,-0.19
2001-07-08,0,64.67,25.65,9.89,34.3,-0.19
2001-07-09,0,64.67,25.65,9.89,34.3,-0.19
2001-07-10,0,64.67,25.65,9.89,34.3,-0.19
2001-07-11,0,64.67,25.65,9.89,34.3,-0.19
2001-07-12,0,64.67,25.65,9.89,34.3,-0.19
2001-07-13,0,64.67,25.65,9.89,34.3,-0.19
2001-07-14,0,64.67,25.65,9.89,34.3,-0.19
2001-07-15,0,64.67,25.65,9.89,34.3,-0.19
2001-07-16,0,64.67,25.65,9.89,34.3,-0.19
2001-07-17,0,64.67,25.65,9.89,34.3,-0.19
2001-07-18,0,64.67,25.65,9.89,34.3,-0.19
2001-07-19,0,64.67,25.65,9.89,34.3,-0.19
2001-07-20,0,64.67,25.65,9.89,34.3,-0.19
2001-07-21,0,64.67,25.65,9.89,34.3,-0.19
2001-07-22,0,64.67,25.65,9.89,34.3,-0.19
2001-07-23,0,64.67,25.65,9.89,34.3,-0.19
2001-07-24,0,64.67,25.65,9.89,34.3,-0.19
2001-07-25,0,64.67,25.65,9.89,34.3,-0.19
2001-07-26,0,64.67,25.65,9.89,34.3,-0.19
2001-07-27,0,64.67,25.65,9.89,34.3,-0.19
2001-07-28,0,64.67,25.65,9.89,34.3,-0.19
2001-07-29,0,64.67,25.65,9.89,34.3,-0.19
2001-07-30,0,64.67,25.65,9.89,34.3,-0.19
2001-07-31,0,64.67,25.65,9.89,34.3,-0.19
2001-08-01,0,58.53,17.71,9.89,48.65,-0.19
2001-08-02,0,58.53,17.71,9.89,48.65,-0.19
2001-08-03,0,58.53,17.71,9.89,48.65,-0.19
2001-08-04,0,58.53,17.71,9.89,48.65,-0.19
2001-08-05,0,58.53,17.71,9.89,48.65,-0.35
2001-08-06,0,58.53,17.71,9.89,48.65,-0.35
2001-08-07,0,58.53,17.71,9.89,48.65,-0.35
2001-08-08,0,58.53,17.71,9.89,48.65,-0.35
2001-08-09,0,58.53,17.71,9.89,48.65,-0.35
2001-08-10,0,58.53,17.71,9.89,48.65,-0.35
2001-08-11,0,58.53,17.71,9.89,48.65,-0.35
2001-08-12,0,58.53,17.71,9.89,48.65,-0.35
2001-08-13,0,58.53,17.71,9.89,48.65,-0.35
2001-08-14,0,58.53,17.71,9.89,48.65,-0.35
2001-08-15,0,58.53,17.71,9.89,48.65,-0.35
2001-08-16,0,58.53,17.71,9.89,48.65,-0.35
2001-08-17,0,58.53,17.71,9.89,48.65,-0.35
2001-08-18,0,58.53,17.71,9.89,48.65,-0.35
2001-08-19,0,58.53,17.71,9.89,48.65,-0.35
2001-08-20,0,58.53,17.71,9.89,48.65,-0.35
2001-08-21,0,58.53,17.71,9.89,48.65,-0.35
2001-08-22,0,58.53,17.71,9.89,48.65,-0.35
2001-08-23,0,58.53,17.71,9.89,48.65,-0.35
2001-08-24,0,58.53,17.71,9.89,48.65,-0.35
2001-08-25,0,58.53,17.71,9.89,48.65,-0.35
2001-08-26,0,58.53,17.71,9.89,48.65,-0.35
2001-08-27,0,58.53,17.71,9.89,48.65,-0.35
2001-08-28,0,58.53,17.71,9.89,48.65,-0.35
2001-08-29,0,58.53,17.71,9.89,48.65,-0.35
2001-08-30,0,58.53,17.71,9.89,48.65,-0.35
2001-08-31,0,58.53,17.71,9.89,48.65,-0.35
2001-09-01,0,31.43,2.81,9.89,50.1,-0.35
2001-09-02,0,31.43,2.81,9.89,50.1,-0.51
2001-09-03,0,31.43,2.81,9.89,50.1,-0.51
2001-09-04,0,31.43,2.81,9.89,50.1,-0.51
2001-09-05,0,31.43,2.81,9.89,50.1,-0.51
2001-09-06,0,31.43,2.81,9.89,50.1,-0.51
2001-09-07,0,31.43,2.81,9.89,50.1,-0.51
2001-09-08,0,31.43,2.81,9.89,50.1,-0.51
2001-09-09,0,31.43,2.81,9.89,50.1,-0.51
2001-09-10,0,31.43,2.81,9.89,50.1,-0.51
2001-09-11,0,31.43,2.81,9.89,50.1,-0.51
2001-09-12,0,31.43,2.81,9.89,50.1,-0.51
2001-09-13,0,31.43,2.81,9.89,50.1,-0.51
2001-09-14,0,31.43,2.81,9.89,50.1,-0.51
2001-09-15,0,31.43,2.81,9.89,50.1,-0.51
2001-09-16,0,31.43,2.81,9.89,50.1,-0.51
2001-09-17,0,31.43,2.81,9.89,50.1,-0.51
2001-09-18,0,31.43,2.81,9.89,50.1,-0.51
2001-09-19,0,31.43,2.81,9.89,50.1,-0.51
2001-09-20,0,31.43,2.81,9.89,50.1,-0.51
2001-09-21,0,31.43,2.81,9.89,50.1,-0.51
2001-09-22,0,31.43,2.81,9.89,50.1,-0.51
2001-09-23,0,31.43,2.81,9.89,50.1,-0.51
2001-09-24,0,31.43,2.81,9.89,50.1,-0.51
2001-09-25,0,31.43,2.81,9.89,50.1,-0.51
2001-09-26,0,31.43,2.81,9.89,50.1,-0.51
2001-09-27,0,31.43,2.81,9.89,50.1,-0.51
2001-09-28,0,31.43,2.81,9.89,50.1,-0.51
2001-09-29,0,31.43,2.81,9.89,50.1,-0.51
2001-09-30,0,31.43,2.81,9.89,50.1,-0.51
2001-10-01,0,11.52,0,9.89,16.81,-0.51
2001-10-02,0,11.52,0,9.89,16.81,-0.51
2001-10-03,0,11.52,0,9.89,16.81,-0.87
2001-10-04,0,11.52,0,9.89,16.81,-0.87
2001-10-05,0,11.52,0,9.89,16.81,-0.87
2001-10-06,0,11.52,0,9.89,16.81,-0.87
2001-10-07,0,11.52,0,9.89,16.81,-0.87
2001-10-08,0,11.52,0,9.89,16.81,-0.87
2001-10-09,0,11.52,0,9.89,16.81,-0.87
2001-10-10,0,11.52,0,9.89,16.81,-0.87
2001-10-11,0,11.52,0,9.89,16.81,-0.87
2001-10-12,0,11.52,0,9.89,16.81,-0.87
2001-10-13,0,11.52,0,9.89,16.81,-0.87
2001-10-14,0,11.52,0,9.89,16.81,-0.87
2001-10-15,0,11.52,0,9.89,16.81,-0.87
2001-10-16,0,11.52,0,9.89,16.81,-0.87
2001-10-17,0,11.52,0,9.89,16.81,-0.87
2001-10-18,0,11.52,0,9.89,16.81,-0.87
2001-10-19,0,11.52,0,9.89,16.81,-0.87
2001-10-20,0,11.52,0,9.89,16.81,-0.87
2001-10-21,0,11.52,0,9.89,16.81,-0.87
2001-10-22,0,11.52,0,9.89,16.81,-0.87
2001-10-23,0,11.52,0,9.89,16.81,-0.87
2001-10-24,0,11.52,0,9.89,16.81,-0.87
2001-10-25,0,11.52,0,9.89,16.81,-0.87
2001-10-26,0,11.52,0,9.89,16.81,-0.87
2001-10-27,0,11.52,0,9.89,16.81,-0.87
2001-10-28,0,11.52,0,9.89,16.81,-0.87
2001-10-29,0,11.52,0,9.89,16.81,-0.87
2001-10-30,0,11.52,0,9.89,16.81,-0.87
2001-10-31,0,11.52,0,9.89,16.81,-0.87
2001-11-01,0,3.49,0,13.19,18.69,-0.87
2001-11-02,0,3.49,0,13.19,18.69,-1.58
2001-11-03,0,3.49,0,13.19,18.69,-1.58
2001-11-04,0,3.49,0,13.19,18.69,-1.58
2001-11-05,0,3.49,0,13.19,18.69,-1.58
2001-11-06,0,3.49,0,13.19,18.69,-1.58
2001-11-07,0,3.49,0,13.19,18.69,-1.58
2001-11-08,0,3.49,0,13.19,18.69,-1.58
2001-11-09,0,3.49,0,13.19,18.69,-1.58
2001-11-10,0,3.49,0,13.19,18.69,-1.58
2001-11-11,0,3.49,0,13.19,18.69,-1.58
2001-11-12,0,3.49,0,13.19,18.69,-1.58
2001-11-13,0,3.49,0,13.19,18.69,-1.58
2001-11-14,0,3.49,0,13.19,18.69,-1.58
2001-11-15,0,3.49,0,13.19,18.69,-1.58
2001-11-16,0,3.49,0,13.19,18.69,-1.58
2001-11-17,0,3.49,0,13.19,18.69,-1.58
2001-11-18,0,3.49,0,13.19,18.69,-1.58
2001-11-19,0,3.49,0,13.19,18.69,-1.58
2001-11-20,0,3.49,0,13.19,18.69,-1.58
2001-11-21,0,3.49,0,13.19,18.69,-1.58
2001-11-22,0,3.49,0,13.19,18.69,-1.58
2001-11-23,0,3.49,0,13.19,18.69,-1.58
2001-11-24,0,3.49,0,13.19,18.69,-1.58
2001-11-25,0,3.49,0,13.19,18.69,-1.58
2001-11-26,0,3.49,0,13.19,18.69,-1.58
2001-11-27,0,3.49,0,13.19,18.69,-1.58
2001-11-28,0,3.49,0,13.19,18.69,-1.58
2001-11-29,0,3.49,0,13.19,18.69,-1.58
2001-11-30,0,3.49,0,13.19,18.69,-1.58
2001-12-01,0,2,0,3.4,35.52,-1.58
2001-12-02,0,2,0,3.4,35.52,-1.58
2001-12-03,0,2,0,3.4,35.52,-2.04
2001-12-04,0,2,0,3.4,35.52,-2.04
2001-12-05,0,2,0,3.4,35.52,-2.04
2001-12-06,0,2,0,3.4,35.52,-2.04
2001-12-07,0,2,0,3.4,35.52,-2.04
2001-12-08,0,2,0,3.4,35.52,-2.04
2001-12-09,0,2,0,3.4,35.52,-2.04
2001-12-10,0,2,0,3.4,35.52,-2.04
2001-12-11,0,2,0,3.4,35.52,-2.04
2001-12-12,0,2,0,3.4,35.52,-2.04
2001-12-13,0,2,0,3.4,35.52,-2.04
2001-12-14,0,2,0,3.4,35.52,-2.04
2001-12-15,0,2,0,3.4,35.52,-2.04
2001-12-16,0,2,0,3.4,35.52,-2.04
2001-12-17,0,2,0,3.4,35.52,-2.04
2001-12-18,0,2,0,3.4,35.52,-2.04
2001-12-19,0,2,0,3.4,35.52,-2.04
2001-12-20,0,2,0,3.4,35.52,-2.04
2001-12-21,0,2,0,3.4,35.52,-2.04
2001-12-22,0,2,0,3.4,35.52,-2.04
2001-12-23,0,2,0,3.4,35.52,-2.04
2001-12-24,0,2,0,3.4,35.52,-2.04
2001-12-25,0,2,0,3.4,35.52,-2.04
2001-12-26,0,2,0,3.4,35.52,-2.04
2001-12-27,0,2,0,3.4,35.52,-2.04
2001-12-28,0,2,0,3.4,35.52,-2.04
2001-12-29,0,2,0,3.4,35.52,-2.04
2001-12-30,0,2,0,3.4,35.52,-2.04
2001-12-31,0,2,0,3.4,35.52,-2.04
2002-01-01,0,2,0,2.8,37.09,-2.04
2002-01-02,0,2,0,2.8,37.09,-1.92
2002-01-03,0,2,0,2.8,37.09,-1.92
2002-01-04,0,2,0,2.8,37.09,-1.92
2002-01-05,0,2,0,2.8,37.09,-1.92
2002-01-06,0,2,0,2.8,37.09,-1.92
2002-01-07,0,2,0,2.8,37.09,-1.92
2002-01-08,0,2,0,2.8,37.09,-1.92
2002-01-09,0,2,0,2.8,37.09,-1.92
2002-01-10,0,2,0,2.8,37.09,-1.92
2002-01-11,0,2,0,2.8,37.09,-1.92
2002-01-12,0,2,0,2.8,37.09,-1.92
2002-01-13,0,2,0,2.8,37.09,-1.92
2002-01-14,0,2,0,2.8,37.09,-1.92
2002-01-15,0,2,0,2.8,37.09,-1.92
2002-01-16,0,2,0,2.8,37.09,-1.92
2002-01-17,0,2,0,2.8,37.09,-1.92
2002-01-18,0,2,0,2.8,37.09,-1.92
2002-01-19,0,2,0,2.8,37.09,-1.92
2002-01-20,0,2,0,2.8,37.09,-1.92
2002-01-21,0,2,0,2.8,37.09,-1.92
2002-01-22,0,2,0,2.8,37.09,-1.92
2002-01-23,0,2,0,2.8,37.09,-1.92
2002-01-24,0,2,0,2.8,37.09,-1.92
2002-01-25,0,2,0,2.8,37.09,-1.92
2002-01-26,0,2,0,2.8,37.09,-1.92
2002-01-27,0,2,0,2.8,37.09,-1.92
2002-01-28,0,2,0,2.8,37.09,-1.92
2002-01-29,0,2,0,2.8,37.09,-1.92
2002-01-30,0,2,0,2.8,37.09,-1.92
2002-01-31,0,2,0,2.8,37.09,-1.92
2002-02-01,0,11.22,0,10.25,35.05,-1.92
2002-02-02,0,11.22,0,10.25,35.05,-1.28
2002-02-03,0,11.22,0,10.25,35.05,-1.28
2002-02-04,0,11.22,0,10.25,35.05,-1.28
2002-02-05,0,11.22,0,10.25,35.05,-1.28
2002-02-06,0,11.22,0,10.25,35.05,-1.28
2002-02-07,0,11.22,0,10.25,35.05,-1.28
2002-02-08,0,11.22,0,10.25,35.05,-1.28
2002-02-09,0,11.22,0,10.25,35.05,-1.28
2002-02-10,0,11.22,0,10.25,35.05,-1.28
2002-02-11,0,11.22,0,10.25,35.05,-1.28
2002-02-12,0,11.22,0,10.25,35.05,-1.28
2002-02-13,0,11.22,0,10.25,35.05,-1.28
2002-02-14,0,11.22,0,10.25,35.05,-1.28
2002-02-15,0,11.22,0,10.25,35.05,-1.28
2002-02-16,0,11.22,0,10.25,35.05,-1.28
2002-02-17,0,11.22,0,10.25,35.05,-1.28
2002-02-18,0,11.22,0,10.25,35.05,-1.28
2002-02-19,0,11.22,0,10.25,35.05,-1.28
2002-02-20,0,11.22,0,10.25,35.05,-1.28
2002-02-21,0,11.22,0,10.25,35.05,-1.28
2002-02-22,0,11.22,0,10.25,35.05,-1.28
2002-02-23,0,11.22,0,10.25,35.05,-1.28
2002-02-24,0,11.22,0,10.25,35.05,-1.28
2002-02-25,0,11.22,0,10.25,35.05,-1.28
2002-02-26,0,11.22,0,10.25,35.05,-1.28
2002-02-27,0,11.22,0,10.25,35.05,-1.28
2002-02-28,0,11.22,0,10.25,35.05,-1.28
2002-03-01,0,15.66,0,28.72,36.84,-1.28
2002-03-02,0,15.66,0,28.72,36.84,-1.28
2002-03-03,0,15.66,0,28.72,36.84,-1.28
2002-03-04,0,15.66,0,28.72,36.84,-1.28
2002-03-05,0,15.66,0,28.72,36.84,-0.85
2002-03-06,0,15.66,0,28.72,36.84,-0.85
2002-03-07,0,15.66,0,28.72,36.84,-0.85
2002-03-08,0,15.66,0,28.72,36.84,-0.85
2002-03-09,0,15.66,0,28.72,36.84,-0.85
2002-03-10,0,15.66,0,28.72,36.84,-0.85
2002-03-11,0,15.66,0,28.72,36.84,-0.85
2002-03-12,0,15.66,0,28.72,36.84,-0.85
2002-03-13,0,15.66,0,28.72,36.84,-0.85
2002-03-14,0,15.66,0,28.72,36.84,-0.85
2002-03-15,0,15.66,0,28.72,36.84,-0.85
2002-03-16,0,15.66,0,28.72,36.84,-0.85
2002-03-17,0,15.66,0,28.72,36.84,-0.85
2002-03-18,0,15.66,0,28.72,36.84,-0.85
2002-03-19,0,15.66,0,28.72,36.84,-0.85
2002-03-20,0,15.66,0,28.72,36.84,-0.85
2002-03-21,0,15.66,0,28.72,36.84,-0.85
2002-03-22,0,15.66,0,28.72,36.84,-0.85
2002-03-23,0,15.66,0,28.72,36.84,-0.85
2002-03-24,0,15.66,0,28.72,36.84,-0.85
2002-03-25,0,15.66,0,28.72,36.84,-0.85
2002-03-26,0,15.66,0,28.72,36.84,-0.85
2002-03-27,0,15.66,0,28.72,36.84,-0.85
2002-03-28,0,15.66,0,28.72,36.84,-0.85
2002-03-29,0,15.66,0,28.72,36.84,-0.85
2002-03-30,0,15.66,0,28.72,36.84,-0.85
2002-03-31,0,15.66,0,28.72,36.84,-0.85
2002-04-01,0,28.45,0,27.84,97.13,-0.85
2002-04-02,0,28.45,0,27.84,97.13,-0.85
2002-04-03,0,28.45,0,27.84,97.13,-0.85
2002-04-04,0,28.45,0,27.84,97.13,-0.52
2002-04-05,0,28.45,0,27.84,97.13,-0.52
2002-04-06,0,28.45,0,27.84,97.13,-0.52
2002-04-07,0,28.45,0,27.84,97.13,-0.52
2002-04-08,0,28.45,0,27.84,97.13,-0.52
2002-04-09,0,28.45,0,27.84,97.13,-0.52
2002-04-10,0,28.45,0,27.84,97.13,-0.52
2002-04-11,0,28.45,0,27.84,97.13,-0.52
2002-04-12,0,28.45,0,27.84,97.13,-0.52
2002-04-13,0,28.45,0,27.84,97.13,-0.52
2002-04-14,0,28.45,0,27.84,97.13,-0.52
2002-04-15,0,28.45,0,27.84,97.13,-0.52
2002-04-16,0,28.45,0,27.84,97.13,-0.52
2002-04-17,0,28.45,0,27.84,97.13,-0.52
2002-04-18,0,28.45,0,27.84,97.13,-0.52
2002-04-19,0,28.45,0,27.84,97.13,-0.52
2002-04-20,0,28.45,0,27.84,97.13,-0.52
2002-04-21,0,28.45,0,27.84,97.13,-0.52
2002-04-22,0,28.45,0,27.84,97.13,-0.52
2002-04-23,0,28.45,0,27.84,97.13,-0.52
2002-04-24,0,28.45,0,27.84,97.13,-0.52
2002-04-25,0,28.45,0,27.84,97.13,-0.52
2002-04-26,0,28.45,0,27.84,97.13,-0.52
2002-04-27,0,28.45,0,27.84,97.13,-0.52
2002-04-28,0,28.45,0,27.84,97.13,-0.52
2002-04-29,0,28.45,0,27.84,97.13,-0.52
2002-04-30,0,28.45,0,27.84,97.13,-0.52
2002-05-01,0,39.4,6.56,9.89,77.89,-0.52
2002-05-02,0,39.4,6.56,9.89,77.89,-0.52
2002-05-03,0,39.4,6.56,9.89,77.89,-0.52
2002-05-04,0,39.4,6.56,9.89,77.89,-0.52
2002-05-05,0,39.4,6.56,9.89,77.89,-0.28
2002-05-06,0,39.4,6.56,9.89,77.89,-0.28
2002-05-07,0,39.4,6.56,9.89,77.89,-0.28
2002-05-08,0,39.4,6.56,9.89,77.89,-0.28
2002-05-09,0,39.4,6.56,9.89,77.89,-0.28
2002-05-10,0,39.4,6.56,9.89,77.89,-0.28
2002-05-11,0,39.4,6.56,9.89,77.89,-0.28
2002-05-12,0,39.4,6.56,9.89,77.89,-0.28
2002-05-13,0,39.4,6.56,9.89,77.89,-0.28
2002-05-14,0,39.4,6.56,9.89,77.89,-0.28
2002-05-15,0,39.4,6.56,9.89,77.89,-0.28
2002-05-16,0,39.4,6.56,9.89,77.89,-0.28
2002-05-17,0,39.4,6.56,9.89,77.89,-0.28
2002-05-18,0,39.4,6.56,9.89,77.89,-0.28
2002-05-19,0,39.4,6.56,9.89,77.89,-0.28
2002-05-20,0,39.4,6.56,9.89,77.89,-0.28
2002-05-21,0,39.4,6.56,9.89,77.89,-0.28
2002-05-22,0,39.4,6.56,9.89,77.89,-0.28
2002-05-23,0,39.4,6.56,9.89,77.89,-0.28
2002-05-24,0,39.4,6.56,9.89,77.89,-0.28
2002-05-25,0,39.4,6.56,9.89,77.89,-0.28
2002-05-26,0,39.4,6.56,9.89,77.89,-0.28
2002-05-27,0,39.4,6.56,9.89,77.89,-0.28
2002-05-28,0,39.4,6.56,9.89,77.89,-0.28
2002-05-29,0,39.4,6.56,9.89,77.89,-0.28
2002-05-30,0,39.4,6.56,9.89,77.89,-0.28
2002-05-31,0,39.4,6.56,9.89,77.89,-0.28
2002-06-01,0,57.35,19.53,9.89,70.13,-0.28
2002-06-02,0,57.35,19.53,9.89,70.13,-0.28
2002-06-03,0,57.35,19.53,9.89,70.13,-0.28
2002-06-04,0,57.35,19.53,9.89,70.13,-0.18
2002-06-05,0,57.35,19.53,9.89,70.13,-0.18
2002-06-06,0,57.35,19.53,9.89,70.13,-0.18
2002-06-07,0,57.35,19.53,9.89,70.13,-0.18
2002-06-08,0,57.35,19.53,9.89,70.13,-0.18
2002-06-09,0,57.35,19.53,9.89,70.13,-0.18
2002-06-10,0,57.35,19.53,9.89,70.13,-0.18
2002-06-11,0,57.35,19.53,9.89,70.13,-0.18
2002-06-12,0,57.35,19.53,9.89,70.13,-0.18
2002-06-13,0,57.35,19.53,9.89,70.13,-0.18
2002-06-14,0,57.35,19.53,9.89,70.13,-0.18
2002-06-15,0,57.35,19.53,9.89,70.13,-0.18
2002-06-16,0,57.35,19.53,9.89,70.13,-0.18
2002-06-17,0,57.35,19.53,9.89,70.13,-0.18
2002-06-18,0,57.35,19.53,9.89,70.13,-0.18
2002-06-19,0,57.35,19.53,9.89,70.13,-0.18
2002-06-20,0,57.35,19.53,9.89,70.13,-0.18
2002-06-21,0,57.35,19.53,9.89,70.13,-0.18
2002-06-22,0,57.35,19.53,9.89,70.13,-0.18
2002-06-23,0,57.35,19.53,9.89,70.13,-0.18
2002-06-24,0,57.35,19.53,9.89,70.13,-0.18
2002-06-25,0,57.35,19.53,9.89,70.13,-0.18
2002-06-26,0,57.35,19.53,9.89,70.13,-0.18
2002-06-27,0,57.35,19.53,9.89,70.13,-0.18
2002-06-28,0,57.35,19.53,9.89,70.13,-0.18
2002-06-29,0,57.35,19.53,9.89,70.13,-0.18
2002-06-30,0,57.35,19.53,9.89,70.13,-0.18
2002-07-01,0,60.24,23.74,9.89,37.22,-0.18
2002-07-02,0,60.24,23.74,9.89,37.22,-0.18
2002-07-03,0,60.24,23.74,9.89,37.22,-0.18
2002-07-04,0,60.24,23.74,9.89,37.22,-0.18
2002-07-05,0,60.24,23.74,9.89,37.22,-0.2
2002-07-06,0,60.24,23.74,9.89,37.22,-0.2
2002-07-07,0,60.24,23.74,9.89,37.22,-0.2
2002-07-08,0,60.24,23.74,9.89,37.22,-0.2
2002-07-09,0,60.24,23.74,9.89,37.22,-0.2
2002-07-10,0,60.24,23.74,9.89,37.22,-0.2
2002-07-11,0,60.24,23.74,9.89,37.22,-0.2
2002-07-12,0,60.24,23.74,9.89,37.22,-0.2
2002-07-13,0,60.24,23.74,9.89,37.22,-0.2
2002-07-14,0,60.24,23.74,9.89,37.22,-0.2
2002-07-15,0,60.24,23.74,9.89,37.22,-0.2
2002-07-16,0,60.24,23.74,9.89,37.22,-0.2
2002-07-17,0,60.24,23.74,9.89,37.22,-0.2
2002-07-18,0,60.24,23.74,9.89,37.22,-0.2
2002-07-19,0,60.24,23.74,9.89,37.22,-0.2
2002-07-20,0,60.24,23.74,9.89,37.22,-0.2
2002-07-21,0,60.24,23.74,9.89,37.22,-0.2
2002-07-22,0,60.24,23.74,9.89,37.22,-0.2
2002-07-23,0,60.24,23.74,9.89,37.22,-0.2
2002-07-24,0,60.24,23.74,9.89,37.22,-0.2
2002-07-25,0,60.24,23.74,9.89,37.22,-0.2
2002-07-26,0,60.24,23.74,9.89,37.22,-0.2
2002-07-27,0,60.24,23.74,9.89,37.22,-0.2
2002-07-28,0,60.24,23.74,9.89,37.22,-0.2
2002-07-29,0,60.24,23.74,9.89,37.22,-0.2
2002-07-30,0,60.24,23.74,9.89,37.22,-0.2
2002-07-31,0,60.24,23.74,9.89,37.22,-0.2
2002-08-01,0,54.54,16.4,9.89,35.23,-0.2
2002-08-02,0,54.54,16.4,9.89,35.23,-0.2
2002-08-03,0,54.54,16.4,9.89,35.23,-0.2
2002-08-04,0,54.54,16.4,9.89,35.23,-0.2
2002-08-05,0,54.54,16.4,9.89,35.23,-0.37
2002-08-06,0,54.54,16.4,9.89,35.23,-0.37
2002-08-07,0,54.54,16.4,9.89,35.23,-0.37
2002-08-08,0,54.54,16.4,9.89,35.23,-0.37
2002-08-09,0,54.54,16.4,9.89,35.23,-0.37
2002-08-10,0,54.54,16.4,9.89,35.23,-0.37
2002-08-11,0,54.54,16.4,9.89,35.23,-0.37
2002-08-12,0,54.54,16.4,9.89,35.23,-0.37
2002-08-13,0,54.54,16.4,9.89,35.23,-0.37
2002-08-14,0,54.54,16.4,9.89,35.23,-0.37
2002-08-15,0,54.54,16.4,9.89,35.23,-0.37
2002-08-16,0,54.54,16.4,9.89,35.23,-0.37
2002-08-17,0,54.54,16.4,9.89,35.23,-0.37
2002-08-18,0,54.54,16.4,9.89,35.23,-0.37
2002-08-19,0,54.54,16.4,9.89,35.23,-0.37
2002-08-20,0,54.54,16.4,9.89,35.23,-0.37
2002-08-21,0,54.54,16.4,9.89,35.23,-0.37
2002-08-22,0,54.54,16.4,9.89,35.23,-0.37
2002-08-23,0,54.54,16.4,9.89,35.23,-0.37
2002-08-24,0,54.54,16.4,9.89,35.23,-0.37
2002-08-25,0,54.54,16.4,9.89,35.23,-0.37
2002-08-26,0,54.54,16.4,9.89,35.23,-0.37
2002-08-27,0,54.54,16.4,9.89,35.23,-0.37
2002-08-28,0,54.54,16.4,9.89,35.23,-0.37
2002-08-29,0,54.54,16.4,9.89,35.23,-0.37
2002-08-30,0,54.54,16.4,9.89,35.23,-0.37
2002-08-31,0,54.54,16.4,9.89,35.23,-0.37
2002-09-01,0,29.37,2.59,9.89,42.83,-0.37
2002-09-02,0,29.37,2.59,9.89,42.83,-0.54
2002-09-03,0,29.37,2.59,9.89,42.83,-0.54
2002-09-04,0,29.37,2.59,9.89,42.83,-0.54
2002-09-05,0,29.37,2.59,9.89,42.83,-0.54
2002-09-06,0,29.37,2.59,9.89,42.83,-0.54
2002-09-07,0,29.37,2.59,9.89,42.83,-0.54
2002-09-08,0,29.37,2.59,9.89,42.83,-0.54
2002-09-09,0,29.37,2.59,9.89,42.83,-0.54
2002-09-10,0,29.37,2.59,9.89,42.83,-0.54
2002-09-11,0,29.37,2.59,9.89,42.83,-0.54
2002-09-12,0,29.37,2.59,9.89,42.83,-0.54
2002-09-13,0,29.37,2.59,9.89,42.83,-0.54
2002-09-14,0,29.37,2.59,9.89,42.83,-0.54
2002-09-15,0,29.37,2.59,9.89,42.83,-0.54
2002-09-16,0,29.37,2.59,9.89,42.83,-0.54
2002-09-17,0,29.37,2.59,9.89,42.83,-0.54
2002-09-18,0,29.37,2.59,9.89,42.83,-0.54
2002-09-19,0,29.37,2.59,9.89,42.83,-0.54
2002-09-20,0,29.37,2.59,9.89,42.83,-0.54
2002-09-21,0,29.37,2.59,9.89,42.83,-0.54
2002-09-22,0,29.37,2.59,9.89,42.83,-0.54
2002-09-23,0,29.37,2.59,9.89,42.83,-0.54
2002-09-24,0,29.37,2.59,9.89,42.83,-0.54
2002-09-25,0,29.37,2.59,9.89,42.83,-0.54
2002-09-26,0,29.37,2.59,9.89,42.83,-0.54
2002-09-27,0,29.37,2.59,9.89,42.83,-0.54
2002-09-28,0,29.37,2.59,9.89,42.83,-0.54
2002-09-29,0,29.37,2.59,9.89,42.83,-0.54
2002-09-30,0,29.37,2.59,9.89,42.83,-0.54
2002-10-01,0,10.85,0,9.89,17.49,-0.54
2002-10-02,0,10.85,0,9.89,17.49,-0.54
2002-10-03,0,10.85,0,9.89,17.49,-0.83
2002-10-04,0,10.85,0,9.89,17.49,-0.83
2002-10-05,0,10.85,0,9.89,17.49,-0.83
2002-10-06,0,10.85,0,9.89,17.49,-0.83
2002-10-07,0,10.85,0,9.89,17.49,-0.83
2002-10-08,0,10.85,0,9.89,17.49,-0.83
2002-10-09,0,10.85,0,9.89,17.49,-0.83
2002-10-10,0,10.85,0,9.89,17.49,-0.83
2002-10-11,0,10.85,0,9.89,17.49,-0.83
2002-10-12,0,10.85,0,9.89,17.49,-0.83
2002-10-13,0,10.85,0,9.89,17.49,-0.83
2002-10-14,0,10.85,0,9.89,17.49,-0.83
2002-10-15,0,10.85,0,9.89,17.49,-0.83
2002-10-16,0,10.85,0,9.89,17.49,-0.83
2002-10-17,0,10.85,0,9.89,17.49,-0.83
2002-10-18,0,10.85,0,9.89,17.49,-0.83
2002-10-19,0,10.85,0,9.89,17.49,-0.83
2002-10-20,0,10.85,0,9.89,17.49,-0.83
2002-10-21,0,10.85,0,9.89,17.49,-0.83
2002-10-22,0,10.85,0,9.89,17.49,-0.83
2002-10-23,0,10.85,0,9.89,17.49,-0.83
2002-10-24,0,10.85,0,9.89,17.49,-0.83
2002-10-25,0,10.85,0,9.89,17.49,-0.83
2002-10-26,0,10.85,0,9.89,17.49,-0.83
2002-10-27,0,10.85,0,9.89,17.49,-0.83
2002-10-28,0,10.85,0,9.89,17.49,-0.83
2002-10-29,0,10.85,0,9.89,17.49,-0.83
2002-10-30,0,10.85,0,9.89,17.49,-0.83
2002-10-31,0,10.85,0,9.89,17.49,-0.83
2002-11-01,0,3.38,0,13.19,38.59,-0.83
2002-11-02,0,3.38,0,13.19,38.59,-1.39
2002-11-03,0,3.38,0,13.19,38.59,-1.39
2002-11-04,0,3.38,0,13.19,38.59,-1.39
2002-11-05,0,3.38,0,13.19,38.59,-1.39
2002-11-06,0,3.38,0,13.19,38.59,-1.39
2002-11-07,0,3.38,0,13.19,38.59,-1.39
2002-11-08,0,3.38,0,13.19,38.59,-1.39
2002-11-09,0,3.38,0,13.19,38.59,-1.39
2002-11-10,0,3.38,0,13.19,38.59,-1.39
2002-11-11,0,3.38,0,13.19,38.59,-1.39
2002-11-12,0,3.38,0,13.19,38.59,-1.39
2002-11-13,0,3.38,0,13.19,38.59,-1.39
2002-11-14,0,3.38,0,13.19,38.59,-1.39
2002-11-15,0,3.38,0,13.19,38.59,-1.39
2002-11-16,0,3.38,0,13.19,38.59,-1.39
2002-11-17,0,3.38,0,13.19,38.59,-1.39
2002-11-18,0,3.38,0,13.19,38.59,-1.39
2002-11-19,0,3.38,0,13.19,38.59,-1.39
2002-11-20,0,3.38,0,13.19,38.59,-1.39
2002-11-21,0,3.38,0,13.19,38.59,-1.39
2002-11-22,0,3.38,0,13.19,38.59,-1.39
2002-11-23,0,3.38,0,13.19,38.59,-1.39
2002-11-24,0,3.38,0,13.19,38.59,-1.39
2002-11-25,0,3.38,0,13.19,38.59,-1.39
2002-11-26,0,3.38,0,13.19,38.59,-1.39
2002-11-27,0,3.38,0,13.19,38.59,-1.39
2002-11-28,0,3.38,0,13.19,38.59,-1.39
2002-11-29,0,3.38,0,13.19,38.59,-1.39
2002-11-30,0,3.38,0,13.19,38.59,-1.39
2002-12-01,0,1.89,0,3.4,29.61,-1.39
2002-12-02,0,1.89,0,3.4,29.61,-1.39
2002-12-03,0,1.89,0,3.4,29.61,-1.96
2002-12-04,0,1.89,0,3.4,29.61,-1.96
2002-12-05,0,1.89,0,3.4,29.61,-1.96
2002-12-06,0,1.89,0,3.4,29.61,-1.96
2002-12-07,0,1.89,0,3.4,29.61,-1.96
2002-12-08,0,1.89,0,3.4,29.61,-1.96
2002-12-09,0,1.89,0,3.4,29.61,-1.96
2002-12-10,0,1.89,0,3.4,29.61,-1.96
2002-12-11,0,1.89,0,3.4,29.61,-1.96
2002-12-12,0,1.89,0,3.4,29.61,-1.96
2002-12-13,0,1.89,0,3.4,29.61,-1.96
2002-12-14,0,1.89,0,3.4,29.61,-1.96
2002-12-15,0,1.89,0,3.4,29.61,-1.96
2002-12-16,0,1.89,0,3.4,29.61,-1.96
2002-12-17,0,1.89,0,3.4,29.61,-1.96
2002-12-18,0,1.89,0,3.4,29.61,-1.96
2002-12-19,0,1.89,0,3.4,29.61,-1.96
2002-12-20,0,1.89,0,3.4,29.61,-1.96
2002-12-21,0,1.89,0,3.4,29.61,-1.96
2002-12-22,0,1.89,0,3.4,29.61,-1.96
2002-12-23,0,1.89,0,3.4,29.61,-1.96
2002-12-24,0,1.89,0,3.4,29.61,-1.96
2002-12-25,0,1.89,0,3.4,29.61,-1.96
2002-12-26,0,1.89,0,3.4,29.61,-1.96
2002-12-27,0,1.89,0,3.4,29.61,-1.96
2002-12-28,0,1.89,0,3.4,29.61,-1.96
2002-12-29,0,1.89,0,3.4,29.61,-1.96
2002-12-30,0,1.89,0,3.4,29.61,-1.96
2002-12-31,0,1.89,0,3.4,29.61,-1.96
